SET autocommit=0; SET unique_checks=0; SET foreign_key_checks=0;
-- MySQL dump 10.13  Distrib 5.1.48, for apple-darwin10.3.0 (i386)
--
-- Host: localhost    Database: leihs2_test
-- ------------------------------------------------------
-- Server version	5.1.48

/*!40101 SET @OLD_CHARACTER_SET_CLIENT=@@CHARACTER_SET_CLIENT */;
/*!40101 SET @OLD_CHARACTER_SET_RESULTS=@@CHARACTER_SET_RESULTS */;
/*!40101 SET @OLD_COLLATION_CONNECTION=@@COLLATION_CONNECTION */;
/*!40101 SET NAMES utf8 */;
/*!40103 SET @OLD_TIME_ZONE=@@TIME_ZONE */;
/*!40103 SET TIME_ZONE='+00:00' */;
/*!40014 SET @OLD_UNIQUE_CHECKS=@@UNIQUE_CHECKS, UNIQUE_CHECKS=0 */;
/*!40014 SET @OLD_FOREIGN_KEY_CHECKS=@@FOREIGN_KEY_CHECKS, FOREIGN_KEY_CHECKS=0 */;
/*!40101 SET @OLD_SQL_MODE=@@SQL_MODE, SQL_MODE='NO_AUTO_VALUE_ON_ZERO' */;
/*!40111 SET @OLD_SQL_NOTES=@@SQL_NOTES, SQL_NOTES=0 */;

--
-- Table structure for table `access_rights`
--

DROP TABLE IF EXISTS `access_rights`;
/*!40101 SET @saved_cs_client     = @@character_set_client */;
/*!40101 SET character_set_client = utf8 */;
CREATE TABLE `access_rights` (
  `id` int(11) NOT NULL AUTO_INCREMENT,
  `user_id` int(11) DEFAULT NULL,
  `inventory_pool_id` int(11) DEFAULT NULL,
  `suspended_until` date DEFAULT NULL,
  `suspended_reason` text COLLATE utf8_unicode_ci,
  `deleted_at` date DEFAULT NULL,
  `created_at` datetime DEFAULT NULL,
  `updated_at` datetime DEFAULT NULL,
  `role` enum('customer','group_manager','lending_manager','inventory_manager','admin') COLLATE utf8_unicode_ci NOT NULL,
  PRIMARY KEY (`id`),
  KEY `index_access_rights_on_suspended_until` (`suspended_until`),
  KEY `index_access_rights_on_deleted_at` (`deleted_at`),
  KEY `index_access_rights_on_inventory_pool_id` (`inventory_pool_id`),
  KEY `index_access_rights_on_role` (`role`),
  KEY `index_on_user_id_and_inventory_pool_id_and_deleted_at` (`user_id`,`inventory_pool_id`,`deleted_at`)
) ENGINE=InnoDB AUTO_INCREMENT=42 DEFAULT CHARSET=utf8 COLLATE=utf8_unicode_ci;
/*!40101 SET character_set_client = @saved_cs_client */;

--
-- Dumping data for table `access_rights`
--

LOCK TABLES `access_rights` WRITE;
/*!40000 ALTER TABLE `access_rights` DISABLE KEYS */;
INSERT INTO `access_rights` VALUES (1,1,NULL,NULL,NULL,NULL,'2017-06-12 20:33:37','2017-06-12 20:33:37','admin'),(2,3,3,NULL,NULL,NULL,'2017-06-12 20:33:37','2017-06-12 20:33:37','customer'),(3,4,1,NULL,NULL,NULL,'2017-06-12 20:33:37','2017-06-12 20:33:37','lending_manager'),(4,5,5,NULL,NULL,NULL,'2017-06-12 20:33:37','2017-06-12 20:33:37','customer'),(5,6,11,NULL,NULL,NULL,'2017-06-12 20:33:37','2017-06-12 20:33:37','customer'),(6,7,1,NULL,NULL,'2017-06-12','2017-06-12 20:33:37','2017-06-12 20:33:37','customer'),(7,1,1,NULL,NULL,NULL,'2017-06-12 20:33:37','2017-06-12 20:33:37','customer'),(8,8,2,NULL,NULL,NULL,'2017-06-12 20:33:37','2017-06-12 20:33:37','inventory_manager'),(9,9,1,NULL,NULL,NULL,'2017-06-12 20:33:37','2017-06-12 20:33:37','inventory_manager'),(10,9,11,NULL,NULL,NULL,'2017-06-12 20:33:37','2017-06-12 20:33:37','inventory_manager'),(11,10,1,NULL,NULL,NULL,'2017-06-12 20:33:37','2017-06-12 20:33:37','group_manager'),(12,10,2,NULL,NULL,NULL,'2017-06-12 20:33:37','2017-06-12 20:33:37','group_manager'),(13,10,3,NULL,NULL,NULL,'2017-06-12 20:33:37','2017-06-12 20:33:37','group_manager'),(14,11,1,NULL,NULL,NULL,'2017-06-12 20:33:37','2017-06-12 20:33:37','group_manager'),(15,12,1,NULL,NULL,NULL,'2017-06-12 20:33:37','2017-06-12 20:33:37','customer'),(16,13,1,'2017-06-12','suspreason',NULL,'2017-06-12 20:33:37','2017-06-12 20:33:37','customer'),(17,14,1,NULL,NULL,NULL,'2017-06-12 20:33:37','2017-06-12 20:33:37','customer'),(18,15,1,NULL,NULL,NULL,'2017-06-12 20:33:37','2017-06-12 20:33:37','customer'),(19,16,1,NULL,NULL,NULL,'2017-06-12 20:33:37','2017-06-12 20:33:37','customer'),(20,17,NULL,NULL,NULL,NULL,'2017-06-12 20:33:37','2017-06-12 20:33:37','admin'),(21,18,1,NULL,NULL,NULL,'2017-06-12 20:33:37','2017-06-12 20:33:37','lending_manager'),(22,18,2,NULL,NULL,NULL,'2017-06-12 20:33:37','2017-06-12 20:33:37','lending_manager'),(23,19,1,NULL,NULL,NULL,'2017-06-12 20:33:37','2017-06-12 20:33:37','customer'),(24,20,1,NULL,NULL,NULL,'2017-06-12 20:33:37','2017-06-12 20:33:37','customer'),(25,21,1,NULL,NULL,NULL,'2017-06-12 20:33:37','2017-06-12 20:33:37','customer'),(26,22,1,NULL,NULL,NULL,'2017-06-12 20:33:37','2017-06-12 20:33:37','customer'),(27,23,1,NULL,NULL,NULL,'2017-06-12 20:33:37','2017-06-12 20:33:37','customer'),(28,24,2,'2017-06-08','Officia voluptas temporibus nesciunt quia fugit eum.',NULL,'2017-06-07 00:00:00','2017-06-07 00:00:00','customer'),(29,28,1,NULL,NULL,NULL,'2017-06-12 20:33:37','2017-06-12 20:33:37','customer'),(30,29,1,NULL,NULL,NULL,'2017-06-12 20:33:37','2017-06-12 20:33:37','customer'),(31,30,1,NULL,NULL,NULL,'2017-06-12 20:33:37','2017-06-12 20:33:37','customer'),(32,31,1,NULL,NULL,NULL,'2017-06-12 20:33:37','2017-06-12 20:33:37','customer'),(33,33,1,NULL,NULL,NULL,'2017-06-12 20:33:37','2017-06-12 20:33:37','customer'),(34,33,12,NULL,NULL,NULL,'2017-06-12 20:33:37','2017-06-12 20:33:37','customer'),(35,33,13,NULL,NULL,NULL,'2017-06-12 20:33:37','2017-06-12 20:33:37','customer'),(36,34,1,NULL,NULL,NULL,'2017-06-12 20:33:37','2017-06-12 20:33:37','customer'),(37,34,2,NULL,NULL,NULL,'2017-06-12 20:33:37','2017-06-12 20:33:37','customer'),(38,34,3,NULL,NULL,NULL,'2017-06-12 20:33:37','2017-06-12 20:33:37','customer'),(39,34,13,NULL,NULL,'2017-06-11','2017-06-12 20:33:37','2017-06-12 20:33:37','customer'),(40,35,1,NULL,NULL,NULL,'2017-06-12 20:33:37','2017-06-12 20:33:37','customer'),(41,36,1,NULL,NULL,NULL,'2017-06-12 20:33:37','2017-06-12 20:33:37','customer');
/*!40000 ALTER TABLE `access_rights` ENABLE KEYS */;
UNLOCK TABLES;

--
-- Table structure for table `accessories`
--

DROP TABLE IF EXISTS `accessories`;
/*!40101 SET @saved_cs_client     = @@character_set_client */;
/*!40101 SET character_set_client = utf8 */;
CREATE TABLE `accessories` (
  `id` int(11) NOT NULL AUTO_INCREMENT,
  `model_id` int(11) DEFAULT NULL,
  `name` varchar(255) COLLATE utf8_unicode_ci DEFAULT NULL,
  `quantity` int(11) DEFAULT NULL,
  PRIMARY KEY (`id`),
  KEY `index_accessories_on_model_id` (`model_id`)
) ENGINE=InnoDB AUTO_INCREMENT=516 DEFAULT CHARSET=utf8 COLLATE=utf8_unicode_ci;
/*!40101 SET character_set_client = @saved_cs_client */;

--
-- Dumping data for table `accessories`
--

LOCK TABLES `accessories` WRITE;
/*!40000 ALTER TABLE `accessories` DISABLE KEYS */;
INSERT INTO `accessories` VALUES (1,1,'Mr. Bertha McLaughlin',NULL),(2,1,'Herminia Von',NULL),(3,1,'America Kihn',NULL),(4,1,'Dr. Myrtle Howe',NULL),(5,2,'Alek Wyman I',NULL),(6,2,'Wallace Breitenberg Sr.',NULL),(7,2,'Dakota Klocko',NULL),(8,2,'Neha Crona',NULL),(9,2,'Larissa Robel',NULL),(10,3,'Nia Koss II',NULL),(11,3,'Eileen Auer',NULL),(12,3,'Devon Goldner',NULL),(13,3,'Gussie Koepp Sr.',NULL),(14,4,'Felipe Senger',NULL),(15,4,'Jovani Okuneva',NULL),(16,5,'Bradford Dickinson MD',NULL),(17,5,'Princess Goyette',NULL),(18,5,'Oma Trantow',NULL),(19,5,'Allison Robel',NULL),(20,6,'Marvin Waters',NULL),(21,6,'Eileen Christiansen',NULL),(22,6,'Maudie Leannon',NULL),(23,7,'Wade Huel',NULL),(24,8,'Brannon Rolfson',NULL),(25,8,'Ricky Prohaska',NULL),(26,8,'Mr. Willow Considine',NULL),(27,8,'Ewald Hegmann',NULL),(28,9,'Christophe Carroll DVM',NULL),(29,9,'Mohammad O\'Conner',NULL),(30,9,'Marley Heaney V',NULL),(31,9,'Ms. Pascale Leffler',NULL),(32,10,'Lilyan Borer Jr.',NULL),(33,10,'Dustin Rowe',NULL),(34,11,'Rosemary Krajcik V',NULL),(35,11,'Dr. Blanche Ferry',NULL),(36,11,'Maiya Cole',NULL),(37,11,'Mrs. Bessie Willms',NULL),(38,12,'Mauricio Johns',NULL),(39,13,'Eladio Rogahn',NULL),(40,13,'Jadyn Crooks II',NULL),(41,14,'Enrico McDermott MD',NULL),(42,14,'Gayle Johns',NULL),(43,14,'Clementina Lehner',NULL),(44,15,'Mrs. Beaulah O\'Hara',NULL),(45,15,'Lavada Muller',NULL),(46,15,'Lucio Bechtelar',NULL),(47,16,'Dawn Moen',NULL),(48,16,'Rosie Pfannerstill V',NULL),(49,16,'Ms. Kari Bashirian',NULL),(50,17,'Isac Reichert',NULL),(51,17,'Nico Simonis',NULL),(52,17,'Arvilla Miller',NULL),(53,18,'Royal Lehner',NULL),(54,19,'Seth Wunsch PhD',NULL),(55,19,'Cheyanne Adams',NULL),(56,20,'Marisa Skiles',NULL),(57,20,'Mr. Fidel Gislason',NULL),(58,20,'Kayden Robel',NULL),(59,21,'Salvatore Schumm',NULL),(60,22,'Milford Fritsch',NULL),(61,22,'Miss Jorge Bergstrom',NULL),(62,22,'Earnest Jacobi',NULL),(63,22,'Wilmer Lebsack',NULL),(64,22,'Laura Beer',NULL),(65,23,'Alek Gusikowski',NULL),(66,23,'Rosario Boyle',NULL),(67,23,'Alec Schneider',NULL),(68,24,'Claire Abernathy Sr.',NULL),(69,24,'Tate Carroll DVM',NULL),(70,24,'Sandra Ullrich DVM',NULL),(71,24,'Mrs. Devon Zboncak',NULL),(72,24,'Kennedi Hudson',NULL),(73,25,'Constantin Bergstrom',NULL),(74,25,'Rusty Cole',NULL),(75,25,'Carroll Zemlak',NULL),(76,26,'Lucio Bailey',NULL),(77,26,'Paxton Gibson',NULL),(78,26,'Itzel Adams',NULL),(79,27,'Westley Lubowitz III',NULL),(80,27,'Tyson McKenzie',NULL),(81,27,'Alysha Feeney',NULL),(82,28,'Lucas Auer',NULL),(83,28,'Bret Bernhard',NULL),(84,28,'Graciela Schmitt',NULL),(85,28,'Leonora Stanton',NULL),(86,29,'Collin Rippin',NULL),(87,29,'Emery Moen',NULL),(88,29,'Meagan Effertz',NULL),(89,30,'Euna MacGyver',NULL),(90,30,'Miss Dolly Nienow',NULL),(91,30,'Randall Smitham IV',NULL),(92,31,'Ottilie Fahey',NULL),(93,32,'Obie Rogahn',NULL),(94,33,'Berta Batz DVM',NULL),(95,33,'Mozelle Jast',NULL),(96,33,'Ivory Abbott IV',NULL),(97,33,'Celine Schuppe',NULL),(98,34,'Alfreda Bins',NULL),(99,34,'Anastasia Luettgen',NULL),(100,34,'Maude Wolff',NULL),(101,35,'Lavina Mayer MD',NULL),(102,35,'Jada Schroeder MD',NULL),(103,36,'Mr. Cornell Walter',NULL),(104,36,'Nelda Bailey DVM',NULL),(105,37,'Esther Cartwright',NULL),(106,37,'Jairo Botsford',NULL),(107,37,'Tracey Quigley',NULL),(108,37,'Xzavier Olson',NULL),(109,38,'Jensen Nicolas',NULL),(110,38,'Mr. Roosevelt Lynch',NULL),(111,38,'Tatyana Toy',NULL),(112,39,'Herminia Maggio',NULL),(113,39,'Arely Predovic',NULL),(114,39,'Markus Raynor',NULL),(115,39,'Adele Wyman',NULL),(116,40,'Susana Streich',NULL),(117,41,'Mrs. Aidan Wehner',NULL),(118,41,'Rodrigo Quitzon Jr.',NULL),(119,42,'Mallie Feeney I',NULL),(120,43,'Dr. Cooper Emard',NULL),(121,43,'Alexandrine Jerde',NULL),(122,43,'Alvina Stroman',NULL),(123,43,'Mrs. Ocie Wuckert',NULL),(124,43,'Eva Bradtke',NULL),(125,44,'Ramiro Kemmer',NULL),(126,44,'Elton Hilpert III',NULL),(127,44,'Elliot Parisian',NULL),(128,45,'Amparo Rippin',NULL),(129,46,'Etha Morar',NULL),(130,46,'Mr. Alene Braun',NULL),(131,46,'Miss Daniela Bosco',NULL),(132,47,'Cassandre Herzog',NULL),(133,47,'Josephine Casper',NULL),(134,47,'Monroe Ryan',NULL),(135,47,'Rosalind Abshire',NULL),(136,47,'Lavonne Huels',NULL),(137,48,'Jaylin Farrell Jr.',NULL),(138,48,'Nelson Volkman',NULL),(139,49,'Drew Buckridge',NULL),(140,49,'Bertha Nolan',NULL),(141,49,'Ima Ullrich Jr.',NULL),(142,49,'Mikel Hermann III',NULL),(143,50,'Ms. Ettie O\'Kon',NULL),(144,50,'Mrs. Maida Heller',NULL),(145,50,'Alverta Kuvalis',NULL),(146,50,'Daryl Heidenreich',NULL),(147,51,'Weston Quitzon',NULL),(148,52,'Mylene Windler',NULL),(149,52,'Emmanuel Pfeffer',NULL),(150,53,'Miss Lorena Cole',NULL),(151,53,'Dr. Amira Gibson',NULL),(152,53,'Fabiola DuBuque',NULL),(153,53,'Ethel Lindgren',NULL),(154,54,'Ms. Kianna Ondricka',NULL),(155,54,'Astrid Hettinger',NULL),(156,55,'Althea Grant',NULL),(157,55,'Ludie Ullrich',NULL),(158,55,'Burley Erdman',NULL),(159,55,'Clemmie Wunsch I',NULL),(160,55,'Emmett Schmitt',NULL),(161,56,'Tyler Reichel',NULL),(162,57,'Rickey Powlowski III',NULL),(163,58,'Randi Breitenberg III',NULL),(164,59,'Nicholaus Skiles',NULL),(165,59,'Johann Becker',NULL),(166,59,'Caitlyn Schneider',NULL),(167,59,'Lucinda Heaney',NULL),(168,60,'Kacey Macejkovic',NULL),(169,61,'Donnie Boyer',NULL),(170,61,'Cara Bergstrom MD',NULL),(171,61,'Anita Hartmann IV',NULL),(172,61,'Dr. Angus Crooks',NULL),(173,61,'Lea Shields',NULL),(174,62,'Lilly Kessler DDS',NULL),(175,63,'Therese Hills',NULL),(176,63,'Joelle Sawayn',NULL),(177,63,'Vivien Kuvalis',NULL),(178,63,'Nigel O\'Conner',NULL),(179,63,'Oren Langosh V',NULL),(180,64,'Coty Ritchie Jr.',NULL),(181,65,'Edmund Braun',NULL),(182,66,'Monte McCullough DVM',NULL),(183,66,'Dr. Lori Hickle',NULL),(184,66,'Athena Jakubowski',NULL),(185,66,'Isabell Mueller',NULL),(186,66,'Jamie Macejkovic',NULL),(187,67,'Miss Elisabeth Shanahan',NULL),(188,67,'Ms. Hayden Romaguera',NULL),(189,67,'Bryce Zboncak',NULL),(190,67,'Al White III',NULL),(191,67,'Hildegard Glover',NULL),(192,68,'Veronica Lebsack',NULL),(193,68,'Imelda Hettinger',NULL),(194,68,'Marquise Kihn DVM',NULL),(195,68,'Lexi Donnelly',NULL),(196,69,'Napoleon Zulauf',NULL),(197,69,'Jarred Orn III',NULL),(198,69,'Maybell Kuhic',NULL),(199,69,'Mr. Yasmine Hirthe',NULL),(200,69,'Lourdes Koepp',NULL),(201,70,'Elvie Zieme',NULL),(202,71,'Dr. Brook Frami',NULL),(203,71,'Eduardo Wehner',NULL),(204,71,'Dr. Kelly Thompson',NULL),(205,71,'Laurine Lehner',NULL),(206,72,'Emely Runolfsson',NULL),(207,72,'Dorcas Gaylord V',NULL),(208,72,'Ms. Delilah Marvin',NULL),(209,73,'Delbert Leffler DVM',NULL),(210,73,'Loraine Lindgren',NULL),(211,73,'Milo Herzog',NULL),(212,74,'Ciara Goldner',NULL),(213,74,'Ms. Cassidy Eichmann',NULL),(214,74,'Katlyn Fisher',NULL),(215,74,'Keshawn Terry',NULL),(216,74,'Ivah Heller',NULL),(217,75,'Ceasar Morissette',NULL),(218,76,'Miss Camron Bailey',NULL),(219,76,'Maeve Murray Jr.',NULL),(220,76,'Ova Kuhic',NULL),(221,76,'Cornelius Swift DVM',NULL),(222,77,'Johann Breitenberg',NULL),(223,77,'Juwan Block I',NULL),(224,77,'Andreanne D\'Amore',NULL),(225,77,'Alvina O\'Keefe',NULL),(226,77,'Brent Hagenes',NULL),(227,78,'Kiera Krajcik',NULL),(228,78,'Miss Rickey Schmitt',NULL),(229,78,'Alexandre Becker MD',NULL),(230,78,'Ismael Metz MD',NULL),(231,78,'Scot Beer',NULL),(232,79,'Dayna Mitchell',NULL),(233,79,'Chanelle Murazik',NULL),(234,80,'Christina Strosin',NULL),(235,80,'Carolyn Witting',NULL),(236,80,'Wilfredo Powlowski',NULL),(237,80,'Dr. Alessandro Watsica',NULL),(238,81,'Aurelia Douglas',NULL),(239,81,'Mrs. Talon Hessel',NULL),(240,81,'Shany Windler DDS',NULL),(241,81,'Abelardo Heaney',NULL),(242,81,'Dr. Carlo Grimes',NULL),(243,82,'Katharina Funk',NULL),(244,83,'Kaitlin Jacobs',NULL),(245,83,'Daphney Hessel',NULL),(246,83,'Rocky Wisoky',NULL),(247,83,'Miss Easter Blanda',NULL),(248,84,'Kelton Klocko',NULL),(249,85,'Graham Hackett',NULL),(250,85,'Herbert Paucek',NULL),(251,85,'Maryjane Rodriguez',NULL),(252,85,'Anne Fritsch MD',NULL),(253,85,'Osbaldo Schowalter',NULL),(254,86,'Grover Wolf PhD',NULL),(255,86,'Aliza Schaefer',NULL),(256,86,'Amari Rice',NULL),(257,86,'Mrs. Roberto Gerhold',NULL),(258,86,'Riley Jacobson',NULL),(259,87,'Miss Caroline Witting',NULL),(260,87,'Dr. Cecile Gusikowski',NULL),(261,87,'Providenci Hickle',NULL),(262,87,'Mrs. Chance Parisian',NULL),(263,88,'Diego Collins MD',NULL),(264,88,'Jordy Feeney',NULL),(265,89,'Johnnie Kilback',NULL),(266,89,'Ryder Wunsch',NULL),(267,89,'Moshe Durgan',NULL),(268,89,'Zakary Greenholt',NULL),(269,90,'Abe Monahan',NULL),(270,90,'Miss Amira Windler',NULL),(271,90,'Chaim Barrows',NULL),(272,90,'Mona Dietrich',NULL),(273,91,'Destinee Torp',NULL),(274,91,'Gonzalo Wisozk',NULL),(275,92,'Benjamin Mante',NULL),(276,92,'Joelle Hudson II',NULL),(277,92,'Osbaldo Miller',NULL),(278,93,'Colten Nader',NULL),(279,93,'Quinten Kemmer',NULL),(280,93,'Dr. Ottilie MacGyver',NULL),(281,94,'Sarai Ritchie',NULL),(282,94,'Mekhi Roob',NULL),(283,94,'Cody Osinski',NULL),(284,95,'Conner Jenkins V',NULL),(285,95,'Maxwell Cummerata',NULL),(286,95,'Rachael Wunsch',NULL),(287,96,'Alize Swaniawski',NULL),(288,97,'Raul Boyer Sr.',NULL),(289,98,'Tanner Spencer',NULL),(290,98,'Savannah Larson',NULL),(291,98,'Jaren Lueilwitz',NULL),(292,99,'Caroline Wehner',NULL),(293,99,'Bessie West',NULL),(294,100,'Edwin Ortiz',NULL),(295,100,'Daphnee Runte',NULL),(296,100,'Ms. Odie Ruecker',NULL),(297,100,'Keely Altenwerth',NULL),(298,101,'Pansy Fay',NULL),(299,101,'Mrs. Janice Cartwright',NULL),(300,101,'Miss Reuben Lockman',NULL),(301,101,'Derick Rice',NULL),(302,102,'Donna Armstrong',NULL),(303,102,'Mr. Marge Powlowski',NULL),(304,102,'Mr. Viviane Morissette',NULL),(305,102,'Lue Bayer',NULL),(306,102,'Mrs. Maude Davis',NULL),(307,103,'Mrs. Reymundo Parker',NULL),(308,103,'Tyrell Cummings',NULL),(309,104,'Stanley Schoen',NULL),(310,105,'Marcia Kuphal',NULL),(311,105,'Maiya Jacobs',NULL),(312,105,'Reggie O\'Conner',NULL),(313,106,'Brooke Collins I',NULL),(314,107,'Mrs. Ernestina Schamberger',NULL),(315,107,'Maryam Zemlak',NULL),(316,107,'Luisa Hamill',NULL),(317,107,'Delaney Rodriguez I',NULL),(318,107,'Sydni Russel',NULL),(319,108,'Leonardo Kshlerin',NULL),(320,108,'Abigail Walker',NULL),(321,108,'Mr. Kenneth Kunde',NULL),(322,109,'Don Grady',NULL),(323,109,'Baby Ferry',NULL),(324,110,'Mariana Hartmann',NULL),(325,110,'Titus Bailey',NULL),(326,110,'Deion Reichel',NULL),(327,110,'Reed Wilkinson',NULL),(328,110,'Justine Eichmann III',NULL),(329,111,'Bertrand Cruickshank',NULL),(330,111,'Zelma Gerlach',NULL),(331,111,'Melvin Goodwin',NULL),(332,111,'Tressie Jenkins',NULL),(333,111,'Shemar Feeney',NULL),(334,112,'Evangeline Schultz',NULL),(335,112,'Darion Miller PhD',NULL),(336,112,'Adalberto Lind',NULL),(337,112,'Katheryn Witting',NULL),(338,112,'Ms. Kirsten Schaefer',NULL),(339,113,'Malinda Harris',NULL),(340,114,'Cassie Ledner',NULL),(341,114,'Dr. Melyna Schinner',NULL),(342,114,'Rowena Champlin',NULL),(343,115,'Mariela Wisoky',NULL),(344,115,'Tyrique Satterfield IV',NULL),(345,115,'Bobbie Ruecker',NULL),(346,115,'Ibrahim Wilderman Sr.',NULL),(347,116,'Mrs. Jada Littel',NULL),(348,116,'Mrs. Lonny Homenick',NULL),(349,116,'Guillermo Daniel DDS',NULL),(350,117,'Nia Stokes',NULL),(351,117,'Rupert Deckow',NULL),(352,117,'Marcus Bosco',NULL),(353,117,'Schuyler Deckow',NULL),(354,118,'Deonte Wyman',NULL),(355,118,'Miss Beryl Kulas',NULL),(356,119,'Mr. Marlon Braun',NULL),(357,119,'Boris Olson III',NULL),(358,119,'Josianne Stiedemann',NULL),(359,119,'Dr. Layla Zieme',NULL),(360,120,'Aileen Luettgen',NULL),(361,120,'Harmony Morar Jr.',NULL),(362,120,'Jeff Koelpin',NULL),(363,120,'Gay Bode',NULL),(364,121,'Charles Ruecker',NULL),(365,122,'Bryce Quitzon',NULL),(366,122,'Dandre Brekke',NULL),(367,122,'Gordon Daugherty',NULL),(368,122,'Nils Watsica',NULL),(369,123,'Wilber Grady',NULL),(370,123,'Marjory Wilkinson',NULL),(371,124,'Geovanny Greenholt',NULL),(372,125,'Elmer Pouros',NULL),(373,125,'Grady Zieme',NULL),(374,125,'Krista Schoen',NULL),(375,126,'Jude Walsh IV',NULL),(376,126,'Mustafa Krajcik',NULL),(377,126,'Mohammad Donnelly',NULL),(378,126,'Dayna VonRueden',NULL),(379,126,'Jailyn Schmitt',NULL),(380,127,'Zakary Kshlerin',NULL),(381,127,'Alvis Batz',NULL),(382,128,'Keaton Hand',NULL),(383,128,'Dr. Mya King',NULL),(384,129,'Mrs. Napoleon Feest',NULL),(385,129,'Madaline Casper',NULL),(386,129,'Briana Hegmann',NULL),(387,129,'Mrs. Jazmyne Johns',NULL),(388,129,'Magdalena Kilback',NULL),(389,130,'Nico Zulauf Sr.',NULL),(390,130,'Carey Bartell PhD',NULL),(391,131,'Osvaldo Lockman',NULL),(392,131,'Woodrow Ziemann I',NULL),(393,131,'Jeffery Beatty',NULL),(394,131,'Nicklaus Price',NULL),(395,132,'Orpha Rippin',NULL),(396,132,'Laurence Daniel II',NULL),(397,132,'Joaquin Bernier',NULL),(398,132,'Hollie Batz',NULL),(399,132,'Jarrod Ferry II',NULL),(400,133,'Kaci Funk',NULL),(401,133,'Emile Witting',NULL),(402,133,'Mr. Jamison Rutherford',NULL),(403,133,'Harvey Kulas',NULL),(404,133,'Destany Moore',NULL),(405,134,'Alden Swift',NULL),(406,134,'Weldon Larson',NULL),(407,135,'Vincenza O\'Conner',NULL),(408,136,'Jonatan Yundt III',NULL),(409,136,'Estefania Schmitt PhD',NULL),(410,136,'Treva West',NULL),(411,137,'Mrs. Frida Durgan',NULL),(412,137,'Brice Adams',NULL),(413,137,'Elliott Mueller I',NULL),(414,137,'Dr. Alvah Ledner',NULL),(415,138,'Abbigail Jaskolski',NULL),(416,139,'Kurtis Sauer V',NULL),(417,139,'Kaitlin White',NULL),(418,139,'Ursula Ernser',NULL),(419,140,'Cristopher Abbott',NULL),(420,141,'Shania Bins V',NULL),(421,141,'Christelle McCullough',NULL),(422,141,'Miss Zackary Romaguera',NULL),(423,141,'Rusty Weimann',NULL),(424,142,'Dr. Ludwig Wisozk',NULL),(425,143,'Zackary Fisher',NULL),(426,143,'Vinnie Prosacco',NULL),(427,143,'Maverick Satterfield',NULL),(428,143,'Dr. Reagan Hoppe',NULL),(429,143,'Germaine Williamson DVM',NULL),(430,144,'Miss Abel Rutherford',NULL),(431,144,'Stone Larson',NULL),(432,145,'Chad Bernier',NULL),(433,145,'Mrs. Ashtyn MacGyver',NULL),(434,145,'Lori Block',NULL),(435,145,'Dr. Marley Schmidt',NULL),(436,145,'Skylar Gusikowski',NULL),(437,146,'Ms. Godfrey Hirthe',NULL),(438,146,'Shanie Nolan',NULL),(439,146,'Eden Welch',NULL),(440,146,'Dr. Jordan Moore',NULL),(441,146,'Zander Mertz',NULL),(442,147,'Hans Will',NULL),(443,147,'Berry Connelly PhD',NULL),(444,147,'Reggie Hauck',NULL),(445,147,'Mr. Candelario Daniel',NULL),(446,147,'Josue Bashirian',NULL),(447,148,'Dr. Kiera Dicki',NULL),(448,149,'Dr. Devon Dibbert',NULL),(449,149,'Anahi Funk',NULL),(450,150,'Ismael Kirlin',NULL),(451,150,'Valentin Bartoletti',NULL),(452,151,'Mr. Robyn Hayes',NULL),(453,151,'Emmitt Cummings',NULL),(454,151,'Crawford Bahringer MD',NULL),(455,152,'Adolphus Waelchi III',NULL),(456,153,'Tiffany Daniel',NULL),(457,153,'Charlotte Lynch',NULL),(458,153,'Justine Runolfsson DDS',NULL),(459,153,'Miss Jerrod Weissnat',NULL),(460,153,'Hugh Senger DDS',NULL),(461,154,'Mrs. Emilie Lindgren',NULL),(462,155,'Miss Adalberto Stokes',NULL),(463,155,'Elvis Halvorson I',NULL),(464,156,'Miss Georgiana Koelpin',NULL),(465,156,'Miss Leonor Hudson',NULL),(466,156,'Olaf Littel IV',NULL),(467,156,'Shakira Emard DVM',NULL),(468,156,'Mr. Cooper Torp',NULL),(469,157,'Ms. Marshall Boehm',NULL),(470,157,'Buck Kautzer',NULL),(471,158,'Filomena Langosh DDS',NULL),(472,159,'Franco Purdy Jr.',NULL),(473,160,'Lance Wolff Jr.',NULL),(474,160,'Eddie Will',NULL),(475,161,'Ally Okuneva',NULL),(476,161,'Bertrand Koelpin',NULL),(477,161,'Dejuan Lemke Sr.',NULL),(478,161,'Annabell Upton',NULL),(479,161,'Katrine Jakubowski',NULL),(480,162,'Mrs. Guy Harvey',NULL),(481,162,'Mrs. Kasey Skiles',NULL),(482,162,'Freda Turner PhD',NULL),(483,162,'Omari Kohler PhD',NULL),(484,162,'Anita Romaguera MD',NULL),(485,163,'Heath Bernhard',NULL),(486,163,'Jamel Fisher',NULL),(487,163,'Queen Beier',NULL),(488,164,'Josephine Reynolds',NULL),(489,165,'Isom Morar',NULL),(490,165,'Jayde Anderson',NULL),(491,166,'Ona Schulist IV',NULL),(492,166,'Verna Davis',NULL),(493,166,'Cristian Turcotte',NULL),(494,166,'Phyllis Goodwin',NULL),(495,167,'Oleta Sauer',NULL),(496,167,'Emile Kutch V',NULL),(497,167,'Jake Konopelski',NULL),(498,167,'Torrey Runte',NULL),(499,167,'Kian Koch',NULL),(500,168,'Ana Ullrich',NULL),(501,168,'Palma Swaniawski',NULL),(502,168,'Scotty Hermann',NULL),(503,168,'Miss Sam Schneider',NULL),(504,168,'Christopher Beer',NULL),(505,169,'Ms. King Waelchi',NULL),(506,169,'Lisa McDermott PhD',NULL),(507,169,'Manley Kovacek',NULL),(508,170,'Laverne Barton',NULL),(509,170,'Orlo Hoppe',NULL),(510,171,'Rosalee Nolan I',NULL),(511,171,'Fay Murray IV',NULL),(512,171,'Erin Mann',NULL),(513,171,'Vernie Wolff',NULL),(514,171,'Burnice Stiedemann',NULL),(515,172,'Emory Wuckert',NULL);
/*!40000 ALTER TABLE `accessories` ENABLE KEYS */;
UNLOCK TABLES;

--
-- Table structure for table `accessories_inventory_pools`
--

DROP TABLE IF EXISTS `accessories_inventory_pools`;
/*!40101 SET @saved_cs_client     = @@character_set_client */;
/*!40101 SET character_set_client = utf8 */;
CREATE TABLE `accessories_inventory_pools` (
  `accessory_id` int(11) DEFAULT NULL,
  `inventory_pool_id` int(11) DEFAULT NULL,
  UNIQUE KEY `index_accessories_inventory_pools` (`accessory_id`,`inventory_pool_id`),
  KEY `index_accessories_inventory_pools_on_inventory_pool_id` (`inventory_pool_id`)
) ENGINE=InnoDB DEFAULT CHARSET=utf8 COLLATE=utf8_unicode_ci;
/*!40101 SET character_set_client = @saved_cs_client */;

--
-- Dumping data for table `accessories_inventory_pools`
--

LOCK TABLES `accessories_inventory_pools` WRITE;
/*!40000 ALTER TABLE `accessories_inventory_pools` DISABLE KEYS */;
INSERT INTO `accessories_inventory_pools` VALUES (1,1),(2,1),(3,1),(5,1),(6,1),(8,1),(9,1),(11,1),(13,1),(14,1),(18,1),(19,1),(24,1),(28,1),(29,1),(30,1),(31,1),(32,1),(33,1),(34,1),(35,1),(36,1),(40,1),(41,1),(43,1),(44,1),(49,1),(53,1),(59,1),(61,1),(63,1),(65,1),(66,1),(67,1),(70,1),(71,1),(72,1),(73,1),(74,1),(76,1),(78,1),(79,1),(81,1),(83,1),(85,1),(86,1),(87,1),(88,1),(89,1),(90,1),(91,1),(92,1),(93,1),(94,1),(95,1),(96,1),(100,1),(106,1),(107,1),(109,1),(110,1),(111,1),(112,1),(117,1),(119,1),(125,1),(126,1),(127,1),(128,1),(132,1),(133,1),(134,1),(140,1),(142,1),(148,1),(156,1),(160,1),(167,1),(168,1),(169,1),(170,1),(173,1),(174,1),(180,1),(182,1),(185,1),(186,1),(188,1),(190,1),(192,1),(195,1),(197,1),(198,1),(200,1),(201,1),(202,1),(205,1),(207,1),(208,1),(211,1),(212,1),(214,1),(216,1),(220,1),(222,1),(223,1),(225,1),(228,1),(232,1),(233,1),(234,1),(237,1),(238,1),(240,1),(241,1),(242,1),(243,1),(245,1),(246,1),(247,1),(248,1),(253,1),(255,1),(257,1),(259,1),(261,1),(263,1),(266,1),(267,1),(268,1),(269,1),(272,1),(274,1),(275,1),(276,1),(277,1),(278,1),(280,1),(282,1),(283,1),(284,1),(285,1),(292,1),(294,1),(304,1),(305,1),(308,1),(312,1),(314,1),(316,1),(317,1),(318,1),(319,1),(320,1),(324,1),(325,1),(331,1),(332,1),(333,1),(336,1),(337,1),(338,1),(340,1),(341,1),(342,1),(345,1),(346,1),(348,1),(349,1),(351,1),(352,1),(353,1),(355,1),(356,1),(358,1),(359,1),(361,1),(365,1),(371,1),(372,1),(373,1),(375,1),(378,1),(379,1),(381,1),(382,1),(388,1),(389,1),(391,1),(394,1),(396,1),(399,1),(402,1),(405,1),(407,1),(408,1),(409,1),(410,1),(411,1),(412,1),(417,1),(418,1),(420,1),(421,1),(422,1),(423,1),(425,1),(427,1),(428,1),(429,1),(430,1),(434,1),(436,1),(437,1),(439,1),(440,1),(441,1),(443,1),(446,1),(452,1),(453,1),(455,1),(456,1),(459,1),(460,1),(461,1),(462,1),(463,1),(464,1),(469,1),(470,1),(476,1),(477,1),(480,1),(481,1),(483,1),(484,1),(486,1),(488,1),(489,1),(494,1),(495,1),(497,1),(498,1),(500,1),(501,1),(502,1),(503,1),(506,1),(507,1),(508,1),(510,1),(511,1),(512,1),(513,1);
/*!40000 ALTER TABLE `accessories_inventory_pools` ENABLE KEYS */;
UNLOCK TABLES;

--
-- Table structure for table `addresses`
--

DROP TABLE IF EXISTS `addresses`;
/*!40101 SET @saved_cs_client     = @@character_set_client */;
/*!40101 SET character_set_client = utf8 */;
CREATE TABLE `addresses` (
  `id` int(11) NOT NULL AUTO_INCREMENT,
  `street` varchar(255) COLLATE utf8_unicode_ci DEFAULT NULL,
  `zip_code` varchar(255) COLLATE utf8_unicode_ci DEFAULT NULL,
  `city` varchar(255) COLLATE utf8_unicode_ci DEFAULT NULL,
  `country_code` varchar(255) COLLATE utf8_unicode_ci DEFAULT NULL,
  `latitude` float DEFAULT NULL,
  `longitude` float DEFAULT NULL,
  PRIMARY KEY (`id`),
  UNIQUE KEY `index_addresses_on_street_and_zip_code_and_city_and_country_code` (`street`,`zip_code`,`city`,`country_code`)
) ENGINE=InnoDB DEFAULT CHARSET=utf8 COLLATE=utf8_unicode_ci;
/*!40101 SET character_set_client = @saved_cs_client */;

--
-- Dumping data for table `addresses`
--

LOCK TABLES `addresses` WRITE;
/*!40000 ALTER TABLE `addresses` DISABLE KEYS */;
/*!40000 ALTER TABLE `addresses` ENABLE KEYS */;
UNLOCK TABLES;

--
-- Table structure for table `attachments`
--

DROP TABLE IF EXISTS `attachments`;
/*!40101 SET @saved_cs_client     = @@character_set_client */;
/*!40101 SET character_set_client = utf8 */;
CREATE TABLE `attachments` (
  `id` int(11) NOT NULL AUTO_INCREMENT,
  `model_id` int(11) DEFAULT NULL,
  `is_main` tinyint(1) DEFAULT '0',
  `content_type` varchar(255) COLLATE utf8_unicode_ci DEFAULT NULL,
  `filename` varchar(255) COLLATE utf8_unicode_ci DEFAULT NULL,
  `size` int(11) DEFAULT NULL,
  PRIMARY KEY (`id`),
  KEY `index_attachments_on_model_id` (`model_id`)
) ENGINE=InnoDB AUTO_INCREMENT=5 DEFAULT CHARSET=utf8 COLLATE=utf8_unicode_ci;
/*!40101 SET character_set_client = @saved_cs_client */;

--
-- Dumping data for table `attachments`
--

LOCK TABLES `attachments` WRITE;
/*!40000 ALTER TABLE `attachments` DISABLE KEYS */;
INSERT INTO `attachments` VALUES (1,157,0,'image/jpeg','voluptatem',NULL),(2,158,0,'image/jpeg','rerum',NULL),(3,169,0,'image/jpeg','similique',NULL),(4,170,0,'image/jpeg','at',NULL);
/*!40000 ALTER TABLE `attachments` ENABLE KEYS */;
UNLOCK TABLES;

--
-- Table structure for table `authentication_systems`
--

DROP TABLE IF EXISTS `authentication_systems`;
/*!40101 SET @saved_cs_client     = @@character_set_client */;
/*!40101 SET character_set_client = utf8 */;
CREATE TABLE `authentication_systems` (
  `id` int(11) NOT NULL AUTO_INCREMENT,
  `name` varchar(255) COLLATE utf8_unicode_ci DEFAULT NULL,
  `class_name` varchar(255) COLLATE utf8_unicode_ci DEFAULT NULL,
  `is_default` tinyint(1) DEFAULT '0',
  `is_active` tinyint(1) DEFAULT '0',
  PRIMARY KEY (`id`)
) ENGINE=InnoDB AUTO_INCREMENT=7 DEFAULT CHARSET=utf8 COLLATE=utf8_unicode_ci;
/*!40101 SET character_set_client = @saved_cs_client */;

--
-- Dumping data for table `authentication_systems`
--

LOCK TABLES `authentication_systems` WRITE;
/*!40000 ALTER TABLE `authentication_systems` DISABLE KEYS */;
INSERT INTO `authentication_systems` VALUES (1,'Database Authentication','DatabaseAuthentication',1,1),(2,'LDAP Authentication','LdapAuthentication',0,0),(3,'ZHDK Authentication','Zhdk',0,0),(4,'Database Authentication','DatabaseAuthentication',1,1),(5,'LDAP Authentication','LdapAuthentication',0,0),(6,'ZHDK Authentication','Zhdk',0,0);
/*!40000 ALTER TABLE `authentication_systems` ENABLE KEYS */;
UNLOCK TABLES;

--
-- Table structure for table `buildings`
--

DROP TABLE IF EXISTS `buildings`;
/*!40101 SET @saved_cs_client     = @@character_set_client */;
/*!40101 SET character_set_client = utf8 */;
CREATE TABLE `buildings` (
  `id` int(11) NOT NULL AUTO_INCREMENT,
  `name` varchar(255) COLLATE utf8_unicode_ci DEFAULT NULL,
  `code` varchar(255) COLLATE utf8_unicode_ci DEFAULT NULL,
  PRIMARY KEY (`id`)
) ENGINE=InnoDB AUTO_INCREMENT=186 DEFAULT CHARSET=utf8 COLLATE=utf8_unicode_ci;
/*!40101 SET character_set_client = @saved_cs_client */;

--
-- Dumping data for table `buildings`
--

LOCK TABLES `buildings` WRITE;
/*!40000 ALTER TABLE `buildings` DISABLE KEYS */;
INSERT INTO `buildings` VALUES (1,'Great Pyramid of Giza','ZZZ'),(2,'Nihilsimiliqueet','sae'),(3,'Etquidemvelit','sit'),(4,'Maioresautvoluptate','inc'),(5,'Errorhicquo','sol'),(6,'Consequaturestmolestias','rer'),(7,'Nostrumistequia','nob'),(8,'Quisatnihil','asp'),(9,'Consequunturutquis','ill'),(10,'Maximemolestiaeid','qui'),(11,'Pariaturbeataefugit','fac'),(12,'Idutvitae','neq'),(13,'Utassumendaenim','quo'),(14,'Repellatsedsed','asp'),(15,'Etsitqui','qui'),(16,'Fugitutesse','vol'),(17,'Quiaconsecteturnesciunt','com'),(18,'Etvelnulla','dol'),(19,'Uttotamaccusantium','max'),(20,'Deseruntutfacere','tem'),(21,'Sedeiusnatus','vel'),(22,'Debitisrepellatrecusandae','con'),(23,'Enimfugadistinctio','vol'),(24,'Nihilmaioressunt','sin'),(25,'Atesteveniet','aut'),(26,'Etquidemquo','ete'),(27,'Iureaperiamexcepturi','dol'),(28,'Quasitaquenecessitatibus','sap'),(29,'Accusamusinciduntsunt','cor'),(30,'Voluptateutsoluta','nem'),(31,'Cumomnisdebitis','cup'),(32,'Officiaiureaperiam','ver'),(33,'Oditoccaecatirem','rer'),(34,'Etodioeum','quo'),(35,'Voluptatemdictaaut','per'),(36,'Delectusconsequaturplaceat','dol'),(37,'Oditmollitiacupiditate','aut'),(38,'Possimusquasqui','nob'),(39,'Recusandaeipsamdolore','rep'),(40,'Idquodolor','fug'),(41,'Numquamsuntnon','inc'),(42,'Voluptatemsuntid','uto'),(43,'Cumquesitfuga','cor'),(44,'Nisinesciuntenim','etp'),(45,'Etutporro','ill'),(46,'Voluptatecorporisrerum','asp'),(47,'Ausstellungsstrasse 60','AU60'),(48,'Ausstellungsstrasse 60','AU60'),(49,'Nihilpariaturomnis','exe'),(50,'Possimusofficiaquos','mod'),(51,'Easuntullam','qui'),(52,'Iustocorruptiullam','nos'),(53,'Corruptiinbeatae','rer'),(54,'Beataeplaceatquibusdam','des'),(55,'Nequeistesunt','ius'),(56,'Nesciuntquossoluta','nob'),(57,'Etmollitiaqui','ape'),(58,'Officiautquis','acc'),(59,'Autnesciuntmaiores','eni'),(60,'Natusenimet','qui'),(61,'Inventoreinciduntcorrupti','deb'),(62,'Ametnesciuntqui','est'),(63,'Commodiquaeratet','aas'),(64,'Estasperioresveritatis','sae'),(65,'Fugitametratione','ets'),(66,'Laborumquiaet','aut'),(67,'Eosatquequibusdam','dol'),(68,'Possimusfugitfacere','ips'),(69,'Consequaturvelitrerum','inv'),(70,'Corporisfugiatiure','rei'),(71,'Etautmagnam','quo'),(72,'Liberoetet','bea'),(73,'Faceredelenitiquo','ali'),(74,'Estvoluptasvelit','rer'),(75,'Dolorumtemporeodit','rer'),(76,'Adipisciquinumquam','est'),(77,'Omnisreprehenderitaut','per'),(78,'Maximemollitiaanimi','imp'),(79,'Sintperspiciatissaepe','vol'),(80,'Doloribusfugitqui','con'),(81,'Quidoloressapiente','dol'),(82,'Itaquerepellatnemo','utn'),(83,'Liberoidaut','fac'),(84,'Suntquiaassumenda','ape'),(85,'Eumlaudantiumerror','eos'),(86,'Totammolestiaebeatae','vol'),(87,'Quirerumpraesentium','vol'),(88,'Cumideos','etl'),(89,'Providentsimiliqueat','qui'),(90,'Consecteturexcepturifugiat','non'),(91,'Autquaeratquia','sim'),(92,'Quirepellendusrepudiandae','sin'),(93,'Quisharumearum','vel'),(94,'Accusantiumdistinctiotenetur','aul'),(95,'Utadea','qua'),(96,'Facilisomniseos','aut'),(97,'Voluptasaderror','dol'),(98,'Totamineum','qui'),(99,'Architectolaborumdolorem','exc'),(100,'Voluptatibusperferendisexplicabo','con'),(101,'Modioptiosequi','vol'),(102,'Autdolorad','ali'),(103,'Expeditavelvelit','par'),(104,'Aliasnameum','vol'),(105,'Mollitiaillumrepellendus','inc'),(106,'Quispraesentiumaut','dol'),(107,'Culpaexcepturiinventore','ame'),(108,'Necessitatibusaliquamaliquid','aut'),(109,'Perferendisadvelit','exe'),(110,'Optiodictaerror','est'),(111,'Eaquealiquidcum','mol'),(112,'Inventoreetsit','lab'),(113,'Facereteneturaut','ida'),(114,'Quoplaceatunde','ill'),(115,'Placeatrationenesciunt','ips'),(116,'Istesapientein','qui'),(117,'Quibusdamquicommodi','nih'),(118,'Utasperioresminima','ius'),(119,'Beataelaborumin','eos'),(120,'Quiavoluptatemexcepturi','non'),(121,'Auteumsit','eum'),(122,'Automnisest','dis'),(123,'Velitindolorum','acc'),(124,'Laboreillumullam','lab'),(125,'Eumeiusmaxime','etq'),(126,'Great Pyramid of Giza','ZZZ'),(127,'Illovelitfacere','ten'),(128,'Cumqueundenisi','nis'),(129,'Utametrerum','eni'),(130,'Nesciuntdolorenumquam','sit'),(131,'Rerumvoluptatibusneque','des'),(132,'Quiseosexercitationem','sit'),(133,'Beataenostrumsed','omn'),(134,'Etata','par'),(135,'Laudantiumofficiaquia','qui'),(136,'Etomnisquam','ver'),(137,'Ducimusmodiet','mag'),(138,'Nonvoluptatumlaudantium','est'),(139,'Quiamolestiaeaut','eta'),(140,'Sapienteoditqui','rem'),(141,'Doloremsimiliqueanimi','qua'),(142,'Easitamet','vol'),(143,'Etquasprovident','ete'),(144,'Placeatuteos','exp'),(145,'Minimarecusandaeaut','ani'),(146,'Molestiaeconsequaturdistinctio','exe'),(147,'Ducimusnonut','off'),(148,'Optiosinteum','aut'),(149,'Totamsolutaconsequatur','sim'),(150,'Indebitisvoluptatem','neq'),(151,'Quamcorruptiid','vol'),(152,'Utnostrumsed','eni'),(153,'Velundealias','duc'),(154,'Veronihilvoluptatem','con'),(155,'Voluptatemetest','und'),(156,'Doloredignissimosnostrum','aut'),(157,'Omnisautfacilis','ali'),(158,'Etutaut','fug'),(159,'Sequisedaliquam','utp'),(160,'Sitquisin','eni'),(161,'Porrovoluptasvoluptas','est'),(162,'Adipisciplaceatest','vol'),(163,'Quoestquas','sed'),(164,'Laboriosamconsequunturnisi','utl'),(165,'Suntquamrecusandae','lab'),(166,'Nostrumreiciendisqui','rep'),(167,'Sapientequivoluptate','del'),(168,'Excepturioptioomnis','sim'),(169,'Similiqueillumimpedit','off'),(170,'Experspiciatisquis','eos'),(171,'Rationeutarchitecto','dol'),(172,'Maximeatnisi','cum'),(173,'Fugiatanimidolores','qui'),(174,'Dictadebitismodi','off'),(175,'Occaecatiinventorecum','cup'),(176,'Quodinvoluptas','non'),(177,'Molestiaevitaeet','qui'),(178,'Aofficiiseveniet','ute'),(179,'Quiafugitomnis','par'),(180,'Blanditiisquisalias','eaq'),(181,'Eoshicfugit','qui'),(182,'Quiquitemporibus','sap'),(183,'Hiceaquereiciendis','sed'),(184,'Perferendisquasiofficiis','nat'),(185,'Sintnulladoloremque','dol');
/*!40000 ALTER TABLE `buildings` ENABLE KEYS */;
UNLOCK TABLES;

--
-- Table structure for table `contract_lines`
--

DROP TABLE IF EXISTS `contract_lines`;
/*!40101 SET @saved_cs_client     = @@character_set_client */;
/*!40101 SET character_set_client = utf8 */;
CREATE TABLE `contract_lines` (
  `id` int(11) NOT NULL AUTO_INCREMENT,
  `contract_id` int(11) DEFAULT NULL,
  `type` varchar(255) COLLATE utf8_unicode_ci NOT NULL DEFAULT 'ItemLine',
  `item_id` int(11) DEFAULT NULL,
  `model_id` int(11) DEFAULT NULL,
  `quantity` int(11) DEFAULT '1',
  `start_date` date DEFAULT NULL,
  `end_date` date DEFAULT NULL,
  `returned_date` date DEFAULT NULL,
  `option_id` int(11) DEFAULT NULL,
  `purpose_id` int(11) DEFAULT NULL,
  `returned_to_user_id` int(11) DEFAULT NULL,
  `created_at` datetime DEFAULT NULL,
  `updated_at` datetime DEFAULT NULL,
  PRIMARY KEY (`id`),
  KEY `index_contract_lines_on_start_date` (`start_date`),
  KEY `index_contract_lines_on_end_date` (`end_date`),
  KEY `index_contract_lines_on_option_id` (`option_id`),
  KEY `index_contract_lines_on_contract_id` (`contract_id`),
  KEY `index_contract_lines_on_item_id` (`item_id`),
  KEY `index_contract_lines_on_model_id` (`model_id`),
  KEY `index_contract_lines_on_returned_date_and_contract_id` (`returned_date`,`contract_id`),
  KEY `index_contract_lines_on_type_and_contract_id` (`type`,`contract_id`)
) ENGINE=InnoDB AUTO_INCREMENT=168 DEFAULT CHARSET=utf8 COLLATE=utf8_unicode_ci;
/*!40101 SET character_set_client = @saved_cs_client */;

--
-- Dumping data for table `contract_lines`
--

LOCK TABLES `contract_lines` WRITE;
/*!40000 ALTER TABLE `contract_lines` DISABLE KEYS */;
INSERT INTO `contract_lines` VALUES (1,1,'ItemLine',NULL,1,1,'2017-06-12','2017-06-12',NULL,NULL,NULL,NULL,'2017-06-12 20:33:37','2017-06-12 20:33:37'),(2,1,'ItemLine',NULL,5,1,'2017-06-12','2017-06-12',NULL,NULL,NULL,NULL,'2017-06-12 20:33:37','2017-06-12 20:33:37'),(3,1,'ItemLine',NULL,9,1,'2017-06-12','2017-06-12',NULL,NULL,NULL,NULL,'2017-06-12 20:33:37','2017-06-12 20:33:37'),(4,1,'ItemLine',NULL,13,1,'2017-06-12','2017-06-12',NULL,NULL,NULL,NULL,'2017-06-12 20:33:37','2017-06-12 20:33:37'),(5,1,'ItemLine',NULL,17,1,'2017-06-12','2017-06-12',NULL,NULL,NULL,NULL,'2017-06-12 20:33:37','2017-06-12 20:33:37'),(6,1,'ItemLine',NULL,21,1,'2017-06-12','2017-06-12',NULL,NULL,NULL,NULL,'2017-06-12 20:33:37','2017-06-12 20:33:37'),(7,2,'ItemLine',NULL,25,1,'2017-06-12','2017-06-12',NULL,NULL,1,NULL,'2017-06-12 20:33:37','2017-06-12 20:33:37'),(8,2,'ItemLine',NULL,29,1,'2017-06-12','2017-06-12',NULL,NULL,1,NULL,'2017-06-12 20:33:37','2017-06-12 20:33:37'),(9,2,'ItemLine',NULL,33,1,'2017-06-12','2017-06-12',NULL,NULL,1,NULL,'2017-06-12 20:33:37','2017-06-12 20:33:37'),(10,2,'ItemLine',NULL,37,1,'2017-06-12','2017-06-12',NULL,NULL,1,NULL,'2017-06-12 20:33:37','2017-06-12 20:33:37'),(11,2,'ItemLine',NULL,41,1,'2017-06-12','2017-06-12',NULL,NULL,1,NULL,'2017-06-12 20:33:37','2017-06-12 20:33:37'),(12,3,'ItemLine',NULL,45,1,'2017-06-12','2017-06-12','2017-06-12',NULL,2,1,'2017-06-12 20:33:37','2017-06-12 20:33:37'),(13,3,'ItemLine',NULL,49,1,'2017-06-12','2017-06-12','2017-06-12',NULL,2,1,'2017-06-12 20:33:37','2017-06-12 20:33:37'),(14,3,'ItemLine',NULL,53,1,'2017-06-12','2017-06-12','2017-06-12',NULL,2,1,'2017-06-12 20:33:37','2017-06-12 20:33:37'),(15,3,'ItemLine',NULL,57,1,'2017-06-12','2017-06-12','2017-06-12',NULL,2,1,'2017-06-12 20:33:37','2017-06-12 20:33:37'),(16,4,'ItemLine',NULL,173,1,'2017-06-12','2017-06-12',NULL,NULL,3,NULL,'2017-06-11 17:55:23','2017-06-11 17:55:23'),(17,4,'ItemLine',NULL,174,1,'2017-06-12','2017-06-12',NULL,NULL,3,NULL,'2017-06-11 17:55:23','2017-06-11 17:55:23'),(18,4,'ItemLine',NULL,175,1,'2017-06-12','2017-06-12',NULL,NULL,3,NULL,'2017-06-11 17:55:23','2017-06-11 17:55:23'),(19,4,'ItemLine',NULL,176,1,'2017-06-12','2017-06-12',NULL,NULL,3,NULL,'2017-06-11 17:55:23','2017-06-11 17:55:23'),(20,5,'ItemLine',NULL,180,1,'2017-06-12','2017-06-12',NULL,NULL,4,NULL,'2017-06-11 17:55:23','2017-06-11 17:55:23'),(21,5,'ItemLine',NULL,181,1,'2017-06-12','2017-06-12',NULL,NULL,4,NULL,'2017-06-11 17:55:23','2017-06-11 17:55:23'),(22,5,'ItemLine',NULL,182,1,'2017-06-12','2017-06-12',NULL,NULL,4,NULL,'2017-06-11 17:55:23','2017-06-11 17:55:23'),(23,5,'ItemLine',NULL,183,1,'2017-06-12','2017-06-12',NULL,NULL,4,NULL,'2017-06-11 17:55:23','2017-06-11 17:55:23'),(24,5,'ItemLine',NULL,184,1,'2017-06-12','2017-06-12',NULL,NULL,4,NULL,'2017-06-11 17:55:23','2017-06-11 17:55:23'),(25,5,'ItemLine',NULL,185,1,'2017-06-12','2017-06-12',NULL,NULL,4,NULL,'2017-06-11 17:55:23','2017-06-11 17:55:23'),(26,6,'ItemLine',NULL,189,1,'2017-06-12','2017-06-12',NULL,NULL,5,NULL,'2017-06-11 17:55:23','2017-06-11 17:55:23'),(27,6,'ItemLine',NULL,190,1,'2017-06-12','2017-06-12',NULL,NULL,5,NULL,'2017-06-11 17:55:23','2017-06-11 17:55:23'),(28,6,'ItemLine',NULL,191,1,'2017-06-12','2017-06-12',NULL,NULL,5,NULL,'2017-06-11 17:55:23','2017-06-11 17:55:23'),(29,6,'ItemLine',NULL,192,1,'2017-06-12','2017-06-12',NULL,NULL,5,NULL,'2017-06-11 17:55:23','2017-06-11 17:55:23'),(30,7,'ItemLine',NULL,196,1,'2017-06-12','2017-06-12',NULL,NULL,6,NULL,'2017-06-12 18:17:27','2017-06-12 18:17:27'),(31,7,'ItemLine',NULL,197,1,'2017-06-12','2017-06-12',NULL,NULL,6,NULL,'2017-06-12 18:17:27','2017-06-12 18:17:27'),(32,7,'ItemLine',NULL,198,1,'2017-06-12','2017-06-12',NULL,NULL,6,NULL,'2017-06-12 18:17:27','2017-06-12 18:17:27'),(33,7,'ItemLine',NULL,199,1,'2017-06-12','2017-06-12',NULL,NULL,6,NULL,'2017-06-12 18:17:27','2017-06-12 18:17:27'),(34,8,'ItemLine',NULL,200,1,'2017-06-07','2017-06-07',NULL,NULL,7,NULL,'2017-06-07 08:10:24','2017-06-07 08:10:24'),(35,8,'ItemLine',NULL,201,1,'2017-06-07','2017-06-07',NULL,NULL,7,NULL,'2017-06-07 08:10:24','2017-06-07 08:10:24'),(36,8,'ItemLine',NULL,202,1,'2017-06-07','2017-06-07',NULL,NULL,7,NULL,'2017-06-07 08:10:24','2017-06-07 08:10:24'),(37,8,'ItemLine',NULL,203,1,'2017-06-07','2017-06-07',NULL,NULL,7,NULL,'2017-06-07 08:10:24','2017-06-07 08:10:24'),(38,8,'ItemLine',NULL,204,1,'2017-06-07','2017-06-07',NULL,NULL,7,NULL,'2017-06-07 08:10:24','2017-06-07 08:10:24'),(39,8,'ItemLine',NULL,204,1,'2017-06-07','2017-06-07',NULL,NULL,7,NULL,'2017-06-07 08:10:24','2017-06-07 08:10:24'),(40,9,'ItemLine',NULL,208,1,'2017-06-12','2017-06-12',NULL,NULL,8,NULL,'2017-06-12 20:33:37','2017-06-12 20:33:37'),(41,9,'ItemLine',NULL,209,1,'2017-06-12','2017-06-12',NULL,NULL,8,NULL,'2017-06-12 20:33:37','2017-06-12 20:33:37'),(42,9,'ItemLine',NULL,210,1,'2017-06-12','2017-06-12',NULL,NULL,8,NULL,'2017-06-12 20:33:37','2017-06-12 20:33:37'),(43,9,'ItemLine',NULL,211,1,'2017-06-12','2017-06-12',NULL,NULL,8,NULL,'2017-06-12 20:33:37','2017-06-12 20:33:37'),(44,10,'ItemLine',NULL,215,1,'2017-06-12','2017-06-12',NULL,NULL,9,NULL,'2017-06-12 20:33:37','2017-06-12 20:33:37'),(45,10,'ItemLine',NULL,216,1,'2017-06-12','2017-06-12',NULL,NULL,9,NULL,'2017-06-12 20:33:37','2017-06-12 20:33:37'),(46,10,'ItemLine',NULL,217,1,'2017-06-12','2017-06-12',NULL,NULL,9,NULL,'2017-06-12 20:33:37','2017-06-12 20:33:37'),(47,11,'ItemLine',NULL,218,1,'2017-06-12','2017-06-12',NULL,NULL,10,NULL,'2017-06-12 20:33:37','2017-06-12 20:33:37'),(48,11,'ItemLine',NULL,219,1,'2017-06-12','2017-06-12',NULL,NULL,10,NULL,'2017-06-12 20:33:37','2017-06-12 20:33:37'),(49,11,'ItemLine',NULL,220,1,'2017-06-12','2017-06-12',NULL,NULL,10,NULL,'2017-06-12 20:33:37','2017-06-12 20:33:37'),(50,11,'ItemLine',NULL,221,1,'2017-06-12','2017-06-12',NULL,NULL,10,NULL,'2017-06-12 20:33:37','2017-06-12 20:33:37'),(51,12,'ItemLine',NULL,222,1,'2017-06-12','2017-06-12',NULL,NULL,11,NULL,'2017-06-12 20:33:37','2017-06-12 20:33:37'),(52,12,'ItemLine',NULL,223,1,'2017-06-12','2017-06-12',NULL,NULL,11,NULL,'2017-06-12 20:33:37','2017-06-12 20:33:37'),(53,12,'ItemLine',NULL,224,1,'2017-06-12','2017-06-12',NULL,NULL,11,NULL,'2017-06-12 20:33:37','2017-06-12 20:33:37'),(54,12,'ItemLine',NULL,225,1,'2017-06-12','2017-06-12',NULL,NULL,11,NULL,'2017-06-12 20:33:37','2017-06-12 20:33:37'),(55,13,'ItemLine',34,45,1,'2017-06-12','2017-06-12',NULL,NULL,12,NULL,'2017-06-12 20:33:37','2017-06-12 20:33:37'),(56,13,'ItemLine',35,45,1,'2017-06-12','2017-06-12',NULL,NULL,12,NULL,'2017-06-12 20:33:37','2017-06-12 20:33:37'),(57,13,'ItemLine',36,45,1,'2017-06-12','2017-06-12',NULL,NULL,12,NULL,'2017-06-12 20:33:37','2017-06-12 20:33:37'),(58,13,'ItemLine',37,49,1,'2017-06-12','2017-06-12',NULL,NULL,12,NULL,'2017-06-12 20:33:37','2017-06-12 20:33:37'),(59,13,'ItemLine',38,49,1,'2017-06-12','2017-06-12',NULL,NULL,12,NULL,'2017-06-12 20:33:37','2017-06-12 20:33:37'),(60,13,'ItemLine',39,49,1,'2017-06-12','2017-06-12',NULL,NULL,12,NULL,'2017-06-12 20:33:37','2017-06-12 20:33:37'),(61,13,'ItemLine',40,53,1,'2017-06-12','2017-06-12',NULL,NULL,12,NULL,'2017-06-12 20:33:37','2017-06-12 20:33:37'),(62,13,'ItemLine',41,53,1,'2017-06-12','2017-06-12',NULL,NULL,12,NULL,'2017-06-12 20:33:37','2017-06-12 20:33:37'),(63,13,'ItemLine',42,53,1,'2017-06-12','2017-06-12',NULL,NULL,12,NULL,'2017-06-12 20:33:37','2017-06-12 20:33:37'),(64,13,'ItemLine',43,57,1,'2017-06-12','2017-06-12',NULL,NULL,12,NULL,'2017-06-12 20:33:37','2017-06-12 20:33:37'),(65,13,'ItemLine',44,57,1,'2017-06-12','2017-06-12',NULL,NULL,12,NULL,'2017-06-12 20:33:37','2017-06-12 20:33:37'),(66,13,'ItemLine',45,57,1,'2017-06-12','2017-06-12',NULL,NULL,12,NULL,'2017-06-12 20:33:37','2017-06-12 20:33:37'),(67,13,'ItemLine',48,62,1,'2017-06-12','2017-06-12',NULL,NULL,12,NULL,'2017-06-12 20:33:37','2017-06-12 20:33:37'),(68,13,'ItemLine',49,62,1,'2017-06-12','2017-06-12',NULL,NULL,12,NULL,'2017-06-12 20:33:37','2017-06-12 20:33:37'),(69,13,'ItemLine',50,63,1,'2017-06-12','2017-06-12',NULL,NULL,12,NULL,'2017-06-12 20:33:37','2017-06-12 20:33:37'),(70,13,'ItemLine',52,65,1,'2017-06-12','2017-06-12',NULL,NULL,12,NULL,'2017-06-12 20:33:37','2017-06-12 20:33:37'),(71,13,'ItemLine',53,66,1,'2017-06-12','2017-06-12',NULL,NULL,12,NULL,'2017-06-12 20:33:37','2017-06-12 20:33:37'),(72,13,'ItemLine',54,67,1,'2017-06-12','2017-06-12',NULL,NULL,12,NULL,'2017-06-12 20:33:37','2017-06-12 20:33:37'),(73,13,'ItemLine',55,68,1,'2017-06-12','2017-06-12',NULL,NULL,12,NULL,'2017-06-12 20:33:37','2017-06-12 20:33:37'),(74,13,'ItemLine',56,69,1,'2017-06-12','2017-06-12',NULL,NULL,12,NULL,'2017-06-12 20:33:37','2017-06-12 20:33:37'),(75,13,'ItemLine',57,70,1,'2017-06-12','2017-06-12',NULL,NULL,12,NULL,'2017-06-12 20:33:37','2017-06-12 20:33:37'),(76,13,'ItemLine',58,71,1,'2017-06-12','2017-06-12',NULL,NULL,12,NULL,'2017-06-12 20:33:37','2017-06-12 20:33:37'),(77,13,'ItemLine',59,72,1,'2017-06-12','2017-06-12',NULL,NULL,12,NULL,'2017-06-12 20:33:37','2017-06-12 20:33:37'),(78,13,'ItemLine',60,73,1,'2017-06-12','2017-06-12',NULL,NULL,12,NULL,'2017-06-12 20:33:37','2017-06-12 20:33:37'),(79,13,'ItemLine',61,74,1,'2017-06-12','2017-06-12',NULL,NULL,12,NULL,'2017-06-12 20:33:37','2017-06-12 20:33:37'),(80,13,'ItemLine',62,75,1,'2017-06-12','2017-06-12',NULL,NULL,12,NULL,'2017-06-12 20:33:37','2017-06-12 20:33:37'),(81,13,'ItemLine',63,76,1,'2017-06-12','2017-06-12',NULL,NULL,12,NULL,'2017-06-12 20:33:37','2017-06-12 20:33:37'),(82,13,'ItemLine',64,77,1,'2017-06-12','2017-06-12',NULL,NULL,12,NULL,'2017-06-12 20:33:37','2017-06-12 20:33:37'),(83,13,'ItemLine',65,78,1,'2017-06-12','2017-06-12',NULL,NULL,12,NULL,'2017-06-12 20:33:37','2017-06-12 20:33:37'),(84,13,'ItemLine',66,79,1,'2017-06-12','2017-06-12',NULL,NULL,12,NULL,'2017-06-12 20:33:37','2017-06-12 20:33:37'),(85,14,'OptionLine',NULL,NULL,2,'2017-06-12','2017-06-12',NULL,4,13,NULL,'2017-06-12 20:33:37','2017-06-12 20:33:37'),(86,14,'ItemLine',219,226,1,'2017-06-12','2017-06-12',NULL,NULL,13,NULL,'2017-06-12 20:33:37','2017-06-12 20:33:37'),(87,15,'OptionLine',NULL,NULL,2,'2017-06-12','2017-06-12',NULL,5,14,NULL,'2017-06-12 20:33:37','2017-06-12 20:33:37'),(88,15,'OptionLine',NULL,NULL,1,'2017-06-12','2017-07-12',NULL,5,14,NULL,'2017-06-12 20:33:37','2017-06-12 20:33:37'),(89,16,'ItemLine',220,227,1,'2017-06-12','2017-06-12',NULL,NULL,15,NULL,'2017-06-12 20:33:37','2017-06-12 20:33:37'),(90,17,'ItemLine',221,228,1,'2017-06-07','2017-06-11',NULL,NULL,16,NULL,'2017-06-07 00:00:00','2017-06-07 00:00:00'),(91,17,'OptionLine',NULL,NULL,1,'2017-06-07','2017-06-11',NULL,6,16,NULL,'2017-06-07 00:00:00','2017-06-07 00:00:00'),(92,18,'ItemLine',224,232,1,'2017-06-12','2017-06-12','2017-06-12',NULL,17,NULL,'2017-06-12 20:33:37','2017-06-12 20:33:37'),(93,19,'ItemLine',225,233,1,'2017-06-12','2017-06-12','2017-06-12',NULL,18,NULL,'2017-06-12 20:33:37','2017-06-12 20:33:37'),(94,20,'ItemLine',NULL,236,1,'2017-06-12','2017-06-12',NULL,NULL,19,NULL,'2017-06-12 20:33:37','2017-06-12 20:33:37'),(95,20,'ItemLine',NULL,237,1,'2017-06-12','2017-06-12',NULL,NULL,19,NULL,'2017-06-12 20:33:37','2017-06-12 20:33:37'),(96,20,'ItemLine',NULL,238,1,'2017-06-12','2017-06-12',NULL,NULL,19,NULL,'2017-06-12 20:33:37','2017-06-12 20:33:37'),(97,21,'ItemLine',231,239,1,'2017-06-12','2017-06-12',NULL,NULL,20,NULL,'2017-06-12 20:33:37','2017-06-12 20:33:37'),(98,21,'ItemLine',232,240,1,'2017-06-12','2017-06-12',NULL,NULL,20,NULL,'2017-06-12 20:33:37','2017-06-12 20:33:37'),(99,21,'ItemLine',233,241,1,'2017-06-12','2017-06-12',NULL,NULL,20,NULL,'2017-06-12 20:33:37','2017-06-12 20:33:37'),(100,21,'ItemLine',234,242,1,'2017-06-12','2017-06-12',NULL,NULL,20,NULL,'2017-06-12 20:33:37','2017-06-12 20:33:37'),(101,21,'ItemLine',235,243,1,'2017-06-12','2017-06-12',NULL,NULL,20,NULL,'2017-06-12 20:33:37','2017-06-12 20:33:37'),(102,22,'ItemLine',236,244,1,'2017-06-12','2017-06-12',NULL,NULL,21,NULL,'2017-06-12 20:33:37','2017-06-12 20:33:37'),(103,22,'ItemLine',237,245,1,'2017-06-12','2017-06-12',NULL,NULL,21,NULL,'2017-06-12 20:33:37','2017-06-12 20:33:37'),(104,22,'ItemLine',238,246,1,'2017-06-12','2017-06-12',NULL,NULL,21,NULL,'2017-06-12 20:33:37','2017-06-12 20:33:37'),(105,23,'ItemLine',239,247,1,'2017-06-07','2017-06-07',NULL,NULL,22,NULL,'2017-06-07 00:00:00','2017-06-07 00:00:00'),(106,23,'ItemLine',240,248,1,'2017-06-07','2017-06-07',NULL,NULL,22,NULL,'2017-06-07 00:00:00','2017-06-07 00:00:00'),(107,23,'ItemLine',241,249,1,'2017-06-07','2017-06-07',NULL,NULL,22,NULL,'2017-06-07 00:00:00','2017-06-07 00:00:00'),(108,24,'ItemLine',NULL,88,1,'2017-06-19','2017-06-22',NULL,NULL,23,NULL,'2017-06-12 20:33:37','2017-06-12 20:33:37'),(109,24,'ItemLine',NULL,88,1,'2017-06-19','2017-06-22',NULL,NULL,23,NULL,'2017-06-12 20:33:37','2017-06-12 20:33:37'),(110,24,'ItemLine',NULL,88,1,'2017-06-19','2017-06-22',NULL,NULL,23,NULL,'2017-06-12 20:33:37','2017-06-12 20:33:37'),(111,24,'ItemLine',NULL,88,1,'2017-06-19','2017-06-22',NULL,NULL,23,NULL,'2017-06-12 20:33:37','2017-06-12 20:33:37'),(112,24,'ItemLine',NULL,120,1,'2017-06-19','2017-06-22',NULL,NULL,23,NULL,'2017-06-12 20:33:37','2017-06-12 20:33:37'),(113,24,'ItemLine',NULL,120,1,'2017-06-19','2017-06-22',NULL,NULL,23,NULL,'2017-06-12 20:33:37','2017-06-12 20:33:37'),(114,24,'ItemLine',NULL,120,1,'2017-06-19','2017-06-22',NULL,NULL,23,NULL,'2017-06-12 20:33:37','2017-06-12 20:33:37'),(115,24,'ItemLine',NULL,120,1,'2017-06-19','2017-06-22',NULL,NULL,23,NULL,'2017-06-12 20:33:37','2017-06-12 20:33:37'),(116,24,'ItemLine',NULL,120,1,'2017-06-19','2017-06-22',NULL,NULL,23,NULL,'2017-06-12 20:33:37','2017-06-12 20:33:37'),(117,25,'ItemLine',NULL,250,1,'2017-06-12','2017-06-12',NULL,NULL,24,NULL,'2017-06-12 20:33:37','2017-06-12 20:33:37'),(118,25,'ItemLine',NULL,254,1,'2017-06-12','2017-06-12',NULL,NULL,24,NULL,'2017-06-12 20:33:37','2017-06-12 20:33:37'),(119,25,'ItemLine',NULL,258,1,'2017-06-12','2017-06-12',NULL,NULL,24,NULL,'2017-06-12 20:33:37','2017-06-12 20:33:37'),(120,25,'ItemLine',NULL,262,1,'2017-06-12','2017-06-12',NULL,NULL,24,NULL,'2017-06-12 20:33:37','2017-06-12 20:33:37'),(121,26,'ItemLine',NULL,266,1,'2017-06-12','2017-06-12',NULL,NULL,25,NULL,'2017-06-12 20:33:37','2017-06-12 20:33:37'),(122,26,'ItemLine',NULL,270,1,'2017-06-12','2017-06-12',NULL,NULL,25,NULL,'2017-06-12 20:33:37','2017-06-12 20:33:37'),(123,26,'ItemLine',NULL,274,1,'2017-06-12','2017-06-12',NULL,NULL,25,NULL,'2017-06-12 20:33:37','2017-06-12 20:33:37'),(124,27,'ItemLine',NULL,278,1,'2017-06-12','2017-06-12',NULL,NULL,26,NULL,'2017-06-12 20:33:37','2017-06-12 20:33:37'),(125,27,'ItemLine',NULL,282,1,'2017-06-12','2017-06-12',NULL,NULL,26,NULL,'2017-06-12 20:33:37','2017-06-12 20:33:37'),(126,27,'ItemLine',NULL,286,1,'2017-06-12','2017-06-12',NULL,NULL,26,NULL,'2017-06-12 20:33:37','2017-06-12 20:33:37'),(127,27,'ItemLine',NULL,290,1,'2017-06-12','2017-06-12',NULL,NULL,26,NULL,'2017-06-12 20:33:37','2017-06-12 20:33:37'),(128,28,'ItemLine',NULL,120,1,'2017-06-12','2017-06-12',NULL,NULL,27,NULL,'2017-06-12 20:33:37','2017-06-12 20:33:37'),(129,29,'ItemLine',NULL,120,1,'2017-06-12','2017-06-12',NULL,NULL,28,NULL,'2017-06-12 20:33:37','2017-06-12 20:33:37'),(130,29,'ItemLine',NULL,88,1,'2017-06-12','2017-06-12',NULL,NULL,28,NULL,'2017-06-12 20:33:37','2017-06-12 20:33:37'),(131,30,'ItemLine',NULL,120,1,'2017-06-19','2017-06-20',NULL,NULL,29,NULL,'2017-06-12 20:33:37','2017-06-12 20:33:37'),(132,31,'ItemLine',NULL,62,1,'2017-06-12','2017-06-12',NULL,NULL,30,NULL,'2017-06-12 20:33:37','2017-06-12 20:33:37'),(133,31,'ItemLine',NULL,62,1,'2017-06-12','2017-06-12',NULL,NULL,30,NULL,'2017-06-12 20:33:37','2017-06-12 20:33:37'),(134,31,'ItemLine',NULL,62,1,'2017-06-12','2017-06-12',NULL,NULL,30,NULL,'2017-06-12 20:33:37','2017-06-12 20:33:37'),(135,32,'ItemLine',NULL,88,1,'2017-06-12','2017-06-12',NULL,NULL,31,NULL,'2017-06-12 20:33:37','2017-06-12 20:33:37'),(136,32,'ItemLine',NULL,120,1,'2017-06-12','2017-06-12',NULL,NULL,31,NULL,'2017-06-12 20:33:37','2017-06-12 20:33:37'),(137,32,'ItemLine',NULL,88,1,'2017-06-12','2017-06-12',NULL,NULL,31,NULL,'2017-06-12 20:33:37','2017-06-12 20:33:37'),(138,32,'ItemLine',NULL,120,1,'2017-06-12','2017-06-12',NULL,NULL,31,NULL,'2017-06-12 20:33:37','2017-06-12 20:33:37'),(139,32,'ItemLine',NULL,88,1,'2017-06-12','2017-06-12',NULL,NULL,31,NULL,'2017-06-12 20:33:37','2017-06-12 20:33:37'),(140,32,'ItemLine',NULL,120,1,'2017-06-12','2017-06-12',NULL,NULL,31,NULL,'2017-06-12 20:33:37','2017-06-12 20:33:37'),(141,32,'OptionLine',NULL,NULL,5,'2017-06-12','2017-06-12',NULL,1,31,NULL,'2017-06-12 20:33:37','2017-06-12 20:33:37'),(142,33,'ItemLine',NULL,159,1,'2017-06-12','2017-06-12',NULL,NULL,NULL,NULL,'2017-06-12 20:33:37','2017-06-12 20:33:37'),(143,34,'ItemLine',275,294,1,'2017-06-12','2017-06-12',NULL,NULL,NULL,NULL,'2017-06-12 20:33:37','2017-06-12 20:33:37'),(144,35,'ItemLine',75,88,1,'2017-06-12','2017-06-12',NULL,NULL,34,NULL,'2017-06-12 20:33:37','2017-06-12 20:33:37'),(145,36,'ItemLine',276,295,1,'2017-06-12','2017-06-12',NULL,NULL,35,NULL,'2017-06-12 20:33:37','2017-06-12 20:33:37'),(146,37,'ItemLine',46,61,1,'2017-06-12','2017-06-12',NULL,NULL,36,NULL,'2017-06-12 20:33:37','2017-06-12 20:33:37'),(147,37,'ItemLine',272,290,1,'2017-06-12','2017-06-12','2017-06-12',NULL,36,18,'2017-06-12 20:33:37','2017-06-12 20:33:37'),(148,38,'ItemLine',51,62,1,'2017-06-12','2017-06-12',NULL,NULL,37,NULL,'2017-06-12 20:33:37','2017-06-12 20:33:37'),(149,39,'ItemLine',277,296,1,'2017-06-12','2017-06-12',NULL,NULL,38,NULL,'2017-06-12 20:33:37','2017-06-12 20:33:37'),(150,40,'ItemLine',116,123,1,'2017-06-12','2017-06-13',NULL,NULL,39,NULL,'2017-06-12 20:33:37','2017-06-12 20:33:37'),(151,41,'ItemLine',NULL,88,1,'2017-06-19','2017-06-22',NULL,NULL,40,NULL,'2017-06-12 20:33:37','2017-06-12 20:33:37'),(152,41,'ItemLine',NULL,120,1,'2017-06-19','2017-06-22',NULL,NULL,40,NULL,'2017-06-12 20:33:37','2017-06-12 20:33:37'),(153,41,'ItemLine',NULL,120,1,'2017-06-20','2017-06-23',NULL,NULL,40,NULL,'2017-06-12 20:33:37','2017-06-12 20:33:37'),(154,42,'ItemLine',NULL,66,1,'2017-06-12','2017-06-13',NULL,NULL,40,NULL,'2017-06-12 20:33:37','2017-06-12 20:33:37'),(155,43,'ItemLine',NULL,62,1,'2017-06-10','2017-06-13',NULL,NULL,41,NULL,'2017-06-12 20:33:37','2017-06-12 20:33:37'),(156,43,'ItemLine',NULL,297,1,'2017-06-10','2017-06-13',NULL,NULL,41,NULL,'2017-06-12 20:33:37','2017-06-12 20:33:37'),(157,44,'ItemLine',145,62,1,'2017-06-12','2017-06-12',NULL,NULL,42,NULL,'2017-06-12 20:33:37','2017-06-12 20:33:37'),(158,44,'OptionLine',NULL,NULL,1,'2017-06-12','2017-06-12',NULL,1,42,NULL,'2017-06-12 20:33:37','2017-06-12 20:33:37'),(159,45,'ItemLine',NULL,88,1,'2017-07-19','2017-07-27',NULL,NULL,43,NULL,'2017-06-12 20:33:37','2017-06-12 20:33:37'),(160,46,'ItemLine',NULL,88,1,'2017-08-03','2017-08-06',NULL,NULL,44,NULL,'2017-06-12 20:33:37','2017-06-12 20:33:37'),(161,46,'ItemLine',NULL,88,1,'2017-08-03','2017-08-06',NULL,NULL,44,NULL,'2017-06-12 20:33:37','2017-06-12 20:33:37'),(162,46,'ItemLine',NULL,88,1,'2017-08-03','2017-08-06',NULL,NULL,44,NULL,'2017-06-12 20:33:37','2017-06-12 20:33:37'),(163,46,'ItemLine',NULL,88,1,'2017-08-03','2017-08-06',NULL,NULL,44,NULL,'2017-06-12 20:33:37','2017-06-12 20:33:37'),(164,46,'ItemLine',NULL,88,1,'2017-08-03','2017-08-06',NULL,NULL,44,NULL,'2017-06-12 20:33:37','2017-06-12 20:33:37'),(165,46,'ItemLine',NULL,88,1,'2017-08-03','2017-08-06',NULL,NULL,44,NULL,'2017-06-12 20:33:37','2017-06-12 20:33:37'),(166,47,'ItemLine',NULL,45,1,'2017-06-12','2017-06-12',NULL,NULL,45,NULL,'2017-06-12 20:33:37','2017-06-12 20:33:37'),(167,48,'ItemLine',111,120,1,'2017-06-07','2017-06-11',NULL,NULL,46,NULL,'2017-06-07 00:00:00','2017-06-07 00:00:00');
/*!40000 ALTER TABLE `contract_lines` ENABLE KEYS */;
UNLOCK TABLES;

--
-- Table structure for table `contracts`
--

DROP TABLE IF EXISTS `contracts`;
/*!40101 SET @saved_cs_client     = @@character_set_client */;
/*!40101 SET character_set_client = utf8 */;
CREATE TABLE `contracts` (
  `id` int(11) NOT NULL AUTO_INCREMENT,
  `user_id` int(11) DEFAULT NULL,
  `delegated_user_id` int(11) DEFAULT NULL,
  `inventory_pool_id` int(11) DEFAULT NULL,
  `note` text COLLATE utf8_unicode_ci,
  `handed_over_by_user_id` int(11) DEFAULT NULL,
  `created_at` datetime DEFAULT NULL,
  `updated_at` datetime DEFAULT NULL,
  `status` enum('unsubmitted','submitted','rejected','approved','signed','closed') COLLATE utf8_unicode_ci NOT NULL,
  PRIMARY KEY (`id`),
  KEY `index_contracts_on_inventory_pool_id` (`inventory_pool_id`),
  KEY `index_contracts_on_status` (`status`),
  KEY `index_contracts_on_user_id` (`user_id`)
) ENGINE=InnoDB AUTO_INCREMENT=49 DEFAULT CHARSET=utf8 COLLATE=utf8_unicode_ci;
/*!40101 SET character_set_client = @saved_cs_client */;

--
-- Dumping data for table `contracts`
--

LOCK TABLES `contracts` WRITE;
/*!40000 ALTER TABLE `contracts` DISABLE KEYS */;
INSERT INTO `contracts` VALUES (1,5,NULL,5,NULL,NULL,'2017-06-12 20:33:37','2017-06-12 20:33:37','unsubmitted'),(2,6,NULL,11,NULL,NULL,'2017-06-12 20:33:37','2017-06-12 20:33:37','approved'),(3,7,NULL,1,NULL,NULL,'2017-06-12 20:33:37','2017-06-12 20:33:37','closed'),(4,12,NULL,1,NULL,NULL,'2017-06-11 17:55:23','2017-06-11 17:55:23','submitted'),(5,12,NULL,1,NULL,NULL,'2017-06-11 17:55:23','2017-06-11 17:55:23','approved'),(6,12,NULL,1,NULL,NULL,'2017-06-11 17:55:23','2017-06-11 17:55:23','rejected'),(7,12,NULL,1,NULL,NULL,'2017-06-12 18:17:27','2017-06-12 18:17:27','submitted'),(8,12,NULL,1,NULL,NULL,'2017-06-07 08:10:24','2017-06-07 08:10:24','submitted'),(9,13,NULL,1,NULL,NULL,'2017-06-12 20:33:37','2017-06-12 20:33:37','submitted'),(10,14,NULL,1,NULL,NULL,'2017-06-12 20:33:37','2017-06-12 20:33:37','submitted'),(11,15,NULL,1,NULL,NULL,'2017-06-12 20:33:37','2017-06-12 20:33:37','submitted'),(12,16,NULL,1,NULL,NULL,'2017-06-12 20:33:37','2017-06-12 20:33:37','submitted'),(13,20,NULL,1,NULL,NULL,'2017-06-12 20:33:37','2017-06-12 20:33:37','approved'),(14,21,NULL,1,NULL,18,'2017-06-12 20:33:37','2017-06-12 20:33:37','signed'),(15,22,NULL,1,NULL,18,'2017-06-12 20:33:37','2017-06-12 20:33:37','signed'),(16,23,NULL,1,NULL,18,'2017-06-12 20:33:37','2017-06-12 20:33:37','signed'),(17,24,NULL,2,NULL,18,'2017-06-07 00:00:00','2017-06-07 00:00:00','signed'),(18,26,NULL,1,NULL,18,'2017-06-12 20:33:37','2017-06-12 20:33:37','closed'),(19,27,NULL,1,NULL,18,'2017-06-12 20:33:37','2017-06-12 20:33:37','closed'),(20,30,28,1,NULL,NULL,'2017-06-12 20:33:37','2017-06-12 20:33:37','submitted'),(21,30,29,1,NULL,NULL,'2017-06-12 20:33:37','2017-06-12 20:33:37','approved'),(22,30,28,1,NULL,18,'2017-06-12 20:33:37','2017-06-12 20:33:37','signed'),(23,30,28,1,NULL,18,'2017-06-07 00:00:00','2017-06-07 00:00:00','signed'),(24,34,NULL,1,NULL,NULL,'2017-06-12 20:33:37','2017-06-12 20:33:37','submitted'),(25,34,NULL,1,NULL,NULL,'2017-06-12 20:33:37','2017-06-12 20:33:37','submitted'),(26,34,NULL,1,NULL,NULL,'2017-06-12 20:33:37','2017-06-12 20:33:37','submitted'),(27,34,NULL,2,NULL,NULL,'2017-06-12 20:33:37','2017-06-12 20:33:37','submitted'),(28,34,NULL,1,NULL,NULL,'2017-06-12 20:33:37','2017-06-12 20:33:37','approved'),(29,34,NULL,1,NULL,NULL,'2017-06-12 20:33:37','2017-06-12 20:33:37','approved'),(30,34,NULL,1,NULL,NULL,'2017-06-12 20:33:37','2017-06-12 20:33:37','approved'),(31,34,NULL,1,NULL,NULL,'2017-06-12 20:33:37','2017-06-12 20:33:37','approved'),(32,34,NULL,1,NULL,NULL,'2017-06-12 20:33:37','2017-06-12 20:33:37','approved'),(33,34,NULL,1,NULL,NULL,'2017-06-12 20:33:37','2017-06-12 20:33:37','approved'),(34,34,NULL,1,NULL,NULL,'2017-06-12 20:33:37','2017-06-12 20:33:37','approved'),(35,34,NULL,1,NULL,18,'2017-06-12 20:33:37','2017-06-12 20:33:37','signed'),(36,34,NULL,1,NULL,18,'2017-06-12 20:33:37','2017-06-12 20:33:37','signed'),(37,34,NULL,2,NULL,18,'2017-06-12 20:33:37','2017-06-12 20:33:37','signed'),(38,34,NULL,2,NULL,18,'2017-06-12 20:33:37','2017-06-12 20:33:37','signed'),(39,34,NULL,2,NULL,18,'2017-06-12 20:33:37','2017-06-12 20:33:37','signed'),(40,34,NULL,1,NULL,18,'2017-06-12 20:33:37','2017-06-12 20:33:37','signed'),(41,35,NULL,1,NULL,NULL,'2017-06-12 20:33:37','2017-06-12 20:33:37','submitted'),(42,35,NULL,1,NULL,NULL,'2017-06-12 20:33:37','2017-06-12 20:33:37','submitted'),(43,35,NULL,1,NULL,NULL,'2017-06-12 20:33:37','2017-06-12 20:33:37','approved'),(44,35,NULL,1,NULL,18,'2017-06-12 20:33:37','2017-06-12 20:33:37','signed'),(45,36,NULL,1,NULL,NULL,'2017-06-12 20:33:37','2017-06-12 20:33:37','submitted'),(46,36,NULL,1,NULL,NULL,'2017-06-12 20:33:37','2017-06-12 20:33:37','submitted'),(47,36,NULL,1,NULL,NULL,'2017-06-12 20:33:37','2017-06-12 20:33:37','approved'),(48,36,NULL,1,NULL,18,'2017-06-07 00:00:00','2017-06-07 00:00:00','signed');
/*!40000 ALTER TABLE `contracts` ENABLE KEYS */;
UNLOCK TABLES;

--
-- Table structure for table `database_authentications`
--

DROP TABLE IF EXISTS `database_authentications`;
/*!40101 SET @saved_cs_client     = @@character_set_client */;
/*!40101 SET character_set_client = utf8 */;
CREATE TABLE `database_authentications` (
  `id` int(11) NOT NULL AUTO_INCREMENT,
  `login` varchar(255) COLLATE utf8_unicode_ci DEFAULT NULL,
  `crypted_password` varchar(40) COLLATE utf8_unicode_ci DEFAULT NULL,
  `salt` varchar(40) COLLATE utf8_unicode_ci DEFAULT NULL,
  `user_id` int(11) DEFAULT NULL,
  `created_at` datetime DEFAULT NULL,
  `updated_at` datetime DEFAULT NULL,
  PRIMARY KEY (`id`)
) ENGINE=InnoDB AUTO_INCREMENT=33 DEFAULT CHARSET=utf8 COLLATE=utf8_unicode_ci;
/*!40101 SET character_set_client = @saved_cs_client */;

--
-- Dumping data for table `database_authentications`
--

LOCK TABLES `database_authentications` WRITE;
/*!40000 ALTER TABLE `database_authentications` DISABLE KEYS */;
INSERT INTO `database_authentications` VALUES (1,'ramon','9545508daf733727740b5c24d6a5ed885bc5e6b3','66a9b276abf798e97fbcfec1451693d95e619e2e',1,'2017-06-12 20:33:37','2017-06-12 20:33:37'),(2,'guy_reinger_7179','e275a6e7c69af1f4f9f1fa5b0b5f4fa3df1ca0a7','b7e8f387ced99f55d1ab2fbeaf66005546c7c69f',2,'2017-06-12 20:33:37','2017-06-12 20:33:37'),(3,'remington_1485','b0bff76104dffcab39068ba9727bc13883618524','ff54566461e3532e5288bfc59ea3ecb67717732f',3,'2017-06-12 20:33:37','2017-06-12 20:33:37'),(4,'lauren_6376','969cd43ae7d3f668a76218d931e7a0cdacf332e8','f9ca9b3eb544166d9c624f066a0cfa7402eae422',4,'2017-06-12 20:33:37','2017-06-12 20:33:37'),(5,'murray_2727','33045b211b6c41b77963c24cad40190619b569c9','3ebdadea3a3e32ba11d0cc1ed62f8da204ad491d',5,'2017-06-12 20:33:37','2017-06-12 20:33:37'),(6,'ibrahim_conroy_6778','4d40838e1cb443ef00ce32e83f2651e3f8159f42','13d5d98390328835312e16b82b7c3599f4ebe33a',6,'2017-06-12 20:33:37','2017-06-12 20:33:37'),(7,'christa_3024','c28c4a3cd13aa487fbf20c3252793c8597ebcc1d','d88f42f4b633a78fc1d7405179c775640af34b74',7,'2017-06-12 20:33:37','2017-06-12 20:33:37'),(8,'matti','2544b5ae30abb993af1c5af02f4b459c5604c74f','4343da3c565639411f5deb70717e807b1ec09cde',8,'2017-06-12 20:33:37','2017-06-12 20:33:37'),(9,'mike','4334706712da68942dcb86694d61c257a28761f6','a0a2bc104f8b50a2ef3b75e0213f28072eeefbe6',9,'2017-06-12 20:33:37','2017-06-12 20:33:37'),(10,'andi','875de1827fc8a2a1511aaf7f895b57f709bd0634','d40da1fc9ee68f13ebfaa00774944439b5940fdc',10,'2017-06-12 20:33:37','2017-06-12 20:33:37'),(11,'abel_3382','abc6e33b5428d2c54dbfeca3e527b34883570982','c74cf2d5ae2755b703684941e66703c96ad9a5f0',11,'2017-06-12 20:33:37','2017-06-12 20:33:37'),(12,'seth_817','a44800be769519da95fafa614cf408da6045822c','2c2b4fe345cd42f9ba7131b831a04fb286532671',12,'2017-06-12 20:33:37','2017-06-12 20:33:37'),(13,'reta.lueilwitz_8073','9022d81eefb0fcd69c9813170db3bccccd205b70','435ee0600e1473cae7481c9e07f39e40b99334f6',13,'2017-06-12 20:33:37','2017-06-12 20:33:37'),(14,'mohammed_9437','3ed8c219965b2da27bd4f88b72ca47605c09f84e','143e23c4f440e77a9459e6391a94d9b50b1d5664',14,'2017-06-12 20:33:37','2017-06-12 20:33:37'),(15,'francesco.koelpin_8699','9365a77448bbe2bef70d1152cbf19e0fdd5436e5','b2cc5546c17fbff0f45e806998c2245d87edd22a',15,'2017-06-12 20:33:37','2017-06-12 20:33:37'),(16,'giovanni_7192','24198853294bc6e6fd93945c4bfb02f5bbd9ffbf','338fb7631c4d7fdd1282cf19e9061db7035da138',16,'2017-06-12 20:33:37','2017-06-12 20:33:37'),(17,'gino','e60dd1d8ca9bb2ccd1f94e866e6627bc20cabceb','b27d65d37b28306f1de1ba7e7e60df304f02ae72',17,'2017-06-12 20:33:37','2017-06-12 20:33:37'),(18,'pius','49fa625c41d7150b36fc4bf2d94d89ff4f5e298d','22dfbf695afc09a82f5e5f701020fc9e81ab9f01',18,'2017-06-12 20:33:37','2017-06-12 20:33:37'),(19,'peter','845ddcc0fdd36d23dfab970eff1da4dfd7531742','d51429cc0b0b9479d9c461aaa7d0f80e44760851',19,'2017-06-12 20:33:37','2017-06-12 20:33:37'),(20,'jedidiah_3533','e40af74a7f4f9a621e68b9036c7040f446882a08','f64e69072dd85a3cd5ff945b861709b66db71a1e',20,'2017-06-12 20:33:37','2017-06-12 20:33:37'),(21,'marty_4245','f2c5a4fabd7267fd4c12c67f77665e43c472c59b','f986d6440fc53b7fed23c4db550b4a5da23541d3',21,'2017-06-12 20:33:37','2017-06-12 20:33:37'),(22,'creola_1398','a224a8cd2be8094ecf41e044aa33e893239c21cc','7fc4b1f3dd4daba6e7bf7b9282ede50e4eefdc52',22,'2017-06-12 20:33:37','2017-06-12 20:33:37'),(23,'ian_thompson_3365','577b75087d804e70a91119bab348fb791f69a7d5','4df3ff7b790ffb41fcf3b5fa6bc57674b0921ac2',23,'2017-06-12 20:33:37','2017-06-12 20:33:37'),(24,'micah_becker_8101','788192f3c88f8b75a0e324ec20a4534f5546194e','317b2bbd16f497695aeec14bd1257cedc9ea49ec',24,'2017-06-07 00:00:00','2017-06-07 00:00:00'),(25,'eden_2151','b61beaf1083ea4ec79ee51858d9befddfb3951da','1a1300f613361f4fd9843b5db0b46c6685fffe3a',25,'2017-06-07 00:00:00','2017-06-07 00:00:00'),(26,'brannon_3182','53b231c165f8e8976870730cb7af48e326c18361','c1aefbb281416ce16b00313808f27999822c06c4',26,'2017-06-12 20:33:37','2017-06-12 20:33:37'),(27,'jenifer.ankunding_626','e0dddb6bcfd441c9e24e5607013f3a7ac7b7a69e','bacb8f827ff78d25f509b0904e9af9715b68bf2b',27,'2017-06-12 20:33:37','2017-06-12 20:33:37'),(28,'mina','95299c6e12854dc968d7e18a8f6c9952d4b2170f','daecc6bfcc42f5396db5fc4bb556088aa601a02e',28,'2017-06-12 20:33:37','2017-06-12 20:33:37'),(29,'julie','5d7473c91bad608da0c08b54e807973a561a8d2d','fc941b86ac3a5427d9efd7a4fca9f801e547eff8',29,'2017-06-12 20:33:37','2017-06-12 20:33:37'),(30,'normin','9431aa0bc77ef78e6e14933fcb5b1accec6ffe9f','a589076d28b13dbae601f552bca6fc1b522a156b',34,'2017-06-12 20:33:37','2017-06-12 20:33:37'),(31,'petra','e90cf57e5dcad0ee49ecf7552077e4efe3644b9b','89d7ca23226923e20eac6e282923f2925fe29fba',35,'2017-06-12 20:33:37','2017-06-12 20:33:37'),(32,'lisa','71b15bfa497181e4e8712c6819196d34784612ee','23d78891f6ea5635e489bbee4fffba97a8fde058',36,'2017-06-12 20:33:37','2017-06-12 20:33:37');
/*!40000 ALTER TABLE `database_authentications` ENABLE KEYS */;
UNLOCK TABLES;

--
-- Table structure for table `delegations_users`
--

DROP TABLE IF EXISTS `delegations_users`;
/*!40101 SET @saved_cs_client     = @@character_set_client */;
/*!40101 SET character_set_client = utf8 */;
CREATE TABLE `delegations_users` (
  `delegation_id` int(11) DEFAULT NULL,
  `user_id` int(11) DEFAULT NULL,
  UNIQUE KEY `index_delegations_users_on_user_id_and_delegation_id` (`user_id`,`delegation_id`),
  KEY `index_delegations_users_on_delegation_id` (`delegation_id`)
) ENGINE=InnoDB DEFAULT CHARSET=utf8 COLLATE=utf8_unicode_ci;
/*!40101 SET character_set_client = @saved_cs_client */;

--
-- Dumping data for table `delegations_users`
--

LOCK TABLES `delegations_users` WRITE;
/*!40000 ALTER TABLE `delegations_users` DISABLE KEYS */;
INSERT INTO `delegations_users` VALUES (30,28),(31,28),(32,28),(33,28),(30,29),(31,29),(32,29),(33,29);
/*!40000 ALTER TABLE `delegations_users` ENABLE KEYS */;
UNLOCK TABLES;

--
-- Table structure for table `groups`
--

DROP TABLE IF EXISTS `groups`;
/*!40101 SET @saved_cs_client     = @@character_set_client */;
/*!40101 SET character_set_client = utf8 */;
CREATE TABLE `groups` (
  `id` int(11) NOT NULL AUTO_INCREMENT,
  `name` varchar(255) COLLATE utf8_unicode_ci DEFAULT NULL,
  `inventory_pool_id` int(11) DEFAULT NULL,
  `is_verification_required` tinyint(1) DEFAULT '0',
  `created_at` datetime DEFAULT NULL,
  `updated_at` datetime DEFAULT NULL,
  PRIMARY KEY (`id`),
  KEY `index_groups_on_inventory_pool_id` (`inventory_pool_id`),
  KEY `index_groups_on_is_verification_required` (`is_verification_required`)
) ENGINE=InnoDB AUTO_INCREMENT=10 DEFAULT CHARSET=utf8 COLLATE=utf8_unicode_ci;
/*!40101 SET character_set_client = @saved_cs_client */;

--
-- Dumping data for table `groups`
--

LOCK TABLES `groups` WRITE;
/*!40000 ALTER TABLE `groups` DISABLE KEYS */;
INSERT INTO `groups` VALUES (1,'Cast',1,0,'2017-06-12 20:33:37','2017-06-12 20:33:37'),(2,'IAD',1,0,'2017-06-12 20:33:37','2017-06-12 20:33:37'),(3,'Wu',1,0,'2017-06-12 20:33:37','2017-06-12 20:33:37'),(4,'Group Hifi',1,0,'2017-06-12 20:33:37','2017-06-12 20:33:37'),(5,'Group A',1,0,'2017-06-12 20:33:37','2017-06-12 20:33:37'),(6,'Group B',1,0,'2017-06-12 20:33:37','2017-06-12 20:33:37'),(7,'FFI',1,1,'2017-06-12 20:33:37','2017-06-12 20:33:37'),(8,'VTO',1,1,'2017-06-12 20:33:37','2017-06-12 20:33:37'),(9,'1. Semester',2,1,'2017-06-12 20:33:37','2017-06-12 20:33:37');
/*!40000 ALTER TABLE `groups` ENABLE KEYS */;
UNLOCK TABLES;

--
-- Table structure for table `groups_users`
--

DROP TABLE IF EXISTS `groups_users`;
/*!40101 SET @saved_cs_client     = @@character_set_client */;
/*!40101 SET character_set_client = utf8 */;
CREATE TABLE `groups_users` (
  `user_id` int(11) DEFAULT NULL,
  `group_id` int(11) DEFAULT NULL,
  UNIQUE KEY `index_groups_users_on_user_id_and_group_id` (`user_id`,`group_id`),
  KEY `index_groups_users_on_group_id` (`group_id`)
) ENGINE=InnoDB DEFAULT CHARSET=utf8 COLLATE=utf8_unicode_ci;
/*!40101 SET character_set_client = @saved_cs_client */;

--
-- Dumping data for table `groups_users`
--

LOCK TABLES `groups_users` WRITE;
/*!40000 ALTER TABLE `groups_users` DISABLE KEYS */;
INSERT INTO `groups_users` VALUES (12,7),(12,8),(13,7),(14,7),(14,8),(15,7),(15,9),(16,7),(34,1),(36,1);
/*!40000 ALTER TABLE `groups_users` ENABLE KEYS */;
UNLOCK TABLES;

--
-- Table structure for table `histories`
--

DROP TABLE IF EXISTS `histories`;
/*!40101 SET @saved_cs_client     = @@character_set_client */;
/*!40101 SET character_set_client = utf8 */;
CREATE TABLE `histories` (
  `id` int(11) NOT NULL AUTO_INCREMENT,
  `text` varchar(255) COLLATE utf8_unicode_ci DEFAULT '',
  `type_const` int(11) DEFAULT NULL,
  `created_at` datetime NOT NULL,
  `target_id` int(11) NOT NULL,
  `target_type` varchar(255) COLLATE utf8_unicode_ci NOT NULL,
  `user_id` int(11) DEFAULT NULL,
  PRIMARY KEY (`id`),
  KEY `index_histories_on_target_type_and_target_id` (`target_type`,`target_id`),
  KEY `index_histories_on_type_const` (`type_const`),
  KEY `index_histories_on_user_id` (`user_id`)
) ENGINE=InnoDB AUTO_INCREMENT=17 DEFAULT CHARSET=utf8 COLLATE=utf8_unicode_ci;
/*!40101 SET character_set_client = @saved_cs_client */;

--
-- Dumping data for table `histories`
--

LOCK TABLES `histories` WRITE;
/*!40000 ALTER TABLE `histories` DISABLE KEYS */;
INSERT INTO `histories` VALUES (1,'Contract 14 has been signed by Shaylee Rodriguez',1,'2017-06-12 20:33:37',14,'Contract',18),(2,'Contract 15 has been signed by Helmer Kuphal',1,'2017-06-12 20:33:37',15,'Contract',18),(3,'Contract 16 has been signed by Ansley Maggio',1,'2017-06-12 20:33:37',16,'Contract',18),(4,'Contract 17 has been signed by Keagan Parisian',1,'2017-06-07 00:00:00',17,'Contract',18),(5,'Contract 18 has been signed by Zelda Schroeder',1,'2017-06-12 20:33:37',18,'Contract',18),(6,'Contract 19 has been signed by Jamel Toy',1,'2017-06-12 20:33:37',19,'Contract',18),(7,'Contract 22 has been signed by Fuga et nulla quibusdam accusamus autem eaque natus.',1,'2017-06-12 20:33:37',22,'Contract',18),(8,'Contract 23 has been signed by Fuga et nulla quibusdam accusamus autem eaque natus.',1,'2017-06-07 00:00:00',23,'Contract',18),(9,'Contract 35 has been signed by Normin N.',1,'2017-06-12 20:33:37',35,'Contract',18),(10,'Contract 36 has been signed by Normin N.',1,'2017-06-12 20:33:37',36,'Contract',18),(11,'Contract 37 has been signed by Normin N.',1,'2017-06-12 20:33:37',37,'Contract',18),(12,'Contract 38 has been signed by Normin N.',1,'2017-06-12 20:33:37',38,'Contract',18),(13,'Contract 39 has been signed by Normin N.',1,'2017-06-12 20:33:37',39,'Contract',18),(14,'Contract 40 has been signed by Normin N.',1,'2017-06-12 20:33:37',40,'Contract',18),(15,'Contract 44 has been signed by Petra K.',1,'2017-06-12 20:33:37',44,'Contract',18),(16,'Contract 48 has been signed by Lisa L.',1,'2017-06-07 00:00:00',48,'Contract',18);
/*!40000 ALTER TABLE `histories` ENABLE KEYS */;
UNLOCK TABLES;

--
-- Table structure for table `holidays`
--

DROP TABLE IF EXISTS `holidays`;
/*!40101 SET @saved_cs_client     = @@character_set_client */;
/*!40101 SET character_set_client = utf8 */;
CREATE TABLE `holidays` (
  `id` int(11) NOT NULL AUTO_INCREMENT,
  `inventory_pool_id` int(11) DEFAULT NULL,
  `start_date` date DEFAULT NULL,
  `end_date` date DEFAULT NULL,
  `name` varchar(255) COLLATE utf8_unicode_ci DEFAULT NULL,
  PRIMARY KEY (`id`),
  KEY `index_holidays_on_inventory_pool_id` (`inventory_pool_id`),
  KEY `index_holidays_on_start_date_and_end_date` (`start_date`,`end_date`)
) ENGINE=InnoDB AUTO_INCREMENT=5 DEFAULT CHARSET=utf8 COLLATE=utf8_unicode_ci;
/*!40101 SET character_set_client = @saved_cs_client */;

--
-- Dumping data for table `holidays`
--

LOCK TABLES `holidays` WRITE;
/*!40000 ALTER TABLE `holidays` DISABLE KEYS */;
INSERT INTO `holidays` VALUES (1,1,'2017-12-24','2017-12-24','Christmas'),(2,2,'2017-12-24','2017-12-24','Christmas'),(3,3,'2017-12-24','2017-12-24','Christmas'),(4,1,'2017-12-24','2017-12-24','Christmas');
/*!40000 ALTER TABLE `holidays` ENABLE KEYS */;
UNLOCK TABLES;

--
-- Table structure for table `images`
--

DROP TABLE IF EXISTS `images`;
/*!40101 SET @saved_cs_client     = @@character_set_client */;
/*!40101 SET character_set_client = utf8 */;
CREATE TABLE `images` (
  `id` int(11) NOT NULL AUTO_INCREMENT,
  `is_main` tinyint(1) DEFAULT '0',
  `content_type` varchar(255) COLLATE utf8_unicode_ci DEFAULT NULL,
  `filename` varchar(255) COLLATE utf8_unicode_ci DEFAULT NULL,
  `size` int(11) DEFAULT NULL,
  `height` int(11) DEFAULT NULL,
  `width` int(11) DEFAULT NULL,
  `parent_id` int(11) DEFAULT NULL,
  `thumbnail` varchar(255) COLLATE utf8_unicode_ci DEFAULT NULL,
  `target_id` int(11) DEFAULT NULL,
  `target_type` varchar(255) COLLATE utf8_unicode_ci DEFAULT NULL,
  PRIMARY KEY (`id`),
  KEY `index_images_on_target_id_and_target_type` (`target_id`,`target_type`)
) ENGINE=InnoDB AUTO_INCREMENT=5 DEFAULT CHARSET=utf8 COLLATE=utf8_unicode_ci;
/*!40101 SET character_set_client = @saved_cs_client */;

--
-- Dumping data for table `images`
--

LOCK TABLES `images` WRITE;
/*!40000 ALTER TABLE `images` DISABLE KEYS */;
INSERT INTO `images` VALUES (1,0,'image/jpeg','id',NULL,NULL,NULL,NULL,NULL,1,'ModelGroup'),(2,0,'image/jpeg','quis',NULL,NULL,NULL,NULL,NULL,157,'Model'),(3,0,'image/jpeg','voluptatem',NULL,NULL,NULL,NULL,NULL,157,'Model'),(4,0,'image/jpeg','adipisci',NULL,NULL,NULL,NULL,NULL,158,'Model');
/*!40000 ALTER TABLE `images` ENABLE KEYS */;
UNLOCK TABLES;

--
-- Table structure for table `inventory_pools`
--

DROP TABLE IF EXISTS `inventory_pools`;
/*!40101 SET @saved_cs_client     = @@character_set_client */;
/*!40101 SET character_set_client = utf8 */;
CREATE TABLE `inventory_pools` (
  `id` int(11) NOT NULL AUTO_INCREMENT,
  `name` varchar(255) COLLATE utf8_unicode_ci DEFAULT NULL,
  `description` text COLLATE utf8_unicode_ci,
  `contact_details` varchar(255) COLLATE utf8_unicode_ci DEFAULT NULL,
  `contract_description` varchar(255) COLLATE utf8_unicode_ci DEFAULT NULL,
  `contract_url` varchar(255) COLLATE utf8_unicode_ci DEFAULT NULL,
  `logo_url` varchar(255) COLLATE utf8_unicode_ci DEFAULT NULL,
  `default_contract_note` text COLLATE utf8_unicode_ci,
  `shortname` varchar(255) COLLATE utf8_unicode_ci DEFAULT NULL,
  `email` varchar(255) COLLATE utf8_unicode_ci DEFAULT NULL,
  `color` text COLLATE utf8_unicode_ci,
  `print_contracts` tinyint(1) DEFAULT '1',
  `opening_hours` text COLLATE utf8_unicode_ci,
  `address_id` int(11) DEFAULT NULL,
  `automatic_suspension` tinyint(1) NOT NULL DEFAULT '0',
  `automatic_suspension_reason` text COLLATE utf8_unicode_ci,
  `automatic_access` tinyint(1) DEFAULT NULL,
  PRIMARY KEY (`id`),
  UNIQUE KEY `index_inventory_pools_on_name` (`name`)
) ENGINE=InnoDB AUTO_INCREMENT=14 DEFAULT CHARSET=utf8 COLLATE=utf8_unicode_ci;
/*!40101 SET character_set_client = @saved_cs_client */;

--
-- Dumping data for table `inventory_pools`
--

LOCK TABLES `inventory_pools` WRITE;
/*!40000 ALTER TABLE `inventory_pools` DISABLE KEYS */;
INSERT INTO `inventory_pools` VALUES (1,'A-Ausleihe','Wichtige Hinweise...\n Bitte die Gegenstnde rechtzeitig zurckbringen','A Verleih  /  ZHdK\nav@zh-dk.ch\n+41 00 00 00 00','Gert erhalten','av@zhdk.ch',NULL,'Similique ab vero sed eos expedita maxime doloribus ratione.','A','av@zhdk.ch',NULL,1,NULL,NULL,1,'Excepturi consequuntur similique quisquam vitae qui.',NULL),(2,'IT-Ausleihe','Bringt die Gerte bitte rechtzeitig zurck','IT Verleih  /  ZHdK\nav@zh-dk.ch\n+41 00 00 00 00','Gert erhalten','it@zhdk.ch',NULL,NULL,'IT','it@zhdk.ch',NULL,1,NULL,NULL,1,'Inventore ipsum aut ad.',NULL),(3,'AV-Technik','Bringt die Gerte bitte rechtzeitig zurck','AV Verleih  /  ZHdK\nav@zh-dk.ch\n+41 00 00 00 00','Gert erhalten','it@zhdk.ch',NULL,NULL,'AV','it@zhdk.ch',NULL,1,NULL,NULL,0,NULL,NULL),(4,'DT deletable','Bringt die Gerte bitte rechtzeitig zurck','AV Verleih  /  ZHdK\nav@zh-dk.ch\n+41 00 00 00 00','Gert erhalten','it@zhdk.ch',NULL,NULL,'DT','it@zhdk.ch',NULL,1,NULL,NULL,0,NULL,NULL),(5,'Pariaturoptioassumendaharum','Soluta exercitationem consequatur quo rerum.','Autem minus est eum deleniti enim eaque.','Pariaturoptioassumendaharum','angelita_barton@reilly.name',NULL,NULL,'FZGBF7','angelita_barton@reilly.name',NULL,1,NULL,NULL,0,NULL,NULL),(6,'Adipiscieumetlabore','Deleniti laborum dolores nobis omnis tempora.','Officia tenetur ut tempore accusantium.','Adipiscieumetlabore','luciano@pfannerstill.info',NULL,NULL,'WAIQKB','luciano@pfannerstill.info',NULL,1,NULL,NULL,0,NULL,NULL),(7,'Pariaturquialiquamporro','Saepe beatae eum accusamus deserunt et hic est sit.','Libero est rem quaerat voluptas.','Pariaturquialiquamporro','nickolas@cruickshankbradtke.co.uk',NULL,NULL,'KASHCT','nickolas@cruickshankbradtke.co.uk',NULL,1,NULL,NULL,0,NULL,NULL),(8,'Necessitatibuslaboreeumquia','Officia voluptatibus asperiores aut minima qui nobis quo.','Blanditiis non iusto id in qui ut.','Necessitatibuslaboreeumquia','cruz_jast@gleason.com',NULL,NULL,'1NENQB','cruz_jast@gleason.com',NULL,1,NULL,NULL,0,NULL,NULL),(9,'Voluptatemasperioresvitaelaudantium','Repudiandae ex aspernatur velit soluta voluptatem libero necessitatibus.','Nam sint deserunt non eum autem.','Voluptatemasperioresvitaelaudantium','annie.gottlieb@kuvalis.com',NULL,NULL,'868IQN','annie.gottlieb@kuvalis.com',NULL,1,NULL,NULL,0,NULL,NULL),(10,'Suntfuganostrumsit','Porro dolorum inventore temporibus consequatur facilis possimus.','Earum ut repudiandae numquam est maiores quasi.','Suntfuganostrumsit','brielle.kub@lynch.biz',NULL,NULL,'AL8SET','brielle.kub@lynch.biz',NULL,1,NULL,NULL,0,NULL,NULL),(11,'Aliquidestofficiisvitae','Dignissimos commodi fugiat nisi animi sunt eveniet qui.','Repudiandae facere et consequuntur dignissimos eos vitae.','Aliquidestofficiisvitae','ariane@armstrong.name',NULL,NULL,'VEO7E8','ariane@armstrong.name',NULL,1,NULL,NULL,0,NULL,NULL),(12,'Quisquamullamsapientearchitecto','Aut numquam rerum perferendis est illum sint vitae et.','Assumenda ipsa illum dolores corrupti temporibus.','Quisquamullamsapientearchitecto','kenyatta_schmeler@simonis.biz',NULL,NULL,'RZRNM8','kenyatta_schmeler@simonis.biz',NULL,1,NULL,NULL,0,NULL,NULL),(13,'Cumquerepellendussimiliquequi','Laboriosam expedita necessitatibus quod doloribus.','Id qui molestiae rem quis quia.','Cumquerepellendussimiliquequi','hayden@morar.co.uk',NULL,NULL,'W9528D','hayden@morar.co.uk',NULL,1,NULL,NULL,0,NULL,NULL);
/*!40000 ALTER TABLE `inventory_pools` ENABLE KEYS */;
UNLOCK TABLES;

--
-- Table structure for table `inventory_pools_model_groups`
--

DROP TABLE IF EXISTS `inventory_pools_model_groups`;
/*!40101 SET @saved_cs_client     = @@character_set_client */;
/*!40101 SET character_set_client = utf8 */;
CREATE TABLE `inventory_pools_model_groups` (
  `inventory_pool_id` int(11) DEFAULT NULL,
  `model_group_id` int(11) DEFAULT NULL,
  KEY `index_inventory_pools_model_groups_on_inventory_pool_id` (`inventory_pool_id`),
  KEY `index_inventory_pools_model_groups_on_model_group_id` (`model_group_id`)
) ENGINE=InnoDB DEFAULT CHARSET=utf8 COLLATE=utf8_unicode_ci;
/*!40101 SET character_set_client = @saved_cs_client */;

--
-- Dumping data for table `inventory_pools_model_groups`
--

LOCK TABLES `inventory_pools_model_groups` WRITE;
/*!40000 ALTER TABLE `inventory_pools_model_groups` DISABLE KEYS */;
INSERT INTO `inventory_pools_model_groups` VALUES (1,12),(1,13),(1,14);
/*!40000 ALTER TABLE `inventory_pools_model_groups` ENABLE KEYS */;
UNLOCK TABLES;

--
-- Table structure for table `items`
--

DROP TABLE IF EXISTS `items`;
/*!40101 SET @saved_cs_client     = @@character_set_client */;
/*!40101 SET character_set_client = utf8 */;
CREATE TABLE `items` (
  `id` int(11) NOT NULL AUTO_INCREMENT,
  `inventory_code` varchar(255) COLLATE utf8_unicode_ci DEFAULT NULL,
  `serial_number` varchar(255) COLLATE utf8_unicode_ci DEFAULT NULL,
  `model_id` int(11) DEFAULT NULL,
  `location_id` int(11) DEFAULT NULL,
  `supplier_id` int(11) DEFAULT NULL,
  `owner_id` int(11) NOT NULL,
  `parent_id` int(11) DEFAULT NULL,
  `invoice_number` varchar(255) COLLATE utf8_unicode_ci DEFAULT NULL,
  `invoice_date` date DEFAULT NULL,
  `last_check` date DEFAULT NULL,
  `retired` date DEFAULT NULL,
  `retired_reason` varchar(255) COLLATE utf8_unicode_ci DEFAULT NULL,
  `price` decimal(8,2) DEFAULT NULL,
  `is_broken` tinyint(1) DEFAULT '0',
  `is_incomplete` tinyint(1) DEFAULT '0',
  `is_borrowable` tinyint(1) DEFAULT '0',
  `needs_permission` tinyint(1) DEFAULT '0',
  `inventory_pool_id` int(11) NOT NULL,
  `is_inventory_relevant` tinyint(1) DEFAULT '0',
  `responsible` varchar(255) COLLATE utf8_unicode_ci DEFAULT NULL,
  `insurance_number` varchar(255) COLLATE utf8_unicode_ci DEFAULT NULL,
  `note` text COLLATE utf8_unicode_ci,
  `name` text COLLATE utf8_unicode_ci,
  `user_name` varchar(255) COLLATE utf8_unicode_ci DEFAULT NULL,
  `properties` varchar(2048) COLLATE utf8_unicode_ci DEFAULT NULL,
  `created_at` datetime DEFAULT NULL,
  `updated_at` datetime DEFAULT NULL,
  PRIMARY KEY (`id`),
  UNIQUE KEY `index_items_on_inventory_code` (`inventory_code`),
  KEY `index_items_on_inventory_pool_id` (`inventory_pool_id`),
  KEY `index_items_on_retired` (`retired`),
  KEY `index_items_on_is_borrowable` (`is_borrowable`),
  KEY `index_items_on_is_broken` (`is_broken`),
  KEY `index_items_on_is_incomplete` (`is_incomplete`),
  KEY `index_items_on_location_id` (`location_id`),
  KEY `index_items_on_owner_id` (`owner_id`),
  KEY `index_items_on_parent_id_and_retired` (`parent_id`,`retired`),
  KEY `index_items_on_model_id_and_retired_and_inventory_pool_id` (`model_id`,`retired`,`inventory_pool_id`)
) ENGINE=InnoDB AUTO_INCREMENT=281 DEFAULT CHARSET=utf8 COLLATE=utf8_unicode_ci;
/*!40101 SET character_set_client = @saved_cs_client */;

--
-- Dumping data for table `items`
--

LOCK TABLES `items` WRITE;
/*!40000 ALTER TABLE `items` DISABLE KEYS */;
INSERT INTO `items` VALUES (1,'vxb2r5x7c6nsibv3vp66195','cf:98:13:97:69:fc-2f:d5:03:6b:ca:5a-62:fc:bb:5e:19:ec',1,1,1,1,NULL,NULL,'2015-08-12','2017-06-12',NULL,NULL,'20.00',0,0,1,0,5,1,NULL,NULL,NULL,NULL,NULL,'--- !ruby/hash:ActiveSupport::HashWithIndifferentAccess\nanschaffungskategorie: AV-Technik\nreference: invoice\numzug: zgeln\nankunftszustand: intakt\n','2017-06-12 20:33:37','2017-06-12 20:33:37'),(2,'43xqkouz06jcd3rce7vs196','82:c5:05:73:bd:fb-4d:bd:f7:15:2d:75-f8:a7:2f:72:39:5d',1,2,2,1,NULL,NULL,'2016-10-04','2017-06-12',NULL,NULL,'128.00',0,0,1,0,5,1,NULL,NULL,NULL,NULL,NULL,'--- !ruby/hash:ActiveSupport::HashWithIndifferentAccess\nanschaffungskategorie: AV-Technik\nreference: invoice\numzug: zgeln\nankunftszustand: intakt\n','2017-06-12 20:33:37','2017-06-12 20:33:37'),(3,'g6afwscb06th2rlk9v7t197','2e:20:1e:7d:91:7b-0b:8f:a9:64:3e:bf-95:f2:8f:90:d5:3a',1,3,3,6,NULL,NULL,'2016-06-01','2017-06-12',NULL,NULL,'188.00',0,0,1,0,5,1,NULL,NULL,NULL,NULL,NULL,'--- !ruby/hash:ActiveSupport::HashWithIndifferentAccess\nanschaffungskategorie: AV-Technik\nreference: invoice\numzug: zgeln\nankunftszustand: intakt\n','2017-06-12 20:33:37','2017-06-12 20:33:37'),(4,'nb8dncwmqdxfwwgdp8zl198','e6:be:23:b5:1b:ee-37:7e:5e:9a:d2:b0-d8:b9:16:28:4f:84',5,4,4,7,NULL,NULL,'2013-09-15','2017-06-12',NULL,NULL,'1001.00',0,0,1,0,5,1,NULL,NULL,NULL,NULL,NULL,'--- !ruby/hash:ActiveSupport::HashWithIndifferentAccess\nanschaffungskategorie: AV-Technik\nreference: invoice\numzug: zgeln\nankunftszustand: intakt\n','2017-06-12 20:33:37','2017-06-12 20:33:37'),(5,'jl7cammwth9lyt4ufwmk199','18:9c:78:7e:37:c7-d8:ba:5d:77:41:7f-ba:26:10:7a:4e:87',5,5,5,8,NULL,NULL,'2013-03-21','2017-06-12',NULL,NULL,'65.00',0,0,1,0,5,1,NULL,NULL,NULL,NULL,NULL,'--- !ruby/hash:ActiveSupport::HashWithIndifferentAccess\nanschaffungskategorie: AV-Technik\nreference: invoice\numzug: zgeln\nankunftszustand: intakt\n','2017-06-12 20:33:37','2017-06-12 20:33:37'),(6,'ky0j62q96b8dg4zp5ppd200','c2:17:67:fb:df:0b-f5:01:85:4a:8b:7d-48:5f:f5:17:4f:a1',5,6,6,3,NULL,NULL,'2015-11-05','2017-06-12',NULL,NULL,'1313.00',0,0,1,0,5,1,NULL,NULL,NULL,NULL,NULL,'--- !ruby/hash:ActiveSupport::HashWithIndifferentAccess\nanschaffungskategorie: AV-Technik\nreference: invoice\numzug: zgeln\nankunftszustand: intakt\n','2017-06-12 20:33:37','2017-06-12 20:33:37'),(7,'mqtrhlyh2wjzfhtqfkvm201','dd:d2:50:82:d3:52-29:3e:c1:fe:44:a2-9b:fe:a4:4a:7d:f4',9,7,7,6,NULL,NULL,'2012-09-11','2017-06-12',NULL,NULL,'294.00',0,0,1,0,5,1,NULL,NULL,NULL,NULL,NULL,'--- !ruby/hash:ActiveSupport::HashWithIndifferentAccess\nanschaffungskategorie: AV-Technik\nreference: invoice\numzug: zgeln\nankunftszustand: intakt\n','2017-06-12 20:33:37','2017-06-12 20:33:37'),(8,'433u3e5ue501y0t3d6ts202','6c:1a:4c:4d:5e:c7-be:7a:1f:db:3e:0a-c5:9d:ec:3b:8e:a9',9,8,8,9,NULL,NULL,'2014-08-14','2017-06-12',NULL,NULL,'1073.00',0,0,1,0,5,1,NULL,NULL,NULL,NULL,NULL,'--- !ruby/hash:ActiveSupport::HashWithIndifferentAccess\nanschaffungskategorie: AV-Technik\nreference: invoice\numzug: zgeln\nankunftszustand: intakt\n','2017-06-12 20:33:37','2017-06-12 20:33:37'),(9,'x6enayu2hucihjp8nqet203','30:6e:98:0e:5b:b7-e8:03:6e:33:49:e1-cd:2d:e7:00:b4:71',9,9,9,4,NULL,NULL,'2012-09-23','2017-06-12',NULL,NULL,'1039.00',0,0,1,0,5,1,NULL,NULL,NULL,NULL,NULL,'--- !ruby/hash:ActiveSupport::HashWithIndifferentAccess\nanschaffungskategorie: AV-Technik\nreference: invoice\numzug: zgeln\nankunftszustand: intakt\n','2017-06-12 20:33:37','2017-06-12 20:33:37'),(10,'ledt3wmm3kbjcprhby37204','a8:64:11:1a:98:5f-95:fc:c6:7f:21:a7-ec:e4:31:95:11:a3',13,10,10,6,NULL,NULL,'2016-09-03','2017-06-12',NULL,NULL,'234.00',0,0,1,0,5,1,NULL,NULL,NULL,NULL,NULL,'--- !ruby/hash:ActiveSupport::HashWithIndifferentAccess\nanschaffungskategorie: AV-Technik\nreference: invoice\numzug: zgeln\nankunftszustand: intakt\n','2017-06-12 20:33:37','2017-06-12 20:33:37'),(11,'6is7az51w7h8f7sdc7nz205','be:40:fb:18:62:d7-3a:4b:de:16:f3:a7-68:5c:b0:55:31:0e',13,11,11,10,NULL,NULL,'2013-08-11','2017-06-12',NULL,NULL,'1369.00',0,0,1,0,5,1,NULL,NULL,NULL,NULL,NULL,'--- !ruby/hash:ActiveSupport::HashWithIndifferentAccess\nanschaffungskategorie: AV-Technik\nreference: invoice\numzug: zgeln\nankunftszustand: intakt\n','2017-06-12 20:33:37','2017-06-12 20:33:37'),(12,'r1sp9isa5ruunmjsl1b9206','5e:a9:56:42:ff:fa-33:d3:85:4f:68:ec-7b:f2:3f:22:8d:32',13,12,12,2,NULL,NULL,'2014-11-16','2017-06-12',NULL,NULL,'357.00',0,0,1,0,5,1,NULL,NULL,NULL,NULL,NULL,'--- !ruby/hash:ActiveSupport::HashWithIndifferentAccess\nanschaffungskategorie: AV-Technik\nreference: invoice\numzug: zgeln\nankunftszustand: intakt\n','2017-06-12 20:33:37','2017-06-12 20:33:37'),(13,'54zchkvcsdd88mq3u063207','40:68:86:d6:af:e0-e7:fa:1a:9e:50:8f-73:70:4b:c5:a1:e9',17,13,13,6,NULL,NULL,'2014-10-31','2017-06-12',NULL,NULL,'963.00',0,0,1,0,5,1,NULL,NULL,NULL,NULL,NULL,'--- !ruby/hash:ActiveSupport::HashWithIndifferentAccess\nanschaffungskategorie: AV-Technik\nreference: invoice\numzug: zgeln\nankunftszustand: intakt\n','2017-06-12 20:33:37','2017-06-12 20:33:37'),(14,'sqt4nqj23dlwau579xdj208','6e:c0:80:2a:9b:6e-87:44:ad:b1:b5:e6-5e:93:4a:d5:23:57',17,14,14,9,NULL,NULL,'2014-06-03','2017-06-12',NULL,NULL,'242.00',0,0,1,0,5,1,NULL,NULL,NULL,NULL,NULL,'--- !ruby/hash:ActiveSupport::HashWithIndifferentAccess\nanschaffungskategorie: AV-Technik\nreference: invoice\numzug: zgeln\nankunftszustand: intakt\n','2017-06-12 20:33:37','2017-06-12 20:33:37'),(15,'27x0dakhvcizncgf2lcc209','51:36:7b:8c:ac:4a-a7:cf:2b:a9:fc:05-ac:78:61:68:6b:8c',17,15,15,9,NULL,NULL,'2012-08-07','2017-06-12',NULL,NULL,'1215.00',0,0,1,0,5,1,NULL,NULL,NULL,NULL,NULL,'--- !ruby/hash:ActiveSupport::HashWithIndifferentAccess\nanschaffungskategorie: AV-Technik\nreference: invoice\numzug: zgeln\nankunftszustand: intakt\n','2017-06-12 20:33:37','2017-06-12 20:33:37'),(16,'nngbduf6f56ojgvl4lsn210','5a:19:fc:2b:10:54-b4:2e:1b:20:38:d9-0f:43:67:68:63:8e',21,16,16,8,NULL,NULL,'2014-06-29','2017-06-12',NULL,NULL,'1294.00',0,0,1,0,5,1,NULL,NULL,NULL,NULL,NULL,'--- !ruby/hash:ActiveSupport::HashWithIndifferentAccess\nanschaffungskategorie: AV-Technik\nreference: invoice\numzug: zgeln\nankunftszustand: intakt\n','2017-06-12 20:33:37','2017-06-12 20:33:37'),(17,'l1f9srf3og9w2jmcqdl1211','80:eb:ac:b3:74:15-ff:a5:5e:fb:26:d4-0b:7e:01:14:db:a4',21,17,17,3,NULL,NULL,'2014-05-03','2017-06-12',NULL,NULL,'1377.00',0,0,1,0,5,1,NULL,NULL,NULL,NULL,NULL,'--- !ruby/hash:ActiveSupport::HashWithIndifferentAccess\nanschaffungskategorie: AV-Technik\nreference: invoice\numzug: zgeln\nankunftszustand: intakt\n','2017-06-12 20:33:37','2017-06-12 20:33:37'),(18,'213pcw9bjbn4dh2roitn212','2e:57:e8:b4:67:ac-6e:7d:dc:d2:cc:b6-35:7c:f6:28:f3:be',21,18,18,10,NULL,NULL,'2014-01-23','2017-06-12',NULL,NULL,'1128.00',0,0,1,0,5,1,NULL,NULL,NULL,NULL,NULL,'--- !ruby/hash:ActiveSupport::HashWithIndifferentAccess\nanschaffungskategorie: AV-Technik\nreference: invoice\numzug: zgeln\nankunftszustand: intakt\n','2017-06-12 20:33:37','2017-06-12 20:33:37'),(19,'7kj7px6z0hoypglwj50g213','05:c2:3d:e9:46:18-a6:17:90:a8:b3:82-78:70:d0:6a:99:e6',25,19,19,8,NULL,NULL,'2015-11-24','2017-06-12',NULL,NULL,'681.00',0,0,1,0,11,1,NULL,NULL,NULL,NULL,NULL,'--- !ruby/hash:ActiveSupport::HashWithIndifferentAccess\nanschaffungskategorie: AV-Technik\nreference: invoice\numzug: zgeln\nankunftszustand: intakt\n','2017-06-12 20:33:37','2017-06-12 20:33:37'),(20,'n2ef1f0d3q8wtksiddvr214','36:c5:15:56:5c:e5-08:40:1c:d7:d1:94-f0:95:39:a1:e2:6f',25,20,20,1,NULL,NULL,'2012-12-31','2017-06-12',NULL,NULL,'625.00',0,0,1,0,11,1,NULL,NULL,NULL,NULL,NULL,'--- !ruby/hash:ActiveSupport::HashWithIndifferentAccess\nanschaffungskategorie: AV-Technik\nreference: invoice\numzug: zgeln\nankunftszustand: intakt\n','2017-06-12 20:33:37','2017-06-12 20:33:37'),(21,'qquptvokhcm6kqpal6t8215','da:b9:48:5e:a4:41-f0:23:ad:e2:e1:4a-af:73:e2:58:8d:87',25,21,21,7,NULL,NULL,'2013-03-04','2017-06-12',NULL,NULL,'485.00',0,0,1,0,11,1,NULL,NULL,NULL,NULL,NULL,'--- !ruby/hash:ActiveSupport::HashWithIndifferentAccess\nanschaffungskategorie: AV-Technik\nreference: invoice\numzug: zgeln\nankunftszustand: intakt\n','2017-06-12 20:33:37','2017-06-12 20:33:37'),(22,'hw32uyic4fdb3ec1kl8w216','ab:de:b9:28:01:3b-92:cd:b3:c2:83:39-32:7e:55:f0:66:ed',29,22,22,3,NULL,NULL,'2012-01-16','2017-06-12',NULL,NULL,'231.00',0,0,1,0,11,1,NULL,NULL,NULL,NULL,NULL,'--- !ruby/hash:ActiveSupport::HashWithIndifferentAccess\nanschaffungskategorie: AV-Technik\nreference: invoice\numzug: zgeln\nankunftszustand: intakt\n','2017-06-12 20:33:37','2017-06-12 20:33:37'),(23,'kzpciyf4av8luks5a2y9217','24:a6:30:ca:56:18-5a:0a:9b:5f:4b:10-08:6d:f3:7d:73:7e',29,23,23,6,NULL,NULL,'2012-02-21','2017-06-12',NULL,NULL,'667.00',0,0,1,0,11,1,NULL,NULL,NULL,NULL,NULL,'--- !ruby/hash:ActiveSupport::HashWithIndifferentAccess\nanschaffungskategorie: AV-Technik\nreference: invoice\numzug: zgeln\nankunftszustand: intakt\n','2017-06-12 20:33:37','2017-06-12 20:33:37'),(24,'ql5j6mm1apjph9acbv34218','63:f6:66:1c:76:c2-cd:af:be:64:9b:4d-3f:cf:fe:8b:cf:e4',29,24,24,3,NULL,NULL,'2013-05-01','2017-06-12',NULL,NULL,'1350.00',0,0,1,0,11,1,NULL,NULL,NULL,NULL,NULL,'--- !ruby/hash:ActiveSupport::HashWithIndifferentAccess\nanschaffungskategorie: AV-Technik\nreference: invoice\numzug: zgeln\nankunftszustand: intakt\n','2017-06-12 20:33:37','2017-06-12 20:33:37'),(25,'aeud4aim49bdqmakgigh219','ad:f1:6d:b8:79:ea-00:29:c7:67:95:c5-99:ac:de:ac:6b:d8',33,25,25,2,NULL,NULL,'2013-04-06','2017-06-12',NULL,NULL,'341.00',0,0,1,0,11,1,NULL,NULL,NULL,NULL,NULL,'--- !ruby/hash:ActiveSupport::HashWithIndifferentAccess\nanschaffungskategorie: AV-Technik\nreference: invoice\numzug: zgeln\nankunftszustand: intakt\n','2017-06-12 20:33:37','2017-06-12 20:33:37'),(26,'2ju9gx1pnasq4ztrkth3220','7a:c3:d9:01:5b:0e-84:20:1b:9f:4b:c8-33:f8:45:0a:d6:1b',33,26,26,8,NULL,NULL,'2015-03-26','2017-06-12',NULL,NULL,'683.00',0,0,1,0,11,1,NULL,NULL,NULL,NULL,NULL,'--- !ruby/hash:ActiveSupport::HashWithIndifferentAccess\nanschaffungskategorie: AV-Technik\nreference: invoice\numzug: zgeln\nankunftszustand: intakt\n','2017-06-12 20:33:37','2017-06-12 20:33:37'),(27,'btgf13h29ndlnqosd3i2221','6f:8a:e3:18:43:41-0d:66:7b:a1:75:9e-cf:19:51:19:b1:4a',33,27,27,10,NULL,NULL,'2013-06-13','2017-06-12',NULL,NULL,'1203.00',0,0,1,0,11,1,NULL,NULL,NULL,NULL,NULL,'--- !ruby/hash:ActiveSupport::HashWithIndifferentAccess\nanschaffungskategorie: AV-Technik\nreference: invoice\numzug: zgeln\nankunftszustand: intakt\n','2017-06-12 20:33:37','2017-06-12 20:33:37'),(28,'g84unqlsocksrc4meuuf222','2a:41:a5:d3:7f:a6-37:29:ce:31:25:9b-71:72:2f:84:2a:ae',37,28,28,10,NULL,NULL,'2015-12-18','2017-06-12',NULL,NULL,'1125.00',0,0,1,0,11,1,NULL,NULL,NULL,NULL,NULL,'--- !ruby/hash:ActiveSupport::HashWithIndifferentAccess\nanschaffungskategorie: AV-Technik\nreference: invoice\numzug: zgeln\nankunftszustand: intakt\n','2017-06-12 20:33:37','2017-06-12 20:33:37'),(29,'yetzuav27wc1zc149bm7223','70:b8:d3:76:02:32-9d:86:91:f2:11:49-57:4c:ae:1c:2c:73',37,29,29,10,NULL,NULL,'2012-03-12','2017-06-12',NULL,NULL,'1132.00',0,0,1,0,11,1,NULL,NULL,NULL,NULL,NULL,'--- !ruby/hash:ActiveSupport::HashWithIndifferentAccess\nanschaffungskategorie: AV-Technik\nreference: invoice\numzug: zgeln\nankunftszustand: intakt\n','2017-06-12 20:33:37','2017-06-12 20:33:37'),(30,'fkauygd5nrp75ew17m1v224','83:e1:33:e3:f1:c6-19:26:cf:23:be:68-90:ba:77:bd:55:e1',37,30,30,4,NULL,NULL,'2016-12-23','2017-06-12',NULL,NULL,'946.00',0,0,1,0,11,1,NULL,NULL,NULL,NULL,NULL,'--- !ruby/hash:ActiveSupport::HashWithIndifferentAccess\nanschaffungskategorie: AV-Technik\nreference: invoice\numzug: zgeln\nankunftszustand: intakt\n','2017-06-12 20:33:37','2017-06-12 20:33:37'),(31,'vz0bs05ovy37e3312cc9225','e8:38:56:fd:d2:56-4a:4b:d6:c9:f2:81-7d:99:28:0e:19:f9',41,31,31,9,NULL,NULL,'2014-04-20','2017-06-12',NULL,NULL,'123.00',0,0,1,0,11,1,NULL,NULL,NULL,NULL,NULL,'--- !ruby/hash:ActiveSupport::HashWithIndifferentAccess\nanschaffungskategorie: AV-Technik\nreference: invoice\numzug: zgeln\nankunftszustand: intakt\n','2017-06-12 20:33:37','2017-06-12 20:33:37'),(32,'i2v7q978ixwusbc475av226','38:ad:5e:f1:b7:cd-72:c4:3f:e9:76:11-90:cf:58:f9:88:23',41,32,32,6,NULL,NULL,'2013-08-06','2017-06-12',NULL,NULL,'77.00',0,0,1,0,11,1,NULL,NULL,NULL,NULL,NULL,'--- !ruby/hash:ActiveSupport::HashWithIndifferentAccess\nanschaffungskategorie: AV-Technik\nreference: invoice\numzug: zgeln\nankunftszustand: intakt\n','2017-06-12 20:33:37','2017-06-12 20:33:37'),(33,'cqqqq4hul3mhqr35m25i227','90:1d:99:b5:86:76-ed:2f:8c:ef:e6:c1-76:ca:9e:19:c7:a9',41,33,33,7,NULL,NULL,'2016-12-28','2017-06-12',NULL,NULL,'1120.00',0,0,1,0,11,1,NULL,NULL,NULL,NULL,NULL,'--- !ruby/hash:ActiveSupport::HashWithIndifferentAccess\nanschaffungskategorie: AV-Technik\nreference: invoice\numzug: zgeln\nankunftszustand: intakt\n','2017-06-12 20:33:37','2017-06-12 20:33:37'),(34,'lof9s3jcxqfeypks5d48228','fd:1d:ff:c2:dc:86-b7:44:ed:7e:46:2e-c9:ea:55:cd:de:e1',45,34,34,10,NULL,NULL,'2014-07-06','2017-06-12',NULL,NULL,'1003.00',0,0,1,0,1,1,NULL,NULL,NULL,NULL,NULL,'--- !ruby/hash:ActiveSupport::HashWithIndifferentAccess\nanschaffungskategorie: AV-Technik\nreference: invoice\numzug: zgeln\nankunftszustand: intakt\n','2017-06-12 20:33:37','2017-06-12 20:33:37'),(35,'igtxgik2a16xnibx3sbj229','db:32:40:d6:5a:e5-99:76:10:9b:43:0e-55:22:79:25:10:a4',45,35,35,3,NULL,NULL,'2015-05-04','2017-06-12',NULL,NULL,'1360.00',0,0,1,0,1,1,NULL,NULL,NULL,NULL,NULL,'--- !ruby/hash:ActiveSupport::HashWithIndifferentAccess\nanschaffungskategorie: AV-Technik\nreference: invoice\numzug: zgeln\nankunftszustand: intakt\n','2017-06-12 20:33:37','2017-06-12 20:33:37'),(36,'4p0guu4fyohn3kni5i1x230','75:10:5b:66:50:3a-c9:8e:e2:71:42:54-2c:48:c2:82:a4:47',45,36,36,5,NULL,NULL,'2016-12-13','2017-06-12',NULL,NULL,'921.00',0,0,1,0,1,1,NULL,NULL,NULL,NULL,NULL,'--- !ruby/hash:ActiveSupport::HashWithIndifferentAccess\nanschaffungskategorie: AV-Technik\nreference: invoice\numzug: zgeln\nankunftszustand: intakt\n','2017-06-12 20:33:37','2017-06-12 20:33:37'),(37,'cu1vp496irn7nk9wca68231','21:81:fb:e2:4d:05-52:99:54:ba:97:30-36:db:70:75:c8:c7',49,37,37,2,NULL,NULL,'2013-01-29','2017-06-12',NULL,NULL,'658.00',0,0,1,0,1,1,NULL,NULL,NULL,NULL,NULL,'--- !ruby/hash:ActiveSupport::HashWithIndifferentAccess\nanschaffungskategorie: AV-Technik\nreference: invoice\numzug: zgeln\nankunftszustand: intakt\n','2017-06-12 20:33:37','2017-06-12 20:33:37'),(38,'47sgxb6lh8bwffu1f68v232','17:b9:4f:6b:e4:cf-99:13:6f:2c:6f:ec-04:48:93:27:6b:5a',49,38,38,3,NULL,NULL,'2014-07-04','2017-06-12',NULL,NULL,'960.00',0,0,1,0,1,1,NULL,NULL,NULL,NULL,NULL,'--- !ruby/hash:ActiveSupport::HashWithIndifferentAccess\nanschaffungskategorie: AV-Technik\nreference: invoice\numzug: zgeln\nankunftszustand: intakt\n','2017-06-12 20:33:37','2017-06-12 20:33:37'),(39,'pr8299ktrl78ibv833a7233','2f:9e:95:20:31:79-e3:58:d4:bf:0e:a3-ad:89:d5:bc:80:73',49,39,39,5,NULL,NULL,'2013-01-14','2017-06-12',NULL,NULL,'1225.00',0,0,1,0,1,1,NULL,NULL,NULL,NULL,NULL,'--- !ruby/hash:ActiveSupport::HashWithIndifferentAccess\nanschaffungskategorie: AV-Technik\nreference: invoice\numzug: zgeln\nankunftszustand: intakt\n','2017-06-12 20:33:37','2017-06-12 20:33:37'),(40,'vzqrfsqrneebtppgp83q234','35:85:b6:70:da:8a-9c:75:43:20:75:0e-e5:b3:e1:5f:7a:2a',53,40,40,9,NULL,NULL,'2015-06-30','2017-06-12',NULL,NULL,'1073.00',0,0,1,0,1,1,NULL,NULL,NULL,NULL,NULL,'--- !ruby/hash:ActiveSupport::HashWithIndifferentAccess\nanschaffungskategorie: AV-Technik\nreference: invoice\numzug: zgeln\nankunftszustand: intakt\n','2017-06-12 20:33:37','2017-06-12 20:33:37'),(41,'35k4x5yaqk9ttifg5fxc235','95:45:2a:32:4b:15-15:e7:f4:96:65:3e-5c:05:dc:d0:4b:25',53,41,41,6,NULL,NULL,'2013-04-06','2017-06-12',NULL,NULL,'1218.00',0,0,1,0,1,1,NULL,NULL,NULL,NULL,NULL,'--- !ruby/hash:ActiveSupport::HashWithIndifferentAccess\nanschaffungskategorie: AV-Technik\nreference: invoice\numzug: zgeln\nankunftszustand: intakt\n','2017-06-12 20:33:37','2017-06-12 20:33:37'),(42,'x0lsuoxr4m8yfbltclzf236','6a:96:b7:68:18:03-68:7b:e9:e3:c8:a9-9c:21:aa:7d:b0:3e',53,42,42,8,NULL,NULL,'2013-03-22','2017-06-12',NULL,NULL,'793.00',0,0,1,0,1,1,NULL,NULL,NULL,NULL,NULL,'--- !ruby/hash:ActiveSupport::HashWithIndifferentAccess\nanschaffungskategorie: AV-Technik\nreference: invoice\numzug: zgeln\nankunftszustand: intakt\n','2017-06-12 20:33:37','2017-06-12 20:33:37'),(43,'jj05244irjgjr43epliu237','45:bf:6f:59:c6:ea-83:f4:c4:bb:59:19-ac:34:7c:4a:4a:09',57,43,43,3,NULL,NULL,'2012-10-25','2017-06-12',NULL,NULL,'301.00',0,0,1,0,1,1,NULL,NULL,NULL,NULL,NULL,'--- !ruby/hash:ActiveSupport::HashWithIndifferentAccess\nanschaffungskategorie: AV-Technik\nreference: invoice\numzug: zgeln\nankunftszustand: intakt\n','2017-06-12 20:33:37','2017-06-12 20:33:37'),(44,'7hvcg6uhxcttplcee12t238','7b:bf:ec:5d:da:63-b0:ff:ee:be:04:58-0a:5b:87:e3:ca:db',57,44,44,11,NULL,NULL,'2016-05-17','2017-06-12',NULL,NULL,'1320.00',0,0,1,0,1,1,NULL,NULL,NULL,NULL,NULL,'--- !ruby/hash:ActiveSupport::HashWithIndifferentAccess\nanschaffungskategorie: AV-Technik\nreference: invoice\numzug: zgeln\nankunftszustand: intakt\n','2017-06-12 20:33:37','2017-06-12 20:33:37'),(45,'3pz3nn6z7l72u9fedqjb239','71:8a:6b:4b:16:68-a6:48:4c:f2:8d:3e-70:c4:5f:fc:4f:0e',57,45,45,11,NULL,NULL,'2012-10-26','2017-06-12',NULL,NULL,'1001.00',0,0,1,0,1,1,NULL,NULL,NULL,NULL,NULL,'--- !ruby/hash:ActiveSupport::HashWithIndifferentAccess\nanschaffungskategorie: AV-Technik\nreference: invoice\numzug: zgeln\nankunftszustand: intakt\n','2017-06-12 20:33:37','2017-06-12 20:33:37'),(46,'book1','book1',61,46,46,2,NULL,NULL,'2015-10-09','2017-06-12',NULL,NULL,'120.00',0,0,1,0,2,1,NULL,NULL,NULL,NULL,NULL,'--- !ruby/hash:ActiveSupport::HashWithIndifferentAccess\nanschaffungskategorie: AV-Technik\nreference: invoice\numzug: zgeln\nankunftszustand: intakt\n','2017-06-12 20:33:37','2017-06-12 20:33:37'),(47,'book2','book2',61,46,47,2,NULL,NULL,'2016-07-26','2017-06-12',NULL,NULL,'350.00',0,0,1,0,2,1,NULL,NULL,NULL,NULL,NULL,'--- !ruby/hash:ActiveSupport::HashWithIndifferentAccess\nanschaffungskategorie: AV-Technik\nreference: invoice\numzug: zgeln\nankunftszustand: intakt\n','2017-06-12 20:33:37','2017-06-12 20:33:37'),(48,'beam123','xyz456',62,47,48,1,NULL,NULL,'2012-08-14','2017-06-12',NULL,NULL,'672.00',0,0,1,0,1,1,NULL,NULL,NULL,'name123',NULL,'--- !ruby/hash:ActiveSupport::HashWithIndifferentAccess\nanschaffungskategorie: AV-Technik\nreference: invoice\numzug: zgeln\nankunftszustand: intakt\n','2017-06-12 20:33:37','2017-06-12 20:33:37'),(49,'beam345','xyz890',62,47,49,1,NULL,NULL,'2015-11-21','2017-06-12',NULL,NULL,'1214.00',0,0,1,0,1,1,NULL,NULL,NULL,NULL,NULL,'--- !ruby/hash:ActiveSupport::HashWithIndifferentAccess\nanschaffungskategorie: AV-Technik\nreference: invoice\numzug: zgeln\nankunftszustand: intakt\n','2017-06-12 20:33:37','2017-06-12 20:33:37'),(50,'beam678','xyz678',63,47,50,1,NULL,NULL,'2012-03-28','2017-06-12',NULL,NULL,'1135.00',0,0,1,0,1,1,NULL,NULL,NULL,NULL,NULL,'--- !ruby/hash:ActiveSupport::HashWithIndifferentAccess\nanschaffungskategorie: AV-Technik\nreference: invoice\numzug: zgeln\nankunftszustand: intakt\n','2017-06-12 20:33:37','2017-06-12 20:33:37'),(51,'beam749','xyz749',62,47,51,1,NULL,NULL,'2014-08-22','2017-06-12',NULL,NULL,'1321.00',0,0,1,0,2,1,NULL,NULL,NULL,NULL,NULL,'--- !ruby/hash:ActiveSupport::HashWithIndifferentAccess\nanschaffungskategorie: AV-Technik\nreference: invoice\numzug: zgeln\nankunftszustand: intakt\n','2017-06-12 20:33:37','2017-06-12 20:33:37'),(52,'beamTest123','xyz749',65,47,52,1,NULL,NULL,'2014-03-02','2017-06-12',NULL,NULL,'1224.00',0,0,1,0,1,1,NULL,NULL,NULL,NULL,NULL,'--- !ruby/hash:ActiveSupport::HashWithIndifferentAccess\nanschaffungskategorie: AV-Technik\nreference: invoice\numzug: zgeln\nankunftszustand: intakt\n','2017-06-12 20:33:37','2017-06-12 20:33:37'),(53,'ucbeam1','minbeam1',66,47,53,1,NULL,NULL,'2015-08-16','2017-06-12',NULL,NULL,'1080.00',0,0,1,0,1,1,NULL,NULL,NULL,'ucbeam1',NULL,'--- !ruby/hash:ActiveSupport::HashWithIndifferentAccess\nanschaffungskategorie: AV-Technik\nreference: invoice\numzug: zgeln\nankunftszustand: intakt\n','2017-06-12 20:33:37','2017-06-12 20:33:37'),(54,'microbeam1','microbeam1',67,47,54,1,NULL,NULL,'2014-08-15','2017-06-12',NULL,NULL,'841.00',0,0,1,0,1,1,NULL,NULL,NULL,'microbeam1',NULL,'--- !ruby/hash:ActiveSupport::HashWithIndifferentAccess\nanschaffungskategorie: AV-Technik\nreference: invoice\numzug: zgeln\nankunftszustand: intakt\n','2017-06-12 20:33:37','2017-06-12 20:33:37'),(55,'mbeam1','mbeam1',68,47,55,1,NULL,NULL,'2016-05-27','2017-06-12',NULL,NULL,'887.00',0,0,1,0,1,1,NULL,NULL,NULL,'mbeam1',NULL,'--- !ruby/hash:ActiveSupport::HashWithIndifferentAccess\nanschaffungskategorie: AV-Technik\nreference: invoice\numzug: zgeln\nankunftszustand: intakt\n','2017-06-12 20:33:37','2017-06-12 20:33:37'),(56,'mbeam2','mbeam2',69,47,56,1,NULL,NULL,'2014-03-03','2017-06-12',NULL,NULL,'1074.00',0,0,1,0,1,1,NULL,NULL,NULL,'mbeam2',NULL,'--- !ruby/hash:ActiveSupport::HashWithIndifferentAccess\nanschaffungskategorie: AV-Technik\nreference: invoice\numzug: zgeln\nankunftszustand: intakt\n','2017-06-12 20:33:37','2017-06-12 20:33:37'),(57,'mbeam3','mbeam3',70,47,57,1,NULL,NULL,'2016-08-19','2017-06-12',NULL,NULL,'671.00',0,0,1,0,1,1,NULL,NULL,NULL,'mbeam3',NULL,'--- !ruby/hash:ActiveSupport::HashWithIndifferentAccess\nanschaffungskategorie: AV-Technik\nreference: invoice\numzug: zgeln\nankunftszustand: intakt\n','2017-06-12 20:33:37','2017-06-12 20:33:37'),(58,'mbeam4','mbeam4',71,47,58,1,NULL,NULL,'2013-06-15','2017-06-12',NULL,NULL,'798.00',0,0,1,0,1,1,NULL,NULL,NULL,'mbeam4',NULL,'--- !ruby/hash:ActiveSupport::HashWithIndifferentAccess\nanschaffungskategorie: AV-Technik\nreference: invoice\numzug: zgeln\nankunftszustand: intakt\n','2017-06-12 20:33:37','2017-06-12 20:33:37'),(59,'mbeam5','mbeam5',72,47,59,1,NULL,NULL,'2015-05-23','2017-06-12',NULL,NULL,'1404.00',0,0,1,0,1,1,NULL,NULL,NULL,'mbeam5',NULL,'--- !ruby/hash:ActiveSupport::HashWithIndifferentAccess\nanschaffungskategorie: AV-Technik\nreference: invoice\numzug: zgeln\nankunftszustand: intakt\n','2017-06-12 20:33:37','2017-06-12 20:33:37'),(60,'mbeam6','mbeam6',73,47,60,1,NULL,NULL,'2016-08-03','2017-06-12',NULL,NULL,'545.00',0,0,1,0,1,1,NULL,NULL,NULL,'mbeam6',NULL,'--- !ruby/hash:ActiveSupport::HashWithIndifferentAccess\nanschaffungskategorie: AV-Technik\nreference: invoice\numzug: zgeln\nankunftszustand: intakt\n','2017-06-12 20:33:37','2017-06-12 20:33:37'),(61,'mbeam7','mbeam7',74,47,61,1,NULL,NULL,'2016-12-08','2017-06-12',NULL,NULL,'1269.00',0,0,1,0,1,1,NULL,NULL,NULL,'mbeam7',NULL,'--- !ruby/hash:ActiveSupport::HashWithIndifferentAccess\nanschaffungskategorie: AV-Technik\nreference: invoice\numzug: zgeln\nankunftszustand: intakt\n','2017-06-12 20:33:37','2017-06-12 20:33:37'),(62,'mbeam8','mbeam8',75,47,62,1,NULL,NULL,'2013-02-08','2017-06-12',NULL,NULL,'1100.00',0,0,1,0,1,1,NULL,NULL,NULL,'mbeam8',NULL,'--- !ruby/hash:ActiveSupport::HashWithIndifferentAccess\nanschaffungskategorie: AV-Technik\nreference: invoice\numzug: zgeln\nankunftszustand: intakt\n','2017-06-12 20:33:37','2017-06-12 20:33:37'),(63,'mbeam9','mbeam9',76,47,63,1,NULL,NULL,'2015-06-01','2017-06-12',NULL,NULL,'1342.00',0,0,1,0,1,1,NULL,NULL,NULL,'mbeam9',NULL,'--- !ruby/hash:ActiveSupport::HashWithIndifferentAccess\nanschaffungskategorie: AV-Technik\nreference: invoice\numzug: zgeln\nankunftszustand: intakt\n','2017-06-12 20:33:37','2017-06-12 20:33:37'),(64,'mbeam10','mbeam10',77,47,64,1,NULL,NULL,'2016-02-17','2017-06-12',NULL,NULL,'1491.00',0,0,1,0,1,1,NULL,NULL,NULL,'mbeam10',NULL,'--- !ruby/hash:ActiveSupport::HashWithIndifferentAccess\nanschaffungskategorie: AV-Technik\nreference: invoice\numzug: zgeln\nankunftszustand: intakt\n','2017-06-12 20:33:37','2017-06-12 20:33:37'),(65,'mbeam11','mbeam11',78,47,65,1,NULL,NULL,'2012-04-05','2017-06-12',NULL,NULL,'582.00',0,0,1,0,1,1,NULL,NULL,NULL,'mbeam11',NULL,'--- !ruby/hash:ActiveSupport::HashWithIndifferentAccess\nanschaffungskategorie: AV-Technik\nreference: invoice\numzug: zgeln\nankunftszustand: intakt\n','2017-06-12 20:33:37','2017-06-12 20:33:37'),(66,'mbeam12','mbeam12',79,47,66,1,NULL,NULL,'2014-01-25','2017-06-12',NULL,NULL,'408.00',0,0,1,0,1,1,NULL,NULL,NULL,'mbeam12',NULL,'--- !ruby/hash:ActiveSupport::HashWithIndifferentAccess\nanschaffungskategorie: AV-Technik\nreference: invoice\numzug: zgeln\nankunftszustand: intakt\n','2017-06-12 20:33:37','2017-06-12 20:33:37'),(67,'mbeam13','mbeam13',80,47,67,1,NULL,NULL,'2012-10-31','2017-06-12',NULL,NULL,'487.00',0,0,1,0,1,1,NULL,NULL,NULL,'mbeam13',NULL,'--- !ruby/hash:ActiveSupport::HashWithIndifferentAccess\nanschaffungskategorie: AV-Technik\nreference: invoice\numzug: zgeln\nankunftszustand: intakt\n','2017-06-12 20:33:37','2017-06-12 20:33:37'),(68,'mbeam14','mbeam14',81,47,68,1,NULL,NULL,'2014-09-08','2017-06-12',NULL,NULL,'643.00',0,0,1,0,1,1,NULL,NULL,NULL,'mbeam14',NULL,'--- !ruby/hash:ActiveSupport::HashWithIndifferentAccess\nanschaffungskategorie: AV-Technik\nreference: invoice\numzug: zgeln\nankunftszustand: intakt\n','2017-06-12 20:33:37','2017-06-12 20:33:37'),(69,'mbeam15','mbeam15',82,47,69,1,NULL,NULL,'2015-01-27','2017-06-12',NULL,NULL,'1375.00',0,0,1,0,1,1,NULL,NULL,NULL,'mbeam15',NULL,'--- !ruby/hash:ActiveSupport::HashWithIndifferentAccess\nanschaffungskategorie: AV-Technik\nreference: invoice\numzug: zgeln\nankunftszustand: intakt\n','2017-06-12 20:33:37','2017-06-12 20:33:37'),(70,'mbeam16','mbeam16',83,47,70,1,NULL,NULL,'2016-09-16','2017-06-12',NULL,NULL,'753.00',0,0,1,0,1,1,NULL,NULL,NULL,'mbeam16',NULL,'--- !ruby/hash:ActiveSupport::HashWithIndifferentAccess\nanschaffungskategorie: AV-Technik\nreference: invoice\numzug: zgeln\nankunftszustand: intakt\n','2017-06-12 20:33:37','2017-06-12 20:33:37'),(71,'mbeam17','mbeam17',84,47,71,1,NULL,NULL,'2014-07-15','2017-06-12',NULL,NULL,'758.00',0,0,1,0,1,1,NULL,NULL,NULL,'mbeam17',NULL,'--- !ruby/hash:ActiveSupport::HashWithIndifferentAccess\nanschaffungskategorie: AV-Technik\nreference: invoice\numzug: zgeln\nankunftszustand: intakt\n','2017-06-12 20:33:37','2017-06-12 20:33:37'),(72,'mbeam18','mbeam18',85,47,72,1,NULL,NULL,'2013-06-02','2017-06-12',NULL,NULL,'330.00',0,0,1,0,1,1,NULL,NULL,NULL,'mbeam18',NULL,'--- !ruby/hash:ActiveSupport::HashWithIndifferentAccess\nanschaffungskategorie: AV-Technik\nreference: invoice\numzug: zgeln\nankunftszustand: intakt\n','2017-06-12 20:33:37','2017-06-12 20:33:37'),(73,'mbeam19','mbeam19',86,47,73,1,NULL,NULL,'2016-04-21','2017-06-12',NULL,NULL,'341.00',0,0,1,0,1,1,NULL,NULL,NULL,'mbeam19',NULL,'--- !ruby/hash:ActiveSupport::HashWithIndifferentAccess\nanschaffungskategorie: AV-Technik\nreference: invoice\numzug: zgeln\nankunftszustand: intakt\n','2017-06-12 20:33:37','2017-06-12 20:33:37'),(74,'mbeam20','mbeam20',87,47,74,1,NULL,NULL,'2013-07-18','2017-06-12',NULL,NULL,'242.00',0,0,1,0,1,1,NULL,NULL,NULL,'mbeam20',NULL,'--- !ruby/hash:ActiveSupport::HashWithIndifferentAccess\nanschaffungskategorie: AV-Technik\nreference: invoice\numzug: zgeln\nankunftszustand: intakt\n','2017-06-12 20:33:37','2017-06-12 20:33:37'),(75,'cam123','abc234',88,47,75,1,NULL,NULL,'2014-04-05','2017-06-12',NULL,NULL,'546.00',0,0,1,0,1,1,NULL,NULL,NULL,NULL,NULL,'--- !ruby/hash:ActiveSupport::HashWithIndifferentAccess\nanschaffungskategorie: AV-Technik\nreference: invoice\numzug: zgeln\nankunftszustand: intakt\n','2017-06-12 20:33:37','2017-06-12 20:33:37'),(76,'cam345','ab567',88,47,76,1,NULL,NULL,'2013-05-22','2017-06-12',NULL,NULL,'756.00',0,0,1,0,1,1,NULL,NULL,NULL,NULL,NULL,'--- !ruby/hash:ActiveSupport::HashWithIndifferentAccess\nanschaffungskategorie: AV-Technik\nreference: invoice\numzug: zgeln\nankunftszustand: intakt\n','2017-06-12 20:33:37','2017-06-12 20:33:37'),(77,'cam567','ab789',88,47,77,1,NULL,NULL,'2014-05-24','2017-06-12',NULL,NULL,'234.00',0,0,1,0,1,1,NULL,NULL,NULL,NULL,NULL,'--- !ruby/hash:ActiveSupport::HashWithIndifferentAccess\nanschaffungskategorie: AV-Technik\nreference: invoice\numzug: zgeln\nankunftszustand: intakt\n','2017-06-12 20:33:37','2017-06-12 20:33:37'),(78,'cam53267','ab782129',88,47,78,1,NULL,NULL,'2016-09-09','2017-06-12',NULL,NULL,'367.00',0,0,1,0,1,1,NULL,NULL,NULL,NULL,NULL,'--- !ruby/hash:ActiveSupport::HashWithIndifferentAccess\nanschaffungskategorie: AV-Technik\nreference: invoice\numzug: zgeln\nankunftszustand: intakt\n','2017-06-12 20:33:37','2017-06-12 20:33:37'),(79,'cam532asd67','ab78as2129',88,47,79,1,NULL,NULL,'2012-01-28','2017-06-12',NULL,NULL,'663.00',0,0,1,0,1,1,NULL,NULL,NULL,NULL,NULL,'--- !ruby/hash:ActiveSupport::HashWithIndifferentAccess\nanschaffungskategorie: AV-Technik\nreference: invoice\numzug: zgeln\nankunftszustand: intakt\n','2017-06-12 20:33:37','2017-06-12 20:33:37'),(80,'mcam1','mcam1',89,47,80,1,NULL,NULL,'2012-01-04','2017-06-12',NULL,NULL,'1207.00',0,0,1,0,1,1,NULL,NULL,NULL,'mcam1',NULL,'--- !ruby/hash:ActiveSupport::HashWithIndifferentAccess\nanschaffungskategorie: AV-Technik\nreference: invoice\numzug: zgeln\nankunftszustand: intakt\n','2017-06-12 20:33:37','2017-06-12 20:33:37'),(81,'mcam2','mcam2',90,47,81,1,NULL,NULL,'2012-01-20','2017-06-12',NULL,NULL,'895.00',0,0,1,0,1,1,NULL,NULL,NULL,'mcam2',NULL,'--- !ruby/hash:ActiveSupport::HashWithIndifferentAccess\nanschaffungskategorie: AV-Technik\nreference: invoice\numzug: zgeln\nankunftszustand: intakt\n','2017-06-12 20:33:37','2017-06-12 20:33:37'),(82,'mcam3','mcam3',91,47,82,1,NULL,NULL,'2013-11-20','2017-06-12',NULL,NULL,'255.00',0,0,1,0,1,1,NULL,NULL,NULL,'mcam3',NULL,'--- !ruby/hash:ActiveSupport::HashWithIndifferentAccess\nanschaffungskategorie: AV-Technik\nreference: invoice\numzug: zgeln\nankunftszustand: intakt\n','2017-06-12 20:33:37','2017-06-12 20:33:37'),(83,'mcam4','mcam4',92,47,83,1,NULL,NULL,'2015-05-17','2017-06-12',NULL,NULL,'176.00',0,0,1,0,1,1,NULL,NULL,NULL,'mcam4',NULL,'--- !ruby/hash:ActiveSupport::HashWithIndifferentAccess\nanschaffungskategorie: AV-Technik\nreference: invoice\numzug: zgeln\nankunftszustand: intakt\n','2017-06-12 20:33:37','2017-06-12 20:33:37'),(84,'mcam5','mcam5',93,47,84,1,NULL,NULL,'2014-07-14','2017-06-12',NULL,NULL,'935.00',0,0,1,0,1,1,NULL,NULL,NULL,'mcam5',NULL,'--- !ruby/hash:ActiveSupport::HashWithIndifferentAccess\nanschaffungskategorie: AV-Technik\nreference: invoice\numzug: zgeln\nankunftszustand: intakt\n','2017-06-12 20:33:37','2017-06-12 20:33:37'),(85,'mcam6','mcam6',94,47,85,1,NULL,NULL,'2014-12-01','2017-06-12',NULL,NULL,'1143.00',0,0,1,0,1,1,NULL,NULL,NULL,'mcam6',NULL,'--- !ruby/hash:ActiveSupport::HashWithIndifferentAccess\nanschaffungskategorie: AV-Technik\nreference: invoice\numzug: zgeln\nankunftszustand: intakt\n','2017-06-12 20:33:37','2017-06-12 20:33:37'),(86,'mcam7','mcam7',95,47,86,1,NULL,NULL,'2016-03-26','2017-06-12',NULL,NULL,'558.00',0,0,1,0,1,1,NULL,NULL,NULL,'mcam7',NULL,'--- !ruby/hash:ActiveSupport::HashWithIndifferentAccess\nanschaffungskategorie: AV-Technik\nreference: invoice\numzug: zgeln\nankunftszustand: intakt\n','2017-06-12 20:33:37','2017-06-12 20:33:37'),(87,'mcam8','mcam8',96,47,87,1,NULL,NULL,'2012-08-26','2017-06-12',NULL,NULL,'1311.00',0,0,1,0,1,1,NULL,NULL,NULL,'mcam8',NULL,'--- !ruby/hash:ActiveSupport::HashWithIndifferentAccess\nanschaffungskategorie: AV-Technik\nreference: invoice\numzug: zgeln\nankunftszustand: intakt\n','2017-06-12 20:33:37','2017-06-12 20:33:37'),(88,'mcam9','mcam9',97,47,88,1,NULL,NULL,'2014-05-29','2017-06-12',NULL,NULL,'1400.00',0,0,1,0,1,1,NULL,NULL,NULL,'mcam9',NULL,'--- !ruby/hash:ActiveSupport::HashWithIndifferentAccess\nanschaffungskategorie: AV-Technik\nreference: invoice\numzug: zgeln\nankunftszustand: intakt\n','2017-06-12 20:33:37','2017-06-12 20:33:37'),(89,'mcam10','mcam10',98,47,89,1,NULL,NULL,'2016-08-05','2017-06-12',NULL,NULL,'127.00',0,0,1,0,1,1,NULL,NULL,NULL,'mcam10',NULL,'--- !ruby/hash:ActiveSupport::HashWithIndifferentAccess\nanschaffungskategorie: AV-Technik\nreference: invoice\numzug: zgeln\nankunftszustand: intakt\n','2017-06-12 20:33:37','2017-06-12 20:33:37'),(90,'mcam11','mcam11',99,47,90,1,NULL,NULL,'2014-04-01','2017-06-12',NULL,NULL,'1161.00',0,0,1,0,1,1,NULL,NULL,NULL,'mcam11',NULL,'--- !ruby/hash:ActiveSupport::HashWithIndifferentAccess\nanschaffungskategorie: AV-Technik\nreference: invoice\numzug: zgeln\nankunftszustand: intakt\n','2017-06-12 20:33:37','2017-06-12 20:33:37'),(91,'mcam12','mcam12',100,47,91,1,NULL,NULL,'2012-12-10','2017-06-12',NULL,NULL,'1362.00',0,0,1,0,1,1,NULL,NULL,NULL,'mcam12',NULL,'--- !ruby/hash:ActiveSupport::HashWithIndifferentAccess\nanschaffungskategorie: AV-Technik\nreference: invoice\numzug: zgeln\nankunftszustand: intakt\n','2017-06-12 20:33:37','2017-06-12 20:33:37'),(92,'mcam13','mcam13',101,47,92,1,NULL,NULL,'2015-04-17','2017-06-12',NULL,NULL,'451.00',0,0,1,0,1,1,NULL,NULL,NULL,'mcam13',NULL,'--- !ruby/hash:ActiveSupport::HashWithIndifferentAccess\nanschaffungskategorie: AV-Technik\nreference: invoice\numzug: zgeln\nankunftszustand: intakt\n','2017-06-12 20:33:37','2017-06-12 20:33:37'),(93,'mcam14','mcam14',102,47,93,1,NULL,NULL,'2015-12-07','2017-06-12',NULL,NULL,'1275.00',0,0,1,0,1,1,NULL,NULL,NULL,'mcam14',NULL,'--- !ruby/hash:ActiveSupport::HashWithIndifferentAccess\nanschaffungskategorie: AV-Technik\nreference: invoice\numzug: zgeln\nankunftszustand: intakt\n','2017-06-12 20:33:37','2017-06-12 20:33:37'),(94,'mcam15','mcam15',103,47,94,1,NULL,NULL,'2013-08-18','2017-06-12',NULL,NULL,'767.00',0,0,1,0,1,1,NULL,NULL,NULL,'mcam15',NULL,'--- !ruby/hash:ActiveSupport::HashWithIndifferentAccess\nanschaffungskategorie: AV-Technik\nreference: invoice\numzug: zgeln\nankunftszustand: intakt\n','2017-06-12 20:33:37','2017-06-12 20:33:37'),(95,'mcam16','mcam16',104,47,95,1,NULL,NULL,'2013-11-22','2017-06-12',NULL,NULL,'978.00',0,0,1,0,1,1,NULL,NULL,NULL,'mcam16',NULL,'--- !ruby/hash:ActiveSupport::HashWithIndifferentAccess\nanschaffungskategorie: AV-Technik\nreference: invoice\numzug: zgeln\nankunftszustand: intakt\n','2017-06-12 20:33:37','2017-06-12 20:33:37'),(96,'mcam17','mcam17',105,47,96,1,NULL,NULL,'2016-11-24','2017-06-12',NULL,NULL,'337.00',0,0,1,0,1,1,NULL,NULL,NULL,'mcam17',NULL,'--- !ruby/hash:ActiveSupport::HashWithIndifferentAccess\nanschaffungskategorie: AV-Technik\nreference: invoice\numzug: zgeln\nankunftszustand: intakt\n','2017-06-12 20:33:37','2017-06-12 20:33:37'),(97,'mcam18','mcam18',106,47,97,1,NULL,NULL,'2013-12-28','2017-06-12',NULL,NULL,'1457.00',0,0,1,0,1,1,NULL,NULL,NULL,'mcam18',NULL,'--- !ruby/hash:ActiveSupport::HashWithIndifferentAccess\nanschaffungskategorie: AV-Technik\nreference: invoice\numzug: zgeln\nankunftszustand: intakt\n','2017-06-12 20:33:37','2017-06-12 20:33:37'),(98,'mcam19','mcam19',107,47,98,1,NULL,NULL,'2015-07-20','2017-06-12',NULL,NULL,'782.00',0,0,1,0,1,1,NULL,NULL,NULL,'mcam19',NULL,'--- !ruby/hash:ActiveSupport::HashWithIndifferentAccess\nanschaffungskategorie: AV-Technik\nreference: invoice\numzug: zgeln\nankunftszustand: intakt\n','2017-06-12 20:33:37','2017-06-12 20:33:37'),(99,'mcam20','mcam20',108,47,99,1,NULL,NULL,'2015-08-10','2017-06-12',NULL,NULL,'1098.00',0,0,1,0,1,1,NULL,NULL,NULL,'mcam20',NULL,'--- !ruby/hash:ActiveSupport::HashWithIndifferentAccess\nanschaffungskategorie: AV-Technik\nreference: invoice\numzug: zgeln\nankunftszustand: intakt\n','2017-06-12 20:33:37','2017-06-12 20:33:37'),(100,'mcam21','mcam21',109,47,100,1,NULL,NULL,'2013-06-27','2017-06-12',NULL,NULL,'1367.00',0,0,1,0,1,1,NULL,NULL,NULL,'mcam21',NULL,'--- !ruby/hash:ActiveSupport::HashWithIndifferentAccess\nanschaffungskategorie: AV-Technik\nreference: invoice\numzug: zgeln\nankunftszustand: intakt\n','2017-06-12 20:33:37','2017-06-12 20:33:37'),(101,'mcam22','mcam22',110,47,101,1,NULL,NULL,'2013-05-31','2017-06-12',NULL,NULL,'305.00',0,0,1,0,1,1,NULL,NULL,NULL,'mcam22',NULL,'--- !ruby/hash:ActiveSupport::HashWithIndifferentAccess\nanschaffungskategorie: AV-Technik\nreference: invoice\numzug: zgeln\nankunftszustand: intakt\n','2017-06-12 20:33:37','2017-06-12 20:33:37'),(102,'mcam23','mcam23',111,47,102,1,NULL,NULL,'2014-07-30','2017-06-12',NULL,NULL,'827.00',0,0,1,0,1,1,NULL,NULL,NULL,'mcam23',NULL,'--- !ruby/hash:ActiveSupport::HashWithIndifferentAccess\nanschaffungskategorie: AV-Technik\nreference: invoice\numzug: zgeln\nankunftszustand: intakt\n','2017-06-12 20:33:37','2017-06-12 20:33:37'),(103,'mcam24','mcam24',112,47,103,1,NULL,NULL,'2016-11-03','2017-06-12',NULL,NULL,'633.00',0,0,1,0,1,1,NULL,NULL,NULL,'mcam24',NULL,'--- !ruby/hash:ActiveSupport::HashWithIndifferentAccess\nanschaffungskategorie: AV-Technik\nreference: invoice\numzug: zgeln\nankunftszustand: intakt\n','2017-06-12 20:33:37','2017-06-12 20:33:37'),(104,'mcam25','mcam25',113,47,104,1,NULL,NULL,'2012-05-02','2017-06-12',NULL,NULL,'609.00',0,0,1,0,1,1,NULL,NULL,NULL,'mcam25',NULL,'--- !ruby/hash:ActiveSupport::HashWithIndifferentAccess\nanschaffungskategorie: AV-Technik\nreference: invoice\numzug: zgeln\nankunftszustand: intakt\n','2017-06-12 20:33:37','2017-06-12 20:33:37'),(105,'mcam26','mcam26',114,47,105,1,NULL,NULL,'2014-06-02','2017-06-12',NULL,NULL,'880.00',0,0,1,0,1,1,NULL,NULL,NULL,'mcam26',NULL,'--- !ruby/hash:ActiveSupport::HashWithIndifferentAccess\nanschaffungskategorie: AV-Technik\nreference: invoice\numzug: zgeln\nankunftszustand: intakt\n','2017-06-12 20:33:37','2017-06-12 20:33:37'),(106,'mcam27','mcam27',115,47,106,1,NULL,NULL,'2012-12-01','2017-06-12',NULL,NULL,'406.00',0,0,1,0,1,1,NULL,NULL,NULL,'mcam27',NULL,'--- !ruby/hash:ActiveSupport::HashWithIndifferentAccess\nanschaffungskategorie: AV-Technik\nreference: invoice\numzug: zgeln\nankunftszustand: intakt\n','2017-06-12 20:33:37','2017-06-12 20:33:37'),(107,'mcam28','mcam28',116,47,107,1,NULL,NULL,'2012-08-03','2017-06-12',NULL,NULL,'373.00',0,0,1,0,1,1,NULL,NULL,NULL,'mcam28',NULL,'--- !ruby/hash:ActiveSupport::HashWithIndifferentAccess\nanschaffungskategorie: AV-Technik\nreference: invoice\numzug: zgeln\nankunftszustand: intakt\n','2017-06-12 20:33:37','2017-06-12 20:33:37'),(108,'mcam29','mcam29',117,47,108,1,NULL,NULL,'2012-06-19','2017-06-12',NULL,NULL,'351.00',0,0,1,0,1,1,NULL,NULL,NULL,'mcam29',NULL,'--- !ruby/hash:ActiveSupport::HashWithIndifferentAccess\nanschaffungskategorie: AV-Technik\nreference: invoice\numzug: zgeln\nankunftszustand: intakt\n','2017-06-12 20:33:37','2017-06-12 20:33:37'),(109,'mcam30','mcam30',118,47,109,1,NULL,NULL,'2013-09-17','2017-06-12',NULL,NULL,'834.00',0,0,1,0,1,1,NULL,NULL,NULL,'mcam30',NULL,'--- !ruby/hash:ActiveSupport::HashWithIndifferentAccess\nanschaffungskategorie: AV-Technik\nreference: invoice\numzug: zgeln\nankunftszustand: intakt\n','2017-06-12 20:33:37','2017-06-12 20:33:37'),(110,'hifi123','hifi123',119,47,110,1,NULL,NULL,'2012-11-08','2017-06-12',NULL,NULL,'77.00',0,0,1,0,1,1,NULL,NULL,NULL,NULL,NULL,'--- !ruby/hash:ActiveSupport::HashWithIndifferentAccess\nanschaffungskategorie: AV-Technik\nreference: invoice\numzug: zgeln\nankunftszustand: intakt\n','2017-06-12 20:33:37','2017-06-12 20:33:37'),(111,'tri789','fgh567',120,47,111,1,NULL,NULL,'2015-02-16','2017-06-12',NULL,NULL,'161.00',0,0,1,0,1,1,NULL,NULL,NULL,NULL,NULL,'--- !ruby/hash:ActiveSupport::HashWithIndifferentAccess\nanschaffungskategorie: AV-Technik\nreference: invoice\numzug: zgeln\nankunftszustand: intakt\n','2017-06-12 20:33:37','2017-06-12 20:33:37'),(112,'tri123','fgh987',120,47,112,1,NULL,NULL,'2014-06-15','2017-06-12',NULL,NULL,'642.00',0,0,1,0,1,1,NULL,NULL,NULL,NULL,NULL,'--- !ruby/hash:ActiveSupport::HashWithIndifferentAccess\nanschaffungskategorie: AV-Technik\nreference: invoice\numzug: zgeln\nankunftszustand: intakt\n','2017-06-12 20:33:37','2017-06-12 20:33:37'),(113,'tri923','asd213',120,47,113,1,NULL,NULL,'2016-05-04','2017-06-12',NULL,NULL,'595.00',0,0,1,0,1,1,NULL,NULL,NULL,NULL,NULL,'--- !ruby/hash:ActiveSupport::HashWithIndifferentAccess\nanschaffungskategorie: AV-Technik\nreference: invoice\numzug: zgeln\nankunftszustand: intakt\n','2017-06-12 20:33:37','2017-06-12 20:33:37'),(114,'tri212','tri212',120,47,114,1,NULL,NULL,'2013-06-20','2017-06-12',NULL,NULL,'1061.00',0,0,1,0,1,1,NULL,NULL,NULL,NULL,NULL,'--- !ruby/hash:ActiveSupport::HashWithIndifferentAccess\nanschaffungskategorie: AV-Technik\nreference: invoice\numzug: zgeln\nankunftszustand: intakt\n','2017-06-12 20:33:37','2017-06-12 20:33:37'),(115,'hgyyti','p41rbb',122,47,115,1,NULL,NULL,'2013-01-07','2017-06-12',NULL,NULL,'186.00',0,0,1,0,1,1,NULL,NULL,NULL,NULL,NULL,'--- !ruby/hash:ActiveSupport::HashWithIndifferentAccess\nanschaffungskategorie: AV-Technik\nreference: invoice\numzug: zgeln\nankunftszustand: intakt\n','2017-06-12 20:33:37','2017-06-12 20:33:37'),(116,'nrkll7rqz2ojfuux679m240','62:b9:23:56:d3:bf-f6:6d:6e:38:62:0b-09:7d:9f:89:35:e7',123,48,116,1,NULL,NULL,'2015-08-28','2017-06-12',NULL,NULL,'799.00',0,0,1,0,1,1,NULL,NULL,NULL,NULL,NULL,'--- !ruby/hash:ActiveSupport::HashWithIndifferentAccess\nanschaffungskategorie: AV-Technik\nreference: invoice\numzug: zgeln\nankunftszustand: intakt\n','2017-06-12 20:33:37','2017-06-12 20:33:37'),(117,'hwkk9i8y9q61t1lyqf2e241','39:65:52:eb:7c:c1-9f:a5:0b:b3:ef:d9-c5:11:e3:24:2a:68',125,48,117,1,116,NULL,'2012-08-21','2017-06-12',NULL,NULL,'537.00',0,0,1,0,1,1,NULL,NULL,NULL,NULL,NULL,'--- !ruby/hash:ActiveSupport::HashWithIndifferentAccess\nanschaffungskategorie: AV-Technik\nreference: invoice\numzug: zgeln\nankunftszustand: intakt\n','2017-06-12 20:33:37','2017-06-12 20:33:37'),(118,'qimpjzg8i04hsolu1q7d242','62:f4:16:f8:97:0b-d7:a7:33:1e:ee:02-e4:60:22:83:0e:0c',126,48,118,1,116,NULL,'2014-03-13','2017-06-12',NULL,NULL,'133.00',0,0,1,0,1,1,NULL,NULL,NULL,NULL,NULL,'--- !ruby/hash:ActiveSupport::HashWithIndifferentAccess\nanschaffungskategorie: AV-Technik\nreference: invoice\numzug: zgeln\nankunftszustand: intakt\n','2017-06-12 20:33:37','2017-06-12 20:33:37'),(119,'h1te3esba8xds99e5tu7243','7b:95:3a:e1:3d:dd-45:68:a5:29:46:79-71:57:2b:5e:37:d9',127,48,119,1,116,NULL,'2016-12-20','2017-06-12',NULL,NULL,'17.00',0,0,1,0,1,1,NULL,NULL,NULL,NULL,NULL,'--- !ruby/hash:ActiveSupport::HashWithIndifferentAccess\nanschaffungskategorie: AV-Technik\nreference: invoice\numzug: zgeln\nankunftszustand: intakt\n','2017-06-12 20:33:37','2017-06-12 20:33:37'),(120,'fuk54cab0ftykti1teto244','e7:02:f9:cd:f0:ce-f3:53:c6:bf:d5:d3-b4:23:84:9a:04:82',123,52,120,1,NULL,NULL,'2016-01-06','2017-06-12',NULL,NULL,'868.00',0,0,1,0,1,1,NULL,NULL,NULL,NULL,NULL,'--- !ruby/hash:ActiveSupport::HashWithIndifferentAccess\nanschaffungskategorie: AV-Technik\nreference: invoice\numzug: zgeln\nankunftszustand: intakt\n','2017-06-12 20:33:37','2017-06-12 20:33:37'),(121,'91yrai5saptpsy1focqm245','2f:47:29:4a:40:6c-75:d6:b3:77:f3:d5-fa:57:4a:e7:dc:c3',129,52,121,1,120,NULL,'2015-01-15','2017-06-12',NULL,NULL,'350.00',0,0,1,0,1,1,NULL,NULL,NULL,NULL,NULL,'--- !ruby/hash:ActiveSupport::HashWithIndifferentAccess\nanschaffungskategorie: AV-Technik\nreference: invoice\numzug: zgeln\nankunftszustand: intakt\n','2017-06-12 20:33:37','2017-06-12 20:33:37'),(122,'xqq8rrs54qm23ighoulz246','12:37:ef:90:0e:51-49:96:07:95:00:db-06:73:28:fc:68:70',130,52,122,1,120,NULL,'2013-02-25','2017-06-12',NULL,NULL,'1419.00',0,0,1,0,1,1,NULL,NULL,NULL,NULL,NULL,'--- !ruby/hash:ActiveSupport::HashWithIndifferentAccess\nanschaffungskategorie: AV-Technik\nreference: invoice\numzug: zgeln\nankunftszustand: intakt\n','2017-06-12 20:33:37','2017-06-12 20:33:37'),(123,'3kmrc7uzz2mef1iq6lkv247','fb:2f:41:ea:f0:4c-09:9f:1d:24:1a:c2-ad:a4:6c:db:a7:24',131,52,123,1,120,NULL,'2013-06-03','2017-06-12',NULL,NULL,'1154.00',0,0,1,0,1,1,NULL,NULL,NULL,NULL,NULL,'--- !ruby/hash:ActiveSupport::HashWithIndifferentAccess\nanschaffungskategorie: AV-Technik\nreference: invoice\numzug: zgeln\nankunftszustand: intakt\n','2017-06-12 20:33:37','2017-06-12 20:33:37'),(124,'g1flw35a4pxzxphe62mu248','07:36:7c:32:8f:06-01:f6:2d:4c:e3:4d-dc:b3:d1:cd:53:f0',123,56,124,1,NULL,NULL,'2014-06-24','2017-06-12',NULL,NULL,'1160.00',0,0,1,0,1,1,NULL,NULL,NULL,NULL,NULL,'--- !ruby/hash:ActiveSupport::HashWithIndifferentAccess\nanschaffungskategorie: AV-Technik\nreference: invoice\numzug: zgeln\nankunftszustand: intakt\n','2017-06-12 20:33:37','2017-06-12 20:33:37'),(125,'fsu18frq3cjau9fcf5mm249','db:98:52:88:31:39-49:87:37:44:ed:a7-a1:33:9a:18:74:4c',133,56,125,1,124,NULL,'2014-03-24','2017-06-12',NULL,NULL,'679.00',0,0,1,0,1,1,NULL,NULL,NULL,NULL,NULL,'--- !ruby/hash:ActiveSupport::HashWithIndifferentAccess\nanschaffungskategorie: AV-Technik\nreference: invoice\numzug: zgeln\nankunftszustand: intakt\n','2017-06-12 20:33:37','2017-06-12 20:33:37'),(126,'ne5lrnnsyx0iyc3q2r32250','b0:90:9b:b4:7a:ae-76:82:f0:9f:e9:a7-48:c4:c1:21:05:43',134,56,126,1,124,NULL,'2014-08-04','2017-06-12',NULL,NULL,'554.00',0,0,1,0,1,1,NULL,NULL,NULL,NULL,NULL,'--- !ruby/hash:ActiveSupport::HashWithIndifferentAccess\nanschaffungskategorie: AV-Technik\nreference: invoice\numzug: zgeln\nankunftszustand: intakt\n','2017-06-12 20:33:37','2017-06-12 20:33:37'),(127,'m4jsrllsqyg53y4tig8w251','e2:85:05:6e:6f:ad-6c:ff:ee:6a:f7:ab-ca:ca:c9:e5:bd:07',135,56,127,1,124,NULL,'2014-06-03','2017-06-12',NULL,NULL,'518.00',0,0,1,0,1,1,NULL,NULL,NULL,NULL,NULL,'--- !ruby/hash:ActiveSupport::HashWithIndifferentAccess\nanschaffungskategorie: AV-Technik\nreference: invoice\numzug: zgeln\nankunftszustand: intakt\n','2017-06-12 20:33:37','2017-06-12 20:33:37'),(128,'2nh54dxo6u825gfj2xwk252','fc:7d:bf:1c:ed:06-56:29:93:9b:93:7c-a3:01:b9:c5:f0:61',136,60,128,1,NULL,NULL,'2012-08-31','2017-06-12',NULL,NULL,'1162.00',0,0,1,0,1,1,NULL,NULL,NULL,NULL,NULL,'--- !ruby/hash:ActiveSupport::HashWithIndifferentAccess\nanschaffungskategorie: AV-Technik\nreference: invoice\numzug: zgeln\nankunftszustand: intakt\n','2017-06-12 20:33:37','2017-06-12 20:33:37'),(129,'ckqf3mp6y2500l6sek5c253','81:d5:59:f5:55:3c-a7:2b:de:0c:a2:36-62:7c:36:ff:68:da',138,60,129,1,128,NULL,'2016-03-26','2017-06-12',NULL,NULL,'1160.00',0,0,1,0,1,1,NULL,NULL,NULL,NULL,NULL,'--- !ruby/hash:ActiveSupport::HashWithIndifferentAccess\nanschaffungskategorie: AV-Technik\nreference: invoice\numzug: zgeln\nankunftszustand: intakt\n','2017-06-12 20:33:37','2017-06-12 20:33:37'),(130,'voryv3zrefygdhi8n2x3254','e7:48:39:91:30:a1-5e:ab:96:24:03:7b-48:51:2b:3f:1c:b1',139,60,130,1,128,NULL,'2014-12-15','2017-06-12',NULL,NULL,'488.00',0,0,1,0,1,1,NULL,NULL,NULL,NULL,NULL,'--- !ruby/hash:ActiveSupport::HashWithIndifferentAccess\nanschaffungskategorie: AV-Technik\nreference: invoice\numzug: zgeln\nankunftszustand: intakt\n','2017-06-12 20:33:37','2017-06-12 20:33:37'),(131,'ftkl1lko1vzblc4iuzoh255','4c:41:4b:9c:30:15-01:0d:fb:3e:69:73-41:c3:ea:ae:60:51',140,60,131,1,128,NULL,'2015-09-19','2017-06-12',NULL,NULL,'893.00',0,0,1,0,1,1,NULL,NULL,NULL,NULL,NULL,'--- !ruby/hash:ActiveSupport::HashWithIndifferentAccess\nanschaffungskategorie: AV-Technik\nreference: invoice\numzug: zgeln\nankunftszustand: intakt\n','2017-06-12 20:33:37','2017-06-12 20:33:37'),(132,'q6d2f0jtdx1oc2ss6d8z256','8d:7b:e4:21:80:b3-35:b8:f4:86:7e:7c-64:6b:52:5f:53:2d',136,64,132,1,NULL,NULL,'2015-02-12','2017-06-12',NULL,NULL,'108.00',0,0,1,0,1,1,NULL,NULL,NULL,NULL,NULL,'--- !ruby/hash:ActiveSupport::HashWithIndifferentAccess\nanschaffungskategorie: AV-Technik\nreference: invoice\numzug: zgeln\nankunftszustand: intakt\n','2017-06-12 20:33:37','2017-06-12 20:33:37'),(133,'2kyotf3b6z14zkbilete257','58:1a:f7:cb:5b:de-aa:eb:98:7b:95:f6-a4:6f:7a:4e:27:f7',142,64,133,1,132,NULL,'2013-08-13','2017-06-12',NULL,NULL,'1371.00',0,0,1,0,1,1,NULL,NULL,NULL,NULL,NULL,'--- !ruby/hash:ActiveSupport::HashWithIndifferentAccess\nanschaffungskategorie: AV-Technik\nreference: invoice\numzug: zgeln\nankunftszustand: intakt\n','2017-06-12 20:33:37','2017-06-12 20:33:37'),(134,'p1jcl2f5khvls9toq6i5258','be:ab:3c:78:2d:cc-c6:94:f7:45:27:c6-7a:a0:65:5a:7f:94',143,64,134,1,132,NULL,'2014-09-25','2017-06-12',NULL,NULL,'51.00',0,0,1,0,1,1,NULL,NULL,NULL,NULL,NULL,'--- !ruby/hash:ActiveSupport::HashWithIndifferentAccess\nanschaffungskategorie: AV-Technik\nreference: invoice\numzug: zgeln\nankunftszustand: intakt\n','2017-06-12 20:33:37','2017-06-12 20:33:37'),(135,'crqxcdn2bystc8cu0u5a259','69:be:f6:d5:c0:ea-d3:d9:d6:5a:e3:17-fc:37:c8:c8:b9:c1',144,64,135,1,132,NULL,'2012-12-10','2017-06-12',NULL,NULL,'1205.00',0,0,1,0,1,1,NULL,NULL,NULL,NULL,NULL,'--- !ruby/hash:ActiveSupport::HashWithIndifferentAccess\nanschaffungskategorie: AV-Technik\nreference: invoice\numzug: zgeln\nankunftszustand: intakt\n','2017-06-12 20:33:37','2017-06-12 20:33:37'),(136,'cbqugd4kmfq2cla4pyv0260','02:2e:a0:09:04:bc-06:55:1a:83:c6:85-8f:9d:a6:9e:ad:4d',136,68,136,1,NULL,NULL,'2016-12-28','2017-06-12',NULL,NULL,'879.00',0,0,1,0,1,1,NULL,NULL,NULL,NULL,NULL,'--- !ruby/hash:ActiveSupport::HashWithIndifferentAccess\nanschaffungskategorie: AV-Technik\nreference: invoice\numzug: zgeln\nankunftszustand: intakt\n','2017-06-12 20:33:37','2017-06-12 20:33:37'),(137,'jeolrkc69beeolc41mxy261','fc:3d:08:88:b8:3c-44:b9:3a:01:e0:c8-81:69:52:db:9b:65',146,68,137,1,136,NULL,'2012-05-11','2017-06-12',NULL,NULL,'801.00',0,0,1,0,1,1,NULL,NULL,NULL,NULL,NULL,'--- !ruby/hash:ActiveSupport::HashWithIndifferentAccess\nanschaffungskategorie: AV-Technik\nreference: invoice\numzug: zgeln\nankunftszustand: intakt\n','2017-06-12 20:33:37','2017-06-12 20:33:37'),(138,'3v1ugmo7pvvt2lcqaf26262','bc:94:7a:f2:83:48-0a:f8:3c:de:b4:7b-d0:59:70:9b:14:85',147,68,138,1,136,NULL,'2012-04-21','2017-06-12',NULL,NULL,'204.00',0,0,1,0,1,1,NULL,NULL,NULL,NULL,NULL,'--- !ruby/hash:ActiveSupport::HashWithIndifferentAccess\nanschaffungskategorie: AV-Technik\nreference: invoice\numzug: zgeln\nankunftszustand: intakt\n','2017-06-12 20:33:37','2017-06-12 20:33:37'),(139,'ivtdnt9s698yuzbqwznh263','90:3e:c7:0d:a4:b6-30:72:d2:55:58:37-8f:00:ed:55:0d:1f',148,68,139,1,136,NULL,'2013-08-24','2017-06-12',NULL,NULL,'252.00',0,0,1,0,1,1,NULL,NULL,NULL,NULL,NULL,'--- !ruby/hash:ActiveSupport::HashWithIndifferentAccess\nanschaffungskategorie: AV-Technik\nreference: invoice\numzug: zgeln\nankunftszustand: intakt\n','2017-06-12 20:33:37','2017-06-12 20:33:37'),(140,'vchj4qzwpku9atcherri264','7a:ed:02:13:99:1b-26:26:01:ea:1c:72-29:e6:21:94:5c:66',123,72,140,2,NULL,NULL,'2016-09-25','2017-06-12',NULL,NULL,'924.00',0,0,1,0,2,1,NULL,NULL,NULL,NULL,NULL,'--- !ruby/hash:ActiveSupport::HashWithIndifferentAccess\nanschaffungskategorie: AV-Technik\nreference: invoice\numzug: zgeln\nankunftszustand: intakt\n','2017-06-12 20:33:37','2017-06-12 20:33:37'),(141,'emhkzfp1y9dz9ou26raw265','89:0d:cd:4b:de:86-69:29:4d:d1:9e:ca-6e:08:49:c6:f7:98',150,72,141,2,140,NULL,'2015-03-16','2017-06-12',NULL,NULL,'855.00',0,0,1,0,2,1,NULL,NULL,NULL,NULL,NULL,'--- !ruby/hash:ActiveSupport::HashWithIndifferentAccess\nanschaffungskategorie: AV-Technik\nreference: invoice\numzug: zgeln\nankunftszustand: intakt\n','2017-06-12 20:33:37','2017-06-12 20:33:37'),(142,'5wenxt6il13230cs46z6266','a0:12:dd:e1:4c:8d-8a:5d:03:b3:90:d1-ab:49:77:79:e5:64',151,72,142,2,140,NULL,'2015-11-14','2017-06-12',NULL,NULL,'1005.00',0,0,1,0,2,1,NULL,NULL,NULL,NULL,NULL,'--- !ruby/hash:ActiveSupport::HashWithIndifferentAccess\nanschaffungskategorie: AV-Technik\nreference: invoice\numzug: zgeln\nankunftszustand: intakt\n','2017-06-12 20:33:37','2017-06-12 20:33:37'),(143,'ozmmyveriapcubne2gv4267','d3:19:42:24:be:75-11:d2:40:e5:bd:a1-63:da:3a:01:37:42',152,72,143,2,140,NULL,'2014-08-10','2017-06-12',NULL,NULL,'30.00',0,0,1,0,2,1,NULL,NULL,NULL,NULL,NULL,'--- !ruby/hash:ActiveSupport::HashWithIndifferentAccess\nanschaffungskategorie: AV-Technik\nreference: invoice\numzug: zgeln\nankunftszustand: intakt\n','2017-06-12 20:33:37','2017-06-12 20:33:37'),(144,'cand5','cand5',88,47,144,1,NULL,NULL,'2014-04-21','2017-06-12',NULL,NULL,'1452.00',0,0,0,0,1,1,NULL,NULL,NULL,NULL,NULL,'--- !ruby/hash:ActiveSupport::HashWithIndifferentAccess\nanschaffungskategorie: AV-Technik\nreference: invoice\numzug: zgeln\nankunftszustand: intakt\n','2017-06-12 20:33:37','2017-06-12 20:33:37'),(145,'beam21231','beamas12312',62,47,145,1,NULL,NULL,'2013-07-06','2017-06-12',NULL,NULL,'411.00',0,0,0,0,1,1,NULL,NULL,NULL,NULL,NULL,'--- !ruby/hash:ActiveSupport::HashWithIndifferentAccess\nanschaffungskategorie: AV-Technik\nreference: invoice\numzug: zgeln\nankunftszustand: intakt\n','2017-06-12 20:33:37','2017-06-12 20:33:37'),(146,'hifi345','hifi345',119,47,146,1,NULL,NULL,'2012-03-16','2017-06-12',NULL,NULL,'440.00',0,0,0,0,1,1,NULL,NULL,NULL,NULL,NULL,'--- !ruby/hash:ActiveSupport::HashWithIndifferentAccess\nanschaffungskategorie: AV-Technik\nreference: invoice\numzug: zgeln\nankunftszustand: intakt\n','2017-06-12 20:33:37','2017-06-12 20:33:37'),(147,'iMac1','iMac5',154,47,147,1,NULL,NULL,'2014-03-08','2017-06-12','2017-06-12','This Item is gone','1032.00',0,0,1,0,1,1,NULL,NULL,NULL,NULL,NULL,'--- !ruby/hash:ActiveSupport::HashWithIndifferentAccess\nanschaffungskategorie: AV-Technik\nreference: invoice\numzug: zgeln\nankunftszustand: intakt\n','2017-06-12 20:33:37','2017-06-12 20:33:37'),(148,'iMac2','iMac6',154,47,148,3,NULL,NULL,'2012-12-24','2017-06-12','2017-06-12','This Item is gone','1313.00',0,0,1,0,1,1,NULL,NULL,NULL,NULL,NULL,'--- !ruby/hash:ActiveSupport::HashWithIndifferentAccess\nanschaffungskategorie: AV-Technik\nreference: invoice\numzug: zgeln\nankunftszustand: intakt\n','2017-06-12 20:33:37','2017-06-12 20:33:37'),(149,'8hakte','0at5j0',121,47,149,1,NULL,NULL,'2015-02-28','2017-06-12','2017-06-12','This Item is gone','1309.00',0,0,1,0,1,1,NULL,NULL,NULL,NULL,NULL,'--- !ruby/hash:ActiveSupport::HashWithIndifferentAccess\nanschaffungskategorie: AV-Technik\nreference: invoice\numzug: zgeln\nankunftszustand: intakt\n','2017-06-12 20:33:37','2017-06-12 20:33:37'),(150,'icukc1','11rtxh',121,47,150,1,NULL,NULL,'2016-09-21','2017-06-12',NULL,NULL,'353.00',0,0,1,0,1,1,NULL,NULL,NULL,NULL,NULL,'--- !ruby/hash:ActiveSupport::HashWithIndifferentAccess\nanschaffungskategorie: AV-Technik\nreference: invoice\numzug: zgeln\nankunftszustand: intakt\n','2017-06-12 20:33:37','2017-06-12 20:33:37'),(151,'wlaptop1','wlaptop1',155,47,151,1,NULL,NULL,'2013-05-29','2017-06-12',NULL,NULL,'1461.00',1,0,1,0,1,1,NULL,NULL,NULL,NULL,NULL,'--- !ruby/hash:ActiveSupport::HashWithIndifferentAccess\nanschaffungskategorie: AV-Technik\nreference: invoice\numzug: zgeln\nankunftszustand: intakt\n','2017-06-12 20:33:37','2017-06-12 20:33:37'),(152,'v120d02','v120d02',156,47,152,1,NULL,NULL,'2016-09-24','2017-06-12',NULL,NULL,'128.00',0,1,1,0,1,1,NULL,NULL,NULL,NULL,NULL,'--- !ruby/hash:ActiveSupport::HashWithIndifferentAccess\nanschaffungskategorie: AV-Technik\nreference: invoice\numzug: zgeln\nankunftszustand: intakt\n','2017-06-12 20:33:37','2017-06-12 20:33:37'),(153,'ysxiycx8ebnx06om9ydw268','c0:60:ec:1d:85:da-5b:2c:3b:cd:ea:b3-47:e0:bf:39:cd:fa',156,76,153,1,NULL,NULL,'2015-03-29','2017-06-12','2017-06-12','Non facilis laboriosam distinctio fuga esse quo.','132.00',1,1,0,0,1,1,NULL,NULL,NULL,NULL,NULL,'--- !ruby/hash:ActiveSupport::HashWithIndifferentAccess\nanschaffungskategorie: AV-Technik\nreference: invoice\numzug: zgeln\nankunftszustand: intakt\n','2017-06-12 20:33:37','2017-06-12 20:33:37'),(154,'v120d022g','v120d022g',157,47,154,1,NULL,NULL,'2015-11-28','2017-06-12',NULL,NULL,'914.00',0,0,1,0,1,1,NULL,NULL,NULL,NULL,NULL,'--- !ruby/hash:ActiveSupport::HashWithIndifferentAccess\nanschaffungskategorie: AV-Technik\nreference: invoice\numzug: zgeln\nankunftszustand: intakt\n','2017-06-12 20:33:37','2017-06-12 20:33:37'),(155,'v120d022g2','v120d022g2',157,47,155,1,NULL,NULL,'2014-12-14','2017-06-12',NULL,NULL,'1048.00',0,0,1,0,1,1,NULL,NULL,NULL,NULL,NULL,'--- !ruby/hash:ActiveSupport::HashWithIndifferentAccess\nanschaffungskategorie: AV-Technik\nreference: invoice\numzug: zgeln\nankunftszustand: intakt\n','2017-06-12 20:33:37','2017-06-12 20:33:37'),(156,'beam897','xyz890',62,47,156,1,NULL,NULL,'2012-02-22','2017-06-12',NULL,NULL,'715.00',0,0,1,0,2,1,NULL,NULL,NULL,NULL,NULL,'--- !ruby/hash:ActiveSupport::HashWithIndifferentAccess\nanschaffungskategorie: AV-Technik\nreference: invoice\numzug: zgeln\nankunftszustand: intakt\n','2017-06-12 20:33:37','2017-06-12 20:33:37'),(157,'minibeam12','xyz890',64,47,157,1,NULL,NULL,'2013-02-18','2017-06-12',NULL,NULL,'240.00',0,0,1,0,2,1,NULL,NULL,NULL,NULL,NULL,'--- !ruby/hash:ActiveSupport::HashWithIndifferentAccess\nanschaffungskategorie: AV-Technik\nreference: invoice\numzug: zgeln\nankunftszustand: intakt\n','2017-06-12 20:33:37','2017-06-12 20:33:37'),(158,'minibeam34','xyz890',64,47,158,1,NULL,NULL,'2012-04-03','2017-06-12',NULL,NULL,'895.00',0,0,1,0,3,1,NULL,NULL,NULL,NULL,NULL,'--- !ruby/hash:ActiveSupport::HashWithIndifferentAccess\nanschaffungskategorie: AV-Technik\nreference: invoice\numzug: zgeln\nankunftszustand: intakt\n','2017-06-12 20:33:37','2017-06-12 20:33:37'),(159,'z8p4m48r0mdomaa72nw2269','b7:f4:cf:c4:77:ca-1c:08:e2:37:e3:48-de:d2:27:55:f9:57',159,NULL,NULL,1,NULL,NULL,NULL,NULL,NULL,NULL,NULL,0,0,0,0,1,0,NULL,NULL,NULL,NULL,NULL,'--- !ruby/hash:ActiveSupport::HashWithIndifferentAccess\nlicense_type: single_workplace\nactivation_type: serial_number\noperating_system:\n- windows\n- linux\ninstallation:\n- citrix\n- web\nprocured_by: Coty Crona\nreference: invoice\nmaintenance_contract: \'false\'\n','2017-06-12 20:33:37','2017-06-12 20:33:37'),(160,'uqv5t5wr1or1xdkg4l8i270','a7:3a:42:b3:02:bf-71:6c:52:a9:24:da-10:7e:e2:5a:d2:5a',160,NULL,NULL,1,NULL,NULL,NULL,NULL,NULL,NULL,NULL,0,0,1,0,1,0,NULL,NULL,NULL,NULL,NULL,'--- !ruby/hash:ActiveSupport::HashWithIndifferentAccess\nlicense_type: single_workplace\nactivation_type: serial_number\noperating_system:\n- windows\n- linux\ninstallation:\n- citrix\n- web\nreference: invoice\nmaintenance_contract: \'false\'\n','2017-06-12 20:33:37','2017-06-12 20:33:37'),(161,'150feng110ctfivpg1up271','d1:d1:10:a7:44:23-10:cd:34:f2:87:ef-4e:17:1a:23:cb:31',161,NULL,NULL,1,NULL,NULL,NULL,NULL,NULL,NULL,NULL,0,0,1,0,1,0,NULL,NULL,NULL,NULL,NULL,'--- !ruby/hash:ActiveSupport::HashWithIndifferentAccess\nlicense_type: single_workplace\nactivation_type: serial_number\noperating_system:\n- windows\n- linux\ninstallation:\n- citrix\n- web\nreference: invoice\nmaintenance_contract: \'false\'\n','2017-06-12 20:33:37','2017-06-12 20:33:37'),(162,'llwhppdlho1oo1k6wq29272','94:19:f5:80:0c:9b-7a:4e:af:c9:ee:1d-2d:40:ab:a4:e2:44',162,NULL,NULL,1,NULL,NULL,NULL,NULL,NULL,NULL,NULL,0,0,0,0,1,0,NULL,NULL,NULL,NULL,NULL,'--- !ruby/hash:ActiveSupport::HashWithIndifferentAccess\nlicense_type: single_workplace\nactivation_type: serial_number\noperating_system:\n- windows\n- linux\ninstallation:\n- citrix\n- web\nreference: invoice\nmaintenance_contract: \'false\'\n','2017-06-12 20:33:37','2017-06-12 20:33:37'),(163,'4qxnm7pyppp5ygcw811d273','2a:d6:f8:ee:56:b2-21:b5:01:29:9c:74-25:98:84:3b:be:34',163,NULL,NULL,1,NULL,NULL,NULL,NULL,NULL,NULL,NULL,0,0,0,0,1,0,NULL,NULL,NULL,NULL,NULL,'--- !ruby/hash:ActiveSupport::HashWithIndifferentAccess\nlicense_type: single_workplace\nactivation_type: serial_number\noperating_system:\n- windows\n- linux\ninstallation:\n- citrix\n- web\nreference: invoice\nmaintenance_contract: \'false\'\n','2017-06-12 20:33:37','2017-06-12 20:33:37'),(164,'3o7ov9iv6wszklcx233m274','06:a2:c9:0a:39:49-9b:88:05:02:0b:b1-69:f4:bb:7c:66:54',164,NULL,NULL,1,NULL,NULL,NULL,NULL,NULL,NULL,NULL,0,0,0,0,2,0,NULL,NULL,NULL,NULL,NULL,'--- !ruby/hash:ActiveSupport::HashWithIndifferentAccess\nlicense_type: single_workplace\nactivation_type: serial_number\noperating_system:\n- windows\n- linux\ninstallation:\n- citrix\n- web\nreference: invoice\nmaintenance_contract: \'false\'\n','2017-06-12 20:33:37','2017-06-12 20:33:37'),(165,'yv2cx3zwzqgraxbzdq7s275','24:64:95:9e:92:8a-1f:0a:20:b9:d0:93-b9:b7:a6:21:1d:0d',165,NULL,NULL,1,NULL,NULL,NULL,NULL,'2017-06-12','In ex vero asperiores sit fuga.',NULL,0,0,0,0,1,0,NULL,NULL,NULL,NULL,NULL,'--- !ruby/hash:ActiveSupport::HashWithIndifferentAccess\nlicense_type: single_workplace\nactivation_type: serial_number\noperating_system:\n- windows\n- linux\ninstallation:\n- citrix\n- web\nprocured_by: Coty Crona\nreference: invoice\nmaintenance_contract: \'false\'\n','2017-06-12 20:33:37','2017-06-12 20:33:37'),(166,'dogybkrsronxhbvqd82b276','71:a4:03:92:b8:32-a4:6f:21:81:63:bc-aa:0e:3d:70:e4:cb',166,NULL,NULL,2,NULL,NULL,NULL,NULL,'2017-06-12','Non dolorem ut quibusdam delectus.',NULL,0,0,0,0,1,0,NULL,NULL,NULL,NULL,NULL,'--- !ruby/hash:ActiveSupport::HashWithIndifferentAccess\nlicense_type: single_workplace\nactivation_type: serial_number\noperating_system:\n- windows\n- linux\ninstallation:\n- citrix\n- web\nprocured_by: Dennis Shields\nreference: invoice\nmaintenance_contract: \'false\'\n','2017-06-12 20:33:37','2017-06-12 20:33:37'),(167,'u9djbevpsdp0ogi3z3bv277','a6:e9:cc:dd:e8:3d-a8:88:af:7f:93:9b-4a:26:25:91:1b:2f',167,NULL,NULL,2,NULL,NULL,NULL,NULL,NULL,NULL,NULL,0,0,1,0,2,0,NULL,NULL,NULL,NULL,NULL,'--- !ruby/hash:ActiveSupport::HashWithIndifferentAccess\nlicense_type: single_workplace\nactivation_type: serial_number\noperating_system:\n- windows\n- linux\ninstallation:\n- citrix\n- web\nreference: invoice\nmaintenance_contract: \'false\'\n','2017-06-12 20:33:37','2017-06-12 20:33:37'),(168,'kmg3q9wtrpicv96cwf1h278','45:ec:3a:fa:37:52-1b:40:03:43:fc:b2-75:2a:a0:76:57:80',168,NULL,NULL,1,NULL,NULL,'2017-06-12',NULL,NULL,NULL,NULL,0,0,0,0,1,0,NULL,NULL,NULL,NULL,NULL,'--- !ruby/hash:ActiveSupport::HashWithIndifferentAccess\nlicense_expiration: \'2017-06-12\'\nmaintenance_contract: \'true\'\nmaintenance_expiration: \'2017-06-12\'\nreference: invoice\nactivation_type: none\nlicense_type: free\n','2017-06-12 20:33:37','2017-06-12 20:33:37'),(169,'nruxk9vbmws86p8mi5vz279','df:ed:af:2e:55:c9-87:95:4a:ee:c1:be-52:96:78:a9:0e:9b',169,NULL,NULL,1,NULL,NULL,NULL,NULL,NULL,NULL,NULL,0,0,0,0,1,0,NULL,NULL,NULL,NULL,NULL,'--- !ruby/hash:ActiveSupport::HashWithIndifferentAccess\nquantity_allocations:\n- !ruby/hash:ActiveSupport::HashWithIndifferentAccess\n  room: qui\n  quantity: 28\n- !ruby/hash:ActiveSupport::HashWithIndifferentAccess\n  room: sed\n  quantity: 42\nreference: invoice\nactivation_type: none\nlicense_type: free\nmaintenance_contract: \'false\'\n','2017-06-12 20:33:37','2017-06-12 20:33:37'),(170,'pqm9nck9t151mtii7crn280','87:20:aa:b1:dc:75-cf:8c:5b:e8:d1:fd-95:93:70:53:de:d0',171,NULL,NULL,1,NULL,NULL,NULL,NULL,NULL,NULL,NULL,0,0,0,0,1,0,NULL,NULL,NULL,NULL,NULL,'--- !ruby/hash:ActiveSupport::HashWithIndifferentAccess\noperating_system:\n- windows\n- linux\nlicense_type: concurrent\ntotal_quantity: 99\nquantity_allocations:\n- !ruby/hash:ActiveSupport::HashWithIndifferentAccess\n  room: animi\n  quantity: 26\n- !ruby/hash:ActiveSupport::HashWithIndifferentAccess\n  room: amet\n  quantity: 48\nreference: invoice\nactivation_type: none\nmaintenance_contract: \'false\'\n','2017-06-12 20:33:37','2017-06-12 20:33:37'),(171,'g6jq3fcdi8ymgdw1zdh1281','7c:83:08:4d:12:55-55:62:51:c3:8c:b8-f5:e5:90:3a:9e:80',173,77,159,10,NULL,NULL,'2015-10-30','2017-06-11',NULL,NULL,'1082.00',0,0,1,0,1,1,NULL,NULL,NULL,NULL,NULL,'--- !ruby/hash:ActiveSupport::HashWithIndifferentAccess\nanschaffungskategorie: AV-Technik\nreference: invoice\numzug: zgeln\nankunftszustand: intakt\n','2017-06-11 17:55:23','2017-06-11 17:55:23'),(172,'3jx6ucf4ceqaypek97b1282','6a:38:46:3e:87:35-44:b7:02:f0:6d:8b-9c:d8:6c:d9:3c:82',174,78,160,7,NULL,NULL,'2013-11-24','2017-06-11',NULL,NULL,'263.00',0,0,1,0,1,1,NULL,NULL,NULL,NULL,NULL,'--- !ruby/hash:ActiveSupport::HashWithIndifferentAccess\nanschaffungskategorie: AV-Technik\nreference: invoice\numzug: zgeln\nankunftszustand: intakt\n','2017-06-11 17:55:23','2017-06-11 17:55:23'),(173,'mdkcu0ef86pu1twgy29u283','1c:fc:1d:e6:a1:a1-ff:ce:e9:81:38:bc-35:e5:23:e8:7b:34',175,79,161,6,NULL,NULL,'2015-01-19','2017-06-11',NULL,NULL,'540.00',0,0,1,0,1,1,NULL,NULL,NULL,NULL,NULL,'--- !ruby/hash:ActiveSupport::HashWithIndifferentAccess\nanschaffungskategorie: AV-Technik\nreference: invoice\numzug: zgeln\nankunftszustand: intakt\n','2017-06-11 17:55:23','2017-06-11 17:55:23'),(174,'h8lq8vwwig5list7433b284','5d:8e:22:2f:71:35-ca:24:6f:72:10:74-f3:7d:35:17:97:a0',176,80,162,5,NULL,NULL,'2012-09-19','2017-06-11',NULL,NULL,'32.00',0,0,1,0,1,1,NULL,NULL,NULL,NULL,NULL,'--- !ruby/hash:ActiveSupport::HashWithIndifferentAccess\nanschaffungskategorie: AV-Technik\nreference: invoice\numzug: zgeln\nankunftszustand: intakt\n','2017-06-11 17:55:23','2017-06-11 17:55:23'),(175,'dhvz1r624wckcnprz7vy285','16:68:dd:5e:5c:15-48:71:d9:8f:49:40-cf:59:0c:4b:8a:39',176,81,163,4,NULL,NULL,'2013-10-29','2017-06-11',NULL,NULL,'345.00',0,0,1,0,1,1,NULL,NULL,NULL,NULL,NULL,'--- !ruby/hash:ActiveSupport::HashWithIndifferentAccess\nanschaffungskategorie: AV-Technik\nreference: invoice\numzug: zgeln\nankunftszustand: intakt\n','2017-06-11 17:55:23','2017-06-11 17:55:23'),(176,'8cl2w9yra5h3evesvexq286','f8:02:ae:f1:8b:08-94:a4:18:d1:d8:37-92:e0:ae:5f:b1:36',176,82,164,2,NULL,NULL,'2016-01-13','2017-06-11',NULL,NULL,'473.00',0,0,1,0,1,1,NULL,NULL,NULL,NULL,NULL,'--- !ruby/hash:ActiveSupport::HashWithIndifferentAccess\nanschaffungskategorie: AV-Technik\nreference: invoice\numzug: zgeln\nankunftszustand: intakt\n','2017-06-11 17:55:23','2017-06-11 17:55:23'),(177,'845grzazsovn1xui76us287','50:c1:f8:f1:d3:f0-2c:06:ac:28:0f:54-2c:d9:0e:e2:f2:de',180,83,165,8,NULL,NULL,'2013-12-12','2017-06-11',NULL,NULL,'1126.00',0,0,1,0,1,1,NULL,NULL,NULL,NULL,NULL,'--- !ruby/hash:ActiveSupport::HashWithIndifferentAccess\nanschaffungskategorie: AV-Technik\nreference: invoice\numzug: zgeln\nankunftszustand: intakt\n','2017-06-11 17:55:23','2017-06-11 17:55:23'),(178,'mtgv2mo5hvg13wwk2upl288','71:ec:63:22:05:c5-8a:1f:cd:f8:6d:a6-e0:7d:01:2a:91:8f',181,84,166,4,NULL,NULL,'2014-02-22','2017-06-11',NULL,NULL,'786.00',0,0,1,0,1,1,NULL,NULL,NULL,NULL,NULL,'--- !ruby/hash:ActiveSupport::HashWithIndifferentAccess\nanschaffungskategorie: AV-Technik\nreference: invoice\numzug: zgeln\nankunftszustand: intakt\n','2017-06-11 17:55:23','2017-06-11 17:55:23'),(179,'5vvxasz5jeann59db2n8289','e6:c2:ab:87:5a:55-22:0c:ab:b8:c5:57-7d:65:2d:af:c9:6a',182,85,167,5,NULL,NULL,'2012-07-08','2017-06-11',NULL,NULL,'1280.00',0,0,1,0,1,1,NULL,NULL,NULL,NULL,NULL,'--- !ruby/hash:ActiveSupport::HashWithIndifferentAccess\nanschaffungskategorie: AV-Technik\nreference: invoice\numzug: zgeln\nankunftszustand: intakt\n','2017-06-11 17:55:23','2017-06-11 17:55:23'),(180,'a5ts4wlyt3g8f9ysm1o3290','51:4c:0e:ae:d8:83-db:b4:eb:96:05:8a-5e:90:e3:bc:10:3e',183,86,168,6,NULL,NULL,'2015-02-12','2017-06-11',NULL,NULL,'557.00',0,0,1,0,1,1,NULL,NULL,NULL,NULL,NULL,'--- !ruby/hash:ActiveSupport::HashWithIndifferentAccess\nanschaffungskategorie: AV-Technik\nreference: invoice\numzug: zgeln\nankunftszustand: intakt\n','2017-06-11 17:55:23','2017-06-11 17:55:23'),(181,'escimlmk19gyx71p0a7q291','f7:a5:8f:3f:95:5e-17:8c:58:49:29:df-91:21:8d:68:7f:79',184,87,169,5,NULL,NULL,'2013-07-12','2017-06-11',NULL,NULL,'605.00',0,0,1,0,1,1,NULL,NULL,NULL,NULL,NULL,'--- !ruby/hash:ActiveSupport::HashWithIndifferentAccess\nanschaffungskategorie: AV-Technik\nreference: invoice\numzug: zgeln\nankunftszustand: intakt\n','2017-06-11 17:55:23','2017-06-11 17:55:23'),(182,'ct2nyowgb8281v61qan0292','41:ad:74:87:4b:9f-ae:11:88:52:9c:66-17:37:a1:4f:6a:9b',185,88,170,8,NULL,NULL,'2015-07-29','2017-06-11',NULL,NULL,'967.00',0,0,1,0,1,1,NULL,NULL,NULL,NULL,NULL,'--- !ruby/hash:ActiveSupport::HashWithIndifferentAccess\nanschaffungskategorie: AV-Technik\nreference: invoice\numzug: zgeln\nankunftszustand: intakt\n','2017-06-11 17:55:23','2017-06-11 17:55:23'),(183,'2gvwdsdhfg1n2iamo595293','e6:0d:7d:b8:65:87-bc:37:5c:97:03:5d-52:6a:a1:27:41:c4',185,89,171,10,NULL,NULL,'2012-01-15','2017-06-11',NULL,NULL,'1066.00',0,0,1,0,1,1,NULL,NULL,NULL,NULL,NULL,'--- !ruby/hash:ActiveSupport::HashWithIndifferentAccess\nanschaffungskategorie: AV-Technik\nreference: invoice\numzug: zgeln\nankunftszustand: intakt\n','2017-06-11 17:55:23','2017-06-11 17:55:23'),(184,'c67oyqmvv5b70aasyi8j294','e9:cd:21:db:fd:8e-c4:e6:e8:2b:0c:ee-20:c0:32:a0:1c:33',185,90,172,2,NULL,NULL,'2013-09-13','2017-06-11',NULL,NULL,'788.00',0,0,1,0,1,1,NULL,NULL,NULL,NULL,NULL,'--- !ruby/hash:ActiveSupport::HashWithIndifferentAccess\nanschaffungskategorie: AV-Technik\nreference: invoice\numzug: zgeln\nankunftszustand: intakt\n','2017-06-11 17:55:23','2017-06-11 17:55:23'),(185,'2m47is1rda2iqvdymn71295','17:6d:e9:ca:68:59-0c:c0:59:48:d0:f0-19:0a:f4:62:19:c5',189,91,173,1,NULL,NULL,'2014-06-28','2017-06-11',NULL,NULL,'842.00',0,0,1,0,1,1,NULL,NULL,NULL,NULL,NULL,'--- !ruby/hash:ActiveSupport::HashWithIndifferentAccess\nanschaffungskategorie: AV-Technik\nreference: invoice\numzug: zgeln\nankunftszustand: intakt\n','2017-06-11 17:55:23','2017-06-11 17:55:23'),(186,'0uq4vvh78bznf6cn3m3x296','c4:ca:cd:90:bf:4b-cd:ad:97:fb:b7:2c-fd:13:8b:44:37:0d',190,92,174,11,NULL,NULL,'2013-06-27','2017-06-11',NULL,NULL,'1304.00',0,0,1,0,1,1,NULL,NULL,NULL,NULL,NULL,'--- !ruby/hash:ActiveSupport::HashWithIndifferentAccess\nanschaffungskategorie: AV-Technik\nreference: invoice\numzug: zgeln\nankunftszustand: intakt\n','2017-06-11 17:55:23','2017-06-11 17:55:23'),(187,'n9pm7e3fyb39xow3je1c297','36:ee:12:98:f2:1d-85:1c:3b:81:f8:93-d5:3e:5e:fc:4e:f3',191,93,175,10,NULL,NULL,'2015-09-14','2017-06-11',NULL,NULL,'201.00',0,0,1,0,1,1,NULL,NULL,NULL,NULL,NULL,'--- !ruby/hash:ActiveSupport::HashWithIndifferentAccess\nanschaffungskategorie: AV-Technik\nreference: invoice\numzug: zgeln\nankunftszustand: intakt\n','2017-06-11 17:55:23','2017-06-11 17:55:23'),(188,'qwcku0eerzqw3iaqycux298','6e:f4:62:49:3e:2a-5c:1e:53:cc:ca:5f-6c:f1:f5:4c:58:30',192,94,176,5,NULL,NULL,'2014-07-21','2017-06-11',NULL,NULL,'428.00',0,0,1,0,1,1,NULL,NULL,NULL,NULL,NULL,'--- !ruby/hash:ActiveSupport::HashWithIndifferentAccess\nanschaffungskategorie: AV-Technik\nreference: invoice\numzug: zgeln\nankunftszustand: intakt\n','2017-06-11 17:55:23','2017-06-11 17:55:23'),(189,'9dblm4w8noslghz9tn0s299','e3:20:41:0f:61:81-b9:50:1a:0b:f5:41-d2:fe:6f:81:49:64',192,95,177,7,NULL,NULL,'2015-07-12','2017-06-11',NULL,NULL,'103.00',0,0,1,0,1,1,NULL,NULL,NULL,NULL,NULL,'--- !ruby/hash:ActiveSupport::HashWithIndifferentAccess\nanschaffungskategorie: AV-Technik\nreference: invoice\numzug: zgeln\nankunftszustand: intakt\n','2017-06-11 17:55:23','2017-06-11 17:55:23'),(190,'pt2c6p7ewf6kufl6okxb300','31:fb:be:94:00:dc-f2:a0:db:7c:8e:38-ca:4f:91:8e:cf:33',192,96,178,9,NULL,NULL,'2014-09-28','2017-06-11',NULL,NULL,'341.00',0,0,1,0,1,1,NULL,NULL,NULL,NULL,NULL,'--- !ruby/hash:ActiveSupport::HashWithIndifferentAccess\nanschaffungskategorie: AV-Technik\nreference: invoice\numzug: zgeln\nankunftszustand: intakt\n','2017-06-11 17:55:23','2017-06-11 17:55:23'),(191,'i1ml7c2kmtb8ti5dexo4301','f1:cc:be:7d:e9:18-27:d2:3b:88:e3:e4-89:28:76:48:8b:2d',196,97,179,6,NULL,NULL,'2014-07-27','2017-06-12',NULL,NULL,'221.00',0,0,1,0,1,1,NULL,NULL,NULL,NULL,NULL,'--- !ruby/hash:ActiveSupport::HashWithIndifferentAccess\nanschaffungskategorie: AV-Technik\nreference: invoice\numzug: zgeln\nankunftszustand: intakt\n','2017-06-12 18:17:27','2017-06-12 18:17:27'),(192,'h7tvqjr71um1zl1lwmcy302','32:3e:76:1f:da:c5-29:78:52:2f:49:55-b6:db:1a:01:6c:41',197,98,180,5,NULL,NULL,'2015-02-10','2017-06-12',NULL,NULL,'395.00',0,0,1,0,1,1,NULL,NULL,NULL,NULL,NULL,'--- !ruby/hash:ActiveSupport::HashWithIndifferentAccess\nanschaffungskategorie: AV-Technik\nreference: invoice\numzug: zgeln\nankunftszustand: intakt\n','2017-06-12 18:17:27','2017-06-12 18:17:27'),(193,'f7jfghuv2r9e3e6w626q303','19:57:4e:fb:7c:b1-2b:4d:dc:74:66:96-57:37:2f:4e:df:cc',198,99,181,5,NULL,NULL,'2012-11-16','2017-06-12',NULL,NULL,'735.00',0,0,1,0,1,1,NULL,NULL,NULL,NULL,NULL,'--- !ruby/hash:ActiveSupport::HashWithIndifferentAccess\nanschaffungskategorie: AV-Technik\nreference: invoice\numzug: zgeln\nankunftszustand: intakt\n','2017-06-12 18:17:27','2017-06-12 18:17:27'),(194,'79b2xw96dq29wh8xgl2u304','ac:88:7d:14:b3:f3-d8:73:06:a1:67:c9-db:25:fa:c2:94:27',199,100,182,5,NULL,NULL,'2012-12-02','2017-06-12',NULL,NULL,'983.00',0,0,1,0,1,1,NULL,NULL,NULL,NULL,NULL,'--- !ruby/hash:ActiveSupport::HashWithIndifferentAccess\nanschaffungskategorie: AV-Technik\nreference: invoice\numzug: zgeln\nankunftszustand: intakt\n','2017-06-12 18:17:27','2017-06-12 18:17:27'),(195,'ms8jx81h6z1r8476z05e305','f0:b4:58:cf:10:7e-dd:bd:33:33:67:fe-a8:ef:a9:26:54:80',200,101,183,9,NULL,NULL,'2012-12-11','2017-06-07',NULL,NULL,'616.00',0,0,1,0,1,1,NULL,NULL,NULL,NULL,NULL,'--- !ruby/hash:ActiveSupport::HashWithIndifferentAccess\nanschaffungskategorie: AV-Technik\nreference: invoice\numzug: zgeln\nankunftszustand: intakt\n','2017-06-07 08:10:24','2017-06-07 08:10:24'),(196,'1ximrz1ja2oqk7zwtom9306','2a:86:f3:84:eb:3b-91:91:65:8c:d6:32-68:51:55:5d:51:c2',201,102,184,2,NULL,NULL,'2012-07-05','2017-06-07',NULL,NULL,'1019.00',0,0,1,0,1,1,NULL,NULL,NULL,NULL,NULL,'--- !ruby/hash:ActiveSupport::HashWithIndifferentAccess\nanschaffungskategorie: AV-Technik\nreference: invoice\numzug: zgeln\nankunftszustand: intakt\n','2017-06-07 08:10:24','2017-06-07 08:10:24'),(197,'bstwotgb55wmruvlu3f7307','af:fd:39:6f:14:46-ff:9f:06:8d:da:89-7d:46:97:83:fe:76',202,103,185,5,NULL,NULL,'2013-05-11','2017-06-07',NULL,NULL,'1215.00',0,0,1,0,1,1,NULL,NULL,NULL,NULL,NULL,'--- !ruby/hash:ActiveSupport::HashWithIndifferentAccess\nanschaffungskategorie: AV-Technik\nreference: invoice\numzug: zgeln\nankunftszustand: intakt\n','2017-06-07 08:10:24','2017-06-07 08:10:24'),(198,'14gtpx5ozmzc2hkpysr9308','3c:cc:6d:af:dc:8d-7e:68:02:6b:37:00-23:53:4c:4c:c7:48',203,104,186,2,NULL,NULL,'2016-04-19','2017-06-07',NULL,NULL,'1020.00',0,0,1,0,1,1,NULL,NULL,NULL,NULL,NULL,'--- !ruby/hash:ActiveSupport::HashWithIndifferentAccess\nanschaffungskategorie: AV-Technik\nreference: invoice\numzug: zgeln\nankunftszustand: intakt\n','2017-06-07 08:10:24','2017-06-07 08:10:24'),(199,'xgscdapqobvv7ebt3qo3309','2f:3f:84:1e:fb:ff-07:b9:ca:ee:fb:b7-54:e9:c9:bd:93:d4',204,105,187,6,NULL,NULL,'2013-09-04','2017-06-07',NULL,NULL,'428.00',0,0,1,0,1,1,NULL,NULL,NULL,NULL,NULL,'--- !ruby/hash:ActiveSupport::HashWithIndifferentAccess\nanschaffungskategorie: AV-Technik\nreference: invoice\numzug: zgeln\nankunftszustand: intakt\n','2017-06-07 08:10:24','2017-06-07 08:10:24'),(200,'fj8bayx7dg42ut5pcb84310','48:30:bf:ae:9f:db-fd:95:12:31:72:29-9a:68:09:aa:03:e6',204,106,188,9,NULL,NULL,'2016-10-24','2017-06-07',NULL,NULL,'354.00',0,0,1,0,1,1,NULL,NULL,NULL,NULL,NULL,'--- !ruby/hash:ActiveSupport::HashWithIndifferentAccess\nanschaffungskategorie: AV-Technik\nreference: invoice\numzug: zgeln\nankunftszustand: intakt\n','2017-06-07 08:10:24','2017-06-07 08:10:24'),(201,'2yhe5uwnho20xavekdx7311','0a:81:9e:f8:09:1e-6b:bb:23:ea:2b:25-73:a5:39:3d:d9:b9',204,107,189,10,NULL,NULL,'2013-08-26','2017-06-07',NULL,NULL,'684.00',0,0,1,0,1,1,NULL,NULL,NULL,NULL,NULL,'--- !ruby/hash:ActiveSupport::HashWithIndifferentAccess\nanschaffungskategorie: AV-Technik\nreference: invoice\numzug: zgeln\nankunftszustand: intakt\n','2017-06-07 08:10:24','2017-06-07 08:10:24'),(202,'ddoupqblkcsk2ahyst6h312','92:fe:e2:b8:67:63-11:bd:74:d3:82:e6-7e:a0:33:d9:d2:b4',208,108,190,8,NULL,NULL,'2015-03-24','2017-06-12',NULL,NULL,'141.00',0,0,1,0,1,1,NULL,NULL,NULL,NULL,NULL,'--- !ruby/hash:ActiveSupport::HashWithIndifferentAccess\nanschaffungskategorie: AV-Technik\nreference: invoice\numzug: zgeln\nankunftszustand: intakt\n','2017-06-12 20:33:37','2017-06-12 20:33:37'),(203,'pndn1l8tqgos1pbm9pf5313','0b:71:00:58:7c:3c-10:11:b7:ac:17:89-3d:6d:fc:d7:f0:b6',209,109,191,7,NULL,NULL,'2013-06-07','2017-06-12',NULL,NULL,'12.00',0,0,1,0,1,1,NULL,NULL,NULL,NULL,NULL,'--- !ruby/hash:ActiveSupport::HashWithIndifferentAccess\nanschaffungskategorie: AV-Technik\nreference: invoice\numzug: zgeln\nankunftszustand: intakt\n','2017-06-12 20:33:37','2017-06-12 20:33:37'),(204,'btl1on632h3mtfkkqha7314','fa:15:56:d9:f1:bd-2c:2e:9d:6b:1a:17-55:1e:54:9f:14:ef',210,110,192,9,NULL,NULL,'2013-05-24','2017-06-12',NULL,NULL,'299.00',0,0,1,0,1,1,NULL,NULL,NULL,NULL,NULL,'--- !ruby/hash:ActiveSupport::HashWithIndifferentAccess\nanschaffungskategorie: AV-Technik\nreference: invoice\numzug: zgeln\nankunftszustand: intakt\n','2017-06-12 20:33:37','2017-06-12 20:33:37'),(205,'nz45gg51eh8akprqn2rb315','00:da:ea:83:4f:e0-ed:d6:63:6c:4b:98-b0:72:4f:f9:3b:2b',211,111,193,11,NULL,NULL,'2012-01-04','2017-06-12',NULL,NULL,'296.00',0,0,1,0,1,1,NULL,NULL,NULL,NULL,NULL,'--- !ruby/hash:ActiveSupport::HashWithIndifferentAccess\nanschaffungskategorie: AV-Technik\nreference: invoice\numzug: zgeln\nankunftszustand: intakt\n','2017-06-12 20:33:37','2017-06-12 20:33:37'),(206,'cy24veb570993smr9vy6316','af:5e:85:46:f0:01-fb:83:7b:06:4e:e1-82:c2:27:53:46:27',211,112,194,9,NULL,NULL,'2015-03-28','2017-06-12',NULL,NULL,'349.00',0,0,1,0,1,1,NULL,NULL,NULL,NULL,NULL,'--- !ruby/hash:ActiveSupport::HashWithIndifferentAccess\nanschaffungskategorie: AV-Technik\nreference: invoice\numzug: zgeln\nankunftszustand: intakt\n','2017-06-12 20:33:37','2017-06-12 20:33:37'),(207,'3qyizru4316xfpobcq93317','60:9d:d4:5d:cb:1b-b7:52:e6:64:e8:f6-73:e2:e8:01:af:d7',211,113,195,11,NULL,NULL,'2016-01-25','2017-06-12',NULL,NULL,'1245.00',0,0,1,0,1,1,NULL,NULL,NULL,NULL,NULL,'--- !ruby/hash:ActiveSupport::HashWithIndifferentAccess\nanschaffungskategorie: AV-Technik\nreference: invoice\numzug: zgeln\nankunftszustand: intakt\n','2017-06-12 20:33:37','2017-06-12 20:33:37'),(208,'xoe2bktap5e9l5gvs2qv318','6a:a2:de:ba:55:27-bf:98:7b:ac:2c:bf-3d:81:d4:b2:e3:1f',215,114,196,11,NULL,NULL,'2012-07-12','2017-06-12',NULL,NULL,'115.00',0,0,1,0,1,1,NULL,NULL,NULL,NULL,NULL,'--- !ruby/hash:ActiveSupport::HashWithIndifferentAccess\nanschaffungskategorie: AV-Technik\nreference: invoice\numzug: zgeln\nankunftszustand: intakt\n','2017-06-12 20:33:37','2017-06-12 20:33:37'),(209,'nhyzqyitmfcqh6fp7lgl319','21:67:88:fc:79:90-3c:ea:9a:0a:44:27-b6:1b:5b:29:e5:71',216,115,197,2,NULL,NULL,'2014-07-11','2017-06-12',NULL,NULL,'1223.00',0,0,1,0,1,1,NULL,NULL,NULL,NULL,NULL,'--- !ruby/hash:ActiveSupport::HashWithIndifferentAccess\nanschaffungskategorie: AV-Technik\nreference: invoice\numzug: zgeln\nankunftszustand: intakt\n','2017-06-12 20:33:37','2017-06-12 20:33:37'),(210,'sl9rgwekfgmqjx9483m9320','e1:9d:20:da:48:61-50:a2:1e:f0:b5:22-77:42:a2:04:da:3f',217,116,198,7,NULL,NULL,'2015-01-05','2017-06-12',NULL,NULL,'1481.00',0,0,1,0,1,1,NULL,NULL,NULL,NULL,NULL,'--- !ruby/hash:ActiveSupport::HashWithIndifferentAccess\nanschaffungskategorie: AV-Technik\nreference: invoice\numzug: zgeln\nankunftszustand: intakt\n','2017-06-12 20:33:37','2017-06-12 20:33:37'),(211,'30we1r78b5txhj08la7h321','bf:09:d2:d7:fa:1e-b8:91:7d:36:d7:fc-49:17:fc:74:85:9b',218,117,199,2,NULL,NULL,'2014-05-24','2017-06-12',NULL,NULL,'1217.00',0,0,1,0,1,1,NULL,NULL,NULL,NULL,NULL,'--- !ruby/hash:ActiveSupport::HashWithIndifferentAccess\nanschaffungskategorie: AV-Technik\nreference: invoice\numzug: zgeln\nankunftszustand: intakt\n','2017-06-12 20:33:37','2017-06-12 20:33:37'),(212,'8m7thlqs7jbok41doq4w322','e7:c5:a2:11:e3:50-ff:8b:3f:ce:f3:ba-55:63:cc:ee:06:53',219,118,200,9,NULL,NULL,'2016-12-19','2017-06-12',NULL,NULL,'1448.00',0,0,1,0,1,1,NULL,NULL,NULL,NULL,NULL,'--- !ruby/hash:ActiveSupport::HashWithIndifferentAccess\nanschaffungskategorie: AV-Technik\nreference: invoice\numzug: zgeln\nankunftszustand: intakt\n','2017-06-12 20:33:37','2017-06-12 20:33:37'),(213,'ipkekzdjvqgzyfydfh57323','b5:81:1e:10:63:1e-fb:bf:1d:8f:54:e6-de:9e:3f:3d:06:b8',220,119,201,1,NULL,NULL,'2013-09-25','2017-06-12',NULL,NULL,'1323.00',0,0,1,0,1,1,NULL,NULL,NULL,NULL,NULL,'--- !ruby/hash:ActiveSupport::HashWithIndifferentAccess\nanschaffungskategorie: AV-Technik\nreference: invoice\numzug: zgeln\nankunftszustand: intakt\n','2017-06-12 20:33:37','2017-06-12 20:33:37'),(214,'atnzwx9epzoh1y3jg3id324','71:61:e1:40:f2:d7-d0:39:65:1d:47:35-fa:ce:1f:34:99:f9',221,120,202,4,NULL,NULL,'2013-10-21','2017-06-12',NULL,NULL,'1463.00',0,0,1,0,1,1,NULL,NULL,NULL,NULL,NULL,'--- !ruby/hash:ActiveSupport::HashWithIndifferentAccess\nanschaffungskategorie: AV-Technik\nreference: invoice\numzug: zgeln\nankunftszustand: intakt\n','2017-06-12 20:33:37','2017-06-12 20:33:37'),(215,'ttc0ugtfgrhkz2xrk6c2325','fb:f6:64:f6:cd:ee-bc:9f:0b:22:12:eb-e1:8e:9b:4c:73:11',222,121,203,11,NULL,NULL,'2013-10-04','2017-06-12',NULL,NULL,'208.00',0,0,1,0,1,1,NULL,NULL,NULL,NULL,NULL,'--- !ruby/hash:ActiveSupport::HashWithIndifferentAccess\nanschaffungskategorie: AV-Technik\nreference: invoice\numzug: zgeln\nankunftszustand: intakt\n','2017-06-12 20:33:37','2017-06-12 20:33:37'),(216,'nl822wh31tcwhctblwn2326','96:c0:63:55:06:79-d1:5a:cb:97:72:02-db:38:31:46:56:e9',223,122,204,2,NULL,NULL,'2015-10-30','2017-06-12',NULL,NULL,'726.00',0,0,1,0,1,1,NULL,NULL,NULL,NULL,NULL,'--- !ruby/hash:ActiveSupport::HashWithIndifferentAccess\nanschaffungskategorie: AV-Technik\nreference: invoice\numzug: zgeln\nankunftszustand: intakt\n','2017-06-12 20:33:37','2017-06-12 20:33:37'),(217,'ko16ixnqw081jnj1kj5o327','c2:73:ef:9c:b8:a3-26:1e:fe:bc:9a:8b-89:29:ee:a0:5f:54',224,123,205,2,NULL,NULL,'2015-02-23','2017-06-12',NULL,NULL,'709.00',0,0,1,0,1,1,NULL,NULL,NULL,NULL,NULL,'--- !ruby/hash:ActiveSupport::HashWithIndifferentAccess\nanschaffungskategorie: AV-Technik\nreference: invoice\numzug: zgeln\nankunftszustand: intakt\n','2017-06-12 20:33:37','2017-06-12 20:33:37'),(218,'pfjiue3pnz5jw5hgxjpg328','1e:28:03:8c:61:02-f4:3d:4b:bf:37:e3-53:85:57:2f:b8:00',225,124,206,7,NULL,NULL,'2015-01-17','2017-06-12',NULL,NULL,'1160.00',0,0,1,0,1,1,NULL,NULL,NULL,NULL,NULL,'--- !ruby/hash:ActiveSupport::HashWithIndifferentAccess\nanschaffungskategorie: AV-Technik\nreference: invoice\numzug: zgeln\nankunftszustand: intakt\n','2017-06-12 20:33:37','2017-06-12 20:33:37'),(219,'bninnpp9s2x0fh55i43b329','3f:da:89:7d:1d:c5-b2:d1:50:16:6a:78-93:1a:40:81:6b:f0',226,125,207,1,NULL,NULL,'2012-05-11','2017-06-12',NULL,NULL,'794.00',0,0,1,0,1,1,NULL,NULL,NULL,NULL,NULL,'--- !ruby/hash:ActiveSupport::HashWithIndifferentAccess\nanschaffungskategorie: AV-Technik\nreference: invoice\numzug: zgeln\nankunftszustand: intakt\n','2017-06-12 20:33:37','2017-06-12 20:33:37'),(220,'glrkxhby541tehhxq74o330','56:1a:38:aa:b6:4e-83:da:3e:d6:04:fa-fa:2b:9b:5c:a3:cc',227,NULL,NULL,1,NULL,NULL,NULL,NULL,NULL,NULL,NULL,0,0,1,0,1,0,NULL,NULL,NULL,NULL,NULL,'--- !ruby/hash:ActiveSupport::HashWithIndifferentAccess\nlicense_type: single_workplace\nactivation_type: serial_number\noperating_system:\n- windows\n- linux\ninstallation:\n- citrix\n- web\nprocured_by: Brian Bogisich\nreference: invoice\nmaintenance_contract: \'false\'\n','2017-06-12 20:33:37','2017-06-12 20:33:37'),(221,'whzjm6wtjpyjubo5ucqh331','6b:06:e0:2a:80:e0-46:87:32:02:1d:99-45:a7:2a:20:cb:a7',228,126,208,11,NULL,NULL,'2012-03-13','2017-06-07',NULL,NULL,'200.00',0,0,1,0,2,1,NULL,NULL,NULL,NULL,NULL,'--- !ruby/hash:ActiveSupport::HashWithIndifferentAccess\nanschaffungskategorie: AV-Technik\nreference: invoice\numzug: zgeln\nankunftszustand: intakt\n','2017-06-07 00:00:00','2017-06-07 00:00:00'),(222,'0c13kvdaxv1ubqrr1482332','3f:00:5d:14:fe:f9-26:9a:dc:1e:c1:b4-b9:8f:e1:cc:26:ef',228,127,209,8,NULL,NULL,'2013-02-16','2017-06-07',NULL,NULL,'1360.00',0,0,1,0,2,1,NULL,NULL,NULL,NULL,NULL,'--- !ruby/hash:ActiveSupport::HashWithIndifferentAccess\nanschaffungskategorie: AV-Technik\nreference: invoice\numzug: zgeln\nankunftszustand: intakt\n','2017-06-07 00:00:00','2017-06-07 00:00:00'),(223,'9xdh0m420hfr07woyyzr333','0f:47:07:8b:cf:19-6a:a6:8b:d4:9c:25-24:a2:d4:9c:ff:65',228,128,210,8,NULL,NULL,'2015-03-19','2017-06-07',NULL,NULL,'279.00',0,0,1,0,2,1,NULL,NULL,NULL,NULL,NULL,'--- !ruby/hash:ActiveSupport::HashWithIndifferentAccess\nanschaffungskategorie: AV-Technik\nreference: invoice\numzug: zgeln\nankunftszustand: intakt\n','2017-06-07 00:00:00','2017-06-07 00:00:00'),(224,'x9wf3lhrpmux1a7bu37e334','91:f7:37:fa:fe:aa-b2:4f:64:13:eb:31-79:0b:de:29:6d:4b',232,129,211,1,NULL,NULL,'2013-12-07','2017-06-12','2017-06-12','Eum incidunt in possimus esse vero consequuntur officiis.','1382.00',0,0,1,0,1,1,NULL,NULL,NULL,NULL,NULL,'--- !ruby/hash:ActiveSupport::HashWithIndifferentAccess\nanschaffungskategorie: AV-Technik\nreference: invoice\numzug: zgeln\nankunftszustand: intakt\n','2017-06-12 20:33:37','2017-06-12 20:33:37'),(225,'23zq110razjwz4nh72p6335','82:a1:b4:3b:17:17-50:f8:f3:13:50:20-01:85:04:44:d6:d0',233,130,212,2,NULL,NULL,'2014-08-08','2017-06-12',NULL,NULL,'1234.00',0,0,1,0,2,1,NULL,NULL,NULL,NULL,NULL,'--- !ruby/hash:ActiveSupport::HashWithIndifferentAccess\nanschaffungskategorie: AV-Technik\nreference: invoice\numzug: zgeln\nankunftszustand: intakt\n','2017-06-12 20:33:37','2017-06-12 20:33:37'),(226,'yrue54yyhx7zhs2r590r336','e3:a9:72:b2:9d:ba-d1:7e:9d:02:a6:43-d2:5b:e9:de:03:a0',234,131,213,3,NULL,NULL,'2016-09-18','2017-06-12',NULL,NULL,'684.00',0,0,1,0,12,1,NULL,NULL,NULL,NULL,NULL,'--- !ruby/hash:ActiveSupport::HashWithIndifferentAccess\nanschaffungskategorie: AV-Technik\nreference: invoice\numzug: zgeln\nankunftszustand: intakt\n','2017-06-12 20:33:37','2017-06-12 20:33:37'),(227,'fuhslt2x4mzn6gm93dlh337','06:a5:55:01:e8:e5-9f:21:a2:b6:9d:0b-ce:31:6f:ce:fe:57',235,132,214,5,NULL,NULL,'2015-08-02','2017-06-12',NULL,NULL,'1257.00',0,0,1,0,13,1,NULL,NULL,NULL,NULL,NULL,'--- !ruby/hash:ActiveSupport::HashWithIndifferentAccess\nanschaffungskategorie: AV-Technik\nreference: invoice\numzug: zgeln\nankunftszustand: intakt\n','2017-06-12 20:33:37','2017-06-12 20:33:37'),(228,'vvf7p1zjtgb14hs7jiia338','04:dd:eb:08:56:2b-91:c5:c7:8f:2d:46-4c:de:07:e4:4d:29',236,133,215,11,NULL,NULL,'2016-10-24','2017-06-12',NULL,NULL,'1169.00',0,0,1,0,1,1,NULL,NULL,NULL,NULL,NULL,'--- !ruby/hash:ActiveSupport::HashWithIndifferentAccess\nanschaffungskategorie: AV-Technik\nreference: invoice\numzug: zgeln\nankunftszustand: intakt\n','2017-06-12 20:33:37','2017-06-12 20:33:37'),(229,'h24tk7s590p6bsyxpx3s339','88:60:a4:9f:d7:41-6d:27:2e:58:76:fd-04:a6:22:dd:b2:15',237,134,216,12,NULL,NULL,'2014-11-01','2017-06-12',NULL,NULL,'1213.00',0,0,1,0,1,1,NULL,NULL,NULL,NULL,NULL,'--- !ruby/hash:ActiveSupport::HashWithIndifferentAccess\nanschaffungskategorie: AV-Technik\nreference: invoice\numzug: zgeln\nankunftszustand: intakt\n','2017-06-12 20:33:37','2017-06-12 20:33:37'),(230,'lfokrbuku9lxv772fk64340','43:df:83:c4:d4:8b-96:21:cf:cd:88:c0-17:a8:a1:16:3b:b0',238,135,217,3,NULL,NULL,'2012-02-18','2017-06-12',NULL,NULL,'510.00',0,0,1,0,1,1,NULL,NULL,NULL,NULL,NULL,'--- !ruby/hash:ActiveSupport::HashWithIndifferentAccess\nanschaffungskategorie: AV-Technik\nreference: invoice\numzug: zgeln\nankunftszustand: intakt\n','2017-06-12 20:33:37','2017-06-12 20:33:37'),(231,'vx7soqa1hdlbtajh2gw8341','28:bc:16:c1:d0:5f-31:e7:ae:55:58:f0-9b:21:98:91:46:42',239,136,218,6,NULL,NULL,'2013-08-21','2017-06-12',NULL,NULL,'1190.00',0,0,1,0,1,1,NULL,NULL,NULL,NULL,NULL,'--- !ruby/hash:ActiveSupport::HashWithIndifferentAccess\nanschaffungskategorie: AV-Technik\nreference: invoice\numzug: zgeln\nankunftszustand: intakt\n','2017-06-12 20:33:37','2017-06-12 20:33:37'),(232,'409vwepullcwtaahfwvf342','5a:42:1c:41:39:d0-79:5e:c4:48:dd:f8-bb:be:16:5a:aa:14',240,137,219,9,NULL,NULL,'2012-03-11','2017-06-12',NULL,NULL,'1496.00',0,0,1,0,1,1,NULL,NULL,NULL,NULL,NULL,'--- !ruby/hash:ActiveSupport::HashWithIndifferentAccess\nanschaffungskategorie: AV-Technik\nreference: invoice\numzug: zgeln\nankunftszustand: intakt\n','2017-06-12 20:33:37','2017-06-12 20:33:37'),(233,'qqkw4f1m19j69wveqccl343','84:e6:af:27:18:7a-02:8c:c2:7d:8c:29-91:31:aa:08:2d:77',241,138,220,6,NULL,NULL,'2012-05-12','2017-06-12',NULL,NULL,'41.00',0,0,1,0,1,1,NULL,NULL,NULL,NULL,NULL,'--- !ruby/hash:ActiveSupport::HashWithIndifferentAccess\nanschaffungskategorie: AV-Technik\nreference: invoice\numzug: zgeln\nankunftszustand: intakt\n','2017-06-12 20:33:37','2017-06-12 20:33:37'),(234,'t0rttqgya7rlopl854zb344','33:17:67:55:b7:25-40:d4:3b:9e:c3:64-06:65:f6:5f:ae:c7',242,139,221,10,NULL,NULL,'2015-03-15','2017-06-12',NULL,NULL,'438.00',0,0,1,0,1,1,NULL,NULL,NULL,NULL,NULL,'--- !ruby/hash:ActiveSupport::HashWithIndifferentAccess\nanschaffungskategorie: AV-Technik\nreference: invoice\numzug: zgeln\nankunftszustand: intakt\n','2017-06-12 20:33:37','2017-06-12 20:33:37'),(235,'fgt0fpgn3xpknelwe9zt345','8d:f3:10:55:90:ad-18:3d:1b:fb:e3:3a-0f:b7:57:6c:03:8d',243,140,222,12,NULL,NULL,'2016-12-09','2017-06-12',NULL,NULL,'1266.00',0,0,1,0,1,1,NULL,NULL,NULL,NULL,NULL,'--- !ruby/hash:ActiveSupport::HashWithIndifferentAccess\nanschaffungskategorie: AV-Technik\nreference: invoice\numzug: zgeln\nankunftszustand: intakt\n','2017-06-12 20:33:37','2017-06-12 20:33:37'),(236,'kkspb2j2vpuumpqshq46346','c0:73:ac:85:df:0d-2b:9e:d2:84:9c:1f-6a:fd:00:b7:e7:3a',244,141,223,5,NULL,NULL,'2014-03-19','2017-06-12',NULL,NULL,'496.00',0,0,1,0,1,1,NULL,NULL,NULL,NULL,NULL,'--- !ruby/hash:ActiveSupport::HashWithIndifferentAccess\nanschaffungskategorie: AV-Technik\nreference: invoice\numzug: zgeln\nankunftszustand: intakt\n','2017-06-12 20:33:37','2017-06-12 20:33:37'),(237,'n807x34mykjeet60x2nl347','ab:42:fd:d8:60:71-c7:d8:c9:7c:52:7e-57:8c:65:ad:3c:2f',245,142,224,5,NULL,NULL,'2012-10-14','2017-06-12',NULL,NULL,'1263.00',0,0,1,0,1,1,NULL,NULL,NULL,NULL,NULL,'--- !ruby/hash:ActiveSupport::HashWithIndifferentAccess\nanschaffungskategorie: AV-Technik\nreference: invoice\numzug: zgeln\nankunftszustand: intakt\n','2017-06-12 20:33:37','2017-06-12 20:33:37'),(238,'6kw8vv4km5pma1no1dfv348','2d:9f:8f:24:78:fe-30:41:7c:a6:87:8d-12:c5:44:1c:b4:93',246,143,225,5,NULL,NULL,'2012-07-30','2017-06-12',NULL,NULL,'629.00',0,0,1,0,1,1,NULL,NULL,NULL,NULL,NULL,'--- !ruby/hash:ActiveSupport::HashWithIndifferentAccess\nanschaffungskategorie: AV-Technik\nreference: invoice\numzug: zgeln\nankunftszustand: intakt\n','2017-06-12 20:33:37','2017-06-12 20:33:37'),(239,'9252863desmto987wd0u349','1c:7b:13:9a:87:74-80:8f:1c:c2:92:67-37:b4:e0:4e:46:23',247,144,226,2,NULL,NULL,'2012-04-15','2017-06-07',NULL,NULL,'237.00',0,0,1,0,1,1,NULL,NULL,NULL,NULL,NULL,'--- !ruby/hash:ActiveSupport::HashWithIndifferentAccess\nanschaffungskategorie: AV-Technik\nreference: invoice\numzug: zgeln\nankunftszustand: intakt\n','2017-06-07 00:00:00','2017-06-07 00:00:00'),(240,'zmge3sizvdxj561wuzir350','6c:a7:da:7f:77:fa-38:20:98:bd:b9:e8-08:63:95:0f:b8:51',248,145,227,8,NULL,NULL,'2014-08-15','2017-06-07',NULL,NULL,'1441.00',0,0,1,0,1,1,NULL,NULL,NULL,NULL,NULL,'--- !ruby/hash:ActiveSupport::HashWithIndifferentAccess\nanschaffungskategorie: AV-Technik\nreference: invoice\numzug: zgeln\nankunftszustand: intakt\n','2017-06-07 00:00:00','2017-06-07 00:00:00'),(241,'h2btnv81y24l39qy6j3j351','90:59:ce:c9:15:57-3e:85:af:3b:3d:ec-8b:95:55:3f:a1:37',249,146,228,2,NULL,NULL,'2014-01-10','2017-06-07',NULL,NULL,'1316.00',0,0,1,0,1,1,NULL,NULL,NULL,NULL,NULL,'--- !ruby/hash:ActiveSupport::HashWithIndifferentAccess\nanschaffungskategorie: AV-Technik\nreference: invoice\numzug: zgeln\nankunftszustand: intakt\n','2017-06-07 00:00:00','2017-06-07 00:00:00'),(242,'f66zxvd3mkyzlvul4ilq352','64:b0:ce:b9:1c:19-e9:5c:b0:2e:cc:73-02:6e:0a:67:92:45',250,147,229,11,NULL,NULL,'2015-05-06','2017-06-12',NULL,NULL,'988.00',0,0,1,0,1,1,NULL,NULL,NULL,NULL,NULL,'--- !ruby/hash:ActiveSupport::HashWithIndifferentAccess\nanschaffungskategorie: AV-Technik\nreference: invoice\numzug: zgeln\nankunftszustand: intakt\n','2017-06-12 20:33:37','2017-06-12 20:33:37'),(243,'4bxwzpm93p22fpvi9j2d353','b9:95:06:9f:86:5d-d4:f8:cf:93:73:8a-ad:c0:b4:62:b1:02',250,148,230,9,NULL,NULL,'2012-04-08','2017-06-12',NULL,NULL,'999.00',0,0,1,0,1,1,NULL,NULL,NULL,NULL,NULL,'--- !ruby/hash:ActiveSupport::HashWithIndifferentAccess\nanschaffungskategorie: AV-Technik\nreference: invoice\numzug: zgeln\nankunftszustand: intakt\n','2017-06-12 20:33:37','2017-06-12 20:33:37'),(244,'j37xwyu1xd0mxmqcmimu354','b7:0e:e5:0d:3b:33-2a:d6:7e:1e:e1:d7-2c:7e:15:fe:6f:c8',250,149,231,6,NULL,NULL,'2015-03-23','2017-06-12',NULL,NULL,'123.00',0,0,1,0,1,1,NULL,NULL,NULL,NULL,NULL,'--- !ruby/hash:ActiveSupport::HashWithIndifferentAccess\nanschaffungskategorie: AV-Technik\nreference: invoice\numzug: zgeln\nankunftszustand: intakt\n','2017-06-12 20:33:37','2017-06-12 20:33:37'),(245,'lgd5kuuu8xnd2pxo9n9y355','cd:94:d7:61:07:3e-f7:98:31:7b:37:81-9c:cb:6c:24:08:d9',254,150,232,4,NULL,NULL,'2012-10-11','2017-06-12',NULL,NULL,'74.00',0,0,1,0,1,1,NULL,NULL,NULL,NULL,NULL,'--- !ruby/hash:ActiveSupport::HashWithIndifferentAccess\nanschaffungskategorie: AV-Technik\nreference: invoice\numzug: zgeln\nankunftszustand: intakt\n','2017-06-12 20:33:37','2017-06-12 20:33:37'),(246,'mbenlcl8esvrg5or094o356','82:ed:ee:3f:d6:c3-ac:df:9f:26:05:98-f2:ca:75:a7:fd:cc',254,151,233,2,NULL,NULL,'2014-06-15','2017-06-12',NULL,NULL,'765.00',0,0,1,0,1,1,NULL,NULL,NULL,NULL,NULL,'--- !ruby/hash:ActiveSupport::HashWithIndifferentAccess\nanschaffungskategorie: AV-Technik\nreference: invoice\numzug: zgeln\nankunftszustand: intakt\n','2017-06-12 20:33:37','2017-06-12 20:33:37'),(247,'vughni1c2cag5x9ojja2357','99:cf:40:f1:51:6d-36:64:90:10:4c:a6-cd:3b:1a:f6:68:d9',254,152,234,7,NULL,NULL,'2012-01-13','2017-06-12',NULL,NULL,'862.00',0,0,1,0,1,1,NULL,NULL,NULL,NULL,NULL,'--- !ruby/hash:ActiveSupport::HashWithIndifferentAccess\nanschaffungskategorie: AV-Technik\nreference: invoice\numzug: zgeln\nankunftszustand: intakt\n','2017-06-12 20:33:37','2017-06-12 20:33:37'),(248,'5sg6nxm1gqisc93y493i358','59:35:80:89:6e:99-b3:6c:d0:a1:35:35-9f:cb:55:9d:99:18',258,153,235,1,NULL,NULL,'2013-05-01','2017-06-12',NULL,NULL,'1466.00',0,0,1,0,1,1,NULL,NULL,NULL,NULL,NULL,'--- !ruby/hash:ActiveSupport::HashWithIndifferentAccess\nanschaffungskategorie: AV-Technik\nreference: invoice\numzug: zgeln\nankunftszustand: intakt\n','2017-06-12 20:33:37','2017-06-12 20:33:37'),(249,'mkj0jph8t6im7ckpgrgt359','91:88:61:d3:9c:c8-66:6e:82:ce:aa:0c-91:48:ee:79:1e:7f',258,154,236,7,NULL,NULL,'2016-07-13','2017-06-12',NULL,NULL,'1386.00',0,0,1,0,1,1,NULL,NULL,NULL,NULL,NULL,'--- !ruby/hash:ActiveSupport::HashWithIndifferentAccess\nanschaffungskategorie: AV-Technik\nreference: invoice\numzug: zgeln\nankunftszustand: intakt\n','2017-06-12 20:33:37','2017-06-12 20:33:37'),(250,'3cc30ju2l5752n8lfa45360','38:26:20:74:59:9a-4f:0f:93:04:c3:4c-74:e6:02:db:c2:b5',258,155,237,1,NULL,NULL,'2012-04-27','2017-06-12',NULL,NULL,'1035.00',0,0,1,0,1,1,NULL,NULL,NULL,NULL,NULL,'--- !ruby/hash:ActiveSupport::HashWithIndifferentAccess\nanschaffungskategorie: AV-Technik\nreference: invoice\numzug: zgeln\nankunftszustand: intakt\n','2017-06-12 20:33:37','2017-06-12 20:33:37'),(251,'sud362lvdh03y83k5anw361','fe:c8:4e:e1:b6:37-40:6d:bf:95:1a:e7-42:6f:cb:b4:c7:27',262,156,238,7,NULL,NULL,'2015-01-18','2017-06-12',NULL,NULL,'793.00',0,0,1,0,1,1,NULL,NULL,NULL,NULL,NULL,'--- !ruby/hash:ActiveSupport::HashWithIndifferentAccess\nanschaffungskategorie: AV-Technik\nreference: invoice\numzug: zgeln\nankunftszustand: intakt\n','2017-06-12 20:33:37','2017-06-12 20:33:37'),(252,'it50d0g1n22l80sw21x7362','13:f1:d6:15:dd:ca-49:a9:0c:e8:29:60-63:20:3b:3b:c4:27',262,157,239,10,NULL,NULL,'2015-02-17','2017-06-12',NULL,NULL,'1202.00',0,0,1,0,1,1,NULL,NULL,NULL,NULL,NULL,'--- !ruby/hash:ActiveSupport::HashWithIndifferentAccess\nanschaffungskategorie: AV-Technik\nreference: invoice\numzug: zgeln\nankunftszustand: intakt\n','2017-06-12 20:33:37','2017-06-12 20:33:37'),(253,'uy4855ita8c2ys2mjpc6363','40:4c:5d:f5:74:f4-78:ec:25:49:dc:1e-09:de:77:69:aa:cc',262,158,240,8,NULL,NULL,'2014-10-06','2017-06-12',NULL,NULL,'329.00',0,0,1,0,1,1,NULL,NULL,NULL,NULL,NULL,'--- !ruby/hash:ActiveSupport::HashWithIndifferentAccess\nanschaffungskategorie: AV-Technik\nreference: invoice\numzug: zgeln\nankunftszustand: intakt\n','2017-06-12 20:33:37','2017-06-12 20:33:37'),(254,'2gn5pbwcdo8v22zlx3og364','eb:9e:fd:9c:09:84-8f:bf:21:37:c7:9c-86:e6:58:21:e9:94',266,159,241,12,NULL,NULL,'2015-08-18','2017-06-12',NULL,NULL,'925.00',0,0,1,0,1,1,NULL,NULL,NULL,NULL,NULL,'--- !ruby/hash:ActiveSupport::HashWithIndifferentAccess\nanschaffungskategorie: AV-Technik\nreference: invoice\numzug: zgeln\nankunftszustand: intakt\n','2017-06-12 20:33:37','2017-06-12 20:33:37'),(255,'60g2os8r4th8p2mdtyqs365','69:5d:a8:ef:1e:b7-93:5f:e1:73:a5:f8-c2:ac:f7:f4:da:b7',266,160,242,10,NULL,NULL,'2012-09-04','2017-06-12',NULL,NULL,'22.00',0,0,1,0,1,1,NULL,NULL,NULL,NULL,NULL,'--- !ruby/hash:ActiveSupport::HashWithIndifferentAccess\nanschaffungskategorie: AV-Technik\nreference: invoice\numzug: zgeln\nankunftszustand: intakt\n','2017-06-12 20:33:37','2017-06-12 20:33:37'),(256,'fdscgutjjw7oklmbuppf366','17:de:2d:37:0c:5d-35:3c:85:50:01:05-73:16:fe:46:8e:9c',266,161,243,2,NULL,NULL,'2012-12-04','2017-06-12',NULL,NULL,'1164.00',0,0,1,0,1,1,NULL,NULL,NULL,NULL,NULL,'--- !ruby/hash:ActiveSupport::HashWithIndifferentAccess\nanschaffungskategorie: AV-Technik\nreference: invoice\numzug: zgeln\nankunftszustand: intakt\n','2017-06-12 20:33:37','2017-06-12 20:33:37'),(257,'rbwclg6d2ccm37djniro367','d2:13:3e:02:fd:db-78:85:69:ee:0e:62-7e:db:ef:b2:77:0b',270,162,244,10,NULL,NULL,'2014-06-29','2017-06-12',NULL,NULL,'1218.00',0,0,1,0,1,1,NULL,NULL,NULL,NULL,NULL,'--- !ruby/hash:ActiveSupport::HashWithIndifferentAccess\nanschaffungskategorie: AV-Technik\nreference: invoice\numzug: zgeln\nankunftszustand: intakt\n','2017-06-12 20:33:37','2017-06-12 20:33:37'),(258,'zmzu5ll0niwbqgyhhd5d368','e3:17:c4:37:6b:cf-d3:f9:2d:41:be:87-78:a6:fe:32:f5:a5',270,163,245,1,NULL,NULL,'2014-07-01','2017-06-12',NULL,NULL,'969.00',0,0,1,0,1,1,NULL,NULL,NULL,NULL,NULL,'--- !ruby/hash:ActiveSupport::HashWithIndifferentAccess\nanschaffungskategorie: AV-Technik\nreference: invoice\numzug: zgeln\nankunftszustand: intakt\n','2017-06-12 20:33:37','2017-06-12 20:33:37'),(259,'qcg3tyztfqz9khlzo4d4369','ac:29:26:c8:4e:eb-33:4f:ab:67:ab:af-13:f3:b2:3f:b7:dd',270,164,246,13,NULL,NULL,'2015-03-01','2017-06-12',NULL,NULL,'1082.00',0,0,1,0,1,1,NULL,NULL,NULL,NULL,NULL,'--- !ruby/hash:ActiveSupport::HashWithIndifferentAccess\nanschaffungskategorie: AV-Technik\nreference: invoice\numzug: zgeln\nankunftszustand: intakt\n','2017-06-12 20:33:37','2017-06-12 20:33:37'),(260,'813yvtcydky6o9vnt2fl370','ef:65:4c:0e:b3:28-fa:64:c6:fc:d6:21-77:c4:66:34:3c:87',274,165,247,8,NULL,NULL,'2013-02-19','2017-06-12',NULL,NULL,'1093.00',0,0,1,0,1,1,NULL,NULL,NULL,NULL,NULL,'--- !ruby/hash:ActiveSupport::HashWithIndifferentAccess\nanschaffungskategorie: AV-Technik\nreference: invoice\numzug: zgeln\nankunftszustand: intakt\n','2017-06-12 20:33:37','2017-06-12 20:33:37'),(261,'jyc8cm77762iejd060oe371','c2:4e:ec:47:22:21-7d:ba:8c:1a:2c:2a-dc:d6:d5:dd:99:8c',274,166,248,12,NULL,NULL,'2014-10-30','2017-06-12',NULL,NULL,'1394.00',0,0,1,0,1,1,NULL,NULL,NULL,NULL,NULL,'--- !ruby/hash:ActiveSupport::HashWithIndifferentAccess\nanschaffungskategorie: AV-Technik\nreference: invoice\numzug: zgeln\nankunftszustand: intakt\n','2017-06-12 20:33:37','2017-06-12 20:33:37'),(262,'9ikm4mhmr3hql9eem5cw372','a8:35:1e:ed:3d:3f-2e:bd:ab:f1:2b:0b-95:4d:84:f1:60:e5',274,167,249,7,NULL,NULL,'2015-11-05','2017-06-12',NULL,NULL,'1482.00',0,0,1,0,1,1,NULL,NULL,NULL,NULL,NULL,'--- !ruby/hash:ActiveSupport::HashWithIndifferentAccess\nanschaffungskategorie: AV-Technik\nreference: invoice\numzug: zgeln\nankunftszustand: intakt\n','2017-06-12 20:33:37','2017-06-12 20:33:37'),(263,'d4ul9pv7mxmcemzqo2k9373','5d:b9:af:ed:51:a2-4b:ae:41:76:04:d0-01:fd:ca:ea:8d:ca',278,168,250,5,NULL,NULL,'2015-09-11','2017-06-12',NULL,NULL,'1480.00',0,0,1,0,2,1,NULL,NULL,NULL,NULL,NULL,'--- !ruby/hash:ActiveSupport::HashWithIndifferentAccess\nanschaffungskategorie: AV-Technik\nreference: invoice\numzug: zgeln\nankunftszustand: intakt\n','2017-06-12 20:33:37','2017-06-12 20:33:37'),(264,'dcc1xk9fw30z8oeoebvy374','58:8d:96:f1:da:46-e6:3c:83:b9:54:39-6f:a0:7e:f6:8d:11',278,169,251,9,NULL,NULL,'2016-10-30','2017-06-12',NULL,NULL,'1259.00',0,0,1,0,2,1,NULL,NULL,NULL,NULL,NULL,'--- !ruby/hash:ActiveSupport::HashWithIndifferentAccess\nanschaffungskategorie: AV-Technik\nreference: invoice\numzug: zgeln\nankunftszustand: intakt\n','2017-06-12 20:33:37','2017-06-12 20:33:37'),(265,'697gshuojok7zgybkrnp375','11:71:5f:79:22:73-51:c4:d9:16:44:b1-6e:71:8b:e1:5b:34',278,170,252,9,NULL,NULL,'2012-12-07','2017-06-12',NULL,NULL,'779.00',0,0,1,0,2,1,NULL,NULL,NULL,NULL,NULL,'--- !ruby/hash:ActiveSupport::HashWithIndifferentAccess\nanschaffungskategorie: AV-Technik\nreference: invoice\numzug: zgeln\nankunftszustand: intakt\n','2017-06-12 20:33:37','2017-06-12 20:33:37'),(266,'rb2nx1k3zpvcoyxz8bco376','6e:53:d4:5d:61:dc-fb:a9:b4:7f:d6:66-90:e2:7c:78:38:6e',282,171,253,10,NULL,NULL,'2015-09-09','2017-06-12',NULL,NULL,'1238.00',0,0,1,0,2,1,NULL,NULL,NULL,NULL,NULL,'--- !ruby/hash:ActiveSupport::HashWithIndifferentAccess\nanschaffungskategorie: AV-Technik\nreference: invoice\numzug: zgeln\nankunftszustand: intakt\n','2017-06-12 20:33:37','2017-06-12 20:33:37'),(267,'11uvqdme1ftw2b51zk43377','d0:d6:02:62:40:00-dc:b6:d7:9d:3c:ba-b0:5a:77:e1:5d:e3',282,172,254,4,NULL,NULL,'2014-05-02','2017-06-12',NULL,NULL,'672.00',0,0,1,0,2,1,NULL,NULL,NULL,NULL,NULL,'--- !ruby/hash:ActiveSupport::HashWithIndifferentAccess\nanschaffungskategorie: AV-Technik\nreference: invoice\numzug: zgeln\nankunftszustand: intakt\n','2017-06-12 20:33:37','2017-06-12 20:33:37'),(268,'db9s118e0ep1gvfmefpc378','f6:dd:33:57:79:c3-d3:64:5e:14:b3:db-72:62:7f:f0:37:8c',282,173,255,5,NULL,NULL,'2014-08-25','2017-06-12',NULL,NULL,'610.00',0,0,1,0,2,1,NULL,NULL,NULL,NULL,NULL,'--- !ruby/hash:ActiveSupport::HashWithIndifferentAccess\nanschaffungskategorie: AV-Technik\nreference: invoice\numzug: zgeln\nankunftszustand: intakt\n','2017-06-12 20:33:37','2017-06-12 20:33:37'),(269,'rpwiw1uz5ka12q3xdcxa379','4b:21:17:e8:26:be-75:b7:9f:46:c9:1c-1e:85:bb:10:bd:31',286,174,256,2,NULL,NULL,'2014-05-28','2017-06-12',NULL,NULL,'455.00',0,0,1,0,2,1,NULL,NULL,NULL,NULL,NULL,'--- !ruby/hash:ActiveSupport::HashWithIndifferentAccess\nanschaffungskategorie: AV-Technik\nreference: invoice\numzug: zgeln\nankunftszustand: intakt\n','2017-06-12 20:33:37','2017-06-12 20:33:37'),(270,'or3zcjcmxnubgbhbzq25380','3a:69:88:8a:fa:4a-d4:0e:c7:59:ef:03-30:7f:c5:0d:35:53',286,175,257,3,NULL,NULL,'2016-12-09','2017-06-12',NULL,NULL,'463.00',0,0,1,0,2,1,NULL,NULL,NULL,NULL,NULL,'--- !ruby/hash:ActiveSupport::HashWithIndifferentAccess\nanschaffungskategorie: AV-Technik\nreference: invoice\numzug: zgeln\nankunftszustand: intakt\n','2017-06-12 20:33:37','2017-06-12 20:33:37'),(271,'joh1f1zi0avq637z7es1381','17:6d:8a:82:ef:4c-e5:99:ec:f9:28:7e-67:1b:dc:e0:55:ce',286,176,258,9,NULL,NULL,'2012-07-03','2017-06-12',NULL,NULL,'209.00',0,0,1,0,2,1,NULL,NULL,NULL,NULL,NULL,'--- !ruby/hash:ActiveSupport::HashWithIndifferentAccess\nanschaffungskategorie: AV-Technik\nreference: invoice\numzug: zgeln\nankunftszustand: intakt\n','2017-06-12 20:33:37','2017-06-12 20:33:37'),(272,'1lwbvx1usyz26muqkxqb382','a8:e3:01:9c:58:0e-18:76:e1:f2:6b:a2-8d:d5:a2:93:9b:eb',290,177,259,4,NULL,NULL,'2014-07-03','2017-06-12',NULL,NULL,'1102.00',0,0,1,0,2,1,NULL,NULL,NULL,NULL,NULL,'--- !ruby/hash:ActiveSupport::HashWithIndifferentAccess\nanschaffungskategorie: AV-Technik\nreference: invoice\numzug: zgeln\nankunftszustand: intakt\n','2017-06-12 20:33:37','2017-06-12 20:33:37'),(273,'6lo89bpqqujwn68169pb383','d1:b6:77:d1:ed:6c-39:a7:c5:c2:76:85-87:92:30:75:23:26',290,178,260,3,NULL,NULL,'2016-04-30','2017-06-12',NULL,NULL,'562.00',0,0,1,0,2,1,NULL,NULL,NULL,NULL,NULL,'--- !ruby/hash:ActiveSupport::HashWithIndifferentAccess\nanschaffungskategorie: AV-Technik\nreference: invoice\numzug: zgeln\nankunftszustand: intakt\n','2017-06-12 20:33:37','2017-06-12 20:33:37'),(274,'wt4a6n0krxpe98asmbyj384','48:f1:43:39:6a:d6-34:f8:b8:62:bd:5f-08:aa:18:00:b1:63',290,179,261,9,NULL,NULL,'2014-06-04','2017-06-12',NULL,NULL,'1218.00',0,0,1,0,2,1,NULL,NULL,NULL,NULL,NULL,'--- !ruby/hash:ActiveSupport::HashWithIndifferentAccess\nanschaffungskategorie: AV-Technik\nreference: invoice\numzug: zgeln\nankunftszustand: intakt\n','2017-06-12 20:33:37','2017-06-12 20:33:37'),(275,'okhx8jdj1all6chzkphy385','f7:ba:39:6f:11:b7-8f:c4:81:a9:12:7d-4b:5e:98:82:fb:3d',294,NULL,262,1,NULL,NULL,'2016-10-30','2017-06-12',NULL,NULL,'540.00',0,0,1,0,1,1,NULL,NULL,NULL,NULL,NULL,'--- !ruby/hash:ActiveSupport::HashWithIndifferentAccess\nanschaffungskategorie: AV-Technik\nreference: invoice\numzug: zgeln\nankunftszustand: intakt\n','2017-06-12 20:33:37','2017-06-12 20:33:37'),(276,'3kat3mq2fiwr0cv31qs1386','53:f4:6b:e4:6b:f7-c8:33:54:62:15:12-24:e4:b0:39:2b:b3',295,180,263,1,NULL,NULL,'2012-10-29','2017-06-12',NULL,NULL,'1212.00',0,0,1,0,1,1,NULL,NULL,NULL,NULL,NULL,'--- !ruby/hash:ActiveSupport::HashWithIndifferentAccess\nanschaffungskategorie: AV-Technik\nreference: invoice\numzug: zgeln\nankunftszustand: intakt\n','2017-06-12 20:33:37','2017-06-12 20:33:37'),(277,'cy4kiq88vxxwirkk8ghy387','c9:77:f0:d1:39:46-af:82:e8:6b:4c:e5-14:39:66:67:4f:f8',296,NULL,NULL,1,NULL,NULL,NULL,NULL,NULL,NULL,NULL,0,0,0,0,2,0,NULL,NULL,NULL,NULL,NULL,'--- !ruby/hash:ActiveSupport::HashWithIndifferentAccess\noperating_system:\n- windows\n- linux\n- mac_os_x\nlicense_type: multiple_workplace\ntotal_quantity: 8\nreference: invoice\nactivation_type: none\nmaintenance_contract: \'false\'\n','2017-06-12 20:33:37','2017-06-12 20:33:37'),(278,'insaovbul9g7qzalzfv1388','cb:50:1e:c6:5b:6b-fa:69:3b:ee:53:b4-31:97:fb:fe:93:5f',297,181,264,9,NULL,NULL,'2016-09-01','2017-06-12',NULL,NULL,'836.00',0,0,1,0,1,1,NULL,NULL,NULL,NULL,NULL,'--- !ruby/hash:ActiveSupport::HashWithIndifferentAccess\nanschaffungskategorie: AV-Technik\nreference: invoice\numzug: zgeln\nankunftszustand: intakt\n','2017-06-12 20:33:37','2017-06-12 20:33:37'),(279,'rreuxlvssl7qfcsygug4389','d5:d8:1b:7d:9e:1a-b9:1b:8f:3e:61:b4-11:d8:30:57:dd:11',297,182,265,8,NULL,NULL,'2014-12-16','2017-06-12',NULL,NULL,'195.00',0,0,1,0,1,1,NULL,NULL,NULL,NULL,NULL,'--- !ruby/hash:ActiveSupport::HashWithIndifferentAccess\nanschaffungskategorie: AV-Technik\nreference: invoice\numzug: zgeln\nankunftszustand: intakt\n','2017-06-12 20:33:37','2017-06-12 20:33:37'),(280,'rq3zie1i6xryett0tfr9390','ff:78:ba:02:1f:70-be:7b:2f:47:34:ab-62:94:c9:f8:a1:e0',297,183,266,5,NULL,NULL,'2015-09-17','2017-06-12',NULL,NULL,'1188.00',0,0,1,0,1,1,NULL,NULL,NULL,NULL,NULL,'--- !ruby/hash:ActiveSupport::HashWithIndifferentAccess\nanschaffungskategorie: AV-Technik\nreference: invoice\numzug: zgeln\nankunftszustand: intakt\n','2017-06-12 20:33:37','2017-06-12 20:33:37');
/*!40000 ALTER TABLE `items` ENABLE KEYS */;
UNLOCK TABLES;

--
-- Table structure for table `languages`
--

DROP TABLE IF EXISTS `languages`;
/*!40101 SET @saved_cs_client     = @@character_set_client */;
/*!40101 SET character_set_client = utf8 */;
CREATE TABLE `languages` (
  `id` int(11) NOT NULL AUTO_INCREMENT,
  `name` varchar(255) COLLATE utf8_unicode_ci DEFAULT NULL,
  `locale_name` varchar(255) COLLATE utf8_unicode_ci DEFAULT NULL,
  `default` tinyint(1) DEFAULT NULL,
  `active` tinyint(1) DEFAULT NULL,
  PRIMARY KEY (`id`),
  UNIQUE KEY `index_languages_on_name` (`name`),
  KEY `index_languages_on_active_and_default` (`active`,`default`)
) ENGINE=InnoDB AUTO_INCREMENT=5 DEFAULT CHARSET=utf8 COLLATE=utf8_unicode_ci;
/*!40101 SET character_set_client = @saved_cs_client */;

--
-- Dumping data for table `languages`
--

LOCK TABLES `languages` WRITE;
/*!40000 ALTER TABLE `languages` DISABLE KEYS */;
INSERT INTO `languages` VALUES (1,'English','en-GB',1,1),(2,'Deutsch','de-CH',0,1),(3,'Castellano','es',0,1),(4,'Zrittsch','gsw-CH',0,1);
/*!40000 ALTER TABLE `languages` ENABLE KEYS */;
UNLOCK TABLES;

--
-- Table structure for table `locations`
--

DROP TABLE IF EXISTS `locations`;
/*!40101 SET @saved_cs_client     = @@character_set_client */;
/*!40101 SET character_set_client = utf8 */;
CREATE TABLE `locations` (
  `id` int(11) NOT NULL AUTO_INCREMENT,
  `room` varchar(255) COLLATE utf8_unicode_ci DEFAULT NULL,
  `shelf` varchar(255) COLLATE utf8_unicode_ci DEFAULT NULL,
  `building_id` int(11) DEFAULT NULL,
  PRIMARY KEY (`id`),
  KEY `index_locations_on_building_id` (`building_id`)
) ENGINE=InnoDB AUTO_INCREMENT=184 DEFAULT CHARSET=utf8 COLLATE=utf8_unicode_ci;
/*!40101 SET character_set_client = @saved_cs_client */;

--
-- Dumping data for table `locations`
--

LOCK TABLES `locations` WRITE;
/*!40000 ALTER TABLE `locations` DISABLE KEYS */;
INSERT INTO `locations` VALUES (1,'Temporibusanimi','quaeratipsum',2),(2,'Sednostrum','eaducimus',3),(3,'Nonplaceat','debitiset',4),(4,'Harumdignissimos','consequunturaspernatur',5),(5,'Impeditexpedita','sitporro',6),(6,'Autquis','architectoet',7),(7,'Etducimus','etiusto',8),(8,'Aspernaturatque','eaest',9),(9,'Recusandaeplaceat','easaepe',10),(10,'Solutarecusandae','rerumquisquam',11),(11,'Magnilabore','nesciuntnisi',12),(12,'Assumendavoluptatem','quivoluptatibus',13),(13,'Veniamexercitationem','voluptatesenim',14),(14,'Minusat','omnissit',15),(15,'Quisapiente','minusveniam',16),(16,'Pariaturquidem','excepturiquisquam',17),(17,'Quoquia','quaeodio',18),(18,'Saepeea','quieos',19),(19,'Nostrumperferendis','consequaturquibusdam',20),(20,'Omnislaboriosam','veroinventore',21),(21,'Laborumrepellendus','nonut',22),(22,'Veniamlaboriosam','eaquevoluptates',23),(23,'Omnisaut','quammollitia',24),(24,'Illumiste','quiasuscipit',25),(25,'Istecumque','fugaharum',26),(26,'Voluptassunt','utdolorum',27),(27,'Quipariatur','evenietqui',28),(28,'Voluptasaliquid','istealiquam',29),(29,'Voluptatemest','enimamet',30),(30,'Voluptatemminus','exercitationemtempore',31),(31,'Quifacere','omnisneque',32),(32,'Estodio','voluptatesdolor',33),(33,'Maximepariatur','quitemporibus',34),(34,'Suntquas','maioresquae',35),(35,'Suscipititaque','enimdolor',36),(36,'Officiaeaque','rerumdelectus',37),(37,'Insequi','nostrumautem',38),(38,'Dolordistinctio','temporibusinventore',39),(39,'Consequunturenim','erroripsam',40),(40,'Consecteturdoloremque','pariatursed',41),(41,'Voluptatemvoluptas','occaecatienim',42),(42,'Sitfacere','voluptatemquibusdam',43),(43,'Velfacilis','illosint',44),(44,'Veritatissunt','accusantiummodi',45),(45,'Remmagnam','voluptascupiditate',46),(46,'SQ2','Desk',47),(47,'UG 13','Ausgabe',48),(48,'Voluptatemaspernatur','essefuga',49),(49,'Etnostrum','eligendiet',50),(50,'Etanimi','fugiatsapiente',51),(51,'Rerumoptio','etvel',52),(52,'Delectusblanditiis','inventorequam',53),(53,'Inventoreveniam','etdistinctio',54),(54,'Nobisvoluptatum','nonvoluptas',55),(55,'Dolorumvoluptatum','aliquida',56),(56,'Illomolestias','idnemo',57),(57,'Sapientesoluta','quiapossimus',58),(58,'Adinventore','quonisi',59),(59,'Etporro','utipsum',60),(60,'Recusandaesit','pariaturatque',61),(61,'Doloribuseos','laboreeos',62),(62,'Inventoreveritatis','rationeconsequatur',63),(63,'Temporibusiusto','sunteligendi',64),(64,'Recusandaevoluptas','molestiassaepe',65),(65,'Assumendanam','pariatursoluta',66),(66,'Consequaturrerum','perferendishic',67),(67,'Utut','doloribusvoluptatem',68),(68,'Magnamut','autemipsam',69),(69,'Isteut','eiusearum',70),(70,'Quiasunt','etalias',71),(71,'Odioillum','velittemporibus',72),(72,'Eosbeatae','pariaturqui',73),(73,'Velitquasi','quisconsectetur',74),(74,'Voluptatenon','numquammagnam',75),(75,'Laborumquis','assumendanumquam',76),(76,'Estullam','perspiciatisdignissimos',77),(77,'Temporibussoluta','vitaeeos',78),(78,'Ipsumnisi','voluptaslaudantium',79),(79,'Laboreet','inventoredolorum',80),(80,'Nihilet','sedaccusantium',81),(81,'Asperioresdeleniti','illumquia',82),(82,'Sintpariatur','magnamnon',83),(83,'Esseet','inciduntrerum',84),(84,'Laboreab','quitotam',85),(85,'Corporisanimi','doloromnis',86),(86,'Aperiamaliquid','nemoaut',87),(87,'Insequi','enimipsa',88),(88,'Quivoluptatem','dolorrepudiandae',89),(89,'Cupiditateeius','oditipsum',90),(90,'Eosex','isteconsequatur',91),(91,'Cupiditateperferendis','distinctioducimus',92),(92,'Temporenemo','corruptiautem',93),(93,'Voluptatibusperspiciatis','quiatenetur',94),(94,'Faceresimilique','cumqueexpedita',95),(95,'Illoblanditiis','etdolores',96),(96,'Harumquia','numquamvoluptatum',97),(97,'Suscipitsed','assumendaea',98),(98,'Blanditiisquia','adipiscirerum',99),(99,'Debitisveniam','minimaquia',100),(100,'Veleos','velitid',101),(101,'Nemosed','etminima',102),(102,'Quisquamimpedit','nonet',103),(103,'Essenon','magnamomnis',104),(104,'Laborumexcepturi','dictadolor',105),(105,'Omnisbeatae','voluptatibusenim',106),(106,'Mollitiaalias','quisofficia',107),(107,'Odiodolorem','quoet',108),(108,'Idvoluptate','eligendiut',109),(109,'Facilisaccusantium','sitvoluptates',110),(110,'Evenietquaerat','accusantiumet',111),(111,'Eiusinventore','etofficia',112),(112,'Nisiet','liberoaut',113),(113,'Temporedolores','delectusasperiores',114),(114,'Reiciendisaut','placeatut',115),(115,'Quoddolor','repellendusquia',116),(116,'Possimusut','aspernaturiste',117),(117,'Autquia','doloribusquibusdam',118),(118,'Perspiciatisdignissimos','abin',119),(119,'Assumendased','dolordebitis',120),(120,'Eaab','esseminus',121),(121,'Pariatursequi','quiavelit',122),(122,'Autet','voluptatemeligendi',123),(123,'Velitasperiores','utdolores',124),(124,'Auterror','veroipsa',125),(125,'Eligendifacilis','autest',127),(126,'Quidemipsa','eummolestiae',128),(127,'Voluptatemnisi','voluptasvoluptatibus',129),(128,'Fugiatesse','beataenam',130),(129,'Voluptatemut','ullamperspiciatis',131),(130,'Estcum','iddolor',132),(131,'Voluptateimpedit','voluptatemrepellat',133),(132,'Voluptasmolestias','iureerror',134),(133,'Autemaliquam','expeditabeatae',135),(134,'Aspernaturenim','molestiasaut',136),(135,'Velitquis','architectonon',137),(136,'Evenietvel','sediusto',138),(137,'Earumillum','accusamuslibero',139),(138,'Ipsumnobis','architectoconsequatur',140),(139,'Autemest','sapienteullam',141),(140,'Voluptatemodit','corporisexcepturi',142),(141,'Similiquerepellendus','cupiditatevelit',143),(142,'Consequaturrerum','corruptirem',144),(143,'Quidemut','undeharum',145),(144,'Commodiodit','fugiatquis',146),(145,'Natusimpedit','omniseaque',147),(146,'Sintquia','molestiaequod',148),(147,'Dictaeum','autemcorrupti',149),(148,'Idet','rationenumquam',150),(149,'Rationemolestiae','consequaturpariatur',151),(150,'Etfacilis','numquamexpedita',152),(151,'Namdolorem','dolorumqui',153),(152,'Nequequia','nobisnon',154),(153,'Utrepellat','ducimusvelit',155),(154,'Maioresnemo','atid',156),(155,'Pariaturnam','molestiaeest',157),(156,'Distinctioquia','perferendisitaque',158),(157,'Architectoeaque','doloremquevelit',159),(158,'Providentdolor','consequaturdolor',160),(159,'Rerumquia','omnisalias',161),(160,'Quosnon','delectusvel',162),(161,'Doloreet','earumvoluptate',163),(162,'Situllam','ipsaet',164),(163,'Temporibusaut','ipsamid',165),(164,'Perferendisdolores','distinctiovoluptatem',166),(165,'Remeligendi','sitexplicabo',167),(166,'Omnisa','ametautem',168),(167,'Nostrumqui','estodio',169),(168,'Quiad','ethic',170),(169,'Quisvel','perspiciatisoccaecati',171),(170,'Insuscipit','atillum',172),(171,'Nisiexpedita','laboreperferendis',173),(172,'Fugadolor','placeataut',174),(173,'Dolorumvitae','quiqui',175),(174,'Temporibussapiente','utest',176),(175,'Quiquam','sedsunt',177),(176,'Exut','temporibuset',178),(177,'Autemipsa','estad',179),(178,'Quaesaepe','abbeatae',180),(179,'Fugitfugiat','quamreprehenderit',181),(180,'Temporibusipsa','invel',182),(181,'Exercitationemnon','delectusvoluptas',183),(182,'Quibusdampraesentium','perferendisratione',184),(183,'Voluptatibusofficiis','enimlaudantium',185);
/*!40000 ALTER TABLE `locations` ENABLE KEYS */;
UNLOCK TABLES;

--
-- Table structure for table `model_group_links`
--

DROP TABLE IF EXISTS `model_group_links`;
/*!40101 SET @saved_cs_client     = @@character_set_client */;
/*!40101 SET character_set_client = utf8 */;
CREATE TABLE `model_group_links` (
  `id` int(11) NOT NULL AUTO_INCREMENT,
  `ancestor_id` int(11) DEFAULT NULL,
  `descendant_id` int(11) DEFAULT NULL,
  `direct` tinyint(1) DEFAULT NULL,
  `count` int(11) DEFAULT NULL,
  `label` varchar(255) COLLATE utf8_unicode_ci DEFAULT NULL,
  PRIMARY KEY (`id`),
  KEY `index_model_group_links_on_ancestor_id` (`ancestor_id`),
  KEY `index_model_group_links_on_direct` (`direct`),
  KEY `index_on_descendant_id_and_ancestor_id_and_direct` (`descendant_id`,`ancestor_id`,`direct`)
) ENGINE=InnoDB AUTO_INCREMENT=9 DEFAULT CHARSET=utf8 COLLATE=utf8_unicode_ci;
/*!40101 SET character_set_client = @saved_cs_client */;

--
-- Dumping data for table `model_group_links`
--

LOCK TABLES `model_group_links` WRITE;
/*!40000 ALTER TABLE `model_group_links` DISABLE KEYS */;
INSERT INTO `model_group_links` VALUES (1,2,10,1,1,NULL),(2,2,8,1,1,NULL),(3,5,10,1,1,NULL),(4,5,9,1,1,NULL),(5,1,9,1,1,NULL),(6,1,11,0,1,NULL),(7,5,11,0,1,NULL),(8,9,11,1,1,NULL);
/*!40000 ALTER TABLE `model_group_links` ENABLE KEYS */;
UNLOCK TABLES;

--
-- Table structure for table `model_groups`
--

DROP TABLE IF EXISTS `model_groups`;
/*!40101 SET @saved_cs_client     = @@character_set_client */;
/*!40101 SET character_set_client = utf8 */;
CREATE TABLE `model_groups` (
  `id` int(11) NOT NULL AUTO_INCREMENT,
  `type` varchar(255) COLLATE utf8_unicode_ci DEFAULT NULL,
  `name` varchar(255) COLLATE utf8_unicode_ci DEFAULT NULL,
  `created_at` datetime DEFAULT NULL,
  `updated_at` datetime DEFAULT NULL,
  PRIMARY KEY (`id`),
  KEY `index_model_groups_on_type` (`type`)
) ENGINE=InnoDB AUTO_INCREMENT=15 DEFAULT CHARSET=utf8 COLLATE=utf8_unicode_ci;
/*!40101 SET character_set_client = @saved_cs_client */;

--
-- Dumping data for table `model_groups`
--

LOCK TABLES `model_groups` WRITE;
/*!40000 ALTER TABLE `model_groups` DISABLE KEYS */;
INSERT INTO `model_groups` VALUES (1,'Category','Beamer','2017-06-12 20:33:37','2017-06-12 20:33:37'),(2,'Category','Kameras','2017-06-12 20:33:37','2017-06-12 20:33:37'),(3,'Category','Stative','2017-06-12 20:33:37','2017-06-12 20:33:37'),(4,'Category','Hifi-Anlagen','2017-06-12 20:33:37','2017-06-12 20:33:37'),(5,'Category','Notebooks','2017-06-12 20:33:37','2017-06-12 20:33:37'),(6,'Category','RC Helikopter','2017-06-12 20:33:37','2017-06-12 20:33:37'),(7,'Category','Computer','2017-06-12 20:33:37','2017-06-12 20:33:37'),(8,'Category','Kurzdistanz','2017-06-12 20:33:37','2017-06-12 20:33:37'),(9,'Category','Portabel','2017-06-12 20:33:37','2017-06-12 20:33:37'),(10,'Category','Standard','2017-06-12 20:33:37','2017-06-12 20:33:37'),(11,'Category','Micro','2017-06-12 20:33:37','2017-06-12 20:33:37'),(12,'Template','Kamera & Stativ','2017-06-12 20:33:37','2017-06-12 20:33:37'),(13,'Template','Beamer & Hifi','2017-06-12 20:33:37','2017-06-12 20:33:37'),(14,'Template','Unaccomplishable template','2017-06-12 20:33:37','2017-06-12 20:33:37');
/*!40000 ALTER TABLE `model_groups` ENABLE KEYS */;
UNLOCK TABLES;

--
-- Table structure for table `model_links`
--

DROP TABLE IF EXISTS `model_links`;
/*!40101 SET @saved_cs_client     = @@character_set_client */;
/*!40101 SET character_set_client = utf8 */;
CREATE TABLE `model_links` (
  `id` int(11) NOT NULL AUTO_INCREMENT,
  `model_group_id` int(11) DEFAULT NULL,
  `model_id` int(11) DEFAULT NULL,
  `quantity` int(11) DEFAULT '1',
  PRIMARY KEY (`id`),
  KEY `index_model_links_on_model_id_and_model_group_id` (`model_id`,`model_group_id`),
  KEY `index_model_links_on_model_group_id_and_model_id` (`model_group_id`,`model_id`)
) ENGINE=InnoDB AUTO_INCREMENT=73 DEFAULT CHARSET=utf8 COLLATE=utf8_unicode_ci;
/*!40101 SET character_set_client = @saved_cs_client */;

--
-- Dumping data for table `model_links`
--

LOCK TABLES `model_links` WRITE;
/*!40000 ALTER TABLE `model_links` DISABLE KEYS */;
INSERT INTO `model_links` VALUES (1,1,62,1),(2,9,62,1),(3,1,63,1),(4,1,64,1),(5,1,66,1),(6,9,66,1),(7,11,67,1),(8,1,68,1),(9,1,69,1),(10,1,70,1),(11,1,71,1),(12,1,72,1),(13,1,73,1),(14,1,74,1),(15,1,75,1),(16,1,76,1),(17,1,77,1),(18,1,78,1),(19,1,79,1),(20,1,80,1),(21,1,81,1),(22,1,82,1),(23,1,83,1),(24,1,84,1),(25,1,85,1),(26,1,86,1),(27,1,87,1),(28,2,88,1),(29,2,89,1),(30,2,90,1),(31,2,91,1),(32,2,92,1),(33,2,93,1),(34,2,94,1),(35,2,95,1),(36,2,96,1),(37,2,97,1),(38,2,98,1),(39,2,99,1),(40,2,100,1),(41,2,101,1),(42,2,102,1),(43,2,103,1),(44,2,104,1),(45,2,105,1),(46,2,106,1),(47,2,107,1),(48,2,108,1),(49,2,109,1),(50,2,110,1),(51,2,111,1),(52,2,112,1),(53,2,113,1),(54,2,114,1),(55,2,115,1),(56,2,116,1),(57,2,117,1),(58,2,118,1),(59,4,119,1),(60,3,120,1),(61,12,88,1),(62,12,120,1),(63,13,62,1),(64,13,119,1),(65,14,88,999),(66,14,120,999),(67,2,153,1),(68,7,154,1),(69,5,155,1),(70,6,156,1),(71,6,157,1),(72,6,158,1);
/*!40000 ALTER TABLE `model_links` ENABLE KEYS */;
UNLOCK TABLES;

--
-- Table structure for table `models`
--

DROP TABLE IF EXISTS `models`;
/*!40101 SET @saved_cs_client     = @@character_set_client */;
/*!40101 SET character_set_client = utf8 */;
CREATE TABLE `models` (
  `id` int(11) NOT NULL AUTO_INCREMENT,
  `type` varchar(255) COLLATE utf8_unicode_ci NOT NULL DEFAULT 'Model',
  `manufacturer` varchar(255) COLLATE utf8_unicode_ci DEFAULT NULL,
  `product` varchar(255) COLLATE utf8_unicode_ci NOT NULL,
  `version` varchar(255) COLLATE utf8_unicode_ci DEFAULT NULL,
  `description` text COLLATE utf8_unicode_ci,
  `internal_description` text COLLATE utf8_unicode_ci,
  `info_url` varchar(255) COLLATE utf8_unicode_ci DEFAULT NULL,
  `rental_price` decimal(8,2) DEFAULT NULL,
  `maintenance_period` int(11) DEFAULT '0',
  `is_package` tinyint(1) DEFAULT '0',
  `technical_detail` text COLLATE utf8_unicode_ci,
  `hand_over_note` text COLLATE utf8_unicode_ci,
  `created_at` datetime DEFAULT NULL,
  `updated_at` datetime DEFAULT NULL,
  PRIMARY KEY (`id`),
  KEY `index_models_on_is_package` (`is_package`),
  KEY `index_models_on_type` (`type`)
) ENGINE=InnoDB AUTO_INCREMENT=301 DEFAULT CHARSET=utf8 COLLATE=utf8_unicode_ci;
/*!40101 SET character_set_client = @saved_cs_client */;

--
-- Dumping data for table `models`
--

LOCK TABLES `models` WRITE;
/*!40000 ALTER TABLE `models` DISABLE KEYS */;
INSERT INTO `models` VALUES (1,'Model','Williamson-Thompson','Intelligent Steel Car','293','Nam excepturi inventore eveniet ut omnis expedita.','Quo facere enim vitae quia tempore quidem quaerat.',NULL,NULL,0,0,'Itaque est reiciendis totam sint error voluptas.','Amet dolor quam quia inventore dolorem officiis aut voluptas.','2017-06-12 20:33:37','2017-06-12 20:33:37'),(2,'Model','Cartwright-Rogahn','Sleek Rubber Table','294','Eius sed et unde dolor.','Quis similique quo est ea dicta provident.',NULL,NULL,1,0,'Numquam officia neque aspernatur.','Ut nostrum nemo repellendus.','2017-06-12 20:33:37','2017-06-12 20:33:37'),(3,'Model','Terry LLC','Intelligent Cotton Shirt','295','Rem repudiandae voluptate velit aut omnis quidem dolorem.','Aperiam consequatur minus id distinctio debitis.',NULL,NULL,0,0,'Sint voluptatem est et quis enim esse.','Eos error quibusdam aut libero aut itaque a cupiditate.','2017-06-12 20:33:37','2017-06-12 20:33:37'),(4,'Model','Macejkovic-Lesch','Incredible Plastic Table','296','Aut alias ut magni ad aliquid sunt at praesentium.','Cumque omnis in nihil nisi quia maiores illum itaque.',NULL,NULL,1,0,'Blanditiis sit temporibus est amet eos quae.','A dolores eveniet fugiat nam rerum optio.','2017-06-12 20:33:37','2017-06-12 20:33:37'),(5,'Model','Cronin-Kertzmann','Small Granite Car','297','Ad incidunt non et sunt repudiandae iusto nostrum.','Aperiam totam est laborum consequatur aut ut.',NULL,NULL,3,0,'Accusantium minus culpa fuga.','Ratione vitae laudantium rem doloremque.','2017-06-12 20:33:37','2017-06-12 20:33:37'),(6,'Model','McDermott and Sons','Awesome Steel Computer','298','Sapiente non vel fugit fugiat explicabo ab blanditiis.','Deleniti facilis libero totam.',NULL,NULL,2,0,'Ut nostrum occaecati facere suscipit voluptatem maiores.','Omnis eos nulla qui enim aliquid.','2017-06-12 20:33:37','2017-06-12 20:33:37'),(7,'Model','Schumm Inc','Small Plastic Computer','299','Omnis et vel ea corrupti.','Qui nulla molestias similique ut repudiandae quasi dolor.',NULL,NULL,3,0,'Est nam accusantium perspiciatis quia.','Non nihil cum facere voluptate dolor.','2017-06-12 20:33:37','2017-06-12 20:33:37'),(8,'Model','Daniel-Sauer','Practical Rubber Chair','300','Sit et voluptatibus deleniti odit.','Illo porro sit ea explicabo quis.',NULL,NULL,1,0,'Ullam animi quam ducimus.','Eius dicta officia repellat consequuntur sit.','2017-06-12 20:33:37','2017-06-12 20:33:37'),(9,'Model','O\'Keefe-Kub','Ergonomic Plastic Chair','301','Recusandae est in aspernatur modi.','Minima sint ut quaerat tenetur repellat in eveniet.',NULL,NULL,0,0,'Adipisci impedit mollitia dolores eum dolores enim eos.','Molestias qui sed et molestiae velit ea.','2017-06-12 20:33:37','2017-06-12 20:33:37'),(10,'Model','Hills LLC','Small Granite Table','302','Nesciunt et temporibus officiis et non corrupti.','Consectetur nam eveniet consequatur repellendus et molestiae.',NULL,NULL,0,0,'Omnis explicabo et pariatur.','Et non harum consequatur voluptatum laudantium nulla.','2017-06-12 20:33:37','2017-06-12 20:33:37'),(11,'Model','Wisozk Group','Fantastic Steel Gloves','303','Error placeat repellat facilis enim.','Suscipit et dignissimos natus voluptate culpa et eum nemo.',NULL,NULL,2,0,'Et provident maiores repudiandae laborum.','Aut quia dolorem quia fugiat ea omnis ad quibusdam.','2017-06-12 20:33:37','2017-06-12 20:33:37'),(12,'Model','Heathcote-Beer','Gorgeous Concrete Hat','304','Atque iste dolorem rerum soluta.','Consequatur vel earum eaque saepe ut.',NULL,NULL,0,0,'Maxime ducimus dolores voluptatibus nisi consequatur sequi libero.','Dolores voluptatibus saepe quo eum.','2017-06-12 20:33:37','2017-06-12 20:33:37'),(13,'Model','Corwin, Bailey and Treutel','Small Wooden Table','305','Illum earum alias quidem enim ab consectetur non explicabo.','Vitae nostrum amet est illum voluptatem voluptatem error dolores.',NULL,NULL,0,0,'Recusandae placeat ex consectetur.','Vel odio fuga facilis iusto optio.','2017-06-12 20:33:37','2017-06-12 20:33:37'),(14,'Model','Anderson LLC','Practical Plastic Shirt','306','Labore minus consequuntur quibusdam.','Accusamus repellendus cum temporibus voluptatem porro eos aut.',NULL,NULL,3,0,'Sint et pariatur fugiat ea sit sapiente ratione.','Corrupti consequatur qui est alias voluptatem aspernatur.','2017-06-12 20:33:37','2017-06-12 20:33:37'),(15,'Model','Zieme LLC','Intelligent Concrete Computer','307','Ipsam velit omnis praesentium.','Qui et voluptatem aut rerum.',NULL,NULL,1,0,'Neque rem corporis sit quos quis doloribus quae.','Consequatur aut nihil qui ad eaque dolor iste.','2017-06-12 20:33:37','2017-06-12 20:33:37'),(16,'Model','Lowe-Kohler','Ergonomic Steel Chair','308','Temporibus officiis iusto mollitia laborum.','Consequatur rem eos maxime quibusdam consequuntur enim.',NULL,NULL,0,0,'Quisquam et voluptatem doloribus aut amet culpa.','Quia eius molestias a rerum.','2017-06-12 20:33:37','2017-06-12 20:33:37'),(17,'Model','Dickinson, Kovacek and Simonis','Rustic Wooden Table','309','Nesciunt ea veniam sit aperiam possimus nihil.','Atque omnis harum natus rerum soluta quasi.',NULL,NULL,0,0,'Cumque repudiandae sapiente esse vel placeat laborum.','Quisquam aut sapiente enim numquam inventore qui reiciendis.','2017-06-12 20:33:37','2017-06-12 20:33:37'),(18,'Model','Zemlak and Sons','Incredible Rubber Computer','310','Sapiente corporis exercitationem non qui omnis ab reiciendis.','Architecto et nihil autem.',NULL,NULL,0,0,'Numquam praesentium cupiditate doloremque quod sapiente voluptatibus ea.','Alias veritatis voluptas amet.','2017-06-12 20:33:37','2017-06-12 20:33:37'),(19,'Model','McKenzie-Kunde','Practical Granite Chair','311','Consequatur et atque debitis blanditiis et illum possimus.','Et quod dolorum quis est nihil.',NULL,NULL,1,0,'Officiis exercitationem aspernatur odit adipisci.','Ab culpa occaecati delectus soluta enim atque.','2017-06-12 20:33:37','2017-06-12 20:33:37'),(20,'Model','Parker Inc','Awesome Concrete Pants','312','Impedit eum voluptates reiciendis nostrum.','At vel repellendus ullam aut accusantium.',NULL,NULL,3,0,'Perspiciatis enim sit saepe nihil ut.','Temporibus iste accusamus corporis id.','2017-06-12 20:33:37','2017-06-12 20:33:37'),(21,'Model','Daniel LLC','Incredible Granite Gloves','313','Minima culpa aut repudiandae quia dolor aut.','Porro dolorem omnis est qui.',NULL,NULL,1,0,'Ex quia illum excepturi.','Neque nemo ut alias cupiditate deleniti.','2017-06-12 20:33:37','2017-06-12 20:33:37'),(22,'Model','Lesch-Wintheiser','Small Granite Computer','314','Vel dolorem excepturi adipisci autem tempore asperiores nulla corrupti.','Provident delectus unde illo qui et veritatis tenetur.',NULL,NULL,3,0,'Delectus quia eaque illo quis eum non maxime exercitationem.','Atque repellendus omnis dolores ducimus nobis cum sit et.','2017-06-12 20:33:37','2017-06-12 20:33:37'),(23,'Model','Cassin-Predovic','Sleek Cotton Chair','315','Est assumenda ducimus suscipit nulla omnis cupiditate.','Fugiat molestias ipsum in id temporibus est quia.',NULL,NULL,0,0,'Laudantium iste temporibus id voluptas quo at deserunt.','Libero ut aut doloribus possimus corrupti dolorum.','2017-06-12 20:33:37','2017-06-12 20:33:37'),(24,'Model','Botsford-Gutmann','Small Steel Shoes','316','Maiores et illo deleniti.','Dolorem labore sit eum enim sit nemo sit quod.',NULL,NULL,1,0,'Quis facilis aut enim alias delectus id qui.','Beatae voluptatibus sequi nemo.','2017-06-12 20:33:37','2017-06-12 20:33:37'),(25,'Model','Stiedemann-Bergstrom','Small Steel Hat','317','Temporibus nam eos ratione dignissimos impedit quasi.','Et dolor mollitia omnis aliquam.',NULL,NULL,0,0,'Quis nobis dolore necessitatibus unde.','Ipsa facere eius enim culpa corporis.','2017-06-12 20:33:37','2017-06-12 20:33:37'),(26,'Model','Gislason-Rath','Awesome Granite Gloves','318','Quis ipsam distinctio impedit ipsa.','Fugit dolor recusandae laudantium a commodi soluta dolores.',NULL,NULL,2,0,'Perspiciatis dignissimos vero ducimus officiis similique.','Pariatur officia dolor in voluptatem similique.','2017-06-12 20:33:37','2017-06-12 20:33:37'),(27,'Model','Jenkins-Blick','Rustic Rubber Car','319','Itaque eveniet voluptas porro suscipit et labore.','Iusto nam laborum corporis.',NULL,NULL,3,0,'Occaecati minima dolores perspiciatis quia sint aut tenetur.','Cupiditate omnis exercitationem omnis.','2017-06-12 20:33:37','2017-06-12 20:33:37'),(28,'Model','Green-Hahn','Practical Cotton Hat','320','Blanditiis dolore fuga aut sed.','Ab hic porro sunt labore qui quo a.',NULL,NULL,1,0,'Ut omnis aspernatur qui culpa iste placeat aut et.','Omnis ut quidem sunt maxime vel delectus quo optio.','2017-06-12 20:33:37','2017-06-12 20:33:37'),(29,'Model','Purdy Group','Ergonomic Rubber Pants','321','Harum ratione id numquam eum deleniti.','Dolores impedit laborum deserunt ut.',NULL,NULL,3,0,'Nesciunt possimus sit explicabo.','Autem quia consequatur iusto et commodi.','2017-06-12 20:33:37','2017-06-12 20:33:37'),(30,'Model','Heidenreich Group','Fantastic Rubber Hat','322','Quam hic ut et sequi optio.','Iste rerum qui in nulla excepturi beatae aspernatur.',NULL,NULL,2,0,'Sunt qui a id fuga rem.','Aut sit illo dignissimos nesciunt ratione.','2017-06-12 20:33:37','2017-06-12 20:33:37'),(31,'Model','Feil-Blick','Awesome Rubber Table','323','Quibusdam rem illo sit voluptas sequi corrupti eum.','Quam consequatur occaecati repellendus.',NULL,NULL,1,0,'Nam facilis necessitatibus aperiam et neque consequatur iusto.','Molestiae quia ex ut sit ad dicta.','2017-06-12 20:33:37','2017-06-12 20:33:37'),(32,'Model','Bergstrom, Daniel and Medhurst','Practical Steel Shoes','324','Consequatur autem omnis eum dolorum qui corporis et.','Consequatur laboriosam corrupti mollitia voluptatum.',NULL,NULL,3,0,'Autem facilis doloribus et nostrum quibusdam.','Illum laudantium autem sunt inventore dolorem minima.','2017-06-12 20:33:37','2017-06-12 20:33:37'),(33,'Model','Johnson, Quitzon and Cummerata','Incredible Plastic Computer','325','Accusamus dolorem et dolor quidem consequatur debitis molestias.','Autem praesentium et quo commodi.',NULL,NULL,0,0,'Sunt atque ab sed necessitatibus odio.','Et eaque vel et.','2017-06-12 20:33:37','2017-06-12 20:33:37'),(34,'Model','Pollich-Kuvalis','Gorgeous Wooden Pants','326','Est consequatur culpa quam non eos tempore.','Vitae dignissimos harum sunt enim.',NULL,NULL,3,0,'Error blanditiis et voluptas autem odit qui unde.','Error corporis illo ratione impedit reiciendis qui consequatur esse.','2017-06-12 20:33:37','2017-06-12 20:33:37'),(35,'Model','Shanahan, Jones and Dooley','Rustic Wooden Shoes','327','Beatae ut qui sit.','Voluptas iste asperiores et.',NULL,NULL,2,0,'Repellendus culpa quisquam sed rem odit ipsum nesciunt.','Atque praesentium a tempore.','2017-06-12 20:33:37','2017-06-12 20:33:37'),(36,'Model','Schimmel and Sons','Awesome Steel Chair','328','Laudantium aperiam nemo eos dolorem minus.','Accusamus et doloribus molestiae quidem laboriosam sint veniam eos.',NULL,NULL,1,0,'Sit maiores vitae sint.','Consequatur doloremque odio et et.','2017-06-12 20:33:37','2017-06-12 20:33:37'),(37,'Model','Rutherford and Sons','Awesome Cotton Chair','329','Nemo asperiores omnis velit impedit reiciendis ex doloremque at.','Corporis voluptate labore fugiat nam eos.',NULL,NULL,3,0,'Totam officiis aut necessitatibus.','Ut doloribus ullam quos.','2017-06-12 20:33:37','2017-06-12 20:33:37'),(38,'Model','D\'Amore and Sons','Intelligent Rubber Pants','330','Temporibus consectetur odit quis ipsa totam ad enim.','Temporibus harum perferendis modi libero ducimus debitis.',NULL,NULL,1,0,'Ratione quidem aut sit ea autem et iste.','Sunt quisquam quae maxime aut autem minima.','2017-06-12 20:33:37','2017-06-12 20:33:37'),(39,'Model','Padberg, Wisoky and Pagac','Intelligent Granite Table','331','Eos nisi reprehenderit ut quia consequatur accusantium non maiores.','Hic sed quas eos quis est.',NULL,NULL,0,0,'Recusandae asperiores provident sed autem cumque.','Tempore expedita commodi praesentium amet sint.','2017-06-12 20:33:37','2017-06-12 20:33:37'),(40,'Model','Trantow, Green and Schultz','Practical Plastic Gloves','332','Quae totam velit sed corporis dolorum.','Repudiandae deserunt quis rerum dolores ducimus et.',NULL,NULL,2,0,'Qui ducimus et odio commodi voluptatibus laudantium et rerum.','Excepturi soluta fuga qui molestiae doloremque deleniti dolor dolores.','2017-06-12 20:33:37','2017-06-12 20:33:37'),(41,'Model','Beatty Group','Fantastic Concrete Chair','333','Consequatur et enim adipisci et magni id.','Qui aut tempora velit laboriosam tenetur sed dolor doloribus.',NULL,NULL,2,0,'Quibusdam rerum laudantium repellendus blanditiis.','Occaecati minima eos omnis eum officia.','2017-06-12 20:33:37','2017-06-12 20:33:37'),(42,'Model','Cruickshank Inc','Ergonomic Granite Pants','334','Dolore possimus ut magni.','Numquam et tempora nemo fugit sit animi quo vel.',NULL,NULL,2,0,'Cum corporis voluptas libero animi ullam dolore.','Non quaerat totam qui sint quia eligendi at.','2017-06-12 20:33:37','2017-06-12 20:33:37'),(43,'Model','Lakin Group','Fantastic Concrete Car','335','Fuga architecto excepturi voluptas sit.','Dolor nemo aperiam qui voluptate labore asperiores expedita.',NULL,NULL,0,0,'Dolore quia labore ipsum veniam est natus.','Nisi sunt omnis nam.','2017-06-12 20:33:37','2017-06-12 20:33:37'),(44,'Model','Bernier-Schuppe','Sleek Rubber Car','336','Laboriosam quia in voluptatum provident ad velit non.','Quisquam illum nihil dolorem dolore corporis sunt.',NULL,NULL,2,0,'Voluptatem sapiente reprehenderit hic nostrum similique nemo beatae culpa.','Asperiores et quis eos commodi voluptates a et.','2017-06-12 20:33:37','2017-06-12 20:33:37'),(45,'Model','Kuhic-West','Practical Granite Hat','337','Et laudantium sapiente doloremque ea sed quo.','Quibusdam dicta eum perferendis ex tempore nisi.',NULL,NULL,0,0,'Dolores tempore laboriosam amet adipisci.','Rerum impedit maxime rem non labore.','2017-06-12 20:33:37','2017-06-12 20:33:37'),(46,'Model','Stroman, Waters and Kuhic','Practical Wooden Shirt','338','Autem dolores incidunt molestiae pariatur aut veniam provident delectus.','Sint occaecati natus aliquid incidunt in eum.',NULL,NULL,0,0,'Aspernatur earum dolores repellat ut.','Repudiandae consequatur ut sunt quaerat.','2017-06-12 20:33:37','2017-06-12 20:33:37'),(47,'Model','Grimes-Legros','Ergonomic Wooden Shirt','339','Quidem aut sint hic ea.','Possimus iure ut qui quod repellendus nesciunt.',NULL,NULL,3,0,'Et inventore deserunt rerum qui et.','Nemo qui itaque sed et.','2017-06-12 20:33:37','2017-06-12 20:33:37'),(48,'Model','Kessler, Howell and Balistreri','Sleek Concrete Table','340','Illo consequatur omnis natus exercitationem cupiditate sed quaerat in.','Ad magni sit sit.',NULL,NULL,0,0,'A et numquam architecto atque quia quidem incidunt.','Deserunt illo laudantium distinctio velit quis dolores nihil.','2017-06-12 20:33:37','2017-06-12 20:33:37'),(49,'Model','Rippin-O\'Hara','Intelligent Plastic Pants','341','Ea consequatur velit quidem est fugiat eius nemo aut.','Possimus sed nostrum molestias accusantium.',NULL,NULL,2,0,'Delectus reprehenderit voluptatibus amet quae doloribus alias sit tempora.','Adipisci at ratione veritatis a explicabo.','2017-06-12 20:33:37','2017-06-12 20:33:37'),(50,'Model','Collins LLC','Fantastic Rubber Shirt','342','Ea repudiandae aut rerum reprehenderit voluptas tenetur porro et.','Quos minus nihil suscipit dolorum.',NULL,NULL,2,0,'Saepe perferendis aut et eius odit aperiam rerum beatae.','Voluptatem voluptatem perspiciatis vero delectus provident omnis error.','2017-06-12 20:33:37','2017-06-12 20:33:37'),(51,'Model','Kuhn, Batz and Gleason','Rustic Steel Hat','343','Quae ipsa ducimus omnis cupiditate mollitia modi voluptatum.','Enim voluptatem accusantium impedit aut.',NULL,NULL,0,0,'Voluptatem ut ab hic sint esse eos.','Fuga explicabo in consequatur temporibus facilis.','2017-06-12 20:33:37','2017-06-12 20:33:37'),(52,'Model','Wisozk LLC','Small Granite Gloves','344','Aut mollitia quidem ratione eligendi aliquam esse odio.','Iste atque aut qui quibusdam fugiat.',NULL,NULL,1,0,'Quis rem esse et.','Assumenda animi provident tempore.','2017-06-12 20:33:37','2017-06-12 20:33:37'),(53,'Model','Schaefer and Sons','Intelligent Steel Shirt','345','Nihil quia inventore enim totam corporis omnis voluptatum cum.','Sunt nihil adipisci aspernatur.',NULL,NULL,1,0,'Voluptatem eos consequatur quia omnis.','Voluptate amet consequatur quis voluptatem quia.','2017-06-12 20:33:37','2017-06-12 20:33:37'),(54,'Model','Ryan-Gleason','Incredible Wooden Gloves','346','Qui minima quia esse ipsam sit dolores ut a.','Voluptas id qui ut et.',NULL,NULL,0,0,'Id ut est doloribus.','Ab tenetur quia sapiente.','2017-06-12 20:33:37','2017-06-12 20:33:37'),(55,'Model','Beier, Treutel and Mertz','Fantastic Rubber Table','347','Eaque et possimus inventore velit excepturi ut et.','Qui rerum nisi cumque dolorem.',NULL,NULL,0,0,'Ratione commodi voluptatem aut ipsum blanditiis quis est nihil.','Repellat ut fugit recusandae velit non ut.','2017-06-12 20:33:37','2017-06-12 20:33:37'),(56,'Model','Thompson, Spencer and Haag','Ergonomic Wooden Shoes','348','Pariatur repudiandae voluptatibus eligendi fuga iste.','Consequatur cumque fuga fugit.',NULL,NULL,2,0,'Omnis architecto illo nulla libero optio nobis totam consequatur.','Architecto totam eligendi rem vel.','2017-06-12 20:33:37','2017-06-12 20:33:37'),(57,'Model','Swaniawski, Zboncak and Mayert','Practical Concrete Table','349','Corporis qui laboriosam iure.','Temporibus qui laboriosam suscipit.',NULL,NULL,1,0,'Totam quia deleniti et nisi modi.','Commodi dolorum et voluptas consequatur ut aut quae dolor.','2017-06-12 20:33:37','2017-06-12 20:33:37'),(58,'Model','Roob and Sons','Ergonomic Granite Car','350','Pariatur ex enim voluptatem.','Et aliquid tempora nobis vel dolores.',NULL,NULL,3,0,'Minima aut totam consectetur et nemo qui.','Quis fugiat enim amet quo provident in minus.','2017-06-12 20:33:37','2017-06-12 20:33:37'),(59,'Model','McClure, Sawayn and Hoeger','Awesome Wooden Gloves','351','Laudantium eos neque vero maiores rerum.','Aliquid dolorem vel autem ad.',NULL,NULL,3,0,'Excepturi officiis illo perferendis vitae ducimus.','Error nemo sed sed facilis sint quia ex sint.','2017-06-12 20:33:37','2017-06-12 20:33:37'),(60,'Model','Breitenberg LLC','Sleek Rubber Pants','352','Ad aut quis minima.','Voluptatem amet vel autem labore occaecati.',NULL,NULL,2,0,'Laudantium iusto quis voluptatem atque.','Velit officia qui officiis nihil ea dolores.','2017-06-12 20:33:37','2017-06-12 20:33:37'),(61,'Model','Apple','MacBookPro','353','Laptop fr Studis und Angestellte.','Libero quae mollitia consequatur et nihil et.',NULL,NULL,0,0,'Ut nulla illo et.','Mit Verpackung aushndigen.','2017-06-12 20:33:37','2017-06-12 20:33:37'),(62,'Model','Sharp','Sharp Beamer','123','Beamer, geeignet fr alle Verwendungszwecke.','Tenetur velit architecto dolores dolor eaque.',NULL,NULL,0,0,'Quasi dolorem et fugit qui harum rerum illo sequi.','Beamer brauch ein VGA Kabel!','2017-06-12 20:33:37','2017-06-12 20:33:37'),(63,'Model','Sharp','Sharp Beamer 2D','354','Beamer, geeignet fr alle Verwendungszwecke.','Consequatur quia eius alias cumque quae.',NULL,NULL,0,0,'Voluptas aut accusantium quas hic omnis aut ipsa cum.','Asperiores laborum assumenda sint.','2017-06-12 20:33:37','2017-06-12 20:33:37'),(64,'Model','Panasonic','Mini Beamer','355','Beamer, geeignet fr alle Verwendungszwecke.','Perspiciatis ut esse minus consectetur.',NULL,NULL,0,0,'Consequatur nam nesciunt exercitationem.','Et reiciendis eum est sed ducimus voluptas accusantium nulla.','2017-06-12 20:33:37','2017-06-12 20:33:37'),(65,'Model','Sharp','Sharp Beamer','456','Beamer, geeignet fr alle Verwendungszwecke.','Voluptatem dolorem omnis pariatur sit asperiores est.',NULL,NULL,0,0,'Iusto cum nihil nihil.','Beamer brauch ein VGA Kabel!','2017-06-12 20:33:37','2017-06-12 20:33:37'),(66,'Model','Sony','Ultra Compact Beamer','356','Besonders kleiner Beamer.','Ad praesentium sunt numquam quo.',NULL,NULL,0,0,'Voluptatibus corporis omnis quae aliquid nihil reprehenderit iste quis.','Beamer brauch ein VGA Kabel!','2017-06-12 20:33:37','2017-06-12 20:33:37'),(67,'Model','Micro','Micro Beamer','357','Besonders mikro kleiner Beamer.','Illo molestiae soluta dicta.',NULL,NULL,0,0,'A sed et sed commodi ducimus beatae nemo.','Beamer brauch ein VGA Kabel!','2017-06-12 20:33:37','2017-06-12 20:33:37'),(68,'Model','Sony','Beamer 1 occaecati','358','Aspernatur accusamus nobis dolore earum.','Quod corporis sit a esse.',NULL,NULL,0,0,'Reprehenderit enim odit quo voluptas.','Beamer brauch ein VGA Kabel!','2017-06-12 20:33:37','2017-06-12 20:33:37'),(69,'Model','Sony','Beamer 2 et','359','Sed sit necessitatibus eligendi pariatur illo hic doloribus.','Necessitatibus aperiam in id doloribus id eos pariatur possimus.',NULL,NULL,0,0,'Nostrum ut vero laboriosam ullam rerum.','Beamer brauch ein VGA Kabel!','2017-06-12 20:33:37','2017-06-12 20:33:37'),(70,'Model','Sony','Beamer 3 omnis','360','Eum vel nihil est enim aut officia assumenda aliquam.','Et quam repellat sed voluptas voluptas.',NULL,NULL,0,0,'Repellendus quasi impedit illum sit minus qui.','Beamer brauch ein VGA Kabel!','2017-06-12 20:33:37','2017-06-12 20:33:37'),(71,'Model','Sony','Beamer 4 corporis','361','Culpa rerum quas suscipit dolores velit in vel adipisci.','Expedita sapiente ut omnis recusandae mollitia qui neque facilis.',NULL,NULL,0,0,'Et ullam excepturi magni recusandae fugiat eos saepe.','Beamer brauch ein VGA Kabel!','2017-06-12 20:33:37','2017-06-12 20:33:37'),(72,'Model','Sony','Beamer 5 consequatur','362','Cupiditate explicabo et aliquam.','Unde quod nihil optio molestiae ut quas.',NULL,NULL,0,0,'Omnis minima veniam rerum facilis officiis.','Beamer brauch ein VGA Kabel!','2017-06-12 20:33:37','2017-06-12 20:33:37'),(73,'Model','Sony','Beamer 6 eum','363','Quaerat consectetur ut id corporis a eum.','Asperiores id ut aut nisi voluptatem eum ab.',NULL,NULL,0,0,'Error quo voluptatem aut nihil odio earum quos necessitatibus.','Beamer brauch ein VGA Kabel!','2017-06-12 20:33:37','2017-06-12 20:33:37'),(74,'Model','Sony','Beamer 7 molestiae','364','Laborum nihil non architecto pariatur ipsam.','Ut placeat dolorem voluptate libero at sed quia.',NULL,NULL,0,0,'Eos et qui corrupti ipsa aut ut.','Beamer brauch ein VGA Kabel!','2017-06-12 20:33:37','2017-06-12 20:33:37'),(75,'Model','Sony','Beamer 8 blanditiis','365','Consequuntur est quia deleniti.','Cupiditate cumque commodi sint ut quis voluptatem inventore veritatis.',NULL,NULL,0,0,'Accusantium maxime vitae provident.','Beamer brauch ein VGA Kabel!','2017-06-12 20:33:37','2017-06-12 20:33:37'),(76,'Model','Sony','Beamer 9 consequatur','366','Et dicta non sed consequatur ut velit eos dolorem.','Ut est adipisci quis provident iste ut et itaque.',NULL,NULL,0,0,'Sint eum quam ipsam est.','Beamer brauch ein VGA Kabel!','2017-06-12 20:33:37','2017-06-12 20:33:37'),(77,'Model','Sony','Beamer 10 aut','367','Debitis quisquam magni nisi natus adipisci quia quis voluptatem.','Veritatis quos nihil vero maxime.',NULL,NULL,0,0,'Quam veniam dignissimos eos nobis.','Beamer brauch ein VGA Kabel!','2017-06-12 20:33:37','2017-06-12 20:33:37'),(78,'Model','Sony','Beamer 11 rem','368','Consequatur qui quos excepturi temporibus aut alias asperiores earum.','Qui sed ut dolor sed.',NULL,NULL,0,0,'Voluptatem repudiandae porro nostrum.','Beamer brauch ein VGA Kabel!','2017-06-12 20:33:37','2017-06-12 20:33:37'),(79,'Model','Sony','Beamer 12 culpa','369','Autem odio fuga a quia et unde consequuntur magnam.','Amet voluptate beatae cupiditate sed quo.',NULL,NULL,0,0,'Ut iusto ratione et eveniet pariatur aut tenetur.','Beamer brauch ein VGA Kabel!','2017-06-12 20:33:37','2017-06-12 20:33:37'),(80,'Model','Sony','Beamer 13 maiores','370','Nostrum sit provident qui ipsum natus quas sequi aut.','Non minima voluptatem aliquam voluptate et est dignissimos fugiat.',NULL,NULL,0,0,'Quaerat excepturi exercitationem dolor nihil inventore cupiditate consequatur quod.','Beamer brauch ein VGA Kabel!','2017-06-12 20:33:37','2017-06-12 20:33:37'),(81,'Model','Sony','Beamer 14 hic','371','Veritatis sed enim quam inventore temporibus earum.','Ipsum optio in totam.',NULL,NULL,0,0,'Amet aut aliquam omnis maxime similique nostrum.','Beamer brauch ein VGA Kabel!','2017-06-12 20:33:37','2017-06-12 20:33:37'),(82,'Model','Sony','Beamer 15 repellendus','372','Suscipit excepturi laboriosam autem beatae omnis labore corrupti.','Sequi voluptate est sed adipisci neque quia.',NULL,NULL,0,0,'Suscipit quis qui minima quis eos atque.','Beamer brauch ein VGA Kabel!','2017-06-12 20:33:37','2017-06-12 20:33:37'),(83,'Model','Sony','Beamer 16 consequatur','373','Mollitia ab quia voluptate nesciunt in.','Iusto omnis voluptas deserunt.',NULL,NULL,0,0,'Qui adipisci non esse.','Beamer brauch ein VGA Kabel!','2017-06-12 20:33:37','2017-06-12 20:33:37'),(84,'Model','Sony','Beamer 17 perferendis','374','Autem non ducimus quo.','Tempore aspernatur id odit est dolores debitis.',NULL,NULL,0,0,'Voluptates necessitatibus veritatis aut suscipit voluptas.','Beamer brauch ein VGA Kabel!','2017-06-12 20:33:37','2017-06-12 20:33:37'),(85,'Model','Sony','Beamer 18 veritatis','375','Autem atque exercitationem unde ipsum.','Numquam similique reprehenderit fugiat in est quis.',NULL,NULL,0,0,'Minima tempora et voluptatem ea et temporibus non.','Beamer brauch ein VGA Kabel!','2017-06-12 20:33:37','2017-06-12 20:33:37'),(86,'Model','Sony','Beamer 19 ipsa','376','Nemo ea commodi at omnis.','Blanditiis reiciendis velit aspernatur non et qui minus.',NULL,NULL,0,0,'Exercitationem inventore quos aspernatur.','Beamer brauch ein VGA Kabel!','2017-06-12 20:33:37','2017-06-12 20:33:37'),(87,'Model','Sony','Beamer 20 fuga','377','Asperiores odit error aperiam id magni.','Unde enim et debitis adipisci animi itaque.',NULL,NULL,0,0,'Quia quae non est inventore rerum.','Beamer brauch ein VGA Kabel!','2017-06-12 20:33:37','2017-06-12 20:33:37'),(88,'Model','Nikon','Kamera Nikon','X12','Super Kamera.','Qui est error eos quia quibusdam laborum.',NULL,NULL,0,0,'Eos laboriosam fugit velit veniam aperiam nisi omnis fuga.','Kamera brauch Akkus!','2017-06-12 20:33:37','2017-06-12 20:33:37'),(89,'Model','Nikon','Camera 1 autem','378','Odit sit natus asperiores alias accusamus et.','Quisquam veniam qui autem qui quos dolores officia maiores.',NULL,NULL,0,0,'Et quaerat magnam hic quas accusantium quia.','Voluptas voluptatem rerum exercitationem.','2017-06-12 20:33:37','2017-06-12 20:33:37'),(90,'Model','Nikon','Camera 2 repellat','379','Optio pariatur sed suscipit tempore non officiis quae.','Et molestias perspiciatis quis occaecati.',NULL,NULL,0,0,'Minus aperiam explicabo inventore id.','Velit nulla est explicabo in voluptas quis.','2017-06-12 20:33:37','2017-06-12 20:33:37'),(91,'Model','Nikon','Camera 3 esse','380','Ex explicabo ab ratione odio.','Quia modi iusto illo totam aliquam blanditiis optio.',NULL,NULL,0,0,'In odit sed veniam fuga distinctio.','Quam molestiae temporibus omnis itaque rerum.','2017-06-12 20:33:37','2017-06-12 20:33:37'),(92,'Model','Nikon','Camera 4 ullam','381','Vel deserunt nobis ipsam id quis.','Id explicabo et molestiae rerum praesentium quaerat optio velit.',NULL,NULL,0,0,'Aut ipsa earum repellendus sit rerum.','Laboriosam eaque quas aut autem.','2017-06-12 20:33:37','2017-06-12 20:33:37'),(93,'Model','Nikon','Camera 5 nobis','382','Enim ipsum sint enim quia ducimus.','Sequi adipisci debitis iste quibusdam occaecati et.',NULL,NULL,0,0,'Expedita praesentium pariatur iure id perferendis.','Nihil est facilis in distinctio dolores.','2017-06-12 20:33:37','2017-06-12 20:33:37'),(94,'Model','Nikon','Camera 6 quia','383','Ex est ipsa aspernatur dolore placeat perspiciatis.','Repellendus id harum facilis sit.',NULL,NULL,0,0,'Debitis ducimus nihil qui dolor est expedita aut est.','Laborum suscipit quis et ipsum omnis dolorem.','2017-06-12 20:33:37','2017-06-12 20:33:37'),(95,'Model','Nikon','Camera 7 quis','384','Autem hic exercitationem ipsam sed vitae.','Consequatur voluptatem sint et eaque facilis.',NULL,NULL,0,0,'Quaerat nostrum ut voluptas nihil.','Voluptatum fugiat id ad consequatur.','2017-06-12 20:33:37','2017-06-12 20:33:37'),(96,'Model','Nikon','Camera 8 iste','385','Ut aut earum labore voluptatem officiis.','Molestiae aperiam et ipsam rerum cumque molestiae consequatur quia.',NULL,NULL,0,0,'Sequi minus iusto esse molestiae.','Et non sint reiciendis officia ab nulla.','2017-06-12 20:33:37','2017-06-12 20:33:37'),(97,'Model','Nikon','Camera 9 cupiditate','386','Veritatis aliquid fugiat sunt.','Laborum quis sed ipsam autem perferendis quisquam aut.',NULL,NULL,0,0,'Porro sunt ab harum deserunt sequi necessitatibus.','Quia est aut velit doloribus doloremque at.','2017-06-12 20:33:37','2017-06-12 20:33:37'),(98,'Model','Nikon','Camera 10 alias','387','Qui aut soluta repellat ut.','Aperiam quia eius quod.',NULL,NULL,0,0,'Expedita adipisci alias est consequatur ea.','Dolore voluptatem dolorem est quo dolorem quia.','2017-06-12 20:33:37','2017-06-12 20:33:37'),(99,'Model','Nikon','Camera 11 aut','388','Aperiam dicta laboriosam dolor qui.','Architecto voluptas aut rem totam tempore aut.',NULL,NULL,0,0,'Est aut sint sapiente sed provident omnis et asperiores.','Quaerat magni et beatae quae quod at enim.','2017-06-12 20:33:37','2017-06-12 20:33:37'),(100,'Model','Nikon','Camera 12 assumenda','389','Laborum eius illo magnam laboriosam aut non.','Aut ea consequatur ex ut nihil minus.',NULL,NULL,0,0,'Ut quasi assumenda ut dolores numquam.','Voluptatem aut qui dolorum quia quos sed mollitia.','2017-06-12 20:33:37','2017-06-12 20:33:37'),(101,'Model','Nikon','Camera 13 exercitationem','390','Quisquam animi libero sapiente amet officia omnis pariatur eos.','Fugiat quis maiores asperiores numquam quam sed.',NULL,NULL,0,0,'Sunt id deserunt adipisci.','Consequatur aut molestias voluptas voluptatem.','2017-06-12 20:33:37','2017-06-12 20:33:37'),(102,'Model','Nikon','Camera 14 ipsam','391','Nesciunt architecto doloremque rerum cumque doloribus aut.','Voluptas quia eum harum.',NULL,NULL,0,0,'Qui exercitationem voluptatum magni placeat ad sit.','Labore rem odio reprehenderit aut provident.','2017-06-12 20:33:37','2017-06-12 20:33:37'),(103,'Model','Nikon','Camera 15 et','392','Et possimus eius sit minus voluptatem voluptas.','Dicta asperiores veritatis ipsam.',NULL,NULL,0,0,'Et voluptas nemo temporibus sit.','Esse dignissimos quos ut pariatur aut beatae inventore ea.','2017-06-12 20:33:37','2017-06-12 20:33:37'),(104,'Model','Nikon','Camera 16 corrupti','393','A nostrum qui vitae totam.','Repellendus sint facere qui.',NULL,NULL,0,0,'Dicta illum est harum amet et est et ut.','Consequatur perferendis commodi cumque.','2017-06-12 20:33:37','2017-06-12 20:33:37'),(105,'Model','Nikon','Camera 17 assumenda','394','Nesciunt non nihil assumenda.','Adipisci provident aperiam quasi sunt.',NULL,NULL,0,0,'Nam commodi minus blanditiis odio est ipsa et doloribus.','Maxime fugit autem aliquam quos laudantium qui dignissimos.','2017-06-12 20:33:37','2017-06-12 20:33:37'),(106,'Model','Nikon','Camera 18 et','395','Mollitia et voluptatem nihil suscipit.','Ipsum hic facilis sed illum dolor.',NULL,NULL,0,0,'Fugit quia odio aliquam ipsam.','Rerum odit voluptatem quis adipisci ex iure.','2017-06-12 20:33:37','2017-06-12 20:33:37'),(107,'Model','Nikon','Camera 19 sed','396','Sint voluptas quia minima.','Architecto pariatur facere aut.',NULL,NULL,0,0,'Deserunt id voluptate unde ea a voluptas assumenda dolores.','Consequatur velit rerum quisquam in.','2017-06-12 20:33:37','2017-06-12 20:33:37'),(108,'Model','Nikon','Camera 20 commodi','397','Voluptatem enim voluptas eum.','Totam necessitatibus rerum laudantium corrupti qui dolore.',NULL,NULL,0,0,'Neque quia dolores molestiae rem fugit veniam temporibus.','Quia velit fuga asperiores sunt nam quibusdam.','2017-06-12 20:33:37','2017-06-12 20:33:37'),(109,'Model','Nikon','Camera 21 voluptatibus','398','Est suscipit quasi sequi atque beatae voluptatem consequuntur qui.','Praesentium non sit impedit nisi.',NULL,NULL,0,0,'Aut culpa et id rerum quasi quaerat.','Necessitatibus cum aut consequatur animi quis voluptates pariatur illo.','2017-06-12 20:33:37','2017-06-12 20:33:37'),(110,'Model','Nikon','Camera 22 ea','399','Minus odit sequi nihil nihil vero neque sunt.','Delectus fugit et accusamus laboriosam ea quis sit perspiciatis.',NULL,NULL,0,0,'Odio sed neque aut.','Et dolorem molestiae atque consequatur qui sapiente optio.','2017-06-12 20:33:37','2017-06-12 20:33:37'),(111,'Model','Nikon','Camera 23 ut','400','Incidunt perspiciatis et accusantium officiis eos vel quibusdam voluptate.','Laborum dolorem eos sequi autem at saepe.',NULL,NULL,0,0,'Amet quia omnis voluptates eos suscipit.','Sint explicabo porro et repellendus dolor reiciendis deleniti quos.','2017-06-12 20:33:37','2017-06-12 20:33:37'),(112,'Model','Nikon','Camera 24 ducimus','401','Necessitatibus nesciunt sit eum.','Laboriosam autem veniam necessitatibus voluptates ut ipsum minus.',NULL,NULL,0,0,'Pariatur nostrum sequi corrupti voluptas.','Dolores pariatur quos iure ut.','2017-06-12 20:33:37','2017-06-12 20:33:37'),(113,'Model','Nikon','Camera 25 aperiam','402','Blanditiis omnis eum error ut voluptatem aut.','Voluptas voluptatem consequuntur sunt autem.',NULL,NULL,0,0,'Facilis magnam soluta accusantium omnis rerum dicta harum.','Commodi provident eum nemo.','2017-06-12 20:33:37','2017-06-12 20:33:37'),(114,'Model','Nikon','Camera 26 tempore','403','Libero labore optio ducimus in.','Vero earum pariatur iure voluptatum doloremque unde.',NULL,NULL,0,0,'Rerum et quae sed.','Quaerat nulla tempora et dignissimos minima at qui eos.','2017-06-12 20:33:37','2017-06-12 20:33:37'),(115,'Model','Nikon','Camera 27 voluptates','404','Dolor ullam aut iste earum.','Voluptatem quo atque qui eaque nam rerum exercitationem saepe.',NULL,NULL,0,0,'Soluta reprehenderit perferendis doloremque.','Molestiae in saepe necessitatibus reiciendis eum quisquam consectetur facilis.','2017-06-12 20:33:37','2017-06-12 20:33:37'),(116,'Model','Nikon','Camera 28 repellendus','405','Doloremque laborum quas autem laboriosam adipisci recusandae.','Ipsa laboriosam amet nihil voluptatum aliquam.',NULL,NULL,0,0,'Sed possimus ut officia est repellat architecto fuga.','Qui magnam maxime nobis.','2017-06-12 20:33:37','2017-06-12 20:33:37'),(117,'Model','Nikon','Camera 29 provident','406','Tenetur maiores non libero labore optio laboriosam.','Amet aut dolorem perferendis commodi sequi perspiciatis.',NULL,NULL,0,0,'Debitis sint facilis corporis.','Error ut fugiat soluta in ut vero iusto sint.','2017-06-12 20:33:37','2017-06-12 20:33:37'),(118,'Model','Nikon','Camera 30 nihil','407','Cupiditate non unde ipsum perferendis sed voluptate veritatis quis.','Aut dolores culpa voluptatem dolorum consequatur ut ipsa.',NULL,NULL,0,0,'Praesentium maiores aperiam molestias eos nihil quia.','Dolores eius temporibus repellendus laborum enim sed deserunt repellat.','2017-06-12 20:33:37','2017-06-12 20:33:37'),(119,'Model','Sony','Hifi Standard','408','Deserunt neque consequuntur qui enim.','Impedit est corrupti officiis beatae quia.',NULL,NULL,1,0,'Molestias sint ab deserunt dignissimos natus qui.','Ex numquam officiis reiciendis et adipisci temporibus itaque animi.','2017-06-12 20:33:37','2017-06-12 20:33:37'),(120,'Model','Feli','Kamera Stativ','123','Stabiles Kamera Stativ','Officiis consequatur repellat ad.',NULL,NULL,0,0,'Odio asperiores quia omnis corporis qui enim.','Stativ muss mit Stativtasche ausgehndigt werden.','2017-06-12 20:33:37','2017-06-12 20:33:37'),(121,'Model','Bose','BoseGorgeous Rubber Computer','409','Voluptas quisquam sint maiores. Ab doloremque veritatis. Voluptas doloremque dolorum illo consectetur. Aperiam possimus fuga veritatis ipsa ipsum ut dolor.','Laudantium nihil facilis in.',NULL,NULL,0,0,'Delectus accusamus exercitationem est consequatur et voluptatem alias.','Architecto est voluptatum libero qui possimus consequatur quis.','2017-06-12 20:33:37','2017-06-12 20:33:37'),(122,'Model','Bose','BoseSleek Plastic Car','410','Magni nam sit maiores delectus eligendi. Consectetur ipsa est dolorum voluptates enim qui. Odit rerum beatae. Natus ut unde alias.','Ut sapiente est est et.',NULL,NULL,0,0,'Omnis sed id voluptatem dolorem tempore voluptatem dolore qui.','Eveniet quis quos quibusdam neque sed id quis est.','2017-06-12 20:33:37','2017-06-12 20:33:37'),(123,'Model','Grimes, Stoltenberg and Cronin','Kamera Set','414','Nulla doloremque dolorum cupiditate.','Impedit occaecati ea recusandae excepturi tempore earum ducimus.',NULL,NULL,2,1,'Aut nulla id impedit sed.','Voluptas voluptatem odit explicabo quia.','2017-06-12 20:33:37','2017-06-12 20:33:37'),(124,'Model','Hansen, Hartmann and Metz','Intelligent Concrete Shoes','415','Quia praesentium aut unde molestiae cumque natus.','Corrupti quibusdam excepturi exercitationem et hic atque illo.',NULL,NULL,2,0,'Sunt repellendus est et et ut.','Et ut quo ipsa aut mollitia.','2017-06-12 20:33:37','2017-06-12 20:33:37'),(125,'Model','Pollich, Schultz and Hessel','Ergonomic Plastic Gloves','416','Nihil totam aut accusamus.','Vel voluptatibus aut eos nobis qui quia eos non.',NULL,NULL,3,0,'Nemo voluptas sint quaerat rerum ut sapiente corporis odio.','Repudiandae id et impedit cupiditate debitis explicabo qui.','2017-06-12 20:33:37','2017-06-12 20:33:37'),(126,'Model','Kassulke-Prohaska','Ergonomic Rubber Gloves','417','Dignissimos vitae quidem non natus ducimus consequuntur.','Velit quo aut magni.',NULL,NULL,0,0,'Quia sit mollitia omnis fuga.','Aperiam maiores vitae odio molestias necessitatibus.','2017-06-12 20:33:37','2017-06-12 20:33:37'),(127,'Model','Mayer, Spinka and Kilback','Fantastic Plastic Shirt','418','Nisi et repudiandae necessitatibus magni libero impedit repellat animi.','Nobis sapiente porro pariatur ducimus nesciunt officiis voluptatibus.',NULL,NULL,0,0,'Voluptatem omnis dignissimos et voluptas aperiam.','Eum est non quibusdam quam sit.','2017-06-12 20:33:37','2017-06-12 20:33:37'),(128,'Model','Runolfsdottir Inc','Intelligent Wooden Shirt','419','Nobis adipisci cupiditate explicabo qui.','Facilis et voluptatem occaecati provident.',NULL,NULL,3,0,'Rem dicta saepe aliquam animi expedita sed.','Rerum aut voluptates officiis.','2017-06-12 20:33:37','2017-06-12 20:33:37'),(129,'Model','Kohler, Kuhn and Gulgowski','Practical Steel Gloves','420','Dolorem velit praesentium dolor illum quis similique quas.','Labore similique vitae cumque.',NULL,NULL,2,0,'Quis tenetur illum sit omnis molestiae.','Vel veritatis eum beatae nihil eum quo.','2017-06-12 20:33:37','2017-06-12 20:33:37'),(130,'Model','Mraz, Walter and Wiegand','Sleek Rubber Shirt','421','Facere veritatis voluptatem et fuga est illum velit odio.','Voluptas quo nihil quia laudantium esse alias officiis quas.',NULL,NULL,3,0,'Modi et optio fugiat enim facilis.','Quidem qui quis illo recusandae.','2017-06-12 20:33:37','2017-06-12 20:33:37'),(131,'Model','Cummerata Inc','Rustic Rubber Hat','422','Magni aut aspernatur rem necessitatibus laborum.','Cupiditate sed expedita aut eveniet quia quo.',NULL,NULL,2,0,'Impedit modi magni vero nihil quis odio dolor.','Et consequatur doloribus molestiae dolor in velit culpa.','2017-06-12 20:33:37','2017-06-12 20:33:37'),(132,'Model','McLaughlin, Reinger and Lakin','Rustic Wooden Chair','423','Consequatur dignissimos dolor officiis repellat aut ut distinctio necessitatibus.','In ipsa reprehenderit natus molestiae velit aut ipsum dolore.',NULL,NULL,3,0,'Dolorem reprehenderit eveniet eos commodi non.','Placeat rem itaque aut et aspernatur quibusdam illum quia.','2017-06-12 20:33:37','2017-06-12 20:33:37'),(133,'Model','Fisher LLC','Intelligent Wooden Computer','424','Quasi voluptatem rerum totam sed inventore qui ex aspernatur.','Eius vero consequuntur ad qui earum corrupti voluptate.',NULL,NULL,3,0,'Ut repellat impedit consequuntur et occaecati.','Voluptatem quam natus magni quod illum.','2017-06-12 20:33:37','2017-06-12 20:33:37'),(134,'Model','Harber and Sons','Awesome Cotton Table','425','Quia aliquam fugiat nihil ea.','Quisquam minima animi amet magnam nam harum.',NULL,NULL,0,0,'Et amet et quibusdam.','Quasi numquam odio exercitationem facilis.','2017-06-12 20:33:37','2017-06-12 20:33:37'),(135,'Model','Mertz-Jerde','Ergonomic Rubber Shirt','426','Voluptatum omnis fuga adipisci odit praesentium.','Quo temporibus ipsam nemo id aut.',NULL,NULL,2,0,'Non aliquam perspiciatis rerum id et nostrum magnam omnis.','Iusto ut ex debitis quasi illum voluptas quia.','2017-06-12 20:33:37','2017-06-12 20:33:37'),(136,'Model','Grimes-Feest','Kamera Set2','427','Et ad voluptatem minus.','Consequatur est eos sed.',NULL,NULL,2,1,'Et qui occaecati adipisci itaque sit dolorem rerum.','Inventore et nihil ut.','2017-06-12 20:33:37','2017-06-12 20:33:37'),(137,'Model','Green, Gutmann and Jacobson','Ergonomic Wooden Pants','428','Qui et inventore odit expedita.','Aut qui minus nam.',NULL,NULL,0,0,'Maxime aut at esse et ut consequatur.','Ut sapiente saepe distinctio et esse ut.','2017-06-12 20:33:37','2017-06-12 20:33:37'),(138,'Model','Heaney LLC','Practical Cotton Shoes','429','Aut ipsam veritatis ullam.','Eos velit delectus asperiores iusto odio eum id harum.',NULL,NULL,0,0,'Dolorem adipisci ratione et est quas minus quod.','Alias necessitatibus voluptatem esse error quaerat tempora.','2017-06-12 20:33:37','2017-06-12 20:33:37'),(139,'Model','Larkin, Davis and Hodkiewicz','Rustic Rubber Shirt','430','Repellat cupiditate ratione hic et ex dolorum fugiat.','Quia sit voluptatibus asperiores animi magnam illum.',NULL,NULL,1,0,'Voluptates hic molestiae sit ut voluptatibus aperiam voluptate.','Quia quis perferendis sint doloribus.','2017-06-12 20:33:37','2017-06-12 20:33:37'),(140,'Model','Koch, Labadie and Daugherty','Awesome Rubber Pants','431','Vero eum molestias quia nihil nam nemo illo.','Reiciendis qui quae ea mollitia omnis repellat et ex.',NULL,NULL,0,0,'Neque iusto sed repellendus.','Optio dolore voluptatem ratione est.','2017-06-12 20:33:37','2017-06-12 20:33:37'),(141,'Model','Aufderhar-Hane','Awesome Plastic Shoes','432','Quasi est qui sint quos.','Eveniet quos enim mollitia illum qui saepe.',NULL,NULL,1,0,'Aut eligendi totam accusamus consequatur aliquam.','Quia ullam at blanditiis et repudiandae perferendis.','2017-06-12 20:33:37','2017-06-12 20:33:37'),(142,'Model','Luettgen-Hegmann','Awesome Wooden Computer','433','Veritatis vitae explicabo sit ea illo animi.','Perferendis qui vero dolorem doloremque fugit cupiditate.',NULL,NULL,0,0,'Ab officiis ut non veniam ut laboriosam iure eaque.','Voluptatem magnam sed pariatur quia.','2017-06-12 20:33:37','2017-06-12 20:33:37'),(143,'Model','Kuhn-Purdy','Rustic Plastic Hat','434','Aut mollitia magnam veniam maxime sapiente dolorem odit distinctio.','Modi et ipsam et culpa est.',NULL,NULL,3,0,'Perferendis fugiat et nulla voluptate sint et totam eaque.','Delectus cumque perferendis quia reiciendis veniam aspernatur.','2017-06-12 20:33:37','2017-06-12 20:33:37'),(144,'Model','Prohaska Group','Fantastic Plastic Pants','435','Aspernatur atque voluptatem error explicabo.','Ipsam quasi quia eligendi neque minus exercitationem consequatur.',NULL,NULL,3,0,'Quod dolorum in provident dicta.','Eum dicta qui velit repudiandae commodi a laboriosam quibusdam.','2017-06-12 20:33:37','2017-06-12 20:33:37'),(145,'Model','Prohaska, O\'Hara and Rodriguez','Sleek Plastic Gloves','436','Voluptas aliquam ut non quo numquam quidem.','Ullam quibusdam est et.',NULL,NULL,3,0,'Ipsam ea dolorem ducimus.','Autem quibusdam ut et sint reiciendis maxime sit dolores.','2017-06-12 20:33:37','2017-06-12 20:33:37'),(146,'Model','Hyatt-Koepp','Ergonomic Concrete Computer','437','Suscipit nemo eligendi perferendis qui doloribus.','Laudantium eius praesentium quia distinctio impedit cumque quia nam.',NULL,NULL,0,0,'Molestiae assumenda sed dolores esse.','Dolor atque repudiandae praesentium enim quaerat provident sed.','2017-06-12 20:33:37','2017-06-12 20:33:37'),(147,'Model','Towne, Lesch and Torp','Gorgeous Rubber Pants','438','Libero error qui perferendis dolorum in modi.','Soluta aut sunt omnis sit earum aliquid non.',NULL,NULL,2,0,'Qui in totam quod.','Et qui optio quisquam repudiandae.','2017-06-12 20:33:37','2017-06-12 20:33:37'),(148,'Model','Padberg, Block and Kertzmann','Gorgeous Plastic Shirt','439','Cumque recusandae voluptate delectus aut omnis.','Non distinctio consectetur reiciendis hic voluptates earum.',NULL,NULL,0,0,'Et totam ut molestiae labore debitis aut aliquam alias.','Expedita ducimus non culpa necessitatibus quaerat voluptatum.','2017-06-12 20:33:37','2017-06-12 20:33:37'),(149,'Model','Weber-Heller','Rustic Plastic Shoes','440','Atque vitae ab ducimus et natus eaque.','Eum est delectus neque.',NULL,NULL,1,0,'Tempora in et nihil beatae consequatur magnam.','Similique voluptatibus molestias modi rerum et.','2017-06-12 20:33:37','2017-06-12 20:33:37'),(150,'Model','Conroy-Funk','Sleek Granite Hat','441','Eum ea sequi aut quasi nulla itaque sed nihil.','Quis laborum voluptates asperiores et autem qui.',NULL,NULL,1,0,'Consequatur sapiente veniam ipsa voluptas provident quia non qui.','Quia earum molestiae error distinctio totam est velit nobis.','2017-06-12 20:33:37','2017-06-12 20:33:37'),(151,'Model','King and Sons','Incredible Rubber Gloves','442','Harum illum suscipit dolor.','Vel odit perspiciatis hic quia neque non occaecati.',NULL,NULL,2,0,'Autem reprehenderit blanditiis ab veritatis qui.','Numquam vel est quidem qui sint explicabo architecto et.','2017-06-12 20:33:37','2017-06-12 20:33:37'),(152,'Model','Collins LLC','Incredible Rubber Shoes','443','Dolorem dolores ducimus est nesciunt ratione repellat magnam ut.','Ipsa mollitia consequatur odio optio ut excepturi dignissimos.',NULL,NULL,0,0,'Voluptatum maiores odio sint.','Beatae aspernatur sit et.','2017-06-12 20:33:37','2017-06-12 20:33:37'),(153,'Model','Canon','Kamera Canon D5','444','Ganz teure Kamera','Neque est consequatur officiis sit debitis consequatur.',NULL,NULL,0,0,'Id omnis eum rerum.','Kamera brauch Akkus!','2017-06-12 20:33:37','2017-06-12 20:33:37'),(154,'Model','Apple','iMac','445','Apples alter iMac','Delectus provident natus quia est sunt expedita quos harum.',NULL,NULL,0,0,'Id quas enim quos ad.','Aut at in beatae provident sint aut.','2017-06-12 20:33:37','2017-06-12 20:33:37'),(155,'Model','Microsoft','Windows Laptop','446','Ein Laptop der Marke Microsoft','Doloribus recusandae explicabo fuga sint architecto.',NULL,NULL,0,0,'Aliquid nostrum id voluptatibus.','Laptop mit Tasche ausgeben','2017-06-12 20:33:37','2017-06-12 20:33:37'),(156,'Model','Walkera','Walkera v120','1G','3D Helikopter','Atque aspernatur sed voluptas fugiat sunt impedit aliquam exercitationem.',NULL,NULL,0,0,'Autem et nisi vitae accusamus.','Aut consequuntur porro a mollitia nihil eveniet quia.','2017-06-12 20:33:37','2017-06-12 20:33:37'),(157,'Model','Walkera','Walkera v120','2G','3D Helikopter','Magnam dolores quo sint ut inventore et amet consectetur.',NULL,NULL,0,0,'At dicta minima quas qui corporis.','Architecto earum tempore aliquam.','2017-06-12 20:33:37','2017-06-12 20:33:37'),(158,'Model','Walkera','Walkera v120','3G','3D Helikopter','Delectus itaque illo autem omnis non quos harum.',NULL,NULL,0,0,'Fugit alias placeat autem quod velit rem sed est.','Quisquam odit quasi voluptatem asperiores reprehenderit quo.','2017-06-12 20:33:37','2017-06-12 20:33:37'),(159,'Software','Langworth, Kautzer and Lemke','Small Concrete Computer','447',NULL,NULL,NULL,NULL,0,0,NULL,NULL,'2017-06-12 20:33:37','2017-06-12 20:33:37'),(160,'Software','Hilpert-Zieme','Rustic Steel Shoes','448',NULL,NULL,NULL,NULL,0,0,NULL,NULL,'2017-06-12 20:33:37','2017-06-12 20:33:37'),(161,'Software','Hoeger-O\'Keefe','Rustic Wooden Hat','449',NULL,NULL,NULL,NULL,0,0,NULL,NULL,'2017-06-12 20:33:37','2017-06-12 20:33:37'),(162,'Software','Connelly-Labadie','Fantastic Cotton Shoes','450',NULL,NULL,NULL,NULL,0,0,NULL,NULL,'2017-06-12 20:33:37','2017-06-12 20:33:37'),(163,'Software','Bednar, Mosciski and Bogan','Fantastic Wooden Chair','451',NULL,NULL,NULL,NULL,0,0,NULL,NULL,'2017-06-12 20:33:37','2017-06-12 20:33:37'),(164,'Software','Auer, Hettinger and Hane','Gorgeous Plastic Shoes','452',NULL,NULL,NULL,NULL,0,0,NULL,NULL,'2017-06-12 20:33:37','2017-06-12 20:33:37'),(165,'Software','Schroeder Group','Ergonomic Steel Shoes','453',NULL,NULL,NULL,NULL,0,0,NULL,NULL,'2017-06-12 20:33:37','2017-06-12 20:33:37'),(166,'Software','Bins Group','Rustic Steel Shirt','454',NULL,NULL,NULL,NULL,0,0,NULL,NULL,'2017-06-12 20:33:37','2017-06-12 20:33:37'),(167,'Software','Frami Group','Practical Granite Gloves','455',NULL,NULL,NULL,NULL,0,0,NULL,NULL,'2017-06-12 20:33:37','2017-06-12 20:33:37'),(168,'Software','Stanton-Emmerich','Incredible Plastic Chair','456',NULL,NULL,NULL,NULL,0,0,NULL,NULL,'2017-06-12 20:33:37','2017-06-12 20:33:37'),(169,'Software','Stroman LLC','Sleek Concrete Chair','457',NULL,NULL,NULL,NULL,0,0,'test http://test.ch\r\nwww.foo.ch\r\njust a text',NULL,'2017-06-12 20:33:37','2017-06-12 20:33:37'),(170,'Software','Gorczany-O\'Keefe','Rustic Plastic Car','458',NULL,NULL,NULL,NULL,0,0,'test http://test.ch\r\nwww.foo.ch\r\njust a text',NULL,'2017-06-12 20:33:37','2017-06-12 20:33:37'),(171,'Software','Lockman, Ondricka and Strosin','Ergonomic Rubber Car','459',NULL,NULL,NULL,NULL,0,0,NULL,NULL,'2017-06-12 20:33:37','2017-06-12 20:33:37'),(172,'Model','Veum and Sons','Awesome Granite Car',NULL,'Cum aut voluptatibus et esse repellat inventore nisi odit.','Assumenda quae veniam facere eius mollitia ea.',NULL,NULL,0,0,'Sequi hic rerum enim magnam libero sed ducimus.','Dolores veniam quod mollitia expedita aut dolor.','2017-06-12 20:33:37','2017-06-12 20:33:37'),(173,'Model','Kshlerin Inc','Intelligent Wooden Hat','460','Quae necessitatibus laboriosam ut voluptatem.','Dicta quia excepturi saepe ut atque dolores labore at.',NULL,NULL,0,0,'Cumque quaerat aut dolores sequi magni laboriosam ullam est.','Perspiciatis aut autem beatae.','2017-06-11 17:55:23','2017-06-11 17:55:23'),(174,'Model','Weber-Dickinson','Ergonomic Granite Chair','461','Debitis quod nesciunt voluptatem voluptas enim occaecati vel.','In aspernatur quia quibusdam et vitae quas.',NULL,NULL,0,0,'Blanditiis magnam iure qui.','Quo quia sit excepturi aperiam et voluptas et voluptatem.','2017-06-11 17:55:23','2017-06-11 17:55:23'),(175,'Model','Johnston-Skiles','Practical Cotton Chair','462','Molestiae ut iste enim esse odit.','Ut sequi sit officia sapiente nisi molestias.',NULL,NULL,2,0,'Accusamus voluptas velit soluta temporibus eos nulla inventore.','Aperiam accusantium sint nobis omnis nihil ea in sunt.','2017-06-11 17:55:23','2017-06-11 17:55:23'),(176,'Model','Aufderhar Group','Awesome Cotton Shoes','463','Et perspiciatis quia consectetur saepe vero quisquam adipisci aut.','Et corrupti dolor odit sint numquam et voluptatem.',NULL,NULL,0,0,'Provident et optio nisi reiciendis et sed.','Aliquid consequatur delectus nemo vero exercitationem.','2017-06-11 17:55:23','2017-06-11 17:55:23'),(177,'Model','Nikolaus-Pacocha','Incredible Wooden Table','464','Et sed consequatur cupiditate illum labore.','Delectus et corrupti voluptatem ex.',NULL,NULL,0,0,'Illum reiciendis voluptas eligendi.','Consequatur neque ut ut accusamus animi dolores voluptatem aliquam.','2017-06-11 17:55:23','2017-06-11 17:55:23'),(178,'Model','O\'Connell Group','Awesome Granite Shoes','465','Qui et nisi dignissimos hic repudiandae aliquid vero.','Itaque voluptatem accusamus nisi eveniet reiciendis in.',NULL,NULL,2,0,'Enim nulla ab ea et voluptatem accusantium et.','Veritatis asperiores assumenda fugiat sint impedit sequi deserunt et.','2017-06-11 17:55:23','2017-06-11 17:55:23'),(179,'Model','Anderson, Cremin and Champlin','Gorgeous Granite Shoes','466','Harum quo vitae in sit.','Animi repudiandae dolor aperiam voluptas aspernatur porro est.',NULL,NULL,2,0,'Aut alias laudantium ipsum ducimus quia.','Quo aut veniam eius.','2017-06-11 17:55:23','2017-06-11 17:55:23'),(180,'Model','Green Inc','Ergonomic Steel Table','467','Voluptas voluptatem dolores et ut ducimus soluta doloribus.','Vero provident adipisci fugiat eos eum ut.',NULL,NULL,2,0,'Ducimus voluptatem iusto optio sequi voluptate doloremque consectetur.','Accusamus quia iste est voluptatem maiores autem.','2017-06-11 17:55:23','2017-06-11 17:55:23'),(181,'Model','Lindgren-Davis','Incredible Wooden Chair','468','Illo quis fugit qui qui dolor laborum.','Sit in dolorem tempora enim error possimus ut minus.',NULL,NULL,3,0,'Temporibus in ea dolorem.','Pariatur incidunt provident exercitationem eius.','2017-06-11 17:55:23','2017-06-11 17:55:23'),(182,'Model','Leannon, Marquardt and Fay','Gorgeous Cotton Gloves','469','Voluptatem vero eum repudiandae beatae omnis.','Vel dolor quia vitae nesciunt doloribus incidunt tempore et.',NULL,NULL,2,0,'Earum architecto modi dolor dolorum qui.','Et ut omnis dolore qui voluptas.','2017-06-11 17:55:23','2017-06-11 17:55:23'),(183,'Model','Labadie, Monahan and Cartwright','Practical Wooden Computer','470','Ducimus error consequatur non sunt in laboriosam praesentium eum.','Eum quae deleniti ea.',NULL,NULL,3,0,'Blanditiis vitae inventore hic necessitatibus est laborum.','Cum deleniti vel nulla veritatis accusamus voluptas qui eveniet.','2017-06-11 17:55:23','2017-06-11 17:55:23'),(184,'Model','Jacobs and Sons','Fantastic Steel Table','471','Dolor molestiae omnis autem.','Neque adipisci suscipit amet fugit iusto provident vero.',NULL,NULL,3,0,'Reiciendis quia repellat non tempore assumenda laboriosam.','Optio harum dolorem dolorum consequatur quo.','2017-06-11 17:55:23','2017-06-11 17:55:23'),(185,'Model','Botsford, Lakin and Bahringer','Awesome Plastic Table','472','Est repellendus molestiae reiciendis expedita ut architecto vero et.','Reprehenderit consequatur recusandae dolores facilis natus.',NULL,NULL,0,0,'Magni aspernatur velit aut vitae.','Deserunt veritatis aperiam quod.','2017-06-11 17:55:23','2017-06-11 17:55:23'),(186,'Model','Renner Inc','Rustic Concrete Car','473','Dolores eum sit et cumque ad.','Eum assumenda sed voluptatum adipisci animi consequatur officiis dignissimos.',NULL,NULL,3,0,'Voluptatem dolor dignissimos sunt asperiores est quos rerum deserunt.','Dicta ab aut cumque sint ad molestiae.','2017-06-11 17:55:23','2017-06-11 17:55:23'),(187,'Model','Stamm LLC','Rustic Wooden Computer','474','Aut impedit sunt ducimus.','Blanditiis quod quidem eligendi omnis perspiciatis.',NULL,NULL,0,0,'Eius magnam tempore repellat.','Laborum repellendus adipisci facere qui optio blanditiis.','2017-06-11 17:55:23','2017-06-11 17:55:23'),(188,'Model','Berge, Leannon and Johns','Incredible Wooden Computer','475','Vel amet dolor aut nostrum maiores.','Veritatis dolores saepe adipisci omnis est.',NULL,NULL,0,0,'Amet sed quod soluta accusantium neque deleniti eum.','Autem incidunt cumque voluptatem.','2017-06-11 17:55:23','2017-06-11 17:55:23'),(189,'Model','Littel, Barton and Hessel','Rustic Granite Pants','476','Sit quisquam et architecto.','Dolorem dolore molestiae at rerum est impedit.',NULL,NULL,2,0,'Iure sunt et sit.','Doloremque earum facere cumque suscipit ut.','2017-06-11 17:55:23','2017-06-11 17:55:23'),(190,'Model','Abshire-Greenholt','Gorgeous Plastic Hat','477','Eos qui aperiam provident iste.','Quaerat et ut quibusdam est reprehenderit.',NULL,NULL,2,0,'Laboriosam quia aut nobis.','Quis occaecati asperiores debitis et excepturi libero quaerat.','2017-06-11 17:55:23','2017-06-11 17:55:23'),(191,'Model','Cremin-Barton','Fantastic Granite Car','478','Molestias qui accusamus eos explicabo blanditiis et nam consequuntur.','Voluptatem dolore et aliquid sapiente corporis odit ratione culpa.',NULL,NULL,2,0,'Maiores eligendi beatae iure.','Ullam sit enim veritatis non.','2017-06-11 17:55:23','2017-06-11 17:55:23'),(192,'Model','Hoeger and Sons','Practical Rubber Gloves','479','Incidunt laborum accusantium est a.','Ut illum beatae qui et.',NULL,NULL,0,0,'Facere dolorem est odio perspiciatis ut saepe.','Necessitatibus velit atque incidunt sed nostrum et.','2017-06-11 17:55:23','2017-06-11 17:55:23'),(193,'Model','Terry Group','Incredible Concrete Shirt','480','Non ullam est ut.','Est quidem rerum praesentium qui rerum delectus sit maxime.',NULL,NULL,0,0,'Repellendus quam et aut fugiat.','Minima enim quos consequatur aperiam in.','2017-06-11 17:55:23','2017-06-11 17:55:23'),(194,'Model','Torphy-Jaskolski','Gorgeous Granite Car','481','Tempora dolorum omnis culpa et sapiente corrupti possimus modi.','Provident aut vel numquam expedita aliquid.',NULL,NULL,0,0,'Et inventore laborum aspernatur et enim natus eum.','Consequatur quam officiis est veniam minus voluptas odit vel.','2017-06-11 17:55:23','2017-06-11 17:55:23'),(195,'Model','Adams-O\'Kon','Awesome Rubber Hat','482','Rem reprehenderit sunt nesciunt ut.','Voluptatum quod dolorem commodi adipisci dolor illo.',NULL,NULL,1,0,'Doloribus quia unde at excepturi sint.','Sapiente sunt esse ab et architecto iure.','2017-06-11 17:55:23','2017-06-11 17:55:23'),(196,'Model','Sporer-Rippin','Incredible Cotton Pants','483','Corporis eum labore praesentium.','Enim quidem et est voluptates rerum accusantium.',NULL,NULL,2,0,'Aliquam temporibus nihil quos quo est voluptate.','Quia quae explicabo dicta labore.','2017-06-12 18:17:27','2017-06-12 18:17:27'),(197,'Model','Fadel and Sons','Rustic Steel Pants','484','Placeat iusto amet ipsa sit.','Ea nisi qui eum non labore nihil eos placeat.',NULL,NULL,3,0,'Soluta dolor eos eum aut praesentium et vero modi.','Velit dolorem blanditiis omnis.','2017-06-12 18:17:27','2017-06-12 18:17:27'),(198,'Model','Lubowitz, Schmeler and Goldner','Gorgeous Steel Pants','485','Modi vero laudantium fugiat.','Tenetur laborum voluptates pariatur.',NULL,NULL,2,0,'Aut iusto enim ea illo maiores suscipit consequatur.','Quisquam quia amet adipisci voluptatem a laboriosam.','2017-06-12 18:17:27','2017-06-12 18:17:27'),(199,'Model','Jones-Boyer','Ergonomic Plastic Table','486','Assumenda esse quia natus sit necessitatibus iusto ut est.','Atque sit enim ex quidem ullam pariatur voluptas.',NULL,NULL,3,0,'A omnis quibusdam molestias optio quia corrupti consequatur id.','Consequatur quo incidunt omnis aut qui cupiditate.','2017-06-12 18:17:27','2017-06-12 18:17:27'),(200,'Model','Bartell, Kassulke and Kessler','Rustic Rubber Gloves','487','Aspernatur quis odio qui.','Reiciendis rem quis ea.',NULL,NULL,0,0,'Molestias quia nulla ad sed ipsam enim.','Aspernatur voluptatum odit ut harum quos officiis et.','2017-06-07 08:10:24','2017-06-07 08:10:24'),(201,'Model','Wyman, Bosco and Sporer','Intelligent Cotton Computer','488','Deserunt velit et minima ut quasi.','Rem distinctio dolorum repellendus molestias provident temporibus quo.',NULL,NULL,2,0,'Facilis enim ducimus reiciendis temporibus unde voluptate.','Neque atque natus qui ducimus provident sapiente qui.','2017-06-07 08:10:24','2017-06-07 08:10:24'),(202,'Model','Klein-Keeling','Awesome Steel Hat','489','Et et accusantium qui et sequi.','Est ea accusantium sit qui.',NULL,NULL,3,0,'Nam vero voluptate pariatur sunt animi.','Quae nobis distinctio quasi repellendus perferendis quidem et.','2017-06-07 08:10:24','2017-06-07 08:10:24'),(203,'Model','Durgan-Bins','Incredible Steel Shoes','490','Qui illum reprehenderit est.','Debitis aut a et veniam cumque maiores porro dolores.',NULL,NULL,1,0,'Hic iusto sapiente fugit quia culpa aut.','Et perspiciatis aut aspernatur minima saepe ab voluptatem.','2017-06-07 08:10:24','2017-06-07 08:10:24'),(204,'Model','Hickle-Thompson','Fantastic Cotton Table','491','Et et facilis officiis dolores sapiente rerum.','Sed impedit sint non vel.',NULL,NULL,1,0,'Mollitia sunt molestias veritatis qui consequatur et.','Quae sequi sint id et.','2017-06-07 08:10:24','2017-06-07 08:10:24'),(205,'Model','Gislason, Renner and Feil','Incredible Plastic Shirt','492','Qui velit quaerat sit et corporis voluptas.','Aut eos reiciendis cumque architecto repellendus corporis deleniti.',NULL,NULL,2,0,'Minima vero ullam in est exercitationem.','Laboriosam et incidunt amet alias.','2017-06-07 08:10:24','2017-06-07 08:10:24'),(206,'Model','Harvey, Feest and Daniel','Small Concrete Car','493','Iusto magni quas omnis odit et.','In optio ipsum et ad labore nemo.',NULL,NULL,1,0,'Tenetur et quibusdam cum.','Sapiente explicabo odio qui.','2017-06-07 08:10:24','2017-06-07 08:10:24'),(207,'Model','Davis-Beatty','Practical Concrete Car','494','Blanditiis pariatur odio quia iste.','Consectetur consequuntur eum consequatur nihil excepturi ut.',NULL,NULL,3,0,'Officia vel laudantium aut quas quia aut porro voluptatem.','Aut iusto dolor et quasi et harum.','2017-06-07 08:10:24','2017-06-07 08:10:24'),(208,'Model','Beer-Blick','Ergonomic Cotton Computer','495','Minus ea fugit aut inventore excepturi libero vel.','Vel perferendis quo fugiat blanditiis praesentium reprehenderit quia.',NULL,NULL,3,0,'Fuga maiores consequatur placeat necessitatibus deleniti maxime amet.','Inventore ea laborum sapiente consequuntur officiis sed beatae sed.','2017-06-12 20:33:37','2017-06-12 20:33:37'),(209,'Model','Stiedemann Group','Gorgeous Rubber Chair','496','Nulla nisi omnis minima.','Enim est enim rerum eum blanditiis nihil porro.',NULL,NULL,2,0,'Consequatur perspiciatis deleniti veritatis incidunt ea.','Ratione autem molestiae corrupti aperiam dolor vero numquam.','2017-06-12 20:33:37','2017-06-12 20:33:37'),(210,'Model','Williamson, Koepp and Schinner','Gorgeous Concrete Chair','497','Est adipisci fugit nihil blanditiis libero et sint ipsum.','Quis laboriosam atque nisi.',NULL,NULL,1,0,'Animi ex dolorem beatae.','Non fugit et voluptatem perferendis a nisi.','2017-06-12 20:33:37','2017-06-12 20:33:37'),(211,'Model','Moen-Rath','Sleek Plastic Chair','498','Explicabo sapiente ipsam et adipisci cum omnis et.','Magni odio voluptas aut sit ut sint quisquam vel.',NULL,NULL,2,0,'Blanditiis est et dolores et corporis.','Voluptatem ipsam omnis odit.','2017-06-12 20:33:37','2017-06-12 20:33:37'),(212,'Model','Crona Inc','Fantastic Granite Table','499','Deleniti eius possimus nihil odio cupiditate nostrum eum.','Nemo consequuntur reiciendis rem fugiat est soluta.',NULL,NULL,0,0,'Perferendis rem molestiae pariatur.','Esse optio voluptates quia tempora.','2017-06-12 20:33:37','2017-06-12 20:33:37'),(213,'Model','Stamm-Muller','Ergonomic Rubber Chair','500','Aut dolorum eos dolores.','Quia commodi voluptatem incidunt ea tempore qui alias sed.',NULL,NULL,1,0,'Assumenda explicabo atque voluptates non fugiat ea.','Et dolorum cupiditate dignissimos quia aliquam voluptas numquam.','2017-06-12 20:33:37','2017-06-12 20:33:37'),(214,'Model','Ward Group','Sleek Steel Shoes','501','Dolores fugit modi totam praesentium sit nostrum necessitatibus.','Cupiditate rerum dolorem repellendus.',NULL,NULL,2,0,'Neque aut sint in magnam rerum.','Provident explicabo exercitationem sint cum voluptates sed velit et.','2017-06-12 20:33:37','2017-06-12 20:33:37'),(215,'Model','Fadel, Schmidt and Williamson','Practical Granite Car','502','Omnis saepe quam tenetur eos voluptas ab et quisquam.','Quisquam nemo quis et.',NULL,NULL,3,0,'Debitis repudiandae eum similique et nulla optio.','Eum voluptatem ab veniam.','2017-06-12 20:33:37','2017-06-12 20:33:37'),(216,'Model','Ferry Inc','Sleek Wooden Pants','503','Itaque voluptatibus qui qui aut ea rerum debitis.','Magnam ut nobis asperiores.',NULL,NULL,3,0,'Vel cumque laborum quibusdam ea.','Aliquam magnam quos provident dolores et qui et explicabo.','2017-06-12 20:33:37','2017-06-12 20:33:37'),(217,'Model','Ziemann LLC','Incredible Cotton Shirt','504','Esse et qui aliquam aperiam nesciunt non.','Numquam eos omnis nisi maiores minus modi.',NULL,NULL,0,0,'Et quo magni vero possimus.','Rerum illo maiores aut.','2017-06-12 20:33:37','2017-06-12 20:33:37'),(218,'Model','Schumm LLC','Ergonomic Cotton Pants','505','Quo ut nesciunt quia illum aut error est.','Doloribus quod perferendis quaerat corporis recusandae dolores.',NULL,NULL,1,0,'Nostrum harum consequatur et vel itaque.','Quia expedita nostrum sunt.','2017-06-12 20:33:37','2017-06-12 20:33:37'),(219,'Model','Cartwright, Zieme and Hills','Small Cotton Shirt','506','Qui mollitia molestias quibusdam dolor consequatur voluptatem illum maiores.','Nostrum earum dicta impedit.',NULL,NULL,0,0,'Culpa nulla reprehenderit cumque perspiciatis voluptas necessitatibus unde.','Veniam reiciendis ut quia est.','2017-06-12 20:33:37','2017-06-12 20:33:37'),(220,'Model','Heller, Cronin and Rempel','Sleek Granite Pants','507','Ducimus dolor recusandae temporibus omnis laudantium totam expedita tempore.','Quisquam ratione itaque reiciendis magni blanditiis.',NULL,NULL,2,0,'Minima sit commodi velit sequi perspiciatis unde.','Totam sunt numquam eaque.','2017-06-12 20:33:37','2017-06-12 20:33:37'),(221,'Model','Marquardt, Stiedemann and Fay','Fantastic Concrete Shirt','508','Animi repudiandae doloribus illum sunt voluptatem deleniti.','Deserunt et tenetur rerum.',NULL,NULL,2,0,'Eum veritatis dignissimos aperiam placeat.','Distinctio voluptas voluptates id sint quo blanditiis.','2017-06-12 20:33:37','2017-06-12 20:33:37'),(222,'Model','Greenfelder LLC','Fantastic Rubber Gloves','509','Nobis soluta amet occaecati minima praesentium aliquid asperiores et.','Repellendus sed ut enim.',NULL,NULL,3,0,'Ut eos quas dolorum repellendus pariatur itaque.','Quasi aut culpa sint aliquam ad dolor.','2017-06-12 20:33:37','2017-06-12 20:33:37'),(223,'Model','Fritsch LLC','Awesome Wooden Table','510','Et amet error enim quidem reiciendis sequi voluptas.','Dolores laboriosam molestias ipsam id.',NULL,NULL,2,0,'Animi sed alias incidunt rerum dolor.','Voluptatem placeat culpa fugit.','2017-06-12 20:33:37','2017-06-12 20:33:37'),(224,'Model','Murphy-Beahan','Intelligent Granite Hat','511','Nobis rerum placeat sit repellat quo dolorem ea.','Voluptatem dolor nostrum velit praesentium est dolorem atque.',NULL,NULL,3,0,'Sunt corrupti delectus pariatur rerum excepturi aut cum fugiat.','Possimus ut vitae explicabo laudantium minus harum iste voluptatem.','2017-06-12 20:33:37','2017-06-12 20:33:37'),(225,'Model','Balistreri-Borer','Rustic Granite Computer','512','Voluptatibus maiores libero dignissimos porro.','Cumque laborum asperiores quidem quisquam omnis fuga ipsa deleniti.',NULL,NULL,3,0,'Officia sit consectetur quos debitis soluta error.','Similique error repellat occaecati suscipit.','2017-06-12 20:33:37','2017-06-12 20:33:37'),(226,'Model','Steuber-Thiel','Small Cotton Computer','514','Quia est explicabo qui.','Et quas a sunt quia ea quod quia sit.',NULL,NULL,0,0,'Placeat nemo recusandae iusto.','Nobis vel quae dolores.','2017-06-12 20:33:37','2017-06-12 20:33:37'),(227,'Software','Jaskolski, Aufderhar and Kovacek','Intelligent Granite Computer','516',NULL,NULL,NULL,NULL,0,0,NULL,NULL,'2017-06-12 20:33:37','2017-06-12 20:33:37'),(228,'Model','Shanahan-DuBuque','Ergonomic Steel Hat','517','Maiores doloribus veritatis eaque iusto ut explicabo.','Mollitia numquam soluta est.',NULL,NULL,3,0,'Sit vel sed sed.','In illum sit dolorem reprehenderit consequuntur sint laboriosam.','2017-06-07 00:00:00','2017-06-07 00:00:00'),(229,'Model','Parisian Group','Sleek Rubber Gloves','518','Et ut doloremque dolor quis est in beatae debitis.','Ut est id numquam.',NULL,NULL,0,0,'Repellat pariatur excepturi saepe aliquid nemo sed dolorem expedita.','Minus sed nam qui quia cupiditate iusto aut.','2017-06-07 00:00:00','2017-06-07 00:00:00'),(230,'Model','Schroeder, Kuphal and Predovic','Fantastic Rubber Chair','519','Ut deleniti aut aut omnis.','Ipsum eos consequatur suscipit.',NULL,NULL,3,0,'Itaque quas dolores distinctio molestias sit voluptatem.','Recusandae qui voluptatem alias et.','2017-06-07 00:00:00','2017-06-07 00:00:00'),(231,'Model','Bogan-Simonis','Sleek Cotton Table','520','Ut eum reprehenderit tenetur magnam quo iste et.','Vel rerum distinctio sunt enim.',NULL,NULL,1,0,'Impedit ut sit assumenda nulla.','Tenetur modi aliquam corrupti aliquid vitae dolor.','2017-06-07 00:00:00','2017-06-07 00:00:00'),(232,'Model','Miller, Oberbrunner and Ryan','Intelligent Wooden Chair','522','Et harum corrupti totam voluptatem dolorem aperiam.','Libero voluptas recusandae enim.',NULL,NULL,3,0,'Id adipisci atque voluptates.','Modi ad dolores maxime ex corrupti eligendi incidunt porro.','2017-06-12 20:33:37','2017-06-12 20:33:37'),(233,'Model','Grady-Bednar','Ergonomic Plastic Hat','523','Suscipit explicabo aut harum amet.','Maxime officiis voluptatum culpa et consequatur vel nesciunt.',NULL,NULL,0,0,'Ut est ut voluptatibus molestiae eum quam.','Omnis sint et accusamus cupiditate sunt.','2017-06-12 20:33:37','2017-06-12 20:33:37'),(234,'Model','Rempel Group','Gorgeous Concrete Pants','524','Laboriosam repellendus animi qui odit ut.','Cumque ea consequatur atque minus praesentium.',NULL,NULL,2,0,'Quia qui corporis ex molestias voluptatem officiis natus.','Quidem itaque aut et vel ipsa.','2017-06-12 20:33:37','2017-06-12 20:33:37'),(235,'Model','Hamill, Heaney and Watsica','Gorgeous Wooden Shoes','525','Voluptatem corrupti nobis hic molestiae recusandae nisi.','Id laudantium rerum inventore.',NULL,NULL,0,0,'Amet ipsa ex quaerat.','Iste perspiciatis eos qui beatae et quae tempora libero.','2017-06-12 20:33:37','2017-06-12 20:33:37'),(236,'Model','Sauer-Fahey','Fantastic Granite Shoes','526','Dolore dolores at iste quidem quia qui assumenda laudantium.','Sequi nam assumenda vitae omnis et sit.',NULL,NULL,3,0,'Non inventore veniam minus hic animi.','Sunt dignissimos et voluptate illo.','2017-06-12 20:33:37','2017-06-12 20:33:37'),(237,'Model','Hand, Beatty and Zieme','Intelligent Wooden Shoes','527','Autem odio quia deleniti sequi.','Placeat provident vel voluptatum iure sit sequi laboriosam.',NULL,NULL,2,0,'Impedit similique ab vero in.','Hic delectus a voluptas.','2017-06-12 20:33:37','2017-06-12 20:33:37'),(238,'Model','Heathcote, Mills and McKenzie','Sleek Cotton Shirt','528','Quos reiciendis voluptas itaque ut assumenda et illum libero.','Iure est sunt commodi adipisci debitis itaque.',NULL,NULL,0,0,'Facere porro repudiandae incidunt quia labore.','Distinctio molestias omnis minus ut beatae.','2017-06-12 20:33:37','2017-06-12 20:33:37'),(239,'Model','Windler-Connelly','Small Steel Car','529','Nam officia rerum et facilis quam perferendis eveniet.','Nihil assumenda quo voluptatem at voluptatem omnis.',NULL,NULL,0,0,'Nihil asperiores a ea architecto maiores cupiditate voluptas.','Et molestiae illo quia.','2017-06-12 20:33:37','2017-06-12 20:33:37'),(240,'Model','Lemke, Pacocha and Leannon','Practical Plastic Table','530','Enim inventore laborum veritatis et velit et.','Et deserunt molestias ea corrupti.',NULL,NULL,1,0,'Architecto provident sed qui quia et ab animi id.','Rem accusamus eligendi quaerat quis sunt.','2017-06-12 20:33:37','2017-06-12 20:33:37'),(241,'Model','Koss, Hyatt and Goldner','Intelligent Concrete Pants','531','Recusandae id odio eum inventore quos mollitia ut nihil.','Minus cupiditate omnis harum ut.',NULL,NULL,3,0,'Accusamus similique minus vero aut provident possimus.','Velit doloribus ad sunt dolor similique qui sit aut.','2017-06-12 20:33:37','2017-06-12 20:33:37'),(242,'Model','Bartoletti Inc','Fantastic Wooden Shirt','532','Saepe dicta ipsam nostrum.','Doloremque nihil et magni molestias tempora.',NULL,NULL,0,0,'Aliquam esse adipisci in eius.','Dicta sed sunt nihil ratione in.','2017-06-12 20:33:37','2017-06-12 20:33:37'),(243,'Model','Mitchell, Streich and Mitchell','Ergonomic Plastic Car','533','Ipsam dicta assumenda molestiae rerum sit quia nisi.','In accusamus et animi dolorem dolorum explicabo.',NULL,NULL,1,0,'Reiciendis rem debitis eum eaque nulla nihil nemo.','Quia reiciendis laudantium quae cupiditate nostrum totam vel.','2017-06-12 20:33:37','2017-06-12 20:33:37'),(244,'Model','Aufderhar, Smith and Rau','Sleek Steel Computer','534','Perspiciatis natus id et dolor minima numquam ut non.','Minima fugiat amet et ducimus tempora repellendus.',NULL,NULL,2,0,'Deserunt ut est necessitatibus provident est enim non.','Ab quam quas assumenda ut.','2017-06-12 20:33:37','2017-06-12 20:33:37'),(245,'Model','Walter, Goyette and Gorczany','Fantastic Steel Shoes','535','Dolorum laudantium cumque odit quia.','Qui dicta praesentium voluptatem et.',NULL,NULL,3,0,'Sed expedita id consectetur similique.','A necessitatibus maxime doloribus est velit.','2017-06-12 20:33:37','2017-06-12 20:33:37'),(246,'Model','Bayer LLC','Rustic Concrete Table','536','Quo voluptate officiis aut nesciunt totam illum eius sit.','Voluptas voluptatem aperiam ut officia.',NULL,NULL,2,0,'Qui eligendi repudiandae incidunt veniam sit nesciunt illum at.','Ipsam ratione sed error quod.','2017-06-12 20:33:37','2017-06-12 20:33:37'),(247,'Model','Gaylord-Schaden','Rustic Wooden Car','537','Culpa reiciendis necessitatibus id et voluptatem eaque odio.','Quam et non quasi nam voluptatem.',NULL,NULL,0,0,'Sit dignissimos officia inventore rerum culpa consequatur.','Iusto neque soluta nobis veniam.','2017-06-07 00:00:00','2017-06-07 00:00:00'),(248,'Model','Barrows and Sons','Practical Cotton Gloves','538','Sed ut aut unde quas temporibus qui ab et.','Non at reprehenderit voluptate nisi natus dolorem error.',NULL,NULL,3,0,'Autem dolor aspernatur possimus.','Necessitatibus et non incidunt qui aut nam.','2017-06-07 00:00:00','2017-06-07 00:00:00'),(249,'Model','Sipes-Mann','Awesome Wooden Chair','539','Incidunt ipsa et dolorem rem cupiditate.','Delectus aut possimus ex est blanditiis aspernatur sed deserunt.',NULL,NULL,0,0,'Eum illum sit neque provident repellat veniam.','Odit perspiciatis dolorem beatae sed id omnis fuga.','2017-06-07 00:00:00','2017-06-07 00:00:00'),(250,'Model','Schumm LLC','Small Steel Chair','540','Odio et nihil omnis cum quidem.','Animi enim omnis ut vel corrupti.',NULL,NULL,0,0,'Perferendis repellendus libero omnis illum accusantium unde dolor.','Placeat dolor necessitatibus cum libero voluptatem voluptatem est provident.','2017-06-12 20:33:37','2017-06-12 20:33:37'),(251,'Model','Kassulke and Sons','Gorgeous Cotton Computer','541','Alias excepturi consequatur qui atque ea deleniti.','Quia eum ab possimus vero sint et iusto aspernatur.',NULL,NULL,1,0,'Itaque et nisi distinctio aperiam repellat aspernatur minus.','Accusamus et nemo quidem voluptatibus officiis quaerat unde.','2017-06-12 20:33:37','2017-06-12 20:33:37'),(252,'Model','Heller, Bosco and Herzog','Awesome Cotton Gloves','542','Qui reiciendis nam vel deleniti.','Explicabo amet neque voluptatem laudantium sit suscipit.',NULL,NULL,3,0,'Soluta et optio autem atque velit quisquam iusto voluptas.','Corporis hic deserunt aut aut.','2017-06-12 20:33:37','2017-06-12 20:33:37'),(253,'Model','Mante, Walter and Schroeder','Awesome Wooden Shoes','543','Consequatur vel occaecati ipsum mollitia qui eaque facere nihil.','Rerum dolorem mollitia quae cum aspernatur minus modi.',NULL,NULL,3,0,'Fuga veritatis sunt animi.','Earum aut tempore voluptas corrupti molestias fugiat id.','2017-06-12 20:33:37','2017-06-12 20:33:37'),(254,'Model','Romaguera Inc','Small Granite Shirt','544','Veritatis impedit suscipit et quis rerum cum quae.','Quia rerum mollitia consectetur.',NULL,NULL,3,0,'Aut et doloribus totam placeat omnis.','Nobis est vero qui adipisci ab ipsam soluta ipsa.','2017-06-12 20:33:37','2017-06-12 20:33:37'),(255,'Model','Hills Inc','Gorgeous Steel Car','545','Eaque qui enim sapiente quia consequatur voluptatem.','Quo ipsam earum ut qui neque.',NULL,NULL,1,0,'Voluptates accusamus quod alias.','Pariatur est ut illum fugiat et ipsam aspernatur.','2017-06-12 20:33:37','2017-06-12 20:33:37'),(256,'Model','Hauck and Sons','Rustic Cotton Hat','546','Sunt labore consequatur et.','Corporis aliquid facilis totam excepturi nam.',NULL,NULL,2,0,'Assumenda exercitationem occaecati quisquam officiis nulla consequatur voluptas.','Natus est vel et et quia nihil asperiores aut.','2017-06-12 20:33:37','2017-06-12 20:33:37'),(257,'Model','King-Parisian','Small Wooden Shoes','547','Vitae est similique qui blanditiis.','Eius esse modi ducimus quam laudantium dolorum.',NULL,NULL,0,0,'Minus ea ut at magni qui amet.','Dolores et cupiditate exercitationem voluptatibus voluptatem.','2017-06-12 20:33:37','2017-06-12 20:33:37'),(258,'Model','Borer, Sauer and Swift','Incredible Concrete Pants','548','Harum sit veniam possimus pariatur et et.','Adipisci quaerat vel consequatur.',NULL,NULL,1,0,'Aut omnis culpa ullam maxime rerum.','Delectus vero ut numquam.','2017-06-12 20:33:37','2017-06-12 20:33:37'),(259,'Model','Prohaska-Kiehn','Gorgeous Granite Pants','549','Eum vero voluptas veniam a.','Ipsum dolores molestiae qui minima architecto sed quos.',NULL,NULL,1,0,'Soluta ab veritatis voluptas velit fugiat quis molestias temporibus.','Voluptate eum veniam similique voluptas aut.','2017-06-12 20:33:37','2017-06-12 20:33:37'),(260,'Model','Frami Group','Gorgeous Rubber Table','550','Adipisci quia numquam vitae unde nesciunt.','Nesciunt ut sit quas eius eveniet.',NULL,NULL,1,0,'Assumenda quibusdam et ut eum consequatur corporis.','Vitae ullam voluptatum cumque expedita minus id temporibus.','2017-06-12 20:33:37','2017-06-12 20:33:37'),(261,'Model','Hilpert-Lehner','Intelligent Rubber Shoes','551','Incidunt quia officiis iure.','Cum quam aperiam ab est molestias possimus illo.',NULL,NULL,2,0,'Ipsam neque rerum culpa cupiditate quo.','Beatae cupiditate est ea deserunt laudantium sint.','2017-06-12 20:33:37','2017-06-12 20:33:37'),(262,'Model','Considine Group','Practical Cotton Shirt','552','Exercitationem quis id voluptates commodi est nostrum aut.','Alias corrupti harum sunt.',NULL,NULL,0,0,'Vero cum ullam autem eveniet aut voluptas.','Quod atque voluptatum voluptate veniam nemo harum.','2017-06-12 20:33:37','2017-06-12 20:33:37'),(263,'Model','Hilpert Group','Awesome Plastic Chair','553','Et in unde facilis enim nihil sint.','Iste suscipit fugiat atque quia facilis nobis dolorum voluptatem.',NULL,NULL,1,0,'Reiciendis qui ipsum quas ut iste.','Eius aut ut ad.','2017-06-12 20:33:37','2017-06-12 20:33:37'),(264,'Model','Hegmann Group','Small Steel Pants','554','At nihil aspernatur id quasi cupiditate laboriosam provident.','Consequatur sed doloribus et delectus.',NULL,NULL,0,0,'Qui harum quaerat et velit dolorem.','Quae qui ea autem aliquid enim ut beatae.','2017-06-12 20:33:37','2017-06-12 20:33:37'),(265,'Model','D\'Amore, Herman and Brekke','Rustic Plastic Pants','555','Minima debitis dolorum sit atque quia.','Maxime nihil eius esse dignissimos corporis officia sunt autem.',NULL,NULL,1,0,'Eligendi voluptatem ducimus quos illum autem vel at maxime.','Qui quos dolor in.','2017-06-12 20:33:37','2017-06-12 20:33:37'),(266,'Model','Hagenes Inc','Gorgeous Concrete Computer','556','Voluptas ut similique illo.','Distinctio assumenda ullam ut.',NULL,NULL,1,0,'Reiciendis et numquam assumenda enim.','Libero eius debitis excepturi aut soluta.','2017-06-12 20:33:37','2017-06-12 20:33:37'),(267,'Model','Deckow-Harvey','Sleek Wooden Car','557','Voluptatem eos labore corporis occaecati.','Neque tempore amet sunt ut facere consectetur.',NULL,NULL,0,0,'Repellendus quaerat temporibus occaecati in.','Debitis cum sint hic vitae magnam.','2017-06-12 20:33:37','2017-06-12 20:33:37'),(268,'Model','Hirthe LLC','Practical Wooden Gloves','558','Quidem similique sed omnis accusamus corrupti natus adipisci praesentium.','Et eligendi ex reiciendis velit necessitatibus alias.',NULL,NULL,1,0,'Dolore ea corrupti perferendis.','Ut laboriosam quos deleniti.','2017-06-12 20:33:37','2017-06-12 20:33:37'),(269,'Model','Hilll, Turner and Connelly','Incredible Granite Shoes','559','Corrupti eum aut explicabo ipsa consequuntur eos.','Laborum nulla ratione dicta.',NULL,NULL,2,0,'Est similique dignissimos ea laboriosam.','Sunt aut tenetur animi voluptatum labore et incidunt perferendis.','2017-06-12 20:33:37','2017-06-12 20:33:37'),(270,'Model','Satterfield, VonRueden and Weissnat','Rustic Granite Table','560','Optio est quo corrupti.','Impedit quo nostrum cum eum exercitationem eos tempora.',NULL,NULL,1,0,'Eum qui et doloremque qui amet praesentium corrupti consequatur.','Aut nihil odio ex harum reiciendis.','2017-06-12 20:33:37','2017-06-12 20:33:37'),(271,'Model','Johnston-Glover','Gorgeous Wooden Car','561','Eum blanditiis vitae dolorum maxime optio molestias aut.','Accusamus vel totam in tempore assumenda illum.',NULL,NULL,1,0,'Sint numquam sint eius et iste nihil officiis.','Molestiae ducimus est voluptas in officiis accusamus eveniet ut.','2017-06-12 20:33:37','2017-06-12 20:33:37'),(272,'Model','Hilpert, Nikolaus and Wehner','Fantastic Granite Chair','562','Ducimus a aperiam ullam vel sunt assumenda et natus.','Sed consequatur hic ea.',NULL,NULL,1,0,'Dicta quo corrupti deleniti est minima non quas aut.','Quaerat nulla et assumenda.','2017-06-12 20:33:37','2017-06-12 20:33:37'),(273,'Model','Schoen-Lubowitz','Fantastic Concrete Gloves','563','Repudiandae tempora architecto voluptatibus quis sapiente dolor quisquam et.','Maiores et commodi quam.',NULL,NULL,3,0,'Facilis veniam vero quaerat quas aliquid qui qui et.','Aliquam provident quibusdam officia laboriosam sed est.','2017-06-12 20:33:37','2017-06-12 20:33:37'),(274,'Model','Koepp, Cremin and Hartmann','Ergonomic Cotton Gloves','564','Est aut id dolor.','Sunt maxime rem ut.',NULL,NULL,2,0,'Quia molestiae facilis odio debitis.','Totam libero cumque quia maxime dignissimos.','2017-06-12 20:33:37','2017-06-12 20:33:37'),(275,'Model','Trantow Inc','Ergonomic Concrete Car','565','Sed modi voluptas reprehenderit sunt et in a itaque.','Aliquid dolor qui voluptatem dignissimos natus reprehenderit.',NULL,NULL,3,0,'Sit sed quae animi culpa.','Nemo incidunt nobis facilis eos dolore dolor reiciendis.','2017-06-12 20:33:37','2017-06-12 20:33:37'),(276,'Model','Orn LLC','Rustic Concrete Hat','566','Tempora fuga molestiae ea et.','Recusandae eum qui similique aliquam.',NULL,NULL,3,0,'Dicta dolorem et aliquam.','Quia est sapiente cum ab ut optio fugiat velit.','2017-06-12 20:33:37','2017-06-12 20:33:37'),(277,'Model','Fisher-Pfeffer','Fantastic Wooden Table','567','Aut pariatur et assumenda rerum omnis.','Eligendi cum debitis animi iste id aperiam unde.',NULL,NULL,3,0,'Commodi a nulla non.','Ut voluptas aperiam facilis perspiciatis est.','2017-06-12 20:33:37','2017-06-12 20:33:37'),(278,'Model','McDermott Group','Gorgeous Cotton Hat','568','Molestiae possimus et natus quia delectus.','Et velit cum commodi hic doloribus odit odio deleniti.',NULL,NULL,3,0,'Quia et ut explicabo.','Qui molestias rerum impedit laudantium reiciendis officiis architecto soluta.','2017-06-12 20:33:37','2017-06-12 20:33:37'),(279,'Model','Bergnaum, Dickens and Weissnat','Ergonomic Concrete Chair','569','Repudiandae eos aut et harum cumque.','Saepe aperiam ex error sit.',NULL,NULL,0,0,'Qui molestias dolores repudiandae sunt quidem necessitatibus.','Dolores omnis officiis rerum voluptatem.','2017-06-12 20:33:37','2017-06-12 20:33:37'),(280,'Model','Lang-Kub','Intelligent Rubber Gloves','570','Aut ut aspernatur corrupti in et.','Eos vitae excepturi nisi amet officiis aut.',NULL,NULL,2,0,'Exercitationem sed sint aspernatur ipsam porro quibusdam.','Modi est rerum quod corrupti in et.','2017-06-12 20:33:37','2017-06-12 20:33:37'),(281,'Model','Larkin Inc','Awesome Concrete Shirt','571','Qui reprehenderit voluptatem ad eum eum mollitia.','Voluptates aspernatur rem est hic.',NULL,NULL,3,0,'Ea ipsam atque id nesciunt et.','Excepturi dolor natus aut vero quis earum.','2017-06-12 20:33:37','2017-06-12 20:33:37'),(282,'Model','Goodwin-Romaguera','Incredible Rubber Shirt','572','Ea ea perspiciatis ut eos aut.','Adipisci ea aut nisi.',NULL,NULL,1,0,'Magni quidem nostrum molestiae et ducimus.','Porro atque nostrum accusamus dolorem possimus aut soluta explicabo.','2017-06-12 20:33:37','2017-06-12 20:33:37'),(283,'Model','Nienow-Gutmann','Awesome Granite Hat','573','Iusto sunt commodi soluta non qui dolorem.','Provident ad eveniet nisi facilis ullam cupiditate.',NULL,NULL,2,0,'Aliquid eum accusamus magni minus ut eos aspernatur.','Occaecati praesentium illum eum aliquam repellendus quis exercitationem officiis.','2017-06-12 20:33:37','2017-06-12 20:33:37'),(284,'Model','Kling-Feil','Awesome Cotton Car','574','Libero aliquid nesciunt molestiae quam quae omnis iusto.','Nisi et neque dolores sed cumque alias ipsum optio.',NULL,NULL,3,0,'Non qui veritatis id quia fugiat nisi id aut.','Et quibusdam enim sed.','2017-06-12 20:33:37','2017-06-12 20:33:37'),(285,'Model','Langosh-Haley','Fantastic Plastic Table','575','Architecto et rerum mollitia qui quos ut sit.','Adipisci dolorem enim qui iusto dolorem mollitia quidem amet.',NULL,NULL,2,0,'Reprehenderit deserunt soluta nihil maiores aspernatur aut odio.','Recusandae saepe molestiae quos et quia.','2017-06-12 20:33:37','2017-06-12 20:33:37'),(286,'Model','Tromp-Mraz','Fantastic Granite Shirt','576','Soluta aliquid quibusdam aliquam.','Explicabo cumque quia iusto officiis architecto ab non aspernatur.',NULL,NULL,0,0,'Laborum dolorem enim nisi.','Animi vel recusandae eligendi.','2017-06-12 20:33:37','2017-06-12 20:33:37'),(287,'Model','Larson-Bernhard','Incredible Granite Chair','577','Aut rerum repellat praesentium quo debitis et atque ut.','Unde pariatur dolores et sit.',NULL,NULL,2,0,'Explicabo quia fugit sed sit tempora ab culpa quis.','Voluptatibus quia sit magnam ex.','2017-06-12 20:33:37','2017-06-12 20:33:37'),(288,'Model','Williamson-Simonis','Practical Concrete Shirt','578','Dolorem unde autem quia maxime est culpa laboriosam ut.','Ut quaerat accusantium qui.',NULL,NULL,1,0,'Ducimus est fugiat quam delectus vero.','Voluptatibus odio et sit quasi quaerat provident numquam quidem.','2017-06-12 20:33:37','2017-06-12 20:33:37'),(289,'Model','Murray-Skiles','Awesome Steel Table','579','Est ea dicta est.','Odio commodi reprehenderit eos in.',NULL,NULL,2,0,'Et error ipsum dolorem consequatur.','Quidem magnam incidunt et accusantium temporibus.','2017-06-12 20:33:37','2017-06-12 20:33:37'),(290,'Model','Nader, Kuhlman and Hartmann','Rustic Steel Gloves','580','Quisquam dolores sit reiciendis libero autem.','Corporis at laborum ducimus.',NULL,NULL,2,0,'Repudiandae id nemo ea sit explicabo placeat voluptates consequatur.','Autem vel alias doloribus dolorum sunt rerum ullam quasi.','2017-06-12 20:33:37','2017-06-12 20:33:37'),(291,'Model','Nader Group','Small Rubber Table','581','Non similique ipsam consequatur et laudantium aut veritatis voluptatem.','Optio quod atque aperiam et.',NULL,NULL,2,0,'Accusantium quis sunt dolores est suscipit itaque quis natus.','Enim est fugit dignissimos qui natus voluptatem nihil molestias.','2017-06-12 20:33:37','2017-06-12 20:33:37'),(292,'Model','Raynor, Bosco and Wisozk','Gorgeous Plastic Chair','582','Iste nesciunt enim maxime omnis.','Enim voluptatem quasi sed illo et quas.',NULL,NULL,2,0,'Similique enim sed molestias voluptas culpa recusandae aut magni.','Perspiciatis saepe aliquam accusamus dolores ipsa ut.','2017-06-12 20:33:37','2017-06-12 20:33:37'),(293,'Model','Bernier-Howell','Intelligent Plastic Computer','583','Aperiam sit molestiae vero commodi harum accusamus ducimus quo.','Nobis quibusdam in optio molestiae sit.',NULL,NULL,3,0,'Aut placeat aliquid inventore vel.','Dolorem consequatur iusto quaerat sed fugiat error dolores.','2017-06-12 20:33:37','2017-06-12 20:33:37'),(294,'Model','Hagenes-Borer','Sleek Concrete Shoes','584','Harum praesentium sed qui.','Voluptas voluptatem voluptatem distinctio dignissimos voluptas aut et est.',NULL,NULL,0,0,'Quos placeat quia vero commodi in alias.','Atque dolores ut aliquid et est qui.','2017-06-12 20:33:37','2017-06-12 20:33:37'),(295,'Model','Prosacco Group','Intelligent Plastic Chair','585','Voluptate et aliquid omnis quis.','Explicabo consequatur recusandae sunt aperiam.',NULL,NULL,0,0,'Suscipit voluptatem vitae quisquam minima laborum expedita debitis accusantium.','Beatae saepe tempora ut officia rerum ipsum voluptas.','2017-06-12 20:33:37','2017-06-12 20:33:37'),(296,'Software','Rolfson-Sanford','Incredible Steel Table','586',NULL,NULL,NULL,NULL,0,0,NULL,NULL,'2017-06-12 20:33:37','2017-06-12 20:33:37'),(297,'Model','Kohler Group','Intelligent Cotton Pants','587','Ipsa cum sed enim corporis ut aspernatur ipsum.','Non sint cupiditate et in harum dolorem.',NULL,NULL,0,0,'Nemo ea sit sapiente quo totam occaecati.','Voluptatem aut laudantium impedit est culpa minima.','2017-06-12 20:33:37','2017-06-12 20:33:37'),(298,'Model','Feil, Vandervort and Hickle','Intelligent Granite Shoes','588','Aut nihil eum eos hic eaque laboriosam.','Animi unde non aut neque fugiat accusamus.',NULL,NULL,0,0,'Commodi voluptatibus quidem labore dolor minus.','Sunt soluta possimus atque nostrum qui dolorem.','2017-06-12 20:33:37','2017-06-12 20:33:37'),(299,'Model','Wyman, Rosenbaum and Torphy','Practical Wooden Shoes','589','Iusto qui aut quia distinctio ea.','Neque molestiae aperiam earum et.',NULL,NULL,1,0,'Neque accusantium sit molestiae totam.','Iure molestias pariatur aut minus.','2017-06-12 20:33:37','2017-06-12 20:33:37'),(300,'Model','Crona, Hagenes and Roberts','Practical Granite Table','590','Aspernatur molestiae pariatur voluptatibus vitae.','Mollitia deserunt voluptas at natus.',NULL,NULL,3,0,'Eius consectetur repellendus culpa esse libero illum sed quia.','Amet harum doloremque perspiciatis.','2017-06-12 20:33:37','2017-06-12 20:33:37');
/*!40000 ALTER TABLE `models` ENABLE KEYS */;
UNLOCK TABLES;

--
-- Table structure for table `models_compatibles`
--

DROP TABLE IF EXISTS `models_compatibles`;
/*!40101 SET @saved_cs_client     = @@character_set_client */;
/*!40101 SET character_set_client = utf8 */;
CREATE TABLE `models_compatibles` (
  `model_id` int(11) DEFAULT NULL,
  `compatible_id` int(11) DEFAULT NULL,
  KEY `index_models_compatibles_on_compatible_id` (`compatible_id`),
  KEY `index_models_compatibles_on_model_id` (`model_id`)
) ENGINE=InnoDB DEFAULT CHARSET=utf8 COLLATE=utf8_unicode_ci;
/*!40101 SET character_set_client = @saved_cs_client */;

--
-- Dumping data for table `models_compatibles`
--

LOCK TABLES `models_compatibles` WRITE;
/*!40000 ALTER TABLE `models_compatibles` DISABLE KEYS */;
INSERT INTO `models_compatibles` VALUES (156,155),(157,155),(158,155);
/*!40000 ALTER TABLE `models_compatibles` ENABLE KEYS */;
UNLOCK TABLES;

--
-- Table structure for table `notifications`
--

DROP TABLE IF EXISTS `notifications`;
/*!40101 SET @saved_cs_client     = @@character_set_client */;
/*!40101 SET character_set_client = utf8 */;
CREATE TABLE `notifications` (
  `id` int(11) NOT NULL AUTO_INCREMENT,
  `user_id` int(11) DEFAULT NULL,
  `title` varchar(255) COLLATE utf8_unicode_ci DEFAULT '',
  `created_at` datetime NOT NULL,
  PRIMARY KEY (`id`),
  KEY `index_notifications_on_user_id` (`user_id`)
) ENGINE=InnoDB DEFAULT CHARSET=utf8 COLLATE=utf8_unicode_ci;
/*!40101 SET character_set_client = @saved_cs_client */;

--
-- Dumping data for table `notifications`
--

LOCK TABLES `notifications` WRITE;
/*!40000 ALTER TABLE `notifications` DISABLE KEYS */;
/*!40000 ALTER TABLE `notifications` ENABLE KEYS */;
UNLOCK TABLES;

--
-- Table structure for table `numerators`
--

DROP TABLE IF EXISTS `numerators`;
/*!40101 SET @saved_cs_client     = @@character_set_client */;
/*!40101 SET character_set_client = utf8 */;
CREATE TABLE `numerators` (
  `id` int(11) NOT NULL AUTO_INCREMENT,
  `item` int(11) DEFAULT NULL,
  PRIMARY KEY (`id`)
) ENGINE=InnoDB DEFAULT CHARSET=utf8 COLLATE=utf8_unicode_ci;
/*!40101 SET character_set_client = @saved_cs_client */;

--
-- Dumping data for table `numerators`
--

LOCK TABLES `numerators` WRITE;
/*!40000 ALTER TABLE `numerators` DISABLE KEYS */;
/*!40000 ALTER TABLE `numerators` ENABLE KEYS */;
UNLOCK TABLES;

--
-- Table structure for table `options`
--

DROP TABLE IF EXISTS `options`;
/*!40101 SET @saved_cs_client     = @@character_set_client */;
/*!40101 SET character_set_client = utf8 */;
CREATE TABLE `options` (
  `id` int(11) NOT NULL AUTO_INCREMENT,
  `inventory_pool_id` int(11) DEFAULT NULL,
  `inventory_code` varchar(255) COLLATE utf8_unicode_ci DEFAULT NULL,
  `manufacturer` varchar(255) COLLATE utf8_unicode_ci DEFAULT NULL,
  `product` varchar(255) COLLATE utf8_unicode_ci NOT NULL,
  `version` varchar(255) COLLATE utf8_unicode_ci DEFAULT NULL,
  `price` decimal(8,2) DEFAULT NULL,
  PRIMARY KEY (`id`),
  KEY `index_options_on_inventory_pool_id` (`inventory_pool_id`)
) ENGINE=InnoDB AUTO_INCREMENT=7 DEFAULT CHARSET=utf8 COLLATE=utf8_unicode_ci;
/*!40101 SET character_set_client = @saved_cs_client */;

--
-- Dumping data for table `options`
--

LOCK TABLES `options` WRITE;
/*!40000 ALTER TABLE `options` DISABLE KEYS */;
INSERT INTO `options` VALUES (1,1,'akku-aa',NULL,'Akku AA','411','698.00'),(2,1,'akku-aaa',NULL,'Akku AAA','412','957.00'),(3,1,'usb',NULL,'USB Kabel','413','1401.00'),(4,1,'qua6033',NULL,'Rustic Granite Shoes','513','325.00'),(5,1,'omn10678',NULL,'Small Plastic Car','515','763.00'),(6,2,'pos3074',NULL,'Practical Wooden Shoes','521','1402.00');
/*!40000 ALTER TABLE `options` ENABLE KEYS */;
UNLOCK TABLES;

--
-- Table structure for table `partitions`
--

DROP TABLE IF EXISTS `partitions`;
/*!40101 SET @saved_cs_client     = @@character_set_client */;
/*!40101 SET character_set_client = utf8 */;
CREATE TABLE `partitions` (
  `id` int(11) NOT NULL AUTO_INCREMENT,
  `model_id` int(11) DEFAULT NULL,
  `inventory_pool_id` int(11) DEFAULT NULL,
  `group_id` int(11) DEFAULT NULL,
  `quantity` int(11) DEFAULT NULL,
  PRIMARY KEY (`id`),
  UNIQUE KEY `index_partitions_on_model_id_and_inventory_pool_id_and_group_id` (`model_id`,`inventory_pool_id`,`group_id`)
) ENGINE=InnoDB AUTO_INCREMENT=12 DEFAULT CHARSET=utf8 COLLATE=utf8_unicode_ci;
/*!40101 SET character_set_client = @saved_cs_client */;

--
-- Dumping data for table `partitions`
--

LOCK TABLES `partitions` WRITE;
/*!40000 ALTER TABLE `partitions` DISABLE KEYS */;
INSERT INTO `partitions` VALUES (1,119,1,4,1),(2,157,1,5,1),(3,158,1,6,5),(4,156,1,1,1),(5,88,1,1,1),(6,88,1,2,1),(7,176,1,7,1),(8,185,1,7,1),(9,192,1,7,1),(10,204,1,8,1),(11,211,1,7,1);
/*!40000 ALTER TABLE `partitions` ENABLE KEYS */;
UNLOCK TABLES;

--
-- Temporary table structure for view `partitions_with_generals`
--

DROP TABLE IF EXISTS `partitions_with_generals`;
/*!50001 DROP VIEW IF EXISTS `partitions_with_generals`*/;
SET @saved_cs_client     = @@character_set_client;
SET character_set_client = utf8;
/*!50001 CREATE TABLE `partitions_with_generals` (
  `model_id` int(11),
  `inventory_pool_id` int(11),
  `group_id` int(11),
  `quantity` decimal(33,0)
) ENGINE=MyISAM */;
SET character_set_client = @saved_cs_client;

--
-- Table structure for table `properties`
--

DROP TABLE IF EXISTS `properties`;
/*!40101 SET @saved_cs_client     = @@character_set_client */;
/*!40101 SET character_set_client = utf8 */;
CREATE TABLE `properties` (
  `id` int(11) NOT NULL AUTO_INCREMENT,
  `model_id` int(11) DEFAULT NULL,
  `key` varchar(255) COLLATE utf8_unicode_ci DEFAULT NULL,
  `value` varchar(255) COLLATE utf8_unicode_ci DEFAULT NULL,
  PRIMARY KEY (`id`),
  KEY `index_properties_on_model_id` (`model_id`)
) ENGINE=InnoDB AUTO_INCREMENT=13 DEFAULT CHARSET=utf8 COLLATE=utf8_unicode_ci;
/*!40101 SET character_set_client = @saved_cs_client */;

--
-- Dumping data for table `properties`
--

LOCK TABLES `properties` WRITE;
/*!40000 ALTER TABLE `properties` DISABLE KEYS */;
INSERT INTO `properties` VALUES (1,156,'Rotorduchmesser','120'),(2,156,'Akkus','2'),(3,156,'Farbe','Rot'),(4,157,'Rotorduchmesser','120'),(5,157,'Akkus','2'),(6,157,'Farbe','Rot'),(7,157,'max. Speed','80 kmh'),(8,157,'Gyro','Ja'),(9,157,'Achsen','3-Achsen'),(10,158,'Rotorduchmesser','120'),(11,158,'Akkus','2'),(12,158,'Farbe','Rot');
/*!40000 ALTER TABLE `properties` ENABLE KEYS */;
UNLOCK TABLES;

--
-- Table structure for table `purposes`
--

DROP TABLE IF EXISTS `purposes`;
/*!40101 SET @saved_cs_client     = @@character_set_client */;
/*!40101 SET character_set_client = utf8 */;
CREATE TABLE `purposes` (
  `id` int(11) NOT NULL AUTO_INCREMENT,
  `description` text COLLATE utf8_unicode_ci,
  PRIMARY KEY (`id`)
) ENGINE=InnoDB AUTO_INCREMENT=47 DEFAULT CHARSET=utf8 COLLATE=utf8_unicode_ci;
/*!40101 SET character_set_client = @saved_cs_client */;

--
-- Dumping data for table `purposes`
--

LOCK TABLES `purposes` WRITE;
/*!40000 ALTER TABLE `purposes` DISABLE KEYS */;
INSERT INTO `purposes` VALUES (1,'---\n- Perferendis asperiores vero magnam nam ut.\n- Eos ipsum qui in.\n'),(2,'---\n- Impedit modi dolor.\n- Qui nobis enim quia magnam officiis sapiente.\n'),(3,'Ersatzstativ fr die Ausstellung.'),(4,'Ersatzstativ fr die Ausstellung.'),(5,'Ersatzstativ fr die Ausstellung.'),(6,'Ersatzstativ fr die Ausstellung.'),(7,'Ersatzstativ fr die Ausstellung.'),(8,'Ersatzstativ fr die Ausstellung.'),(9,'Ersatzstativ fr die Ausstellung.'),(10,'Ersatzstativ fr die Ausstellung.'),(11,'Ersatzstativ fr die Ausstellung.'),(12,'Ersatzstativ fr die Ausstellung.'),(13,'Ersatzstativ fr die Ausstellung.'),(14,'Ersatzstativ fr die Ausstellung.'),(15,'Ad et nihil esse et pariatur quia vero dicta.'),(16,'Sed velit veritatis repellat minima quaerat explicabo quae dignissimos.'),(17,'Delectus cum doloremque in.'),(18,'Quae excepturi error ullam ipsam recusandae expedita.'),(19,'Eum nostrum laudantium quis qui repudiandae quae quas.'),(20,'Aspernatur sunt molestiae enim vitae animi quos.'),(21,'Rerum commodi ducimus necessitatibus.'),(22,'Qui voluptatibus voluptatem sed et incidunt expedita.'),(23,'Bentige ich fr die Aufnahmen meiner Abschlussarbeit.'),(24,'Est sit doloribus fuga voluptatem qui.'),(25,'Et et adipisci quas velit debitis.'),(26,'Cumque non neque ipsam et explicabo quisquam tempora.'),(27,'Ersatzstativ fr die Ausstellung.'),(28,'Fr das zweite Austellungswochenende.'),(29,'Fr das dritte Austellungswochenende.'),(30,'Fr die Abschlussarbeit.'),(31,'Ersatzstativ fr die Ausstellung.'),(32,'Bestellung mit Software'),(33,'Bestellung mit Gegenstand ohne Ort'),(34,'Um meine Abschlussarbeit zu fotografieren.'),(35,'Et ut qui expedita et eaque.'),(36,'Um meine Abschlussarbeit zu fotografieren.'),(37,'Um meine Abschlussarbeit zu fotografieren.'),(38,'Consequatur esse unde nam eum blanditiis.'),(39,'Paketausgabe'),(40,'Fr meinen aktuellen Kurs.'),(41,'Ersatzstativ fr die Ausstellung.'),(42,'Um meine Abschlussarbeit zu fotografieren.'),(43,'Fotoshooting (Kurs Fotografie).'),(44,'Brauche ich zwingend fr meinen Kurs.'),(45,'Ganz dringend bentigt fr meine Abschlussarbeit.'),(46,'Als Ersatz.');
/*!40000 ALTER TABLE `purposes` ENABLE KEYS */;
UNLOCK TABLES;

--
-- Table structure for table `schema_migrations`
--

DROP TABLE IF EXISTS `schema_migrations`;
/*!40101 SET @saved_cs_client     = @@character_set_client */;
/*!40101 SET character_set_client = utf8 */;
CREATE TABLE `schema_migrations` (
  `version` varchar(255) COLLATE utf8_unicode_ci NOT NULL,
  UNIQUE KEY `unique_schema_migrations` (`version`)
) ENGINE=InnoDB DEFAULT CHARSET=utf8 COLLATE=utf8_unicode_ci;
/*!40101 SET character_set_client = @saved_cs_client */;

--
-- Dumping data for table `schema_migrations`
--

LOCK TABLES `schema_migrations` WRITE;
/*!40000 ALTER TABLE `schema_migrations` DISABLE KEYS */;
INSERT INTO `schema_migrations` VALUES ('20140410180000'),('20140414100000'),('20140415083535'),('20140417113831'),('20140428092844'),('20140515131025'),('20140812132326'),('20140820100242'),('20140828082448'),('20140901141016');
/*!40000 ALTER TABLE `schema_migrations` ENABLE KEYS */;
UNLOCK TABLES;

--
-- Table structure for table `settings`
--

DROP TABLE IF EXISTS `settings`;
/*!40101 SET @saved_cs_client     = @@character_set_client */;
/*!40101 SET character_set_client = utf8 */;
CREATE TABLE `settings` (
  `id` int(11) NOT NULL AUTO_INCREMENT,
  `smtp_address` varchar(255) COLLATE utf8_unicode_ci DEFAULT NULL,
  `smtp_port` int(11) DEFAULT NULL,
  `smtp_domain` varchar(255) COLLATE utf8_unicode_ci DEFAULT NULL,
  `local_currency_string` varchar(255) COLLATE utf8_unicode_ci DEFAULT NULL,
  `contract_terms` text COLLATE utf8_unicode_ci,
  `contract_lending_party_string` text COLLATE utf8_unicode_ci,
  `email_signature` varchar(255) COLLATE utf8_unicode_ci DEFAULT NULL,
  `default_email` varchar(255) COLLATE utf8_unicode_ci DEFAULT NULL,
  `deliver_order_notifications` tinyint(1) DEFAULT NULL,
  `user_image_url` varchar(255) COLLATE utf8_unicode_ci DEFAULT NULL,
  `ldap_config` varchar(255) COLLATE utf8_unicode_ci DEFAULT NULL,
  `logo_url` varchar(255) COLLATE utf8_unicode_ci DEFAULT NULL,
  `mail_delivery_method` varchar(255) COLLATE utf8_unicode_ci DEFAULT NULL,
  `smtp_username` varchar(255) COLLATE utf8_unicode_ci DEFAULT NULL,
  `smtp_password` varchar(255) COLLATE utf8_unicode_ci DEFAULT NULL,
  `smtp_enable_starttls_auto` tinyint(1) NOT NULL DEFAULT '0',
  `smtp_openssl_verify_mode` varchar(255) COLLATE utf8_unicode_ci NOT NULL DEFAULT 'none',
  `time_zone` varchar(255) COLLATE utf8_unicode_ci NOT NULL DEFAULT 'Bern',
  `disable_manage_section` tinyint(1) NOT NULL DEFAULT '0',
  `disable_manage_section_message` text COLLATE utf8_unicode_ci,
  `disable_borrow_section` tinyint(1) NOT NULL DEFAULT '0',
  `disable_borrow_section_message` text COLLATE utf8_unicode_ci,
  `text` text COLLATE utf8_unicode_ci,
  PRIMARY KEY (`id`)
) ENGINE=InnoDB AUTO_INCREMENT=2 DEFAULT CHARSET=utf8 COLLATE=utf8_unicode_ci;
/*!40101 SET character_set_client = @saved_cs_client */;

--
-- Dumping data for table `settings`
--

LOCK TABLES `settings` WRITE;
/*!40000 ALTER TABLE `settings` DISABLE KEYS */;
INSERT INTO `settings` VALUES (1,'smtp.zhdk.ch',25,'beta.ausleihe.zhdk.ch','CHF','Die Benutzerin/der Benutzer ist bei unsachgemsser Handhabung oder Verlust schadenersatzpflichtig. Sie/Er verpflichtet sich, das Material sorgfltig zu behandeln und gereinigt zu retournieren. Bei mangelbehafteter oder verspteter Rckgabe kann eine Ausleihsperre (bis zu 6 Monaten) verhngt werden. Das geliehene Material bleibt jederzeit uneingeschrnktes Eigentum der Zrcher Hochschule der Knste und darf ausschliesslich fr schulische Zwecke eingesetzt werden. Mit ihrer/seiner Unterschrift akzeptiert die Benutzerin/der Benutzer diese Bedingungen sowie die \'Richtlinie zur Ausleihe von Sachen\' der ZHdK und etwaige abteilungsspezifische Ausleih-Richtlinien.','Your\nAddress\nHere','Das PZ-leihs Team','sender@example.com',0,'http://www.zhdk.ch/?person/foto&width=100&compressionlevel=0&id={:id}',NULL,'/assets/image-logo-zhdk.png','test',NULL,NULL,0,'none','Bern',0,NULL,0,NULL,NULL);
/*!40000 ALTER TABLE `settings` ENABLE KEYS */;
UNLOCK TABLES;

--
-- Table structure for table `suppliers`
--

DROP TABLE IF EXISTS `suppliers`;
/*!40101 SET @saved_cs_client     = @@character_set_client */;
/*!40101 SET character_set_client = utf8 */;
CREATE TABLE `suppliers` (
  `id` int(11) NOT NULL AUTO_INCREMENT,
  `name` varchar(255) COLLATE utf8_unicode_ci NOT NULL,
  `created_at` datetime DEFAULT NULL,
  `updated_at` datetime DEFAULT NULL,
  PRIMARY KEY (`id`),
  UNIQUE KEY `index_suppliers_on_name` (`name`)
) ENGINE=InnoDB AUTO_INCREMENT=267 DEFAULT CHARSET=utf8 COLLATE=utf8_unicode_ci;
/*!40101 SET character_set_client = @saved_cs_client */;

--
-- Dumping data for table `suppliers`
--

LOCK TABLES `suppliers` WRITE;
/*!40000 ALTER TABLE `suppliers` DISABLE KEYS */;
INSERT INTO `suppliers` VALUES (1,'optioatqueaccusantiumvelit','2017-06-12 20:33:37','2017-06-12 20:33:37'),(2,'perspiciatisimpeditmodi','2017-06-12 20:33:37','2017-06-12 20:33:37'),(3,'quiaperiamvoluptate','2017-06-12 20:33:37','2017-06-12 20:33:37'),(4,'inventorevoluptatem','2017-06-12 20:33:37','2017-06-12 20:33:37'),(5,'repellatexhic','2017-06-12 20:33:37','2017-06-12 20:33:37'),(6,'numquamvoluptatemvelitdelenitirerum','2017-06-12 20:33:37','2017-06-12 20:33:37'),(7,'maximeeosnon','2017-06-12 20:33:37','2017-06-12 20:33:37'),(8,'sedqui','2017-06-12 20:33:37','2017-06-12 20:33:37'),(9,'cupiditateestetquam','2017-06-12 20:33:37','2017-06-12 20:33:37'),(10,'quamrerumnecessitatibus','2017-06-12 20:33:37','2017-06-12 20:33:37'),(11,'etacorruptialiquamlaboriosam','2017-06-12 20:33:37','2017-06-12 20:33:37'),(12,'minimaconsecteturodioaliasfugit','2017-06-12 20:33:37','2017-06-12 20:33:37'),(13,'quiautminimareprehenderitconsequuntur','2017-06-12 20:33:37','2017-06-12 20:33:37'),(14,'quianonreiciendistempore','2017-06-12 20:33:37','2017-06-12 20:33:37'),(15,'repellatetex','2017-06-12 20:33:37','2017-06-12 20:33:37'),(16,'architectorerumexcepturi','2017-06-12 20:33:37','2017-06-12 20:33:37'),(17,'porroautex','2017-06-12 20:33:37','2017-06-12 20:33:37'),(18,'natusinciduntmollitiaquo','2017-06-12 20:33:37','2017-06-12 20:33:37'),(19,'voluptasmagniearumsapienteet','2017-06-12 20:33:37','2017-06-12 20:33:37'),(20,'quiaest','2017-06-12 20:33:37','2017-06-12 20:33:37'),(21,'corporisdolorem','2017-06-12 20:33:37','2017-06-12 20:33:37'),(22,'authic','2017-06-12 20:33:37','2017-06-12 20:33:37'),(23,'corruptiofficiaipsamfugiat','2017-06-12 20:33:37','2017-06-12 20:33:37'),(24,'nequeipsum','2017-06-12 20:33:37','2017-06-12 20:33:37'),(25,'voluptatemveniamiustodolorum','2017-06-12 20:33:37','2017-06-12 20:33:37'),(26,'eumhicpraesentium','2017-06-12 20:33:37','2017-06-12 20:33:37'),(27,'consequaturteneturquoipsadolore','2017-06-12 20:33:37','2017-06-12 20:33:37'),(28,'temporeet','2017-06-12 20:33:37','2017-06-12 20:33:37'),(29,'quidistinctioveritatismaioresoptio','2017-06-12 20:33:37','2017-06-12 20:33:37'),(30,'uteiusquamdelenitiquas','2017-06-12 20:33:37','2017-06-12 20:33:37'),(31,'ipsuminventoreestquidem','2017-06-12 20:33:37','2017-06-12 20:33:37'),(32,'numquamaperiamquae','2017-06-12 20:33:37','2017-06-12 20:33:37'),(33,'maximenostrumlaborumvero','2017-06-12 20:33:37','2017-06-12 20:33:37'),(34,'excepturimaiores','2017-06-12 20:33:37','2017-06-12 20:33:37'),(35,'veliteosdolorem','2017-06-12 20:33:37','2017-06-12 20:33:37'),(36,'etliberodebitisreiciendis','2017-06-12 20:33:37','2017-06-12 20:33:37'),(37,'aperiamullam','2017-06-12 20:33:37','2017-06-12 20:33:37'),(38,'rerumtemporibusofficiisunde','2017-06-12 20:33:37','2017-06-12 20:33:37'),(39,'quaeratsitadsuscipitut','2017-06-12 20:33:37','2017-06-12 20:33:37'),(40,'easint','2017-06-12 20:33:37','2017-06-12 20:33:37'),(41,'eosimpeditducimuseos','2017-06-12 20:33:37','2017-06-12 20:33:37'),(42,'autvoluptateslaboriosam','2017-06-12 20:33:37','2017-06-12 20:33:37'),(43,'dolordistinctiout','2017-06-12 20:33:37','2017-06-12 20:33:37'),(44,'doloresdignissimos','2017-06-12 20:33:37','2017-06-12 20:33:37'),(45,'possimusautadipiscilaudantiumfacilis','2017-06-12 20:33:37','2017-06-12 20:33:37'),(46,'laboriosamsint','2017-06-12 20:33:37','2017-06-12 20:33:37'),(47,'sedquiarchitectovelit','2017-06-12 20:33:37','2017-06-12 20:33:37'),(48,'doloribusisteenimexcepturi','2017-06-12 20:33:37','2017-06-12 20:33:37'),(49,'utvoluptasdelectuserror','2017-06-12 20:33:37','2017-06-12 20:33:37'),(50,'nesciunteligendi','2017-06-12 20:33:37','2017-06-12 20:33:37'),(51,'quoddolorsedcumitaque','2017-06-12 20:33:37','2017-06-12 20:33:37'),(52,'eiusinventorequiea','2017-06-12 20:33:37','2017-06-12 20:33:37'),(53,'culpalabore','2017-06-12 20:33:37','2017-06-12 20:33:37'),(54,'etaut','2017-06-12 20:33:37','2017-06-12 20:33:37'),(55,'praesentiumdeseruntinciduntconsequaturcum','2017-06-12 20:33:37','2017-06-12 20:33:37'),(56,'suntvelit','2017-06-12 20:33:37','2017-06-12 20:33:37'),(57,'veroconsecteturullamnonrem','2017-06-12 20:33:37','2017-06-12 20:33:37'),(58,'asperioresexpeditasintducimusomnis','2017-06-12 20:33:37','2017-06-12 20:33:37'),(59,'omniscorporis','2017-06-12 20:33:37','2017-06-12 20:33:37'),(60,'etsuscipit','2017-06-12 20:33:37','2017-06-12 20:33:37'),(61,'iddeserunteos','2017-06-12 20:33:37','2017-06-12 20:33:37'),(62,'maximedolores','2017-06-12 20:33:37','2017-06-12 20:33:37'),(63,'aharumvoluptatemidsunt','2017-06-12 20:33:37','2017-06-12 20:33:37'),(64,'nisieligendifugiatsimiliquererum','2017-06-12 20:33:37','2017-06-12 20:33:37'),(65,'undeaccusantiumenimlaborumsit','2017-06-12 20:33:37','2017-06-12 20:33:37'),(66,'dignissimosutautdelectusincidunt','2017-06-12 20:33:37','2017-06-12 20:33:37'),(67,'repellatconsequaturcommodirerum','2017-06-12 20:33:37','2017-06-12 20:33:37'),(68,'nesciunterrorrationenobisconsequatur','2017-06-12 20:33:37','2017-06-12 20:33:37'),(69,'suntlaboredebitishicamet','2017-06-12 20:33:37','2017-06-12 20:33:37'),(70,'enimvoluptatibus','2017-06-12 20:33:37','2017-06-12 20:33:37'),(71,'sintsequidolores','2017-06-12 20:33:37','2017-06-12 20:33:37'),(72,'ametmolestias','2017-06-12 20:33:37','2017-06-12 20:33:37'),(73,'nequeetututhic','2017-06-12 20:33:37','2017-06-12 20:33:37'),(74,'itaquedebitisautrem','2017-06-12 20:33:37','2017-06-12 20:33:37'),(75,'evenietenimvero','2017-06-12 20:33:37','2017-06-12 20:33:37'),(76,'sintsuscipit','2017-06-12 20:33:37','2017-06-12 20:33:37'),(77,'utnobissunt','2017-06-12 20:33:37','2017-06-12 20:33:37'),(78,'fugiatquibusdamquisquam','2017-06-12 20:33:37','2017-06-12 20:33:37'),(79,'doloremquetemporererumprovident','2017-06-12 20:33:37','2017-06-12 20:33:37'),(80,'consecteturquitempore','2017-06-12 20:33:37','2017-06-12 20:33:37'),(81,'nemoporrovoluptates','2017-06-12 20:33:37','2017-06-12 20:33:37'),(82,'quaerataccusamusearepudiandaebeatae','2017-06-12 20:33:37','2017-06-12 20:33:37'),(83,'temporaquiaadipisci','2017-06-12 20:33:37','2017-06-12 20:33:37'),(84,'harumiste','2017-06-12 20:33:37','2017-06-12 20:33:37'),(85,'maximeducimus','2017-06-12 20:33:37','2017-06-12 20:33:37'),(86,'quasiea','2017-06-12 20:33:37','2017-06-12 20:33:37'),(87,'sedeligendiducimusratione','2017-06-12 20:33:37','2017-06-12 20:33:37'),(88,'cumliberoexplicaboodio','2017-06-12 20:33:37','2017-06-12 20:33:37'),(89,'voluptatibusvoluptasremcupiditate','2017-06-12 20:33:37','2017-06-12 20:33:37'),(90,'delectusquia','2017-06-12 20:33:37','2017-06-12 20:33:37'),(91,'etsuntadipisciaut','2017-06-12 20:33:37','2017-06-12 20:33:37'),(92,'exestaut','2017-06-12 20:33:37','2017-06-12 20:33:37'),(93,'utodio','2017-06-12 20:33:37','2017-06-12 20:33:37'),(94,'laudantiuminsitlaboriosamaut','2017-06-12 20:33:37','2017-06-12 20:33:37'),(95,'voluptatemomnisutsedest','2017-06-12 20:33:37','2017-06-12 20:33:37'),(96,'vitaeipsummodi','2017-06-12 20:33:37','2017-06-12 20:33:37'),(97,'praesentiumnatusveroaut','2017-06-12 20:33:37','2017-06-12 20:33:37'),(98,'nihilnobis','2017-06-12 20:33:37','2017-06-12 20:33:37'),(99,'iuredoloreligendi','2017-06-12 20:33:37','2017-06-12 20:33:37'),(100,'nonexalias','2017-06-12 20:33:37','2017-06-12 20:33:37'),(101,'remblanditiis','2017-06-12 20:33:37','2017-06-12 20:33:37'),(102,'liberositidvoluptatibusitaque','2017-06-12 20:33:37','2017-06-12 20:33:37'),(103,'saepeodionisiconsequaturaspernatur','2017-06-12 20:33:37','2017-06-12 20:33:37'),(104,'nulladucimusteneturrerum','2017-06-12 20:33:37','2017-06-12 20:33:37'),(105,'quivoluptatesautemdolorum','2017-06-12 20:33:37','2017-06-12 20:33:37'),(106,'minusquo','2017-06-12 20:33:37','2017-06-12 20:33:37'),(107,'quiplaceatautmagni','2017-06-12 20:33:37','2017-06-12 20:33:37'),(108,'rationevoluptatemrepudiandae','2017-06-12 20:33:37','2017-06-12 20:33:37'),(109,'adipiscimodisitquosofficiis','2017-06-12 20:33:37','2017-06-12 20:33:37'),(110,'praesentiumsuntomnisanimi','2017-06-12 20:33:37','2017-06-12 20:33:37'),(111,'etsequiassumenda','2017-06-12 20:33:37','2017-06-12 20:33:37'),(112,'quiessefugiatveniamvel','2017-06-12 20:33:37','2017-06-12 20:33:37'),(113,'optiovoluptassuscipit','2017-06-12 20:33:37','2017-06-12 20:33:37'),(114,'molestiasnullaeosnumquam','2017-06-12 20:33:37','2017-06-12 20:33:37'),(115,'utdolorenecessitatibus','2017-06-12 20:33:37','2017-06-12 20:33:37'),(116,'autesteumeumhic','2017-06-12 20:33:37','2017-06-12 20:33:37'),(117,'eamolestiaeatquequisequi','2017-06-12 20:33:37','2017-06-12 20:33:37'),(118,'suntut','2017-06-12 20:33:37','2017-06-12 20:33:37'),(119,'tenetursintautveroomnis','2017-06-12 20:33:37','2017-06-12 20:33:37'),(120,'illoautemnatusestcum','2017-06-12 20:33:37','2017-06-12 20:33:37'),(121,'molestiasvoluptasfugiatnihil','2017-06-12 20:33:37','2017-06-12 20:33:37'),(122,'repellatitaqueblanditiisnamducimus','2017-06-12 20:33:37','2017-06-12 20:33:37'),(123,'autnumquamquisquamnatusdignissimos','2017-06-12 20:33:37','2017-06-12 20:33:37'),(124,'sintidest','2017-06-12 20:33:37','2017-06-12 20:33:37'),(125,'veritatisvoluptasnobisfugaad','2017-06-12 20:33:37','2017-06-12 20:33:37'),(126,'dolorlaborumestliberoaliquid','2017-06-12 20:33:37','2017-06-12 20:33:37'),(127,'cumqueexcepturi','2017-06-12 20:33:37','2017-06-12 20:33:37'),(128,'eumlaudantium','2017-06-12 20:33:37','2017-06-12 20:33:37'),(129,'fugiatilloquosvelit','2017-06-12 20:33:37','2017-06-12 20:33:37'),(130,'pariaturvelit','2017-06-12 20:33:37','2017-06-12 20:33:37'),(131,'minusquia','2017-06-12 20:33:37','2017-06-12 20:33:37'),(132,'hicreprehenderitquidemomnis','2017-06-12 20:33:37','2017-06-12 20:33:37'),(133,'laboriosamomnis','2017-06-12 20:33:37','2017-06-12 20:33:37'),(134,'rerumdolorem','2017-06-12 20:33:37','2017-06-12 20:33:37'),(135,'etveroofficiapossimusvel','2017-06-12 20:33:37','2017-06-12 20:33:37'),(136,'quiomnisoccaecatifacerevoluptatem','2017-06-12 20:33:37','2017-06-12 20:33:37'),(137,'suscipitnatusporro','2017-06-12 20:33:37','2017-06-12 20:33:37'),(138,'utin','2017-06-12 20:33:37','2017-06-12 20:33:37'),(139,'etsinthic','2017-06-12 20:33:37','2017-06-12 20:33:37'),(140,'quisquamundesunt','2017-06-12 20:33:37','2017-06-12 20:33:37'),(141,'etvelitnulla','2017-06-12 20:33:37','2017-06-12 20:33:37'),(142,'iustoateligendimodi','2017-06-12 20:33:37','2017-06-12 20:33:37'),(143,'sitrationeea','2017-06-12 20:33:37','2017-06-12 20:33:37'),(144,'sintfugiteasuntconsequuntur','2017-06-12 20:33:37','2017-06-12 20:33:37'),(145,'maioresautet','2017-06-12 20:33:37','2017-06-12 20:33:37'),(146,'voluptatemaut','2017-06-12 20:33:37','2017-06-12 20:33:37'),(147,'voluptatemeligendiodit','2017-06-12 20:33:37','2017-06-12 20:33:37'),(148,'corporisnon','2017-06-12 20:33:37','2017-06-12 20:33:37'),(149,'quiavel','2017-06-12 20:33:37','2017-06-12 20:33:37'),(150,'etmolestiaevoluptate','2017-06-12 20:33:37','2017-06-12 20:33:37'),(151,'dolorsuscipit','2017-06-12 20:33:37','2017-06-12 20:33:37'),(152,'hicnihil','2017-06-12 20:33:37','2017-06-12 20:33:37'),(153,'laboriosamexcepturi','2017-06-12 20:33:37','2017-06-12 20:33:37'),(154,'autdelectuscorrupti','2017-06-12 20:33:37','2017-06-12 20:33:37'),(155,'sapienteplaceatmolestiaeeosin','2017-06-12 20:33:37','2017-06-12 20:33:37'),(156,'eosilloesse','2017-06-12 20:33:37','2017-06-12 20:33:37'),(157,'quieosasperiores','2017-06-12 20:33:37','2017-06-12 20:33:37'),(158,'etrerumadipisci','2017-06-12 20:33:37','2017-06-12 20:33:37'),(159,'voluptatemlaboremolestiae','2017-06-11 17:55:23','2017-06-11 17:55:23'),(160,'nihileligendivoluptatecorporisesse','2017-06-11 17:55:23','2017-06-11 17:55:23'),(161,'veritatisasperioresipsum','2017-06-11 17:55:23','2017-06-11 17:55:23'),(162,'reiciendisullamneque','2017-06-11 17:55:23','2017-06-11 17:55:23'),(163,'laboriosametrerumquia','2017-06-11 17:55:23','2017-06-11 17:55:23'),(164,'etnemominima','2017-06-11 17:55:23','2017-06-11 17:55:23'),(165,'evenietdoloremtotamin','2017-06-11 17:55:23','2017-06-11 17:55:23'),(166,'errorreiciendis','2017-06-11 17:55:23','2017-06-11 17:55:23'),(167,'dictaiustodebitisrepellendus','2017-06-11 17:55:23','2017-06-11 17:55:23'),(168,'consequaturaspernaturest','2017-06-11 17:55:23','2017-06-11 17:55:23'),(169,'possimusdoloremqueteneturaut','2017-06-11 17:55:23','2017-06-11 17:55:23'),(170,'explicabodeserunt','2017-06-11 17:55:23','2017-06-11 17:55:23'),(171,'automnisaspernaturquia','2017-06-11 17:55:23','2017-06-11 17:55:23'),(172,'maximemolestiaequidemcorporis','2017-06-11 17:55:23','2017-06-11 17:55:23'),(173,'remestmolestias','2017-06-11 17:55:23','2017-06-11 17:55:23'),(174,'fugarem','2017-06-11 17:55:23','2017-06-11 17:55:23'),(175,'voluptasauteaque','2017-06-11 17:55:23','2017-06-11 17:55:23'),(176,'quiaaspernatur','2017-06-11 17:55:23','2017-06-11 17:55:23'),(177,'eteumeavoluptatibusdolore','2017-06-11 17:55:23','2017-06-11 17:55:23'),(178,'perspiciatiset','2017-06-11 17:55:23','2017-06-11 17:55:23'),(179,'quiapraesentiumnequevelitperferendis','2017-06-12 18:17:27','2017-06-12 18:17:27'),(180,'velquibusdamaccusantiumexercitationem','2017-06-12 18:17:27','2017-06-12 18:17:27'),(181,'impeditnecessitatibusdolorumsed','2017-06-12 18:17:27','2017-06-12 18:17:27'),(182,'minimadoloreetipsamest','2017-06-12 18:17:27','2017-06-12 18:17:27'),(183,'quisquamrem','2017-06-07 08:10:24','2017-06-07 08:10:24'),(184,'iustomagnidistinctio','2017-06-07 08:10:24','2017-06-07 08:10:24'),(185,'explicaboiure','2017-06-07 08:10:24','2017-06-07 08:10:24'),(186,'ipsamaliquam','2017-06-07 08:10:24','2017-06-07 08:10:24'),(187,'reiciendisconsequuntur','2017-06-07 08:10:24','2017-06-07 08:10:24'),(188,'modinihil','2017-06-07 08:10:24','2017-06-07 08:10:24'),(189,'doloremquepariaturdistinctio','2017-06-07 08:10:24','2017-06-07 08:10:24'),(190,'eumbeatae','2017-06-12 20:33:37','2017-06-12 20:33:37'),(191,'autearumaliquid','2017-06-12 20:33:37','2017-06-12 20:33:37'),(192,'aliquiddistinctiorepellendusoptioconsequuntur','2017-06-12 20:33:37','2017-06-12 20:33:37'),(193,'doloremvoluptashicsimilique','2017-06-12 20:33:37','2017-06-12 20:33:37'),(194,'sapienteipsumasperioresblanditiis','2017-06-12 20:33:37','2017-06-12 20:33:37'),(195,'etsuntea','2017-06-12 20:33:37','2017-06-12 20:33:37'),(196,'quiadest','2017-06-12 20:33:37','2017-06-12 20:33:37'),(197,'etutfugadoloremquevelit','2017-06-12 20:33:37','2017-06-12 20:33:37'),(198,'veritatisadipiscidebitisquasi','2017-06-12 20:33:37','2017-06-12 20:33:37'),(199,'expeditaconsecteturomnisaliquam','2017-06-12 20:33:37','2017-06-12 20:33:37'),(200,'asperioressedavoluptatemquibusdam','2017-06-12 20:33:37','2017-06-12 20:33:37'),(201,'quodlaborumcorruptiexercitationem','2017-06-12 20:33:37','2017-06-12 20:33:37'),(202,'doloreinciduntquia','2017-06-12 20:33:37','2017-06-12 20:33:37'),(203,'atadnullacum','2017-06-12 20:33:37','2017-06-12 20:33:37'),(204,'etvoluptatesvoluptatem','2017-06-12 20:33:37','2017-06-12 20:33:37'),(205,'suntanimi','2017-06-12 20:33:37','2017-06-12 20:33:37'),(206,'omnisvitaeblanditiis','2017-06-12 20:33:37','2017-06-12 20:33:37'),(207,'estnulla','2017-06-12 20:33:37','2017-06-12 20:33:37'),(208,'laboreperspiciatisasperioresillumsit','2017-06-07 00:00:00','2017-06-07 00:00:00'),(209,'veritatisveniamnobisquisquamet','2017-06-07 00:00:00','2017-06-07 00:00:00'),(210,'nullacorruptiestvoluptatesint','2017-06-07 00:00:00','2017-06-07 00:00:00'),(211,'autemad','2017-06-12 20:33:37','2017-06-12 20:33:37'),(212,'iustotemporibuscumquenostrum','2017-06-12 20:33:37','2017-06-12 20:33:37'),(213,'etinquoquam','2017-06-12 20:33:37','2017-06-12 20:33:37'),(214,'expeditamodiharumid','2017-06-12 20:33:37','2017-06-12 20:33:37'),(215,'autexercitationemassumendarerum','2017-06-12 20:33:37','2017-06-12 20:33:37'),(216,'solutased','2017-06-12 20:33:37','2017-06-12 20:33:37'),(217,'quisunttempora','2017-06-12 20:33:37','2017-06-12 20:33:37'),(218,'voluptatequiaet','2017-06-12 20:33:37','2017-06-12 20:33:37'),(219,'quiaattemporibusautsaepe','2017-06-12 20:33:37','2017-06-12 20:33:37'),(220,'involuptatibusquia','2017-06-12 20:33:37','2017-06-12 20:33:37'),(221,'delectuslaboreetdoloriusto','2017-06-12 20:33:37','2017-06-12 20:33:37'),(222,'nisiestdoloremnon','2017-06-12 20:33:37','2017-06-12 20:33:37'),(223,'etsaepedignissimos','2017-06-12 20:33:37','2017-06-12 20:33:37'),(224,'etametexcepturidolor','2017-06-12 20:33:37','2017-06-12 20:33:37'),(225,'quiautofficiaexcepturiamet','2017-06-12 20:33:37','2017-06-12 20:33:37'),(226,'eadolorumdelectuslaudantium','2017-06-07 00:00:00','2017-06-07 00:00:00'),(227,'iddebitiseumquiatque','2017-06-07 00:00:00','2017-06-07 00:00:00'),(228,'etperferendistotam','2017-06-07 00:00:00','2017-06-07 00:00:00'),(229,'minimautquiasimilique','2017-06-12 20:33:37','2017-06-12 20:33:37'),(230,'exarchitectoestquo','2017-06-12 20:33:37','2017-06-12 20:33:37'),(231,'noneaquevitaeexplicaboexcepturi','2017-06-12 20:33:37','2017-06-12 20:33:37'),(232,'consequaturrepellat','2017-06-12 20:33:37','2017-06-12 20:33:37'),(233,'molestiassimilique','2017-06-12 20:33:37','2017-06-12 20:33:37'),(234,'vitaecommodi','2017-06-12 20:33:37','2017-06-12 20:33:37'),(235,'nequeodiofacereeasaepe','2017-06-12 20:33:37','2017-06-12 20:33:37'),(236,'illumhicab','2017-06-12 20:33:37','2017-06-12 20:33:37'),(237,'dolorenimculpafugiatblanditiis','2017-06-12 20:33:37','2017-06-12 20:33:37'),(238,'nonsit','2017-06-12 20:33:37','2017-06-12 20:33:37'),(239,'doloremexplicaboquiratione','2017-06-12 20:33:37','2017-06-12 20:33:37'),(240,'explicaboseddistinctioquo','2017-06-12 20:33:37','2017-06-12 20:33:37'),(241,'praesentiumea','2017-06-12 20:33:37','2017-06-12 20:33:37'),(242,'eligendinatussaepeomnisipsam','2017-06-12 20:33:37','2017-06-12 20:33:37'),(243,'aperiamsequi','2017-06-12 20:33:37','2017-06-12 20:33:37'),(244,'quisquamisteid','2017-06-12 20:33:37','2017-06-12 20:33:37'),(245,'maximenobissunt','2017-06-12 20:33:37','2017-06-12 20:33:37'),(246,'veldictaillumfugitconsequatur','2017-06-12 20:33:37','2017-06-12 20:33:37'),(247,'maioresdictaremesseenim','2017-06-12 20:33:37','2017-06-12 20:33:37'),(248,'aliasaperiamexcepturisintofficiis','2017-06-12 20:33:37','2017-06-12 20:33:37'),(249,'nequedeseruntconsequatureosaut','2017-06-12 20:33:37','2017-06-12 20:33:37'),(250,'pariatureosaliaseaque','2017-06-12 20:33:37','2017-06-12 20:33:37'),(251,'cumautemvoluptatibus','2017-06-12 20:33:37','2017-06-12 20:33:37'),(252,'cumquequiin','2017-06-12 20:33:37','2017-06-12 20:33:37'),(253,'blanditiisreprehenderit','2017-06-12 20:33:37','2017-06-12 20:33:37'),(254,'evenietaliastotam','2017-06-12 20:33:37','2017-06-12 20:33:37'),(255,'doloremquemodi','2017-06-12 20:33:37','2017-06-12 20:33:37'),(256,'etquisquidemmaximeomnis','2017-06-12 20:33:37','2017-06-12 20:33:37'),(257,'cumrempossimus','2017-06-12 20:33:37','2017-06-12 20:33:37'),(258,'quiblanditiis','2017-06-12 20:33:37','2017-06-12 20:33:37'),(259,'repudiandaedelenitivoluptaset','2017-06-12 20:33:37','2017-06-12 20:33:37'),(260,'temporeculpaautemsapienteconsequatur','2017-06-12 20:33:37','2017-06-12 20:33:37'),(261,'maximeomnissednon','2017-06-12 20:33:37','2017-06-12 20:33:37'),(262,'omnisnecessitatibustempore','2017-06-12 20:33:37','2017-06-12 20:33:37'),(263,'consecteturmollitiasedconsequuntur','2017-06-12 20:33:37','2017-06-12 20:33:37'),(264,'doloripsacum','2017-06-12 20:33:37','2017-06-12 20:33:37'),(265,'reprehenderitillumestutipsa','2017-06-12 20:33:37','2017-06-12 20:33:37'),(266,'remnihil','2017-06-12 20:33:37','2017-06-12 20:33:37');
/*!40000 ALTER TABLE `suppliers` ENABLE KEYS */;
UNLOCK TABLES;

--
-- Table structure for table `users`
--

DROP TABLE IF EXISTS `users`;
/*!40101 SET @saved_cs_client     = @@character_set_client */;
/*!40101 SET character_set_client = utf8 */;
CREATE TABLE `users` (
  `id` int(11) NOT NULL AUTO_INCREMENT,
  `login` varchar(255) COLLATE utf8_unicode_ci DEFAULT NULL,
  `firstname` varchar(255) COLLATE utf8_unicode_ci DEFAULT NULL,
  `lastname` varchar(255) COLLATE utf8_unicode_ci DEFAULT NULL,
  `phone` varchar(255) COLLATE utf8_unicode_ci DEFAULT NULL,
  `authentication_system_id` int(11) DEFAULT '1',
  `unique_id` varchar(255) COLLATE utf8_unicode_ci DEFAULT NULL,
  `email` varchar(255) COLLATE utf8_unicode_ci DEFAULT NULL,
  `badge_id` varchar(255) COLLATE utf8_unicode_ci DEFAULT NULL,
  `address` varchar(255) COLLATE utf8_unicode_ci DEFAULT NULL,
  `city` varchar(255) COLLATE utf8_unicode_ci DEFAULT NULL,
  `zip` varchar(255) COLLATE utf8_unicode_ci DEFAULT NULL,
  `country` varchar(255) COLLATE utf8_unicode_ci DEFAULT NULL,
  `language_id` int(11) DEFAULT NULL,
  `extended_info` text COLLATE utf8_unicode_ci,
  `settings` varchar(1024) COLLATE utf8_unicode_ci DEFAULT NULL,
  `created_at` datetime DEFAULT NULL,
  `updated_at` datetime DEFAULT NULL,
  `delegator_user_id` int(11) DEFAULT NULL,
  PRIMARY KEY (`id`),
  KEY `index_users_on_authentication_system_id` (`authentication_system_id`)
) ENGINE=InnoDB AUTO_INCREMENT=37 DEFAULT CHARSET=utf8 COLLATE=utf8_unicode_ci;
/*!40101 SET character_set_client = @saved_cs_client */;

--
-- Dumping data for table `users`
--

LOCK TABLES `users` WRITE;
/*!40000 ALTER TABLE `users` DISABLE KEYS */;
INSERT INTO `users` VALUES (1,'ramon','Ramon','C.','05563543259',1,'r7js1d5yc2wuedivrm','ramon@zhdk.ch','wml6872g0qaqjx363v','931 Kaia Place','East Donny','N-W5 4HO','Nauru',2,NULL,'--- !ruby/hash:ActiveSupport::HashWithIndifferentAccess {}\n','2017-06-12 20:33:37','2017-06-12 20:33:37',NULL),(2,'guy_reinger_7179','Gillian','Swift','08350825008',1,'6tavktykntdk006ryv','treva@greenholt.name','xtjiueqwof8ldm8dws','302 Manuel Brooks','New Gwen','K-Y1 7AB','Kuwait',1,NULL,'--- !ruby/hash:ActiveSupport::HashWithIndifferentAccess {}\n','2017-06-12 20:33:37','2017-06-12 20:33:37',NULL),(3,'remington_1485','Gust','Langosh','08542037306',1,'d68b8op5z04909z0i6','patrick@jakubowskipowlowski.co.uk','dsrql3vqu09wawaq5m','17919 Stehr Pass','Lindside','Y-W3H 1BD','Yemen',1,NULL,'--- !ruby/hash:ActiveSupport::HashWithIndifferentAccess {}\n','2017-06-12 20:33:37','2017-06-12 20:33:37',NULL),(4,'lauren_6376','Johathan','Lakin','03633912048',1,'s3uk6xvkd2oaqo4j1g','matilde.baumbach@stracke.biz','izz2vetpx5y9dasr0t','4637 Bailey Rapids','South Estelleburgh','K-WR9R 8JY','Kiribati',1,NULL,'--- !ruby/hash:ActiveSupport::HashWithIndifferentAccess {}\n','2017-06-12 20:33:37','2017-06-12 20:33:37',NULL),(5,'murray_2727','Coty','Crona','0169779199',1,'cb038860rpz4poxvfd','priscilla.herzog@farrellgerhold.com','m6wlbahuu3dn6bio6o','537 Maud Corners','Sedrickton','L-ZB6 2XB','Liberia',1,NULL,'--- !ruby/hash:ActiveSupport::HashWithIndifferentAccess {}\n','2017-06-12 20:33:37','2017-06-12 20:33:37',NULL),(6,'ibrahim_conroy_6778','Dennis','Shields','01423520038',1,'71vs6enjk6qqo25ofc','gilberto.parker@barrows.com','rrhs5d4q8tecz5qt72','732 Cynthia Highway','Hoppeville','L-Y7 2LW','Liechtenstein',1,NULL,'--- !ruby/hash:ActiveSupport::HashWithIndifferentAccess {}\n','2017-06-12 20:33:37','2017-06-12 20:33:37',NULL),(7,'christa_3024','Ulices','Rohan','08225443922',1,'jbzbui6ws3pbhc3pug','chadd_reynolds@bashirian.name','d0yaj6t2vk8j74kxne','77072 Collins Hills','Hunterport','P-U0 2JB','Pakistan',1,NULL,'--- !ruby/hash:ActiveSupport::HashWithIndifferentAccess {}\n','2017-06-12 20:33:37','2017-06-12 20:33:37',NULL),(8,'matti','Matti','S.','01417512280',1,'zdseqf0nwew8ydej8a','matti@zhdk.ch','hubz2g6n0ni7hx9jbf','75800 Kunze Spurs','East Chandlerport','G-SQ2 3FB','Guadeloupe',2,NULL,'--- !ruby/hash:ActiveSupport::HashWithIndifferentAccess {}\n','2017-06-12 20:33:37','2017-06-12 20:33:37',NULL),(9,'mike','Mike','H.','0500878685',1,'5ytov38ufmxpingqd9','mike@zhdk.ch','atxwpe20ld4b8ntcct','920 Abbott Underpass','Maddisonport','Z-ZF4E 5EB','Zambia',2,NULL,'--- !ruby/hash:ActiveSupport::HashWithIndifferentAccess {}\n','2017-06-12 20:33:37','2017-06-12 20:33:37',NULL),(10,'andi','Andi','Feest','0800925510',1,'odqblxplo68jguonfx','andi@zhdk.ch','3d43a0x5fekd13bgnp','93398 Blanda Knoll','Homenickville','N-YX0 8LA','Norfolk Island',2,NULL,'--- !ruby/hash:ActiveSupport::HashWithIndifferentAccess {}\n','2017-06-12 20:33:37','2017-06-12 20:33:37',NULL),(11,'abel_3382','Dillon','Cassin','03704188667',1,'fs3ejbl8m7efrru9gl','keara@gleasontillman.com','owq0ip06w7jcp2234f','70250 Sabina Passage','South Alexa','C-WF6N 7ZJ','Cape Verde',2,NULL,'--- !ruby/hash:ActiveSupport::HashWithIndifferentAccess {}\n','2017-06-12 20:33:37','2017-06-12 20:33:37',NULL),(12,'seth_817','Kayden','Schulist','02940526800',1,'82fcix2z9y346p8mcy','braden@schuster.co.uk','03kh65xjup686wst33','122 Schinner Groves','Ferminport','N-YS4R 3GZ','Netherlands Antilles',1,NULL,'--- !ruby/hash:ActiveSupport::HashWithIndifferentAccess {}\n','2017-06-12 20:33:37','2017-06-12 20:33:37',NULL),(13,'reta.lueilwitz_8073','Ryder','Klein','05516756244',1,'bpd3md4006q0zvgh8w','muriel@haley.name','f17znkhuf5xket0nki','47941 Reichel Highway','West Ottilie','C-Z5 9RA','Cocos (Keeling) Islands',1,NULL,'--- !ruby/hash:ActiveSupport::HashWithIndifferentAccess {}\n','2017-06-12 20:33:37','2017-06-12 20:33:37',NULL),(14,'mohammed_9437','Jermaine','Gottlieb','0500331366',1,'hddhpud3w4uoc0lxmr','lindsey@wuckert.info','615hu4qtan79jaxgh4','9324 Nitzsche Estate','Gulgowskichester','R-HB6 5BA','Reunion',1,NULL,'--- !ruby/hash:ActiveSupport::HashWithIndifferentAccess {}\n','2017-06-12 20:33:37','2017-06-12 20:33:37',NULL),(15,'francesco.koelpin_8699','Brian','Bogisich','0169774072',1,'gd92t4lbaz6r4iz1hn','tierra.hartmann@ruecker.com','c7z0xk4kwfhitpvt37','2961 Rigoberto Shores','Lake Ignaciomouth','B-W5 4ZA','Bhutan',1,NULL,'--- !ruby/hash:ActiveSupport::HashWithIndifferentAccess {}\n','2017-06-12 20:33:37','2017-06-12 20:33:37',NULL),(16,'giovanni_7192','Dane','Parker','0183762986',1,'5ve45m2vg57np85sm3','jammie@haley.co.uk','j4wga729acxegx4o61','35495 Pfeffer Highway','O\'Connerville','S-YF2 6HL','Saint Kitts and Nevis',1,NULL,'--- !ruby/hash:ActiveSupport::HashWithIndifferentAccess {}\n','2017-06-12 20:33:37','2017-06-12 20:33:37',NULL),(17,'gino','Gino','F.','05521570618',1,'4citk5zlibhg1tyeq1','gino@zhdk.ch','nct6we0k1mbvmzdt1r','47574 Garth Knolls','Mayrafort','P-RT9 9BR','Poland',2,NULL,'--- !ruby/hash:ActiveSupport::HashWithIndifferentAccess {}\n','2017-06-12 20:33:37','2017-06-12 20:33:37',NULL),(18,'pius','Pius','Jaskolski','01512136183',1,'r3qnls6obmes4w0w9t','pius@zhdk.ch','dooln36feub9tfsn85','867 Koch Ford','South Donald','I-W2N 3BZ','Iceland',2,NULL,'--- !ruby/hash:ActiveSupport::HashWithIndifferentAccess {}\n','2017-06-12 20:33:37','2017-06-12 20:33:37',NULL),(19,'peter','Peter','Silie','0500777622',1,'7dt64x5nmt4fu0d7ra','peter@silie.com','rn7dinxdbfaulz6zwq','7377 Carter Row','Skilesport','M-F72 7LA','Maldives',2,NULL,'--- !ruby/hash:ActiveSupport::HashWithIndifferentAccess {}\n','2017-06-12 20:33:37','2017-06-12 20:33:37',NULL),(20,'jedidiah_3533','Luella','Vandervort','01794882033',1,'v3h8qig32zg13wirlj','patrick@mckenziedubuque.info','fmx28u1owifodjhz76','1730 Brenna Well','South Cyrilstad','C-YU0 7AL','China',1,NULL,'--- !ruby/hash:ActiveSupport::HashWithIndifferentAccess {}\n','2017-06-12 20:33:37','2017-06-12 20:33:37',NULL),(21,'marty_4245','Shaylee','Rodriguez','0115449598',1,'7if55mswidrkxjr5w0','alvera@pfeffer.info','ukt9uwrjp0pyw7zfcl','64230 Cristal Isle','Lucychester','B-Y0B 0ZD','Brunei Darussalam',1,NULL,'--- !ruby/hash:ActiveSupport::HashWithIndifferentAccess {}\n','2017-06-12 20:33:37','2017-06-12 20:33:37',NULL),(22,'creola_1398','Helmer','Kuphal','0169776940',1,'e80r86ws220htgrn2g','monroe@reinger.name','7eguuh3w4a6laesgk4','26034 Harber Stravenue','North Albina','M-U2N 7UE','Mauritania',1,NULL,'--- !ruby/hash:ActiveSupport::HashWithIndifferentAccess {}\n','2017-06-12 20:33:37','2017-06-12 20:33:37',NULL),(23,'ian_thompson_3365','Ansley','Maggio','05669160033',1,'s9thjvl1srqbkjetkc','damaris@gutkowskihilpert.info','35csul6rcsa2831zzt','376 VonRueden Mount','New Lucas','A-T8A 5JU','Antigua and Barbuda',1,NULL,'--- !ruby/hash:ActiveSupport::HashWithIndifferentAccess {}\n','2017-06-12 20:33:37','2017-06-12 20:33:37',NULL),(24,'micah_becker_8101','Keagan','Parisian','0169774601',1,'uqvk7uiwz33af768y2','americo.dach@medhurst.co.uk','eqbq943x6cbtsfjiar','723 Emma Loop','Swaniawskiton','A-P41 3GL','Angola',1,NULL,'--- !ruby/hash:ActiveSupport::HashWithIndifferentAccess {}\n','2017-06-07 00:00:00','2017-06-07 00:00:00',NULL),(25,'eden_2151','Alexys','Mills','01392774182',1,'fdef5u77a9tyixlaha','ivah@bergstrom.biz','oky7sjsbhpu8l69dpn','82055 Miller Camp','Marksfurt','K-UE4 1LJ','Kyrgyz Republic',1,NULL,'--- !ruby/hash:ActiveSupport::HashWithIndifferentAccess {}\n','2017-06-07 00:00:00','2017-06-07 00:00:00',NULL),(26,'brannon_3182','Zelda','Schroeder','03199911617',1,'l3idq440if769oli8d','cruz@gislason.info','xif506f87xl9rb7vw9','22824 Esta Green','North Theaton','A-UY4E 8BB','Antarctica (the territory South of 60 deg S)',1,NULL,'--- !ruby/hash:ActiveSupport::HashWithIndifferentAccess {}\n','2017-06-12 20:33:37','2017-06-12 20:33:37',NULL),(27,'jenifer.ankunding_626','Jamel','Toy','03202783410',1,'ey3c8oqx8p7aq06sks','declan_homenick@herman.info','1b29q1iqhddwdjle3p','68481 Altenwerth Turnpike','West Tremaine','G-W9 8JB','Gibraltar',1,NULL,'--- !ruby/hash:ActiveSupport::HashWithIndifferentAccess {}\n','2017-06-12 20:33:37','2017-06-12 20:33:37',NULL),(28,'mina','Mina','Miller','05615356092',1,'lbtdbq2qnrlv8d4jgs','mina@zhdk.ch','cqdmd7usb7ks059q4q','6691 Padberg Lodge','Shanefurt','V-WQ2 8BJ','Virgin Islands, British',1,NULL,'--- !ruby/hash:ActiveSupport::HashWithIndifferentAccess {}\n','2017-06-12 20:33:37','2017-06-12 20:33:37',NULL),(29,'julie','Julie','Upton','01128697476',1,'bs0fjzeis3n3ik63u6','julie@zhdk.ch','7eyfyxrrhahpf50vmm','15841 Waelchi Rest','New Raymundo','B-Y4H 1AY','Brazil',1,NULL,'--- !ruby/hash:ActiveSupport::HashWithIndifferentAccess {}\n','2017-06-12 20:33:37','2017-06-12 20:33:37',NULL),(30,NULL,'Fuga et nulla quibusdam accusamus autem eaque natus.',NULL,NULL,NULL,NULL,NULL,NULL,NULL,NULL,NULL,NULL,1,NULL,'--- !ruby/hash:ActiveSupport::HashWithIndifferentAccess {}\n','2017-06-12 20:33:37','2017-06-12 20:33:37',29),(31,NULL,'Voluptate voluptatem veritatis cupiditate ab dolor cumque.',NULL,NULL,NULL,NULL,NULL,NULL,NULL,NULL,NULL,NULL,1,NULL,'--- !ruby/hash:ActiveSupport::HashWithIndifferentAccess {}\n','2017-06-12 20:33:37','2017-06-12 20:33:37',28),(32,NULL,'Distinctio iure minima qui.',NULL,NULL,NULL,NULL,NULL,NULL,NULL,NULL,NULL,NULL,1,NULL,'--- !ruby/hash:ActiveSupport::HashWithIndifferentAccess {}\n','2017-06-12 20:33:37','2017-06-12 20:33:37',28),(33,NULL,'Id mollitia sunt expedita et distinctio.',NULL,NULL,NULL,NULL,NULL,NULL,NULL,NULL,NULL,NULL,1,NULL,'--- !ruby/hash:ActiveSupport::HashWithIndifferentAccess {}\n','2017-06-12 20:33:37','2017-06-12 20:33:37',28),(34,'normin','Normin','N.','09694556139',1,'974u165r7nqf037dq4','normin@zhdk.ch','8nyp1qus7yolhwn1w1','94345 Rogers Islands','Valentinestad','V-F6 4LA','Virgin Islands, British',2,NULL,'--- !ruby/hash:ActiveSupport::HashWithIndifferentAccess {}\n','2017-06-12 20:33:37','2017-06-12 20:33:37',NULL),(35,'petra','Petra','K.','01195278548',1,'39eo4l5jx1snxw273e','petra@zhdk.ch','cbji2bwn0j3a9g7upi','292 Arvel Mission, ','South Vernaburgh','E-WF8 0LJ','Egypt',2,NULL,'--- !ruby/hash:ActiveSupport::HashWithIndifferentAccess {}\n','2017-06-12 20:33:37','2017-06-12 20:33:37',NULL),(36,'lisa','Lisa','L.','08832281469',1,'gvvgpnqy7v4i5ddkgu','lisa@zhdk.ch','0ostgkxzgx3c7rlwzs','1188 Idella Village','South Isac','U-U5A 9BX','Ukraine',2,NULL,'--- !ruby/hash:ActiveSupport::HashWithIndifferentAccess {}\n','2017-06-12 20:33:37','2017-06-12 20:33:37',NULL);
/*!40000 ALTER TABLE `users` ENABLE KEYS */;
UNLOCK TABLES;

--
-- Temporary table structure for view `visit_lines`
--

DROP TABLE IF EXISTS `visit_lines`;
/*!50001 DROP VIEW IF EXISTS `visit_lines`*/;
SET @saved_cs_client     = @@character_set_client;
SET character_set_client = utf8;
/*!50001 CREATE TABLE `visit_lines` (
  `visit_id` varchar(86),
  `inventory_pool_id` int(11),
  `user_id` int(11),
  `delegated_user_id` int(11),
  `status` enum('unsubmitted','submitted','rejected','approved','signed','closed'),
  `action` varchar(9),
  `date` date,
  `quantity` int(11),
  `contract_line_id` int(11)
) ENGINE=MyISAM */;
SET character_set_client = @saved_cs_client;

--
-- Temporary table structure for view `visits`
--

DROP TABLE IF EXISTS `visits`;
/*!50001 DROP VIEW IF EXISTS `visits`*/;
SET @saved_cs_client     = @@character_set_client;
SET character_set_client = utf8;
/*!50001 CREATE TABLE `visits` (
  `id` varchar(86),
  `inventory_pool_id` int(11),
  `user_id` int(11),
  `status` enum('unsubmitted','submitted','rejected','approved','signed','closed'),
  `action` varchar(9),
  `date` date,
  `quantity` decimal(32,0)
) ENGINE=MyISAM */;
SET character_set_client = @saved_cs_client;

--
-- Table structure for table `workdays`
--

DROP TABLE IF EXISTS `workdays`;
/*!40101 SET @saved_cs_client     = @@character_set_client */;
/*!40101 SET character_set_client = utf8 */;
CREATE TABLE `workdays` (
  `id` int(11) NOT NULL AUTO_INCREMENT,
  `inventory_pool_id` int(11) DEFAULT NULL,
  `monday` tinyint(1) DEFAULT '1',
  `tuesday` tinyint(1) DEFAULT '1',
  `wednesday` tinyint(1) DEFAULT '1',
  `thursday` tinyint(1) DEFAULT '1',
  `friday` tinyint(1) DEFAULT '1',
  `saturday` tinyint(1) DEFAULT '0',
  `sunday` tinyint(1) DEFAULT '0',
  PRIMARY KEY (`id`),
  KEY `index_workdays_on_inventory_pool_id` (`inventory_pool_id`)
) ENGINE=InnoDB AUTO_INCREMENT=14 DEFAULT CHARSET=utf8 COLLATE=utf8_unicode_ci;
/*!40101 SET character_set_client = @saved_cs_client */;

--
-- Dumping data for table `workdays`
--

LOCK TABLES `workdays` WRITE;
/*!40000 ALTER TABLE `workdays` DISABLE KEYS */;
INSERT INTO `workdays` VALUES (1,1,1,1,1,1,1,0,0),(2,2,1,1,1,1,1,0,0),(3,3,1,1,1,1,1,0,0),(4,4,1,1,1,1,1,0,0),(5,5,1,1,1,1,1,0,0),(6,6,1,1,1,1,1,0,0),(7,7,1,1,1,1,1,0,0),(8,8,1,1,1,1,1,0,0),(9,9,1,1,1,1,1,0,0),(10,10,1,1,1,1,1,0,0),(11,11,1,1,1,1,1,0,0),(12,12,1,1,1,1,1,0,0),(13,13,1,1,1,1,1,0,0);
/*!40000 ALTER TABLE `workdays` ENABLE KEYS */;
UNLOCK TABLES;

--
-- Final view structure for view `partitions_with_generals`
--

/*!50001 DROP TABLE IF EXISTS `partitions_with_generals`*/;
/*!50001 DROP VIEW IF EXISTS `partitions_with_generals`*/;
/*!50001 SET @saved_cs_client          = @@character_set_client */;
/*!50001 SET @saved_cs_results         = @@character_set_results */;
/*!50001 SET @saved_col_connection     = @@collation_connection */;
/*!50001 SET character_set_client      = utf8 */;
/*!50001 SET character_set_results     = utf8 */;
/*!50001 SET collation_connection      = utf8_general_ci */;
/*!50001 CREATE ALGORITHM=UNDEFINED */
/*!50001 VIEW `partitions_with_generals` AS select `partitions`.`model_id` AS `model_id`,`partitions`.`inventory_pool_id` AS `inventory_pool_id`,`partitions`.`group_id` AS `group_id`,`partitions`.`quantity` AS `quantity` from `partitions` union select `i`.`model_id` AS `model_id`,`i`.`inventory_pool_id` AS `inventory_pool_id`,NULL AS `group_id`,(count(`i`.`id`) - ifnull((select sum(`p`.`quantity`) from `partitions` `p` where ((`p`.`model_id` = `i`.`model_id`) and (`p`.`inventory_pool_id` = `i`.`inventory_pool_id`)) group by `p`.`inventory_pool_id`,`p`.`model_id`),0)) AS `quantity` from `items` `i` where (isnull(`i`.`retired`) and (`i`.`is_borrowable` = 1) and isnull(`i`.`parent_id`)) group by `i`.`inventory_pool_id`,`i`.`model_id` */;
/*!50001 SET character_set_client      = @saved_cs_client */;
/*!50001 SET character_set_results     = @saved_cs_results */;
/*!50001 SET collation_connection      = @saved_col_connection */;

--
-- Final view structure for view `visit_lines`
--

/*!50001 DROP TABLE IF EXISTS `visit_lines`*/;
/*!50001 DROP VIEW IF EXISTS `visit_lines`*/;
/*!50001 SET @saved_cs_client          = @@character_set_client */;
/*!50001 SET @saved_cs_results         = @@character_set_results */;
/*!50001 SET @saved_col_connection     = @@collation_connection */;
/*!50001 SET character_set_client      = utf8 */;
/*!50001 SET character_set_results     = utf8 */;
/*!50001 SET collation_connection      = utf8_general_ci */;
/*!50001 CREATE ALGORITHM=UNDEFINED */
/*!50001 VIEW `visit_lines` AS select hex(concat(if((`c`.`status` = 'approved'),`cl`.`start_date`,`cl`.`end_date`),`c`.`inventory_pool_id`,`c`.`user_id`,`c`.`status`)) AS `visit_id`,`c`.`inventory_pool_id` AS `inventory_pool_id`,`c`.`user_id` AS `user_id`,`c`.`delegated_user_id` AS `delegated_user_id`,`c`.`status` AS `status`,if((`c`.`status` = 'approved'),'hand_over','take_back') AS `action`,if((`c`.`status` = 'approved'),`cl`.`start_date`,`cl`.`end_date`) AS `date`,`cl`.`quantity` AS `quantity`,`cl`.`id` AS `contract_line_id` from (`contract_lines` `cl` join `contracts` `c` on((`cl`.`contract_id` = `c`.`id`))) where ((`c`.`status` in ('approved','signed')) and isnull(`cl`.`returned_date`)) order by if((`c`.`status` = 'approved'),`cl`.`start_date`,`cl`.`end_date`) */;
/*!50001 SET character_set_client      = @saved_cs_client */;
/*!50001 SET character_set_results     = @saved_cs_results */;
/*!50001 SET collation_connection      = @saved_col_connection */;

--
-- Final view structure for view `visits`
--

/*!50001 DROP TABLE IF EXISTS `visits`*/;
/*!50001 DROP VIEW IF EXISTS `visits`*/;
/*!50001 SET @saved_cs_client          = @@character_set_client */;
/*!50001 SET @saved_cs_results         = @@character_set_results */;
/*!50001 SET @saved_col_connection     = @@collation_connection */;
/*!50001 SET character_set_client      = utf8 */;
/*!50001 SET character_set_results     = utf8 */;
/*!50001 SET collation_connection      = utf8_general_ci */;
/*!50001 CREATE ALGORITHM=UNDEFINED */
/*!50001 VIEW `visits` AS select hex(concat(`visit_lines`.`date`,`visit_lines`.`inventory_pool_id`,`visit_lines`.`user_id`,`visit_lines`.`status`)) AS `id`,`visit_lines`.`inventory_pool_id` AS `inventory_pool_id`,`visit_lines`.`user_id` AS `user_id`,`visit_lines`.`status` AS `status`,`visit_lines`.`action` AS `action`,`visit_lines`.`date` AS `date`,sum(`visit_lines`.`quantity`) AS `quantity` from `visit_lines` group by `visit_lines`.`user_id`,`visit_lines`.`status`,`visit_lines`.`date`,`visit_lines`.`inventory_pool_id` */;
/*!50001 SET character_set_client      = @saved_cs_client */;
/*!50001 SET character_set_results     = @saved_cs_results */;
/*!50001 SET collation_connection      = @saved_col_connection */;
/*!40103 SET TIME_ZONE=@OLD_TIME_ZONE */;

/*!40101 SET SQL_MODE=@OLD_SQL_MODE */;
/*!40014 SET FOREIGN_KEY_CHECKS=@OLD_FOREIGN_KEY_CHECKS */;
/*!40014 SET UNIQUE_CHECKS=@OLD_UNIQUE_CHECKS */;
/*!40101 SET CHARACTER_SET_CLIENT=@OLD_CHARACTER_SET_CLIENT */;
/*!40101 SET CHARACTER_SET_RESULTS=@OLD_CHARACTER_SET_RESULTS */;
/*!40101 SET COLLATION_CONNECTION=@OLD_COLLATION_CONNECTION */;
/*!40111 SET SQL_NOTES=@OLD_SQL_NOTES */;

-- Dump completed on 2014-09-02 14:27:22
COMMIT;
