SET autocommit=0; SET unique_checks=0; SET foreign_key_checks=0;
-- MySQL dump 10.13  Distrib 5.1.48, for apple-darwin10.3.0 (i386)
--
-- Host: localhost    Database: leihs2_test
-- ------------------------------------------------------
-- Server version	5.1.48

/*!40101 SET @OLD_CHARACTER_SET_CLIENT=@@CHARACTER_SET_CLIENT */;
/*!40101 SET @OLD_CHARACTER_SET_RESULTS=@@CHARACTER_SET_RESULTS */;
/*!40101 SET @OLD_COLLATION_CONNECTION=@@COLLATION_CONNECTION */;
/*!40101 SET NAMES utf8 */;
/*!40103 SET @OLD_TIME_ZONE=@@TIME_ZONE */;
/*!40103 SET TIME_ZONE='+00:00' */;
/*!40014 SET @OLD_UNIQUE_CHECKS=@@UNIQUE_CHECKS, UNIQUE_CHECKS=0 */;
/*!40014 SET @OLD_FOREIGN_KEY_CHECKS=@@FOREIGN_KEY_CHECKS, FOREIGN_KEY_CHECKS=0 */;
/*!40101 SET @OLD_SQL_MODE=@@SQL_MODE, SQL_MODE='NO_AUTO_VALUE_ON_ZERO' */;
/*!40111 SET @OLD_SQL_NOTES=@@SQL_NOTES, SQL_NOTES=0 */;

--
-- Table structure for table `access_rights`
--

DROP TABLE IF EXISTS `access_rights`;
/*!40101 SET @saved_cs_client     = @@character_set_client */;
/*!40101 SET character_set_client = utf8 */;
CREATE TABLE `access_rights` (
  `id` int(11) NOT NULL AUTO_INCREMENT,
  `user_id` int(11) DEFAULT NULL,
  `inventory_pool_id` int(11) DEFAULT NULL,
  `suspended_until` date DEFAULT NULL,
  `suspended_reason` text COLLATE utf8_unicode_ci,
  `deleted_at` date DEFAULT NULL,
  `created_at` datetime DEFAULT NULL,
  `updated_at` datetime DEFAULT NULL,
  `role` enum('customer','group_manager','lending_manager','inventory_manager','admin') COLLATE utf8_unicode_ci NOT NULL,
  PRIMARY KEY (`id`),
  KEY `index_access_rights_on_suspended_until` (`suspended_until`),
  KEY `index_access_rights_on_deleted_at` (`deleted_at`),
  KEY `index_access_rights_on_inventory_pool_id` (`inventory_pool_id`),
  KEY `index_access_rights_on_role` (`role`),
  KEY `index_on_user_id_and_inventory_pool_id_and_deleted_at` (`user_id`,`inventory_pool_id`,`deleted_at`),
  CONSTRAINT `access_rights_user_id_fk` FOREIGN KEY (`user_id`) REFERENCES `users` (`id`),
  CONSTRAINT `access_rights_inventory_pool_id_fk` FOREIGN KEY (`inventory_pool_id`) REFERENCES `inventory_pools` (`id`) ON DELETE CASCADE
) ENGINE=InnoDB AUTO_INCREMENT=42 DEFAULT CHARSET=utf8 COLLATE=utf8_unicode_ci;
/*!40101 SET character_set_client = @saved_cs_client */;

--
-- Dumping data for table `access_rights`
--

LOCK TABLES `access_rights` WRITE;
/*!40000 ALTER TABLE `access_rights` DISABLE KEYS */;
INSERT INTO `access_rights` VALUES (1,1,NULL,NULL,NULL,NULL,'2013-09-16 10:21:17','2013-09-16 10:21:17','admin'),(2,3,3,NULL,NULL,NULL,'2013-09-16 10:21:17','2013-09-16 10:21:17','customer'),(3,4,1,NULL,NULL,NULL,'2013-09-16 10:21:17','2013-09-16 10:21:17','lending_manager'),(4,5,5,NULL,NULL,NULL,'2013-09-16 10:21:17','2013-09-16 10:21:17','customer'),(5,6,10,NULL,NULL,NULL,'2013-09-16 10:21:17','2013-09-16 10:21:17','customer'),(6,7,1,NULL,NULL,'2013-09-16','2013-09-16 10:21:17','2013-09-16 10:21:17','customer'),(7,1,1,NULL,NULL,NULL,'2013-09-16 10:21:17','2013-09-16 10:21:17','customer'),(8,8,2,NULL,NULL,NULL,'2013-09-16 10:21:17','2013-09-16 10:21:17','inventory_manager'),(9,9,1,NULL,NULL,NULL,'2013-09-16 10:21:17','2013-09-16 10:21:17','inventory_manager'),(10,9,11,NULL,NULL,NULL,'2013-09-16 10:21:17','2013-09-16 10:21:17','inventory_manager'),(11,10,1,NULL,NULL,NULL,'2013-09-16 10:21:17','2013-09-16 10:21:17','group_manager'),(12,10,2,NULL,NULL,NULL,'2013-09-16 10:21:17','2013-09-16 10:21:17','group_manager'),(13,10,3,NULL,NULL,NULL,'2013-09-16 10:21:17','2013-09-16 10:21:17','group_manager'),(14,11,1,NULL,NULL,NULL,'2013-09-16 10:21:17','2013-09-16 10:21:17','group_manager'),(15,12,1,NULL,NULL,NULL,'2013-09-16 10:21:17','2013-09-16 10:21:17','customer'),(16,13,1,'2013-09-16','suspreason',NULL,'2013-09-16 10:21:17','2013-09-16 10:21:17','customer'),(17,14,1,NULL,NULL,NULL,'2013-09-16 10:21:17','2013-09-16 10:21:17','customer'),(18,15,1,NULL,NULL,NULL,'2013-09-16 10:21:17','2013-09-16 10:21:17','customer'),(19,16,1,NULL,NULL,NULL,'2013-09-16 10:21:17','2013-09-16 10:21:17','customer'),(20,17,NULL,NULL,NULL,NULL,'2013-09-16 10:21:17','2013-09-16 10:21:17','admin'),(21,18,1,NULL,NULL,NULL,'2013-09-16 10:21:17','2013-09-16 10:21:17','lending_manager'),(22,18,2,NULL,NULL,NULL,'2013-09-16 10:21:17','2013-09-16 10:21:17','lending_manager'),(23,19,1,NULL,NULL,NULL,'2013-09-16 10:21:17','2013-09-16 10:21:17','customer'),(24,20,1,NULL,NULL,NULL,'2013-09-16 10:21:17','2013-09-16 10:21:17','customer'),(25,21,1,NULL,NULL,NULL,'2013-09-16 10:21:17','2013-09-16 10:21:17','customer'),(26,22,1,NULL,NULL,NULL,'2013-09-16 10:21:17','2013-09-16 10:21:17','customer'),(27,23,1,NULL,NULL,NULL,'2013-09-16 10:21:17','2013-09-16 10:21:17','customer'),(28,24,2,'2013-09-12','Sit sit neque aut placeat quisquam ducimus earum.',NULL,'2013-09-11 00:00:00','2013-09-11 00:00:00','customer'),(29,28,1,NULL,NULL,NULL,'2013-09-16 10:21:17','2013-09-16 10:21:17','customer'),(30,29,1,NULL,NULL,NULL,'2013-09-16 10:21:17','2013-09-16 10:21:17','customer'),(31,30,1,NULL,NULL,NULL,'2013-09-16 10:21:17','2013-09-16 10:21:17','customer'),(32,31,1,NULL,NULL,NULL,'2013-09-16 10:21:17','2013-09-16 10:21:17','customer'),(33,33,1,NULL,NULL,NULL,'2013-09-16 10:21:17','2013-09-16 10:21:17','customer'),(34,33,12,NULL,NULL,NULL,'2013-09-16 10:21:17','2013-09-16 10:21:17','customer'),(35,33,13,NULL,NULL,NULL,'2013-09-16 10:21:17','2013-09-16 10:21:17','customer'),(36,34,1,NULL,NULL,NULL,'2013-09-16 10:21:17','2013-09-16 10:21:17','customer'),(37,34,2,NULL,NULL,NULL,'2013-09-16 10:21:17','2013-09-16 10:21:17','customer'),(38,34,3,NULL,NULL,NULL,'2013-09-16 10:21:17','2013-09-16 10:21:17','customer'),(39,34,13,NULL,NULL,'2013-09-15','2013-09-16 10:21:17','2013-09-16 10:21:17','customer'),(40,35,1,NULL,NULL,NULL,'2013-09-16 10:21:17','2013-09-16 10:21:17','customer'),(41,36,1,NULL,NULL,NULL,'2013-09-16 10:21:17','2013-09-16 10:21:17','customer');
/*!40000 ALTER TABLE `access_rights` ENABLE KEYS */;
UNLOCK TABLES;

--
-- Table structure for table `accessories`
--

DROP TABLE IF EXISTS `accessories`;
/*!40101 SET @saved_cs_client     = @@character_set_client */;
/*!40101 SET character_set_client = utf8 */;
CREATE TABLE `accessories` (
  `id` int(11) NOT NULL AUTO_INCREMENT,
  `model_id` int(11) DEFAULT NULL,
  `name` varchar(255) COLLATE utf8_unicode_ci DEFAULT NULL,
  `quantity` int(11) DEFAULT NULL,
  PRIMARY KEY (`id`),
  KEY `index_accessories_on_model_id` (`model_id`),
  CONSTRAINT `accessories_model_id_fk` FOREIGN KEY (`model_id`) REFERENCES `models` (`id`) ON DELETE CASCADE
) ENGINE=InnoDB AUTO_INCREMENT=475 DEFAULT CHARSET=utf8 COLLATE=utf8_unicode_ci;
/*!40101 SET character_set_client = @saved_cs_client */;

--
-- Dumping data for table `accessories`
--

LOCK TABLES `accessories` WRITE;
/*!40000 ALTER TABLE `accessories` DISABLE KEYS */;
INSERT INTO `accessories` VALUES (1,1,'Chelsie Will',NULL),(2,1,'Darrion Homenick',NULL),(3,1,'Rodger Pfannerstill',NULL),(4,2,'Ada Reilly',NULL),(5,2,'Mafalda Spinka',NULL),(6,2,'Giovanna Homenick',NULL),(7,3,'Nikko Johnston',NULL),(8,3,'Luna Wyman I',NULL),(9,4,'Mr. Gracie Schoen',NULL),(10,4,'Rylee Lindgren',NULL),(11,4,'Santa Altenwerth',NULL),(12,4,'Riley Lakin',NULL),(13,5,'Miss Elwin Breitenberg',NULL),(14,6,'Allan Borer',NULL),(15,7,'Clint Gislason',NULL),(16,7,'Mrs. Dolores Frami',NULL),(17,7,'Mr. Kyla DuBuque',NULL),(18,7,'Edythe Kuhic PhD',NULL),(19,7,'Marielle Frami',NULL),(20,8,'Miss Shanna Daugherty',NULL),(21,8,'Dangelo Stracke',NULL),(22,8,'Paula Nader',NULL),(23,9,'Kaitlyn DuBuque',NULL),(24,9,'Mrs. Stephania Bins',NULL),(25,9,'Carol Rohan',NULL),(26,10,'Sabryna Lehner',NULL),(27,10,'Ms. Owen Bayer',NULL),(28,10,'Gerry Rowe',NULL),(29,11,'Braeden Rutherford',NULL),(30,11,'Francis Aufderhar',NULL),(31,11,'Kim Marquardt',NULL),(32,12,'Molly Collins',NULL),(33,12,'Elliot Shields',NULL),(34,12,'Ceasar Brown',NULL),(35,12,'Orval Wilderman',NULL),(36,12,'Mrs. Cora O\'Hara',NULL),(37,13,'Therese Lockman',NULL),(38,13,'Philip Becker',NULL),(39,13,'Jared Stanton',NULL),(40,14,'Brigitte Bogan',NULL),(41,14,'Jerrod Kulas',NULL),(42,15,'Lemuel Ondricka',NULL),(43,15,'Mr. Chase Schmeler',NULL),(44,16,'Javier Powlowski Sr.',NULL),(45,16,'Abdullah Flatley MD',NULL),(46,17,'Wilbert Upton',NULL),(47,17,'Tomasa Wisoky',NULL),(48,17,'Albin Haley',NULL),(49,17,'Amelie Wisozk',NULL),(50,18,'Anibal Goodwin',NULL),(51,18,'Mrs. Payton Heller',NULL),(52,19,'Lucious Becker',NULL),(53,19,'Dr. Aaron Hegmann',NULL),(54,19,'Eryn Bogisich',NULL),(55,19,'Mr. Hank Terry',NULL),(56,20,'Mariela VonRueden',NULL),(57,20,'Eve Bahringer',NULL),(58,20,'Lacey Lakin',NULL),(59,20,'Eulalia Schaefer',NULL),(60,21,'Verna Osinski',NULL),(61,21,'Newell Gerhold IV',NULL),(62,21,'Lou Bogisich',NULL),(63,21,'Yadira Renner I',NULL),(64,21,'Jayda Franecki',NULL),(65,22,'Marshall Stroman DVM',NULL),(66,22,'Lionel Maggio',NULL),(67,23,'Mrs. Alfreda Conroy',NULL),(68,23,'Nikolas Prosacco',NULL),(69,24,'Donny Kuhn',NULL),(70,24,'Harley Kuvalis',NULL),(71,24,'Ella Casper Sr.',NULL),(72,24,'Ted Morissette',NULL),(73,24,'Raphael Reynolds',NULL),(74,25,'Ms. Jany Pollich',NULL),(75,25,'Malvina Jakubowski',NULL),(76,25,'Domenico Swift',NULL),(77,26,'Brendon Rogahn',NULL),(78,26,'Santos Rolfson',NULL),(79,27,'Dolly Raynor',NULL),(80,27,'Rogers Schaefer',NULL),(81,27,'Hank VonRueden',NULL),(82,28,'Charlie Sipes IV',NULL),(83,29,'Milton Padberg Sr.',NULL),(84,29,'Jean Simonis',NULL),(85,29,'Leonie Dietrich',NULL),(86,29,'Freda Bahringer',NULL),(87,30,'Clyde Gerlach',NULL),(88,30,'Lloyd Bailey',NULL),(89,31,'Golda Price',NULL),(90,32,'Miss Kyra Kilback',NULL),(91,32,'Vicente Sauer PhD',NULL),(92,32,'Leda McKenzie',NULL),(93,32,'Johanna Weissnat',NULL),(94,33,'Dr. Hertha Sporer',NULL),(95,33,'Leann Cole IV',NULL),(96,33,'Justine Kilback Sr.',NULL),(97,33,'Alaina Feeney',NULL),(98,34,'Mrs. Vivian Morissette',NULL),(99,34,'Mrs. Fanny Wunsch',NULL),(100,34,'Mikel Durgan',NULL),(101,34,'Robb Frami',NULL),(102,34,'Joana Emmerich',NULL),(103,35,'Lottie Grimes DDS',NULL),(104,36,'Madie Witting',NULL),(105,36,'Vicenta Prohaska',NULL),(106,36,'Gussie Turcotte',NULL),(107,37,'Gerry Zulauf',NULL),(108,38,'Carrie Altenwerth',NULL),(109,38,'Julien Rodriguez',NULL),(110,38,'Braeden Paucek',NULL),(111,38,'Antonio Conn',NULL),(112,38,'Dallin Hoeger',NULL),(113,39,'Paige Ankunding',NULL),(114,39,'Maiya Frami',NULL),(115,39,'Ms. Johathan Padberg',NULL),(116,39,'Raleigh Huels I',NULL),(117,40,'Earlene Lindgren',NULL),(118,40,'Mr. Jordyn Corkery',NULL),(119,41,'Celestino Bashirian',NULL),(120,41,'Dr. Reginald Ritchie',NULL),(121,41,'Jakob Luettgen PhD',NULL),(122,42,'Karlee Pfannerstill',NULL),(123,42,'Fern Fritsch',NULL),(124,42,'Orval Koch',NULL),(125,42,'Jazmyne O\'Hara',NULL),(126,43,'Afton Barrows',NULL),(127,43,'Frederique Bechtelar',NULL),(128,44,'Mrs. Kaleigh Johnston',NULL),(129,44,'Aaron Herman MD',NULL),(130,45,'Everett Langosh',NULL),(131,45,'Kitty Feil',NULL),(132,45,'Emmitt Hilll',NULL),(133,46,'Dr. Ramon Bartell',NULL),(134,46,'Roel Kohler',NULL),(135,46,'Edison Towne',NULL),(136,46,'Name Treutel I',NULL),(137,47,'Erich Wiegand',NULL),(138,47,'Ava Funk',NULL),(139,47,'Dennis Heathcote',NULL),(140,47,'Weston McDermott',NULL),(141,48,'Georgianna Becker',NULL),(142,48,'Cecile Hoeger II',NULL),(143,48,'Rogers Bogisich',NULL),(144,48,'Elmore Towne',NULL),(145,48,'Brielle Bogan',NULL),(146,49,'Bonnie Christiansen',NULL),(147,50,'Myah Shanahan',NULL),(148,51,'Hudson Gutmann',NULL),(149,51,'Maiya Terry IV',NULL),(150,51,'Mrs. Ethelyn Kuhic',NULL),(151,52,'Elnora Stanton',NULL),(152,52,'Elyssa Schmitt',NULL),(153,52,'Mr. Rubie Hermiston',NULL),(154,52,'Emmy Rohan',NULL),(155,53,'Wilson Okuneva IV',NULL),(156,54,'Lea Wintheiser',NULL),(157,54,'Ezekiel Veum',NULL),(158,54,'Brycen Strosin',NULL),(159,54,'Mr. Brandyn Goyette',NULL),(160,55,'Joanne Mosciski II',NULL),(161,55,'Amely Hammes',NULL),(162,55,'Kiana Bosco',NULL),(163,55,'Dillan Nader',NULL),(164,56,'Kevin Brown',NULL),(165,56,'Natalie Smith',NULL),(166,57,'Nikolas Kilback',NULL),(167,57,'Ms. Abdul Zboncak',NULL),(168,57,'Jameson Sanford',NULL),(169,57,'Carlotta Mayert',NULL),(170,57,'Donnell Kub',NULL),(171,58,'Frank Koelpin Jr.',NULL),(172,58,'Johnson Beatty',NULL),(173,58,'Maia Gutkowski',NULL),(174,58,'Gladys Bailey II',NULL),(175,58,'Dashawn Howe',NULL),(176,59,'Mrs. Terrence Haley',NULL),(177,59,'Danika Dickens',NULL),(178,59,'Lyric Kunze',NULL),(179,60,'Ms. Emmett Ratke',NULL),(180,61,'Alexandrea Friesen',NULL),(181,61,'Glenda Senger',NULL),(182,61,'Steve Haley',NULL),(183,61,'Ashton Zulauf',NULL),(184,61,'Chelsea Roberts',NULL),(185,62,'Hershel Klein',NULL),(186,62,'Ima Koch',NULL),(187,63,'Tomasa Howell',NULL),(188,63,'Shea Murray',NULL),(189,63,'Cleta Strosin',NULL),(190,63,'Ida Will',NULL),(191,63,'Janie Walker DDS',NULL),(192,64,'Mr. Katharina Corwin',NULL),(193,65,'Dorian Steuber',NULL),(194,65,'Antonetta Marks',NULL),(195,65,'Orville Feil',NULL),(196,65,'Gina Shanahan V',NULL),(197,65,'Mrs. Tatyana Lebsack',NULL),(198,66,'Vena Mayer',NULL),(199,66,'Easton Wintheiser',NULL),(200,66,'Althea Paucek Jr.',NULL),(201,67,'Trey Halvorson',NULL),(202,67,'Elissa Strosin',NULL),(203,67,'Isadore Boyer',NULL),(204,68,'Lesley Ward I',NULL),(205,69,'Miller Paucek',NULL),(206,69,'Werner Block',NULL),(207,69,'Jimmie Reichel',NULL),(208,69,'Ayana Hoeger',NULL),(209,70,'Eli Fisher Jr.',NULL),(210,70,'Ansley Becker',NULL),(211,70,'Chesley Botsford DVM',NULL),(212,71,'Maryam Hyatt',NULL),(213,71,'Markus Hauck',NULL),(214,71,'Brock Erdman',NULL),(215,71,'Meggie Lang',NULL),(216,72,'Julie Kuhlman',NULL),(217,73,'Mr. Darrion Frami',NULL),(218,74,'Zella Anderson',NULL),(219,74,'Mrs. Kane Schneider',NULL),(220,74,'Noel Marks',NULL),(221,74,'Kianna Murphy II',NULL),(222,74,'Miss Raul Kulas',NULL),(223,75,'Maida Schoen',NULL),(224,75,'Madisyn Reilly',NULL),(225,75,'Carrie Koelpin III',NULL),(226,76,'Ethel Leffler',NULL),(227,77,'Ms. Verla Macejkovic',NULL),(228,77,'Duane Jaskolski',NULL),(229,77,'Lamar Mosciski Sr.',NULL),(230,78,'Oran Rolfson',NULL),(231,79,'Stacy Rau',NULL),(232,79,'Miss Zena Cormier',NULL),(233,79,'Annetta Howell',NULL),(234,79,'Margot Mayer',NULL),(235,80,'Ms. Kurtis Mann',NULL),(236,80,'Dora O\'Kon',NULL),(237,80,'Eloisa Baumbach',NULL),(238,80,'Estrella Kerluke',NULL),(239,80,'Mr. Darryl Bartoletti',NULL),(240,81,'Kira Kuhic Jr.',NULL),(241,81,'Benedict Legros MD',NULL),(242,81,'Jody Wehner',NULL),(243,81,'Gracie Welch Jr.',NULL),(244,81,'Lavada Altenwerth',NULL),(245,82,'Annetta Fahey',NULL),(246,82,'Lowell Klocko',NULL),(247,82,'Edyth MacGyver Sr.',NULL),(248,83,'Otto Brekke',NULL),(249,83,'Dr. Evelyn Corwin',NULL),(250,83,'Isaias Schimmel',NULL),(251,83,'Micah Braun',NULL),(252,83,'Brando Crist',NULL),(253,84,'Sigrid Beer',NULL),(254,85,'Loren Connelly',NULL),(255,86,'Tillman Ferry',NULL),(256,87,'Charles Weimann',NULL),(257,88,'Lillian Herzog',NULL),(258,88,'Mr. Jackie Connelly',NULL),(259,88,'Jeanie Ullrich',NULL),(260,89,'Shirley Keeling',NULL),(261,89,'Megane Welch',NULL),(262,89,'Austen Mayer',NULL),(263,89,'Angelina Leuschke V',NULL),(264,90,'Emie Klein II',NULL),(265,90,'Brett Waelchi',NULL),(266,90,'Daija Kuhlman II',NULL),(267,91,'Yazmin Buckridge',NULL),(268,91,'Onie Walsh',NULL),(269,91,'Makenna Olson',NULL),(270,91,'Kirsten Osinski',NULL),(271,92,'Adah Rempel',NULL),(272,93,'Hailie Ullrich II',NULL),(273,94,'Justus Kub',NULL),(274,94,'Clemmie Rice',NULL),(275,95,'Alberto Grant',NULL),(276,96,'Troy Feest',NULL),(277,96,'Miss Aniya Treutel',NULL),(278,96,'Noelia Morissette',NULL),(279,96,'Miss Hellen Smith',NULL),(280,97,'Orland Nicolas',NULL),(281,97,'Ms. Eulah Thompson',NULL),(282,97,'Mr. Dion Trantow',NULL),(283,98,'Roel Kassulke',NULL),(284,99,'Macie Zboncak',NULL),(285,99,'Ms. Brielle Connelly',NULL),(286,99,'Harmon Morissette',NULL),(287,99,'Chad Towne',NULL),(288,99,'Gonzalo Rippin',NULL),(289,100,'Rowland Kuphal DVM',NULL),(290,101,'Eulalia Effertz',NULL),(291,101,'Mr. Rickie Frami',NULL),(292,102,'Rubye Rath',NULL),(293,103,'Mr. Alene Hettinger',NULL),(294,103,'Torey DuBuque',NULL),(295,103,'Tiara Stracke',NULL),(296,104,'Dell Cummerata',NULL),(297,104,'Kasandra Romaguera III',NULL),(298,104,'Mohammad Ryan',NULL),(299,105,'Layne Aufderhar III',NULL),(300,105,'Neil Gutkowski',NULL),(301,105,'Amara Kris',NULL),(302,105,'Kaleb Halvorson',NULL),(303,106,'Fredy Weissnat',NULL),(304,106,'Aniya Koepp',NULL),(305,106,'Austyn Conn',NULL),(306,106,'Dayton Williamson',NULL),(307,107,'Una Bayer IV',NULL),(308,108,'Una Harvey',NULL),(309,108,'Floy Fay',NULL),(310,108,'Woodrow Muller',NULL),(311,109,'Hoyt Tremblay',NULL),(312,110,'Yasmin MacGyver',NULL),(313,110,'Hubert Lakin',NULL),(314,110,'Hunter Heidenreich',NULL),(315,111,'Kristy Boyer',NULL),(316,111,'Dr. Kyla Heaney',NULL),(317,111,'Frederique Stanton',NULL),(318,112,'Miss Robb Donnelly',NULL),(319,112,'Kendall Schuppe',NULL),(320,113,'Tyrese Hyatt',NULL),(321,113,'Talia Lang',NULL),(322,113,'Gust Deckow',NULL),(323,113,'Consuelo Bashirian V',NULL),(324,113,'Reed Baumbach Jr.',NULL),(325,114,'Roslyn Mohr',NULL),(326,114,'Max Herman',NULL),(327,115,'Osborne Bosco',NULL),(328,115,'Brook Howe',NULL),(329,115,'Casper Champlin PhD',NULL),(330,115,'Emie O\'Conner',NULL),(331,115,'Lavinia O\'Connell',NULL),(332,116,'Mr. Sylvester Mertz',NULL),(333,116,'Donnell Mante',NULL),(334,116,'Antonina Gibson IV',NULL),(335,116,'Dr. Ismael Hilll',NULL),(336,117,'Mia Brekke DVM',NULL),(337,117,'Carter Schinner',NULL),(338,117,'Micaela Mayert',NULL),(339,117,'Michaela Will',NULL),(340,117,'Tressie Yost',NULL),(341,118,'Sylvia Jacobi',NULL),(342,119,'Khalil Rosenbaum MD',NULL),(343,119,'Tyra Carter',NULL),(344,119,'Mr. Kiarra Larson',NULL),(345,119,'Dr. Michele Lesch',NULL),(346,120,'Presley Graham',NULL),(347,120,'Aurore Kohler',NULL),(348,120,'Adrienne McGlynn',NULL),(349,120,'Eriberto Franecki',NULL),(350,121,'Miss Hildegard Durgan',NULL),(351,121,'Kaela Kris',NULL),(352,121,'Mrs. Pearl Rice',NULL),(353,122,'Carlo Wintheiser',NULL),(354,122,'Mayra Sanford',NULL),(355,123,'Ms. Mario Bode',NULL),(356,124,'Sienna Nicolas',NULL),(357,124,'Mayra Davis',NULL),(358,124,'Abraham Ernser',NULL),(359,124,'Meda Hettinger',NULL),(360,125,'Judge Hoeger',NULL),(361,125,'Ms. Treva Mraz',NULL),(362,125,'Mac Weimann',NULL),(363,125,'Dr. Brendan Rice',NULL),(364,126,'Malcolm McDermott',NULL),(365,126,'Vincent Hermiston',NULL),(366,127,'Jeffry Hoppe',NULL),(367,127,'Quinten Bartell',NULL),(368,128,'Mr. Sabryna Hagenes',NULL),(369,128,'Ronaldo Hermiston',NULL),(370,129,'Brady Corkery',NULL),(371,129,'Miss Vaughn Schaden',NULL),(372,129,'Johnathan Schuppe',NULL),(373,129,'Annamarie Schaefer PhD',NULL),(374,129,'Lolita Collins',NULL),(375,130,'Damon Ritchie',NULL),(376,130,'Megane Tromp',NULL),(377,130,'Vincenzo Monahan',NULL),(378,131,'Dr. Mathew Trantow',NULL),(379,132,'Jayme Lesch',NULL),(380,132,'Miss Ressie Howe',NULL),(381,132,'Duane Rosenbaum',NULL),(382,132,'Guillermo Mosciski',NULL),(383,133,'Isaiah Homenick',NULL),(384,133,'Anabelle Walker',NULL),(385,133,'Alycia Stanton DDS',NULL),(386,134,'Sienna Hessel',NULL),(387,134,'Linwood O\'Kon',NULL),(388,134,'Lily Paucek',NULL),(389,134,'Makayla Stokes DVM',NULL),(390,135,'Camille Pollich',NULL),(391,135,'Lacy Wintheiser',NULL),(392,135,'Antone Sporer V',NULL),(393,136,'Miracle Pfannerstill Jr.',NULL),(394,137,'Marilou Collier',NULL),(395,137,'Jerel Padberg',NULL),(396,138,'Devon Zemlak',NULL),(397,138,'Taurean Ryan',NULL),(398,138,'Marcella Jenkins',NULL),(399,139,'Cameron Rutherford',NULL),(400,139,'Ephraim McGlynn',NULL),(401,139,'Kathlyn Sporer',NULL),(402,140,'Miss Addison Goyette',NULL),(403,141,'Darby Stracke',NULL),(404,141,'Lemuel Grimes',NULL),(405,142,'Joyce Huels III',NULL),(406,143,'Mrs. Stephania Barrows',NULL),(407,143,'Johnathon Frami Sr.',NULL),(408,143,'Emiliano Hegmann DDS',NULL),(409,143,'Vicenta Considine V',NULL),(410,144,'Myra Mayert PhD',NULL),(411,144,'Jadon Reichert',NULL),(412,144,'Nedra Monahan',NULL),(413,144,'Reese Koepp',NULL),(414,145,'Josiane Deckow',NULL),(415,145,'Citlalli Feil IV',NULL),(416,145,'Eleonore Ratke',NULL),(417,145,'Miss Carter Bartoletti',NULL),(418,145,'Bessie Donnelly II',NULL),(419,146,'Keon Hahn',NULL),(420,146,'Lucious Bahringer',NULL),(421,146,'Elsa Smith III',NULL),(422,146,'Noble Swift',NULL),(423,146,'Dina Steuber',NULL),(424,147,'Ofelia Raynor III',NULL),(425,147,'Dr. Dayton Predovic',NULL),(426,147,'Alene Mitchell III',NULL),(427,148,'Ms. Hugh Purdy',NULL),(428,148,'Emmet Rolfson',NULL),(429,148,'Amy Sipes',NULL),(430,148,'Lolita Dare',NULL),(431,148,'Josue Williamson II',NULL),(432,149,'Linda Kuphal',NULL),(433,149,'Trudie McKenzie',NULL),(434,149,'Jacklyn Kub',NULL),(435,150,'Randy Reinger',NULL),(436,150,'Guadalupe Robel',NULL),(437,150,'Alfreda Beahan',NULL),(438,150,'Kayla Reichel Jr.',NULL),(439,151,'Albin Block',NULL),(440,151,'Ophelia Keebler MD',NULL),(441,152,'Dr. Era Jast',NULL),(442,153,'Nayeli Harris',NULL),(443,154,'Melvin Schultz III',NULL),(444,154,'Chelsea Bode',NULL),(445,154,'Miss Dolly Carroll',NULL),(446,154,'Gerald Shanahan',NULL),(447,155,'Else Crist III',NULL),(448,155,'Craig Lindgren',NULL),(449,155,'Lesly Larson',NULL),(450,156,'Edison Kovacek',NULL),(451,156,'Austen Hintz',NULL),(452,156,'Seth Bayer',NULL),(453,157,'Alek Smitham',NULL),(454,157,'Miss Leann Kuvalis',NULL),(455,157,'Samson Homenick',NULL),(456,157,'Kory Stokes',NULL),(457,157,'Pauline Aufderhar III',NULL),(458,158,'Cristopher Gleason IV',NULL),(459,158,'Shanie Fisher Jr.',NULL),(460,159,'Aaliyah Stoltenberg',NULL),(461,159,'Domenico Bins',NULL),(462,159,'Juwan Bartoletti',NULL),(463,159,'Noe Considine',NULL),(464,159,'Murl Rogahn',NULL),(465,160,'Laurel Bradtke',NULL),(466,160,'Mr. Valentine McCullough',NULL),(467,160,'Dr. Fermin Muller',NULL),(468,160,'Payton Nolan',NULL),(469,160,'Pablo Lueilwitz',NULL),(470,161,'Leon Konopelski',NULL),(471,162,'Katrina Kertzmann',NULL),(472,162,'Orlando Reynolds',NULL),(473,162,'Bernice Graham',NULL),(474,163,'John Swaniawski',NULL);
/*!40000 ALTER TABLE `accessories` ENABLE KEYS */;
UNLOCK TABLES;

--
-- Table structure for table `accessories_inventory_pools`
--

DROP TABLE IF EXISTS `accessories_inventory_pools`;
/*!40101 SET @saved_cs_client     = @@character_set_client */;
/*!40101 SET character_set_client = utf8 */;
CREATE TABLE `accessories_inventory_pools` (
  `accessory_id` int(11) DEFAULT NULL,
  `inventory_pool_id` int(11) DEFAULT NULL,
  UNIQUE KEY `index_accessories_inventory_pools` (`accessory_id`,`inventory_pool_id`),
  KEY `index_accessories_inventory_pools_on_inventory_pool_id` (`inventory_pool_id`),
  CONSTRAINT `accessories_inventory_pools_inventory_pool_id_fk` FOREIGN KEY (`inventory_pool_id`) REFERENCES `inventory_pools` (`id`),
  CONSTRAINT `accessories_inventory_pools_accessory_id_fk` FOREIGN KEY (`accessory_id`) REFERENCES `accessories` (`id`)
) ENGINE=InnoDB DEFAULT CHARSET=utf8 COLLATE=utf8_unicode_ci;
/*!40101 SET character_set_client = @saved_cs_client */;

--
-- Dumping data for table `accessories_inventory_pools`
--

LOCK TABLES `accessories_inventory_pools` WRITE;
/*!40000 ALTER TABLE `accessories_inventory_pools` DISABLE KEYS */;
INSERT INTO `accessories_inventory_pools` VALUES (1,1),(4,1),(6,1),(7,1),(8,1),(9,1),(10,1),(12,1),(14,1),(17,1),(18,1),(21,1),(23,1),(24,1),(25,1),(26,1),(28,1),(30,1),(32,1),(33,1),(34,1),(35,1),(36,1),(37,1),(38,1),(41,1),(43,1),(45,1),(46,1),(47,1),(48,1),(50,1),(51,1),(55,1),(58,1),(59,1),(60,1),(69,1),(72,1),(73,1),(75,1),(77,1),(78,1),(80,1),(81,1),(82,1),(84,1),(85,1),(86,1),(87,1),(93,1),(95,1),(104,1),(106,1),(107,1),(108,1),(109,1),(111,1),(116,1),(117,1),(118,1),(119,1),(125,1),(127,1),(131,1),(132,1),(133,1),(136,1),(137,1),(138,1),(148,1),(151,1),(154,1),(155,1),(156,1),(157,1),(160,1),(161,1),(162,1),(163,1),(165,1),(167,1),(171,1),(174,1),(177,1),(179,1),(180,1),(182,1),(184,1),(186,1),(187,1),(189,1),(191,1),(193,1),(195,1),(197,1),(199,1),(201,1),(204,1),(205,1),(206,1),(210,1),(212,1),(213,1),(220,1),(221,1),(223,1),(224,1),(226,1),(228,1),(231,1),(232,1),(234,1),(235,1),(236,1),(238,1),(240,1),(241,1),(244,1),(246,1),(248,1),(251,1),(252,1),(253,1),(255,1),(257,1),(258,1),(259,1),(262,1),(263,1),(266,1),(267,1),(269,1),(271,1),(272,1),(273,1),(274,1),(275,1),(281,1),(282,1),(285,1),(286,1),(289,1),(290,1),(291,1),(293,1),(294,1),(296,1),(297,1),(299,1),(300,1),(302,1),(303,1),(305,1),(307,1),(309,1),(311,1),(312,1),(315,1),(316,1),(319,1),(320,1),(323,1),(324,1),(325,1),(326,1),(327,1),(328,1),(329,1),(330,1),(331,1),(332,1),(334,1),(336,1),(338,1),(340,1),(341,1),(342,1),(345,1),(346,1),(347,1),(349,1),(351,1),(355,1),(357,1),(361,1),(362,1),(365,1),(370,1),(371,1),(372,1),(374,1),(375,1),(376,1),(378,1),(381,1),(384,1),(385,1),(386,1),(387,1),(388,1),(389,1),(391,1),(393,1),(394,1),(395,1),(396,1),(397,1),(398,1),(400,1),(401,1),(402,1),(403,1),(407,1),(408,1),(410,1),(411,1),(413,1),(414,1),(415,1),(416,1),(418,1),(419,1),(420,1),(421,1),(422,1),(423,1),(425,1),(426,1),(428,1),(429,1),(433,1),(435,1),(437,1),(438,1),(440,1),(441,1),(442,1),(446,1),(449,1),(450,1),(456,1),(460,1),(462,1),(463,1),(464,1),(467,1);
/*!40000 ALTER TABLE `accessories_inventory_pools` ENABLE KEYS */;
UNLOCK TABLES;

--
-- Table structure for table `addresses`
--

DROP TABLE IF EXISTS `addresses`;
/*!40101 SET @saved_cs_client     = @@character_set_client */;
/*!40101 SET character_set_client = utf8 */;
CREATE TABLE `addresses` (
  `id` int(11) NOT NULL AUTO_INCREMENT,
  `street` varchar(255) COLLATE utf8_unicode_ci DEFAULT NULL,
  `zip_code` varchar(255) COLLATE utf8_unicode_ci DEFAULT NULL,
  `city` varchar(255) COLLATE utf8_unicode_ci DEFAULT NULL,
  `country_code` varchar(255) COLLATE utf8_unicode_ci DEFAULT NULL,
  `latitude` float DEFAULT NULL,
  `longitude` float DEFAULT NULL,
  PRIMARY KEY (`id`),
  UNIQUE KEY `index_addresses_on_street_and_zip_code_and_city_and_country_code` (`street`,`zip_code`,`city`,`country_code`)
) ENGINE=InnoDB DEFAULT CHARSET=utf8 COLLATE=utf8_unicode_ci;
/*!40101 SET character_set_client = @saved_cs_client */;

--
-- Dumping data for table `addresses`
--

LOCK TABLES `addresses` WRITE;
/*!40000 ALTER TABLE `addresses` DISABLE KEYS */;
/*!40000 ALTER TABLE `addresses` ENABLE KEYS */;
UNLOCK TABLES;

--
-- Table structure for table `attachments`
--

DROP TABLE IF EXISTS `attachments`;
/*!40101 SET @saved_cs_client     = @@character_set_client */;
/*!40101 SET character_set_client = utf8 */;
CREATE TABLE `attachments` (
  `id` int(11) NOT NULL AUTO_INCREMENT,
  `model_id` int(11) DEFAULT NULL,
  `is_main` tinyint(1) DEFAULT '0',
  `content_type` varchar(255) COLLATE utf8_unicode_ci DEFAULT NULL,
  `filename` varchar(255) COLLATE utf8_unicode_ci DEFAULT NULL,
  `size` int(11) DEFAULT NULL,
  PRIMARY KEY (`id`),
  KEY `index_attachments_on_model_id` (`model_id`),
  CONSTRAINT `attachments_model_id_fk` FOREIGN KEY (`model_id`) REFERENCES `models` (`id`) ON DELETE CASCADE
) ENGINE=InnoDB AUTO_INCREMENT=7 DEFAULT CHARSET=utf8 COLLATE=utf8_unicode_ci;
/*!40101 SET character_set_client = @saved_cs_client */;

--
-- Dumping data for table `attachments`
--

LOCK TABLES `attachments` WRITE;
/*!40000 ALTER TABLE `attachments` DISABLE KEYS */;
INSERT INTO `attachments` VALUES (1,149,0,'image/jpeg','pariatur',NULL),(2,150,0,'image/jpeg','consequatur',NULL),(3,160,0,'image/jpeg','a',NULL),(4,160,0,'image/jpeg','molestiae',NULL),(5,160,0,'image/jpeg','voluptates',NULL),(6,161,0,'image/jpeg','omnis',NULL);
/*!40000 ALTER TABLE `attachments` ENABLE KEYS */;
UNLOCK TABLES;

--
-- Table structure for table `authentication_systems`
--

DROP TABLE IF EXISTS `authentication_systems`;
/*!40101 SET @saved_cs_client     = @@character_set_client */;
/*!40101 SET character_set_client = utf8 */;
CREATE TABLE `authentication_systems` (
  `id` int(11) NOT NULL AUTO_INCREMENT,
  `name` varchar(255) COLLATE utf8_unicode_ci DEFAULT NULL,
  `class_name` varchar(255) COLLATE utf8_unicode_ci DEFAULT NULL,
  `is_default` tinyint(1) DEFAULT '0',
  `is_active` tinyint(1) DEFAULT '0',
  PRIMARY KEY (`id`)
) ENGINE=InnoDB AUTO_INCREMENT=7 DEFAULT CHARSET=utf8 COLLATE=utf8_unicode_ci;
/*!40101 SET character_set_client = @saved_cs_client */;

--
-- Dumping data for table `authentication_systems`
--

LOCK TABLES `authentication_systems` WRITE;
/*!40000 ALTER TABLE `authentication_systems` DISABLE KEYS */;
INSERT INTO `authentication_systems` VALUES (1,'Database Authentication','DatabaseAuthentication',1,1),(2,'LDAP Authentication','LdapAuthentication',0,0),(3,'ZHDK Authentication','Zhdk',0,0),(4,'Database Authentication','DatabaseAuthentication',1,1),(5,'LDAP Authentication','LdapAuthentication',0,0),(6,'ZHDK Authentication','Zhdk',0,0);
/*!40000 ALTER TABLE `authentication_systems` ENABLE KEYS */;
UNLOCK TABLES;

--
-- Table structure for table `buildings`
--

DROP TABLE IF EXISTS `buildings`;
/*!40101 SET @saved_cs_client     = @@character_set_client */;
/*!40101 SET character_set_client = utf8 */;
CREATE TABLE `buildings` (
  `id` int(11) NOT NULL AUTO_INCREMENT,
  `name` varchar(255) COLLATE utf8_unicode_ci DEFAULT NULL,
  `code` varchar(255) COLLATE utf8_unicode_ci DEFAULT NULL,
  PRIMARY KEY (`id`)
) ENGINE=InnoDB AUTO_INCREMENT=191 DEFAULT CHARSET=utf8 COLLATE=utf8_unicode_ci;
/*!40101 SET character_set_client = @saved_cs_client */;

--
-- Dumping data for table `buildings`
--

LOCK TABLES `buildings` WRITE;
/*!40000 ALTER TABLE `buildings` DISABLE KEYS */;
INSERT INTO `buildings` VALUES (1,'Great Pyramid of Giza','ZZZ'),(2,'Fugitsolutaqui','com'),(3,'Sapientedolorevoluptates','vol'),(4,'Autrationelaborum','eaq'),(5,'Veroundeet','nul'),(6,'Inventoretemporaomnis','sit'),(7,'Reiciendisrecusandaeeius','har'),(8,'Repellatexpeditanemo','eos'),(9,'Odioharumfacere','utc'),(10,'Dolorumvitaeeos','ali'),(11,'Pariaturducimusvero','aut'),(12,'Quiestet','qua'),(13,'Harumnobisaut','vol'),(14,'Animidolorumsequi','non'),(15,'Deseruntassumendaesse','vit'),(16,'Nisiomnisa','tem'),(17,'Minusdolorumratione','eve'),(18,'Inmaioresnam','utm'),(19,'Maioresevenietnatus','ape'),(20,'Dolorumetvoluptatibus','fug'),(21,'Doloribusdelectusqui','etv'),(22,'Etmaioresbeatae','ess'),(23,'Repellendusadipisciculpa','sol'),(24,'Facilisaliaseum','utq'),(25,'Autcumquedicta','min'),(26,'Quosutomnis','ear'),(27,'Doloresvoluptasid','nec'),(28,'Excepturiutet','deb'),(29,'Sequidelectusquod','eos'),(30,'Placeatquiset','aut'),(31,'Quivoluptatesconsequatur','rem'),(32,'Adipisciutvoluptatem','eaq'),(33,'Suscipitmagnimaiores','lab'),(34,'Doloremidaperiam','omn'),(35,'Impeditsimiliquevoluptatibus','del'),(36,'Etaliasnon','par'),(37,'Sintnatusratione','cor'),(38,'Estautemest','idq'),(39,'Suscipitnemoatque','mag'),(40,'Aspernaturquiconsequatur','qui'),(41,'Ausstellungsstrasse 60','AU60'),(42,'Ausstellungsstrasse 60','AU60'),(43,'Voluptatempossimusenim','qui'),(44,'Quimagnieum','por'),(45,'Reruminciduntiure','ven'),(46,'Architectoiureincidunt','afu'),(47,'Velitsaepetempore','pla'),(48,'Nihilnonsequi','exi'),(49,'Essequiaaut','ull'),(50,'Voluptatemeaaut','sin'),(51,'Odioporroest','nos'),(52,'Omnisettenetur','tem'),(53,'Quidemplaceatnon','vol'),(54,'Eiusfugiatexpedita','eaa'),(55,'Quaesedet','ius'),(56,'Laudantiumeiusfacere','fug'),(57,'Sintdolorumnam','sed'),(58,'Culpanobismaxime','exp'),(59,'Omniscupiditatedignissimos','por'),(60,'Delectuseligendiiusto','rep'),(61,'Utcorruptinostrum','neq'),(62,'Asperioresautemconsectetur','err'),(63,'Officiisidut','acc'),(64,'Rationeeligendiquae','nih'),(65,'Architectofacerenesciunt','ius'),(66,'Namassumendavoluptas','dol'),(67,'Aspernaturquiaperferendis','mol'),(68,'Excepturireiciendisducimus','dol'),(69,'Etnumquamveniam','atq'),(70,'Maximeimpediteos','acc'),(71,'Repellateumipsa','vol'),(72,'Odioquibusdamdistinctio','rei'),(73,'Inciduntodiovelit','etq'),(74,'Velvoluptatibusqui','ute'),(75,'Assumendaautsed','dol'),(76,'Temporibussimiliqueveniam','ida'),(77,'Sequiipsamaxime','aut'),(78,'Officiaconsecteturquam','ven'),(79,'Aliquidreiciendissed','ete'),(80,'Quiamagnamet','ist'),(81,'Porrosintquae','opt'),(82,'Velcupiditateaut','qui'),(83,'Aspernaturquiiure','eni'),(84,'Quasiisterepellendus','utn'),(85,'Placeatetautem','ets'),(86,'Doloresintullam','nul'),(87,'Omnisutaut','ado'),(88,'Cupiditateoditnatus','per'),(89,'Etsitenim','vol'),(90,'Nullamolestiasut','ist'),(91,'Voluptatesrecusandaequi','ven'),(92,'Delectusquodquia','nul'),(93,'Numquamaspernaturet','utc'),(94,'Eadoloremquequam','vel'),(95,'Vitaeomnisrepellendus','adi'),(96,'Animiconsequaturexcepturi','sun'),(97,'Quasiesseprovident','ess'),(98,'Architectoculpanisi','bla'),(99,'Itaquequamrerum','qua'),(100,'Ututquia','etv'),(101,'Veritatisearumipsam','dol'),(102,'Deseruntnatusquam','vol'),(103,'Nostrumlaborequi','ame'),(104,'Noneta','abq'),(105,'Assumendaveniamcorrupti','mol'),(106,'Doloribusomniscommodi','deb'),(107,'Voluptatemtotamvoluptatem','vel'),(108,'Nonitaqueut','nec'),(109,'Magnamcupiditatefacilis','ita'),(110,'Inciduntrerumet','etp'),(111,'Facilisquisalias','nob'),(112,'Errorenimipsa','omn'),(113,'Providentetquis','imp'),(114,'Magnicumqueomnis','vel'),(115,'Facerequianostrum','pos'),(116,'Voluptasautemquo','har'),(117,'Porrodoloremlaudantium','ver'),(118,'Ipsamvoluptatumvoluptas','exe'),(119,'Perferendisreiciendiset','err'),(120,'Great Pyramid of Giza','ZZZ'),(121,'Excepturietdolorem','ide'),(122,'Voluptatemetenim','eaa'),(123,'Aliquidtemporequod','sit'),(124,'Dolorereprehenderitab','mol'),(125,'Minimaassumendaneque','ete'),(126,'Suscipiteligendiconsectetur','dol'),(127,'Doloribusdoloremqui','eve'),(128,'Voluptatibusetet','dol'),(129,'Quodautet','eni'),(130,'Molestiaesintquibusdam','ver'),(131,'Aquodquia','ina'),(132,'Earumautemnostrum','har'),(133,'Aliquamtemporibusvoluptatem','duc'),(134,'Temporamagniprovident','vol'),(135,'Cumdictaeum','est'),(136,'Esteteum','err'),(137,'Voluptasdoloremquepossimus','ear'),(138,'Autenimomnis','acc'),(139,'Delectusrepellendusquidem','eos'),(140,'Etrerumnostrum','opt'),(141,'Aspernatursedearum','vel'),(142,'Ipsumdeseruntdolor','dol'),(143,'Quibusdamexcepturicorrupti','exp'),(144,'Quodaspernaturofficiis','nob'),(145,'Eoseafacere','num'),(146,'Recusandaenamipsa','hic'),(147,'Quidemteneturnumquam','pro'),(148,'Quaeomnisperferendis','ips'),(149,'Recusandaenobisrem','quo'),(150,'Cumqueaccusamusquas','qua'),(151,'Liberoverosit','per'),(152,'Autundevero','vol'),(153,'Esseipsaearum','qua'),(154,'Molestiaedoloremrepudiandae','ten'),(155,'Minimavitaerepellendus','inv'),(156,'Magnamharumsit','nem'),(157,'Officiautomnis','par'),(158,'Voluptasdictaquaerat','dol'),(159,'Remfugaqui','aut'),(160,'Nonrepellenduset','dol'),(161,'Eavelcommodi','ine'),(162,'Veromaioressuscipit','con'),(163,'Repudiandaenihilut','aut'),(164,'Utveroet','mod'),(165,'Estfugiatet','off'),(166,'Voluptatumexquaerat','inv'),(167,'Suntpariaturtotam','quo'),(168,'Nihilconsequaturanimi','rei'),(169,'Consequaturauteos','sed'),(170,'Cumqueomnisculpa','rer'),(171,'Nonutqui','bea'),(172,'Sintreprehenderitmodi','tot'),(173,'Sitpariaturnihil','exc'),(174,'Consequaturomnisminima','qui'),(175,'Sedeosperferendis','abs'),(176,'Saepenihilut','par'),(177,'Repellendusremunde','utq'),(178,'Rerumfacereomnis','nih'),(179,'Temporedoloribusnon','lau'),(180,'Consequunturessesint','sus'),(181,'Iustosintodit','aut'),(182,'Aspernaturvoluptatibusaut','atq'),(183,'Voluptatevoluptasalias','rer'),(184,'Doloremevenietcupiditate','eum'),(185,'Delectusnostrumassumenda','ius'),(186,'Perspiciatisdictamollitia','com'),(187,'Namexplicabovoluptatem','tem'),(188,'Eosvoluptatemvoluptatem','off'),(189,'Autestaliquam','ide'),(190,'Enimrepellendusaut','sin');
/*!40000 ALTER TABLE `buildings` ENABLE KEYS */;
UNLOCK TABLES;

--
-- Table structure for table `contract_lines`
--

DROP TABLE IF EXISTS `contract_lines`;
/*!40101 SET @saved_cs_client     = @@character_set_client */;
/*!40101 SET character_set_client = utf8 */;
CREATE TABLE `contract_lines` (
  `id` int(11) NOT NULL AUTO_INCREMENT,
  `contract_id` int(11) DEFAULT NULL,
  `type` varchar(255) COLLATE utf8_unicode_ci NOT NULL DEFAULT 'ItemLine',
  `item_id` int(11) DEFAULT NULL,
  `model_id` int(11) DEFAULT NULL,
  `quantity` int(11) DEFAULT '1',
  `start_date` date DEFAULT NULL,
  `end_date` date DEFAULT NULL,
  `returned_date` date DEFAULT NULL,
  `option_id` int(11) DEFAULT NULL,
  `purpose_id` int(11) DEFAULT NULL,
  `returned_to_user_id` int(11) DEFAULT NULL,
  `created_at` datetime DEFAULT NULL,
  `updated_at` datetime DEFAULT NULL,
  PRIMARY KEY (`id`),
  KEY `index_contract_lines_on_start_date` (`start_date`),
  KEY `index_contract_lines_on_end_date` (`end_date`),
  KEY `index_contract_lines_on_option_id` (`option_id`),
  KEY `index_contract_lines_on_contract_id` (`contract_id`),
  KEY `index_contract_lines_on_item_id` (`item_id`),
  KEY `index_contract_lines_on_model_id` (`model_id`),
  KEY `index_contract_lines_on_returned_date_and_contract_id` (`returned_date`,`contract_id`),
  KEY `index_contract_lines_on_type_and_contract_id` (`type`,`contract_id`),
  KEY `contract_lines_purpose_id_fk` (`purpose_id`),
  KEY `contract_lines_returned_to_user_id_fk` (`returned_to_user_id`),
  CONSTRAINT `contract_lines_returned_to_user_id_fk` FOREIGN KEY (`returned_to_user_id`) REFERENCES `users` (`id`),
  CONSTRAINT `contract_lines_contract_id_fk` FOREIGN KEY (`contract_id`) REFERENCES `contracts` (`id`) ON DELETE CASCADE,
  CONSTRAINT `contract_lines_item_id_fk` FOREIGN KEY (`item_id`) REFERENCES `items` (`id`),
  CONSTRAINT `contract_lines_model_id_fk` FOREIGN KEY (`model_id`) REFERENCES `models` (`id`),
  CONSTRAINT `contract_lines_option_id_fk` FOREIGN KEY (`option_id`) REFERENCES `options` (`id`),
  CONSTRAINT `contract_lines_purpose_id_fk` FOREIGN KEY (`purpose_id`) REFERENCES `purposes` (`id`)
) ENGINE=InnoDB AUTO_INCREMENT=171 DEFAULT CHARSET=utf8 COLLATE=utf8_unicode_ci;
/*!40101 SET character_set_client = @saved_cs_client */;

--
-- Dumping data for table `contract_lines`
--

LOCK TABLES `contract_lines` WRITE;
/*!40000 ALTER TABLE `contract_lines` DISABLE KEYS */;
INSERT INTO `contract_lines` VALUES (1,1,'ItemLine',NULL,1,1,'2013-09-16','2013-09-16',NULL,NULL,NULL,NULL,'2013-09-16 10:21:17','2013-09-16 10:21:17'),(2,1,'ItemLine',NULL,5,1,'2013-09-16','2013-09-16',NULL,NULL,NULL,NULL,'2013-09-16 10:21:17','2013-09-16 10:21:17'),(3,1,'ItemLine',NULL,9,1,'2013-09-16','2013-09-16',NULL,NULL,NULL,NULL,'2013-09-16 10:21:17','2013-09-16 10:21:17'),(4,2,'ItemLine',NULL,13,1,'2013-09-16','2013-09-16',NULL,NULL,1,NULL,'2013-09-16 10:21:17','2013-09-16 10:21:17'),(5,2,'ItemLine',NULL,17,1,'2013-09-16','2013-09-16',NULL,NULL,1,NULL,'2013-09-16 10:21:17','2013-09-16 10:21:17'),(6,2,'ItemLine',NULL,21,1,'2013-09-16','2013-09-16',NULL,NULL,1,NULL,'2013-09-16 10:21:17','2013-09-16 10:21:17'),(7,2,'ItemLine',NULL,25,1,'2013-09-16','2013-09-16',NULL,NULL,1,NULL,'2013-09-16 10:21:17','2013-09-16 10:21:17'),(8,2,'ItemLine',NULL,29,1,'2013-09-16','2013-09-16',NULL,NULL,1,NULL,'2013-09-16 10:21:17','2013-09-16 10:21:17'),(9,3,'ItemLine',NULL,33,1,'2013-09-16','2013-09-16','2013-09-16',NULL,2,1,'2013-09-16 10:21:17','2013-09-16 10:21:17'),(10,3,'ItemLine',NULL,37,1,'2013-09-16','2013-09-16','2013-09-16',NULL,2,1,'2013-09-16 10:21:17','2013-09-16 10:21:17'),(11,3,'ItemLine',NULL,41,1,'2013-09-16','2013-09-16','2013-09-16',NULL,2,1,'2013-09-16 10:21:17','2013-09-16 10:21:17'),(12,3,'ItemLine',NULL,45,1,'2013-09-16','2013-09-16','2013-09-16',NULL,2,1,'2013-09-16 10:21:17','2013-09-16 10:21:17'),(13,3,'ItemLine',NULL,49,1,'2013-09-16','2013-09-16','2013-09-16',NULL,2,1,'2013-09-16 10:21:17','2013-09-16 10:21:17'),(14,4,'ItemLine',NULL,164,1,'2013-09-16','2013-09-16',NULL,NULL,3,NULL,'2013-09-15 02:35:43','2013-09-15 02:35:43'),(15,4,'ItemLine',NULL,165,1,'2013-09-16','2013-09-16',NULL,NULL,3,NULL,'2013-09-15 02:35:43','2013-09-15 02:35:43'),(16,4,'ItemLine',NULL,166,1,'2013-09-16','2013-09-16',NULL,NULL,3,NULL,'2013-09-15 02:35:43','2013-09-15 02:35:43'),(17,4,'ItemLine',NULL,167,1,'2013-09-16','2013-09-16',NULL,NULL,3,NULL,'2013-09-15 02:35:43','2013-09-15 02:35:43'),(18,4,'ItemLine',NULL,168,1,'2013-09-16','2013-09-16',NULL,NULL,3,NULL,'2013-09-15 02:35:43','2013-09-15 02:35:43'),(19,5,'ItemLine',NULL,172,1,'2013-09-16','2013-09-16',NULL,NULL,4,NULL,'2013-09-15 02:35:43','2013-09-15 02:35:43'),(20,5,'ItemLine',NULL,173,1,'2013-09-16','2013-09-16',NULL,NULL,4,NULL,'2013-09-15 02:35:43','2013-09-15 02:35:43'),(21,5,'ItemLine',NULL,174,1,'2013-09-16','2013-09-16',NULL,NULL,4,NULL,'2013-09-15 02:35:43','2013-09-15 02:35:43'),(22,5,'ItemLine',NULL,175,1,'2013-09-16','2013-09-16',NULL,NULL,4,NULL,'2013-09-15 02:35:43','2013-09-15 02:35:43'),(23,6,'ItemLine',NULL,179,1,'2013-09-16','2013-09-16',NULL,NULL,5,NULL,'2013-09-15 02:35:43','2013-09-15 02:35:43'),(24,6,'ItemLine',NULL,180,1,'2013-09-16','2013-09-16',NULL,NULL,5,NULL,'2013-09-15 02:35:43','2013-09-15 02:35:43'),(25,6,'ItemLine',NULL,181,1,'2013-09-16','2013-09-16',NULL,NULL,5,NULL,'2013-09-15 02:35:43','2013-09-15 02:35:43'),(26,6,'ItemLine',NULL,182,1,'2013-09-16','2013-09-16',NULL,NULL,5,NULL,'2013-09-15 02:35:43','2013-09-15 02:35:43'),(27,6,'ItemLine',NULL,183,1,'2013-09-16','2013-09-16',NULL,NULL,5,NULL,'2013-09-15 02:35:43','2013-09-15 02:35:43'),(28,6,'ItemLine',NULL,184,1,'2013-09-16','2013-09-16',NULL,NULL,5,NULL,'2013-09-15 02:35:43','2013-09-15 02:35:43'),(29,7,'ItemLine',NULL,188,1,'2013-09-12','2013-09-12',NULL,NULL,6,NULL,'2013-09-12 00:54:29','2013-09-12 00:54:29'),(30,7,'ItemLine',NULL,189,1,'2013-09-12','2013-09-12',NULL,NULL,6,NULL,'2013-09-12 00:54:29','2013-09-12 00:54:29'),(31,7,'ItemLine',NULL,190,1,'2013-09-12','2013-09-12',NULL,NULL,6,NULL,'2013-09-12 00:54:29','2013-09-12 00:54:29'),(32,8,'ItemLine',NULL,191,1,'2013-09-11','2013-09-11',NULL,NULL,7,NULL,'2013-09-11 14:30:50','2013-09-11 14:30:50'),(33,8,'ItemLine',NULL,192,1,'2013-09-11','2013-09-11',NULL,NULL,7,NULL,'2013-09-11 14:30:50','2013-09-11 14:30:50'),(34,8,'ItemLine',NULL,193,1,'2013-09-11','2013-09-11',NULL,NULL,7,NULL,'2013-09-11 14:30:50','2013-09-11 14:30:50'),(35,8,'ItemLine',NULL,194,1,'2013-09-11','2013-09-11',NULL,NULL,7,NULL,'2013-09-11 14:30:50','2013-09-11 14:30:50'),(36,8,'ItemLine',NULL,194,1,'2013-09-11','2013-09-11',NULL,NULL,7,NULL,'2013-09-11 14:30:50','2013-09-11 14:30:50'),(37,9,'ItemLine',NULL,198,1,'2013-09-16','2013-09-16',NULL,NULL,8,NULL,'2013-09-16 10:21:17','2013-09-16 10:21:17'),(38,9,'ItemLine',NULL,199,1,'2013-09-16','2013-09-16',NULL,NULL,8,NULL,'2013-09-16 10:21:17','2013-09-16 10:21:17'),(39,9,'ItemLine',NULL,200,1,'2013-09-16','2013-09-16',NULL,NULL,8,NULL,'2013-09-16 10:21:17','2013-09-16 10:21:17'),(40,9,'ItemLine',NULL,201,1,'2013-09-16','2013-09-16',NULL,NULL,8,NULL,'2013-09-16 10:21:17','2013-09-16 10:21:17'),(41,10,'ItemLine',NULL,205,1,'2013-09-16','2013-09-16',NULL,NULL,9,NULL,'2013-09-16 10:21:17','2013-09-16 10:21:17'),(42,10,'ItemLine',NULL,206,1,'2013-09-16','2013-09-16',NULL,NULL,9,NULL,'2013-09-16 10:21:17','2013-09-16 10:21:17'),(43,10,'ItemLine',NULL,207,1,'2013-09-16','2013-09-16',NULL,NULL,9,NULL,'2013-09-16 10:21:17','2013-09-16 10:21:17'),(44,11,'ItemLine',NULL,208,1,'2013-09-16','2013-09-16',NULL,NULL,10,NULL,'2013-09-16 10:21:17','2013-09-16 10:21:17'),(45,11,'ItemLine',NULL,209,1,'2013-09-16','2013-09-16',NULL,NULL,10,NULL,'2013-09-16 10:21:17','2013-09-16 10:21:17'),(46,11,'ItemLine',NULL,210,1,'2013-09-16','2013-09-16',NULL,NULL,10,NULL,'2013-09-16 10:21:17','2013-09-16 10:21:17'),(47,11,'ItemLine',NULL,211,1,'2013-09-16','2013-09-16',NULL,NULL,10,NULL,'2013-09-16 10:21:17','2013-09-16 10:21:17'),(48,12,'ItemLine',NULL,212,1,'2013-09-16','2013-09-16',NULL,NULL,11,NULL,'2013-09-16 10:21:17','2013-09-16 10:21:17'),(49,12,'ItemLine',NULL,213,1,'2013-09-16','2013-09-16',NULL,NULL,11,NULL,'2013-09-16 10:21:17','2013-09-16 10:21:17'),(50,12,'ItemLine',NULL,214,1,'2013-09-16','2013-09-16',NULL,NULL,11,NULL,'2013-09-16 10:21:17','2013-09-16 10:21:17'),(51,12,'ItemLine',NULL,215,1,'2013-09-16','2013-09-16',NULL,NULL,11,NULL,'2013-09-16 10:21:17','2013-09-16 10:21:17'),(52,12,'ItemLine',NULL,216,1,'2013-09-16','2013-09-16',NULL,NULL,11,NULL,'2013-09-16 10:21:17','2013-09-16 10:21:17'),(53,13,'ItemLine',25,33,1,'2013-09-16','2013-09-16',NULL,NULL,12,NULL,'2013-09-16 10:21:17','2013-09-16 10:21:17'),(54,13,'ItemLine',26,33,1,'2013-09-16','2013-09-16',NULL,NULL,12,NULL,'2013-09-16 10:21:17','2013-09-16 10:21:17'),(55,13,'ItemLine',27,33,1,'2013-09-16','2013-09-16',NULL,NULL,12,NULL,'2013-09-16 10:21:17','2013-09-16 10:21:17'),(56,13,'ItemLine',28,37,1,'2013-09-16','2013-09-16',NULL,NULL,12,NULL,'2013-09-16 10:21:17','2013-09-16 10:21:17'),(57,13,'ItemLine',29,37,1,'2013-09-16','2013-09-16',NULL,NULL,12,NULL,'2013-09-16 10:21:17','2013-09-16 10:21:17'),(58,13,'ItemLine',30,37,1,'2013-09-16','2013-09-16',NULL,NULL,12,NULL,'2013-09-16 10:21:17','2013-09-16 10:21:17'),(59,13,'ItemLine',31,41,1,'2013-09-16','2013-09-16',NULL,NULL,12,NULL,'2013-09-16 10:21:17','2013-09-16 10:21:17'),(60,13,'ItemLine',32,41,1,'2013-09-16','2013-09-16',NULL,NULL,12,NULL,'2013-09-16 10:21:17','2013-09-16 10:21:17'),(61,13,'ItemLine',33,41,1,'2013-09-16','2013-09-16',NULL,NULL,12,NULL,'2013-09-16 10:21:17','2013-09-16 10:21:17'),(62,13,'ItemLine',34,45,1,'2013-09-16','2013-09-16',NULL,NULL,12,NULL,'2013-09-16 10:21:17','2013-09-16 10:21:17'),(63,13,'ItemLine',35,45,1,'2013-09-16','2013-09-16',NULL,NULL,12,NULL,'2013-09-16 10:21:17','2013-09-16 10:21:17'),(64,13,'ItemLine',36,45,1,'2013-09-16','2013-09-16',NULL,NULL,12,NULL,'2013-09-16 10:21:17','2013-09-16 10:21:17'),(65,13,'ItemLine',37,49,1,'2013-09-16','2013-09-16',NULL,NULL,12,NULL,'2013-09-16 10:21:17','2013-09-16 10:21:17'),(66,13,'ItemLine',38,49,1,'2013-09-16','2013-09-16',NULL,NULL,12,NULL,'2013-09-16 10:21:17','2013-09-16 10:21:17'),(67,13,'ItemLine',39,49,1,'2013-09-16','2013-09-16',NULL,NULL,12,NULL,'2013-09-16 10:21:17','2013-09-16 10:21:17'),(68,13,'ItemLine',42,54,1,'2013-09-16','2013-09-16',NULL,NULL,12,NULL,'2013-09-16 10:21:17','2013-09-16 10:21:17'),(69,13,'ItemLine',43,54,1,'2013-09-16','2013-09-16',NULL,NULL,12,NULL,'2013-09-16 10:21:17','2013-09-16 10:21:17'),(70,13,'ItemLine',44,55,1,'2013-09-16','2013-09-16',NULL,NULL,12,NULL,'2013-09-16 10:21:17','2013-09-16 10:21:17'),(71,13,'ItemLine',46,57,1,'2013-09-16','2013-09-16',NULL,NULL,12,NULL,'2013-09-16 10:21:17','2013-09-16 10:21:17'),(72,13,'ItemLine',47,58,1,'2013-09-16','2013-09-16',NULL,NULL,12,NULL,'2013-09-16 10:21:17','2013-09-16 10:21:17'),(73,13,'ItemLine',48,59,1,'2013-09-16','2013-09-16',NULL,NULL,12,NULL,'2013-09-16 10:21:17','2013-09-16 10:21:17'),(74,13,'ItemLine',49,60,1,'2013-09-16','2013-09-16',NULL,NULL,12,NULL,'2013-09-16 10:21:17','2013-09-16 10:21:17'),(75,13,'ItemLine',50,61,1,'2013-09-16','2013-09-16',NULL,NULL,12,NULL,'2013-09-16 10:21:17','2013-09-16 10:21:17'),(76,13,'ItemLine',51,62,1,'2013-09-16','2013-09-16',NULL,NULL,12,NULL,'2013-09-16 10:21:17','2013-09-16 10:21:17'),(77,13,'ItemLine',52,63,1,'2013-09-16','2013-09-16',NULL,NULL,12,NULL,'2013-09-16 10:21:17','2013-09-16 10:21:17'),(78,13,'ItemLine',53,64,1,'2013-09-16','2013-09-16',NULL,NULL,12,NULL,'2013-09-16 10:21:17','2013-09-16 10:21:17'),(79,13,'ItemLine',54,65,1,'2013-09-16','2013-09-16',NULL,NULL,12,NULL,'2013-09-16 10:21:17','2013-09-16 10:21:17'),(80,13,'ItemLine',55,66,1,'2013-09-16','2013-09-16',NULL,NULL,12,NULL,'2013-09-16 10:21:17','2013-09-16 10:21:17'),(81,13,'ItemLine',56,67,1,'2013-09-16','2013-09-16',NULL,NULL,12,NULL,'2013-09-16 10:21:17','2013-09-16 10:21:17'),(82,13,'ItemLine',57,68,1,'2013-09-16','2013-09-16',NULL,NULL,12,NULL,'2013-09-16 10:21:17','2013-09-16 10:21:17'),(83,14,'OptionLine',NULL,NULL,2,'2013-09-16','2013-09-16',NULL,4,13,NULL,'2013-09-16 10:21:17','2013-09-16 10:21:17'),(84,14,'ItemLine',212,217,1,'2013-09-16','2013-09-16',NULL,NULL,13,NULL,'2013-09-16 10:21:17','2013-09-16 10:21:17'),(85,15,'OptionLine',NULL,NULL,2,'2013-09-16','2013-09-16',NULL,5,14,NULL,'2013-09-16 10:21:17','2013-09-16 10:21:17'),(86,15,'OptionLine',NULL,NULL,1,'2013-09-16','2013-10-16',NULL,5,14,NULL,'2013-09-16 10:21:17','2013-09-16 10:21:17'),(87,16,'ItemLine',213,218,1,'2013-09-16','2013-09-16',NULL,NULL,15,NULL,'2013-09-16 10:21:17','2013-09-16 10:21:17'),(88,17,'ItemLine',214,219,1,'2013-09-11','2013-09-15',NULL,NULL,16,NULL,'2013-09-11 00:00:00','2013-09-11 00:00:00'),(89,17,'OptionLine',NULL,NULL,1,'2013-09-11','2013-09-15',NULL,6,16,NULL,'2013-09-11 00:00:00','2013-09-11 00:00:00'),(90,18,'ItemLine',217,223,1,'2013-09-16','2013-09-16','2013-09-16',NULL,17,NULL,'2013-09-16 10:21:17','2013-09-16 10:21:17'),(91,19,'ItemLine',218,224,1,'2013-09-16','2013-09-16','2013-09-16',NULL,18,NULL,'2013-09-16 10:21:17','2013-09-16 10:21:17'),(92,20,'ItemLine',NULL,227,1,'2013-09-16','2013-09-16',NULL,NULL,19,NULL,'2013-09-16 10:21:17','2013-09-16 10:21:17'),(93,20,'ItemLine',NULL,228,1,'2013-09-16','2013-09-16',NULL,NULL,19,NULL,'2013-09-16 10:21:17','2013-09-16 10:21:17'),(94,20,'ItemLine',NULL,229,1,'2013-09-16','2013-09-16',NULL,NULL,19,NULL,'2013-09-16 10:21:17','2013-09-16 10:21:17'),(95,20,'ItemLine',NULL,230,1,'2013-09-16','2013-09-16',NULL,NULL,19,NULL,'2013-09-16 10:21:17','2013-09-16 10:21:17'),(96,20,'ItemLine',NULL,231,1,'2013-09-16','2013-09-16',NULL,NULL,19,NULL,'2013-09-16 10:21:17','2013-09-16 10:21:17'),(97,21,'ItemLine',226,232,1,'2013-09-16','2013-09-16',NULL,NULL,20,NULL,'2013-09-16 10:21:17','2013-09-16 10:21:17'),(98,21,'ItemLine',227,233,1,'2013-09-16','2013-09-16',NULL,NULL,20,NULL,'2013-09-16 10:21:17','2013-09-16 10:21:17'),(99,21,'ItemLine',228,234,1,'2013-09-16','2013-09-16',NULL,NULL,20,NULL,'2013-09-16 10:21:17','2013-09-16 10:21:17'),(100,22,'ItemLine',229,235,1,'2013-09-16','2013-09-16',NULL,NULL,21,NULL,'2013-09-16 10:21:17','2013-09-16 10:21:17'),(101,22,'ItemLine',230,236,1,'2013-09-16','2013-09-16',NULL,NULL,21,NULL,'2013-09-16 10:21:17','2013-09-16 10:21:17'),(102,22,'ItemLine',231,237,1,'2013-09-16','2013-09-16',NULL,NULL,21,NULL,'2013-09-16 10:21:17','2013-09-16 10:21:17'),(103,23,'ItemLine',232,238,1,'2013-09-11','2013-09-11',NULL,NULL,22,NULL,'2013-09-11 00:00:00','2013-09-11 00:00:00'),(104,23,'ItemLine',233,239,1,'2013-09-11','2013-09-11',NULL,NULL,22,NULL,'2013-09-11 00:00:00','2013-09-11 00:00:00'),(105,23,'ItemLine',234,240,1,'2013-09-11','2013-09-11',NULL,NULL,22,NULL,'2013-09-11 00:00:00','2013-09-11 00:00:00'),(106,23,'ItemLine',235,241,1,'2013-09-11','2013-09-11',NULL,NULL,22,NULL,'2013-09-11 00:00:00','2013-09-11 00:00:00'),(107,23,'ItemLine',236,242,1,'2013-09-11','2013-09-11',NULL,NULL,22,NULL,'2013-09-11 00:00:00','2013-09-11 00:00:00'),(108,24,'ItemLine',NULL,80,1,'2013-09-23','2013-09-26',NULL,NULL,23,NULL,'2013-09-16 10:21:17','2013-09-16 10:21:17'),(109,24,'ItemLine',NULL,80,1,'2013-09-23','2013-09-26',NULL,NULL,23,NULL,'2013-09-16 10:21:17','2013-09-16 10:21:17'),(110,24,'ItemLine',NULL,80,1,'2013-09-23','2013-09-26',NULL,NULL,23,NULL,'2013-09-16 10:21:17','2013-09-16 10:21:17'),(111,24,'ItemLine',NULL,80,1,'2013-09-23','2013-09-26',NULL,NULL,23,NULL,'2013-09-16 10:21:17','2013-09-16 10:21:17'),(112,24,'ItemLine',NULL,80,1,'2013-09-23','2013-09-26',NULL,NULL,23,NULL,'2013-09-16 10:21:17','2013-09-16 10:21:17'),(113,24,'ItemLine',NULL,112,1,'2013-09-23','2013-09-26',NULL,NULL,23,NULL,'2013-09-16 10:21:17','2013-09-16 10:21:17'),(114,24,'ItemLine',NULL,112,1,'2013-09-23','2013-09-26',NULL,NULL,23,NULL,'2013-09-16 10:21:17','2013-09-16 10:21:17'),(115,24,'ItemLine',NULL,112,1,'2013-09-23','2013-09-26',NULL,NULL,23,NULL,'2013-09-16 10:21:17','2013-09-16 10:21:17'),(116,24,'ItemLine',NULL,112,1,'2013-09-23','2013-09-26',NULL,NULL,23,NULL,'2013-09-16 10:21:17','2013-09-16 10:21:17'),(117,25,'ItemLine',NULL,243,1,'2013-09-16','2013-09-16',NULL,NULL,24,NULL,'2013-09-16 10:21:17','2013-09-16 10:21:17'),(118,25,'ItemLine',NULL,247,1,'2013-09-16','2013-09-16',NULL,NULL,24,NULL,'2013-09-16 10:21:17','2013-09-16 10:21:17'),(119,25,'ItemLine',NULL,251,1,'2013-09-16','2013-09-16',NULL,NULL,24,NULL,'2013-09-16 10:21:17','2013-09-16 10:21:17'),(120,26,'ItemLine',NULL,255,1,'2013-09-16','2013-09-16',NULL,NULL,25,NULL,'2013-09-16 10:21:17','2013-09-16 10:21:17'),(121,26,'ItemLine',NULL,259,1,'2013-09-16','2013-09-16',NULL,NULL,25,NULL,'2013-09-16 10:21:17','2013-09-16 10:21:17'),(122,26,'ItemLine',NULL,263,1,'2013-09-16','2013-09-16',NULL,NULL,25,NULL,'2013-09-16 10:21:17','2013-09-16 10:21:17'),(123,27,'ItemLine',NULL,267,1,'2013-09-16','2013-09-16',NULL,NULL,26,NULL,'2013-09-16 10:21:17','2013-09-16 10:21:17'),(124,27,'ItemLine',NULL,271,1,'2013-09-16','2013-09-16',NULL,NULL,26,NULL,'2013-09-16 10:21:17','2013-09-16 10:21:17'),(125,27,'ItemLine',NULL,275,1,'2013-09-16','2013-09-16',NULL,NULL,26,NULL,'2013-09-16 10:21:17','2013-09-16 10:21:17'),(126,27,'ItemLine',NULL,279,1,'2013-09-16','2013-09-16',NULL,NULL,26,NULL,'2013-09-16 10:21:17','2013-09-16 10:21:17'),(127,27,'ItemLine',NULL,283,1,'2013-09-16','2013-09-16',NULL,NULL,26,NULL,'2013-09-16 10:21:17','2013-09-16 10:21:17'),(128,28,'ItemLine',NULL,287,1,'2013-09-16','2013-09-16',NULL,NULL,27,NULL,'2013-09-16 10:21:17','2013-09-16 10:21:17'),(129,28,'ItemLine',NULL,291,1,'2013-09-16','2013-09-16',NULL,NULL,27,NULL,'2013-09-16 10:21:17','2013-09-16 10:21:17'),(130,28,'ItemLine',NULL,295,1,'2013-09-16','2013-09-16',NULL,NULL,27,NULL,'2013-09-16 10:21:17','2013-09-16 10:21:17'),(131,29,'ItemLine',NULL,112,1,'2013-09-16','2013-09-16',NULL,NULL,28,NULL,'2013-09-16 10:21:17','2013-09-16 10:21:17'),(132,30,'ItemLine',NULL,112,1,'2013-09-16','2013-09-16',NULL,NULL,29,NULL,'2013-09-16 10:21:17','2013-09-16 10:21:17'),(133,30,'ItemLine',NULL,80,1,'2013-09-16','2013-09-16',NULL,NULL,29,NULL,'2013-09-16 10:21:17','2013-09-16 10:21:17'),(134,31,'ItemLine',NULL,112,1,'2013-09-23','2013-09-24',NULL,NULL,30,NULL,'2013-09-16 10:21:17','2013-09-16 10:21:17'),(135,32,'ItemLine',NULL,54,1,'2013-09-16','2013-09-16',NULL,NULL,31,NULL,'2013-09-16 10:21:17','2013-09-16 10:21:17'),(136,32,'ItemLine',NULL,54,1,'2013-09-16','2013-09-16',NULL,NULL,31,NULL,'2013-09-16 10:21:17','2013-09-16 10:21:17'),(137,32,'ItemLine',NULL,54,1,'2013-09-16','2013-09-16',NULL,NULL,31,NULL,'2013-09-16 10:21:17','2013-09-16 10:21:17'),(138,33,'ItemLine',NULL,80,1,'2013-09-16','2013-09-16',NULL,NULL,32,NULL,'2013-09-16 10:21:17','2013-09-16 10:21:17'),(139,33,'ItemLine',NULL,112,1,'2013-09-16','2013-09-16',NULL,NULL,32,NULL,'2013-09-16 10:21:17','2013-09-16 10:21:17'),(140,33,'ItemLine',NULL,80,1,'2013-09-16','2013-09-16',NULL,NULL,32,NULL,'2013-09-16 10:21:17','2013-09-16 10:21:17'),(141,33,'ItemLine',NULL,112,1,'2013-09-16','2013-09-16',NULL,NULL,32,NULL,'2013-09-16 10:21:17','2013-09-16 10:21:17'),(142,33,'ItemLine',NULL,80,1,'2013-09-16','2013-09-16',NULL,NULL,32,NULL,'2013-09-16 10:21:17','2013-09-16 10:21:17'),(143,33,'ItemLine',NULL,112,1,'2013-09-16','2013-09-16',NULL,NULL,32,NULL,'2013-09-16 10:21:17','2013-09-16 10:21:17'),(144,33,'OptionLine',NULL,NULL,5,'2013-09-16','2013-09-16',NULL,1,32,NULL,'2013-09-16 10:21:17','2013-09-16 10:21:17'),(145,34,'ItemLine',NULL,151,1,'2013-09-16','2013-09-16',NULL,NULL,NULL,NULL,'2013-09-16 10:21:17','2013-09-16 10:21:17'),(146,35,'ItemLine',279,299,1,'2013-09-16','2013-09-16',NULL,NULL,NULL,NULL,'2013-09-16 10:21:17','2013-09-16 10:21:17'),(147,36,'ItemLine',69,80,1,'2013-09-16','2013-09-16',NULL,NULL,35,NULL,'2013-09-16 10:21:17','2013-09-16 10:21:17'),(148,37,'ItemLine',280,300,1,'2013-09-16','2013-09-16',NULL,NULL,36,NULL,'2013-09-16 10:21:17','2013-09-16 10:21:17'),(149,38,'ItemLine',40,53,1,'2013-09-16','2013-09-16',NULL,NULL,37,NULL,'2013-09-16 10:21:17','2013-09-16 10:21:17'),(150,38,'ItemLine',218,224,1,'2013-09-16','2013-09-16','2013-09-16',NULL,37,18,'2013-09-16 10:21:17','2013-09-16 10:21:17'),(151,39,'ItemLine',45,54,1,'2013-09-16','2013-09-16',NULL,NULL,38,NULL,'2013-09-16 10:21:17','2013-09-16 10:21:17'),(152,40,'ItemLine',281,301,1,'2013-09-16','2013-09-16',NULL,NULL,39,NULL,'2013-09-16 10:21:17','2013-09-16 10:21:17'),(153,41,'ItemLine',110,115,1,'2013-09-16','2013-09-17',NULL,NULL,40,NULL,'2013-09-16 10:21:17','2013-09-16 10:21:17'),(154,42,'ItemLine',NULL,80,1,'2013-09-23','2013-09-26',NULL,NULL,41,NULL,'2013-09-16 10:21:17','2013-09-16 10:21:17'),(155,42,'ItemLine',NULL,112,1,'2013-09-23','2013-09-26',NULL,NULL,41,NULL,'2013-09-16 10:21:17','2013-09-16 10:21:17'),(156,42,'ItemLine',NULL,112,1,'2013-09-24','2013-09-27',NULL,NULL,41,NULL,'2013-09-16 10:21:17','2013-09-16 10:21:17'),(157,43,'ItemLine',NULL,58,1,'2013-09-16','2013-09-17',NULL,NULL,41,NULL,'2013-09-16 10:21:17','2013-09-16 10:21:17'),(158,44,'ItemLine',NULL,54,1,'2013-09-14','2013-09-17',NULL,NULL,42,NULL,'2013-09-16 10:21:17','2013-09-16 10:21:17'),(159,44,'ItemLine',NULL,302,1,'2013-09-14','2013-09-17',NULL,NULL,42,NULL,'2013-09-16 10:21:17','2013-09-16 10:21:17'),(160,45,'ItemLine',139,54,1,'2013-09-16','2013-09-16',NULL,NULL,43,NULL,'2013-09-16 10:21:17','2013-09-16 10:21:17'),(161,45,'OptionLine',NULL,NULL,1,'2013-09-16','2013-09-16',NULL,1,43,NULL,'2013-09-16 10:21:17','2013-09-16 10:21:17'),(162,46,'ItemLine',NULL,80,1,'2013-10-23','2013-10-31',NULL,NULL,44,NULL,'2013-09-16 10:21:17','2013-09-16 10:21:17'),(163,47,'ItemLine',NULL,80,1,'2013-11-07','2013-11-10',NULL,NULL,45,NULL,'2013-09-16 10:21:17','2013-09-16 10:21:17'),(164,47,'ItemLine',NULL,80,1,'2013-11-07','2013-11-10',NULL,NULL,45,NULL,'2013-09-16 10:21:17','2013-09-16 10:21:17'),(165,47,'ItemLine',NULL,80,1,'2013-11-07','2013-11-10',NULL,NULL,45,NULL,'2013-09-16 10:21:17','2013-09-16 10:21:17'),(166,47,'ItemLine',NULL,80,1,'2013-11-07','2013-11-10',NULL,NULL,45,NULL,'2013-09-16 10:21:17','2013-09-16 10:21:17'),(167,47,'ItemLine',NULL,80,1,'2013-11-07','2013-11-10',NULL,NULL,45,NULL,'2013-09-16 10:21:17','2013-09-16 10:21:17'),(168,47,'ItemLine',NULL,80,1,'2013-11-07','2013-11-10',NULL,NULL,45,NULL,'2013-09-16 10:21:17','2013-09-16 10:21:17'),(169,48,'ItemLine',NULL,33,1,'2013-09-16','2013-09-16',NULL,NULL,46,NULL,'2013-09-16 10:21:17','2013-09-16 10:21:17'),(170,49,'ItemLine',105,112,1,'2013-09-11','2013-09-15',NULL,NULL,47,NULL,'2013-09-11 00:00:00','2013-09-11 00:00:00');
/*!40000 ALTER TABLE `contract_lines` ENABLE KEYS */;
UNLOCK TABLES;

--
-- Table structure for table `contracts`
--

DROP TABLE IF EXISTS `contracts`;
/*!40101 SET @saved_cs_client     = @@character_set_client */;
/*!40101 SET character_set_client = utf8 */;
CREATE TABLE `contracts` (
  `id` int(11) NOT NULL AUTO_INCREMENT,
  `user_id` int(11) DEFAULT NULL,
  `delegated_user_id` int(11) DEFAULT NULL,
  `inventory_pool_id` int(11) DEFAULT NULL,
  `note` text COLLATE utf8_unicode_ci,
  `handed_over_by_user_id` int(11) DEFAULT NULL,
  `created_at` datetime DEFAULT NULL,
  `updated_at` datetime DEFAULT NULL,
  `status` enum('unsubmitted','submitted','rejected','approved','signed','closed') COLLATE utf8_unicode_ci NOT NULL,
  PRIMARY KEY (`id`),
  KEY `index_contracts_on_inventory_pool_id` (`inventory_pool_id`),
  KEY `index_contracts_on_status` (`status`),
  KEY `index_contracts_on_user_id` (`user_id`),
  KEY `contracts_delegated_user_id_fk` (`delegated_user_id`),
  KEY `contracts_handed_over_by_user_id_fk` (`handed_over_by_user_id`),
  CONSTRAINT `contracts_handed_over_by_user_id_fk` FOREIGN KEY (`handed_over_by_user_id`) REFERENCES `users` (`id`),
  CONSTRAINT `contracts_delegated_user_id_fk` FOREIGN KEY (`delegated_user_id`) REFERENCES `users` (`id`),
  CONSTRAINT `contracts_inventory_pool_id_fk` FOREIGN KEY (`inventory_pool_id`) REFERENCES `inventory_pools` (`id`),
  CONSTRAINT `contracts_user_id_fk` FOREIGN KEY (`user_id`) REFERENCES `users` (`id`)
) ENGINE=InnoDB AUTO_INCREMENT=50 DEFAULT CHARSET=utf8 COLLATE=utf8_unicode_ci;
/*!40101 SET character_set_client = @saved_cs_client */;

--
-- Dumping data for table `contracts`
--

LOCK TABLES `contracts` WRITE;
/*!40000 ALTER TABLE `contracts` DISABLE KEYS */;
INSERT INTO `contracts` VALUES (1,5,NULL,5,NULL,NULL,'2013-09-16 10:21:17','2013-09-16 10:21:17','unsubmitted'),(2,6,NULL,10,NULL,NULL,'2013-09-16 10:21:17','2013-09-16 10:21:17','approved'),(3,7,NULL,1,NULL,NULL,'2013-09-16 10:21:17','2013-09-16 10:21:17','closed'),(4,12,NULL,1,NULL,NULL,'2013-09-15 02:35:42','2013-09-15 02:35:42','submitted'),(5,12,NULL,1,NULL,NULL,'2013-09-15 02:35:43','2013-09-15 02:35:43','approved'),(6,12,NULL,1,NULL,NULL,'2013-09-15 02:35:43','2013-09-15 02:35:43','rejected'),(7,12,NULL,1,NULL,NULL,'2013-09-12 00:54:29','2013-09-12 00:54:29','submitted'),(8,12,NULL,1,NULL,NULL,'2013-09-11 14:30:50','2013-09-11 14:30:50','submitted'),(9,13,NULL,1,NULL,NULL,'2013-09-16 10:21:17','2013-09-16 10:21:17','submitted'),(10,14,NULL,1,NULL,NULL,'2013-09-16 10:21:17','2013-09-16 10:21:17','submitted'),(11,15,NULL,1,NULL,NULL,'2013-09-16 10:21:17','2013-09-16 10:21:17','submitted'),(12,16,NULL,1,NULL,NULL,'2013-09-16 10:21:17','2013-09-16 10:21:17','submitted'),(13,20,NULL,1,NULL,NULL,'2013-09-16 10:21:17','2013-09-16 10:21:17','approved'),(14,21,NULL,1,NULL,18,'2013-09-16 10:21:17','2013-09-16 10:21:17','signed'),(15,22,NULL,1,NULL,18,'2013-09-16 10:21:17','2013-09-16 10:21:17','signed'),(16,23,NULL,1,NULL,18,'2013-09-16 10:21:17','2013-09-16 10:21:17','signed'),(17,24,NULL,2,NULL,18,'2013-09-11 00:00:00','2013-09-11 00:00:00','signed'),(18,26,NULL,1,NULL,18,'2013-09-16 10:21:17','2013-09-16 10:21:17','closed'),(19,27,NULL,1,NULL,18,'2013-09-16 10:21:17','2013-09-16 10:21:17','closed'),(20,30,28,1,NULL,NULL,'2013-09-16 10:21:17','2013-09-16 10:21:17','submitted'),(21,30,29,1,NULL,NULL,'2013-09-16 10:21:17','2013-09-16 10:21:17','approved'),(22,30,28,1,NULL,18,'2013-09-16 10:21:17','2013-09-16 10:21:17','signed'),(23,30,28,1,NULL,18,'2013-09-11 00:00:00','2013-09-11 00:00:00','signed'),(24,34,NULL,1,NULL,NULL,'2013-09-16 10:21:17','2013-09-16 10:21:17','submitted'),(25,34,NULL,1,NULL,NULL,'2013-09-16 10:21:17','2013-09-16 10:21:17','submitted'),(26,34,NULL,3,NULL,NULL,'2013-09-16 10:21:17','2013-09-16 10:21:17','submitted'),(27,34,NULL,1,NULL,NULL,'2013-09-16 10:21:17','2013-09-16 10:21:17','submitted'),(28,34,NULL,3,NULL,NULL,'2013-09-16 10:21:17','2013-09-16 10:21:17','submitted'),(29,34,NULL,1,NULL,NULL,'2013-09-16 10:21:17','2013-09-16 10:21:17','approved'),(30,34,NULL,1,NULL,NULL,'2013-09-16 10:21:17','2013-09-16 10:21:17','approved'),(31,34,NULL,1,NULL,NULL,'2013-09-16 10:21:17','2013-09-16 10:21:17','approved'),(32,34,NULL,1,NULL,NULL,'2013-09-16 10:21:17','2013-09-16 10:21:17','approved'),(33,34,NULL,1,NULL,NULL,'2013-09-16 10:21:17','2013-09-16 10:21:17','approved'),(34,34,NULL,1,NULL,NULL,'2013-09-16 10:21:17','2013-09-16 10:21:17','approved'),(35,34,NULL,1,NULL,NULL,'2013-09-16 10:21:17','2013-09-16 10:21:17','approved'),(36,34,NULL,1,NULL,18,'2013-09-16 10:21:17','2013-09-16 10:21:17','signed'),(37,34,NULL,1,NULL,18,'2013-09-16 10:21:17','2013-09-16 10:21:17','signed'),(38,34,NULL,2,NULL,18,'2013-09-16 10:21:17','2013-09-16 10:21:17','signed'),(39,34,NULL,2,NULL,18,'2013-09-16 10:21:17','2013-09-16 10:21:17','signed'),(40,34,NULL,2,NULL,18,'2013-09-16 10:21:17','2013-09-16 10:21:17','signed'),(41,34,NULL,1,NULL,18,'2013-09-16 10:21:17','2013-09-16 10:21:17','signed'),(42,35,NULL,1,NULL,NULL,'2013-09-16 10:21:17','2013-09-16 10:21:17','submitted'),(43,35,NULL,1,NULL,NULL,'2013-09-16 10:21:17','2013-09-16 10:21:17','submitted'),(44,35,NULL,1,NULL,NULL,'2013-09-16 10:21:17','2013-09-16 10:21:17','approved'),(45,35,NULL,1,NULL,18,'2013-09-16 10:21:17','2013-09-16 10:21:17','signed'),(46,36,NULL,1,NULL,NULL,'2013-09-16 10:21:17','2013-09-16 10:21:17','submitted'),(47,36,NULL,1,NULL,NULL,'2013-09-16 10:21:17','2013-09-16 10:21:17','submitted'),(48,36,NULL,1,NULL,NULL,'2013-09-16 10:21:17','2013-09-16 10:21:17','approved'),(49,36,NULL,1,NULL,18,'2013-09-11 00:00:00','2013-09-11 00:00:00','signed');
/*!40000 ALTER TABLE `contracts` ENABLE KEYS */;
UNLOCK TABLES;

--
-- Table structure for table `database_authentications`
--

DROP TABLE IF EXISTS `database_authentications`;
/*!40101 SET @saved_cs_client     = @@character_set_client */;
/*!40101 SET character_set_client = utf8 */;
CREATE TABLE `database_authentications` (
  `id` int(11) NOT NULL AUTO_INCREMENT,
  `login` varchar(255) COLLATE utf8_unicode_ci DEFAULT NULL,
  `crypted_password` varchar(40) COLLATE utf8_unicode_ci DEFAULT NULL,
  `salt` varchar(40) COLLATE utf8_unicode_ci DEFAULT NULL,
  `user_id` int(11) DEFAULT NULL,
  `created_at` datetime DEFAULT NULL,
  `updated_at` datetime DEFAULT NULL,
  PRIMARY KEY (`id`),
  KEY `database_authentications_user_id_fk` (`user_id`),
  CONSTRAINT `database_authentications_user_id_fk` FOREIGN KEY (`user_id`) REFERENCES `users` (`id`)
) ENGINE=InnoDB AUTO_INCREMENT=33 DEFAULT CHARSET=utf8 COLLATE=utf8_unicode_ci;
/*!40101 SET character_set_client = @saved_cs_client */;

--
-- Dumping data for table `database_authentications`
--

LOCK TABLES `database_authentications` WRITE;
/*!40000 ALTER TABLE `database_authentications` DISABLE KEYS */;
INSERT INTO `database_authentications` VALUES (1,'ramon','1e8ce90ebb930ced2b4b1b6c31c4b88789cdae58','1dc84143f5a4fddba4c6ca5e3669d61a9ab780b2',1,'2013-09-16 10:21:17','2013-09-16 10:21:17'),(2,'quinton_konopelski_2745','4c4159c1c3a39a5cc8c95df84b6bc2c2e5897b2b','d8c2c34a934d9e467b4d766d22583af410c6f483',2,'2013-09-16 10:21:17','2013-09-16 10:21:17'),(3,'theron_lockman_897','e96bcdd835d08eff16e02700acaeb69cedcad10e','b2e9b198955cf7f4549bb98ff58e73d75210f71b',3,'2013-09-16 10:21:17','2013-09-16 10:21:17'),(4,'amos_bailey_8527','13d4daef4c1537cca4857ae4bd7e925c2e66f672','666d0f0b12ac9adfd68b749512b157de562b3a2b',4,'2013-09-16 10:21:17','2013-09-16 10:21:17'),(5,'dorothy_1346','7c19e79a0aeb17c0e16fd9b5d06dd1689ec7b62a','4783bf433d649bd1acce1f138e8e375c4dd482d8',5,'2013-09-16 10:21:17','2013-09-16 10:21:17'),(6,'eino_collier_5193','a154cf414e4824589e90c2be91ab2776b9601d05','2e99d2cd16b8c9f795ab83e77835d1e7314913f3',6,'2013-09-16 10:21:17','2013-09-16 10:21:17'),(7,'summer.vandervort_4479','25fd52a332f52ef562c300473feeab2bace90ba9','c1d2ac42c99f42aae4218e4d2ae6f4e24e9ae389',7,'2013-09-16 10:21:17','2013-09-16 10:21:17'),(8,'matti','34aea0f9a04ac539909865fd3f9c1efc02287f85','d7ee64eb30ddf2e39bf6f3fc04c26b5078944d01',8,'2013-09-16 10:21:17','2013-09-16 10:21:17'),(9,'mike','0211e618ea5ae87ac8bf478f80577fb16156190d','f666b6f7054acc49f9d8741b76620cdc53748973',9,'2013-09-16 10:21:17','2013-09-16 10:21:17'),(10,'andi','4fd4bb576411766318b2d5c62c22ae327dfe7d4e','5b0f08abdd9bd7834e77d821ff5baab000c746cd',10,'2013-09-16 10:21:17','2013-09-16 10:21:17'),(11,'marco_2074','ceb27717753cc5bf12a2e7dbd90b6521000d2b6c','5df8bef369399d55460cd90978e6f745fc63afe9',11,'2013-09-16 10:21:17','2013-09-16 10:21:17'),(12,'eleanore_2553','19195164794635961da93808b29ec3c7608d7f1c','cf2152e9ced1ee12c235329fbe00712ca9e9554f',12,'2013-09-16 10:21:17','2013-09-16 10:21:17'),(13,'euna_3115','ebe264a9a84f123811f776d95784ce45b35433b5','21ba816b1c73d8bffcff969757d50efbf2b63553',13,'2013-09-16 10:21:17','2013-09-16 10:21:17'),(14,'jayde_4923','cc4c8c0ada794ebb7f4a4dd723bd05397c875ce8','37261201e2fd5232cde1b6390b3801d76d6f520c',14,'2013-09-16 10:21:17','2013-09-16 10:21:17'),(15,'avery_4629','bef678208abecb2cff49aaca2dd7f2ce8e75564f','1751a25a4aa42d987eaa65c21875f19eb21d3cd6',15,'2013-09-16 10:21:17','2013-09-16 10:21:17'),(16,'briana_447','894d7f84564000ee80695796741eb1f0d98f0a25','fc96de1d50aaa0b511f79838e0c2b4b97811b1d9',16,'2013-09-16 10:21:17','2013-09-16 10:21:17'),(17,'gino','cec0e22a438a6fe0c802dfafa30c7c1db81d8e9c','f277bb95cc05aaaa7b0764e76e5dba2524c3056a',17,'2013-09-16 10:21:17','2013-09-16 10:21:17'),(18,'pius','57b091eadc0e2206338ec9ccffbd662fd10f10ac','2181bbff30a7f4fa5bf2ec5418c4d9bc632eaf1b',18,'2013-09-16 10:21:17','2013-09-16 10:21:17'),(19,'peter','19ea1b754de27b105061025d4bb9a7f4ef2f70d4','125cba8d963ef8584ce813fc640ad82379359206',19,'2013-09-16 10:21:17','2013-09-16 10:21:17'),(20,'dorothy_1197','1940035420d95bbba8d60f986a1bf340a9ddd576','52370cac687bcf78960ccadf17a7787030c24273',20,'2013-09-16 10:21:17','2013-09-16 10:21:17'),(21,'haylie_7593','c7b19ec8e102f0175a418bacee90124b60b208b1','7997b2fec52567b8930a317f10eb9379aa15f4f5',21,'2013-09-16 10:21:17','2013-09-16 10:21:17'),(22,'torrey.batz_9972','70e864ab7b0a704913c4ea876273971b515d427b','88c3c8665b544735be35ce7e42606f650b05f0c3',22,'2013-09-16 10:21:17','2013-09-16 10:21:17'),(23,'maida_deckow_1088','a54bc7e062983874af6f1c2a13e9c8621b2b0632','9c7071c5a980a85dd256b1c333669b4164c63545',23,'2013-09-16 10:21:17','2013-09-16 10:21:17'),(24,'yvette_2503','209d531206f41dd3ceacee850aec554b5656b065','58d3adc4480cdc175d62774cb80ecb3f694516fe',24,'2013-09-11 00:00:00','2013-09-11 00:00:00'),(25,'anne_7738','a3e44ccffe395ae47e94726b9cc367000f2ccab2','086ce567c4425033e1d6b3b1643e1830ba601a84',25,'2013-09-11 00:00:00','2013-09-11 00:00:00'),(26,'emmalee_erdman_4895','84e974cfde09187ae9052046643d214df16ba00f','7486a75dbeeb518ba44c1eeb9aeeab8c0c9c63f0',26,'2013-09-16 10:21:17','2013-09-16 10:21:17'),(27,'watson.simonis_315','99bef4c5db88ad3f7f98fc16f96314190e6a9dc9','4676ace7a819b350a3d8b39e4c28188705b5bffc',27,'2013-09-16 10:21:17','2013-09-16 10:21:17'),(28,'mina','5016e8e7c6c6d73bb6f6f8347debc52d22bd85f8','216ae0d8726ae50e5051cff0777cbdb59a4d0df2',28,'2013-09-16 10:21:17','2013-09-16 10:21:17'),(29,'julie','05602c82c70a4df12db0213e282b7a5820ad4948','32db8c1158af585552e5da078e20e74bf92059e6',29,'2013-09-16 10:21:17','2013-09-16 10:21:17'),(30,'normin','83ef6512dd8c582e2493091c3090eced04386d4f','35ce60bc112cab620c3abe8b33e6b85bd617ba04',34,'2013-09-16 10:21:17','2013-09-16 10:21:17'),(31,'petra','0c2f6e96909f59998c58cf8bbdced7f1e16860eb','23261c91d46221fd8875a537ea6d7091ac96491b',35,'2013-09-16 10:21:17','2013-09-16 10:21:17'),(32,'lisa','8845823f06af1dd4c7a282fa6040b1b5381b0e66','6de29ffd03d412d4289638430d66e4f56f83a8f8',36,'2013-09-16 10:21:17','2013-09-16 10:21:17');
/*!40000 ALTER TABLE `database_authentications` ENABLE KEYS */;
UNLOCK TABLES;

--
-- Table structure for table `delegations_users`
--

DROP TABLE IF EXISTS `delegations_users`;
/*!40101 SET @saved_cs_client     = @@character_set_client */;
/*!40101 SET character_set_client = utf8 */;
CREATE TABLE `delegations_users` (
  `delegation_id` int(11) DEFAULT NULL,
  `user_id` int(11) DEFAULT NULL,
  UNIQUE KEY `index_delegations_users_on_user_id_and_delegation_id` (`user_id`,`delegation_id`),
  KEY `index_delegations_users_on_delegation_id` (`delegation_id`),
  CONSTRAINT `delegations_users_delegation_id_fk` FOREIGN KEY (`delegation_id`) REFERENCES `users` (`id`),
  CONSTRAINT `delegations_users_user_id_fk` FOREIGN KEY (`user_id`) REFERENCES `users` (`id`)
) ENGINE=InnoDB DEFAULT CHARSET=utf8 COLLATE=utf8_unicode_ci;
/*!40101 SET character_set_client = @saved_cs_client */;

--
-- Dumping data for table `delegations_users`
--

LOCK TABLES `delegations_users` WRITE;
/*!40000 ALTER TABLE `delegations_users` DISABLE KEYS */;
INSERT INTO `delegations_users` VALUES (30,28),(31,28),(32,28),(33,28),(30,29),(31,29),(32,29),(33,29);
/*!40000 ALTER TABLE `delegations_users` ENABLE KEYS */;
UNLOCK TABLES;

--
-- Table structure for table `groups`
--

DROP TABLE IF EXISTS `groups`;
/*!40101 SET @saved_cs_client     = @@character_set_client */;
/*!40101 SET character_set_client = utf8 */;
CREATE TABLE `groups` (
  `id` int(11) NOT NULL AUTO_INCREMENT,
  `name` varchar(255) COLLATE utf8_unicode_ci DEFAULT NULL,
  `inventory_pool_id` int(11) DEFAULT NULL,
  `is_verification_required` tinyint(1) DEFAULT '0',
  `created_at` datetime DEFAULT NULL,
  `updated_at` datetime DEFAULT NULL,
  PRIMARY KEY (`id`),
  KEY `index_groups_on_inventory_pool_id` (`inventory_pool_id`),
  KEY `index_groups_on_is_verification_required` (`is_verification_required`),
  CONSTRAINT `groups_inventory_pool_id_fk` FOREIGN KEY (`inventory_pool_id`) REFERENCES `inventory_pools` (`id`)
) ENGINE=InnoDB AUTO_INCREMENT=10 DEFAULT CHARSET=utf8 COLLATE=utf8_unicode_ci;
/*!40101 SET character_set_client = @saved_cs_client */;

--
-- Dumping data for table `groups`
--

LOCK TABLES `groups` WRITE;
/*!40000 ALTER TABLE `groups` DISABLE KEYS */;
INSERT INTO `groups` VALUES (1,'Cast',1,0,'2013-09-16 10:21:17','2013-09-16 10:21:17'),(2,'IAD',1,0,'2013-09-16 10:21:17','2013-09-16 10:21:17'),(3,'Wu',1,0,'2013-09-16 10:21:17','2013-09-16 10:21:17'),(4,'Group Hifi',1,0,'2013-09-16 10:21:17','2013-09-16 10:21:17'),(5,'Group A',1,0,'2013-09-16 10:21:17','2013-09-16 10:21:17'),(6,'Group B',1,0,'2013-09-16 10:21:17','2013-09-16 10:21:17'),(7,'FFI',1,1,'2013-09-16 10:21:17','2013-09-16 10:21:17'),(8,'VTO',1,1,'2013-09-16 10:21:17','2013-09-16 10:21:17'),(9,'1. Semester',2,1,'2013-09-16 10:21:17','2013-09-16 10:21:17');
/*!40000 ALTER TABLE `groups` ENABLE KEYS */;
UNLOCK TABLES;

--
-- Table structure for table `groups_users`
--

DROP TABLE IF EXISTS `groups_users`;
/*!40101 SET @saved_cs_client     = @@character_set_client */;
/*!40101 SET character_set_client = utf8 */;
CREATE TABLE `groups_users` (
  `user_id` int(11) DEFAULT NULL,
  `group_id` int(11) DEFAULT NULL,
  UNIQUE KEY `index_groups_users_on_user_id_and_group_id` (`user_id`,`group_id`),
  KEY `index_groups_users_on_group_id` (`group_id`),
  CONSTRAINT `groups_users_user_id_fk` FOREIGN KEY (`user_id`) REFERENCES `users` (`id`),
  CONSTRAINT `groups_users_group_id_fk` FOREIGN KEY (`group_id`) REFERENCES `groups` (`id`)
) ENGINE=InnoDB DEFAULT CHARSET=utf8 COLLATE=utf8_unicode_ci;
/*!40101 SET character_set_client = @saved_cs_client */;

--
-- Dumping data for table `groups_users`
--

LOCK TABLES `groups_users` WRITE;
/*!40000 ALTER TABLE `groups_users` DISABLE KEYS */;
INSERT INTO `groups_users` VALUES (12,7),(12,8),(13,7),(14,7),(14,8),(15,7),(15,9),(16,7),(34,1),(36,1);
/*!40000 ALTER TABLE `groups_users` ENABLE KEYS */;
UNLOCK TABLES;

--
-- Table structure for table `histories`
--

DROP TABLE IF EXISTS `histories`;
/*!40101 SET @saved_cs_client     = @@character_set_client */;
/*!40101 SET character_set_client = utf8 */;
CREATE TABLE `histories` (
  `id` int(11) NOT NULL AUTO_INCREMENT,
  `text` varchar(255) COLLATE utf8_unicode_ci DEFAULT '',
  `type_const` int(11) DEFAULT NULL,
  `created_at` datetime NOT NULL,
  `target_id` int(11) NOT NULL,
  `target_type` varchar(255) COLLATE utf8_unicode_ci NOT NULL,
  `user_id` int(11) DEFAULT NULL,
  PRIMARY KEY (`id`),
  KEY `index_histories_on_target_type_and_target_id` (`target_type`,`target_id`),
  KEY `index_histories_on_type_const` (`type_const`),
  KEY `index_histories_on_user_id` (`user_id`),
  CONSTRAINT `histories_user_id_fk` FOREIGN KEY (`user_id`) REFERENCES `users` (`id`)
) ENGINE=InnoDB AUTO_INCREMENT=17 DEFAULT CHARSET=utf8 COLLATE=utf8_unicode_ci;
/*!40101 SET character_set_client = @saved_cs_client */;

--
-- Dumping data for table `histories`
--

LOCK TABLES `histories` WRITE;
/*!40000 ALTER TABLE `histories` DISABLE KEYS */;
INSERT INTO `histories` VALUES (1,'Contract 14 has been signed by Katarina Hegmann',1,'2013-09-16 10:21:17',14,'Contract',18),(2,'Contract 15 has been signed by Jovan Roob',1,'2013-09-16 10:21:17',15,'Contract',18),(3,'Contract 16 has been signed by Abdullah Morar',1,'2013-09-16 10:21:17',16,'Contract',18),(4,'Contract 17 has been signed by Elsie Hagenes',1,'2013-09-11 00:00:00',17,'Contract',18),(5,'Contract 18 has been signed by Randal Renner',1,'2013-09-16 10:21:17',18,'Contract',18),(6,'Contract 19 has been signed by Ila Torp',1,'2013-09-16 10:21:17',19,'Contract',18),(7,'Contract 22 has been signed by Velit molestias vel et.',1,'2013-09-16 10:21:17',22,'Contract',18),(8,'Contract 23 has been signed by Velit molestias vel et.',1,'2013-09-11 00:00:00',23,'Contract',18),(9,'Contract 36 has been signed by Normin N.',1,'2013-09-16 10:21:17',36,'Contract',18),(10,'Contract 37 has been signed by Normin N.',1,'2013-09-16 10:21:17',37,'Contract',18),(11,'Contract 38 has been signed by Normin N.',1,'2013-09-16 10:21:17',38,'Contract',18),(12,'Contract 39 has been signed by Normin N.',1,'2013-09-16 10:21:17',39,'Contract',18),(13,'Contract 40 has been signed by Normin N.',1,'2013-09-16 10:21:17',40,'Contract',18),(14,'Contract 41 has been signed by Normin N.',1,'2013-09-16 10:21:17',41,'Contract',18),(15,'Contract 45 has been signed by Petra K.',1,'2013-09-16 10:21:17',45,'Contract',18),(16,'Contract 49 has been signed by Lisa L.',1,'2013-09-11 00:00:00',49,'Contract',18);
/*!40000 ALTER TABLE `histories` ENABLE KEYS */;
UNLOCK TABLES;

--
-- Table structure for table `holidays`
--

DROP TABLE IF EXISTS `holidays`;
/*!40101 SET @saved_cs_client     = @@character_set_client */;
/*!40101 SET character_set_client = utf8 */;
CREATE TABLE `holidays` (
  `id` int(11) NOT NULL AUTO_INCREMENT,
  `inventory_pool_id` int(11) DEFAULT NULL,
  `start_date` date DEFAULT NULL,
  `end_date` date DEFAULT NULL,
  `name` varchar(255) COLLATE utf8_unicode_ci DEFAULT NULL,
  PRIMARY KEY (`id`),
  KEY `index_holidays_on_inventory_pool_id` (`inventory_pool_id`),
  KEY `index_holidays_on_start_date_and_end_date` (`start_date`,`end_date`),
  CONSTRAINT `holidays_inventory_pool_id_fk` FOREIGN KEY (`inventory_pool_id`) REFERENCES `inventory_pools` (`id`) ON DELETE CASCADE
) ENGINE=InnoDB AUTO_INCREMENT=9 DEFAULT CHARSET=utf8 COLLATE=utf8_unicode_ci;
/*!40101 SET character_set_client = @saved_cs_client */;

--
-- Dumping data for table `holidays`
--

LOCK TABLES `holidays` WRITE;
/*!40000 ALTER TABLE `holidays` DISABLE KEYS */;
INSERT INTO `holidays` VALUES (1,1,'2013-12-24','2013-12-26','Christmas'),(2,1,'2014-12-24','2014-12-26','Christmas'),(3,2,'2013-12-24','2013-12-26','Christmas'),(4,2,'2014-12-24','2014-12-26','Christmas'),(5,3,'2013-12-24','2013-12-26','Christmas'),(6,3,'2014-12-24','2014-12-26','Christmas'),(7,1,'2013-12-24','2013-12-26','Christmas'),(8,1,'2014-12-24','2014-12-26','Christmas');
/*!40000 ALTER TABLE `holidays` ENABLE KEYS */;
UNLOCK TABLES;

--
-- Table structure for table `images`
--

DROP TABLE IF EXISTS `images`;
/*!40101 SET @saved_cs_client     = @@character_set_client */;
/*!40101 SET character_set_client = utf8 */;
CREATE TABLE `images` (
  `id` int(11) NOT NULL AUTO_INCREMENT,
  `is_main` tinyint(1) DEFAULT '0',
  `content_type` varchar(255) COLLATE utf8_unicode_ci DEFAULT NULL,
  `filename` varchar(255) COLLATE utf8_unicode_ci DEFAULT NULL,
  `size` int(11) DEFAULT NULL,
  `height` int(11) DEFAULT NULL,
  `width` int(11) DEFAULT NULL,
  `parent_id` int(11) DEFAULT NULL,
  `thumbnail` varchar(255) COLLATE utf8_unicode_ci DEFAULT NULL,
  `target_id` int(11) DEFAULT NULL,
  `target_type` varchar(255) COLLATE utf8_unicode_ci DEFAULT NULL,
  PRIMARY KEY (`id`),
  KEY `index_images_on_target_id_and_target_type` (`target_id`,`target_type`)
) ENGINE=InnoDB AUTO_INCREMENT=5 DEFAULT CHARSET=utf8 COLLATE=utf8_unicode_ci;
/*!40101 SET character_set_client = @saved_cs_client */;

--
-- Dumping data for table `images`
--

LOCK TABLES `images` WRITE;
/*!40000 ALTER TABLE `images` DISABLE KEYS */;
INSERT INTO `images` VALUES (1,0,'image/jpeg','numquam',NULL,NULL,NULL,NULL,NULL,1,'ModelGroup'),(2,0,'image/jpeg','nostrum',NULL,NULL,NULL,NULL,NULL,149,'Model'),(3,0,'image/jpeg','non',NULL,NULL,NULL,NULL,NULL,149,'Model'),(4,0,'image/jpeg','voluptatem',NULL,NULL,NULL,NULL,NULL,150,'Model');
/*!40000 ALTER TABLE `images` ENABLE KEYS */;
UNLOCK TABLES;

--
-- Table structure for table `inventory_pools`
--

DROP TABLE IF EXISTS `inventory_pools`;
/*!40101 SET @saved_cs_client     = @@character_set_client */;
/*!40101 SET character_set_client = utf8 */;
CREATE TABLE `inventory_pools` (
  `id` int(11) NOT NULL AUTO_INCREMENT,
  `name` varchar(255) COLLATE utf8_unicode_ci DEFAULT NULL,
  `description` text COLLATE utf8_unicode_ci,
  `contact_details` varchar(255) COLLATE utf8_unicode_ci DEFAULT NULL,
  `contract_description` varchar(255) COLLATE utf8_unicode_ci DEFAULT NULL,
  `contract_url` varchar(255) COLLATE utf8_unicode_ci DEFAULT NULL,
  `logo_url` varchar(255) COLLATE utf8_unicode_ci DEFAULT NULL,
  `default_contract_note` text COLLATE utf8_unicode_ci,
  `shortname` varchar(255) COLLATE utf8_unicode_ci DEFAULT NULL,
  `email` varchar(255) COLLATE utf8_unicode_ci DEFAULT NULL,
  `color` text COLLATE utf8_unicode_ci,
  `print_contracts` tinyint(1) DEFAULT '1',
  `opening_hours` text COLLATE utf8_unicode_ci,
  `address_id` int(11) DEFAULT NULL,
  `automatic_suspension` tinyint(1) NOT NULL DEFAULT '0',
  `automatic_suspension_reason` text COLLATE utf8_unicode_ci,
  `automatic_access` tinyint(1) DEFAULT NULL,
  PRIMARY KEY (`id`),
  UNIQUE KEY `index_inventory_pools_on_name` (`name`),
  KEY `inventory_pools_address_id_fk` (`address_id`),
  CONSTRAINT `inventory_pools_address_id_fk` FOREIGN KEY (`address_id`) REFERENCES `addresses` (`id`)
) ENGINE=InnoDB AUTO_INCREMENT=14 DEFAULT CHARSET=utf8 COLLATE=utf8_unicode_ci;
/*!40101 SET character_set_client = @saved_cs_client */;

--
-- Dumping data for table `inventory_pools`
--

LOCK TABLES `inventory_pools` WRITE;
/*!40000 ALTER TABLE `inventory_pools` DISABLE KEYS */;
INSERT INTO `inventory_pools` VALUES (1,'A-Ausleihe','Wichtige Hinweise...\n Bitte die Gegenstnde rechtzeitig zurckbringen','A Verleih  /  ZHdK\nav@zh-dk.ch\n+41 00 00 00 00','Gert erhalten','av@zhdk.ch',NULL,'Nemo ea fugit sed rem occaecati ullam.','A','av@zhdk.ch',NULL,1,NULL,NULL,1,'Iure omnis temporibus et facere minima totam molestiae asperiores.',NULL),(2,'IT-Ausleihe','Bringt die Gerte bitte rechtzeitig zurck','IT Verleih  /  ZHdK\nav@zh-dk.ch\n+41 00 00 00 00','Gert erhalten','it@zhdk.ch',NULL,NULL,'IT','it@zhdk.ch',NULL,1,NULL,NULL,1,'Rem voluptas ut ut.',NULL),(3,'AV-Technik','Bringt die Gerte bitte rechtzeitig zurck','AV Verleih  /  ZHdK\nav@zh-dk.ch\n+41 00 00 00 00','Gert erhalten','it@zhdk.ch',NULL,NULL,'AV','it@zhdk.ch',NULL,1,NULL,NULL,0,NULL,NULL),(4,'DT deletable','Bringt die Gerte bitte rechtzeitig zurck','AV Verleih  /  ZHdK\nav@zh-dk.ch\n+41 00 00 00 00','Gert erhalten','it@zhdk.ch',NULL,NULL,'DT','it@zhdk.ch',NULL,1,NULL,NULL,0,NULL,NULL),(5,'Autestmolestiaecommodi','Dolor iusto consectetur officiis aut.','In magnam exercitationem autem totam.','Autestmolestiaecommodi','jairo_kemmer@pollich.name',NULL,NULL,'17Q4MZ','jairo_kemmer@pollich.name',NULL,1,NULL,NULL,0,NULL,NULL),(6,'Aperiamconsequaturprovidentmollitia','Aut ratione est et deserunt nobis.','Et et ut exercitationem ut excepturi dignissimos natus.','Aperiamconsequaturprovidentmollitia','electa.bergstrom@ernserjacobs.name',NULL,NULL,'87IUXV','electa.bergstrom@ernserjacobs.name',NULL,1,NULL,NULL,0,NULL,NULL),(7,'Ullamnihildoloremdebitis','Est aut iure quia vel ea.','Tempore qui dolores cumque.','Ullamnihildoloremdebitis','enrico.emmerich@welch.com',NULL,NULL,'WME2DZ','enrico.emmerich@welch.com',NULL,1,NULL,NULL,0,NULL,NULL),(8,'Porronostrumquiaperferendis','Provident id hic et sint quas.','Omnis perspiciatis est hic numquam consequatur sequi odio.','Porronostrumquiaperferendis','damon@wymanwelch.name',NULL,NULL,'1G8E4E','damon@wymanwelch.name',NULL,1,NULL,NULL,0,NULL,NULL),(9,'Nullaquovoluptasquasi','Perspiciatis enim veniam est.','Voluptates laboriosam maiores sunt maxime illum et quasi rerum.','Nullaquovoluptasquasi','rosendo_schaden@rath.co.uk',NULL,NULL,'AMKM70','rosendo_schaden@rath.co.uk',NULL,1,NULL,NULL,0,NULL,NULL),(10,'Accusantiumeosodiofuga','Consequatur non consequatur et voluptatum architecto non itaque.','Neque id magnam itaque aut consequatur facilis natus.','Accusantiumeosodiofuga','nedra.kiehn@morar.com',NULL,NULL,'CANKLH','nedra.kiehn@morar.com',NULL,1,NULL,NULL,0,NULL,NULL),(11,'Sequiexetvoluptates','Perferendis vitae beatae consequatur itaque doloribus.','Dolore eligendi assumenda placeat.','Sequiexetvoluptates','irving@block.name',NULL,NULL,'FQ9GVD','irving@block.name',NULL,1,NULL,NULL,0,NULL,NULL),(12,'Quisrecusandaeametut','Ut modi voluptas omnis nobis at est.','Consequuntur ea perferendis vel tempora.','Quisrecusandaeametut','saige@mccullough.com',NULL,NULL,'801E11','saige@mccullough.com',NULL,1,NULL,NULL,0,NULL,NULL),(13,'Officiiseteteligendi','Nesciunt et voluptates aut eius dolor reiciendis sit.','Pariatur voluptatibus facilis mollitia velit.','Officiiseteteligendi','joanny@daugherty.biz',NULL,NULL,'5J2TDN','joanny@daugherty.biz',NULL,1,NULL,NULL,0,NULL,NULL);
/*!40000 ALTER TABLE `inventory_pools` ENABLE KEYS */;
UNLOCK TABLES;

--
-- Table structure for table `inventory_pools_model_groups`
--

DROP TABLE IF EXISTS `inventory_pools_model_groups`;
/*!40101 SET @saved_cs_client     = @@character_set_client */;
/*!40101 SET character_set_client = utf8 */;
CREATE TABLE `inventory_pools_model_groups` (
  `inventory_pool_id` int(11) DEFAULT NULL,
  `model_group_id` int(11) DEFAULT NULL,
  KEY `index_inventory_pools_model_groups_on_inventory_pool_id` (`inventory_pool_id`),
  KEY `index_inventory_pools_model_groups_on_model_group_id` (`model_group_id`),
  CONSTRAINT `inventory_pools_model_groups_model_group_id_fk` FOREIGN KEY (`model_group_id`) REFERENCES `model_groups` (`id`),
  CONSTRAINT `inventory_pools_model_groups_inventory_pool_id_fk` FOREIGN KEY (`inventory_pool_id`) REFERENCES `inventory_pools` (`id`)
) ENGINE=InnoDB DEFAULT CHARSET=utf8 COLLATE=utf8_unicode_ci;
/*!40101 SET character_set_client = @saved_cs_client */;

--
-- Dumping data for table `inventory_pools_model_groups`
--

LOCK TABLES `inventory_pools_model_groups` WRITE;
/*!40000 ALTER TABLE `inventory_pools_model_groups` DISABLE KEYS */;
INSERT INTO `inventory_pools_model_groups` VALUES (1,12),(1,13),(1,14);
/*!40000 ALTER TABLE `inventory_pools_model_groups` ENABLE KEYS */;
UNLOCK TABLES;

--
-- Table structure for table `items`
--

DROP TABLE IF EXISTS `items`;
/*!40101 SET @saved_cs_client     = @@character_set_client */;
/*!40101 SET character_set_client = utf8 */;
CREATE TABLE `items` (
  `id` int(11) NOT NULL AUTO_INCREMENT,
  `inventory_code` varchar(255) COLLATE utf8_unicode_ci DEFAULT NULL,
  `serial_number` varchar(255) COLLATE utf8_unicode_ci DEFAULT NULL,
  `model_id` int(11) DEFAULT NULL,
  `location_id` int(11) DEFAULT NULL,
  `supplier_id` int(11) DEFAULT NULL,
  `owner_id` int(11) NOT NULL,
  `parent_id` int(11) DEFAULT NULL,
  `invoice_number` varchar(255) COLLATE utf8_unicode_ci DEFAULT NULL,
  `invoice_date` date DEFAULT NULL,
  `last_check` date DEFAULT NULL,
  `retired` date DEFAULT NULL,
  `retired_reason` varchar(255) COLLATE utf8_unicode_ci DEFAULT NULL,
  `price` decimal(8,2) DEFAULT NULL,
  `is_broken` tinyint(1) DEFAULT '0',
  `is_incomplete` tinyint(1) DEFAULT '0',
  `is_borrowable` tinyint(1) DEFAULT '0',
  `needs_permission` tinyint(1) DEFAULT '0',
  `inventory_pool_id` int(11) NOT NULL,
  `is_inventory_relevant` tinyint(1) DEFAULT '0',
  `responsible` varchar(255) COLLATE utf8_unicode_ci DEFAULT NULL,
  `insurance_number` varchar(255) COLLATE utf8_unicode_ci DEFAULT NULL,
  `note` text COLLATE utf8_unicode_ci,
  `name` text COLLATE utf8_unicode_ci,
  `user_name` varchar(255) COLLATE utf8_unicode_ci DEFAULT NULL,
  `properties` varchar(2048) COLLATE utf8_unicode_ci DEFAULT NULL,
  `created_at` datetime DEFAULT NULL,
  `updated_at` datetime DEFAULT NULL,
  PRIMARY KEY (`id`),
  UNIQUE KEY `index_items_on_inventory_code` (`inventory_code`),
  KEY `index_items_on_inventory_pool_id` (`inventory_pool_id`),
  KEY `index_items_on_retired` (`retired`),
  KEY `index_items_on_is_borrowable` (`is_borrowable`),
  KEY `index_items_on_is_broken` (`is_broken`),
  KEY `index_items_on_is_incomplete` (`is_incomplete`),
  KEY `index_items_on_location_id` (`location_id`),
  KEY `index_items_on_owner_id` (`owner_id`),
  KEY `index_items_on_parent_id_and_retired` (`parent_id`,`retired`),
  KEY `index_items_on_model_id_and_retired_and_inventory_pool_id` (`model_id`,`retired`,`inventory_pool_id`),
  KEY `items_supplier_id_fk` (`supplier_id`),
  CONSTRAINT `items_supplier_id_fk` FOREIGN KEY (`supplier_id`) REFERENCES `suppliers` (`id`),
  CONSTRAINT `items_inventory_pool_id_fk` FOREIGN KEY (`inventory_pool_id`) REFERENCES `inventory_pools` (`id`),
  CONSTRAINT `items_location_id_fk` FOREIGN KEY (`location_id`) REFERENCES `locations` (`id`),
  CONSTRAINT `items_model_id_fk` FOREIGN KEY (`model_id`) REFERENCES `models` (`id`),
  CONSTRAINT `items_owner_id_fk` FOREIGN KEY (`owner_id`) REFERENCES `inventory_pools` (`id`),
  CONSTRAINT `items_parent_id_fk` FOREIGN KEY (`parent_id`) REFERENCES `items` (`id`) ON DELETE SET NULL
) ENGINE=InnoDB AUTO_INCREMENT=285 DEFAULT CHARSET=utf8 COLLATE=utf8_unicode_ci;
/*!40101 SET character_set_client = @saved_cs_client */;

--
-- Dumping data for table `items`
--

LOCK TABLES `items` WRITE;
/*!40000 ALTER TABLE `items` DISABLE KEYS */;
INSERT INTO `items` VALUES (1,'q56wvq4yprdzi5x83ua0202','39:a3:7a:44:38:41-d4:86:02:1a:71:08-25:e9:08:d3:bb:b7',1,1,1,6,NULL,NULL,'2009-09-03','2013-09-16',NULL,NULL,'93.00',0,0,1,0,5,1,NULL,NULL,NULL,NULL,NULL,'--- !ruby/hash:ActiveSupport::HashWithIndifferentAccess\nanschaffungskategorie: AV-Technik\nreference: invoice\numzug: zgeln\nankunftszustand: intakt\n','2013-09-16 10:21:17','2013-09-16 10:21:17'),(2,'7y4ncw202jnar9hp6601203','17:c5:86:8b:11:0f-a8:7b:ba:6a:1d:07-70:cd:94:2b:1b:c0',1,2,2,7,NULL,NULL,'2008-11-19','2013-09-16',NULL,NULL,'893.00',0,0,1,0,5,1,NULL,NULL,NULL,NULL,NULL,'--- !ruby/hash:ActiveSupport::HashWithIndifferentAccess\nanschaffungskategorie: AV-Technik\nreference: invoice\numzug: zgeln\nankunftszustand: intakt\n','2013-09-16 10:21:17','2013-09-16 10:21:17'),(3,'ttd6kc4ta292567h3ivl204','e0:a2:c5:65:1a:a4-b9:8e:d3:52:52:ba-40:9e:c9:e3:a0:22',1,3,3,1,NULL,NULL,'2011-07-12','2013-09-16',NULL,NULL,'1227.00',0,0,1,0,5,1,NULL,NULL,NULL,NULL,NULL,'--- !ruby/hash:ActiveSupport::HashWithIndifferentAccess\nanschaffungskategorie: AV-Technik\nreference: invoice\numzug: zgeln\nankunftszustand: intakt\n','2013-09-16 10:21:17','2013-09-16 10:21:17'),(4,'m6ooj298k99s63zxos30205','b9:fc:a1:3d:a0:e5-90:34:e2:5c:7a:37-04:a0:fb:30:7e:30',5,4,4,8,NULL,NULL,'2009-04-05','2013-09-16',NULL,NULL,'150.00',0,0,1,0,5,1,NULL,NULL,NULL,NULL,NULL,'--- !ruby/hash:ActiveSupport::HashWithIndifferentAccess\nanschaffungskategorie: AV-Technik\nreference: invoice\numzug: zgeln\nankunftszustand: intakt\n','2013-09-16 10:21:17','2013-09-16 10:21:17'),(5,'eto7sagcbareh0v4f51b206','ff:43:3d:be:ed:12-c2:df:d5:1c:d0:03-dd:8b:bc:cd:6e:9d',5,5,5,5,NULL,NULL,'2010-03-28','2013-09-16',NULL,NULL,'569.00',0,0,1,0,5,1,NULL,NULL,NULL,NULL,NULL,'--- !ruby/hash:ActiveSupport::HashWithIndifferentAccess\nanschaffungskategorie: AV-Technik\nreference: invoice\numzug: zgeln\nankunftszustand: intakt\n','2013-09-16 10:21:17','2013-09-16 10:21:17'),(6,'11mx8v71w8djcqp3tr7o207','53:11:00:d5:fe:b6-05:1e:33:3b:6b:c4-42:97:9e:69:c0:4c',5,6,6,6,NULL,NULL,'2011-01-26','2013-09-16',NULL,NULL,'1494.00',0,0,1,0,5,1,NULL,NULL,NULL,NULL,NULL,'--- !ruby/hash:ActiveSupport::HashWithIndifferentAccess\nanschaffungskategorie: AV-Technik\nreference: invoice\numzug: zgeln\nankunftszustand: intakt\n','2013-09-16 10:21:17','2013-09-16 10:21:17'),(7,'ur56icot47kr1so5ters208','30:86:07:3f:96:16-cd:e7:aa:36:1d:1b-05:0d:4d:1f:ad:fc',9,7,7,8,NULL,NULL,'2011-07-01','2013-09-16',NULL,NULL,'434.00',0,0,1,0,5,1,NULL,NULL,NULL,NULL,NULL,'--- !ruby/hash:ActiveSupport::HashWithIndifferentAccess\nanschaffungskategorie: AV-Technik\nreference: invoice\numzug: zgeln\nankunftszustand: intakt\n','2013-09-16 10:21:17','2013-09-16 10:21:17'),(8,'ywnaypmaqyrlfwlgv57f209','d3:b7:85:73:d0:a3-0f:5b:1f:f4:2c:02-4e:db:3a:c4:2d:93',9,8,8,9,NULL,NULL,'2009-06-05','2013-09-16',NULL,NULL,'83.00',0,0,1,0,5,1,NULL,NULL,NULL,NULL,NULL,'--- !ruby/hash:ActiveSupport::HashWithIndifferentAccess\nanschaffungskategorie: AV-Technik\nreference: invoice\numzug: zgeln\nankunftszustand: intakt\n','2013-09-16 10:21:17','2013-09-16 10:21:17'),(9,'bwgna8s43dm1e7mzok5n210','3f:55:0b:a8:2b:de-25:67:8f:7b:f8:1b-6c:64:87:48:57:5e',9,9,9,4,NULL,NULL,'2012-03-01','2013-09-16',NULL,NULL,'1095.00',0,0,1,0,5,1,NULL,NULL,NULL,NULL,NULL,'--- !ruby/hash:ActiveSupport::HashWithIndifferentAccess\nanschaffungskategorie: AV-Technik\nreference: invoice\numzug: zgeln\nankunftszustand: intakt\n','2013-09-16 10:21:17','2013-09-16 10:21:17'),(10,'cfd3wml23vvuco6hj2pu211','d0:2e:71:00:fa:20-77:0f:93:09:97:3b-6d:e7:89:16:01:7c',13,10,10,6,NULL,NULL,'2010-02-13','2013-09-16',NULL,NULL,'779.00',0,0,1,0,10,1,NULL,NULL,NULL,NULL,NULL,'--- !ruby/hash:ActiveSupport::HashWithIndifferentAccess\nanschaffungskategorie: AV-Technik\nreference: invoice\numzug: zgeln\nankunftszustand: intakt\n','2013-09-16 10:21:17','2013-09-16 10:21:17'),(11,'gtewmsofoj9sjwt9we7y212','f9:3d:a2:30:32:e8-f3:a1:57:a7:e6:95-1c:bf:0d:a4:51:84',13,11,11,5,NULL,NULL,'2010-06-12','2013-09-16',NULL,NULL,'744.00',0,0,1,0,10,1,NULL,NULL,NULL,NULL,NULL,'--- !ruby/hash:ActiveSupport::HashWithIndifferentAccess\nanschaffungskategorie: AV-Technik\nreference: invoice\numzug: zgeln\nankunftszustand: intakt\n','2013-09-16 10:21:17','2013-09-16 10:21:17'),(12,'8cc15dc1q6bumgjejs7n213','4c:05:72:29:bb:c3-41:eb:18:1e:c7:48-7e:b7:3d:69:43:92',13,12,12,11,NULL,NULL,'2010-10-31','2013-09-16',NULL,NULL,'1337.00',0,0,1,0,10,1,NULL,NULL,NULL,NULL,NULL,'--- !ruby/hash:ActiveSupport::HashWithIndifferentAccess\nanschaffungskategorie: AV-Technik\nreference: invoice\numzug: zgeln\nankunftszustand: intakt\n','2013-09-16 10:21:17','2013-09-16 10:21:17'),(13,'vm8s9icwykcvm9w9wub5214','2c:91:ce:13:11:f3-78:9c:c2:7f:76:b1-d9:28:18:63:93:84',17,13,13,11,NULL,NULL,'2011-03-31','2013-09-16',NULL,NULL,'663.00',0,0,1,0,10,1,NULL,NULL,NULL,NULL,NULL,'--- !ruby/hash:ActiveSupport::HashWithIndifferentAccess\nanschaffungskategorie: AV-Technik\nreference: invoice\numzug: zgeln\nankunftszustand: intakt\n','2013-09-16 10:21:17','2013-09-16 10:21:17'),(14,'uf2522zyvtrcfh5o1v9e215','6f:53:30:ed:1e:06-73:76:ae:d5:e4:72-f3:72:ba:37:b9:75',17,14,14,2,NULL,NULL,'2011-06-20','2013-09-16',NULL,NULL,'261.00',0,0,1,0,10,1,NULL,NULL,NULL,NULL,NULL,'--- !ruby/hash:ActiveSupport::HashWithIndifferentAccess\nanschaffungskategorie: AV-Technik\nreference: invoice\numzug: zgeln\nankunftszustand: intakt\n','2013-09-16 10:21:17','2013-09-16 10:21:17'),(15,'3br05xt23n24geuc2l8i216','30:21:94:2a:ec:d5-6a:57:10:03:88:34-e1:f1:12:d0:8f:a0',17,15,15,4,NULL,NULL,'2011-12-23','2013-09-16',NULL,NULL,'1092.00',0,0,1,0,10,1,NULL,NULL,NULL,NULL,NULL,'--- !ruby/hash:ActiveSupport::HashWithIndifferentAccess\nanschaffungskategorie: AV-Technik\nreference: invoice\numzug: zgeln\nankunftszustand: intakt\n','2013-09-16 10:21:17','2013-09-16 10:21:17'),(16,'2h5hggdlnxxwt8f4ngg6217','97:3c:9f:e9:38:a8-63:8b:68:06:4b:48-9d:e2:2b:fb:15:9d',21,16,16,2,NULL,NULL,'2010-05-23','2013-09-16',NULL,NULL,'513.00',0,0,1,0,10,1,NULL,NULL,NULL,NULL,NULL,'--- !ruby/hash:ActiveSupport::HashWithIndifferentAccess\nanschaffungskategorie: AV-Technik\nreference: invoice\numzug: zgeln\nankunftszustand: intakt\n','2013-09-16 10:21:17','2013-09-16 10:21:17'),(17,'0fx4fugbp7553r5o6hjc218','67:79:e8:ae:49:5e-33:40:50:74:b5:c0-80:2d:87:45:6b:3f',21,17,17,8,NULL,NULL,'2012-10-26','2013-09-16',NULL,NULL,'1220.00',0,0,1,0,10,1,NULL,NULL,NULL,NULL,NULL,'--- !ruby/hash:ActiveSupport::HashWithIndifferentAccess\nanschaffungskategorie: AV-Technik\nreference: invoice\numzug: zgeln\nankunftszustand: intakt\n','2013-09-16 10:21:17','2013-09-16 10:21:17'),(18,'pk6v6ja9zgec9jb3ywa4219','5b:d0:36:c2:33:be-d6:3c:cc:06:68:4b-88:68:49:76:db:c0',21,18,18,1,NULL,NULL,'2011-11-05','2013-09-16',NULL,NULL,'1080.00',0,0,1,0,10,1,NULL,NULL,NULL,NULL,NULL,'--- !ruby/hash:ActiveSupport::HashWithIndifferentAccess\nanschaffungskategorie: AV-Technik\nreference: invoice\numzug: zgeln\nankunftszustand: intakt\n','2013-09-16 10:21:17','2013-09-16 10:21:17'),(19,'n5ilrbni62lakfepflb7220','52:6d:24:dd:18:db-d2:95:5d:b1:44:62-75:d2:9c:4e:5e:df',25,19,19,6,NULL,NULL,'2009-11-12','2013-09-16',NULL,NULL,'992.00',0,0,1,0,10,1,NULL,NULL,NULL,NULL,NULL,'--- !ruby/hash:ActiveSupport::HashWithIndifferentAccess\nanschaffungskategorie: AV-Technik\nreference: invoice\numzug: zgeln\nankunftszustand: intakt\n','2013-09-16 10:21:17','2013-09-16 10:21:17'),(20,'dpqentn2cta7xno6d5i8221','9d:1b:a5:79:45:50-31:89:6f:db:da:78-7b:23:a5:57:83:0b',25,20,20,1,NULL,NULL,'2009-05-23','2013-09-16',NULL,NULL,'263.00',0,0,1,0,10,1,NULL,NULL,NULL,NULL,NULL,'--- !ruby/hash:ActiveSupport::HashWithIndifferentAccess\nanschaffungskategorie: AV-Technik\nreference: invoice\numzug: zgeln\nankunftszustand: intakt\n','2013-09-16 10:21:17','2013-09-16 10:21:17'),(21,'oijbrbobdehm1agq4wxl222','77:d3:dc:62:65:98-4e:e0:99:eb:70:98-66:60:2a:52:87:2f',25,21,21,11,NULL,NULL,'2008-03-21','2013-09-16',NULL,NULL,'552.00',0,0,1,0,10,1,NULL,NULL,NULL,NULL,NULL,'--- !ruby/hash:ActiveSupport::HashWithIndifferentAccess\nanschaffungskategorie: AV-Technik\nreference: invoice\numzug: zgeln\nankunftszustand: intakt\n','2013-09-16 10:21:17','2013-09-16 10:21:17'),(22,'3gr4nrvkuesnssuj7k4t223','c9:36:4f:51:9a:92-fb:ef:61:e8:f4:4d-69:20:fb:d1:bb:22',29,22,22,8,NULL,NULL,'2012-06-21','2013-09-16',NULL,NULL,'22.00',0,0,1,0,10,1,NULL,NULL,NULL,NULL,NULL,'--- !ruby/hash:ActiveSupport::HashWithIndifferentAccess\nanschaffungskategorie: AV-Technik\nreference: invoice\numzug: zgeln\nankunftszustand: intakt\n','2013-09-16 10:21:17','2013-09-16 10:21:17'),(23,'dhtltbutpq8k3udjh7y3224','0e:0a:c4:03:29:e2-5b:d2:56:c8:fe:98-94:b0:a2:22:b7:c1',29,23,23,9,NULL,NULL,'2008-11-19','2013-09-16',NULL,NULL,'460.00',0,0,1,0,10,1,NULL,NULL,NULL,NULL,NULL,'--- !ruby/hash:ActiveSupport::HashWithIndifferentAccess\nanschaffungskategorie: AV-Technik\nreference: invoice\numzug: zgeln\nankunftszustand: intakt\n','2013-09-16 10:21:17','2013-09-16 10:21:17'),(24,'e1f0pj4iy82hlfsu0xnc225','1d:05:7d:d7:32:72-bc:73:53:46:51:e6-4d:b1:52:9e:75:dd',29,24,24,10,NULL,NULL,'2011-10-06','2013-09-16',NULL,NULL,'1392.00',0,0,1,0,10,1,NULL,NULL,NULL,NULL,NULL,'--- !ruby/hash:ActiveSupport::HashWithIndifferentAccess\nanschaffungskategorie: AV-Technik\nreference: invoice\numzug: zgeln\nankunftszustand: intakt\n','2013-09-16 10:21:17','2013-09-16 10:21:17'),(25,'5yodxgny43vhhf2h6swk226','5b:36:05:c3:29:1e-9a:e3:af:5a:32:df-5b:a7:c1:6f:d4:02',33,25,25,3,NULL,NULL,'2010-01-05','2013-09-16',NULL,NULL,'758.00',0,0,1,0,1,1,NULL,NULL,NULL,NULL,NULL,'--- !ruby/hash:ActiveSupport::HashWithIndifferentAccess\nanschaffungskategorie: AV-Technik\nreference: invoice\numzug: zgeln\nankunftszustand: intakt\n','2013-09-16 10:21:17','2013-09-16 10:21:17'),(26,'k8xj3a5xblayd5tafekd227','34:08:96:dc:0b:18-a4:57:0e:db:f4:a9-1a:f7:f4:a8:00:13',33,26,26,11,NULL,NULL,'2008-06-17','2013-09-16',NULL,NULL,'869.00',0,0,1,0,1,1,NULL,NULL,NULL,NULL,NULL,'--- !ruby/hash:ActiveSupport::HashWithIndifferentAccess\nanschaffungskategorie: AV-Technik\nreference: invoice\numzug: zgeln\nankunftszustand: intakt\n','2013-09-16 10:21:17','2013-09-16 10:21:17'),(27,'i9lmzg06f411p7cmnco1228','41:a0:35:7c:6e:ba-7b:e8:22:2e:b6:3e-0d:cc:d0:90:9a:55',33,27,27,10,NULL,NULL,'2008-08-06','2013-09-16',NULL,NULL,'216.00',0,0,1,0,1,1,NULL,NULL,NULL,NULL,NULL,'--- !ruby/hash:ActiveSupport::HashWithIndifferentAccess\nanschaffungskategorie: AV-Technik\nreference: invoice\numzug: zgeln\nankunftszustand: intakt\n','2013-09-16 10:21:17','2013-09-16 10:21:17'),(28,'1g590irqf4pgvhyngr50229','50:46:7f:e3:58:b2-87:9a:90:25:74:25-07:24:3d:40:c0:56',37,28,28,2,NULL,NULL,'2010-04-22','2013-09-16',NULL,NULL,'1320.00',0,0,1,0,1,1,NULL,NULL,NULL,NULL,NULL,'--- !ruby/hash:ActiveSupport::HashWithIndifferentAccess\nanschaffungskategorie: AV-Technik\nreference: invoice\numzug: zgeln\nankunftszustand: intakt\n','2013-09-16 10:21:17','2013-09-16 10:21:17'),(29,'vknmb3de6q5dk4wdi45v230','fe:6f:2e:ab:88:d6-5f:c7:44:75:14:e4-7d:68:02:ff:88:55',37,29,29,5,NULL,NULL,'2010-12-18','2013-09-16',NULL,NULL,'1436.00',0,0,1,0,1,1,NULL,NULL,NULL,NULL,NULL,'--- !ruby/hash:ActiveSupport::HashWithIndifferentAccess\nanschaffungskategorie: AV-Technik\nreference: invoice\numzug: zgeln\nankunftszustand: intakt\n','2013-09-16 10:21:17','2013-09-16 10:21:17'),(30,'mvci9n0fnkiccfzn0im9231','a2:ac:11:1a:e3:8c-f4:12:a1:90:d6:d5-b0:58:04:12:00:73',37,30,30,11,NULL,NULL,'2008-08-29','2013-09-16',NULL,NULL,'1093.00',0,0,1,0,1,1,NULL,NULL,NULL,NULL,NULL,'--- !ruby/hash:ActiveSupport::HashWithIndifferentAccess\nanschaffungskategorie: AV-Technik\nreference: invoice\numzug: zgeln\nankunftszustand: intakt\n','2013-09-16 10:21:17','2013-09-16 10:21:17'),(31,'vr0ofja2ri9oyy38crj3232','e6:59:78:a4:e5:e5-cc:a7:05:8e:de:f5-d1:9b:be:af:a2:d6',41,31,31,10,NULL,NULL,'2009-03-01','2013-09-16',NULL,NULL,'533.00',0,0,1,0,1,1,NULL,NULL,NULL,NULL,NULL,'--- !ruby/hash:ActiveSupport::HashWithIndifferentAccess\nanschaffungskategorie: AV-Technik\nreference: invoice\numzug: zgeln\nankunftszustand: intakt\n','2013-09-16 10:21:17','2013-09-16 10:21:17'),(32,'orsfjskgq7b8xu7ith55233','9c:08:c2:76:8a:91-a2:09:ea:50:04:8a-36:c2:7d:f8:a3:8c',41,32,32,9,NULL,NULL,'2012-02-02','2013-09-16',NULL,NULL,'443.00',0,0,1,0,1,1,NULL,NULL,NULL,NULL,NULL,'--- !ruby/hash:ActiveSupport::HashWithIndifferentAccess\nanschaffungskategorie: AV-Technik\nreference: invoice\numzug: zgeln\nankunftszustand: intakt\n','2013-09-16 10:21:17','2013-09-16 10:21:17'),(33,'j6d1mwxd0o385sm1byda234','d2:da:7a:0b:cb:06-75:fa:2f:a5:05:d4-9a:eb:42:ce:06:e6',41,33,33,7,NULL,NULL,'2010-12-31','2013-09-16',NULL,NULL,'404.00',0,0,1,0,1,1,NULL,NULL,NULL,NULL,NULL,'--- !ruby/hash:ActiveSupport::HashWithIndifferentAccess\nanschaffungskategorie: AV-Technik\nreference: invoice\numzug: zgeln\nankunftszustand: intakt\n','2013-09-16 10:21:17','2013-09-16 10:21:17'),(34,'g4fgautnd09oe0nzu2xj235','7c:5f:66:fb:52:5e-da:56:04:9d:1d:31-73:a5:ce:33:fa:52',45,34,34,3,NULL,NULL,'2008-04-05','2013-09-16',NULL,NULL,'1346.00',0,0,1,0,1,1,NULL,NULL,NULL,NULL,NULL,'--- !ruby/hash:ActiveSupport::HashWithIndifferentAccess\nanschaffungskategorie: AV-Technik\nreference: invoice\numzug: zgeln\nankunftszustand: intakt\n','2013-09-16 10:21:17','2013-09-16 10:21:17'),(35,'hq1hz6yqj20f15oxxe8d236','75:29:10:38:32:cd-3f:dd:8f:69:e4:68-4f:08:49:05:1d:a1',45,35,35,8,NULL,NULL,'2012-06-19','2013-09-16',NULL,NULL,'243.00',0,0,1,0,1,1,NULL,NULL,NULL,NULL,NULL,'--- !ruby/hash:ActiveSupport::HashWithIndifferentAccess\nanschaffungskategorie: AV-Technik\nreference: invoice\numzug: zgeln\nankunftszustand: intakt\n','2013-09-16 10:21:17','2013-09-16 10:21:17'),(36,'cx9qt81tuvungzvasign237','c2:48:6e:63:e5:ab-d1:05:0a:d0:a8:2f-c2:85:cf:b1:5b:68',45,36,36,9,NULL,NULL,'2012-01-15','2013-09-16',NULL,NULL,'801.00',0,0,1,0,1,1,NULL,NULL,NULL,NULL,NULL,'--- !ruby/hash:ActiveSupport::HashWithIndifferentAccess\nanschaffungskategorie: AV-Technik\nreference: invoice\numzug: zgeln\nankunftszustand: intakt\n','2013-09-16 10:21:17','2013-09-16 10:21:17'),(37,'ul4rcafb13tdpcqsxo8r238','1d:d2:41:c4:39:d4-4d:69:e4:ca:2e:37-a0:8a:fa:58:0e:39',49,37,37,8,NULL,NULL,'2011-02-04','2013-09-16',NULL,NULL,'153.00',0,0,1,0,1,1,NULL,NULL,NULL,NULL,NULL,'--- !ruby/hash:ActiveSupport::HashWithIndifferentAccess\nanschaffungskategorie: AV-Technik\nreference: invoice\numzug: zgeln\nankunftszustand: intakt\n','2013-09-16 10:21:17','2013-09-16 10:21:17'),(38,'t6wmle09h12ugi16asd9239','4e:72:48:8b:20:31-2e:b2:1b:79:b6:63-a0:91:aa:6c:b7:bc',49,38,38,6,NULL,NULL,'2012-03-10','2013-09-16',NULL,NULL,'1086.00',0,0,1,0,1,1,NULL,NULL,NULL,NULL,NULL,'--- !ruby/hash:ActiveSupport::HashWithIndifferentAccess\nanschaffungskategorie: AV-Technik\nreference: invoice\numzug: zgeln\nankunftszustand: intakt\n','2013-09-16 10:21:17','2013-09-16 10:21:17'),(39,'hgcbgblxmfpmd5rabhb2240','6b:28:ae:ff:b3:dc-c1:87:4f:6b:74:f3-ab:b0:29:82:0b:d3',49,39,39,1,NULL,NULL,'2008-11-03','2013-09-16',NULL,NULL,'1356.00',0,0,1,0,1,1,NULL,NULL,NULL,NULL,NULL,'--- !ruby/hash:ActiveSupport::HashWithIndifferentAccess\nanschaffungskategorie: AV-Technik\nreference: invoice\numzug: zgeln\nankunftszustand: intakt\n','2013-09-16 10:21:17','2013-09-16 10:21:17'),(40,'book1','book1',53,40,40,2,NULL,NULL,'2009-12-26','2013-09-16',NULL,NULL,'403.00',0,0,1,0,2,1,NULL,NULL,NULL,NULL,NULL,'--- !ruby/hash:ActiveSupport::HashWithIndifferentAccess\nanschaffungskategorie: AV-Technik\nreference: invoice\numzug: zgeln\nankunftszustand: intakt\n','2013-09-16 10:21:17','2013-09-16 10:21:17'),(41,'book2','book2',53,40,41,2,NULL,NULL,'2008-03-17','2013-09-16',NULL,NULL,'1128.00',0,0,1,0,2,1,NULL,NULL,NULL,NULL,NULL,'--- !ruby/hash:ActiveSupport::HashWithIndifferentAccess\nanschaffungskategorie: AV-Technik\nreference: invoice\numzug: zgeln\nankunftszustand: intakt\n','2013-09-16 10:21:17','2013-09-16 10:21:17'),(42,'beam123','xyz456',54,41,42,1,NULL,NULL,'2008-04-18','2013-09-16',NULL,NULL,'1440.00',0,0,1,0,1,1,NULL,NULL,NULL,'name123',NULL,'--- !ruby/hash:ActiveSupport::HashWithIndifferentAccess\nanschaffungskategorie: AV-Technik\nreference: invoice\numzug: zgeln\nankunftszustand: intakt\n','2013-09-16 10:21:17','2013-09-16 10:21:17'),(43,'beam345','xyz890',54,41,43,1,NULL,NULL,'2012-06-07','2013-09-16',NULL,NULL,'366.00',0,0,1,0,1,1,NULL,NULL,NULL,NULL,NULL,'--- !ruby/hash:ActiveSupport::HashWithIndifferentAccess\nanschaffungskategorie: AV-Technik\nreference: invoice\numzug: zgeln\nankunftszustand: intakt\n','2013-09-16 10:21:17','2013-09-16 10:21:17'),(44,'beam678','xyz678',55,41,44,1,NULL,NULL,'2010-12-04','2013-09-16',NULL,NULL,'545.00',0,0,1,0,1,1,NULL,NULL,NULL,NULL,NULL,'--- !ruby/hash:ActiveSupport::HashWithIndifferentAccess\nanschaffungskategorie: AV-Technik\nreference: invoice\numzug: zgeln\nankunftszustand: intakt\n','2013-09-16 10:21:17','2013-09-16 10:21:17'),(45,'beam749','xyz749',54,41,45,1,NULL,NULL,'2011-08-24','2013-09-16',NULL,NULL,'441.00',0,0,1,0,2,1,NULL,NULL,NULL,NULL,NULL,'--- !ruby/hash:ActiveSupport::HashWithIndifferentAccess\nanschaffungskategorie: AV-Technik\nreference: invoice\numzug: zgeln\nankunftszustand: intakt\n','2013-09-16 10:21:17','2013-09-16 10:21:17'),(46,'beamTest123','xyz749',57,41,46,1,NULL,NULL,'2012-05-02','2013-09-16',NULL,NULL,'687.00',0,0,1,0,1,1,NULL,NULL,NULL,NULL,NULL,'--- !ruby/hash:ActiveSupport::HashWithIndifferentAccess\nanschaffungskategorie: AV-Technik\nreference: invoice\numzug: zgeln\nankunftszustand: intakt\n','2013-09-16 10:21:17','2013-09-16 10:21:17'),(47,'ucbeam1','minbeam1',58,41,47,1,NULL,NULL,'2012-08-23','2013-09-16',NULL,NULL,'357.00',0,0,1,0,1,1,NULL,NULL,NULL,'ucbeam1',NULL,'--- !ruby/hash:ActiveSupport::HashWithIndifferentAccess\nanschaffungskategorie: AV-Technik\nreference: invoice\numzug: zgeln\nankunftszustand: intakt\n','2013-09-16 10:21:17','2013-09-16 10:21:17'),(48,'microbeam1','microbeam1',59,41,48,1,NULL,NULL,'2009-06-03','2013-09-16',NULL,NULL,'929.00',0,0,1,0,1,1,NULL,NULL,NULL,'microbeam1',NULL,'--- !ruby/hash:ActiveSupport::HashWithIndifferentAccess\nanschaffungskategorie: AV-Technik\nreference: invoice\numzug: zgeln\nankunftszustand: intakt\n','2013-09-16 10:21:17','2013-09-16 10:21:17'),(49,'mbeam1','mbeam1',60,41,49,1,NULL,NULL,'2008-03-13','2013-09-16',NULL,NULL,'1419.00',0,0,1,0,1,1,NULL,NULL,NULL,'mbeam1',NULL,'--- !ruby/hash:ActiveSupport::HashWithIndifferentAccess\nanschaffungskategorie: AV-Technik\nreference: invoice\numzug: zgeln\nankunftszustand: intakt\n','2013-09-16 10:21:17','2013-09-16 10:21:17'),(50,'mbeam2','mbeam2',61,41,50,1,NULL,NULL,'2009-04-06','2013-09-16',NULL,NULL,'1170.00',0,0,1,0,1,1,NULL,NULL,NULL,'mbeam2',NULL,'--- !ruby/hash:ActiveSupport::HashWithIndifferentAccess\nanschaffungskategorie: AV-Technik\nreference: invoice\numzug: zgeln\nankunftszustand: intakt\n','2013-09-16 10:21:17','2013-09-16 10:21:17'),(51,'mbeam3','mbeam3',62,41,51,1,NULL,NULL,'2009-02-21','2013-09-16',NULL,NULL,'1095.00',0,0,1,0,1,1,NULL,NULL,NULL,'mbeam3',NULL,'--- !ruby/hash:ActiveSupport::HashWithIndifferentAccess\nanschaffungskategorie: AV-Technik\nreference: invoice\numzug: zgeln\nankunftszustand: intakt\n','2013-09-16 10:21:17','2013-09-16 10:21:17'),(52,'mbeam4','mbeam4',63,41,52,1,NULL,NULL,'2012-10-07','2013-09-16',NULL,NULL,'1020.00',0,0,1,0,1,1,NULL,NULL,NULL,'mbeam4',NULL,'--- !ruby/hash:ActiveSupport::HashWithIndifferentAccess\nanschaffungskategorie: AV-Technik\nreference: invoice\numzug: zgeln\nankunftszustand: intakt\n','2013-09-16 10:21:17','2013-09-16 10:21:17'),(53,'mbeam5','mbeam5',64,41,53,1,NULL,NULL,'2011-02-23','2013-09-16',NULL,NULL,'446.00',0,0,1,0,1,1,NULL,NULL,NULL,'mbeam5',NULL,'--- !ruby/hash:ActiveSupport::HashWithIndifferentAccess\nanschaffungskategorie: AV-Technik\nreference: invoice\numzug: zgeln\nankunftszustand: intakt\n','2013-09-16 10:21:17','2013-09-16 10:21:17'),(54,'mbeam6','mbeam6',65,41,54,1,NULL,NULL,'2008-05-13','2013-09-16',NULL,NULL,'632.00',0,0,1,0,1,1,NULL,NULL,NULL,'mbeam6',NULL,'--- !ruby/hash:ActiveSupport::HashWithIndifferentAccess\nanschaffungskategorie: AV-Technik\nreference: invoice\numzug: zgeln\nankunftszustand: intakt\n','2013-09-16 10:21:17','2013-09-16 10:21:17'),(55,'mbeam7','mbeam7',66,41,55,1,NULL,NULL,'2011-12-15','2013-09-16',NULL,NULL,'306.00',0,0,1,0,1,1,NULL,NULL,NULL,'mbeam7',NULL,'--- !ruby/hash:ActiveSupport::HashWithIndifferentAccess\nanschaffungskategorie: AV-Technik\nreference: invoice\numzug: zgeln\nankunftszustand: intakt\n','2013-09-16 10:21:17','2013-09-16 10:21:17'),(56,'mbeam8','mbeam8',67,41,56,1,NULL,NULL,'2012-10-29','2013-09-16',NULL,NULL,'784.00',0,0,1,0,1,1,NULL,NULL,NULL,'mbeam8',NULL,'--- !ruby/hash:ActiveSupport::HashWithIndifferentAccess\nanschaffungskategorie: AV-Technik\nreference: invoice\numzug: zgeln\nankunftszustand: intakt\n','2013-09-16 10:21:17','2013-09-16 10:21:17'),(57,'mbeam9','mbeam9',68,41,57,1,NULL,NULL,'2009-05-05','2013-09-16',NULL,NULL,'497.00',0,0,1,0,1,1,NULL,NULL,NULL,'mbeam9',NULL,'--- !ruby/hash:ActiveSupport::HashWithIndifferentAccess\nanschaffungskategorie: AV-Technik\nreference: invoice\numzug: zgeln\nankunftszustand: intakt\n','2013-09-16 10:21:17','2013-09-16 10:21:17'),(58,'mbeam10','mbeam10',69,41,58,1,NULL,NULL,'2011-12-21','2013-09-16',NULL,NULL,'778.00',0,0,1,0,1,1,NULL,NULL,NULL,'mbeam10',NULL,'--- !ruby/hash:ActiveSupport::HashWithIndifferentAccess\nanschaffungskategorie: AV-Technik\nreference: invoice\numzug: zgeln\nankunftszustand: intakt\n','2013-09-16 10:21:17','2013-09-16 10:21:17'),(59,'mbeam11','mbeam11',70,41,59,1,NULL,NULL,'2008-12-24','2013-09-16',NULL,NULL,'1361.00',0,0,1,0,1,1,NULL,NULL,NULL,'mbeam11',NULL,'--- !ruby/hash:ActiveSupport::HashWithIndifferentAccess\nanschaffungskategorie: AV-Technik\nreference: invoice\numzug: zgeln\nankunftszustand: intakt\n','2013-09-16 10:21:17','2013-09-16 10:21:17'),(60,'mbeam12','mbeam12',71,41,60,1,NULL,NULL,'2009-04-19','2013-09-16',NULL,NULL,'1066.00',0,0,1,0,1,1,NULL,NULL,NULL,'mbeam12',NULL,'--- !ruby/hash:ActiveSupport::HashWithIndifferentAccess\nanschaffungskategorie: AV-Technik\nreference: invoice\numzug: zgeln\nankunftszustand: intakt\n','2013-09-16 10:21:17','2013-09-16 10:21:17'),(61,'mbeam13','mbeam13',72,41,61,1,NULL,NULL,'2008-05-21','2013-09-16',NULL,NULL,'819.00',0,0,1,0,1,1,NULL,NULL,NULL,'mbeam13',NULL,'--- !ruby/hash:ActiveSupport::HashWithIndifferentAccess\nanschaffungskategorie: AV-Technik\nreference: invoice\numzug: zgeln\nankunftszustand: intakt\n','2013-09-16 10:21:17','2013-09-16 10:21:17'),(62,'mbeam14','mbeam14',73,41,62,1,NULL,NULL,'2012-06-09','2013-09-16',NULL,NULL,'679.00',0,0,1,0,1,1,NULL,NULL,NULL,'mbeam14',NULL,'--- !ruby/hash:ActiveSupport::HashWithIndifferentAccess\nanschaffungskategorie: AV-Technik\nreference: invoice\numzug: zgeln\nankunftszustand: intakt\n','2013-09-16 10:21:17','2013-09-16 10:21:17'),(63,'mbeam15','mbeam15',74,41,63,1,NULL,NULL,'2011-07-14','2013-09-16',NULL,NULL,'133.00',0,0,1,0,1,1,NULL,NULL,NULL,'mbeam15',NULL,'--- !ruby/hash:ActiveSupport::HashWithIndifferentAccess\nanschaffungskategorie: AV-Technik\nreference: invoice\numzug: zgeln\nankunftszustand: intakt\n','2013-09-16 10:21:17','2013-09-16 10:21:17'),(64,'mbeam16','mbeam16',75,41,64,1,NULL,NULL,'2011-01-19','2013-09-16',NULL,NULL,'1323.00',0,0,1,0,1,1,NULL,NULL,NULL,'mbeam16',NULL,'--- !ruby/hash:ActiveSupport::HashWithIndifferentAccess\nanschaffungskategorie: AV-Technik\nreference: invoice\numzug: zgeln\nankunftszustand: intakt\n','2013-09-16 10:21:17','2013-09-16 10:21:17'),(65,'mbeam17','mbeam17',76,41,65,1,NULL,NULL,'2012-03-24','2013-09-16',NULL,NULL,'271.00',0,0,1,0,1,1,NULL,NULL,NULL,'mbeam17',NULL,'--- !ruby/hash:ActiveSupport::HashWithIndifferentAccess\nanschaffungskategorie: AV-Technik\nreference: invoice\numzug: zgeln\nankunftszustand: intakt\n','2013-09-16 10:21:17','2013-09-16 10:21:17'),(66,'mbeam18','mbeam18',77,41,66,1,NULL,NULL,'2011-02-21','2013-09-16',NULL,NULL,'1378.00',0,0,1,0,1,1,NULL,NULL,NULL,'mbeam18',NULL,'--- !ruby/hash:ActiveSupport::HashWithIndifferentAccess\nanschaffungskategorie: AV-Technik\nreference: invoice\numzug: zgeln\nankunftszustand: intakt\n','2013-09-16 10:21:17','2013-09-16 10:21:17'),(67,'mbeam19','mbeam19',78,41,67,1,NULL,NULL,'2009-09-13','2013-09-16',NULL,NULL,'1254.00',0,0,1,0,1,1,NULL,NULL,NULL,'mbeam19',NULL,'--- !ruby/hash:ActiveSupport::HashWithIndifferentAccess\nanschaffungskategorie: AV-Technik\nreference: invoice\numzug: zgeln\nankunftszustand: intakt\n','2013-09-16 10:21:17','2013-09-16 10:21:17'),(68,'mbeam20','mbeam20',79,41,68,1,NULL,NULL,'2011-09-25','2013-09-16',NULL,NULL,'424.00',0,0,1,0,1,1,NULL,NULL,NULL,'mbeam20',NULL,'--- !ruby/hash:ActiveSupport::HashWithIndifferentAccess\nanschaffungskategorie: AV-Technik\nreference: invoice\numzug: zgeln\nankunftszustand: intakt\n','2013-09-16 10:21:17','2013-09-16 10:21:17'),(69,'cam123','abc234',80,41,69,1,NULL,NULL,'2012-04-08','2013-09-16',NULL,NULL,'565.00',0,0,1,0,1,1,NULL,NULL,NULL,NULL,NULL,'--- !ruby/hash:ActiveSupport::HashWithIndifferentAccess\nanschaffungskategorie: AV-Technik\nreference: invoice\numzug: zgeln\nankunftszustand: intakt\n','2013-09-16 10:21:17','2013-09-16 10:21:17'),(70,'cam345','ab567',80,41,70,1,NULL,NULL,'2008-07-13','2013-09-16',NULL,NULL,'1189.00',0,0,1,0,1,1,NULL,NULL,NULL,NULL,NULL,'--- !ruby/hash:ActiveSupport::HashWithIndifferentAccess\nanschaffungskategorie: AV-Technik\nreference: invoice\numzug: zgeln\nankunftszustand: intakt\n','2013-09-16 10:21:17','2013-09-16 10:21:17'),(71,'cam567','ab789',80,41,71,1,NULL,NULL,'2011-04-27','2013-09-16',NULL,NULL,'1243.00',0,0,1,0,1,1,NULL,NULL,NULL,NULL,NULL,'--- !ruby/hash:ActiveSupport::HashWithIndifferentAccess\nanschaffungskategorie: AV-Technik\nreference: invoice\numzug: zgeln\nankunftszustand: intakt\n','2013-09-16 10:21:17','2013-09-16 10:21:17'),(72,'cam53267','ab782129',80,41,72,1,NULL,NULL,'2010-04-16','2013-09-16',NULL,NULL,'680.00',0,0,1,0,1,1,NULL,NULL,NULL,NULL,NULL,'--- !ruby/hash:ActiveSupport::HashWithIndifferentAccess\nanschaffungskategorie: AV-Technik\nreference: invoice\numzug: zgeln\nankunftszustand: intakt\n','2013-09-16 10:21:17','2013-09-16 10:21:17'),(73,'cam532asd67','ab78as2129',80,41,73,1,NULL,NULL,'2010-01-14','2013-09-16',NULL,NULL,'437.00',0,0,1,0,1,1,NULL,NULL,NULL,NULL,NULL,'--- !ruby/hash:ActiveSupport::HashWithIndifferentAccess\nanschaffungskategorie: AV-Technik\nreference: invoice\numzug: zgeln\nankunftszustand: intakt\n','2013-09-16 10:21:17','2013-09-16 10:21:17'),(74,'mcam1','mcam1',81,41,74,1,NULL,NULL,'2011-04-13','2013-09-16',NULL,NULL,'497.00',0,0,1,0,1,1,NULL,NULL,NULL,'mcam1',NULL,'--- !ruby/hash:ActiveSupport::HashWithIndifferentAccess\nanschaffungskategorie: AV-Technik\nreference: invoice\numzug: zgeln\nankunftszustand: intakt\n','2013-09-16 10:21:17','2013-09-16 10:21:17'),(75,'mcam2','mcam2',82,41,75,1,NULL,NULL,'2012-12-13','2013-09-16',NULL,NULL,'189.00',0,0,1,0,1,1,NULL,NULL,NULL,'mcam2',NULL,'--- !ruby/hash:ActiveSupport::HashWithIndifferentAccess\nanschaffungskategorie: AV-Technik\nreference: invoice\numzug: zgeln\nankunftszustand: intakt\n','2013-09-16 10:21:17','2013-09-16 10:21:17'),(76,'mcam3','mcam3',83,41,76,1,NULL,NULL,'2009-12-29','2013-09-16',NULL,NULL,'938.00',0,0,1,0,1,1,NULL,NULL,NULL,'mcam3',NULL,'--- !ruby/hash:ActiveSupport::HashWithIndifferentAccess\nanschaffungskategorie: AV-Technik\nreference: invoice\numzug: zgeln\nankunftszustand: intakt\n','2013-09-16 10:21:17','2013-09-16 10:21:17'),(77,'mcam4','mcam4',84,41,77,1,NULL,NULL,'2008-01-19','2013-09-16',NULL,NULL,'783.00',0,0,1,0,1,1,NULL,NULL,NULL,'mcam4',NULL,'--- !ruby/hash:ActiveSupport::HashWithIndifferentAccess\nanschaffungskategorie: AV-Technik\nreference: invoice\numzug: zgeln\nankunftszustand: intakt\n','2013-09-16 10:21:17','2013-09-16 10:21:17'),(78,'mcam5','mcam5',85,41,78,1,NULL,NULL,'2008-09-14','2013-09-16',NULL,NULL,'553.00',0,0,1,0,1,1,NULL,NULL,NULL,'mcam5',NULL,'--- !ruby/hash:ActiveSupport::HashWithIndifferentAccess\nanschaffungskategorie: AV-Technik\nreference: invoice\numzug: zgeln\nankunftszustand: intakt\n','2013-09-16 10:21:17','2013-09-16 10:21:17'),(79,'mcam6','mcam6',86,41,79,1,NULL,NULL,'2010-03-27','2013-09-16',NULL,NULL,'118.00',0,0,1,0,1,1,NULL,NULL,NULL,'mcam6',NULL,'--- !ruby/hash:ActiveSupport::HashWithIndifferentAccess\nanschaffungskategorie: AV-Technik\nreference: invoice\numzug: zgeln\nankunftszustand: intakt\n','2013-09-16 10:21:17','2013-09-16 10:21:17'),(80,'mcam7','mcam7',87,41,80,1,NULL,NULL,'2012-01-03','2013-09-16',NULL,NULL,'746.00',0,0,1,0,1,1,NULL,NULL,NULL,'mcam7',NULL,'--- !ruby/hash:ActiveSupport::HashWithIndifferentAccess\nanschaffungskategorie: AV-Technik\nreference: invoice\numzug: zgeln\nankunftszustand: intakt\n','2013-09-16 10:21:17','2013-09-16 10:21:17'),(81,'mcam8','mcam8',88,41,81,1,NULL,NULL,'2011-07-09','2013-09-16',NULL,NULL,'131.00',0,0,1,0,1,1,NULL,NULL,NULL,'mcam8',NULL,'--- !ruby/hash:ActiveSupport::HashWithIndifferentAccess\nanschaffungskategorie: AV-Technik\nreference: invoice\numzug: zgeln\nankunftszustand: intakt\n','2013-09-16 10:21:17','2013-09-16 10:21:17'),(82,'mcam9','mcam9',89,41,82,1,NULL,NULL,'2010-02-04','2013-09-16',NULL,NULL,'491.00',0,0,1,0,1,1,NULL,NULL,NULL,'mcam9',NULL,'--- !ruby/hash:ActiveSupport::HashWithIndifferentAccess\nanschaffungskategorie: AV-Technik\nreference: invoice\numzug: zgeln\nankunftszustand: intakt\n','2013-09-16 10:21:17','2013-09-16 10:21:17'),(83,'mcam10','mcam10',90,41,83,1,NULL,NULL,'2010-09-23','2013-09-16',NULL,NULL,'867.00',0,0,1,0,1,1,NULL,NULL,NULL,'mcam10',NULL,'--- !ruby/hash:ActiveSupport::HashWithIndifferentAccess\nanschaffungskategorie: AV-Technik\nreference: invoice\numzug: zgeln\nankunftszustand: intakt\n','2013-09-16 10:21:17','2013-09-16 10:21:17'),(84,'mcam11','mcam11',91,41,84,1,NULL,NULL,'2010-08-31','2013-09-16',NULL,NULL,'809.00',0,0,1,0,1,1,NULL,NULL,NULL,'mcam11',NULL,'--- !ruby/hash:ActiveSupport::HashWithIndifferentAccess\nanschaffungskategorie: AV-Technik\nreference: invoice\numzug: zgeln\nankunftszustand: intakt\n','2013-09-16 10:21:17','2013-09-16 10:21:17'),(85,'mcam12','mcam12',92,41,85,1,NULL,NULL,'2010-12-27','2013-09-16',NULL,NULL,'791.00',0,0,1,0,1,1,NULL,NULL,NULL,'mcam12',NULL,'--- !ruby/hash:ActiveSupport::HashWithIndifferentAccess\nanschaffungskategorie: AV-Technik\nreference: invoice\numzug: zgeln\nankunftszustand: intakt\n','2013-09-16 10:21:17','2013-09-16 10:21:17'),(86,'mcam13','mcam13',93,41,86,1,NULL,NULL,'2011-06-30','2013-09-16',NULL,NULL,'1034.00',0,0,1,0,1,1,NULL,NULL,NULL,'mcam13',NULL,'--- !ruby/hash:ActiveSupport::HashWithIndifferentAccess\nanschaffungskategorie: AV-Technik\nreference: invoice\numzug: zgeln\nankunftszustand: intakt\n','2013-09-16 10:21:17','2013-09-16 10:21:17'),(87,'mcam14','mcam14',94,41,87,1,NULL,NULL,'2009-07-28','2013-09-16',NULL,NULL,'1499.00',0,0,1,0,1,1,NULL,NULL,NULL,'mcam14',NULL,'--- !ruby/hash:ActiveSupport::HashWithIndifferentAccess\nanschaffungskategorie: AV-Technik\nreference: invoice\numzug: zgeln\nankunftszustand: intakt\n','2013-09-16 10:21:17','2013-09-16 10:21:17'),(88,'mcam15','mcam15',95,41,88,1,NULL,NULL,'2012-05-27','2013-09-16',NULL,NULL,'1189.00',0,0,1,0,1,1,NULL,NULL,NULL,'mcam15',NULL,'--- !ruby/hash:ActiveSupport::HashWithIndifferentAccess\nanschaffungskategorie: AV-Technik\nreference: invoice\numzug: zgeln\nankunftszustand: intakt\n','2013-09-16 10:21:17','2013-09-16 10:21:17'),(89,'mcam16','mcam16',96,41,89,1,NULL,NULL,'2009-12-24','2013-09-16',NULL,NULL,'1232.00',0,0,1,0,1,1,NULL,NULL,NULL,'mcam16',NULL,'--- !ruby/hash:ActiveSupport::HashWithIndifferentAccess\nanschaffungskategorie: AV-Technik\nreference: invoice\numzug: zgeln\nankunftszustand: intakt\n','2013-09-16 10:21:17','2013-09-16 10:21:17'),(90,'mcam17','mcam17',97,41,90,1,NULL,NULL,'2012-11-27','2013-09-16',NULL,NULL,'540.00',0,0,1,0,1,1,NULL,NULL,NULL,'mcam17',NULL,'--- !ruby/hash:ActiveSupport::HashWithIndifferentAccess\nanschaffungskategorie: AV-Technik\nreference: invoice\numzug: zgeln\nankunftszustand: intakt\n','2013-09-16 10:21:17','2013-09-16 10:21:17'),(91,'mcam18','mcam18',98,41,91,1,NULL,NULL,'2009-02-22','2013-09-16',NULL,NULL,'1098.00',0,0,1,0,1,1,NULL,NULL,NULL,'mcam18',NULL,'--- !ruby/hash:ActiveSupport::HashWithIndifferentAccess\nanschaffungskategorie: AV-Technik\nreference: invoice\numzug: zgeln\nankunftszustand: intakt\n','2013-09-16 10:21:17','2013-09-16 10:21:17'),(92,'mcam19','mcam19',99,41,92,1,NULL,NULL,'2011-03-20','2013-09-16',NULL,NULL,'1020.00',0,0,1,0,1,1,NULL,NULL,NULL,'mcam19',NULL,'--- !ruby/hash:ActiveSupport::HashWithIndifferentAccess\nanschaffungskategorie: AV-Technik\nreference: invoice\numzug: zgeln\nankunftszustand: intakt\n','2013-09-16 10:21:17','2013-09-16 10:21:17'),(93,'mcam20','mcam20',100,41,93,1,NULL,NULL,'2009-06-25','2013-09-16',NULL,NULL,'1266.00',0,0,1,0,1,1,NULL,NULL,NULL,'mcam20',NULL,'--- !ruby/hash:ActiveSupport::HashWithIndifferentAccess\nanschaffungskategorie: AV-Technik\nreference: invoice\numzug: zgeln\nankunftszustand: intakt\n','2013-09-16 10:21:17','2013-09-16 10:21:17'),(94,'mcam21','mcam21',101,41,94,1,NULL,NULL,'2008-10-17','2013-09-16',NULL,NULL,'1053.00',0,0,1,0,1,1,NULL,NULL,NULL,'mcam21',NULL,'--- !ruby/hash:ActiveSupport::HashWithIndifferentAccess\nanschaffungskategorie: AV-Technik\nreference: invoice\numzug: zgeln\nankunftszustand: intakt\n','2013-09-16 10:21:17','2013-09-16 10:21:17'),(95,'mcam22','mcam22',102,41,95,1,NULL,NULL,'2010-08-09','2013-09-16',NULL,NULL,'958.00',0,0,1,0,1,1,NULL,NULL,NULL,'mcam22',NULL,'--- !ruby/hash:ActiveSupport::HashWithIndifferentAccess\nanschaffungskategorie: AV-Technik\nreference: invoice\numzug: zgeln\nankunftszustand: intakt\n','2013-09-16 10:21:17','2013-09-16 10:21:17'),(96,'mcam23','mcam23',103,41,96,1,NULL,NULL,'2011-03-16','2013-09-16',NULL,NULL,'789.00',0,0,1,0,1,1,NULL,NULL,NULL,'mcam23',NULL,'--- !ruby/hash:ActiveSupport::HashWithIndifferentAccess\nanschaffungskategorie: AV-Technik\nreference: invoice\numzug: zgeln\nankunftszustand: intakt\n','2013-09-16 10:21:17','2013-09-16 10:21:17'),(97,'mcam24','mcam24',104,41,97,1,NULL,NULL,'2009-02-05','2013-09-16',NULL,NULL,'742.00',0,0,1,0,1,1,NULL,NULL,NULL,'mcam24',NULL,'--- !ruby/hash:ActiveSupport::HashWithIndifferentAccess\nanschaffungskategorie: AV-Technik\nreference: invoice\numzug: zgeln\nankunftszustand: intakt\n','2013-09-16 10:21:17','2013-09-16 10:21:17'),(98,'mcam25','mcam25',105,41,98,1,NULL,NULL,'2012-03-01','2013-09-16',NULL,NULL,'978.00',0,0,1,0,1,1,NULL,NULL,NULL,'mcam25',NULL,'--- !ruby/hash:ActiveSupport::HashWithIndifferentAccess\nanschaffungskategorie: AV-Technik\nreference: invoice\numzug: zgeln\nankunftszustand: intakt\n','2013-09-16 10:21:17','2013-09-16 10:21:17'),(99,'mcam26','mcam26',106,41,99,1,NULL,NULL,'2012-05-05','2013-09-16',NULL,NULL,'249.00',0,0,1,0,1,1,NULL,NULL,NULL,'mcam26',NULL,'--- !ruby/hash:ActiveSupport::HashWithIndifferentAccess\nanschaffungskategorie: AV-Technik\nreference: invoice\numzug: zgeln\nankunftszustand: intakt\n','2013-09-16 10:21:17','2013-09-16 10:21:17'),(100,'mcam27','mcam27',107,41,100,1,NULL,NULL,'2008-07-17','2013-09-16',NULL,NULL,'1263.00',0,0,1,0,1,1,NULL,NULL,NULL,'mcam27',NULL,'--- !ruby/hash:ActiveSupport::HashWithIndifferentAccess\nanschaffungskategorie: AV-Technik\nreference: invoice\numzug: zgeln\nankunftszustand: intakt\n','2013-09-16 10:21:17','2013-09-16 10:21:17'),(101,'mcam28','mcam28',108,41,101,1,NULL,NULL,'2009-11-30','2013-09-16',NULL,NULL,'770.00',0,0,1,0,1,1,NULL,NULL,NULL,'mcam28',NULL,'--- !ruby/hash:ActiveSupport::HashWithIndifferentAccess\nanschaffungskategorie: AV-Technik\nreference: invoice\numzug: zgeln\nankunftszustand: intakt\n','2013-09-16 10:21:17','2013-09-16 10:21:17'),(102,'mcam29','mcam29',109,41,102,1,NULL,NULL,'2009-09-16','2013-09-16',NULL,NULL,'957.00',0,0,1,0,1,1,NULL,NULL,NULL,'mcam29',NULL,'--- !ruby/hash:ActiveSupport::HashWithIndifferentAccess\nanschaffungskategorie: AV-Technik\nreference: invoice\numzug: zgeln\nankunftszustand: intakt\n','2013-09-16 10:21:17','2013-09-16 10:21:17'),(103,'mcam30','mcam30',110,41,103,1,NULL,NULL,'2010-02-28','2013-09-16',NULL,NULL,'904.00',0,0,1,0,1,1,NULL,NULL,NULL,'mcam30',NULL,'--- !ruby/hash:ActiveSupport::HashWithIndifferentAccess\nanschaffungskategorie: AV-Technik\nreference: invoice\numzug: zgeln\nankunftszustand: intakt\n','2013-09-16 10:21:17','2013-09-16 10:21:17'),(104,'hifi123','hifi123',111,41,104,1,NULL,NULL,'2008-05-29','2013-09-16',NULL,NULL,'296.00',0,0,1,0,1,1,NULL,NULL,NULL,NULL,NULL,'--- !ruby/hash:ActiveSupport::HashWithIndifferentAccess\nanschaffungskategorie: AV-Technik\nreference: invoice\numzug: zgeln\nankunftszustand: intakt\n','2013-09-16 10:21:17','2013-09-16 10:21:17'),(105,'tri789','fgh567',112,41,105,1,NULL,NULL,'2009-08-14','2013-09-16',NULL,NULL,'803.00',0,0,1,0,1,1,NULL,NULL,NULL,NULL,NULL,'--- !ruby/hash:ActiveSupport::HashWithIndifferentAccess\nanschaffungskategorie: AV-Technik\nreference: invoice\numzug: zgeln\nankunftszustand: intakt\n','2013-09-16 10:21:17','2013-09-16 10:21:17'),(106,'tri123','fgh987',112,41,106,1,NULL,NULL,'2010-05-25','2013-09-16',NULL,NULL,'800.00',0,0,1,0,1,1,NULL,NULL,NULL,NULL,NULL,'--- !ruby/hash:ActiveSupport::HashWithIndifferentAccess\nanschaffungskategorie: AV-Technik\nreference: invoice\numzug: zgeln\nankunftszustand: intakt\n','2013-09-16 10:21:17','2013-09-16 10:21:17'),(107,'tri923','asd213',112,41,107,1,NULL,NULL,'2009-01-20','2013-09-16',NULL,NULL,'634.00',0,0,1,0,1,1,NULL,NULL,NULL,NULL,NULL,'--- !ruby/hash:ActiveSupport::HashWithIndifferentAccess\nanschaffungskategorie: AV-Technik\nreference: invoice\numzug: zgeln\nankunftszustand: intakt\n','2013-09-16 10:21:17','2013-09-16 10:21:17'),(108,'tri212','tri212',112,41,108,1,NULL,NULL,'2010-08-15','2013-09-16',NULL,NULL,'1212.00',0,0,1,0,1,1,NULL,NULL,NULL,NULL,NULL,'--- !ruby/hash:ActiveSupport::HashWithIndifferentAccess\nanschaffungskategorie: AV-Technik\nreference: invoice\numzug: zgeln\nankunftszustand: intakt\n','2013-09-16 10:21:17','2013-09-16 10:21:17'),(109,'trf45v','nec2u4',114,41,109,1,NULL,NULL,'2011-04-24','2013-09-16',NULL,NULL,'136.00',0,0,1,0,1,1,NULL,NULL,NULL,NULL,NULL,'--- !ruby/hash:ActiveSupport::HashWithIndifferentAccess\nanschaffungskategorie: AV-Technik\nreference: invoice\numzug: zgeln\nankunftszustand: intakt\n','2013-09-16 10:21:17','2013-09-16 10:21:17'),(110,'hz8kwivpqhl07nqj94bn241','1b:4f:91:33:78:fb-a4:f9:51:e0:ea:e8-fb:aa:58:75:01:a6',115,42,110,1,NULL,NULL,'2010-05-29','2013-09-16',NULL,NULL,'947.00',0,0,1,0,1,1,NULL,NULL,NULL,NULL,NULL,'--- !ruby/hash:ActiveSupport::HashWithIndifferentAccess\nanschaffungskategorie: AV-Technik\nreference: invoice\numzug: zgeln\nankunftszustand: intakt\n','2013-09-16 10:21:17','2013-09-16 10:21:17'),(111,'v2z9biattottdpnqyi3n242','d0:b8:bf:7d:8c:e3-ca:f2:e1:d7:ee:1d-d5:8b:c2:47:6c:31',117,42,111,1,110,NULL,'2012-10-21','2013-09-16',NULL,NULL,'407.00',0,0,1,0,1,1,NULL,NULL,NULL,NULL,NULL,'--- !ruby/hash:ActiveSupport::HashWithIndifferentAccess\nanschaffungskategorie: AV-Technik\nreference: invoice\numzug: zgeln\nankunftszustand: intakt\n','2013-09-16 10:21:17','2013-09-16 10:21:17'),(112,'954wfut0wa2tyh1apm9s243','53:fa:e7:1e:eb:48-eb:46:0a:43:96:7d-29:68:30:0f:b8:49',118,42,112,1,110,NULL,'2009-01-13','2013-09-16',NULL,NULL,'770.00',0,0,1,0,1,1,NULL,NULL,NULL,NULL,NULL,'--- !ruby/hash:ActiveSupport::HashWithIndifferentAccess\nanschaffungskategorie: AV-Technik\nreference: invoice\numzug: zgeln\nankunftszustand: intakt\n','2013-09-16 10:21:17','2013-09-16 10:21:17'),(113,'ntkbd65uh62f8dqcn0x4244','cc:28:ff:19:c6:9f-d1:0f:b3:94:74:d2-97:3a:73:4b:ae:30',119,42,113,1,110,NULL,'2009-09-15','2013-09-16',NULL,NULL,'564.00',0,0,1,0,1,1,NULL,NULL,NULL,NULL,NULL,'--- !ruby/hash:ActiveSupport::HashWithIndifferentAccess\nanschaffungskategorie: AV-Technik\nreference: invoice\numzug: zgeln\nankunftszustand: intakt\n','2013-09-16 10:21:17','2013-09-16 10:21:17'),(114,'qfb0xt6ruxs9o3hnb5fc245','6b:0b:3d:d1:be:67-e8:f8:53:1f:03:98-c0:40:fb:46:03:68',115,46,114,1,NULL,NULL,'2009-12-17','2013-09-16',NULL,NULL,'18.00',0,0,1,0,1,1,NULL,NULL,NULL,NULL,NULL,'--- !ruby/hash:ActiveSupport::HashWithIndifferentAccess\nanschaffungskategorie: AV-Technik\nreference: invoice\numzug: zgeln\nankunftszustand: intakt\n','2013-09-16 10:21:17','2013-09-16 10:21:17'),(115,'fgcxyr4mzb7f3wkmzl11246','01:71:7c:d7:db:7f-81:67:52:21:05:a9-17:c6:ee:a7:af:14',121,46,115,1,114,NULL,'2008-03-12','2013-09-16',NULL,NULL,'315.00',0,0,1,0,1,1,NULL,NULL,NULL,NULL,NULL,'--- !ruby/hash:ActiveSupport::HashWithIndifferentAccess\nanschaffungskategorie: AV-Technik\nreference: invoice\numzug: zgeln\nankunftszustand: intakt\n','2013-09-16 10:21:17','2013-09-16 10:21:17'),(116,'wegti99avmfxrdhr77lh247','ea:d1:59:bb:c0:db-ff:33:dc:ff:b7:16-e2:08:70:37:15:f0',122,46,116,1,114,NULL,'2011-01-03','2013-09-16',NULL,NULL,'854.00',0,0,1,0,1,1,NULL,NULL,NULL,NULL,NULL,'--- !ruby/hash:ActiveSupport::HashWithIndifferentAccess\nanschaffungskategorie: AV-Technik\nreference: invoice\numzug: zgeln\nankunftszustand: intakt\n','2013-09-16 10:21:17','2013-09-16 10:21:17'),(117,'pmzme1znr6lvb86844ov248','fa:b2:af:34:76:2f-9d:ca:aa:f3:29:71-07:0e:b0:e5:49:2d',123,46,117,1,114,NULL,'2012-08-08','2013-09-16',NULL,NULL,'454.00',0,0,1,0,1,1,NULL,NULL,NULL,NULL,NULL,'--- !ruby/hash:ActiveSupport::HashWithIndifferentAccess\nanschaffungskategorie: AV-Technik\nreference: invoice\numzug: zgeln\nankunftszustand: intakt\n','2013-09-16 10:21:17','2013-09-16 10:21:17'),(118,'1j9nxm32deap17zwe7r8249','56:e8:0f:cf:fb:e3-e9:0c:d7:f3:2d:13-42:c1:69:a0:db:a6',115,50,118,1,NULL,NULL,'2009-09-07','2013-09-16',NULL,NULL,'1160.00',0,0,1,0,1,1,NULL,NULL,NULL,NULL,NULL,'--- !ruby/hash:ActiveSupport::HashWithIndifferentAccess\nanschaffungskategorie: AV-Technik\nreference: invoice\numzug: zgeln\nankunftszustand: intakt\n','2013-09-16 10:21:17','2013-09-16 10:21:17'),(119,'hnqk3ebug81m1xe0wj8o250','8d:c3:31:b2:32:5e-c8:99:71:54:e4:af-54:64:dd:05:36:47',125,50,119,1,118,NULL,'2009-08-18','2013-09-16',NULL,NULL,'1349.00',0,0,1,0,1,1,NULL,NULL,NULL,NULL,NULL,'--- !ruby/hash:ActiveSupport::HashWithIndifferentAccess\nanschaffungskategorie: AV-Technik\nreference: invoice\numzug: zgeln\nankunftszustand: intakt\n','2013-09-16 10:21:17','2013-09-16 10:21:17'),(120,'if1xxvvvinx2rzohflww251','a2:ae:a3:46:a4:d1-7a:6e:22:e1:f6:65-09:d7:8c:e6:28:20',126,50,120,1,118,NULL,'2009-04-05','2013-09-16',NULL,NULL,'586.00',0,0,1,0,1,1,NULL,NULL,NULL,NULL,NULL,'--- !ruby/hash:ActiveSupport::HashWithIndifferentAccess\nanschaffungskategorie: AV-Technik\nreference: invoice\numzug: zgeln\nankunftszustand: intakt\n','2013-09-16 10:21:17','2013-09-16 10:21:17'),(121,'8j70czwbkgw1ga24rzpy252','a6:79:bb:78:13:09-8e:06:6e:ba:c8:e1-20:7b:ca:49:53:5c',127,50,121,1,118,NULL,'2011-10-11','2013-09-16',NULL,NULL,'645.00',0,0,1,0,1,1,NULL,NULL,NULL,NULL,NULL,'--- !ruby/hash:ActiveSupport::HashWithIndifferentAccess\nanschaffungskategorie: AV-Technik\nreference: invoice\numzug: zgeln\nankunftszustand: intakt\n','2013-09-16 10:21:17','2013-09-16 10:21:17'),(122,'cwd7s58o4huu2e999xc4253','a0:f4:45:1c:02:e5-40:34:cb:43:45:0b-02:a5:d5:99:54:bf',128,54,122,1,NULL,NULL,'2010-01-13','2013-09-16',NULL,NULL,'248.00',0,0,1,0,1,1,NULL,NULL,NULL,NULL,NULL,'--- !ruby/hash:ActiveSupport::HashWithIndifferentAccess\nanschaffungskategorie: AV-Technik\nreference: invoice\numzug: zgeln\nankunftszustand: intakt\n','2013-09-16 10:21:17','2013-09-16 10:21:17'),(123,'2mj2rk4reui9jy3uie25254','80:47:e6:29:fd:9e-e6:68:cc:9c:7f:f0-28:2b:ab:e5:9c:d9',130,54,123,1,122,NULL,'2009-08-07','2013-09-16',NULL,NULL,'1217.00',0,0,1,0,1,1,NULL,NULL,NULL,NULL,NULL,'--- !ruby/hash:ActiveSupport::HashWithIndifferentAccess\nanschaffungskategorie: AV-Technik\nreference: invoice\numzug: zgeln\nankunftszustand: intakt\n','2013-09-16 10:21:17','2013-09-16 10:21:17'),(124,'hsev2jwjjii8zwgj0qit255','f0:c1:33:04:81:47-db:c0:c6:2a:93:c4-74:99:78:8a:64:3f',131,54,124,1,122,NULL,'2012-04-12','2013-09-16',NULL,NULL,'519.00',0,0,1,0,1,1,NULL,NULL,NULL,NULL,NULL,'--- !ruby/hash:ActiveSupport::HashWithIndifferentAccess\nanschaffungskategorie: AV-Technik\nreference: invoice\numzug: zgeln\nankunftszustand: intakt\n','2013-09-16 10:21:17','2013-09-16 10:21:17'),(125,'p7sf6o28n7pmlm8c6x9w256','e8:9f:80:c8:47:dc-f5:6d:75:cd:85:97-8c:81:bf:7c:1e:9f',132,54,125,1,122,NULL,'2011-01-26','2013-09-16',NULL,NULL,'575.00',0,0,1,0,1,1,NULL,NULL,NULL,NULL,NULL,'--- !ruby/hash:ActiveSupport::HashWithIndifferentAccess\nanschaffungskategorie: AV-Technik\nreference: invoice\numzug: zgeln\nankunftszustand: intakt\n','2013-09-16 10:21:17','2013-09-16 10:21:17'),(126,'9x8j86uwe9oljf267y44257','6c:7b:92:76:29:ff-53:48:ac:26:13:99-26:36:7f:6f:60:75',128,58,126,1,NULL,NULL,'2012-11-28','2013-09-16',NULL,NULL,'483.00',0,0,1,0,1,1,NULL,NULL,NULL,NULL,NULL,'--- !ruby/hash:ActiveSupport::HashWithIndifferentAccess\nanschaffungskategorie: AV-Technik\nreference: invoice\numzug: zgeln\nankunftszustand: intakt\n','2013-09-16 10:21:17','2013-09-16 10:21:17'),(127,'z9yp1s96bn9pflcyjf7l258','f0:4f:7c:74:3a:b5-ad:42:75:4d:79:bf-36:fb:15:55:ef:e7',134,58,127,1,126,NULL,'2008-07-13','2013-09-16',NULL,NULL,'776.00',0,0,1,0,1,1,NULL,NULL,NULL,NULL,NULL,'--- !ruby/hash:ActiveSupport::HashWithIndifferentAccess\nanschaffungskategorie: AV-Technik\nreference: invoice\numzug: zgeln\nankunftszustand: intakt\n','2013-09-16 10:21:17','2013-09-16 10:21:17'),(128,'sqj3u1ia0lygz7ur8sdb259','78:5c:22:20:01:6e-97:fd:20:b2:ed:79-ba:3d:3a:76:dc:c3',135,58,128,1,126,NULL,'2012-11-24','2013-09-16',NULL,NULL,'39.00',0,0,1,0,1,1,NULL,NULL,NULL,NULL,NULL,'--- !ruby/hash:ActiveSupport::HashWithIndifferentAccess\nanschaffungskategorie: AV-Technik\nreference: invoice\numzug: zgeln\nankunftszustand: intakt\n','2013-09-16 10:21:17','2013-09-16 10:21:17'),(129,'dlif0ef3hbh9u97gfrh0260','d9:ca:86:5f:50:0b-26:18:80:42:33:c6-7b:c7:30:7d:ef:e0',136,58,129,1,126,NULL,'2010-12-26','2013-09-16',NULL,NULL,'1049.00',0,0,1,0,1,1,NULL,NULL,NULL,NULL,NULL,'--- !ruby/hash:ActiveSupport::HashWithIndifferentAccess\nanschaffungskategorie: AV-Technik\nreference: invoice\numzug: zgeln\nankunftszustand: intakt\n','2013-09-16 10:21:17','2013-09-16 10:21:17'),(130,'ho42ils7hkhelcpqgr5n261','d8:89:82:67:7f:a5-a8:78:6a:15:58:b7-52:ce:bf:5f:3a:ee',128,62,130,1,NULL,NULL,'2009-10-15','2013-09-16',NULL,NULL,'56.00',0,0,1,0,1,1,NULL,NULL,NULL,NULL,NULL,'--- !ruby/hash:ActiveSupport::HashWithIndifferentAccess\nanschaffungskategorie: AV-Technik\nreference: invoice\numzug: zgeln\nankunftszustand: intakt\n','2013-09-16 10:21:17','2013-09-16 10:21:17'),(131,'3z88naf0qigxsthd91c3262','0b:21:29:7a:97:d8-91:24:98:a4:8e:7e-fb:4f:2d:e6:ee:50',138,62,131,1,130,NULL,'2011-02-10','2013-09-16',NULL,NULL,'1082.00',0,0,1,0,1,1,NULL,NULL,NULL,NULL,NULL,'--- !ruby/hash:ActiveSupport::HashWithIndifferentAccess\nanschaffungskategorie: AV-Technik\nreference: invoice\numzug: zgeln\nankunftszustand: intakt\n','2013-09-16 10:21:17','2013-09-16 10:21:17'),(132,'a182rc0t5pac0zhqt1jb263','83:0f:12:6c:18:56-69:13:20:91:7f:a4-cc:e9:77:6d:75:69',139,62,132,1,130,NULL,'2009-06-21','2013-09-16',NULL,NULL,'393.00',0,0,1,0,1,1,NULL,NULL,NULL,NULL,NULL,'--- !ruby/hash:ActiveSupport::HashWithIndifferentAccess\nanschaffungskategorie: AV-Technik\nreference: invoice\numzug: zgeln\nankunftszustand: intakt\n','2013-09-16 10:21:17','2013-09-16 10:21:17'),(133,'llehwht873anqp7awp6h264','6e:e8:a4:58:2c:0e-bc:cb:78:8f:8d:9e-71:0e:a1:3b:f4:2d',140,62,133,1,130,NULL,'2010-06-26','2013-09-16',NULL,NULL,'417.00',0,0,1,0,1,1,NULL,NULL,NULL,NULL,NULL,'--- !ruby/hash:ActiveSupport::HashWithIndifferentAccess\nanschaffungskategorie: AV-Technik\nreference: invoice\numzug: zgeln\nankunftszustand: intakt\n','2013-09-16 10:21:17','2013-09-16 10:21:17'),(134,'0i13z12qagm3azl723qm265','c2:b2:30:cb:a2:e8-1e:2f:a4:f6:dd:92-20:b1:41:c1:6e:e5',115,66,134,2,NULL,NULL,'2011-09-04','2013-09-16',NULL,NULL,'1027.00',0,0,1,0,2,1,NULL,NULL,NULL,NULL,NULL,'--- !ruby/hash:ActiveSupport::HashWithIndifferentAccess\nanschaffungskategorie: AV-Technik\nreference: invoice\numzug: zgeln\nankunftszustand: intakt\n','2013-09-16 10:21:17','2013-09-16 10:21:17'),(135,'9bd6n7bxqag0jf5gz5d6266','8b:82:91:37:2e:05-93:59:c1:bd:21:2d-e4:dc:09:0c:ce:6b',142,66,135,2,134,NULL,'2012-04-12','2013-09-16',NULL,NULL,'816.00',0,0,1,0,2,1,NULL,NULL,NULL,NULL,NULL,'--- !ruby/hash:ActiveSupport::HashWithIndifferentAccess\nanschaffungskategorie: AV-Technik\nreference: invoice\numzug: zgeln\nankunftszustand: intakt\n','2013-09-16 10:21:17','2013-09-16 10:21:17'),(136,'a4ne8b7kotojk6jjs85t267','63:61:11:67:19:73-ab:3b:98:1e:ef:1c-22:5e:4d:ba:81:66',143,66,136,2,134,NULL,'2010-01-30','2013-09-16',NULL,NULL,'713.00',0,0,1,0,2,1,NULL,NULL,NULL,NULL,NULL,'--- !ruby/hash:ActiveSupport::HashWithIndifferentAccess\nanschaffungskategorie: AV-Technik\nreference: invoice\numzug: zgeln\nankunftszustand: intakt\n','2013-09-16 10:21:17','2013-09-16 10:21:17'),(137,'gvjov49m8bbemjf0kkl3268','93:45:9b:08:9b:34-d7:18:26:39:26:81-36:26:d8:97:ba:00',144,66,137,2,134,NULL,'2011-02-13','2013-09-16',NULL,NULL,'1394.00',0,0,1,0,2,1,NULL,NULL,NULL,NULL,NULL,'--- !ruby/hash:ActiveSupport::HashWithIndifferentAccess\nanschaffungskategorie: AV-Technik\nreference: invoice\numzug: zgeln\nankunftszustand: intakt\n','2013-09-16 10:21:17','2013-09-16 10:21:17'),(138,'cand5','cand5',80,41,138,1,NULL,NULL,'2012-07-02','2013-09-16',NULL,NULL,'53.00',0,0,0,0,1,1,NULL,NULL,NULL,NULL,NULL,'--- !ruby/hash:ActiveSupport::HashWithIndifferentAccess\nanschaffungskategorie: AV-Technik\nreference: invoice\numzug: zgeln\nankunftszustand: intakt\n','2013-09-16 10:21:17','2013-09-16 10:21:17'),(139,'beam21231','beamas12312',54,41,139,1,NULL,NULL,'2012-04-02','2013-09-16',NULL,NULL,'1388.00',0,0,0,0,1,1,NULL,NULL,NULL,NULL,NULL,'--- !ruby/hash:ActiveSupport::HashWithIndifferentAccess\nanschaffungskategorie: AV-Technik\nreference: invoice\numzug: zgeln\nankunftszustand: intakt\n','2013-09-16 10:21:17','2013-09-16 10:21:17'),(140,'hifi345','hifi345',111,41,140,1,NULL,NULL,'2011-12-29','2013-09-16',NULL,NULL,'665.00',0,0,0,0,1,1,NULL,NULL,NULL,NULL,NULL,'--- !ruby/hash:ActiveSupport::HashWithIndifferentAccess\nanschaffungskategorie: AV-Technik\nreference: invoice\numzug: zgeln\nankunftszustand: intakt\n','2013-09-16 10:21:17','2013-09-16 10:21:17'),(141,'iMac1','iMac5',146,41,141,1,NULL,NULL,'2008-10-01','2013-09-16','2013-09-16','This Item is gone','686.00',0,0,1,0,1,1,NULL,NULL,NULL,NULL,NULL,'--- !ruby/hash:ActiveSupport::HashWithIndifferentAccess\nanschaffungskategorie: AV-Technik\nreference: invoice\numzug: zgeln\nankunftszustand: intakt\n','2013-09-16 10:21:17','2013-09-16 10:21:17'),(142,'iMac2','iMac6',146,41,142,3,NULL,NULL,'2011-09-24','2013-09-16','2013-09-16','This Item is gone','669.00',0,0,1,0,1,1,NULL,NULL,NULL,NULL,NULL,'--- !ruby/hash:ActiveSupport::HashWithIndifferentAccess\nanschaffungskategorie: AV-Technik\nreference: invoice\numzug: zgeln\nankunftszustand: intakt\n','2013-09-16 10:21:17','2013-09-16 10:21:17'),(143,'cr9ntt','q9vcct',113,41,143,1,NULL,NULL,'2009-04-11','2013-09-16','2013-09-16','This Item is gone','307.00',0,0,1,0,1,1,NULL,NULL,NULL,NULL,NULL,'--- !ruby/hash:ActiveSupport::HashWithIndifferentAccess\nanschaffungskategorie: AV-Technik\nreference: invoice\numzug: zgeln\nankunftszustand: intakt\n','2013-09-16 10:21:17','2013-09-16 10:21:17'),(144,'j3h3an','jxnozi',113,41,144,1,NULL,NULL,'2010-06-29','2013-09-16',NULL,NULL,'878.00',0,0,1,0,1,1,NULL,NULL,NULL,NULL,NULL,'--- !ruby/hash:ActiveSupport::HashWithIndifferentAccess\nanschaffungskategorie: AV-Technik\nreference: invoice\numzug: zgeln\nankunftszustand: intakt\n','2013-09-16 10:21:17','2013-09-16 10:21:17'),(145,'wlaptop1','wlaptop1',147,41,145,1,NULL,NULL,'2008-08-30','2013-09-16',NULL,NULL,'485.00',1,0,1,0,1,1,NULL,NULL,NULL,NULL,NULL,'--- !ruby/hash:ActiveSupport::HashWithIndifferentAccess\nanschaffungskategorie: AV-Technik\nreference: invoice\numzug: zgeln\nankunftszustand: intakt\n','2013-09-16 10:21:17','2013-09-16 10:21:17'),(146,'v120d02','v120d02',148,41,146,1,NULL,NULL,'2011-03-15','2013-09-16',NULL,NULL,'889.00',0,1,1,0,1,1,NULL,NULL,NULL,NULL,NULL,'--- !ruby/hash:ActiveSupport::HashWithIndifferentAccess\nanschaffungskategorie: AV-Technik\nreference: invoice\numzug: zgeln\nankunftszustand: intakt\n','2013-09-16 10:21:17','2013-09-16 10:21:17'),(147,'npldqhwkyr33lisf36kz269','63:90:0c:93:10:f7-6b:80:03:e5:7f:a0-26:79:85:db:04:14',148,70,147,1,NULL,NULL,'2011-12-02','2013-09-16','2013-09-16','Atque laborum minima id eum voluptatibus assumenda tenetur.','1145.00',1,1,0,0,1,1,NULL,NULL,NULL,NULL,NULL,'--- !ruby/hash:ActiveSupport::HashWithIndifferentAccess\nanschaffungskategorie: AV-Technik\nreference: invoice\numzug: zgeln\nankunftszustand: intakt\n','2013-09-16 10:21:17','2013-09-16 10:21:17'),(148,'v120d022g','v120d022g',149,41,148,1,NULL,NULL,'2010-05-03','2013-09-16',NULL,NULL,'972.00',0,0,1,0,1,1,NULL,NULL,NULL,NULL,NULL,'--- !ruby/hash:ActiveSupport::HashWithIndifferentAccess\nanschaffungskategorie: AV-Technik\nreference: invoice\numzug: zgeln\nankunftszustand: intakt\n','2013-09-16 10:21:17','2013-09-16 10:21:17'),(149,'v120d022g2','v120d022g2',149,41,149,1,NULL,NULL,'2012-03-01','2013-09-16',NULL,NULL,'1272.00',0,0,1,0,1,1,NULL,NULL,NULL,NULL,NULL,'--- !ruby/hash:ActiveSupport::HashWithIndifferentAccess\nanschaffungskategorie: AV-Technik\nreference: invoice\numzug: zgeln\nankunftszustand: intakt\n','2013-09-16 10:21:17','2013-09-16 10:21:17'),(150,'beam897','xyz890',54,41,150,1,NULL,NULL,'2012-12-08','2013-09-16',NULL,NULL,'456.00',0,0,1,0,2,1,NULL,NULL,NULL,NULL,NULL,'--- !ruby/hash:ActiveSupport::HashWithIndifferentAccess\nanschaffungskategorie: AV-Technik\nreference: invoice\numzug: zgeln\nankunftszustand: intakt\n','2013-09-16 10:21:17','2013-09-16 10:21:17'),(151,'minibeam12','xyz890',56,41,151,1,NULL,NULL,'2011-07-23','2013-09-16',NULL,NULL,'374.00',0,0,1,0,2,1,NULL,NULL,NULL,NULL,NULL,'--- !ruby/hash:ActiveSupport::HashWithIndifferentAccess\nanschaffungskategorie: AV-Technik\nreference: invoice\numzug: zgeln\nankunftszustand: intakt\n','2013-09-16 10:21:17','2013-09-16 10:21:17'),(152,'minibeam34','xyz890',56,41,152,1,NULL,NULL,'2010-10-27','2013-09-16',NULL,NULL,'1255.00',0,0,1,0,3,1,NULL,NULL,NULL,NULL,NULL,'--- !ruby/hash:ActiveSupport::HashWithIndifferentAccess\nanschaffungskategorie: AV-Technik\nreference: invoice\numzug: zgeln\nankunftszustand: intakt\n','2013-09-16 10:21:17','2013-09-16 10:21:17'),(153,'cunb6gzlp48u71klk7re270','74:6e:0c:76:c8:28-4b:f3:f8:c9:57:81-6e:ec:f5:e7:fb:f9',151,NULL,NULL,1,NULL,NULL,NULL,NULL,NULL,NULL,NULL,0,0,1,0,1,0,NULL,NULL,NULL,NULL,NULL,'--- !ruby/hash:ActiveSupport::HashWithIndifferentAccess\nlicense_type: single_workplace\nactivation_type: serial_number\noperating_system:\n- windows\n- linux\ninstallation:\n- citrix\n- web\nreference: invoice\nmaintenance_contract: \'false\'\n','2013-09-16 10:21:17','2013-09-16 10:21:17'),(154,'qrh8iol6sm0gejwfizch271','85:1b:21:d9:c4:8e-ed:41:47:71:5d:82-77:4c:24:28:33:96',152,NULL,NULL,1,NULL,NULL,NULL,NULL,NULL,NULL,NULL,0,0,0,0,1,0,NULL,NULL,NULL,NULL,NULL,'--- !ruby/hash:ActiveSupport::HashWithIndifferentAccess\nlicense_type: single_workplace\nactivation_type: serial_number\noperating_system:\n- windows\n- linux\ninstallation:\n- citrix\n- web\nreference: invoice\nmaintenance_contract: \'false\'\n','2013-09-16 10:21:17','2013-09-16 10:21:17'),(155,'vlx70v20tpq6v7wm4bem272','89:ec:64:56:58:2f-ac:4e:4f:5e:1f:9d-f3:88:1d:8f:98:b8',153,NULL,NULL,1,NULL,NULL,NULL,NULL,NULL,NULL,NULL,0,0,0,0,1,0,NULL,NULL,NULL,NULL,NULL,'--- !ruby/hash:ActiveSupport::HashWithIndifferentAccess\nlicense_type: single_workplace\nactivation_type: serial_number\noperating_system:\n- windows\n- linux\ninstallation:\n- citrix\n- web\nprocured_by: Myrna Wiza\nreference: invoice\nmaintenance_contract: \'false\'\n','2013-09-16 10:21:17','2013-09-16 10:21:17'),(156,'qpkexpmakfjmlg6zq9rv273','9f:d2:b6:fe:6d:0e-ac:eb:15:d0:df:55-67:b3:f8:60:a7:d5',154,NULL,NULL,1,NULL,NULL,NULL,NULL,NULL,NULL,NULL,0,0,1,0,1,0,NULL,NULL,NULL,NULL,NULL,'--- !ruby/hash:ActiveSupport::HashWithIndifferentAccess\nlicense_type: single_workplace\nactivation_type: serial_number\noperating_system:\n- windows\n- linux\ninstallation:\n- citrix\n- web\nreference: invoice\nmaintenance_contract: \'false\'\n','2013-09-16 10:21:17','2013-09-16 10:21:17'),(157,'4q128ieoxjmqp94m7seb274','ee:0a:71:91:ac:90-86:fa:4c:17:7e:27-9c:9e:94:54:60:d8',155,NULL,NULL,1,NULL,NULL,NULL,NULL,NULL,NULL,NULL,0,0,1,0,2,0,NULL,NULL,NULL,NULL,NULL,'--- !ruby/hash:ActiveSupport::HashWithIndifferentAccess\nlicense_type: single_workplace\nactivation_type: serial_number\noperating_system:\n- windows\n- linux\ninstallation:\n- citrix\n- web\nreference: invoice\nmaintenance_contract: \'false\'\n','2013-09-16 10:21:17','2013-09-16 10:21:17'),(158,'duol4qaa89ol1lx9n8qt275','39:d6:be:32:a2:bb-f4:26:2e:ef:ed:dc-c6:bd:37:2a:a6:b7',156,NULL,NULL,1,NULL,NULL,NULL,NULL,'2013-09-16','Fuga et ipsam debitis nisi magnam quod hic est.',NULL,0,0,0,0,1,0,NULL,NULL,NULL,NULL,NULL,'--- !ruby/hash:ActiveSupport::HashWithIndifferentAccess\nlicense_type: single_workplace\nactivation_type: serial_number\noperating_system:\n- windows\n- linux\ninstallation:\n- citrix\n- web\nprocured_by: Tristian Schroeder\nreference: invoice\nmaintenance_contract: \'false\'\n','2013-09-16 10:21:17','2013-09-16 10:21:17'),(159,'c6kzs7ww0ekrzoxdw2qh276','17:d8:b0:cf:88:ea-c2:5a:d3:e5:52:22-1a:c0:2d:01:3b:07',157,NULL,NULL,2,NULL,NULL,NULL,NULL,'2013-09-16','In quis ut assumenda sunt et.',NULL,0,0,1,0,1,0,NULL,NULL,NULL,NULL,NULL,'--- !ruby/hash:ActiveSupport::HashWithIndifferentAccess\nlicense_type: single_workplace\nactivation_type: serial_number\noperating_system:\n- windows\n- linux\ninstallation:\n- citrix\n- web\nprocured_by: Tristian Schroeder\nreference: invoice\nmaintenance_contract: \'false\'\n','2013-09-16 10:21:17','2013-09-16 10:21:17'),(160,'6kr8297wssn7swa41wlz277','3e:e4:f4:c0:c4:6e-8d:5e:ac:fc:7a:44-bc:d9:7d:eb:c7:87',158,NULL,NULL,2,NULL,NULL,NULL,NULL,NULL,NULL,NULL,0,0,1,0,2,0,NULL,NULL,NULL,NULL,NULL,'--- !ruby/hash:ActiveSupport::HashWithIndifferentAccess\nlicense_type: single_workplace\nactivation_type: serial_number\noperating_system:\n- windows\n- linux\ninstallation:\n- citrix\n- web\nprocured_by: Ramon C.\nreference: invoice\nmaintenance_contract: \'false\'\n','2013-09-16 10:21:17','2013-09-16 10:21:17'),(161,'fzc87gkz6604a9hze8fx278','a0:6d:55:11:f0:20-5c:0d:6b:8c:b4:54-9c:70:47:1a:aa:d7',159,NULL,NULL,1,NULL,NULL,'2013-09-16',NULL,NULL,NULL,NULL,0,0,0,0,1,0,NULL,NULL,NULL,NULL,NULL,'--- !ruby/hash:ActiveSupport::HashWithIndifferentAccess\nlicense_expiration: \'2013-09-16\'\nmaintenance_contract: \'true\'\nmaintenance_expiration: \'2013-09-16\'\nreference: invoice\nactivation_type: none\nlicense_type: free\n','2013-09-16 10:21:17','2013-09-16 10:21:17'),(162,'ligezr04gdqzkfzunk7j279','60:79:45:7b:df:29-01:4f:b2:48:ec:ab-c0:76:3e:7b:08:78',160,NULL,NULL,1,NULL,NULL,NULL,NULL,NULL,NULL,NULL,0,0,0,0,1,0,NULL,NULL,NULL,NULL,NULL,'--- !ruby/hash:ActiveSupport::HashWithIndifferentAccess\nquantity_allocations:\n- !ruby/hash:ActiveSupport::HashWithIndifferentAccess\n  room: unde\n  quantity: 39\n- !ruby/hash:ActiveSupport::HashWithIndifferentAccess\n  room: dolorum\n  quantity: 36\nreference: invoice\nactivation_type: none\nlicense_type: free\nmaintenance_contract: \'false\'\n','2013-09-16 10:21:17','2013-09-16 10:21:17'),(163,'n7yj3gxpktox8p849sbp280','fb:c9:f0:2c:32:be-3a:39:90:f7:d3:f2-51:19:5a:4b:9d:4c',162,NULL,NULL,1,NULL,NULL,NULL,NULL,NULL,NULL,NULL,0,0,0,0,1,0,NULL,NULL,NULL,NULL,NULL,'--- !ruby/hash:ActiveSupport::HashWithIndifferentAccess\noperating_system:\n- windows\n- linux\n- mac_os_x\nlicense_type: concurrent\ntotal_quantity: 85\nquantity_allocations:\n- !ruby/hash:ActiveSupport::HashWithIndifferentAccess\n  room: qui\n  quantity: 44\n- !ruby/hash:ActiveSupport::HashWithIndifferentAccess\n  room: molestias\n  quantity: 12\nreference: invoice\nactivation_type: none\nmaintenance_contract: \'false\'\n','2013-09-16 10:21:17','2013-09-16 10:21:17'),(164,'9vyf6v0cr8rbg42j8wzz281','2b:94:8a:73:ae:c7-68:db:19:d9:fd:d0-a9:c4:fa:72:1f:9a',164,71,153,9,NULL,NULL,'2011-06-06','2013-09-15',NULL,NULL,'1208.00',0,0,1,0,1,1,NULL,NULL,NULL,NULL,NULL,'--- !ruby/hash:ActiveSupport::HashWithIndifferentAccess\nanschaffungskategorie: AV-Technik\nreference: invoice\numzug: zgeln\nankunftszustand: intakt\n','2013-09-15 02:35:43','2013-09-15 02:35:43'),(165,'fibm7u9skvpgnsgtgfal282','b3:d1:7d:d7:ac:dd-3c:bb:3b:20:03:c1-1a:f8:1f:fd:09:42',165,72,154,2,NULL,NULL,'2009-10-31','2013-09-15',NULL,NULL,'1114.00',0,0,1,0,1,1,NULL,NULL,NULL,NULL,NULL,'--- !ruby/hash:ActiveSupport::HashWithIndifferentAccess\nanschaffungskategorie: AV-Technik\nreference: invoice\numzug: zgeln\nankunftszustand: intakt\n','2013-09-15 02:35:43','2013-09-15 02:35:43'),(166,'pezjbn0k3z4fzy5p98ro283','d2:e3:04:3b:ab:8c-c9:68:8c:c1:1f:25-67:f3:28:92:ff:17',166,73,155,11,NULL,NULL,'2009-07-17','2013-09-15',NULL,NULL,'1182.00',0,0,1,0,1,1,NULL,NULL,NULL,NULL,NULL,'--- !ruby/hash:ActiveSupport::HashWithIndifferentAccess\nanschaffungskategorie: AV-Technik\nreference: invoice\numzug: zgeln\nankunftszustand: intakt\n','2013-09-15 02:35:43','2013-09-15 02:35:43'),(167,'j29dp60cc4seg6ws2ucn284','82:66:d4:cf:5c:44-c7:b9:4b:39:eb:45-3c:e0:12:71:56:5e',167,74,156,1,NULL,NULL,'2008-07-07','2013-09-15',NULL,NULL,'894.00',0,0,1,0,1,1,NULL,NULL,NULL,NULL,NULL,'--- !ruby/hash:ActiveSupport::HashWithIndifferentAccess\nanschaffungskategorie: AV-Technik\nreference: invoice\numzug: zgeln\nankunftszustand: intakt\n','2013-09-15 02:35:43','2013-09-15 02:35:43'),(168,'l1w0knr0gmwfoebmutqn285','54:76:99:cd:d7:0c-0f:03:b1:c6:35:cb-93:22:13:2b:21:99',168,75,157,4,NULL,NULL,'2011-09-16','2013-09-15',NULL,NULL,'1115.00',0,0,1,0,1,1,NULL,NULL,NULL,NULL,NULL,'--- !ruby/hash:ActiveSupport::HashWithIndifferentAccess\nanschaffungskategorie: AV-Technik\nreference: invoice\numzug: zgeln\nankunftszustand: intakt\n','2013-09-15 02:35:43','2013-09-15 02:35:43'),(169,'vymj4vmh86li406x0qva286','35:36:0a:57:1b:8d-01:8c:d2:0b:2b:d0-72:36:80:3b:d3:08',168,76,158,4,NULL,NULL,'2012-06-25','2013-09-15',NULL,NULL,'873.00',0,0,1,0,1,1,NULL,NULL,NULL,NULL,NULL,'--- !ruby/hash:ActiveSupport::HashWithIndifferentAccess\nanschaffungskategorie: AV-Technik\nreference: invoice\numzug: zgeln\nankunftszustand: intakt\n','2013-09-15 02:35:43','2013-09-15 02:35:43'),(170,'ch4reokmtnw33jlu3ady287','b4:d3:91:06:5d:25-6c:d5:90:5f:5e:29-19:cc:f2:15:54:14',168,77,159,11,NULL,NULL,'2010-01-25','2013-09-15',NULL,NULL,'1445.00',0,0,1,0,1,1,NULL,NULL,NULL,NULL,NULL,'--- !ruby/hash:ActiveSupport::HashWithIndifferentAccess\nanschaffungskategorie: AV-Technik\nreference: invoice\numzug: zgeln\nankunftszustand: intakt\n','2013-09-15 02:35:43','2013-09-15 02:35:43'),(171,'lmyslqyj96lwiht44pan288','b3:cc:2c:ab:17:36-1b:2f:7f:24:02:f0-4c:ec:c0:7b:f6:c0',172,78,160,1,NULL,NULL,'2010-11-15','2013-09-15',NULL,NULL,'856.00',0,0,1,0,1,1,NULL,NULL,NULL,NULL,NULL,'--- !ruby/hash:ActiveSupport::HashWithIndifferentAccess\nanschaffungskategorie: AV-Technik\nreference: invoice\numzug: zgeln\nankunftszustand: intakt\n','2013-09-15 02:35:43','2013-09-15 02:35:43'),(172,'nq57yedrhp046uuib773289','56:a2:ec:c5:1e:31-d8:3f:7b:c8:4e:2f-7a:ec:28:b7:e4:d1',173,79,161,2,NULL,NULL,'2010-09-08','2013-09-15',NULL,NULL,'239.00',0,0,1,0,1,1,NULL,NULL,NULL,NULL,NULL,'--- !ruby/hash:ActiveSupport::HashWithIndifferentAccess\nanschaffungskategorie: AV-Technik\nreference: invoice\numzug: zgeln\nankunftszustand: intakt\n','2013-09-15 02:35:43','2013-09-15 02:35:43'),(173,'ewm0fmgouuzfrixvfekx290','bc:7a:63:3d:f2:25-91:9b:ce:26:90:d6-3e:bc:a0:d9:27:16',174,80,162,7,NULL,NULL,'2010-06-10','2013-09-15',NULL,NULL,'460.00',0,0,1,0,1,1,NULL,NULL,NULL,NULL,NULL,'--- !ruby/hash:ActiveSupport::HashWithIndifferentAccess\nanschaffungskategorie: AV-Technik\nreference: invoice\numzug: zgeln\nankunftszustand: intakt\n','2013-09-15 02:35:43','2013-09-15 02:35:43'),(174,'7q3kbzyl6bfyon7omi8z291','6c:c7:d1:e1:e3:28-5a:e3:ca:c4:c2:d4-db:da:82:eb:a5:c8',175,81,163,7,NULL,NULL,'2008-10-28','2013-09-15',NULL,NULL,'1405.00',0,0,1,0,1,1,NULL,NULL,NULL,NULL,NULL,'--- !ruby/hash:ActiveSupport::HashWithIndifferentAccess\nanschaffungskategorie: AV-Technik\nreference: invoice\numzug: zgeln\nankunftszustand: intakt\n','2013-09-15 02:35:43','2013-09-15 02:35:43'),(175,'0agm51khlahv5p3l083n292','72:5c:0c:88:7a:d4-9c:a3:3b:57:2b:5b-78:3d:31:d9:b5:91',175,82,164,1,NULL,NULL,'2011-11-08','2013-09-15',NULL,NULL,'1213.00',0,0,1,0,1,1,NULL,NULL,NULL,NULL,NULL,'--- !ruby/hash:ActiveSupport::HashWithIndifferentAccess\nanschaffungskategorie: AV-Technik\nreference: invoice\numzug: zgeln\nankunftszustand: intakt\n','2013-09-15 02:35:43','2013-09-15 02:35:43'),(176,'2q60bn887dq75haxg0p3293','d8:08:78:df:6a:f7-c7:a4:cc:87:4a:3a-8f:5c:04:cf:e1:51',175,83,165,6,NULL,NULL,'2008-03-01','2013-09-15',NULL,NULL,'278.00',0,0,1,0,1,1,NULL,NULL,NULL,NULL,NULL,'--- !ruby/hash:ActiveSupport::HashWithIndifferentAccess\nanschaffungskategorie: AV-Technik\nreference: invoice\numzug: zgeln\nankunftszustand: intakt\n','2013-09-15 02:35:43','2013-09-15 02:35:43'),(177,'v8bjgul5p2f6yql6fyr2294','6c:76:22:08:17:93-b0:4b:31:c9:6e:f5-63:17:d2:50:b1:97',179,84,166,6,NULL,NULL,'2010-08-26','2013-09-15',NULL,NULL,'37.00',0,0,1,0,1,1,NULL,NULL,NULL,NULL,NULL,'--- !ruby/hash:ActiveSupport::HashWithIndifferentAccess\nanschaffungskategorie: AV-Technik\nreference: invoice\numzug: zgeln\nankunftszustand: intakt\n','2013-09-15 02:35:43','2013-09-15 02:35:43'),(178,'6dmx5151pdxskoynsjh5295','e2:29:7b:2c:bc:3a-4a:92:6a:c1:5b:e4-4c:21:63:f7:e8:67',180,85,167,2,NULL,NULL,'2011-01-20','2013-09-15',NULL,NULL,'923.00',0,0,1,0,1,1,NULL,NULL,NULL,NULL,NULL,'--- !ruby/hash:ActiveSupport::HashWithIndifferentAccess\nanschaffungskategorie: AV-Technik\nreference: invoice\numzug: zgeln\nankunftszustand: intakt\n','2013-09-15 02:35:43','2013-09-15 02:35:43'),(179,'ws4rorj00w41ek92rjaw296','e3:a0:fe:3f:5e:03-9c:14:26:3e:10:0e-27:1d:cb:cb:1c:7a',181,86,168,6,NULL,NULL,'2011-12-18','2013-09-15',NULL,NULL,'1246.00',0,0,1,0,1,1,NULL,NULL,NULL,NULL,NULL,'--- !ruby/hash:ActiveSupport::HashWithIndifferentAccess\nanschaffungskategorie: AV-Technik\nreference: invoice\numzug: zgeln\nankunftszustand: intakt\n','2013-09-15 02:35:43','2013-09-15 02:35:43'),(180,'a9672xetcw7egaaaf3w1297','07:5a:5a:39:e2:d6-05:40:74:60:c7:99-80:9c:84:8b:c0:c9',182,87,169,10,NULL,NULL,'2011-11-05','2013-09-15',NULL,NULL,'482.00',0,0,1,0,1,1,NULL,NULL,NULL,NULL,NULL,'--- !ruby/hash:ActiveSupport::HashWithIndifferentAccess\nanschaffungskategorie: AV-Technik\nreference: invoice\numzug: zgeln\nankunftszustand: intakt\n','2013-09-15 02:35:43','2013-09-15 02:35:43'),(181,'8g7ytaj9fmsd01mo9wln298','3e:e7:d8:f6:e0:ba-e8:c6:2f:b2:d2:1a-7b:13:75:02:57:9d',183,88,170,6,NULL,NULL,'2010-01-03','2013-09-15',NULL,NULL,'838.00',0,0,1,0,1,1,NULL,NULL,NULL,NULL,NULL,'--- !ruby/hash:ActiveSupport::HashWithIndifferentAccess\nanschaffungskategorie: AV-Technik\nreference: invoice\numzug: zgeln\nankunftszustand: intakt\n','2013-09-15 02:35:43','2013-09-15 02:35:43'),(182,'otiwipe6342cnj0fr8my299','e4:2e:84:2a:23:db-b9:9a:8c:b7:01:cc-07:fd:11:62:ff:23',184,89,171,8,NULL,NULL,'2009-10-26','2013-09-15',NULL,NULL,'972.00',0,0,1,0,1,1,NULL,NULL,NULL,NULL,NULL,'--- !ruby/hash:ActiveSupport::HashWithIndifferentAccess\nanschaffungskategorie: AV-Technik\nreference: invoice\numzug: zgeln\nankunftszustand: intakt\n','2013-09-15 02:35:43','2013-09-15 02:35:43'),(183,'8v16ck5mnb42k9dw4o6a300','8a:72:90:70:49:98-9f:5c:07:66:a4:80-41:43:20:b2:ae:d3',184,90,172,3,NULL,NULL,'2011-04-17','2013-09-15',NULL,NULL,'15.00',0,0,1,0,1,1,NULL,NULL,NULL,NULL,NULL,'--- !ruby/hash:ActiveSupport::HashWithIndifferentAccess\nanschaffungskategorie: AV-Technik\nreference: invoice\numzug: zgeln\nankunftszustand: intakt\n','2013-09-15 02:35:43','2013-09-15 02:35:43'),(184,'mfays8vs89nsmkdsyoa3301','de:0b:af:15:21:3a-d1:a8:78:81:90:45-e7:52:dc:d0:ca:54',184,91,173,3,NULL,NULL,'2012-04-02','2013-09-15',NULL,NULL,'137.00',0,0,1,0,1,1,NULL,NULL,NULL,NULL,NULL,'--- !ruby/hash:ActiveSupport::HashWithIndifferentAccess\nanschaffungskategorie: AV-Technik\nreference: invoice\numzug: zgeln\nankunftszustand: intakt\n','2013-09-15 02:35:43','2013-09-15 02:35:43'),(185,'frls4uazep91itfhelbg302','34:6c:ea:68:b5:bf-77:82:9c:de:01:4c-61:27:da:b0:65:73',188,92,174,5,NULL,NULL,'2012-08-08','2013-09-12',NULL,NULL,'1267.00',0,0,1,0,1,1,NULL,NULL,NULL,NULL,NULL,'--- !ruby/hash:ActiveSupport::HashWithIndifferentAccess\nanschaffungskategorie: AV-Technik\nreference: invoice\numzug: zgeln\nankunftszustand: intakt\n','2013-09-12 00:54:29','2013-09-12 00:54:29'),(186,'2h1s70jvyexgmt516g78303','c0:78:7c:bf:3e:85-3e:67:49:4d:54:4d-e9:1f:49:9d:b0:4e',189,93,175,3,NULL,NULL,'2010-02-22','2013-09-12',NULL,NULL,'1071.00',0,0,1,0,1,1,NULL,NULL,NULL,NULL,NULL,'--- !ruby/hash:ActiveSupport::HashWithIndifferentAccess\nanschaffungskategorie: AV-Technik\nreference: invoice\numzug: zgeln\nankunftszustand: intakt\n','2013-09-12 00:54:29','2013-09-12 00:54:29'),(187,'69tll69u5c3itduicetx304','b2:a6:cd:52:e3:8e-50:e0:1c:5a:3b:81-24:84:1c:5f:35:41',190,94,176,1,NULL,NULL,'2009-12-16','2013-09-12',NULL,NULL,'411.00',0,0,1,0,1,1,NULL,NULL,NULL,NULL,NULL,'--- !ruby/hash:ActiveSupport::HashWithIndifferentAccess\nanschaffungskategorie: AV-Technik\nreference: invoice\numzug: zgeln\nankunftszustand: intakt\n','2013-09-12 00:54:29','2013-09-12 00:54:29'),(188,'sxooowfc94ris0pmh2cv305','04:98:19:96:4b:0d-ec:6e:17:f7:32:e0-69:2b:5a:aa:51:a9',191,95,177,8,NULL,NULL,'2008-03-01','2013-09-11',NULL,NULL,'31.00',0,0,1,0,1,1,NULL,NULL,NULL,NULL,NULL,'--- !ruby/hash:ActiveSupport::HashWithIndifferentAccess\nanschaffungskategorie: AV-Technik\nreference: invoice\numzug: zgeln\nankunftszustand: intakt\n','2013-09-11 14:30:50','2013-09-11 14:30:50'),(189,'57moskf3kh7arhp8wqhk306','86:62:bc:d2:ac:2d-ea:14:e2:cf:c5:4b-98:02:ee:d9:ae:56',192,96,178,8,NULL,NULL,'2010-01-21','2013-09-11',NULL,NULL,'696.00',0,0,1,0,1,1,NULL,NULL,NULL,NULL,NULL,'--- !ruby/hash:ActiveSupport::HashWithIndifferentAccess\nanschaffungskategorie: AV-Technik\nreference: invoice\numzug: zgeln\nankunftszustand: intakt\n','2013-09-11 14:30:50','2013-09-11 14:30:50'),(190,'uhh3v9lz4qkwy4ihzau6307','d4:80:c8:0f:eb:8b-9c:d9:dd:c6:8f:c6-ec:3a:ba:b7:01:b9',193,97,179,6,NULL,NULL,'2011-08-14','2013-09-11',NULL,NULL,'725.00',0,0,1,0,1,1,NULL,NULL,NULL,NULL,NULL,'--- !ruby/hash:ActiveSupport::HashWithIndifferentAccess\nanschaffungskategorie: AV-Technik\nreference: invoice\numzug: zgeln\nankunftszustand: intakt\n','2013-09-11 14:30:50','2013-09-11 14:30:50'),(191,'iykom5lc81wi1pktx6ca308','83:a2:e8:a4:07:f9-bd:78:35:94:c0:52-c5:a1:4f:78:55:28',194,98,180,2,NULL,NULL,'2011-01-11','2013-09-11',NULL,NULL,'193.00',0,0,1,0,1,1,NULL,NULL,NULL,NULL,NULL,'--- !ruby/hash:ActiveSupport::HashWithIndifferentAccess\nanschaffungskategorie: AV-Technik\nreference: invoice\numzug: zgeln\nankunftszustand: intakt\n','2013-09-11 14:30:50','2013-09-11 14:30:50'),(192,'10sy83g6w936jg6spyj4309','ec:57:e5:f2:0d:24-7c:be:46:a1:a0:d7-d4:f9:06:21:57:1e',194,99,181,11,NULL,NULL,'2009-07-22','2013-09-11',NULL,NULL,'1425.00',0,0,1,0,1,1,NULL,NULL,NULL,NULL,NULL,'--- !ruby/hash:ActiveSupport::HashWithIndifferentAccess\nanschaffungskategorie: AV-Technik\nreference: invoice\numzug: zgeln\nankunftszustand: intakt\n','2013-09-11 14:30:50','2013-09-11 14:30:50'),(193,'7rzs3blsv0qyb4ptylxa310','0d:7a:10:02:45:52-f9:b2:15:9d:5c:78-e0:23:ef:8f:e2:17',194,100,182,1,NULL,NULL,'2012-08-04','2013-09-11',NULL,NULL,'1469.00',0,0,1,0,1,1,NULL,NULL,NULL,NULL,NULL,'--- !ruby/hash:ActiveSupport::HashWithIndifferentAccess\nanschaffungskategorie: AV-Technik\nreference: invoice\numzug: zgeln\nankunftszustand: intakt\n','2013-09-11 14:30:50','2013-09-11 14:30:50'),(194,'875f84vp3pry8lj88z8n311','d4:93:b5:81:16:56-8a:c2:66:ba:40:46-e7:59:f1:39:b3:f6',198,101,183,4,NULL,NULL,'2008-05-03','2013-09-16',NULL,NULL,'112.00',0,0,1,0,1,1,NULL,NULL,NULL,NULL,NULL,'--- !ruby/hash:ActiveSupport::HashWithIndifferentAccess\nanschaffungskategorie: AV-Technik\nreference: invoice\numzug: zgeln\nankunftszustand: intakt\n','2013-09-16 10:21:17','2013-09-16 10:21:17'),(195,'raara5faef2945zz4mnd312','31:a6:3e:36:31:8f-9b:ee:12:41:50:b0-13:44:f9:83:fe:8c',199,102,184,2,NULL,NULL,'2012-07-05','2013-09-16',NULL,NULL,'677.00',0,0,1,0,1,1,NULL,NULL,NULL,NULL,NULL,'--- !ruby/hash:ActiveSupport::HashWithIndifferentAccess\nanschaffungskategorie: AV-Technik\nreference: invoice\numzug: zgeln\nankunftszustand: intakt\n','2013-09-16 10:21:17','2013-09-16 10:21:17'),(196,'6yvyrae1v84w98oxjzlo313','c7:fb:f5:dc:ee:43-bc:84:66:77:5f:ee-d9:99:fe:f9:ec:a8',200,103,185,1,NULL,NULL,'2010-03-03','2013-09-16',NULL,NULL,'435.00',0,0,1,0,1,1,NULL,NULL,NULL,NULL,NULL,'--- !ruby/hash:ActiveSupport::HashWithIndifferentAccess\nanschaffungskategorie: AV-Technik\nreference: invoice\numzug: zgeln\nankunftszustand: intakt\n','2013-09-16 10:21:17','2013-09-16 10:21:17'),(197,'r9x3uxopnk7ca80voba4314','14:ee:55:27:b0:97-37:c7:71:bd:71:af-0b:64:ab:d5:95:a4',201,104,186,2,NULL,NULL,'2012-07-19','2013-09-16',NULL,NULL,'682.00',0,0,1,0,1,1,NULL,NULL,NULL,NULL,NULL,'--- !ruby/hash:ActiveSupport::HashWithIndifferentAccess\nanschaffungskategorie: AV-Technik\nreference: invoice\numzug: zgeln\nankunftszustand: intakt\n','2013-09-16 10:21:17','2013-09-16 10:21:17'),(198,'zpsqdjpzk2jjnnmfhf1r315','25:10:0b:98:d0:8f-39:f8:27:40:89:5b-61:85:11:3b:39:61',201,105,187,4,NULL,NULL,'2012-12-11','2013-09-16',NULL,NULL,'888.00',0,0,1,0,1,1,NULL,NULL,NULL,NULL,NULL,'--- !ruby/hash:ActiveSupport::HashWithIndifferentAccess\nanschaffungskategorie: AV-Technik\nreference: invoice\numzug: zgeln\nankunftszustand: intakt\n','2013-09-16 10:21:17','2013-09-16 10:21:17'),(199,'1rqzb16z8zu8ce6z8n6g316','6e:59:f2:94:7d:83-07:96:f3:3a:be:27-a4:93:da:7f:e2:61',201,106,188,11,NULL,NULL,'2008-04-27','2013-09-16',NULL,NULL,'33.00',0,0,1,0,1,1,NULL,NULL,NULL,NULL,NULL,'--- !ruby/hash:ActiveSupport::HashWithIndifferentAccess\nanschaffungskategorie: AV-Technik\nreference: invoice\numzug: zgeln\nankunftszustand: intakt\n','2013-09-16 10:21:17','2013-09-16 10:21:17'),(200,'7mly7z9tjfynzcv5tuj5317','a5:65:d6:3b:13:73-cb:eb:01:4b:e0:ad-75:01:e1:03:6d:6f',205,107,189,11,NULL,NULL,'2010-07-04','2013-09-16',NULL,NULL,'1161.00',0,0,1,0,1,1,NULL,NULL,NULL,NULL,NULL,'--- !ruby/hash:ActiveSupport::HashWithIndifferentAccess\nanschaffungskategorie: AV-Technik\nreference: invoice\numzug: zgeln\nankunftszustand: intakt\n','2013-09-16 10:21:17','2013-09-16 10:21:17'),(201,'1lz7dsthl8zsxey12ph1318','81:a0:3e:39:11:44-a9:b2:40:16:06:05-de:5b:15:1f:f4:66',206,108,190,8,NULL,NULL,'2012-07-28','2013-09-16',NULL,NULL,'180.00',0,0,1,0,1,1,NULL,NULL,NULL,NULL,NULL,'--- !ruby/hash:ActiveSupport::HashWithIndifferentAccess\nanschaffungskategorie: AV-Technik\nreference: invoice\numzug: zgeln\nankunftszustand: intakt\n','2013-09-16 10:21:17','2013-09-16 10:21:17'),(202,'7tsq5kzxqpv5ga2pijz1319','15:ad:be:7d:66:12-40:83:68:41:a8:85-51:72:83:5d:6c:d1',207,109,191,8,NULL,NULL,'2010-08-25','2013-09-16',NULL,NULL,'1274.00',0,0,1,0,1,1,NULL,NULL,NULL,NULL,NULL,'--- !ruby/hash:ActiveSupport::HashWithIndifferentAccess\nanschaffungskategorie: AV-Technik\nreference: invoice\numzug: zgeln\nankunftszustand: intakt\n','2013-09-16 10:21:17','2013-09-16 10:21:17'),(203,'pmkq2kolxbajpvumktef320','24:0d:68:2b:66:0b-c5:db:e7:95:8f:04-b2:ea:3c:4f:a8:5e',208,110,192,1,NULL,NULL,'2012-03-27','2013-09-16',NULL,NULL,'1243.00',0,0,1,0,1,1,NULL,NULL,NULL,NULL,NULL,'--- !ruby/hash:ActiveSupport::HashWithIndifferentAccess\nanschaffungskategorie: AV-Technik\nreference: invoice\numzug: zgeln\nankunftszustand: intakt\n','2013-09-16 10:21:17','2013-09-16 10:21:17'),(204,'2mwwxyqhs6mg5co9vvat321','59:75:74:e2:ef:f6-67:12:72:26:94:0f-ca:9f:ae:53:94:7e',209,111,193,11,NULL,NULL,'2010-06-03','2013-09-16',NULL,NULL,'161.00',0,0,1,0,1,1,NULL,NULL,NULL,NULL,NULL,'--- !ruby/hash:ActiveSupport::HashWithIndifferentAccess\nanschaffungskategorie: AV-Technik\nreference: invoice\numzug: zgeln\nankunftszustand: intakt\n','2013-09-16 10:21:17','2013-09-16 10:21:17'),(205,'5ufs1dp1yw8wwt4qqql9322','6e:ca:04:f5:2b:7f-11:23:be:2e:be:52-c1:f0:7c:7d:be:3b',210,112,194,5,NULL,NULL,'2011-05-24','2013-09-16',NULL,NULL,'78.00',0,0,1,0,1,1,NULL,NULL,NULL,NULL,NULL,'--- !ruby/hash:ActiveSupport::HashWithIndifferentAccess\nanschaffungskategorie: AV-Technik\nreference: invoice\numzug: zgeln\nankunftszustand: intakt\n','2013-09-16 10:21:17','2013-09-16 10:21:17'),(206,'2zcxz44wr6airq72s36k323','60:de:3b:d3:a4:b4-c8:67:ee:db:83:f2-51:b6:c3:f9:e4:ec',211,113,195,10,NULL,NULL,'2009-08-05','2013-09-16',NULL,NULL,'72.00',0,0,1,0,1,1,NULL,NULL,NULL,NULL,NULL,'--- !ruby/hash:ActiveSupport::HashWithIndifferentAccess\nanschaffungskategorie: AV-Technik\nreference: invoice\numzug: zgeln\nankunftszustand: intakt\n','2013-09-16 10:21:17','2013-09-16 10:21:17'),(207,'25dkaotcjsum92b51ktq324','6b:dd:a9:70:4f:51-66:ad:e5:b1:2c:e3-4a:91:c5:75:4c:ba',212,114,196,10,NULL,NULL,'2009-02-03','2013-09-16',NULL,NULL,'1305.00',0,0,1,0,1,1,NULL,NULL,NULL,NULL,NULL,'--- !ruby/hash:ActiveSupport::HashWithIndifferentAccess\nanschaffungskategorie: AV-Technik\nreference: invoice\numzug: zgeln\nankunftszustand: intakt\n','2013-09-16 10:21:17','2013-09-16 10:21:17'),(208,'lrbkz8u20or71gdsn4qz325','71:3d:02:02:29:e3-1b:85:9f:51:8f:b2-c0:30:a2:e1:d4:bd',213,115,197,3,NULL,NULL,'2008-05-23','2013-09-16',NULL,NULL,'1407.00',0,0,1,0,1,1,NULL,NULL,NULL,NULL,NULL,'--- !ruby/hash:ActiveSupport::HashWithIndifferentAccess\nanschaffungskategorie: AV-Technik\nreference: invoice\numzug: zgeln\nankunftszustand: intakt\n','2013-09-16 10:21:17','2013-09-16 10:21:17'),(209,'kae7uduz1mdryyfgi287326','ed:ad:28:7b:68:4d-ce:71:51:4a:e1:24-c5:ee:1a:f4:67:4d',214,116,198,2,NULL,NULL,'2008-06-08','2013-09-16',NULL,NULL,'404.00',0,0,1,0,1,1,NULL,NULL,NULL,NULL,NULL,'--- !ruby/hash:ActiveSupport::HashWithIndifferentAccess\nanschaffungskategorie: AV-Technik\nreference: invoice\numzug: zgeln\nankunftszustand: intakt\n','2013-09-16 10:21:17','2013-09-16 10:21:17'),(210,'sq410qordqha031rho97327','4b:7f:22:22:d3:e9-c6:94:18:ba:f7:87-6b:61:37:ec:93:e1',215,117,199,8,NULL,NULL,'2009-12-23','2013-09-16',NULL,NULL,'993.00',0,0,1,0,1,1,NULL,NULL,NULL,NULL,NULL,'--- !ruby/hash:ActiveSupport::HashWithIndifferentAccess\nanschaffungskategorie: AV-Technik\nreference: invoice\numzug: zgeln\nankunftszustand: intakt\n','2013-09-16 10:21:17','2013-09-16 10:21:17'),(211,'4ith02ep5i2af7bt248w328','fa:cb:88:15:5f:18-7d:65:cf:c4:25:7f-81:a0:3c:70:4c:93',216,118,200,3,NULL,NULL,'2010-11-27','2013-09-16',NULL,NULL,'1381.00',0,0,1,0,1,1,NULL,NULL,NULL,NULL,NULL,'--- !ruby/hash:ActiveSupport::HashWithIndifferentAccess\nanschaffungskategorie: AV-Technik\nreference: invoice\numzug: zgeln\nankunftszustand: intakt\n','2013-09-16 10:21:17','2013-09-16 10:21:17'),(212,'x9afy3hvxopxsc33z8kk329','df:09:ef:ac:8a:0a-20:51:36:91:05:94-4c:21:5b:f7:06:5a',217,119,201,1,NULL,NULL,'2008-09-06','2013-09-16',NULL,NULL,'733.00',0,0,1,0,1,1,NULL,NULL,NULL,NULL,NULL,'--- !ruby/hash:ActiveSupport::HashWithIndifferentAccess\nanschaffungskategorie: AV-Technik\nreference: invoice\numzug: zgeln\nankunftszustand: intakt\n','2013-09-16 10:21:17','2013-09-16 10:21:17'),(213,'ibk77mvkoyvmwggn6sun330','f2:e1:fc:e7:94:1e-2a:a6:68:26:f1:3a-52:f5:21:7a:c0:93',218,NULL,NULL,1,NULL,NULL,NULL,NULL,NULL,NULL,NULL,0,0,1,0,1,0,NULL,NULL,NULL,NULL,NULL,'--- !ruby/hash:ActiveSupport::HashWithIndifferentAccess\nlicense_type: single_workplace\nactivation_type: serial_number\noperating_system:\n- windows\n- linux\ninstallation:\n- citrix\n- web\nprocured_by: Baylee Kulas\nreference: invoice\nmaintenance_contract: \'false\'\n','2013-09-16 10:21:17','2013-09-16 10:21:17'),(214,'bggx0mb1k4yms29i1pq4331','97:1a:a7:29:b2:63-73:07:33:c9:f3:70-84:52:f6:ba:e7:7b',219,120,202,1,NULL,NULL,'2010-05-01','2013-09-11',NULL,NULL,'601.00',0,0,1,0,2,1,NULL,NULL,NULL,NULL,NULL,'--- !ruby/hash:ActiveSupport::HashWithIndifferentAccess\nanschaffungskategorie: AV-Technik\nreference: invoice\numzug: zgeln\nankunftszustand: intakt\n','2013-09-11 00:00:00','2013-09-11 00:00:00'),(215,'nl7f2lwgpbbfxra7rqhp332','6f:ca:52:08:4e:51-0e:03:ae:17:a1:be-15:1c:7b:eb:fd:00',219,121,203,1,NULL,NULL,'2012-02-15','2013-09-11',NULL,NULL,'260.00',0,0,1,0,2,1,NULL,NULL,NULL,NULL,NULL,'--- !ruby/hash:ActiveSupport::HashWithIndifferentAccess\nanschaffungskategorie: AV-Technik\nreference: invoice\numzug: zgeln\nankunftszustand: intakt\n','2013-09-11 00:00:00','2013-09-11 00:00:00'),(216,'ov5ohr7pxq7hci86lahl333','76:38:fb:10:78:65-d7:f0:a0:3f:26:ad-5f:d4:5f:a3:ec:24',219,122,204,1,NULL,NULL,'2010-12-14','2013-09-11',NULL,NULL,'999.00',0,0,1,0,2,1,NULL,NULL,NULL,NULL,NULL,'--- !ruby/hash:ActiveSupport::HashWithIndifferentAccess\nanschaffungskategorie: AV-Technik\nreference: invoice\numzug: zgeln\nankunftszustand: intakt\n','2013-09-11 00:00:00','2013-09-11 00:00:00'),(217,'gvhaxeeyp8kwqex635oh334','97:95:84:75:ea:47-59:1f:fa:85:55:24-85:88:78:ff:39:f2',223,123,205,1,NULL,NULL,'2010-12-14','2013-09-16','2013-09-16','At exercitationem molestiae et.','153.00',0,0,1,0,1,1,NULL,NULL,NULL,NULL,NULL,'--- !ruby/hash:ActiveSupport::HashWithIndifferentAccess\nanschaffungskategorie: AV-Technik\nreference: invoice\numzug: zgeln\nankunftszustand: intakt\n','2013-09-16 10:21:17','2013-09-16 10:21:17'),(218,'ss8uw2mp561lkf7aetdf335','80:a2:19:2f:39:4d-90:83:4f:24:14:a0-25:33:f5:82:13:01',224,124,206,2,NULL,NULL,'2008-01-31','2013-09-16',NULL,NULL,'921.00',0,0,1,0,2,1,NULL,NULL,NULL,NULL,NULL,'--- !ruby/hash:ActiveSupport::HashWithIndifferentAccess\nanschaffungskategorie: AV-Technik\nreference: invoice\numzug: zgeln\nankunftszustand: intakt\n','2013-09-16 10:21:17','2013-09-16 10:21:17'),(219,'4fplhkafq41bs4oab6e8336','dc:32:47:f5:ab:25-f7:7a:8b:2d:9d:87-f4:14:dc:df:2a:4e',225,125,207,2,NULL,NULL,'2010-09-29','2013-09-16',NULL,NULL,'983.00',0,0,1,0,12,1,NULL,NULL,NULL,NULL,NULL,'--- !ruby/hash:ActiveSupport::HashWithIndifferentAccess\nanschaffungskategorie: AV-Technik\nreference: invoice\numzug: zgeln\nankunftszustand: intakt\n','2013-09-16 10:21:17','2013-09-16 10:21:17'),(220,'swclm5apd5b82k7b840w337','3e:e5:b2:b3:81:97-5a:d5:0c:30:8b:e2-aa:6d:ce:5c:71:f1',226,126,208,12,NULL,NULL,'2010-10-14','2013-09-16',NULL,NULL,'1077.00',0,0,1,0,13,1,NULL,NULL,NULL,NULL,NULL,'--- !ruby/hash:ActiveSupport::HashWithIndifferentAccess\nanschaffungskategorie: AV-Technik\nreference: invoice\numzug: zgeln\nankunftszustand: intakt\n','2013-09-16 10:21:17','2013-09-16 10:21:17'),(221,'p5rvcaum34eie22o58ps338','1d:4f:81:f5:7d:c4-2d:99:8c:19:da:6d-b4:60:c1:5d:84:94',227,127,209,3,NULL,NULL,'2010-03-09','2013-09-16',NULL,NULL,'1105.00',0,0,1,0,1,1,NULL,NULL,NULL,NULL,NULL,'--- !ruby/hash:ActiveSupport::HashWithIndifferentAccess\nanschaffungskategorie: AV-Technik\nreference: invoice\numzug: zgeln\nankunftszustand: intakt\n','2013-09-16 10:21:17','2013-09-16 10:21:17'),(222,'mlhcyszobwntqycdk3fp339','99:51:fc:8b:a1:49-2b:64:69:12:96:f3-02:f6:df:7a:ed:5b',228,128,210,7,NULL,NULL,'2011-12-29','2013-09-16',NULL,NULL,'402.00',0,0,1,0,1,1,NULL,NULL,NULL,NULL,NULL,'--- !ruby/hash:ActiveSupport::HashWithIndifferentAccess\nanschaffungskategorie: AV-Technik\nreference: invoice\numzug: zgeln\nankunftszustand: intakt\n','2013-09-16 10:21:17','2013-09-16 10:21:17'),(223,'aeu35ijfhg747h24z6kl340','26:53:0b:80:eb:8c-91:d1:0f:71:19:74-ab:c3:34:c6:91:31',229,129,211,10,NULL,NULL,'2008-04-23','2013-09-16',NULL,NULL,'153.00',0,0,1,0,1,1,NULL,NULL,NULL,NULL,NULL,'--- !ruby/hash:ActiveSupport::HashWithIndifferentAccess\nanschaffungskategorie: AV-Technik\nreference: invoice\numzug: zgeln\nankunftszustand: intakt\n','2013-09-16 10:21:17','2013-09-16 10:21:17'),(224,'4c2zehejagg966elqv0j341','3c:4d:fb:67:80:d4-36:17:14:90:74:11-da:4c:b9:7a:1b:a2',230,130,212,3,NULL,NULL,'2012-05-28','2013-09-16',NULL,NULL,'883.00',0,0,1,0,1,1,NULL,NULL,NULL,NULL,NULL,'--- !ruby/hash:ActiveSupport::HashWithIndifferentAccess\nanschaffungskategorie: AV-Technik\nreference: invoice\numzug: zgeln\nankunftszustand: intakt\n','2013-09-16 10:21:17','2013-09-16 10:21:17'),(225,'erx86e1ge709g9w8q4u9342','ec:2e:ea:7d:93:f8-3d:ef:f5:69:28:44-75:41:21:55:c7:02',231,131,213,12,NULL,NULL,'2008-10-15','2013-09-16',NULL,NULL,'430.00',0,0,1,0,1,1,NULL,NULL,NULL,NULL,NULL,'--- !ruby/hash:ActiveSupport::HashWithIndifferentAccess\nanschaffungskategorie: AV-Technik\nreference: invoice\numzug: zgeln\nankunftszustand: intakt\n','2013-09-16 10:21:17','2013-09-16 10:21:17'),(226,'x2l6owu7miha7icpdrml343','8c:15:e7:cf:0d:b4-d2:47:8f:6d:56:0a-bc:66:49:64:7e:49',232,132,214,13,NULL,NULL,'2011-06-17','2013-09-16',NULL,NULL,'1021.00',0,0,1,0,1,1,NULL,NULL,NULL,NULL,NULL,'--- !ruby/hash:ActiveSupport::HashWithIndifferentAccess\nanschaffungskategorie: AV-Technik\nreference: invoice\numzug: zgeln\nankunftszustand: intakt\n','2013-09-16 10:21:17','2013-09-16 10:21:17'),(227,'itx2omxo31sqt55jhbv3344','b7:23:f6:6d:bd:40-27:0a:b9:48:e1:39-02:98:e0:1e:55:8e',233,133,215,13,NULL,NULL,'2008-12-03','2013-09-16',NULL,NULL,'1334.00',0,0,1,0,1,1,NULL,NULL,NULL,NULL,NULL,'--- !ruby/hash:ActiveSupport::HashWithIndifferentAccess\nanschaffungskategorie: AV-Technik\nreference: invoice\numzug: zgeln\nankunftszustand: intakt\n','2013-09-16 10:21:17','2013-09-16 10:21:17'),(228,'xw3oyeddsnsswarp3prm345','fc:51:db:b3:34:81-ca:92:98:d3:90:1d-23:38:72:5e:af:15',234,134,216,7,NULL,NULL,'2008-08-03','2013-09-16',NULL,NULL,'646.00',0,0,1,0,1,1,NULL,NULL,NULL,NULL,NULL,'--- !ruby/hash:ActiveSupport::HashWithIndifferentAccess\nanschaffungskategorie: AV-Technik\nreference: invoice\numzug: zgeln\nankunftszustand: intakt\n','2013-09-16 10:21:17','2013-09-16 10:21:17'),(229,'gluk80xllwh1m4s1l56c346','27:bc:bb:1c:ac:a6-0e:56:ba:b1:d8:f3-ea:60:0e:f2:9a:87',235,135,217,13,NULL,NULL,'2008-01-28','2013-09-16',NULL,NULL,'830.00',0,0,1,0,1,1,NULL,NULL,NULL,NULL,NULL,'--- !ruby/hash:ActiveSupport::HashWithIndifferentAccess\nanschaffungskategorie: AV-Technik\nreference: invoice\numzug: zgeln\nankunftszustand: intakt\n','2013-09-16 10:21:17','2013-09-16 10:21:17'),(230,'50h7xn9n7ps6vkfntf6f347','e9:ab:11:a5:1a:09-38:6d:52:10:cf:9d-61:42:6e:e9:e3:32',236,136,218,6,NULL,NULL,'2008-03-23','2013-09-16',NULL,NULL,'1327.00',0,0,1,0,1,1,NULL,NULL,NULL,NULL,NULL,'--- !ruby/hash:ActiveSupport::HashWithIndifferentAccess\nanschaffungskategorie: AV-Technik\nreference: invoice\numzug: zgeln\nankunftszustand: intakt\n','2013-09-16 10:21:17','2013-09-16 10:21:17'),(231,'gndns4evnbgqrry1pmc4348','d4:b6:55:da:13:1e-d1:34:f4:1a:43:c3-9e:6e:62:d1:86:54',237,137,219,8,NULL,NULL,'2010-12-07','2013-09-16',NULL,NULL,'494.00',0,0,1,0,1,1,NULL,NULL,NULL,NULL,NULL,'--- !ruby/hash:ActiveSupport::HashWithIndifferentAccess\nanschaffungskategorie: AV-Technik\nreference: invoice\numzug: zgeln\nankunftszustand: intakt\n','2013-09-16 10:21:17','2013-09-16 10:21:17'),(232,'5hgfnn0qez2xlipznt41349','c2:fb:0f:20:e8:59-74:4d:df:69:9b:54-60:81:06:04:4a:17',238,138,220,10,NULL,NULL,'2009-11-24','2013-09-11',NULL,NULL,'807.00',0,0,1,0,1,1,NULL,NULL,NULL,NULL,NULL,'--- !ruby/hash:ActiveSupport::HashWithIndifferentAccess\nanschaffungskategorie: AV-Technik\nreference: invoice\numzug: zgeln\nankunftszustand: intakt\n','2013-09-11 00:00:00','2013-09-11 00:00:00'),(233,'be4rw3iwah4yv6olbcdi350','63:d1:75:d5:9d:71-94:b5:2d:cc:55:65-49:10:2a:e5:70:09',239,139,221,11,NULL,NULL,'2009-11-10','2013-09-11',NULL,NULL,'127.00',0,0,1,0,1,1,NULL,NULL,NULL,NULL,NULL,'--- !ruby/hash:ActiveSupport::HashWithIndifferentAccess\nanschaffungskategorie: AV-Technik\nreference: invoice\numzug: zgeln\nankunftszustand: intakt\n','2013-09-11 00:00:00','2013-09-11 00:00:00'),(234,'i45wxatlb0dfi2haw3f0351','f4:2e:d7:9f:08:02-29:44:b7:ac:13:7c-e7:8d:7a:82:c3:35',240,140,222,2,NULL,NULL,'2009-09-29','2013-09-11',NULL,NULL,'420.00',0,0,1,0,1,1,NULL,NULL,NULL,NULL,NULL,'--- !ruby/hash:ActiveSupport::HashWithIndifferentAccess\nanschaffungskategorie: AV-Technik\nreference: invoice\numzug: zgeln\nankunftszustand: intakt\n','2013-09-11 00:00:00','2013-09-11 00:00:00'),(235,'qbowwd8qy24rj67p0v6r352','0a:30:4f:8a:7c:58-0f:fb:2b:11:bd:d4-ac:e8:07:52:bb:de',241,141,223,2,NULL,NULL,'2010-07-03','2013-09-11',NULL,NULL,'1146.00',0,0,1,0,1,1,NULL,NULL,NULL,NULL,NULL,'--- !ruby/hash:ActiveSupport::HashWithIndifferentAccess\nanschaffungskategorie: AV-Technik\nreference: invoice\numzug: zgeln\nankunftszustand: intakt\n','2013-09-11 00:00:00','2013-09-11 00:00:00'),(236,'chsoemc5x9154bt9fbx8353','16:18:bf:eb:8f:ee-a4:57:eb:a5:40:61-10:a0:d8:90:7f:9c',242,142,224,5,NULL,NULL,'2012-08-07','2013-09-11',NULL,NULL,'678.00',0,0,1,0,1,1,NULL,NULL,NULL,NULL,NULL,'--- !ruby/hash:ActiveSupport::HashWithIndifferentAccess\nanschaffungskategorie: AV-Technik\nreference: invoice\numzug: zgeln\nankunftszustand: intakt\n','2013-09-11 00:00:00','2013-09-11 00:00:00'),(237,'u7ozqxgcikjxcji4jdqv354','5a:f2:e7:a4:a4:34-9c:87:bc:41:22:a3-19:16:98:6a:51:14',243,143,225,8,NULL,NULL,'2012-03-04','2013-09-16',NULL,NULL,'832.00',0,0,1,0,1,1,NULL,NULL,NULL,NULL,NULL,'--- !ruby/hash:ActiveSupport::HashWithIndifferentAccess\nanschaffungskategorie: AV-Technik\nreference: invoice\numzug: zgeln\nankunftszustand: intakt\n','2013-09-16 10:21:17','2013-09-16 10:21:17'),(238,'ywnioyhl6cozksbfk0x9355','f0:16:cf:b5:76:ed-cb:0f:a7:0b:18:c8-ae:16:db:f3:48:5e',243,144,226,7,NULL,NULL,'2009-01-05','2013-09-16',NULL,NULL,'1177.00',0,0,1,0,1,1,NULL,NULL,NULL,NULL,NULL,'--- !ruby/hash:ActiveSupport::HashWithIndifferentAccess\nanschaffungskategorie: AV-Technik\nreference: invoice\numzug: zgeln\nankunftszustand: intakt\n','2013-09-16 10:21:17','2013-09-16 10:21:17'),(239,'wezl1wdwnwpuvwxak6t7356','1a:61:e3:65:fd:12-f6:a1:32:77:d6:97-14:ef:57:28:3d:c1',243,145,227,10,NULL,NULL,'2008-12-02','2013-09-16',NULL,NULL,'597.00',0,0,1,0,1,1,NULL,NULL,NULL,NULL,NULL,'--- !ruby/hash:ActiveSupport::HashWithIndifferentAccess\nanschaffungskategorie: AV-Technik\nreference: invoice\numzug: zgeln\nankunftszustand: intakt\n','2013-09-16 10:21:17','2013-09-16 10:21:17'),(240,'6375esw3gwbb79p0557j357','e2:00:a9:93:0d:e3-de:4c:53:e3:2c:3b-20:d3:bb:40:c0:ad',247,146,228,10,NULL,NULL,'2011-12-20','2013-09-16',NULL,NULL,'1371.00',0,0,1,0,1,1,NULL,NULL,NULL,NULL,NULL,'--- !ruby/hash:ActiveSupport::HashWithIndifferentAccess\nanschaffungskategorie: AV-Technik\nreference: invoice\numzug: zgeln\nankunftszustand: intakt\n','2013-09-16 10:21:17','2013-09-16 10:21:17'),(241,'p26getrjm1jszlspm5vn358','d5:37:0e:50:2a:ba-a0:78:cd:77:d7:8b-74:5d:c8:68:b4:bd',247,147,229,1,NULL,NULL,'2008-04-17','2013-09-16',NULL,NULL,'1373.00',0,0,1,0,1,1,NULL,NULL,NULL,NULL,NULL,'--- !ruby/hash:ActiveSupport::HashWithIndifferentAccess\nanschaffungskategorie: AV-Technik\nreference: invoice\numzug: zgeln\nankunftszustand: intakt\n','2013-09-16 10:21:17','2013-09-16 10:21:17'),(242,'bkbbk66vn12s1a8mws8s359','9f:a8:b5:17:e9:35-2b:2c:08:d0:a6:3f-d1:e0:86:42:6b:37',247,148,230,7,NULL,NULL,'2012-03-02','2013-09-16',NULL,NULL,'1103.00',0,0,1,0,1,1,NULL,NULL,NULL,NULL,NULL,'--- !ruby/hash:ActiveSupport::HashWithIndifferentAccess\nanschaffungskategorie: AV-Technik\nreference: invoice\numzug: zgeln\nankunftszustand: intakt\n','2013-09-16 10:21:17','2013-09-16 10:21:17'),(243,'dqomi32wm6tn2zkbra3f360','67:92:cf:4c:c1:3c-31:e5:b2:7f:51:c3-15:7a:f1:68:61:25',251,149,231,6,NULL,NULL,'2009-01-06','2013-09-16',NULL,NULL,'613.00',0,0,1,0,1,1,NULL,NULL,NULL,NULL,NULL,'--- !ruby/hash:ActiveSupport::HashWithIndifferentAccess\nanschaffungskategorie: AV-Technik\nreference: invoice\numzug: zgeln\nankunftszustand: intakt\n','2013-09-16 10:21:17','2013-09-16 10:21:17'),(244,'ao5svy1j1pi5k336u5ur361','f1:69:82:2b:f7:1b-14:c9:b1:dc:ba:88-c5:3d:f4:69:77:39',251,150,232,11,NULL,NULL,'2010-12-05','2013-09-16',NULL,NULL,'84.00',0,0,1,0,1,1,NULL,NULL,NULL,NULL,NULL,'--- !ruby/hash:ActiveSupport::HashWithIndifferentAccess\nanschaffungskategorie: AV-Technik\nreference: invoice\numzug: zgeln\nankunftszustand: intakt\n','2013-09-16 10:21:17','2013-09-16 10:21:17'),(245,'tj557ts8hrlwbt1osw15362','5d:8d:19:c7:ab:ff-ad:6a:f0:68:ba:ca-56:8a:0f:ed:2e:9a',251,151,233,12,NULL,NULL,'2010-10-06','2013-09-16',NULL,NULL,'321.00',0,0,1,0,1,1,NULL,NULL,NULL,NULL,NULL,'--- !ruby/hash:ActiveSupport::HashWithIndifferentAccess\nanschaffungskategorie: AV-Technik\nreference: invoice\numzug: zgeln\nankunftszustand: intakt\n','2013-09-16 10:21:17','2013-09-16 10:21:17'),(246,'omde0x8vugjwdu7dif5z363','39:32:e1:b2:31:1c-e8:91:dd:d0:6b:df-6e:5f:61:fe:85:48',255,152,234,7,NULL,NULL,'2011-05-07','2013-09-16',NULL,NULL,'567.00',0,0,1,0,3,1,NULL,NULL,NULL,NULL,NULL,'--- !ruby/hash:ActiveSupport::HashWithIndifferentAccess\nanschaffungskategorie: AV-Technik\nreference: invoice\numzug: zgeln\nankunftszustand: intakt\n','2013-09-16 10:21:17','2013-09-16 10:21:17'),(247,'6d787dvre5p0sa90dm4s364','50:d3:ae:8a:50:72-7e:1f:28:c4:25:2e-a9:52:66:b8:d6:b9',255,153,235,9,NULL,NULL,'2012-10-27','2013-09-16',NULL,NULL,'809.00',0,0,1,0,3,1,NULL,NULL,NULL,NULL,NULL,'--- !ruby/hash:ActiveSupport::HashWithIndifferentAccess\nanschaffungskategorie: AV-Technik\nreference: invoice\numzug: zgeln\nankunftszustand: intakt\n','2013-09-16 10:21:17','2013-09-16 10:21:17'),(248,'s1uz75syxat4r66zbp6n365','84:d0:d2:6e:11:a2-db:18:3b:15:5c:c5-b9:40:2d:13:5b:7e',255,154,236,2,NULL,NULL,'2011-10-31','2013-09-16',NULL,NULL,'692.00',0,0,1,0,3,1,NULL,NULL,NULL,NULL,NULL,'--- !ruby/hash:ActiveSupport::HashWithIndifferentAccess\nanschaffungskategorie: AV-Technik\nreference: invoice\numzug: zgeln\nankunftszustand: intakt\n','2013-09-16 10:21:17','2013-09-16 10:21:17'),(249,'x4w3tup8etfj7x6l3x0j366','c8:af:eb:a7:7c:bb-59:c6:7c:49:42:e7-78:a7:cf:43:66:97',259,155,237,5,NULL,NULL,'2008-06-18','2013-09-16',NULL,NULL,'1346.00',0,0,1,0,3,1,NULL,NULL,NULL,NULL,NULL,'--- !ruby/hash:ActiveSupport::HashWithIndifferentAccess\nanschaffungskategorie: AV-Technik\nreference: invoice\numzug: zgeln\nankunftszustand: intakt\n','2013-09-16 10:21:17','2013-09-16 10:21:17'),(250,'aqd3itv0zk5quzg95ulg367','72:f2:69:b6:bc:ed-cd:54:d4:62:e5:d3-ef:0a:8e:d6:d7:cf',259,156,238,10,NULL,NULL,'2008-01-17','2013-09-16',NULL,NULL,'1147.00',0,0,1,0,3,1,NULL,NULL,NULL,NULL,NULL,'--- !ruby/hash:ActiveSupport::HashWithIndifferentAccess\nanschaffungskategorie: AV-Technik\nreference: invoice\numzug: zgeln\nankunftszustand: intakt\n','2013-09-16 10:21:17','2013-09-16 10:21:17'),(251,'sda2uhja8ic3gm82rtrp368','d8:ac:7f:6f:70:c3-ae:60:e4:27:a5:93-bf:8c:91:e2:cb:07',259,157,239,3,NULL,NULL,'2012-06-23','2013-09-16',NULL,NULL,'1300.00',0,0,1,0,3,1,NULL,NULL,NULL,NULL,NULL,'--- !ruby/hash:ActiveSupport::HashWithIndifferentAccess\nanschaffungskategorie: AV-Technik\nreference: invoice\numzug: zgeln\nankunftszustand: intakt\n','2013-09-16 10:21:17','2013-09-16 10:21:17'),(252,'8cbe729mwfvpy0hvb84l369','88:df:95:02:49:e1-18:03:37:f2:74:bc-6e:3d:14:dd:27:a9',263,158,240,11,NULL,NULL,'2008-07-01','2013-09-16',NULL,NULL,'655.00',0,0,1,0,3,1,NULL,NULL,NULL,NULL,NULL,'--- !ruby/hash:ActiveSupport::HashWithIndifferentAccess\nanschaffungskategorie: AV-Technik\nreference: invoice\numzug: zgeln\nankunftszustand: intakt\n','2013-09-16 10:21:17','2013-09-16 10:21:17'),(253,'xfrm87h8rn4nxhv9jgvp370','e9:4b:af:92:7b:60-e0:5c:e2:71:bf:4b-7b:31:02:fd:44:16',263,159,241,4,NULL,NULL,'2010-09-23','2013-09-16',NULL,NULL,'1476.00',0,0,1,0,3,1,NULL,NULL,NULL,NULL,NULL,'--- !ruby/hash:ActiveSupport::HashWithIndifferentAccess\nanschaffungskategorie: AV-Technik\nreference: invoice\numzug: zgeln\nankunftszustand: intakt\n','2013-09-16 10:21:17','2013-09-16 10:21:17'),(254,'1dydjmkfx0i6yb8ca3y6371','79:43:82:a7:81:22-89:92:88:46:6a:08-51:45:49:2d:b7:df',263,160,242,8,NULL,NULL,'2010-07-14','2013-09-16',NULL,NULL,'1126.00',0,0,1,0,3,1,NULL,NULL,NULL,NULL,NULL,'--- !ruby/hash:ActiveSupport::HashWithIndifferentAccess\nanschaffungskategorie: AV-Technik\nreference: invoice\numzug: zgeln\nankunftszustand: intakt\n','2013-09-16 10:21:17','2013-09-16 10:21:17'),(255,'mzl8am6fcvvv9suwlc9r372','24:1f:6b:c3:e5:90-90:24:ad:ea:37:74-45:b4:b7:21:80:d0',267,161,243,3,NULL,NULL,'2010-08-04','2013-09-16',NULL,NULL,'430.00',0,0,1,0,1,1,NULL,NULL,NULL,NULL,NULL,'--- !ruby/hash:ActiveSupport::HashWithIndifferentAccess\nanschaffungskategorie: AV-Technik\nreference: invoice\numzug: zgeln\nankunftszustand: intakt\n','2013-09-16 10:21:17','2013-09-16 10:21:17'),(256,'w3ng93y8nlskd8qpx2kg373','37:f0:8c:e3:6d:d1-de:cb:f9:7b:b7:bf-e4:68:91:1a:f6:cc',267,162,244,11,NULL,NULL,'2008-07-08','2013-09-16',NULL,NULL,'986.00',0,0,1,0,1,1,NULL,NULL,NULL,NULL,NULL,'--- !ruby/hash:ActiveSupport::HashWithIndifferentAccess\nanschaffungskategorie: AV-Technik\nreference: invoice\numzug: zgeln\nankunftszustand: intakt\n','2013-09-16 10:21:17','2013-09-16 10:21:17'),(257,'uywewylz1z52y8g19lqe374','ae:f7:35:5b:73:af-ac:70:27:46:2b:a8-e9:0f:dc:c5:bd:59',267,163,245,8,NULL,NULL,'2010-08-17','2013-09-16',NULL,NULL,'942.00',0,0,1,0,1,1,NULL,NULL,NULL,NULL,NULL,'--- !ruby/hash:ActiveSupport::HashWithIndifferentAccess\nanschaffungskategorie: AV-Technik\nreference: invoice\numzug: zgeln\nankunftszustand: intakt\n','2013-09-16 10:21:17','2013-09-16 10:21:17'),(258,'0zdr5rbkoakfl7bat1xp375','c5:f1:f6:03:49:f1-05:37:e7:65:0c:76-a2:f2:f7:21:26:de',271,164,246,6,NULL,NULL,'2012-07-22','2013-09-16',NULL,NULL,'1248.00',0,0,1,0,1,1,NULL,NULL,NULL,NULL,NULL,'--- !ruby/hash:ActiveSupport::HashWithIndifferentAccess\nanschaffungskategorie: AV-Technik\nreference: invoice\numzug: zgeln\nankunftszustand: intakt\n','2013-09-16 10:21:17','2013-09-16 10:21:17'),(259,'316mfi9gaovddnmbzlne376','e4:bb:07:3d:b9:25-91:97:e4:a5:4d:fa-fa:71:2b:03:f2:78',271,165,247,9,NULL,NULL,'2012-05-11','2013-09-16',NULL,NULL,'486.00',0,0,1,0,1,1,NULL,NULL,NULL,NULL,NULL,'--- !ruby/hash:ActiveSupport::HashWithIndifferentAccess\nanschaffungskategorie: AV-Technik\nreference: invoice\numzug: zgeln\nankunftszustand: intakt\n','2013-09-16 10:21:17','2013-09-16 10:21:17'),(260,'rsyyvsqfnk8pdj6aidlm377','97:11:76:cf:b1:43-3d:89:ba:21:d7:6a-2e:2e:ee:ef:96:a1',271,166,248,8,NULL,NULL,'2011-06-25','2013-09-16',NULL,NULL,'1422.00',0,0,1,0,1,1,NULL,NULL,NULL,NULL,NULL,'--- !ruby/hash:ActiveSupport::HashWithIndifferentAccess\nanschaffungskategorie: AV-Technik\nreference: invoice\numzug: zgeln\nankunftszustand: intakt\n','2013-09-16 10:21:17','2013-09-16 10:21:17'),(261,'rwyzqz49x1p0cr6u6t24378','79:03:46:84:5c:b4-d5:c1:e0:c0:de:f9-9c:d3:5d:36:36:bf',275,167,249,8,NULL,NULL,'2009-10-21','2013-09-16',NULL,NULL,'848.00',0,0,1,0,1,1,NULL,NULL,NULL,NULL,NULL,'--- !ruby/hash:ActiveSupport::HashWithIndifferentAccess\nanschaffungskategorie: AV-Technik\nreference: invoice\numzug: zgeln\nankunftszustand: intakt\n','2013-09-16 10:21:17','2013-09-16 10:21:17'),(262,'83azkznpz7e3qwkt5r46379','99:ed:bd:d3:ec:42-b5:b6:b5:10:b0:90-f2:40:6e:4a:04:48',275,168,250,7,NULL,NULL,'2010-08-11','2013-09-16',NULL,NULL,'77.00',0,0,1,0,1,1,NULL,NULL,NULL,NULL,NULL,'--- !ruby/hash:ActiveSupport::HashWithIndifferentAccess\nanschaffungskategorie: AV-Technik\nreference: invoice\numzug: zgeln\nankunftszustand: intakt\n','2013-09-16 10:21:17','2013-09-16 10:21:17'),(263,'t7a6sonhhz9e5n4b2qzy380','2a:c6:58:cc:a7:86-fa:a8:7c:5c:3d:fe-0d:31:7d:69:bb:bb',275,169,251,9,NULL,NULL,'2010-01-02','2013-09-16',NULL,NULL,'997.00',0,0,1,0,1,1,NULL,NULL,NULL,NULL,NULL,'--- !ruby/hash:ActiveSupport::HashWithIndifferentAccess\nanschaffungskategorie: AV-Technik\nreference: invoice\numzug: zgeln\nankunftszustand: intakt\n','2013-09-16 10:21:17','2013-09-16 10:21:17'),(264,'zmlyzgspk8peo0tz1v7q381','2d:8f:63:53:aa:40-c0:8e:21:a4:24:0e-98:9a:87:52:4f:7a',279,170,252,5,NULL,NULL,'2009-04-14','2013-09-16',NULL,NULL,'1238.00',0,0,1,0,1,1,NULL,NULL,NULL,NULL,NULL,'--- !ruby/hash:ActiveSupport::HashWithIndifferentAccess\nanschaffungskategorie: AV-Technik\nreference: invoice\numzug: zgeln\nankunftszustand: intakt\n','2013-09-16 10:21:17','2013-09-16 10:21:17'),(265,'lq5hhznjgf1y9acdl852382','9f:9e:36:36:91:c9-e5:19:c1:48:be:c6-54:29:e5:4f:b3:6e',279,171,253,11,NULL,NULL,'2011-04-12','2013-09-16',NULL,NULL,'822.00',0,0,1,0,1,1,NULL,NULL,NULL,NULL,NULL,'--- !ruby/hash:ActiveSupport::HashWithIndifferentAccess\nanschaffungskategorie: AV-Technik\nreference: invoice\numzug: zgeln\nankunftszustand: intakt\n','2013-09-16 10:21:17','2013-09-16 10:21:17'),(266,'tr1f5gugmm2tjr53rma7383','67:85:33:f3:f6:bb-63:f6:f4:3a:5d:ee-58:37:31:2a:49:4c',279,172,254,1,NULL,NULL,'2012-03-27','2013-09-16',NULL,NULL,'1137.00',0,0,1,0,1,1,NULL,NULL,NULL,NULL,NULL,'--- !ruby/hash:ActiveSupport::HashWithIndifferentAccess\nanschaffungskategorie: AV-Technik\nreference: invoice\numzug: zgeln\nankunftszustand: intakt\n','2013-09-16 10:21:17','2013-09-16 10:21:17'),(267,'ttx34rcs7uvj5vkxtwsg384','f6:27:21:48:b2:fa-51:e1:13:69:97:89-63:12:f6:c9:ce:f3',283,173,255,10,NULL,NULL,'2009-03-28','2013-09-16',NULL,NULL,'1247.00',0,0,1,0,1,1,NULL,NULL,NULL,NULL,NULL,'--- !ruby/hash:ActiveSupport::HashWithIndifferentAccess\nanschaffungskategorie: AV-Technik\nreference: invoice\numzug: zgeln\nankunftszustand: intakt\n','2013-09-16 10:21:17','2013-09-16 10:21:17'),(268,'fpkokw0aqas24i3s9249385','cc:57:25:a5:75:f7-09:eb:33:c5:44:f6-47:9f:d3:c8:a8:55',283,174,256,6,NULL,NULL,'2009-11-13','2013-09-16',NULL,NULL,'1409.00',0,0,1,0,1,1,NULL,NULL,NULL,NULL,NULL,'--- !ruby/hash:ActiveSupport::HashWithIndifferentAccess\nanschaffungskategorie: AV-Technik\nreference: invoice\numzug: zgeln\nankunftszustand: intakt\n','2013-09-16 10:21:17','2013-09-16 10:21:17'),(269,'yu5t82ju7p8hiasi89fi386','53:73:a8:98:8a:d0-3e:35:37:4c:5e:fe-12:aa:70:fa:4b:b8',283,175,257,12,NULL,NULL,'2010-06-30','2013-09-16',NULL,NULL,'213.00',0,0,1,0,1,1,NULL,NULL,NULL,NULL,NULL,'--- !ruby/hash:ActiveSupport::HashWithIndifferentAccess\nanschaffungskategorie: AV-Technik\nreference: invoice\numzug: zgeln\nankunftszustand: intakt\n','2013-09-16 10:21:17','2013-09-16 10:21:17'),(270,'82dfv4j3ya8dk7psh5ph387','a1:c5:98:23:23:21-9a:98:8c:03:1c:3c-14:ba:31:7d:a6:71',287,176,258,11,NULL,NULL,'2011-04-23','2013-09-16',NULL,NULL,'1398.00',0,0,1,0,3,1,NULL,NULL,NULL,NULL,NULL,'--- !ruby/hash:ActiveSupport::HashWithIndifferentAccess\nanschaffungskategorie: AV-Technik\nreference: invoice\numzug: zgeln\nankunftszustand: intakt\n','2013-09-16 10:21:17','2013-09-16 10:21:17'),(271,'nt04o9curf5ue02z3tew388','34:46:31:7a:82:5d-46:3a:59:a0:ff:d2-ad:8c:50:a8:fa:5c',287,177,259,13,NULL,NULL,'2012-07-31','2013-09-16',NULL,NULL,'184.00',0,0,1,0,3,1,NULL,NULL,NULL,NULL,NULL,'--- !ruby/hash:ActiveSupport::HashWithIndifferentAccess\nanschaffungskategorie: AV-Technik\nreference: invoice\numzug: zgeln\nankunftszustand: intakt\n','2013-09-16 10:21:17','2013-09-16 10:21:17'),(272,'y11fgnr9lgz6sydyehaj389','37:c5:38:96:75:e9-e4:46:53:f2:39:5e-b5:cd:0a:fb:9d:26',287,178,260,2,NULL,NULL,'2009-05-10','2013-09-16',NULL,NULL,'336.00',0,0,1,0,3,1,NULL,NULL,NULL,NULL,NULL,'--- !ruby/hash:ActiveSupport::HashWithIndifferentAccess\nanschaffungskategorie: AV-Technik\nreference: invoice\numzug: zgeln\nankunftszustand: intakt\n','2013-09-16 10:21:17','2013-09-16 10:21:17'),(273,'jyoiugyvw26re3b292ci390','38:89:5e:a0:b5:f4-a7:22:af:68:52:57-17:ff:73:16:ff:9b',291,179,261,12,NULL,NULL,'2009-03-27','2013-09-16',NULL,NULL,'635.00',0,0,1,0,3,1,NULL,NULL,NULL,NULL,NULL,'--- !ruby/hash:ActiveSupport::HashWithIndifferentAccess\nanschaffungskategorie: AV-Technik\nreference: invoice\numzug: zgeln\nankunftszustand: intakt\n','2013-09-16 10:21:17','2013-09-16 10:21:17'),(274,'3fv89i9l04jc6qx3hsz7391','90:3c:5d:92:21:c0-ff:35:7c:d5:15:a0-9b:1b:42:a4:fa:31',291,180,262,7,NULL,NULL,'2008-03-08','2013-09-16',NULL,NULL,'1437.00',0,0,1,0,3,1,NULL,NULL,NULL,NULL,NULL,'--- !ruby/hash:ActiveSupport::HashWithIndifferentAccess\nanschaffungskategorie: AV-Technik\nreference: invoice\numzug: zgeln\nankunftszustand: intakt\n','2013-09-16 10:21:17','2013-09-16 10:21:17'),(275,'6y3w42praieeyg11256t392','92:09:8c:2a:9b:eb-c2:92:30:95:b8:a6-df:68:23:fb:18:5d',291,181,263,4,NULL,NULL,'2008-10-15','2013-09-16',NULL,NULL,'964.00',0,0,1,0,3,1,NULL,NULL,NULL,NULL,NULL,'--- !ruby/hash:ActiveSupport::HashWithIndifferentAccess\nanschaffungskategorie: AV-Technik\nreference: invoice\numzug: zgeln\nankunftszustand: intakt\n','2013-09-16 10:21:17','2013-09-16 10:21:17'),(276,'ncjylqqhgvjih3n32v0j393','2d:15:af:55:50:f2-61:21:0d:6c:99:6d-5b:91:90:e5:62:62',295,182,264,3,NULL,NULL,'2011-05-19','2013-09-16',NULL,NULL,'948.00',0,0,1,0,3,1,NULL,NULL,NULL,NULL,NULL,'--- !ruby/hash:ActiveSupport::HashWithIndifferentAccess\nanschaffungskategorie: AV-Technik\nreference: invoice\numzug: zgeln\nankunftszustand: intakt\n','2013-09-16 10:21:17','2013-09-16 10:21:17'),(277,'9sudmvbxslj3h5jjagby394','32:66:78:f2:6c:a2-69:cf:ba:0c:c5:46-ed:ff:2d:20:9f:3c',295,183,265,9,NULL,NULL,'2012-03-27','2013-09-16',NULL,NULL,'770.00',0,0,1,0,3,1,NULL,NULL,NULL,NULL,NULL,'--- !ruby/hash:ActiveSupport::HashWithIndifferentAccess\nanschaffungskategorie: AV-Technik\nreference: invoice\numzug: zgeln\nankunftszustand: intakt\n','2013-09-16 10:21:17','2013-09-16 10:21:17'),(278,'g2b7s4flmtuciu6wieqg395','f5:69:b7:5b:df:36-67:10:c8:88:91:bd-91:98:58:20:4d:7d',295,184,266,1,NULL,NULL,'2010-07-14','2013-09-16',NULL,NULL,'682.00',0,0,1,0,3,1,NULL,NULL,NULL,NULL,NULL,'--- !ruby/hash:ActiveSupport::HashWithIndifferentAccess\nanschaffungskategorie: AV-Technik\nreference: invoice\numzug: zgeln\nankunftszustand: intakt\n','2013-09-16 10:21:17','2013-09-16 10:21:17'),(279,'6f9mo7om757jn1ymv1mh396','bd:9d:17:78:7e:05-1c:c6:35:18:2c:e2-5a:48:51:3a:6a:2f',299,NULL,267,1,NULL,NULL,'2009-04-06','2013-09-16',NULL,NULL,'489.00',0,0,1,0,1,1,NULL,NULL,NULL,NULL,NULL,'--- !ruby/hash:ActiveSupport::HashWithIndifferentAccess\nanschaffungskategorie: AV-Technik\nreference: invoice\numzug: zgeln\nankunftszustand: intakt\n','2013-09-16 10:21:17','2013-09-16 10:21:17'),(280,'rzuvxdyp5alegwdp6ttc397','aa:06:c8:ad:9a:f1-40:e3:a5:6e:ef:54-ff:6e:13:81:ff:fc',300,185,268,1,NULL,NULL,'2008-11-03','2013-09-16',NULL,NULL,'48.00',0,0,1,0,1,1,NULL,NULL,NULL,NULL,NULL,'--- !ruby/hash:ActiveSupport::HashWithIndifferentAccess\nanschaffungskategorie: AV-Technik\nreference: invoice\numzug: zgeln\nankunftszustand: intakt\n','2013-09-16 10:21:17','2013-09-16 10:21:17'),(281,'h3cx09io1oilu9yr2xuf398','06:4e:b6:3f:04:3f-c9:b8:f1:d7:32:b9-ce:57:f5:fc:76:85',301,NULL,NULL,1,NULL,NULL,NULL,NULL,NULL,NULL,NULL,0,0,0,0,2,0,NULL,NULL,NULL,NULL,NULL,'--- !ruby/hash:ActiveSupport::HashWithIndifferentAccess\noperating_system:\n- windows\nlicense_type: site_license\ntotal_quantity: 42\nreference: invoice\nactivation_type: none\nmaintenance_contract: \'false\'\n','2013-09-16 10:21:17','2013-09-16 10:21:17'),(282,'5wd1um3z9uswieqqj1zn399','8e:28:3c:6d:1f:2b-e5:9d:79:3c:ab:3b-94:86:9a:d7:2f:05',302,186,269,5,NULL,NULL,'2012-08-17','2013-09-16',NULL,NULL,'1065.00',0,0,1,0,1,1,NULL,NULL,NULL,NULL,NULL,'--- !ruby/hash:ActiveSupport::HashWithIndifferentAccess\nanschaffungskategorie: AV-Technik\nreference: invoice\numzug: zgeln\nankunftszustand: intakt\n','2013-09-16 10:21:17','2013-09-16 10:21:17'),(283,'pc9lsdktmjmhk0mzexwr400','72:67:2e:c5:f0:c6-61:ec:24:f1:d5:2e-c0:46:7f:23:c9:e7',302,187,270,7,NULL,NULL,'2008-08-28','2013-09-16',NULL,NULL,'389.00',0,0,1,0,1,1,NULL,NULL,NULL,NULL,NULL,'--- !ruby/hash:ActiveSupport::HashWithIndifferentAccess\nanschaffungskategorie: AV-Technik\nreference: invoice\numzug: zgeln\nankunftszustand: intakt\n','2013-09-16 10:21:17','2013-09-16 10:21:17'),(284,'apdvsyoqrlz3bozh44h8401','97:b8:3a:a3:b1:43-83:e3:0a:3c:d5:f6-9a:0f:c4:ea:e7:06',302,188,271,3,NULL,NULL,'2012-05-01','2013-09-16',NULL,NULL,'814.00',0,0,1,0,1,1,NULL,NULL,NULL,NULL,NULL,'--- !ruby/hash:ActiveSupport::HashWithIndifferentAccess\nanschaffungskategorie: AV-Technik\nreference: invoice\numzug: zgeln\nankunftszustand: intakt\n','2013-09-16 10:21:17','2013-09-16 10:21:17');
/*!40000 ALTER TABLE `items` ENABLE KEYS */;
UNLOCK TABLES;

--
-- Table structure for table `languages`
--

DROP TABLE IF EXISTS `languages`;
/*!40101 SET @saved_cs_client     = @@character_set_client */;
/*!40101 SET character_set_client = utf8 */;
CREATE TABLE `languages` (
  `id` int(11) NOT NULL AUTO_INCREMENT,
  `name` varchar(255) COLLATE utf8_unicode_ci DEFAULT NULL,
  `locale_name` varchar(255) COLLATE utf8_unicode_ci DEFAULT NULL,
  `default` tinyint(1) DEFAULT NULL,
  `active` tinyint(1) DEFAULT NULL,
  PRIMARY KEY (`id`),
  UNIQUE KEY `index_languages_on_name` (`name`),
  KEY `index_languages_on_active_and_default` (`active`,`default`)
) ENGINE=InnoDB AUTO_INCREMENT=5 DEFAULT CHARSET=utf8 COLLATE=utf8_unicode_ci;
/*!40101 SET character_set_client = @saved_cs_client */;

--
-- Dumping data for table `languages`
--

LOCK TABLES `languages` WRITE;
/*!40000 ALTER TABLE `languages` DISABLE KEYS */;
INSERT INTO `languages` VALUES (1,'English','en-GB',1,1),(2,'Deutsch','de-CH',0,1),(3,'Castellano','es',0,1),(4,'Zrittsch','gsw-CH',0,1);
/*!40000 ALTER TABLE `languages` ENABLE KEYS */;
UNLOCK TABLES;

--
-- Table structure for table `locations`
--

DROP TABLE IF EXISTS `locations`;
/*!40101 SET @saved_cs_client     = @@character_set_client */;
/*!40101 SET character_set_client = utf8 */;
CREATE TABLE `locations` (
  `id` int(11) NOT NULL AUTO_INCREMENT,
  `room` varchar(255) COLLATE utf8_unicode_ci DEFAULT NULL,
  `shelf` varchar(255) COLLATE utf8_unicode_ci DEFAULT NULL,
  `building_id` int(11) DEFAULT NULL,
  PRIMARY KEY (`id`),
  KEY `index_locations_on_building_id` (`building_id`),
  CONSTRAINT `locations_building_id_fk` FOREIGN KEY (`building_id`) REFERENCES `buildings` (`id`)
) ENGINE=InnoDB AUTO_INCREMENT=189 DEFAULT CHARSET=utf8 COLLATE=utf8_unicode_ci;
/*!40101 SET character_set_client = @saved_cs_client */;

--
-- Dumping data for table `locations`
--

LOCK TABLES `locations` WRITE;
/*!40000 ALTER TABLE `locations` DISABLE KEYS */;
INSERT INTO `locations` VALUES (1,'Minusest','eaqueet',2),(2,'Quianimi','etneque',3),(3,'Odioat','debitisnumquam',4),(4,'Sedoccaecati','autet',5),(5,'Necessitatibustempora','temporibusaspernatur',6),(6,'Consequaturet','facilisamet',7),(7,'Velmagnam','voluptatesbeatae',8),(8,'Temporererum','vitaeiste',9),(9,'Fugiatdeleniti','solutaesse',10),(10,'Itaquequis','atnumquam',11),(11,'Velitillum','solutarem',12),(12,'Reiciendisearum','porroqui',13),(13,'Voluptateprovident','omnisest',14),(14,'Maximeet','eaaliquam',15),(15,'Eosdolor','abrerum',16),(16,'Autesse','delectustempora',17),(17,'Occaecatinulla','eligendideleniti',18),(18,'Quiaet','ipsamut',19),(19,'Occaecatireiciendis','atquibusdam',20),(20,'Estvoluptates','voluptatesperferendis',21),(21,'Verovoluptates','minimadolores',22),(22,'Eiusquia','magniomnis',23),(23,'Essevelit','debitisalias',24),(24,'Quiaet','voluptatemdignissimos',25),(25,'Corruptiet','delenitiaperiam',26),(26,'Natusaperiam','fugitvoluptatem',27),(27,'Placeatut','saepequae',28),(28,'Atrerum','eteveniet',29),(29,'Harumeos','sapientesed',30),(30,'Blanditiisrepudiandae','autaspernatur',31),(31,'Nesciuntsit','etcommodi',32),(32,'Quamnon','etaperiam',33),(33,'Etvoluptas','impeditreiciendis',34),(34,'Quisquamvoluptate','voluptatemet',35),(35,'Quiaillo','animiconsequatur',36),(36,'Saepelaboriosam','temporamollitia',37),(37,'Utnihil','utdistinctio',38),(38,'Dolordolorem','perspiciatisquos',39),(39,'Deseruntatque','veniamquia',40),(40,'SQ2','Desk',41),(41,'UG 13','Ausgabe',42),(42,'Etcum','rationeautem',43),(43,'Quiimpedit','iustoqui',44),(44,'Excepturiharum','quasiadipisci',45),(45,'Eiusa','voluptatibuset',46),(46,'Optiorepellat','rationeeos',47),(47,'Quiaveritatis','vitaequisquam',48),(48,'Aspernaturet','utfacilis',49),(49,'Aid','beataeeos',50),(50,'Explicaboat','liberoodit',51),(51,'Animinam','doloribuscorporis',52),(52,'Cupiditateatque','nonipsa',53),(53,'Voluptatibussed','nemovoluptatum',54),(54,'Sitnobis','suntcommodi',55),(55,'Nonaperiam','architectomagnam',56),(56,'Quidemratione','placeatenim',57),(57,'Quiiusto','etexercitationem',58),(58,'Hicmolestias','rerumvelit',59),(59,'Quiadebitis','quialibero',60),(60,'Quiquibusdam','doloresoluta',61),(61,'Consecteturnon','aliasnecessitatibus',62),(62,'Temporibuseligendi','utquas',63),(63,'Totamdistinctio','quised',64),(64,'Veniamsed','quissunt',65),(65,'Dolorespariatur','autrerum',66),(66,'Eumfuga','fugiataut',67),(67,'Sednesciunt','essearchitecto',68),(68,'Mollitialaborum','nihilomnis',69),(69,'Verofugit','nontemporibus',70),(70,'Fugiatsimilique','quiaitaque',71),(71,'Voluptatemofficia','oditquasi',72),(72,'Voluptasprovident','quisdebitis',73),(73,'Natusblanditiis','utpariatur',74),(74,'Aperiamtempore','doloremquequis',75),(75,'Porroet','iddolor',76),(76,'Eaquos','assumendarepudiandae',77),(77,'Ipsumesse','quoab',78),(78,'Facilisminima','auteveniet',79),(79,'Laboriosamqui','temporeerror',80),(80,'Abvel','voluptatemquia',81),(81,'Ipsavel','eanihil',82),(82,'Etnon','omniseum',83),(83,'Illumreprehenderit','enimquam',84),(84,'Voluptatemvoluptatem','repellendusvoluptatum',85),(85,'Fugaillum','autaspernatur',86),(86,'Nonaccusantium','praesentiumad',87),(87,'Autadipisci','suntdolor',88),(88,'Minimaqui','quiarchitecto',89),(89,'Voluptatumrepudiandae','quieos',90),(90,'Earumatque','etquas',91),(91,'Quieos','quisimilique',92),(92,'Ipsamimpedit','evenietdeserunt',93),(93,'Dictaipsa','nobisveniam',94),(94,'Illumrepellat','voluptassequi',95),(95,'Etmagni','fugamolestiae',96),(96,'Distinctionostrum','nonharum',97),(97,'Laborenon','velitest',98),(98,'Dignissimosnihil','molestiashic',99),(99,'Commodifugit','rerumasperiores',100),(100,'Aspernaturperferendis','animised',101),(101,'Nequeamet','estet',102),(102,'Recusandaefacilis','quamnihil',103),(103,'Facerequibusdam','nequevoluptate',104),(104,'Eaaperiam','animiexcepturi',105),(105,'Uteaque','voluptatesofficia',106),(106,'Doloresfacilis','cumqueveniam',107),(107,'Etvel','saepedolor',108),(108,'Modialiquam','voluptasdolores',109),(109,'Rerumalias','voluptatibusut',110),(110,'Necessitatibusaut','harumaut',111),(111,'Omnisexcepturi','exaut',112),(112,'Eosest','ipsumdebitis',113),(113,'Quibusdamdolor','consequaturtenetur',114),(114,'Eosaut','fugiteum',115),(115,'Ducimussit','etvoluptas',116),(116,'Veromaiores','nonvoluptatibus',117),(117,'Maioresomnis','quiamolestiae',118),(118,'Quibusdamsequi','quaerataliquam',119),(119,'Consequaturexplicabo','veritatislaboriosam',121),(120,'Facerenatus','quiased',122),(121,'Rerummaxime','cumet',123),(122,'Laboriosamrepellat','nequevoluptatibus',124),(123,'Rerumquae','eosdoloremque',125),(124,'Placeatoccaecati','esttempore',126),(125,'Quiadelectus','nullanemo',127),(126,'Eligendiculpa','repudiandaeet',128),(127,'Inet','saepedolores',129),(128,'Accusamusautem','animiiure',130),(129,'Etsunt','corporiset',131),(130,'Laboriosamdicta','officiisodio',132),(131,'Minusrepellendus','dolorema',133),(132,'Iustoomnis','eosaut',134),(133,'Facereinventore','nemovoluptates',135),(134,'Errornisi','harumtotam',136),(135,'Recusandaevoluptatem','eaquedeserunt',137),(136,'Adipiscirepellat','doloribusfuga',138),(137,'Eaomnis','cupiditatedeleniti',139),(138,'Suntdistinctio','sedipsam',140),(139,'Consequunturest','etest',141),(140,'Voluptatibusiste','abillum',142),(141,'Repudiandaeofficia','nobissunt',143),(142,'Magnamcupiditate','officiisquaerat',144),(143,'Exercitationemrerum','corporisrepudiandae',145),(144,'Inmollitia','remtempora',146),(145,'Laborumiure','placeatdolores',147),(146,'Blanditiisqui','distinctiosit',148),(147,'Earumrecusandae','essedoloribus',149),(148,'Abut','suntiusto',150),(149,'Nullalaudantium','omniset',151),(150,'Inciduntomnis','exercitationemvel',152),(151,'Atquemaxime','ametest',153),(152,'Voluptatemvelit','recusandaevoluptate',154),(153,'Dictaquis','exipsum',155),(154,'Suntrecusandae','utvoluptas',156),(155,'Dolorererum','officiiseius',157),(156,'Quieveniet','commodimagni',158),(157,'Itaquepossimus','quasiaut',159),(158,'Blanditiisomnis','fugafacilis',160),(159,'Sitet','nihilmollitia',161),(160,'Asint','praesentiumcorporis',162),(161,'Teneturdoloribus','voluptatemmaiores',163),(162,'Voluptateea','voluptassed',164),(163,'Delectussit','quasassumenda',165),(164,'Quisipsa','fugitreiciendis',166),(165,'Assumendaquidem','veniameveniet',167),(166,'Cumqueut','saepedolores',168),(167,'Inciduntesse','aliasipsum',169),(168,'Illovoluptates','voluptatemincidunt',170),(169,'Rerumest','utsimilique',171),(170,'Aperiamest','hicbeatae',172),(171,'Nostrumnesciunt','recusandaeinventore',173),(172,'Nostrumalias','occaecatiamet',174),(173,'Officiaomnis','placeataut',175),(174,'Quisut','quiaminus',176),(175,'Temporacommodi','sintnulla',177),(176,'Quicorporis','eosin',178),(177,'Idoptio','impeditet',179),(178,'Beataelaborum','solutasequi',180),(179,'Dignissimosodit','nihilsed',181),(180,'Sitautem','voluptasdolorem',182),(181,'Eaquequi','necessitatibusillo',183),(182,'Etvel','autadipisci',184),(183,'Officiiseveniet','autrem',185),(184,'Ullamest','utet',186),(185,'Istequi','enimtemporibus',187),(186,'Odioblanditiis','utbeatae',188),(187,'Doloresmaiores','voluptatemvoluptatem',189),(188,'Quovel','itaquea',190);
/*!40000 ALTER TABLE `locations` ENABLE KEYS */;
UNLOCK TABLES;

--
-- Table structure for table `model_group_links`
--

DROP TABLE IF EXISTS `model_group_links`;
/*!40101 SET @saved_cs_client     = @@character_set_client */;
/*!40101 SET character_set_client = utf8 */;
CREATE TABLE `model_group_links` (
  `id` int(11) NOT NULL AUTO_INCREMENT,
  `ancestor_id` int(11) DEFAULT NULL,
  `descendant_id` int(11) DEFAULT NULL,
  `direct` tinyint(1) DEFAULT NULL,
  `count` int(11) DEFAULT NULL,
  `label` varchar(255) COLLATE utf8_unicode_ci DEFAULT NULL,
  PRIMARY KEY (`id`),
  KEY `index_model_group_links_on_ancestor_id` (`ancestor_id`),
  KEY `index_model_group_links_on_direct` (`direct`),
  KEY `index_on_descendant_id_and_ancestor_id_and_direct` (`descendant_id`,`ancestor_id`,`direct`),
  CONSTRAINT `model_group_links_descendant_id_fk` FOREIGN KEY (`descendant_id`) REFERENCES `model_groups` (`id`),
  CONSTRAINT `model_group_links_ancestor_id_fk` FOREIGN KEY (`ancestor_id`) REFERENCES `model_groups` (`id`)
) ENGINE=InnoDB AUTO_INCREMENT=9 DEFAULT CHARSET=utf8 COLLATE=utf8_unicode_ci;
/*!40101 SET character_set_client = @saved_cs_client */;

--
-- Dumping data for table `model_group_links`
--

LOCK TABLES `model_group_links` WRITE;
/*!40000 ALTER TABLE `model_group_links` DISABLE KEYS */;
INSERT INTO `model_group_links` VALUES (1,2,10,1,1,NULL),(2,2,8,1,1,NULL),(3,5,10,1,1,NULL),(4,5,9,1,1,NULL),(5,1,9,1,1,NULL),(6,1,11,0,1,NULL),(7,5,11,0,1,NULL),(8,9,11,1,1,NULL);
/*!40000 ALTER TABLE `model_group_links` ENABLE KEYS */;
UNLOCK TABLES;

--
-- Table structure for table `model_groups`
--

DROP TABLE IF EXISTS `model_groups`;
/*!40101 SET @saved_cs_client     = @@character_set_client */;
/*!40101 SET character_set_client = utf8 */;
CREATE TABLE `model_groups` (
  `id` int(11) NOT NULL AUTO_INCREMENT,
  `type` varchar(255) COLLATE utf8_unicode_ci DEFAULT NULL,
  `name` varchar(255) COLLATE utf8_unicode_ci DEFAULT NULL,
  `created_at` datetime DEFAULT NULL,
  `updated_at` datetime DEFAULT NULL,
  PRIMARY KEY (`id`),
  KEY `index_model_groups_on_type` (`type`)
) ENGINE=InnoDB AUTO_INCREMENT=15 DEFAULT CHARSET=utf8 COLLATE=utf8_unicode_ci;
/*!40101 SET character_set_client = @saved_cs_client */;

--
-- Dumping data for table `model_groups`
--

LOCK TABLES `model_groups` WRITE;
/*!40000 ALTER TABLE `model_groups` DISABLE KEYS */;
INSERT INTO `model_groups` VALUES (1,'Category','Beamer','2013-09-16 10:21:17','2013-09-16 10:21:17'),(2,'Category','Kameras','2013-09-16 10:21:17','2013-09-16 10:21:17'),(3,'Category','Stative','2013-09-16 10:21:17','2013-09-16 10:21:17'),(4,'Category','Hifi-Anlagen','2013-09-16 10:21:17','2013-09-16 10:21:17'),(5,'Category','Notebooks','2013-09-16 10:21:17','2013-09-16 10:21:17'),(6,'Category','RC Helikopter','2013-09-16 10:21:17','2013-09-16 10:21:17'),(7,'Category','Computer','2013-09-16 10:21:17','2013-09-16 10:21:17'),(8,'Category','Kurzdistanz','2013-09-16 10:21:17','2013-09-16 10:21:17'),(9,'Category','Portabel','2013-09-16 10:21:17','2013-09-16 10:21:17'),(10,'Category','Standard','2013-09-16 10:21:17','2013-09-16 10:21:17'),(11,'Category','Micro','2013-09-16 10:21:17','2013-09-16 10:21:17'),(12,'Template','Kamera & Stativ','2013-09-16 10:21:17','2013-09-16 10:21:17'),(13,'Template','Beamer & Hifi','2013-09-16 10:21:17','2013-09-16 10:21:17'),(14,'Template','Unaccomplishable template','2013-09-16 10:21:17','2013-09-16 10:21:17');
/*!40000 ALTER TABLE `model_groups` ENABLE KEYS */;
UNLOCK TABLES;

--
-- Table structure for table `model_links`
--

DROP TABLE IF EXISTS `model_links`;
/*!40101 SET @saved_cs_client     = @@character_set_client */;
/*!40101 SET character_set_client = utf8 */;
CREATE TABLE `model_links` (
  `id` int(11) NOT NULL AUTO_INCREMENT,
  `model_group_id` int(11) DEFAULT NULL,
  `model_id` int(11) DEFAULT NULL,
  `quantity` int(11) DEFAULT '1',
  PRIMARY KEY (`id`),
  KEY `index_model_links_on_model_id_and_model_group_id` (`model_id`,`model_group_id`),
  KEY `index_model_links_on_model_group_id_and_model_id` (`model_group_id`,`model_id`),
  CONSTRAINT `model_links_model_id_fk` FOREIGN KEY (`model_id`) REFERENCES `models` (`id`) ON DELETE CASCADE,
  CONSTRAINT `model_links_model_group_id_fk` FOREIGN KEY (`model_group_id`) REFERENCES `model_groups` (`id`)
) ENGINE=InnoDB AUTO_INCREMENT=73 DEFAULT CHARSET=utf8 COLLATE=utf8_unicode_ci;
/*!40101 SET character_set_client = @saved_cs_client */;

--
-- Dumping data for table `model_links`
--

LOCK TABLES `model_links` WRITE;
/*!40000 ALTER TABLE `model_links` DISABLE KEYS */;
INSERT INTO `model_links` VALUES (1,1,54,1),(2,9,54,1),(3,1,55,1),(4,1,56,1),(5,1,58,1),(6,9,58,1),(7,11,59,1),(8,1,60,1),(9,1,61,1),(10,1,62,1),(11,1,63,1),(12,1,64,1),(13,1,65,1),(14,1,66,1),(15,1,67,1),(16,1,68,1),(17,1,69,1),(18,1,70,1),(19,1,71,1),(20,1,72,1),(21,1,73,1),(22,1,74,1),(23,1,75,1),(24,1,76,1),(25,1,77,1),(26,1,78,1),(27,1,79,1),(28,2,80,1),(29,2,81,1),(30,2,82,1),(31,2,83,1),(32,2,84,1),(33,2,85,1),(34,2,86,1),(35,2,87,1),(36,2,88,1),(37,2,89,1),(38,2,90,1),(39,2,91,1),(40,2,92,1),(41,2,93,1),(42,2,94,1),(43,2,95,1),(44,2,96,1),(45,2,97,1),(46,2,98,1),(47,2,99,1),(48,2,100,1),(49,2,101,1),(50,2,102,1),(51,2,103,1),(52,2,104,1),(53,2,105,1),(54,2,106,1),(55,2,107,1),(56,2,108,1),(57,2,109,1),(58,2,110,1),(59,4,111,1),(60,3,112,1),(61,12,80,1),(62,12,112,1),(63,13,54,1),(64,13,111,1),(65,14,80,999),(66,14,112,999),(67,2,145,1),(68,7,146,1),(69,5,147,1),(70,6,148,1),(71,6,149,1),(72,6,150,1);
/*!40000 ALTER TABLE `model_links` ENABLE KEYS */;
UNLOCK TABLES;

--
-- Table structure for table `models`
--

DROP TABLE IF EXISTS `models`;
/*!40101 SET @saved_cs_client     = @@character_set_client */;
/*!40101 SET character_set_client = utf8 */;
CREATE TABLE `models` (
  `id` int(11) NOT NULL AUTO_INCREMENT,
  `type` varchar(255) COLLATE utf8_unicode_ci NOT NULL DEFAULT 'Model',
  `manufacturer` varchar(255) COLLATE utf8_unicode_ci DEFAULT NULL,
  `product` varchar(255) COLLATE utf8_unicode_ci NOT NULL,
  `version` varchar(255) COLLATE utf8_unicode_ci DEFAULT NULL,
  `description` text COLLATE utf8_unicode_ci,
  `internal_description` text COLLATE utf8_unicode_ci,
  `info_url` varchar(255) COLLATE utf8_unicode_ci DEFAULT NULL,
  `rental_price` decimal(8,2) DEFAULT NULL,
  `maintenance_period` int(11) DEFAULT '0',
  `is_package` tinyint(1) DEFAULT '0',
  `technical_detail` text COLLATE utf8_unicode_ci,
  `hand_over_note` text COLLATE utf8_unicode_ci,
  `created_at` datetime DEFAULT NULL,
  `updated_at` datetime DEFAULT NULL,
  PRIMARY KEY (`id`),
  KEY `index_models_on_is_package` (`is_package`),
  KEY `index_models_on_type` (`type`)
) ENGINE=InnoDB AUTO_INCREMENT=306 DEFAULT CHARSET=utf8 COLLATE=utf8_unicode_ci;
/*!40101 SET character_set_client = @saved_cs_client */;

--
-- Dumping data for table `models`
--

LOCK TABLES `models` WRITE;
/*!40000 ALTER TABLE `models` DISABLE KEYS */;
INSERT INTO `models` VALUES (1,'Model','Wolff-Hoeger','Fantastic Cotton Table','304','Sed fugit eos pariatur.','Tempora quod tempore nulla numquam ullam.',NULL,NULL,0,0,'Mollitia sed ut ut ipsum et sint.','Soluta est vitae repellendus voluptatibus totam illum et vero.','2013-09-16 10:21:17','2013-09-16 10:21:17'),(2,'Model','Smith-Emard','Incredible Plastic Hat','305','Praesentium officiis pariatur qui.','Aut reiciendis possimus hic et et neque.',NULL,NULL,0,0,'Aut iste quas in occaecati consequatur.','Et minima et expedita voluptas eius ut earum.','2013-09-16 10:21:17','2013-09-16 10:21:17'),(3,'Model','Beier, Macejkovic and Hickle','Fantastic Rubber Shirt','306','Debitis eos iusto aut a.','Sed eos consequatur odio et sint.',NULL,NULL,1,0,'Nulla sit praesentium voluptatem.','Enim illum deserunt soluta ducimus.','2013-09-16 10:21:17','2013-09-16 10:21:17'),(4,'Model','Wunsch, Fahey and Runte','Ergonomic Concrete Chair','307','Deleniti sequi dolorem recusandae.','Aperiam ad fugit beatae dolore excepturi atque.',NULL,NULL,2,0,'Rem alias ad voluptas architecto molestiae.','Voluptatibus molestias aut autem voluptas quis id.','2013-09-16 10:21:17','2013-09-16 10:21:17'),(5,'Model','Hoppe, O\'Hara and Ebert','Small Wooden Hat','308','Voluptatum animi eum est quia sit aut.','Laboriosam ipsum repellendus animi quae ipsam in temporibus molestias.',NULL,NULL,2,0,'Sit non asperiores dolore quibusdam labore voluptates nisi qui.','Necessitatibus eum laudantium quos deleniti vitae cum.','2013-09-16 10:21:17','2013-09-16 10:21:17'),(6,'Model','Hudson, Hoeger and Murray','Intelligent Concrete Gloves','309','Omnis similique laudantium provident perferendis.','Itaque debitis explicabo est possimus similique doloribus quia sint.',NULL,NULL,1,0,'Repellat iste nobis animi iure.','Repellat ut consequatur distinctio voluptas et.','2013-09-16 10:21:17','2013-09-16 10:21:17'),(7,'Model','Lynch-Beier','Small Concrete Shirt','310','Dolore est porro et vel ad.','Nihil distinctio placeat amet minus corporis ad ducimus est.',NULL,NULL,1,0,'Iusto nisi animi rem expedita.','Quia voluptas animi voluptatibus vitae est odio tenetur.','2013-09-16 10:21:17','2013-09-16 10:21:17'),(8,'Model','Stiedemann-Dickens','Gorgeous Wooden Shoes','311','Pariatur quisquam iusto exercitationem.','Quo qui nemo repudiandae distinctio quia.',NULL,NULL,1,0,'Doloremque et hic quidem odio.','Sapiente sint dolores quo qui sunt.','2013-09-16 10:21:17','2013-09-16 10:21:17'),(9,'Model','Kirlin-Moore','Incredible Steel Pants','312','Atque quia qui animi.','Iusto at fuga velit repudiandae.',NULL,NULL,0,0,'Est impedit aut quia vel est mollitia beatae.','Corrupti incidunt in facere molestias.','2013-09-16 10:21:17','2013-09-16 10:21:17'),(10,'Model','Ondricka-O\'Connell','Practical Rubber Gloves','313','Veniam libero adipisci minima doloribus deleniti quidem ipsam.','Nesciunt dolores voluptas unde aut et est vitae.',NULL,NULL,0,0,'Voluptatem ut ut rerum corporis est voluptatem.','Error eaque dolores veniam.','2013-09-16 10:21:17','2013-09-16 10:21:17'),(11,'Model','Kutch Inc','Practical Cotton Chair','314','Voluptatem inventore quia adipisci delectus.','Adipisci necessitatibus quia sed veritatis id dolorum ratione dolores.',NULL,NULL,1,0,'Laboriosam eum ipsa pariatur est.','Repellendus explicabo ut voluptate dolor quam et numquam.','2013-09-16 10:21:17','2013-09-16 10:21:17'),(12,'Model','Corkery-Runolfsdottir','Practical Wooden Pants','315','Magnam sint adipisci aut.','Esse suscipit et nulla porro placeat quia vel.',NULL,NULL,2,0,'Doloremque ea rerum sunt.','Sit quidem possimus dicta similique magnam dolorum.','2013-09-16 10:21:17','2013-09-16 10:21:17'),(13,'Model','Hills-Collins','Awesome Concrete Car','316','Itaque dicta eligendi sed laborum pariatur.','Qui corrupti eveniet nulla quia aliquid.',NULL,NULL,0,0,'Et aut numquam sed aut sint atque soluta.','Qui recusandae et sapiente molestiae quia.','2013-09-16 10:21:17','2013-09-16 10:21:17'),(14,'Model','Berge, Zboncak and Rolfson','Incredible Steel Car','317','Occaecati et sit illum soluta veniam magnam exercitationem.','Maxime optio sint incidunt quo et at tempore architecto.',NULL,NULL,1,0,'Beatae aspernatur rerum at asperiores molestiae provident eum pariatur.','Voluptas sed rerum consequatur numquam consequatur nemo deserunt minima.','2013-09-16 10:21:17','2013-09-16 10:21:17'),(15,'Model','Gulgowski-Cole','Practical Plastic Pants','318','Pariatur quis aut ex ut totam ea eaque enim.','Ipsum autem nesciunt est praesentium voluptatem sunt facere libero.',NULL,NULL,1,0,'Explicabo suscipit numquam ab ut.','Vero et hic excepturi et sunt distinctio id ut.','2013-09-16 10:21:17','2013-09-16 10:21:17'),(16,'Model','Romaguera-Larkin','Awesome Wooden Shoes','319','Beatae minima voluptatem impedit ut eius deserunt tempore dicta.','Mollitia repudiandae deserunt veniam qui velit exercitationem magnam aliquid.',NULL,NULL,0,0,'Nobis fugiat sunt dicta aut.','Adipisci voluptas alias et dolor natus.','2013-09-16 10:21:17','2013-09-16 10:21:17'),(17,'Model','Wilkinson-Lebsack','Ergonomic Cotton Shirt','320','Quisquam earum iure natus est velit non.','Illum cum omnis voluptatem eos placeat.',NULL,NULL,0,0,'Distinctio voluptas veritatis deleniti ut vel at culpa aut.','Delectus magni voluptates optio consequatur cupiditate deserunt molestias.','2013-09-16 10:21:17','2013-09-16 10:21:17'),(18,'Model','Funk, Torphy and Keeling','Ergonomic Cotton Hat','321','Omnis quos cupiditate quas eos.','Sapiente et porro perferendis enim expedita fugiat.',NULL,NULL,3,0,'Autem porro et unde amet quia voluptatem.','Architecto quasi et qui sit fuga veniam.','2013-09-16 10:21:17','2013-09-16 10:21:17'),(19,'Model','Bode-Legros','Small Wooden Computer','322','Perspiciatis et quo libero dolor maiores.','Et possimus rem quibusdam.',NULL,NULL,1,0,'Eos omnis omnis inventore.','Facilis molestiae et quos harum vel consequatur sequi quia.','2013-09-16 10:21:17','2013-09-16 10:21:17'),(20,'Model','O\'Conner, Russel and Mann','Practical Steel Shoes','323','Non ipsa ratione quam ut enim dolores sed.','Ex consequatur non fugiat iste consectetur sunt maiores.',NULL,NULL,2,0,'Quis ea ducimus voluptas dolorem quam et voluptatem sunt.','Quia dolores nesciunt eius consectetur ipsum sint.','2013-09-16 10:21:17','2013-09-16 10:21:17'),(21,'Model','MacGyver Group','Small Cotton Shirt','324','Itaque porro in vel.','A molestiae necessitatibus iste tenetur.',NULL,NULL,2,0,'Rerum sed et a nemo est consequuntur et.','At accusantium sed sint distinctio dolorum consequuntur et.','2013-09-16 10:21:17','2013-09-16 10:21:17'),(22,'Model','Smith Group','Fantastic Granite Table','325','Quasi aut culpa fuga.','Omnis et qui ipsum qui enim.',NULL,NULL,2,0,'Eum est error quod quia illum non quam sunt.','Quas deserunt quia consectetur esse iusto quia.','2013-09-16 10:21:17','2013-09-16 10:21:17'),(23,'Model','Kilback Group','Fantastic Plastic Gloves','326','Aliquam eveniet molestiae nulla quasi iste.','Quas adipisci cupiditate sint.',NULL,NULL,0,0,'Qui inventore cupiditate minus ut repellat saepe.','Dolores vel totam quaerat quis aut dolor inventore.','2013-09-16 10:21:17','2013-09-16 10:21:17'),(24,'Model','Reichel, Jerde and Kris','Gorgeous Rubber Pants','327','Qui aut deleniti quos voluptate.','Repellat et velit sit saepe doloribus unde error inventore.',NULL,NULL,1,0,'Dolor temporibus itaque sunt officia necessitatibus similique.','Atque nihil ut et neque labore est.','2013-09-16 10:21:17','2013-09-16 10:21:17'),(25,'Model','Schuppe-Leuschke','Ergonomic Cotton Shoes','328','Repellendus aliquam in incidunt omnis.','Fugiat eos beatae explicabo facilis est et.',NULL,NULL,2,0,'Minima ut aspernatur itaque eum odio nam.','Quis illo libero omnis voluptate vitae architecto.','2013-09-16 10:21:17','2013-09-16 10:21:17'),(26,'Model','Stanton Inc','Ergonomic Granite Computer','329','Assumenda aut aut fugit.','Quibusdam commodi est nostrum ipsam et.',NULL,NULL,0,0,'Optio accusamus et libero aliquam voluptatum blanditiis cumque.','Dolores illo officia sunt dolor.','2013-09-16 10:21:17','2013-09-16 10:21:17'),(27,'Model','Ruecker-Murray','Rustic Granite Shirt','330','Laboriosam at quae et tenetur debitis.','Consectetur quo est consequatur est.',NULL,NULL,2,0,'Qui eius expedita provident.','Non officiis voluptas enim dolorem omnis iste laboriosam.','2013-09-16 10:21:17','2013-09-16 10:21:17'),(28,'Model','Weber, Bogisich and Bergstrom','Practical Concrete Shoes','331','Voluptatem veniam incidunt pariatur provident.','Ducimus ut sint qui.',NULL,NULL,1,0,'Aut soluta exercitationem modi est voluptatem.','Voluptatibus eum magni enim consequuntur eos totam.','2013-09-16 10:21:17','2013-09-16 10:21:17'),(29,'Model','Stark, Johnston and Lockman','Small Granite Table','332','Provident dicta non et vel illum aut libero minima.','Repellendus ratione incidunt sed sint autem optio consequatur.',NULL,NULL,0,0,'Sed facere totam aut architecto nihil.','Ducimus deserunt neque aut accusantium expedita suscipit quia facilis.','2013-09-16 10:21:17','2013-09-16 10:21:17'),(30,'Model','Abernathy, Hilpert and Gerhold','Sleek Cotton Hat','333','Et qui id commodi odio dicta.','Assumenda velit aut corporis dolore quis.',NULL,NULL,2,0,'Nihil sint ut quos repellendus est sint non.','Omnis quod mollitia odit.','2013-09-16 10:21:17','2013-09-16 10:21:17'),(31,'Model','Turner and Sons','Incredible Plastic Shirt','334','Quasi assumenda ullam ipsum numquam et sint ratione.','Amet quia nostrum totam odit harum maiores sit.',NULL,NULL,3,0,'Minus cupiditate ut tenetur dolore placeat nam non.','Nemo nihil voluptas expedita tempora quis.','2013-09-16 10:21:17','2013-09-16 10:21:17'),(32,'Model','Rolfson, Davis and Rippin','Incredible Cotton Shoes','335','Fuga labore quaerat aut ducimus est.','Enim et libero consequatur et.',NULL,NULL,3,0,'Eos quis consequuntur ipsam dolorem dolor reiciendis qui.','Placeat quaerat perspiciatis facere beatae ea voluptas.','2013-09-16 10:21:17','2013-09-16 10:21:17'),(33,'Model','Zieme Group','Fantastic Cotton Shoes','336','Voluptas itaque suscipit laudantium a non autem.','Sint reprehenderit velit omnis ab optio voluptatem.',NULL,NULL,1,0,'Omnis porro nostrum ea optio dolores adipisci ullam.','Vel ab dicta culpa consectetur.','2013-09-16 10:21:17','2013-09-16 10:21:17'),(34,'Model','Effertz, Goodwin and Lang','Intelligent Granite Shirt','337','Blanditiis delectus quo praesentium dolore est.','Eum officiis blanditiis minima eos qui minus ipsa inventore.',NULL,NULL,0,0,'Ut officia in voluptatem maxime quia esse.','Fugiat veritatis aut consectetur temporibus repellat est.','2013-09-16 10:21:17','2013-09-16 10:21:17'),(35,'Model','Williamson, O\'Hara and Schinner','Incredible Cotton Hat','338','Dolor tenetur distinctio velit.','Atque qui praesentium cupiditate tempora.',NULL,NULL,2,0,'Repudiandae a tempora velit praesentium ut dolores et.','Quod labore nihil repudiandae porro aperiam.','2013-09-16 10:21:17','2013-09-16 10:21:17'),(36,'Model','Hane, Johnson and Cruickshank','Awesome Granite Hat','339','Nobis et sed ipsam corporis error dignissimos vel maiores.','Assumenda in nam aut.',NULL,NULL,0,0,'Numquam consequuntur enim quisquam.','In numquam tenetur explicabo.','2013-09-16 10:21:17','2013-09-16 10:21:17'),(37,'Model','Harvey-Williamson','Gorgeous Concrete Car','340','Unde dolores sit cum dicta adipisci assumenda.','Esse ducimus quidem assumenda.',NULL,NULL,0,0,'Aut excepturi ratione adipisci asperiores quod qui aliquam.','Est et doloribus est quia pariatur perspiciatis sint.','2013-09-16 10:21:17','2013-09-16 10:21:17'),(38,'Model','Schulist, Jacobson and Murphy','Rustic Concrete Hat','341','Quibusdam adipisci quia placeat.','Iste architecto odit et quia.',NULL,NULL,1,0,'Ex sequi laudantium quos aut rerum.','Eaque repudiandae perferendis voluptatem rem amet labore.','2013-09-16 10:21:17','2013-09-16 10:21:17'),(39,'Model','Doyle and Sons','Awesome Steel Chair','342','Corporis totam sed quasi officiis eos quia est non.','Molestias voluptatum sit eius qui.',NULL,NULL,0,0,'Ut ducimus porro aspernatur impedit.','Velit ipsum dolorem vel eos exercitationem commodi quaerat.','2013-09-16 10:21:17','2013-09-16 10:21:17'),(40,'Model','Wolf, Von and Hudson','Sleek Steel Table','343','Dolores debitis totam voluptatem nam rerum fugit qui ea.','Dignissimos laboriosam inventore magnam laudantium ea.',NULL,NULL,0,0,'Doloremque dolore velit architecto maiores eveniet consequatur.','Dolorum numquam qui nesciunt.','2013-09-16 10:21:17','2013-09-16 10:21:17'),(41,'Model','Volkman LLC','Gorgeous Steel Table','344','Laboriosam voluptatum ut beatae placeat.','Nulla fuga vero pariatur exercitationem veniam.',NULL,NULL,3,0,'Et non animi ipsa possimus dicta.','Accusamus aperiam aut nobis et dolorem ea magni sed.','2013-09-16 10:21:17','2013-09-16 10:21:17'),(42,'Model','Carroll-Senger','Intelligent Rubber Shoes','345','Vero consequatur aut consectetur iure.','Dolorem voluptate quia sit excepturi possimus similique inventore repudiandae.',NULL,NULL,2,0,'Ut dolorem ut sed et ut consequuntur tenetur.','Ut voluptatum dolorem illo.','2013-09-16 10:21:17','2013-09-16 10:21:17'),(43,'Model','Shanahan-Wisoky','Gorgeous Cotton Chair','346','Ut aut et fugiat est sed molestiae quasi non.','Saepe est doloribus est id et.',NULL,NULL,0,0,'Quia totam omnis nostrum voluptas aperiam blanditiis aut.','Magnam eius illo illum nulla quia possimus rerum qui.','2013-09-16 10:21:17','2013-09-16 10:21:17'),(44,'Model','Schulist, Wiza and Reynolds','Awesome Steel Shoes','347','Iure et facilis maiores.','Molestiae laudantium voluptatem ut saepe maxime et.',NULL,NULL,0,0,'Inventore nihil ab tenetur alias aut deleniti eius optio.','Sit ut pariatur commodi autem qui praesentium enim ex.','2013-09-16 10:21:17','2013-09-16 10:21:17'),(45,'Model','Cole-McKenzie','Sleek Rubber Hat','348','Et suscipit totam sunt nemo.','Voluptas sint in delectus qui labore illum esse aut.',NULL,NULL,3,0,'Veniam quam dolor architecto adipisci nisi ipsum facilis quo.','Molestiae ut tempora neque iste minima molestias.','2013-09-16 10:21:17','2013-09-16 10:21:17'),(46,'Model','Gislason-Torphy','Incredible Plastic Chair','349','Laborum est nesciunt saepe possimus hic qui et iusto.','Dolorem natus sed repellendus quis alias eum.',NULL,NULL,2,0,'Perspiciatis ut qui aliquid laboriosam nesciunt aut ea eum.','Laborum tempore et nam nostrum.','2013-09-16 10:21:17','2013-09-16 10:21:17'),(47,'Model','Lindgren-Kub','Incredible Wooden Pants','350','Est maiores impedit quas quos eligendi rem.','Quidem neque ad mollitia.',NULL,NULL,3,0,'Quis voluptate ut quod et aut quia.','Quisquam eum qui quia iste.','2013-09-16 10:21:17','2013-09-16 10:21:17'),(48,'Model','Schimmel Group','Ergonomic Granite Car','351','Sapiente et ex aliquid quo.','Dolorem molestias ut ut qui alias distinctio rerum cum.',NULL,NULL,1,0,'Omnis hic tempore officia aliquam sed velit nulla necessitatibus.','Qui fugiat totam quasi earum.','2013-09-16 10:21:17','2013-09-16 10:21:17'),(49,'Model','Simonis, Dietrich and Morissette','Fantastic Plastic Car','352','Impedit aut est sint et repudiandae quia.','Dolores cupiditate veritatis dicta ut eveniet aut.',NULL,NULL,1,0,'Consequatur reiciendis sit commodi.','Minima exercitationem consectetur voluptates iusto quibusdam doloremque architecto.','2013-09-16 10:21:17','2013-09-16 10:21:17'),(50,'Model','Medhurst, Bauch and Marvin','Small Rubber Shirt','353','Ad sunt velit voluptatem.','Saepe architecto nemo odio laborum dolor a quia voluptatum.',NULL,NULL,2,0,'Ut fugiat quas deleniti quia et rerum laborum.','Voluptas et dolor voluptate aut.','2013-09-16 10:21:17','2013-09-16 10:21:17'),(51,'Model','Hauck, Herzog and Kovacek','Ergonomic Steel Hat','354','Ducimus reprehenderit non aut voluptate occaecati iure.','Praesentium et aut mollitia voluptas sunt ut sint nihil.',NULL,NULL,1,0,'Qui eos sit nobis officia fugit ut.','Non placeat dolore et fugiat eum consequatur ullam.','2013-09-16 10:21:17','2013-09-16 10:21:17'),(52,'Model','Rutherford Group','Intelligent Granite Chair','355','Natus voluptatibus quibusdam et rerum similique modi ut.','Repellendus corrupti voluptas eius asperiores sit sunt dolores.',NULL,NULL,1,0,'Ea aliquid est sunt inventore quas maiores facilis.','Aperiam aut explicabo libero ullam.','2013-09-16 10:21:17','2013-09-16 10:21:17'),(53,'Model','Apple','MacBookPro','356','Laptop fr Studis und Angestellte.','Quidem dolores delectus expedita magnam mollitia.',NULL,NULL,0,0,'Esse eos laborum eligendi saepe.','Mit Verpackung aushndigen.','2013-09-16 10:21:17','2013-09-16 10:21:17'),(54,'Model','Sharp','Sharp Beamer','123','Beamer, geeignet fr alle Verwendungszwecke.','Dolor dicta excepturi quia.',NULL,NULL,0,0,'Perferendis animi iure ut eos vel facere.','Beamer brauch ein VGA Kabel!','2013-09-16 10:21:17','2013-09-16 10:21:17'),(55,'Model','Sharp','Sharp Beamer 2D','357','Beamer, geeignet fr alle Verwendungszwecke.','Corporis consectetur architecto quaerat aperiam id.',NULL,NULL,0,0,'Blanditiis et repellat ut deleniti voluptatem aliquid nostrum.','Voluptatem ut quam sint.','2013-09-16 10:21:17','2013-09-16 10:21:17'),(56,'Model','Panasonic','Mini Beamer','358','Beamer, geeignet fr alle Verwendungszwecke.','Natus sed rem laudantium facere tempora et.',NULL,NULL,0,0,'Provident veritatis rerum adipisci voluptatibus.','Rerum sequi asperiores quis error non.','2013-09-16 10:21:17','2013-09-16 10:21:17'),(57,'Model','Sharp','Sharp Beamer','456','Beamer, geeignet fr alle Verwendungszwecke.','Iste incidunt reiciendis consequatur facilis.',NULL,NULL,0,0,'Qui praesentium eligendi labore dolore eum amet.','Beamer brauch ein VGA Kabel!','2013-09-16 10:21:17','2013-09-16 10:21:17'),(58,'Model','Sony','Ultra Compact Beamer','359','Besonders kleiner Beamer.','Magnam dolores quasi similique mollitia ab et eum.',NULL,NULL,0,0,'Vero quo reiciendis nihil repellendus cupiditate sit.','Beamer brauch ein VGA Kabel!','2013-09-16 10:21:17','2013-09-16 10:21:17'),(59,'Model','Micro','Micro Beamer','360','Besonders mikro kleiner Beamer.','Eveniet sed expedita recusandae in possimus quia.',NULL,NULL,0,0,'Nam repellendus rem rerum aut vel.','Beamer brauch ein VGA Kabel!','2013-09-16 10:21:17','2013-09-16 10:21:17'),(60,'Model','Sony','Beamer 1 debitis','361','Aperiam dolorem magni sint et ea.','Debitis voluptas libero rem.',NULL,NULL,0,0,'Maxime quae illum cumque voluptatem est.','Beamer brauch ein VGA Kabel!','2013-09-16 10:21:17','2013-09-16 10:21:17'),(61,'Model','Sony','Beamer 2 laudantium','362','Tenetur sit minima facilis harum aperiam voluptate reiciendis sunt.','Illo sed cumque enim tenetur itaque voluptas.',NULL,NULL,0,0,'Aut rem sint voluptas hic aut assumenda.','Beamer brauch ein VGA Kabel!','2013-09-16 10:21:17','2013-09-16 10:21:17'),(62,'Model','Sony','Beamer 3 velit','363','Perferendis soluta deleniti consequatur in repellat fuga vel voluptatibus.','Quia corporis at molestiae.',NULL,NULL,0,0,'Ullam ea voluptatum a ipsam ipsum consectetur.','Beamer brauch ein VGA Kabel!','2013-09-16 10:21:17','2013-09-16 10:21:17'),(63,'Model','Sony','Beamer 4 animi','364','Adipisci aut cumque facilis quae labore rerum.','Nobis rerum voluptate quia.',NULL,NULL,0,0,'Molestias et occaecati nam cupiditate consequuntur voluptates.','Beamer brauch ein VGA Kabel!','2013-09-16 10:21:17','2013-09-16 10:21:17'),(64,'Model','Sony','Beamer 5 earum','365','Sit magnam sequi eius ea molestiae ad voluptas delectus.','Voluptatem voluptates laudantium qui quia veritatis quibusdam et vel.',NULL,NULL,0,0,'Numquam beatae possimus dolorem molestiae et consequatur repellendus.','Beamer brauch ein VGA Kabel!','2013-09-16 10:21:17','2013-09-16 10:21:17'),(65,'Model','Sony','Beamer 6 voluptas','366','Eum repellendus et velit vero enim fuga.','Ut qui sed in hic ut ut et.',NULL,NULL,0,0,'Quidem a aperiam sit similique.','Beamer brauch ein VGA Kabel!','2013-09-16 10:21:17','2013-09-16 10:21:17'),(66,'Model','Sony','Beamer 7 autem','367','Aut quisquam omnis voluptatem magni cum maxime optio.','Aut ad eaque in rerum molestiae.',NULL,NULL,0,0,'Accusantium tenetur blanditiis consectetur aliquam ex.','Beamer brauch ein VGA Kabel!','2013-09-16 10:21:17','2013-09-16 10:21:17'),(67,'Model','Sony','Beamer 8 eaque','368','Autem ut sed iusto repudiandae id nam iste.','Sint earum delectus laboriosam et ipsum.',NULL,NULL,0,0,'In perspiciatis quaerat dolorem laudantium voluptatem aspernatur et et.','Beamer brauch ein VGA Kabel!','2013-09-16 10:21:17','2013-09-16 10:21:17'),(68,'Model','Sony','Beamer 9 ut','369','Sunt est dolorum dolores et alias inventore.','Qui dolore dolorum itaque excepturi optio eligendi in quia.',NULL,NULL,0,0,'Dolor aliquid similique natus corrupti quod perspiciatis.','Beamer brauch ein VGA Kabel!','2013-09-16 10:21:17','2013-09-16 10:21:17'),(69,'Model','Sony','Beamer 10 hic','370','Sed rem ut minus.','Doloribus nam nisi inventore totam recusandae ut.',NULL,NULL,0,0,'Quidem enim tempore non perferendis maiores minus consequatur unde.','Beamer brauch ein VGA Kabel!','2013-09-16 10:21:17','2013-09-16 10:21:17'),(70,'Model','Sony','Beamer 11 laborum','371','Rerum placeat minima quia repellendus et molestiae quaerat.','Molestias dolorem tempora possimus est et temporibus.',NULL,NULL,0,0,'Possimus optio eos ipsam.','Beamer brauch ein VGA Kabel!','2013-09-16 10:21:17','2013-09-16 10:21:17'),(71,'Model','Sony','Beamer 12 id','372','Esse incidunt ducimus animi minima tempore.','Ut velit error sed vel aut et sit et.',NULL,NULL,0,0,'Quae quia qui dolorum provident quis dolore.','Beamer brauch ein VGA Kabel!','2013-09-16 10:21:17','2013-09-16 10:21:17'),(72,'Model','Sony','Beamer 13 ipsum','373','Tenetur minus est repellat est.','Ab culpa odit quis consequatur minima molestiae tempora.',NULL,NULL,0,0,'Voluptatem accusantium optio eum voluptas corrupti placeat saepe aliquam.','Beamer brauch ein VGA Kabel!','2013-09-16 10:21:17','2013-09-16 10:21:17'),(73,'Model','Sony','Beamer 14 consequatur','374','Quo aut ipsum voluptas sit.','Aut est maxime recusandae consequatur voluptas vel expedita distinctio.',NULL,NULL,0,0,'Est natus et nisi.','Beamer brauch ein VGA Kabel!','2013-09-16 10:21:17','2013-09-16 10:21:17'),(74,'Model','Sony','Beamer 15 modi','375','Dolor illo qui nihil.','Sint porro dignissimos amet molestiae commodi.',NULL,NULL,0,0,'Et et consequatur omnis magnam aliquid quia sed ea.','Beamer brauch ein VGA Kabel!','2013-09-16 10:21:17','2013-09-16 10:21:17'),(75,'Model','Sony','Beamer 16 sit','376','Voluptates qui impedit non tempore culpa.','Eius ut rerum sed et neque voluptatem est possimus.',NULL,NULL,0,0,'Eum occaecati fugit et qui saepe ipsum at voluptas.','Beamer brauch ein VGA Kabel!','2013-09-16 10:21:17','2013-09-16 10:21:17'),(76,'Model','Sony','Beamer 17 vel','377','Tempore eveniet consequatur vero.','Est vel voluptatem maxime ex.',NULL,NULL,0,0,'Qui excepturi eaque id quisquam esse minus repellat.','Beamer brauch ein VGA Kabel!','2013-09-16 10:21:17','2013-09-16 10:21:17'),(77,'Model','Sony','Beamer 18 qui','378','Quia dolorem vero et.','Molestiae similique quisquam doloremque quia.',NULL,NULL,0,0,'Et accusamus repellat qui.','Beamer brauch ein VGA Kabel!','2013-09-16 10:21:17','2013-09-16 10:21:17'),(78,'Model','Sony','Beamer 19 suscipit','379','Aut aspernatur esse consectetur.','Et iusto quia perspiciatis.',NULL,NULL,0,0,'Dolores consequatur rerum quia.','Beamer brauch ein VGA Kabel!','2013-09-16 10:21:17','2013-09-16 10:21:17'),(79,'Model','Sony','Beamer 20 harum','380','Necessitatibus excepturi enim voluptas error itaque fugiat.','Quos rerum maxime dolore minus officia voluptate.',NULL,NULL,0,0,'Et fugiat possimus accusantium.','Beamer brauch ein VGA Kabel!','2013-09-16 10:21:17','2013-09-16 10:21:17'),(80,'Model','Nikon','Kamera Nikon','X12','Super Kamera.','Et enim omnis quas aliquid facere.',NULL,NULL,0,0,'Enim itaque odio nihil veniam.','Kamera brauch Akkus!','2013-09-16 10:21:17','2013-09-16 10:21:17'),(81,'Model','Nikon','Camera 1 nemo','381','Dolorem nesciunt deleniti delectus odit expedita amet.','Ex occaecati neque magni.',NULL,NULL,0,0,'Omnis et occaecati aliquid perspiciatis perferendis.','Ut et veritatis beatae.','2013-09-16 10:21:17','2013-09-16 10:21:17'),(82,'Model','Nikon','Camera 2 velit','382','Aspernatur nisi et itaque dolorem.','Culpa minima qui consectetur quo nihil.',NULL,NULL,0,0,'Et ipsam quae eius et omnis a amet aliquam.','Aperiam praesentium id corporis deserunt.','2013-09-16 10:21:17','2013-09-16 10:21:17'),(83,'Model','Nikon','Camera 3 aut','383','Dolores natus consequuntur porro iure consequatur quae illo.','Ut autem enim eveniet velit eum sit.',NULL,NULL,0,0,'Eligendi dolorum ipsa quibusdam ut quidem.','Porro ab vero sed a autem necessitatibus corporis.','2013-09-16 10:21:17','2013-09-16 10:21:17'),(84,'Model','Nikon','Camera 4 unde','384','Unde officia assumenda voluptatem maiores.','Et numquam iusto voluptatem id.',NULL,NULL,0,0,'Voluptatem tenetur et modi voluptatem veritatis hic molestiae.','Ratione temporibus dolore delectus molestiae quis ab.','2013-09-16 10:21:17','2013-09-16 10:21:17'),(85,'Model','Nikon','Camera 5 eos','385','Earum animi ut consequatur ut ab accusamus sit.','Qui in ex non libero dolores.',NULL,NULL,0,0,'In consequatur inventore nulla expedita aut culpa.','Quibusdam iste veniam consequatur libero assumenda neque autem expedita.','2013-09-16 10:21:17','2013-09-16 10:21:17'),(86,'Model','Nikon','Camera 6 beatae','386','Velit dignissimos molestiae molestiae libero quasi ullam fugiat nam.','Et quia culpa sit vero est inventore accusamus explicabo.',NULL,NULL,0,0,'Reprehenderit sapiente dignissimos occaecati voluptatum in quia.','Ullam sit repellendus commodi fugiat occaecati nihil architecto.','2013-09-16 10:21:17','2013-09-16 10:21:17'),(87,'Model','Nikon','Camera 7 amet','387','Labore explicabo amet praesentium inventore temporibus odit rerum voluptate.','Rerum iure eligendi nisi suscipit.',NULL,NULL,0,0,'Aut ipsam qui suscipit voluptatem laboriosam.','Deleniti quia laborum et non voluptas et repellat.','2013-09-16 10:21:17','2013-09-16 10:21:17'),(88,'Model','Nikon','Camera 8 quis','388','Tenetur molestias dolores et voluptates quasi.','Itaque tempora unde incidunt iure expedita.',NULL,NULL,0,0,'Ut consequuntur rerum alias cupiditate mollitia fugiat hic.','Aperiam cupiditate accusamus velit.','2013-09-16 10:21:17','2013-09-16 10:21:17'),(89,'Model','Nikon','Camera 9 magnam','389','Praesentium et nihil dignissimos asperiores hic sunt est ex.','Eius ullam officiis sint rerum quo ut possimus maxime.',NULL,NULL,0,0,'Iste quam quas dignissimos velit necessitatibus temporibus.','Dolorum a earum fuga adipisci.','2013-09-16 10:21:17','2013-09-16 10:21:17'),(90,'Model','Nikon','Camera 10 ut','390','Cumque quo est dicta eum non eligendi quisquam itaque.','Quia consectetur possimus aut.',NULL,NULL,0,0,'Rerum rerum voluptates fuga qui dolor minus.','Cupiditate qui iure sapiente est minus sequi.','2013-09-16 10:21:17','2013-09-16 10:21:17'),(91,'Model','Nikon','Camera 11 accusantium','391','Perspiciatis sint et minus.','Amet et eos repellat.',NULL,NULL,0,0,'Rerum qui explicabo commodi dolor in illum aut aliquam.','Aut similique magnam eaque vitae in.','2013-09-16 10:21:17','2013-09-16 10:21:17'),(92,'Model','Nikon','Camera 12 et','392','Possimus fugiat eveniet cumque.','Ipsam est esse distinctio et facere neque sed.',NULL,NULL,0,0,'Quia harum quo quod animi facilis.','Vero vitae in numquam.','2013-09-16 10:21:17','2013-09-16 10:21:17'),(93,'Model','Nikon','Camera 13 consequatur','393','Soluta neque ea at ipsam blanditiis enim ut unde.','Qui et nostrum deleniti voluptatem quam magnam vitae.',NULL,NULL,0,0,'Laboriosam ullam nulla accusamus aperiam eius nihil.','Praesentium nam nostrum qui.','2013-09-16 10:21:17','2013-09-16 10:21:17'),(94,'Model','Nikon','Camera 14 in','394','Rerum ratione quam delectus ipsa non.','Exercitationem et quia aut nobis est voluptate et eos.',NULL,NULL,0,0,'Praesentium aut quo unde quia aliquam.','Excepturi ipsa nemo ut et.','2013-09-16 10:21:17','2013-09-16 10:21:17'),(95,'Model','Nikon','Camera 15 qui','395','Voluptatem eius consequatur non voluptates dignissimos.','Maiores labore ipsum cum omnis corrupti consequuntur qui.',NULL,NULL,0,0,'Doloremque doloribus fuga dolores numquam explicabo natus et quibusdam.','At quasi autem quod ut.','2013-09-16 10:21:17','2013-09-16 10:21:17'),(96,'Model','Nikon','Camera 16 tempore','396','Est quisquam voluptate accusamus magnam omnis.','Ea iste exercitationem odio ea provident quam.',NULL,NULL,0,0,'Tempora veritatis aliquid qui corporis et.','Aut cum expedita quod ducimus molestiae mollitia.','2013-09-16 10:21:17','2013-09-16 10:21:17'),(97,'Model','Nikon','Camera 17 excepturi','397','Velit unde dolores excepturi dicta sunt.','Odit voluptatibus dolorem et dolore voluptatem nisi dolorem occaecati.',NULL,NULL,0,0,'Nobis sint esse voluptatem mollitia quaerat officia.','Quis aut reiciendis tenetur iusto provident.','2013-09-16 10:21:17','2013-09-16 10:21:17'),(98,'Model','Nikon','Camera 18 eaque','398','Rerum corporis et sunt velit quod natus.','Repellendus quia quis et.',NULL,NULL,0,0,'Nam illum deserunt animi adipisci.','Qui asperiores voluptas ratione accusantium enim at odio aut.','2013-09-16 10:21:17','2013-09-16 10:21:17'),(99,'Model','Nikon','Camera 19 et','399','Est vitae non necessitatibus magni facilis enim nulla.','Quis sit qui fugit ut est.',NULL,NULL,0,0,'Commodi quia minima sunt aperiam.','Veritatis earum quo ipsam molestias.','2013-09-16 10:21:17','2013-09-16 10:21:17'),(100,'Model','Nikon','Camera 20 quas','400','Amet libero blanditiis quo adipisci.','Accusantium debitis autem qui quo.',NULL,NULL,0,0,'Non labore tempore sint.','Soluta tempora et est.','2013-09-16 10:21:17','2013-09-16 10:21:17'),(101,'Model','Nikon','Camera 21 corporis','401','Tempora sunt voluptates est qui sint dignissimos.','Porro saepe rerum eaque.',NULL,NULL,0,0,'A et voluptatem vero et non facilis.','Dolores amet sint in pariatur numquam perferendis eum quam.','2013-09-16 10:21:17','2013-09-16 10:21:17'),(102,'Model','Nikon','Camera 22 reprehenderit','402','Sapiente et aspernatur aut voluptatem.','Incidunt sit non ut neque cum eius.',NULL,NULL,0,0,'Tempore consectetur dolore hic.','Eos molestiae sit culpa deserunt quo.','2013-09-16 10:21:17','2013-09-16 10:21:17'),(103,'Model','Nikon','Camera 23 sed','403','Qui temporibus rerum nulla.','Veritatis enim aliquam magni aut.',NULL,NULL,0,0,'Sed enim assumenda numquam occaecati vero.','Et ducimus dignissimos labore.','2013-09-16 10:21:17','2013-09-16 10:21:17'),(104,'Model','Nikon','Camera 24 rerum','404','Et architecto sit exercitationem quod est neque ut soluta.','Sint a eos velit est quibusdam.',NULL,NULL,0,0,'Ratione ipsa voluptatum expedita et vel.','Culpa praesentium ea nostrum sed.','2013-09-16 10:21:17','2013-09-16 10:21:17'),(105,'Model','Nikon','Camera 25 reiciendis','405','Id debitis et laboriosam qui tenetur.','Laudantium quis pariatur eius alias dicta.',NULL,NULL,0,0,'Ipsum et nobis exercitationem ut facere optio illum sed.','Quo non rerum qui maiores eos ad rerum repudiandae.','2013-09-16 10:21:17','2013-09-16 10:21:17'),(106,'Model','Nikon','Camera 26 consequatur','406','Optio voluptas blanditiis aspernatur esse nobis aut non voluptatem.','Eius et voluptatem commodi error non sit.',NULL,NULL,0,0,'Commodi beatae mollitia quia quam sint sed cupiditate hic.','Quia quia quasi autem consectetur.','2013-09-16 10:21:17','2013-09-16 10:21:17'),(107,'Model','Nikon','Camera 27 expedita','407','Et veniam vitae quia ut quis.','Omnis et hic dolores.',NULL,NULL,0,0,'Sunt tempore officia temporibus.','Repellat odio et qui cumque placeat est.','2013-09-16 10:21:17','2013-09-16 10:21:17'),(108,'Model','Nikon','Camera 28 in','408','Nemo voluptatum odio in.','Nulla ut repellat aperiam velit sed pariatur placeat voluptates.',NULL,NULL,0,0,'Incidunt sunt distinctio neque deserunt eius ducimus.','Illum ut omnis corrupti.','2013-09-16 10:21:17','2013-09-16 10:21:17'),(109,'Model','Nikon','Camera 29 aperiam','409','A in debitis esse provident.','Aut necessitatibus temporibus eius.',NULL,NULL,0,0,'Officiis rem illo iste ratione.','Et veritatis repellendus ut dolorem.','2013-09-16 10:21:17','2013-09-16 10:21:17'),(110,'Model','Nikon','Camera 30 expedita','410','Facilis labore sed placeat dolorem et natus.','Voluptatem quo ullam ipsam odit voluptates consequatur et.',NULL,NULL,0,0,'Temporibus totam similique laboriosam voluptatem autem incidunt dolor.','Eum placeat quia quod voluptatibus iste molestias.','2013-09-16 10:21:17','2013-09-16 10:21:17'),(111,'Model','Sony','Hifi Standard','411','Possimus consequatur aut delectus molestiae rem aliquam.','Natus ullam eum laudantium velit autem.',NULL,NULL,3,0,'Dicta et necessitatibus dignissimos voluptatem nulla reiciendis enim.','Velit architecto dignissimos sunt vitae qui expedita numquam delectus.','2013-09-16 10:21:17','2013-09-16 10:21:17'),(112,'Model','Feli','Kamera Stativ','123','Stabiles Kamera Stativ','Et suscipit corrupti cupiditate repellendus quis dolorem.',NULL,NULL,0,0,'Recusandae iusto nihil cupiditate quia dolorum sit quia.','Stativ muss mit Stativtasche ausgehndigt werden.','2013-09-16 10:21:17','2013-09-16 10:21:17'),(113,'Model','Bose','BoseErgonomic Rubber Hat','412','Minus neque itaque nisi et inventore. Aut delectus sapiente tenetur facilis est voluptas iusto. Autem quis harum voluptatum vitae. Optio voluptatibus saepe ex. Eum voluptatem vitae repellat.','Enim distinctio omnis explicabo magnam.',NULL,NULL,0,0,'Possimus tempora et qui.','Molestiae velit magni aut non laboriosam.','2013-09-16 10:21:17','2013-09-16 10:21:17'),(114,'Model','Bose','BoseIntelligent Concrete Hat','413','Maiores ipsam itaque dolore aliquam earum. Et aliquid ab eos quia iure. Debitis doloribus qui. Dolorem enim minima ab ut voluptates accusamus.','Laborum soluta facere nam sit neque.',NULL,NULL,0,0,'Nisi atque est nostrum.','Voluptate dolor saepe odio at deleniti nesciunt.','2013-09-16 10:21:17','2013-09-16 10:21:17'),(115,'Model','Schaden-Buckridge','Kamera Set','417','Qui aut et veritatis.','Rerum alias veniam ab.',NULL,NULL,2,1,'Totam provident qui voluptas ex impedit recusandae.','Qui tempora asperiores autem nihil cum animi inventore quisquam.','2013-09-16 10:21:17','2013-09-16 10:21:17'),(116,'Model','Kemmer Group','Gorgeous Concrete Pants','418','Alias officia sunt ut rerum quasi.','Eveniet ratione odit rerum maxime.',NULL,NULL,0,0,'Harum exercitationem nihil ut occaecati possimus unde est cum.','Voluptatem vitae sed et et ex.','2013-09-16 10:21:17','2013-09-16 10:21:17'),(117,'Model','Schuster, Dach and Paucek','Rustic Cotton Chair','419','Voluptas dolore ad ullam.','Minus dolores atque eos esse iure autem.',NULL,NULL,0,0,'Et asperiores reiciendis praesentium dolorem aut minima.','Exercitationem molestiae aut totam cumque.','2013-09-16 10:21:17','2013-09-16 10:21:17'),(118,'Model','Walter, Bruen and Hegmann','Ergonomic Plastic Shoes','420','Nobis mollitia dolore quis ut.','Illo soluta doloribus error vitae minus.',NULL,NULL,3,0,'Porro aut sit ipsam impedit cupiditate et.','Quibusdam fugit id asperiores voluptates est.','2013-09-16 10:21:17','2013-09-16 10:21:17'),(119,'Model','Powlowski-Abshire','Incredible Rubber Chair','421','Explicabo deserunt doloremque quia voluptate saepe.','Ex reiciendis in dolorum.',NULL,NULL,2,0,'Eum facere omnis nihil eius incidunt repudiandae est.','Quibusdam distinctio corrupti tempore unde dignissimos ut reprehenderit.','2013-09-16 10:21:17','2013-09-16 10:21:17'),(120,'Model','Grant-Torp','Fantastic Granite Hat','422','Reprehenderit recusandae consectetur fugit expedita quibusdam quos.','Eos quo velit aut doloribus hic saepe.',NULL,NULL,2,0,'Alias debitis beatae qui.','At laborum quis provident.','2013-09-16 10:21:17','2013-09-16 10:21:17'),(121,'Model','Pollich-Greenfelder','Ergonomic Steel Computer','423','Reiciendis occaecati explicabo nulla excepturi aliquid.','Est ad ut ratione saepe ducimus id.',NULL,NULL,1,0,'Possimus officiis enim qui esse.','Reprehenderit expedita voluptatem voluptatum necessitatibus eos dolor.','2013-09-16 10:21:17','2013-09-16 10:21:17'),(122,'Model','Bruen LLC','Gorgeous Concrete Table','424','Voluptatibus quam est provident velit illo nisi minus vitae.','At molestiae facere quis sed ab voluptatem.',NULL,NULL,3,0,'Atque autem rerum porro vero soluta est aut id.','Omnis consequatur nihil maxime occaecati quae et.','2013-09-16 10:21:17','2013-09-16 10:21:17'),(123,'Model','Hoeger, Ullrich and Lemke','Gorgeous Rubber Car','425','Numquam dolorum ullam autem illum accusantium et.','Voluptas soluta nulla voluptatem quis non sunt.',NULL,NULL,2,0,'Eaque dolor occaecati quia eius quos rerum quis.','Omnis modi blanditiis voluptatem quos dolorem consequatur ut quia.','2013-09-16 10:21:17','2013-09-16 10:21:17'),(124,'Model','Yundt-Mayer','Intelligent Steel Shirt','426','Aut fugit suscipit et.','At nam odit eligendi possimus.',NULL,NULL,0,0,'Deserunt hic quibusdam et.','Iusto est est et aut consequatur id voluptas.','2013-09-16 10:21:17','2013-09-16 10:21:17'),(125,'Model','Osinski, Kulas and Oberbrunner','Incredible Steel Shirt','427','Ratione dolores voluptates quae ipsum qui repellendus eveniet officiis.','At aut sint perferendis minus et.',NULL,NULL,1,0,'Sit et repellendus sint sequi et illo dolorem architecto.','Nam optio expedita omnis.','2013-09-16 10:21:17','2013-09-16 10:21:17'),(126,'Model','Senger, Rohan and Streich','Fantastic Wooden Table','428','Nihil et accusantium repellendus totam cumque ea occaecati.','Eius suscipit perferendis est delectus commodi.',NULL,NULL,0,0,'Numquam sapiente pariatur voluptatum fugiat labore unde maiores.','Et esse itaque qui aut.','2013-09-16 10:21:17','2013-09-16 10:21:17'),(127,'Model','Schoen-Schulist','Awesome Wooden Pants','429','Qui qui rerum placeat eum dolorem non eius error.','Modi dolorum alias consectetur aliquam aut ipsam.',NULL,NULL,3,0,'Tenetur doloribus et perferendis nihil.','Perferendis quo aliquid molestias.','2013-09-16 10:21:17','2013-09-16 10:21:17'),(128,'Model','Bogan-Jacobi','Kamera Set2','430','Minima rerum ratione debitis dolore nobis.','Ipsum soluta voluptatem atque.',NULL,NULL,2,1,'Quas distinctio illo quo magnam.','Voluptates voluptatem fugit maxime aut asperiores officia.','2013-09-16 10:21:17','2013-09-16 10:21:17'),(129,'Model','Boyer-Wehner','Rustic Wooden Table','431','Quae voluptas voluptatem qui architecto.','Eaque commodi necessitatibus quia.',NULL,NULL,2,0,'Dolor suscipit numquam illo aliquam placeat et et animi.','Deserunt ab ratione reiciendis ipsam.','2013-09-16 10:21:17','2013-09-16 10:21:17'),(130,'Model','Heaney, Thiel and Lindgren','Awesome Steel Shirt','432','Fuga et dolor est voluptate facilis.','Adipisci saepe sit ab quisquam dicta eum rem dolorem.',NULL,NULL,1,0,'Velit provident neque ut sit omnis inventore.','Iure qui quis cumque voluptas eveniet voluptas.','2013-09-16 10:21:17','2013-09-16 10:21:17'),(131,'Model','Emmerich and Sons','Awesome Granite Table','433','Doloribus maxime quae quas et nihil voluptate praesentium illo.','Rerum et quo omnis nisi et quia soluta.',NULL,NULL,0,0,'Doloribus officia repudiandae adipisci optio omnis debitis repellendus nesciunt.','Ducimus iusto ipsa optio voluptatem.','2013-09-16 10:21:17','2013-09-16 10:21:17'),(132,'Model','O\'Kon-Kerluke','Sleek Steel Shoes','434','Libero eius repudiandae doloremque debitis at.','Qui tempora eius consequatur.',NULL,NULL,1,0,'Aut assumenda nobis sint porro.','Natus fugit et fugiat dolorum est quam quis.','2013-09-16 10:21:17','2013-09-16 10:21:17'),(133,'Model','Tromp, Ziemann and Fay','Sleek Granite Pants','435','Nihil esse sunt deserunt hic.','Fuga voluptatem et similique cum.',NULL,NULL,0,0,'Magnam ut dolor delectus facere pariatur omnis.','Iure aut explicabo iste error unde.','2013-09-16 10:21:17','2013-09-16 10:21:17'),(134,'Model','Huels-Hessel','Intelligent Plastic Gloves','436','Vel qui autem quam et voluptas nobis.','Nemo voluptas similique dolorum numquam unde.',NULL,NULL,2,0,'Aperiam maiores sit cum aut molestiae magnam.','Nemo harum ea voluptatem dolor eum illo dolores.','2013-09-16 10:21:17','2013-09-16 10:21:17'),(135,'Model','Eichmann, Herzog and Reichel','Small Granite Shoes','437','Distinctio porro commodi vitae saepe.','Ipsa cumque non est in.',NULL,NULL,3,0,'Maxime et omnis quasi est minus omnis vel modi.','Quidem ut id cumque.','2013-09-16 10:21:17','2013-09-16 10:21:17'),(136,'Model','Quigley, Crist and Sporer','Fantastic Rubber Computer','438','Officiis eos beatae eaque quas autem.','In ullam quia quam recusandae totam nihil commodi.',NULL,NULL,2,0,'Et possimus necessitatibus perspiciatis et asperiores ut dolor est.','Quo rerum dolorem ut voluptas et.','2013-09-16 10:21:17','2013-09-16 10:21:17'),(137,'Model','Bruen, Schneider and Pfeffer','Gorgeous Plastic Shoes','439','Dolor et atque quam cupiditate rerum.','Optio consequatur sit neque tempora.',NULL,NULL,1,0,'Laudantium eligendi adipisci et vel.','Occaecati ut aut saepe sint ipsa soluta sed quidem.','2013-09-16 10:21:17','2013-09-16 10:21:17'),(138,'Model','Orn-Hegmann','Ergonomic Granite Shoes','440','Mollitia rerum rerum cum.','Aut at et eum velit.',NULL,NULL,2,0,'Amet quidem vitae et asperiores numquam explicabo.','Eaque sit ad aut iste est mollitia qui.','2013-09-16 10:21:17','2013-09-16 10:21:17'),(139,'Model','Bartoletti-Wolf','Small Steel Chair','441','Recusandae aperiam architecto dignissimos et aut omnis deserunt.','Reprehenderit fugiat non illum et quaerat.',NULL,NULL,2,0,'Eaque laborum quia rerum fuga beatae omnis et.','Commodi nobis laborum praesentium quis neque asperiores nulla.','2013-09-16 10:21:17','2013-09-16 10:21:17'),(140,'Model','Emmerich and Sons','Rustic Steel Hat','442','Ipsam odit corrupti et iure.','Maxime et et voluptate placeat temporibus laudantium perferendis repellendus.',NULL,NULL,2,0,'In ut suscipit tenetur provident neque.','Distinctio repudiandae enim hic temporibus sunt recusandae.','2013-09-16 10:21:17','2013-09-16 10:21:17'),(141,'Model','Ferry and Sons','Small Cotton Pants','443','Nisi non distinctio numquam aut minus laudantium debitis.','Fugiat expedita quisquam doloremque aut.',NULL,NULL,3,0,'Aperiam error porro qui quae et eos.','Nostrum quasi vel quo rerum cumque.','2013-09-16 10:21:17','2013-09-16 10:21:17'),(142,'Model','Bashirian LLC','Intelligent Steel Table','444','Tempore dolores nemo quae ad repellat.','Non facilis iste nostrum.',NULL,NULL,0,0,'Totam cupiditate blanditiis doloremque vel iure eos vel.','Voluptatum ut velit numquam vel eaque repellat.','2013-09-16 10:21:17','2013-09-16 10:21:17'),(143,'Model','Beer, MacGyver and Beer','Sleek Rubber Table','445','Perferendis fuga et libero omnis molestiae eius enim.','Odio corporis commodi saepe dolores adipisci tempora eum totam.',NULL,NULL,1,0,'Molestias sint fugit odio.','Laborum aut odio quia omnis consequuntur qui.','2013-09-16 10:21:17','2013-09-16 10:21:17'),(144,'Model','Auer-Kerluke','Gorgeous Plastic Hat','446','Praesentium vel cumque at et ullam.','Sit enim aliquam tenetur dicta saepe qui.',NULL,NULL,0,0,'Excepturi voluptatibus doloribus totam optio.','Eum et reiciendis ad.','2013-09-16 10:21:17','2013-09-16 10:21:17'),(145,'Model','Canon','Kamera Canon D5','447','Ganz teure Kamera','Sint et est illum sunt.',NULL,NULL,0,0,'Consequuntur nesciunt culpa laboriosam voluptas aut.','Kamera brauch Akkus!','2013-09-16 10:21:17','2013-09-16 10:21:17'),(146,'Model','Apple','iMac','448','Apples alter iMac','Labore debitis magnam sit.',NULL,NULL,0,0,'Labore id eum esse quaerat et.','Optio expedita dolor quo reiciendis quia dolores.','2013-09-16 10:21:17','2013-09-16 10:21:17'),(147,'Model','Microsoft','Windows Laptop','449','Ein Laptop der Marke Microsoft','Ut commodi architecto ex rem dolores odio.',NULL,NULL,0,0,'Et voluptatum eum beatae ipsum id dolores quisquam.','Laptop mit Tasche ausgeben','2013-09-16 10:21:17','2013-09-16 10:21:17'),(148,'Model','Walkera','Walkera v120','1G','3D Helikopter','Modi odit sunt aut ut.',NULL,NULL,0,0,'Ad et et dignissimos.','Aut praesentium excepturi necessitatibus atque aut eos quia recusandae.','2013-09-16 10:21:17','2013-09-16 10:21:17'),(149,'Model','Walkera','Walkera v120','2G','3D Helikopter','Deserunt iste repellat dolor corporis.',NULL,NULL,0,0,'Odit soluta nostrum eveniet.','Rem pariatur nam illo voluptatem necessitatibus et qui.','2013-09-16 10:21:17','2013-09-16 10:21:17'),(150,'Model','Walkera','Walkera v120','3G','3D Helikopter','Vel et molestiae officia dolor.',NULL,NULL,0,0,'Rem voluptatem itaque facere eos numquam officia quasi molestiae.','Esse unde ut qui saepe sit nihil temporibus nulla.','2013-09-16 10:21:17','2013-09-16 10:21:17'),(151,'Software','Bode-Luettgen','Gorgeous Granite Pants','450',NULL,NULL,NULL,NULL,0,0,NULL,NULL,'2013-09-16 10:21:17','2013-09-16 10:21:17'),(152,'Software','Homenick-Schneider','Sleek Granite Table','451',NULL,NULL,NULL,NULL,0,0,NULL,NULL,'2013-09-16 10:21:17','2013-09-16 10:21:17'),(153,'Software','Corwin and Sons','Incredible Concrete Pants','452',NULL,NULL,NULL,NULL,0,0,NULL,NULL,'2013-09-16 10:21:17','2013-09-16 10:21:17'),(154,'Software','Davis, Gibson and Larkin','Incredible Cotton Chair','453',NULL,NULL,NULL,NULL,0,0,NULL,NULL,'2013-09-16 10:21:17','2013-09-16 10:21:17'),(155,'Software','Considine-Hamill','Practical Granite Car','454',NULL,NULL,NULL,NULL,0,0,NULL,NULL,'2013-09-16 10:21:17','2013-09-16 10:21:17'),(156,'Software','Corkery-Jacobi','Awesome Granite Car','455',NULL,NULL,NULL,NULL,0,0,NULL,NULL,'2013-09-16 10:21:17','2013-09-16 10:21:17'),(157,'Software','Hansen-O\'Reilly','Ergonomic Concrete Car','456',NULL,NULL,NULL,NULL,0,0,NULL,NULL,'2013-09-16 10:21:17','2013-09-16 10:21:17'),(158,'Software','Kuhn LLC','Intelligent Rubber Hat','457',NULL,NULL,NULL,NULL,0,0,NULL,NULL,'2013-09-16 10:21:17','2013-09-16 10:21:17'),(159,'Software','Parker and Sons','Fantastic Granite Shirt','458',NULL,NULL,NULL,NULL,0,0,NULL,NULL,'2013-09-16 10:21:17','2013-09-16 10:21:17'),(160,'Software','Aufderhar Group','Sleek Plastic Shirt','459',NULL,NULL,NULL,NULL,0,0,'test http://test.ch\r\nwww.foo.ch\r\njust a text',NULL,'2013-09-16 10:21:17','2013-09-16 10:21:17'),(161,'Software','Jenkins, Brown and Spinka','Practical Steel Gloves','460',NULL,NULL,NULL,NULL,0,0,'test http://test.ch\r\nwww.foo.ch\r\njust a text',NULL,'2013-09-16 10:21:17','2013-09-16 10:21:17'),(162,'Software','Lang Inc','Practical Wooden Shoes','461',NULL,NULL,NULL,NULL,0,0,NULL,NULL,'2013-09-16 10:21:17','2013-09-16 10:21:17'),(163,'Model','Pouros, Gaylord and Kuphal','Fantastic Cotton Computer',NULL,'Et voluptatem totam ipsum neque commodi ipsa minima repudiandae.','Quia assumenda adipisci sed id in amet quo aut.',NULL,NULL,1,0,'Ut consequatur tempore et omnis non officia animi.','Blanditiis dolorem quia ab sit aut quisquam.','2013-09-16 10:21:17','2013-09-16 10:21:17'),(164,'Model','Gulgowski-Bednar','Incredible Rubber Car','462','Reiciendis ullam necessitatibus saepe temporibus.','Reprehenderit ipsum et sint et eligendi suscipit quod.',NULL,NULL,1,0,'Ut aut ut exercitationem quos.','Qui dolorem nostrum quia.','2013-09-15 02:35:42','2013-09-15 02:35:42'),(165,'Model','Von LLC','Sleek Concrete Pants','463','Nostrum ea omnis consequatur suscipit dolores.','Dicta qui reiciendis necessitatibus.',NULL,NULL,3,0,'Veritatis a beatae porro.','Et autem quaerat animi dolor ut porro.','2013-09-15 02:35:43','2013-09-15 02:35:43'),(166,'Model','Greenholt-Leannon','Incredible Rubber Shoes','464','Aut adipisci itaque ducimus similique.','Iusto nulla ad blanditiis.',NULL,NULL,1,0,'Voluptatem non est cupiditate maxime rerum.','Voluptatum enim perferendis et ipsam ut.','2013-09-15 02:35:43','2013-09-15 02:35:43'),(167,'Model','Funk, Collier and Robel','Rustic Cotton Hat','465','Fuga sit voluptatem et.','Non optio rerum distinctio rerum ex et et ut.',NULL,NULL,1,0,'Sequi quasi tempora quibusdam.','Quas voluptate voluptas fugit omnis facere enim quia.','2013-09-15 02:35:43','2013-09-15 02:35:43'),(168,'Model','Brekke, Lueilwitz and Goldner','Incredible Concrete Hat','466','Facere qui quaerat tempora aspernatur.','Id ullam magni eos.',NULL,NULL,2,0,'Natus nihil repellendus debitis nulla.','Nobis architecto et quod.','2013-09-15 02:35:43','2013-09-15 02:35:43'),(169,'Model','Casper Inc','Small Plastic Car','467','Asperiores dicta harum aperiam aut magnam quod debitis praesentium.','Quia officiis earum dolorum maxime rerum enim expedita perspiciatis.',NULL,NULL,1,0,'Autem voluptatibus amet est laboriosam maxime sed.','Et eos sit corporis sunt qui consequatur id et.','2013-09-15 02:35:43','2013-09-15 02:35:43'),(170,'Model','Kuphal Group','Rustic Plastic Pants','468','Qui autem iusto rem illum.','Dicta et inventore id ut voluptatem iure.',NULL,NULL,2,0,'Fuga vitae dolor laboriosam occaecati voluptas officia.','Doloremque voluptates nihil non.','2013-09-15 02:35:43','2013-09-15 02:35:43'),(171,'Model','Bernier, Ziemann and Fritsch','Small Steel Hat','469','Nemo architecto voluptatem earum consequatur totam nobis accusantium magni.','Harum cupiditate in vero quae.',NULL,NULL,0,0,'Dolore eos voluptatum voluptatem quod aut nam.','Omnis ad ut maiores aperiam magnam aut consequatur et.','2013-09-15 02:35:43','2013-09-15 02:35:43'),(172,'Model','Stoltenberg, Mayer and Heller','Sleek Concrete Shoes','470','Fugit vel animi maxime aut quis esse.','Eum veritatis qui itaque possimus.',NULL,NULL,1,0,'Est dolor saepe aut architecto veniam provident.','Omnis rerum reprehenderit expedita velit alias quisquam.','2013-09-15 02:35:43','2013-09-15 02:35:43'),(173,'Model','Mohr Group','Fantastic Cotton Hat','471','Est corrupti quae ea quia dolor quia.','Perferendis numquam autem a eos inventore.',NULL,NULL,0,0,'Sapiente ut et voluptatibus maiores officiis ut.','Eligendi earum consequuntur est repellat aspernatur.','2013-09-15 02:35:43','2013-09-15 02:35:43'),(174,'Model','Monahan-Tromp','Intelligent Concrete Pants','472','Molestiae enim aut porro et dolor.','Pariatur quam id est fugit et porro.',NULL,NULL,0,0,'Eligendi vero in ipsum tempore iusto.','Est aut officiis vel sit porro eligendi.','2013-09-15 02:35:43','2013-09-15 02:35:43'),(175,'Model','Sporer-Zieme','Awesome Concrete Chair','473','Eum saepe et explicabo tempora praesentium sit.','Similique voluptatem et voluptas voluptatem sed non autem cupiditate.',NULL,NULL,3,0,'Saepe id quia accusantium ipsum.','Ipsam maiores magni facilis.','2013-09-15 02:35:43','2013-09-15 02:35:43'),(176,'Model','Hudson-Kutch','Incredible Wooden Hat','474','Ut exercitationem id tempora.','Unde vero dolores quis maiores enim voluptates pariatur rerum.',NULL,NULL,2,0,'Omnis numquam eligendi magnam quia voluptatibus.','Eligendi et nesciunt sit ipsum sunt adipisci voluptatem tenetur.','2013-09-15 02:35:43','2013-09-15 02:35:43'),(177,'Model','Simonis LLC','Practical Plastic Shoes','475','Sed rerum facilis illo illum id veritatis.','Rem rerum et iusto est vero quod et.',NULL,NULL,0,0,'Voluptate et omnis ex.','Vel quibusdam aperiam facere praesentium rerum.','2013-09-15 02:35:43','2013-09-15 02:35:43'),(178,'Model','Franecki Inc','Intelligent Wooden Shoes','476','Dolore provident temporibus iste beatae vitae laborum reiciendis.','Molestiae voluptas laudantium commodi.',NULL,NULL,1,0,'Ullam asperiores voluptas tempore sit voluptates tenetur aut.','Aut delectus facere et ut corrupti necessitatibus alias.','2013-09-15 02:35:43','2013-09-15 02:35:43'),(179,'Model','Satterfield, Crist and Stoltenberg','Incredible Plastic Pants','477','Architecto fuga provident quidem qui aliquam id.','Aut aut est ut ea.',NULL,NULL,2,0,'Cupiditate magnam debitis aspernatur vitae.','Magni autem non occaecati id corporis.','2013-09-15 02:35:43','2013-09-15 02:35:43'),(180,'Model','Runolfsson, Beatty and Breitenberg','Intelligent Steel Pants','478','Culpa blanditiis eum laudantium officiis voluptatem.','Harum fuga pariatur perferendis minima voluptates consequatur dolore quia.',NULL,NULL,2,0,'Quasi et aliquid et nisi officiis numquam corporis harum.','Nisi ad qui in sit qui.','2013-09-15 02:35:43','2013-09-15 02:35:43'),(181,'Model','Rowe-Gaylord','Incredible Cotton Car','479','Rerum nobis numquam amet aliquam quasi eius sed iste.','Modi sint qui sed quia sit voluptas.',NULL,NULL,0,0,'Suscipit et aut sunt blanditiis officia aspernatur quasi est.','Beatae ut nulla alias qui odit.','2013-09-15 02:35:43','2013-09-15 02:35:43'),(182,'Model','Kovacek Group','Ergonomic Concrete Gloves','480','Ab magnam voluptatem ducimus nostrum aut quidem.','Minima blanditiis quo repellat voluptas est asperiores.',NULL,NULL,2,0,'Repudiandae ullam aspernatur itaque tenetur.','Possimus quaerat aliquid commodi ut.','2013-09-15 02:35:43','2013-09-15 02:35:43'),(183,'Model','Lehner, Klocko and Heidenreich','Sleek Concrete Table','481','Consectetur sint est est nihil.','Ea necessitatibus corporis fugiat esse quasi.',NULL,NULL,3,0,'Quia ut vero aspernatur sit.','Enim vel aut aliquam mollitia maiores ab repellat.','2013-09-15 02:35:43','2013-09-15 02:35:43'),(184,'Model','Durgan Inc','Awesome Cotton Computer','482','Nesciunt occaecati nemo architecto harum earum.','Aut velit aspernatur harum.',NULL,NULL,3,0,'Blanditiis minima sit a veniam.','Iure qui et nesciunt aut autem quis.','2013-09-15 02:35:43','2013-09-15 02:35:43'),(185,'Model','Williamson LLC','Fantastic Concrete Computer','483','Ab dignissimos earum ut fuga dolorum debitis deserunt.','Qui nostrum hic voluptates eum voluptas natus dolorum accusamus.',NULL,NULL,2,0,'Sint doloribus nulla molestiae saepe quo quia.','Tenetur eaque libero ut nobis blanditiis consectetur.','2013-09-15 02:35:43','2013-09-15 02:35:43'),(186,'Model','Lowe Group','Intelligent Wooden Computer','484','Quo expedita totam et.','Omnis delectus id rem et officia pariatur.',NULL,NULL,3,0,'Perspiciatis qui ducimus est rerum magni eligendi ea.','Non voluptatem cupiditate ea eius id.','2013-09-15 02:35:43','2013-09-15 02:35:43'),(187,'Model','Boyle-Yundt','Fantastic Concrete Table','485','Consequatur vel sit est et.','Nostrum sequi et excepturi aspernatur veritatis saepe consequatur.',NULL,NULL,2,0,'Eligendi possimus beatae necessitatibus voluptas temporibus eaque.','Aut et laborum et sed quasi et consequatur consectetur.','2013-09-15 02:35:43','2013-09-15 02:35:43'),(188,'Model','Miller and Sons','Practical Steel Pants','486','Deleniti magnam in et quisquam laudantium nostrum culpa ut.','Amet eos iure vero omnis non voluptatem et qui.',NULL,NULL,0,0,'Consequatur et ratione qui et exercitationem sed.','Nostrum et et rem.','2013-09-12 00:54:29','2013-09-12 00:54:29'),(189,'Model','Maggio Inc','Rustic Steel Table','487','Non numquam illo asperiores dignissimos.','Nesciunt excepturi tempore laborum tempora.',NULL,NULL,2,0,'Et suscipit libero beatae error doloribus id.','Nisi velit sint minima provident.','2013-09-12 00:54:29','2013-09-12 00:54:29'),(190,'Model','Lebsack, Bogisich and Howe','Intelligent Steel Computer','488','Non quas a et fugiat alias vitae.','Quibusdam cumque reprehenderit voluptatem laboriosam.',NULL,NULL,0,0,'Optio itaque veritatis quis.','Neque nam quaerat nesciunt.','2013-09-12 00:54:29','2013-09-12 00:54:29'),(191,'Model','Schultz LLC','Ergonomic Rubber Gloves','489','Earum quia voluptas autem et dicta dolorem aut.','Minima exercitationem iure dignissimos deleniti ea sint.',NULL,NULL,0,0,'Quisquam voluptas a quia sunt laboriosam odit.','Aliquam porro labore et et.','2013-09-11 14:30:50','2013-09-11 14:30:50'),(192,'Model','McClure, Becker and Effertz','Intelligent Steel Hat','490','Perspiciatis sint debitis assumenda.','Aut praesentium molestias reprehenderit et alias inventore sunt.',NULL,NULL,0,0,'Dolores qui explicabo minima provident et deleniti.','Beatae minus illo aut ducimus vero sit voluptatum.','2013-09-11 14:30:50','2013-09-11 14:30:50'),(193,'Model','Simonis-Hickle','Awesome Cotton Chair','491','Nostrum magni totam cupiditate consequatur fugit temporibus.','Aut mollitia quod vero ab ducimus deleniti ut non.',NULL,NULL,1,0,'Consectetur voluptatem ut et eos aspernatur eos.','Ut fugit placeat itaque quam illum.','2013-09-11 14:30:50','2013-09-11 14:30:50'),(194,'Model','Muller, Torp and Medhurst','Sleek Wooden Chair','492','Repellendus expedita perferendis eos molestiae voluptas voluptatem nam.','Facilis nihil occaecati ut et consequuntur.',NULL,NULL,1,0,'Et non perspiciatis accusantium iusto.','Non atque consectetur quae amet dolores magni molestiae.','2013-09-11 14:30:50','2013-09-11 14:30:50'),(195,'Model','Strosin LLC','Ergonomic Cotton Car','493','Accusamus magnam earum cupiditate.','Nostrum vero est quibusdam.',NULL,NULL,3,0,'Similique facilis enim sed animi provident quibusdam.','Sunt non voluptatem dolor est cumque eaque.','2013-09-11 14:30:50','2013-09-11 14:30:50'),(196,'Model','Grant LLC','Intelligent Steel Chair','494','Quia quis et ducimus.','Asperiores labore veritatis sed qui eos.',NULL,NULL,0,0,'Corrupti ut illum nam est velit reprehenderit sit.','Iusto repellendus ut deleniti nisi est exercitationem.','2013-09-11 14:30:50','2013-09-11 14:30:50'),(197,'Model','Swift-Abbott','Ergonomic Cotton Pants','495','Asperiores et recusandae maiores consequatur perferendis rerum veniam ratione.','Earum ad at numquam.',NULL,NULL,3,0,'Dignissimos ad amet quas saepe voluptate.','Et est minus nemo maxime dolore natus delectus.','2013-09-11 14:30:50','2013-09-11 14:30:50'),(198,'Model','Huel-Wuckert','Incredible Granite Pants','496','Aspernatur doloribus deleniti et.','Repellat libero voluptatibus aut quibusdam similique quas earum.',NULL,NULL,1,0,'Numquam voluptatem voluptatem nihil magni voluptas libero perferendis atque.','Iure non pariatur nobis rerum accusantium quas.','2013-09-16 10:21:17','2013-09-16 10:21:17'),(199,'Model','Steuber-Johns','Intelligent Concrete Computer','497','Consequatur maiores architecto molestias nam dolorem.','Maiores voluptates sunt consequatur commodi non repellat.',NULL,NULL,1,0,'Delectus unde nesciunt et perspiciatis.','Enim occaecati est quasi omnis.','2013-09-16 10:21:17','2013-09-16 10:21:17'),(200,'Model','Shields, Miller and Gottlieb','Practical Plastic Table','498','Repudiandae aut ratione architecto consequatur.','Quos et illum commodi ut cumque quis.',NULL,NULL,3,0,'Voluptas incidunt et totam ducimus quibusdam eum.','Quasi illum iste ea temporibus odio id et alias.','2013-09-16 10:21:17','2013-09-16 10:21:17'),(201,'Model','Paucek, Stokes and Wiegand','Incredible Wooden Table','499','Nemo et nihil eveniet in.','Qui eaque at velit assumenda.',NULL,NULL,2,0,'Provident et voluptas quo exercitationem sint.','Rerum ducimus nisi vel sunt porro.','2013-09-16 10:21:17','2013-09-16 10:21:17'),(202,'Model','Howell-Pfannerstill','Rustic Steel Pants','500','Molestias totam earum maxime cupiditate.','Est aliquam qui delectus ducimus dolorum eius voluptatem nesciunt.',NULL,NULL,1,0,'Debitis autem et qui omnis exercitationem illum.','Libero dolor dolorem est deserunt rerum non atque.','2013-09-16 10:21:17','2013-09-16 10:21:17'),(203,'Model','Schumm Inc','Intelligent Concrete Car','501','Aperiam aut aut modi cupiditate rerum veritatis ex cumque.','A tempore qui sequi.',NULL,NULL,1,0,'Facere aut aut debitis dolorum laboriosam.','Dolor consectetur blanditiis rem.','2013-09-16 10:21:17','2013-09-16 10:21:17'),(204,'Model','Wisozk-Zieme','Rustic Wooden Chair','502','Itaque qui qui blanditiis delectus.','Laboriosam architecto eius facilis qui ut.',NULL,NULL,3,0,'Aut quas sunt est nesciunt ut.','Explicabo et repellat odit.','2013-09-16 10:21:17','2013-09-16 10:21:17'),(205,'Model','Marquardt-Gerlach','Awesome Concrete Shirt','503','Exercitationem nam eum deserunt et.','Laborum provident facilis iure.',NULL,NULL,3,0,'Quos hic voluptas blanditiis.','Sit est illum repellat laudantium eaque voluptatibus mollitia ad.','2013-09-16 10:21:17','2013-09-16 10:21:17'),(206,'Model','Crooks, Kunze and Feeney','Sleek Granite Computer','504','Necessitatibus qui sed aliquid voluptatum.','Eos accusantium ex modi.',NULL,NULL,0,0,'Est consectetur cumque voluptatum natus sequi sint.','Quos harum temporibus quo.','2013-09-16 10:21:17','2013-09-16 10:21:17'),(207,'Model','Terry Inc','Incredible Granite Car','505','Consectetur ad praesentium perferendis totam.','Omnis doloremque et ratione dolor.',NULL,NULL,1,0,'Blanditiis voluptatum quasi aut.','Nulla ullam nisi doloribus cum dignissimos quis architecto.','2013-09-16 10:21:17','2013-09-16 10:21:17'),(208,'Model','Braun-Connelly','Gorgeous Cotton Pants','506','Delectus tempora doloremque labore.','Atque molestias aut dolorem ut repellat nesciunt dolorem.',NULL,NULL,3,0,'Reprehenderit omnis incidunt architecto et.','Dolorum molestiae perferendis provident.','2013-09-16 10:21:17','2013-09-16 10:21:17'),(209,'Model','Ullrich-Goldner','Small Plastic Table','507','Quod ut distinctio et quia at aut aut consequatur.','Aut debitis incidunt consequatur nihil non rem vel error.',NULL,NULL,2,0,'Et quisquam libero magnam a consequatur rerum.','Reprehenderit fuga qui expedita quod ex.','2013-09-16 10:21:17','2013-09-16 10:21:17'),(210,'Model','Schneider LLC','Awesome Concrete Shoes','508','Eos quia voluptas et vel similique non reprehenderit.','Aliquam et fuga animi rerum aut qui.',NULL,NULL,1,0,'Ad quidem optio possimus quia molestiae.','Et perferendis nobis iusto.','2013-09-16 10:21:17','2013-09-16 10:21:17'),(211,'Model','McLaughlin Group','Fantastic Rubber Shoes','509','Tenetur odit optio quo blanditiis quis molestiae.','Nemo porro voluptatem repellendus et rerum veritatis praesentium.',NULL,NULL,3,0,'Minus repellat nulla aut.','Similique voluptas ut dignissimos consequatur incidunt mollitia consequatur.','2013-09-16 10:21:17','2013-09-16 10:21:17'),(212,'Model','Kutch-Oberbrunner','Gorgeous Wooden Computer','510','Atque unde aut sint tenetur vero ut saepe.','Debitis vero voluptatem officiis id vitae quaerat aspernatur tempora.',NULL,NULL,1,0,'Consequatur ea odit aut minima consequuntur saepe necessitatibus est.','Corrupti tenetur similique est.','2013-09-16 10:21:17','2013-09-16 10:21:17'),(213,'Model','Daugherty, Veum and Hoeger','Intelligent Rubber Shirt','511','Fugit itaque rerum odio consequatur excepturi fuga maxime ab.','Voluptatem quae voluptatem architecto quam.',NULL,NULL,3,0,'Nihil est dolor odio vel voluptatum fugiat maxime.','Voluptatibus earum eaque rerum vel.','2013-09-16 10:21:17','2013-09-16 10:21:17'),(214,'Model','Kautzer, Kohler and Denesik','Ergonomic Rubber Shoes','512','Culpa delectus eveniet ipsam placeat.','Rem laudantium sit voluptatum optio commodi laborum.',NULL,NULL,1,0,'Omnis et et et et et.','Consequuntur at voluptatum sit omnis fugiat deleniti itaque.','2013-09-16 10:21:17','2013-09-16 10:21:17'),(215,'Model','Nicolas-Schaefer','Gorgeous Wooden Chair','513','Alias nemo voluptatem aliquam doloremque iste.','Eaque dolores quo id perferendis enim et officiis beatae.',NULL,NULL,2,0,'Voluptatibus doloremque id soluta.','Cum fugit distinctio harum expedita voluptas eius et cumque.','2013-09-16 10:21:17','2013-09-16 10:21:17'),(216,'Model','Smith-Bernhard','Ergonomic Steel Chair','514','Vel ipsa voluptates hic.','Quia ullam inventore incidunt sit et nesciunt praesentium.',NULL,NULL,1,0,'Similique natus est et nam ducimus molestias officiis nemo.','Quas eligendi dolor autem fugit eos non iusto.','2013-09-16 10:21:17','2013-09-16 10:21:17'),(217,'Model','Willms-Feest','Rustic Granite Table','516','Nisi et porro dolor.','Nihil incidunt est quia laudantium assumenda explicabo.',NULL,NULL,2,0,'Molestias omnis rerum voluptatem dolore ea.','Similique est voluptatibus culpa dolor.','2013-09-16 10:21:17','2013-09-16 10:21:17'),(218,'Software','Mertz Group','Gorgeous Granite Shoes','518',NULL,NULL,NULL,NULL,0,0,NULL,NULL,'2013-09-16 10:21:17','2013-09-16 10:21:17'),(219,'Model','Daugherty-Emmerich','Gorgeous Cotton Shirt','519','Culpa ea natus delectus sit aut porro voluptatem.','Molestias nihil numquam libero voluptate et.',NULL,NULL,1,0,'Sit facilis placeat eligendi distinctio.','Molestias nihil facilis ex non ipsam impedit eaque nihil.','2013-09-11 00:00:00','2013-09-11 00:00:00'),(220,'Model','Aufderhar-Hamill','Incredible Wooden Chair','520','Aliquid repudiandae ut neque tenetur nihil ut.','Ad rerum dolorem praesentium molestias laboriosam rerum non.',NULL,NULL,3,0,'Et ut autem necessitatibus culpa recusandae ut voluptatibus quis.','Iure debitis ex deserunt quo consectetur.','2013-09-11 00:00:00','2013-09-11 00:00:00'),(221,'Model','Shields-Bernier','Fantastic Granite Car','521','Est voluptates accusantium iste impedit nam laboriosam.','Voluptatum placeat voluptas est qui perspiciatis veritatis pariatur natus.',NULL,NULL,2,0,'Facilis voluptatem sed distinctio sit in ratione voluptatem modi.','Rerum consequatur enim quis nostrum voluptas quia architecto ea.','2013-09-11 00:00:00','2013-09-11 00:00:00'),(222,'Model','Abernathy-Bradtke','Fantastic Concrete Hat','522','Distinctio quaerat et in aut.','Sint voluptatem dignissimos ut.',NULL,NULL,0,0,'Molestias ut omnis voluptatem quisquam est laudantium molestiae libero.','Veritatis aperiam qui repellendus.','2013-09-11 00:00:00','2013-09-11 00:00:00'),(223,'Model','Dibbert-Hills','Fantastic Cotton Shirt','524','Enim consequatur iusto voluptatibus ipsa ipsam.','Est maxime aspernatur omnis voluptas voluptatem.',NULL,NULL,1,0,'Aliquid laudantium tenetur mollitia totam qui.','Quibusdam minima eius sint ut aut est.','2013-09-16 10:21:17','2013-09-16 10:21:17'),(224,'Model','Toy-Emard','Rustic Concrete Computer','525','Rerum est blanditiis sunt ipsam.','Ratione sunt laborum rerum consectetur.',NULL,NULL,1,0,'Asperiores quis totam aspernatur.','Dolore dolor fugiat qui repudiandae incidunt rerum molestiae.','2013-09-16 10:21:17','2013-09-16 10:21:17'),(225,'Model','Kuhic and Sons','Incredible Plastic Car','526','Nulla magni tenetur voluptatum quisquam voluptatem.','Voluptas consequatur omnis quis alias qui.',NULL,NULL,1,0,'Soluta accusantium cumque ut laborum et totam qui modi.','Totam praesentium numquam illum quas ipsum natus nihil.','2013-09-16 10:21:17','2013-09-16 10:21:17'),(226,'Model','Bergstrom Inc','Gorgeous Wooden Pants','527','Debitis et officia iure.','Nostrum eos ducimus ipsum.',NULL,NULL,2,0,'Aut ut voluptatibus ut est fuga maiores rerum.','Iusto sit omnis corrupti dicta esse.','2013-09-16 10:21:17','2013-09-16 10:21:17'),(227,'Model','Kunde-Toy','Fantastic Wooden Computer','528','Consequatur est magni voluptas voluptatum minima quae.','Est sed reprehenderit a.',NULL,NULL,1,0,'Nihil quae dicta illum aut necessitatibus cumque aspernatur.','Aliquid voluptate repudiandae nemo corrupti vel.','2013-09-16 10:21:17','2013-09-16 10:21:17'),(228,'Model','Schumm, Cassin and Buckridge','Fantastic Steel Gloves','529','Dolorem ducimus illum et quae et animi neque.','Magni maiores ad qui et sed ut repellat.',NULL,NULL,2,0,'Unde iusto eligendi rerum dolorem mollitia.','Dolorem est a dolore dolor.','2013-09-16 10:21:17','2013-09-16 10:21:17'),(229,'Model','Hammes Group','Gorgeous Cotton Car','530','Cupiditate laudantium eaque ea voluptatem explicabo voluptas quam reiciendis.','Enim quasi odit minima quia dolor consequatur omnis.',NULL,NULL,2,0,'Dolorem quas facilis repellendus omnis repellat autem nostrum quia.','Rerum voluptatum at optio sed enim aut.','2013-09-16 10:21:17','2013-09-16 10:21:17'),(230,'Model','Batz, Christiansen and Crist','Rustic Granite Hat','531','Voluptatem ea expedita cum ullam quia.','Expedita enim sed illo debitis nihil ut et.',NULL,NULL,0,0,'Animi odio eaque dolores qui quaerat.','In consectetur enim reprehenderit optio vero assumenda.','2013-09-16 10:21:17','2013-09-16 10:21:17'),(231,'Model','Kerluke and Sons','Sleek Wooden Hat','532','Et quam suscipit aut et quis at nam error.','Ducimus fuga suscipit veritatis.',NULL,NULL,2,0,'Recusandae aut enim deserunt dicta unde et voluptatum.','Ipsum ipsam est quia vitae vel omnis est.','2013-09-16 10:21:17','2013-09-16 10:21:17'),(232,'Model','Cormier, Schuppe and Waelchi','Incredible Steel Hat','533','Consequatur eum nesciunt omnis corrupti.','Sint eum optio maxime autem quisquam.',NULL,NULL,3,0,'Voluptas doloribus voluptatem veritatis ut vitae dolore molestiae dolores.','Occaecati voluptates sed aut sint.','2013-09-16 10:21:17','2013-09-16 10:21:17'),(233,'Model','Yost, Schulist and O\'Conner','Sleek Cotton Shoes','534','Maiores quia molestias et sint ducimus voluptatem.','Asperiores vitae pariatur quibusdam corporis aperiam.',NULL,NULL,0,0,'Deserunt eum tempora quia.','Dolorem sed ea qui.','2013-09-16 10:21:17','2013-09-16 10:21:17'),(234,'Model','Huel-Eichmann','Ergonomic Concrete Shoes','535','Omnis illum facere ex.','Illum quia dolores dolore officiis earum quidem.',NULL,NULL,3,0,'Asperiores quisquam sunt voluptas omnis iste optio doloremque.','Autem commodi eaque praesentium adipisci veniam sint quo officia.','2013-09-16 10:21:17','2013-09-16 10:21:17'),(235,'Model','Purdy-Kautzer','Gorgeous Steel Chair','536','Aut est cupiditate maxime odit voluptatum praesentium animi dignissimos.','Assumenda dolore repudiandae minima.',NULL,NULL,2,0,'Qui odit est occaecati quaerat in.','Voluptatem dolor nisi delectus.','2013-09-16 10:21:17','2013-09-16 10:21:17'),(236,'Model','Labadie, Hane and Satterfield','Small Cotton Table','537','Eum dignissimos omnis vel facere.','Et eveniet ab est repudiandae recusandae.',NULL,NULL,3,0,'Autem ratione aspernatur omnis.','Voluptas nemo et beatae doloribus et.','2013-09-16 10:21:17','2013-09-16 10:21:17'),(237,'Model','Waelchi, Lubowitz and Klein','Intelligent Wooden Chair','538','Ex voluptas aut facilis maiores at est et.','Earum ut repellendus enim sequi libero unde cum.',NULL,NULL,1,0,'Qui saepe autem fuga.','Reiciendis omnis ad sunt cumque voluptatibus eum aut doloremque.','2013-09-16 10:21:17','2013-09-16 10:21:17'),(238,'Model','Marquardt, Mosciski and Ortiz','Small Wooden Chair','539','Corporis et possimus eveniet nostrum id.','Iure illo voluptas excepturi.',NULL,NULL,2,0,'Mollitia quia exercitationem repellendus.','Non fugiat natus perferendis explicabo dolores.','2013-09-11 00:00:00','2013-09-11 00:00:00'),(239,'Model','Emard, Lesch and Legros','Incredible Rubber Table','540','Commodi rerum voluptas ad necessitatibus.','Non et corporis vero.',NULL,NULL,2,0,'Quos reiciendis perspiciatis molestiae inventore ducimus voluptatem reprehenderit aut.','Et quibusdam qui fugit.','2013-09-11 00:00:00','2013-09-11 00:00:00'),(240,'Model','Morissette, Streich and Jenkins','Incredible Concrete Table','541','Et necessitatibus quis ea similique.','Qui est et qui vero.',NULL,NULL,2,0,'Repellat velit ducimus dolores sapiente quod non.','Enim id laboriosam doloribus.','2013-09-11 00:00:00','2013-09-11 00:00:00'),(241,'Model','Davis, Harber and Hessel','Gorgeous Rubber Computer','542','Veniam qui repellat sit debitis itaque accusamus.','In iste earum autem reiciendis commodi harum qui et.',NULL,NULL,2,0,'Sint in consequuntur consectetur unde quia.','Voluptates quia est iusto tempora.','2013-09-11 00:00:00','2013-09-11 00:00:00'),(242,'Model','Koch-Hirthe','Practical Granite Table','543','Sit accusantium pariatur deleniti qui.','Aut officia veniam aperiam minima molestias perspiciatis quia nihil.',NULL,NULL,0,0,'Amet aut ut necessitatibus repudiandae voluptatem.','Ipsam quo quisquam est.','2013-09-11 00:00:00','2013-09-11 00:00:00'),(243,'Model','Roberts, Morar and Mohr','Awesome Granite Chair','544','Et ullam exercitationem cupiditate velit.','Quia nihil qui non dolor minus impedit.',NULL,NULL,0,0,'Qui tempora minima neque animi quo error.','Molestias accusantium libero possimus quia illum.','2013-09-16 10:21:17','2013-09-16 10:21:17'),(244,'Model','Auer Group','Rustic Rubber Shirt','545','Ut quisquam et voluptatum iste nemo unde est rerum.','Magnam unde dolorum modi expedita corrupti rerum consequatur est.',NULL,NULL,1,0,'Iusto ad sint et.','Architecto hic aut ullam quam.','2013-09-16 10:21:17','2013-09-16 10:21:17'),(245,'Model','Hintz-Aufderhar','Intelligent Concrete Shoes','546','Fuga ut sit animi quia et aspernatur iure.','Deleniti in quisquam eum dolorem debitis facilis sequi distinctio.',NULL,NULL,2,0,'Reprehenderit ea beatae quo aut veritatis blanditiis voluptates doloremque.','Debitis ea ipsum magnam consequuntur.','2013-09-16 10:21:17','2013-09-16 10:21:17'),(246,'Model','Ebert-Kilback','Rustic Granite Car','547','Facere vel similique harum rerum dolore rem.','Sint ut autem deserunt dolor.',NULL,NULL,3,0,'Fugiat ratione occaecati placeat ut magni.','Odit eos assumenda aut.','2013-09-16 10:21:17','2013-09-16 10:21:17'),(247,'Model','Wolf, Konopelski and Schultz','Intelligent Granite Gloves','548','Est non mollitia assumenda accusamus aperiam.','Ut sit quos exercitationem eius quasi dolor voluptatem.',NULL,NULL,0,0,'Quaerat sint vel adipisci quisquam quis laborum quidem.','Vitae laboriosam sapiente et.','2013-09-16 10:21:17','2013-09-16 10:21:17'),(248,'Model','Kub-Stracke','Practical Concrete Car','549','Quia sunt corporis ut omnis beatae.','Fugiat rerum doloremque reprehenderit impedit ut.',NULL,NULL,3,0,'Ducimus suscipit earum sint cumque sit quos officiis.','Similique quos incidunt ut debitis rerum.','2013-09-16 10:21:17','2013-09-16 10:21:17'),(249,'Model','Hagenes and Sons','Ergonomic Concrete Table','550','Velit aut impedit error hic recusandae doloremque laudantium.','Sit maxime qui quis deleniti.',NULL,NULL,2,0,'Enim voluptatibus aut et ut eum tenetur fuga.','Qui qui dolorem cum architecto sed est pariatur.','2013-09-16 10:21:17','2013-09-16 10:21:17'),(250,'Model','Yost and Sons','Practical Steel Chair','551','Maiores molestias labore qui reprehenderit ipsa aspernatur id.','Et molestiae voluptas blanditiis.',NULL,NULL,2,0,'Non quidem omnis ut est dolore temporibus qui.','Cum occaecati beatae molestias eveniet.','2013-09-16 10:21:17','2013-09-16 10:21:17'),(251,'Model','Hyatt, Bechtelar and Maggio','Gorgeous Wooden Shirt','552','Aut maiores asperiores fuga eos placeat explicabo.','At ducimus laborum explicabo quae suscipit vero.',NULL,NULL,3,0,'Aut autem vitae dolores.','Iste et assumenda expedita provident quaerat velit tempore.','2013-09-16 10:21:17','2013-09-16 10:21:17'),(252,'Model','Keebler, Emard and Medhurst','Gorgeous Wooden Car','553','Sit in ut magnam aspernatur illum est veniam.','Non velit dolorum quam.',NULL,NULL,2,0,'Amet consectetur quia necessitatibus id.','Fuga totam laudantium corrupti cumque magni nesciunt sed.','2013-09-16 10:21:17','2013-09-16 10:21:17'),(253,'Model','Zieme LLC','Fantastic Concrete Shirt','554','Suscipit nulla error provident dolor.','Et libero magnam hic adipisci excepturi non.',NULL,NULL,3,0,'Non nihil nesciunt et culpa nemo aliquam eos ipsam.','Est quaerat ut et omnis error libero tenetur.','2013-09-16 10:21:17','2013-09-16 10:21:17'),(254,'Model','Parker Group','Awesome Rubber Chair','555','Sed porro corrupti nisi.','Tempora ut in dolor iure eius dolorum.',NULL,NULL,1,0,'Cumque quia culpa incidunt dolores eum.','Et optio impedit ad culpa sunt qui laboriosam nisi.','2013-09-16 10:21:17','2013-09-16 10:21:17'),(255,'Model','Stamm-Shanahan','Awesome Plastic Pants','556','Eveniet ratione quia eligendi minus qui expedita.','Nemo voluptatem eum sint quibusdam.',NULL,NULL,3,0,'Reprehenderit magnam numquam et ut quisquam veniam.','Maiores aspernatur reprehenderit sapiente animi qui non.','2013-09-16 10:21:17','2013-09-16 10:21:17'),(256,'Model','Koch LLC','Sleek Granite Shirt','557','Ut eos fuga odio omnis expedita incidunt.','Laudantium ut assumenda itaque saepe.',NULL,NULL,1,0,'Repudiandae repellendus eius vitae quod.','Ut laborum repellendus non quasi.','2013-09-16 10:21:17','2013-09-16 10:21:17'),(257,'Model','Wisoky Inc','Incredible Steel Shoes','558','Corporis natus quia voluptas esse dolor.','Numquam explicabo quam asperiores non ut.',NULL,NULL,1,0,'Incidunt quas impedit exercitationem id at.','Nihil suscipit est eligendi maxime.','2013-09-16 10:21:17','2013-09-16 10:21:17'),(258,'Model','Sipes, Trantow and VonRueden','Practical Wooden Gloves','559','Quis sapiente dolores modi non deserunt qui aut.','Quia accusamus assumenda qui est amet perspiciatis alias a.',NULL,NULL,3,0,'Est sit dolorem et.','Nulla accusantium ut et harum in provident est ab.','2013-09-16 10:21:17','2013-09-16 10:21:17'),(259,'Model','Lynch-Runolfsdottir','Gorgeous Granite Hat','560','Ducimus dolor voluptates dolores blanditiis nisi molestias aspernatur magni.','Omnis ipsam odit assumenda blanditiis vitae unde fugit sint.',NULL,NULL,2,0,'Non quas amet natus veritatis sapiente sit ut maiores.','Dolore eos et quo sunt quae praesentium impedit.','2013-09-16 10:21:17','2013-09-16 10:21:17'),(260,'Model','Hirthe Group','Gorgeous Plastic Pants','561','Sunt earum quas voluptatem accusamus aspernatur.','Aut maiores sed non libero saepe.',NULL,NULL,0,0,'Quidem qui vitae nemo non quod voluptas molestiae omnis.','Voluptates quasi voluptas ea est nesciunt veniam adipisci iste.','2013-09-16 10:21:17','2013-09-16 10:21:17'),(261,'Model','Becker, Conroy and Keebler','Fantastic Granite Shoes','562','Illum ut voluptatem eos quidem sint impedit modi.','Nisi non aperiam qui dolore.',NULL,NULL,0,0,'Aut et aut dolorem.','Vel aspernatur magni nam.','2013-09-16 10:21:17','2013-09-16 10:21:17'),(262,'Model','Gaylord Inc','Practical Concrete Chair','563','Cupiditate quaerat voluptatum non.','Rerum eum harum nihil nisi rerum corporis dolorem.',NULL,NULL,1,0,'Distinctio rerum voluptas dolore.','Quia ut laboriosam ex adipisci velit nam numquam et.','2013-09-16 10:21:17','2013-09-16 10:21:17'),(263,'Model','Lehner Group','Sleek Wooden Shoes','564','Odit ut non et dolores.','Animi officia inventore a sed ut.',NULL,NULL,3,0,'Eius consectetur dignissimos provident similique.','Ea a quis dignissimos.','2013-09-16 10:21:17','2013-09-16 10:21:17'),(264,'Model','Turcotte-Parisian','Fantastic Wooden Gloves','565','Odit ex iusto sequi rerum magni.','Provident in sit voluptatem ipsum officiis consequuntur dolore.',NULL,NULL,2,0,'Dolorem et beatae ut.','Omnis laudantium facilis earum.','2013-09-16 10:21:17','2013-09-16 10:21:17'),(265,'Model','Carter-Klocko','Awesome Cotton Car','566','Itaque error occaecati et atque ut similique amet accusamus.','Enim odio ut perspiciatis fugit voluptatem expedita qui.',NULL,NULL,0,0,'Autem reprehenderit vel quo.','Totam facere voluptas dignissimos modi sapiente.','2013-09-16 10:21:17','2013-09-16 10:21:17'),(266,'Model','VonRueden, MacGyver and Beier','Ergonomic Granite Table','567','Ut cumque cum ut voluptatem architecto commodi nobis.','Dolores officiis adipisci repellat aut.',NULL,NULL,1,0,'Quaerat pariatur necessitatibus placeat quam ad fugit quisquam.','Sunt voluptas delectus alias minima aliquam.','2013-09-16 10:21:17','2013-09-16 10:21:17'),(267,'Model','Botsford Inc','Fantastic Concrete Chair','568','Labore aut sequi ipsa.','Similique aut illum maxime aut itaque minus.',NULL,NULL,2,0,'Voluptas fuga magnam ut qui modi ipsam.','Consequuntur odio deserunt repellendus ad.','2013-09-16 10:21:17','2013-09-16 10:21:17'),(268,'Model','Wolff and Sons','Rustic Plastic Table','569','Laborum voluptas voluptatem molestias dolores adipisci sed.','Sed eum velit repudiandae qui aut cumque.',NULL,NULL,1,0,'Esse illo quia est molestiae corrupti vitae vero.','Et repellendus aspernatur et fugit ullam aut est.','2013-09-16 10:21:17','2013-09-16 10:21:17'),(269,'Model','Vandervort, Padberg and Koepp','Practical Concrete Shirt','570','Quo enim ipsum libero.','Harum corporis eligendi a qui aspernatur nesciunt mollitia cumque.',NULL,NULL,3,0,'Consectetur fugiat quaerat ab asperiores.','Itaque reiciendis sunt omnis facilis qui saepe asperiores.','2013-09-16 10:21:17','2013-09-16 10:21:17'),(270,'Model','Langosh-Kling','Ergonomic Wooden Computer','571','Occaecati sunt velit doloremque qui.','Quia cumque harum earum.',NULL,NULL,3,0,'Hic cumque est quo voluptas qui velit quaerat.','Quod a minima velit facilis id earum dolorum.','2013-09-16 10:21:17','2013-09-16 10:21:17'),(271,'Model','Cremin and Sons','Intelligent Concrete Chair','572','Qui sed vero laudantium vel deserunt voluptatum earum.','Ipsum illum quo minus et non.',NULL,NULL,3,0,'Corporis nihil accusantium nihil tempore occaecati voluptatem adipisci debitis.','Saepe a ut quas aut dolor voluptatem sapiente.','2013-09-16 10:21:17','2013-09-16 10:21:17'),(272,'Model','Wilkinson Group','Gorgeous Granite Shirt','573','Nulla quia molestiae sed.','Officiis eveniet enim inventore consectetur quidem.',NULL,NULL,2,0,'Animi nesciunt sequi eos rerum odit officia.','Non sit quae velit in et.','2013-09-16 10:21:17','2013-09-16 10:21:17'),(273,'Model','Veum-Moore','Fantastic Plastic Shirt','574','Id odit molestias quam nobis adipisci itaque cum.','Blanditiis qui totam illo voluptas.',NULL,NULL,3,0,'Repellendus ipsum tenetur quia qui accusantium assumenda.','Expedita et eos temporibus molestiae.','2013-09-16 10:21:17','2013-09-16 10:21:17'),(274,'Model','Kling Inc','Fantastic Steel Shoes','575','Provident animi est beatae necessitatibus vel.','Laudantium et quo quisquam explicabo sequi dolor nam.',NULL,NULL,2,0,'Amet aliquid illo magnam consequatur et.','Et quo eum maxime.','2013-09-16 10:21:17','2013-09-16 10:21:17'),(275,'Model','Prosacco LLC','Intelligent Cotton Hat','576','Illo corrupti deleniti eveniet ex.','Velit repellat quae mollitia sint et.',NULL,NULL,3,0,'Nulla eaque dignissimos omnis quo pariatur qui vel.','Voluptas mollitia architecto nemo voluptatem molestias reprehenderit nesciunt nihil.','2013-09-16 10:21:17','2013-09-16 10:21:17'),(276,'Model','Kautzer Group','Fantastic Wooden Shirt','577','Vitae culpa unde optio ut amet et cupiditate.','Modi sunt in aut voluptates eius aut.',NULL,NULL,1,0,'In libero voluptatem est praesentium illum accusantium.','Laudantium incidunt quo magni harum nostrum ea voluptate hic.','2013-09-16 10:21:17','2013-09-16 10:21:17'),(277,'Model','Block, Ernser and Russel','Incredible Wooden Shirt','578','Accusamus accusantium repellat harum cum dolorem.','Odio corporis nesciunt vel quis enim.',NULL,NULL,0,0,'Necessitatibus minus aliquam nihil rem.','Eos quia ab incidunt sit.','2013-09-16 10:21:17','2013-09-16 10:21:17'),(278,'Model','Bogan-Altenwerth','Rustic Wooden Shirt','579','Vero corrupti veniam qui libero officiis et dicta quam.','Et dolores et ab illo tempora rem harum distinctio.',NULL,NULL,2,0,'Voluptatum molestias minima doloribus eum distinctio dolorum sint quia.','Veritatis ducimus in earum omnis.','2013-09-16 10:21:17','2013-09-16 10:21:17'),(279,'Model','Konopelski-Erdman','Incredible Cotton Table','580','Quidem quia porro nihil quam rerum ea nesciunt.','Ad dolorem minus ut et perferendis.',NULL,NULL,0,0,'Doloribus dolor dolorem officiis.','Incidunt et veritatis labore.','2013-09-16 10:21:17','2013-09-16 10:21:17'),(280,'Model','King-Champlin','Practical Granite Chair','581','Quod velit minima voluptas.','Maiores ratione nemo impedit laudantium rerum explicabo hic.',NULL,NULL,2,0,'Est minus quas soluta.','Non corporis quidem sunt sunt.','2013-09-16 10:21:17','2013-09-16 10:21:17'),(281,'Model','Mante-Von','Fantastic Wooden Car','582','Nihil illum doloremque aut necessitatibus pariatur omnis atque et.','Ab aliquid aliquam qui ducimus explicabo et.',NULL,NULL,0,0,'Laudantium perferendis dolore rem.','Porro enim corporis et animi ut provident.','2013-09-16 10:21:17','2013-09-16 10:21:17'),(282,'Model','Pollich-Ratke','Rustic Concrete Gloves','583','Optio impedit et et.','Pariatur molestias rerum ut dolorum repudiandae eos animi.',NULL,NULL,0,0,'At quibusdam doloremque omnis.','Doloremque et dicta quae.','2013-09-16 10:21:17','2013-09-16 10:21:17'),(283,'Model','Dibbert, Heathcote and Schimmel','Intelligent Granite Car','584','Et id quia ducimus est ab quia nihil illo.','Inventore totam quia nihil sequi voluptatem.',NULL,NULL,1,0,'Ipsum molestiae magni aperiam velit sed qui voluptatem fuga.','Sunt ad a tempora asperiores aut iusto placeat.','2013-09-16 10:21:17','2013-09-16 10:21:17'),(284,'Model','Rippin and Sons','Rustic Cotton Car','585','Ab ducimus doloribus dolorem sint ut sunt omnis neque.','Qui impedit saepe ab asperiores ipsum eos et.',NULL,NULL,3,0,'Eligendi quaerat corporis pariatur nihil ipsa earum sapiente rerum.','Ad omnis officiis saepe.','2013-09-16 10:21:17','2013-09-16 10:21:17'),(285,'Model','Langworth, Dietrich and Kessler','Practical Wooden Hat','586','Beatae placeat quas repudiandae repellendus consectetur animi quidem.','Velit sunt repellendus voluptate excepturi aut aut ea.',NULL,NULL,1,0,'Et quae eaque qui nihil rerum vero sed.','Facilis magni recusandae cum dolores consequatur.','2013-09-16 10:21:17','2013-09-16 10:21:17'),(286,'Model','Schuster and Sons','Gorgeous Plastic Chair','587','Ab animi ex ad harum qui qui atque non.','Inventore reprehenderit voluptatem nihil voluptatem aut.',NULL,NULL,0,0,'Dolorum aliquid molestias et.','Nesciunt odio earum et fuga excepturi.','2013-09-16 10:21:17','2013-09-16 10:21:17'),(287,'Model','Becker-Harris','Incredible Cotton Gloves','588','Harum consequatur quae itaque molestias.','Quasi ipsa voluptatem autem aliquid sequi ab ratione reiciendis.',NULL,NULL,1,0,'Sed perferendis laborum a autem.','Sit provident esse dolores ex similique quisquam quidem iusto.','2013-09-16 10:21:17','2013-09-16 10:21:17'),(288,'Model','Kohler LLC','Practical Granite Gloves','589','Aut consequuntur dolorum ducimus et et.','Mollitia quisquam perspiciatis facilis inventore voluptatibus a facere sit.',NULL,NULL,1,0,'Dolorem harum repudiandae rerum.','Et voluptas occaecati nihil eius.','2013-09-16 10:21:17','2013-09-16 10:21:17'),(289,'Model','Rau-Stehr','Rustic Concrete Pants','590','Culpa ipsam inventore molestiae et quis a.','Iusto vitae ex dignissimos consequatur quod doloremque non quo.',NULL,NULL,1,0,'Sed quasi hic velit earum ad vero exercitationem iure.','Rerum ut tenetur animi iusto et.','2013-09-16 10:21:17','2013-09-16 10:21:17'),(290,'Model','Sawayn, Harvey and Schamberger','Incredible Wooden Car','591','Fugiat excepturi iure assumenda eius qui illum.','Numquam qui voluptas sunt quos et non.',NULL,NULL,2,0,'Officia ullam iste quaerat temporibus sapiente.','Dolores nostrum eius voluptatibus dolores.','2013-09-16 10:21:17','2013-09-16 10:21:17'),(291,'Model','MacGyver, Kuhic and Conn','Gorgeous Rubber Chair','592','Iste quae et praesentium voluptas non tempora.','Velit dolorum iste dignissimos sed.',NULL,NULL,1,0,'Qui nesciunt voluptatem nam quia totam quae.','Recusandae porro vero ullam voluptas adipisci.','2013-09-16 10:21:17','2013-09-16 10:21:17'),(292,'Model','Wehner and Sons','Sleek Rubber Chair','593','Velit neque ipsa sint magni dolore necessitatibus ullam doloribus.','Beatae minus sapiente doloremque.',NULL,NULL,0,0,'Rerum beatae ab eos et autem adipisci aperiam asperiores.','Tenetur nisi in soluta incidunt eum molestiae rerum.','2013-09-16 10:21:17','2013-09-16 10:21:17'),(293,'Model','Kuvalis, Marvin and Marquardt','Incredible Granite Computer','594','Quos quia nostrum qui.','Distinctio voluptates ducimus qui qui aspernatur in quo maxime.',NULL,NULL,3,0,'Qui nemo non libero soluta.','Perferendis pariatur consectetur ipsam ex dolores est cumque omnis.','2013-09-16 10:21:17','2013-09-16 10:21:17'),(294,'Model','Gutkowski-Hand','Rustic Wooden Gloves','595','Illum eligendi et eos amet ea earum.','Et eum maxime voluptas est magni iusto quisquam ipsum.',NULL,NULL,0,0,'Ut rerum non quae odio architecto cum optio.','Ipsum earum sed cumque omnis velit et recusandae quisquam.','2013-09-16 10:21:17','2013-09-16 10:21:17'),(295,'Model','Kutch-Klocko','Rustic Steel Gloves','596','Et perspiciatis tempore omnis.','Voluptatem quia nemo neque eaque ut.',NULL,NULL,0,0,'Totam voluptatem laboriosam harum.','Vel commodi eius est nisi aut saepe sit.','2013-09-16 10:21:17','2013-09-16 10:21:17'),(296,'Model','Wisozk-Bernier','Practical Rubber Chair','597','Veritatis qui quam voluptatem a quia sed.','Sit quia iusto ea ut ad inventore dolorem.',NULL,NULL,2,0,'Harum quis quae provident non earum sit.','Accusamus officia aut porro neque.','2013-09-16 10:21:17','2013-09-16 10:21:17'),(297,'Model','Murphy-Leuschke','Practical Cotton Pants','598','Aperiam quidem porro totam corrupti id qui ipsum.','Consequatur illum molestiae nam porro tempora qui.',NULL,NULL,2,0,'Doloribus veniam facere saepe quibusdam laborum et atque.','Aut ut consectetur unde.','2013-09-16 10:21:17','2013-09-16 10:21:17'),(298,'Model','Quigley-Moen','Ergonomic Rubber Chair','599','Quaerat cumque aut ut.','Numquam magni iure eius.',NULL,NULL,2,0,'Est voluptatem dignissimos iusto explicabo dolorem.','Ducimus vel quis nesciunt eum non aperiam impedit deleniti.','2013-09-16 10:21:17','2013-09-16 10:21:17'),(299,'Model','Predovic-Quitzon','Incredible Concrete Gloves','600','Ipsum eum laudantium dolore quaerat.','Consequatur est porro sit sunt.',NULL,NULL,0,0,'Iste omnis libero id omnis et et fugit eveniet.','Rerum maxime iste saepe accusamus.','2013-09-16 10:21:17','2013-09-16 10:21:17'),(300,'Model','Harris LLC','Sleek Plastic Computer','601','Deleniti quia consequatur porro dolor aut qui et at.','Laboriosam veritatis et voluptatem quas sint mollitia tempore exercitationem.',NULL,NULL,2,0,'Officia fuga sed provident nostrum qui officiis enim et.','Maiores beatae ut voluptatibus deleniti esse aut.','2013-09-16 10:21:17','2013-09-16 10:21:17'),(301,'Software','Buckridge and Sons','Practical Plastic Car','602',NULL,NULL,NULL,NULL,0,0,NULL,NULL,'2013-09-16 10:21:17','2013-09-16 10:21:17'),(302,'Model','Orn-Carter','Sleek Plastic Chair','603','Corrupti enim eos quidem deleniti autem sit et commodi.','Assumenda ut dolores esse.',NULL,NULL,0,0,'Et molestias quis fugiat.','Sunt amet saepe voluptatibus dignissimos architecto iure.','2013-09-16 10:21:17','2013-09-16 10:21:17'),(303,'Model','Toy-Cronin','Rustic Rubber Pants','604','Harum ut facilis libero assumenda aliquid maiores.','Soluta aliquam quas totam.',NULL,NULL,3,0,'Quam rerum laborum et aliquid quia.','Nihil eum recusandae ad officiis quam.','2013-09-16 10:21:17','2013-09-16 10:21:17'),(304,'Model','Braun Group','Fantastic Cotton Gloves','605','Sint in voluptatem qui iste nihil.','Ipsa aut maxime quaerat dolorem vero beatae.',NULL,NULL,1,0,'Quaerat ab doloribus voluptatem ad.','In velit eum fugit.','2013-09-16 10:21:17','2013-09-16 10:21:17'),(305,'Model','Kovacek-Cummings','Rustic Rubber Chair','606','Error et quibusdam vel non.','Illo quos veritatis ipsum magni rerum et.',NULL,NULL,3,0,'Vitae quaerat quis ea.','Natus vero debitis odit beatae.','2013-09-16 10:21:17','2013-09-16 10:21:17');
/*!40000 ALTER TABLE `models` ENABLE KEYS */;
UNLOCK TABLES;

--
-- Table structure for table `models_compatibles`
--

DROP TABLE IF EXISTS `models_compatibles`;
/*!40101 SET @saved_cs_client     = @@character_set_client */;
/*!40101 SET character_set_client = utf8 */;
CREATE TABLE `models_compatibles` (
  `model_id` int(11) DEFAULT NULL,
  `compatible_id` int(11) DEFAULT NULL,
  KEY `index_models_compatibles_on_compatible_id` (`compatible_id`),
  KEY `index_models_compatibles_on_model_id` (`model_id`),
  CONSTRAINT `models_compatibles_compatible_id_fk` FOREIGN KEY (`compatible_id`) REFERENCES `models` (`id`),
  CONSTRAINT `models_compatibles_model_id_fk` FOREIGN KEY (`model_id`) REFERENCES `models` (`id`)
) ENGINE=InnoDB DEFAULT CHARSET=utf8 COLLATE=utf8_unicode_ci;
/*!40101 SET character_set_client = @saved_cs_client */;

--
-- Dumping data for table `models_compatibles`
--

LOCK TABLES `models_compatibles` WRITE;
/*!40000 ALTER TABLE `models_compatibles` DISABLE KEYS */;
INSERT INTO `models_compatibles` VALUES (148,147),(149,147),(150,147);
/*!40000 ALTER TABLE `models_compatibles` ENABLE KEYS */;
UNLOCK TABLES;

--
-- Table structure for table `notifications`
--

DROP TABLE IF EXISTS `notifications`;
/*!40101 SET @saved_cs_client     = @@character_set_client */;
/*!40101 SET character_set_client = utf8 */;
CREATE TABLE `notifications` (
  `id` int(11) NOT NULL AUTO_INCREMENT,
  `user_id` int(11) DEFAULT NULL,
  `title` varchar(255) COLLATE utf8_unicode_ci DEFAULT '',
  `created_at` datetime NOT NULL,
  PRIMARY KEY (`id`),
  KEY `index_notifications_on_user_id` (`user_id`),
  CONSTRAINT `notifications_user_id_fk` FOREIGN KEY (`user_id`) REFERENCES `users` (`id`) ON DELETE CASCADE
) ENGINE=InnoDB DEFAULT CHARSET=utf8 COLLATE=utf8_unicode_ci;
/*!40101 SET character_set_client = @saved_cs_client */;

--
-- Dumping data for table `notifications`
--

LOCK TABLES `notifications` WRITE;
/*!40000 ALTER TABLE `notifications` DISABLE KEYS */;
/*!40000 ALTER TABLE `notifications` ENABLE KEYS */;
UNLOCK TABLES;

--
-- Table structure for table `numerators`
--

DROP TABLE IF EXISTS `numerators`;
/*!40101 SET @saved_cs_client     = @@character_set_client */;
/*!40101 SET character_set_client = utf8 */;
CREATE TABLE `numerators` (
  `id` int(11) NOT NULL AUTO_INCREMENT,
  `item` int(11) DEFAULT NULL,
  PRIMARY KEY (`id`)
) ENGINE=InnoDB DEFAULT CHARSET=utf8 COLLATE=utf8_unicode_ci;
/*!40101 SET character_set_client = @saved_cs_client */;

--
-- Dumping data for table `numerators`
--

LOCK TABLES `numerators` WRITE;
/*!40000 ALTER TABLE `numerators` DISABLE KEYS */;
/*!40000 ALTER TABLE `numerators` ENABLE KEYS */;
UNLOCK TABLES;

--
-- Table structure for table `options`
--

DROP TABLE IF EXISTS `options`;
/*!40101 SET @saved_cs_client     = @@character_set_client */;
/*!40101 SET character_set_client = utf8 */;
CREATE TABLE `options` (
  `id` int(11) NOT NULL AUTO_INCREMENT,
  `inventory_pool_id` int(11) DEFAULT NULL,
  `inventory_code` varchar(255) COLLATE utf8_unicode_ci DEFAULT NULL,
  `manufacturer` varchar(255) COLLATE utf8_unicode_ci DEFAULT NULL,
  `product` varchar(255) COLLATE utf8_unicode_ci NOT NULL,
  `version` varchar(255) COLLATE utf8_unicode_ci DEFAULT NULL,
  `price` decimal(8,2) DEFAULT NULL,
  PRIMARY KEY (`id`),
  KEY `index_options_on_inventory_pool_id` (`inventory_pool_id`),
  CONSTRAINT `options_inventory_pool_id_fk` FOREIGN KEY (`inventory_pool_id`) REFERENCES `inventory_pools` (`id`)
) ENGINE=InnoDB AUTO_INCREMENT=7 DEFAULT CHARSET=utf8 COLLATE=utf8_unicode_ci;
/*!40101 SET character_set_client = @saved_cs_client */;

--
-- Dumping data for table `options`
--

LOCK TABLES `options` WRITE;
/*!40000 ALTER TABLE `options` DISABLE KEYS */;
INSERT INTO `options` VALUES (1,1,'akku-aa',NULL,'Akku AA','414','1317.00'),(2,1,'akku-aaa',NULL,'Akku AAA','415','1052.00'),(3,1,'usb',NULL,'USB Kabel','416','832.00'),(4,1,'vol10873',NULL,'Sleek Wooden Chair','515','1332.00'),(5,1,'pla3085',NULL,'Gorgeous Concrete Table','517','994.00'),(6,2,'qua10044',NULL,'Practical Wooden Shoes','523','432.00');
/*!40000 ALTER TABLE `options` ENABLE KEYS */;
UNLOCK TABLES;

--
-- Table structure for table `partitions`
--

DROP TABLE IF EXISTS `partitions`;
/*!40101 SET @saved_cs_client     = @@character_set_client */;
/*!40101 SET character_set_client = utf8 */;
CREATE TABLE `partitions` (
  `id` int(11) NOT NULL AUTO_INCREMENT,
  `model_id` int(11) DEFAULT NULL,
  `inventory_pool_id` int(11) DEFAULT NULL,
  `group_id` int(11) DEFAULT NULL,
  `quantity` int(11) DEFAULT NULL,
  PRIMARY KEY (`id`),
  UNIQUE KEY `index_partitions_on_model_id_and_inventory_pool_id_and_group_id` (`model_id`,`inventory_pool_id`,`group_id`),
  KEY `partitions_group_id_fk` (`group_id`),
  KEY `partitions_inventory_pool_id_fk` (`inventory_pool_id`),
  CONSTRAINT `partitions_model_id_fk` FOREIGN KEY (`model_id`) REFERENCES `models` (`id`) ON DELETE CASCADE,
  CONSTRAINT `partitions_group_id_fk` FOREIGN KEY (`group_id`) REFERENCES `groups` (`id`),
  CONSTRAINT `partitions_inventory_pool_id_fk` FOREIGN KEY (`inventory_pool_id`) REFERENCES `inventory_pools` (`id`)
) ENGINE=InnoDB AUTO_INCREMENT=12 DEFAULT CHARSET=utf8 COLLATE=utf8_unicode_ci;
/*!40101 SET character_set_client = @saved_cs_client */;

--
-- Dumping data for table `partitions`
--

LOCK TABLES `partitions` WRITE;
/*!40000 ALTER TABLE `partitions` DISABLE KEYS */;
INSERT INTO `partitions` VALUES (1,111,1,4,1),(2,149,1,5,1),(3,150,1,6,5),(4,148,1,1,1),(5,80,1,1,1),(6,80,1,2,1),(7,168,1,7,1),(8,175,1,7,1),(9,184,1,7,1),(10,194,1,8,1),(11,201,1,7,1);
/*!40000 ALTER TABLE `partitions` ENABLE KEYS */;
UNLOCK TABLES;

--
-- Temporary table structure for view `partitions_with_generals`
--

DROP TABLE IF EXISTS `partitions_with_generals`;
/*!50001 DROP VIEW IF EXISTS `partitions_with_generals`*/;
SET @saved_cs_client     = @@character_set_client;
SET character_set_client = utf8;
/*!50001 CREATE TABLE `partitions_with_generals` (
  `model_id` int(11),
  `inventory_pool_id` int(11),
  `group_id` int(11),
  `quantity` decimal(33,0)
) ENGINE=MyISAM */;
SET character_set_client = @saved_cs_client;

--
-- Table structure for table `properties`
--

DROP TABLE IF EXISTS `properties`;
/*!40101 SET @saved_cs_client     = @@character_set_client */;
/*!40101 SET character_set_client = utf8 */;
CREATE TABLE `properties` (
  `id` int(11) NOT NULL AUTO_INCREMENT,
  `model_id` int(11) DEFAULT NULL,
  `key` varchar(255) COLLATE utf8_unicode_ci DEFAULT NULL,
  `value` varchar(255) COLLATE utf8_unicode_ci DEFAULT NULL,
  PRIMARY KEY (`id`),
  KEY `index_properties_on_model_id` (`model_id`),
  CONSTRAINT `properties_model_id_fk` FOREIGN KEY (`model_id`) REFERENCES `models` (`id`) ON DELETE CASCADE
) ENGINE=InnoDB AUTO_INCREMENT=13 DEFAULT CHARSET=utf8 COLLATE=utf8_unicode_ci;
/*!40101 SET character_set_client = @saved_cs_client */;

--
-- Dumping data for table `properties`
--

LOCK TABLES `properties` WRITE;
/*!40000 ALTER TABLE `properties` DISABLE KEYS */;
INSERT INTO `properties` VALUES (1,148,'Rotorduchmesser','120'),(2,148,'Akkus','2'),(3,148,'Farbe','Rot'),(4,149,'Rotorduchmesser','120'),(5,149,'Akkus','2'),(6,149,'Farbe','Rot'),(7,149,'max. Speed','80 kmh'),(8,149,'Gyro','Ja'),(9,149,'Achsen','3-Achsen'),(10,150,'Rotorduchmesser','120'),(11,150,'Akkus','2'),(12,150,'Farbe','Rot');
/*!40000 ALTER TABLE `properties` ENABLE KEYS */;
UNLOCK TABLES;

--
-- Table structure for table `purposes`
--

DROP TABLE IF EXISTS `purposes`;
/*!40101 SET @saved_cs_client     = @@character_set_client */;
/*!40101 SET character_set_client = utf8 */;
CREATE TABLE `purposes` (
  `id` int(11) NOT NULL AUTO_INCREMENT,
  `description` text COLLATE utf8_unicode_ci,
  PRIMARY KEY (`id`)
) ENGINE=InnoDB AUTO_INCREMENT=48 DEFAULT CHARSET=utf8 COLLATE=utf8_unicode_ci;
/*!40101 SET character_set_client = @saved_cs_client */;

--
-- Dumping data for table `purposes`
--

LOCK TABLES `purposes` WRITE;
/*!40000 ALTER TABLE `purposes` DISABLE KEYS */;
INSERT INTO `purposes` VALUES (1,'---\n- Sapiente maxime non explicabo.\n- Deleniti aut sint iusto veritatis repellat ut.\n'),(2,'---\n- Ipsam ut laboriosam officiis eos.\n- Atque et et temporibus.\n'),(3,'Ersatzstativ fr die Ausstellung.'),(4,'Ersatzstativ fr die Ausstellung.'),(5,'Ersatzstativ fr die Ausstellung.'),(6,'Ersatzstativ fr die Ausstellung.'),(7,'Ersatzstativ fr die Ausstellung.'),(8,'Ersatzstativ fr die Ausstellung.'),(9,'Ersatzstativ fr die Ausstellung.'),(10,'Ersatzstativ fr die Ausstellung.'),(11,'Ersatzstativ fr die Ausstellung.'),(12,'Ersatzstativ fr die Ausstellung.'),(13,'Ersatzstativ fr die Ausstellung.'),(14,'Ersatzstativ fr die Ausstellung.'),(15,'Ratione voluptates labore fugit enim nemo.'),(16,'Enim asperiores aliquid reprehenderit inventore.'),(17,'Laudantium sit voluptatem vitae blanditiis alias sed.'),(18,'Et voluptatem earum adipisci maxime tenetur asperiores.'),(19,'Eaque consequatur aperiam nihil.'),(20,'Beatae reiciendis voluptatem deserunt dolorem consectetur illo ratione autem.'),(21,'Est reprehenderit vitae sed.'),(22,'Placeat eaque voluptatum et quia.'),(23,'Bentige ich fr die Aufnahmen meiner Abschlussarbeit.'),(24,'Corporis sunt est et explicabo.'),(25,'Voluptates vitae quia alias corporis eligendi.'),(26,'Corrupti impedit hic quis.'),(27,'Molestiae corporis aut rem atque.'),(28,'Ersatzstativ fr die Ausstellung.'),(29,'Fr das zweite Austellungswochenende.'),(30,'Fr das dritte Austellungswochenende.'),(31,'Fr die Abschlussarbeit.'),(32,'Ersatzstativ fr die Ausstellung.'),(33,'Bestellung mit Software'),(34,'Bestellung mit Gegenstand ohne Ort'),(35,'Um meine Abschlussarbeit zu fotografieren.'),(36,'Quaerat necessitatibus qui error repellat sequi omnis.'),(37,'Um meine Abschlussarbeit zu fotografieren.'),(38,'Um meine Abschlussarbeit zu fotografieren.'),(39,'Sit dolore at molestiae suscipit atque commodi.'),(40,'Paketausgabe'),(41,'Fr meinen aktuellen Kurs.'),(42,'Ersatzstativ fr die Ausstellung.'),(43,'Um meine Abschlussarbeit zu fotografieren.'),(44,'Fotoshooting (Kurs Fotografie).'),(45,'Brauche ich zwingend fr meinen Kurs.'),(46,'Ganz dringend bentigt fr meine Abschlussarbeit.'),(47,'Als Ersatz.');
/*!40000 ALTER TABLE `purposes` ENABLE KEYS */;
UNLOCK TABLES;

--
-- Table structure for table `schema_migrations`
--

DROP TABLE IF EXISTS `schema_migrations`;
/*!40101 SET @saved_cs_client     = @@character_set_client */;
/*!40101 SET character_set_client = utf8 */;
CREATE TABLE `schema_migrations` (
  `version` varchar(255) COLLATE utf8_unicode_ci NOT NULL,
  UNIQUE KEY `unique_schema_migrations` (`version`)
) ENGINE=InnoDB DEFAULT CHARSET=utf8 COLLATE=utf8_unicode_ci;
/*!40101 SET character_set_client = @saved_cs_client */;

--
-- Dumping data for table `schema_migrations`
--

LOCK TABLES `schema_migrations` WRITE;
/*!40000 ALTER TABLE `schema_migrations` DISABLE KEYS */;
INSERT INTO `schema_migrations` VALUES ('20140410180000'),('20140414100000'),('20140415083535'),('20140417113831'),('20140428092844'),('20140515131025'),('20140812132326'),('20140820100242'),('20140828082448'),('20140901141016'),('20140903105715');
/*!40000 ALTER TABLE `schema_migrations` ENABLE KEYS */;
UNLOCK TABLES;

--
-- Table structure for table `settings`
--

DROP TABLE IF EXISTS `settings`;
/*!40101 SET @saved_cs_client     = @@character_set_client */;
/*!40101 SET character_set_client = utf8 */;
CREATE TABLE `settings` (
  `id` int(11) NOT NULL AUTO_INCREMENT,
  `smtp_address` varchar(255) COLLATE utf8_unicode_ci DEFAULT NULL,
  `smtp_port` int(11) DEFAULT NULL,
  `smtp_domain` varchar(255) COLLATE utf8_unicode_ci DEFAULT NULL,
  `local_currency_string` varchar(255) COLLATE utf8_unicode_ci DEFAULT NULL,
  `contract_terms` text COLLATE utf8_unicode_ci,
  `contract_lending_party_string` text COLLATE utf8_unicode_ci,
  `email_signature` varchar(255) COLLATE utf8_unicode_ci DEFAULT NULL,
  `default_email` varchar(255) COLLATE utf8_unicode_ci DEFAULT NULL,
  `deliver_order_notifications` tinyint(1) DEFAULT NULL,
  `user_image_url` varchar(255) COLLATE utf8_unicode_ci DEFAULT NULL,
  `ldap_config` varchar(255) COLLATE utf8_unicode_ci DEFAULT NULL,
  `logo_url` varchar(255) COLLATE utf8_unicode_ci DEFAULT NULL,
  `mail_delivery_method` varchar(255) COLLATE utf8_unicode_ci DEFAULT NULL,
  `smtp_username` varchar(255) COLLATE utf8_unicode_ci DEFAULT NULL,
  `smtp_password` varchar(255) COLLATE utf8_unicode_ci DEFAULT NULL,
  `smtp_enable_starttls_auto` tinyint(1) NOT NULL DEFAULT '0',
  `smtp_openssl_verify_mode` varchar(255) COLLATE utf8_unicode_ci NOT NULL DEFAULT 'none',
  `time_zone` varchar(255) COLLATE utf8_unicode_ci NOT NULL DEFAULT 'Bern',
  `disable_manage_section` tinyint(1) NOT NULL DEFAULT '0',
  `disable_manage_section_message` text COLLATE utf8_unicode_ci,
  `disable_borrow_section` tinyint(1) NOT NULL DEFAULT '0',
  `disable_borrow_section_message` text COLLATE utf8_unicode_ci,
  `text` text COLLATE utf8_unicode_ci,
  PRIMARY KEY (`id`)
) ENGINE=InnoDB AUTO_INCREMENT=2 DEFAULT CHARSET=utf8 COLLATE=utf8_unicode_ci;
/*!40101 SET character_set_client = @saved_cs_client */;

--
-- Dumping data for table `settings`
--

LOCK TABLES `settings` WRITE;
/*!40000 ALTER TABLE `settings` DISABLE KEYS */;
INSERT INTO `settings` VALUES (1,'smtp.zhdk.ch',25,'beta.ausleihe.zhdk.ch','CHF','Die Benutzerin/der Benutzer ist bei unsachgemsser Handhabung oder Verlust schadenersatzpflichtig. Sie/Er verpflichtet sich, das Material sorgfltig zu behandeln und gereinigt zu retournieren. Bei mangelbehafteter oder verspteter Rckgabe kann eine Ausleihsperre (bis zu 6 Monaten) verhngt werden. Das geliehene Material bleibt jederzeit uneingeschrnktes Eigentum der Zrcher Hochschule der Knste und darf ausschliesslich fr schulische Zwecke eingesetzt werden. Mit ihrer/seiner Unterschrift akzeptiert die Benutzerin/der Benutzer diese Bedingungen sowie die \'Richtlinie zur Ausleihe von Sachen\' der ZHdK und etwaige abteilungsspezifische Ausleih-Richtlinien.','Your\nAddress\nHere','Das PZ-leihs Team','sender@example.com',0,'http://www.zhdk.ch/?person/foto&width=100&compressionlevel=0&id={:id}',NULL,'/assets/image-logo-zhdk.png','test',NULL,NULL,0,'none','Bern',0,NULL,0,NULL,NULL);
/*!40000 ALTER TABLE `settings` ENABLE KEYS */;
UNLOCK TABLES;

--
-- Table structure for table `suppliers`
--

DROP TABLE IF EXISTS `suppliers`;
/*!40101 SET @saved_cs_client     = @@character_set_client */;
/*!40101 SET character_set_client = utf8 */;
CREATE TABLE `suppliers` (
  `id` int(11) NOT NULL AUTO_INCREMENT,
  `name` varchar(255) COLLATE utf8_unicode_ci NOT NULL,
  `created_at` datetime DEFAULT NULL,
  `updated_at` datetime DEFAULT NULL,
  PRIMARY KEY (`id`),
  UNIQUE KEY `index_suppliers_on_name` (`name`)
) ENGINE=InnoDB AUTO_INCREMENT=272 DEFAULT CHARSET=utf8 COLLATE=utf8_unicode_ci;
/*!40101 SET character_set_client = @saved_cs_client */;

--
-- Dumping data for table `suppliers`
--

LOCK TABLES `suppliers` WRITE;
/*!40000 ALTER TABLE `suppliers` DISABLE KEYS */;
INSERT INTO `suppliers` VALUES (1,'etofficiis','2013-09-16 10:21:17','2013-09-16 10:21:17'),(2,'iuremaioresreiciendisfacere','2013-09-16 10:21:17','2013-09-16 10:21:17'),(3,'ametetautinventore','2013-09-16 10:21:17','2013-09-16 10:21:17'),(4,'namquasidicta','2013-09-16 10:21:17','2013-09-16 10:21:17'),(5,'aperiameligendi','2013-09-16 10:21:17','2013-09-16 10:21:17'),(6,'accusamusipsumdolorumsolutaperspiciatis','2013-09-16 10:21:17','2013-09-16 10:21:17'),(7,'fugiatsapienteporroilloet','2013-09-16 10:21:17','2013-09-16 10:21:17'),(8,'laboreblanditiisharum','2013-09-16 10:21:17','2013-09-16 10:21:17'),(9,'etaliquamvoluptasveroneque','2013-09-16 10:21:17','2013-09-16 10:21:17'),(10,'evenietcupiditatenulla','2013-09-16 10:21:17','2013-09-16 10:21:17'),(11,'eaquiamagnisapientetemporibus','2013-09-16 10:21:17','2013-09-16 10:21:17'),(12,'eligendidoloremnon','2013-09-16 10:21:17','2013-09-16 10:21:17'),(13,'ettotamnonidex','2013-09-16 10:21:17','2013-09-16 10:21:17'),(14,'quosaepesedtotamdoloribus','2013-09-16 10:21:17','2013-09-16 10:21:17'),(15,'voluptatesvelitaquevoluptatem','2013-09-16 10:21:17','2013-09-16 10:21:17'),(16,'teneturminima','2013-09-16 10:21:17','2013-09-16 10:21:17'),(17,'nonesse','2013-09-16 10:21:17','2013-09-16 10:21:17'),(18,'minimaestquisquamdictaeum','2013-09-16 10:21:17','2013-09-16 10:21:17'),(19,'reruminaccusamusdistinctio','2013-09-16 10:21:17','2013-09-16 10:21:17'),(20,'distinctioetadeserunt','2013-09-16 10:21:17','2013-09-16 10:21:17'),(21,'estdoloremquevoluptasqui','2013-09-16 10:21:17','2013-09-16 10:21:17'),(22,'sitliberoutunde','2013-09-16 10:21:17','2013-09-16 10:21:17'),(23,'voluptasmolestias','2013-09-16 10:21:17','2013-09-16 10:21:17'),(24,'minusminimamagniomnis','2013-09-16 10:21:17','2013-09-16 10:21:17'),(25,'etdolorem','2013-09-16 10:21:17','2013-09-16 10:21:17'),(26,'totamexercitationemetanimi','2013-09-16 10:21:17','2013-09-16 10:21:17'),(27,'optioreprehenderitdoloribusporroeum','2013-09-16 10:21:17','2013-09-16 10:21:17'),(28,'dignissimosestvelitplaceatquaerat','2013-09-16 10:21:17','2013-09-16 10:21:17'),(29,'suscipitdicta','2013-09-16 10:21:17','2013-09-16 10:21:17'),(30,'etporroasperioresut','2013-09-16 10:21:17','2013-09-16 10:21:17'),(31,'inesttotamin','2013-09-16 10:21:17','2013-09-16 10:21:17'),(32,'cupiditatesitaliquidipsamquidem','2013-09-16 10:21:17','2013-09-16 10:21:17'),(33,'doloretotametut','2013-09-16 10:21:17','2013-09-16 10:21:17'),(34,'quiveritatisundenihil','2013-09-16 10:21:17','2013-09-16 10:21:17'),(35,'praesentiumquiremcorporisculpa','2013-09-16 10:21:17','2013-09-16 10:21:17'),(36,'estaimpeditvitae','2013-09-16 10:21:17','2013-09-16 10:21:17'),(37,'aliasatvoluptatemdelectus','2013-09-16 10:21:17','2013-09-16 10:21:17'),(38,'nullalaudantium','2013-09-16 10:21:17','2013-09-16 10:21:17'),(39,'nullacommodi','2013-09-16 10:21:17','2013-09-16 10:21:17'),(40,'earumutin','2013-09-16 10:21:17','2013-09-16 10:21:17'),(41,'natusquibusdam','2013-09-16 10:21:17','2013-09-16 10:21:17'),(42,'ullamest','2013-09-16 10:21:17','2013-09-16 10:21:17'),(43,'dolorsaepe','2013-09-16 10:21:17','2013-09-16 10:21:17'),(44,'veniamitaque','2013-09-16 10:21:17','2013-09-16 10:21:17'),(45,'nobisestvoluptatemautiusto','2013-09-16 10:21:17','2013-09-16 10:21:17'),(46,'quodvelestillum','2013-09-16 10:21:17','2013-09-16 10:21:17'),(47,'estminima','2013-09-16 10:21:17','2013-09-16 10:21:17'),(48,'accusantiumcumqueblanditiisvoluptatemquia','2013-09-16 10:21:17','2013-09-16 10:21:17'),(49,'voluptatemundecorruptinecessitatibus','2013-09-16 10:21:17','2013-09-16 10:21:17'),(50,'suntexercitationem','2013-09-16 10:21:17','2013-09-16 10:21:17'),(51,'veritatisliberoidfacilispraesentium','2013-09-16 10:21:17','2013-09-16 10:21:17'),(52,'nemoquisquaminoccaecati','2013-09-16 10:21:17','2013-09-16 10:21:17'),(53,'impeditautemasperioressit','2013-09-16 10:21:17','2013-09-16 10:21:17'),(54,'corruptimaximeremab','2013-09-16 10:21:17','2013-09-16 10:21:17'),(55,'culpaminus','2013-09-16 10:21:17','2013-09-16 10:21:17'),(56,'similiqueundeautemaperiamminima','2013-09-16 10:21:17','2013-09-16 10:21:17'),(57,'nonet','2013-09-16 10:21:17','2013-09-16 10:21:17'),(58,'etquia','2013-09-16 10:21:17','2013-09-16 10:21:17'),(59,'voluptatibusvelid','2013-09-16 10:21:17','2013-09-16 10:21:17'),(60,'istereiciendissedvoluptate','2013-09-16 10:21:17','2013-09-16 10:21:17'),(61,'omnisquamsolutaveritatisquia','2013-09-16 10:21:17','2013-09-16 10:21:17'),(62,'accusantiumassumenda','2013-09-16 10:21:17','2013-09-16 10:21:17'),(63,'rerumipsam','2013-09-16 10:21:17','2013-09-16 10:21:17'),(64,'utundevoluptatem','2013-09-16 10:21:17','2013-09-16 10:21:17'),(65,'beataedistinctiovel','2013-09-16 10:21:17','2013-09-16 10:21:17'),(66,'sedevenietnatus','2013-09-16 10:21:17','2013-09-16 10:21:17'),(67,'delenitiquialiquamutaccusamus','2013-09-16 10:21:17','2013-09-16 10:21:17'),(68,'nihilmaximeofficiissuscipit','2013-09-16 10:21:17','2013-09-16 10:21:17'),(69,'illoaliquamdeleniti','2013-09-16 10:21:17','2013-09-16 10:21:17'),(70,'sintmolestiasexpeditaveniamvoluptatibus','2013-09-16 10:21:17','2013-09-16 10:21:17'),(71,'dignissimostenetur','2013-09-16 10:21:17','2013-09-16 10:21:17'),(72,'utestdolores','2013-09-16 10:21:17','2013-09-16 10:21:17'),(73,'voluptatumdolores','2013-09-16 10:21:17','2013-09-16 10:21:17'),(74,'sapienteessefacereiuretotam','2013-09-16 10:21:17','2013-09-16 10:21:17'),(75,'eummolestiaealiquideligendi','2013-09-16 10:21:17','2013-09-16 10:21:17'),(76,'errorullamutofficiisdolor','2013-09-16 10:21:17','2013-09-16 10:21:17'),(77,'sintut','2013-09-16 10:21:17','2013-09-16 10:21:17'),(78,'quamsitquia','2013-09-16 10:21:17','2013-09-16 10:21:17'),(79,'eavoluptatemaliquidenim','2013-09-16 10:21:17','2013-09-16 10:21:17'),(80,'sapienteestexqui','2013-09-16 10:21:17','2013-09-16 10:21:17'),(81,'temporibusdoloremremperferendisvel','2013-09-16 10:21:17','2013-09-16 10:21:17'),(82,'omnisquosest','2013-09-16 10:21:17','2013-09-16 10:21:17'),(83,'sedsitoptiooccaecatireprehenderit','2013-09-16 10:21:17','2013-09-16 10:21:17'),(84,'repellendusmaiores','2013-09-16 10:21:17','2013-09-16 10:21:17'),(85,'ipsamquodutetsint','2013-09-16 10:21:17','2013-09-16 10:21:17'),(86,'repudiandaefacilisqui','2013-09-16 10:21:17','2013-09-16 10:21:17'),(87,'siteiusducimusut','2013-09-16 10:21:17','2013-09-16 10:21:17'),(88,'veldoloremquelaudantiumdolorem','2013-09-16 10:21:17','2013-09-16 10:21:17'),(89,'estetconsequatur','2013-09-16 10:21:17','2013-09-16 10:21:17'),(90,'reprehenderitauthic','2013-09-16 10:21:17','2013-09-16 10:21:17'),(91,'doloresvoluptassaepeaut','2013-09-16 10:21:17','2013-09-16 10:21:17'),(92,'voluptatemidfacilis','2013-09-16 10:21:17','2013-09-16 10:21:17'),(93,'quivelit','2013-09-16 10:21:17','2013-09-16 10:21:17'),(94,'fugitquiquoprovident','2013-09-16 10:21:17','2013-09-16 10:21:17'),(95,'fugiatreiciendisminussimilique','2013-09-16 10:21:17','2013-09-16 10:21:17'),(96,'repellendusomnisessesit','2013-09-16 10:21:17','2013-09-16 10:21:17'),(97,'consequaturperferendisdelectus','2013-09-16 10:21:17','2013-09-16 10:21:17'),(98,'cumabdolorum','2013-09-16 10:21:17','2013-09-16 10:21:17'),(99,'atquevoluptatesed','2013-09-16 10:21:17','2013-09-16 10:21:17'),(100,'quamet','2013-09-16 10:21:17','2013-09-16 10:21:17'),(101,'enimnonsed','2013-09-16 10:21:17','2013-09-16 10:21:17'),(102,'eossedinquieum','2013-09-16 10:21:17','2013-09-16 10:21:17'),(103,'voluptatemiste','2013-09-16 10:21:17','2013-09-16 10:21:17'),(104,'essemolestiaedelectus','2013-09-16 10:21:17','2013-09-16 10:21:17'),(105,'atmollitiaassumenda','2013-09-16 10:21:17','2013-09-16 10:21:17'),(106,'nemodoloremqueeaquesint','2013-09-16 10:21:17','2013-09-16 10:21:17'),(107,'assumendavoluptatum','2013-09-16 10:21:17','2013-09-16 10:21:17'),(108,'nulladebitisearumdolores','2013-09-16 10:21:17','2013-09-16 10:21:17'),(109,'etexercitationem','2013-09-16 10:21:17','2013-09-16 10:21:17'),(110,'autdignissimos','2013-09-16 10:21:17','2013-09-16 10:21:17'),(111,'liberoquo','2013-09-16 10:21:17','2013-09-16 10:21:17'),(112,'atconsequaturiustonostrum','2013-09-16 10:21:17','2013-09-16 10:21:17'),(113,'inciduntofficiis','2013-09-16 10:21:17','2013-09-16 10:21:17'),(114,'teneturadipiscicumsuntiure','2013-09-16 10:21:17','2013-09-16 10:21:17'),(115,'nonconsequatur','2013-09-16 10:21:17','2013-09-16 10:21:17'),(116,'aliquamlaborumquibusdam','2013-09-16 10:21:17','2013-09-16 10:21:17'),(117,'animivelitin','2013-09-16 10:21:17','2013-09-16 10:21:17'),(118,'nobisperspiciatisinofficiisnisi','2013-09-16 10:21:17','2013-09-16 10:21:17'),(119,'molestiaseaarchitecto','2013-09-16 10:21:17','2013-09-16 10:21:17'),(120,'quiscommodimolestiaeetmaiores','2013-09-16 10:21:17','2013-09-16 10:21:17'),(121,'laudantiumomnisearumsitest','2013-09-16 10:21:17','2013-09-16 10:21:17'),(122,'cumqueetquiexplicabo','2013-09-16 10:21:17','2013-09-16 10:21:17'),(123,'voluptatemnamblanditiisiustominus','2013-09-16 10:21:17','2013-09-16 10:21:17'),(124,'praesentiumad','2013-09-16 10:21:17','2013-09-16 10:21:17'),(125,'etetblanditiisperferendis','2013-09-16 10:21:17','2013-09-16 10:21:17'),(126,'doloreslaudantium','2013-09-16 10:21:17','2013-09-16 10:21:17'),(127,'nullaidvoluptatemplaceatrerum','2013-09-16 10:21:17','2013-09-16 10:21:17'),(128,'quasat','2013-09-16 10:21:17','2013-09-16 10:21:17'),(129,'undenihil','2013-09-16 10:21:17','2013-09-16 10:21:17'),(130,'etmodilaudantiumsedperferendis','2013-09-16 10:21:17','2013-09-16 10:21:17'),(131,'praesentiumtempore','2013-09-16 10:21:17','2013-09-16 10:21:17'),(132,'rationeoditsedpariatur','2013-09-16 10:21:17','2013-09-16 10:21:17'),(133,'nequedoloremque','2013-09-16 10:21:17','2013-09-16 10:21:17'),(134,'providenteos','2013-09-16 10:21:17','2013-09-16 10:21:17'),(135,'nequenatusratione','2013-09-16 10:21:17','2013-09-16 10:21:17'),(136,'suntautvoluptasutvoluptatem','2013-09-16 10:21:17','2013-09-16 10:21:17'),(137,'fugiatquiadoloremque','2013-09-16 10:21:17','2013-09-16 10:21:17'),(138,'eosdictacorrupti','2013-09-16 10:21:17','2013-09-16 10:21:17'),(139,'ipsamnonexercitationem','2013-09-16 10:21:17','2013-09-16 10:21:17'),(140,'necessitatibusexcepturimaximequisquas','2013-09-16 10:21:17','2013-09-16 10:21:17'),(141,'quianobissitquialaborum','2013-09-16 10:21:17','2013-09-16 10:21:17'),(142,'consequatursedinventore','2013-09-16 10:21:17','2013-09-16 10:21:17'),(143,'remnamvoluptatemest','2013-09-16 10:21:17','2013-09-16 10:21:17'),(144,'estquodaccusantiumquosrepellendus','2013-09-16 10:21:17','2013-09-16 10:21:17'),(145,'magnamexpeditaharum','2013-09-16 10:21:17','2013-09-16 10:21:17'),(146,'namomnisplaceatlibero','2013-09-16 10:21:17','2013-09-16 10:21:17'),(147,'ipsadolorem','2013-09-16 10:21:17','2013-09-16 10:21:17'),(148,'reminventoreexercitationemnonblanditiis','2013-09-16 10:21:17','2013-09-16 10:21:17'),(149,'architectoreiciendistotamfugiat','2013-09-16 10:21:17','2013-09-16 10:21:17'),(150,'harumdoloreseum','2013-09-16 10:21:17','2013-09-16 10:21:17'),(151,'temporaexercitationemdolorenemout','2013-09-16 10:21:17','2013-09-16 10:21:17'),(152,'quiconsequuntur','2013-09-16 10:21:17','2013-09-16 10:21:17'),(153,'similiquevoluptatem','2013-09-15 02:35:43','2013-09-15 02:35:43'),(154,'temporepariaturautquasvitae','2013-09-15 02:35:43','2013-09-15 02:35:43'),(155,'estassumendaexercitationemasperioresodit','2013-09-15 02:35:43','2013-09-15 02:35:43'),(156,'auteum','2013-09-15 02:35:43','2013-09-15 02:35:43'),(157,'estinventore','2013-09-15 02:35:43','2013-09-15 02:35:43'),(158,'autemnamvelit','2013-09-15 02:35:43','2013-09-15 02:35:43'),(159,'nostrumexaqui','2013-09-15 02:35:43','2013-09-15 02:35:43'),(160,'estestquiipsa','2013-09-15 02:35:43','2013-09-15 02:35:43'),(161,'utquaetemporeiusto','2013-09-15 02:35:43','2013-09-15 02:35:43'),(162,'adquia','2013-09-15 02:35:43','2013-09-15 02:35:43'),(163,'voluptatemquidemimpeditcommodi','2013-09-15 02:35:43','2013-09-15 02:35:43'),(164,'quitemporainquiscum','2013-09-15 02:35:43','2013-09-15 02:35:43'),(165,'voluptassintassumendaneque','2013-09-15 02:35:43','2013-09-15 02:35:43'),(166,'dolorbeataereiciendis','2013-09-15 02:35:43','2013-09-15 02:35:43'),(167,'voluptatibusquas','2013-09-15 02:35:43','2013-09-15 02:35:43'),(168,'iureearumaconsequatur','2013-09-15 02:35:43','2013-09-15 02:35:43'),(169,'deseruntfacereipsaet','2013-09-15 02:35:43','2013-09-15 02:35:43'),(170,'consequaturexullamquaerataut','2013-09-15 02:35:43','2013-09-15 02:35:43'),(171,'repellatfacerererum','2013-09-15 02:35:43','2013-09-15 02:35:43'),(172,'autplaceat','2013-09-15 02:35:43','2013-09-15 02:35:43'),(173,'doloribusautdoloremquemodi','2013-09-15 02:35:43','2013-09-15 02:35:43'),(174,'quisquamhicsunteaque','2013-09-12 00:54:29','2013-09-12 00:54:29'),(175,'etsuscipitquia','2013-09-12 00:54:29','2013-09-12 00:54:29'),(176,'namvoluptasdoloremeiuseum','2013-09-12 00:54:29','2013-09-12 00:54:29'),(177,'inciduntporro','2013-09-11 14:30:50','2013-09-11 14:30:50'),(178,'liberoet','2013-09-11 14:30:50','2013-09-11 14:30:50'),(179,'nesciuntipsumrecusandaeautvoluptate','2013-09-11 14:30:50','2013-09-11 14:30:50'),(180,'eiusrepudiandaetotam','2013-09-11 14:30:50','2013-09-11 14:30:50'),(181,'repellendusquasiquo','2013-09-11 14:30:50','2013-09-11 14:30:50'),(182,'minusteneturetet','2013-09-11 14:30:50','2013-09-11 14:30:50'),(183,'optiosedex','2013-09-16 10:21:17','2013-09-16 10:21:17'),(184,'hicipsasuntexpeditavoluptate','2013-09-16 10:21:17','2013-09-16 10:21:17'),(185,'voluptatemoccaecatiillo','2013-09-16 10:21:17','2013-09-16 10:21:17'),(186,'ipsaeumlaborumvitae','2013-09-16 10:21:17','2013-09-16 10:21:17'),(187,'maioreseterrorfugaquia','2013-09-16 10:21:17','2013-09-16 10:21:17'),(188,'nonautautemnecessitatibus','2013-09-16 10:21:17','2013-09-16 10:21:17'),(189,'doloresquisidsed','2013-09-16 10:21:17','2013-09-16 10:21:17'),(190,'recusandaeullamunde','2013-09-16 10:21:17','2013-09-16 10:21:17'),(191,'exercitationemcumquiblanditiisrem','2013-09-16 10:21:17','2013-09-16 10:21:17'),(192,'ipsasuscipitnobissunt','2013-09-16 10:21:17','2013-09-16 10:21:17'),(193,'quinecessitatibus','2013-09-16 10:21:17','2013-09-16 10:21:17'),(194,'occaecatieius','2013-09-16 10:21:17','2013-09-16 10:21:17'),(195,'exdelectusitaqueeaquearchitecto','2013-09-16 10:21:17','2013-09-16 10:21:17'),(196,'quaeexcepturi','2013-09-16 10:21:17','2013-09-16 10:21:17'),(197,'facilisvoluptatemveniamrerum','2013-09-16 10:21:17','2013-09-16 10:21:17'),(198,'maximererumipsamvoluptatum','2013-09-16 10:21:17','2013-09-16 10:21:17'),(199,'temporibusrepellat','2013-09-16 10:21:17','2013-09-16 10:21:17'),(200,'hicomnisa','2013-09-16 10:21:17','2013-09-16 10:21:17'),(201,'undeexpedita','2013-09-16 10:21:17','2013-09-16 10:21:17'),(202,'nemodelenitivoluptas','2013-09-11 00:00:00','2013-09-11 00:00:00'),(203,'nobisasperioresaccusantiumautvoluptates','2013-09-11 00:00:00','2013-09-11 00:00:00'),(204,'ipsasedculpaerror','2013-09-11 00:00:00','2013-09-11 00:00:00'),(205,'enimet','2013-09-16 10:21:17','2013-09-16 10:21:17'),(206,'doloremqueenimerrorreiciendiscorrupti','2013-09-16 10:21:17','2013-09-16 10:21:17'),(207,'cupiditatetotamautsunt','2013-09-16 10:21:17','2013-09-16 10:21:17'),(208,'dolortotam','2013-09-16 10:21:17','2013-09-16 10:21:17'),(209,'voluptatumquiaevenietaliquammagnam','2013-09-16 10:21:17','2013-09-16 10:21:17'),(210,'officiisaliquam','2013-09-16 10:21:17','2013-09-16 10:21:17'),(211,'etmollitiavoluptatemnihiltempore','2013-09-16 10:21:17','2013-09-16 10:21:17'),(212,'magnamminus','2013-09-16 10:21:17','2013-09-16 10:21:17'),(213,'itaquemodi','2013-09-16 10:21:17','2013-09-16 10:21:17'),(214,'itaqueillumvoluptatessuscipit','2013-09-16 10:21:17','2013-09-16 10:21:17'),(215,'quodolorumtemporibusaliquid','2013-09-16 10:21:17','2013-09-16 10:21:17'),(216,'dolorimpeditestcum','2013-09-16 10:21:17','2013-09-16 10:21:17'),(217,'voluptatemomnis','2013-09-16 10:21:17','2013-09-16 10:21:17'),(218,'quiexplicaboeumvoluptatumdolore','2013-09-16 10:21:17','2013-09-16 10:21:17'),(219,'voluptatumdoloribus','2013-09-16 10:21:17','2013-09-16 10:21:17'),(220,'verominus','2013-09-11 00:00:00','2013-09-11 00:00:00'),(221,'quiaquipossimusidvoluptatem','2013-09-11 00:00:00','2013-09-11 00:00:00'),(222,'optioconsequatur','2013-09-11 00:00:00','2013-09-11 00:00:00'),(223,'quasiautquiaconsequuntur','2013-09-11 00:00:00','2013-09-11 00:00:00'),(224,'pariaturexpedita','2013-09-11 00:00:00','2013-09-11 00:00:00'),(225,'minusvoluptatemomnis','2013-09-16 10:21:17','2013-09-16 10:21:17'),(226,'nequeutaperiam','2013-09-16 10:21:17','2013-09-16 10:21:17'),(227,'quiaametautquisqui','2013-09-16 10:21:17','2013-09-16 10:21:17'),(228,'ipsumnobisnam','2013-09-16 10:21:17','2013-09-16 10:21:17'),(229,'blanditiisatqueassumendadolordelectus','2013-09-16 10:21:17','2013-09-16 10:21:17'),(230,'quivoluptatesoditimpediteaque','2013-09-16 10:21:17','2013-09-16 10:21:17'),(231,'sintmaioresaliasquibusdam','2013-09-16 10:21:17','2013-09-16 10:21:17'),(232,'saepesitquasquisquam','2013-09-16 10:21:17','2013-09-16 10:21:17'),(233,'quiullam','2013-09-16 10:21:17','2013-09-16 10:21:17'),(234,'quodaliasexpedita','2013-09-16 10:21:17','2013-09-16 10:21:17'),(235,'nequeeumin','2013-09-16 10:21:17','2013-09-16 10:21:17'),(236,'eligendiexcepturi','2013-09-16 10:21:17','2013-09-16 10:21:17'),(237,'dolortotamsunt','2013-09-16 10:21:17','2013-09-16 10:21:17'),(238,'utquis','2013-09-16 10:21:17','2013-09-16 10:21:17'),(239,'quoquisquamfacilisetofficiis','2013-09-16 10:21:17','2013-09-16 10:21:17'),(240,'aberrorcumquedolorem','2013-09-16 10:21:17','2013-09-16 10:21:17'),(241,'quamomnisveniamdeserunteius','2013-09-16 10:21:17','2013-09-16 10:21:17'),(242,'quinullaautem','2013-09-16 10:21:17','2013-09-16 10:21:17'),(243,'sintexpedita','2013-09-16 10:21:17','2013-09-16 10:21:17'),(244,'eosexetasperiores','2013-09-16 10:21:17','2013-09-16 10:21:17'),(245,'etexplicabodelenitireprehenderit','2013-09-16 10:21:17','2013-09-16 10:21:17'),(246,'suntrecusandae','2013-09-16 10:21:17','2013-09-16 10:21:17'),(247,'etetdolor','2013-09-16 10:21:17','2013-09-16 10:21:17'),(248,'quisquamveritatisiureomnissed','2013-09-16 10:21:17','2013-09-16 10:21:17'),(249,'quoquibusdamestplaceat','2013-09-16 10:21:17','2013-09-16 10:21:17'),(250,'quiavitaequibusdamnesciuntest','2013-09-16 10:21:17','2013-09-16 10:21:17'),(251,'abetestlabore','2013-09-16 10:21:17','2013-09-16 10:21:17'),(252,'suntexplicaboomnismaiores','2013-09-16 10:21:17','2013-09-16 10:21:17'),(253,'quiadoloremadcumut','2013-09-16 10:21:17','2013-09-16 10:21:17'),(254,'atsimiliqueisteullam','2013-09-16 10:21:17','2013-09-16 10:21:17'),(255,'quietsitliberonisi','2013-09-16 10:21:17','2013-09-16 10:21:17'),(256,'vitaepariaturomnisdoloribus','2013-09-16 10:21:17','2013-09-16 10:21:17'),(257,'doloremquemollitia','2013-09-16 10:21:17','2013-09-16 10:21:17'),(258,'suscipititaquesitenim','2013-09-16 10:21:17','2013-09-16 10:21:17'),(259,'officiisomnisvoluptasutquaerat','2013-09-16 10:21:17','2013-09-16 10:21:17'),(260,'autcumqueconsequatur','2013-09-16 10:21:17','2013-09-16 10:21:17'),(261,'doloribuscorruptiomnis','2013-09-16 10:21:17','2013-09-16 10:21:17'),(262,'namautveniam','2013-09-16 10:21:17','2013-09-16 10:21:17'),(263,'cupiditateet','2013-09-16 10:21:17','2013-09-16 10:21:17'),(264,'fugavoluptatemeaeumomnis','2013-09-16 10:21:17','2013-09-16 10:21:17'),(265,'fugiatsaepesedet','2013-09-16 10:21:17','2013-09-16 10:21:17'),(266,'laborumeiusetest','2013-09-16 10:21:17','2013-09-16 10:21:17'),(267,'eaquemagnamut','2013-09-16 10:21:17','2013-09-16 10:21:17'),(268,'quaeratabnecessitatibussedaliquam','2013-09-16 10:21:17','2013-09-16 10:21:17'),(269,'ipsamcommodiducimus','2013-09-16 10:21:17','2013-09-16 10:21:17'),(270,'voluptatumrerumquodoloremquealiquam','2013-09-16 10:21:17','2013-09-16 10:21:17'),(271,'expeditaabullam','2013-09-16 10:21:17','2013-09-16 10:21:17');
/*!40000 ALTER TABLE `suppliers` ENABLE KEYS */;
UNLOCK TABLES;

--
-- Table structure for table `users`
--

DROP TABLE IF EXISTS `users`;
/*!40101 SET @saved_cs_client     = @@character_set_client */;
/*!40101 SET character_set_client = utf8 */;
CREATE TABLE `users` (
  `id` int(11) NOT NULL AUTO_INCREMENT,
  `login` varchar(255) COLLATE utf8_unicode_ci DEFAULT NULL,
  `firstname` varchar(255) COLLATE utf8_unicode_ci DEFAULT NULL,
  `lastname` varchar(255) COLLATE utf8_unicode_ci DEFAULT NULL,
  `phone` varchar(255) COLLATE utf8_unicode_ci DEFAULT NULL,
  `authentication_system_id` int(11) DEFAULT '1',
  `unique_id` varchar(255) COLLATE utf8_unicode_ci DEFAULT NULL,
  `email` varchar(255) COLLATE utf8_unicode_ci DEFAULT NULL,
  `badge_id` varchar(255) COLLATE utf8_unicode_ci DEFAULT NULL,
  `address` varchar(255) COLLATE utf8_unicode_ci DEFAULT NULL,
  `city` varchar(255) COLLATE utf8_unicode_ci DEFAULT NULL,
  `zip` varchar(255) COLLATE utf8_unicode_ci DEFAULT NULL,
  `country` varchar(255) COLLATE utf8_unicode_ci DEFAULT NULL,
  `language_id` int(11) DEFAULT NULL,
  `extended_info` text COLLATE utf8_unicode_ci,
  `settings` varchar(1024) COLLATE utf8_unicode_ci DEFAULT NULL,
  `created_at` datetime DEFAULT NULL,
  `updated_at` datetime DEFAULT NULL,
  `delegator_user_id` int(11) DEFAULT NULL,
  PRIMARY KEY (`id`),
  KEY `index_users_on_authentication_system_id` (`authentication_system_id`),
  KEY `users_language_id_fk` (`language_id`),
  KEY `users_delegator_user_id_fk` (`delegator_user_id`),
  CONSTRAINT `users_delegator_user_id_fk` FOREIGN KEY (`delegator_user_id`) REFERENCES `users` (`id`),
  CONSTRAINT `users_authentication_system_id_fk` FOREIGN KEY (`authentication_system_id`) REFERENCES `authentication_systems` (`id`),
  CONSTRAINT `users_language_id_fk` FOREIGN KEY (`language_id`) REFERENCES `languages` (`id`)
) ENGINE=InnoDB AUTO_INCREMENT=37 DEFAULT CHARSET=utf8 COLLATE=utf8_unicode_ci;
/*!40101 SET character_set_client = @saved_cs_client */;

--
-- Dumping data for table `users`
--

LOCK TABLES `users` WRITE;
/*!40000 ALTER TABLE `users` DISABLE KEYS */;
INSERT INTO `users` VALUES (1,'ramon','Ramon','C.','01416703729',1,'nejuqt8ku9zguubnt4','ramon@zhdk.ch','6it46bfxpb3u5yc8oq','3664 Deckow Mission','Berneiceside','M-T3 0BB','Mauritania',2,NULL,'--- !ruby/hash:ActiveSupport::HashWithIndifferentAccess {}\n','2013-09-16 10:21:17','2013-09-16 10:21:17',NULL),(2,'quinton_konopelski_2745','Myrna','Wiza','08004634428',1,'pvr52hnu5ip8plhwc2','mason.hettinger@maggio.info','t6vud0t7rrigj5aw4t','2247 Precious Junction','Jacquelynborough','S-YF0 6NJ','Saint Lucia',1,NULL,'--- !ruby/hash:ActiveSupport::HashWithIndifferentAccess {}\n','2013-09-16 10:21:17','2013-09-16 10:21:17',NULL),(3,'theron_lockman_897','Makenna','Stehr','08005416536',1,'sob11cbhslpqcxvkwk','brielle.beer@marvin.com','0cldh1ls3nflkt3a6u','14007 Nat Shoal','Lake Luellaborough','S-W3Y 2ZB','Serbia',1,NULL,'--- !ruby/hash:ActiveSupport::HashWithIndifferentAccess {}\n','2013-09-16 10:21:17','2013-09-16 10:21:17',NULL),(4,'amos_bailey_8527','Tristian','Schroeder','05512333018',1,'0ow7c7il0q46zgornv','moie@effertz.name','h580qdxltzyxe16qvd','9553 Ryan Lock','New Kamronfurt','T-ZN5N 5NZ','Timor-Leste',1,NULL,'--- !ruby/hash:ActiveSupport::HashWithIndifferentAccess {}\n','2013-09-16 10:21:17','2013-09-16 10:21:17',NULL),(5,'dorothy_1346','Crystel','Toy','0800908450',1,'dgljt7oazgbk50stj4','keyon_kautzer@johns.name','y1tzs7woicnurxjwjn','731 Pacocha Wall','Raeganhaven','T-Z1A 0TB','Tokelau',1,NULL,'--- !ruby/hash:ActiveSupport::HashWithIndifferentAccess {}\n','2013-09-16 10:21:17','2013-09-16 10:21:17',NULL),(6,'eino_collier_5193','Karlee','Johnson','05666067349',1,'lbt87le2ikbpmcoupf','mackenzie.bins@mccullough.info','nq41v4iivug4p5xmas','87783 Irma Harbors','West Michale','U-Z2 6BT','United States of America',1,NULL,'--- !ruby/hash:ActiveSupport::HashWithIndifferentAccess {}\n','2013-09-16 10:21:17','2013-09-16 10:21:17',NULL),(7,'summer.vandervort_4479','Hailee','Ferry','01157483109',1,'agw7lgonp0628hqr83','wilmer@nienow.co.uk','ut4rpcrfzbn4o8ugep','54747 Spencer Lodge','Lake Margaretmouth','B-E73 3OE','Bahamas',1,NULL,'--- !ruby/hash:ActiveSupport::HashWithIndifferentAccess {}\n','2013-09-16 10:21:17','2013-09-16 10:21:17',NULL),(8,'matti','Matti','S.','0800811620',1,'3tx40js50olp7zub21','matti@zhdk.ch','yg14n0zsw6bcmu53aq','530 Sanford Inlet','Port Loraine','P-F5W 1LY','Peru',2,NULL,'--- !ruby/hash:ActiveSupport::HashWithIndifferentAccess {}\n','2013-09-16 10:21:17','2013-09-16 10:21:17',NULL),(9,'mike','Mike','H.','0124553198',1,'xcogogpvie99y0ei4m','mike@zhdk.ch','8p5ni226gcahcls9gg','1599 Kling Canyon','Verdieborough','S-Z3 3RL','San Marino',2,NULL,'--- !ruby/hash:ActiveSupport::HashWithIndifferentAccess {}\n','2013-09-16 10:21:17','2013-09-16 10:21:17',NULL),(10,'andi','Andi','Jacobs','08006709001',1,'d03tro9a6tvqp346b0','andi@zhdk.ch','rdosojv2go8rfgczip','47411 Opal Shoal','Hammesberg','E-UA7 7RR','Eritrea',2,NULL,'--- !ruby/hash:ActiveSupport::HashWithIndifferentAccess {}\n','2013-09-16 10:21:17','2013-09-16 10:21:17',NULL),(11,'marco_2074','Baylee','Kulas','08006085381',1,'z9h84vzyc8grewlczi','delilah_kuhic@schaden.co.uk','suv1pl9ntxwqqk6kq4','645 Schmitt Coves','McLaughlintown','B-W5E 4BX','Botswana',2,NULL,'--- !ruby/hash:ActiveSupport::HashWithIndifferentAccess {}\n','2013-09-16 10:21:17','2013-09-16 10:21:17',NULL),(12,'eleanore_2553','Duane','Schimmel','0169777435',1,'1otduqkb2ncea6z9wh','mervin@franecki.co.uk','lmxei9mvve90hb41of','1080 Rhett Road','Port Tanyahaven','C-TY4W 6ZF','Cote d\'Ivoire',1,NULL,'--- !ruby/hash:ActiveSupport::HashWithIndifferentAccess {}\n','2013-09-16 10:21:17','2013-09-16 10:21:17',NULL),(13,'euna_3115','Ayden','Dooley','01313734941',1,'h2bzq75d9gx35js7xa','lupe_ratke@bruen.name','6wnlki0wl3doo6zeuw','960 Emma Parkways','Schinnerville','P-WY6N 7ZA','Palau',1,NULL,'--- !ruby/hash:ActiveSupport::HashWithIndifferentAccess {}\n','2013-09-16 10:21:17','2013-09-16 10:21:17',NULL),(14,'jayde_4923','Melany','Pfeffer','01643619751',1,'83ewlknsfhyy8wk1fa','chet@robelhayes.info','uowglnvmx3dt4yyw7i','8960 Oswaldo Gardens','Tatestad','G-YH6 5JL','Guernsey',1,NULL,'--- !ruby/hash:ActiveSupport::HashWithIndifferentAccess {}\n','2013-09-16 10:21:17','2013-09-16 10:21:17',NULL),(15,'avery_4629','Antonette','Beier','0169777450',1,'l3hx4xdk0zzzsrgfd3','ola.oconnell@greenholt.name','s85m2ycrzmej3rhs31','95746 Hyatt Fields','North Dashawnberg','G-U8 6SH','Guadeloupe',1,NULL,'--- !ruby/hash:ActiveSupport::HashWithIndifferentAccess {}\n','2013-09-16 10:21:17','2013-09-16 10:21:17',NULL),(16,'briana_447','Shanna','Roob','05547806208',1,'ijbonbim2fhl4p95wh','aron@brekke.co.uk','jcoagekpt7z907i9cy','706 Adam Via','Howellstad','T-U6V 2LH','Timor-Leste',1,NULL,'--- !ruby/hash:ActiveSupport::HashWithIndifferentAccess {}\n','2013-09-16 10:21:17','2013-09-16 10:21:17',NULL),(17,'gino','Gino','F.','05634733567',1,'f171lryeng8qls1mcg','gino@zhdk.ch','trztuw2z76tk36nj87','12217 Stroman Trail','South Vernabury','C-W4 8LB','Chile',2,NULL,'--- !ruby/hash:ActiveSupport::HashWithIndifferentAccess {}\n','2013-09-16 10:21:17','2013-09-16 10:21:17',NULL),(18,'pius','Pius','Feest','0800144543',1,'ni0pvuwx3ackpd29jr','pius@zhdk.ch','afx0ivh03274xgvoof','732 Lockman Estate','West Euna','C-UN4 6DL','Cote d\'Ivoire',2,NULL,'--- !ruby/hash:ActiveSupport::HashWithIndifferentAccess {}\n','2013-09-16 10:21:17','2013-09-16 10:21:17',NULL),(19,'peter','Peter','Silie','02450626296',1,'i0iuarderxon7chtwu','peter@silie.com','29241vthog4xlqhzvo','3236 Luettgen Prairie','Port Cassie','M-ZF1 4BB','Mexico',2,NULL,'--- !ruby/hash:ActiveSupport::HashWithIndifferentAccess {}\n','2013-09-16 10:21:17','2013-09-16 10:21:17',NULL),(20,'dorothy_1197','Dillon','Crist','02941186011',1,'chyd2tb8d3lqt4nqx0','guy.hagenes@bechtelar.info','kswenzwd2js53sggj8','9578 Sawayn Pine','Dachton','S-WQ3 3LE','Slovakia (Slovak Republic)',1,NULL,'--- !ruby/hash:ActiveSupport::HashWithIndifferentAccess {}\n','2013-09-16 10:21:17','2013-09-16 10:21:17',NULL),(21,'haylie_7593','Katarina','Hegmann','03412617083',1,'y83nyp9m955expmn7d','skyla@hane.name','s4iwwl64bxp4uuicf4','428 Windler Fields','Mathewberg','D-SR2 4BL','Democratic People\\\'s Republic of Korea',1,NULL,'--- !ruby/hash:ActiveSupport::HashWithIndifferentAccess {}\n','2013-09-16 10:21:17','2013-09-16 10:21:17',NULL),(22,'torrey.batz_9972','Jovan','Roob','01210609084',1,'dc9g91px3xub4y1rgs','marguerite_keeling@koeppmayert.co.uk','e4t9obyeay1jlnp65u','961 Adelia Lane','Cieloburgh','M-HH5V 1BL','Malaysia',1,NULL,'--- !ruby/hash:ActiveSupport::HashWithIndifferentAccess {}\n','2013-09-16 10:21:17','2013-09-16 10:21:17',NULL),(23,'maida_deckow_1088','Abdullah','Morar','0500297977',1,'0cso5od0o0kcci30mu','kaandra@waelchi.name','v9lmvnm2rlj2ym4m4k','1599 Edyth Skyway','Port Joanny','G-Z6 5BA','Germany',1,NULL,'--- !ruby/hash:ActiveSupport::HashWithIndifferentAccess {}\n','2013-09-16 10:21:17','2013-09-16 10:21:17',NULL),(24,'yvette_2503','Elsie','Hagenes','05615034365',1,'diovrc0rloxadfdleh','hattie_braun@littel.com','opsatp8nt7qktbi2iy','230 Weissnat Dale','Gleasonmouth','B-B6 1ZL','Belarus',1,NULL,'--- !ruby/hash:ActiveSupport::HashWithIndifferentAccess {}\n','2013-09-11 00:00:00','2013-09-11 00:00:00',NULL),(25,'anne_7738','Jamarcus','O\'Kon','03702195428',1,'p5emmitxzqbvpf8wfh','joseph_nolan@ferry.biz','m7y6znvw6pp766llm6','8590 Pfeffer Ville','Trevorton','I-C9E 2DR','Indonesia',1,NULL,'--- !ruby/hash:ActiveSupport::HashWithIndifferentAccess {}\n','2013-09-11 00:00:00','2013-09-11 00:00:00',NULL),(26,'emmalee_erdman_4895','Randal','Renner','01789236059',1,'6l0yu4kz29eitutri7','modesta@reynolds.biz','m8euu4bjdl12zlvupm','63210 Beahan Locks','East Julius','G-ZE9X 3FA','Georgia',1,NULL,'--- !ruby/hash:ActiveSupport::HashWithIndifferentAccess {}\n','2013-09-16 10:21:17','2013-09-16 10:21:17',NULL),(27,'watson.simonis_315','Ila','Torp','01627127048',1,'i9tswaentqkw151zdj','birdie_kub@kshlerin.biz','ob30kb458lqhxy7ie1','863 Cronin Club','South Cecelia','A-EG70 8ZA','Aruba',1,NULL,'--- !ruby/hash:ActiveSupport::HashWithIndifferentAccess {}\n','2013-09-16 10:21:17','2013-09-16 10:21:17',NULL),(28,'mina','Mina','Prohaska','02572104709',1,'274ep7pnbtjfewimnc','mina@zhdk.ch','64l84b6zsdddn9odnh','2508 King Ville','Krystelstad','M-Y4W 1BJ','Montenegro',1,NULL,'--- !ruby/hash:ActiveSupport::HashWithIndifferentAccess {}\n','2013-09-16 10:21:17','2013-09-16 10:21:17',NULL),(29,'julie','Julie','Nicolas','01727806007',1,'kxn0wuqv0i4xxq8mgx','julie@zhdk.ch','0qhsqjvk3mlgz2mu1j','93744 Sauer Views','Willieside','B-W3 5HS','Bahrain',1,NULL,'--- !ruby/hash:ActiveSupport::HashWithIndifferentAccess {}\n','2013-09-16 10:21:17','2013-09-16 10:21:17',NULL),(30,NULL,'Velit molestias vel et.',NULL,NULL,NULL,NULL,NULL,NULL,NULL,NULL,NULL,NULL,1,NULL,'--- !ruby/hash:ActiveSupport::HashWithIndifferentAccess {}\n','2013-09-16 10:21:17','2013-09-16 10:21:17',29),(31,NULL,'Accusantium magnam voluptas dolore et.',NULL,NULL,NULL,NULL,NULL,NULL,NULL,NULL,NULL,NULL,1,NULL,'--- !ruby/hash:ActiveSupport::HashWithIndifferentAccess {}\n','2013-09-16 10:21:17','2013-09-16 10:21:17',28),(32,NULL,'Ipsam non suscipit nam aliquam ex.',NULL,NULL,NULL,NULL,NULL,NULL,NULL,NULL,NULL,NULL,1,NULL,'--- !ruby/hash:ActiveSupport::HashWithIndifferentAccess {}\n','2013-09-16 10:21:17','2013-09-16 10:21:17',28),(33,NULL,'At accusamus eum est reprehenderit nihil.',NULL,NULL,NULL,NULL,NULL,NULL,NULL,NULL,NULL,NULL,1,NULL,'--- !ruby/hash:ActiveSupport::HashWithIndifferentAccess {}\n','2013-09-16 10:21:17','2013-09-16 10:21:17',28),(34,'normin','Normin','N.','01714406264',1,'d00h0rnipn1un481fs','normin@zhdk.ch','mrfpbtnr3fjxqun24d','9879 Larue Islands','Bergnaumberg','P-R2 3LR','Palau',2,NULL,'--- !ruby/hash:ActiveSupport::HashWithIndifferentAccess {}\n','2013-09-16 10:21:17','2013-09-16 10:21:17',NULL),(35,'petra','Petra','K.','0169775715',1,'ehbz7mu2lkn543u098','petra@zhdk.ch','7osid6dz5mteh2yn6h','660 Kurt Forges, ','Fisherview','T-A2 7JL','Trinidad and Tobago',2,NULL,'--- !ruby/hash:ActiveSupport::HashWithIndifferentAccess {}\n','2013-09-16 10:21:17','2013-09-16 10:21:17',NULL),(36,'lisa','Lisa','L.','05573654383',1,'9f9orlsoc4ffpehw1v','lisa@zhdk.ch','40w9jx8fjuhlr9emy8','40131 Steuber Course','Larkinchester','W-W35 3AY','Wallis and Futuna',2,NULL,'--- !ruby/hash:ActiveSupport::HashWithIndifferentAccess {}\n','2013-09-16 10:21:17','2013-09-16 10:21:17',NULL);
/*!40000 ALTER TABLE `users` ENABLE KEYS */;
UNLOCK TABLES;

--
-- Temporary table structure for view `visit_lines`
--

DROP TABLE IF EXISTS `visit_lines`;
/*!50001 DROP VIEW IF EXISTS `visit_lines`*/;
SET @saved_cs_client     = @@character_set_client;
SET character_set_client = utf8;
/*!50001 CREATE TABLE `visit_lines` (
  `visit_id` varchar(86),
  `inventory_pool_id` int(11),
  `user_id` int(11),
  `delegated_user_id` int(11),
  `status` enum('unsubmitted','submitted','rejected','approved','signed','closed'),
  `action` varchar(9),
  `date` date,
  `quantity` int(11),
  `contract_line_id` int(11)
) ENGINE=MyISAM */;
SET character_set_client = @saved_cs_client;

--
-- Temporary table structure for view `visits`
--

DROP TABLE IF EXISTS `visits`;
/*!50001 DROP VIEW IF EXISTS `visits`*/;
SET @saved_cs_client     = @@character_set_client;
SET character_set_client = utf8;
/*!50001 CREATE TABLE `visits` (
  `id` varchar(86),
  `inventory_pool_id` int(11),
  `user_id` int(11),
  `status` enum('unsubmitted','submitted','rejected','approved','signed','closed'),
  `action` varchar(9),
  `date` date,
  `quantity` decimal(32,0)
) ENGINE=MyISAM */;
SET character_set_client = @saved_cs_client;

--
-- Table structure for table `workdays`
--

DROP TABLE IF EXISTS `workdays`;
/*!40101 SET @saved_cs_client     = @@character_set_client */;
/*!40101 SET character_set_client = utf8 */;
CREATE TABLE `workdays` (
  `id` int(11) NOT NULL AUTO_INCREMENT,
  `inventory_pool_id` int(11) DEFAULT NULL,
  `monday` tinyint(1) DEFAULT '1',
  `tuesday` tinyint(1) DEFAULT '1',
  `wednesday` tinyint(1) DEFAULT '1',
  `thursday` tinyint(1) DEFAULT '1',
  `friday` tinyint(1) DEFAULT '1',
  `saturday` tinyint(1) DEFAULT '0',
  `sunday` tinyint(1) DEFAULT '0',
  PRIMARY KEY (`id`),
  KEY `index_workdays_on_inventory_pool_id` (`inventory_pool_id`),
  CONSTRAINT `workdays_inventory_pool_id_fk` FOREIGN KEY (`inventory_pool_id`) REFERENCES `inventory_pools` (`id`) ON DELETE CASCADE
) ENGINE=InnoDB AUTO_INCREMENT=14 DEFAULT CHARSET=utf8 COLLATE=utf8_unicode_ci;
/*!40101 SET character_set_client = @saved_cs_client */;

--
-- Dumping data for table `workdays`
--

LOCK TABLES `workdays` WRITE;
/*!40000 ALTER TABLE `workdays` DISABLE KEYS */;
INSERT INTO `workdays` VALUES (1,1,1,1,1,1,1,0,0),(2,2,1,1,1,1,1,0,0),(3,3,1,1,1,1,1,0,0),(4,4,1,1,1,1,1,0,0),(5,5,1,1,1,1,1,0,0),(6,6,1,1,1,1,1,0,0),(7,7,1,1,1,1,1,0,0),(8,8,1,1,1,1,1,0,0),(9,9,1,1,1,1,1,0,0),(10,10,1,1,1,1,1,0,0),(11,11,1,1,1,1,1,0,0),(12,12,1,1,1,1,1,0,0),(13,13,1,1,1,1,1,0,0);
/*!40000 ALTER TABLE `workdays` ENABLE KEYS */;
UNLOCK TABLES;

--
-- Final view structure for view `partitions_with_generals`
--

/*!50001 DROP TABLE IF EXISTS `partitions_with_generals`*/;
/*!50001 DROP VIEW IF EXISTS `partitions_with_generals`*/;
/*!50001 SET @saved_cs_client          = @@character_set_client */;
/*!50001 SET @saved_cs_results         = @@character_set_results */;
/*!50001 SET @saved_col_connection     = @@collation_connection */;
/*!50001 SET character_set_client      = utf8 */;
/*!50001 SET character_set_results     = utf8 */;
/*!50001 SET collation_connection      = utf8_general_ci */;
/*!50001 CREATE ALGORITHM=UNDEFINED */
/*!50001 VIEW `partitions_with_generals` AS select `partitions`.`model_id` AS `model_id`,`partitions`.`inventory_pool_id` AS `inventory_pool_id`,`partitions`.`group_id` AS `group_id`,`partitions`.`quantity` AS `quantity` from `partitions` union select `i`.`model_id` AS `model_id`,`i`.`inventory_pool_id` AS `inventory_pool_id`,NULL AS `group_id`,(count(`i`.`id`) - ifnull((select sum(`p`.`quantity`) from `partitions` `p` where ((`p`.`model_id` = `i`.`model_id`) and (`p`.`inventory_pool_id` = `i`.`inventory_pool_id`)) group by `p`.`inventory_pool_id`,`p`.`model_id`),0)) AS `quantity` from `items` `i` where (isnull(`i`.`retired`) and (`i`.`is_borrowable` = 1) and isnull(`i`.`parent_id`)) group by `i`.`inventory_pool_id`,`i`.`model_id` */;
/*!50001 SET character_set_client      = @saved_cs_client */;
/*!50001 SET character_set_results     = @saved_cs_results */;
/*!50001 SET collation_connection      = @saved_col_connection */;

--
-- Final view structure for view `visit_lines`
--

/*!50001 DROP TABLE IF EXISTS `visit_lines`*/;
/*!50001 DROP VIEW IF EXISTS `visit_lines`*/;
/*!50001 SET @saved_cs_client          = @@character_set_client */;
/*!50001 SET @saved_cs_results         = @@character_set_results */;
/*!50001 SET @saved_col_connection     = @@collation_connection */;
/*!50001 SET character_set_client      = utf8 */;
/*!50001 SET character_set_results     = utf8 */;
/*!50001 SET collation_connection      = utf8_general_ci */;
/*!50001 CREATE ALGORITHM=UNDEFINED */
/*!50001 VIEW `visit_lines` AS select hex(concat(if((`c`.`status` = 'approved'),`cl`.`start_date`,`cl`.`end_date`),`c`.`inventory_pool_id`,`c`.`user_id`,`c`.`status`)) AS `visit_id`,`c`.`inventory_pool_id` AS `inventory_pool_id`,`c`.`user_id` AS `user_id`,`c`.`delegated_user_id` AS `delegated_user_id`,`c`.`status` AS `status`,if((`c`.`status` = 'approved'),'hand_over','take_back') AS `action`,if((`c`.`status` = 'approved'),`cl`.`start_date`,`cl`.`end_date`) AS `date`,`cl`.`quantity` AS `quantity`,`cl`.`id` AS `contract_line_id` from (`contract_lines` `cl` join `contracts` `c` on((`cl`.`contract_id` = `c`.`id`))) where ((`c`.`status` in ('approved','signed')) and isnull(`cl`.`returned_date`)) order by if((`c`.`status` = 'approved'),`cl`.`start_date`,`cl`.`end_date`) */;
/*!50001 SET character_set_client      = @saved_cs_client */;
/*!50001 SET character_set_results     = @saved_cs_results */;
/*!50001 SET collation_connection      = @saved_col_connection */;

--
-- Final view structure for view `visits`
--

/*!50001 DROP TABLE IF EXISTS `visits`*/;
/*!50001 DROP VIEW IF EXISTS `visits`*/;
/*!50001 SET @saved_cs_client          = @@character_set_client */;
/*!50001 SET @saved_cs_results         = @@character_set_results */;
/*!50001 SET @saved_col_connection     = @@collation_connection */;
/*!50001 SET character_set_client      = utf8 */;
/*!50001 SET character_set_results     = utf8 */;
/*!50001 SET collation_connection      = utf8_general_ci */;
/*!50001 CREATE ALGORITHM=UNDEFINED */
/*!50001 VIEW `visits` AS select hex(concat(`visit_lines`.`date`,`visit_lines`.`inventory_pool_id`,`visit_lines`.`user_id`,`visit_lines`.`status`)) AS `id`,`visit_lines`.`inventory_pool_id` AS `inventory_pool_id`,`visit_lines`.`user_id` AS `user_id`,`visit_lines`.`status` AS `status`,`visit_lines`.`action` AS `action`,`visit_lines`.`date` AS `date`,sum(`visit_lines`.`quantity`) AS `quantity` from `visit_lines` group by `visit_lines`.`user_id`,`visit_lines`.`status`,`visit_lines`.`date`,`visit_lines`.`inventory_pool_id` */;
/*!50001 SET character_set_client      = @saved_cs_client */;
/*!50001 SET character_set_results     = @saved_cs_results */;
/*!50001 SET collation_connection      = @saved_col_connection */;
/*!40103 SET TIME_ZONE=@OLD_TIME_ZONE */;

/*!40101 SET SQL_MODE=@OLD_SQL_MODE */;
/*!40014 SET FOREIGN_KEY_CHECKS=@OLD_FOREIGN_KEY_CHECKS */;
/*!40014 SET UNIQUE_CHECKS=@OLD_UNIQUE_CHECKS */;
/*!40101 SET CHARACTER_SET_CLIENT=@OLD_CHARACTER_SET_CLIENT */;
/*!40101 SET CHARACTER_SET_RESULTS=@OLD_CHARACTER_SET_RESULTS */;
/*!40101 SET COLLATION_CONNECTION=@OLD_COLLATION_CONNECTION */;
/*!40111 SET SQL_NOTES=@OLD_SQL_NOTES */;

-- Dump completed on 2014-09-05 12:35:03
COMMIT;
