SET autocommit=0; SET unique_checks=0; SET foreign_key_checks=0;
-- MySQL dump 10.13  Distrib 5.1.48, for apple-darwin10.3.0 (i386)
--
-- Host: localhost    Database: leihs2_test
-- ------------------------------------------------------
-- Server version	5.1.48

/*!40101 SET @OLD_CHARACTER_SET_CLIENT=@@CHARACTER_SET_CLIENT */;
/*!40101 SET @OLD_CHARACTER_SET_RESULTS=@@CHARACTER_SET_RESULTS */;
/*!40101 SET @OLD_COLLATION_CONNECTION=@@COLLATION_CONNECTION */;
/*!40101 SET NAMES utf8 */;
/*!40103 SET @OLD_TIME_ZONE=@@TIME_ZONE */;
/*!40103 SET TIME_ZONE='+00:00' */;
/*!40014 SET @OLD_UNIQUE_CHECKS=@@UNIQUE_CHECKS, UNIQUE_CHECKS=0 */;
/*!40014 SET @OLD_FOREIGN_KEY_CHECKS=@@FOREIGN_KEY_CHECKS, FOREIGN_KEY_CHECKS=0 */;
/*!40101 SET @OLD_SQL_MODE=@@SQL_MODE, SQL_MODE='NO_AUTO_VALUE_ON_ZERO' */;
/*!40111 SET @OLD_SQL_NOTES=@@SQL_NOTES, SQL_NOTES=0 */;

--
-- Table structure for table `access_rights`
--

DROP TABLE IF EXISTS `access_rights`;
/*!40101 SET @saved_cs_client     = @@character_set_client */;
/*!40101 SET character_set_client = utf8 */;
CREATE TABLE `access_rights` (
  `id` int(11) NOT NULL AUTO_INCREMENT,
  `user_id` int(11) DEFAULT NULL,
  `inventory_pool_id` int(11) DEFAULT NULL,
  `suspended_until` date DEFAULT NULL,
  `suspended_reason` text COLLATE utf8_unicode_ci,
  `deleted_at` date DEFAULT NULL,
  `created_at` datetime DEFAULT NULL,
  `updated_at` datetime DEFAULT NULL,
  `role` enum('customer','group_manager','lending_manager','inventory_manager','admin') COLLATE utf8_unicode_ci NOT NULL,
  PRIMARY KEY (`id`),
  KEY `index_access_rights_on_suspended_until` (`suspended_until`),
  KEY `index_access_rights_on_deleted_at` (`deleted_at`),
  KEY `index_access_rights_on_inventory_pool_id` (`inventory_pool_id`),
  KEY `index_access_rights_on_role` (`role`),
  KEY `index_on_user_id_and_inventory_pool_id_and_deleted_at` (`user_id`,`inventory_pool_id`,`deleted_at`),
  CONSTRAINT `access_rights_user_id_fk` FOREIGN KEY (`user_id`) REFERENCES `users` (`id`),
  CONSTRAINT `access_rights_inventory_pool_id_fk` FOREIGN KEY (`inventory_pool_id`) REFERENCES `inventory_pools` (`id`) ON DELETE CASCADE
) ENGINE=InnoDB AUTO_INCREMENT=41 DEFAULT CHARSET=utf8 COLLATE=utf8_unicode_ci;
/*!40101 SET character_set_client = @saved_cs_client */;

--
-- Dumping data for table `access_rights`
--

LOCK TABLES `access_rights` WRITE;
/*!40000 ALTER TABLE `access_rights` DISABLE KEYS */;
INSERT INTO `access_rights` VALUES (1,1,NULL,NULL,NULL,NULL,'2016-08-27 15:45:50','2016-08-27 15:45:50','admin'),(2,3,3,NULL,NULL,NULL,'2016-08-27 15:45:50','2016-08-27 15:45:50','customer'),(3,4,1,NULL,NULL,NULL,'2016-08-27 15:45:50','2016-08-27 15:45:50','lending_manager'),(4,5,5,NULL,NULL,NULL,'2016-08-27 15:45:50','2016-08-27 15:45:50','customer'),(5,6,9,NULL,NULL,NULL,'2016-08-27 15:45:50','2016-08-27 15:45:50','customer'),(6,7,1,NULL,NULL,'2016-08-27','2016-08-27 15:45:50','2016-08-27 15:45:50','customer'),(7,1,1,NULL,NULL,NULL,'2016-08-27 15:45:50','2016-08-27 15:45:50','customer'),(8,8,2,NULL,NULL,NULL,'2016-08-27 15:45:50','2016-08-27 15:45:50','inventory_manager'),(9,9,1,NULL,NULL,NULL,'2016-08-27 15:45:50','2016-08-27 15:45:50','inventory_manager'),(10,9,11,NULL,NULL,NULL,'2016-08-27 15:45:50','2016-08-27 15:45:50','inventory_manager'),(11,10,1,NULL,NULL,NULL,'2016-08-27 15:45:50','2016-08-27 15:45:50','group_manager'),(12,10,2,NULL,NULL,NULL,'2016-08-27 15:45:50','2016-08-27 15:45:50','group_manager'),(13,10,3,NULL,NULL,NULL,'2016-08-27 15:45:50','2016-08-27 15:45:50','group_manager'),(14,11,1,NULL,NULL,NULL,'2016-08-27 15:45:50','2016-08-27 15:45:50','group_manager'),(15,12,1,NULL,NULL,NULL,'2016-08-27 15:45:50','2016-08-27 15:45:50','customer'),(16,13,1,'2016-08-27','suspreason',NULL,'2016-08-27 15:45:50','2016-08-27 15:45:50','customer'),(17,14,1,NULL,NULL,NULL,'2016-08-27 15:45:50','2016-08-27 15:45:50','customer'),(18,15,1,NULL,NULL,NULL,'2016-08-27 15:45:50','2016-08-27 15:45:50','customer'),(19,16,1,NULL,NULL,NULL,'2016-08-27 15:45:50','2016-08-27 15:45:50','customer'),(20,17,NULL,NULL,NULL,NULL,'2016-08-27 15:45:50','2016-08-27 15:45:50','admin'),(21,18,1,NULL,NULL,NULL,'2016-08-27 15:45:50','2016-08-27 15:45:50','lending_manager'),(22,18,2,NULL,NULL,NULL,'2016-08-27 15:45:50','2016-08-27 15:45:50','lending_manager'),(23,19,1,NULL,NULL,NULL,'2016-08-27 15:45:50','2016-08-27 15:45:50','customer'),(24,20,1,NULL,NULL,NULL,'2016-08-27 15:45:50','2016-08-27 15:45:50','customer'),(25,21,1,NULL,NULL,NULL,'2016-08-27 15:45:50','2016-08-27 15:45:50','customer'),(26,22,1,NULL,NULL,NULL,'2016-08-27 15:45:50','2016-08-27 15:45:50','customer'),(27,23,1,NULL,NULL,NULL,'2016-08-27 15:45:50','2016-08-27 15:45:50','customer'),(28,24,2,'2016-08-23','Sunt sit molestiae iure.',NULL,'2016-08-22 00:00:00','2016-08-22 00:00:00','customer'),(29,28,1,NULL,NULL,NULL,'2016-08-27 15:45:50','2016-08-27 15:45:50','customer'),(30,29,1,NULL,NULL,NULL,'2016-08-27 15:45:50','2016-08-27 15:45:50','customer'),(31,30,1,NULL,NULL,NULL,'2016-08-27 15:45:50','2016-08-27 15:45:50','customer'),(32,31,1,NULL,NULL,NULL,'2016-08-27 15:45:50','2016-08-27 15:45:50','customer'),(33,33,1,NULL,NULL,NULL,'2016-08-27 15:45:50','2016-08-27 15:45:50','customer'),(34,33,12,NULL,NULL,NULL,'2016-08-27 15:45:50','2016-08-27 15:45:50','customer'),(35,34,1,NULL,NULL,NULL,'2016-08-27 15:45:50','2016-08-27 15:45:50','customer'),(36,34,2,NULL,NULL,NULL,'2016-08-27 15:45:50','2016-08-27 15:45:50','customer'),(37,34,3,NULL,NULL,NULL,'2016-08-27 15:45:50','2016-08-27 15:45:50','customer'),(38,34,12,NULL,NULL,'2016-08-26','2016-08-27 15:45:50','2016-08-27 15:45:50','customer'),(39,35,1,NULL,NULL,NULL,'2016-08-27 15:45:50','2016-08-27 15:45:50','customer'),(40,36,1,NULL,NULL,NULL,'2016-08-27 15:45:50','2016-08-27 15:45:50','customer');
/*!40000 ALTER TABLE `access_rights` ENABLE KEYS */;
UNLOCK TABLES;

--
-- Table structure for table `accessories`
--

DROP TABLE IF EXISTS `accessories`;
/*!40101 SET @saved_cs_client     = @@character_set_client */;
/*!40101 SET character_set_client = utf8 */;
CREATE TABLE `accessories` (
  `id` int(11) NOT NULL AUTO_INCREMENT,
  `model_id` int(11) DEFAULT NULL,
  `name` varchar(255) COLLATE utf8_unicode_ci DEFAULT NULL,
  `quantity` int(11) DEFAULT NULL,
  PRIMARY KEY (`id`),
  KEY `index_accessories_on_model_id` (`model_id`),
  CONSTRAINT `accessories_model_id_fk` FOREIGN KEY (`model_id`) REFERENCES `models` (`id`) ON DELETE CASCADE
) ENGINE=InnoDB AUTO_INCREMENT=489 DEFAULT CHARSET=utf8 COLLATE=utf8_unicode_ci;
/*!40101 SET character_set_client = @saved_cs_client */;

--
-- Dumping data for table `accessories`
--

LOCK TABLES `accessories` WRITE;
/*!40000 ALTER TABLE `accessories` DISABLE KEYS */;
INSERT INTO `accessories` VALUES (1,1,'Kameron Gorczany DVM',NULL),(2,1,'Hilda Crona',NULL),(3,1,'Madisyn Bernhard',NULL),(4,1,'Dr. Sarina Koch',NULL),(5,2,'Miss Axel Flatley',NULL),(6,2,'August Miller III',NULL),(7,2,'Green Walter',NULL),(8,3,'Gertrude O\'Reilly',NULL),(9,4,'Cooper Howe',NULL),(10,4,'Geo Zboncak V',NULL),(11,4,'Helmer Padberg Jr.',NULL),(12,5,'Ms. Kendall Schimmel',NULL),(13,5,'Axel Swaniawski',NULL),(14,6,'Miss Syble Will',NULL),(15,6,'Josue Trantow II',NULL),(16,6,'Dr. Alan Smitham',NULL),(17,7,'Tristian Schaden',NULL),(18,8,'Karson Barton',NULL),(19,8,'Mrs. Stephanie Glover',NULL),(20,8,'Myra Howell',NULL),(21,8,'Enoch Kemmer',NULL),(22,8,'Thomas Swift',NULL),(23,9,'Yessenia Orn',NULL),(24,10,'Travon Padberg Jr.',NULL),(25,10,'Sister O\'Reilly',NULL),(26,11,'Theo Volkman',NULL),(27,11,'Miss Alvah Erdman',NULL),(28,11,'Emmanuel Cruickshank',NULL),(29,11,'Randall Carroll',NULL),(30,11,'Dr. Louvenia Medhurst',NULL),(31,12,'Sibyl DuBuque',NULL),(32,13,'Lucie Miller',NULL),(33,13,'Janiya Ryan',NULL),(34,13,'Levi Connelly',NULL),(35,13,'Audreanne Lehner',NULL),(36,14,'Eladio Friesen',NULL),(37,14,'Danial Marks',NULL),(38,14,'Carlotta Conroy',NULL),(39,15,'Kaylin VonRueden',NULL),(40,15,'Doyle Hodkiewicz Jr.',NULL),(41,16,'Trevor Gutmann',NULL),(42,16,'Elenora Dare',NULL),(43,16,'Sammy Durgan',NULL),(44,16,'Tabitha McCullough',NULL),(45,17,'Krystal Hilpert',NULL),(46,17,'Elijah Cormier',NULL),(47,17,'Dariana Hessel MD',NULL),(48,18,'Chyna Swaniawski',NULL),(49,19,'Floy Senger',NULL),(50,19,'Eva Quigley DVM',NULL),(51,19,'Martine Dietrich Jr.',NULL),(52,19,'Miss Filiberto Fadel',NULL),(53,19,'Mr. Norwood Bartoletti',NULL),(54,20,'Gabrielle Rogahn',NULL),(55,20,'Name Gottlieb',NULL),(56,20,'Mr. Isac Considine',NULL),(57,21,'Marlene Wiegand',NULL),(58,21,'Sincere Mann PhD',NULL),(59,21,'Iliana Grant',NULL),(60,22,'Ida Quigley',NULL),(61,22,'Holden Sipes',NULL),(62,23,'Neha Mayert',NULL),(63,23,'Guillermo Fisher',NULL),(64,23,'Adolphus Mitchell',NULL),(65,23,'Donavon Schimmel',NULL),(66,24,'Dr. Rudolph Ledner',NULL),(67,24,'Isac Carter',NULL),(68,24,'Miss Iva Schmeler',NULL),(69,25,'Kathryne Wolf',NULL),(70,25,'Alexis Langosh',NULL),(71,25,'Mr. Jameson Stamm',NULL),(72,26,'Mr. Adelle Stamm',NULL),(73,26,'Bridgette Cruickshank III',NULL),(74,27,'Brandi DuBuque',NULL),(75,27,'Mr. Lizeth Goodwin',NULL),(76,28,'Aurelia Pollich V',NULL),(77,28,'Berta Kovacek',NULL),(78,28,'Geovanni Altenwerth',NULL),(79,29,'Dr. Hobart Hintz',NULL),(80,29,'Jonas Schulist',NULL),(81,29,'Cecilia Quigley',NULL),(82,29,'Mireya Kirlin MD',NULL),(83,29,'Octavia Zemlak',NULL),(84,30,'Yoshiko Tromp MD',NULL),(85,30,'Bernice Schamberger',NULL),(86,30,'Rosie Simonis',NULL),(87,30,'Dr. Aryanna Okuneva',NULL),(88,31,'Blair Dicki',NULL),(89,31,'Emmanuel Hahn I',NULL),(90,31,'Stacy Sauer',NULL),(91,31,'Jazlyn Becker PhD',NULL),(92,31,'Miss Brielle Koelpin',NULL),(93,32,'Edwin Beatty',NULL),(94,32,'Fatima Mayert',NULL),(95,32,'Edmund Kassulke',NULL),(96,32,'Allan Dietrich',NULL),(97,32,'Carlotta Roob',NULL),(98,33,'Sydnie Labadie DVM',NULL),(99,33,'Mr. Corine Morar',NULL),(100,33,'Kaela Reinger',NULL),(101,33,'Dr. Gregorio Hayes',NULL),(102,34,'Cameron Parker',NULL),(103,34,'Mr. Florence Carroll',NULL),(104,34,'Turner Nitzsche',NULL),(105,35,'Jedidiah Parisian I',NULL),(106,36,'Kenny Stoltenberg',NULL),(107,37,'Bonnie Metz MD',NULL),(108,38,'Thurman Schiller',NULL),(109,39,'Shaina Conn',NULL),(110,39,'Jillian Yost',NULL),(111,40,'Sofia Graham',NULL),(112,40,'Rickie Hand',NULL),(113,40,'Ms. Garrison Hand',NULL),(114,40,'Stanton O\'Keefe IV',NULL),(115,41,'Grayce Roberts II',NULL),(116,42,'Maude Schmeler Jr.',NULL),(117,42,'Tony Nikolaus',NULL),(118,42,'Dante Donnelly',NULL),(119,42,'Karli Greenholt I',NULL),(120,42,'Shea Franecki',NULL),(121,43,'Ms. Sadie Durgan',NULL),(122,43,'Minnie Kovacek',NULL),(123,44,'Athena Ondricka',NULL),(124,44,'Franco Hodkiewicz',NULL),(125,44,'Rudolph Moen III',NULL),(126,44,'Shaniya Kohler',NULL),(127,44,'Carson Herman',NULL),(128,45,'Milton Rau',NULL),(129,45,'Ms. Frida Friesen',NULL),(130,45,'Mrs. Merle Jenkins',NULL),(131,45,'Nora Bayer',NULL),(132,45,'Lindsey Fritsch IV',NULL),(133,46,'Tristin Nikolaus',NULL),(134,46,'Consuelo Hills I',NULL),(135,46,'Yessenia Bednar I',NULL),(136,47,'Kane Turcotte Jr.',NULL),(137,47,'Hudson Fay',NULL),(138,47,'Grayce Beatty',NULL),(139,47,'Ines Bednar Sr.',NULL),(140,47,'Rodrigo Tromp',NULL),(141,48,'Miss Skye Hoppe',NULL),(142,49,'Robyn Halvorson II',NULL),(143,49,'Ariel Kohler',NULL),(144,49,'Louisa Gulgowski',NULL),(145,49,'Mr. Colten Donnelly',NULL),(146,49,'Magdalen Towne',NULL),(147,50,'Dr. Josh Lueilwitz',NULL),(148,50,'Johnnie Schmidt V',NULL),(149,50,'Nelle Kreiger',NULL),(150,50,'Annetta Schuppe IV',NULL),(151,51,'Dejuan Hansen',NULL),(152,51,'Hobart Dicki',NULL),(153,51,'Adrain Feeney',NULL),(154,52,'Hassie Turner',NULL),(155,52,'Miss Adelbert Bartell',NULL),(156,52,'Mrs. Rickie Wiegand',NULL),(157,53,'Georgette Franecki',NULL),(158,53,'Fiona Brekke',NULL),(159,54,'Felix Rempel',NULL),(160,54,'Ed Cassin I',NULL),(161,54,'Guillermo Stroman',NULL),(162,54,'Tracey Greenholt',NULL),(163,54,'Schuyler Kuhn I',NULL),(164,55,'Emilia Crist',NULL),(165,55,'Weston Stark',NULL),(166,56,'Dr. Garret Boehm',NULL),(167,57,'Ewald Haley DDS',NULL),(168,57,'Torey Bartoletti',NULL),(169,57,'Ruby Quitzon IV',NULL),(170,57,'Nels Grady',NULL),(171,58,'Mrs. Omari Christiansen',NULL),(172,58,'Miss Gino Armstrong',NULL),(173,58,'Dr. Estel Klocko',NULL),(174,58,'Lavon Gulgowski',NULL),(175,58,'Allison Luettgen',NULL),(176,59,'Anabel Braun',NULL),(177,59,'Agnes Feeney',NULL),(178,59,'Carmelo Upton',NULL),(179,60,'Audie Windler MD',NULL),(180,60,'Virginie Abbott',NULL),(181,61,'Mr. Leonie Cummings',NULL),(182,61,'Sister Hoeger',NULL),(183,62,'Evie Altenwerth',NULL),(184,62,'Miss Brenna Mante',NULL),(185,62,'Mrs. Sarai Quigley',NULL),(186,62,'Arlie Kiehn',NULL),(187,62,'Eric Treutel',NULL),(188,63,'Mara Spinka Sr.',NULL),(189,63,'Miss Lora Rogahn',NULL),(190,63,'Tiara Pollich',NULL),(191,64,'Jazlyn Cormier',NULL),(192,64,'Carli Kuhlman',NULL),(193,64,'Rickie Predovic',NULL),(194,64,'Arely Stark',NULL),(195,65,'Lindsay Kovacek',NULL),(196,65,'Carmela Treutel',NULL),(197,65,'Mrs. Conrad Heller',NULL),(198,65,'Raymond Rath',NULL),(199,66,'Nolan Orn',NULL),(200,66,'Marcelino Becker',NULL),(201,67,'Winifred Huel',NULL),(202,68,'Garrick Hyatt PhD',NULL),(203,69,'Isabelle Kemmer',NULL),(204,69,'Heather Jakubowski',NULL),(205,69,'Manley Kling',NULL),(206,70,'Oda Hoppe IV',NULL),(207,70,'Boris Morissette',NULL),(208,70,'Leola Boyle',NULL),(209,70,'Ms. Saul Homenick',NULL),(210,70,'Mrs. Onie Reichert',NULL),(211,71,'Millie Thiel',NULL),(212,71,'Mike Corwin',NULL),(213,71,'Leonardo Runolfsson',NULL),(214,71,'Mr. Jaida Witting',NULL),(215,71,'Miss Carmela Erdman',NULL),(216,72,'Georgette Wisozk',NULL),(217,72,'Keira Monahan',NULL),(218,73,'Ms. Darien Towne',NULL),(219,73,'Juston Moen',NULL),(220,73,'Deshawn Trantow',NULL),(221,73,'Jerry Wintheiser',NULL),(222,73,'Miss Rosemary Labadie',NULL),(223,74,'Vilma Zieme',NULL),(224,74,'Ernest Nicolas Jr.',NULL),(225,75,'Elwin Abshire',NULL),(226,75,'Gerard Reichert',NULL),(227,76,'Deanna Gutmann',NULL),(228,76,'Citlalli Friesen',NULL),(229,76,'Reynold Shields',NULL),(230,77,'Summer Ullrich',NULL),(231,77,'Pietro Terry',NULL),(232,77,'Melissa Bogisich',NULL),(233,77,'Meagan Koelpin',NULL),(234,78,'Edwin Feeney DDS',NULL),(235,78,'Jordyn Stehr',NULL),(236,78,'Tierra Mohr',NULL),(237,78,'Libby White V',NULL),(238,78,'Rylee Leannon',NULL),(239,79,'Miss Trystan Reilly',NULL),(240,79,'Petra Walker',NULL),(241,80,'Lulu Schimmel',NULL),(242,80,'Jenifer Gibson',NULL),(243,80,'Simeon Bauch',NULL),(244,81,'Wallace Dietrich',NULL),(245,81,'Kyra Leffler DVM',NULL),(246,82,'Carole VonRueden II',NULL),(247,83,'Velva Schamberger',NULL),(248,83,'Shea Hilpert',NULL),(249,83,'Blake Botsford',NULL),(250,83,'Zakary Kreiger',NULL),(251,84,'Jordane West',NULL),(252,84,'Mrs. Alfredo Terry',NULL),(253,84,'Ms. Loyce Labadie',NULL),(254,84,'Cristina Mann',NULL),(255,85,'Dr. Polly Auer',NULL),(256,86,'Telly Welch I',NULL),(257,86,'Earnestine Thompson I',NULL),(258,86,'Monserrat Mayer',NULL),(259,87,'Dr. Delilah Kerluke',NULL),(260,88,'Cassie Rogahn',NULL),(261,88,'Esperanza Murphy',NULL),(262,89,'Pearlie Huel',NULL),(263,89,'Joesph Shanahan',NULL),(264,89,'Kobe Block I',NULL),(265,89,'Vladimir Howe',NULL),(266,90,'Frederic Adams',NULL),(267,90,'Dr. Justus Littel',NULL),(268,91,'Brielle Hartmann',NULL),(269,91,'Kristy Stamm',NULL),(270,91,'Mr. Dante Marvin',NULL),(271,92,'Simone Wehner Sr.',NULL),(272,92,'Johnny Brakus',NULL),(273,92,'Olin Wiza',NULL),(274,93,'Mr. Craig Auer',NULL),(275,93,'Amaya Bashirian IV',NULL),(276,93,'Tabitha Rice',NULL),(277,94,'Agustin Weimann',NULL),(278,94,'Mr. Cyril Howell',NULL),(279,94,'Miss Tara Simonis',NULL),(280,95,'Ms. Idella Boyle',NULL),(281,95,'Ruthie Herman',NULL),(282,96,'Mrs. Vito Murphy',NULL),(283,96,'Franco Cremin',NULL),(284,97,'Doris Hilll DDS',NULL),(285,98,'Sharon Pacocha',NULL),(286,98,'Bertrand Kemmer',NULL),(287,99,'Lucile Walter',NULL),(288,99,'Erwin Stiedemann',NULL),(289,99,'Shaina Bernier',NULL),(290,99,'Cleo Lynch',NULL),(291,100,'Mrs. Kayli Bahringer',NULL),(292,100,'Alvis Padberg I',NULL),(293,100,'Ardith Mosciski',NULL),(294,100,'Millie Macejkovic',NULL),(295,100,'Mr. Myrtie Bednar',NULL),(296,101,'Miss Mandy Gottlieb',NULL),(297,101,'Myah Lowe',NULL),(298,101,'Kyleigh Wunsch PhD',NULL),(299,102,'Mayra Zulauf IV',NULL),(300,102,'Kamille Nader IV',NULL),(301,102,'Miss Angelo Hilll',NULL),(302,102,'Seth Ernser',NULL),(303,102,'Clotilde Klocko',NULL),(304,103,'Irma Bins',NULL),(305,103,'Madalyn Harris',NULL),(306,103,'Jovani Kulas',NULL),(307,104,'Bonita Paucek',NULL),(308,104,'Heber Fisher I',NULL),(309,105,'Holden Lindgren V',NULL),(310,105,'Leo Hermiston',NULL),(311,105,'Miss Nathaniel Lockman',NULL),(312,105,'Ms. Hulda Schumm',NULL),(313,106,'Markus Spencer',NULL),(314,107,'Emmie Ullrich',NULL),(315,108,'Raymundo O\'Keefe PhD',NULL),(316,108,'Breanna Grant',NULL),(317,108,'Fred Runolfsdottir',NULL),(318,109,'Justice Abernathy',NULL),(319,109,'Antonette Blick MD',NULL),(320,109,'Elenora Ortiz',NULL),(321,109,'Miss Lilian Zieme',NULL),(322,109,'Winston Streich',NULL),(323,110,'Mabel Robel',NULL),(324,110,'Miss Linnie Krajcik',NULL),(325,111,'Derrick Sanford',NULL),(326,111,'Miss Thad Shields',NULL),(327,111,'Rowland Schumm',NULL),(328,111,'Davonte Wyman II',NULL),(329,111,'Marty Volkman II',NULL),(330,112,'Mr. Gerard McGlynn',NULL),(331,112,'Emilie Auer',NULL),(332,112,'Sallie Upton IV',NULL),(333,113,'Tomas Klocko',NULL),(334,113,'Maida Kautzer',NULL),(335,114,'Kasey Haag',NULL),(336,114,'Miss Graham Waters',NULL),(337,114,'Ms. Noble Conn',NULL),(338,114,'Delpha Gulgowski',NULL),(339,114,'Miss Frederic Gleichner',NULL),(340,115,'Macey Goodwin',NULL),(341,115,'Braeden Rutherford',NULL),(342,115,'Ms. Moshe Gibson',NULL),(343,115,'Bonnie Welch Sr.',NULL),(344,115,'Heaven Jacobs IV',NULL),(345,116,'Duncan Simonis',NULL),(346,116,'Mr. Paolo Gulgowski',NULL),(347,117,'Verla Beier',NULL),(348,117,'Eryn Ziemann',NULL),(349,117,'Darby Dickinson',NULL),(350,118,'Mrs. Karianne VonRueden',NULL),(351,118,'Shaylee Leffler',NULL),(352,118,'Miss Brice Ritchie',NULL),(353,118,'Lois Hayes II',NULL),(354,119,'Mrs. Augustine Reichert',NULL),(355,119,'Rosamond Ullrich',NULL),(356,119,'Diamond Schaden',NULL),(357,119,'Ida Braun',NULL),(358,120,'Jonatan Powlowski',NULL),(359,120,'Scarlett Jones',NULL),(360,121,'Holly McLaughlin',NULL),(361,121,'Joannie Weissnat DVM',NULL),(362,121,'Magdalena Lemke',NULL),(363,122,'Claudie Wyman',NULL),(364,123,'Forest Lind',NULL),(365,123,'Ezra White',NULL),(366,123,'Miss Willow MacGyver',NULL),(367,123,'Vesta Thompson',NULL),(368,123,'Fred Gerhold',NULL),(369,124,'May VonRueden Sr.',NULL),(370,124,'Damon Will',NULL),(371,124,'Adrien Greenholt',NULL),(372,125,'Melyna Reinger',NULL),(373,126,'Kacey Jones V',NULL),(374,126,'Rusty Satterfield',NULL),(375,126,'Claude Boyle',NULL),(376,126,'Amani Waelchi',NULL),(377,127,'Mr. Shea Ankunding',NULL),(378,128,'Woodrow Conn',NULL),(379,128,'Trinity Kshlerin',NULL),(380,128,'Clifton Dooley',NULL),(381,128,'Terrell Goldner',NULL),(382,128,'Elnora Hyatt',NULL),(383,129,'Aiden Koepp',NULL),(384,130,'Greyson O\'Kon',NULL),(385,130,'Ruthe Greenfelder',NULL),(386,131,'Moshe Homenick',NULL),(387,132,'Adriel Kautzer',NULL),(388,132,'Ramon Mohr',NULL),(389,132,'Lydia Reichert',NULL),(390,133,'Rogers Macejkovic',NULL),(391,133,'Willard Hoeger PhD',NULL),(392,133,'Joshua Ondricka',NULL),(393,133,'Marlen Olson MD',NULL),(394,133,'Nia Marquardt',NULL),(395,134,'Roscoe Kemmer',NULL),(396,134,'Earnest Gleason I',NULL),(397,134,'Deonte Spinka',NULL),(398,134,'Fatima Beier',NULL),(399,135,'Mrs. Alba Fritsch',NULL),(400,135,'Ollie O\'Conner',NULL),(401,135,'Waino Schaefer',NULL),(402,136,'Sydney Feeney',NULL),(403,136,'Devante Rice',NULL),(404,136,'Verner Hane',NULL),(405,136,'Mrs. Lorena Hamill',NULL),(406,137,'Dr. Rigoberto Yost',NULL),(407,138,'Deanna Purdy',NULL),(408,138,'Deshaun Hagenes',NULL),(409,138,'Katarina Purdy',NULL),(410,138,'Carmella Dietrich',NULL),(411,139,'Ruthe Kuhic',NULL),(412,139,'Eliane Dietrich',NULL),(413,139,'Leopoldo Muller',NULL),(414,139,'Dr. Jovan Ullrich',NULL),(415,140,'Jayde West',NULL),(416,140,'Norval Botsford',NULL),(417,140,'Mrs. Zella Mraz',NULL),(418,140,'Percy Brown',NULL),(419,140,'Florence O\'Connell',NULL),(420,141,'Hunter Moen',NULL),(421,141,'Adrian Greenfelder',NULL),(422,142,'Jason Ondricka',NULL),(423,142,'Constance Hansen',NULL),(424,143,'Dr. Alisa Ward',NULL),(425,143,'Julius Tillman',NULL),(426,143,'Lora Dare',NULL),(427,144,'Ms. Cloyd Bradtke',NULL),(428,145,'Linnie Pfannerstill Sr.',NULL),(429,145,'Ethyl Kuhn',NULL),(430,146,'Mrs. Domenico Bartell',NULL),(431,146,'Ms. Mariano Baumbach',NULL),(432,147,'Adelia Gerhold',NULL),(433,147,'Anjali Shields',NULL),(434,147,'Monroe Strosin',NULL),(435,148,'Tremaine Botsford',NULL),(436,148,'Mason Legros',NULL),(437,148,'Dr. Braulio Kuhn',NULL),(438,148,'Queen Botsford',NULL),(439,148,'Miles Kovacek',NULL),(440,149,'Ruthe Stracke DDS',NULL),(441,149,'Mr. Jennifer Ferry',NULL),(442,149,'Felipa Bradtke',NULL),(443,150,'Keith Friesen',NULL),(444,150,'Peter Friesen',NULL),(445,150,'Adelle Harris',NULL),(446,150,'Domenic Satterfield',NULL),(447,151,'Germaine Prohaska',NULL),(448,151,'Briana Zemlak I',NULL),(449,152,'Julianne Hand',NULL),(450,152,'Mrs. Retta Emard',NULL),(451,153,'Alyson Nader',NULL),(452,153,'Jolie Paucek',NULL),(453,153,'Rhea Abernathy',NULL),(454,153,'Jazmyne Leffler',NULL),(455,154,'Miss Ellen Ruecker',NULL),(456,154,'Fern Beatty',NULL),(457,154,'Jamal Schmitt',NULL),(458,154,'Mrs. Freeda Jakubowski',NULL),(459,155,'Nico O\'Conner',NULL),(460,155,'Theo Eichmann',NULL),(461,156,'Alphonso Beier',NULL),(462,157,'Gene Stroman',NULL),(463,157,'Ignatius D\'Amore',NULL),(464,158,'Ola Wolf',NULL),(465,158,'Amparo Fahey',NULL),(466,158,'Flossie Morar',NULL),(467,158,'Jules Dietrich',NULL),(468,159,'Adolfo Mosciski',NULL),(469,159,'Courtney Heathcote',NULL),(470,159,'Mrs. Vincenzo Emmerich',NULL),(471,159,'Gonzalo Koelpin',NULL),(472,159,'Mafalda Pfeffer',NULL),(473,160,'Arvid Swift',NULL),(474,160,'Karen Hilll',NULL),(475,161,'Leola Kozey',NULL),(476,161,'Elvie Jakubowski',NULL),(477,161,'Kennedy Kuhlman',NULL),(478,161,'Florence Lindgren DDS',NULL),(479,162,'Margarita Lindgren',NULL),(480,163,'Elinore Beier',NULL),(481,163,'Tessie Green',NULL),(482,163,'Callie Ritchie',NULL),(483,163,'Nya Bauch',NULL),(484,164,'Ladarius Stroman',NULL),(485,165,'Angelita Hermiston Jr.',NULL),(486,165,'Mrs. Celine Von',NULL),(487,165,'Miss Emma Zboncak',NULL),(488,166,'Tierra Boyer',NULL);
/*!40000 ALTER TABLE `accessories` ENABLE KEYS */;
UNLOCK TABLES;

--
-- Table structure for table `accessories_inventory_pools`
--

DROP TABLE IF EXISTS `accessories_inventory_pools`;
/*!40101 SET @saved_cs_client     = @@character_set_client */;
/*!40101 SET character_set_client = utf8 */;
CREATE TABLE `accessories_inventory_pools` (
  `accessory_id` int(11) DEFAULT NULL,
  `inventory_pool_id` int(11) DEFAULT NULL,
  UNIQUE KEY `index_accessories_inventory_pools` (`accessory_id`,`inventory_pool_id`),
  KEY `index_accessories_inventory_pools_on_inventory_pool_id` (`inventory_pool_id`),
  CONSTRAINT `accessories_inventory_pools_inventory_pool_id_fk` FOREIGN KEY (`inventory_pool_id`) REFERENCES `inventory_pools` (`id`),
  CONSTRAINT `accessories_inventory_pools_accessory_id_fk` FOREIGN KEY (`accessory_id`) REFERENCES `accessories` (`id`)
) ENGINE=InnoDB DEFAULT CHARSET=utf8 COLLATE=utf8_unicode_ci;
/*!40101 SET character_set_client = @saved_cs_client */;

--
-- Dumping data for table `accessories_inventory_pools`
--

LOCK TABLES `accessories_inventory_pools` WRITE;
/*!40000 ALTER TABLE `accessories_inventory_pools` DISABLE KEYS */;
INSERT INTO `accessories_inventory_pools` VALUES (1,1),(3,1),(4,1),(6,1),(7,1),(8,1),(9,1),(10,1),(13,1),(14,1),(15,1),(16,1),(20,1),(21,1),(23,1),(27,1),(28,1),(32,1),(36,1),(38,1),(39,1),(40,1),(42,1),(43,1),(44,1),(45,1),(47,1),(49,1),(52,1),(54,1),(55,1),(58,1),(62,1),(64,1),(68,1),(69,1),(73,1),(75,1),(76,1),(77,1),(83,1),(84,1),(85,1),(87,1),(88,1),(90,1),(93,1),(96,1),(98,1),(99,1),(100,1),(101,1),(103,1),(105,1),(106,1),(107,1),(111,1),(114,1),(116,1),(122,1),(123,1),(125,1),(127,1),(128,1),(132,1),(136,1),(137,1),(141,1),(142,1),(143,1),(144,1),(145,1),(150,1),(152,1),(153,1),(154,1),(156,1),(159,1),(160,1),(161,1),(162,1),(163,1),(166,1),(168,1),(169,1),(171,1),(172,1),(173,1),(177,1),(178,1),(179,1),(180,1),(182,1),(183,1),(184,1),(185,1),(188,1),(190,1),(191,1),(192,1),(193,1),(194,1),(197,1),(199,1),(200,1),(202,1),(203,1),(204,1),(206,1),(208,1),(212,1),(213,1),(214,1),(215,1),(216,1),(219,1),(220,1),(221,1),(222,1),(224,1),(225,1),(230,1),(233,1),(235,1),(237,1),(238,1),(239,1),(241,1),(243,1),(244,1),(245,1),(246,1),(247,1),(250,1),(251,1),(254,1),(256,1),(257,1),(260,1),(261,1),(263,1),(264,1),(265,1),(270,1),(271,1),(272,1),(275,1),(276,1),(278,1),(279,1),(280,1),(282,1),(283,1),(285,1),(298,1),(299,1),(300,1),(301,1),(305,1),(308,1),(309,1),(311,1),(314,1),(315,1),(322,1),(324,1),(325,1),(326,1),(327,1),(329,1),(330,1),(333,1),(339,1),(340,1),(341,1),(342,1),(343,1),(344,1),(345,1),(347,1),(350,1),(351,1),(354,1),(355,1),(356,1),(357,1),(359,1),(361,1),(362,1),(364,1),(365,1),(368,1),(369,1),(374,1),(376,1),(379,1),(380,1),(381,1),(382,1),(383,1),(388,1),(389,1),(394,1),(396,1),(397,1),(398,1),(403,1),(404,1),(406,1),(408,1),(413,1),(414,1),(416,1),(417,1),(418,1),(425,1),(428,1),(429,1),(431,1),(432,1),(433,1),(435,1),(436,1),(440,1),(442,1),(443,1),(444,1),(445,1),(447,1),(450,1),(451,1),(452,1),(454,1),(455,1),(456,1),(458,1),(459,1),(460,1),(462,1),(463,1),(464,1),(466,1),(471,1),(473,1),(475,1),(476,1),(478,1),(479,1),(481,1),(482,1),(483,1),(484,1),(487,1),(488,1);
/*!40000 ALTER TABLE `accessories_inventory_pools` ENABLE KEYS */;
UNLOCK TABLES;

--
-- Table structure for table `addresses`
--

DROP TABLE IF EXISTS `addresses`;
/*!40101 SET @saved_cs_client     = @@character_set_client */;
/*!40101 SET character_set_client = utf8 */;
CREATE TABLE `addresses` (
  `id` int(11) NOT NULL AUTO_INCREMENT,
  `street` varchar(255) COLLATE utf8_unicode_ci DEFAULT NULL,
  `zip_code` varchar(255) COLLATE utf8_unicode_ci DEFAULT NULL,
  `city` varchar(255) COLLATE utf8_unicode_ci DEFAULT NULL,
  `country_code` varchar(255) COLLATE utf8_unicode_ci DEFAULT NULL,
  `latitude` float DEFAULT NULL,
  `longitude` float DEFAULT NULL,
  PRIMARY KEY (`id`),
  UNIQUE KEY `index_addresses_on_street_and_zip_code_and_city_and_country_code` (`street`,`zip_code`,`city`,`country_code`)
) ENGINE=InnoDB DEFAULT CHARSET=utf8 COLLATE=utf8_unicode_ci;
/*!40101 SET character_set_client = @saved_cs_client */;

--
-- Dumping data for table `addresses`
--

LOCK TABLES `addresses` WRITE;
/*!40000 ALTER TABLE `addresses` DISABLE KEYS */;
/*!40000 ALTER TABLE `addresses` ENABLE KEYS */;
UNLOCK TABLES;

--
-- Table structure for table `attachments`
--

DROP TABLE IF EXISTS `attachments`;
/*!40101 SET @saved_cs_client     = @@character_set_client */;
/*!40101 SET character_set_client = utf8 */;
CREATE TABLE `attachments` (
  `id` int(11) NOT NULL AUTO_INCREMENT,
  `model_id` int(11) DEFAULT NULL,
  `is_main` tinyint(1) DEFAULT '0',
  `content_type` varchar(255) COLLATE utf8_unicode_ci DEFAULT NULL,
  `filename` varchar(255) COLLATE utf8_unicode_ci DEFAULT NULL,
  `size` int(11) DEFAULT NULL,
  PRIMARY KEY (`id`),
  KEY `index_attachments_on_model_id` (`model_id`),
  CONSTRAINT `attachments_model_id_fk` FOREIGN KEY (`model_id`) REFERENCES `models` (`id`) ON DELETE CASCADE
) ENGINE=InnoDB AUTO_INCREMENT=6 DEFAULT CHARSET=utf8 COLLATE=utf8_unicode_ci;
/*!40101 SET character_set_client = @saved_cs_client */;

--
-- Dumping data for table `attachments`
--

LOCK TABLES `attachments` WRITE;
/*!40000 ALTER TABLE `attachments` DISABLE KEYS */;
INSERT INTO `attachments` VALUES (1,153,0,'image/jpeg','consequatur',NULL),(2,154,0,'image/jpeg','non',NULL),(3,163,0,'image/jpeg','qui',NULL),(4,163,0,'image/jpeg','et',NULL),(5,164,0,'image/jpeg','eligendi',NULL);
/*!40000 ALTER TABLE `attachments` ENABLE KEYS */;
UNLOCK TABLES;

--
-- Table structure for table `authentication_systems`
--

DROP TABLE IF EXISTS `authentication_systems`;
/*!40101 SET @saved_cs_client     = @@character_set_client */;
/*!40101 SET character_set_client = utf8 */;
CREATE TABLE `authentication_systems` (
  `id` int(11) NOT NULL AUTO_INCREMENT,
  `name` varchar(255) COLLATE utf8_unicode_ci DEFAULT NULL,
  `class_name` varchar(255) COLLATE utf8_unicode_ci DEFAULT NULL,
  `is_default` tinyint(1) DEFAULT '0',
  `is_active` tinyint(1) DEFAULT '0',
  PRIMARY KEY (`id`)
) ENGINE=InnoDB AUTO_INCREMENT=7 DEFAULT CHARSET=utf8 COLLATE=utf8_unicode_ci;
/*!40101 SET character_set_client = @saved_cs_client */;

--
-- Dumping data for table `authentication_systems`
--

LOCK TABLES `authentication_systems` WRITE;
/*!40000 ALTER TABLE `authentication_systems` DISABLE KEYS */;
INSERT INTO `authentication_systems` VALUES (1,'Database Authentication','DatabaseAuthentication',1,1),(2,'LDAP Authentication','LdapAuthentication',0,0),(3,'ZHDK Authentication','Zhdk',0,0),(4,'Database Authentication','DatabaseAuthentication',1,1),(5,'LDAP Authentication','LdapAuthentication',0,0),(6,'ZHDK Authentication','Zhdk',0,0);
/*!40000 ALTER TABLE `authentication_systems` ENABLE KEYS */;
UNLOCK TABLES;

--
-- Table structure for table `buildings`
--

DROP TABLE IF EXISTS `buildings`;
/*!40101 SET @saved_cs_client     = @@character_set_client */;
/*!40101 SET character_set_client = utf8 */;
CREATE TABLE `buildings` (
  `id` int(11) NOT NULL AUTO_INCREMENT,
  `name` varchar(255) COLLATE utf8_unicode_ci DEFAULT NULL,
  `code` varchar(255) COLLATE utf8_unicode_ci DEFAULT NULL,
  PRIMARY KEY (`id`)
) ENGINE=InnoDB AUTO_INCREMENT=198 DEFAULT CHARSET=utf8 COLLATE=utf8_unicode_ci;
/*!40101 SET character_set_client = @saved_cs_client */;

--
-- Dumping data for table `buildings`
--

LOCK TABLES `buildings` WRITE;
/*!40000 ALTER TABLE `buildings` DISABLE KEYS */;
INSERT INTO `buildings` VALUES (1,'Great Pyramid of Giza','ZZZ'),(2,'Dignissimosautrecusandae','ill'),(3,'Voluptatemiureitaque','qui'),(4,'Autquinisi','eto'),(5,'Enimnihilsuscipit','ill'),(6,'Autminimaest','eum'),(7,'Estreiciendisrerum','ips'),(8,'Accusamusblanditiisquia','dol'),(9,'Totamdoloremqueest','sin'),(10,'Ullammagnamquis','vol'),(11,'Pariaturiustoconsequatur','iur'),(12,'Sequietarchitecto','eos'),(13,'Accusantiumdoloremquebeatae','ess'),(14,'Dictaquiaet','dol'),(15,'Omnisconsequaturquo','deb'),(16,'Eumconsecteturaut','dol'),(17,'Etaspernaturet','pra'),(18,'Aperiamnecessitatibusut','vol'),(19,'Etcumqui','dol'),(20,'Nihillaborumet','bla'),(21,'Eaqueesseoptio','non'),(22,'Quiaatmaxime','tot'),(23,'Similiqueautquod','eaq'),(24,'Ametducimusarchitecto','exn'),(25,'Ullamveleligendi','acc'),(26,'Natusnamincidunt','qui'),(27,'Rerumliberotemporibus','adi'),(28,'Iustonemodolores','adi'),(29,'Remnonet','qua'),(30,'Quisquiadeserunt','ips'),(31,'Eostemporeiste','nam'),(32,'Molestiaenamducimus','ist'),(33,'Evenietnisisunt','eve'),(34,'Quiaexcepturidolores','vol'),(35,'Eosdoloribusconsequatur','vit'),(36,'Similiqueasperiorestenetur','eni'),(37,'Autquiaperiam','adi'),(38,'Errorminimaqui','qua'),(39,'Molestiasdistinctiocommodi','adi'),(40,'Nemoetdolore','ius'),(41,'Dolordignissimoset','non'),(42,'Voluptatibusvoluptatemtemporibus','ali'),(43,'Autemoditvoluptatem','abs'),(44,'Ausstellungsstrasse 60','AU60'),(45,'Ausstellungsstrasse 60','AU60'),(46,'Nemoveroqui','vol'),(47,'Quissintest','utd'),(48,'Suntnecessitatibusinventore','rep'),(49,'Totamblanditiisrerum','eos'),(50,'Doloremqueporronon','aut'),(51,'Suntipsameveniet','aut'),(52,'Rerumoptioveniam','tot'),(53,'Eligendisimiliquequo','eto'),(54,'Estpraesentiumimpedit','inc'),(55,'Corruptivelitquia','deb'),(56,'Uteligendirerum','utn'),(57,'Laudantiumidminus','qui'),(58,'Iddolorenon','pos'),(59,'Etdolorveritatis','opt'),(60,'Consequaturdoloremquevelit','bea'),(61,'Etveniamullam','rer'),(62,'Doloresetconsequatur','aut'),(63,'Corporisquoest','sim'),(64,'Quietautem','eiu'),(65,'Fugaquiaquos','cor'),(66,'Porrodistinctionumquam','ips'),(67,'Possimussolutacorporis','qui'),(68,'Laboreeaeos','des'),(69,'Magnammolestiaeest','vel'),(70,'Ametistenostrum','ita'),(71,'Etestnumquam','est'),(72,'Modiveroaut','ear'),(73,'Inciduntnulladicta','nul'),(74,'Solutaenima','dol'),(75,'Quiiurenulla','vol'),(76,'Utquolibero','nos'),(77,'Dictafugamollitia','del'),(78,'Officiadistinctioautem','nul'),(79,'Assumendacumqueratione','lab'),(80,'Ipsarecusandaeesse','fac'),(81,'Explicaboexcepturicommodi','con'),(82,'Etestquas','vel'),(83,'Commoditemporaest','imp'),(84,'Quiaculpaex','tem'),(85,'Voluptatemeiusrerum','est'),(86,'Fuganumquamconsequuntur','fug'),(87,'Nihilsedporro','sae'),(88,'Quinequeex','ape'),(89,'Sitquiaqui','sit'),(90,'Iurerepellatdolores','idq'),(91,'Estetrecusandae','nih'),(92,'Debitistemporibusquasi','cup'),(93,'Utoccaecativoluptatem','eos'),(94,'Quismagniet','ill'),(95,'Nequeautdoloremque','qui'),(96,'Delectusofficiaullam','quo'),(97,'Sequioditsed','eae'),(98,'Liberovoluptatemrepellat','uts'),(99,'Quiavelitquia','con'),(100,'Consequaturestipsum','aut'),(101,'Easimiliquelaudantium','ist'),(102,'Enimnatusdolorem','vol'),(103,'Aliquamconsequatursed','ver'),(104,'Velfacereesse','vol'),(105,'Deseruntfugaaccusamus','acc'),(106,'Etetrepudiandae','sin'),(107,'Placeatlaboredolor','non'),(108,'Undenonpossimus','dol'),(109,'Veniamveritatisalias','del'),(110,'Fugaquaslaboriosam','ani'),(111,'Auttemporaminima','nem'),(112,'Inautrecusandae','non'),(113,'Autfugacupiditate','exp'),(114,'Advoluptasvel','qui'),(115,'Excepturiavel','eav'),(116,'Adremut','qui'),(117,'Aspernaturquinostrum','exc'),(118,'Quicommodiet','cor'),(119,'Exercitationemomnisiure','qui'),(120,'Voluptatemnulladicta','etn'),(121,'Explicaboistepraesentium','fac'),(122,'Etvelitcum','tot'),(123,'Great Pyramid of Giza','ZZZ'),(124,'Doloremqueaccusantiumvoluptatem','ass'),(125,'Solutaetiusto','qui'),(126,'Eaquesuntdolores','est'),(127,'Namidvelit','aut'),(128,'Numquamquaeatque','dic'),(129,'Estmodiet','exe'),(130,'Sedfugiatet','vel'),(131,'Repudiandaeametnobis','ven'),(132,'Illoaperiamillum','sin'),(133,'Voluptatedolorfacilis','duc'),(134,'Etmodilabore','sol'),(135,'Harumsolutaexpedita','fug'),(136,'Quoestsunt','dol'),(137,'Namdoloremquecumque','tem'),(138,'Corruptiilloperferendis','mai'),(139,'Voluptatemenimin','off'),(140,'Numquammolestiaevoluptatem','qua'),(141,'Estdoloremqueaut','qua'),(142,'Eteumsit','vol'),(143,'Estanulla','ius'),(144,'Ipsumdolorea','qui'),(145,'Isteadipisciet','eve'),(146,'Dignissimosperspiciatismagni','utl'),(147,'Placeataperiamquis','dis'),(148,'Similiqueinventorevoluptate','fug'),(149,'Earemdolore','dol'),(150,'Nobisquiin','sus'),(151,'Quomolestiascum','mai'),(152,'Eumutet','lab'),(153,'Minimasitducimus','ear'),(154,'Suscipitessedolor','sap'),(155,'Sedetdelectus','opt'),(156,'Ametquibusdamnemo','seq'),(157,'Doloremdolorecommodi','fug'),(158,'Veldoloremaliquid','sed'),(159,'Iureliberotemporibus','qua'),(160,'Aimpeditmollitia','eiu'),(161,'Doloribusrerumvitae','eta'),(162,'Providentsapientemolestiae','dol'),(163,'Voluptatibusreiciendistenetur','ani'),(164,'Voluptatemutut','qui'),(165,'Quamquiapariatur','vol'),(166,'Accusantiumvelitodit','dig'),(167,'Autemetaccusamus','rer'),(168,'Reiciendisvelitvoluptatibus','mol'),(169,'Placeatveniamest','ips'),(170,'Autemiuresapiente','ten'),(171,'Doloribusvoluptasquibusdam','dol'),(172,'Iustoidsint','asp'),(173,'Totammagninatus','pos'),(174,'Voluptatemnisifacilis','idl'),(175,'Velsintassumenda','dol'),(176,'Velnemosequi','sun'),(177,'Reprehenderitametitaque','eti'),(178,'Delenitimaximetempore','etc'),(179,'Eumaccusantiumodio','ete'),(180,'Necessitatibusmolestiaesimilique','est'),(181,'Etconsequaturat','del'),(182,'Rerumetet','eaq'),(183,'Quisquamutqui','ver'),(184,'Laborumnisinon','eni'),(185,'Quiperspiciatisullam','asp'),(186,'Dolorumenimquisquam','etf'),(187,'Sitomnisut','del'),(188,'Quodquialaudantium','rem'),(189,'Nemofugitquod','cul'),(190,'Porrohicdolor','sun'),(191,'Autemtemporafuga','ali'),(192,'Undepraesentiumquia','qui'),(193,'Sintmaioressed','aut'),(194,'Molestiasexpeditanihil','odi'),(195,'Maximeveniamnostrum','nih'),(196,'Magnisuntprovident','dol'),(197,'Dictaiustomodi','bea');
/*!40000 ALTER TABLE `buildings` ENABLE KEYS */;
UNLOCK TABLES;

--
-- Table structure for table `contract_lines`
--

DROP TABLE IF EXISTS `contract_lines`;
/*!40101 SET @saved_cs_client     = @@character_set_client */;
/*!40101 SET character_set_client = utf8 */;
CREATE TABLE `contract_lines` (
  `id` int(11) NOT NULL AUTO_INCREMENT,
  `contract_id` int(11) DEFAULT NULL,
  `type` varchar(255) COLLATE utf8_unicode_ci NOT NULL DEFAULT 'ItemLine',
  `item_id` int(11) DEFAULT NULL,
  `model_id` int(11) DEFAULT NULL,
  `quantity` int(11) DEFAULT '1',
  `start_date` date DEFAULT NULL,
  `end_date` date DEFAULT NULL,
  `returned_date` date DEFAULT NULL,
  `option_id` int(11) DEFAULT NULL,
  `purpose_id` int(11) DEFAULT NULL,
  `returned_to_user_id` int(11) DEFAULT NULL,
  `created_at` datetime DEFAULT NULL,
  `updated_at` datetime DEFAULT NULL,
  PRIMARY KEY (`id`),
  KEY `index_contract_lines_on_start_date` (`start_date`),
  KEY `index_contract_lines_on_end_date` (`end_date`),
  KEY `index_contract_lines_on_option_id` (`option_id`),
  KEY `index_contract_lines_on_contract_id` (`contract_id`),
  KEY `index_contract_lines_on_item_id` (`item_id`),
  KEY `index_contract_lines_on_model_id` (`model_id`),
  KEY `index_contract_lines_on_returned_date_and_contract_id` (`returned_date`,`contract_id`),
  KEY `index_contract_lines_on_type_and_contract_id` (`type`,`contract_id`),
  KEY `contract_lines_purpose_id_fk` (`purpose_id`),
  KEY `contract_lines_returned_to_user_id_fk` (`returned_to_user_id`),
  CONSTRAINT `contract_lines_returned_to_user_id_fk` FOREIGN KEY (`returned_to_user_id`) REFERENCES `users` (`id`),
  CONSTRAINT `contract_lines_contract_id_fk` FOREIGN KEY (`contract_id`) REFERENCES `contracts` (`id`) ON DELETE CASCADE,
  CONSTRAINT `contract_lines_item_id_fk` FOREIGN KEY (`item_id`) REFERENCES `items` (`id`),
  CONSTRAINT `contract_lines_model_id_fk` FOREIGN KEY (`model_id`) REFERENCES `models` (`id`),
  CONSTRAINT `contract_lines_option_id_fk` FOREIGN KEY (`option_id`) REFERENCES `options` (`id`),
  CONSTRAINT `contract_lines_purpose_id_fk` FOREIGN KEY (`purpose_id`) REFERENCES `purposes` (`id`)
) ENGINE=InnoDB AUTO_INCREMENT=172 DEFAULT CHARSET=utf8 COLLATE=utf8_unicode_ci;
/*!40101 SET character_set_client = @saved_cs_client */;

--
-- Dumping data for table `contract_lines`
--

LOCK TABLES `contract_lines` WRITE;
/*!40000 ALTER TABLE `contract_lines` DISABLE KEYS */;
INSERT INTO `contract_lines` VALUES (1,1,'ItemLine',NULL,1,1,'2016-08-29','2016-08-29',NULL,NULL,NULL,NULL,'2016-08-27 15:45:50','2016-08-27 15:45:50'),(2,1,'ItemLine',NULL,5,1,'2016-08-29','2016-08-29',NULL,NULL,NULL,NULL,'2016-08-27 15:45:50','2016-08-27 15:45:50'),(3,1,'ItemLine',NULL,9,1,'2016-08-29','2016-08-29',NULL,NULL,NULL,NULL,'2016-08-27 15:45:50','2016-08-27 15:45:50'),(4,1,'ItemLine',NULL,13,1,'2016-08-29','2016-08-29',NULL,NULL,NULL,NULL,'2016-08-27 15:45:50','2016-08-27 15:45:50'),(5,2,'ItemLine',NULL,17,1,'2016-08-29','2016-08-29',NULL,NULL,1,NULL,'2016-08-27 15:45:50','2016-08-27 15:45:50'),(6,2,'ItemLine',NULL,21,1,'2016-08-29','2016-08-29',NULL,NULL,1,NULL,'2016-08-27 15:45:50','2016-08-27 15:45:50'),(7,2,'ItemLine',NULL,25,1,'2016-08-29','2016-08-29',NULL,NULL,1,NULL,'2016-08-27 15:45:50','2016-08-27 15:45:50'),(8,2,'ItemLine',NULL,29,1,'2016-08-29','2016-08-29',NULL,NULL,1,NULL,'2016-08-27 15:45:50','2016-08-27 15:45:50'),(9,2,'ItemLine',NULL,33,1,'2016-08-29','2016-08-29',NULL,NULL,1,NULL,'2016-08-27 15:45:50','2016-08-27 15:45:50'),(10,3,'ItemLine',NULL,37,1,'2016-08-29','2016-08-29','2016-08-27',NULL,2,1,'2016-08-27 15:45:50','2016-08-27 15:45:50'),(11,3,'ItemLine',NULL,41,1,'2016-08-29','2016-08-29','2016-08-27',NULL,2,1,'2016-08-27 15:45:50','2016-08-27 15:45:50'),(12,3,'ItemLine',NULL,45,1,'2016-08-29','2016-08-29','2016-08-27',NULL,2,1,'2016-08-27 15:45:50','2016-08-27 15:45:50'),(13,3,'ItemLine',NULL,49,1,'2016-08-29','2016-08-29','2016-08-27',NULL,2,1,'2016-08-27 15:45:50','2016-08-27 15:45:50'),(14,3,'ItemLine',NULL,53,1,'2016-08-29','2016-08-29','2016-08-27',NULL,2,1,'2016-08-27 15:45:50','2016-08-27 15:45:50'),(15,4,'ItemLine',NULL,167,1,'2016-08-29','2016-08-29',NULL,NULL,3,NULL,'2016-08-27 13:26:26','2016-08-27 13:26:26'),(16,4,'ItemLine',NULL,168,1,'2016-08-29','2016-08-29',NULL,NULL,3,NULL,'2016-08-27 13:26:26','2016-08-27 13:26:26'),(17,4,'ItemLine',NULL,169,1,'2016-08-29','2016-08-29',NULL,NULL,3,NULL,'2016-08-27 13:26:26','2016-08-27 13:26:26'),(18,4,'ItemLine',NULL,170,1,'2016-08-29','2016-08-29',NULL,NULL,3,NULL,'2016-08-27 13:26:26','2016-08-27 13:26:26'),(19,4,'ItemLine',NULL,171,1,'2016-08-29','2016-08-29',NULL,NULL,3,NULL,'2016-08-27 13:26:26','2016-08-27 13:26:26'),(20,5,'ItemLine',NULL,175,1,'2016-08-29','2016-08-29',NULL,NULL,4,NULL,'2016-08-27 13:26:26','2016-08-27 13:26:26'),(21,5,'ItemLine',NULL,176,1,'2016-08-29','2016-08-29',NULL,NULL,4,NULL,'2016-08-27 13:26:26','2016-08-27 13:26:26'),(22,5,'ItemLine',NULL,177,1,'2016-08-29','2016-08-29',NULL,NULL,4,NULL,'2016-08-27 13:26:27','2016-08-27 13:26:27'),(23,5,'ItemLine',NULL,178,1,'2016-08-29','2016-08-29',NULL,NULL,4,NULL,'2016-08-27 13:26:27','2016-08-27 13:26:27'),(24,6,'ItemLine',NULL,182,1,'2016-08-29','2016-08-29',NULL,NULL,5,NULL,'2016-08-27 13:26:27','2016-08-27 13:26:27'),(25,6,'ItemLine',NULL,183,1,'2016-08-29','2016-08-29',NULL,NULL,5,NULL,'2016-08-27 13:26:27','2016-08-27 13:26:27'),(26,6,'ItemLine',NULL,184,1,'2016-08-29','2016-08-29',NULL,NULL,5,NULL,'2016-08-27 13:26:27','2016-08-27 13:26:27'),(27,6,'ItemLine',NULL,185,1,'2016-08-29','2016-08-29',NULL,NULL,5,NULL,'2016-08-27 13:26:27','2016-08-27 13:26:27'),(28,7,'ItemLine',NULL,189,1,'2016-08-22','2016-08-22',NULL,NULL,6,NULL,'2016-08-21 16:41:50','2016-08-21 16:41:50'),(29,7,'ItemLine',NULL,190,1,'2016-08-22','2016-08-22',NULL,NULL,6,NULL,'2016-08-21 16:41:50','2016-08-21 16:41:50'),(30,7,'ItemLine',NULL,191,1,'2016-08-22','2016-08-22',NULL,NULL,6,NULL,'2016-08-21 16:41:50','2016-08-21 16:41:50'),(31,8,'ItemLine',NULL,192,1,'2016-08-26','2016-08-26',NULL,NULL,7,NULL,'2016-08-26 20:19:29','2016-08-26 20:19:29'),(32,8,'ItemLine',NULL,193,1,'2016-08-26','2016-08-26',NULL,NULL,7,NULL,'2016-08-26 20:19:29','2016-08-26 20:19:29'),(33,8,'ItemLine',NULL,194,1,'2016-08-26','2016-08-26',NULL,NULL,7,NULL,'2016-08-26 20:19:29','2016-08-26 20:19:29'),(34,8,'ItemLine',NULL,195,1,'2016-08-26','2016-08-26',NULL,NULL,7,NULL,'2016-08-26 20:19:29','2016-08-26 20:19:29'),(35,8,'ItemLine',NULL,195,1,'2016-08-26','2016-08-26',NULL,NULL,7,NULL,'2016-08-26 20:19:29','2016-08-26 20:19:29'),(36,9,'ItemLine',NULL,199,1,'2016-08-29','2016-08-29',NULL,NULL,8,NULL,'2016-08-27 15:45:50','2016-08-27 15:45:50'),(37,9,'ItemLine',NULL,200,1,'2016-08-29','2016-08-29',NULL,NULL,8,NULL,'2016-08-27 15:45:50','2016-08-27 15:45:50'),(38,9,'ItemLine',NULL,201,1,'2016-08-29','2016-08-29',NULL,NULL,8,NULL,'2016-08-27 15:45:50','2016-08-27 15:45:50'),(39,9,'ItemLine',NULL,202,1,'2016-08-29','2016-08-29',NULL,NULL,8,NULL,'2016-08-27 15:45:50','2016-08-27 15:45:50'),(40,9,'ItemLine',NULL,203,1,'2016-08-29','2016-08-29',NULL,NULL,8,NULL,'2016-08-27 15:45:50','2016-08-27 15:45:50'),(41,10,'ItemLine',NULL,207,1,'2016-08-29','2016-08-29',NULL,NULL,9,NULL,'2016-08-27 15:45:50','2016-08-27 15:45:50'),(42,10,'ItemLine',NULL,208,1,'2016-08-29','2016-08-29',NULL,NULL,9,NULL,'2016-08-27 15:45:50','2016-08-27 15:45:50'),(43,10,'ItemLine',NULL,209,1,'2016-08-29','2016-08-29',NULL,NULL,9,NULL,'2016-08-27 15:45:50','2016-08-27 15:45:50'),(44,10,'ItemLine',NULL,210,1,'2016-08-29','2016-08-29',NULL,NULL,9,NULL,'2016-08-27 15:45:50','2016-08-27 15:45:50'),(45,10,'ItemLine',NULL,211,1,'2016-08-29','2016-08-29',NULL,NULL,9,NULL,'2016-08-27 15:45:50','2016-08-27 15:45:50'),(46,11,'ItemLine',NULL,212,1,'2016-08-29','2016-08-29',NULL,NULL,10,NULL,'2016-08-27 15:45:50','2016-08-27 15:45:50'),(47,11,'ItemLine',NULL,213,1,'2016-08-29','2016-08-29',NULL,NULL,10,NULL,'2016-08-27 15:45:50','2016-08-27 15:45:50'),(48,11,'ItemLine',NULL,214,1,'2016-08-29','2016-08-29',NULL,NULL,10,NULL,'2016-08-27 15:45:50','2016-08-27 15:45:50'),(49,11,'ItemLine',NULL,215,1,'2016-08-29','2016-08-29',NULL,NULL,10,NULL,'2016-08-27 15:45:50','2016-08-27 15:45:50'),(50,11,'ItemLine',NULL,216,1,'2016-08-29','2016-08-29',NULL,NULL,10,NULL,'2016-08-27 15:45:50','2016-08-27 15:45:50'),(51,12,'ItemLine',NULL,217,1,'2016-08-29','2016-08-29',NULL,NULL,11,NULL,'2016-08-27 15:45:50','2016-08-27 15:45:50'),(52,12,'ItemLine',NULL,218,1,'2016-08-29','2016-08-29',NULL,NULL,11,NULL,'2016-08-27 15:45:50','2016-08-27 15:45:50'),(53,12,'ItemLine',NULL,219,1,'2016-08-29','2016-08-29',NULL,NULL,11,NULL,'2016-08-27 15:45:50','2016-08-27 15:45:50'),(54,13,'ItemLine',28,37,1,'2016-08-29','2016-08-29',NULL,NULL,12,NULL,'2016-08-27 15:45:50','2016-08-27 15:45:50'),(55,13,'ItemLine',29,37,1,'2016-08-29','2016-08-29',NULL,NULL,12,NULL,'2016-08-27 15:45:50','2016-08-27 15:45:50'),(56,13,'ItemLine',30,37,1,'2016-08-29','2016-08-29',NULL,NULL,12,NULL,'2016-08-27 15:45:50','2016-08-27 15:45:50'),(57,13,'ItemLine',31,41,1,'2016-08-29','2016-08-29',NULL,NULL,12,NULL,'2016-08-27 15:45:50','2016-08-27 15:45:50'),(58,13,'ItemLine',32,41,1,'2016-08-29','2016-08-29',NULL,NULL,12,NULL,'2016-08-27 15:45:50','2016-08-27 15:45:50'),(59,13,'ItemLine',33,41,1,'2016-08-29','2016-08-29',NULL,NULL,12,NULL,'2016-08-27 15:45:50','2016-08-27 15:45:50'),(60,13,'ItemLine',34,45,1,'2016-08-29','2016-08-29',NULL,NULL,12,NULL,'2016-08-27 15:45:50','2016-08-27 15:45:50'),(61,13,'ItemLine',35,45,1,'2016-08-29','2016-08-29',NULL,NULL,12,NULL,'2016-08-27 15:45:50','2016-08-27 15:45:50'),(62,13,'ItemLine',36,45,1,'2016-08-29','2016-08-29',NULL,NULL,12,NULL,'2016-08-27 15:45:50','2016-08-27 15:45:50'),(63,13,'ItemLine',37,49,1,'2016-08-29','2016-08-29',NULL,NULL,12,NULL,'2016-08-27 15:45:50','2016-08-27 15:45:50'),(64,13,'ItemLine',38,49,1,'2016-08-29','2016-08-29',NULL,NULL,12,NULL,'2016-08-27 15:45:50','2016-08-27 15:45:50'),(65,13,'ItemLine',39,49,1,'2016-08-29','2016-08-29',NULL,NULL,12,NULL,'2016-08-27 15:45:50','2016-08-27 15:45:50'),(66,13,'ItemLine',40,53,1,'2016-08-29','2016-08-29',NULL,NULL,12,NULL,'2016-08-27 15:45:50','2016-08-27 15:45:50'),(67,13,'ItemLine',41,53,1,'2016-08-29','2016-08-29',NULL,NULL,12,NULL,'2016-08-27 15:45:50','2016-08-27 15:45:50'),(68,13,'ItemLine',42,53,1,'2016-08-29','2016-08-29',NULL,NULL,12,NULL,'2016-08-27 15:45:50','2016-08-27 15:45:50'),(69,13,'ItemLine',45,58,1,'2016-08-29','2016-08-29',NULL,NULL,12,NULL,'2016-08-27 15:45:50','2016-08-27 15:45:50'),(70,13,'ItemLine',46,58,1,'2016-08-29','2016-08-29',NULL,NULL,12,NULL,'2016-08-27 15:45:50','2016-08-27 15:45:50'),(71,13,'ItemLine',47,59,1,'2016-08-29','2016-08-29',NULL,NULL,12,NULL,'2016-08-27 15:45:50','2016-08-27 15:45:50'),(72,13,'ItemLine',49,61,1,'2016-08-29','2016-08-29',NULL,NULL,12,NULL,'2016-08-27 15:45:50','2016-08-27 15:45:50'),(73,13,'ItemLine',50,62,1,'2016-08-29','2016-08-29',NULL,NULL,12,NULL,'2016-08-27 15:45:50','2016-08-27 15:45:50'),(74,13,'ItemLine',51,63,1,'2016-08-29','2016-08-29',NULL,NULL,12,NULL,'2016-08-27 15:45:50','2016-08-27 15:45:50'),(75,13,'ItemLine',52,64,1,'2016-08-29','2016-08-29',NULL,NULL,12,NULL,'2016-08-27 15:45:50','2016-08-27 15:45:50'),(76,13,'ItemLine',53,65,1,'2016-08-29','2016-08-29',NULL,NULL,12,NULL,'2016-08-27 15:45:50','2016-08-27 15:45:50'),(77,13,'ItemLine',54,66,1,'2016-08-29','2016-08-29',NULL,NULL,12,NULL,'2016-08-27 15:45:50','2016-08-27 15:45:50'),(78,13,'ItemLine',55,67,1,'2016-08-29','2016-08-29',NULL,NULL,12,NULL,'2016-08-27 15:45:50','2016-08-27 15:45:50'),(79,13,'ItemLine',56,68,1,'2016-08-29','2016-08-29',NULL,NULL,12,NULL,'2016-08-27 15:45:50','2016-08-27 15:45:50'),(80,13,'ItemLine',57,69,1,'2016-08-29','2016-08-29',NULL,NULL,12,NULL,'2016-08-27 15:45:50','2016-08-27 15:45:50'),(81,13,'ItemLine',58,70,1,'2016-08-29','2016-08-29',NULL,NULL,12,NULL,'2016-08-27 15:45:50','2016-08-27 15:45:50'),(82,13,'ItemLine',59,71,1,'2016-08-29','2016-08-29',NULL,NULL,12,NULL,'2016-08-27 15:45:50','2016-08-27 15:45:50'),(83,13,'ItemLine',60,72,1,'2016-08-29','2016-08-29',NULL,NULL,12,NULL,'2016-08-27 15:45:50','2016-08-27 15:45:50'),(84,14,'OptionLine',NULL,NULL,2,'2016-08-27','2016-08-29',NULL,4,13,NULL,'2016-08-27 15:45:50','2016-08-27 15:45:50'),(85,14,'ItemLine',214,220,1,'2016-08-27','2016-08-29',NULL,NULL,13,NULL,'2016-08-27 15:45:50','2016-08-27 15:45:50'),(86,15,'OptionLine',NULL,NULL,2,'2016-08-27','2016-08-27',NULL,5,14,NULL,'2016-08-27 15:45:50','2016-08-27 15:45:50'),(87,15,'OptionLine',NULL,NULL,1,'2016-08-27','2016-09-27',NULL,5,14,NULL,'2016-08-27 15:45:50','2016-08-27 15:45:50'),(88,16,'ItemLine',215,221,1,'2016-08-27','2016-08-29',NULL,NULL,15,NULL,'2016-08-27 15:45:50','2016-08-27 15:45:50'),(89,17,'ItemLine',216,222,1,'2016-08-22','2016-08-26',NULL,NULL,16,NULL,'2016-08-22 00:00:00','2016-08-22 00:00:00'),(90,17,'OptionLine',NULL,NULL,1,'2016-08-22','2016-08-26',NULL,6,16,NULL,'2016-08-22 00:00:00','2016-08-22 00:00:00'),(91,18,'ItemLine',219,226,1,'2016-08-27','2016-08-27','2016-08-27',NULL,17,NULL,'2016-08-27 15:45:50','2016-08-27 15:45:50'),(92,19,'ItemLine',220,227,1,'2016-08-27','2016-08-27','2016-08-27',NULL,18,NULL,'2016-08-27 15:45:50','2016-08-27 15:45:50'),(93,20,'ItemLine',NULL,229,1,'2016-08-29','2016-08-29',NULL,NULL,19,NULL,'2016-08-27 15:45:50','2016-08-27 15:45:50'),(94,20,'ItemLine',NULL,230,1,'2016-08-29','2016-08-29',NULL,NULL,19,NULL,'2016-08-27 15:45:50','2016-08-27 15:45:50'),(95,20,'ItemLine',NULL,231,1,'2016-08-29','2016-08-29',NULL,NULL,19,NULL,'2016-08-27 15:45:50','2016-08-27 15:45:50'),(96,21,'ItemLine',225,232,1,'2016-08-27','2016-08-29',NULL,NULL,20,NULL,'2016-08-27 15:45:50','2016-08-27 15:45:50'),(97,21,'ItemLine',226,233,1,'2016-08-27','2016-08-29',NULL,NULL,20,NULL,'2016-08-27 15:45:50','2016-08-27 15:45:50'),(98,21,'ItemLine',227,234,1,'2016-08-27','2016-08-29',NULL,NULL,20,NULL,'2016-08-27 15:45:50','2016-08-27 15:45:50'),(99,22,'ItemLine',228,235,1,'2016-08-27','2016-08-29',NULL,NULL,21,NULL,'2016-08-27 15:45:50','2016-08-27 15:45:50'),(100,22,'ItemLine',229,236,1,'2016-08-27','2016-08-29',NULL,NULL,21,NULL,'2016-08-27 15:45:50','2016-08-27 15:45:50'),(101,22,'ItemLine',230,237,1,'2016-08-27','2016-08-29',NULL,NULL,21,NULL,'2016-08-27 15:45:50','2016-08-27 15:45:50'),(102,23,'ItemLine',231,238,1,'2016-08-22','2016-08-22',NULL,NULL,22,NULL,'2016-08-22 00:00:00','2016-08-22 00:00:00'),(103,23,'ItemLine',232,239,1,'2016-08-22','2016-08-22',NULL,NULL,22,NULL,'2016-08-22 00:00:00','2016-08-22 00:00:00'),(104,23,'ItemLine',233,240,1,'2016-08-22','2016-08-22',NULL,NULL,22,NULL,'2016-08-22 00:00:00','2016-08-22 00:00:00'),(105,24,'ItemLine',NULL,84,1,'2016-09-03','2016-09-06',NULL,NULL,23,NULL,'2016-08-27 15:45:50','2016-08-27 15:45:50'),(106,24,'ItemLine',NULL,84,1,'2016-09-03','2016-09-06',NULL,NULL,23,NULL,'2016-08-27 15:45:50','2016-08-27 15:45:50'),(107,24,'ItemLine',NULL,84,1,'2016-09-03','2016-09-06',NULL,NULL,23,NULL,'2016-08-27 15:45:50','2016-08-27 15:45:50'),(108,24,'ItemLine',NULL,84,1,'2016-09-03','2016-09-06',NULL,NULL,23,NULL,'2016-08-27 15:45:50','2016-08-27 15:45:50'),(109,24,'ItemLine',NULL,84,1,'2016-09-03','2016-09-06',NULL,NULL,23,NULL,'2016-08-27 15:45:50','2016-08-27 15:45:50'),(110,24,'ItemLine',NULL,116,1,'2016-09-03','2016-09-06',NULL,NULL,23,NULL,'2016-08-27 15:45:50','2016-08-27 15:45:50'),(111,24,'ItemLine',NULL,116,1,'2016-09-03','2016-09-06',NULL,NULL,23,NULL,'2016-08-27 15:45:50','2016-08-27 15:45:50'),(112,24,'ItemLine',NULL,116,1,'2016-09-03','2016-09-06',NULL,NULL,23,NULL,'2016-08-27 15:45:50','2016-08-27 15:45:50'),(113,24,'ItemLine',NULL,116,1,'2016-09-03','2016-09-06',NULL,NULL,23,NULL,'2016-08-27 15:45:50','2016-08-27 15:45:50'),(114,24,'ItemLine',NULL,116,1,'2016-09-03','2016-09-06',NULL,NULL,23,NULL,'2016-08-27 15:45:50','2016-08-27 15:45:50'),(115,25,'ItemLine',NULL,241,1,'2016-08-29','2016-08-29',NULL,NULL,24,NULL,'2016-08-27 15:45:50','2016-08-27 15:45:50'),(116,25,'ItemLine',NULL,245,1,'2016-08-29','2016-08-29',NULL,NULL,24,NULL,'2016-08-27 15:45:50','2016-08-27 15:45:50'),(117,25,'ItemLine',NULL,249,1,'2016-08-29','2016-08-29',NULL,NULL,24,NULL,'2016-08-27 15:45:50','2016-08-27 15:45:50'),(118,25,'ItemLine',NULL,253,1,'2016-08-29','2016-08-29',NULL,NULL,24,NULL,'2016-08-27 15:45:50','2016-08-27 15:45:50'),(119,25,'ItemLine',NULL,257,1,'2016-08-29','2016-08-29',NULL,NULL,24,NULL,'2016-08-27 15:45:50','2016-08-27 15:45:50'),(120,26,'ItemLine',NULL,261,1,'2016-08-29','2016-08-29',NULL,NULL,25,NULL,'2016-08-27 15:45:50','2016-08-27 15:45:50'),(121,26,'ItemLine',NULL,265,1,'2016-08-29','2016-08-29',NULL,NULL,25,NULL,'2016-08-27 15:45:50','2016-08-27 15:45:50'),(122,26,'ItemLine',NULL,269,1,'2016-08-29','2016-08-29',NULL,NULL,25,NULL,'2016-08-27 15:45:50','2016-08-27 15:45:50'),(123,26,'ItemLine',NULL,273,1,'2016-08-29','2016-08-29',NULL,NULL,25,NULL,'2016-08-27 15:45:50','2016-08-27 15:45:50'),(124,27,'ItemLine',NULL,277,1,'2016-08-29','2016-08-29',NULL,NULL,26,NULL,'2016-08-27 15:45:50','2016-08-27 15:45:50'),(125,27,'ItemLine',NULL,281,1,'2016-08-29','2016-08-29',NULL,NULL,26,NULL,'2016-08-27 15:45:50','2016-08-27 15:45:50'),(126,27,'ItemLine',NULL,285,1,'2016-08-29','2016-08-29',NULL,NULL,26,NULL,'2016-08-27 15:45:50','2016-08-27 15:45:50'),(127,27,'ItemLine',NULL,289,1,'2016-08-29','2016-08-29',NULL,NULL,26,NULL,'2016-08-27 15:45:50','2016-08-27 15:45:50'),(128,27,'ItemLine',NULL,293,1,'2016-08-29','2016-08-29',NULL,NULL,26,NULL,'2016-08-27 15:45:50','2016-08-27 15:45:50'),(129,28,'ItemLine',NULL,297,1,'2016-08-29','2016-08-29',NULL,NULL,27,NULL,'2016-08-27 15:45:50','2016-08-27 15:45:50'),(130,28,'ItemLine',NULL,301,1,'2016-08-29','2016-08-29',NULL,NULL,27,NULL,'2016-08-27 15:45:50','2016-08-27 15:45:50'),(131,28,'ItemLine',NULL,305,1,'2016-08-29','2016-08-29',NULL,NULL,27,NULL,'2016-08-27 15:45:50','2016-08-27 15:45:50'),(132,29,'ItemLine',NULL,116,1,'2016-08-29','2016-08-29',NULL,NULL,28,NULL,'2016-08-27 15:45:50','2016-08-27 15:45:50'),(133,30,'ItemLine',NULL,116,1,'2016-08-29','2016-08-29',NULL,NULL,29,NULL,'2016-08-27 15:45:50','2016-08-27 15:45:50'),(134,30,'ItemLine',NULL,84,1,'2016-08-29','2016-08-29',NULL,NULL,29,NULL,'2016-08-27 15:45:50','2016-08-27 15:45:50'),(135,31,'ItemLine',NULL,116,1,'2016-09-03','2016-09-04',NULL,NULL,30,NULL,'2016-08-27 15:45:50','2016-08-27 15:45:50'),(136,32,'ItemLine',NULL,58,1,'2016-08-29','2016-08-29',NULL,NULL,31,NULL,'2016-08-27 15:45:50','2016-08-27 15:45:50'),(137,32,'ItemLine',NULL,58,1,'2016-08-29','2016-08-29',NULL,NULL,31,NULL,'2016-08-27 15:45:50','2016-08-27 15:45:50'),(138,32,'ItemLine',NULL,58,1,'2016-08-29','2016-08-29',NULL,NULL,31,NULL,'2016-08-27 15:45:50','2016-08-27 15:45:50'),(139,33,'ItemLine',NULL,84,1,'2016-08-29','2016-08-29',NULL,NULL,32,NULL,'2016-08-27 15:45:50','2016-08-27 15:45:50'),(140,33,'ItemLine',NULL,116,1,'2016-08-29','2016-08-29',NULL,NULL,32,NULL,'2016-08-27 15:45:50','2016-08-27 15:45:50'),(141,33,'ItemLine',NULL,84,1,'2016-08-29','2016-08-29',NULL,NULL,32,NULL,'2016-08-27 15:45:50','2016-08-27 15:45:50'),(142,33,'ItemLine',NULL,116,1,'2016-08-29','2016-08-29',NULL,NULL,32,NULL,'2016-08-27 15:45:50','2016-08-27 15:45:50'),(143,33,'ItemLine',NULL,84,1,'2016-08-29','2016-08-29',NULL,NULL,32,NULL,'2016-08-27 15:45:50','2016-08-27 15:45:50'),(144,33,'ItemLine',NULL,116,1,'2016-08-29','2016-08-29',NULL,NULL,32,NULL,'2016-08-27 15:45:50','2016-08-27 15:45:50'),(145,33,'OptionLine',NULL,NULL,5,'2016-08-29','2016-08-29',NULL,1,32,NULL,'2016-08-27 15:45:50','2016-08-27 15:45:50'),(146,34,'ItemLine',NULL,155,1,'2016-08-29','2016-08-29',NULL,NULL,NULL,NULL,'2016-08-27 15:45:50','2016-08-27 15:45:50'),(147,35,'ItemLine',285,309,1,'2016-08-29','2016-08-29',NULL,NULL,NULL,NULL,'2016-08-27 15:45:50','2016-08-27 15:45:50'),(148,36,'ItemLine',72,84,1,'2016-08-27','2016-08-27',NULL,NULL,35,NULL,'2016-08-27 15:45:50','2016-08-27 15:45:50'),(149,37,'ItemLine',286,310,1,'2016-08-27','2016-08-27',NULL,NULL,36,NULL,'2016-08-27 15:45:50','2016-08-27 15:45:50'),(150,38,'ItemLine',43,57,1,'2016-08-27','2016-08-27',NULL,NULL,37,NULL,'2016-08-27 15:45:50','2016-08-27 15:45:50'),(151,38,'ItemLine',273,293,1,'2016-08-27','2016-08-27','2016-08-27',NULL,37,18,'2016-08-27 15:45:50','2016-08-27 15:45:50'),(152,39,'ItemLine',48,58,1,'2016-08-27','2016-08-27',NULL,NULL,38,NULL,'2016-08-27 15:45:50','2016-08-27 15:45:50'),(153,40,'ItemLine',287,311,1,'2016-08-27','2016-08-27',NULL,NULL,39,NULL,'2016-08-27 15:45:50','2016-08-27 15:45:50'),(154,41,'ItemLine',113,119,1,'2016-08-27','2016-08-28',NULL,NULL,40,NULL,'2016-08-27 15:45:50','2016-08-27 15:45:50'),(155,42,'ItemLine',NULL,84,1,'2016-09-03','2016-09-06',NULL,NULL,41,NULL,'2016-08-27 15:45:50','2016-08-27 15:45:50'),(156,42,'ItemLine',NULL,116,1,'2016-09-03','2016-09-06',NULL,NULL,41,NULL,'2016-08-27 15:45:50','2016-08-27 15:45:50'),(157,42,'ItemLine',NULL,116,1,'2016-09-04','2016-09-07',NULL,NULL,41,NULL,'2016-08-27 15:45:50','2016-08-27 15:45:50'),(158,43,'ItemLine',NULL,62,1,'2016-08-27','2016-08-28',NULL,NULL,41,NULL,'2016-08-27 15:45:50','2016-08-27 15:45:50'),(159,44,'ItemLine',NULL,58,1,'2016-08-25','2016-08-28',NULL,NULL,42,NULL,'2016-08-27 15:45:50','2016-08-27 15:45:50'),(160,44,'ItemLine',NULL,312,1,'2016-08-25','2016-08-28',NULL,NULL,42,NULL,'2016-08-27 15:45:50','2016-08-27 15:45:50'),(161,45,'ItemLine',142,58,1,'2016-08-27','2016-08-27',NULL,NULL,43,NULL,'2016-08-27 15:45:50','2016-08-27 15:45:50'),(162,45,'OptionLine',NULL,NULL,1,'2016-08-27','2016-08-27',NULL,1,43,NULL,'2016-08-27 15:45:50','2016-08-27 15:45:50'),(163,46,'ItemLine',NULL,84,1,'2016-10-03','2016-10-11',NULL,NULL,44,NULL,'2016-08-27 15:45:50','2016-08-27 15:45:50'),(164,47,'ItemLine',NULL,84,1,'2016-10-18','2016-10-21',NULL,NULL,45,NULL,'2016-08-27 15:45:50','2016-08-27 15:45:50'),(165,47,'ItemLine',NULL,84,1,'2016-10-18','2016-10-21',NULL,NULL,45,NULL,'2016-08-27 15:45:50','2016-08-27 15:45:50'),(166,47,'ItemLine',NULL,84,1,'2016-10-18','2016-10-21',NULL,NULL,45,NULL,'2016-08-27 15:45:50','2016-08-27 15:45:50'),(167,47,'ItemLine',NULL,84,1,'2016-10-18','2016-10-21',NULL,NULL,45,NULL,'2016-08-27 15:45:50','2016-08-27 15:45:50'),(168,47,'ItemLine',NULL,84,1,'2016-10-18','2016-10-21',NULL,NULL,45,NULL,'2016-08-27 15:45:50','2016-08-27 15:45:50'),(169,47,'ItemLine',NULL,84,1,'2016-10-18','2016-10-21',NULL,NULL,45,NULL,'2016-08-27 15:45:50','2016-08-27 15:45:50'),(170,48,'ItemLine',NULL,37,1,'2016-08-29','2016-08-29',NULL,NULL,46,NULL,'2016-08-27 15:45:50','2016-08-27 15:45:50'),(171,49,'ItemLine',108,116,1,'2016-08-22','2016-08-26',NULL,NULL,47,NULL,'2016-08-22 00:00:00','2016-08-22 00:00:00');
/*!40000 ALTER TABLE `contract_lines` ENABLE KEYS */;
UNLOCK TABLES;

--
-- Table structure for table `contracts`
--

DROP TABLE IF EXISTS `contracts`;
/*!40101 SET @saved_cs_client     = @@character_set_client */;
/*!40101 SET character_set_client = utf8 */;
CREATE TABLE `contracts` (
  `id` int(11) NOT NULL AUTO_INCREMENT,
  `user_id` int(11) DEFAULT NULL,
  `delegated_user_id` int(11) DEFAULT NULL,
  `inventory_pool_id` int(11) DEFAULT NULL,
  `note` text COLLATE utf8_unicode_ci,
  `handed_over_by_user_id` int(11) DEFAULT NULL,
  `created_at` datetime DEFAULT NULL,
  `updated_at` datetime DEFAULT NULL,
  `status` enum('unsubmitted','submitted','rejected','approved','signed','closed') COLLATE utf8_unicode_ci NOT NULL,
  PRIMARY KEY (`id`),
  KEY `index_contracts_on_inventory_pool_id` (`inventory_pool_id`),
  KEY `index_contracts_on_status` (`status`),
  KEY `index_contracts_on_user_id` (`user_id`),
  KEY `contracts_delegated_user_id_fk` (`delegated_user_id`),
  KEY `contracts_handed_over_by_user_id_fk` (`handed_over_by_user_id`),
  CONSTRAINT `contracts_handed_over_by_user_id_fk` FOREIGN KEY (`handed_over_by_user_id`) REFERENCES `users` (`id`),
  CONSTRAINT `contracts_delegated_user_id_fk` FOREIGN KEY (`delegated_user_id`) REFERENCES `users` (`id`),
  CONSTRAINT `contracts_inventory_pool_id_fk` FOREIGN KEY (`inventory_pool_id`) REFERENCES `inventory_pools` (`id`),
  CONSTRAINT `contracts_user_id_fk` FOREIGN KEY (`user_id`) REFERENCES `users` (`id`)
) ENGINE=InnoDB AUTO_INCREMENT=50 DEFAULT CHARSET=utf8 COLLATE=utf8_unicode_ci;
/*!40101 SET character_set_client = @saved_cs_client */;

--
-- Dumping data for table `contracts`
--

LOCK TABLES `contracts` WRITE;
/*!40000 ALTER TABLE `contracts` DISABLE KEYS */;
INSERT INTO `contracts` VALUES (1,5,NULL,5,NULL,NULL,'2016-08-27 15:45:50','2016-08-27 15:45:50','unsubmitted'),(2,6,NULL,9,NULL,NULL,'2016-08-27 15:45:50','2016-08-27 15:45:50','approved'),(3,7,NULL,1,NULL,NULL,'2016-08-27 15:45:50','2016-08-27 15:45:50','closed'),(4,12,NULL,1,NULL,NULL,'2016-08-27 13:26:26','2016-08-27 13:26:26','submitted'),(5,12,NULL,1,NULL,NULL,'2016-08-27 13:26:26','2016-08-27 13:26:26','approved'),(6,12,NULL,1,NULL,NULL,'2016-08-27 13:26:27','2016-08-27 13:26:27','rejected'),(7,12,NULL,1,NULL,NULL,'2016-08-21 16:41:50','2016-08-21 16:41:50','submitted'),(8,12,NULL,1,NULL,NULL,'2016-08-26 20:19:29','2016-08-26 20:19:29','submitted'),(9,13,NULL,1,NULL,NULL,'2016-08-27 15:45:50','2016-08-27 15:45:50','submitted'),(10,14,NULL,1,NULL,NULL,'2016-08-27 15:45:50','2016-08-27 15:45:50','submitted'),(11,15,NULL,1,NULL,NULL,'2016-08-27 15:45:50','2016-08-27 15:45:50','submitted'),(12,16,NULL,1,NULL,NULL,'2016-08-27 15:45:50','2016-08-27 15:45:50','submitted'),(13,20,NULL,1,NULL,NULL,'2016-08-27 15:45:50','2016-08-27 15:45:50','approved'),(14,21,NULL,1,NULL,18,'2016-08-27 15:45:50','2016-08-27 15:45:50','signed'),(15,22,NULL,1,NULL,18,'2016-08-27 15:45:50','2016-08-27 15:45:50','signed'),(16,23,NULL,1,NULL,18,'2016-08-27 15:45:50','2016-08-27 15:45:50','signed'),(17,24,NULL,2,NULL,18,'2016-08-22 00:00:00','2016-08-22 00:00:00','signed'),(18,26,NULL,1,NULL,18,'2016-08-27 15:45:50','2016-08-27 15:45:50','closed'),(19,27,NULL,1,NULL,18,'2016-08-27 15:45:50','2016-08-27 15:45:50','closed'),(20,30,28,1,NULL,NULL,'2016-08-27 15:45:50','2016-08-27 15:45:50','submitted'),(21,30,29,1,NULL,NULL,'2016-08-27 15:45:50','2016-08-27 15:45:50','approved'),(22,30,28,1,NULL,18,'2016-08-27 15:45:50','2016-08-27 15:45:50','signed'),(23,30,28,1,NULL,18,'2016-08-22 00:00:00','2016-08-22 00:00:00','signed'),(24,34,NULL,1,NULL,NULL,'2016-08-27 15:45:50','2016-08-27 15:45:50','submitted'),(25,34,NULL,2,NULL,NULL,'2016-08-27 15:45:50','2016-08-27 15:45:50','submitted'),(26,34,NULL,1,NULL,NULL,'2016-08-27 15:45:50','2016-08-27 15:45:50','submitted'),(27,34,NULL,2,NULL,NULL,'2016-08-27 15:45:50','2016-08-27 15:45:50','submitted'),(28,34,NULL,1,NULL,NULL,'2016-08-27 15:45:50','2016-08-27 15:45:50','submitted'),(29,34,NULL,1,NULL,NULL,'2016-08-27 15:45:50','2016-08-27 15:45:50','approved'),(30,34,NULL,1,NULL,NULL,'2016-08-27 15:45:50','2016-08-27 15:45:50','approved'),(31,34,NULL,1,NULL,NULL,'2016-08-27 15:45:50','2016-08-27 15:45:50','approved'),(32,34,NULL,1,NULL,NULL,'2016-08-27 15:45:50','2016-08-27 15:45:50','approved'),(33,34,NULL,1,NULL,NULL,'2016-08-27 15:45:50','2016-08-27 15:45:50','approved'),(34,34,NULL,1,NULL,NULL,'2016-08-27 15:45:50','2016-08-27 15:45:50','approved'),(35,34,NULL,1,NULL,NULL,'2016-08-27 15:45:50','2016-08-27 15:45:50','approved'),(36,34,NULL,1,NULL,18,'2016-08-27 15:45:50','2016-08-27 15:45:50','signed'),(37,34,NULL,1,NULL,18,'2016-08-27 15:45:50','2016-08-27 15:45:50','signed'),(38,34,NULL,2,NULL,18,'2016-08-27 15:45:50','2016-08-27 15:45:50','signed'),(39,34,NULL,2,NULL,18,'2016-08-27 15:45:50','2016-08-27 15:45:50','signed'),(40,34,NULL,2,NULL,18,'2016-08-27 15:45:50','2016-08-27 15:45:50','signed'),(41,34,NULL,1,NULL,18,'2016-08-27 15:45:50','2016-08-27 15:45:50','signed'),(42,35,NULL,1,NULL,NULL,'2016-08-27 15:45:50','2016-08-27 15:45:50','submitted'),(43,35,NULL,1,NULL,NULL,'2016-08-27 15:45:50','2016-08-27 15:45:50','submitted'),(44,35,NULL,1,NULL,NULL,'2016-08-27 15:45:50','2016-08-27 15:45:50','approved'),(45,35,NULL,1,NULL,18,'2016-08-27 15:45:50','2016-08-27 15:45:50','signed'),(46,36,NULL,1,NULL,NULL,'2016-08-27 15:45:50','2016-08-27 15:45:50','submitted'),(47,36,NULL,1,NULL,NULL,'2016-08-27 15:45:50','2016-08-27 15:45:50','submitted'),(48,36,NULL,1,NULL,NULL,'2016-08-27 15:45:50','2016-08-27 15:45:50','approved'),(49,36,NULL,1,NULL,18,'2016-08-22 00:00:00','2016-08-22 00:00:00','signed');
/*!40000 ALTER TABLE `contracts` ENABLE KEYS */;
UNLOCK TABLES;

--
-- Table structure for table `database_authentications`
--

DROP TABLE IF EXISTS `database_authentications`;
/*!40101 SET @saved_cs_client     = @@character_set_client */;
/*!40101 SET character_set_client = utf8 */;
CREATE TABLE `database_authentications` (
  `id` int(11) NOT NULL AUTO_INCREMENT,
  `login` varchar(255) COLLATE utf8_unicode_ci DEFAULT NULL,
  `crypted_password` varchar(40) COLLATE utf8_unicode_ci DEFAULT NULL,
  `salt` varchar(40) COLLATE utf8_unicode_ci DEFAULT NULL,
  `user_id` int(11) DEFAULT NULL,
  `created_at` datetime DEFAULT NULL,
  `updated_at` datetime DEFAULT NULL,
  PRIMARY KEY (`id`),
  KEY `database_authentications_user_id_fk` (`user_id`),
  CONSTRAINT `database_authentications_user_id_fk` FOREIGN KEY (`user_id`) REFERENCES `users` (`id`) ON DELETE CASCADE
) ENGINE=InnoDB AUTO_INCREMENT=33 DEFAULT CHARSET=utf8 COLLATE=utf8_unicode_ci;
/*!40101 SET character_set_client = @saved_cs_client */;

--
-- Dumping data for table `database_authentications`
--

LOCK TABLES `database_authentications` WRITE;
/*!40000 ALTER TABLE `database_authentications` DISABLE KEYS */;
INSERT INTO `database_authentications` VALUES (1,'ramon','815367173c9371927e51f1ed37b0d8c88a645cc3','0865134b42dcd2cc0271385d769fccfe3403e54a',1,'2016-08-27 15:45:50','2016-08-27 15:45:50'),(2,'dell_987','7098ccd11b9a58597c084d0e5a5453c43fa550bc','8d8c02c7e5475f95fee07d06ef9bda18b26d6d8f',2,'2016-08-27 15:45:50','2016-08-27 15:45:50'),(3,'marisol_1943','22ed5bbd998a9c4a514b229291f9681f1f9c973b','0edab095637d301da93f1afd3aded6498eac81b7',3,'2016-08-27 15:45:50','2016-08-27 15:45:50'),(4,'lavon.heel_6090','4afbb89ff637cd3758d8c0a3f0ab2022e92ff945','379ad5b8714bb32cef0fc3ac578722b5126555cc',4,'2016-08-27 15:45:50','2016-08-27 15:45:50'),(5,'moses_549','ebedd900de24489a3a3235968b4b9f7b9e867ca4','c08ca1f412b9f7da3a666eba71d1a83ad910b004',5,'2016-08-27 15:45:50','2016-08-27 15:45:50'),(6,'sheila_hane_4252','f10359b797a499e01c6d870275501108f643a591','b975b20a30b3132e25326282754c8d437b38ce96',6,'2016-08-27 15:45:50','2016-08-27 15:45:50'),(7,'modesta_8266','ba6ccb4ffb5c7540d933f690186d4e2117ed3fa0','ad15d30f192af787d163bab778b81682cfbdec85',7,'2016-08-27 15:45:50','2016-08-27 15:45:50'),(8,'matti','c62f0a62f83266795d232bb64a55dae5d7c74eac','c1d281ee691958683134ece8264da6324b5bf87a',8,'2016-08-27 15:45:50','2016-08-27 15:45:50'),(9,'mike','0e705b2675af7b37b0c425572a76b1c70265bf17','e8f8b327d9eb4d2a908081d425b45f3585fa5d15',9,'2016-08-27 15:45:50','2016-08-27 15:45:50'),(10,'andi','f8006bab38b62222c7d5169c15da1f80ff66e547','d191d6c16ee239688a4623202affeb8fd7c871d7',10,'2016-08-27 15:45:50','2016-08-27 15:45:50'),(11,'clement_farrell_9124','103dfdeeae8515744513c1cd2dd028b556c8e4c0','9b1895777be732123710caee0fe6bd9dbf5043fa',11,'2016-08-27 15:45:50','2016-08-27 15:45:50'),(12,'shyanne_6495','e1f1894921b362166c413bbd48efc3b090f56e5d','8a621af1811eb08780e6e708da82ffd7e422e183',12,'2016-08-27 15:45:50','2016-08-27 15:45:50'),(13,'clotilde_3942','6693677a421beb1807b4ce862100c0f97985810c','ae14c39b8ed8685f64e84fa868dace8d55a123f9',13,'2016-08-27 15:45:50','2016-08-27 15:45:50'),(14,'marisol_rohan_4587','f17ec6cf93cbf2ee2c04e55a78a42df32c3cbebc','5272b1fe28e3c3628c15272e634821442fc032ba',14,'2016-08-27 15:45:50','2016-08-27 15:45:50'),(15,'andre_2330','2881b1471f853e038b8dc93a5532e191404a60b3','055b09c26602022abd35d19c8bf93b1ab371a590',15,'2016-08-27 15:45:50','2016-08-27 15:45:50'),(16,'dario_murphy_7275','670948376f2ea3e5b0437733ef7dbd716f450cb6','9a44f08e71018eb2ea19588b9c0f609581058bd2',16,'2016-08-27 15:45:50','2016-08-27 15:45:50'),(17,'gino','13e927c1512aa06deaec134b1f699eef38dc60b1','cfdde453d6d124b61dab905a8730ed4eae83f51a',17,'2016-08-27 15:45:50','2016-08-27 15:45:50'),(18,'pius','37cde9be3e46fc7295d35858fe23e8f375d4832e','466d8abb53c8c80f095d161e0242877bac05fd33',18,'2016-08-27 15:45:50','2016-08-27 15:45:50'),(19,'peter','4767075bbd31d881254114389b40d2a208ee82aa','19b6d94fbc4c76baae8667c5ee6fe29c1c88c3d9',19,'2016-08-27 15:45:50','2016-08-27 15:45:50'),(20,'dale_runte_1006','bb0692af763e52d7fbddded9f343982b5e617880','6017f0e24aef84a84db45c0daf5d6ab496a9f047',20,'2016-08-27 15:45:50','2016-08-27 15:45:50'),(21,'rachelle_3364','9c0733bcf42988b2f5fea4fa375b79e7b6bc381f','7e9c6949e250c5c6a4b7047fb2aa96c1a02bd7a2',21,'2016-08-27 15:45:50','2016-08-27 15:45:50'),(22,'jefferey.cole_7584','da3f04a9524b75ed0aa8714a5d9d393a84b16c3b','59a5c9feb95849543bd07a8177b2005272a2881e',22,'2016-08-27 15:45:50','2016-08-27 15:45:50'),(23,'sigmund.williamson_3320','3b75b2d15403c57f24b5e463cec4e9dbf8603526','380fc26e6cbd6f7697d90bdec1dc8b5007e5ea6b',23,'2016-08-27 15:45:50','2016-08-27 15:45:50'),(24,'carroll.king_7865','edaf3bcd5132fbf91d62a9c427d2539d9de5dc4b','6b1428d3d252e9c107105445b831ed2f8202bd52',24,'2016-08-22 00:00:00','2016-08-22 00:00:00'),(25,'bradford_9843','851d96ae464a965ac47c888495e9ccd58047632f','89b9af9dcc53b87e905c2796c8d68c94f2eda270',25,'2016-08-22 00:00:00','2016-08-22 00:00:00'),(26,'myriam_schmeler_2006','cff22c8991f869d555dd8b23b217565106d294c2','1a6c092a9b645654529b27c729a1398ca0b22a4a',26,'2016-08-27 15:45:50','2016-08-27 15:45:50'),(27,'clement.hartmann_6112','342ba4e97526e366c8b5699b5af5f8381af62432','859121ee27d385ec87cb757f0a459a7ea33a00ef',27,'2016-08-27 15:45:50','2016-08-27 15:45:50'),(28,'mina','d99d878a0ff64ed97df4b6e8af6aec295b4e9999','99cbb83b8fd8b21d6d7f039516f0080b89cb3e67',28,'2016-08-27 15:45:50','2016-08-27 15:45:50'),(29,'julie','bcd1487d2668093c6459cac264f322746e6b12eb','b94b6c04b38da1b6ed13454f08aea64b56889643',29,'2016-08-27 15:45:50','2016-08-27 15:45:50'),(30,'normin','1ef8a879f566e7d181e60fd5d720adffe7f52c60','af966f3dc43095a3909f4f49fc23139da838c131',34,'2016-08-27 15:45:50','2016-08-27 15:45:50'),(31,'petra','dcbd6bca7a0f356660d126674555b6cd9741b403','14f17601a0fc06acda0e05c170c7f2e2adb5838c',35,'2016-08-27 15:45:50','2016-08-27 15:45:50'),(32,'lisa','6f6477a41a7ed55536dda96fc14a87c7f7a9b359','ed3c92eb2523d5933abd0f2644f1d5eeaf5c3b6e',36,'2016-08-27 15:45:50','2016-08-27 15:45:50');
/*!40000 ALTER TABLE `database_authentications` ENABLE KEYS */;
UNLOCK TABLES;

--
-- Table structure for table `delegations_users`
--

DROP TABLE IF EXISTS `delegations_users`;
/*!40101 SET @saved_cs_client     = @@character_set_client */;
/*!40101 SET character_set_client = utf8 */;
CREATE TABLE `delegations_users` (
  `delegation_id` int(11) DEFAULT NULL,
  `user_id` int(11) DEFAULT NULL,
  UNIQUE KEY `index_delegations_users_on_user_id_and_delegation_id` (`user_id`,`delegation_id`),
  KEY `index_delegations_users_on_delegation_id` (`delegation_id`),
  CONSTRAINT `delegations_users_delegation_id_fk` FOREIGN KEY (`delegation_id`) REFERENCES `users` (`id`),
  CONSTRAINT `delegations_users_user_id_fk` FOREIGN KEY (`user_id`) REFERENCES `users` (`id`)
) ENGINE=InnoDB DEFAULT CHARSET=utf8 COLLATE=utf8_unicode_ci;
/*!40101 SET character_set_client = @saved_cs_client */;

--
-- Dumping data for table `delegations_users`
--

LOCK TABLES `delegations_users` WRITE;
/*!40000 ALTER TABLE `delegations_users` DISABLE KEYS */;
INSERT INTO `delegations_users` VALUES (30,28),(31,28),(32,28),(33,28),(30,29),(31,29),(32,29),(33,29);
/*!40000 ALTER TABLE `delegations_users` ENABLE KEYS */;
UNLOCK TABLES;

--
-- Table structure for table `groups`
--

DROP TABLE IF EXISTS `groups`;
/*!40101 SET @saved_cs_client     = @@character_set_client */;
/*!40101 SET character_set_client = utf8 */;
CREATE TABLE `groups` (
  `id` int(11) NOT NULL AUTO_INCREMENT,
  `name` varchar(255) COLLATE utf8_unicode_ci DEFAULT NULL,
  `inventory_pool_id` int(11) DEFAULT NULL,
  `is_verification_required` tinyint(1) DEFAULT '0',
  `created_at` datetime DEFAULT NULL,
  `updated_at` datetime DEFAULT NULL,
  PRIMARY KEY (`id`),
  KEY `index_groups_on_inventory_pool_id` (`inventory_pool_id`),
  KEY `index_groups_on_is_verification_required` (`is_verification_required`),
  CONSTRAINT `groups_inventory_pool_id_fk` FOREIGN KEY (`inventory_pool_id`) REFERENCES `inventory_pools` (`id`)
) ENGINE=InnoDB AUTO_INCREMENT=10 DEFAULT CHARSET=utf8 COLLATE=utf8_unicode_ci;
/*!40101 SET character_set_client = @saved_cs_client */;

--
-- Dumping data for table `groups`
--

LOCK TABLES `groups` WRITE;
/*!40000 ALTER TABLE `groups` DISABLE KEYS */;
INSERT INTO `groups` VALUES (1,'Cast',1,0,'2016-08-27 15:45:50','2016-08-27 15:45:50'),(2,'IAD',1,0,'2016-08-27 15:45:50','2016-08-27 15:45:50'),(3,'Wu',1,0,'2016-08-27 15:45:50','2016-08-27 15:45:50'),(4,'Group Hifi',1,0,'2016-08-27 15:45:50','2016-08-27 15:45:50'),(5,'Group A',1,0,'2016-08-27 15:45:50','2016-08-27 15:45:50'),(6,'Group B',1,0,'2016-08-27 15:45:50','2016-08-27 15:45:50'),(7,'FFI',1,1,'2016-08-27 15:45:50','2016-08-27 15:45:50'),(8,'VTO',1,1,'2016-08-27 15:45:50','2016-08-27 15:45:50'),(9,'1. Semester',2,1,'2016-08-27 15:45:50','2016-08-27 15:45:50');
/*!40000 ALTER TABLE `groups` ENABLE KEYS */;
UNLOCK TABLES;

--
-- Table structure for table `groups_users`
--

DROP TABLE IF EXISTS `groups_users`;
/*!40101 SET @saved_cs_client     = @@character_set_client */;
/*!40101 SET character_set_client = utf8 */;
CREATE TABLE `groups_users` (
  `user_id` int(11) DEFAULT NULL,
  `group_id` int(11) DEFAULT NULL,
  UNIQUE KEY `index_groups_users_on_user_id_and_group_id` (`user_id`,`group_id`),
  KEY `index_groups_users_on_group_id` (`group_id`),
  CONSTRAINT `groups_users_user_id_fk` FOREIGN KEY (`user_id`) REFERENCES `users` (`id`),
  CONSTRAINT `groups_users_group_id_fk` FOREIGN KEY (`group_id`) REFERENCES `groups` (`id`)
) ENGINE=InnoDB DEFAULT CHARSET=utf8 COLLATE=utf8_unicode_ci;
/*!40101 SET character_set_client = @saved_cs_client */;

--
-- Dumping data for table `groups_users`
--

LOCK TABLES `groups_users` WRITE;
/*!40000 ALTER TABLE `groups_users` DISABLE KEYS */;
INSERT INTO `groups_users` VALUES (12,7),(12,8),(13,7),(14,7),(14,8),(15,7),(15,9),(16,7),(34,1),(36,1);
/*!40000 ALTER TABLE `groups_users` ENABLE KEYS */;
UNLOCK TABLES;

--
-- Table structure for table `histories`
--

DROP TABLE IF EXISTS `histories`;
/*!40101 SET @saved_cs_client     = @@character_set_client */;
/*!40101 SET character_set_client = utf8 */;
CREATE TABLE `histories` (
  `id` int(11) NOT NULL AUTO_INCREMENT,
  `text` varchar(255) COLLATE utf8_unicode_ci DEFAULT '',
  `type_const` int(11) DEFAULT NULL,
  `created_at` datetime NOT NULL,
  `target_id` int(11) NOT NULL,
  `target_type` varchar(255) COLLATE utf8_unicode_ci NOT NULL,
  `user_id` int(11) DEFAULT NULL,
  PRIMARY KEY (`id`),
  KEY `index_histories_on_target_type_and_target_id` (`target_type`,`target_id`),
  KEY `index_histories_on_type_const` (`type_const`),
  KEY `index_histories_on_user_id` (`user_id`),
  CONSTRAINT `histories_user_id_fk` FOREIGN KEY (`user_id`) REFERENCES `users` (`id`)
) ENGINE=InnoDB AUTO_INCREMENT=17 DEFAULT CHARSET=utf8 COLLATE=utf8_unicode_ci;
/*!40101 SET character_set_client = @saved_cs_client */;

--
-- Dumping data for table `histories`
--

LOCK TABLES `histories` WRITE;
/*!40000 ALTER TABLE `histories` DISABLE KEYS */;
INSERT INTO `histories` VALUES (1,'Contract 14 has been signed by Herman Reichert',1,'2016-08-27 15:45:50',14,'Contract',18),(2,'Contract 15 has been signed by Emmie Mann',1,'2016-08-27 15:45:50',15,'Contract',18),(3,'Contract 16 has been signed by Emma Weimann',1,'2016-08-27 15:45:50',16,'Contract',18),(4,'Contract 17 has been signed by Mallie Pacocha',1,'2016-08-22 00:00:00',17,'Contract',18),(5,'Contract 18 has been signed by Retha Fritsch',1,'2016-08-27 15:45:50',18,'Contract',18),(6,'Contract 19 has been signed by Leopoldo Dickinson',1,'2016-08-27 15:45:50',19,'Contract',18),(7,'Contract 22 has been signed by Ipsum cum laborum ullam nihil provident.',1,'2016-08-27 15:45:50',22,'Contract',18),(8,'Contract 23 has been signed by Ipsum cum laborum ullam nihil provident.',1,'2016-08-22 00:00:00',23,'Contract',18),(9,'Contract 36 has been signed by Normin N.',1,'2016-08-27 15:45:50',36,'Contract',18),(10,'Contract 37 has been signed by Normin N.',1,'2016-08-27 15:45:50',37,'Contract',18),(11,'Contract 38 has been signed by Normin N.',1,'2016-08-27 15:45:50',38,'Contract',18),(12,'Contract 39 has been signed by Normin N.',1,'2016-08-27 15:45:50',39,'Contract',18),(13,'Contract 40 has been signed by Normin N.',1,'2016-08-27 15:45:50',40,'Contract',18),(14,'Contract 41 has been signed by Normin N.',1,'2016-08-27 15:45:50',41,'Contract',18),(15,'Contract 45 has been signed by Petra K.',1,'2016-08-27 15:45:50',45,'Contract',18),(16,'Contract 49 has been signed by Lisa L.',1,'2016-08-22 00:00:00',49,'Contract',18);
/*!40000 ALTER TABLE `histories` ENABLE KEYS */;
UNLOCK TABLES;

--
-- Table structure for table `holidays`
--

DROP TABLE IF EXISTS `holidays`;
/*!40101 SET @saved_cs_client     = @@character_set_client */;
/*!40101 SET character_set_client = utf8 */;
CREATE TABLE `holidays` (
  `id` int(11) NOT NULL AUTO_INCREMENT,
  `inventory_pool_id` int(11) DEFAULT NULL,
  `start_date` date DEFAULT NULL,
  `end_date` date DEFAULT NULL,
  `name` varchar(255) COLLATE utf8_unicode_ci DEFAULT NULL,
  PRIMARY KEY (`id`),
  KEY `index_holidays_on_inventory_pool_id` (`inventory_pool_id`),
  KEY `index_holidays_on_start_date_and_end_date` (`start_date`,`end_date`),
  CONSTRAINT `holidays_inventory_pool_id_fk` FOREIGN KEY (`inventory_pool_id`) REFERENCES `inventory_pools` (`id`) ON DELETE CASCADE
) ENGINE=InnoDB AUTO_INCREMENT=9 DEFAULT CHARSET=utf8 COLLATE=utf8_unicode_ci;
/*!40101 SET character_set_client = @saved_cs_client */;

--
-- Dumping data for table `holidays`
--

LOCK TABLES `holidays` WRITE;
/*!40000 ALTER TABLE `holidays` DISABLE KEYS */;
INSERT INTO `holidays` VALUES (1,1,'2016-12-24','2016-12-26','Christmas'),(2,1,'2017-12-24','2017-12-26','Christmas'),(3,2,'2016-12-24','2016-12-26','Christmas'),(4,2,'2017-12-24','2017-12-26','Christmas'),(5,3,'2016-12-24','2016-12-26','Christmas'),(6,3,'2017-12-24','2017-12-26','Christmas'),(7,1,'2016-12-24','2016-12-26','Christmas'),(8,1,'2017-12-24','2017-12-26','Christmas');
/*!40000 ALTER TABLE `holidays` ENABLE KEYS */;
UNLOCK TABLES;

--
-- Table structure for table `images`
--

DROP TABLE IF EXISTS `images`;
/*!40101 SET @saved_cs_client     = @@character_set_client */;
/*!40101 SET character_set_client = utf8 */;
CREATE TABLE `images` (
  `id` int(11) NOT NULL AUTO_INCREMENT,
  `is_main` tinyint(1) DEFAULT '0',
  `content_type` varchar(255) COLLATE utf8_unicode_ci DEFAULT NULL,
  `filename` varchar(255) COLLATE utf8_unicode_ci DEFAULT NULL,
  `size` int(11) DEFAULT NULL,
  `height` int(11) DEFAULT NULL,
  `width` int(11) DEFAULT NULL,
  `parent_id` int(11) DEFAULT NULL,
  `thumbnail` varchar(255) COLLATE utf8_unicode_ci DEFAULT NULL,
  `target_id` int(11) DEFAULT NULL,
  `target_type` varchar(255) COLLATE utf8_unicode_ci DEFAULT NULL,
  PRIMARY KEY (`id`),
  KEY `index_images_on_target_id_and_target_type` (`target_id`,`target_type`)
) ENGINE=InnoDB AUTO_INCREMENT=5 DEFAULT CHARSET=utf8 COLLATE=utf8_unicode_ci;
/*!40101 SET character_set_client = @saved_cs_client */;

--
-- Dumping data for table `images`
--

LOCK TABLES `images` WRITE;
/*!40000 ALTER TABLE `images` DISABLE KEYS */;
INSERT INTO `images` VALUES (1,0,'image/jpeg','incidunt',NULL,NULL,NULL,NULL,NULL,1,'ModelGroup'),(2,0,'image/jpeg','rerum',NULL,NULL,NULL,NULL,NULL,153,'Model'),(3,0,'image/jpeg','qui',NULL,NULL,NULL,NULL,NULL,153,'Model'),(4,0,'image/jpeg','non',NULL,NULL,NULL,NULL,NULL,154,'Model');
/*!40000 ALTER TABLE `images` ENABLE KEYS */;
UNLOCK TABLES;

--
-- Table structure for table `inventory_pools`
--

DROP TABLE IF EXISTS `inventory_pools`;
/*!40101 SET @saved_cs_client     = @@character_set_client */;
/*!40101 SET character_set_client = utf8 */;
CREATE TABLE `inventory_pools` (
  `id` int(11) NOT NULL AUTO_INCREMENT,
  `name` varchar(255) COLLATE utf8_unicode_ci DEFAULT NULL,
  `description` text COLLATE utf8_unicode_ci,
  `contact_details` varchar(255) COLLATE utf8_unicode_ci DEFAULT NULL,
  `contract_description` varchar(255) COLLATE utf8_unicode_ci DEFAULT NULL,
  `contract_url` varchar(255) COLLATE utf8_unicode_ci DEFAULT NULL,
  `logo_url` varchar(255) COLLATE utf8_unicode_ci DEFAULT NULL,
  `default_contract_note` text COLLATE utf8_unicode_ci,
  `shortname` varchar(255) COLLATE utf8_unicode_ci DEFAULT NULL,
  `email` varchar(255) COLLATE utf8_unicode_ci DEFAULT NULL,
  `color` text COLLATE utf8_unicode_ci,
  `print_contracts` tinyint(1) DEFAULT '1',
  `opening_hours` text COLLATE utf8_unicode_ci,
  `address_id` int(11) DEFAULT NULL,
  `automatic_suspension` tinyint(1) NOT NULL DEFAULT '0',
  `automatic_suspension_reason` text COLLATE utf8_unicode_ci,
  `automatic_access` tinyint(1) DEFAULT NULL,
  PRIMARY KEY (`id`),
  UNIQUE KEY `index_inventory_pools_on_name` (`name`),
  KEY `inventory_pools_address_id_fk` (`address_id`),
  CONSTRAINT `inventory_pools_address_id_fk` FOREIGN KEY (`address_id`) REFERENCES `addresses` (`id`)
) ENGINE=InnoDB AUTO_INCREMENT=13 DEFAULT CHARSET=utf8 COLLATE=utf8_unicode_ci;
/*!40101 SET character_set_client = @saved_cs_client */;

--
-- Dumping data for table `inventory_pools`
--

LOCK TABLES `inventory_pools` WRITE;
/*!40000 ALTER TABLE `inventory_pools` DISABLE KEYS */;
INSERT INTO `inventory_pools` VALUES (1,'A-Ausleihe','Wichtige Hinweise...\n Bitte die Gegenstnde rechtzeitig zurckbringen','A Verleih  /  ZHdK\nav@zh-dk.ch\n+41 00 00 00 00','Gert erhalten','av@zhdk.ch',NULL,'Laboriosam nemo quaerat rerum fugiat iure.','A','av@zhdk.ch',NULL,1,NULL,NULL,1,'Laborum excepturi blanditiis illum.',NULL),(2,'IT-Ausleihe','Bringt die Gerte bitte rechtzeitig zurck','IT Verleih  /  ZHdK\nav@zh-dk.ch\n+41 00 00 00 00','Gert erhalten','it@zhdk.ch',NULL,NULL,'IT','it@zhdk.ch',NULL,1,NULL,NULL,1,'Qui suscipit omnis aut ex.',NULL),(3,'AV-Technik','Bringt die Gerte bitte rechtzeitig zurck','AV Verleih  /  ZHdK\nav@zh-dk.ch\n+41 00 00 00 00','Gert erhalten','it@zhdk.ch',NULL,NULL,'AV','it@zhdk.ch',NULL,1,NULL,NULL,0,NULL,NULL),(4,'DT deletable','Bringt die Gerte bitte rechtzeitig zurck','AV Verleih  /  ZHdK\nav@zh-dk.ch\n+41 00 00 00 00','Gert erhalten','it@zhdk.ch',NULL,NULL,'DT','it@zhdk.ch',NULL,1,NULL,NULL,0,NULL,NULL),(5,'Culpaquiquiadipisci','Eligendi eaque dignissimos sed illo animi sunt.','Sed amet doloremque non illum odit.','Culpaquiquiadipisci','lucas_langosh@hamill.com',NULL,NULL,'6AL05J','lucas_langosh@hamill.com',NULL,1,NULL,NULL,0,NULL,NULL),(6,'Etaliasillomodi','Eos placeat magnam explicabo rerum similique.','Odit aspernatur sint voluptatem delectus recusandae aliquam.','Etaliasillomodi','jevon@abernathy.biz',NULL,NULL,'YV1G7H','jevon@abernathy.biz',NULL,1,NULL,NULL,0,NULL,NULL),(7,'Quianesciuntuteos','Harum perferendis quis commodi doloribus.','Modi quae facilis quia eum aut sed error possimus.','Quianesciuntuteos','arely@damore.com',NULL,NULL,'GH5170','arely@damore.com',NULL,1,NULL,NULL,0,NULL,NULL),(8,'Autemconsequaturutlaudantium','Nobis illum harum consequatur laborum et magni ipsum hic.','Corporis cum nesciunt nostrum ut.','Autemconsequaturutlaudantium','zack@rippin.co.uk',NULL,NULL,'BBOGX7','zack@rippin.co.uk',NULL,1,NULL,NULL,0,NULL,NULL),(9,'Rationenemominimaaperiam','Pariatur eligendi ad voluptas dolor voluptatum doloribus est.','Magni cum ullam quisquam ipsum est.','Rationenemominimaaperiam','zachary.carroll@davis.biz',NULL,NULL,'M5BDJV','zachary.carroll@davis.biz',NULL,1,NULL,NULL,0,NULL,NULL),(10,'Architectodignissimosidaperiam','Corrupti molestiae possimus ratione libero dolorum.','Hic amet quia ipsum odio.','Architectodignissimosidaperiam','nathanael@swiftbashirian.name',NULL,NULL,'MNK8PS','nathanael@swiftbashirian.name',NULL,1,NULL,NULL,0,NULL,NULL),(11,'Quoautmollitiaaliquid','Qui ea sunt praesentium dolore reiciendis repellendus.','Aut veniam amet assumenda totam quia vel aut.','Quoautmollitiaaliquid','sammy@lakinjones.biz',NULL,NULL,'2TDP79','sammy@lakinjones.biz',NULL,1,NULL,NULL,0,NULL,NULL),(12,'Impeditliberodoloripsam','Molestias cupiditate eius distinctio sit est.','Sapiente sit rerum ullam repudiandae molestias.','Impeditliberodoloripsam','veronica_gutmann@vonschmidt.biz',NULL,NULL,'MIFR5E','veronica_gutmann@vonschmidt.biz',NULL,1,NULL,NULL,0,NULL,NULL);
/*!40000 ALTER TABLE `inventory_pools` ENABLE KEYS */;
UNLOCK TABLES;

--
-- Table structure for table `inventory_pools_model_groups`
--

DROP TABLE IF EXISTS `inventory_pools_model_groups`;
/*!40101 SET @saved_cs_client     = @@character_set_client */;
/*!40101 SET character_set_client = utf8 */;
CREATE TABLE `inventory_pools_model_groups` (
  `inventory_pool_id` int(11) DEFAULT NULL,
  `model_group_id` int(11) DEFAULT NULL,
  KEY `index_inventory_pools_model_groups_on_inventory_pool_id` (`inventory_pool_id`),
  KEY `index_inventory_pools_model_groups_on_model_group_id` (`model_group_id`),
  CONSTRAINT `inventory_pools_model_groups_model_group_id_fk` FOREIGN KEY (`model_group_id`) REFERENCES `model_groups` (`id`),
  CONSTRAINT `inventory_pools_model_groups_inventory_pool_id_fk` FOREIGN KEY (`inventory_pool_id`) REFERENCES `inventory_pools` (`id`)
) ENGINE=InnoDB DEFAULT CHARSET=utf8 COLLATE=utf8_unicode_ci;
/*!40101 SET character_set_client = @saved_cs_client */;

--
-- Dumping data for table `inventory_pools_model_groups`
--

LOCK TABLES `inventory_pools_model_groups` WRITE;
/*!40000 ALTER TABLE `inventory_pools_model_groups` DISABLE KEYS */;
INSERT INTO `inventory_pools_model_groups` VALUES (1,12),(1,13),(1,14);
/*!40000 ALTER TABLE `inventory_pools_model_groups` ENABLE KEYS */;
UNLOCK TABLES;

--
-- Table structure for table `items`
--

DROP TABLE IF EXISTS `items`;
/*!40101 SET @saved_cs_client     = @@character_set_client */;
/*!40101 SET character_set_client = utf8 */;
CREATE TABLE `items` (
  `id` int(11) NOT NULL AUTO_INCREMENT,
  `inventory_code` varchar(255) COLLATE utf8_unicode_ci DEFAULT NULL,
  `serial_number` varchar(255) COLLATE utf8_unicode_ci DEFAULT NULL,
  `model_id` int(11) DEFAULT NULL,
  `location_id` int(11) DEFAULT NULL,
  `supplier_id` int(11) DEFAULT NULL,
  `owner_id` int(11) NOT NULL,
  `parent_id` int(11) DEFAULT NULL,
  `invoice_number` varchar(255) COLLATE utf8_unicode_ci DEFAULT NULL,
  `invoice_date` date DEFAULT NULL,
  `last_check` date DEFAULT NULL,
  `retired` date DEFAULT NULL,
  `retired_reason` varchar(255) COLLATE utf8_unicode_ci DEFAULT NULL,
  `price` decimal(8,2) DEFAULT NULL,
  `is_broken` tinyint(1) DEFAULT '0',
  `is_incomplete` tinyint(1) DEFAULT '0',
  `is_borrowable` tinyint(1) DEFAULT '0',
  `needs_permission` tinyint(1) DEFAULT '0',
  `inventory_pool_id` int(11) NOT NULL,
  `is_inventory_relevant` tinyint(1) DEFAULT '0',
  `responsible` varchar(255) COLLATE utf8_unicode_ci DEFAULT NULL,
  `insurance_number` varchar(255) COLLATE utf8_unicode_ci DEFAULT NULL,
  `note` text COLLATE utf8_unicode_ci,
  `name` text COLLATE utf8_unicode_ci,
  `user_name` varchar(255) COLLATE utf8_unicode_ci DEFAULT NULL,
  `properties` varchar(2048) COLLATE utf8_unicode_ci DEFAULT NULL,
  `created_at` datetime DEFAULT NULL,
  `updated_at` datetime DEFAULT NULL,
  PRIMARY KEY (`id`),
  UNIQUE KEY `index_items_on_inventory_code` (`inventory_code`),
  KEY `index_items_on_inventory_pool_id` (`inventory_pool_id`),
  KEY `index_items_on_retired` (`retired`),
  KEY `index_items_on_is_borrowable` (`is_borrowable`),
  KEY `index_items_on_is_broken` (`is_broken`),
  KEY `index_items_on_is_incomplete` (`is_incomplete`),
  KEY `index_items_on_location_id` (`location_id`),
  KEY `index_items_on_owner_id` (`owner_id`),
  KEY `index_items_on_parent_id_and_retired` (`parent_id`,`retired`),
  KEY `index_items_on_model_id_and_retired_and_inventory_pool_id` (`model_id`,`retired`,`inventory_pool_id`),
  KEY `items_supplier_id_fk` (`supplier_id`),
  CONSTRAINT `items_supplier_id_fk` FOREIGN KEY (`supplier_id`) REFERENCES `suppliers` (`id`),
  CONSTRAINT `items_inventory_pool_id_fk` FOREIGN KEY (`inventory_pool_id`) REFERENCES `inventory_pools` (`id`),
  CONSTRAINT `items_location_id_fk` FOREIGN KEY (`location_id`) REFERENCES `locations` (`id`),
  CONSTRAINT `items_model_id_fk` FOREIGN KEY (`model_id`) REFERENCES `models` (`id`),
  CONSTRAINT `items_owner_id_fk` FOREIGN KEY (`owner_id`) REFERENCES `inventory_pools` (`id`),
  CONSTRAINT `items_parent_id_fk` FOREIGN KEY (`parent_id`) REFERENCES `items` (`id`) ON DELETE SET NULL
) ENGINE=InnoDB AUTO_INCREMENT=291 DEFAULT CHARSET=utf8 COLLATE=utf8_unicode_ci;
/*!40101 SET character_set_client = @saved_cs_client */;

--
-- Dumping data for table `items`
--

LOCK TABLES `items` WRITE;
/*!40000 ALTER TABLE `items` DISABLE KEYS */;
INSERT INTO `items` VALUES (1,'ihiw1oaycs78suoe3hng406','7c:46:59:f7:b6:a0-32:db:9c:5c:44:f1-88:6d:c1:6b:d0:bd',1,1,1,4,NULL,NULL,'2014-02-02','2016-08-27',NULL,NULL,'374.00',0,0,1,0,5,1,NULL,NULL,NULL,NULL,NULL,'--- !ruby/hash:ActiveSupport::HashWithIndifferentAccess\nanschaffungskategorie: AV-Technik\nreference: invoice\numzug: zgeln\nankunftszustand: intakt\n','2016-08-27 15:45:50','2016-08-27 15:45:50'),(2,'4efvzrvbu06wm20l5e80407','dc:e0:99:91:88:d3-f5:5f:62:cc:88:57-76:2b:6e:87:ca:2d',1,2,2,3,NULL,NULL,'2015-06-21','2016-08-27',NULL,NULL,'71.00',0,0,1,0,5,1,NULL,NULL,NULL,NULL,NULL,'--- !ruby/hash:ActiveSupport::HashWithIndifferentAccess\nanschaffungskategorie: AV-Technik\nreference: invoice\numzug: zgeln\nankunftszustand: intakt\n','2016-08-27 15:45:50','2016-08-27 15:45:50'),(3,'x7y9e0ifeqisxgujlad0408','ae:cb:23:23:8e:54-c3:f3:2e:45:db:dd-7b:ac:a1:a6:0f:22',1,3,3,6,NULL,NULL,'2011-11-23','2016-08-27',NULL,NULL,'875.00',0,0,1,0,5,1,NULL,NULL,NULL,NULL,NULL,'--- !ruby/hash:ActiveSupport::HashWithIndifferentAccess\nanschaffungskategorie: AV-Technik\nreference: invoice\numzug: zgeln\nankunftszustand: intakt\n','2016-08-27 15:45:50','2016-08-27 15:45:50'),(4,'gehz9zo8qtsmoskkjk0b409','e3:6e:ee:dc:60:60-57:34:31:c1:fe:46-4d:2e:ee:f6:e7:a9',5,4,4,3,NULL,NULL,'2012-01-14','2016-08-27',NULL,NULL,'70.00',0,0,1,0,5,1,NULL,NULL,NULL,NULL,NULL,'--- !ruby/hash:ActiveSupport::HashWithIndifferentAccess\nanschaffungskategorie: AV-Technik\nreference: invoice\numzug: zgeln\nankunftszustand: intakt\n','2016-08-27 15:45:50','2016-08-27 15:45:50'),(5,'cuiuc2lg6gjiqxtmisuc410','ee:4b:f3:68:4b:1c-8a:f1:19:df:46:1b-c8:1e:7f:4a:75:90',5,5,5,7,NULL,NULL,'2012-03-10','2016-08-27',NULL,NULL,'113.00',0,0,1,0,5,1,NULL,NULL,NULL,NULL,NULL,'--- !ruby/hash:ActiveSupport::HashWithIndifferentAccess\nanschaffungskategorie: AV-Technik\nreference: invoice\numzug: zgeln\nankunftszustand: intakt\n','2016-08-27 15:45:50','2016-08-27 15:45:50'),(6,'p98rxrz30z5ytrefrtcv411','f5:34:5b:da:02:a7-25:32:f9:cf:49:7e-93:d0:2b:c2:08:ef',5,6,6,2,NULL,NULL,'2013-09-28','2016-08-27',NULL,NULL,'898.00',0,0,1,0,5,1,NULL,NULL,NULL,NULL,NULL,'--- !ruby/hash:ActiveSupport::HashWithIndifferentAccess\nanschaffungskategorie: AV-Technik\nreference: invoice\numzug: zgeln\nankunftszustand: intakt\n','2016-08-27 15:45:50','2016-08-27 15:45:50'),(7,'4y219019cxya2gpbd0ui412','e6:60:c0:d4:ac:15-5e:70:bc:1b:64:84-5a:54:70:a7:b8:c3',9,7,7,8,NULL,NULL,'2013-10-05','2016-08-27',NULL,NULL,'824.00',0,0,1,0,5,1,NULL,NULL,NULL,NULL,NULL,'--- !ruby/hash:ActiveSupport::HashWithIndifferentAccess\nanschaffungskategorie: AV-Technik\nreference: invoice\numzug: zgeln\nankunftszustand: intakt\n','2016-08-27 15:45:50','2016-08-27 15:45:50'),(8,'fblcyjyi5v7i8h470svb413','8e:f5:3b:b0:06:fe-98:07:6b:63:8f:48-41:49:26:e4:ba:ee',9,8,8,2,NULL,NULL,'2011-05-13','2016-08-27',NULL,NULL,'1372.00',0,0,1,0,5,1,NULL,NULL,NULL,NULL,NULL,'--- !ruby/hash:ActiveSupport::HashWithIndifferentAccess\nanschaffungskategorie: AV-Technik\nreference: invoice\numzug: zgeln\nankunftszustand: intakt\n','2016-08-27 15:45:50','2016-08-27 15:45:50'),(9,'05csnnfatitmnbhbz4al414','aa:66:c1:8c:e0:5d-b6:ed:70:b5:80:97-bc:1b:2b:f3:94:2e',9,9,9,6,NULL,NULL,'2014-04-19','2016-08-27',NULL,NULL,'1094.00',0,0,1,0,5,1,NULL,NULL,NULL,NULL,NULL,'--- !ruby/hash:ActiveSupport::HashWithIndifferentAccess\nanschaffungskategorie: AV-Technik\nreference: invoice\numzug: zgeln\nankunftszustand: intakt\n','2016-08-27 15:45:50','2016-08-27 15:45:50'),(10,'wik9evmse3xgeki5sb5t415','ab:67:61:ec:f0:cc-d7:f2:aa:f2:2f:b9-58:3a:dd:6c:c5:df',13,10,10,5,NULL,NULL,'2012-07-12','2016-08-27',NULL,NULL,'971.00',0,0,1,0,5,1,NULL,NULL,NULL,NULL,NULL,'--- !ruby/hash:ActiveSupport::HashWithIndifferentAccess\nanschaffungskategorie: AV-Technik\nreference: invoice\numzug: zgeln\nankunftszustand: intakt\n','2016-08-27 15:45:50','2016-08-27 15:45:50'),(11,'glwule4htwvrp2qscr6h416','13:e8:73:a6:ef:7e-6e:6b:c4:9e:52:e6-22:97:fa:dd:00:3c',13,11,11,1,NULL,NULL,'2012-09-08','2016-08-27',NULL,NULL,'1046.00',0,0,1,0,5,1,NULL,NULL,NULL,NULL,NULL,'--- !ruby/hash:ActiveSupport::HashWithIndifferentAccess\nanschaffungskategorie: AV-Technik\nreference: invoice\numzug: zgeln\nankunftszustand: intakt\n','2016-08-27 15:45:50','2016-08-27 15:45:50'),(12,'uykhf4lpn90tej5p3qfv417','ed:d6:bb:0b:b5:f7-e4:56:61:17:d6:c8-8c:94:8a:89:10:6e',13,12,12,3,NULL,NULL,'2013-07-18','2016-08-27',NULL,NULL,'645.00',0,0,1,0,5,1,NULL,NULL,NULL,NULL,NULL,'--- !ruby/hash:ActiveSupport::HashWithIndifferentAccess\nanschaffungskategorie: AV-Technik\nreference: invoice\numzug: zgeln\nankunftszustand: intakt\n','2016-08-27 15:45:50','2016-08-27 15:45:50'),(13,'n2vr1tzvghfgcghydym0418','a0:86:5e:cd:d5:ac-03:fd:b8:9d:20:03-60:f0:8e:33:9a:58',17,13,13,10,NULL,NULL,'2014-11-06','2016-08-27',NULL,NULL,'146.00',0,0,1,0,9,1,NULL,NULL,NULL,NULL,NULL,'--- !ruby/hash:ActiveSupport::HashWithIndifferentAccess\nanschaffungskategorie: AV-Technik\nreference: invoice\numzug: zgeln\nankunftszustand: intakt\n','2016-08-27 15:45:50','2016-08-27 15:45:50'),(14,'96l8kp1l0vy0yd65ug99419','7f:71:5b:16:32:8c-31:ab:4a:8d:8d:69-11:23:e6:72:de:2a',17,14,14,2,NULL,NULL,'2015-08-30','2016-08-27',NULL,NULL,'318.00',0,0,1,0,9,1,NULL,NULL,NULL,NULL,NULL,'--- !ruby/hash:ActiveSupport::HashWithIndifferentAccess\nanschaffungskategorie: AV-Technik\nreference: invoice\numzug: zgeln\nankunftszustand: intakt\n','2016-08-27 15:45:50','2016-08-27 15:45:50'),(15,'68a5rudifwuq6zbfxw14420','27:29:a6:d9:bb:6e-4b:7f:98:1b:d0:d5-95:d9:87:57:61:d4',17,15,15,9,NULL,NULL,'2014-10-10','2016-08-27',NULL,NULL,'524.00',0,0,1,0,9,1,NULL,NULL,NULL,NULL,NULL,'--- !ruby/hash:ActiveSupport::HashWithIndifferentAccess\nanschaffungskategorie: AV-Technik\nreference: invoice\numzug: zgeln\nankunftszustand: intakt\n','2016-08-27 15:45:50','2016-08-27 15:45:50'),(16,'u7nywtvivd34fz184l0i421','fb:50:db:26:39:12-48:06:b8:fc:d2:32-53:eb:48:47:c7:38',21,16,16,11,NULL,NULL,'2012-11-26','2016-08-27',NULL,NULL,'1206.00',0,0,1,0,9,1,NULL,NULL,NULL,NULL,NULL,'--- !ruby/hash:ActiveSupport::HashWithIndifferentAccess\nanschaffungskategorie: AV-Technik\nreference: invoice\numzug: zgeln\nankunftszustand: intakt\n','2016-08-27 15:45:50','2016-08-27 15:45:50'),(17,'56qtjhadgy07vb3qh0q6422','47:da:63:ee:12:62-60:1e:43:f0:fa:a0-81:25:03:f5:1a:a7',21,17,17,3,NULL,NULL,'2014-09-07','2016-08-27',NULL,NULL,'1474.00',0,0,1,0,9,1,NULL,NULL,NULL,NULL,NULL,'--- !ruby/hash:ActiveSupport::HashWithIndifferentAccess\nanschaffungskategorie: AV-Technik\nreference: invoice\numzug: zgeln\nankunftszustand: intakt\n','2016-08-27 15:45:50','2016-08-27 15:45:50'),(18,'fz7xtk9i5g94jgjoix9b423','0c:08:28:b4:84:3f-28:84:f0:5f:fb:91-8a:7e:12:8d:2d:00',21,18,18,6,NULL,NULL,'2011-12-02','2016-08-27',NULL,NULL,'281.00',0,0,1,0,9,1,NULL,NULL,NULL,NULL,NULL,'--- !ruby/hash:ActiveSupport::HashWithIndifferentAccess\nanschaffungskategorie: AV-Technik\nreference: invoice\numzug: zgeln\nankunftszustand: intakt\n','2016-08-27 15:45:50','2016-08-27 15:45:50'),(19,'oof9eyrm3wydeohggw2i424','da:cf:02:be:8f:92-4a:3d:75:23:d9:af-96:18:d6:2d:b8:7c',25,19,19,4,NULL,NULL,'2011-10-13','2016-08-27',NULL,NULL,'150.00',0,0,1,0,9,1,NULL,NULL,NULL,NULL,NULL,'--- !ruby/hash:ActiveSupport::HashWithIndifferentAccess\nanschaffungskategorie: AV-Technik\nreference: invoice\numzug: zgeln\nankunftszustand: intakt\n','2016-08-27 15:45:50','2016-08-27 15:45:50'),(20,'wfa6sb93kqmxk1ap4m34425','34:61:8b:bf:00:fd-8c:ec:80:9f:e5:d5-3f:d9:e2:7e:f2:4d',25,20,20,10,NULL,NULL,'2011-06-01','2016-08-27',NULL,NULL,'283.00',0,0,1,0,9,1,NULL,NULL,NULL,NULL,NULL,'--- !ruby/hash:ActiveSupport::HashWithIndifferentAccess\nanschaffungskategorie: AV-Technik\nreference: invoice\numzug: zgeln\nankunftszustand: intakt\n','2016-08-27 15:45:50','2016-08-27 15:45:50'),(21,'af4qz37zxq4v58f1lhmy426','fd:c6:ed:8d:3d:c3-58:20:26:1e:0d:0a-bb:ae:2c:9b:2c:21',25,21,21,6,NULL,NULL,'2015-11-16','2016-08-27',NULL,NULL,'1265.00',0,0,1,0,9,1,NULL,NULL,NULL,NULL,NULL,'--- !ruby/hash:ActiveSupport::HashWithIndifferentAccess\nanschaffungskategorie: AV-Technik\nreference: invoice\numzug: zgeln\nankunftszustand: intakt\n','2016-08-27 15:45:50','2016-08-27 15:45:50'),(22,'5e9npvp3ol5vd8jqglqn427','83:97:7c:c1:3f:4a-69:f9:f8:98:9c:29-40:35:49:d1:78:19',29,22,22,7,NULL,NULL,'2012-03-27','2016-08-27',NULL,NULL,'736.00',0,0,1,0,9,1,NULL,NULL,NULL,NULL,NULL,'--- !ruby/hash:ActiveSupport::HashWithIndifferentAccess\nanschaffungskategorie: AV-Technik\nreference: invoice\numzug: zgeln\nankunftszustand: intakt\n','2016-08-27 15:45:50','2016-08-27 15:45:50'),(23,'g4zihkypbebi3ymzehdp428','4d:1d:d6:31:81:47-ae:71:56:f9:2b:b1-37:ad:6c:f0:cb:89',29,23,23,4,NULL,NULL,'2011-12-14','2016-08-27',NULL,NULL,'1214.00',0,0,1,0,9,1,NULL,NULL,NULL,NULL,NULL,'--- !ruby/hash:ActiveSupport::HashWithIndifferentAccess\nanschaffungskategorie: AV-Technik\nreference: invoice\numzug: zgeln\nankunftszustand: intakt\n','2016-08-27 15:45:50','2016-08-27 15:45:50'),(24,'srgqv4miyenjwn3z63tz429','fd:ba:47:fa:d1:a5-b7:b5:a8:91:0e:56-32:02:c4:ff:63:1a',29,24,24,8,NULL,NULL,'2015-09-29','2016-08-27',NULL,NULL,'672.00',0,0,1,0,9,1,NULL,NULL,NULL,NULL,NULL,'--- !ruby/hash:ActiveSupport::HashWithIndifferentAccess\nanschaffungskategorie: AV-Technik\nreference: invoice\numzug: zgeln\nankunftszustand: intakt\n','2016-08-27 15:45:50','2016-08-27 15:45:50'),(25,'ob1ezu8ump3ysl9ohccs430','35:52:fa:bd:df:26-81:58:c1:bf:b9:41-c2:5e:78:41:cb:c7',33,25,25,11,NULL,NULL,'2014-07-29','2016-08-27',NULL,NULL,'1155.00',0,0,1,0,9,1,NULL,NULL,NULL,NULL,NULL,'--- !ruby/hash:ActiveSupport::HashWithIndifferentAccess\nanschaffungskategorie: AV-Technik\nreference: invoice\numzug: zgeln\nankunftszustand: intakt\n','2016-08-27 15:45:50','2016-08-27 15:45:50'),(26,'dqffpb1yjy3jt9pncdso431','b7:ec:d4:57:4a:b2-b5:03:b4:81:5c:de-52:f2:79:bb:73:51',33,26,26,8,NULL,NULL,'2014-08-29','2016-08-27',NULL,NULL,'379.00',0,0,1,0,9,1,NULL,NULL,NULL,NULL,NULL,'--- !ruby/hash:ActiveSupport::HashWithIndifferentAccess\nanschaffungskategorie: AV-Technik\nreference: invoice\numzug: zgeln\nankunftszustand: intakt\n','2016-08-27 15:45:50','2016-08-27 15:45:50'),(27,'pd1ybcfbj48902qor3ox432','c2:ba:e2:89:e9:78-18:8a:9b:30:9d:51-08:53:c7:f8:66:6b',33,27,27,9,NULL,NULL,'2013-05-18','2016-08-27',NULL,NULL,'1197.00',0,0,1,0,9,1,NULL,NULL,NULL,NULL,NULL,'--- !ruby/hash:ActiveSupport::HashWithIndifferentAccess\nanschaffungskategorie: AV-Technik\nreference: invoice\numzug: zgeln\nankunftszustand: intakt\n','2016-08-27 15:45:50','2016-08-27 15:45:50'),(28,'ldbf7uj27r2b7qz3qpin433','1d:4f:c1:5d:c4:a0-92:f8:f6:54:61:7b-f2:9d:db:b1:ee:b8',37,28,28,10,NULL,NULL,'2015-09-21','2016-08-27',NULL,NULL,'1044.00',0,0,1,0,1,1,NULL,NULL,NULL,NULL,NULL,'--- !ruby/hash:ActiveSupport::HashWithIndifferentAccess\nanschaffungskategorie: AV-Technik\nreference: invoice\numzug: zgeln\nankunftszustand: intakt\n','2016-08-27 15:45:50','2016-08-27 15:45:50'),(29,'c7u07zb1vglt7jq7iyqf434','94:38:cd:e8:88:c0-0a:cb:8f:e9:fb:17-db:1b:ea:f5:b4:27',37,29,29,2,NULL,NULL,'2014-03-25','2016-08-27',NULL,NULL,'464.00',0,0,1,0,1,1,NULL,NULL,NULL,NULL,NULL,'--- !ruby/hash:ActiveSupport::HashWithIndifferentAccess\nanschaffungskategorie: AV-Technik\nreference: invoice\numzug: zgeln\nankunftszustand: intakt\n','2016-08-27 15:45:50','2016-08-27 15:45:50'),(30,'t3jufnrhen94uvt3c21e435','db:e1:3c:41:00:d6-1d:03:1e:f0:f0:83-c8:87:b0:0a:82:85',37,30,30,10,NULL,NULL,'2012-07-07','2016-08-27',NULL,NULL,'330.00',0,0,1,0,1,1,NULL,NULL,NULL,NULL,NULL,'--- !ruby/hash:ActiveSupport::HashWithIndifferentAccess\nanschaffungskategorie: AV-Technik\nreference: invoice\numzug: zgeln\nankunftszustand: intakt\n','2016-08-27 15:45:50','2016-08-27 15:45:50'),(31,'wr47j29v4e5ue2ubo5g3436','5c:32:25:dd:df:2c-8e:43:7f:f6:6d:76-3b:ac:03:57:9a:cb',41,31,31,7,NULL,NULL,'2012-09-16','2016-08-27',NULL,NULL,'335.00',0,0,1,0,1,1,NULL,NULL,NULL,NULL,NULL,'--- !ruby/hash:ActiveSupport::HashWithIndifferentAccess\nanschaffungskategorie: AV-Technik\nreference: invoice\numzug: zgeln\nankunftszustand: intakt\n','2016-08-27 15:45:50','2016-08-27 15:45:50'),(32,'7si19elzpq4bfnfajhzg437','1c:e1:3a:16:6e:d8-33:5e:da:cb:33:47-ee:31:a2:b6:80:6c',41,32,32,11,NULL,NULL,'2011-01-27','2016-08-27',NULL,NULL,'301.00',0,0,1,0,1,1,NULL,NULL,NULL,NULL,NULL,'--- !ruby/hash:ActiveSupport::HashWithIndifferentAccess\nanschaffungskategorie: AV-Technik\nreference: invoice\numzug: zgeln\nankunftszustand: intakt\n','2016-08-27 15:45:50','2016-08-27 15:45:50'),(33,'6vi0j6sjylr9xkuzypnu438','85:d0:93:29:b0:5d-0c:b1:66:f0:61:20-c4:66:0a:19:45:ef',41,33,33,11,NULL,NULL,'2011-11-26','2016-08-27',NULL,NULL,'885.00',0,0,1,0,1,1,NULL,NULL,NULL,NULL,NULL,'--- !ruby/hash:ActiveSupport::HashWithIndifferentAccess\nanschaffungskategorie: AV-Technik\nreference: invoice\numzug: zgeln\nankunftszustand: intakt\n','2016-08-27 15:45:50','2016-08-27 15:45:50'),(34,'661o1h7l7hyfl690029z439','19:5d:41:9d:3e:4a-0e:e3:6a:c7:37:15-05:30:ae:9a:0a:6d',45,34,34,4,NULL,NULL,'2015-03-08','2016-08-27',NULL,NULL,'102.00',0,0,1,0,1,1,NULL,NULL,NULL,NULL,NULL,'--- !ruby/hash:ActiveSupport::HashWithIndifferentAccess\nanschaffungskategorie: AV-Technik\nreference: invoice\numzug: zgeln\nankunftszustand: intakt\n','2016-08-27 15:45:50','2016-08-27 15:45:50'),(35,'rimwuvnwmo61we1zovkd440','48:e7:89:28:13:a7-a4:ac:61:34:98:53-6f:30:a9:0e:48:32',45,35,35,9,NULL,NULL,'2011-02-25','2016-08-27',NULL,NULL,'1106.00',0,0,1,0,1,1,NULL,NULL,NULL,NULL,NULL,'--- !ruby/hash:ActiveSupport::HashWithIndifferentAccess\nanschaffungskategorie: AV-Technik\nreference: invoice\numzug: zgeln\nankunftszustand: intakt\n','2016-08-27 15:45:50','2016-08-27 15:45:50'),(36,'be9qmhqbak683l2ue6p5441','6a:d6:80:c2:6c:5d-6d:22:7c:96:bc:ac-2c:8d:35:34:f1:70',45,36,36,5,NULL,NULL,'2015-07-06','2016-08-27',NULL,NULL,'1370.00',0,0,1,0,1,1,NULL,NULL,NULL,NULL,NULL,'--- !ruby/hash:ActiveSupport::HashWithIndifferentAccess\nanschaffungskategorie: AV-Technik\nreference: invoice\numzug: zgeln\nankunftszustand: intakt\n','2016-08-27 15:45:50','2016-08-27 15:45:50'),(37,'9fmos61bwchnqhecg8ct442','0b:3e:13:e8:4b:a0-4a:68:7e:58:c1:8a-aa:a3:bb:d6:8c:94',49,37,37,5,NULL,NULL,'2011-10-24','2016-08-27',NULL,NULL,'768.00',0,0,1,0,1,1,NULL,NULL,NULL,NULL,NULL,'--- !ruby/hash:ActiveSupport::HashWithIndifferentAccess\nanschaffungskategorie: AV-Technik\nreference: invoice\numzug: zgeln\nankunftszustand: intakt\n','2016-08-27 15:45:50','2016-08-27 15:45:50'),(38,'imxgjyddhvgf9ps499df443','d0:24:fd:ec:54:2b-8c:99:1b:76:7e:34-90:b3:f7:2b:2d:97',49,38,38,9,NULL,NULL,'2015-03-01','2016-08-27',NULL,NULL,'1151.00',0,0,1,0,1,1,NULL,NULL,NULL,NULL,NULL,'--- !ruby/hash:ActiveSupport::HashWithIndifferentAccess\nanschaffungskategorie: AV-Technik\nreference: invoice\numzug: zgeln\nankunftszustand: intakt\n','2016-08-27 15:45:50','2016-08-27 15:45:50'),(39,'wio4gmh6yjk4cm7tshwm444','c8:fa:8e:06:63:8f-df:fc:a5:36:28:66-0d:37:35:ff:ef:2a',49,39,39,11,NULL,NULL,'2014-05-20','2016-08-27',NULL,NULL,'1106.00',0,0,1,0,1,1,NULL,NULL,NULL,NULL,NULL,'--- !ruby/hash:ActiveSupport::HashWithIndifferentAccess\nanschaffungskategorie: AV-Technik\nreference: invoice\numzug: zgeln\nankunftszustand: intakt\n','2016-08-27 15:45:50','2016-08-27 15:45:50'),(40,'2yxpyd5wjf77zcu2g12b445','2e:ef:e2:c8:c1:7b-8a:94:7e:60:c9:83-16:51:5f:bb:da:b4',53,40,40,5,NULL,NULL,'2015-04-08','2016-08-27',NULL,NULL,'1471.00',0,0,1,0,1,1,NULL,NULL,NULL,NULL,NULL,'--- !ruby/hash:ActiveSupport::HashWithIndifferentAccess\nanschaffungskategorie: AV-Technik\nreference: invoice\numzug: zgeln\nankunftszustand: intakt\n','2016-08-27 15:45:50','2016-08-27 15:45:50'),(41,'31xukyqhywena14ijdue446','24:ee:06:fc:e8:9c-e3:e5:f6:04:90:43-f9:50:5c:bf:86:bc',53,41,41,7,NULL,NULL,'2012-05-11','2016-08-27',NULL,NULL,'811.00',0,0,1,0,1,1,NULL,NULL,NULL,NULL,NULL,'--- !ruby/hash:ActiveSupport::HashWithIndifferentAccess\nanschaffungskategorie: AV-Technik\nreference: invoice\numzug: zgeln\nankunftszustand: intakt\n','2016-08-27 15:45:50','2016-08-27 15:45:50'),(42,'8i2nnvqq9agqlw3outki447','b6:7a:f9:39:db:13-81:78:ab:15:dc:c8-8d:a3:d4:ad:51:1a',53,42,42,9,NULL,NULL,'2013-10-07','2016-08-27',NULL,NULL,'1004.00',0,0,1,0,1,1,NULL,NULL,NULL,NULL,NULL,'--- !ruby/hash:ActiveSupport::HashWithIndifferentAccess\nanschaffungskategorie: AV-Technik\nreference: invoice\numzug: zgeln\nankunftszustand: intakt\n','2016-08-27 15:45:50','2016-08-27 15:45:50'),(43,'book1','book1',57,43,43,2,NULL,NULL,'2015-12-02','2016-08-27',NULL,NULL,'141.00',0,0,1,0,2,1,NULL,NULL,NULL,NULL,NULL,'--- !ruby/hash:ActiveSupport::HashWithIndifferentAccess\nanschaffungskategorie: AV-Technik\nreference: invoice\numzug: zgeln\nankunftszustand: intakt\n','2016-08-27 15:45:50','2016-08-27 15:45:50'),(44,'book2','book2',57,43,44,2,NULL,NULL,'2014-02-16','2016-08-27',NULL,NULL,'1081.00',0,0,1,0,2,1,NULL,NULL,NULL,NULL,NULL,'--- !ruby/hash:ActiveSupport::HashWithIndifferentAccess\nanschaffungskategorie: AV-Technik\nreference: invoice\numzug: zgeln\nankunftszustand: intakt\n','2016-08-27 15:45:50','2016-08-27 15:45:50'),(45,'beam123','xyz456',58,44,45,1,NULL,NULL,'2012-12-20','2016-08-27',NULL,NULL,'915.00',0,0,1,0,1,1,NULL,NULL,NULL,'name123',NULL,'--- !ruby/hash:ActiveSupport::HashWithIndifferentAccess\nanschaffungskategorie: AV-Technik\nreference: invoice\numzug: zgeln\nankunftszustand: intakt\n','2016-08-27 15:45:50','2016-08-27 15:45:50'),(46,'beam345','xyz890',58,44,46,1,NULL,NULL,'2013-08-13','2016-08-27',NULL,NULL,'94.00',0,0,1,0,1,1,NULL,NULL,NULL,NULL,NULL,'--- !ruby/hash:ActiveSupport::HashWithIndifferentAccess\nanschaffungskategorie: AV-Technik\nreference: invoice\numzug: zgeln\nankunftszustand: intakt\n','2016-08-27 15:45:50','2016-08-27 15:45:50'),(47,'beam678','xyz678',59,44,47,1,NULL,NULL,'2011-10-16','2016-08-27',NULL,NULL,'956.00',0,0,1,0,1,1,NULL,NULL,NULL,NULL,NULL,'--- !ruby/hash:ActiveSupport::HashWithIndifferentAccess\nanschaffungskategorie: AV-Technik\nreference: invoice\numzug: zgeln\nankunftszustand: intakt\n','2016-08-27 15:45:50','2016-08-27 15:45:50'),(48,'beam749','xyz749',58,44,48,1,NULL,NULL,'2011-10-28','2016-08-27',NULL,NULL,'393.00',0,0,1,0,2,1,NULL,NULL,NULL,NULL,NULL,'--- !ruby/hash:ActiveSupport::HashWithIndifferentAccess\nanschaffungskategorie: AV-Technik\nreference: invoice\numzug: zgeln\nankunftszustand: intakt\n','2016-08-27 15:45:50','2016-08-27 15:45:50'),(49,'beamTest123','xyz749',61,44,49,1,NULL,NULL,'2012-07-03','2016-08-27',NULL,NULL,'839.00',0,0,1,0,1,1,NULL,NULL,NULL,NULL,NULL,'--- !ruby/hash:ActiveSupport::HashWithIndifferentAccess\nanschaffungskategorie: AV-Technik\nreference: invoice\numzug: zgeln\nankunftszustand: intakt\n','2016-08-27 15:45:50','2016-08-27 15:45:50'),(50,'ucbeam1','minbeam1',62,44,50,1,NULL,NULL,'2011-06-13','2016-08-27',NULL,NULL,'28.00',0,0,1,0,1,1,NULL,NULL,NULL,'ucbeam1',NULL,'--- !ruby/hash:ActiveSupport::HashWithIndifferentAccess\nanschaffungskategorie: AV-Technik\nreference: invoice\numzug: zgeln\nankunftszustand: intakt\n','2016-08-27 15:45:50','2016-08-27 15:45:50'),(51,'microbeam1','microbeam1',63,44,51,1,NULL,NULL,'2012-06-09','2016-08-27',NULL,NULL,'969.00',0,0,1,0,1,1,NULL,NULL,NULL,'microbeam1',NULL,'--- !ruby/hash:ActiveSupport::HashWithIndifferentAccess\nanschaffungskategorie: AV-Technik\nreference: invoice\numzug: zgeln\nankunftszustand: intakt\n','2016-08-27 15:45:50','2016-08-27 15:45:50'),(52,'mbeam1','mbeam1',64,44,52,1,NULL,NULL,'2015-08-23','2016-08-27',NULL,NULL,'1264.00',0,0,1,0,1,1,NULL,NULL,NULL,'mbeam1',NULL,'--- !ruby/hash:ActiveSupport::HashWithIndifferentAccess\nanschaffungskategorie: AV-Technik\nreference: invoice\numzug: zgeln\nankunftszustand: intakt\n','2016-08-27 15:45:50','2016-08-27 15:45:50'),(53,'mbeam2','mbeam2',65,44,53,1,NULL,NULL,'2012-01-15','2016-08-27',NULL,NULL,'203.00',0,0,1,0,1,1,NULL,NULL,NULL,'mbeam2',NULL,'--- !ruby/hash:ActiveSupport::HashWithIndifferentAccess\nanschaffungskategorie: AV-Technik\nreference: invoice\numzug: zgeln\nankunftszustand: intakt\n','2016-08-27 15:45:50','2016-08-27 15:45:50'),(54,'mbeam3','mbeam3',66,44,54,1,NULL,NULL,'2014-07-17','2016-08-27',NULL,NULL,'271.00',0,0,1,0,1,1,NULL,NULL,NULL,'mbeam3',NULL,'--- !ruby/hash:ActiveSupport::HashWithIndifferentAccess\nanschaffungskategorie: AV-Technik\nreference: invoice\numzug: zgeln\nankunftszustand: intakt\n','2016-08-27 15:45:50','2016-08-27 15:45:50'),(55,'mbeam4','mbeam4',67,44,55,1,NULL,NULL,'2014-02-22','2016-08-27',NULL,NULL,'347.00',0,0,1,0,1,1,NULL,NULL,NULL,'mbeam4',NULL,'--- !ruby/hash:ActiveSupport::HashWithIndifferentAccess\nanschaffungskategorie: AV-Technik\nreference: invoice\numzug: zgeln\nankunftszustand: intakt\n','2016-08-27 15:45:50','2016-08-27 15:45:50'),(56,'mbeam5','mbeam5',68,44,56,1,NULL,NULL,'2011-09-16','2016-08-27',NULL,NULL,'642.00',0,0,1,0,1,1,NULL,NULL,NULL,'mbeam5',NULL,'--- !ruby/hash:ActiveSupport::HashWithIndifferentAccess\nanschaffungskategorie: AV-Technik\nreference: invoice\numzug: zgeln\nankunftszustand: intakt\n','2016-08-27 15:45:50','2016-08-27 15:45:50'),(57,'mbeam6','mbeam6',69,44,57,1,NULL,NULL,'2015-06-13','2016-08-27',NULL,NULL,'135.00',0,0,1,0,1,1,NULL,NULL,NULL,'mbeam6',NULL,'--- !ruby/hash:ActiveSupport::HashWithIndifferentAccess\nanschaffungskategorie: AV-Technik\nreference: invoice\numzug: zgeln\nankunftszustand: intakt\n','2016-08-27 15:45:50','2016-08-27 15:45:50'),(58,'mbeam7','mbeam7',70,44,58,1,NULL,NULL,'2011-06-17','2016-08-27',NULL,NULL,'948.00',0,0,1,0,1,1,NULL,NULL,NULL,'mbeam7',NULL,'--- !ruby/hash:ActiveSupport::HashWithIndifferentAccess\nanschaffungskategorie: AV-Technik\nreference: invoice\numzug: zgeln\nankunftszustand: intakt\n','2016-08-27 15:45:50','2016-08-27 15:45:50'),(59,'mbeam8','mbeam8',71,44,59,1,NULL,NULL,'2012-05-17','2016-08-27',NULL,NULL,'1469.00',0,0,1,0,1,1,NULL,NULL,NULL,'mbeam8',NULL,'--- !ruby/hash:ActiveSupport::HashWithIndifferentAccess\nanschaffungskategorie: AV-Technik\nreference: invoice\numzug: zgeln\nankunftszustand: intakt\n','2016-08-27 15:45:50','2016-08-27 15:45:50'),(60,'mbeam9','mbeam9',72,44,60,1,NULL,NULL,'2013-05-02','2016-08-27',NULL,NULL,'518.00',0,0,1,0,1,1,NULL,NULL,NULL,'mbeam9',NULL,'--- !ruby/hash:ActiveSupport::HashWithIndifferentAccess\nanschaffungskategorie: AV-Technik\nreference: invoice\numzug: zgeln\nankunftszustand: intakt\n','2016-08-27 15:45:50','2016-08-27 15:45:50'),(61,'mbeam10','mbeam10',73,44,61,1,NULL,NULL,'2014-06-15','2016-08-27',NULL,NULL,'184.00',0,0,1,0,1,1,NULL,NULL,NULL,'mbeam10',NULL,'--- !ruby/hash:ActiveSupport::HashWithIndifferentAccess\nanschaffungskategorie: AV-Technik\nreference: invoice\numzug: zgeln\nankunftszustand: intakt\n','2016-08-27 15:45:50','2016-08-27 15:45:50'),(62,'mbeam11','mbeam11',74,44,62,1,NULL,NULL,'2013-07-04','2016-08-27',NULL,NULL,'1304.00',0,0,1,0,1,1,NULL,NULL,NULL,'mbeam11',NULL,'--- !ruby/hash:ActiveSupport::HashWithIndifferentAccess\nanschaffungskategorie: AV-Technik\nreference: invoice\numzug: zgeln\nankunftszustand: intakt\n','2016-08-27 15:45:50','2016-08-27 15:45:50'),(63,'mbeam12','mbeam12',75,44,63,1,NULL,NULL,'2012-06-16','2016-08-27',NULL,NULL,'840.00',0,0,1,0,1,1,NULL,NULL,NULL,'mbeam12',NULL,'--- !ruby/hash:ActiveSupport::HashWithIndifferentAccess\nanschaffungskategorie: AV-Technik\nreference: invoice\numzug: zgeln\nankunftszustand: intakt\n','2016-08-27 15:45:50','2016-08-27 15:45:50'),(64,'mbeam13','mbeam13',76,44,64,1,NULL,NULL,'2011-10-31','2016-08-27',NULL,NULL,'1368.00',0,0,1,0,1,1,NULL,NULL,NULL,'mbeam13',NULL,'--- !ruby/hash:ActiveSupport::HashWithIndifferentAccess\nanschaffungskategorie: AV-Technik\nreference: invoice\numzug: zgeln\nankunftszustand: intakt\n','2016-08-27 15:45:50','2016-08-27 15:45:50'),(65,'mbeam14','mbeam14',77,44,65,1,NULL,NULL,'2011-01-10','2016-08-27',NULL,NULL,'1187.00',0,0,1,0,1,1,NULL,NULL,NULL,'mbeam14',NULL,'--- !ruby/hash:ActiveSupport::HashWithIndifferentAccess\nanschaffungskategorie: AV-Technik\nreference: invoice\numzug: zgeln\nankunftszustand: intakt\n','2016-08-27 15:45:50','2016-08-27 15:45:50'),(66,'mbeam15','mbeam15',78,44,66,1,NULL,NULL,'2014-02-17','2016-08-27',NULL,NULL,'630.00',0,0,1,0,1,1,NULL,NULL,NULL,'mbeam15',NULL,'--- !ruby/hash:ActiveSupport::HashWithIndifferentAccess\nanschaffungskategorie: AV-Technik\nreference: invoice\numzug: zgeln\nankunftszustand: intakt\n','2016-08-27 15:45:50','2016-08-27 15:45:50'),(67,'mbeam16','mbeam16',79,44,67,1,NULL,NULL,'2015-04-15','2016-08-27',NULL,NULL,'616.00',0,0,1,0,1,1,NULL,NULL,NULL,'mbeam16',NULL,'--- !ruby/hash:ActiveSupport::HashWithIndifferentAccess\nanschaffungskategorie: AV-Technik\nreference: invoice\numzug: zgeln\nankunftszustand: intakt\n','2016-08-27 15:45:50','2016-08-27 15:45:50'),(68,'mbeam17','mbeam17',80,44,68,1,NULL,NULL,'2015-04-01','2016-08-27',NULL,NULL,'1279.00',0,0,1,0,1,1,NULL,NULL,NULL,'mbeam17',NULL,'--- !ruby/hash:ActiveSupport::HashWithIndifferentAccess\nanschaffungskategorie: AV-Technik\nreference: invoice\numzug: zgeln\nankunftszustand: intakt\n','2016-08-27 15:45:50','2016-08-27 15:45:50'),(69,'mbeam18','mbeam18',81,44,69,1,NULL,NULL,'2015-05-31','2016-08-27',NULL,NULL,'748.00',0,0,1,0,1,1,NULL,NULL,NULL,'mbeam18',NULL,'--- !ruby/hash:ActiveSupport::HashWithIndifferentAccess\nanschaffungskategorie: AV-Technik\nreference: invoice\numzug: zgeln\nankunftszustand: intakt\n','2016-08-27 15:45:50','2016-08-27 15:45:50'),(70,'mbeam19','mbeam19',82,44,70,1,NULL,NULL,'2013-07-23','2016-08-27',NULL,NULL,'918.00',0,0,1,0,1,1,NULL,NULL,NULL,'mbeam19',NULL,'--- !ruby/hash:ActiveSupport::HashWithIndifferentAccess\nanschaffungskategorie: AV-Technik\nreference: invoice\numzug: zgeln\nankunftszustand: intakt\n','2016-08-27 15:45:50','2016-08-27 15:45:50'),(71,'mbeam20','mbeam20',83,44,71,1,NULL,NULL,'2015-12-17','2016-08-27',NULL,NULL,'468.00',0,0,1,0,1,1,NULL,NULL,NULL,'mbeam20',NULL,'--- !ruby/hash:ActiveSupport::HashWithIndifferentAccess\nanschaffungskategorie: AV-Technik\nreference: invoice\numzug: zgeln\nankunftszustand: intakt\n','2016-08-27 15:45:50','2016-08-27 15:45:50'),(72,'cam123','abc234',84,44,72,1,NULL,NULL,'2014-04-10','2016-08-27',NULL,NULL,'171.00',0,0,1,0,1,1,NULL,NULL,NULL,NULL,NULL,'--- !ruby/hash:ActiveSupport::HashWithIndifferentAccess\nanschaffungskategorie: AV-Technik\nreference: invoice\numzug: zgeln\nankunftszustand: intakt\n','2016-08-27 15:45:50','2016-08-27 15:45:50'),(73,'cam345','ab567',84,44,73,1,NULL,NULL,'2015-12-04','2016-08-27',NULL,NULL,'197.00',0,0,1,0,1,1,NULL,NULL,NULL,NULL,NULL,'--- !ruby/hash:ActiveSupport::HashWithIndifferentAccess\nanschaffungskategorie: AV-Technik\nreference: invoice\numzug: zgeln\nankunftszustand: intakt\n','2016-08-27 15:45:50','2016-08-27 15:45:50'),(74,'cam567','ab789',84,44,74,1,NULL,NULL,'2015-08-24','2016-08-27',NULL,NULL,'1308.00',0,0,1,0,1,1,NULL,NULL,NULL,NULL,NULL,'--- !ruby/hash:ActiveSupport::HashWithIndifferentAccess\nanschaffungskategorie: AV-Technik\nreference: invoice\numzug: zgeln\nankunftszustand: intakt\n','2016-08-27 15:45:50','2016-08-27 15:45:50'),(75,'cam53267','ab782129',84,44,75,1,NULL,NULL,'2015-01-08','2016-08-27',NULL,NULL,'1094.00',0,0,1,0,1,1,NULL,NULL,NULL,NULL,NULL,'--- !ruby/hash:ActiveSupport::HashWithIndifferentAccess\nanschaffungskategorie: AV-Technik\nreference: invoice\numzug: zgeln\nankunftszustand: intakt\n','2016-08-27 15:45:50','2016-08-27 15:45:50'),(76,'cam532asd67','ab78as2129',84,44,76,1,NULL,NULL,'2012-10-14','2016-08-27',NULL,NULL,'1301.00',0,0,1,0,1,1,NULL,NULL,NULL,NULL,NULL,'--- !ruby/hash:ActiveSupport::HashWithIndifferentAccess\nanschaffungskategorie: AV-Technik\nreference: invoice\numzug: zgeln\nankunftszustand: intakt\n','2016-08-27 15:45:50','2016-08-27 15:45:50'),(77,'mcam1','mcam1',85,44,77,1,NULL,NULL,'2012-02-16','2016-08-27',NULL,NULL,'1393.00',0,0,1,0,1,1,NULL,NULL,NULL,'mcam1',NULL,'--- !ruby/hash:ActiveSupport::HashWithIndifferentAccess\nanschaffungskategorie: AV-Technik\nreference: invoice\numzug: zgeln\nankunftszustand: intakt\n','2016-08-27 15:45:50','2016-08-27 15:45:50'),(78,'mcam2','mcam2',86,44,78,1,NULL,NULL,'2015-11-22','2016-08-27',NULL,NULL,'832.00',0,0,1,0,1,1,NULL,NULL,NULL,'mcam2',NULL,'--- !ruby/hash:ActiveSupport::HashWithIndifferentAccess\nanschaffungskategorie: AV-Technik\nreference: invoice\numzug: zgeln\nankunftszustand: intakt\n','2016-08-27 15:45:50','2016-08-27 15:45:50'),(79,'mcam3','mcam3',87,44,79,1,NULL,NULL,'2012-07-11','2016-08-27',NULL,NULL,'994.00',0,0,1,0,1,1,NULL,NULL,NULL,'mcam3',NULL,'--- !ruby/hash:ActiveSupport::HashWithIndifferentAccess\nanschaffungskategorie: AV-Technik\nreference: invoice\numzug: zgeln\nankunftszustand: intakt\n','2016-08-27 15:45:50','2016-08-27 15:45:50'),(80,'mcam4','mcam4',88,44,80,1,NULL,NULL,'2014-11-15','2016-08-27',NULL,NULL,'813.00',0,0,1,0,1,1,NULL,NULL,NULL,'mcam4',NULL,'--- !ruby/hash:ActiveSupport::HashWithIndifferentAccess\nanschaffungskategorie: AV-Technik\nreference: invoice\numzug: zgeln\nankunftszustand: intakt\n','2016-08-27 15:45:50','2016-08-27 15:45:50'),(81,'mcam5','mcam5',89,44,81,1,NULL,NULL,'2012-10-29','2016-08-27',NULL,NULL,'233.00',0,0,1,0,1,1,NULL,NULL,NULL,'mcam5',NULL,'--- !ruby/hash:ActiveSupport::HashWithIndifferentAccess\nanschaffungskategorie: AV-Technik\nreference: invoice\numzug: zgeln\nankunftszustand: intakt\n','2016-08-27 15:45:50','2016-08-27 15:45:50'),(82,'mcam6','mcam6',90,44,82,1,NULL,NULL,'2011-08-20','2016-08-27',NULL,NULL,'282.00',0,0,1,0,1,1,NULL,NULL,NULL,'mcam6',NULL,'--- !ruby/hash:ActiveSupport::HashWithIndifferentAccess\nanschaffungskategorie: AV-Technik\nreference: invoice\numzug: zgeln\nankunftszustand: intakt\n','2016-08-27 15:45:50','2016-08-27 15:45:50'),(83,'mcam7','mcam7',91,44,83,1,NULL,NULL,'2013-07-22','2016-08-27',NULL,NULL,'454.00',0,0,1,0,1,1,NULL,NULL,NULL,'mcam7',NULL,'--- !ruby/hash:ActiveSupport::HashWithIndifferentAccess\nanschaffungskategorie: AV-Technik\nreference: invoice\numzug: zgeln\nankunftszustand: intakt\n','2016-08-27 15:45:50','2016-08-27 15:45:50'),(84,'mcam8','mcam8',92,44,84,1,NULL,NULL,'2011-09-09','2016-08-27',NULL,NULL,'528.00',0,0,1,0,1,1,NULL,NULL,NULL,'mcam8',NULL,'--- !ruby/hash:ActiveSupport::HashWithIndifferentAccess\nanschaffungskategorie: AV-Technik\nreference: invoice\numzug: zgeln\nankunftszustand: intakt\n','2016-08-27 15:45:50','2016-08-27 15:45:50'),(85,'mcam9','mcam9',93,44,85,1,NULL,NULL,'2013-09-30','2016-08-27',NULL,NULL,'880.00',0,0,1,0,1,1,NULL,NULL,NULL,'mcam9',NULL,'--- !ruby/hash:ActiveSupport::HashWithIndifferentAccess\nanschaffungskategorie: AV-Technik\nreference: invoice\numzug: zgeln\nankunftszustand: intakt\n','2016-08-27 15:45:50','2016-08-27 15:45:50'),(86,'mcam10','mcam10',94,44,86,1,NULL,NULL,'2013-11-29','2016-08-27',NULL,NULL,'1108.00',0,0,1,0,1,1,NULL,NULL,NULL,'mcam10',NULL,'--- !ruby/hash:ActiveSupport::HashWithIndifferentAccess\nanschaffungskategorie: AV-Technik\nreference: invoice\numzug: zgeln\nankunftszustand: intakt\n','2016-08-27 15:45:50','2016-08-27 15:45:50'),(87,'mcam11','mcam11',95,44,87,1,NULL,NULL,'2012-06-17','2016-08-27',NULL,NULL,'749.00',0,0,1,0,1,1,NULL,NULL,NULL,'mcam11',NULL,'--- !ruby/hash:ActiveSupport::HashWithIndifferentAccess\nanschaffungskategorie: AV-Technik\nreference: invoice\numzug: zgeln\nankunftszustand: intakt\n','2016-08-27 15:45:50','2016-08-27 15:45:50'),(88,'mcam12','mcam12',96,44,88,1,NULL,NULL,'2012-12-19','2016-08-27',NULL,NULL,'760.00',0,0,1,0,1,1,NULL,NULL,NULL,'mcam12',NULL,'--- !ruby/hash:ActiveSupport::HashWithIndifferentAccess\nanschaffungskategorie: AV-Technik\nreference: invoice\numzug: zgeln\nankunftszustand: intakt\n','2016-08-27 15:45:50','2016-08-27 15:45:50'),(89,'mcam13','mcam13',97,44,89,1,NULL,NULL,'2015-05-21','2016-08-27',NULL,NULL,'1496.00',0,0,1,0,1,1,NULL,NULL,NULL,'mcam13',NULL,'--- !ruby/hash:ActiveSupport::HashWithIndifferentAccess\nanschaffungskategorie: AV-Technik\nreference: invoice\numzug: zgeln\nankunftszustand: intakt\n','2016-08-27 15:45:50','2016-08-27 15:45:50'),(90,'mcam14','mcam14',98,44,90,1,NULL,NULL,'2012-12-31','2016-08-27',NULL,NULL,'1293.00',0,0,1,0,1,1,NULL,NULL,NULL,'mcam14',NULL,'--- !ruby/hash:ActiveSupport::HashWithIndifferentAccess\nanschaffungskategorie: AV-Technik\nreference: invoice\numzug: zgeln\nankunftszustand: intakt\n','2016-08-27 15:45:50','2016-08-27 15:45:50'),(91,'mcam15','mcam15',99,44,91,1,NULL,NULL,'2015-05-01','2016-08-27',NULL,NULL,'1394.00',0,0,1,0,1,1,NULL,NULL,NULL,'mcam15',NULL,'--- !ruby/hash:ActiveSupport::HashWithIndifferentAccess\nanschaffungskategorie: AV-Technik\nreference: invoice\numzug: zgeln\nankunftszustand: intakt\n','2016-08-27 15:45:50','2016-08-27 15:45:50'),(92,'mcam16','mcam16',100,44,92,1,NULL,NULL,'2014-10-23','2016-08-27',NULL,NULL,'601.00',0,0,1,0,1,1,NULL,NULL,NULL,'mcam16',NULL,'--- !ruby/hash:ActiveSupport::HashWithIndifferentAccess\nanschaffungskategorie: AV-Technik\nreference: invoice\numzug: zgeln\nankunftszustand: intakt\n','2016-08-27 15:45:50','2016-08-27 15:45:50'),(93,'mcam17','mcam17',101,44,93,1,NULL,NULL,'2014-11-27','2016-08-27',NULL,NULL,'837.00',0,0,1,0,1,1,NULL,NULL,NULL,'mcam17',NULL,'--- !ruby/hash:ActiveSupport::HashWithIndifferentAccess\nanschaffungskategorie: AV-Technik\nreference: invoice\numzug: zgeln\nankunftszustand: intakt\n','2016-08-27 15:45:50','2016-08-27 15:45:50'),(94,'mcam18','mcam18',102,44,94,1,NULL,NULL,'2011-04-13','2016-08-27',NULL,NULL,'1116.00',0,0,1,0,1,1,NULL,NULL,NULL,'mcam18',NULL,'--- !ruby/hash:ActiveSupport::HashWithIndifferentAccess\nanschaffungskategorie: AV-Technik\nreference: invoice\numzug: zgeln\nankunftszustand: intakt\n','2016-08-27 15:45:50','2016-08-27 15:45:50'),(95,'mcam19','mcam19',103,44,95,1,NULL,NULL,'2011-07-11','2016-08-27',NULL,NULL,'1471.00',0,0,1,0,1,1,NULL,NULL,NULL,'mcam19',NULL,'--- !ruby/hash:ActiveSupport::HashWithIndifferentAccess\nanschaffungskategorie: AV-Technik\nreference: invoice\numzug: zgeln\nankunftszustand: intakt\n','2016-08-27 15:45:50','2016-08-27 15:45:50'),(96,'mcam20','mcam20',104,44,96,1,NULL,NULL,'2012-06-08','2016-08-27',NULL,NULL,'117.00',0,0,1,0,1,1,NULL,NULL,NULL,'mcam20',NULL,'--- !ruby/hash:ActiveSupport::HashWithIndifferentAccess\nanschaffungskategorie: AV-Technik\nreference: invoice\numzug: zgeln\nankunftszustand: intakt\n','2016-08-27 15:45:50','2016-08-27 15:45:50'),(97,'mcam21','mcam21',105,44,97,1,NULL,NULL,'2013-12-31','2016-08-27',NULL,NULL,'1044.00',0,0,1,0,1,1,NULL,NULL,NULL,'mcam21',NULL,'--- !ruby/hash:ActiveSupport::HashWithIndifferentAccess\nanschaffungskategorie: AV-Technik\nreference: invoice\numzug: zgeln\nankunftszustand: intakt\n','2016-08-27 15:45:50','2016-08-27 15:45:50'),(98,'mcam22','mcam22',106,44,98,1,NULL,NULL,'2015-06-25','2016-08-27',NULL,NULL,'304.00',0,0,1,0,1,1,NULL,NULL,NULL,'mcam22',NULL,'--- !ruby/hash:ActiveSupport::HashWithIndifferentAccess\nanschaffungskategorie: AV-Technik\nreference: invoice\numzug: zgeln\nankunftszustand: intakt\n','2016-08-27 15:45:50','2016-08-27 15:45:50'),(99,'mcam23','mcam23',107,44,99,1,NULL,NULL,'2014-05-23','2016-08-27',NULL,NULL,'585.00',0,0,1,0,1,1,NULL,NULL,NULL,'mcam23',NULL,'--- !ruby/hash:ActiveSupport::HashWithIndifferentAccess\nanschaffungskategorie: AV-Technik\nreference: invoice\numzug: zgeln\nankunftszustand: intakt\n','2016-08-27 15:45:50','2016-08-27 15:45:50'),(100,'mcam24','mcam24',108,44,100,1,NULL,NULL,'2014-09-16','2016-08-27',NULL,NULL,'481.00',0,0,1,0,1,1,NULL,NULL,NULL,'mcam24',NULL,'--- !ruby/hash:ActiveSupport::HashWithIndifferentAccess\nanschaffungskategorie: AV-Technik\nreference: invoice\numzug: zgeln\nankunftszustand: intakt\n','2016-08-27 15:45:50','2016-08-27 15:45:50'),(101,'mcam25','mcam25',109,44,101,1,NULL,NULL,'2012-08-14','2016-08-27',NULL,NULL,'910.00',0,0,1,0,1,1,NULL,NULL,NULL,'mcam25',NULL,'--- !ruby/hash:ActiveSupport::HashWithIndifferentAccess\nanschaffungskategorie: AV-Technik\nreference: invoice\numzug: zgeln\nankunftszustand: intakt\n','2016-08-27 15:45:50','2016-08-27 15:45:50'),(102,'mcam26','mcam26',110,44,102,1,NULL,NULL,'2015-12-29','2016-08-27',NULL,NULL,'173.00',0,0,1,0,1,1,NULL,NULL,NULL,'mcam26',NULL,'--- !ruby/hash:ActiveSupport::HashWithIndifferentAccess\nanschaffungskategorie: AV-Technik\nreference: invoice\numzug: zgeln\nankunftszustand: intakt\n','2016-08-27 15:45:50','2016-08-27 15:45:50'),(103,'mcam27','mcam27',111,44,103,1,NULL,NULL,'2013-10-05','2016-08-27',NULL,NULL,'743.00',0,0,1,0,1,1,NULL,NULL,NULL,'mcam27',NULL,'--- !ruby/hash:ActiveSupport::HashWithIndifferentAccess\nanschaffungskategorie: AV-Technik\nreference: invoice\numzug: zgeln\nankunftszustand: intakt\n','2016-08-27 15:45:50','2016-08-27 15:45:50'),(104,'mcam28','mcam28',112,44,104,1,NULL,NULL,'2013-09-15','2016-08-27',NULL,NULL,'1358.00',0,0,1,0,1,1,NULL,NULL,NULL,'mcam28',NULL,'--- !ruby/hash:ActiveSupport::HashWithIndifferentAccess\nanschaffungskategorie: AV-Technik\nreference: invoice\numzug: zgeln\nankunftszustand: intakt\n','2016-08-27 15:45:50','2016-08-27 15:45:50'),(105,'mcam29','mcam29',113,44,105,1,NULL,NULL,'2015-09-01','2016-08-27',NULL,NULL,'1423.00',0,0,1,0,1,1,NULL,NULL,NULL,'mcam29',NULL,'--- !ruby/hash:ActiveSupport::HashWithIndifferentAccess\nanschaffungskategorie: AV-Technik\nreference: invoice\numzug: zgeln\nankunftszustand: intakt\n','2016-08-27 15:45:50','2016-08-27 15:45:50'),(106,'mcam30','mcam30',114,44,106,1,NULL,NULL,'2013-08-30','2016-08-27',NULL,NULL,'88.00',0,0,1,0,1,1,NULL,NULL,NULL,'mcam30',NULL,'--- !ruby/hash:ActiveSupport::HashWithIndifferentAccess\nanschaffungskategorie: AV-Technik\nreference: invoice\numzug: zgeln\nankunftszustand: intakt\n','2016-08-27 15:45:50','2016-08-27 15:45:50'),(107,'hifi123','hifi123',115,44,107,1,NULL,NULL,'2013-10-14','2016-08-27',NULL,NULL,'456.00',0,0,1,0,1,1,NULL,NULL,NULL,NULL,NULL,'--- !ruby/hash:ActiveSupport::HashWithIndifferentAccess\nanschaffungskategorie: AV-Technik\nreference: invoice\numzug: zgeln\nankunftszustand: intakt\n','2016-08-27 15:45:50','2016-08-27 15:45:50'),(108,'tri789','fgh567',116,44,108,1,NULL,NULL,'2013-10-22','2016-08-27',NULL,NULL,'714.00',0,0,1,0,1,1,NULL,NULL,NULL,NULL,NULL,'--- !ruby/hash:ActiveSupport::HashWithIndifferentAccess\nanschaffungskategorie: AV-Technik\nreference: invoice\numzug: zgeln\nankunftszustand: intakt\n','2016-08-27 15:45:50','2016-08-27 15:45:50'),(109,'tri123','fgh987',116,44,109,1,NULL,NULL,'2012-10-03','2016-08-27',NULL,NULL,'783.00',0,0,1,0,1,1,NULL,NULL,NULL,NULL,NULL,'--- !ruby/hash:ActiveSupport::HashWithIndifferentAccess\nanschaffungskategorie: AV-Technik\nreference: invoice\numzug: zgeln\nankunftszustand: intakt\n','2016-08-27 15:45:50','2016-08-27 15:45:50'),(110,'tri923','asd213',116,44,110,1,NULL,NULL,'2012-02-27','2016-08-27',NULL,NULL,'382.00',0,0,1,0,1,1,NULL,NULL,NULL,NULL,NULL,'--- !ruby/hash:ActiveSupport::HashWithIndifferentAccess\nanschaffungskategorie: AV-Technik\nreference: invoice\numzug: zgeln\nankunftszustand: intakt\n','2016-08-27 15:45:50','2016-08-27 15:45:50'),(111,'tri212','tri212',116,44,111,1,NULL,NULL,'2013-01-30','2016-08-27',NULL,NULL,'1288.00',0,0,1,0,1,1,NULL,NULL,NULL,NULL,NULL,'--- !ruby/hash:ActiveSupport::HashWithIndifferentAccess\nanschaffungskategorie: AV-Technik\nreference: invoice\numzug: zgeln\nankunftszustand: intakt\n','2016-08-27 15:45:50','2016-08-27 15:45:50'),(112,'68d4rw','6fl9q8',118,44,112,1,NULL,NULL,'2014-11-07','2016-08-27',NULL,NULL,'794.00',0,0,1,0,1,1,NULL,NULL,NULL,NULL,NULL,'--- !ruby/hash:ActiveSupport::HashWithIndifferentAccess\nanschaffungskategorie: AV-Technik\nreference: invoice\numzug: zgeln\nankunftszustand: intakt\n','2016-08-27 15:45:50','2016-08-27 15:45:50'),(113,'18e02mxykddl8k5e0oqh448','4c:c1:28:35:5f:2c-69:7f:f7:fe:79:1b-61:7f:9c:47:c2:5b',119,45,113,1,NULL,NULL,'2012-05-09','2016-08-27',NULL,NULL,'1355.00',0,0,1,0,1,1,NULL,NULL,NULL,NULL,NULL,'--- !ruby/hash:ActiveSupport::HashWithIndifferentAccess\nanschaffungskategorie: AV-Technik\nreference: invoice\numzug: zgeln\nankunftszustand: intakt\n','2016-08-27 15:45:50','2016-08-27 15:45:50'),(114,'cwervp2v6lcw5r52prnx449','01:e5:84:b5:7a:3b-5e:38:74:29:74:91-93:99:07:d7:0d:51',121,45,114,1,113,NULL,'2011-06-30','2016-08-27',NULL,NULL,'835.00',0,0,1,0,1,1,NULL,NULL,NULL,NULL,NULL,'--- !ruby/hash:ActiveSupport::HashWithIndifferentAccess\nanschaffungskategorie: AV-Technik\nreference: invoice\numzug: zgeln\nankunftszustand: intakt\n','2016-08-27 15:45:50','2016-08-27 15:45:50'),(115,'17swmr8ax28aro0cmwq8450','60:39:dd:10:db:90-27:c7:b2:5e:ae:c0-77:bc:b1:9a:67:a3',122,45,115,1,113,NULL,'2011-05-13','2016-08-27',NULL,NULL,'1386.00',0,0,1,0,1,1,NULL,NULL,NULL,NULL,NULL,'--- !ruby/hash:ActiveSupport::HashWithIndifferentAccess\nanschaffungskategorie: AV-Technik\nreference: invoice\numzug: zgeln\nankunftszustand: intakt\n','2016-08-27 15:45:50','2016-08-27 15:45:50'),(116,'zjjf4egkjr3x10sxfexn451','5c:dc:62:95:d0:4c-93:68:34:e6:9c:0d-40:ed:67:57:fb:f0',123,45,116,1,113,NULL,'2015-12-22','2016-08-27',NULL,NULL,'1202.00',0,0,1,0,1,1,NULL,NULL,NULL,NULL,NULL,'--- !ruby/hash:ActiveSupport::HashWithIndifferentAccess\nanschaffungskategorie: AV-Technik\nreference: invoice\numzug: zgeln\nankunftszustand: intakt\n','2016-08-27 15:45:50','2016-08-27 15:45:50'),(117,'lqvj6kv8png6al02fhca452','60:65:30:20:9a:db-b2:0a:7f:35:2d:6b-78:22:ef:0a:50:2b',119,49,117,1,NULL,NULL,'2014-10-04','2016-08-27',NULL,NULL,'1058.00',0,0,1,0,1,1,NULL,NULL,NULL,NULL,NULL,'--- !ruby/hash:ActiveSupport::HashWithIndifferentAccess\nanschaffungskategorie: AV-Technik\nreference: invoice\numzug: zgeln\nankunftszustand: intakt\n','2016-08-27 15:45:50','2016-08-27 15:45:50'),(118,'ft6b5p7ly5d2oecbda5n453','fd:a8:8d:b9:59:cc-77:06:fb:26:ab:6a-39:f6:54:79:55:bd',125,49,118,1,117,NULL,'2013-06-29','2016-08-27',NULL,NULL,'245.00',0,0,1,0,1,1,NULL,NULL,NULL,NULL,NULL,'--- !ruby/hash:ActiveSupport::HashWithIndifferentAccess\nanschaffungskategorie: AV-Technik\nreference: invoice\numzug: zgeln\nankunftszustand: intakt\n','2016-08-27 15:45:50','2016-08-27 15:45:50'),(119,'ayga7wlo0tbd8nvfef0p454','7e:29:c5:a6:29:a6-25:89:38:11:fc:66-a4:56:73:5e:a3:1b',126,49,119,1,117,NULL,'2014-09-20','2016-08-27',NULL,NULL,'968.00',0,0,1,0,1,1,NULL,NULL,NULL,NULL,NULL,'--- !ruby/hash:ActiveSupport::HashWithIndifferentAccess\nanschaffungskategorie: AV-Technik\nreference: invoice\numzug: zgeln\nankunftszustand: intakt\n','2016-08-27 15:45:50','2016-08-27 15:45:50'),(120,'07klc84iev6obt7k4j2b455','67:3f:28:3a:65:bb-f9:43:c9:24:1b:63-63:30:d4:62:39:96',127,49,120,1,117,NULL,'2015-07-09','2016-08-27',NULL,NULL,'647.00',0,0,1,0,1,1,NULL,NULL,NULL,NULL,NULL,'--- !ruby/hash:ActiveSupport::HashWithIndifferentAccess\nanschaffungskategorie: AV-Technik\nreference: invoice\numzug: zgeln\nankunftszustand: intakt\n','2016-08-27 15:45:50','2016-08-27 15:45:50'),(121,'7rozm4kv5klrf5djswvq456','ff:b6:a3:fe:65:0b-f3:6a:ce:d1:53:b5-3a:19:08:1f:f0:23',119,53,121,1,NULL,NULL,'2014-06-04','2016-08-27',NULL,NULL,'845.00',0,0,1,0,1,1,NULL,NULL,NULL,NULL,NULL,'--- !ruby/hash:ActiveSupport::HashWithIndifferentAccess\nanschaffungskategorie: AV-Technik\nreference: invoice\numzug: zgeln\nankunftszustand: intakt\n','2016-08-27 15:45:50','2016-08-27 15:45:50'),(122,'inuiw4t26adcjsvucr31457','7c:5d:d2:79:78:a7-d4:10:0a:4f:f9:8b-b7:e0:5f:3d:dc:47',129,53,122,1,121,NULL,'2014-11-12','2016-08-27',NULL,NULL,'1294.00',0,0,1,0,1,1,NULL,NULL,NULL,NULL,NULL,'--- !ruby/hash:ActiveSupport::HashWithIndifferentAccess\nanschaffungskategorie: AV-Technik\nreference: invoice\numzug: zgeln\nankunftszustand: intakt\n','2016-08-27 15:45:50','2016-08-27 15:45:50'),(123,'mddshz8olbk04guszf13458','28:22:73:17:4b:9d-43:93:d7:a8:01:2e-bb:56:f0:db:0d:44',130,53,123,1,121,NULL,'2013-12-10','2016-08-27',NULL,NULL,'27.00',0,0,1,0,1,1,NULL,NULL,NULL,NULL,NULL,'--- !ruby/hash:ActiveSupport::HashWithIndifferentAccess\nanschaffungskategorie: AV-Technik\nreference: invoice\numzug: zgeln\nankunftszustand: intakt\n','2016-08-27 15:45:50','2016-08-27 15:45:50'),(124,'0khmwlltxmd3r4hx5wj9459','04:54:d1:36:d2:98-27:56:4e:74:66:89-d5:40:b4:75:a4:62',131,53,124,1,121,NULL,'2015-03-23','2016-08-27',NULL,NULL,'703.00',0,0,1,0,1,1,NULL,NULL,NULL,NULL,NULL,'--- !ruby/hash:ActiveSupport::HashWithIndifferentAccess\nanschaffungskategorie: AV-Technik\nreference: invoice\numzug: zgeln\nankunftszustand: intakt\n','2016-08-27 15:45:50','2016-08-27 15:45:50'),(125,'r19zi5qqd7qq22mzbe2o460','66:f3:7b:57:b6:e5-78:33:fc:1c:da:9a-46:22:9f:21:d2:67',132,57,125,1,NULL,NULL,'2011-01-17','2016-08-27',NULL,NULL,'1469.00',0,0,1,0,1,1,NULL,NULL,NULL,NULL,NULL,'--- !ruby/hash:ActiveSupport::HashWithIndifferentAccess\nanschaffungskategorie: AV-Technik\nreference: invoice\numzug: zgeln\nankunftszustand: intakt\n','2016-08-27 15:45:50','2016-08-27 15:45:50'),(126,'liopd5q44jx2wrz95mk5461','6e:8d:83:0e:09:dd-f1:3f:b8:70:1d:aa-18:a3:4a:34:8e:3c',134,57,126,1,125,NULL,'2014-02-17','2016-08-27',NULL,NULL,'283.00',0,0,1,0,1,1,NULL,NULL,NULL,NULL,NULL,'--- !ruby/hash:ActiveSupport::HashWithIndifferentAccess\nanschaffungskategorie: AV-Technik\nreference: invoice\numzug: zgeln\nankunftszustand: intakt\n','2016-08-27 15:45:50','2016-08-27 15:45:50'),(127,'44cnnju8mrgcxa7pgjsf462','0a:c2:2b:23:c1:3b-04:9b:2b:04:f7:33-e4:60:4f:f0:ff:e3',135,57,127,1,125,NULL,'2012-11-30','2016-08-27',NULL,NULL,'97.00',0,0,1,0,1,1,NULL,NULL,NULL,NULL,NULL,'--- !ruby/hash:ActiveSupport::HashWithIndifferentAccess\nanschaffungskategorie: AV-Technik\nreference: invoice\numzug: zgeln\nankunftszustand: intakt\n','2016-08-27 15:45:50','2016-08-27 15:45:50'),(128,'zi1uijdetp29xbr89klq463','7d:ba:17:2b:9a:ca-c5:f8:2d:2a:3a:d3-b2:7c:4d:d1:d3:f6',136,57,128,1,125,NULL,'2011-10-26','2016-08-27',NULL,NULL,'84.00',0,0,1,0,1,1,NULL,NULL,NULL,NULL,NULL,'--- !ruby/hash:ActiveSupport::HashWithIndifferentAccess\nanschaffungskategorie: AV-Technik\nreference: invoice\numzug: zgeln\nankunftszustand: intakt\n','2016-08-27 15:45:50','2016-08-27 15:45:50'),(129,'wfdbqqc7iook43yu8ro3464','52:a6:50:62:f4:a6-2d:95:c3:ef:4f:cd-69:31:70:2f:e1:97',132,61,129,1,NULL,NULL,'2015-09-29','2016-08-27',NULL,NULL,'66.00',0,0,1,0,1,1,NULL,NULL,NULL,NULL,NULL,'--- !ruby/hash:ActiveSupport::HashWithIndifferentAccess\nanschaffungskategorie: AV-Technik\nreference: invoice\numzug: zgeln\nankunftszustand: intakt\n','2016-08-27 15:45:50','2016-08-27 15:45:50'),(130,'yzkcw9j5410wm8md4lae465','f6:3b:c6:8e:fc:df-a6:15:8d:57:7a:20-b9:df:9b:d5:27:b6',138,61,130,1,129,NULL,'2012-11-05','2016-08-27',NULL,NULL,'1216.00',0,0,1,0,1,1,NULL,NULL,NULL,NULL,NULL,'--- !ruby/hash:ActiveSupport::HashWithIndifferentAccess\nanschaffungskategorie: AV-Technik\nreference: invoice\numzug: zgeln\nankunftszustand: intakt\n','2016-08-27 15:45:50','2016-08-27 15:45:50'),(131,'wg4rv216xdrbcufoglaz466','9e:9b:ae:e7:f1:fc-75:7e:ab:5c:37:ca-29:63:96:87:83:b5',139,61,131,1,129,NULL,'2011-05-21','2016-08-27',NULL,NULL,'885.00',0,0,1,0,1,1,NULL,NULL,NULL,NULL,NULL,'--- !ruby/hash:ActiveSupport::HashWithIndifferentAccess\nanschaffungskategorie: AV-Technik\nreference: invoice\numzug: zgeln\nankunftszustand: intakt\n','2016-08-27 15:45:50','2016-08-27 15:45:50'),(132,'bv7ibn7s43eh114jubh8467','ba:1d:eb:07:ae:28-b6:32:d5:dc:4b:0b-a3:c9:ec:b1:2f:24',140,61,132,1,129,NULL,'2015-02-24','2016-08-27',NULL,NULL,'228.00',0,0,1,0,1,1,NULL,NULL,NULL,NULL,NULL,'--- !ruby/hash:ActiveSupport::HashWithIndifferentAccess\nanschaffungskategorie: AV-Technik\nreference: invoice\numzug: zgeln\nankunftszustand: intakt\n','2016-08-27 15:45:50','2016-08-27 15:45:50'),(133,'prs3uklv89i1wqkjplma468','62:4a:70:3e:90:32-b7:ce:dd:0f:cf:74-84:5c:86:16:05:2c',132,65,133,1,NULL,NULL,'2012-07-24','2016-08-27',NULL,NULL,'1272.00',0,0,1,0,1,1,NULL,NULL,NULL,NULL,NULL,'--- !ruby/hash:ActiveSupport::HashWithIndifferentAccess\nanschaffungskategorie: AV-Technik\nreference: invoice\numzug: zgeln\nankunftszustand: intakt\n','2016-08-27 15:45:50','2016-08-27 15:45:50'),(134,'ft0t3xfdcl11x4ae3su3469','5b:59:88:c6:f8:6f-f3:48:bf:09:b3:d4-85:35:86:8e:6a:0d',142,65,134,1,133,NULL,'2015-08-14','2016-08-27',NULL,NULL,'847.00',0,0,1,0,1,1,NULL,NULL,NULL,NULL,NULL,'--- !ruby/hash:ActiveSupport::HashWithIndifferentAccess\nanschaffungskategorie: AV-Technik\nreference: invoice\numzug: zgeln\nankunftszustand: intakt\n','2016-08-27 15:45:50','2016-08-27 15:45:50'),(135,'rrvcbur2omwpzppmjzw9470','f2:af:c4:6e:21:dc-db:64:48:6e:97:e5-18:4c:ad:7d:75:4d',143,65,135,1,133,NULL,'2015-08-04','2016-08-27',NULL,NULL,'857.00',0,0,1,0,1,1,NULL,NULL,NULL,NULL,NULL,'--- !ruby/hash:ActiveSupport::HashWithIndifferentAccess\nanschaffungskategorie: AV-Technik\nreference: invoice\numzug: zgeln\nankunftszustand: intakt\n','2016-08-27 15:45:50','2016-08-27 15:45:50'),(136,'9d0h4d7oi262jpfe8iun471','bc:8c:79:a7:e8:5d-ec:ce:4f:aa:55:c3-22:01:de:89:df:7b',144,65,136,1,133,NULL,'2013-03-13','2016-08-27',NULL,NULL,'1350.00',0,0,1,0,1,1,NULL,NULL,NULL,NULL,NULL,'--- !ruby/hash:ActiveSupport::HashWithIndifferentAccess\nanschaffungskategorie: AV-Technik\nreference: invoice\numzug: zgeln\nankunftszustand: intakt\n','2016-08-27 15:45:50','2016-08-27 15:45:50'),(137,'xw7t298x13jpuv98fhr3472','45:b2:9c:d5:79:79-60:4f:b1:63:f4:c9-ae:3e:d9:5d:7e:24',119,69,137,2,NULL,NULL,'2011-12-12','2016-08-27',NULL,NULL,'1332.00',0,0,1,0,2,1,NULL,NULL,NULL,NULL,NULL,'--- !ruby/hash:ActiveSupport::HashWithIndifferentAccess\nanschaffungskategorie: AV-Technik\nreference: invoice\numzug: zgeln\nankunftszustand: intakt\n','2016-08-27 15:45:50','2016-08-27 15:45:50'),(138,'hbi2dkjs5m9wjlirzbml473','5d:3c:fe:db:99:3e-37:06:b6:cc:47:ca-21:1c:fe:64:81:9d',146,69,138,2,137,NULL,'2015-01-23','2016-08-27',NULL,NULL,'1323.00',0,0,1,0,2,1,NULL,NULL,NULL,NULL,NULL,'--- !ruby/hash:ActiveSupport::HashWithIndifferentAccess\nanschaffungskategorie: AV-Technik\nreference: invoice\numzug: zgeln\nankunftszustand: intakt\n','2016-08-27 15:45:50','2016-08-27 15:45:50'),(139,'820pw6latl0yxhal6kb0474','f0:74:79:58:1b:97-9b:e6:df:cf:e7:cb-bd:e0:f3:77:eb:6f',147,69,139,2,137,NULL,'2012-10-02','2016-08-27',NULL,NULL,'387.00',0,0,1,0,2,1,NULL,NULL,NULL,NULL,NULL,'--- !ruby/hash:ActiveSupport::HashWithIndifferentAccess\nanschaffungskategorie: AV-Technik\nreference: invoice\numzug: zgeln\nankunftszustand: intakt\n','2016-08-27 15:45:50','2016-08-27 15:45:50'),(140,'rvim8llwgp1t4rg2rqff475','3f:2d:85:0f:00:b2-40:90:67:a1:b8:3b-cb:9f:27:a2:d0:d6',148,69,140,2,137,NULL,'2014-07-18','2016-08-27',NULL,NULL,'308.00',0,0,1,0,2,1,NULL,NULL,NULL,NULL,NULL,'--- !ruby/hash:ActiveSupport::HashWithIndifferentAccess\nanschaffungskategorie: AV-Technik\nreference: invoice\numzug: zgeln\nankunftszustand: intakt\n','2016-08-27 15:45:50','2016-08-27 15:45:50'),(141,'cand5','cand5',84,44,141,1,NULL,NULL,'2011-02-26','2016-08-27',NULL,NULL,'827.00',0,0,0,0,1,1,NULL,NULL,NULL,NULL,NULL,'--- !ruby/hash:ActiveSupport::HashWithIndifferentAccess\nanschaffungskategorie: AV-Technik\nreference: invoice\numzug: zgeln\nankunftszustand: intakt\n','2016-08-27 15:45:50','2016-08-27 15:45:50'),(142,'beam21231','beamas12312',58,44,142,1,NULL,NULL,'2011-02-10','2016-08-27',NULL,NULL,'814.00',0,0,0,0,1,1,NULL,NULL,NULL,NULL,NULL,'--- !ruby/hash:ActiveSupport::HashWithIndifferentAccess\nanschaffungskategorie: AV-Technik\nreference: invoice\numzug: zgeln\nankunftszustand: intakt\n','2016-08-27 15:45:50','2016-08-27 15:45:50'),(143,'hifi345','hifi345',115,44,143,1,NULL,NULL,'2014-12-02','2016-08-27',NULL,NULL,'577.00',0,0,0,0,1,1,NULL,NULL,NULL,NULL,NULL,'--- !ruby/hash:ActiveSupport::HashWithIndifferentAccess\nanschaffungskategorie: AV-Technik\nreference: invoice\numzug: zgeln\nankunftszustand: intakt\n','2016-08-27 15:45:50','2016-08-27 15:45:50'),(144,'iMac1','iMac5',150,44,144,1,NULL,NULL,'2014-02-28','2016-08-27','2016-08-27','This Item is gone','662.00',0,0,1,0,1,1,NULL,NULL,NULL,NULL,NULL,'--- !ruby/hash:ActiveSupport::HashWithIndifferentAccess\nanschaffungskategorie: AV-Technik\nreference: invoice\numzug: zgeln\nankunftszustand: intakt\n','2016-08-27 15:45:50','2016-08-27 15:45:50'),(145,'iMac2','iMac6',150,44,145,3,NULL,NULL,'2014-12-25','2016-08-27','2016-08-27','This Item is gone','312.00',0,0,1,0,1,1,NULL,NULL,NULL,NULL,NULL,'--- !ruby/hash:ActiveSupport::HashWithIndifferentAccess\nanschaffungskategorie: AV-Technik\nreference: invoice\numzug: zgeln\nankunftszustand: intakt\n','2016-08-27 15:45:50','2016-08-27 15:45:50'),(146,'wdjdon','2xceu4',117,44,146,1,NULL,NULL,'2014-09-01','2016-08-27','2016-08-27','This Item is gone','1121.00',0,0,1,0,1,1,NULL,NULL,NULL,NULL,NULL,'--- !ruby/hash:ActiveSupport::HashWithIndifferentAccess\nanschaffungskategorie: AV-Technik\nreference: invoice\numzug: zgeln\nankunftszustand: intakt\n','2016-08-27 15:45:50','2016-08-27 15:45:50'),(147,'r14kwr','6yncaz',117,44,147,1,NULL,NULL,'2012-10-22','2016-08-27',NULL,NULL,'54.00',0,0,1,0,1,1,NULL,NULL,NULL,NULL,NULL,'--- !ruby/hash:ActiveSupport::HashWithIndifferentAccess\nanschaffungskategorie: AV-Technik\nreference: invoice\numzug: zgeln\nankunftszustand: intakt\n','2016-08-27 15:45:50','2016-08-27 15:45:50'),(148,'wlaptop1','wlaptop1',151,44,148,1,NULL,NULL,'2015-05-01','2016-08-27',NULL,NULL,'511.00',1,0,1,0,1,1,NULL,NULL,NULL,NULL,NULL,'--- !ruby/hash:ActiveSupport::HashWithIndifferentAccess\nanschaffungskategorie: AV-Technik\nreference: invoice\numzug: zgeln\nankunftszustand: intakt\n','2016-08-27 15:45:50','2016-08-27 15:45:50'),(149,'v120d02','v120d02',152,44,149,1,NULL,NULL,'2015-07-03','2016-08-27',NULL,NULL,'1260.00',0,1,1,0,1,1,NULL,NULL,NULL,NULL,NULL,'--- !ruby/hash:ActiveSupport::HashWithIndifferentAccess\nanschaffungskategorie: AV-Technik\nreference: invoice\numzug: zgeln\nankunftszustand: intakt\n','2016-08-27 15:45:50','2016-08-27 15:45:50'),(150,'icia53y601bivee12le3476','6c:2d:8c:ac:3e:d8-55:3b:d4:03:20:d0-de:d9:c7:14:d4:76',152,73,150,1,NULL,NULL,'2015-10-20','2016-08-27','2016-08-27','Quos incidunt dolores cupiditate hic quis facilis animi.','140.00',1,1,0,0,1,1,NULL,NULL,NULL,NULL,NULL,'--- !ruby/hash:ActiveSupport::HashWithIndifferentAccess\nanschaffungskategorie: AV-Technik\nreference: invoice\numzug: zgeln\nankunftszustand: intakt\n','2016-08-27 15:45:50','2016-08-27 15:45:50'),(151,'v120d022g','v120d022g',153,44,151,1,NULL,NULL,'2014-10-19','2016-08-27',NULL,NULL,'578.00',0,0,1,0,1,1,NULL,NULL,NULL,NULL,NULL,'--- !ruby/hash:ActiveSupport::HashWithIndifferentAccess\nanschaffungskategorie: AV-Technik\nreference: invoice\numzug: zgeln\nankunftszustand: intakt\n','2016-08-27 15:45:50','2016-08-27 15:45:50'),(152,'v120d022g2','v120d022g2',153,44,152,1,NULL,NULL,'2013-03-16','2016-08-27',NULL,NULL,'350.00',0,0,1,0,1,1,NULL,NULL,NULL,NULL,NULL,'--- !ruby/hash:ActiveSupport::HashWithIndifferentAccess\nanschaffungskategorie: AV-Technik\nreference: invoice\numzug: zgeln\nankunftszustand: intakt\n','2016-08-27 15:45:50','2016-08-27 15:45:50'),(153,'beam897','xyz890',58,44,153,1,NULL,NULL,'2014-06-20','2016-08-27',NULL,NULL,'1011.00',0,0,1,0,2,1,NULL,NULL,NULL,NULL,NULL,'--- !ruby/hash:ActiveSupport::HashWithIndifferentAccess\nanschaffungskategorie: AV-Technik\nreference: invoice\numzug: zgeln\nankunftszustand: intakt\n','2016-08-27 15:45:50','2016-08-27 15:45:50'),(154,'minibeam12','xyz890',60,44,154,1,NULL,NULL,'2012-05-07','2016-08-27',NULL,NULL,'1476.00',0,0,1,0,2,1,NULL,NULL,NULL,NULL,NULL,'--- !ruby/hash:ActiveSupport::HashWithIndifferentAccess\nanschaffungskategorie: AV-Technik\nreference: invoice\numzug: zgeln\nankunftszustand: intakt\n','2016-08-27 15:45:50','2016-08-27 15:45:50'),(155,'minibeam34','xyz890',60,44,155,1,NULL,NULL,'2015-01-21','2016-08-27',NULL,NULL,'1162.00',0,0,1,0,3,1,NULL,NULL,NULL,NULL,NULL,'--- !ruby/hash:ActiveSupport::HashWithIndifferentAccess\nanschaffungskategorie: AV-Technik\nreference: invoice\numzug: zgeln\nankunftszustand: intakt\n','2016-08-27 15:45:50','2016-08-27 15:45:50'),(156,'ueircrxza0gik7zr9ipz477','93:91:f8:8f:40:92-bd:3f:ba:ac:c3:e0-65:2e:a0:dc:6a:cf',155,NULL,NULL,1,NULL,NULL,NULL,NULL,NULL,NULL,NULL,0,0,0,0,1,0,NULL,NULL,NULL,NULL,NULL,'--- !ruby/hash:ActiveSupport::HashWithIndifferentAccess\nlicense_type: single_workplace\nactivation_type: serial_number\noperating_system:\n- windows\n- linux\ninstallation:\n- citrix\n- web\nprocured_by: Mike H.\nreference: invoice\nmaintenance_contract: \'false\'\n','2016-08-27 15:45:50','2016-08-27 15:45:50'),(157,'cs52j77ovfku4gva868e478','4a:39:50:d6:d1:3f-ac:8c:98:a7:51:5c-ba:59:98:7b:1a:9b',156,NULL,NULL,1,NULL,NULL,NULL,NULL,NULL,NULL,NULL,0,0,0,0,1,0,NULL,NULL,NULL,NULL,NULL,'--- !ruby/hash:ActiveSupport::HashWithIndifferentAccess\nlicense_type: single_workplace\nactivation_type: serial_number\noperating_system:\n- windows\n- linux\ninstallation:\n- citrix\n- web\nreference: invoice\nmaintenance_contract: \'false\'\n','2016-08-27 15:45:50','2016-08-27 15:45:50'),(158,'lyocw0i9n47ki50yppcn479','c1:54:be:84:ae:ae-e6:cb:de:70:a1:44-13:7f:fd:3a:c8:a3',157,NULL,NULL,1,NULL,NULL,NULL,NULL,NULL,NULL,NULL,0,0,0,0,1,0,NULL,NULL,NULL,NULL,NULL,'--- !ruby/hash:ActiveSupport::HashWithIndifferentAccess\nlicense_type: single_workplace\nactivation_type: serial_number\noperating_system:\n- windows\n- linux\ninstallation:\n- citrix\n- web\nprocured_by: Selina Murazik\nreference: invoice\nmaintenance_contract: \'false\'\n','2016-08-27 15:45:50','2016-08-27 15:45:50'),(159,'9zhm3kh116zqvaifjh58480','78:df:ae:5a:f3:20-e1:8d:b1:b8:4c:3e-c2:41:68:2d:84:9a',158,NULL,NULL,1,NULL,NULL,NULL,NULL,NULL,NULL,NULL,0,0,1,0,2,0,NULL,NULL,NULL,NULL,NULL,'--- !ruby/hash:ActiveSupport::HashWithIndifferentAccess\nlicense_type: single_workplace\nactivation_type: serial_number\noperating_system:\n- windows\n- linux\ninstallation:\n- citrix\n- web\nreference: invoice\nmaintenance_contract: \'false\'\n','2016-08-27 15:45:50','2016-08-27 15:45:50'),(160,'4xw8ckwc6l2nlnihvt8b481','59:3a:c9:76:08:89-c6:03:a4:37:fb:21-f3:9a:de:2b:fb:69',159,NULL,NULL,1,NULL,NULL,NULL,NULL,'2016-08-27','Aliquid quis praesentium voluptatem sunt minima tempore et nam.',NULL,0,0,1,0,1,0,NULL,NULL,NULL,NULL,NULL,'--- !ruby/hash:ActiveSupport::HashWithIndifferentAccess\nlicense_type: single_workplace\nactivation_type: serial_number\noperating_system:\n- windows\n- linux\ninstallation:\n- citrix\n- web\nreference: invoice\nmaintenance_contract: \'false\'\n','2016-08-27 15:45:50','2016-08-27 15:45:50'),(161,'c3kwkj8cmk0eyyeyw2hm482','b6:05:c9:ba:32:e6-8b:d4:af:30:43:36-ca:26:54:f1:a6:f2',160,NULL,NULL,2,NULL,NULL,NULL,NULL,'2016-08-27','Aperiam voluptatem veritatis quo consequatur voluptatibus et.',NULL,0,0,0,0,1,0,NULL,NULL,NULL,NULL,NULL,'--- !ruby/hash:ActiveSupport::HashWithIndifferentAccess\nlicense_type: single_workplace\nactivation_type: serial_number\noperating_system:\n- windows\n- linux\ninstallation:\n- citrix\n- web\nreference: invoice\nmaintenance_contract: \'false\'\n','2016-08-27 15:45:50','2016-08-27 15:45:50'),(162,'e47oelh4sc6kwztyiw2p483','52:53:b4:14:84:8b-83:1e:7e:26:b0:58-17:3a:3b:10:f9:ea',161,NULL,NULL,2,NULL,NULL,NULL,NULL,NULL,NULL,NULL,0,0,1,0,2,0,NULL,NULL,NULL,NULL,NULL,'--- !ruby/hash:ActiveSupport::HashWithIndifferentAccess\nlicense_type: single_workplace\nactivation_type: serial_number\noperating_system:\n- windows\n- linux\ninstallation:\n- citrix\n- web\nreference: invoice\nmaintenance_contract: \'false\'\n','2016-08-27 15:45:50','2016-08-27 15:45:50'),(163,'5ixtgoudbr30tvjcpzx7484','66:33:7b:b9:e5:2d-d7:a6:44:19:0c:5f-f4:b3:76:17:25:38',162,NULL,NULL,1,NULL,NULL,'2016-08-27',NULL,NULL,NULL,NULL,0,0,0,0,1,0,NULL,NULL,NULL,NULL,NULL,'--- !ruby/hash:ActiveSupport::HashWithIndifferentAccess\nlicense_expiration: \'2016-08-27\'\nmaintenance_contract: \'true\'\nmaintenance_expiration: \'2016-08-27\'\nreference: invoice\nactivation_type: none\nlicense_type: free\n','2016-08-27 15:45:50','2016-08-27 15:45:50'),(164,'ijx4euphs1cor9h10513485','6c:ee:d8:02:4c:2e-6e:dd:43:9a:b6:e1-c1:1f:89:f7:2f:23',163,NULL,NULL,1,NULL,NULL,NULL,NULL,NULL,NULL,NULL,0,0,0,0,1,0,NULL,NULL,NULL,NULL,NULL,'--- !ruby/hash:ActiveSupport::HashWithIndifferentAccess\nquantity_allocations:\n- !ruby/hash:ActiveSupport::HashWithIndifferentAccess\n  room: aut\n  quantity: 43\n- !ruby/hash:ActiveSupport::HashWithIndifferentAccess\n  room: tempore\n  quantity: 1\nreference: invoice\nactivation_type: none\nlicense_type: free\nmaintenance_contract: \'false\'\n','2016-08-27 15:45:50','2016-08-27 15:45:50'),(165,'07pdszqkqk34684mymho486','d6:c9:77:ad:97:cd-3b:7c:f0:0e:a9:ad-f9:07:0d:df:b1:15',165,NULL,NULL,1,NULL,NULL,NULL,NULL,NULL,NULL,NULL,0,0,0,0,1,0,NULL,NULL,NULL,NULL,NULL,'--- !ruby/hash:ActiveSupport::HashWithIndifferentAccess\noperating_system:\n- windows\n- linux\nlicense_type: site_license\ntotal_quantity: 239\nquantity_allocations:\n- !ruby/hash:ActiveSupport::HashWithIndifferentAccess\n  room: id\n  quantity: 4\n- !ruby/hash:ActiveSupport::HashWithIndifferentAccess\n  room: dolores\n  quantity: 12\nreference: invoice\nactivation_type: none\nmaintenance_contract: \'false\'\n','2016-08-27 15:45:50','2016-08-27 15:45:50'),(166,'sqvcjypvvklo2txuwqq7487','4e:a9:f1:07:82:d8-cb:fa:ee:93:76:85-95:33:62:54:d2:93',167,74,156,8,NULL,NULL,'2013-01-08','2016-08-27',NULL,NULL,'830.00',0,0,1,0,1,1,NULL,NULL,NULL,NULL,NULL,'--- !ruby/hash:ActiveSupport::HashWithIndifferentAccess\nanschaffungskategorie: AV-Technik\nreference: invoice\numzug: zgeln\nankunftszustand: intakt\n','2016-08-27 13:26:26','2016-08-27 13:26:26'),(167,'odt5ljllupe8w81i7h98488','36:32:38:68:c8:90-9d:f9:49:ae:86:23-8a:3a:cf:45:36:f6',168,75,157,7,NULL,NULL,'2012-10-28','2016-08-27',NULL,NULL,'354.00',0,0,1,0,1,1,NULL,NULL,NULL,NULL,NULL,'--- !ruby/hash:ActiveSupport::HashWithIndifferentAccess\nanschaffungskategorie: AV-Technik\nreference: invoice\numzug: zgeln\nankunftszustand: intakt\n','2016-08-27 13:26:26','2016-08-27 13:26:26'),(168,'wzdm41zs7gplknohfdz4489','f3:24:32:e3:64:1e-38:6e:0b:b1:d2:98-c9:4b:b4:3e:a8:ed',169,76,158,2,NULL,NULL,'2013-02-10','2016-08-27',NULL,NULL,'1206.00',0,0,1,0,1,1,NULL,NULL,NULL,NULL,NULL,'--- !ruby/hash:ActiveSupport::HashWithIndifferentAccess\nanschaffungskategorie: AV-Technik\nreference: invoice\numzug: zgeln\nankunftszustand: intakt\n','2016-08-27 13:26:26','2016-08-27 13:26:26'),(169,'l5c8v0sup2s6nonvqvnj490','17:cb:a6:68:8b:40-6b:61:d0:65:5b:66-5e:7d:2b:42:59:05',170,77,159,4,NULL,NULL,'2012-07-24','2016-08-27',NULL,NULL,'1022.00',0,0,1,0,1,1,NULL,NULL,NULL,NULL,NULL,'--- !ruby/hash:ActiveSupport::HashWithIndifferentAccess\nanschaffungskategorie: AV-Technik\nreference: invoice\numzug: zgeln\nankunftszustand: intakt\n','2016-08-27 13:26:26','2016-08-27 13:26:26'),(170,'8baam0gtz2guo6hxitpe491','c1:80:9d:bb:be:24-a6:6b:1b:de:f3:62-c8:6b:4a:f4:ff:fb',171,78,160,3,NULL,NULL,'2014-12-27','2016-08-27',NULL,NULL,'506.00',0,0,1,0,1,1,NULL,NULL,NULL,NULL,NULL,'--- !ruby/hash:ActiveSupport::HashWithIndifferentAccess\nanschaffungskategorie: AV-Technik\nreference: invoice\numzug: zgeln\nankunftszustand: intakt\n','2016-08-27 13:26:26','2016-08-27 13:26:26'),(171,'3hiu0qltruibdb5hlgo4492','81:8e:47:cc:21:b1-3c:1f:99:1e:73:c8-4b:b5:64:83:30:5b',171,79,161,3,NULL,NULL,'2011-07-14','2016-08-27',NULL,NULL,'1285.00',0,0,1,0,1,1,NULL,NULL,NULL,NULL,NULL,'--- !ruby/hash:ActiveSupport::HashWithIndifferentAccess\nanschaffungskategorie: AV-Technik\nreference: invoice\numzug: zgeln\nankunftszustand: intakt\n','2016-08-27 13:26:26','2016-08-27 13:26:26'),(172,'dglsmfwcew66tdczde5p493','06:2d:19:ec:da:eb-78:0e:91:ba:83:69-4f:04:74:ff:6c:a7',171,80,162,2,NULL,NULL,'2013-07-26','2016-08-27',NULL,NULL,'262.00',0,0,1,0,1,1,NULL,NULL,NULL,NULL,NULL,'--- !ruby/hash:ActiveSupport::HashWithIndifferentAccess\nanschaffungskategorie: AV-Technik\nreference: invoice\numzug: zgeln\nankunftszustand: intakt\n','2016-08-27 13:26:26','2016-08-27 13:26:26'),(173,'n24g6769qm5onc12zvsj494','9b:91:58:f0:86:5d-c9:fe:3d:2e:cd:84-fc:e3:dd:52:6f:c4',175,81,163,9,NULL,NULL,'2013-06-22','2016-08-27',NULL,NULL,'434.00',0,0,1,0,1,1,NULL,NULL,NULL,NULL,NULL,'--- !ruby/hash:ActiveSupport::HashWithIndifferentAccess\nanschaffungskategorie: AV-Technik\nreference: invoice\numzug: zgeln\nankunftszustand: intakt\n','2016-08-27 13:26:26','2016-08-27 13:26:26'),(174,'d1wce0kjtde7kjetbep3495','c7:3d:b1:38:d6:9d-9f:90:39:25:81:05-bd:e4:c6:3d:95:4c',176,82,164,8,NULL,NULL,'2012-07-08','2016-08-27',NULL,NULL,'1025.00',0,0,1,0,1,1,NULL,NULL,NULL,NULL,NULL,'--- !ruby/hash:ActiveSupport::HashWithIndifferentAccess\nanschaffungskategorie: AV-Technik\nreference: invoice\numzug: zgeln\nankunftszustand: intakt\n','2016-08-27 13:26:26','2016-08-27 13:26:26'),(175,'kmxgubp10gc2cks42dku496','0d:3d:e9:f3:87:7a-69:07:a2:df:6e:53-c0:48:cc:8b:46:3b',177,83,165,5,NULL,NULL,'2014-11-11','2016-08-27',NULL,NULL,'1071.00',0,0,1,0,1,1,NULL,NULL,NULL,NULL,NULL,'--- !ruby/hash:ActiveSupport::HashWithIndifferentAccess\nanschaffungskategorie: AV-Technik\nreference: invoice\numzug: zgeln\nankunftszustand: intakt\n','2016-08-27 13:26:26','2016-08-27 13:26:26'),(176,'46r8sj0gh52ksitskhwd497','c2:64:cb:a0:68:03-3d:c7:6d:37:e9:73-01:66:09:a5:89:8f',178,84,166,11,NULL,NULL,'2011-06-19','2016-08-27',NULL,NULL,'966.00',0,0,1,0,1,1,NULL,NULL,NULL,NULL,NULL,'--- !ruby/hash:ActiveSupport::HashWithIndifferentAccess\nanschaffungskategorie: AV-Technik\nreference: invoice\numzug: zgeln\nankunftszustand: intakt\n','2016-08-27 13:26:27','2016-08-27 13:26:27'),(177,'v8xdode1bwywtyjsg0da498','11:f9:78:f6:67:12-8c:46:36:e4:f0:46-30:7b:3e:fa:ad:5d',178,85,167,2,NULL,NULL,'2014-10-30','2016-08-27',NULL,NULL,'169.00',0,0,1,0,1,1,NULL,NULL,NULL,NULL,NULL,'--- !ruby/hash:ActiveSupport::HashWithIndifferentAccess\nanschaffungskategorie: AV-Technik\nreference: invoice\numzug: zgeln\nankunftszustand: intakt\n','2016-08-27 13:26:27','2016-08-27 13:26:27'),(178,'gf51rnq5x306dt8mqs8g499','3a:0a:b2:13:fc:93-c3:c7:19:d8:0e:ad-5c:14:50:47:18:d2',178,86,168,9,NULL,NULL,'2012-03-01','2016-08-27',NULL,NULL,'800.00',0,0,1,0,1,1,NULL,NULL,NULL,NULL,NULL,'--- !ruby/hash:ActiveSupport::HashWithIndifferentAccess\nanschaffungskategorie: AV-Technik\nreference: invoice\numzug: zgeln\nankunftszustand: intakt\n','2016-08-27 13:26:27','2016-08-27 13:26:27'),(179,'skwp075t6tjnrc7nzgcw500','0d:ef:da:3d:49:14-fb:38:30:af:22:d7-88:a9:a7:d7:69:f9',182,87,169,8,NULL,NULL,'2015-04-08','2016-08-27',NULL,NULL,'1390.00',0,0,1,0,1,1,NULL,NULL,NULL,NULL,NULL,'--- !ruby/hash:ActiveSupport::HashWithIndifferentAccess\nanschaffungskategorie: AV-Technik\nreference: invoice\numzug: zgeln\nankunftszustand: intakt\n','2016-08-27 13:26:27','2016-08-27 13:26:27'),(180,'rzkkgmy02wq12uias1ej501','e9:c6:4f:87:fb:89-16:20:d1:47:f7:90-91:e4:d1:80:ce:9d',183,88,170,8,NULL,NULL,'2011-03-01','2016-08-27',NULL,NULL,'634.00',0,0,1,0,1,1,NULL,NULL,NULL,NULL,NULL,'--- !ruby/hash:ActiveSupport::HashWithIndifferentAccess\nanschaffungskategorie: AV-Technik\nreference: invoice\numzug: zgeln\nankunftszustand: intakt\n','2016-08-27 13:26:27','2016-08-27 13:26:27'),(181,'d3nyhdh3iw5cvxzllkv2502','30:fc:2f:4a:c1:4b-07:7e:44:38:66:38-38:f9:5b:3c:85:a6',184,89,171,7,NULL,NULL,'2015-07-19','2016-08-27',NULL,NULL,'645.00',0,0,1,0,1,1,NULL,NULL,NULL,NULL,NULL,'--- !ruby/hash:ActiveSupport::HashWithIndifferentAccess\nanschaffungskategorie: AV-Technik\nreference: invoice\numzug: zgeln\nankunftszustand: intakt\n','2016-08-27 13:26:27','2016-08-27 13:26:27'),(182,'n4lkn0edza741yhjnkzh503','ba:22:ba:71:51:4c-65:9f:60:ca:e9:cf-0a:70:5a:12:2a:7c',185,90,172,2,NULL,NULL,'2011-12-05','2016-08-27',NULL,NULL,'1259.00',0,0,1,0,1,1,NULL,NULL,NULL,NULL,NULL,'--- !ruby/hash:ActiveSupport::HashWithIndifferentAccess\nanschaffungskategorie: AV-Technik\nreference: invoice\numzug: zgeln\nankunftszustand: intakt\n','2016-08-27 13:26:27','2016-08-27 13:26:27'),(183,'oyb680anybbx6d0tntmp504','6a:58:0b:a0:78:33-9b:ae:7e:13:ea:4a-a7:49:b6:83:e2:05',185,91,173,11,NULL,NULL,'2014-10-04','2016-08-27',NULL,NULL,'471.00',0,0,1,0,1,1,NULL,NULL,NULL,NULL,NULL,'--- !ruby/hash:ActiveSupport::HashWithIndifferentAccess\nanschaffungskategorie: AV-Technik\nreference: invoice\numzug: zgeln\nankunftszustand: intakt\n','2016-08-27 13:26:27','2016-08-27 13:26:27'),(184,'wlkeu6k8d863cmhbsefd505','24:83:56:f5:8c:31-eb:2a:86:19:b6:e7-13:34:ea:64:d8:e7',185,92,174,3,NULL,NULL,'2014-12-22','2016-08-27',NULL,NULL,'242.00',0,0,1,0,1,1,NULL,NULL,NULL,NULL,NULL,'--- !ruby/hash:ActiveSupport::HashWithIndifferentAccess\nanschaffungskategorie: AV-Technik\nreference: invoice\numzug: zgeln\nankunftszustand: intakt\n','2016-08-27 13:26:27','2016-08-27 13:26:27'),(185,'ge4h4u3083kzen4auv85506','c8:8f:5c:71:33:3d-79:ff:0d:71:01:07-61:57:7f:e4:79:a0',189,93,175,11,NULL,NULL,'2013-11-10','2016-08-21',NULL,NULL,'1166.00',0,0,1,0,1,1,NULL,NULL,NULL,NULL,NULL,'--- !ruby/hash:ActiveSupport::HashWithIndifferentAccess\nanschaffungskategorie: AV-Technik\nreference: invoice\numzug: zgeln\nankunftszustand: intakt\n','2016-08-21 16:41:50','2016-08-21 16:41:50'),(186,'k183kx7y2uetn9qcrm6g507','62:1b:7b:fd:5f:b4-a0:f5:dd:b5:2e:f0-c0:b0:e0:62:1f:b0',190,94,176,3,NULL,NULL,'2015-07-04','2016-08-21',NULL,NULL,'376.00',0,0,1,0,1,1,NULL,NULL,NULL,NULL,NULL,'--- !ruby/hash:ActiveSupport::HashWithIndifferentAccess\nanschaffungskategorie: AV-Technik\nreference: invoice\numzug: zgeln\nankunftszustand: intakt\n','2016-08-21 16:41:50','2016-08-21 16:41:50'),(187,'wltadafozexqvdkyuda5508','c6:c0:8f:1c:6b:aa-f6:a1:ee:32:41:d2-a7:34:a6:ad:c2:27',191,95,177,2,NULL,NULL,'2014-01-06','2016-08-21',NULL,NULL,'621.00',0,0,1,0,1,1,NULL,NULL,NULL,NULL,NULL,'--- !ruby/hash:ActiveSupport::HashWithIndifferentAccess\nanschaffungskategorie: AV-Technik\nreference: invoice\numzug: zgeln\nankunftszustand: intakt\n','2016-08-21 16:41:50','2016-08-21 16:41:50'),(188,'683qsf60f8dwd30bba8g509','6a:af:32:f0:66:1d-f2:62:08:58:5a:d8-c6:b8:4b:0c:ee:13',192,96,178,10,NULL,NULL,'2013-03-28','2016-08-26',NULL,NULL,'594.00',0,0,1,0,1,1,NULL,NULL,NULL,NULL,NULL,'--- !ruby/hash:ActiveSupport::HashWithIndifferentAccess\nanschaffungskategorie: AV-Technik\nreference: invoice\numzug: zgeln\nankunftszustand: intakt\n','2016-08-26 20:19:29','2016-08-26 20:19:29'),(189,'iw87ewck07q8wg7ri6mg510','be:62:27:ba:5c:e5-6b:7c:fe:f1:bf:39-61:d8:dd:0d:78:31',193,97,179,3,NULL,NULL,'2014-05-22','2016-08-26',NULL,NULL,'1226.00',0,0,1,0,1,1,NULL,NULL,NULL,NULL,NULL,'--- !ruby/hash:ActiveSupport::HashWithIndifferentAccess\nanschaffungskategorie: AV-Technik\nreference: invoice\numzug: zgeln\nankunftszustand: intakt\n','2016-08-26 20:19:29','2016-08-26 20:19:29'),(190,'ul9fw021cp0u4yjp2luy511','87:ad:f1:2a:ed:d7-d8:6c:74:16:a9:1d-83:83:39:84:77:9a',194,98,180,3,NULL,NULL,'2012-10-14','2016-08-26',NULL,NULL,'274.00',0,0,1,0,1,1,NULL,NULL,NULL,NULL,NULL,'--- !ruby/hash:ActiveSupport::HashWithIndifferentAccess\nanschaffungskategorie: AV-Technik\nreference: invoice\numzug: zgeln\nankunftszustand: intakt\n','2016-08-26 20:19:29','2016-08-26 20:19:29'),(191,'6f346zeps0l43lnbqafe512','a8:72:04:2a:30:07-ee:e2:02:5b:cf:af-6d:15:26:86:37:0b',195,99,181,2,NULL,NULL,'2013-09-27','2016-08-26',NULL,NULL,'156.00',0,0,1,0,1,1,NULL,NULL,NULL,NULL,NULL,'--- !ruby/hash:ActiveSupport::HashWithIndifferentAccess\nanschaffungskategorie: AV-Technik\nreference: invoice\numzug: zgeln\nankunftszustand: intakt\n','2016-08-26 20:19:29','2016-08-26 20:19:29'),(192,'1t6q9sriik0mestb27wz513','c0:2d:48:7e:28:a9-a4:51:63:20:13:37-af:81:fc:c0:9a:09',195,100,182,7,NULL,NULL,'2012-03-13','2016-08-26',NULL,NULL,'220.00',0,0,1,0,1,1,NULL,NULL,NULL,NULL,NULL,'--- !ruby/hash:ActiveSupport::HashWithIndifferentAccess\nanschaffungskategorie: AV-Technik\nreference: invoice\numzug: zgeln\nankunftszustand: intakt\n','2016-08-26 20:19:29','2016-08-26 20:19:29'),(193,'wnt0v8r7g1fje3cd4lxv514','ab:be:79:a3:70:0b-4c:1e:47:3d:60:7c-f4:c6:f7:4e:d4:f8',195,101,183,7,NULL,NULL,'2012-10-18','2016-08-26',NULL,NULL,'867.00',0,0,1,0,1,1,NULL,NULL,NULL,NULL,NULL,'--- !ruby/hash:ActiveSupport::HashWithIndifferentAccess\nanschaffungskategorie: AV-Technik\nreference: invoice\numzug: zgeln\nankunftszustand: intakt\n','2016-08-26 20:19:29','2016-08-26 20:19:29'),(194,'qjmos5woy9tokv5m600f515','64:d4:ab:00:55:fe-2f:bf:74:10:89:e0-64:7d:11:e5:40:16',199,102,184,3,NULL,NULL,'2011-09-30','2016-08-27',NULL,NULL,'1113.00',0,0,1,0,1,1,NULL,NULL,NULL,NULL,NULL,'--- !ruby/hash:ActiveSupport::HashWithIndifferentAccess\nanschaffungskategorie: AV-Technik\nreference: invoice\numzug: zgeln\nankunftszustand: intakt\n','2016-08-27 15:45:50','2016-08-27 15:45:50'),(195,'tljhbufzx4bci88qskdx516','8f:3e:16:39:ea:61-08:e8:31:4a:07:86-f9:aa:b2:30:3d:83',200,103,185,8,NULL,NULL,'2015-09-19','2016-08-27',NULL,NULL,'337.00',0,0,1,0,1,1,NULL,NULL,NULL,NULL,NULL,'--- !ruby/hash:ActiveSupport::HashWithIndifferentAccess\nanschaffungskategorie: AV-Technik\nreference: invoice\numzug: zgeln\nankunftszustand: intakt\n','2016-08-27 15:45:50','2016-08-27 15:45:50'),(196,'isiasbc0w0lr3vtyj6ro517','0f:d4:89:c3:37:ba-dd:b3:91:f8:be:e0-c9:79:fd:73:a0:86',201,104,186,1,NULL,NULL,'2015-06-24','2016-08-27',NULL,NULL,'1151.00',0,0,1,0,1,1,NULL,NULL,NULL,NULL,NULL,'--- !ruby/hash:ActiveSupport::HashWithIndifferentAccess\nanschaffungskategorie: AV-Technik\nreference: invoice\numzug: zgeln\nankunftszustand: intakt\n','2016-08-27 15:45:50','2016-08-27 15:45:50'),(197,'vj4axgv37wbd12hklt58518','ae:34:3d:85:4c:85-52:9b:50:63:d4:c2-e1:f1:55:c7:12:34',202,105,187,1,NULL,NULL,'2011-02-24','2016-08-27',NULL,NULL,'394.00',0,0,1,0,1,1,NULL,NULL,NULL,NULL,NULL,'--- !ruby/hash:ActiveSupport::HashWithIndifferentAccess\nanschaffungskategorie: AV-Technik\nreference: invoice\numzug: zgeln\nankunftszustand: intakt\n','2016-08-27 15:45:50','2016-08-27 15:45:50'),(198,'96z0byebnkra7t2mnsfk519','9c:87:21:13:d4:60-3e:2e:31:8e:41:bb-5e:3c:6b:91:90:9c',203,106,188,2,NULL,NULL,'2015-11-04','2016-08-27',NULL,NULL,'890.00',0,0,1,0,1,1,NULL,NULL,NULL,NULL,NULL,'--- !ruby/hash:ActiveSupport::HashWithIndifferentAccess\nanschaffungskategorie: AV-Technik\nreference: invoice\numzug: zgeln\nankunftszustand: intakt\n','2016-08-27 15:45:50','2016-08-27 15:45:50'),(199,'09oadhfwfaza9hkv1us4520','49:67:6b:90:29:3f-f0:e4:84:cd:eb:ac-a0:63:9f:b7:5f:a3',203,107,189,8,NULL,NULL,'2014-05-17','2016-08-27',NULL,NULL,'1329.00',0,0,1,0,1,1,NULL,NULL,NULL,NULL,NULL,'--- !ruby/hash:ActiveSupport::HashWithIndifferentAccess\nanschaffungskategorie: AV-Technik\nreference: invoice\numzug: zgeln\nankunftszustand: intakt\n','2016-08-27 15:45:50','2016-08-27 15:45:50'),(200,'56e3r5lg37ifrdmh7lgn521','60:e2:cd:36:41:ee-c1:16:ca:44:18:ca-08:7f:aa:57:11:6d',203,108,190,2,NULL,NULL,'2015-11-06','2016-08-27',NULL,NULL,'1417.00',0,0,1,0,1,1,NULL,NULL,NULL,NULL,NULL,'--- !ruby/hash:ActiveSupport::HashWithIndifferentAccess\nanschaffungskategorie: AV-Technik\nreference: invoice\numzug: zgeln\nankunftszustand: intakt\n','2016-08-27 15:45:50','2016-08-27 15:45:50'),(201,'xxplktqwwqwtagfedsfy522','24:62:4c:2b:f8:51-70:b5:43:4f:77:e7-41:c1:7e:7c:8a:b9',207,109,191,3,NULL,NULL,'2015-08-05','2016-08-27',NULL,NULL,'859.00',0,0,1,0,1,1,NULL,NULL,NULL,NULL,NULL,'--- !ruby/hash:ActiveSupport::HashWithIndifferentAccess\nanschaffungskategorie: AV-Technik\nreference: invoice\numzug: zgeln\nankunftszustand: intakt\n','2016-08-27 15:45:50','2016-08-27 15:45:50'),(202,'8e7cxks1c36a7onohy49523','d8:c2:cf:f1:86:0c-e4:a7:b9:5e:cf:78-ce:e1:7c:2d:fb:69',208,110,192,9,NULL,NULL,'2015-03-03','2016-08-27',NULL,NULL,'25.00',0,0,1,0,1,1,NULL,NULL,NULL,NULL,NULL,'--- !ruby/hash:ActiveSupport::HashWithIndifferentAccess\nanschaffungskategorie: AV-Technik\nreference: invoice\numzug: zgeln\nankunftszustand: intakt\n','2016-08-27 15:45:50','2016-08-27 15:45:50'),(203,'59tgvk5k0jnk21zzlk65524','b7:a2:13:51:65:c4-7c:90:76:3e:73:9d-30:fb:44:23:b6:ef',209,111,193,8,NULL,NULL,'2011-09-11','2016-08-27',NULL,NULL,'988.00',0,0,1,0,1,1,NULL,NULL,NULL,NULL,NULL,'--- !ruby/hash:ActiveSupport::HashWithIndifferentAccess\nanschaffungskategorie: AV-Technik\nreference: invoice\numzug: zgeln\nankunftszustand: intakt\n','2016-08-27 15:45:50','2016-08-27 15:45:50'),(204,'7d9r64rbuueg6lrpdi5u525','d6:b8:b1:7e:63:a2-24:d5:76:66:67:ce-25:bb:a8:c5:e3:01',210,112,194,1,NULL,NULL,'2013-01-09','2016-08-27',NULL,NULL,'445.00',0,0,1,0,1,1,NULL,NULL,NULL,NULL,NULL,'--- !ruby/hash:ActiveSupport::HashWithIndifferentAccess\nanschaffungskategorie: AV-Technik\nreference: invoice\numzug: zgeln\nankunftszustand: intakt\n','2016-08-27 15:45:50','2016-08-27 15:45:50'),(205,'uf7mb2s244hr2u7oxt8y526','6c:cb:59:cf:a1:4e-4e:b3:38:58:4a:20-0e:7b:9c:cf:aa:5f',211,113,195,11,NULL,NULL,'2014-03-20','2016-08-27',NULL,NULL,'1452.00',0,0,1,0,1,1,NULL,NULL,NULL,NULL,NULL,'--- !ruby/hash:ActiveSupport::HashWithIndifferentAccess\nanschaffungskategorie: AV-Technik\nreference: invoice\numzug: zgeln\nankunftszustand: intakt\n','2016-08-27 15:45:50','2016-08-27 15:45:50'),(206,'1kb8ksftd09g5w2rtlxl527','bb:26:92:d8:eb:2a-e9:2d:b6:bd:a5:97-b0:0d:d7:d4:9d:bd',212,114,196,3,NULL,NULL,'2011-04-12','2016-08-27',NULL,NULL,'57.00',0,0,1,0,1,1,NULL,NULL,NULL,NULL,NULL,'--- !ruby/hash:ActiveSupport::HashWithIndifferentAccess\nanschaffungskategorie: AV-Technik\nreference: invoice\numzug: zgeln\nankunftszustand: intakt\n','2016-08-27 15:45:50','2016-08-27 15:45:50'),(207,'yyl6sccdregloqfyamoe528','40:8d:5d:dc:10:ad-c6:99:d1:77:f7:7f-f3:52:40:22:ea:82',213,115,197,8,NULL,NULL,'2015-06-08','2016-08-27',NULL,NULL,'731.00',0,0,1,0,1,1,NULL,NULL,NULL,NULL,NULL,'--- !ruby/hash:ActiveSupport::HashWithIndifferentAccess\nanschaffungskategorie: AV-Technik\nreference: invoice\numzug: zgeln\nankunftszustand: intakt\n','2016-08-27 15:45:50','2016-08-27 15:45:50'),(208,'m2ibcka17f7vndy36uyg529','1f:6e:08:68:7e:95-52:f5:0d:bb:ab:c5-06:cb:42:e0:07:c8',214,116,198,7,NULL,NULL,'2011-01-28','2016-08-27',NULL,NULL,'1267.00',0,0,1,0,1,1,NULL,NULL,NULL,NULL,NULL,'--- !ruby/hash:ActiveSupport::HashWithIndifferentAccess\nanschaffungskategorie: AV-Technik\nreference: invoice\numzug: zgeln\nankunftszustand: intakt\n','2016-08-27 15:45:50','2016-08-27 15:45:50'),(209,'mg8xou01w7sr13m38crq530','af:08:5e:da:99:33-70:90:1f:da:f3:f4-fa:be:6b:92:69:ea',215,117,199,1,NULL,NULL,'2015-06-19','2016-08-27',NULL,NULL,'1222.00',0,0,1,0,1,1,NULL,NULL,NULL,NULL,NULL,'--- !ruby/hash:ActiveSupport::HashWithIndifferentAccess\nanschaffungskategorie: AV-Technik\nreference: invoice\numzug: zgeln\nankunftszustand: intakt\n','2016-08-27 15:45:50','2016-08-27 15:45:50'),(210,'v4ft441nvwjgvz0fbepy531','df:e8:89:f6:d2:93-b9:e4:e1:f6:f9:6f-52:bd:ed:2c:15:e8',216,118,200,4,NULL,NULL,'2011-12-05','2016-08-27',NULL,NULL,'50.00',0,0,1,0,1,1,NULL,NULL,NULL,NULL,NULL,'--- !ruby/hash:ActiveSupport::HashWithIndifferentAccess\nanschaffungskategorie: AV-Technik\nreference: invoice\numzug: zgeln\nankunftszustand: intakt\n','2016-08-27 15:45:50','2016-08-27 15:45:50'),(211,'ncy588rmyg8s4kdwqazi532','ef:61:b8:f5:88:1e-f0:0f:ec:b8:e6:e1-67:a3:76:0d:84:81',217,119,201,1,NULL,NULL,'2011-07-26','2016-08-27',NULL,NULL,'470.00',0,0,1,0,1,1,NULL,NULL,NULL,NULL,NULL,'--- !ruby/hash:ActiveSupport::HashWithIndifferentAccess\nanschaffungskategorie: AV-Technik\nreference: invoice\numzug: zgeln\nankunftszustand: intakt\n','2016-08-27 15:45:50','2016-08-27 15:45:50'),(212,'li71drakhx3511m54ja7533','ec:84:87:ae:ab:7e-32:ca:d7:e8:be:30-ef:29:73:e0:f1:89',218,120,202,3,NULL,NULL,'2015-11-23','2016-08-27',NULL,NULL,'1166.00',0,0,1,0,1,1,NULL,NULL,NULL,NULL,NULL,'--- !ruby/hash:ActiveSupport::HashWithIndifferentAccess\nanschaffungskategorie: AV-Technik\nreference: invoice\numzug: zgeln\nankunftszustand: intakt\n','2016-08-27 15:45:50','2016-08-27 15:45:50'),(213,'vuhlj3sjizs73b43cula534','17:61:7f:98:46:36-77:86:b9:61:6e:93-9d:67:66:7c:d3:b7',219,121,203,3,NULL,NULL,'2014-02-24','2016-08-27',NULL,NULL,'903.00',0,0,1,0,1,1,NULL,NULL,NULL,NULL,NULL,'--- !ruby/hash:ActiveSupport::HashWithIndifferentAccess\nanschaffungskategorie: AV-Technik\nreference: invoice\numzug: zgeln\nankunftszustand: intakt\n','2016-08-27 15:45:50','2016-08-27 15:45:50'),(214,'p0wjadj8a7lzgk2pfhcg535','4c:6d:53:4e:31:aa-ee:55:9b:ee:6f:9e-8f:c7:44:b7:7b:18',220,122,204,1,NULL,NULL,'2011-03-12','2016-08-27',NULL,NULL,'433.00',0,0,1,0,1,1,NULL,NULL,NULL,NULL,NULL,'--- !ruby/hash:ActiveSupport::HashWithIndifferentAccess\nanschaffungskategorie: AV-Technik\nreference: invoice\numzug: zgeln\nankunftszustand: intakt\n','2016-08-27 15:45:50','2016-08-27 15:45:50'),(215,'526dz3wj6x13uiq0cxa8536','8f:1e:30:10:5e:b2-d4:c8:cd:5d:ae:de-45:d2:5c:53:02:9b',221,NULL,NULL,1,NULL,NULL,NULL,NULL,NULL,NULL,NULL,0,0,1,0,1,0,NULL,NULL,NULL,NULL,NULL,'--- !ruby/hash:ActiveSupport::HashWithIndifferentAccess\nlicense_type: single_workplace\nactivation_type: serial_number\noperating_system:\n- windows\n- linux\ninstallation:\n- citrix\n- web\nprocured_by: Selina Murazik\nreference: invoice\nmaintenance_contract: \'false\'\n','2016-08-27 15:45:50','2016-08-27 15:45:50'),(216,'e1w3w2f0na7496lw5uim537','33:76:73:e5:15:81-af:5b:95:35:24:28-33:7d:93:0d:ae:a5',222,123,205,2,NULL,NULL,'2013-10-10','2016-08-22',NULL,NULL,'1309.00',0,0,1,0,2,1,NULL,NULL,NULL,NULL,NULL,'--- !ruby/hash:ActiveSupport::HashWithIndifferentAccess\nanschaffungskategorie: AV-Technik\nreference: invoice\numzug: zgeln\nankunftszustand: intakt\n','2016-08-22 00:00:00','2016-08-22 00:00:00'),(217,'okw032nz4ibpmuz9khg8538','50:1e:38:35:bd:df-d0:18:34:e9:cb:38-58:f5:fa:7f:f8:ff',222,124,206,1,NULL,NULL,'2013-11-15','2016-08-22',NULL,NULL,'134.00',0,0,1,0,2,1,NULL,NULL,NULL,NULL,NULL,'--- !ruby/hash:ActiveSupport::HashWithIndifferentAccess\nanschaffungskategorie: AV-Technik\nreference: invoice\numzug: zgeln\nankunftszustand: intakt\n','2016-08-22 00:00:00','2016-08-22 00:00:00'),(218,'ixltbsg4tedgkpl2brmj539','d7:f6:f2:25:fe:2e-87:a3:8f:9a:86:bb-32:23:2e:88:bb:0e',222,125,207,7,NULL,NULL,'2012-09-04','2016-08-22',NULL,NULL,'376.00',0,0,1,0,2,1,NULL,NULL,NULL,NULL,NULL,'--- !ruby/hash:ActiveSupport::HashWithIndifferentAccess\nanschaffungskategorie: AV-Technik\nreference: invoice\numzug: zgeln\nankunftszustand: intakt\n','2016-08-22 00:00:00','2016-08-22 00:00:00'),(219,'92xbcfr2i9fo803634lf540','6b:05:49:f6:f3:4f-84:96:04:ee:ff:d3-65:d7:54:70:f5:13',226,126,208,1,NULL,NULL,'2013-11-25','2016-08-27','2016-08-27','Reprehenderit sit dolores totam.','363.00',0,0,1,0,1,1,NULL,NULL,NULL,NULL,NULL,'--- !ruby/hash:ActiveSupport::HashWithIndifferentAccess\nanschaffungskategorie: AV-Technik\nreference: invoice\numzug: zgeln\nankunftszustand: intakt\n','2016-08-27 15:45:50','2016-08-27 15:45:50'),(220,'yn0v92p9mnfsite208x6541','e6:e3:e5:69:a9:e8-0f:8e:61:c7:65:00-58:4e:7d:6c:74:8b',227,127,209,2,NULL,NULL,'2013-01-13','2016-08-27',NULL,NULL,'507.00',0,0,1,0,2,1,NULL,NULL,NULL,NULL,NULL,'--- !ruby/hash:ActiveSupport::HashWithIndifferentAccess\nanschaffungskategorie: AV-Technik\nreference: invoice\numzug: zgeln\nankunftszustand: intakt\n','2016-08-27 15:45:50','2016-08-27 15:45:50'),(221,'qfag1ijquuu7k67wc542542','2f:c4:8c:0f:b6:89-f0:4f:7d:c5:97:d4-68:06:ee:60:d7:a4',228,128,210,1,NULL,NULL,'2015-05-24','2016-08-27',NULL,NULL,'188.00',0,0,1,0,12,1,NULL,NULL,NULL,NULL,NULL,'--- !ruby/hash:ActiveSupport::HashWithIndifferentAccess\nanschaffungskategorie: AV-Technik\nreference: invoice\numzug: zgeln\nankunftszustand: intakt\n','2016-08-27 15:45:50','2016-08-27 15:45:50'),(222,'e0y3hfksthwrj50jnk4e543','a5:91:1c:7a:93:c7-43:d6:e5:98:b3:be-7e:b1:23:a4:51:de',229,129,211,12,NULL,NULL,'2011-05-23','2016-08-27',NULL,NULL,'533.00',0,0,1,0,1,1,NULL,NULL,NULL,NULL,NULL,'--- !ruby/hash:ActiveSupport::HashWithIndifferentAccess\nanschaffungskategorie: AV-Technik\nreference: invoice\numzug: zgeln\nankunftszustand: intakt\n','2016-08-27 15:45:50','2016-08-27 15:45:50'),(223,'px1fwwny8i6obkvnxnjx544','3f:96:a2:77:c5:86-56:25:df:b8:e0:8d-2b:12:eb:4e:22:e5',230,130,212,12,NULL,NULL,'2012-07-29','2016-08-27',NULL,NULL,'1322.00',0,0,1,0,1,1,NULL,NULL,NULL,NULL,NULL,'--- !ruby/hash:ActiveSupport::HashWithIndifferentAccess\nanschaffungskategorie: AV-Technik\nreference: invoice\numzug: zgeln\nankunftszustand: intakt\n','2016-08-27 15:45:50','2016-08-27 15:45:50'),(224,'vqnr1c305v50kbj17nh1545','db:fb:91:91:08:44-0d:5a:5e:df:89:59-86:20:29:a7:72:4a',231,131,213,9,NULL,NULL,'2011-11-05','2016-08-27',NULL,NULL,'352.00',0,0,1,0,1,1,NULL,NULL,NULL,NULL,NULL,'--- !ruby/hash:ActiveSupport::HashWithIndifferentAccess\nanschaffungskategorie: AV-Technik\nreference: invoice\numzug: zgeln\nankunftszustand: intakt\n','2016-08-27 15:45:50','2016-08-27 15:45:50'),(225,'myjitltioykoxc5bw01t546','7c:50:62:17:ee:4c-8e:03:ea:62:dc:d9-1d:52:d9:17:91:ca',232,132,214,11,NULL,NULL,'2014-06-13','2016-08-27',NULL,NULL,'981.00',0,0,1,0,1,1,NULL,NULL,NULL,NULL,NULL,'--- !ruby/hash:ActiveSupport::HashWithIndifferentAccess\nanschaffungskategorie: AV-Technik\nreference: invoice\numzug: zgeln\nankunftszustand: intakt\n','2016-08-27 15:45:50','2016-08-27 15:45:50'),(226,'hh5sd5t27uvd29rsvvh0547','70:e8:4f:f1:71:5c-ab:7b:9b:74:5a:19-6d:6c:e9:42:e2:8a',233,133,215,8,NULL,NULL,'2015-07-27','2016-08-27',NULL,NULL,'635.00',0,0,1,0,1,1,NULL,NULL,NULL,NULL,NULL,'--- !ruby/hash:ActiveSupport::HashWithIndifferentAccess\nanschaffungskategorie: AV-Technik\nreference: invoice\numzug: zgeln\nankunftszustand: intakt\n','2016-08-27 15:45:50','2016-08-27 15:45:50'),(227,'4epiuz6tjvk5einwx9a1548','f6:66:c4:b7:f7:1c-24:64:61:74:cb:4d-e0:77:9d:72:ab:ab',234,134,216,4,NULL,NULL,'2012-12-10','2016-08-27',NULL,NULL,'1056.00',0,0,1,0,1,1,NULL,NULL,NULL,NULL,NULL,'--- !ruby/hash:ActiveSupport::HashWithIndifferentAccess\nanschaffungskategorie: AV-Technik\nreference: invoice\numzug: zgeln\nankunftszustand: intakt\n','2016-08-27 15:45:50','2016-08-27 15:45:50'),(228,'ydh4vai2595v8e7kdlxu549','80:4e:d0:e2:ca:de-04:31:48:0c:31:68-37:c6:09:4f:42:b0',235,135,217,8,NULL,NULL,'2014-03-15','2016-08-27',NULL,NULL,'1038.00',0,0,1,0,1,1,NULL,NULL,NULL,NULL,NULL,'--- !ruby/hash:ActiveSupport::HashWithIndifferentAccess\nanschaffungskategorie: AV-Technik\nreference: invoice\numzug: zgeln\nankunftszustand: intakt\n','2016-08-27 15:45:50','2016-08-27 15:45:50'),(229,'kp8n6gjzjgwfwmhqb4b2550','04:b5:7f:9d:2a:99-db:c7:13:d8:fa:10-70:e7:95:20:e5:29',236,136,218,6,NULL,NULL,'2011-10-02','2016-08-27',NULL,NULL,'923.00',0,0,1,0,1,1,NULL,NULL,NULL,NULL,NULL,'--- !ruby/hash:ActiveSupport::HashWithIndifferentAccess\nanschaffungskategorie: AV-Technik\nreference: invoice\numzug: zgeln\nankunftszustand: intakt\n','2016-08-27 15:45:50','2016-08-27 15:45:50'),(230,'w5cynivtg1bl4hqzhay3551','11:6b:90:a8:b3:56-82:a2:2d:13:80:3f-b6:a7:03:02:93:5c',237,137,219,12,NULL,NULL,'2011-03-16','2016-08-27',NULL,NULL,'1259.00',0,0,1,0,1,1,NULL,NULL,NULL,NULL,NULL,'--- !ruby/hash:ActiveSupport::HashWithIndifferentAccess\nanschaffungskategorie: AV-Technik\nreference: invoice\numzug: zgeln\nankunftszustand: intakt\n','2016-08-27 15:45:50','2016-08-27 15:45:50'),(231,'8w857rnt9gcozouv27de552','9c:27:76:15:ce:aa-11:9b:f6:82:b6:63-d0:8a:a0:7f:f5:bc',238,138,220,12,NULL,NULL,'2015-07-22','2016-08-22',NULL,NULL,'1448.00',0,0,1,0,1,1,NULL,NULL,NULL,NULL,NULL,'--- !ruby/hash:ActiveSupport::HashWithIndifferentAccess\nanschaffungskategorie: AV-Technik\nreference: invoice\numzug: zgeln\nankunftszustand: intakt\n','2016-08-22 00:00:00','2016-08-22 00:00:00'),(232,'1jcu4ygilkemh8276wu6553','f0:5a:1f:0b:dd:16-6a:5b:81:40:7a:d5-bb:a8:b4:82:fa:14',239,139,221,9,NULL,NULL,'2012-06-13','2016-08-22',NULL,NULL,'1059.00',0,0,1,0,1,1,NULL,NULL,NULL,NULL,NULL,'--- !ruby/hash:ActiveSupport::HashWithIndifferentAccess\nanschaffungskategorie: AV-Technik\nreference: invoice\numzug: zgeln\nankunftszustand: intakt\n','2016-08-22 00:00:00','2016-08-22 00:00:00'),(233,'s8l79ymqx9pujguw59hy554','2f:0e:d2:ba:8c:6d-f1:4e:bf:5a:45:ea-c9:a4:33:d2:36:9d',240,140,222,9,NULL,NULL,'2013-12-23','2016-08-22',NULL,NULL,'52.00',0,0,1,0,1,1,NULL,NULL,NULL,NULL,NULL,'--- !ruby/hash:ActiveSupport::HashWithIndifferentAccess\nanschaffungskategorie: AV-Technik\nreference: invoice\numzug: zgeln\nankunftszustand: intakt\n','2016-08-22 00:00:00','2016-08-22 00:00:00'),(234,'5ttr3npxxh8ibx20m2da555','69:6e:ba:c1:59:e3-5e:4c:79:8c:7b:ca-6d:7d:55:be:30:06',241,141,223,8,NULL,NULL,'2014-08-03','2016-08-27',NULL,NULL,'869.00',0,0,1,0,2,1,NULL,NULL,NULL,NULL,NULL,'--- !ruby/hash:ActiveSupport::HashWithIndifferentAccess\nanschaffungskategorie: AV-Technik\nreference: invoice\numzug: zgeln\nankunftszustand: intakt\n','2016-08-27 15:45:50','2016-08-27 15:45:50'),(235,'36work0sv5w99bdku239556','dd:28:96:28:94:f9-fb:59:cb:09:b5:d5-ba:59:a2:78:bb:b0',241,142,224,6,NULL,NULL,'2011-05-31','2016-08-27',NULL,NULL,'29.00',0,0,1,0,2,1,NULL,NULL,NULL,NULL,NULL,'--- !ruby/hash:ActiveSupport::HashWithIndifferentAccess\nanschaffungskategorie: AV-Technik\nreference: invoice\numzug: zgeln\nankunftszustand: intakt\n','2016-08-27 15:45:50','2016-08-27 15:45:50'),(236,'y7p8b4clk0u505ojz3dx557','b7:c8:c9:7c:01:d8-ae:5d:8d:4f:ef:56-1c:15:0c:a3:2a:34',241,143,225,7,NULL,NULL,'2013-06-28','2016-08-27',NULL,NULL,'1282.00',0,0,1,0,2,1,NULL,NULL,NULL,NULL,NULL,'--- !ruby/hash:ActiveSupport::HashWithIndifferentAccess\nanschaffungskategorie: AV-Technik\nreference: invoice\numzug: zgeln\nankunftszustand: intakt\n','2016-08-27 15:45:50','2016-08-27 15:45:50'),(237,'esx2j92nhis9tvl07klw558','c0:8c:3b:48:7f:6b-3b:be:01:b1:4d:f9-61:53:27:fb:ca:d4',245,144,226,4,NULL,NULL,'2015-10-10','2016-08-27',NULL,NULL,'7.00',0,0,1,0,2,1,NULL,NULL,NULL,NULL,NULL,'--- !ruby/hash:ActiveSupport::HashWithIndifferentAccess\nanschaffungskategorie: AV-Technik\nreference: invoice\numzug: zgeln\nankunftszustand: intakt\n','2016-08-27 15:45:50','2016-08-27 15:45:50'),(238,'xcrazrm0malio69rmd0t559','66:2e:66:c2:0a:b8-cf:24:45:0e:f6:5d-98:e1:2d:74:dc:51',245,145,227,3,NULL,NULL,'2013-01-07','2016-08-27',NULL,NULL,'1148.00',0,0,1,0,2,1,NULL,NULL,NULL,NULL,NULL,'--- !ruby/hash:ActiveSupport::HashWithIndifferentAccess\nanschaffungskategorie: AV-Technik\nreference: invoice\numzug: zgeln\nankunftszustand: intakt\n','2016-08-27 15:45:50','2016-08-27 15:45:50'),(239,'lppv530ojc8jtj5zwhum560','ea:70:17:13:92:4c-44:38:0e:dd:33:27-83:3d:ed:34:2d:7a',245,146,228,10,NULL,NULL,'2015-07-05','2016-08-27',NULL,NULL,'603.00',0,0,1,0,2,1,NULL,NULL,NULL,NULL,NULL,'--- !ruby/hash:ActiveSupport::HashWithIndifferentAccess\nanschaffungskategorie: AV-Technik\nreference: invoice\numzug: zgeln\nankunftszustand: intakt\n','2016-08-27 15:45:50','2016-08-27 15:45:50'),(240,'u81wa9uenqoj0bcajzpu561','b0:86:48:f9:cd:be-68:48:87:c2:89:fd-6f:21:db:c2:24:c4',249,147,229,5,NULL,NULL,'2012-03-17','2016-08-27',NULL,NULL,'764.00',0,0,1,0,2,1,NULL,NULL,NULL,NULL,NULL,'--- !ruby/hash:ActiveSupport::HashWithIndifferentAccess\nanschaffungskategorie: AV-Technik\nreference: invoice\numzug: zgeln\nankunftszustand: intakt\n','2016-08-27 15:45:50','2016-08-27 15:45:50'),(241,'qkwqb8n6e960gvxfm834562','2e:0f:05:da:2d:a8-fd:c6:da:53:20:16-b9:ef:66:ab:c8:4c',249,148,230,11,NULL,NULL,'2013-10-26','2016-08-27',NULL,NULL,'822.00',0,0,1,0,2,1,NULL,NULL,NULL,NULL,NULL,'--- !ruby/hash:ActiveSupport::HashWithIndifferentAccess\nanschaffungskategorie: AV-Technik\nreference: invoice\numzug: zgeln\nankunftszustand: intakt\n','2016-08-27 15:45:50','2016-08-27 15:45:50'),(242,'8a8cbafivygbjwp8os4n563','cf:13:4f:05:22:fe-d5:0a:b9:ff:d5:3e-0a:06:df:b2:47:33',249,149,231,10,NULL,NULL,'2014-09-30','2016-08-27',NULL,NULL,'381.00',0,0,1,0,2,1,NULL,NULL,NULL,NULL,NULL,'--- !ruby/hash:ActiveSupport::HashWithIndifferentAccess\nanschaffungskategorie: AV-Technik\nreference: invoice\numzug: zgeln\nankunftszustand: intakt\n','2016-08-27 15:45:50','2016-08-27 15:45:50'),(243,'fcvvtwmq4znqpgjdngf9564','6a:b7:6b:be:d5:cc-ec:e1:4d:e2:b0:e6-05:5b:66:86:e1:ca',253,150,232,12,NULL,NULL,'2015-07-01','2016-08-27',NULL,NULL,'1131.00',0,0,1,0,2,1,NULL,NULL,NULL,NULL,NULL,'--- !ruby/hash:ActiveSupport::HashWithIndifferentAccess\nanschaffungskategorie: AV-Technik\nreference: invoice\numzug: zgeln\nankunftszustand: intakt\n','2016-08-27 15:45:50','2016-08-27 15:45:50'),(244,'juqt7fv1nfq69v1e62qy565','00:99:27:db:32:62-0e:08:20:ce:d9:a5-1a:50:08:a9:53:0c',253,151,233,10,NULL,NULL,'2014-08-16','2016-08-27',NULL,NULL,'589.00',0,0,1,0,2,1,NULL,NULL,NULL,NULL,NULL,'--- !ruby/hash:ActiveSupport::HashWithIndifferentAccess\nanschaffungskategorie: AV-Technik\nreference: invoice\numzug: zgeln\nankunftszustand: intakt\n','2016-08-27 15:45:50','2016-08-27 15:45:50'),(245,'c38yam43nd4eafo92uan566','78:f6:36:30:bc:c2-df:06:42:97:fe:c1-46:74:c1:67:7c:fc',253,152,234,4,NULL,NULL,'2011-12-23','2016-08-27',NULL,NULL,'390.00',0,0,1,0,2,1,NULL,NULL,NULL,NULL,NULL,'--- !ruby/hash:ActiveSupport::HashWithIndifferentAccess\nanschaffungskategorie: AV-Technik\nreference: invoice\numzug: zgeln\nankunftszustand: intakt\n','2016-08-27 15:45:50','2016-08-27 15:45:50'),(246,'ssfy4elzyeejs7nj0ksf567','85:60:a3:9b:b3:80-97:77:de:c4:0f:d1-84:6c:43:2c:6e:95',257,153,235,3,NULL,NULL,'2012-10-16','2016-08-27',NULL,NULL,'185.00',0,0,1,0,2,1,NULL,NULL,NULL,NULL,NULL,'--- !ruby/hash:ActiveSupport::HashWithIndifferentAccess\nanschaffungskategorie: AV-Technik\nreference: invoice\numzug: zgeln\nankunftszustand: intakt\n','2016-08-27 15:45:50','2016-08-27 15:45:50'),(247,'56n0pg0c29j34rsvxoat568','07:80:05:8f:71:6f-95:1d:4f:e3:ef:0b-b4:5c:14:9b:c1:d8',257,154,236,6,NULL,NULL,'2012-01-24','2016-08-27',NULL,NULL,'1019.00',0,0,1,0,2,1,NULL,NULL,NULL,NULL,NULL,'--- !ruby/hash:ActiveSupport::HashWithIndifferentAccess\nanschaffungskategorie: AV-Technik\nreference: invoice\numzug: zgeln\nankunftszustand: intakt\n','2016-08-27 15:45:50','2016-08-27 15:45:50'),(248,'1x2g6a6iw1dahqy8letd569','d6:2b:f7:ce:21:e0-db:b4:ac:8c:27:5b-8e:03:aa:50:aa:dc',257,155,237,5,NULL,NULL,'2012-11-29','2016-08-27',NULL,NULL,'817.00',0,0,1,0,2,1,NULL,NULL,NULL,NULL,NULL,'--- !ruby/hash:ActiveSupport::HashWithIndifferentAccess\nanschaffungskategorie: AV-Technik\nreference: invoice\numzug: zgeln\nankunftszustand: intakt\n','2016-08-27 15:45:50','2016-08-27 15:45:50'),(249,'cvmd6eqdoclgv3tymx6r570','d6:6a:d5:bb:10:d6-91:57:67:4f:d8:31-75:e8:22:e1:4b:22',261,156,238,6,NULL,NULL,'2012-07-11','2016-08-27',NULL,NULL,'63.00',0,0,1,0,1,1,NULL,NULL,NULL,NULL,NULL,'--- !ruby/hash:ActiveSupport::HashWithIndifferentAccess\nanschaffungskategorie: AV-Technik\nreference: invoice\numzug: zgeln\nankunftszustand: intakt\n','2016-08-27 15:45:50','2016-08-27 15:45:50'),(250,'kg4hm1lvjcmbfuzxj5e6571','31:0c:ae:eb:51:67-52:2e:83:01:36:48-ec:85:cc:44:85:6b',261,157,239,5,NULL,NULL,'2014-10-17','2016-08-27',NULL,NULL,'36.00',0,0,1,0,1,1,NULL,NULL,NULL,NULL,NULL,'--- !ruby/hash:ActiveSupport::HashWithIndifferentAccess\nanschaffungskategorie: AV-Technik\nreference: invoice\numzug: zgeln\nankunftszustand: intakt\n','2016-08-27 15:45:50','2016-08-27 15:45:50'),(251,'mslyk27bl7e47r9ol3ij572','7b:fd:91:bd:bb:d3-27:b7:0f:61:77:75-b6:7a:d4:0d:ee:2e',261,158,240,9,NULL,NULL,'2012-07-17','2016-08-27',NULL,NULL,'202.00',0,0,1,0,1,1,NULL,NULL,NULL,NULL,NULL,'--- !ruby/hash:ActiveSupport::HashWithIndifferentAccess\nanschaffungskategorie: AV-Technik\nreference: invoice\numzug: zgeln\nankunftszustand: intakt\n','2016-08-27 15:45:50','2016-08-27 15:45:50'),(252,'wqsqvrp0hah18de0s7cx573','28:ec:50:cf:aa:5d-b5:f0:38:97:d8:c3-83:31:14:89:44:9f',265,159,241,12,NULL,NULL,'2015-11-27','2016-08-27',NULL,NULL,'1217.00',0,0,1,0,1,1,NULL,NULL,NULL,NULL,NULL,'--- !ruby/hash:ActiveSupport::HashWithIndifferentAccess\nanschaffungskategorie: AV-Technik\nreference: invoice\numzug: zgeln\nankunftszustand: intakt\n','2016-08-27 15:45:50','2016-08-27 15:45:50'),(253,'vjhtdwb49qcdbfjlcmb4574','74:a0:3a:d6:2a:a1-d8:84:dd:e4:03:1c-6a:5d:11:ff:6f:b5',265,160,242,7,NULL,NULL,'2012-07-17','2016-08-27',NULL,NULL,'788.00',0,0,1,0,1,1,NULL,NULL,NULL,NULL,NULL,'--- !ruby/hash:ActiveSupport::HashWithIndifferentAccess\nanschaffungskategorie: AV-Technik\nreference: invoice\numzug: zgeln\nankunftszustand: intakt\n','2016-08-27 15:45:50','2016-08-27 15:45:50'),(254,'66bywe67nl81tpgqgdom575','3c:ab:03:63:99:93-b1:94:99:96:da:01-2d:80:23:4d:5f:cf',265,161,243,2,NULL,NULL,'2015-12-12','2016-08-27',NULL,NULL,'953.00',0,0,1,0,1,1,NULL,NULL,NULL,NULL,NULL,'--- !ruby/hash:ActiveSupport::HashWithIndifferentAccess\nanschaffungskategorie: AV-Technik\nreference: invoice\numzug: zgeln\nankunftszustand: intakt\n','2016-08-27 15:45:50','2016-08-27 15:45:50'),(255,'s3wfxn0p96jqihe7gn1r576','55:c3:52:6d:4a:bb-3f:31:d9:2a:14:3c-ff:10:48:80:68:03',269,162,244,6,NULL,NULL,'2014-03-11','2016-08-27',NULL,NULL,'1141.00',0,0,1,0,1,1,NULL,NULL,NULL,NULL,NULL,'--- !ruby/hash:ActiveSupport::HashWithIndifferentAccess\nanschaffungskategorie: AV-Technik\nreference: invoice\numzug: zgeln\nankunftszustand: intakt\n','2016-08-27 15:45:50','2016-08-27 15:45:50'),(256,'2uzvljha9rymntrfse0f577','0c:7d:68:1e:f3:99-31:e5:08:65:ba:b7-e9:30:0d:6a:3f:97',269,163,245,6,NULL,NULL,'2014-12-31','2016-08-27',NULL,NULL,'1038.00',0,0,1,0,1,1,NULL,NULL,NULL,NULL,NULL,'--- !ruby/hash:ActiveSupport::HashWithIndifferentAccess\nanschaffungskategorie: AV-Technik\nreference: invoice\numzug: zgeln\nankunftszustand: intakt\n','2016-08-27 15:45:50','2016-08-27 15:45:50'),(257,'vn204vpiv2upr365lwgd578','c2:b6:05:7d:86:e0-21:d3:ad:e9:7a:da-56:5a:1e:54:23:c1',269,164,246,12,NULL,NULL,'2013-02-27','2016-08-27',NULL,NULL,'880.00',0,0,1,0,1,1,NULL,NULL,NULL,NULL,NULL,'--- !ruby/hash:ActiveSupport::HashWithIndifferentAccess\nanschaffungskategorie: AV-Technik\nreference: invoice\numzug: zgeln\nankunftszustand: intakt\n','2016-08-27 15:45:50','2016-08-27 15:45:50'),(258,'yzgkvqwjzza8y7bgyge8579','50:99:50:3b:1b:be-4f:a0:b3:a0:1c:95-0c:89:36:c0:d4:33',273,165,247,6,NULL,NULL,'2012-01-03','2016-08-27',NULL,NULL,'1.00',0,0,1,0,1,1,NULL,NULL,NULL,NULL,NULL,'--- !ruby/hash:ActiveSupport::HashWithIndifferentAccess\nanschaffungskategorie: AV-Technik\nreference: invoice\numzug: zgeln\nankunftszustand: intakt\n','2016-08-27 15:45:50','2016-08-27 15:45:50'),(259,'63db3umxjpqytkjvwfui580','f4:59:9f:58:33:b8-33:c1:3d:bd:94:40-3f:fb:2c:a7:6c:ec',273,166,248,8,NULL,NULL,'2012-11-21','2016-08-27',NULL,NULL,'352.00',0,0,1,0,1,1,NULL,NULL,NULL,NULL,NULL,'--- !ruby/hash:ActiveSupport::HashWithIndifferentAccess\nanschaffungskategorie: AV-Technik\nreference: invoice\numzug: zgeln\nankunftszustand: intakt\n','2016-08-27 15:45:50','2016-08-27 15:45:50'),(260,'fyw80p0524x88eyu4cud581','d0:04:8b:1c:5e:86-9b:40:a8:28:15:d9-d0:60:a8:57:66:9f',273,167,249,9,NULL,NULL,'2013-12-14','2016-08-27',NULL,NULL,'1288.00',0,0,1,0,1,1,NULL,NULL,NULL,NULL,NULL,'--- !ruby/hash:ActiveSupport::HashWithIndifferentAccess\nanschaffungskategorie: AV-Technik\nreference: invoice\numzug: zgeln\nankunftszustand: intakt\n','2016-08-27 15:45:50','2016-08-27 15:45:50'),(261,'1v66q5oq37u87e2rbhw5582','b5:e1:3c:9a:fa:b2-7e:be:ab:39:41:c1-b5:a3:bc:db:7f:2b',277,168,250,2,NULL,NULL,'2013-08-15','2016-08-27',NULL,NULL,'415.00',0,0,1,0,2,1,NULL,NULL,NULL,NULL,NULL,'--- !ruby/hash:ActiveSupport::HashWithIndifferentAccess\nanschaffungskategorie: AV-Technik\nreference: invoice\numzug: zgeln\nankunftszustand: intakt\n','2016-08-27 15:45:50','2016-08-27 15:45:50'),(262,'cekp6du6ssbwuy0qu2s8583','6b:85:2d:f0:ad:3b-85:ad:f4:6f:4c:05-0f:1c:9c:34:b1:63',277,169,251,2,NULL,NULL,'2014-10-17','2016-08-27',NULL,NULL,'231.00',0,0,1,0,2,1,NULL,NULL,NULL,NULL,NULL,'--- !ruby/hash:ActiveSupport::HashWithIndifferentAccess\nanschaffungskategorie: AV-Technik\nreference: invoice\numzug: zgeln\nankunftszustand: intakt\n','2016-08-27 15:45:50','2016-08-27 15:45:50'),(263,'p1rc235amhk46zfoq1zn584','7d:97:e0:a4:cc:46-c8:20:54:ae:48:33-61:72:33:50:94:05',277,170,252,10,NULL,NULL,'2012-10-22','2016-08-27',NULL,NULL,'1443.00',0,0,1,0,2,1,NULL,NULL,NULL,NULL,NULL,'--- !ruby/hash:ActiveSupport::HashWithIndifferentAccess\nanschaffungskategorie: AV-Technik\nreference: invoice\numzug: zgeln\nankunftszustand: intakt\n','2016-08-27 15:45:50','2016-08-27 15:45:50'),(264,'4corn57d7y8z2fi2m2f5585','47:06:a5:6b:75:b9-7c:91:41:a8:4e:96-a1:7a:5c:ef:1f:8c',281,171,253,3,NULL,NULL,'2014-11-02','2016-08-27',NULL,NULL,'211.00',0,0,1,0,2,1,NULL,NULL,NULL,NULL,NULL,'--- !ruby/hash:ActiveSupport::HashWithIndifferentAccess\nanschaffungskategorie: AV-Technik\nreference: invoice\numzug: zgeln\nankunftszustand: intakt\n','2016-08-27 15:45:50','2016-08-27 15:45:50'),(265,'52q0evxkowl93j12a5u0586','c9:80:57:31:cd:30-34:8c:ab:d1:4b:1c-d1:67:2a:7f:55:91',281,172,254,10,NULL,NULL,'2012-10-21','2016-08-27',NULL,NULL,'809.00',0,0,1,0,2,1,NULL,NULL,NULL,NULL,NULL,'--- !ruby/hash:ActiveSupport::HashWithIndifferentAccess\nanschaffungskategorie: AV-Technik\nreference: invoice\numzug: zgeln\nankunftszustand: intakt\n','2016-08-27 15:45:50','2016-08-27 15:45:50'),(266,'vn0mk0ws8f47znrcraz4587','c5:95:40:51:55:4c-ef:8e:c2:6a:19:6d-18:01:40:65:05:65',281,173,255,7,NULL,NULL,'2015-05-04','2016-08-27',NULL,NULL,'428.00',0,0,1,0,2,1,NULL,NULL,NULL,NULL,NULL,'--- !ruby/hash:ActiveSupport::HashWithIndifferentAccess\nanschaffungskategorie: AV-Technik\nreference: invoice\numzug: zgeln\nankunftszustand: intakt\n','2016-08-27 15:45:50','2016-08-27 15:45:50'),(267,'zo4m0nl9nred44am3woq588','60:d5:7d:7a:5e:f5-e3:1b:8d:0f:a5:d5-1b:18:6b:46:e9:db',285,174,256,5,NULL,NULL,'2014-10-01','2016-08-27',NULL,NULL,'678.00',0,0,1,0,2,1,NULL,NULL,NULL,NULL,NULL,'--- !ruby/hash:ActiveSupport::HashWithIndifferentAccess\nanschaffungskategorie: AV-Technik\nreference: invoice\numzug: zgeln\nankunftszustand: intakt\n','2016-08-27 15:45:50','2016-08-27 15:45:50'),(268,'3efllgl3223468lk3qvv589','96:54:ab:40:f5:3a-f5:3f:88:1f:be:7d-64:e0:d7:90:14:31',285,175,257,12,NULL,NULL,'2015-09-10','2016-08-27',NULL,NULL,'1085.00',0,0,1,0,2,1,NULL,NULL,NULL,NULL,NULL,'--- !ruby/hash:ActiveSupport::HashWithIndifferentAccess\nanschaffungskategorie: AV-Technik\nreference: invoice\numzug: zgeln\nankunftszustand: intakt\n','2016-08-27 15:45:50','2016-08-27 15:45:50'),(269,'3wihwk8axljsdzap05ma590','15:45:a3:d4:c3:3b-72:59:39:51:7e:fb-df:7e:d1:1c:b7:1e',285,176,258,12,NULL,NULL,'2011-06-24','2016-08-27',NULL,NULL,'1352.00',0,0,1,0,2,1,NULL,NULL,NULL,NULL,NULL,'--- !ruby/hash:ActiveSupport::HashWithIndifferentAccess\nanschaffungskategorie: AV-Technik\nreference: invoice\numzug: zgeln\nankunftszustand: intakt\n','2016-08-27 15:45:50','2016-08-27 15:45:50'),(270,'k7br7ibwu2mmqlr75aq0591','53:78:e0:4f:4d:1b-32:cb:87:c2:d9:07-0f:3a:41:06:8f:db',289,177,259,11,NULL,NULL,'2013-09-14','2016-08-27',NULL,NULL,'352.00',0,0,1,0,2,1,NULL,NULL,NULL,NULL,NULL,'--- !ruby/hash:ActiveSupport::HashWithIndifferentAccess\nanschaffungskategorie: AV-Technik\nreference: invoice\numzug: zgeln\nankunftszustand: intakt\n','2016-08-27 15:45:50','2016-08-27 15:45:50'),(271,'e0d81d570fwy0at1pti2592','55:74:dc:f9:d1:e0-16:dc:3d:c0:80:f8-ae:90:3e:11:20:00',289,178,260,8,NULL,NULL,'2015-12-01','2016-08-27',NULL,NULL,'1292.00',0,0,1,0,2,1,NULL,NULL,NULL,NULL,NULL,'--- !ruby/hash:ActiveSupport::HashWithIndifferentAccess\nanschaffungskategorie: AV-Technik\nreference: invoice\numzug: zgeln\nankunftszustand: intakt\n','2016-08-27 15:45:50','2016-08-27 15:45:50'),(272,'17hq6l7kreg9nshl9p55593','ac:4e:13:86:d9:f7-19:75:22:2a:f0:4d-21:3c:d4:3c:08:86',289,179,261,2,NULL,NULL,'2014-07-21','2016-08-27',NULL,NULL,'1491.00',0,0,1,0,2,1,NULL,NULL,NULL,NULL,NULL,'--- !ruby/hash:ActiveSupport::HashWithIndifferentAccess\nanschaffungskategorie: AV-Technik\nreference: invoice\numzug: zgeln\nankunftszustand: intakt\n','2016-08-27 15:45:50','2016-08-27 15:45:50'),(273,'4lutlebl4648s3sbxd6i594','e2:89:ce:80:d9:23-ac:26:5d:6e:e9:6e-99:91:1e:d2:af:c8',293,180,262,5,NULL,NULL,'2011-02-18','2016-08-27',NULL,NULL,'814.00',0,0,1,0,2,1,NULL,NULL,NULL,NULL,NULL,'--- !ruby/hash:ActiveSupport::HashWithIndifferentAccess\nanschaffungskategorie: AV-Technik\nreference: invoice\numzug: zgeln\nankunftszustand: intakt\n','2016-08-27 15:45:50','2016-08-27 15:45:50'),(274,'8x018qqfsb8x7k96y98l595','46:a5:53:fe:94:f8-5b:0d:ec:ed:8b:9b-fb:01:b3:68:bc:8f',293,181,263,3,NULL,NULL,'2015-10-29','2016-08-27',NULL,NULL,'1163.00',0,0,1,0,2,1,NULL,NULL,NULL,NULL,NULL,'--- !ruby/hash:ActiveSupport::HashWithIndifferentAccess\nanschaffungskategorie: AV-Technik\nreference: invoice\numzug: zgeln\nankunftszustand: intakt\n','2016-08-27 15:45:50','2016-08-27 15:45:50'),(275,'13qho5zn2qpa9kz6zkus596','c3:5f:07:27:a4:6c-9c:eb:a6:d3:cb:a6-03:51:54:61:3a:08',293,182,264,5,NULL,NULL,'2011-08-08','2016-08-27',NULL,NULL,'1438.00',0,0,1,0,2,1,NULL,NULL,NULL,NULL,NULL,'--- !ruby/hash:ActiveSupport::HashWithIndifferentAccess\nanschaffungskategorie: AV-Technik\nreference: invoice\numzug: zgeln\nankunftszustand: intakt\n','2016-08-27 15:45:50','2016-08-27 15:45:50'),(276,'1gy3hyop3omvfwxaxy5p597','ef:f1:39:1a:02:d9-94:0b:f4:9f:f6:b3-b5:14:47:69:d8:52',297,183,265,10,NULL,NULL,'2014-12-07','2016-08-27',NULL,NULL,'816.00',0,0,1,0,1,1,NULL,NULL,NULL,NULL,NULL,'--- !ruby/hash:ActiveSupport::HashWithIndifferentAccess\nanschaffungskategorie: AV-Technik\nreference: invoice\numzug: zgeln\nankunftszustand: intakt\n','2016-08-27 15:45:50','2016-08-27 15:45:50'),(277,'wxjoss8iwbmn2fla5hl1598','17:86:1a:64:c2:5d-b3:5d:4b:1f:c7:26-91:ff:4b:1a:f5:99',297,184,266,3,NULL,NULL,'2014-10-04','2016-08-27',NULL,NULL,'812.00',0,0,1,0,1,1,NULL,NULL,NULL,NULL,NULL,'--- !ruby/hash:ActiveSupport::HashWithIndifferentAccess\nanschaffungskategorie: AV-Technik\nreference: invoice\numzug: zgeln\nankunftszustand: intakt\n','2016-08-27 15:45:50','2016-08-27 15:45:50'),(278,'8w346ajd7fqffspllhx2599','36:e0:97:41:24:0a-fb:59:3b:17:f9:76-68:ea:e6:2b:b4:bb',297,185,267,2,NULL,NULL,'2015-01-01','2016-08-27',NULL,NULL,'506.00',0,0,1,0,1,1,NULL,NULL,NULL,NULL,NULL,'--- !ruby/hash:ActiveSupport::HashWithIndifferentAccess\nanschaffungskategorie: AV-Technik\nreference: invoice\numzug: zgeln\nankunftszustand: intakt\n','2016-08-27 15:45:50','2016-08-27 15:45:50'),(279,'zovipg20arqnnt542wno600','9e:88:21:ab:83:32-96:60:d8:f3:41:c8-58:80:44:b5:6e:b8',301,186,268,8,NULL,NULL,'2011-04-19','2016-08-27',NULL,NULL,'1318.00',0,0,1,0,1,1,NULL,NULL,NULL,NULL,NULL,'--- !ruby/hash:ActiveSupport::HashWithIndifferentAccess\nanschaffungskategorie: AV-Technik\nreference: invoice\numzug: zgeln\nankunftszustand: intakt\n','2016-08-27 15:45:50','2016-08-27 15:45:50'),(280,'v06umh6c8j6d27fuyjt4601','05:72:9a:ea:75:82-0f:c5:dd:d6:57:d4-b4:0d:61:ba:ac:6c',301,187,269,5,NULL,NULL,'2015-01-22','2016-08-27',NULL,NULL,'1165.00',0,0,1,0,1,1,NULL,NULL,NULL,NULL,NULL,'--- !ruby/hash:ActiveSupport::HashWithIndifferentAccess\nanschaffungskategorie: AV-Technik\nreference: invoice\numzug: zgeln\nankunftszustand: intakt\n','2016-08-27 15:45:50','2016-08-27 15:45:50'),(281,'q0ferjerf6ahouabd2ew602','5f:06:9a:59:38:fa-28:0b:55:c8:2f:51-67:d6:e3:32:ac:e1',301,188,270,10,NULL,NULL,'2013-07-30','2016-08-27',NULL,NULL,'1286.00',0,0,1,0,1,1,NULL,NULL,NULL,NULL,NULL,'--- !ruby/hash:ActiveSupport::HashWithIndifferentAccess\nanschaffungskategorie: AV-Technik\nreference: invoice\numzug: zgeln\nankunftszustand: intakt\n','2016-08-27 15:45:50','2016-08-27 15:45:50'),(282,'gmhjihew6xijs4nre8ad603','48:3f:b3:74:eb:d2-7f:7d:e0:c4:0f:84-c5:fa:bb:e8:7c:5b',305,189,271,4,NULL,NULL,'2014-03-07','2016-08-27',NULL,NULL,'1046.00',0,0,1,0,1,1,NULL,NULL,NULL,NULL,NULL,'--- !ruby/hash:ActiveSupport::HashWithIndifferentAccess\nanschaffungskategorie: AV-Technik\nreference: invoice\numzug: zgeln\nankunftszustand: intakt\n','2016-08-27 15:45:50','2016-08-27 15:45:50'),(283,'j8cpm66nvmbbzh2e4hv6604','94:57:8c:dc:d2:e9-e3:86:1b:09:1c:9e-cd:f1:d8:d1:97:ee',305,190,272,5,NULL,NULL,'2013-03-24','2016-08-27',NULL,NULL,'1434.00',0,0,1,0,1,1,NULL,NULL,NULL,NULL,NULL,'--- !ruby/hash:ActiveSupport::HashWithIndifferentAccess\nanschaffungskategorie: AV-Technik\nreference: invoice\numzug: zgeln\nankunftszustand: intakt\n','2016-08-27 15:45:50','2016-08-27 15:45:50'),(284,'mxj4rhp5ssrmm0afupdd605','66:5c:22:aa:aa:f9-30:96:b8:55:7d:bf-35:53:67:59:a5:35',305,191,273,2,NULL,NULL,'2014-03-19','2016-08-27',NULL,NULL,'852.00',0,0,1,0,1,1,NULL,NULL,NULL,NULL,NULL,'--- !ruby/hash:ActiveSupport::HashWithIndifferentAccess\nanschaffungskategorie: AV-Technik\nreference: invoice\numzug: zgeln\nankunftszustand: intakt\n','2016-08-27 15:45:50','2016-08-27 15:45:50'),(285,'tatirpmflbzkwfltwxvc606','78:4c:6c:e2:2b:6d-1f:34:46:b7:37:fb-3e:6d:0e:e3:32:18',309,NULL,274,1,NULL,NULL,'2014-09-04','2016-08-27',NULL,NULL,'1030.00',0,0,1,0,1,1,NULL,NULL,NULL,NULL,NULL,'--- !ruby/hash:ActiveSupport::HashWithIndifferentAccess\nanschaffungskategorie: AV-Technik\nreference: invoice\numzug: zgeln\nankunftszustand: intakt\n','2016-08-27 15:45:50','2016-08-27 15:45:50'),(286,'l1vzm3gddf0astl7l4j3607','b8:5e:de:1f:70:e2-40:0d:3c:c4:47:92-e7:5d:5b:8e:f5:73',310,192,275,1,NULL,NULL,'2013-01-14','2016-08-27',NULL,NULL,'717.00',0,0,1,0,1,1,NULL,NULL,NULL,NULL,NULL,'--- !ruby/hash:ActiveSupport::HashWithIndifferentAccess\nanschaffungskategorie: AV-Technik\nreference: invoice\numzug: zgeln\nankunftszustand: intakt\n','2016-08-27 15:45:50','2016-08-27 15:45:50'),(287,'jro166318nc54dzhro69608','9b:9e:d3:f3:56:64-e6:04:4f:d3:26:3f-d3:d3:37:75:b0:8b',311,NULL,NULL,1,NULL,NULL,NULL,NULL,NULL,NULL,NULL,0,0,0,0,2,0,NULL,NULL,NULL,NULL,NULL,'--- !ruby/hash:ActiveSupport::HashWithIndifferentAccess\noperating_system:\n- windows\n- linux\n- mac_os_x\nlicense_type: multiple_workplace\ntotal_quantity: 110\nreference: invoice\nactivation_type: none\nmaintenance_contract: \'false\'\n','2016-08-27 15:45:50','2016-08-27 15:45:50'),(288,'i6ssc75310qzvuselbqz609','e9:b9:29:27:40:5e-42:7e:44:7e:f7:a3-b8:68:c8:87:df:d4',312,193,276,7,NULL,NULL,'2014-12-13','2016-08-27',NULL,NULL,'471.00',0,0,1,0,1,1,NULL,NULL,NULL,NULL,NULL,'--- !ruby/hash:ActiveSupport::HashWithIndifferentAccess\nanschaffungskategorie: AV-Technik\nreference: invoice\numzug: zgeln\nankunftszustand: intakt\n','2016-08-27 15:45:50','2016-08-27 15:45:50'),(289,'bdazkd3non4efcmcliyc610','44:43:fd:da:96:ba-29:22:10:82:07:35-e5:80:91:b6:cb:e8',312,194,277,3,NULL,NULL,'2014-12-03','2016-08-27',NULL,NULL,'658.00',0,0,1,0,1,1,NULL,NULL,NULL,NULL,NULL,'--- !ruby/hash:ActiveSupport::HashWithIndifferentAccess\nanschaffungskategorie: AV-Technik\nreference: invoice\numzug: zgeln\nankunftszustand: intakt\n','2016-08-27 15:45:50','2016-08-27 15:45:50'),(290,'gw5x3vyujpl7mtbzqnup611','f4:e1:d3:63:d8:46-e9:ab:d3:6c:2d:7e-2a:3a:ab:57:4b:ae',312,195,278,7,NULL,NULL,'2011-12-10','2016-08-27',NULL,NULL,'1177.00',0,0,1,0,1,1,NULL,NULL,NULL,NULL,NULL,'--- !ruby/hash:ActiveSupport::HashWithIndifferentAccess\nanschaffungskategorie: AV-Technik\nreference: invoice\numzug: zgeln\nankunftszustand: intakt\n','2016-08-27 15:45:50','2016-08-27 15:45:50');
/*!40000 ALTER TABLE `items` ENABLE KEYS */;
UNLOCK TABLES;

--
-- Table structure for table `languages`
--

DROP TABLE IF EXISTS `languages`;
/*!40101 SET @saved_cs_client     = @@character_set_client */;
/*!40101 SET character_set_client = utf8 */;
CREATE TABLE `languages` (
  `id` int(11) NOT NULL AUTO_INCREMENT,
  `name` varchar(255) COLLATE utf8_unicode_ci DEFAULT NULL,
  `locale_name` varchar(255) COLLATE utf8_unicode_ci DEFAULT NULL,
  `default` tinyint(1) DEFAULT NULL,
  `active` tinyint(1) DEFAULT NULL,
  PRIMARY KEY (`id`),
  UNIQUE KEY `index_languages_on_name` (`name`),
  KEY `index_languages_on_active_and_default` (`active`,`default`)
) ENGINE=InnoDB AUTO_INCREMENT=5 DEFAULT CHARSET=utf8 COLLATE=utf8_unicode_ci;
/*!40101 SET character_set_client = @saved_cs_client */;

--
-- Dumping data for table `languages`
--

LOCK TABLES `languages` WRITE;
/*!40000 ALTER TABLE `languages` DISABLE KEYS */;
INSERT INTO `languages` VALUES (1,'English','en-GB',1,1),(2,'Deutsch','de-CH',0,1),(3,'Castellano','es',0,1),(4,'Zrittsch','gsw-CH',0,1);
/*!40000 ALTER TABLE `languages` ENABLE KEYS */;
UNLOCK TABLES;

--
-- Table structure for table `locations`
--

DROP TABLE IF EXISTS `locations`;
/*!40101 SET @saved_cs_client     = @@character_set_client */;
/*!40101 SET character_set_client = utf8 */;
CREATE TABLE `locations` (
  `id` int(11) NOT NULL AUTO_INCREMENT,
  `room` varchar(255) COLLATE utf8_unicode_ci DEFAULT NULL,
  `shelf` varchar(255) COLLATE utf8_unicode_ci DEFAULT NULL,
  `building_id` int(11) DEFAULT NULL,
  PRIMARY KEY (`id`),
  KEY `index_locations_on_building_id` (`building_id`),
  CONSTRAINT `locations_building_id_fk` FOREIGN KEY (`building_id`) REFERENCES `buildings` (`id`)
) ENGINE=InnoDB AUTO_INCREMENT=196 DEFAULT CHARSET=utf8 COLLATE=utf8_unicode_ci;
/*!40101 SET character_set_client = @saved_cs_client */;

--
-- Dumping data for table `locations`
--

LOCK TABLES `locations` WRITE;
/*!40000 ALTER TABLE `locations` DISABLE KEYS */;
INSERT INTO `locations` VALUES (1,'Maximefacilis','minimaplaceat',2),(2,'Impeditlibero','namcommodi',3),(3,'Voluptatibuscorrupti','assumendaplaceat',4),(4,'Minimacorrupti','rerumdicta',5),(5,'Quiasunt','evenietnobis',6),(6,'Doloresfacere','estvoluptatem',7),(7,'Quasnam','excepturiautem',8),(8,'Sedducimus','minusaut',9),(9,'Possimusoptio','doloribusdolore',10),(10,'Adeos','quaereprehenderit',11),(11,'Voluptasvitae','etaut',12),(12,'Idexpedita','quaelaudantium',13),(13,'Earumquia','inventorevel',14),(14,'Accusantiumet','totamvoluptatem',15),(15,'Ducimusnihil','eligendimodi',16),(16,'Mollitiasaepe','aperiamnihil',17),(17,'Assumendaodit','idfacilis',18),(18,'Dolorerror','sequiipsa',19),(19,'Repellendusaut','etet',20),(20,'Consequaturvel','animifacere',21),(21,'Consequaturqui','sedexcepturi',22),(22,'Aperiamet','quiaest',23),(23,'Repellendusnisi','nihilsed',24),(24,'Adfugit','namvitae',25),(25,'Velrerum','rerumitaque',26),(26,'Aliquamsimilique','nobisut',27),(27,'Suntnihil','namenim',28),(28,'Nostrumnecessitatibus','autsequi',29),(29,'Hicmolestiae','adqui',30),(30,'Veniamsed','laboriosamvoluptate',31),(31,'Evenietdolor','veritatiset',32),(32,'Accusamusdicta','eumvel',33),(33,'Quiaaliquam','voluptatenam',34),(34,'Etet','delectusquo',35),(35,'Totamvoluptas','laboriosamaccusamus',36),(36,'Harumsaepe','autemqui',37),(37,'Nisidebitis','rationemaxime',38),(38,'Etcorporis','laboreenim',39),(39,'Asperioresmagni','oditvoluptatem',40),(40,'Utoccaecati','omnisdolores',41),(41,'Itaquevitae','officiisvel',42),(42,'Officiisab','quidemamet',43),(43,'SQ2','Desk',44),(44,'UG 13','Ausgabe',45),(45,'Eavoluptatibus','itaquequi',46),(46,'Essemaiores','dignissimosaut',47),(47,'Optiovoluptatum','sedquam',48),(48,'Veroblanditiis','saepeet',49),(49,'Etvoluptatum','quibusdamvoluptates',50),(50,'Autemdeserunt','temporaaut',51),(51,'Pariaturoptio','earumexcepturi',52),(52,'Impeditet','atearum',53),(53,'Estfuga','laborumnecessitatibus',54),(54,'Sedvoluptatem','consecteturdelectus',55),(55,'Etdignissimos','illosoluta',56),(56,'Temporaipsum','nonaccusantium',57),(57,'Velitdolor','cumquevel',58),(58,'Quivoluptatem','corporismodi',59),(59,'Quiquidem','officiislaborum',60),(60,'Veritatisamet','maximelaboriosam',61),(61,'Minuslaborum','etcumque',62),(62,'Nihila','repellendushic',63),(63,'Oditqui','inconsectetur',64),(64,'Reiciendisomnis','nonab',65),(65,'Assumendavoluptatem','porrocommodi',66),(66,'Utpariatur','veniamvitae',67),(67,'Omnisculpa','ipsamvoluptatem',68),(68,'Quisquamlabore','dignissimosvoluptatibus',69),(69,'Fugatempora','laboriosambeatae',70),(70,'Pariaturitaque','distinctioeaque',71),(71,'Aliquamculpa','sapientesimilique',72),(72,'Quiased','laborumaperiam',73),(73,'Corporisvero','quoin',74),(74,'Suntsoluta','porrotempore',75),(75,'Sequiaut','maximedebitis',76),(76,'Teneturvoluptatem','excepturiquidem',77),(77,'Voluptasrepellendus','eligendiab',78),(78,'Quinecessitatibus','namfugiat',79),(79,'Liberopraesentium','voluptatemquia',80),(80,'Undetempora','modirepudiandae',81),(81,'Etest','commodiad',82),(82,'Eaqueoptio','quisvoluptas',83),(83,'Laboreet','culpaet',84),(84,'Inaccusamus','utfacere',85),(85,'Inventoreet','omnisblanditiis',86),(86,'Eumoccaecati','nesciuntat',87),(87,'Consequaturcupiditate','nihilculpa',88),(88,'Magnidolorem','autexcepturi',89),(89,'Voluptatesest','animinobis',90),(90,'Eiusvitae','explicaboaliquam',91),(91,'Placeatquaerat','istevoluptatem',92),(92,'Sedmolestiae','minimadolor',93),(93,'Autet','nobisperspiciatis',94),(94,'Quivoluptas','corruptisunt',95),(95,'Suntalias','iureesse',96),(96,'Quinatus','similiquequi',97),(97,'Vitaeharum','veritatissapiente',98),(98,'Odioqui','doloremaperiam',99),(99,'Nisihic','eiusfugiat',100),(100,'Voluptasnihil','quianesciunt',101),(101,'Utinventore','doloremquevel',102),(102,'Voluptasqui','nemonobis',103),(103,'Idquam','suntvoluptas',104),(104,'Animidolorum','earumeos',105),(105,'Ipsamconsequatur','idaut',106),(106,'Etomnis','etquia',107),(107,'Cupiditateexpedita','dolorsunt',108),(108,'Exercitationemnobis','delenitiquisquam',109),(109,'Nonnumquam','quastenetur',110),(110,'Nostrumtempora','voluptasdolor',111),(111,'Minimadolorum','situt',112),(112,'Estmollitia','nostrumet',113),(113,'Natusqui','quiofficia',114),(114,'Inventorequi','quiamaxime',115),(115,'Eosmagni','evenietsed',116),(116,'Voluptatedebitis','sintsoluta',117),(117,'Adolore','voluptatesunt',118),(118,'Estqui','repellendusesse',119),(119,'Etaccusamus','cupiditatelibero',120),(120,'Etomnis','perferendisimpedit',121),(121,'Aperiamet','quaeratdebitis',122),(122,'Etquidem','namanimi',124),(123,'Consecteturplaceat','nonnon',125),(124,'Nihiltemporibus','consequaturmolestias',126),(125,'Quisquamexplicabo','harumaliquid',127),(126,'Adautem','dolorumeius',128),(127,'Temporibusmodi','maiorescorporis',129),(128,'Omnisquia','voluptaslaborum',130),(129,'Estdeleniti','etiste',131),(130,'Quosrem','utvoluptas',132),(131,'Fugadolore','abdeleniti',133),(132,'Quiat','totamomnis',134),(133,'Utquae','eligendiet',135),(134,'Perferendisdignissimos','autquam',136),(135,'Fugiatsed','beataeaspernatur',137),(136,'Estnobis','quamsoluta',138),(137,'Beataerecusandae','beataemagnam',139),(138,'Magnamvoluptas','estomnis',140),(139,'Doloroptio','inincidunt',141),(140,'Nullaquo','quieum',142),(141,'Fuganobis','sitdistinctio',143),(142,'Nihilperspiciatis','autemeos',144),(143,'Nullaaut','doloresquis',145),(144,'Etcorporis','ametautem',146),(145,'Possimuset','maioresea',147),(146,'Autemvoluptatem','quidolor',148),(147,'Asperioresest','voluptatibusmolestias',149),(148,'Rationeeveniet','velitearum',150),(149,'Omnisaut','quicorrupti',151),(150,'Suscipitnisi','autdeleniti',152),(151,'Utdolor','quodea',153),(152,'Doloremofficia','minusqui',154),(153,'Placeatdeserunt','quibusdammollitia',155),(154,'Officiaeveniet','infugiat',156),(155,'Quiaunde','numquamaperiam',157),(156,'Eositaque','eossimilique',158),(157,'Reiciendisimpedit','consequunturlaudantium',159),(158,'Sedet','addolore',160),(159,'Exincidunt','rerumnumquam',161),(160,'Dictafugit','deseruntsed',162),(161,'Suntrerum','laborumatque',163),(162,'Velitillo','praesentiumaut',164),(163,'Etvoluptas','aerror',165),(164,'Sedsit','autquia',166),(165,'Quiut','atqueconsequuntur',167),(166,'Doloresrepellat','etveritatis',168),(167,'Exercitationemeius','veroeos',169),(168,'Etet','etvoluptatem',170),(169,'Molestiaedolor','nullaquia',171),(170,'Magnamsed','voluptasvoluptatem',172),(171,'Eumet','eosreiciendis',173),(172,'Facereomnis','ametincidunt',174),(173,'Etblanditiis','iurequia',175),(174,'Laudantiumest','estaccusamus',176),(175,'Ipsamaiores','nisirepudiandae',177),(176,'Quiet','pariaturmolestias',178),(177,'Quaedoloribus','atvel',179),(178,'Harumaliquam','quasearum',180),(179,'Exet','doloresnihil',181),(180,'Nisiconsequatur','solutaeos',182),(181,'Eumet','voluptasreiciendis',183),(182,'Iuredolorum','sapientevoluptate',184),(183,'Numquamodit','facereconsequatur',185),(184,'Quiased','autblanditiis',186),(185,'Cumquevel','nemodolor',187),(186,'Temporepossimus','namquia',188),(187,'Omnisut','modilaboriosam',189),(188,'Quialiquam','fugiatofficiis',190),(189,'Sintminima','etcupiditate',191),(190,'Nonet','mollitiacorporis',192),(191,'Velamet','solutaab',193),(192,'Quiet','temporaipsum',194),(193,'Quodmagni','veniameos',195),(194,'Eligendiperspiciatis','enimfacilis',196),(195,'Perspiciatisnobis','iustoerror',197);
/*!40000 ALTER TABLE `locations` ENABLE KEYS */;
UNLOCK TABLES;

--
-- Table structure for table `model_group_links`
--

DROP TABLE IF EXISTS `model_group_links`;
/*!40101 SET @saved_cs_client     = @@character_set_client */;
/*!40101 SET character_set_client = utf8 */;
CREATE TABLE `model_group_links` (
  `id` int(11) NOT NULL AUTO_INCREMENT,
  `ancestor_id` int(11) DEFAULT NULL,
  `descendant_id` int(11) DEFAULT NULL,
  `direct` tinyint(1) DEFAULT NULL,
  `count` int(11) DEFAULT NULL,
  `label` varchar(255) COLLATE utf8_unicode_ci DEFAULT NULL,
  PRIMARY KEY (`id`),
  KEY `index_model_group_links_on_ancestor_id` (`ancestor_id`),
  KEY `index_model_group_links_on_direct` (`direct`),
  KEY `index_on_descendant_id_and_ancestor_id_and_direct` (`descendant_id`,`ancestor_id`,`direct`),
  CONSTRAINT `model_group_links_descendant_id_fk` FOREIGN KEY (`descendant_id`) REFERENCES `model_groups` (`id`) ON DELETE CASCADE,
  CONSTRAINT `model_group_links_ancestor_id_fk` FOREIGN KEY (`ancestor_id`) REFERENCES `model_groups` (`id`) ON DELETE CASCADE
) ENGINE=InnoDB AUTO_INCREMENT=9 DEFAULT CHARSET=utf8 COLLATE=utf8_unicode_ci;
/*!40101 SET character_set_client = @saved_cs_client */;

--
-- Dumping data for table `model_group_links`
--

LOCK TABLES `model_group_links` WRITE;
/*!40000 ALTER TABLE `model_group_links` DISABLE KEYS */;
INSERT INTO `model_group_links` VALUES (1,2,10,1,1,NULL),(2,2,8,1,1,NULL),(3,5,10,1,1,NULL),(4,5,9,1,1,NULL),(5,1,9,1,1,NULL),(6,1,11,0,1,NULL),(7,5,11,0,1,NULL),(8,9,11,1,1,NULL);
/*!40000 ALTER TABLE `model_group_links` ENABLE KEYS */;
UNLOCK TABLES;

--
-- Table structure for table `model_groups`
--

DROP TABLE IF EXISTS `model_groups`;
/*!40101 SET @saved_cs_client     = @@character_set_client */;
/*!40101 SET character_set_client = utf8 */;
CREATE TABLE `model_groups` (
  `id` int(11) NOT NULL AUTO_INCREMENT,
  `type` varchar(255) COLLATE utf8_unicode_ci DEFAULT NULL,
  `name` varchar(255) COLLATE utf8_unicode_ci DEFAULT NULL,
  `created_at` datetime DEFAULT NULL,
  `updated_at` datetime DEFAULT NULL,
  PRIMARY KEY (`id`),
  KEY `index_model_groups_on_type` (`type`)
) ENGINE=InnoDB AUTO_INCREMENT=15 DEFAULT CHARSET=utf8 COLLATE=utf8_unicode_ci;
/*!40101 SET character_set_client = @saved_cs_client */;

--
-- Dumping data for table `model_groups`
--

LOCK TABLES `model_groups` WRITE;
/*!40000 ALTER TABLE `model_groups` DISABLE KEYS */;
INSERT INTO `model_groups` VALUES (1,'Category','Beamer','2016-08-27 15:45:50','2016-08-27 15:45:50'),(2,'Category','Kameras','2016-08-27 15:45:50','2016-08-27 15:45:50'),(3,'Category','Stative','2016-08-27 15:45:50','2016-08-27 15:45:50'),(4,'Category','Hifi-Anlagen','2016-08-27 15:45:50','2016-08-27 15:45:50'),(5,'Category','Notebooks','2016-08-27 15:45:50','2016-08-27 15:45:50'),(6,'Category','RC Helikopter','2016-08-27 15:45:50','2016-08-27 15:45:50'),(7,'Category','Computer','2016-08-27 15:45:50','2016-08-27 15:45:50'),(8,'Category','Kurzdistanz','2016-08-27 15:45:50','2016-08-27 15:45:50'),(9,'Category','Portabel','2016-08-27 15:45:50','2016-08-27 15:45:50'),(10,'Category','Standard','2016-08-27 15:45:50','2016-08-27 15:45:50'),(11,'Category','Micro','2016-08-27 15:45:50','2016-08-27 15:45:50'),(12,'Template','Kamera & Stativ','2016-08-27 15:45:50','2016-08-27 15:45:50'),(13,'Template','Beamer & Hifi','2016-08-27 15:45:50','2016-08-27 15:45:50'),(14,'Template','Unaccomplishable template','2016-08-27 15:45:50','2016-08-27 15:45:50');
/*!40000 ALTER TABLE `model_groups` ENABLE KEYS */;
UNLOCK TABLES;

--
-- Table structure for table `model_links`
--

DROP TABLE IF EXISTS `model_links`;
/*!40101 SET @saved_cs_client     = @@character_set_client */;
/*!40101 SET character_set_client = utf8 */;
CREATE TABLE `model_links` (
  `id` int(11) NOT NULL AUTO_INCREMENT,
  `model_group_id` int(11) DEFAULT NULL,
  `model_id` int(11) DEFAULT NULL,
  `quantity` int(11) DEFAULT '1',
  PRIMARY KEY (`id`),
  KEY `index_model_links_on_model_id_and_model_group_id` (`model_id`,`model_group_id`),
  KEY `index_model_links_on_model_group_id_and_model_id` (`model_group_id`,`model_id`),
  CONSTRAINT `model_links_model_id_fk` FOREIGN KEY (`model_id`) REFERENCES `models` (`id`) ON DELETE CASCADE,
  CONSTRAINT `model_links_model_group_id_fk` FOREIGN KEY (`model_group_id`) REFERENCES `model_groups` (`id`) ON DELETE CASCADE
) ENGINE=InnoDB AUTO_INCREMENT=73 DEFAULT CHARSET=utf8 COLLATE=utf8_unicode_ci;
/*!40101 SET character_set_client = @saved_cs_client */;

--
-- Dumping data for table `model_links`
--

LOCK TABLES `model_links` WRITE;
/*!40000 ALTER TABLE `model_links` DISABLE KEYS */;
INSERT INTO `model_links` VALUES (1,1,58,1),(2,9,58,1),(3,1,59,1),(4,1,60,1),(5,1,62,1),(6,9,62,1),(7,11,63,1),(8,1,64,1),(9,1,65,1),(10,1,66,1),(11,1,67,1),(12,1,68,1),(13,1,69,1),(14,1,70,1),(15,1,71,1),(16,1,72,1),(17,1,73,1),(18,1,74,1),(19,1,75,1),(20,1,76,1),(21,1,77,1),(22,1,78,1),(23,1,79,1),(24,1,80,1),(25,1,81,1),(26,1,82,1),(27,1,83,1),(28,2,84,1),(29,2,85,1),(30,2,86,1),(31,2,87,1),(32,2,88,1),(33,2,89,1),(34,2,90,1),(35,2,91,1),(36,2,92,1),(37,2,93,1),(38,2,94,1),(39,2,95,1),(40,2,96,1),(41,2,97,1),(42,2,98,1),(43,2,99,1),(44,2,100,1),(45,2,101,1),(46,2,102,1),(47,2,103,1),(48,2,104,1),(49,2,105,1),(50,2,106,1),(51,2,107,1),(52,2,108,1),(53,2,109,1),(54,2,110,1),(55,2,111,1),(56,2,112,1),(57,2,113,1),(58,2,114,1),(59,4,115,1),(60,3,116,1),(61,12,84,1),(62,12,116,1),(63,13,58,1),(64,13,115,1),(65,14,84,999),(66,14,116,999),(67,2,149,1),(68,7,150,1),(69,5,151,1),(70,6,152,1),(71,6,153,1),(72,6,154,1);
/*!40000 ALTER TABLE `model_links` ENABLE KEYS */;
UNLOCK TABLES;

--
-- Table structure for table `models`
--

DROP TABLE IF EXISTS `models`;
/*!40101 SET @saved_cs_client     = @@character_set_client */;
/*!40101 SET character_set_client = utf8 */;
CREATE TABLE `models` (
  `id` int(11) NOT NULL AUTO_INCREMENT,
  `type` varchar(255) COLLATE utf8_unicode_ci NOT NULL DEFAULT 'Model',
  `manufacturer` varchar(255) COLLATE utf8_unicode_ci DEFAULT NULL,
  `product` varchar(255) COLLATE utf8_unicode_ci NOT NULL,
  `version` varchar(255) COLLATE utf8_unicode_ci DEFAULT NULL,
  `description` text COLLATE utf8_unicode_ci,
  `internal_description` text COLLATE utf8_unicode_ci,
  `info_url` varchar(255) COLLATE utf8_unicode_ci DEFAULT NULL,
  `rental_price` decimal(8,2) DEFAULT NULL,
  `maintenance_period` int(11) DEFAULT '0',
  `is_package` tinyint(1) DEFAULT '0',
  `technical_detail` text COLLATE utf8_unicode_ci,
  `hand_over_note` text COLLATE utf8_unicode_ci,
  `created_at` datetime DEFAULT NULL,
  `updated_at` datetime DEFAULT NULL,
  PRIMARY KEY (`id`),
  KEY `index_models_on_is_package` (`is_package`),
  KEY `index_models_on_type` (`type`)
) ENGINE=InnoDB AUTO_INCREMENT=316 DEFAULT CHARSET=utf8 COLLATE=utf8_unicode_ci;
/*!40101 SET character_set_client = @saved_cs_client */;

--
-- Dumping data for table `models`
--

LOCK TABLES `models` WRITE;
/*!40000 ALTER TABLE `models` DISABLE KEYS */;
INSERT INTO `models` VALUES (1,'Model','Durgan-Thompson','Incredible Granite Table','610','Ut placeat totam rerum blanditiis tempora distinctio nulla consequuntur.','Est ratione corporis nemo rerum magni mollitia eius.',NULL,NULL,0,0,'Ipsum eum aut ullam repellendus.','Enim et officiis ea adipisci.','2016-08-27 15:45:50','2016-08-27 15:45:50'),(2,'Model','Bahringer, Moen and O\'Reilly','Rustic Concrete Pants','611','Id voluptas minus ducimus voluptatem rerum dolore.','Nulla nobis id similique.',NULL,NULL,3,0,'Sequi perferendis vel enim consequatur excepturi et aut aut.','Quos commodi autem inventore sint.','2016-08-27 15:45:50','2016-08-27 15:45:50'),(3,'Model','Kuhn Group','Sleek Wooden Hat','612','Nihil animi sequi cumque qui provident a magni aut.','Doloremque placeat iste non veritatis.',NULL,NULL,3,0,'Et inventore fugiat quaerat excepturi ab.','Iusto in aut nulla consequuntur.','2016-08-27 15:45:50','2016-08-27 15:45:50'),(4,'Model','Blick-Hoppe','Sleek Plastic Pants','613','Aperiam velit aspernatur quibusdam fugiat tempore iusto sit eveniet.','Voluptatum corrupti aut eum saepe voluptas esse voluptatibus.',NULL,NULL,0,0,'Quidem aut atque possimus excepturi modi.','Error eius dolorem minus ex sed consequatur velit dolor.','2016-08-27 15:45:50','2016-08-27 15:45:50'),(5,'Model','O\'Reilly-Miller','Awesome Concrete Pants','614','Natus ut animi cupiditate vel ratione quas.','Quia omnis reiciendis repellat voluptas enim cumque qui tempora.',NULL,NULL,3,0,'Totam ut ut omnis vel eius est voluptas voluptatem.','Sunt voluptatem quo vel expedita rerum est.','2016-08-27 15:45:50','2016-08-27 15:45:50'),(6,'Model','Schuster Inc','Awesome Rubber Pants','615','Ducimus hic deleniti modi.','Animi quod enim recusandae.',NULL,NULL,2,0,'Necessitatibus unde quibusdam incidunt ullam sunt possimus.','Incidunt qui assumenda possimus voluptatum veritatis autem et.','2016-08-27 15:45:50','2016-08-27 15:45:50'),(7,'Model','Adams Inc','Ergonomic Wooden Hat','616','Ut quia eos et occaecati enim.','Labore expedita consequuntur omnis est occaecati qui.',NULL,NULL,0,0,'Harum occaecati ut sunt ab.','Velit qui molestiae impedit in et.','2016-08-27 15:45:50','2016-08-27 15:45:50'),(8,'Model','Boyle-Rohan','Incredible Granite Computer','617','Qui cupiditate iste incidunt et.','Ipsa sint est maxime ut eius autem.',NULL,NULL,1,0,'Voluptate cupiditate delectus labore natus eius qui sint alias.','Et nemo illum sed pariatur sunt.','2016-08-27 15:45:50','2016-08-27 15:45:50'),(9,'Model','Grimes-Ziemann','Sleek Granite Shoes','618','Nemo aliquam ipsum molestiae quis.','Necessitatibus ducimus iure velit corrupti.',NULL,NULL,1,0,'Alias numquam sit non a.','Neque et nulla vitae animi ut consequatur quod.','2016-08-27 15:45:50','2016-08-27 15:45:50'),(10,'Model','Kreiger, Klocko and Runolfsdottir','Rustic Concrete Shirt','619','Dolorem ullam enim ea et molestiae recusandae eius dolor.','Modi est rem voluptatem nam ut.',NULL,NULL,1,0,'Sint velit rem dolorem autem dolores nisi at.','Ut commodi dolorem nesciunt consequatur.','2016-08-27 15:45:50','2016-08-27 15:45:50'),(11,'Model','Bogan and Sons','Intelligent Granite Gloves','620','In sunt incidunt quidem.','Possimus aut explicabo quaerat et consequatur cum eum sed.',NULL,NULL,3,0,'Illo perspiciatis hic reiciendis assumenda sunt occaecati natus.','Possimus et accusamus inventore est ducimus et.','2016-08-27 15:45:50','2016-08-27 15:45:50'),(12,'Model','Lind, Adams and Parker','Gorgeous Concrete Shirt','621','Quis quia minus reiciendis quo a dolor.','Modi tempore ut illum.',NULL,NULL,1,0,'Vel quod sit dolore eveniet molestiae doloremque.','Eos voluptas asperiores et et delectus hic.','2016-08-27 15:45:50','2016-08-27 15:45:50'),(13,'Model','Harber, Herman and Harvey','Awesome Plastic Table','622','Deserunt voluptatem labore laudantium.','Non harum a natus voluptas repudiandae qui error doloribus.',NULL,NULL,0,0,'Saepe consequuntur sit omnis eos quos.','Odio quisquam est architecto molestias sint.','2016-08-27 15:45:50','2016-08-27 15:45:50'),(14,'Model','Reichert Group','Intelligent Plastic Table','623','Et ut omnis commodi sunt unde odit aperiam.','Libero deleniti omnis similique adipisci voluptas aut pariatur nihil.',NULL,NULL,3,0,'Exercitationem qui neque unde aliquid.','Sequi aspernatur mollitia numquam voluptatibus reprehenderit omnis.','2016-08-27 15:45:50','2016-08-27 15:45:50'),(15,'Model','Osinski-Ortiz','Awesome Wooden Computer','624','Est porro molestiae sint doloremque.','Est dignissimos placeat consequatur sit quia.',NULL,NULL,1,0,'Eos autem eum et quia est sapiente consequuntur perspiciatis.','Iusto distinctio sunt repellendus qui.','2016-08-27 15:45:50','2016-08-27 15:45:50'),(16,'Model','Morar and Sons','Practical Wooden Pants','625','Ut rem tempore consequuntur ullam provident.','Sint id aut sunt odio.',NULL,NULL,0,0,'Rerum nulla placeat omnis natus recusandae occaecati asperiores excepturi.','Quia ut repellat itaque et occaecati molestiae tempore laborum.','2016-08-27 15:45:50','2016-08-27 15:45:50'),(17,'Model','Rutherford LLC','Sleek Wooden Shoes','626','Odit ipsam molestiae porro architecto nulla et.','Sit dolorum quos molestias porro enim.',NULL,NULL,2,0,'Ea explicabo quae dolorum tenetur est amet.','Vero aut eum aliquam fuga.','2016-08-27 15:45:50','2016-08-27 15:45:50'),(18,'Model','Reynolds, Windler and Metz','Sleek Steel Car','627','Ut eius est consequatur.','Quis et facilis adipisci rerum at nihil.',NULL,NULL,1,0,'In animi maiores rerum aliquid non repudiandae qui.','Quia nihil eligendi et laborum sed.','2016-08-27 15:45:50','2016-08-27 15:45:50'),(19,'Model','Hilll-Brown','Small Wooden Table','628','Ab non aut eveniet illum vel architecto corporis.','Consectetur rerum qui dolore sunt sit quam qui suscipit.',NULL,NULL,2,0,'Tempore aliquid ea quidem qui.','Error ducimus dolorem quia tempore quibusdam aut.','2016-08-27 15:45:50','2016-08-27 15:45:50'),(20,'Model','Goodwin-Zulauf','Fantastic Cotton Chair','629','Esse hic nemo qui rerum.','Cum aliquid sint sint corrupti mollitia quia officiis itaque.',NULL,NULL,3,0,'Enim omnis atque aut.','Unde et sit illo voluptatem quasi et.','2016-08-27 15:45:50','2016-08-27 15:45:50'),(21,'Model','Grady-Altenwerth','Sleek Granite Computer','630','Expedita omnis sed a sunt.','Quas reiciendis nobis consectetur ipsam beatae vitae.',NULL,NULL,3,0,'Ab omnis at mollitia non.','Placeat earum qui quia.','2016-08-27 15:45:50','2016-08-27 15:45:50'),(22,'Model','Senger-Hamill','Intelligent Cotton Car','631','Consectetur qui odit quia blanditiis praesentium similique reprehenderit.','Amet nulla veniam iste id voluptatem similique.',NULL,NULL,2,0,'Et ut distinctio dolore optio.','Sed voluptatem provident nemo officiis accusamus voluptatem.','2016-08-27 15:45:50','2016-08-27 15:45:50'),(23,'Model','Bernhard, Heathcote and Auer','Practical Steel Table','632','Et libero sed dolorem non occaecati quas eligendi.','Magni nisi perferendis fugiat quos enim temporibus expedita.',NULL,NULL,3,0,'Enim ratione eveniet autem ipsum eaque vero.','Asperiores dolorum sint numquam ea molestiae quod.','2016-08-27 15:45:50','2016-08-27 15:45:50'),(24,'Model','Kozey Inc','Fantastic Concrete Computer','633','Deleniti laboriosam ut esse dignissimos voluptatem.','Maxime architecto enim quas.',NULL,NULL,0,0,'Vitae omnis consectetur repellendus corporis sit est.','Eveniet neque aut animi quidem repellendus dicta dolorum.','2016-08-27 15:45:50','2016-08-27 15:45:50'),(25,'Model','Shields and Sons','Sleek Cotton Computer','634','Eius dicta beatae repellat.','Qui temporibus non nobis exercitationem.',NULL,NULL,1,0,'Autem libero natus placeat dicta.','Sit non natus aut nihil ea facere sed autem.','2016-08-27 15:45:50','2016-08-27 15:45:50'),(26,'Model','O\'Kon-Witting','Fantastic Granite Table','635','Cumque voluptas tenetur cupiditate inventore voluptas quod iusto sint.','Nihil architecto quas voluptas magni perferendis.',NULL,NULL,0,0,'Ab velit illum temporibus.','Ipsam natus est et dolore eius.','2016-08-27 15:45:50','2016-08-27 15:45:50'),(27,'Model','Langosh LLC','Practical Cotton Car','636','Accusamus saepe deserunt fugit ut.','Voluptates est id aperiam rerum.',NULL,NULL,2,0,'Quam voluptatum quo architecto iste.','Et enim expedita et et vitae est.','2016-08-27 15:45:50','2016-08-27 15:45:50'),(28,'Model','Dach, Kilback and Conroy','Gorgeous Rubber Computer','637','Ex est et dolorum sit voluptatem quam.','Voluptatibus cum hic praesentium non blanditiis ea asperiores doloremque.',NULL,NULL,2,0,'Illo voluptatem ut iusto neque eum voluptatem.','Sed non qui qui beatae possimus provident.','2016-08-27 15:45:50','2016-08-27 15:45:50'),(29,'Model','Morissette and Sons','Incredible Rubber Shirt','638','Ut corrupti harum dolor fugiat sed magnam inventore.','Quia iusto atque sed aut et omnis molestiae aut.',NULL,NULL,3,0,'Earum dolorem odio excepturi et vel eos et quia.','Voluptatem sunt autem magni.','2016-08-27 15:45:50','2016-08-27 15:45:50'),(30,'Model','Tromp LLC','Rustic Plastic Pants','639','Repellat ut consectetur esse quia dolor quae qui error.','Ipsa odit facere est.',NULL,NULL,2,0,'Et asperiores totam iste dolorem alias.','Dignissimos aut repudiandae quod nostrum doloremque.','2016-08-27 15:45:50','2016-08-27 15:45:50'),(31,'Model','Weissnat, Armstrong and Kohler','Ergonomic Cotton Table','640','Voluptate sit repellat architecto placeat non tempora id distinctio.','Culpa id dolore et.',NULL,NULL,2,0,'Eligendi dicta nemo sunt necessitatibus voluptatibus vel qui.','Doloremque dicta in iusto.','2016-08-27 15:45:50','2016-08-27 15:45:50'),(32,'Model','Dickens, Kilback and Crona','Fantastic Plastic Car','641','Delectus error voluptates laudantium numquam ullam illum iure.','Provident voluptates tempora culpa deserunt molestias.',NULL,NULL,0,0,'Ea velit nihil et aut reprehenderit quisquam est rerum.','Sunt sed ipsum vel nihil non ipsam provident.','2016-08-27 15:45:50','2016-08-27 15:45:50'),(33,'Model','Walsh and Sons','Awesome Concrete Table','642','Minima quia suscipit quasi eos voluptas nulla nihil vitae.','Molestiae quasi aperiam qui ratione veritatis.',NULL,NULL,3,0,'Doloremque non quasi officia perspiciatis eaque consequatur.','Repellat sed quos cumque possimus nesciunt quam.','2016-08-27 15:45:50','2016-08-27 15:45:50'),(34,'Model','Fritsch, Rowe and Bergstrom','Intelligent Granite Hat','643','Aut explicabo fuga dolorem.','Voluptatibus et modi accusantium voluptas excepturi in.',NULL,NULL,1,0,'Architecto tempora eos sit.','Iure nobis sed voluptas et.','2016-08-27 15:45:50','2016-08-27 15:45:50'),(35,'Model','Jenkins LLC','Intelligent Concrete Table','644','Doloribus odit cupiditate ut assumenda asperiores facere possimus aperiam.','Quia cum sit occaecati consequatur voluptatem architecto ea.',NULL,NULL,3,0,'Aut ut accusantium quaerat.','Animi maiores molestiae dicta ipsam vel.','2016-08-27 15:45:50','2016-08-27 15:45:50'),(36,'Model','Kiehn, Quitzon and Walter','Intelligent Rubber Hat','645','Rerum sint ipsam ipsa aspernatur.','Blanditiis doloremque voluptate quo.',NULL,NULL,3,0,'Cum aliquam nemo dolores dolorem reprehenderit occaecati ipsam ipsum.','Nostrum ut inventore illo aperiam aut quidem.','2016-08-27 15:45:50','2016-08-27 15:45:50'),(37,'Model','Bruen Inc','Intelligent Concrete Shoes','646','Iure excepturi officia aut.','Repellat eveniet voluptate culpa vel.',NULL,NULL,3,0,'Ipsam consectetur laboriosam labore vel eum.','Architecto reiciendis doloremque laboriosam dolores at molestiae et cum.','2016-08-27 15:45:50','2016-08-27 15:45:50'),(38,'Model','Schultz Inc','Practical Concrete Computer','647','Beatae provident neque modi sunt sit.','Similique porro repellendus commodi ut enim aliquid.',NULL,NULL,2,0,'Magni molestias enim laboriosam nihil.','Eos facilis similique amet.','2016-08-27 15:45:50','2016-08-27 15:45:50'),(39,'Model','Keebler LLC','Ergonomic Plastic Table','648','Est harum doloribus amet illum.','Magnam ducimus sit aut vitae dicta dignissimos enim sunt.',NULL,NULL,0,0,'Delectus non repellendus vitae.','Commodi harum rerum laborum ullam.','2016-08-27 15:45:50','2016-08-27 15:45:50'),(40,'Model','Abshire Inc','Awesome Rubber Car','649','Doloremque omnis minima doloribus sed.','Minus magni corrupti eveniet.',NULL,NULL,3,0,'Quod temporibus reiciendis voluptas vel dignissimos.','Accusantium consequatur aut cum modi voluptate.','2016-08-27 15:45:50','2016-08-27 15:45:50'),(41,'Model','Spinka, Cummerata and Paucek','Awesome Steel Hat','650','Expedita et totam non debitis et dolores id.','Eos laborum et minus.',NULL,NULL,0,0,'Debitis non qui unde quod veniam fugit quasi corrupti.','Aut vel occaecati aut porro.','2016-08-27 15:45:50','2016-08-27 15:45:50'),(42,'Model','Welch, White and Feil','Fantastic Rubber Car','651','Eaque tenetur similique consequatur.','Iusto fugiat quo adipisci laboriosam nesciunt voluptatem ex ea.',NULL,NULL,3,0,'Aut molestiae et ipsam deleniti voluptatem reiciendis tempore excepturi.','Eum et possimus animi dolorem consequatur rerum ut optio.','2016-08-27 15:45:50','2016-08-27 15:45:50'),(43,'Model','DuBuque, Smitham and Weissnat','Sleek Steel Shirt','652','Dicta autem nobis praesentium quod earum.','Ut expedita et optio nobis minus fuga.',NULL,NULL,2,0,'Nesciunt facilis quam delectus nostrum consequuntur.','Harum fugit ut tempora autem id exercitationem et ea.','2016-08-27 15:45:50','2016-08-27 15:45:50'),(44,'Model','Rohan-Thompson','Fantastic Plastic Table','653','Consequatur ab ut aut doloremque ut labore libero id.','Deserunt quo voluptatem quia dolor dignissimos ducimus.',NULL,NULL,2,0,'Debitis saepe rem quos.','Dolorem ipsum nihil delectus.','2016-08-27 15:45:50','2016-08-27 15:45:50'),(45,'Model','Ziemann, Dietrich and Champlin','Rustic Granite Car','654','Eius at et consequatur magni alias enim nam dolores.','Minima sint aliquid ipsum quia.',NULL,NULL,3,0,'Provident dolorum nostrum a totam possimus velit.','Et voluptas dolorem cupiditate eveniet.','2016-08-27 15:45:50','2016-08-27 15:45:50'),(46,'Model','Russel, O\'Keefe and Roberts','Practical Rubber Computer','655','Ipsum nihil magnam accusamus.','Aut fugiat atque itaque laudantium aperiam.',NULL,NULL,3,0,'Sunt sint delectus sed quidem.','Porro quisquam officiis eius itaque officia.','2016-08-27 15:45:50','2016-08-27 15:45:50'),(47,'Model','Gottlieb and Sons','Sleek Concrete Table','656','Aliquid maiores sequi iusto.','Fugit commodi voluptatem nisi.',NULL,NULL,0,0,'Voluptas consequatur a suscipit et.','Vitae quibusdam aut animi.','2016-08-27 15:45:50','2016-08-27 15:45:50'),(48,'Model','Huels-Reinger','Incredible Wooden Computer','657','Natus dolor repellendus eveniet consequatur autem.','Delectus voluptate ullam iusto ab blanditiis.',NULL,NULL,2,0,'Reprehenderit enim quo maxime ipsam repellat.','Aut fugiat impedit similique.','2016-08-27 15:45:50','2016-08-27 15:45:50'),(49,'Model','Bartoletti-Rice','Practical Concrete Table','658','Aliquid ut incidunt iusto.','Iusto consequatur aut illo ut tempore aspernatur voluptates.',NULL,NULL,3,0,'Et amet culpa doloremque fuga.','Soluta a quasi et repellat.','2016-08-27 15:45:50','2016-08-27 15:45:50'),(50,'Model','Beier Inc','Gorgeous Plastic Hat','659','Molestiae dolor temporibus quis.','Ut non consequuntur reprehenderit doloremque.',NULL,NULL,2,0,'Eligendi id molestiae omnis quae.','Deserunt quaerat eius sint amet libero ex velit autem.','2016-08-27 15:45:50','2016-08-27 15:45:50'),(51,'Model','Spinka LLC','Small Wooden Car','660','Omnis ab non ea et aut qui sed tenetur.','Nemo ipsa est nihil maxime.',NULL,NULL,2,0,'Ut est temporibus explicabo ut consequuntur.','Voluptates est repellat laboriosam laborum quisquam.','2016-08-27 15:45:50','2016-08-27 15:45:50'),(52,'Model','Skiles-Cruickshank','Fantastic Steel Pants','661','Est quia dolores dolorum beatae fuga error corrupti ipsum.','Cum quis et sed omnis maiores quia.',NULL,NULL,3,0,'Quibusdam numquam suscipit non.','Hic reiciendis ut omnis perspiciatis suscipit.','2016-08-27 15:45:50','2016-08-27 15:45:50'),(53,'Model','Kozey Inc','Rustic Plastic Computer','662','Explicabo aspernatur incidunt consequatur quaerat officia.','Et est repudiandae quaerat sit velit similique quam ea.',NULL,NULL,3,0,'Recusandae eligendi at corrupti.','Nemo consequatur dolores praesentium quibusdam perspiciatis voluptas sit.','2016-08-27 15:45:50','2016-08-27 15:45:50'),(54,'Model','Carter and Sons','Fantastic Rubber Chair','663','Fuga eos perspiciatis tempore repellendus fugiat.','Esse porro voluptatem doloremque necessitatibus illo eius quia.',NULL,NULL,3,0,'Dolorum unde corporis atque et.','Non aperiam molestias fuga voluptatem voluptas praesentium vel voluptatum.','2016-08-27 15:45:50','2016-08-27 15:45:50'),(55,'Model','Dooley-Considine','Awesome Granite Shirt','664','Ea ea aut repudiandae aut blanditiis fugit.','Qui ut autem dignissimos.',NULL,NULL,1,0,'Fugit quisquam quia error.','Velit voluptatum omnis assumenda soluta minus commodi.','2016-08-27 15:45:50','2016-08-27 15:45:50'),(56,'Model','Romaguera Inc','Ergonomic Rubber Hat','665','Voluptas magnam saepe sed repudiandae ducimus consequuntur laudantium quam.','Doloremque maiores fugit est saepe deserunt rerum assumenda.',NULL,NULL,1,0,'Odio voluptatum similique distinctio architecto omnis magnam maiores.','Adipisci ex reiciendis ipsum eaque placeat architecto ad.','2016-08-27 15:45:50','2016-08-27 15:45:50'),(57,'Model','Apple','MacBookPro','666','Laptop fr Studis und Angestellte.','Sequi autem voluptatem officia fugiat vitae sed molestias.',NULL,NULL,0,0,'Sit et eos dolore quod.','Mit Verpackung aushndigen.','2016-08-27 15:45:50','2016-08-27 15:45:50'),(58,'Model','Sharp','Sharp Beamer','123','Beamer, geeignet fr alle Verwendungszwecke.','Molestiae est magni nisi et qui accusamus voluptas sequi.',NULL,NULL,0,0,'Nobis eos et odio aliquid eaque adipisci.','Beamer brauch ein VGA Kabel!','2016-08-27 15:45:50','2016-08-27 15:45:50'),(59,'Model','Sharp','Sharp Beamer 2D','667','Beamer, geeignet fr alle Verwendungszwecke.','Architecto cumque neque id hic occaecati est eaque.',NULL,NULL,0,0,'Error nihil illum vel eum nemo enim itaque pariatur.','Dolores enim aperiam aut cupiditate.','2016-08-27 15:45:50','2016-08-27 15:45:50'),(60,'Model','Panasonic','Mini Beamer','668','Beamer, geeignet fr alle Verwendungszwecke.','Aut autem reprehenderit nemo.',NULL,NULL,0,0,'Hic neque voluptas tempora vero.','Qui ea debitis omnis voluptatum similique corporis optio saepe.','2016-08-27 15:45:50','2016-08-27 15:45:50'),(61,'Model','Sharp','Sharp Beamer','456','Beamer, geeignet fr alle Verwendungszwecke.','Rerum nam corporis quasi earum ipsum sed est assumenda.',NULL,NULL,0,0,'Vel nemo quaerat et excepturi recusandae animi.','Beamer brauch ein VGA Kabel!','2016-08-27 15:45:50','2016-08-27 15:45:50'),(62,'Model','Sony','Ultra Compact Beamer','669','Besonders kleiner Beamer.','Iusto corporis cupiditate a.',NULL,NULL,0,0,'Odit et in ut veniam ut et minus.','Beamer brauch ein VGA Kabel!','2016-08-27 15:45:50','2016-08-27 15:45:50'),(63,'Model','Micro','Micro Beamer','670','Besonders mikro kleiner Beamer.','Velit ut itaque eum.',NULL,NULL,0,0,'Asperiores sint laborum libero assumenda itaque.','Beamer brauch ein VGA Kabel!','2016-08-27 15:45:50','2016-08-27 15:45:50'),(64,'Model','Sony','Beamer 1 dicta','671','Saepe et quasi consequatur aut quia voluptate nisi.','Ad rerum aut quos omnis et recusandae earum.',NULL,NULL,0,0,'Molestias perferendis labore quod in hic iure animi dicta.','Beamer brauch ein VGA Kabel!','2016-08-27 15:45:50','2016-08-27 15:45:50'),(65,'Model','Sony','Beamer 2 est','672','Maiores deleniti laboriosam esse qui.','Autem odio deleniti corrupti sed quis fugiat totam.',NULL,NULL,0,0,'Nulla soluta harum aspernatur non saepe sunt alias.','Beamer brauch ein VGA Kabel!','2016-08-27 15:45:50','2016-08-27 15:45:50'),(66,'Model','Sony','Beamer 3 quis','673','Natus maiores porro temporibus.','Minus soluta omnis quia illum est aut.',NULL,NULL,0,0,'Rerum nesciunt eius ab fugit enim eveniet eum est.','Beamer brauch ein VGA Kabel!','2016-08-27 15:45:50','2016-08-27 15:45:50'),(67,'Model','Sony','Beamer 4 rerum','674','Facere et magni rerum rem ut aut aut consequatur.','Omnis voluptatem et distinctio ea.',NULL,NULL,0,0,'Similique quod ipsam sed beatae tempora molestiae.','Beamer brauch ein VGA Kabel!','2016-08-27 15:45:50','2016-08-27 15:45:50'),(68,'Model','Sony','Beamer 5 sit','675','Veniam molestiae enim minus et ex.','Laboriosam illum ab tempore occaecati.',NULL,NULL,0,0,'Alias et doloribus omnis dolore quia.','Beamer brauch ein VGA Kabel!','2016-08-27 15:45:50','2016-08-27 15:45:50'),(69,'Model','Sony','Beamer 6 ut','676','Ut incidunt iure possimus doloribus repellat facilis voluptatem laboriosam.','Distinctio eum libero praesentium ipsum fugiat.',NULL,NULL,0,0,'Facere voluptatem ut dolor veritatis sapiente blanditiis corporis cumque.','Beamer brauch ein VGA Kabel!','2016-08-27 15:45:50','2016-08-27 15:45:50'),(70,'Model','Sony','Beamer 7 sit','677','Quos consequatur nemo corporis rem nihil.','Molestiae in quia ducimus et consequatur repudiandae voluptas.',NULL,NULL,0,0,'Et ut eos minus aspernatur tempore cumque.','Beamer brauch ein VGA Kabel!','2016-08-27 15:45:50','2016-08-27 15:45:50'),(71,'Model','Sony','Beamer 8 cumque','678','Ullam error consequuntur aliquid.','Asperiores cum temporibus voluptatem quisquam nihil.',NULL,NULL,0,0,'Voluptas beatae et ipsa velit aperiam dignissimos.','Beamer brauch ein VGA Kabel!','2016-08-27 15:45:50','2016-08-27 15:45:50'),(72,'Model','Sony','Beamer 9 eos','679','Alias voluptatem totam porro possimus velit quo magni.','Architecto quia officiis et.',NULL,NULL,0,0,'Ea esse rerum natus iure molestiae quia.','Beamer brauch ein VGA Kabel!','2016-08-27 15:45:50','2016-08-27 15:45:50'),(73,'Model','Sony','Beamer 10 blanditiis','680','Consequatur saepe enim omnis deleniti odit fugiat.','Voluptates delectus explicabo et molestiae officia.',NULL,NULL,0,0,'Possimus fuga et corrupti consequatur reiciendis eius cupiditate iusto.','Beamer brauch ein VGA Kabel!','2016-08-27 15:45:50','2016-08-27 15:45:50'),(74,'Model','Sony','Beamer 11 commodi','681','Vero optio exercitationem numquam at ea est eveniet dolorum.','Qui quis atque explicabo sapiente.',NULL,NULL,0,0,'Sequi laudantium assumenda autem vero sunt quis accusamus.','Beamer brauch ein VGA Kabel!','2016-08-27 15:45:50','2016-08-27 15:45:50'),(75,'Model','Sony','Beamer 12 quasi','682','Expedita eos quisquam dicta esse consequuntur est adipisci.','Inventore sint aut similique fugit error quisquam rerum.',NULL,NULL,0,0,'Quibusdam in ut eum minima.','Beamer brauch ein VGA Kabel!','2016-08-27 15:45:50','2016-08-27 15:45:50'),(76,'Model','Sony','Beamer 13 eum','683','Omnis quam est inventore beatae sequi.','Aperiam facere harum nihil cum voluptatem.',NULL,NULL,0,0,'Quae qui magni expedita autem.','Beamer brauch ein VGA Kabel!','2016-08-27 15:45:50','2016-08-27 15:45:50'),(77,'Model','Sony','Beamer 14 voluptatum','684','Veniam soluta aut odit ut et et possimus.','Officiis id dolorum dolore reprehenderit et odio recusandae.',NULL,NULL,0,0,'Sit excepturi libero dolor enim quos cupiditate.','Beamer brauch ein VGA Kabel!','2016-08-27 15:45:50','2016-08-27 15:45:50'),(78,'Model','Sony','Beamer 15 qui','685','Et perspiciatis ipsa amet porro.','Totam non enim minima aut.',NULL,NULL,0,0,'Cum recusandae omnis atque aperiam eum similique sint.','Beamer brauch ein VGA Kabel!','2016-08-27 15:45:50','2016-08-27 15:45:50'),(79,'Model','Sony','Beamer 16 inventore','686','Officiis repudiandae excepturi sapiente tempora voluptatem autem.','Eligendi deserunt corrupti qui dignissimos.',NULL,NULL,0,0,'Et magnam similique quisquam enim ipsam ducimus.','Beamer brauch ein VGA Kabel!','2016-08-27 15:45:50','2016-08-27 15:45:50'),(80,'Model','Sony','Beamer 17 qui','687','Maxime rerum est dolores ipsam nostrum.','Non iure ab exercitationem ut perspiciatis minima veritatis.',NULL,NULL,0,0,'Velit quis aut aut.','Beamer brauch ein VGA Kabel!','2016-08-27 15:45:50','2016-08-27 15:45:50'),(81,'Model','Sony','Beamer 18 et','688','Esse ut repellat voluptas sit.','Similique molestiae alias laudantium est.',NULL,NULL,0,0,'Impedit non explicabo et sunt nihil voluptatum.','Beamer brauch ein VGA Kabel!','2016-08-27 15:45:50','2016-08-27 15:45:50'),(82,'Model','Sony','Beamer 19 eligendi','689','Odit quos accusamus autem consequatur in a.','Dolores sunt eveniet tempora.',NULL,NULL,0,0,'Omnis et rerum veritatis quaerat est dolor explicabo.','Beamer brauch ein VGA Kabel!','2016-08-27 15:45:50','2016-08-27 15:45:50'),(83,'Model','Sony','Beamer 20 non','690','Sit eum temporibus deleniti omnis et fuga.','Facere libero rem et modi.',NULL,NULL,0,0,'Sapiente omnis quam esse beatae dolores officiis assumenda.','Beamer brauch ein VGA Kabel!','2016-08-27 15:45:50','2016-08-27 15:45:50'),(84,'Model','Nikon','Kamera Nikon','X12','Super Kamera.','Veniam est iste ratione et voluptate.',NULL,NULL,0,0,'Dolorem expedita aut quo id officia minus cupiditate.','Kamera brauch Akkus!','2016-08-27 15:45:50','2016-08-27 15:45:50'),(85,'Model','Nikon','Camera 1 maiores','691','Totam voluptate dolor impedit.','In assumenda magni provident labore qui repudiandae.',NULL,NULL,0,0,'Ut et ut eveniet omnis odit sed.','Minima est culpa enim eaque doloribus eos neque.','2016-08-27 15:45:50','2016-08-27 15:45:50'),(86,'Model','Nikon','Camera 2 sequi','692','Aut autem accusamus aut harum adipisci.','Nostrum quia necessitatibus reprehenderit in.',NULL,NULL,0,0,'Molestiae molestias fuga est ab.','Eos facere voluptatibus quod eos unde.','2016-08-27 15:45:50','2016-08-27 15:45:50'),(87,'Model','Nikon','Camera 3 magnam','693','Qui iste aperiam corrupti nisi recusandae.','Itaque dolor ipsam tenetur omnis.',NULL,NULL,0,0,'Consequatur veniam quibusdam sed tenetur et perferendis.','Ad id qui quia autem quo laborum nemo ullam.','2016-08-27 15:45:50','2016-08-27 15:45:50'),(88,'Model','Nikon','Camera 4 vitae','694','Et repellat omnis iusto.','Voluptas incidunt ratione facere nulla quibusdam aut amet sed.',NULL,NULL,0,0,'Voluptatum dolor officiis expedita.','Maiores est consectetur facilis.','2016-08-27 15:45:50','2016-08-27 15:45:50'),(89,'Model','Nikon','Camera 5 nisi','695','Magni sunt velit quos et impedit.','Quis minus quis aut est eveniet nihil.',NULL,NULL,0,0,'Veritatis ipsum quos iusto placeat eos.','Aut nihil assumenda eos quas adipisci laborum.','2016-08-27 15:45:50','2016-08-27 15:45:50'),(90,'Model','Nikon','Camera 6 enim','696','Quis nostrum odio et.','Animi voluptas explicabo possimus laboriosam.',NULL,NULL,0,0,'Reiciendis facere molestiae est repellat vero debitis.','In voluptas laudantium ea iure neque quia.','2016-08-27 15:45:50','2016-08-27 15:45:50'),(91,'Model','Nikon','Camera 7 dolorem','697','Voluptas qui dolores architecto et ratione aliquid ut.','Doloremque quidem iure iusto qui itaque et ea harum.',NULL,NULL,0,0,'Quos dolorem est facilis error cupiditate labore repudiandae velit.','Corrupti in excepturi nulla id.','2016-08-27 15:45:50','2016-08-27 15:45:50'),(92,'Model','Nikon','Camera 8 et','698','A sed voluptas vel.','Ut ea voluptas occaecati culpa velit mollitia officia accusamus.',NULL,NULL,0,0,'Aliquam cupiditate animi debitis sapiente.','Fugiat consequatur nihil aspernatur minima repellat sint.','2016-08-27 15:45:50','2016-08-27 15:45:50'),(93,'Model','Nikon','Camera 9 provident','699','Temporibus dolores est sed.','Molestiae cum repellendus ducimus dolorem ea.',NULL,NULL,0,0,'Atque ab eos ipsam.','Eius quia et in eveniet.','2016-08-27 15:45:50','2016-08-27 15:45:50'),(94,'Model','Nikon','Camera 10 laboriosam','700','Itaque atque et consequatur et laboriosam dolores.','Eaque assumenda est deleniti nobis expedita.',NULL,NULL,0,0,'Voluptatem iure eveniet voluptas eos.','Dolores consequuntur illo qui praesentium aut.','2016-08-27 15:45:50','2016-08-27 15:45:50'),(95,'Model','Nikon','Camera 11 facere','701','Recusandae commodi voluptate corrupti consequatur nisi rerum.','Dicta placeat exercitationem eum aspernatur dolore nihil voluptas.',NULL,NULL,0,0,'Sit veritatis sed repudiandae consequatur quia.','Soluta ut dolor sed sit eveniet quia.','2016-08-27 15:45:50','2016-08-27 15:45:50'),(96,'Model','Nikon','Camera 12 voluptas','702','Impedit et cum ducimus labore vel et.','Et blanditiis corrupti qui.',NULL,NULL,0,0,'Sequi dolorem ducimus est molestiae sed.','Nulla aut occaecati ratione dicta.','2016-08-27 15:45:50','2016-08-27 15:45:50'),(97,'Model','Nikon','Camera 13 officia','703','Suscipit fugiat neque quisquam hic.','Dolor facere eum repudiandae qui ut eos qui sed.',NULL,NULL,0,0,'Quam libero expedita sit pariatur minima consequatur.','Omnis ratione saepe ea fugiat.','2016-08-27 15:45:50','2016-08-27 15:45:50'),(98,'Model','Nikon','Camera 14 cupiditate','704','Ratione doloribus consequatur molestiae velit.','Et minima quaerat voluptas ut consequuntur.',NULL,NULL,0,0,'Est odio veritatis aliquid non et dolorum modi eligendi.','Ut dolores similique facilis adipisci rerum.','2016-08-27 15:45:50','2016-08-27 15:45:50'),(99,'Model','Nikon','Camera 15 aperiam','705','Quae optio numquam consectetur in quia et possimus iusto.','Quis sint harum animi odio cumque.',NULL,NULL,0,0,'Autem et molestiae qui ut voluptate nisi sed omnis.','Saepe rerum tenetur optio mollitia sit laudantium.','2016-08-27 15:45:50','2016-08-27 15:45:50'),(100,'Model','Nikon','Camera 16 enim','706','Vero est rerum dolorem.','Beatae iure nemo et voluptatem.',NULL,NULL,0,0,'Temporibus ad fugiat nesciunt velit cum et ratione soluta.','Alias suscipit repellendus ex repudiandae id qui exercitationem esse.','2016-08-27 15:45:50','2016-08-27 15:45:50'),(101,'Model','Nikon','Camera 17 est','707','Maiores tempore sit exercitationem aut eius.','Cum veritatis sunt et aliquid soluta officiis voluptatem reiciendis.',NULL,NULL,0,0,'Ratione eos voluptate qui necessitatibus omnis numquam cupiditate laboriosam.','Nihil maiores molestias incidunt excepturi eos.','2016-08-27 15:45:50','2016-08-27 15:45:50'),(102,'Model','Nikon','Camera 18 qui','708','Tempore soluta sunt est iure ullam aut dolorum.','Voluptatem est nulla corporis corrupti.',NULL,NULL,0,0,'Vero maxime vel corporis molestiae culpa non.','Quis velit expedita maiores repudiandae nisi.','2016-08-27 15:45:50','2016-08-27 15:45:50'),(103,'Model','Nikon','Camera 19 aut','709','Cumque eos ut officia aut.','Aut suscipit provident quisquam ut cumque expedita fuga.',NULL,NULL,0,0,'Est animi amet aperiam ut unde ea quaerat magni.','Et esse enim eum perspiciatis.','2016-08-27 15:45:50','2016-08-27 15:45:50'),(104,'Model','Nikon','Camera 20 et','710','Ipsum odio est maxime et tempora eaque quis.','Aut ex sapiente omnis doloribus voluptatum.',NULL,NULL,0,0,'Quia laudantium excepturi eligendi qui magnam.','Temporibus aut omnis possimus suscipit.','2016-08-27 15:45:50','2016-08-27 15:45:50'),(105,'Model','Nikon','Camera 21 repellat','711','Aut aperiam ipsam debitis nisi et eius.','Eaque quia libero optio similique quae.',NULL,NULL,0,0,'In minima modi quia aut eos repudiandae repellendus.','Et ullam et qui id nostrum eos consequatur.','2016-08-27 15:45:50','2016-08-27 15:45:50'),(106,'Model','Nikon','Camera 22 omnis','712','Ea quia ad voluptas corrupti.','Itaque quis maxime et dolor.',NULL,NULL,0,0,'Voluptas repellat velit sequi ea qui laudantium sed.','Nisi reiciendis reprehenderit enim alias omnis.','2016-08-27 15:45:50','2016-08-27 15:45:50'),(107,'Model','Nikon','Camera 23 est','713','Accusamus animi atque consequatur enim voluptatum sequi minima adipisci.','Ipsum asperiores debitis repellat et dolorum.',NULL,NULL,0,0,'Voluptas incidunt ducimus iste hic omnis.','Nihil aut ad iure.','2016-08-27 15:45:50','2016-08-27 15:45:50'),(108,'Model','Nikon','Camera 24 beatae','714','Velit accusantium consequatur optio est illo aut voluptates.','Molestiae assumenda consectetur omnis quod aliquid iste consequatur tenetur.',NULL,NULL,0,0,'Sapiente non voluptatem odio doloribus.','Accusantium rerum exercitationem molestiae et tempore.','2016-08-27 15:45:50','2016-08-27 15:45:50'),(109,'Model','Nikon','Camera 25 autem','715','Eaque tempora soluta assumenda ex consequatur consequatur quo.','Id neque animi qui et itaque quia consequatur autem.',NULL,NULL,0,0,'Minima sequi voluptates necessitatibus voluptas ad explicabo.','Maxime ut sit et nihil eos omnis voluptates numquam.','2016-08-27 15:45:50','2016-08-27 15:45:50'),(110,'Model','Nikon','Camera 26 labore','716','Quisquam et id rerum quo.','Quo optio in laboriosam aspernatur dolorum.',NULL,NULL,0,0,'Hic quis velit similique nihil delectus.','Alias suscipit qui dolorem et.','2016-08-27 15:45:50','2016-08-27 15:45:50'),(111,'Model','Nikon','Camera 27 quis','717','Aut quis molestiae ipsa qui.','Consequuntur ea quo consequatur.',NULL,NULL,0,0,'Esse culpa et perferendis repellendus voluptatem suscipit voluptatem est.','Quo sed sint praesentium.','2016-08-27 15:45:50','2016-08-27 15:45:50'),(112,'Model','Nikon','Camera 28 corporis','718','Ipsam minus sed tempora laborum est expedita incidunt placeat.','Repellendus quas aut aliquam.',NULL,NULL,0,0,'Et error possimus voluptas consequuntur nihil vel.','Soluta perferendis aut similique et velit ex repudiandae.','2016-08-27 15:45:50','2016-08-27 15:45:50'),(113,'Model','Nikon','Camera 29 non','719','Adipisci nisi ut ipsa ut officiis dignissimos laborum.','Id sint quod eius voluptatibus.',NULL,NULL,0,0,'Aut voluptate ad quia.','Excepturi enim voluptatibus modi et doloremque.','2016-08-27 15:45:50','2016-08-27 15:45:50'),(114,'Model','Nikon','Camera 30 suscipit','720','Consectetur voluptatem nihil atque beatae sit placeat qui iure.','Est optio sed et maxime odio.',NULL,NULL,0,0,'Rerum velit asperiores omnis pariatur veniam reprehenderit vero et.','Quidem minus et deserunt.','2016-08-27 15:45:50','2016-08-27 15:45:50'),(115,'Model','Sony','Hifi Standard','721','Unde temporibus qui voluptatem.','Incidunt iusto id soluta et.',NULL,NULL,0,0,'Ullam eaque perferendis libero maxime.','Libero quidem veniam numquam.','2016-08-27 15:45:50','2016-08-27 15:45:50'),(116,'Model','Feli','Kamera Stativ','123','Stabiles Kamera Stativ','Facilis eos labore voluptas quidem.',NULL,NULL,0,0,'Sed ipsa rerum nostrum repudiandae architecto.','Stativ muss mit Stativtasche ausgehndigt werden.','2016-08-27 15:45:50','2016-08-27 15:45:50'),(117,'Model','Bose','BoseIncredible Rubber Table','722','Cupiditate id minus incidunt ipsum. Sunt minus consequatur sint. Eaque impedit optio labore repellat voluptatem quisquam. Laudantium debitis natus provident illo est ullam iste.','Illum et maxime sapiente.',NULL,NULL,0,0,'Id autem facere incidunt aut.','Et necessitatibus doloremque repellendus et error qui.','2016-08-27 15:45:50','2016-08-27 15:45:50'),(118,'Model','Bose','BoseGorgeous Plastic Car','723','Consequatur ex occaecati sit vel pariatur. Fugit aperiam aut tenetur architecto et voluptas. Veniam vitae tenetur reiciendis corrupti in vel consequuntur. Harum rerum quo voluptas iste.','Qui vel commodi soluta dicta similique natus voluptatem.',NULL,NULL,0,0,'Inventore sit architecto amet consequatur adipisci.','Nobis illo incidunt ipsum sapiente nostrum.','2016-08-27 15:45:50','2016-08-27 15:45:50'),(119,'Model','Kautzer-Skiles','Kamera Set','727','Eveniet possimus rem corrupti autem consequuntur.','Sint ut quod laborum tempore.',NULL,NULL,1,1,'Optio et perspiciatis sit sint quas.','Eum nam quo sint ad alias.','2016-08-27 15:45:50','2016-08-27 15:45:50'),(120,'Model','Fritsch, Hammes and Turner','Practical Rubber Chair','728','Impedit consequatur alias magni quo nemo eum.','Quis qui in voluptas excepturi illo tempora quo iste.',NULL,NULL,0,0,'Eos dolores odio asperiores in deleniti suscipit beatae.','Dolores et est tenetur occaecati aut et.','2016-08-27 15:45:50','2016-08-27 15:45:50'),(121,'Model','Klein, Heller and Kemmer','Fantastic Granite Chair','729','Iusto perspiciatis beatae minima veniam ab voluptates iste.','Et aut fuga beatae qui vel consequatur rerum quo.',NULL,NULL,2,0,'Quia molestiae voluptatem et.','Sit itaque reiciendis esse sint sequi nihil aut consequuntur.','2016-08-27 15:45:50','2016-08-27 15:45:50'),(122,'Model','D\'Amore-Lockman','Practical Rubber Hat','730','Natus similique dolor qui nesciunt error dolor et ut.','Quia harum aut non.',NULL,NULL,1,0,'Alias itaque quod enim sint adipisci quas voluptatem blanditiis.','Similique voluptatum veritatis minus omnis hic provident.','2016-08-27 15:45:50','2016-08-27 15:45:50'),(123,'Model','Shanahan LLC','Ergonomic Rubber Shirt','731','Et rerum id consequatur.','Dignissimos rerum placeat voluptas aut.',NULL,NULL,3,0,'Quo dolores asperiores aspernatur.','Animi eligendi consequuntur voluptatem velit quia reiciendis nostrum architecto.','2016-08-27 15:45:50','2016-08-27 15:45:50'),(124,'Model','Cummerata, Hane and Koch','Practical Rubber Shirt','732','Vel illo quidem omnis animi quia vitae possimus.','Amet voluptatem hic est dolorum omnis.',NULL,NULL,2,0,'Qui minus consectetur vel itaque possimus.','Quibusdam at et aut.','2016-08-27 15:45:50','2016-08-27 15:45:50'),(125,'Model','Batz-Krajcik','Incredible Granite Chair','733','Est quaerat corrupti dolorem.','Et voluptatem non deserunt sint nihil nihil natus.',NULL,NULL,2,0,'Aut tempora voluptatem numquam quis molestiae sed.','Culpa nostrum repellendus magnam neque quae.','2016-08-27 15:45:50','2016-08-27 15:45:50'),(126,'Model','Hessel, Schiller and Rosenbaum','Rustic Granite Table','734','Esse nesciunt est vitae qui.','Maxime reiciendis voluptatem dolorem quisquam.',NULL,NULL,0,0,'Illum suscipit ut cumque nulla exercitationem odio.','Voluptate officiis aut dolorem vero.','2016-08-27 15:45:50','2016-08-27 15:45:50'),(127,'Model','Franecki, Prosacco and Doyle','Awesome Rubber Chair','735','Sit aut et facilis ut est asperiores sit.','Tenetur quia ut et perferendis.',NULL,NULL,2,0,'Deleniti cum animi alias.','Velit repudiandae atque qui sapiente reiciendis totam ea.','2016-08-27 15:45:50','2016-08-27 15:45:50'),(128,'Model','Marks and Sons','Ergonomic Steel Computer','736','Est sed porro laboriosam eos fugiat dolorum.','Aut debitis unde inventore.',NULL,NULL,0,0,'Aliquam est vero fuga.','Praesentium quasi nemo ad quos.','2016-08-27 15:45:50','2016-08-27 15:45:50'),(129,'Model','Gibson-Davis','Ergonomic Concrete Table','737','Aut libero facilis maxime eum esse ad nesciunt.','Necessitatibus velit ut praesentium quis error ut.',NULL,NULL,0,0,'Sint id nihil aperiam et.','Recusandae et sint fugiat et temporibus.','2016-08-27 15:45:50','2016-08-27 15:45:50'),(130,'Model','Bergnaum, Kovacek and Nitzsche','Gorgeous Granite Shoes','738','Est sunt consequatur quia nam voluptate.','Et itaque qui beatae.',NULL,NULL,1,0,'Optio inventore nihil quidem non iure aut.','Fugit iusto iure assumenda rerum quibusdam nisi commodi aspernatur.','2016-08-27 15:45:50','2016-08-27 15:45:50'),(131,'Model','Stark Inc','Intelligent Rubber Chair','739','Adipisci esse voluptatum eveniet quia.','Hic adipisci qui omnis magnam.',NULL,NULL,1,0,'Velit ipsam ab aperiam nobis qui cupiditate.','Quae corrupti unde voluptatem iste.','2016-08-27 15:45:50','2016-08-27 15:45:50'),(132,'Model','Skiles Group','Kamera Set2','740','Minus aut est velit harum aut vel.','Atque incidunt consequuntur ea numquam repudiandae eum explicabo tenetur.',NULL,NULL,1,1,'In qui perferendis nesciunt perspiciatis.','Deleniti quidem amet excepturi.','2016-08-27 15:45:50','2016-08-27 15:45:50'),(133,'Model','Hills, Lehner and Brown','Incredible Wooden Gloves','741','Tempore autem asperiores maxime quo saepe.','Non consequatur ipsam voluptatibus harum est tempore quae provident.',NULL,NULL,2,0,'Et dolorum molestiae corporis ut nisi ut et.','Voluptas sint doloremque beatae qui magnam nobis.','2016-08-27 15:45:50','2016-08-27 15:45:50'),(134,'Model','Barton LLC','Incredible Cotton Computer','742','Sint quidem est molestiae.','Veniam aut voluptatem voluptas voluptatibus porro.',NULL,NULL,1,0,'Eos sit temporibus fugiat porro nisi.','Numquam eum exercitationem non optio quisquam incidunt ab nesciunt.','2016-08-27 15:45:50','2016-08-27 15:45:50'),(135,'Model','Turcotte LLC','Small Steel Gloves','743','Nam odio officia ut libero velit tempora dolores amet.','Quis nulla facilis quas dolores possimus laudantium consequatur.',NULL,NULL,2,0,'Saepe ut et in aut.','Voluptatibus officiis tenetur aliquid fugit.','2016-08-27 15:45:50','2016-08-27 15:45:50'),(136,'Model','Fahey Group','Rustic Plastic Table','744','Blanditiis necessitatibus commodi qui et.','Dolor cumque repellendus sunt dolore.',NULL,NULL,0,0,'Et officiis reiciendis at autem et.','Maxime totam sunt sit.','2016-08-27 15:45:50','2016-08-27 15:45:50'),(137,'Model','Robel LLC','Ergonomic Granite Hat','745','Libero cum adipisci animi.','Laudantium quia beatae voluptatibus provident.',NULL,NULL,0,0,'Nemo iste molestiae est.','Eligendi dolorem aut sed.','2016-08-27 15:45:50','2016-08-27 15:45:50'),(138,'Model','Little LLC','Ergonomic Wooden Gloves','746','Repudiandae quia magnam autem.','Harum reiciendis nemo inventore ipsa magnam omnis atque.',NULL,NULL,0,0,'Consequatur quia sed qui iusto quos et quibusdam.','Et maxime adipisci modi possimus aperiam aut autem.','2016-08-27 15:45:50','2016-08-27 15:45:50'),(139,'Model','Quigley, Bartoletti and Boyer','Awesome Concrete Gloves','747','Repudiandae corporis qui laborum.','Dolor nesciunt rem eos voluptate veniam cumque.',NULL,NULL,0,0,'Consequuntur similique recusandae nisi atque.','Laborum eaque eos sint omnis eligendi.','2016-08-27 15:45:50','2016-08-27 15:45:50'),(140,'Model','Pfannerstill, Erdman and McKenzie','Gorgeous Concrete Gloves','748','Nisi voluptas dolore rerum illo itaque atque quia ex.','Cupiditate vero adipisci et ipsa officiis atque nesciunt velit.',NULL,NULL,1,0,'Doloremque nulla nobis beatae.','Similique nihil dignissimos eaque.','2016-08-27 15:45:50','2016-08-27 15:45:50'),(141,'Model','Reichert, Haag and Kautzer','Awesome Plastic Chair','749','Placeat et reprehenderit et.','Beatae quia velit molestias.',NULL,NULL,2,0,'Laborum laudantium minima dignissimos est.','Non dolorum sequi et vero.','2016-08-27 15:45:50','2016-08-27 15:45:50'),(142,'Model','Sipes-Kuphal','Incredible Steel Chair','750','Fuga illo est iure est.','Consequatur ut dolore ut aut quia eligendi dolores qui.',NULL,NULL,3,0,'Earum ab iure excepturi illo et optio similique enim.','Dolorem reiciendis consequatur sunt.','2016-08-27 15:45:50','2016-08-27 15:45:50'),(143,'Model','Cassin-Considine','Small Steel Hat','751','Quaerat aut dolore beatae.','Molestiae voluptatem accusantium ut consectetur id.',NULL,NULL,2,0,'Qui quis saepe aut sequi.','Iste velit qui pariatur et.','2016-08-27 15:45:50','2016-08-27 15:45:50'),(144,'Model','Nienow and Sons','Practical Plastic Pants','752','Et earum reprehenderit nesciunt.','Tempore quidem ut ratione.',NULL,NULL,2,0,'Laudantium in culpa ad et consequatur perspiciatis fugit.','Numquam non aut eius consequatur aut ut magnam laudantium.','2016-08-27 15:45:50','2016-08-27 15:45:50'),(145,'Model','Ullrich-Schmeler','Fantastic Wooden Hat','753','Consequatur magnam ut earum aperiam.','Libero voluptatem eligendi voluptates.',NULL,NULL,1,0,'Voluptatem suscipit qui cum.','Dolores facilis culpa libero.','2016-08-27 15:45:50','2016-08-27 15:45:50'),(146,'Model','Douglas-Will','Intelligent Plastic Gloves','754','Autem perferendis enim quae et cum consequatur.','Totam doloremque eum autem perferendis beatae.',NULL,NULL,3,0,'Pariatur dicta dolores quaerat.','Eligendi et saepe aperiam quam fuga qui numquam.','2016-08-27 15:45:50','2016-08-27 15:45:50'),(147,'Model','Smitham and Sons','Gorgeous Wooden Gloves','755','Error sit odit illum maiores.','Ducimus accusamus et nam consectetur quos numquam ut.',NULL,NULL,0,0,'Ratione eligendi labore molestiae corrupti.','Aut doloremque id harum non.','2016-08-27 15:45:50','2016-08-27 15:45:50'),(148,'Model','Abshire-Schoen','Intelligent Wooden Gloves','756','Ab debitis eos ducimus facere magnam optio eius quo.','Earum laborum quas quia id sint voluptates reprehenderit quaerat.',NULL,NULL,3,0,'Repellendus ut sapiente eligendi asperiores similique deleniti ut.','Ut et dolores iusto deserunt.','2016-08-27 15:45:50','2016-08-27 15:45:50'),(149,'Model','Canon','Kamera Canon D5','757','Ganz teure Kamera','Quos provident accusantium delectus.',NULL,NULL,0,0,'Consequatur natus sunt architecto aperiam qui quod quia.','Kamera brauch Akkus!','2016-08-27 15:45:50','2016-08-27 15:45:50'),(150,'Model','Apple','iMac','758','Apples alter iMac','Dolorem quibusdam inventore dicta possimus sit.',NULL,NULL,0,0,'Corrupti occaecati eum quasi.','Voluptatem tempore culpa vel.','2016-08-27 15:45:50','2016-08-27 15:45:50'),(151,'Model','Microsoft','Windows Laptop','759','Ein Laptop der Marke Microsoft','Voluptatem omnis unde officiis cumque.',NULL,NULL,0,0,'Eum id qui error provident doloribus ipsum.','Laptop mit Tasche ausgeben','2016-08-27 15:45:50','2016-08-27 15:45:50'),(152,'Model','Walkera','Walkera v120','1G','3D Helikopter','Eius voluptate perspiciatis quia.',NULL,NULL,0,0,'Et eaque modi laboriosam beatae soluta quasi.','Sapiente eos nulla unde odit rerum accusantium id quae.','2016-08-27 15:45:50','2016-08-27 15:45:50'),(153,'Model','Walkera','Walkera v120','2G','3D Helikopter','Et repellat quo placeat maiores.',NULL,NULL,0,0,'Quae magni sint sequi.','Quia amet maxime ut expedita.','2016-08-27 15:45:50','2016-08-27 15:45:50'),(154,'Model','Walkera','Walkera v120','3G','3D Helikopter','Est ut aperiam impedit sint.',NULL,NULL,0,0,'Delectus eos doloremque assumenda fuga illum.','Dignissimos ipsam ut aut veritatis numquam.','2016-08-27 15:45:50','2016-08-27 15:45:50'),(155,'Software','Koch-Haley','Rustic Concrete Car','760',NULL,NULL,NULL,NULL,0,0,NULL,NULL,'2016-08-27 15:45:50','2016-08-27 15:45:50'),(156,'Software','Haley, Tremblay and Kuvalis','Sleek Cotton Car','761',NULL,NULL,NULL,NULL,0,0,NULL,NULL,'2016-08-27 15:45:50','2016-08-27 15:45:50'),(157,'Software','Wehner-McGlynn','Awesome Wooden Shirt','762',NULL,NULL,NULL,NULL,0,0,NULL,NULL,'2016-08-27 15:45:50','2016-08-27 15:45:50'),(158,'Software','Kling and Sons','Intelligent Rubber Computer','763',NULL,NULL,NULL,NULL,0,0,NULL,NULL,'2016-08-27 15:45:50','2016-08-27 15:45:50'),(159,'Software','Weber, Walsh and Wolff','Sleek Concrete Shirt','764',NULL,NULL,NULL,NULL,0,0,NULL,NULL,'2016-08-27 15:45:50','2016-08-27 15:45:50'),(160,'Software','Bartell LLC','Awesome Wooden Hat','765',NULL,NULL,NULL,NULL,0,0,NULL,NULL,'2016-08-27 15:45:50','2016-08-27 15:45:50'),(161,'Software','Quitzon Inc','Fantastic Cotton Car','766',NULL,NULL,NULL,NULL,0,0,NULL,NULL,'2016-08-27 15:45:50','2016-08-27 15:45:50'),(162,'Software','Kozey LLC','Intelligent Wooden Shoes','767',NULL,NULL,NULL,NULL,0,0,NULL,NULL,'2016-08-27 15:45:50','2016-08-27 15:45:50'),(163,'Software','Halvorson-Lang','Awesome Wooden Car','768',NULL,NULL,NULL,NULL,0,0,'test http://test.ch\r\nwww.foo.ch\r\njust a text',NULL,'2016-08-27 15:45:50','2016-08-27 15:45:50'),(164,'Software','Boehm and Sons','Sleek Granite Table','769',NULL,NULL,NULL,NULL,0,0,'test http://test.ch\r\nwww.foo.ch\r\njust a text',NULL,'2016-08-27 15:45:50','2016-08-27 15:45:50'),(165,'Software','Bartoletti, Schroeder and Stoltenberg','Sleek Concrete Gloves','770',NULL,NULL,NULL,NULL,0,0,NULL,NULL,'2016-08-27 15:45:50','2016-08-27 15:45:50'),(166,'Model','Adams-Dietrich','Sleek Cotton Hat',NULL,'Ut est hic sed.','Voluptate impedit qui non facere deserunt tempore porro consequatur.',NULL,NULL,0,0,'Nesciunt suscipit quas ex qui fugiat debitis optio.','Debitis ut consequatur maiores tempore dolorem.','2016-08-27 15:45:50','2016-08-27 15:45:50'),(167,'Model','Jacobs-Schiller','Small Plastic Chair','771','Repellat corporis molestiae dolor enim illum temporibus.','Voluptatem nam dolorum ut minus.',NULL,NULL,0,0,'Quasi impedit eveniet voluptatem.','Praesentium eos tempore et autem et placeat.','2016-08-27 13:26:26','2016-08-27 13:26:26'),(168,'Model','O\'Hara-Lockman','Gorgeous Rubber Table','772','Est quidem cum qui voluptatem atque voluptas natus non.','Fuga et dolor tempore consequuntur adipisci.',NULL,NULL,1,0,'Doloremque repellat ut fugiat est.','Sequi atque culpa sint a.','2016-08-27 13:26:26','2016-08-27 13:26:26'),(169,'Model','Abernathy, Dietrich and Rogahn','Rustic Plastic Hat','773','Harum in quo itaque similique.','Nobis eos ipsam velit omnis.',NULL,NULL,2,0,'Ab harum iure fugit inventore voluptatem.','Tempora nesciunt culpa consequuntur.','2016-08-27 13:26:26','2016-08-27 13:26:26'),(170,'Model','Sanford, Gorczany and Goldner','Practical Plastic Car','774','Quaerat alias aut quia.','Et magni omnis deleniti impedit sint earum.',NULL,NULL,0,0,'Porro assumenda alias voluptas ea repellat rerum.','Aperiam ut autem et accusantium maiores.','2016-08-27 13:26:26','2016-08-27 13:26:26'),(171,'Model','D\'Amore Inc','Awesome Steel Chair','775','Est et deleniti autem veritatis unde voluptas suscipit.','Vitae expedita perspiciatis odit architecto quasi perferendis dignissimos.',NULL,NULL,0,0,'Quis maiores assumenda ut tempora sit.','Dolorem quasi sint ratione exercitationem vel et fugit accusantium.','2016-08-27 13:26:26','2016-08-27 13:26:26'),(172,'Model','Walter and Sons','Intelligent Concrete Car','776','Odit ipsum quia facilis.','Iure error provident in.',NULL,NULL,0,0,'Perspiciatis officiis numquam exercitationem impedit magni sed reiciendis.','Qui fugiat molestiae consequatur hic perspiciatis.','2016-08-27 13:26:26','2016-08-27 13:26:26'),(173,'Model','Quigley, Auer and Maggio','Incredible Wooden Hat','777','Et et eligendi molestias.','Qui inventore voluptatibus in dolorum.',NULL,NULL,0,0,'Ut recusandae et omnis temporibus eos ut non pariatur.','Inventore mollitia aut dicta ullam ea aliquam natus ipsa.','2016-08-27 13:26:26','2016-08-27 13:26:26'),(174,'Model','Kihn Group','Ergonomic Granite Table','778','Repellat sunt non magnam voluptas.','Sunt omnis omnis fuga est.',NULL,NULL,2,0,'Minus quasi magni molestiae qui minima qui.','Odit alias sit qui et.','2016-08-27 13:26:26','2016-08-27 13:26:26'),(175,'Model','Miller, Lockman and Schaden','Gorgeous Plastic Car','779','Corrupti autem rerum labore.','Atque dolor ipsam occaecati odio explicabo error vel aut.',NULL,NULL,1,0,'Sunt quis velit ipsam amet aut esse.','In eveniet et nihil aperiam ea delectus.','2016-08-27 13:26:26','2016-08-27 13:26:26'),(176,'Model','Anderson and Sons','Incredible Plastic Chair','780','Dignissimos impedit quod nihil non voluptates provident minus.','Ea blanditiis nobis error.',NULL,NULL,2,0,'Quidem aut quae consequatur laboriosam ratione et cumque.','Aperiam nulla id aut in est accusantium tempora.','2016-08-27 13:26:26','2016-08-27 13:26:26'),(177,'Model','Lockman, Hodkiewicz and Bernier','Fantastic Cotton Computer','781','Ipsam aut quia earum incidunt inventore qui.','Amet magnam deleniti minus tempora dolor sequi ducimus.',NULL,NULL,0,0,'Quidem minus et cum et asperiores dolores.','Illum est aperiam soluta voluptate sint aspernatur natus cum.','2016-08-27 13:26:26','2016-08-27 13:26:26'),(178,'Model','Hintz-Stokes','Practical Wooden Car','782','Aut excepturi quis placeat ea.','Error magnam explicabo perspiciatis qui dolore qui voluptas fugit.',NULL,NULL,1,0,'Et voluptatum maiores sed nemo temporibus eos molestias laborum.','Ad fuga quae et libero.','2016-08-27 13:26:27','2016-08-27 13:26:27'),(179,'Model','Considine Inc','Rustic Wooden Pants','783','Qui minus rerum ut ut saepe accusantium.','Fugiat consectetur doloribus rerum autem.',NULL,NULL,2,0,'Voluptas veritatis voluptates quia ut voluptatum eum.','Accusantium ex ipsum nisi dolor occaecati sed.','2016-08-27 13:26:27','2016-08-27 13:26:27'),(180,'Model','Goyette and Sons','Fantastic Wooden Shirt','784','Corporis voluptatum ut amet non et illo.','Eius optio molestiae minima.',NULL,NULL,3,0,'Architecto dolorem natus et velit occaecati enim.','Pariatur impedit quia excepturi repellendus quis.','2016-08-27 13:26:27','2016-08-27 13:26:27'),(181,'Model','Considine, Koelpin and Yundt','Ergonomic Steel Table','785','Rem libero aut quos est accusantium ipsum sit.','Consequatur vel eum voluptate soluta.',NULL,NULL,0,0,'Ut vel eos temporibus.','Facilis magni voluptatem consequuntur.','2016-08-27 13:26:27','2016-08-27 13:26:27'),(182,'Model','Feil Group','Rustic Rubber Computer','786','Mollitia neque doloribus laboriosam quisquam.','Occaecati minus et culpa vitae cumque.',NULL,NULL,3,0,'Eum id fuga ipsam sit ex.','Repellendus accusamus corporis voluptatem vero a quia ipsam.','2016-08-27 13:26:27','2016-08-27 13:26:27'),(183,'Model','Von-Swaniawski','Incredible Plastic Gloves','787','Fugit ut porro sint debitis expedita animi.','Voluptatem ex dicta sed beatae sequi quibusdam expedita porro.',NULL,NULL,1,0,'Magnam eveniet perferendis dicta nulla quos.','Quaerat optio ipsum assumenda eius.','2016-08-27 13:26:27','2016-08-27 13:26:27'),(184,'Model','Walker-Jacobson','Fantastic Plastic Gloves','788','Quo quia enim odit voluptates accusantium et amet.','Nostrum accusantium laborum velit consequatur.',NULL,NULL,2,0,'Nostrum maxime dolorem iste delectus eius voluptatum qui.','Suscipit minus quia mollitia tenetur debitis et.','2016-08-27 13:26:27','2016-08-27 13:26:27'),(185,'Model','Stokes Inc','Rustic Rubber Hat','789','Deleniti saepe accusamus porro error rem necessitatibus.','Officia dolorem voluptatibus ipsam maxime laboriosam numquam quisquam.',NULL,NULL,2,0,'Dolorem corrupti explicabo sunt autem nam.','Beatae voluptas enim illum et veritatis ut pariatur.','2016-08-27 13:26:27','2016-08-27 13:26:27'),(186,'Model','Maggio, Rosenbaum and Kuphal','Awesome Concrete Shirt','790','Est quaerat eum harum doloremque quis.','Magnam numquam voluptatem provident officia.',NULL,NULL,1,0,'Illum nobis amet distinctio repudiandae.','Doloribus nesciunt ipsam et odio qui enim dolores saepe.','2016-08-27 13:26:27','2016-08-27 13:26:27'),(187,'Model','Lubowitz-Dach','Practical Steel Hat','791','Ut ea ipsa ut voluptas veritatis.','Eum voluptas consequatur nostrum sunt enim odio eligendi sint.',NULL,NULL,2,0,'Et dolorem eos at quia non ratione.','Cumque quis sed numquam excepturi omnis pariatur.','2016-08-27 13:26:27','2016-08-27 13:26:27'),(188,'Model','Franecki-Vandervort','Rustic Granite Pants','792','Veritatis iste consectetur aliquid eaque quia nulla.','Dolor earum dicta error aperiam.',NULL,NULL,2,0,'Assumenda ut atque voluptas accusamus quasi delectus.','Quae maiores rerum recusandae aut consequatur et.','2016-08-27 13:26:27','2016-08-27 13:26:27'),(189,'Model','Powlowski-Spencer','Intelligent Cotton Computer','793','Omnis dolorem libero iste voluptate.','Eos ex modi non temporibus praesentium.',NULL,NULL,1,0,'Animi voluptate veniam eaque eum consequatur.','Nihil itaque maxime minima unde.','2016-08-21 16:41:50','2016-08-21 16:41:50'),(190,'Model','DuBuque-Morissette','Incredible Concrete Gloves','794','Ducimus perferendis odio commodi qui occaecati.','Ad et quod quae.',NULL,NULL,2,0,'Omnis suscipit voluptate in quaerat id similique.','Quia necessitatibus aut sit rerum neque.','2016-08-21 16:41:50','2016-08-21 16:41:50'),(191,'Model','Heidenreich, Rosenbaum and Mertz','Small Plastic Shoes','795','Voluptate repellat exercitationem ducimus ipsum.','Rem in quia eos esse eveniet inventore qui nulla.',NULL,NULL,3,0,'Voluptatem ex qui unde qui vel.','Aut qui assumenda voluptatem ipsum distinctio placeat ex et.','2016-08-21 16:41:50','2016-08-21 16:41:50'),(192,'Model','Eichmann, Blanda and Marks','Fantastic Concrete Gloves','796','Temporibus eaque velit ullam modi laborum libero expedita quidem.','Tempora alias minus laboriosam maiores ullam eveniet doloribus.',NULL,NULL,1,0,'Blanditiis earum nobis est.','Dolorem quia iusto aut laudantium a beatae incidunt ducimus.','2016-08-26 20:19:29','2016-08-26 20:19:29'),(193,'Model','Mertz-Keebler','Small Rubber Chair','797','Necessitatibus quidem atque aut.','Nostrum dolores maxime et odit fugiat est.',NULL,NULL,2,0,'Temporibus ea quia voluptas.','Et illo ab dolorum deleniti porro ex sit laboriosam.','2016-08-26 20:19:29','2016-08-26 20:19:29'),(194,'Model','Williamson, Beahan and Corkery','Intelligent Wooden Pants','798','Nesciunt omnis voluptatum atque sed alias doloremque.','Placeat facere culpa accusantium temporibus aut.',NULL,NULL,0,0,'Distinctio deleniti est quo ut ad.','Ea qui quibusdam nihil.','2016-08-26 20:19:29','2016-08-26 20:19:29'),(195,'Model','Hegmann, Hermiston and Spencer','Awesome Steel Computer','799','Suscipit est iure non voluptatibus dolor eligendi recusandae.','Dolore impedit similique facilis eligendi porro qui consequatur.',NULL,NULL,1,0,'Fugiat assumenda et qui.','Officia consequatur est ducimus porro.','2016-08-26 20:19:29','2016-08-26 20:19:29'),(196,'Model','Rau, Larkin and Terry','Gorgeous Concrete Table','800','Ex voluptas qui enim quis sint corrupti beatae.','Illum nostrum molestiae ea reiciendis possimus et maxime necessitatibus.',NULL,NULL,0,0,'Tenetur tempora dolore sunt hic.','Eos voluptates eum mollitia beatae est quia dolor repellat.','2016-08-26 20:19:29','2016-08-26 20:19:29'),(197,'Model','Ortiz Group','Gorgeous Rubber Gloves','801','Aut porro quos voluptatem saepe dolor autem ipsa repudiandae.','In asperiores quas corrupti eius quaerat ut vel.',NULL,NULL,0,0,'Est illum voluptatem sapiente aut.','Sit cupiditate dolore vel sit repellendus distinctio suscipit.','2016-08-26 20:19:29','2016-08-26 20:19:29'),(198,'Model','Stokes-Goodwin','Gorgeous Wooden Table','802','Velit voluptas aliquid ratione assumenda quidem.','Delectus libero qui optio.',NULL,NULL,1,0,'Adipisci quia ab repellat facere harum excepturi eos repellendus.','Aperiam consequatur harum eius.','2016-08-26 20:19:29','2016-08-26 20:19:29'),(199,'Model','Osinski and Sons','Sleek Granite Pants','803','Voluptatem hic quod autem.','Quis nihil sint ut rem.',NULL,NULL,2,0,'Molestias et quibusdam delectus ullam.','Omnis quia voluptates reiciendis hic est qui.','2016-08-27 15:45:50','2016-08-27 15:45:50'),(200,'Model','Prohaska Inc','Ergonomic Cotton Shoes','804','Porro dicta minus laborum iure quia id.','Esse doloribus veniam eaque adipisci magnam aut maiores et.',NULL,NULL,2,0,'Perferendis qui deleniti eveniet sunt.','Quis et dolorum quo.','2016-08-27 15:45:50','2016-08-27 15:45:50'),(201,'Model','Tillman, Huel and Hyatt','Intelligent Rubber Pants','805','Numquam sit pariatur eligendi cupiditate iusto perspiciatis voluptatem sint.','Odio ut eum corporis architecto veniam sint in numquam.',NULL,NULL,1,0,'Autem dignissimos illum qui officia veritatis qui praesentium.','Veritatis nihil consequuntur pariatur qui.','2016-08-27 15:45:50','2016-08-27 15:45:50'),(202,'Model','Pollich Inc','Small Cotton Car','806','Cum vero dolorem quo eum et enim sit et.','Doloribus aliquid autem facilis.',NULL,NULL,2,0,'Nisi exercitationem explicabo harum praesentium dolorem quisquam voluptatem sequi.','Quia aut nemo aspernatur voluptatem distinctio qui.','2016-08-27 15:45:50','2016-08-27 15:45:50'),(203,'Model','Kiehn LLC','Practical Wooden Shoes','807','Accusantium quia dolorem qui omnis eveniet.','Ipsum quasi non expedita non explicabo.',NULL,NULL,0,0,'Eaque dignissimos ut voluptatibus ut sequi aut ducimus.','Eligendi qui quos in tempora esse molestiae.','2016-08-27 15:45:50','2016-08-27 15:45:50'),(204,'Model','Bogisich Group','Awesome Cotton Pants','808','Possimus sint necessitatibus est inventore qui rem asperiores in.','Quos voluptatem totam sequi sint dolorem tempora aspernatur magnam.',NULL,NULL,1,0,'Repellat non id animi praesentium modi id ut.','Dolor autem aut tempore et sunt.','2016-08-27 15:45:50','2016-08-27 15:45:50'),(205,'Model','Schmitt-Hermiston','Fantastic Granite Computer','809','Cum repellendus et molestias dolore iste dolor.','Facilis reiciendis fugiat atque non repellat dolorem distinctio.',NULL,NULL,0,0,'Vel maiores ea atque veniam ut accusamus aut.','Laudantium ea sit enim reprehenderit tempora aut eos aut.','2016-08-27 15:45:50','2016-08-27 15:45:50'),(206,'Model','Jast-Walker','Small Cotton Hat','810','Maiores voluptas ex iste excepturi nulla vero.','Laudantium quia repudiandae culpa.',NULL,NULL,2,0,'Recusandae id quo quas et at dicta voluptas dolorem.','Voluptates incidunt voluptatem debitis non qui aut blanditiis illum.','2016-08-27 15:45:50','2016-08-27 15:45:50'),(207,'Model','Hermiston Inc','Intelligent Concrete Gloves','811','Qui minima assumenda ipsa sed enim aliquam.','Et sunt consectetur saepe sed dolorum.',NULL,NULL,2,0,'Eum nemo eius dolorem.','Laboriosam dolorum explicabo et et suscipit provident consequuntur ut.','2016-08-27 15:45:50','2016-08-27 15:45:50'),(208,'Model','Greenholt-Volkman','Intelligent Cotton Shoes','812','Sunt nihil minima voluptatem et minus unde quasi.','Nostrum ex deserunt quis doloremque reprehenderit id.',NULL,NULL,3,0,'Illum voluptatem eos facere.','Dignissimos odit facere eveniet quo possimus.','2016-08-27 15:45:50','2016-08-27 15:45:50'),(209,'Model','Zboncak, Bergstrom and Steuber','Gorgeous Plastic Chair','813','Harum et quis voluptates sit qui minima.','Adipisci sed maxime non accusantium ex veritatis.',NULL,NULL,2,0,'Reiciendis dolorem nulla omnis magnam fugiat pariatur laborum expedita.','Repudiandae placeat molestiae impedit sed aut.','2016-08-27 15:45:50','2016-08-27 15:45:50'),(210,'Model','Okuneva-Fritsch','Ergonomic Plastic Chair','814','Illum voluptate voluptas sequi nihil doloribus.','Reiciendis molestiae in non temporibus id dolor minus.',NULL,NULL,1,0,'Consequatur qui non placeat.','Dolores nihil quia beatae ratione.','2016-08-27 15:45:50','2016-08-27 15:45:50'),(211,'Model','Kemmer-Turner','Ergonomic Rubber Chair','815','Molestias molestiae quis quia debitis quia.','Beatae similique delectus commodi et non sed.',NULL,NULL,1,0,'Qui deserunt voluptatibus natus.','Et dolorum aut quae.','2016-08-27 15:45:50','2016-08-27 15:45:50'),(212,'Model','Jaskolski, Hane and O\'Connell','Practical Wooden Chair','816','Numquam aspernatur quia aliquid laboriosam tempore dignissimos.','Consequatur non dolor harum quasi a omnis voluptatibus.',NULL,NULL,2,0,'Totam aut dolore id sapiente perferendis aut ut aut.','Facilis repellendus dolorem omnis aspernatur.','2016-08-27 15:45:50','2016-08-27 15:45:50'),(213,'Model','Stanton, Gusikowski and Hettinger','Awesome Steel Table','817','Totam ex qui ut rem voluptatibus suscipit et reprehenderit.','Laboriosam et perspiciatis odit non excepturi animi quas.',NULL,NULL,0,0,'Illum maiores qui modi.','Explicabo corrupti quasi tempore occaecati ea eaque repellendus sunt.','2016-08-27 15:45:50','2016-08-27 15:45:50'),(214,'Model','Runolfsdottir, Harvey and Howe','Intelligent Concrete Shirt','818','Sint molestias at eum.','Natus qui ipsa dignissimos delectus magni.',NULL,NULL,3,0,'Ullam cumque sed laborum vitae et mollitia.','Rerum ad voluptas aut qui eligendi velit et neque.','2016-08-27 15:45:50','2016-08-27 15:45:50'),(215,'Model','Hayes-Mitchell','Ergonomic Granite Chair','819','Omnis officiis autem qui earum ut.','Consequuntur et vero sit autem.',NULL,NULL,2,0,'Voluptatum aliquid eaque distinctio est ut ipsum.','Vero sit maiores aut magnam ducimus minima.','2016-08-27 15:45:50','2016-08-27 15:45:50'),(216,'Model','Torphy, Graham and Conroy','Small Cotton Chair','820','Consequatur sed ex fuga optio debitis enim.','At quam deserunt dignissimos quas laudantium asperiores est dolorem.',NULL,NULL,0,0,'Eos architecto dolorum aspernatur exercitationem consequuntur optio sapiente.','Qui voluptatibus qui voluptatem quas est pariatur debitis et.','2016-08-27 15:45:50','2016-08-27 15:45:50'),(217,'Model','Schneider Group','Small Rubber Computer','821','Corporis quo aut nihil enim sit non velit.','Vel est saepe quos quis vero vitae.',NULL,NULL,2,0,'Eveniet eos ex et qui temporibus quia dolorum eius.','Culpa omnis aperiam vitae velit porro omnis.','2016-08-27 15:45:50','2016-08-27 15:45:50'),(218,'Model','Ernser Inc','Incredible Cotton Hat','822','Nesciunt aut autem fuga.','Enim facere iusto non quia.',NULL,NULL,0,0,'Eum cum dolor quam ipsam a perspiciatis veritatis.','Quia ex quo et.','2016-08-27 15:45:50','2016-08-27 15:45:50'),(219,'Model','Bechtelar and Sons','Fantastic Granite Shirt','823','Aut ut neque aut quis aspernatur.','Ut velit qui eum et.',NULL,NULL,3,0,'At qui provident est.','Dolorum molestiae sunt nihil sint voluptatem soluta.','2016-08-27 15:45:50','2016-08-27 15:45:50'),(220,'Model','Lang, Hamill and Jacobi','Practical Concrete Gloves','825','Id quam voluptate itaque facere quo ut aut.','Culpa nihil autem illo et repudiandae alias.',NULL,NULL,3,0,'Esse vel suscipit voluptatibus et placeat quasi qui tempora.','Incidunt ipsam aut fugiat.','2016-08-27 15:45:50','2016-08-27 15:45:50'),(221,'Software','Hackett, Casper and Murray','Practical Granite Table','827',NULL,NULL,NULL,NULL,0,0,NULL,NULL,'2016-08-27 15:45:50','2016-08-27 15:45:50'),(222,'Model','Robel, Lueilwitz and Dicki','Small Concrete Chair','828','Sint architecto rerum necessitatibus rem quos.','Reprehenderit odio in enim accusantium.',NULL,NULL,0,0,'Et sed aspernatur esse molestiae.','Voluptatem quaerat sunt ut velit odio voluptates quo suscipit.','2016-08-22 00:00:00','2016-08-22 00:00:00'),(223,'Model','Doyle-Beahan','Incredible Granite Pants','829','Eius ut veritatis et at nemo ipsam facere quibusdam.','Et saepe modi et accusamus.',NULL,NULL,3,0,'Fugiat in aliquam excepturi eligendi repellat.','Iste fuga ea fugiat maiores.','2016-08-22 00:00:00','2016-08-22 00:00:00'),(224,'Model','Sawayn-Hettinger','Rustic Plastic Shoes','830','Sed voluptatem ut suscipit quia.','Omnis asperiores aut quas et enim eius suscipit.',NULL,NULL,0,0,'Cum delectus modi praesentium aliquid veniam pariatur nulla.','Doloribus et sed sed.','2016-08-22 00:00:00','2016-08-22 00:00:00'),(225,'Model','Durgan LLC','Ergonomic Plastic Computer','831','Quibusdam expedita ex minus porro earum.','Aliquam eum maxime magni rem recusandae libero et voluptas.',NULL,NULL,2,0,'Vel rem voluptates officiis et nihil illo architecto itaque.','Voluptatibus et nam odio harum quas ab sunt culpa.','2016-08-22 00:00:00','2016-08-22 00:00:00'),(226,'Model','Greenfelder-Dare','Small Steel Table','833','Minus dolorum incidunt laudantium ipsam quo recusandae excepturi in.','Ut aut deleniti facilis illum odio officia consequatur sed.',NULL,NULL,2,0,'Ut qui iusto laudantium sed quam dolorum vero inventore.','Nulla odit vel dolor sunt ut voluptatibus corrupti ut.','2016-08-27 15:45:50','2016-08-27 15:45:50'),(227,'Model','Collins-Legros','Rustic Concrete Gloves','834','Aut facere neque quia aut.','Quasi quam quos quia molestiae ut est.',NULL,NULL,2,0,'Atque ea et beatae quas repellendus.','Deleniti ut voluptatem distinctio qui ipsam perspiciatis vero.','2016-08-27 15:45:50','2016-08-27 15:45:50'),(228,'Model','Quitzon-Jerde','Ergonomic Granite Car','835','Dolor eum corporis dicta.','Ea velit deserunt ut.',NULL,NULL,2,0,'Deleniti reiciendis nihil distinctio omnis dicta placeat sint.','Vel molestias inventore dignissimos enim velit iusto similique.','2016-08-27 15:45:50','2016-08-27 15:45:50'),(229,'Model','Lowe-Haley','Gorgeous Steel Computer','836','Eaque labore dolor veniam perferendis explicabo itaque.','Velit voluptatem sed officiis alias consequatur aut ut soluta.',NULL,NULL,2,0,'Itaque at consectetur optio quo.','Natus quia ipsam voluptas officiis sunt vel maiores.','2016-08-27 15:45:50','2016-08-27 15:45:50'),(230,'Model','Muller Group','Fantastic Rubber Gloves','837','Sit molestiae et exercitationem quam aut voluptatibus sunt.','Dolorem non voluptate sit eum nihil vel quia ut.',NULL,NULL,2,0,'Deleniti saepe velit aut voluptatem enim.','Laboriosam rerum earum culpa autem commodi inventore.','2016-08-27 15:45:50','2016-08-27 15:45:50'),(231,'Model','Bailey Group','Fantastic Rubber Table','838','Modi sunt nostrum placeat similique aut et est est.','Et sit delectus et voluptatum sed rerum.',NULL,NULL,0,0,'Alias delectus et rerum quasi.','Ut ea fugit quo facere omnis.','2016-08-27 15:45:50','2016-08-27 15:45:50'),(232,'Model','Hauck, Mayert and Cummings','Practical Cotton Shirt','839','Rerum ipsum magnam magni optio nam officia similique quia.','Itaque et non aliquid illum earum impedit.',NULL,NULL,0,0,'Porro dolorem fuga quibusdam amet est magnam aut voluptatem.','Et eveniet aut qui.','2016-08-27 15:45:50','2016-08-27 15:45:50'),(233,'Model','Block, Lehner and Emard','Awesome Plastic Hat','840','Sit nesciunt commodi et dolore fugit.','Quia commodi tenetur id ipsa.',NULL,NULL,0,0,'Non quia dolorem saepe consequatur et fugit.','Ratione eum tempore molestiae.','2016-08-27 15:45:50','2016-08-27 15:45:50'),(234,'Model','Lehner, Thiel and Kunde','Awesome Concrete Hat','841','Ipsum ut fuga praesentium.','Ad debitis quidem qui ipsum.',NULL,NULL,1,0,'Necessitatibus ipsam ullam rerum qui unde est exercitationem.','In ea earum quidem.','2016-08-27 15:45:50','2016-08-27 15:45:50'),(235,'Model','O\'Hara and Sons','Small Wooden Pants','842','Aut ut aut enim amet rerum adipisci repudiandae.','Ipsam ut dolor unde.',NULL,NULL,1,0,'Inventore qui neque nemo.','Fugit iste reprehenderit ipsam dignissimos sint.','2016-08-27 15:45:50','2016-08-27 15:45:50'),(236,'Model','Heathcote, Anderson and McClure','Practical Rubber Table','843','Quia pariatur deleniti ut ducimus.','Nam quo porro consequatur quis fuga eum eveniet.',NULL,NULL,0,0,'Voluptatem tempora voluptas quia eum aut dicta distinctio dolorum.','Non consectetur voluptatem sunt maiores.','2016-08-27 15:45:50','2016-08-27 15:45:50'),(237,'Model','Walker, Emmerich and Boyle','Practical Concrete Chair','844','Pariatur recusandae quis aliquam quo.','Delectus sunt aut dolore odit.',NULL,NULL,1,0,'Aut qui veniam rem culpa corporis qui expedita adipisci.','Recusandae deleniti quis qui est pariatur nostrum repudiandae.','2016-08-27 15:45:50','2016-08-27 15:45:50'),(238,'Model','Ankunding-O\'Hara','Fantastic Concrete Hat','845','Deleniti dolorem velit est asperiores.','Sit earum velit quidem distinctio.',NULL,NULL,1,0,'Molestiae rem dolorum illum assumenda.','Aut autem quo asperiores.','2016-08-22 00:00:00','2016-08-22 00:00:00'),(239,'Model','McGlynn-Walker','Small Rubber Table','846','Odit aut earum fugit dolorem unde aliquid.','Vel sint nobis neque ut quis.',NULL,NULL,0,0,'Amet quo qui suscipit nam corporis ut et.','Explicabo ut necessitatibus vero.','2016-08-22 00:00:00','2016-08-22 00:00:00'),(240,'Model','Shanahan, Hane and Yundt','Rustic Concrete Computer','847','Numquam est voluptas quaerat.','Perferendis nobis quibusdam sequi molestiae qui laudantium quaerat modi.',NULL,NULL,2,0,'Quam libero aut architecto fugiat.','Rem ex odit aspernatur expedita autem provident officiis.','2016-08-22 00:00:00','2016-08-22 00:00:00'),(241,'Model','Shields-Langosh','Small Granite Table','848','Ut dolores eos repudiandae facilis.','Aut et rerum est mollitia neque.',NULL,NULL,0,0,'Sapiente tempora ea minus id totam quis.','Id expedita error dignissimos excepturi sapiente ut.','2016-08-27 15:45:50','2016-08-27 15:45:50'),(242,'Model','Fay-Aufderhar','Small Concrete Hat','849','Eum porro qui quo sapiente.','Earum asperiores voluptas est amet.',NULL,NULL,1,0,'Aut possimus quidem est numquam sit qui sequi nesciunt.','Nobis dolorem perferendis omnis ut sequi mollitia deserunt corporis.','2016-08-27 15:45:50','2016-08-27 15:45:50'),(243,'Model','Lueilwitz-Toy','Ergonomic Steel Shirt','850','Provident et reprehenderit eaque aperiam qui.','Omnis saepe est velit quo consequatur qui.',NULL,NULL,0,0,'Autem quod velit voluptatem consectetur amet.','Et quo in occaecati a architecto ut sed repellendus.','2016-08-27 15:45:50','2016-08-27 15:45:50'),(244,'Model','Hermann LLC','Ergonomic Concrete Gloves','851','Fuga at consequatur quasi in.','Aperiam autem vero beatae earum.',NULL,NULL,3,0,'Nisi ipsam libero inventore quia itaque esse.','Commodi sed tempora ut culpa similique animi.','2016-08-27 15:45:50','2016-08-27 15:45:50'),(245,'Model','Roberts-Ebert','Rustic Steel Pants','852','Nihil omnis exercitationem porro odit delectus ipsam eaque.','Aliquam consequatur quidem quisquam et necessitatibus.',NULL,NULL,3,0,'Ut dolor nostrum quo minima sed ipsa cupiditate.','Itaque qui quibusdam odio.','2016-08-27 15:45:50','2016-08-27 15:45:50'),(246,'Model','Turcotte, Armstrong and Bradtke','Gorgeous Steel Shirt','853','Error dolores sunt facilis ut.','Iste molestiae consequuntur laboriosam ducimus aliquam corrupti non.',NULL,NULL,1,0,'Tenetur est voluptas exercitationem et ab fuga.','Commodi rerum debitis omnis.','2016-08-27 15:45:50','2016-08-27 15:45:50'),(247,'Model','Kemmer-Kuvalis','Awesome Granite Pants','854','Nulla fugiat officia quidem dignissimos praesentium rem.','Id a dolorem sed rem laborum tenetur et.',NULL,NULL,2,0,'Qui natus laudantium aut.','Iure ipsum dignissimos quo est qui velit veniam.','2016-08-27 15:45:50','2016-08-27 15:45:50'),(248,'Model','Runte-Waters','Fantastic Plastic Chair','855','Aut autem numquam voluptatem adipisci.','Modi alias itaque magnam laudantium dicta laborum.',NULL,NULL,2,0,'Laborum corrupti tenetur eos ad amet deserunt.','Mollitia autem expedita perferendis est praesentium inventore similique id.','2016-08-27 15:45:50','2016-08-27 15:45:50'),(249,'Model','Ruecker-Tromp','Gorgeous Plastic Gloves','856','At natus libero itaque sunt aut.','Numquam expedita sequi est aut quis mollitia esse quibusdam.',NULL,NULL,2,0,'Fuga voluptate consectetur ipsum consequatur ad.','Sed voluptas sint est quos tempora quasi aliquam.','2016-08-27 15:45:50','2016-08-27 15:45:50'),(250,'Model','Ryan Group','Ergonomic Plastic Car','857','Sit veritatis deleniti id asperiores voluptatum aut excepturi molestiae.','Illo voluptatum et natus iste quam temporibus nostrum.',NULL,NULL,3,0,'Maxime sed omnis sed molestias non perspiciatis omnis.','Est eveniet non libero qui ex.','2016-08-27 15:45:50','2016-08-27 15:45:50'),(251,'Model','Franecki, Medhurst and Mitchell','Gorgeous Cotton Gloves','858','Aut asperiores iste cumque voluptatem et dolore consequuntur fugiat.','Autem dolorem adipisci fugiat cupiditate eaque officiis.',NULL,NULL,1,0,'Saepe quo ratione expedita.','Voluptate quae praesentium sit molestias.','2016-08-27 15:45:50','2016-08-27 15:45:50'),(252,'Model','Langworth LLC','Gorgeous Steel Gloves','859','Similique quis sit officia in.','Est enim culpa qui vel ab.',NULL,NULL,3,0,'Et est sequi sit reprehenderit quis qui eaque.','Est occaecati nisi nulla.','2016-08-27 15:45:50','2016-08-27 15:45:50'),(253,'Model','Emard, Shanahan and Blick','Sleek Cotton Chair','860','Corrupti id sunt minus placeat quo necessitatibus voluptatem.','Et ut dolore accusamus non eos id hic dolorem.',NULL,NULL,2,0,'Qui laboriosam ipsam voluptatem quis repellendus vel in eos.','Voluptas tempora cupiditate neque optio.','2016-08-27 15:45:50','2016-08-27 15:45:50'),(254,'Model','Vandervort-Armstrong','Rustic Wooden Shirt','861','Distinctio voluptatum mollitia odit exercitationem magnam architecto.','Facere eum voluptas placeat mollitia ad.',NULL,NULL,0,0,'Omnis incidunt ut alias cum corrupti.','Optio repudiandae nostrum quo totam ratione voluptas quaerat.','2016-08-27 15:45:50','2016-08-27 15:45:50'),(255,'Model','Mills and Sons','Fantastic Steel Shirt','862','Quia laborum sint quia.','Exercitationem excepturi veniam et qui et voluptatem distinctio.',NULL,NULL,1,0,'Nulla non qui inventore qui dolor.','Dolorum debitis voluptatem unde veritatis provident laborum explicabo.','2016-08-27 15:45:50','2016-08-27 15:45:50'),(256,'Model','Blick-Bartoletti','Sleek Plastic Table','863','Non aperiam est culpa.','Nemo nam eos eius.',NULL,NULL,2,0,'Molestias eveniet numquam ut aspernatur dolores laborum aliquam earum.','Ducimus placeat sit adipisci unde et nemo tenetur nihil.','2016-08-27 15:45:50','2016-08-27 15:45:50'),(257,'Model','Marquardt, Howe and McGlynn','Fantastic Concrete Pants','864','Quis voluptatem temporibus velit et quia.','Architecto aut qui doloremque id quo.',NULL,NULL,1,0,'Velit qui quidem asperiores dolorum at.','Atque eveniet rerum voluptatum exercitationem enim sed impedit quae.','2016-08-27 15:45:50','2016-08-27 15:45:50'),(258,'Model','Feil LLC','Sleek Wooden Chair','865','Molestias veritatis delectus ex omnis exercitationem.','Iusto eaque et est aperiam quis.',NULL,NULL,2,0,'Ut velit ut earum eveniet.','Tenetur ut quisquam est accusantium quasi corporis dolor magnam.','2016-08-27 15:45:50','2016-08-27 15:45:50'),(259,'Model','Stokes and Sons','Awesome Granite Table','866','Est nulla omnis distinctio.','Sit dolor id laboriosam voluptas molestiae ut.',NULL,NULL,3,0,'Excepturi quasi in aut.','Excepturi suscipit illo at tempora ut voluptatem.','2016-08-27 15:45:50','2016-08-27 15:45:50'),(260,'Model','Herzog, Lockman and Green','Gorgeous Granite Computer','867','Maxime aut doloribus consequuntur architecto.','Doloremque sunt necessitatibus voluptatem sint ut consequatur repellat.',NULL,NULL,2,0,'Voluptas in vero maiores temporibus itaque sapiente.','Facere inventore hic delectus illo porro sit.','2016-08-27 15:45:50','2016-08-27 15:45:50'),(261,'Model','Paucek-Aufderhar','Awesome Plastic Pants','868','Neque quasi quod explicabo odio.','Ex dolor quo modi.',NULL,NULL,2,0,'Temporibus eius iusto unde qui.','Nihil error ex quisquam.','2016-08-27 15:45:50','2016-08-27 15:45:50'),(262,'Model','Purdy, Bartell and Thiel','Fantastic Concrete Car','869','Harum perferendis maiores ut sit.','Illum quia et qui.',NULL,NULL,3,0,'Vero voluptas blanditiis saepe libero non minus quis amet.','Ea qui quo in et.','2016-08-27 15:45:50','2016-08-27 15:45:50'),(263,'Model','Sanford and Sons','Ergonomic Concrete Car','870','Vero porro aperiam suscipit.','Adipisci beatae unde rem.',NULL,NULL,2,0,'Aut eum officiis est a animi et veniam molestiae.','Quia neque rem laboriosam ut et.','2016-08-27 15:45:50','2016-08-27 15:45:50'),(264,'Model','Goodwin Inc','Practical Plastic Shoes','871','Quaerat quia alias quo.','Eos eos quas ullam omnis.',NULL,NULL,3,0,'Praesentium ea eius sed est voluptatum ullam fuga.','Consequatur ut adipisci perspiciatis totam quia et id hic.','2016-08-27 15:45:50','2016-08-27 15:45:50'),(265,'Model','Romaguera-Grant','Incredible Cotton Shirt','872','At a magni neque repellendus porro aut.','Et quia sunt ea porro.',NULL,NULL,2,0,'Voluptas dicta corporis vel sit dignissimos minima ullam accusamus.','Quod ipsa quos sit possimus aut necessitatibus.','2016-08-27 15:45:50','2016-08-27 15:45:50'),(266,'Model','Kozey-Johnson','Rustic Cotton Chair','873','Corrupti quia libero rerum quod quisquam nihil omnis.','Quis et omnis asperiores hic.',NULL,NULL,1,0,'Dolorem nesciunt nisi vel dolor.','Reiciendis voluptatem praesentium magni voluptatem est velit.','2016-08-27 15:45:50','2016-08-27 15:45:50'),(267,'Model','Barton, Fritsch and Purdy','Ergonomic Rubber Table','874','Necessitatibus eum rem beatae pariatur impedit repudiandae modi.','Architecto facilis earum enim.',NULL,NULL,1,0,'Voluptatum eos vitae qui laborum ut quia.','Accusamus nihil eveniet nesciunt blanditiis.','2016-08-27 15:45:50','2016-08-27 15:45:50'),(268,'Model','Lueilwitz Group','Ergonomic Concrete Computer','875','Unde cum nam est sint incidunt.','Et reprehenderit inventore sint magni.',NULL,NULL,3,0,'In at odit nam a aspernatur harum enim aut.','Nesciunt est consequatur omnis quibusdam.','2016-08-27 15:45:50','2016-08-27 15:45:50'),(269,'Model','Grant-Beer','Intelligent Concrete Computer','876','Unde magni itaque sit maxime consequatur ea minima.','Hic ex necessitatibus eius.',NULL,NULL,1,0,'Natus nesciunt qui voluptatem ut optio voluptatibus.','Laborum unde repellat placeat quia consequatur.','2016-08-27 15:45:50','2016-08-27 15:45:50'),(270,'Model','Hayes-Pouros','Gorgeous Granite Hat','877','Et placeat sit tempore exercitationem.','Voluptatem est assumenda mollitia quia sit explicabo consequatur.',NULL,NULL,2,0,'Architecto fugit excepturi unde.','Consectetur id qui cumque nam eos enim excepturi ut.','2016-08-27 15:45:50','2016-08-27 15:45:50'),(271,'Model','Marvin, Ziemann and Zemlak','Small Plastic Computer','878','Suscipit est at sed esse ratione adipisci.','Quam corporis voluptatibus facere occaecati voluptate perferendis.',NULL,NULL,0,0,'Ducimus illum voluptas consequatur aspernatur excepturi et sunt.','Suscipit rerum id ut nam.','2016-08-27 15:45:50','2016-08-27 15:45:50'),(272,'Model','Bashirian, Rice and Boyle','Intelligent Cotton Gloves','879','Reiciendis a quia deserunt ut enim tempore.','Accusantium sequi molestiae qui sed.',NULL,NULL,2,0,'Qui cumque facere sed minus.','Et sit et quia cumque quaerat culpa repudiandae.','2016-08-27 15:45:50','2016-08-27 15:45:50'),(273,'Model','Schaefer, O\'Reilly and Bashirian','Rustic Wooden Shoes','880','Maiores illo recusandae reprehenderit id vel.','Tempora rerum temporibus dolore rerum labore.',NULL,NULL,0,0,'Sapiente similique ad molestiae.','Tempora qui aut optio non quam pariatur inventore quas.','2016-08-27 15:45:50','2016-08-27 15:45:50'),(274,'Model','Mertz Inc','Gorgeous Cotton Shoes','881','Ratione repellendus voluptatibus ducimus.','Sit necessitatibus asperiores qui.',NULL,NULL,1,0,'Vel qui reprehenderit deleniti sequi.','Velit sit id ut error.','2016-08-27 15:45:50','2016-08-27 15:45:50'),(275,'Model','Satterfield, Runolfsson and Conroy','Intelligent Cotton Shirt','882','Totam et dolor in itaque.','Perferendis dolorem itaque aut assumenda.',NULL,NULL,0,0,'Cumque ut sed similique.','Consequatur quia qui error tempora quis.','2016-08-27 15:45:50','2016-08-27 15:45:50'),(276,'Model','Parker, Heaney and Lueilwitz','Practical Plastic Shirt','883','Voluptates quae blanditiis consequatur saepe repellendus.','Doloribus esse possimus facilis perspiciatis accusamus.',NULL,NULL,3,0,'Rerum nobis magni alias quis occaecati.','Eius fuga asperiores voluptatibus.','2016-08-27 15:45:50','2016-08-27 15:45:50'),(277,'Model','Aufderhar Group','Practical Concrete Hat','884','Totam et cum et.','Natus molestiae consectetur sit perspiciatis.',NULL,NULL,2,0,'Qui officiis quia voluptatibus tempore autem quam ut eaque.','Eaque molestias omnis doloribus voluptas minima.','2016-08-27 15:45:50','2016-08-27 15:45:50'),(278,'Model','Bins-Ziemann','Small Cotton Shirt','885','Aut et rem molestias.','Tenetur dolor quo fugit harum sit explicabo fuga.',NULL,NULL,3,0,'Non ab fuga nobis explicabo praesentium error qui.','Eum delectus tempora est nisi architecto repellendus.','2016-08-27 15:45:50','2016-08-27 15:45:50'),(279,'Model','Fahey, Reichel and Hegmann','Gorgeous Concrete Pants','886','Sint perferendis et nulla voluptatem minima rerum in quo.','Sit voluptatem et est totam rerum.',NULL,NULL,1,0,'Architecto error repellat eveniet animi eligendi libero iste.','Ducimus omnis possimus voluptatem ut culpa ea.','2016-08-27 15:45:50','2016-08-27 15:45:50'),(280,'Model','Runte and Sons','Gorgeous Plastic Computer','887','Consequatur autem eius quidem magnam harum et ab consequatur.','Et quia est dolores adipisci beatae aut.',NULL,NULL,0,0,'Possimus placeat autem consequatur quo itaque.','Dolores non ut fugiat quis ipsa adipisci cumque placeat.','2016-08-27 15:45:50','2016-08-27 15:45:50'),(281,'Model','Yundt-Macejkovic','Fantastic Rubber Shirt','888','Quis reiciendis illo quis tempore ut veritatis necessitatibus.','Aspernatur at iure porro quidem.',NULL,NULL,2,0,'Ipsam et eaque dolore quae quisquam architecto culpa vitae.','Labore id sunt magnam.','2016-08-27 15:45:50','2016-08-27 15:45:50'),(282,'Model','Lueilwitz-Doyle','Fantastic Steel Hat','889','Dolore quia cupiditate nulla ipsa cumque.','Exercitationem quas voluptas eius autem animi sapiente natus.',NULL,NULL,3,0,'Est ut sequi possimus libero ipsam nihil.','Voluptatem corrupti deserunt quo.','2016-08-27 15:45:50','2016-08-27 15:45:50'),(283,'Model','Streich-Rippin','Practical Steel Shoes','890','Distinctio autem dolor eius natus minima.','Distinctio qui illo a tempore.',NULL,NULL,2,0,'Rerum saepe nemo debitis ut consequuntur.','Occaecati nulla recusandae voluptatem illum.','2016-08-27 15:45:50','2016-08-27 15:45:50'),(284,'Model','Huel, Davis and Kemmer','Intelligent Concrete Pants','891','Iste natus voluptas sit optio necessitatibus qui culpa.','Dolores aut voluptatem tempora dolorum perferendis.',NULL,NULL,2,0,'Suscipit totam corporis quos maiores ducimus atque.','Voluptatem ut omnis enim ut quo.','2016-08-27 15:45:50','2016-08-27 15:45:50'),(285,'Model','Corkery, Bosco and Mohr','Intelligent Rubber Car','892','Et cupiditate deleniti soluta dicta repudiandae.','Amet iste beatae accusantium voluptate ab dolores enim.',NULL,NULL,0,0,'Sunt dolorem itaque voluptates non.','Est commodi non occaecati iusto aut beatae consequatur.','2016-08-27 15:45:50','2016-08-27 15:45:50'),(286,'Model','Dibbert, Emmerich and Balistreri','Rustic Steel Gloves','893','Culpa et molestiae tempore eos minima a sed tempora.','Perspiciatis voluptas accusantium voluptates placeat est.',NULL,NULL,3,0,'Voluptatem in dolor qui vitae excepturi sed nisi doloremque.','Vitae et cum consequuntur laudantium dolore aut modi.','2016-08-27 15:45:50','2016-08-27 15:45:50'),(287,'Model','Rice and Sons','Sleek Granite Gloves','894','Aut occaecati est voluptates sed at consequatur.','Deleniti doloremque optio ut rerum sint velit perferendis eius.',NULL,NULL,2,0,'Dicta ut autem non ducimus.','Veniam delectus quis sint eum nobis.','2016-08-27 15:45:50','2016-08-27 15:45:50'),(288,'Model','Marquardt, Renner and VonRueden','Rustic Wooden Car','895','Qui fugit totam ut.','Quia sed reiciendis et vitae esse aut deserunt eligendi.',NULL,NULL,0,0,'Nihil ut vitae est repellat.','Impedit dolores et voluptatem mollitia qui.','2016-08-27 15:45:50','2016-08-27 15:45:50'),(289,'Model','Johnston-O\'Kon','Gorgeous Cotton Pants','896','Rerum accusantium atque perferendis incidunt quisquam.','Deserunt culpa voluptatem praesentium molestiae laboriosam quia debitis temporibus.',NULL,NULL,0,0,'Beatae perspiciatis fugit dignissimos a debitis eos.','Nihil non consequuntur inventore a in.','2016-08-27 15:45:50','2016-08-27 15:45:50'),(290,'Model','Botsford, Kris and Crooks','Intelligent Wooden Car','897','Autem ut temporibus est.','Repellendus qui velit molestiae neque sit.',NULL,NULL,2,0,'Molestiae et unde qui commodi doloremque velit.','Reprehenderit voluptatem quod qui doloribus.','2016-08-27 15:45:50','2016-08-27 15:45:50'),(291,'Model','Hodkiewicz Inc','Fantastic Granite Pants','898','Rerum velit perspiciatis laboriosam commodi voluptatem aliquid dignissimos aut.','Nihil laudantium est necessitatibus.',NULL,NULL,2,0,'Nemo ut soluta corporis minus atque sint.','Nobis vitae esse accusamus facere rerum repellat blanditiis.','2016-08-27 15:45:50','2016-08-27 15:45:50'),(292,'Model','Wuckert, Lindgren and Simonis','Awesome Steel Shoes','899','Est nam et earum.','Est possimus minus suscipit ipsum.',NULL,NULL,1,0,'Aut est dolorum asperiores pariatur.','Suscipit corrupti voluptatem in mollitia eum cum.','2016-08-27 15:45:50','2016-08-27 15:45:50'),(293,'Model','Weimann-Hudson','Awesome Cotton Gloves','900','Quia explicabo distinctio vero vitae ducimus ipsa asperiores.','Enim consectetur possimus quo eius blanditiis adipisci.',NULL,NULL,3,0,'Nam consequatur pariatur harum sunt.','Qui ut praesentium assumenda corrupti officiis.','2016-08-27 15:45:50','2016-08-27 15:45:50'),(294,'Model','Runolfsdottir-Denesik','Gorgeous Granite Chair','901','Dolore earum nam dolorum aliquid sunt.','Illum eaque sint qui.',NULL,NULL,0,0,'Eaque hic dolorem tenetur nihil.','Aut repellendus labore corrupti vero voluptate.','2016-08-27 15:45:50','2016-08-27 15:45:50'),(295,'Model','Schneider and Sons','Intelligent Cotton Hat','902','Consequatur est facilis architecto placeat dignissimos quaerat.','Dolore optio debitis commodi molestiae exercitationem quia facere.',NULL,NULL,1,0,'Dolores porro quisquam quae itaque voluptatem fuga.','Aut consequatur est aliquid qui mollitia.','2016-08-27 15:45:50','2016-08-27 15:45:50'),(296,'Model','Mayer Group','Gorgeous Concrete Computer','903','Nobis in ipsa omnis ea officiis illo minus odio.','Animi sint earum enim.',NULL,NULL,1,0,'Dolorum et odit ut qui corporis repellat qui.','Et optio consequuntur in totam qui.','2016-08-27 15:45:50','2016-08-27 15:45:50'),(297,'Model','Prohaska Inc','Fantastic Steel Table','904','Dolor molestiae eos quia qui sint et iusto quae.','Delectus voluptas excepturi quo deleniti eos eum molestiae numquam.',NULL,NULL,0,0,'Iure sapiente illo ut quibusdam molestiae aut iusto quis.','Perferendis dolorem explicabo totam magni voluptatem.','2016-08-27 15:45:50','2016-08-27 15:45:50'),(298,'Model','Fahey, Dicki and Treutel','Practical Plastic Gloves','905','Quo optio sequi quidem corrupti iusto.','Quod fuga qui qui distinctio enim rem suscipit.',NULL,NULL,2,0,'Doloribus accusamus sed et voluptate atque omnis.','Quis nobis praesentium in.','2016-08-27 15:45:50','2016-08-27 15:45:50'),(299,'Model','Luettgen-Powlowski','Gorgeous Steel Chair','906','Distinctio saepe facilis ipsum autem ex beatae.','Ut aliquid quia accusantium.',NULL,NULL,2,0,'Autem suscipit et qui optio consequatur.','Dignissimos nobis cupiditate harum quia dolorem reiciendis quae enim.','2016-08-27 15:45:50','2016-08-27 15:45:50'),(300,'Model','Runte Inc','Small Steel Computer','907','Consectetur adipisci voluptates laudantium in quaerat dicta.','Rerum quod assumenda recusandae architecto amet.',NULL,NULL,2,0,'Aut ipsa et in non enim.','Enim voluptate sunt ut consectetur iure ut placeat necessitatibus.','2016-08-27 15:45:50','2016-08-27 15:45:50'),(301,'Model','Hermann and Sons','Small Cotton Shoes','908','Illo est et cum perferendis.','Doloribus possimus maxime ea voluptatum et.',NULL,NULL,1,0,'Eum iste ducimus soluta nesciunt corrupti aut.','Qui ad dolores itaque praesentium explicabo aut et.','2016-08-27 15:45:50','2016-08-27 15:45:50'),(302,'Model','Berge-Mayert','Gorgeous Plastic Shirt','909','Temporibus amet laborum iste qui est deleniti.','Dicta numquam hic aut et.',NULL,NULL,0,0,'In magni quis ut.','Id deserunt sed repellat maxime quas sed animi qui.','2016-08-27 15:45:50','2016-08-27 15:45:50'),(303,'Model','Daniel Inc','Rustic Rubber Chair','910','Aut mollitia quisquam illo error dicta.','Placeat neque molestiae vero.',NULL,NULL,0,0,'Quasi et exercitationem inventore debitis.','Soluta quia odit eaque in iusto.','2016-08-27 15:45:50','2016-08-27 15:45:50'),(304,'Model','Wilderman-Powlowski','Gorgeous Concrete Shoes','911','Totam hic quam voluptatem numquam nobis.','Quis perspiciatis reiciendis asperiores est recusandae qui ipsa.',NULL,NULL,3,0,'Nihil aut vel pariatur sint veritatis nemo explicabo quis.','In ducimus deserunt minima in et nisi totam voluptatem.','2016-08-27 15:45:50','2016-08-27 15:45:50'),(305,'Model','Kozey and Sons','Sleek Cotton Table','912','Ipsum culpa voluptatem reiciendis nisi dolore in.','Accusamus nostrum esse nesciunt natus necessitatibus id.',NULL,NULL,1,0,'Qui aut enim ut veritatis eum reiciendis architecto.','Itaque cumque aut aut earum eveniet illum voluptas.','2016-08-27 15:45:50','2016-08-27 15:45:50'),(306,'Model','Abshire Group','Gorgeous Concrete Hat','913','Ut ut et praesentium.','Odio adipisci et ipsum eum id.',NULL,NULL,1,0,'Aperiam modi laudantium nisi odit iure.','Natus et non aut tempore sed magnam.','2016-08-27 15:45:50','2016-08-27 15:45:50'),(307,'Model','Feil-Adams','Incredible Cotton Chair','914','Et quisquam et cum eos doloremque.','Fugiat eum qui quo reiciendis temporibus minima vitae.',NULL,NULL,2,0,'Autem odio illo quae cumque architecto animi.','Et quos vel ipsum est et qui dolorum est.','2016-08-27 15:45:50','2016-08-27 15:45:50'),(308,'Model','Larson, Hills and Sauer','Small Rubber Pants','915','Quis et ab quas eos tempora neque.','Accusantium praesentium similique accusamus.',NULL,NULL,3,0,'Autem tenetur possimus minus rerum quidem quas et.','Inventore sed non impedit odit.','2016-08-27 15:45:50','2016-08-27 15:45:50'),(309,'Model','Braun-Goodwin','Incredible Steel Hat','916','Qui corporis expedita aut error consequuntur incidunt officia qui.','Enim aliquam a maiores corrupti magnam consectetur.',NULL,NULL,0,0,'Quasi repudiandae modi molestiae eum atque alias.','Nobis voluptas magni modi accusantium eveniet.','2016-08-27 15:45:50','2016-08-27 15:45:50'),(310,'Model','Kautzer and Sons','Practical Steel Computer','917','At illo est pariatur consequatur nulla est iste.','Iusto iure quia cumque dolorem perspiciatis voluptatum error.',NULL,NULL,2,0,'Sit voluptas enim cupiditate.','Consectetur reiciendis neque recusandae repellendus.','2016-08-27 15:45:50','2016-08-27 15:45:50'),(311,'Software','Weber, Stiedemann and Purdy','Awesome Rubber Table','918',NULL,NULL,NULL,NULL,0,0,NULL,NULL,'2016-08-27 15:45:50','2016-08-27 15:45:50'),(312,'Model','Kohler, Jerde and Labadie','Small Plastic Car','919','Minus rem reprehenderit quia atque dolore.','Architecto perspiciatis doloribus libero mollitia.',NULL,NULL,0,0,'Quisquam nam earum cum.','Soluta qui ipsa dicta nulla eum facere aut.','2016-08-27 15:45:50','2016-08-27 15:45:50'),(313,'Model','Stracke Group','Gorgeous Wooden Hat','920','Molestiae qui ut dignissimos dolor magni perspiciatis cupiditate.','Quo quos dolores delectus molestias.',NULL,NULL,1,0,'Qui consectetur distinctio occaecati mollitia ut dolor dignissimos et.','Expedita aut fugiat quod.','2016-08-27 15:45:50','2016-08-27 15:45:50'),(314,'Model','Goodwin Inc','Small Granite Computer','921','Necessitatibus officia explicabo ut et doloribus incidunt.','Sunt in aut vero placeat dicta enim sit.',NULL,NULL,2,0,'Quo molestiae voluptatum amet sint aperiam nihil assumenda sed.','Voluptatem modi minima consequatur quas nostrum ipsam quo.','2016-08-27 15:45:50','2016-08-27 15:45:50'),(315,'Model','Braun Group','Sleek Rubber Table','922','Qui beatae optio dolores impedit deserunt totam.','Voluptatum nam esse eveniet harum id consequatur.',NULL,NULL,2,0,'Illum sunt quam ut.','Ab facilis cumque aut ut tempora.','2016-08-27 15:45:50','2016-08-27 15:45:50');
/*!40000 ALTER TABLE `models` ENABLE KEYS */;
UNLOCK TABLES;

--
-- Table structure for table `models_compatibles`
--

DROP TABLE IF EXISTS `models_compatibles`;
/*!40101 SET @saved_cs_client     = @@character_set_client */;
/*!40101 SET character_set_client = utf8 */;
CREATE TABLE `models_compatibles` (
  `model_id` int(11) DEFAULT NULL,
  `compatible_id` int(11) DEFAULT NULL,
  KEY `index_models_compatibles_on_compatible_id` (`compatible_id`),
  KEY `index_models_compatibles_on_model_id` (`model_id`),
  CONSTRAINT `models_compatibles_compatible_id_fk` FOREIGN KEY (`compatible_id`) REFERENCES `models` (`id`),
  CONSTRAINT `models_compatibles_model_id_fk` FOREIGN KEY (`model_id`) REFERENCES `models` (`id`)
) ENGINE=InnoDB DEFAULT CHARSET=utf8 COLLATE=utf8_unicode_ci;
/*!40101 SET character_set_client = @saved_cs_client */;

--
-- Dumping data for table `models_compatibles`
--

LOCK TABLES `models_compatibles` WRITE;
/*!40000 ALTER TABLE `models_compatibles` DISABLE KEYS */;
INSERT INTO `models_compatibles` VALUES (152,151),(153,151),(154,151);
/*!40000 ALTER TABLE `models_compatibles` ENABLE KEYS */;
UNLOCK TABLES;

--
-- Table structure for table `notifications`
--

DROP TABLE IF EXISTS `notifications`;
/*!40101 SET @saved_cs_client     = @@character_set_client */;
/*!40101 SET character_set_client = utf8 */;
CREATE TABLE `notifications` (
  `id` int(11) NOT NULL AUTO_INCREMENT,
  `user_id` int(11) DEFAULT NULL,
  `title` varchar(255) COLLATE utf8_unicode_ci DEFAULT '',
  `created_at` datetime NOT NULL,
  PRIMARY KEY (`id`),
  KEY `index_notifications_on_user_id` (`user_id`),
  CONSTRAINT `notifications_user_id_fk` FOREIGN KEY (`user_id`) REFERENCES `users` (`id`) ON DELETE CASCADE
) ENGINE=InnoDB DEFAULT CHARSET=utf8 COLLATE=utf8_unicode_ci;
/*!40101 SET character_set_client = @saved_cs_client */;

--
-- Dumping data for table `notifications`
--

LOCK TABLES `notifications` WRITE;
/*!40000 ALTER TABLE `notifications` DISABLE KEYS */;
/*!40000 ALTER TABLE `notifications` ENABLE KEYS */;
UNLOCK TABLES;

--
-- Table structure for table `numerators`
--

DROP TABLE IF EXISTS `numerators`;
/*!40101 SET @saved_cs_client     = @@character_set_client */;
/*!40101 SET character_set_client = utf8 */;
CREATE TABLE `numerators` (
  `id` int(11) NOT NULL AUTO_INCREMENT,
  `item` int(11) DEFAULT NULL,
  PRIMARY KEY (`id`)
) ENGINE=InnoDB DEFAULT CHARSET=utf8 COLLATE=utf8_unicode_ci;
/*!40101 SET character_set_client = @saved_cs_client */;

--
-- Dumping data for table `numerators`
--

LOCK TABLES `numerators` WRITE;
/*!40000 ALTER TABLE `numerators` DISABLE KEYS */;
/*!40000 ALTER TABLE `numerators` ENABLE KEYS */;
UNLOCK TABLES;

--
-- Table structure for table `options`
--

DROP TABLE IF EXISTS `options`;
/*!40101 SET @saved_cs_client     = @@character_set_client */;
/*!40101 SET character_set_client = utf8 */;
CREATE TABLE `options` (
  `id` int(11) NOT NULL AUTO_INCREMENT,
  `inventory_pool_id` int(11) DEFAULT NULL,
  `inventory_code` varchar(255) COLLATE utf8_unicode_ci DEFAULT NULL,
  `manufacturer` varchar(255) COLLATE utf8_unicode_ci DEFAULT NULL,
  `product` varchar(255) COLLATE utf8_unicode_ci NOT NULL,
  `version` varchar(255) COLLATE utf8_unicode_ci DEFAULT NULL,
  `price` decimal(8,2) DEFAULT NULL,
  PRIMARY KEY (`id`),
  KEY `index_options_on_inventory_pool_id` (`inventory_pool_id`),
  CONSTRAINT `options_inventory_pool_id_fk` FOREIGN KEY (`inventory_pool_id`) REFERENCES `inventory_pools` (`id`)
) ENGINE=InnoDB AUTO_INCREMENT=7 DEFAULT CHARSET=utf8 COLLATE=utf8_unicode_ci;
/*!40101 SET character_set_client = @saved_cs_client */;

--
-- Dumping data for table `options`
--

LOCK TABLES `options` WRITE;
/*!40000 ALTER TABLE `options` DISABLE KEYS */;
INSERT INTO `options` VALUES (1,1,'akku-aa',NULL,'Akku AA','724','254.00'),(2,1,'akku-aaa',NULL,'Akku AAA','725','976.00'),(3,1,'usb',NULL,'USB Kabel','726','845.00'),(4,1,'adi9565',NULL,'Incredible Wooden Table','824','101.00'),(5,1,'cup9634',NULL,'Small Cotton Shoes','826','689.00'),(6,2,'mag10908',NULL,'Intelligent Wooden Car','832','1328.00');
/*!40000 ALTER TABLE `options` ENABLE KEYS */;
UNLOCK TABLES;

--
-- Table structure for table `partitions`
--

DROP TABLE IF EXISTS `partitions`;
/*!40101 SET @saved_cs_client     = @@character_set_client */;
/*!40101 SET character_set_client = utf8 */;
CREATE TABLE `partitions` (
  `id` int(11) NOT NULL AUTO_INCREMENT,
  `model_id` int(11) DEFAULT NULL,
  `inventory_pool_id` int(11) DEFAULT NULL,
  `group_id` int(11) DEFAULT NULL,
  `quantity` int(11) DEFAULT NULL,
  PRIMARY KEY (`id`),
  UNIQUE KEY `index_partitions_on_model_id_and_inventory_pool_id_and_group_id` (`model_id`,`inventory_pool_id`,`group_id`),
  KEY `partitions_group_id_fk` (`group_id`),
  KEY `partitions_inventory_pool_id_fk` (`inventory_pool_id`),
  CONSTRAINT `partitions_model_id_fk` FOREIGN KEY (`model_id`) REFERENCES `models` (`id`) ON DELETE CASCADE,
  CONSTRAINT `partitions_group_id_fk` FOREIGN KEY (`group_id`) REFERENCES `groups` (`id`),
  CONSTRAINT `partitions_inventory_pool_id_fk` FOREIGN KEY (`inventory_pool_id`) REFERENCES `inventory_pools` (`id`)
) ENGINE=InnoDB AUTO_INCREMENT=12 DEFAULT CHARSET=utf8 COLLATE=utf8_unicode_ci;
/*!40101 SET character_set_client = @saved_cs_client */;

--
-- Dumping data for table `partitions`
--

LOCK TABLES `partitions` WRITE;
/*!40000 ALTER TABLE `partitions` DISABLE KEYS */;
INSERT INTO `partitions` VALUES (1,115,1,4,1),(2,153,1,5,1),(3,154,1,6,5),(4,152,1,1,1),(5,84,1,1,1),(6,84,1,2,1),(7,171,1,7,1),(8,178,1,7,1),(9,185,1,7,1),(10,195,1,8,1),(11,203,1,7,1);
/*!40000 ALTER TABLE `partitions` ENABLE KEYS */;
UNLOCK TABLES;

--
-- Temporary table structure for view `partitions_with_generals`
--

DROP TABLE IF EXISTS `partitions_with_generals`;
/*!50001 DROP VIEW IF EXISTS `partitions_with_generals`*/;
SET @saved_cs_client     = @@character_set_client;
SET character_set_client = utf8;
/*!50001 CREATE TABLE `partitions_with_generals` (
  `model_id` int(11),
  `inventory_pool_id` int(11),
  `group_id` int(11),
  `quantity` decimal(33,0)
) ENGINE=MyISAM */;
SET character_set_client = @saved_cs_client;

--
-- Table structure for table `properties`
--

DROP TABLE IF EXISTS `properties`;
/*!40101 SET @saved_cs_client     = @@character_set_client */;
/*!40101 SET character_set_client = utf8 */;
CREATE TABLE `properties` (
  `id` int(11) NOT NULL AUTO_INCREMENT,
  `model_id` int(11) DEFAULT NULL,
  `key` varchar(255) COLLATE utf8_unicode_ci DEFAULT NULL,
  `value` varchar(255) COLLATE utf8_unicode_ci DEFAULT NULL,
  PRIMARY KEY (`id`),
  KEY `index_properties_on_model_id` (`model_id`),
  CONSTRAINT `properties_model_id_fk` FOREIGN KEY (`model_id`) REFERENCES `models` (`id`) ON DELETE CASCADE
) ENGINE=InnoDB AUTO_INCREMENT=13 DEFAULT CHARSET=utf8 COLLATE=utf8_unicode_ci;
/*!40101 SET character_set_client = @saved_cs_client */;

--
-- Dumping data for table `properties`
--

LOCK TABLES `properties` WRITE;
/*!40000 ALTER TABLE `properties` DISABLE KEYS */;
INSERT INTO `properties` VALUES (1,152,'Rotorduchmesser','120'),(2,152,'Akkus','2'),(3,152,'Farbe','Rot'),(4,153,'Rotorduchmesser','120'),(5,153,'Akkus','2'),(6,153,'Farbe','Rot'),(7,153,'max. Speed','80 kmh'),(8,153,'Gyro','Ja'),(9,153,'Achsen','3-Achsen'),(10,154,'Rotorduchmesser','120'),(11,154,'Akkus','2'),(12,154,'Farbe','Rot');
/*!40000 ALTER TABLE `properties` ENABLE KEYS */;
UNLOCK TABLES;

--
-- Table structure for table `purposes`
--

DROP TABLE IF EXISTS `purposes`;
/*!40101 SET @saved_cs_client     = @@character_set_client */;
/*!40101 SET character_set_client = utf8 */;
CREATE TABLE `purposes` (
  `id` int(11) NOT NULL AUTO_INCREMENT,
  `description` text COLLATE utf8_unicode_ci,
  PRIMARY KEY (`id`)
) ENGINE=InnoDB AUTO_INCREMENT=48 DEFAULT CHARSET=utf8 COLLATE=utf8_unicode_ci;
/*!40101 SET character_set_client = @saved_cs_client */;

--
-- Dumping data for table `purposes`
--

LOCK TABLES `purposes` WRITE;
/*!40000 ALTER TABLE `purposes` DISABLE KEYS */;
INSERT INTO `purposes` VALUES (1,'---\n- Facere ipsam iure.\n- Adipisci magnam reprehenderit ex suscipit minima incidunt delectus.\n'),(2,'---\n- Quia alias voluptatibus ipsam numquam facilis.\n- Dolor ut perspiciatis non voluptatem in eum.\n'),(3,'Ersatzstativ fr die Ausstellung.'),(4,'Ersatzstativ fr die Ausstellung.'),(5,'Ersatzstativ fr die Ausstellung.'),(6,'Ersatzstativ fr die Ausstellung.'),(7,'Ersatzstativ fr die Ausstellung.'),(8,'Ersatzstativ fr die Ausstellung.'),(9,'Ersatzstativ fr die Ausstellung.'),(10,'Ersatzstativ fr die Ausstellung.'),(11,'Ersatzstativ fr die Ausstellung.'),(12,'Ersatzstativ fr die Ausstellung.'),(13,'Ersatzstativ fr die Ausstellung.'),(14,'Ersatzstativ fr die Ausstellung.'),(15,'Doloremque veritatis incidunt ducimus ad numquam.'),(16,'Nisi qui dolorem debitis nihil aut doloremque consequuntur culpa.'),(17,'Pariatur sint rem quam sequi.'),(18,'Quo iure vero rerum sequi ab.'),(19,'Placeat quisquam facere reprehenderit voluptatem pariatur.'),(20,'Ratione enim nihil aut libero ducimus enim eveniet.'),(21,'Provident sint id voluptatem.'),(22,'Nisi inventore ut non reiciendis et omnis.'),(23,'Bentige ich fr die Aufnahmen meiner Abschlussarbeit.'),(24,'Accusamus ratione inventore aut eaque harum cumque dolore.'),(25,'Ut ut et reiciendis quia nisi qui temporibus.'),(26,'Doloribus nostrum culpa eligendi.'),(27,'Sunt vitae reiciendis maiores cupiditate.'),(28,'Ersatzstativ fr die Ausstellung.'),(29,'Fr das zweite Austellungswochenende.'),(30,'Fr das dritte Austellungswochenende.'),(31,'Fr die Abschlussarbeit.'),(32,'Ersatzstativ fr die Ausstellung.'),(33,'Bestellung mit Software'),(34,'Bestellung mit Gegenstand ohne Ort'),(35,'Um meine Abschlussarbeit zu fotografieren.'),(36,'Similique assumenda qui ad molestiae sit aliquid illum.'),(37,'Um meine Abschlussarbeit zu fotografieren.'),(38,'Um meine Abschlussarbeit zu fotografieren.'),(39,'Praesentium porro maiores doloremque qui illum sit est.'),(40,'Paketausgabe'),(41,'Fr meinen aktuellen Kurs.'),(42,'Ersatzstativ fr die Ausstellung.'),(43,'Um meine Abschlussarbeit zu fotografieren.'),(44,'Fotoshooting (Kurs Fotografie).'),(45,'Brauche ich zwingend fr meinen Kurs.'),(46,'Ganz dringend bentigt fr meine Abschlussarbeit.'),(47,'Als Ersatz.');
/*!40000 ALTER TABLE `purposes` ENABLE KEYS */;
UNLOCK TABLES;

--
-- Table structure for table `schema_migrations`
--

DROP TABLE IF EXISTS `schema_migrations`;
/*!40101 SET @saved_cs_client     = @@character_set_client */;
/*!40101 SET character_set_client = utf8 */;
CREATE TABLE `schema_migrations` (
  `version` varchar(255) COLLATE utf8_unicode_ci NOT NULL,
  UNIQUE KEY `unique_schema_migrations` (`version`)
) ENGINE=InnoDB DEFAULT CHARSET=utf8 COLLATE=utf8_unicode_ci;
/*!40101 SET character_set_client = @saved_cs_client */;

--
-- Dumping data for table `schema_migrations`
--

LOCK TABLES `schema_migrations` WRITE;
/*!40000 ALTER TABLE `schema_migrations` DISABLE KEYS */;
INSERT INTO `schema_migrations` VALUES ('20140410180000'),('20140414100000'),('20140415083535'),('20140417113831'),('20140428092844'),('20140515131025'),('20140812132326'),('20140820100242'),('20140828082448'),('20140901141016'),('20140903105715'),('20140905091014');
/*!40000 ALTER TABLE `schema_migrations` ENABLE KEYS */;
UNLOCK TABLES;

--
-- Table structure for table `settings`
--

DROP TABLE IF EXISTS `settings`;
/*!40101 SET @saved_cs_client     = @@character_set_client */;
/*!40101 SET character_set_client = utf8 */;
CREATE TABLE `settings` (
  `id` int(11) NOT NULL AUTO_INCREMENT,
  `smtp_address` varchar(255) COLLATE utf8_unicode_ci DEFAULT NULL,
  `smtp_port` int(11) DEFAULT NULL,
  `smtp_domain` varchar(255) COLLATE utf8_unicode_ci DEFAULT NULL,
  `local_currency_string` varchar(255) COLLATE utf8_unicode_ci DEFAULT NULL,
  `contract_terms` text COLLATE utf8_unicode_ci,
  `contract_lending_party_string` text COLLATE utf8_unicode_ci,
  `email_signature` varchar(255) COLLATE utf8_unicode_ci DEFAULT NULL,
  `default_email` varchar(255) COLLATE utf8_unicode_ci DEFAULT NULL,
  `deliver_order_notifications` tinyint(1) DEFAULT NULL,
  `user_image_url` varchar(255) COLLATE utf8_unicode_ci DEFAULT NULL,
  `ldap_config` varchar(255) COLLATE utf8_unicode_ci DEFAULT NULL,
  `logo_url` varchar(255) COLLATE utf8_unicode_ci DEFAULT NULL,
  `mail_delivery_method` varchar(255) COLLATE utf8_unicode_ci DEFAULT NULL,
  `smtp_username` varchar(255) COLLATE utf8_unicode_ci DEFAULT NULL,
  `smtp_password` varchar(255) COLLATE utf8_unicode_ci DEFAULT NULL,
  `smtp_enable_starttls_auto` tinyint(1) NOT NULL DEFAULT '0',
  `smtp_openssl_verify_mode` varchar(255) COLLATE utf8_unicode_ci NOT NULL DEFAULT 'none',
  `time_zone` varchar(255) COLLATE utf8_unicode_ci NOT NULL DEFAULT 'Bern',
  `disable_manage_section` tinyint(1) NOT NULL DEFAULT '0',
  `disable_manage_section_message` text COLLATE utf8_unicode_ci,
  `disable_borrow_section` tinyint(1) NOT NULL DEFAULT '0',
  `disable_borrow_section_message` text COLLATE utf8_unicode_ci,
  `text` text COLLATE utf8_unicode_ci,
  PRIMARY KEY (`id`)
) ENGINE=InnoDB AUTO_INCREMENT=2 DEFAULT CHARSET=utf8 COLLATE=utf8_unicode_ci;
/*!40101 SET character_set_client = @saved_cs_client */;

--
-- Dumping data for table `settings`
--

LOCK TABLES `settings` WRITE;
/*!40000 ALTER TABLE `settings` DISABLE KEYS */;
INSERT INTO `settings` VALUES (1,'smtp.zhdk.ch',25,'beta.ausleihe.zhdk.ch','CHF','Die Benutzerin/der Benutzer ist bei unsachgemsser Handhabung oder Verlust schadenersatzpflichtig. Sie/Er verpflichtet sich, das Material sorgfltig zu behandeln und gereinigt zu retournieren. Bei mangelbehafteter oder verspteter Rckgabe kann eine Ausleihsperre (bis zu 6 Monaten) verhngt werden. Das geliehene Material bleibt jederzeit uneingeschrnktes Eigentum der Zrcher Hochschule der Knste und darf ausschliesslich fr schulische Zwecke eingesetzt werden. Mit ihrer/seiner Unterschrift akzeptiert die Benutzerin/der Benutzer diese Bedingungen sowie die \'Richtlinie zur Ausleihe von Sachen\' der ZHdK und etwaige abteilungsspezifische Ausleih-Richtlinien.','Your\nAddress\nHere','Das PZ-leihs Team','sender@example.com',0,'http://www.zhdk.ch/?person/foto&width=100&compressionlevel=0&id={:id}',NULL,'/assets/image-logo-zhdk.png','test',NULL,NULL,0,'none','Bern',0,NULL,0,NULL,NULL);
/*!40000 ALTER TABLE `settings` ENABLE KEYS */;
UNLOCK TABLES;

--
-- Table structure for table `suppliers`
--

DROP TABLE IF EXISTS `suppliers`;
/*!40101 SET @saved_cs_client     = @@character_set_client */;
/*!40101 SET character_set_client = utf8 */;
CREATE TABLE `suppliers` (
  `id` int(11) NOT NULL AUTO_INCREMENT,
  `name` varchar(255) COLLATE utf8_unicode_ci NOT NULL,
  `created_at` datetime DEFAULT NULL,
  `updated_at` datetime DEFAULT NULL,
  PRIMARY KEY (`id`),
  UNIQUE KEY `index_suppliers_on_name` (`name`)
) ENGINE=InnoDB AUTO_INCREMENT=279 DEFAULT CHARSET=utf8 COLLATE=utf8_unicode_ci;
/*!40101 SET character_set_client = @saved_cs_client */;

--
-- Dumping data for table `suppliers`
--

LOCK TABLES `suppliers` WRITE;
/*!40000 ALTER TABLE `suppliers` DISABLE KEYS */;
INSERT INTO `suppliers` VALUES (1,'nequenatusomnisconsequatur','2016-08-27 15:45:50','2016-08-27 15:45:50'),(2,'animisitillumpraesentium','2016-08-27 15:45:50','2016-08-27 15:45:50'),(3,'fugitcumasperiores','2016-08-27 15:45:50','2016-08-27 15:45:50'),(4,'voluptasveniamadiure','2016-08-27 15:45:50','2016-08-27 15:45:50'),(5,'sitcorruptiofficiisveniamipsum','2016-08-27 15:45:50','2016-08-27 15:45:50'),(6,'doloremqueautquiaet','2016-08-27 15:45:50','2016-08-27 15:45:50'),(7,'delenitimodivelnonmolestias','2016-08-27 15:45:50','2016-08-27 15:45:50'),(8,'etqui','2016-08-27 15:45:50','2016-08-27 15:45:50'),(9,'utet','2016-08-27 15:45:50','2016-08-27 15:45:50'),(10,'evenietseddoloremullam','2016-08-27 15:45:50','2016-08-27 15:45:50'),(11,'quolaborum','2016-08-27 15:45:50','2016-08-27 15:45:50'),(12,'etdelectus','2016-08-27 15:45:50','2016-08-27 15:45:50'),(13,'earumeaque','2016-08-27 15:45:50','2016-08-27 15:45:50'),(14,'etrecusandaebeataeeaque','2016-08-27 15:45:50','2016-08-27 15:45:50'),(15,'reruminideaquidem','2016-08-27 15:45:50','2016-08-27 15:45:50'),(16,'praesentiumminustemporedeseruntadipisci','2016-08-27 15:45:50','2016-08-27 15:45:50'),(17,'utofficiisenimvelitquod','2016-08-27 15:45:50','2016-08-27 15:45:50'),(18,'suntquidemundeut','2016-08-27 15:45:50','2016-08-27 15:45:50'),(19,'quisquamnumquamconsequatur','2016-08-27 15:45:50','2016-08-27 15:45:50'),(20,'rerumdignissimosutdolorconsequatur','2016-08-27 15:45:50','2016-08-27 15:45:50'),(21,'remearumeaducimus','2016-08-27 15:45:50','2016-08-27 15:45:50'),(22,'quaeratsitaccusantiumiureet','2016-08-27 15:45:50','2016-08-27 15:45:50'),(23,'quassunt','2016-08-27 15:45:50','2016-08-27 15:45:50'),(24,'eosundeomnisnecessitatibusest','2016-08-27 15:45:50','2016-08-27 15:45:50'),(25,'rerumfugiteius','2016-08-27 15:45:50','2016-08-27 15:45:50'),(26,'voluptatemetfacilis','2016-08-27 15:45:50','2016-08-27 15:45:50'),(27,'quasiutculpa','2016-08-27 15:45:50','2016-08-27 15:45:50'),(28,'providenteteius','2016-08-27 15:45:50','2016-08-27 15:45:50'),(29,'atquevoluptasaspernaturearum','2016-08-27 15:45:50','2016-08-27 15:45:50'),(30,'nostrumvoluptatemofficiiseosut','2016-08-27 15:45:50','2016-08-27 15:45:50'),(31,'quamiureaperiammaioresperspiciatis','2016-08-27 15:45:50','2016-08-27 15:45:50'),(32,'quietaspernaturautemautem','2016-08-27 15:45:50','2016-08-27 15:45:50'),(33,'perferendisetlaboriosam','2016-08-27 15:45:50','2016-08-27 15:45:50'),(34,'etsuscipiteossaepeet','2016-08-27 15:45:50','2016-08-27 15:45:50'),(35,'optiovoluptasdignissimosaccusantiumneque','2016-08-27 15:45:50','2016-08-27 15:45:50'),(36,'namodio','2016-08-27 15:45:50','2016-08-27 15:45:50'),(37,'iustosintmolestiaeoccaecaticulpa','2016-08-27 15:45:50','2016-08-27 15:45:50'),(38,'optiodoloremquefacereat','2016-08-27 15:45:50','2016-08-27 15:45:50'),(39,'etautsit','2016-08-27 15:45:50','2016-08-27 15:45:50'),(40,'velitpossimus','2016-08-27 15:45:50','2016-08-27 15:45:50'),(41,'doloresporroenimvoluptates','2016-08-27 15:45:50','2016-08-27 15:45:50'),(42,'utrepellat','2016-08-27 15:45:50','2016-08-27 15:45:50'),(43,'porrorecusandaeautemquis','2016-08-27 15:45:50','2016-08-27 15:45:50'),(44,'optiovoluptasnonvelitillo','2016-08-27 15:45:50','2016-08-27 15:45:50'),(45,'inciduntdolor','2016-08-27 15:45:50','2016-08-27 15:45:50'),(46,'veritatisrationeinventore','2016-08-27 15:45:50','2016-08-27 15:45:50'),(47,'namut','2016-08-27 15:45:50','2016-08-27 15:45:50'),(48,'doloremqueet','2016-08-27 15:45:50','2016-08-27 15:45:50'),(49,'suntnonculpaminus','2016-08-27 15:45:50','2016-08-27 15:45:50'),(50,'eumrepudiandaeex','2016-08-27 15:45:50','2016-08-27 15:45:50'),(51,'sintnumquametetquae','2016-08-27 15:45:50','2016-08-27 15:45:50'),(52,'voluptasquasarepellatsed','2016-08-27 15:45:50','2016-08-27 15:45:50'),(53,'nonquibusdam','2016-08-27 15:45:50','2016-08-27 15:45:50'),(54,'minussedfugaarchitectodolores','2016-08-27 15:45:50','2016-08-27 15:45:50'),(55,'reprehenderitullamnon','2016-08-27 15:45:50','2016-08-27 15:45:50'),(56,'cupiditatequoarchitectoquonobis','2016-08-27 15:45:50','2016-08-27 15:45:50'),(57,'inautnemolaudantiumreiciendis','2016-08-27 15:45:50','2016-08-27 15:45:50'),(58,'corruptiquoseligendiquaevoluptatum','2016-08-27 15:45:50','2016-08-27 15:45:50'),(59,'hicetconsequuntursit','2016-08-27 15:45:50','2016-08-27 15:45:50'),(60,'minimaullam','2016-08-27 15:45:50','2016-08-27 15:45:50'),(61,'corruptieaquemolestiasaliquamrepudiandae','2016-08-27 15:45:50','2016-08-27 15:45:50'),(62,'idexplicabo','2016-08-27 15:45:50','2016-08-27 15:45:50'),(63,'inaccusantiumitaquefacere','2016-08-27 15:45:50','2016-08-27 15:45:50'),(64,'nonmolestiaslaboriosamconsequaturest','2016-08-27 15:45:50','2016-08-27 15:45:50'),(65,'quodveldeserunt','2016-08-27 15:45:50','2016-08-27 15:45:50'),(66,'recusandaeodit','2016-08-27 15:45:50','2016-08-27 15:45:50'),(67,'etbeataefugitet','2016-08-27 15:45:50','2016-08-27 15:45:50'),(68,'doloremnatusquolaboriosam','2016-08-27 15:45:50','2016-08-27 15:45:50'),(69,'temporibussit','2016-08-27 15:45:50','2016-08-27 15:45:50'),(70,'aperiamaassumenda','2016-08-27 15:45:50','2016-08-27 15:45:50'),(71,'estomnisquaeculpa','2016-08-27 15:45:50','2016-08-27 15:45:50'),(72,'porrosimiliquealiquamin','2016-08-27 15:45:50','2016-08-27 15:45:50'),(73,'voluptatesfacilis','2016-08-27 15:45:50','2016-08-27 15:45:50'),(74,'exercitationemeanesciuntcum','2016-08-27 15:45:50','2016-08-27 15:45:50'),(75,'etnihilaperiam','2016-08-27 15:45:50','2016-08-27 15:45:50'),(76,'consecteturexquisquamquisut','2016-08-27 15:45:50','2016-08-27 15:45:50'),(77,'nihilvoluptatem','2016-08-27 15:45:50','2016-08-27 15:45:50'),(78,'voluptatibuset','2016-08-27 15:45:50','2016-08-27 15:45:50'),(79,'quietimpeditutexplicabo','2016-08-27 15:45:50','2016-08-27 15:45:50'),(80,'repellatquiofficiistotam','2016-08-27 15:45:50','2016-08-27 15:45:50'),(81,'omnisiureculpaquisvel','2016-08-27 15:45:50','2016-08-27 15:45:50'),(82,'temporeomnisdolor','2016-08-27 15:45:50','2016-08-27 15:45:50'),(83,'illumdictavitaemodi','2016-08-27 15:45:50','2016-08-27 15:45:50'),(84,'temporaexpeditamolestias','2016-08-27 15:45:50','2016-08-27 15:45:50'),(85,'ipsumnequerepudiandaesaepe','2016-08-27 15:45:50','2016-08-27 15:45:50'),(86,'corruptivero','2016-08-27 15:45:50','2016-08-27 15:45:50'),(87,'adipiscineque','2016-08-27 15:45:50','2016-08-27 15:45:50'),(88,'quascumquequidemvoluptatem','2016-08-27 15:45:50','2016-08-27 15:45:50'),(89,'molestiaeveritatis','2016-08-27 15:45:50','2016-08-27 15:45:50'),(90,'ipsamadipiscifugaperspiciatisvoluptatem','2016-08-27 15:45:50','2016-08-27 15:45:50'),(91,'molestiaesuscipitexcepturiomnisrerum','2016-08-27 15:45:50','2016-08-27 15:45:50'),(92,'aliaseaqueeveniet','2016-08-27 15:45:50','2016-08-27 15:45:50'),(93,'etquiatempore','2016-08-27 15:45:50','2016-08-27 15:45:50'),(94,'consequaturmolestiaemaximeofficia','2016-08-27 15:45:50','2016-08-27 15:45:50'),(95,'etquamhic','2016-08-27 15:45:50','2016-08-27 15:45:50'),(96,'velcum','2016-08-27 15:45:50','2016-08-27 15:45:50'),(97,'voluptatibuseosnonomnis','2016-08-27 15:45:50','2016-08-27 15:45:50'),(98,'etminima','2016-08-27 15:45:50','2016-08-27 15:45:50'),(99,'quiquibusdamipsamcommodi','2016-08-27 15:45:50','2016-08-27 15:45:50'),(100,'eumvelitautfacilis','2016-08-27 15:45:50','2016-08-27 15:45:50'),(101,'voluptatumassumenda','2016-08-27 15:45:50','2016-08-27 15:45:50'),(102,'sittempore','2016-08-27 15:45:50','2016-08-27 15:45:50'),(103,'doloremetnisiducimus','2016-08-27 15:45:50','2016-08-27 15:45:50'),(104,'voluptatemquoprovidentautemet','2016-08-27 15:45:50','2016-08-27 15:45:50'),(105,'laboreblanditiis','2016-08-27 15:45:50','2016-08-27 15:45:50'),(106,'modiearumrerum','2016-08-27 15:45:50','2016-08-27 15:45:50'),(107,'oditiure','2016-08-27 15:45:50','2016-08-27 15:45:50'),(108,'dolorumvoluptatumperspiciatis','2016-08-27 15:45:50','2016-08-27 15:45:50'),(109,'blanditiiscumsedquosmolestiae','2016-08-27 15:45:50','2016-08-27 15:45:50'),(110,'namvoluptatemnisi','2016-08-27 15:45:50','2016-08-27 15:45:50'),(111,'sedsuntidetvelit','2016-08-27 15:45:50','2016-08-27 15:45:50'),(112,'eumenimutnatuseaque','2016-08-27 15:45:50','2016-08-27 15:45:50'),(113,'dolorminus','2016-08-27 15:45:50','2016-08-27 15:45:50'),(114,'laboriosamauteveniet','2016-08-27 15:45:50','2016-08-27 15:45:50'),(115,'eligendivelessequibusdammagni','2016-08-27 15:45:50','2016-08-27 15:45:50'),(116,'nonsintcorporisnon','2016-08-27 15:45:50','2016-08-27 15:45:50'),(117,'quiaipsumcommodiconsequaturaut','2016-08-27 15:45:50','2016-08-27 15:45:50'),(118,'doloresetutet','2016-08-27 15:45:50','2016-08-27 15:45:50'),(119,'liberoasperioresdoloribusut','2016-08-27 15:45:50','2016-08-27 15:45:50'),(120,'nesciuntlaudantiumpariaturcorporisaut','2016-08-27 15:45:50','2016-08-27 15:45:50'),(121,'quototamutconsequaturoccaecati','2016-08-27 15:45:50','2016-08-27 15:45:50'),(122,'eiusidnihil','2016-08-27 15:45:50','2016-08-27 15:45:50'),(123,'eumnisi','2016-08-27 15:45:50','2016-08-27 15:45:50'),(124,'auteligendiquicupiditate','2016-08-27 15:45:50','2016-08-27 15:45:50'),(125,'illodictavoluptatemsequi','2016-08-27 15:45:50','2016-08-27 15:45:50'),(126,'magniquiaea','2016-08-27 15:45:50','2016-08-27 15:45:50'),(127,'ducimusquieossedarchitecto','2016-08-27 15:45:50','2016-08-27 15:45:50'),(128,'autenimautem','2016-08-27 15:45:50','2016-08-27 15:45:50'),(129,'sedex','2016-08-27 15:45:50','2016-08-27 15:45:50'),(130,'doloresaepeipsa','2016-08-27 15:45:50','2016-08-27 15:45:50'),(131,'perspiciatistemporibus','2016-08-27 15:45:50','2016-08-27 15:45:50'),(132,'beataeestquidemvoluptate','2016-08-27 15:45:50','2016-08-27 15:45:50'),(133,'modidolore','2016-08-27 15:45:50','2016-08-27 15:45:50'),(134,'idinnatusvoluptas','2016-08-27 15:45:50','2016-08-27 15:45:50'),(135,'etquaeratvel','2016-08-27 15:45:50','2016-08-27 15:45:50'),(136,'minimaducimusestsedvel','2016-08-27 15:45:50','2016-08-27 15:45:50'),(137,'accusantiumquibusdam','2016-08-27 15:45:50','2016-08-27 15:45:50'),(138,'doloremqueanimiexpeditaipsum','2016-08-27 15:45:50','2016-08-27 15:45:50'),(139,'eosmaximevoluptatibusquas','2016-08-27 15:45:50','2016-08-27 15:45:50'),(140,'distinctiorationelaborum','2016-08-27 15:45:50','2016-08-27 15:45:50'),(141,'quasdebitisquiaperiam','2016-08-27 15:45:50','2016-08-27 15:45:50'),(142,'modivoluptatumvoluptatedoloribus','2016-08-27 15:45:50','2016-08-27 15:45:50'),(143,'autautempossimusfugalaudantium','2016-08-27 15:45:50','2016-08-27 15:45:50'),(144,'dolorerecusandaeest','2016-08-27 15:45:50','2016-08-27 15:45:50'),(145,'quiaquamipsum','2016-08-27 15:45:50','2016-08-27 15:45:50'),(146,'enimeasintducimusullam','2016-08-27 15:45:50','2016-08-27 15:45:50'),(147,'quisinventorevoluptatibusaliasnatus','2016-08-27 15:45:50','2016-08-27 15:45:50'),(148,'nihilquia','2016-08-27 15:45:50','2016-08-27 15:45:50'),(149,'facereillumbeataeporroquia','2016-08-27 15:45:50','2016-08-27 15:45:50'),(150,'quiautquicumipsa','2016-08-27 15:45:50','2016-08-27 15:45:50'),(151,'quaeitaquequosedrepellendus','2016-08-27 15:45:50','2016-08-27 15:45:50'),(152,'velitundevoluptatemea','2016-08-27 15:45:50','2016-08-27 15:45:50'),(153,'reprehenderitsunt','2016-08-27 15:45:50','2016-08-27 15:45:50'),(154,'cupiditatemolestiasimpeditsuscipit','2016-08-27 15:45:50','2016-08-27 15:45:50'),(155,'temporedelenitiarchitectoestmolestias','2016-08-27 15:45:50','2016-08-27 15:45:50'),(156,'quaequiaporro','2016-08-27 13:26:26','2016-08-27 13:26:26'),(157,'estnonfugaipsamaut','2016-08-27 13:26:26','2016-08-27 13:26:26'),(158,'etsimiliquenostrumdolores','2016-08-27 13:26:26','2016-08-27 13:26:26'),(159,'veloditexcepturietharum','2016-08-27 13:26:26','2016-08-27 13:26:26'),(160,'numquamperspiciatisrepellendusaut','2016-08-27 13:26:26','2016-08-27 13:26:26'),(161,'inventoreeosiure','2016-08-27 13:26:26','2016-08-27 13:26:26'),(162,'saepevel','2016-08-27 13:26:26','2016-08-27 13:26:26'),(163,'debitisprovident','2016-08-27 13:26:26','2016-08-27 13:26:26'),(164,'velitsapientevoluptas','2016-08-27 13:26:26','2016-08-27 13:26:26'),(165,'estinqui','2016-08-27 13:26:26','2016-08-27 13:26:26'),(166,'quamrepellattotam','2016-08-27 13:26:27','2016-08-27 13:26:27'),(167,'sintestad','2016-08-27 13:26:27','2016-08-27 13:26:27'),(168,'autemiustosimiliqueetvoluptas','2016-08-27 13:26:27','2016-08-27 13:26:27'),(169,'distinctioexplicaboquisquam','2016-08-27 13:26:27','2016-08-27 13:26:27'),(170,'quosamet','2016-08-27 13:26:27','2016-08-27 13:26:27'),(171,'quiaaperiamcorporis','2016-08-27 13:26:27','2016-08-27 13:26:27'),(172,'veritatisarchitectoconsequaturutreprehenderit','2016-08-27 13:26:27','2016-08-27 13:26:27'),(173,'ducimuset','2016-08-27 13:26:27','2016-08-27 13:26:27'),(174,'quodsuscipitvoluptatem','2016-08-27 13:26:27','2016-08-27 13:26:27'),(175,'cumvoluptatem','2016-08-21 16:41:50','2016-08-21 16:41:50'),(176,'magnisuntdolores','2016-08-21 16:41:50','2016-08-21 16:41:50'),(177,'estiureenimcupiditatelaborum','2016-08-21 16:41:50','2016-08-21 16:41:50'),(178,'quasnihillaborevoluptateid','2016-08-26 20:19:29','2016-08-26 20:19:29'),(179,'eosevenieteligendi','2016-08-26 20:19:29','2016-08-26 20:19:29'),(180,'doloremquamveritatisconsequuntur','2016-08-26 20:19:29','2016-08-26 20:19:29'),(181,'explicabositquisnesciunthic','2016-08-26 20:19:29','2016-08-26 20:19:29'),(182,'voluptatumetnamdeserunt','2016-08-26 20:19:29','2016-08-26 20:19:29'),(183,'nequesimilique','2016-08-26 20:19:29','2016-08-26 20:19:29'),(184,'assumendaaspernaturnatusdicta','2016-08-27 15:45:50','2016-08-27 15:45:50'),(185,'animirecusandae','2016-08-27 15:45:50','2016-08-27 15:45:50'),(186,'necessitatibusullamvoluptatumsapiente','2016-08-27 15:45:50','2016-08-27 15:45:50'),(187,'autemaccusantium','2016-08-27 15:45:50','2016-08-27 15:45:50'),(188,'evenietmagniquiaodioest','2016-08-27 15:45:50','2016-08-27 15:45:50'),(189,'nequedignissimos','2016-08-27 15:45:50','2016-08-27 15:45:50'),(190,'liberoevenietvoluptatumodit','2016-08-27 15:45:50','2016-08-27 15:45:50'),(191,'explicaboquosrecusandaeaut','2016-08-27 15:45:50','2016-08-27 15:45:50'),(192,'utfuga','2016-08-27 15:45:50','2016-08-27 15:45:50'),(193,'voluptasipsumtotamevenietvelit','2016-08-27 15:45:50','2016-08-27 15:45:50'),(194,'veniamadundequasdicta','2016-08-27 15:45:50','2016-08-27 15:45:50'),(195,'ipsaconsequaturfacilisdoloret','2016-08-27 15:45:50','2016-08-27 15:45:50'),(196,'consecteturnequeea','2016-08-27 15:45:50','2016-08-27 15:45:50'),(197,'estdebitisnamitaquenecessitatibus','2016-08-27 15:45:50','2016-08-27 15:45:50'),(198,'inciduntbeatae','2016-08-27 15:45:50','2016-08-27 15:45:50'),(199,'temporesitipsam','2016-08-27 15:45:50','2016-08-27 15:45:50'),(200,'possimusremquivoluptates','2016-08-27 15:45:50','2016-08-27 15:45:50'),(201,'veniamcumarchitectopossimusqui','2016-08-27 15:45:50','2016-08-27 15:45:50'),(202,'sedaspernatur','2016-08-27 15:45:50','2016-08-27 15:45:50'),(203,'debitisminus','2016-08-27 15:45:50','2016-08-27 15:45:50'),(204,'vitaeetodio','2016-08-27 15:45:50','2016-08-27 15:45:50'),(205,'eumofficiacumquererumillum','2016-08-22 00:00:00','2016-08-22 00:00:00'),(206,'repudiandaeoccaecati','2016-08-22 00:00:00','2016-08-22 00:00:00'),(207,'quiaminusdolores','2016-08-22 00:00:00','2016-08-22 00:00:00'),(208,'voluptatemetprovidentnostrum','2016-08-27 15:45:50','2016-08-27 15:45:50'),(209,'autunde','2016-08-27 15:45:50','2016-08-27 15:45:50'),(210,'doloremqueesse','2016-08-27 15:45:50','2016-08-27 15:45:50'),(211,'sedvoluptatemcupiditateetlabore','2016-08-27 15:45:50','2016-08-27 15:45:50'),(212,'evenietminusaspernaturqui','2016-08-27 15:45:50','2016-08-27 15:45:50'),(213,'voluptatumipsum','2016-08-27 15:45:50','2016-08-27 15:45:50'),(214,'optioadquosqui','2016-08-27 15:45:50','2016-08-27 15:45:50'),(215,'optioliberoperspiciatisconsequatur','2016-08-27 15:45:50','2016-08-27 15:45:50'),(216,'eiustemporaadipiscipraesentiumet','2016-08-27 15:45:50','2016-08-27 15:45:50'),(217,'consequuntursed','2016-08-27 15:45:50','2016-08-27 15:45:50'),(218,'sintculpadoloresfacilis','2016-08-27 15:45:50','2016-08-27 15:45:50'),(219,'sedipsafuga','2016-08-27 15:45:50','2016-08-27 15:45:50'),(220,'ealibero','2016-08-22 00:00:00','2016-08-22 00:00:00'),(221,'voluptatemetaliquamad','2016-08-22 00:00:00','2016-08-22 00:00:00'),(222,'ametautaliquamoccaecatiautem','2016-08-22 00:00:00','2016-08-22 00:00:00'),(223,'exet','2016-08-27 15:45:50','2016-08-27 15:45:50'),(224,'quivoluptatemsimiliquequiaquos','2016-08-27 15:45:50','2016-08-27 15:45:50'),(225,'consequaturquammagnamitaque','2016-08-27 15:45:50','2016-08-27 15:45:50'),(226,'minimaillumestetdolor','2016-08-27 15:45:50','2016-08-27 15:45:50'),(227,'sapienteutida','2016-08-27 15:45:50','2016-08-27 15:45:50'),(228,'veritatisesseeaodit','2016-08-27 15:45:50','2016-08-27 15:45:50'),(229,'enimadexplicabodolor','2016-08-27 15:45:50','2016-08-27 15:45:50'),(230,'dolorumetnihilquibusdamipsa','2016-08-27 15:45:50','2016-08-27 15:45:50'),(231,'autveniamquiaquimagni','2016-08-27 15:45:50','2016-08-27 15:45:50'),(232,'repellendusvelitmagni','2016-08-27 15:45:50','2016-08-27 15:45:50'),(233,'esseconsequatursednumquamsed','2016-08-27 15:45:50','2016-08-27 15:45:50'),(234,'idlaudantiumveritatisdoloremque','2016-08-27 15:45:50','2016-08-27 15:45:50'),(235,'temporeillumomnis','2016-08-27 15:45:50','2016-08-27 15:45:50'),(236,'consequaturquos','2016-08-27 15:45:50','2016-08-27 15:45:50'),(237,'blanditiispariatur','2016-08-27 15:45:50','2016-08-27 15:45:50'),(238,'nonquiarchitectoest','2016-08-27 15:45:50','2016-08-27 15:45:50'),(239,'doloremqueexercitationemtemporaquiaautem','2016-08-27 15:45:50','2016-08-27 15:45:50'),(240,'sequinemoearumrerum','2016-08-27 15:45:50','2016-08-27 15:45:50'),(241,'voluptassint','2016-08-27 15:45:50','2016-08-27 15:45:50'),(242,'undefacilis','2016-08-27 15:45:50','2016-08-27 15:45:50'),(243,'enimquaevoluptatemipsam','2016-08-27 15:45:50','2016-08-27 15:45:50'),(244,'fugarepudiandaeperspiciatis','2016-08-27 15:45:50','2016-08-27 15:45:50'),(245,'repellateaitaquequiatempore','2016-08-27 15:45:50','2016-08-27 15:45:50'),(246,'autexercitationemoptio','2016-08-27 15:45:50','2016-08-27 15:45:50'),(247,'reprehenderitquiinventore','2016-08-27 15:45:50','2016-08-27 15:45:50'),(248,'aspernaturperspiciatissedsuscipit','2016-08-27 15:45:50','2016-08-27 15:45:50'),(249,'quodvoluptatem','2016-08-27 15:45:50','2016-08-27 15:45:50'),(250,'utlaboriosamineos','2016-08-27 15:45:50','2016-08-27 15:45:50'),(251,'fugitexplicaborepudiandae','2016-08-27 15:45:50','2016-08-27 15:45:50'),(252,'quaequitemporibusindolore','2016-08-27 15:45:50','2016-08-27 15:45:50'),(253,'eaomnis','2016-08-27 15:45:50','2016-08-27 15:45:50'),(254,'namsaepe','2016-08-27 15:45:50','2016-08-27 15:45:50'),(255,'cumquecupiditateetut','2016-08-27 15:45:50','2016-08-27 15:45:50'),(256,'nobisex','2016-08-27 15:45:50','2016-08-27 15:45:50'),(257,'ipsumutautexcepturiquidem','2016-08-27 15:45:50','2016-08-27 15:45:50'),(258,'sitaccusantiumquidignissimos','2016-08-27 15:45:50','2016-08-27 15:45:50'),(259,'rerumperferendisexidexpedita','2016-08-27 15:45:50','2016-08-27 15:45:50'),(260,'ullamnihilquirepudiandaemollitia','2016-08-27 15:45:50','2016-08-27 15:45:50'),(261,'estnatussit','2016-08-27 15:45:50','2016-08-27 15:45:50'),(262,'eaqueillomolestiasetest','2016-08-27 15:45:50','2016-08-27 15:45:50'),(263,'autemestanimi','2016-08-27 15:45:50','2016-08-27 15:45:50'),(264,'nobisnonplaceat','2016-08-27 15:45:50','2016-08-27 15:45:50'),(265,'cumquenam','2016-08-27 15:45:50','2016-08-27 15:45:50'),(266,'commodifacilisab','2016-08-27 15:45:50','2016-08-27 15:45:50'),(267,'cumquesunt','2016-08-27 15:45:50','2016-08-27 15:45:50'),(268,'sintqui','2016-08-27 15:45:50','2016-08-27 15:45:50'),(269,'eaminusexcepturiexpedita','2016-08-27 15:45:50','2016-08-27 15:45:50'),(270,'voluptateevenietoptio','2016-08-27 15:45:50','2016-08-27 15:45:50'),(271,'eavelrationepossimusexcepturi','2016-08-27 15:45:50','2016-08-27 15:45:50'),(272,'etnamvoluptate','2016-08-27 15:45:50','2016-08-27 15:45:50'),(273,'vitaeremeaque','2016-08-27 15:45:50','2016-08-27 15:45:50'),(274,'veldolorquifugiatfugit','2016-08-27 15:45:50','2016-08-27 15:45:50'),(275,'temporibusporroutet','2016-08-27 15:45:50','2016-08-27 15:45:50'),(276,'utbeataequosodio','2016-08-27 15:45:50','2016-08-27 15:45:50'),(277,'oditreprehenderit','2016-08-27 15:45:50','2016-08-27 15:45:50'),(278,'adipiscisediustoimpeditoptio','2016-08-27 15:45:50','2016-08-27 15:45:50');
/*!40000 ALTER TABLE `suppliers` ENABLE KEYS */;
UNLOCK TABLES;

--
-- Table structure for table `users`
--

DROP TABLE IF EXISTS `users`;
/*!40101 SET @saved_cs_client     = @@character_set_client */;
/*!40101 SET character_set_client = utf8 */;
CREATE TABLE `users` (
  `id` int(11) NOT NULL AUTO_INCREMENT,
  `login` varchar(255) COLLATE utf8_unicode_ci DEFAULT NULL,
  `firstname` varchar(255) COLLATE utf8_unicode_ci DEFAULT NULL,
  `lastname` varchar(255) COLLATE utf8_unicode_ci DEFAULT NULL,
  `phone` varchar(255) COLLATE utf8_unicode_ci DEFAULT NULL,
  `authentication_system_id` int(11) DEFAULT '1',
  `unique_id` varchar(255) COLLATE utf8_unicode_ci DEFAULT NULL,
  `email` varchar(255) COLLATE utf8_unicode_ci DEFAULT NULL,
  `badge_id` varchar(255) COLLATE utf8_unicode_ci DEFAULT NULL,
  `address` varchar(255) COLLATE utf8_unicode_ci DEFAULT NULL,
  `city` varchar(255) COLLATE utf8_unicode_ci DEFAULT NULL,
  `zip` varchar(255) COLLATE utf8_unicode_ci DEFAULT NULL,
  `country` varchar(255) COLLATE utf8_unicode_ci DEFAULT NULL,
  `language_id` int(11) DEFAULT NULL,
  `extended_info` text COLLATE utf8_unicode_ci,
  `settings` varchar(1024) COLLATE utf8_unicode_ci DEFAULT NULL,
  `created_at` datetime DEFAULT NULL,
  `updated_at` datetime DEFAULT NULL,
  `delegator_user_id` int(11) DEFAULT NULL,
  PRIMARY KEY (`id`),
  KEY `index_users_on_authentication_system_id` (`authentication_system_id`),
  KEY `users_language_id_fk` (`language_id`),
  KEY `users_delegator_user_id_fk` (`delegator_user_id`),
  CONSTRAINT `users_delegator_user_id_fk` FOREIGN KEY (`delegator_user_id`) REFERENCES `users` (`id`),
  CONSTRAINT `users_authentication_system_id_fk` FOREIGN KEY (`authentication_system_id`) REFERENCES `authentication_systems` (`id`),
  CONSTRAINT `users_language_id_fk` FOREIGN KEY (`language_id`) REFERENCES `languages` (`id`)
) ENGINE=InnoDB AUTO_INCREMENT=37 DEFAULT CHARSET=utf8 COLLATE=utf8_unicode_ci;
/*!40101 SET character_set_client = @saved_cs_client */;

--
-- Dumping data for table `users`
--

LOCK TABLES `users` WRITE;
/*!40000 ALTER TABLE `users` DISABLE KEYS */;
INSERT INTO `users` VALUES (1,'ramon','Ramon','C.','01710195325',1,'mom3ia83xm86p27hj8','ramon@zhdk.ch','zvb8tmnd28xo97cgln','11449 Barton Divide','South Marvin','S-ZN6Y 6LB','Sierra Leone',2,NULL,'--- !ruby/hash:ActiveSupport::HashWithIndifferentAccess {}\n','2016-08-27 15:45:50','2016-08-27 15:45:50',NULL),(2,'dell_987','Hattie','Hyatt','01110446330',1,'ycwj4ci0jb74e7408e','ronny.dare@westosinski.info','8v4arn62o9cfp834or','89364 Turcotte Springs','West Dougshire','B-Y2X 3OS','Brunei Darussalam',1,NULL,'--- !ruby/hash:ActiveSupport::HashWithIndifferentAccess {}\n','2016-08-27 15:45:50','2016-08-27 15:45:50',NULL),(3,'marisol_1943','Friedrich','Auer','0500146263',1,'bxtqen6109qwv41r3y','michel@kohler.name','bc9gmfh0usqrimcgq5','765 Kutch Lake','Tyriquechester','G-Z6 3WL','Guadeloupe',1,NULL,'--- !ruby/hash:ActiveSupport::HashWithIndifferentAccess {}\n','2016-08-27 15:45:50','2016-08-27 15:45:50',NULL),(4,'lavon.heel_6090','Delphia','Reichert','05660188091',1,'3slcb3qvnfejae7oim','jerad@bayer.name','1yz3itycrhwxub6glo','615 Kelly Prairie','New Wallace','Q-YP4 1BQ','Qatar',1,NULL,'--- !ruby/hash:ActiveSupport::HashWithIndifferentAccess {}\n','2016-08-27 15:45:50','2016-08-27 15:45:50',NULL),(5,'moses_549','Rosalyn','Bailey','0195583193',1,'cgnyavht02kkizb0o9','bobby@erdman.info','djmvvb7usezct1ur5j','2077 Legros Glens','Abigaleview','S-W6 5OU','Serbia',1,NULL,'--- !ruby/hash:ActiveSupport::HashWithIndifferentAccess {}\n','2016-08-27 15:45:50','2016-08-27 15:45:50',NULL),(6,'sheila_hane_4252','Jace','Lind','01418025020',1,'m7uftg5qrrnnqfovcx','price@rueckerbechtelar.info','egoif0cgeppd87pdxq','785 Rosanna Flats','North Dahliamouth','I-ZG0R 7JA','Ireland',1,NULL,'--- !ruby/hash:ActiveSupport::HashWithIndifferentAccess {}\n','2016-08-27 15:45:50','2016-08-27 15:45:50',NULL),(7,'modesta_8266','Selina','Murazik','01241526020',1,'gjqeqvou8b3j0fa8if','ronny@walsh.com','lt86wuiezpk7bdy77y','8037 Treutel Estates','Marcton','S-Y2E 1ZB','Saudi Arabia',1,NULL,'--- !ruby/hash:ActiveSupport::HashWithIndifferentAccess {}\n','2016-08-27 15:45:50','2016-08-27 15:45:50',NULL),(8,'matti','Matti','S.','08604645306',1,'bqv1ke04lzv5t38q36','matti@zhdk.ch','x8gmcip60pcq5ovurf','329 Miller Valleys','Etheltown','P-GM0 3JJ','Pakistan',2,NULL,'--- !ruby/hash:ActiveSupport::HashWithIndifferentAccess {}\n','2016-08-27 15:45:50','2016-08-27 15:45:50',NULL),(9,'mike','Mike','H.','01807365282',1,'18lb131kd8j9h5f4v7','mike@zhdk.ch','xif1x34co217kwab6e','615 Raoul Stream','South Carolanne','C-Z1 7OB','Czech Republic',2,NULL,'--- !ruby/hash:ActiveSupport::HashWithIndifferentAccess {}\n','2016-08-27 15:45:50','2016-08-27 15:45:50',NULL),(10,'andi','Andi','Aufderhar','01710130450',1,'7biyuq4tbff3w796ux','andi@zhdk.ch','17ycurr6s2xf10kxmn','7211 Harold Station','North Zacharyville','N-YE1M 8SD','Nigeria',2,NULL,'--- !ruby/hash:ActiveSupport::HashWithIndifferentAccess {}\n','2016-08-27 15:45:50','2016-08-27 15:45:50',NULL),(11,'clement_farrell_9124','Sigmund','Mayer','05694451369',1,'50luuitg51ieiqviz2','holden.ratke@ryan.com','05mgd77sayqltzwa2b','38954 McGlynn Lake','South Benedictshire','L-IC7 7BA','Lebanon',2,NULL,'--- !ruby/hash:ActiveSupport::HashWithIndifferentAccess {}\n','2016-08-27 15:45:50','2016-08-27 15:45:50',NULL),(12,'shyanne_6495','Rhiannon','Wunsch','0169772276',1,'rtwwch8od6ocgqcsyx','darby@reichel.biz','prnty8joch7ykaql7d','94653 Lavern Falls','North Christine','K-ZL5 5AB','Kenya',1,NULL,'--- !ruby/hash:ActiveSupport::HashWithIndifferentAccess {}\n','2016-08-27 15:45:50','2016-08-27 15:45:50',NULL),(13,'clotilde_3942','Laurel','Connelly','01117833495',1,'i33dl11q87pw051iuk','judson@becker.com','axkfrpqdsyhus37oqx','23461 Marilou Ramp','Port Jaqueline','U-WF0 1GH','Uruguay',1,NULL,'--- !ruby/hash:ActiveSupport::HashWithIndifferentAccess {}\n','2016-08-27 15:45:50','2016-08-27 15:45:50',NULL),(14,'marisol_rohan_4587','Jamil','Jakubowski','0169778641',1,'q9x3oi283ahcvdy117','shemar.stanton@krajcik.com','tqtb7nlqx4cjzcqu8c','78815 Spinka Stravenue','Ricestad','S-UH1P 1ZL','San Marino',1,NULL,'--- !ruby/hash:ActiveSupport::HashWithIndifferentAccess {}\n','2016-08-27 15:45:50','2016-08-27 15:45:50',NULL),(15,'andre_2330','Carolyn','Carroll','0500503576',1,'xk3jfu2jzo9a9v24i0','te@larson.co.uk','omzm31ezjosxw4qtf9','26369 Jacobs Estates','West Halliefurt','N-SF3N 5JA','Netherlands Antilles',1,NULL,'--- !ruby/hash:ActiveSupport::HashWithIndifferentAccess {}\n','2016-08-27 15:45:50','2016-08-27 15:45:50',NULL),(16,'dario_murphy_7275','Alexzander','Crona','02441310162',1,'m31zsd71aj842swkqa','kenny_gaylord@sporer.info','yf6h8mc6g8c3sp0kwi','8471 Blanda Walks','Adeleview','N-WD6B 1AX','Nicaragua',1,NULL,'--- !ruby/hash:ActiveSupport::HashWithIndifferentAccess {}\n','2016-08-27 15:45:50','2016-08-27 15:45:50',NULL),(17,'gino','Gino','F.','08407156597',1,'0vld88uo7m1dfbabh3','gino@zhdk.ch','q6h9jirntkknf3s3ji','7835 Blick Vista','Reingerchester','T-Y2 1LX','Tokelau',2,NULL,'--- !ruby/hash:ActiveSupport::HashWithIndifferentAccess {}\n','2016-08-27 15:45:50','2016-08-27 15:45:50',NULL),(18,'pius','Pius','Kshlerin','0169778063',1,'k69n5061vevfyqazjd','pius@zhdk.ch','7n3k1sd5gebvmq8mtg','960 Botsford Crest','Murphybury','S-Y5 9AJ','Saint Vincent and the Grenadines',2,NULL,'--- !ruby/hash:ActiveSupport::HashWithIndifferentAccess {}\n','2016-08-27 15:45:50','2016-08-27 15:45:50',NULL),(19,'peter','Peter','Silie','0500556897',1,'tioggnal4l4wxp4vv4','peter@silie.com','kq0u5k9fq6wv8mri8j','471 Luciano Spring','Amieport','H-E3 8ZE','Hungary',2,NULL,'--- !ruby/hash:ActiveSupport::HashWithIndifferentAccess {}\n','2016-08-27 15:45:50','2016-08-27 15:45:50',NULL),(20,'dale_runte_1006','Ewald','Auer','01170473339',1,'v8rxd55s3fj032mokf','carolanne.hammes@beattywilderman.name','7s2yv09gqktt24aqkw','638 Bode Mall','Port Lexie','G-S1 8JJ','Gibraltar',1,NULL,'--- !ruby/hash:ActiveSupport::HashWithIndifferentAccess {}\n','2016-08-27 15:45:50','2016-08-27 15:45:50',NULL),(21,'rachelle_3364','Herman','Reichert','0116575973',1,'xrmto38jb8huikd5mz','deonte_ernser@homenick.info','bps9kcio1q9kfnanlq','26761 Schiller Islands','North Opal','C-FD4 8AB','Chad',1,NULL,'--- !ruby/hash:ActiveSupport::HashWithIndifferentAccess {}\n','2016-08-27 15:45:50','2016-08-27 15:45:50',NULL),(22,'jefferey.cole_7584','Emmie','Mann','0169778296',1,'ng103zbu1be643pb5s','albina@wiegand.com','klqwul9hatno3xsuzx','978 Roberts Dam','Sipesmouth','S-E2 3BB','Sweden',1,NULL,'--- !ruby/hash:ActiveSupport::HashWithIndifferentAccess {}\n','2016-08-27 15:45:50','2016-08-27 15:45:50',NULL),(23,'sigmund.williamson_3320','Emma','Weimann','0114497263',1,'mqlva9u2uvd4tguk8c','melba.brekke@shields.co.uk','3a66deryu1kfgs6k1v','305 Brooklyn Well','Olgamouth','L-TR8M 2JL','Lebanon',1,NULL,'--- !ruby/hash:ActiveSupport::HashWithIndifferentAccess {}\n','2016-08-27 15:45:50','2016-08-27 15:45:50',NULL),(24,'carroll.king_7865','Mallie','Pacocha','08410942732',1,'iulugp5ghhlpugbgnv','breana@williamson.com','bh6w1nb3gds82ehvpo','8221 Jerrod Views','Townefurt','F-U9 1AF','Fiji',1,NULL,'--- !ruby/hash:ActiveSupport::HashWithIndifferentAccess {}\n','2016-08-22 00:00:00','2016-08-22 00:00:00',NULL),(25,'bradford_9843','Verna','Auer','01270049452',1,'6glm2e4bbicagjtdwk','lisette@bailey.com','9c5i8yqf7h6nvgrbyw','22377 Sporer Junctions','Farrellmouth','B-M8 5LA','Burundi',1,NULL,'--- !ruby/hash:ActiveSupport::HashWithIndifferentAccess {}\n','2016-08-22 00:00:00','2016-08-22 00:00:00',NULL),(26,'myriam_schmeler_2006','Retha','Fritsch','01303125696',1,'8z8dfvdj51qgy2gla4','zaria_volkman@kohler.info','mq65qk1lambrk9wo46','953 Murphy Trail','Bradtkefurt','S-ZE6 7JL','Slovenia',1,NULL,'--- !ruby/hash:ActiveSupport::HashWithIndifferentAccess {}\n','2016-08-27 15:45:50','2016-08-27 15:45:50',NULL),(27,'clement.hartmann_6112','Leopoldo','Dickinson','09217590952',1,'d8kwxnetlwctzb60e2','olga@kozey.name','9nfmhcp41w1e34nujt','8951 Eichmann Flat','Brentburgh','U-YG2 6BJ','United States of America',1,NULL,'--- !ruby/hash:ActiveSupport::HashWithIndifferentAccess {}\n','2016-08-27 15:45:50','2016-08-27 15:45:50',NULL),(28,'mina','Mina','Watsica','08136022222',1,'9rbfk35w8bnot35ivf','mina@zhdk.ch','dprd4j5wo9xlrir6fe','1347 Alysha Junction','Filibertoport','H-Y2 4YA','Heard Island and McDonald Islands',1,NULL,'--- !ruby/hash:ActiveSupport::HashWithIndifferentAccess {}\n','2016-08-27 15:45:50','2016-08-27 15:45:50',NULL),(29,'julie','Julie','Schuster','05617681912',1,'itfgd1d55h9tixjmsu','julie@zhdk.ch','ajktn50j1ovw0qc3lz','953 Mertz Ways','Feeneytown','G-RP9 9WZ','Greece',1,NULL,'--- !ruby/hash:ActiveSupport::HashWithIndifferentAccess {}\n','2016-08-27 15:45:50','2016-08-27 15:45:50',NULL),(30,NULL,'Ipsum cum laborum ullam nihil provident.',NULL,NULL,NULL,NULL,NULL,NULL,NULL,NULL,NULL,NULL,1,NULL,'--- !ruby/hash:ActiveSupport::HashWithIndifferentAccess {}\n','2016-08-27 15:45:50','2016-08-27 15:45:50',29),(31,NULL,'Ullam quibusdam laudantium qui velit molestiae quasi.',NULL,NULL,NULL,NULL,NULL,NULL,NULL,NULL,NULL,NULL,1,NULL,'--- !ruby/hash:ActiveSupport::HashWithIndifferentAccess {}\n','2016-08-27 15:45:50','2016-08-27 15:45:50',28),(32,NULL,'Cum voluptatem vel qui rerum perferendis.',NULL,NULL,NULL,NULL,NULL,NULL,NULL,NULL,NULL,NULL,1,NULL,'--- !ruby/hash:ActiveSupport::HashWithIndifferentAccess {}\n','2016-08-27 15:45:50','2016-08-27 15:45:50',28),(33,NULL,'Eveniet velit eaque qui numquam autem.',NULL,NULL,NULL,NULL,NULL,NULL,NULL,NULL,NULL,NULL,1,NULL,'--- !ruby/hash:ActiveSupport::HashWithIndifferentAccess {}\n','2016-08-27 15:45:50','2016-08-27 15:45:50',28),(34,'normin','Normin','N.','01708971282',1,'76ilgde1vjrufxms3b','normin@zhdk.ch','w075ocwg049l13pgwh','530 Dibbert Streets','East Gerald','I-WR8 4GY','Iran',2,NULL,'--- !ruby/hash:ActiveSupport::HashWithIndifferentAccess {}\n','2016-08-27 15:45:50','2016-08-27 15:45:50',NULL),(35,'petra','Petra','K.','01166079127',1,'pttj3z5ghgvxyfhcpj','petra@zhdk.ch','c13oi9wor9zmp7xcbr','492 Yundt Highway, ','West Travis','I-U1X 2BY','Iceland',2,NULL,'--- !ruby/hash:ActiveSupport::HashWithIndifferentAccess {}\n','2016-08-27 15:45:50','2016-08-27 15:45:50',NULL),(36,'lisa','Lisa','L.','05666461937',1,'9ememrvqwucvuivzrj','lisa@zhdk.ch','49yitq0yeov86xiy4s','419 Turcotte Ports','South Cheyenne','I-WB5R 6BJ','Israel',2,NULL,'--- !ruby/hash:ActiveSupport::HashWithIndifferentAccess {}\n','2016-08-27 15:45:50','2016-08-27 15:45:50',NULL);
/*!40000 ALTER TABLE `users` ENABLE KEYS */;
UNLOCK TABLES;

--
-- Temporary table structure for view `visit_lines`
--

DROP TABLE IF EXISTS `visit_lines`;
/*!50001 DROP VIEW IF EXISTS `visit_lines`*/;
SET @saved_cs_client     = @@character_set_client;
SET character_set_client = utf8;
/*!50001 CREATE TABLE `visit_lines` (
  `visit_id` varchar(148),
  `inventory_pool_id` int(11),
  `user_id` int(11),
  `delegated_user_id` int(11),
  `status` enum('unsubmitted','submitted','rejected','approved','signed','closed'),
  `action` varchar(9),
  `date` date,
  `quantity` int(11),
  `contract_line_id` int(11)
) ENGINE=MyISAM */;
SET character_set_client = @saved_cs_client;

--
-- Temporary table structure for view `visits`
--

DROP TABLE IF EXISTS `visits`;
/*!50001 DROP VIEW IF EXISTS `visits`*/;
SET @saved_cs_client     = @@character_set_client;
SET character_set_client = utf8;
/*!50001 CREATE TABLE `visits` (
  `id` varchar(148),
  `inventory_pool_id` int(11),
  `user_id` int(11),
  `status` enum('unsubmitted','submitted','rejected','approved','signed','closed'),
  `action` varchar(9),
  `date` date,
  `quantity` decimal(32,0)
) ENGINE=MyISAM */;
SET character_set_client = @saved_cs_client;

--
-- Table structure for table `workdays`
--

DROP TABLE IF EXISTS `workdays`;
/*!40101 SET @saved_cs_client     = @@character_set_client */;
/*!40101 SET character_set_client = utf8 */;
CREATE TABLE `workdays` (
  `id` int(11) NOT NULL AUTO_INCREMENT,
  `inventory_pool_id` int(11) DEFAULT NULL,
  `monday` tinyint(1) DEFAULT '1',
  `tuesday` tinyint(1) DEFAULT '1',
  `wednesday` tinyint(1) DEFAULT '1',
  `thursday` tinyint(1) DEFAULT '1',
  `friday` tinyint(1) DEFAULT '1',
  `saturday` tinyint(1) DEFAULT '0',
  `sunday` tinyint(1) DEFAULT '0',
  PRIMARY KEY (`id`),
  KEY `index_workdays_on_inventory_pool_id` (`inventory_pool_id`),
  CONSTRAINT `workdays_inventory_pool_id_fk` FOREIGN KEY (`inventory_pool_id`) REFERENCES `inventory_pools` (`id`) ON DELETE CASCADE
) ENGINE=InnoDB AUTO_INCREMENT=13 DEFAULT CHARSET=utf8 COLLATE=utf8_unicode_ci;
/*!40101 SET character_set_client = @saved_cs_client */;

--
-- Dumping data for table `workdays`
--

LOCK TABLES `workdays` WRITE;
/*!40000 ALTER TABLE `workdays` DISABLE KEYS */;
INSERT INTO `workdays` VALUES (1,1,1,1,1,1,1,0,0),(2,2,1,1,1,1,1,0,0),(3,3,1,1,1,1,1,0,0),(4,4,1,1,1,1,1,0,0),(5,5,1,1,1,1,1,0,0),(6,6,1,1,1,1,1,0,0),(7,7,1,1,1,1,1,0,0),(8,8,1,1,1,1,1,0,0),(9,9,1,1,1,1,1,0,0),(10,10,1,1,1,1,1,0,0),(11,11,1,1,1,1,1,0,0),(12,12,1,1,1,1,1,0,0);
/*!40000 ALTER TABLE `workdays` ENABLE KEYS */;
UNLOCK TABLES;

--
-- Final view structure for view `partitions_with_generals`
--

/*!50001 DROP TABLE IF EXISTS `partitions_with_generals`*/;
/*!50001 DROP VIEW IF EXISTS `partitions_with_generals`*/;
/*!50001 SET @saved_cs_client          = @@character_set_client */;
/*!50001 SET @saved_cs_results         = @@character_set_results */;
/*!50001 SET @saved_col_connection     = @@collation_connection */;
/*!50001 SET character_set_client      = utf8 */;
/*!50001 SET character_set_results     = utf8 */;
/*!50001 SET collation_connection      = utf8_general_ci */;
/*!50001 CREATE ALGORITHM=UNDEFINED */
/*!50001 VIEW `partitions_with_generals` AS select `partitions`.`model_id` AS `model_id`,`partitions`.`inventory_pool_id` AS `inventory_pool_id`,`partitions`.`group_id` AS `group_id`,`partitions`.`quantity` AS `quantity` from `partitions` union select `i`.`model_id` AS `model_id`,`i`.`inventory_pool_id` AS `inventory_pool_id`,NULL AS `group_id`,(count(`i`.`id`) - ifnull((select sum(`p`.`quantity`) from `partitions` `p` where ((`p`.`model_id` = `i`.`model_id`) and (`p`.`inventory_pool_id` = `i`.`inventory_pool_id`)) group by `p`.`inventory_pool_id`,`p`.`model_id`),0)) AS `quantity` from `items` `i` where (isnull(`i`.`retired`) and (`i`.`is_borrowable` = 1) and isnull(`i`.`parent_id`)) group by `i`.`inventory_pool_id`,`i`.`model_id` */;
/*!50001 SET character_set_client      = @saved_cs_client */;
/*!50001 SET character_set_results     = @saved_cs_results */;
/*!50001 SET collation_connection      = @saved_col_connection */;

--
-- Final view structure for view `visit_lines`
--

/*!50001 DROP TABLE IF EXISTS `visit_lines`*/;
/*!50001 DROP VIEW IF EXISTS `visit_lines`*/;
/*!50001 SET @saved_cs_client          = @@character_set_client */;
/*!50001 SET @saved_cs_results         = @@character_set_results */;
/*!50001 SET @saved_col_connection     = @@collation_connection */;
/*!50001 SET character_set_client      = utf8 */;
/*!50001 SET character_set_results     = utf8 */;
/*!50001 SET collation_connection      = utf8_general_ci */;
/*!50001 CREATE ALGORITHM=UNDEFINED */
/*!50001 VIEW `visit_lines` AS select hex(concat_ws('_',if((`c`.`status` = 'approved'),`cl`.`start_date`,`cl`.`end_date`),`c`.`inventory_pool_id`,`c`.`user_id`,`c`.`status`)) AS `visit_id`,`c`.`inventory_pool_id` AS `inventory_pool_id`,`c`.`user_id` AS `user_id`,`c`.`delegated_user_id` AS `delegated_user_id`,`c`.`status` AS `status`,if((`c`.`status` = 'approved'),'hand_over','take_back') AS `action`,if((`c`.`status` = 'approved'),`cl`.`start_date`,`cl`.`end_date`) AS `date`,`cl`.`quantity` AS `quantity`,`cl`.`id` AS `contract_line_id` from (`contract_lines` `cl` join `contracts` `c` on((`cl`.`contract_id` = `c`.`id`))) where ((`c`.`status` in ('approved','signed')) and isnull(`cl`.`returned_date`)) order by if((`c`.`status` = 'approved'),`cl`.`start_date`,`cl`.`end_date`) */;
/*!50001 SET character_set_client      = @saved_cs_client */;
/*!50001 SET character_set_results     = @saved_cs_results */;
/*!50001 SET collation_connection      = @saved_col_connection */;

--
-- Final view structure for view `visits`
--

/*!50001 DROP TABLE IF EXISTS `visits`*/;
/*!50001 DROP VIEW IF EXISTS `visits`*/;
/*!50001 SET @saved_cs_client          = @@character_set_client */;
/*!50001 SET @saved_cs_results         = @@character_set_results */;
/*!50001 SET @saved_col_connection     = @@collation_connection */;
/*!50001 SET character_set_client      = utf8 */;
/*!50001 SET character_set_results     = utf8 */;
/*!50001 SET collation_connection      = utf8_general_ci */;
/*!50001 CREATE ALGORITHM=UNDEFINED */
/*!50001 VIEW `visits` AS select hex(concat_ws('_',`visit_lines`.`date`,`visit_lines`.`inventory_pool_id`,`visit_lines`.`user_id`,`visit_lines`.`status`)) AS `id`,`visit_lines`.`inventory_pool_id` AS `inventory_pool_id`,`visit_lines`.`user_id` AS `user_id`,`visit_lines`.`status` AS `status`,`visit_lines`.`action` AS `action`,`visit_lines`.`date` AS `date`,sum(`visit_lines`.`quantity`) AS `quantity` from `visit_lines` group by `visit_lines`.`user_id`,`visit_lines`.`status`,`visit_lines`.`date`,`visit_lines`.`inventory_pool_id` */;
/*!50001 SET character_set_client      = @saved_cs_client */;
/*!50001 SET character_set_results     = @saved_cs_results */;
/*!50001 SET collation_connection      = @saved_col_connection */;
/*!40103 SET TIME_ZONE=@OLD_TIME_ZONE */;

/*!40101 SET SQL_MODE=@OLD_SQL_MODE */;
/*!40014 SET FOREIGN_KEY_CHECKS=@OLD_FOREIGN_KEY_CHECKS */;
/*!40014 SET UNIQUE_CHECKS=@OLD_UNIQUE_CHECKS */;
/*!40101 SET CHARACTER_SET_CLIENT=@OLD_CHARACTER_SET_CLIENT */;
/*!40101 SET CHARACTER_SET_RESULTS=@OLD_CHARACTER_SET_RESULTS */;
/*!40101 SET COLLATION_CONNECTION=@OLD_COLLATION_CONNECTION */;
/*!40111 SET SQL_NOTES=@OLD_SQL_NOTES */;

-- Dump completed on 2014-09-09 15:51:44
COMMIT;
