SET autocommit=0; SET unique_checks=0; SET foreign_key_checks=0;
-- MySQL dump 10.13  Distrib 5.1.48, for apple-darwin10.3.0 (i386)
--
-- Host: localhost    Database: leihs2_test
-- ------------------------------------------------------
-- Server version	5.1.48

/*!40101 SET @OLD_CHARACTER_SET_CLIENT=@@CHARACTER_SET_CLIENT */;
/*!40101 SET @OLD_CHARACTER_SET_RESULTS=@@CHARACTER_SET_RESULTS */;
/*!40101 SET @OLD_COLLATION_CONNECTION=@@COLLATION_CONNECTION */;
/*!40101 SET NAMES utf8 */;
/*!40103 SET @OLD_TIME_ZONE=@@TIME_ZONE */;
/*!40103 SET TIME_ZONE='+00:00' */;
/*!40014 SET @OLD_UNIQUE_CHECKS=@@UNIQUE_CHECKS, UNIQUE_CHECKS=0 */;
/*!40014 SET @OLD_FOREIGN_KEY_CHECKS=@@FOREIGN_KEY_CHECKS, FOREIGN_KEY_CHECKS=0 */;
/*!40101 SET @OLD_SQL_MODE=@@SQL_MODE, SQL_MODE='NO_AUTO_VALUE_ON_ZERO' */;
/*!40111 SET @OLD_SQL_NOTES=@@SQL_NOTES, SQL_NOTES=0 */;

--
-- Table structure for table `access_rights`
--

DROP TABLE IF EXISTS `access_rights`;
/*!40101 SET @saved_cs_client     = @@character_set_client */;
/*!40101 SET character_set_client = utf8 */;
CREATE TABLE `access_rights` (
  `id` int(11) NOT NULL AUTO_INCREMENT,
  `user_id` int(11) DEFAULT NULL,
  `inventory_pool_id` int(11) DEFAULT NULL,
  `suspended_until` date DEFAULT NULL,
  `suspended_reason` text COLLATE utf8_unicode_ci,
  `deleted_at` date DEFAULT NULL,
  `created_at` datetime DEFAULT NULL,
  `updated_at` datetime DEFAULT NULL,
  `role` enum('customer','group_manager','lending_manager','inventory_manager','admin') COLLATE utf8_unicode_ci NOT NULL,
  PRIMARY KEY (`id`),
  KEY `index_access_rights_on_suspended_until` (`suspended_until`),
  KEY `index_access_rights_on_deleted_at` (`deleted_at`),
  KEY `index_access_rights_on_inventory_pool_id` (`inventory_pool_id`),
  KEY `index_access_rights_on_role` (`role`),
  KEY `index_on_user_id_and_inventory_pool_id_and_deleted_at` (`user_id`,`inventory_pool_id`,`deleted_at`)
) ENGINE=InnoDB AUTO_INCREMENT=42 DEFAULT CHARSET=utf8 COLLATE=utf8_unicode_ci;
/*!40101 SET character_set_client = @saved_cs_client */;

--
-- Dumping data for table `access_rights`
--

LOCK TABLES `access_rights` WRITE;
/*!40000 ALTER TABLE `access_rights` DISABLE KEYS */;
INSERT INTO `access_rights` VALUES (1,1,NULL,NULL,NULL,NULL,'2015-01-04 18:14:03','2015-01-04 18:14:03','admin'),(2,3,3,NULL,NULL,NULL,'2015-01-04 18:14:03','2015-01-04 18:14:03','customer'),(3,4,1,NULL,NULL,NULL,'2015-01-04 18:14:03','2015-01-04 18:14:03','lending_manager'),(4,5,5,NULL,NULL,NULL,'2015-01-04 18:14:03','2015-01-04 18:14:03','customer'),(5,6,12,NULL,NULL,NULL,'2015-01-04 18:14:03','2015-01-04 18:14:03','customer'),(6,7,1,NULL,NULL,'2015-01-04','2015-01-04 18:14:03','2015-01-04 18:14:03','customer'),(7,1,1,NULL,NULL,NULL,'2015-01-04 18:14:03','2015-01-04 18:14:03','customer'),(8,8,2,NULL,NULL,NULL,'2015-01-04 18:14:03','2015-01-04 18:14:03','inventory_manager'),(9,9,1,NULL,NULL,NULL,'2015-01-04 18:14:03','2015-01-04 18:14:03','inventory_manager'),(10,9,12,NULL,NULL,NULL,'2015-01-04 18:14:03','2015-01-04 18:14:03','inventory_manager'),(11,10,1,NULL,NULL,NULL,'2015-01-04 18:14:03','2015-01-04 18:14:03','group_manager'),(12,10,2,NULL,NULL,NULL,'2015-01-04 18:14:03','2015-01-04 18:14:03','group_manager'),(13,10,3,NULL,NULL,NULL,'2015-01-04 18:14:03','2015-01-04 18:14:03','group_manager'),(14,11,1,NULL,NULL,NULL,'2015-01-04 18:14:03','2015-01-04 18:14:03','group_manager'),(15,12,1,NULL,NULL,NULL,'2015-01-04 18:14:03','2015-01-04 18:14:03','customer'),(16,13,1,'2015-01-04','suspreason',NULL,'2015-01-04 18:14:03','2015-01-04 18:14:03','customer'),(17,14,1,NULL,NULL,NULL,'2015-01-04 18:14:03','2015-01-04 18:14:03','customer'),(18,15,1,NULL,NULL,NULL,'2015-01-04 18:14:03','2015-01-04 18:14:03','customer'),(19,16,1,NULL,NULL,NULL,'2015-01-04 18:14:03','2015-01-04 18:14:03','customer'),(20,17,NULL,NULL,NULL,NULL,'2015-01-04 18:14:03','2015-01-04 18:14:03','admin'),(21,18,1,NULL,NULL,NULL,'2015-01-04 18:14:03','2015-01-04 18:14:03','lending_manager'),(22,18,2,NULL,NULL,NULL,'2015-01-04 18:14:03','2015-01-04 18:14:03','lending_manager'),(23,19,1,NULL,NULL,NULL,'2015-01-04 18:14:03','2015-01-04 18:14:03','customer'),(24,20,1,NULL,NULL,NULL,'2015-01-04 18:14:03','2015-01-04 18:14:03','customer'),(25,21,1,NULL,NULL,NULL,'2015-01-04 18:14:03','2015-01-04 18:14:03','customer'),(26,22,1,NULL,NULL,NULL,'2015-01-04 18:14:03','2015-01-04 18:14:03','customer'),(27,23,1,NULL,NULL,NULL,'2015-01-04 18:14:03','2015-01-04 18:14:03','customer'),(28,24,2,'2014-12-31','Et quae iure dignissimos rem.',NULL,'2014-12-30 00:00:00','2014-12-30 00:00:00','customer'),(29,28,1,NULL,NULL,NULL,'2015-01-04 18:14:03','2015-01-04 18:14:03','customer'),(30,29,1,NULL,NULL,NULL,'2015-01-04 18:14:03','2015-01-04 18:14:03','customer'),(31,30,1,NULL,NULL,NULL,'2015-01-04 18:14:03','2015-01-04 18:14:03','customer'),(32,31,1,NULL,NULL,NULL,'2015-01-04 18:14:03','2015-01-04 18:14:03','customer'),(33,33,1,NULL,NULL,NULL,'2015-01-04 18:14:03','2015-01-04 18:14:03','customer'),(34,33,13,NULL,NULL,NULL,'2015-01-04 18:14:03','2015-01-04 18:14:03','customer'),(35,33,14,NULL,NULL,NULL,'2015-01-04 18:14:03','2015-01-04 18:14:03','customer'),(36,34,1,NULL,NULL,NULL,'2015-01-04 18:14:03','2015-01-04 18:14:03','customer'),(37,34,2,NULL,NULL,NULL,'2015-01-04 18:14:03','2015-01-04 18:14:03','customer'),(38,34,3,NULL,NULL,NULL,'2015-01-04 18:14:03','2015-01-04 18:14:03','customer'),(39,34,14,NULL,NULL,'2015-01-03','2015-01-04 18:14:03','2015-01-04 18:14:03','customer'),(40,35,1,NULL,NULL,NULL,'2015-01-04 18:14:03','2015-01-04 18:14:03','customer'),(41,36,1,NULL,NULL,NULL,'2015-01-04 18:14:03','2015-01-04 18:14:03','customer');
/*!40000 ALTER TABLE `access_rights` ENABLE KEYS */;
UNLOCK TABLES;

--
-- Table structure for table `accessories`
--

DROP TABLE IF EXISTS `accessories`;
/*!40101 SET @saved_cs_client     = @@character_set_client */;
/*!40101 SET character_set_client = utf8 */;
CREATE TABLE `accessories` (
  `id` int(11) NOT NULL AUTO_INCREMENT,
  `model_id` int(11) DEFAULT NULL,
  `name` varchar(255) COLLATE utf8_unicode_ci DEFAULT NULL,
  `quantity` int(11) DEFAULT NULL,
  PRIMARY KEY (`id`),
  KEY `index_accessories_on_model_id` (`model_id`)
) ENGINE=InnoDB AUTO_INCREMENT=457 DEFAULT CHARSET=utf8 COLLATE=utf8_unicode_ci;
/*!40101 SET character_set_client = @saved_cs_client */;

--
-- Dumping data for table `accessories`
--

LOCK TABLES `accessories` WRITE;
/*!40000 ALTER TABLE `accessories` DISABLE KEYS */;
INSERT INTO `accessories` VALUES (1,1,'Carmella Lueilwitz',NULL),(2,2,'Rickie Steuber',NULL),(3,2,'Mercedes Torp DVM',NULL),(4,2,'Cleo Littel',NULL),(5,2,'Maya Sipes',NULL),(6,3,'Reymundo Heaney',NULL),(7,3,'Brayan Ziemann',NULL),(8,3,'Ursula Herman',NULL),(9,3,'Jake Runte',NULL),(10,4,'Ms. Arch Wilderman',NULL),(11,4,'Deven Quitzon',NULL),(12,5,'Toy Dickens',NULL),(13,6,'Berenice Rogahn DVM',NULL),(14,6,'Prince Williamson V',NULL),(15,6,'Miss Marty O\'Hara',NULL),(16,7,'Wyatt Champlin',NULL),(17,7,'Yvonne Ziemann',NULL),(18,8,'Giles Gutkowski',NULL),(19,8,'Virgie Kassulke',NULL),(20,8,'Tyshawn Pfeffer V',NULL),(21,8,'Floy Fay',NULL),(22,9,'Miss Eva Pollich',NULL),(23,10,'Eusebio Robel',NULL),(24,11,'Rudolph Murphy',NULL),(25,11,'Mrs. Ludwig Gutmann',NULL),(26,11,'Deja Hoeger',NULL),(27,12,'Tess Considine',NULL),(28,12,'Selena Bergstrom',NULL),(29,12,'Mr. Howell Streich',NULL),(30,12,'Arturo Cruickshank V',NULL),(31,13,'Emil Armstrong',NULL),(32,13,'Herman Gulgowski',NULL),(33,13,'Judson Becker',NULL),(34,13,'Isabella Price',NULL),(35,14,'Nicholas Zulauf',NULL),(36,14,'Jacques Dicki',NULL),(37,14,'Malachi Braun',NULL),(38,14,'Burnice Grant IV',NULL),(39,14,'Taryn Jakubowski',NULL),(40,15,'Mrs. Lorna Reinger',NULL),(41,15,'Dr. August Herman',NULL),(42,15,'Tillman Wolff MD',NULL),(43,15,'Janiya Barton Sr.',NULL),(44,16,'Owen Treutel',NULL),(45,16,'Miss Marcellus Gibson',NULL),(46,16,'Jerome Leffler',NULL),(47,16,'Margarete Herman',NULL),(48,17,'Pamela O\'Connell',NULL),(49,17,'Josie Kohler',NULL),(50,17,'Rowena Auer',NULL),(51,18,'Lue Deckow',NULL),(52,18,'Vena Gerlach',NULL),(53,18,'Stanley Terry MD',NULL),(54,18,'Gaylord Simonis',NULL),(55,19,'Brycen Bashirian',NULL),(56,19,'Maryjane Terry II',NULL),(57,19,'Miss Margaretta Fisher',NULL),(58,19,'Lue Schultz',NULL),(59,20,'Ms. Theodore Abbott',NULL),(60,20,'Ms. Jaeden Quigley',NULL),(61,20,'Matt Volkman I',NULL),(62,20,'Nels Schaden',NULL),(63,20,'Marquis Oberbrunner',NULL),(64,21,'Mr. Mayra Hane',NULL),(65,21,'Anastasia Block',NULL),(66,22,'Miss Roosevelt Yundt',NULL),(67,22,'Kallie Welch',NULL),(68,23,'Marge Moore',NULL),(69,23,'Dashawn Anderson',NULL),(70,23,'Amie Anderson',NULL),(71,23,'Lou Trantow',NULL),(72,24,'Jerel Stark',NULL),(73,24,'Kendall DuBuque',NULL),(74,25,'Emile Bashirian',NULL),(75,25,'Velda Walsh',NULL),(76,25,'Dr. Breanna Hilpert',NULL),(77,25,'Joey Heathcote',NULL),(78,25,'Lyla Kihn IV',NULL),(79,26,'Rylan Mertz',NULL),(80,26,'Franco Macejkovic',NULL),(81,27,'Wendell Walker DVM',NULL),(82,27,'Roger Keebler',NULL),(83,27,'Walker Connelly',NULL),(84,27,'Antone Okuneva',NULL),(85,27,'Eulalia West',NULL),(86,28,'Mrs. Judy Considine',NULL),(87,29,'Milo Bode',NULL),(88,29,'Renee Smith IV',NULL),(89,29,'Fatima Raynor',NULL),(90,29,'Katelynn Casper',NULL),(91,30,'Elizabeth Hansen',NULL),(92,30,'Mr. Marco Kerluke',NULL),(93,31,'Orlando Bernier',NULL),(94,31,'Annabelle Herman',NULL),(95,32,'Waino Schulist',NULL),(96,32,'Rogelio Schulist',NULL),(97,32,'Hassan Quitzon',NULL),(98,32,'Mr. Allan Sporer',NULL),(99,33,'Zoila Weissnat IV',NULL),(100,33,'Estelle Koepp',NULL),(101,34,'Daphney Runolfsson',NULL),(102,34,'Emmanuelle McLaughlin',NULL),(103,35,'Terrance Grady',NULL),(104,36,'Gia Runolfsdottir',NULL),(105,36,'Cathrine Rowe',NULL),(106,36,'Cecile Rohan',NULL),(107,37,'Dr. Seth Nolan',NULL),(108,37,'Einar Blanda',NULL),(109,38,'Mac Rempel',NULL),(110,38,'Pete Kling',NULL),(111,38,'Hope Gutmann',NULL),(112,39,'Daron Sipes DDS',NULL),(113,40,'Taryn Pouros IV',NULL),(114,40,'Polly Gulgowski',NULL),(115,41,'Theo Wuckert',NULL),(116,41,'Shania Welch',NULL),(117,41,'Elyssa Fritsch',NULL),(118,41,'Matilde Yundt',NULL),(119,42,'Enoch Collins',NULL),(120,43,'Marian Kertzmann',NULL),(121,43,'Miss Jammie Prohaska',NULL),(122,44,'Lukas Anderson',NULL),(123,44,'Miss Arne Ferry',NULL),(124,44,'Ms. Mina Medhurst',NULL),(125,45,'Tony Anderson',NULL),(126,45,'Mr. Breana Sawayn',NULL),(127,46,'Cordelia Daniel',NULL),(128,47,'Katheryn Nader',NULL),(129,47,'Steve Lemke PhD',NULL),(130,47,'Irwin Senger',NULL),(131,48,'Chet Muller',NULL),(132,49,'Junius Hoeger',NULL),(133,50,'Kip Hickle',NULL),(134,50,'Rhiannon Bergnaum',NULL),(135,51,'Percy Collier DDS',NULL),(136,51,'Narciso Stanton',NULL),(137,51,'Markus Bashirian Sr.',NULL),(138,52,'Gustave Jenkins',NULL),(139,52,'Reyes Schowalter',NULL),(140,52,'Martine Ryan',NULL),(141,53,'Beulah Ward Jr.',NULL),(142,54,'Mrs. Elwin Sauer',NULL),(143,54,'Jessy Bahringer MD',NULL),(144,54,'Izaiah Dibbert',NULL),(145,54,'Logan Langosh',NULL),(146,54,'Mrs. Dalton Nienow',NULL),(147,55,'Mrs. Brennon Schuppe',NULL),(148,55,'Garnet Homenick',NULL),(149,55,'Dessie Ziemann III',NULL),(150,56,'Lily Stark',NULL),(151,56,'Sanford Kerluke',NULL),(152,56,'Americo Toy V',NULL),(153,57,'Ellis Hackett',NULL),(154,57,'Augusta Graham',NULL),(155,57,'Mozelle Bogisich',NULL),(156,57,'Filomena Stark',NULL),(157,58,'Ruby Emard',NULL),(158,58,'Johnnie Hilpert',NULL),(159,59,'Justine Langosh PhD',NULL),(160,59,'Wendy Hand',NULL),(161,59,'Dr. Nayeli Feeney',NULL),(162,59,'Ms. Duncan Bogisich',NULL),(163,59,'Laney Pacocha',NULL),(164,60,'Eldora Armstrong',NULL),(165,60,'Madge Cassin',NULL),(166,61,'Angie Senger',NULL),(167,61,'Faustino Larson I',NULL),(168,61,'Jayda Maggio DVM',NULL),(169,62,'Kristina Welch DVM',NULL),(170,62,'Mrs. Otis Parisian',NULL),(171,63,'Theresia Blanda',NULL),(172,63,'Mathilde Bauch',NULL),(173,63,'Isabell Cole',NULL),(174,64,'Hollis Rempel',NULL),(175,64,'Erich Flatley',NULL),(176,64,'Blanca Bergnaum',NULL),(177,64,'Raegan Mills',NULL),(178,64,'Louie Dietrich',NULL),(179,65,'Randall Leuschke',NULL),(180,65,'Marjorie Schmidt',NULL),(181,65,'Shirley Nienow MD',NULL),(182,65,'Edmund Gerhold III',NULL),(183,66,'Miss Cecil Schiller',NULL),(184,67,'Jarred Lubowitz',NULL),(185,67,'May Barrows',NULL),(186,67,'Hiram Zieme',NULL),(187,68,'Halie Stracke',NULL),(188,68,'Kamren Kub',NULL),(189,69,'Mr. Isabell Upton',NULL),(190,69,'Keshawn Effertz II',NULL),(191,70,'Kirstin Yost',NULL),(192,71,'Mrs. Hattie Price',NULL),(193,71,'Libby DuBuque',NULL),(194,72,'Emma Lesch',NULL),(195,73,'Estella Schneider PhD',NULL),(196,73,'Toney Emard',NULL),(197,74,'Ms. Will Prohaska',NULL),(198,74,'Isadore Feil',NULL),(199,74,'Rogelio Mills',NULL),(200,75,'Harmony Schinner Sr.',NULL),(201,75,'Charlotte Russel',NULL),(202,76,'Herta Ortiz',NULL),(203,76,'Miss Natasha Effertz',NULL),(204,76,'Anastacio Harris',NULL),(205,76,'Ward Rutherford',NULL),(206,77,'Lizzie Reilly',NULL),(207,77,'Mariana Bernier',NULL),(208,77,'Mr. Gaetano Predovic',NULL),(209,77,'Beatrice Dickinson',NULL),(210,78,'Mattie Doyle',NULL),(211,78,'Hilton Funk',NULL),(212,79,'Ms. Rene Cronin',NULL),(213,79,'Alexis Leuschke',NULL),(214,79,'Mr. Jamir Lubowitz',NULL),(215,80,'Justine Kihn',NULL),(216,81,'Lamar Stiedemann',NULL),(217,81,'Florian Beahan Jr.',NULL),(218,81,'Easter Krajcik',NULL),(219,81,'Bonita Schuster',NULL),(220,82,'Alivia Russel',NULL),(221,82,'Miss Nasir Streich',NULL),(222,82,'Wilton MacGyver',NULL),(223,83,'Vada Conroy',NULL),(224,84,'Gunnar Schneider DDS',NULL),(225,84,'Emil Moore PhD',NULL),(226,85,'Makenzie Crist',NULL),(227,85,'Sid Emard',NULL),(228,85,'Jewel Hansen',NULL),(229,86,'Salma Hackett IV',NULL),(230,86,'Mrs. Cassie O\'Connell',NULL),(231,86,'Lily Skiles',NULL),(232,87,'Kyla Keebler',NULL),(233,87,'Viola Abbott',NULL),(234,87,'Tillman Rempel',NULL),(235,88,'Rasheed Kreiger',NULL),(236,88,'Audrey Stokes',NULL),(237,88,'Nathaniel Weber',NULL),(238,88,'Elaina Kreiger',NULL),(239,88,'Cielo Hane',NULL),(240,89,'Santina Torphy',NULL),(241,90,'Lottie Erdman',NULL),(242,90,'Mrs. Emil Kiehn',NULL),(243,90,'Thora Zieme',NULL),(244,90,'Chadrick Schuster I',NULL),(245,90,'Prudence Mitchell',NULL),(246,91,'Elna Wunsch II',NULL),(247,91,'Rod Hirthe',NULL),(248,92,'Milford Schoen',NULL),(249,92,'Ryley Schimmel',NULL),(250,93,'Kolby Beier',NULL),(251,93,'Alfonso Lind',NULL),(252,93,'Dr. Kayleigh O\'Hara',NULL),(253,94,'Dr. Alicia Bailey',NULL),(254,95,'Humberto Padberg',NULL),(255,95,'Rebekah Wilderman Sr.',NULL),(256,95,'Eula Towne',NULL),(257,95,'Elna Hahn',NULL),(258,95,'Kristoffer O\'Keefe I',NULL),(259,96,'Zachery Gorczany',NULL),(260,96,'Angel O\'Keefe',NULL),(261,96,'Dale Ruecker',NULL),(262,96,'Giovanni Lueilwitz',NULL),(263,96,'Ashly King',NULL),(264,97,'Mrs. Turner O\'Keefe',NULL),(265,98,'Larissa Wehner II',NULL),(266,98,'Fermin Wehner',NULL),(267,98,'Enos Cummerata',NULL),(268,99,'Favian Hamill',NULL),(269,99,'Austen Hartmann',NULL),(270,99,'Elton Christiansen DVM',NULL),(271,100,'Isac Kuhlman Sr.',NULL),(272,101,'Georgiana Brakus',NULL),(273,101,'Ms. Bridie Ledner',NULL),(274,101,'Jedediah Treutel',NULL),(275,101,'Margaretta Labadie',NULL),(276,101,'Vivien Rolfson',NULL),(277,102,'Citlalli O\'Keefe',NULL),(278,103,'Yasmin Reichel',NULL),(279,103,'Burley Hagenes',NULL),(280,103,'Ms. Virginia Auer',NULL),(281,103,'Mrs. Kiera Treutel',NULL),(282,103,'Bell Ortiz',NULL),(283,104,'Adele Green PhD',NULL),(284,105,'Kiana Mueller',NULL),(285,106,'Dolly Windler',NULL),(286,106,'Tiffany Goldner',NULL),(287,106,'Treva Welch',NULL),(288,107,'Myles Lebsack',NULL),(289,108,'Sunny Lowe Jr.',NULL),(290,108,'Mr. Dwight Koepp',NULL),(291,108,'Mrs. Federico Ernser',NULL),(292,108,'Delmer Welch',NULL),(293,109,'Grant Rohan',NULL),(294,110,'Milford Orn',NULL),(295,110,'Alden Nitzsche',NULL),(296,110,'Dillon Rippin',NULL),(297,110,'Deanna Boehm',NULL),(298,111,'Ulices Homenick',NULL),(299,111,'Angeline Brakus',NULL),(300,111,'Enrico Erdman',NULL),(301,111,'Cleta Nader',NULL),(302,111,'Otho Jakubowski',NULL),(303,112,'Janie Bradtke',NULL),(304,112,'Kavon Thiel',NULL),(305,112,'Dayana Runte',NULL),(306,112,'Richie Kuhlman',NULL),(307,113,'Pansy Fritsch',NULL),(308,113,'Herbert Cremin',NULL),(309,113,'Miss Luciano Blanda',NULL),(310,114,'Aletha Kirlin',NULL),(311,114,'Roxanne Gorczany',NULL),(312,115,'Jalen Quitzon DVM',NULL),(313,115,'Tyrel Herman',NULL),(314,116,'Cheyenne Koss',NULL),(315,116,'Mr. Suzanne Predovic',NULL),(316,116,'Mrs. Daniella Schuster',NULL),(317,116,'Jenifer Prohaska',NULL),(318,116,'Buford O\'Keefe',NULL),(319,117,'Catherine Jast DVM',NULL),(320,118,'Ms. Kristian Auer',NULL),(321,118,'Miss Reina Adams',NULL),(322,118,'Susana Steuber',NULL),(323,119,'Miss Maddison Jones',NULL),(324,119,'Ambrose O\'Connell',NULL),(325,119,'Mr. Elmira Bahringer',NULL),(326,119,'Jada Goodwin',NULL),(327,119,'Nickolas Senger',NULL),(328,120,'Lempi Bahringer',NULL),(329,120,'Al Brekke',NULL),(330,121,'Devan Gusikowski',NULL),(331,121,'Kathlyn Berge',NULL),(332,121,'Neha Gleason',NULL),(333,121,'Hans Yundt',NULL),(334,121,'Olaf D\'Amore',NULL),(335,122,'Dr. Parker Berge',NULL),(336,122,'Verdie Auer I',NULL),(337,123,'Roberto Wisoky III',NULL),(338,124,'Freida Breitenberg',NULL),(339,124,'Miss Earline Moen',NULL),(340,124,'Miss Alicia Reynolds',NULL),(341,124,'Adele Simonis',NULL),(342,124,'Jannie Jacobson',NULL),(343,125,'Rusty Quigley',NULL),(344,125,'Willis Skiles PhD',NULL),(345,125,'Eliane Rice',NULL),(346,125,'Ms. Colt Bartoletti',NULL),(347,126,'Frederique Feest',NULL),(348,127,'Dr. Demetrius Ledner',NULL),(349,127,'Shayna Corkery',NULL),(350,127,'Rollin Swift',NULL),(351,127,'Myra Bosco PhD',NULL),(352,128,'Avis Hammes',NULL),(353,128,'Madeline Schiller',NULL),(354,128,'Lacy Hintz',NULL),(355,128,'Frederick Stokes',NULL),(356,128,'Juana Turcotte',NULL),(357,129,'Margret Borer IV',NULL),(358,130,'Pearline Borer DVM',NULL),(359,130,'Arthur Maggio',NULL),(360,130,'Dee Stanton',NULL),(361,130,'Dr. Onie Windler',NULL),(362,131,'Candida Conn DVM',NULL),(363,131,'Ms. Ricardo White',NULL),(364,132,'Charles McKenzie III',NULL),(365,132,'Paige Parker',NULL),(366,132,'Larry Smith',NULL),(367,133,'Zita Gislason',NULL),(368,134,'Cleveland Schumm PhD',NULL),(369,134,'Veronica Kovacek Jr.',NULL),(370,134,'Mr. Alene Trantow',NULL),(371,135,'Keyon Kshlerin',NULL),(372,135,'Bruce Bernier',NULL),(373,135,'Petra Bode',NULL),(374,135,'Braxton Witting',NULL),(375,135,'Trace Nolan',NULL),(376,136,'Deangelo Pouros Jr.',NULL),(377,136,'Emerson Stehr',NULL),(378,137,'Dr. Coty Leuschke',NULL),(379,137,'Horacio Runolfsdottir Sr.',NULL),(380,137,'Amy Kessler Jr.',NULL),(381,137,'Dolly Dibbert',NULL),(382,137,'Dr. Annette Powlowski',NULL),(383,138,'Sadie Howell',NULL),(384,139,'Chadrick Mante',NULL),(385,139,'Velda Towne',NULL),(386,139,'Mrs. Arne Brakus',NULL),(387,139,'Vivianne Kihn',NULL),(388,140,'Ellen Kilback',NULL),(389,140,'Hettie Beer',NULL),(390,140,'Alisa Grimes',NULL),(391,140,'Iva Dickens',NULL),(392,140,'Alverta Schmidt',NULL),(393,141,'Noble Mann',NULL),(394,141,'Ilene Blick',NULL),(395,142,'Hosea Rodriguez III',NULL),(396,142,'Bulah Bayer',NULL),(397,142,'Ms. Alexandrea Stark',NULL),(398,142,'Eloisa Pfeffer',NULL),(399,143,'Karson Labadie',NULL),(400,143,'Letitia Klocko',NULL),(401,144,'Solon Hansen',NULL),(402,144,'Carley Schultz',NULL),(403,145,'Mrs. Geraldine Aufderhar',NULL),(404,145,'Benedict Schultz',NULL),(405,145,'Mr. Nettie Grady',NULL),(406,146,'Dr. Griffin Padberg',NULL),(407,147,'Russel Padberg',NULL),(408,147,'Mrs. Harry Wintheiser',NULL),(409,148,'Carley Larson III',NULL),(410,148,'Clovis Toy',NULL),(411,149,'Elisha Hodkiewicz',NULL),(412,149,'Aracely O\'Reilly',NULL),(413,150,'Willy Hammes I',NULL),(414,150,'Kareem Rohan II',NULL),(415,151,'Estella Dicki IV',NULL),(416,151,'Gianni Haley DDS',NULL),(417,151,'Ms. Casimir Wilderman',NULL),(418,151,'Rodger Beahan II',NULL),(419,152,'Janessa Davis III',NULL),(420,152,'Orval Pollich',NULL),(421,152,'Ms. Aubrey Orn',NULL),(422,152,'Dean Streich',NULL),(423,153,'Wanda Stokes',NULL),(424,153,'Perry Anderson',NULL),(425,154,'Dereck Jacobson',NULL),(426,155,'Tanner Gerhold I',NULL),(427,155,'Dayne Lebsack',NULL),(428,155,'Pink Kassulke',NULL),(429,155,'Dr. Wilton Mertz',NULL),(430,155,'Carleton Walter',NULL),(431,156,'Matilde Paucek V',NULL),(432,156,'Tremaine Hintz',NULL),(433,157,'Anabelle Walker',NULL),(434,157,'Bridie Anderson',NULL),(435,157,'Merle Oberbrunner',NULL),(436,157,'Nick Hermiston',NULL),(437,157,'Shawna Lynch',NULL),(438,158,'Justus Dach',NULL),(439,159,'Mrs. Hortense Collins',NULL),(440,159,'Katrine Considine MD',NULL),(441,159,'Lelah Kautzer',NULL),(442,159,'Marlee Jerde',NULL),(443,160,'Lilian Brown',NULL),(444,160,'Carmella Stracke PhD',NULL),(445,160,'Nicolette Schroeder',NULL),(446,161,'Alva Wisozk',NULL),(447,161,'Miss Pearl Weissnat',NULL),(448,161,'Jacey Sauer DDS',NULL),(449,161,'Keyshawn Pfannerstill',NULL),(450,161,'Keagan Corkery',NULL),(451,162,'River Erdman V',NULL),(452,162,'Tony Leffler',NULL),(453,163,'Miss Margarita Blick',NULL),(454,163,'Margarett Prosacco DVM',NULL),(455,163,'Ms. Rhett Nader',NULL),(456,164,'Fausto Monahan',NULL);
/*!40000 ALTER TABLE `accessories` ENABLE KEYS */;
UNLOCK TABLES;

--
-- Table structure for table `accessories_inventory_pools`
--

DROP TABLE IF EXISTS `accessories_inventory_pools`;
/*!40101 SET @saved_cs_client     = @@character_set_client */;
/*!40101 SET character_set_client = utf8 */;
CREATE TABLE `accessories_inventory_pools` (
  `accessory_id` int(11) DEFAULT NULL,
  `inventory_pool_id` int(11) DEFAULT NULL,
  UNIQUE KEY `index_accessories_inventory_pools` (`accessory_id`,`inventory_pool_id`),
  KEY `index_accessories_inventory_pools_on_inventory_pool_id` (`inventory_pool_id`)
) ENGINE=InnoDB DEFAULT CHARSET=utf8 COLLATE=utf8_unicode_ci;
/*!40101 SET character_set_client = @saved_cs_client */;

--
-- Dumping data for table `accessories_inventory_pools`
--

LOCK TABLES `accessories_inventory_pools` WRITE;
/*!40000 ALTER TABLE `accessories_inventory_pools` DISABLE KEYS */;
INSERT INTO `accessories_inventory_pools` VALUES (1,1),(2,1),(3,1),(8,1),(10,1),(11,1),(12,1),(15,1),(18,1),(23,1),(26,1),(28,1),(30,1),(31,1),(32,1),(35,1),(37,1),(38,1),(40,1),(41,1),(44,1),(45,1),(46,1),(48,1),(49,1),(53,1),(54,1),(55,1),(56,1),(57,1),(58,1),(61,1),(62,1),(65,1),(66,1),(67,1),(69,1),(71,1),(72,1),(73,1),(76,1),(77,1),(79,1),(80,1),(83,1),(84,1),(85,1),(87,1),(91,1),(94,1),(97,1),(98,1),(102,1),(103,1),(104,1),(107,1),(109,1),(112,1),(115,1),(117,1),(122,1),(124,1),(127,1),(128,1),(129,1),(131,1),(132,1),(133,1),(135,1),(137,1),(143,1),(144,1),(145,1),(149,1),(150,1),(151,1),(154,1),(155,1),(156,1),(157,1),(163,1),(166,1),(167,1),(169,1),(170,1),(173,1),(174,1),(175,1),(179,1),(180,1),(181,1),(182,1),(183,1),(184,1),(185,1),(189,1),(191,1),(194,1),(196,1),(197,1),(200,1),(202,1),(204,1),(206,1),(209,1),(211,1),(213,1),(214,1),(217,1),(221,1),(224,1),(229,1),(231,1),(232,1),(234,1),(236,1),(245,1),(246,1),(250,1),(253,1),(254,1),(255,1),(257,1),(258,1),(261,1),(262,1),(269,1),(270,1),(273,1),(275,1),(276,1),(280,1),(282,1),(283,1),(284,1),(285,1),(286,1),(287,1),(289,1),(290,1),(292,1),(294,1),(297,1),(299,1),(300,1),(301,1),(304,1),(307,1),(316,1),(318,1),(321,1),(325,1),(328,1),(329,1),(333,1),(334,1),(335,1),(336,1),(337,1),(342,1),(344,1),(345,1),(347,1),(357,1),(361,1),(368,1),(369,1),(370,1),(371,1),(373,1),(375,1),(376,1),(378,1),(382,1),(385,1),(386,1),(387,1),(388,1),(390,1),(391,1),(392,1),(394,1),(395,1),(400,1),(405,1),(408,1),(409,1),(412,1),(415,1),(417,1),(418,1),(419,1),(422,1),(424,1),(427,1),(428,1),(431,1),(432,1),(433,1),(434,1),(436,1),(437,1),(443,1),(446,1),(449,1),(451,1),(452,1),(453,1),(456,1);
/*!40000 ALTER TABLE `accessories_inventory_pools` ENABLE KEYS */;
UNLOCK TABLES;

--
-- Table structure for table `addresses`
--

DROP TABLE IF EXISTS `addresses`;
/*!40101 SET @saved_cs_client     = @@character_set_client */;
/*!40101 SET character_set_client = utf8 */;
CREATE TABLE `addresses` (
  `id` int(11) NOT NULL AUTO_INCREMENT,
  `street` varchar(255) COLLATE utf8_unicode_ci DEFAULT NULL,
  `zip_code` varchar(255) COLLATE utf8_unicode_ci DEFAULT NULL,
  `city` varchar(255) COLLATE utf8_unicode_ci DEFAULT NULL,
  `country_code` varchar(255) COLLATE utf8_unicode_ci DEFAULT NULL,
  `latitude` float DEFAULT NULL,
  `longitude` float DEFAULT NULL,
  PRIMARY KEY (`id`),
  UNIQUE KEY `index_addresses_on_street_and_zip_code_and_city_and_country_code` (`street`,`zip_code`,`city`,`country_code`)
) ENGINE=InnoDB DEFAULT CHARSET=utf8 COLLATE=utf8_unicode_ci;
/*!40101 SET character_set_client = @saved_cs_client */;

--
-- Dumping data for table `addresses`
--

LOCK TABLES `addresses` WRITE;
/*!40000 ALTER TABLE `addresses` DISABLE KEYS */;
/*!40000 ALTER TABLE `addresses` ENABLE KEYS */;
UNLOCK TABLES;

--
-- Table structure for table `attachments`
--

DROP TABLE IF EXISTS `attachments`;
/*!40101 SET @saved_cs_client     = @@character_set_client */;
/*!40101 SET character_set_client = utf8 */;
CREATE TABLE `attachments` (
  `id` int(11) NOT NULL AUTO_INCREMENT,
  `model_id` int(11) DEFAULT NULL,
  `is_main` tinyint(1) DEFAULT '0',
  `content_type` varchar(255) COLLATE utf8_unicode_ci DEFAULT NULL,
  `filename` varchar(255) COLLATE utf8_unicode_ci DEFAULT NULL,
  `size` int(11) DEFAULT NULL,
  PRIMARY KEY (`id`),
  KEY `index_attachments_on_model_id` (`model_id`)
) ENGINE=InnoDB AUTO_INCREMENT=5 DEFAULT CHARSET=utf8 COLLATE=utf8_unicode_ci;
/*!40101 SET character_set_client = @saved_cs_client */;

--
-- Dumping data for table `attachments`
--

LOCK TABLES `attachments` WRITE;
/*!40000 ALTER TABLE `attachments` DISABLE KEYS */;
INSERT INTO `attachments` VALUES (1,149,0,'image/jpeg','quia',NULL),(2,150,0,'image/jpeg','animi',NULL),(3,161,0,'image/jpeg','in',NULL),(4,162,0,'image/jpeg','ab',NULL);
/*!40000 ALTER TABLE `attachments` ENABLE KEYS */;
UNLOCK TABLES;

--
-- Table structure for table `authentication_systems`
--

DROP TABLE IF EXISTS `authentication_systems`;
/*!40101 SET @saved_cs_client     = @@character_set_client */;
/*!40101 SET character_set_client = utf8 */;
CREATE TABLE `authentication_systems` (
  `id` int(11) NOT NULL AUTO_INCREMENT,
  `name` varchar(255) COLLATE utf8_unicode_ci DEFAULT NULL,
  `class_name` varchar(255) COLLATE utf8_unicode_ci DEFAULT NULL,
  `is_default` tinyint(1) DEFAULT '0',
  `is_active` tinyint(1) DEFAULT '0',
  PRIMARY KEY (`id`)
) ENGINE=InnoDB AUTO_INCREMENT=7 DEFAULT CHARSET=utf8 COLLATE=utf8_unicode_ci;
/*!40101 SET character_set_client = @saved_cs_client */;

--
-- Dumping data for table `authentication_systems`
--

LOCK TABLES `authentication_systems` WRITE;
/*!40000 ALTER TABLE `authentication_systems` DISABLE KEYS */;
INSERT INTO `authentication_systems` VALUES (1,'Database Authentication','DatabaseAuthentication',1,1),(2,'LDAP Authentication','LdapAuthentication',0,0),(3,'ZHDK Authentication','Zhdk',0,0),(4,'Database Authentication','DatabaseAuthentication',1,1),(5,'LDAP Authentication','LdapAuthentication',0,0),(6,'ZHDK Authentication','Zhdk',0,0);
/*!40000 ALTER TABLE `authentication_systems` ENABLE KEYS */;
UNLOCK TABLES;

--
-- Table structure for table `buildings`
--

DROP TABLE IF EXISTS `buildings`;
/*!40101 SET @saved_cs_client     = @@character_set_client */;
/*!40101 SET character_set_client = utf8 */;
CREATE TABLE `buildings` (
  `id` int(11) NOT NULL AUTO_INCREMENT,
  `name` varchar(255) COLLATE utf8_unicode_ci DEFAULT NULL,
  `code` varchar(255) COLLATE utf8_unicode_ci DEFAULT NULL,
  PRIMARY KEY (`id`)
) ENGINE=InnoDB AUTO_INCREMENT=203 DEFAULT CHARSET=utf8 COLLATE=utf8_unicode_ci;
/*!40101 SET character_set_client = @saved_cs_client */;

--
-- Dumping data for table `buildings`
--

LOCK TABLES `buildings` WRITE;
/*!40000 ALTER TABLE `buildings` DISABLE KEYS */;
INSERT INTO `buildings` VALUES (1,'Great Pyramid of Giza','ZZZ'),(2,'Harumdoloresed','idm'),(3,'Doloremhicvoluptatibus','iur'),(4,'Praesentiumaperiamquidem','eos'),(5,'Doloresatet','lab'),(6,'Delenitietut','atv'),(7,'Facerererumporro','iur'),(8,'Aspernaturfugitiure','eli'),(9,'Accusantiumipsumblanditiis','sus'),(10,'Architectoestid','ass'),(11,'Autlaborummaiores','exc'),(12,'Cumqueeaquea','dol'),(13,'Explicabovoluptatemab','aut'),(14,'Eiusmagniveritatis','duc'),(15,'Faceremolestiasad','tem'),(16,'Omnislaborumeius','quo'),(17,'Estetenim','min'),(18,'Aliquamenimaut','etc'),(19,'Aliquamidmodi','dol'),(20,'Ipsamquiaet','rei'),(21,'Odioculpaquod','sin'),(22,'Doloremqueculpased','vit'),(23,'Consequunturvelitsit','qua'),(24,'Quasametid','sim'),(25,'Autemeiusdeleniti','pos'),(26,'Oditetipsum','cor'),(27,'Quiaautdolorem','eos'),(28,'Veroeumeaque','etn'),(29,'Dictarationeut','vel'),(30,'Utetipsam','qui'),(31,'Minusquiquae','qua'),(32,'Eiusautdolorum','per'),(33,'Eumexercitationemlabore','rep'),(34,'Doloremqueteneturaliquid','nul'),(35,'Consequaturquiomnis','sed'),(36,'Velitvoluptatesut','non'),(37,'Ateaplaceat','pra'),(38,'Quiestiure','etm'),(39,'Veritatiseacupiditate','bla'),(40,'Temporaquissed','exe'),(41,'Ausstellungsstrasse 60','AU60'),(42,'Ausstellungsstrasse 60','AU60'),(43,'Idasperioresquis','mai'),(44,'Nullaarchitectoquia','mag'),(45,'Suntseddelectus','est'),(46,'Fugitnostrumrerum','ven'),(47,'Exercitationemcumquecum','vol'),(48,'Praesentiumestplaceat','dic'),(49,'Etatarchitecto','sed'),(50,'Autautassumenda','dol'),(51,'Distinctiooptioest','eni'),(52,'Auteminventoreaut','dol'),(53,'Explicaboablanditiis','qua'),(54,'Maioresverodolore','vol'),(55,'Estpariatureos','pro'),(56,'Quiacommodiet','par'),(57,'Adipisciofficiasint','etr'),(58,'Doloresquiipsa','adp'),(59,'Sitquinisi','lab'),(60,'Odiovoluptatemiusto','qui'),(61,'Laborumexplicaboquos','fac'),(62,'Omnisofficiaarchitecto','vol'),(63,'Voluptasautemoptio','ips'),(64,'Essecommodivel','adi'),(65,'Rerumquiquia','sun'),(66,'Quomolestiasnemo','des'),(67,'Praesentiummollitiaoptio','lab'),(68,'Sedpossimusanimi','duc'),(69,'Doloreilloeius','qua'),(70,'Idcupiditatemagni','asp'),(71,'Nullanontemporibus','dic'),(72,'Suscipitidperferendis','exc'),(73,'Ducimusquiaqui','del'),(74,'Molestiascupiditatesimilique','adi'),(75,'Omnisverodolorem','sit'),(76,'Utlaboriosamvelit','eve'),(77,'Utistequi','quo'),(78,'Isteetea','por'),(79,'Minimareiciendismaiores','est'),(80,'Praesentiumnonest','sap'),(81,'Eligendisuntsit','ten'),(82,'Essenequesoluta','mol'),(83,'Atsuntdolore','nam'),(84,'Modieosnon','aut'),(85,'Ipsumconsequunturculpa','qui'),(86,'Suntprovidentmodi','ist'),(87,'Eosasperioresdelectus','rep'),(88,'Totamquiet','qui'),(89,'Aliquidquamoptio','hic'),(90,'Debitisliberodolores','non'),(91,'Sitdolorrepudiandae','etv'),(92,'Quibusdamporroperspiciatis','cum'),(93,'Enimestdolor','etp'),(94,'Etlaboriosamvelit','por'),(95,'Suntvoluptasexcepturi','qui'),(96,'Adipiscicumquedeserunt','ali'),(97,'Mollitiatenetursit','lib'),(98,'Exercitationemquisvitae','nam'),(99,'Dolorvoluptatemquia','eiu'),(100,'Nisiidsaepe','con'),(101,'Molestiasreprehenderitsequi','rec'),(102,'Assumendaharumunde','num'),(103,'Eumhicqui','ull'),(104,'Voluptatemliberoest','sit'),(105,'Quononnobis','aut'),(106,'Suscipitquidemet','imp'),(107,'Modiadipisciet','rer'),(108,'Namvoluptatemrepudiandae','mag'),(109,'Assumendasapientenon','dol'),(110,'Reprehenderitnihilex','vol'),(111,'Corruptiaperiamrecusandae','por'),(112,'Enimpossimuslaudantium','est'),(113,'Numquamperferendisaliquid','per'),(114,'Nonutofficia','hic'),(115,'Etdignissimosporro','lab'),(116,'Quiamaioresrem','cor'),(117,'Magnamenimlaudantium','est'),(118,'Oditidvelit','aut'),(119,'Impeditducimusvoluptates','pos'),(120,'Numquamvelittenetur','eos'),(121,'Totamnullasit','qua'),(122,'Suntvoluptatemquasi','rep'),(123,'Illoenimeum','quo'),(124,'Great Pyramid of Giza','ZZZ'),(125,'Minimasitdolores','exp'),(126,'Enimcumquequia','fac'),(127,'Liberoinqui','des'),(128,'Delenitiquaequam','cor'),(129,'Adeiusminima','pos'),(130,'Voluptasdistinctiorerum','vol'),(131,'Officiisquiprovident','dig'),(132,'Nesciuntomnisblanditiis','inc'),(133,'Laborumaliquideaque','per'),(134,'Corruptirepellendusalias','qui'),(135,'Optiositasperiores','est'),(136,'Insaepedolor','vel'),(137,'Distinctioquasivoluptatem','nec'),(138,'Sintavoluptatem','por'),(139,'Rerumquodea','lab'),(140,'Quiquoquisquam','ear'),(141,'Quocupiditatequi','inv'),(142,'Suntatquenihil','lab'),(143,'Consequaturinenim','atq'),(144,'Accusantiumquiapariatur','off'),(145,'Namconsequaturrem','sae'),(146,'Oditdoloremest','vol'),(147,'Numquamquiet','aut'),(148,'Eumdictaincidunt','exd'),(149,'Temporibusnonveritatis','mol'),(150,'Estaliquamdolores','eaq'),(151,'Blanditiisealabore','cul'),(152,'Voluptatemaspernaturnon','qui'),(153,'Molestiaemaioresdolores','con'),(154,'Natustemporeomnis','ips'),(155,'Adipisciquodexplicabo','con'),(156,'Facereomnisenim','quo'),(157,'Temporedistinctiovelit','ani'),(158,'Architectonihilculpa','lib'),(159,'Atqueanobis','odi'),(160,'Ipsumvoluptaspraesentium','qua'),(161,'Dolorcumqueanimi','vit'),(162,'Impeditestrerum','dol'),(163,'Eaplaceatqui','por'),(164,'Nequefacereautem','nis'),(165,'Etplaceattempore','ean'),(166,'Officiisetmodi','adh'),(167,'Voluptateminex','aut'),(168,'Dictaipsamsed','quo'),(169,'Estautemaut','atq'),(170,'Necessitatibusilloiste','com'),(171,'Nullautquis','etr'),(172,'Occaecatiexcepturimagnam','aut'),(173,'Molestiaeidrepellat','sun'),(174,'Nonoditatque','rei'),(175,'Exfacilisvoluptate','nih'),(176,'Cumqueitaqueet','acc'),(177,'Etutlaudantium','eni'),(178,'Estipsamvoluptatum','vel'),(179,'Utatratione','dol'),(180,'Eteaautem','est'),(181,'Placeatdoloresequi','ven'),(182,'Consequaturnumquamvoluptas','qui'),(183,'Inciduntada','est'),(184,'Eumvoluptatemdeserunt','cum'),(185,'Suscipitilloquod','fug'),(186,'Etquamdolores','ali'),(187,'Similiquererumquam','pos'),(188,'Dignissimosquibusdamaut','vol'),(189,'Doloremdoloret','vol'),(190,'Voluptatemullamvoluptatem','qui'),(191,'Eumsedporro','vel'),(192,'Delectusvoluptatesesse','ven'),(193,'Laborevelvoluptatem','cum'),(194,'Eaexpeditabeatae','omn'),(195,'Ipsaetrerum','ess'),(196,'Earumquibusdamhic','acc'),(197,'Ducimuseosdolorem','eta'),(198,'Idestnon','eum'),(199,'Velnonquidem','mol'),(200,'Rerumquaeratquam','tem'),(201,'Utarchitectoenim','rer'),(202,'Temporibussitullam','iur');
/*!40000 ALTER TABLE `buildings` ENABLE KEYS */;
UNLOCK TABLES;

--
-- Table structure for table `contract_lines`
--

DROP TABLE IF EXISTS `contract_lines`;
/*!40101 SET @saved_cs_client     = @@character_set_client */;
/*!40101 SET character_set_client = utf8 */;
CREATE TABLE `contract_lines` (
  `id` int(11) NOT NULL AUTO_INCREMENT,
  `contract_id` int(11) DEFAULT NULL,
  `type` varchar(255) COLLATE utf8_unicode_ci NOT NULL DEFAULT 'ItemLine',
  `item_id` int(11) DEFAULT NULL,
  `model_id` int(11) DEFAULT NULL,
  `quantity` int(11) DEFAULT '1',
  `start_date` date DEFAULT NULL,
  `end_date` date DEFAULT NULL,
  `returned_date` date DEFAULT NULL,
  `option_id` int(11) DEFAULT NULL,
  `purpose_id` int(11) DEFAULT NULL,
  `returned_to_user_id` int(11) DEFAULT NULL,
  `created_at` datetime DEFAULT NULL,
  `updated_at` datetime DEFAULT NULL,
  PRIMARY KEY (`id`),
  KEY `index_contract_lines_on_start_date` (`start_date`),
  KEY `index_contract_lines_on_end_date` (`end_date`),
  KEY `index_contract_lines_on_option_id` (`option_id`),
  KEY `index_contract_lines_on_contract_id` (`contract_id`),
  KEY `index_contract_lines_on_item_id` (`item_id`),
  KEY `index_contract_lines_on_model_id` (`model_id`),
  KEY `index_contract_lines_on_returned_date_and_contract_id` (`returned_date`,`contract_id`),
  KEY `index_contract_lines_on_type_and_contract_id` (`type`,`contract_id`)
) ENGINE=InnoDB AUTO_INCREMENT=175 DEFAULT CHARSET=utf8 COLLATE=utf8_unicode_ci;
/*!40101 SET character_set_client = @saved_cs_client */;

--
-- Dumping data for table `contract_lines`
--

LOCK TABLES `contract_lines` WRITE;
/*!40000 ALTER TABLE `contract_lines` DISABLE KEYS */;
INSERT INTO `contract_lines` VALUES (1,1,'ItemLine',NULL,1,1,'2015-01-05','2015-01-05',NULL,NULL,NULL,NULL,'2015-01-04 18:14:03','2015-01-04 18:14:03'),(2,1,'ItemLine',NULL,5,1,'2015-01-05','2015-01-05',NULL,NULL,NULL,NULL,'2015-01-04 18:14:03','2015-01-04 18:14:03'),(3,1,'ItemLine',NULL,9,1,'2015-01-05','2015-01-05',NULL,NULL,NULL,NULL,'2015-01-04 18:14:03','2015-01-04 18:14:03'),(4,1,'ItemLine',NULL,13,1,'2015-01-05','2015-01-05',NULL,NULL,NULL,NULL,'2015-01-04 18:14:03','2015-01-04 18:14:03'),(5,1,'ItemLine',NULL,17,1,'2015-01-05','2015-01-05',NULL,NULL,NULL,NULL,'2015-01-04 18:14:03','2015-01-04 18:14:03'),(6,1,'ItemLine',NULL,21,1,'2015-01-05','2015-01-05',NULL,NULL,NULL,NULL,'2015-01-04 18:14:03','2015-01-04 18:14:03'),(7,2,'ItemLine',NULL,25,1,'2015-01-05','2015-01-05',NULL,NULL,1,NULL,'2015-01-04 18:14:03','2015-01-04 18:14:03'),(8,2,'ItemLine',NULL,29,1,'2015-01-05','2015-01-05',NULL,NULL,1,NULL,'2015-01-04 18:14:03','2015-01-04 18:14:03'),(9,2,'ItemLine',NULL,33,1,'2015-01-05','2015-01-05',NULL,NULL,1,NULL,'2015-01-04 18:14:03','2015-01-04 18:14:03'),(10,3,'ItemLine',NULL,37,1,'2015-01-05','2015-01-05','2015-01-04',NULL,2,1,'2015-01-04 18:14:03','2015-01-04 18:14:03'),(11,3,'ItemLine',NULL,41,1,'2015-01-05','2015-01-05','2015-01-04',NULL,2,1,'2015-01-04 18:14:03','2015-01-04 18:14:03'),(12,3,'ItemLine',NULL,45,1,'2015-01-05','2015-01-05','2015-01-04',NULL,2,1,'2015-01-04 18:14:03','2015-01-04 18:14:03'),(13,3,'ItemLine',NULL,49,1,'2015-01-05','2015-01-05','2015-01-04',NULL,2,1,'2015-01-04 18:14:03','2015-01-04 18:14:03'),(14,4,'ItemLine',NULL,165,1,'2014-12-31','2014-12-31',NULL,NULL,3,NULL,'2014-12-31 14:09:55','2014-12-31 14:09:55'),(15,4,'ItemLine',NULL,166,1,'2014-12-31','2014-12-31',NULL,NULL,3,NULL,'2014-12-31 14:09:55','2014-12-31 14:09:55'),(16,4,'ItemLine',NULL,167,1,'2014-12-31','2014-12-31',NULL,NULL,3,NULL,'2014-12-31 14:09:55','2014-12-31 14:09:55'),(17,4,'ItemLine',NULL,168,1,'2014-12-31','2014-12-31',NULL,NULL,3,NULL,'2014-12-31 14:09:55','2014-12-31 14:09:55'),(18,4,'ItemLine',NULL,169,1,'2014-12-31','2014-12-31',NULL,NULL,3,NULL,'2014-12-31 14:09:55','2014-12-31 14:09:55'),(19,4,'ItemLine',NULL,170,1,'2014-12-31','2014-12-31',NULL,NULL,3,NULL,'2014-12-31 14:09:55','2014-12-31 14:09:55'),(20,5,'ItemLine',NULL,174,1,'2014-12-31','2014-12-31',NULL,NULL,4,NULL,'2014-12-31 14:09:55','2014-12-31 14:09:55'),(21,5,'ItemLine',NULL,175,1,'2014-12-31','2014-12-31',NULL,NULL,4,NULL,'2014-12-31 14:09:55','2014-12-31 14:09:55'),(22,5,'ItemLine',NULL,176,1,'2014-12-31','2014-12-31',NULL,NULL,4,NULL,'2014-12-31 14:09:55','2014-12-31 14:09:55'),(23,5,'ItemLine',NULL,177,1,'2014-12-31','2014-12-31',NULL,NULL,4,NULL,'2014-12-31 14:09:55','2014-12-31 14:09:55'),(24,5,'ItemLine',NULL,178,1,'2014-12-31','2014-12-31',NULL,NULL,4,NULL,'2014-12-31 14:09:55','2014-12-31 14:09:55'),(25,5,'ItemLine',NULL,179,1,'2014-12-31','2014-12-31',NULL,NULL,4,NULL,'2014-12-31 14:09:55','2014-12-31 14:09:55'),(26,6,'ItemLine',NULL,183,1,'2014-12-31','2014-12-31',NULL,NULL,5,NULL,'2014-12-31 14:09:55','2014-12-31 14:09:55'),(27,6,'ItemLine',NULL,184,1,'2014-12-31','2014-12-31',NULL,NULL,5,NULL,'2014-12-31 14:09:55','2014-12-31 14:09:55'),(28,6,'ItemLine',NULL,185,1,'2014-12-31','2014-12-31',NULL,NULL,5,NULL,'2014-12-31 14:09:55','2014-12-31 14:09:55'),(29,6,'ItemLine',NULL,186,1,'2014-12-31','2014-12-31',NULL,NULL,5,NULL,'2014-12-31 14:09:55','2014-12-31 14:09:55'),(30,6,'ItemLine',NULL,187,1,'2014-12-31','2014-12-31',NULL,NULL,5,NULL,'2014-12-31 14:09:55','2014-12-31 14:09:55'),(31,7,'ItemLine',NULL,191,1,'2015-01-05','2015-01-05',NULL,NULL,6,NULL,'2015-01-04 05:59:58','2015-01-04 05:59:58'),(32,7,'ItemLine',NULL,192,1,'2015-01-05','2015-01-05',NULL,NULL,6,NULL,'2015-01-04 05:59:58','2015-01-04 05:59:58'),(33,7,'ItemLine',NULL,193,1,'2015-01-05','2015-01-05',NULL,NULL,6,NULL,'2015-01-04 05:59:58','2015-01-04 05:59:58'),(34,7,'ItemLine',NULL,194,1,'2015-01-05','2015-01-05',NULL,NULL,6,NULL,'2015-01-04 05:59:58','2015-01-04 05:59:58'),(35,8,'ItemLine',NULL,195,1,'2015-01-02','2015-01-02',NULL,NULL,7,NULL,'2015-01-02 22:14:42','2015-01-02 22:14:42'),(36,8,'ItemLine',NULL,196,1,'2015-01-02','2015-01-02',NULL,NULL,7,NULL,'2015-01-02 22:14:42','2015-01-02 22:14:42'),(37,8,'ItemLine',NULL,197,1,'2015-01-02','2015-01-02',NULL,NULL,7,NULL,'2015-01-02 22:14:42','2015-01-02 22:14:42'),(38,8,'ItemLine',NULL,198,1,'2015-01-02','2015-01-02',NULL,NULL,7,NULL,'2015-01-02 22:14:42','2015-01-02 22:14:42'),(39,8,'ItemLine',NULL,198,1,'2015-01-02','2015-01-02',NULL,NULL,7,NULL,'2015-01-02 22:14:42','2015-01-02 22:14:42'),(40,9,'ItemLine',NULL,202,1,'2015-01-05','2015-01-05',NULL,NULL,8,NULL,'2015-01-04 18:14:03','2015-01-04 18:14:03'),(41,9,'ItemLine',NULL,203,1,'2015-01-05','2015-01-05',NULL,NULL,8,NULL,'2015-01-04 18:14:03','2015-01-04 18:14:03'),(42,9,'ItemLine',NULL,204,1,'2015-01-05','2015-01-05',NULL,NULL,8,NULL,'2015-01-04 18:14:03','2015-01-04 18:14:03'),(43,9,'ItemLine',NULL,205,1,'2015-01-05','2015-01-05',NULL,NULL,8,NULL,'2015-01-04 18:14:03','2015-01-04 18:14:03'),(44,9,'ItemLine',NULL,206,1,'2015-01-05','2015-01-05',NULL,NULL,8,NULL,'2015-01-04 18:14:03','2015-01-04 18:14:03'),(45,9,'ItemLine',NULL,207,1,'2015-01-05','2015-01-05',NULL,NULL,8,NULL,'2015-01-04 18:14:03','2015-01-04 18:14:03'),(46,10,'ItemLine',NULL,211,1,'2015-01-05','2015-01-05',NULL,NULL,9,NULL,'2015-01-04 18:14:03','2015-01-04 18:14:03'),(47,10,'ItemLine',NULL,212,1,'2015-01-05','2015-01-05',NULL,NULL,9,NULL,'2015-01-04 18:14:03','2015-01-04 18:14:03'),(48,10,'ItemLine',NULL,213,1,'2015-01-05','2015-01-05',NULL,NULL,9,NULL,'2015-01-04 18:14:03','2015-01-04 18:14:03'),(49,11,'ItemLine',NULL,214,1,'2015-01-05','2015-01-05',NULL,NULL,10,NULL,'2015-01-04 18:14:03','2015-01-04 18:14:03'),(50,11,'ItemLine',NULL,215,1,'2015-01-05','2015-01-05',NULL,NULL,10,NULL,'2015-01-04 18:14:03','2015-01-04 18:14:03'),(51,11,'ItemLine',NULL,216,1,'2015-01-05','2015-01-05',NULL,NULL,10,NULL,'2015-01-04 18:14:03','2015-01-04 18:14:03'),(52,12,'ItemLine',NULL,217,1,'2015-01-05','2015-01-05',NULL,NULL,11,NULL,'2015-01-04 18:14:03','2015-01-04 18:14:03'),(53,12,'ItemLine',NULL,218,1,'2015-01-05','2015-01-05',NULL,NULL,11,NULL,'2015-01-04 18:14:03','2015-01-04 18:14:03'),(54,12,'ItemLine',NULL,219,1,'2015-01-05','2015-01-05',NULL,NULL,11,NULL,'2015-01-04 18:14:03','2015-01-04 18:14:03'),(55,12,'ItemLine',NULL,220,1,'2015-01-05','2015-01-05',NULL,NULL,11,NULL,'2015-01-04 18:14:03','2015-01-04 18:14:03'),(56,12,'ItemLine',NULL,221,1,'2015-01-05','2015-01-05',NULL,NULL,11,NULL,'2015-01-04 18:14:03','2015-01-04 18:14:03'),(57,13,'ItemLine',28,37,1,'2015-01-05','2015-01-05',NULL,NULL,12,NULL,'2015-01-04 18:14:03','2015-01-04 18:14:03'),(58,13,'ItemLine',29,37,1,'2015-01-05','2015-01-05',NULL,NULL,12,NULL,'2015-01-04 18:14:03','2015-01-04 18:14:03'),(59,13,'ItemLine',30,37,1,'2015-01-05','2015-01-05',NULL,NULL,12,NULL,'2015-01-04 18:14:03','2015-01-04 18:14:03'),(60,13,'ItemLine',31,41,1,'2015-01-05','2015-01-05',NULL,NULL,12,NULL,'2015-01-04 18:14:03','2015-01-04 18:14:03'),(61,13,'ItemLine',32,41,1,'2015-01-05','2015-01-05',NULL,NULL,12,NULL,'2015-01-04 18:14:03','2015-01-04 18:14:03'),(62,13,'ItemLine',33,41,1,'2015-01-05','2015-01-05',NULL,NULL,12,NULL,'2015-01-04 18:14:03','2015-01-04 18:14:03'),(63,13,'ItemLine',34,45,1,'2015-01-05','2015-01-05',NULL,NULL,12,NULL,'2015-01-04 18:14:03','2015-01-04 18:14:03'),(64,13,'ItemLine',35,45,1,'2015-01-05','2015-01-05',NULL,NULL,12,NULL,'2015-01-04 18:14:03','2015-01-04 18:14:03'),(65,13,'ItemLine',36,45,1,'2015-01-05','2015-01-05',NULL,NULL,12,NULL,'2015-01-04 18:14:03','2015-01-04 18:14:03'),(66,13,'ItemLine',37,49,1,'2015-01-05','2015-01-05',NULL,NULL,12,NULL,'2015-01-04 18:14:03','2015-01-04 18:14:03'),(67,13,'ItemLine',38,49,1,'2015-01-05','2015-01-05',NULL,NULL,12,NULL,'2015-01-04 18:14:03','2015-01-04 18:14:03'),(68,13,'ItemLine',39,49,1,'2015-01-05','2015-01-05',NULL,NULL,12,NULL,'2015-01-04 18:14:03','2015-01-04 18:14:03'),(69,13,'ItemLine',42,54,1,'2015-01-05','2015-01-05',NULL,NULL,12,NULL,'2015-01-04 18:14:03','2015-01-04 18:14:03'),(70,13,'ItemLine',43,54,1,'2015-01-05','2015-01-05',NULL,NULL,12,NULL,'2015-01-04 18:14:03','2015-01-04 18:14:03'),(71,13,'ItemLine',44,55,1,'2015-01-05','2015-01-05',NULL,NULL,12,NULL,'2015-01-04 18:14:03','2015-01-04 18:14:03'),(72,13,'ItemLine',46,57,1,'2015-01-05','2015-01-05',NULL,NULL,12,NULL,'2015-01-04 18:14:03','2015-01-04 18:14:03'),(73,13,'ItemLine',47,58,1,'2015-01-05','2015-01-05',NULL,NULL,12,NULL,'2015-01-04 18:14:03','2015-01-04 18:14:03'),(74,13,'ItemLine',48,59,1,'2015-01-05','2015-01-05',NULL,NULL,12,NULL,'2015-01-04 18:14:03','2015-01-04 18:14:03'),(75,13,'ItemLine',49,60,1,'2015-01-05','2015-01-05',NULL,NULL,12,NULL,'2015-01-04 18:14:03','2015-01-04 18:14:03'),(76,13,'ItemLine',50,61,1,'2015-01-05','2015-01-05',NULL,NULL,12,NULL,'2015-01-04 18:14:03','2015-01-04 18:14:03'),(77,13,'ItemLine',51,62,1,'2015-01-05','2015-01-05',NULL,NULL,12,NULL,'2015-01-04 18:14:03','2015-01-04 18:14:03'),(78,13,'ItemLine',52,63,1,'2015-01-05','2015-01-05',NULL,NULL,12,NULL,'2015-01-04 18:14:03','2015-01-04 18:14:03'),(79,13,'ItemLine',53,64,1,'2015-01-05','2015-01-05',NULL,NULL,12,NULL,'2015-01-04 18:14:03','2015-01-04 18:14:03'),(80,13,'ItemLine',54,65,1,'2015-01-05','2015-01-05',NULL,NULL,12,NULL,'2015-01-04 18:14:03','2015-01-04 18:14:03'),(81,13,'ItemLine',55,66,1,'2015-01-05','2015-01-05',NULL,NULL,12,NULL,'2015-01-04 18:14:03','2015-01-04 18:14:03'),(82,13,'ItemLine',56,67,1,'2015-01-05','2015-01-05',NULL,NULL,12,NULL,'2015-01-04 18:14:03','2015-01-04 18:14:03'),(83,13,'ItemLine',57,68,1,'2015-01-05','2015-01-05',NULL,NULL,12,NULL,'2015-01-04 18:14:03','2015-01-04 18:14:03'),(84,13,'ItemLine',58,69,1,'2015-01-05','2015-01-05',NULL,NULL,12,NULL,'2015-01-04 18:14:03','2015-01-04 18:14:03'),(85,13,'ItemLine',59,70,1,'2015-01-05','2015-01-05',NULL,NULL,12,NULL,'2015-01-04 18:14:03','2015-01-04 18:14:03'),(86,13,'ItemLine',60,71,1,'2015-01-05','2015-01-05',NULL,NULL,12,NULL,'2015-01-04 18:14:03','2015-01-04 18:14:03'),(87,14,'OptionLine',NULL,NULL,2,'2015-01-04','2015-01-05',NULL,4,13,NULL,'2015-01-04 18:14:03','2015-01-04 18:14:03'),(88,14,'ItemLine',217,222,1,'2015-01-04','2015-01-05',NULL,NULL,13,NULL,'2015-01-04 18:14:03','2015-01-04 18:14:03'),(89,15,'OptionLine',NULL,NULL,2,'2015-01-04','2015-01-04',NULL,5,14,NULL,'2015-01-04 18:14:03','2015-01-04 18:14:03'),(90,15,'OptionLine',NULL,NULL,1,'2015-01-04','2015-02-04',NULL,5,14,NULL,'2015-01-04 18:14:03','2015-01-04 18:14:03'),(91,16,'ItemLine',218,223,1,'2015-01-04','2015-01-05',NULL,NULL,15,NULL,'2015-01-04 18:14:03','2015-01-04 18:14:03'),(92,17,'ItemLine',219,224,1,'2014-12-30','2015-01-03',NULL,NULL,16,NULL,'2014-12-30 00:00:00','2014-12-30 00:00:00'),(93,17,'OptionLine',NULL,NULL,1,'2014-12-30','2015-01-03',NULL,6,16,NULL,'2014-12-30 00:00:00','2014-12-30 00:00:00'),(94,18,'ItemLine',222,228,1,'2015-01-04','2015-01-04','2015-01-04',NULL,17,NULL,'2015-01-04 18:14:03','2015-01-04 18:14:03'),(95,19,'ItemLine',223,229,1,'2015-01-04','2015-01-04','2015-01-04',NULL,18,NULL,'2015-01-04 18:14:03','2015-01-04 18:14:03'),(96,20,'ItemLine',NULL,232,1,'2015-01-05','2015-01-05',NULL,NULL,19,NULL,'2015-01-04 18:14:03','2015-01-04 18:14:03'),(97,20,'ItemLine',NULL,233,1,'2015-01-05','2015-01-05',NULL,NULL,19,NULL,'2015-01-04 18:14:03','2015-01-04 18:14:03'),(98,20,'ItemLine',NULL,234,1,'2015-01-05','2015-01-05',NULL,NULL,19,NULL,'2015-01-04 18:14:03','2015-01-04 18:14:03'),(99,20,'ItemLine',NULL,235,1,'2015-01-05','2015-01-05',NULL,NULL,19,NULL,'2015-01-04 18:14:03','2015-01-04 18:14:03'),(100,20,'ItemLine',NULL,236,1,'2015-01-05','2015-01-05',NULL,NULL,19,NULL,'2015-01-04 18:14:03','2015-01-04 18:14:03'),(101,21,'ItemLine',231,237,1,'2015-01-04','2015-01-05',NULL,NULL,20,NULL,'2015-01-04 18:14:03','2015-01-04 18:14:03'),(102,21,'ItemLine',232,238,1,'2015-01-04','2015-01-05',NULL,NULL,20,NULL,'2015-01-04 18:14:03','2015-01-04 18:14:03'),(103,21,'ItemLine',233,239,1,'2015-01-04','2015-01-05',NULL,NULL,20,NULL,'2015-01-04 18:14:03','2015-01-04 18:14:03'),(104,21,'ItemLine',234,240,1,'2015-01-04','2015-01-05',NULL,NULL,20,NULL,'2015-01-04 18:14:03','2015-01-04 18:14:03'),(105,22,'ItemLine',235,241,1,'2015-01-04','2015-01-05',NULL,NULL,21,NULL,'2015-01-04 18:14:03','2015-01-04 18:14:03'),(106,22,'ItemLine',236,242,1,'2015-01-04','2015-01-05',NULL,NULL,21,NULL,'2015-01-04 18:14:03','2015-01-04 18:14:03'),(107,22,'ItemLine',237,243,1,'2015-01-04','2015-01-05',NULL,NULL,21,NULL,'2015-01-04 18:14:03','2015-01-04 18:14:03'),(108,23,'ItemLine',238,244,1,'2014-12-30','2014-12-30',NULL,NULL,22,NULL,'2014-12-30 00:00:00','2014-12-30 00:00:00'),(109,23,'ItemLine',239,245,1,'2014-12-30','2014-12-30',NULL,NULL,22,NULL,'2014-12-30 00:00:00','2014-12-30 00:00:00'),(110,23,'ItemLine',240,246,1,'2014-12-30','2014-12-30',NULL,NULL,22,NULL,'2014-12-30 00:00:00','2014-12-30 00:00:00'),(111,24,'ItemLine',NULL,80,1,'2015-01-11','2015-01-14',NULL,NULL,23,NULL,'2015-01-04 18:14:03','2015-01-04 18:14:03'),(112,24,'ItemLine',NULL,80,1,'2015-01-11','2015-01-14',NULL,NULL,23,NULL,'2015-01-04 18:14:03','2015-01-04 18:14:03'),(113,24,'ItemLine',NULL,80,1,'2015-01-11','2015-01-14',NULL,NULL,23,NULL,'2015-01-04 18:14:03','2015-01-04 18:14:03'),(114,24,'ItemLine',NULL,112,1,'2015-01-11','2015-01-14',NULL,NULL,23,NULL,'2015-01-04 18:14:03','2015-01-04 18:14:03'),(115,24,'ItemLine',NULL,112,1,'2015-01-11','2015-01-14',NULL,NULL,23,NULL,'2015-01-04 18:14:03','2015-01-04 18:14:03'),(116,24,'ItemLine',NULL,112,1,'2015-01-11','2015-01-14',NULL,NULL,23,NULL,'2015-01-04 18:14:03','2015-01-04 18:14:03'),(117,24,'ItemLine',NULL,112,1,'2015-01-11','2015-01-14',NULL,NULL,23,NULL,'2015-01-04 18:14:03','2015-01-04 18:14:03'),(118,25,'ItemLine',NULL,247,1,'2015-01-05','2015-01-05',NULL,NULL,24,NULL,'2015-01-04 18:14:03','2015-01-04 18:14:03'),(119,25,'ItemLine',NULL,251,1,'2015-01-05','2015-01-05',NULL,NULL,24,NULL,'2015-01-04 18:14:03','2015-01-04 18:14:03'),(120,25,'ItemLine',NULL,255,1,'2015-01-05','2015-01-05',NULL,NULL,24,NULL,'2015-01-04 18:14:03','2015-01-04 18:14:03'),(121,25,'ItemLine',NULL,259,1,'2015-01-05','2015-01-05',NULL,NULL,24,NULL,'2015-01-04 18:14:03','2015-01-04 18:14:03'),(122,25,'ItemLine',NULL,263,1,'2015-01-05','2015-01-05',NULL,NULL,24,NULL,'2015-01-04 18:14:03','2015-01-04 18:14:03'),(123,26,'ItemLine',NULL,267,1,'2015-01-05','2015-01-05',NULL,NULL,25,NULL,'2015-01-04 18:14:03','2015-01-04 18:14:03'),(124,26,'ItemLine',NULL,271,1,'2015-01-05','2015-01-05',NULL,NULL,25,NULL,'2015-01-04 18:14:03','2015-01-04 18:14:03'),(125,26,'ItemLine',NULL,275,1,'2015-01-05','2015-01-05',NULL,NULL,25,NULL,'2015-01-04 18:14:03','2015-01-04 18:14:03'),(126,27,'ItemLine',NULL,279,1,'2015-01-05','2015-01-05',NULL,NULL,26,NULL,'2015-01-04 18:14:03','2015-01-04 18:14:03'),(127,27,'ItemLine',NULL,283,1,'2015-01-05','2015-01-05',NULL,NULL,26,NULL,'2015-01-04 18:14:03','2015-01-04 18:14:03'),(128,27,'ItemLine',NULL,287,1,'2015-01-05','2015-01-05',NULL,NULL,26,NULL,'2015-01-04 18:14:03','2015-01-04 18:14:03'),(129,27,'ItemLine',NULL,291,1,'2015-01-05','2015-01-05',NULL,NULL,26,NULL,'2015-01-04 18:14:03','2015-01-04 18:14:03'),(130,28,'ItemLine',NULL,295,1,'2015-01-05','2015-01-05',NULL,NULL,27,NULL,'2015-01-04 18:14:03','2015-01-04 18:14:03'),(131,28,'ItemLine',NULL,299,1,'2015-01-05','2015-01-05',NULL,NULL,27,NULL,'2015-01-04 18:14:03','2015-01-04 18:14:03'),(132,28,'ItemLine',NULL,303,1,'2015-01-05','2015-01-05',NULL,NULL,27,NULL,'2015-01-04 18:14:03','2015-01-04 18:14:03'),(133,28,'ItemLine',NULL,307,1,'2015-01-05','2015-01-05',NULL,NULL,27,NULL,'2015-01-04 18:14:03','2015-01-04 18:14:03'),(134,28,'ItemLine',NULL,311,1,'2015-01-05','2015-01-05',NULL,NULL,27,NULL,'2015-01-04 18:14:03','2015-01-04 18:14:03'),(135,29,'ItemLine',NULL,112,1,'2015-01-05','2015-01-05',NULL,NULL,28,NULL,'2015-01-04 18:14:03','2015-01-04 18:14:03'),(136,30,'ItemLine',NULL,112,1,'2015-01-05','2015-01-05',NULL,NULL,29,NULL,'2015-01-04 18:14:03','2015-01-04 18:14:03'),(137,30,'ItemLine',NULL,80,1,'2015-01-05','2015-01-05',NULL,NULL,29,NULL,'2015-01-04 18:14:03','2015-01-04 18:14:03'),(138,31,'ItemLine',NULL,112,1,'2015-01-11','2015-01-12',NULL,NULL,30,NULL,'2015-01-04 18:14:03','2015-01-04 18:14:03'),(139,32,'ItemLine',NULL,54,1,'2015-01-05','2015-01-05',NULL,NULL,31,NULL,'2015-01-04 18:14:03','2015-01-04 18:14:03'),(140,32,'ItemLine',NULL,54,1,'2015-01-05','2015-01-05',NULL,NULL,31,NULL,'2015-01-04 18:14:03','2015-01-04 18:14:03'),(141,32,'ItemLine',NULL,54,1,'2015-01-05','2015-01-05',NULL,NULL,31,NULL,'2015-01-04 18:14:03','2015-01-04 18:14:03'),(142,33,'ItemLine',NULL,80,1,'2015-01-05','2015-01-05',NULL,NULL,32,NULL,'2015-01-04 18:14:03','2015-01-04 18:14:03'),(143,33,'ItemLine',NULL,112,1,'2015-01-05','2015-01-05',NULL,NULL,32,NULL,'2015-01-04 18:14:03','2015-01-04 18:14:03'),(144,33,'ItemLine',NULL,80,1,'2015-01-05','2015-01-05',NULL,NULL,32,NULL,'2015-01-04 18:14:03','2015-01-04 18:14:03'),(145,33,'ItemLine',NULL,112,1,'2015-01-05','2015-01-05',NULL,NULL,32,NULL,'2015-01-04 18:14:03','2015-01-04 18:14:03'),(146,33,'ItemLine',NULL,80,1,'2015-01-05','2015-01-05',NULL,NULL,32,NULL,'2015-01-04 18:14:03','2015-01-04 18:14:03'),(147,33,'ItemLine',NULL,112,1,'2015-01-05','2015-01-05',NULL,NULL,32,NULL,'2015-01-04 18:14:03','2015-01-04 18:14:03'),(148,33,'OptionLine',NULL,NULL,5,'2015-01-05','2015-01-05',NULL,1,32,NULL,'2015-01-04 18:14:03','2015-01-04 18:14:03'),(149,34,'ItemLine',NULL,151,1,'2015-01-05','2015-01-05',NULL,NULL,NULL,NULL,'2015-01-04 18:14:03','2015-01-04 18:14:03'),(150,35,'ItemLine',292,315,1,'2015-01-05','2015-01-05',NULL,NULL,NULL,NULL,'2015-01-04 18:14:03','2015-01-04 18:14:03'),(151,36,'ItemLine',69,80,1,'2015-01-04','2015-01-04',NULL,NULL,35,NULL,'2015-01-04 18:14:03','2015-01-04 18:14:03'),(152,37,'ItemLine',293,316,1,'2015-01-04','2015-01-04',NULL,NULL,36,NULL,'2015-01-04 18:14:03','2015-01-04 18:14:03'),(153,38,'ItemLine',40,53,1,'2015-01-04','2015-01-04',NULL,NULL,37,NULL,'2015-01-04 18:14:03','2015-01-04 18:14:03'),(154,38,'ItemLine',253,263,1,'2015-01-04','2015-01-04','2015-01-04',NULL,37,18,'2015-01-04 18:14:03','2015-01-04 18:14:03'),(155,39,'ItemLine',45,54,1,'2015-01-04','2015-01-04',NULL,NULL,38,NULL,'2015-01-04 18:14:03','2015-01-04 18:14:03'),(156,40,'ItemLine',294,317,1,'2015-01-04','2015-01-04',NULL,NULL,39,NULL,'2015-01-04 18:14:03','2015-01-04 18:14:03'),(157,41,'ItemLine',110,115,1,'2015-01-04','2015-01-05',NULL,NULL,40,NULL,'2015-01-04 18:14:03','2015-01-04 18:14:03'),(158,42,'ItemLine',NULL,80,1,'2015-01-11','2015-01-14',NULL,NULL,41,NULL,'2015-01-04 18:14:03','2015-01-04 18:14:03'),(159,42,'ItemLine',NULL,112,1,'2015-01-11','2015-01-14',NULL,NULL,41,NULL,'2015-01-04 18:14:03','2015-01-04 18:14:03'),(160,42,'ItemLine',NULL,112,1,'2015-01-12','2015-01-15',NULL,NULL,41,NULL,'2015-01-04 18:14:03','2015-01-04 18:14:03'),(161,43,'ItemLine',NULL,58,1,'2015-01-04','2015-01-05',NULL,NULL,41,NULL,'2015-01-04 18:14:03','2015-01-04 18:14:03'),(162,44,'ItemLine',NULL,54,1,'2015-01-02','2015-01-05',NULL,NULL,42,NULL,'2015-01-04 18:14:03','2015-01-04 18:14:03'),(163,44,'ItemLine',NULL,318,1,'2015-01-02','2015-01-05',NULL,NULL,42,NULL,'2015-01-04 18:14:03','2015-01-04 18:14:03'),(164,45,'ItemLine',139,54,1,'2015-01-04','2015-01-04',NULL,NULL,43,NULL,'2015-01-04 18:14:03','2015-01-04 18:14:03'),(165,45,'OptionLine',NULL,NULL,1,'2015-01-04','2015-01-04',NULL,1,43,NULL,'2015-01-04 18:14:03','2015-01-04 18:14:03'),(166,46,'ItemLine',NULL,80,1,'2015-02-10','2015-02-18',NULL,NULL,44,NULL,'2015-01-04 18:14:03','2015-01-04 18:14:03'),(167,47,'ItemLine',NULL,80,1,'2015-02-25','2015-02-28',NULL,NULL,45,NULL,'2015-01-04 18:14:03','2015-01-04 18:14:03'),(168,47,'ItemLine',NULL,80,1,'2015-02-25','2015-02-28',NULL,NULL,45,NULL,'2015-01-04 18:14:03','2015-01-04 18:14:03'),(169,47,'ItemLine',NULL,80,1,'2015-02-25','2015-02-28',NULL,NULL,45,NULL,'2015-01-04 18:14:03','2015-01-04 18:14:03'),(170,47,'ItemLine',NULL,80,1,'2015-02-25','2015-02-28',NULL,NULL,45,NULL,'2015-01-04 18:14:03','2015-01-04 18:14:03'),(171,47,'ItemLine',NULL,80,1,'2015-02-25','2015-02-28',NULL,NULL,45,NULL,'2015-01-04 18:14:03','2015-01-04 18:14:03'),(172,47,'ItemLine',NULL,80,1,'2015-02-25','2015-02-28',NULL,NULL,45,NULL,'2015-01-04 18:14:03','2015-01-04 18:14:03'),(173,48,'ItemLine',NULL,37,1,'2015-01-05','2015-01-05',NULL,NULL,46,NULL,'2015-01-04 18:14:03','2015-01-04 18:14:03'),(174,49,'ItemLine',105,112,1,'2014-12-30','2015-01-03',NULL,NULL,47,NULL,'2014-12-30 00:00:00','2014-12-30 00:00:00');
/*!40000 ALTER TABLE `contract_lines` ENABLE KEYS */;
UNLOCK TABLES;

--
-- Table structure for table `contracts`
--

DROP TABLE IF EXISTS `contracts`;
/*!40101 SET @saved_cs_client     = @@character_set_client */;
/*!40101 SET character_set_client = utf8 */;
CREATE TABLE `contracts` (
  `id` int(11) NOT NULL AUTO_INCREMENT,
  `user_id` int(11) DEFAULT NULL,
  `delegated_user_id` int(11) DEFAULT NULL,
  `inventory_pool_id` int(11) DEFAULT NULL,
  `note` text COLLATE utf8_unicode_ci,
  `handed_over_by_user_id` int(11) DEFAULT NULL,
  `created_at` datetime DEFAULT NULL,
  `updated_at` datetime DEFAULT NULL,
  `status` enum('unsubmitted','submitted','rejected','approved','signed','closed') COLLATE utf8_unicode_ci NOT NULL,
  PRIMARY KEY (`id`),
  KEY `index_contracts_on_inventory_pool_id` (`inventory_pool_id`),
  KEY `index_contracts_on_status` (`status`),
  KEY `index_contracts_on_user_id` (`user_id`)
) ENGINE=InnoDB AUTO_INCREMENT=50 DEFAULT CHARSET=utf8 COLLATE=utf8_unicode_ci;
/*!40101 SET character_set_client = @saved_cs_client */;

--
-- Dumping data for table `contracts`
--

LOCK TABLES `contracts` WRITE;
/*!40000 ALTER TABLE `contracts` DISABLE KEYS */;
INSERT INTO `contracts` VALUES (1,5,NULL,5,NULL,NULL,'2015-01-04 18:14:03','2015-01-04 18:14:03','unsubmitted'),(2,6,NULL,12,NULL,NULL,'2015-01-04 18:14:03','2015-01-04 18:14:03','approved'),(3,7,NULL,1,NULL,NULL,'2015-01-04 18:14:03','2015-01-04 18:14:03','closed'),(4,12,NULL,1,NULL,NULL,'2014-12-31 14:09:55','2014-12-31 14:09:55','submitted'),(5,12,NULL,1,NULL,NULL,'2014-12-31 14:09:55','2014-12-31 14:09:55','approved'),(6,12,NULL,1,NULL,NULL,'2014-12-31 14:09:55','2014-12-31 14:09:55','rejected'),(7,12,NULL,1,NULL,NULL,'2015-01-04 05:59:58','2015-01-04 05:59:58','submitted'),(8,12,NULL,1,NULL,NULL,'2015-01-02 22:14:42','2015-01-02 22:14:42','submitted'),(9,13,NULL,1,NULL,NULL,'2015-01-04 18:14:03','2015-01-04 18:14:03','submitted'),(10,14,NULL,1,NULL,NULL,'2015-01-04 18:14:03','2015-01-04 18:14:03','submitted'),(11,15,NULL,1,NULL,NULL,'2015-01-04 18:14:03','2015-01-04 18:14:03','submitted'),(12,16,NULL,1,NULL,NULL,'2015-01-04 18:14:03','2015-01-04 18:14:03','submitted'),(13,20,NULL,1,NULL,NULL,'2015-01-04 18:14:03','2015-01-04 18:14:03','approved'),(14,21,NULL,1,NULL,18,'2015-01-04 18:14:03','2015-01-04 18:14:03','signed'),(15,22,NULL,1,NULL,18,'2015-01-04 18:14:03','2015-01-04 18:14:03','signed'),(16,23,NULL,1,NULL,18,'2015-01-04 18:14:03','2015-01-04 18:14:03','signed'),(17,24,NULL,2,NULL,18,'2014-12-30 00:00:00','2014-12-30 00:00:00','signed'),(18,26,NULL,1,NULL,18,'2015-01-04 18:14:03','2015-01-04 18:14:03','closed'),(19,27,NULL,1,NULL,18,'2015-01-04 18:14:03','2015-01-04 18:14:03','closed'),(20,30,28,1,NULL,NULL,'2015-01-04 18:14:03','2015-01-04 18:14:03','submitted'),(21,30,29,1,NULL,NULL,'2015-01-04 18:14:03','2015-01-04 18:14:03','approved'),(22,30,28,1,NULL,18,'2015-01-04 18:14:03','2015-01-04 18:14:03','signed'),(23,30,28,1,NULL,18,'2014-12-30 00:00:00','2014-12-30 00:00:00','signed'),(24,34,NULL,1,NULL,NULL,'2015-01-04 18:14:03','2015-01-04 18:14:03','submitted'),(25,34,NULL,2,NULL,NULL,'2015-01-04 18:14:03','2015-01-04 18:14:03','submitted'),(26,34,NULL,3,NULL,NULL,'2015-01-04 18:14:03','2015-01-04 18:14:03','submitted'),(27,34,NULL,1,NULL,NULL,'2015-01-04 18:14:03','2015-01-04 18:14:03','submitted'),(28,34,NULL,1,NULL,NULL,'2015-01-04 18:14:03','2015-01-04 18:14:03','submitted'),(29,34,NULL,1,NULL,NULL,'2015-01-04 18:14:03','2015-01-04 18:14:03','approved'),(30,34,NULL,1,NULL,NULL,'2015-01-04 18:14:03','2015-01-04 18:14:03','approved'),(31,34,NULL,1,NULL,NULL,'2015-01-04 18:14:03','2015-01-04 18:14:03','approved'),(32,34,NULL,1,NULL,NULL,'2015-01-04 18:14:03','2015-01-04 18:14:03','approved'),(33,34,NULL,1,NULL,NULL,'2015-01-04 18:14:03','2015-01-04 18:14:03','approved'),(34,34,NULL,1,NULL,NULL,'2015-01-04 18:14:03','2015-01-04 18:14:03','approved'),(35,34,NULL,1,NULL,NULL,'2015-01-04 18:14:03','2015-01-04 18:14:03','approved'),(36,34,NULL,1,NULL,18,'2015-01-04 18:14:03','2015-01-04 18:14:03','signed'),(37,34,NULL,1,NULL,18,'2015-01-04 18:14:03','2015-01-04 18:14:03','signed'),(38,34,NULL,2,NULL,18,'2015-01-04 18:14:03','2015-01-04 18:14:03','signed'),(39,34,NULL,2,NULL,18,'2015-01-04 18:14:03','2015-01-04 18:14:03','signed'),(40,34,NULL,2,NULL,18,'2015-01-04 18:14:03','2015-01-04 18:14:03','signed'),(41,34,NULL,1,NULL,18,'2015-01-04 18:14:03','2015-01-04 18:14:03','signed'),(42,35,NULL,1,NULL,NULL,'2015-01-04 18:14:03','2015-01-04 18:14:03','submitted'),(43,35,NULL,1,NULL,NULL,'2015-01-04 18:14:03','2015-01-04 18:14:03','submitted'),(44,35,NULL,1,NULL,NULL,'2015-01-04 18:14:03','2015-01-04 18:14:03','approved'),(45,35,NULL,1,NULL,18,'2015-01-04 18:14:03','2015-01-04 18:14:03','signed'),(46,36,NULL,1,NULL,NULL,'2015-01-04 18:14:03','2015-01-04 18:14:03','submitted'),(47,36,NULL,1,NULL,NULL,'2015-01-04 18:14:03','2015-01-04 18:14:03','submitted'),(48,36,NULL,1,NULL,NULL,'2015-01-04 18:14:03','2015-01-04 18:14:03','approved'),(49,36,NULL,1,NULL,18,'2014-12-30 00:00:00','2014-12-30 00:00:00','signed');
/*!40000 ALTER TABLE `contracts` ENABLE KEYS */;
UNLOCK TABLES;

--
-- Table structure for table `database_authentications`
--

DROP TABLE IF EXISTS `database_authentications`;
/*!40101 SET @saved_cs_client     = @@character_set_client */;
/*!40101 SET character_set_client = utf8 */;
CREATE TABLE `database_authentications` (
  `id` int(11) NOT NULL AUTO_INCREMENT,
  `login` varchar(255) COLLATE utf8_unicode_ci DEFAULT NULL,
  `crypted_password` varchar(40) COLLATE utf8_unicode_ci DEFAULT NULL,
  `salt` varchar(40) COLLATE utf8_unicode_ci DEFAULT NULL,
  `user_id` int(11) DEFAULT NULL,
  `created_at` datetime DEFAULT NULL,
  `updated_at` datetime DEFAULT NULL,
  PRIMARY KEY (`id`)
) ENGINE=InnoDB AUTO_INCREMENT=33 DEFAULT CHARSET=utf8 COLLATE=utf8_unicode_ci;
/*!40101 SET character_set_client = @saved_cs_client */;

--
-- Dumping data for table `database_authentications`
--

LOCK TABLES `database_authentications` WRITE;
/*!40000 ALTER TABLE `database_authentications` DISABLE KEYS */;
INSERT INTO `database_authentications` VALUES (1,'ramon','205d04ee5af9859b553c7672f39fce74ee41b1f3','6444ca24d4acbfe50906729a771a3552a591d91e',1,'2015-01-04 18:14:03','2015-01-04 18:14:03'),(2,'franz_3388','80857ee3c6ed9ee53f3fb7268f2fc63f87790f33','d33e73e05f75cf4eb640dd89c390684e07f572a3',2,'2015-01-04 18:14:03','2015-01-04 18:14:03'),(3,'marielle_4752','93e9d7e26f38c1cdeefd48d28b51945f2e3e7d25','c4f50c6f09884db29971b7594a9c5ffe3b92baab',3,'2015-01-04 18:14:03','2015-01-04 18:14:03'),(4,'janae_7251','a65085279e42fda56a5f4cdd3ae4f8f0262b2206','152dc69c4d9fb4991518000bbfa5b0fa17d9d8b1',4,'2015-01-04 18:14:03','2015-01-04 18:14:03'),(5,'major_moore_8253','59d580e7cafbb6cdb7cc555b63c415237bf294e4','41888052908e2d62acdba8149317e1925ea3702b',5,'2015-01-04 18:14:03','2015-01-04 18:14:03'),(6,'daphney_2754','4433863d8facf9adcc23ed91d2ba34abe646cb39','3ba379f906989246dc7e5522faf5f8a1fa53abd7',6,'2015-01-04 18:14:03','2015-01-04 18:14:03'),(7,'mose_1312','0f8671d70084757e9fff787dbeaea79e57e8917e','a571c67f48da675244131a68c2968eac30baf56a',7,'2015-01-04 18:14:03','2015-01-04 18:14:03'),(8,'matti','086f128007cb9e5fa4c1cb200d81f8da102ceb11','4afb647b7e4274c40d85ddaf3a3e22dd310335ee',8,'2015-01-04 18:14:03','2015-01-04 18:14:03'),(9,'mike','924d58928bf41fe910c9699529f14c059144a33d','b666ddb8e3d0b9d2e3176d5bffebabaa558b4470',9,'2015-01-04 18:14:03','2015-01-04 18:14:03'),(10,'andi','c696a125fdcc502d729dbf1acbe6a6ac7aebbb2c','0a88073bf2992302f1e14ed9c2818462819912eb',10,'2015-01-04 18:14:03','2015-01-04 18:14:03'),(11,'anabel.crooks_9210','7e5caadcc02fd79400f5cb320e1f74a28fc973f8','366b7d29d0dd6a79f8625a4044a94147eba432a4',11,'2015-01-04 18:14:03','2015-01-04 18:14:03'),(12,'sophia_2152','2dbd3b22f112657dc72719dbed3ce8d2df8b0a27','76557cfa0ea7a22df40cee63368f8163c60fae89',12,'2015-01-04 18:14:03','2015-01-04 18:14:03'),(13,'brayan_schulist_6911','35719ef856a3033d8f6e1bb33466cefb474e23a6','1c65d4258caa26edd95c55a791eaaac6faa64ae5',13,'2015-01-04 18:14:03','2015-01-04 18:14:03'),(14,'peyton.howell_7309','ea627ce72ce70569fe58b676947f9f55d69f1ce5','126b2678926a6ba601eb4c7f256520ba013f3e77',14,'2015-01-04 18:14:03','2015-01-04 18:14:03'),(15,'elinore_kaulke_3670','aedc5dd71e61dc4962a2c2cc936d1d1a73e2e65f','d732be8b4c718cf2be72bbd34bebeffbffb10e13',15,'2015-01-04 18:14:03','2015-01-04 18:14:03'),(16,'cara_1821','93601868ffee8ec1ca9d5c0f958ba6de4a79c142','4fc8dcd45c39ff0e1a6539223e07d3afad7ce65b',16,'2015-01-04 18:14:03','2015-01-04 18:14:03'),(17,'gino','04b1bdbf929aee8aa9e111418f7b9c12ca9be547','69b596b252c9ac00ff5761b9dc2ae64e46dbd8f0',17,'2015-01-04 18:14:03','2015-01-04 18:14:03'),(18,'pius','42850ae82aa370f76b696867cb2ffe303964cca4','30e4d10e4f6b8a4a0d62cbb1f2f288237534d282',18,'2015-01-04 18:14:03','2015-01-04 18:14:03'),(19,'peter','2d9b6e5599bba027fa8f6159531d0142e6247a42','8cab6ff4c5c8266ab43b1ad4fb4a685c7d346119',19,'2015-01-04 18:14:03','2015-01-04 18:14:03'),(20,'taya_bergstrom_9458','0bea27ecd02e6c76ef1a835675da488b09e469cf','a7c3a44f4d479dc47bf123187fa533677e67c762',20,'2015-01-04 18:14:03','2015-01-04 18:14:03'),(21,'jacynthe_ko_116','41b55baf66ae21b1718ebd691d1d4ee53a7cd9da','1a33a2e411d472849cc7a622c8f9a989c11703ba',21,'2015-01-04 18:14:03','2015-01-04 18:14:03'),(22,'pearlie_7548','cf4d788ccefc4136388f6d52ddcd93e70abaabe8','d881d8fcc7c0b7e8dbc617ab460a233ddc78b4a8',22,'2015-01-04 18:14:03','2015-01-04 18:14:03'),(23,'isabel_1913','6354765c5ef939ef011684745b4c78d976ed9db7','83a7e8f66dfde9e738a3b77899fc01200d40ef69',23,'2015-01-04 18:14:03','2015-01-04 18:14:03'),(24,'zetta_emard_9175','701255d36ddcff31e33948bfcaf3afc96a70a314','5d8cd916baf9aca69795e818f16b6e9a76120665',24,'2014-12-30 00:00:00','2014-12-30 00:00:00'),(25,'mittie_3205','540ab9633c0014253fc8fb17b8955a6bff2e05f7','0d4ac8e05ae327882288184e179c79879d9df789',25,'2014-12-30 00:00:00','2014-12-30 00:00:00'),(26,'madie_7595','76f09da674634a348ecb5d23e6bc73503d2edde4','5381162511bb10ec42e2bcda524f67a2b8b09c32',26,'2015-01-04 18:14:03','2015-01-04 18:14:03'),(27,'pablo.gaylord_7651','b2c9a534e9a262049ccb79998aba2175297533d6','eeb76309de1b55088670d11a7bfa6067c11a76f6',27,'2015-01-04 18:14:03','2015-01-04 18:14:03'),(28,'mina','829c25e942e10eb3f37269aee0c1742f5b8f1e44','d0c217a860516f60ba908de860ef2e82f6ab74d7',28,'2015-01-04 18:14:03','2015-01-04 18:14:03'),(29,'julie','70f8d5905ae2b11de216eb83fb100ea69cfb911f','c68dcfe5f1023a6951aaad5d3705d1b9bd3972c7',29,'2015-01-04 18:14:03','2015-01-04 18:14:03'),(30,'normin','a4a65f9cbb0229913fdda646c07bf3b043b6bff3','26ed650b58c30f6c22edb4fea9dc33fe36f61611',34,'2015-01-04 18:14:03','2015-01-04 18:14:03'),(31,'petra','b10f3e37d72393dbe28814a10310b7d2211997c4','3ba7ccba155bf4a593a3b9039275256e6067308a',35,'2015-01-04 18:14:03','2015-01-04 18:14:03'),(32,'lisa','1f0d2dabbdf0b191b7a1a6d2965d3a7b20aefdd5','740629e2aa3566f608fb790d8e97aa8dd399be69',36,'2015-01-04 18:14:03','2015-01-04 18:14:03');
/*!40000 ALTER TABLE `database_authentications` ENABLE KEYS */;
UNLOCK TABLES;

--
-- Table structure for table `delegations_users`
--

DROP TABLE IF EXISTS `delegations_users`;
/*!40101 SET @saved_cs_client     = @@character_set_client */;
/*!40101 SET character_set_client = utf8 */;
CREATE TABLE `delegations_users` (
  `delegation_id` int(11) DEFAULT NULL,
  `user_id` int(11) DEFAULT NULL,
  UNIQUE KEY `index_delegations_users_on_user_id_and_delegation_id` (`user_id`,`delegation_id`),
  KEY `index_delegations_users_on_delegation_id` (`delegation_id`)
) ENGINE=InnoDB DEFAULT CHARSET=utf8 COLLATE=utf8_unicode_ci;
/*!40101 SET character_set_client = @saved_cs_client */;

--
-- Dumping data for table `delegations_users`
--

LOCK TABLES `delegations_users` WRITE;
/*!40000 ALTER TABLE `delegations_users` DISABLE KEYS */;
INSERT INTO `delegations_users` VALUES (30,28),(31,28),(32,28),(33,28),(30,29),(31,29),(32,29),(33,29);
/*!40000 ALTER TABLE `delegations_users` ENABLE KEYS */;
UNLOCK TABLES;

--
-- Table structure for table `groups`
--

DROP TABLE IF EXISTS `groups`;
/*!40101 SET @saved_cs_client     = @@character_set_client */;
/*!40101 SET character_set_client = utf8 */;
CREATE TABLE `groups` (
  `id` int(11) NOT NULL AUTO_INCREMENT,
  `name` varchar(255) COLLATE utf8_unicode_ci DEFAULT NULL,
  `inventory_pool_id` int(11) DEFAULT NULL,
  `is_verification_required` tinyint(1) DEFAULT '0',
  `created_at` datetime DEFAULT NULL,
  `updated_at` datetime DEFAULT NULL,
  PRIMARY KEY (`id`),
  KEY `index_groups_on_inventory_pool_id` (`inventory_pool_id`),
  KEY `index_groups_on_is_verification_required` (`is_verification_required`)
) ENGINE=InnoDB AUTO_INCREMENT=10 DEFAULT CHARSET=utf8 COLLATE=utf8_unicode_ci;
/*!40101 SET character_set_client = @saved_cs_client */;

--
-- Dumping data for table `groups`
--

LOCK TABLES `groups` WRITE;
/*!40000 ALTER TABLE `groups` DISABLE KEYS */;
INSERT INTO `groups` VALUES (1,'Cast',1,0,'2015-01-04 18:14:03','2015-01-04 18:14:03'),(2,'IAD',1,0,'2015-01-04 18:14:03','2015-01-04 18:14:03'),(3,'Wu',1,0,'2015-01-04 18:14:03','2015-01-04 18:14:03'),(4,'Group Hifi',1,0,'2015-01-04 18:14:03','2015-01-04 18:14:03'),(5,'Group A',1,0,'2015-01-04 18:14:03','2015-01-04 18:14:03'),(6,'Group B',1,0,'2015-01-04 18:14:03','2015-01-04 18:14:03'),(7,'FFI',1,1,'2015-01-04 18:14:03','2015-01-04 18:14:03'),(8,'VTO',1,1,'2015-01-04 18:14:03','2015-01-04 18:14:03'),(9,'1. Semester',2,1,'2015-01-04 18:14:03','2015-01-04 18:14:03');
/*!40000 ALTER TABLE `groups` ENABLE KEYS */;
UNLOCK TABLES;

--
-- Table structure for table `groups_users`
--

DROP TABLE IF EXISTS `groups_users`;
/*!40101 SET @saved_cs_client     = @@character_set_client */;
/*!40101 SET character_set_client = utf8 */;
CREATE TABLE `groups_users` (
  `user_id` int(11) DEFAULT NULL,
  `group_id` int(11) DEFAULT NULL,
  UNIQUE KEY `index_groups_users_on_user_id_and_group_id` (`user_id`,`group_id`),
  KEY `index_groups_users_on_group_id` (`group_id`)
) ENGINE=InnoDB DEFAULT CHARSET=utf8 COLLATE=utf8_unicode_ci;
/*!40101 SET character_set_client = @saved_cs_client */;

--
-- Dumping data for table `groups_users`
--

LOCK TABLES `groups_users` WRITE;
/*!40000 ALTER TABLE `groups_users` DISABLE KEYS */;
INSERT INTO `groups_users` VALUES (12,7),(12,8),(13,7),(14,7),(14,8),(15,7),(15,9),(16,7),(34,1),(36,1);
/*!40000 ALTER TABLE `groups_users` ENABLE KEYS */;
UNLOCK TABLES;

--
-- Table structure for table `histories`
--

DROP TABLE IF EXISTS `histories`;
/*!40101 SET @saved_cs_client     = @@character_set_client */;
/*!40101 SET character_set_client = utf8 */;
CREATE TABLE `histories` (
  `id` int(11) NOT NULL AUTO_INCREMENT,
  `text` varchar(255) COLLATE utf8_unicode_ci DEFAULT '',
  `type_const` int(11) DEFAULT NULL,
  `created_at` datetime NOT NULL,
  `target_id` int(11) NOT NULL,
  `target_type` varchar(255) COLLATE utf8_unicode_ci NOT NULL,
  `user_id` int(11) DEFAULT NULL,
  PRIMARY KEY (`id`),
  KEY `index_histories_on_target_type_and_target_id` (`target_type`,`target_id`),
  KEY `index_histories_on_type_const` (`type_const`),
  KEY `index_histories_on_user_id` (`user_id`)
) ENGINE=InnoDB AUTO_INCREMENT=17 DEFAULT CHARSET=utf8 COLLATE=utf8_unicode_ci;
/*!40101 SET character_set_client = @saved_cs_client */;

--
-- Dumping data for table `histories`
--

LOCK TABLES `histories` WRITE;
/*!40000 ALTER TABLE `histories` DISABLE KEYS */;
INSERT INTO `histories` VALUES (1,'Contract 14 has been signed by Joy Lind',1,'2015-01-04 18:14:03',14,'Contract',18),(2,'Contract 15 has been signed by Odell Padberg',1,'2015-01-04 18:14:03',15,'Contract',18),(3,'Contract 16 has been signed by Leila Smith',1,'2015-01-04 18:14:03',16,'Contract',18),(4,'Contract 17 has been signed by Blaise Schmidt',1,'2014-12-30 00:00:00',17,'Contract',18),(5,'Contract 18 has been signed by Hardy Hammes',1,'2015-01-04 18:14:03',18,'Contract',18),(6,'Contract 19 has been signed by Julius Kuhic',1,'2015-01-04 18:14:03',19,'Contract',18),(7,'Contract 22 has been signed by Est eos debitis non.',1,'2015-01-04 18:14:03',22,'Contract',18),(8,'Contract 23 has been signed by Est eos debitis non.',1,'2014-12-30 00:00:00',23,'Contract',18),(9,'Contract 36 has been signed by Normin N.',1,'2015-01-04 18:14:03',36,'Contract',18),(10,'Contract 37 has been signed by Normin N.',1,'2015-01-04 18:14:03',37,'Contract',18),(11,'Contract 38 has been signed by Normin N.',1,'2015-01-04 18:14:03',38,'Contract',18),(12,'Contract 39 has been signed by Normin N.',1,'2015-01-04 18:14:03',39,'Contract',18),(13,'Contract 40 has been signed by Normin N.',1,'2015-01-04 18:14:03',40,'Contract',18),(14,'Contract 41 has been signed by Normin N.',1,'2015-01-04 18:14:03',41,'Contract',18),(15,'Contract 45 has been signed by Petra K.',1,'2015-01-04 18:14:03',45,'Contract',18),(16,'Contract 49 has been signed by Lisa L.',1,'2014-12-30 00:00:00',49,'Contract',18);
/*!40000 ALTER TABLE `histories` ENABLE KEYS */;
UNLOCK TABLES;

--
-- Table structure for table `holidays`
--

DROP TABLE IF EXISTS `holidays`;
/*!40101 SET @saved_cs_client     = @@character_set_client */;
/*!40101 SET character_set_client = utf8 */;
CREATE TABLE `holidays` (
  `id` int(11) NOT NULL AUTO_INCREMENT,
  `inventory_pool_id` int(11) DEFAULT NULL,
  `start_date` date DEFAULT NULL,
  `end_date` date DEFAULT NULL,
  `name` varchar(255) COLLATE utf8_unicode_ci DEFAULT NULL,
  PRIMARY KEY (`id`),
  KEY `index_holidays_on_inventory_pool_id` (`inventory_pool_id`),
  KEY `index_holidays_on_start_date_and_end_date` (`start_date`,`end_date`)
) ENGINE=InnoDB AUTO_INCREMENT=5 DEFAULT CHARSET=utf8 COLLATE=utf8_unicode_ci;
/*!40101 SET character_set_client = @saved_cs_client */;

--
-- Dumping data for table `holidays`
--

LOCK TABLES `holidays` WRITE;
/*!40000 ALTER TABLE `holidays` DISABLE KEYS */;
INSERT INTO `holidays` VALUES (1,1,'2015-12-24','2015-12-24','Christmas'),(2,2,'2015-12-24','2015-12-24','Christmas'),(3,3,'2015-12-24','2015-12-24','Christmas'),(4,1,'2015-12-24','2015-12-24','Christmas');
/*!40000 ALTER TABLE `holidays` ENABLE KEYS */;
UNLOCK TABLES;

--
-- Table structure for table `images`
--

DROP TABLE IF EXISTS `images`;
/*!40101 SET @saved_cs_client     = @@character_set_client */;
/*!40101 SET character_set_client = utf8 */;
CREATE TABLE `images` (
  `id` int(11) NOT NULL AUTO_INCREMENT,
  `is_main` tinyint(1) DEFAULT '0',
  `content_type` varchar(255) COLLATE utf8_unicode_ci DEFAULT NULL,
  `filename` varchar(255) COLLATE utf8_unicode_ci DEFAULT NULL,
  `size` int(11) DEFAULT NULL,
  `height` int(11) DEFAULT NULL,
  `width` int(11) DEFAULT NULL,
  `parent_id` int(11) DEFAULT NULL,
  `thumbnail` varchar(255) COLLATE utf8_unicode_ci DEFAULT NULL,
  `target_id` int(11) DEFAULT NULL,
  `target_type` varchar(255) COLLATE utf8_unicode_ci DEFAULT NULL,
  PRIMARY KEY (`id`),
  KEY `index_images_on_target_id_and_target_type` (`target_id`,`target_type`)
) ENGINE=InnoDB AUTO_INCREMENT=5 DEFAULT CHARSET=utf8 COLLATE=utf8_unicode_ci;
/*!40101 SET character_set_client = @saved_cs_client */;

--
-- Dumping data for table `images`
--

LOCK TABLES `images` WRITE;
/*!40000 ALTER TABLE `images` DISABLE KEYS */;
INSERT INTO `images` VALUES (1,0,'image/jpeg','dignissimos',NULL,NULL,NULL,NULL,NULL,1,'ModelGroup'),(2,0,'image/jpeg','praesentium',NULL,NULL,NULL,NULL,NULL,149,'Model'),(3,0,'image/jpeg','autem',NULL,NULL,NULL,NULL,NULL,149,'Model'),(4,0,'image/jpeg','voluptatum',NULL,NULL,NULL,NULL,NULL,150,'Model');
/*!40000 ALTER TABLE `images` ENABLE KEYS */;
UNLOCK TABLES;

--
-- Table structure for table `inventory_pools`
--

DROP TABLE IF EXISTS `inventory_pools`;
/*!40101 SET @saved_cs_client     = @@character_set_client */;
/*!40101 SET character_set_client = utf8 */;
CREATE TABLE `inventory_pools` (
  `id` int(11) NOT NULL AUTO_INCREMENT,
  `name` varchar(255) COLLATE utf8_unicode_ci DEFAULT NULL,
  `description` text COLLATE utf8_unicode_ci,
  `contact_details` varchar(255) COLLATE utf8_unicode_ci DEFAULT NULL,
  `contract_description` varchar(255) COLLATE utf8_unicode_ci DEFAULT NULL,
  `contract_url` varchar(255) COLLATE utf8_unicode_ci DEFAULT NULL,
  `logo_url` varchar(255) COLLATE utf8_unicode_ci DEFAULT NULL,
  `default_contract_note` text COLLATE utf8_unicode_ci,
  `shortname` varchar(255) COLLATE utf8_unicode_ci DEFAULT NULL,
  `email` varchar(255) COLLATE utf8_unicode_ci DEFAULT NULL,
  `color` text COLLATE utf8_unicode_ci,
  `print_contracts` tinyint(1) DEFAULT '1',
  `opening_hours` text COLLATE utf8_unicode_ci,
  `address_id` int(11) DEFAULT NULL,
  `automatic_suspension` tinyint(1) NOT NULL DEFAULT '0',
  `automatic_suspension_reason` text COLLATE utf8_unicode_ci,
  `automatic_access` tinyint(1) DEFAULT NULL,
  PRIMARY KEY (`id`),
  UNIQUE KEY `index_inventory_pools_on_name` (`name`)
) ENGINE=InnoDB AUTO_INCREMENT=15 DEFAULT CHARSET=utf8 COLLATE=utf8_unicode_ci;
/*!40101 SET character_set_client = @saved_cs_client */;

--
-- Dumping data for table `inventory_pools`
--

LOCK TABLES `inventory_pools` WRITE;
/*!40000 ALTER TABLE `inventory_pools` DISABLE KEYS */;
INSERT INTO `inventory_pools` VALUES (1,'A-Ausleihe','Wichtige Hinweise...\n Bitte die Gegenstnde rechtzeitig zurckbringen','A Verleih  /  ZHdK\nav@zh-dk.ch\n+41 00 00 00 00','Gert erhalten','av@zhdk.ch',NULL,'Ipsam non vel similique aut ut velit.','A','av@zhdk.ch',NULL,1,NULL,NULL,1,'Provident commodi veniam aperiam quia.',NULL),(2,'IT-Ausleihe','Bringt die Gerte bitte rechtzeitig zurck','IT Verleih  /  ZHdK\nav@zh-dk.ch\n+41 00 00 00 00','Gert erhalten','it@zhdk.ch',NULL,NULL,'IT','it@zhdk.ch',NULL,1,NULL,NULL,1,'Quo quisquam quo perspiciatis dolores laboriosam rem.',NULL),(3,'AV-Technik','Bringt die Gerte bitte rechtzeitig zurck','AV Verleih  /  ZHdK\nav@zh-dk.ch\n+41 00 00 00 00','Gert erhalten','it@zhdk.ch',NULL,NULL,'AV','it@zhdk.ch',NULL,1,NULL,NULL,0,NULL,NULL),(4,'DT deletable','Bringt die Gerte bitte rechtzeitig zurck','AV Verleih  /  ZHdK\nav@zh-dk.ch\n+41 00 00 00 00','Gert erhalten','it@zhdk.ch',NULL,NULL,'DT','it@zhdk.ch',NULL,1,NULL,NULL,0,NULL,NULL),(5,'Ametipsumdelenitiut','Officiis ut nostrum et.','Expedita omnis quaerat optio non incidunt natus aut.','Ametipsumdelenitiut','walker@wehner.name',NULL,NULL,'BV30QL','walker@wehner.name',NULL,1,NULL,NULL,0,NULL,NULL),(6,'Cumperferendisestest','Qui corrupti quo nemo voluptas consequatur repellendus qui quia.','Itaque voluptate omnis ipsam accusantium eum aliquid.','Cumperferendisestest','frieda_torphy@corkery.co.uk',NULL,NULL,'3APJQI','frieda_torphy@corkery.co.uk',NULL,1,NULL,NULL,0,NULL,NULL),(7,'Eumnesciunttemporibusest','Dolores ex alias aliquid dignissimos voluptas quae sit.','Error hic vel ut suscipit cupiditate.','Eumnesciunttemporibusest','nelson.lindgren@fadel.biz',NULL,NULL,'5MRD6A','nelson.lindgren@fadel.biz',NULL,1,NULL,NULL,0,NULL,NULL),(8,'Molestiassimiliquefacilisaccusamus','Accusamus quos molestias sint sequi sunt ea aut.','Non laboriosam ex vero.','Molestiassimiliquefacilisaccusamus','nathanial@oreillyyost.name',NULL,NULL,'ADVNOK','nathanial@oreillyyost.name',NULL,1,NULL,NULL,0,NULL,NULL),(9,'Ametnobissequirecusandae','Voluptas quo est quisquam et ea excepturi quod.','Perferendis et id blanditiis nostrum non ea quis.','Ametnobissequirecusandae','jaren_mohr@barrows.info',NULL,NULL,'PACE6U','jaren_mohr@barrows.info',NULL,1,NULL,NULL,0,NULL,NULL),(10,'Fugitmolestiasducimuseligendi','Consequuntur eius labore quae accusantium voluptates vel.','Facere aspernatur sunt doloribus.','Fugitmolestiasducimuseligendi','easter@robel.biz',NULL,NULL,'QLT1IL','easter@robel.biz',NULL,1,NULL,NULL,0,NULL,NULL),(11,'Veniamconsequaturquisquamnihil','Laudantium quo repellendus nihil repudiandae vitae eos.','Ea quo aperiam minima deserunt.','Veniamconsequaturquisquamnihil','amina@hegmann.biz',NULL,NULL,'6AGD0W','amina@hegmann.biz',NULL,1,NULL,NULL,0,NULL,NULL),(12,'Advelmollitiamagni','Autem sit ratione occaecati rerum soluta esse nulla aut.','Quo nihil delectus aut.','Advelmollitiamagni','katelynn@borer.com',NULL,NULL,'GAHB5Y','katelynn@borer.com',NULL,1,NULL,NULL,0,NULL,NULL),(13,'Nonomnisquiavoluptas','Optio est eaque sed omnis repudiandae asperiores ducimus.','Unde ea quia qui id voluptatem veniam non.','Nonomnisquiavoluptas','harry@sengerlind.name',NULL,NULL,'972BLM','harry@sengerlind.name',NULL,1,NULL,NULL,0,NULL,NULL),(14,'Voluptateimpeditquamnihil','Sunt commodi aut quia non molestias asperiores consequatur.','Ab ipsa voluptas dolorem autem debitis quia.','Voluptateimpeditquamnihil','angie@harrisdamore.info',NULL,NULL,'L3L4EB','angie@harrisdamore.info',NULL,1,NULL,NULL,0,NULL,NULL);
/*!40000 ALTER TABLE `inventory_pools` ENABLE KEYS */;
UNLOCK TABLES;

--
-- Table structure for table `inventory_pools_model_groups`
--

DROP TABLE IF EXISTS `inventory_pools_model_groups`;
/*!40101 SET @saved_cs_client     = @@character_set_client */;
/*!40101 SET character_set_client = utf8 */;
CREATE TABLE `inventory_pools_model_groups` (
  `inventory_pool_id` int(11) DEFAULT NULL,
  `model_group_id` int(11) DEFAULT NULL,
  KEY `index_inventory_pools_model_groups_on_inventory_pool_id` (`inventory_pool_id`),
  KEY `index_inventory_pools_model_groups_on_model_group_id` (`model_group_id`)
) ENGINE=InnoDB DEFAULT CHARSET=utf8 COLLATE=utf8_unicode_ci;
/*!40101 SET character_set_client = @saved_cs_client */;

--
-- Dumping data for table `inventory_pools_model_groups`
--

LOCK TABLES `inventory_pools_model_groups` WRITE;
/*!40000 ALTER TABLE `inventory_pools_model_groups` DISABLE KEYS */;
INSERT INTO `inventory_pools_model_groups` VALUES (1,12),(1,13),(1,14);
/*!40000 ALTER TABLE `inventory_pools_model_groups` ENABLE KEYS */;
UNLOCK TABLES;

--
-- Table structure for table `items`
--

DROP TABLE IF EXISTS `items`;
/*!40101 SET @saved_cs_client     = @@character_set_client */;
/*!40101 SET character_set_client = utf8 */;
CREATE TABLE `items` (
  `id` int(11) NOT NULL AUTO_INCREMENT,
  `inventory_code` varchar(255) COLLATE utf8_unicode_ci DEFAULT NULL,
  `serial_number` varchar(255) COLLATE utf8_unicode_ci DEFAULT NULL,
  `model_id` int(11) DEFAULT NULL,
  `location_id` int(11) DEFAULT NULL,
  `supplier_id` int(11) DEFAULT NULL,
  `owner_id` int(11) NOT NULL,
  `parent_id` int(11) DEFAULT NULL,
  `invoice_number` varchar(255) COLLATE utf8_unicode_ci DEFAULT NULL,
  `invoice_date` date DEFAULT NULL,
  `last_check` date DEFAULT NULL,
  `retired` date DEFAULT NULL,
  `retired_reason` varchar(255) COLLATE utf8_unicode_ci DEFAULT NULL,
  `price` decimal(8,2) DEFAULT NULL,
  `is_broken` tinyint(1) DEFAULT '0',
  `is_incomplete` tinyint(1) DEFAULT '0',
  `is_borrowable` tinyint(1) DEFAULT '0',
  `needs_permission` tinyint(1) DEFAULT '0',
  `inventory_pool_id` int(11) NOT NULL,
  `is_inventory_relevant` tinyint(1) DEFAULT '0',
  `responsible` varchar(255) COLLATE utf8_unicode_ci DEFAULT NULL,
  `insurance_number` varchar(255) COLLATE utf8_unicode_ci DEFAULT NULL,
  `note` text COLLATE utf8_unicode_ci,
  `name` text COLLATE utf8_unicode_ci,
  `user_name` varchar(255) COLLATE utf8_unicode_ci DEFAULT NULL,
  `properties` varchar(2048) COLLATE utf8_unicode_ci DEFAULT NULL,
  `created_at` datetime DEFAULT NULL,
  `updated_at` datetime DEFAULT NULL,
  PRIMARY KEY (`id`),
  UNIQUE KEY `index_items_on_inventory_code` (`inventory_code`),
  KEY `index_items_on_inventory_pool_id` (`inventory_pool_id`),
  KEY `index_items_on_retired` (`retired`),
  KEY `index_items_on_is_borrowable` (`is_borrowable`),
  KEY `index_items_on_is_broken` (`is_broken`),
  KEY `index_items_on_is_incomplete` (`is_incomplete`),
  KEY `index_items_on_location_id` (`location_id`),
  KEY `index_items_on_owner_id` (`owner_id`),
  KEY `index_items_on_parent_id_and_retired` (`parent_id`,`retired`),
  KEY `index_items_on_model_id_and_retired_and_inventory_pool_id` (`model_id`,`retired`,`inventory_pool_id`)
) ENGINE=InnoDB AUTO_INCREMENT=298 DEFAULT CHARSET=utf8 COLLATE=utf8_unicode_ci;
/*!40101 SET character_set_client = @saved_cs_client */;

--
-- Dumping data for table `items`
--

LOCK TABLES `items` WRITE;
/*!40000 ALTER TABLE `items` DISABLE KEYS */;
INSERT INTO `items` VALUES (1,'e8n1tgdhe9wfk48fl76j191','9a:0b:29:ec:ee:b4-65:6d:f8:8a:3c:df-cf:a7:96:a9:a9:74',1,1,1,2,NULL,NULL,'2012-03-16','2015-01-04',NULL,NULL,'1071.00',0,0,1,0,5,1,NULL,NULL,NULL,NULL,NULL,'--- !ruby/hash:ActiveSupport::HashWithIndifferentAccess\nanschaffungskategorie: AV-Technik\nreference: invoice\numzug: zgeln\nankunftszustand: intakt\n','2015-01-04 18:14:03','2015-01-04 18:14:03'),(2,'fjpvat3q1spin9sf538t192','fe:ac:4b:9b:a2:3a-e4:67:05:62:7d:73-18:02:b1:c5:c9:ea',1,2,2,6,NULL,NULL,'2010-09-20','2015-01-04',NULL,NULL,'506.00',0,0,1,0,5,1,NULL,NULL,NULL,NULL,NULL,'--- !ruby/hash:ActiveSupport::HashWithIndifferentAccess\nanschaffungskategorie: AV-Technik\nreference: invoice\numzug: zgeln\nankunftszustand: intakt\n','2015-01-04 18:14:03','2015-01-04 18:14:03'),(3,'4ksc19phh4v4uf2xftqr193','8e:d2:ad:ee:1b:5f-b6:92:30:54:ac:c3-1a:ab:ad:ff:ec:ea',1,3,3,7,NULL,NULL,'2011-08-18','2015-01-04',NULL,NULL,'958.00',0,0,1,0,5,1,NULL,NULL,NULL,NULL,NULL,'--- !ruby/hash:ActiveSupport::HashWithIndifferentAccess\nanschaffungskategorie: AV-Technik\nreference: invoice\numzug: zgeln\nankunftszustand: intakt\n','2015-01-04 18:14:03','2015-01-04 18:14:03'),(4,'zjtm637kcrec188nzrc4194','af:9a:37:96:46:85-bf:d1:7b:f9:8c:fc-d7:f0:bf:f3:a7:e6',5,4,4,6,NULL,NULL,'2013-07-22','2015-01-04',NULL,NULL,'731.00',0,0,1,0,5,1,NULL,NULL,NULL,NULL,NULL,'--- !ruby/hash:ActiveSupport::HashWithIndifferentAccess\nanschaffungskategorie: AV-Technik\nreference: invoice\numzug: zgeln\nankunftszustand: intakt\n','2015-01-04 18:14:03','2015-01-04 18:14:03'),(5,'bh8oj8vjn439i37rp7dv195','a8:24:d7:d5:37:b3-99:97:85:d2:8e:bc-51:eb:61:cc:58:81',5,5,5,8,NULL,NULL,'2010-11-16','2015-01-04',NULL,NULL,'156.00',0,0,1,0,5,1,NULL,NULL,NULL,NULL,NULL,'--- !ruby/hash:ActiveSupport::HashWithIndifferentAccess\nanschaffungskategorie: AV-Technik\nreference: invoice\numzug: zgeln\nankunftszustand: intakt\n','2015-01-04 18:14:03','2015-01-04 18:14:03'),(6,'ahh5gbe6myehuy3iojio196','74:4d:c0:06:5e:fa-4d:3b:bf:c7:03:be-5f:b6:a6:bf:ed:64',5,6,6,8,NULL,NULL,'2010-03-17','2015-01-04',NULL,NULL,'1126.00',0,0,1,0,5,1,NULL,NULL,NULL,NULL,NULL,'--- !ruby/hash:ActiveSupport::HashWithIndifferentAccess\nanschaffungskategorie: AV-Technik\nreference: invoice\numzug: zgeln\nankunftszustand: intakt\n','2015-01-04 18:14:03','2015-01-04 18:14:03'),(7,'jhgidp3023s6wufx485h197','82:f6:a9:a8:05:31-9b:98:18:65:11:f7-7d:b7:e3:41:f3:18',9,7,7,9,NULL,NULL,'2014-10-18','2015-01-04',NULL,NULL,'1363.00',0,0,1,0,5,1,NULL,NULL,NULL,NULL,NULL,'--- !ruby/hash:ActiveSupport::HashWithIndifferentAccess\nanschaffungskategorie: AV-Technik\nreference: invoice\numzug: zgeln\nankunftszustand: intakt\n','2015-01-04 18:14:03','2015-01-04 18:14:03'),(8,'f48i0mv9ymb3k1ekpm4g198','fb:da:3c:25:75:65-99:14:ac:f9:d0:5b-5a:d1:c1:3a:f8:81',9,8,8,10,NULL,NULL,'2014-02-02','2015-01-04',NULL,NULL,'1013.00',0,0,1,0,5,1,NULL,NULL,NULL,NULL,NULL,'--- !ruby/hash:ActiveSupport::HashWithIndifferentAccess\nanschaffungskategorie: AV-Technik\nreference: invoice\numzug: zgeln\nankunftszustand: intakt\n','2015-01-04 18:14:03','2015-01-04 18:14:03'),(9,'jr1nrp22618ns162k21z199','df:60:a6:0c:2f:02-6f:0b:3a:e4:f8:70-47:85:4f:30:28:cd',9,9,9,8,NULL,NULL,'2012-02-27','2015-01-04',NULL,NULL,'1014.00',0,0,1,0,5,1,NULL,NULL,NULL,NULL,NULL,'--- !ruby/hash:ActiveSupport::HashWithIndifferentAccess\nanschaffungskategorie: AV-Technik\nreference: invoice\numzug: zgeln\nankunftszustand: intakt\n','2015-01-04 18:14:03','2015-01-04 18:14:03'),(10,'bbl3y907zetj05kf8hv9200','a9:cf:e8:42:c3:b6-b9:d4:d9:20:c0:18-1f:33:e9:d9:42:8d',13,10,10,4,NULL,NULL,'2010-03-10','2015-01-04',NULL,NULL,'410.00',0,0,1,0,5,1,NULL,NULL,NULL,NULL,NULL,'--- !ruby/hash:ActiveSupport::HashWithIndifferentAccess\nanschaffungskategorie: AV-Technik\nreference: invoice\numzug: zgeln\nankunftszustand: intakt\n','2015-01-04 18:14:03','2015-01-04 18:14:03'),(11,'n4i9s4pkg9wdm8dgur01201','dc:64:4e:b8:39:dd-2e:63:c7:8d:f8:fb-f5:50:66:8e:87:b1',13,11,11,3,NULL,NULL,'2013-08-12','2015-01-04',NULL,NULL,'338.00',0,0,1,0,5,1,NULL,NULL,NULL,NULL,NULL,'--- !ruby/hash:ActiveSupport::HashWithIndifferentAccess\nanschaffungskategorie: AV-Technik\nreference: invoice\numzug: zgeln\nankunftszustand: intakt\n','2015-01-04 18:14:03','2015-01-04 18:14:03'),(12,'akq56y6n0eywqrhybomz202','63:a2:2c:27:59:91-9c:67:ef:d4:30:6e-1f:3a:cd:94:02:59',13,12,12,9,NULL,NULL,'2014-09-14','2015-01-04',NULL,NULL,'1147.00',0,0,1,0,5,1,NULL,NULL,NULL,NULL,NULL,'--- !ruby/hash:ActiveSupport::HashWithIndifferentAccess\nanschaffungskategorie: AV-Technik\nreference: invoice\numzug: zgeln\nankunftszustand: intakt\n','2015-01-04 18:14:03','2015-01-04 18:14:03'),(13,'3qi4ism6gio6uq0w9llm203','88:92:45:94:fa:bd-27:4c:66:b7:7e:d6-05:66:f3:0e:d1:e1',17,13,13,11,NULL,NULL,'2014-07-20','2015-01-04',NULL,NULL,'176.00',0,0,1,0,5,1,NULL,NULL,NULL,NULL,NULL,'--- !ruby/hash:ActiveSupport::HashWithIndifferentAccess\nanschaffungskategorie: AV-Technik\nreference: invoice\numzug: zgeln\nankunftszustand: intakt\n','2015-01-04 18:14:03','2015-01-04 18:14:03'),(14,'1pvgwdus1hh7jiv7z4ky204','d1:9c:61:b1:fb:a1-0f:9b:5a:ad:93:a5-b5:cc:87:77:af:48',17,14,14,8,NULL,NULL,'2011-07-25','2015-01-04',NULL,NULL,'1102.00',0,0,1,0,5,1,NULL,NULL,NULL,NULL,NULL,'--- !ruby/hash:ActiveSupport::HashWithIndifferentAccess\nanschaffungskategorie: AV-Technik\nreference: invoice\numzug: zgeln\nankunftszustand: intakt\n','2015-01-04 18:14:03','2015-01-04 18:14:03'),(15,'g22qlykremyamhgvmnkm205','00:42:b6:6a:1c:8c-62:45:40:bc:e4:c5-c1:9b:9d:2d:ab:20',17,15,15,7,NULL,NULL,'2010-08-04','2015-01-04',NULL,NULL,'685.00',0,0,1,0,5,1,NULL,NULL,NULL,NULL,NULL,'--- !ruby/hash:ActiveSupport::HashWithIndifferentAccess\nanschaffungskategorie: AV-Technik\nreference: invoice\numzug: zgeln\nankunftszustand: intakt\n','2015-01-04 18:14:03','2015-01-04 18:14:03'),(16,'iqy6zliiwsphtx3kq19h206','9b:24:97:63:93:5c-a8:dd:3d:ba:91:53-ed:d8:c6:48:82:d6',21,16,16,3,NULL,NULL,'2011-07-29','2015-01-04',NULL,NULL,'1210.00',0,0,1,0,5,1,NULL,NULL,NULL,NULL,NULL,'--- !ruby/hash:ActiveSupport::HashWithIndifferentAccess\nanschaffungskategorie: AV-Technik\nreference: invoice\numzug: zgeln\nankunftszustand: intakt\n','2015-01-04 18:14:03','2015-01-04 18:14:03'),(17,'n9k737790asstuwicizb207','7f:8f:b4:f2:71:fd-29:35:6f:5e:c2:d9-56:d0:a9:5a:9f:f1',21,17,17,7,NULL,NULL,'2010-05-06','2015-01-04',NULL,NULL,'180.00',0,0,1,0,5,1,NULL,NULL,NULL,NULL,NULL,'--- !ruby/hash:ActiveSupport::HashWithIndifferentAccess\nanschaffungskategorie: AV-Technik\nreference: invoice\numzug: zgeln\nankunftszustand: intakt\n','2015-01-04 18:14:03','2015-01-04 18:14:03'),(18,'4g2nlisffaywikp86o8p208','d8:21:13:d5:21:16-c1:b7:75:d9:fe:ad-8c:6a:71:59:14:44',21,18,18,9,NULL,NULL,'2012-11-23','2015-01-04',NULL,NULL,'1205.00',0,0,1,0,5,1,NULL,NULL,NULL,NULL,NULL,'--- !ruby/hash:ActiveSupport::HashWithIndifferentAccess\nanschaffungskategorie: AV-Technik\nreference: invoice\numzug: zgeln\nankunftszustand: intakt\n','2015-01-04 18:14:03','2015-01-04 18:14:03'),(19,'2xk9ftagh9a5e59y0yww209','b4:fe:a2:fd:7e:56-82:ac:d7:ca:3e:66-03:bd:99:3b:f5:20',25,19,19,11,NULL,NULL,'2011-02-07','2015-01-04',NULL,NULL,'767.00',0,0,1,0,12,1,NULL,NULL,NULL,NULL,NULL,'--- !ruby/hash:ActiveSupport::HashWithIndifferentAccess\nanschaffungskategorie: AV-Technik\nreference: invoice\numzug: zgeln\nankunftszustand: intakt\n','2015-01-04 18:14:03','2015-01-04 18:14:03'),(20,'8arthyo0iydbedhdzje6210','8a:38:01:23:da:30-05:04:d0:66:2d:e2-01:05:f0:02:b9:be',25,20,20,10,NULL,NULL,'2013-09-28','2015-01-04',NULL,NULL,'1175.00',0,0,1,0,12,1,NULL,NULL,NULL,NULL,NULL,'--- !ruby/hash:ActiveSupport::HashWithIndifferentAccess\nanschaffungskategorie: AV-Technik\nreference: invoice\numzug: zgeln\nankunftszustand: intakt\n','2015-01-04 18:14:03','2015-01-04 18:14:03'),(21,'nrfjzle1suqwrgnf8myl211','e9:d2:ba:fc:3d:7a-53:fd:3a:cb:0b:de-35:1d:e0:41:ae:08',25,21,21,8,NULL,NULL,'2013-03-03','2015-01-04',NULL,NULL,'1246.00',0,0,1,0,12,1,NULL,NULL,NULL,NULL,NULL,'--- !ruby/hash:ActiveSupport::HashWithIndifferentAccess\nanschaffungskategorie: AV-Technik\nreference: invoice\numzug: zgeln\nankunftszustand: intakt\n','2015-01-04 18:14:03','2015-01-04 18:14:03'),(22,'5rojwqh7uq880yuhsokp212','39:18:17:ec:0c:01-53:b9:2b:2b:0a:fe-ea:83:b6:b7:06:cf',29,22,22,6,NULL,NULL,'2011-10-02','2015-01-04',NULL,NULL,'1153.00',0,0,1,0,12,1,NULL,NULL,NULL,NULL,NULL,'--- !ruby/hash:ActiveSupport::HashWithIndifferentAccess\nanschaffungskategorie: AV-Technik\nreference: invoice\numzug: zgeln\nankunftszustand: intakt\n','2015-01-04 18:14:03','2015-01-04 18:14:03'),(23,'b0vc23vvicjphyiav8gt213','1a:63:b4:63:90:fd-f5:88:30:6f:5b:23-76:37:eb:b2:4b:f1',29,23,23,11,NULL,NULL,'2012-03-12','2015-01-04',NULL,NULL,'791.00',0,0,1,0,12,1,NULL,NULL,NULL,NULL,NULL,'--- !ruby/hash:ActiveSupport::HashWithIndifferentAccess\nanschaffungskategorie: AV-Technik\nreference: invoice\numzug: zgeln\nankunftszustand: intakt\n','2015-01-04 18:14:03','2015-01-04 18:14:03'),(24,'ewto03me5exn7a7inhy4214','50:8a:af:40:e4:a8-70:6a:98:3f:a7:8e-c4:fd:33:9a:ba:d2',29,24,24,11,NULL,NULL,'2012-02-17','2015-01-04',NULL,NULL,'1204.00',0,0,1,0,12,1,NULL,NULL,NULL,NULL,NULL,'--- !ruby/hash:ActiveSupport::HashWithIndifferentAccess\nanschaffungskategorie: AV-Technik\nreference: invoice\numzug: zgeln\nankunftszustand: intakt\n','2015-01-04 18:14:03','2015-01-04 18:14:03'),(25,'ab3ke98tqkdwlv31gb6y215','22:cc:37:18:9d:bc-fe:ad:1d:34:da:c2-c8:3a:b0:9a:d9:17',33,25,25,1,NULL,NULL,'2011-05-29','2015-01-04',NULL,NULL,'1354.00',0,0,1,0,12,1,NULL,NULL,NULL,NULL,NULL,'--- !ruby/hash:ActiveSupport::HashWithIndifferentAccess\nanschaffungskategorie: AV-Technik\nreference: invoice\numzug: zgeln\nankunftszustand: intakt\n','2015-01-04 18:14:03','2015-01-04 18:14:03'),(26,'ft7tbia9dcruruu42j6q216','b2:70:1d:b2:07:ea-3b:66:4f:fc:20:2f-82:83:0f:f8:63:19',33,26,26,4,NULL,NULL,'2011-04-30','2015-01-04',NULL,NULL,'497.00',0,0,1,0,12,1,NULL,NULL,NULL,NULL,NULL,'--- !ruby/hash:ActiveSupport::HashWithIndifferentAccess\nanschaffungskategorie: AV-Technik\nreference: invoice\numzug: zgeln\nankunftszustand: intakt\n','2015-01-04 18:14:03','2015-01-04 18:14:03'),(27,'ntxoxgsi7u5kq9yitumn217','39:ee:4e:e3:91:2b-5f:53:9e:a2:c3:5b-83:5b:d0:f6:59:dd',33,27,27,9,NULL,NULL,'2012-05-29','2015-01-04',NULL,NULL,'248.00',0,0,1,0,12,1,NULL,NULL,NULL,NULL,NULL,'--- !ruby/hash:ActiveSupport::HashWithIndifferentAccess\nanschaffungskategorie: AV-Technik\nreference: invoice\numzug: zgeln\nankunftszustand: intakt\n','2015-01-04 18:14:03','2015-01-04 18:14:03'),(28,'iqowoc8g2enmoibtaeqs218','67:c3:54:ee:7d:1a-8e:15:0d:b0:91:d1-95:3b:28:43:dc:e1',37,28,28,6,NULL,NULL,'2014-08-06','2015-01-04',NULL,NULL,'846.00',0,0,1,0,1,1,NULL,NULL,NULL,NULL,NULL,'--- !ruby/hash:ActiveSupport::HashWithIndifferentAccess\nanschaffungskategorie: AV-Technik\nreference: invoice\numzug: zgeln\nankunftszustand: intakt\n','2015-01-04 18:14:03','2015-01-04 18:14:03'),(29,'xt1abrtdcdif2k2kbryl219','4d:c5:a3:21:02:0e-47:e4:1d:46:f4:a0-db:2f:bd:0c:23:13',37,29,29,9,NULL,NULL,'2013-07-01','2015-01-04',NULL,NULL,'44.00',0,0,1,0,1,1,NULL,NULL,NULL,NULL,NULL,'--- !ruby/hash:ActiveSupport::HashWithIndifferentAccess\nanschaffungskategorie: AV-Technik\nreference: invoice\numzug: zgeln\nankunftszustand: intakt\n','2015-01-04 18:14:03','2015-01-04 18:14:03'),(30,'ik6p01kem3d0g7xba62x220','d4:b3:a6:00:76:02-60:7d:d2:1f:f3:19-d4:81:de:b5:b9:58',37,30,30,11,NULL,NULL,'2012-12-05','2015-01-04',NULL,NULL,'855.00',0,0,1,0,1,1,NULL,NULL,NULL,NULL,NULL,'--- !ruby/hash:ActiveSupport::HashWithIndifferentAccess\nanschaffungskategorie: AV-Technik\nreference: invoice\numzug: zgeln\nankunftszustand: intakt\n','2015-01-04 18:14:03','2015-01-04 18:14:03'),(31,'e8zr5cyehc38gs86tg20221','81:1e:f4:f4:8c:dd-f0:d1:8c:3a:bc:c4-ac:0e:41:a5:78:d8',41,31,31,1,NULL,NULL,'2013-07-12','2015-01-04',NULL,NULL,'47.00',0,0,1,0,1,1,NULL,NULL,NULL,NULL,NULL,'--- !ruby/hash:ActiveSupport::HashWithIndifferentAccess\nanschaffungskategorie: AV-Technik\nreference: invoice\numzug: zgeln\nankunftszustand: intakt\n','2015-01-04 18:14:03','2015-01-04 18:14:03'),(32,'sr7sbjayxvdenp2swuwf222','5c:55:7d:6b:73:cc-68:76:6e:04:2e:dc-45:0f:56:e1:62:c9',41,32,32,12,NULL,NULL,'2010-12-18','2015-01-04',NULL,NULL,'537.00',0,0,1,0,1,1,NULL,NULL,NULL,NULL,NULL,'--- !ruby/hash:ActiveSupport::HashWithIndifferentAccess\nanschaffungskategorie: AV-Technik\nreference: invoice\numzug: zgeln\nankunftszustand: intakt\n','2015-01-04 18:14:03','2015-01-04 18:14:03'),(33,'rvwb63d0ve72w23mrikz223','ac:7c:aa:55:b3:bc-31:4f:d9:b4:63:4b-1b:0c:c0:fb:95:a4',41,33,33,6,NULL,NULL,'2013-01-13','2015-01-04',NULL,NULL,'1290.00',0,0,1,0,1,1,NULL,NULL,NULL,NULL,NULL,'--- !ruby/hash:ActiveSupport::HashWithIndifferentAccess\nanschaffungskategorie: AV-Technik\nreference: invoice\numzug: zgeln\nankunftszustand: intakt\n','2015-01-04 18:14:03','2015-01-04 18:14:03'),(34,'40ztoe10w64p2zv0371c224','06:af:0d:9e:68:14-6d:9f:dd:db:91:a6-08:62:cc:97:a9:16',45,34,34,7,NULL,NULL,'2011-04-04','2015-01-04',NULL,NULL,'393.00',0,0,1,0,1,1,NULL,NULL,NULL,NULL,NULL,'--- !ruby/hash:ActiveSupport::HashWithIndifferentAccess\nanschaffungskategorie: AV-Technik\nreference: invoice\numzug: zgeln\nankunftszustand: intakt\n','2015-01-04 18:14:03','2015-01-04 18:14:03'),(35,'w5co24lm21p26ptryu1p225','59:3a:12:09:40:5c-c9:93:32:50:d6:93-d2:07:91:18:43:62',45,35,35,1,NULL,NULL,'2014-11-04','2015-01-04',NULL,NULL,'1033.00',0,0,1,0,1,1,NULL,NULL,NULL,NULL,NULL,'--- !ruby/hash:ActiveSupport::HashWithIndifferentAccess\nanschaffungskategorie: AV-Technik\nreference: invoice\numzug: zgeln\nankunftszustand: intakt\n','2015-01-04 18:14:03','2015-01-04 18:14:03'),(36,'4lqw9ovpb03ivp9rpp0r226','38:49:6a:55:41:38-2f:ab:18:c5:a1:1a-99:23:4d:2b:00:ba',45,36,36,12,NULL,NULL,'2013-04-06','2015-01-04',NULL,NULL,'1035.00',0,0,1,0,1,1,NULL,NULL,NULL,NULL,NULL,'--- !ruby/hash:ActiveSupport::HashWithIndifferentAccess\nanschaffungskategorie: AV-Technik\nreference: invoice\numzug: zgeln\nankunftszustand: intakt\n','2015-01-04 18:14:03','2015-01-04 18:14:03'),(37,'sm0qqk0yo6jwkjucpujd227','c9:65:55:43:ac:b0-6e:3e:a2:de:e5:2a-dc:ec:0f:92:75:fe',49,37,37,4,NULL,NULL,'2010-04-27','2015-01-04',NULL,NULL,'293.00',0,0,1,0,1,1,NULL,NULL,NULL,NULL,NULL,'--- !ruby/hash:ActiveSupport::HashWithIndifferentAccess\nanschaffungskategorie: AV-Technik\nreference: invoice\numzug: zgeln\nankunftszustand: intakt\n','2015-01-04 18:14:03','2015-01-04 18:14:03'),(38,'ewcnfepljpgcb0p3jqis228','09:9f:9e:05:68:81-20:72:65:fd:64:ba-ec:a5:2b:a2:be:31',49,38,38,1,NULL,NULL,'2013-02-26','2015-01-04',NULL,NULL,'291.00',0,0,1,0,1,1,NULL,NULL,NULL,NULL,NULL,'--- !ruby/hash:ActiveSupport::HashWithIndifferentAccess\nanschaffungskategorie: AV-Technik\nreference: invoice\numzug: zgeln\nankunftszustand: intakt\n','2015-01-04 18:14:03','2015-01-04 18:14:03'),(39,'z0q6onzdv4ecdekxskvj229','72:ad:0b:d8:e5:24-2b:59:45:42:2d:31-c5:e0:3e:fe:bd:76',49,39,39,8,NULL,NULL,'2012-01-15','2015-01-04',NULL,NULL,'352.00',0,0,1,0,1,1,NULL,NULL,NULL,NULL,NULL,'--- !ruby/hash:ActiveSupport::HashWithIndifferentAccess\nanschaffungskategorie: AV-Technik\nreference: invoice\numzug: zgeln\nankunftszustand: intakt\n','2015-01-04 18:14:03','2015-01-04 18:14:03'),(40,'book1','book1',53,40,40,2,NULL,NULL,'2013-06-10','2015-01-04',NULL,NULL,'116.00',0,0,1,0,2,1,NULL,NULL,NULL,NULL,NULL,'--- !ruby/hash:ActiveSupport::HashWithIndifferentAccess\nanschaffungskategorie: AV-Technik\nreference: invoice\numzug: zgeln\nankunftszustand: intakt\n','2015-01-04 18:14:03','2015-01-04 18:14:03'),(41,'book2','book2',53,40,41,2,NULL,NULL,'2013-12-30','2015-01-04',NULL,NULL,'1321.00',0,0,1,0,2,1,NULL,NULL,NULL,NULL,NULL,'--- !ruby/hash:ActiveSupport::HashWithIndifferentAccess\nanschaffungskategorie: AV-Technik\nreference: invoice\numzug: zgeln\nankunftszustand: intakt\n','2015-01-04 18:14:03','2015-01-04 18:14:03'),(42,'beam123','xyz456',54,41,42,1,NULL,NULL,'2011-05-13','2015-01-04',NULL,NULL,'549.00',0,0,1,0,1,1,NULL,NULL,NULL,'name123',NULL,'--- !ruby/hash:ActiveSupport::HashWithIndifferentAccess\nanschaffungskategorie: AV-Technik\nreference: invoice\numzug: zgeln\nankunftszustand: intakt\n','2015-01-04 18:14:03','2015-01-04 18:14:03'),(43,'beam345','xyz890',54,41,43,1,NULL,NULL,'2011-02-16','2015-01-04',NULL,NULL,'10.00',0,0,1,0,1,1,NULL,NULL,NULL,NULL,NULL,'--- !ruby/hash:ActiveSupport::HashWithIndifferentAccess\nanschaffungskategorie: AV-Technik\nreference: invoice\numzug: zgeln\nankunftszustand: intakt\n','2015-01-04 18:14:03','2015-01-04 18:14:03'),(44,'beam678','xyz678',55,41,44,1,NULL,NULL,'2010-02-15','2015-01-04',NULL,NULL,'1011.00',0,0,1,0,1,1,NULL,NULL,NULL,NULL,NULL,'--- !ruby/hash:ActiveSupport::HashWithIndifferentAccess\nanschaffungskategorie: AV-Technik\nreference: invoice\numzug: zgeln\nankunftszustand: intakt\n','2015-01-04 18:14:03','2015-01-04 18:14:03'),(45,'beam749','xyz749',54,41,45,1,NULL,NULL,'2013-09-06','2015-01-04',NULL,NULL,'1182.00',0,0,1,0,2,1,NULL,NULL,NULL,NULL,NULL,'--- !ruby/hash:ActiveSupport::HashWithIndifferentAccess\nanschaffungskategorie: AV-Technik\nreference: invoice\numzug: zgeln\nankunftszustand: intakt\n','2015-01-04 18:14:03','2015-01-04 18:14:03'),(46,'beamTest123','xyz749',57,41,46,1,NULL,NULL,'2012-12-03','2015-01-04',NULL,NULL,'858.00',0,0,1,0,1,1,NULL,NULL,NULL,NULL,NULL,'--- !ruby/hash:ActiveSupport::HashWithIndifferentAccess\nanschaffungskategorie: AV-Technik\nreference: invoice\numzug: zgeln\nankunftszustand: intakt\n','2015-01-04 18:14:03','2015-01-04 18:14:03'),(47,'ucbeam1','minbeam1',58,41,47,1,NULL,NULL,'2012-03-01','2015-01-04',NULL,NULL,'1033.00',0,0,1,0,1,1,NULL,NULL,NULL,'ucbeam1',NULL,'--- !ruby/hash:ActiveSupport::HashWithIndifferentAccess\nanschaffungskategorie: AV-Technik\nreference: invoice\numzug: zgeln\nankunftszustand: intakt\n','2015-01-04 18:14:03','2015-01-04 18:14:03'),(48,'microbeam1','microbeam1',59,41,48,1,NULL,NULL,'2014-04-16','2015-01-04',NULL,NULL,'599.00',0,0,1,0,1,1,NULL,NULL,NULL,'microbeam1',NULL,'--- !ruby/hash:ActiveSupport::HashWithIndifferentAccess\nanschaffungskategorie: AV-Technik\nreference: invoice\numzug: zgeln\nankunftszustand: intakt\n','2015-01-04 18:14:03','2015-01-04 18:14:03'),(49,'mbeam1','mbeam1',60,41,49,1,NULL,NULL,'2011-08-06','2015-01-04',NULL,NULL,'1297.00',0,0,1,0,1,1,NULL,NULL,NULL,'mbeam1',NULL,'--- !ruby/hash:ActiveSupport::HashWithIndifferentAccess\nanschaffungskategorie: AV-Technik\nreference: invoice\numzug: zgeln\nankunftszustand: intakt\n','2015-01-04 18:14:03','2015-01-04 18:14:03'),(50,'mbeam2','mbeam2',61,41,50,1,NULL,NULL,'2010-06-10','2015-01-04',NULL,NULL,'1108.00',0,0,1,0,1,1,NULL,NULL,NULL,'mbeam2',NULL,'--- !ruby/hash:ActiveSupport::HashWithIndifferentAccess\nanschaffungskategorie: AV-Technik\nreference: invoice\numzug: zgeln\nankunftszustand: intakt\n','2015-01-04 18:14:03','2015-01-04 18:14:03'),(51,'mbeam3','mbeam3',62,41,51,1,NULL,NULL,'2011-11-21','2015-01-04',NULL,NULL,'392.00',0,0,1,0,1,1,NULL,NULL,NULL,'mbeam3',NULL,'--- !ruby/hash:ActiveSupport::HashWithIndifferentAccess\nanschaffungskategorie: AV-Technik\nreference: invoice\numzug: zgeln\nankunftszustand: intakt\n','2015-01-04 18:14:03','2015-01-04 18:14:03'),(52,'mbeam4','mbeam4',63,41,52,1,NULL,NULL,'2011-11-08','2015-01-04',NULL,NULL,'756.00',0,0,1,0,1,1,NULL,NULL,NULL,'mbeam4',NULL,'--- !ruby/hash:ActiveSupport::HashWithIndifferentAccess\nanschaffungskategorie: AV-Technik\nreference: invoice\numzug: zgeln\nankunftszustand: intakt\n','2015-01-04 18:14:03','2015-01-04 18:14:03'),(53,'mbeam5','mbeam5',64,41,53,1,NULL,NULL,'2010-01-17','2015-01-04',NULL,NULL,'722.00',0,0,1,0,1,1,NULL,NULL,NULL,'mbeam5',NULL,'--- !ruby/hash:ActiveSupport::HashWithIndifferentAccess\nanschaffungskategorie: AV-Technik\nreference: invoice\numzug: zgeln\nankunftszustand: intakt\n','2015-01-04 18:14:03','2015-01-04 18:14:03'),(54,'mbeam6','mbeam6',65,41,54,1,NULL,NULL,'2013-04-27','2015-01-04',NULL,NULL,'896.00',0,0,1,0,1,1,NULL,NULL,NULL,'mbeam6',NULL,'--- !ruby/hash:ActiveSupport::HashWithIndifferentAccess\nanschaffungskategorie: AV-Technik\nreference: invoice\numzug: zgeln\nankunftszustand: intakt\n','2015-01-04 18:14:03','2015-01-04 18:14:03'),(55,'mbeam7','mbeam7',66,41,55,1,NULL,NULL,'2013-04-12','2015-01-04',NULL,NULL,'1283.00',0,0,1,0,1,1,NULL,NULL,NULL,'mbeam7',NULL,'--- !ruby/hash:ActiveSupport::HashWithIndifferentAccess\nanschaffungskategorie: AV-Technik\nreference: invoice\numzug: zgeln\nankunftszustand: intakt\n','2015-01-04 18:14:03','2015-01-04 18:14:03'),(56,'mbeam8','mbeam8',67,41,56,1,NULL,NULL,'2014-05-15','2015-01-04',NULL,NULL,'917.00',0,0,1,0,1,1,NULL,NULL,NULL,'mbeam8',NULL,'--- !ruby/hash:ActiveSupport::HashWithIndifferentAccess\nanschaffungskategorie: AV-Technik\nreference: invoice\numzug: zgeln\nankunftszustand: intakt\n','2015-01-04 18:14:03','2015-01-04 18:14:03'),(57,'mbeam9','mbeam9',68,41,57,1,NULL,NULL,'2011-03-24','2015-01-04',NULL,NULL,'1438.00',0,0,1,0,1,1,NULL,NULL,NULL,'mbeam9',NULL,'--- !ruby/hash:ActiveSupport::HashWithIndifferentAccess\nanschaffungskategorie: AV-Technik\nreference: invoice\numzug: zgeln\nankunftszustand: intakt\n','2015-01-04 18:14:03','2015-01-04 18:14:03'),(58,'mbeam10','mbeam10',69,41,58,1,NULL,NULL,'2010-02-26','2015-01-04',NULL,NULL,'1227.00',0,0,1,0,1,1,NULL,NULL,NULL,'mbeam10',NULL,'--- !ruby/hash:ActiveSupport::HashWithIndifferentAccess\nanschaffungskategorie: AV-Technik\nreference: invoice\numzug: zgeln\nankunftszustand: intakt\n','2015-01-04 18:14:03','2015-01-04 18:14:03'),(59,'mbeam11','mbeam11',70,41,59,1,NULL,NULL,'2010-11-23','2015-01-04',NULL,NULL,'1144.00',0,0,1,0,1,1,NULL,NULL,NULL,'mbeam11',NULL,'--- !ruby/hash:ActiveSupport::HashWithIndifferentAccess\nanschaffungskategorie: AV-Technik\nreference: invoice\numzug: zgeln\nankunftszustand: intakt\n','2015-01-04 18:14:03','2015-01-04 18:14:03'),(60,'mbeam12','mbeam12',71,41,60,1,NULL,NULL,'2011-11-25','2015-01-04',NULL,NULL,'9.00',0,0,1,0,1,1,NULL,NULL,NULL,'mbeam12',NULL,'--- !ruby/hash:ActiveSupport::HashWithIndifferentAccess\nanschaffungskategorie: AV-Technik\nreference: invoice\numzug: zgeln\nankunftszustand: intakt\n','2015-01-04 18:14:03','2015-01-04 18:14:03'),(61,'mbeam13','mbeam13',72,41,61,1,NULL,NULL,'2012-07-26','2015-01-04',NULL,NULL,'239.00',0,0,1,0,1,1,NULL,NULL,NULL,'mbeam13',NULL,'--- !ruby/hash:ActiveSupport::HashWithIndifferentAccess\nanschaffungskategorie: AV-Technik\nreference: invoice\numzug: zgeln\nankunftszustand: intakt\n','2015-01-04 18:14:03','2015-01-04 18:14:03'),(62,'mbeam14','mbeam14',73,41,62,1,NULL,NULL,'2011-05-19','2015-01-04',NULL,NULL,'267.00',0,0,1,0,1,1,NULL,NULL,NULL,'mbeam14',NULL,'--- !ruby/hash:ActiveSupport::HashWithIndifferentAccess\nanschaffungskategorie: AV-Technik\nreference: invoice\numzug: zgeln\nankunftszustand: intakt\n','2015-01-04 18:14:03','2015-01-04 18:14:03'),(63,'mbeam15','mbeam15',74,41,63,1,NULL,NULL,'2013-04-30','2015-01-04',NULL,NULL,'1152.00',0,0,1,0,1,1,NULL,NULL,NULL,'mbeam15',NULL,'--- !ruby/hash:ActiveSupport::HashWithIndifferentAccess\nanschaffungskategorie: AV-Technik\nreference: invoice\numzug: zgeln\nankunftszustand: intakt\n','2015-01-04 18:14:03','2015-01-04 18:14:03'),(64,'mbeam16','mbeam16',75,41,64,1,NULL,NULL,'2013-05-04','2015-01-04',NULL,NULL,'1499.00',0,0,1,0,1,1,NULL,NULL,NULL,'mbeam16',NULL,'--- !ruby/hash:ActiveSupport::HashWithIndifferentAccess\nanschaffungskategorie: AV-Technik\nreference: invoice\numzug: zgeln\nankunftszustand: intakt\n','2015-01-04 18:14:03','2015-01-04 18:14:03'),(65,'mbeam17','mbeam17',76,41,65,1,NULL,NULL,'2013-08-20','2015-01-04',NULL,NULL,'559.00',0,0,1,0,1,1,NULL,NULL,NULL,'mbeam17',NULL,'--- !ruby/hash:ActiveSupport::HashWithIndifferentAccess\nanschaffungskategorie: AV-Technik\nreference: invoice\numzug: zgeln\nankunftszustand: intakt\n','2015-01-04 18:14:03','2015-01-04 18:14:03'),(66,'mbeam18','mbeam18',77,41,66,1,NULL,NULL,'2014-10-02','2015-01-04',NULL,NULL,'211.00',0,0,1,0,1,1,NULL,NULL,NULL,'mbeam18',NULL,'--- !ruby/hash:ActiveSupport::HashWithIndifferentAccess\nanschaffungskategorie: AV-Technik\nreference: invoice\numzug: zgeln\nankunftszustand: intakt\n','2015-01-04 18:14:03','2015-01-04 18:14:03'),(67,'mbeam19','mbeam19',78,41,67,1,NULL,NULL,'2014-12-28','2015-01-04',NULL,NULL,'541.00',0,0,1,0,1,1,NULL,NULL,NULL,'mbeam19',NULL,'--- !ruby/hash:ActiveSupport::HashWithIndifferentAccess\nanschaffungskategorie: AV-Technik\nreference: invoice\numzug: zgeln\nankunftszustand: intakt\n','2015-01-04 18:14:03','2015-01-04 18:14:03'),(68,'mbeam20','mbeam20',79,41,68,1,NULL,NULL,'2011-08-27','2015-01-04',NULL,NULL,'57.00',0,0,1,0,1,1,NULL,NULL,NULL,'mbeam20',NULL,'--- !ruby/hash:ActiveSupport::HashWithIndifferentAccess\nanschaffungskategorie: AV-Technik\nreference: invoice\numzug: zgeln\nankunftszustand: intakt\n','2015-01-04 18:14:03','2015-01-04 18:14:03'),(69,'cam123','abc234',80,41,69,1,NULL,NULL,'2012-05-16','2015-01-04',NULL,NULL,'34.00',0,0,1,0,1,1,NULL,NULL,NULL,NULL,NULL,'--- !ruby/hash:ActiveSupport::HashWithIndifferentAccess\nanschaffungskategorie: AV-Technik\nreference: invoice\numzug: zgeln\nankunftszustand: intakt\n','2015-01-04 18:14:03','2015-01-04 18:14:03'),(70,'cam345','ab567',80,41,70,1,NULL,NULL,'2013-01-26','2015-01-04',NULL,NULL,'786.00',0,0,1,0,1,1,NULL,NULL,NULL,NULL,NULL,'--- !ruby/hash:ActiveSupport::HashWithIndifferentAccess\nanschaffungskategorie: AV-Technik\nreference: invoice\numzug: zgeln\nankunftszustand: intakt\n','2015-01-04 18:14:03','2015-01-04 18:14:03'),(71,'cam567','ab789',80,41,71,1,NULL,NULL,'2012-04-07','2015-01-04',NULL,NULL,'256.00',0,0,1,0,1,1,NULL,NULL,NULL,NULL,NULL,'--- !ruby/hash:ActiveSupport::HashWithIndifferentAccess\nanschaffungskategorie: AV-Technik\nreference: invoice\numzug: zgeln\nankunftszustand: intakt\n','2015-01-04 18:14:03','2015-01-04 18:14:03'),(72,'cam53267','ab782129',80,41,72,1,NULL,NULL,'2013-03-22','2015-01-04',NULL,NULL,'140.00',0,0,1,0,1,1,NULL,NULL,NULL,NULL,NULL,'--- !ruby/hash:ActiveSupport::HashWithIndifferentAccess\nanschaffungskategorie: AV-Technik\nreference: invoice\numzug: zgeln\nankunftszustand: intakt\n','2015-01-04 18:14:03','2015-01-04 18:14:03'),(73,'cam532asd67','ab78as2129',80,41,73,1,NULL,NULL,'2011-03-15','2015-01-04',NULL,NULL,'1076.00',0,0,1,0,1,1,NULL,NULL,NULL,NULL,NULL,'--- !ruby/hash:ActiveSupport::HashWithIndifferentAccess\nanschaffungskategorie: AV-Technik\nreference: invoice\numzug: zgeln\nankunftszustand: intakt\n','2015-01-04 18:14:03','2015-01-04 18:14:03'),(74,'mcam1','mcam1',81,41,74,1,NULL,NULL,'2011-09-09','2015-01-04',NULL,NULL,'231.00',0,0,1,0,1,1,NULL,NULL,NULL,'mcam1',NULL,'--- !ruby/hash:ActiveSupport::HashWithIndifferentAccess\nanschaffungskategorie: AV-Technik\nreference: invoice\numzug: zgeln\nankunftszustand: intakt\n','2015-01-04 18:14:03','2015-01-04 18:14:03'),(75,'mcam2','mcam2',82,41,75,1,NULL,NULL,'2010-09-18','2015-01-04',NULL,NULL,'722.00',0,0,1,0,1,1,NULL,NULL,NULL,'mcam2',NULL,'--- !ruby/hash:ActiveSupport::HashWithIndifferentAccess\nanschaffungskategorie: AV-Technik\nreference: invoice\numzug: zgeln\nankunftszustand: intakt\n','2015-01-04 18:14:03','2015-01-04 18:14:03'),(76,'mcam3','mcam3',83,41,76,1,NULL,NULL,'2011-10-01','2015-01-04',NULL,NULL,'480.00',0,0,1,0,1,1,NULL,NULL,NULL,'mcam3',NULL,'--- !ruby/hash:ActiveSupport::HashWithIndifferentAccess\nanschaffungskategorie: AV-Technik\nreference: invoice\numzug: zgeln\nankunftszustand: intakt\n','2015-01-04 18:14:03','2015-01-04 18:14:03'),(77,'mcam4','mcam4',84,41,77,1,NULL,NULL,'2013-09-05','2015-01-04',NULL,NULL,'1157.00',0,0,1,0,1,1,NULL,NULL,NULL,'mcam4',NULL,'--- !ruby/hash:ActiveSupport::HashWithIndifferentAccess\nanschaffungskategorie: AV-Technik\nreference: invoice\numzug: zgeln\nankunftszustand: intakt\n','2015-01-04 18:14:03','2015-01-04 18:14:03'),(78,'mcam5','mcam5',85,41,78,1,NULL,NULL,'2011-07-08','2015-01-04',NULL,NULL,'931.00',0,0,1,0,1,1,NULL,NULL,NULL,'mcam5',NULL,'--- !ruby/hash:ActiveSupport::HashWithIndifferentAccess\nanschaffungskategorie: AV-Technik\nreference: invoice\numzug: zgeln\nankunftszustand: intakt\n','2015-01-04 18:14:03','2015-01-04 18:14:03'),(79,'mcam6','mcam6',86,41,79,1,NULL,NULL,'2013-05-26','2015-01-04',NULL,NULL,'800.00',0,0,1,0,1,1,NULL,NULL,NULL,'mcam6',NULL,'--- !ruby/hash:ActiveSupport::HashWithIndifferentAccess\nanschaffungskategorie: AV-Technik\nreference: invoice\numzug: zgeln\nankunftszustand: intakt\n','2015-01-04 18:14:03','2015-01-04 18:14:03'),(80,'mcam7','mcam7',87,41,80,1,NULL,NULL,'2013-08-16','2015-01-04',NULL,NULL,'174.00',0,0,1,0,1,1,NULL,NULL,NULL,'mcam7',NULL,'--- !ruby/hash:ActiveSupport::HashWithIndifferentAccess\nanschaffungskategorie: AV-Technik\nreference: invoice\numzug: zgeln\nankunftszustand: intakt\n','2015-01-04 18:14:03','2015-01-04 18:14:03'),(81,'mcam8','mcam8',88,41,81,1,NULL,NULL,'2011-01-11','2015-01-04',NULL,NULL,'169.00',0,0,1,0,1,1,NULL,NULL,NULL,'mcam8',NULL,'--- !ruby/hash:ActiveSupport::HashWithIndifferentAccess\nanschaffungskategorie: AV-Technik\nreference: invoice\numzug: zgeln\nankunftszustand: intakt\n','2015-01-04 18:14:03','2015-01-04 18:14:03'),(82,'mcam9','mcam9',89,41,82,1,NULL,NULL,'2011-03-25','2015-01-04',NULL,NULL,'941.00',0,0,1,0,1,1,NULL,NULL,NULL,'mcam9',NULL,'--- !ruby/hash:ActiveSupport::HashWithIndifferentAccess\nanschaffungskategorie: AV-Technik\nreference: invoice\numzug: zgeln\nankunftszustand: intakt\n','2015-01-04 18:14:03','2015-01-04 18:14:03'),(83,'mcam10','mcam10',90,41,83,1,NULL,NULL,'2012-06-10','2015-01-04',NULL,NULL,'139.00',0,0,1,0,1,1,NULL,NULL,NULL,'mcam10',NULL,'--- !ruby/hash:ActiveSupport::HashWithIndifferentAccess\nanschaffungskategorie: AV-Technik\nreference: invoice\numzug: zgeln\nankunftszustand: intakt\n','2015-01-04 18:14:03','2015-01-04 18:14:03'),(84,'mcam11','mcam11',91,41,84,1,NULL,NULL,'2014-06-30','2015-01-04',NULL,NULL,'465.00',0,0,1,0,1,1,NULL,NULL,NULL,'mcam11',NULL,'--- !ruby/hash:ActiveSupport::HashWithIndifferentAccess\nanschaffungskategorie: AV-Technik\nreference: invoice\numzug: zgeln\nankunftszustand: intakt\n','2015-01-04 18:14:03','2015-01-04 18:14:03'),(85,'mcam12','mcam12',92,41,85,1,NULL,NULL,'2013-12-31','2015-01-04',NULL,NULL,'832.00',0,0,1,0,1,1,NULL,NULL,NULL,'mcam12',NULL,'--- !ruby/hash:ActiveSupport::HashWithIndifferentAccess\nanschaffungskategorie: AV-Technik\nreference: invoice\numzug: zgeln\nankunftszustand: intakt\n','2015-01-04 18:14:03','2015-01-04 18:14:03'),(86,'mcam13','mcam13',93,41,86,1,NULL,NULL,'2011-11-21','2015-01-04',NULL,NULL,'1215.00',0,0,1,0,1,1,NULL,NULL,NULL,'mcam13',NULL,'--- !ruby/hash:ActiveSupport::HashWithIndifferentAccess\nanschaffungskategorie: AV-Technik\nreference: invoice\numzug: zgeln\nankunftszustand: intakt\n','2015-01-04 18:14:03','2015-01-04 18:14:03'),(87,'mcam14','mcam14',94,41,87,1,NULL,NULL,'2011-02-17','2015-01-04',NULL,NULL,'655.00',0,0,1,0,1,1,NULL,NULL,NULL,'mcam14',NULL,'--- !ruby/hash:ActiveSupport::HashWithIndifferentAccess\nanschaffungskategorie: AV-Technik\nreference: invoice\numzug: zgeln\nankunftszustand: intakt\n','2015-01-04 18:14:03','2015-01-04 18:14:03'),(88,'mcam15','mcam15',95,41,88,1,NULL,NULL,'2014-02-05','2015-01-04',NULL,NULL,'647.00',0,0,1,0,1,1,NULL,NULL,NULL,'mcam15',NULL,'--- !ruby/hash:ActiveSupport::HashWithIndifferentAccess\nanschaffungskategorie: AV-Technik\nreference: invoice\numzug: zgeln\nankunftszustand: intakt\n','2015-01-04 18:14:03','2015-01-04 18:14:03'),(89,'mcam16','mcam16',96,41,89,1,NULL,NULL,'2011-02-13','2015-01-04',NULL,NULL,'908.00',0,0,1,0,1,1,NULL,NULL,NULL,'mcam16',NULL,'--- !ruby/hash:ActiveSupport::HashWithIndifferentAccess\nanschaffungskategorie: AV-Technik\nreference: invoice\numzug: zgeln\nankunftszustand: intakt\n','2015-01-04 18:14:03','2015-01-04 18:14:03'),(90,'mcam17','mcam17',97,41,90,1,NULL,NULL,'2010-09-23','2015-01-04',NULL,NULL,'925.00',0,0,1,0,1,1,NULL,NULL,NULL,'mcam17',NULL,'--- !ruby/hash:ActiveSupport::HashWithIndifferentAccess\nanschaffungskategorie: AV-Technik\nreference: invoice\numzug: zgeln\nankunftszustand: intakt\n','2015-01-04 18:14:03','2015-01-04 18:14:03'),(91,'mcam18','mcam18',98,41,91,1,NULL,NULL,'2013-05-11','2015-01-04',NULL,NULL,'1186.00',0,0,1,0,1,1,NULL,NULL,NULL,'mcam18',NULL,'--- !ruby/hash:ActiveSupport::HashWithIndifferentAccess\nanschaffungskategorie: AV-Technik\nreference: invoice\numzug: zgeln\nankunftszustand: intakt\n','2015-01-04 18:14:03','2015-01-04 18:14:03'),(92,'mcam19','mcam19',99,41,92,1,NULL,NULL,'2014-11-19','2015-01-04',NULL,NULL,'516.00',0,0,1,0,1,1,NULL,NULL,NULL,'mcam19',NULL,'--- !ruby/hash:ActiveSupport::HashWithIndifferentAccess\nanschaffungskategorie: AV-Technik\nreference: invoice\numzug: zgeln\nankunftszustand: intakt\n','2015-01-04 18:14:03','2015-01-04 18:14:03'),(93,'mcam20','mcam20',100,41,93,1,NULL,NULL,'2011-09-03','2015-01-04',NULL,NULL,'945.00',0,0,1,0,1,1,NULL,NULL,NULL,'mcam20',NULL,'--- !ruby/hash:ActiveSupport::HashWithIndifferentAccess\nanschaffungskategorie: AV-Technik\nreference: invoice\numzug: zgeln\nankunftszustand: intakt\n','2015-01-04 18:14:03','2015-01-04 18:14:03'),(94,'mcam21','mcam21',101,41,94,1,NULL,NULL,'2012-06-11','2015-01-04',NULL,NULL,'477.00',0,0,1,0,1,1,NULL,NULL,NULL,'mcam21',NULL,'--- !ruby/hash:ActiveSupport::HashWithIndifferentAccess\nanschaffungskategorie: AV-Technik\nreference: invoice\numzug: zgeln\nankunftszustand: intakt\n','2015-01-04 18:14:03','2015-01-04 18:14:03'),(95,'mcam22','mcam22',102,41,95,1,NULL,NULL,'2013-06-17','2015-01-04',NULL,NULL,'870.00',0,0,1,0,1,1,NULL,NULL,NULL,'mcam22',NULL,'--- !ruby/hash:ActiveSupport::HashWithIndifferentAccess\nanschaffungskategorie: AV-Technik\nreference: invoice\numzug: zgeln\nankunftszustand: intakt\n','2015-01-04 18:14:03','2015-01-04 18:14:03'),(96,'mcam23','mcam23',103,41,96,1,NULL,NULL,'2012-06-27','2015-01-04',NULL,NULL,'1299.00',0,0,1,0,1,1,NULL,NULL,NULL,'mcam23',NULL,'--- !ruby/hash:ActiveSupport::HashWithIndifferentAccess\nanschaffungskategorie: AV-Technik\nreference: invoice\numzug: zgeln\nankunftszustand: intakt\n','2015-01-04 18:14:03','2015-01-04 18:14:03'),(97,'mcam24','mcam24',104,41,97,1,NULL,NULL,'2010-09-10','2015-01-04',NULL,NULL,'876.00',0,0,1,0,1,1,NULL,NULL,NULL,'mcam24',NULL,'--- !ruby/hash:ActiveSupport::HashWithIndifferentAccess\nanschaffungskategorie: AV-Technik\nreference: invoice\numzug: zgeln\nankunftszustand: intakt\n','2015-01-04 18:14:03','2015-01-04 18:14:03'),(98,'mcam25','mcam25',105,41,98,1,NULL,NULL,'2010-05-29','2015-01-04',NULL,NULL,'31.00',0,0,1,0,1,1,NULL,NULL,NULL,'mcam25',NULL,'--- !ruby/hash:ActiveSupport::HashWithIndifferentAccess\nanschaffungskategorie: AV-Technik\nreference: invoice\numzug: zgeln\nankunftszustand: intakt\n','2015-01-04 18:14:03','2015-01-04 18:14:03'),(99,'mcam26','mcam26',106,41,99,1,NULL,NULL,'2013-08-21','2015-01-04',NULL,NULL,'8.00',0,0,1,0,1,1,NULL,NULL,NULL,'mcam26',NULL,'--- !ruby/hash:ActiveSupport::HashWithIndifferentAccess\nanschaffungskategorie: AV-Technik\nreference: invoice\numzug: zgeln\nankunftszustand: intakt\n','2015-01-04 18:14:03','2015-01-04 18:14:03'),(100,'mcam27','mcam27',107,41,100,1,NULL,NULL,'2012-10-09','2015-01-04',NULL,NULL,'461.00',0,0,1,0,1,1,NULL,NULL,NULL,'mcam27',NULL,'--- !ruby/hash:ActiveSupport::HashWithIndifferentAccess\nanschaffungskategorie: AV-Technik\nreference: invoice\numzug: zgeln\nankunftszustand: intakt\n','2015-01-04 18:14:03','2015-01-04 18:14:03'),(101,'mcam28','mcam28',108,41,101,1,NULL,NULL,'2010-03-26','2015-01-04',NULL,NULL,'845.00',0,0,1,0,1,1,NULL,NULL,NULL,'mcam28',NULL,'--- !ruby/hash:ActiveSupport::HashWithIndifferentAccess\nanschaffungskategorie: AV-Technik\nreference: invoice\numzug: zgeln\nankunftszustand: intakt\n','2015-01-04 18:14:03','2015-01-04 18:14:03'),(102,'mcam29','mcam29',109,41,102,1,NULL,NULL,'2010-07-28','2015-01-04',NULL,NULL,'93.00',0,0,1,0,1,1,NULL,NULL,NULL,'mcam29',NULL,'--- !ruby/hash:ActiveSupport::HashWithIndifferentAccess\nanschaffungskategorie: AV-Technik\nreference: invoice\numzug: zgeln\nankunftszustand: intakt\n','2015-01-04 18:14:03','2015-01-04 18:14:03'),(103,'mcam30','mcam30',110,41,103,1,NULL,NULL,'2014-11-30','2015-01-04',NULL,NULL,'640.00',0,0,1,0,1,1,NULL,NULL,NULL,'mcam30',NULL,'--- !ruby/hash:ActiveSupport::HashWithIndifferentAccess\nanschaffungskategorie: AV-Technik\nreference: invoice\numzug: zgeln\nankunftszustand: intakt\n','2015-01-04 18:14:03','2015-01-04 18:14:03'),(104,'hifi123','hifi123',111,41,104,1,NULL,NULL,'2014-11-25','2015-01-04',NULL,NULL,'947.00',0,0,1,0,1,1,NULL,NULL,NULL,NULL,NULL,'--- !ruby/hash:ActiveSupport::HashWithIndifferentAccess\nanschaffungskategorie: AV-Technik\nreference: invoice\numzug: zgeln\nankunftszustand: intakt\n','2015-01-04 18:14:03','2015-01-04 18:14:03'),(105,'tri789','fgh567',112,41,105,1,NULL,NULL,'2013-09-16','2015-01-04',NULL,NULL,'1387.00',0,0,1,0,1,1,NULL,NULL,NULL,NULL,NULL,'--- !ruby/hash:ActiveSupport::HashWithIndifferentAccess\nanschaffungskategorie: AV-Technik\nreference: invoice\numzug: zgeln\nankunftszustand: intakt\n','2015-01-04 18:14:03','2015-01-04 18:14:03'),(106,'tri123','fgh987',112,41,106,1,NULL,NULL,'2013-10-19','2015-01-04',NULL,NULL,'811.00',0,0,1,0,1,1,NULL,NULL,NULL,NULL,NULL,'--- !ruby/hash:ActiveSupport::HashWithIndifferentAccess\nanschaffungskategorie: AV-Technik\nreference: invoice\numzug: zgeln\nankunftszustand: intakt\n','2015-01-04 18:14:03','2015-01-04 18:14:03'),(107,'tri923','asd213',112,41,107,1,NULL,NULL,'2013-04-13','2015-01-04',NULL,NULL,'116.00',0,0,1,0,1,1,NULL,NULL,NULL,NULL,NULL,'--- !ruby/hash:ActiveSupport::HashWithIndifferentAccess\nanschaffungskategorie: AV-Technik\nreference: invoice\numzug: zgeln\nankunftszustand: intakt\n','2015-01-04 18:14:03','2015-01-04 18:14:03'),(108,'tri212','tri212',112,41,108,1,NULL,NULL,'2010-08-31','2015-01-04',NULL,NULL,'977.00',0,0,1,0,1,1,NULL,NULL,NULL,NULL,NULL,'--- !ruby/hash:ActiveSupport::HashWithIndifferentAccess\nanschaffungskategorie: AV-Technik\nreference: invoice\numzug: zgeln\nankunftszustand: intakt\n','2015-01-04 18:14:03','2015-01-04 18:14:03'),(109,'4a2j10','zxqti6',114,41,109,1,NULL,NULL,'2014-02-28','2015-01-04',NULL,NULL,'193.00',0,0,1,0,1,1,NULL,NULL,NULL,NULL,NULL,'--- !ruby/hash:ActiveSupport::HashWithIndifferentAccess\nanschaffungskategorie: AV-Technik\nreference: invoice\numzug: zgeln\nankunftszustand: intakt\n','2015-01-04 18:14:03','2015-01-04 18:14:03'),(110,'9k2nk718p0osywg7a1ag230','77:45:5f:8e:50:4a-ed:01:0f:64:75:38-d5:e9:08:99:6e:56',115,42,110,1,NULL,NULL,'2010-10-21','2015-01-04',NULL,NULL,'160.00',0,0,1,0,1,1,NULL,NULL,NULL,NULL,NULL,'--- !ruby/hash:ActiveSupport::HashWithIndifferentAccess\nanschaffungskategorie: AV-Technik\nreference: invoice\numzug: zgeln\nankunftszustand: intakt\n','2015-01-04 18:14:03','2015-01-04 18:14:03'),(111,'xo0f07p6yvq2tzzjtmfv231','c6:bd:12:2e:f5:bb-06:17:1e:7d:b8:f5-3c:bb:a2:b8:e6:b4',117,42,111,1,110,NULL,'2013-05-31','2015-01-04',NULL,NULL,'387.00',0,0,1,0,1,1,NULL,NULL,NULL,NULL,NULL,'--- !ruby/hash:ActiveSupport::HashWithIndifferentAccess\nanschaffungskategorie: AV-Technik\nreference: invoice\numzug: zgeln\nankunftszustand: intakt\n','2015-01-04 18:14:03','2015-01-04 18:14:03'),(112,'1atjfu2xuttpmtxw1zwo232','87:7f:fa:03:dc:f1-a5:69:2f:97:8f:9a-c0:d4:7f:07:5f:3f',118,42,112,1,110,NULL,'2014-10-11','2015-01-04',NULL,NULL,'1363.00',0,0,1,0,1,1,NULL,NULL,NULL,NULL,NULL,'--- !ruby/hash:ActiveSupport::HashWithIndifferentAccess\nanschaffungskategorie: AV-Technik\nreference: invoice\numzug: zgeln\nankunftszustand: intakt\n','2015-01-04 18:14:03','2015-01-04 18:14:03'),(113,'yqnpw44973hxr6rgzm2c233','0b:2b:e7:c8:b7:42-5b:24:6c:2f:d7:92-78:7f:25:6b:91:86',119,42,113,1,110,NULL,'2011-07-17','2015-01-04',NULL,NULL,'668.00',0,0,1,0,1,1,NULL,NULL,NULL,NULL,NULL,'--- !ruby/hash:ActiveSupport::HashWithIndifferentAccess\nanschaffungskategorie: AV-Technik\nreference: invoice\numzug: zgeln\nankunftszustand: intakt\n','2015-01-04 18:14:03','2015-01-04 18:14:03'),(114,'3fdcjp2bg7evfe71okei234','29:f9:b6:42:89:a9-66:4a:e5:7f:cd:24-b9:bb:39:40:a0:46',115,46,114,1,NULL,NULL,'2014-12-30','2015-01-04',NULL,NULL,'183.00',0,0,1,0,1,1,NULL,NULL,NULL,NULL,NULL,'--- !ruby/hash:ActiveSupport::HashWithIndifferentAccess\nanschaffungskategorie: AV-Technik\nreference: invoice\numzug: zgeln\nankunftszustand: intakt\n','2015-01-04 18:14:03','2015-01-04 18:14:03'),(115,'4tw4x7w3hqhtg10t140s235','9c:60:40:b7:da:12-c7:c5:a2:82:c6:7f-c6:e8:a8:36:b3:52',121,46,115,1,114,NULL,'2011-10-25','2015-01-04',NULL,NULL,'978.00',0,0,1,0,1,1,NULL,NULL,NULL,NULL,NULL,'--- !ruby/hash:ActiveSupport::HashWithIndifferentAccess\nanschaffungskategorie: AV-Technik\nreference: invoice\numzug: zgeln\nankunftszustand: intakt\n','2015-01-04 18:14:03','2015-01-04 18:14:03'),(116,'x0yixu0kfbycsvgukp8x236','37:be:4b:ba:e1:db-a5:ba:c3:53:15:dd-e2:92:f6:8c:dd:2f',122,46,116,1,114,NULL,'2011-06-09','2015-01-04',NULL,NULL,'896.00',0,0,1,0,1,1,NULL,NULL,NULL,NULL,NULL,'--- !ruby/hash:ActiveSupport::HashWithIndifferentAccess\nanschaffungskategorie: AV-Technik\nreference: invoice\numzug: zgeln\nankunftszustand: intakt\n','2015-01-04 18:14:03','2015-01-04 18:14:03'),(117,'wc0r4em82fz1pm4s7wiw237','f3:53:3e:f7:26:10-0e:98:3b:4d:e7:09-06:75:08:b7:6e:b4',123,46,117,1,114,NULL,'2010-02-15','2015-01-04',NULL,NULL,'161.00',0,0,1,0,1,1,NULL,NULL,NULL,NULL,NULL,'--- !ruby/hash:ActiveSupport::HashWithIndifferentAccess\nanschaffungskategorie: AV-Technik\nreference: invoice\numzug: zgeln\nankunftszustand: intakt\n','2015-01-04 18:14:03','2015-01-04 18:14:03'),(118,'d7g50en8gkcu5z8o4ylo238','35:e7:72:80:5c:5a-07:0b:d0:1c:c6:37-e7:aa:04:53:d3:06',115,50,118,1,NULL,NULL,'2013-04-06','2015-01-04',NULL,NULL,'1466.00',0,0,1,0,1,1,NULL,NULL,NULL,NULL,NULL,'--- !ruby/hash:ActiveSupport::HashWithIndifferentAccess\nanschaffungskategorie: AV-Technik\nreference: invoice\numzug: zgeln\nankunftszustand: intakt\n','2015-01-04 18:14:03','2015-01-04 18:14:03'),(119,'tuginne2iqcsgnlv9f39239','93:0a:60:fa:f1:33-d8:5f:15:e0:f2:b6-00:f9:3e:b1:b5:d1',125,50,119,1,118,NULL,'2013-11-30','2015-01-04',NULL,NULL,'1403.00',0,0,1,0,1,1,NULL,NULL,NULL,NULL,NULL,'--- !ruby/hash:ActiveSupport::HashWithIndifferentAccess\nanschaffungskategorie: AV-Technik\nreference: invoice\numzug: zgeln\nankunftszustand: intakt\n','2015-01-04 18:14:03','2015-01-04 18:14:03'),(120,'knitfdn5omwik3vsx9th240','18:9d:8b:53:a8:96-ce:3f:17:2f:c5:57-62:33:66:90:f5:3f',126,50,120,1,118,NULL,'2012-10-20','2015-01-04',NULL,NULL,'1006.00',0,0,1,0,1,1,NULL,NULL,NULL,NULL,NULL,'--- !ruby/hash:ActiveSupport::HashWithIndifferentAccess\nanschaffungskategorie: AV-Technik\nreference: invoice\numzug: zgeln\nankunftszustand: intakt\n','2015-01-04 18:14:03','2015-01-04 18:14:03'),(121,'qhtzu70x3g93wb0olnrx241','e2:f5:4e:15:e3:14-4a:a0:34:b9:c9:f8-f5:ad:da:dd:4a:18',127,50,121,1,118,NULL,'2010-12-29','2015-01-04',NULL,NULL,'1011.00',0,0,1,0,1,1,NULL,NULL,NULL,NULL,NULL,'--- !ruby/hash:ActiveSupport::HashWithIndifferentAccess\nanschaffungskategorie: AV-Technik\nreference: invoice\numzug: zgeln\nankunftszustand: intakt\n','2015-01-04 18:14:03','2015-01-04 18:14:03'),(122,'v0fdm8b5kjo5q9w7v6a0242','81:84:da:1b:42:dc-54:2a:1c:07:c6:b9-82:57:08:e5:ed:32',128,54,122,1,NULL,NULL,'2013-06-10','2015-01-04',NULL,NULL,'917.00',0,0,1,0,1,1,NULL,NULL,NULL,NULL,NULL,'--- !ruby/hash:ActiveSupport::HashWithIndifferentAccess\nanschaffungskategorie: AV-Technik\nreference: invoice\numzug: zgeln\nankunftszustand: intakt\n','2015-01-04 18:14:03','2015-01-04 18:14:03'),(123,'v7vg9tj3ucisrkuka1qe243','e6:9f:a7:3a:d2:50-a9:97:1c:8d:23:43-e7:e7:27:a5:5d:b1',130,54,123,1,122,NULL,'2013-01-14','2015-01-04',NULL,NULL,'858.00',0,0,1,0,1,1,NULL,NULL,NULL,NULL,NULL,'--- !ruby/hash:ActiveSupport::HashWithIndifferentAccess\nanschaffungskategorie: AV-Technik\nreference: invoice\numzug: zgeln\nankunftszustand: intakt\n','2015-01-04 18:14:03','2015-01-04 18:14:03'),(124,'j8hnzyql0rwc8ewc89cr244','20:d7:04:7e:e7:ff-8e:83:64:17:ed:41-b4:3b:9d:ce:d5:fc',131,54,124,1,122,NULL,'2011-03-26','2015-01-04',NULL,NULL,'195.00',0,0,1,0,1,1,NULL,NULL,NULL,NULL,NULL,'--- !ruby/hash:ActiveSupport::HashWithIndifferentAccess\nanschaffungskategorie: AV-Technik\nreference: invoice\numzug: zgeln\nankunftszustand: intakt\n','2015-01-04 18:14:03','2015-01-04 18:14:03'),(125,'rlb1njpmb5wsubz4y40r245','7d:8d:8f:3e:b6:e9-1c:25:a0:6f:79:2f-12:e6:34:96:80:b5',132,54,125,1,122,NULL,'2014-08-06','2015-01-04',NULL,NULL,'331.00',0,0,1,0,1,1,NULL,NULL,NULL,NULL,NULL,'--- !ruby/hash:ActiveSupport::HashWithIndifferentAccess\nanschaffungskategorie: AV-Technik\nreference: invoice\numzug: zgeln\nankunftszustand: intakt\n','2015-01-04 18:14:03','2015-01-04 18:14:03'),(126,'cn5cs5xq2hxwqif0fbt7246','f2:ea:63:b8:b6:65-d7:a8:18:58:e9:59-26:13:80:16:46:80',128,58,126,1,NULL,NULL,'2012-01-01','2015-01-04',NULL,NULL,'850.00',0,0,1,0,1,1,NULL,NULL,NULL,NULL,NULL,'--- !ruby/hash:ActiveSupport::HashWithIndifferentAccess\nanschaffungskategorie: AV-Technik\nreference: invoice\numzug: zgeln\nankunftszustand: intakt\n','2015-01-04 18:14:03','2015-01-04 18:14:03'),(127,'qkozyjpy9nueafow5l5y247','89:a3:6b:8f:eb:1f-b9:e9:21:07:4f:89-47:f8:9f:12:8b:83',134,58,127,1,126,NULL,'2014-02-02','2015-01-04',NULL,NULL,'293.00',0,0,1,0,1,1,NULL,NULL,NULL,NULL,NULL,'--- !ruby/hash:ActiveSupport::HashWithIndifferentAccess\nanschaffungskategorie: AV-Technik\nreference: invoice\numzug: zgeln\nankunftszustand: intakt\n','2015-01-04 18:14:03','2015-01-04 18:14:03'),(128,'mp0m3uvpjhtqwfbey933248','5f:f3:c1:5c:5d:ba-47:54:04:5e:ac:3e-dd:df:24:f8:84:ad',135,58,128,1,126,NULL,'2013-08-23','2015-01-04',NULL,NULL,'1460.00',0,0,1,0,1,1,NULL,NULL,NULL,NULL,NULL,'--- !ruby/hash:ActiveSupport::HashWithIndifferentAccess\nanschaffungskategorie: AV-Technik\nreference: invoice\numzug: zgeln\nankunftszustand: intakt\n','2015-01-04 18:14:03','2015-01-04 18:14:03'),(129,'jvz6qnr83a9e062r96tt249','cb:c3:c7:ac:fc:36-f5:ca:69:6a:ca:c4-ea:e3:b6:76:ab:36',136,58,129,1,126,NULL,'2014-10-25','2015-01-04',NULL,NULL,'81.00',0,0,1,0,1,1,NULL,NULL,NULL,NULL,NULL,'--- !ruby/hash:ActiveSupport::HashWithIndifferentAccess\nanschaffungskategorie: AV-Technik\nreference: invoice\numzug: zgeln\nankunftszustand: intakt\n','2015-01-04 18:14:03','2015-01-04 18:14:03'),(130,'5mihsyhvrv4owmytljl0250','53:07:34:fc:8c:e3-cd:8c:a9:5d:19:9f-80:a1:02:a1:3a:50',128,62,130,1,NULL,NULL,'2011-02-14','2015-01-04',NULL,NULL,'145.00',0,0,1,0,1,1,NULL,NULL,NULL,NULL,NULL,'--- !ruby/hash:ActiveSupport::HashWithIndifferentAccess\nanschaffungskategorie: AV-Technik\nreference: invoice\numzug: zgeln\nankunftszustand: intakt\n','2015-01-04 18:14:03','2015-01-04 18:14:03'),(131,'lstgft3fs4sbp4u6j8ce251','24:d9:26:12:31:7b-a2:a8:72:99:09:7f-e3:7a:4e:3d:24:89',138,62,131,1,130,NULL,'2012-11-07','2015-01-04',NULL,NULL,'121.00',0,0,1,0,1,1,NULL,NULL,NULL,NULL,NULL,'--- !ruby/hash:ActiveSupport::HashWithIndifferentAccess\nanschaffungskategorie: AV-Technik\nreference: invoice\numzug: zgeln\nankunftszustand: intakt\n','2015-01-04 18:14:03','2015-01-04 18:14:03'),(132,'onay0f64187whbpnti4z252','c5:43:a5:c7:77:27-b9:8a:2f:df:bb:eb-ff:95:c1:50:1e:0a',139,62,132,1,130,NULL,'2010-09-14','2015-01-04',NULL,NULL,'1076.00',0,0,1,0,1,1,NULL,NULL,NULL,NULL,NULL,'--- !ruby/hash:ActiveSupport::HashWithIndifferentAccess\nanschaffungskategorie: AV-Technik\nreference: invoice\numzug: zgeln\nankunftszustand: intakt\n','2015-01-04 18:14:03','2015-01-04 18:14:03'),(133,'3wh8wbeq7ehyesu468ok253','53:1b:4d:12:b1:13-89:4d:ce:65:ec:8c-4c:2b:61:6c:69:66',140,62,133,1,130,NULL,'2010-10-22','2015-01-04',NULL,NULL,'1023.00',0,0,1,0,1,1,NULL,NULL,NULL,NULL,NULL,'--- !ruby/hash:ActiveSupport::HashWithIndifferentAccess\nanschaffungskategorie: AV-Technik\nreference: invoice\numzug: zgeln\nankunftszustand: intakt\n','2015-01-04 18:14:03','2015-01-04 18:14:03'),(134,'hvx9j5l4tdutkd2lvuhb254','7b:e8:55:7c:2d:6c-b3:7a:57:c6:4a:cd-fd:70:5b:c0:41:d0',115,66,134,2,NULL,NULL,'2012-02-14','2015-01-04',NULL,NULL,'833.00',0,0,1,0,2,1,NULL,NULL,NULL,NULL,NULL,'--- !ruby/hash:ActiveSupport::HashWithIndifferentAccess\nanschaffungskategorie: AV-Technik\nreference: invoice\numzug: zgeln\nankunftszustand: intakt\n','2015-01-04 18:14:03','2015-01-04 18:14:03'),(135,'ph7o8wg3ad8ilp3mt6ol255','ed:d5:d0:46:df:5d-a2:53:7c:c4:72:d9-39:38:54:d9:57:74',142,66,135,2,134,NULL,'2014-11-24','2015-01-04',NULL,NULL,'1362.00',0,0,1,0,2,1,NULL,NULL,NULL,NULL,NULL,'--- !ruby/hash:ActiveSupport::HashWithIndifferentAccess\nanschaffungskategorie: AV-Technik\nreference: invoice\numzug: zgeln\nankunftszustand: intakt\n','2015-01-04 18:14:03','2015-01-04 18:14:03'),(136,'raj3rpbsgjtx12iplu9t256','aa:18:29:a6:3c:b8-e6:eb:f3:2c:62:c0-98:c5:a0:c0:af:22',143,66,136,2,134,NULL,'2013-04-04','2015-01-04',NULL,NULL,'725.00',0,0,1,0,2,1,NULL,NULL,NULL,NULL,NULL,'--- !ruby/hash:ActiveSupport::HashWithIndifferentAccess\nanschaffungskategorie: AV-Technik\nreference: invoice\numzug: zgeln\nankunftszustand: intakt\n','2015-01-04 18:14:03','2015-01-04 18:14:03'),(137,'wf8ak6ssolh8cs4rd0gm257','f3:89:89:2c:56:12-8b:ae:d0:79:da:f0-69:11:e1:2d:94:c3',144,66,137,2,134,NULL,'2014-03-09','2015-01-04',NULL,NULL,'858.00',0,0,1,0,2,1,NULL,NULL,NULL,NULL,NULL,'--- !ruby/hash:ActiveSupport::HashWithIndifferentAccess\nanschaffungskategorie: AV-Technik\nreference: invoice\numzug: zgeln\nankunftszustand: intakt\n','2015-01-04 18:14:03','2015-01-04 18:14:03'),(138,'cand5','cand5',80,41,138,1,NULL,NULL,'2013-05-04','2015-01-04',NULL,NULL,'274.00',0,0,0,0,1,1,NULL,NULL,NULL,NULL,NULL,'--- !ruby/hash:ActiveSupport::HashWithIndifferentAccess\nanschaffungskategorie: AV-Technik\nreference: invoice\numzug: zgeln\nankunftszustand: intakt\n','2015-01-04 18:14:03','2015-01-04 18:14:03'),(139,'beam21231','beamas12312',54,41,139,1,NULL,NULL,'2011-10-20','2015-01-04',NULL,NULL,'973.00',0,0,0,0,1,1,NULL,NULL,NULL,NULL,NULL,'--- !ruby/hash:ActiveSupport::HashWithIndifferentAccess\nanschaffungskategorie: AV-Technik\nreference: invoice\numzug: zgeln\nankunftszustand: intakt\n','2015-01-04 18:14:03','2015-01-04 18:14:03'),(140,'hifi345','hifi345',111,41,140,1,NULL,NULL,'2012-07-05','2015-01-04',NULL,NULL,'1100.00',0,0,0,0,1,1,NULL,NULL,NULL,NULL,NULL,'--- !ruby/hash:ActiveSupport::HashWithIndifferentAccess\nanschaffungskategorie: AV-Technik\nreference: invoice\numzug: zgeln\nankunftszustand: intakt\n','2015-01-04 18:14:03','2015-01-04 18:14:03'),(141,'iMac1','iMac5',146,41,141,1,NULL,NULL,'2013-11-15','2015-01-04','2015-01-04','This Item is gone','1452.00',0,0,1,0,1,1,NULL,NULL,NULL,NULL,NULL,'--- !ruby/hash:ActiveSupport::HashWithIndifferentAccess\nanschaffungskategorie: AV-Technik\nreference: invoice\numzug: zgeln\nankunftszustand: intakt\n','2015-01-04 18:14:03','2015-01-04 18:14:03'),(142,'iMac2','iMac6',146,41,142,3,NULL,NULL,'2010-05-01','2015-01-04','2015-01-04','This Item is gone','30.00',0,0,1,0,1,1,NULL,NULL,NULL,NULL,NULL,'--- !ruby/hash:ActiveSupport::HashWithIndifferentAccess\nanschaffungskategorie: AV-Technik\nreference: invoice\numzug: zgeln\nankunftszustand: intakt\n','2015-01-04 18:14:03','2015-01-04 18:14:03'),(143,'1hymvc','4tuqox',113,41,143,1,NULL,NULL,'2014-01-11','2015-01-04','2015-01-04','This Item is gone','756.00',0,0,1,0,1,1,NULL,NULL,NULL,NULL,NULL,'--- !ruby/hash:ActiveSupport::HashWithIndifferentAccess\nanschaffungskategorie: AV-Technik\nreference: invoice\numzug: zgeln\nankunftszustand: intakt\n','2015-01-04 18:14:03','2015-01-04 18:14:03'),(144,'l10kir','lfuqry',113,41,144,1,NULL,NULL,'2011-10-19','2015-01-04',NULL,NULL,'1147.00',0,0,1,0,1,1,NULL,NULL,NULL,NULL,NULL,'--- !ruby/hash:ActiveSupport::HashWithIndifferentAccess\nanschaffungskategorie: AV-Technik\nreference: invoice\numzug: zgeln\nankunftszustand: intakt\n','2015-01-04 18:14:03','2015-01-04 18:14:03'),(145,'wlaptop1','wlaptop1',147,41,145,1,NULL,NULL,'2011-06-22','2015-01-04',NULL,NULL,'366.00',1,0,1,0,1,1,NULL,NULL,NULL,NULL,NULL,'--- !ruby/hash:ActiveSupport::HashWithIndifferentAccess\nanschaffungskategorie: AV-Technik\nreference: invoice\numzug: zgeln\nankunftszustand: intakt\n','2015-01-04 18:14:03','2015-01-04 18:14:03'),(146,'v120d02','v120d02',148,41,146,1,NULL,NULL,'2011-05-28','2015-01-04',NULL,NULL,'123.00',0,1,1,0,1,1,NULL,NULL,NULL,NULL,NULL,'--- !ruby/hash:ActiveSupport::HashWithIndifferentAccess\nanschaffungskategorie: AV-Technik\nreference: invoice\numzug: zgeln\nankunftszustand: intakt\n','2015-01-04 18:14:03','2015-01-04 18:14:03'),(147,'w32e0uwv0pr10x8ungny258','f3:41:2e:10:4b:7c-50:46:fe:be:10:41-c5:03:30:0c:5e:af',148,70,147,1,NULL,NULL,'2011-05-22','2015-01-04','2015-01-04','Natus laborum ea minus.','551.00',1,1,0,0,1,1,NULL,NULL,NULL,NULL,NULL,'--- !ruby/hash:ActiveSupport::HashWithIndifferentAccess\nanschaffungskategorie: AV-Technik\nreference: invoice\numzug: zgeln\nankunftszustand: intakt\n','2015-01-04 18:14:03','2015-01-04 18:14:03'),(148,'v120d022g','v120d022g',149,41,148,1,NULL,NULL,'2011-10-02','2015-01-04',NULL,NULL,'504.00',0,0,1,0,1,1,NULL,NULL,NULL,NULL,NULL,'--- !ruby/hash:ActiveSupport::HashWithIndifferentAccess\nanschaffungskategorie: AV-Technik\nreference: invoice\numzug: zgeln\nankunftszustand: intakt\n','2015-01-04 18:14:03','2015-01-04 18:14:03'),(149,'v120d022g2','v120d022g2',149,41,149,1,NULL,NULL,'2012-09-21','2015-01-04',NULL,NULL,'1243.00',0,0,1,0,1,1,NULL,NULL,NULL,NULL,NULL,'--- !ruby/hash:ActiveSupport::HashWithIndifferentAccess\nanschaffungskategorie: AV-Technik\nreference: invoice\numzug: zgeln\nankunftszustand: intakt\n','2015-01-04 18:14:03','2015-01-04 18:14:03'),(150,'beam897','xyz890',54,41,150,1,NULL,NULL,'2013-09-08','2015-01-04',NULL,NULL,'390.00',0,0,1,0,2,1,NULL,NULL,NULL,NULL,NULL,'--- !ruby/hash:ActiveSupport::HashWithIndifferentAccess\nanschaffungskategorie: AV-Technik\nreference: invoice\numzug: zgeln\nankunftszustand: intakt\n','2015-01-04 18:14:03','2015-01-04 18:14:03'),(151,'minibeam12','xyz890',56,41,151,1,NULL,NULL,'2013-11-18','2015-01-04',NULL,NULL,'383.00',0,0,1,0,2,1,NULL,NULL,NULL,NULL,NULL,'--- !ruby/hash:ActiveSupport::HashWithIndifferentAccess\nanschaffungskategorie: AV-Technik\nreference: invoice\numzug: zgeln\nankunftszustand: intakt\n','2015-01-04 18:14:03','2015-01-04 18:14:03'),(152,'minibeam34','xyz890',56,41,152,1,NULL,NULL,'2012-01-15','2015-01-04',NULL,NULL,'748.00',0,0,1,0,3,1,NULL,NULL,NULL,NULL,NULL,'--- !ruby/hash:ActiveSupport::HashWithIndifferentAccess\nanschaffungskategorie: AV-Technik\nreference: invoice\numzug: zgeln\nankunftszustand: intakt\n','2015-01-04 18:14:03','2015-01-04 18:14:03'),(153,'j7jq41kk9nravquvfqw6259','8f:07:7d:07:cf:70-46:2e:c3:c2:92:81-2e:ba:6e:34:4b:ef',151,NULL,NULL,1,NULL,NULL,NULL,NULL,NULL,NULL,NULL,0,0,0,0,1,0,NULL,NULL,NULL,NULL,NULL,'--- !ruby/hash:ActiveSupport::HashWithIndifferentAccess\nlicense_type: single_workplace\nactivation_type: serial_number\noperating_system:\n- windows\n- linux\ninstallation:\n- citrix\n- web\nreference: invoice\nmaintenance_contract: \'false\'\n','2015-01-04 18:14:03','2015-01-04 18:14:03'),(154,'dsb7c39b2ulp7uhs0bt3260','fb:4d:64:ae:5b:39-bd:85:58:1b:df:d0-4c:6e:3b:d7:f5:ca',152,NULL,NULL,1,NULL,NULL,NULL,NULL,NULL,NULL,NULL,0,0,1,0,1,0,NULL,NULL,NULL,NULL,NULL,'--- !ruby/hash:ActiveSupport::HashWithIndifferentAccess\nlicense_type: single_workplace\nactivation_type: serial_number\noperating_system:\n- windows\n- linux\ninstallation:\n- citrix\n- web\nprocured_by: Camila Strosin\nreference: invoice\nmaintenance_contract: \'false\'\n','2015-01-04 18:14:03','2015-01-04 18:14:03'),(155,'5fmi9475z0vl4x3lgj2s261','64:f7:2f:76:5f:de-ae:2f:c4:1b:7e:9f-46:de:af:bb:e6:e2',153,NULL,NULL,1,NULL,NULL,NULL,NULL,NULL,NULL,NULL,0,0,1,0,1,0,NULL,NULL,NULL,NULL,NULL,'--- !ruby/hash:ActiveSupport::HashWithIndifferentAccess\nlicense_type: single_workplace\nactivation_type: serial_number\noperating_system:\n- windows\n- linux\ninstallation:\n- citrix\n- web\nreference: invoice\nmaintenance_contract: \'false\'\n','2015-01-04 18:14:03','2015-01-04 18:14:03'),(156,'1nvdkdcta7rs4h0iemtf262','ee:72:b5:f1:f8:6f-9d:30:ef:05:9c:40-c8:16:4e:2c:3a:d1',154,NULL,NULL,1,NULL,NULL,NULL,NULL,NULL,NULL,NULL,0,0,1,0,1,0,NULL,NULL,NULL,NULL,NULL,'--- !ruby/hash:ActiveSupport::HashWithIndifferentAccess\nlicense_type: single_workplace\nactivation_type: serial_number\noperating_system:\n- windows\n- linux\ninstallation:\n- citrix\n- web\nreference: invoice\nmaintenance_contract: \'false\'\n','2015-01-04 18:14:03','2015-01-04 18:14:03'),(157,'2c9zcxkmuj1erwpuyn4z263','dc:70:06:55:29:c8-dd:62:18:da:1b:29-06:bf:4a:ac:c9:aa',155,NULL,NULL,1,NULL,NULL,NULL,NULL,NULL,NULL,NULL,0,0,0,0,1,0,NULL,NULL,NULL,NULL,NULL,'--- !ruby/hash:ActiveSupport::HashWithIndifferentAccess\nlicense_type: single_workplace\nactivation_type: serial_number\noperating_system:\n- windows\n- linux\ninstallation:\n- citrix\n- web\nprocured_by: Matti S.\nreference: invoice\nmaintenance_contract: \'false\'\n','2015-01-04 18:14:03','2015-01-04 18:14:03'),(158,'ivkw3umbobdhbhhx6coj264','1f:cd:fc:79:ed:5f-58:70:23:22:91:22-69:1b:be:bc:26:81',156,NULL,NULL,1,NULL,NULL,NULL,NULL,NULL,NULL,NULL,0,0,1,0,2,0,NULL,NULL,NULL,NULL,NULL,'--- !ruby/hash:ActiveSupport::HashWithIndifferentAccess\nlicense_type: single_workplace\nactivation_type: serial_number\noperating_system:\n- windows\n- linux\ninstallation:\n- citrix\n- web\nprocured_by: Sigmund Gerhold\nreference: invoice\nmaintenance_contract: \'false\'\n','2015-01-04 18:14:03','2015-01-04 18:14:03'),(159,'6jgwir2avhgkudse0koc265','24:c6:40:be:92:84-00:38:91:d9:29:d8-e7:42:33:11:84:78',157,NULL,NULL,1,NULL,NULL,NULL,NULL,'2015-01-04','Sed consequuntur est consequatur saepe ut in culpa.',NULL,0,0,1,0,1,0,NULL,NULL,NULL,NULL,NULL,'--- !ruby/hash:ActiveSupport::HashWithIndifferentAccess\nlicense_type: single_workplace\nactivation_type: serial_number\noperating_system:\n- windows\n- linux\ninstallation:\n- citrix\n- web\nprocured_by: Ramon C.\nreference: invoice\nmaintenance_contract: \'false\'\n','2015-01-04 18:14:03','2015-01-04 18:14:03'),(160,'fnk4x0b9bgsylq7w9r6m266','46:7b:e1:8e:9e:09-c5:ca:4b:a3:bc:ad-35:f6:90:58:46:a4',158,NULL,NULL,2,NULL,NULL,NULL,NULL,'2015-01-04','Quas temporibus sunt quos sunt suscipit.',NULL,0,0,0,0,1,0,NULL,NULL,NULL,NULL,NULL,'--- !ruby/hash:ActiveSupport::HashWithIndifferentAccess\nlicense_type: single_workplace\nactivation_type: serial_number\noperating_system:\n- windows\n- linux\ninstallation:\n- citrix\n- web\nreference: invoice\nmaintenance_contract: \'false\'\n','2015-01-04 18:14:03','2015-01-04 18:14:03'),(161,'ck45jquq8brmtwas0xyj267','cd:10:af:84:9c:b6-3f:78:f5:3d:c2:3d-6c:b7:3a:7c:05:33',159,NULL,NULL,2,NULL,NULL,NULL,NULL,NULL,NULL,NULL,0,0,1,0,2,0,NULL,NULL,NULL,NULL,NULL,'--- !ruby/hash:ActiveSupport::HashWithIndifferentAccess\nlicense_type: single_workplace\nactivation_type: serial_number\noperating_system:\n- windows\n- linux\ninstallation:\n- citrix\n- web\nreference: invoice\nmaintenance_contract: \'false\'\n','2015-01-04 18:14:03','2015-01-04 18:14:03'),(162,'qx3a1fc50sdsuw7z034k268','4f:7d:72:c2:ee:5d-cb:18:41:f7:08:a5-cf:37:2d:f8:0b:bd',160,NULL,NULL,1,NULL,NULL,'2015-01-04',NULL,NULL,NULL,NULL,0,0,0,0,1,0,NULL,NULL,NULL,NULL,NULL,'--- !ruby/hash:ActiveSupport::HashWithIndifferentAccess\nlicense_expiration: \'2015-01-04\'\nmaintenance_contract: \'true\'\nmaintenance_expiration: \'2015-01-04\'\nreference: invoice\nactivation_type: none\nlicense_type: free\n','2015-01-04 18:14:03','2015-01-04 18:14:03'),(163,'cboqhjyzlwmrcmjlz5ce269','f5:6c:46:29:b1:a8-65:36:9f:27:9d:d7-92:9d:ad:3f:1f:d5',161,NULL,NULL,1,NULL,NULL,NULL,NULL,NULL,NULL,NULL,0,0,0,0,1,0,NULL,NULL,NULL,NULL,NULL,'--- !ruby/hash:ActiveSupport::HashWithIndifferentAccess\nquantity_allocations:\n- !ruby/hash:ActiveSupport::HashWithIndifferentAccess\n  room: reiciendis\n  quantity: 8\n- !ruby/hash:ActiveSupport::HashWithIndifferentAccess\n  room: aut\n  quantity: 12\nreference: invoice\nactivation_type: none\nlicense_type: free\nmaintenance_contract: \'false\'\n','2015-01-04 18:14:03','2015-01-04 18:14:03'),(164,'3nn0rzzcbbtlmlhw6xw1270','d2:42:5f:59:67:4a-df:a0:30:a7:70:5b-f6:cf:f5:12:b4:0f',163,NULL,NULL,1,NULL,NULL,NULL,NULL,NULL,NULL,NULL,0,0,0,0,1,0,NULL,NULL,NULL,NULL,NULL,'--- !ruby/hash:ActiveSupport::HashWithIndifferentAccess\noperating_system:\n- windows\nlicense_type: site_license\ntotal_quantity: 98\nquantity_allocations:\n- !ruby/hash:ActiveSupport::HashWithIndifferentAccess\n  room: necessitatibus\n  quantity: 11\n- !ruby/hash:ActiveSupport::HashWithIndifferentAccess\n  room: omnis\n  quantity: 26\nreference: invoice\nactivation_type: none\nmaintenance_contract: \'false\'\n','2015-01-04 18:14:03','2015-01-04 18:14:03'),(165,'10zd3u73g0fk6gi8xta3271','b5:70:a1:3b:4e:b6-34:76:85:46:c4:e5-d6:90:f1:30:47:39',165,71,153,11,NULL,NULL,'2009-10-11','2014-12-31',NULL,NULL,'1196.00',0,0,1,0,1,1,NULL,NULL,NULL,NULL,NULL,'--- !ruby/hash:ActiveSupport::HashWithIndifferentAccess\nanschaffungskategorie: AV-Technik\nreference: invoice\numzug: zgeln\nankunftszustand: intakt\n','2014-12-31 14:09:55','2014-12-31 14:09:55'),(166,'auecluc6swap2qwgjfig272','57:53:73:27:6c:ef-a1:4f:3b:ae:58:33-dc:76:dd:dd:6b:75',166,72,154,5,NULL,NULL,'2012-03-13','2014-12-31',NULL,NULL,'400.00',0,0,1,0,1,1,NULL,NULL,NULL,NULL,NULL,'--- !ruby/hash:ActiveSupport::HashWithIndifferentAccess\nanschaffungskategorie: AV-Technik\nreference: invoice\numzug: zgeln\nankunftszustand: intakt\n','2014-12-31 14:09:55','2014-12-31 14:09:55'),(167,'l09u8e50fp817qo3tkx0273','a4:13:48:13:81:a6-0d:cb:f2:f3:3c:2a-1e:07:b3:72:d0:d3',167,73,155,12,NULL,NULL,'2009-02-07','2014-12-31',NULL,NULL,'33.00',0,0,1,0,1,1,NULL,NULL,NULL,NULL,NULL,'--- !ruby/hash:ActiveSupport::HashWithIndifferentAccess\nanschaffungskategorie: AV-Technik\nreference: invoice\numzug: zgeln\nankunftszustand: intakt\n','2014-12-31 14:09:55','2014-12-31 14:09:55'),(168,'74zyahxh08bv4ivyxcfp274','6e:83:59:3d:05:28-8d:c4:e3:0a:b4:e1-f4:2b:64:2e:12:2d',168,74,156,11,NULL,NULL,'2013-06-04','2014-12-31',NULL,NULL,'385.00',0,0,1,0,1,1,NULL,NULL,NULL,NULL,NULL,'--- !ruby/hash:ActiveSupport::HashWithIndifferentAccess\nanschaffungskategorie: AV-Technik\nreference: invoice\numzug: zgeln\nankunftszustand: intakt\n','2014-12-31 14:09:55','2014-12-31 14:09:55'),(169,'z1omqc004b47qcese1wt275','e5:93:dd:b3:cd:c2-cf:9f:5b:00:57:ac-b0:f2:f2:2e:11:a0',169,75,157,10,NULL,NULL,'2013-10-20','2014-12-31',NULL,NULL,'500.00',0,0,1,0,1,1,NULL,NULL,NULL,NULL,NULL,'--- !ruby/hash:ActiveSupport::HashWithIndifferentAccess\nanschaffungskategorie: AV-Technik\nreference: invoice\numzug: zgeln\nankunftszustand: intakt\n','2014-12-31 14:09:55','2014-12-31 14:09:55'),(170,'v7gaqtwgulr0my2y22vm276','a0:9c:5f:57:3d:48-d9:86:df:cd:74:0b-d2:1e:95:92:17:3e',170,76,158,7,NULL,NULL,'2009-10-24','2014-12-31',NULL,NULL,'663.00',0,0,1,0,1,1,NULL,NULL,NULL,NULL,NULL,'--- !ruby/hash:ActiveSupport::HashWithIndifferentAccess\nanschaffungskategorie: AV-Technik\nreference: invoice\numzug: zgeln\nankunftszustand: intakt\n','2014-12-31 14:09:55','2014-12-31 14:09:55'),(171,'aab229hjyoyw6xksmbbu277','e8:32:00:d1:dc:e5-f3:e6:87:7b:26:53-98:35:ef:2c:0c:d5',170,77,159,8,NULL,NULL,'2013-06-02','2014-12-31',NULL,NULL,'486.00',0,0,1,0,1,1,NULL,NULL,NULL,NULL,NULL,'--- !ruby/hash:ActiveSupport::HashWithIndifferentAccess\nanschaffungskategorie: AV-Technik\nreference: invoice\numzug: zgeln\nankunftszustand: intakt\n','2014-12-31 14:09:55','2014-12-31 14:09:55'),(172,'m45o97qnuxcwoigfpzmv278','cb:c4:4d:8d:a8:44-d4:6c:22:2f:fc:c7-5f:fa:60:2a:0e:6e',170,78,160,12,NULL,NULL,'2013-08-11','2014-12-31',NULL,NULL,'966.00',0,0,1,0,1,1,NULL,NULL,NULL,NULL,NULL,'--- !ruby/hash:ActiveSupport::HashWithIndifferentAccess\nanschaffungskategorie: AV-Technik\nreference: invoice\numzug: zgeln\nankunftszustand: intakt\n','2014-12-31 14:09:55','2014-12-31 14:09:55'),(173,'7z06d7cn4md8icmbc98r279','e5:06:98:0f:dc:10-fc:29:fc:e0:96:8a-bd:9c:9b:0c:fa:41',174,79,161,1,NULL,NULL,'2010-03-25','2014-12-31',NULL,NULL,'874.00',0,0,1,0,1,1,NULL,NULL,NULL,NULL,NULL,'--- !ruby/hash:ActiveSupport::HashWithIndifferentAccess\nanschaffungskategorie: AV-Technik\nreference: invoice\numzug: zgeln\nankunftszustand: intakt\n','2014-12-31 14:09:55','2014-12-31 14:09:55'),(174,'hwq4gdpuvqu3uwk06gmf280','cb:58:c9:5c:3b:a1-f4:36:29:79:b1:e8-ef:1a:c0:78:7e:5d',175,80,162,4,NULL,NULL,'2012-05-01','2014-12-31',NULL,NULL,'730.00',0,0,1,0,1,1,NULL,NULL,NULL,NULL,NULL,'--- !ruby/hash:ActiveSupport::HashWithIndifferentAccess\nanschaffungskategorie: AV-Technik\nreference: invoice\numzug: zgeln\nankunftszustand: intakt\n','2014-12-31 14:09:55','2014-12-31 14:09:55'),(175,'fgn2ilujv0fc69keqc7t281','1e:c0:4a:0e:d6:b8-0d:66:fb:68:d1:ca-1f:5a:f7:56:87:f2',176,81,163,7,NULL,NULL,'2011-11-06','2014-12-31',NULL,NULL,'825.00',0,0,1,0,1,1,NULL,NULL,NULL,NULL,NULL,'--- !ruby/hash:ActiveSupport::HashWithIndifferentAccess\nanschaffungskategorie: AV-Technik\nreference: invoice\numzug: zgeln\nankunftszustand: intakt\n','2014-12-31 14:09:55','2014-12-31 14:09:55'),(176,'r71kiyi6yta17dtrgo07282','a9:34:f7:61:72:05-12:73:e7:b8:a2:c6-1b:de:ba:26:1a:e4',177,82,164,2,NULL,NULL,'2013-06-26','2014-12-31',NULL,NULL,'71.00',0,0,1,0,1,1,NULL,NULL,NULL,NULL,NULL,'--- !ruby/hash:ActiveSupport::HashWithIndifferentAccess\nanschaffungskategorie: AV-Technik\nreference: invoice\numzug: zgeln\nankunftszustand: intakt\n','2014-12-31 14:09:55','2014-12-31 14:09:55'),(177,'7q40os7vowxvy6bfp32s283','b8:7e:1c:5a:67:63-d2:a0:12:ae:7b:6d-25:4c:d3:f6:4d:73',178,83,165,7,NULL,NULL,'2012-07-01','2014-12-31',NULL,NULL,'1313.00',0,0,1,0,1,1,NULL,NULL,NULL,NULL,NULL,'--- !ruby/hash:ActiveSupport::HashWithIndifferentAccess\nanschaffungskategorie: AV-Technik\nreference: invoice\numzug: zgeln\nankunftszustand: intakt\n','2014-12-31 14:09:55','2014-12-31 14:09:55'),(178,'wrjo44l5t70m1rzp3r8j284','86:91:9c:5f:69:90-3a:67:dc:0b:e7:a8-32:33:b2:cd:c4:3a',179,84,166,9,NULL,NULL,'2009-05-03','2014-12-31',NULL,NULL,'62.00',0,0,1,0,1,1,NULL,NULL,NULL,NULL,NULL,'--- !ruby/hash:ActiveSupport::HashWithIndifferentAccess\nanschaffungskategorie: AV-Technik\nreference: invoice\numzug: zgeln\nankunftszustand: intakt\n','2014-12-31 14:09:55','2014-12-31 14:09:55'),(179,'j3qks0hy7eldxzsxzwur285','e3:3a:36:66:18:74-23:66:65:77:4d:0b-b5:1f:36:43:4a:f0',179,85,167,1,NULL,NULL,'2010-03-12','2014-12-31',NULL,NULL,'349.00',0,0,1,0,1,1,NULL,NULL,NULL,NULL,NULL,'--- !ruby/hash:ActiveSupport::HashWithIndifferentAccess\nanschaffungskategorie: AV-Technik\nreference: invoice\numzug: zgeln\nankunftszustand: intakt\n','2014-12-31 14:09:55','2014-12-31 14:09:55'),(180,'mkjy8irgrty3mp724m18286','6c:9b:aa:16:b6:ce-d8:dc:57:95:ae:00-02:da:4f:ae:7b:c7',179,86,168,5,NULL,NULL,'2011-11-22','2014-12-31',NULL,NULL,'1261.00',0,0,1,0,1,1,NULL,NULL,NULL,NULL,NULL,'--- !ruby/hash:ActiveSupport::HashWithIndifferentAccess\nanschaffungskategorie: AV-Technik\nreference: invoice\numzug: zgeln\nankunftszustand: intakt\n','2014-12-31 14:09:55','2014-12-31 14:09:55'),(181,'nq7y9cr309db9iticsih287','d9:25:7a:bf:9f:27-0b:c3:6c:e6:97:e0-37:c7:df:d3:4a:8c',183,87,169,5,NULL,NULL,'2010-12-23','2014-12-31',NULL,NULL,'186.00',0,0,1,0,1,1,NULL,NULL,NULL,NULL,NULL,'--- !ruby/hash:ActiveSupport::HashWithIndifferentAccess\nanschaffungskategorie: AV-Technik\nreference: invoice\numzug: zgeln\nankunftszustand: intakt\n','2014-12-31 14:09:55','2014-12-31 14:09:55'),(182,'cqj2m0fsob65jo04wome288','12:1e:e0:96:53:e3-19:5e:88:2d:bc:a4-dc:3f:d3:5d:c4:78',184,88,170,6,NULL,NULL,'2009-04-29','2014-12-31',NULL,NULL,'748.00',0,0,1,0,1,1,NULL,NULL,NULL,NULL,NULL,'--- !ruby/hash:ActiveSupport::HashWithIndifferentAccess\nanschaffungskategorie: AV-Technik\nreference: invoice\numzug: zgeln\nankunftszustand: intakt\n','2014-12-31 14:09:55','2014-12-31 14:09:55'),(183,'mvq5j4peg5lvzgsxaij1289','36:13:9f:c7:e5:52-c2:cd:58:2f:4b:17-3c:75:af:95:a8:12',185,89,171,3,NULL,NULL,'2010-11-13','2014-12-31',NULL,NULL,'257.00',0,0,1,0,1,1,NULL,NULL,NULL,NULL,NULL,'--- !ruby/hash:ActiveSupport::HashWithIndifferentAccess\nanschaffungskategorie: AV-Technik\nreference: invoice\numzug: zgeln\nankunftszustand: intakt\n','2014-12-31 14:09:55','2014-12-31 14:09:55'),(184,'fn158ixs0nfhd4uky3sw290','53:5b:66:ea:1f:8c-a3:b2:ff:d5:c3:57-1c:ac:62:01:0c:63',186,90,172,2,NULL,NULL,'2010-07-01','2014-12-31',NULL,NULL,'425.00',0,0,1,0,1,1,NULL,NULL,NULL,NULL,NULL,'--- !ruby/hash:ActiveSupport::HashWithIndifferentAccess\nanschaffungskategorie: AV-Technik\nreference: invoice\numzug: zgeln\nankunftszustand: intakt\n','2014-12-31 14:09:55','2014-12-31 14:09:55'),(185,'7p6xuupsgsl703vrcnaw291','b5:63:12:e4:79:84-06:ac:10:a2:59:4a-69:ce:98:f4:08:ad',187,91,173,9,NULL,NULL,'2011-07-15','2014-12-31',NULL,NULL,'288.00',0,0,1,0,1,1,NULL,NULL,NULL,NULL,NULL,'--- !ruby/hash:ActiveSupport::HashWithIndifferentAccess\nanschaffungskategorie: AV-Technik\nreference: invoice\numzug: zgeln\nankunftszustand: intakt\n','2014-12-31 14:09:55','2014-12-31 14:09:55'),(186,'jt01hqcnvdiltt3rny3b292','09:7c:0d:f6:f2:71-ac:c7:4e:fb:90:70-3d:03:16:f6:d7:68',187,92,174,12,NULL,NULL,'2012-09-28','2014-12-31',NULL,NULL,'490.00',0,0,1,0,1,1,NULL,NULL,NULL,NULL,NULL,'--- !ruby/hash:ActiveSupport::HashWithIndifferentAccess\nanschaffungskategorie: AV-Technik\nreference: invoice\numzug: zgeln\nankunftszustand: intakt\n','2014-12-31 14:09:55','2014-12-31 14:09:55'),(187,'ozfw23svikyk56kru4ix293','59:5b:56:af:9f:b1-c5:10:1a:d2:85:59-6b:35:7f:ca:66:56',187,93,175,12,NULL,NULL,'2013-01-01','2014-12-31',NULL,NULL,'894.00',0,0,1,0,1,1,NULL,NULL,NULL,NULL,NULL,'--- !ruby/hash:ActiveSupport::HashWithIndifferentAccess\nanschaffungskategorie: AV-Technik\nreference: invoice\numzug: zgeln\nankunftszustand: intakt\n','2014-12-31 14:09:55','2014-12-31 14:09:55'),(188,'x4em54kd6c785tbhc8p7294','e7:55:39:73:9a:09-4d:97:d2:ff:a5:84-43:e3:69:1e:7c:8c',191,94,176,12,NULL,NULL,'2012-09-06','2015-01-04',NULL,NULL,'612.00',0,0,1,0,1,1,NULL,NULL,NULL,NULL,NULL,'--- !ruby/hash:ActiveSupport::HashWithIndifferentAccess\nanschaffungskategorie: AV-Technik\nreference: invoice\numzug: zgeln\nankunftszustand: intakt\n','2015-01-04 05:59:58','2015-01-04 05:59:58'),(189,'jdelbo7km6gplswrdx36295','47:50:83:84:1e:7a-7e:a6:1f:c6:ee:fe-0a:39:22:c5:a8:3e',192,95,177,2,NULL,NULL,'2014-02-04','2015-01-04',NULL,NULL,'546.00',0,0,1,0,1,1,NULL,NULL,NULL,NULL,NULL,'--- !ruby/hash:ActiveSupport::HashWithIndifferentAccess\nanschaffungskategorie: AV-Technik\nreference: invoice\numzug: zgeln\nankunftszustand: intakt\n','2015-01-04 05:59:58','2015-01-04 05:59:58'),(190,'3j4upc4n573ti8ypwfmp296','58:6b:50:34:40:06-3f:52:09:e7:eb:02-d7:d8:3c:54:ec:22',193,96,178,1,NULL,NULL,'2013-03-15','2015-01-04',NULL,NULL,'824.00',0,0,1,0,1,1,NULL,NULL,NULL,NULL,NULL,'--- !ruby/hash:ActiveSupport::HashWithIndifferentAccess\nanschaffungskategorie: AV-Technik\nreference: invoice\numzug: zgeln\nankunftszustand: intakt\n','2015-01-04 05:59:58','2015-01-04 05:59:58'),(191,'199l4883axrvrim5ok2e297','9d:0a:44:92:46:a1-f2:3d:8b:2b:ff:55-e1:4b:cf:b2:e6:a1',194,97,179,5,NULL,NULL,'2010-12-01','2015-01-04',NULL,NULL,'842.00',0,0,1,0,1,1,NULL,NULL,NULL,NULL,NULL,'--- !ruby/hash:ActiveSupport::HashWithIndifferentAccess\nanschaffungskategorie: AV-Technik\nreference: invoice\numzug: zgeln\nankunftszustand: intakt\n','2015-01-04 05:59:58','2015-01-04 05:59:58'),(192,'uqhe38cgfc482pplzflt298','89:ac:df:ef:78:05-fd:14:fb:0a:c1:df-1f:28:09:6e:b6:d4',195,98,180,3,NULL,NULL,'2014-11-14','2015-01-02',NULL,NULL,'1337.00',0,0,1,0,1,1,NULL,NULL,NULL,NULL,NULL,'--- !ruby/hash:ActiveSupport::HashWithIndifferentAccess\nanschaffungskategorie: AV-Technik\nreference: invoice\numzug: zgeln\nankunftszustand: intakt\n','2015-01-02 22:14:42','2015-01-02 22:14:42'),(193,'a3i9ignzojbyksye61qt299','19:5f:7c:8f:d5:3e-1a:b8:d0:21:07:b4-ba:36:04:6b:b9:ea',196,99,181,2,NULL,NULL,'2011-01-04','2015-01-02',NULL,NULL,'635.00',0,0,1,0,1,1,NULL,NULL,NULL,NULL,NULL,'--- !ruby/hash:ActiveSupport::HashWithIndifferentAccess\nanschaffungskategorie: AV-Technik\nreference: invoice\numzug: zgeln\nankunftszustand: intakt\n','2015-01-02 22:14:42','2015-01-02 22:14:42'),(194,'g3jr4jyzhitlx1zi9zhb300','cd:7f:1d:03:5d:11-95:d3:19:93:03:1d-90:05:60:c2:61:f1',197,100,182,1,NULL,NULL,'2012-11-10','2015-01-02',NULL,NULL,'1146.00',0,0,1,0,1,1,NULL,NULL,NULL,NULL,NULL,'--- !ruby/hash:ActiveSupport::HashWithIndifferentAccess\nanschaffungskategorie: AV-Technik\nreference: invoice\numzug: zgeln\nankunftszustand: intakt\n','2015-01-02 22:14:42','2015-01-02 22:14:42'),(195,'q290lj3e7k85h5f7xozy301','f3:2c:5e:5d:ba:cc-3f:df:12:d9:52:8d-59:2d:a2:04:39:07',198,101,183,10,NULL,NULL,'2014-10-04','2015-01-02',NULL,NULL,'776.00',0,0,1,0,1,1,NULL,NULL,NULL,NULL,NULL,'--- !ruby/hash:ActiveSupport::HashWithIndifferentAccess\nanschaffungskategorie: AV-Technik\nreference: invoice\numzug: zgeln\nankunftszustand: intakt\n','2015-01-02 22:14:42','2015-01-02 22:14:42'),(196,'9b5ox9uk7uigf1yalbtt302','3e:0b:cd:dc:48:08-c4:d4:b8:26:2d:d3-9a:c5:94:6d:4a:1b',198,102,184,2,NULL,NULL,'2013-09-27','2015-01-02',NULL,NULL,'551.00',0,0,1,0,1,1,NULL,NULL,NULL,NULL,NULL,'--- !ruby/hash:ActiveSupport::HashWithIndifferentAccess\nanschaffungskategorie: AV-Technik\nreference: invoice\numzug: zgeln\nankunftszustand: intakt\n','2015-01-02 22:14:42','2015-01-02 22:14:42'),(197,'3a5z19l8vsbbvgf7jdie303','f8:ab:24:3d:b5:2c-0e:cb:e2:bc:e4:ec-8b:9c:e4:38:2d:72',198,103,185,12,NULL,NULL,'2011-09-12','2015-01-02',NULL,NULL,'179.00',0,0,1,0,1,1,NULL,NULL,NULL,NULL,NULL,'--- !ruby/hash:ActiveSupport::HashWithIndifferentAccess\nanschaffungskategorie: AV-Technik\nreference: invoice\numzug: zgeln\nankunftszustand: intakt\n','2015-01-02 22:14:42','2015-01-02 22:14:42'),(198,'2qxtcktiv2gh57gvzely304','f1:49:c0:69:0c:63-9b:26:ca:f1:58:34-dc:b4:fa:1e:1c:6f',202,104,186,3,NULL,NULL,'2010-10-15','2015-01-04',NULL,NULL,'392.00',0,0,1,0,1,1,NULL,NULL,NULL,NULL,NULL,'--- !ruby/hash:ActiveSupport::HashWithIndifferentAccess\nanschaffungskategorie: AV-Technik\nreference: invoice\numzug: zgeln\nankunftszustand: intakt\n','2015-01-04 18:14:03','2015-01-04 18:14:03'),(199,'2on4jj9h29vairlhhyhq305','97:35:fc:00:33:83-f0:13:20:c8:07:2e-6b:e0:37:88:76:47',203,105,187,2,NULL,NULL,'2014-06-13','2015-01-04',NULL,NULL,'567.00',0,0,1,0,1,1,NULL,NULL,NULL,NULL,NULL,'--- !ruby/hash:ActiveSupport::HashWithIndifferentAccess\nanschaffungskategorie: AV-Technik\nreference: invoice\numzug: zgeln\nankunftszustand: intakt\n','2015-01-04 18:14:03','2015-01-04 18:14:03'),(200,'tgozx62mevtgu4bb71gs306','39:68:58:26:9c:1e-74:ae:10:34:18:de-4f:4e:9a:c9:f1:bf',204,106,188,2,NULL,NULL,'2012-02-11','2015-01-04',NULL,NULL,'1004.00',0,0,1,0,1,1,NULL,NULL,NULL,NULL,NULL,'--- !ruby/hash:ActiveSupport::HashWithIndifferentAccess\nanschaffungskategorie: AV-Technik\nreference: invoice\numzug: zgeln\nankunftszustand: intakt\n','2015-01-04 18:14:03','2015-01-04 18:14:03'),(201,'fyu6myvbmgv8r2hl1ygd307','61:03:08:d9:16:2b-b1:24:5b:3d:7c:0a-1f:a4:e3:9e:dc:15',205,107,189,4,NULL,NULL,'2014-12-14','2015-01-04',NULL,NULL,'861.00',0,0,1,0,1,1,NULL,NULL,NULL,NULL,NULL,'--- !ruby/hash:ActiveSupport::HashWithIndifferentAccess\nanschaffungskategorie: AV-Technik\nreference: invoice\numzug: zgeln\nankunftszustand: intakt\n','2015-01-04 18:14:03','2015-01-04 18:14:03'),(202,'uexghkomnlm0q8op2mlp308','de:85:f3:6f:83:07-5e:90:fb:e0:08:34-6e:10:60:a2:00:bd',206,108,190,12,NULL,NULL,'2013-12-09','2015-01-04',NULL,NULL,'909.00',0,0,1,0,1,1,NULL,NULL,NULL,NULL,NULL,'--- !ruby/hash:ActiveSupport::HashWithIndifferentAccess\nanschaffungskategorie: AV-Technik\nreference: invoice\numzug: zgeln\nankunftszustand: intakt\n','2015-01-04 18:14:03','2015-01-04 18:14:03'),(203,'2ed6c2a6lmtfpmgkgwb5309','c1:fc:44:42:9e:67-b6:01:3f:5d:de:5b-09:e8:f5:3f:13:9d',207,109,191,10,NULL,NULL,'2014-08-10','2015-01-04',NULL,NULL,'1086.00',0,0,1,0,1,1,NULL,NULL,NULL,NULL,NULL,'--- !ruby/hash:ActiveSupport::HashWithIndifferentAccess\nanschaffungskategorie: AV-Technik\nreference: invoice\numzug: zgeln\nankunftszustand: intakt\n','2015-01-04 18:14:03','2015-01-04 18:14:03'),(204,'x75wkgnh3zszu7tq4i6n310','29:47:30:f7:53:78-81:c4:83:c7:3a:8c-94:78:04:cf:66:08',207,110,192,8,NULL,NULL,'2014-01-26','2015-01-04',NULL,NULL,'1208.00',0,0,1,0,1,1,NULL,NULL,NULL,NULL,NULL,'--- !ruby/hash:ActiveSupport::HashWithIndifferentAccess\nanschaffungskategorie: AV-Technik\nreference: invoice\numzug: zgeln\nankunftszustand: intakt\n','2015-01-04 18:14:03','2015-01-04 18:14:03'),(205,'99ylg3rz6i2125i7r227311','62:81:a6:d2:e1:4c-7e:18:36:ac:bb:c0-f7:37:57:77:ba:b8',207,111,193,9,NULL,NULL,'2012-06-16','2015-01-04',NULL,NULL,'6.00',0,0,1,0,1,1,NULL,NULL,NULL,NULL,NULL,'--- !ruby/hash:ActiveSupport::HashWithIndifferentAccess\nanschaffungskategorie: AV-Technik\nreference: invoice\numzug: zgeln\nankunftszustand: intakt\n','2015-01-04 18:14:03','2015-01-04 18:14:03'),(206,'g6ta2kn7provtz5q2odp312','c4:1d:c5:87:57:17-f4:e7:9a:ad:3a:0f-3c:3b:c7:f4:7a:9d',211,112,194,6,NULL,NULL,'2011-06-02','2015-01-04',NULL,NULL,'172.00',0,0,1,0,1,1,NULL,NULL,NULL,NULL,NULL,'--- !ruby/hash:ActiveSupport::HashWithIndifferentAccess\nanschaffungskategorie: AV-Technik\nreference: invoice\numzug: zgeln\nankunftszustand: intakt\n','2015-01-04 18:14:03','2015-01-04 18:14:03'),(207,'0h9n55glsd5yflf3044s313','e7:72:fc:4c:28:14-b1:0a:15:05:03:ac-a9:f9:81:ec:ae:9c',212,113,195,4,NULL,NULL,'2012-10-29','2015-01-04',NULL,NULL,'1166.00',0,0,1,0,1,1,NULL,NULL,NULL,NULL,NULL,'--- !ruby/hash:ActiveSupport::HashWithIndifferentAccess\nanschaffungskategorie: AV-Technik\nreference: invoice\numzug: zgeln\nankunftszustand: intakt\n','2015-01-04 18:14:03','2015-01-04 18:14:03'),(208,'ovplkufhb08urwtrcsc0314','ca:d4:7e:c0:04:9e-d5:0a:a1:da:b5:87-22:8e:fa:c6:a0:20',213,114,196,8,NULL,NULL,'2013-02-09','2015-01-04',NULL,NULL,'758.00',0,0,1,0,1,1,NULL,NULL,NULL,NULL,NULL,'--- !ruby/hash:ActiveSupport::HashWithIndifferentAccess\nanschaffungskategorie: AV-Technik\nreference: invoice\numzug: zgeln\nankunftszustand: intakt\n','2015-01-04 18:14:03','2015-01-04 18:14:03'),(209,'ydot7f5i4xtscenyorqn315','0e:21:16:c8:a1:6d-3f:f0:09:57:c5:e6-4c:b7:47:95:6c:22',214,115,197,4,NULL,NULL,'2014-05-19','2015-01-04',NULL,NULL,'1078.00',0,0,1,0,1,1,NULL,NULL,NULL,NULL,NULL,'--- !ruby/hash:ActiveSupport::HashWithIndifferentAccess\nanschaffungskategorie: AV-Technik\nreference: invoice\numzug: zgeln\nankunftszustand: intakt\n','2015-01-04 18:14:03','2015-01-04 18:14:03'),(210,'v8ku2nwdj9jyuqg6j2qt316','2e:19:36:ba:f9:93-4a:4a:04:56:82:c2-9c:b0:94:67:ee:b5',215,116,198,11,NULL,NULL,'2014-11-28','2015-01-04',NULL,NULL,'749.00',0,0,1,0,1,1,NULL,NULL,NULL,NULL,NULL,'--- !ruby/hash:ActiveSupport::HashWithIndifferentAccess\nanschaffungskategorie: AV-Technik\nreference: invoice\numzug: zgeln\nankunftszustand: intakt\n','2015-01-04 18:14:03','2015-01-04 18:14:03'),(211,'h6ouojllcb2706a4pjzo317','47:60:d4:ce:a6:e5-a2:5c:c1:54:46:f8-d3:0f:dc:80:43:dc',216,117,199,10,NULL,NULL,'2012-03-16','2015-01-04',NULL,NULL,'608.00',0,0,1,0,1,1,NULL,NULL,NULL,NULL,NULL,'--- !ruby/hash:ActiveSupport::HashWithIndifferentAccess\nanschaffungskategorie: AV-Technik\nreference: invoice\numzug: zgeln\nankunftszustand: intakt\n','2015-01-04 18:14:03','2015-01-04 18:14:03'),(212,'lkp8zfew0eyhghtq45yg318','92:d3:a6:df:e5:41-18:2f:1a:73:cc:bb-d8:c7:e5:ba:25:75',217,118,200,6,NULL,NULL,'2011-01-29','2015-01-04',NULL,NULL,'486.00',0,0,1,0,1,1,NULL,NULL,NULL,NULL,NULL,'--- !ruby/hash:ActiveSupport::HashWithIndifferentAccess\nanschaffungskategorie: AV-Technik\nreference: invoice\numzug: zgeln\nankunftszustand: intakt\n','2015-01-04 18:14:03','2015-01-04 18:14:03'),(213,'oayylsjbus3oid1magis319','63:fa:8a:3b:86:5f-62:dc:b4:2f:37:76-e2:1c:e9:b0:c4:b2',218,119,201,3,NULL,NULL,'2012-12-21','2015-01-04',NULL,NULL,'1326.00',0,0,1,0,1,1,NULL,NULL,NULL,NULL,NULL,'--- !ruby/hash:ActiveSupport::HashWithIndifferentAccess\nanschaffungskategorie: AV-Technik\nreference: invoice\numzug: zgeln\nankunftszustand: intakt\n','2015-01-04 18:14:03','2015-01-04 18:14:03'),(214,'kfag0jbdxmhu5fgmgsfz320','8e:f5:f2:71:86:50-b1:4f:94:80:f7:46-47:85:25:28:42:d4',219,120,202,9,NULL,NULL,'2013-07-01','2015-01-04',NULL,NULL,'250.00',0,0,1,0,1,1,NULL,NULL,NULL,NULL,NULL,'--- !ruby/hash:ActiveSupport::HashWithIndifferentAccess\nanschaffungskategorie: AV-Technik\nreference: invoice\numzug: zgeln\nankunftszustand: intakt\n','2015-01-04 18:14:03','2015-01-04 18:14:03'),(215,'pjalju1g0znwszb4mef3321','62:63:fa:e7:a0:6d-95:6e:5e:b2:02:f7-f3:62:2c:db:c7:4b',220,121,203,5,NULL,NULL,'2013-06-30','2015-01-04',NULL,NULL,'1160.00',0,0,1,0,1,1,NULL,NULL,NULL,NULL,NULL,'--- !ruby/hash:ActiveSupport::HashWithIndifferentAccess\nanschaffungskategorie: AV-Technik\nreference: invoice\numzug: zgeln\nankunftszustand: intakt\n','2015-01-04 18:14:03','2015-01-04 18:14:03'),(216,'f5kof7q6punjwjq1h27y322','67:62:23:37:fd:68-c8:65:7b:6d:0b:de-be:fe:89:bd:06:e7',221,122,204,4,NULL,NULL,'2014-01-01','2015-01-04',NULL,NULL,'836.00',0,0,1,0,1,1,NULL,NULL,NULL,NULL,NULL,'--- !ruby/hash:ActiveSupport::HashWithIndifferentAccess\nanschaffungskategorie: AV-Technik\nreference: invoice\numzug: zgeln\nankunftszustand: intakt\n','2015-01-04 18:14:03','2015-01-04 18:14:03'),(217,'saesafh72hnefgbo96xa323','fb:5f:cb:c1:76:f6-d3:73:64:3e:34:32-74:bd:78:c5:3a:da',222,123,205,1,NULL,NULL,'2013-09-04','2015-01-04',NULL,NULL,'444.00',0,0,1,0,1,1,NULL,NULL,NULL,NULL,NULL,'--- !ruby/hash:ActiveSupport::HashWithIndifferentAccess\nanschaffungskategorie: AV-Technik\nreference: invoice\numzug: zgeln\nankunftszustand: intakt\n','2015-01-04 18:14:03','2015-01-04 18:14:03'),(218,'lgf2zvp7l00qug7p25ln324','b2:25:36:45:18:02-96:a3:cd:7a:f5:94-a3:81:18:95:64:12',223,NULL,NULL,1,NULL,NULL,NULL,NULL,NULL,NULL,NULL,0,0,1,0,1,0,NULL,NULL,NULL,NULL,NULL,'--- !ruby/hash:ActiveSupport::HashWithIndifferentAccess\nlicense_type: single_workplace\nactivation_type: serial_number\noperating_system:\n- windows\n- linux\ninstallation:\n- citrix\n- web\nreference: invoice\nmaintenance_contract: \'false\'\n','2015-01-04 18:14:03','2015-01-04 18:14:03'),(219,'vfibevjgdi2woqhchf8n325','7c:ae:b6:c6:a6:e7-9c:f0:5b:d4:23:38-ee:50:90:e1:5a:f1',224,124,206,5,NULL,NULL,'2010-05-27','2014-12-30',NULL,NULL,'1012.00',0,0,1,0,2,1,NULL,NULL,NULL,NULL,NULL,'--- !ruby/hash:ActiveSupport::HashWithIndifferentAccess\nanschaffungskategorie: AV-Technik\nreference: invoice\numzug: zgeln\nankunftszustand: intakt\n','2014-12-30 00:00:00','2014-12-30 00:00:00'),(220,'yun1v6pot59nixgpxl7d326','0b:9d:30:df:2c:2c-ca:54:ae:3c:1c:c6-cf:4d:06:a1:b1:de',224,125,207,2,NULL,NULL,'2013-04-30','2014-12-30',NULL,NULL,'535.00',0,0,1,0,2,1,NULL,NULL,NULL,NULL,NULL,'--- !ruby/hash:ActiveSupport::HashWithIndifferentAccess\nanschaffungskategorie: AV-Technik\nreference: invoice\numzug: zgeln\nankunftszustand: intakt\n','2014-12-30 00:00:00','2014-12-30 00:00:00'),(221,'nnznnoascai0qx01yqay327','a1:9e:76:b0:d3:af-60:82:9f:74:e3:9e-1d:fd:fe:63:1f:f1',224,126,208,10,NULL,NULL,'2012-06-03','2014-12-30',NULL,NULL,'280.00',0,0,1,0,2,1,NULL,NULL,NULL,NULL,NULL,'--- !ruby/hash:ActiveSupport::HashWithIndifferentAccess\nanschaffungskategorie: AV-Technik\nreference: invoice\numzug: zgeln\nankunftszustand: intakt\n','2014-12-30 00:00:00','2014-12-30 00:00:00'),(222,'t61aei317esbamj7uxzp328','26:0f:2a:aa:20:e4-19:4c:12:1b:d4:96-21:62:bb:0d:3c:6a',228,127,209,1,NULL,NULL,'2014-05-27','2015-01-04','2015-01-04','Necessitatibus a non consequatur.','1406.00',0,0,1,0,1,1,NULL,NULL,NULL,NULL,NULL,'--- !ruby/hash:ActiveSupport::HashWithIndifferentAccess\nanschaffungskategorie: AV-Technik\nreference: invoice\numzug: zgeln\nankunftszustand: intakt\n','2015-01-04 18:14:03','2015-01-04 18:14:03'),(223,'zoa2sjk8wppyevkww6hl329','ce:89:fe:92:84:4a-c0:18:55:4a:7a:d6-01:63:ee:a1:af:b8',229,128,210,2,NULL,NULL,'2012-07-02','2015-01-04',NULL,NULL,'1158.00',0,0,1,0,2,1,NULL,NULL,NULL,NULL,NULL,'--- !ruby/hash:ActiveSupport::HashWithIndifferentAccess\nanschaffungskategorie: AV-Technik\nreference: invoice\numzug: zgeln\nankunftszustand: intakt\n','2015-01-04 18:14:03','2015-01-04 18:14:03'),(224,'wm9tu62jtaxyiw2221a1330','f5:17:f5:83:a3:b9-e4:8f:aa:fb:cf:6c-35:e8:cb:74:fe:56',230,129,211,1,NULL,NULL,'2014-05-03','2015-01-04',NULL,NULL,'1131.00',0,0,1,0,13,1,NULL,NULL,NULL,NULL,NULL,'--- !ruby/hash:ActiveSupport::HashWithIndifferentAccess\nanschaffungskategorie: AV-Technik\nreference: invoice\numzug: zgeln\nankunftszustand: intakt\n','2015-01-04 18:14:03','2015-01-04 18:14:03'),(225,'m6y4dcz239maggoec6fm331','2b:b4:be:cd:ef:4a-c5:69:2a:25:a6:1e-a1:ba:36:90:d7:45',231,130,212,10,NULL,NULL,'2012-09-29','2015-01-04',NULL,NULL,'407.00',0,0,1,0,14,1,NULL,NULL,NULL,NULL,NULL,'--- !ruby/hash:ActiveSupport::HashWithIndifferentAccess\nanschaffungskategorie: AV-Technik\nreference: invoice\numzug: zgeln\nankunftszustand: intakt\n','2015-01-04 18:14:03','2015-01-04 18:14:03'),(226,'xdr8vda2yez2hc13zx9v332','34:b8:4d:f8:13:30-ee:c4:a6:77:43:b7-43:80:ef:73:40:2d',232,131,213,1,NULL,NULL,'2011-08-05','2015-01-04',NULL,NULL,'956.00',0,0,1,0,1,1,NULL,NULL,NULL,NULL,NULL,'--- !ruby/hash:ActiveSupport::HashWithIndifferentAccess\nanschaffungskategorie: AV-Technik\nreference: invoice\numzug: zgeln\nankunftszustand: intakt\n','2015-01-04 18:14:03','2015-01-04 18:14:03'),(227,'z08ymteg3b15unv3w866333','63:21:e0:77:49:82-86:22:dd:4c:dd:04-80:64:b3:f7:db:9c',233,132,214,5,NULL,NULL,'2014-03-13','2015-01-04',NULL,NULL,'669.00',0,0,1,0,1,1,NULL,NULL,NULL,NULL,NULL,'--- !ruby/hash:ActiveSupport::HashWithIndifferentAccess\nanschaffungskategorie: AV-Technik\nreference: invoice\numzug: zgeln\nankunftszustand: intakt\n','2015-01-04 18:14:03','2015-01-04 18:14:03'),(228,'u7gnjlbrtbezo6gl2r3d334','29:78:47:a5:2c:19-4f:e6:46:ba:bb:60-60:85:04:47:06:18',234,133,215,3,NULL,NULL,'2014-03-31','2015-01-04',NULL,NULL,'64.00',0,0,1,0,1,1,NULL,NULL,NULL,NULL,NULL,'--- !ruby/hash:ActiveSupport::HashWithIndifferentAccess\nanschaffungskategorie: AV-Technik\nreference: invoice\numzug: zgeln\nankunftszustand: intakt\n','2015-01-04 18:14:03','2015-01-04 18:14:03'),(229,'ucmu4udugcze19kzn1ic335','19:80:4a:ad:e5:a0-b8:bb:ad:21:70:c8-af:3f:cf:59:b5:fe',235,134,216,7,NULL,NULL,'2010-11-13','2015-01-04',NULL,NULL,'651.00',0,0,1,0,1,1,NULL,NULL,NULL,NULL,NULL,'--- !ruby/hash:ActiveSupport::HashWithIndifferentAccess\nanschaffungskategorie: AV-Technik\nreference: invoice\numzug: zgeln\nankunftszustand: intakt\n','2015-01-04 18:14:03','2015-01-04 18:14:03'),(230,'kb54yokomx5qjhebspfd336','5f:b0:f0:ac:0f:93-36:9d:ee:4b:c8:2d-1a:e5:ac:09:28:c6',236,135,217,4,NULL,NULL,'2014-11-08','2015-01-04',NULL,NULL,'16.00',0,0,1,0,1,1,NULL,NULL,NULL,NULL,NULL,'--- !ruby/hash:ActiveSupport::HashWithIndifferentAccess\nanschaffungskategorie: AV-Technik\nreference: invoice\numzug: zgeln\nankunftszustand: intakt\n','2015-01-04 18:14:03','2015-01-04 18:14:03'),(231,'kgzcqq7m4l41cvj6lg2v337','f4:84:4f:ce:7f:b7-62:f1:df:3a:f3:8c-94:d7:a7:13:84:6a',237,136,218,8,NULL,NULL,'2010-01-18','2015-01-04',NULL,NULL,'1016.00',0,0,1,0,1,1,NULL,NULL,NULL,NULL,NULL,'--- !ruby/hash:ActiveSupport::HashWithIndifferentAccess\nanschaffungskategorie: AV-Technik\nreference: invoice\numzug: zgeln\nankunftszustand: intakt\n','2015-01-04 18:14:03','2015-01-04 18:14:03'),(232,'0gq8fm6jja5mtwgv0p2e338','af:c5:8c:50:c4:de-9f:e5:04:ab:2d:88-c5:f1:9d:f0:c6:b5',238,137,219,3,NULL,NULL,'2013-10-14','2015-01-04',NULL,NULL,'579.00',0,0,1,0,1,1,NULL,NULL,NULL,NULL,NULL,'--- !ruby/hash:ActiveSupport::HashWithIndifferentAccess\nanschaffungskategorie: AV-Technik\nreference: invoice\numzug: zgeln\nankunftszustand: intakt\n','2015-01-04 18:14:03','2015-01-04 18:14:03'),(233,'wyg8n5958bpm02ek9c0b339','ef:c9:b3:90:7b:e0-8d:1c:57:d4:d0:7a-a0:08:71:38:93:f6',239,138,220,2,NULL,NULL,'2010-07-03','2015-01-04',NULL,NULL,'1271.00',0,0,1,0,1,1,NULL,NULL,NULL,NULL,NULL,'--- !ruby/hash:ActiveSupport::HashWithIndifferentAccess\nanschaffungskategorie: AV-Technik\nreference: invoice\numzug: zgeln\nankunftszustand: intakt\n','2015-01-04 18:14:03','2015-01-04 18:14:03'),(234,'nlnth2i5plbc65ef6o62340','7a:21:7c:7c:66:f0-5d:1c:ee:11:d0:c4-24:1a:de:c5:8a:2a',240,139,221,5,NULL,NULL,'2014-06-21','2015-01-04',NULL,NULL,'1484.00',0,0,1,0,1,1,NULL,NULL,NULL,NULL,NULL,'--- !ruby/hash:ActiveSupport::HashWithIndifferentAccess\nanschaffungskategorie: AV-Technik\nreference: invoice\numzug: zgeln\nankunftszustand: intakt\n','2015-01-04 18:14:03','2015-01-04 18:14:03'),(235,'l71l7vnnag9dnj0490o8341','2e:14:09:02:45:72-a0:76:9a:3b:5c:57-d2:44:fb:22:ba:e1',241,140,222,4,NULL,NULL,'2014-12-23','2015-01-04',NULL,NULL,'995.00',0,0,1,0,1,1,NULL,NULL,NULL,NULL,NULL,'--- !ruby/hash:ActiveSupport::HashWithIndifferentAccess\nanschaffungskategorie: AV-Technik\nreference: invoice\numzug: zgeln\nankunftszustand: intakt\n','2015-01-04 18:14:03','2015-01-04 18:14:03'),(236,'ux0lp2bk0cqg49w5s8ye342','49:2d:f1:02:a1:16-bc:54:a1:46:fc:c2-95:ec:a8:f6:2c:a5',242,141,223,12,NULL,NULL,'2012-07-05','2015-01-04',NULL,NULL,'447.00',0,0,1,0,1,1,NULL,NULL,NULL,NULL,NULL,'--- !ruby/hash:ActiveSupport::HashWithIndifferentAccess\nanschaffungskategorie: AV-Technik\nreference: invoice\numzug: zgeln\nankunftszustand: intakt\n','2015-01-04 18:14:03','2015-01-04 18:14:03'),(237,'f6ksh0u8xbf3ngn1fizm343','74:4b:13:8e:51:50-18:bd:3d:b7:32:22-d2:de:68:ce:2a:2a',243,142,224,5,NULL,NULL,'2012-03-18','2015-01-04',NULL,NULL,'1412.00',0,0,1,0,1,1,NULL,NULL,NULL,NULL,NULL,'--- !ruby/hash:ActiveSupport::HashWithIndifferentAccess\nanschaffungskategorie: AV-Technik\nreference: invoice\numzug: zgeln\nankunftszustand: intakt\n','2015-01-04 18:14:03','2015-01-04 18:14:03'),(238,'jxivquziqisce08v3ic9344','42:f4:b3:61:ee:9b-be:bf:7f:50:4b:f0-5b:63:21:a2:7d:c5',244,143,225,6,NULL,NULL,'2013-05-08','2014-12-30',NULL,NULL,'1213.00',0,0,1,0,1,1,NULL,NULL,NULL,NULL,NULL,'--- !ruby/hash:ActiveSupport::HashWithIndifferentAccess\nanschaffungskategorie: AV-Technik\nreference: invoice\numzug: zgeln\nankunftszustand: intakt\n','2014-12-30 00:00:00','2014-12-30 00:00:00'),(239,'80u8welykz39dxirep1f345','1f:eb:a8:52:51:89-21:d4:cb:5d:b7:a7-c7:d7:1f:7c:cc:9f',245,144,226,5,NULL,NULL,'2011-08-02','2014-12-30',NULL,NULL,'285.00',0,0,1,0,1,1,NULL,NULL,NULL,NULL,NULL,'--- !ruby/hash:ActiveSupport::HashWithIndifferentAccess\nanschaffungskategorie: AV-Technik\nreference: invoice\numzug: zgeln\nankunftszustand: intakt\n','2014-12-30 00:00:00','2014-12-30 00:00:00'),(240,'yrf2ghfghqztm9v07zol346','bb:f7:04:6e:04:ca-2b:76:89:06:9b:13-3a:8f:11:bf:16:5f',246,145,227,11,NULL,NULL,'2011-12-19','2014-12-30',NULL,NULL,'1410.00',0,0,1,0,1,1,NULL,NULL,NULL,NULL,NULL,'--- !ruby/hash:ActiveSupport::HashWithIndifferentAccess\nanschaffungskategorie: AV-Technik\nreference: invoice\numzug: zgeln\nankunftszustand: intakt\n','2014-12-30 00:00:00','2014-12-30 00:00:00'),(241,'0gv9ox8r8cjv9p0uacid347','6c:05:8d:49:f0:48-b1:2c:db:46:e3:00-da:f7:f6:1c:c2:23',247,146,228,8,NULL,NULL,'2013-01-05','2015-01-04',NULL,NULL,'701.00',0,0,1,0,2,1,NULL,NULL,NULL,NULL,NULL,'--- !ruby/hash:ActiveSupport::HashWithIndifferentAccess\nanschaffungskategorie: AV-Technik\nreference: invoice\numzug: zgeln\nankunftszustand: intakt\n','2015-01-04 18:14:03','2015-01-04 18:14:03'),(242,'yjr1q1e0tli932c468ys348','4b:47:32:be:60:2e-8b:a9:cf:22:b4:61-07:c8:24:20:cd:0e',247,147,229,9,NULL,NULL,'2011-07-24','2015-01-04',NULL,NULL,'875.00',0,0,1,0,2,1,NULL,NULL,NULL,NULL,NULL,'--- !ruby/hash:ActiveSupport::HashWithIndifferentAccess\nanschaffungskategorie: AV-Technik\nreference: invoice\numzug: zgeln\nankunftszustand: intakt\n','2015-01-04 18:14:03','2015-01-04 18:14:03'),(243,'z5rc9zcblyodx51ybk35349','de:16:85:2d:c9:f5-e2:71:96:90:47:50-79:17:ea:6a:72:21',247,148,230,7,NULL,NULL,'2010-11-10','2015-01-04',NULL,NULL,'693.00',0,0,1,0,2,1,NULL,NULL,NULL,NULL,NULL,'--- !ruby/hash:ActiveSupport::HashWithIndifferentAccess\nanschaffungskategorie: AV-Technik\nreference: invoice\numzug: zgeln\nankunftszustand: intakt\n','2015-01-04 18:14:03','2015-01-04 18:14:03'),(244,'13knyhctro9jldmmr9fq350','e8:ae:2f:eb:84:ae-21:17:40:cd:a0:79-be:45:a4:f7:31:d4',251,149,231,11,NULL,NULL,'2011-05-24','2015-01-04',NULL,NULL,'907.00',0,0,1,0,2,1,NULL,NULL,NULL,NULL,NULL,'--- !ruby/hash:ActiveSupport::HashWithIndifferentAccess\nanschaffungskategorie: AV-Technik\nreference: invoice\numzug: zgeln\nankunftszustand: intakt\n','2015-01-04 18:14:03','2015-01-04 18:14:03'),(245,'4egt46fnq1bn33ltafgz351','24:a5:2d:c9:90:83-7d:e6:48:92:61:1a-9a:e5:32:c4:1b:17',251,150,232,13,NULL,NULL,'2012-12-02','2015-01-04',NULL,NULL,'762.00',0,0,1,0,2,1,NULL,NULL,NULL,NULL,NULL,'--- !ruby/hash:ActiveSupport::HashWithIndifferentAccess\nanschaffungskategorie: AV-Technik\nreference: invoice\numzug: zgeln\nankunftszustand: intakt\n','2015-01-04 18:14:03','2015-01-04 18:14:03'),(246,'83gqafkp9zokuu2aipu5352','03:b2:8f:e6:76:e8-6a:00:5d:b4:4e:c0-48:1a:36:f5:98:74',251,151,233,9,NULL,NULL,'2010-01-09','2015-01-04',NULL,NULL,'428.00',0,0,1,0,2,1,NULL,NULL,NULL,NULL,NULL,'--- !ruby/hash:ActiveSupport::HashWithIndifferentAccess\nanschaffungskategorie: AV-Technik\nreference: invoice\numzug: zgeln\nankunftszustand: intakt\n','2015-01-04 18:14:03','2015-01-04 18:14:03'),(247,'lws5pg9mxz9v4bga1ipe353','e2:fa:c6:bc:e9:84-b8:2b:24:44:91:ee-63:91:17:44:0c:29',255,152,234,8,NULL,NULL,'2012-08-10','2015-01-04',NULL,NULL,'437.00',0,0,1,0,2,1,NULL,NULL,NULL,NULL,NULL,'--- !ruby/hash:ActiveSupport::HashWithIndifferentAccess\nanschaffungskategorie: AV-Technik\nreference: invoice\numzug: zgeln\nankunftszustand: intakt\n','2015-01-04 18:14:03','2015-01-04 18:14:03'),(248,'g0c74pskl5f2v1txevzq354','5c:f3:be:0c:07:c6-2a:53:74:e5:f5:c1-82:89:e0:a2:47:92',255,153,235,8,NULL,NULL,'2010-05-08','2015-01-04',NULL,NULL,'1490.00',0,0,1,0,2,1,NULL,NULL,NULL,NULL,NULL,'--- !ruby/hash:ActiveSupport::HashWithIndifferentAccess\nanschaffungskategorie: AV-Technik\nreference: invoice\numzug: zgeln\nankunftszustand: intakt\n','2015-01-04 18:14:03','2015-01-04 18:14:03'),(249,'ecmkxpsk98mg90gzdp1o355','e8:53:2b:00:bc:35-ad:ff:50:90:2b:61-bc:43:f5:ee:44:9a',255,154,236,1,NULL,NULL,'2011-03-31','2015-01-04',NULL,NULL,'888.00',0,0,1,0,2,1,NULL,NULL,NULL,NULL,NULL,'--- !ruby/hash:ActiveSupport::HashWithIndifferentAccess\nanschaffungskategorie: AV-Technik\nreference: invoice\numzug: zgeln\nankunftszustand: intakt\n','2015-01-04 18:14:03','2015-01-04 18:14:03'),(250,'x76muiwoelptsi7vu3so356','07:45:d7:a0:04:e7-f6:26:b7:65:72:c6-2b:49:d8:4e:c1:76',259,155,237,3,NULL,NULL,'2010-10-07','2015-01-04',NULL,NULL,'900.00',0,0,1,0,2,1,NULL,NULL,NULL,NULL,NULL,'--- !ruby/hash:ActiveSupport::HashWithIndifferentAccess\nanschaffungskategorie: AV-Technik\nreference: invoice\numzug: zgeln\nankunftszustand: intakt\n','2015-01-04 18:14:03','2015-01-04 18:14:03'),(251,'nq0wu3a2c23lg8p2jxqx357','15:83:47:fa:0f:b7-d6:f0:69:0d:ad:fc-dc:0e:db:c4:eb:17',259,156,238,7,NULL,NULL,'2011-03-18','2015-01-04',NULL,NULL,'1205.00',0,0,1,0,2,1,NULL,NULL,NULL,NULL,NULL,'--- !ruby/hash:ActiveSupport::HashWithIndifferentAccess\nanschaffungskategorie: AV-Technik\nreference: invoice\numzug: zgeln\nankunftszustand: intakt\n','2015-01-04 18:14:03','2015-01-04 18:14:03'),(252,'3yrnxjqfw0i5o06qt6xl358','ac:69:cd:64:72:70-a7:83:04:2b:31:3f-30:35:49:4f:92:bd',259,157,239,1,NULL,NULL,'2012-08-31','2015-01-04',NULL,NULL,'1341.00',0,0,1,0,2,1,NULL,NULL,NULL,NULL,NULL,'--- !ruby/hash:ActiveSupport::HashWithIndifferentAccess\nanschaffungskategorie: AV-Technik\nreference: invoice\numzug: zgeln\nankunftszustand: intakt\n','2015-01-04 18:14:03','2015-01-04 18:14:03'),(253,'2us371zupqet0v1crpk6359','e7:61:2b:39:b1:03-49:f6:eb:50:32:a5-c7:6d:93:a6:b2:42',263,158,240,8,NULL,NULL,'2014-04-21','2015-01-04',NULL,NULL,'238.00',0,0,1,0,2,1,NULL,NULL,NULL,NULL,NULL,'--- !ruby/hash:ActiveSupport::HashWithIndifferentAccess\nanschaffungskategorie: AV-Technik\nreference: invoice\numzug: zgeln\nankunftszustand: intakt\n','2015-01-04 18:14:03','2015-01-04 18:14:03'),(254,'ftxycnggw2loetjfnroz360','ed:e1:a9:b8:8e:c3-58:84:11:49:c5:e5-c8:d5:1f:7c:a3:b2',263,159,241,3,NULL,NULL,'2012-06-27','2015-01-04',NULL,NULL,'441.00',0,0,1,0,2,1,NULL,NULL,NULL,NULL,NULL,'--- !ruby/hash:ActiveSupport::HashWithIndifferentAccess\nanschaffungskategorie: AV-Technik\nreference: invoice\numzug: zgeln\nankunftszustand: intakt\n','2015-01-04 18:14:03','2015-01-04 18:14:03'),(255,'jp1wjkk3p01m913nqg2y361','89:3d:70:c0:6d:11-e7:67:88:ed:67:03-b5:ca:ee:82:fc:c8',263,160,242,1,NULL,NULL,'2012-02-12','2015-01-04',NULL,NULL,'1175.00',0,0,1,0,2,1,NULL,NULL,NULL,NULL,NULL,'--- !ruby/hash:ActiveSupport::HashWithIndifferentAccess\nanschaffungskategorie: AV-Technik\nreference: invoice\numzug: zgeln\nankunftszustand: intakt\n','2015-01-04 18:14:03','2015-01-04 18:14:03'),(256,'vhe97k6fpxu31bp6js1p362','0e:75:50:08:3a:82-2f:57:89:c9:01:68-d9:88:a5:32:f6:ae',267,161,243,12,NULL,NULL,'2012-05-09','2015-01-04',NULL,NULL,'300.00',0,0,1,0,3,1,NULL,NULL,NULL,NULL,NULL,'--- !ruby/hash:ActiveSupport::HashWithIndifferentAccess\nanschaffungskategorie: AV-Technik\nreference: invoice\numzug: zgeln\nankunftszustand: intakt\n','2015-01-04 18:14:03','2015-01-04 18:14:03'),(257,'kzd8hzsq2xwc7zvgth2l363','b1:93:f8:aa:af:62-ce:11:64:ff:94:6c-00:1a:cb:f5:58:9e',267,162,244,1,NULL,NULL,'2013-11-23','2015-01-04',NULL,NULL,'1445.00',0,0,1,0,3,1,NULL,NULL,NULL,NULL,NULL,'--- !ruby/hash:ActiveSupport::HashWithIndifferentAccess\nanschaffungskategorie: AV-Technik\nreference: invoice\numzug: zgeln\nankunftszustand: intakt\n','2015-01-04 18:14:03','2015-01-04 18:14:03'),(258,'vcxuaw2u8lilzoaxqh6q364','95:2e:e7:36:e6:5f-8d:dc:63:e9:1b:ba-d3:5c:d2:db:f3:6c',267,163,245,1,NULL,NULL,'2012-01-21','2015-01-04',NULL,NULL,'1290.00',0,0,1,0,3,1,NULL,NULL,NULL,NULL,NULL,'--- !ruby/hash:ActiveSupport::HashWithIndifferentAccess\nanschaffungskategorie: AV-Technik\nreference: invoice\numzug: zgeln\nankunftszustand: intakt\n','2015-01-04 18:14:03','2015-01-04 18:14:03'),(259,'me7406c4ufm3gvuwyi2v365','23:b6:ff:dd:7c:27-7a:77:45:c3:dc:7f-51:a1:a8:27:70:f8',271,164,246,10,NULL,NULL,'2010-03-05','2015-01-04',NULL,NULL,'899.00',0,0,1,0,3,1,NULL,NULL,NULL,NULL,NULL,'--- !ruby/hash:ActiveSupport::HashWithIndifferentAccess\nanschaffungskategorie: AV-Technik\nreference: invoice\numzug: zgeln\nankunftszustand: intakt\n','2015-01-04 18:14:03','2015-01-04 18:14:03'),(260,'h38ymma8qjcw8g1n027g366','32:f5:09:00:5c:cf-91:6d:78:0f:66:eb-40:bc:6d:51:5e:33',271,165,247,8,NULL,NULL,'2011-10-09','2015-01-04',NULL,NULL,'455.00',0,0,1,0,3,1,NULL,NULL,NULL,NULL,NULL,'--- !ruby/hash:ActiveSupport::HashWithIndifferentAccess\nanschaffungskategorie: AV-Technik\nreference: invoice\numzug: zgeln\nankunftszustand: intakt\n','2015-01-04 18:14:03','2015-01-04 18:14:03'),(261,'ies2xy2he1aukrqytip4367','df:fe:8a:4e:b8:d2-03:97:10:6d:68:28-d9:ca:b2:00:b4:08',271,166,248,12,NULL,NULL,'2014-03-03','2015-01-04',NULL,NULL,'681.00',0,0,1,0,3,1,NULL,NULL,NULL,NULL,NULL,'--- !ruby/hash:ActiveSupport::HashWithIndifferentAccess\nanschaffungskategorie: AV-Technik\nreference: invoice\numzug: zgeln\nankunftszustand: intakt\n','2015-01-04 18:14:03','2015-01-04 18:14:03'),(262,'jhpbr2vjv196oc4gb6hq368','47:8f:e7:5a:56:13-1a:cf:50:dc:cd:98-4a:42:6a:71:b6:1e',275,167,249,4,NULL,NULL,'2014-06-08','2015-01-04',NULL,NULL,'687.00',0,0,1,0,3,1,NULL,NULL,NULL,NULL,NULL,'--- !ruby/hash:ActiveSupport::HashWithIndifferentAccess\nanschaffungskategorie: AV-Technik\nreference: invoice\numzug: zgeln\nankunftszustand: intakt\n','2015-01-04 18:14:03','2015-01-04 18:14:03'),(263,'gdeymgpg4okr69v5f16o369','ce:61:7d:a7:b5:5c-c3:31:7c:88:3c:81-0f:d4:bf:8a:c3:27',275,168,250,1,NULL,NULL,'2010-05-21','2015-01-04',NULL,NULL,'663.00',0,0,1,0,3,1,NULL,NULL,NULL,NULL,NULL,'--- !ruby/hash:ActiveSupport::HashWithIndifferentAccess\nanschaffungskategorie: AV-Technik\nreference: invoice\numzug: zgeln\nankunftszustand: intakt\n','2015-01-04 18:14:03','2015-01-04 18:14:03'),(264,'tluci152jwjg0mr3yt98370','27:3a:27:2f:aa:dd-27:36:b5:60:33:80-a5:69:fb:b6:39:9c',275,169,251,8,NULL,NULL,'2010-09-03','2015-01-04',NULL,NULL,'1494.00',0,0,1,0,3,1,NULL,NULL,NULL,NULL,NULL,'--- !ruby/hash:ActiveSupport::HashWithIndifferentAccess\nanschaffungskategorie: AV-Technik\nreference: invoice\numzug: zgeln\nankunftszustand: intakt\n','2015-01-04 18:14:03','2015-01-04 18:14:03'),(265,'zk4jkpomntomi0ipi61v371','37:61:be:ef:fa:89-f7:3c:ab:a4:7c:bb-7f:35:47:b2:65:ed',279,170,252,7,NULL,NULL,'2013-12-01','2015-01-04',NULL,NULL,'1246.00',0,0,1,0,1,1,NULL,NULL,NULL,NULL,NULL,'--- !ruby/hash:ActiveSupport::HashWithIndifferentAccess\nanschaffungskategorie: AV-Technik\nreference: invoice\numzug: zgeln\nankunftszustand: intakt\n','2015-01-04 18:14:03','2015-01-04 18:14:03'),(266,'6r1b7cdh16p832gv3n0p372','32:45:1c:9b:0a:02-14:8a:14:b2:72:e9-54:e4:5c:c3:66:d3',279,171,253,3,NULL,NULL,'2011-03-12','2015-01-04',NULL,NULL,'382.00',0,0,1,0,1,1,NULL,NULL,NULL,NULL,NULL,'--- !ruby/hash:ActiveSupport::HashWithIndifferentAccess\nanschaffungskategorie: AV-Technik\nreference: invoice\numzug: zgeln\nankunftszustand: intakt\n','2015-01-04 18:14:03','2015-01-04 18:14:03'),(267,'opbr60x9kyidqwuixnls373','93:04:65:3f:e0:bc-86:f0:de:30:a4:ba-88:bd:8e:12:69:32',279,172,254,13,NULL,NULL,'2011-05-31','2015-01-04',NULL,NULL,'147.00',0,0,1,0,1,1,NULL,NULL,NULL,NULL,NULL,'--- !ruby/hash:ActiveSupport::HashWithIndifferentAccess\nanschaffungskategorie: AV-Technik\nreference: invoice\numzug: zgeln\nankunftszustand: intakt\n','2015-01-04 18:14:03','2015-01-04 18:14:03'),(268,'d50r2h3ro2x1d0ubtpux374','fe:89:c5:0d:6a:39-ec:be:6e:d5:94:87-27:35:a7:c1:53:e6',283,173,255,3,NULL,NULL,'2011-11-01','2015-01-04',NULL,NULL,'998.00',0,0,1,0,1,1,NULL,NULL,NULL,NULL,NULL,'--- !ruby/hash:ActiveSupport::HashWithIndifferentAccess\nanschaffungskategorie: AV-Technik\nreference: invoice\numzug: zgeln\nankunftszustand: intakt\n','2015-01-04 18:14:03','2015-01-04 18:14:03'),(269,'uyb68049zjq2tqqr6pbv375','a8:64:13:50:c0:f7-8b:8c:06:96:40:bd-ed:59:94:d1:b2:a5',283,174,256,11,NULL,NULL,'2010-02-25','2015-01-04',NULL,NULL,'1010.00',0,0,1,0,1,1,NULL,NULL,NULL,NULL,NULL,'--- !ruby/hash:ActiveSupport::HashWithIndifferentAccess\nanschaffungskategorie: AV-Technik\nreference: invoice\numzug: zgeln\nankunftszustand: intakt\n','2015-01-04 18:14:03','2015-01-04 18:14:03'),(270,'z7wyg2ni3bel3ols49nw376','7e:15:46:ab:ee:53-1e:20:99:a7:69:17-66:36:58:e7:58:66',283,175,257,13,NULL,NULL,'2013-08-11','2015-01-04',NULL,NULL,'977.00',0,0,1,0,1,1,NULL,NULL,NULL,NULL,NULL,'--- !ruby/hash:ActiveSupport::HashWithIndifferentAccess\nanschaffungskategorie: AV-Technik\nreference: invoice\numzug: zgeln\nankunftszustand: intakt\n','2015-01-04 18:14:03','2015-01-04 18:14:03'),(271,'d42zbmuttfjjsqutw6a0377','1d:e5:cd:4f:5d:ee-af:5d:a9:2a:d4:36-2f:77:56:97:dd:6d',287,176,258,5,NULL,NULL,'2011-11-20','2015-01-04',NULL,NULL,'6.00',0,0,1,0,1,1,NULL,NULL,NULL,NULL,NULL,'--- !ruby/hash:ActiveSupport::HashWithIndifferentAccess\nanschaffungskategorie: AV-Technik\nreference: invoice\numzug: zgeln\nankunftszustand: intakt\n','2015-01-04 18:14:03','2015-01-04 18:14:03'),(272,'9byxib7s1wx14pzdqp05378','c0:21:5a:7d:ed:f3-6b:58:71:3c:bf:03-41:39:a8:51:c8:41',287,177,259,12,NULL,NULL,'2012-08-28','2015-01-04',NULL,NULL,'71.00',0,0,1,0,1,1,NULL,NULL,NULL,NULL,NULL,'--- !ruby/hash:ActiveSupport::HashWithIndifferentAccess\nanschaffungskategorie: AV-Technik\nreference: invoice\numzug: zgeln\nankunftszustand: intakt\n','2015-01-04 18:14:03','2015-01-04 18:14:03'),(273,'xaahih4u3oxh6ff0jmyq379','d9:5d:03:97:d7:24-af:a8:da:4f:91:49-2a:a4:39:09:9c:46',287,178,260,1,NULL,NULL,'2014-01-26','2015-01-04',NULL,NULL,'873.00',0,0,1,0,1,1,NULL,NULL,NULL,NULL,NULL,'--- !ruby/hash:ActiveSupport::HashWithIndifferentAccess\nanschaffungskategorie: AV-Technik\nreference: invoice\numzug: zgeln\nankunftszustand: intakt\n','2015-01-04 18:14:03','2015-01-04 18:14:03'),(274,'hr1d4retcdcghylj8rai380','98:32:4e:e8:e1:b7-14:6a:bd:f8:36:ed-b1:28:a8:1a:c4:53',291,179,261,6,NULL,NULL,'2012-08-28','2015-01-04',NULL,NULL,'51.00',0,0,1,0,1,1,NULL,NULL,NULL,NULL,NULL,'--- !ruby/hash:ActiveSupport::HashWithIndifferentAccess\nanschaffungskategorie: AV-Technik\nreference: invoice\numzug: zgeln\nankunftszustand: intakt\n','2015-01-04 18:14:03','2015-01-04 18:14:03'),(275,'aszpizuxh3nwity1wx78381','8f:4f:f2:13:34:b7-45:fa:96:96:80:b6-68:de:48:15:e9:46',291,180,262,3,NULL,NULL,'2012-06-09','2015-01-04',NULL,NULL,'1313.00',0,0,1,0,1,1,NULL,NULL,NULL,NULL,NULL,'--- !ruby/hash:ActiveSupport::HashWithIndifferentAccess\nanschaffungskategorie: AV-Technik\nreference: invoice\numzug: zgeln\nankunftszustand: intakt\n','2015-01-04 18:14:03','2015-01-04 18:14:03'),(276,'ra8vy3o2znyuk8cltmqs382','bf:68:24:ea:0a:3c-e4:b8:a8:85:1a:ab-c0:20:3a:71:b7:b2',291,181,263,12,NULL,NULL,'2010-02-09','2015-01-04',NULL,NULL,'674.00',0,0,1,0,1,1,NULL,NULL,NULL,NULL,NULL,'--- !ruby/hash:ActiveSupport::HashWithIndifferentAccess\nanschaffungskategorie: AV-Technik\nreference: invoice\numzug: zgeln\nankunftszustand: intakt\n','2015-01-04 18:14:03','2015-01-04 18:14:03'),(277,'onmyxthhnp8tzso0jshx383','65:76:c7:96:7f:3f-38:0c:b7:5c:f0:e7-87:a1:78:02:02:ed',295,182,264,8,NULL,NULL,'2010-06-21','2015-01-04',NULL,NULL,'293.00',0,0,1,0,1,1,NULL,NULL,NULL,NULL,NULL,'--- !ruby/hash:ActiveSupport::HashWithIndifferentAccess\nanschaffungskategorie: AV-Technik\nreference: invoice\numzug: zgeln\nankunftszustand: intakt\n','2015-01-04 18:14:03','2015-01-04 18:14:03'),(278,'52w2oh3n4rsj0tauas9i384','c5:d3:d8:de:5f:bb-d6:97:37:9e:45:96-1a:23:de:03:70:41',295,183,265,3,NULL,NULL,'2011-11-25','2015-01-04',NULL,NULL,'517.00',0,0,1,0,1,1,NULL,NULL,NULL,NULL,NULL,'--- !ruby/hash:ActiveSupport::HashWithIndifferentAccess\nanschaffungskategorie: AV-Technik\nreference: invoice\numzug: zgeln\nankunftszustand: intakt\n','2015-01-04 18:14:03','2015-01-04 18:14:03'),(279,'7dyc2noasp11uv1aqwwn385','47:3c:d8:a1:a7:24-fc:36:ef:d4:bc:14-10:4c:bd:9f:a6:17',295,184,266,14,NULL,NULL,'2013-08-27','2015-01-04',NULL,NULL,'152.00',0,0,1,0,1,1,NULL,NULL,NULL,NULL,NULL,'--- !ruby/hash:ActiveSupport::HashWithIndifferentAccess\nanschaffungskategorie: AV-Technik\nreference: invoice\numzug: zgeln\nankunftszustand: intakt\n','2015-01-04 18:14:03','2015-01-04 18:14:03'),(280,'gwen58ngq192spfsfaxj386','d4:99:33:74:05:f1-db:a2:88:7d:c3:eb-b2:5f:4e:45:79:51',299,185,267,4,NULL,NULL,'2014-08-11','2015-01-04',NULL,NULL,'1171.00',0,0,1,0,1,1,NULL,NULL,NULL,NULL,NULL,'--- !ruby/hash:ActiveSupport::HashWithIndifferentAccess\nanschaffungskategorie: AV-Technik\nreference: invoice\numzug: zgeln\nankunftszustand: intakt\n','2015-01-04 18:14:03','2015-01-04 18:14:03'),(281,'nbulf06t2logmzsn8z3j387','d1:9f:12:78:f1:bb-2a:e2:29:b3:25:41-aa:2b:2e:ba:3b:d6',299,186,268,10,NULL,NULL,'2013-09-03','2015-01-04',NULL,NULL,'213.00',0,0,1,0,1,1,NULL,NULL,NULL,NULL,NULL,'--- !ruby/hash:ActiveSupport::HashWithIndifferentAccess\nanschaffungskategorie: AV-Technik\nreference: invoice\numzug: zgeln\nankunftszustand: intakt\n','2015-01-04 18:14:03','2015-01-04 18:14:03'),(282,'4vod6pvfyzdohgvaldx8388','d7:6e:59:ad:de:93-a5:3f:4a:8d:3b:c0-73:1d:42:c6:05:01',299,187,269,7,NULL,NULL,'2014-05-06','2015-01-04',NULL,NULL,'1277.00',0,0,1,0,1,1,NULL,NULL,NULL,NULL,NULL,'--- !ruby/hash:ActiveSupport::HashWithIndifferentAccess\nanschaffungskategorie: AV-Technik\nreference: invoice\numzug: zgeln\nankunftszustand: intakt\n','2015-01-04 18:14:03','2015-01-04 18:14:03'),(283,'v620q40m3i731egk194s389','c9:74:1c:4e:d9:93-ab:91:bd:18:3e:b9-92:73:30:86:8d:2e',303,188,270,2,NULL,NULL,'2012-10-01','2015-01-04',NULL,NULL,'34.00',0,0,1,0,1,1,NULL,NULL,NULL,NULL,NULL,'--- !ruby/hash:ActiveSupport::HashWithIndifferentAccess\nanschaffungskategorie: AV-Technik\nreference: invoice\numzug: zgeln\nankunftszustand: intakt\n','2015-01-04 18:14:03','2015-01-04 18:14:03'),(284,'fpuffchqogfa4rk4lrlv390','25:84:8b:ec:63:71-1e:eb:21:15:49:e7-0c:54:e0:22:fa:73',303,189,271,8,NULL,NULL,'2011-01-08','2015-01-04',NULL,NULL,'1042.00',0,0,1,0,1,1,NULL,NULL,NULL,NULL,NULL,'--- !ruby/hash:ActiveSupport::HashWithIndifferentAccess\nanschaffungskategorie: AV-Technik\nreference: invoice\numzug: zgeln\nankunftszustand: intakt\n','2015-01-04 18:14:03','2015-01-04 18:14:03'),(285,'sq4g3w37kswz1x9st07q391','5e:b9:44:d1:9b:b1-cb:b6:b0:ef:6f:94-b1:c6:9e:3d:09:29',303,190,272,12,NULL,NULL,'2014-01-10','2015-01-04',NULL,NULL,'619.00',0,0,1,0,1,1,NULL,NULL,NULL,NULL,NULL,'--- !ruby/hash:ActiveSupport::HashWithIndifferentAccess\nanschaffungskategorie: AV-Technik\nreference: invoice\numzug: zgeln\nankunftszustand: intakt\n','2015-01-04 18:14:03','2015-01-04 18:14:03'),(286,'g9pzl68u1zwuq84vxc7s392','25:bf:86:a1:0b:58-d3:5f:b9:e4:3a:ea-54:ec:aa:66:58:58',307,191,273,1,NULL,NULL,'2013-12-16','2015-01-04',NULL,NULL,'1254.00',0,0,1,0,1,1,NULL,NULL,NULL,NULL,NULL,'--- !ruby/hash:ActiveSupport::HashWithIndifferentAccess\nanschaffungskategorie: AV-Technik\nreference: invoice\numzug: zgeln\nankunftszustand: intakt\n','2015-01-04 18:14:03','2015-01-04 18:14:03'),(287,'37g6gnjlc0me95476c4i393','fe:ad:03:23:75:21-c5:f7:65:ee:77:11-f2:d1:7c:32:66:7f',307,192,274,9,NULL,NULL,'2011-10-18','2015-01-04',NULL,NULL,'79.00',0,0,1,0,1,1,NULL,NULL,NULL,NULL,NULL,'--- !ruby/hash:ActiveSupport::HashWithIndifferentAccess\nanschaffungskategorie: AV-Technik\nreference: invoice\numzug: zgeln\nankunftszustand: intakt\n','2015-01-04 18:14:03','2015-01-04 18:14:03'),(288,'rtq9vvpe9ydu0o5p8cwc394','29:36:a9:95:dd:47-d3:e3:5e:5b:6f:60-9c:51:92:8f:5a:13',307,193,275,6,NULL,NULL,'2010-04-24','2015-01-04',NULL,NULL,'1448.00',0,0,1,0,1,1,NULL,NULL,NULL,NULL,NULL,'--- !ruby/hash:ActiveSupport::HashWithIndifferentAccess\nanschaffungskategorie: AV-Technik\nreference: invoice\numzug: zgeln\nankunftszustand: intakt\n','2015-01-04 18:14:03','2015-01-04 18:14:03'),(289,'7vj3vkculk5u0viglbth395','67:3a:b9:ad:01:0b-90:29:fa:67:3f:fd-ee:33:69:96:2f:12',311,194,276,9,NULL,NULL,'2010-02-05','2015-01-04',NULL,NULL,'756.00',0,0,1,0,1,1,NULL,NULL,NULL,NULL,NULL,'--- !ruby/hash:ActiveSupport::HashWithIndifferentAccess\nanschaffungskategorie: AV-Technik\nreference: invoice\numzug: zgeln\nankunftszustand: intakt\n','2015-01-04 18:14:03','2015-01-04 18:14:03'),(290,'k3jbbjwgz6x3b7oprb65396','63:4e:d2:34:85:1c-e5:cd:4d:33:3b:7b-13:23:c2:63:94:db',311,195,277,7,NULL,NULL,'2010-09-17','2015-01-04',NULL,NULL,'273.00',0,0,1,0,1,1,NULL,NULL,NULL,NULL,NULL,'--- !ruby/hash:ActiveSupport::HashWithIndifferentAccess\nanschaffungskategorie: AV-Technik\nreference: invoice\numzug: zgeln\nankunftszustand: intakt\n','2015-01-04 18:14:03','2015-01-04 18:14:03'),(291,'ondfirtlmrl376t4rqew397','bb:d3:41:0f:97:4e-7b:f0:a6:f1:a9:7d-2d:f2:17:65:67:a9',311,196,278,10,NULL,NULL,'2010-05-27','2015-01-04',NULL,NULL,'1118.00',0,0,1,0,1,1,NULL,NULL,NULL,NULL,NULL,'--- !ruby/hash:ActiveSupport::HashWithIndifferentAccess\nanschaffungskategorie: AV-Technik\nreference: invoice\numzug: zgeln\nankunftszustand: intakt\n','2015-01-04 18:14:03','2015-01-04 18:14:03'),(292,'t3nb8jda5rynwgdi7o59398','63:c4:cf:35:e4:6a-22:e0:9a:35:b3:fc-51:fd:4c:87:9a:98',315,NULL,279,1,NULL,NULL,'2013-02-16','2015-01-04',NULL,NULL,'239.00',0,0,1,0,1,1,NULL,NULL,NULL,NULL,NULL,'--- !ruby/hash:ActiveSupport::HashWithIndifferentAccess\nanschaffungskategorie: AV-Technik\nreference: invoice\numzug: zgeln\nankunftszustand: intakt\n','2015-01-04 18:14:03','2015-01-04 18:14:03'),(293,'mdifnxxzcsa2qheruqqb399','e9:a1:46:95:0c:d5-ad:c6:c2:7e:3d:74-8e:52:f0:bf:ca:b4',316,197,280,1,NULL,NULL,'2011-10-08','2015-01-04',NULL,NULL,'713.00',0,0,1,0,1,1,NULL,NULL,NULL,NULL,NULL,'--- !ruby/hash:ActiveSupport::HashWithIndifferentAccess\nanschaffungskategorie: AV-Technik\nreference: invoice\numzug: zgeln\nankunftszustand: intakt\n','2015-01-04 18:14:03','2015-01-04 18:14:03'),(294,'l49a7ktnfor1kp4sl8zq400','ef:7f:88:50:dc:d1-f8:86:78:b7:67:5d-49:7a:24:d2:a0:99',317,NULL,NULL,1,NULL,NULL,NULL,NULL,NULL,NULL,NULL,0,0,0,0,2,0,NULL,NULL,NULL,NULL,NULL,'--- !ruby/hash:ActiveSupport::HashWithIndifferentAccess\noperating_system:\n- windows\nlicense_type: multiple_workplace\ntotal_quantity: 17\nreference: invoice\nactivation_type: none\nmaintenance_contract: \'false\'\n','2015-01-04 18:14:03','2015-01-04 18:14:03'),(295,'w3x4dd7g0vqjfxg2pzqx401','c8:23:95:14:56:91-ef:5c:f7:f8:6c:31-6f:9b:af:98:19:ca',318,198,281,8,NULL,NULL,'2014-05-23','2015-01-04',NULL,NULL,'1051.00',0,0,1,0,1,1,NULL,NULL,NULL,NULL,NULL,'--- !ruby/hash:ActiveSupport::HashWithIndifferentAccess\nanschaffungskategorie: AV-Technik\nreference: invoice\numzug: zgeln\nankunftszustand: intakt\n','2015-01-04 18:14:03','2015-01-04 18:14:03'),(296,'abximua0i0k9ul9d811s402','12:df:2d:6d:e6:18-a7:15:da:4c:ce:07-8e:b1:d5:16:35:c6',318,199,282,12,NULL,NULL,'2013-11-12','2015-01-04',NULL,NULL,'1469.00',0,0,1,0,1,1,NULL,NULL,NULL,NULL,NULL,'--- !ruby/hash:ActiveSupport::HashWithIndifferentAccess\nanschaffungskategorie: AV-Technik\nreference: invoice\numzug: zgeln\nankunftszustand: intakt\n','2015-01-04 18:14:03','2015-01-04 18:14:03'),(297,'tgt61nobbeqeas3a2tsv403','7b:a5:b9:65:ab:b5-1b:6c:97:d3:a9:fa-83:3e:fa:b4:96:9c',318,200,283,11,NULL,NULL,'2012-10-07','2015-01-04',NULL,NULL,'1393.00',0,0,1,0,1,1,NULL,NULL,NULL,NULL,NULL,'--- !ruby/hash:ActiveSupport::HashWithIndifferentAccess\nanschaffungskategorie: AV-Technik\nreference: invoice\numzug: zgeln\nankunftszustand: intakt\n','2015-01-04 18:14:03','2015-01-04 18:14:03');
/*!40000 ALTER TABLE `items` ENABLE KEYS */;
UNLOCK TABLES;

--
-- Table structure for table `languages`
--

DROP TABLE IF EXISTS `languages`;
/*!40101 SET @saved_cs_client     = @@character_set_client */;
/*!40101 SET character_set_client = utf8 */;
CREATE TABLE `languages` (
  `id` int(11) NOT NULL AUTO_INCREMENT,
  `name` varchar(255) COLLATE utf8_unicode_ci DEFAULT NULL,
  `locale_name` varchar(255) COLLATE utf8_unicode_ci DEFAULT NULL,
  `default` tinyint(1) DEFAULT NULL,
  `active` tinyint(1) DEFAULT NULL,
  PRIMARY KEY (`id`),
  UNIQUE KEY `index_languages_on_name` (`name`),
  KEY `index_languages_on_active_and_default` (`active`,`default`)
) ENGINE=InnoDB AUTO_INCREMENT=5 DEFAULT CHARSET=utf8 COLLATE=utf8_unicode_ci;
/*!40101 SET character_set_client = @saved_cs_client */;

--
-- Dumping data for table `languages`
--

LOCK TABLES `languages` WRITE;
/*!40000 ALTER TABLE `languages` DISABLE KEYS */;
INSERT INTO `languages` VALUES (1,'English','en-GB',1,1),(2,'Deutsch','de-CH',0,1),(3,'Castellano','es',0,1),(4,'Zrittsch','gsw-CH',0,1);
/*!40000 ALTER TABLE `languages` ENABLE KEYS */;
UNLOCK TABLES;

--
-- Table structure for table `locations`
--

DROP TABLE IF EXISTS `locations`;
/*!40101 SET @saved_cs_client     = @@character_set_client */;
/*!40101 SET character_set_client = utf8 */;
CREATE TABLE `locations` (
  `id` int(11) NOT NULL AUTO_INCREMENT,
  `room` varchar(255) COLLATE utf8_unicode_ci DEFAULT NULL,
  `shelf` varchar(255) COLLATE utf8_unicode_ci DEFAULT NULL,
  `building_id` int(11) DEFAULT NULL,
  PRIMARY KEY (`id`),
  KEY `index_locations_on_building_id` (`building_id`)
) ENGINE=InnoDB AUTO_INCREMENT=201 DEFAULT CHARSET=utf8 COLLATE=utf8_unicode_ci;
/*!40101 SET character_set_client = @saved_cs_client */;

--
-- Dumping data for table `locations`
--

LOCK TABLES `locations` WRITE;
/*!40000 ALTER TABLE `locations` DISABLE KEYS */;
INSERT INTO `locations` VALUES (1,'Nequemolestiae','delenitiillum',2),(2,'Magnamet','repudiandaesequi',3),(3,'Utblanditiis','eumvoluptas',4),(4,'Attotam','aenim',5),(5,'Undepraesentium','adipiscihic',6),(6,'Consequunturlaudantium','temporibusfacilis',7),(7,'Earummolestiae','impeditet',8),(8,'Exercitationemreiciendis','quidemsit',9),(9,'Idvoluptatem','eoslaudantium',10),(10,'Evenietearum','idrepellendus',11),(11,'Aliquidquia','atinventore',12),(12,'Excepturiid','autemrerum',13),(13,'Eamodi','pariaturassumenda',14),(14,'Debitispariatur','rationefacilis',15),(15,'Utquia','errorhic',16),(16,'Aliquamiusto','uteum',17),(17,'Possimussimilique','istedolorum',18),(18,'Eligendivoluptatem','asperioresenim',19),(19,'Accusamusest','rerumearum',20),(20,'Doloraliquid','eaet',21),(21,'Etaut','animinumquam',22),(22,'Facerea','possimusimpedit',23),(23,'Corporisin','laboriosamvoluptatum',24),(24,'Ipsamquod','nonpraesentium',25),(25,'Architectotemporibus','dolorfugiat',26),(26,'Cupiditatein','necessitatibuscupiditate',27),(27,'Nobisiusto','laboreid',28),(28,'Temporibusnemo','sitdolor',29),(29,'Etatque','voluptasrecusandae',30),(30,'Quinatus','solutaodio',31),(31,'Errorvoluptatem','autemporro',32),(32,'Possimusmaxime','ducimusconsequatur',33),(33,'Utquos','magnamnon',34),(34,'Consequaturmagni','maioresquibusdam',35),(35,'Sinttenetur','sintsunt',36),(36,'Autsed','debitisitaque',37),(37,'Sitvoluptas','inciduntconsequatur',38),(38,'Pariaturtenetur','illoculpa',39),(39,'Accusantiumpariatur','maioresenim',40),(40,'SQ2','Desk',41),(41,'UG 13','Ausgabe',42),(42,'Eligendivoluptas','doloremvero',43),(43,'Autpossimus','eumpraesentium',44),(44,'Atoccaecati','accusantiumcupiditate',45),(45,'Enimaut','voluptasnon',46),(46,'Doloresitaque','sintdolorem',47),(47,'Debitisomnis','quiadoloribus',48),(48,'Animiest','facereipsam',49),(49,'Aliquiddignissimos','remfugit',50),(50,'Enimat','laudantiumveritatis',51),(51,'Evenietmagnam','aspernaturrepellat',52),(52,'Enimet','voluptateserror',53),(53,'Culpadeserunt','distinctioeius',54),(54,'Utlaudantium','teneturvoluptas',55),(55,'Mollitiaqui','etnon',56),(56,'Asint','rerumvoluptas',57),(57,'Quivitae','eosmagnam',58),(58,'Nulladeleniti','voluptatemdignissimos',59),(59,'Perferendiset','omnisplaceat',60),(60,'Nonquis','verotempore',61),(61,'Quiratione','nisisunt',62),(62,'Odiofacilis','inventoremolestiae',63),(63,'Ipsavelit','etex',64),(64,'Corporismodi','architectovelit',65),(65,'Porrosint','quosoluta',66),(66,'Modiet','eligendiodio',67),(67,'Quiexplicabo','uteaque',68),(68,'Quaeab','fugacupiditate',69),(69,'Noncumque','aperiamillum',70),(70,'Inquo','autet',71),(71,'Recusandaedolorum','nihilest',72),(72,'Etodit','quovero',73),(73,'Eacupiditate','ipsumvoluptas',74),(74,'Nostrumvoluptas','dolorumrerum',75),(75,'Sedsit','quisut',76),(76,'Assumendamollitia','occaecatiut',77),(77,'Quinumquam','velaut',78),(78,'Namnatus','impeditet',79),(79,'Estqui','possimusipsum',80),(80,'Iureconsequatur','sitest',81),(81,'Quasiaperiam','dignissimosodio',82),(82,'Sunteum','etaliquam',83),(83,'Rerumlabore','inciduntveritatis',84),(84,'Laborelibero','liberoipsam',85),(85,'Inab','quaequod',86),(86,'Ametiste','nonalias',87),(87,'Nihilreiciendis','repellenduset',88),(88,'Voluptatequis','officiisqui',89),(89,'Fugiatbeatae','minimavoluptatibus',90),(90,'Inciduntet','voluptatumdeleniti',91),(91,'Nemoenim','velsint',92),(92,'Utconsequatur','sittemporibus',93),(93,'Ametnemo','dignissimostotam',94),(94,'Officiisautem','corruptiad',95),(95,'Quosassumenda','laboriosamincidunt',96),(96,'Enimerror','abdicta',97),(97,'Aliquamquaerat','quisillo',98),(98,'Mollitianulla','estexcepturi',99),(99,'Doloresrepudiandae','maioresenim',100),(100,'Adipiscicumque','quiquia',101),(101,'Quidolores','verosoluta',102),(102,'Etrecusandae','totamdeserunt',103),(103,'Sintcumque','isteaut',104),(104,'Quiincidunt','estqui',105),(105,'Voluptatemet','etnon',106),(106,'Ullamadipisci','necessitatibustempore',107),(107,'Utvel','utrem',108),(108,'Dignissimosquam','quovoluptatibus',109),(109,'Sedeos','doloremea',110),(110,'Aliasdolores','officiisut',111),(111,'Expeditarerum','necessitatibusiusto',112),(112,'Errorab','blanditiisneque',113),(113,'Utet','quasnisi',114),(114,'Molestiaecupiditate','veroest',115),(115,'Inrepellat','magniut',116),(116,'Etoccaecati','nonest',117),(117,'Quiaatque','aperiamfuga',118),(118,'Estdeserunt','molestiaetenetur',119),(119,'Namquidem','animiporro',120),(120,'Aspernaturperspiciatis','eosharum',121),(121,'Quidebitis','sintvoluptatem',122),(122,'Laborumest','praesentiumut',123),(123,'Errorharum','ipsamesse',125),(124,'Quianumquam','nisideleniti',126),(125,'Perferendisrerum','quosdolorum',127),(126,'Voluptascumque','utassumenda',128),(127,'Dolorqui','anecessitatibus',129),(128,'Autemet','eosminima',130),(129,'Doloresexpedita','doloribusaut',131),(130,'Distinctioquas','quiaunde',132),(131,'Etmolestias','blanditiisenim',133),(132,'Utasperiores','isteiure',134),(133,'Aspernaturdeserunt','doloremquererum',135),(134,'Quaeratreprehenderit','doloremquidem',136),(135,'Ateos','praesentiumquo',137),(136,'Reruma','exercitationemeum',138),(137,'Aspernaturminus','omnisaperiam',139),(138,'Assumendalibero','rerumnon',140),(139,'Aspernaturid','quiest',141),(140,'Aspernaturipsum','quiamolestiae',142),(141,'Noncum','quiaet',143),(142,'Consequaturfacere','errorin',144),(143,'Quisquamoccaecati','autexcepturi',145),(144,'Aliquamnulla','consequunturipsum',146),(145,'Molestiaedolorum','distinctiodolores',147),(146,'Etrerum','vitaeveniam',148),(147,'Estmagnam','quoditaque',149),(148,'Repellatlaborum','rationeest',150),(149,'Modiquo','facilissit',151),(150,'Explicabominus','utsuscipit',152),(151,'Ipsanihil','doloresquasi',153),(152,'Repudiandaesed','voluptaset',154),(153,'Laboriosamfuga','estquod',155),(154,'Etpossimus','sintsapiente',156),(155,'Quisrepellat','delectuslaboriosam',157),(156,'Nonconsequatur','maioresvoluptas',158),(157,'Voluptatibusrecusandae','innon',159),(158,'Impeditrepellat','doloremreprehenderit',160),(159,'Minuset','voluptatemveritatis',161),(160,'Voluptatibuset','culpaneque',162),(161,'Quasiconsequatur','accusamusaspernatur',163),(162,'Distinctioat','consequunturerror',164),(163,'Ducimusreprehenderit','temporealiquam',165),(164,'Eumvel','recusandaeveritatis',166),(165,'Illumquasi','assumendaveritatis',167),(166,'Sitet','etveritatis',168),(167,'Laborumquibusdam','enimaut',169),(168,'Eosdolor','molestiaeminus',170),(169,'Reiciendisautem','sedaut',171),(170,'Quiexplicabo','minimadeserunt',172),(171,'Doloresearum','adipiscivoluptatibus',173),(172,'Veritatisqui','voluptatempraesentium',174),(173,'Rerumvero','doloribusreiciendis',175),(174,'Abvero','dolorumfacilis',176),(175,'Insint','etrepellat',177),(176,'Nostrumrem','estdoloribus',178),(177,'Utvitae','eumut',179),(178,'Etsed','sintin',180),(179,'Autemqui','officiadeserunt',181),(180,'Iurenemo','estexplicabo',182),(181,'Aliquammollitia','quidemnemo',183),(182,'Quiin','quaeratdolorem',184),(183,'Quisin','officiiseum',185),(184,'Aliaset','fugitest',186),(185,'Nisiadipisci','autin',187),(186,'Dignissimostemporibus','quosdicta',188),(187,'Saepeperferendis','placeatquos',189),(188,'Consequaturest','dolorehic',190),(189,'Quamdolor','velitneque',191),(190,'Harumlaboriosam','quibusdamtenetur',192),(191,'Estnon','voluptatemexercitationem',193),(192,'Sitsed','quiaadipisci',194),(193,'Estnatus','quibusdammollitia',195),(194,'Etcorrupti','voluptatedicta',196),(195,'Sitsapiente','perferendispariatur',197),(196,'Sequivoluptatem','recusandaequos',198),(197,'Repellatquidem','estnihil',199),(198,'Aperiamvoluptatem','odioin',200),(199,'Aliastempore','quisquamaliquam',201),(200,'Estvoluptas','ametut',202);
/*!40000 ALTER TABLE `locations` ENABLE KEYS */;
UNLOCK TABLES;

--
-- Table structure for table `model_group_links`
--

DROP TABLE IF EXISTS `model_group_links`;
/*!40101 SET @saved_cs_client     = @@character_set_client */;
/*!40101 SET character_set_client = utf8 */;
CREATE TABLE `model_group_links` (
  `id` int(11) NOT NULL AUTO_INCREMENT,
  `ancestor_id` int(11) DEFAULT NULL,
  `descendant_id` int(11) DEFAULT NULL,
  `direct` tinyint(1) DEFAULT NULL,
  `count` int(11) DEFAULT NULL,
  `label` varchar(255) COLLATE utf8_unicode_ci DEFAULT NULL,
  PRIMARY KEY (`id`),
  KEY `index_model_group_links_on_ancestor_id` (`ancestor_id`),
  KEY `index_model_group_links_on_direct` (`direct`),
  KEY `index_on_descendant_id_and_ancestor_id_and_direct` (`descendant_id`,`ancestor_id`,`direct`)
) ENGINE=InnoDB AUTO_INCREMENT=9 DEFAULT CHARSET=utf8 COLLATE=utf8_unicode_ci;
/*!40101 SET character_set_client = @saved_cs_client */;

--
-- Dumping data for table `model_group_links`
--

LOCK TABLES `model_group_links` WRITE;
/*!40000 ALTER TABLE `model_group_links` DISABLE KEYS */;
INSERT INTO `model_group_links` VALUES (1,2,10,1,1,NULL),(2,2,8,1,1,NULL),(3,5,10,1,1,NULL),(4,5,9,1,1,NULL),(5,1,9,1,1,NULL),(6,1,11,0,1,NULL),(7,5,11,0,1,NULL),(8,9,11,1,1,NULL);
/*!40000 ALTER TABLE `model_group_links` ENABLE KEYS */;
UNLOCK TABLES;

--
-- Table structure for table `model_groups`
--

DROP TABLE IF EXISTS `model_groups`;
/*!40101 SET @saved_cs_client     = @@character_set_client */;
/*!40101 SET character_set_client = utf8 */;
CREATE TABLE `model_groups` (
  `id` int(11) NOT NULL AUTO_INCREMENT,
  `type` varchar(255) COLLATE utf8_unicode_ci DEFAULT NULL,
  `name` varchar(255) COLLATE utf8_unicode_ci DEFAULT NULL,
  `created_at` datetime DEFAULT NULL,
  `updated_at` datetime DEFAULT NULL,
  PRIMARY KEY (`id`),
  KEY `index_model_groups_on_type` (`type`)
) ENGINE=InnoDB AUTO_INCREMENT=15 DEFAULT CHARSET=utf8 COLLATE=utf8_unicode_ci;
/*!40101 SET character_set_client = @saved_cs_client */;

--
-- Dumping data for table `model_groups`
--

LOCK TABLES `model_groups` WRITE;
/*!40000 ALTER TABLE `model_groups` DISABLE KEYS */;
INSERT INTO `model_groups` VALUES (1,'Category','Beamer','2015-01-04 18:14:03','2015-01-04 18:14:03'),(2,'Category','Kameras','2015-01-04 18:14:03','2015-01-04 18:14:03'),(3,'Category','Stative','2015-01-04 18:14:03','2015-01-04 18:14:03'),(4,'Category','Hifi-Anlagen','2015-01-04 18:14:03','2015-01-04 18:14:03'),(5,'Category','Notebooks','2015-01-04 18:14:03','2015-01-04 18:14:03'),(6,'Category','RC Helikopter','2015-01-04 18:14:03','2015-01-04 18:14:03'),(7,'Category','Computer','2015-01-04 18:14:03','2015-01-04 18:14:03'),(8,'Category','Kurzdistanz','2015-01-04 18:14:03','2015-01-04 18:14:03'),(9,'Category','Portabel','2015-01-04 18:14:03','2015-01-04 18:14:03'),(10,'Category','Standard','2015-01-04 18:14:03','2015-01-04 18:14:03'),(11,'Category','Micro','2015-01-04 18:14:03','2015-01-04 18:14:03'),(12,'Template','Kamera & Stativ','2015-01-04 18:14:03','2015-01-04 18:14:03'),(13,'Template','Beamer & Hifi','2015-01-04 18:14:03','2015-01-04 18:14:03'),(14,'Template','Unaccomplishable template','2015-01-04 18:14:03','2015-01-04 18:14:03');
/*!40000 ALTER TABLE `model_groups` ENABLE KEYS */;
UNLOCK TABLES;

--
-- Table structure for table `model_links`
--

DROP TABLE IF EXISTS `model_links`;
/*!40101 SET @saved_cs_client     = @@character_set_client */;
/*!40101 SET character_set_client = utf8 */;
CREATE TABLE `model_links` (
  `id` int(11) NOT NULL AUTO_INCREMENT,
  `model_group_id` int(11) DEFAULT NULL,
  `model_id` int(11) DEFAULT NULL,
  `quantity` int(11) DEFAULT '1',
  PRIMARY KEY (`id`),
  KEY `index_model_links_on_model_id_and_model_group_id` (`model_id`,`model_group_id`),
  KEY `index_model_links_on_model_group_id_and_model_id` (`model_group_id`,`model_id`)
) ENGINE=InnoDB AUTO_INCREMENT=73 DEFAULT CHARSET=utf8 COLLATE=utf8_unicode_ci;
/*!40101 SET character_set_client = @saved_cs_client */;

--
-- Dumping data for table `model_links`
--

LOCK TABLES `model_links` WRITE;
/*!40000 ALTER TABLE `model_links` DISABLE KEYS */;
INSERT INTO `model_links` VALUES (1,1,54,1),(2,9,54,1),(3,1,55,1),(4,1,56,1),(5,1,58,1),(6,9,58,1),(7,11,59,1),(8,1,60,1),(9,1,61,1),(10,1,62,1),(11,1,63,1),(12,1,64,1),(13,1,65,1),(14,1,66,1),(15,1,67,1),(16,1,68,1),(17,1,69,1),(18,1,70,1),(19,1,71,1),(20,1,72,1),(21,1,73,1),(22,1,74,1),(23,1,75,1),(24,1,76,1),(25,1,77,1),(26,1,78,1),(27,1,79,1),(28,2,80,1),(29,2,81,1),(30,2,82,1),(31,2,83,1),(32,2,84,1),(33,2,85,1),(34,2,86,1),(35,2,87,1),(36,2,88,1),(37,2,89,1),(38,2,90,1),(39,2,91,1),(40,2,92,1),(41,2,93,1),(42,2,94,1),(43,2,95,1),(44,2,96,1),(45,2,97,1),(46,2,98,1),(47,2,99,1),(48,2,100,1),(49,2,101,1),(50,2,102,1),(51,2,103,1),(52,2,104,1),(53,2,105,1),(54,2,106,1),(55,2,107,1),(56,2,108,1),(57,2,109,1),(58,2,110,1),(59,4,111,1),(60,3,112,1),(61,12,80,1),(62,12,112,1),(63,13,54,1),(64,13,111,1),(65,14,80,999),(66,14,112,999),(67,2,145,1),(68,7,146,1),(69,5,147,1),(70,6,148,1),(71,6,149,1),(72,6,150,1);
/*!40000 ALTER TABLE `model_links` ENABLE KEYS */;
UNLOCK TABLES;

--
-- Table structure for table `models`
--

DROP TABLE IF EXISTS `models`;
/*!40101 SET @saved_cs_client     = @@character_set_client */;
/*!40101 SET character_set_client = utf8 */;
CREATE TABLE `models` (
  `id` int(11) NOT NULL AUTO_INCREMENT,
  `type` varchar(255) COLLATE utf8_unicode_ci NOT NULL DEFAULT 'Model',
  `manufacturer` varchar(255) COLLATE utf8_unicode_ci DEFAULT NULL,
  `product` varchar(255) COLLATE utf8_unicode_ci NOT NULL,
  `version` varchar(255) COLLATE utf8_unicode_ci DEFAULT NULL,
  `description` text COLLATE utf8_unicode_ci,
  `internal_description` text COLLATE utf8_unicode_ci,
  `info_url` varchar(255) COLLATE utf8_unicode_ci DEFAULT NULL,
  `rental_price` decimal(8,2) DEFAULT NULL,
  `maintenance_period` int(11) DEFAULT '0',
  `is_package` tinyint(1) DEFAULT '0',
  `technical_detail` text COLLATE utf8_unicode_ci,
  `hand_over_note` text COLLATE utf8_unicode_ci,
  `created_at` datetime DEFAULT NULL,
  `updated_at` datetime DEFAULT NULL,
  PRIMARY KEY (`id`),
  KEY `index_models_on_is_package` (`is_package`),
  KEY `index_models_on_type` (`type`)
) ENGINE=InnoDB AUTO_INCREMENT=322 DEFAULT CHARSET=utf8 COLLATE=utf8_unicode_ci;
/*!40101 SET character_set_client = @saved_cs_client */;

--
-- Dumping data for table `models`
--

LOCK TABLES `models` WRITE;
/*!40000 ALTER TABLE `models` DISABLE KEYS */;
INSERT INTO `models` VALUES (1,'Model','Hauck and Sons','Ergonomic Granite Car','291','Culpa et sequi officia accusantium dicta.','Repellat dolorem dolore minima debitis.',NULL,NULL,0,0,'Error pariatur sapiente accusantium ab.','Numquam quis qui veritatis quis sit dignissimos.','2015-01-04 18:14:03','2015-01-04 18:14:03'),(2,'Model','Hoeger, Dibbert and Morar','Gorgeous Granite Pants','292','Ea rem et voluptatibus tenetur aliquid.','Atque ut rerum voluptas corrupti odit ut vel soluta.',NULL,NULL,1,0,'Eos quisquam placeat deserunt rem recusandae.','Dolorem voluptas in qui.','2015-01-04 18:14:03','2015-01-04 18:14:03'),(3,'Model','Leffler, Kuhic and Lowe','Sleek Rubber Pants','293','Ducimus veniam consequuntur quaerat culpa reprehenderit.','Minus modi dicta rerum amet.',NULL,NULL,1,0,'Recusandae beatae eum qui.','Veniam voluptas sint provident dicta repellat eos.','2015-01-04 18:14:03','2015-01-04 18:14:03'),(4,'Model','Kessler Group','Incredible Wooden Shirt','294','Consectetur velit quia ut commodi ullam.','Quis id officiis aperiam.',NULL,NULL,1,0,'Reiciendis hic recusandae mollitia magnam velit sit sapiente.','Sed et et animi necessitatibus est vitae expedita.','2015-01-04 18:14:03','2015-01-04 18:14:03'),(5,'Model','Price, Abbott and Miller','Awesome Steel Hat','295','Cupiditate aut nulla quia laboriosam recusandae dolores alias.','Quam voluptatibus consequatur delectus cum asperiores.',NULL,NULL,3,0,'Fugiat maxime et quia sint perferendis.','Dicta earum doloribus omnis et.','2015-01-04 18:14:03','2015-01-04 18:14:03'),(6,'Model','Wiegand-Will','Awesome Wooden Chair','296','Fugiat est pariatur ea.','Praesentium qui sed similique.',NULL,NULL,0,0,'Fugiat ipsam non eligendi pariatur accusantium.','Ea quis autem id illum labore voluptas odio.','2015-01-04 18:14:03','2015-01-04 18:14:03'),(7,'Model','Corwin LLC','Gorgeous Rubber Table','297','Dolor ut commodi dolorum non quos magni.','Quis ullam quia quam optio repellat mollitia.',NULL,NULL,1,0,'Dolores necessitatibus perspiciatis inventore ab ipsa.','Deleniti ut quis et iste nulla sequi dolores.','2015-01-04 18:14:03','2015-01-04 18:14:03'),(8,'Model','Strosin, Glover and Dare','Fantastic Granite Shoes','298','Molestiae aliquam accusantium repellat sed.','Et a impedit quod dicta nobis eius.',NULL,NULL,1,0,'Sed sed maxime et dicta nemo facere qui libero.','Sapiente necessitatibus facere aut veritatis.','2015-01-04 18:14:03','2015-01-04 18:14:03'),(9,'Model','Mante Inc','Sleek Concrete Chair','299','Similique sint qui dolor corporis nemo.','Suscipit non ea provident pariatur et cum deserunt ducimus.',NULL,NULL,3,0,'Esse porro quis reiciendis aperiam saepe cupiditate repellat voluptatem.','Sed corrupti deserunt nostrum enim officia.','2015-01-04 18:14:03','2015-01-04 18:14:03'),(10,'Model','McKenzie Inc','Awesome Steel Shirt','300','Quas est hic quisquam aut fugit nulla.','Voluptatem atque sit eum et delectus culpa.',NULL,NULL,0,0,'Provident et exercitationem vitae nemo et ducimus suscipit quia.','Rem neque vel temporibus doloremque et dolore sequi amet.','2015-01-04 18:14:03','2015-01-04 18:14:03'),(11,'Model','Padberg, Jenkins and Cassin','Incredible Rubber Hat','301','Sint repellat corporis rerum blanditiis molestiae.','Et numquam voluptatum asperiores.',NULL,NULL,3,0,'Et quis quisquam dolor eos ratione velit officia ut.','Quas sit molestiae qui quia quo sit eaque nesciunt.','2015-01-04 18:14:03','2015-01-04 18:14:03'),(12,'Model','Windler, Deckow and Ritchie','Rustic Cotton Computer','302','Est facere nisi necessitatibus ut.','Sed adipisci voluptas rem dolore eligendi laborum.',NULL,NULL,3,0,'Commodi laudantium sit dolorem esse fugit harum aut.','Vel tenetur maiores similique dolore amet dicta vero rem.','2015-01-04 18:14:03','2015-01-04 18:14:03'),(13,'Model','Terry and Sons','Awesome Wooden Shirt','303','Et aut est rerum officiis dolor.','Est quasi officia quia et dicta ducimus voluptatum.',NULL,NULL,2,0,'Autem consequatur voluptatem qui veritatis quia.','Sit voluptate voluptatem excepturi quo fugit et nisi dolorem.','2015-01-04 18:14:03','2015-01-04 18:14:03'),(14,'Model','Walter, Kub and Rodriguez','Sleek Cotton Car','304','Recusandae tempore sed quasi.','Eius saepe qui rerum est expedita deleniti.',NULL,NULL,1,0,'Voluptatem sed tenetur laboriosam fugit quas consequatur qui.','At delectus consequatur rem.','2015-01-04 18:14:03','2015-01-04 18:14:03'),(15,'Model','Doyle-Hahn','Ergonomic Wooden Car','305','Et quaerat et expedita quia.','Unde quidem ullam eveniet ut optio autem fugiat.',NULL,NULL,2,0,'Rerum assumenda ad possimus aut ut expedita.','Praesentium deleniti a reprehenderit.','2015-01-04 18:14:03','2015-01-04 18:14:03'),(16,'Model','Armstrong-Huels','Intelligent Cotton Gloves','306','Unde occaecati porro vel non accusantium.','Eligendi dicta inventore nihil rem quos laborum porro tenetur.',NULL,NULL,1,0,'Libero placeat deleniti dolores quas enim.','Adipisci sint officia iure doloribus vero.','2015-01-04 18:14:03','2015-01-04 18:14:03'),(17,'Model','Legros Inc','Gorgeous Plastic Chair','307','Est doloremque soluta consequuntur maxime sit voluptas cumque quidem.','Sit eveniet ad maxime voluptatum odio adipisci assumenda voluptates.',NULL,NULL,3,0,'Consequatur possimus repellat aut ut totam animi voluptatem.','Quia sit velit aut nesciunt est.','2015-01-04 18:14:03','2015-01-04 18:14:03'),(18,'Model','Hettinger-Carter','Rustic Steel Chair','308','Ea cumque quibusdam et rerum voluptas rerum culpa deserunt.','Repudiandae harum ut veniam architecto quibusdam.',NULL,NULL,2,0,'Ut nemo accusamus corrupti voluptatibus.','Est consequuntur ducimus repellendus dolor rerum cupiditate sit.','2015-01-04 18:14:03','2015-01-04 18:14:03'),(19,'Model','Heller-Hartmann','Ergonomic Plastic Computer','309','Beatae quia quis et.','Numquam quia eius quis cum eum eveniet expedita occaecati.',NULL,NULL,0,0,'Qui est nostrum aut debitis sed quam.','Tempora quia neque ut autem.','2015-01-04 18:14:03','2015-01-04 18:14:03'),(20,'Model','Gorczany LLC','Fantastic Concrete Chair','310','Officiis sunt blanditiis ullam cumque a.','Illo voluptatum doloremque pariatur.',NULL,NULL,3,0,'Rerum vero voluptas et dolore nisi.','Vel nulla velit esse non ea.','2015-01-04 18:14:03','2015-01-04 18:14:03'),(21,'Model','Muller LLC','Awesome Granite Gloves','311','Est molestias aut libero assumenda ducimus vel.','Rerum neque earum rem fuga ipsa quia.',NULL,NULL,3,0,'Quae praesentium placeat voluptate minima inventore et consequatur.','Aut voluptate culpa est minus quas.','2015-01-04 18:14:03','2015-01-04 18:14:03'),(22,'Model','Reynolds LLC','Sleek Steel Shirt','312','Repudiandae impedit magnam sed exercitationem.','Corporis et sit tempore aut eum provident quia numquam.',NULL,NULL,0,0,'Molestiae non quaerat id.','Quasi voluptatem officia qui exercitationem quas assumenda mollitia.','2015-01-04 18:14:03','2015-01-04 18:14:03'),(23,'Model','O\'Conner LLC','Awesome Plastic Gloves','313','Maiores commodi itaque dignissimos consequuntur.','Ipsa consequuntur eos illo ut.',NULL,NULL,3,0,'Quia a doloribus alias delectus praesentium.','Similique et molestiae mollitia reiciendis impedit iure occaecati aliquam.','2015-01-04 18:14:03','2015-01-04 18:14:03'),(24,'Model','Crooks-Mosciski','Gorgeous Steel Shoes','314','Ad consequatur fuga doloribus reprehenderit qui neque in tempore.','Omnis ipsum necessitatibus libero.',NULL,NULL,2,0,'Aliquam error et eos delectus.','Et magni quia dolorum ex veritatis nisi tempora quos.','2015-01-04 18:14:03','2015-01-04 18:14:03'),(25,'Model','Padberg LLC','Rustic Wooden Gloves','315','Quibusdam facere rerum placeat amet ab.','Ab libero deserunt non labore rerum maxime.',NULL,NULL,2,0,'Atque qui aut ut sed accusantium debitis quia.','Et ab ipsum est non autem.','2015-01-04 18:14:03','2015-01-04 18:14:03'),(26,'Model','Kuhlman-Johnson','Gorgeous Granite Computer','316','Ad facere et aut non et qui.','Nihil maiores illum dolore repellat natus debitis et quia.',NULL,NULL,0,0,'Eligendi sint repudiandae alias.','In molestias reprehenderit error dolores iusto aut.','2015-01-04 18:14:03','2015-01-04 18:14:03'),(27,'Model','Bayer, Conroy and Borer','Fantastic Steel Chair','317','Atque ducimus libero aut dolor minima.','Est atque dolores molestiae.',NULL,NULL,1,0,'Quisquam laboriosam neque voluptatem consectetur.','In cum qui qui labore.','2015-01-04 18:14:03','2015-01-04 18:14:03'),(28,'Model','Heller, Ferry and Luettgen','Incredible Concrete Hat','318','Dolore velit voluptates eum esse neque nam et.','Tempore nulla nemo libero animi.',NULL,NULL,1,0,'Sint saepe quas labore.','Fugiat ratione libero dolores laboriosam recusandae.','2015-01-04 18:14:03','2015-01-04 18:14:03'),(29,'Model','Conroy-Vandervort','Rustic Steel Pants','319','Quis sapiente et reprehenderit facilis.','Exercitationem molestiae sed fuga doloribus numquam qui voluptates.',NULL,NULL,2,0,'Corrupti nihil molestiae ipsam rerum qui dolorem delectus praesentium.','Impedit recusandae doloribus maiores earum quidem est eos.','2015-01-04 18:14:03','2015-01-04 18:14:03'),(30,'Model','Marvin, Ziemann and Kuhlman','Rustic Rubber Car','320','Accusamus nam ut quia repellendus.','Nihil numquam ratione rerum maiores vel.',NULL,NULL,0,0,'Aut mollitia repellendus rerum ex.','Fugit autem minima animi harum aut libero ullam ex.','2015-01-04 18:14:03','2015-01-04 18:14:03'),(31,'Model','Jakubowski Group','Gorgeous Concrete Chair','321','Sed possimus nulla harum dolor facilis repellat non.','Eveniet ratione asperiores corporis perferendis.',NULL,NULL,2,0,'Qui id labore nihil explicabo voluptatem molestiae cupiditate quia.','Ullam ut temporibus ab ipsum et.','2015-01-04 18:14:03','2015-01-04 18:14:03'),(32,'Model','Gleichner Inc','Ergonomic Plastic Chair','322','Neque et quis incidunt eveniet.','Dicta id voluptatem et ut ab quas maiores.',NULL,NULL,1,0,'In dolor ea dolores.','Quia et et ducimus voluptatum corporis delectus in.','2015-01-04 18:14:03','2015-01-04 18:14:03'),(33,'Model','Bogan, Harvey and Cole','Ergonomic Plastic Car','323','Voluptas incidunt sed aperiam nulla quo ipsum id.','Tenetur dolores eum itaque quasi eum nisi velit molestiae.',NULL,NULL,2,0,'Delectus laboriosam numquam beatae sunt et.','Deleniti excepturi asperiores consequuntur quos aut vero ut tempora.','2015-01-04 18:14:03','2015-01-04 18:14:03'),(34,'Model','Bergstrom Inc','Gorgeous Wooden Table','324','Recusandae omnis et quis voluptate.','Nisi corrupti qui iste est maxime omnis voluptatem.',NULL,NULL,3,0,'Eum saepe temporibus debitis voluptatem beatae.','Adipisci dolores deleniti officia voluptatem autem.','2015-01-04 18:14:03','2015-01-04 18:14:03'),(35,'Model','Ortiz, Donnelly and Pfannerstill','Practical Granite Computer','325','Excepturi ut dolorem et eveniet explicabo tempora et.','Quia officia sit et similique aut quod.',NULL,NULL,0,0,'Quisquam ut earum optio inventore autem voluptatem magni.','Harum rem et qui facilis cumque velit.','2015-01-04 18:14:03','2015-01-04 18:14:03'),(36,'Model','Brekke-Treutel','Fantastic Plastic Hat','326','Ut eos maxime aperiam autem doloremque.','Excepturi et non minus asperiores nostrum quaerat.',NULL,NULL,2,0,'Nihil consectetur debitis et alias odio rerum.','Ea omnis et voluptatem esse sit eos dolor.','2015-01-04 18:14:03','2015-01-04 18:14:03'),(37,'Model','Ledner, Lehner and Greenholt','Small Wooden Shoes','327','Corporis ducimus et iste quia.','Doloribus doloremque voluptatem et quisquam qui.',NULL,NULL,1,0,'Sed explicabo odit porro laborum repellendus dolore.','Harum officiis qui delectus totam tenetur.','2015-01-04 18:14:03','2015-01-04 18:14:03'),(38,'Model','Towne, Wiegand and Stracke','Gorgeous Granite Shirt','328','Omnis et praesentium cumque asperiores rerum sed neque quia.','Natus earum pariatur sed mollitia.',NULL,NULL,1,0,'Fuga quo aut consequatur at placeat dolor voluptatibus.','Nostrum consequatur dolor rerum veritatis.','2015-01-04 18:14:03','2015-01-04 18:14:03'),(39,'Model','Metz, Effertz and Bode','Rustic Rubber Hat','329','Et quis molestiae officia reiciendis.','Neque et molestias eaque.',NULL,NULL,3,0,'Est ut velit a quo.','Sequi qui accusamus ratione modi voluptates perferendis quisquam.','2015-01-04 18:14:03','2015-01-04 18:14:03'),(40,'Model','Kuphal Group','Sleek Cotton Computer','330','Tenetur quis eos dicta aperiam facilis.','Corporis in rerum tenetur delectus consequatur.',NULL,NULL,3,0,'Qui explicabo nemo perspiciatis dolor ducimus.','Illum placeat corrupti esse nisi non.','2015-01-04 18:14:03','2015-01-04 18:14:03'),(41,'Model','Wisoky-Dare','Sleek Concrete Shoes','331','Ea in ea unde perspiciatis sit.','Mollitia ex qui vero porro.',NULL,NULL,1,0,'Occaecati quibusdam reprehenderit ipsa cum est odio.','Laborum repellendus dolores recusandae ut.','2015-01-04 18:14:03','2015-01-04 18:14:03'),(42,'Model','Goyette-Langworth','Small Wooden Table','332','Odit incidunt aut asperiores ipsam ut voluptatem fugiat cum.','Facere eos illo maxime minus ratione.',NULL,NULL,3,0,'Eos culpa unde ullam tenetur sed delectus est enim.','Rerum qui alias quis est aperiam.','2015-01-04 18:14:03','2015-01-04 18:14:03'),(43,'Model','Mayert, Mraz and Dooley','Rustic Rubber Shoes','333','Quis soluta quas dolorum ratione assumenda impedit et.','Dicta esse sed delectus ad nemo saepe qui.',NULL,NULL,3,0,'Quo placeat aut at qui sint enim hic velit.','Ipsam maxime quia asperiores amet quia ea eius.','2015-01-04 18:14:03','2015-01-04 18:14:03'),(44,'Model','Erdman and Sons','Fantastic Granite Hat','334','Dolorem ipsam eius illum.','Magnam et numquam velit quaerat est est modi non.',NULL,NULL,2,0,'Ipsam et qui mollitia nobis exercitationem odio.','Commodi corporis ea cumque voluptates.','2015-01-04 18:14:03','2015-01-04 18:14:03'),(45,'Model','White-Jacobson','Awesome Wooden Car','335','Necessitatibus nisi rerum sint porro iure.','Enim earum mollitia sint qui aliquam.',NULL,NULL,2,0,'Velit quo quae voluptas.','Deserunt et ad velit nostrum omnis.','2015-01-04 18:14:03','2015-01-04 18:14:03'),(46,'Model','Pouros Inc','Small Plastic Car','336','Qui et et animi dicta fugiat necessitatibus.','Eum fugiat ut ut voluptas dolorem.',NULL,NULL,2,0,'Saepe quae ea laudantium ea dignissimos modi velit et.','Accusantium ut velit aperiam laboriosam vero quidem unde architecto.','2015-01-04 18:14:03','2015-01-04 18:14:03'),(47,'Model','Marquardt-Veum','Intelligent Wooden Hat','337','Blanditiis ex aperiam placeat sed quia.','Aut est commodi distinctio magnam architecto omnis.',NULL,NULL,2,0,'Qui harum sint at dolor.','Qui nulla rerum ut voluptatem aliquam inventore quasi.','2015-01-04 18:14:03','2015-01-04 18:14:03'),(48,'Model','Friesen, Stamm and Padberg','Intelligent Granite Computer','338','Itaque deleniti reprehenderit aut consectetur.','Ut sit minus possimus error incidunt doloremque.',NULL,NULL,2,0,'Sit aut ut perspiciatis reiciendis.','Eligendi sint nam mollitia.','2015-01-04 18:14:03','2015-01-04 18:14:03'),(49,'Model','Swaniawski LLC','Rustic Wooden Shoes','339','Et quisquam placeat eveniet nihil fugit aspernatur.','Impedit aspernatur suscipit eligendi aliquid illo dignissimos.',NULL,NULL,3,0,'Ea sequi quos sed.','Laborum vero sequi distinctio qui et.','2015-01-04 18:14:03','2015-01-04 18:14:03'),(50,'Model','Sanford-Schoen','Intelligent Steel Table','340','Magni beatae et vero.','Omnis qui dolore eaque est nam voluptas facilis mollitia.',NULL,NULL,1,0,'Molestiae et quibusdam suscipit neque maxime pariatur.','Sunt odit libero explicabo modi quis quasi et.','2015-01-04 18:14:03','2015-01-04 18:14:03'),(51,'Model','Schoen-Pfeffer','Intelligent Concrete Shirt','341','Autem velit nostrum vel esse natus rem ratione repudiandae.','Ab commodi aut eius illo autem quas ducimus.',NULL,NULL,2,0,'Consectetur nobis repellat quos labore iure quis sit quibusdam.','At ullam aut consequatur fugiat quod perspiciatis.','2015-01-04 18:14:03','2015-01-04 18:14:03'),(52,'Model','Kunde-Grady','Gorgeous Plastic Pants','342','Suscipit repellat expedita vel et officiis.','Autem qui nam recusandae occaecati accusantium commodi veritatis in.',NULL,NULL,3,0,'Laudantium vel error quod sint velit est qui.','Quis asperiores qui eos soluta porro et.','2015-01-04 18:14:03','2015-01-04 18:14:03'),(53,'Model','Apple','MacBookPro','343','Laptop fr Studis und Angestellte.','Harum debitis vel cumque repudiandae eos et velit aperiam.',NULL,NULL,0,0,'Quis qui voluptas ab voluptatem officia in architecto voluptatem.','Mit Verpackung aushndigen.','2015-01-04 18:14:03','2015-01-04 18:14:03'),(54,'Model','Sharp','Sharp Beamer','123','Beamer, geeignet fr alle Verwendungszwecke.','Dolor eligendi nihil laboriosam.',NULL,NULL,0,0,'Vitae nulla voluptatibus id officia accusantium eum incidunt.','Beamer brauch ein VGA Kabel!','2015-01-04 18:14:03','2015-01-04 18:14:03'),(55,'Model','Sharp','Sharp Beamer 2D','344','Beamer, geeignet fr alle Verwendungszwecke.','Eligendi quaerat occaecati qui voluptatibus qui recusandae.',NULL,NULL,0,0,'Quia facere aspernatur dolor.','Voluptas velit qui vitae tempore nobis blanditiis maiores earum.','2015-01-04 18:14:03','2015-01-04 18:14:03'),(56,'Model','Panasonic','Mini Beamer','345','Beamer, geeignet fr alle Verwendungszwecke.','Corrupti consequatur ex possimus aut iure.',NULL,NULL,0,0,'Earum debitis ut dolores ea explicabo.','Ab doloribus aspernatur reprehenderit dolorem beatae magnam.','2015-01-04 18:14:03','2015-01-04 18:14:03'),(57,'Model','Sharp','Sharp Beamer','456','Beamer, geeignet fr alle Verwendungszwecke.','Nemo corporis tenetur quam expedita et repudiandae sit.',NULL,NULL,0,0,'Est qui numquam enim voluptatem quibusdam consequatur.','Beamer brauch ein VGA Kabel!','2015-01-04 18:14:03','2015-01-04 18:14:03'),(58,'Model','Sony','Ultra Compact Beamer','346','Besonders kleiner Beamer.','Et rem delectus omnis perspiciatis deserunt alias sunt fuga.',NULL,NULL,0,0,'Recusandae quisquam sed quod blanditiis.','Beamer brauch ein VGA Kabel!','2015-01-04 18:14:03','2015-01-04 18:14:03'),(59,'Model','Micro','Micro Beamer','347','Besonders mikro kleiner Beamer.','Quod rerum doloribus vitae dignissimos soluta quis.',NULL,NULL,0,0,'Fugit autem earum qui et consequatur ut cumque.','Beamer brauch ein VGA Kabel!','2015-01-04 18:14:03','2015-01-04 18:14:03'),(60,'Model','Sony','Beamer 1 quia','348','Aut rerum debitis id illum.','Corrupti minus in consequuntur.',NULL,NULL,0,0,'Sed nobis quo voluptatum.','Beamer brauch ein VGA Kabel!','2015-01-04 18:14:03','2015-01-04 18:14:03'),(61,'Model','Sony','Beamer 2 ea','349','Consequatur nulla dolore deleniti iusto ipsam id quae ut.','Libero odit molestias qui fugit.',NULL,NULL,0,0,'Repellat minima at unde.','Beamer brauch ein VGA Kabel!','2015-01-04 18:14:03','2015-01-04 18:14:03'),(62,'Model','Sony','Beamer 3 repellendus','350','Quisquam rerum ab est rem veritatis.','Laborum nisi mollitia tempora.',NULL,NULL,0,0,'Accusamus nihil qui maxime voluptatem voluptatum nulla.','Beamer brauch ein VGA Kabel!','2015-01-04 18:14:03','2015-01-04 18:14:03'),(63,'Model','Sony','Beamer 4 ipsa','351','Molestiae nobis enim sint veritatis ut at.','Enim et non voluptatem qui.',NULL,NULL,0,0,'Perferendis iste alias quam incidunt tempore et.','Beamer brauch ein VGA Kabel!','2015-01-04 18:14:03','2015-01-04 18:14:03'),(64,'Model','Sony','Beamer 5 ratione','352','Necessitatibus sunt quia eos dignissimos voluptas tempora.','Ullam commodi voluptatem est id sit nostrum dolorem.',NULL,NULL,0,0,'Unde odio voluptatem esse rerum molestiae aut in.','Beamer brauch ein VGA Kabel!','2015-01-04 18:14:03','2015-01-04 18:14:03'),(65,'Model','Sony','Beamer 6 nemo','353','Molestiae enim molestiae aut sequi est recusandae autem voluptatem.','Aut vero est eaque eligendi et esse qui.',NULL,NULL,0,0,'Sed beatae eos rem suscipit a sint omnis.','Beamer brauch ein VGA Kabel!','2015-01-04 18:14:03','2015-01-04 18:14:03'),(66,'Model','Sony','Beamer 7 tempora','354','Neque ex ad quos qui doloremque dolores illum debitis.','Culpa dolores eius quis est iste aut omnis nemo.',NULL,NULL,0,0,'Vero labore error id et.','Beamer brauch ein VGA Kabel!','2015-01-04 18:14:03','2015-01-04 18:14:03'),(67,'Model','Sony','Beamer 8 repellendus','355','Libero nisi omnis magni.','Sequi molestias accusamus qui asperiores iusto eos.',NULL,NULL,0,0,'Eaque ea sunt cupiditate minima quo sed fugiat est.','Beamer brauch ein VGA Kabel!','2015-01-04 18:14:03','2015-01-04 18:14:03'),(68,'Model','Sony','Beamer 9 maxime','356','Accusamus suscipit numquam et voluptatem.','Saepe vel enim consequuntur qui est qui.',NULL,NULL,0,0,'Aperiam aliquam repellat natus et.','Beamer brauch ein VGA Kabel!','2015-01-04 18:14:03','2015-01-04 18:14:03'),(69,'Model','Sony','Beamer 10 nisi','357','Est molestiae qui explicabo accusamus sed illum.','Exercitationem corporis facilis dolorum in placeat.',NULL,NULL,0,0,'Debitis possimus magnam pariatur dolores deleniti itaque aut beatae.','Beamer brauch ein VGA Kabel!','2015-01-04 18:14:03','2015-01-04 18:14:03'),(70,'Model','Sony','Beamer 11 quos','358','Ullam amet est cumque deleniti.','Eius quia reprehenderit doloremque rerum in accusantium aut.',NULL,NULL,0,0,'Totam eos quibusdam tempora officia provident minima iure.','Beamer brauch ein VGA Kabel!','2015-01-04 18:14:03','2015-01-04 18:14:03'),(71,'Model','Sony','Beamer 12 culpa','359','Voluptatem aut maxime occaecati aliquam accusantium ratione ad velit.','Quam fugiat voluptate et sit.',NULL,NULL,0,0,'Nesciunt deleniti quibusdam nulla laborum et.','Beamer brauch ein VGA Kabel!','2015-01-04 18:14:03','2015-01-04 18:14:03'),(72,'Model','Sony','Beamer 13 qui','360','Autem dolore blanditiis neque.','Modi enim nihil ut harum maxime soluta excepturi.',NULL,NULL,0,0,'Quae ut sunt nulla omnis et nostrum qui commodi.','Beamer brauch ein VGA Kabel!','2015-01-04 18:14:03','2015-01-04 18:14:03'),(73,'Model','Sony','Beamer 14 incidunt','361','Placeat quae aliquid veritatis omnis dolor.','Voluptatum velit consequatur nisi ut ex veritatis placeat.',NULL,NULL,0,0,'Eaque sit laudantium reprehenderit corporis minus.','Beamer brauch ein VGA Kabel!','2015-01-04 18:14:03','2015-01-04 18:14:03'),(74,'Model','Sony','Beamer 15 laudantium','362','Molestiae voluptatem sint et sequi neque odit voluptates qui.','Qui modi qui et aliquam minus sapiente sit id.',NULL,NULL,0,0,'Qui impedit laudantium voluptatem natus.','Beamer brauch ein VGA Kabel!','2015-01-04 18:14:03','2015-01-04 18:14:03'),(75,'Model','Sony','Beamer 16 mollitia','363','Consequuntur atque quaerat repudiandae sapiente occaecati ex doloremque.','Fugiat consequatur a et et illo sit quod.',NULL,NULL,0,0,'Corrupti perspiciatis possimus mollitia sequi.','Beamer brauch ein VGA Kabel!','2015-01-04 18:14:03','2015-01-04 18:14:03'),(76,'Model','Sony','Beamer 17 iure','364','Nam provident quia ullam facere.','Sequi fugiat provident sunt numquam qui nobis itaque.',NULL,NULL,0,0,'Est aut harum blanditiis.','Beamer brauch ein VGA Kabel!','2015-01-04 18:14:03','2015-01-04 18:14:03'),(77,'Model','Sony','Beamer 18 maxime','365','Quidem consequatur reiciendis quo aut et enim.','Harum enim nemo placeat.',NULL,NULL,0,0,'Quis sit sapiente consequatur aut eligendi voluptatem.','Beamer brauch ein VGA Kabel!','2015-01-04 18:14:03','2015-01-04 18:14:03'),(78,'Model','Sony','Beamer 19 praesentium','366','Doloremque esse minima consequatur.','Doloremque dolor repellendus aperiam quis dicta.',NULL,NULL,0,0,'Recusandae suscipit quo numquam hic sunt atque exercitationem.','Beamer brauch ein VGA Kabel!','2015-01-04 18:14:03','2015-01-04 18:14:03'),(79,'Model','Sony','Beamer 20 quo','367','Quis aperiam porro totam.','Praesentium ut dicta enim similique id rerum omnis itaque.',NULL,NULL,0,0,'Nam quae aperiam libero officiis eius et ducimus in.','Beamer brauch ein VGA Kabel!','2015-01-04 18:14:03','2015-01-04 18:14:03'),(80,'Model','Nikon','Kamera Nikon','X12','Super Kamera.','Accusamus molestias quis amet omnis quae voluptatem inventore.',NULL,NULL,0,0,'Qui enim id minima voluptatem placeat quibusdam cupiditate.','Kamera brauch Akkus!','2015-01-04 18:14:03','2015-01-04 18:14:03'),(81,'Model','Nikon','Camera 1 non','368','Distinctio quos blanditiis et temporibus.','Et sed sed et alias est blanditiis.',NULL,NULL,0,0,'Et facere provident doloremque odit voluptas suscipit laboriosam.','Inventore vel commodi alias doloribus et voluptatum in.','2015-01-04 18:14:03','2015-01-04 18:14:03'),(82,'Model','Nikon','Camera 2 fugit','369','Ipsa amet ad doloribus vel assumenda nisi.','Eaque rerum consequuntur dolor debitis sunt aspernatur architecto.',NULL,NULL,0,0,'Necessitatibus esse assumenda labore deleniti perferendis.','Aliquid sit veritatis non rem modi ut quae.','2015-01-04 18:14:03','2015-01-04 18:14:03'),(83,'Model','Nikon','Camera 3 omnis','370','Repellat est voluptatem aut qui magni ut voluptates.','Maxime quis autem mollitia exercitationem voluptatem dolorem nemo et.',NULL,NULL,0,0,'Et est aut ex assumenda at.','Qui cumque ut nam error labore temporibus ullam et.','2015-01-04 18:14:03','2015-01-04 18:14:03'),(84,'Model','Nikon','Camera 4 numquam','371','Debitis sit exercitationem enim ullam.','Qui voluptatem at qui sed dolorem distinctio autem.',NULL,NULL,0,0,'Accusantium quibusdam accusamus sed vel occaecati unde.','Consequatur quod et reprehenderit earum amet est provident.','2015-01-04 18:14:03','2015-01-04 18:14:03'),(85,'Model','Nikon','Camera 5 deserunt','372','Blanditiis at rerum itaque veniam eum quo consequatur.','Aspernatur perferendis est sed numquam ratione nulla cum.',NULL,NULL,0,0,'Libero nihil nulla laudantium id.','Impedit ipsa sed ut rerum.','2015-01-04 18:14:03','2015-01-04 18:14:03'),(86,'Model','Nikon','Camera 6 harum','373','Animi velit rerum illum.','Dolor illum suscipit expedita harum exercitationem sed.',NULL,NULL,0,0,'Laudantium sed omnis autem et et ducimus.','Repellendus cum aut laboriosam reiciendis.','2015-01-04 18:14:03','2015-01-04 18:14:03'),(87,'Model','Nikon','Camera 7 quo','374','Vel similique et neque voluptas hic commodi.','Nesciunt provident deserunt molestiae quo assumenda.',NULL,NULL,0,0,'Voluptate magnam optio vero et aut odit magni perspiciatis.','Dolor eos odit delectus consequatur.','2015-01-04 18:14:03','2015-01-04 18:14:03'),(88,'Model','Nikon','Camera 8 magnam','375','Laborum quia ex quia animi quis.','Eveniet pariatur et sequi vero sit.',NULL,NULL,0,0,'Est consequatur debitis sit ipsa aut.','Dicta quis hic dolores numquam exercitationem fuga eius.','2015-01-04 18:14:03','2015-01-04 18:14:03'),(89,'Model','Nikon','Camera 9 aut','376','Rem occaecati rerum aliquam earum.','Eos necessitatibus et voluptas eveniet.',NULL,NULL,0,0,'Exercitationem architecto aut ut numquam voluptates.','Velit perferendis soluta sed nobis quasi ipsum.','2015-01-04 18:14:03','2015-01-04 18:14:03'),(90,'Model','Nikon','Camera 10 temporibus','377','Sunt iusto laborum quam ad.','Quibusdam et suscipit eveniet cum occaecati rerum soluta.',NULL,NULL,0,0,'Maxime rerum eius aut eveniet et.','Dolorem quaerat ut fugiat eius dolor rerum recusandae et.','2015-01-04 18:14:03','2015-01-04 18:14:03'),(91,'Model','Nikon','Camera 11 consequatur','378','Unde qui non vel eum.','Et minus fugiat explicabo iure dicta occaecati quisquam ipsam.',NULL,NULL,0,0,'Rerum est est fugit voluptatem consectetur.','Cupiditate et velit rerum qui quis eligendi.','2015-01-04 18:14:03','2015-01-04 18:14:03'),(92,'Model','Nikon','Camera 12 aut','379','Et eos doloribus occaecati sed eius quae ipsam maxime.','Facere impedit unde non error.',NULL,NULL,0,0,'Consequatur omnis omnis magnam dignissimos sint veritatis.','Aliquid possimus repellat aut autem velit.','2015-01-04 18:14:03','2015-01-04 18:14:03'),(93,'Model','Nikon','Camera 13 sapiente','380','Optio officia maiores minus sit ipsam deleniti.','Ut quaerat rerum quae.',NULL,NULL,0,0,'Id sequi quia cupiditate.','Sapiente facere quae porro.','2015-01-04 18:14:03','2015-01-04 18:14:03'),(94,'Model','Nikon','Camera 14 minima','381','Praesentium sed aut nihil inventore molestiae sit.','Ea consequatur ab autem voluptatem consequatur aspernatur ut.',NULL,NULL,0,0,'Accusantium consequatur molestias officiis perferendis.','Consequatur tenetur id et magnam libero dolorem qui.','2015-01-04 18:14:03','2015-01-04 18:14:03'),(95,'Model','Nikon','Camera 15 dolore','382','Sed dolores qui facere et velit.','Aut hic saepe blanditiis vel tenetur alias autem.',NULL,NULL,0,0,'Enim omnis aut non temporibus.','Saepe ullam quisquam aut officia.','2015-01-04 18:14:03','2015-01-04 18:14:03'),(96,'Model','Nikon','Camera 16 magni','383','Dolor doloribus quisquam voluptatem aut perspiciatis.','Doloremque quia non sint ut quod fugit officia vel.',NULL,NULL,0,0,'Voluptate eum tenetur voluptatem odit.','Rerum delectus a autem in sed deleniti et.','2015-01-04 18:14:03','2015-01-04 18:14:03'),(97,'Model','Nikon','Camera 17 sint','384','Sed nulla eveniet magnam.','Et aut sint mollitia sed.',NULL,NULL,0,0,'Natus iste similique aut perferendis magnam sit cumque.','Et nobis atque ut perspiciatis totam maxime.','2015-01-04 18:14:03','2015-01-04 18:14:03'),(98,'Model','Nikon','Camera 18 officiis','385','Explicabo enim aspernatur aliquam ipsa consequatur voluptatem quod cumque.','Odio vel blanditiis eos natus velit.',NULL,NULL,0,0,'Ut qui asperiores quod.','Ut pariatur non voluptatum qui sint.','2015-01-04 18:14:03','2015-01-04 18:14:03'),(99,'Model','Nikon','Camera 19 molestias','386','Eius eum voluptas dolor quaerat quia quod velit a.','Cum ratione corporis aspernatur error odio amet facilis quaerat.',NULL,NULL,0,0,'Occaecati eveniet corrupti cupiditate alias.','Sequi iusto nihil sed enim omnis debitis sint.','2015-01-04 18:14:03','2015-01-04 18:14:03'),(100,'Model','Nikon','Camera 20 rerum','387','Modi numquam libero illo laborum.','Temporibus expedita fugiat mollitia.',NULL,NULL,0,0,'Blanditiis iste sint mollitia voluptatem repudiandae.','Itaque officiis consectetur ut omnis molestiae explicabo velit sunt.','2015-01-04 18:14:03','2015-01-04 18:14:03'),(101,'Model','Nikon','Camera 21 reiciendis','388','Et ipsa ad nam omnis voluptatibus officia voluptatem aut.','Sit consectetur dolores omnis architecto minima perspiciatis.',NULL,NULL,0,0,'Soluta similique consequatur debitis a consequatur.','Fuga laboriosam quia rem.','2015-01-04 18:14:03','2015-01-04 18:14:03'),(102,'Model','Nikon','Camera 22 facere','389','Dolor consequatur dicta culpa beatae cupiditate ut ipsum odit.','Hic et eligendi quis quia.',NULL,NULL,0,0,'Dolorem qui voluptatem voluptatem ex natus cupiditate dolores.','Est ullam debitis voluptatem architecto et sequi labore.','2015-01-04 18:14:03','2015-01-04 18:14:03'),(103,'Model','Nikon','Camera 23 et','390','Aliquid sit perferendis dicta ullam illum qui quia quasi.','Nihil aut et ducimus qui eligendi.',NULL,NULL,0,0,'Nihil nobis sit tenetur.','Ut labore nihil enim.','2015-01-04 18:14:03','2015-01-04 18:14:03'),(104,'Model','Nikon','Camera 24 sint','391','Voluptas omnis eos id sunt quia modi maxime nam.','Magni molestias minima est voluptas et.',NULL,NULL,0,0,'Porro et aspernatur eaque inventore ipsam ea voluptate.','Voluptas laboriosam iste totam.','2015-01-04 18:14:03','2015-01-04 18:14:03'),(105,'Model','Nikon','Camera 25 enim','392','Rerum cupiditate iste et repellat sit architecto dignissimos.','Non impedit et deserunt.',NULL,NULL,0,0,'Consequatur sit soluta facere.','Sapiente quaerat aspernatur qui autem voluptatibus tempore.','2015-01-04 18:14:03','2015-01-04 18:14:03'),(106,'Model','Nikon','Camera 26 id','393','Occaecati asperiores eos ab voluptates molestias ut enim error.','Error dolor architecto ut doloremque fugiat aut blanditiis omnis.',NULL,NULL,0,0,'In quo eos dolorum voluptate unde.','Praesentium nostrum sequi ut sed aut esse optio.','2015-01-04 18:14:03','2015-01-04 18:14:03'),(107,'Model','Nikon','Camera 27 reiciendis','394','Sed sint est ea.','Minus culpa atque quae animi suscipit nostrum quo voluptate.',NULL,NULL,0,0,'Omnis quo eos dolorum voluptas vel rem labore.','Ipsa dolores minus tenetur in laborum non.','2015-01-04 18:14:03','2015-01-04 18:14:03'),(108,'Model','Nikon','Camera 28 odit','395','Laborum ullam aut voluptatem et et.','Illo voluptatem nostrum tempore accusamus totam ea fugit.',NULL,NULL,0,0,'Aut numquam quam sequi vitae.','Qui voluptatum quia dignissimos sint.','2015-01-04 18:14:03','2015-01-04 18:14:03'),(109,'Model','Nikon','Camera 29 autem','396','Harum dolor similique sequi et nobis et vitae minima.','Repellendus magni occaecati rerum labore veritatis quaerat dolorem.',NULL,NULL,0,0,'Id possimus provident qui molestiae voluptatem aut porro tempore.','Praesentium dolorem et voluptate optio quia sed vero consequatur.','2015-01-04 18:14:03','2015-01-04 18:14:03'),(110,'Model','Nikon','Camera 30 error','397','Odit nesciunt quas commodi omnis.','Omnis tenetur et veniam.',NULL,NULL,0,0,'Placeat dolor sed minus repellendus ipsa reiciendis laborum dolorum.','Non esse harum necessitatibus.','2015-01-04 18:14:03','2015-01-04 18:14:03'),(111,'Model','Sony','Hifi Standard','398','Aperiam aut blanditiis eos aspernatur ab ratione.','Voluptatem eos corrupti qui quia.',NULL,NULL,3,0,'Asperiores perferendis porro dolor est.','Unde totam veritatis non.','2015-01-04 18:14:03','2015-01-04 18:14:03'),(112,'Model','Feli','Kamera Stativ','123','Stabiles Kamera Stativ','Enim iusto fuga qui consequatur.',NULL,NULL,0,0,'Soluta earum quisquam fuga sunt.','Stativ muss mit Stativtasche ausgehndigt werden.','2015-01-04 18:14:03','2015-01-04 18:14:03'),(113,'Model','Bose','BoseFantastic Rubber Shoes','399','Occaecati soluta quaerat. Sed consequatur omnis quasi unde. Ducimus et expedita est officia. Quidem non magnam minima animi et. Ut non aut aut omnis.','Totam dicta earum amet repudiandae eaque.',NULL,NULL,0,0,'Saepe quis laboriosam non sequi molestiae molestias beatae.','Iure ab excepturi qui ea velit minus eos quia.','2015-01-04 18:14:03','2015-01-04 18:14:03'),(114,'Model','Bose','BoseRustic Steel Car','400','Enim similique laudantium. Ut et nemo corrupti. Explicabo a earum et fugit ad doloremque.','Odit adipisci et dolores non et.',NULL,NULL,0,0,'Quam sed laudantium earum excepturi in sapiente nobis fuga.','Quisquam unde quibusdam officia suscipit.','2015-01-04 18:14:03','2015-01-04 18:14:03'),(115,'Model','Runolfsson, Hudson and Cummerata','Kamera Set','404','At magni earum nesciunt accusamus perspiciatis.','Sit reiciendis praesentium sapiente iure distinctio.',NULL,NULL,1,1,'Amet dolorem dolores commodi hic eum porro id sint.','Explicabo quam velit vitae molestias tenetur.','2015-01-04 18:14:03','2015-01-04 18:14:03'),(116,'Model','Stamm LLC','Incredible Plastic Chair','405','Quasi cupiditate voluptas consequatur provident ut.','Unde incidunt qui modi saepe ipsa error expedita vel.',NULL,NULL,0,0,'Adipisci vel necessitatibus voluptas.','Quam sequi consequuntur eaque eum tempore a.','2015-01-04 18:14:03','2015-01-04 18:14:03'),(117,'Model','Kiehn LLC','Practical Rubber Chair','406','Blanditiis magnam inventore odio eveniet sequi aut deleniti saepe.','Cumque deleniti soluta eum aut.',NULL,NULL,0,0,'Velit voluptates quo sit.','Alias architecto non animi consequuntur cum eum et voluptatem.','2015-01-04 18:14:03','2015-01-04 18:14:03'),(118,'Model','Eichmann-Williamson','Ergonomic Steel Chair','407','Mollitia explicabo id dolorem.','Placeat cupiditate aliquid blanditiis aut consequatur quasi.',NULL,NULL,2,0,'Ut consequatur dolores non et aut officia.','Repellendus ducimus molestias delectus est omnis soluta error.','2015-01-04 18:14:03','2015-01-04 18:14:03'),(119,'Model','Johns Inc','Rustic Rubber Chair','408','In ab et veritatis molestias.','Rem iste commodi aut ut voluptate dolorem numquam.',NULL,NULL,0,0,'Vitae dolore quo suscipit minima.','Id minus quae quis illo sit magni.','2015-01-04 18:14:03','2015-01-04 18:14:03'),(120,'Model','Wuckert-Sporer','Intelligent Plastic Pants','409','Porro totam sit ullam quo odit.','Vel dolores incidunt autem enim velit recusandae.',NULL,NULL,3,0,'Maxime eos iste perferendis nemo earum rerum pariatur quis.','Molestiae tempore repellendus cumque explicabo saepe iure.','2015-01-04 18:14:03','2015-01-04 18:14:03'),(121,'Model','Quigley, Wintheiser and Stark','Awesome Concrete Shirt','410','Perferendis qui quo qui nihil qui libero maxime.','A totam odit qui odio et voluptatibus aspernatur.',NULL,NULL,3,0,'Fugiat quam soluta voluptas cum non vero pariatur.','Nobis beatae illum omnis fuga.','2015-01-04 18:14:03','2015-01-04 18:14:03'),(122,'Model','Altenwerth-Effertz','Practical Steel Shoes','411','Sed voluptatem dolor rerum.','Qui recusandae illum aut saepe et ut est minus.',NULL,NULL,1,0,'Quo qui nulla cupiditate qui suscipit nihil id fuga.','Harum perferendis eligendi voluptas ducimus tempora sint.','2015-01-04 18:14:03','2015-01-04 18:14:03'),(123,'Model','Abernathy-Reilly','Incredible Wooden Car','412','Necessitatibus neque tempora dolorum voluptatem nisi illum.','Temporibus dolorem aut amet molestias iure qui corrupti id.',NULL,NULL,0,0,'Mollitia dolores explicabo soluta dignissimos.','Perferendis aut atque dignissimos ut iure voluptatibus qui.','2015-01-04 18:14:03','2015-01-04 18:14:03'),(124,'Model','Schamberger, Bartoletti and Schaden','Incredible Cotton Shirt','413','Aliquam consectetur sint aut quae sunt deleniti perferendis sapiente.','Itaque voluptatum sunt blanditiis ipsum rerum quibusdam eveniet optio.',NULL,NULL,0,0,'Veniam corporis soluta ut quo animi et voluptatem praesentium.','Aut ut voluptatem aut temporibus ea.','2015-01-04 18:14:03','2015-01-04 18:14:03'),(125,'Model','Stokes, Hirthe and Heaney','Incredible Plastic Hat','414','Aliquid officiis voluptatem excepturi fugiat.','Ut ipsa sequi blanditiis.',NULL,NULL,1,0,'Et suscipit ullam assumenda eaque cumque autem.','Blanditiis qui iusto aut nemo molestiae voluptas totam.','2015-01-04 18:14:03','2015-01-04 18:14:03'),(126,'Model','Glover-Kilback','Small Concrete Pants','415','Vel illum consequatur repellendus.','Illum est ea iste distinctio hic eveniet.',NULL,NULL,0,0,'Commodi atque officiis delectus neque veniam.','At recusandae quis nam ad quidem perspiciatis quaerat enim.','2015-01-04 18:14:03','2015-01-04 18:14:03'),(127,'Model','Schroeder, Roob and Rempel','Awesome Rubber Shoes','416','Et reiciendis debitis qui porro placeat eius qui pariatur.','Consequatur ea unde ea sunt excepturi.',NULL,NULL,0,0,'Natus id est blanditiis sit ea velit beatae voluptates.','A aut cupiditate non maiores.','2015-01-04 18:14:03','2015-01-04 18:14:03'),(128,'Model','Stamm-Farrell','Kamera Set2','417','Quia aut perferendis qui.','Ratione tempora hic nam velit est alias.',NULL,NULL,1,1,'Impedit asperiores nulla consectetur aspernatur nobis quaerat.','Perspiciatis pariatur enim et rem ullam consectetur.','2015-01-04 18:14:03','2015-01-04 18:14:03'),(129,'Model','West Inc','Intelligent Wooden Computer','418','Reiciendis commodi corporis dolores eum.','Atque et culpa inventore minus neque.',NULL,NULL,1,0,'Natus nisi impedit illo dolor quo.','Ducimus praesentium omnis architecto ullam at.','2015-01-04 18:14:03','2015-01-04 18:14:03'),(130,'Model','Ondricka-Bahringer','Practical Steel Shirt','419','Aliquam qui velit illo consequatur laboriosam.','Illum expedita et ut.',NULL,NULL,3,0,'Repellendus dolores perferendis saepe nemo.','Odit quia repellat est voluptas rerum incidunt ad consequatur.','2015-01-04 18:14:03','2015-01-04 18:14:03'),(131,'Model','Doyle-Cassin','Small Rubber Car','420','Maxime itaque omnis repellat et sint.','Blanditiis quia quasi excepturi quam ut.',NULL,NULL,1,0,'Excepturi aliquam eligendi et.','Sint et magni nesciunt quos debitis placeat assumenda.','2015-01-04 18:14:03','2015-01-04 18:14:03'),(132,'Model','Mayert-Pfannerstill','Gorgeous Granite Table','421','Aspernatur saepe possimus consequatur voluptatibus accusamus laborum autem.','Maiores dolores magnam qui qui.',NULL,NULL,3,0,'Exercitationem quisquam debitis sed eligendi et placeat laborum.','Aut voluptatem vero eos animi ipsum.','2015-01-04 18:14:03','2015-01-04 18:14:03'),(133,'Model','Stamm, Schneider and Keeling','Rustic Plastic Shoes','422','Sapiente qui cumque dolorem similique itaque.','Optio ut saepe quia inventore est vel in.',NULL,NULL,0,0,'Quia natus non optio placeat itaque incidunt ipsum hic.','Consequatur et at qui ut neque fuga.','2015-01-04 18:14:03','2015-01-04 18:14:03'),(134,'Model','Waters, Douglas and Morar','Gorgeous Wooden Gloves','423','Quia perspiciatis corrupti sapiente ratione aut et similique velit.','Laboriosam iusto esse hic sit expedita aliquid rerum sunt.',NULL,NULL,2,0,'Qui consequuntur non aspernatur veniam.','Non numquam amet est recusandae ut.','2015-01-04 18:14:03','2015-01-04 18:14:03'),(135,'Model','Hintz-Weissnat','Ergonomic Wooden Chair','424','Numquam in perspiciatis excepturi natus.','Iste in esse officiis iure ut.',NULL,NULL,2,0,'Ut quisquam necessitatibus praesentium.','Blanditiis alias labore officia sapiente.','2015-01-04 18:14:03','2015-01-04 18:14:03'),(136,'Model','Dicki LLC','Small Cotton Table','425','Dolores similique consequatur optio aut assumenda tenetur fugit dolore.','Non sit aut maiores odio et.',NULL,NULL,2,0,'Praesentium quaerat hic placeat numquam aperiam molestiae illum quia.','Amet accusamus sed voluptas non.','2015-01-04 18:14:03','2015-01-04 18:14:03'),(137,'Model','Bayer, O\'Reilly and Williamson','Rustic Concrete Table','426','Quia tenetur voluptatem maiores autem quo enim perferendis quos.','Distinctio explicabo nemo odit.',NULL,NULL,2,0,'Et similique qui aliquam magni.','Fugit voluptas doloremque non.','2015-01-04 18:14:03','2015-01-04 18:14:03'),(138,'Model','Lemke-Bode','Incredible Wooden Chair','427','Consectetur officiis aut nisi sed dolorem aut veniam.','Nihil qui quaerat et excepturi deleniti ipsam laudantium quos.',NULL,NULL,1,0,'Deleniti iste corporis et.','Sequi neque repudiandae aut animi quos ut rerum.','2015-01-04 18:14:03','2015-01-04 18:14:03'),(139,'Model','Walsh Inc','Small Steel Chair','428','Nobis autem occaecati sint.','Maxime excepturi voluptate sit.',NULL,NULL,3,0,'Pariatur id qui occaecati a tempora officia consequuntur explicabo.','Magni et eum nisi.','2015-01-04 18:14:03','2015-01-04 18:14:03'),(140,'Model','Kulas LLC','Small Cotton Hat','429','Deleniti similique perspiciatis ut.','Porro neque velit inventore adipisci consequuntur.',NULL,NULL,0,0,'Et voluptates quia ab culpa eos nobis.','Aut debitis doloremque occaecati tempora necessitatibus dolor.','2015-01-04 18:14:03','2015-01-04 18:14:03'),(141,'Model','Nicolas Group','Sleek Granite Gloves','430','Cum nam provident omnis reprehenderit quasi qui.','Perferendis fugiat iusto rerum.',NULL,NULL,2,0,'In odio soluta in nam quidem sed.','Sit quis assumenda esse molestiae ipsam nemo ipsa est.','2015-01-04 18:14:03','2015-01-04 18:14:03'),(142,'Model','Leannon and Sons','Incredible Cotton Pants','431','Voluptatem mollitia quibusdam deleniti.','Nihil molestiae aut debitis sint doloribus aut.',NULL,NULL,2,0,'Sed voluptas natus eum corporis.','Et impedit non perferendis aut quidem.','2015-01-04 18:14:03','2015-01-04 18:14:03'),(143,'Model','Koepp, Dickens and Durgan','Incredible Cotton Computer','432','Ullam eos similique pariatur.','Ex tempora quia explicabo id velit et corrupti.',NULL,NULL,0,0,'Ipsum iusto necessitatibus placeat saepe.','Recusandae error ut ea velit.','2015-01-04 18:14:03','2015-01-04 18:14:03'),(144,'Model','Douglas, Corkery and Windler','Incredible Granite Computer','433','Recusandae vero ratione rerum.','Ut iste maiores occaecati temporibus.',NULL,NULL,3,0,'Illo magni quos deleniti quia.','Amet quaerat exercitationem illum.','2015-01-04 18:14:03','2015-01-04 18:14:03'),(145,'Model','Canon','Kamera Canon D5','434','Ganz teure Kamera','Qui sed quos aliquid ut doloremque.',NULL,NULL,0,0,'Fugiat et maiores magnam est.','Kamera brauch Akkus!','2015-01-04 18:14:03','2015-01-04 18:14:03'),(146,'Model','Apple','iMac','435','Apples alter iMac','Et tempora enim voluptatem consectetur corrupti impedit perspiciatis.',NULL,NULL,0,0,'Accusantium culpa omnis qui.','Veritatis magnam aut ipsum velit in cupiditate vitae enim.','2015-01-04 18:14:03','2015-01-04 18:14:03'),(147,'Model','Microsoft','Windows Laptop','436','Ein Laptop der Marke Microsoft','Velit vero eaque odit accusamus eius ab nemo ea.',NULL,NULL,0,0,'Libero amet eaque minus.','Laptop mit Tasche ausgeben','2015-01-04 18:14:03','2015-01-04 18:14:03'),(148,'Model','Walkera','Walkera v120','1G','3D Helikopter','Possimus eaque velit alias eligendi.',NULL,NULL,0,0,'Ut quisquam dolorem aut facilis magnam molestiae.','Omnis aut labore quod recusandae omnis temporibus.','2015-01-04 18:14:03','2015-01-04 18:14:03'),(149,'Model','Walkera','Walkera v120','2G','3D Helikopter','Nemo excepturi molestiae reiciendis at.',NULL,NULL,0,0,'Omnis dolorum autem sit sed laboriosam ratione rerum numquam.','Non officia voluptas animi.','2015-01-04 18:14:03','2015-01-04 18:14:03'),(150,'Model','Walkera','Walkera v120','3G','3D Helikopter','Voluptatem repudiandae tenetur natus sit quas et est eos.',NULL,NULL,0,0,'Modi voluptates et enim sit sed.','Dolores qui perferendis labore repellat quia.','2015-01-04 18:14:03','2015-01-04 18:14:03'),(151,'Software','Gerlach Inc','Intelligent Rubber Table','437',NULL,NULL,NULL,NULL,0,0,NULL,NULL,'2015-01-04 18:14:03','2015-01-04 18:14:03'),(152,'Software','Dare, Mayert and Jacobson','Small Steel Hat','438',NULL,NULL,NULL,NULL,0,0,NULL,NULL,'2015-01-04 18:14:03','2015-01-04 18:14:03'),(153,'Software','Dickens-Stracke','Rustic Concrete Shirt','439',NULL,NULL,NULL,NULL,0,0,NULL,NULL,'2015-01-04 18:14:03','2015-01-04 18:14:03'),(154,'Software','Stoltenberg Inc','Small Cotton Shirt','440',NULL,NULL,NULL,NULL,0,0,NULL,NULL,'2015-01-04 18:14:03','2015-01-04 18:14:03'),(155,'Software','Feest-Prosacco','Incredible Steel Table','441',NULL,NULL,NULL,NULL,0,0,NULL,NULL,'2015-01-04 18:14:03','2015-01-04 18:14:03'),(156,'Software','Oberbrunner, Pfannerstill and Morar','Ergonomic Rubber Hat','442',NULL,NULL,NULL,NULL,0,0,NULL,NULL,'2015-01-04 18:14:03','2015-01-04 18:14:03'),(157,'Software','Cremin-Carroll','Incredible Plastic Computer','443',NULL,NULL,NULL,NULL,0,0,NULL,NULL,'2015-01-04 18:14:03','2015-01-04 18:14:03'),(158,'Software','Windler Group','Sleek Steel Chair','444',NULL,NULL,NULL,NULL,0,0,NULL,NULL,'2015-01-04 18:14:03','2015-01-04 18:14:03'),(159,'Software','O\'Connell-Renner','Practical Wooden Gloves','445',NULL,NULL,NULL,NULL,0,0,NULL,NULL,'2015-01-04 18:14:03','2015-01-04 18:14:03'),(160,'Software','Abernathy-Mertz','Sleek Rubber Car','446',NULL,NULL,NULL,NULL,0,0,NULL,NULL,'2015-01-04 18:14:03','2015-01-04 18:14:03'),(161,'Software','Swift-Gaylord','Awesome Rubber Shirt','447',NULL,NULL,NULL,NULL,0,0,'test http://test.ch\r\nwww.foo.ch\r\njust a text',NULL,'2015-01-04 18:14:03','2015-01-04 18:14:03'),(162,'Software','Bruen, Mosciski and Hodkiewicz','Awesome Plastic Car','448',NULL,NULL,NULL,NULL,0,0,'test http://test.ch\r\nwww.foo.ch\r\njust a text',NULL,'2015-01-04 18:14:03','2015-01-04 18:14:03'),(163,'Software','Hagenes, Purdy and Nitzsche','Fantastic Granite Pants','449',NULL,NULL,NULL,NULL,0,0,NULL,NULL,'2015-01-04 18:14:03','2015-01-04 18:14:03'),(164,'Model','Considine-Kertzmann','Ergonomic Wooden Table',NULL,'Molestias sapiente dolores expedita sit aliquid.','Eveniet aspernatur officia ab autem saepe necessitatibus ut maxime.',NULL,NULL,2,0,'Commodi autem nam omnis sint assumenda.','Id totam nobis quae.','2015-01-04 18:14:03','2015-01-04 18:14:03'),(165,'Model','Gleason-Thompson','Practical Cotton Table','450','Quidem nam vel natus rerum.','Officia quo ut debitis rerum enim.',NULL,NULL,2,0,'Officia voluptatem sit et velit.','Cumque perferendis et velit explicabo rem ipsam.','2014-12-31 14:09:55','2014-12-31 14:09:55'),(166,'Model','Hane-Howell','Gorgeous Steel Car','451','Vero atque itaque consequuntur.','Vel incidunt vero cumque natus magnam distinctio id.',NULL,NULL,3,0,'Aliquam ipsa molestias quasi mollitia nihil repellat non labore.','Ea repellendus quas ut optio aperiam sunt qui non.','2014-12-31 14:09:55','2014-12-31 14:09:55'),(167,'Model','Zulauf, Gutmann and Schowalter','Ergonomic Plastic Shirt','452','Provident sunt aliquid quod assumenda.','Et tenetur aut eum culpa.',NULL,NULL,3,0,'Illum aperiam velit ut.','Eos omnis facere vero et sit molestias accusamus.','2014-12-31 14:09:55','2014-12-31 14:09:55'),(168,'Model','Osinski, Lesch and Goodwin','Intelligent Rubber Chair','453','Repellat eos facilis quidem voluptates accusamus iusto.','Voluptatem quisquam possimus reiciendis nam iure pariatur.',NULL,NULL,0,0,'Eos enim qui voluptatem illum commodi.','Labore enim culpa tenetur qui provident deleniti.','2014-12-31 14:09:55','2014-12-31 14:09:55'),(169,'Model','Zemlak Inc','Fantastic Concrete Computer','454','Ullam facilis reprehenderit qui fugiat.','Quam aut commodi magnam.',NULL,NULL,0,0,'Et dolor modi deserunt enim consequatur beatae debitis doloribus.','Non numquam asperiores ut minus velit est molestiae.','2014-12-31 14:09:55','2014-12-31 14:09:55'),(170,'Model','Boyer-Wiegand','Practical Rubber Car','455','Inventore labore omnis quia.','Qui debitis neque consectetur atque deleniti perferendis at omnis.',NULL,NULL,0,0,'Voluptas laborum veritatis error repellendus molestiae.','Molestiae adipisci ut vitae natus tempore.','2014-12-31 14:09:55','2014-12-31 14:09:55'),(171,'Model','Johnson, Dietrich and Kulas','Rustic Steel Computer','456','Animi iure facilis et molestiae doloremque exercitationem illum.','Aut doloribus labore eos sunt consequatur.',NULL,NULL,3,0,'Quia libero at officia autem.','Tenetur excepturi qui est quidem.','2014-12-31 14:09:55','2014-12-31 14:09:55'),(172,'Model','Gibson, Pouros and Rogahn','Fantastic Cotton Shoes','457','Magni autem dignissimos aperiam beatae commodi.','Dolor perferendis quaerat at.',NULL,NULL,3,0,'Ipsam minus quia iusto delectus.','Delectus asperiores ut corporis.','2014-12-31 14:09:55','2014-12-31 14:09:55'),(173,'Model','Dietrich, Schinner and Larkin','Rustic Granite Shirt','458','Ratione dolore non dolorem quos.','Voluptas exercitationem optio animi quisquam.',NULL,NULL,2,0,'Qui totam qui culpa ut dolorem nihil et praesentium.','Quasi et ut et.','2014-12-31 14:09:55','2014-12-31 14:09:55'),(174,'Model','Boyer, Streich and Muller','Practical Cotton Gloves','459','Similique exercitationem sed explicabo tempora.','Nisi amet optio tempore porro saepe quisquam.',NULL,NULL,0,0,'Officiis possimus dolores aspernatur maiores vero non.','Tenetur ipsa mollitia qui commodi ullam voluptatem rerum.','2014-12-31 14:09:55','2014-12-31 14:09:55'),(175,'Model','Lubowitz, Lockman and Kuhlman','Gorgeous Cotton Pants','460','Cumque eum dignissimos reprehenderit sed.','Delectus omnis rerum at sed.',NULL,NULL,0,0,'Ut illum et repellat quo sed quia aspernatur ex.','Ratione architecto rem fuga velit excepturi est.','2014-12-31 14:09:55','2014-12-31 14:09:55'),(176,'Model','Krajcik and Sons','Sleek Rubber Shoes','461','Distinctio neque error consectetur accusantium voluptas quidem.','Facere voluptas modi repellat et deleniti doloremque.',NULL,NULL,2,0,'Consequatur ipsum vero provident tempore doloribus magnam illum.','A veritatis eos enim enim voluptatem.','2014-12-31 14:09:55','2014-12-31 14:09:55'),(177,'Model','O\'Keefe, Baumbach and Stroman','Practical Concrete Table','462','Qui et officia nulla et earum itaque ad.','Consectetur dignissimos sed earum nihil aspernatur dolor.',NULL,NULL,0,0,'Vel aspernatur quae sunt.','Et repellat qui vel sit quos quo.','2014-12-31 14:09:55','2014-12-31 14:09:55'),(178,'Model','Nikolaus Inc','Intelligent Cotton Car','463','Est quo voluptate id.','Aperiam accusamus et animi qui rerum dolore recusandae labore.',NULL,NULL,3,0,'Enim nam aut architecto sed et nostrum.','Qui magnam ratione culpa consequatur minima hic.','2014-12-31 14:09:55','2014-12-31 14:09:55'),(179,'Model','Morissette Group','Fantastic Plastic Shoes','464','Et placeat fuga delectus libero voluptatem omnis quo quos.','Qui eum deleniti impedit unde dolor at sit atque.',NULL,NULL,1,0,'Nam non eos et incidunt repellat.','Atque laborum quia voluptas itaque aut dolore.','2014-12-31 14:09:55','2014-12-31 14:09:55'),(180,'Model','West-Bosco','Incredible Granite Shirt','465','Deleniti ratione non ullam a dolores quo.','Tempore vel id aliquid.',NULL,NULL,0,0,'Quas earum corrupti nesciunt.','Autem doloribus et maiores sint ab sequi perspiciatis nam.','2014-12-31 14:09:55','2014-12-31 14:09:55'),(181,'Model','Carroll-Erdman','Awesome Granite Car','466','Necessitatibus placeat omnis in voluptas iusto architecto.','Doloribus voluptates repudiandae ipsum eos itaque dolores excepturi facilis.',NULL,NULL,2,0,'Vero saepe eum beatae at sunt ab molestiae.','Occaecati nihil libero quis exercitationem.','2014-12-31 14:09:55','2014-12-31 14:09:55'),(182,'Model','Farrell, Farrell and Stracke','Gorgeous Concrete Pants','467','Corrupti dolore deleniti accusantium tenetur doloremque cum commodi.','Quas quis ut perferendis minus vel qui qui voluptatem.',NULL,NULL,3,0,'Quibusdam eum omnis expedita consequatur quos.','Nemo expedita eius sed dolores.','2014-12-31 14:09:55','2014-12-31 14:09:55'),(183,'Model','Gusikowski, Bernier and McClure','Sleek Plastic Pants','468','Quibusdam voluptatibus voluptatem pariatur harum.','Tempora enim voluptas et numquam id.',NULL,NULL,1,0,'Rerum provident qui officiis adipisci sit consequuntur.','Sit voluptates consequatur molestiae minus quia a omnis molestias.','2014-12-31 14:09:55','2014-12-31 14:09:55'),(184,'Model','Luettgen, Emmerich and Parker','Ergonomic Rubber Shoes','469','Voluptatem omnis itaque eos molestiae.','Optio quam et eligendi voluptatum dolor.',NULL,NULL,3,0,'Qui suscipit repudiandae ut distinctio aspernatur optio corrupti hic.','Ut quo quam sint adipisci rem.','2014-12-31 14:09:55','2014-12-31 14:09:55'),(185,'Model','McKenzie and Sons','Gorgeous Rubber Pants','470','Suscipit id necessitatibus consectetur sed ut.','Fugiat facere tempora neque iste.',NULL,NULL,3,0,'Eos quibusdam blanditiis ab assumenda perspiciatis est numquam.','Suscipit repudiandae est totam unde.','2014-12-31 14:09:55','2014-12-31 14:09:55'),(186,'Model','Hodkiewicz Group','Fantastic Steel Computer','471','Quisquam est voluptatem sunt nobis.','Eum ad repudiandae tempore illum.',NULL,NULL,2,0,'Dolores aut aut reprehenderit officia eligendi.','Aut sequi saepe veniam iure.','2014-12-31 14:09:55','2014-12-31 14:09:55'),(187,'Model','Jenkins-Lubowitz','Intelligent Granite Hat','472','Ex et sapiente qui magni et quia nobis.','Tempora rerum nesciunt inventore ut et ipsum.',NULL,NULL,3,0,'Voluptas enim aspernatur magnam sapiente qui.','Necessitatibus rerum recusandae quos itaque officia blanditiis.','2014-12-31 14:09:55','2014-12-31 14:09:55'),(188,'Model','Leffler LLC','Awesome Concrete Hat','473','Qui alias quisquam quibusdam accusantium corrupti.','Aliquam ipsum dolor omnis eveniet fuga.',NULL,NULL,1,0,'Non voluptatem cum eos voluptatem.','Expedita excepturi fugiat soluta ex eius assumenda.','2014-12-31 14:09:55','2014-12-31 14:09:55'),(189,'Model','Lesch Inc','Ergonomic Wooden Hat','474','Quia iusto sunt eos blanditiis dolore consequatur minima et.','Molestias adipisci omnis deleniti aut totam ut corporis.',NULL,NULL,0,0,'Ut alias in voluptate fugit provident neque molestias aut.','Consequatur vel repellat saepe.','2014-12-31 14:09:55','2014-12-31 14:09:55'),(190,'Model','McGlynn, Leuschke and Ernser','Rustic Plastic Pants','475','Rerum molestias ipsum et unde quia.','Et nostrum quos aliquid explicabo.',NULL,NULL,2,0,'Esse voluptatem quis quas in omnis libero.','Totam eos ex similique vero.','2014-12-31 14:09:55','2014-12-31 14:09:55'),(191,'Model','Jones Group','Intelligent Plastic Table','476','Alias et dolorem consequuntur velit ea atque et dignissimos.','Sunt non magnam ut totam veritatis numquam autem.',NULL,NULL,0,0,'Autem minima sed pariatur eius voluptatum facilis eum molestias.','Nisi veritatis voluptatibus distinctio non sint eligendi eum.','2015-01-04 05:59:58','2015-01-04 05:59:58'),(192,'Model','DuBuque, Orn and Brekke','Small Rubber Hat','477','Incidunt rerum et ut ad eveniet nam neque.','Nobis quam officia placeat et.',NULL,NULL,3,0,'Aut eum accusamus dolorem voluptate quis debitis illo.','Placeat incidunt voluptas quos.','2015-01-04 05:59:58','2015-01-04 05:59:58'),(193,'Model','Lemke, Hilpert and Moen','Small Concrete Shirt','478','Doloremque aspernatur dignissimos est.','Qui assumenda maiores voluptas magni.',NULL,NULL,0,0,'Quia voluptatum in consequuntur ratione recusandae est.','Optio magni ducimus maiores est ab.','2015-01-04 05:59:58','2015-01-04 05:59:58'),(194,'Model','Altenwerth-Mueller','Incredible Cotton Shoes','479','Ab pariatur quis accusamus quas repudiandae quo aut aut.','Quis rerum quam aut qui voluptatem.',NULL,NULL,3,0,'Incidunt recusandae cupiditate totam.','Officiis ullam saepe vero facilis dolor iste maiores nihil.','2015-01-04 05:59:58','2015-01-04 05:59:58'),(195,'Model','Muller-Hodkiewicz','Small Rubber Shoes','480','Sed molestias dolor amet qui labore.','Ab quidem voluptates fugiat.',NULL,NULL,1,0,'Perspiciatis voluptate non ut labore.','Molestiae unde natus nostrum beatae ut.','2015-01-02 22:14:42','2015-01-02 22:14:42'),(196,'Model','Heathcote, Bailey and Schiller','Fantastic Plastic Car','481','Voluptatibus accusamus aut consequatur fugiat repellat.','Autem nostrum est numquam magni.',NULL,NULL,0,0,'Doloribus magnam pariatur porro et.','Pariatur in et voluptatem nam.','2015-01-02 22:14:42','2015-01-02 22:14:42'),(197,'Model','Morar and Sons','Fantastic Steel Shoes','482','Minima qui placeat voluptates sit voluptatem.','Magni ut corrupti omnis non architecto.',NULL,NULL,0,0,'Doloremque aperiam asperiores aut iste ut fugit aliquid.','Asperiores corrupti quis officia.','2015-01-02 22:14:42','2015-01-02 22:14:42'),(198,'Model','Hegmann Group','Rustic Granite Table','483','Ratione rerum sunt ut quo.','Ab est doloribus hic maxime expedita et et.',NULL,NULL,2,0,'Et placeat enim deleniti praesentium quia velit.','Cumque velit quo autem fugiat qui.','2015-01-02 22:14:42','2015-01-02 22:14:42'),(199,'Model','Torp-Lueilwitz','Ergonomic Granite Table','484','Eaque mollitia possimus architecto consequatur ut voluptatem qui soluta.','Nihil qui molestiae reiciendis consectetur omnis adipisci nesciunt voluptatem.',NULL,NULL,0,0,'Facere expedita nisi autem iste laboriosam illo.','Assumenda quis omnis consequuntur ut.','2015-01-02 22:14:42','2015-01-02 22:14:42'),(200,'Model','Grady-Altenwerth','Gorgeous Concrete Shoes','485','Reprehenderit adipisci sed odit.','Et rerum est numquam a.',NULL,NULL,0,0,'Ex odio quibusdam excepturi mollitia qui quae.','Id consectetur assumenda vel et sunt.','2015-01-02 22:14:42','2015-01-02 22:14:42'),(201,'Model','Hudson Inc','Ergonomic Plastic Table','486','Consequuntur voluptatem voluptas est.','Blanditiis aliquid accusantium qui rerum.',NULL,NULL,2,0,'Atque ullam aut quia reiciendis.','Sed cum sequi quod.','2015-01-02 22:14:42','2015-01-02 22:14:42'),(202,'Model','Reilly Group','Practical Concrete Car','487','Sunt nulla aut recusandae animi distinctio incidunt et.','Rerum quam illo pariatur consequatur similique vel nihil sint.',NULL,NULL,1,0,'Sint exercitationem tenetur quae iure atque nulla velit.','Tempora esse omnis neque autem voluptatem.','2015-01-04 18:14:03','2015-01-04 18:14:03'),(203,'Model','Erdman and Sons','Practical Rubber Computer','488','Et est dolore sed eos quae.','Nulla repudiandae aut repellendus sit odit adipisci et beatae.',NULL,NULL,3,0,'In ut aut nesciunt officia suscipit.','Corrupti aliquam enim hic debitis.','2015-01-04 18:14:03','2015-01-04 18:14:03'),(204,'Model','Brakus Inc','Gorgeous Rubber Shoes','489','Voluptate nihil quis illum accusantium esse dolorem molestiae.','Neque quasi libero eaque incidunt fugiat.',NULL,NULL,3,0,'Molestiae vitae vel rerum fugiat maiores beatae quidem.','Omnis officia dolor dolores.','2015-01-04 18:14:03','2015-01-04 18:14:03'),(205,'Model','Hessel Group','Incredible Rubber Pants','490','Itaque qui quisquam libero pariatur laboriosam.','Quo quaerat alias id doloribus occaecati qui cupiditate repellat.',NULL,NULL,1,0,'Et eaque doloremque quaerat earum.','At reprehenderit dicta quos debitis minus fugit qui dolore.','2015-01-04 18:14:03','2015-01-04 18:14:03'),(206,'Model','Thiel-Marvin','Practical Steel Gloves','491','Eos voluptatibus omnis repudiandae.','Sunt et officiis cupiditate ut sit.',NULL,NULL,2,0,'Tempore eligendi odio quae soluta molestiae facilis consequatur laudantium.','Possimus et est velit vel.','2015-01-04 18:14:03','2015-01-04 18:14:03'),(207,'Model','Walter Group','Fantastic Rubber Table','492','Provident placeat quaerat dolor deleniti.','Eum animi sit ea consequatur mollitia.',NULL,NULL,1,0,'Rerum ea debitis quo et dolore aut nulla.','Earum in minus totam.','2015-01-04 18:14:03','2015-01-04 18:14:03'),(208,'Model','Mills and Sons','Ergonomic Plastic Gloves','493','Rerum quo quidem sint.','Esse aut accusantium aspernatur est iste ad.',NULL,NULL,3,0,'Saepe rem pariatur explicabo.','Laudantium provident eaque praesentium exercitationem beatae quia.','2015-01-04 18:14:03','2015-01-04 18:14:03'),(209,'Model','Balistreri Group','Fantastic Wooden Hat','494','Vel nemo neque eum iure.','Dolor inventore repudiandae quas alias voluptatem assumenda.',NULL,NULL,1,0,'Earum fugit ipsum harum.','Voluptatem delectus nam aut possimus expedita illo beatae rerum.','2015-01-04 18:14:03','2015-01-04 18:14:03'),(210,'Model','Robel, Raynor and Feil','Ergonomic Granite Pants','495','Est nesciunt autem ut rerum suscipit repellendus.','Libero quaerat in similique.',NULL,NULL,0,0,'Qui dolor possimus at qui ratione est cupiditate.','Reiciendis cum reprehenderit dolores hic consequatur fugit dolor.','2015-01-04 18:14:03','2015-01-04 18:14:03'),(211,'Model','Kris-Wilkinson','Incredible Rubber Shoes','496','Et porro soluta vel nulla ut inventore quas.','Quis et omnis voluptatem harum.',NULL,NULL,0,0,'Sint nisi sed corrupti quia.','Alias est eveniet nobis voluptas reiciendis sit in.','2015-01-04 18:14:03','2015-01-04 18:14:03'),(212,'Model','Tromp-Windler','Small Wooden Car','497','Dolore dolorem fugiat numquam ut voluptatem totam ad.','Porro et qui facere eum harum.',NULL,NULL,0,0,'Voluptatem dolorem natus fugit iure repellat officia.','Nulla sed aliquid cum similique nam.','2015-01-04 18:14:03','2015-01-04 18:14:03'),(213,'Model','Pfannerstill-Rath','Intelligent Rubber Computer','498','Natus nostrum ea quaerat veniam perferendis architecto expedita quisquam.','Unde nam vel quia sapiente minus rerum aspernatur.',NULL,NULL,2,0,'Molestiae modi fugiat iusto sed commodi tenetur quam.','Libero iure reprehenderit totam cupiditate quo consequatur tempora eos.','2015-01-04 18:14:03','2015-01-04 18:14:03'),(214,'Model','Schuster-Steuber','Intelligent Granite Gloves','499','Vel est ut omnis perferendis magni.','Quam omnis nihil aut deleniti maiores dolorem ut.',NULL,NULL,3,0,'Recusandae velit voluptatem similique maxime laboriosam eveniet earum aliquid.','Magnam aliquid a sed ratione autem corrupti in nobis.','2015-01-04 18:14:03','2015-01-04 18:14:03'),(215,'Model','O\'Connell-Ortiz','Sleek Cotton Shoes','500','Exercitationem velit voluptatem aspernatur saepe ipsam iure.','Ut nobis ea quia omnis.',NULL,NULL,0,0,'Est aut omnis enim voluptatibus voluptatem est.','Iste mollitia ut nostrum eos esse quia.','2015-01-04 18:14:03','2015-01-04 18:14:03'),(216,'Model','Bogisich and Sons','Rustic Rubber Table','501','Ut perferendis molestias illum et incidunt quibusdam quia.','Rerum accusantium asperiores iure ex porro quis delectus rerum.',NULL,NULL,1,0,'Quo recusandae rerum perferendis sint est.','Rerum aliquid commodi omnis.','2015-01-04 18:14:03','2015-01-04 18:14:03'),(217,'Model','Labadie and Sons','Fantastic Cotton Hat','502','Culpa omnis illum quia perferendis exercitationem laborum quas.','Et ipsum est consequatur nesciunt est.',NULL,NULL,2,0,'Ut molestiae quasi nisi rerum.','Autem cumque soluta et.','2015-01-04 18:14:03','2015-01-04 18:14:03'),(218,'Model','Daniel, Konopelski and Roob','Intelligent Steel Computer','503','Enim pariatur itaque et labore et sunt officia.','Laudantium sapiente dicta sint et aut quos.',NULL,NULL,1,0,'Fugit ipsa laborum corrupti delectus vel iusto nemo.','Praesentium sed vitae quos ut nesciunt.','2015-01-04 18:14:03','2015-01-04 18:14:03'),(219,'Model','Blick-Morissette','Ergonomic Steel Pants','504','Qui eum consequatur non odit facere sint impedit qui.','Voluptas impedit porro fugiat qui.',NULL,NULL,0,0,'Quo amet aliquam architecto provident vel hic aut.','Amet cumque ex nobis soluta voluptas hic.','2015-01-04 18:14:03','2015-01-04 18:14:03'),(220,'Model','Spinka-Stracke','Practical Rubber Pants','505','Id placeat omnis vitae voluptatibus et enim maiores.','Fugit qui et vero.',NULL,NULL,2,0,'Doloremque aut tempore eligendi sed minus nam voluptas.','Sit distinctio provident deserunt odio quod.','2015-01-04 18:14:03','2015-01-04 18:14:03'),(221,'Model','Nienow, McDermott and Treutel','Practical Plastic Hat','506','Repellendus enim dolores qui odio error a.','Minima enim placeat iure.',NULL,NULL,0,0,'Quia sed sunt quis.','Repellat officiis magni aut dolorum quidem fugiat.','2015-01-04 18:14:03','2015-01-04 18:14:03'),(222,'Model','Berge-Flatley','Ergonomic Steel Hat','508','Tempore dolore aut placeat.','Dolores in qui amet omnis dolore.',NULL,NULL,2,0,'Accusamus consectetur assumenda beatae.','Magnam similique saepe rem modi quo.','2015-01-04 18:14:03','2015-01-04 18:14:03'),(223,'Software','Rogahn, Langworth and Padberg','Awesome Rubber Car','510',NULL,NULL,NULL,NULL,0,0,NULL,NULL,'2015-01-04 18:14:03','2015-01-04 18:14:03'),(224,'Model','Torp-Rath','Intelligent Granite Chair','511','Rerum quibusdam distinctio saepe quo.','Aliquid eius voluptatum voluptatem.',NULL,NULL,0,0,'Officiis corporis eaque inventore.','Velit deleniti quia qui officiis sint consequatur.','2014-12-30 00:00:00','2014-12-30 00:00:00'),(225,'Model','Dickens-Feil','Awesome Rubber Hat','512','Illo eveniet ducimus qui rerum id.','Doloribus aliquam totam omnis.',NULL,NULL,2,0,'Voluptas rerum repellat cupiditate et.','Quidem dolorum voluptas ratione.','2014-12-30 00:00:00','2014-12-30 00:00:00'),(226,'Model','Yundt, Schultz and Daugherty','Intelligent Cotton Shirt','513','Assumenda tenetur et alias modi nihil et similique.','Qui ad nihil consequatur doloribus distinctio tempore.',NULL,NULL,3,0,'Sed ullam sint id qui aut ipsam eum quos.','Eius quae voluptas ut ab sed.','2014-12-30 00:00:00','2014-12-30 00:00:00'),(227,'Model','Morar LLC','Ergonomic Cotton Shoes','514','Placeat est ducimus incidunt et.','Unde non harum facilis odit consequatur et.',NULL,NULL,0,0,'Iste molestiae corporis voluptatem velit placeat sed animi cum.','Quidem odio error doloribus distinctio ut nisi vel.','2014-12-30 00:00:00','2014-12-30 00:00:00'),(228,'Model','Ernser, Ankunding and Steuber','Fantastic Plastic Shirt','516','Eum quasi rerum et est maiores totam iure nihil.','Eos atque dolorem et rem nulla incidunt quae esse.',NULL,NULL,2,0,'Reprehenderit molestias aspernatur voluptatem corporis perspiciatis est.','Sed optio consequatur ut pariatur occaecati sequi neque voluptas.','2015-01-04 18:14:03','2015-01-04 18:14:03'),(229,'Model','Cruickshank, Douglas and Kessler','Awesome Granite Chair','517','Et et necessitatibus et voluptates a et atque recusandae.','Qui aut dolorum id aspernatur doloremque cum magni.',NULL,NULL,3,0,'Iste similique quasi enim ut non eius laboriosam.','Nisi labore atque sed.','2015-01-04 18:14:03','2015-01-04 18:14:03'),(230,'Model','Schaefer, Herzog and Will','Rustic Rubber Shirt','518','Modi dolor odio odit aut et.','Fugiat est laudantium voluptatum.',NULL,NULL,3,0,'Perferendis harum nostrum ut assumenda ullam autem.','Voluptas aspernatur est et assumenda est.','2015-01-04 18:14:03','2015-01-04 18:14:03'),(231,'Model','Connelly-Bernhard','Small Rubber Shirt','519','Eius sunt quidem porro.','Voluptatem consequatur quia nesciunt.',NULL,NULL,1,0,'Nostrum odit fuga sequi illum voluptate.','Non aut id nostrum.','2015-01-04 18:14:03','2015-01-04 18:14:03'),(232,'Model','Reilly-Luettgen','Awesome Concrete Shoes','520','Consectetur quidem placeat libero aut voluptatem ipsum quia.','Sed deserunt dolor earum quibusdam aperiam enim.',NULL,NULL,2,0,'Culpa repellendus est perferendis consequatur et ut aperiam dolor.','Beatae animi in ducimus et occaecati laboriosam reprehenderit.','2015-01-04 18:14:03','2015-01-04 18:14:03'),(233,'Model','Hauck LLC','Intelligent Plastic Hat','521','Provident et rerum sunt aut dolorem minus voluptatem quia.','Error ex animi a eius.',NULL,NULL,1,0,'In ipsam illum modi voluptatem qui exercitationem.','Sit deleniti doloremque iure veritatis eum iste distinctio.','2015-01-04 18:14:03','2015-01-04 18:14:03'),(234,'Model','Rippin, Bauch and Schiller','Small Steel Shoes','522','Cum veniam laudantium et et exercitationem nostrum.','Non fugiat voluptatem error repellendus nostrum.',NULL,NULL,1,0,'Aut ea quia dicta sint ut excepturi placeat et.','Minus dolore sit eos qui ex amet corporis maxime.','2015-01-04 18:14:03','2015-01-04 18:14:03'),(235,'Model','Maggio, Swift and Glover','Practical Plastic Chair','523','Veritatis iusto magni omnis ducimus laboriosam eligendi sed.','Aliquid consectetur omnis at illum sit accusamus numquam.',NULL,NULL,1,0,'Alias optio consequatur ipsam quasi vel explicabo.','Molestiae itaque voluptatem magni.','2015-01-04 18:14:03','2015-01-04 18:14:03'),(236,'Model','Witting and Sons','Ergonomic Granite Shirt','524','Eos eos eius veniam odio possimus quod.','Dolores omnis quod adipisci sed aperiam hic.',NULL,NULL,1,0,'Veniam cumque quia rerum sed.','Corrupti est a voluptatibus distinctio vel.','2015-01-04 18:14:03','2015-01-04 18:14:03'),(237,'Model','Powlowski Inc','Fantastic Cotton Computer','525','Omnis amet voluptate vero reprehenderit ratione distinctio quos laudantium.','Placeat numquam dicta consectetur repudiandae.',NULL,NULL,3,0,'Ipsam et aut nulla eaque fuga.','Labore nisi non mollitia veniam ratione.','2015-01-04 18:14:03','2015-01-04 18:14:03'),(238,'Model','Rice, Reichert and Kiehn','Sleek Rubber Hat','526','Unde nostrum dicta perferendis est ratione.','Odio rerum consequatur ducimus tempora.',NULL,NULL,0,0,'Natus nisi voluptate debitis tempore autem et veritatis.','Quisquam ipsa earum quam et.','2015-01-04 18:14:03','2015-01-04 18:14:03'),(239,'Model','Spinka-Ritchie','Rustic Plastic Car','527','Voluptatibus est velit soluta iure qui est.','Voluptatem molestias rerum labore accusantium deserunt minus earum.',NULL,NULL,0,0,'Perferendis magnam rem exercitationem quo velit ipsam cumque.','Fugit sit ipsa quisquam amet.','2015-01-04 18:14:03','2015-01-04 18:14:03'),(240,'Model','Koss-Jenkins','Fantastic Rubber Hat','528','Delectus odit cum hic.','Tempore nisi vero consequuntur voluptatum est occaecati.',NULL,NULL,3,0,'Natus qui hic maiores.','Accusamus vitae et consequuntur molestias culpa sit ducimus.','2015-01-04 18:14:03','2015-01-04 18:14:03'),(241,'Model','Douglas-Ortiz','Rustic Rubber Computer','529','Ut dolorum enim voluptas et.','Pariatur nesciunt voluptas assumenda voluptas dignissimos fuga tenetur.',NULL,NULL,1,0,'Omnis consequatur officia voluptates assumenda ut fugit.','Nostrum ut sunt libero ipsa provident.','2015-01-04 18:14:03','2015-01-04 18:14:03'),(242,'Model','Brown-Mertz','Gorgeous Granite Gloves','530','Qui voluptas reprehenderit repudiandae.','Quaerat est atque numquam.',NULL,NULL,1,0,'Ut ex quo qui sit et.','At neque dolores deserunt et.','2015-01-04 18:14:03','2015-01-04 18:14:03'),(243,'Model','Rosenbaum, Senger and Moore','Awesome Granite Pants','531','Omnis qui sint repellendus cum neque illum consequatur odit.','Debitis qui dolores ut quae aut cumque nulla qui.',NULL,NULL,1,0,'Fuga ex vitae id repellat tenetur ipsa eveniet voluptatem.','Molestiae sapiente voluptatem perspiciatis et.','2015-01-04 18:14:03','2015-01-04 18:14:03'),(244,'Model','Douglas, Buckridge and Hirthe','Sleek Wooden Computer','532','Omnis facilis dolores voluptas odio voluptatem blanditiis labore.','Rem quibusdam dignissimos distinctio ea.',NULL,NULL,1,0,'Quae nesciunt vel suscipit nemo non esse.','Sunt ut et sit eligendi beatae velit ducimus.','2014-12-30 00:00:00','2014-12-30 00:00:00'),(245,'Model','Runolfsson Inc','Fantastic Concrete Car','533','Quam sit optio earum reiciendis.','Provident perspiciatis reiciendis voluptates a et.',NULL,NULL,2,0,'Voluptatum quaerat ipsam iste dolor.','Nemo et reiciendis aut.','2014-12-30 00:00:00','2014-12-30 00:00:00'),(246,'Model','Ryan LLC','Sleek Concrete Shirt','534','Voluptatum fuga est aspernatur illo dolor perferendis.','Qui aut et aliquid eos debitis quas nulla.',NULL,NULL,2,0,'Quia sint consectetur molestiae.','Cum velit ea perspiciatis.','2014-12-30 00:00:00','2014-12-30 00:00:00'),(247,'Model','Keeling-Goodwin','Gorgeous Plastic Table','535','Est qui fugiat consequuntur beatae aut quod.','Quia eveniet est eum neque ea pariatur nobis.',NULL,NULL,3,0,'Natus voluptatem inventore optio dignissimos et ea ut quia.','Repellendus unde aspernatur veritatis id dolorum.','2015-01-04 18:14:03','2015-01-04 18:14:03'),(248,'Model','Runolfsdottir-Wunsch','Gorgeous Concrete Car','536','Quasi quia impedit et ab.','Et debitis autem cumque.',NULL,NULL,3,0,'Tenetur inventore neque omnis delectus adipisci aut.','Quisquam velit vel minus.','2015-01-04 18:14:03','2015-01-04 18:14:03'),(249,'Model','Huels-Carroll','Intelligent Concrete Pants','537','Consequuntur autem assumenda suscipit porro vero possimus rem quibusdam.','Sint nulla id perspiciatis quia impedit debitis.',NULL,NULL,1,0,'Laboriosam qui esse non.','Consequatur quibusdam sed ea.','2015-01-04 18:14:03','2015-01-04 18:14:03'),(250,'Model','Ullrich-Wyman','Rustic Steel Table','538','Voluptas dolores quod ut velit minus.','Cumque iste facilis ad distinctio omnis voluptatem enim velit.',NULL,NULL,3,0,'Saepe voluptatem et quis et pariatur.','Quaerat sunt accusamus qui eaque.','2015-01-04 18:14:03','2015-01-04 18:14:03'),(251,'Model','Swaniawski and Sons','Rustic Steel Gloves','539','Impedit repudiandae optio omnis molestias aperiam dolorem.','Quos natus aut totam asperiores.',NULL,NULL,3,0,'Sapiente est quae similique quia.','Cupiditate accusantium doloribus id consequuntur animi ducimus alias quos.','2015-01-04 18:14:03','2015-01-04 18:14:03'),(252,'Model','Luettgen-Huel','Sleek Concrete Table','540','Quas eligendi repudiandae occaecati voluptates quo laborum dolores.','Blanditiis id nisi alias aut.',NULL,NULL,0,0,'Tempora similique provident ut harum facere consequuntur.','Earum eveniet et iure.','2015-01-04 18:14:03','2015-01-04 18:14:03'),(253,'Model','Hermiston-Baumbach','Awesome Granite Computer','541','Debitis sed omnis magnam qui aperiam quas tenetur.','Quidem voluptatem eveniet temporibus.',NULL,NULL,2,0,'Ab vel sed amet ipsum.','Sit rerum perferendis dicta distinctio et accusantium.','2015-01-04 18:14:03','2015-01-04 18:14:03'),(254,'Model','Reilly, Paucek and Hackett','Rustic Plastic Gloves','542','Accusantium iste rem ducimus deleniti quos nihil magni.','Libero nobis est placeat est possimus praesentium voluptatem.',NULL,NULL,1,0,'Optio id atque magni quo autem eaque quia consectetur.','Id quam ipsum debitis corrupti similique rerum assumenda.','2015-01-04 18:14:03','2015-01-04 18:14:03'),(255,'Model','Kshlerin-Heller','Incredible Steel Car','543','Iusto ut ad cum atque natus.','Excepturi amet dolorem aut.',NULL,NULL,2,0,'Velit sit autem eius ut nulla est.','Et totam quibusdam consequatur animi nam.','2015-01-04 18:14:03','2015-01-04 18:14:03'),(256,'Model','Gleichner Inc','Sleek Steel Computer','544','Eos quo quaerat adipisci.','Ea velit at et iste quo.',NULL,NULL,0,0,'Reiciendis magni dignissimos vitae.','Laudantium tempore est repellat.','2015-01-04 18:14:03','2015-01-04 18:14:03'),(257,'Model','Emmerich-Gottlieb','Awesome Wooden Table','545','Sit ab earum omnis.','Aut quibusdam quis velit eius.',NULL,NULL,2,0,'Sed nesciunt quis aut aliquam inventore temporibus.','Sit similique quisquam maxime quo voluptas.','2015-01-04 18:14:03','2015-01-04 18:14:03'),(258,'Model','Jacobs-Barrows','Fantastic Wooden Shirt','546','Pariatur alias expedita suscipit excepturi facilis impedit eaque.','Fugiat blanditiis illum necessitatibus molestiae ea rerum sit.',NULL,NULL,1,0,'Nobis quia est harum.','Cum laborum ea dicta aut sunt ut.','2015-01-04 18:14:03','2015-01-04 18:14:03'),(259,'Model','Schumm LLC','Incredible Cotton Car','547','Sapiente sint vel odio ut illum assumenda praesentium.','Totam deleniti debitis sed ipsa consectetur saepe atque.',NULL,NULL,2,0,'Dolorem tenetur voluptatem beatae ut.','Qui repudiandae vitae expedita ut quaerat dolores.','2015-01-04 18:14:03','2015-01-04 18:14:03'),(260,'Model','Hegmann, Larson and Schmeler','Rustic Granite Pants','548','Odit voluptas accusamus suscipit temporibus animi quaerat quibusdam dolores.','Amet tempore vitae aut sed enim magni.',NULL,NULL,1,0,'Qui tenetur beatae consequatur est cupiditate dicta.','Facilis dignissimos et nisi non consequatur.','2015-01-04 18:14:03','2015-01-04 18:14:03'),(261,'Model','Jones and Sons','Sleek Concrete Hat','549','Recusandae illum deserunt neque a aliquam laborum.','Hic cumque sit minima fugiat expedita magnam nihil.',NULL,NULL,1,0,'Voluptatem molestias ut nihil consequatur velit ut.','Saepe quia nemo impedit quos laudantium.','2015-01-04 18:14:03','2015-01-04 18:14:03'),(262,'Model','Hayes and Sons','Rustic Concrete Gloves','550','Expedita explicabo et architecto.','Consequuntur excepturi dicta enim quis qui omnis.',NULL,NULL,3,0,'Iste ut sint et voluptatum.','Error tempore reiciendis quia tenetur voluptatem excepturi veniam.','2015-01-04 18:14:03','2015-01-04 18:14:03'),(263,'Model','Wyman, Von and Schoen','Fantastic Granite Gloves','551','Fugiat totam vel error dicta aperiam repudiandae qui.','Id labore quia ut.',NULL,NULL,1,0,'Voluptatum qui recusandae eos fuga.','Culpa quia dolorem nesciunt.','2015-01-04 18:14:03','2015-01-04 18:14:03'),(264,'Model','Spinka, Quitzon and Kuhn','Practical Concrete Shirt','552','Ab deleniti ea quia harum.','Dolore sapiente optio sed perferendis et consequuntur architecto.',NULL,NULL,0,0,'Facere mollitia deserunt error ut nam reprehenderit.','Tempora quia consequuntur quod laborum voluptatibus aliquam consectetur dolorem.','2015-01-04 18:14:03','2015-01-04 18:14:03'),(265,'Model','Wunsch and Sons','Rustic Cotton Hat','553','Illum minima molestias sit.','Nobis dolorem et odit voluptas.',NULL,NULL,3,0,'Illo aut quas itaque vel ex sit consequuntur.','Id est perspiciatis voluptas perferendis.','2015-01-04 18:14:03','2015-01-04 18:14:03'),(266,'Model','Hoeger LLC','Small Granite Hat','554','Tempore unde eum sit dolorum omnis sequi soluta.','Et aut molestiae qui sint et doloribus blanditiis non.',NULL,NULL,1,0,'Doloremque ut perspiciatis dolorem.','Optio accusamus tenetur qui consequatur quisquam.','2015-01-04 18:14:03','2015-01-04 18:14:03'),(267,'Model','Kuvalis Inc','Sleek Rubber Shirt','555','Quia asperiores architecto itaque aut.','Voluptas enim magnam fuga et natus.',NULL,NULL,3,0,'Aperiam ut itaque occaecati ea explicabo repellendus rerum.','Dolor praesentium nulla optio nobis sed maxime voluptatem ut.','2015-01-04 18:14:03','2015-01-04 18:14:03'),(268,'Model','Armstrong Inc','Gorgeous Steel Hat','556','Quidem sed minima ipsum facere.','Aut voluptas quia velit eaque iste quos dicta.',NULL,NULL,3,0,'Atque sit aut eos aliquid excepturi.','Officia placeat sunt ullam qui quo labore omnis.','2015-01-04 18:14:03','2015-01-04 18:14:03'),(269,'Model','Hickle, Waelchi and Bernier','Fantastic Concrete Shirt','557','Est odio assumenda sunt voluptatem quam sapiente.','Eum non sed perferendis quaerat dolorem.',NULL,NULL,1,0,'Laborum veniam doloribus voluptate.','Velit voluptate in sed et quae illum neque.','2015-01-04 18:14:03','2015-01-04 18:14:03'),(270,'Model','Conroy LLC','Intelligent Concrete Computer','558','Et voluptatem placeat quos ipsam voluptate omnis sint consectetur.','Similique est quo est odit.',NULL,NULL,3,0,'A voluptas cumque possimus et alias officia.','Ut architecto eos velit placeat aperiam vel sequi sint.','2015-01-04 18:14:03','2015-01-04 18:14:03'),(271,'Model','Rolfson, VonRueden and Robel','Practical Rubber Gloves','559','Officiis veniam aut quia placeat sint.','Enim rerum quo eum.',NULL,NULL,0,0,'Ut doloremque et voluptate tempora maiores.','Ducimus impedit odio natus accusamus nam deserunt quasi dolores.','2015-01-04 18:14:03','2015-01-04 18:14:03'),(272,'Model','Greenfelder-Abbott','Rustic Wooden Shirt','560','Numquam repellat sed molestiae et sed.','Beatae est in sed quam.',NULL,NULL,0,0,'Ea deleniti labore dolores.','Cupiditate nam adipisci voluptatem similique ducimus.','2015-01-04 18:14:03','2015-01-04 18:14:03'),(273,'Model','Schmeler, Mraz and Mann','Ergonomic Rubber Chair','561','Odit vel in impedit nostrum eos soluta harum adipisci.','In nihil qui esse voluptates nesciunt et architecto.',NULL,NULL,1,0,'Dolore qui quasi corporis placeat aut vero.','Tempore eos sint ut quia architecto dolorem.','2015-01-04 18:14:03','2015-01-04 18:14:03'),(274,'Model','Luettgen, Hahn and Hodkiewicz','Gorgeous Cotton Computer','562','Cupiditate vero itaque illum fugiat.','Dolor aut illum vitae et enim ut earum.',NULL,NULL,3,0,'Maiores aliquid esse quas soluta rerum.','Reiciendis laboriosam tempora beatae magnam nostrum blanditiis.','2015-01-04 18:14:03','2015-01-04 18:14:03'),(275,'Model','Weissnat-Rosenbaum','Sleek Granite Car','563','Molestias consequatur similique voluptatem rerum soluta inventore maxime.','Voluptate eaque quasi dolorum eligendi ea.',NULL,NULL,0,0,'Fugit omnis sed et asperiores.','Aperiam ipsam in qui.','2015-01-04 18:14:03','2015-01-04 18:14:03'),(276,'Model','Reinger, Keebler and Hoeger','Gorgeous Granite Car','564','Reprehenderit architecto blanditiis iusto qui quas.','Suscipit soluta error voluptas doloremque qui dolorum.',NULL,NULL,2,0,'A suscipit voluptatibus placeat et.','Corporis facilis et sed cupiditate autem quod nobis et.','2015-01-04 18:14:03','2015-01-04 18:14:03'),(277,'Model','Gerhold and Sons','Practical Plastic Shoes','565','Ut ipsa impedit cumque dolore cum hic omnis.','Sapiente consequatur facilis facere.',NULL,NULL,1,0,'Sint optio quasi expedita sed qui omnis eius.','Qui aliquid sit ut.','2015-01-04 18:14:03','2015-01-04 18:14:03'),(278,'Model','Reynolds-Greenholt','Intelligent Concrete Chair','566','Aut nesciunt nobis ab veniam dolor ex.','Labore debitis non possimus qui officiis pariatur error atque.',NULL,NULL,2,0,'Ducimus quod omnis aut repudiandae qui sequi numquam.','Voluptatem in vel dolores earum accusantium eos quod.','2015-01-04 18:14:03','2015-01-04 18:14:03'),(279,'Model','Corkery, Rosenbaum and Torp','Intelligent Granite Pants','567','Ea fuga consequatur saepe.','Qui consequatur et fugit vitae laboriosam quia suscipit numquam.',NULL,NULL,2,0,'Est facere at deserunt deleniti.','Nemo sequi mollitia non.','2015-01-04 18:14:03','2015-01-04 18:14:03'),(280,'Model','Denesik LLC','Rustic Wooden Car','568','Dolor maiores cum aut molestias.','Quisquam qui autem consequatur.',NULL,NULL,2,0,'Consequatur doloremque non magnam sunt est error ut.','Incidunt quo qui ut eveniet.','2015-01-04 18:14:03','2015-01-04 18:14:03'),(281,'Model','Kiehn-Keebler','Fantastic Rubber Car','569','Ipsam culpa ea aut voluptas.','Sit consequatur necessitatibus ut suscipit aut omnis soluta.',NULL,NULL,1,0,'Occaecati voluptatem quia voluptate recusandae incidunt veritatis.','Eius qui ut eaque.','2015-01-04 18:14:03','2015-01-04 18:14:03'),(282,'Model','Predovic, Daniel and Reinger','Small Rubber Chair','570','Totam voluptatem vel illum molestias magnam et voluptatem.','Sed iure quae sed et.',NULL,NULL,2,0,'Natus modi voluptas aut doloribus omnis ut sunt voluptas.','Necessitatibus quia veritatis consectetur.','2015-01-04 18:14:03','2015-01-04 18:14:03'),(283,'Model','Reichert, Corwin and Pollich','Awesome Wooden Computer','571','Dolor similique et expedita ducimus ex.','Cumque nam voluptatem dolorum et maiores blanditiis repudiandae perferendis.',NULL,NULL,3,0,'Enim enim aut voluptas et.','Modi iusto rerum ea sunt facere.','2015-01-04 18:14:03','2015-01-04 18:14:03'),(284,'Model','Johnson, Rau and Kub','Fantastic Granite Car','572','Odit ut similique amet ut suscipit.','Non consequatur qui eaque molestiae magni repellendus.',NULL,NULL,2,0,'Assumenda aut laborum fuga.','In laboriosam molestiae est sed quidem voluptatem temporibus.','2015-01-04 18:14:03','2015-01-04 18:14:03'),(285,'Model','Treutel, Dicki and Gutkowski','Rustic Concrete Computer','573','Hic enim laborum nihil nisi ullam.','Accusantium maiores harum enim excepturi atque.',NULL,NULL,3,0,'Occaecati ut ipsa velit quod maxime.','Dolor voluptatem quas tempore vero perferendis illo.','2015-01-04 18:14:03','2015-01-04 18:14:03'),(286,'Model','Zieme-Ritchie','Intelligent Steel Hat','574','Velit aperiam adipisci nihil.','Magnam reiciendis alias consequatur ea adipisci harum nobis.',NULL,NULL,0,0,'Itaque distinctio consequatur earum porro unde.','Ipsam dolorem suscipit molestiae autem aut minima quam.','2015-01-04 18:14:03','2015-01-04 18:14:03'),(287,'Model','Bode-Jacobs','Rustic Cotton Table','575','Assumenda deserunt ut vel quod voluptas inventore.','In dolor consequatur et ad modi illum.',NULL,NULL,0,0,'Aspernatur et blanditiis error enim inventore consequatur laboriosam.','Nihil quasi soluta praesentium qui occaecati quibusdam aut.','2015-01-04 18:14:03','2015-01-04 18:14:03'),(288,'Model','Sauer, Upton and Mitchell','Practical Plastic Car','576','Quasi inventore cumque totam.','Magnam ipsam nemo corporis.',NULL,NULL,1,0,'Maiores odio ut repellat natus.','Veritatis natus voluptatem odio laborum autem reprehenderit non nihil.','2015-01-04 18:14:03','2015-01-04 18:14:03'),(289,'Model','Leannon-Bayer','Gorgeous Wooden Computer','577','Voluptas ut nihil explicabo praesentium dolorem dolores delectus.','Et temporibus harum esse voluptatum eligendi qui a.',NULL,NULL,1,0,'Ab qui minima ut eum ad.','Magnam consequatur doloribus quia tempora.','2015-01-04 18:14:03','2015-01-04 18:14:03'),(290,'Model','Watsica, Huel and Klocko','Gorgeous Wooden Chair','578','Ut blanditiis rerum aut sed dolore iure.','Ut iure sequi et neque molestiae dolor aut.',NULL,NULL,2,0,'Doloremque sunt error unde culpa laboriosam iste excepturi non.','Itaque maiores aliquam dicta nobis voluptatibus consequatur cupiditate recusandae.','2015-01-04 18:14:03','2015-01-04 18:14:03'),(291,'Model','Gerlach-Grant','Gorgeous Rubber Hat','579','Ratione libero mollitia qui eaque qui.','Aut repellat dolor neque maxime sed dolorem rem qui.',NULL,NULL,3,0,'Harum ut a et atque vel vitae.','Quasi cumque praesentium quaerat tempore.','2015-01-04 18:14:03','2015-01-04 18:14:03'),(292,'Model','Hayes-Cummerata','Small Steel Gloves','580','Id quo vel qui.','Corrupti enim odio molestias.',NULL,NULL,1,0,'Distinctio dolorem culpa est enim qui natus doloremque voluptatum.','Magni possimus harum autem inventore sunt qui voluptatem fuga.','2015-01-04 18:14:03','2015-01-04 18:14:03'),(293,'Model','Boyle, Kuphal and Kuhn','Sleek Wooden Shoes','581','Adipisci dolores quibusdam repellendus distinctio ipsum.','Et error minus id et nisi reprehenderit quam aliquid.',NULL,NULL,2,0,'Mollitia in fugiat facere perferendis.','Illum sint iste cupiditate quas enim officia.','2015-01-04 18:14:03','2015-01-04 18:14:03'),(294,'Model','Jerde-Cormier','Incredible Wooden Pants','582','Ut natus aut atque distinctio ullam.','Architecto est cupiditate et sapiente debitis consequatur.',NULL,NULL,0,0,'Nesciunt omnis voluptas impedit.','Aut nihil eaque nesciunt est quod cupiditate odit.','2015-01-04 18:14:03','2015-01-04 18:14:03'),(295,'Model','Strosin-Gaylord','Rustic Rubber Pants','583','Et hic accusamus sint nam architecto.','Consectetur maxime et sed sunt deserunt.',NULL,NULL,0,0,'Aut vel temporibus qui nulla officia et saepe voluptas.','Sunt eum sed est eaque perspiciatis ab laborum aut.','2015-01-04 18:14:03','2015-01-04 18:14:03'),(296,'Model','Homenick Inc','Incredible Concrete Car','584','Magni eveniet adipisci repellat esse sint aliquid quia vel.','Corrupti beatae maiores ut eligendi rerum exercitationem.',NULL,NULL,1,0,'Minus ipsam quia dolore nobis ullam.','Dolore quia molestias esse rerum.','2015-01-04 18:14:03','2015-01-04 18:14:03'),(297,'Model','Ebert-Cremin','Intelligent Granite Shirt','585','Praesentium deleniti iure unde.','Natus et ut velit est omnis.',NULL,NULL,3,0,'Quo iusto sed ipsum quis ducimus rerum eaque.','Quia esse enim itaque voluptatem quia eos.','2015-01-04 18:14:03','2015-01-04 18:14:03'),(298,'Model','Barrows and Sons','Intelligent Plastic Shirt','586','Et neque quod quam qui quia.','Sed in eveniet voluptate cupiditate esse aut.',NULL,NULL,0,0,'Aut repellendus ratione omnis.','Distinctio repellat eum consequatur provident.','2015-01-04 18:14:03','2015-01-04 18:14:03'),(299,'Model','Ebert and Sons','Fantastic Plastic Table','587','Non reprehenderit illo minus dicta.','Porro sit dolores nihil quaerat voluptatem nulla sequi ut.',NULL,NULL,0,0,'Quas vel soluta animi nobis alias.','Id at corrupti optio dicta est dolor iusto excepturi.','2015-01-04 18:14:03','2015-01-04 18:14:03'),(300,'Model','Hermiston-Kuphal','Ergonomic Concrete Table','588','Aperiam architecto optio nisi ratione incidunt.','Sit itaque quia ut dolorem debitis dolorum dolores ratione.',NULL,NULL,0,0,'Quis neque voluptate asperiores incidunt laudantium debitis.','Inventore ut et exercitationem blanditiis et enim sit.','2015-01-04 18:14:03','2015-01-04 18:14:03'),(301,'Model','Sauer LLC','Incredible Plastic Pants','589','Natus recusandae dolor voluptate voluptates est a repudiandae quam.','Temporibus in quia reprehenderit consequatur perspiciatis sed officiis accusantium.',NULL,NULL,0,0,'Aliquid ea sed incidunt quia error.','Alias itaque officia rem ullam nostrum.','2015-01-04 18:14:03','2015-01-04 18:14:03'),(302,'Model','Wilderman Group','Incredible Concrete Chair','590','Illo sed fugit neque rerum.','Consequatur saepe laudantium maxime illum error recusandae tempora.',NULL,NULL,0,0,'Reprehenderit ab eaque nihil libero eius.','Voluptatem aut ut sint voluptate quibusdam.','2015-01-04 18:14:03','2015-01-04 18:14:03'),(303,'Model','Abernathy, Will and Streich','Sleek Granite Chair','591','Et odio reprehenderit nisi in deleniti commodi velit.','Distinctio omnis voluptatibus maiores iste dolores.',NULL,NULL,2,0,'Voluptatem ratione porro qui in.','Dolor eveniet suscipit nisi.','2015-01-04 18:14:03','2015-01-04 18:14:03'),(304,'Model','Leuschke-Friesen','Fantastic Concrete Shoes','592','Qui voluptate consequatur laboriosam facilis.','Odio facere qui consectetur cumque.',NULL,NULL,0,0,'Cum sit voluptatem sit qui quia ratione eos.','Est porro assumenda sint aliquid.','2015-01-04 18:14:03','2015-01-04 18:14:03'),(305,'Model','Little and Sons','Fantastic Wooden Pants','593','Nisi odit dolore labore mollitia magnam distinctio laboriosam dolorem.','Officiis non soluta nulla consequatur velit nihil numquam.',NULL,NULL,2,0,'Consectetur reiciendis omnis consequatur ut tempore.','Aut rerum in asperiores possimus praesentium voluptas dolorum illum.','2015-01-04 18:14:03','2015-01-04 18:14:03'),(306,'Model','Prosacco Group','Practical Granite Gloves','594','Dolorem amet quia quia aut libero recusandae.','Magni delectus rem dolores ut provident aspernatur consequuntur et.',NULL,NULL,3,0,'Quis cumque est non non odit.','Deserunt et perspiciatis dolor illo voluptatem quo excepturi.','2015-01-04 18:14:03','2015-01-04 18:14:03'),(307,'Model','Heathcote and Sons','Intelligent Granite Car','595','Esse eligendi iste dolorem voluptatem quis.','Facilis consequatur incidunt consequatur aut.',NULL,NULL,0,0,'Numquam qui fuga cumque ipsa.','Consequatur vero deleniti tempore occaecati.','2015-01-04 18:14:03','2015-01-04 18:14:03'),(308,'Model','Grady-Weber','Practical Wooden Car','596','Beatae nisi animi quia harum.','Reprehenderit velit voluptatum ratione iusto est.',NULL,NULL,3,0,'Sunt tempora ab expedita molestiae incidunt pariatur veritatis unde.','Tempore aliquid vel quia facere nesciunt atque dolor.','2015-01-04 18:14:03','2015-01-04 18:14:03'),(309,'Model','Sipes, Schultz and Bradtke','Intelligent Steel Pants','597','Ratione facilis ut provident enim mollitia.','Molestias cumque dolorum voluptatem accusantium quo et dignissimos necessitatibus.',NULL,NULL,0,0,'Nam quo veniam soluta quia laborum iusto qui.','Sunt error dolorem quos.','2015-01-04 18:14:03','2015-01-04 18:14:03'),(310,'Model','Weissnat LLC','Small Wooden Pants','598','Itaque soluta quod vel earum quibusdam voluptas.','Sit esse nesciunt qui ea.',NULL,NULL,3,0,'Nemo aut similique aut sed recusandae.','Ipsum corporis dolores quisquam.','2015-01-04 18:14:03','2015-01-04 18:14:03'),(311,'Model','Towne-Stroman','Awesome Plastic Shirt','599','Amet sint quo tenetur laborum necessitatibus vel.','Illum sed atque soluta distinctio delectus.',NULL,NULL,1,0,'Accusantium facere quasi ut reprehenderit occaecati blanditiis voluptatem id.','Iusto impedit eveniet ab nobis tempora quaerat repellat soluta.','2015-01-04 18:14:03','2015-01-04 18:14:03'),(312,'Model','Bernier LLC','Incredible Wooden Hat','600','Nostrum consequuntur dolor aut.','Nulla molestiae autem eum dolor.',NULL,NULL,2,0,'Ea ipsam ratione voluptatem impedit.','Quidem doloremque tempora laboriosam ut veniam voluptas quo ut.','2015-01-04 18:14:03','2015-01-04 18:14:03'),(313,'Model','Feeney-Hessel','Intelligent Rubber Hat','601','Sit iste libero autem earum.','Quam repellendus molestiae omnis.',NULL,NULL,3,0,'A non qui magnam eos.','Id accusantium at molestiae rem provident excepturi.','2015-01-04 18:14:03','2015-01-04 18:14:03'),(314,'Model','Wisoky Group','Awesome Concrete Car','602','Magnam voluptatum iste consequatur consequatur molestias sed totam excepturi.','Dolor debitis qui et eius rem aut blanditiis.',NULL,NULL,1,0,'Qui ratione nemo quia repellat doloremque.','Eveniet rerum voluptatem facilis neque atque eos eligendi.','2015-01-04 18:14:03','2015-01-04 18:14:03'),(315,'Model','Eichmann, Flatley and Boehm','Small Granite Car','603','Illo harum omnis quibusdam mollitia.','Numquam velit quis ducimus doloremque omnis.',NULL,NULL,3,0,'Sequi veritatis vel excepturi ratione.','Veritatis quisquam at perspiciatis aut.','2015-01-04 18:14:03','2015-01-04 18:14:03'),(316,'Model','Maggio, Connelly and Ryan','Sleek Plastic Table','604','Quis et error blanditiis.','Possimus aliquid ipsum aperiam officia quis eos maxime ipsa.',NULL,NULL,3,0,'Et id est quasi.','Eum neque nihil voluptas est non doloremque qui dolores.','2015-01-04 18:14:03','2015-01-04 18:14:03'),(317,'Software','Glover and Sons','Practical Cotton Chair','605',NULL,NULL,NULL,NULL,0,0,NULL,NULL,'2015-01-04 18:14:03','2015-01-04 18:14:03'),(318,'Model','MacGyver-Leuschke','Sleek Plastic Computer','606','Perferendis dolores consequatur quisquam.','Omnis quo dolorum reiciendis rerum illum.',NULL,NULL,2,0,'Quia veritatis repudiandae esse minima.','Quasi nihil omnis possimus ut dolorum.','2015-01-04 18:14:03','2015-01-04 18:14:03'),(319,'Model','Donnelly, Rosenbaum and Ferry','Sleek Cotton Shirt','607','Sapiente est eius et qui autem dolorem ut eum.','Tempora consectetur id nihil.',NULL,NULL,1,0,'Praesentium assumenda voluptas laboriosam quis adipisci non dolor.','Dignissimos illo aliquid et vitae iure aut ipsum enim.','2015-01-04 18:14:03','2015-01-04 18:14:03'),(320,'Model','Mohr-Conn','Incredible Plastic Shirt','608','Totam quam qui voluptas.','Fugiat placeat voluptatem itaque sint atque.',NULL,NULL,0,0,'Voluptatem mollitia sed placeat.','Omnis omnis adipisci laudantium voluptas harum.','2015-01-04 18:14:03','2015-01-04 18:14:03'),(321,'Model','Labadie-Bednar','Awesome Cotton Shoes','609','Et incidunt qui quae.','Eos aut provident architecto odit eius.',NULL,NULL,1,0,'Unde modi aliquam voluptatem nam blanditiis repellat nisi.','Et odit ipsa itaque dicta dolores doloremque.','2015-01-04 18:14:03','2015-01-04 18:14:03');
/*!40000 ALTER TABLE `models` ENABLE KEYS */;
UNLOCK TABLES;

--
-- Table structure for table `models_compatibles`
--

DROP TABLE IF EXISTS `models_compatibles`;
/*!40101 SET @saved_cs_client     = @@character_set_client */;
/*!40101 SET character_set_client = utf8 */;
CREATE TABLE `models_compatibles` (
  `model_id` int(11) DEFAULT NULL,
  `compatible_id` int(11) DEFAULT NULL,
  KEY `index_models_compatibles_on_compatible_id` (`compatible_id`),
  KEY `index_models_compatibles_on_model_id` (`model_id`)
) ENGINE=InnoDB DEFAULT CHARSET=utf8 COLLATE=utf8_unicode_ci;
/*!40101 SET character_set_client = @saved_cs_client */;

--
-- Dumping data for table `models_compatibles`
--

LOCK TABLES `models_compatibles` WRITE;
/*!40000 ALTER TABLE `models_compatibles` DISABLE KEYS */;
INSERT INTO `models_compatibles` VALUES (148,147),(149,147),(150,147);
/*!40000 ALTER TABLE `models_compatibles` ENABLE KEYS */;
UNLOCK TABLES;

--
-- Table structure for table `notifications`
--

DROP TABLE IF EXISTS `notifications`;
/*!40101 SET @saved_cs_client     = @@character_set_client */;
/*!40101 SET character_set_client = utf8 */;
CREATE TABLE `notifications` (
  `id` int(11) NOT NULL AUTO_INCREMENT,
  `user_id` int(11) DEFAULT NULL,
  `title` varchar(255) COLLATE utf8_unicode_ci DEFAULT '',
  `created_at` datetime NOT NULL,
  PRIMARY KEY (`id`),
  KEY `index_notifications_on_user_id` (`user_id`)
) ENGINE=InnoDB DEFAULT CHARSET=utf8 COLLATE=utf8_unicode_ci;
/*!40101 SET character_set_client = @saved_cs_client */;

--
-- Dumping data for table `notifications`
--

LOCK TABLES `notifications` WRITE;
/*!40000 ALTER TABLE `notifications` DISABLE KEYS */;
/*!40000 ALTER TABLE `notifications` ENABLE KEYS */;
UNLOCK TABLES;

--
-- Table structure for table `numerators`
--

DROP TABLE IF EXISTS `numerators`;
/*!40101 SET @saved_cs_client     = @@character_set_client */;
/*!40101 SET character_set_client = utf8 */;
CREATE TABLE `numerators` (
  `id` int(11) NOT NULL AUTO_INCREMENT,
  `item` int(11) DEFAULT NULL,
  PRIMARY KEY (`id`)
) ENGINE=InnoDB DEFAULT CHARSET=utf8 COLLATE=utf8_unicode_ci;
/*!40101 SET character_set_client = @saved_cs_client */;

--
-- Dumping data for table `numerators`
--

LOCK TABLES `numerators` WRITE;
/*!40000 ALTER TABLE `numerators` DISABLE KEYS */;
/*!40000 ALTER TABLE `numerators` ENABLE KEYS */;
UNLOCK TABLES;

--
-- Table structure for table `options`
--

DROP TABLE IF EXISTS `options`;
/*!40101 SET @saved_cs_client     = @@character_set_client */;
/*!40101 SET character_set_client = utf8 */;
CREATE TABLE `options` (
  `id` int(11) NOT NULL AUTO_INCREMENT,
  `inventory_pool_id` int(11) DEFAULT NULL,
  `inventory_code` varchar(255) COLLATE utf8_unicode_ci DEFAULT NULL,
  `manufacturer` varchar(255) COLLATE utf8_unicode_ci DEFAULT NULL,
  `product` varchar(255) COLLATE utf8_unicode_ci NOT NULL,
  `version` varchar(255) COLLATE utf8_unicode_ci DEFAULT NULL,
  `price` decimal(8,2) DEFAULT NULL,
  PRIMARY KEY (`id`),
  KEY `index_options_on_inventory_pool_id` (`inventory_pool_id`)
) ENGINE=InnoDB AUTO_INCREMENT=7 DEFAULT CHARSET=utf8 COLLATE=utf8_unicode_ci;
/*!40101 SET character_set_client = @saved_cs_client */;

--
-- Dumping data for table `options`
--

LOCK TABLES `options` WRITE;
/*!40000 ALTER TABLE `options` DISABLE KEYS */;
INSERT INTO `options` VALUES (1,1,'akku-aa',NULL,'Akku AA','401','409.00'),(2,1,'akku-aaa',NULL,'Akku AAA','402','763.00'),(3,1,'usb',NULL,'USB Kabel','403','1062.00'),(4,1,'asp9073',NULL,'Gorgeous Cotton Shoes','507','1400.00'),(5,1,'qui10283',NULL,'Ergonomic Cotton Table','509','523.00'),(6,2,'ver5157',NULL,'Incredible Cotton Shoes','515','364.00');
/*!40000 ALTER TABLE `options` ENABLE KEYS */;
UNLOCK TABLES;

--
-- Table structure for table `partitions`
--

DROP TABLE IF EXISTS `partitions`;
/*!40101 SET @saved_cs_client     = @@character_set_client */;
/*!40101 SET character_set_client = utf8 */;
CREATE TABLE `partitions` (
  `id` int(11) NOT NULL AUTO_INCREMENT,
  `model_id` int(11) DEFAULT NULL,
  `inventory_pool_id` int(11) DEFAULT NULL,
  `group_id` int(11) DEFAULT NULL,
  `quantity` int(11) DEFAULT NULL,
  PRIMARY KEY (`id`),
  UNIQUE KEY `index_partitions_on_model_id_and_inventory_pool_id_and_group_id` (`model_id`,`inventory_pool_id`,`group_id`)
) ENGINE=InnoDB AUTO_INCREMENT=12 DEFAULT CHARSET=utf8 COLLATE=utf8_unicode_ci;
/*!40101 SET character_set_client = @saved_cs_client */;

--
-- Dumping data for table `partitions`
--

LOCK TABLES `partitions` WRITE;
/*!40000 ALTER TABLE `partitions` DISABLE KEYS */;
INSERT INTO `partitions` VALUES (1,111,1,4,1),(2,149,1,5,1),(3,150,1,6,5),(4,148,1,1,1),(5,80,1,1,1),(6,80,1,2,1),(7,170,1,7,1),(8,179,1,7,1),(9,187,1,7,1),(10,198,1,8,1),(11,207,1,7,1);
/*!40000 ALTER TABLE `partitions` ENABLE KEYS */;
UNLOCK TABLES;

--
-- Temporary table structure for view `partitions_with_generals`
--

DROP TABLE IF EXISTS `partitions_with_generals`;
/*!50001 DROP VIEW IF EXISTS `partitions_with_generals`*/;
SET @saved_cs_client     = @@character_set_client;
SET character_set_client = utf8;
/*!50001 CREATE TABLE `partitions_with_generals` (
  `model_id` int(11),
  `inventory_pool_id` int(11),
  `group_id` int(11),
  `quantity` decimal(33,0)
) ENGINE=MyISAM */;
SET character_set_client = @saved_cs_client;

--
-- Table structure for table `properties`
--

DROP TABLE IF EXISTS `properties`;
/*!40101 SET @saved_cs_client     = @@character_set_client */;
/*!40101 SET character_set_client = utf8 */;
CREATE TABLE `properties` (
  `id` int(11) NOT NULL AUTO_INCREMENT,
  `model_id` int(11) DEFAULT NULL,
  `key` varchar(255) COLLATE utf8_unicode_ci DEFAULT NULL,
  `value` varchar(255) COLLATE utf8_unicode_ci DEFAULT NULL,
  PRIMARY KEY (`id`),
  KEY `index_properties_on_model_id` (`model_id`)
) ENGINE=InnoDB AUTO_INCREMENT=13 DEFAULT CHARSET=utf8 COLLATE=utf8_unicode_ci;
/*!40101 SET character_set_client = @saved_cs_client */;

--
-- Dumping data for table `properties`
--

LOCK TABLES `properties` WRITE;
/*!40000 ALTER TABLE `properties` DISABLE KEYS */;
INSERT INTO `properties` VALUES (1,148,'Rotorduchmesser','120'),(2,148,'Akkus','2'),(3,148,'Farbe','Rot'),(4,149,'Rotorduchmesser','120'),(5,149,'Akkus','2'),(6,149,'Farbe','Rot'),(7,149,'max. Speed','80 kmh'),(8,149,'Gyro','Ja'),(9,149,'Achsen','3-Achsen'),(10,150,'Rotorduchmesser','120'),(11,150,'Akkus','2'),(12,150,'Farbe','Rot');
/*!40000 ALTER TABLE `properties` ENABLE KEYS */;
UNLOCK TABLES;

--
-- Table structure for table `purposes`
--

DROP TABLE IF EXISTS `purposes`;
/*!40101 SET @saved_cs_client     = @@character_set_client */;
/*!40101 SET character_set_client = utf8 */;
CREATE TABLE `purposes` (
  `id` int(11) NOT NULL AUTO_INCREMENT,
  `description` text COLLATE utf8_unicode_ci,
  PRIMARY KEY (`id`)
) ENGINE=InnoDB AUTO_INCREMENT=48 DEFAULT CHARSET=utf8 COLLATE=utf8_unicode_ci;
/*!40101 SET character_set_client = @saved_cs_client */;

--
-- Dumping data for table `purposes`
--

LOCK TABLES `purposes` WRITE;
/*!40000 ALTER TABLE `purposes` DISABLE KEYS */;
INSERT INTO `purposes` VALUES (1,'---\n- Provident rem nemo corrupti ut.\n- Cum eaque velit omnis temporibus consequuntur sunt est.\n'),(2,'---\n- Quidem est rerum quaerat nobis.\n- Aut quia mollitia rerum neque harum quibusdam aspernatur.\n'),(3,'Ersatzstativ fr die Ausstellung.'),(4,'Ersatzstativ fr die Ausstellung.'),(5,'Ersatzstativ fr die Ausstellung.'),(6,'Ersatzstativ fr die Ausstellung.'),(7,'Ersatzstativ fr die Ausstellung.'),(8,'Ersatzstativ fr die Ausstellung.'),(9,'Ersatzstativ fr die Ausstellung.'),(10,'Ersatzstativ fr die Ausstellung.'),(11,'Ersatzstativ fr die Ausstellung.'),(12,'Ersatzstativ fr die Ausstellung.'),(13,'Ersatzstativ fr die Ausstellung.'),(14,'Ersatzstativ fr die Ausstellung.'),(15,'Aliquam at illum eveniet asperiores est sapiente ipsam rerum.'),(16,'Quasi aut cupiditate autem earum minima aut dignissimos occaecati.'),(17,'Veritatis hic consequatur quia nobis qui.'),(18,'Nam molestiae ipsam et officia commodi sit rerum iste.'),(19,'Magnam id ut iure optio deserunt.'),(20,'Beatae in molestiae ut consequatur ipsa deleniti.'),(21,'Voluptas odio repellendus aliquid perferendis nisi ut sequi.'),(22,'Quo voluptatibus ex maxime aut.'),(23,'Bentige ich fr die Aufnahmen meiner Abschlussarbeit.'),(24,'Consectetur non et architecto magni.'),(25,'Eius sit ut rem omnis distinctio esse.'),(26,'Aut sed impedit voluptatum aut error qui.'),(27,'Itaque sint accusamus nisi inventore tempore totam placeat aut.'),(28,'Ersatzstativ fr die Ausstellung.'),(29,'Fr das zweite Austellungswochenende.'),(30,'Fr das dritte Austellungswochenende.'),(31,'Fr die Abschlussarbeit.'),(32,'Ersatzstativ fr die Ausstellung.'),(33,'Bestellung mit Software'),(34,'Bestellung mit Gegenstand ohne Ort'),(35,'Um meine Abschlussarbeit zu fotografieren.'),(36,'Voluptate dolore debitis fugiat voluptatem omnis earum velit.'),(37,'Um meine Abschlussarbeit zu fotografieren.'),(38,'Um meine Abschlussarbeit zu fotografieren.'),(39,'Consequatur eos est ea voluptatem qui eos inventore.'),(40,'Paketausgabe'),(41,'Fr meinen aktuellen Kurs.'),(42,'Ersatzstativ fr die Ausstellung.'),(43,'Um meine Abschlussarbeit zu fotografieren.'),(44,'Fotoshooting (Kurs Fotografie).'),(45,'Brauche ich zwingend fr meinen Kurs.'),(46,'Ganz dringend bentigt fr meine Abschlussarbeit.'),(47,'Als Ersatz.');
/*!40000 ALTER TABLE `purposes` ENABLE KEYS */;
UNLOCK TABLES;

--
-- Table structure for table `schema_migrations`
--

DROP TABLE IF EXISTS `schema_migrations`;
/*!40101 SET @saved_cs_client     = @@character_set_client */;
/*!40101 SET character_set_client = utf8 */;
CREATE TABLE `schema_migrations` (
  `version` varchar(255) COLLATE utf8_unicode_ci NOT NULL,
  UNIQUE KEY `unique_schema_migrations` (`version`)
) ENGINE=InnoDB DEFAULT CHARSET=utf8 COLLATE=utf8_unicode_ci;
/*!40101 SET character_set_client = @saved_cs_client */;

--
-- Dumping data for table `schema_migrations`
--

LOCK TABLES `schema_migrations` WRITE;
/*!40000 ALTER TABLE `schema_migrations` DISABLE KEYS */;
INSERT INTO `schema_migrations` VALUES ('20140410180000'),('20140414100000'),('20140415083535'),('20140417113831'),('20140428092844'),('20140515131025'),('20140812132326'),('20140820100242'),('20140828082448'),('20140901141016'),('20140905091014');
/*!40000 ALTER TABLE `schema_migrations` ENABLE KEYS */;
UNLOCK TABLES;

--
-- Table structure for table `settings`
--

DROP TABLE IF EXISTS `settings`;
/*!40101 SET @saved_cs_client     = @@character_set_client */;
/*!40101 SET character_set_client = utf8 */;
CREATE TABLE `settings` (
  `id` int(11) NOT NULL AUTO_INCREMENT,
  `smtp_address` varchar(255) COLLATE utf8_unicode_ci DEFAULT NULL,
  `smtp_port` int(11) DEFAULT NULL,
  `smtp_domain` varchar(255) COLLATE utf8_unicode_ci DEFAULT NULL,
  `local_currency_string` varchar(255) COLLATE utf8_unicode_ci DEFAULT NULL,
  `contract_terms` text COLLATE utf8_unicode_ci,
  `contract_lending_party_string` text COLLATE utf8_unicode_ci,
  `email_signature` varchar(255) COLLATE utf8_unicode_ci DEFAULT NULL,
  `default_email` varchar(255) COLLATE utf8_unicode_ci DEFAULT NULL,
  `deliver_order_notifications` tinyint(1) DEFAULT NULL,
  `user_image_url` varchar(255) COLLATE utf8_unicode_ci DEFAULT NULL,
  `ldap_config` varchar(255) COLLATE utf8_unicode_ci DEFAULT NULL,
  `logo_url` varchar(255) COLLATE utf8_unicode_ci DEFAULT NULL,
  `mail_delivery_method` varchar(255) COLLATE utf8_unicode_ci DEFAULT NULL,
  `smtp_username` varchar(255) COLLATE utf8_unicode_ci DEFAULT NULL,
  `smtp_password` varchar(255) COLLATE utf8_unicode_ci DEFAULT NULL,
  `smtp_enable_starttls_auto` tinyint(1) NOT NULL DEFAULT '0',
  `smtp_openssl_verify_mode` varchar(255) COLLATE utf8_unicode_ci NOT NULL DEFAULT 'none',
  `time_zone` varchar(255) COLLATE utf8_unicode_ci NOT NULL DEFAULT 'Bern',
  `disable_manage_section` tinyint(1) NOT NULL DEFAULT '0',
  `disable_manage_section_message` text COLLATE utf8_unicode_ci,
  `disable_borrow_section` tinyint(1) NOT NULL DEFAULT '0',
  `disable_borrow_section_message` text COLLATE utf8_unicode_ci,
  `text` text COLLATE utf8_unicode_ci,
  PRIMARY KEY (`id`)
) ENGINE=InnoDB AUTO_INCREMENT=2 DEFAULT CHARSET=utf8 COLLATE=utf8_unicode_ci;
/*!40101 SET character_set_client = @saved_cs_client */;

--
-- Dumping data for table `settings`
--

LOCK TABLES `settings` WRITE;
/*!40000 ALTER TABLE `settings` DISABLE KEYS */;
INSERT INTO `settings` VALUES (1,'smtp.zhdk.ch',25,'beta.ausleihe.zhdk.ch','CHF','Die Benutzerin/der Benutzer ist bei unsachgemsser Handhabung oder Verlust schadenersatzpflichtig. Sie/Er verpflichtet sich, das Material sorgfltig zu behandeln und gereinigt zu retournieren. Bei mangelbehafteter oder verspteter Rckgabe kann eine Ausleihsperre (bis zu 6 Monaten) verhngt werden. Das geliehene Material bleibt jederzeit uneingeschrnktes Eigentum der Zrcher Hochschule der Knste und darf ausschliesslich fr schulische Zwecke eingesetzt werden. Mit ihrer/seiner Unterschrift akzeptiert die Benutzerin/der Benutzer diese Bedingungen sowie die \'Richtlinie zur Ausleihe von Sachen\' der ZHdK und etwaige abteilungsspezifische Ausleih-Richtlinien.','Your\nAddress\nHere','Das PZ-leihs Team','sender@example.com',0,'http://www.zhdk.ch/?person/foto&width=100&compressionlevel=0&id={:id}',NULL,'/assets/image-logo-zhdk.png','test',NULL,NULL,0,'none','Bern',0,NULL,0,NULL,NULL);
/*!40000 ALTER TABLE `settings` ENABLE KEYS */;
UNLOCK TABLES;

--
-- Table structure for table `suppliers`
--

DROP TABLE IF EXISTS `suppliers`;
/*!40101 SET @saved_cs_client     = @@character_set_client */;
/*!40101 SET character_set_client = utf8 */;
CREATE TABLE `suppliers` (
  `id` int(11) NOT NULL AUTO_INCREMENT,
  `name` varchar(255) COLLATE utf8_unicode_ci NOT NULL,
  `created_at` datetime DEFAULT NULL,
  `updated_at` datetime DEFAULT NULL,
  PRIMARY KEY (`id`),
  UNIQUE KEY `index_suppliers_on_name` (`name`)
) ENGINE=InnoDB AUTO_INCREMENT=284 DEFAULT CHARSET=utf8 COLLATE=utf8_unicode_ci;
/*!40101 SET character_set_client = @saved_cs_client */;

--
-- Dumping data for table `suppliers`
--

LOCK TABLES `suppliers` WRITE;
/*!40000 ALTER TABLE `suppliers` DISABLE KEYS */;
INSERT INTO `suppliers` VALUES (1,'quodrepellatdictaquaeratexpedita','2015-01-04 18:14:03','2015-01-04 18:14:03'),(2,'vitaemodiquimolestiaetemporibus','2015-01-04 18:14:03','2015-01-04 18:14:03'),(3,'impeditmaximesedalias','2015-01-04 18:14:03','2015-01-04 18:14:03'),(4,'consequaturvelitcumquos','2015-01-04 18:14:03','2015-01-04 18:14:03'),(5,'inventorevitaeanimireiciendiseos','2015-01-04 18:14:03','2015-01-04 18:14:03'),(6,'pariaturautestperspiciatisvoluptas','2015-01-04 18:14:03','2015-01-04 18:14:03'),(7,'enimvoluptateiniusto','2015-01-04 18:14:03','2015-01-04 18:14:03'),(8,'voluptatemquisvelitsapiente','2015-01-04 18:14:03','2015-01-04 18:14:03'),(9,'rationecommodivoluptas','2015-01-04 18:14:03','2015-01-04 18:14:03'),(10,'aliasprovidentexcepturiblanditiis','2015-01-04 18:14:03','2015-01-04 18:14:03'),(11,'nequelaudantiumsuntvoluptas','2015-01-04 18:14:03','2015-01-04 18:14:03'),(12,'fugitveniamautmaiores','2015-01-04 18:14:03','2015-01-04 18:14:03'),(13,'laudantiumautem','2015-01-04 18:14:03','2015-01-04 18:14:03'),(14,'veldignissimos','2015-01-04 18:14:03','2015-01-04 18:14:03'),(15,'ullamtotamdoloremque','2015-01-04 18:14:03','2015-01-04 18:14:03'),(16,'doloremquesitquisitpraesentium','2015-01-04 18:14:03','2015-01-04 18:14:03'),(17,'reiciendisquivoluptas','2015-01-04 18:14:03','2015-01-04 18:14:03'),(18,'eumnamhic','2015-01-04 18:14:03','2015-01-04 18:14:03'),(19,'nesciuntquodoptiorerumautem','2015-01-04 18:14:03','2015-01-04 18:14:03'),(20,'recusandaealiquidcorruptiquiaperiam','2015-01-04 18:14:03','2015-01-04 18:14:03'),(21,'nondoloreseosquibusdam','2015-01-04 18:14:03','2015-01-04 18:14:03'),(22,'quisitundehicnam','2015-01-04 18:14:03','2015-01-04 18:14:03'),(23,'quasietrecusandaearchitectototam','2015-01-04 18:14:03','2015-01-04 18:14:03'),(24,'doloreseumsitinventore','2015-01-04 18:14:03','2015-01-04 18:14:03'),(25,'doloresquodfaceretemporeet','2015-01-04 18:14:03','2015-01-04 18:14:03'),(26,'laboriosamsintautemest','2015-01-04 18:14:03','2015-01-04 18:14:03'),(27,'placeatanimi','2015-01-04 18:14:03','2015-01-04 18:14:03'),(28,'temporaquod','2015-01-04 18:14:03','2015-01-04 18:14:03'),(29,'magnamistequiaccusamus','2015-01-04 18:14:03','2015-01-04 18:14:03'),(30,'providentaccusantiumodit','2015-01-04 18:14:03','2015-01-04 18:14:03'),(31,'ipsummolestiaslaborumeaiste','2015-01-04 18:14:03','2015-01-04 18:14:03'),(32,'autoptioquasasperiores','2015-01-04 18:14:03','2015-01-04 18:14:03'),(33,'arerum','2015-01-04 18:14:03','2015-01-04 18:14:03'),(34,'perspiciatisdignissimosest','2015-01-04 18:14:03','2015-01-04 18:14:03'),(35,'doloremconsecteturautem','2015-01-04 18:14:03','2015-01-04 18:14:03'),(36,'quamminimaconsecteturin','2015-01-04 18:14:03','2015-01-04 18:14:03'),(37,'omnisautemdoloristerecusandae','2015-01-04 18:14:03','2015-01-04 18:14:03'),(38,'quiarepudiandae','2015-01-04 18:14:03','2015-01-04 18:14:03'),(39,'numquamnoncorporis','2015-01-04 18:14:03','2015-01-04 18:14:03'),(40,'veritatiseum','2015-01-04 18:14:03','2015-01-04 18:14:03'),(41,'commodiestmollitia','2015-01-04 18:14:03','2015-01-04 18:14:03'),(42,'exiustoquae','2015-01-04 18:14:03','2015-01-04 18:14:03'),(43,'etidlaborumipsam','2015-01-04 18:14:03','2015-01-04 18:14:03'),(44,'inciduntdolore','2015-01-04 18:14:03','2015-01-04 18:14:03'),(45,'excepturiiustodelenitiamet','2015-01-04 18:14:03','2015-01-04 18:14:03'),(46,'utnihilamet','2015-01-04 18:14:03','2015-01-04 18:14:03'),(47,'namnonrecusandaequam','2015-01-04 18:14:03','2015-01-04 18:14:03'),(48,'rerumsimilique','2015-01-04 18:14:03','2015-01-04 18:14:03'),(49,'eumdoloribusfuga','2015-01-04 18:14:03','2015-01-04 18:14:03'),(50,'inaut','2015-01-04 18:14:03','2015-01-04 18:14:03'),(51,'harumalias','2015-01-04 18:14:03','2015-01-04 18:14:03'),(52,'suntconsequaturtempora','2015-01-04 18:14:03','2015-01-04 18:14:03'),(53,'veleligendi','2015-01-04 18:14:03','2015-01-04 18:14:03'),(54,'repellatsuscipitinlaborenon','2015-01-04 18:14:03','2015-01-04 18:14:03'),(55,'providentametaututnon','2015-01-04 18:14:03','2015-01-04 18:14:03'),(56,'natustemporibus','2015-01-04 18:14:03','2015-01-04 18:14:03'),(57,'autincidunt','2015-01-04 18:14:03','2015-01-04 18:14:03'),(58,'quisquamquiaeteiusbeatae','2015-01-04 18:14:03','2015-01-04 18:14:03'),(59,'commodimagnamimpeditaliquam','2015-01-04 18:14:03','2015-01-04 18:14:03'),(60,'fugiatullamrerumvoluptatem','2015-01-04 18:14:03','2015-01-04 18:14:03'),(61,'etminimaipsamofficiis','2015-01-04 18:14:03','2015-01-04 18:14:03'),(62,'pariaturquiessemodirepudiandae','2015-01-04 18:14:03','2015-01-04 18:14:03'),(63,'maioresrecusandaenemo','2015-01-04 18:14:03','2015-01-04 18:14:03'),(64,'voluptatemetsintiure','2015-01-04 18:14:03','2015-01-04 18:14:03'),(65,'quiinventoreaccusantium','2015-01-04 18:14:03','2015-01-04 18:14:03'),(66,'totamsedquiaspernaturdeserunt','2015-01-04 18:14:03','2015-01-04 18:14:03'),(67,'dictaab','2015-01-04 18:14:03','2015-01-04 18:14:03'),(68,'doloremistequioditinventore','2015-01-04 18:14:03','2015-01-04 18:14:03'),(69,'ipsumerror','2015-01-04 18:14:03','2015-01-04 18:14:03'),(70,'iurenon','2015-01-04 18:14:03','2015-01-04 18:14:03'),(71,'voluptasconsequaturreiciendisevenietducimus','2015-01-04 18:14:03','2015-01-04 18:14:03'),(72,'harumestaut','2015-01-04 18:14:03','2015-01-04 18:14:03'),(73,'voluptassolutaoptiocum','2015-01-04 18:14:03','2015-01-04 18:14:03'),(74,'excepturiametsintrepellat','2015-01-04 18:14:03','2015-01-04 18:14:03'),(75,'autemdoloribusnam','2015-01-04 18:14:03','2015-01-04 18:14:03'),(76,'voluptaset','2015-01-04 18:14:03','2015-01-04 18:14:03'),(77,'inveniamitaqueet','2015-01-04 18:14:03','2015-01-04 18:14:03'),(78,'quia','2015-01-04 18:14:03','2015-01-04 18:14:03'),(79,'totamaut','2015-01-04 18:14:03','2015-01-04 18:14:03'),(80,'aspernaturcum','2015-01-04 18:14:03','2015-01-04 18:14:03'),(81,'autipsumqui','2015-01-04 18:14:03','2015-01-04 18:14:03'),(82,'quasiveritatisneque','2015-01-04 18:14:03','2015-01-04 18:14:03'),(83,'errorad','2015-01-04 18:14:03','2015-01-04 18:14:03'),(84,'etnesciunt','2015-01-04 18:14:03','2015-01-04 18:14:03'),(85,'porroincidunt','2015-01-04 18:14:03','2015-01-04 18:14:03'),(86,'voluptatibusconsequaturautest','2015-01-04 18:14:03','2015-01-04 18:14:03'),(87,'quiplaceat','2015-01-04 18:14:03','2015-01-04 18:14:03'),(88,'velquia','2015-01-04 18:14:03','2015-01-04 18:14:03'),(89,'pariaturetet','2015-01-04 18:14:03','2015-01-04 18:14:03'),(90,'officiaiustoautreprehenderitest','2015-01-04 18:14:03','2015-01-04 18:14:03'),(91,'sedaliquidiustocorruptiut','2015-01-04 18:14:03','2015-01-04 18:14:03'),(92,'teneturmagnamofficiis','2015-01-04 18:14:03','2015-01-04 18:14:03'),(93,'quidemofficiisdoloribusnatusquia','2015-01-04 18:14:03','2015-01-04 18:14:03'),(94,'expeditaconsequatur','2015-01-04 18:14:03','2015-01-04 18:14:03'),(95,'iustofaceresed','2015-01-04 18:14:03','2015-01-04 18:14:03'),(96,'nihilincidunt','2015-01-04 18:14:03','2015-01-04 18:14:03'),(97,'atquequam','2015-01-04 18:14:03','2015-01-04 18:14:03'),(98,'totamsitvoluptas','2015-01-04 18:14:03','2015-01-04 18:14:03'),(99,'dignissimosporroipsum','2015-01-04 18:14:03','2015-01-04 18:14:03'),(100,'estsitmodisolutablanditiis','2015-01-04 18:14:03','2015-01-04 18:14:03'),(101,'consequaturpraesentiumnisietalias','2015-01-04 18:14:03','2015-01-04 18:14:03'),(102,'officiisnisicorporis','2015-01-04 18:14:03','2015-01-04 18:14:03'),(103,'voluptatemperspiciatisofficianonnumquam','2015-01-04 18:14:03','2015-01-04 18:14:03'),(104,'facereetutquos','2015-01-04 18:14:03','2015-01-04 18:14:03'),(105,'ipsumet','2015-01-04 18:14:03','2015-01-04 18:14:03'),(106,'adquasidelectuslibero','2015-01-04 18:14:03','2015-01-04 18:14:03'),(107,'natusvelitdoloreasimilique','2015-01-04 18:14:03','2015-01-04 18:14:03'),(108,'velitautem','2015-01-04 18:14:03','2015-01-04 18:14:03'),(109,'suscipitconsequaturvoluptatemrecusandaetenetur','2015-01-04 18:14:03','2015-01-04 18:14:03'),(110,'voluptatibusmollitiaharumquisquamdistinctio','2015-01-04 18:14:03','2015-01-04 18:14:03'),(111,'quiaquiautullamdolores','2015-01-04 18:14:03','2015-01-04 18:14:03'),(112,'iddoloremdolorum','2015-01-04 18:14:03','2015-01-04 18:14:03'),(113,'necessitatibusaccusamussuntdignissimossoluta','2015-01-04 18:14:03','2015-01-04 18:14:03'),(114,'doloresliberoconsecteturcumque','2015-01-04 18:14:03','2015-01-04 18:14:03'),(115,'quaset','2015-01-04 18:14:03','2015-01-04 18:14:03'),(116,'voluptasetpossimus','2015-01-04 18:14:03','2015-01-04 18:14:03'),(117,'oditab','2015-01-04 18:14:03','2015-01-04 18:14:03'),(118,'quisnostrumautquidemdolorum','2015-01-04 18:14:03','2015-01-04 18:14:03'),(119,'consequunturitaque','2015-01-04 18:14:03','2015-01-04 18:14:03'),(120,'earumassumendanonerror','2015-01-04 18:14:03','2015-01-04 18:14:03'),(121,'remrerumquasisedofficiis','2015-01-04 18:14:03','2015-01-04 18:14:03'),(122,'eosvoluptas','2015-01-04 18:14:03','2015-01-04 18:14:03'),(123,'autdoloremabperspiciatisvoluptas','2015-01-04 18:14:03','2015-01-04 18:14:03'),(124,'possimusrepellatveniamut','2015-01-04 18:14:03','2015-01-04 18:14:03'),(125,'beataeconsecteturnesciuntataliquid','2015-01-04 18:14:03','2015-01-04 18:14:03'),(126,'quietvel','2015-01-04 18:14:03','2015-01-04 18:14:03'),(127,'exercitationemquidelenitietminus','2015-01-04 18:14:03','2015-01-04 18:14:03'),(128,'doloresnesciunt','2015-01-04 18:14:03','2015-01-04 18:14:03'),(129,'voluptatumquiaet','2015-01-04 18:14:03','2015-01-04 18:14:03'),(130,'providentlabore','2015-01-04 18:14:03','2015-01-04 18:14:03'),(131,'suntnon','2015-01-04 18:14:03','2015-01-04 18:14:03'),(132,'debitisquia','2015-01-04 18:14:03','2015-01-04 18:14:03'),(133,'enimsint','2015-01-04 18:14:03','2015-01-04 18:14:03'),(134,'dignissimosporro','2015-01-04 18:14:03','2015-01-04 18:14:03'),(135,'voluptateidconsecteturpariatur','2015-01-04 18:14:03','2015-01-04 18:14:03'),(136,'utdoloresexplicabo','2015-01-04 18:14:03','2015-01-04 18:14:03'),(137,'quiinventoreconsequaturid','2015-01-04 18:14:03','2015-01-04 18:14:03'),(138,'underecusandaeeaquesitdolorem','2015-01-04 18:14:03','2015-01-04 18:14:03'),(139,'quioptioetquosmollitia','2015-01-04 18:14:03','2015-01-04 18:14:03'),(140,'quiaquodeveniet','2015-01-04 18:14:03','2015-01-04 18:14:03'),(141,'voluptatemvel','2015-01-04 18:14:03','2015-01-04 18:14:03'),(142,'numquamidnatus','2015-01-04 18:14:03','2015-01-04 18:14:03'),(143,'sedadipiscinullaenimaut','2015-01-04 18:14:03','2015-01-04 18:14:03'),(144,'evenietsintdictaetut','2015-01-04 18:14:03','2015-01-04 18:14:03'),(145,'quibusdamautquae','2015-01-04 18:14:03','2015-01-04 18:14:03'),(146,'etfugiatdoloremquenon','2015-01-04 18:14:03','2015-01-04 18:14:03'),(147,'quiaaccusantiumeumsed','2015-01-04 18:14:03','2015-01-04 18:14:03'),(148,'rationebeataedolores','2015-01-04 18:14:03','2015-01-04 18:14:03'),(149,'numquamcumquenon','2015-01-04 18:14:03','2015-01-04 18:14:03'),(150,'omnismaiores','2015-01-04 18:14:03','2015-01-04 18:14:03'),(151,'ducimusmaximenequeblanditiis','2015-01-04 18:14:03','2015-01-04 18:14:03'),(152,'repellatmaioresoccaecati','2015-01-04 18:14:03','2015-01-04 18:14:03'),(153,'utquodautin','2014-12-31 14:09:55','2014-12-31 14:09:55'),(154,'eosetet','2014-12-31 14:09:55','2014-12-31 14:09:55'),(155,'nequerepellenduseamolestiae','2014-12-31 14:09:55','2014-12-31 14:09:55'),(156,'etadipisciiure','2014-12-31 14:09:55','2014-12-31 14:09:55'),(157,'voluptatemitaquearchitecto','2014-12-31 14:09:55','2014-12-31 14:09:55'),(158,'vitaeea','2014-12-31 14:09:55','2014-12-31 14:09:55'),(159,'quorepellendussintconsectetur','2014-12-31 14:09:55','2014-12-31 14:09:55'),(160,'minimaoptiosuscipitrationeeum','2014-12-31 14:09:55','2014-12-31 14:09:55'),(161,'sitenimquiaetquis','2014-12-31 14:09:55','2014-12-31 14:09:55'),(162,'voluptatemconsequatur','2014-12-31 14:09:55','2014-12-31 14:09:55'),(163,'commodiconsecteturincidunt','2014-12-31 14:09:55','2014-12-31 14:09:55'),(164,'ametdoloribusmagnamporro','2014-12-31 14:09:55','2014-12-31 14:09:55'),(165,'veritatisquasised','2014-12-31 14:09:55','2014-12-31 14:09:55'),(166,'etvoluptatemoptio','2014-12-31 14:09:55','2014-12-31 14:09:55'),(167,'ipsalaborumneque','2014-12-31 14:09:55','2014-12-31 14:09:55'),(168,'etestreiciendis','2014-12-31 14:09:55','2014-12-31 14:09:55'),(169,'consecteturundequisipsamsapiente','2014-12-31 14:09:55','2014-12-31 14:09:55'),(170,'harumnobistemporesedet','2014-12-31 14:09:55','2014-12-31 14:09:55'),(171,'etet','2014-12-31 14:09:55','2014-12-31 14:09:55'),(172,'mollitiaaspernatur','2014-12-31 14:09:55','2014-12-31 14:09:55'),(173,'corporisvelnulla','2014-12-31 14:09:55','2014-12-31 14:09:55'),(174,'eumnihilevenietquisquamfacere','2014-12-31 14:09:55','2014-12-31 14:09:55'),(175,'quiaquasicommodieatotam','2014-12-31 14:09:55','2014-12-31 14:09:55'),(176,'voluptatesquidignissimosmaxime','2015-01-04 05:59:58','2015-01-04 05:59:58'),(177,'odioutlaborumnobis','2015-01-04 05:59:58','2015-01-04 05:59:58'),(178,'distinctioliberoconsequatur','2015-01-04 05:59:58','2015-01-04 05:59:58'),(179,'quisestassumendadeserunttemporibus','2015-01-04 05:59:58','2015-01-04 05:59:58'),(180,'autillumaliasdelectusquasi','2015-01-02 22:14:42','2015-01-02 22:14:42'),(181,'sedearumsunt','2015-01-02 22:14:42','2015-01-02 22:14:42'),(182,'dignissimosdolorumblanditiisaut','2015-01-02 22:14:42','2015-01-02 22:14:42'),(183,'facilisquo','2015-01-02 22:14:42','2015-01-02 22:14:42'),(184,'fugitsuntnullainciduntcupiditate','2015-01-02 22:14:42','2015-01-02 22:14:42'),(185,'officiisdoloresprovidentametvoluptatibus','2015-01-02 22:14:42','2015-01-02 22:14:42'),(186,'essealiquid','2015-01-04 18:14:03','2015-01-04 18:14:03'),(187,'utdeseruntveniam','2015-01-04 18:14:03','2015-01-04 18:14:03'),(188,'abexplicabopraesentiuminquam','2015-01-04 18:14:03','2015-01-04 18:14:03'),(189,'voluptatemmolestiasexvoluptatesaut','2015-01-04 18:14:03','2015-01-04 18:14:03'),(190,'consequaturvoluptas','2015-01-04 18:14:03','2015-01-04 18:14:03'),(191,'aspernaturestquidelenitidolorum','2015-01-04 18:14:03','2015-01-04 18:14:03'),(192,'nihilodioplaceatcommodi','2015-01-04 18:14:03','2015-01-04 18:14:03'),(193,'quasiipsum','2015-01-04 18:14:03','2015-01-04 18:14:03'),(194,'eumoditeveniet','2015-01-04 18:14:03','2015-01-04 18:14:03'),(195,'nostrumlaboremolestiaequiseum','2015-01-04 18:14:03','2015-01-04 18:14:03'),(196,'auterrorestliberodicta','2015-01-04 18:14:03','2015-01-04 18:14:03'),(197,'fugitexpeditatotam','2015-01-04 18:14:03','2015-01-04 18:14:03'),(198,'perferendisconsequaturdolorum','2015-01-04 18:14:03','2015-01-04 18:14:03'),(199,'etquidoloreidinventore','2015-01-04 18:14:03','2015-01-04 18:14:03'),(200,'voluptasdoloribuscommodi','2015-01-04 18:14:03','2015-01-04 18:14:03'),(201,'sitdistinctioaut','2015-01-04 18:14:03','2015-01-04 18:14:03'),(202,'laboriosamexcepturi','2015-01-04 18:14:03','2015-01-04 18:14:03'),(203,'iuresequirepudiandaecupiditatenatus','2015-01-04 18:14:03','2015-01-04 18:14:03'),(204,'autquosintet','2015-01-04 18:14:03','2015-01-04 18:14:03'),(205,'voluptassapienteutomnisconsequuntur','2015-01-04 18:14:03','2015-01-04 18:14:03'),(206,'nullaquibusdamhicut','2014-12-30 00:00:00','2014-12-30 00:00:00'),(207,'cumquesinteaut','2014-12-30 00:00:00','2014-12-30 00:00:00'),(208,'animimaxime','2014-12-30 00:00:00','2014-12-30 00:00:00'),(209,'voluptaseligendisapientenobis','2015-01-04 18:14:03','2015-01-04 18:14:03'),(210,'quodmaioresquinonet','2015-01-04 18:14:03','2015-01-04 18:14:03'),(211,'errorrerum','2015-01-04 18:14:03','2015-01-04 18:14:03'),(212,'deseruntpossimusiusto','2015-01-04 18:14:03','2015-01-04 18:14:03'),(213,'temporadoloremneque','2015-01-04 18:14:03','2015-01-04 18:14:03'),(214,'rationeeligendirecusandae','2015-01-04 18:14:03','2015-01-04 18:14:03'),(215,'sedautempraesentiumhic','2015-01-04 18:14:03','2015-01-04 18:14:03'),(216,'nostrumnesciunt','2015-01-04 18:14:03','2015-01-04 18:14:03'),(217,'nisiisteducimus','2015-01-04 18:14:03','2015-01-04 18:14:03'),(218,'sapienteplaceatcorrupti','2015-01-04 18:14:03','2015-01-04 18:14:03'),(219,'ipsaetcumque','2015-01-04 18:14:03','2015-01-04 18:14:03'),(220,'doloremetquoomnis','2015-01-04 18:14:03','2015-01-04 18:14:03'),(221,'facereconsequatur','2015-01-04 18:14:03','2015-01-04 18:14:03'),(222,'maximemaioresnesciuntaliquid','2015-01-04 18:14:03','2015-01-04 18:14:03'),(223,'sednisivoluptatemsintillo','2015-01-04 18:14:03','2015-01-04 18:14:03'),(224,'illoinharumoptio','2015-01-04 18:14:03','2015-01-04 18:14:03'),(225,'etaliasiure','2014-12-30 00:00:00','2014-12-30 00:00:00'),(226,'autetnesciuntitaquedoloremque','2014-12-30 00:00:00','2014-12-30 00:00:00'),(227,'doloreaccusantiumnostrumat','2014-12-30 00:00:00','2014-12-30 00:00:00'),(228,'veniamquamnisinihilvelit','2015-01-04 18:14:03','2015-01-04 18:14:03'),(229,'minusipsumaccusamus','2015-01-04 18:14:03','2015-01-04 18:14:03'),(230,'nostrumadipiscia','2015-01-04 18:14:03','2015-01-04 18:14:03'),(231,'corporisquicorrupti','2015-01-04 18:14:03','2015-01-04 18:14:03'),(232,'nisivelitquos','2015-01-04 18:14:03','2015-01-04 18:14:03'),(233,'atdolornonnecessitatibus','2015-01-04 18:14:03','2015-01-04 18:14:03'),(234,'quoetvoluptateiste','2015-01-04 18:14:03','2015-01-04 18:14:03'),(235,'laboresequisuntvoluptasnostrum','2015-01-04 18:14:03','2015-01-04 18:14:03'),(236,'quopossimusexpeditavero','2015-01-04 18:14:03','2015-01-04 18:14:03'),(237,'asperioresnecessitatibusneque','2015-01-04 18:14:03','2015-01-04 18:14:03'),(238,'perspiciatisminimapraesentiumquia','2015-01-04 18:14:03','2015-01-04 18:14:03'),(239,'corporisvoluptatibusetrerumnon','2015-01-04 18:14:03','2015-01-04 18:14:03'),(240,'beataequis','2015-01-04 18:14:03','2015-01-04 18:14:03'),(241,'commodievenietsitvitae','2015-01-04 18:14:03','2015-01-04 18:14:03'),(242,'quiperferendisnatussediusto','2015-01-04 18:14:03','2015-01-04 18:14:03'),(243,'quidoloretemporaipsamlaboriosam','2015-01-04 18:14:03','2015-01-04 18:14:03'),(244,'pariaturnecessitatibus','2015-01-04 18:14:03','2015-01-04 18:14:03'),(245,'essetemporibusoptio','2015-01-04 18:14:03','2015-01-04 18:14:03'),(246,'faceredebitisquisit','2015-01-04 18:14:03','2015-01-04 18:14:03'),(247,'praesentiumnamaliquamvoluptatein','2015-01-04 18:14:03','2015-01-04 18:14:03'),(248,'etmolestiae','2015-01-04 18:14:03','2015-01-04 18:14:03'),(249,'beataeenimperspiciatis','2015-01-04 18:14:03','2015-01-04 18:14:03'),(250,'situtid','2015-01-04 18:14:03','2015-01-04 18:14:03'),(251,'eligendivel','2015-01-04 18:14:03','2015-01-04 18:14:03'),(252,'nisinumquam','2015-01-04 18:14:03','2015-01-04 18:14:03'),(253,'etvelitet','2015-01-04 18:14:03','2015-01-04 18:14:03'),(254,'nihilasuntmaioresvelit','2015-01-04 18:14:03','2015-01-04 18:14:03'),(255,'adipiscivoluptasducimusquaset','2015-01-04 18:14:03','2015-01-04 18:14:03'),(256,'ipsaaccusamusnemoetconsequatur','2015-01-04 18:14:03','2015-01-04 18:14:03'),(257,'voluptassuscipittempora','2015-01-04 18:14:03','2015-01-04 18:14:03'),(258,'nemocorruptidictaiustoeius','2015-01-04 18:14:03','2015-01-04 18:14:03'),(259,'reprehenderitimpeditsuscipit','2015-01-04 18:14:03','2015-01-04 18:14:03'),(260,'itaquesedcommodi','2015-01-04 18:14:03','2015-01-04 18:14:03'),(261,'laborumveniamreiciendis','2015-01-04 18:14:03','2015-01-04 18:14:03'),(262,'etquodnam','2015-01-04 18:14:03','2015-01-04 18:14:03'),(263,'dignissimosperspiciatis','2015-01-04 18:14:03','2015-01-04 18:14:03'),(264,'aliquamvoluptatumsequioditvoluptate','2015-01-04 18:14:03','2015-01-04 18:14:03'),(265,'doloribusquiscommodi','2015-01-04 18:14:03','2015-01-04 18:14:03'),(266,'cumipsa','2015-01-04 18:14:03','2015-01-04 18:14:03'),(267,'autemiustocommodi','2015-01-04 18:14:03','2015-01-04 18:14:03'),(268,'undeautemdolores','2015-01-04 18:14:03','2015-01-04 18:14:03'),(269,'numquamsaepeaperiamet','2015-01-04 18:14:03','2015-01-04 18:14:03'),(270,'nonquidem','2015-01-04 18:14:03','2015-01-04 18:14:03'),(271,'quibusdamofficiaeanisiqui','2015-01-04 18:14:03','2015-01-04 18:14:03'),(272,'quiea','2015-01-04 18:14:03','2015-01-04 18:14:03'),(273,'quiavoluptatumatomnisblanditiis','2015-01-04 18:14:03','2015-01-04 18:14:03'),(274,'reprehenderitvoluptatum','2015-01-04 18:14:03','2015-01-04 18:14:03'),(275,'magnamexcepturiautexpedita','2015-01-04 18:14:03','2015-01-04 18:14:03'),(276,'iditaque','2015-01-04 18:14:03','2015-01-04 18:14:03'),(277,'quaeratnonutrerumqui','2015-01-04 18:14:03','2015-01-04 18:14:03'),(278,'quidemliberosimilique','2015-01-04 18:14:03','2015-01-04 18:14:03'),(279,'explicabolaboriosamdoloribusdignissimosminus','2015-01-04 18:14:03','2015-01-04 18:14:03'),(280,'nihilevenietaperiameaque','2015-01-04 18:14:03','2015-01-04 18:14:03'),(281,'assumendacorporissoluta','2015-01-04 18:14:03','2015-01-04 18:14:03'),(282,'sitquoquiin','2015-01-04 18:14:03','2015-01-04 18:14:03'),(283,'dolorumquasestquiautem','2015-01-04 18:14:03','2015-01-04 18:14:03');
/*!40000 ALTER TABLE `suppliers` ENABLE KEYS */;
UNLOCK TABLES;

--
-- Table structure for table `users`
--

DROP TABLE IF EXISTS `users`;
/*!40101 SET @saved_cs_client     = @@character_set_client */;
/*!40101 SET character_set_client = utf8 */;
CREATE TABLE `users` (
  `id` int(11) NOT NULL AUTO_INCREMENT,
  `login` varchar(255) COLLATE utf8_unicode_ci DEFAULT NULL,
  `firstname` varchar(255) COLLATE utf8_unicode_ci DEFAULT NULL,
  `lastname` varchar(255) COLLATE utf8_unicode_ci DEFAULT NULL,
  `phone` varchar(255) COLLATE utf8_unicode_ci DEFAULT NULL,
  `authentication_system_id` int(11) DEFAULT '1',
  `unique_id` varchar(255) COLLATE utf8_unicode_ci DEFAULT NULL,
  `email` varchar(255) COLLATE utf8_unicode_ci DEFAULT NULL,
  `badge_id` varchar(255) COLLATE utf8_unicode_ci DEFAULT NULL,
  `address` varchar(255) COLLATE utf8_unicode_ci DEFAULT NULL,
  `city` varchar(255) COLLATE utf8_unicode_ci DEFAULT NULL,
  `zip` varchar(255) COLLATE utf8_unicode_ci DEFAULT NULL,
  `country` varchar(255) COLLATE utf8_unicode_ci DEFAULT NULL,
  `language_id` int(11) DEFAULT NULL,
  `extended_info` text COLLATE utf8_unicode_ci,
  `settings` varchar(1024) COLLATE utf8_unicode_ci DEFAULT NULL,
  `created_at` datetime DEFAULT NULL,
  `updated_at` datetime DEFAULT NULL,
  `delegator_user_id` int(11) DEFAULT NULL,
  PRIMARY KEY (`id`),
  KEY `index_users_on_authentication_system_id` (`authentication_system_id`)
) ENGINE=InnoDB AUTO_INCREMENT=37 DEFAULT CHARSET=utf8 COLLATE=utf8_unicode_ci;
/*!40101 SET character_set_client = @saved_cs_client */;

--
-- Dumping data for table `users`
--

LOCK TABLES `users` WRITE;
/*!40000 ALTER TABLE `users` DISABLE KEYS */;
INSERT INTO `users` VALUES (1,'ramon','Ramon','C.','09996615275',1,'trd1vd5zk7vpxr8r6d','ramon@zhdk.ch','clkk57m1r3yj5vyof1','34292 Ines Corner','South Makayla','M-Y2 3AJ','Moldova',2,NULL,'--- !ruby/hash:ActiveSupport::HashWithIndifferentAccess {}\n','2015-01-04 18:14:03','2015-01-04 18:14:03',NULL),(2,'franz_3388','Kiel','Mertz','0800230853',1,'flbpwrgatyt9rmehqt','joan@osinski.com','xmupq2t5caadfze81w','473 Sipes Meadow','East Loniemouth','S-D5X 5JL','Senegal',1,NULL,'--- !ruby/hash:ActiveSupport::HashWithIndifferentAccess {}\n','2015-01-04 18:14:03','2015-01-04 18:14:03',NULL),(3,'marielle_4752','Sigmund','Gerhold','08003217854',1,'vkq1tbeviunsevcam3','doyle_murazik@barrows.com','bslmzi29sioumxzxl3','2598 Arch Village','Cierraview','T-WY9 4AT','Turks and Caicos Islands',1,NULL,'--- !ruby/hash:ActiveSupport::HashWithIndifferentAccess {}\n','2015-01-04 18:14:03','2015-01-04 18:14:03',NULL),(4,'janae_7251','Rubye','Witting','01144539480',1,'ku2r3kj63ugft5o1io','napoleon_ritchie@swiftluettgen.com','2e3xwvltc8dccamck4','96018 Smith Views','New Zechariah','B-Y9P 3NE','Belize',1,NULL,'--- !ruby/hash:ActiveSupport::HashWithIndifferentAccess {}\n','2015-01-04 18:14:03','2015-01-04 18:14:03',NULL),(5,'major_moore_8253','Nakia','Trantow','0159428916',1,'ny9n8bby7wq0hzwpka','judy_dach@runolfsdottir.info','mboc2qr41o2do7dnp8','8759 Angelina Point','Wehnerberg','M-WE7H 2BB','Morocco',1,NULL,'--- !ruby/hash:ActiveSupport::HashWithIndifferentAccess {}\n','2015-01-04 18:14:03','2015-01-04 18:14:03',NULL),(6,'daphney_2754','Camila','Strosin','0179922557',1,'33c4f5dw6rlzm0bmam','camron.dickinson@sanfordwuckert.co.uk','kl2kdgzqsfgke0lrd0','309 Zieme Shores','New Meagan','S-YL4 2YJ','Samoa',1,NULL,'--- !ruby/hash:ActiveSupport::HashWithIndifferentAccess {}\n','2015-01-04 18:14:03','2015-01-04 18:14:03',NULL),(7,'mose_1312','Blaise','Watsica','05684009053',1,'agvgwhc31yccjst1qg','natasha@thompsonmoore.info','phwl74nu3jwmjthy2z','86108 Rocky Forges','Mckenzieborough','I-ZD4M 6AE','Italy',1,NULL,'--- !ruby/hash:ActiveSupport::HashWithIndifferentAccess {}\n','2015-01-04 18:14:03','2015-01-04 18:14:03',NULL),(8,'matti','Matti','S.','08008108713',1,'ixeef319gjf2xiza1a','matti@zhdk.ch','zy0dyrmq8nx1qr9aax','3704 Carmel Locks','Littelfurt','L-YY4Y 8AW','Liechtenstein',2,NULL,'--- !ruby/hash:ActiveSupport::HashWithIndifferentAccess {}\n','2015-01-04 18:14:03','2015-01-04 18:14:03',NULL),(9,'mike','Mike','H.','05679461632',1,'2b2xxy1turbsied5c9','mike@zhdk.ch','kgtztt9k33d2gmosla','8969 Jeanne Ways','Naderburgh','U-WA8 0AB','Uruguay',2,NULL,'--- !ruby/hash:ActiveSupport::HashWithIndifferentAccess {}\n','2015-01-04 18:14:03','2015-01-04 18:14:03',NULL),(10,'andi','Andi','Waelchi','02381297259',1,'ktz89twqbf5f7rg4du','andi@zhdk.ch','je4z4n8mupwql4pi5c','6891 Justine Spring','Shanahanville','T-Y6 3BG','Togo',2,NULL,'--- !ruby/hash:ActiveSupport::HashWithIndifferentAccess {}\n','2015-01-04 18:14:03','2015-01-04 18:14:03',NULL),(11,'anabel.crooks_9210','Erich','Lebsack','01415922466',1,'5wvnkr9meq9rp050tj','juanita.graham@frami.info','ywgdmvzprsdclp02ja','9974 Dickens Wells','West Stephaniefort','S-ZA1P 3DE','Slovakia (Slovak Republic)',2,NULL,'--- !ruby/hash:ActiveSupport::HashWithIndifferentAccess {}\n','2015-01-04 18:14:03','2015-01-04 18:14:03',NULL),(12,'sophia_2152','Orion','Glover','0116223804',1,'ds1xbrof59sslkkebh','jace_champlin@homenickosinski.com','r55exf55k8yd76dv6i','35725 Franecki Hollow','Lake Orrin','F-Y0A 7RU','French Southern Territories',1,NULL,'--- !ruby/hash:ActiveSupport::HashWithIndifferentAccess {}\n','2015-01-04 18:14:03','2015-01-04 18:14:03',NULL),(13,'brayan_schulist_6911','Izaiah','Quitzon','08960356225',1,'qnpe7msvs3p1utabxr','lilyan@mueller.biz','cf3h40cmriondqk76n','645 Cruickshank Walks','New Harleyfort','U-Y6B 2QX','Uruguay',1,NULL,'--- !ruby/hash:ActiveSupport::HashWithIndifferentAccess {}\n','2015-01-04 18:14:03','2015-01-04 18:14:03',NULL),(14,'peyton.howell_7309','Jadon','Lang','01113669197',1,'lgump7609i37f5dkpo','lavinia@mcglynnskiles.name','623ksri7ux816fdl50','52941 Watsica Crescent','Port Kylaport','S-JA6X 9PL','Saint Pierre and Miquelon',1,NULL,'--- !ruby/hash:ActiveSupport::HashWithIndifferentAccess {}\n','2015-01-04 18:14:03','2015-01-04 18:14:03',NULL),(15,'elinore_kaulke_3670','Abbie','Crona','0800320025',1,'gz0qguagnboc4egwf5','melisa@toy.name','4h048mv9m7gvs3tnte','9660 Mitchell Route','Gorczanyshire','I-ZK2 3SJ','India',1,NULL,'--- !ruby/hash:ActiveSupport::HashWithIndifferentAccess {}\n','2015-01-04 18:14:03','2015-01-04 18:14:03',NULL),(16,'cara_1821','Brent','Wisoky','01630788576',1,'69c66xsxec750k1r8r','rey.greenfelder@nienow.co.uk','szc7frbi84bvzq4iu9','3120 Pollich Bypass','East Lisandrotown','U-S5H 0LB','United States of America',1,NULL,'--- !ruby/hash:ActiveSupport::HashWithIndifferentAccess {}\n','2015-01-04 18:14:03','2015-01-04 18:14:03',NULL),(17,'gino','Gino','F.','0124613441',1,'uzeb6cwar0aqk07vdf','gino@zhdk.ch','4ebgxw5jh8h3vvott0','4074 Price Underpass','New Gretamouth','P-UE3 8AJ','Puerto Rico',2,NULL,'--- !ruby/hash:ActiveSupport::HashWithIndifferentAccess {}\n','2015-01-04 18:14:03','2015-01-04 18:14:03',NULL),(18,'pius','Pius','Fahey','03454051553',1,'3pup75mnia264ibery','pius@zhdk.ch','qdfi7kc0uh3dix0it8','94917 Dickens Underpass','North Svenshire','F-Z5H 5LA','Faroe Islands',2,NULL,'--- !ruby/hash:ActiveSupport::HashWithIndifferentAccess {}\n','2015-01-04 18:14:03','2015-01-04 18:14:03',NULL),(19,'peter','Peter','Silie','0500744879',1,'jlz0ri75fqpx1xmjs8','peter@silie.com','ynenmdt8pxk8mitaqd','9926 Logan Prairie','Lake Maynardchester','M-OP1 4JA','Moldova',2,NULL,'--- !ruby/hash:ActiveSupport::HashWithIndifferentAccess {}\n','2015-01-04 18:14:03','2015-01-04 18:14:03',NULL),(20,'taya_bergstrom_9458','Adan','Johnson','05592312803',1,'fnkeat49w2jxxz0kgt','irving@keeling.info','yzuhebu0ivn4xcvz20','8334 Emely Village','Schambergerton','B-N7 1XJ','Bermuda',1,NULL,'--- !ruby/hash:ActiveSupport::HashWithIndifferentAccess {}\n','2015-01-04 18:14:03','2015-01-04 18:14:03',NULL),(21,'jacynthe_ko_116','Joy','Lind','01536392973',1,'32b1kdzx3xjdi4bxuo','edythe.durgan@bashirian.co.uk','accp7gdwpg072erzar','28535 Garett Meadow','South Lacy','A-C4 0UG','Argentina',1,NULL,'--- !ruby/hash:ActiveSupport::HashWithIndifferentAccess {}\n','2015-01-04 18:14:03','2015-01-04 18:14:03',NULL),(22,'pearlie_7548','Odell','Padberg','0500884427',1,'ut4b3tadam7v0dg3xi','giovanny_green@funkcollins.com','tun3gk8cj7ynkiaros','83725 Leannon Square','West Joannieton','C-ZS2M 3JB','Cayman Islands',1,NULL,'--- !ruby/hash:ActiveSupport::HashWithIndifferentAccess {}\n','2015-01-04 18:14:03','2015-01-04 18:14:03',NULL),(23,'isabel_1913','Leila','Smith','05637016952',1,'rqu7ee93jbzzw5ftfi','gunnar@bauch.name','yaq4d97lel0k74qh58','4129 Bauch Circles','North Erika','L-ZT9X 3BG','Luxembourg',1,NULL,'--- !ruby/hash:ActiveSupport::HashWithIndifferentAccess {}\n','2015-01-04 18:14:03','2015-01-04 18:14:03',NULL),(24,'zetta_emard_9175','Blaise','Schmidt','0800408553',1,'rtdftx7vv0hngnh6yi','agustin@cronin.info','l5i5v60sfn0ydcnl6o','4283 Reynolds Flat','South Cathrinetown','J-WO7R 3AW','Jersey',1,NULL,'--- !ruby/hash:ActiveSupport::HashWithIndifferentAccess {}\n','2014-12-30 00:00:00','2014-12-30 00:00:00',NULL),(25,'mittie_3205','Dylan','Raynor','0800960587',1,'1kxol005a3ifs2gfj8','chase@okon.name','2qfy5r13mj3nmb4m1x','636 Bosco Pines','Libbieshire','T-ZW8 6LA','Togo',1,NULL,'--- !ruby/hash:ActiveSupport::HashWithIndifferentAccess {}\n','2014-12-30 00:00:00','2014-12-30 00:00:00',NULL),(26,'madie_7595','Hardy','Hammes','0169771770',1,'gxf0bb0vi51030yxwj','cleo@stiedemannritchie.co.uk','0t1pkio285swu6oif0','3855 Satterfield Forest','Borerchester','G-CX8 5NX','Gambia',1,NULL,'--- !ruby/hash:ActiveSupport::HashWithIndifferentAccess {}\n','2015-01-04 18:14:03','2015-01-04 18:14:03',NULL),(27,'pablo.gaylord_7651','Julius','Kuhic','0500278568',1,'sb3mv9de3xn724hd0q','jamison@rowe.co.uk','2h78dfioavoqnb53qd','34193 Grant Summit','Jocelynshire','B-Y1N 1YS','Bulgaria',1,NULL,'--- !ruby/hash:ActiveSupport::HashWithIndifferentAccess {}\n','2015-01-04 18:14:03','2015-01-04 18:14:03',NULL),(28,'mina','Mina','Auer','01127194976',1,'6o6t9h0ywa5qqta41h','mina@zhdk.ch','f1bcxiwxtucvoq5osz','237 Erdman Ways','East Maudbury','S-YP1W 7LQ','Senegal',1,NULL,'--- !ruby/hash:ActiveSupport::HashWithIndifferentAccess {}\n','2015-01-04 18:14:03','2015-01-04 18:14:03',NULL),(29,'julie','Julie','Lowe','0148873906',1,'w775f1ka98vte5mdsn','julie@zhdk.ch','du3pvrucdyc37p4raw','7764 Katarina Spurs','Romaguerahaven','M-YH9 4TJ','Macedonia',1,NULL,'--- !ruby/hash:ActiveSupport::HashWithIndifferentAccess {}\n','2015-01-04 18:14:03','2015-01-04 18:14:03',NULL),(30,NULL,'Est eos debitis non.',NULL,NULL,NULL,NULL,NULL,NULL,NULL,NULL,NULL,NULL,1,NULL,'--- !ruby/hash:ActiveSupport::HashWithIndifferentAccess {}\n','2015-01-04 18:14:03','2015-01-04 18:14:03',29),(31,NULL,'Est commodi ut consequatur.',NULL,NULL,NULL,NULL,NULL,NULL,NULL,NULL,NULL,NULL,1,NULL,'--- !ruby/hash:ActiveSupport::HashWithIndifferentAccess {}\n','2015-01-04 18:14:03','2015-01-04 18:14:03',28),(32,NULL,'Voluptatem sapiente autem sint ut aperiam aut eligendi.',NULL,NULL,NULL,NULL,NULL,NULL,NULL,NULL,NULL,NULL,1,NULL,'--- !ruby/hash:ActiveSupport::HashWithIndifferentAccess {}\n','2015-01-04 18:14:03','2015-01-04 18:14:03',28),(33,NULL,'Eaque quo a ipsum pariatur eos necessitatibus aperiam tempore.',NULL,NULL,NULL,NULL,NULL,NULL,NULL,NULL,NULL,NULL,1,NULL,'--- !ruby/hash:ActiveSupport::HashWithIndifferentAccess {}\n','2015-01-04 18:14:03','2015-01-04 18:14:03',28),(34,'normin','Normin','N.','02237648268',1,'hww5kq1mx7g32ulv07','normin@zhdk.ch','ewpatd8c6t8bwzq8ds','97612 Jakubowski Row','New Geoton','B-YQ2 9QB','Bosnia and Herzegovina',2,NULL,'--- !ruby/hash:ActiveSupport::HashWithIndifferentAccess {}\n','2015-01-04 18:14:03','2015-01-04 18:14:03',NULL),(35,'petra','Petra','K.','01195352286',1,'557cjf8pc67j1bn2rn','petra@zhdk.ch','uip8xhemlsq50y749t','955 Schneider Viaduct, ','Ritchieland','B-W6N 0AL','Bermuda',2,NULL,'--- !ruby/hash:ActiveSupport::HashWithIndifferentAccess {}\n','2015-01-04 18:14:03','2015-01-04 18:14:03',NULL),(36,'lisa','Lisa','L.','03638203068',1,'rkabq002m4m5b1cd6x','lisa@zhdk.ch','ig7dqus2r1plcfzhml','53968 Erdman Groves','Scotland','T-NY3 4JJ','Tunisia',2,NULL,'--- !ruby/hash:ActiveSupport::HashWithIndifferentAccess {}\n','2015-01-04 18:14:03','2015-01-04 18:14:03',NULL);
/*!40000 ALTER TABLE `users` ENABLE KEYS */;
UNLOCK TABLES;

--
-- Temporary table structure for view `visit_lines`
--

DROP TABLE IF EXISTS `visit_lines`;
/*!50001 DROP VIEW IF EXISTS `visit_lines`*/;
SET @saved_cs_client     = @@character_set_client;
SET character_set_client = utf8;
/*!50001 CREATE TABLE `visit_lines` (
  `visit_id` varchar(148),
  `inventory_pool_id` int(11),
  `user_id` int(11),
  `delegated_user_id` int(11),
  `status` enum('unsubmitted','submitted','rejected','approved','signed','closed'),
  `action` varchar(9),
  `date` date,
  `quantity` int(11),
  `contract_line_id` int(11)
) ENGINE=MyISAM */;
SET character_set_client = @saved_cs_client;

--
-- Temporary table structure for view `visits`
--

DROP TABLE IF EXISTS `visits`;
/*!50001 DROP VIEW IF EXISTS `visits`*/;
SET @saved_cs_client     = @@character_set_client;
SET character_set_client = utf8;
/*!50001 CREATE TABLE `visits` (
  `id` varchar(148),
  `inventory_pool_id` int(11),
  `user_id` int(11),
  `status` enum('unsubmitted','submitted','rejected','approved','signed','closed'),
  `action` varchar(9),
  `date` date,
  `quantity` decimal(32,0)
) ENGINE=MyISAM */;
SET character_set_client = @saved_cs_client;

--
-- Table structure for table `workdays`
--

DROP TABLE IF EXISTS `workdays`;
/*!40101 SET @saved_cs_client     = @@character_set_client */;
/*!40101 SET character_set_client = utf8 */;
CREATE TABLE `workdays` (
  `id` int(11) NOT NULL AUTO_INCREMENT,
  `inventory_pool_id` int(11) DEFAULT NULL,
  `monday` tinyint(1) DEFAULT '1',
  `tuesday` tinyint(1) DEFAULT '1',
  `wednesday` tinyint(1) DEFAULT '1',
  `thursday` tinyint(1) DEFAULT '1',
  `friday` tinyint(1) DEFAULT '1',
  `saturday` tinyint(1) DEFAULT '0',
  `sunday` tinyint(1) DEFAULT '0',
  PRIMARY KEY (`id`),
  KEY `index_workdays_on_inventory_pool_id` (`inventory_pool_id`)
) ENGINE=InnoDB AUTO_INCREMENT=15 DEFAULT CHARSET=utf8 COLLATE=utf8_unicode_ci;
/*!40101 SET character_set_client = @saved_cs_client */;

--
-- Dumping data for table `workdays`
--

LOCK TABLES `workdays` WRITE;
/*!40000 ALTER TABLE `workdays` DISABLE KEYS */;
INSERT INTO `workdays` VALUES (1,1,1,1,1,1,1,0,0),(2,2,1,1,1,1,1,0,0),(3,3,1,1,1,1,1,0,0),(4,4,1,1,1,1,1,0,0),(5,5,1,1,1,1,1,0,0),(6,6,1,1,1,1,1,0,0),(7,7,1,1,1,1,1,0,0),(8,8,1,1,1,1,1,0,0),(9,9,1,1,1,1,1,0,0),(10,10,1,1,1,1,1,0,0),(11,11,1,1,1,1,1,0,0),(12,12,1,1,1,1,1,0,0),(13,13,1,1,1,1,1,0,0),(14,14,1,1,1,1,1,0,0);
/*!40000 ALTER TABLE `workdays` ENABLE KEYS */;
UNLOCK TABLES;

--
-- Final view structure for view `partitions_with_generals`
--

/*!50001 DROP TABLE IF EXISTS `partitions_with_generals`*/;
/*!50001 DROP VIEW IF EXISTS `partitions_with_generals`*/;
/*!50001 SET @saved_cs_client          = @@character_set_client */;
/*!50001 SET @saved_cs_results         = @@character_set_results */;
/*!50001 SET @saved_col_connection     = @@collation_connection */;
/*!50001 SET character_set_client      = utf8 */;
/*!50001 SET character_set_results     = utf8 */;
/*!50001 SET collation_connection      = utf8_general_ci */;
/*!50001 CREATE ALGORITHM=UNDEFINED */
/*!50001 VIEW `partitions_with_generals` AS select `partitions`.`model_id` AS `model_id`,`partitions`.`inventory_pool_id` AS `inventory_pool_id`,`partitions`.`group_id` AS `group_id`,`partitions`.`quantity` AS `quantity` from `partitions` union select `i`.`model_id` AS `model_id`,`i`.`inventory_pool_id` AS `inventory_pool_id`,NULL AS `group_id`,(count(`i`.`id`) - ifnull((select sum(`p`.`quantity`) from `partitions` `p` where ((`p`.`model_id` = `i`.`model_id`) and (`p`.`inventory_pool_id` = `i`.`inventory_pool_id`)) group by `p`.`inventory_pool_id`,`p`.`model_id`),0)) AS `quantity` from `items` `i` where (isnull(`i`.`retired`) and (`i`.`is_borrowable` = 1) and isnull(`i`.`parent_id`)) group by `i`.`inventory_pool_id`,`i`.`model_id` */;
/*!50001 SET character_set_client      = @saved_cs_client */;
/*!50001 SET character_set_results     = @saved_cs_results */;
/*!50001 SET collation_connection      = @saved_col_connection */;

--
-- Final view structure for view `visit_lines`
--

/*!50001 DROP TABLE IF EXISTS `visit_lines`*/;
/*!50001 DROP VIEW IF EXISTS `visit_lines`*/;
/*!50001 SET @saved_cs_client          = @@character_set_client */;
/*!50001 SET @saved_cs_results         = @@character_set_results */;
/*!50001 SET @saved_col_connection     = @@collation_connection */;
/*!50001 SET character_set_client      = utf8 */;
/*!50001 SET character_set_results     = utf8 */;
/*!50001 SET collation_connection      = utf8_general_ci */;
/*!50001 CREATE ALGORITHM=UNDEFINED */
/*!50001 VIEW `visit_lines` AS select hex(concat_ws('_',if((`c`.`status` = 'approved'),`cl`.`start_date`,`cl`.`end_date`),`c`.`inventory_pool_id`,`c`.`user_id`,`c`.`status`)) AS `visit_id`,`c`.`inventory_pool_id` AS `inventory_pool_id`,`c`.`user_id` AS `user_id`,`c`.`delegated_user_id` AS `delegated_user_id`,`c`.`status` AS `status`,if((`c`.`status` = 'approved'),'hand_over','take_back') AS `action`,if((`c`.`status` = 'approved'),`cl`.`start_date`,`cl`.`end_date`) AS `date`,`cl`.`quantity` AS `quantity`,`cl`.`id` AS `contract_line_id` from (`contract_lines` `cl` join `contracts` `c` on((`cl`.`contract_id` = `c`.`id`))) where ((`c`.`status` in ('approved','signed')) and isnull(`cl`.`returned_date`)) order by if((`c`.`status` = 'approved'),`cl`.`start_date`,`cl`.`end_date`) */;
/*!50001 SET character_set_client      = @saved_cs_client */;
/*!50001 SET character_set_results     = @saved_cs_results */;
/*!50001 SET collation_connection      = @saved_col_connection */;

--
-- Final view structure for view `visits`
--

/*!50001 DROP TABLE IF EXISTS `visits`*/;
/*!50001 DROP VIEW IF EXISTS `visits`*/;
/*!50001 SET @saved_cs_client          = @@character_set_client */;
/*!50001 SET @saved_cs_results         = @@character_set_results */;
/*!50001 SET @saved_col_connection     = @@collation_connection */;
/*!50001 SET character_set_client      = utf8 */;
/*!50001 SET character_set_results     = utf8 */;
/*!50001 SET collation_connection      = utf8_general_ci */;
/*!50001 CREATE ALGORITHM=UNDEFINED */
/*!50001 VIEW `visits` AS select hex(concat_ws('_',`visit_lines`.`date`,`visit_lines`.`inventory_pool_id`,`visit_lines`.`user_id`,`visit_lines`.`status`)) AS `id`,`visit_lines`.`inventory_pool_id` AS `inventory_pool_id`,`visit_lines`.`user_id` AS `user_id`,`visit_lines`.`status` AS `status`,`visit_lines`.`action` AS `action`,`visit_lines`.`date` AS `date`,sum(`visit_lines`.`quantity`) AS `quantity` from `visit_lines` group by `visit_lines`.`user_id`,`visit_lines`.`status`,`visit_lines`.`date`,`visit_lines`.`inventory_pool_id` */;
/*!50001 SET character_set_client      = @saved_cs_client */;
/*!50001 SET character_set_results     = @saved_cs_results */;
/*!50001 SET collation_connection      = @saved_col_connection */;
/*!40103 SET TIME_ZONE=@OLD_TIME_ZONE */;

/*!40101 SET SQL_MODE=@OLD_SQL_MODE */;
/*!40014 SET FOREIGN_KEY_CHECKS=@OLD_FOREIGN_KEY_CHECKS */;
/*!40014 SET UNIQUE_CHECKS=@OLD_UNIQUE_CHECKS */;
/*!40101 SET CHARACTER_SET_CLIENT=@OLD_CHARACTER_SET_CLIENT */;
/*!40101 SET CHARACTER_SET_RESULTS=@OLD_CHARACTER_SET_RESULTS */;
/*!40101 SET COLLATION_CONNECTION=@OLD_COLLATION_CONNECTION */;
/*!40111 SET SQL_NOTES=@OLD_SQL_NOTES */;

-- Dump completed on 2014-09-10 16:26:05
COMMIT;
