SET autocommit=0; SET unique_checks=0; SET foreign_key_checks=0;
-- MySQL dump 10.13  Distrib 5.1.48, for apple-darwin10.3.0 (i386)
--
-- Host: localhost    Database: leihs2_test
-- ------------------------------------------------------
-- Server version	5.1.48

/*!40101 SET @OLD_CHARACTER_SET_CLIENT=@@CHARACTER_SET_CLIENT */;
/*!40101 SET @OLD_CHARACTER_SET_RESULTS=@@CHARACTER_SET_RESULTS */;
/*!40101 SET @OLD_COLLATION_CONNECTION=@@COLLATION_CONNECTION */;
/*!40101 SET NAMES utf8 */;
/*!40103 SET @OLD_TIME_ZONE=@@TIME_ZONE */;
/*!40103 SET TIME_ZONE='+00:00' */;
/*!40014 SET @OLD_UNIQUE_CHECKS=@@UNIQUE_CHECKS, UNIQUE_CHECKS=0 */;
/*!40014 SET @OLD_FOREIGN_KEY_CHECKS=@@FOREIGN_KEY_CHECKS, FOREIGN_KEY_CHECKS=0 */;
/*!40101 SET @OLD_SQL_MODE=@@SQL_MODE, SQL_MODE='NO_AUTO_VALUE_ON_ZERO' */;
/*!40111 SET @OLD_SQL_NOTES=@@SQL_NOTES, SQL_NOTES=0 */;

--
-- Table structure for table `access_rights`
--

DROP TABLE IF EXISTS `access_rights`;
/*!40101 SET @saved_cs_client     = @@character_set_client */;
/*!40101 SET character_set_client = utf8 */;
CREATE TABLE `access_rights` (
  `id` int(11) NOT NULL AUTO_INCREMENT,
  `user_id` int(11) DEFAULT NULL,
  `inventory_pool_id` int(11) DEFAULT NULL,
  `suspended_until` date DEFAULT NULL,
  `suspended_reason` text COLLATE utf8_unicode_ci,
  `deleted_at` date DEFAULT NULL,
  `created_at` datetime DEFAULT NULL,
  `updated_at` datetime DEFAULT NULL,
  `role` enum('customer','group_manager','lending_manager','inventory_manager','admin') COLLATE utf8_unicode_ci NOT NULL,
  PRIMARY KEY (`id`),
  KEY `index_access_rights_on_suspended_until` (`suspended_until`),
  KEY `index_access_rights_on_deleted_at` (`deleted_at`),
  KEY `index_access_rights_on_inventory_pool_id` (`inventory_pool_id`),
  KEY `index_access_rights_on_role` (`role`),
  KEY `index_on_user_id_and_inventory_pool_id_and_deleted_at` (`user_id`,`inventory_pool_id`,`deleted_at`)
) ENGINE=InnoDB AUTO_INCREMENT=42 DEFAULT CHARSET=utf8 COLLATE=utf8_unicode_ci;
/*!40101 SET character_set_client = @saved_cs_client */;

--
-- Dumping data for table `access_rights`
--

LOCK TABLES `access_rights` WRITE;
/*!40000 ALTER TABLE `access_rights` DISABLE KEYS */;
INSERT INTO `access_rights` VALUES (1,1,NULL,NULL,NULL,NULL,'2016-12-10 15:30:24','2016-12-10 15:30:24','admin'),(2,3,3,NULL,NULL,NULL,'2016-12-10 15:30:24','2016-12-10 15:30:24','customer'),(3,4,1,NULL,NULL,NULL,'2016-12-10 15:30:24','2016-12-10 15:30:24','lending_manager'),(4,5,5,NULL,NULL,NULL,'2016-12-10 15:30:24','2016-12-10 15:30:24','customer'),(5,6,9,NULL,NULL,NULL,'2016-12-10 15:30:24','2016-12-10 15:30:24','customer'),(6,7,1,NULL,NULL,'2016-12-10','2016-12-10 15:30:24','2016-12-10 15:30:24','customer'),(7,1,1,NULL,NULL,NULL,'2016-12-10 15:30:24','2016-12-10 15:30:24','customer'),(8,8,2,NULL,NULL,NULL,'2016-12-10 15:30:24','2016-12-10 15:30:24','inventory_manager'),(9,9,1,NULL,NULL,NULL,'2016-12-10 15:30:24','2016-12-10 15:30:24','inventory_manager'),(10,9,11,NULL,NULL,NULL,'2016-12-10 15:30:24','2016-12-10 15:30:24','inventory_manager'),(11,10,1,NULL,NULL,NULL,'2016-12-10 15:30:24','2016-12-10 15:30:24','group_manager'),(12,10,2,NULL,NULL,NULL,'2016-12-10 15:30:24','2016-12-10 15:30:24','group_manager'),(13,10,3,NULL,NULL,NULL,'2016-12-10 15:30:24','2016-12-10 15:30:24','group_manager'),(14,11,1,NULL,NULL,NULL,'2016-12-10 15:30:24','2016-12-10 15:30:24','group_manager'),(15,12,1,NULL,NULL,NULL,'2016-12-10 15:30:24','2016-12-10 15:30:24','customer'),(16,13,1,'2016-12-10','suspreason',NULL,'2016-12-10 15:30:24','2016-12-10 15:30:24','customer'),(17,14,1,NULL,NULL,NULL,'2016-12-10 15:30:24','2016-12-10 15:30:24','customer'),(18,15,1,NULL,NULL,NULL,'2016-12-10 15:30:24','2016-12-10 15:30:24','customer'),(19,16,1,NULL,NULL,NULL,'2016-12-10 15:30:24','2016-12-10 15:30:24','customer'),(20,17,NULL,NULL,NULL,NULL,'2016-12-10 15:30:24','2016-12-10 15:30:24','admin'),(21,18,1,NULL,NULL,NULL,'2016-12-10 15:30:24','2016-12-10 15:30:24','lending_manager'),(22,18,2,NULL,NULL,NULL,'2016-12-10 15:30:24','2016-12-10 15:30:24','lending_manager'),(23,19,1,NULL,NULL,NULL,'2016-12-10 15:30:24','2016-12-10 15:30:24','customer'),(24,20,1,NULL,NULL,NULL,'2016-12-10 15:30:24','2016-12-10 15:30:24','customer'),(25,21,1,NULL,NULL,NULL,'2016-12-10 15:30:24','2016-12-10 15:30:24','customer'),(26,22,1,NULL,NULL,NULL,'2016-12-10 15:30:24','2016-12-10 15:30:24','customer'),(27,23,1,NULL,NULL,NULL,'2016-12-10 15:30:24','2016-12-10 15:30:24','customer'),(28,24,2,'2016-12-06','In qui minus et sed.',NULL,'2016-12-05 00:00:00','2016-12-05 00:00:00','customer'),(29,28,1,NULL,NULL,NULL,'2016-12-10 15:30:24','2016-12-10 15:30:24','customer'),(30,29,1,NULL,NULL,NULL,'2016-12-10 15:30:24','2016-12-10 15:30:24','customer'),(31,30,1,NULL,NULL,NULL,'2016-12-10 15:30:24','2016-12-10 15:30:24','customer'),(32,31,1,NULL,NULL,NULL,'2016-12-10 15:30:24','2016-12-10 15:30:24','customer'),(33,33,1,NULL,NULL,NULL,'2016-12-10 15:30:24','2016-12-10 15:30:24','customer'),(34,33,12,NULL,NULL,NULL,'2016-12-10 15:30:24','2016-12-10 15:30:24','customer'),(35,33,13,NULL,NULL,NULL,'2016-12-10 15:30:24','2016-12-10 15:30:24','customer'),(36,34,1,NULL,NULL,NULL,'2016-12-10 15:30:24','2016-12-10 15:30:24','customer'),(37,34,2,NULL,NULL,NULL,'2016-12-10 15:30:24','2016-12-10 15:30:24','customer'),(38,34,3,NULL,NULL,NULL,'2016-12-10 15:30:24','2016-12-10 15:30:24','customer'),(39,34,13,NULL,NULL,'2016-12-09','2016-12-10 15:30:24','2016-12-10 15:30:24','customer'),(40,35,1,NULL,NULL,NULL,'2016-12-10 15:30:24','2016-12-10 15:30:24','customer'),(41,36,1,NULL,NULL,NULL,'2016-12-10 15:30:24','2016-12-10 15:30:24','customer');
/*!40000 ALTER TABLE `access_rights` ENABLE KEYS */;
UNLOCK TABLES;

--
-- Table structure for table `accessories`
--

DROP TABLE IF EXISTS `accessories`;
/*!40101 SET @saved_cs_client     = @@character_set_client */;
/*!40101 SET character_set_client = utf8 */;
CREATE TABLE `accessories` (
  `id` int(11) NOT NULL AUTO_INCREMENT,
  `model_id` int(11) DEFAULT NULL,
  `name` varchar(255) COLLATE utf8_unicode_ci DEFAULT NULL,
  `quantity` int(11) DEFAULT NULL,
  PRIMARY KEY (`id`),
  KEY `index_accessories_on_model_id` (`model_id`)
) ENGINE=InnoDB AUTO_INCREMENT=526 DEFAULT CHARSET=utf8 COLLATE=utf8_unicode_ci;
/*!40101 SET character_set_client = @saved_cs_client */;

--
-- Dumping data for table `accessories`
--

LOCK TABLES `accessories` WRITE;
/*!40000 ALTER TABLE `accessories` DISABLE KEYS */;
INSERT INTO `accessories` VALUES (1,1,'Cassandra McClure',NULL),(2,1,'Mr. Carlotta Cronin',NULL),(3,1,'Salvatore Kulas V',NULL),(4,1,'Domenick Boehm',NULL),(5,2,'Ericka Nader',NULL),(6,2,'Aimee Goyette',NULL),(7,2,'Dina Aufderhar',NULL),(8,2,'Maximus Bednar',NULL),(9,3,'Cordell Carter I',NULL),(10,3,'Grady Wuckert Sr.',NULL),(11,3,'Kathleen Aufderhar',NULL),(12,3,'Gaylord Doyle',NULL),(13,4,'Marilie Keeling IV',NULL),(14,4,'Kendall McGlynn',NULL),(15,5,'Trevor Wisozk',NULL),(16,5,'Miss Eladio Lang',NULL),(17,5,'Conrad Steuber III',NULL),(18,5,'Claire Grant',NULL),(19,5,'Quinten Mann',NULL),(20,6,'Chanelle Koepp',NULL),(21,6,'Miss Elouise Gottlieb',NULL),(22,7,'Rosario Bashirian',NULL),(23,7,'Watson Anderson',NULL),(24,8,'Gerson Witting DVM',NULL),(25,8,'Kenyon Emard',NULL),(26,8,'Deron Shanahan',NULL),(27,8,'Rico Johnson',NULL),(28,9,'Mr. Carmella Bergstrom',NULL),(29,9,'Mathias Gerlach',NULL),(30,10,'Dr. Genoveva Heidenreich',NULL),(31,10,'Lea Weimann',NULL),(32,11,'Jerald Gusikowski',NULL),(33,11,'Loy Weissnat',NULL),(34,11,'Carolanne Zboncak PhD',NULL),(35,11,'Haley Volkman',NULL),(36,11,'Dr. Elenor Yost',NULL),(37,12,'Sallie Predovic',NULL),(38,12,'Joana Crooks',NULL),(39,12,'Dr. Yvonne Reichel',NULL),(40,12,'Buster Veum',NULL),(41,12,'Kale Jaskolski',NULL),(42,13,'Terence Vandervort',NULL),(43,14,'Miss Beverly Bradtke',NULL),(44,14,'Shawna VonRueden III',NULL),(45,14,'Larissa Leuschke',NULL),(46,15,'Ms. Hilario Fay',NULL),(47,15,'Bria Koch',NULL),(48,15,'Daren Stiedemann',NULL),(49,15,'Frieda Stoltenberg',NULL),(50,16,'Weldon Medhurst',NULL),(51,17,'Marcelo Deckow',NULL),(52,17,'Mrs. Zachariah Bechtelar',NULL),(53,18,'Kole O\'Hara',NULL),(54,18,'Gia Gorczany',NULL),(55,18,'Jamel Brakus',NULL),(56,18,'Yoshiko Krajcik',NULL),(57,18,'Patsy Leuschke',NULL),(58,19,'Denis Gorczany DDS',NULL),(59,19,'Miss Salma Prosacco',NULL),(60,19,'Shawna Harvey',NULL),(61,19,'Manley Boyle',NULL),(62,19,'Benny Borer',NULL),(63,20,'Ms. Patience Bogisich',NULL),(64,20,'Pietro Mills',NULL),(65,20,'Hoyt Koss',NULL),(66,20,'Soledad Fadel Sr.',NULL),(67,20,'Raymundo Pagac',NULL),(68,21,'Gage Bernhard',NULL),(69,22,'Eloise Kessler',NULL),(70,22,'Mrs. Ruthie Ziemann',NULL),(71,22,'Lea Metz',NULL),(72,23,'Neil Emmerich',NULL),(73,24,'Ignacio Boehm III',NULL),(74,24,'Lenny Robel',NULL),(75,24,'Maritza Stracke',NULL),(76,25,'Georgette Howell',NULL),(77,25,'Fannie Rau',NULL),(78,25,'Montana Lang',NULL),(79,26,'Ms. Neoma Larson',NULL),(80,26,'Ethyl Hahn IV',NULL),(81,26,'Velva Bradtke',NULL),(82,26,'Miss Jayden Doyle',NULL),(83,27,'Rudy Aufderhar',NULL),(84,27,'Bo Olson',NULL),(85,28,'Loma Stracke',NULL),(86,29,'Piper Nienow',NULL),(87,29,'Miles Prohaska',NULL),(88,29,'Violet Morissette',NULL),(89,30,'Merlin Schmeler I',NULL),(90,30,'Mr. Roberta Dickens',NULL),(91,30,'Mrs. Quinten Mitchell',NULL),(92,30,'Amara Torphy',NULL),(93,30,'Jameson Ziemann DDS',NULL),(94,31,'Nicklaus Bernier',NULL),(95,32,'Clementina Hickle',NULL),(96,32,'Caden Kuhn',NULL),(97,32,'Elda Lemke',NULL),(98,32,'Maureen Feest',NULL),(99,32,'Mr. Kaylie Stroman',NULL),(100,33,'Miss Rolando Schmeler',NULL),(101,33,'Anderson Schulist',NULL),(102,33,'Mr. Clotilde Lemke',NULL),(103,33,'Francisco Braun',NULL),(104,34,'Dee Berge Jr.',NULL),(105,34,'Dr. Candido Balistreri',NULL),(106,35,'Deanna Bednar',NULL),(107,35,'Janie Wilderman',NULL),(108,35,'Laurie Goodwin',NULL),(109,35,'Alverta Johnston',NULL),(110,35,'Lisette Gutkowski',NULL),(111,36,'Andreane Hamill',NULL),(112,37,'Beulah Champlin V',NULL),(113,37,'Hilma Kohler',NULL),(114,38,'Valerie Bartoletti',NULL),(115,38,'Erich Yost',NULL),(116,39,'Miss Bradford Weimann',NULL),(117,39,'Moises Kemmer',NULL),(118,39,'Brando Weissnat',NULL),(119,39,'Johnpaul Bins DDS',NULL),(120,39,'Kelsi Graham',NULL),(121,40,'Riley Stark PhD',NULL),(122,40,'Kenny Cassin',NULL),(123,40,'Walker King',NULL),(124,40,'Dr. Linwood Feil',NULL),(125,41,'Jessy Vandervort',NULL),(126,42,'Glenna Dibbert',NULL),(127,42,'Trevion Hamill',NULL),(128,42,'Myrl Kerluke',NULL),(129,42,'Odie Upton Sr.',NULL),(130,43,'Rosalee Hahn',NULL),(131,43,'Miss Adella Gusikowski',NULL),(132,43,'Johnson Kulas',NULL),(133,43,'Shannon Fritsch',NULL),(134,44,'Beulah Lowe',NULL),(135,44,'Ceasar Bosco',NULL),(136,44,'Glen Jenkins',NULL),(137,44,'Karina Stracke',NULL),(138,45,'Jacinto Sporer',NULL),(139,46,'Dock Kuvalis',NULL),(140,46,'Sheila Goodwin',NULL),(141,47,'Lauretta Dietrich DDS',NULL),(142,47,'Mrs. Stephania Collins',NULL),(143,47,'Madisen Dach',NULL),(144,47,'Eldred West',NULL),(145,48,'Harley Fritsch',NULL),(146,48,'Nia Hackett IV',NULL),(147,49,'Van Hermiston II',NULL),(148,50,'Alanna Huels',NULL),(149,50,'Elizabeth Anderson',NULL),(150,50,'Mrs. Gertrude Hudson',NULL),(151,51,'Zachariah Bergnaum',NULL),(152,52,'Howell Parisian',NULL),(153,53,'Ms. Evie Thiel',NULL),(154,53,'Amelie Zemlak',NULL),(155,53,'Soledad Dickinson',NULL),(156,54,'Miss Maybelle Lesch',NULL),(157,54,'Lois Krajcik',NULL),(158,55,'Naomi Gutkowski',NULL),(159,55,'Kimberly Gleason',NULL),(160,56,'Berry Turcotte',NULL),(161,56,'Myrtis Bartell',NULL),(162,56,'Kristopher Wolff',NULL),(163,57,'Berniece Moore PhD',NULL),(164,58,'Mr. Lorine Maggio',NULL),(165,59,'Clemmie Rempel',NULL),(166,59,'Jayce Upton',NULL),(167,60,'Pasquale Medhurst MD',NULL),(168,60,'Brycen McCullough',NULL),(169,61,'Mr. Vincenzo Little',NULL),(170,61,'Elyssa Haley',NULL),(171,61,'Cara Schiller',NULL),(172,61,'Adella Bins',NULL),(173,62,'Janae Purdy DDS',NULL),(174,62,'Dominic Rolfson',NULL),(175,62,'Miss Rasheed Schoen',NULL),(176,62,'Haskell Mayer',NULL),(177,63,'Ignacio Bins',NULL),(178,63,'Jedidiah Buckridge',NULL),(179,64,'Eloy Legros MD',NULL),(180,64,'Giovanni Adams',NULL),(181,64,'Mrs. Alford Nicolas',NULL),(182,64,'Nina Bergstrom',NULL),(183,64,'Layne Nienow',NULL),(184,65,'Emmanuelle Predovic MD',NULL),(185,65,'Oswaldo Hackett',NULL),(186,66,'Miss Dane Emmerich',NULL),(187,66,'Bernadine Okuneva',NULL),(188,66,'Flavio Stoltenberg',NULL),(189,67,'Ms. Rosalyn Bernier',NULL),(190,67,'Lura Ernser',NULL),(191,67,'Ms. Liliana O\'Kon',NULL),(192,67,'Dane Miller',NULL),(193,68,'Finn Thompson MD',NULL),(194,69,'Aurelia Kuvalis',NULL),(195,69,'Johathan Walker',NULL),(196,69,'Minnie Nitzsche',NULL),(197,70,'Madyson Jacobs',NULL),(198,70,'Margarette Kihn',NULL),(199,70,'Karen Hahn',NULL),(200,70,'Elmo Schmidt',NULL),(201,70,'Jaida West',NULL),(202,71,'Ms. Beverly Fadel',NULL),(203,72,'Cordie Koepp',NULL),(204,72,'Rita Cruickshank Sr.',NULL),(205,72,'Rubye Graham',NULL),(206,72,'Miss Toni Reichel',NULL),(207,72,'Roger Turner',NULL),(208,73,'Dr. Jose Kub',NULL),(209,73,'Gianni Sporer',NULL),(210,73,'Prince Crist DVM',NULL),(211,74,'Cyrus Hilpert',NULL),(212,74,'Federico Powlowski',NULL),(213,75,'Dell Baumbach',NULL),(214,75,'Claudia Ernser',NULL),(215,75,'Hadley Schoen',NULL),(216,75,'Alessia Jerde',NULL),(217,75,'Kraig Feest',NULL),(218,76,'Frankie Stracke',NULL),(219,76,'Jaquan Bernier',NULL),(220,76,'Laverne Haley',NULL),(221,76,'Brittany Kling',NULL),(222,77,'Riley Kertzmann',NULL),(223,78,'Myah Quitzon V',NULL),(224,78,'Dr. Sadie Pollich',NULL),(225,78,'Dr. Danyka MacGyver',NULL),(226,78,'Melissa Rempel',NULL),(227,78,'Zachery Abshire',NULL),(228,79,'Ansel Bashirian',NULL),(229,79,'Mortimer Rath',NULL),(230,79,'Landen Homenick V',NULL),(231,79,'Clovis Runte DDS',NULL),(232,79,'Anastasia Price',NULL),(233,80,'Kevin Rolfson',NULL),(234,80,'Toni Bailey',NULL),(235,80,'Reyes Jenkins Jr.',NULL),(236,81,'Dr. Sheridan Schimmel',NULL),(237,82,'Elmira Mueller',NULL),(238,82,'Chaz Carter',NULL),(239,82,'Tierra Dooley',NULL),(240,82,'Deven Boyer',NULL),(241,82,'Ms. Leopold Rosenbaum',NULL),(242,83,'Ms. Hans Flatley',NULL),(243,83,'Minnie Schulist PhD',NULL),(244,83,'Mr. Ibrahim Dickinson',NULL),(245,83,'Vivianne Weissnat',NULL),(246,83,'George Leffler',NULL),(247,84,'Miss Katlynn Erdman',NULL),(248,84,'Dr. George Gottlieb',NULL),(249,85,'Lucienne Tillman',NULL),(250,85,'Braden Kris',NULL),(251,85,'Letitia Kreiger',NULL),(252,86,'Lazaro Kris',NULL),(253,86,'Michale Beahan',NULL),(254,86,'Miss Brooks Schiller',NULL),(255,86,'Earnestine Koss III',NULL),(256,87,'Berry Beatty',NULL),(257,87,'Ottis Renner MD',NULL),(258,87,'Mark Nienow',NULL),(259,87,'Art Sanford',NULL),(260,87,'Lempi Ratke',NULL),(261,88,'Vernice Bailey',NULL),(262,88,'Cedrick Wilderman',NULL),(263,88,'Naomi Mayer II',NULL),(264,89,'Elwin Jacobi',NULL),(265,89,'Deondre Kulas',NULL),(266,89,'Cecil Ritchie',NULL),(267,89,'Eloise Torp',NULL),(268,89,'Conor Johns',NULL),(269,90,'Ellsworth Steuber',NULL),(270,90,'Matilda Frami',NULL),(271,90,'Aleen Fritsch',NULL),(272,90,'Erik Sipes',NULL),(273,91,'Myrl Morissette',NULL),(274,91,'Damian Steuber',NULL),(275,91,'Adolf Christiansen',NULL),(276,91,'Jose Hills DVM',NULL),(277,92,'Hipolito Champlin',NULL),(278,92,'Ladarius Yost',NULL),(279,92,'Miss Magdalena O\'Kon',NULL),(280,92,'Myrna Walter',NULL),(281,92,'Edythe Hirthe DVM',NULL),(282,93,'Tremayne Schmitt',NULL),(283,93,'Muhammad Hettinger',NULL),(284,93,'Judge Ondricka',NULL),(285,94,'Ignacio Leannon',NULL),(286,94,'Dale Jaskolski',NULL),(287,94,'Alanna Armstrong',NULL),(288,95,'Alec Schaefer',NULL),(289,95,'Cassidy Reichel',NULL),(290,96,'Mrs. Enrique Senger',NULL),(291,96,'Otho Moen',NULL),(292,96,'Garry Morissette',NULL),(293,96,'Alexa Hoeger',NULL),(294,97,'Randy Greenholt',NULL),(295,97,'Sammie Kautzer',NULL),(296,97,'Brando Powlowski',NULL),(297,97,'Priscilla Cassin',NULL),(298,97,'Christiana Lesch',NULL),(299,98,'Patsy Hettinger',NULL),(300,98,'Miss Zola Bernhard',NULL),(301,98,'Larue Kassulke',NULL),(302,98,'Nya Dach',NULL),(303,98,'Amy O\'Connell',NULL),(304,99,'Mr. Rogers Cormier',NULL),(305,99,'Dr. Willard Rutherford',NULL),(306,99,'Missouri Crooks',NULL),(307,99,'Cleo Bahringer',NULL),(308,100,'Mrs. Estel Kertzmann',NULL),(309,100,'Miss Kelsie Lehner',NULL),(310,100,'Emie Herman',NULL),(311,101,'Garett Marvin',NULL),(312,101,'Beatrice Fisher',NULL),(313,101,'Katlynn Frami Jr.',NULL),(314,101,'Jillian Little',NULL),(315,101,'Pattie Heidenreich',NULL),(316,102,'Unique Heaney',NULL),(317,102,'Arthur Boyer',NULL),(318,102,'Felton Champlin I',NULL),(319,102,'Hilton Toy DDS',NULL),(320,102,'Alfred Leannon',NULL),(321,103,'Maude Reilly',NULL),(322,103,'Marietta Gibson',NULL),(323,103,'Brock Christiansen',NULL),(324,104,'Winona Grant',NULL),(325,104,'Chadrick Von Jr.',NULL),(326,104,'Norval Marks',NULL),(327,105,'Emiliano Mayert',NULL),(328,105,'Verona Schuster MD',NULL),(329,105,'Juliet O\'Connell',NULL),(330,106,'Mrs. Gerard Ankunding',NULL),(331,106,'Monique Schiller',NULL),(332,106,'Georgiana Langosh',NULL),(333,106,'Norwood Littel',NULL),(334,107,'Jessy Bashirian',NULL),(335,108,'Darius Rosenbaum Sr.',NULL),(336,108,'Rafael Feest',NULL),(337,108,'Virgie Pouros I',NULL),(338,108,'Kathleen Schumm PhD',NULL),(339,108,'Lavon Lehner',NULL),(340,109,'Jay Murray',NULL),(341,109,'Emilie Nienow',NULL),(342,109,'Annetta Watsica',NULL),(343,109,'Chelsie Altenwerth',NULL),(344,110,'Ryder Goldner',NULL),(345,110,'Cristina Balistreri',NULL),(346,110,'Eva Cummerata',NULL),(347,111,'Carol Connelly',NULL),(348,111,'Una Rosenbaum IV',NULL),(349,112,'Lina Swaniawski',NULL),(350,113,'Sabina Wisozk',NULL),(351,113,'Aletha Gottlieb',NULL),(352,114,'Raina Roberts',NULL),(353,114,'Nathen Zulauf',NULL),(354,114,'Bernadine Spencer DVM',NULL),(355,115,'Otho Smitham',NULL),(356,115,'Rico Tillman',NULL),(357,115,'Lemuel Bashirian',NULL),(358,116,'Deborah Ullrich',NULL),(359,116,'Verdie King',NULL),(360,117,'Chanelle Daniel',NULL),(361,117,'Santina Brekke Sr.',NULL),(362,117,'Carmine Glover',NULL),(363,117,'Mina Purdy',NULL),(364,118,'Annie Boehm',NULL),(365,118,'Ms. Viviane Spinka',NULL),(366,118,'Horacio Nader Jr.',NULL),(367,118,'Humberto Sporer',NULL),(368,118,'Miss Marlen Champlin',NULL),(369,119,'Caleigh Hudson',NULL),(370,119,'Ellis Bashirian',NULL),(371,120,'Morton Rau',NULL),(372,120,'Sierra Stracke',NULL),(373,120,'Jovanny Kohler',NULL),(374,120,'Omer Tillman',NULL),(375,121,'Stefanie Botsford',NULL),(376,121,'Alice Kuvalis PhD',NULL),(377,121,'Orval Greenfelder',NULL),(378,121,'Walter Schowalter',NULL),(379,122,'Mr. Ryann DuBuque',NULL),(380,122,'Miss Lelia Ullrich',NULL),(381,122,'Mrs. Van Huels',NULL),(382,123,'Eloisa Hermann II',NULL),(383,123,'Graham Welch',NULL),(384,123,'Stone Kertzmann',NULL),(385,124,'Loraine Jacobs',NULL),(386,124,'Jake Baumbach',NULL),(387,124,'Miss Pauline Wuckert',NULL),(388,124,'Immanuel Schoen',NULL),(389,125,'Miss Estefania Orn',NULL),(390,125,'Wilton Schmeler III',NULL),(391,125,'Miss Xander Toy',NULL),(392,126,'Talon Hilpert',NULL),(393,126,'Matilda Beatty',NULL),(394,126,'Katrina O\'Keefe',NULL),(395,126,'Mrs. Cary Willms',NULL),(396,127,'Kevin Morissette',NULL),(397,127,'Jake Ledner',NULL),(398,127,'Erna Treutel V',NULL),(399,127,'Arlie Fay',NULL),(400,127,'Quinten Schultz',NULL),(401,128,'Javon Watsica',NULL),(402,128,'Cordia Murphy V',NULL),(403,128,'Ms. Fern Harber',NULL),(404,129,'Mr. Aglae Ortiz',NULL),(405,129,'Retta Mertz',NULL),(406,129,'Johnpaul Jacobs',NULL),(407,129,'Santos Hartmann',NULL),(408,129,'Unique Schimmel',NULL),(409,130,'Antonetta Jast',NULL),(410,130,'Dr. Mervin Christiansen',NULL),(411,130,'Andreanne Oberbrunner',NULL),(412,130,'Dorothy Hodkiewicz I',NULL),(413,130,'Chasity Howell',NULL),(414,131,'Alicia Volkman',NULL),(415,132,'Christy Hahn V',NULL),(416,132,'Twila Morar',NULL),(417,132,'Jacinto Bradtke DVM',NULL),(418,132,'Mr. Spencer Parisian',NULL),(419,132,'Madelyn Hane',NULL),(420,133,'Elton Gaylord',NULL),(421,133,'Deondre Wiza DDS',NULL),(422,134,'Dewayne Kerluke MD',NULL),(423,134,'Dr. Rocky Simonis',NULL),(424,134,'Sven Fisher',NULL),(425,134,'Baron Langosh',NULL),(426,134,'Cruz Pfeffer',NULL),(427,135,'Jeremy Rice',NULL),(428,135,'Sydney Hintz',NULL),(429,136,'Osvaldo Becker',NULL),(430,136,'Dr. Pink Corwin',NULL),(431,137,'Harmon Orn',NULL),(432,137,'Lowell Wintheiser MD',NULL),(433,137,'Dr. Gregory Bosco',NULL),(434,138,'Virgil West',NULL),(435,138,'Pansy Towne',NULL),(436,138,'Itzel Lowe',NULL),(437,138,'Mr. Gina Ferry',NULL),(438,139,'Bridgette McKenzie V',NULL),(439,139,'Keanu Frami',NULL),(440,140,'Carlo Pfeffer',NULL),(441,141,'Fern Ritchie',NULL),(442,141,'Sydney Hyatt',NULL),(443,142,'Bradley Marks',NULL),(444,142,'Tyrese Emmerich IV',NULL),(445,142,'Nikita Heidenreich',NULL),(446,142,'Colt Robel',NULL),(447,143,'Rey Tillman',NULL),(448,143,'Daniella Hoeger I',NULL),(449,143,'Dr. Telly Metz',NULL),(450,143,'Vernie Reinger',NULL),(451,143,'Gregory Hirthe',NULL),(452,144,'Erling Torp',NULL),(453,144,'Casper Towne',NULL),(454,144,'Telly Dooley',NULL),(455,144,'Cierra Price',NULL),(456,144,'Leila Littel',NULL),(457,145,'Steve Raynor',NULL),(458,146,'Lexi Glover',NULL),(459,146,'Elise Klocko',NULL),(460,146,'Brooke Tremblay',NULL),(461,146,'Zoe Kris',NULL),(462,147,'Zola Schaefer',NULL),(463,147,'Adriel Lang',NULL),(464,147,'Mrs. Llewellyn Erdman',NULL),(465,147,'Braxton Gutkowski',NULL),(466,147,'Brandyn Konopelski',NULL),(467,148,'Joseph Moen',NULL),(468,148,'Alexander Fritsch',NULL),(469,148,'Matilde Lynch',NULL),(470,148,'Herminia O\'Kon',NULL),(471,148,'Morris Grant',NULL),(472,149,'Barney Lindgren Jr.',NULL),(473,149,'Jean Nikolaus',NULL),(474,149,'Mr. Bertrand Torp',NULL),(475,149,'Green Jaskolski',NULL),(476,150,'Niko Windler',NULL),(477,150,'Edison Bruen',NULL),(478,151,'Stacey Walter I',NULL),(479,151,'Dale Hane',NULL),(480,152,'Celia Rice III',NULL),(481,153,'Kyleigh Reichert',NULL),(482,153,'Genoveva Little',NULL),(483,153,'Sid Raynor',NULL),(484,154,'Maynard Deckow',NULL),(485,154,'Marc Hirthe',NULL),(486,154,'Maegan White',NULL),(487,154,'Miss Marquise Hessel',NULL),(488,155,'Rae Haag',NULL),(489,155,'Ofelia Nienow',NULL),(490,155,'Frankie Sipes',NULL),(491,155,'Camron Luettgen',NULL),(492,155,'Garfield Sawayn',NULL),(493,156,'Coby Becker',NULL),(494,156,'Newell Reilly II',NULL),(495,157,'Ms. Buster Tremblay',NULL),(496,157,'Tessie Kessler',NULL),(497,157,'Adela Purdy V',NULL),(498,157,'Bailee Quitzon',NULL),(499,158,'Mr. Jerod Crooks',NULL),(500,159,'Uriel Daugherty',NULL),(501,159,'Oswaldo Lowe',NULL),(502,159,'Brady Sauer DDS',NULL),(503,159,'Ernestina Kub',NULL),(504,160,'Beryl Nitzsche',NULL),(505,160,'Jimmy Torp',NULL),(506,160,'Miss Rowena Nader',NULL),(507,160,'Patsy Dickens',NULL),(508,160,'Miss Terrance Daniel',NULL),(509,161,'Mrs. Micah Ziemann',NULL),(510,161,'Larry Doyle',NULL),(511,161,'Gaetano Marvin',NULL),(512,162,'Peggie Morissette',NULL),(513,162,'Kenton Nitzsche III',NULL),(514,162,'Norma Johnston',NULL),(515,162,'Alberta Parker DVM',NULL),(516,163,'Darby Schamberger',NULL),(517,163,'Sydni Von',NULL),(518,163,'Jovani Schamberger Jr.',NULL),(519,163,'Dr. Jazlyn Flatley',NULL),(520,164,'Adell Osinski',NULL),(521,164,'Keaton Wolff',NULL),(522,164,'Freeman Koelpin',NULL),(523,165,'Dr. Kay Boyle',NULL),(524,165,'Myles O\'Connell',NULL),(525,165,'Bernhard Lebsack',NULL);
/*!40000 ALTER TABLE `accessories` ENABLE KEYS */;
UNLOCK TABLES;

--
-- Table structure for table `accessories_inventory_pools`
--

DROP TABLE IF EXISTS `accessories_inventory_pools`;
/*!40101 SET @saved_cs_client     = @@character_set_client */;
/*!40101 SET character_set_client = utf8 */;
CREATE TABLE `accessories_inventory_pools` (
  `accessory_id` int(11) DEFAULT NULL,
  `inventory_pool_id` int(11) DEFAULT NULL,
  UNIQUE KEY `index_accessories_inventory_pools` (`accessory_id`,`inventory_pool_id`),
  KEY `index_accessories_inventory_pools_on_inventory_pool_id` (`inventory_pool_id`)
) ENGINE=InnoDB DEFAULT CHARSET=utf8 COLLATE=utf8_unicode_ci;
/*!40101 SET character_set_client = @saved_cs_client */;

--
-- Dumping data for table `accessories_inventory_pools`
--

LOCK TABLES `accessories_inventory_pools` WRITE;
/*!40000 ALTER TABLE `accessories_inventory_pools` DISABLE KEYS */;
INSERT INTO `accessories_inventory_pools` VALUES (4,1),(5,1),(10,1),(11,1),(13,1),(16,1),(18,1),(19,1),(20,1),(24,1),(26,1),(27,1),(29,1),(34,1),(35,1),(38,1),(39,1),(41,1),(42,1),(43,1),(46,1),(47,1),(48,1),(49,1),(50,1),(51,1),(52,1),(53,1),(57,1),(59,1),(61,1),(62,1),(64,1),(65,1),(67,1),(68,1),(70,1),(71,1),(72,1),(73,1),(79,1),(82,1),(83,1),(84,1),(87,1),(88,1),(90,1),(93,1),(97,1),(98,1),(100,1),(101,1),(102,1),(104,1),(108,1),(109,1),(111,1),(112,1),(113,1),(114,1),(115,1),(116,1),(117,1),(119,1),(120,1),(121,1),(124,1),(125,1),(126,1),(127,1),(128,1),(133,1),(134,1),(137,1),(139,1),(141,1),(142,1),(143,1),(144,1),(145,1),(148,1),(152,1),(153,1),(154,1),(159,1),(160,1),(162,1),(163,1),(164,1),(165,1),(166,1),(167,1),(170,1),(172,1),(174,1),(177,1),(179,1),(181,1),(183,1),(184,1),(192,1),(194,1),(195,1),(197,1),(198,1),(202,1),(203,1),(204,1),(205,1),(206,1),(207,1),(208,1),(210,1),(214,1),(216,1),(217,1),(219,1),(220,1),(221,1),(222,1),(223,1),(230,1),(231,1),(233,1),(236,1),(237,1),(239,1),(241,1),(243,1),(248,1),(249,1),(253,1),(254,1),(256,1),(258,1),(260,1),(261,1),(262,1),(263,1),(264,1),(266,1),(272,1),(273,1),(277,1),(278,1),(283,1),(284,1),(287,1),(289,1),(290,1),(291,1),(292,1),(295,1),(296,1),(297,1),(298,1),(299,1),(300,1),(301,1),(302,1),(303,1),(305,1),(307,1),(310,1),(314,1),(315,1),(316,1),(318,1),(319,1),(320,1),(321,1),(324,1),(327,1),(328,1),(330,1),(332,1),(336,1),(340,1),(342,1),(343,1),(344,1),(346,1),(349,1),(352,1),(356,1),(357,1),(358,1),(362,1),(363,1),(365,1),(366,1),(368,1),(369,1),(371,1),(375,1),(377,1),(379,1),(380,1),(381,1),(382,1),(383,1),(385,1),(386,1),(387,1),(388,1),(390,1),(391,1),(396,1),(397,1),(399,1),(400,1),(406,1),(407,1),(408,1),(411,1),(415,1),(418,1),(419,1),(420,1),(421,1),(423,1),(426,1),(428,1),(429,1),(430,1),(431,1),(434,1),(437,1),(438,1),(439,1),(442,1),(443,1),(444,1),(446,1),(447,1),(448,1),(449,1),(450,1),(451,1),(453,1),(456,1),(457,1),(458,1),(459,1),(460,1),(461,1),(463,1),(465,1),(466,1),(467,1),(468,1),(472,1),(475,1),(476,1),(479,1),(480,1),(481,1),(486,1),(490,1),(493,1),(494,1),(496,1),(498,1),(504,1),(508,1),(509,1),(510,1),(511,1),(514,1),(517,1),(518,1),(521,1),(524,1),(525,1);
/*!40000 ALTER TABLE `accessories_inventory_pools` ENABLE KEYS */;
UNLOCK TABLES;

--
-- Table structure for table `addresses`
--

DROP TABLE IF EXISTS `addresses`;
/*!40101 SET @saved_cs_client     = @@character_set_client */;
/*!40101 SET character_set_client = utf8 */;
CREATE TABLE `addresses` (
  `id` int(11) NOT NULL AUTO_INCREMENT,
  `street` varchar(255) COLLATE utf8_unicode_ci DEFAULT NULL,
  `zip_code` varchar(255) COLLATE utf8_unicode_ci DEFAULT NULL,
  `city` varchar(255) COLLATE utf8_unicode_ci DEFAULT NULL,
  `country_code` varchar(255) COLLATE utf8_unicode_ci DEFAULT NULL,
  `latitude` float DEFAULT NULL,
  `longitude` float DEFAULT NULL,
  PRIMARY KEY (`id`),
  UNIQUE KEY `index_addresses_on_street_and_zip_code_and_city_and_country_code` (`street`,`zip_code`,`city`,`country_code`)
) ENGINE=InnoDB DEFAULT CHARSET=utf8 COLLATE=utf8_unicode_ci;
/*!40101 SET character_set_client = @saved_cs_client */;

--
-- Dumping data for table `addresses`
--

LOCK TABLES `addresses` WRITE;
/*!40000 ALTER TABLE `addresses` DISABLE KEYS */;
/*!40000 ALTER TABLE `addresses` ENABLE KEYS */;
UNLOCK TABLES;

--
-- Table structure for table `attachments`
--

DROP TABLE IF EXISTS `attachments`;
/*!40101 SET @saved_cs_client     = @@character_set_client */;
/*!40101 SET character_set_client = utf8 */;
CREATE TABLE `attachments` (
  `id` int(11) NOT NULL AUTO_INCREMENT,
  `model_id` int(11) DEFAULT NULL,
  `is_main` tinyint(1) DEFAULT '0',
  `content_type` varchar(255) COLLATE utf8_unicode_ci DEFAULT NULL,
  `filename` varchar(255) COLLATE utf8_unicode_ci DEFAULT NULL,
  `size` int(11) DEFAULT NULL,
  PRIMARY KEY (`id`),
  KEY `index_attachments_on_model_id` (`model_id`)
) ENGINE=InnoDB AUTO_INCREMENT=6 DEFAULT CHARSET=utf8 COLLATE=utf8_unicode_ci;
/*!40101 SET character_set_client = @saved_cs_client */;

--
-- Dumping data for table `attachments`
--

LOCK TABLES `attachments` WRITE;
/*!40000 ALTER TABLE `attachments` DISABLE KEYS */;
INSERT INTO `attachments` VALUES (1,149,0,'image/jpeg','ipsum',NULL),(2,150,0,'image/jpeg','eligendi',NULL),(3,162,0,'image/jpeg','odit',NULL),(4,162,0,'image/jpeg','itaque',NULL),(5,163,0,'image/jpeg','corrupti',NULL);
/*!40000 ALTER TABLE `attachments` ENABLE KEYS */;
UNLOCK TABLES;

--
-- Table structure for table `authentication_systems`
--

DROP TABLE IF EXISTS `authentication_systems`;
/*!40101 SET @saved_cs_client     = @@character_set_client */;
/*!40101 SET character_set_client = utf8 */;
CREATE TABLE `authentication_systems` (
  `id` int(11) NOT NULL AUTO_INCREMENT,
  `name` varchar(255) COLLATE utf8_unicode_ci DEFAULT NULL,
  `class_name` varchar(255) COLLATE utf8_unicode_ci DEFAULT NULL,
  `is_default` tinyint(1) DEFAULT '0',
  `is_active` tinyint(1) DEFAULT '0',
  PRIMARY KEY (`id`)
) ENGINE=InnoDB AUTO_INCREMENT=7 DEFAULT CHARSET=utf8 COLLATE=utf8_unicode_ci;
/*!40101 SET character_set_client = @saved_cs_client */;

--
-- Dumping data for table `authentication_systems`
--

LOCK TABLES `authentication_systems` WRITE;
/*!40000 ALTER TABLE `authentication_systems` DISABLE KEYS */;
INSERT INTO `authentication_systems` VALUES (1,'Database Authentication','DatabaseAuthentication',1,1),(2,'LDAP Authentication','LdapAuthentication',0,0),(3,'ZHDK Authentication','Zhdk',0,0),(4,'Database Authentication','DatabaseAuthentication',1,1),(5,'LDAP Authentication','LdapAuthentication',0,0),(6,'ZHDK Authentication','Zhdk',0,0);
/*!40000 ALTER TABLE `authentication_systems` ENABLE KEYS */;
UNLOCK TABLES;

--
-- Table structure for table `buildings`
--

DROP TABLE IF EXISTS `buildings`;
/*!40101 SET @saved_cs_client     = @@character_set_client */;
/*!40101 SET character_set_client = utf8 */;
CREATE TABLE `buildings` (
  `id` int(11) NOT NULL AUTO_INCREMENT,
  `name` varchar(255) COLLATE utf8_unicode_ci DEFAULT NULL,
  `code` varchar(255) COLLATE utf8_unicode_ci DEFAULT NULL,
  PRIMARY KEY (`id`)
) ENGINE=InnoDB AUTO_INCREMENT=203 DEFAULT CHARSET=utf8 COLLATE=utf8_unicode_ci;
/*!40101 SET character_set_client = @saved_cs_client */;

--
-- Dumping data for table `buildings`
--

LOCK TABLES `buildings` WRITE;
/*!40000 ALTER TABLE `buildings` DISABLE KEYS */;
INSERT INTO `buildings` VALUES (1,'Great Pyramid of Giza','ZZZ'),(2,'Excepturiaccusantiumassumenda','aut'),(3,'Molestiassequieum','dol'),(4,'Quiasequirepudiandae','vit'),(5,'Odioquasidistinctio','aut'),(6,'Autipsaquam','exp'),(7,'Voluptatemametvelit','ips'),(8,'Quaeratdoloremquedeserunt','eau'),(9,'Nemosuscipitquos','ten'),(10,'Exercitationemestet','per'),(11,'Adipiscicumquererum','eve'),(12,'Earumutfugit','non'),(13,'Repellatmolestiasvoluptas','ear'),(14,'Quosnatusrerum','opt'),(15,'Quisquametreiciendis','aut'),(16,'Earepudiandaequis','cul'),(17,'Molestiasautrerum','qui'),(18,'Doloremquesaepeprovident','max'),(19,'Autemducimussint','exs'),(20,'Nemoadipisciminima','qui'),(21,'Sequiautullam','ets'),(22,'Nobisquiinventore','eiu'),(23,'Autautut','mol'),(24,'Quiaautemsunt','par'),(25,'Temporesedcumque','ita'),(26,'Eiuscorruptisit','odi'),(27,'Etsitet','seq'),(28,'Excepturinecessitatibussapiente','eaq'),(29,'Exercitationemvelharum','est'),(30,'Consequunturaspernaturdolore','non'),(31,'Repudiandaeassumendanulla','abu'),(32,'Etvoluptatemiusto','vol'),(33,'Ettotamqui','rei'),(34,'Veritatisestaccusamus','par'),(35,'Sintquaecommodi','sin'),(36,'Doloresiustooccaecati','aut'),(37,'Officiisdolorespossimus','vol'),(38,'Cumsedporro','nam'),(39,'Etutlaboriosam','sim'),(40,'Quidemconsequaturexercitationem','aut'),(41,'Ausstellungsstrasse 60','AU60'),(42,'Ausstellungsstrasse 60','AU60'),(43,'Possimusaliquamipsa','aut'),(44,'Ipsadelectusatque','vol'),(45,'Quidemundecupiditate','vol'),(46,'Etalibero','seq'),(47,'Porrononipsam','ape'),(48,'Aliquamasperioresenim','dis'),(49,'Doloribusmaximeinventore','nes'),(50,'Autemsuntpossimus','pra'),(51,'Suntetnostrum','ead'),(52,'Repellendusmolestiaefugit','occ'),(53,'Voluptatesautet','eae'),(54,'Omniseligendiquis','acc'),(55,'Adpraesentiumeius','del'),(56,'Utmolestiaesint','qua'),(57,'Totametqui','ida'),(58,'Fugavoluptatemofficiis','qui'),(59,'Consequunturnonexplicabo','eli'),(60,'Voluptasmagniofficia','qui'),(61,'Remmagnamest','lab'),(62,'Eligendinonaperiam','vit'),(63,'Commodivoluptasperspiciatis','ets'),(64,'Eosipsamaccusamus','eos'),(65,'Inventoreetiusto','eta'),(66,'Rerumetvoluptatibus','per'),(67,'Velitdictaet','ita'),(68,'Fugiatetomnis','con'),(69,'Mollitiasuntdeserunt','pro'),(70,'Assumendaeosqui','qui'),(71,'Excepturicumet','vol'),(72,'Fugitdeseruntsit','mag'),(73,'Perspiciatisrecusandaeearum','sed'),(74,'Apraesentiumlibero','etd'),(75,'Recusandaeconsequunturdolorum','qua'),(76,'Quieosquos','etl'),(77,'Ipsamquieius','idq'),(78,'Recusandaesolutaest','sim'),(79,'Iurererumlaboriosam','bla'),(80,'Dolorumdoloribusquaerat','max'),(81,'Molestiaeporromagni','min'),(82,'Utmaximedistinctio','ips'),(83,'Quaeratsintaccusamus','vel'),(84,'Voluptatemdolorescorporis','est'),(85,'Molestiaeatqueeaque','mol'),(86,'Eaquererumnihil','min'),(87,'Architectoeteum','utn'),(88,'Autvoluptatumatque','exa'),(89,'Laborefugiatodit','mol'),(90,'Eaqueullambeatae','lau'),(91,'Voluptatemquasiut','rep'),(92,'Iustoetut','har'),(93,'Velrepudiandaequi','asp'),(94,'Nonquaeratvoluptates','aut'),(95,'Inmaximeet','tem'),(96,'Omnisdoloremreiciendis','dol'),(97,'Modinihildoloribus','vel'),(98,'Quitemporaminima','ull'),(99,'Liberoconsecteturdeserunt','exa'),(100,'Utvoluptatemdicta','vol'),(101,'Etrepellatea','qui'),(102,'Eiusdeseruntporro','dol'),(103,'Rerumlaborenihil','seq'),(104,'Quinullanihil','vol'),(105,'Nemomolestiaeasperiores','eos'),(106,'Vitaeautmagni','bea'),(107,'Minussuscipiteius','eli'),(108,'Nequeetfuga','con'),(109,'Idetinventore','ali'),(110,'Omnisofficiisqui','qui'),(111,'Veroeumvoluptate','atn'),(112,'Consecteturestaperiam','cor'),(113,'Omnisaliquamomnis','cor'),(114,'Essearchitectoducimus','est'),(115,'Officiisutquod','qua'),(116,'Oditcorruptiquos','qui'),(117,'Voluptatemcorruptiharum','atn'),(118,'Estnonmodi','fac'),(119,'Fugiatteneturvel','qui'),(120,'Perspiciatisquisautem','dol'),(121,'Quioccaecatiaspernatur','nec'),(122,'Assumendaadipiscinesciunt','vol'),(123,'Great Pyramid of Giza','ZZZ'),(124,'Essequibusdamconsequatur','dic'),(125,'Quodnullaoccaecati','dol'),(126,'Consequaturrationereprehenderit','acc'),(127,'Rerumporroconsequatur','qui'),(128,'Atdolorumest','asp'),(129,'Molestiaeconsequunturnulla','cul'),(130,'Sitametqui','vol'),(131,'Quivoluptatemdolorem','dol'),(132,'Doloreeanemo','vol'),(133,'Ullamveroea','quo'),(134,'Abeabeatae','vol'),(135,'Ipsumquiaut','aut'),(136,'Quampariaturanimi','atn'),(137,'Exercitationemprovidentest','vol'),(138,'Enimautfacilis','ven'),(139,'Consequaturnullaqui','deb'),(140,'Etassumendavoluptatem','omn'),(141,'Utillumsaepe','atf'),(142,'Eaullamblanditiis','vol'),(143,'Earumdolorumitaque','nam'),(144,'Quisdistinctioincidunt','inc'),(145,'Aliasinciduntsaepe','qui'),(146,'Corruptimodivoluptatem','acc'),(147,'Omnisistelaborum','per'),(148,'Blanditiiseiusoptio','eos'),(149,'Culpafugaat','acc'),(150,'Quiablanditiisest','aut'),(151,'Adistequam','qui'),(152,'Nammolestiasquos','tem'),(153,'Etpossimusaccusantium','vol'),(154,'Possimusnatuseaque','asp'),(155,'Innullasapiente','sed'),(156,'Quietinventore','eiu'),(157,'Natusnostrumaut','con'),(158,'Euminaut','mag'),(159,'Sitomnisconsectetur','num'),(160,'Utdoloresid','nes'),(161,'Exercitationemiureprovident','sin'),(162,'Quaeraterrorconsequatur','bea'),(163,'Debitistemporibusid','min'),(164,'Autemnecessitatibusnemo','vol'),(165,'Doloribusvoluptasrepellendus','qui'),(166,'Possimuseligendimodi','seq'),(167,'Illopossimusquis','ame'),(168,'Magnirerumdistinctio','dol'),(169,'Inventoreinciduntminus','qui'),(170,'Voluptasdoloremassumenda','har'),(171,'Omnisquiaexercitationem','dol'),(172,'Quaseumdolores','sae'),(173,'Rerumsuntfuga','vel'),(174,'Omnisitaqueipsum','mol'),(175,'Necessitatibusdelenitimagnam','max'),(176,'Nullaidaliquam','atn'),(177,'Utsitquia','omn'),(178,'Nostrumconsequaturveniam','ali'),(179,'Sinteaquesit','arc'),(180,'Aliquidquivoluptas','quo'),(181,'Consequaturinventoreneque','nul'),(182,'Namestneque','etf'),(183,'Eosliberoiusto','tem'),(184,'Quaeratitaqueest','aex'),(185,'Earumeumrepellat','cor'),(186,'Eaadin','qua'),(187,'Quodlaboreinventore','pla'),(188,'Inciduntaliasnatus','aut'),(189,'Distinctiomagniillum','inv'),(190,'Quiadoloribusaliquid','nat'),(191,'Etdoloremat','quo'),(192,'Delectusitaquequos','com'),(193,'Voluptatemeosnatus','vol'),(194,'Remerroranimi','exc'),(195,'Voluptatemdoloremeum','qui'),(196,'Magnamomnisdolorum','ets'),(197,'Numquamquieum','ist'),(198,'Perferendisremeos','dol'),(199,'Molestiasseddistinctio','sit'),(200,'Nesciuntrerumdolor','odi'),(201,'Exvoluptatesest','mai'),(202,'Explicaborepellendusharum','nob');
/*!40000 ALTER TABLE `buildings` ENABLE KEYS */;
UNLOCK TABLES;

--
-- Table structure for table `contract_lines`
--

DROP TABLE IF EXISTS `contract_lines`;
/*!40101 SET @saved_cs_client     = @@character_set_client */;
/*!40101 SET character_set_client = utf8 */;
CREATE TABLE `contract_lines` (
  `id` int(11) NOT NULL AUTO_INCREMENT,
  `contract_id` int(11) DEFAULT NULL,
  `type` varchar(255) COLLATE utf8_unicode_ci NOT NULL DEFAULT 'ItemLine',
  `item_id` int(11) DEFAULT NULL,
  `model_id` int(11) DEFAULT NULL,
  `quantity` int(11) DEFAULT '1',
  `start_date` date DEFAULT NULL,
  `end_date` date DEFAULT NULL,
  `returned_date` date DEFAULT NULL,
  `option_id` int(11) DEFAULT NULL,
  `purpose_id` int(11) DEFAULT NULL,
  `returned_to_user_id` int(11) DEFAULT NULL,
  `created_at` datetime DEFAULT NULL,
  `updated_at` datetime DEFAULT NULL,
  PRIMARY KEY (`id`),
  KEY `index_contract_lines_on_start_date` (`start_date`),
  KEY `index_contract_lines_on_end_date` (`end_date`),
  KEY `index_contract_lines_on_option_id` (`option_id`),
  KEY `index_contract_lines_on_contract_id` (`contract_id`),
  KEY `index_contract_lines_on_item_id` (`item_id`),
  KEY `index_contract_lines_on_model_id` (`model_id`),
  KEY `index_contract_lines_on_returned_date_and_contract_id` (`returned_date`,`contract_id`),
  KEY `index_contract_lines_on_type_and_contract_id` (`type`,`contract_id`)
) ENGINE=InnoDB AUTO_INCREMENT=177 DEFAULT CHARSET=utf8 COLLATE=utf8_unicode_ci;
/*!40101 SET character_set_client = @saved_cs_client */;

--
-- Dumping data for table `contract_lines`
--

LOCK TABLES `contract_lines` WRITE;
/*!40000 ALTER TABLE `contract_lines` DISABLE KEYS */;
INSERT INTO `contract_lines` VALUES (1,1,'ItemLine',NULL,1,1,'2016-12-12','2016-12-12',NULL,NULL,NULL,NULL,'2016-12-10 15:30:24','2016-12-10 15:30:24'),(2,1,'ItemLine',NULL,5,1,'2016-12-12','2016-12-12',NULL,NULL,NULL,NULL,'2016-12-10 15:30:24','2016-12-10 15:30:24'),(3,1,'ItemLine',NULL,9,1,'2016-12-12','2016-12-12',NULL,NULL,NULL,NULL,'2016-12-10 15:30:24','2016-12-10 15:30:24'),(4,2,'ItemLine',NULL,13,1,'2016-12-12','2016-12-12',NULL,NULL,1,NULL,'2016-12-10 15:30:24','2016-12-10 15:30:24'),(5,2,'ItemLine',NULL,17,1,'2016-12-12','2016-12-12',NULL,NULL,1,NULL,'2016-12-10 15:30:24','2016-12-10 15:30:24'),(6,2,'ItemLine',NULL,21,1,'2016-12-12','2016-12-12',NULL,NULL,1,NULL,'2016-12-10 15:30:24','2016-12-10 15:30:24'),(7,2,'ItemLine',NULL,25,1,'2016-12-12','2016-12-12',NULL,NULL,1,NULL,'2016-12-10 15:30:24','2016-12-10 15:30:24'),(8,3,'ItemLine',NULL,29,1,'2016-12-12','2016-12-12','2016-12-10',NULL,2,1,'2016-12-10 15:30:24','2016-12-10 15:30:24'),(9,3,'ItemLine',NULL,33,1,'2016-12-12','2016-12-12','2016-12-10',NULL,2,1,'2016-12-10 15:30:24','2016-12-10 15:30:24'),(10,3,'ItemLine',NULL,37,1,'2016-12-12','2016-12-12','2016-12-10',NULL,2,1,'2016-12-10 15:30:24','2016-12-10 15:30:24'),(11,3,'ItemLine',NULL,41,1,'2016-12-12','2016-12-12','2016-12-10',NULL,2,1,'2016-12-10 15:30:24','2016-12-10 15:30:24'),(12,3,'ItemLine',NULL,45,1,'2016-12-12','2016-12-12','2016-12-10',NULL,2,1,'2016-12-10 15:30:24','2016-12-10 15:30:24'),(13,3,'ItemLine',NULL,49,1,'2016-12-12','2016-12-12','2016-12-10',NULL,2,1,'2016-12-10 15:30:24','2016-12-10 15:30:24'),(14,4,'ItemLine',NULL,166,1,'2016-12-05','2016-12-05',NULL,NULL,3,NULL,'2016-12-04 10:33:15','2016-12-04 10:33:15'),(15,4,'ItemLine',NULL,167,1,'2016-12-05','2016-12-05',NULL,NULL,3,NULL,'2016-12-04 10:33:15','2016-12-04 10:33:15'),(16,4,'ItemLine',NULL,168,1,'2016-12-05','2016-12-05',NULL,NULL,3,NULL,'2016-12-04 10:33:15','2016-12-04 10:33:15'),(17,4,'ItemLine',NULL,169,1,'2016-12-05','2016-12-05',NULL,NULL,3,NULL,'2016-12-04 10:33:15','2016-12-04 10:33:15'),(18,4,'ItemLine',NULL,170,1,'2016-12-05','2016-12-05',NULL,NULL,3,NULL,'2016-12-04 10:33:15','2016-12-04 10:33:15'),(19,5,'ItemLine',NULL,174,1,'2016-12-05','2016-12-05',NULL,NULL,4,NULL,'2016-12-04 10:33:15','2016-12-04 10:33:15'),(20,5,'ItemLine',NULL,175,1,'2016-12-05','2016-12-05',NULL,NULL,4,NULL,'2016-12-04 10:33:15','2016-12-04 10:33:15'),(21,5,'ItemLine',NULL,176,1,'2016-12-05','2016-12-05',NULL,NULL,4,NULL,'2016-12-04 10:33:15','2016-12-04 10:33:15'),(22,5,'ItemLine',NULL,177,1,'2016-12-05','2016-12-05',NULL,NULL,4,NULL,'2016-12-04 10:33:15','2016-12-04 10:33:15'),(23,6,'ItemLine',NULL,181,1,'2016-12-05','2016-12-05',NULL,NULL,5,NULL,'2016-12-04 10:33:15','2016-12-04 10:33:15'),(24,6,'ItemLine',NULL,182,1,'2016-12-05','2016-12-05',NULL,NULL,5,NULL,'2016-12-04 10:33:15','2016-12-04 10:33:15'),(25,6,'ItemLine',NULL,183,1,'2016-12-05','2016-12-05',NULL,NULL,5,NULL,'2016-12-04 10:33:15','2016-12-04 10:33:15'),(26,6,'ItemLine',NULL,184,1,'2016-12-05','2016-12-05',NULL,NULL,5,NULL,'2016-12-04 10:33:16','2016-12-04 10:33:16'),(27,7,'ItemLine',NULL,188,1,'2016-12-05','2016-12-05',NULL,NULL,6,NULL,'2016-12-05 09:57:00','2016-12-05 09:57:00'),(28,7,'ItemLine',NULL,189,1,'2016-12-05','2016-12-05',NULL,NULL,6,NULL,'2016-12-05 09:57:00','2016-12-05 09:57:00'),(29,7,'ItemLine',NULL,190,1,'2016-12-05','2016-12-05',NULL,NULL,6,NULL,'2016-12-05 09:57:00','2016-12-05 09:57:00'),(30,7,'ItemLine',NULL,191,1,'2016-12-05','2016-12-05',NULL,NULL,6,NULL,'2016-12-05 09:57:00','2016-12-05 09:57:00'),(31,7,'ItemLine',NULL,192,1,'2016-12-05','2016-12-05',NULL,NULL,6,NULL,'2016-12-05 09:57:00','2016-12-05 09:57:00'),(32,8,'ItemLine',NULL,193,1,'2016-12-07','2016-12-07',NULL,NULL,7,NULL,'2016-12-07 00:56:05','2016-12-07 00:56:05'),(33,8,'ItemLine',NULL,194,1,'2016-12-07','2016-12-07',NULL,NULL,7,NULL,'2016-12-07 00:56:05','2016-12-07 00:56:05'),(34,8,'ItemLine',NULL,195,1,'2016-12-07','2016-12-07',NULL,NULL,7,NULL,'2016-12-07 00:56:05','2016-12-07 00:56:05'),(35,8,'ItemLine',NULL,196,1,'2016-12-07','2016-12-07',NULL,NULL,7,NULL,'2016-12-07 00:56:05','2016-12-07 00:56:05'),(36,8,'ItemLine',NULL,197,1,'2016-12-07','2016-12-07',NULL,NULL,7,NULL,'2016-12-07 00:56:05','2016-12-07 00:56:05'),(37,8,'ItemLine',NULL,197,1,'2016-12-07','2016-12-07',NULL,NULL,7,NULL,'2016-12-07 00:56:05','2016-12-07 00:56:05'),(38,9,'ItemLine',NULL,201,1,'2016-12-12','2016-12-12',NULL,NULL,8,NULL,'2016-12-10 15:30:24','2016-12-10 15:30:24'),(39,9,'ItemLine',NULL,202,1,'2016-12-12','2016-12-12',NULL,NULL,8,NULL,'2016-12-10 15:30:24','2016-12-10 15:30:24'),(40,9,'ItemLine',NULL,203,1,'2016-12-12','2016-12-12',NULL,NULL,8,NULL,'2016-12-10 15:30:24','2016-12-10 15:30:24'),(41,9,'ItemLine',NULL,204,1,'2016-12-12','2016-12-12',NULL,NULL,8,NULL,'2016-12-10 15:30:24','2016-12-10 15:30:24'),(42,9,'ItemLine',NULL,205,1,'2016-12-12','2016-12-12',NULL,NULL,8,NULL,'2016-12-10 15:30:24','2016-12-10 15:30:24'),(43,9,'ItemLine',NULL,206,1,'2016-12-12','2016-12-12',NULL,NULL,8,NULL,'2016-12-10 15:30:24','2016-12-10 15:30:24'),(44,10,'ItemLine',NULL,210,1,'2016-12-12','2016-12-12',NULL,NULL,9,NULL,'2016-12-10 15:30:24','2016-12-10 15:30:24'),(45,10,'ItemLine',NULL,211,1,'2016-12-12','2016-12-12',NULL,NULL,9,NULL,'2016-12-10 15:30:24','2016-12-10 15:30:24'),(46,10,'ItemLine',NULL,212,1,'2016-12-12','2016-12-12',NULL,NULL,9,NULL,'2016-12-10 15:30:24','2016-12-10 15:30:24'),(47,10,'ItemLine',NULL,213,1,'2016-12-12','2016-12-12',NULL,NULL,9,NULL,'2016-12-10 15:30:24','2016-12-10 15:30:24'),(48,10,'ItemLine',NULL,214,1,'2016-12-12','2016-12-12',NULL,NULL,9,NULL,'2016-12-10 15:30:24','2016-12-10 15:30:24'),(49,11,'ItemLine',NULL,215,1,'2016-12-12','2016-12-12',NULL,NULL,10,NULL,'2016-12-10 15:30:24','2016-12-10 15:30:24'),(50,11,'ItemLine',NULL,216,1,'2016-12-12','2016-12-12',NULL,NULL,10,NULL,'2016-12-10 15:30:24','2016-12-10 15:30:24'),(51,11,'ItemLine',NULL,217,1,'2016-12-12','2016-12-12',NULL,NULL,10,NULL,'2016-12-10 15:30:24','2016-12-10 15:30:24'),(52,12,'ItemLine',NULL,218,1,'2016-12-12','2016-12-12',NULL,NULL,11,NULL,'2016-12-10 15:30:24','2016-12-10 15:30:24'),(53,12,'ItemLine',NULL,219,1,'2016-12-12','2016-12-12',NULL,NULL,11,NULL,'2016-12-10 15:30:24','2016-12-10 15:30:24'),(54,12,'ItemLine',NULL,220,1,'2016-12-12','2016-12-12',NULL,NULL,11,NULL,'2016-12-10 15:30:24','2016-12-10 15:30:24'),(55,12,'ItemLine',NULL,221,1,'2016-12-12','2016-12-12',NULL,NULL,11,NULL,'2016-12-10 15:30:24','2016-12-10 15:30:24'),(56,13,'ItemLine',22,29,1,'2016-12-12','2016-12-12',NULL,NULL,12,NULL,'2016-12-10 15:30:24','2016-12-10 15:30:24'),(57,13,'ItemLine',23,29,1,'2016-12-12','2016-12-12',NULL,NULL,12,NULL,'2016-12-10 15:30:24','2016-12-10 15:30:24'),(58,13,'ItemLine',24,29,1,'2016-12-12','2016-12-12',NULL,NULL,12,NULL,'2016-12-10 15:30:24','2016-12-10 15:30:24'),(59,13,'ItemLine',25,33,1,'2016-12-12','2016-12-12',NULL,NULL,12,NULL,'2016-12-10 15:30:24','2016-12-10 15:30:24'),(60,13,'ItemLine',26,33,1,'2016-12-12','2016-12-12',NULL,NULL,12,NULL,'2016-12-10 15:30:24','2016-12-10 15:30:24'),(61,13,'ItemLine',27,33,1,'2016-12-12','2016-12-12',NULL,NULL,12,NULL,'2016-12-10 15:30:24','2016-12-10 15:30:24'),(62,13,'ItemLine',28,37,1,'2016-12-12','2016-12-12',NULL,NULL,12,NULL,'2016-12-10 15:30:24','2016-12-10 15:30:24'),(63,13,'ItemLine',29,37,1,'2016-12-12','2016-12-12',NULL,NULL,12,NULL,'2016-12-10 15:30:24','2016-12-10 15:30:24'),(64,13,'ItemLine',30,37,1,'2016-12-12','2016-12-12',NULL,NULL,12,NULL,'2016-12-10 15:30:24','2016-12-10 15:30:24'),(65,13,'ItemLine',31,41,1,'2016-12-12','2016-12-12',NULL,NULL,12,NULL,'2016-12-10 15:30:24','2016-12-10 15:30:24'),(66,13,'ItemLine',32,41,1,'2016-12-12','2016-12-12',NULL,NULL,12,NULL,'2016-12-10 15:30:24','2016-12-10 15:30:24'),(67,13,'ItemLine',33,41,1,'2016-12-12','2016-12-12',NULL,NULL,12,NULL,'2016-12-10 15:30:24','2016-12-10 15:30:24'),(68,13,'ItemLine',34,45,1,'2016-12-12','2016-12-12',NULL,NULL,12,NULL,'2016-12-10 15:30:24','2016-12-10 15:30:24'),(69,13,'ItemLine',35,45,1,'2016-12-12','2016-12-12',NULL,NULL,12,NULL,'2016-12-10 15:30:24','2016-12-10 15:30:24'),(70,13,'ItemLine',36,45,1,'2016-12-12','2016-12-12',NULL,NULL,12,NULL,'2016-12-10 15:30:24','2016-12-10 15:30:24'),(71,13,'ItemLine',37,49,1,'2016-12-12','2016-12-12',NULL,NULL,12,NULL,'2016-12-10 15:30:24','2016-12-10 15:30:24'),(72,13,'ItemLine',38,49,1,'2016-12-12','2016-12-12',NULL,NULL,12,NULL,'2016-12-10 15:30:24','2016-12-10 15:30:24'),(73,13,'ItemLine',39,49,1,'2016-12-12','2016-12-12',NULL,NULL,12,NULL,'2016-12-10 15:30:24','2016-12-10 15:30:24'),(74,13,'ItemLine',42,54,1,'2016-12-12','2016-12-12',NULL,NULL,12,NULL,'2016-12-10 15:30:24','2016-12-10 15:30:24'),(75,13,'ItemLine',43,54,1,'2016-12-12','2016-12-12',NULL,NULL,12,NULL,'2016-12-10 15:30:24','2016-12-10 15:30:24'),(76,13,'ItemLine',44,55,1,'2016-12-12','2016-12-12',NULL,NULL,12,NULL,'2016-12-10 15:30:24','2016-12-10 15:30:24'),(77,13,'ItemLine',46,57,1,'2016-12-12','2016-12-12',NULL,NULL,12,NULL,'2016-12-10 15:30:24','2016-12-10 15:30:24'),(78,13,'ItemLine',47,58,1,'2016-12-12','2016-12-12',NULL,NULL,12,NULL,'2016-12-10 15:30:24','2016-12-10 15:30:24'),(79,13,'ItemLine',48,59,1,'2016-12-12','2016-12-12',NULL,NULL,12,NULL,'2016-12-10 15:30:24','2016-12-10 15:30:24'),(80,13,'ItemLine',49,60,1,'2016-12-12','2016-12-12',NULL,NULL,12,NULL,'2016-12-10 15:30:24','2016-12-10 15:30:24'),(81,13,'ItemLine',50,61,1,'2016-12-12','2016-12-12',NULL,NULL,12,NULL,'2016-12-10 15:30:24','2016-12-10 15:30:24'),(82,13,'ItemLine',51,62,1,'2016-12-12','2016-12-12',NULL,NULL,12,NULL,'2016-12-10 15:30:24','2016-12-10 15:30:24'),(83,13,'ItemLine',52,63,1,'2016-12-12','2016-12-12',NULL,NULL,12,NULL,'2016-12-10 15:30:24','2016-12-10 15:30:24'),(84,13,'ItemLine',53,64,1,'2016-12-12','2016-12-12',NULL,NULL,12,NULL,'2016-12-10 15:30:24','2016-12-10 15:30:24'),(85,13,'ItemLine',54,65,1,'2016-12-12','2016-12-12',NULL,NULL,12,NULL,'2016-12-10 15:30:24','2016-12-10 15:30:24'),(86,14,'OptionLine',NULL,NULL,2,'2016-12-10','2016-12-12',NULL,4,13,NULL,'2016-12-10 15:30:24','2016-12-10 15:30:24'),(87,14,'ItemLine',217,222,1,'2016-12-10','2016-12-12',NULL,NULL,13,NULL,'2016-12-10 15:30:24','2016-12-10 15:30:24'),(88,15,'OptionLine',NULL,NULL,2,'2016-12-10','2016-12-10',NULL,5,14,NULL,'2016-12-10 15:30:24','2016-12-10 15:30:24'),(89,15,'OptionLine',NULL,NULL,1,'2016-12-10','2017-01-10',NULL,5,14,NULL,'2016-12-10 15:30:24','2016-12-10 15:30:24'),(90,16,'ItemLine',218,223,1,'2016-12-10','2016-12-12',NULL,NULL,15,NULL,'2016-12-10 15:30:24','2016-12-10 15:30:24'),(91,17,'ItemLine',219,224,1,'2016-12-05','2016-12-09',NULL,NULL,16,NULL,'2016-12-05 00:00:00','2016-12-05 00:00:00'),(92,17,'OptionLine',NULL,NULL,1,'2016-12-05','2016-12-09',NULL,6,16,NULL,'2016-12-05 00:00:00','2016-12-05 00:00:00'),(93,18,'ItemLine',222,228,1,'2016-12-10','2016-12-10','2016-12-10',NULL,17,NULL,'2016-12-10 15:30:24','2016-12-10 15:30:24'),(94,19,'ItemLine',223,229,1,'2016-12-10','2016-12-10','2016-12-10',NULL,18,NULL,'2016-12-10 15:30:24','2016-12-10 15:30:24'),(95,20,'ItemLine',NULL,232,1,'2016-12-12','2016-12-12',NULL,NULL,19,NULL,'2016-12-10 15:30:24','2016-12-10 15:30:24'),(96,20,'ItemLine',NULL,233,1,'2016-12-12','2016-12-12',NULL,NULL,19,NULL,'2016-12-10 15:30:24','2016-12-10 15:30:24'),(97,20,'ItemLine',NULL,234,1,'2016-12-12','2016-12-12',NULL,NULL,19,NULL,'2016-12-10 15:30:24','2016-12-10 15:30:24'),(98,21,'ItemLine',229,235,1,'2016-12-10','2016-12-12',NULL,NULL,20,NULL,'2016-12-10 15:30:24','2016-12-10 15:30:24'),(99,21,'ItemLine',230,236,1,'2016-12-10','2016-12-12',NULL,NULL,20,NULL,'2016-12-10 15:30:24','2016-12-10 15:30:24'),(100,21,'ItemLine',231,237,1,'2016-12-10','2016-12-12',NULL,NULL,20,NULL,'2016-12-10 15:30:24','2016-12-10 15:30:24'),(101,21,'ItemLine',232,238,1,'2016-12-10','2016-12-12',NULL,NULL,20,NULL,'2016-12-10 15:30:24','2016-12-10 15:30:24'),(102,21,'ItemLine',233,239,1,'2016-12-10','2016-12-12',NULL,NULL,20,NULL,'2016-12-10 15:30:24','2016-12-10 15:30:24'),(103,22,'ItemLine',234,240,1,'2016-12-10','2016-12-12',NULL,NULL,21,NULL,'2016-12-10 15:30:24','2016-12-10 15:30:24'),(104,22,'ItemLine',235,241,1,'2016-12-10','2016-12-12',NULL,NULL,21,NULL,'2016-12-10 15:30:24','2016-12-10 15:30:24'),(105,22,'ItemLine',236,242,1,'2016-12-10','2016-12-12',NULL,NULL,21,NULL,'2016-12-10 15:30:24','2016-12-10 15:30:24'),(106,22,'ItemLine',237,243,1,'2016-12-10','2016-12-12',NULL,NULL,21,NULL,'2016-12-10 15:30:24','2016-12-10 15:30:24'),(107,23,'ItemLine',238,244,1,'2016-12-05','2016-12-05',NULL,NULL,22,NULL,'2016-12-05 00:00:00','2016-12-05 00:00:00'),(108,23,'ItemLine',239,245,1,'2016-12-05','2016-12-05',NULL,NULL,22,NULL,'2016-12-05 00:00:00','2016-12-05 00:00:00'),(109,23,'ItemLine',240,246,1,'2016-12-05','2016-12-05',NULL,NULL,22,NULL,'2016-12-05 00:00:00','2016-12-05 00:00:00'),(110,23,'ItemLine',241,247,1,'2016-12-05','2016-12-05',NULL,NULL,22,NULL,'2016-12-05 00:00:00','2016-12-05 00:00:00'),(111,24,'ItemLine',NULL,80,1,'2016-12-17','2016-12-20',NULL,NULL,23,NULL,'2016-12-10 15:30:24','2016-12-10 15:30:24'),(112,24,'ItemLine',NULL,80,1,'2016-12-17','2016-12-20',NULL,NULL,23,NULL,'2016-12-10 15:30:24','2016-12-10 15:30:24'),(113,24,'ItemLine',NULL,80,1,'2016-12-17','2016-12-20',NULL,NULL,23,NULL,'2016-12-10 15:30:24','2016-12-10 15:30:24'),(114,24,'ItemLine',NULL,80,1,'2016-12-17','2016-12-20',NULL,NULL,23,NULL,'2016-12-10 15:30:24','2016-12-10 15:30:24'),(115,24,'ItemLine',NULL,80,1,'2016-12-17','2016-12-20',NULL,NULL,23,NULL,'2016-12-10 15:30:24','2016-12-10 15:30:24'),(116,24,'ItemLine',NULL,112,1,'2016-12-17','2016-12-20',NULL,NULL,23,NULL,'2016-12-10 15:30:24','2016-12-10 15:30:24'),(117,24,'ItemLine',NULL,112,1,'2016-12-17','2016-12-20',NULL,NULL,23,NULL,'2016-12-10 15:30:24','2016-12-10 15:30:24'),(118,24,'ItemLine',NULL,112,1,'2016-12-17','2016-12-20',NULL,NULL,23,NULL,'2016-12-10 15:30:24','2016-12-10 15:30:24'),(119,24,'ItemLine',NULL,112,1,'2016-12-17','2016-12-20',NULL,NULL,23,NULL,'2016-12-10 15:30:24','2016-12-10 15:30:24'),(120,25,'ItemLine',NULL,248,1,'2016-12-12','2016-12-12',NULL,NULL,24,NULL,'2016-12-10 15:30:24','2016-12-10 15:30:24'),(121,25,'ItemLine',NULL,252,1,'2016-12-12','2016-12-12',NULL,NULL,24,NULL,'2016-12-10 15:30:24','2016-12-10 15:30:24'),(122,25,'ItemLine',NULL,256,1,'2016-12-12','2016-12-12',NULL,NULL,24,NULL,'2016-12-10 15:30:24','2016-12-10 15:30:24'),(123,25,'ItemLine',NULL,260,1,'2016-12-12','2016-12-12',NULL,NULL,24,NULL,'2016-12-10 15:30:24','2016-12-10 15:30:24'),(124,26,'ItemLine',NULL,264,1,'2016-12-12','2016-12-12',NULL,NULL,25,NULL,'2016-12-10 15:30:24','2016-12-10 15:30:24'),(125,26,'ItemLine',NULL,268,1,'2016-12-12','2016-12-12',NULL,NULL,25,NULL,'2016-12-10 15:30:24','2016-12-10 15:30:24'),(126,26,'ItemLine',NULL,272,1,'2016-12-12','2016-12-12',NULL,NULL,25,NULL,'2016-12-10 15:30:24','2016-12-10 15:30:24'),(127,26,'ItemLine',NULL,276,1,'2016-12-12','2016-12-12',NULL,NULL,25,NULL,'2016-12-10 15:30:24','2016-12-10 15:30:24'),(128,27,'ItemLine',NULL,280,1,'2016-12-12','2016-12-12',NULL,NULL,26,NULL,'2016-12-10 15:30:24','2016-12-10 15:30:24'),(129,27,'ItemLine',NULL,284,1,'2016-12-12','2016-12-12',NULL,NULL,26,NULL,'2016-12-10 15:30:24','2016-12-10 15:30:24'),(130,27,'ItemLine',NULL,288,1,'2016-12-12','2016-12-12',NULL,NULL,26,NULL,'2016-12-10 15:30:24','2016-12-10 15:30:24'),(131,27,'ItemLine',NULL,292,1,'2016-12-12','2016-12-12',NULL,NULL,26,NULL,'2016-12-10 15:30:24','2016-12-10 15:30:24'),(132,27,'ItemLine',NULL,296,1,'2016-12-12','2016-12-12',NULL,NULL,26,NULL,'2016-12-10 15:30:24','2016-12-10 15:30:24'),(133,28,'ItemLine',NULL,300,1,'2016-12-12','2016-12-12',NULL,NULL,27,NULL,'2016-12-10 15:30:24','2016-12-10 15:30:24'),(134,28,'ItemLine',NULL,304,1,'2016-12-12','2016-12-12',NULL,NULL,27,NULL,'2016-12-10 15:30:24','2016-12-10 15:30:24'),(135,28,'ItemLine',NULL,308,1,'2016-12-12','2016-12-12',NULL,NULL,27,NULL,'2016-12-10 15:30:24','2016-12-10 15:30:24'),(136,28,'ItemLine',NULL,312,1,'2016-12-12','2016-12-12',NULL,NULL,27,NULL,'2016-12-10 15:30:24','2016-12-10 15:30:24'),(137,29,'ItemLine',NULL,112,1,'2016-12-12','2016-12-12',NULL,NULL,28,NULL,'2016-12-10 15:30:24','2016-12-10 15:30:24'),(138,30,'ItemLine',NULL,112,1,'2016-12-12','2016-12-12',NULL,NULL,29,NULL,'2016-12-10 15:30:24','2016-12-10 15:30:24'),(139,30,'ItemLine',NULL,80,1,'2016-12-12','2016-12-12',NULL,NULL,29,NULL,'2016-12-10 15:30:24','2016-12-10 15:30:24'),(140,31,'ItemLine',NULL,112,1,'2016-12-17','2016-12-18',NULL,NULL,30,NULL,'2016-12-10 15:30:24','2016-12-10 15:30:24'),(141,32,'ItemLine',NULL,54,1,'2016-12-12','2016-12-12',NULL,NULL,31,NULL,'2016-12-10 15:30:24','2016-12-10 15:30:24'),(142,32,'ItemLine',NULL,54,1,'2016-12-12','2016-12-12',NULL,NULL,31,NULL,'2016-12-10 15:30:24','2016-12-10 15:30:24'),(143,32,'ItemLine',NULL,54,1,'2016-12-12','2016-12-12',NULL,NULL,31,NULL,'2016-12-10 15:30:24','2016-12-10 15:30:24'),(144,33,'ItemLine',NULL,80,1,'2016-12-12','2016-12-12',NULL,NULL,32,NULL,'2016-12-10 15:30:24','2016-12-10 15:30:24'),(145,33,'ItemLine',NULL,112,1,'2016-12-12','2016-12-12',NULL,NULL,32,NULL,'2016-12-10 15:30:24','2016-12-10 15:30:24'),(146,33,'ItemLine',NULL,80,1,'2016-12-12','2016-12-12',NULL,NULL,32,NULL,'2016-12-10 15:30:24','2016-12-10 15:30:24'),(147,33,'ItemLine',NULL,112,1,'2016-12-12','2016-12-12',NULL,NULL,32,NULL,'2016-12-10 15:30:24','2016-12-10 15:30:24'),(148,33,'ItemLine',NULL,80,1,'2016-12-12','2016-12-12',NULL,NULL,32,NULL,'2016-12-10 15:30:24','2016-12-10 15:30:24'),(149,33,'ItemLine',NULL,112,1,'2016-12-12','2016-12-12',NULL,NULL,32,NULL,'2016-12-10 15:30:24','2016-12-10 15:30:24'),(150,33,'OptionLine',NULL,NULL,5,'2016-12-12','2016-12-12',NULL,1,32,NULL,'2016-12-10 15:30:24','2016-12-10 15:30:24'),(151,34,'ItemLine',NULL,151,1,'2016-12-12','2016-12-12',NULL,NULL,NULL,NULL,'2016-12-10 15:30:24','2016-12-10 15:30:24'),(152,35,'ItemLine',293,316,1,'2016-12-12','2016-12-12',NULL,NULL,NULL,NULL,'2016-12-10 15:30:24','2016-12-10 15:30:24'),(153,36,'ItemLine',69,80,1,'2016-12-10','2016-12-10',NULL,NULL,35,NULL,'2016-12-10 15:30:24','2016-12-10 15:30:24'),(154,37,'ItemLine',294,317,1,'2016-12-10','2016-12-10',NULL,NULL,36,NULL,'2016-12-10 15:30:24','2016-12-10 15:30:24'),(155,38,'ItemLine',40,53,1,'2016-12-10','2016-12-10',NULL,NULL,37,NULL,'2016-12-10 15:30:24','2016-12-10 15:30:24'),(156,38,'ItemLine',223,229,1,'2016-12-10','2016-12-10','2016-12-10',NULL,37,18,'2016-12-10 15:30:24','2016-12-10 15:30:24'),(157,39,'ItemLine',45,54,1,'2016-12-10','2016-12-10',NULL,NULL,38,NULL,'2016-12-10 15:30:24','2016-12-10 15:30:24'),(158,40,'ItemLine',295,318,1,'2016-12-10','2016-12-10',NULL,NULL,39,NULL,'2016-12-10 15:30:24','2016-12-10 15:30:24'),(159,41,'ItemLine',110,115,1,'2016-12-10','2016-12-11',NULL,NULL,40,NULL,'2016-12-10 15:30:24','2016-12-10 15:30:24'),(160,42,'ItemLine',NULL,80,1,'2016-12-17','2016-12-20',NULL,NULL,41,NULL,'2016-12-10 15:30:24','2016-12-10 15:30:24'),(161,42,'ItemLine',NULL,112,1,'2016-12-17','2016-12-20',NULL,NULL,41,NULL,'2016-12-10 15:30:24','2016-12-10 15:30:24'),(162,42,'ItemLine',NULL,112,1,'2016-12-18','2016-12-21',NULL,NULL,41,NULL,'2016-12-10 15:30:24','2016-12-10 15:30:24'),(163,43,'ItemLine',NULL,58,1,'2016-12-10','2016-12-11',NULL,NULL,41,NULL,'2016-12-10 15:30:24','2016-12-10 15:30:24'),(164,44,'ItemLine',NULL,54,1,'2016-12-08','2016-12-11',NULL,NULL,42,NULL,'2016-12-10 15:30:24','2016-12-10 15:30:24'),(165,44,'ItemLine',NULL,319,1,'2016-12-08','2016-12-11',NULL,NULL,42,NULL,'2016-12-10 15:30:24','2016-12-10 15:30:24'),(166,45,'ItemLine',139,54,1,'2016-12-10','2016-12-10',NULL,NULL,43,NULL,'2016-12-10 15:30:24','2016-12-10 15:30:24'),(167,45,'OptionLine',NULL,NULL,1,'2016-12-10','2016-12-10',NULL,1,43,NULL,'2016-12-10 15:30:24','2016-12-10 15:30:24'),(168,46,'ItemLine',NULL,80,1,'2017-01-16','2017-01-24',NULL,NULL,44,NULL,'2016-12-10 15:30:24','2016-12-10 15:30:24'),(169,47,'ItemLine',NULL,80,1,'2017-01-31','2017-02-03',NULL,NULL,45,NULL,'2016-12-10 15:30:24','2016-12-10 15:30:24'),(170,47,'ItemLine',NULL,80,1,'2017-01-31','2017-02-03',NULL,NULL,45,NULL,'2016-12-10 15:30:24','2016-12-10 15:30:24'),(171,47,'ItemLine',NULL,80,1,'2017-01-31','2017-02-03',NULL,NULL,45,NULL,'2016-12-10 15:30:24','2016-12-10 15:30:24'),(172,47,'ItemLine',NULL,80,1,'2017-01-31','2017-02-03',NULL,NULL,45,NULL,'2016-12-10 15:30:24','2016-12-10 15:30:24'),(173,47,'ItemLine',NULL,80,1,'2017-01-31','2017-02-03',NULL,NULL,45,NULL,'2016-12-10 15:30:24','2016-12-10 15:30:24'),(174,47,'ItemLine',NULL,80,1,'2017-01-31','2017-02-03',NULL,NULL,45,NULL,'2016-12-10 15:30:24','2016-12-10 15:30:24'),(175,48,'ItemLine',NULL,29,1,'2016-12-12','2016-12-12',NULL,NULL,46,NULL,'2016-12-10 15:30:24','2016-12-10 15:30:24'),(176,49,'ItemLine',105,112,1,'2016-12-05','2016-12-09',NULL,NULL,47,NULL,'2016-12-05 00:00:00','2016-12-05 00:00:00');
/*!40000 ALTER TABLE `contract_lines` ENABLE KEYS */;
UNLOCK TABLES;

--
-- Table structure for table `contracts`
--

DROP TABLE IF EXISTS `contracts`;
/*!40101 SET @saved_cs_client     = @@character_set_client */;
/*!40101 SET character_set_client = utf8 */;
CREATE TABLE `contracts` (
  `id` int(11) NOT NULL AUTO_INCREMENT,
  `user_id` int(11) DEFAULT NULL,
  `delegated_user_id` int(11) DEFAULT NULL,
  `inventory_pool_id` int(11) DEFAULT NULL,
  `note` text COLLATE utf8_unicode_ci,
  `handed_over_by_user_id` int(11) DEFAULT NULL,
  `created_at` datetime DEFAULT NULL,
  `updated_at` datetime DEFAULT NULL,
  `status` enum('unsubmitted','submitted','rejected','approved','signed','closed') COLLATE utf8_unicode_ci NOT NULL,
  PRIMARY KEY (`id`),
  KEY `index_contracts_on_inventory_pool_id` (`inventory_pool_id`),
  KEY `index_contracts_on_status` (`status`),
  KEY `index_contracts_on_user_id` (`user_id`)
) ENGINE=InnoDB AUTO_INCREMENT=50 DEFAULT CHARSET=utf8 COLLATE=utf8_unicode_ci;
/*!40101 SET character_set_client = @saved_cs_client */;

--
-- Dumping data for table `contracts`
--

LOCK TABLES `contracts` WRITE;
/*!40000 ALTER TABLE `contracts` DISABLE KEYS */;
INSERT INTO `contracts` VALUES (1,5,NULL,5,NULL,NULL,'2016-12-10 15:30:24','2016-12-10 15:30:24','unsubmitted'),(2,6,NULL,9,NULL,NULL,'2016-12-10 15:30:24','2016-12-10 15:30:24','approved'),(3,7,NULL,1,NULL,NULL,'2016-12-10 15:30:24','2016-12-10 15:30:24','closed'),(4,12,NULL,1,NULL,NULL,'2016-12-04 10:33:15','2016-12-04 10:33:15','submitted'),(5,12,NULL,1,NULL,NULL,'2016-12-04 10:33:15','2016-12-04 10:33:15','approved'),(6,12,NULL,1,NULL,NULL,'2016-12-04 10:33:15','2016-12-04 10:33:15','rejected'),(7,12,NULL,1,NULL,NULL,'2016-12-05 09:57:00','2016-12-05 09:57:00','submitted'),(8,12,NULL,1,NULL,NULL,'2016-12-07 00:56:05','2016-12-07 00:56:05','submitted'),(9,13,NULL,1,NULL,NULL,'2016-12-10 15:30:24','2016-12-10 15:30:24','submitted'),(10,14,NULL,1,NULL,NULL,'2016-12-10 15:30:24','2016-12-10 15:30:24','submitted'),(11,15,NULL,1,NULL,NULL,'2016-12-10 15:30:24','2016-12-10 15:30:24','submitted'),(12,16,NULL,1,NULL,NULL,'2016-12-10 15:30:24','2016-12-10 15:30:24','submitted'),(13,20,NULL,1,NULL,NULL,'2016-12-10 15:30:24','2016-12-10 15:30:24','approved'),(14,21,NULL,1,NULL,18,'2016-12-10 15:30:24','2016-12-10 15:30:24','signed'),(15,22,NULL,1,NULL,18,'2016-12-10 15:30:24','2016-12-10 15:30:24','signed'),(16,23,NULL,1,NULL,18,'2016-12-10 15:30:24','2016-12-10 15:30:24','signed'),(17,24,NULL,2,NULL,18,'2016-12-05 00:00:00','2016-12-05 00:00:00','signed'),(18,26,NULL,1,NULL,18,'2016-12-10 15:30:24','2016-12-10 15:30:24','closed'),(19,27,NULL,1,NULL,18,'2016-12-10 15:30:24','2016-12-10 15:30:24','closed'),(20,30,28,1,NULL,NULL,'2016-12-10 15:30:24','2016-12-10 15:30:24','submitted'),(21,30,29,1,NULL,NULL,'2016-12-10 15:30:24','2016-12-10 15:30:24','approved'),(22,30,28,1,NULL,18,'2016-12-10 15:30:24','2016-12-10 15:30:24','signed'),(23,30,28,1,NULL,18,'2016-12-05 00:00:00','2016-12-05 00:00:00','signed'),(24,34,NULL,1,NULL,NULL,'2016-12-10 15:30:24','2016-12-10 15:30:24','submitted'),(25,34,NULL,1,NULL,NULL,'2016-12-10 15:30:24','2016-12-10 15:30:24','submitted'),(26,34,NULL,3,NULL,NULL,'2016-12-10 15:30:24','2016-12-10 15:30:24','submitted'),(27,34,NULL,3,NULL,NULL,'2016-12-10 15:30:24','2016-12-10 15:30:24','submitted'),(28,34,NULL,3,NULL,NULL,'2016-12-10 15:30:24','2016-12-10 15:30:24','submitted'),(29,34,NULL,1,NULL,NULL,'2016-12-10 15:30:24','2016-12-10 15:30:24','approved'),(30,34,NULL,1,NULL,NULL,'2016-12-10 15:30:24','2016-12-10 15:30:24','approved'),(31,34,NULL,1,NULL,NULL,'2016-12-10 15:30:24','2016-12-10 15:30:24','approved'),(32,34,NULL,1,NULL,NULL,'2016-12-10 15:30:24','2016-12-10 15:30:24','approved'),(33,34,NULL,1,NULL,NULL,'2016-12-10 15:30:24','2016-12-10 15:30:24','approved'),(34,34,NULL,1,NULL,NULL,'2016-12-10 15:30:24','2016-12-10 15:30:24','approved'),(35,34,NULL,1,NULL,NULL,'2016-12-10 15:30:24','2016-12-10 15:30:24','approved'),(36,34,NULL,1,NULL,18,'2016-12-10 15:30:24','2016-12-10 15:30:24','signed'),(37,34,NULL,1,NULL,18,'2016-12-10 15:30:24','2016-12-10 15:30:24','signed'),(38,34,NULL,2,NULL,18,'2016-12-10 15:30:24','2016-12-10 15:30:24','signed'),(39,34,NULL,2,NULL,18,'2016-12-10 15:30:24','2016-12-10 15:30:24','signed'),(40,34,NULL,2,NULL,18,'2016-12-10 15:30:24','2016-12-10 15:30:24','signed'),(41,34,NULL,1,NULL,18,'2016-12-10 15:30:24','2016-12-10 15:30:24','signed'),(42,35,NULL,1,NULL,NULL,'2016-12-10 15:30:24','2016-12-10 15:30:24','submitted'),(43,35,NULL,1,NULL,NULL,'2016-12-10 15:30:24','2016-12-10 15:30:24','submitted'),(44,35,NULL,1,NULL,NULL,'2016-12-10 15:30:24','2016-12-10 15:30:24','approved'),(45,35,NULL,1,NULL,18,'2016-12-10 15:30:24','2016-12-10 15:30:24','signed'),(46,36,NULL,1,NULL,NULL,'2016-12-10 15:30:24','2016-12-10 15:30:24','submitted'),(47,36,NULL,1,NULL,NULL,'2016-12-10 15:30:24','2016-12-10 15:30:24','submitted'),(48,36,NULL,1,NULL,NULL,'2016-12-10 15:30:24','2016-12-10 15:30:24','approved'),(49,36,NULL,1,NULL,18,'2016-12-05 00:00:00','2016-12-05 00:00:00','signed');
/*!40000 ALTER TABLE `contracts` ENABLE KEYS */;
UNLOCK TABLES;

--
-- Table structure for table `database_authentications`
--

DROP TABLE IF EXISTS `database_authentications`;
/*!40101 SET @saved_cs_client     = @@character_set_client */;
/*!40101 SET character_set_client = utf8 */;
CREATE TABLE `database_authentications` (
  `id` int(11) NOT NULL AUTO_INCREMENT,
  `login` varchar(255) COLLATE utf8_unicode_ci DEFAULT NULL,
  `crypted_password` varchar(40) COLLATE utf8_unicode_ci DEFAULT NULL,
  `salt` varchar(40) COLLATE utf8_unicode_ci DEFAULT NULL,
  `user_id` int(11) DEFAULT NULL,
  `created_at` datetime DEFAULT NULL,
  `updated_at` datetime DEFAULT NULL,
  PRIMARY KEY (`id`)
) ENGINE=InnoDB AUTO_INCREMENT=33 DEFAULT CHARSET=utf8 COLLATE=utf8_unicode_ci;
/*!40101 SET character_set_client = @saved_cs_client */;

--
-- Dumping data for table `database_authentications`
--

LOCK TABLES `database_authentications` WRITE;
/*!40000 ALTER TABLE `database_authentications` DISABLE KEYS */;
INSERT INTO `database_authentications` VALUES (1,'ramon','00266f4fdddccd6dccf1bf089845f64d4c8dfb02','adbfbe11552d65a9f9d99d4371dac752a0b1d517',1,'2016-12-10 15:30:24','2016-12-10 15:30:24'),(2,'heather_wilkinson_9213','f8302331faea1d00c677e397d8589b30549e6b35','8de58896254d3d7b90d8746bbae2e26b81b4a558',2,'2016-12-10 15:30:24','2016-12-10 15:30:24'),(3,'bradly.bergstrom_824','de93c3853dc9644f93c751fad935dcf8ea2d0227','8b1015247aa4eeae29940e84c2641f0003fcf5d0',3,'2016-12-10 15:30:24','2016-12-10 15:30:24'),(4,'irwin_1443','a999e6fb434117452356085e47367477493c39c0','147c8336c0e64ba96e07f6ffa19a62b6e961b77b',4,'2016-12-10 15:30:24','2016-12-10 15:30:24'),(5,'stan_johnson_7778','8fd77951d011a5606f68f1703b21858794c6941a','31ff1673ce985ee7495a9a16a758d8427635ba76',5,'2016-12-10 15:30:24','2016-12-10 15:30:24'),(6,'valentina_mckenzie_8117','c01aac16a882aad345d9848583701d209977da3f','6ad0b96093814a096d5d50bcb3f51f77d6d8774d',6,'2016-12-10 15:30:24','2016-12-10 15:30:24'),(7,'aletha_stamm_172','f0ea0e6d878f2869d04d5543bc47f4ea4ce79de8','736d8b9419a66bb55138c3afc836dc7f11d7d945',7,'2016-12-10 15:30:24','2016-12-10 15:30:24'),(8,'matti','dca0c178d6fccce48257df988fdc078c0f2509ff','8e2ed34e1b409c5982ff2a48f597636cdf8e577c',8,'2016-12-10 15:30:24','2016-12-10 15:30:24'),(9,'mike','4a4c766fcfd3d48a47ea3cf3ae13b843e4e4fdd9','5d845b8a694f8034e99fc0e20e9134021f614fd9',9,'2016-12-10 15:30:24','2016-12-10 15:30:24'),(10,'andi','2077d4981371139706d87251fd97d9b17f682e66','0ff9c7aec3e5630ed006d5320eb8ecfc0d86776f',10,'2016-12-10 15:30:24','2016-12-10 15:30:24'),(11,'wilma_nolan_9703','0c4b5e084aa2a1bffed11d372ca37eae62f261f4','4011b3af61a07908c2d60269075f6f77abc0243f',11,'2016-12-10 15:30:24','2016-12-10 15:30:24'),(12,'nels_5007','ebadb51fd17b5d77ecca71c9875abdabae52be1c','e5a2910fb4c597f3f1e727c2073933d43ff6d5ce',12,'2016-12-10 15:30:24','2016-12-10 15:30:24'),(13,'jeffery_6846','38ed6b01e69fadf5616815f81a7a322ce858d844','d59f6bc8ec28c9671ecffc32cc5c5087c49deefe',13,'2016-12-10 15:30:24','2016-12-10 15:30:24'),(14,'mark.rempel_9360','9606f5f7ee08e97178beb1c0a224898f07660dfd','6d5c552f0facc842ee12de2ed5886ee61aaa1c93',14,'2016-12-10 15:30:24','2016-12-10 15:30:24'),(15,'khalil_1517','f944a3e0804593ac23e4f243c3fca9acd05b06f9','34b446016781a03ef7ccac7201ff483afacd30b9',15,'2016-12-10 15:30:24','2016-12-10 15:30:24'),(16,'jeie.moore_7171','2ea3830f7514fd694f7d36ebfbecbb4468c12e28','cd57d0f424866a71c7b4a1e4d3f5504b337c981c',16,'2016-12-10 15:30:24','2016-12-10 15:30:24'),(17,'gino','d9601d6bec9ba2f44c5d4a6cf08df3792c03ce72','df84a087f3e21610cd50e37f489d6205eb80c780',17,'2016-12-10 15:30:24','2016-12-10 15:30:24'),(18,'pius','a7c90fdbe4584e7464f07bf7fdb095bd2a3eae85','0c09f374108776fcdacb81b5174d28e998819c57',18,'2016-12-10 15:30:24','2016-12-10 15:30:24'),(19,'peter','3914e091ba61e5f645eabd5ac59da273fa0f0ceb','95d3e63550f6bda7678d97939a0ef1692a04927b',19,'2016-12-10 15:30:24','2016-12-10 15:30:24'),(20,'vivian_3941','f7d723828ade9ccd2dcc00cff9563038807ade7f','d98921091ac9dd22adfb3f3647aa0bcef95fdbd5',20,'2016-12-10 15:30:24','2016-12-10 15:30:24'),(21,'rupert_8394','2f50fcfa230e09a4ff6cc967b723971e9cc95ade','aea6b6ab02948a8fa552687e2f410f628602432d',21,'2016-12-10 15:30:24','2016-12-10 15:30:24'),(22,'emmie_johns_3833','b9cd1dd0e5c7abdce1fa4b9eb82bab53a9a577b4','42e9e31c5732b4d2d66849c359c21000e773285c',22,'2016-12-10 15:30:24','2016-12-10 15:30:24'),(23,'estevan.romaguera_8376','d827f09000319c2d59befe61d295091085949f5e','43c6eae4ba7472471ea9710dc9305c9c3775183e',23,'2016-12-10 15:30:24','2016-12-10 15:30:24'),(24,'montana_mueller_3334','6a4c36bcd3629a860d200d1cab808f60fcbd74ac','d42694978879fa81e1708c185af344aad3847c2a',24,'2016-12-05 00:00:00','2016-12-05 00:00:00'),(25,'alford_kozey_7502','cc4adef6673fe6e83f9d2d767a5cfc8a1b3ee4a4','e4144290d8f043efcda7c7ebf62aab54561a560c',25,'2016-12-05 00:00:00','2016-12-05 00:00:00'),(26,'zackery.klein_3284','8ec1a6767d42601c26b304564de595162ea8104c','f5922b6bcc5caa17f8b058a20dbf4463fef70ef5',26,'2016-12-10 15:30:24','2016-12-10 15:30:24'),(27,'herman_jones_1586','11e88cc7d194671a46ddc488c02d32ee4a5d36de','deb85cf72d4c99b71e686f71148732ef9259e2ed',27,'2016-12-10 15:30:24','2016-12-10 15:30:24'),(28,'mina','f31e6881dc2bba20c8c5fdca5277ba7258f6849b','8ee4df094b82674ae1f0893c412e973f77e1bf0a',28,'2016-12-10 15:30:24','2016-12-10 15:30:24'),(29,'julie','906b8ba34fee009c8d08fa0db330dac00b817e12','940c4642d17e83163a3baefbb4f6851d1f96b287',29,'2016-12-10 15:30:24','2016-12-10 15:30:24'),(30,'normin','0c4d09a48fe300b0525e96186f96791e110b0e6f','24df4c8bc50390136bfb39ae93cabaa4a8abef92',34,'2016-12-10 15:30:24','2016-12-10 15:30:24'),(31,'petra','650c0823d00a0f96981a372a1dfdd790e417b15c','44588b21ad6091810a7d335b7a6d733313fd8d6b',35,'2016-12-10 15:30:24','2016-12-10 15:30:24'),(32,'lisa','a2d7d3c2884097d5793c33b00db833439997d305','f00b6b780735d7a2843f168cead0ce9e9ea32b4b',36,'2016-12-10 15:30:24','2016-12-10 15:30:24');
/*!40000 ALTER TABLE `database_authentications` ENABLE KEYS */;
UNLOCK TABLES;

--
-- Table structure for table `delegations_users`
--

DROP TABLE IF EXISTS `delegations_users`;
/*!40101 SET @saved_cs_client     = @@character_set_client */;
/*!40101 SET character_set_client = utf8 */;
CREATE TABLE `delegations_users` (
  `delegation_id` int(11) DEFAULT NULL,
  `user_id` int(11) DEFAULT NULL,
  UNIQUE KEY `index_delegations_users_on_user_id_and_delegation_id` (`user_id`,`delegation_id`),
  KEY `index_delegations_users_on_delegation_id` (`delegation_id`)
) ENGINE=InnoDB DEFAULT CHARSET=utf8 COLLATE=utf8_unicode_ci;
/*!40101 SET character_set_client = @saved_cs_client */;

--
-- Dumping data for table `delegations_users`
--

LOCK TABLES `delegations_users` WRITE;
/*!40000 ALTER TABLE `delegations_users` DISABLE KEYS */;
INSERT INTO `delegations_users` VALUES (30,28),(31,28),(32,28),(33,28),(30,29),(31,29),(32,29),(33,29);
/*!40000 ALTER TABLE `delegations_users` ENABLE KEYS */;
UNLOCK TABLES;

--
-- Table structure for table `groups`
--

DROP TABLE IF EXISTS `groups`;
/*!40101 SET @saved_cs_client     = @@character_set_client */;
/*!40101 SET character_set_client = utf8 */;
CREATE TABLE `groups` (
  `id` int(11) NOT NULL AUTO_INCREMENT,
  `name` varchar(255) COLLATE utf8_unicode_ci DEFAULT NULL,
  `inventory_pool_id` int(11) DEFAULT NULL,
  `is_verification_required` tinyint(1) DEFAULT '0',
  `created_at` datetime DEFAULT NULL,
  `updated_at` datetime DEFAULT NULL,
  PRIMARY KEY (`id`),
  KEY `index_groups_on_inventory_pool_id` (`inventory_pool_id`),
  KEY `index_groups_on_is_verification_required` (`is_verification_required`)
) ENGINE=InnoDB AUTO_INCREMENT=10 DEFAULT CHARSET=utf8 COLLATE=utf8_unicode_ci;
/*!40101 SET character_set_client = @saved_cs_client */;

--
-- Dumping data for table `groups`
--

LOCK TABLES `groups` WRITE;
/*!40000 ALTER TABLE `groups` DISABLE KEYS */;
INSERT INTO `groups` VALUES (1,'Cast',1,0,'2016-12-10 15:30:24','2016-12-10 15:30:24'),(2,'IAD',1,0,'2016-12-10 15:30:24','2016-12-10 15:30:24'),(3,'Wu',1,0,'2016-12-10 15:30:24','2016-12-10 15:30:24'),(4,'Group Hifi',1,0,'2016-12-10 15:30:24','2016-12-10 15:30:24'),(5,'Group A',1,0,'2016-12-10 15:30:24','2016-12-10 15:30:24'),(6,'Group B',1,0,'2016-12-10 15:30:24','2016-12-10 15:30:24'),(7,'FFI',1,1,'2016-12-10 15:30:24','2016-12-10 15:30:24'),(8,'VTO',1,1,'2016-12-10 15:30:24','2016-12-10 15:30:24'),(9,'1. Semester',2,1,'2016-12-10 15:30:24','2016-12-10 15:30:24');
/*!40000 ALTER TABLE `groups` ENABLE KEYS */;
UNLOCK TABLES;

--
-- Table structure for table `groups_users`
--

DROP TABLE IF EXISTS `groups_users`;
/*!40101 SET @saved_cs_client     = @@character_set_client */;
/*!40101 SET character_set_client = utf8 */;
CREATE TABLE `groups_users` (
  `user_id` int(11) DEFAULT NULL,
  `group_id` int(11) DEFAULT NULL,
  UNIQUE KEY `index_groups_users_on_user_id_and_group_id` (`user_id`,`group_id`),
  KEY `index_groups_users_on_group_id` (`group_id`)
) ENGINE=InnoDB DEFAULT CHARSET=utf8 COLLATE=utf8_unicode_ci;
/*!40101 SET character_set_client = @saved_cs_client */;

--
-- Dumping data for table `groups_users`
--

LOCK TABLES `groups_users` WRITE;
/*!40000 ALTER TABLE `groups_users` DISABLE KEYS */;
INSERT INTO `groups_users` VALUES (12,7),(12,8),(13,7),(14,7),(14,8),(15,7),(15,9),(16,7),(34,1),(36,1);
/*!40000 ALTER TABLE `groups_users` ENABLE KEYS */;
UNLOCK TABLES;

--
-- Table structure for table `histories`
--

DROP TABLE IF EXISTS `histories`;
/*!40101 SET @saved_cs_client     = @@character_set_client */;
/*!40101 SET character_set_client = utf8 */;
CREATE TABLE `histories` (
  `id` int(11) NOT NULL AUTO_INCREMENT,
  `text` varchar(255) COLLATE utf8_unicode_ci DEFAULT '',
  `type_const` int(11) DEFAULT NULL,
  `created_at` datetime NOT NULL,
  `target_id` int(11) NOT NULL,
  `target_type` varchar(255) COLLATE utf8_unicode_ci NOT NULL,
  `user_id` int(11) DEFAULT NULL,
  PRIMARY KEY (`id`),
  KEY `index_histories_on_target_type_and_target_id` (`target_type`,`target_id`),
  KEY `index_histories_on_type_const` (`type_const`),
  KEY `index_histories_on_user_id` (`user_id`)
) ENGINE=InnoDB AUTO_INCREMENT=17 DEFAULT CHARSET=utf8 COLLATE=utf8_unicode_ci;
/*!40101 SET character_set_client = @saved_cs_client */;

--
-- Dumping data for table `histories`
--

LOCK TABLES `histories` WRITE;
/*!40000 ALTER TABLE `histories` DISABLE KEYS */;
INSERT INTO `histories` VALUES (1,'Contract 14 has been signed by Rosanna Bins',1,'2016-12-10 15:30:24',14,'Contract',18),(2,'Contract 15 has been signed by Garland Lubowitz',1,'2016-12-10 15:30:24',15,'Contract',18),(3,'Contract 16 has been signed by Logan Mraz',1,'2016-12-10 15:30:24',16,'Contract',18),(4,'Contract 17 has been signed by Thelma Hamill',1,'2016-12-05 00:00:00',17,'Contract',18),(5,'Contract 18 has been signed by Lonie Johnson',1,'2016-12-10 15:30:24',18,'Contract',18),(6,'Contract 19 has been signed by Keyshawn Funk',1,'2016-12-10 15:30:24',19,'Contract',18),(7,'Contract 22 has been signed by Tempore quo nihil perferendis provident est temporibus.',1,'2016-12-10 15:30:24',22,'Contract',18),(8,'Contract 23 has been signed by Tempore quo nihil perferendis provident est temporibus.',1,'2016-12-05 00:00:00',23,'Contract',18),(9,'Contract 36 has been signed by Normin N.',1,'2016-12-10 15:30:24',36,'Contract',18),(10,'Contract 37 has been signed by Normin N.',1,'2016-12-10 15:30:24',37,'Contract',18),(11,'Contract 38 has been signed by Normin N.',1,'2016-12-10 15:30:24',38,'Contract',18),(12,'Contract 39 has been signed by Normin N.',1,'2016-12-10 15:30:24',39,'Contract',18),(13,'Contract 40 has been signed by Normin N.',1,'2016-12-10 15:30:24',40,'Contract',18),(14,'Contract 41 has been signed by Normin N.',1,'2016-12-10 15:30:24',41,'Contract',18),(15,'Contract 45 has been signed by Petra K.',1,'2016-12-10 15:30:24',45,'Contract',18),(16,'Contract 49 has been signed by Lisa L.',1,'2016-12-05 00:00:00',49,'Contract',18);
/*!40000 ALTER TABLE `histories` ENABLE KEYS */;
UNLOCK TABLES;

--
-- Table structure for table `holidays`
--

DROP TABLE IF EXISTS `holidays`;
/*!40101 SET @saved_cs_client     = @@character_set_client */;
/*!40101 SET character_set_client = utf8 */;
CREATE TABLE `holidays` (
  `id` int(11) NOT NULL AUTO_INCREMENT,
  `inventory_pool_id` int(11) DEFAULT NULL,
  `start_date` date DEFAULT NULL,
  `end_date` date DEFAULT NULL,
  `name` varchar(255) COLLATE utf8_unicode_ci DEFAULT NULL,
  PRIMARY KEY (`id`),
  KEY `index_holidays_on_inventory_pool_id` (`inventory_pool_id`),
  KEY `index_holidays_on_start_date_and_end_date` (`start_date`,`end_date`)
) ENGINE=InnoDB AUTO_INCREMENT=5 DEFAULT CHARSET=utf8 COLLATE=utf8_unicode_ci;
/*!40101 SET character_set_client = @saved_cs_client */;

--
-- Dumping data for table `holidays`
--

LOCK TABLES `holidays` WRITE;
/*!40000 ALTER TABLE `holidays` DISABLE KEYS */;
INSERT INTO `holidays` VALUES (1,1,'2016-12-24','2016-12-24','Christmas'),(2,2,'2016-12-24','2016-12-24','Christmas'),(3,3,'2016-12-24','2016-12-24','Christmas'),(4,1,'2016-12-24','2016-12-24','Christmas');
/*!40000 ALTER TABLE `holidays` ENABLE KEYS */;
UNLOCK TABLES;

--
-- Table structure for table `images`
--

DROP TABLE IF EXISTS `images`;
/*!40101 SET @saved_cs_client     = @@character_set_client */;
/*!40101 SET character_set_client = utf8 */;
CREATE TABLE `images` (
  `id` int(11) NOT NULL AUTO_INCREMENT,
  `is_main` tinyint(1) DEFAULT '0',
  `content_type` varchar(255) COLLATE utf8_unicode_ci DEFAULT NULL,
  `filename` varchar(255) COLLATE utf8_unicode_ci DEFAULT NULL,
  `size` int(11) DEFAULT NULL,
  `height` int(11) DEFAULT NULL,
  `width` int(11) DEFAULT NULL,
  `parent_id` int(11) DEFAULT NULL,
  `thumbnail` varchar(255) COLLATE utf8_unicode_ci DEFAULT NULL,
  `target_id` int(11) DEFAULT NULL,
  `target_type` varchar(255) COLLATE utf8_unicode_ci DEFAULT NULL,
  PRIMARY KEY (`id`),
  KEY `index_images_on_target_id_and_target_type` (`target_id`,`target_type`)
) ENGINE=InnoDB AUTO_INCREMENT=5 DEFAULT CHARSET=utf8 COLLATE=utf8_unicode_ci;
/*!40101 SET character_set_client = @saved_cs_client */;

--
-- Dumping data for table `images`
--

LOCK TABLES `images` WRITE;
/*!40000 ALTER TABLE `images` DISABLE KEYS */;
INSERT INTO `images` VALUES (1,0,'image/jpeg','voluptas',NULL,NULL,NULL,NULL,NULL,1,'ModelGroup'),(2,0,'image/jpeg','sit',NULL,NULL,NULL,NULL,NULL,149,'Model'),(3,0,'image/jpeg','ut',NULL,NULL,NULL,NULL,NULL,149,'Model'),(4,0,'image/jpeg','laborum',NULL,NULL,NULL,NULL,NULL,150,'Model');
/*!40000 ALTER TABLE `images` ENABLE KEYS */;
UNLOCK TABLES;

--
-- Table structure for table `inventory_pools`
--

DROP TABLE IF EXISTS `inventory_pools`;
/*!40101 SET @saved_cs_client     = @@character_set_client */;
/*!40101 SET character_set_client = utf8 */;
CREATE TABLE `inventory_pools` (
  `id` int(11) NOT NULL AUTO_INCREMENT,
  `name` varchar(255) COLLATE utf8_unicode_ci DEFAULT NULL,
  `description` text COLLATE utf8_unicode_ci,
  `contact_details` varchar(255) COLLATE utf8_unicode_ci DEFAULT NULL,
  `contract_description` varchar(255) COLLATE utf8_unicode_ci DEFAULT NULL,
  `contract_url` varchar(255) COLLATE utf8_unicode_ci DEFAULT NULL,
  `logo_url` varchar(255) COLLATE utf8_unicode_ci DEFAULT NULL,
  `default_contract_note` text COLLATE utf8_unicode_ci,
  `shortname` varchar(255) COLLATE utf8_unicode_ci DEFAULT NULL,
  `email` varchar(255) COLLATE utf8_unicode_ci DEFAULT NULL,
  `color` text COLLATE utf8_unicode_ci,
  `print_contracts` tinyint(1) DEFAULT '1',
  `opening_hours` text COLLATE utf8_unicode_ci,
  `address_id` int(11) DEFAULT NULL,
  `automatic_suspension` tinyint(1) NOT NULL DEFAULT '0',
  `automatic_suspension_reason` text COLLATE utf8_unicode_ci,
  `automatic_access` tinyint(1) DEFAULT NULL,
  PRIMARY KEY (`id`),
  UNIQUE KEY `index_inventory_pools_on_name` (`name`)
) ENGINE=InnoDB AUTO_INCREMENT=14 DEFAULT CHARSET=utf8 COLLATE=utf8_unicode_ci;
/*!40101 SET character_set_client = @saved_cs_client */;

--
-- Dumping data for table `inventory_pools`
--

LOCK TABLES `inventory_pools` WRITE;
/*!40000 ALTER TABLE `inventory_pools` DISABLE KEYS */;
INSERT INTO `inventory_pools` VALUES (1,'A-Ausleihe','Wichtige Hinweise...\n Bitte die Gegenstnde rechtzeitig zurckbringen','A Verleih  /  ZHdK\nav@zh-dk.ch\n+41 00 00 00 00','Gert erhalten','av@zhdk.ch',NULL,'Iste soluta beatae sunt rem.','A','av@zhdk.ch',NULL,1,NULL,NULL,1,'Iste officia enim ducimus totam natus qui impedit.',NULL),(2,'IT-Ausleihe','Bringt die Gerte bitte rechtzeitig zurck','IT Verleih  /  ZHdK\nav@zh-dk.ch\n+41 00 00 00 00','Gert erhalten','it@zhdk.ch',NULL,NULL,'IT','it@zhdk.ch',NULL,1,NULL,NULL,1,'Inventore et et deleniti fugit cum.',NULL),(3,'AV-Technik','Bringt die Gerte bitte rechtzeitig zurck','AV Verleih  /  ZHdK\nav@zh-dk.ch\n+41 00 00 00 00','Gert erhalten','it@zhdk.ch',NULL,NULL,'AV','it@zhdk.ch',NULL,1,NULL,NULL,0,NULL,NULL),(4,'DT deletable','Bringt die Gerte bitte rechtzeitig zurck','AV Verleih  /  ZHdK\nav@zh-dk.ch\n+41 00 00 00 00','Gert erhalten','it@zhdk.ch',NULL,NULL,'DT','it@zhdk.ch',NULL,1,NULL,NULL,0,NULL,NULL),(5,'Modierrorevenietpraesentium','Accusamus illum assumenda exercitationem ea aliquam.','Eveniet porro eum debitis et.','Modierrorevenietpraesentium','eugenia_mills@collins.co.uk',NULL,NULL,'MHBXSW','eugenia_mills@collins.co.uk',NULL,1,NULL,NULL,0,NULL,NULL),(6,'Expeditadoloresaccusantiumest','Omnis consequatur alias voluptas facilis tempore itaque nihil.','Perferendis eum itaque facere qui sapiente esse.','Expeditadoloresaccusantiumest','abner@kubkerluke.com',NULL,NULL,'NKE2OQ','abner@kubkerluke.com',NULL,1,NULL,NULL,0,NULL,NULL),(7,'Reiciendisrerumfugiatvoluptatem','Odio sunt harum unde quia velit quisquam tempore maxime.','Quae amet deleniti ex eum non labore quidem non.','Reiciendisrerumfugiatvoluptatem','hunter@cruickshank.biz',NULL,NULL,'Q817XW','hunter@cruickshank.biz',NULL,1,NULL,NULL,0,NULL,NULL),(8,'Doloribusodiodoloremrepellat','Quo non dolorum molestiae.','Eum deserunt ab nisi.','Doloribusodiodoloremrepellat','thomas@hilpert.biz',NULL,NULL,'6NTKZ2','thomas@hilpert.biz',NULL,1,NULL,NULL,0,NULL,NULL),(9,'Quisporroenimvelit','Aut architecto ut incidunt adipisci repellat soluta qui.','Dolores omnis dolorem quam porro reprehenderit corporis et dolorem.','Quisporroenimvelit','reymundo_erdman@waelchi.co.uk',NULL,NULL,'XY58JG','reymundo_erdman@waelchi.co.uk',NULL,1,NULL,NULL,0,NULL,NULL),(10,'Temporeeiusestneque','Qui sit explicabo laborum voluptatem et aperiam.','Quia quia doloremque placeat aliquam dolores.','Temporeeiusestneque','name_paucek@blockjenkins.com',NULL,NULL,'X5GPVC','name_paucek@blockjenkins.com',NULL,1,NULL,NULL,0,NULL,NULL),(11,'Adipiscivelitquiaalias','Ut iste qui eligendi iure.','Esse voluptas ratione eius voluptatem qui perferendis.','Adipiscivelitquiaalias','rocio@stanton.com',NULL,NULL,'6NRXD5','rocio@stanton.com',NULL,1,NULL,NULL,0,NULL,NULL),(12,'Impeditreiciendiscupiditatequasi','Quam excepturi corrupti consectetur enim ab.','Est et laborum quos omnis voluptatum quaerat eius et.','Impeditreiciendiscupiditatequasi','eldred_hermann@schamberger.biz',NULL,NULL,'ABCF7B','eldred_hermann@schamberger.biz',NULL,1,NULL,NULL,0,NULL,NULL),(13,'Itaquesimiliquenequeut','Ut excepturi qui voluptas non ratione quia in eos.','Quo labore omnis aut consequuntur.','Itaquesimiliquenequeut','elroy@feeneyklocko.com',NULL,NULL,'KB25F4','elroy@feeneyklocko.com',NULL,1,NULL,NULL,0,NULL,NULL);
/*!40000 ALTER TABLE `inventory_pools` ENABLE KEYS */;
UNLOCK TABLES;

--
-- Table structure for table `inventory_pools_model_groups`
--

DROP TABLE IF EXISTS `inventory_pools_model_groups`;
/*!40101 SET @saved_cs_client     = @@character_set_client */;
/*!40101 SET character_set_client = utf8 */;
CREATE TABLE `inventory_pools_model_groups` (
  `inventory_pool_id` int(11) DEFAULT NULL,
  `model_group_id` int(11) DEFAULT NULL,
  KEY `index_inventory_pools_model_groups_on_inventory_pool_id` (`inventory_pool_id`),
  KEY `index_inventory_pools_model_groups_on_model_group_id` (`model_group_id`)
) ENGINE=InnoDB DEFAULT CHARSET=utf8 COLLATE=utf8_unicode_ci;
/*!40101 SET character_set_client = @saved_cs_client */;

--
-- Dumping data for table `inventory_pools_model_groups`
--

LOCK TABLES `inventory_pools_model_groups` WRITE;
/*!40000 ALTER TABLE `inventory_pools_model_groups` DISABLE KEYS */;
INSERT INTO `inventory_pools_model_groups` VALUES (1,12),(1,13),(1,14);
/*!40000 ALTER TABLE `inventory_pools_model_groups` ENABLE KEYS */;
UNLOCK TABLES;

--
-- Table structure for table `items`
--

DROP TABLE IF EXISTS `items`;
/*!40101 SET @saved_cs_client     = @@character_set_client */;
/*!40101 SET character_set_client = utf8 */;
CREATE TABLE `items` (
  `id` int(11) NOT NULL AUTO_INCREMENT,
  `inventory_code` varchar(255) COLLATE utf8_unicode_ci DEFAULT NULL,
  `serial_number` varchar(255) COLLATE utf8_unicode_ci DEFAULT NULL,
  `model_id` int(11) DEFAULT NULL,
  `location_id` int(11) DEFAULT NULL,
  `supplier_id` int(11) DEFAULT NULL,
  `owner_id` int(11) NOT NULL,
  `parent_id` int(11) DEFAULT NULL,
  `invoice_number` varchar(255) COLLATE utf8_unicode_ci DEFAULT NULL,
  `invoice_date` date DEFAULT NULL,
  `last_check` date DEFAULT NULL,
  `retired` date DEFAULT NULL,
  `retired_reason` varchar(255) COLLATE utf8_unicode_ci DEFAULT NULL,
  `price` decimal(8,2) DEFAULT NULL,
  `is_broken` tinyint(1) DEFAULT '0',
  `is_incomplete` tinyint(1) DEFAULT '0',
  `is_borrowable` tinyint(1) DEFAULT '0',
  `needs_permission` tinyint(1) DEFAULT '0',
  `inventory_pool_id` int(11) NOT NULL,
  `is_inventory_relevant` tinyint(1) DEFAULT '0',
  `responsible` varchar(255) COLLATE utf8_unicode_ci DEFAULT NULL,
  `insurance_number` varchar(255) COLLATE utf8_unicode_ci DEFAULT NULL,
  `note` text COLLATE utf8_unicode_ci,
  `name` text COLLATE utf8_unicode_ci,
  `user_name` varchar(255) COLLATE utf8_unicode_ci DEFAULT NULL,
  `properties` varchar(2048) COLLATE utf8_unicode_ci DEFAULT NULL,
  `created_at` datetime DEFAULT NULL,
  `updated_at` datetime DEFAULT NULL,
  PRIMARY KEY (`id`),
  UNIQUE KEY `index_items_on_inventory_code` (`inventory_code`),
  KEY `index_items_on_inventory_pool_id` (`inventory_pool_id`),
  KEY `index_items_on_retired` (`retired`),
  KEY `index_items_on_is_borrowable` (`is_borrowable`),
  KEY `index_items_on_is_broken` (`is_broken`),
  KEY `index_items_on_is_incomplete` (`is_incomplete`),
  KEY `index_items_on_location_id` (`location_id`),
  KEY `index_items_on_owner_id` (`owner_id`),
  KEY `index_items_on_parent_id_and_retired` (`parent_id`,`retired`),
  KEY `index_items_on_model_id_and_retired_and_inventory_pool_id` (`model_id`,`retired`,`inventory_pool_id`)
) ENGINE=InnoDB AUTO_INCREMENT=299 DEFAULT CHARSET=utf8 COLLATE=utf8_unicode_ci;
/*!40101 SET character_set_client = @saved_cs_client */;

--
-- Dumping data for table `items`
--

LOCK TABLES `items` WRITE;
/*!40000 ALTER TABLE `items` DISABLE KEYS */;
INSERT INTO `items` VALUES (1,'hbchs410v8pfdwmqxknm1','f9:ee:04:cd:45:89-e5:6c:3e:fa:54:f1-9c:65:9d:50:0e:2a',1,1,1,6,NULL,NULL,'2015-10-22','2016-12-10',NULL,NULL,'650.00',0,0,1,0,5,1,NULL,NULL,NULL,NULL,NULL,'--- !ruby/hash:ActiveSupport::HashWithIndifferentAccess\nanschaffungskategorie: AV-Technik\nreference: invoice\numzug: zgeln\nankunftszustand: intakt\n','2016-12-10 15:30:24','2016-12-10 15:30:24'),(2,'wq4mg6awvkqolz5q76eq2','25:9a:ba:3c:45:aa-06:c8:f9:6d:58:50-92:cd:ff:d2:88:af',1,2,2,7,NULL,NULL,'2013-09-18','2016-12-10',NULL,NULL,'356.00',0,0,1,0,5,1,NULL,NULL,NULL,NULL,NULL,'--- !ruby/hash:ActiveSupport::HashWithIndifferentAccess\nanschaffungskategorie: AV-Technik\nreference: invoice\numzug: zgeln\nankunftszustand: intakt\n','2016-12-10 15:30:24','2016-12-10 15:30:24'),(3,'uj49c6f86fc23t38i58w3','e2:d5:8f:3b:4c:07-77:30:2d:08:db:82-cf:6b:65:01:0f:74',1,3,3,2,NULL,NULL,'2013-11-28','2016-12-10',NULL,NULL,'925.00',0,0,1,0,5,1,NULL,NULL,NULL,NULL,NULL,'--- !ruby/hash:ActiveSupport::HashWithIndifferentAccess\nanschaffungskategorie: AV-Technik\nreference: invoice\numzug: zgeln\nankunftszustand: intakt\n','2016-12-10 15:30:24','2016-12-10 15:30:24'),(4,'i8w818xpkatljujek6he4','e4:85:c1:de:33:f4-0f:94:db:74:08:e3-85:e9:ef:bf:63:f2',5,4,4,8,NULL,NULL,'2013-09-05','2016-12-10',NULL,NULL,'1068.00',0,0,1,0,5,1,NULL,NULL,NULL,NULL,NULL,'--- !ruby/hash:ActiveSupport::HashWithIndifferentAccess\nanschaffungskategorie: AV-Technik\nreference: invoice\numzug: zgeln\nankunftszustand: intakt\n','2016-12-10 15:30:24','2016-12-10 15:30:24'),(5,'rjtys68jh40oaiu1o0fe5','43:7e:b5:46:23:1c-39:ec:ca:7f:80:61-70:0a:89:8e:34:d7',5,5,5,5,NULL,NULL,'2013-06-01','2016-12-10',NULL,NULL,'666.00',0,0,1,0,5,1,NULL,NULL,NULL,NULL,NULL,'--- !ruby/hash:ActiveSupport::HashWithIndifferentAccess\nanschaffungskategorie: AV-Technik\nreference: invoice\numzug: zgeln\nankunftszustand: intakt\n','2016-12-10 15:30:24','2016-12-10 15:30:24'),(6,'87z0rrqcm8vqbu0t8qzy6','3d:5e:30:25:6c:60-96:ca:af:78:32:9d-b2:57:29:9b:3c:54',5,6,6,3,NULL,NULL,'2015-08-02','2016-12-10',NULL,NULL,'1181.00',0,0,1,0,5,1,NULL,NULL,NULL,NULL,NULL,'--- !ruby/hash:ActiveSupport::HashWithIndifferentAccess\nanschaffungskategorie: AV-Technik\nreference: invoice\numzug: zgeln\nankunftszustand: intakt\n','2016-12-10 15:30:24','2016-12-10 15:30:24'),(7,'0k6ytyi18u3s77olhfjf7','b7:52:2d:73:48:9f-82:2d:2d:07:3b:f8-5f:55:d9:81:6d:61',9,7,7,5,NULL,NULL,'2011-05-28','2016-12-10',NULL,NULL,'532.00',0,0,1,0,5,1,NULL,NULL,NULL,NULL,NULL,'--- !ruby/hash:ActiveSupport::HashWithIndifferentAccess\nanschaffungskategorie: AV-Technik\nreference: invoice\numzug: zgeln\nankunftszustand: intakt\n','2016-12-10 15:30:24','2016-12-10 15:30:24'),(8,'j51i6i6ne36t64vrpj8a8','8f:b3:b0:fa:e8:e1-f3:04:61:1f:96:15-af:dc:2e:4a:03:45',9,8,8,5,NULL,NULL,'2013-02-13','2016-12-10',NULL,NULL,'372.00',0,0,1,0,5,1,NULL,NULL,NULL,NULL,NULL,'--- !ruby/hash:ActiveSupport::HashWithIndifferentAccess\nanschaffungskategorie: AV-Technik\nreference: invoice\numzug: zgeln\nankunftszustand: intakt\n','2016-12-10 15:30:24','2016-12-10 15:30:24'),(9,'2yyynuxkxhq0oec51j0q9','e0:9c:b9:21:8c:b3-e0:83:0f:fe:5e:42-49:b3:28:52:64:72',9,9,9,5,NULL,NULL,'2015-03-28','2016-12-10',NULL,NULL,'670.00',0,0,1,0,5,1,NULL,NULL,NULL,NULL,NULL,'--- !ruby/hash:ActiveSupport::HashWithIndifferentAccess\nanschaffungskategorie: AV-Technik\nreference: invoice\numzug: zgeln\nankunftszustand: intakt\n','2016-12-10 15:30:24','2016-12-10 15:30:24'),(10,'8vr3i37had847hkccnw710','de:e1:79:59:07:ac-c0:c3:98:12:49:31-fe:a2:26:bd:b0:20',13,10,10,3,NULL,NULL,'2012-07-14','2016-12-10',NULL,NULL,'224.00',0,0,1,0,9,1,NULL,NULL,NULL,NULL,NULL,'--- !ruby/hash:ActiveSupport::HashWithIndifferentAccess\nanschaffungskategorie: AV-Technik\nreference: invoice\numzug: zgeln\nankunftszustand: intakt\n','2016-12-10 15:30:24','2016-12-10 15:30:24'),(11,'kbxw0v7xgfww7zdjfz3s11','d3:a5:7a:10:5b:c1-94:77:00:30:f6:4d-d1:5e:07:f8:d2:8a',13,11,11,4,NULL,NULL,'2014-12-23','2016-12-10',NULL,NULL,'822.00',0,0,1,0,9,1,NULL,NULL,NULL,NULL,NULL,'--- !ruby/hash:ActiveSupport::HashWithIndifferentAccess\nanschaffungskategorie: AV-Technik\nreference: invoice\numzug: zgeln\nankunftszustand: intakt\n','2016-12-10 15:30:24','2016-12-10 15:30:24'),(12,'wp4e40k72cjtqhlaa4ns12','c4:be:cd:62:a7:d8-81:72:90:04:f4:00-d9:db:4f:75:c3:30',13,12,12,8,NULL,NULL,'2011-07-21','2016-12-10',NULL,NULL,'176.00',0,0,1,0,9,1,NULL,NULL,NULL,NULL,NULL,'--- !ruby/hash:ActiveSupport::HashWithIndifferentAccess\nanschaffungskategorie: AV-Technik\nreference: invoice\numzug: zgeln\nankunftszustand: intakt\n','2016-12-10 15:30:24','2016-12-10 15:30:24'),(13,'secxjj96naf9gjuhfzkr13','b8:ba:0b:0a:fc:18-7f:05:bf:5d:9f:c0-14:c6:ad:e8:eb:c8',17,13,13,8,NULL,NULL,'2015-02-01','2016-12-10',NULL,NULL,'1038.00',0,0,1,0,9,1,NULL,NULL,NULL,NULL,NULL,'--- !ruby/hash:ActiveSupport::HashWithIndifferentAccess\nanschaffungskategorie: AV-Technik\nreference: invoice\numzug: zgeln\nankunftszustand: intakt\n','2016-12-10 15:30:24','2016-12-10 15:30:24'),(14,'mcs7hk0j0v3tlil7or0n14','4b:0b:46:c9:fb:b7-4c:7b:f8:9e:8d:b5-ef:36:6d:74:86:36',17,14,14,10,NULL,NULL,'2014-12-02','2016-12-10',NULL,NULL,'64.00',0,0,1,0,9,1,NULL,NULL,NULL,NULL,NULL,'--- !ruby/hash:ActiveSupport::HashWithIndifferentAccess\nanschaffungskategorie: AV-Technik\nreference: invoice\numzug: zgeln\nankunftszustand: intakt\n','2016-12-10 15:30:24','2016-12-10 15:30:24'),(15,'24i6b95194xpz8w3q86a15','9c:43:3e:9e:ea:c5-0e:8c:d7:9f:78:cd-fa:3a:c5:02:39:03',17,15,15,6,NULL,NULL,'2011-07-07','2016-12-10',NULL,NULL,'618.00',0,0,1,0,9,1,NULL,NULL,NULL,NULL,NULL,'--- !ruby/hash:ActiveSupport::HashWithIndifferentAccess\nanschaffungskategorie: AV-Technik\nreference: invoice\numzug: zgeln\nankunftszustand: intakt\n','2016-12-10 15:30:24','2016-12-10 15:30:24'),(16,'lakmgz1q2se7ke934g3816','b5:53:df:0a:1c:49-24:be:79:a1:9a:82-49:77:f3:0b:7c:d3',21,16,16,11,NULL,NULL,'2015-12-01','2016-12-10',NULL,NULL,'752.00',0,0,1,0,9,1,NULL,NULL,NULL,NULL,NULL,'--- !ruby/hash:ActiveSupport::HashWithIndifferentAccess\nanschaffungskategorie: AV-Technik\nreference: invoice\numzug: zgeln\nankunftszustand: intakt\n','2016-12-10 15:30:24','2016-12-10 15:30:24'),(17,'qrttrgxtbe73xlfm24pn17','43:78:dc:f8:38:f5-c6:ae:14:22:80:eb-0b:ee:29:9b:1a:c4',21,17,17,6,NULL,NULL,'2011-11-29','2016-12-10',NULL,NULL,'1099.00',0,0,1,0,9,1,NULL,NULL,NULL,NULL,NULL,'--- !ruby/hash:ActiveSupport::HashWithIndifferentAccess\nanschaffungskategorie: AV-Technik\nreference: invoice\numzug: zgeln\nankunftszustand: intakt\n','2016-12-10 15:30:24','2016-12-10 15:30:24'),(18,'95e0btrsmhrnw14a7rmg18','d3:53:a0:d1:5c:43-22:02:67:ea:0b:df-0a:bc:e8:6c:c4:0c',21,18,18,6,NULL,NULL,'2012-11-04','2016-12-10',NULL,NULL,'0.00',0,0,1,0,9,1,NULL,NULL,NULL,NULL,NULL,'--- !ruby/hash:ActiveSupport::HashWithIndifferentAccess\nanschaffungskategorie: AV-Technik\nreference: invoice\numzug: zgeln\nankunftszustand: intakt\n','2016-12-10 15:30:24','2016-12-10 15:30:24'),(19,'fszw437is420dxdt1x5m19','12:3c:8f:7b:b8:e8-4b:ff:02:0d:65:f1-a7:2b:a0:9d:8b:87',25,19,19,9,NULL,NULL,'2012-06-22','2016-12-10',NULL,NULL,'601.00',0,0,1,0,9,1,NULL,NULL,NULL,NULL,NULL,'--- !ruby/hash:ActiveSupport::HashWithIndifferentAccess\nanschaffungskategorie: AV-Technik\nreference: invoice\numzug: zgeln\nankunftszustand: intakt\n','2016-12-10 15:30:24','2016-12-10 15:30:24'),(20,'f3r9sihtscbjr0kgsezt20','c2:1c:0e:52:d7:b7-86:ef:55:e5:18:24-2b:35:f8:07:b6:eb',25,20,20,1,NULL,NULL,'2013-11-28','2016-12-10',NULL,NULL,'11.00',0,0,1,0,9,1,NULL,NULL,NULL,NULL,NULL,'--- !ruby/hash:ActiveSupport::HashWithIndifferentAccess\nanschaffungskategorie: AV-Technik\nreference: invoice\numzug: zgeln\nankunftszustand: intakt\n','2016-12-10 15:30:24','2016-12-10 15:30:24'),(21,'6es35gv1nvq3i2gik92221','6d:06:1a:f5:c8:35-41:71:55:ea:99:14-69:54:64:a8:56:5a',25,21,21,1,NULL,NULL,'2011-09-01','2016-12-10',NULL,NULL,'887.00',0,0,1,0,9,1,NULL,NULL,NULL,NULL,NULL,'--- !ruby/hash:ActiveSupport::HashWithIndifferentAccess\nanschaffungskategorie: AV-Technik\nreference: invoice\numzug: zgeln\nankunftszustand: intakt\n','2016-12-10 15:30:24','2016-12-10 15:30:24'),(22,'x7bvlsddfujchsqisfz822','67:8c:e7:de:09:77-fb:90:4d:4b:6e:1c-33:19:8b:cc:07:e3',29,22,22,6,NULL,NULL,'2013-03-09','2016-12-10',NULL,NULL,'955.00',0,0,1,0,1,1,NULL,NULL,NULL,NULL,NULL,'--- !ruby/hash:ActiveSupport::HashWithIndifferentAccess\nanschaffungskategorie: AV-Technik\nreference: invoice\numzug: zgeln\nankunftszustand: intakt\n','2016-12-10 15:30:24','2016-12-10 15:30:24'),(23,'yljus3gqsymb8g3fb67823','6a:89:ea:a2:44:cd-d6:0f:65:5f:55:63-d9:8f:03:73:6c:06',29,23,23,11,NULL,NULL,'2013-02-01','2016-12-10',NULL,NULL,'316.00',0,0,1,0,1,1,NULL,NULL,NULL,NULL,NULL,'--- !ruby/hash:ActiveSupport::HashWithIndifferentAccess\nanschaffungskategorie: AV-Technik\nreference: invoice\numzug: zgeln\nankunftszustand: intakt\n','2016-12-10 15:30:24','2016-12-10 15:30:24'),(24,'lm8xc332mn0u00l75odz24','6e:41:c3:2f:06:25-02:38:9e:bb:b0:9a-5d:41:7c:d4:29:fe',29,24,24,1,NULL,NULL,'2013-09-06','2016-12-10',NULL,NULL,'1220.00',0,0,1,0,1,1,NULL,NULL,NULL,NULL,NULL,'--- !ruby/hash:ActiveSupport::HashWithIndifferentAccess\nanschaffungskategorie: AV-Technik\nreference: invoice\numzug: zgeln\nankunftszustand: intakt\n','2016-12-10 15:30:24','2016-12-10 15:30:24'),(25,'aolqib5jrjiqgv9sukr425','dc:77:81:5a:78:12-1b:24:55:68:93:d1-8a:d5:f5:b3:c1:3d',33,25,25,10,NULL,NULL,'2012-11-24','2016-12-10',NULL,NULL,'759.00',0,0,1,0,1,1,NULL,NULL,NULL,NULL,NULL,'--- !ruby/hash:ActiveSupport::HashWithIndifferentAccess\nanschaffungskategorie: AV-Technik\nreference: invoice\numzug: zgeln\nankunftszustand: intakt\n','2016-12-10 15:30:24','2016-12-10 15:30:24'),(26,'17n34h4xuhk4bgh38v9t26','9f:be:54:6f:2c:29-ae:c6:91:28:8d:ba-38:d3:f5:84:a4:8a',33,26,26,9,NULL,NULL,'2011-05-30','2016-12-10',NULL,NULL,'212.00',0,0,1,0,1,1,NULL,NULL,NULL,NULL,NULL,'--- !ruby/hash:ActiveSupport::HashWithIndifferentAccess\nanschaffungskategorie: AV-Technik\nreference: invoice\numzug: zgeln\nankunftszustand: intakt\n','2016-12-10 15:30:24','2016-12-10 15:30:24'),(27,'c1hoa69dqw2dac2s0r2s27','95:93:93:6a:d4:0a-a4:a5:6f:7f:11:64-5a:ed:69:7e:a3:f1',33,27,27,6,NULL,NULL,'2015-09-28','2016-12-10',NULL,NULL,'567.00',0,0,1,0,1,1,NULL,NULL,NULL,NULL,NULL,'--- !ruby/hash:ActiveSupport::HashWithIndifferentAccess\nanschaffungskategorie: AV-Technik\nreference: invoice\numzug: zgeln\nankunftszustand: intakt\n','2016-12-10 15:30:24','2016-12-10 15:30:24'),(28,'kko933vjgedhy59pxwxm28','15:ef:3d:1e:44:60-f2:d3:b6:b2:7a:8e-c1:85:24:07:af:ea',37,28,28,10,NULL,NULL,'2013-05-11','2016-12-10',NULL,NULL,'1472.00',0,0,1,0,1,1,NULL,NULL,NULL,NULL,NULL,'--- !ruby/hash:ActiveSupport::HashWithIndifferentAccess\nanschaffungskategorie: AV-Technik\nreference: invoice\numzug: zgeln\nankunftszustand: intakt\n','2016-12-10 15:30:24','2016-12-10 15:30:24'),(29,'f00ij8yinbvt9qae84yo29','3a:e1:af:c8:28:9f-00:bd:18:b4:6d:53-50:8c:8d:88:5f:e1',37,29,29,4,NULL,NULL,'2014-03-11','2016-12-10',NULL,NULL,'372.00',0,0,1,0,1,1,NULL,NULL,NULL,NULL,NULL,'--- !ruby/hash:ActiveSupport::HashWithIndifferentAccess\nanschaffungskategorie: AV-Technik\nreference: invoice\numzug: zgeln\nankunftszustand: intakt\n','2016-12-10 15:30:24','2016-12-10 15:30:24'),(30,'6sjxhrk847jl9pfun45m30','76:38:98:b6:35:63-00:be:32:1b:42:94-e8:9d:70:49:9c:0c',37,30,30,11,NULL,NULL,'2013-09-08','2016-12-10',NULL,NULL,'357.00',0,0,1,0,1,1,NULL,NULL,NULL,NULL,NULL,'--- !ruby/hash:ActiveSupport::HashWithIndifferentAccess\nanschaffungskategorie: AV-Technik\nreference: invoice\numzug: zgeln\nankunftszustand: intakt\n','2016-12-10 15:30:24','2016-12-10 15:30:24'),(31,'wc1rt6p5f0zpopcta4e331','af:bf:84:57:77:c9-5f:50:d4:7c:4f:f3-84:82:a6:28:7b:4e',41,31,31,9,NULL,NULL,'2015-02-15','2016-12-10',NULL,NULL,'8.00',0,0,1,0,1,1,NULL,NULL,NULL,NULL,NULL,'--- !ruby/hash:ActiveSupport::HashWithIndifferentAccess\nanschaffungskategorie: AV-Technik\nreference: invoice\numzug: zgeln\nankunftszustand: intakt\n','2016-12-10 15:30:24','2016-12-10 15:30:24'),(32,'0cc6ptbgkepwrt06fgpi32','11:cb:ca:28:a9:0b-b4:cb:0f:20:ce:3d-5b:4c:3f:da:a8:63',41,32,32,1,NULL,NULL,'2011-03-31','2016-12-10',NULL,NULL,'119.00',0,0,1,0,1,1,NULL,NULL,NULL,NULL,NULL,'--- !ruby/hash:ActiveSupport::HashWithIndifferentAccess\nanschaffungskategorie: AV-Technik\nreference: invoice\numzug: zgeln\nankunftszustand: intakt\n','2016-12-10 15:30:24','2016-12-10 15:30:24'),(33,'f0jltpmul1y85q26o8wz33','24:c4:a7:3e:e2:30-5d:9f:de:ec:0b:a7-de:be:da:d2:7d:3f',41,33,33,5,NULL,NULL,'2011-02-25','2016-12-10',NULL,NULL,'1144.00',0,0,1,0,1,1,NULL,NULL,NULL,NULL,NULL,'--- !ruby/hash:ActiveSupport::HashWithIndifferentAccess\nanschaffungskategorie: AV-Technik\nreference: invoice\numzug: zgeln\nankunftszustand: intakt\n','2016-12-10 15:30:24','2016-12-10 15:30:24'),(34,'mxpkokssoj7r1gp0ceom34','91:86:df:e1:a0:38-a8:9a:15:01:44:7d-9e:8e:96:39:a9:17',45,34,34,11,NULL,NULL,'2014-09-27','2016-12-10',NULL,NULL,'1273.00',0,0,1,0,1,1,NULL,NULL,NULL,NULL,NULL,'--- !ruby/hash:ActiveSupport::HashWithIndifferentAccess\nanschaffungskategorie: AV-Technik\nreference: invoice\numzug: zgeln\nankunftszustand: intakt\n','2016-12-10 15:30:24','2016-12-10 15:30:24'),(35,'et5tqi5e1edc6qyytp1f35','09:cb:ab:f3:17:3d-3b:3d:1d:14:70:00-63:b2:14:46:69:ac',45,35,35,9,NULL,NULL,'2015-09-28','2016-12-10',NULL,NULL,'748.00',0,0,1,0,1,1,NULL,NULL,NULL,NULL,NULL,'--- !ruby/hash:ActiveSupport::HashWithIndifferentAccess\nanschaffungskategorie: AV-Technik\nreference: invoice\numzug: zgeln\nankunftszustand: intakt\n','2016-12-10 15:30:24','2016-12-10 15:30:24'),(36,'jutxsctz7vbg5p2qun2136','c5:c3:b0:ed:0c:6d-1c:59:b0:8c:53:90-ea:ba:5a:ce:0d:0b',45,36,36,5,NULL,NULL,'2015-11-22','2016-12-10',NULL,NULL,'1029.00',0,0,1,0,1,1,NULL,NULL,NULL,NULL,NULL,'--- !ruby/hash:ActiveSupport::HashWithIndifferentAccess\nanschaffungskategorie: AV-Technik\nreference: invoice\numzug: zgeln\nankunftszustand: intakt\n','2016-12-10 15:30:24','2016-12-10 15:30:24'),(37,'xrqrntxcfpneyy9tntjb37','33:fd:fb:4d:c5:a8-ad:f8:30:71:fe:4c-6c:5b:51:e8:99:45',49,37,37,3,NULL,NULL,'2013-06-18','2016-12-10',NULL,NULL,'481.00',0,0,1,0,1,1,NULL,NULL,NULL,NULL,NULL,'--- !ruby/hash:ActiveSupport::HashWithIndifferentAccess\nanschaffungskategorie: AV-Technik\nreference: invoice\numzug: zgeln\nankunftszustand: intakt\n','2016-12-10 15:30:24','2016-12-10 15:30:24'),(38,'hdsjrunj0qhv1p6h7y5b38','b1:5f:0b:58:c5:4b-0f:40:88:aa:6d:a8-7c:34:09:b9:e8:0a',49,38,38,8,NULL,NULL,'2015-05-16','2016-12-10',NULL,NULL,'153.00',0,0,1,0,1,1,NULL,NULL,NULL,NULL,NULL,'--- !ruby/hash:ActiveSupport::HashWithIndifferentAccess\nanschaffungskategorie: AV-Technik\nreference: invoice\numzug: zgeln\nankunftszustand: intakt\n','2016-12-10 15:30:24','2016-12-10 15:30:24'),(39,'dj4zf2zu3jba9nk8qu3j39','2a:93:bc:cd:4b:28-f0:d9:00:e5:d0:d7-59:55:72:ca:0f:e3',49,39,39,8,NULL,NULL,'2012-09-28','2016-12-10',NULL,NULL,'1456.00',0,0,1,0,1,1,NULL,NULL,NULL,NULL,NULL,'--- !ruby/hash:ActiveSupport::HashWithIndifferentAccess\nanschaffungskategorie: AV-Technik\nreference: invoice\numzug: zgeln\nankunftszustand: intakt\n','2016-12-10 15:30:24','2016-12-10 15:30:24'),(40,'book1','book1',53,40,40,2,NULL,NULL,'2011-12-26','2016-12-10',NULL,NULL,'996.00',0,0,1,0,2,1,NULL,NULL,NULL,NULL,NULL,'--- !ruby/hash:ActiveSupport::HashWithIndifferentAccess\nanschaffungskategorie: AV-Technik\nreference: invoice\numzug: zgeln\nankunftszustand: intakt\n','2016-12-10 15:30:24','2016-12-10 15:30:24'),(41,'book2','book2',53,40,41,2,NULL,NULL,'2011-08-27','2016-12-10',NULL,NULL,'1200.00',0,0,1,0,2,1,NULL,NULL,NULL,NULL,NULL,'--- !ruby/hash:ActiveSupport::HashWithIndifferentAccess\nanschaffungskategorie: AV-Technik\nreference: invoice\numzug: zgeln\nankunftszustand: intakt\n','2016-12-10 15:30:24','2016-12-10 15:30:24'),(42,'beam123','xyz456',54,41,42,1,NULL,NULL,'2011-09-17','2016-12-10',NULL,NULL,'415.00',0,0,1,0,1,1,NULL,NULL,NULL,'name123',NULL,'--- !ruby/hash:ActiveSupport::HashWithIndifferentAccess\nanschaffungskategorie: AV-Technik\nreference: invoice\numzug: zgeln\nankunftszustand: intakt\n','2016-12-10 15:30:24','2016-12-10 15:30:24'),(43,'beam345','xyz890',54,41,43,1,NULL,NULL,'2014-06-25','2016-12-10',NULL,NULL,'334.00',0,0,1,0,1,1,NULL,NULL,NULL,NULL,NULL,'--- !ruby/hash:ActiveSupport::HashWithIndifferentAccess\nanschaffungskategorie: AV-Technik\nreference: invoice\numzug: zgeln\nankunftszustand: intakt\n','2016-12-10 15:30:24','2016-12-10 15:30:24'),(44,'beam678','xyz678',55,41,44,1,NULL,NULL,'2013-12-27','2016-12-10',NULL,NULL,'1012.00',0,0,1,0,1,1,NULL,NULL,NULL,NULL,NULL,'--- !ruby/hash:ActiveSupport::HashWithIndifferentAccess\nanschaffungskategorie: AV-Technik\nreference: invoice\numzug: zgeln\nankunftszustand: intakt\n','2016-12-10 15:30:24','2016-12-10 15:30:24'),(45,'beam749','xyz749',54,41,45,1,NULL,NULL,'2014-02-02','2016-12-10',NULL,NULL,'194.00',0,0,1,0,2,1,NULL,NULL,NULL,NULL,NULL,'--- !ruby/hash:ActiveSupport::HashWithIndifferentAccess\nanschaffungskategorie: AV-Technik\nreference: invoice\numzug: zgeln\nankunftszustand: intakt\n','2016-12-10 15:30:24','2016-12-10 15:30:24'),(46,'beamTest123','xyz749',57,41,46,1,NULL,NULL,'2012-11-04','2016-12-10',NULL,NULL,'1306.00',0,0,1,0,1,1,NULL,NULL,NULL,NULL,NULL,'--- !ruby/hash:ActiveSupport::HashWithIndifferentAccess\nanschaffungskategorie: AV-Technik\nreference: invoice\numzug: zgeln\nankunftszustand: intakt\n','2016-12-10 15:30:24','2016-12-10 15:30:24'),(47,'ucbeam1','minbeam1',58,41,47,1,NULL,NULL,'2015-12-05','2016-12-10',NULL,NULL,'498.00',0,0,1,0,1,1,NULL,NULL,NULL,'ucbeam1',NULL,'--- !ruby/hash:ActiveSupport::HashWithIndifferentAccess\nanschaffungskategorie: AV-Technik\nreference: invoice\numzug: zgeln\nankunftszustand: intakt\n','2016-12-10 15:30:24','2016-12-10 15:30:24'),(48,'microbeam1','microbeam1',59,41,48,1,NULL,NULL,'2014-12-29','2016-12-10',NULL,NULL,'1216.00',0,0,1,0,1,1,NULL,NULL,NULL,'microbeam1',NULL,'--- !ruby/hash:ActiveSupport::HashWithIndifferentAccess\nanschaffungskategorie: AV-Technik\nreference: invoice\numzug: zgeln\nankunftszustand: intakt\n','2016-12-10 15:30:24','2016-12-10 15:30:24'),(49,'mbeam1','mbeam1',60,41,49,1,NULL,NULL,'2013-09-12','2016-12-10',NULL,NULL,'200.00',0,0,1,0,1,1,NULL,NULL,NULL,'mbeam1',NULL,'--- !ruby/hash:ActiveSupport::HashWithIndifferentAccess\nanschaffungskategorie: AV-Technik\nreference: invoice\numzug: zgeln\nankunftszustand: intakt\n','2016-12-10 15:30:24','2016-12-10 15:30:24'),(50,'mbeam2','mbeam2',61,41,50,1,NULL,NULL,'2011-02-20','2016-12-10',NULL,NULL,'1112.00',0,0,1,0,1,1,NULL,NULL,NULL,'mbeam2',NULL,'--- !ruby/hash:ActiveSupport::HashWithIndifferentAccess\nanschaffungskategorie: AV-Technik\nreference: invoice\numzug: zgeln\nankunftszustand: intakt\n','2016-12-10 15:30:24','2016-12-10 15:30:24'),(51,'mbeam3','mbeam3',62,41,51,1,NULL,NULL,'2011-07-01','2016-12-10',NULL,NULL,'163.00',0,0,1,0,1,1,NULL,NULL,NULL,'mbeam3',NULL,'--- !ruby/hash:ActiveSupport::HashWithIndifferentAccess\nanschaffungskategorie: AV-Technik\nreference: invoice\numzug: zgeln\nankunftszustand: intakt\n','2016-12-10 15:30:24','2016-12-10 15:30:24'),(52,'mbeam4','mbeam4',63,41,52,1,NULL,NULL,'2012-10-23','2016-12-10',NULL,NULL,'342.00',0,0,1,0,1,1,NULL,NULL,NULL,'mbeam4',NULL,'--- !ruby/hash:ActiveSupport::HashWithIndifferentAccess\nanschaffungskategorie: AV-Technik\nreference: invoice\numzug: zgeln\nankunftszustand: intakt\n','2016-12-10 15:30:24','2016-12-10 15:30:24'),(53,'mbeam5','mbeam5',64,41,53,1,NULL,NULL,'2015-01-26','2016-12-10',NULL,NULL,'798.00',0,0,1,0,1,1,NULL,NULL,NULL,'mbeam5',NULL,'--- !ruby/hash:ActiveSupport::HashWithIndifferentAccess\nanschaffungskategorie: AV-Technik\nreference: invoice\numzug: zgeln\nankunftszustand: intakt\n','2016-12-10 15:30:24','2016-12-10 15:30:24'),(54,'mbeam6','mbeam6',65,41,54,1,NULL,NULL,'2013-03-26','2016-12-10',NULL,NULL,'824.00',0,0,1,0,1,1,NULL,NULL,NULL,'mbeam6',NULL,'--- !ruby/hash:ActiveSupport::HashWithIndifferentAccess\nanschaffungskategorie: AV-Technik\nreference: invoice\numzug: zgeln\nankunftszustand: intakt\n','2016-12-10 15:30:24','2016-12-10 15:30:24'),(55,'mbeam7','mbeam7',66,41,55,1,NULL,NULL,'2014-05-12','2016-12-10',NULL,NULL,'1160.00',0,0,1,0,1,1,NULL,NULL,NULL,'mbeam7',NULL,'--- !ruby/hash:ActiveSupport::HashWithIndifferentAccess\nanschaffungskategorie: AV-Technik\nreference: invoice\numzug: zgeln\nankunftszustand: intakt\n','2016-12-10 15:30:24','2016-12-10 15:30:24'),(56,'mbeam8','mbeam8',67,41,56,1,NULL,NULL,'2014-05-04','2016-12-10',NULL,NULL,'2.00',0,0,1,0,1,1,NULL,NULL,NULL,'mbeam8',NULL,'--- !ruby/hash:ActiveSupport::HashWithIndifferentAccess\nanschaffungskategorie: AV-Technik\nreference: invoice\numzug: zgeln\nankunftszustand: intakt\n','2016-12-10 15:30:24','2016-12-10 15:30:24'),(57,'mbeam9','mbeam9',68,41,57,1,NULL,NULL,'2013-04-16','2016-12-10',NULL,NULL,'16.00',0,0,1,0,1,1,NULL,NULL,NULL,'mbeam9',NULL,'--- !ruby/hash:ActiveSupport::HashWithIndifferentAccess\nanschaffungskategorie: AV-Technik\nreference: invoice\numzug: zgeln\nankunftszustand: intakt\n','2016-12-10 15:30:24','2016-12-10 15:30:24'),(58,'mbeam10','mbeam10',69,41,58,1,NULL,NULL,'2011-04-24','2016-12-10',NULL,NULL,'1384.00',0,0,1,0,1,1,NULL,NULL,NULL,'mbeam10',NULL,'--- !ruby/hash:ActiveSupport::HashWithIndifferentAccess\nanschaffungskategorie: AV-Technik\nreference: invoice\numzug: zgeln\nankunftszustand: intakt\n','2016-12-10 15:30:24','2016-12-10 15:30:24'),(59,'mbeam11','mbeam11',70,41,59,1,NULL,NULL,'2014-09-09','2016-12-10',NULL,NULL,'1112.00',0,0,1,0,1,1,NULL,NULL,NULL,'mbeam11',NULL,'--- !ruby/hash:ActiveSupport::HashWithIndifferentAccess\nanschaffungskategorie: AV-Technik\nreference: invoice\numzug: zgeln\nankunftszustand: intakt\n','2016-12-10 15:30:24','2016-12-10 15:30:24'),(60,'mbeam12','mbeam12',71,41,60,1,NULL,NULL,'2015-05-17','2016-12-10',NULL,NULL,'1043.00',0,0,1,0,1,1,NULL,NULL,NULL,'mbeam12',NULL,'--- !ruby/hash:ActiveSupport::HashWithIndifferentAccess\nanschaffungskategorie: AV-Technik\nreference: invoice\numzug: zgeln\nankunftszustand: intakt\n','2016-12-10 15:30:24','2016-12-10 15:30:24'),(61,'mbeam13','mbeam13',72,41,61,1,NULL,NULL,'2014-12-24','2016-12-10',NULL,NULL,'600.00',0,0,1,0,1,1,NULL,NULL,NULL,'mbeam13',NULL,'--- !ruby/hash:ActiveSupport::HashWithIndifferentAccess\nanschaffungskategorie: AV-Technik\nreference: invoice\numzug: zgeln\nankunftszustand: intakt\n','2016-12-10 15:30:24','2016-12-10 15:30:24'),(62,'mbeam14','mbeam14',73,41,62,1,NULL,NULL,'2014-05-01','2016-12-10',NULL,NULL,'625.00',0,0,1,0,1,1,NULL,NULL,NULL,'mbeam14',NULL,'--- !ruby/hash:ActiveSupport::HashWithIndifferentAccess\nanschaffungskategorie: AV-Technik\nreference: invoice\numzug: zgeln\nankunftszustand: intakt\n','2016-12-10 15:30:24','2016-12-10 15:30:24'),(63,'mbeam15','mbeam15',74,41,63,1,NULL,NULL,'2015-08-05','2016-12-10',NULL,NULL,'865.00',0,0,1,0,1,1,NULL,NULL,NULL,'mbeam15',NULL,'--- !ruby/hash:ActiveSupport::HashWithIndifferentAccess\nanschaffungskategorie: AV-Technik\nreference: invoice\numzug: zgeln\nankunftszustand: intakt\n','2016-12-10 15:30:24','2016-12-10 15:30:24'),(64,'mbeam16','mbeam16',75,41,64,1,NULL,NULL,'2012-07-22','2016-12-10',NULL,NULL,'686.00',0,0,1,0,1,1,NULL,NULL,NULL,'mbeam16',NULL,'--- !ruby/hash:ActiveSupport::HashWithIndifferentAccess\nanschaffungskategorie: AV-Technik\nreference: invoice\numzug: zgeln\nankunftszustand: intakt\n','2016-12-10 15:30:24','2016-12-10 15:30:24'),(65,'mbeam17','mbeam17',76,41,65,1,NULL,NULL,'2015-01-22','2016-12-10',NULL,NULL,'379.00',0,0,1,0,1,1,NULL,NULL,NULL,'mbeam17',NULL,'--- !ruby/hash:ActiveSupport::HashWithIndifferentAccess\nanschaffungskategorie: AV-Technik\nreference: invoice\numzug: zgeln\nankunftszustand: intakt\n','2016-12-10 15:30:24','2016-12-10 15:30:24'),(66,'mbeam18','mbeam18',77,41,66,1,NULL,NULL,'2015-05-10','2016-12-10',NULL,NULL,'187.00',0,0,1,0,1,1,NULL,NULL,NULL,'mbeam18',NULL,'--- !ruby/hash:ActiveSupport::HashWithIndifferentAccess\nanschaffungskategorie: AV-Technik\nreference: invoice\numzug: zgeln\nankunftszustand: intakt\n','2016-12-10 15:30:24','2016-12-10 15:30:24'),(67,'mbeam19','mbeam19',78,41,67,1,NULL,NULL,'2011-07-10','2016-12-10',NULL,NULL,'1180.00',0,0,1,0,1,1,NULL,NULL,NULL,'mbeam19',NULL,'--- !ruby/hash:ActiveSupport::HashWithIndifferentAccess\nanschaffungskategorie: AV-Technik\nreference: invoice\numzug: zgeln\nankunftszustand: intakt\n','2016-12-10 15:30:24','2016-12-10 15:30:24'),(68,'mbeam20','mbeam20',79,41,68,1,NULL,NULL,'2014-01-06','2016-12-10',NULL,NULL,'135.00',0,0,1,0,1,1,NULL,NULL,NULL,'mbeam20',NULL,'--- !ruby/hash:ActiveSupport::HashWithIndifferentAccess\nanschaffungskategorie: AV-Technik\nreference: invoice\numzug: zgeln\nankunftszustand: intakt\n','2016-12-10 15:30:24','2016-12-10 15:30:24'),(69,'cam123','abc234',80,41,69,1,NULL,NULL,'2014-03-07','2016-12-10',NULL,NULL,'821.00',0,0,1,0,1,1,NULL,NULL,NULL,NULL,NULL,'--- !ruby/hash:ActiveSupport::HashWithIndifferentAccess\nanschaffungskategorie: AV-Technik\nreference: invoice\numzug: zgeln\nankunftszustand: intakt\n','2016-12-10 15:30:24','2016-12-10 15:30:24'),(70,'cam345','ab567',80,41,70,1,NULL,NULL,'2012-05-29','2016-12-10',NULL,NULL,'743.00',0,0,1,0,1,1,NULL,NULL,NULL,NULL,NULL,'--- !ruby/hash:ActiveSupport::HashWithIndifferentAccess\nanschaffungskategorie: AV-Technik\nreference: invoice\numzug: zgeln\nankunftszustand: intakt\n','2016-12-10 15:30:24','2016-12-10 15:30:24'),(71,'cam567','ab789',80,41,71,1,NULL,NULL,'2014-12-22','2016-12-10',NULL,NULL,'316.00',0,0,1,0,1,1,NULL,NULL,NULL,NULL,NULL,'--- !ruby/hash:ActiveSupport::HashWithIndifferentAccess\nanschaffungskategorie: AV-Technik\nreference: invoice\numzug: zgeln\nankunftszustand: intakt\n','2016-12-10 15:30:24','2016-12-10 15:30:24'),(72,'cam53267','ab782129',80,41,72,1,NULL,NULL,'2014-04-24','2016-12-10',NULL,NULL,'1415.00',0,0,1,0,1,1,NULL,NULL,NULL,NULL,NULL,'--- !ruby/hash:ActiveSupport::HashWithIndifferentAccess\nanschaffungskategorie: AV-Technik\nreference: invoice\numzug: zgeln\nankunftszustand: intakt\n','2016-12-10 15:30:24','2016-12-10 15:30:24'),(73,'cam532asd67','ab78as2129',80,41,73,1,NULL,NULL,'2011-09-06','2016-12-10',NULL,NULL,'1116.00',0,0,1,0,1,1,NULL,NULL,NULL,NULL,NULL,'--- !ruby/hash:ActiveSupport::HashWithIndifferentAccess\nanschaffungskategorie: AV-Technik\nreference: invoice\numzug: zgeln\nankunftszustand: intakt\n','2016-12-10 15:30:24','2016-12-10 15:30:24'),(74,'mcam1','mcam1',81,41,74,1,NULL,NULL,'2011-01-24','2016-12-10',NULL,NULL,'856.00',0,0,1,0,1,1,NULL,NULL,NULL,'mcam1',NULL,'--- !ruby/hash:ActiveSupport::HashWithIndifferentAccess\nanschaffungskategorie: AV-Technik\nreference: invoice\numzug: zgeln\nankunftszustand: intakt\n','2016-12-10 15:30:24','2016-12-10 15:30:24'),(75,'mcam2','mcam2',82,41,75,1,NULL,NULL,'2014-10-08','2016-12-10',NULL,NULL,'1202.00',0,0,1,0,1,1,NULL,NULL,NULL,'mcam2',NULL,'--- !ruby/hash:ActiveSupport::HashWithIndifferentAccess\nanschaffungskategorie: AV-Technik\nreference: invoice\numzug: zgeln\nankunftszustand: intakt\n','2016-12-10 15:30:24','2016-12-10 15:30:24'),(76,'mcam3','mcam3',83,41,76,1,NULL,NULL,'2014-12-31','2016-12-10',NULL,NULL,'193.00',0,0,1,0,1,1,NULL,NULL,NULL,'mcam3',NULL,'--- !ruby/hash:ActiveSupport::HashWithIndifferentAccess\nanschaffungskategorie: AV-Technik\nreference: invoice\numzug: zgeln\nankunftszustand: intakt\n','2016-12-10 15:30:24','2016-12-10 15:30:24'),(77,'mcam4','mcam4',84,41,77,1,NULL,NULL,'2012-04-25','2016-12-10',NULL,NULL,'1465.00',0,0,1,0,1,1,NULL,NULL,NULL,'mcam4',NULL,'--- !ruby/hash:ActiveSupport::HashWithIndifferentAccess\nanschaffungskategorie: AV-Technik\nreference: invoice\numzug: zgeln\nankunftszustand: intakt\n','2016-12-10 15:30:24','2016-12-10 15:30:24'),(78,'mcam5','mcam5',85,41,78,1,NULL,NULL,'2014-05-24','2016-12-10',NULL,NULL,'1207.00',0,0,1,0,1,1,NULL,NULL,NULL,'mcam5',NULL,'--- !ruby/hash:ActiveSupport::HashWithIndifferentAccess\nanschaffungskategorie: AV-Technik\nreference: invoice\numzug: zgeln\nankunftszustand: intakt\n','2016-12-10 15:30:24','2016-12-10 15:30:24'),(79,'mcam6','mcam6',86,41,79,1,NULL,NULL,'2012-08-12','2016-12-10',NULL,NULL,'958.00',0,0,1,0,1,1,NULL,NULL,NULL,'mcam6',NULL,'--- !ruby/hash:ActiveSupport::HashWithIndifferentAccess\nanschaffungskategorie: AV-Technik\nreference: invoice\numzug: zgeln\nankunftszustand: intakt\n','2016-12-10 15:30:24','2016-12-10 15:30:24'),(80,'mcam7','mcam7',87,41,80,1,NULL,NULL,'2013-01-12','2016-12-10',NULL,NULL,'1487.00',0,0,1,0,1,1,NULL,NULL,NULL,'mcam7',NULL,'--- !ruby/hash:ActiveSupport::HashWithIndifferentAccess\nanschaffungskategorie: AV-Technik\nreference: invoice\numzug: zgeln\nankunftszustand: intakt\n','2016-12-10 15:30:24','2016-12-10 15:30:24'),(81,'mcam8','mcam8',88,41,81,1,NULL,NULL,'2013-08-24','2016-12-10',NULL,NULL,'655.00',0,0,1,0,1,1,NULL,NULL,NULL,'mcam8',NULL,'--- !ruby/hash:ActiveSupport::HashWithIndifferentAccess\nanschaffungskategorie: AV-Technik\nreference: invoice\numzug: zgeln\nankunftszustand: intakt\n','2016-12-10 15:30:24','2016-12-10 15:30:24'),(82,'mcam9','mcam9',89,41,82,1,NULL,NULL,'2015-01-26','2016-12-10',NULL,NULL,'419.00',0,0,1,0,1,1,NULL,NULL,NULL,'mcam9',NULL,'--- !ruby/hash:ActiveSupport::HashWithIndifferentAccess\nanschaffungskategorie: AV-Technik\nreference: invoice\numzug: zgeln\nankunftszustand: intakt\n','2016-12-10 15:30:24','2016-12-10 15:30:24'),(83,'mcam10','mcam10',90,41,83,1,NULL,NULL,'2012-09-21','2016-12-10',NULL,NULL,'1220.00',0,0,1,0,1,1,NULL,NULL,NULL,'mcam10',NULL,'--- !ruby/hash:ActiveSupport::HashWithIndifferentAccess\nanschaffungskategorie: AV-Technik\nreference: invoice\numzug: zgeln\nankunftszustand: intakt\n','2016-12-10 15:30:24','2016-12-10 15:30:24'),(84,'mcam11','mcam11',91,41,84,1,NULL,NULL,'2015-11-13','2016-12-10',NULL,NULL,'872.00',0,0,1,0,1,1,NULL,NULL,NULL,'mcam11',NULL,'--- !ruby/hash:ActiveSupport::HashWithIndifferentAccess\nanschaffungskategorie: AV-Technik\nreference: invoice\numzug: zgeln\nankunftszustand: intakt\n','2016-12-10 15:30:24','2016-12-10 15:30:24'),(85,'mcam12','mcam12',92,41,85,1,NULL,NULL,'2013-10-20','2016-12-10',NULL,NULL,'2.00',0,0,1,0,1,1,NULL,NULL,NULL,'mcam12',NULL,'--- !ruby/hash:ActiveSupport::HashWithIndifferentAccess\nanschaffungskategorie: AV-Technik\nreference: invoice\numzug: zgeln\nankunftszustand: intakt\n','2016-12-10 15:30:24','2016-12-10 15:30:24'),(86,'mcam13','mcam13',93,41,86,1,NULL,NULL,'2015-09-30','2016-12-10',NULL,NULL,'1483.00',0,0,1,0,1,1,NULL,NULL,NULL,'mcam13',NULL,'--- !ruby/hash:ActiveSupport::HashWithIndifferentAccess\nanschaffungskategorie: AV-Technik\nreference: invoice\numzug: zgeln\nankunftszustand: intakt\n','2016-12-10 15:30:24','2016-12-10 15:30:24'),(87,'mcam14','mcam14',94,41,87,1,NULL,NULL,'2011-08-03','2016-12-10',NULL,NULL,'46.00',0,0,1,0,1,1,NULL,NULL,NULL,'mcam14',NULL,'--- !ruby/hash:ActiveSupport::HashWithIndifferentAccess\nanschaffungskategorie: AV-Technik\nreference: invoice\numzug: zgeln\nankunftszustand: intakt\n','2016-12-10 15:30:24','2016-12-10 15:30:24'),(88,'mcam15','mcam15',95,41,88,1,NULL,NULL,'2012-04-02','2016-12-10',NULL,NULL,'424.00',0,0,1,0,1,1,NULL,NULL,NULL,'mcam15',NULL,'--- !ruby/hash:ActiveSupport::HashWithIndifferentAccess\nanschaffungskategorie: AV-Technik\nreference: invoice\numzug: zgeln\nankunftszustand: intakt\n','2016-12-10 15:30:24','2016-12-10 15:30:24'),(89,'mcam16','mcam16',96,41,89,1,NULL,NULL,'2013-04-09','2016-12-10',NULL,NULL,'1366.00',0,0,1,0,1,1,NULL,NULL,NULL,'mcam16',NULL,'--- !ruby/hash:ActiveSupport::HashWithIndifferentAccess\nanschaffungskategorie: AV-Technik\nreference: invoice\numzug: zgeln\nankunftszustand: intakt\n','2016-12-10 15:30:24','2016-12-10 15:30:24'),(90,'mcam17','mcam17',97,41,90,1,NULL,NULL,'2011-08-11','2016-12-10',NULL,NULL,'1411.00',0,0,1,0,1,1,NULL,NULL,NULL,'mcam17',NULL,'--- !ruby/hash:ActiveSupport::HashWithIndifferentAccess\nanschaffungskategorie: AV-Technik\nreference: invoice\numzug: zgeln\nankunftszustand: intakt\n','2016-12-10 15:30:24','2016-12-10 15:30:24'),(91,'mcam18','mcam18',98,41,91,1,NULL,NULL,'2012-11-07','2016-12-10',NULL,NULL,'146.00',0,0,1,0,1,1,NULL,NULL,NULL,'mcam18',NULL,'--- !ruby/hash:ActiveSupport::HashWithIndifferentAccess\nanschaffungskategorie: AV-Technik\nreference: invoice\numzug: zgeln\nankunftszustand: intakt\n','2016-12-10 15:30:24','2016-12-10 15:30:24'),(92,'mcam19','mcam19',99,41,92,1,NULL,NULL,'2015-12-18','2016-12-10',NULL,NULL,'1072.00',0,0,1,0,1,1,NULL,NULL,NULL,'mcam19',NULL,'--- !ruby/hash:ActiveSupport::HashWithIndifferentAccess\nanschaffungskategorie: AV-Technik\nreference: invoice\numzug: zgeln\nankunftszustand: intakt\n','2016-12-10 15:30:24','2016-12-10 15:30:24'),(93,'mcam20','mcam20',100,41,93,1,NULL,NULL,'2011-07-21','2016-12-10',NULL,NULL,'395.00',0,0,1,0,1,1,NULL,NULL,NULL,'mcam20',NULL,'--- !ruby/hash:ActiveSupport::HashWithIndifferentAccess\nanschaffungskategorie: AV-Technik\nreference: invoice\numzug: zgeln\nankunftszustand: intakt\n','2016-12-10 15:30:24','2016-12-10 15:30:24'),(94,'mcam21','mcam21',101,41,94,1,NULL,NULL,'2015-04-30','2016-12-10',NULL,NULL,'1242.00',0,0,1,0,1,1,NULL,NULL,NULL,'mcam21',NULL,'--- !ruby/hash:ActiveSupport::HashWithIndifferentAccess\nanschaffungskategorie: AV-Technik\nreference: invoice\numzug: zgeln\nankunftszustand: intakt\n','2016-12-10 15:30:24','2016-12-10 15:30:24'),(95,'mcam22','mcam22',102,41,95,1,NULL,NULL,'2015-05-11','2016-12-10',NULL,NULL,'965.00',0,0,1,0,1,1,NULL,NULL,NULL,'mcam22',NULL,'--- !ruby/hash:ActiveSupport::HashWithIndifferentAccess\nanschaffungskategorie: AV-Technik\nreference: invoice\numzug: zgeln\nankunftszustand: intakt\n','2016-12-10 15:30:24','2016-12-10 15:30:24'),(96,'mcam23','mcam23',103,41,96,1,NULL,NULL,'2014-04-15','2016-12-10',NULL,NULL,'1183.00',0,0,1,0,1,1,NULL,NULL,NULL,'mcam23',NULL,'--- !ruby/hash:ActiveSupport::HashWithIndifferentAccess\nanschaffungskategorie: AV-Technik\nreference: invoice\numzug: zgeln\nankunftszustand: intakt\n','2016-12-10 15:30:24','2016-12-10 15:30:24'),(97,'mcam24','mcam24',104,41,97,1,NULL,NULL,'2014-04-09','2016-12-10',NULL,NULL,'516.00',0,0,1,0,1,1,NULL,NULL,NULL,'mcam24',NULL,'--- !ruby/hash:ActiveSupport::HashWithIndifferentAccess\nanschaffungskategorie: AV-Technik\nreference: invoice\numzug: zgeln\nankunftszustand: intakt\n','2016-12-10 15:30:24','2016-12-10 15:30:24'),(98,'mcam25','mcam25',105,41,98,1,NULL,NULL,'2014-08-08','2016-12-10',NULL,NULL,'263.00',0,0,1,0,1,1,NULL,NULL,NULL,'mcam25',NULL,'--- !ruby/hash:ActiveSupport::HashWithIndifferentAccess\nanschaffungskategorie: AV-Technik\nreference: invoice\numzug: zgeln\nankunftszustand: intakt\n','2016-12-10 15:30:24','2016-12-10 15:30:24'),(99,'mcam26','mcam26',106,41,99,1,NULL,NULL,'2014-08-16','2016-12-10',NULL,NULL,'349.00',0,0,1,0,1,1,NULL,NULL,NULL,'mcam26',NULL,'--- !ruby/hash:ActiveSupport::HashWithIndifferentAccess\nanschaffungskategorie: AV-Technik\nreference: invoice\numzug: zgeln\nankunftszustand: intakt\n','2016-12-10 15:30:24','2016-12-10 15:30:24'),(100,'mcam27','mcam27',107,41,100,1,NULL,NULL,'2014-06-28','2016-12-10',NULL,NULL,'1133.00',0,0,1,0,1,1,NULL,NULL,NULL,'mcam27',NULL,'--- !ruby/hash:ActiveSupport::HashWithIndifferentAccess\nanschaffungskategorie: AV-Technik\nreference: invoice\numzug: zgeln\nankunftszustand: intakt\n','2016-12-10 15:30:24','2016-12-10 15:30:24'),(101,'mcam28','mcam28',108,41,101,1,NULL,NULL,'2015-01-09','2016-12-10',NULL,NULL,'1362.00',0,0,1,0,1,1,NULL,NULL,NULL,'mcam28',NULL,'--- !ruby/hash:ActiveSupport::HashWithIndifferentAccess\nanschaffungskategorie: AV-Technik\nreference: invoice\numzug: zgeln\nankunftszustand: intakt\n','2016-12-10 15:30:24','2016-12-10 15:30:24'),(102,'mcam29','mcam29',109,41,102,1,NULL,NULL,'2013-11-10','2016-12-10',NULL,NULL,'219.00',0,0,1,0,1,1,NULL,NULL,NULL,'mcam29',NULL,'--- !ruby/hash:ActiveSupport::HashWithIndifferentAccess\nanschaffungskategorie: AV-Technik\nreference: invoice\numzug: zgeln\nankunftszustand: intakt\n','2016-12-10 15:30:24','2016-12-10 15:30:24'),(103,'mcam30','mcam30',110,41,103,1,NULL,NULL,'2014-12-01','2016-12-10',NULL,NULL,'1142.00',0,0,1,0,1,1,NULL,NULL,NULL,'mcam30',NULL,'--- !ruby/hash:ActiveSupport::HashWithIndifferentAccess\nanschaffungskategorie: AV-Technik\nreference: invoice\numzug: zgeln\nankunftszustand: intakt\n','2016-12-10 15:30:24','2016-12-10 15:30:24'),(104,'hifi123','hifi123',111,41,104,1,NULL,NULL,'2011-07-10','2016-12-10',NULL,NULL,'802.00',0,0,1,0,1,1,NULL,NULL,NULL,NULL,NULL,'--- !ruby/hash:ActiveSupport::HashWithIndifferentAccess\nanschaffungskategorie: AV-Technik\nreference: invoice\numzug: zgeln\nankunftszustand: intakt\n','2016-12-10 15:30:24','2016-12-10 15:30:24'),(105,'tri789','fgh567',112,41,105,1,NULL,NULL,'2012-04-03','2016-12-10',NULL,NULL,'836.00',0,0,1,0,1,1,NULL,NULL,NULL,NULL,NULL,'--- !ruby/hash:ActiveSupport::HashWithIndifferentAccess\nanschaffungskategorie: AV-Technik\nreference: invoice\numzug: zgeln\nankunftszustand: intakt\n','2016-12-10 15:30:24','2016-12-10 15:30:24'),(106,'tri123','fgh987',112,41,106,1,NULL,NULL,'2014-07-30','2016-12-10',NULL,NULL,'403.00',0,0,1,0,1,1,NULL,NULL,NULL,NULL,NULL,'--- !ruby/hash:ActiveSupport::HashWithIndifferentAccess\nanschaffungskategorie: AV-Technik\nreference: invoice\numzug: zgeln\nankunftszustand: intakt\n','2016-12-10 15:30:24','2016-12-10 15:30:24'),(107,'tri923','asd213',112,41,107,1,NULL,NULL,'2013-09-23','2016-12-10',NULL,NULL,'108.00',0,0,1,0,1,1,NULL,NULL,NULL,NULL,NULL,'--- !ruby/hash:ActiveSupport::HashWithIndifferentAccess\nanschaffungskategorie: AV-Technik\nreference: invoice\numzug: zgeln\nankunftszustand: intakt\n','2016-12-10 15:30:24','2016-12-10 15:30:24'),(108,'tri212','tri212',112,41,108,1,NULL,NULL,'2014-01-20','2016-12-10',NULL,NULL,'829.00',0,0,1,0,1,1,NULL,NULL,NULL,NULL,NULL,'--- !ruby/hash:ActiveSupport::HashWithIndifferentAccess\nanschaffungskategorie: AV-Technik\nreference: invoice\numzug: zgeln\nankunftszustand: intakt\n','2016-12-10 15:30:24','2016-12-10 15:30:24'),(109,'iqgqar','lbiqly',114,41,109,1,NULL,NULL,'2011-01-13','2016-12-10',NULL,NULL,'432.00',0,0,1,0,1,1,NULL,NULL,NULL,NULL,NULL,'--- !ruby/hash:ActiveSupport::HashWithIndifferentAccess\nanschaffungskategorie: AV-Technik\nreference: invoice\numzug: zgeln\nankunftszustand: intakt\n','2016-12-10 15:30:24','2016-12-10 15:30:24'),(110,'shwrk5xvdxsysd4xv62f40','97:b0:19:43:a5:8a-02:50:e8:34:ce:45-37:c7:d4:54:ee:02',115,42,110,1,NULL,NULL,'2013-09-04','2016-12-10',NULL,NULL,'1322.00',0,0,1,0,1,1,NULL,NULL,NULL,NULL,NULL,'--- !ruby/hash:ActiveSupport::HashWithIndifferentAccess\nanschaffungskategorie: AV-Technik\nreference: invoice\numzug: zgeln\nankunftszustand: intakt\n','2016-12-10 15:30:24','2016-12-10 15:30:24'),(111,'ou8thbb8lm4xhw98aywu41','ed:1b:f9:5e:ee:83-f8:4b:27:83:62:f0-57:75:06:c6:27:12',117,42,111,1,110,NULL,'2015-04-21','2016-12-10',NULL,NULL,'999.00',0,0,1,0,1,1,NULL,NULL,NULL,NULL,NULL,'--- !ruby/hash:ActiveSupport::HashWithIndifferentAccess\nanschaffungskategorie: AV-Technik\nreference: invoice\numzug: zgeln\nankunftszustand: intakt\n','2016-12-10 15:30:24','2016-12-10 15:30:24'),(112,'qeadortq4znpbyz63a1k42','d0:a4:70:6d:b0:6b-56:85:0e:69:e4:fe-7a:70:53:55:2e:5b',118,42,112,1,110,NULL,'2012-04-22','2016-12-10',NULL,NULL,'498.00',0,0,1,0,1,1,NULL,NULL,NULL,NULL,NULL,'--- !ruby/hash:ActiveSupport::HashWithIndifferentAccess\nanschaffungskategorie: AV-Technik\nreference: invoice\numzug: zgeln\nankunftszustand: intakt\n','2016-12-10 15:30:24','2016-12-10 15:30:24'),(113,'3j4jus8wdqqrlewx9eeo43','94:df:66:49:e7:0c-0d:db:5d:61:3f:d1-2d:87:b1:ec:6c:1d',119,42,113,1,110,NULL,'2015-06-07','2016-12-10',NULL,NULL,'1383.00',0,0,1,0,1,1,NULL,NULL,NULL,NULL,NULL,'--- !ruby/hash:ActiveSupport::HashWithIndifferentAccess\nanschaffungskategorie: AV-Technik\nreference: invoice\numzug: zgeln\nankunftszustand: intakt\n','2016-12-10 15:30:24','2016-12-10 15:30:24'),(114,'tvp8hh44x56vm2hsrz7h44','62:f1:6c:8a:6e:6c-04:22:49:1f:ef:f5-38:e0:6b:22:bf:d2',115,46,114,1,NULL,NULL,'2014-07-26','2016-12-10',NULL,NULL,'367.00',0,0,1,0,1,1,NULL,NULL,NULL,NULL,NULL,'--- !ruby/hash:ActiveSupport::HashWithIndifferentAccess\nanschaffungskategorie: AV-Technik\nreference: invoice\numzug: zgeln\nankunftszustand: intakt\n','2016-12-10 15:30:24','2016-12-10 15:30:24'),(115,'dkdlv3xm5rbprc8h4xy645','e0:dd:9d:af:03:b5-93:93:64:ab:9c:89-59:5f:03:52:e5:d5',121,46,115,1,114,NULL,'2014-01-10','2016-12-10',NULL,NULL,'766.00',0,0,1,0,1,1,NULL,NULL,NULL,NULL,NULL,'--- !ruby/hash:ActiveSupport::HashWithIndifferentAccess\nanschaffungskategorie: AV-Technik\nreference: invoice\numzug: zgeln\nankunftszustand: intakt\n','2016-12-10 15:30:24','2016-12-10 15:30:24'),(116,'22achdvtoq0z0eo005m746','46:d5:27:1b:5b:38-ac:6f:b8:bb:1a:b3-78:49:54:63:10:5e',122,46,116,1,114,NULL,'2011-05-28','2016-12-10',NULL,NULL,'314.00',0,0,1,0,1,1,NULL,NULL,NULL,NULL,NULL,'--- !ruby/hash:ActiveSupport::HashWithIndifferentAccess\nanschaffungskategorie: AV-Technik\nreference: invoice\numzug: zgeln\nankunftszustand: intakt\n','2016-12-10 15:30:24','2016-12-10 15:30:24'),(117,'tdv3yjylu9vqd85ite3b47','9f:79:a4:0a:81:79-53:03:d9:35:79:1b-99:17:33:99:bd:cd',123,46,117,1,114,NULL,'2011-03-17','2016-12-10',NULL,NULL,'1283.00',0,0,1,0,1,1,NULL,NULL,NULL,NULL,NULL,'--- !ruby/hash:ActiveSupport::HashWithIndifferentAccess\nanschaffungskategorie: AV-Technik\nreference: invoice\numzug: zgeln\nankunftszustand: intakt\n','2016-12-10 15:30:24','2016-12-10 15:30:24'),(118,'uaia6j7i8lapwhjd06ks48','a1:d2:6e:e5:dd:ed-10:27:64:fd:4f:60-ab:f9:7d:12:43:13',115,50,118,1,NULL,NULL,'2013-08-11','2016-12-10',NULL,NULL,'611.00',0,0,1,0,1,1,NULL,NULL,NULL,NULL,NULL,'--- !ruby/hash:ActiveSupport::HashWithIndifferentAccess\nanschaffungskategorie: AV-Technik\nreference: invoice\numzug: zgeln\nankunftszustand: intakt\n','2016-12-10 15:30:24','2016-12-10 15:30:24'),(119,'xnyqyibr3ty5hekueynh49','26:1a:97:7a:a9:4a-5d:fa:bb:51:0f:8d-02:17:8e:91:83:3e',125,50,119,1,118,NULL,'2014-04-15','2016-12-10',NULL,NULL,'391.00',0,0,1,0,1,1,NULL,NULL,NULL,NULL,NULL,'--- !ruby/hash:ActiveSupport::HashWithIndifferentAccess\nanschaffungskategorie: AV-Technik\nreference: invoice\numzug: zgeln\nankunftszustand: intakt\n','2016-12-10 15:30:24','2016-12-10 15:30:24'),(120,'9u11193obpkwmx44yfi750','4e:da:60:1a:94:bf-8e:af:d9:ae:ca:c6-fa:c7:54:fa:56:a3',126,50,120,1,118,NULL,'2011-08-11','2016-12-10',NULL,NULL,'374.00',0,0,1,0,1,1,NULL,NULL,NULL,NULL,NULL,'--- !ruby/hash:ActiveSupport::HashWithIndifferentAccess\nanschaffungskategorie: AV-Technik\nreference: invoice\numzug: zgeln\nankunftszustand: intakt\n','2016-12-10 15:30:24','2016-12-10 15:30:24'),(121,'eeia32g2sckqy76ifuht51','bc:b3:b1:4f:5f:36-79:f6:86:fb:ac:06-63:38:77:c0:d2:fd',127,50,121,1,118,NULL,'2014-10-25','2016-12-10',NULL,NULL,'364.00',0,0,1,0,1,1,NULL,NULL,NULL,NULL,NULL,'--- !ruby/hash:ActiveSupport::HashWithIndifferentAccess\nanschaffungskategorie: AV-Technik\nreference: invoice\numzug: zgeln\nankunftszustand: intakt\n','2016-12-10 15:30:24','2016-12-10 15:30:24'),(122,'g228gbn6p1jr8hq4g8kc52','9f:d6:b3:6a:88:10-27:7b:2d:75:c0:85-0a:47:a1:09:b6:01',128,54,122,1,NULL,NULL,'2015-10-08','2016-12-10',NULL,NULL,'1210.00',0,0,1,0,1,1,NULL,NULL,NULL,NULL,NULL,'--- !ruby/hash:ActiveSupport::HashWithIndifferentAccess\nanschaffungskategorie: AV-Technik\nreference: invoice\numzug: zgeln\nankunftszustand: intakt\n','2016-12-10 15:30:24','2016-12-10 15:30:24'),(123,'i05pfuxkiuqsr8pkeny353','a8:64:96:5f:0f:26-71:28:88:15:ce:64-83:f1:35:bc:07:ea',130,54,123,1,122,NULL,'2011-06-08','2016-12-10',NULL,NULL,'1460.00',0,0,1,0,1,1,NULL,NULL,NULL,NULL,NULL,'--- !ruby/hash:ActiveSupport::HashWithIndifferentAccess\nanschaffungskategorie: AV-Technik\nreference: invoice\numzug: zgeln\nankunftszustand: intakt\n','2016-12-10 15:30:24','2016-12-10 15:30:24'),(124,'pj4pvtrdbdvzvklduvj854','78:f3:a9:2d:ec:90-19:c5:c5:89:8c:e0-3f:b1:87:d5:07:51',131,54,124,1,122,NULL,'2015-08-31','2016-12-10',NULL,NULL,'1488.00',0,0,1,0,1,1,NULL,NULL,NULL,NULL,NULL,'--- !ruby/hash:ActiveSupport::HashWithIndifferentAccess\nanschaffungskategorie: AV-Technik\nreference: invoice\numzug: zgeln\nankunftszustand: intakt\n','2016-12-10 15:30:24','2016-12-10 15:30:24'),(125,'a2qu914xdoq1o6imripx55','98:71:26:44:06:a0-0d:c0:74:6b:85:81-1b:1b:58:18:6c:8c',132,54,125,1,122,NULL,'2015-08-25','2016-12-10',NULL,NULL,'1317.00',0,0,1,0,1,1,NULL,NULL,NULL,NULL,NULL,'--- !ruby/hash:ActiveSupport::HashWithIndifferentAccess\nanschaffungskategorie: AV-Technik\nreference: invoice\numzug: zgeln\nankunftszustand: intakt\n','2016-12-10 15:30:24','2016-12-10 15:30:24'),(126,'48cpwgrd7t0tfb2wmrs156','b5:38:16:2d:ca:3f-f4:1c:32:06:b7:33-05:6f:e4:ac:3f:33',128,58,126,1,NULL,NULL,'2014-08-22','2016-12-10',NULL,NULL,'1475.00',0,0,1,0,1,1,NULL,NULL,NULL,NULL,NULL,'--- !ruby/hash:ActiveSupport::HashWithIndifferentAccess\nanschaffungskategorie: AV-Technik\nreference: invoice\numzug: zgeln\nankunftszustand: intakt\n','2016-12-10 15:30:24','2016-12-10 15:30:24'),(127,'lxnfo15il9jvfc2sn6gj57','69:ab:39:3e:39:26-9a:a1:ec:6a:4a:5a-25:af:27:f8:04:cb',134,58,127,1,126,NULL,'2013-12-23','2016-12-10',NULL,NULL,'1111.00',0,0,1,0,1,1,NULL,NULL,NULL,NULL,NULL,'--- !ruby/hash:ActiveSupport::HashWithIndifferentAccess\nanschaffungskategorie: AV-Technik\nreference: invoice\numzug: zgeln\nankunftszustand: intakt\n','2016-12-10 15:30:24','2016-12-10 15:30:24'),(128,'x77l92ror3fyidgesom958','7e:e7:b8:11:1f:cd-77:16:88:82:b2:18-a3:83:f5:9f:64:37',135,58,128,1,126,NULL,'2013-08-01','2016-12-10',NULL,NULL,'57.00',0,0,1,0,1,1,NULL,NULL,NULL,NULL,NULL,'--- !ruby/hash:ActiveSupport::HashWithIndifferentAccess\nanschaffungskategorie: AV-Technik\nreference: invoice\numzug: zgeln\nankunftszustand: intakt\n','2016-12-10 15:30:24','2016-12-10 15:30:24'),(129,'40rq9695nbm9r1y07iq959','d1:7e:2b:62:98:b9-71:0d:ff:f9:97:98-13:73:23:50:44:34',136,58,129,1,126,NULL,'2011-01-27','2016-12-10',NULL,NULL,'710.00',0,0,1,0,1,1,NULL,NULL,NULL,NULL,NULL,'--- !ruby/hash:ActiveSupport::HashWithIndifferentAccess\nanschaffungskategorie: AV-Technik\nreference: invoice\numzug: zgeln\nankunftszustand: intakt\n','2016-12-10 15:30:24','2016-12-10 15:30:24'),(130,'h1st2drjmu4ubf6sc3nr60','12:98:d5:bf:6a:9d-8b:c2:36:65:66:0d-6e:ec:9a:2b:cb:54',128,62,130,1,NULL,NULL,'2012-11-26','2016-12-10',NULL,NULL,'1380.00',0,0,1,0,1,1,NULL,NULL,NULL,NULL,NULL,'--- !ruby/hash:ActiveSupport::HashWithIndifferentAccess\nanschaffungskategorie: AV-Technik\nreference: invoice\numzug: zgeln\nankunftszustand: intakt\n','2016-12-10 15:30:24','2016-12-10 15:30:24'),(131,'ebd6wsmtt0pi30rurdkx61','4f:d8:c1:e5:1d:a6-77:b8:d6:99:14:ba-30:e6:ac:4b:e8:1d',138,62,131,1,130,NULL,'2015-05-04','2016-12-10',NULL,NULL,'605.00',0,0,1,0,1,1,NULL,NULL,NULL,NULL,NULL,'--- !ruby/hash:ActiveSupport::HashWithIndifferentAccess\nanschaffungskategorie: AV-Technik\nreference: invoice\numzug: zgeln\nankunftszustand: intakt\n','2016-12-10 15:30:24','2016-12-10 15:30:24'),(132,'n8vfuubvj2i7qmmj2laf62','67:cd:b5:73:e2:4f-be:0e:bb:09:68:28-85:a0:10:d4:88:15',139,62,132,1,130,NULL,'2015-07-02','2016-12-10',NULL,NULL,'268.00',0,0,1,0,1,1,NULL,NULL,NULL,NULL,NULL,'--- !ruby/hash:ActiveSupport::HashWithIndifferentAccess\nanschaffungskategorie: AV-Technik\nreference: invoice\numzug: zgeln\nankunftszustand: intakt\n','2016-12-10 15:30:24','2016-12-10 15:30:24'),(133,'6sur75jd20mv34bv0b8v63','02:dc:84:d9:a1:c6-2f:36:eb:4d:22:2f-ae:49:02:b3:35:22',140,62,133,1,130,NULL,'2015-09-10','2016-12-10',NULL,NULL,'187.00',0,0,1,0,1,1,NULL,NULL,NULL,NULL,NULL,'--- !ruby/hash:ActiveSupport::HashWithIndifferentAccess\nanschaffungskategorie: AV-Technik\nreference: invoice\numzug: zgeln\nankunftszustand: intakt\n','2016-12-10 15:30:24','2016-12-10 15:30:24'),(134,'4jlyn67t7zq0yqy37fmc64','a5:d3:28:28:13:e9-9a:58:f6:1d:d8:74-0b:d7:fa:3c:75:21',115,66,134,2,NULL,NULL,'2012-04-26','2016-12-10',NULL,NULL,'1254.00',0,0,1,0,2,1,NULL,NULL,NULL,NULL,NULL,'--- !ruby/hash:ActiveSupport::HashWithIndifferentAccess\nanschaffungskategorie: AV-Technik\nreference: invoice\numzug: zgeln\nankunftszustand: intakt\n','2016-12-10 15:30:24','2016-12-10 15:30:24'),(135,'f2w1couj9vfclijf6ps265','74:20:1d:cb:31:ca-26:ac:ad:55:c0:79-2b:75:9a:db:8c:de',142,66,135,2,134,NULL,'2012-05-01','2016-12-10',NULL,NULL,'857.00',0,0,1,0,2,1,NULL,NULL,NULL,NULL,NULL,'--- !ruby/hash:ActiveSupport::HashWithIndifferentAccess\nanschaffungskategorie: AV-Technik\nreference: invoice\numzug: zgeln\nankunftszustand: intakt\n','2016-12-10 15:30:24','2016-12-10 15:30:24'),(136,'jwlm280fxtqgzf1gfwzk66','ed:19:24:03:ba:ab-41:f9:d6:78:bf:25-f7:ac:5c:b7:52:50',143,66,136,2,134,NULL,'2012-07-14','2016-12-10',NULL,NULL,'1391.00',0,0,1,0,2,1,NULL,NULL,NULL,NULL,NULL,'--- !ruby/hash:ActiveSupport::HashWithIndifferentAccess\nanschaffungskategorie: AV-Technik\nreference: invoice\numzug: zgeln\nankunftszustand: intakt\n','2016-12-10 15:30:24','2016-12-10 15:30:24'),(137,'lj1b83etc735p8yv088867','61:94:48:29:b1:42-56:a3:f7:7d:57:07-78:0a:d0:54:f8:85',144,66,137,2,134,NULL,'2014-09-20','2016-12-10',NULL,NULL,'8.00',0,0,1,0,2,1,NULL,NULL,NULL,NULL,NULL,'--- !ruby/hash:ActiveSupport::HashWithIndifferentAccess\nanschaffungskategorie: AV-Technik\nreference: invoice\numzug: zgeln\nankunftszustand: intakt\n','2016-12-10 15:30:24','2016-12-10 15:30:24'),(138,'cand5','cand5',80,41,138,1,NULL,NULL,'2012-06-22','2016-12-10',NULL,NULL,'1011.00',0,0,0,0,1,1,NULL,NULL,NULL,NULL,NULL,'--- !ruby/hash:ActiveSupport::HashWithIndifferentAccess\nanschaffungskategorie: AV-Technik\nreference: invoice\numzug: zgeln\nankunftszustand: intakt\n','2016-12-10 15:30:24','2016-12-10 15:30:24'),(139,'beam21231','beamas12312',54,41,139,1,NULL,NULL,'2012-03-24','2016-12-10',NULL,NULL,'1441.00',0,0,0,0,1,1,NULL,NULL,NULL,NULL,NULL,'--- !ruby/hash:ActiveSupport::HashWithIndifferentAccess\nanschaffungskategorie: AV-Technik\nreference: invoice\numzug: zgeln\nankunftszustand: intakt\n','2016-12-10 15:30:24','2016-12-10 15:30:24'),(140,'hifi345','hifi345',111,41,140,1,NULL,NULL,'2011-09-24','2016-12-10',NULL,NULL,'987.00',0,0,0,0,1,1,NULL,NULL,NULL,NULL,NULL,'--- !ruby/hash:ActiveSupport::HashWithIndifferentAccess\nanschaffungskategorie: AV-Technik\nreference: invoice\numzug: zgeln\nankunftszustand: intakt\n','2016-12-10 15:30:24','2016-12-10 15:30:24'),(141,'iMac1','iMac5',146,41,141,1,NULL,NULL,'2014-10-26','2016-12-10','2016-12-10','This Item is gone','1073.00',0,0,1,0,1,1,NULL,NULL,NULL,NULL,NULL,'--- !ruby/hash:ActiveSupport::HashWithIndifferentAccess\nanschaffungskategorie: AV-Technik\nreference: invoice\numzug: zgeln\nankunftszustand: intakt\n','2016-12-10 15:30:24','2016-12-10 15:30:24'),(142,'iMac2','iMac6',146,41,142,3,NULL,NULL,'2011-08-08','2016-12-10','2016-12-10','This Item is gone','1400.00',0,0,1,0,1,1,NULL,NULL,NULL,NULL,NULL,'--- !ruby/hash:ActiveSupport::HashWithIndifferentAccess\nanschaffungskategorie: AV-Technik\nreference: invoice\numzug: zgeln\nankunftszustand: intakt\n','2016-12-10 15:30:24','2016-12-10 15:30:24'),(143,'emfuxw','mt3guz',113,41,143,1,NULL,NULL,'2014-09-07','2016-12-10','2016-12-10','This Item is gone','435.00',0,0,1,0,1,1,NULL,NULL,NULL,NULL,NULL,'--- !ruby/hash:ActiveSupport::HashWithIndifferentAccess\nanschaffungskategorie: AV-Technik\nreference: invoice\numzug: zgeln\nankunftszustand: intakt\n','2016-12-10 15:30:24','2016-12-10 15:30:24'),(144,'1gs6yu','ahurl8',113,41,144,1,NULL,NULL,'2014-07-01','2016-12-10',NULL,NULL,'493.00',0,0,1,0,1,1,NULL,NULL,NULL,NULL,NULL,'--- !ruby/hash:ActiveSupport::HashWithIndifferentAccess\nanschaffungskategorie: AV-Technik\nreference: invoice\numzug: zgeln\nankunftszustand: intakt\n','2016-12-10 15:30:24','2016-12-10 15:30:24'),(145,'wlaptop1','wlaptop1',147,41,145,1,NULL,NULL,'2011-10-13','2016-12-10',NULL,NULL,'1294.00',1,0,1,0,1,1,NULL,NULL,NULL,NULL,NULL,'--- !ruby/hash:ActiveSupport::HashWithIndifferentAccess\nanschaffungskategorie: AV-Technik\nreference: invoice\numzug: zgeln\nankunftszustand: intakt\n','2016-12-10 15:30:24','2016-12-10 15:30:24'),(146,'v120d02','v120d02',148,41,146,1,NULL,NULL,'2013-08-28','2016-12-10',NULL,NULL,'211.00',0,1,1,0,1,1,NULL,NULL,NULL,NULL,NULL,'--- !ruby/hash:ActiveSupport::HashWithIndifferentAccess\nanschaffungskategorie: AV-Technik\nreference: invoice\numzug: zgeln\nankunftszustand: intakt\n','2016-12-10 15:30:24','2016-12-10 15:30:24'),(147,'g51mvs15vu1xydaiqa0468','f7:f1:a8:52:13:c7-01:48:83:08:16:df-09:27:d2:ac:8c:15',148,70,147,1,NULL,NULL,'2015-03-25','2016-12-10','2016-12-10','Temporibus eum architecto illum.','1327.00',1,1,0,0,1,1,NULL,NULL,NULL,NULL,NULL,'--- !ruby/hash:ActiveSupport::HashWithIndifferentAccess\nanschaffungskategorie: AV-Technik\nreference: invoice\numzug: zgeln\nankunftszustand: intakt\n','2016-12-10 15:30:24','2016-12-10 15:30:24'),(148,'v120d022g','v120d022g',149,41,148,1,NULL,NULL,'2013-12-22','2016-12-10',NULL,NULL,'669.00',0,0,1,0,1,1,NULL,NULL,NULL,NULL,NULL,'--- !ruby/hash:ActiveSupport::HashWithIndifferentAccess\nanschaffungskategorie: AV-Technik\nreference: invoice\numzug: zgeln\nankunftszustand: intakt\n','2016-12-10 15:30:24','2016-12-10 15:30:24'),(149,'v120d022g2','v120d022g2',149,41,149,1,NULL,NULL,'2013-01-25','2016-12-10',NULL,NULL,'1170.00',0,0,1,0,1,1,NULL,NULL,NULL,NULL,NULL,'--- !ruby/hash:ActiveSupport::HashWithIndifferentAccess\nanschaffungskategorie: AV-Technik\nreference: invoice\numzug: zgeln\nankunftszustand: intakt\n','2016-12-10 15:30:24','2016-12-10 15:30:24'),(150,'beam897','xyz890',54,41,150,1,NULL,NULL,'2011-03-08','2016-12-10',NULL,NULL,'454.00',0,0,1,0,2,1,NULL,NULL,NULL,NULL,NULL,'--- !ruby/hash:ActiveSupport::HashWithIndifferentAccess\nanschaffungskategorie: AV-Technik\nreference: invoice\numzug: zgeln\nankunftszustand: intakt\n','2016-12-10 15:30:24','2016-12-10 15:30:24'),(151,'minibeam12','xyz890',56,41,151,1,NULL,NULL,'2014-09-12','2016-12-10',NULL,NULL,'451.00',0,0,1,0,2,1,NULL,NULL,NULL,NULL,NULL,'--- !ruby/hash:ActiveSupport::HashWithIndifferentAccess\nanschaffungskategorie: AV-Technik\nreference: invoice\numzug: zgeln\nankunftszustand: intakt\n','2016-12-10 15:30:24','2016-12-10 15:30:24'),(152,'minibeam34','xyz890',56,41,152,1,NULL,NULL,'2012-10-30','2016-12-10',NULL,NULL,'66.00',0,0,1,0,3,1,NULL,NULL,NULL,NULL,NULL,'--- !ruby/hash:ActiveSupport::HashWithIndifferentAccess\nanschaffungskategorie: AV-Technik\nreference: invoice\numzug: zgeln\nankunftszustand: intakt\n','2016-12-10 15:30:24','2016-12-10 15:30:24'),(153,'b8w8u398h59mdx63wuc669','5f:8d:d4:84:07:e2-92:e4:53:d7:6d:d3-56:36:41:bc:dc:6e',151,NULL,NULL,1,NULL,NULL,NULL,NULL,NULL,NULL,NULL,0,0,0,0,1,0,NULL,NULL,NULL,NULL,NULL,'--- !ruby/hash:ActiveSupport::HashWithIndifferentAccess\nlicense_type: single_workplace\nactivation_type: serial_number\noperating_system:\n- windows\n- linux\ninstallation:\n- citrix\n- web\nprocured_by: Meredith Gleichner\nreference: invoice\nmaintenance_contract: \'false\'\n','2016-12-10 15:30:24','2016-12-10 15:30:24'),(154,'dg0t58u6ttx5vl8uh44170','b2:62:b5:16:b5:ce-37:cd:d8:f6:84:a1-f4:1b:cf:24:92:8c',152,NULL,NULL,1,NULL,NULL,NULL,NULL,NULL,NULL,NULL,0,0,1,0,1,0,NULL,NULL,NULL,NULL,NULL,'--- !ruby/hash:ActiveSupport::HashWithIndifferentAccess\nlicense_type: single_workplace\nactivation_type: serial_number\noperating_system:\n- windows\n- linux\ninstallation:\n- citrix\n- web\nreference: invoice\nmaintenance_contract: \'false\'\n','2016-12-10 15:30:24','2016-12-10 15:30:24'),(155,'yugrdrlthj7lzuswi02371','0e:4a:77:f6:9a:0f-e4:d0:64:83:fe:c8-61:c9:4a:c3:ec:70',153,NULL,NULL,1,NULL,NULL,NULL,NULL,NULL,NULL,NULL,0,0,0,0,1,0,NULL,NULL,NULL,NULL,NULL,'--- !ruby/hash:ActiveSupport::HashWithIndifferentAccess\nlicense_type: single_workplace\nactivation_type: serial_number\noperating_system:\n- windows\n- linux\ninstallation:\n- citrix\n- web\nprocured_by: Madisyn Botsford\nreference: invoice\nmaintenance_contract: \'false\'\n','2016-12-10 15:30:24','2016-12-10 15:30:24'),(156,'a9v3by9yhfycq0xrzp1x72','22:40:2c:43:45:4a-82:57:a9:e5:1e:0c-bd:f3:41:86:38:71',154,NULL,NULL,1,NULL,NULL,NULL,NULL,NULL,NULL,NULL,0,0,0,0,1,0,NULL,NULL,NULL,NULL,NULL,'--- !ruby/hash:ActiveSupport::HashWithIndifferentAccess\nlicense_type: single_workplace\nactivation_type: serial_number\noperating_system:\n- windows\n- linux\ninstallation:\n- citrix\n- web\nreference: invoice\nmaintenance_contract: \'false\'\n','2016-12-10 15:30:24','2016-12-10 15:30:24'),(157,'ss8eamj6bsyp5k1mwt8d73','92:ad:4d:3c:be:45-34:c0:75:7d:50:35-aa:ef:15:4e:00:0f',155,NULL,NULL,1,NULL,NULL,NULL,NULL,NULL,NULL,NULL,0,0,1,0,1,0,NULL,NULL,NULL,NULL,NULL,'--- !ruby/hash:ActiveSupport::HashWithIndifferentAccess\nlicense_type: single_workplace\nactivation_type: serial_number\noperating_system:\n- windows\n- linux\ninstallation:\n- citrix\n- web\nprocured_by: Nora Sawayn\nreference: invoice\nmaintenance_contract: \'false\'\n','2016-12-10 15:30:24','2016-12-10 15:30:24'),(158,'xmtio9ohypzvhp2dgy7u74','86:57:b7:bf:2c:b1-cf:37:5e:1c:1f:63-3f:24:cf:77:49:51',156,NULL,NULL,1,NULL,NULL,NULL,NULL,NULL,NULL,NULL,0,0,0,0,1,0,NULL,NULL,NULL,NULL,NULL,'--- !ruby/hash:ActiveSupport::HashWithIndifferentAccess\nlicense_type: single_workplace\nactivation_type: serial_number\noperating_system:\n- windows\n- linux\ninstallation:\n- citrix\n- web\nprocured_by: Meredith Gleichner\nreference: invoice\nmaintenance_contract: \'false\'\n','2016-12-10 15:30:24','2016-12-10 15:30:24'),(159,'saqfqqxljey75hdmi24v75','7f:36:4a:03:89:8a-95:23:e7:a2:28:55-22:9a:1f:f7:c9:6f',157,NULL,NULL,1,NULL,NULL,NULL,NULL,NULL,NULL,NULL,0,0,0,0,2,0,NULL,NULL,NULL,NULL,NULL,'--- !ruby/hash:ActiveSupport::HashWithIndifferentAccess\nlicense_type: single_workplace\nactivation_type: serial_number\noperating_system:\n- windows\n- linux\ninstallation:\n- citrix\n- web\nreference: invoice\nmaintenance_contract: \'false\'\n','2016-12-10 15:30:24','2016-12-10 15:30:24'),(160,'i7e5y4987gyneva91g8i76','1c:b8:5a:e6:06:42-77:43:35:cf:ac:a8-c0:89:05:25:fc:e8',158,NULL,NULL,1,NULL,NULL,NULL,NULL,'2016-12-10','Nostrum ipsum consequatur voluptatibus.',NULL,0,0,1,0,1,0,NULL,NULL,NULL,NULL,NULL,'--- !ruby/hash:ActiveSupport::HashWithIndifferentAccess\nlicense_type: single_workplace\nactivation_type: serial_number\noperating_system:\n- windows\n- linux\ninstallation:\n- citrix\n- web\nreference: invoice\nmaintenance_contract: \'false\'\n','2016-12-10 15:30:24','2016-12-10 15:30:24'),(161,'h370qcwl921kf4i330xf77','25:11:99:8d:43:54-37:fd:84:bf:2b:b3-e1:15:55:9b:27:98',159,NULL,NULL,2,NULL,NULL,NULL,NULL,'2016-12-10','Facere omnis ea rerum vero illo molestiae ad veniam.',NULL,0,0,0,0,1,0,NULL,NULL,NULL,NULL,NULL,'--- !ruby/hash:ActiveSupport::HashWithIndifferentAccess\nlicense_type: single_workplace\nactivation_type: serial_number\noperating_system:\n- windows\n- linux\ninstallation:\n- citrix\n- web\nprocured_by: Nora Sawayn\nreference: invoice\nmaintenance_contract: \'false\'\n','2016-12-10 15:30:24','2016-12-10 15:30:24'),(162,'7mrw7hxcmw1l4e243ysk78','71:8d:a9:47:25:56-f8:15:4b:fc:cf:a1-9e:9b:1d:ea:b8:d1',160,NULL,NULL,2,NULL,NULL,NULL,NULL,NULL,NULL,NULL,0,0,1,0,2,0,NULL,NULL,NULL,NULL,NULL,'--- !ruby/hash:ActiveSupport::HashWithIndifferentAccess\nlicense_type: single_workplace\nactivation_type: serial_number\noperating_system:\n- windows\n- linux\ninstallation:\n- citrix\n- web\nreference: invoice\nmaintenance_contract: \'false\'\n','2016-12-10 15:30:24','2016-12-10 15:30:24'),(163,'i20wr1dso2wxujz3xv7o79','0d:95:7e:f5:63:cd-0c:88:a3:0e:5a:e4-14:fe:0d:29:23:cf',161,NULL,NULL,1,NULL,NULL,'2016-12-10',NULL,NULL,NULL,NULL,0,0,0,0,1,0,NULL,NULL,NULL,NULL,NULL,'--- !ruby/hash:ActiveSupport::HashWithIndifferentAccess\nlicense_expiration: \'2016-12-10\'\nmaintenance_contract: \'true\'\nmaintenance_expiration: \'2016-12-10\'\nreference: invoice\nactivation_type: none\nlicense_type: free\n','2016-12-10 15:30:24','2016-12-10 15:30:24'),(164,'sckuao0soaneq0c1mfo280','1f:ac:be:8a:a1:c2-6f:9f:a4:94:09:70-eb:a2:85:eb:84:05',162,NULL,NULL,1,NULL,NULL,NULL,NULL,NULL,NULL,NULL,0,0,0,0,1,0,NULL,NULL,NULL,NULL,NULL,'--- !ruby/hash:ActiveSupport::HashWithIndifferentAccess\nquantity_allocations:\n- !ruby/hash:ActiveSupport::HashWithIndifferentAccess\n  room: hic\n  quantity: 47\n- !ruby/hash:ActiveSupport::HashWithIndifferentAccess\n  room: ab\n  quantity: 25\nreference: invoice\nactivation_type: none\nlicense_type: free\nmaintenance_contract: \'false\'\n','2016-12-10 15:30:24','2016-12-10 15:30:24'),(165,'rirh4tjabb4mw1zsdxuh81','25:cd:60:cf:95:d5-80:e4:13:06:3e:42-2f:b5:be:5d:30:41',164,NULL,NULL,1,NULL,NULL,NULL,NULL,NULL,NULL,NULL,0,0,0,0,1,0,NULL,NULL,NULL,NULL,NULL,'--- !ruby/hash:ActiveSupport::HashWithIndifferentAccess\noperating_system:\n- windows\nlicense_type: site_license\ntotal_quantity: 181\nquantity_allocations:\n- !ruby/hash:ActiveSupport::HashWithIndifferentAccess\n  room: est\n  quantity: 39\n- !ruby/hash:ActiveSupport::HashWithIndifferentAccess\n  room: nostrum\n  quantity: 2\nreference: invoice\nactivation_type: none\nmaintenance_contract: \'false\'\n','2016-12-10 15:30:24','2016-12-10 15:30:24'),(166,'aod6q0wzq30w8wposvq982','4a:c6:29:6b:db:70-26:81:01:96:9f:04-88:6c:e7:36:eb:5e',166,71,153,2,NULL,NULL,'2012-01-08','2016-12-04',NULL,NULL,'347.00',0,0,1,0,1,1,NULL,NULL,NULL,NULL,NULL,'--- !ruby/hash:ActiveSupport::HashWithIndifferentAccess\nanschaffungskategorie: AV-Technik\nreference: invoice\numzug: zgeln\nankunftszustand: intakt\n','2016-12-04 10:33:15','2016-12-04 10:33:15'),(167,'cbdhq9ixwdsduyr7255e83','55:e9:46:d2:fd:4c-5c:d2:2d:9d:32:68-f0:c9:3b:9f:ee:60',167,72,154,1,NULL,NULL,'2015-11-25','2016-12-04',NULL,NULL,'410.00',0,0,1,0,1,1,NULL,NULL,NULL,NULL,NULL,'--- !ruby/hash:ActiveSupport::HashWithIndifferentAccess\nanschaffungskategorie: AV-Technik\nreference: invoice\numzug: zgeln\nankunftszustand: intakt\n','2016-12-04 10:33:15','2016-12-04 10:33:15'),(168,'bqo372nrc2hrkub9u5h784','ae:71:55:85:65:cf-6d:e0:f5:9c:9b:7f-ce:2a:bc:f6:37:90',168,73,155,6,NULL,NULL,'2012-07-06','2016-12-04',NULL,NULL,'61.00',0,0,1,0,1,1,NULL,NULL,NULL,NULL,NULL,'--- !ruby/hash:ActiveSupport::HashWithIndifferentAccess\nanschaffungskategorie: AV-Technik\nreference: invoice\numzug: zgeln\nankunftszustand: intakt\n','2016-12-04 10:33:15','2016-12-04 10:33:15'),(169,'bav0003b93lmvqfmjnru85','43:f5:51:5c:1b:98-6d:0b:18:05:a2:fe-37:d0:38:f1:91:5f',169,74,156,11,NULL,NULL,'2013-04-11','2016-12-04',NULL,NULL,'543.00',0,0,1,0,1,1,NULL,NULL,NULL,NULL,NULL,'--- !ruby/hash:ActiveSupport::HashWithIndifferentAccess\nanschaffungskategorie: AV-Technik\nreference: invoice\numzug: zgeln\nankunftszustand: intakt\n','2016-12-04 10:33:15','2016-12-04 10:33:15'),(170,'gb8mut3ouw5pogfnf7rf86','75:a3:5b:b2:f7:dc-6d:b0:3c:81:6a:d1-51:19:77:67:4a:5f',170,75,157,9,NULL,NULL,'2011-05-19','2016-12-04',NULL,NULL,'812.00',0,0,1,0,1,1,NULL,NULL,NULL,NULL,NULL,'--- !ruby/hash:ActiveSupport::HashWithIndifferentAccess\nanschaffungskategorie: AV-Technik\nreference: invoice\numzug: zgeln\nankunftszustand: intakt\n','2016-12-04 10:33:15','2016-12-04 10:33:15'),(171,'492ag37bil8xmefm083287','5a:11:82:31:06:bb-de:2e:10:44:76:1f-bf:69:06:7c:51:4d',170,76,158,5,NULL,NULL,'2015-09-30','2016-12-04',NULL,NULL,'1381.00',0,0,1,0,1,1,NULL,NULL,NULL,NULL,NULL,'--- !ruby/hash:ActiveSupport::HashWithIndifferentAccess\nanschaffungskategorie: AV-Technik\nreference: invoice\numzug: zgeln\nankunftszustand: intakt\n','2016-12-04 10:33:15','2016-12-04 10:33:15'),(172,'b4xj8chgcoelzghuxq0i88','1f:9f:3b:9f:6d:9c-49:6d:44:e2:40:11-09:0c:a8:df:4a:32',170,77,159,10,NULL,NULL,'2011-10-05','2016-12-04',NULL,NULL,'325.00',0,0,1,0,1,1,NULL,NULL,NULL,NULL,NULL,'--- !ruby/hash:ActiveSupport::HashWithIndifferentAccess\nanschaffungskategorie: AV-Technik\nreference: invoice\numzug: zgeln\nankunftszustand: intakt\n','2016-12-04 10:33:15','2016-12-04 10:33:15'),(173,'9f83x730kg7op6qoshnq89','6b:a2:5d:39:17:8c-55:f9:89:9c:d2:00-10:e7:c4:76:ff:ff',174,78,160,9,NULL,NULL,'2012-02-09','2016-12-04',NULL,NULL,'272.00',0,0,1,0,1,1,NULL,NULL,NULL,NULL,NULL,'--- !ruby/hash:ActiveSupport::HashWithIndifferentAccess\nanschaffungskategorie: AV-Technik\nreference: invoice\numzug: zgeln\nankunftszustand: intakt\n','2016-12-04 10:33:15','2016-12-04 10:33:15'),(174,'ivy8kv0qd9xvqzvxu4jb90','b0:bd:0d:98:44:c8-15:37:e6:b4:ad:2d-2d:95:62:93:c1:73',175,79,161,4,NULL,NULL,'2014-10-17','2016-12-04',NULL,NULL,'201.00',0,0,1,0,1,1,NULL,NULL,NULL,NULL,NULL,'--- !ruby/hash:ActiveSupport::HashWithIndifferentAccess\nanschaffungskategorie: AV-Technik\nreference: invoice\numzug: zgeln\nankunftszustand: intakt\n','2016-12-04 10:33:15','2016-12-04 10:33:15'),(175,'e8haxrz0wqn82jcza9gj91','3c:60:a9:59:29:11-ed:35:a4:8e:88:81-63:b3:f8:fc:6f:72',176,80,162,7,NULL,NULL,'2011-06-22','2016-12-04',NULL,NULL,'1015.00',0,0,1,0,1,1,NULL,NULL,NULL,NULL,NULL,'--- !ruby/hash:ActiveSupport::HashWithIndifferentAccess\nanschaffungskategorie: AV-Technik\nreference: invoice\numzug: zgeln\nankunftszustand: intakt\n','2016-12-04 10:33:15','2016-12-04 10:33:15'),(176,'4g6x43vqgtyiexuyvn6392','d4:7b:e0:5c:85:a0-93:58:5d:ff:06:50-59:9e:79:6d:a5:10',177,81,163,4,NULL,NULL,'2015-01-08','2016-12-04',NULL,NULL,'699.00',0,0,1,0,1,1,NULL,NULL,NULL,NULL,NULL,'--- !ruby/hash:ActiveSupport::HashWithIndifferentAccess\nanschaffungskategorie: AV-Technik\nreference: invoice\numzug: zgeln\nankunftszustand: intakt\n','2016-12-04 10:33:15','2016-12-04 10:33:15'),(177,'qloc1uy9e9mjgvjylmf793','2a:fa:82:46:b6:ba-83:81:eb:0c:17:47-f4:16:fc:fd:4d:b9',177,82,164,5,NULL,NULL,'2012-12-12','2016-12-04',NULL,NULL,'1121.00',0,0,1,0,1,1,NULL,NULL,NULL,NULL,NULL,'--- !ruby/hash:ActiveSupport::HashWithIndifferentAccess\nanschaffungskategorie: AV-Technik\nreference: invoice\numzug: zgeln\nankunftszustand: intakt\n','2016-12-04 10:33:15','2016-12-04 10:33:15'),(178,'p6uu3v94ia9vimbijwme94','28:46:b9:3e:8c:09-87:67:0d:84:02:43-05:f8:21:17:0f:e7',177,83,165,1,NULL,NULL,'2012-02-16','2016-12-04',NULL,NULL,'597.00',0,0,1,0,1,1,NULL,NULL,NULL,NULL,NULL,'--- !ruby/hash:ActiveSupport::HashWithIndifferentAccess\nanschaffungskategorie: AV-Technik\nreference: invoice\numzug: zgeln\nankunftszustand: intakt\n','2016-12-04 10:33:15','2016-12-04 10:33:15'),(179,'zqau6t9g4xku3dlptc1n95','02:77:92:df:48:73-7e:2f:8c:20:98:cb-45:c2:0d:ef:0e:d3',181,84,166,1,NULL,NULL,'2011-06-21','2016-12-04',NULL,NULL,'1199.00',0,0,1,0,1,1,NULL,NULL,NULL,NULL,NULL,'--- !ruby/hash:ActiveSupport::HashWithIndifferentAccess\nanschaffungskategorie: AV-Technik\nreference: invoice\numzug: zgeln\nankunftszustand: intakt\n','2016-12-04 10:33:15','2016-12-04 10:33:15'),(180,'9zqbvj29xsz17r0gvvu196','72:48:3c:59:8b:6c-e9:c7:41:b8:11:ef-ff:17:ce:0a:73:cb',182,85,167,2,NULL,NULL,'2013-07-06','2016-12-04',NULL,NULL,'1151.00',0,0,1,0,1,1,NULL,NULL,NULL,NULL,NULL,'--- !ruby/hash:ActiveSupport::HashWithIndifferentAccess\nanschaffungskategorie: AV-Technik\nreference: invoice\numzug: zgeln\nankunftszustand: intakt\n','2016-12-04 10:33:15','2016-12-04 10:33:15'),(181,'t80ofh3gxdabm6bctchy97','f4:18:2c:69:ab:21-8c:83:db:dc:cb:59-e8:ad:7a:36:2a:42',183,86,168,11,NULL,NULL,'2015-05-26','2016-12-04',NULL,NULL,'984.00',0,0,1,0,1,1,NULL,NULL,NULL,NULL,NULL,'--- !ruby/hash:ActiveSupport::HashWithIndifferentAccess\nanschaffungskategorie: AV-Technik\nreference: invoice\numzug: zgeln\nankunftszustand: intakt\n','2016-12-04 10:33:15','2016-12-04 10:33:15'),(182,'hg12glh04k7linbgwm5398','ea:e1:6c:2f:60:b7-d1:c5:be:24:91:fe-0d:e6:ca:0e:89:12',184,87,169,10,NULL,NULL,'2012-10-28','2016-12-04',NULL,NULL,'1169.00',0,0,1,0,1,1,NULL,NULL,NULL,NULL,NULL,'--- !ruby/hash:ActiveSupport::HashWithIndifferentAccess\nanschaffungskategorie: AV-Technik\nreference: invoice\numzug: zgeln\nankunftszustand: intakt\n','2016-12-04 10:33:16','2016-12-04 10:33:16'),(183,'7fag1ihxi61nxo7tiu2499','ef:5a:3d:24:8f:8c-d9:99:bf:02:0e:bb-57:55:3c:5e:27:4c',184,88,170,5,NULL,NULL,'2014-01-21','2016-12-04',NULL,NULL,'168.00',0,0,1,0,1,1,NULL,NULL,NULL,NULL,NULL,'--- !ruby/hash:ActiveSupport::HashWithIndifferentAccess\nanschaffungskategorie: AV-Technik\nreference: invoice\numzug: zgeln\nankunftszustand: intakt\n','2016-12-04 10:33:16','2016-12-04 10:33:16'),(184,'h32kpr0ia8v12k2a1yoj100','7a:94:97:df:33:a5-53:23:b8:07:32:99-6c:5d:eb:80:b1:b0',184,89,171,6,NULL,NULL,'2012-10-15','2016-12-04',NULL,NULL,'888.00',0,0,1,0,1,1,NULL,NULL,NULL,NULL,NULL,'--- !ruby/hash:ActiveSupport::HashWithIndifferentAccess\nanschaffungskategorie: AV-Technik\nreference: invoice\numzug: zgeln\nankunftszustand: intakt\n','2016-12-04 10:33:16','2016-12-04 10:33:16'),(185,'xe621p6ssf7taygdlgk6101','45:50:7d:e4:d3:93-60:7f:60:cb:21:af-6e:59:49:a8:ef:b9',188,90,172,8,NULL,NULL,'2014-08-10','2016-12-05',NULL,NULL,'1322.00',0,0,1,0,1,1,NULL,NULL,NULL,NULL,NULL,'--- !ruby/hash:ActiveSupport::HashWithIndifferentAccess\nanschaffungskategorie: AV-Technik\nreference: invoice\numzug: zgeln\nankunftszustand: intakt\n','2016-12-05 09:57:00','2016-12-05 09:57:00'),(186,'0xj2uplhc8yxh4884ahp102','35:cf:22:c0:15:0d-68:c9:8e:ec:b1:2a-61:f6:41:b1:1a:60',189,91,173,9,NULL,NULL,'2014-01-12','2016-12-05',NULL,NULL,'1089.00',0,0,1,0,1,1,NULL,NULL,NULL,NULL,NULL,'--- !ruby/hash:ActiveSupport::HashWithIndifferentAccess\nanschaffungskategorie: AV-Technik\nreference: invoice\numzug: zgeln\nankunftszustand: intakt\n','2016-12-05 09:57:00','2016-12-05 09:57:00'),(187,'y5rx0ptao1kaqcmm7jly103','97:59:a5:b0:bf:5f-02:87:1f:25:f8:da-0f:15:3e:c5:03:b2',190,92,174,5,NULL,NULL,'2011-12-15','2016-12-05',NULL,NULL,'254.00',0,0,1,0,1,1,NULL,NULL,NULL,NULL,NULL,'--- !ruby/hash:ActiveSupport::HashWithIndifferentAccess\nanschaffungskategorie: AV-Technik\nreference: invoice\numzug: zgeln\nankunftszustand: intakt\n','2016-12-05 09:57:00','2016-12-05 09:57:00'),(188,'46f52af367ha0fdt0mng104','72:c5:1d:c2:4d:0e-f9:3e:91:4a:cc:f2-16:bd:a8:54:4c:00',191,93,175,5,NULL,NULL,'2011-08-01','2016-12-05',NULL,NULL,'1044.00',0,0,1,0,1,1,NULL,NULL,NULL,NULL,NULL,'--- !ruby/hash:ActiveSupport::HashWithIndifferentAccess\nanschaffungskategorie: AV-Technik\nreference: invoice\numzug: zgeln\nankunftszustand: intakt\n','2016-12-05 09:57:00','2016-12-05 09:57:00'),(189,'28m5unqy4msqcplj4czd105','5f:9d:ed:63:5b:9b-98:8d:fd:1d:41:e7-ad:06:d9:98:25:c3',192,94,176,9,NULL,NULL,'2015-09-04','2016-12-05',NULL,NULL,'719.00',0,0,1,0,1,1,NULL,NULL,NULL,NULL,NULL,'--- !ruby/hash:ActiveSupport::HashWithIndifferentAccess\nanschaffungskategorie: AV-Technik\nreference: invoice\numzug: zgeln\nankunftszustand: intakt\n','2016-12-05 09:57:00','2016-12-05 09:57:00'),(190,'m4syb7nj3hp2t3us7bpm106','8f:a2:b8:1d:b6:78-01:63:77:c0:61:47-f0:2a:f7:99:fe:7c',193,95,177,4,NULL,NULL,'2013-07-01','2016-12-07',NULL,NULL,'994.00',0,0,1,0,1,1,NULL,NULL,NULL,NULL,NULL,'--- !ruby/hash:ActiveSupport::HashWithIndifferentAccess\nanschaffungskategorie: AV-Technik\nreference: invoice\numzug: zgeln\nankunftszustand: intakt\n','2016-12-07 00:56:05','2016-12-07 00:56:05'),(191,'v1u1dy7j2swjh1shp2vf107','0b:1c:f4:df:3b:8e-0f:82:70:09:80:0c-05:99:d8:3d:1e:75',194,96,178,10,NULL,NULL,'2012-10-08','2016-12-07',NULL,NULL,'572.00',0,0,1,0,1,1,NULL,NULL,NULL,NULL,NULL,'--- !ruby/hash:ActiveSupport::HashWithIndifferentAccess\nanschaffungskategorie: AV-Technik\nreference: invoice\numzug: zgeln\nankunftszustand: intakt\n','2016-12-07 00:56:05','2016-12-07 00:56:05'),(192,'vxi33xj7siqvenzp8rhk108','b8:92:2f:60:2a:ef-7c:2a:29:a2:a9:e5-d5:e9:e2:4d:07:87',195,97,179,11,NULL,NULL,'2012-07-21','2016-12-07',NULL,NULL,'292.00',0,0,1,0,1,1,NULL,NULL,NULL,NULL,NULL,'--- !ruby/hash:ActiveSupport::HashWithIndifferentAccess\nanschaffungskategorie: AV-Technik\nreference: invoice\numzug: zgeln\nankunftszustand: intakt\n','2016-12-07 00:56:05','2016-12-07 00:56:05'),(193,'m37wxozrhliyaxxh3dso109','3a:42:15:51:0a:9e-ed:bc:65:99:74:63-48:01:ed:4f:61:dc',196,98,180,11,NULL,NULL,'2012-03-04','2016-12-07',NULL,NULL,'923.00',0,0,1,0,1,1,NULL,NULL,NULL,NULL,NULL,'--- !ruby/hash:ActiveSupport::HashWithIndifferentAccess\nanschaffungskategorie: AV-Technik\nreference: invoice\numzug: zgeln\nankunftszustand: intakt\n','2016-12-07 00:56:05','2016-12-07 00:56:05'),(194,'y80rjutxoxgl5wsg7f47110','67:ab:36:51:bd:07-c5:7d:ef:37:9b:50-53:55:4e:a4:fe:84',197,99,181,3,NULL,NULL,'2015-12-11','2016-12-07',NULL,NULL,'636.00',0,0,1,0,1,1,NULL,NULL,NULL,NULL,NULL,'--- !ruby/hash:ActiveSupport::HashWithIndifferentAccess\nanschaffungskategorie: AV-Technik\nreference: invoice\numzug: zgeln\nankunftszustand: intakt\n','2016-12-07 00:56:05','2016-12-07 00:56:05'),(195,'8n92ien24y72nvrrmoom111','45:87:59:6a:db:9f-d8:65:1e:c7:04:5a-fd:67:8e:d2:78:6f',197,100,182,10,NULL,NULL,'2015-04-26','2016-12-07',NULL,NULL,'389.00',0,0,1,0,1,1,NULL,NULL,NULL,NULL,NULL,'--- !ruby/hash:ActiveSupport::HashWithIndifferentAccess\nanschaffungskategorie: AV-Technik\nreference: invoice\numzug: zgeln\nankunftszustand: intakt\n','2016-12-07 00:56:05','2016-12-07 00:56:05'),(196,'zzxachh9e9vbvoy5yrin112','55:1e:ad:15:57:67-58:65:be:76:2f:98-31:24:0c:45:c0:15',197,101,183,4,NULL,NULL,'2014-10-21','2016-12-07',NULL,NULL,'107.00',0,0,1,0,1,1,NULL,NULL,NULL,NULL,NULL,'--- !ruby/hash:ActiveSupport::HashWithIndifferentAccess\nanschaffungskategorie: AV-Technik\nreference: invoice\numzug: zgeln\nankunftszustand: intakt\n','2016-12-07 00:56:05','2016-12-07 00:56:05'),(197,'cwz3mvdha9c734055u52113','c7:5f:1f:a7:bf:fb-c9:95:50:c2:0d:e5-96:03:df:1c:d6:66',201,102,184,5,NULL,NULL,'2013-11-18','2016-12-10',NULL,NULL,'941.00',0,0,1,0,1,1,NULL,NULL,NULL,NULL,NULL,'--- !ruby/hash:ActiveSupport::HashWithIndifferentAccess\nanschaffungskategorie: AV-Technik\nreference: invoice\numzug: zgeln\nankunftszustand: intakt\n','2016-12-10 15:30:24','2016-12-10 15:30:24'),(198,'axf9ruk254eyga1sjlhw114','fa:e6:28:cb:c1:af-3a:0f:82:70:bd:be-65:c2:ce:2c:ca:a6',202,103,185,10,NULL,NULL,'2012-06-24','2016-12-10',NULL,NULL,'1454.00',0,0,1,0,1,1,NULL,NULL,NULL,NULL,NULL,'--- !ruby/hash:ActiveSupport::HashWithIndifferentAccess\nanschaffungskategorie: AV-Technik\nreference: invoice\numzug: zgeln\nankunftszustand: intakt\n','2016-12-10 15:30:24','2016-12-10 15:30:24'),(199,'a62rbtytr6mvhn87pqwd115','5f:37:57:e7:a7:b3-2f:a2:e7:14:93:52-e7:42:01:55:48:49',203,104,186,1,NULL,NULL,'2013-03-03','2016-12-10',NULL,NULL,'971.00',0,0,1,0,1,1,NULL,NULL,NULL,NULL,NULL,'--- !ruby/hash:ActiveSupport::HashWithIndifferentAccess\nanschaffungskategorie: AV-Technik\nreference: invoice\numzug: zgeln\nankunftszustand: intakt\n','2016-12-10 15:30:24','2016-12-10 15:30:24'),(200,'midn7i6xtelbspqo9a4h116','d9:25:90:c6:bf:f0-68:c9:ab:fc:79:e1-36:3a:ae:c0:8b:b2',204,105,187,2,NULL,NULL,'2013-05-22','2016-12-10',NULL,NULL,'224.00',0,0,1,0,1,1,NULL,NULL,NULL,NULL,NULL,'--- !ruby/hash:ActiveSupport::HashWithIndifferentAccess\nanschaffungskategorie: AV-Technik\nreference: invoice\numzug: zgeln\nankunftszustand: intakt\n','2016-12-10 15:30:24','2016-12-10 15:30:24'),(201,'75xniopuobyy3xyuj249117','92:92:de:e9:c5:88-b4:3a:06:04:57:1a-f8:9a:09:b2:9a:87',205,106,188,6,NULL,NULL,'2011-08-18','2016-12-10',NULL,NULL,'896.00',0,0,1,0,1,1,NULL,NULL,NULL,NULL,NULL,'--- !ruby/hash:ActiveSupport::HashWithIndifferentAccess\nanschaffungskategorie: AV-Technik\nreference: invoice\numzug: zgeln\nankunftszustand: intakt\n','2016-12-10 15:30:24','2016-12-10 15:30:24'),(202,'wu72e8262clr8n8ynfpb118','af:17:f0:fc:69:97-e6:0c:d6:10:8a:d4-2d:4b:8a:97:46:7e',206,107,189,10,NULL,NULL,'2014-06-18','2016-12-10',NULL,NULL,'345.00',0,0,1,0,1,1,NULL,NULL,NULL,NULL,NULL,'--- !ruby/hash:ActiveSupport::HashWithIndifferentAccess\nanschaffungskategorie: AV-Technik\nreference: invoice\numzug: zgeln\nankunftszustand: intakt\n','2016-12-10 15:30:24','2016-12-10 15:30:24'),(203,'q0tespq981uryof55rt4119','ca:b7:36:ce:4b:bd-2d:9f:f8:a2:6c:32-72:a0:b6:64:5f:89',206,108,190,6,NULL,NULL,'2012-06-10','2016-12-10',NULL,NULL,'1053.00',0,0,1,0,1,1,NULL,NULL,NULL,NULL,NULL,'--- !ruby/hash:ActiveSupport::HashWithIndifferentAccess\nanschaffungskategorie: AV-Technik\nreference: invoice\numzug: zgeln\nankunftszustand: intakt\n','2016-12-10 15:30:24','2016-12-10 15:30:24'),(204,'zuurq8pjqoby7rros8vu120','99:73:f9:04:24:ac-8d:c2:74:60:fc:9b-3e:d1:3d:9f:bf:10',206,109,191,7,NULL,NULL,'2014-07-02','2016-12-10',NULL,NULL,'1431.00',0,0,1,0,1,1,NULL,NULL,NULL,NULL,NULL,'--- !ruby/hash:ActiveSupport::HashWithIndifferentAccess\nanschaffungskategorie: AV-Technik\nreference: invoice\numzug: zgeln\nankunftszustand: intakt\n','2016-12-10 15:30:24','2016-12-10 15:30:24'),(205,'0p2lkk7r6ytin83ue9ke121','c8:d9:f8:e0:ef:a8-47:eb:8a:1a:2f:91-26:3c:ee:c3:00:36',210,110,192,4,NULL,NULL,'2015-02-04','2016-12-10',NULL,NULL,'1409.00',0,0,1,0,1,1,NULL,NULL,NULL,NULL,NULL,'--- !ruby/hash:ActiveSupport::HashWithIndifferentAccess\nanschaffungskategorie: AV-Technik\nreference: invoice\numzug: zgeln\nankunftszustand: intakt\n','2016-12-10 15:30:24','2016-12-10 15:30:24'),(206,'bu1l9gxni111p4ksysaa122','7a:b3:be:aa:67:d4-fe:1d:ed:62:c3:b9-44:0c:80:d5:15:20',211,111,193,11,NULL,NULL,'2013-02-03','2016-12-10',NULL,NULL,'594.00',0,0,1,0,1,1,NULL,NULL,NULL,NULL,NULL,'--- !ruby/hash:ActiveSupport::HashWithIndifferentAccess\nanschaffungskategorie: AV-Technik\nreference: invoice\numzug: zgeln\nankunftszustand: intakt\n','2016-12-10 15:30:24','2016-12-10 15:30:24'),(207,'i1vlpij237anagkg3bi3123','fd:07:a0:f3:4f:21-58:02:d3:c9:05:62-8f:ac:3d:6e:3c:fa',212,112,194,3,NULL,NULL,'2012-01-24','2016-12-10',NULL,NULL,'1350.00',0,0,1,0,1,1,NULL,NULL,NULL,NULL,NULL,'--- !ruby/hash:ActiveSupport::HashWithIndifferentAccess\nanschaffungskategorie: AV-Technik\nreference: invoice\numzug: zgeln\nankunftszustand: intakt\n','2016-12-10 15:30:24','2016-12-10 15:30:24'),(208,'rucmagdrc7zjzp88pvva124','a6:b7:3a:ed:a9:6d-0b:53:64:4e:25:48-12:cf:a0:2d:36:75',213,113,195,3,NULL,NULL,'2011-10-29','2016-12-10',NULL,NULL,'1141.00',0,0,1,0,1,1,NULL,NULL,NULL,NULL,NULL,'--- !ruby/hash:ActiveSupport::HashWithIndifferentAccess\nanschaffungskategorie: AV-Technik\nreference: invoice\numzug: zgeln\nankunftszustand: intakt\n','2016-12-10 15:30:24','2016-12-10 15:30:24'),(209,'6wuxoavdg24xi36tuffy125','3d:0d:f4:b0:46:f1-b3:e8:e8:f0:f2:03-ad:e4:c4:10:e6:78',214,114,196,9,NULL,NULL,'2015-08-27','2016-12-10',NULL,NULL,'1411.00',0,0,1,0,1,1,NULL,NULL,NULL,NULL,NULL,'--- !ruby/hash:ActiveSupport::HashWithIndifferentAccess\nanschaffungskategorie: AV-Technik\nreference: invoice\numzug: zgeln\nankunftszustand: intakt\n','2016-12-10 15:30:24','2016-12-10 15:30:24'),(210,'e95a15qsd2frkha0ja9u126','ed:f8:71:e8:62:7a-da:20:8e:18:26:04-80:01:39:c5:8f:27',215,115,197,10,NULL,NULL,'2015-05-28','2016-12-10',NULL,NULL,'1484.00',0,0,1,0,1,1,NULL,NULL,NULL,NULL,NULL,'--- !ruby/hash:ActiveSupport::HashWithIndifferentAccess\nanschaffungskategorie: AV-Technik\nreference: invoice\numzug: zgeln\nankunftszustand: intakt\n','2016-12-10 15:30:24','2016-12-10 15:30:24'),(211,'0gpja8zud0y4j2l8dktk127','8e:e6:ed:8a:c3:a4-b1:e1:a4:cd:42:a5-00:62:e5:ab:30:0d',216,116,198,2,NULL,NULL,'2013-05-06','2016-12-10',NULL,NULL,'1298.00',0,0,1,0,1,1,NULL,NULL,NULL,NULL,NULL,'--- !ruby/hash:ActiveSupport::HashWithIndifferentAccess\nanschaffungskategorie: AV-Technik\nreference: invoice\numzug: zgeln\nankunftszustand: intakt\n','2016-12-10 15:30:24','2016-12-10 15:30:24'),(212,'w5cv3ch0rkrwhwsx7c27128','55:19:8e:78:d5:b7-f9:c8:a0:4a:69:25-ee:df:a5:b4:07:cf',217,117,199,11,NULL,NULL,'2011-01-19','2016-12-10',NULL,NULL,'200.00',0,0,1,0,1,1,NULL,NULL,NULL,NULL,NULL,'--- !ruby/hash:ActiveSupport::HashWithIndifferentAccess\nanschaffungskategorie: AV-Technik\nreference: invoice\numzug: zgeln\nankunftszustand: intakt\n','2016-12-10 15:30:24','2016-12-10 15:30:24'),(213,'f4vm7odxtpj5hp6f5uvs129','cf:3a:08:98:10:5b-a7:f5:d8:74:60:3c-ec:04:1d:b2:33:e2',218,118,200,2,NULL,NULL,'2012-12-06','2016-12-10',NULL,NULL,'1431.00',0,0,1,0,1,1,NULL,NULL,NULL,NULL,NULL,'--- !ruby/hash:ActiveSupport::HashWithIndifferentAccess\nanschaffungskategorie: AV-Technik\nreference: invoice\numzug: zgeln\nankunftszustand: intakt\n','2016-12-10 15:30:24','2016-12-10 15:30:24'),(214,'wmf198ogzraihdnzdglj130','02:5a:3a:21:7f:79-9e:63:bf:33:6a:6f-c6:d0:05:13:59:03',219,119,201,7,NULL,NULL,'2012-07-02','2016-12-10',NULL,NULL,'699.00',0,0,1,0,1,1,NULL,NULL,NULL,NULL,NULL,'--- !ruby/hash:ActiveSupport::HashWithIndifferentAccess\nanschaffungskategorie: AV-Technik\nreference: invoice\numzug: zgeln\nankunftszustand: intakt\n','2016-12-10 15:30:24','2016-12-10 15:30:24'),(215,'9qjyo0p8tsk96u6eqig5131','eb:66:25:4b:8e:8f-94:f8:d6:0c:64:26-f4:29:3f:cf:3d:a7',220,120,202,5,NULL,NULL,'2013-04-20','2016-12-10',NULL,NULL,'102.00',0,0,1,0,1,1,NULL,NULL,NULL,NULL,NULL,'--- !ruby/hash:ActiveSupport::HashWithIndifferentAccess\nanschaffungskategorie: AV-Technik\nreference: invoice\numzug: zgeln\nankunftszustand: intakt\n','2016-12-10 15:30:24','2016-12-10 15:30:24'),(216,'2jqg483rgkhnyjjbn1k9132','e6:41:a6:fe:7c:77-e3:df:39:4d:87:91-ab:77:e0:94:ec:07',221,121,203,7,NULL,NULL,'2012-07-25','2016-12-10',NULL,NULL,'258.00',0,0,1,0,1,1,NULL,NULL,NULL,NULL,NULL,'--- !ruby/hash:ActiveSupport::HashWithIndifferentAccess\nanschaffungskategorie: AV-Technik\nreference: invoice\numzug: zgeln\nankunftszustand: intakt\n','2016-12-10 15:30:24','2016-12-10 15:30:24'),(217,'uou423yd3th4zkav3hyx133','68:9d:14:6e:3a:f9-ed:bb:8b:4b:88:0b-f8:38:74:c4:4b:36',222,122,204,1,NULL,NULL,'2015-03-06','2016-12-10',NULL,NULL,'914.00',0,0,1,0,1,1,NULL,NULL,NULL,NULL,NULL,'--- !ruby/hash:ActiveSupport::HashWithIndifferentAccess\nanschaffungskategorie: AV-Technik\nreference: invoice\numzug: zgeln\nankunftszustand: intakt\n','2016-12-10 15:30:24','2016-12-10 15:30:24'),(218,'ws1mur0icmzr8kgucxbm134','c1:70:91:08:65:3f-9a:7a:c1:2a:df:fc-23:99:06:33:04:43',223,NULL,NULL,1,NULL,NULL,NULL,NULL,NULL,NULL,NULL,0,0,1,0,1,0,NULL,NULL,NULL,NULL,NULL,'--- !ruby/hash:ActiveSupport::HashWithIndifferentAccess\nlicense_type: single_workplace\nactivation_type: serial_number\noperating_system:\n- windows\n- linux\ninstallation:\n- citrix\n- web\nprocured_by: Garland Lubowitz\nreference: invoice\nmaintenance_contract: \'false\'\n','2016-12-10 15:30:24','2016-12-10 15:30:24'),(219,'jic01n6methl9544atxl135','29:98:af:a7:62:7f-04:b1:af:ce:66:9b-ad:0a:a9:6f:5c:64',224,123,205,8,NULL,NULL,'2015-08-16','2016-12-05',NULL,NULL,'684.00',0,0,1,0,2,1,NULL,NULL,NULL,NULL,NULL,'--- !ruby/hash:ActiveSupport::HashWithIndifferentAccess\nanschaffungskategorie: AV-Technik\nreference: invoice\numzug: zgeln\nankunftszustand: intakt\n','2016-12-05 00:00:00','2016-12-05 00:00:00'),(220,'qcsgosk2dnypdrd2z0md136','6c:fa:43:0c:65:c1-12:3a:40:b0:3c:a6-fc:a8:d5:74:ef:0f',224,124,206,9,NULL,NULL,'2013-11-12','2016-12-05',NULL,NULL,'1211.00',0,0,1,0,2,1,NULL,NULL,NULL,NULL,NULL,'--- !ruby/hash:ActiveSupport::HashWithIndifferentAccess\nanschaffungskategorie: AV-Technik\nreference: invoice\numzug: zgeln\nankunftszustand: intakt\n','2016-12-05 00:00:00','2016-12-05 00:00:00'),(221,'ch8ezlb26euxcvjwz9l9137','e8:df:86:f4:87:48-e1:c1:c8:03:b2:b7-2c:0c:ab:30:f5:4a',224,125,207,1,NULL,NULL,'2014-01-05','2016-12-05',NULL,NULL,'979.00',0,0,1,0,2,1,NULL,NULL,NULL,NULL,NULL,'--- !ruby/hash:ActiveSupport::HashWithIndifferentAccess\nanschaffungskategorie: AV-Technik\nreference: invoice\numzug: zgeln\nankunftszustand: intakt\n','2016-12-05 00:00:00','2016-12-05 00:00:00'),(222,'su7141ww52qxyi0huf99138','cf:53:90:9e:ff:84-7e:2d:be:cd:4c:5e-86:4d:5d:c1:73:7c',228,126,208,1,NULL,NULL,'2014-11-06','2016-12-10','2016-12-10','Error nisi vel impedit voluptatem.','641.00',0,0,1,0,1,1,NULL,NULL,NULL,NULL,NULL,'--- !ruby/hash:ActiveSupport::HashWithIndifferentAccess\nanschaffungskategorie: AV-Technik\nreference: invoice\numzug: zgeln\nankunftszustand: intakt\n','2016-12-10 15:30:24','2016-12-10 15:30:24'),(223,'0xu7ojcsag33k47ad7bg139','71:97:72:f5:22:7a-fe:75:b6:2a:e4:ea-99:22:3a:22:24:a1',229,127,209,2,NULL,NULL,'2014-12-24','2016-12-10',NULL,NULL,'298.00',0,0,1,0,2,1,NULL,NULL,NULL,NULL,NULL,'--- !ruby/hash:ActiveSupport::HashWithIndifferentAccess\nanschaffungskategorie: AV-Technik\nreference: invoice\numzug: zgeln\nankunftszustand: intakt\n','2016-12-10 15:30:24','2016-12-10 15:30:24'),(224,'pd913v5fz3cqmq64g81g140','68:2a:07:2f:ec:f1-4b:7b:29:25:d5:c2-fc:f3:3f:b1:20:20',230,128,210,11,NULL,NULL,'2013-07-02','2016-12-10',NULL,NULL,'202.00',0,0,1,0,12,1,NULL,NULL,NULL,NULL,NULL,'--- !ruby/hash:ActiveSupport::HashWithIndifferentAccess\nanschaffungskategorie: AV-Technik\nreference: invoice\numzug: zgeln\nankunftszustand: intakt\n','2016-12-10 15:30:24','2016-12-10 15:30:24'),(225,'787xhyfcwkmx32llnz0h141','1c:24:cd:dd:4b:ed-5b:8b:3f:ae:63:b5-1b:70:34:23:ae:b6',231,129,211,1,NULL,NULL,'2011-05-19','2016-12-10',NULL,NULL,'840.00',0,0,1,0,13,1,NULL,NULL,NULL,NULL,NULL,'--- !ruby/hash:ActiveSupport::HashWithIndifferentAccess\nanschaffungskategorie: AV-Technik\nreference: invoice\numzug: zgeln\nankunftszustand: intakt\n','2016-12-10 15:30:24','2016-12-10 15:30:24'),(226,'rxy84zlchx3kpxx98v85142','de:f5:3e:69:a2:ec-01:2e:67:18:f6:fa-ba:6a:5c:53:b3:db',232,130,212,9,NULL,NULL,'2015-02-24','2016-12-10',NULL,NULL,'32.00',0,0,1,0,1,1,NULL,NULL,NULL,NULL,NULL,'--- !ruby/hash:ActiveSupport::HashWithIndifferentAccess\nanschaffungskategorie: AV-Technik\nreference: invoice\numzug: zgeln\nankunftszustand: intakt\n','2016-12-10 15:30:24','2016-12-10 15:30:24'),(227,'b7yz3b0a7upt2z1haqog143','80:26:62:08:42:f5-62:5c:6b:6d:9c:83-94:a5:50:99:86:7d',233,131,213,11,NULL,NULL,'2014-03-05','2016-12-10',NULL,NULL,'1182.00',0,0,1,0,1,1,NULL,NULL,NULL,NULL,NULL,'--- !ruby/hash:ActiveSupport::HashWithIndifferentAccess\nanschaffungskategorie: AV-Technik\nreference: invoice\numzug: zgeln\nankunftszustand: intakt\n','2016-12-10 15:30:24','2016-12-10 15:30:24'),(228,'j0gezf9hjgg1tvrpzpib144','f3:f9:ef:1f:7a:7d-c8:1b:5e:00:dc:5d-bd:ad:10:cf:85:dc',234,132,214,9,NULL,NULL,'2011-03-27','2016-12-10',NULL,NULL,'1160.00',0,0,1,0,1,1,NULL,NULL,NULL,NULL,NULL,'--- !ruby/hash:ActiveSupport::HashWithIndifferentAccess\nanschaffungskategorie: AV-Technik\nreference: invoice\numzug: zgeln\nankunftszustand: intakt\n','2016-12-10 15:30:24','2016-12-10 15:30:24'),(229,'7o3w3t2wm3dyi0qq68pm145','32:7a:9d:da:2f:db-e8:cb:4e:66:3b:a9-81:59:38:ed:a9:27',235,133,215,10,NULL,NULL,'2015-11-07','2016-12-10',NULL,NULL,'108.00',0,0,1,0,1,1,NULL,NULL,NULL,NULL,NULL,'--- !ruby/hash:ActiveSupport::HashWithIndifferentAccess\nanschaffungskategorie: AV-Technik\nreference: invoice\numzug: zgeln\nankunftszustand: intakt\n','2016-12-10 15:30:24','2016-12-10 15:30:24'),(230,'gk83lrwxib7stcho9htm146','0d:59:7c:82:c6:a0-33:f8:1f:64:e0:64-a9:a6:f6:a5:71:aa',236,134,216,3,NULL,NULL,'2011-11-06','2016-12-10',NULL,NULL,'197.00',0,0,1,0,1,1,NULL,NULL,NULL,NULL,NULL,'--- !ruby/hash:ActiveSupport::HashWithIndifferentAccess\nanschaffungskategorie: AV-Technik\nreference: invoice\numzug: zgeln\nankunftszustand: intakt\n','2016-12-10 15:30:24','2016-12-10 15:30:24'),(231,'zrmzfuwdm2io7om3w674147','e8:ad:62:ee:e4:ed-89:1e:a9:0c:59:7d-7f:93:e6:3f:72:69',237,135,217,4,NULL,NULL,'2013-09-23','2016-12-10',NULL,NULL,'1240.00',0,0,1,0,1,1,NULL,NULL,NULL,NULL,NULL,'--- !ruby/hash:ActiveSupport::HashWithIndifferentAccess\nanschaffungskategorie: AV-Technik\nreference: invoice\numzug: zgeln\nankunftszustand: intakt\n','2016-12-10 15:30:24','2016-12-10 15:30:24'),(232,'li3fhrezvyfacl44etuk148','b2:ff:35:d6:1a:22-aa:a3:95:88:a5:ce-cf:5b:36:88:a3:e2',238,136,218,10,NULL,NULL,'2013-07-14','2016-12-10',NULL,NULL,'1158.00',0,0,1,0,1,1,NULL,NULL,NULL,NULL,NULL,'--- !ruby/hash:ActiveSupport::HashWithIndifferentAccess\nanschaffungskategorie: AV-Technik\nreference: invoice\numzug: zgeln\nankunftszustand: intakt\n','2016-12-10 15:30:24','2016-12-10 15:30:24'),(233,'5so948xlai58xz91665l149','4a:c2:9b:37:7c:db-60:c3:2e:be:08:cb-98:89:46:a2:4d:85',239,137,219,10,NULL,NULL,'2015-08-09','2016-12-10',NULL,NULL,'1089.00',0,0,1,0,1,1,NULL,NULL,NULL,NULL,NULL,'--- !ruby/hash:ActiveSupport::HashWithIndifferentAccess\nanschaffungskategorie: AV-Technik\nreference: invoice\numzug: zgeln\nankunftszustand: intakt\n','2016-12-10 15:30:24','2016-12-10 15:30:24'),(234,'h6x53zm0l4sfi7k5vhs9150','57:20:23:0e:56:c5-73:8b:d3:70:d8:a0-3b:02:93:de:cd:67',240,138,220,9,NULL,NULL,'2014-12-17','2016-12-10',NULL,NULL,'75.00',0,0,1,0,1,1,NULL,NULL,NULL,NULL,NULL,'--- !ruby/hash:ActiveSupport::HashWithIndifferentAccess\nanschaffungskategorie: AV-Technik\nreference: invoice\numzug: zgeln\nankunftszustand: intakt\n','2016-12-10 15:30:24','2016-12-10 15:30:24'),(235,'9c2ne0rmak9dcpff2qt5151','63:3d:8a:65:10:4b-48:90:9f:d7:b8:ad-a4:d0:25:5d:1a:24',241,139,221,9,NULL,NULL,'2012-02-14','2016-12-10',NULL,NULL,'560.00',0,0,1,0,1,1,NULL,NULL,NULL,NULL,NULL,'--- !ruby/hash:ActiveSupport::HashWithIndifferentAccess\nanschaffungskategorie: AV-Technik\nreference: invoice\numzug: zgeln\nankunftszustand: intakt\n','2016-12-10 15:30:24','2016-12-10 15:30:24'),(236,'qon9hwu7llev3an9fdpd152','cf:37:03:ca:3d:0c-dd:b6:d1:c2:d0:d6-9c:31:03:75:41:6d',242,140,222,4,NULL,NULL,'2011-01-26','2016-12-10',NULL,NULL,'1487.00',0,0,1,0,1,1,NULL,NULL,NULL,NULL,NULL,'--- !ruby/hash:ActiveSupport::HashWithIndifferentAccess\nanschaffungskategorie: AV-Technik\nreference: invoice\numzug: zgeln\nankunftszustand: intakt\n','2016-12-10 15:30:24','2016-12-10 15:30:24'),(237,'flz7y1bcd58xzvws1ol9153','ef:6a:a9:2e:46:8f-be:65:13:34:8b:46-fc:f8:e4:c3:41:6b',243,141,223,1,NULL,NULL,'2011-03-27','2016-12-10',NULL,NULL,'1015.00',0,0,1,0,1,1,NULL,NULL,NULL,NULL,NULL,'--- !ruby/hash:ActiveSupport::HashWithIndifferentAccess\nanschaffungskategorie: AV-Technik\nreference: invoice\numzug: zgeln\nankunftszustand: intakt\n','2016-12-10 15:30:24','2016-12-10 15:30:24'),(238,'f90bz0a89xdckd8047dt154','7e:5a:77:7f:5f:59-4f:c8:5d:37:1c:bd-cb:73:c1:7b:ef:2d',244,142,224,11,NULL,NULL,'2014-01-22','2016-12-05',NULL,NULL,'931.00',0,0,1,0,1,1,NULL,NULL,NULL,NULL,NULL,'--- !ruby/hash:ActiveSupport::HashWithIndifferentAccess\nanschaffungskategorie: AV-Technik\nreference: invoice\numzug: zgeln\nankunftszustand: intakt\n','2016-12-05 00:00:00','2016-12-05 00:00:00'),(239,'zlk6pwu87hlvdr9h3umy155','46:e7:af:a5:21:30-37:20:73:24:fa:0e-03:8f:6a:39:4b:3a',245,143,225,6,NULL,NULL,'2011-07-09','2016-12-05',NULL,NULL,'1138.00',0,0,1,0,1,1,NULL,NULL,NULL,NULL,NULL,'--- !ruby/hash:ActiveSupport::HashWithIndifferentAccess\nanschaffungskategorie: AV-Technik\nreference: invoice\numzug: zgeln\nankunftszustand: intakt\n','2016-12-05 00:00:00','2016-12-05 00:00:00'),(240,'smzt99ymxfyba4an4h48156','1a:64:36:97:d0:8e-40:97:ab:30:18:58-2b:e2:fd:10:ce:68',246,144,226,6,NULL,NULL,'2014-04-23','2016-12-05',NULL,NULL,'1420.00',0,0,1,0,1,1,NULL,NULL,NULL,NULL,NULL,'--- !ruby/hash:ActiveSupport::HashWithIndifferentAccess\nanschaffungskategorie: AV-Technik\nreference: invoice\numzug: zgeln\nankunftszustand: intakt\n','2016-12-05 00:00:00','2016-12-05 00:00:00'),(241,'w6jaqzfr0cp0wmh8duri157','ab:4f:f2:37:48:2a-f0:06:8f:92:43:75-13:15:84:90:9e:1f',247,145,227,11,NULL,NULL,'2013-09-19','2016-12-05',NULL,NULL,'1380.00',0,0,1,0,1,1,NULL,NULL,NULL,NULL,NULL,'--- !ruby/hash:ActiveSupport::HashWithIndifferentAccess\nanschaffungskategorie: AV-Technik\nreference: invoice\numzug: zgeln\nankunftszustand: intakt\n','2016-12-05 00:00:00','2016-12-05 00:00:00'),(242,'x22jibpous673zvz7res158','59:e3:6b:06:2e:54-d1:de:79:43:82:17-0c:3c:51:89:a7:6a',248,146,228,6,NULL,NULL,'2012-10-02','2016-12-10',NULL,NULL,'520.00',0,0,1,0,1,1,NULL,NULL,NULL,NULL,NULL,'--- !ruby/hash:ActiveSupport::HashWithIndifferentAccess\nanschaffungskategorie: AV-Technik\nreference: invoice\numzug: zgeln\nankunftszustand: intakt\n','2016-12-10 15:30:24','2016-12-10 15:30:24'),(243,'3b2krbwjnfq4zky9rmuh159','e6:0f:d2:b8:c5:dd-ad:20:56:1b:71:d6-f9:e1:2f:ec:bf:dc',248,147,229,11,NULL,NULL,'2013-09-06','2016-12-10',NULL,NULL,'210.00',0,0,1,0,1,1,NULL,NULL,NULL,NULL,NULL,'--- !ruby/hash:ActiveSupport::HashWithIndifferentAccess\nanschaffungskategorie: AV-Technik\nreference: invoice\numzug: zgeln\nankunftszustand: intakt\n','2016-12-10 15:30:24','2016-12-10 15:30:24'),(244,'w5lym4u9bwjsertz5tvg160','ba:46:af:e1:2b:76-10:94:19:fc:82:08-85:2b:33:2b:b6:b5',248,148,230,7,NULL,NULL,'2015-04-07','2016-12-10',NULL,NULL,'501.00',0,0,1,0,1,1,NULL,NULL,NULL,NULL,NULL,'--- !ruby/hash:ActiveSupport::HashWithIndifferentAccess\nanschaffungskategorie: AV-Technik\nreference: invoice\numzug: zgeln\nankunftszustand: intakt\n','2016-12-10 15:30:24','2016-12-10 15:30:24'),(245,'e3x40iuhm3ye9xuqgm5t161','45:07:31:84:cc:2a-62:2f:5e:0a:07:10-5b:f0:1e:5e:f2:d2',252,149,231,10,NULL,NULL,'2011-07-19','2016-12-10',NULL,NULL,'1356.00',0,0,1,0,1,1,NULL,NULL,NULL,NULL,NULL,'--- !ruby/hash:ActiveSupport::HashWithIndifferentAccess\nanschaffungskategorie: AV-Technik\nreference: invoice\numzug: zgeln\nankunftszustand: intakt\n','2016-12-10 15:30:24','2016-12-10 15:30:24'),(246,'v9w1t1fl0c3p4rmkpr4m162','c7:fc:9f:9c:47:82-94:9c:5d:27:73:db-68:91:19:83:33:b8',252,150,232,8,NULL,NULL,'2013-01-29','2016-12-10',NULL,NULL,'1474.00',0,0,1,0,1,1,NULL,NULL,NULL,NULL,NULL,'--- !ruby/hash:ActiveSupport::HashWithIndifferentAccess\nanschaffungskategorie: AV-Technik\nreference: invoice\numzug: zgeln\nankunftszustand: intakt\n','2016-12-10 15:30:24','2016-12-10 15:30:24'),(247,'refqvfa683d94dyii2vo163','14:c2:7b:7f:12:e7-46:5f:8f:13:8c:e8-8f:17:18:ed:b0:2d',252,151,233,7,NULL,NULL,'2015-03-20','2016-12-10',NULL,NULL,'20.00',0,0,1,0,1,1,NULL,NULL,NULL,NULL,NULL,'--- !ruby/hash:ActiveSupport::HashWithIndifferentAccess\nanschaffungskategorie: AV-Technik\nreference: invoice\numzug: zgeln\nankunftszustand: intakt\n','2016-12-10 15:30:24','2016-12-10 15:30:24'),(248,'0x1ji6p3oem17lubnp3d164','0e:ec:d0:25:af:74-33:96:3e:ae:53:3c-94:b1:9d:91:a7:f4',256,152,234,1,NULL,NULL,'2012-09-12','2016-12-10',NULL,NULL,'372.00',0,0,1,0,1,1,NULL,NULL,NULL,NULL,NULL,'--- !ruby/hash:ActiveSupport::HashWithIndifferentAccess\nanschaffungskategorie: AV-Technik\nreference: invoice\numzug: zgeln\nankunftszustand: intakt\n','2016-12-10 15:30:24','2016-12-10 15:30:24'),(249,'4wufu9wtc6tvoqro1j3u165','4c:19:1c:3f:76:87-35:57:21:60:94:c3-e1:e4:0a:82:81:5a',256,153,235,13,NULL,NULL,'2013-09-05','2016-12-10',NULL,NULL,'751.00',0,0,1,0,1,1,NULL,NULL,NULL,NULL,NULL,'--- !ruby/hash:ActiveSupport::HashWithIndifferentAccess\nanschaffungskategorie: AV-Technik\nreference: invoice\numzug: zgeln\nankunftszustand: intakt\n','2016-12-10 15:30:24','2016-12-10 15:30:24'),(250,'180yfspidx1jdaxffkvx166','a2:9b:7b:09:4f:07-bf:09:ef:1b:ba:e7-e2:09:1d:4a:18:e3',256,154,236,4,NULL,NULL,'2011-06-09','2016-12-10',NULL,NULL,'1413.00',0,0,1,0,1,1,NULL,NULL,NULL,NULL,NULL,'--- !ruby/hash:ActiveSupport::HashWithIndifferentAccess\nanschaffungskategorie: AV-Technik\nreference: invoice\numzug: zgeln\nankunftszustand: intakt\n','2016-12-10 15:30:24','2016-12-10 15:30:24'),(251,'gxn4y093646bmtoys77p167','42:af:43:24:6b:2e-af:a8:c2:9f:aa:c8-47:e4:44:fd:91:57',260,155,237,11,NULL,NULL,'2014-03-24','2016-12-10',NULL,NULL,'146.00',0,0,1,0,1,1,NULL,NULL,NULL,NULL,NULL,'--- !ruby/hash:ActiveSupport::HashWithIndifferentAccess\nanschaffungskategorie: AV-Technik\nreference: invoice\numzug: zgeln\nankunftszustand: intakt\n','2016-12-10 15:30:24','2016-12-10 15:30:24'),(252,'2fotk2cgwy1sgmj7g1uu168','a1:11:e9:bd:d3:b7-1a:30:76:bc:dc:a4-f1:72:19:3a:66:0d',260,156,238,4,NULL,NULL,'2012-05-16','2016-12-10',NULL,NULL,'848.00',0,0,1,0,1,1,NULL,NULL,NULL,NULL,NULL,'--- !ruby/hash:ActiveSupport::HashWithIndifferentAccess\nanschaffungskategorie: AV-Technik\nreference: invoice\numzug: zgeln\nankunftszustand: intakt\n','2016-12-10 15:30:24','2016-12-10 15:30:24'),(253,'7k6x3kzrj6ovnxlyv1rr169','31:50:95:14:e7:a5-27:1a:26:33:79:d3-e2:61:ec:8d:25:60',260,157,239,2,NULL,NULL,'2013-11-23','2016-12-10',NULL,NULL,'324.00',0,0,1,0,1,1,NULL,NULL,NULL,NULL,NULL,'--- !ruby/hash:ActiveSupport::HashWithIndifferentAccess\nanschaffungskategorie: AV-Technik\nreference: invoice\numzug: zgeln\nankunftszustand: intakt\n','2016-12-10 15:30:24','2016-12-10 15:30:24'),(254,'h0itumf2d3zkoinf0mic170','67:63:a5:8b:bb:35-eb:ae:30:53:38:c8-2b:ad:7d:a9:4d:84',264,158,240,9,NULL,NULL,'2013-02-27','2016-12-10',NULL,NULL,'899.00',0,0,1,0,3,1,NULL,NULL,NULL,NULL,NULL,'--- !ruby/hash:ActiveSupport::HashWithIndifferentAccess\nanschaffungskategorie: AV-Technik\nreference: invoice\numzug: zgeln\nankunftszustand: intakt\n','2016-12-10 15:30:24','2016-12-10 15:30:24'),(255,'1fivckx3nckbb11z4v2t171','9f:c2:9f:d3:cb:55-01:fb:5e:fb:78:1e-22:8c:1d:b5:59:4a',264,159,241,3,NULL,NULL,'2015-08-26','2016-12-10',NULL,NULL,'1183.00',0,0,1,0,3,1,NULL,NULL,NULL,NULL,NULL,'--- !ruby/hash:ActiveSupport::HashWithIndifferentAccess\nanschaffungskategorie: AV-Technik\nreference: invoice\numzug: zgeln\nankunftszustand: intakt\n','2016-12-10 15:30:24','2016-12-10 15:30:24'),(256,'9vnv55pksobe4rdsaxrv172','3e:72:43:f7:c8:f2-c7:f5:ac:e7:f0:41-4d:c1:82:d1:bb:22',264,160,242,5,NULL,NULL,'2012-06-19','2016-12-10',NULL,NULL,'784.00',0,0,1,0,3,1,NULL,NULL,NULL,NULL,NULL,'--- !ruby/hash:ActiveSupport::HashWithIndifferentAccess\nanschaffungskategorie: AV-Technik\nreference: invoice\numzug: zgeln\nankunftszustand: intakt\n','2016-12-10 15:30:24','2016-12-10 15:30:24'),(257,'053zac249n8w2l18ec9h173','00:33:f9:36:79:19-2e:cb:8b:5c:44:e0-8b:db:f0:0b:12:44',268,161,243,6,NULL,NULL,'2015-03-22','2016-12-10',NULL,NULL,'745.00',0,0,1,0,3,1,NULL,NULL,NULL,NULL,NULL,'--- !ruby/hash:ActiveSupport::HashWithIndifferentAccess\nanschaffungskategorie: AV-Technik\nreference: invoice\numzug: zgeln\nankunftszustand: intakt\n','2016-12-10 15:30:24','2016-12-10 15:30:24'),(258,'5bg7jsy5ro6lcshfdker174','28:bc:65:da:6a:73-8d:68:83:5f:da:48-44:0f:5a:5c:0d:fe',268,162,244,4,NULL,NULL,'2011-02-18','2016-12-10',NULL,NULL,'578.00',0,0,1,0,3,1,NULL,NULL,NULL,NULL,NULL,'--- !ruby/hash:ActiveSupport::HashWithIndifferentAccess\nanschaffungskategorie: AV-Technik\nreference: invoice\numzug: zgeln\nankunftszustand: intakt\n','2016-12-10 15:30:24','2016-12-10 15:30:24'),(259,'4nbcw63maqsmhnnfov2f175','60:b6:21:b5:60:11-02:8c:9c:8c:be:87-db:16:4a:09:5c:e6',268,163,245,6,NULL,NULL,'2011-02-09','2016-12-10',NULL,NULL,'1433.00',0,0,1,0,3,1,NULL,NULL,NULL,NULL,NULL,'--- !ruby/hash:ActiveSupport::HashWithIndifferentAccess\nanschaffungskategorie: AV-Technik\nreference: invoice\numzug: zgeln\nankunftszustand: intakt\n','2016-12-10 15:30:24','2016-12-10 15:30:24'),(260,'l8yxg9xpkzzamd9is4fw176','d0:9d:1d:48:56:26-71:36:06:6c:7d:47-3c:c2:3b:24:02:ac',272,164,246,5,NULL,NULL,'2015-11-02','2016-12-10',NULL,NULL,'746.00',0,0,1,0,3,1,NULL,NULL,NULL,NULL,NULL,'--- !ruby/hash:ActiveSupport::HashWithIndifferentAccess\nanschaffungskategorie: AV-Technik\nreference: invoice\numzug: zgeln\nankunftszustand: intakt\n','2016-12-10 15:30:24','2016-12-10 15:30:24'),(261,'o9ia5sujfre9oqbfnefj177','c0:fd:75:a6:f7:27-86:46:2b:19:93:b8-18:ac:a2:2a:db:90',272,165,247,3,NULL,NULL,'2011-10-22','2016-12-10',NULL,NULL,'1147.00',0,0,1,0,3,1,NULL,NULL,NULL,NULL,NULL,'--- !ruby/hash:ActiveSupport::HashWithIndifferentAccess\nanschaffungskategorie: AV-Technik\nreference: invoice\numzug: zgeln\nankunftszustand: intakt\n','2016-12-10 15:30:24','2016-12-10 15:30:24'),(262,'1pnw916lqz73wvf151v6178','21:44:51:ff:c0:ea-d1:de:46:67:50:bd-4a:44:fa:cb:81:cf',272,166,248,11,NULL,NULL,'2014-02-19','2016-12-10',NULL,NULL,'851.00',0,0,1,0,3,1,NULL,NULL,NULL,NULL,NULL,'--- !ruby/hash:ActiveSupport::HashWithIndifferentAccess\nanschaffungskategorie: AV-Technik\nreference: invoice\numzug: zgeln\nankunftszustand: intakt\n','2016-12-10 15:30:24','2016-12-10 15:30:24'),(263,'3ff3ne79b802j7qld5zi179','78:cf:2b:bf:f1:d0-de:b1:bb:2a:5a:79-57:69:4e:f6:b7:52',276,167,249,9,NULL,NULL,'2011-02-28','2016-12-10',NULL,NULL,'1237.00',0,0,1,0,3,1,NULL,NULL,NULL,NULL,NULL,'--- !ruby/hash:ActiveSupport::HashWithIndifferentAccess\nanschaffungskategorie: AV-Technik\nreference: invoice\numzug: zgeln\nankunftszustand: intakt\n','2016-12-10 15:30:24','2016-12-10 15:30:24'),(264,'wfdolldm1d2ip3usxt07180','fd:4f:e5:9c:71:38-b7:70:06:92:8c:9c-bc:8c:6b:5f:9d:1c',276,168,250,4,NULL,NULL,'2015-08-12','2016-12-10',NULL,NULL,'38.00',0,0,1,0,3,1,NULL,NULL,NULL,NULL,NULL,'--- !ruby/hash:ActiveSupport::HashWithIndifferentAccess\nanschaffungskategorie: AV-Technik\nreference: invoice\numzug: zgeln\nankunftszustand: intakt\n','2016-12-10 15:30:24','2016-12-10 15:30:24'),(265,'5znsr4aa57g23uzy610p181','a9:45:a3:25:e9:d8-37:72:c4:97:e5:8d-5d:3b:b3:ce:df:d4',276,169,251,13,NULL,NULL,'2015-12-15','2016-12-10',NULL,NULL,'336.00',0,0,1,0,3,1,NULL,NULL,NULL,NULL,NULL,'--- !ruby/hash:ActiveSupport::HashWithIndifferentAccess\nanschaffungskategorie: AV-Technik\nreference: invoice\numzug: zgeln\nankunftszustand: intakt\n','2016-12-10 15:30:24','2016-12-10 15:30:24'),(266,'c1gcdewwa9oulyzap4n8182','12:e3:ed:81:3c:33-82:94:a6:fd:35:c1-23:05:99:1f:01:f7',280,170,252,9,NULL,NULL,'2014-08-10','2016-12-10',NULL,NULL,'1114.00',0,0,1,0,3,1,NULL,NULL,NULL,NULL,NULL,'--- !ruby/hash:ActiveSupport::HashWithIndifferentAccess\nanschaffungskategorie: AV-Technik\nreference: invoice\numzug: zgeln\nankunftszustand: intakt\n','2016-12-10 15:30:24','2016-12-10 15:30:24'),(267,'e9sgz4eb1awqhtbruzdk183','ca:e6:10:33:72:63-8f:48:51:fc:28:8a-40:17:90:d6:4a:6c',280,171,253,5,NULL,NULL,'2012-12-05','2016-12-10',NULL,NULL,'1089.00',0,0,1,0,3,1,NULL,NULL,NULL,NULL,NULL,'--- !ruby/hash:ActiveSupport::HashWithIndifferentAccess\nanschaffungskategorie: AV-Technik\nreference: invoice\numzug: zgeln\nankunftszustand: intakt\n','2016-12-10 15:30:24','2016-12-10 15:30:24'),(268,'wb3xlnihv8paon65yg41184','1f:68:38:2d:01:09-60:d9:16:7c:af:ce-c7:6c:87:6c:fd:ae',280,172,254,12,NULL,NULL,'2013-12-17','2016-12-10',NULL,NULL,'487.00',0,0,1,0,3,1,NULL,NULL,NULL,NULL,NULL,'--- !ruby/hash:ActiveSupport::HashWithIndifferentAccess\nanschaffungskategorie: AV-Technik\nreference: invoice\numzug: zgeln\nankunftszustand: intakt\n','2016-12-10 15:30:24','2016-12-10 15:30:24'),(269,'rdy6e04kqdka5ck3722n185','2b:9b:6b:06:4e:05-78:96:f8:a8:c6:09-37:c6:94:de:d7:75',284,173,255,10,NULL,NULL,'2014-11-21','2016-12-10',NULL,NULL,'515.00',0,0,1,0,3,1,NULL,NULL,NULL,NULL,NULL,'--- !ruby/hash:ActiveSupport::HashWithIndifferentAccess\nanschaffungskategorie: AV-Technik\nreference: invoice\numzug: zgeln\nankunftszustand: intakt\n','2016-12-10 15:30:24','2016-12-10 15:30:24'),(270,'98v4cmko0zidv7ts545a186','93:30:20:3b:95:8e-14:e8:8c:45:42:8c-b7:c3:90:20:6b:51',284,174,256,1,NULL,NULL,'2013-02-24','2016-12-10',NULL,NULL,'692.00',0,0,1,0,3,1,NULL,NULL,NULL,NULL,NULL,'--- !ruby/hash:ActiveSupport::HashWithIndifferentAccess\nanschaffungskategorie: AV-Technik\nreference: invoice\numzug: zgeln\nankunftszustand: intakt\n','2016-12-10 15:30:24','2016-12-10 15:30:24'),(271,'ff0rlkkusxjw8ec2dyd5187','c2:cd:fb:0a:1f:0a-e5:d1:8b:56:c0:67-39:b4:aa:ea:a9:63',284,175,257,6,NULL,NULL,'2014-08-11','2016-12-10',NULL,NULL,'343.00',0,0,1,0,3,1,NULL,NULL,NULL,NULL,NULL,'--- !ruby/hash:ActiveSupport::HashWithIndifferentAccess\nanschaffungskategorie: AV-Technik\nreference: invoice\numzug: zgeln\nankunftszustand: intakt\n','2016-12-10 15:30:24','2016-12-10 15:30:24'),(272,'utr3ugtm93c4269eaxh3188','00:c4:72:64:78:5d-2f:9d:e2:89:ae:11-98:5e:27:89:8f:39',288,176,258,6,NULL,NULL,'2012-05-16','2016-12-10',NULL,NULL,'1472.00',0,0,1,0,3,1,NULL,NULL,NULL,NULL,NULL,'--- !ruby/hash:ActiveSupport::HashWithIndifferentAccess\nanschaffungskategorie: AV-Technik\nreference: invoice\numzug: zgeln\nankunftszustand: intakt\n','2016-12-10 15:30:24','2016-12-10 15:30:24'),(273,'d517og0kiib33b8ixabc189','5f:2d:aa:e5:4f:33-86:fb:21:3c:44:4a-fc:29:5c:72:99:19',288,177,259,13,NULL,NULL,'2011-02-03','2016-12-10',NULL,NULL,'187.00',0,0,1,0,3,1,NULL,NULL,NULL,NULL,NULL,'--- !ruby/hash:ActiveSupport::HashWithIndifferentAccess\nanschaffungskategorie: AV-Technik\nreference: invoice\numzug: zgeln\nankunftszustand: intakt\n','2016-12-10 15:30:24','2016-12-10 15:30:24'),(274,'uqz47rvzxgdsc7ois5u6190','58:7e:67:d6:e1:bf-d9:ac:21:9f:27:2e-ec:7c:ed:06:c3:73',288,178,260,6,NULL,NULL,'2012-01-02','2016-12-10',NULL,NULL,'802.00',0,0,1,0,3,1,NULL,NULL,NULL,NULL,NULL,'--- !ruby/hash:ActiveSupport::HashWithIndifferentAccess\nanschaffungskategorie: AV-Technik\nreference: invoice\numzug: zgeln\nankunftszustand: intakt\n','2016-12-10 15:30:24','2016-12-10 15:30:24'),(275,'zufy21hv7ep0gu75yomi191','1f:6b:53:d0:7d:50-1f:b3:c7:03:a3:7a-f7:14:9c:9b:26:3b',292,179,261,13,NULL,NULL,'2014-07-21','2016-12-10',NULL,NULL,'1331.00',0,0,1,0,3,1,NULL,NULL,NULL,NULL,NULL,'--- !ruby/hash:ActiveSupport::HashWithIndifferentAccess\nanschaffungskategorie: AV-Technik\nreference: invoice\numzug: zgeln\nankunftszustand: intakt\n','2016-12-10 15:30:24','2016-12-10 15:30:24'),(276,'e2flqgl193dwdhdk4ufs192','74:06:9b:a2:29:00-43:d3:4f:a8:48:2f-94:b2:94:10:64:01',292,180,262,2,NULL,NULL,'2015-10-29','2016-12-10',NULL,NULL,'858.00',0,0,1,0,3,1,NULL,NULL,NULL,NULL,NULL,'--- !ruby/hash:ActiveSupport::HashWithIndifferentAccess\nanschaffungskategorie: AV-Technik\nreference: invoice\numzug: zgeln\nankunftszustand: intakt\n','2016-12-10 15:30:24','2016-12-10 15:30:24'),(277,'669zdxd7kf3bpkelhkfj193','4e:2a:78:da:fa:c4-cb:83:01:6c:95:12-e2:72:ed:47:f0:5e',292,181,263,12,NULL,NULL,'2014-06-09','2016-12-10',NULL,NULL,'746.00',0,0,1,0,3,1,NULL,NULL,NULL,NULL,NULL,'--- !ruby/hash:ActiveSupport::HashWithIndifferentAccess\nanschaffungskategorie: AV-Technik\nreference: invoice\numzug: zgeln\nankunftszustand: intakt\n','2016-12-10 15:30:24','2016-12-10 15:30:24'),(278,'zw2f3qciufzs7wttt7rp194','5a:3e:f0:ef:43:ba-cd:3a:4d:ed:13:96-4d:20:e7:1c:0d:e1',296,182,264,5,NULL,NULL,'2015-04-07','2016-12-10',NULL,NULL,'1045.00',0,0,1,0,3,1,NULL,NULL,NULL,NULL,NULL,'--- !ruby/hash:ActiveSupport::HashWithIndifferentAccess\nanschaffungskategorie: AV-Technik\nreference: invoice\numzug: zgeln\nankunftszustand: intakt\n','2016-12-10 15:30:24','2016-12-10 15:30:24'),(279,'gqphrvq49hgnbcmw0vii195','0b:ae:66:a4:a0:cd-59:6b:2b:84:50:61-6d:8b:05:b4:3f:e2',296,183,265,13,NULL,NULL,'2012-04-24','2016-12-10',NULL,NULL,'181.00',0,0,1,0,3,1,NULL,NULL,NULL,NULL,NULL,'--- !ruby/hash:ActiveSupport::HashWithIndifferentAccess\nanschaffungskategorie: AV-Technik\nreference: invoice\numzug: zgeln\nankunftszustand: intakt\n','2016-12-10 15:30:24','2016-12-10 15:30:24'),(280,'j6d4envpvwuslki51c37196','89:48:21:a3:c3:20-f6:30:ba:b6:66:db-7a:d8:ca:f1:b3:ff',296,184,266,11,NULL,NULL,'2011-10-11','2016-12-10',NULL,NULL,'716.00',0,0,1,0,3,1,NULL,NULL,NULL,NULL,NULL,'--- !ruby/hash:ActiveSupport::HashWithIndifferentAccess\nanschaffungskategorie: AV-Technik\nreference: invoice\numzug: zgeln\nankunftszustand: intakt\n','2016-12-10 15:30:24','2016-12-10 15:30:24'),(281,'tydcfk5mqyjxbxw9wqcq197','4a:f4:4d:09:29:01-e2:6c:31:45:f1:58-10:93:19:d1:1f:a0',300,185,267,5,NULL,NULL,'2011-07-01','2016-12-10',NULL,NULL,'128.00',0,0,1,0,3,1,NULL,NULL,NULL,NULL,NULL,'--- !ruby/hash:ActiveSupport::HashWithIndifferentAccess\nanschaffungskategorie: AV-Technik\nreference: invoice\numzug: zgeln\nankunftszustand: intakt\n','2016-12-10 15:30:24','2016-12-10 15:30:24'),(282,'lt2vsqf0dc5ib0fnxuds198','d7:c0:a1:46:b0:46-cf:30:1e:ca:8a:99-c4:6c:ae:cf:84:e7',300,186,268,13,NULL,NULL,'2014-01-08','2016-12-10',NULL,NULL,'680.00',0,0,1,0,3,1,NULL,NULL,NULL,NULL,NULL,'--- !ruby/hash:ActiveSupport::HashWithIndifferentAccess\nanschaffungskategorie: AV-Technik\nreference: invoice\numzug: zgeln\nankunftszustand: intakt\n','2016-12-10 15:30:24','2016-12-10 15:30:24'),(283,'lumhjndc30hajdidkvtt199','63:e6:40:f7:ed:4c-2d:3b:ee:da:17:a5-12:d2:d5:8a:0a:e9',300,187,269,11,NULL,NULL,'2013-10-01','2016-12-10',NULL,NULL,'523.00',0,0,1,0,3,1,NULL,NULL,NULL,NULL,NULL,'--- !ruby/hash:ActiveSupport::HashWithIndifferentAccess\nanschaffungskategorie: AV-Technik\nreference: invoice\numzug: zgeln\nankunftszustand: intakt\n','2016-12-10 15:30:24','2016-12-10 15:30:24'),(284,'8k1s6jkj9o95srdhv6w2200','3f:02:b3:b1:c5:6a-ae:09:25:c8:c9:05-97:c7:66:46:3e:74',304,188,270,13,NULL,NULL,'2012-09-07','2016-12-10',NULL,NULL,'898.00',0,0,1,0,3,1,NULL,NULL,NULL,NULL,NULL,'--- !ruby/hash:ActiveSupport::HashWithIndifferentAccess\nanschaffungskategorie: AV-Technik\nreference: invoice\numzug: zgeln\nankunftszustand: intakt\n','2016-12-10 15:30:24','2016-12-10 15:30:24'),(285,'4bdobiaqw3jfw5um3f22201','3f:16:4a:8e:77:b4-6e:62:ec:53:cb:83-c1:ac:72:e4:e0:48',304,189,271,11,NULL,NULL,'2014-07-13','2016-12-10',NULL,NULL,'1072.00',0,0,1,0,3,1,NULL,NULL,NULL,NULL,NULL,'--- !ruby/hash:ActiveSupport::HashWithIndifferentAccess\nanschaffungskategorie: AV-Technik\nreference: invoice\numzug: zgeln\nankunftszustand: intakt\n','2016-12-10 15:30:24','2016-12-10 15:30:24'),(286,'c2jdb5ubamwy7gay6a0e202','40:64:87:64:20:cb-73:0c:6a:4a:a4:06-9f:73:0e:31:65:a2',304,190,272,6,NULL,NULL,'2012-07-22','2016-12-10',NULL,NULL,'312.00',0,0,1,0,3,1,NULL,NULL,NULL,NULL,NULL,'--- !ruby/hash:ActiveSupport::HashWithIndifferentAccess\nanschaffungskategorie: AV-Technik\nreference: invoice\numzug: zgeln\nankunftszustand: intakt\n','2016-12-10 15:30:24','2016-12-10 15:30:24'),(287,'8m2yo9t39vb8dwncjr0q203','ec:91:d6:db:dc:1f-9c:5e:e2:25:11:e7-4d:d5:8e:6f:05:5a',308,191,273,7,NULL,NULL,'2014-11-03','2016-12-10',NULL,NULL,'331.00',0,0,1,0,3,1,NULL,NULL,NULL,NULL,NULL,'--- !ruby/hash:ActiveSupport::HashWithIndifferentAccess\nanschaffungskategorie: AV-Technik\nreference: invoice\numzug: zgeln\nankunftszustand: intakt\n','2016-12-10 15:30:24','2016-12-10 15:30:24'),(288,'j16lhnghwk54ojhtw60t204','bc:6e:89:7c:06:58-0e:e9:6d:e2:50:b2-a4:67:8e:28:39:e0',308,192,274,9,NULL,NULL,'2011-09-14','2016-12-10',NULL,NULL,'1205.00',0,0,1,0,3,1,NULL,NULL,NULL,NULL,NULL,'--- !ruby/hash:ActiveSupport::HashWithIndifferentAccess\nanschaffungskategorie: AV-Technik\nreference: invoice\numzug: zgeln\nankunftszustand: intakt\n','2016-12-10 15:30:24','2016-12-10 15:30:24'),(289,'7y9f9edt9xpa4wxhe7l8205','4a:2f:c9:78:be:a0-51:15:ae:b9:5a:83-be:bc:6c:f0:83:e3',308,193,275,5,NULL,NULL,'2014-12-23','2016-12-10',NULL,NULL,'1391.00',0,0,1,0,3,1,NULL,NULL,NULL,NULL,NULL,'--- !ruby/hash:ActiveSupport::HashWithIndifferentAccess\nanschaffungskategorie: AV-Technik\nreference: invoice\numzug: zgeln\nankunftszustand: intakt\n','2016-12-10 15:30:24','2016-12-10 15:30:24'),(290,'6wjbnrznfhtnwy27kr9r206','ac:20:04:95:02:28-30:56:05:cb:ca:22-3f:32:3d:f9:e7:b9',312,194,276,4,NULL,NULL,'2014-05-28','2016-12-10',NULL,NULL,'248.00',0,0,1,0,3,1,NULL,NULL,NULL,NULL,NULL,'--- !ruby/hash:ActiveSupport::HashWithIndifferentAccess\nanschaffungskategorie: AV-Technik\nreference: invoice\numzug: zgeln\nankunftszustand: intakt\n','2016-12-10 15:30:24','2016-12-10 15:30:24'),(291,'vsalh7q3si77o7evrudk207','93:7c:e7:92:ef:07-5a:c2:f8:5a:41:fd-93:e3:f3:24:33:c2',312,195,277,13,NULL,NULL,'2015-06-11','2016-12-10',NULL,NULL,'460.00',0,0,1,0,3,1,NULL,NULL,NULL,NULL,NULL,'--- !ruby/hash:ActiveSupport::HashWithIndifferentAccess\nanschaffungskategorie: AV-Technik\nreference: invoice\numzug: zgeln\nankunftszustand: intakt\n','2016-12-10 15:30:24','2016-12-10 15:30:24'),(292,'yfib5sv8ju57jukv7ph0208','18:17:6f:df:80:70-86:e2:b5:26:59:70-6f:d3:98:42:83:fb',312,196,278,4,NULL,NULL,'2015-07-16','2016-12-10',NULL,NULL,'1132.00',0,0,1,0,3,1,NULL,NULL,NULL,NULL,NULL,'--- !ruby/hash:ActiveSupport::HashWithIndifferentAccess\nanschaffungskategorie: AV-Technik\nreference: invoice\numzug: zgeln\nankunftszustand: intakt\n','2016-12-10 15:30:24','2016-12-10 15:30:24'),(293,'ip0qtek7yizn3vle24qk209','fa:74:89:0b:7e:c0-64:01:83:bd:28:c9-1e:58:c2:05:eb:80',316,NULL,279,1,NULL,NULL,'2012-06-05','2016-12-10',NULL,NULL,'1493.00',0,0,1,0,1,1,NULL,NULL,NULL,NULL,NULL,'--- !ruby/hash:ActiveSupport::HashWithIndifferentAccess\nanschaffungskategorie: AV-Technik\nreference: invoice\numzug: zgeln\nankunftszustand: intakt\n','2016-12-10 15:30:24','2016-12-10 15:30:24'),(294,'8fd1vcfp0cpngsmt5m3m210','98:51:c5:a3:d3:40-c3:a8:60:f5:b4:23-28:da:0e:8b:0b:25',317,197,280,1,NULL,NULL,'2015-12-16','2016-12-10',NULL,NULL,'145.00',0,0,1,0,1,1,NULL,NULL,NULL,NULL,NULL,'--- !ruby/hash:ActiveSupport::HashWithIndifferentAccess\nanschaffungskategorie: AV-Technik\nreference: invoice\numzug: zgeln\nankunftszustand: intakt\n','2016-12-10 15:30:24','2016-12-10 15:30:24'),(295,'fetunj6zcmtht8774ph4211','1a:a9:32:a5:c1:b5-09:b2:72:df:f9:0f-bf:23:9d:ee:c0:b8',318,NULL,NULL,1,NULL,NULL,NULL,NULL,NULL,NULL,NULL,0,0,0,0,2,0,NULL,NULL,NULL,NULL,NULL,'--- !ruby/hash:ActiveSupport::HashWithIndifferentAccess\noperating_system:\n- windows\n- linux\n- mac_os_x\nlicense_type: concurrent\ntotal_quantity: 218\nreference: invoice\nactivation_type: none\nmaintenance_contract: \'false\'\n','2016-12-10 15:30:24','2016-12-10 15:30:24'),(296,'lvfsxyrb5fxy96oy59pe212','e4:75:3d:4c:e6:b7-09:2f:dd:1c:9d:98-c3:a6:49:32:99:c7',319,198,281,6,NULL,NULL,'2012-12-12','2016-12-10',NULL,NULL,'1199.00',0,0,1,0,1,1,NULL,NULL,NULL,NULL,NULL,'--- !ruby/hash:ActiveSupport::HashWithIndifferentAccess\nanschaffungskategorie: AV-Technik\nreference: invoice\numzug: zgeln\nankunftszustand: intakt\n','2016-12-10 15:30:24','2016-12-10 15:30:24'),(297,'27a3plyu5ktmvsm2x349213','b4:05:b2:1c:1d:36-d7:64:19:dd:78:ce-d1:91:3b:14:d5:1b',319,199,282,2,NULL,NULL,'2013-01-09','2016-12-10',NULL,NULL,'183.00',0,0,1,0,1,1,NULL,NULL,NULL,NULL,NULL,'--- !ruby/hash:ActiveSupport::HashWithIndifferentAccess\nanschaffungskategorie: AV-Technik\nreference: invoice\numzug: zgeln\nankunftszustand: intakt\n','2016-12-10 15:30:24','2016-12-10 15:30:24'),(298,'elwvvrhu3ein77euggwx214','42:dc:96:06:9a:ec-7a:ed:9e:30:58:ed-02:fb:05:f9:a3:02',319,200,283,10,NULL,NULL,'2012-09-15','2016-12-10',NULL,NULL,'441.00',0,0,1,0,1,1,NULL,NULL,NULL,NULL,NULL,'--- !ruby/hash:ActiveSupport::HashWithIndifferentAccess\nanschaffungskategorie: AV-Technik\nreference: invoice\numzug: zgeln\nankunftszustand: intakt\n','2016-12-10 15:30:24','2016-12-10 15:30:24');
/*!40000 ALTER TABLE `items` ENABLE KEYS */;
UNLOCK TABLES;

--
-- Table structure for table `languages`
--

DROP TABLE IF EXISTS `languages`;
/*!40101 SET @saved_cs_client     = @@character_set_client */;
/*!40101 SET character_set_client = utf8 */;
CREATE TABLE `languages` (
  `id` int(11) NOT NULL AUTO_INCREMENT,
  `name` varchar(255) COLLATE utf8_unicode_ci DEFAULT NULL,
  `locale_name` varchar(255) COLLATE utf8_unicode_ci DEFAULT NULL,
  `default` tinyint(1) DEFAULT NULL,
  `active` tinyint(1) DEFAULT NULL,
  PRIMARY KEY (`id`),
  UNIQUE KEY `index_languages_on_name` (`name`),
  KEY `index_languages_on_active_and_default` (`active`,`default`)
) ENGINE=InnoDB AUTO_INCREMENT=5 DEFAULT CHARSET=utf8 COLLATE=utf8_unicode_ci;
/*!40101 SET character_set_client = @saved_cs_client */;

--
-- Dumping data for table `languages`
--

LOCK TABLES `languages` WRITE;
/*!40000 ALTER TABLE `languages` DISABLE KEYS */;
INSERT INTO `languages` VALUES (1,'English','en-GB',1,1),(2,'Deutsch','de-CH',0,1),(3,'Castellano','es',0,1),(4,'Zrittsch','gsw-CH',0,1);
/*!40000 ALTER TABLE `languages` ENABLE KEYS */;
UNLOCK TABLES;

--
-- Table structure for table `locations`
--

DROP TABLE IF EXISTS `locations`;
/*!40101 SET @saved_cs_client     = @@character_set_client */;
/*!40101 SET character_set_client = utf8 */;
CREATE TABLE `locations` (
  `id` int(11) NOT NULL AUTO_INCREMENT,
  `room` varchar(255) COLLATE utf8_unicode_ci DEFAULT NULL,
  `shelf` varchar(255) COLLATE utf8_unicode_ci DEFAULT NULL,
  `building_id` int(11) DEFAULT NULL,
  PRIMARY KEY (`id`),
  KEY `index_locations_on_building_id` (`building_id`)
) ENGINE=InnoDB AUTO_INCREMENT=201 DEFAULT CHARSET=utf8 COLLATE=utf8_unicode_ci;
/*!40101 SET character_set_client = @saved_cs_client */;

--
-- Dumping data for table `locations`
--

LOCK TABLES `locations` WRITE;
/*!40000 ALTER TABLE `locations` DISABLE KEYS */;
INSERT INTO `locations` VALUES (1,'Nesciuntmaiores','estsed',2),(2,'Inquidem','accusantiumvoluptatem',3),(3,'Cupiditateharum','possimusdoloribus',4),(4,'Solutalaboriosam','seddicta',5),(5,'Culpaunde','doloremquequia',6),(6,'Nequeplaceat','sitdolores',7),(7,'Quianobis','eased',8),(8,'Quiasit','quiapraesentium',9),(9,'Involuptatibus','namquo',10),(10,'Illumsuscipit','teneturperferendis',11),(11,'Excepturibeatae','quotemporibus',12),(12,'Rerumet','nemomodi',13),(13,'Vitaeeligendi','atquereprehenderit',14),(14,'Consequaturnam','temporacorporis',15),(15,'Autnobis','etvoluptatem',16),(16,'Veniamveritatis','delectusad',17),(17,'Etaperiam','utet',18),(18,'Inventoreconsequatur','sapientemollitia',19),(19,'Reiciendisaut','natusdoloremque',20),(20,'Erroreveniet','aliquidet',21),(21,'Velest','earumquia',22),(22,'Voluptatemanimi','errorquod',23),(23,'Fugitat','quosdignissimos',24),(24,'Numquamsint','rerumiusto',25),(25,'Fugaprovident','voluptatesquidem',26),(26,'Rationeperferendis','eaducimus',27),(27,'Molestiaeet','iddoloribus',28),(28,'Sapienteconsequuntur','explicaboamet',29),(29,'Similiqueperferendis','suscipitin',30),(30,'Perspiciatisqui','sedsit',31),(31,'Evenietblanditiis','velet',32),(32,'Liberoiusto','doloribusimpedit',33),(33,'Utveniam','corporisut',34),(34,'Voluptatibusalias','autemamet',35),(35,'Errorquasi','reiciendisdeleniti',36),(36,'Cupiditateaccusamus','situllam',37),(37,'Veldoloremque','exdolorem',38),(38,'Inqui','sedqui',39),(39,'Noncorrupti','recusandaedolores',40),(40,'SQ2','Desk',41),(41,'UG 13','Ausgabe',42),(42,'Sequiblanditiis','commodidolor',43),(43,'Eosipsam','voluptatemad',44),(44,'Quaeratrerum','nisiqui',45),(45,'Commodiasperiores','molestiaealiquid',46),(46,'Doloresunde','remnatus',47),(47,'Consequaturnemo','nammaiores',48),(48,'Ealaborum','nesciuntsaepe',49),(49,'Estreiciendis','voluptatedolor',50),(50,'Repudiandaeeveniet','doloresest',51),(51,'Suntet','aliasquod',52),(52,'Omnisut','ducimuscommodi',53),(53,'Eiussit','cumesse',54),(54,'Autreprehenderit','nihilaut',55),(55,'Eiusunde','nisiet',56),(56,'Quaeratet','quiid',57),(57,'Esseet','uteos',58),(58,'Sintnisi','etcorrupti',59),(59,'Iureexpedita','numquamadipisci',60),(60,'Quivel','repellatsuscipit',61),(61,'Estesse','aspernaturaperiam',62),(62,'Eaquenam','itaquelaborum',63),(63,'Excepturinon','aliquamrecusandae',64),(64,'Sintab','omnisodio',65),(65,'Doloremquesint','cupiditateaut',66),(66,'Sequifugiat','eligendiet',67),(67,'Iustodeleniti','similiquesint',68),(68,'Velest','doloresea',69),(69,'Enimqui','nihilaut',70),(70,'Omnisnihil','hicamet',71),(71,'Commodidistinctio','doloresnisi',72),(72,'Totamipsum','utconsequatur',73),(73,'Sedest','placeatodit',74),(74,'Voluptatemest','temporibusexcepturi',75),(75,'Consequaturrecusandae','etculpa',76),(76,'Aspernaturipsa','rerumdeserunt',77),(77,'Rerumin','repudiandaedeserunt',78),(78,'Sedsuscipit','inventoresaepe',79),(79,'Atqueab','quamdelectus',80),(80,'Nobisvoluptate','atquequis',81),(81,'Quivitae','voluptatumnumquam',82),(82,'Adin','voluptatemqui',83),(83,'Ullamfuga','iustonumquam',84),(84,'Veritatisexcepturi','estsed',85),(85,'Voluptateaperiam','aperiamvero',86),(86,'Molestiaeut','culpaaliquid',87),(87,'Reprehenderitaut','suscipitsit',88),(88,'Idautem','saepequam',89),(89,'Laborumdoloribus','errormolestiae',90),(90,'Quiautem','saepereiciendis',91),(91,'Odiolabore','autemsed',92),(92,'Doloremdicta','occaecativel',93),(93,'Utquia','doloribushic',94),(94,'Pariaturculpa','temporavoluptates',95),(95,'Beataesit','rerumea',96),(96,'Exdebitis','eaqueut',97),(97,'Autipsam','nonperspiciatis',98),(98,'Etet','inciduntaut',99),(99,'Quotempora','eossunt',100),(100,'Quaeratoptio','accusamuset',101),(101,'Temporibusat','sedinventore',102),(102,'Aliquidvoluptatem','etharum',103),(103,'Providenttempora','dolorumet',104),(104,'Quiaquibusdam','oditmolestiae',105),(105,'Sequiquaerat','rationereiciendis',106),(106,'Magniillum','voluptatemquasi',107),(107,'Etharum','velvelit',108),(108,'Abexpedita','quiaeius',109),(109,'Debitiset','ipsumquia',110),(110,'Quipossimus','nonpossimus',111),(111,'Nihilitaque','delectusdolore',112),(112,'Aperiamaspernatur','eoseligendi',113),(113,'Quivoluptas','voluptatumquaerat',114),(114,'Suntminima','harumarchitecto',115),(115,'Repudiandaequi','voluptatemet',116),(116,'Nonet','excepturidicta',117),(117,'Facilismagni','teneturrecusandae',118),(118,'Voluptatemvero','facerelabore',119),(119,'Quiipsam','innemo',120),(120,'Nihilin','mollitiasunt',121),(121,'Autneque','molestiaedolor',122),(122,'Excepturirerum','sequiodit',124),(123,'Evenietet','quiquo',125),(124,'Evenietrerum','praesentiumvel',126),(125,'Temporapossimus','situt',127),(126,'Cumeos','suntvoluptatem',128),(127,'Dolorunde','suntconsequatur',129),(128,'Sedest','quomagnam',130),(129,'Officiisdolores','occaecatiautem',131),(130,'Excepturiasperiores','quamlabore',132),(131,'Doloremquesit','dolorevel',133),(132,'Officiisatque','sedrecusandae',134),(133,'Magnisimilique','laudantiumminima',135),(134,'Utculpa','eaqueut',136),(135,'Praesentiumaperiam','estautem',137),(136,'Saepevel','utadipisci',138),(137,'Beataeest','etperferendis',139),(138,'Debitislaborum','illoid',140),(139,'Uterror','aspernaturaut',141),(140,'Utdignissimos','praesentiumquia',142),(141,'Repellendusautem','providentnobis',143),(142,'Minimalaudantium','quiaat',144),(143,'Rerumsimilique','eaquedignissimos',145),(144,'Quiest','quiut',146),(145,'Voluptatesqui','aliasconsequatur',147),(146,'Nihilipsam','doloremnisi',148),(147,'Doloreet','evenietet',149),(148,'Idvoluptatem','dolorumsunt',150),(149,'Nesciuntquia','doloremneque',151),(150,'Sedet','culpasimilique',152),(151,'Dolorerepudiandae','aperiamquis',153),(152,'Voluptatesearum','repudiandaevoluptatem',154),(153,'Autemaut','repellatprovident',155),(154,'Pariaturomnis','namsit',156),(155,'Sednihil','providentasperiores',157),(156,'Asperioressuscipit','inciduntin',158),(157,'Namaliquam','inminima',159),(158,'Doloresipsum','eaquevoluptatum',160),(159,'Quoconsectetur','quosearum',161),(160,'Corporisdolores','etcupiditate',162),(161,'Undedoloremque','reprehenderitnobis',163),(162,'Eaqueesse','deseruntnesciunt',164),(163,'Quamdebitis','maximerecusandae',165),(164,'Velcupiditate','veliteos',166),(165,'Maioresaspernatur','delectusut',167),(166,'Ducimusofficiis','quiadicta',168),(167,'Cumqueaut','autemquaerat',169),(168,'Quodsapiente','culpaoccaecati',170),(169,'Consequaturomnis','isteet',171),(170,'Delectusdoloribus','enimincidunt',172),(171,'Inventoreex','nonfacere',173),(172,'Namillo','ullameum',174),(173,'Sitadipisci','etsed',175),(174,'Voluptatemquia','istevoluptatem',176),(175,'Nonvoluptatem','sitreiciendis',177),(176,'Nihilcorporis','perferendisquidem',178),(177,'Ipsamvoluptates','quosfugiat',179),(178,'Laudantiumeos','molestiasamet',180),(179,'Maximesed','quamvel',181),(180,'Eteum','nobislaboriosam',182),(181,'Impeditnihil','quoharum',183),(182,'Suntconsequuntur','estrem',184),(183,'Nostrumiure','quasquisquam',185),(184,'Idplaceat','ducimuslaborum',186),(185,'Eligendivoluptatibus','suntsed',187),(186,'Eanon','quofugiat',188),(187,'Commodieos','praesentiumdolores',189),(188,'Delectusvero','nequeillo',190),(189,'Erroret','estqui',191),(190,'Velitvero','quodprovident',192),(191,'Eiusmollitia','utet',193),(192,'Etet','anihil',194),(193,'Remvoluptatem','exet',195),(194,'Exercitationemprovident','solutaeveniet',196),(195,'Expeditaitaque','eaautem',197),(196,'Quaseligendi','doloribusreiciendis',198),(197,'Suntpraesentium','veroat',199),(198,'Etid','officiisad',200),(199,'Utet','estet',201),(200,'Hicvoluptatibus','aliquiddicta',202);
/*!40000 ALTER TABLE `locations` ENABLE KEYS */;
UNLOCK TABLES;

--
-- Table structure for table `model_group_links`
--

DROP TABLE IF EXISTS `model_group_links`;
/*!40101 SET @saved_cs_client     = @@character_set_client */;
/*!40101 SET character_set_client = utf8 */;
CREATE TABLE `model_group_links` (
  `id` int(11) NOT NULL AUTO_INCREMENT,
  `ancestor_id` int(11) DEFAULT NULL,
  `descendant_id` int(11) DEFAULT NULL,
  `direct` tinyint(1) DEFAULT NULL,
  `count` int(11) DEFAULT NULL,
  `label` varchar(255) COLLATE utf8_unicode_ci DEFAULT NULL,
  PRIMARY KEY (`id`),
  KEY `index_model_group_links_on_ancestor_id` (`ancestor_id`),
  KEY `index_model_group_links_on_direct` (`direct`),
  KEY `index_on_descendant_id_and_ancestor_id_and_direct` (`descendant_id`,`ancestor_id`,`direct`)
) ENGINE=InnoDB AUTO_INCREMENT=9 DEFAULT CHARSET=utf8 COLLATE=utf8_unicode_ci;
/*!40101 SET character_set_client = @saved_cs_client */;

--
-- Dumping data for table `model_group_links`
--

LOCK TABLES `model_group_links` WRITE;
/*!40000 ALTER TABLE `model_group_links` DISABLE KEYS */;
INSERT INTO `model_group_links` VALUES (1,2,10,1,1,NULL),(2,2,8,1,1,NULL),(3,5,10,1,1,NULL),(4,5,9,1,1,NULL),(5,1,9,1,1,NULL),(6,1,11,0,1,NULL),(7,5,11,0,1,NULL),(8,9,11,1,1,NULL);
/*!40000 ALTER TABLE `model_group_links` ENABLE KEYS */;
UNLOCK TABLES;

--
-- Table structure for table `model_groups`
--

DROP TABLE IF EXISTS `model_groups`;
/*!40101 SET @saved_cs_client     = @@character_set_client */;
/*!40101 SET character_set_client = utf8 */;
CREATE TABLE `model_groups` (
  `id` int(11) NOT NULL AUTO_INCREMENT,
  `type` varchar(255) COLLATE utf8_unicode_ci DEFAULT NULL,
  `name` varchar(255) COLLATE utf8_unicode_ci DEFAULT NULL,
  `created_at` datetime DEFAULT NULL,
  `updated_at` datetime DEFAULT NULL,
  PRIMARY KEY (`id`),
  KEY `index_model_groups_on_type` (`type`)
) ENGINE=InnoDB AUTO_INCREMENT=15 DEFAULT CHARSET=utf8 COLLATE=utf8_unicode_ci;
/*!40101 SET character_set_client = @saved_cs_client */;

--
-- Dumping data for table `model_groups`
--

LOCK TABLES `model_groups` WRITE;
/*!40000 ALTER TABLE `model_groups` DISABLE KEYS */;
INSERT INTO `model_groups` VALUES (1,'Category','Beamer','2016-12-10 15:30:24','2016-12-10 15:30:24'),(2,'Category','Kameras','2016-12-10 15:30:24','2016-12-10 15:30:24'),(3,'Category','Stative','2016-12-10 15:30:24','2016-12-10 15:30:24'),(4,'Category','Hifi-Anlagen','2016-12-10 15:30:24','2016-12-10 15:30:24'),(5,'Category','Notebooks','2016-12-10 15:30:24','2016-12-10 15:30:24'),(6,'Category','RC Helikopter','2016-12-10 15:30:24','2016-12-10 15:30:24'),(7,'Category','Computer','2016-12-10 15:30:24','2016-12-10 15:30:24'),(8,'Category','Kurzdistanz','2016-12-10 15:30:24','2016-12-10 15:30:24'),(9,'Category','Portabel','2016-12-10 15:30:24','2016-12-10 15:30:24'),(10,'Category','Standard','2016-12-10 15:30:24','2016-12-10 15:30:24'),(11,'Category','Micro','2016-12-10 15:30:24','2016-12-10 15:30:24'),(12,'Template','Kamera & Stativ','2016-12-10 15:30:24','2016-12-10 15:30:24'),(13,'Template','Beamer & Hifi','2016-12-10 15:30:24','2016-12-10 15:30:24'),(14,'Template','Unaccomplishable template','2016-12-10 15:30:24','2016-12-10 15:30:24');
/*!40000 ALTER TABLE `model_groups` ENABLE KEYS */;
UNLOCK TABLES;

--
-- Table structure for table `model_links`
--

DROP TABLE IF EXISTS `model_links`;
/*!40101 SET @saved_cs_client     = @@character_set_client */;
/*!40101 SET character_set_client = utf8 */;
CREATE TABLE `model_links` (
  `id` int(11) NOT NULL AUTO_INCREMENT,
  `model_group_id` int(11) DEFAULT NULL,
  `model_id` int(11) DEFAULT NULL,
  `quantity` int(11) DEFAULT '1',
  PRIMARY KEY (`id`),
  KEY `index_model_links_on_model_id_and_model_group_id` (`model_id`,`model_group_id`),
  KEY `index_model_links_on_model_group_id_and_model_id` (`model_group_id`,`model_id`)
) ENGINE=InnoDB AUTO_INCREMENT=73 DEFAULT CHARSET=utf8 COLLATE=utf8_unicode_ci;
/*!40101 SET character_set_client = @saved_cs_client */;

--
-- Dumping data for table `model_links`
--

LOCK TABLES `model_links` WRITE;
/*!40000 ALTER TABLE `model_links` DISABLE KEYS */;
INSERT INTO `model_links` VALUES (1,1,54,1),(2,9,54,1),(3,1,55,1),(4,1,56,1),(5,1,58,1),(6,9,58,1),(7,11,59,1),(8,1,60,1),(9,1,61,1),(10,1,62,1),(11,1,63,1),(12,1,64,1),(13,1,65,1),(14,1,66,1),(15,1,67,1),(16,1,68,1),(17,1,69,1),(18,1,70,1),(19,1,71,1),(20,1,72,1),(21,1,73,1),(22,1,74,1),(23,1,75,1),(24,1,76,1),(25,1,77,1),(26,1,78,1),(27,1,79,1),(28,2,80,1),(29,2,81,1),(30,2,82,1),(31,2,83,1),(32,2,84,1),(33,2,85,1),(34,2,86,1),(35,2,87,1),(36,2,88,1),(37,2,89,1),(38,2,90,1),(39,2,91,1),(40,2,92,1),(41,2,93,1),(42,2,94,1),(43,2,95,1),(44,2,96,1),(45,2,97,1),(46,2,98,1),(47,2,99,1),(48,2,100,1),(49,2,101,1),(50,2,102,1),(51,2,103,1),(52,2,104,1),(53,2,105,1),(54,2,106,1),(55,2,107,1),(56,2,108,1),(57,2,109,1),(58,2,110,1),(59,4,111,1),(60,3,112,1),(61,12,80,1),(62,12,112,1),(63,13,54,1),(64,13,111,1),(65,14,80,999),(66,14,112,999),(67,2,145,1),(68,7,146,1),(69,5,147,1),(70,6,148,1),(71,6,149,1),(72,6,150,1);
/*!40000 ALTER TABLE `model_links` ENABLE KEYS */;
UNLOCK TABLES;

--
-- Table structure for table `models`
--

DROP TABLE IF EXISTS `models`;
/*!40101 SET @saved_cs_client     = @@character_set_client */;
/*!40101 SET character_set_client = utf8 */;
CREATE TABLE `models` (
  `id` int(11) NOT NULL AUTO_INCREMENT,
  `type` varchar(255) COLLATE utf8_unicode_ci NOT NULL DEFAULT 'Model',
  `manufacturer` varchar(255) COLLATE utf8_unicode_ci DEFAULT NULL,
  `product` varchar(255) COLLATE utf8_unicode_ci NOT NULL,
  `version` varchar(255) COLLATE utf8_unicode_ci DEFAULT NULL,
  `description` text COLLATE utf8_unicode_ci,
  `internal_description` text COLLATE utf8_unicode_ci,
  `info_url` varchar(255) COLLATE utf8_unicode_ci DEFAULT NULL,
  `rental_price` decimal(8,2) DEFAULT NULL,
  `maintenance_period` int(11) DEFAULT '0',
  `is_package` tinyint(1) DEFAULT '0',
  `technical_detail` text COLLATE utf8_unicode_ci,
  `hand_over_note` text COLLATE utf8_unicode_ci,
  `created_at` datetime DEFAULT NULL,
  `updated_at` datetime DEFAULT NULL,
  PRIMARY KEY (`id`),
  KEY `index_models_on_is_package` (`is_package`),
  KEY `index_models_on_type` (`type`)
) ENGINE=InnoDB AUTO_INCREMENT=323 DEFAULT CHARSET=utf8 COLLATE=utf8_unicode_ci;
/*!40101 SET character_set_client = @saved_cs_client */;

--
-- Dumping data for table `models`
--

LOCK TABLES `models` WRITE;
/*!40000 ALTER TABLE `models` DISABLE KEYS */;
INSERT INTO `models` VALUES (1,'Model','Wilkinson and Sons','Rustic Concrete Chair','1','Aut quis ut illo et adipisci molestias consequuntur.','Unde voluptatem nemo debitis cupiditate voluptatem ab id sit.',NULL,NULL,0,0,'Est ipsa mollitia optio ut sunt.','Deserunt reprehenderit consequatur consequatur rem dicta.','2016-12-10 15:30:24','2016-12-10 15:30:24'),(2,'Model','Batz, Cassin and Leffler','Small Plastic Computer','2','Dolores nisi distinctio sint magni voluptas soluta.','Modi earum rerum quis culpa officiis.',NULL,NULL,3,0,'Totam repellendus quas porro hic delectus.','Atque natus illo iste inventore voluptatibus eum saepe.','2016-12-10 15:30:24','2016-12-10 15:30:24'),(3,'Model','Friesen Group','Gorgeous Rubber Shirt','3','Accusantium repellat a aspernatur at laborum nihil illo officia.','Tempora qui ipsam quia enim quis nostrum soluta rem.',NULL,NULL,3,0,'Dolor dolores excepturi ea voluptas mollitia.','Voluptate facere et cupiditate quisquam reiciendis.','2016-12-10 15:30:24','2016-12-10 15:30:24'),(4,'Model','Stehr Group','Small Plastic Table','4','Aperiam omnis itaque numquam maiores incidunt.','Dolorem consequuntur inventore ad voluptatem ipsa placeat est.',NULL,NULL,0,0,'Quam blanditiis aut id et fugit iure architecto.','Minima magni autem quam et.','2016-12-10 15:30:24','2016-12-10 15:30:24'),(5,'Model','DuBuque, Kozey and McGlynn','Fantastic Cotton Table','5','Voluptatem ex magnam non similique sit fugiat architecto dicta.','Fuga nihil atque sit.',NULL,NULL,1,0,'Ratione sint in corrupti.','Est et ut fugiat facilis quo.','2016-12-10 15:30:24','2016-12-10 15:30:24'),(6,'Model','O\'Kon Group','Ergonomic Rubber Computer','6','Fugit cum dolor placeat quaerat dolorem.','Et cum est quam ratione.',NULL,NULL,3,0,'Omnis et voluptatem sed id.','Enim inventore et voluptatem.','2016-12-10 15:30:24','2016-12-10 15:30:24'),(7,'Model','Schultz and Sons','Small Wooden Chair','7','Voluptatibus harum nihil minus.','Ipsum necessitatibus rem quo eveniet commodi natus.',NULL,NULL,3,0,'Omnis et consequuntur sapiente.','Quia quo et est nihil vel.','2016-12-10 15:30:24','2016-12-10 15:30:24'),(8,'Model','Heaney, Gibson and Orn','Rustic Steel Table','8','Hic error asperiores quas.','Minus quos aut consectetur quo.',NULL,NULL,1,0,'Aperiam doloribus minus recusandae.','Nihil quia esse assumenda ut sint.','2016-12-10 15:30:24','2016-12-10 15:30:24'),(9,'Model','Romaguera LLC','Awesome Granite Hat','9','Iure veritatis voluptatem exercitationem.','Omnis consectetur quisquam veritatis.',NULL,NULL,3,0,'Doloremque at aut officiis.','Asperiores repellendus autem impedit vitae.','2016-12-10 15:30:24','2016-12-10 15:30:24'),(10,'Model','Beer-Little','Awesome Steel Hat','10','Et aut eum dolorem.','Natus ut dolor doloremque.',NULL,NULL,0,0,'Dicta neque deserunt consequuntur.','Aspernatur et nemo voluptatem sit ut.','2016-12-10 15:30:24','2016-12-10 15:30:24'),(11,'Model','McGlynn Group','Rustic Granite Shoes','11','Amet ut eveniet est et.','Quo quaerat voluptas dolorem.',NULL,NULL,2,0,'Laboriosam temporibus magnam dolorum.','Iure molestias autem fugit eveniet.','2016-12-10 15:30:24','2016-12-10 15:30:24'),(12,'Model','Lindgren-Stamm','Small Concrete Shoes','12','Delectus voluptate ut asperiores.','Adipisci inventore vero officia praesentium sed facere deserunt.',NULL,NULL,2,0,'Saepe vel enim distinctio voluptatem sunt temporibus et.','Laudantium qui molestias in exercitationem impedit nihil.','2016-12-10 15:30:24','2016-12-10 15:30:24'),(13,'Model','Corwin LLC','Gorgeous Wooden Car','13','Ducimus qui et nostrum esse aliquam velit tempore.','Ex impedit ut qui.',NULL,NULL,1,0,'Aliquam beatae iusto qui accusantium et magnam numquam.','Dolorem sunt adipisci illo.','2016-12-10 15:30:24','2016-12-10 15:30:24'),(14,'Model','O\'Connell LLC','Practical Wooden Computer','14','Architecto placeat quam ad ipsa provident error dignissimos.','Eos hic aut sit delectus esse.',NULL,NULL,1,0,'Ipsam officia et qui quos officiis voluptas placeat.','Vel saepe at fugit atque.','2016-12-10 15:30:24','2016-12-10 15:30:24'),(15,'Model','Legros Inc','Small Steel Pants','15','Blanditiis deleniti quae ut ut earum culpa qui.','Enim quia sint nihil incidunt.',NULL,NULL,0,0,'Nemo magni dicta maxime.','Qui repellendus rerum est.','2016-12-10 15:30:24','2016-12-10 15:30:24'),(16,'Model','Schamberger and Sons','Practical Concrete Chair','16','Iusto eaque exercitationem excepturi magnam maxime qui laudantium aut.','Optio quaerat a dolore aut necessitatibus consectetur.',NULL,NULL,1,0,'Magnam rerum ex temporibus nobis similique.','Odio architecto ut ut explicabo assumenda molestiae.','2016-12-10 15:30:24','2016-12-10 15:30:24'),(17,'Model','Skiles LLC','Intelligent Plastic Table','17','Ratione eligendi quidem iste dignissimos est dolores.','Et explicabo ex et sed autem.',NULL,NULL,2,0,'Nostrum deserunt iste aliquam voluptatem laudantium eum a.','Impedit voluptatibus architecto doloremque.','2016-12-10 15:30:24','2016-12-10 15:30:24'),(18,'Model','Gerhold-Torp','Ergonomic Steel Pants','18','Voluptas a quas provident qui.','Nobis illo optio est.',NULL,NULL,3,0,'Laudantium nam tempore vel qui est voluptatem.','Consequatur excepturi et eveniet architecto necessitatibus dignissimos enim.','2016-12-10 15:30:24','2016-12-10 15:30:24'),(19,'Model','Hoeger, Hyatt and Kunde','Incredible Wooden Chair','19','Aliquam debitis nulla et cumque et consectetur fugit soluta.','Magni nobis voluptatem pariatur omnis repellendus illum sit iusto.',NULL,NULL,2,0,'Rerum quam voluptatem enim dicta qui quos error qui.','Quia doloribus sed eveniet officiis voluptatem repellendus sit.','2016-12-10 15:30:24','2016-12-10 15:30:24'),(20,'Model','Rolfson LLC','Practical Cotton Computer','20','Aut in sit et.','Et beatae commodi placeat quia expedita quia.',NULL,NULL,0,0,'Libero itaque non blanditiis voluptas dolorem commodi et qui.','Qui dolore quasi nobis amet praesentium.','2016-12-10 15:30:24','2016-12-10 15:30:24'),(21,'Model','Boyle Group','Small Granite Computer','21','Impedit blanditiis ut rem est ab.','Voluptatum adipisci minus enim fugit itaque molestias.',NULL,NULL,2,0,'Ipsa qui alias et neque voluptates vel quia quis.','Architecto unde aspernatur eos voluptates.','2016-12-10 15:30:24','2016-12-10 15:30:24'),(22,'Model','Grant Group','Sleek Plastic Computer','22','Fugiat enim ad necessitatibus optio eius adipisci voluptatem dolorum.','Quidem suscipit atque ad eius eos beatae optio temporibus.',NULL,NULL,1,0,'Nesciunt laboriosam rerum nobis voluptatem non.','Aut perferendis non et et.','2016-12-10 15:30:24','2016-12-10 15:30:24'),(23,'Model','Pacocha LLC','Practical Granite Table','23','Illo odio laudantium consequatur voluptate eaque consequuntur.','Esse tempore distinctio molestiae quisquam.',NULL,NULL,3,0,'Magnam sit occaecati ratione voluptatum dolorem repellat autem.','Blanditiis error sunt corporis odit nemo aut omnis amet.','2016-12-10 15:30:24','2016-12-10 15:30:24'),(24,'Model','Kautzer, Tillman and Davis','Incredible Wooden Table','24','Qui beatae earum quis.','Ipsam porro sit voluptatibus nulla sunt commodi.',NULL,NULL,3,0,'Voluptas enim quod iure.','Temporibus voluptas pariatur deleniti sequi.','2016-12-10 15:30:24','2016-12-10 15:30:24'),(25,'Model','Connelly-Auer','Ergonomic Rubber Gloves','25','Facilis deleniti quod sed.','Animi maxime reprehenderit rem labore dolorum.',NULL,NULL,1,0,'Repellat aut aspernatur autem qui nisi fugiat.','Et aut repudiandae ut omnis.','2016-12-10 15:30:24','2016-12-10 15:30:24'),(26,'Model','Toy, Gulgowski and Jerde','Small Granite Table','26','Sit est aut consequatur maxime.','Enim voluptate ut ducimus repellat voluptatem.',NULL,NULL,2,0,'Aspernatur eum error reiciendis.','Id aut et ut quia et at.','2016-12-10 15:30:24','2016-12-10 15:30:24'),(27,'Model','Crist, Bartell and Metz','Sleek Concrete Computer','27','Est nesciunt quos molestias facilis earum a.','Architecto rerum excepturi et repellat ducimus qui consequatur.',NULL,NULL,2,0,'Suscipit et velit officia quia veniam autem omnis.','Voluptatem minus impedit id sed ea non est.','2016-12-10 15:30:24','2016-12-10 15:30:24'),(28,'Model','Ankunding-Reynolds','Small Plastic Shoes','28','Et modi voluptas laudantium illo voluptatem.','Fuga facere voluptatem et.',NULL,NULL,0,0,'Tempora vel et consequatur et suscipit.','Iste eum voluptatem optio beatae nisi est aut doloremque.','2016-12-10 15:30:24','2016-12-10 15:30:24'),(29,'Model','Murazik-Littel','Awesome Cotton Hat','29','Voluptatem voluptate molestias ratione dolor qui ipsam assumenda id.','Voluptatum harum officiis perspiciatis aut modi quia quia quia.',NULL,NULL,2,0,'Aspernatur consectetur sed sit necessitatibus.','Rem qui culpa cumque aspernatur nam et et.','2016-12-10 15:30:24','2016-12-10 15:30:24'),(30,'Model','Bogan and Sons','Small Wooden Shirt','30','Similique rerum rerum et numquam.','Sint iusto molestiae velit qui esse velit.',NULL,NULL,1,0,'Sed iure ratione est odit officiis est dolorum.','Sed quia in quos quam.','2016-12-10 15:30:24','2016-12-10 15:30:24'),(31,'Model','Kuhn LLC','Intelligent Granite Car','31','Nobis consequuntur doloremque dolores totam.','Eum vel quia quam asperiores reprehenderit.',NULL,NULL,0,0,'Voluptatum sed repellendus molestiae dicta est.','Quis velit quia distinctio cum sunt nisi aperiam non.','2016-12-10 15:30:24','2016-12-10 15:30:24'),(32,'Model','Rempel Group','Incredible Plastic Shoes','32','Harum iure suscipit natus nisi similique laborum cum.','Hic possimus fugit et quibusdam et cupiditate.',NULL,NULL,0,0,'Iure mollitia animi quos eos.','Sequi animi suscipit soluta est ex est id.','2016-12-10 15:30:24','2016-12-10 15:30:24'),(33,'Model','Gleason, Nolan and Gulgowski','Awesome Granite Pants','33','Officia qui ullam et.','Architecto voluptate velit rerum quae quia.',NULL,NULL,0,0,'Iure necessitatibus similique ipsa dolor id aliquam qui.','Perspiciatis quis reprehenderit cumque qui nemo odit nostrum doloremque.','2016-12-10 15:30:24','2016-12-10 15:30:24'),(34,'Model','Schamberger Inc','Small Rubber Gloves','34','Assumenda aut quia consequatur id itaque impedit.','Sint maxime est praesentium commodi explicabo dolor.',NULL,NULL,3,0,'Iure autem itaque libero vitae et eaque quisquam.','Expedita in unde quibusdam architecto earum nihil magni.','2016-12-10 15:30:24','2016-12-10 15:30:24'),(35,'Model','Muller, Upton and Ryan','Practical Rubber Shoes','35','Et illum aliquam corporis voluptate consequatur qui.','Ut qui eaque corrupti ut qui inventore.',NULL,NULL,2,0,'Molestias est dolorem voluptates.','Minus voluptatum est asperiores.','2016-12-10 15:30:24','2016-12-10 15:30:24'),(36,'Model','Jacobi Inc','Practical Cotton Chair','36','Sint maxime et harum magnam excepturi.','Officiis dolorum qui fugit eaque quos.',NULL,NULL,1,0,'Iusto corporis ut fugit doloribus sit error.','Ipsa est sit beatae qui ex aliquid.','2016-12-10 15:30:24','2016-12-10 15:30:24'),(37,'Model','Christiansen and Sons','Sleek Steel Computer','37','Nemo porro magni nihil voluptate ea.','Iure aut consequatur aut.',NULL,NULL,3,0,'Velit in vitae quis.','Doloremque iure voluptate magnam adipisci facere harum.','2016-12-10 15:30:24','2016-12-10 15:30:24'),(38,'Model','Pollich, Block and Koch','Fantastic Granite Pants','38','Incidunt et dolorum aut quia atque vero.','Voluptate et qui velit fugit.',NULL,NULL,1,0,'Itaque est qui possimus quas amet.','Est velit in quibusdam reiciendis ipsum.','2016-12-10 15:30:24','2016-12-10 15:30:24'),(39,'Model','Borer-Hilpert','Awesome Steel Computer','39','Recusandae illo rerum repellat.','Atque quaerat laborum velit eveniet enim.',NULL,NULL,2,0,'Corporis magni cumque sit temporibus autem.','Molestiae ea excepturi ex.','2016-12-10 15:30:24','2016-12-10 15:30:24'),(40,'Model','Morissette Inc','Rustic Granite Hat','40','Ratione velit explicabo modi accusantium sed voluptas blanditiis nihil.','Accusamus reiciendis aliquam qui at officiis.',NULL,NULL,1,0,'Voluptatem ipsum quia sint facere.','Aliquam sapiente provident magni commodi illo pariatur voluptate sit.','2016-12-10 15:30:24','2016-12-10 15:30:24'),(41,'Model','Weber-Ward','Ergonomic Steel Table','41','Doloremque nihil consequuntur ut ut.','Voluptatem quis sint blanditiis similique est.',NULL,NULL,3,0,'Esse veritatis quaerat eos labore dolor fugiat.','Reprehenderit at fugit cumque id aliquid.','2016-12-10 15:30:24','2016-12-10 15:30:24'),(42,'Model','Barton-O\'Connell','Intelligent Cotton Hat','42','Rem repellat quia et earum incidunt.','Omnis consectetur error omnis qui iusto inventore.',NULL,NULL,0,0,'Labore ea qui vitae quae totam.','Cumque eaque tenetur corrupti molestias.','2016-12-10 15:30:24','2016-12-10 15:30:24'),(43,'Model','Bartoletti, Langosh and Green','Fantastic Steel Gloves','43','Vitae ut autem quod alias laborum.','Qui nesciunt est quidem aperiam quisquam.',NULL,NULL,1,0,'Autem ut autem cum eaque cumque explicabo.','Culpa sunt in reprehenderit ut nihil quidem consequatur occaecati.','2016-12-10 15:30:24','2016-12-10 15:30:24'),(44,'Model','DuBuque-Brakus','Fantastic Granite Chair','44','Qui sit aut repellendus non qui animi.','Incidunt impedit aliquid odit enim.',NULL,NULL,2,0,'Officiis quia delectus aut.','Inventore debitis dignissimos earum velit exercitationem consequuntur repellendus laboriosam.','2016-12-10 15:30:24','2016-12-10 15:30:24'),(45,'Model','Mayer-Rowe','Gorgeous Rubber Car','45','In quas voluptatibus est enim voluptas.','Officiis voluptas voluptas modi.',NULL,NULL,1,0,'Quae numquam at animi quasi.','Voluptates ex quo repellendus sequi omnis quia quasi.','2016-12-10 15:30:24','2016-12-10 15:30:24'),(46,'Model','Watsica Inc','Rustic Plastic Hat','46','Odit animi aut ea minima voluptates consectetur.','Temporibus aliquid ut rem alias vero iusto soluta enim.',NULL,NULL,1,0,'Et molestias consequatur labore dolores.','Dolorum soluta autem repudiandae animi dolor.','2016-12-10 15:30:24','2016-12-10 15:30:24'),(47,'Model','Beahan Group','Practical Concrete Hat','47','Nulla sint vitae id fugit veniam.','Repudiandae illo nulla aut blanditiis beatae nisi quo nemo.',NULL,NULL,1,0,'Repudiandae et eligendi assumenda non dolorum quibusdam ut asperiores.','Corporis fugit nobis itaque architecto quod.','2016-12-10 15:30:24','2016-12-10 15:30:24'),(48,'Model','Bauch-Skiles','Ergonomic Wooden Shoes','48','Iste et qui in sunt rerum ex non enim.','Est eveniet at rerum eaque explicabo sunt.',NULL,NULL,3,0,'Laboriosam id dignissimos officiis eius voluptatem eum.','Laudantium sit et consequatur blanditiis error rerum deserunt.','2016-12-10 15:30:24','2016-12-10 15:30:24'),(49,'Model','Stracke Group','Intelligent Concrete Shoes','49','Nulla dolorem quis perspiciatis vel iusto.','Quibusdam itaque expedita sit dolor dolorem quis eligendi iusto.',NULL,NULL,1,0,'Ea est blanditiis vel.','Animi inventore nemo iusto perferendis accusamus explicabo debitis.','2016-12-10 15:30:24','2016-12-10 15:30:24'),(50,'Model','Cremin-Smith','Awesome Wooden Computer','50','Architecto et nihil sit voluptas amet.','Ratione ut nemo molestiae est qui animi impedit.',NULL,NULL,2,0,'Quod aspernatur ut voluptatum voluptas et nesciunt accusamus doloribus.','Voluptates voluptatem enim quos ut et dignissimos inventore.','2016-12-10 15:30:24','2016-12-10 15:30:24'),(51,'Model','Harvey Group','Awesome Wooden Gloves','51','Veniam atque omnis minus aspernatur impedit reiciendis.','Tempore quos repudiandae esse qui.',NULL,NULL,3,0,'Sed pariatur voluptatem voluptas alias consequatur nihil minima qui.','Est debitis odit aut vitae in reiciendis.','2016-12-10 15:30:24','2016-12-10 15:30:24'),(52,'Model','Bins Group','Ergonomic Concrete Hat','52','Hic debitis numquam amet necessitatibus.','Fuga autem sit atque dolor quod id officia.',NULL,NULL,3,0,'Velit at libero est aut similique recusandae et modi.','Sunt rerum quos et velit maiores.','2016-12-10 15:30:24','2016-12-10 15:30:24'),(53,'Model','Apple','MacBookPro','53','Laptop fr Studis und Angestellte.','Commodi nobis doloremque non repudiandae earum enim.',NULL,NULL,0,0,'Eum at iure placeat.','Mit Verpackung aushndigen.','2016-12-10 15:30:24','2016-12-10 15:30:24'),(54,'Model','Sharp','Sharp Beamer','123','Beamer, geeignet fr alle Verwendungszwecke.','Assumenda aut tenetur earum.',NULL,NULL,0,0,'Quia delectus quaerat quia doloribus cumque ipsum.','Beamer brauch ein VGA Kabel!','2016-12-10 15:30:24','2016-12-10 15:30:24'),(55,'Model','Sharp','Sharp Beamer 2D','54','Beamer, geeignet fr alle Verwendungszwecke.','Ullam ad voluptatibus eaque laborum aliquid id.',NULL,NULL,0,0,'Vitae quis placeat quia.','Qui cupiditate quam facere et architecto id soluta.','2016-12-10 15:30:24','2016-12-10 15:30:24'),(56,'Model','Panasonic','Mini Beamer','55','Beamer, geeignet fr alle Verwendungszwecke.','Dolores sed dolor aliquam et inventore corrupti excepturi.',NULL,NULL,0,0,'Modi autem minus provident quas quisquam odit.','Adipisci minus ullam non eos.','2016-12-10 15:30:24','2016-12-10 15:30:24'),(57,'Model','Sharp','Sharp Beamer','456','Beamer, geeignet fr alle Verwendungszwecke.','Dolorem et dolorem rerum ex quaerat.',NULL,NULL,0,0,'Ea unde in est alias et soluta.','Beamer brauch ein VGA Kabel!','2016-12-10 15:30:24','2016-12-10 15:30:24'),(58,'Model','Sony','Ultra Compact Beamer','56','Besonders kleiner Beamer.','Nesciunt blanditiis autem eligendi sed suscipit.',NULL,NULL,0,0,'Est accusamus placeat et non error et.','Beamer brauch ein VGA Kabel!','2016-12-10 15:30:24','2016-12-10 15:30:24'),(59,'Model','Micro','Micro Beamer','57','Besonders mikro kleiner Beamer.','Quia et iusto aut quas ducimus eos ut.',NULL,NULL,0,0,'Minus quae maxime laboriosam vel natus expedita odio.','Beamer brauch ein VGA Kabel!','2016-12-10 15:30:24','2016-12-10 15:30:24'),(60,'Model','Sony','Beamer 1 rerum','58','Nobis itaque veritatis perspiciatis placeat facere velit.','Accusantium culpa illum molestiae velit harum maiores.',NULL,NULL,0,0,'Esse voluptatibus eius quis sint nostrum suscipit ratione.','Beamer brauch ein VGA Kabel!','2016-12-10 15:30:24','2016-12-10 15:30:24'),(61,'Model','Sony','Beamer 2 error','59','Aut maxime quia est ut impedit quas quo.','Est facere error nemo rem animi quod assumenda.',NULL,NULL,0,0,'Et eius quia quo accusamus ullam.','Beamer brauch ein VGA Kabel!','2016-12-10 15:30:24','2016-12-10 15:30:24'),(62,'Model','Sony','Beamer 3 inventore','60','Aliquam qui voluptatem dolores qui qui quae voluptate provident.','Architecto qui explicabo vitae.',NULL,NULL,0,0,'Assumenda vel cupiditate qui facilis distinctio quae.','Beamer brauch ein VGA Kabel!','2016-12-10 15:30:24','2016-12-10 15:30:24'),(63,'Model','Sony','Beamer 4 accusantium','61','Earum ut voluptate molestias ullam sit ut.','Eum beatae voluptas eligendi in eaque officia accusantium dolor.',NULL,NULL,0,0,'Itaque et non impedit quia velit aperiam.','Beamer brauch ein VGA Kabel!','2016-12-10 15:30:24','2016-12-10 15:30:24'),(64,'Model','Sony','Beamer 5 ut','62','Et velit earum autem sapiente.','Suscipit sunt porro expedita tempore temporibus adipisci dolores.',NULL,NULL,0,0,'Ipsum delectus omnis repellat sed quas officiis suscipit.','Beamer brauch ein VGA Kabel!','2016-12-10 15:30:24','2016-12-10 15:30:24'),(65,'Model','Sony','Beamer 6 dicta','63','Ut molestias qui ipsam eveniet adipisci aliquam magnam ullam.','Vero rerum nisi dolores eum temporibus ea nobis.',NULL,NULL,0,0,'Rem repellat vero non rerum in commodi voluptatem.','Beamer brauch ein VGA Kabel!','2016-12-10 15:30:24','2016-12-10 15:30:24'),(66,'Model','Sony','Beamer 7 quis','64','Consequuntur quidem maiores odio voluptate.','Natus consectetur est et voluptatem distinctio.',NULL,NULL,0,0,'Omnis accusamus blanditiis ipsa quia incidunt enim.','Beamer brauch ein VGA Kabel!','2016-12-10 15:30:24','2016-12-10 15:30:24'),(67,'Model','Sony','Beamer 8 facilis','65','Magni rerum dignissimos fugit est.','A qui dolor autem inventore nesciunt.',NULL,NULL,0,0,'Et enim et exercitationem neque provident omnis qui molestiae.','Beamer brauch ein VGA Kabel!','2016-12-10 15:30:24','2016-12-10 15:30:24'),(68,'Model','Sony','Beamer 9 explicabo','66','Quae sunt magni consequatur eius quibusdam fugit.','Aliquid aspernatur voluptatum ab dolorem veniam ad voluptate.',NULL,NULL,0,0,'Ut mollitia voluptas molestiae et tempora fugit alias quas.','Beamer brauch ein VGA Kabel!','2016-12-10 15:30:24','2016-12-10 15:30:24'),(69,'Model','Sony','Beamer 10 et','67','Voluptas sequi autem a eveniet exercitationem in dolor iste.','Velit blanditiis earum dolor illum nulla voluptas rerum officiis.',NULL,NULL,0,0,'Dolor sed repudiandae et.','Beamer brauch ein VGA Kabel!','2016-12-10 15:30:24','2016-12-10 15:30:24'),(70,'Model','Sony','Beamer 11 necessitatibus','68','Ipsum laboriosam nihil illum.','Repudiandae quo hic tempora nostrum optio fuga ea nemo.',NULL,NULL,0,0,'Cupiditate non voluptas et quam sed.','Beamer brauch ein VGA Kabel!','2016-12-10 15:30:24','2016-12-10 15:30:24'),(71,'Model','Sony','Beamer 12 dicta','69','Maiores nesciunt iste quia.','Impedit nam sed vel rem velit.',NULL,NULL,0,0,'Reiciendis fuga nesciunt quia et ipsa modi.','Beamer brauch ein VGA Kabel!','2016-12-10 15:30:24','2016-12-10 15:30:24'),(72,'Model','Sony','Beamer 13 mollitia','70','Ut vitae ad tempora.','Ipsa ipsum aspernatur odio aperiam perspiciatis explicabo maxime.',NULL,NULL,0,0,'Sed eos suscipit qui est quod placeat.','Beamer brauch ein VGA Kabel!','2016-12-10 15:30:24','2016-12-10 15:30:24'),(73,'Model','Sony','Beamer 14 ipsam','71','Cupiditate quidem aut libero quisquam laborum excepturi quas similique.','Eum velit rerum explicabo.',NULL,NULL,0,0,'Qui vel qui reiciendis consequatur.','Beamer brauch ein VGA Kabel!','2016-12-10 15:30:24','2016-12-10 15:30:24'),(74,'Model','Sony','Beamer 15 laboriosam','72','Qui ex iste enim mollitia.','Unde qui eveniet error veritatis.',NULL,NULL,0,0,'Ullam magnam voluptatem vel a occaecati quis.','Beamer brauch ein VGA Kabel!','2016-12-10 15:30:24','2016-12-10 15:30:24'),(75,'Model','Sony','Beamer 16 molestias','73','Exercitationem repellat neque libero.','Rerum tenetur sit aliquid.',NULL,NULL,0,0,'Sunt quis ratione magni voluptates.','Beamer brauch ein VGA Kabel!','2016-12-10 15:30:24','2016-12-10 15:30:24'),(76,'Model','Sony','Beamer 17 quia','74','Et et non blanditiis est.','Ea officia ut veniam maiores facilis.',NULL,NULL,0,0,'Error consequuntur totam et vel vero qui.','Beamer brauch ein VGA Kabel!','2016-12-10 15:30:24','2016-12-10 15:30:24'),(77,'Model','Sony','Beamer 18 eius','75','Explicabo molestiae minima et.','Sint veniam voluptates dolore iste magnam consequatur culpa consequatur.',NULL,NULL,0,0,'Voluptatem perferendis voluptates et quia quia molestias qui.','Beamer brauch ein VGA Kabel!','2016-12-10 15:30:24','2016-12-10 15:30:24'),(78,'Model','Sony','Beamer 19 ex','76','Accusamus explicabo et aspernatur nesciunt.','Repellendus distinctio deleniti qui.',NULL,NULL,0,0,'Quos sunt ut ea voluptas aut doloremque vero.','Beamer brauch ein VGA Kabel!','2016-12-10 15:30:24','2016-12-10 15:30:24'),(79,'Model','Sony','Beamer 20 vitae','77','Aut magni harum enim provident perspiciatis doloribus omnis.','Culpa ea quod neque magni vel qui nostrum.',NULL,NULL,0,0,'Dolores aliquam ad laudantium possimus sunt similique ipsam provident.','Beamer brauch ein VGA Kabel!','2016-12-10 15:30:24','2016-12-10 15:30:24'),(80,'Model','Nikon','Kamera Nikon','X12','Super Kamera.','Vel omnis enim harum.',NULL,NULL,0,0,'Officia eius in exercitationem quo.','Kamera brauch Akkus!','2016-12-10 15:30:24','2016-12-10 15:30:24'),(81,'Model','Nikon','Camera 1 debitis','78','Repellendus quia rerum eum quis delectus.','Repellat doloremque dolorem aliquid nihil minima.',NULL,NULL,0,0,'Esse nam perferendis aspernatur.','Necessitatibus tempore quia labore vero.','2016-12-10 15:30:24','2016-12-10 15:30:24'),(82,'Model','Nikon','Camera 2 dolore','79','Rerum suscipit eos nobis debitis vitae.','Odio culpa et non ab ea non.',NULL,NULL,0,0,'Dicta eveniet voluptatum eaque architecto assumenda.','Error non non ea voluptatem aut rerum voluptatem ea.','2016-12-10 15:30:24','2016-12-10 15:30:24'),(83,'Model','Nikon','Camera 3 quidem','80','Voluptates sint odit voluptatum officia omnis et a.','Nam at iure unde quae.',NULL,NULL,0,0,'Quia et necessitatibus esse est est optio.','Nesciunt laudantium voluptatibus consequuntur optio.','2016-12-10 15:30:24','2016-12-10 15:30:24'),(84,'Model','Nikon','Camera 4 impedit','81','Qui porro enim consectetur est eos laborum maiores.','Nisi itaque eligendi mollitia dolore.',NULL,NULL,0,0,'Sint commodi magni iste sint delectus debitis.','In qui temporibus dolor maiores optio rerum.','2016-12-10 15:30:24','2016-12-10 15:30:24'),(85,'Model','Nikon','Camera 5 voluptas','82','Voluptatem qui sit dolorem blanditiis hic.','Maxime inventore ea quia ut.',NULL,NULL,0,0,'Ab dolor est repellendus mollitia ipsa a.','Ut fugit ex optio nesciunt.','2016-12-10 15:30:24','2016-12-10 15:30:24'),(86,'Model','Nikon','Camera 6 pariatur','83','Maiores odit perferendis deleniti tempora ut est.','Impedit placeat sint modi quaerat cumque facere.',NULL,NULL,0,0,'Voluptatum voluptate corrupti repellendus sit autem sunt.','Vel enim sed ipsa id fuga officiis voluptas.','2016-12-10 15:30:24','2016-12-10 15:30:24'),(87,'Model','Nikon','Camera 7 distinctio','84','Ea occaecati dicta non ducimus voluptatem corrupti aliquid vitae.','Tempore aut commodi reprehenderit maiores et tenetur qui.',NULL,NULL,0,0,'Aspernatur vel voluptatibus et.','Voluptatem ea eaque et ut sit ex possimus et.','2016-12-10 15:30:24','2016-12-10 15:30:24'),(88,'Model','Nikon','Camera 8 blanditiis','85','Mollitia incidunt neque dolores tenetur sunt aspernatur.','Esse qui aut et eos non explicabo perferendis accusamus.',NULL,NULL,0,0,'Numquam accusamus quod nesciunt veniam voluptas.','Ipsa voluptatibus maxime eius eum sed est.','2016-12-10 15:30:24','2016-12-10 15:30:24'),(89,'Model','Nikon','Camera 9 temporibus','86','Placeat molestiae asperiores et sed sit et quia minima.','Non aut fugiat quaerat laudantium sed voluptates.',NULL,NULL,0,0,'Consequatur inventore qui ea voluptates enim est aliquid aut.','Et dolore unde ab magni dolores.','2016-12-10 15:30:24','2016-12-10 15:30:24'),(90,'Model','Nikon','Camera 10 vitae','87','Iste molestiae veniam odio sunt numquam.','Aut est qui aspernatur.',NULL,NULL,0,0,'Fugiat quibusdam vero fuga.','Veniam a iusto omnis.','2016-12-10 15:30:24','2016-12-10 15:30:24'),(91,'Model','Nikon','Camera 11 quas','88','Et odio ratione repellat amet soluta nulla.','Debitis eos quos voluptas perferendis quibusdam.',NULL,NULL,0,0,'Hic aliquam eum voluptatem qui.','Et sequi ea sint.','2016-12-10 15:30:24','2016-12-10 15:30:24'),(92,'Model','Nikon','Camera 12 nihil','89','Eos facilis tenetur hic libero modi.','Excepturi ad accusamus fugit distinctio in rerum.',NULL,NULL,0,0,'Quisquam eius excepturi et nemo earum et eum.','Est quia rerum aliquid.','2016-12-10 15:30:24','2016-12-10 15:30:24'),(93,'Model','Nikon','Camera 13 eos','90','Delectus et illum tempore quia ipsa.','Vero voluptas dolor corrupti qui.',NULL,NULL,0,0,'Odio qui quos expedita qui minus.','Possimus est tempora quasi reprehenderit quia.','2016-12-10 15:30:24','2016-12-10 15:30:24'),(94,'Model','Nikon','Camera 14 eligendi','91','Delectus voluptatem nihil aspernatur itaque pariatur dolores.','Sapiente ea beatae cupiditate laudantium pariatur.',NULL,NULL,0,0,'Aut nam odio in.','Quaerat porro voluptas non perferendis omnis aut id illum.','2016-12-10 15:30:24','2016-12-10 15:30:24'),(95,'Model','Nikon','Camera 15 est','92','Aspernatur qui voluptas minus vel dolores culpa ea.','Autem est sed quaerat sint.',NULL,NULL,0,0,'Necessitatibus libero optio qui adipisci accusantium.','Soluta ut et in natus qui.','2016-12-10 15:30:24','2016-12-10 15:30:24'),(96,'Model','Nikon','Camera 16 et','93','Pariatur velit nemo voluptatum blanditiis voluptatem fugiat.','Iusto quis quibusdam praesentium et mollitia ipsa voluptatem nesciunt.',NULL,NULL,0,0,'Accusamus alias dicta reprehenderit.','Aut nihil est similique dolore maxime voluptatem velit expedita.','2016-12-10 15:30:24','2016-12-10 15:30:24'),(97,'Model','Nikon','Camera 17 laborum','94','Voluptatem occaecati non necessitatibus itaque harum rerum beatae.','Numquam ducimus et esse.',NULL,NULL,0,0,'Tempore et porro autem cupiditate qui atque.','Voluptas tempore qui ea atque qui est ipsum quis.','2016-12-10 15:30:24','2016-12-10 15:30:24'),(98,'Model','Nikon','Camera 18 asperiores','95','Laboriosam sed dolore voluptatem beatae quis odio quos quod.','Vel at blanditiis sed aut rerum et id excepturi.',NULL,NULL,0,0,'Architecto est voluptatem eaque aspernatur laboriosam et quia.','Incidunt iure voluptatum et quaerat qui dolorem.','2016-12-10 15:30:24','2016-12-10 15:30:24'),(99,'Model','Nikon','Camera 19 est','96','Qui illum enim non quaerat dolor.','Quos nostrum explicabo ea pariatur.',NULL,NULL,0,0,'Et tempora culpa magni ea.','Id aut eaque unde aut dolore quidem necessitatibus.','2016-12-10 15:30:24','2016-12-10 15:30:24'),(100,'Model','Nikon','Camera 20 reiciendis','97','Corrupti doloribus et aut rerum ut ut ipsum adipisci.','Harum voluptas molestiae enim hic.',NULL,NULL,0,0,'Ut ducimus earum omnis repellendus iure.','Tenetur rerum assumenda laborum accusamus.','2016-12-10 15:30:24','2016-12-10 15:30:24'),(101,'Model','Nikon','Camera 21 officiis','98','Animi molestiae sit cumque explicabo ea odio nesciunt consequatur.','Voluptatem aut iste quis id blanditiis quasi et enim.',NULL,NULL,0,0,'Dolores nemo dolorum consequuntur assumenda sequi tempora cumque occaecati.','Aut recusandae voluptas quasi tempora.','2016-12-10 15:30:24','2016-12-10 15:30:24'),(102,'Model','Nikon','Camera 22 nihil','99','Ipsum nostrum beatae ratione quidem harum.','Iste quisquam ratione molestiae et recusandae quis veniam voluptate.',NULL,NULL,0,0,'Consequuntur mollitia saepe voluptatem recusandae et laboriosam.','Fuga et voluptate quia similique autem enim.','2016-12-10 15:30:24','2016-12-10 15:30:24'),(103,'Model','Nikon','Camera 23 quia','100','Architecto nisi pariatur sapiente qui repudiandae aut aut qui.','Vitae odio voluptatem a in corrupti quibusdam.',NULL,NULL,0,0,'Non soluta ratione consequatur iste in.','Ipsum magnam assumenda est ut eligendi impedit ea dolor.','2016-12-10 15:30:24','2016-12-10 15:30:24'),(104,'Model','Nikon','Camera 24 molestias','101','Incidunt quia voluptatem aut ut eligendi quis laborum.','Hic saepe et iusto perferendis distinctio veritatis molestiae rerum.',NULL,NULL,0,0,'Quo mollitia minima vel distinctio quos.','Sed cupiditate rerum voluptas beatae expedita est ullam.','2016-12-10 15:30:24','2016-12-10 15:30:24'),(105,'Model','Nikon','Camera 25 neque','102','Culpa ipsum blanditiis quaerat.','Harum porro velit ab minus.',NULL,NULL,0,0,'Repellendus porro facere nulla pariatur enim et possimus doloremque.','Asperiores dolores aut occaecati consequuntur.','2016-12-10 15:30:24','2016-12-10 15:30:24'),(106,'Model','Nikon','Camera 26 rem','103','Aut cupiditate corrupti cumque deserunt illo at.','In aut deserunt id.',NULL,NULL,0,0,'Nobis quo officia dolor.','Est dolorum cum officiis aperiam facilis.','2016-12-10 15:30:24','2016-12-10 15:30:24'),(107,'Model','Nikon','Camera 27 asperiores','104','Iusto beatae architecto nulla expedita.','Voluptatem et at in perferendis placeat rem.',NULL,NULL,0,0,'Velit quam laudantium voluptatem.','Ea sit voluptatem ea nihil quia sint.','2016-12-10 15:30:24','2016-12-10 15:30:24'),(108,'Model','Nikon','Camera 28 omnis','105','Nisi dicta corrupti qui minus corporis exercitationem quibusdam deserunt.','Impedit soluta deserunt omnis distinctio at.',NULL,NULL,0,0,'Possimus ut quam sed.','Ipsam voluptatem quo facere modi.','2016-12-10 15:30:24','2016-12-10 15:30:24'),(109,'Model','Nikon','Camera 29 quae','106','Rerum perferendis voluptatum dignissimos sed.','Aut officiis suscipit cupiditate recusandae laudantium.',NULL,NULL,0,0,'Est doloremque ut tenetur magnam quibusdam libero soluta.','Quibusdam modi necessitatibus nesciunt.','2016-12-10 15:30:24','2016-12-10 15:30:24'),(110,'Model','Nikon','Camera 30 totam','107','Reprehenderit amet pariatur unde veniam non harum.','Nemo aut autem sunt fuga.',NULL,NULL,0,0,'Laborum sit inventore repudiandae atque placeat aut quia harum.','Et illum sed voluptatem ex et magni ut et.','2016-12-10 15:30:24','2016-12-10 15:30:24'),(111,'Model','Sony','Hifi Standard','108','Nisi vitae sunt amet.','Voluptas commodi expedita eius impedit voluptatem perspiciatis dolorem.',NULL,NULL,1,0,'Sit sint et necessitatibus sunt saepe quis illo ex.','Eos ducimus sequi quibusdam eum et.','2016-12-10 15:30:24','2016-12-10 15:30:24'),(112,'Model','Feli','Kamera Stativ','123','Stabiles Kamera Stativ','Qui sit quae atque soluta est.',NULL,NULL,0,0,'Alias voluptatem doloremque praesentium sunt.','Stativ muss mit Stativtasche ausgehndigt werden.','2016-12-10 15:30:24','2016-12-10 15:30:24'),(113,'Model','Bose','BoseIntelligent Concrete Hat','109','Natus sed fugiat doloremque ducimus voluptatem cumque voluptatibus. Distinctio repellat quo quae et sint praesentium excepturi. Dolores reprehenderit consequuntur. Doloribus rem similique aut.','Vero error laborum est suscipit porro.',NULL,NULL,0,0,'Impedit dolore eveniet eos unde illum et ut.','Eveniet natus et corporis velit voluptates quas voluptas ad.','2016-12-10 15:30:24','2016-12-10 15:30:24'),(114,'Model','Bose','BoseSmall Granite Shoes','110','Atque quos debitis voluptates sint accusantium. Explicabo vel ut recusandae in eaque velit. Sed tempora et totam.','Vel enim omnis soluta et et aut enim.',NULL,NULL,0,0,'Et neque illum quis omnis.','Quaerat ut et in cum suscipit dolores debitis quibusdam.','2016-12-10 15:30:24','2016-12-10 15:30:24'),(115,'Model','Flatley Group','Kamera Set','114','Et animi autem ipsa ut qui dicta error.','Cupiditate fugiat quas et nihil aut ut earum magnam.',NULL,NULL,0,1,'Quaerat veritatis ut harum eos nihil.','Eaque dicta asperiores quia dignissimos iure in.','2016-12-10 15:30:24','2016-12-10 15:30:24'),(116,'Model','Brekke and Sons','Incredible Steel Hat','115','In nam quae et quis amet.','Sit sunt sit ut a magnam et debitis sed.',NULL,NULL,3,0,'Reprehenderit facere architecto nesciunt et asperiores eveniet qui non.','Excepturi cumque necessitatibus ea qui molestias sit occaecati.','2016-12-10 15:30:24','2016-12-10 15:30:24'),(117,'Model','Dare-Turcotte','Practical Concrete Pants','116','Quia ab modi excepturi.','Quae ex ducimus et quisquam.',NULL,NULL,1,0,'Sequi vitae sint aspernatur minima.','Impedit dignissimos delectus nemo maiores.','2016-12-10 15:30:24','2016-12-10 15:30:24'),(118,'Model','Cartwright LLC','Intelligent Cotton Chair','117','Sit qui suscipit doloremque minima maiores.','Provident quas et laboriosam id corrupti corporis nesciunt eveniet.',NULL,NULL,1,0,'Magnam expedita rerum delectus fuga deserunt nemo non et.','Repellendus rem ab in officia excepturi cumque.','2016-12-10 15:30:24','2016-12-10 15:30:24'),(119,'Model','Kirlin-Lueilwitz','Small Concrete Car','118','Laboriosam dignissimos sint dolor aliquam laborum debitis.','Animi aut consectetur eos assumenda temporibus.',NULL,NULL,2,0,'Quis iusto alias inventore consectetur harum.','Pariatur nemo sapiente minima veniam sequi labore fugit corrupti.','2016-12-10 15:30:24','2016-12-10 15:30:24'),(120,'Model','Ledner-Rosenbaum','Incredible Granite Gloves','119','Eveniet sit blanditiis neque.','Sed consequatur iusto odio ipsum illo amet nam inventore.',NULL,NULL,1,0,'Ipsam adipisci voluptates aut.','Et rem eum eius.','2016-12-10 15:30:24','2016-12-10 15:30:24'),(121,'Model','Bogisich, O\'Hara and Jacobson','Sleek Wooden Pants','120','Perspiciatis numquam aut suscipit in quaerat ab accusamus nesciunt.','Placeat earum a iure odio animi laudantium doloremque mollitia.',NULL,NULL,0,0,'Quia eos amet minus earum quibusdam autem eligendi.','Ipsa eum impedit doloremque error aut voluptas autem.','2016-12-10 15:30:24','2016-12-10 15:30:24'),(122,'Model','Ferry-Carter','Sleek Plastic Gloves','121','Eum alias deserunt voluptas et.','Suscipit non sint officiis reiciendis non corrupti debitis.',NULL,NULL,3,0,'Quos consequatur aut culpa.','Expedita quasi omnis ullam nulla quos deserunt quod placeat.','2016-12-10 15:30:24','2016-12-10 15:30:24'),(123,'Model','Abernathy Group','Rustic Rubber Car','122','Iste qui modi ea.','Quia fugiat delectus atque enim.',NULL,NULL,3,0,'Omnis nulla placeat libero expedita et sit aut.','Quo porro excepturi in impedit id recusandae molestiae ad.','2016-12-10 15:30:24','2016-12-10 15:30:24'),(124,'Model','Jaskolski, MacGyver and Renner','Gorgeous Steel Car','123','Architecto optio et quasi ut error est earum est.','Quas aut sed ipsa omnis voluptatum natus nisi.',NULL,NULL,0,0,'Quo deserunt voluptatum consequatur assumenda enim.','Rerum deleniti nisi ut voluptas ad quia.','2016-12-10 15:30:24','2016-12-10 15:30:24'),(125,'Model','Robel LLC','Incredible Steel Table','124','Debitis repellat optio numquam ut voluptas.','Earum inventore aut voluptatem esse pariatur sed.',NULL,NULL,2,0,'Voluptas sequi ut ut pariatur culpa non dolores.','Dolore est et et occaecati architecto sit eaque.','2016-12-10 15:30:24','2016-12-10 15:30:24'),(126,'Model','Greenfelder and Sons','Ergonomic Cotton Car','125','Esse tempora quasi illum aut dolorem dicta enim autem.','Aliquid assumenda sed sequi aut sunt aut harum numquam.',NULL,NULL,2,0,'Occaecati earum nam dignissimos magni qui sequi.','Nesciunt qui eos reiciendis quis voluptas.','2016-12-10 15:30:24','2016-12-10 15:30:24'),(127,'Model','King, Rempel and Romaguera','Gorgeous Wooden Table','126','Quisquam vero et qui sit nemo.','Possimus cum voluptas corporis quisquam neque consequatur sit aliquam.',NULL,NULL,1,0,'Reprehenderit accusamus ab et officia repudiandae.','Incidunt itaque sint quasi dolores qui et eum est.','2016-12-10 15:30:24','2016-12-10 15:30:24'),(128,'Model','Rowe-Schamberger','Kamera Set2','127','Ad vitae veniam ex beatae mollitia accusamus.','Id et corrupti et sequi sed eos.',NULL,NULL,3,1,'Magnam id ipsam aliquid voluptates vero.','Iste excepturi corrupti enim.','2016-12-10 15:30:24','2016-12-10 15:30:24'),(129,'Model','Stroman-Hessel','Small Steel Computer','128','Voluptatum perspiciatis et delectus.','Earum sed velit id voluptatem dolor.',NULL,NULL,2,0,'Ipsam dolores in et velit eveniet dolore error molestiae.','Iste sapiente deleniti officiis.','2016-12-10 15:30:24','2016-12-10 15:30:24'),(130,'Model','Will-Sanford','Incredible Granite Table','129','Neque aut modi dolor quod doloribus officiis quos.','Praesentium et non natus.',NULL,NULL,1,0,'Assumenda in eveniet minima.','Nihil ut animi omnis reiciendis ut.','2016-12-10 15:30:24','2016-12-10 15:30:24'),(131,'Model','Grimes, McDermott and Lynch','Awesome Wooden Chair','130','Qui earum est dicta a et sit.','Et aspernatur iure rerum nisi at dicta fuga libero.',NULL,NULL,1,0,'Dolorem tenetur omnis hic assumenda quae nisi neque doloremque.','Et reprehenderit autem expedita.','2016-12-10 15:30:24','2016-12-10 15:30:24'),(132,'Model','O\'Connell, Lindgren and Crona','Fantastic Steel Pants','131','Corporis blanditiis est aut.','Et mollitia nihil ullam molestiae.',NULL,NULL,1,0,'Sed et et aliquam odit voluptatem accusantium.','Nostrum consequuntur autem ut.','2016-12-10 15:30:24','2016-12-10 15:30:24'),(133,'Model','Price-Greenfelder','Intelligent Steel Gloves','132','Est sunt accusamus accusantium beatae eos.','Cupiditate laborum eos dolore corrupti et quis.',NULL,NULL,2,0,'Est eligendi blanditiis et quis ipsum voluptatem.','In ut esse quaerat non eos.','2016-12-10 15:30:24','2016-12-10 15:30:24'),(134,'Model','Wehner-Monahan','Sleek Wooden Gloves','133','Quibusdam sint dolores qui similique quisquam vel repellendus libero.','Iusto esse consequuntur quaerat quibusdam.',NULL,NULL,2,0,'Molestias quo sequi et tempora id.','Omnis molestiae porro ea maxime temporibus.','2016-12-10 15:30:24','2016-12-10 15:30:24'),(135,'Model','Wolf-Wilderman','Small Plastic Chair','134','Veritatis sint aut voluptate voluptatem a.','Quae quis sed rerum.',NULL,NULL,3,0,'Voluptatem dolores odio doloribus dignissimos.','Ratione molestiae debitis provident.','2016-12-10 15:30:24','2016-12-10 15:30:24'),(136,'Model','Pacocha LLC','Sleek Concrete Shoes','135','Rerum qui aut voluptatum voluptate soluta qui iure qui.','Explicabo corporis esse sed mollitia placeat est voluptas incidunt.',NULL,NULL,3,0,'Et consequatur aspernatur occaecati in quidem tenetur numquam voluptatem.','At numquam error excepturi doloremque accusantium blanditiis ut voluptas.','2016-12-10 15:30:24','2016-12-10 15:30:24'),(137,'Model','Lubowitz, Adams and MacGyver','Incredible Wooden Pants','136','Eligendi iste rerum mollitia incidunt corporis enim error nisi.','Dolor dolore sunt a omnis.',NULL,NULL,2,0,'Rerum est amet harum tenetur commodi ipsam.','Tenetur necessitatibus molestias laboriosam unde ut.','2016-12-10 15:30:24','2016-12-10 15:30:24'),(138,'Model','MacGyver-Haag','Practical Concrete Shirt','137','Qui maiores minima consectetur.','Fuga reprehenderit itaque vitae ut assumenda laborum iste ea.',NULL,NULL,3,0,'Nesciunt voluptatem officia qui perspiciatis a et neque mollitia.','In dolore rerum dolorem omnis.','2016-12-10 15:30:24','2016-12-10 15:30:24'),(139,'Model','Lehner-Mills','Incredible Steel Chair','138','Necessitatibus tempora autem aut voluptate nesciunt.','Qui quia incidunt dolorum.',NULL,NULL,2,0,'Beatae labore et id quibusdam assumenda et doloribus.','Quisquam dolorum qui enim iusto facere quasi aut itaque.','2016-12-10 15:30:24','2016-12-10 15:30:24'),(140,'Model','Hamill and Sons','Awesome Plastic Computer','139','Cumque libero non deserunt et id.','Quibusdam possimus iste vitae ipsum qui porro.',NULL,NULL,1,0,'Vel sunt totam inventore ad et id laudantium.','Maiores ut est distinctio officia.','2016-12-10 15:30:24','2016-12-10 15:30:24'),(141,'Model','Green-Champlin','Gorgeous Plastic Chair','140','Blanditiis ratione totam maiores nemo dolores repellat.','Quis esse dolor voluptatem ut at eius error nemo.',NULL,NULL,2,0,'Modi fugiat occaecati est ducimus voluptas enim.','In suscipit voluptas dolores sit ea quas.','2016-12-10 15:30:24','2016-12-10 15:30:24'),(142,'Model','Cummerata and Sons','Rustic Cotton Shirt','141','Repellat earum rerum reiciendis nemo commodi.','Quod magnam ut voluptas dolor ut blanditiis tempore eaque.',NULL,NULL,0,0,'Magni officia et iure unde cumque.','Omnis aut ipsa eum.','2016-12-10 15:30:24','2016-12-10 15:30:24'),(143,'Model','Okuneva, Witting and Wisozk','Ergonomic Granite Hat','142','Consequuntur commodi vitae ut perferendis repellendus iste qui.','Error culpa totam perspiciatis sed.',NULL,NULL,1,0,'Quod omnis est itaque qui.','Dolores eum in non ipsum consequuntur voluptatem.','2016-12-10 15:30:24','2016-12-10 15:30:24'),(144,'Model','Dibbert LLC','Fantastic Granite Shoes','143','Ex qui qui amet architecto consectetur sit praesentium officiis.','Tempore iste est accusamus.',NULL,NULL,0,0,'Sequi in sint asperiores magni saepe.','Illum quam tempore vel ducimus.','2016-12-10 15:30:24','2016-12-10 15:30:24'),(145,'Model','Canon','Kamera Canon D5','144','Ganz teure Kamera','Inventore enim sint minus ipsa.',NULL,NULL,0,0,'Quo adipisci ad dignissimos.','Kamera brauch Akkus!','2016-12-10 15:30:24','2016-12-10 15:30:24'),(146,'Model','Apple','iMac','145','Apples alter iMac','Laboriosam totam quam a est laborum tempore.',NULL,NULL,0,0,'Et ut omnis maiores sunt est accusamus sed cumque.','Labore quia qui dicta sint aliquid inventore.','2016-12-10 15:30:24','2016-12-10 15:30:24'),(147,'Model','Microsoft','Windows Laptop','146','Ein Laptop der Marke Microsoft','Qui itaque ratione cupiditate magnam quae sapiente.',NULL,NULL,0,0,'Quibusdam officia maxime voluptatem delectus cum perferendis.','Laptop mit Tasche ausgeben','2016-12-10 15:30:24','2016-12-10 15:30:24'),(148,'Model','Walkera','Walkera v120','1G','3D Helikopter','Vero quia repellat quis doloremque.',NULL,NULL,0,0,'Asperiores voluptates vero non deserunt harum.','Enim illo dolores vel est assumenda.','2016-12-10 15:30:24','2016-12-10 15:30:24'),(149,'Model','Walkera','Walkera v120','2G','3D Helikopter','Qui dolore accusantium est porro veniam et.',NULL,NULL,0,0,'Voluptatem quod natus saepe id.','Quia facilis voluptate eum quia quam omnis a quas.','2016-12-10 15:30:24','2016-12-10 15:30:24'),(150,'Model','Walkera','Walkera v120','3G','3D Helikopter','Id ut ducimus aut cum sed excepturi.',NULL,NULL,0,0,'Provident accusantium ut eius ratione vitae possimus tempore.','Fuga recusandae delectus labore non omnis dolorum molestiae.','2016-12-10 15:30:24','2016-12-10 15:30:24'),(151,'Software','Walker-Considine','Gorgeous Rubber Pants','147',NULL,NULL,NULL,NULL,0,0,NULL,NULL,'2016-12-10 15:30:24','2016-12-10 15:30:24'),(152,'Software','Nader, Carroll and Schulist','Ergonomic Wooden Gloves','148',NULL,NULL,NULL,NULL,0,0,NULL,NULL,'2016-12-10 15:30:24','2016-12-10 15:30:24'),(153,'Software','Smith Inc','Small Cotton Pants','149',NULL,NULL,NULL,NULL,0,0,NULL,NULL,'2016-12-10 15:30:24','2016-12-10 15:30:24'),(154,'Software','Bayer Inc','Sleek Steel Hat','150',NULL,NULL,NULL,NULL,0,0,NULL,NULL,'2016-12-10 15:30:24','2016-12-10 15:30:24'),(155,'Software','Stracke, Homenick and Paucek','Incredible Granite Computer','151',NULL,NULL,NULL,NULL,0,0,NULL,NULL,'2016-12-10 15:30:24','2016-12-10 15:30:24'),(156,'Software','Hintz, Larson and Mayert','Gorgeous Concrete Hat','152',NULL,NULL,NULL,NULL,0,0,NULL,NULL,'2016-12-10 15:30:24','2016-12-10 15:30:24'),(157,'Software','Prosacco, Schaden and Schulist','Awesome Rubber Shirt','153',NULL,NULL,NULL,NULL,0,0,NULL,NULL,'2016-12-10 15:30:24','2016-12-10 15:30:24'),(158,'Software','Leffler Inc','Incredible Granite Pants','154',NULL,NULL,NULL,NULL,0,0,NULL,NULL,'2016-12-10 15:30:24','2016-12-10 15:30:24'),(159,'Software','Torphy, Mraz and Simonis','Small Rubber Shoes','155',NULL,NULL,NULL,NULL,0,0,NULL,NULL,'2016-12-10 15:30:24','2016-12-10 15:30:24'),(160,'Software','Cummings Group','Incredible Cotton Chair','156',NULL,NULL,NULL,NULL,0,0,NULL,NULL,'2016-12-10 15:30:24','2016-12-10 15:30:24'),(161,'Software','Langworth-Towne','Practical Cotton Pants','157',NULL,NULL,NULL,NULL,0,0,NULL,NULL,'2016-12-10 15:30:24','2016-12-10 15:30:24'),(162,'Software','Quitzon Group','Fantastic Steel Chair','158',NULL,NULL,NULL,NULL,0,0,'test http://test.ch\r\nwww.foo.ch\r\njust a text',NULL,'2016-12-10 15:30:24','2016-12-10 15:30:24'),(163,'Software','Reilly, Hills and Bayer','Awesome Rubber Chair','159',NULL,NULL,NULL,NULL,0,0,'test http://test.ch\r\nwww.foo.ch\r\njust a text',NULL,'2016-12-10 15:30:24','2016-12-10 15:30:24'),(164,'Software','Medhurst Inc','Incredible Cotton Computer','160',NULL,NULL,NULL,NULL,0,0,NULL,NULL,'2016-12-10 15:30:24','2016-12-10 15:30:24'),(165,'Model','Windler Inc','Awesome Cotton Car',NULL,'Est fugit ab eum perspiciatis voluptas dicta.','Voluptatibus culpa consequatur nesciunt.',NULL,NULL,2,0,'Id reiciendis temporibus qui est aut.','Consequatur aut sed minus sit non magnam inventore.','2016-12-10 15:30:24','2016-12-10 15:30:24'),(166,'Model','Willms Group','Ergonomic Granite Computer','161','Facilis aliquid odit voluptas voluptatem occaecati optio ut saepe.','Placeat sunt quo qui.',NULL,NULL,0,0,'Quae exercitationem sapiente quidem.','Magnam dolor omnis consequatur veritatis et quas.','2016-12-04 10:33:15','2016-12-04 10:33:15'),(167,'Model','Bechtelar, Kohler and McLaughlin','Sleek Granite Shoes','162','Magni accusamus maiores possimus itaque illo veritatis.','Nulla molestiae eaque magnam ab voluptates officiis vero.',NULL,NULL,1,0,'Quas suscipit excepturi in enim.','Et odit fuga consequatur aut provident vel.','2016-12-04 10:33:15','2016-12-04 10:33:15'),(168,'Model','Cronin, Mann and Leuschke','Incredible Steel Computer','163','Iste commodi occaecati ex nulla aut.','Exercitationem voluptatem ab est.',NULL,NULL,0,0,'Aut illum culpa totam consequatur est.','Architecto incidunt voluptatem est et.','2016-12-04 10:33:15','2016-12-04 10:33:15'),(169,'Model','Murazik, Cartwright and Block','Incredible Wooden Hat','164','Tenetur et reprehenderit aut qui delectus cumque reiciendis.','Libero ipsam quia et et eius.',NULL,NULL,3,0,'Ut quibusdam ipsa eos voluptates odit velit ut.','Natus consequatur tempora suscipit est labore in aut id.','2016-12-04 10:33:15','2016-12-04 10:33:15'),(170,'Model','Walsh-Waters','Fantastic Cotton Gloves','165','Dicta eligendi ducimus velit omnis qui.','Ipsa dolorem impedit rerum tempora qui.',NULL,NULL,1,0,'Quisquam exercitationem culpa ut et odit quos et est.','Est et nisi qui velit qui eligendi.','2016-12-04 10:33:15','2016-12-04 10:33:15'),(171,'Model','Bosco, West and Walter','Intelligent Rubber Gloves','166','Itaque cupiditate laudantium consequatur voluptatem.','Voluptatem laboriosam dolores numquam et aut.',NULL,NULL,2,0,'Ea aliquam numquam adipisci eligendi.','Consequuntur molestias est similique ipsa nemo nam.','2016-12-04 10:33:15','2016-12-04 10:33:15'),(172,'Model','Kautzer, Emard and Murazik','Intelligent Steel Hat','167','Id eum in sunt aspernatur vitae enim.','Ad et omnis quia consequatur vitae.',NULL,NULL,2,0,'Voluptatem aut dicta quo sunt cum rerum.','Deserunt hic facere reiciendis molestias.','2016-12-04 10:33:15','2016-12-04 10:33:15'),(173,'Model','Bode, Wiza and Legros','Awesome Plastic Pants','168','Cum eos voluptas nemo ad placeat.','Quasi sed atque fuga libero qui.',NULL,NULL,1,0,'Dolorem incidunt esse ullam.','Eum deleniti sed enim.','2016-12-04 10:33:15','2016-12-04 10:33:15'),(174,'Model','Stiedemann-Smith','Fantastic Plastic Hat','169','Repellat ad omnis officia.','Tempore pariatur nihil doloremque.',NULL,NULL,2,0,'Eum ipsa eum quis.','Quis quos alias a.','2016-12-04 10:33:15','2016-12-04 10:33:15'),(175,'Model','Price, Marvin and Harvey','Sleek Granite Car','170','Ut sed aut eum laborum voluptatem fuga.','Blanditiis excepturi et ut eaque laboriosam culpa dolores reprehenderit.',NULL,NULL,1,0,'Quasi quia libero sapiente sunt harum.','Qui explicabo culpa illo temporibus quis et repudiandae similique.','2016-12-04 10:33:15','2016-12-04 10:33:15'),(176,'Model','Purdy, Collier and Mohr','Incredible Concrete Shirt','171','Aut harum ratione est ut possimus modi deserunt architecto.','Et omnis labore expedita delectus dolore.',NULL,NULL,1,0,'Sapiente omnis deserunt perferendis consequatur eligendi molestiae sed eos.','Deserunt est neque ut.','2016-12-04 10:33:15','2016-12-04 10:33:15'),(177,'Model','Kunze, Baumbach and Bernier','Ergonomic Plastic Gloves','172','Eligendi sint sunt saepe consequatur accusantium.','Enim dolorum vel ut dolore consequatur non.',NULL,NULL,1,0,'Et quo dolor doloremque exercitationem assumenda.','Non nihil et temporibus et incidunt ratione sed.','2016-12-04 10:33:15','2016-12-04 10:33:15'),(178,'Model','Pollich-Prosacco','Fantastic Plastic Shirt','173','Et est temporibus dolor.','Illo quasi explicabo doloremque et.',NULL,NULL,2,0,'Molestias praesentium laudantium aliquam dignissimos eos assumenda pariatur.','Recusandae in est doloremque.','2016-12-04 10:33:15','2016-12-04 10:33:15'),(179,'Model','Murazik LLC','Fantastic Plastic Car','174','Odio vitae ex distinctio qui quibusdam laborum quos.','Fugit vel magnam qui eos voluptatem.',NULL,NULL,3,0,'Hic laborum accusantium molestiae officiis nemo fuga quas.','Libero recusandae animi eveniet amet.','2016-12-04 10:33:15','2016-12-04 10:33:15'),(180,'Model','Kuhic-Haley','Rustic Rubber Table','175','Repellat sunt ullam minima earum.','Vel nisi unde excepturi.',NULL,NULL,3,0,'Praesentium non ea aliquam.','Qui cumque iure officiis nesciunt qui eius.','2016-12-04 10:33:15','2016-12-04 10:33:15'),(181,'Model','Brakus, Funk and Lubowitz','Sleek Granite Chair','176','Voluptatem necessitatibus placeat qui qui.','Qui dolores doloribus nam impedit eum.',NULL,NULL,1,0,'Facilis similique qui possimus laborum ratione illo est quo.','Accusantium eum amet rerum id sunt velit minima sit.','2016-12-04 10:33:15','2016-12-04 10:33:15'),(182,'Model','Reichel-Nicolas','Awesome Steel Car','177','Animi dolores hic autem eos.','Quo aut officiis illum magni voluptatem ad consequatur et.',NULL,NULL,2,0,'Qui aut quia earum.','Officia inventore sit ullam rerum provident.','2016-12-04 10:33:15','2016-12-04 10:33:15'),(183,'Model','Carter-Brakus','Gorgeous Cotton Shoes','178','Commodi nesciunt nostrum in incidunt eos facere.','Voluptatum ut et quis quia et recusandae.',NULL,NULL,0,0,'Consequatur et omnis perspiciatis qui voluptatem temporibus esse quasi.','Quis et cum dicta eum esse modi consectetur.','2016-12-04 10:33:15','2016-12-04 10:33:15'),(184,'Model','Kerluke Group','Ergonomic Granite Gloves','179','Pariatur minus blanditiis et illo exercitationem magnam quam.','Voluptatem et velit aliquid officiis deserunt porro accusamus officia.',NULL,NULL,2,0,'Et iste id quam dignissimos reiciendis.','Eos magnam fugit aut nihil rerum quod enim natus.','2016-12-04 10:33:15','2016-12-04 10:33:15'),(185,'Model','Herzog, Herman and Waelchi','Small Rubber Table','180','Quia atque aut eius quidem provident est.','Laudantium quo aut molestiae illo.',NULL,NULL,1,0,'Ex omnis et aut illo et.','Sit dolorem cumque soluta.','2016-12-04 10:33:16','2016-12-04 10:33:16'),(186,'Model','Runte, Lind and Simonis','Sleek Wooden Chair','181','Eaque voluptas doloremque unde repudiandae praesentium id est.','Est omnis facilis minima odit fugiat laudantium et quaerat.',NULL,NULL,0,0,'Commodi inventore similique iusto voluptatibus debitis at nihil.','Ullam nobis rerum quibusdam aliquid.','2016-12-04 10:33:16','2016-12-04 10:33:16'),(187,'Model','Mills Inc','Practical Granite Car','182','Reprehenderit eos illo totam est natus.','Eligendi delectus dolorem unde impedit quis.',NULL,NULL,2,0,'Dicta et dignissimos fugiat praesentium quasi ea ut est.','Architecto laboriosam ut velit est voluptas laborum.','2016-12-04 10:33:16','2016-12-04 10:33:16'),(188,'Model','Abshire-Batz','Gorgeous Cotton Shirt','183','Minus velit distinctio quo.','Tenetur quo ipsa labore at qui praesentium.',NULL,NULL,3,0,'Enim excepturi maiores error.','Nulla esse enim voluptas adipisci modi sunt sit quia.','2016-12-05 09:57:00','2016-12-05 09:57:00'),(189,'Model','Miller-Morissette','Practical Granite Computer','184','Sed aut temporibus doloribus.','Quas eaque ut et sit maxime.',NULL,NULL,0,0,'Commodi eos quas magnam beatae deleniti voluptas.','Quas aliquid voluptatibus deleniti.','2016-12-05 09:57:00','2016-12-05 09:57:00'),(190,'Model','Dickinson-Hand','Intelligent Plastic Car','185','Mollitia voluptatem ut consequatur omnis eius enim a porro.','Assumenda accusamus tenetur asperiores ut.',NULL,NULL,0,0,'Omnis odit quia in.','Perspiciatis ipsam eveniet possimus.','2016-12-05 09:57:00','2016-12-05 09:57:00'),(191,'Model','Koch and Sons','Sleek Wooden Shoes','186','Nam aliquam quidem distinctio consectetur numquam commodi.','Sed quisquam qui neque vero ipsum nobis recusandae molestias.',NULL,NULL,1,0,'Dolorum neque dolores soluta eius.','Fuga sed voluptatum omnis rerum dolore.','2016-12-05 09:57:00','2016-12-05 09:57:00'),(192,'Model','Pagac LLC','Practical Rubber Chair','187','Sit unde sed aut quod eos aliquam nobis eum.','Velit dignissimos nihil inventore veritatis enim.',NULL,NULL,2,0,'Iusto unde deserunt et porro pariatur.','Eligendi voluptatibus asperiores esse nulla quia consectetur sed fugit.','2016-12-05 09:57:00','2016-12-05 09:57:00'),(193,'Model','Rogahn, Nicolas and Sawayn','Intelligent Cotton Table','188','Repudiandae ut temporibus excepturi reiciendis animi.','Sapiente qui labore et dolor.',NULL,NULL,2,0,'Atque amet quidem aut voluptatem soluta earum.','Ut repellendus est sint praesentium esse.','2016-12-07 00:56:05','2016-12-07 00:56:05'),(194,'Model','Jacobson and Sons','Small Rubber Computer','189','Ut commodi explicabo molestiae ducimus quisquam nihil ut odio.','Rerum deleniti magnam dolores eos.',NULL,NULL,3,0,'Eum et id reprehenderit.','Omnis tempora eius cum deleniti ratione.','2016-12-07 00:56:05','2016-12-07 00:56:05'),(195,'Model','Runte LLC','Practical Steel Shirt','190','Ut autem eos qui est ut.','Eum ipsum atque laborum ad exercitationem.',NULL,NULL,0,0,'Ad minus voluptatem aliquid sint dolor voluptas consequatur magnam.','Est et eligendi ut aut quasi vero.','2016-12-07 00:56:05','2016-12-07 00:56:05'),(196,'Model','Daugherty, Hickle and Jakubowski','Intelligent Plastic Shirt','191','Asperiores nihil quia atque dolor iure in aut esse.','Neque quaerat placeat nemo omnis totam.',NULL,NULL,1,0,'Excepturi et omnis beatae maxime adipisci.','Iure tempore perspiciatis voluptas a fugit quo.','2016-12-07 00:56:05','2016-12-07 00:56:05'),(197,'Model','Moen-Morissette','Intelligent Concrete Shirt','192','Accusamus voluptatem dolores est ipsa dolore est vel.','Deleniti fuga qui et.',NULL,NULL,3,0,'Ut a inventore dolores et quidem rerum.','Vel nihil corrupti debitis rem ut sapiente qui non.','2016-12-07 00:56:05','2016-12-07 00:56:05'),(198,'Model','Volkman-Hudson','Ergonomic Cotton Shirt','193','Dolorum facere quibusdam quidem voluptate officiis rerum eligendi.','Ex perferendis id necessitatibus illum recusandae.',NULL,NULL,3,0,'Et quaerat soluta error doloribus repudiandae qui minima.','Autem laborum molestiae in.','2016-12-07 00:56:05','2016-12-07 00:56:05'),(199,'Model','Herman-Robel','Small Wooden Computer','194','Mollitia laborum est rem dicta et.','Odit consequatur consequuntur et accusantium.',NULL,NULL,0,0,'Dignissimos quidem aut est ea debitis.','Nesciunt ut quam animi et rerum.','2016-12-07 00:56:05','2016-12-07 00:56:05'),(200,'Model','Boyer Inc','Gorgeous Concrete Chair','195','Ut eius unde in cum quia qui eaque et.','Dignissimos possimus voluptatem laudantium quo accusantium.',NULL,NULL,0,0,'Quia a architecto quia ex dicta accusamus minima.','Assumenda aut voluptas sed iusto dicta qui totam ut.','2016-12-07 00:56:05','2016-12-07 00:56:05'),(201,'Model','Greenholt Inc','Rustic Wooden Gloves','196','Atque et sunt illo magnam beatae et ut rerum.','Quaerat libero assumenda quis itaque consectetur est qui totam.',NULL,NULL,2,0,'Commodi sed alias eaque earum aut.','Rerum hic nisi doloremque.','2016-12-10 15:30:24','2016-12-10 15:30:24'),(202,'Model','Gleason-Hoeger','Awesome Concrete Chair','197','Aut tenetur et et doloribus dicta.','Dolores voluptatum aspernatur necessitatibus.',NULL,NULL,2,0,'Illum commodi et minus.','Et molestiae eum aut nihil velit aliquam atque quia.','2016-12-10 15:30:24','2016-12-10 15:30:24'),(203,'Model','Lakin-Lebsack','Rustic Plastic Car','198','Dicta impedit ipsum itaque et.','Ut ut molestiae aut necessitatibus minima dolore sed omnis.',NULL,NULL,0,0,'Dolorum impedit neque molestias ut natus eius.','Tenetur et nemo dolor ut.','2016-12-10 15:30:24','2016-12-10 15:30:24'),(204,'Model','Blanda Inc','Gorgeous Plastic Table','199','Officiis eius dicta nesciunt.','Perferendis cum officiis autem itaque praesentium.',NULL,NULL,0,0,'Nihil impedit voluptatem et ut sapiente nesciunt.','Eius consequatur voluptatum excepturi quasi rerum quas non.','2016-12-10 15:30:24','2016-12-10 15:30:24'),(205,'Model','Jerde, Berge and Flatley','Rustic Wooden Shirt','200','Fuga mollitia officiis non eum saepe.','Sed necessitatibus rerum incidunt omnis voluptatum.',NULL,NULL,1,0,'Nisi provident est quasi natus.','Nisi repellat corrupti voluptas.','2016-12-10 15:30:24','2016-12-10 15:30:24'),(206,'Model','Hills Group','Gorgeous Cotton Pants','201','Aut eum omnis molestiae dolor.','Quia earum ut animi.',NULL,NULL,0,0,'Ut pariatur laudantium vel.','Omnis nostrum et non omnis officiis quia.','2016-12-10 15:30:24','2016-12-10 15:30:24'),(207,'Model','Beer-Hand','Practical Rubber Computer','202','Quia perferendis iure eius commodi ab.','Iste vero impedit debitis temporibus reprehenderit dolores modi.',NULL,NULL,1,0,'Ut dolorem qui et sed enim.','Quos deserunt et facilis et doloribus rerum.','2016-12-10 15:30:24','2016-12-10 15:30:24'),(208,'Model','Brekke, Emmerich and Boehm','Practical Plastic Table','203','Ipsa enim et ea itaque quos.','Et culpa rem in cupiditate quia sunt atque deserunt.',NULL,NULL,2,0,'Deserunt et enim provident quos iure.','Eos sint iusto sunt vitae minima consequatur ut.','2016-12-10 15:30:24','2016-12-10 15:30:24'),(209,'Model','Marquardt, Ward and Marquardt','Sleek Steel Chair','204','Hic quis accusantium et quaerat eos et id rerum.','Esse voluptatem distinctio qui cumque.',NULL,NULL,3,0,'Tempore sed reprehenderit nihil.','Et nam provident sed alias sed quam minima.','2016-12-10 15:30:24','2016-12-10 15:30:24'),(210,'Model','Stokes, Veum and Torphy','Practical Concrete Table','205','Consectetur dignissimos placeat voluptatem.','Ut id quasi necessitatibus aut molestiae sit perspiciatis.',NULL,NULL,1,0,'Non labore voluptate illum doloribus minus.','Doloremque earum amet sed dolorum qui repellat dolores qui.','2016-12-10 15:30:24','2016-12-10 15:30:24'),(211,'Model','D\'Amore, Turner and Hintz','Fantastic Plastic Chair','206','Qui error fuga dolores.','Magnam recusandae consequuntur molestiae quos fuga laboriosam.',NULL,NULL,3,0,'Sint voluptatem ut sed consequatur expedita.','Est expedita minima eligendi.','2016-12-10 15:30:24','2016-12-10 15:30:24'),(212,'Model','Jenkins Group','Sleek Rubber Car','207','Ipsum officia rerum ut odit quis ex laboriosam.','Beatae et repellendus amet aut non qui.',NULL,NULL,2,0,'Sed vero dolorum nobis.','Veniam ut et sunt nostrum eveniet voluptatem exercitationem.','2016-12-10 15:30:24','2016-12-10 15:30:24'),(213,'Model','Thompson, Bergnaum and Senger','Awesome Cotton Computer','208','Adipisci aperiam magni non exercitationem quas aliquam delectus.','Tempora facilis rerum reiciendis.',NULL,NULL,3,0,'Et tenetur natus rerum amet et dolores ab.','Quia officiis consequatur culpa saepe hic omnis.','2016-12-10 15:30:24','2016-12-10 15:30:24'),(214,'Model','Hermann-Waters','Practical Rubber Pants','209','Accusantium ea voluptas quis aperiam vitae incidunt.','Dolores perspiciatis libero molestiae aspernatur sit.',NULL,NULL,2,0,'Mollitia assumenda a aperiam.','Aliquid praesentium veniam qui voluptate quaerat et in eligendi.','2016-12-10 15:30:24','2016-12-10 15:30:24'),(215,'Model','Pollich-Kozey','Small Cotton Computer','210','Officiis qui similique eligendi id in.','Impedit eum voluptate id totam ipsum qui eum.',NULL,NULL,2,0,'Similique deleniti nemo in molestiae.','Vel fuga assumenda totam.','2016-12-10 15:30:24','2016-12-10 15:30:24'),(216,'Model','Kirlin LLC','Ergonomic Granite Pants','211','Iste earum sequi omnis.','Nulla qui accusamus voluptatem voluptatibus exercitationem hic et.',NULL,NULL,0,0,'Aut laborum alias modi.','Saepe non numquam non sed praesentium provident quo.','2016-12-10 15:30:24','2016-12-10 15:30:24'),(217,'Model','Bashirian-Farrell','Rustic Rubber Hat','212','Non magni et nulla aperiam.','Sint molestiae enim quis dolores provident molestiae commodi aut.',NULL,NULL,1,0,'Veritatis est officia sint perferendis.','Cupiditate accusantium dolorem molestiae.','2016-12-10 15:30:24','2016-12-10 15:30:24'),(218,'Model','Altenwerth-Bradtke','Sleek Cotton Hat','213','Necessitatibus soluta et a saepe voluptatum sed aut.','Praesentium nostrum non nihil.',NULL,NULL,0,0,'Maiores et perspiciatis aperiam id facilis voluptatem accusantium laboriosam.','Non vero autem pariatur libero expedita impedit.','2016-12-10 15:30:24','2016-12-10 15:30:24'),(219,'Model','Price Group','Gorgeous Granite Chair','214','Laboriosam qui officia sequi.','Modi non et voluptas omnis.',NULL,NULL,2,0,'Quia pariatur omnis totam odio est eos similique.','Error veritatis cupiditate ullam vero aut exercitationem rem.','2016-12-10 15:30:24','2016-12-10 15:30:24'),(220,'Model','Lowe, Fay and Kuhn','Practical Steel Chair','215','Impedit quia itaque autem asperiores provident.','Rerum sit nam autem dolores esse accusantium.',NULL,NULL,3,0,'Eligendi ratione fugiat impedit corrupti nisi.','Repellendus quia architecto voluptas perspiciatis dolor.','2016-12-10 15:30:24','2016-12-10 15:30:24'),(221,'Model','Miller-Casper','Fantastic Wooden Shirt','216','Quas laboriosam corrupti ipsum sed aliquam.','Ut aut non est.',NULL,NULL,3,0,'Et repellat nam impedit molestiae.','Omnis quibusdam numquam iure fugiat inventore est quod.','2016-12-10 15:30:24','2016-12-10 15:30:24'),(222,'Model','Schuster Inc','Small Steel Shoes','218','Est adipisci officiis iste autem minima sit et.','Aut ut qui corporis illum optio.',NULL,NULL,3,0,'Eos est saepe nostrum voluptatem.','Maxime et quis quae nulla dicta.','2016-12-10 15:30:24','2016-12-10 15:30:24'),(223,'Software','Nicolas LLC','Ergonomic Concrete Shirt','220',NULL,NULL,NULL,NULL,0,0,NULL,NULL,'2016-12-10 15:30:24','2016-12-10 15:30:24'),(224,'Model','Crist-O\'Connell','Sleek Wooden Car','221','Est et dolor fugit praesentium qui doloribus laboriosam ullam.','Error quos occaecati eius qui dicta sed.',NULL,NULL,2,0,'Dicta ea repudiandae enim provident accusantium totam.','Tempora suscipit voluptatem aliquid molestias pariatur.','2016-12-05 00:00:00','2016-12-05 00:00:00'),(225,'Model','Gutkowski, Huels and Hintz','Small Wooden Gloves','222','Quas exercitationem autem et nulla aperiam earum id.','Ducimus inventore quisquam maxime est debitis sequi.',NULL,NULL,1,0,'Omnis a id provident voluptatum voluptas dolores.','Ut quia autem rem repellendus autem assumenda est dolores.','2016-12-05 00:00:00','2016-12-05 00:00:00'),(226,'Model','Rice Inc','Practical Cotton Shoes','223','Maiores non impedit et sed sunt quam.','Qui minima commodi inventore vitae.',NULL,NULL,3,0,'Ipsa iure est at.','Voluptatem nihil minima et laudantium quos quidem et aut.','2016-12-05 00:00:00','2016-12-05 00:00:00'),(227,'Model','Paucek-Bruen','Awesome Steel Shirt','224','Excepturi cupiditate facilis assumenda vero.','Tempore ut sequi accusantium id.',NULL,NULL,3,0,'Ut sed laborum sit totam non enim voluptates.','Consequatur itaque ullam nisi perferendis.','2016-12-05 00:00:00','2016-12-05 00:00:00'),(228,'Model','Wiza-McDermott','Gorgeous Rubber Shoes','226','Sed fuga a qui voluptate sequi ullam magnam sapiente.','Reprehenderit at officia numquam consequatur sit quia.',NULL,NULL,3,0,'Totam nesciunt omnis sit impedit omnis quia.','Similique aut incidunt culpa reiciendis veritatis cupiditate inventore necessitatibus.','2016-12-10 15:30:24','2016-12-10 15:30:24'),(229,'Model','Lesch-Kub','Gorgeous Plastic Computer','227','Mollitia officia doloremque eveniet.','Odit vel sit consequuntur velit voluptatem perferendis dicta.',NULL,NULL,3,0,'Animi minima eaque voluptatem delectus ea.','Et voluptatem dolores consequuntur alias consequatur nulla.','2016-12-10 15:30:24','2016-12-10 15:30:24'),(230,'Model','Rice-Towne','Practical Cotton Gloves','228','Ut modi qui officiis sequi in.','Quis consequatur voluptas blanditiis veniam.',NULL,NULL,2,0,'Sed illo accusantium id reprehenderit est.','Qui quibusdam quia ad debitis nam soluta impedit velit.','2016-12-10 15:30:24','2016-12-10 15:30:24'),(231,'Model','Considine, Kuphal and MacGyver','Small Plastic Hat','229','Est aut non illum iste.','Veniam sed suscipit ea nostrum.',NULL,NULL,1,0,'Pariatur officia accusamus maiores voluptatem non quia eligendi.','Dolores excepturi libero aliquid.','2016-12-10 15:30:24','2016-12-10 15:30:24'),(232,'Model','Krajcik LLC','Fantastic Cotton Pants','230','Aut labore aliquam possimus autem eius voluptates enim.','Magni quas nostrum deserunt doloremque voluptatum rerum possimus.',NULL,NULL,2,0,'Asperiores quas quasi et dignissimos omnis odit nihil officia.','Impedit voluptatem fugit consectetur voluptas assumenda.','2016-12-10 15:30:24','2016-12-10 15:30:24'),(233,'Model','Boyle Group','Rustic Steel Chair','231','Nobis omnis ratione et cupiditate qui quia sed ut.','Aut minus explicabo commodi porro tempora assumenda non unde.',NULL,NULL,1,0,'Aut adipisci voluptatem laboriosam vel asperiores.','Et illum dolor in ut omnis a itaque.','2016-12-10 15:30:24','2016-12-10 15:30:24'),(234,'Model','Terry Inc','Ergonomic Rubber Shoes','232','Eaque impedit est sapiente porro reiciendis minima.','Rerum error ducimus ipsum rerum quos architecto repudiandae.',NULL,NULL,3,0,'Possimus quae magni consectetur voluptatem voluptas sunt ab aliquid.','Modi earum et accusamus nesciunt quo.','2016-12-10 15:30:24','2016-12-10 15:30:24'),(235,'Model','Nitzsche, Hessel and Johns','Fantastic Cotton Chair','233','Et totam provident qui quas.','Nulla quae est enim.',NULL,NULL,3,0,'Dolorem esse quo corporis nisi.','Et et cupiditate autem officiis dolores suscipit.','2016-12-10 15:30:24','2016-12-10 15:30:24'),(236,'Model','Hilll, Monahan and Huels','Awesome Granite Table','234','Harum occaecati provident voluptatem expedita atque modi facilis suscipit.','Unde blanditiis repudiandae ut veniam omnis.',NULL,NULL,1,0,'Sunt magnam id in saepe animi.','Aut ea nisi quas est occaecati cumque eius iste.','2016-12-10 15:30:24','2016-12-10 15:30:24'),(237,'Model','Pollich-Baumbach','Intelligent Plastic Computer','235','Reiciendis animi eveniet voluptas tempora minus aliquid.','Ea et perferendis laborum et ex ipsa quae iusto.',NULL,NULL,2,0,'Impedit culpa amet distinctio inventore in temporibus quibusdam.','Et veritatis suscipit beatae doloremque sapiente facilis qui.','2016-12-10 15:30:24','2016-12-10 15:30:24'),(238,'Model','Feil-Stokes','Ergonomic Concrete Pants','236','Amet est eveniet eum provident mollitia quis ad.','Expedita qui quis quia cumque iure enim velit qui.',NULL,NULL,1,0,'Ex rerum inventore numquam.','Dolor voluptas vel sint quo velit veritatis a.','2016-12-10 15:30:24','2016-12-10 15:30:24'),(239,'Model','Windler, Boehm and Lehner','Incredible Steel Shoes','237','Illo reprehenderit sit rem iste assumenda.','Similique voluptas quae quibusdam consectetur iure ut saepe vel.',NULL,NULL,3,0,'Magnam et iste laudantium ea architecto.','Qui eius placeat laboriosam cupiditate tempora nisi eos suscipit.','2016-12-10 15:30:24','2016-12-10 15:30:24'),(240,'Model','Howell, Watsica and Murray','Intelligent Granite Hat','238','Qui et consequatur corporis ab.','Inventore rem veritatis perferendis.',NULL,NULL,2,0,'Aut similique cum saepe suscipit eos atque autem dolores.','Quia veritatis accusantium enim illo expedita iusto voluptatem minima.','2016-12-10 15:30:24','2016-12-10 15:30:24'),(241,'Model','Hackett LLC','Incredible Rubber Computer','239','Impedit ut expedita et eaque possimus sunt sed.','Sed temporibus est nostrum velit id occaecati laboriosam voluptatem.',NULL,NULL,2,0,'Dolorum et aut qui officiis assumenda eveniet omnis.','Iste fugit est magnam reiciendis dignissimos eos enim.','2016-12-10 15:30:24','2016-12-10 15:30:24'),(242,'Model','Muller, Zulauf and Balistreri','Incredible Granite Shirt','240','Qui eum consectetur et.','Eaque vero modi voluptatem dolor tenetur quia.',NULL,NULL,3,0,'Ea quis alias in aut quos perferendis omnis.','Ullam occaecati laboriosam sed aut exercitationem sit.','2016-12-10 15:30:24','2016-12-10 15:30:24'),(243,'Model','Kessler-Weber','Fantastic Plastic Shoes','241','Atque velit consequuntur vel quis placeat sit.','Et voluptatem natus nisi.',NULL,NULL,1,0,'Nostrum rerum consequuntur ut.','Hic facere quia a est velit occaecati doloremque adipisci.','2016-12-10 15:30:24','2016-12-10 15:30:24'),(244,'Model','Balistreri, Marks and Eichmann','Incredible Plastic Pants','242','Et doloremque sunt nesciunt voluptatem dolores fugit dicta rerum.','Dicta fuga dignissimos quo ratione accusamus mollitia est libero.',NULL,NULL,1,0,'Autem sunt qui aperiam cupiditate ut dolorem.','Facilis quam sint est omnis veritatis et ab.','2016-12-05 00:00:00','2016-12-05 00:00:00'),(245,'Model','Kuhn-Rodriguez','Gorgeous Plastic Pants','243','Eum assumenda molestiae atque mollitia consequatur in dolor.','Enim ut accusamus rerum aut.',NULL,NULL,3,0,'Distinctio dolores nihil voluptatem aliquid sit.','Corporis impedit in tempora eum.','2016-12-05 00:00:00','2016-12-05 00:00:00'),(246,'Model','Stiedemann Inc','Practical Steel Pants','244','Quia possimus voluptates aut aut molestiae.','Nesciunt sunt a aut.',NULL,NULL,0,0,'Accusamus enim nam quis voluptatem accusantium eligendi recusandae quia.','Voluptas sed iste molestiae ut voluptatem id aut.','2016-12-05 00:00:00','2016-12-05 00:00:00'),(247,'Model','Conn, Hyatt and Moore','Awesome Steel Gloves','245','Quas temporibus vero omnis quo facilis nesciunt neque molestiae.','Veritatis harum eos eum voluptatem a pariatur voluptate quam.',NULL,NULL,0,0,'Qui laboriosam at iusto.','Quo magnam qui voluptatum.','2016-12-05 00:00:00','2016-12-05 00:00:00'),(248,'Model','Reynolds Group','Sleek Rubber Shoes','246','Pariatur odit voluptatem ipsam repellat impedit.','A cupiditate qui et.',NULL,NULL,0,0,'Quam architecto consequuntur autem sint laboriosam blanditiis est ducimus.','Est optio ut rerum nisi consequatur commodi recusandae.','2016-12-10 15:30:24','2016-12-10 15:30:24'),(249,'Model','Turcotte, Block and Kerluke','Practical Concrete Gloves','247','Ipsum iure autem eum sed.','Itaque corporis voluptatibus molestiae eum asperiores sequi aut et.',NULL,NULL,3,0,'Similique et ut sed eum cum facilis enim dolorum.','Voluptates ea dolore repellat quia placeat sequi aut.','2016-12-10 15:30:24','2016-12-10 15:30:24'),(250,'Model','Feeney LLC','Fantastic Concrete Shirt','248','Voluptatem ea iure accusamus.','Illum corrupti quibusdam expedita magni ab unde id tempora.',NULL,NULL,2,0,'Similique quam aut neque animi iusto.','Rerum laborum dolorem cupiditate.','2016-12-10 15:30:24','2016-12-10 15:30:24'),(251,'Model','Johnson, Cartwright and Keebler','Practical Granite Shoes','249','Incidunt in sunt consequatur.','Aut occaecati et explicabo nobis recusandae.',NULL,NULL,1,0,'Quam debitis accusamus laborum molestiae doloremque.','Voluptatibus cumque est magnam et et expedita suscipit et.','2016-12-10 15:30:24','2016-12-10 15:30:24'),(252,'Model','Ferry, Breitenberg and Erdman','Fantastic Wooden Computer','250','Et sint hic ea dolorem.','Impedit sit ullam quod aut soluta exercitationem qui.',NULL,NULL,0,0,'Consequatur eveniet omnis ut quae a velit id.','Totam dolore amet assumenda voluptatem pariatur ipsum.','2016-12-10 15:30:24','2016-12-10 15:30:24'),(253,'Model','Braun, Dach and Jacobi','Awesome Plastic Table','251','Quidem consequatur et sequi consequuntur debitis.','A commodi consequatur officia repudiandae eaque quo ut.',NULL,NULL,1,0,'Iste suscipit labore tempora sed rerum.','Repellat quidem necessitatibus illum minus vel natus aut repellendus.','2016-12-10 15:30:24','2016-12-10 15:30:24'),(254,'Model','Rolfson-D\'Amore','Ergonomic Rubber Chair','252','Harum deserunt ut totam rem ut explicabo quo iusto.','Quod ut qui possimus.',NULL,NULL,1,0,'Sed ut enim ducimus sint occaecati veritatis.','Nam in fugit nostrum sint sit aut.','2016-12-10 15:30:24','2016-12-10 15:30:24'),(255,'Model','VonRueden, Fisher and Kshlerin','Intelligent Wooden Gloves','253','Est omnis unde labore sed possimus ut recusandae autem.','Nihil placeat ex ab voluptatem hic aut quia praesentium.',NULL,NULL,2,0,'Ut architecto ut molestiae amet culpa ab cupiditate.','Qui pariatur qui eaque voluptatem quibusdam provident.','2016-12-10 15:30:24','2016-12-10 15:30:24'),(256,'Model','Hilll-Mayer','Sleek Cotton Table','254','Molestiae error omnis dolore quam.','Eum atque consectetur et.',NULL,NULL,2,0,'Sit et omnis et consequatur facilis atque dolorum in.','Modi labore necessitatibus ut exercitationem et numquam sint eum.','2016-12-10 15:30:24','2016-12-10 15:30:24'),(257,'Model','Crist, Schuppe and Nicolas','Gorgeous Granite Gloves','255','Sint quia architecto nesciunt animi veniam.','Error quo minus illum expedita assumenda.',NULL,NULL,0,0,'Est laudantium doloremque ut dolor enim cupiditate eos molestias.','Dolore nobis placeat quo id omnis.','2016-12-10 15:30:24','2016-12-10 15:30:24'),(258,'Model','Gusikowski, Reynolds and Dach','Rustic Rubber Chair','256','Aliquam optio officiis fugiat.','Possimus neque nisi temporibus dolorum laudantium sed.',NULL,NULL,2,0,'Consequuntur reprehenderit quis et.','Qui amet sed et maiores dolores beatae ullam.','2016-12-10 15:30:24','2016-12-10 15:30:24'),(259,'Model','Stiedemann LLC','Ergonomic Rubber Shirt','257','Et sit quia possimus architecto ut autem iusto.','Aut accusantium a odio eaque voluptatem repudiandae pariatur recusandae.',NULL,NULL,3,0,'Ipsa eos et consequatur ut amet doloribus.','Necessitatibus dolor voluptate eaque autem ad omnis exercitationem.','2016-12-10 15:30:24','2016-12-10 15:30:24'),(260,'Model','Koepp-Stracke','Rustic Steel Computer','258','Repellendus maxime omnis similique dolor commodi quaerat.','Eveniet dicta enim consequatur provident pariatur.',NULL,NULL,3,0,'Ut velit culpa dolor qui eaque quam.','Nobis dolorem aut voluptates ab.','2016-12-10 15:30:24','2016-12-10 15:30:24'),(261,'Model','Deckow Inc','Sleek Granite Hat','259','Omnis ullam consequatur rerum ratione consequuntur.','Blanditiis voluptate doloremque ut quia libero.',NULL,NULL,0,0,'Ut et pariatur illum laborum commodi nobis quisquam eveniet.','Illo magni rerum cupiditate.','2016-12-10 15:30:24','2016-12-10 15:30:24'),(262,'Model','Boyle, Cartwright and Kshlerin','Sleek Concrete Hat','260','Et consectetur et et est similique eaque.','Quia tenetur fugiat aut deserunt repellat omnis.',NULL,NULL,2,0,'Praesentium natus saepe aspernatur dolorum.','Facilis commodi accusantium aut adipisci impedit.','2016-12-10 15:30:24','2016-12-10 15:30:24'),(263,'Model','Dach-Abernathy','Ergonomic Cotton Hat','261','Beatae et ullam voluptatem neque.','Et qui soluta qui commodi rem tenetur.',NULL,NULL,0,0,'Doloribus omnis ut aut magnam exercitationem neque voluptatem in.','Aut dolorum illum ut fugit.','2016-12-10 15:30:24','2016-12-10 15:30:24'),(264,'Model','Hessel LLC','Sleek Plastic Car','262','Sed dicta architecto exercitationem veritatis vel.','Occaecati corporis dicta architecto quo.',NULL,NULL,3,0,'Qui enim at perspiciatis.','Numquam aliquam cumque illum voluptas.','2016-12-10 15:30:24','2016-12-10 15:30:24'),(265,'Model','Medhurst-Stokes','Awesome Granite Car','263','Corporis vel in unde.','Et accusamus doloremque ipsam.',NULL,NULL,1,0,'Voluptas nihil officiis incidunt.','Ut atque nobis ex voluptas sapiente aut.','2016-12-10 15:30:24','2016-12-10 15:30:24'),(266,'Model','Parker, Turcotte and Mitchell','Incredible Steel Gloves','264','Beatae ullam porro et.','Laborum sed laudantium hic voluptates dolorem adipisci facilis voluptas.',NULL,NULL,2,0,'Velit sapiente eum quaerat fugiat vitae corrupti.','Molestias consectetur quis totam ipsa incidunt recusandae aperiam illum.','2016-12-10 15:30:24','2016-12-10 15:30:24'),(267,'Model','Nitzsche Inc','Intelligent Granite Shirt','265','Est est ullam assumenda voluptatem nulla et molestiae fuga.','Harum aliquam qui unde iusto impedit.',NULL,NULL,3,0,'Quis totam et voluptatum eos quo rerum.','Rerum voluptatem debitis consequatur officiis.','2016-12-10 15:30:24','2016-12-10 15:30:24'),(268,'Model','Hoppe Inc','Intelligent Granite Table','266','Eos repellendus natus perspiciatis dolorem.','Omnis veniam maxime delectus cupiditate amet et.',NULL,NULL,0,0,'Earum alias voluptate dolore voluptatum vel facilis.','Necessitatibus commodi eaque alias possimus ut impedit similique.','2016-12-10 15:30:24','2016-12-10 15:30:24'),(269,'Model','Kertzmann, Herman and Paucek','Fantastic Cotton Hat','267','Sint recusandae quia repudiandae excepturi ratione illum eum voluptatem.','Numquam dignissimos in et.',NULL,NULL,1,0,'Qui laborum beatae rerum.','Consequatur accusamus maiores ratione molestias illo.','2016-12-10 15:30:24','2016-12-10 15:30:24'),(270,'Model','Sauer Group','Practical Cotton Hat','268','Temporibus minima doloribus odit velit architecto.','Consectetur voluptas nemo sit unde rerum et.',NULL,NULL,2,0,'Et est sed earum.','Non dolor officia minus pariatur.','2016-12-10 15:30:24','2016-12-10 15:30:24'),(271,'Model','Mayer, Nienow and Hilpert','Intelligent Rubber Shirt','269','Expedita consequatur voluptatem deleniti aut earum velit corrupti et.','Mollitia aspernatur et vero enim ratione.',NULL,NULL,2,0,'Aperiam nam qui illum ullam.','Est expedita quod beatae.','2016-12-10 15:30:24','2016-12-10 15:30:24'),(272,'Model','Quigley-Gusikowski','Ergonomic Plastic Shoes','270','Distinctio soluta est sed delectus quidem et maxime beatae.','Sint non pariatur porro ut.',NULL,NULL,3,0,'Aut qui voluptatem qui enim excepturi debitis.','Ut non ex dolorum sunt quidem quos.','2016-12-10 15:30:24','2016-12-10 15:30:24'),(273,'Model','Hodkiewicz, Krajcik and Crist','Awesome Cotton Shirt','271','Qui rerum delectus qui sit officia ipsam.','Nesciunt voluptatem sint corrupti possimus suscipit ab adipisci pariatur.',NULL,NULL,0,0,'Recusandae voluptas laborum ad molestiae.','Odit ut quisquam animi quaerat totam laboriosam.','2016-12-10 15:30:24','2016-12-10 15:30:24'),(274,'Model','McLaughlin and Sons','Practical Wooden Car','272','Voluptatem laborum velit ut.','Repellat sequi exercitationem voluptatem numquam laboriosam quis ea.',NULL,NULL,2,0,'Veniam et nihil aliquam quidem.','Ut quis voluptatem voluptas expedita enim veniam reiciendis sit.','2016-12-10 15:30:24','2016-12-10 15:30:24'),(275,'Model','Ritchie, Huels and Ratke','Practical Steel Car','273','Et sint provident repudiandae eligendi suscipit sit.','Iste eum eveniet est nobis vitae.',NULL,NULL,2,0,'Sit et vel distinctio dolorem aliquid.','Deserunt voluptas eaque omnis.','2016-12-10 15:30:24','2016-12-10 15:30:24'),(276,'Model','Ratke, Gottlieb and Cole','Ergonomic Concrete Chair','274','Ab quas deserunt ut inventore aut est minima.','Quis impedit vitae voluptas quo velit.',NULL,NULL,0,0,'Qui et porro ea.','Blanditiis necessitatibus voluptates sed amet debitis qui nesciunt.','2016-12-10 15:30:24','2016-12-10 15:30:24'),(277,'Model','Erdman Group','Ergonomic Cotton Pants','275','Consectetur vero quis temporibus sed sunt corrupti.','Et qui nisi laboriosam velit iste ipsa quia.',NULL,NULL,1,0,'Corporis sequi dolorem aut enim eligendi qui.','Blanditiis numquam nostrum minus aut et ipsam.','2016-12-10 15:30:24','2016-12-10 15:30:24'),(278,'Model','Robel, Reilly and O\'Kon','Incredible Rubber Shirt','276','Soluta minus dolores eligendi id at sapiente maiores in.','Similique quis assumenda vel provident sed sunt est aspernatur.',NULL,NULL,3,0,'Possimus laboriosam quisquam officiis omnis.','Veritatis et adipisci itaque.','2016-12-10 15:30:24','2016-12-10 15:30:24'),(279,'Model','Von LLC','Intelligent Steel Shirt','277','Omnis harum deleniti incidunt qui voluptatibus mollitia molestiae consequatur.','Adipisci aut dolor nihil voluptate.',NULL,NULL,3,0,'Facilis ipsum eius cupiditate quia quasi tempore minima soluta.','Quia rem nulla possimus voluptatem sunt et expedita.','2016-12-10 15:30:24','2016-12-10 15:30:24'),(280,'Model','Lesch-Kulas','Awesome Rubber Car','278','Dolor aut consequatur quo eos in aut.','Maxime sequi laboriosam dicta asperiores.',NULL,NULL,1,0,'Vel sit reprehenderit magni quam quod.','Quia id hic ut voluptate praesentium quo nihil quaerat.','2016-12-10 15:30:24','2016-12-10 15:30:24'),(281,'Model','Rice LLC','Gorgeous Rubber Computer','279','Magni aut debitis quos nostrum tenetur deleniti aut illo.','Iure ut omnis autem explicabo occaecati porro quis suscipit.',NULL,NULL,0,0,'Hic id pariatur minima rem officia.','Doloremque aut ratione non.','2016-12-10 15:30:24','2016-12-10 15:30:24'),(282,'Model','Schuster, Medhurst and Eichmann','Rustic Plastic Computer','280','Eveniet qui quia molestiae qui atque.','Qui excepturi sed deserunt consequatur cupiditate.',NULL,NULL,0,0,'Amet et sed cum corporis.','Magni molestiae est aperiam voluptatum.','2016-12-10 15:30:24','2016-12-10 15:30:24'),(283,'Model','Larkin-Wehner','Gorgeous Cotton Gloves','281','Iste asperiores voluptatem aut consectetur.','Eum velit placeat vel reprehenderit sapiente debitis.',NULL,NULL,3,0,'Sunt enim aspernatur asperiores deleniti sint omnis.','Modi quia commodi iste hic enim deserunt saepe.','2016-12-10 15:30:24','2016-12-10 15:30:24'),(284,'Model','Conroy Inc','Intelligent Cotton Gloves','282','Voluptas officiis aut nostrum architecto vel recusandae cupiditate consequatur.','Consectetur est voluptatem architecto rem.',NULL,NULL,0,0,'Aspernatur quidem voluptatum expedita in veniam reprehenderit.','Incidunt voluptatem voluptate laboriosam harum.','2016-12-10 15:30:24','2016-12-10 15:30:24'),(285,'Model','Wisozk-Parker','Sleek Plastic Chair','283','Libero molestiae est dolore.','Voluptatem pariatur nihil quis officia alias.',NULL,NULL,1,0,'Ducimus iste inventore velit accusamus enim.','Et totam voluptatum delectus.','2016-12-10 15:30:24','2016-12-10 15:30:24'),(286,'Model','Lakin, Bauch and Emard','Ergonomic Cotton Table','284','Doloremque sed consequuntur voluptas eos ad vel ut.','Amet consequuntur qui debitis incidunt distinctio quia.',NULL,NULL,2,0,'Facere architecto et sint dicta.','Illum enim dolores fugiat consequatur.','2016-12-10 15:30:24','2016-12-10 15:30:24'),(287,'Model','Kutch, Cronin and Kunde','Rustic Cotton Computer','285','Est sed molestiae facere.','Libero cumque quia placeat.',NULL,NULL,2,0,'Neque et dolores illo vero exercitationem ut.','Facere odit omnis in.','2016-12-10 15:30:24','2016-12-10 15:30:24'),(288,'Model','Moen, Turner and Veum','Small Steel Table','286','Voluptas velit omnis beatae dignissimos aut ex nihil exercitationem.','Sed reprehenderit itaque optio inventore.',NULL,NULL,3,0,'Temporibus nostrum rerum dignissimos vero optio.','Quis accusantium omnis voluptates.','2016-12-10 15:30:24','2016-12-10 15:30:24'),(289,'Model','Hodkiewicz LLC','Gorgeous Plastic Gloves','287','Est unde quis qui quam voluptas earum perferendis.','Et esse repellat dolores ducimus dolorem expedita vel sunt.',NULL,NULL,1,0,'Deserunt animi ut debitis aut repellat autem est.','Blanditiis cupiditate provident nesciunt consectetur aliquid sed explicabo.','2016-12-10 15:30:24','2016-12-10 15:30:24'),(290,'Model','Ward, Berge and Christiansen','Intelligent Steel Computer','288','Praesentium aperiam in aut est.','Ex sunt temporibus rerum qui at neque.',NULL,NULL,1,0,'Beatae provident non aut labore ut placeat nihil dolorum.','Repellat sed odio nam facilis sit.','2016-12-10 15:30:24','2016-12-10 15:30:24'),(291,'Model','Moore, Dietrich and Lockman','Incredible Steel Pants','289','Eveniet laboriosam maxime nam et fugit dolore.','Consequatur molestias voluptas tenetur.',NULL,NULL,1,0,'Voluptatem tempore distinctio natus.','Voluptatem ut quas hic id officiis.','2016-12-10 15:30:24','2016-12-10 15:30:24'),(292,'Model','Beatty Inc','Small Wooden Pants','290','Perspiciatis neque cupiditate et sit.','Distinctio excepturi animi inventore.',NULL,NULL,0,0,'Perferendis quod aut odio ut sint.','Nisi consequatur enim suscipit dolores praesentium quia.','2016-12-10 15:30:24','2016-12-10 15:30:24'),(293,'Model','Grady and Sons','Incredible Cotton Table','291','Optio sunt delectus autem.','Alias magnam repudiandae eos sit voluptatem soluta.',NULL,NULL,1,0,'Neque et eveniet dolores illum quod sunt quisquam.','Sunt repellendus dolorem sapiente sed maxime deserunt aliquam.','2016-12-10 15:30:24','2016-12-10 15:30:24'),(294,'Model','Wolf-Pouros','Gorgeous Steel Table','292','Minus ipsam molestias quo et provident omnis.','Necessitatibus et voluptas enim consequatur delectus id qui.',NULL,NULL,2,0,'Ipsa qui unde dicta non velit quia ut.','Quis natus minima asperiores modi commodi blanditiis.','2016-12-10 15:30:24','2016-12-10 15:30:24'),(295,'Model','Lehner Inc','Rustic Cotton Chair','293','Suscipit qui labore et commodi.','Tempore omnis unde consequatur.',NULL,NULL,2,0,'Et eligendi quis vel dignissimos qui voluptatum.','A deleniti quia iste minus.','2016-12-10 15:30:24','2016-12-10 15:30:24'),(296,'Model','Zboncak, Mante and Carroll','Fantastic Cotton Shirt','294','Ut reiciendis mollitia ut natus.','Quis vero consequatur eum aut aut.',NULL,NULL,3,0,'Recusandae vitae libero et ut rem natus atque occaecati.','Excepturi ducimus quis officiis doloremque.','2016-12-10 15:30:24','2016-12-10 15:30:24'),(297,'Model','Hegmann Group','Gorgeous Wooden Gloves','295','Voluptate officiis ex hic aliquid non.','Iste molestiae voluptate architecto blanditiis quidem tenetur a consequatur.',NULL,NULL,3,0,'Mollitia rem assumenda error quia ipsa et et.','Ex optio aut in at laboriosam.','2016-12-10 15:30:24','2016-12-10 15:30:24'),(298,'Model','Bednar Group','Ergonomic Steel Chair','296','Odio fugit perferendis quos atque quia.','In necessitatibus aliquid rem eligendi libero dolor quidem aut.',NULL,NULL,3,0,'Veniam quo alias voluptatem quia beatae.','Assumenda voluptatem est iure veniam dignissimos dolor possimus sapiente.','2016-12-10 15:30:24','2016-12-10 15:30:24'),(299,'Model','DuBuque and Sons','Incredible Plastic Hat','297','Cum veniam atque omnis voluptas iure quibusdam.','Sunt non autem sit fugiat ut mollitia.',NULL,NULL,0,0,'Aperiam sed id ea rerum sint et cupiditate fugit.','Cum accusantium qui esse.','2016-12-10 15:30:24','2016-12-10 15:30:24'),(300,'Model','Vandervort-Friesen','Intelligent Steel Shoes','298','Impedit blanditiis ut et illum consequatur maiores tenetur hic.','Aut hic repudiandae molestiae.',NULL,NULL,2,0,'Doloribus iste occaecati aut sit repellat tempora voluptas laudantium.','Optio eaque dignissimos deleniti id.','2016-12-10 15:30:24','2016-12-10 15:30:24'),(301,'Model','Bradtke-Mills','Sleek Plastic Shirt','299','In aliquid praesentium fuga unde aut.','Fugit deserunt dolorem soluta voluptas molestiae.',NULL,NULL,2,0,'Et quod illo omnis.','Aliquam similique consequatur accusamus saepe impedit.','2016-12-10 15:30:24','2016-12-10 15:30:24'),(302,'Model','Hilll-Zboncak','Intelligent Plastic Chair','300','Minus doloribus quia sit repellat aut tempore laudantium fuga.','Qui magni soluta et ipsa quia atque quae vel.',NULL,NULL,1,0,'Est eum fuga autem.','Nihil quo asperiores quaerat vero sit eos illo debitis.','2016-12-10 15:30:24','2016-12-10 15:30:24'),(303,'Model','Ullrich, Douglas and Price','Incredible Plastic Shirt','301','Molestiae eligendi quia vel sunt odit aspernatur.','Modi perferendis dolor cupiditate voluptas omnis sed libero.',NULL,NULL,1,0,'Nam laudantium rerum harum doloribus.','Inventore necessitatibus ipsum quas sit et sunt.','2016-12-10 15:30:24','2016-12-10 15:30:24'),(304,'Model','Jacobs-Ryan','Rustic Cotton Table','302','Magnam est et dolor ut itaque.','At atque ut voluptas est ut.',NULL,NULL,1,0,'Et praesentium enim consequatur consequuntur necessitatibus placeat autem.','Et qui aut magni.','2016-12-10 15:30:24','2016-12-10 15:30:24'),(305,'Model','Marvin-Romaguera','Awesome Rubber Computer','303','Neque fugiat temporibus id explicabo consequuntur voluptatem quibusdam illo.','Ducimus a impedit eius ad ullam nesciunt laboriosam.',NULL,NULL,2,0,'Id nemo dolor amet eius nobis commodi.','Dolorum placeat ullam ex.','2016-12-10 15:30:24','2016-12-10 15:30:24'),(306,'Model','Nikolaus and Sons','Fantastic Cotton Shoes','304','Recusandae tempore incidunt culpa.','Ut quae quidem atque.',NULL,NULL,2,0,'Pariatur ad libero officia architecto quas ut nisi.','Sit labore rerum aut.','2016-12-10 15:30:24','2016-12-10 15:30:24'),(307,'Model','Kovacek, Turner and Abshire','Fantastic Granite Shirt','305','Ullam tempore molestias ea deleniti et.','Delectus illum libero explicabo excepturi.',NULL,NULL,0,0,'Voluptatum qui sunt illum ullam porro.','Voluptates fugiat consequatur corporis eum minus et iure voluptate.','2016-12-10 15:30:24','2016-12-10 15:30:24'),(308,'Model','Hettinger and Sons','Practical Rubber Car','306','Rem harum a dignissimos ipsa odio et expedita.','Ut eaque hic aut.',NULL,NULL,2,0,'Itaque qui odio aut.','Soluta voluptatem et molestiae quidem consequuntur.','2016-12-10 15:30:24','2016-12-10 15:30:24'),(309,'Model','Batz Inc','Practical Plastic Hat','307','Facilis porro et iusto deserunt natus quibusdam perferendis iure.','Quas commodi ullam distinctio fugiat impedit nam.',NULL,NULL,0,0,'Dolorem amet beatae provident blanditiis est.','Odio sunt nihil dolor perferendis non quasi consequatur rem.','2016-12-10 15:30:24','2016-12-10 15:30:24'),(310,'Model','Murphy-Rosenbaum','Fantastic Concrete Table','308','Impedit quae aspernatur iusto velit rerum suscipit.','Minima expedita nihil ut nulla culpa aut iusto necessitatibus.',NULL,NULL,1,0,'Alias est omnis saepe quo praesentium.','Qui id esse asperiores accusamus repellendus sit quisquam.','2016-12-10 15:30:24','2016-12-10 15:30:24'),(311,'Model','Brakus Group','Practical Concrete Car','309','Voluptatem reiciendis non voluptatem et.','Tenetur vel rerum est ipsa.',NULL,NULL,2,0,'Illo nihil numquam unde non quae.','Nihil corrupti quis praesentium autem repellendus.','2016-12-10 15:30:24','2016-12-10 15:30:24'),(312,'Model','Durgan-Larson','Small Wooden Shoes','310','Sunt omnis voluptatum ad quia qui.','Cupiditate quasi ad rerum doloribus odit natus.',NULL,NULL,2,0,'Non mollitia quos iure nihil nulla ut adipisci atque.','Est et repellat harum officiis qui natus.','2016-12-10 15:30:24','2016-12-10 15:30:24'),(313,'Model','Oberbrunner LLC','Gorgeous Granite Computer','311','Earum dolor voluptas saepe magni corporis modi non praesentium.','Omnis ipsam et numquam amet.',NULL,NULL,2,0,'Molestiae impedit necessitatibus architecto pariatur tempore reiciendis consequatur ad.','Vel ipsa et alias ea eius modi non.','2016-12-10 15:30:24','2016-12-10 15:30:24'),(314,'Model','Blanda and Sons','Intelligent Plastic Hat','312','Laboriosam eligendi adipisci commodi quia assumenda.','Consequatur consequatur eum voluptatem tempore.',NULL,NULL,1,0,'Consequuntur omnis et laudantium esse.','Quia aut est sed voluptates qui.','2016-12-10 15:30:24','2016-12-10 15:30:24'),(315,'Model','Moen, Rutherford and Gleichner','Practical Rubber Shirt','313','Expedita id atque repudiandae et.','Iure eos fugit ducimus nobis et nostrum numquam possimus.',NULL,NULL,1,0,'Sequi doloribus atque esse mollitia.','Deserunt sit maxime omnis laboriosam.','2016-12-10 15:30:24','2016-12-10 15:30:24'),(316,'Model','Wilderman and Sons','Fantastic Plastic Pants','314','Est ea cum autem libero pariatur.','Officiis ut sed amet sit.',NULL,NULL,3,0,'Natus sunt dolor laudantium rerum cumque quia sed.','Facere provident deleniti dolores et molestiae officiis.','2016-12-10 15:30:24','2016-12-10 15:30:24'),(317,'Model','Maggio Inc','Small Cotton Chair','315','Earum laboriosam delectus in.','Quam voluptate necessitatibus eos sed dolores eius enim dolore.',NULL,NULL,2,0,'Nam quo asperiores itaque iure minima maxime eius impedit.','Non ut quisquam esse quaerat.','2016-12-10 15:30:24','2016-12-10 15:30:24'),(318,'Software','Lind Inc','Small Granite Pants','316',NULL,NULL,NULL,NULL,0,0,NULL,NULL,'2016-12-10 15:30:24','2016-12-10 15:30:24'),(319,'Model','Christiansen and Sons','Small Granite Gloves','317','Velit modi porro magni soluta sint voluptatem voluptatem in.','Aut neque maiores vel eum.',NULL,NULL,2,0,'Earum dolore sapiente aut sit in ratione quaerat libero.','Omnis dicta sint officiis quisquam iure autem.','2016-12-10 15:30:24','2016-12-10 15:30:24'),(320,'Model','Aufderhar LLC','Gorgeous Granite Shirt','318','Ut cupiditate sed et ullam ipsa voluptatem fugiat quisquam.','Porro et esse qui et eum.',NULL,NULL,0,0,'Possimus itaque maiores mollitia.','Rerum ut est et tempore sunt commodi.','2016-12-10 15:30:24','2016-12-10 15:30:24'),(321,'Model','Koch-Schuppe','Fantastic Concrete Shoes','319','Accusantium facere eveniet magnam exercitationem deserunt id.','Molestias ut sapiente neque.',NULL,NULL,3,0,'Inventore exercitationem rerum quis debitis.','Sint nam ut inventore et et accusantium minima.','2016-12-10 15:30:24','2016-12-10 15:30:24'),(322,'Model','Robel-Brekke','Intelligent Concrete Computer','320','Exercitationem quod qui reiciendis quia laudantium porro.','Labore nisi ut omnis.',NULL,NULL,0,0,'Aut voluptas at nostrum ex eum.','Sint enim commodi quam est ex.','2016-12-10 15:30:24','2016-12-10 15:30:24');
/*!40000 ALTER TABLE `models` ENABLE KEYS */;
UNLOCK TABLES;

--
-- Table structure for table `models_compatibles`
--

DROP TABLE IF EXISTS `models_compatibles`;
/*!40101 SET @saved_cs_client     = @@character_set_client */;
/*!40101 SET character_set_client = utf8 */;
CREATE TABLE `models_compatibles` (
  `model_id` int(11) DEFAULT NULL,
  `compatible_id` int(11) DEFAULT NULL,
  KEY `index_models_compatibles_on_compatible_id` (`compatible_id`),
  KEY `index_models_compatibles_on_model_id` (`model_id`)
) ENGINE=InnoDB DEFAULT CHARSET=utf8 COLLATE=utf8_unicode_ci;
/*!40101 SET character_set_client = @saved_cs_client */;

--
-- Dumping data for table `models_compatibles`
--

LOCK TABLES `models_compatibles` WRITE;
/*!40000 ALTER TABLE `models_compatibles` DISABLE KEYS */;
INSERT INTO `models_compatibles` VALUES (148,147),(149,147),(150,147);
/*!40000 ALTER TABLE `models_compatibles` ENABLE KEYS */;
UNLOCK TABLES;

--
-- Table structure for table `notifications`
--

DROP TABLE IF EXISTS `notifications`;
/*!40101 SET @saved_cs_client     = @@character_set_client */;
/*!40101 SET character_set_client = utf8 */;
CREATE TABLE `notifications` (
  `id` int(11) NOT NULL AUTO_INCREMENT,
  `user_id` int(11) DEFAULT NULL,
  `title` varchar(255) COLLATE utf8_unicode_ci DEFAULT '',
  `created_at` datetime NOT NULL,
  PRIMARY KEY (`id`),
  KEY `index_notifications_on_user_id` (`user_id`)
) ENGINE=InnoDB DEFAULT CHARSET=utf8 COLLATE=utf8_unicode_ci;
/*!40101 SET character_set_client = @saved_cs_client */;

--
-- Dumping data for table `notifications`
--

LOCK TABLES `notifications` WRITE;
/*!40000 ALTER TABLE `notifications` DISABLE KEYS */;
/*!40000 ALTER TABLE `notifications` ENABLE KEYS */;
UNLOCK TABLES;

--
-- Table structure for table `numerators`
--

DROP TABLE IF EXISTS `numerators`;
/*!40101 SET @saved_cs_client     = @@character_set_client */;
/*!40101 SET character_set_client = utf8 */;
CREATE TABLE `numerators` (
  `id` int(11) NOT NULL AUTO_INCREMENT,
  `item` int(11) DEFAULT NULL,
  PRIMARY KEY (`id`)
) ENGINE=InnoDB DEFAULT CHARSET=utf8 COLLATE=utf8_unicode_ci;
/*!40101 SET character_set_client = @saved_cs_client */;

--
-- Dumping data for table `numerators`
--

LOCK TABLES `numerators` WRITE;
/*!40000 ALTER TABLE `numerators` DISABLE KEYS */;
/*!40000 ALTER TABLE `numerators` ENABLE KEYS */;
UNLOCK TABLES;

--
-- Table structure for table `options`
--

DROP TABLE IF EXISTS `options`;
/*!40101 SET @saved_cs_client     = @@character_set_client */;
/*!40101 SET character_set_client = utf8 */;
CREATE TABLE `options` (
  `id` int(11) NOT NULL AUTO_INCREMENT,
  `inventory_pool_id` int(11) DEFAULT NULL,
  `inventory_code` varchar(255) COLLATE utf8_unicode_ci DEFAULT NULL,
  `manufacturer` varchar(255) COLLATE utf8_unicode_ci DEFAULT NULL,
  `product` varchar(255) COLLATE utf8_unicode_ci NOT NULL,
  `version` varchar(255) COLLATE utf8_unicode_ci DEFAULT NULL,
  `price` decimal(8,2) DEFAULT NULL,
  PRIMARY KEY (`id`),
  KEY `index_options_on_inventory_pool_id` (`inventory_pool_id`)
) ENGINE=InnoDB AUTO_INCREMENT=7 DEFAULT CHARSET=utf8 COLLATE=utf8_unicode_ci;
/*!40101 SET character_set_client = @saved_cs_client */;

--
-- Dumping data for table `options`
--

LOCK TABLES `options` WRITE;
/*!40000 ALTER TABLE `options` DISABLE KEYS */;
INSERT INTO `options` VALUES (1,1,'akku-aa',NULL,'Akku AA','111','857.00'),(2,1,'akku-aaa',NULL,'Akku AAA','112','33.00'),(3,1,'usb',NULL,'USB Kabel','113','1353.00'),(4,1,'cor4894',NULL,'Gorgeous Rubber Shoes','217','899.00'),(5,1,'vol5660',NULL,'Ergonomic Wooden Hat','219','45.00'),(6,2,'sin9510',NULL,'Incredible Concrete Shoes','225','714.00');
/*!40000 ALTER TABLE `options` ENABLE KEYS */;
UNLOCK TABLES;

--
-- Table structure for table `partitions`
--

DROP TABLE IF EXISTS `partitions`;
/*!40101 SET @saved_cs_client     = @@character_set_client */;
/*!40101 SET character_set_client = utf8 */;
CREATE TABLE `partitions` (
  `id` int(11) NOT NULL AUTO_INCREMENT,
  `model_id` int(11) DEFAULT NULL,
  `inventory_pool_id` int(11) DEFAULT NULL,
  `group_id` int(11) DEFAULT NULL,
  `quantity` int(11) DEFAULT NULL,
  PRIMARY KEY (`id`),
  UNIQUE KEY `index_partitions_on_model_id_and_inventory_pool_id_and_group_id` (`model_id`,`inventory_pool_id`,`group_id`)
) ENGINE=InnoDB AUTO_INCREMENT=12 DEFAULT CHARSET=utf8 COLLATE=utf8_unicode_ci;
/*!40101 SET character_set_client = @saved_cs_client */;

--
-- Dumping data for table `partitions`
--

LOCK TABLES `partitions` WRITE;
/*!40000 ALTER TABLE `partitions` DISABLE KEYS */;
INSERT INTO `partitions` VALUES (1,111,1,4,1),(2,149,1,5,1),(3,150,1,6,5),(4,148,1,1,1),(5,80,1,1,1),(6,80,1,2,1),(7,170,1,7,1),(8,177,1,7,1),(9,184,1,7,1),(10,197,1,8,1),(11,206,1,7,1);
/*!40000 ALTER TABLE `partitions` ENABLE KEYS */;
UNLOCK TABLES;

--
-- Temporary table structure for view `partitions_with_generals`
--

DROP TABLE IF EXISTS `partitions_with_generals`;
/*!50001 DROP VIEW IF EXISTS `partitions_with_generals`*/;
SET @saved_cs_client     = @@character_set_client;
SET character_set_client = utf8;
/*!50001 CREATE TABLE `partitions_with_generals` (
  `model_id` int(11),
  `inventory_pool_id` int(11),
  `group_id` int(11),
  `quantity` decimal(33,0)
) ENGINE=MyISAM */;
SET character_set_client = @saved_cs_client;

--
-- Table structure for table `properties`
--

DROP TABLE IF EXISTS `properties`;
/*!40101 SET @saved_cs_client     = @@character_set_client */;
/*!40101 SET character_set_client = utf8 */;
CREATE TABLE `properties` (
  `id` int(11) NOT NULL AUTO_INCREMENT,
  `model_id` int(11) DEFAULT NULL,
  `key` varchar(255) COLLATE utf8_unicode_ci DEFAULT NULL,
  `value` varchar(255) COLLATE utf8_unicode_ci DEFAULT NULL,
  PRIMARY KEY (`id`),
  KEY `index_properties_on_model_id` (`model_id`)
) ENGINE=InnoDB AUTO_INCREMENT=13 DEFAULT CHARSET=utf8 COLLATE=utf8_unicode_ci;
/*!40101 SET character_set_client = @saved_cs_client */;

--
-- Dumping data for table `properties`
--

LOCK TABLES `properties` WRITE;
/*!40000 ALTER TABLE `properties` DISABLE KEYS */;
INSERT INTO `properties` VALUES (1,148,'Rotorduchmesser','120'),(2,148,'Akkus','2'),(3,148,'Farbe','Rot'),(4,149,'Rotorduchmesser','120'),(5,149,'Akkus','2'),(6,149,'Farbe','Rot'),(7,149,'max. Speed','80 kmh'),(8,149,'Gyro','Ja'),(9,149,'Achsen','3-Achsen'),(10,150,'Rotorduchmesser','120'),(11,150,'Akkus','2'),(12,150,'Farbe','Rot');
/*!40000 ALTER TABLE `properties` ENABLE KEYS */;
UNLOCK TABLES;

--
-- Table structure for table `purposes`
--

DROP TABLE IF EXISTS `purposes`;
/*!40101 SET @saved_cs_client     = @@character_set_client */;
/*!40101 SET character_set_client = utf8 */;
CREATE TABLE `purposes` (
  `id` int(11) NOT NULL AUTO_INCREMENT,
  `description` text COLLATE utf8_unicode_ci,
  PRIMARY KEY (`id`)
) ENGINE=InnoDB AUTO_INCREMENT=48 DEFAULT CHARSET=utf8 COLLATE=utf8_unicode_ci;
/*!40101 SET character_set_client = @saved_cs_client */;

--
-- Dumping data for table `purposes`
--

LOCK TABLES `purposes` WRITE;
/*!40000 ALTER TABLE `purposes` DISABLE KEYS */;
INSERT INTO `purposes` VALUES (1,'---\n- Quis omnis sunt.\n- Aut unde sed earum vero consequatur voluptatem.\n'),(2,'---\n- Tenetur hic dolorum minus quia voluptatem cum cupiditate.\n- Placeat ex doloremque esse maxime sed quia.\n'),(3,'Ersatzstativ fr die Ausstellung.'),(4,'Ersatzstativ fr die Ausstellung.'),(5,'Ersatzstativ fr die Ausstellung.'),(6,'Ersatzstativ fr die Ausstellung.'),(7,'Ersatzstativ fr die Ausstellung.'),(8,'Ersatzstativ fr die Ausstellung.'),(9,'Ersatzstativ fr die Ausstellung.'),(10,'Ersatzstativ fr die Ausstellung.'),(11,'Ersatzstativ fr die Ausstellung.'),(12,'Ersatzstativ fr die Ausstellung.'),(13,'Ersatzstativ fr die Ausstellung.'),(14,'Ersatzstativ fr die Ausstellung.'),(15,'Quia molestiae autem odit rerum.'),(16,'Deserunt libero asperiores et quia aperiam.'),(17,'Unde consectetur mollitia placeat qui voluptas.'),(18,'Ut pariatur dignissimos provident ducimus iure facilis.'),(19,'Qui iste quisquam nihil fugiat mollitia qui nisi consequatur.'),(20,'Enim dignissimos corporis repellendus.'),(21,'Error ut dolore nemo perferendis corporis veniam iusto recusandae.'),(22,'Perspiciatis praesentium non voluptas ipsum eos.'),(23,'Bentige ich fr die Aufnahmen meiner Abschlussarbeit.'),(24,'Praesentium vel fugiat et.'),(25,'Sapiente voluptas neque dicta eveniet soluta perspiciatis maxime aut.'),(26,'Illo harum aut aut magni eum nemo qui.'),(27,'Architecto sint distinctio minima debitis nam inventore id.'),(28,'Ersatzstativ fr die Ausstellung.'),(29,'Fr das zweite Austellungswochenende.'),(30,'Fr das dritte Austellungswochenende.'),(31,'Fr die Abschlussarbeit.'),(32,'Ersatzstativ fr die Ausstellung.'),(33,'Bestellung mit Software'),(34,'Bestellung mit Gegenstand ohne Ort'),(35,'Um meine Abschlussarbeit zu fotografieren.'),(36,'Optio dicta quasi alias.'),(37,'Um meine Abschlussarbeit zu fotografieren.'),(38,'Um meine Abschlussarbeit zu fotografieren.'),(39,'Dolor ducimus quia nam vitae corrupti.'),(40,'Paketausgabe'),(41,'Fr meinen aktuellen Kurs.'),(42,'Ersatzstativ fr die Ausstellung.'),(43,'Um meine Abschlussarbeit zu fotografieren.'),(44,'Fotoshooting (Kurs Fotografie).'),(45,'Brauche ich zwingend fr meinen Kurs.'),(46,'Ganz dringend bentigt fr meine Abschlussarbeit.'),(47,'Als Ersatz.');
/*!40000 ALTER TABLE `purposes` ENABLE KEYS */;
UNLOCK TABLES;

--
-- Table structure for table `schema_migrations`
--

DROP TABLE IF EXISTS `schema_migrations`;
/*!40101 SET @saved_cs_client     = @@character_set_client */;
/*!40101 SET character_set_client = utf8 */;
CREATE TABLE `schema_migrations` (
  `version` varchar(255) COLLATE utf8_unicode_ci NOT NULL,
  UNIQUE KEY `unique_schema_migrations` (`version`)
) ENGINE=InnoDB DEFAULT CHARSET=utf8 COLLATE=utf8_unicode_ci;
/*!40101 SET character_set_client = @saved_cs_client */;

--
-- Dumping data for table `schema_migrations`
--

LOCK TABLES `schema_migrations` WRITE;
/*!40000 ALTER TABLE `schema_migrations` DISABLE KEYS */;
INSERT INTO `schema_migrations` VALUES ('20140410180000'),('20140414100000'),('20140415083535'),('20140417113831'),('20140428092844'),('20140515131025'),('20140812132326'),('20140820100242'),('20140828082448'),('20140901141016'),('20140905091014');
/*!40000 ALTER TABLE `schema_migrations` ENABLE KEYS */;
UNLOCK TABLES;

--
-- Table structure for table `settings`
--

DROP TABLE IF EXISTS `settings`;
/*!40101 SET @saved_cs_client     = @@character_set_client */;
/*!40101 SET character_set_client = utf8 */;
CREATE TABLE `settings` (
  `id` int(11) NOT NULL AUTO_INCREMENT,
  `smtp_address` varchar(255) COLLATE utf8_unicode_ci DEFAULT NULL,
  `smtp_port` int(11) DEFAULT NULL,
  `smtp_domain` varchar(255) COLLATE utf8_unicode_ci DEFAULT NULL,
  `local_currency_string` varchar(255) COLLATE utf8_unicode_ci DEFAULT NULL,
  `contract_terms` text COLLATE utf8_unicode_ci,
  `contract_lending_party_string` text COLLATE utf8_unicode_ci,
  `email_signature` varchar(255) COLLATE utf8_unicode_ci DEFAULT NULL,
  `default_email` varchar(255) COLLATE utf8_unicode_ci DEFAULT NULL,
  `deliver_order_notifications` tinyint(1) DEFAULT NULL,
  `user_image_url` varchar(255) COLLATE utf8_unicode_ci DEFAULT NULL,
  `ldap_config` varchar(255) COLLATE utf8_unicode_ci DEFAULT NULL,
  `logo_url` varchar(255) COLLATE utf8_unicode_ci DEFAULT NULL,
  `mail_delivery_method` varchar(255) COLLATE utf8_unicode_ci DEFAULT NULL,
  `smtp_username` varchar(255) COLLATE utf8_unicode_ci DEFAULT NULL,
  `smtp_password` varchar(255) COLLATE utf8_unicode_ci DEFAULT NULL,
  `smtp_enable_starttls_auto` tinyint(1) NOT NULL DEFAULT '0',
  `smtp_openssl_verify_mode` varchar(255) COLLATE utf8_unicode_ci NOT NULL DEFAULT 'none',
  `time_zone` varchar(255) COLLATE utf8_unicode_ci NOT NULL DEFAULT 'Bern',
  `disable_manage_section` tinyint(1) NOT NULL DEFAULT '0',
  `disable_manage_section_message` text COLLATE utf8_unicode_ci,
  `disable_borrow_section` tinyint(1) NOT NULL DEFAULT '0',
  `disable_borrow_section_message` text COLLATE utf8_unicode_ci,
  `text` text COLLATE utf8_unicode_ci,
  PRIMARY KEY (`id`)
) ENGINE=InnoDB AUTO_INCREMENT=2 DEFAULT CHARSET=utf8 COLLATE=utf8_unicode_ci;
/*!40101 SET character_set_client = @saved_cs_client */;

--
-- Dumping data for table `settings`
--

LOCK TABLES `settings` WRITE;
/*!40000 ALTER TABLE `settings` DISABLE KEYS */;
INSERT INTO `settings` VALUES (1,'smtp.zhdk.ch',25,'beta.ausleihe.zhdk.ch','CHF','Die Benutzerin/der Benutzer ist bei unsachgemsser Handhabung oder Verlust schadenersatzpflichtig. Sie/Er verpflichtet sich, das Material sorgfltig zu behandeln und gereinigt zu retournieren. Bei mangelbehafteter oder verspteter Rckgabe kann eine Ausleihsperre (bis zu 6 Monaten) verhngt werden. Das geliehene Material bleibt jederzeit uneingeschrnktes Eigentum der Zrcher Hochschule der Knste und darf ausschliesslich fr schulische Zwecke eingesetzt werden. Mit ihrer/seiner Unterschrift akzeptiert die Benutzerin/der Benutzer diese Bedingungen sowie die \'Richtlinie zur Ausleihe von Sachen\' der ZHdK und etwaige abteilungsspezifische Ausleih-Richtlinien.','Your\nAddress\nHere','Das PZ-leihs Team','sender@example.com',0,'http://www.zhdk.ch/?person/foto&width=100&compressionlevel=0&id={:id}',NULL,'/assets/image-logo-zhdk.png','test',NULL,NULL,0,'none','Bern',0,NULL,0,NULL,NULL);
/*!40000 ALTER TABLE `settings` ENABLE KEYS */;
UNLOCK TABLES;

--
-- Table structure for table `suppliers`
--

DROP TABLE IF EXISTS `suppliers`;
/*!40101 SET @saved_cs_client     = @@character_set_client */;
/*!40101 SET character_set_client = utf8 */;
CREATE TABLE `suppliers` (
  `id` int(11) NOT NULL AUTO_INCREMENT,
  `name` varchar(255) COLLATE utf8_unicode_ci NOT NULL,
  `created_at` datetime DEFAULT NULL,
  `updated_at` datetime DEFAULT NULL,
  PRIMARY KEY (`id`),
  UNIQUE KEY `index_suppliers_on_name` (`name`)
) ENGINE=InnoDB AUTO_INCREMENT=284 DEFAULT CHARSET=utf8 COLLATE=utf8_unicode_ci;
/*!40101 SET character_set_client = @saved_cs_client */;

--
-- Dumping data for table `suppliers`
--

LOCK TABLES `suppliers` WRITE;
/*!40000 ALTER TABLE `suppliers` DISABLE KEYS */;
INSERT INTO `suppliers` VALUES (1,'dignissimosautindolores','2016-12-10 15:30:24','2016-12-10 15:30:24'),(2,'dolorein','2016-12-10 15:30:24','2016-12-10 15:30:24'),(3,'errorimpeditconsequaturreprehenderit','2016-12-10 15:30:24','2016-12-10 15:30:24'),(4,'maioresprovidentaperiam','2016-12-10 15:30:24','2016-12-10 15:30:24'),(5,'dolorrepellatcum','2016-12-10 15:30:24','2016-12-10 15:30:24'),(6,'exercitationemsimiliquenam','2016-12-10 15:30:24','2016-12-10 15:30:24'),(7,'rerumuteveniet','2016-12-10 15:30:24','2016-12-10 15:30:24'),(8,'molestiaeassumendasedconsequatur','2016-12-10 15:30:24','2016-12-10 15:30:24'),(9,'cupiditateoditeosnostrummollitia','2016-12-10 15:30:24','2016-12-10 15:30:24'),(10,'consequaturvoluptatemrerummaximelibero','2016-12-10 15:30:24','2016-12-10 15:30:24'),(11,'necessitatibusquiqui','2016-12-10 15:30:24','2016-12-10 15:30:24'),(12,'reprehenderitvoluptatequasiconsequaturet','2016-12-10 15:30:24','2016-12-10 15:30:24'),(13,'nesciuntmaximeculpa','2016-12-10 15:30:24','2016-12-10 15:30:24'),(14,'temporequo','2016-12-10 15:30:24','2016-12-10 15:30:24'),(15,'atqueistesimiliquevelaut','2016-12-10 15:30:24','2016-12-10 15:30:24'),(16,'quisquamquae','2016-12-10 15:30:24','2016-12-10 15:30:24'),(17,'quisitminimaaccusantium','2016-12-10 15:30:24','2016-12-10 15:30:24'),(18,'etetratione','2016-12-10 15:30:24','2016-12-10 15:30:24'),(19,'facerequos','2016-12-10 15:30:24','2016-12-10 15:30:24'),(20,'earumeospraesentiumeum','2016-12-10 15:30:24','2016-12-10 15:30:24'),(21,'velautdolordolorum','2016-12-10 15:30:24','2016-12-10 15:30:24'),(22,'natusaccusantium','2016-12-10 15:30:24','2016-12-10 15:30:24'),(23,'accusantiumnumquam','2016-12-10 15:30:24','2016-12-10 15:30:24'),(24,'abeoseius','2016-12-10 15:30:24','2016-12-10 15:30:24'),(25,'aliquidet','2016-12-10 15:30:24','2016-12-10 15:30:24'),(26,'doloretexcepturicumnam','2016-12-10 15:30:24','2016-12-10 15:30:24'),(27,'sintaspernatur','2016-12-10 15:30:24','2016-12-10 15:30:24'),(28,'doloremetvoluptasdolore','2016-12-10 15:30:24','2016-12-10 15:30:24'),(29,'aliquamnonrationeplaceatprovident','2016-12-10 15:30:24','2016-12-10 15:30:24'),(30,'excepturiexdolorrerum','2016-12-10 15:30:24','2016-12-10 15:30:24'),(31,'sedvoluptate','2016-12-10 15:30:24','2016-12-10 15:30:24'),(32,'deseruntharumsimiliquequialaboriosam','2016-12-10 15:30:24','2016-12-10 15:30:24'),(33,'illumeosquoad','2016-12-10 15:30:24','2016-12-10 15:30:24'),(34,'numquamiddistinctiolaborum','2016-12-10 15:30:24','2016-12-10 15:30:24'),(35,'quodsolutasimiliqueadipisci','2016-12-10 15:30:24','2016-12-10 15:30:24'),(36,'asperioresundeaspernaturexplicabo','2016-12-10 15:30:24','2016-12-10 15:30:24'),(37,'omnisa','2016-12-10 15:30:24','2016-12-10 15:30:24'),(38,'maximenobisvitae','2016-12-10 15:30:24','2016-12-10 15:30:24'),(39,'enimducimusnisi','2016-12-10 15:30:24','2016-12-10 15:30:24'),(40,'odioillumsimilique','2016-12-10 15:30:24','2016-12-10 15:30:24'),(41,'eaquemolestiaequasiquas','2016-12-10 15:30:24','2016-12-10 15:30:24'),(42,'aperiamculpasedipsumvoluptatem','2016-12-10 15:30:24','2016-12-10 15:30:24'),(43,'doloribusdolorminimaomniscumque','2016-12-10 15:30:24','2016-12-10 15:30:24'),(44,'voluptatessuscipitipsam','2016-12-10 15:30:24','2016-12-10 15:30:24'),(45,'distinctioutalias','2016-12-10 15:30:24','2016-12-10 15:30:24'),(46,'officiavero','2016-12-10 15:30:24','2016-12-10 15:30:24'),(47,'harumdebitisquisquam','2016-12-10 15:30:24','2016-12-10 15:30:24'),(48,'nemositiuredoloribus','2016-12-10 15:30:24','2016-12-10 15:30:24'),(49,'molestiaequasidolor','2016-12-10 15:30:24','2016-12-10 15:30:24'),(50,'ametmolestiae','2016-12-10 15:30:24','2016-12-10 15:30:24'),(51,'nesciuntconsequaturnumquam','2016-12-10 15:30:24','2016-12-10 15:30:24'),(52,'etitaqueetabanimi','2016-12-10 15:30:24','2016-12-10 15:30:24'),(53,'fugitadsintetassumenda','2016-12-10 15:30:24','2016-12-10 15:30:24'),(54,'debitiserrorminimasit','2016-12-10 15:30:24','2016-12-10 15:30:24'),(55,'excepturivoluptatemdoloressitut','2016-12-10 15:30:24','2016-12-10 15:30:24'),(56,'mollitiasuscipitaspernatur','2016-12-10 15:30:24','2016-12-10 15:30:24'),(57,'repudiandaenamexplicabo','2016-12-10 15:30:24','2016-12-10 15:30:24'),(58,'rerumdelenitivitaeaccusantiumconsequatur','2016-12-10 15:30:24','2016-12-10 15:30:24'),(59,'animiconsequuntur','2016-12-10 15:30:24','2016-12-10 15:30:24'),(60,'officianecessitatibuset','2016-12-10 15:30:24','2016-12-10 15:30:24'),(61,'corporisquodnoncommodiea','2016-12-10 15:30:24','2016-12-10 15:30:24'),(62,'nullanamrepellatvelullam','2016-12-10 15:30:24','2016-12-10 15:30:24'),(63,'atsuntvoluptates','2016-12-10 15:30:24','2016-12-10 15:30:24'),(64,'utexpeditaoptiocupiditate','2016-12-10 15:30:24','2016-12-10 15:30:24'),(65,'temporibusaliquam','2016-12-10 15:30:24','2016-12-10 15:30:24'),(66,'laudantiumrerumlaboreipsam','2016-12-10 15:30:24','2016-12-10 15:30:24'),(67,'quiminimaeaestaut','2016-12-10 15:30:24','2016-12-10 15:30:24'),(68,'voluptatespossimusvelet','2016-12-10 15:30:24','2016-12-10 15:30:24'),(69,'eoset','2016-12-10 15:30:24','2016-12-10 15:30:24'),(70,'utiure','2016-12-10 15:30:24','2016-12-10 15:30:24'),(71,'sintquisautnemoperspiciatis','2016-12-10 15:30:24','2016-12-10 15:30:24'),(72,'dolorumutreprehenderitmodialias','2016-12-10 15:30:24','2016-12-10 15:30:24'),(73,'adperspiciatisvoluptatumtemporeodio','2016-12-10 15:30:24','2016-12-10 15:30:24'),(74,'nonrationevoluptatedebitisest','2016-12-10 15:30:24','2016-12-10 15:30:24'),(75,'deseruntquibusdam','2016-12-10 15:30:24','2016-12-10 15:30:24'),(76,'utrepellatodioenim','2016-12-10 15:30:24','2016-12-10 15:30:24'),(77,'etetdelenitiminimaqui','2016-12-10 15:30:24','2016-12-10 15:30:24'),(78,'iureautem','2016-12-10 15:30:24','2016-12-10 15:30:24'),(79,'sitenimnemoet','2016-12-10 15:30:24','2016-12-10 15:30:24'),(80,'omnisducimusexcepturieosquibusdam','2016-12-10 15:30:24','2016-12-10 15:30:24'),(81,'blanditiissednam','2016-12-10 15:30:24','2016-12-10 15:30:24'),(82,'impeditipsametmaximequi','2016-12-10 15:30:24','2016-12-10 15:30:24'),(83,'essenatusadipisci','2016-12-10 15:30:24','2016-12-10 15:30:24'),(84,'voluptatemestutrepellatiste','2016-12-10 15:30:24','2016-12-10 15:30:24'),(85,'ipsammagnieumiustoconsequatur','2016-12-10 15:30:24','2016-12-10 15:30:24'),(86,'laboriosamvoluptatesdictadignissimosenim','2016-12-10 15:30:24','2016-12-10 15:30:24'),(87,'suntautvoluptatesliberonatus','2016-12-10 15:30:24','2016-12-10 15:30:24'),(88,'cupiditatesimilique','2016-12-10 15:30:24','2016-12-10 15:30:24'),(89,'ipsasunt','2016-12-10 15:30:24','2016-12-10 15:30:24'),(90,'veletrepellendusconsequatursimilique','2016-12-10 15:30:24','2016-12-10 15:30:24'),(91,'laudantiumvelundeestamet','2016-12-10 15:30:24','2016-12-10 15:30:24'),(92,'corruptiquiratione','2016-12-10 15:30:24','2016-12-10 15:30:24'),(93,'itaqueestatqueeumculpa','2016-12-10 15:30:24','2016-12-10 15:30:24'),(94,'utautem','2016-12-10 15:30:24','2016-12-10 15:30:24'),(95,'deseruntaututnihil','2016-12-10 15:30:24','2016-12-10 15:30:24'),(96,'quospossimusperspiciatisea','2016-12-10 15:30:24','2016-12-10 15:30:24'),(97,'impeditquia','2016-12-10 15:30:24','2016-12-10 15:30:24'),(98,'aperiamquidemlaborumdolorquis','2016-12-10 15:30:24','2016-12-10 15:30:24'),(99,'ducimusnoninventorevoluptates','2016-12-10 15:30:24','2016-12-10 15:30:24'),(100,'modiadillototam','2016-12-10 15:30:24','2016-12-10 15:30:24'),(101,'illoiureperspiciatisiusto','2016-12-10 15:30:24','2016-12-10 15:30:24'),(102,'voluptatemducimusdeseruntqui','2016-12-10 15:30:24','2016-12-10 15:30:24'),(103,'voluptatemquiaaperiamsed','2016-12-10 15:30:24','2016-12-10 15:30:24'),(104,'magnamdignissimosatquedoloremofficia','2016-12-10 15:30:24','2016-12-10 15:30:24'),(105,'officiaadipisci','2016-12-10 15:30:24','2016-12-10 15:30:24'),(106,'delenitiquiducimusexnulla','2016-12-10 15:30:24','2016-12-10 15:30:24'),(107,'reprehenderitharum','2016-12-10 15:30:24','2016-12-10 15:30:24'),(108,'porroetnullaconsequaturdolorem','2016-12-10 15:30:24','2016-12-10 15:30:24'),(109,'etvitaenonexercitationemmollitia','2016-12-10 15:30:24','2016-12-10 15:30:24'),(110,'consequunturnemosapientedictaullam','2016-12-10 15:30:24','2016-12-10 15:30:24'),(111,'quinesciunt','2016-12-10 15:30:24','2016-12-10 15:30:24'),(112,'inventorecum','2016-12-10 15:30:24','2016-12-10 15:30:24'),(113,'maximesuntquoquiharum','2016-12-10 15:30:24','2016-12-10 15:30:24'),(114,'quiveldoloremque','2016-12-10 15:30:24','2016-12-10 15:30:24'),(115,'blanditiiserrorpariatur','2016-12-10 15:30:24','2016-12-10 15:30:24'),(116,'placeateumabquis','2016-12-10 15:30:24','2016-12-10 15:30:24'),(117,'perspiciatisautrationeoccaecati','2016-12-10 15:30:24','2016-12-10 15:30:24'),(118,'saepeidtemporeaccusamusexpedita','2016-12-10 15:30:24','2016-12-10 15:30:24'),(119,'sintrerumrecusandae','2016-12-10 15:30:24','2016-12-10 15:30:24'),(120,'eaquenon','2016-12-10 15:30:24','2016-12-10 15:30:24'),(121,'inciduntdebitisdolor','2016-12-10 15:30:24','2016-12-10 15:30:24'),(122,'asperioresrerumsequiamet','2016-12-10 15:30:24','2016-12-10 15:30:24'),(123,'inautemitaquesitquia','2016-12-10 15:30:24','2016-12-10 15:30:24'),(124,'doloremqueeosinciduntlibero','2016-12-10 15:30:24','2016-12-10 15:30:24'),(125,'voluptatebeataedelectuset','2016-12-10 15:30:24','2016-12-10 15:30:24'),(126,'eaautemillocum','2016-12-10 15:30:24','2016-12-10 15:30:24'),(127,'deseruntsednemoconsecteturconsequatur','2016-12-10 15:30:24','2016-12-10 15:30:24'),(128,'eaquefacilisiustoconsequatur','2016-12-10 15:30:24','2016-12-10 15:30:24'),(129,'quisintet','2016-12-10 15:30:24','2016-12-10 15:30:24'),(130,'cumblanditiisfacilis','2016-12-10 15:30:24','2016-12-10 15:30:24'),(131,'reprehenderiteosmolestiaequi','2016-12-10 15:30:24','2016-12-10 15:30:24'),(132,'maximeabaut','2016-12-10 15:30:24','2016-12-10 15:30:24'),(133,'utsuscipitqui','2016-12-10 15:30:24','2016-12-10 15:30:24'),(134,'noneiusrem','2016-12-10 15:30:24','2016-12-10 15:30:24'),(135,'liberoducimuscum','2016-12-10 15:30:24','2016-12-10 15:30:24'),(136,'consequaturistequasibeatae','2016-12-10 15:30:24','2016-12-10 15:30:24'),(137,'quiquosoptio','2016-12-10 15:30:24','2016-12-10 15:30:24'),(138,'estvoluptatemhic','2016-12-10 15:30:24','2016-12-10 15:30:24'),(139,'eiusoditnumquam','2016-12-10 15:30:24','2016-12-10 15:30:24'),(140,'doloressit','2016-12-10 15:30:24','2016-12-10 15:30:24'),(141,'liberonihil','2016-12-10 15:30:24','2016-12-10 15:30:24'),(142,'quidoloreius','2016-12-10 15:30:24','2016-12-10 15:30:24'),(143,'distinctiolaboriosamvoluptatem','2016-12-10 15:30:24','2016-12-10 15:30:24'),(144,'ullamexpeditaestestmollitia','2016-12-10 15:30:24','2016-12-10 15:30:24'),(145,'temporedolorum','2016-12-10 15:30:24','2016-12-10 15:30:24'),(146,'quaminciduntreiciendisdictalaudantium','2016-12-10 15:30:24','2016-12-10 15:30:24'),(147,'harumremcommodisuscipit','2016-12-10 15:30:24','2016-12-10 15:30:24'),(148,'quameaquenecessitatibusmolestiae','2016-12-10 15:30:24','2016-12-10 15:30:24'),(149,'recusandaeofficiiscumetquam','2016-12-10 15:30:24','2016-12-10 15:30:24'),(150,'voluptasvoluptatumeteaet','2016-12-10 15:30:24','2016-12-10 15:30:24'),(151,'aliquamrepudiandae','2016-12-10 15:30:24','2016-12-10 15:30:24'),(152,'reprehenderitabutdolorequae','2016-12-10 15:30:24','2016-12-10 15:30:24'),(153,'rerumperspiciatis','2016-12-04 10:33:15','2016-12-04 10:33:15'),(154,'consequaturnequenihileavoluptatibus','2016-12-04 10:33:15','2016-12-04 10:33:15'),(155,'corporisdeseruntaperiam','2016-12-04 10:33:15','2016-12-04 10:33:15'),(156,'etfugitutsaepeet','2016-12-04 10:33:15','2016-12-04 10:33:15'),(157,'fugitpossimusautemporro','2016-12-04 10:33:15','2016-12-04 10:33:15'),(158,'sintquamitaqueautemquidem','2016-12-04 10:33:15','2016-12-04 10:33:15'),(159,'velnihil','2016-12-04 10:33:15','2016-12-04 10:33:15'),(160,'uttemporecuma','2016-12-04 10:33:15','2016-12-04 10:33:15'),(161,'optioetvelitanimimodi','2016-12-04 10:33:15','2016-12-04 10:33:15'),(162,'utratione','2016-12-04 10:33:15','2016-12-04 10:33:15'),(163,'eumearumvelsitlaboriosam','2016-12-04 10:33:15','2016-12-04 10:33:15'),(164,'doloresrepudiandae','2016-12-04 10:33:15','2016-12-04 10:33:15'),(165,'atqui','2016-12-04 10:33:15','2016-12-04 10:33:15'),(166,'impeditconsequaturquononmodi','2016-12-04 10:33:15','2016-12-04 10:33:15'),(167,'ipsamlaudantiumcupiditatesed','2016-12-04 10:33:15','2016-12-04 10:33:15'),(168,'solutavoluptatemnonvitaeveritatis','2016-12-04 10:33:15','2016-12-04 10:33:15'),(169,'evenietdeserunt','2016-12-04 10:33:16','2016-12-04 10:33:16'),(170,'eosomnisincidunt','2016-12-04 10:33:16','2016-12-04 10:33:16'),(171,'rerumeius','2016-12-04 10:33:16','2016-12-04 10:33:16'),(172,'laudantiumsapientelabore','2016-12-05 09:57:00','2016-12-05 09:57:00'),(173,'ametquiaautem','2016-12-05 09:57:00','2016-12-05 09:57:00'),(174,'omnisnatusdoloriusto','2016-12-05 09:57:00','2016-12-05 09:57:00'),(175,'voluptasinetsitanimi','2016-12-05 09:57:00','2016-12-05 09:57:00'),(176,'inmolestiaequiquodolorem','2016-12-05 09:57:00','2016-12-05 09:57:00'),(177,'doloribusexnemoreprehenderitvoluptate','2016-12-07 00:56:05','2016-12-07 00:56:05'),(178,'nobiserroret','2016-12-07 00:56:05','2016-12-07 00:56:05'),(179,'expeditaplaceathic','2016-12-07 00:56:05','2016-12-07 00:56:05'),(180,'nullarepudiandae','2016-12-07 00:56:05','2016-12-07 00:56:05'),(181,'quipraesentiumlaudantium','2016-12-07 00:56:05','2016-12-07 00:56:05'),(182,'quoexadodioest','2016-12-07 00:56:05','2016-12-07 00:56:05'),(183,'providentvoluptasdoloresassumenda','2016-12-07 00:56:05','2016-12-07 00:56:05'),(184,'quisquamquibusdamquonon','2016-12-10 15:30:24','2016-12-10 15:30:24'),(185,'voluptatemsedquasvelitlibero','2016-12-10 15:30:24','2016-12-10 15:30:24'),(186,'eiusdelectustotam','2016-12-10 15:30:24','2016-12-10 15:30:24'),(187,'quisolutavelitfuga','2016-12-10 15:30:24','2016-12-10 15:30:24'),(188,'etplaceat','2016-12-10 15:30:24','2016-12-10 15:30:24'),(189,'reprehenderitimpedit','2016-12-10 15:30:24','2016-12-10 15:30:24'),(190,'eumtemporibusametquibusdamrerum','2016-12-10 15:30:24','2016-12-10 15:30:24'),(191,'isteoptioquiamolestias','2016-12-10 15:30:24','2016-12-10 15:30:24'),(192,'molestiaequiateneturoccaecati','2016-12-10 15:30:24','2016-12-10 15:30:24'),(193,'estdoloremconsequatur','2016-12-10 15:30:24','2016-12-10 15:30:24'),(194,'eumlaborumdictaconsecteturvoluptatem','2016-12-10 15:30:24','2016-12-10 15:30:24'),(195,'recusandaeconsequaturrerumculpa','2016-12-10 15:30:24','2016-12-10 15:30:24'),(196,'atquia','2016-12-10 15:30:24','2016-12-10 15:30:24'),(197,'abminusadipiscivoluptaslibero','2016-12-10 15:30:24','2016-12-10 15:30:24'),(198,'veritatisexercitationemdelectus','2016-12-10 15:30:24','2016-12-10 15:30:24'),(199,'natusreiciendismagniconsequaturtempora','2016-12-10 15:30:24','2016-12-10 15:30:24'),(200,'quosenim','2016-12-10 15:30:24','2016-12-10 15:30:24'),(201,'earumarchitectocorporisquo','2016-12-10 15:30:24','2016-12-10 15:30:24'),(202,'eafugiatrerumdolores','2016-12-10 15:30:24','2016-12-10 15:30:24'),(203,'quamsitaccusantium','2016-12-10 15:30:24','2016-12-10 15:30:24'),(204,'doloribusullamconsequunturab','2016-12-10 15:30:24','2016-12-10 15:30:24'),(205,'occaecaticum','2016-12-05 00:00:00','2016-12-05 00:00:00'),(206,'quoadipiscieumet','2016-12-05 00:00:00','2016-12-05 00:00:00'),(207,'suntest','2016-12-05 00:00:00','2016-12-05 00:00:00'),(208,'utautemofficia','2016-12-10 15:30:24','2016-12-10 15:30:24'),(209,'quieumautametitaque','2016-12-10 15:30:24','2016-12-10 15:30:24'),(210,'exmollitiaearumquamsit','2016-12-10 15:30:24','2016-12-10 15:30:24'),(211,'doloremveniametsapiente','2016-12-10 15:30:24','2016-12-10 15:30:24'),(212,'fugitculpa','2016-12-10 15:30:24','2016-12-10 15:30:24'),(213,'aliquamrepudiandaerepellatquosid','2016-12-10 15:30:24','2016-12-10 15:30:24'),(214,'velimpedit','2016-12-10 15:30:24','2016-12-10 15:30:24'),(215,'molestiastemporibusaliquam','2016-12-10 15:30:24','2016-12-10 15:30:24'),(216,'doloremabest','2016-12-10 15:30:24','2016-12-10 15:30:24'),(217,'providentarchitecto','2016-12-10 15:30:24','2016-12-10 15:30:24'),(218,'suntdolorum','2016-12-10 15:30:24','2016-12-10 15:30:24'),(219,'doloribusconsequaturmolestiaeiste','2016-12-10 15:30:24','2016-12-10 15:30:24'),(220,'nobisadmagnierrornesciunt','2016-12-10 15:30:24','2016-12-10 15:30:24'),(221,'temporaeos','2016-12-10 15:30:24','2016-12-10 15:30:24'),(222,'sitquiharumut','2016-12-10 15:30:24','2016-12-10 15:30:24'),(223,'autemmodiquasialiquid','2016-12-10 15:30:24','2016-12-10 15:30:24'),(224,'commodipariaturinporro','2016-12-05 00:00:00','2016-12-05 00:00:00'),(225,'veritatisrecusandaedoloreeaexpedita','2016-12-05 00:00:00','2016-12-05 00:00:00'),(226,'isteametin','2016-12-05 00:00:00','2016-12-05 00:00:00'),(227,'nonquoaetreprehenderit','2016-12-05 00:00:00','2016-12-05 00:00:00'),(228,'quoddistinctiononquidemdolore','2016-12-10 15:30:24','2016-12-10 15:30:24'),(229,'repellenduscorporisvel','2016-12-10 15:30:24','2016-12-10 15:30:24'),(230,'perferendisest','2016-12-10 15:30:24','2016-12-10 15:30:24'),(231,'excepturinon','2016-12-10 15:30:24','2016-12-10 15:30:24'),(232,'numquamplaceat','2016-12-10 15:30:24','2016-12-10 15:30:24'),(233,'etetvoluptatemsitest','2016-12-10 15:30:24','2016-12-10 15:30:24'),(234,'fugiateos','2016-12-10 15:30:24','2016-12-10 15:30:24'),(235,'aspernaturveloccaecatimolestiasnobis','2016-12-10 15:30:24','2016-12-10 15:30:24'),(236,'illoharumquaeratquisea','2016-12-10 15:30:24','2016-12-10 15:30:24'),(237,'autharumculpaenimaut','2016-12-10 15:30:24','2016-12-10 15:30:24'),(238,'doloresquosomniset','2016-12-10 15:30:24','2016-12-10 15:30:24'),(239,'quaehic','2016-12-10 15:30:24','2016-12-10 15:30:24'),(240,'idoptiovoluptas','2016-12-10 15:30:24','2016-12-10 15:30:24'),(241,'etlaboriosamnatus','2016-12-10 15:30:24','2016-12-10 15:30:24'),(242,'corruptiqui','2016-12-10 15:30:24','2016-12-10 15:30:24'),(243,'exexpedita','2016-12-10 15:30:24','2016-12-10 15:30:24'),(244,'excepturiut','2016-12-10 15:30:24','2016-12-10 15:30:24'),(245,'undequiareprehenderitetexpedita','2016-12-10 15:30:24','2016-12-10 15:30:24'),(246,'autemaliquam','2016-12-10 15:30:24','2016-12-10 15:30:24'),(247,'illoanimietetest','2016-12-10 15:30:24','2016-12-10 15:30:24'),(248,'eafacereinoptio','2016-12-10 15:30:24','2016-12-10 15:30:24'),(249,'quaenesciuntnonquissed','2016-12-10 15:30:24','2016-12-10 15:30:24'),(250,'doloribussuntaliquidplaceatnon','2016-12-10 15:30:24','2016-12-10 15:30:24'),(251,'mollitiasittempora','2016-12-10 15:30:24','2016-12-10 15:30:24'),(252,'omnisqui','2016-12-10 15:30:24','2016-12-10 15:30:24'),(253,'teneturdoloresdignissimosvoluptatemqui','2016-12-10 15:30:24','2016-12-10 15:30:24'),(254,'corporismagni','2016-12-10 15:30:24','2016-12-10 15:30:24'),(255,'eosdignissimospraesentium','2016-12-10 15:30:24','2016-12-10 15:30:24'),(256,'abetquaeratest','2016-12-10 15:30:24','2016-12-10 15:30:24'),(257,'estadetrepudiandaevel','2016-12-10 15:30:24','2016-12-10 15:30:24'),(258,'aspernaturinventore','2016-12-10 15:30:24','2016-12-10 15:30:24'),(259,'facilisquosistesed','2016-12-10 15:30:24','2016-12-10 15:30:24'),(260,'nihilnisi','2016-12-10 15:30:24','2016-12-10 15:30:24'),(261,'abvoluptatemetquos','2016-12-10 15:30:24','2016-12-10 15:30:24'),(262,'temporeaperiamsunt','2016-12-10 15:30:24','2016-12-10 15:30:24'),(263,'sedtemporibus','2016-12-10 15:30:24','2016-12-10 15:30:24'),(264,'estevenietutdolor','2016-12-10 15:30:24','2016-12-10 15:30:24'),(265,'necessitatibuset','2016-12-10 15:30:24','2016-12-10 15:30:24'),(266,'repudiandaenequeaccusamusdignissimosnulla','2016-12-10 15:30:24','2016-12-10 15:30:24'),(267,'rerumvel','2016-12-10 15:30:24','2016-12-10 15:30:24'),(268,'delenitiiustoeos','2016-12-10 15:30:24','2016-12-10 15:30:24'),(269,'veniameteum','2016-12-10 15:30:24','2016-12-10 15:30:24'),(270,'teneturrationevelrepudiandaeconsectetur','2016-12-10 15:30:24','2016-12-10 15:30:24'),(271,'architectoquasirecusandaeestunde','2016-12-10 15:30:24','2016-12-10 15:30:24'),(272,'laborumeosetautad','2016-12-10 15:30:24','2016-12-10 15:30:24'),(273,'etessequidictasit','2016-12-10 15:30:24','2016-12-10 15:30:24'),(274,'dolorumquia','2016-12-10 15:30:24','2016-12-10 15:30:24'),(275,'voluptasquasculpamagni','2016-12-10 15:30:24','2016-12-10 15:30:24'),(276,'consequatursitnemoadnon','2016-12-10 15:30:24','2016-12-10 15:30:24'),(277,'cumimpeditminusnon','2016-12-10 15:30:24','2016-12-10 15:30:24'),(278,'inrepudiandae','2016-12-10 15:30:24','2016-12-10 15:30:24'),(279,'fugitsedexpeditaetmaiores','2016-12-10 15:30:24','2016-12-10 15:30:24'),(280,'inesseatquedoloremdoloremque','2016-12-10 15:30:24','2016-12-10 15:30:24'),(281,'etdignissimoseatempore','2016-12-10 15:30:24','2016-12-10 15:30:24'),(282,'earumofficiis','2016-12-10 15:30:24','2016-12-10 15:30:24'),(283,'exipsumevenietsaepe','2016-12-10 15:30:24','2016-12-10 15:30:24');
/*!40000 ALTER TABLE `suppliers` ENABLE KEYS */;
UNLOCK TABLES;

--
-- Table structure for table `users`
--

DROP TABLE IF EXISTS `users`;
/*!40101 SET @saved_cs_client     = @@character_set_client */;
/*!40101 SET character_set_client = utf8 */;
CREATE TABLE `users` (
  `id` int(11) NOT NULL AUTO_INCREMENT,
  `login` varchar(255) COLLATE utf8_unicode_ci DEFAULT NULL,
  `firstname` varchar(255) COLLATE utf8_unicode_ci DEFAULT NULL,
  `lastname` varchar(255) COLLATE utf8_unicode_ci DEFAULT NULL,
  `phone` varchar(255) COLLATE utf8_unicode_ci DEFAULT NULL,
  `authentication_system_id` int(11) DEFAULT '1',
  `unique_id` varchar(255) COLLATE utf8_unicode_ci DEFAULT NULL,
  `email` varchar(255) COLLATE utf8_unicode_ci DEFAULT NULL,
  `badge_id` varchar(255) COLLATE utf8_unicode_ci DEFAULT NULL,
  `address` varchar(255) COLLATE utf8_unicode_ci DEFAULT NULL,
  `city` varchar(255) COLLATE utf8_unicode_ci DEFAULT NULL,
  `zip` varchar(255) COLLATE utf8_unicode_ci DEFAULT NULL,
  `country` varchar(255) COLLATE utf8_unicode_ci DEFAULT NULL,
  `language_id` int(11) DEFAULT NULL,
  `extended_info` text COLLATE utf8_unicode_ci,
  `settings` varchar(1024) COLLATE utf8_unicode_ci DEFAULT NULL,
  `created_at` datetime DEFAULT NULL,
  `updated_at` datetime DEFAULT NULL,
  `delegator_user_id` int(11) DEFAULT NULL,
  PRIMARY KEY (`id`),
  KEY `index_users_on_authentication_system_id` (`authentication_system_id`)
) ENGINE=InnoDB AUTO_INCREMENT=37 DEFAULT CHARSET=utf8 COLLATE=utf8_unicode_ci;
/*!40101 SET character_set_client = @saved_cs_client */;

--
-- Dumping data for table `users`
--

LOCK TABLES `users` WRITE;
/*!40000 ALTER TABLE `users` DISABLE KEYS */;
INSERT INTO `users` VALUES (1,'ramon','Ramon','C.','05570784091',1,'6sqxufspx74yxrv37u','ramon@zhdk.ch','r870lmft4nxym45xir','91243 Citlalli Point','Paxtonberg','A-Z8 4JW','Algeria',2,NULL,'--- !ruby/hash:ActiveSupport::HashWithIndifferentAccess {}\n','2016-12-10 15:30:24','2016-12-10 15:30:24',NULL),(2,'heather_wilkinson_9213','Meredith','Gleichner','08473682951',1,'vjb0hwqpmvbztlpavz','chadrick.toy@lockman.co.uk','ubaf3h5ta1fgw2hvul','1879 Evie Brook','Farrellshire','Y-T7 8TA','Yemen',1,NULL,'--- !ruby/hash:ActiveSupport::HashWithIndifferentAccess {}\n','2016-12-10 15:30:24','2016-12-10 15:30:24',NULL),(3,'bradly.bergstrom_824','Sheridan','Daugherty','08915751890',1,'x23iqeysw7ehmkjjrv','danyka@hilllhartmann.info','6urytwb4fawqonl3cl','5624 Stark Cliff','Schambergerside','P-ID2V 6XZ','Peru',1,NULL,'--- !ruby/hash:ActiveSupport::HashWithIndifferentAccess {}\n','2016-12-10 15:30:24','2016-12-10 15:30:24',NULL),(4,'irwin_1443','Madisyn','Botsford','01343499688',1,'jw0b9cs9nfezynwb1h','grady_mckenzie@millercole.name','x7vbbv0br213cr33cr','1550 Derek Canyon','Port Ubaldo','A-YB4B 0HN','Antarctica (the territory South of 60 deg S)',1,NULL,'--- !ruby/hash:ActiveSupport::HashWithIndifferentAccess {}\n','2016-12-10 15:30:24','2016-12-10 15:30:24',NULL),(5,'stan_johnson_7778','Karlie','VonRueden','02334434046',1,'0drsprjie4bsfrl7k0','deon@hackett.co.uk','mh53av25lhlpl99m4x','71663 Alia Estate','Lake Jesse','M-W8 4XB','Madagascar',1,NULL,'--- !ruby/hash:ActiveSupport::HashWithIndifferentAccess {}\n','2016-12-10 15:30:24','2016-12-10 15:30:24',NULL),(6,'valentina_mckenzie_8117','Kaela','Ernser','0169776529',1,'vum7emyb7ljvvukhbo','maxwell.kuhn@weinat.info','35f4zsxpaey80nicpg','48579 Lehner Trace','Port Oceaneview','I-Y2 6BL','Iraq',1,NULL,'--- !ruby/hash:ActiveSupport::HashWithIndifferentAccess {}\n','2016-12-10 15:30:24','2016-12-10 15:30:24',NULL),(7,'aletha_stamm_172','Nora','Sawayn','0165328141',1,'i7a78batz3k5wayi54','royal.tillman@mckenzie.co.uk','eisfwo9vvtwyzgmjvn','677 Payton Views','Kaleighmouth','G-MG4 0YJ','Guadeloupe',1,NULL,'--- !ruby/hash:ActiveSupport::HashWithIndifferentAccess {}\n','2016-12-10 15:30:24','2016-12-10 15:30:24',NULL),(8,'matti','Matti','S.','0800536092',1,'do73nousn0ndzajaxu','matti@zhdk.ch','wrepvtw76t87s58x4g','72340 Kallie Forest','Furmanbury','M-P5B 0JW','Montserrat',2,NULL,'--- !ruby/hash:ActiveSupport::HashWithIndifferentAccess {}\n','2016-12-10 15:30:24','2016-12-10 15:30:24',NULL),(9,'mike','Mike','H.','0128292145',1,'qhpjiul8qcqui3nd7r','mike@zhdk.ch','gs877xalmujdgledmy','843 Rosalind Harbor','East Devante','I-Y4N 8NB','Isle of Man',2,NULL,'--- !ruby/hash:ActiveSupport::HashWithIndifferentAccess {}\n','2016-12-10 15:30:24','2016-12-10 15:30:24',NULL),(10,'andi','Andi','Hilpert','01210377871',1,'3jdqyizaygpopoliu4','andi@zhdk.ch','q9qm2doj42w6wyngv9','112 Ferry Loaf','New Maciburgh','N-OD4 3WJ','Namibia',2,NULL,'--- !ruby/hash:ActiveSupport::HashWithIndifferentAccess {}\n','2016-12-10 15:30:24','2016-12-10 15:30:24',NULL),(11,'wilma_nolan_9703','Idell','Keeling','01747570195',1,'uffcbrwv3amvegsh8h','wendell_brown@millerwalsh.com','au5eegl0z52xsy2vwo','724 Lacey Heights','Lake Jammiemouth','D-Z97 0EX','Denmark',2,NULL,'--- !ruby/hash:ActiveSupport::HashWithIndifferentAccess {}\n','2016-12-10 15:30:24','2016-12-10 15:30:24',NULL),(12,'nels_5007','Marcus','Swaniawski','08009454089',1,'8s87xlx0wsqkif72sw','jo@abbottbecker.name','rczplbljd33pvuumqa','7803 Paul Centers','West Trentborough','P-SN3 1WA','Palestinian Territory',1,NULL,'--- !ruby/hash:ActiveSupport::HashWithIndifferentAccess {}\n','2016-12-10 15:30:24','2016-12-10 15:30:24',NULL),(13,'jeffery_6846','Frederique','Nitzsche','01124297400',1,'puj54l7pjvkrgf9574','eryn.lemke@veum.com','7e5mwxbypitw2phvgn','1057 Rosalinda Ville','South Genevieve','B-W1 7BJ','Bouvet Island (Bouvetoya)',1,NULL,'--- !ruby/hash:ActiveSupport::HashWithIndifferentAccess {}\n','2016-12-10 15:30:24','2016-12-10 15:30:24',NULL),(14,'mark.rempel_9360','Jerrell','Upton','08009357104',1,'x8rcl5e83egpxe0bfc','breanne.schoen@labadie.info','rcz2ubwodidvz7yr3d','650 Hickle Fort','North Vanessa','U-MV8 6NA','Uruguay',1,NULL,'--- !ruby/hash:ActiveSupport::HashWithIndifferentAccess {}\n','2016-12-10 15:30:24','2016-12-10 15:30:24',NULL),(15,'khalil_1517','Joey','Senger','05567639517',1,'2bg5gqc9nporjprih5','kristofer@rueckerkautzer.info','gw9ywc53ocry0q92za','57990 Littel Freeway','Lake Larry','U-Z8Y 1JF','Ukraine',1,NULL,'--- !ruby/hash:ActiveSupport::HashWithIndifferentAccess {}\n','2016-12-10 15:30:24','2016-12-10 15:30:24',NULL),(16,'jeie.moore_7171','Griffin','Feeney','05610383454',1,'fdw5r8ajelbfl75h8l','everette.reynolds@douglas.com','04xxxx1egu6kelt13v','9240 Elyssa Track','Port Simstad','L-YU6Y 7JJ','Lao People\'s Democratic Republic',1,NULL,'--- !ruby/hash:ActiveSupport::HashWithIndifferentAccess {}\n','2016-12-10 15:30:24','2016-12-10 15:30:24',NULL),(17,'gino','Gino','F.','09512050151',1,'73lljs8rglzbnfjfdy','gino@zhdk.ch','hbuqs0iwkg4ir30gf0','218 Beau Divide','West Devenhaven','S-W5 9EF','Sudan',2,NULL,'--- !ruby/hash:ActiveSupport::HashWithIndifferentAccess {}\n','2016-12-10 15:30:24','2016-12-10 15:30:24',NULL),(18,'pius','Pius','Hamill','01145705519',1,'ovhvmpydg68mf6kn6w','pius@zhdk.ch','wwwl49oiievj90z6np','629 Carmen Forest','Mikelmouth','R-WF5P 9HJ','Reunion',2,NULL,'--- !ruby/hash:ActiveSupport::HashWithIndifferentAccess {}\n','2016-12-10 15:30:24','2016-12-10 15:30:24',NULL),(19,'peter','Peter','Silie','0800273443',1,'t5a6q7g823v7enfgcs','peter@silie.com','848qqijd9kxia4q9bb','87108 Nolan Plains','Port Aidanstad','Z-AW7 6JG','Zambia',2,NULL,'--- !ruby/hash:ActiveSupport::HashWithIndifferentAccess {}\n','2016-12-10 15:30:24','2016-12-10 15:30:24',NULL),(20,'vivian_3941','Adele','Brown','0118229921',1,'2qv1mmsf403mjweafg','wendell@brown.name','vtl9j3yixcu9hxwv9u','3227 Emmerich Locks','Russelbury','E-W9V 3NJ','Eritrea',1,NULL,'--- !ruby/hash:ActiveSupport::HashWithIndifferentAccess {}\n','2016-12-10 15:30:24','2016-12-10 15:30:24',NULL),(21,'rupert_8394','Rosanna','Bins','03746864174',1,'vyrmk2zljuirjln1ti','norma@nikolaus.co.uk','7m3d99ne2h6ckjrcxe','7720 Joan Inlet','Hayleyland','N-Y3 5LB','Northern Mariana Islands',1,NULL,'--- !ruby/hash:ActiveSupport::HashWithIndifferentAccess {}\n','2016-12-10 15:30:24','2016-12-10 15:30:24',NULL),(22,'emmie_johns_3833','Garland','Lubowitz','0500372520',1,'np6r8f2zogijiqi2t4','annie@harris.name','osurwsckg5z42xaf8q','12796 Ebony Circle','East Forrest','I-YB5 5BA','Ireland',1,NULL,'--- !ruby/hash:ActiveSupport::HashWithIndifferentAccess {}\n','2016-12-10 15:30:24','2016-12-10 15:30:24',NULL),(23,'estevan.romaguera_8376','Logan','Mraz','05599573227',1,'kqeu8ix7m87oupw33f','julianne_gislason@schmidtboehm.info','e279h788hj0a1akfd9','2194 Bernhard Roads','Johnbury','M-Y1M 8JU','Mayotte',1,NULL,'--- !ruby/hash:ActiveSupport::HashWithIndifferentAccess {}\n','2016-12-10 15:30:24','2016-12-10 15:30:24',NULL),(24,'montana_mueller_3334','Thelma','Hamill','0169775472',1,'yo5bl7d6sah22n9p9d','martin.erdman@moore.info','5vof0683s901kpaooy','548 Joe Streets','North Cyril','S-S6 7NT','South Africa',1,NULL,'--- !ruby/hash:ActiveSupport::HashWithIndifferentAccess {}\n','2016-12-05 00:00:00','2016-12-05 00:00:00',NULL),(25,'alford_kozey_7502','Jaycee','Wehner','08842138943',1,'e0j77kg1ffljk6cpj6','maude_mayert@batz.biz','nuenzk7ye6rmj6xulp','671 Ahmad Drive','Cordieside','K-WL9 8XH','Kyrgyz Republic',1,NULL,'--- !ruby/hash:ActiveSupport::HashWithIndifferentAccess {}\n','2016-12-05 00:00:00','2016-12-05 00:00:00',NULL),(26,'zackery.klein_3284','Lonie','Johnson','01895133769',1,'2h6n69aygbomen2c9v','isaiah.metz@schinner.info','tp9rsz5tpymb4c91y6','492 Maida Loop','Florinefurt','L-O6 7ZJ','Lebanon',1,NULL,'--- !ruby/hash:ActiveSupport::HashWithIndifferentAccess {}\n','2016-12-10 15:30:24','2016-12-10 15:30:24',NULL),(27,'herman_jones_1586','Keyshawn','Funk','01152810434',1,'a6m1raudcai20qbol9','phyllis@daugherty.com','1voga731f124ixqt13','93272 Willow Shore','South Ezra','L-YC3 9BA','Libyan Arab Jamahiriya',1,NULL,'--- !ruby/hash:ActiveSupport::HashWithIndifferentAccess {}\n','2016-12-10 15:30:24','2016-12-10 15:30:24',NULL),(28,'mina','Mina','Walker','0800937226',1,'u83riziv4yuby1kkt0','mina@zhdk.ch','skfhqjprn7xf9wtz2a','25698 Kian Islands','North Pablo','S-YC1X 7WB','Slovakia (Slovak Republic)',1,NULL,'--- !ruby/hash:ActiveSupport::HashWithIndifferentAccess {}\n','2016-12-10 15:30:24','2016-12-10 15:30:24',NULL),(29,'julie','Julie','Olson','05627488324',1,'mbfwjhvpwd3sig3yba','julie@zhdk.ch','qas7u5ynjr4retunoh','62747 Royce Shoals','Port Leda','V-H82 1JJ','Vietnam',1,NULL,'--- !ruby/hash:ActiveSupport::HashWithIndifferentAccess {}\n','2016-12-10 15:30:24','2016-12-10 15:30:24',NULL),(30,NULL,'Tempore quo nihil perferendis provident est temporibus.',NULL,NULL,NULL,NULL,NULL,NULL,NULL,NULL,NULL,NULL,1,NULL,'--- !ruby/hash:ActiveSupport::HashWithIndifferentAccess {}\n','2016-12-10 15:30:24','2016-12-10 15:30:24',29),(31,NULL,'Nihil vel voluptas dignissimos sapiente sit id veritatis.',NULL,NULL,NULL,NULL,NULL,NULL,NULL,NULL,NULL,NULL,1,NULL,'--- !ruby/hash:ActiveSupport::HashWithIndifferentAccess {}\n','2016-12-10 15:30:24','2016-12-10 15:30:24',28),(32,NULL,'Officia sunt quis voluptatem dolorem.',NULL,NULL,NULL,NULL,NULL,NULL,NULL,NULL,NULL,NULL,1,NULL,'--- !ruby/hash:ActiveSupport::HashWithIndifferentAccess {}\n','2016-12-10 15:30:24','2016-12-10 15:30:24',28),(33,NULL,'Deleniti distinctio impedit sed aut delectus tempora.',NULL,NULL,NULL,NULL,NULL,NULL,NULL,NULL,NULL,NULL,1,NULL,'--- !ruby/hash:ActiveSupport::HashWithIndifferentAccess {}\n','2016-12-10 15:30:24','2016-12-10 15:30:24',28),(34,'normin','Normin','N.','0800584103',1,'lns0ag6l62los4jjtb','normin@zhdk.ch','6dr0c3cp4vxy0rhkb3','6234 Steuber Corner','North Autumn','S-W8 4EP','Svalbard & Jan Mayen Islands',2,NULL,'--- !ruby/hash:ActiveSupport::HashWithIndifferentAccess {}\n','2016-12-10 15:30:24','2016-12-10 15:30:24',NULL),(35,'petra','Petra','K.','08199306072',1,'azbaibkun6qk20oxx4','petra@zhdk.ch','wsktls8odr0g5vmlh6','22405 Quitzon Mission, ','South Darwin','T-Y3 8YA','Turkey',2,NULL,'--- !ruby/hash:ActiveSupport::HashWithIndifferentAccess {}\n','2016-12-10 15:30:24','2016-12-10 15:30:24',NULL),(36,'lisa','Lisa','L.','01124360558',1,'ns63f32g2xt4avtjyw','lisa@zhdk.ch','oqraxlr5gh4lva6chi','3182 Windler Route','Ibrahimchester','A-WS5M 5BA','American Samoa',2,NULL,'--- !ruby/hash:ActiveSupport::HashWithIndifferentAccess {}\n','2016-12-10 15:30:24','2016-12-10 15:30:24',NULL);
/*!40000 ALTER TABLE `users` ENABLE KEYS */;
UNLOCK TABLES;

--
-- Temporary table structure for view `visit_lines`
--

DROP TABLE IF EXISTS `visit_lines`;
/*!50001 DROP VIEW IF EXISTS `visit_lines`*/;
SET @saved_cs_client     = @@character_set_client;
SET character_set_client = utf8;
/*!50001 CREATE TABLE `visit_lines` (
  `visit_id` varchar(148),
  `inventory_pool_id` int(11),
  `user_id` int(11),
  `delegated_user_id` int(11),
  `status` enum('unsubmitted','submitted','rejected','approved','signed','closed'),
  `action` varchar(9),
  `date` date,
  `quantity` int(11),
  `contract_line_id` int(11)
) ENGINE=MyISAM */;
SET character_set_client = @saved_cs_client;

--
-- Temporary table structure for view `visits`
--

DROP TABLE IF EXISTS `visits`;
/*!50001 DROP VIEW IF EXISTS `visits`*/;
SET @saved_cs_client     = @@character_set_client;
SET character_set_client = utf8;
/*!50001 CREATE TABLE `visits` (
  `id` varchar(148),
  `inventory_pool_id` int(11),
  `user_id` int(11),
  `status` enum('unsubmitted','submitted','rejected','approved','signed','closed'),
  `action` varchar(9),
  `date` date,
  `quantity` decimal(32,0)
) ENGINE=MyISAM */;
SET character_set_client = @saved_cs_client;

--
-- Table structure for table `workdays`
--

DROP TABLE IF EXISTS `workdays`;
/*!40101 SET @saved_cs_client     = @@character_set_client */;
/*!40101 SET character_set_client = utf8 */;
CREATE TABLE `workdays` (
  `id` int(11) NOT NULL AUTO_INCREMENT,
  `inventory_pool_id` int(11) DEFAULT NULL,
  `monday` tinyint(1) DEFAULT '1',
  `tuesday` tinyint(1) DEFAULT '1',
  `wednesday` tinyint(1) DEFAULT '1',
  `thursday` tinyint(1) DEFAULT '1',
  `friday` tinyint(1) DEFAULT '1',
  `saturday` tinyint(1) DEFAULT '0',
  `sunday` tinyint(1) DEFAULT '0',
  PRIMARY KEY (`id`),
  KEY `index_workdays_on_inventory_pool_id` (`inventory_pool_id`)
) ENGINE=InnoDB AUTO_INCREMENT=14 DEFAULT CHARSET=utf8 COLLATE=utf8_unicode_ci;
/*!40101 SET character_set_client = @saved_cs_client */;

--
-- Dumping data for table `workdays`
--

LOCK TABLES `workdays` WRITE;
/*!40000 ALTER TABLE `workdays` DISABLE KEYS */;
INSERT INTO `workdays` VALUES (1,1,1,1,1,1,1,0,0),(2,2,1,1,1,1,1,0,0),(3,3,1,1,1,1,1,0,0),(4,4,1,1,1,1,1,0,0),(5,5,1,1,1,1,1,0,0),(6,6,1,1,1,1,1,0,0),(7,7,1,1,1,1,1,0,0),(8,8,1,1,1,1,1,0,0),(9,9,1,1,1,1,1,0,0),(10,10,1,1,1,1,1,0,0),(11,11,1,1,1,1,1,0,0),(12,12,1,1,1,1,1,0,0),(13,13,1,1,1,1,1,0,0);
/*!40000 ALTER TABLE `workdays` ENABLE KEYS */;
UNLOCK TABLES;

--
-- Final view structure for view `partitions_with_generals`
--

/*!50001 DROP TABLE IF EXISTS `partitions_with_generals`*/;
/*!50001 DROP VIEW IF EXISTS `partitions_with_generals`*/;
/*!50001 SET @saved_cs_client          = @@character_set_client */;
/*!50001 SET @saved_cs_results         = @@character_set_results */;
/*!50001 SET @saved_col_connection     = @@collation_connection */;
/*!50001 SET character_set_client      = utf8 */;
/*!50001 SET character_set_results     = utf8 */;
/*!50001 SET collation_connection      = utf8_general_ci */;
/*!50001 CREATE ALGORITHM=UNDEFINED */
/*!50001 VIEW `partitions_with_generals` AS select `partitions`.`model_id` AS `model_id`,`partitions`.`inventory_pool_id` AS `inventory_pool_id`,`partitions`.`group_id` AS `group_id`,`partitions`.`quantity` AS `quantity` from `partitions` union select `i`.`model_id` AS `model_id`,`i`.`inventory_pool_id` AS `inventory_pool_id`,NULL AS `group_id`,(count(`i`.`id`) - ifnull((select sum(`p`.`quantity`) from `partitions` `p` where ((`p`.`model_id` = `i`.`model_id`) and (`p`.`inventory_pool_id` = `i`.`inventory_pool_id`)) group by `p`.`inventory_pool_id`,`p`.`model_id`),0)) AS `quantity` from `items` `i` where (isnull(`i`.`retired`) and (`i`.`is_borrowable` = 1) and isnull(`i`.`parent_id`)) group by `i`.`inventory_pool_id`,`i`.`model_id` */;
/*!50001 SET character_set_client      = @saved_cs_client */;
/*!50001 SET character_set_results     = @saved_cs_results */;
/*!50001 SET collation_connection      = @saved_col_connection */;

--
-- Final view structure for view `visit_lines`
--

/*!50001 DROP TABLE IF EXISTS `visit_lines`*/;
/*!50001 DROP VIEW IF EXISTS `visit_lines`*/;
/*!50001 SET @saved_cs_client          = @@character_set_client */;
/*!50001 SET @saved_cs_results         = @@character_set_results */;
/*!50001 SET @saved_col_connection     = @@collation_connection */;
/*!50001 SET character_set_client      = utf8 */;
/*!50001 SET character_set_results     = utf8 */;
/*!50001 SET collation_connection      = utf8_general_ci */;
/*!50001 CREATE ALGORITHM=UNDEFINED */
/*!50001 VIEW `visit_lines` AS select hex(concat_ws('_',if((`c`.`status` = 'approved'),`cl`.`start_date`,`cl`.`end_date`),`c`.`inventory_pool_id`,`c`.`user_id`,`c`.`status`)) AS `visit_id`,`c`.`inventory_pool_id` AS `inventory_pool_id`,`c`.`user_id` AS `user_id`,`c`.`delegated_user_id` AS `delegated_user_id`,`c`.`status` AS `status`,if((`c`.`status` = 'approved'),'hand_over','take_back') AS `action`,if((`c`.`status` = 'approved'),`cl`.`start_date`,`cl`.`end_date`) AS `date`,`cl`.`quantity` AS `quantity`,`cl`.`id` AS `contract_line_id` from (`contract_lines` `cl` join `contracts` `c` on((`cl`.`contract_id` = `c`.`id`))) where ((`c`.`status` in ('approved','signed')) and isnull(`cl`.`returned_date`)) order by if((`c`.`status` = 'approved'),`cl`.`start_date`,`cl`.`end_date`) */;
/*!50001 SET character_set_client      = @saved_cs_client */;
/*!50001 SET character_set_results     = @saved_cs_results */;
/*!50001 SET collation_connection      = @saved_col_connection */;

--
-- Final view structure for view `visits`
--

/*!50001 DROP TABLE IF EXISTS `visits`*/;
/*!50001 DROP VIEW IF EXISTS `visits`*/;
/*!50001 SET @saved_cs_client          = @@character_set_client */;
/*!50001 SET @saved_cs_results         = @@character_set_results */;
/*!50001 SET @saved_col_connection     = @@collation_connection */;
/*!50001 SET character_set_client      = utf8 */;
/*!50001 SET character_set_results     = utf8 */;
/*!50001 SET collation_connection      = utf8_general_ci */;
/*!50001 CREATE ALGORITHM=UNDEFINED */
/*!50001 VIEW `visits` AS select hex(concat_ws('_',`visit_lines`.`date`,`visit_lines`.`inventory_pool_id`,`visit_lines`.`user_id`,`visit_lines`.`status`)) AS `id`,`visit_lines`.`inventory_pool_id` AS `inventory_pool_id`,`visit_lines`.`user_id` AS `user_id`,`visit_lines`.`status` AS `status`,`visit_lines`.`action` AS `action`,`visit_lines`.`date` AS `date`,sum(`visit_lines`.`quantity`) AS `quantity` from `visit_lines` group by `visit_lines`.`user_id`,`visit_lines`.`status`,`visit_lines`.`date`,`visit_lines`.`inventory_pool_id` */;
/*!50001 SET character_set_client      = @saved_cs_client */;
/*!50001 SET character_set_results     = @saved_cs_results */;
/*!50001 SET collation_connection      = @saved_col_connection */;
/*!40103 SET TIME_ZONE=@OLD_TIME_ZONE */;

/*!40101 SET SQL_MODE=@OLD_SQL_MODE */;
/*!40014 SET FOREIGN_KEY_CHECKS=@OLD_FOREIGN_KEY_CHECKS */;
/*!40014 SET UNIQUE_CHECKS=@OLD_UNIQUE_CHECKS */;
/*!40101 SET CHARACTER_SET_CLIENT=@OLD_CHARACTER_SET_CLIENT */;
/*!40101 SET CHARACTER_SET_RESULTS=@OLD_CHARACTER_SET_RESULTS */;
/*!40101 SET COLLATION_CONNECTION=@OLD_COLLATION_CONNECTION */;
/*!40111 SET SQL_NOTES=@OLD_SQL_NOTES */;

-- Dump completed on 2014-09-10 16:59:35
COMMIT;
