SET autocommit=0; SET unique_checks=0; SET foreign_key_checks=0;
-- MySQL dump 10.13  Distrib 5.1.48, for apple-darwin10.3.0 (i386)
--
-- Host: localhost    Database: leihs2_test
-- ------------------------------------------------------
-- Server version	5.1.48

/*!40101 SET @OLD_CHARACTER_SET_CLIENT=@@CHARACTER_SET_CLIENT */;
/*!40101 SET @OLD_CHARACTER_SET_RESULTS=@@CHARACTER_SET_RESULTS */;
/*!40101 SET @OLD_COLLATION_CONNECTION=@@COLLATION_CONNECTION */;
/*!40101 SET NAMES utf8 */;
/*!40103 SET @OLD_TIME_ZONE=@@TIME_ZONE */;
/*!40103 SET TIME_ZONE='+00:00' */;
/*!40014 SET @OLD_UNIQUE_CHECKS=@@UNIQUE_CHECKS, UNIQUE_CHECKS=0 */;
/*!40014 SET @OLD_FOREIGN_KEY_CHECKS=@@FOREIGN_KEY_CHECKS, FOREIGN_KEY_CHECKS=0 */;
/*!40101 SET @OLD_SQL_MODE=@@SQL_MODE, SQL_MODE='NO_AUTO_VALUE_ON_ZERO' */;
/*!40111 SET @OLD_SQL_NOTES=@@SQL_NOTES, SQL_NOTES=0 */;

--
-- Table structure for table `access_rights`
--

DROP TABLE IF EXISTS `access_rights`;
/*!40101 SET @saved_cs_client     = @@character_set_client */;
/*!40101 SET character_set_client = utf8 */;
CREATE TABLE `access_rights` (
  `id` int(11) NOT NULL AUTO_INCREMENT,
  `user_id` int(11) DEFAULT NULL,
  `inventory_pool_id` int(11) DEFAULT NULL,
  `suspended_until` date DEFAULT NULL,
  `suspended_reason` text COLLATE utf8_unicode_ci,
  `deleted_at` date DEFAULT NULL,
  `created_at` datetime DEFAULT NULL,
  `updated_at` datetime DEFAULT NULL,
  `role` enum('customer','group_manager','lending_manager','inventory_manager','admin') COLLATE utf8_unicode_ci NOT NULL,
  PRIMARY KEY (`id`),
  KEY `index_access_rights_on_suspended_until` (`suspended_until`),
  KEY `index_access_rights_on_deleted_at` (`deleted_at`),
  KEY `index_access_rights_on_inventory_pool_id` (`inventory_pool_id`),
  KEY `index_access_rights_on_role` (`role`),
  KEY `index_on_user_id_and_inventory_pool_id_and_deleted_at` (`user_id`,`inventory_pool_id`,`deleted_at`),
  CONSTRAINT `access_rights_user_id_fk` FOREIGN KEY (`user_id`) REFERENCES `users` (`id`),
  CONSTRAINT `access_rights_inventory_pool_id_fk` FOREIGN KEY (`inventory_pool_id`) REFERENCES `inventory_pools` (`id`) ON DELETE CASCADE
) ENGINE=InnoDB AUTO_INCREMENT=43 DEFAULT CHARSET=utf8 COLLATE=utf8_unicode_ci;
/*!40101 SET character_set_client = @saved_cs_client */;

--
-- Dumping data for table `access_rights`
--

LOCK TABLES `access_rights` WRITE;
/*!40000 ALTER TABLE `access_rights` DISABLE KEYS */;
INSERT INTO `access_rights` VALUES (1,1,NULL,NULL,NULL,NULL,'2012-03-15 09:17:01','2012-03-15 09:17:01','admin'),(2,3,3,NULL,NULL,NULL,'2012-03-15 09:17:01','2012-03-15 09:17:01','customer'),(3,4,1,NULL,NULL,NULL,'2012-03-15 09:17:01','2012-03-15 09:17:01','lending_manager'),(4,5,5,NULL,NULL,NULL,'2012-03-15 09:17:01','2012-03-15 09:17:01','customer'),(5,6,11,NULL,NULL,NULL,'2012-03-15 09:17:01','2012-03-15 09:17:01','customer'),(6,7,1,NULL,NULL,'2012-03-15','2012-03-15 09:17:01','2012-03-15 09:17:01','customer'),(7,1,1,NULL,NULL,NULL,'2012-03-15 09:17:01','2012-03-15 09:17:01','customer'),(8,8,2,NULL,NULL,NULL,'2012-03-15 09:17:01','2012-03-15 09:17:01','inventory_manager'),(9,9,1,NULL,NULL,NULL,'2012-03-15 09:17:01','2012-03-15 09:17:01','inventory_manager'),(10,9,11,NULL,NULL,NULL,'2012-03-15 09:17:01','2012-03-15 09:17:01','inventory_manager'),(11,10,1,NULL,NULL,NULL,'2012-03-15 09:17:01','2012-03-15 09:17:01','group_manager'),(12,10,2,NULL,NULL,NULL,'2012-03-15 09:17:01','2012-03-15 09:17:01','group_manager'),(13,10,3,NULL,NULL,NULL,'2012-03-15 09:17:01','2012-03-15 09:17:01','group_manager'),(14,11,1,NULL,NULL,NULL,'2012-03-15 09:17:01','2012-03-15 09:17:01','group_manager'),(15,12,1,NULL,NULL,NULL,'2012-03-15 09:17:01','2012-03-15 09:17:01','customer'),(16,13,1,'2012-03-15','suspreason',NULL,'2012-03-15 09:17:01','2012-03-15 09:17:01','customer'),(17,14,1,NULL,NULL,NULL,'2012-03-15 09:17:01','2012-03-15 09:17:01','customer'),(18,15,1,NULL,NULL,NULL,'2012-03-15 09:17:01','2012-03-15 09:17:01','customer'),(19,16,1,NULL,NULL,NULL,'2012-03-15 09:17:01','2012-03-15 09:17:01','customer'),(20,17,NULL,NULL,NULL,NULL,'2012-03-15 09:17:01','2012-03-15 09:17:01','admin'),(21,18,1,NULL,NULL,NULL,'2012-03-15 09:17:01','2012-03-15 09:17:01','lending_manager'),(22,18,2,NULL,NULL,NULL,'2012-03-15 09:17:01','2012-03-15 09:17:01','lending_manager'),(23,19,1,NULL,NULL,NULL,'2012-03-15 09:17:01','2012-03-15 09:17:01','customer'),(24,20,1,NULL,NULL,NULL,'2012-03-15 09:17:01','2012-03-15 09:17:01','customer'),(25,21,1,NULL,NULL,NULL,'2012-03-15 09:17:01','2012-03-15 09:17:01','customer'),(26,22,1,NULL,NULL,NULL,'2012-03-15 09:17:01','2012-03-15 09:17:01','customer'),(27,23,1,NULL,NULL,NULL,'2012-03-15 09:17:01','2012-03-15 09:17:01','customer'),(28,24,2,'2012-03-11','Voluptas porro fugit distinctio aut vitae voluptas deserunt id.',NULL,'2012-03-10 00:00:00','2012-03-10 00:00:00','customer'),(29,28,1,NULL,NULL,NULL,'2012-03-15 09:17:01','2012-03-15 09:17:01','customer'),(30,29,1,NULL,NULL,NULL,'2012-03-15 09:17:01','2012-03-15 09:17:01','customer'),(31,30,1,NULL,NULL,NULL,'2012-03-15 09:17:01','2012-03-15 09:17:01','customer'),(32,31,1,NULL,NULL,NULL,'2012-03-15 09:17:01','2012-03-15 09:17:01','customer'),(33,33,1,NULL,NULL,NULL,'2012-03-15 09:17:01','2012-03-15 09:17:01','customer'),(34,33,12,NULL,NULL,NULL,'2012-03-15 09:17:01','2012-03-15 09:17:01','customer'),(35,33,13,NULL,NULL,NULL,'2012-03-15 09:17:01','2012-03-15 09:17:01','customer'),(36,33,14,NULL,NULL,NULL,'2012-03-15 09:17:01','2012-03-15 09:17:01','customer'),(37,34,1,NULL,NULL,NULL,'2012-03-15 09:17:01','2012-03-15 09:17:01','customer'),(38,34,2,NULL,NULL,NULL,'2012-03-15 09:17:01','2012-03-15 09:17:01','customer'),(39,34,3,NULL,NULL,NULL,'2012-03-15 09:17:01','2012-03-15 09:17:01','customer'),(40,34,14,NULL,NULL,'2012-03-14','2012-03-15 09:17:01','2012-03-15 09:17:01','customer'),(41,35,1,NULL,NULL,NULL,'2012-03-15 09:17:01','2012-03-15 09:17:01','customer'),(42,36,1,NULL,NULL,NULL,'2012-03-15 09:17:01','2012-03-15 09:17:01','customer');
/*!40000 ALTER TABLE `access_rights` ENABLE KEYS */;
UNLOCK TABLES;

--
-- Table structure for table `accessories`
--

DROP TABLE IF EXISTS `accessories`;
/*!40101 SET @saved_cs_client     = @@character_set_client */;
/*!40101 SET character_set_client = utf8 */;
CREATE TABLE `accessories` (
  `id` int(11) NOT NULL AUTO_INCREMENT,
  `model_id` int(11) DEFAULT NULL,
  `name` varchar(255) COLLATE utf8_unicode_ci DEFAULT NULL,
  `quantity` int(11) DEFAULT NULL,
  PRIMARY KEY (`id`),
  KEY `index_accessories_on_model_id` (`model_id`),
  CONSTRAINT `accessories_model_id_fk` FOREIGN KEY (`model_id`) REFERENCES `models` (`id`) ON DELETE CASCADE
) ENGINE=InnoDB AUTO_INCREMENT=506 DEFAULT CHARSET=utf8 COLLATE=utf8_unicode_ci;
/*!40101 SET character_set_client = @saved_cs_client */;

--
-- Dumping data for table `accessories`
--

LOCK TABLES `accessories` WRITE;
/*!40000 ALTER TABLE `accessories` DISABLE KEYS */;
INSERT INTO `accessories` VALUES (1,1,'Hoyt Stehr',NULL),(2,1,'Krystal Feest II',NULL),(3,2,'Torrey Steuber',NULL),(4,2,'Karli Deckow',NULL),(5,2,'Cale Kozey V',NULL),(6,3,'Mateo Reinger',NULL),(7,3,'Abigail Will',NULL),(8,3,'Felicia Reichert',NULL),(9,4,'Ozella Bergnaum DVM',NULL),(10,5,'Shanny Breitenberg',NULL),(11,5,'Nellie Mraz',NULL),(12,5,'Jonathan Olson',NULL),(13,5,'Haskell Heathcote',NULL),(14,6,'Roma Johnston',NULL),(15,6,'Savanah Ullrich',NULL),(16,6,'Deion Bahringer',NULL),(17,6,'Ms. Alfonzo Glover',NULL),(18,6,'Chloe Hayes',NULL),(19,7,'Loyce Berge',NULL),(20,7,'Delfina Mosciski DVM',NULL),(21,7,'Jaylon Hickle',NULL),(22,7,'Einar Wehner',NULL),(23,7,'Estevan Kuhn',NULL),(24,8,'Rollin Wolf',NULL),(25,8,'Shea Abshire DVM',NULL),(26,8,'Tad Auer',NULL),(27,8,'Colton O\'Keefe',NULL),(28,8,'Dillan Collins',NULL),(29,9,'Karina Stiedemann',NULL),(30,9,'Darrell Kilback',NULL),(31,10,'Gladys Stiedemann',NULL),(32,10,'Anderson Auer',NULL),(33,10,'Darien Batz',NULL),(34,11,'Casandra Satterfield',NULL),(35,11,'Murl West II',NULL),(36,12,'Maynard Witting',NULL),(37,12,'Jacquelyn Rosenbaum',NULL),(38,12,'Jayme Kihn',NULL),(39,12,'Vesta Roberts IV',NULL),(40,13,'Bettye Wisozk',NULL),(41,13,'Hope Kovacek',NULL),(42,13,'Miss Margarete Lubowitz',NULL),(43,13,'Jaden Moore',NULL),(44,14,'Eliza Kunze',NULL),(45,14,'Renee Bartoletti',NULL),(46,15,'Norval Wilderman',NULL),(47,15,'Dr. Saige Rolfson',NULL),(48,15,'Genevieve Kozey',NULL),(49,16,'Gudrun Kohler',NULL),(50,16,'Mr. Devan Beier',NULL),(51,16,'Makenna Grant IV',NULL),(52,16,'Ariel Medhurst',NULL),(53,16,'Carrie Hilpert Jr.',NULL),(54,17,'Alison Lindgren',NULL),(55,17,'Mrs. Savannah DuBuque',NULL),(56,18,'Rupert Corwin',NULL),(57,19,'Mr. Audrey Larkin',NULL),(58,19,'Donald Kunde',NULL),(59,19,'Eddie Crooks',NULL),(60,19,'Jack Jakubowski',NULL),(61,20,'Lily Jacobi MD',NULL),(62,20,'Miss Eusebio Kuhn',NULL),(63,21,'Pierre Dicki',NULL),(64,21,'Shayna Howe PhD',NULL),(65,22,'Verner Padberg',NULL),(66,22,'Leonor Durgan',NULL),(67,22,'Rylee Schimmel',NULL),(68,22,'Marques Walker',NULL),(69,22,'Bryce Rogahn',NULL),(70,23,'Leonel Waters Jr.',NULL),(71,23,'Ruth Ratke',NULL),(72,23,'Ellie Simonis',NULL),(73,23,'Harrison McClure',NULL),(74,23,'Ms. Torrey Mante',NULL),(75,24,'Brett Rosenbaum',NULL),(76,24,'Milford Senger',NULL),(77,24,'Tara Pagac DVM',NULL),(78,24,'Alden Emard',NULL),(79,25,'Pierce Satterfield',NULL),(80,25,'Modesto Gaylord Sr.',NULL),(81,26,'Filomena Veum',NULL),(82,26,'Rebekah Abshire MD',NULL),(83,26,'Miss Fletcher Rohan',NULL),(84,26,'Sophia Collins',NULL),(85,27,'Alexandrea Fritsch DVM',NULL),(86,27,'Mckenzie Thompson',NULL),(87,28,'Chandler Gleason V',NULL),(88,28,'Andres Grady',NULL),(89,29,'Linwood Bailey',NULL),(90,29,'Tamia Erdman',NULL),(91,29,'Wava Gorczany Jr.',NULL),(92,29,'Roberta Padberg II',NULL),(93,29,'Mike Ziemann',NULL),(94,30,'Lowell Bernhard',NULL),(95,30,'Mr. Robin Reichel',NULL),(96,30,'Jarrod Welch',NULL),(97,30,'Mr. Reid DuBuque',NULL),(98,31,'Kyla Koch',NULL),(99,31,'Jeff O\'Keefe',NULL),(100,31,'Mr. Montana Grimes',NULL),(101,31,'Delmer Schiller',NULL),(102,31,'Hester Treutel',NULL),(103,32,'Rod Kub',NULL),(104,32,'Kara Corwin',NULL),(105,32,'Keyon Trantow IV',NULL),(106,32,'Clyde Bosco',NULL),(107,32,'Gay Glover II',NULL),(108,33,'Tre Wilkinson',NULL),(109,33,'Olin Lindgren',NULL),(110,33,'Aliyah Legros',NULL),(111,33,'Cale Beer DVM',NULL),(112,34,'Griffin McDermott',NULL),(113,34,'Jaime Miller Jr.',NULL),(114,35,'Jameson Gulgowski',NULL),(115,36,'Tamara Kreiger',NULL),(116,36,'Tremaine Kerluke I',NULL),(117,36,'Miss Hilda Schamberger',NULL),(118,36,'Faye Howell',NULL),(119,36,'Michale Hessel',NULL),(120,37,'Estelle Grant',NULL),(121,37,'Reanna Corwin',NULL),(122,37,'Mariana Greenholt I',NULL),(123,37,'Taurean O\'Hara',NULL),(124,38,'Eldon Kuphal',NULL),(125,38,'Miss Madisen Cremin',NULL),(126,38,'Maia Wisozk V',NULL),(127,38,'Mrs. Nolan Will',NULL),(128,38,'Hildegard Block',NULL),(129,39,'Serenity Sanford',NULL),(130,39,'Nellie Schaefer',NULL),(131,39,'Dr. Isom Friesen',NULL),(132,39,'Hailie Anderson',NULL),(133,39,'Andreane Lowe',NULL),(134,40,'Miss Precious Homenick',NULL),(135,40,'Adrian Harvey',NULL),(136,40,'Destiney Graham',NULL),(137,41,'Cordelia Reichert',NULL),(138,41,'Arnulfo Smitham',NULL),(139,42,'Madie Blick',NULL),(140,42,'Oswald Schmidt',NULL),(141,42,'Devin Kohler',NULL),(142,42,'Mr. Karelle Runolfsdottir',NULL),(143,43,'Tatyana Denesik V',NULL),(144,43,'Laron Jones',NULL),(145,43,'Zakary Roberts',NULL),(146,43,'Dewitt Upton',NULL),(147,43,'Brent Orn',NULL),(148,44,'Georgiana Harvey',NULL),(149,44,'Lamar Connelly DDS',NULL),(150,44,'Ms. Garland Adams',NULL),(151,44,'Joelle Bergnaum V',NULL),(152,44,'Rebeca Koepp',NULL),(153,45,'Mr. Jane Braun',NULL),(154,45,'Giovanny Mitchell V',NULL),(155,45,'Penelope Kunze III',NULL),(156,45,'Raina Kassulke IV',NULL),(157,45,'Garfield Maggio MD',NULL),(158,46,'Delpha Abshire',NULL),(159,46,'Miss Carlos Connelly',NULL),(160,46,'Martin Cronin Sr.',NULL),(161,46,'Corene Ziemann',NULL),(162,46,'Katelynn Roob',NULL),(163,47,'Alexandre Metz V',NULL),(164,47,'Lupe White',NULL),(165,47,'Marco Hyatt Sr.',NULL),(166,48,'Claudine Marquardt II',NULL),(167,48,'Trycia Denesik',NULL),(168,48,'Kennith Koepp',NULL),(169,49,'Pearline Hickle',NULL),(170,49,'Josue Sipes',NULL),(171,50,'Rick Torp',NULL),(172,51,'Myrtle Schoen',NULL),(173,51,'Jacques Kassulke',NULL),(174,51,'Tierra Lesch',NULL),(175,51,'Susanna Weber',NULL),(176,52,'Clay Lueilwitz',NULL),(177,52,'Ms. Karine Jacobs',NULL),(178,52,'Ursula Monahan',NULL),(179,53,'Letitia Kshlerin IV',NULL),(180,53,'Mr. Albert Grady',NULL),(181,54,'Mrs. Melody Ankunding',NULL),(182,55,'Dr. Annette Beer',NULL),(183,55,'Maribel Terry',NULL),(184,55,'Donna Weimann',NULL),(185,56,'Monserrat Witting',NULL),(186,56,'Ericka Schmitt',NULL),(187,56,'Opal McCullough IV',NULL),(188,56,'Dortha Kris',NULL),(189,56,'Estefania Ziemann',NULL),(190,57,'Pearline Purdy',NULL),(191,57,'Izabella Krajcik',NULL),(192,58,'Ron Spencer',NULL),(193,59,'Mrs. Rosetta Bauch',NULL),(194,59,'Elyse Willms',NULL),(195,59,'Jazmyn Wehner',NULL),(196,59,'Mac Huel',NULL),(197,60,'Ernesto Nitzsche',NULL),(198,60,'Reta Hammes',NULL),(199,60,'Alexzander Shanahan II',NULL),(200,60,'Keeley Koepp I',NULL),(201,61,'Miss Carissa Waters',NULL),(202,61,'Augusta Tromp',NULL),(203,61,'Minnie Effertz',NULL),(204,62,'Griffin Gislason III',NULL),(205,62,'Joyce Waters',NULL),(206,62,'Jess Gottlieb II',NULL),(207,62,'Mr. Susie Kub',NULL),(208,62,'Alfonzo Bogisich',NULL),(209,63,'Kavon Kuphal I',NULL),(210,63,'Kolby Prohaska Sr.',NULL),(211,63,'Deja Ondricka',NULL),(212,64,'Ms. Tavares Bartoletti',NULL),(213,64,'Mrs. Amari Waelchi',NULL),(214,64,'Annette Rosenbaum',NULL),(215,65,'Roslyn Schaefer',NULL),(216,65,'Malcolm Grimes V',NULL),(217,65,'Lesley Batz',NULL),(218,65,'Dr. Johnpaul Mitchell',NULL),(219,65,'Eulah Blanda III',NULL),(220,66,'Judd Gleason DVM',NULL),(221,66,'Miss Vicky Senger',NULL),(222,66,'Nikita Adams',NULL),(223,67,'Garrick Thiel',NULL),(224,67,'Albertha Fisher',NULL),(225,67,'Viva Pouros',NULL),(226,67,'Randal Littel',NULL),(227,68,'Efren Stehr',NULL),(228,68,'Edison Stehr',NULL),(229,68,'Pierce Kuphal',NULL),(230,69,'Dr. Derek Jakubowski',NULL),(231,70,'Jordan Dare',NULL),(232,71,'Miller Cruickshank',NULL),(233,72,'Pattie Hickle',NULL),(234,72,'Ruthie Nitzsche',NULL),(235,72,'Tamara West',NULL),(236,73,'Jessyca Sporer',NULL),(237,73,'Norma Glover',NULL),(238,74,'Dorothea Huel',NULL),(239,74,'Marlee Rogahn',NULL),(240,74,'Matilde Batz',NULL),(241,74,'Gerda Bechtelar',NULL),(242,75,'Armand Rempel',NULL),(243,75,'Judah Rodriguez',NULL),(244,75,'Willow Hackett',NULL),(245,75,'Cathryn Vandervort',NULL),(246,76,'Francesca Ward',NULL),(247,76,'Ms. Domenic Ritchie',NULL),(248,76,'Cassie Stamm III',NULL),(249,76,'Matilde Denesik',NULL),(250,76,'Derek Osinski',NULL),(251,77,'Tamia Veum',NULL),(252,77,'Arvel Hoppe',NULL),(253,77,'Giovanni Casper',NULL),(254,78,'Tom Grady',NULL),(255,78,'Shanie Larson',NULL),(256,79,'Waylon Witting V',NULL),(257,79,'Francisca Treutel',NULL),(258,79,'Mercedes Keebler',NULL),(259,79,'Ena Reilly',NULL),(260,80,'Conor Monahan',NULL),(261,80,'Ms. Tillman Romaguera',NULL),(262,81,'Nigel Hermann',NULL),(263,81,'Mrs. Sadie Reinger',NULL),(264,81,'Libby Wintheiser V',NULL),(265,81,'Dorian Fahey',NULL),(266,81,'Mitchell Koelpin',NULL),(267,82,'Daphney Fisher',NULL),(268,82,'Mr. Trudie King',NULL),(269,82,'Mustafa Keebler II',NULL),(270,82,'Salvador Kilback',NULL),(271,82,'Justice Lindgren',NULL),(272,83,'Nikko Erdman',NULL),(273,84,'Destin Stiedemann',NULL),(274,84,'Gunnar Bosco',NULL),(275,84,'Benjamin Bruen',NULL),(276,85,'Buddy Schuster',NULL),(277,85,'Urban Cremin III',NULL),(278,85,'Nick Watsica',NULL),(279,85,'Fred Greenholt MD',NULL),(280,85,'Kenyatta Quitzon',NULL),(281,86,'Ms. Nico Boyer',NULL),(282,87,'Hester Renner',NULL),(283,87,'Haleigh O\'Keefe I',NULL),(284,87,'Jesus Welch',NULL),(285,87,'Helga Gottlieb IV',NULL),(286,87,'Mr. Ettie Roob',NULL),(287,88,'Dejon Cassin',NULL),(288,89,'Daryl Haag',NULL),(289,89,'Kenyon Hegmann Sr.',NULL),(290,90,'Willa Stroman',NULL),(291,91,'Colton Marvin',NULL),(292,92,'George Franecki',NULL),(293,93,'Pablo Gaylord',NULL),(294,93,'Weston Lynch',NULL),(295,93,'Arne Wintheiser',NULL),(296,93,'Roxane Bartoletti',NULL),(297,93,'Jaclyn Satterfield',NULL),(298,94,'Rylan Bosco II',NULL),(299,94,'Doris Hansen',NULL),(300,94,'Ibrahim Kiehn',NULL),(301,94,'Wava Walsh',NULL),(302,94,'Mr. Raheem Leffler',NULL),(303,95,'Shirley Wuckert',NULL),(304,96,'Harmony Rempel',NULL),(305,96,'Mr. Eliza Wehner',NULL),(306,96,'Vivien Armstrong',NULL),(307,97,'Garrett Langworth',NULL),(308,98,'Ivy Harris',NULL),(309,98,'Ms. Katrina Lueilwitz',NULL),(310,98,'Carolyne McDermott',NULL),(311,99,'Brice Rosenbaum MD',NULL),(312,99,'Clinton Bechtelar',NULL),(313,99,'Filomena Raynor',NULL),(314,99,'Gina Reinger IV',NULL),(315,100,'Annamarie Lindgren',NULL),(316,100,'Ms. Edyth Mueller',NULL),(317,100,'Mr. Fermin Herzog',NULL),(318,101,'Roberta Dibbert',NULL),(319,102,'Rico Medhurst',NULL),(320,102,'Hubert Spinka',NULL),(321,103,'Trevor Casper',NULL),(322,103,'Bartholome Bednar',NULL),(323,103,'Sincere Feeney I',NULL),(324,103,'Esther Kris',NULL),(325,104,'Mr. Cornell Emmerich',NULL),(326,105,'Alvera Schowalter',NULL),(327,105,'Jimmie Schuster',NULL),(328,105,'Shyanne Effertz',NULL),(329,106,'Rylee Bradtke',NULL),(330,106,'Winifred Gottlieb',NULL),(331,106,'Ken Hills',NULL),(332,107,'Ansel Ward',NULL),(333,108,'Thalia Friesen',NULL),(334,108,'Jannie Gerhold III',NULL),(335,108,'Lea Romaguera',NULL),(336,109,'Mr. Kiara Jenkins',NULL),(337,109,'Neha Langosh',NULL),(338,110,'Cayla Rowe',NULL),(339,110,'Jasmin Graham',NULL),(340,110,'Dr. Dallin Murphy',NULL),(341,110,'Art Mayer IV',NULL),(342,110,'Dr. Maud Shanahan',NULL),(343,111,'Monte Purdy MD',NULL),(344,112,'Osborne Torphy',NULL),(345,112,'Omari Boyer',NULL),(346,112,'Mr. Anastasia Gleichner',NULL),(347,112,'Mrs. Alexane Schumm',NULL),(348,112,'Jarrett Beatty',NULL),(349,113,'Arianna Brakus',NULL),(350,113,'Terence Bernhard',NULL),(351,113,'Glen Bins',NULL),(352,113,'Willie Macejkovic',NULL),(353,113,'Muhammad Kuhic',NULL),(354,114,'Wiley Hills',NULL),(355,114,'Kellie Beier',NULL),(356,114,'Clinton Hickle III',NULL),(357,114,'Ansley Bogan',NULL),(358,114,'Jesse Roob',NULL),(359,115,'Arvilla Mueller',NULL),(360,115,'Soledad Pouros',NULL),(361,116,'Yvette Effertz',NULL),(362,116,'Vella O\'Hara Jr.',NULL),(363,117,'Fred Tremblay',NULL),(364,117,'Lavada Feest',NULL),(365,117,'Estevan Weissnat MD',NULL),(366,118,'Mrs. Dayton Kovacek',NULL),(367,118,'Easter Brakus PhD',NULL),(368,118,'Jennyfer Blanda',NULL),(369,118,'Emmanuelle Beier',NULL),(370,118,'Melyna Maggio',NULL),(371,119,'Mattie Beer PhD',NULL),(372,119,'Miss Kenton Grimes',NULL),(373,120,'Gwen Crooks',NULL),(374,120,'Floy Block',NULL),(375,121,'Ole Carter',NULL),(376,121,'Meda Romaguera DVM',NULL),(377,121,'Ms. Christopher Streich',NULL),(378,122,'Reymundo Champlin',NULL),(379,122,'Cassie Mraz',NULL),(380,122,'Aurore Fisher',NULL),(381,123,'Chester Feeney',NULL),(382,124,'Justina Bruen',NULL),(383,125,'Dedrick Gleichner',NULL),(384,125,'Helen Moore Jr.',NULL),(385,125,'Enid Greenfelder',NULL),(386,126,'Ms. Helena Graham',NULL),(387,127,'Deron O\'Hara',NULL),(388,128,'Violet Stehr',NULL),(389,129,'Alycia Orn',NULL),(390,129,'Eva Legros',NULL),(391,130,'Koby Altenwerth',NULL),(392,130,'Jasper Keebler',NULL),(393,130,'William Yost',NULL),(394,130,'Eusebio Hilpert',NULL),(395,131,'Julien Tremblay IV',NULL),(396,131,'Mrs. Saige Medhurst',NULL),(397,132,'Miss Patience O\'Keefe',NULL),(398,132,'Carrie Collins',NULL),(399,132,'Broderick Torp Jr.',NULL),(400,132,'Chelsey Gleichner',NULL),(401,133,'Miss Sabrina Feeney',NULL),(402,133,'Miss Raoul Blick',NULL),(403,133,'Scot Johns',NULL),(404,133,'Orin Lehner DVM',NULL),(405,134,'Davonte Deckow',NULL),(406,135,'Lyric Thiel',NULL),(407,135,'Eldon Altenwerth',NULL),(408,135,'Darrion Zieme',NULL),(409,135,'Moshe Rau',NULL),(410,135,'Mrs. Hazel DuBuque',NULL),(411,136,'Stephan Prosacco',NULL),(412,136,'Dr. Damien Mayert',NULL),(413,137,'Pink Trantow',NULL),(414,137,'Dr. Karl Champlin',NULL),(415,137,'Barry Raynor',NULL),(416,137,'Johnpaul Pollich',NULL),(417,137,'Mr. Sabina Cummings',NULL),(418,138,'Darius Hane',NULL),(419,138,'Linnie Ruecker',NULL),(420,139,'Mrs. Maggie Swaniawski',NULL),(421,139,'Kaci Oberbrunner',NULL),(422,139,'Mrs. Titus Abbott',NULL),(423,140,'Alvina Barrows',NULL),(424,140,'Mr. Granville Bashirian',NULL),(425,140,'Mr. Monica Koch',NULL),(426,140,'Robert Ondricka',NULL),(427,141,'Bonnie Breitenberg',NULL),(428,141,'Mrs. Lelah Hansen',NULL),(429,141,'Kurtis Kilback',NULL),(430,141,'Janick Sporer',NULL),(431,142,'Demond Marquardt',NULL),(432,142,'Emile Rippin',NULL),(433,143,'Arno Jones IV',NULL),(434,144,'Miss Colt Crona',NULL),(435,144,'Allene Moen',NULL),(436,144,'Miss Karlee Mosciski',NULL),(437,145,'Clementine DuBuque',NULL),(438,145,'Mr. Fay Toy',NULL),(439,145,'Jamison Lesch PhD',NULL),(440,145,'Kieran Hills',NULL),(441,145,'Arno Swaniawski',NULL),(442,146,'Astrid Boehm',NULL),(443,147,'Kiarra Zieme I',NULL),(444,147,'Crystal Brown',NULL),(445,148,'Doyle Davis',NULL),(446,148,'Osbaldo Funk',NULL),(447,148,'Milan Stanton Jr.',NULL),(448,148,'Ariane Simonis',NULL),(449,148,'Ethel Bartell',NULL),(450,149,'Trisha Greenfelder',NULL),(451,149,'Stanley Swaniawski DVM',NULL),(452,150,'Miss Christophe Kirlin',NULL),(453,151,'Naomi Thiel I',NULL),(454,151,'Duane Jast',NULL),(455,151,'Gerard Nikolaus',NULL),(456,151,'Damon Graham',NULL),(457,151,'Elinor Gleichner',NULL),(458,152,'Miss Pablo Pfannerstill',NULL),(459,152,'Damien Hessel',NULL),(460,152,'Sid Ullrich',NULL),(461,153,'Dr. Matt Hayes',NULL),(462,153,'Scottie Beatty',NULL),(463,153,'Brock Schroeder DDS',NULL),(464,154,'Vickie Harris',NULL),(465,155,'Maddison Keeling',NULL),(466,155,'Marco Skiles',NULL),(467,155,'Roy Jerde Jr.',NULL),(468,155,'Rory Waelchi',NULL),(469,156,'Macy Nicolas',NULL),(470,156,'Golden Larkin',NULL),(471,156,'Hanna Streich',NULL),(472,156,'River Lehner',NULL),(473,156,'Raina Deckow',NULL),(474,157,'Johnathan Paucek',NULL),(475,157,'Alanis Lakin',NULL),(476,157,'Ruthie Waters',NULL),(477,157,'Ari Hane Jr.',NULL),(478,158,'Nicklaus Raynor',NULL),(479,158,'Miss Jenifer Gulgowski',NULL),(480,158,'Jose Lindgren',NULL),(481,158,'Annabell Yost',NULL),(482,158,'Dustin Reynolds',NULL),(483,159,'Minerva Nolan',NULL),(484,159,'Ollie Skiles',NULL),(485,159,'Dwight Zulauf',NULL),(486,159,'Roxane Paucek II',NULL),(487,159,'Fae Aufderhar',NULL),(488,160,'Allie Quitzon',NULL),(489,160,'River Crona MD',NULL),(490,160,'Efren Parisian',NULL),(491,160,'Efrain Beer',NULL),(492,160,'Ettie Hammes Jr.',NULL),(493,161,'Helga Kling',NULL),(494,161,'Jacinto Jenkins PhD',NULL),(495,161,'Eudora Ratke',NULL),(496,161,'Berneice Tremblay',NULL),(497,162,'Ms. Garnet Senger',NULL),(498,163,'Adolfo Yundt DVM',NULL),(499,164,'Hazel Hoppe',NULL),(500,164,'Cyrus Upton Sr.',NULL),(501,164,'Josue Bergnaum',NULL),(502,165,'Gunnar Effertz',NULL),(503,165,'Norwood Langosh',NULL),(504,166,'Fanny Little',NULL),(505,166,'Jackson Christiansen',NULL);
/*!40000 ALTER TABLE `accessories` ENABLE KEYS */;
UNLOCK TABLES;

--
-- Table structure for table `accessories_inventory_pools`
--

DROP TABLE IF EXISTS `accessories_inventory_pools`;
/*!40101 SET @saved_cs_client     = @@character_set_client */;
/*!40101 SET character_set_client = utf8 */;
CREATE TABLE `accessories_inventory_pools` (
  `accessory_id` int(11) DEFAULT NULL,
  `inventory_pool_id` int(11) DEFAULT NULL,
  UNIQUE KEY `index_accessories_inventory_pools` (`accessory_id`,`inventory_pool_id`),
  KEY `index_accessories_inventory_pools_on_inventory_pool_id` (`inventory_pool_id`),
  CONSTRAINT `accessories_inventory_pools_inventory_pool_id_fk` FOREIGN KEY (`inventory_pool_id`) REFERENCES `inventory_pools` (`id`),
  CONSTRAINT `accessories_inventory_pools_accessory_id_fk` FOREIGN KEY (`accessory_id`) REFERENCES `accessories` (`id`)
) ENGINE=InnoDB DEFAULT CHARSET=utf8 COLLATE=utf8_unicode_ci;
/*!40101 SET character_set_client = @saved_cs_client */;

--
-- Dumping data for table `accessories_inventory_pools`
--

LOCK TABLES `accessories_inventory_pools` WRITE;
/*!40000 ALTER TABLE `accessories_inventory_pools` DISABLE KEYS */;
INSERT INTO `accessories_inventory_pools` VALUES (2,1),(4,1),(7,1),(8,1),(10,1),(13,1),(14,1),(16,1),(17,1),(22,1),(24,1),(25,1),(28,1),(34,1),(35,1),(36,1),(38,1),(39,1),(40,1),(41,1),(42,1),(46,1),(50,1),(52,1),(54,1),(56,1),(58,1),(59,1),(61,1),(62,1),(63,1),(64,1),(65,1),(68,1),(69,1),(70,1),(74,1),(78,1),(79,1),(84,1),(85,1),(86,1),(89,1),(90,1),(94,1),(95,1),(96,1),(97,1),(99,1),(101,1),(103,1),(108,1),(109,1),(113,1),(114,1),(115,1),(116,1),(117,1),(118,1),(119,1),(120,1),(122,1),(123,1),(124,1),(125,1),(129,1),(130,1),(131,1),(132,1),(134,1),(135,1),(137,1),(141,1),(142,1),(144,1),(145,1),(147,1),(148,1),(149,1),(150,1),(151,1),(153,1),(154,1),(156,1),(160,1),(161,1),(162,1),(164,1),(165,1),(168,1),(169,1),(171,1),(172,1),(173,1),(174,1),(175,1),(176,1),(179,1),(180,1),(181,1),(182,1),(183,1),(186,1),(187,1),(188,1),(190,1),(192,1),(193,1),(194,1),(196,1),(198,1),(199,1),(204,1),(207,1),(209,1),(210,1),(212,1),(214,1),(221,1),(222,1),(224,1),(226,1),(230,1),(235,1),(241,1),(242,1),(243,1),(244,1),(247,1),(249,1),(251,1),(252,1),(253,1),(255,1),(256,1),(257,1),(258,1),(262,1),(266,1),(269,1),(270,1),(271,1),(273,1),(275,1),(276,1),(279,1),(280,1),(281,1),(282,1),(283,1),(285,1),(290,1),(292,1),(296,1),(297,1),(300,1),(302,1),(305,1),(306,1),(310,1),(313,1),(315,1),(318,1),(319,1),(320,1),(321,1),(322,1),(324,1),(325,1),(328,1),(329,1),(331,1),(332,1),(333,1),(338,1),(339,1),(345,1),(347,1),(348,1),(349,1),(351,1),(354,1),(355,1),(358,1),(359,1),(360,1),(362,1),(363,1),(369,1),(370,1),(371,1),(373,1),(374,1),(375,1),(376,1),(379,1),(380,1),(381,1),(384,1),(386,1),(389,1),(390,1),(391,1),(395,1),(397,1),(401,1),(403,1),(404,1),(406,1),(409,1),(414,1),(415,1),(416,1),(417,1),(421,1),(424,1),(426,1),(427,1),(428,1),(429,1),(430,1),(432,1),(435,1),(437,1),(438,1),(439,1),(440,1),(441,1),(443,1),(445,1),(449,1),(450,1),(451,1),(454,1),(455,1),(456,1),(457,1),(458,1),(460,1),(461,1),(462,1),(465,1),(469,1),(471,1),(474,1),(478,1),(480,1),(481,1),(482,1),(487,1),(488,1),(489,1),(491,1),(494,1),(496,1),(497,1),(498,1),(499,1),(503,1);
/*!40000 ALTER TABLE `accessories_inventory_pools` ENABLE KEYS */;
UNLOCK TABLES;

--
-- Table structure for table `addresses`
--

DROP TABLE IF EXISTS `addresses`;
/*!40101 SET @saved_cs_client     = @@character_set_client */;
/*!40101 SET character_set_client = utf8 */;
CREATE TABLE `addresses` (
  `id` int(11) NOT NULL AUTO_INCREMENT,
  `street` varchar(255) COLLATE utf8_unicode_ci DEFAULT NULL,
  `zip_code` varchar(255) COLLATE utf8_unicode_ci DEFAULT NULL,
  `city` varchar(255) COLLATE utf8_unicode_ci DEFAULT NULL,
  `country_code` varchar(255) COLLATE utf8_unicode_ci DEFAULT NULL,
  `latitude` float DEFAULT NULL,
  `longitude` float DEFAULT NULL,
  PRIMARY KEY (`id`),
  UNIQUE KEY `index_addresses_on_street_and_zip_code_and_city_and_country_code` (`street`,`zip_code`,`city`,`country_code`)
) ENGINE=InnoDB DEFAULT CHARSET=utf8 COLLATE=utf8_unicode_ci;
/*!40101 SET character_set_client = @saved_cs_client */;

--
-- Dumping data for table `addresses`
--

LOCK TABLES `addresses` WRITE;
/*!40000 ALTER TABLE `addresses` DISABLE KEYS */;
/*!40000 ALTER TABLE `addresses` ENABLE KEYS */;
UNLOCK TABLES;

--
-- Table structure for table `attachments`
--

DROP TABLE IF EXISTS `attachments`;
/*!40101 SET @saved_cs_client     = @@character_set_client */;
/*!40101 SET character_set_client = utf8 */;
CREATE TABLE `attachments` (
  `id` int(11) NOT NULL AUTO_INCREMENT,
  `model_id` int(11) DEFAULT NULL,
  `is_main` tinyint(1) DEFAULT '0',
  `content_type` varchar(255) COLLATE utf8_unicode_ci DEFAULT NULL,
  `filename` varchar(255) COLLATE utf8_unicode_ci DEFAULT NULL,
  `size` int(11) DEFAULT NULL,
  PRIMARY KEY (`id`),
  KEY `index_attachments_on_model_id` (`model_id`),
  CONSTRAINT `attachments_model_id_fk` FOREIGN KEY (`model_id`) REFERENCES `models` (`id`) ON DELETE CASCADE
) ENGINE=InnoDB AUTO_INCREMENT=7 DEFAULT CHARSET=utf8 COLLATE=utf8_unicode_ci;
/*!40101 SET character_set_client = @saved_cs_client */;

--
-- Dumping data for table `attachments`
--

LOCK TABLES `attachments` WRITE;
/*!40000 ALTER TABLE `attachments` DISABLE KEYS */;
INSERT INTO `attachments` VALUES (1,153,0,'image/jpeg','laudantium',NULL),(2,154,0,'image/jpeg','dolores',NULL),(3,163,0,'image/jpeg','facilis',NULL),(4,163,0,'image/jpeg','fugit',NULL),(5,163,0,'image/jpeg','deserunt',NULL),(6,164,0,'image/jpeg','labore',NULL);
/*!40000 ALTER TABLE `attachments` ENABLE KEYS */;
UNLOCK TABLES;

--
-- Table structure for table `authentication_systems`
--

DROP TABLE IF EXISTS `authentication_systems`;
/*!40101 SET @saved_cs_client     = @@character_set_client */;
/*!40101 SET character_set_client = utf8 */;
CREATE TABLE `authentication_systems` (
  `id` int(11) NOT NULL AUTO_INCREMENT,
  `name` varchar(255) COLLATE utf8_unicode_ci DEFAULT NULL,
  `class_name` varchar(255) COLLATE utf8_unicode_ci DEFAULT NULL,
  `is_default` tinyint(1) DEFAULT '0',
  `is_active` tinyint(1) DEFAULT '0',
  PRIMARY KEY (`id`)
) ENGINE=InnoDB AUTO_INCREMENT=7 DEFAULT CHARSET=utf8 COLLATE=utf8_unicode_ci;
/*!40101 SET character_set_client = @saved_cs_client */;

--
-- Dumping data for table `authentication_systems`
--

LOCK TABLES `authentication_systems` WRITE;
/*!40000 ALTER TABLE `authentication_systems` DISABLE KEYS */;
INSERT INTO `authentication_systems` VALUES (1,'Database Authentication','DatabaseAuthentication',1,1),(2,'LDAP Authentication','LdapAuthentication',0,0),(3,'ZHDK Authentication','Zhdk',0,0),(4,'Database Authentication','DatabaseAuthentication',1,1),(5,'LDAP Authentication','LdapAuthentication',0,0),(6,'ZHDK Authentication','Zhdk',0,0);
/*!40000 ALTER TABLE `authentication_systems` ENABLE KEYS */;
UNLOCK TABLES;

--
-- Table structure for table `buildings`
--

DROP TABLE IF EXISTS `buildings`;
/*!40101 SET @saved_cs_client     = @@character_set_client */;
/*!40101 SET character_set_client = utf8 */;
CREATE TABLE `buildings` (
  `id` int(11) NOT NULL AUTO_INCREMENT,
  `name` varchar(255) COLLATE utf8_unicode_ci DEFAULT NULL,
  `code` varchar(255) COLLATE utf8_unicode_ci DEFAULT NULL,
  PRIMARY KEY (`id`)
) ENGINE=InnoDB AUTO_INCREMENT=182 DEFAULT CHARSET=utf8 COLLATE=utf8_unicode_ci;
/*!40101 SET character_set_client = @saved_cs_client */;

--
-- Dumping data for table `buildings`
--

LOCK TABLES `buildings` WRITE;
/*!40000 ALTER TABLE `buildings` DISABLE KEYS */;
INSERT INTO `buildings` VALUES (1,'Great Pyramid of Giza','ZZZ'),(2,'Vitaesaepefugiat','etn'),(3,'Illumarchitectosint','dig'),(4,'Etquivoluptas','qui'),(5,'Aliasinpossimus','ips'),(6,'Rerumautemsunt','opt'),(7,'Omnisvoluptatibusex','con'),(8,'Dolorumcorruptiodit','ass'),(9,'Nemononrepudiandae','eni'),(10,'Utsuntquia','nat'),(11,'Undebeataetemporibus','rec'),(12,'Voluptatesedet','eos'),(13,'Utcorruptiest','ass'),(14,'Mollitiadoloreseaque','cup'),(15,'Autrepudiandaeiste','dol'),(16,'Quiainnobis','aut'),(17,'Quiaverosunt','adr'),(18,'Errorrerumeaque','sap'),(19,'Perspiciatispariaturquasi','vol'),(20,'Illumasperioresnisi','pos'),(21,'Architectoquisbeatae','rer'),(22,'Optiovoluptatumquaerat','per'),(23,'Inciduntetsint','sin'),(24,'Blanditiisetporro','ida'),(25,'Quaesuntqui','fug'),(26,'Quiasedmagni','acc'),(27,'Sedrepudiandaeaut','nec'),(28,'Voluptateautnecessitatibus','pla'),(29,'Nonsuntnemo','qui'),(30,'Quirepudiandaemagni','sit'),(31,'Namquamaccusantium','inc'),(32,'Aliasassumendablanditiis','eve'),(33,'Eteasit','dol'),(34,'Quiamodisit','exc'),(35,'Doloremqueipsummaiores','sin'),(36,'Voluptatemautin','aut'),(37,'Quispariaturlaborum','con'),(38,'Possimusetquisquam','acc'),(39,'Rationeeumut','tem'),(40,'Eaquetotamaut','ets'),(41,'Commodinumquamsunt','vit'),(42,'Ututvel','abm'),(43,'Minuscorrupticorporis','qua'),(44,'Ausstellungsstrasse 60','AU60'),(45,'Ausstellungsstrasse 60','AU60'),(46,'Quibusdamvelitin','ten'),(47,'Quisquamabut','etf'),(48,'Harumnecessitatibusminus','con'),(49,'Voluptatemrecusandaevel','vol'),(50,'Nonautemmodi','occ'),(51,'Occaecatiomnisaut','qui'),(52,'Vitaepossimuseos','qui'),(53,'Involuptatibusest','vel'),(54,'Nobismollitianesciunt','pra'),(55,'Voluptasquiautem','fug'),(56,'Minimaadut','rep'),(57,'Dolorererumaccusantium','est'),(58,'Utveniamdignissimos','vol'),(59,'Rationeautemeum','des'),(60,'Explicabodoloresodio','nam'),(61,'Doloranimiut','sus'),(62,'Beataenostrumrerum','pos'),(63,'Quiquasiiste','eli'),(64,'Numquamdeseruntest','min'),(65,'Voluptatemconsequunturin','ani'),(66,'Inmolestiaesed','tem'),(67,'Etetsint','rer'),(68,'Nequedeseruntaut','tem'),(69,'Estautvelit','dig'),(70,'Liberonumquamconsequatur','des'),(71,'Culpasuntassumenda','exc'),(72,'Facilisiuresoluta','utl'),(73,'Sedlaboriosamlaborum','est'),(74,'Voluptatesvoluptastempore','vol'),(75,'Consequaturoptiodicta','ete'),(76,'Voluptatemquiaut','dol'),(77,'Evenietettempore','sit'),(78,'Eumvoluptatumexplicabo','dig'),(79,'Velitdistinctioincidunt','sed'),(80,'Aperiammolestiaequi','min'),(81,'Inquosvoluptas','qua'),(82,'Exercitationemexpeditamollitia','eni'),(83,'Eteavoluptatibus','eta'),(84,'Estillumquia','qui'),(85,'Quoutnon','qua'),(86,'Temporibusutvelit','rat'),(87,'Autquitemporibus','duc'),(88,'Etquaeratid','ape'),(89,'Rerumremsapiente','mai'),(90,'Autcumquisquam','qui'),(91,'Fuganecessitatibuset','vol'),(92,'Rempossimusest','nul'),(93,'Ullamquiaqui','lib'),(94,'Inatqui','des'),(95,'Essedolorefuga','etm'),(96,'Teneturculpaaut','vol'),(97,'Iureilloaut','por'),(98,'Inventorevoluptasdolor','opt'),(99,'Suntquidemmagnam','iur'),(100,'Etitaquevoluptatum','imp'),(101,'Deseruntexplicaboqui','sin'),(102,'Etquisconsequatur','rep'),(103,'Solutaremsint','utp'),(104,'Autbeataeenim','cul'),(105,'Delenitipariaturnihil','qua'),(106,'Minusdignissimosomnis','lau'),(107,'Molestiasminusfacilis','est'),(108,'Velquisqui','qua'),(109,'Dignissimosconsequaturnam','aut'),(110,'Corruptiarchitectoet','aut'),(111,'Beataenostrumin','non'),(112,'Estnisiea','aut'),(113,'Nesciunttotamad','utp'),(114,'Doloremlaudantiummolestiae','aut'),(115,'Doloremquedoloremplaceat','ill'),(116,'Similiquepariaturid','tem'),(117,'Eligendiperspiciatisassumenda','dol'),(118,'Quisquamperferendisaut','fac'),(119,'Odioetsequi','con'),(120,'Nostrumnihilut','sed'),(121,'Aliquamaliasnon','qui'),(122,'Namquiab','aut'),(123,'Voluptasinventorenecessitatibus','vol'),(124,'Quiasitest','aut'),(125,'Rationesolutaexplicabo','etn'),(126,'Molestiaeoptioquaerat','ape'),(127,'Great Pyramid of Giza','ZZZ'),(128,'Dignissimosetsed','ear'),(129,'Sitoditarchitecto','off'),(130,'Voluptassuntest','qui'),(131,'Officiasapienteipsa','com'),(132,'Veniamenimquia','hic'),(133,'Quonecessitatibusdolorem','etm'),(134,'Consequaturnonodit','por'),(135,'Beataedelectusunde','qui'),(136,'Quiquasquia','ape'),(137,'Necessitatibusutinventore','non'),(138,'Consequaturutculpa','hic'),(139,'Etquipossimus','fug'),(140,'Nonofficiainventore','vol'),(141,'Nostrumoptiovoluptatem','vol'),(142,'Sequiearumquo','lau'),(143,'Suscipitmaioreseligendi','utq'),(144,'Omnisquiaeum','mol'),(145,'Architectononincidunt','fac'),(146,'Fugasititaque','ips'),(147,'Quidemrerumlibero','ver'),(148,'Voluptatemutin','off'),(149,'Suscipitveleum','fug'),(150,'Autetnon','sin'),(151,'Sapientequiimpedit','etm'),(152,'Reprehenderitsimiliquedoloremque','mol'),(153,'Quisquameummaiores','vol'),(154,'Nisimagnivel','ill'),(155,'Molestiasveniamhic','etv'),(156,'Expeditaerrorquisquam','exp'),(157,'Quasnisisit','con'),(158,'Hicexplicabolaudantium','dig'),(159,'Velased','atq'),(160,'Facerevoluptatibusin','min'),(161,'Cumquedictaet','ill'),(162,'Doloribusnatusdoloremque','eni'),(163,'Nequeautlaboriosam','sol'),(164,'Ipsareprehenderitet','qui'),(165,'Utmagnivoluptatibus','sim'),(166,'Remnonrerum','min'),(167,'Distinctioreiciendiscorrupti','nam'),(168,'Quoveniamcorrupti','nos'),(169,'Inliberodebitis','omn'),(170,'Deserunthicminus','cup'),(171,'Molestiasnobisomnis','mol'),(172,'Voluptatemassumendaet','etb'),(173,'Molestiaenoncorporis','ita'),(174,'Doloretculpa','non'),(175,'Dolorumautnihil','pra'),(176,'Nisiimpeditest','iur'),(177,'Voluptatibusquaseveniet','sim'),(178,'Ametquidemunde','occ'),(179,'Illumrepudiandaeid','fug'),(180,'Quisquamexercitationemnon','eaq'),(181,'Etimpeditcorrupti','qua');
/*!40000 ALTER TABLE `buildings` ENABLE KEYS */;
UNLOCK TABLES;

--
-- Table structure for table `contract_lines`
--

DROP TABLE IF EXISTS `contract_lines`;
/*!40101 SET @saved_cs_client     = @@character_set_client */;
/*!40101 SET character_set_client = utf8 */;
CREATE TABLE `contract_lines` (
  `id` int(11) NOT NULL AUTO_INCREMENT,
  `contract_id` int(11) DEFAULT NULL,
  `type` varchar(255) COLLATE utf8_unicode_ci NOT NULL DEFAULT 'ItemLine',
  `item_id` int(11) DEFAULT NULL,
  `model_id` int(11) DEFAULT NULL,
  `quantity` int(11) DEFAULT '1',
  `start_date` date DEFAULT NULL,
  `end_date` date DEFAULT NULL,
  `returned_date` date DEFAULT NULL,
  `option_id` int(11) DEFAULT NULL,
  `purpose_id` int(11) DEFAULT NULL,
  `returned_to_user_id` int(11) DEFAULT NULL,
  `created_at` datetime DEFAULT NULL,
  `updated_at` datetime DEFAULT NULL,
  PRIMARY KEY (`id`),
  KEY `index_contract_lines_on_start_date` (`start_date`),
  KEY `index_contract_lines_on_end_date` (`end_date`),
  KEY `index_contract_lines_on_option_id` (`option_id`),
  KEY `index_contract_lines_on_contract_id` (`contract_id`),
  KEY `index_contract_lines_on_item_id` (`item_id`),
  KEY `index_contract_lines_on_model_id` (`model_id`),
  KEY `index_contract_lines_on_returned_date_and_contract_id` (`returned_date`,`contract_id`),
  KEY `index_contract_lines_on_type_and_contract_id` (`type`,`contract_id`),
  KEY `contract_lines_purpose_id_fk` (`purpose_id`),
  KEY `contract_lines_returned_to_user_id_fk` (`returned_to_user_id`),
  CONSTRAINT `contract_lines_returned_to_user_id_fk` FOREIGN KEY (`returned_to_user_id`) REFERENCES `users` (`id`),
  CONSTRAINT `contract_lines_contract_id_fk` FOREIGN KEY (`contract_id`) REFERENCES `contracts` (`id`) ON DELETE CASCADE,
  CONSTRAINT `contract_lines_item_id_fk` FOREIGN KEY (`item_id`) REFERENCES `items` (`id`),
  CONSTRAINT `contract_lines_model_id_fk` FOREIGN KEY (`model_id`) REFERENCES `models` (`id`),
  CONSTRAINT `contract_lines_option_id_fk` FOREIGN KEY (`option_id`) REFERENCES `options` (`id`),
  CONSTRAINT `contract_lines_purpose_id_fk` FOREIGN KEY (`purpose_id`) REFERENCES `purposes` (`id`)
) ENGINE=InnoDB AUTO_INCREMENT=167 DEFAULT CHARSET=utf8 COLLATE=utf8_unicode_ci;
/*!40101 SET character_set_client = @saved_cs_client */;

--
-- Dumping data for table `contract_lines`
--

LOCK TABLES `contract_lines` WRITE;
/*!40000 ALTER TABLE `contract_lines` DISABLE KEYS */;
INSERT INTO `contract_lines` VALUES (1,1,'ItemLine',NULL,1,1,'2012-03-15','2012-03-15',NULL,NULL,NULL,NULL,'2012-03-15 09:17:01','2012-03-15 09:17:01'),(2,1,'ItemLine',NULL,5,1,'2012-03-15','2012-03-15',NULL,NULL,NULL,NULL,'2012-03-15 09:17:01','2012-03-15 09:17:01'),(3,1,'ItemLine',NULL,9,1,'2012-03-15','2012-03-15',NULL,NULL,NULL,NULL,'2012-03-15 09:17:01','2012-03-15 09:17:01'),(4,2,'ItemLine',NULL,13,1,'2012-03-15','2012-03-15',NULL,NULL,1,NULL,'2012-03-15 09:17:01','2012-03-15 09:17:01'),(5,2,'ItemLine',NULL,17,1,'2012-03-15','2012-03-15',NULL,NULL,1,NULL,'2012-03-15 09:17:01','2012-03-15 09:17:01'),(6,2,'ItemLine',NULL,21,1,'2012-03-15','2012-03-15',NULL,NULL,1,NULL,'2012-03-15 09:17:01','2012-03-15 09:17:01'),(7,2,'ItemLine',NULL,25,1,'2012-03-15','2012-03-15',NULL,NULL,1,NULL,'2012-03-15 09:17:01','2012-03-15 09:17:01'),(8,2,'ItemLine',NULL,29,1,'2012-03-15','2012-03-15',NULL,NULL,1,NULL,'2012-03-15 09:17:01','2012-03-15 09:17:01'),(9,3,'ItemLine',NULL,33,1,'2012-03-15','2012-03-15','2012-03-15',NULL,2,1,'2012-03-15 09:17:01','2012-03-15 09:17:01'),(10,3,'ItemLine',NULL,37,1,'2012-03-15','2012-03-15','2012-03-15',NULL,2,1,'2012-03-15 09:17:01','2012-03-15 09:17:01'),(11,3,'ItemLine',NULL,41,1,'2012-03-15','2012-03-15','2012-03-15',NULL,2,1,'2012-03-15 09:17:01','2012-03-15 09:17:01'),(12,3,'ItemLine',NULL,45,1,'2012-03-15','2012-03-15','2012-03-15',NULL,2,1,'2012-03-15 09:17:01','2012-03-15 09:17:01'),(13,3,'ItemLine',NULL,49,1,'2012-03-15','2012-03-15','2012-03-15',NULL,2,1,'2012-03-15 09:17:01','2012-03-15 09:17:01'),(14,3,'ItemLine',NULL,53,1,'2012-03-15','2012-03-15','2012-03-15',NULL,2,1,'2012-03-15 09:17:01','2012-03-15 09:17:01'),(15,4,'ItemLine',NULL,167,1,'2012-03-12','2012-03-12',NULL,NULL,3,NULL,'2012-03-10 13:52:41','2012-03-10 13:52:41'),(16,4,'ItemLine',NULL,168,1,'2012-03-12','2012-03-12',NULL,NULL,3,NULL,'2012-03-10 13:52:41','2012-03-10 13:52:41'),(17,4,'ItemLine',NULL,169,1,'2012-03-12','2012-03-12',NULL,NULL,3,NULL,'2012-03-10 13:52:41','2012-03-10 13:52:41'),(18,4,'ItemLine',NULL,170,1,'2012-03-12','2012-03-12',NULL,NULL,3,NULL,'2012-03-10 13:52:42','2012-03-10 13:52:42'),(19,5,'ItemLine',NULL,174,1,'2012-03-12','2012-03-12',NULL,NULL,4,NULL,'2012-03-10 13:52:42','2012-03-10 13:52:42'),(20,5,'ItemLine',NULL,175,1,'2012-03-12','2012-03-12',NULL,NULL,4,NULL,'2012-03-10 13:52:42','2012-03-10 13:52:42'),(21,5,'ItemLine',NULL,176,1,'2012-03-12','2012-03-12',NULL,NULL,4,NULL,'2012-03-10 13:52:42','2012-03-10 13:52:42'),(22,5,'ItemLine',NULL,177,1,'2012-03-12','2012-03-12',NULL,NULL,4,NULL,'2012-03-10 13:52:42','2012-03-10 13:52:42'),(23,5,'ItemLine',NULL,178,1,'2012-03-12','2012-03-12',NULL,NULL,4,NULL,'2012-03-10 13:52:42','2012-03-10 13:52:42'),(24,5,'ItemLine',NULL,179,1,'2012-03-12','2012-03-12',NULL,NULL,4,NULL,'2012-03-10 13:52:42','2012-03-10 13:52:42'),(25,6,'ItemLine',NULL,183,1,'2012-03-12','2012-03-12',NULL,NULL,5,NULL,'2012-03-10 13:52:42','2012-03-10 13:52:42'),(26,6,'ItemLine',NULL,184,1,'2012-03-12','2012-03-12',NULL,NULL,5,NULL,'2012-03-10 13:52:42','2012-03-10 13:52:42'),(27,6,'ItemLine',NULL,185,1,'2012-03-12','2012-03-12',NULL,NULL,5,NULL,'2012-03-10 13:52:42','2012-03-10 13:52:42'),(28,6,'ItemLine',NULL,186,1,'2012-03-12','2012-03-12',NULL,NULL,5,NULL,'2012-03-10 13:52:42','2012-03-10 13:52:42'),(29,6,'ItemLine',NULL,187,1,'2012-03-12','2012-03-12',NULL,NULL,5,NULL,'2012-03-10 13:52:42','2012-03-10 13:52:42'),(30,6,'ItemLine',NULL,188,1,'2012-03-12','2012-03-12',NULL,NULL,5,NULL,'2012-03-10 13:52:42','2012-03-10 13:52:42'),(31,7,'ItemLine',NULL,192,1,'2012-03-09','2012-03-09',NULL,NULL,6,NULL,'2012-03-09 10:44:19','2012-03-09 10:44:19'),(32,7,'ItemLine',NULL,193,1,'2012-03-09','2012-03-09',NULL,NULL,6,NULL,'2012-03-09 10:44:19','2012-03-09 10:44:19'),(33,7,'ItemLine',NULL,194,1,'2012-03-09','2012-03-09',NULL,NULL,6,NULL,'2012-03-09 10:44:19','2012-03-09 10:44:19'),(34,8,'ItemLine',NULL,195,1,'2012-03-12','2012-03-12',NULL,NULL,7,NULL,'2012-03-11 00:49:17','2012-03-11 00:49:17'),(35,8,'ItemLine',NULL,196,1,'2012-03-12','2012-03-12',NULL,NULL,7,NULL,'2012-03-11 00:49:17','2012-03-11 00:49:17'),(36,8,'ItemLine',NULL,197,1,'2012-03-12','2012-03-12',NULL,NULL,7,NULL,'2012-03-11 00:49:17','2012-03-11 00:49:17'),(37,8,'ItemLine',NULL,198,1,'2012-03-12','2012-03-12',NULL,NULL,7,NULL,'2012-03-11 00:49:17','2012-03-11 00:49:17'),(38,8,'ItemLine',NULL,199,1,'2012-03-12','2012-03-12',NULL,NULL,7,NULL,'2012-03-11 00:49:17','2012-03-11 00:49:17'),(39,8,'ItemLine',NULL,200,1,'2012-03-12','2012-03-12',NULL,NULL,7,NULL,'2012-03-11 00:49:17','2012-03-11 00:49:17'),(40,8,'ItemLine',NULL,200,1,'2012-03-12','2012-03-12',NULL,NULL,7,NULL,'2012-03-11 00:49:17','2012-03-11 00:49:17'),(41,9,'ItemLine',NULL,204,1,'2012-03-15','2012-03-15',NULL,NULL,8,NULL,'2012-03-15 09:17:01','2012-03-15 09:17:01'),(42,9,'ItemLine',NULL,205,1,'2012-03-15','2012-03-15',NULL,NULL,8,NULL,'2012-03-15 09:17:01','2012-03-15 09:17:01'),(43,9,'ItemLine',NULL,206,1,'2012-03-15','2012-03-15',NULL,NULL,8,NULL,'2012-03-15 09:17:01','2012-03-15 09:17:01'),(44,9,'ItemLine',NULL,207,1,'2012-03-15','2012-03-15',NULL,NULL,8,NULL,'2012-03-15 09:17:01','2012-03-15 09:17:01'),(45,10,'ItemLine',NULL,211,1,'2012-03-15','2012-03-15',NULL,NULL,9,NULL,'2012-03-15 09:17:01','2012-03-15 09:17:01'),(46,10,'ItemLine',NULL,212,1,'2012-03-15','2012-03-15',NULL,NULL,9,NULL,'2012-03-15 09:17:01','2012-03-15 09:17:01'),(47,10,'ItemLine',NULL,213,1,'2012-03-15','2012-03-15',NULL,NULL,9,NULL,'2012-03-15 09:17:01','2012-03-15 09:17:01'),(48,10,'ItemLine',NULL,214,1,'2012-03-15','2012-03-15',NULL,NULL,9,NULL,'2012-03-15 09:17:01','2012-03-15 09:17:01'),(49,11,'ItemLine',NULL,215,1,'2012-03-15','2012-03-15',NULL,NULL,10,NULL,'2012-03-15 09:17:01','2012-03-15 09:17:01'),(50,11,'ItemLine',NULL,216,1,'2012-03-15','2012-03-15',NULL,NULL,10,NULL,'2012-03-15 09:17:01','2012-03-15 09:17:01'),(51,11,'ItemLine',NULL,217,1,'2012-03-15','2012-03-15',NULL,NULL,10,NULL,'2012-03-15 09:17:01','2012-03-15 09:17:01'),(52,11,'ItemLine',NULL,218,1,'2012-03-15','2012-03-15',NULL,NULL,10,NULL,'2012-03-15 09:17:01','2012-03-15 09:17:01'),(53,11,'ItemLine',NULL,219,1,'2012-03-15','2012-03-15',NULL,NULL,10,NULL,'2012-03-15 09:17:01','2012-03-15 09:17:01'),(54,12,'ItemLine',NULL,220,1,'2012-03-15','2012-03-15',NULL,NULL,11,NULL,'2012-03-15 09:17:01','2012-03-15 09:17:01'),(55,12,'ItemLine',NULL,221,1,'2012-03-15','2012-03-15',NULL,NULL,11,NULL,'2012-03-15 09:17:01','2012-03-15 09:17:01'),(56,12,'ItemLine',NULL,222,1,'2012-03-15','2012-03-15',NULL,NULL,11,NULL,'2012-03-15 09:17:01','2012-03-15 09:17:01'),(57,12,'ItemLine',NULL,223,1,'2012-03-15','2012-03-15',NULL,NULL,11,NULL,'2012-03-15 09:17:01','2012-03-15 09:17:01'),(58,13,'ItemLine',25,33,1,'2012-03-15','2012-03-15',NULL,NULL,12,NULL,'2012-03-15 09:17:01','2012-03-15 09:17:01'),(59,13,'ItemLine',26,33,1,'2012-03-15','2012-03-15',NULL,NULL,12,NULL,'2012-03-15 09:17:01','2012-03-15 09:17:01'),(60,13,'ItemLine',27,33,1,'2012-03-15','2012-03-15',NULL,NULL,12,NULL,'2012-03-15 09:17:01','2012-03-15 09:17:01'),(61,13,'ItemLine',28,37,1,'2012-03-15','2012-03-15',NULL,NULL,12,NULL,'2012-03-15 09:17:01','2012-03-15 09:17:01'),(62,13,'ItemLine',29,37,1,'2012-03-15','2012-03-15',NULL,NULL,12,NULL,'2012-03-15 09:17:01','2012-03-15 09:17:01'),(63,13,'ItemLine',30,37,1,'2012-03-15','2012-03-15',NULL,NULL,12,NULL,'2012-03-15 09:17:01','2012-03-15 09:17:01'),(64,13,'ItemLine',31,41,1,'2012-03-15','2012-03-15',NULL,NULL,12,NULL,'2012-03-15 09:17:01','2012-03-15 09:17:01'),(65,13,'ItemLine',32,41,1,'2012-03-15','2012-03-15',NULL,NULL,12,NULL,'2012-03-15 09:17:01','2012-03-15 09:17:01'),(66,13,'ItemLine',33,41,1,'2012-03-15','2012-03-15',NULL,NULL,12,NULL,'2012-03-15 09:17:01','2012-03-15 09:17:01'),(67,13,'ItemLine',34,45,1,'2012-03-15','2012-03-15',NULL,NULL,12,NULL,'2012-03-15 09:17:01','2012-03-15 09:17:01'),(68,13,'ItemLine',35,45,1,'2012-03-15','2012-03-15',NULL,NULL,12,NULL,'2012-03-15 09:17:01','2012-03-15 09:17:01'),(69,13,'ItemLine',36,45,1,'2012-03-15','2012-03-15',NULL,NULL,12,NULL,'2012-03-15 09:17:01','2012-03-15 09:17:01'),(70,13,'ItemLine',37,49,1,'2012-03-15','2012-03-15',NULL,NULL,12,NULL,'2012-03-15 09:17:01','2012-03-15 09:17:01'),(71,13,'ItemLine',38,49,1,'2012-03-15','2012-03-15',NULL,NULL,12,NULL,'2012-03-15 09:17:01','2012-03-15 09:17:01'),(72,13,'ItemLine',39,49,1,'2012-03-15','2012-03-15',NULL,NULL,12,NULL,'2012-03-15 09:17:01','2012-03-15 09:17:01'),(73,13,'ItemLine',40,53,1,'2012-03-15','2012-03-15',NULL,NULL,12,NULL,'2012-03-15 09:17:01','2012-03-15 09:17:01'),(74,13,'ItemLine',41,53,1,'2012-03-15','2012-03-15',NULL,NULL,12,NULL,'2012-03-15 09:17:01','2012-03-15 09:17:01'),(75,13,'ItemLine',42,53,1,'2012-03-15','2012-03-15',NULL,NULL,12,NULL,'2012-03-15 09:17:01','2012-03-15 09:17:01'),(76,13,'ItemLine',45,58,1,'2012-03-15','2012-03-15',NULL,NULL,12,NULL,'2012-03-15 09:17:01','2012-03-15 09:17:01'),(77,13,'ItemLine',46,58,1,'2012-03-15','2012-03-15',NULL,NULL,12,NULL,'2012-03-15 09:17:01','2012-03-15 09:17:01'),(78,13,'ItemLine',47,59,1,'2012-03-15','2012-03-15',NULL,NULL,12,NULL,'2012-03-15 09:17:01','2012-03-15 09:17:01'),(79,13,'ItemLine',49,61,1,'2012-03-15','2012-03-15',NULL,NULL,12,NULL,'2012-03-15 09:17:01','2012-03-15 09:17:01'),(80,13,'ItemLine',50,62,1,'2012-03-15','2012-03-15',NULL,NULL,12,NULL,'2012-03-15 09:17:01','2012-03-15 09:17:01'),(81,13,'ItemLine',51,63,1,'2012-03-15','2012-03-15',NULL,NULL,12,NULL,'2012-03-15 09:17:01','2012-03-15 09:17:01'),(82,13,'ItemLine',52,64,1,'2012-03-15','2012-03-15',NULL,NULL,12,NULL,'2012-03-15 09:17:01','2012-03-15 09:17:01'),(83,13,'ItemLine',53,65,1,'2012-03-15','2012-03-15',NULL,NULL,12,NULL,'2012-03-15 09:17:01','2012-03-15 09:17:01'),(84,13,'ItemLine',54,66,1,'2012-03-15','2012-03-15',NULL,NULL,12,NULL,'2012-03-15 09:17:01','2012-03-15 09:17:01'),(85,13,'ItemLine',55,67,1,'2012-03-15','2012-03-15',NULL,NULL,12,NULL,'2012-03-15 09:17:01','2012-03-15 09:17:01'),(86,13,'ItemLine',56,68,1,'2012-03-15','2012-03-15',NULL,NULL,12,NULL,'2012-03-15 09:17:01','2012-03-15 09:17:01'),(87,13,'ItemLine',57,69,1,'2012-03-15','2012-03-15',NULL,NULL,12,NULL,'2012-03-15 09:17:01','2012-03-15 09:17:01'),(88,14,'OptionLine',NULL,NULL,2,'2012-03-15','2012-03-15',NULL,4,13,NULL,'2012-03-15 09:17:01','2012-03-15 09:17:01'),(89,14,'ItemLine',218,224,1,'2012-03-15','2012-03-15',NULL,NULL,13,NULL,'2012-03-15 09:17:01','2012-03-15 09:17:01'),(90,15,'OptionLine',NULL,NULL,2,'2012-03-15','2012-03-15',NULL,5,14,NULL,'2012-03-15 09:17:01','2012-03-15 09:17:01'),(91,15,'OptionLine',NULL,NULL,1,'2012-03-15','2012-04-15',NULL,5,14,NULL,'2012-03-15 09:17:01','2012-03-15 09:17:01'),(92,16,'ItemLine',219,225,1,'2012-03-15','2012-03-15',NULL,NULL,15,NULL,'2012-03-15 09:17:01','2012-03-15 09:17:01'),(93,17,'ItemLine',220,226,1,'2012-03-10','2012-03-14',NULL,NULL,16,NULL,'2012-03-10 00:00:00','2012-03-10 00:00:00'),(94,17,'OptionLine',NULL,NULL,1,'2012-03-10','2012-03-14',NULL,6,16,NULL,'2012-03-10 00:00:00','2012-03-10 00:00:00'),(95,18,'ItemLine',223,230,1,'2012-03-15','2012-03-15','2012-03-15',NULL,17,NULL,'2012-03-15 09:17:01','2012-03-15 09:17:01'),(96,19,'ItemLine',224,231,1,'2012-03-15','2012-03-15','2012-03-15',NULL,18,NULL,'2012-03-15 09:17:01','2012-03-15 09:17:01'),(97,20,'ItemLine',NULL,235,1,'2012-03-15','2012-03-15',NULL,NULL,19,NULL,'2012-03-15 09:17:01','2012-03-15 09:17:01'),(98,20,'ItemLine',NULL,236,1,'2012-03-15','2012-03-15',NULL,NULL,19,NULL,'2012-03-15 09:17:01','2012-03-15 09:17:01'),(99,20,'ItemLine',NULL,237,1,'2012-03-15','2012-03-15',NULL,NULL,19,NULL,'2012-03-15 09:17:01','2012-03-15 09:17:01'),(100,20,'ItemLine',NULL,238,1,'2012-03-15','2012-03-15',NULL,NULL,19,NULL,'2012-03-15 09:17:01','2012-03-15 09:17:01'),(101,21,'ItemLine',232,239,1,'2012-03-15','2012-03-15',NULL,NULL,20,NULL,'2012-03-15 09:17:01','2012-03-15 09:17:01'),(102,21,'ItemLine',233,240,1,'2012-03-15','2012-03-15',NULL,NULL,20,NULL,'2012-03-15 09:17:01','2012-03-15 09:17:01'),(103,21,'ItemLine',234,241,1,'2012-03-15','2012-03-15',NULL,NULL,20,NULL,'2012-03-15 09:17:01','2012-03-15 09:17:01'),(104,22,'ItemLine',235,242,1,'2012-03-15','2012-03-15',NULL,NULL,21,NULL,'2012-03-15 09:17:01','2012-03-15 09:17:01'),(105,22,'ItemLine',236,243,1,'2012-03-15','2012-03-15',NULL,NULL,21,NULL,'2012-03-15 09:17:01','2012-03-15 09:17:01'),(106,22,'ItemLine',237,244,1,'2012-03-15','2012-03-15',NULL,NULL,21,NULL,'2012-03-15 09:17:01','2012-03-15 09:17:01'),(107,22,'ItemLine',238,245,1,'2012-03-15','2012-03-15',NULL,NULL,21,NULL,'2012-03-15 09:17:01','2012-03-15 09:17:01'),(108,23,'ItemLine',239,246,1,'2012-03-10','2012-03-12',NULL,NULL,22,NULL,'2012-03-10 00:00:00','2012-03-10 00:00:00'),(109,23,'ItemLine',240,247,1,'2012-03-10','2012-03-12',NULL,NULL,22,NULL,'2012-03-10 00:00:00','2012-03-10 00:00:00'),(110,23,'ItemLine',241,248,1,'2012-03-10','2012-03-12',NULL,NULL,22,NULL,'2012-03-10 00:00:00','2012-03-10 00:00:00'),(111,24,'ItemLine',NULL,84,1,'2012-03-22','2012-03-25',NULL,NULL,23,NULL,'2012-03-15 09:17:01','2012-03-15 09:17:01'),(112,24,'ItemLine',NULL,84,1,'2012-03-22','2012-03-25',NULL,NULL,23,NULL,'2012-03-15 09:17:01','2012-03-15 09:17:01'),(113,24,'ItemLine',NULL,84,1,'2012-03-22','2012-03-25',NULL,NULL,23,NULL,'2012-03-15 09:17:01','2012-03-15 09:17:01'),(114,24,'ItemLine',NULL,116,1,'2012-03-22','2012-03-25',NULL,NULL,23,NULL,'2012-03-15 09:17:01','2012-03-15 09:17:01'),(115,24,'ItemLine',NULL,116,1,'2012-03-22','2012-03-25',NULL,NULL,23,NULL,'2012-03-15 09:17:01','2012-03-15 09:17:01'),(116,24,'ItemLine',NULL,116,1,'2012-03-22','2012-03-25',NULL,NULL,23,NULL,'2012-03-15 09:17:01','2012-03-15 09:17:01'),(117,24,'ItemLine',NULL,116,1,'2012-03-22','2012-03-25',NULL,NULL,23,NULL,'2012-03-15 09:17:01','2012-03-15 09:17:01'),(118,25,'ItemLine',NULL,249,1,'2012-03-15','2012-03-15',NULL,NULL,24,NULL,'2012-03-15 09:17:01','2012-03-15 09:17:01'),(119,25,'ItemLine',NULL,253,1,'2012-03-15','2012-03-15',NULL,NULL,24,NULL,'2012-03-15 09:17:01','2012-03-15 09:17:01'),(120,25,'ItemLine',NULL,257,1,'2012-03-15','2012-03-15',NULL,NULL,24,NULL,'2012-03-15 09:17:01','2012-03-15 09:17:01'),(121,26,'ItemLine',NULL,261,1,'2012-03-15','2012-03-15',NULL,NULL,25,NULL,'2012-03-15 09:17:01','2012-03-15 09:17:01'),(122,26,'ItemLine',NULL,265,1,'2012-03-15','2012-03-15',NULL,NULL,25,NULL,'2012-03-15 09:17:01','2012-03-15 09:17:01'),(123,26,'ItemLine',NULL,269,1,'2012-03-15','2012-03-15',NULL,NULL,25,NULL,'2012-03-15 09:17:01','2012-03-15 09:17:01'),(124,27,'ItemLine',NULL,273,1,'2012-03-15','2012-03-15',NULL,NULL,26,NULL,'2012-03-15 09:17:01','2012-03-15 09:17:01'),(125,27,'ItemLine',NULL,277,1,'2012-03-15','2012-03-15',NULL,NULL,26,NULL,'2012-03-15 09:17:01','2012-03-15 09:17:01'),(126,27,'ItemLine',NULL,281,1,'2012-03-15','2012-03-15',NULL,NULL,26,NULL,'2012-03-15 09:17:01','2012-03-15 09:17:01'),(127,28,'ItemLine',NULL,116,1,'2012-03-15','2012-03-15',NULL,NULL,27,NULL,'2012-03-15 09:17:01','2012-03-15 09:17:01'),(128,29,'ItemLine',NULL,116,1,'2012-03-15','2012-03-15',NULL,NULL,28,NULL,'2012-03-15 09:17:01','2012-03-15 09:17:01'),(129,29,'ItemLine',NULL,84,1,'2012-03-15','2012-03-15',NULL,NULL,28,NULL,'2012-03-15 09:17:01','2012-03-15 09:17:01'),(130,30,'ItemLine',NULL,116,1,'2012-03-22','2012-03-23',NULL,NULL,29,NULL,'2012-03-15 09:17:01','2012-03-15 09:17:01'),(131,31,'ItemLine',NULL,58,1,'2012-03-15','2012-03-15',NULL,NULL,30,NULL,'2012-03-15 09:17:01','2012-03-15 09:17:01'),(132,31,'ItemLine',NULL,58,1,'2012-03-15','2012-03-15',NULL,NULL,30,NULL,'2012-03-15 09:17:01','2012-03-15 09:17:01'),(133,31,'ItemLine',NULL,58,1,'2012-03-15','2012-03-15',NULL,NULL,30,NULL,'2012-03-15 09:17:01','2012-03-15 09:17:01'),(134,32,'ItemLine',NULL,84,1,'2012-03-15','2012-03-15',NULL,NULL,31,NULL,'2012-03-15 09:17:01','2012-03-15 09:17:01'),(135,32,'ItemLine',NULL,116,1,'2012-03-15','2012-03-15',NULL,NULL,31,NULL,'2012-03-15 09:17:01','2012-03-15 09:17:01'),(136,32,'ItemLine',NULL,84,1,'2012-03-15','2012-03-15',NULL,NULL,31,NULL,'2012-03-15 09:17:01','2012-03-15 09:17:01'),(137,32,'ItemLine',NULL,116,1,'2012-03-15','2012-03-15',NULL,NULL,31,NULL,'2012-03-15 09:17:01','2012-03-15 09:17:01'),(138,32,'ItemLine',NULL,84,1,'2012-03-15','2012-03-15',NULL,NULL,31,NULL,'2012-03-15 09:17:01','2012-03-15 09:17:01'),(139,32,'ItemLine',NULL,116,1,'2012-03-15','2012-03-15',NULL,NULL,31,NULL,'2012-03-15 09:17:01','2012-03-15 09:17:01'),(140,32,'OptionLine',NULL,NULL,5,'2012-03-15','2012-03-15',NULL,1,31,NULL,'2012-03-15 09:17:01','2012-03-15 09:17:01'),(141,33,'ItemLine',NULL,155,1,'2012-03-15','2012-03-15',NULL,NULL,NULL,NULL,'2012-03-15 09:17:01','2012-03-15 09:17:01'),(142,34,'ItemLine',269,285,1,'2012-03-15','2012-03-15',NULL,NULL,NULL,NULL,'2012-03-15 09:17:01','2012-03-15 09:17:01'),(143,35,'ItemLine',72,84,1,'2012-03-15','2012-03-15',NULL,NULL,34,NULL,'2012-03-15 09:17:01','2012-03-15 09:17:01'),(144,36,'ItemLine',270,286,1,'2012-03-15','2012-03-15',NULL,NULL,35,NULL,'2012-03-15 09:17:01','2012-03-15 09:17:01'),(145,37,'ItemLine',43,57,1,'2012-03-15','2012-03-15',NULL,NULL,36,NULL,'2012-03-15 09:17:01','2012-03-15 09:17:01'),(146,37,'ItemLine',257,269,1,'2012-03-15','2012-03-15','2012-03-15',NULL,36,18,'2012-03-15 09:17:01','2012-03-15 09:17:01'),(147,38,'ItemLine',48,58,1,'2012-03-15','2012-03-15',NULL,NULL,37,NULL,'2012-03-15 09:17:01','2012-03-15 09:17:01'),(148,39,'ItemLine',271,287,1,'2012-03-15','2012-03-15',NULL,NULL,38,NULL,'2012-03-15 09:17:01','2012-03-15 09:17:01'),(149,40,'ItemLine',113,119,1,'2012-03-15','2012-03-16',NULL,NULL,39,NULL,'2012-03-15 09:17:01','2012-03-15 09:17:01'),(150,41,'ItemLine',NULL,84,1,'2012-03-22','2012-03-25',NULL,NULL,40,NULL,'2012-03-15 09:17:01','2012-03-15 09:17:01'),(151,41,'ItemLine',NULL,116,1,'2012-03-22','2012-03-25',NULL,NULL,40,NULL,'2012-03-15 09:17:01','2012-03-15 09:17:01'),(152,41,'ItemLine',NULL,116,1,'2012-03-23','2012-03-26',NULL,NULL,40,NULL,'2012-03-15 09:17:01','2012-03-15 09:17:01'),(153,42,'ItemLine',NULL,62,1,'2012-03-15','2012-03-16',NULL,NULL,40,NULL,'2012-03-15 09:17:01','2012-03-15 09:17:01'),(154,43,'ItemLine',NULL,58,1,'2012-03-13','2012-03-16',NULL,NULL,41,NULL,'2012-03-15 09:17:01','2012-03-15 09:17:01'),(155,43,'ItemLine',NULL,288,1,'2012-03-13','2012-03-16',NULL,NULL,41,NULL,'2012-03-15 09:17:01','2012-03-15 09:17:01'),(156,44,'ItemLine',142,58,1,'2012-03-15','2012-03-15',NULL,NULL,42,NULL,'2012-03-15 09:17:01','2012-03-15 09:17:01'),(157,44,'OptionLine',NULL,NULL,1,'2012-03-15','2012-03-15',NULL,1,42,NULL,'2012-03-15 09:17:01','2012-03-15 09:17:01'),(158,45,'ItemLine',NULL,84,1,'2012-04-21','2012-04-29',NULL,NULL,43,NULL,'2012-03-15 09:17:01','2012-03-15 09:17:01'),(159,46,'ItemLine',NULL,84,1,'2012-05-06','2012-05-09',NULL,NULL,44,NULL,'2012-03-15 09:17:01','2012-03-15 09:17:01'),(160,46,'ItemLine',NULL,84,1,'2012-05-06','2012-05-09',NULL,NULL,44,NULL,'2012-03-15 09:17:01','2012-03-15 09:17:01'),(161,46,'ItemLine',NULL,84,1,'2012-05-06','2012-05-09',NULL,NULL,44,NULL,'2012-03-15 09:17:01','2012-03-15 09:17:01'),(162,46,'ItemLine',NULL,84,1,'2012-05-06','2012-05-09',NULL,NULL,44,NULL,'2012-03-15 09:17:01','2012-03-15 09:17:01'),(163,46,'ItemLine',NULL,84,1,'2012-05-06','2012-05-09',NULL,NULL,44,NULL,'2012-03-15 09:17:01','2012-03-15 09:17:01'),(164,46,'ItemLine',NULL,84,1,'2012-05-06','2012-05-09',NULL,NULL,44,NULL,'2012-03-15 09:17:01','2012-03-15 09:17:01'),(165,47,'ItemLine',NULL,33,1,'2012-03-15','2012-03-15',NULL,NULL,45,NULL,'2012-03-15 09:17:01','2012-03-15 09:17:01'),(166,48,'ItemLine',108,116,1,'2012-03-10','2012-03-14',NULL,NULL,46,NULL,'2012-03-10 00:00:00','2012-03-10 00:00:00');
/*!40000 ALTER TABLE `contract_lines` ENABLE KEYS */;
UNLOCK TABLES;

--
-- Table structure for table `contracts`
--

DROP TABLE IF EXISTS `contracts`;
/*!40101 SET @saved_cs_client     = @@character_set_client */;
/*!40101 SET character_set_client = utf8 */;
CREATE TABLE `contracts` (
  `id` int(11) NOT NULL AUTO_INCREMENT,
  `user_id` int(11) DEFAULT NULL,
  `delegated_user_id` int(11) DEFAULT NULL,
  `inventory_pool_id` int(11) DEFAULT NULL,
  `note` text COLLATE utf8_unicode_ci,
  `handed_over_by_user_id` int(11) DEFAULT NULL,
  `created_at` datetime DEFAULT NULL,
  `updated_at` datetime DEFAULT NULL,
  `status` enum('unsubmitted','submitted','rejected','approved','signed','closed') COLLATE utf8_unicode_ci NOT NULL,
  PRIMARY KEY (`id`),
  KEY `index_contracts_on_inventory_pool_id` (`inventory_pool_id`),
  KEY `index_contracts_on_status` (`status`),
  KEY `index_contracts_on_user_id` (`user_id`),
  KEY `contracts_delegated_user_id_fk` (`delegated_user_id`),
  KEY `contracts_handed_over_by_user_id_fk` (`handed_over_by_user_id`),
  CONSTRAINT `contracts_handed_over_by_user_id_fk` FOREIGN KEY (`handed_over_by_user_id`) REFERENCES `users` (`id`),
  CONSTRAINT `contracts_delegated_user_id_fk` FOREIGN KEY (`delegated_user_id`) REFERENCES `users` (`id`),
  CONSTRAINT `contracts_inventory_pool_id_fk` FOREIGN KEY (`inventory_pool_id`) REFERENCES `inventory_pools` (`id`),
  CONSTRAINT `contracts_user_id_fk` FOREIGN KEY (`user_id`) REFERENCES `users` (`id`)
) ENGINE=InnoDB AUTO_INCREMENT=49 DEFAULT CHARSET=utf8 COLLATE=utf8_unicode_ci;
/*!40101 SET character_set_client = @saved_cs_client */;

--
-- Dumping data for table `contracts`
--

LOCK TABLES `contracts` WRITE;
/*!40000 ALTER TABLE `contracts` DISABLE KEYS */;
INSERT INTO `contracts` VALUES (1,5,NULL,5,NULL,NULL,'2012-03-15 09:17:01','2012-03-15 09:17:01','unsubmitted'),(2,6,NULL,11,NULL,NULL,'2012-03-15 09:17:01','2012-03-15 09:17:01','approved'),(3,7,NULL,1,NULL,NULL,'2012-03-15 09:17:01','2012-03-15 09:17:01','closed'),(4,12,NULL,1,NULL,NULL,'2012-03-10 13:52:41','2012-03-10 13:52:41','submitted'),(5,12,NULL,1,NULL,NULL,'2012-03-10 13:52:42','2012-03-10 13:52:42','approved'),(6,12,NULL,1,NULL,NULL,'2012-03-10 13:52:42','2012-03-10 13:52:42','rejected'),(7,12,NULL,1,NULL,NULL,'2012-03-09 10:44:19','2012-03-09 10:44:19','submitted'),(8,12,NULL,1,NULL,NULL,'2012-03-11 00:49:17','2012-03-11 00:49:17','submitted'),(9,13,NULL,1,NULL,NULL,'2012-03-15 09:17:01','2012-03-15 09:17:01','submitted'),(10,14,NULL,1,NULL,NULL,'2012-03-15 09:17:01','2012-03-15 09:17:01','submitted'),(11,15,NULL,1,NULL,NULL,'2012-03-15 09:17:01','2012-03-15 09:17:01','submitted'),(12,16,NULL,1,NULL,NULL,'2012-03-15 09:17:01','2012-03-15 09:17:01','submitted'),(13,20,NULL,1,NULL,NULL,'2012-03-15 09:17:01','2012-03-15 09:17:01','approved'),(14,21,NULL,1,NULL,18,'2012-03-15 09:17:01','2012-03-15 09:17:01','signed'),(15,22,NULL,1,NULL,18,'2012-03-15 09:17:01','2012-03-15 09:17:01','signed'),(16,23,NULL,1,NULL,18,'2012-03-15 09:17:01','2012-03-15 09:17:01','signed'),(17,24,NULL,2,NULL,18,'2012-03-10 00:00:00','2012-03-10 00:00:00','signed'),(18,26,NULL,1,NULL,18,'2012-03-15 09:17:01','2012-03-15 09:17:01','closed'),(19,27,NULL,1,NULL,18,'2012-03-15 09:17:01','2012-03-15 09:17:01','closed'),(20,30,28,1,NULL,NULL,'2012-03-15 09:17:01','2012-03-15 09:17:01','submitted'),(21,30,29,1,NULL,NULL,'2012-03-15 09:17:01','2012-03-15 09:17:01','approved'),(22,30,28,1,NULL,18,'2012-03-15 09:17:01','2012-03-15 09:17:01','signed'),(23,30,28,1,NULL,18,'2012-03-10 00:00:00','2012-03-10 00:00:00','signed'),(24,34,NULL,1,NULL,NULL,'2012-03-15 09:17:01','2012-03-15 09:17:01','submitted'),(25,34,NULL,3,NULL,NULL,'2012-03-15 09:17:01','2012-03-15 09:17:01','submitted'),(26,34,NULL,2,NULL,NULL,'2012-03-15 09:17:01','2012-03-15 09:17:01','submitted'),(27,34,NULL,1,NULL,NULL,'2012-03-15 09:17:01','2012-03-15 09:17:01','submitted'),(28,34,NULL,1,NULL,NULL,'2012-03-15 09:17:01','2012-03-15 09:17:01','approved'),(29,34,NULL,1,NULL,NULL,'2012-03-15 09:17:01','2012-03-15 09:17:01','approved'),(30,34,NULL,1,NULL,NULL,'2012-03-15 09:17:01','2012-03-15 09:17:01','approved'),(31,34,NULL,1,NULL,NULL,'2012-03-15 09:17:01','2012-03-15 09:17:01','approved'),(32,34,NULL,1,NULL,NULL,'2012-03-15 09:17:01','2012-03-15 09:17:01','approved'),(33,34,NULL,1,NULL,NULL,'2012-03-15 09:17:01','2012-03-15 09:17:01','approved'),(34,34,NULL,1,NULL,NULL,'2012-03-15 09:17:01','2012-03-15 09:17:01','approved'),(35,34,NULL,1,NULL,18,'2012-03-15 09:17:01','2012-03-15 09:17:01','signed'),(36,34,NULL,1,NULL,18,'2012-03-15 09:17:01','2012-03-15 09:17:01','signed'),(37,34,NULL,2,NULL,18,'2012-03-15 09:17:01','2012-03-15 09:17:01','signed'),(38,34,NULL,2,NULL,18,'2012-03-15 09:17:01','2012-03-15 09:17:01','signed'),(39,34,NULL,2,NULL,18,'2012-03-15 09:17:01','2012-03-15 09:17:01','signed'),(40,34,NULL,1,NULL,18,'2012-03-15 09:17:01','2012-03-15 09:17:01','signed'),(41,35,NULL,1,NULL,NULL,'2012-03-15 09:17:01','2012-03-15 09:17:01','submitted'),(42,35,NULL,1,NULL,NULL,'2012-03-15 09:17:01','2012-03-15 09:17:01','submitted'),(43,35,NULL,1,NULL,NULL,'2012-03-15 09:17:01','2012-03-15 09:17:01','approved'),(44,35,NULL,1,NULL,18,'2012-03-15 09:17:01','2012-03-15 09:17:01','signed'),(45,36,NULL,1,NULL,NULL,'2012-03-15 09:17:01','2012-03-15 09:17:01','submitted'),(46,36,NULL,1,NULL,NULL,'2012-03-15 09:17:01','2012-03-15 09:17:01','submitted'),(47,36,NULL,1,NULL,NULL,'2012-03-15 09:17:01','2012-03-15 09:17:01','approved'),(48,36,NULL,1,NULL,18,'2012-03-10 00:00:00','2012-03-10 00:00:00','signed');
/*!40000 ALTER TABLE `contracts` ENABLE KEYS */;
UNLOCK TABLES;

--
-- Table structure for table `database_authentications`
--

DROP TABLE IF EXISTS `database_authentications`;
/*!40101 SET @saved_cs_client     = @@character_set_client */;
/*!40101 SET character_set_client = utf8 */;
CREATE TABLE `database_authentications` (
  `id` int(11) NOT NULL AUTO_INCREMENT,
  `login` varchar(255) COLLATE utf8_unicode_ci DEFAULT NULL,
  `crypted_password` varchar(40) COLLATE utf8_unicode_ci DEFAULT NULL,
  `salt` varchar(40) COLLATE utf8_unicode_ci DEFAULT NULL,
  `user_id` int(11) DEFAULT NULL,
  `created_at` datetime DEFAULT NULL,
  `updated_at` datetime DEFAULT NULL,
  PRIMARY KEY (`id`),
  KEY `database_authentications_user_id_fk` (`user_id`),
  CONSTRAINT `database_authentications_user_id_fk` FOREIGN KEY (`user_id`) REFERENCES `users` (`id`) ON DELETE CASCADE
) ENGINE=InnoDB AUTO_INCREMENT=33 DEFAULT CHARSET=utf8 COLLATE=utf8_unicode_ci;
/*!40101 SET character_set_client = @saved_cs_client */;

--
-- Dumping data for table `database_authentications`
--

LOCK TABLES `database_authentications` WRITE;
/*!40000 ALTER TABLE `database_authentications` DISABLE KEYS */;
INSERT INTO `database_authentications` VALUES (1,'ramon','845294942407d62de6c895e582d9e4565d6495ce','799a63913617a50a7dd9b82fe0d4149e8fd45d92',1,'2012-03-15 09:17:01','2012-03-15 09:17:01'),(2,'courtney.marks_5475','33d91deb4352a4ec9c1ac6e12f420e613479467c','abd59f2349a5d205f79d5602e952f495a15775f9',2,'2012-03-15 09:17:01','2012-03-15 09:17:01'),(3,'kennedy_bechtelar_6621','1772c0ce470e585a3617828d1b4bdb105b341ff4','efa459b506e70dcde472f07ee7398b993268c3d1',3,'2012-03-15 09:17:01','2012-03-15 09:17:01'),(4,'lenore_8437','2ef1ecff2a9f6cbaa5f90e99b04c4cfc97cc42fc','5035f23690c2b9181c41cd8bd5e2bb9a6a2f36b3',4,'2012-03-15 09:17:01','2012-03-15 09:17:01'),(5,'harrison_128','bd36615d2207acb3f253a2c349c0514853126d46','da52ac596ad31bb8f5a6a1cba8759fe0f4ccf0ed',5,'2012-03-15 09:17:01','2012-03-15 09:17:01'),(6,'zion.olson_5574','248f0cf6db89eb9889fa3870059836146ced7b94','804a088a3731e9fc40a02ccdce6accc6f144c4c6',6,'2012-03-15 09:17:01','2012-03-15 09:17:01'),(7,'aidan.heel_5895','85a174fb34d8bfb6a1b2eec741f1864606fe6231','1223a323e3d0dc95847ba0118d14afb8185dbddf',7,'2012-03-15 09:17:01','2012-03-15 09:17:01'),(8,'matti','210ed69efc182a4580ce2689584dbab7a727e2df','a926644ad7ee9832d71be0319e6a0c0fe00527ef',8,'2012-03-15 09:17:01','2012-03-15 09:17:01'),(9,'mike','f3036da79035f3cb3c7b417b911faf2de861f0d2','97b627170c390fbdfcc7d86403b225783ba35d6b',9,'2012-03-15 09:17:01','2012-03-15 09:17:01'),(10,'andi','610ad5b8bab61329487da1b3a5f92937aa57bf90','2a34a60d973676953cd22670af125c56a9f0910c',10,'2012-03-15 09:17:01','2012-03-15 09:17:01'),(11,'kellie.effertz_6226','7c2414303192b5f3e00ae100c444ef540d448d14','08f98fd178cc5a196afea1f7cf379bbccda0ec7f',11,'2012-03-15 09:17:01','2012-03-15 09:17:01'),(12,'daisy_bosco_6778','2afb75ae541d75265a825dbb75481bafc308332d','7acd8efe848e88996e1af9994b8a57e7e2d62e96',12,'2012-03-15 09:17:01','2012-03-15 09:17:01'),(13,'kyleigh_552','50df3e3351fc71c3a11a1f91d2959e7a00746952','d1efdb0d4ab18d7be15513f33d6424c67ad318a7',13,'2012-03-15 09:17:01','2012-03-15 09:17:01'),(14,'antonette_3966','7f7bc0256848288d0d91c0f3d3e50c1a72632714','edf6970f73025dfd93cdd6c349f90f9f138de341',14,'2012-03-15 09:17:01','2012-03-15 09:17:01'),(15,'shaun_4675','4f56bdb40c240ce9c68244a8763dd183d4341d89','11e3b547beea7231a12a4535ed3c3150e0d2a077',15,'2012-03-15 09:17:01','2012-03-15 09:17:01'),(16,'brain.berge_2332','4b29da0b74c32915056af6df680bebd386e755e7','08fafe46bf7de04a9236b051564785372dac2aec',16,'2012-03-15 09:17:01','2012-03-15 09:17:01'),(17,'gino','ad9821367398110fcd4ada5d5ec3afec2dfe92d9','f2e8e3bb24d4977ddabcda6f34b68bf69f0e8030',17,'2012-03-15 09:17:01','2012-03-15 09:17:01'),(18,'pius','1b250dff8892bdf11f883314d1aa5b357afe5d5c','7426cf46a10c87eb69c8b7f0e8074548cd48c87f',18,'2012-03-15 09:17:01','2012-03-15 09:17:01'),(19,'peter','2439468a7f108f9af07c7c805c324273d5c122f7','df9a71171ecba08cbdf59a66089d1fc545c9f903',19,'2012-03-15 09:17:01','2012-03-15 09:17:01'),(20,'zita_8052','442a73496fc5b136e29b7c84490319d5dd6c3aad','fc7db5e8dd595e7825174c5bd1caf48eb7d6e51b',20,'2012-03-15 09:17:01','2012-03-15 09:17:01'),(21,'barton_8292','a8280923638abf66508206e482ffc7bcf4172364','22bedfea9ec4ce163f1ca95dd9ada49df095b0b9',21,'2012-03-15 09:17:01','2012-03-15 09:17:01'),(22,'lizzie_hahn_6189','d80fae68ba7ddf258d85fbcc0e38b933703320ce','5b8af5a6d6e0292c2039ea4eada658a37814b41b',22,'2012-03-15 09:17:01','2012-03-15 09:17:01'),(23,'mina_2827','6265d9d0bc5d62f3785ed257597fa39809afb16d','429fc9e5c99e66462602f3db0dccbbb1305cb0c6',23,'2012-03-15 09:17:01','2012-03-15 09:17:01'),(24,'ari_hansen_7562','695416e99634c724e36e5f685b94c41b914d4350','7e78fc670269068ae05dd2b789f22a99843ee52a',24,'2012-03-10 00:00:00','2012-03-10 00:00:00'),(25,'lauretta_3966','a5a7fb6f22c3b3029db94e62c4b38cc448db7393','2c7e42e4c5adf783a5fe000231a3fdc25b357048',25,'2012-03-10 00:00:00','2012-03-10 00:00:00'),(26,'jaeden_1586','e3b716d11334f7a16f72c1e72b408bd643607620','a9556a57b2931f3dfdeeff471abe450e4b8069e5',26,'2012-03-15 09:17:01','2012-03-15 09:17:01'),(27,'london_abshire_3133','81a52503b347406d05312481e163d82fe6a59f54','d291a304edbf3f84441f439335efc0eb452ad4dd',27,'2012-03-15 09:17:01','2012-03-15 09:17:01'),(28,'mina','adc103463b83dc507903732c6cd26f8a7608344a','0c05c98a9d4a13e90b3e2f076fd677abacf91ea4',28,'2012-03-15 09:17:01','2012-03-15 09:17:01'),(29,'julie','91663d777c3cbc70854fb775394809bcc534598a','65b46881a10b69a82776e4b2bb7c530fc8907ca7',29,'2012-03-15 09:17:01','2012-03-15 09:17:01'),(30,'normin','a3c43d0f3f1da7f7e8e28e1c13534412a5ac5f6d','fa2d2184532872245069ffc60cfbac5be374c897',34,'2012-03-15 09:17:01','2012-03-15 09:17:01'),(31,'petra','64b05d419adccde14f3632d8661aa021f8e0508d','69fc27b6368f58b6c448affe888ad004b0cb7473',35,'2012-03-15 09:17:01','2012-03-15 09:17:01'),(32,'lisa','55e41e27f92e437464694b6450a244d8fc534766','18cc1f6f4c8bac88e1d8d0bb06fb095403740897',36,'2012-03-15 09:17:01','2012-03-15 09:17:01');
/*!40000 ALTER TABLE `database_authentications` ENABLE KEYS */;
UNLOCK TABLES;

--
-- Table structure for table `delegations_users`
--

DROP TABLE IF EXISTS `delegations_users`;
/*!40101 SET @saved_cs_client     = @@character_set_client */;
/*!40101 SET character_set_client = utf8 */;
CREATE TABLE `delegations_users` (
  `delegation_id` int(11) DEFAULT NULL,
  `user_id` int(11) DEFAULT NULL,
  UNIQUE KEY `index_delegations_users_on_user_id_and_delegation_id` (`user_id`,`delegation_id`),
  KEY `index_delegations_users_on_delegation_id` (`delegation_id`),
  CONSTRAINT `delegations_users_delegation_id_fk` FOREIGN KEY (`delegation_id`) REFERENCES `users` (`id`),
  CONSTRAINT `delegations_users_user_id_fk` FOREIGN KEY (`user_id`) REFERENCES `users` (`id`)
) ENGINE=InnoDB DEFAULT CHARSET=utf8 COLLATE=utf8_unicode_ci;
/*!40101 SET character_set_client = @saved_cs_client */;

--
-- Dumping data for table `delegations_users`
--

LOCK TABLES `delegations_users` WRITE;
/*!40000 ALTER TABLE `delegations_users` DISABLE KEYS */;
INSERT INTO `delegations_users` VALUES (30,28),(31,28),(32,28),(33,28),(30,29),(31,29),(32,29),(33,29);
/*!40000 ALTER TABLE `delegations_users` ENABLE KEYS */;
UNLOCK TABLES;

--
-- Table structure for table `groups`
--

DROP TABLE IF EXISTS `groups`;
/*!40101 SET @saved_cs_client     = @@character_set_client */;
/*!40101 SET character_set_client = utf8 */;
CREATE TABLE `groups` (
  `id` int(11) NOT NULL AUTO_INCREMENT,
  `name` varchar(255) COLLATE utf8_unicode_ci DEFAULT NULL,
  `inventory_pool_id` int(11) DEFAULT NULL,
  `is_verification_required` tinyint(1) DEFAULT '0',
  `created_at` datetime DEFAULT NULL,
  `updated_at` datetime DEFAULT NULL,
  PRIMARY KEY (`id`),
  KEY `index_groups_on_inventory_pool_id` (`inventory_pool_id`),
  KEY `index_groups_on_is_verification_required` (`is_verification_required`),
  CONSTRAINT `groups_inventory_pool_id_fk` FOREIGN KEY (`inventory_pool_id`) REFERENCES `inventory_pools` (`id`)
) ENGINE=InnoDB AUTO_INCREMENT=10 DEFAULT CHARSET=utf8 COLLATE=utf8_unicode_ci;
/*!40101 SET character_set_client = @saved_cs_client */;

--
-- Dumping data for table `groups`
--

LOCK TABLES `groups` WRITE;
/*!40000 ALTER TABLE `groups` DISABLE KEYS */;
INSERT INTO `groups` VALUES (1,'Cast',1,0,'2012-03-15 09:17:01','2012-03-15 09:17:01'),(2,'IAD',1,0,'2012-03-15 09:17:01','2012-03-15 09:17:01'),(3,'Wu',1,0,'2012-03-15 09:17:01','2012-03-15 09:17:01'),(4,'Group Hifi',1,0,'2012-03-15 09:17:01','2012-03-15 09:17:01'),(5,'Group A',1,0,'2012-03-15 09:17:01','2012-03-15 09:17:01'),(6,'Group B',1,0,'2012-03-15 09:17:01','2012-03-15 09:17:01'),(7,'FFI',1,1,'2012-03-15 09:17:01','2012-03-15 09:17:01'),(8,'VTO',1,1,'2012-03-15 09:17:01','2012-03-15 09:17:01'),(9,'1. Semester',2,1,'2012-03-15 09:17:01','2012-03-15 09:17:01');
/*!40000 ALTER TABLE `groups` ENABLE KEYS */;
UNLOCK TABLES;

--
-- Table structure for table `groups_users`
--

DROP TABLE IF EXISTS `groups_users`;
/*!40101 SET @saved_cs_client     = @@character_set_client */;
/*!40101 SET character_set_client = utf8 */;
CREATE TABLE `groups_users` (
  `user_id` int(11) DEFAULT NULL,
  `group_id` int(11) DEFAULT NULL,
  UNIQUE KEY `index_groups_users_on_user_id_and_group_id` (`user_id`,`group_id`),
  KEY `index_groups_users_on_group_id` (`group_id`),
  CONSTRAINT `groups_users_user_id_fk` FOREIGN KEY (`user_id`) REFERENCES `users` (`id`),
  CONSTRAINT `groups_users_group_id_fk` FOREIGN KEY (`group_id`) REFERENCES `groups` (`id`)
) ENGINE=InnoDB DEFAULT CHARSET=utf8 COLLATE=utf8_unicode_ci;
/*!40101 SET character_set_client = @saved_cs_client */;

--
-- Dumping data for table `groups_users`
--

LOCK TABLES `groups_users` WRITE;
/*!40000 ALTER TABLE `groups_users` DISABLE KEYS */;
INSERT INTO `groups_users` VALUES (12,7),(12,8),(13,7),(14,7),(14,8),(15,7),(15,9),(16,7),(34,1),(36,1);
/*!40000 ALTER TABLE `groups_users` ENABLE KEYS */;
UNLOCK TABLES;

--
-- Table structure for table `histories`
--

DROP TABLE IF EXISTS `histories`;
/*!40101 SET @saved_cs_client     = @@character_set_client */;
/*!40101 SET character_set_client = utf8 */;
CREATE TABLE `histories` (
  `id` int(11) NOT NULL AUTO_INCREMENT,
  `text` varchar(255) COLLATE utf8_unicode_ci DEFAULT '',
  `type_const` int(11) DEFAULT NULL,
  `created_at` datetime NOT NULL,
  `target_id` int(11) NOT NULL,
  `target_type` varchar(255) COLLATE utf8_unicode_ci NOT NULL,
  `user_id` int(11) DEFAULT NULL,
  PRIMARY KEY (`id`),
  KEY `index_histories_on_target_type_and_target_id` (`target_type`,`target_id`),
  KEY `index_histories_on_type_const` (`type_const`),
  KEY `index_histories_on_user_id` (`user_id`),
  CONSTRAINT `histories_user_id_fk` FOREIGN KEY (`user_id`) REFERENCES `users` (`id`) ON DELETE CASCADE
) ENGINE=InnoDB AUTO_INCREMENT=17 DEFAULT CHARSET=utf8 COLLATE=utf8_unicode_ci;
/*!40101 SET character_set_client = @saved_cs_client */;

--
-- Dumping data for table `histories`
--

LOCK TABLES `histories` WRITE;
/*!40000 ALTER TABLE `histories` DISABLE KEYS */;
INSERT INTO `histories` VALUES (1,'Contract 14 has been signed by Dedrick Grant',1,'2012-03-15 09:17:01',14,'Contract',18),(2,'Contract 15 has been signed by Willow Christiansen',1,'2012-03-15 09:17:01',15,'Contract',18),(3,'Contract 16 has been signed by Johnnie Fisher',1,'2012-03-15 09:17:01',16,'Contract',18),(4,'Contract 17 has been signed by Berta Eichmann',1,'2012-03-10 00:00:00',17,'Contract',18),(5,'Contract 18 has been signed by Shana Kihn',1,'2012-03-15 09:17:01',18,'Contract',18),(6,'Contract 19 has been signed by Sherman Greenfelder',1,'2012-03-15 09:17:01',19,'Contract',18),(7,'Contract 22 has been signed by Qui enim iure debitis consequatur temporibus corporis.',1,'2012-03-15 09:17:01',22,'Contract',18),(8,'Contract 23 has been signed by Qui enim iure debitis consequatur temporibus corporis.',1,'2012-03-10 00:00:00',23,'Contract',18),(9,'Contract 35 has been signed by Normin N.',1,'2012-03-15 09:17:01',35,'Contract',18),(10,'Contract 36 has been signed by Normin N.',1,'2012-03-15 09:17:01',36,'Contract',18),(11,'Contract 37 has been signed by Normin N.',1,'2012-03-15 09:17:01',37,'Contract',18),(12,'Contract 38 has been signed by Normin N.',1,'2012-03-15 09:17:01',38,'Contract',18),(13,'Contract 39 has been signed by Normin N.',1,'2012-03-15 09:17:01',39,'Contract',18),(14,'Contract 40 has been signed by Normin N.',1,'2012-03-15 09:17:01',40,'Contract',18),(15,'Contract 44 has been signed by Petra K.',1,'2012-03-15 09:17:01',44,'Contract',18),(16,'Contract 48 has been signed by Lisa L.',1,'2012-03-10 00:00:00',48,'Contract',18);
/*!40000 ALTER TABLE `histories` ENABLE KEYS */;
UNLOCK TABLES;

--
-- Table structure for table `holidays`
--

DROP TABLE IF EXISTS `holidays`;
/*!40101 SET @saved_cs_client     = @@character_set_client */;
/*!40101 SET character_set_client = utf8 */;
CREATE TABLE `holidays` (
  `id` int(11) NOT NULL AUTO_INCREMENT,
  `inventory_pool_id` int(11) DEFAULT NULL,
  `start_date` date DEFAULT NULL,
  `end_date` date DEFAULT NULL,
  `name` varchar(255) COLLATE utf8_unicode_ci DEFAULT NULL,
  PRIMARY KEY (`id`),
  KEY `index_holidays_on_inventory_pool_id` (`inventory_pool_id`),
  KEY `index_holidays_on_start_date_and_end_date` (`start_date`,`end_date`),
  CONSTRAINT `holidays_inventory_pool_id_fk` FOREIGN KEY (`inventory_pool_id`) REFERENCES `inventory_pools` (`id`) ON DELETE CASCADE
) ENGINE=InnoDB AUTO_INCREMENT=9 DEFAULT CHARSET=utf8 COLLATE=utf8_unicode_ci;
/*!40101 SET character_set_client = @saved_cs_client */;

--
-- Dumping data for table `holidays`
--

LOCK TABLES `holidays` WRITE;
/*!40000 ALTER TABLE `holidays` DISABLE KEYS */;
INSERT INTO `holidays` VALUES (1,1,'2012-12-24','2012-12-26','Christmas'),(2,1,'2013-12-24','2013-12-26','Christmas'),(3,2,'2012-12-24','2012-12-26','Christmas'),(4,2,'2013-12-24','2013-12-26','Christmas'),(5,3,'2012-12-24','2012-12-26','Christmas'),(6,3,'2013-12-24','2013-12-26','Christmas'),(7,1,'2012-12-24','2012-12-26','Christmas'),(8,1,'2013-12-24','2013-12-26','Christmas');
/*!40000 ALTER TABLE `holidays` ENABLE KEYS */;
UNLOCK TABLES;

--
-- Table structure for table `images`
--

DROP TABLE IF EXISTS `images`;
/*!40101 SET @saved_cs_client     = @@character_set_client */;
/*!40101 SET character_set_client = utf8 */;
CREATE TABLE `images` (
  `id` int(11) NOT NULL AUTO_INCREMENT,
  `is_main` tinyint(1) DEFAULT '0',
  `content_type` varchar(255) COLLATE utf8_unicode_ci DEFAULT NULL,
  `filename` varchar(255) COLLATE utf8_unicode_ci DEFAULT NULL,
  `size` int(11) DEFAULT NULL,
  `height` int(11) DEFAULT NULL,
  `width` int(11) DEFAULT NULL,
  `parent_id` int(11) DEFAULT NULL,
  `thumbnail` varchar(255) COLLATE utf8_unicode_ci DEFAULT NULL,
  `target_id` int(11) DEFAULT NULL,
  `target_type` varchar(255) COLLATE utf8_unicode_ci DEFAULT NULL,
  PRIMARY KEY (`id`),
  KEY `index_images_on_target_id_and_target_type` (`target_id`,`target_type`)
) ENGINE=InnoDB AUTO_INCREMENT=5 DEFAULT CHARSET=utf8 COLLATE=utf8_unicode_ci;
/*!40101 SET character_set_client = @saved_cs_client */;

--
-- Dumping data for table `images`
--

LOCK TABLES `images` WRITE;
/*!40000 ALTER TABLE `images` DISABLE KEYS */;
INSERT INTO `images` VALUES (1,0,'image/jpeg','exercitationem',NULL,NULL,NULL,NULL,NULL,1,'ModelGroup'),(2,0,'image/jpeg','neque',NULL,NULL,NULL,NULL,NULL,153,'Model'),(3,0,'image/jpeg','natus',NULL,NULL,NULL,NULL,NULL,153,'Model'),(4,0,'image/jpeg','magnam',NULL,NULL,NULL,NULL,NULL,154,'Model');
/*!40000 ALTER TABLE `images` ENABLE KEYS */;
UNLOCK TABLES;

--
-- Table structure for table `inventory_pools`
--

DROP TABLE IF EXISTS `inventory_pools`;
/*!40101 SET @saved_cs_client     = @@character_set_client */;
/*!40101 SET character_set_client = utf8 */;
CREATE TABLE `inventory_pools` (
  `id` int(11) NOT NULL AUTO_INCREMENT,
  `name` varchar(255) COLLATE utf8_unicode_ci DEFAULT NULL,
  `description` text COLLATE utf8_unicode_ci,
  `contact_details` varchar(255) COLLATE utf8_unicode_ci DEFAULT NULL,
  `contract_description` varchar(255) COLLATE utf8_unicode_ci DEFAULT NULL,
  `contract_url` varchar(255) COLLATE utf8_unicode_ci DEFAULT NULL,
  `logo_url` varchar(255) COLLATE utf8_unicode_ci DEFAULT NULL,
  `default_contract_note` text COLLATE utf8_unicode_ci,
  `shortname` varchar(255) COLLATE utf8_unicode_ci DEFAULT NULL,
  `email` varchar(255) COLLATE utf8_unicode_ci DEFAULT NULL,
  `color` text COLLATE utf8_unicode_ci,
  `print_contracts` tinyint(1) DEFAULT '1',
  `opening_hours` text COLLATE utf8_unicode_ci,
  `address_id` int(11) DEFAULT NULL,
  `automatic_suspension` tinyint(1) NOT NULL DEFAULT '0',
  `automatic_suspension_reason` text COLLATE utf8_unicode_ci,
  `automatic_access` tinyint(1) DEFAULT NULL,
  PRIMARY KEY (`id`),
  UNIQUE KEY `index_inventory_pools_on_name` (`name`),
  KEY `inventory_pools_address_id_fk` (`address_id`),
  CONSTRAINT `inventory_pools_address_id_fk` FOREIGN KEY (`address_id`) REFERENCES `addresses` (`id`)
) ENGINE=InnoDB AUTO_INCREMENT=15 DEFAULT CHARSET=utf8 COLLATE=utf8_unicode_ci;
/*!40101 SET character_set_client = @saved_cs_client */;

--
-- Dumping data for table `inventory_pools`
--

LOCK TABLES `inventory_pools` WRITE;
/*!40000 ALTER TABLE `inventory_pools` DISABLE KEYS */;
INSERT INTO `inventory_pools` VALUES (1,'A-Ausleihe','Wichtige Hinweise...\n Bitte die Gegenstnde rechtzeitig zurckbringen','A Verleih  /  ZHdK\nav@zh-dk.ch\n+41 00 00 00 00','Gert erhalten','av@zhdk.ch',NULL,'Molestiae eveniet sit rerum iure quam et aspernatur doloremque.','A','av@zhdk.ch',NULL,1,NULL,NULL,1,'Aperiam aut id asperiores omnis perspiciatis voluptatem.',NULL),(2,'IT-Ausleihe','Bringt die Gerte bitte rechtzeitig zurck','IT Verleih  /  ZHdK\nav@zh-dk.ch\n+41 00 00 00 00','Gert erhalten','it@zhdk.ch',NULL,NULL,'IT','it@zhdk.ch',NULL,1,NULL,NULL,1,'Sequi recusandae aut amet eos doloribus.',NULL),(3,'AV-Technik','Bringt die Gerte bitte rechtzeitig zurck','AV Verleih  /  ZHdK\nav@zh-dk.ch\n+41 00 00 00 00','Gert erhalten','it@zhdk.ch',NULL,NULL,'AV','it@zhdk.ch',NULL,1,NULL,NULL,0,NULL,NULL),(4,'DT deletable','Bringt die Gerte bitte rechtzeitig zurck','AV Verleih  /  ZHdK\nav@zh-dk.ch\n+41 00 00 00 00','Gert erhalten','it@zhdk.ch',NULL,NULL,'DT','it@zhdk.ch',NULL,1,NULL,NULL,0,NULL,NULL),(5,'Dolorvoluptatembeataequam','Accusantium debitis quod cumque vel soluta.','Praesentium reprehenderit eos tempore cupiditate.','Dolorvoluptatembeataequam','eudora@tillman.co.uk',NULL,NULL,'Z9KAA0','eudora@tillman.co.uk',NULL,1,NULL,NULL,0,NULL,NULL),(6,'Ipsamteneturquasiquisquam','Est officiis dolorem eum laborum.','Corporis blanditiis ut voluptatum et ducimus sit distinctio.','Ipsamteneturquasiquisquam','aurelia@terry.info',NULL,NULL,'D2NV6K','aurelia@terry.info',NULL,1,NULL,NULL,0,NULL,NULL),(7,'Molestiaenonquibusdamea','Non voluptatem amet omnis praesentium rerum aspernatur sit.','Esse vero nostrum asperiores.','Molestiaenonquibusdamea','jerome_borer@rau.name',NULL,NULL,'XWZ8WG','jerome_borer@rau.name',NULL,1,NULL,NULL,0,NULL,NULL),(8,'Aliasrepudiandaeremipsum','Sed doloremque dolorem similique minus.','Dolorum iste nulla voluptatibus at repellendus pariatur maiores.','Aliasrepudiandaeremipsum','anais.steuber@welch.co.uk',NULL,NULL,'GYKTPH','anais.steuber@welch.co.uk',NULL,1,NULL,NULL,0,NULL,NULL),(9,'Doloreipsaautillo','Officia repellat omnis magni facere.','Et aut repellat sit dolor adipisci molestiae dolorum.','Doloreipsaautillo','nathan.langosh@bogisich.com',NULL,NULL,'QXNHMV','nathan.langosh@bogisich.com',NULL,1,NULL,NULL,0,NULL,NULL),(10,'Esthiccumautem','Earum rerum reprehenderit quia harum accusantium dolorem voluptates.','Et id facilis maxime vero officia.','Esthiccumautem','macey_pollich@leschreichert.name',NULL,NULL,'7U10EK','macey_pollich@leschreichert.name',NULL,1,NULL,NULL,0,NULL,NULL),(11,'Quiseumautitaque','Perspiciatis sed hic ipsa dicta soluta dolores.','Cupiditate reiciendis excepturi id nesciunt quia.','Quiseumautitaque','lonzo@rowe.biz',NULL,NULL,'ZM0SXX','lonzo@rowe.biz',NULL,1,NULL,NULL,0,NULL,NULL),(12,'Eaqueoditevenietlaboriosam','Voluptatem accusamus et in unde.','Et sequi optio aliquam vel sapiente.','Eaqueoditevenietlaboriosam','anthony@fay.info',NULL,NULL,'RZOQ12','anthony@fay.info',NULL,1,NULL,NULL,0,NULL,NULL),(13,'Eumvoluptatemconsequaturinventore','Velit sit possimus quidem et et.','Voluptas nam dolorem illum quaerat ab.','Eumvoluptatemconsequaturinventore','zora@turcotte.name',NULL,NULL,'MEN16E','zora@turcotte.name',NULL,1,NULL,NULL,0,NULL,NULL),(14,'Voluptatemexdoloremamet','Eius id placeat temporibus.','Eos minus optio voluptatem natus ducimus voluptatum aspernatur.','Voluptatemexdoloremamet','noelia.mills@schultz.biz',NULL,NULL,'7J7UBF','noelia.mills@schultz.biz',NULL,1,NULL,NULL,0,NULL,NULL);
/*!40000 ALTER TABLE `inventory_pools` ENABLE KEYS */;
UNLOCK TABLES;

--
-- Table structure for table `inventory_pools_model_groups`
--

DROP TABLE IF EXISTS `inventory_pools_model_groups`;
/*!40101 SET @saved_cs_client     = @@character_set_client */;
/*!40101 SET character_set_client = utf8 */;
CREATE TABLE `inventory_pools_model_groups` (
  `inventory_pool_id` int(11) DEFAULT NULL,
  `model_group_id` int(11) DEFAULT NULL,
  KEY `index_inventory_pools_model_groups_on_inventory_pool_id` (`inventory_pool_id`),
  KEY `index_inventory_pools_model_groups_on_model_group_id` (`model_group_id`),
  CONSTRAINT `inventory_pools_model_groups_model_group_id_fk` FOREIGN KEY (`model_group_id`) REFERENCES `model_groups` (`id`),
  CONSTRAINT `inventory_pools_model_groups_inventory_pool_id_fk` FOREIGN KEY (`inventory_pool_id`) REFERENCES `inventory_pools` (`id`)
) ENGINE=InnoDB DEFAULT CHARSET=utf8 COLLATE=utf8_unicode_ci;
/*!40101 SET character_set_client = @saved_cs_client */;

--
-- Dumping data for table `inventory_pools_model_groups`
--

LOCK TABLES `inventory_pools_model_groups` WRITE;
/*!40000 ALTER TABLE `inventory_pools_model_groups` DISABLE KEYS */;
INSERT INTO `inventory_pools_model_groups` VALUES (1,12),(1,13),(1,14);
/*!40000 ALTER TABLE `inventory_pools_model_groups` ENABLE KEYS */;
UNLOCK TABLES;

--
-- Table structure for table `items`
--

DROP TABLE IF EXISTS `items`;
/*!40101 SET @saved_cs_client     = @@character_set_client */;
/*!40101 SET character_set_client = utf8 */;
CREATE TABLE `items` (
  `id` int(11) NOT NULL AUTO_INCREMENT,
  `inventory_code` varchar(255) COLLATE utf8_unicode_ci DEFAULT NULL,
  `serial_number` varchar(255) COLLATE utf8_unicode_ci DEFAULT NULL,
  `model_id` int(11) DEFAULT NULL,
  `location_id` int(11) DEFAULT NULL,
  `supplier_id` int(11) DEFAULT NULL,
  `owner_id` int(11) NOT NULL,
  `parent_id` int(11) DEFAULT NULL,
  `invoice_number` varchar(255) COLLATE utf8_unicode_ci DEFAULT NULL,
  `invoice_date` date DEFAULT NULL,
  `last_check` date DEFAULT NULL,
  `retired` date DEFAULT NULL,
  `retired_reason` varchar(255) COLLATE utf8_unicode_ci DEFAULT NULL,
  `price` decimal(8,2) DEFAULT NULL,
  `is_broken` tinyint(1) DEFAULT '0',
  `is_incomplete` tinyint(1) DEFAULT '0',
  `is_borrowable` tinyint(1) DEFAULT '0',
  `needs_permission` tinyint(1) DEFAULT '0',
  `inventory_pool_id` int(11) NOT NULL,
  `is_inventory_relevant` tinyint(1) DEFAULT '0',
  `responsible` varchar(255) COLLATE utf8_unicode_ci DEFAULT NULL,
  `insurance_number` varchar(255) COLLATE utf8_unicode_ci DEFAULT NULL,
  `note` text COLLATE utf8_unicode_ci,
  `name` text COLLATE utf8_unicode_ci,
  `user_name` varchar(255) COLLATE utf8_unicode_ci DEFAULT NULL,
  `properties` varchar(2048) COLLATE utf8_unicode_ci DEFAULT NULL,
  `created_at` datetime DEFAULT NULL,
  `updated_at` datetime DEFAULT NULL,
  PRIMARY KEY (`id`),
  UNIQUE KEY `index_items_on_inventory_code` (`inventory_code`),
  KEY `index_items_on_inventory_pool_id` (`inventory_pool_id`),
  KEY `index_items_on_retired` (`retired`),
  KEY `index_items_on_is_borrowable` (`is_borrowable`),
  KEY `index_items_on_is_broken` (`is_broken`),
  KEY `index_items_on_is_incomplete` (`is_incomplete`),
  KEY `index_items_on_location_id` (`location_id`),
  KEY `index_items_on_owner_id` (`owner_id`),
  KEY `index_items_on_parent_id_and_retired` (`parent_id`,`retired`),
  KEY `index_items_on_model_id_and_retired_and_inventory_pool_id` (`model_id`,`retired`,`inventory_pool_id`),
  KEY `items_supplier_id_fk` (`supplier_id`),
  CONSTRAINT `items_supplier_id_fk` FOREIGN KEY (`supplier_id`) REFERENCES `suppliers` (`id`),
  CONSTRAINT `items_inventory_pool_id_fk` FOREIGN KEY (`inventory_pool_id`) REFERENCES `inventory_pools` (`id`),
  CONSTRAINT `items_location_id_fk` FOREIGN KEY (`location_id`) REFERENCES `locations` (`id`),
  CONSTRAINT `items_model_id_fk` FOREIGN KEY (`model_id`) REFERENCES `models` (`id`),
  CONSTRAINT `items_owner_id_fk` FOREIGN KEY (`owner_id`) REFERENCES `inventory_pools` (`id`),
  CONSTRAINT `items_parent_id_fk` FOREIGN KEY (`parent_id`) REFERENCES `items` (`id`) ON DELETE SET NULL
) ENGINE=InnoDB AUTO_INCREMENT=275 DEFAULT CHARSET=utf8 COLLATE=utf8_unicode_ci;
/*!40101 SET character_set_client = @saved_cs_client */;

--
-- Dumping data for table `items`
--

LOCK TABLES `items` WRITE;
/*!40000 ALTER TABLE `items` DISABLE KEYS */;
INSERT INTO `items` VALUES (1,'dk53pja4tv6rv10z0b7s214','3e:b7:b2:95:9e:70-c8:8b:c8:22:a7:5a-04:fc:c2:03:b3:ab',1,1,1,3,NULL,NULL,'2008-07-23','2012-03-15',NULL,NULL,'1404.00',0,0,1,0,5,1,NULL,NULL,NULL,NULL,NULL,'--- !ruby/hash:ActiveSupport::HashWithIndifferentAccess\nanschaffungskategorie: AV-Technik\nreference: invoice\numzug: zgeln\nankunftszustand: intakt\n','2012-03-15 09:17:01','2012-03-15 09:17:01'),(2,'3mq5weht9e795obvqiar215','bc:72:46:b5:0e:53-a8:01:a1:30:66:5a-45:84:6d:4a:8f:0b',1,2,2,6,NULL,NULL,'2008-09-25','2012-03-15',NULL,NULL,'1246.00',0,0,1,0,5,1,NULL,NULL,NULL,NULL,NULL,'--- !ruby/hash:ActiveSupport::HashWithIndifferentAccess\nanschaffungskategorie: AV-Technik\nreference: invoice\numzug: zgeln\nankunftszustand: intakt\n','2012-03-15 09:17:01','2012-03-15 09:17:01'),(3,'1tr3n9d2wm1ew827bqyi216','d5:fe:9f:c0:97:78-d5:28:45:9f:f3:ba-51:ba:1c:0c:5f:cd',1,3,3,7,NULL,NULL,'2008-07-03','2012-03-15',NULL,NULL,'284.00',0,0,1,0,5,1,NULL,NULL,NULL,NULL,NULL,'--- !ruby/hash:ActiveSupport::HashWithIndifferentAccess\nanschaffungskategorie: AV-Technik\nreference: invoice\numzug: zgeln\nankunftszustand: intakt\n','2012-03-15 09:17:01','2012-03-15 09:17:01'),(4,'z8zjxknkd3wv195d5trh217','e0:4b:c2:6f:ba:01-3d:72:fe:14:73:78-f9:0a:00:72:49:63',5,4,4,5,NULL,NULL,'2009-12-31','2012-03-15',NULL,NULL,'133.00',0,0,1,0,5,1,NULL,NULL,NULL,NULL,NULL,'--- !ruby/hash:ActiveSupport::HashWithIndifferentAccess\nanschaffungskategorie: AV-Technik\nreference: invoice\numzug: zgeln\nankunftszustand: intakt\n','2012-03-15 09:17:01','2012-03-15 09:17:01'),(5,'bqeugj2t7u2auflq6by8218','c8:e8:85:e8:85:66-fe:ab:f8:92:da:62-f0:c7:a3:b5:c1:8e',5,5,5,8,NULL,NULL,'2010-10-12','2012-03-15',NULL,NULL,'1056.00',0,0,1,0,5,1,NULL,NULL,NULL,NULL,NULL,'--- !ruby/hash:ActiveSupport::HashWithIndifferentAccess\nanschaffungskategorie: AV-Technik\nreference: invoice\numzug: zgeln\nankunftszustand: intakt\n','2012-03-15 09:17:01','2012-03-15 09:17:01'),(6,'8p5lco2pfgw5ax6zcigu219','e8:88:48:d4:6d:7f-4e:51:42:4e:82:16-01:76:b9:c0:d5:5c',5,6,6,9,NULL,NULL,'2011-03-08','2012-03-15',NULL,NULL,'516.00',0,0,1,0,5,1,NULL,NULL,NULL,NULL,NULL,'--- !ruby/hash:ActiveSupport::HashWithIndifferentAccess\nanschaffungskategorie: AV-Technik\nreference: invoice\numzug: zgeln\nankunftszustand: intakt\n','2012-03-15 09:17:01','2012-03-15 09:17:01'),(7,'mz5e5w6yl68xr7jb2n7y220','40:4f:38:a1:73:9a-3f:19:b0:05:45:85-63:cc:5a:b6:5f:62',9,7,7,10,NULL,NULL,'2008-03-10','2012-03-15',NULL,NULL,'76.00',0,0,1,0,5,1,NULL,NULL,NULL,NULL,NULL,'--- !ruby/hash:ActiveSupport::HashWithIndifferentAccess\nanschaffungskategorie: AV-Technik\nreference: invoice\numzug: zgeln\nankunftszustand: intakt\n','2012-03-15 09:17:01','2012-03-15 09:17:01'),(8,'gyczrp451i08bpao4rsy221','63:91:8b:d4:94:69-b3:7d:26:90:50:56-c5:70:ea:de:ef:d6',9,8,8,4,NULL,NULL,'2007-10-31','2012-03-15',NULL,NULL,'740.00',0,0,1,0,5,1,NULL,NULL,NULL,NULL,NULL,'--- !ruby/hash:ActiveSupport::HashWithIndifferentAccess\nanschaffungskategorie: AV-Technik\nreference: invoice\numzug: zgeln\nankunftszustand: intakt\n','2012-03-15 09:17:01','2012-03-15 09:17:01'),(9,'nxemryfh0ib36yjepiip222','12:e7:d0:99:89:d7-d5:7a:7a:4a:f4:19-35:93:e8:80:cf:06',9,9,9,9,NULL,NULL,'2011-07-06','2012-03-15',NULL,NULL,'1197.00',0,0,1,0,5,1,NULL,NULL,NULL,NULL,NULL,'--- !ruby/hash:ActiveSupport::HashWithIndifferentAccess\nanschaffungskategorie: AV-Technik\nreference: invoice\numzug: zgeln\nankunftszustand: intakt\n','2012-03-15 09:17:01','2012-03-15 09:17:01'),(10,'hdt1r10t0ay3un16yoz8223','72:2c:86:a2:ba:fb-20:77:79:4c:7c:fd-07:0a:fa:a0:0c:19',13,10,10,6,NULL,NULL,'2010-07-29','2012-03-15',NULL,NULL,'158.00',0,0,1,0,11,1,NULL,NULL,NULL,NULL,NULL,'--- !ruby/hash:ActiveSupport::HashWithIndifferentAccess\nanschaffungskategorie: AV-Technik\nreference: invoice\numzug: zgeln\nankunftszustand: intakt\n','2012-03-15 09:17:01','2012-03-15 09:17:01'),(11,'68hiyqpolkjzcn7sltnd224','51:9b:b6:f7:43:95-f6:73:3f:25:67:18-f1:84:e0:76:f7:06',13,11,11,11,NULL,NULL,'2008-03-19','2012-03-15',NULL,NULL,'1385.00',0,0,1,0,11,1,NULL,NULL,NULL,NULL,NULL,'--- !ruby/hash:ActiveSupport::HashWithIndifferentAccess\nanschaffungskategorie: AV-Technik\nreference: invoice\numzug: zgeln\nankunftszustand: intakt\n','2012-03-15 09:17:01','2012-03-15 09:17:01'),(12,'jexwt9mpr28nc41wop5b225','37:de:76:56:bd:43-11:20:94:25:b3:5d-f3:3f:98:57:82:65',13,12,12,11,NULL,NULL,'2007-07-11','2012-03-15',NULL,NULL,'634.00',0,0,1,0,11,1,NULL,NULL,NULL,NULL,NULL,'--- !ruby/hash:ActiveSupport::HashWithIndifferentAccess\nanschaffungskategorie: AV-Technik\nreference: invoice\numzug: zgeln\nankunftszustand: intakt\n','2012-03-15 09:17:01','2012-03-15 09:17:01'),(13,'xwauwwivsfz7e6y7mijv226','e9:36:6d:29:42:c6-07:d4:8f:24:48:18-ae:30:3b:48:34:a0',17,13,13,3,NULL,NULL,'2010-04-13','2012-03-15',NULL,NULL,'778.00',0,0,1,0,11,1,NULL,NULL,NULL,NULL,NULL,'--- !ruby/hash:ActiveSupport::HashWithIndifferentAccess\nanschaffungskategorie: AV-Technik\nreference: invoice\numzug: zgeln\nankunftszustand: intakt\n','2012-03-15 09:17:01','2012-03-15 09:17:01'),(14,'2wr4cgus1h5hrwdr2zro227','4b:c0:df:7b:9e:1e-ab:55:66:22:b7:f2-0f:de:46:2d:04:17',17,14,14,7,NULL,NULL,'2007-10-02','2012-03-15',NULL,NULL,'781.00',0,0,1,0,11,1,NULL,NULL,NULL,NULL,NULL,'--- !ruby/hash:ActiveSupport::HashWithIndifferentAccess\nanschaffungskategorie: AV-Technik\nreference: invoice\numzug: zgeln\nankunftszustand: intakt\n','2012-03-15 09:17:01','2012-03-15 09:17:01'),(15,'wam1h0mhbvhys0fvqs0y228','1b:79:89:91:b9:51-24:e1:90:aa:66:32-0e:55:7e:f6:1f:f4',17,15,15,5,NULL,NULL,'2010-11-14','2012-03-15',NULL,NULL,'1023.00',0,0,1,0,11,1,NULL,NULL,NULL,NULL,NULL,'--- !ruby/hash:ActiveSupport::HashWithIndifferentAccess\nanschaffungskategorie: AV-Technik\nreference: invoice\numzug: zgeln\nankunftszustand: intakt\n','2012-03-15 09:17:01','2012-03-15 09:17:01'),(16,'n2h8demzavpuoqgip65o229','61:96:8a:f1:d1:7e-c7:a9:6c:cd:0f:81-70:ce:8e:58:20:58',21,16,16,2,NULL,NULL,'2010-02-24','2012-03-15',NULL,NULL,'1352.00',0,0,1,0,11,1,NULL,NULL,NULL,NULL,NULL,'--- !ruby/hash:ActiveSupport::HashWithIndifferentAccess\nanschaffungskategorie: AV-Technik\nreference: invoice\numzug: zgeln\nankunftszustand: intakt\n','2012-03-15 09:17:01','2012-03-15 09:17:01'),(17,'nkdbyzhrnak9qyvqrc21230','d7:15:96:2a:41:50-4c:9c:76:5e:09:bc-93:ed:c8:2d:e9:a8',21,17,17,1,NULL,NULL,'2007-09-23','2012-03-15',NULL,NULL,'605.00',0,0,1,0,11,1,NULL,NULL,NULL,NULL,NULL,'--- !ruby/hash:ActiveSupport::HashWithIndifferentAccess\nanschaffungskategorie: AV-Technik\nreference: invoice\numzug: zgeln\nankunftszustand: intakt\n','2012-03-15 09:17:01','2012-03-15 09:17:01'),(18,'zadb1edto6whgiff27ln231','68:73:45:f9:6c:90-8d:ef:19:3e:5d:fc-17:ca:28:2b:4d:9e',21,18,18,3,NULL,NULL,'2010-09-23','2012-03-15',NULL,NULL,'678.00',0,0,1,0,11,1,NULL,NULL,NULL,NULL,NULL,'--- !ruby/hash:ActiveSupport::HashWithIndifferentAccess\nanschaffungskategorie: AV-Technik\nreference: invoice\numzug: zgeln\nankunftszustand: intakt\n','2012-03-15 09:17:01','2012-03-15 09:17:01'),(19,'6qxsmhe3fksk1rhq55nd232','df:18:c9:8a:08:e5-5b:89:b7:2b:72:7c-c9:1c:d7:3a:66:76',25,19,19,1,NULL,NULL,'2011-12-16','2012-03-15',NULL,NULL,'668.00',0,0,1,0,11,1,NULL,NULL,NULL,NULL,NULL,'--- !ruby/hash:ActiveSupport::HashWithIndifferentAccess\nanschaffungskategorie: AV-Technik\nreference: invoice\numzug: zgeln\nankunftszustand: intakt\n','2012-03-15 09:17:01','2012-03-15 09:17:01'),(20,'dj2ktdy3liu07cqqr1ke233','04:0a:98:0a:64:a3-f2:eb:ab:31:24:6e-3d:a1:16:5b:ee:05',25,20,20,2,NULL,NULL,'2007-12-01','2012-03-15',NULL,NULL,'1481.00',0,0,1,0,11,1,NULL,NULL,NULL,NULL,NULL,'--- !ruby/hash:ActiveSupport::HashWithIndifferentAccess\nanschaffungskategorie: AV-Technik\nreference: invoice\numzug: zgeln\nankunftszustand: intakt\n','2012-03-15 09:17:01','2012-03-15 09:17:01'),(21,'cs87qo2u6yzxxtjdt3bb234','e9:c0:30:86:f6:bb-cd:e3:ba:ee:55:51-ba:80:a1:0b:16:1a',25,21,21,2,NULL,NULL,'2011-05-23','2012-03-15',NULL,NULL,'128.00',0,0,1,0,11,1,NULL,NULL,NULL,NULL,NULL,'--- !ruby/hash:ActiveSupport::HashWithIndifferentAccess\nanschaffungskategorie: AV-Technik\nreference: invoice\numzug: zgeln\nankunftszustand: intakt\n','2012-03-15 09:17:01','2012-03-15 09:17:01'),(22,'mabkhe5qrx5vbf80vchx235','95:41:35:10:0d:00-a5:d6:80:57:da:2b-59:89:c5:35:3d:d2',29,22,22,5,NULL,NULL,'2007-11-18','2012-03-15',NULL,NULL,'483.00',0,0,1,0,11,1,NULL,NULL,NULL,NULL,NULL,'--- !ruby/hash:ActiveSupport::HashWithIndifferentAccess\nanschaffungskategorie: AV-Technik\nreference: invoice\numzug: zgeln\nankunftszustand: intakt\n','2012-03-15 09:17:01','2012-03-15 09:17:01'),(23,'q902f0p8f2ldu68wxd9j236','69:04:c2:5c:0b:e8-c0:27:50:62:73:e7-c8:10:f8:5e:a2:aa',29,23,23,2,NULL,NULL,'2010-06-19','2012-03-15',NULL,NULL,'610.00',0,0,1,0,11,1,NULL,NULL,NULL,NULL,NULL,'--- !ruby/hash:ActiveSupport::HashWithIndifferentAccess\nanschaffungskategorie: AV-Technik\nreference: invoice\numzug: zgeln\nankunftszustand: intakt\n','2012-03-15 09:17:01','2012-03-15 09:17:01'),(24,'hclue87bwpjmwewjg71j237','bc:75:e4:74:bf:ea-b9:27:72:fa:f0:ae-db:da:ae:89:91:a9',29,24,24,3,NULL,NULL,'2008-07-23','2012-03-15',NULL,NULL,'360.00',0,0,1,0,11,1,NULL,NULL,NULL,NULL,NULL,'--- !ruby/hash:ActiveSupport::HashWithIndifferentAccess\nanschaffungskategorie: AV-Technik\nreference: invoice\numzug: zgeln\nankunftszustand: intakt\n','2012-03-15 09:17:01','2012-03-15 09:17:01'),(25,'njmo0cu5859j2rfa3lk3238','84:e3:96:96:51:bf-c1:0c:02:b2:0f:92-a6:95:43:c3:87:7d',33,25,25,2,NULL,NULL,'2009-10-01','2012-03-15',NULL,NULL,'224.00',0,0,1,0,1,1,NULL,NULL,NULL,NULL,NULL,'--- !ruby/hash:ActiveSupport::HashWithIndifferentAccess\nanschaffungskategorie: AV-Technik\nreference: invoice\numzug: zgeln\nankunftszustand: intakt\n','2012-03-15 09:17:01','2012-03-15 09:17:01'),(26,'wmw9tzixfgn2svwnpnfn239','3a:d5:dd:8d:6a:d8-5a:ca:21:39:e8:77-a0:f1:44:45:32:d4',33,26,26,1,NULL,NULL,'2011-07-01','2012-03-15',NULL,NULL,'623.00',0,0,1,0,1,1,NULL,NULL,NULL,NULL,NULL,'--- !ruby/hash:ActiveSupport::HashWithIndifferentAccess\nanschaffungskategorie: AV-Technik\nreference: invoice\numzug: zgeln\nankunftszustand: intakt\n','2012-03-15 09:17:01','2012-03-15 09:17:01'),(27,'sgm6tryaxlxjw5dameph240','41:b6:2e:bd:54:93-9b:c6:b7:86:4f:df-8b:95:9e:29:15:e1',33,27,27,1,NULL,NULL,'2007-07-13','2012-03-15',NULL,NULL,'1041.00',0,0,1,0,1,1,NULL,NULL,NULL,NULL,NULL,'--- !ruby/hash:ActiveSupport::HashWithIndifferentAccess\nanschaffungskategorie: AV-Technik\nreference: invoice\numzug: zgeln\nankunftszustand: intakt\n','2012-03-15 09:17:01','2012-03-15 09:17:01'),(28,'ko6kolex57zil68puhsh241','9f:61:69:ad:0d:b9-66:43:a7:2a:b9:fe-12:4b:2c:a6:2f:9a',37,28,28,9,NULL,NULL,'2009-12-21','2012-03-15',NULL,NULL,'654.00',0,0,1,0,1,1,NULL,NULL,NULL,NULL,NULL,'--- !ruby/hash:ActiveSupport::HashWithIndifferentAccess\nanschaffungskategorie: AV-Technik\nreference: invoice\numzug: zgeln\nankunftszustand: intakt\n','2012-03-15 09:17:01','2012-03-15 09:17:01'),(29,'nlhfe9e870gv3sud3nnt242','e3:80:d2:df:da:4f-06:b3:f3:96:fd:ed-68:1c:69:a7:f7:1c',37,29,29,10,NULL,NULL,'2007-07-16','2012-03-15',NULL,NULL,'839.00',0,0,1,0,1,1,NULL,NULL,NULL,NULL,NULL,'--- !ruby/hash:ActiveSupport::HashWithIndifferentAccess\nanschaffungskategorie: AV-Technik\nreference: invoice\numzug: zgeln\nankunftszustand: intakt\n','2012-03-15 09:17:01','2012-03-15 09:17:01'),(30,'dezzawlb4b1gy5ks2mt2243','1c:45:11:d5:37:f1-48:76:95:d2:87:0c-b9:bd:80:9d:7c:4c',37,30,30,1,NULL,NULL,'2011-12-27','2012-03-15',NULL,NULL,'468.00',0,0,1,0,1,1,NULL,NULL,NULL,NULL,NULL,'--- !ruby/hash:ActiveSupport::HashWithIndifferentAccess\nanschaffungskategorie: AV-Technik\nreference: invoice\numzug: zgeln\nankunftszustand: intakt\n','2012-03-15 09:17:01','2012-03-15 09:17:01'),(31,'jfyed99ais1lgjvc701g244','e2:31:aa:98:05:aa-c0:3f:72:02:98:64-b4:27:78:11:ff:eb',41,31,31,3,NULL,NULL,'2009-10-21','2012-03-15',NULL,NULL,'838.00',0,0,1,0,1,1,NULL,NULL,NULL,NULL,NULL,'--- !ruby/hash:ActiveSupport::HashWithIndifferentAccess\nanschaffungskategorie: AV-Technik\nreference: invoice\numzug: zgeln\nankunftszustand: intakt\n','2012-03-15 09:17:01','2012-03-15 09:17:01'),(32,'15ahn3pawby0ab5gw32w245','a1:aa:3d:d8:14:42-27:30:55:e8:72:d1-44:53:9b:25:29:39',41,32,32,11,NULL,NULL,'2009-05-06','2012-03-15',NULL,NULL,'992.00',0,0,1,0,1,1,NULL,NULL,NULL,NULL,NULL,'--- !ruby/hash:ActiveSupport::HashWithIndifferentAccess\nanschaffungskategorie: AV-Technik\nreference: invoice\numzug: zgeln\nankunftszustand: intakt\n','2012-03-15 09:17:01','2012-03-15 09:17:01'),(33,'d62hd9xmle37hjifotxu246','c1:97:0d:d9:90:e8-fa:e9:a6:9b:b1:19-53:4e:cc:39:fa:49',41,33,33,8,NULL,NULL,'2010-04-19','2012-03-15',NULL,NULL,'1004.00',0,0,1,0,1,1,NULL,NULL,NULL,NULL,NULL,'--- !ruby/hash:ActiveSupport::HashWithIndifferentAccess\nanschaffungskategorie: AV-Technik\nreference: invoice\numzug: zgeln\nankunftszustand: intakt\n','2012-03-15 09:17:01','2012-03-15 09:17:01'),(34,'l484rtezkt79bn2n8xfq247','47:aa:b4:a9:8d:b7-4e:3e:65:ea:aa:8e-d5:2d:37:f4:cc:87',45,34,34,5,NULL,NULL,'2007-02-16','2012-03-15',NULL,NULL,'1232.00',0,0,1,0,1,1,NULL,NULL,NULL,NULL,NULL,'--- !ruby/hash:ActiveSupport::HashWithIndifferentAccess\nanschaffungskategorie: AV-Technik\nreference: invoice\numzug: zgeln\nankunftszustand: intakt\n','2012-03-15 09:17:01','2012-03-15 09:17:01'),(35,'5oyhw6rja96v9b39mjhw248','90:a1:ef:a1:ea:ef-c3:45:3f:35:5a:df-9f:d0:b8:4d:b1:5a',45,35,35,6,NULL,NULL,'2007-03-29','2012-03-15',NULL,NULL,'48.00',0,0,1,0,1,1,NULL,NULL,NULL,NULL,NULL,'--- !ruby/hash:ActiveSupport::HashWithIndifferentAccess\nanschaffungskategorie: AV-Technik\nreference: invoice\numzug: zgeln\nankunftszustand: intakt\n','2012-03-15 09:17:01','2012-03-15 09:17:01'),(36,'sqq4jwwycqeuwuppn1cj249','be:c9:82:0f:06:7f-b0:2f:86:36:48:0b-37:1b:91:ae:0b:40',45,36,36,2,NULL,NULL,'2011-09-05','2012-03-15',NULL,NULL,'1330.00',0,0,1,0,1,1,NULL,NULL,NULL,NULL,NULL,'--- !ruby/hash:ActiveSupport::HashWithIndifferentAccess\nanschaffungskategorie: AV-Technik\nreference: invoice\numzug: zgeln\nankunftszustand: intakt\n','2012-03-15 09:17:01','2012-03-15 09:17:01'),(37,'j7moep0ix3xjyya9lcma250','af:cf:9b:7c:f8:52-22:b1:d8:d0:93:b4-33:de:cd:fe:9a:93',49,37,37,2,NULL,NULL,'2008-12-14','2012-03-15',NULL,NULL,'31.00',0,0,1,0,1,1,NULL,NULL,NULL,NULL,NULL,'--- !ruby/hash:ActiveSupport::HashWithIndifferentAccess\nanschaffungskategorie: AV-Technik\nreference: invoice\numzug: zgeln\nankunftszustand: intakt\n','2012-03-15 09:17:01','2012-03-15 09:17:01'),(38,'vo2x04xfhi5x593wodbj251','79:bd:60:73:56:7b-ab:9a:63:5f:0d:27-7e:86:54:a8:02:3a',49,38,38,8,NULL,NULL,'2010-01-19','2012-03-15',NULL,NULL,'495.00',0,0,1,0,1,1,NULL,NULL,NULL,NULL,NULL,'--- !ruby/hash:ActiveSupport::HashWithIndifferentAccess\nanschaffungskategorie: AV-Technik\nreference: invoice\numzug: zgeln\nankunftszustand: intakt\n','2012-03-15 09:17:01','2012-03-15 09:17:01'),(39,'1fndjpc81qwdmlf5vxvi252','ea:7d:e5:b1:48:59-8f:3f:7b:c7:3e:37-d1:b8:37:de:cc:ed',49,39,39,4,NULL,NULL,'2009-04-07','2012-03-15',NULL,NULL,'867.00',0,0,1,0,1,1,NULL,NULL,NULL,NULL,NULL,'--- !ruby/hash:ActiveSupport::HashWithIndifferentAccess\nanschaffungskategorie: AV-Technik\nreference: invoice\numzug: zgeln\nankunftszustand: intakt\n','2012-03-15 09:17:01','2012-03-15 09:17:01'),(40,'1mc5esx3ky06gudynjmh253','54:b0:f0:3c:8b:47-c5:71:a4:c4:fb:90-76:4b:8b:94:12:af',53,40,40,11,NULL,NULL,'2010-03-02','2012-03-15',NULL,NULL,'1127.00',0,0,1,0,1,1,NULL,NULL,NULL,NULL,NULL,'--- !ruby/hash:ActiveSupport::HashWithIndifferentAccess\nanschaffungskategorie: AV-Technik\nreference: invoice\numzug: zgeln\nankunftszustand: intakt\n','2012-03-15 09:17:01','2012-03-15 09:17:01'),(41,'8tsi18k6um56k0kbe47w254','1d:59:68:31:9a:af-30:69:8a:56:fe:19-9e:a3:72:49:e7:01',53,41,41,5,NULL,NULL,'2011-02-02','2012-03-15',NULL,NULL,'625.00',0,0,1,0,1,1,NULL,NULL,NULL,NULL,NULL,'--- !ruby/hash:ActiveSupport::HashWithIndifferentAccess\nanschaffungskategorie: AV-Technik\nreference: invoice\numzug: zgeln\nankunftszustand: intakt\n','2012-03-15 09:17:01','2012-03-15 09:17:01'),(42,'w57fsgj6o8hycixjnho5255','d0:3f:3d:da:f2:3b-ef:8b:06:f7:bb:da-44:d6:9e:9c:81:e9',53,42,42,7,NULL,NULL,'2007-07-27','2012-03-15',NULL,NULL,'548.00',0,0,1,0,1,1,NULL,NULL,NULL,NULL,NULL,'--- !ruby/hash:ActiveSupport::HashWithIndifferentAccess\nanschaffungskategorie: AV-Technik\nreference: invoice\numzug: zgeln\nankunftszustand: intakt\n','2012-03-15 09:17:01','2012-03-15 09:17:01'),(43,'book1','book1',57,43,43,2,NULL,NULL,'2007-01-22','2012-03-15',NULL,NULL,'406.00',0,0,1,0,2,1,NULL,NULL,NULL,NULL,NULL,'--- !ruby/hash:ActiveSupport::HashWithIndifferentAccess\nanschaffungskategorie: AV-Technik\nreference: invoice\numzug: zgeln\nankunftszustand: intakt\n','2012-03-15 09:17:01','2012-03-15 09:17:01'),(44,'book2','book2',57,43,44,2,NULL,NULL,'2010-01-31','2012-03-15',NULL,NULL,'992.00',0,0,1,0,2,1,NULL,NULL,NULL,NULL,NULL,'--- !ruby/hash:ActiveSupport::HashWithIndifferentAccess\nanschaffungskategorie: AV-Technik\nreference: invoice\numzug: zgeln\nankunftszustand: intakt\n','2012-03-15 09:17:01','2012-03-15 09:17:01'),(45,'beam123','xyz456',58,44,45,1,NULL,NULL,'2007-09-20','2012-03-15',NULL,NULL,'1037.00',0,0,1,0,1,1,NULL,NULL,NULL,'name123',NULL,'--- !ruby/hash:ActiveSupport::HashWithIndifferentAccess\nanschaffungskategorie: AV-Technik\nreference: invoice\numzug: zgeln\nankunftszustand: intakt\n','2012-03-15 09:17:01','2012-03-15 09:17:01'),(46,'beam345','xyz890',58,44,46,1,NULL,NULL,'2007-07-01','2012-03-15',NULL,NULL,'1413.00',0,0,1,0,1,1,NULL,NULL,NULL,NULL,NULL,'--- !ruby/hash:ActiveSupport::HashWithIndifferentAccess\nanschaffungskategorie: AV-Technik\nreference: invoice\numzug: zgeln\nankunftszustand: intakt\n','2012-03-15 09:17:01','2012-03-15 09:17:01'),(47,'beam678','xyz678',59,44,47,1,NULL,NULL,'2009-07-02','2012-03-15',NULL,NULL,'1292.00',0,0,1,0,1,1,NULL,NULL,NULL,NULL,NULL,'--- !ruby/hash:ActiveSupport::HashWithIndifferentAccess\nanschaffungskategorie: AV-Technik\nreference: invoice\numzug: zgeln\nankunftszustand: intakt\n','2012-03-15 09:17:01','2012-03-15 09:17:01'),(48,'beam749','xyz749',58,44,48,1,NULL,NULL,'2007-12-03','2012-03-15',NULL,NULL,'1106.00',0,0,1,0,2,1,NULL,NULL,NULL,NULL,NULL,'--- !ruby/hash:ActiveSupport::HashWithIndifferentAccess\nanschaffungskategorie: AV-Technik\nreference: invoice\numzug: zgeln\nankunftszustand: intakt\n','2012-03-15 09:17:01','2012-03-15 09:17:01'),(49,'beamTest123','xyz749',61,44,49,1,NULL,NULL,'2010-08-16','2012-03-15',NULL,NULL,'425.00',0,0,1,0,1,1,NULL,NULL,NULL,NULL,NULL,'--- !ruby/hash:ActiveSupport::HashWithIndifferentAccess\nanschaffungskategorie: AV-Technik\nreference: invoice\numzug: zgeln\nankunftszustand: intakt\n','2012-03-15 09:17:01','2012-03-15 09:17:01'),(50,'ucbeam1','minbeam1',62,44,50,1,NULL,NULL,'2008-01-04','2012-03-15',NULL,NULL,'267.00',0,0,1,0,1,1,NULL,NULL,NULL,'ucbeam1',NULL,'--- !ruby/hash:ActiveSupport::HashWithIndifferentAccess\nanschaffungskategorie: AV-Technik\nreference: invoice\numzug: zgeln\nankunftszustand: intakt\n','2012-03-15 09:17:01','2012-03-15 09:17:01'),(51,'microbeam1','microbeam1',63,44,51,1,NULL,NULL,'2008-09-17','2012-03-15',NULL,NULL,'1426.00',0,0,1,0,1,1,NULL,NULL,NULL,'microbeam1',NULL,'--- !ruby/hash:ActiveSupport::HashWithIndifferentAccess\nanschaffungskategorie: AV-Technik\nreference: invoice\numzug: zgeln\nankunftszustand: intakt\n','2012-03-15 09:17:01','2012-03-15 09:17:01'),(52,'mbeam1','mbeam1',64,44,52,1,NULL,NULL,'2010-02-09','2012-03-15',NULL,NULL,'1003.00',0,0,1,0,1,1,NULL,NULL,NULL,'mbeam1',NULL,'--- !ruby/hash:ActiveSupport::HashWithIndifferentAccess\nanschaffungskategorie: AV-Technik\nreference: invoice\numzug: zgeln\nankunftszustand: intakt\n','2012-03-15 09:17:01','2012-03-15 09:17:01'),(53,'mbeam2','mbeam2',65,44,53,1,NULL,NULL,'2011-04-16','2012-03-15',NULL,NULL,'1485.00',0,0,1,0,1,1,NULL,NULL,NULL,'mbeam2',NULL,'--- !ruby/hash:ActiveSupport::HashWithIndifferentAccess\nanschaffungskategorie: AV-Technik\nreference: invoice\numzug: zgeln\nankunftszustand: intakt\n','2012-03-15 09:17:01','2012-03-15 09:17:01'),(54,'mbeam3','mbeam3',66,44,54,1,NULL,NULL,'2008-08-13','2012-03-15',NULL,NULL,'880.00',0,0,1,0,1,1,NULL,NULL,NULL,'mbeam3',NULL,'--- !ruby/hash:ActiveSupport::HashWithIndifferentAccess\nanschaffungskategorie: AV-Technik\nreference: invoice\numzug: zgeln\nankunftszustand: intakt\n','2012-03-15 09:17:01','2012-03-15 09:17:01'),(55,'mbeam4','mbeam4',67,44,55,1,NULL,NULL,'2009-05-16','2012-03-15',NULL,NULL,'990.00',0,0,1,0,1,1,NULL,NULL,NULL,'mbeam4',NULL,'--- !ruby/hash:ActiveSupport::HashWithIndifferentAccess\nanschaffungskategorie: AV-Technik\nreference: invoice\numzug: zgeln\nankunftszustand: intakt\n','2012-03-15 09:17:01','2012-03-15 09:17:01'),(56,'mbeam5','mbeam5',68,44,56,1,NULL,NULL,'2007-08-04','2012-03-15',NULL,NULL,'1044.00',0,0,1,0,1,1,NULL,NULL,NULL,'mbeam5',NULL,'--- !ruby/hash:ActiveSupport::HashWithIndifferentAccess\nanschaffungskategorie: AV-Technik\nreference: invoice\numzug: zgeln\nankunftszustand: intakt\n','2012-03-15 09:17:01','2012-03-15 09:17:01'),(57,'mbeam6','mbeam6',69,44,57,1,NULL,NULL,'2007-02-10','2012-03-15',NULL,NULL,'1361.00',0,0,1,0,1,1,NULL,NULL,NULL,'mbeam6',NULL,'--- !ruby/hash:ActiveSupport::HashWithIndifferentAccess\nanschaffungskategorie: AV-Technik\nreference: invoice\numzug: zgeln\nankunftszustand: intakt\n','2012-03-15 09:17:01','2012-03-15 09:17:01'),(58,'mbeam7','mbeam7',70,44,58,1,NULL,NULL,'2007-01-10','2012-03-15',NULL,NULL,'738.00',0,0,1,0,1,1,NULL,NULL,NULL,'mbeam7',NULL,'--- !ruby/hash:ActiveSupport::HashWithIndifferentAccess\nanschaffungskategorie: AV-Technik\nreference: invoice\numzug: zgeln\nankunftszustand: intakt\n','2012-03-15 09:17:01','2012-03-15 09:17:01'),(59,'mbeam8','mbeam8',71,44,59,1,NULL,NULL,'2010-12-22','2012-03-15',NULL,NULL,'134.00',0,0,1,0,1,1,NULL,NULL,NULL,'mbeam8',NULL,'--- !ruby/hash:ActiveSupport::HashWithIndifferentAccess\nanschaffungskategorie: AV-Technik\nreference: invoice\numzug: zgeln\nankunftszustand: intakt\n','2012-03-15 09:17:01','2012-03-15 09:17:01'),(60,'mbeam9','mbeam9',72,44,60,1,NULL,NULL,'2007-08-30','2012-03-15',NULL,NULL,'154.00',0,0,1,0,1,1,NULL,NULL,NULL,'mbeam9',NULL,'--- !ruby/hash:ActiveSupport::HashWithIndifferentAccess\nanschaffungskategorie: AV-Technik\nreference: invoice\numzug: zgeln\nankunftszustand: intakt\n','2012-03-15 09:17:01','2012-03-15 09:17:01'),(61,'mbeam10','mbeam10',73,44,61,1,NULL,NULL,'2007-06-16','2012-03-15',NULL,NULL,'959.00',0,0,1,0,1,1,NULL,NULL,NULL,'mbeam10',NULL,'--- !ruby/hash:ActiveSupport::HashWithIndifferentAccess\nanschaffungskategorie: AV-Technik\nreference: invoice\numzug: zgeln\nankunftszustand: intakt\n','2012-03-15 09:17:01','2012-03-15 09:17:01'),(62,'mbeam11','mbeam11',74,44,62,1,NULL,NULL,'2009-07-18','2012-03-15',NULL,NULL,'1002.00',0,0,1,0,1,1,NULL,NULL,NULL,'mbeam11',NULL,'--- !ruby/hash:ActiveSupport::HashWithIndifferentAccess\nanschaffungskategorie: AV-Technik\nreference: invoice\numzug: zgeln\nankunftszustand: intakt\n','2012-03-15 09:17:01','2012-03-15 09:17:01'),(63,'mbeam12','mbeam12',75,44,63,1,NULL,NULL,'2008-04-17','2012-03-15',NULL,NULL,'959.00',0,0,1,0,1,1,NULL,NULL,NULL,'mbeam12',NULL,'--- !ruby/hash:ActiveSupport::HashWithIndifferentAccess\nanschaffungskategorie: AV-Technik\nreference: invoice\numzug: zgeln\nankunftszustand: intakt\n','2012-03-15 09:17:01','2012-03-15 09:17:01'),(64,'mbeam13','mbeam13',76,44,64,1,NULL,NULL,'2007-09-05','2012-03-15',NULL,NULL,'1048.00',0,0,1,0,1,1,NULL,NULL,NULL,'mbeam13',NULL,'--- !ruby/hash:ActiveSupport::HashWithIndifferentAccess\nanschaffungskategorie: AV-Technik\nreference: invoice\numzug: zgeln\nankunftszustand: intakt\n','2012-03-15 09:17:01','2012-03-15 09:17:01'),(65,'mbeam14','mbeam14',77,44,65,1,NULL,NULL,'2008-07-18','2012-03-15',NULL,NULL,'992.00',0,0,1,0,1,1,NULL,NULL,NULL,'mbeam14',NULL,'--- !ruby/hash:ActiveSupport::HashWithIndifferentAccess\nanschaffungskategorie: AV-Technik\nreference: invoice\numzug: zgeln\nankunftszustand: intakt\n','2012-03-15 09:17:01','2012-03-15 09:17:01'),(66,'mbeam15','mbeam15',78,44,66,1,NULL,NULL,'2011-04-05','2012-03-15',NULL,NULL,'237.00',0,0,1,0,1,1,NULL,NULL,NULL,'mbeam15',NULL,'--- !ruby/hash:ActiveSupport::HashWithIndifferentAccess\nanschaffungskategorie: AV-Technik\nreference: invoice\numzug: zgeln\nankunftszustand: intakt\n','2012-03-15 09:17:01','2012-03-15 09:17:01'),(67,'mbeam16','mbeam16',79,44,67,1,NULL,NULL,'2010-05-23','2012-03-15',NULL,NULL,'1270.00',0,0,1,0,1,1,NULL,NULL,NULL,'mbeam16',NULL,'--- !ruby/hash:ActiveSupport::HashWithIndifferentAccess\nanschaffungskategorie: AV-Technik\nreference: invoice\numzug: zgeln\nankunftszustand: intakt\n','2012-03-15 09:17:01','2012-03-15 09:17:01'),(68,'mbeam17','mbeam17',80,44,68,1,NULL,NULL,'2010-12-06','2012-03-15',NULL,NULL,'1369.00',0,0,1,0,1,1,NULL,NULL,NULL,'mbeam17',NULL,'--- !ruby/hash:ActiveSupport::HashWithIndifferentAccess\nanschaffungskategorie: AV-Technik\nreference: invoice\numzug: zgeln\nankunftszustand: intakt\n','2012-03-15 09:17:01','2012-03-15 09:17:01'),(69,'mbeam18','mbeam18',81,44,69,1,NULL,NULL,'2010-04-20','2012-03-15',NULL,NULL,'1092.00',0,0,1,0,1,1,NULL,NULL,NULL,'mbeam18',NULL,'--- !ruby/hash:ActiveSupport::HashWithIndifferentAccess\nanschaffungskategorie: AV-Technik\nreference: invoice\numzug: zgeln\nankunftszustand: intakt\n','2012-03-15 09:17:01','2012-03-15 09:17:01'),(70,'mbeam19','mbeam19',82,44,70,1,NULL,NULL,'2011-01-24','2012-03-15',NULL,NULL,'1404.00',0,0,1,0,1,1,NULL,NULL,NULL,'mbeam19',NULL,'--- !ruby/hash:ActiveSupport::HashWithIndifferentAccess\nanschaffungskategorie: AV-Technik\nreference: invoice\numzug: zgeln\nankunftszustand: intakt\n','2012-03-15 09:17:01','2012-03-15 09:17:01'),(71,'mbeam20','mbeam20',83,44,71,1,NULL,NULL,'2010-01-27','2012-03-15',NULL,NULL,'810.00',0,0,1,0,1,1,NULL,NULL,NULL,'mbeam20',NULL,'--- !ruby/hash:ActiveSupport::HashWithIndifferentAccess\nanschaffungskategorie: AV-Technik\nreference: invoice\numzug: zgeln\nankunftszustand: intakt\n','2012-03-15 09:17:01','2012-03-15 09:17:01'),(72,'cam123','abc234',84,44,72,1,NULL,NULL,'2008-06-14','2012-03-15',NULL,NULL,'813.00',0,0,1,0,1,1,NULL,NULL,NULL,NULL,NULL,'--- !ruby/hash:ActiveSupport::HashWithIndifferentAccess\nanschaffungskategorie: AV-Technik\nreference: invoice\numzug: zgeln\nankunftszustand: intakt\n','2012-03-15 09:17:01','2012-03-15 09:17:01'),(73,'cam345','ab567',84,44,73,1,NULL,NULL,'2009-06-25','2012-03-15',NULL,NULL,'885.00',0,0,1,0,1,1,NULL,NULL,NULL,NULL,NULL,'--- !ruby/hash:ActiveSupport::HashWithIndifferentAccess\nanschaffungskategorie: AV-Technik\nreference: invoice\numzug: zgeln\nankunftszustand: intakt\n','2012-03-15 09:17:01','2012-03-15 09:17:01'),(74,'cam567','ab789',84,44,74,1,NULL,NULL,'2007-02-02','2012-03-15',NULL,NULL,'431.00',0,0,1,0,1,1,NULL,NULL,NULL,NULL,NULL,'--- !ruby/hash:ActiveSupport::HashWithIndifferentAccess\nanschaffungskategorie: AV-Technik\nreference: invoice\numzug: zgeln\nankunftszustand: intakt\n','2012-03-15 09:17:01','2012-03-15 09:17:01'),(75,'cam53267','ab782129',84,44,75,1,NULL,NULL,'2009-12-21','2012-03-15',NULL,NULL,'1345.00',0,0,1,0,1,1,NULL,NULL,NULL,NULL,NULL,'--- !ruby/hash:ActiveSupport::HashWithIndifferentAccess\nanschaffungskategorie: AV-Technik\nreference: invoice\numzug: zgeln\nankunftszustand: intakt\n','2012-03-15 09:17:01','2012-03-15 09:17:01'),(76,'cam532asd67','ab78as2129',84,44,76,1,NULL,NULL,'2008-06-17','2012-03-15',NULL,NULL,'590.00',0,0,1,0,1,1,NULL,NULL,NULL,NULL,NULL,'--- !ruby/hash:ActiveSupport::HashWithIndifferentAccess\nanschaffungskategorie: AV-Technik\nreference: invoice\numzug: zgeln\nankunftszustand: intakt\n','2012-03-15 09:17:01','2012-03-15 09:17:01'),(77,'mcam1','mcam1',85,44,77,1,NULL,NULL,'2008-09-13','2012-03-15',NULL,NULL,'816.00',0,0,1,0,1,1,NULL,NULL,NULL,'mcam1',NULL,'--- !ruby/hash:ActiveSupport::HashWithIndifferentAccess\nanschaffungskategorie: AV-Technik\nreference: invoice\numzug: zgeln\nankunftszustand: intakt\n','2012-03-15 09:17:01','2012-03-15 09:17:01'),(78,'mcam2','mcam2',86,44,78,1,NULL,NULL,'2010-11-05','2012-03-15',NULL,NULL,'169.00',0,0,1,0,1,1,NULL,NULL,NULL,'mcam2',NULL,'--- !ruby/hash:ActiveSupport::HashWithIndifferentAccess\nanschaffungskategorie: AV-Technik\nreference: invoice\numzug: zgeln\nankunftszustand: intakt\n','2012-03-15 09:17:01','2012-03-15 09:17:01'),(79,'mcam3','mcam3',87,44,79,1,NULL,NULL,'2008-11-15','2012-03-15',NULL,NULL,'290.00',0,0,1,0,1,1,NULL,NULL,NULL,'mcam3',NULL,'--- !ruby/hash:ActiveSupport::HashWithIndifferentAccess\nanschaffungskategorie: AV-Technik\nreference: invoice\numzug: zgeln\nankunftszustand: intakt\n','2012-03-15 09:17:01','2012-03-15 09:17:01'),(80,'mcam4','mcam4',88,44,80,1,NULL,NULL,'2009-06-05','2012-03-15',NULL,NULL,'1132.00',0,0,1,0,1,1,NULL,NULL,NULL,'mcam4',NULL,'--- !ruby/hash:ActiveSupport::HashWithIndifferentAccess\nanschaffungskategorie: AV-Technik\nreference: invoice\numzug: zgeln\nankunftszustand: intakt\n','2012-03-15 09:17:01','2012-03-15 09:17:01'),(81,'mcam5','mcam5',89,44,81,1,NULL,NULL,'2011-08-22','2012-03-15',NULL,NULL,'96.00',0,0,1,0,1,1,NULL,NULL,NULL,'mcam5',NULL,'--- !ruby/hash:ActiveSupport::HashWithIndifferentAccess\nanschaffungskategorie: AV-Technik\nreference: invoice\numzug: zgeln\nankunftszustand: intakt\n','2012-03-15 09:17:01','2012-03-15 09:17:01'),(82,'mcam6','mcam6',90,44,82,1,NULL,NULL,'2011-06-05','2012-03-15',NULL,NULL,'1046.00',0,0,1,0,1,1,NULL,NULL,NULL,'mcam6',NULL,'--- !ruby/hash:ActiveSupport::HashWithIndifferentAccess\nanschaffungskategorie: AV-Technik\nreference: invoice\numzug: zgeln\nankunftszustand: intakt\n','2012-03-15 09:17:01','2012-03-15 09:17:01'),(83,'mcam7','mcam7',91,44,83,1,NULL,NULL,'2008-07-18','2012-03-15',NULL,NULL,'288.00',0,0,1,0,1,1,NULL,NULL,NULL,'mcam7',NULL,'--- !ruby/hash:ActiveSupport::HashWithIndifferentAccess\nanschaffungskategorie: AV-Technik\nreference: invoice\numzug: zgeln\nankunftszustand: intakt\n','2012-03-15 09:17:01','2012-03-15 09:17:01'),(84,'mcam8','mcam8',92,44,84,1,NULL,NULL,'2011-10-01','2012-03-15',NULL,NULL,'1267.00',0,0,1,0,1,1,NULL,NULL,NULL,'mcam8',NULL,'--- !ruby/hash:ActiveSupport::HashWithIndifferentAccess\nanschaffungskategorie: AV-Technik\nreference: invoice\numzug: zgeln\nankunftszustand: intakt\n','2012-03-15 09:17:01','2012-03-15 09:17:01'),(85,'mcam9','mcam9',93,44,85,1,NULL,NULL,'2010-01-04','2012-03-15',NULL,NULL,'1275.00',0,0,1,0,1,1,NULL,NULL,NULL,'mcam9',NULL,'--- !ruby/hash:ActiveSupport::HashWithIndifferentAccess\nanschaffungskategorie: AV-Technik\nreference: invoice\numzug: zgeln\nankunftszustand: intakt\n','2012-03-15 09:17:01','2012-03-15 09:17:01'),(86,'mcam10','mcam10',94,44,86,1,NULL,NULL,'2008-02-15','2012-03-15',NULL,NULL,'564.00',0,0,1,0,1,1,NULL,NULL,NULL,'mcam10',NULL,'--- !ruby/hash:ActiveSupport::HashWithIndifferentAccess\nanschaffungskategorie: AV-Technik\nreference: invoice\numzug: zgeln\nankunftszustand: intakt\n','2012-03-15 09:17:01','2012-03-15 09:17:01'),(87,'mcam11','mcam11',95,44,87,1,NULL,NULL,'2009-10-12','2012-03-15',NULL,NULL,'372.00',0,0,1,0,1,1,NULL,NULL,NULL,'mcam11',NULL,'--- !ruby/hash:ActiveSupport::HashWithIndifferentAccess\nanschaffungskategorie: AV-Technik\nreference: invoice\numzug: zgeln\nankunftszustand: intakt\n','2012-03-15 09:17:01','2012-03-15 09:17:01'),(88,'mcam12','mcam12',96,44,88,1,NULL,NULL,'2008-06-13','2012-03-15',NULL,NULL,'1211.00',0,0,1,0,1,1,NULL,NULL,NULL,'mcam12',NULL,'--- !ruby/hash:ActiveSupport::HashWithIndifferentAccess\nanschaffungskategorie: AV-Technik\nreference: invoice\numzug: zgeln\nankunftszustand: intakt\n','2012-03-15 09:17:01','2012-03-15 09:17:01'),(89,'mcam13','mcam13',97,44,89,1,NULL,NULL,'2009-01-30','2012-03-15',NULL,NULL,'339.00',0,0,1,0,1,1,NULL,NULL,NULL,'mcam13',NULL,'--- !ruby/hash:ActiveSupport::HashWithIndifferentAccess\nanschaffungskategorie: AV-Technik\nreference: invoice\numzug: zgeln\nankunftszustand: intakt\n','2012-03-15 09:17:01','2012-03-15 09:17:01'),(90,'mcam14','mcam14',98,44,90,1,NULL,NULL,'2011-05-02','2012-03-15',NULL,NULL,'1392.00',0,0,1,0,1,1,NULL,NULL,NULL,'mcam14',NULL,'--- !ruby/hash:ActiveSupport::HashWithIndifferentAccess\nanschaffungskategorie: AV-Technik\nreference: invoice\numzug: zgeln\nankunftszustand: intakt\n','2012-03-15 09:17:01','2012-03-15 09:17:01'),(91,'mcam15','mcam15',99,44,91,1,NULL,NULL,'2011-09-24','2012-03-15',NULL,NULL,'100.00',0,0,1,0,1,1,NULL,NULL,NULL,'mcam15',NULL,'--- !ruby/hash:ActiveSupport::HashWithIndifferentAccess\nanschaffungskategorie: AV-Technik\nreference: invoice\numzug: zgeln\nankunftszustand: intakt\n','2012-03-15 09:17:01','2012-03-15 09:17:01'),(92,'mcam16','mcam16',100,44,92,1,NULL,NULL,'2010-09-17','2012-03-15',NULL,NULL,'237.00',0,0,1,0,1,1,NULL,NULL,NULL,'mcam16',NULL,'--- !ruby/hash:ActiveSupport::HashWithIndifferentAccess\nanschaffungskategorie: AV-Technik\nreference: invoice\numzug: zgeln\nankunftszustand: intakt\n','2012-03-15 09:17:01','2012-03-15 09:17:01'),(93,'mcam17','mcam17',101,44,93,1,NULL,NULL,'2007-02-01','2012-03-15',NULL,NULL,'176.00',0,0,1,0,1,1,NULL,NULL,NULL,'mcam17',NULL,'--- !ruby/hash:ActiveSupport::HashWithIndifferentAccess\nanschaffungskategorie: AV-Technik\nreference: invoice\numzug: zgeln\nankunftszustand: intakt\n','2012-03-15 09:17:01','2012-03-15 09:17:01'),(94,'mcam18','mcam18',102,44,94,1,NULL,NULL,'2008-07-17','2012-03-15',NULL,NULL,'36.00',0,0,1,0,1,1,NULL,NULL,NULL,'mcam18',NULL,'--- !ruby/hash:ActiveSupport::HashWithIndifferentAccess\nanschaffungskategorie: AV-Technik\nreference: invoice\numzug: zgeln\nankunftszustand: intakt\n','2012-03-15 09:17:01','2012-03-15 09:17:01'),(95,'mcam19','mcam19',103,44,95,1,NULL,NULL,'2008-10-14','2012-03-15',NULL,NULL,'472.00',0,0,1,0,1,1,NULL,NULL,NULL,'mcam19',NULL,'--- !ruby/hash:ActiveSupport::HashWithIndifferentAccess\nanschaffungskategorie: AV-Technik\nreference: invoice\numzug: zgeln\nankunftszustand: intakt\n','2012-03-15 09:17:01','2012-03-15 09:17:01'),(96,'mcam20','mcam20',104,44,96,1,NULL,NULL,'2007-06-21','2012-03-15',NULL,NULL,'1264.00',0,0,1,0,1,1,NULL,NULL,NULL,'mcam20',NULL,'--- !ruby/hash:ActiveSupport::HashWithIndifferentAccess\nanschaffungskategorie: AV-Technik\nreference: invoice\numzug: zgeln\nankunftszustand: intakt\n','2012-03-15 09:17:01','2012-03-15 09:17:01'),(97,'mcam21','mcam21',105,44,97,1,NULL,NULL,'2007-10-01','2012-03-15',NULL,NULL,'1325.00',0,0,1,0,1,1,NULL,NULL,NULL,'mcam21',NULL,'--- !ruby/hash:ActiveSupport::HashWithIndifferentAccess\nanschaffungskategorie: AV-Technik\nreference: invoice\numzug: zgeln\nankunftszustand: intakt\n','2012-03-15 09:17:01','2012-03-15 09:17:01'),(98,'mcam22','mcam22',106,44,98,1,NULL,NULL,'2009-02-12','2012-03-15',NULL,NULL,'1076.00',0,0,1,0,1,1,NULL,NULL,NULL,'mcam22',NULL,'--- !ruby/hash:ActiveSupport::HashWithIndifferentAccess\nanschaffungskategorie: AV-Technik\nreference: invoice\numzug: zgeln\nankunftszustand: intakt\n','2012-03-15 09:17:01','2012-03-15 09:17:01'),(99,'mcam23','mcam23',107,44,99,1,NULL,NULL,'2007-08-31','2012-03-15',NULL,NULL,'782.00',0,0,1,0,1,1,NULL,NULL,NULL,'mcam23',NULL,'--- !ruby/hash:ActiveSupport::HashWithIndifferentAccess\nanschaffungskategorie: AV-Technik\nreference: invoice\numzug: zgeln\nankunftszustand: intakt\n','2012-03-15 09:17:01','2012-03-15 09:17:01'),(100,'mcam24','mcam24',108,44,100,1,NULL,NULL,'2009-09-23','2012-03-15',NULL,NULL,'124.00',0,0,1,0,1,1,NULL,NULL,NULL,'mcam24',NULL,'--- !ruby/hash:ActiveSupport::HashWithIndifferentAccess\nanschaffungskategorie: AV-Technik\nreference: invoice\numzug: zgeln\nankunftszustand: intakt\n','2012-03-15 09:17:01','2012-03-15 09:17:01'),(101,'mcam25','mcam25',109,44,101,1,NULL,NULL,'2007-12-26','2012-03-15',NULL,NULL,'687.00',0,0,1,0,1,1,NULL,NULL,NULL,'mcam25',NULL,'--- !ruby/hash:ActiveSupport::HashWithIndifferentAccess\nanschaffungskategorie: AV-Technik\nreference: invoice\numzug: zgeln\nankunftszustand: intakt\n','2012-03-15 09:17:01','2012-03-15 09:17:01'),(102,'mcam26','mcam26',110,44,102,1,NULL,NULL,'2010-08-14','2012-03-15',NULL,NULL,'1436.00',0,0,1,0,1,1,NULL,NULL,NULL,'mcam26',NULL,'--- !ruby/hash:ActiveSupport::HashWithIndifferentAccess\nanschaffungskategorie: AV-Technik\nreference: invoice\numzug: zgeln\nankunftszustand: intakt\n','2012-03-15 09:17:01','2012-03-15 09:17:01'),(103,'mcam27','mcam27',111,44,103,1,NULL,NULL,'2010-07-14','2012-03-15',NULL,NULL,'1178.00',0,0,1,0,1,1,NULL,NULL,NULL,'mcam27',NULL,'--- !ruby/hash:ActiveSupport::HashWithIndifferentAccess\nanschaffungskategorie: AV-Technik\nreference: invoice\numzug: zgeln\nankunftszustand: intakt\n','2012-03-15 09:17:01','2012-03-15 09:17:01'),(104,'mcam28','mcam28',112,44,104,1,NULL,NULL,'2010-03-15','2012-03-15',NULL,NULL,'621.00',0,0,1,0,1,1,NULL,NULL,NULL,'mcam28',NULL,'--- !ruby/hash:ActiveSupport::HashWithIndifferentAccess\nanschaffungskategorie: AV-Technik\nreference: invoice\numzug: zgeln\nankunftszustand: intakt\n','2012-03-15 09:17:01','2012-03-15 09:17:01'),(105,'mcam29','mcam29',113,44,105,1,NULL,NULL,'2007-01-07','2012-03-15',NULL,NULL,'933.00',0,0,1,0,1,1,NULL,NULL,NULL,'mcam29',NULL,'--- !ruby/hash:ActiveSupport::HashWithIndifferentAccess\nanschaffungskategorie: AV-Technik\nreference: invoice\numzug: zgeln\nankunftszustand: intakt\n','2012-03-15 09:17:01','2012-03-15 09:17:01'),(106,'mcam30','mcam30',114,44,106,1,NULL,NULL,'2007-01-09','2012-03-15',NULL,NULL,'805.00',0,0,1,0,1,1,NULL,NULL,NULL,'mcam30',NULL,'--- !ruby/hash:ActiveSupport::HashWithIndifferentAccess\nanschaffungskategorie: AV-Technik\nreference: invoice\numzug: zgeln\nankunftszustand: intakt\n','2012-03-15 09:17:01','2012-03-15 09:17:01'),(107,'hifi123','hifi123',115,44,107,1,NULL,NULL,'2010-03-16','2012-03-15',NULL,NULL,'60.00',0,0,1,0,1,1,NULL,NULL,NULL,NULL,NULL,'--- !ruby/hash:ActiveSupport::HashWithIndifferentAccess\nanschaffungskategorie: AV-Technik\nreference: invoice\numzug: zgeln\nankunftszustand: intakt\n','2012-03-15 09:17:01','2012-03-15 09:17:01'),(108,'tri789','fgh567',116,44,108,1,NULL,NULL,'2010-05-06','2012-03-15',NULL,NULL,'783.00',0,0,1,0,1,1,NULL,NULL,NULL,NULL,NULL,'--- !ruby/hash:ActiveSupport::HashWithIndifferentAccess\nanschaffungskategorie: AV-Technik\nreference: invoice\numzug: zgeln\nankunftszustand: intakt\n','2012-03-15 09:17:01','2012-03-15 09:17:01'),(109,'tri123','fgh987',116,44,109,1,NULL,NULL,'2008-11-18','2012-03-15',NULL,NULL,'855.00',0,0,1,0,1,1,NULL,NULL,NULL,NULL,NULL,'--- !ruby/hash:ActiveSupport::HashWithIndifferentAccess\nanschaffungskategorie: AV-Technik\nreference: invoice\numzug: zgeln\nankunftszustand: intakt\n','2012-03-15 09:17:01','2012-03-15 09:17:01'),(110,'tri923','asd213',116,44,110,1,NULL,NULL,'2011-07-11','2012-03-15',NULL,NULL,'742.00',0,0,1,0,1,1,NULL,NULL,NULL,NULL,NULL,'--- !ruby/hash:ActiveSupport::HashWithIndifferentAccess\nanschaffungskategorie: AV-Technik\nreference: invoice\numzug: zgeln\nankunftszustand: intakt\n','2012-03-15 09:17:01','2012-03-15 09:17:01'),(111,'tri212','tri212',116,44,111,1,NULL,NULL,'2010-08-02','2012-03-15',NULL,NULL,'993.00',0,0,1,0,1,1,NULL,NULL,NULL,NULL,NULL,'--- !ruby/hash:ActiveSupport::HashWithIndifferentAccess\nanschaffungskategorie: AV-Technik\nreference: invoice\numzug: zgeln\nankunftszustand: intakt\n','2012-03-15 09:17:01','2012-03-15 09:17:01'),(112,'95kz76','1h9ln7',118,44,112,1,NULL,NULL,'2010-07-13','2012-03-15',NULL,NULL,'349.00',0,0,1,0,1,1,NULL,NULL,NULL,NULL,NULL,'--- !ruby/hash:ActiveSupport::HashWithIndifferentAccess\nanschaffungskategorie: AV-Technik\nreference: invoice\numzug: zgeln\nankunftszustand: intakt\n','2012-03-15 09:17:01','2012-03-15 09:17:01'),(113,'82vsjwsn3rhke3i4z9ng256','a0:e5:c9:fd:81:0c-c5:ba:f3:12:48:46-ba:94:5b:f0:7c:a5',119,45,113,1,NULL,NULL,'2011-03-21','2012-03-15',NULL,NULL,'1163.00',0,0,1,0,1,1,NULL,NULL,NULL,NULL,NULL,'--- !ruby/hash:ActiveSupport::HashWithIndifferentAccess\nanschaffungskategorie: AV-Technik\nreference: invoice\numzug: zgeln\nankunftszustand: intakt\n','2012-03-15 09:17:01','2012-03-15 09:17:01'),(114,'1u2f49diufguvn55fbmc257','c2:d8:96:d8:47:7e-6f:ac:3a:91:b6:53-3e:21:75:fd:f3:c9',121,45,114,1,113,NULL,'2011-07-30','2012-03-15',NULL,NULL,'184.00',0,0,1,0,1,1,NULL,NULL,NULL,NULL,NULL,'--- !ruby/hash:ActiveSupport::HashWithIndifferentAccess\nanschaffungskategorie: AV-Technik\nreference: invoice\numzug: zgeln\nankunftszustand: intakt\n','2012-03-15 09:17:01','2012-03-15 09:17:01'),(115,'wrqksgmtguv0y858oznq258','7e:d7:3a:1c:76:e7-d4:cc:e8:65:f1:10-44:f0:24:7e:93:45',122,45,115,1,113,NULL,'2009-08-23','2012-03-15',NULL,NULL,'1265.00',0,0,1,0,1,1,NULL,NULL,NULL,NULL,NULL,'--- !ruby/hash:ActiveSupport::HashWithIndifferentAccess\nanschaffungskategorie: AV-Technik\nreference: invoice\numzug: zgeln\nankunftszustand: intakt\n','2012-03-15 09:17:01','2012-03-15 09:17:01'),(116,'9tp3064feqe8exish4zd259','f8:80:7e:e6:fd:64-d6:38:e4:d9:d0:2a-ff:da:29:12:73:d2',123,45,116,1,113,NULL,'2007-12-18','2012-03-15',NULL,NULL,'786.00',0,0,1,0,1,1,NULL,NULL,NULL,NULL,NULL,'--- !ruby/hash:ActiveSupport::HashWithIndifferentAccess\nanschaffungskategorie: AV-Technik\nreference: invoice\numzug: zgeln\nankunftszustand: intakt\n','2012-03-15 09:17:01','2012-03-15 09:17:01'),(117,'bwg34wrmpxck5hcrwxxt260','77:e3:f4:36:c9:5d-f7:97:32:c5:45:70-52:c1:2c:d0:a8:5f',119,49,117,1,NULL,NULL,'2010-11-26','2012-03-15',NULL,NULL,'1066.00',0,0,1,0,1,1,NULL,NULL,NULL,NULL,NULL,'--- !ruby/hash:ActiveSupport::HashWithIndifferentAccess\nanschaffungskategorie: AV-Technik\nreference: invoice\numzug: zgeln\nankunftszustand: intakt\n','2012-03-15 09:17:01','2012-03-15 09:17:01'),(118,'f5q6l9zpyjcgz8n9thiy261','3c:27:ae:58:43:46-06:9a:75:a6:f1:0d-09:cc:51:61:85:37',125,49,118,1,117,NULL,'2011-12-03','2012-03-15',NULL,NULL,'939.00',0,0,1,0,1,1,NULL,NULL,NULL,NULL,NULL,'--- !ruby/hash:ActiveSupport::HashWithIndifferentAccess\nanschaffungskategorie: AV-Technik\nreference: invoice\numzug: zgeln\nankunftszustand: intakt\n','2012-03-15 09:17:01','2012-03-15 09:17:01'),(119,'msawk57p3mulzblo0lqk262','71:62:0b:2f:22:47-4d:85:1d:33:70:ba-0f:91:54:ea:63:ad',126,49,119,1,117,NULL,'2011-10-12','2012-03-15',NULL,NULL,'535.00',0,0,1,0,1,1,NULL,NULL,NULL,NULL,NULL,'--- !ruby/hash:ActiveSupport::HashWithIndifferentAccess\nanschaffungskategorie: AV-Technik\nreference: invoice\numzug: zgeln\nankunftszustand: intakt\n','2012-03-15 09:17:01','2012-03-15 09:17:01'),(120,'8iini5evr5ezbqh8no5i263','85:47:fc:dc:97:cf-e3:9c:28:9e:93:ca-f8:8a:f1:dd:cc:b1',127,49,120,1,117,NULL,'2008-07-10','2012-03-15',NULL,NULL,'1331.00',0,0,1,0,1,1,NULL,NULL,NULL,NULL,NULL,'--- !ruby/hash:ActiveSupport::HashWithIndifferentAccess\nanschaffungskategorie: AV-Technik\nreference: invoice\numzug: zgeln\nankunftszustand: intakt\n','2012-03-15 09:17:01','2012-03-15 09:17:01'),(121,'qco6czlqukky25a4k3wr264','fc:2a:1f:1f:34:cd-10:ad:01:90:29:cc-4a:6b:23:9f:b8:80',119,53,121,1,NULL,NULL,'2010-12-05','2012-03-15',NULL,NULL,'289.00',0,0,1,0,1,1,NULL,NULL,NULL,NULL,NULL,'--- !ruby/hash:ActiveSupport::HashWithIndifferentAccess\nanschaffungskategorie: AV-Technik\nreference: invoice\numzug: zgeln\nankunftszustand: intakt\n','2012-03-15 09:17:01','2012-03-15 09:17:01'),(122,'wpx8vrn3plcvf3i8jf4k265','85:11:e6:e4:5c:4a-e5:25:7f:ca:85:13-bd:86:d3:69:e5:07',129,53,122,1,121,NULL,'2007-11-17','2012-03-15',NULL,NULL,'1424.00',0,0,1,0,1,1,NULL,NULL,NULL,NULL,NULL,'--- !ruby/hash:ActiveSupport::HashWithIndifferentAccess\nanschaffungskategorie: AV-Technik\nreference: invoice\numzug: zgeln\nankunftszustand: intakt\n','2012-03-15 09:17:01','2012-03-15 09:17:01'),(123,'9239vndi8ygobaryyq9v266','8d:90:37:92:51:45-9a:b8:a3:5a:4e:34-5d:e6:96:3e:8c:be',130,53,123,1,121,NULL,'2011-12-29','2012-03-15',NULL,NULL,'572.00',0,0,1,0,1,1,NULL,NULL,NULL,NULL,NULL,'--- !ruby/hash:ActiveSupport::HashWithIndifferentAccess\nanschaffungskategorie: AV-Technik\nreference: invoice\numzug: zgeln\nankunftszustand: intakt\n','2012-03-15 09:17:01','2012-03-15 09:17:01'),(124,'sx7wuq2v5ir8c5uhz2rd267','da:fa:09:5e:0a:90-c2:1f:62:a0:17:3d-3e:64:69:12:1c:ba',131,53,124,1,121,NULL,'2011-07-23','2012-03-15',NULL,NULL,'849.00',0,0,1,0,1,1,NULL,NULL,NULL,NULL,NULL,'--- !ruby/hash:ActiveSupport::HashWithIndifferentAccess\nanschaffungskategorie: AV-Technik\nreference: invoice\numzug: zgeln\nankunftszustand: intakt\n','2012-03-15 09:17:01','2012-03-15 09:17:01'),(125,'hhpklf3kpwr5zjl64n1u268','9a:da:0f:40:2c:b5-23:aa:ad:bc:9a:1e-95:0d:0d:1d:94:22',132,57,125,1,NULL,NULL,'2010-04-01','2012-03-15',NULL,NULL,'853.00',0,0,1,0,1,1,NULL,NULL,NULL,NULL,NULL,'--- !ruby/hash:ActiveSupport::HashWithIndifferentAccess\nanschaffungskategorie: AV-Technik\nreference: invoice\numzug: zgeln\nankunftszustand: intakt\n','2012-03-15 09:17:01','2012-03-15 09:17:01'),(126,'6w5d5lhify0nk073w13q269','a7:61:ff:26:c2:b8-13:24:80:d3:74:42-fd:17:af:37:c7:9a',134,57,126,1,125,NULL,'2010-06-05','2012-03-15',NULL,NULL,'1149.00',0,0,1,0,1,1,NULL,NULL,NULL,NULL,NULL,'--- !ruby/hash:ActiveSupport::HashWithIndifferentAccess\nanschaffungskategorie: AV-Technik\nreference: invoice\numzug: zgeln\nankunftszustand: intakt\n','2012-03-15 09:17:01','2012-03-15 09:17:01'),(127,'env87te2uwwfnn1p82yf270','b5:51:8c:93:eb:8a-d1:7e:c2:3d:38:b5-37:91:f3:80:f5:d9',135,57,127,1,125,NULL,'2009-08-07','2012-03-15',NULL,NULL,'594.00',0,0,1,0,1,1,NULL,NULL,NULL,NULL,NULL,'--- !ruby/hash:ActiveSupport::HashWithIndifferentAccess\nanschaffungskategorie: AV-Technik\nreference: invoice\numzug: zgeln\nankunftszustand: intakt\n','2012-03-15 09:17:01','2012-03-15 09:17:01'),(128,'n196l14zy1jdp8x07pgi271','7c:40:62:91:fe:06-f4:fb:f9:7e:7a:b7-d8:9f:29:36:59:d9',136,57,128,1,125,NULL,'2011-09-01','2012-03-15',NULL,NULL,'886.00',0,0,1,0,1,1,NULL,NULL,NULL,NULL,NULL,'--- !ruby/hash:ActiveSupport::HashWithIndifferentAccess\nanschaffungskategorie: AV-Technik\nreference: invoice\numzug: zgeln\nankunftszustand: intakt\n','2012-03-15 09:17:01','2012-03-15 09:17:01'),(129,'1aao290w86wo5b9a3eve272','33:0c:9b:12:23:6c-84:10:b3:0f:9b:b4-86:12:2a:73:19:b8',132,61,129,1,NULL,NULL,'2009-11-19','2012-03-15',NULL,NULL,'1192.00',0,0,1,0,1,1,NULL,NULL,NULL,NULL,NULL,'--- !ruby/hash:ActiveSupport::HashWithIndifferentAccess\nanschaffungskategorie: AV-Technik\nreference: invoice\numzug: zgeln\nankunftszustand: intakt\n','2012-03-15 09:17:01','2012-03-15 09:17:01'),(130,'2ruyu0mbe1r5gxctjwq5273','6e:f0:26:49:76:23-b8:7c:62:5a:5e:1b-48:13:f5:0d:a0:f0',138,61,130,1,129,NULL,'2011-01-07','2012-03-15',NULL,NULL,'25.00',0,0,1,0,1,1,NULL,NULL,NULL,NULL,NULL,'--- !ruby/hash:ActiveSupport::HashWithIndifferentAccess\nanschaffungskategorie: AV-Technik\nreference: invoice\numzug: zgeln\nankunftszustand: intakt\n','2012-03-15 09:17:01','2012-03-15 09:17:01'),(131,'n9nyhyt0fst5jv4j7r6m274','09:04:d6:27:a5:02-c9:6f:c9:35:4b:56-a6:c6:ec:78:e4:50',139,61,131,1,129,NULL,'2009-07-04','2012-03-15',NULL,NULL,'946.00',0,0,1,0,1,1,NULL,NULL,NULL,NULL,NULL,'--- !ruby/hash:ActiveSupport::HashWithIndifferentAccess\nanschaffungskategorie: AV-Technik\nreference: invoice\numzug: zgeln\nankunftszustand: intakt\n','2012-03-15 09:17:01','2012-03-15 09:17:01'),(132,'599tcfyfojr5z5s8nnnt275','4e:af:7d:29:11:3a-20:27:3f:e7:9f:f6-1b:12:f6:d1:68:e9',140,61,132,1,129,NULL,'2010-06-11','2012-03-15',NULL,NULL,'1295.00',0,0,1,0,1,1,NULL,NULL,NULL,NULL,NULL,'--- !ruby/hash:ActiveSupport::HashWithIndifferentAccess\nanschaffungskategorie: AV-Technik\nreference: invoice\numzug: zgeln\nankunftszustand: intakt\n','2012-03-15 09:17:01','2012-03-15 09:17:01'),(133,'cu7w369bt6mad7yfpoam276','01:e8:49:66:fd:5e-4d:5b:44:d1:d4:e5-8c:d4:56:8d:e1:38',132,65,133,1,NULL,NULL,'2008-10-31','2012-03-15',NULL,NULL,'703.00',0,0,1,0,1,1,NULL,NULL,NULL,NULL,NULL,'--- !ruby/hash:ActiveSupport::HashWithIndifferentAccess\nanschaffungskategorie: AV-Technik\nreference: invoice\numzug: zgeln\nankunftszustand: intakt\n','2012-03-15 09:17:01','2012-03-15 09:17:01'),(134,'zi74zp71mmxcgnxbx7af277','d2:fe:11:16:99:a4-2c:b7:76:33:76:4a-d1:44:e4:f3:d8:30',142,65,134,1,133,NULL,'2010-06-20','2012-03-15',NULL,NULL,'204.00',0,0,1,0,1,1,NULL,NULL,NULL,NULL,NULL,'--- !ruby/hash:ActiveSupport::HashWithIndifferentAccess\nanschaffungskategorie: AV-Technik\nreference: invoice\numzug: zgeln\nankunftszustand: intakt\n','2012-03-15 09:17:01','2012-03-15 09:17:01'),(135,'snntmjownyqmjg0j4cu4278','35:a1:9f:18:0d:4d-10:10:8f:2d:ed:8e-40:68:14:d4:d0:26',143,65,135,1,133,NULL,'2008-03-30','2012-03-15',NULL,NULL,'808.00',0,0,1,0,1,1,NULL,NULL,NULL,NULL,NULL,'--- !ruby/hash:ActiveSupport::HashWithIndifferentAccess\nanschaffungskategorie: AV-Technik\nreference: invoice\numzug: zgeln\nankunftszustand: intakt\n','2012-03-15 09:17:01','2012-03-15 09:17:01'),(136,'z67up1gb7h0e2qgdj5ai279','43:52:40:10:65:d1-58:17:c1:30:57:a6-3b:b0:93:e3:42:ca',144,65,136,1,133,NULL,'2011-04-05','2012-03-15',NULL,NULL,'1195.00',0,0,1,0,1,1,NULL,NULL,NULL,NULL,NULL,'--- !ruby/hash:ActiveSupport::HashWithIndifferentAccess\nanschaffungskategorie: AV-Technik\nreference: invoice\numzug: zgeln\nankunftszustand: intakt\n','2012-03-15 09:17:01','2012-03-15 09:17:01'),(137,'tozm36b53fnv6sprsxyc280','e0:91:43:47:7e:3b-a6:d2:bf:af:d0:24-43:2e:bf:18:8e:eb',119,69,137,2,NULL,NULL,'2011-04-19','2012-03-15',NULL,NULL,'480.00',0,0,1,0,2,1,NULL,NULL,NULL,NULL,NULL,'--- !ruby/hash:ActiveSupport::HashWithIndifferentAccess\nanschaffungskategorie: AV-Technik\nreference: invoice\numzug: zgeln\nankunftszustand: intakt\n','2012-03-15 09:17:01','2012-03-15 09:17:01'),(138,'qmhx0r18g9llgfglw7l1281','ac:0a:a9:34:e4:6e-57:9f:49:f5:a1:94-9f:b8:81:a4:02:71',146,69,138,2,137,NULL,'2011-06-06','2012-03-15',NULL,NULL,'150.00',0,0,1,0,2,1,NULL,NULL,NULL,NULL,NULL,'--- !ruby/hash:ActiveSupport::HashWithIndifferentAccess\nanschaffungskategorie: AV-Technik\nreference: invoice\numzug: zgeln\nankunftszustand: intakt\n','2012-03-15 09:17:01','2012-03-15 09:17:01'),(139,'ouft91a2c9tmnp59pjp4282','18:2a:7e:33:91:36-3f:ba:24:e1:15:f2-9d:50:5b:64:f6:05',147,69,139,2,137,NULL,'2008-07-15','2012-03-15',NULL,NULL,'774.00',0,0,1,0,2,1,NULL,NULL,NULL,NULL,NULL,'--- !ruby/hash:ActiveSupport::HashWithIndifferentAccess\nanschaffungskategorie: AV-Technik\nreference: invoice\numzug: zgeln\nankunftszustand: intakt\n','2012-03-15 09:17:01','2012-03-15 09:17:01'),(140,'a37evkh2h9bmuzg5ihgl283','59:83:ba:fa:40:7a-82:26:34:98:71:e0-d8:81:cb:d3:56:87',148,69,140,2,137,NULL,'2010-05-09','2012-03-15',NULL,NULL,'739.00',0,0,1,0,2,1,NULL,NULL,NULL,NULL,NULL,'--- !ruby/hash:ActiveSupport::HashWithIndifferentAccess\nanschaffungskategorie: AV-Technik\nreference: invoice\numzug: zgeln\nankunftszustand: intakt\n','2012-03-15 09:17:01','2012-03-15 09:17:01'),(141,'cand5','cand5',84,44,141,1,NULL,NULL,'2011-03-02','2012-03-15',NULL,NULL,'598.00',0,0,0,0,1,1,NULL,NULL,NULL,NULL,NULL,'--- !ruby/hash:ActiveSupport::HashWithIndifferentAccess\nanschaffungskategorie: AV-Technik\nreference: invoice\numzug: zgeln\nankunftszustand: intakt\n','2012-03-15 09:17:01','2012-03-15 09:17:01'),(142,'beam21231','beamas12312',58,44,142,1,NULL,NULL,'2007-09-20','2012-03-15',NULL,NULL,'936.00',0,0,0,0,1,1,NULL,NULL,NULL,NULL,NULL,'--- !ruby/hash:ActiveSupport::HashWithIndifferentAccess\nanschaffungskategorie: AV-Technik\nreference: invoice\numzug: zgeln\nankunftszustand: intakt\n','2012-03-15 09:17:01','2012-03-15 09:17:01'),(143,'hifi345','hifi345',115,44,143,1,NULL,NULL,'2011-07-05','2012-03-15',NULL,NULL,'919.00',0,0,0,0,1,1,NULL,NULL,NULL,NULL,NULL,'--- !ruby/hash:ActiveSupport::HashWithIndifferentAccess\nanschaffungskategorie: AV-Technik\nreference: invoice\numzug: zgeln\nankunftszustand: intakt\n','2012-03-15 09:17:01','2012-03-15 09:17:01'),(144,'iMac1','iMac5',150,44,144,1,NULL,NULL,'2011-09-09','2012-03-15','2012-03-15','This Item is gone','1073.00',0,0,1,0,1,1,NULL,NULL,NULL,NULL,NULL,'--- !ruby/hash:ActiveSupport::HashWithIndifferentAccess\nanschaffungskategorie: AV-Technik\nreference: invoice\numzug: zgeln\nankunftszustand: intakt\n','2012-03-15 09:17:01','2012-03-15 09:17:01'),(145,'iMac2','iMac6',150,44,145,3,NULL,NULL,'2007-03-21','2012-03-15','2012-03-15','This Item is gone','1054.00',0,0,1,0,1,1,NULL,NULL,NULL,NULL,NULL,'--- !ruby/hash:ActiveSupport::HashWithIndifferentAccess\nanschaffungskategorie: AV-Technik\nreference: invoice\numzug: zgeln\nankunftszustand: intakt\n','2012-03-15 09:17:01','2012-03-15 09:17:01'),(146,'gsr9p1','wrtpxc',117,44,146,1,NULL,NULL,'2009-01-23','2012-03-15','2012-03-15','This Item is gone','593.00',0,0,1,0,1,1,NULL,NULL,NULL,NULL,NULL,'--- !ruby/hash:ActiveSupport::HashWithIndifferentAccess\nanschaffungskategorie: AV-Technik\nreference: invoice\numzug: zgeln\nankunftszustand: intakt\n','2012-03-15 09:17:01','2012-03-15 09:17:01'),(147,'hf72xj','eaol5p',117,44,147,1,NULL,NULL,'2010-09-18','2012-03-15',NULL,NULL,'885.00',0,0,1,0,1,1,NULL,NULL,NULL,NULL,NULL,'--- !ruby/hash:ActiveSupport::HashWithIndifferentAccess\nanschaffungskategorie: AV-Technik\nreference: invoice\numzug: zgeln\nankunftszustand: intakt\n','2012-03-15 09:17:01','2012-03-15 09:17:01'),(148,'wlaptop1','wlaptop1',151,44,148,1,NULL,NULL,'2007-08-13','2012-03-15',NULL,NULL,'972.00',1,0,1,0,1,1,NULL,NULL,NULL,NULL,NULL,'--- !ruby/hash:ActiveSupport::HashWithIndifferentAccess\nanschaffungskategorie: AV-Technik\nreference: invoice\numzug: zgeln\nankunftszustand: intakt\n','2012-03-15 09:17:01','2012-03-15 09:17:01'),(149,'v120d02','v120d02',152,44,149,1,NULL,NULL,'2010-04-13','2012-03-15',NULL,NULL,'1040.00',0,1,1,0,1,1,NULL,NULL,NULL,NULL,NULL,'--- !ruby/hash:ActiveSupport::HashWithIndifferentAccess\nanschaffungskategorie: AV-Technik\nreference: invoice\numzug: zgeln\nankunftszustand: intakt\n','2012-03-15 09:17:01','2012-03-15 09:17:01'),(150,'uflgw7m4w6g142mvd59l284','de:f4:e2:b8:9b:8c-e9:89:73:7b:49:b4-0c:28:0c:49:6e:0d',152,73,150,1,NULL,NULL,'2011-11-17','2012-03-15','2012-03-15','Officiis pariatur aut non et doloribus eius.','894.00',1,1,0,0,1,1,NULL,NULL,NULL,NULL,NULL,'--- !ruby/hash:ActiveSupport::HashWithIndifferentAccess\nanschaffungskategorie: AV-Technik\nreference: invoice\numzug: zgeln\nankunftszustand: intakt\n','2012-03-15 09:17:01','2012-03-15 09:17:01'),(151,'v120d022g','v120d022g',153,44,151,1,NULL,NULL,'2011-11-28','2012-03-15',NULL,NULL,'1290.00',0,0,1,0,1,1,NULL,NULL,NULL,NULL,NULL,'--- !ruby/hash:ActiveSupport::HashWithIndifferentAccess\nanschaffungskategorie: AV-Technik\nreference: invoice\numzug: zgeln\nankunftszustand: intakt\n','2012-03-15 09:17:01','2012-03-15 09:17:01'),(152,'v120d022g2','v120d022g2',153,44,152,1,NULL,NULL,'2011-03-02','2012-03-15',NULL,NULL,'1195.00',0,0,1,0,1,1,NULL,NULL,NULL,NULL,NULL,'--- !ruby/hash:ActiveSupport::HashWithIndifferentAccess\nanschaffungskategorie: AV-Technik\nreference: invoice\numzug: zgeln\nankunftszustand: intakt\n','2012-03-15 09:17:01','2012-03-15 09:17:01'),(153,'beam897','xyz890',58,44,153,1,NULL,NULL,'2008-11-19','2012-03-15',NULL,NULL,'7.00',0,0,1,0,2,1,NULL,NULL,NULL,NULL,NULL,'--- !ruby/hash:ActiveSupport::HashWithIndifferentAccess\nanschaffungskategorie: AV-Technik\nreference: invoice\numzug: zgeln\nankunftszustand: intakt\n','2012-03-15 09:17:01','2012-03-15 09:17:01'),(154,'minibeam12','xyz890',60,44,154,1,NULL,NULL,'2007-02-05','2012-03-15',NULL,NULL,'523.00',0,0,1,0,2,1,NULL,NULL,NULL,NULL,NULL,'--- !ruby/hash:ActiveSupport::HashWithIndifferentAccess\nanschaffungskategorie: AV-Technik\nreference: invoice\numzug: zgeln\nankunftszustand: intakt\n','2012-03-15 09:17:01','2012-03-15 09:17:01'),(155,'minibeam34','xyz890',60,44,155,1,NULL,NULL,'2011-12-30','2012-03-15',NULL,NULL,'923.00',0,0,1,0,3,1,NULL,NULL,NULL,NULL,NULL,'--- !ruby/hash:ActiveSupport::HashWithIndifferentAccess\nanschaffungskategorie: AV-Technik\nreference: invoice\numzug: zgeln\nankunftszustand: intakt\n','2012-03-15 09:17:01','2012-03-15 09:17:01'),(156,'bocgkmsuyt6znn1igmdn285','b5:6e:fb:57:59:f1-ed:cb:f6:99:49:a0-03:98:73:ca:ad:0a',155,NULL,NULL,1,NULL,NULL,NULL,NULL,NULL,NULL,NULL,0,0,0,0,1,0,NULL,NULL,NULL,NULL,NULL,'--- !ruby/hash:ActiveSupport::HashWithIndifferentAccess\nlicense_type: single_workplace\nactivation_type: serial_number\noperating_system:\n- windows\n- linux\ninstallation:\n- citrix\n- web\nprocured_by: Jenifer Johnson\nreference: invoice\nmaintenance_contract: \'false\'\n','2012-03-15 09:17:01','2012-03-15 09:17:01'),(157,'yh413zgrru75ubbgq1t3286','0c:01:b3:d3:25:88-bc:57:b3:cc:03:a0-21:b3:7d:f8:b3:8a',156,NULL,NULL,1,NULL,NULL,NULL,NULL,NULL,NULL,NULL,0,0,0,0,1,0,NULL,NULL,NULL,NULL,NULL,'--- !ruby/hash:ActiveSupport::HashWithIndifferentAccess\nlicense_type: single_workplace\nactivation_type: serial_number\noperating_system:\n- windows\n- linux\ninstallation:\n- citrix\n- web\nreference: invoice\nmaintenance_contract: \'false\'\n','2012-03-15 09:17:01','2012-03-15 09:17:01'),(158,'hj4i60f8vcftwgpr90ln287','90:86:ca:7e:00:a7-d0:0a:89:cb:ce:c0-b5:31:ed:66:40:6a',157,NULL,NULL,1,NULL,NULL,NULL,NULL,NULL,NULL,NULL,0,0,1,0,1,0,NULL,NULL,NULL,NULL,NULL,'--- !ruby/hash:ActiveSupport::HashWithIndifferentAccess\nlicense_type: single_workplace\nactivation_type: serial_number\noperating_system:\n- windows\n- linux\ninstallation:\n- citrix\n- web\nprocured_by: Bernice Nienow\nreference: invoice\nmaintenance_contract: \'false\'\n','2012-03-15 09:17:01','2012-03-15 09:17:01'),(159,'m6kix4co0hiou22kjceh288','cf:c6:77:b5:3f:31-7c:ca:2c:56:ca:db-df:6f:9a:df:88:8f',158,NULL,NULL,1,NULL,NULL,NULL,NULL,NULL,NULL,NULL,0,0,1,0,2,0,NULL,NULL,NULL,NULL,NULL,'--- !ruby/hash:ActiveSupport::HashWithIndifferentAccess\nlicense_type: single_workplace\nactivation_type: serial_number\noperating_system:\n- windows\n- linux\ninstallation:\n- citrix\n- web\nreference: invoice\nmaintenance_contract: \'false\'\n','2012-03-15 09:17:01','2012-03-15 09:17:01'),(160,'29hy6gud003i8zmp0s3r289','2b:c4:ea:81:01:b5-50:1f:45:62:c9:e2-55:e6:35:90:01:21',159,NULL,NULL,1,NULL,NULL,NULL,NULL,'2012-03-15','Voluptatibus sint est deserunt.',NULL,0,0,0,0,1,0,NULL,NULL,NULL,NULL,NULL,'--- !ruby/hash:ActiveSupport::HashWithIndifferentAccess\nlicense_type: single_workplace\nactivation_type: serial_number\noperating_system:\n- windows\n- linux\ninstallation:\n- citrix\n- web\nprocured_by: Jenifer Johnson\nreference: invoice\nmaintenance_contract: \'false\'\n','2012-03-15 09:17:01','2012-03-15 09:17:01'),(161,'hp8k1m16udewe65zoc92290','7a:62:a6:f8:10:f5-4c:83:26:ec:bf:dc-a4:a4:df:da:d6:65',160,NULL,NULL,2,NULL,NULL,NULL,NULL,'2012-03-15','Necessitatibus voluptatibus itaque est accusamus expedita est ut.',NULL,0,0,0,0,1,0,NULL,NULL,NULL,NULL,NULL,'--- !ruby/hash:ActiveSupport::HashWithIndifferentAccess\nlicense_type: single_workplace\nactivation_type: serial_number\noperating_system:\n- windows\n- linux\ninstallation:\n- citrix\n- web\nprocured_by: Mike H.\nreference: invoice\nmaintenance_contract: \'false\'\n','2012-03-15 09:17:01','2012-03-15 09:17:01'),(162,'jud5yp3yelzqhvdjzra0291','b3:83:73:a5:2d:0f-58:11:d6:1a:53:c0-51:0f:b8:81:b8:59',161,NULL,NULL,2,NULL,NULL,NULL,NULL,NULL,NULL,NULL,0,0,1,0,2,0,NULL,NULL,NULL,NULL,NULL,'--- !ruby/hash:ActiveSupport::HashWithIndifferentAccess\nlicense_type: single_workplace\nactivation_type: serial_number\noperating_system:\n- windows\n- linux\ninstallation:\n- citrix\n- web\nreference: invoice\nmaintenance_contract: \'false\'\n','2012-03-15 09:17:01','2012-03-15 09:17:01'),(163,'zgvppuau8omz64z9tvpb292','c6:07:9b:a7:0e:2c-80:72:56:48:de:36-a6:50:41:f0:ed:fd',162,NULL,NULL,1,NULL,NULL,'2012-03-15',NULL,NULL,NULL,NULL,0,0,0,0,1,0,NULL,NULL,NULL,NULL,NULL,'--- !ruby/hash:ActiveSupport::HashWithIndifferentAccess\nlicense_expiration: \'2012-03-15\'\nmaintenance_contract: \'true\'\nmaintenance_expiration: \'2012-03-15\'\nreference: invoice\nactivation_type: none\nlicense_type: free\n','2012-03-15 09:17:01','2012-03-15 09:17:01'),(164,'6iok0gfix09yqe6w51bl293','e7:df:05:ea:aa:eb-dd:df:ab:03:62:91-cf:ac:fd:19:28:a5',163,NULL,NULL,1,NULL,NULL,NULL,NULL,NULL,NULL,NULL,0,0,0,0,1,0,NULL,NULL,NULL,NULL,NULL,'--- !ruby/hash:ActiveSupport::HashWithIndifferentAccess\nquantity_allocations:\n- !ruby/hash:ActiveSupport::HashWithIndifferentAccess\n  room: architecto\n  quantity: 3\n- !ruby/hash:ActiveSupport::HashWithIndifferentAccess\n  room: est\n  quantity: 13\nreference: invoice\nactivation_type: none\nlicense_type: free\nmaintenance_contract: \'false\'\n','2012-03-15 09:17:01','2012-03-15 09:17:01'),(165,'ta9uxfddeel2nvb5kozr294','e0:f2:01:29:bd:61-fd:9a:fc:15:4b:1b-9a:5c:48:b3:fc:20',165,NULL,NULL,1,NULL,NULL,NULL,NULL,NULL,NULL,NULL,0,0,0,0,1,0,NULL,NULL,NULL,NULL,NULL,'--- !ruby/hash:ActiveSupport::HashWithIndifferentAccess\noperating_system:\n- windows\n- linux\n- mac_os_x\nlicense_type: concurrent\ntotal_quantity: 216\nquantity_allocations:\n- !ruby/hash:ActiveSupport::HashWithIndifferentAccess\n  room: eum\n  quantity: 15\n- !ruby/hash:ActiveSupport::HashWithIndifferentAccess\n  room: dolor\n  quantity: 35\nreference: invoice\nactivation_type: none\nmaintenance_contract: \'false\'\n','2012-03-15 09:17:01','2012-03-15 09:17:01'),(166,'xtz3811d9t8epituhcpv295','55:7b:c7:15:4b:ca-c9:12:e7:a7:f7:64-e6:df:6c:0b:9e:f9',167,74,156,5,NULL,NULL,'2008-08-30','2012-03-10',NULL,NULL,'288.00',0,0,1,0,1,1,NULL,NULL,NULL,NULL,NULL,'--- !ruby/hash:ActiveSupport::HashWithIndifferentAccess\nanschaffungskategorie: AV-Technik\nreference: invoice\numzug: zgeln\nankunftszustand: intakt\n','2012-03-10 13:52:41','2012-03-10 13:52:41'),(167,'dy5rsz8cj5f2y7mmyaaz296','85:fa:f8:55:66:53-cb:77:4d:71:6d:0f-36:7a:d5:bd:d9:05',168,75,157,2,NULL,NULL,'2010-07-01','2012-03-10',NULL,NULL,'980.00',0,0,1,0,1,1,NULL,NULL,NULL,NULL,NULL,'--- !ruby/hash:ActiveSupport::HashWithIndifferentAccess\nanschaffungskategorie: AV-Technik\nreference: invoice\numzug: zgeln\nankunftszustand: intakt\n','2012-03-10 13:52:41','2012-03-10 13:52:41'),(168,'1g2jii7tdlwc1of3j8iz297','a7:06:3b:b3:f6:d9-8c:94:ec:63:e2:84-63:ad:3e:90:5a:17',169,76,158,5,NULL,NULL,'2011-08-19','2012-03-10',NULL,NULL,'793.00',0,0,1,0,1,1,NULL,NULL,NULL,NULL,NULL,'--- !ruby/hash:ActiveSupport::HashWithIndifferentAccess\nanschaffungskategorie: AV-Technik\nreference: invoice\numzug: zgeln\nankunftszustand: intakt\n','2012-03-10 13:52:41','2012-03-10 13:52:41'),(169,'jdhpqbnjq7whjpqbu53f298','59:c0:2e:6b:d2:c3-83:f8:f5:ed:f1:69-68:a0:55:15:c9:9c',170,77,159,3,NULL,NULL,'2009-01-06','2012-03-10',NULL,NULL,'1117.00',0,0,1,0,1,1,NULL,NULL,NULL,NULL,NULL,'--- !ruby/hash:ActiveSupport::HashWithIndifferentAccess\nanschaffungskategorie: AV-Technik\nreference: invoice\numzug: zgeln\nankunftszustand: intakt\n','2012-03-10 13:52:41','2012-03-10 13:52:41'),(170,'8lvdq4piifw0lc0mnzbe299','ad:4d:b5:20:41:e0-8b:76:8d:60:b9:dd-11:b7:7d:f2:a8:fa',170,78,160,7,NULL,NULL,'2010-02-19','2012-03-10',NULL,NULL,'1131.00',0,0,1,0,1,1,NULL,NULL,NULL,NULL,NULL,'--- !ruby/hash:ActiveSupport::HashWithIndifferentAccess\nanschaffungskategorie: AV-Technik\nreference: invoice\numzug: zgeln\nankunftszustand: intakt\n','2012-03-10 13:52:41','2012-03-10 13:52:41'),(171,'tjrecqclv8dqn2bs0dur300','ba:39:cb:aa:9e:f0-8a:50:96:56:64:75-6f:b1:e0:9b:34:56',170,79,161,4,NULL,NULL,'2011-04-19','2012-03-10',NULL,NULL,'1004.00',0,0,1,0,1,1,NULL,NULL,NULL,NULL,NULL,'--- !ruby/hash:ActiveSupport::HashWithIndifferentAccess\nanschaffungskategorie: AV-Technik\nreference: invoice\numzug: zgeln\nankunftszustand: intakt\n','2012-03-10 13:52:42','2012-03-10 13:52:42'),(172,'h4o24v296bq5wn0ci7mg301','ab:8f:da:b2:13:36-33:13:85:f9:89:c5-71:40:2e:86:d5:25',174,80,162,6,NULL,NULL,'2010-07-31','2012-03-10',NULL,NULL,'1250.00',0,0,1,0,1,1,NULL,NULL,NULL,NULL,NULL,'--- !ruby/hash:ActiveSupport::HashWithIndifferentAccess\nanschaffungskategorie: AV-Technik\nreference: invoice\numzug: zgeln\nankunftszustand: intakt\n','2012-03-10 13:52:42','2012-03-10 13:52:42'),(173,'fkraq4dj8ti6dups0l81302','e0:22:56:02:d4:2b-8c:00:51:7e:a2:92-aa:d7:d9:88:35:d8',175,81,163,10,NULL,NULL,'2011-02-15','2012-03-10',NULL,NULL,'1219.00',0,0,1,0,1,1,NULL,NULL,NULL,NULL,NULL,'--- !ruby/hash:ActiveSupport::HashWithIndifferentAccess\nanschaffungskategorie: AV-Technik\nreference: invoice\numzug: zgeln\nankunftszustand: intakt\n','2012-03-10 13:52:42','2012-03-10 13:52:42'),(174,'q3t4kn6xr9vjo2rylwt0303','30:9b:09:43:33:2e-b1:6b:6e:bd:18:e2-6f:33:40:68:dc:75',176,82,164,5,NULL,NULL,'2007-10-18','2012-03-10',NULL,NULL,'629.00',0,0,1,0,1,1,NULL,NULL,NULL,NULL,NULL,'--- !ruby/hash:ActiveSupport::HashWithIndifferentAccess\nanschaffungskategorie: AV-Technik\nreference: invoice\numzug: zgeln\nankunftszustand: intakt\n','2012-03-10 13:52:42','2012-03-10 13:52:42'),(175,'hdf10yc6u5q4c9yqa7ln304','dc:76:98:28:2a:15-9c:b3:05:ae:15:24-87:94:7d:6b:72:7f',177,83,165,1,NULL,NULL,'2008-01-11','2012-03-10',NULL,NULL,'1288.00',0,0,1,0,1,1,NULL,NULL,NULL,NULL,NULL,'--- !ruby/hash:ActiveSupport::HashWithIndifferentAccess\nanschaffungskategorie: AV-Technik\nreference: invoice\numzug: zgeln\nankunftszustand: intakt\n','2012-03-10 13:52:42','2012-03-10 13:52:42'),(176,'l8h52tgdvns9iapt1kc0305','15:f9:21:a6:20:3e-23:fb:67:d8:4d:fe-37:39:c3:95:5c:c3',178,84,166,4,NULL,NULL,'2010-01-30','2012-03-10',NULL,NULL,'1270.00',0,0,1,0,1,1,NULL,NULL,NULL,NULL,NULL,'--- !ruby/hash:ActiveSupport::HashWithIndifferentAccess\nanschaffungskategorie: AV-Technik\nreference: invoice\numzug: zgeln\nankunftszustand: intakt\n','2012-03-10 13:52:42','2012-03-10 13:52:42'),(177,'3otbn3vzkd2gyy4c28vz306','34:ef:a3:37:4f:cc-14:15:1c:17:ca:6b-a1:c6:be:dd:da:9c',179,85,167,3,NULL,NULL,'2011-10-18','2012-03-10',NULL,NULL,'952.00',0,0,1,0,1,1,NULL,NULL,NULL,NULL,NULL,'--- !ruby/hash:ActiveSupport::HashWithIndifferentAccess\nanschaffungskategorie: AV-Technik\nreference: invoice\numzug: zgeln\nankunftszustand: intakt\n','2012-03-10 13:52:42','2012-03-10 13:52:42'),(178,'3pbrz8zsn5nmam0rfgas307','d4:9b:07:e8:51:34-77:3b:52:db:ee:79-b4:8d:b6:a5:d7:a5',179,86,168,6,NULL,NULL,'2008-07-09','2012-03-10',NULL,NULL,'734.00',0,0,1,0,1,1,NULL,NULL,NULL,NULL,NULL,'--- !ruby/hash:ActiveSupport::HashWithIndifferentAccess\nanschaffungskategorie: AV-Technik\nreference: invoice\numzug: zgeln\nankunftszustand: intakt\n','2012-03-10 13:52:42','2012-03-10 13:52:42'),(179,'ugqju7jqkfjv68bnrx3o308','f0:19:78:81:59:d3-28:57:90:b7:be:12-bb:c0:a4:ea:f4:3f',179,87,169,5,NULL,NULL,'2010-02-02','2012-03-10',NULL,NULL,'1313.00',0,0,1,0,1,1,NULL,NULL,NULL,NULL,NULL,'--- !ruby/hash:ActiveSupport::HashWithIndifferentAccess\nanschaffungskategorie: AV-Technik\nreference: invoice\numzug: zgeln\nankunftszustand: intakt\n','2012-03-10 13:52:42','2012-03-10 13:52:42'),(180,'w2be8qfwmo79a7egv5j8309','a4:b9:e5:6c:f3:9c-08:bd:d4:cf:7c:7d-3d:3e:45:9f:0b:23',183,88,170,10,NULL,NULL,'2011-08-29','2012-03-10',NULL,NULL,'906.00',0,0,1,0,1,1,NULL,NULL,NULL,NULL,NULL,'--- !ruby/hash:ActiveSupport::HashWithIndifferentAccess\nanschaffungskategorie: AV-Technik\nreference: invoice\numzug: zgeln\nankunftszustand: intakt\n','2012-03-10 13:52:42','2012-03-10 13:52:42'),(181,'xc2g37y0mszszowyeejy310','0c:b9:ca:f5:f6:2f-34:b3:cb:e2:77:a9-0b:a2:75:79:a0:92',184,89,171,11,NULL,NULL,'2011-04-07','2012-03-10',NULL,NULL,'842.00',0,0,1,0,1,1,NULL,NULL,NULL,NULL,NULL,'--- !ruby/hash:ActiveSupport::HashWithIndifferentAccess\nanschaffungskategorie: AV-Technik\nreference: invoice\numzug: zgeln\nankunftszustand: intakt\n','2012-03-10 13:52:42','2012-03-10 13:52:42'),(182,'a2e1iwaauw0vme4dytli311','12:3c:03:9f:0d:d6-95:4e:95:0b:f8:bf-92:08:0f:d0:4d:a0',185,90,172,5,NULL,NULL,'2008-08-24','2012-03-10',NULL,NULL,'176.00',0,0,1,0,1,1,NULL,NULL,NULL,NULL,NULL,'--- !ruby/hash:ActiveSupport::HashWithIndifferentAccess\nanschaffungskategorie: AV-Technik\nreference: invoice\numzug: zgeln\nankunftszustand: intakt\n','2012-03-10 13:52:42','2012-03-10 13:52:42'),(183,'usun47hw6d0ebf7dhfru312','bb:fd:82:f9:8c:5b-01:1c:09:d1:72:9b-71:e9:4e:1b:4f:59',186,91,173,4,NULL,NULL,'2008-12-30','2012-03-10',NULL,NULL,'221.00',0,0,1,0,1,1,NULL,NULL,NULL,NULL,NULL,'--- !ruby/hash:ActiveSupport::HashWithIndifferentAccess\nanschaffungskategorie: AV-Technik\nreference: invoice\numzug: zgeln\nankunftszustand: intakt\n','2012-03-10 13:52:42','2012-03-10 13:52:42'),(184,'elq38oiln5320w0k40bm313','9c:35:6c:31:42:86-52:b4:94:96:fb:4d-3f:75:81:b5:45:35',187,92,174,1,NULL,NULL,'2010-03-29','2012-03-10',NULL,NULL,'992.00',0,0,1,0,1,1,NULL,NULL,NULL,NULL,NULL,'--- !ruby/hash:ActiveSupport::HashWithIndifferentAccess\nanschaffungskategorie: AV-Technik\nreference: invoice\numzug: zgeln\nankunftszustand: intakt\n','2012-03-10 13:52:42','2012-03-10 13:52:42'),(185,'j9sz578iee3ty2b3w0q6314','43:f8:13:bd:09:30-d2:c4:bb:9f:43:94-76:c4:0e:17:76:02',188,93,175,1,NULL,NULL,'2010-08-28','2012-03-10',NULL,NULL,'1130.00',0,0,1,0,1,1,NULL,NULL,NULL,NULL,NULL,'--- !ruby/hash:ActiveSupport::HashWithIndifferentAccess\nanschaffungskategorie: AV-Technik\nreference: invoice\numzug: zgeln\nankunftszustand: intakt\n','2012-03-10 13:52:42','2012-03-10 13:52:42'),(186,'1aqhvrbzjojr04kh6ege315','89:90:c1:50:76:cb-ec:1f:4b:90:ab:79-0e:e6:28:ce:9c:75',188,94,176,10,NULL,NULL,'2010-10-28','2012-03-10',NULL,NULL,'1468.00',0,0,1,0,1,1,NULL,NULL,NULL,NULL,NULL,'--- !ruby/hash:ActiveSupport::HashWithIndifferentAccess\nanschaffungskategorie: AV-Technik\nreference: invoice\numzug: zgeln\nankunftszustand: intakt\n','2012-03-10 13:52:42','2012-03-10 13:52:42'),(187,'5kkf1grflrvgxstvlrjb316','f6:67:c4:e0:a8:7c-af:04:7a:5b:ca:45-c7:d7:de:fa:87:b5',188,95,177,1,NULL,NULL,'2009-01-22','2012-03-10',NULL,NULL,'909.00',0,0,1,0,1,1,NULL,NULL,NULL,NULL,NULL,'--- !ruby/hash:ActiveSupport::HashWithIndifferentAccess\nanschaffungskategorie: AV-Technik\nreference: invoice\numzug: zgeln\nankunftszustand: intakt\n','2012-03-10 13:52:42','2012-03-10 13:52:42'),(188,'b83ij2rphme89yclr7mn317','fd:be:81:75:56:b0-e0:b0:76:16:83:b8-f8:07:22:cc:55:88',192,96,178,9,NULL,NULL,'2007-12-19','2012-03-09',NULL,NULL,'1469.00',0,0,1,0,1,1,NULL,NULL,NULL,NULL,NULL,'--- !ruby/hash:ActiveSupport::HashWithIndifferentAccess\nanschaffungskategorie: AV-Technik\nreference: invoice\numzug: zgeln\nankunftszustand: intakt\n','2012-03-09 10:44:19','2012-03-09 10:44:19'),(189,'u4xe50d68t8rl3xo5e82318','7c:f3:ce:9e:bb:be-a3:f1:1b:50:d3:af-dd:27:9d:5e:70:22',193,97,179,2,NULL,NULL,'2009-06-12','2012-03-09',NULL,NULL,'827.00',0,0,1,0,1,1,NULL,NULL,NULL,NULL,NULL,'--- !ruby/hash:ActiveSupport::HashWithIndifferentAccess\nanschaffungskategorie: AV-Technik\nreference: invoice\numzug: zgeln\nankunftszustand: intakt\n','2012-03-09 10:44:19','2012-03-09 10:44:19'),(190,'zq3yu1pnnnivzh75s5hb319','76:2e:1b:2f:95:73-a9:c9:c1:b7:6a:95-5a:10:6d:bc:78:7e',194,98,180,8,NULL,NULL,'2010-06-07','2012-03-09',NULL,NULL,'1064.00',0,0,1,0,1,1,NULL,NULL,NULL,NULL,NULL,'--- !ruby/hash:ActiveSupport::HashWithIndifferentAccess\nanschaffungskategorie: AV-Technik\nreference: invoice\numzug: zgeln\nankunftszustand: intakt\n','2012-03-09 10:44:19','2012-03-09 10:44:19'),(191,'zf6zyoud8vffa65ocxvj320','78:3b:54:78:b5:d5-83:24:b1:f4:48:7e-25:a3:71:2c:d5:ec',195,99,181,3,NULL,NULL,'2011-01-19','2012-03-11',NULL,NULL,'706.00',0,0,1,0,1,1,NULL,NULL,NULL,NULL,NULL,'--- !ruby/hash:ActiveSupport::HashWithIndifferentAccess\nanschaffungskategorie: AV-Technik\nreference: invoice\numzug: zgeln\nankunftszustand: intakt\n','2012-03-11 00:49:17','2012-03-11 00:49:17'),(192,'w1fusd540zbyag5hdakz321','d8:7e:09:9e:2d:56-a2:78:46:7b:20:65-c1:b8:74:86:ed:6b',196,100,182,4,NULL,NULL,'2011-12-25','2012-03-11',NULL,NULL,'926.00',0,0,1,0,1,1,NULL,NULL,NULL,NULL,NULL,'--- !ruby/hash:ActiveSupport::HashWithIndifferentAccess\nanschaffungskategorie: AV-Technik\nreference: invoice\numzug: zgeln\nankunftszustand: intakt\n','2012-03-11 00:49:17','2012-03-11 00:49:17'),(193,'gz51syhiebdmt1zldy4r322','64:12:7d:d4:be:1d-97:12:f9:4d:9c:f4-43:b0:e9:47:fc:8d',197,101,183,6,NULL,NULL,'2007-05-18','2012-03-11',NULL,NULL,'150.00',0,0,1,0,1,1,NULL,NULL,NULL,NULL,NULL,'--- !ruby/hash:ActiveSupport::HashWithIndifferentAccess\nanschaffungskategorie: AV-Technik\nreference: invoice\numzug: zgeln\nankunftszustand: intakt\n','2012-03-11 00:49:17','2012-03-11 00:49:17'),(194,'dvpjrqggzd7ok8t1idax323','22:fa:f9:ad:30:43-6d:23:75:bc:30:c0-fc:08:74:47:dc:dd',198,102,184,7,NULL,NULL,'2011-09-29','2012-03-11',NULL,NULL,'533.00',0,0,1,0,1,1,NULL,NULL,NULL,NULL,NULL,'--- !ruby/hash:ActiveSupport::HashWithIndifferentAccess\nanschaffungskategorie: AV-Technik\nreference: invoice\numzug: zgeln\nankunftszustand: intakt\n','2012-03-11 00:49:17','2012-03-11 00:49:17'),(195,'rn8q5w848taod8y6qrlw324','de:ce:3b:45:22:56-d0:a6:37:42:84:d2-e3:1b:24:74:e7:fa',199,103,185,7,NULL,NULL,'2010-03-17','2012-03-11',NULL,NULL,'391.00',0,0,1,0,1,1,NULL,NULL,NULL,NULL,NULL,'--- !ruby/hash:ActiveSupport::HashWithIndifferentAccess\nanschaffungskategorie: AV-Technik\nreference: invoice\numzug: zgeln\nankunftszustand: intakt\n','2012-03-11 00:49:17','2012-03-11 00:49:17'),(196,'cwce6v453z4qelu98n14325','d2:08:4d:e9:ad:ba-7c:22:4b:55:53:bd-81:cf:da:f3:31:57',200,104,186,10,NULL,NULL,'2007-05-06','2012-03-11',NULL,NULL,'1189.00',0,0,1,0,1,1,NULL,NULL,NULL,NULL,NULL,'--- !ruby/hash:ActiveSupport::HashWithIndifferentAccess\nanschaffungskategorie: AV-Technik\nreference: invoice\numzug: zgeln\nankunftszustand: intakt\n','2012-03-11 00:49:17','2012-03-11 00:49:17'),(197,'qrp10w2trounbaij0ty1326','a2:e7:71:8f:53:b6-29:7e:b7:bb:e2:25-a4:87:35:bb:d0:38',200,105,187,3,NULL,NULL,'2011-07-10','2012-03-11',NULL,NULL,'642.00',0,0,1,0,1,1,NULL,NULL,NULL,NULL,NULL,'--- !ruby/hash:ActiveSupport::HashWithIndifferentAccess\nanschaffungskategorie: AV-Technik\nreference: invoice\numzug: zgeln\nankunftszustand: intakt\n','2012-03-11 00:49:17','2012-03-11 00:49:17'),(198,'p5iwf0dkzhuojgm0thbw327','ed:26:81:91:41:a0-00:d9:d5:1f:51:ab-f9:44:ac:5e:1e:77',200,106,188,4,NULL,NULL,'2010-05-17','2012-03-11',NULL,NULL,'247.00',0,0,1,0,1,1,NULL,NULL,NULL,NULL,NULL,'--- !ruby/hash:ActiveSupport::HashWithIndifferentAccess\nanschaffungskategorie: AV-Technik\nreference: invoice\numzug: zgeln\nankunftszustand: intakt\n','2012-03-11 00:49:17','2012-03-11 00:49:17'),(199,'rft8gw6e7imkehuy1q76328','c6:c8:ef:d9:c3:c2-70:98:75:6e:27:fe-7e:bc:f2:7a:29:42',204,107,189,10,NULL,NULL,'2007-11-05','2012-03-15',NULL,NULL,'390.00',0,0,1,0,1,1,NULL,NULL,NULL,NULL,NULL,'--- !ruby/hash:ActiveSupport::HashWithIndifferentAccess\nanschaffungskategorie: AV-Technik\nreference: invoice\numzug: zgeln\nankunftszustand: intakt\n','2012-03-15 09:17:01','2012-03-15 09:17:01'),(200,'dvdnb3tb5ibfrg1tuz9r329','5e:da:7f:d0:a3:08-33:c7:91:d7:b8:64-18:04:f3:25:49:26',205,108,190,7,NULL,NULL,'2010-08-08','2012-03-15',NULL,NULL,'1321.00',0,0,1,0,1,1,NULL,NULL,NULL,NULL,NULL,'--- !ruby/hash:ActiveSupport::HashWithIndifferentAccess\nanschaffungskategorie: AV-Technik\nreference: invoice\numzug: zgeln\nankunftszustand: intakt\n','2012-03-15 09:17:01','2012-03-15 09:17:01'),(201,'5b9r4so5vkw3trmikptg330','a6:2a:d0:03:39:ab-2f:38:39:dd:7a:25-4f:9a:89:70:e1:40',206,109,191,4,NULL,NULL,'2008-08-17','2012-03-15',NULL,NULL,'453.00',0,0,1,0,1,1,NULL,NULL,NULL,NULL,NULL,'--- !ruby/hash:ActiveSupport::HashWithIndifferentAccess\nanschaffungskategorie: AV-Technik\nreference: invoice\numzug: zgeln\nankunftszustand: intakt\n','2012-03-15 09:17:01','2012-03-15 09:17:01'),(202,'i6fokwyw3oz1yreefy80331','50:d7:78:9e:29:92-c1:9a:9d:51:7d:5d-a8:88:1f:17:50:76',207,110,192,6,NULL,NULL,'2008-10-19','2012-03-15',NULL,NULL,'98.00',0,0,1,0,1,1,NULL,NULL,NULL,NULL,NULL,'--- !ruby/hash:ActiveSupport::HashWithIndifferentAccess\nanschaffungskategorie: AV-Technik\nreference: invoice\numzug: zgeln\nankunftszustand: intakt\n','2012-03-15 09:17:01','2012-03-15 09:17:01'),(203,'0b7okw6oz793id8wffuo332','20:3c:b5:20:2b:81-b4:18:ef:36:21:d7-c1:66:4f:ed:3c:5e',207,111,193,2,NULL,NULL,'2009-06-24','2012-03-15',NULL,NULL,'308.00',0,0,1,0,1,1,NULL,NULL,NULL,NULL,NULL,'--- !ruby/hash:ActiveSupport::HashWithIndifferentAccess\nanschaffungskategorie: AV-Technik\nreference: invoice\numzug: zgeln\nankunftszustand: intakt\n','2012-03-15 09:17:01','2012-03-15 09:17:01'),(204,'9zpmuw45272gikbglxro333','13:46:9a:ee:0b:3d-78:a1:5c:ef:17:30-0a:85:63:b3:08:34',207,112,194,2,NULL,NULL,'2008-05-17','2012-03-15',NULL,NULL,'570.00',0,0,1,0,1,1,NULL,NULL,NULL,NULL,NULL,'--- !ruby/hash:ActiveSupport::HashWithIndifferentAccess\nanschaffungskategorie: AV-Technik\nreference: invoice\numzug: zgeln\nankunftszustand: intakt\n','2012-03-15 09:17:01','2012-03-15 09:17:01'),(205,'jr6os3o0zqsvpbga8rcd334','a3:57:03:5d:46:96-ce:03:7b:64:41:68-47:b7:86:8c:bf:30',211,113,195,8,NULL,NULL,'2008-10-17','2012-03-15',NULL,NULL,'1050.00',0,0,1,0,1,1,NULL,NULL,NULL,NULL,NULL,'--- !ruby/hash:ActiveSupport::HashWithIndifferentAccess\nanschaffungskategorie: AV-Technik\nreference: invoice\numzug: zgeln\nankunftszustand: intakt\n','2012-03-15 09:17:01','2012-03-15 09:17:01'),(206,'zsgo0l63dk3h3ydqgoa3335','7d:f9:c6:fa:d9:21-42:39:7d:3c:7b:c5-7d:d7:c9:8f:df:9e',212,114,196,2,NULL,NULL,'2009-06-07','2012-03-15',NULL,NULL,'1358.00',0,0,1,0,1,1,NULL,NULL,NULL,NULL,NULL,'--- !ruby/hash:ActiveSupport::HashWithIndifferentAccess\nanschaffungskategorie: AV-Technik\nreference: invoice\numzug: zgeln\nankunftszustand: intakt\n','2012-03-15 09:17:01','2012-03-15 09:17:01'),(207,'5dfue0vnuumh3g1pqu08336','53:66:1c:94:8b:91-99:98:1c:88:51:48-7e:2a:e2:17:99:85',213,115,197,6,NULL,NULL,'2008-06-07','2012-03-15',NULL,NULL,'489.00',0,0,1,0,1,1,NULL,NULL,NULL,NULL,NULL,'--- !ruby/hash:ActiveSupport::HashWithIndifferentAccess\nanschaffungskategorie: AV-Technik\nreference: invoice\numzug: zgeln\nankunftszustand: intakt\n','2012-03-15 09:17:01','2012-03-15 09:17:01'),(208,'421e7diq5wqe6migy5uf337','02:ff:2e:60:b1:54-9f:80:a2:4f:8f:65-ca:80:a2:48:c1:41',214,116,198,6,NULL,NULL,'2008-04-14','2012-03-15',NULL,NULL,'1096.00',0,0,1,0,1,1,NULL,NULL,NULL,NULL,NULL,'--- !ruby/hash:ActiveSupport::HashWithIndifferentAccess\nanschaffungskategorie: AV-Technik\nreference: invoice\numzug: zgeln\nankunftszustand: intakt\n','2012-03-15 09:17:01','2012-03-15 09:17:01'),(209,'80gil4m0u10lenrj60io338','3e:f7:dc:c7:15:6b-da:4a:4e:27:e0:40-f7:c2:16:c8:07:2d',215,117,199,7,NULL,NULL,'2011-02-23','2012-03-15',NULL,NULL,'815.00',0,0,1,0,1,1,NULL,NULL,NULL,NULL,NULL,'--- !ruby/hash:ActiveSupport::HashWithIndifferentAccess\nanschaffungskategorie: AV-Technik\nreference: invoice\numzug: zgeln\nankunftszustand: intakt\n','2012-03-15 09:17:01','2012-03-15 09:17:01'),(210,'wrw4x2t33dbhrvmkww3e339','82:d7:87:48:10:30-97:f0:69:44:eb:e3-ca:de:a7:fc:b7:ef',216,118,200,5,NULL,NULL,'2007-04-12','2012-03-15',NULL,NULL,'1373.00',0,0,1,0,1,1,NULL,NULL,NULL,NULL,NULL,'--- !ruby/hash:ActiveSupport::HashWithIndifferentAccess\nanschaffungskategorie: AV-Technik\nreference: invoice\numzug: zgeln\nankunftszustand: intakt\n','2012-03-15 09:17:01','2012-03-15 09:17:01'),(211,'lt3737n2rdsg7tm9rn18340','14:fd:ce:e3:cd:66-c6:89:12:3c:02:5d-73:e8:f6:7c:08:61',217,119,201,3,NULL,NULL,'2007-10-17','2012-03-15',NULL,NULL,'936.00',0,0,1,0,1,1,NULL,NULL,NULL,NULL,NULL,'--- !ruby/hash:ActiveSupport::HashWithIndifferentAccess\nanschaffungskategorie: AV-Technik\nreference: invoice\numzug: zgeln\nankunftszustand: intakt\n','2012-03-15 09:17:01','2012-03-15 09:17:01'),(212,'88c6tua94c7zeqeve5a7341','55:f1:ce:23:bf:2b-af:49:39:36:17:98-ba:36:88:ce:91:9c',218,120,202,1,NULL,NULL,'2008-12-13','2012-03-15',NULL,NULL,'653.00',0,0,1,0,1,1,NULL,NULL,NULL,NULL,NULL,'--- !ruby/hash:ActiveSupport::HashWithIndifferentAccess\nanschaffungskategorie: AV-Technik\nreference: invoice\numzug: zgeln\nankunftszustand: intakt\n','2012-03-15 09:17:01','2012-03-15 09:17:01'),(213,'kkmzao3u36y97t3bf5jn342','e7:7c:a0:f4:ba:a0-47:cc:5a:ac:28:1e-dd:61:19:b9:fa:c0',219,121,203,2,NULL,NULL,'2008-09-13','2012-03-15',NULL,NULL,'368.00',0,0,1,0,1,1,NULL,NULL,NULL,NULL,NULL,'--- !ruby/hash:ActiveSupport::HashWithIndifferentAccess\nanschaffungskategorie: AV-Technik\nreference: invoice\numzug: zgeln\nankunftszustand: intakt\n','2012-03-15 09:17:01','2012-03-15 09:17:01'),(214,'kbu35iuakdk6uisd090z343','47:b0:66:2d:54:c6-78:ea:a1:f9:87:32-47:cf:ae:81:7f:f0',220,122,204,6,NULL,NULL,'2008-04-26','2012-03-15',NULL,NULL,'376.00',0,0,1,0,1,1,NULL,NULL,NULL,NULL,NULL,'--- !ruby/hash:ActiveSupport::HashWithIndifferentAccess\nanschaffungskategorie: AV-Technik\nreference: invoice\numzug: zgeln\nankunftszustand: intakt\n','2012-03-15 09:17:01','2012-03-15 09:17:01'),(215,'0j123ltg4uihub3e3vdo344','36:1a:4f:2d:c5:4a-d9:67:c0:e8:ad:fc-61:13:b3:43:2c:76',221,123,205,5,NULL,NULL,'2007-04-04','2012-03-15',NULL,NULL,'808.00',0,0,1,0,1,1,NULL,NULL,NULL,NULL,NULL,'--- !ruby/hash:ActiveSupport::HashWithIndifferentAccess\nanschaffungskategorie: AV-Technik\nreference: invoice\numzug: zgeln\nankunftszustand: intakt\n','2012-03-15 09:17:01','2012-03-15 09:17:01'),(216,'e13fa6v2ugrqxh3tztts345','70:75:09:ff:a6:66-85:a6:66:0b:cd:7d-33:f4:3d:25:1d:6f',222,124,206,3,NULL,NULL,'2007-12-29','2012-03-15',NULL,NULL,'920.00',0,0,1,0,1,1,NULL,NULL,NULL,NULL,NULL,'--- !ruby/hash:ActiveSupport::HashWithIndifferentAccess\nanschaffungskategorie: AV-Technik\nreference: invoice\numzug: zgeln\nankunftszustand: intakt\n','2012-03-15 09:17:01','2012-03-15 09:17:01'),(217,'k1ppmi22j0g87xtlra30346','73:1e:27:5c:67:9c-59:38:be:7f:d0:63-29:bf:a8:0b:3a:89',223,125,207,5,NULL,NULL,'2008-11-07','2012-03-15',NULL,NULL,'164.00',0,0,1,0,1,1,NULL,NULL,NULL,NULL,NULL,'--- !ruby/hash:ActiveSupport::HashWithIndifferentAccess\nanschaffungskategorie: AV-Technik\nreference: invoice\numzug: zgeln\nankunftszustand: intakt\n','2012-03-15 09:17:01','2012-03-15 09:17:01'),(218,'p95i1k0z1snrt57e18vu347','bd:3d:7b:33:c6:13-e7:14:7c:61:22:38-80:26:42:cd:86:cf',224,126,208,1,NULL,NULL,'2007-02-26','2012-03-15',NULL,NULL,'403.00',0,0,1,0,1,1,NULL,NULL,NULL,NULL,NULL,'--- !ruby/hash:ActiveSupport::HashWithIndifferentAccess\nanschaffungskategorie: AV-Technik\nreference: invoice\numzug: zgeln\nankunftszustand: intakt\n','2012-03-15 09:17:01','2012-03-15 09:17:01'),(219,'fmyecif8ew3olahsso85348','c7:39:81:d3:d9:34-1e:d5:b7:01:d5:c7-ab:10:d2:ac:36:df',225,NULL,NULL,1,NULL,NULL,NULL,NULL,NULL,NULL,NULL,0,0,1,0,1,0,NULL,NULL,NULL,NULL,NULL,'--- !ruby/hash:ActiveSupport::HashWithIndifferentAccess\nlicense_type: single_workplace\nactivation_type: serial_number\noperating_system:\n- windows\n- linux\ninstallation:\n- citrix\n- web\nreference: invoice\nmaintenance_contract: \'false\'\n','2012-03-15 09:17:01','2012-03-15 09:17:01'),(220,'4vllrut75go3t2d92qry349','21:db:4b:11:71:8a-0f:7b:3a:8c:69:88-1d:e2:14:13:2a:3b',226,127,209,7,NULL,NULL,'2009-11-30','2012-03-10',NULL,NULL,'738.00',0,0,1,0,2,1,NULL,NULL,NULL,NULL,NULL,'--- !ruby/hash:ActiveSupport::HashWithIndifferentAccess\nanschaffungskategorie: AV-Technik\nreference: invoice\numzug: zgeln\nankunftszustand: intakt\n','2012-03-10 00:00:00','2012-03-10 00:00:00'),(221,'p1g50kx9tyh18upy0301350','bb:bf:a7:2a:f0:5f-eb:9e:16:72:72:83-bc:68:76:b2:b5:e3',226,128,210,6,NULL,NULL,'2009-04-07','2012-03-10',NULL,NULL,'293.00',0,0,1,0,2,1,NULL,NULL,NULL,NULL,NULL,'--- !ruby/hash:ActiveSupport::HashWithIndifferentAccess\nanschaffungskategorie: AV-Technik\nreference: invoice\numzug: zgeln\nankunftszustand: intakt\n','2012-03-10 00:00:00','2012-03-10 00:00:00'),(222,'bhid1w0urtxlej9man8n351','b6:66:12:20:b7:6c-9c:f6:ee:be:d3:72-e6:28:e1:68:bf:9f',226,129,211,4,NULL,NULL,'2010-05-21','2012-03-10',NULL,NULL,'273.00',0,0,1,0,2,1,NULL,NULL,NULL,NULL,NULL,'--- !ruby/hash:ActiveSupport::HashWithIndifferentAccess\nanschaffungskategorie: AV-Technik\nreference: invoice\numzug: zgeln\nankunftszustand: intakt\n','2012-03-10 00:00:00','2012-03-10 00:00:00'),(223,'ggncxxqvl631xjsljg2j352','d0:22:95:9f:e6:ba-7a:75:7b:79:dd:42-d1:ab:10:06:17:0a',230,130,212,1,NULL,NULL,'2010-11-26','2012-03-15','2012-03-15','Soluta voluptatem quasi vel dolor iste ratione nostrum.','43.00',0,0,1,0,1,1,NULL,NULL,NULL,NULL,NULL,'--- !ruby/hash:ActiveSupport::HashWithIndifferentAccess\nanschaffungskategorie: AV-Technik\nreference: invoice\numzug: zgeln\nankunftszustand: intakt\n','2012-03-15 09:17:01','2012-03-15 09:17:01'),(224,'7o7bwijx3qqtasj5pnw1353','00:a2:69:75:52:dd-35:4f:2f:14:fa:da-35:21:cf:cf:cb:f9',231,131,213,2,NULL,NULL,'2007-05-21','2012-03-15',NULL,NULL,'428.00',0,0,1,0,2,1,NULL,NULL,NULL,NULL,NULL,'--- !ruby/hash:ActiveSupport::HashWithIndifferentAccess\nanschaffungskategorie: AV-Technik\nreference: invoice\numzug: zgeln\nankunftszustand: intakt\n','2012-03-15 09:17:01','2012-03-15 09:17:01'),(225,'xlx5swpexr1ya5k4h9c7354','b0:6e:23:b4:d2:6c-33:d4:2a:26:29:39-0c:77:1a:36:6a:4e',232,132,214,9,NULL,NULL,'2011-05-28','2012-03-15',NULL,NULL,'923.00',0,0,1,0,12,1,NULL,NULL,NULL,NULL,NULL,'--- !ruby/hash:ActiveSupport::HashWithIndifferentAccess\nanschaffungskategorie: AV-Technik\nreference: invoice\numzug: zgeln\nankunftszustand: intakt\n','2012-03-15 09:17:01','2012-03-15 09:17:01'),(226,'vu75rgriv31bl9e38scq355','18:65:a5:f6:82:a8-8d:d1:51:5f:43:4e-36:2e:c0:ea:f7:0b',233,133,215,6,NULL,NULL,'2010-07-16','2012-03-15',NULL,NULL,'986.00',0,0,1,0,13,1,NULL,NULL,NULL,NULL,NULL,'--- !ruby/hash:ActiveSupport::HashWithIndifferentAccess\nanschaffungskategorie: AV-Technik\nreference: invoice\numzug: zgeln\nankunftszustand: intakt\n','2012-03-15 09:17:01','2012-03-15 09:17:01'),(227,'p8sfbaw8hmrb6000em3n356','f8:ba:8a:37:65:be-d4:a1:92:c2:37:a3-9c:78:cc:d6:1c:35',234,134,216,5,NULL,NULL,'2007-05-16','2012-03-15',NULL,NULL,'1178.00',0,0,1,0,14,1,NULL,NULL,NULL,NULL,NULL,'--- !ruby/hash:ActiveSupport::HashWithIndifferentAccess\nanschaffungskategorie: AV-Technik\nreference: invoice\numzug: zgeln\nankunftszustand: intakt\n','2012-03-15 09:17:01','2012-03-15 09:17:01'),(228,'vwz96e5q382hx5tk5rsu357','31:44:08:df:90:ca-93:a7:1f:49:0e:6d-d2:76:d4:1b:41:ae',235,135,217,4,NULL,NULL,'2009-02-05','2012-03-15',NULL,NULL,'661.00',0,0,1,0,1,1,NULL,NULL,NULL,NULL,NULL,'--- !ruby/hash:ActiveSupport::HashWithIndifferentAccess\nanschaffungskategorie: AV-Technik\nreference: invoice\numzug: zgeln\nankunftszustand: intakt\n','2012-03-15 09:17:01','2012-03-15 09:17:01'),(229,'aulhczsf8icfwetwvtii358','fb:7f:a9:4a:a3:83-78:f0:be:d2:bd:ab-d0:e2:5c:14:74:07',236,136,218,13,NULL,NULL,'2009-12-25','2012-03-15',NULL,NULL,'992.00',0,0,1,0,1,1,NULL,NULL,NULL,NULL,NULL,'--- !ruby/hash:ActiveSupport::HashWithIndifferentAccess\nanschaffungskategorie: AV-Technik\nreference: invoice\numzug: zgeln\nankunftszustand: intakt\n','2012-03-15 09:17:01','2012-03-15 09:17:01'),(230,'gw8pcm0x5nolx29c9zyf359','06:83:ca:ae:d8:e0-17:7e:16:0d:be:76-4d:b3:ee:2a:ba:32',237,137,219,4,NULL,NULL,'2007-08-05','2012-03-15',NULL,NULL,'20.00',0,0,1,0,1,1,NULL,NULL,NULL,NULL,NULL,'--- !ruby/hash:ActiveSupport::HashWithIndifferentAccess\nanschaffungskategorie: AV-Technik\nreference: invoice\numzug: zgeln\nankunftszustand: intakt\n','2012-03-15 09:17:01','2012-03-15 09:17:01'),(231,'qgl04fdzt6ugl8ma31c5360','f3:d9:53:3a:3f:9f-21:f5:fa:8d:7e:7d-63:fb:dc:87:2d:43',238,138,220,13,NULL,NULL,'2010-08-31','2012-03-15',NULL,NULL,'301.00',0,0,1,0,1,1,NULL,NULL,NULL,NULL,NULL,'--- !ruby/hash:ActiveSupport::HashWithIndifferentAccess\nanschaffungskategorie: AV-Technik\nreference: invoice\numzug: zgeln\nankunftszustand: intakt\n','2012-03-15 09:17:01','2012-03-15 09:17:01'),(232,'0cjknxpglpzu1wzy75zy361','a0:2d:05:c9:b9:48-d2:3e:d9:c9:f9:af-07:0f:94:03:b2:9d',239,139,221,2,NULL,NULL,'2008-04-06','2012-03-15',NULL,NULL,'51.00',0,0,1,0,1,1,NULL,NULL,NULL,NULL,NULL,'--- !ruby/hash:ActiveSupport::HashWithIndifferentAccess\nanschaffungskategorie: AV-Technik\nreference: invoice\numzug: zgeln\nankunftszustand: intakt\n','2012-03-15 09:17:01','2012-03-15 09:17:01'),(233,'d4buwtogus4167wmfd9f362','d6:33:b6:d7:33:25-60:cb:c1:b4:39:05-61:27:98:a4:51:49',240,140,222,8,NULL,NULL,'2010-02-19','2012-03-15',NULL,NULL,'1038.00',0,0,1,0,1,1,NULL,NULL,NULL,NULL,NULL,'--- !ruby/hash:ActiveSupport::HashWithIndifferentAccess\nanschaffungskategorie: AV-Technik\nreference: invoice\numzug: zgeln\nankunftszustand: intakt\n','2012-03-15 09:17:01','2012-03-15 09:17:01'),(234,'pehqueys5ngsasm89iai363','e0:53:c2:5e:a5:3c-3e:82:30:7f:44:ec-5e:84:65:7c:1b:f8',241,141,223,3,NULL,NULL,'2009-05-22','2012-03-15',NULL,NULL,'303.00',0,0,1,0,1,1,NULL,NULL,NULL,NULL,NULL,'--- !ruby/hash:ActiveSupport::HashWithIndifferentAccess\nanschaffungskategorie: AV-Technik\nreference: invoice\numzug: zgeln\nankunftszustand: intakt\n','2012-03-15 09:17:01','2012-03-15 09:17:01'),(235,'04e10nyfn4dawa4l4hw2364','a7:d7:07:d1:4f:aa-75:e8:77:57:98:0a-fe:53:18:88:ce:90',242,142,224,10,NULL,NULL,'2008-10-09','2012-03-15',NULL,NULL,'1299.00',0,0,1,0,1,1,NULL,NULL,NULL,NULL,NULL,'--- !ruby/hash:ActiveSupport::HashWithIndifferentAccess\nanschaffungskategorie: AV-Technik\nreference: invoice\numzug: zgeln\nankunftszustand: intakt\n','2012-03-15 09:17:01','2012-03-15 09:17:01'),(236,'zqow5927741l8wlyyti0365','ff:82:ee:35:bd:95-95:70:f3:1d:7d:1b-c3:47:d0:92:52:a1',243,143,225,1,NULL,NULL,'2008-01-21','2012-03-15',NULL,NULL,'255.00',0,0,1,0,1,1,NULL,NULL,NULL,NULL,NULL,'--- !ruby/hash:ActiveSupport::HashWithIndifferentAccess\nanschaffungskategorie: AV-Technik\nreference: invoice\numzug: zgeln\nankunftszustand: intakt\n','2012-03-15 09:17:01','2012-03-15 09:17:01'),(237,'u9nb04ahuk5d226u921p366','d6:de:17:b4:9e:da-e4:7f:16:89:c4:ac-02:e9:3c:2a:81:2a',244,144,226,9,NULL,NULL,'2007-08-10','2012-03-15',NULL,NULL,'628.00',0,0,1,0,1,1,NULL,NULL,NULL,NULL,NULL,'--- !ruby/hash:ActiveSupport::HashWithIndifferentAccess\nanschaffungskategorie: AV-Technik\nreference: invoice\numzug: zgeln\nankunftszustand: intakt\n','2012-03-15 09:17:01','2012-03-15 09:17:01'),(238,'4c7hg6lgpvhmvf85nbzh367','0c:4c:39:b6:40:0b-6a:30:c4:bf:f6:f6-a4:dc:f7:9a:d2:2d',245,145,227,8,NULL,NULL,'2007-10-03','2012-03-15',NULL,NULL,'1095.00',0,0,1,0,1,1,NULL,NULL,NULL,NULL,NULL,'--- !ruby/hash:ActiveSupport::HashWithIndifferentAccess\nanschaffungskategorie: AV-Technik\nreference: invoice\numzug: zgeln\nankunftszustand: intakt\n','2012-03-15 09:17:01','2012-03-15 09:17:01'),(239,'v1ulhpbrbe3wx1vgh51h368','56:48:7c:96:c1:22-5d:b8:e4:69:71:9a-11:59:d6:9f:1a:a2',246,146,228,5,NULL,NULL,'2007-05-25','2012-03-10',NULL,NULL,'1140.00',0,0,1,0,1,1,NULL,NULL,NULL,NULL,NULL,'--- !ruby/hash:ActiveSupport::HashWithIndifferentAccess\nanschaffungskategorie: AV-Technik\nreference: invoice\numzug: zgeln\nankunftszustand: intakt\n','2012-03-10 00:00:00','2012-03-10 00:00:00'),(240,'9iybvu3y40xjpe1nig6p369','98:9b:01:88:09:1a-41:f7:90:27:67:69-a9:33:15:c2:c0:5e',247,147,229,3,NULL,NULL,'2010-07-16','2012-03-10',NULL,NULL,'1046.00',0,0,1,0,1,1,NULL,NULL,NULL,NULL,NULL,'--- !ruby/hash:ActiveSupport::HashWithIndifferentAccess\nanschaffungskategorie: AV-Technik\nreference: invoice\numzug: zgeln\nankunftszustand: intakt\n','2012-03-10 00:00:00','2012-03-10 00:00:00'),(241,'o416fcx0kmgvz2e7wya9370','c1:7d:28:c9:ab:87-0d:8e:0e:fb:fa:c1-c7:89:79:66:f1:b4',248,148,230,7,NULL,NULL,'2010-05-10','2012-03-10',NULL,NULL,'1029.00',0,0,1,0,1,1,NULL,NULL,NULL,NULL,NULL,'--- !ruby/hash:ActiveSupport::HashWithIndifferentAccess\nanschaffungskategorie: AV-Technik\nreference: invoice\numzug: zgeln\nankunftszustand: intakt\n','2012-03-10 00:00:00','2012-03-10 00:00:00'),(242,'8sr1qvrc9zpc8cqy1wrt371','62:d6:84:7d:9b:3c-2f:62:13:1f:ce:23-b9:d4:88:35:08:e0',249,149,231,3,NULL,NULL,'2007-04-11','2012-03-15',NULL,NULL,'195.00',0,0,1,0,3,1,NULL,NULL,NULL,NULL,NULL,'--- !ruby/hash:ActiveSupport::HashWithIndifferentAccess\nanschaffungskategorie: AV-Technik\nreference: invoice\numzug: zgeln\nankunftszustand: intakt\n','2012-03-15 09:17:01','2012-03-15 09:17:01'),(243,'ex1j98zwu1imjvcpq47j372','1c:53:b5:e2:2d:bb-a5:a0:31:ee:76:10-87:12:58:b3:73:4a',249,150,232,10,NULL,NULL,'2009-07-26','2012-03-15',NULL,NULL,'95.00',0,0,1,0,3,1,NULL,NULL,NULL,NULL,NULL,'--- !ruby/hash:ActiveSupport::HashWithIndifferentAccess\nanschaffungskategorie: AV-Technik\nreference: invoice\numzug: zgeln\nankunftszustand: intakt\n','2012-03-15 09:17:01','2012-03-15 09:17:01'),(244,'bbm7lbwqtazeukuu59z7373','82:57:3a:9c:e5:2a-22:d9:d9:60:ed:52-90:ef:03:1d:8d:65',249,151,233,8,NULL,NULL,'2009-12-13','2012-03-15',NULL,NULL,'232.00',0,0,1,0,3,1,NULL,NULL,NULL,NULL,NULL,'--- !ruby/hash:ActiveSupport::HashWithIndifferentAccess\nanschaffungskategorie: AV-Technik\nreference: invoice\numzug: zgeln\nankunftszustand: intakt\n','2012-03-15 09:17:01','2012-03-15 09:17:01'),(245,'ye4rdvildv882dya0fks374','13:8f:16:96:18:63-55:cb:9d:87:db:3a-8b:9d:05:ef:61:85',253,152,234,5,NULL,NULL,'2008-10-15','2012-03-15',NULL,NULL,'385.00',0,0,1,0,3,1,NULL,NULL,NULL,NULL,NULL,'--- !ruby/hash:ActiveSupport::HashWithIndifferentAccess\nanschaffungskategorie: AV-Technik\nreference: invoice\numzug: zgeln\nankunftszustand: intakt\n','2012-03-15 09:17:01','2012-03-15 09:17:01'),(246,'z9igo7dkt3fw5pykwk5r375','42:1e:c2:e4:ca:2e-40:1e:7e:f1:ae:6b-c9:34:ed:bb:20:20',253,153,235,9,NULL,NULL,'2008-08-18','2012-03-15',NULL,NULL,'1376.00',0,0,1,0,3,1,NULL,NULL,NULL,NULL,NULL,'--- !ruby/hash:ActiveSupport::HashWithIndifferentAccess\nanschaffungskategorie: AV-Technik\nreference: invoice\numzug: zgeln\nankunftszustand: intakt\n','2012-03-15 09:17:01','2012-03-15 09:17:01'),(247,'l5p86chljtqgj26wtbew376','5e:e1:e7:30:7e:64-90:0f:2a:d1:f1:b9-e3:cc:d3:45:c6:bb',253,154,236,6,NULL,NULL,'2011-09-23','2012-03-15',NULL,NULL,'580.00',0,0,1,0,3,1,NULL,NULL,NULL,NULL,NULL,'--- !ruby/hash:ActiveSupport::HashWithIndifferentAccess\nanschaffungskategorie: AV-Technik\nreference: invoice\numzug: zgeln\nankunftszustand: intakt\n','2012-03-15 09:17:01','2012-03-15 09:17:01'),(248,'fub1g920fxwiv8yzlt9q377','5e:5d:0a:db:fa:a7-40:09:87:38:9a:bd-5d:8b:de:f7:07:6b',257,155,237,7,NULL,NULL,'2008-03-27','2012-03-15',NULL,NULL,'353.00',0,0,1,0,3,1,NULL,NULL,NULL,NULL,NULL,'--- !ruby/hash:ActiveSupport::HashWithIndifferentAccess\nanschaffungskategorie: AV-Technik\nreference: invoice\numzug: zgeln\nankunftszustand: intakt\n','2012-03-15 09:17:01','2012-03-15 09:17:01'),(249,'rwrox8nd64u01dsfegu7378','60:02:3e:97:d9:73-e2:59:25:fc:b1:86-11:c9:59:bd:c3:07',257,156,238,1,NULL,NULL,'2007-04-08','2012-03-15',NULL,NULL,'1359.00',0,0,1,0,3,1,NULL,NULL,NULL,NULL,NULL,'--- !ruby/hash:ActiveSupport::HashWithIndifferentAccess\nanschaffungskategorie: AV-Technik\nreference: invoice\numzug: zgeln\nankunftszustand: intakt\n','2012-03-15 09:17:01','2012-03-15 09:17:01'),(250,'waae9g78qlladmir2p6m379','2e:30:4d:89:c2:19-e5:15:19:27:8e:02-ab:69:4a:28:a3:0f',257,157,239,5,NULL,NULL,'2010-10-02','2012-03-15',NULL,NULL,'1183.00',0,0,1,0,3,1,NULL,NULL,NULL,NULL,NULL,'--- !ruby/hash:ActiveSupport::HashWithIndifferentAccess\nanschaffungskategorie: AV-Technik\nreference: invoice\numzug: zgeln\nankunftszustand: intakt\n','2012-03-15 09:17:01','2012-03-15 09:17:01'),(251,'neq7feknk5w47swn47sd380','4f:10:ae:12:41:c2-0f:51:28:a6:c4:18-ac:32:60:b9:64:95',261,158,240,4,NULL,NULL,'2008-06-25','2012-03-15',NULL,NULL,'848.00',0,0,1,0,2,1,NULL,NULL,NULL,NULL,NULL,'--- !ruby/hash:ActiveSupport::HashWithIndifferentAccess\nanschaffungskategorie: AV-Technik\nreference: invoice\numzug: zgeln\nankunftszustand: intakt\n','2012-03-15 09:17:01','2012-03-15 09:17:01'),(252,'n1deve49twuhdrwpyfov381','6d:c4:a5:7d:75:04-b6:6c:e5:89:d4:3a-a8:e5:dc:ae:5c:94',261,159,241,3,NULL,NULL,'2009-06-02','2012-03-15',NULL,NULL,'242.00',0,0,1,0,2,1,NULL,NULL,NULL,NULL,NULL,'--- !ruby/hash:ActiveSupport::HashWithIndifferentAccess\nanschaffungskategorie: AV-Technik\nreference: invoice\numzug: zgeln\nankunftszustand: intakt\n','2012-03-15 09:17:01','2012-03-15 09:17:01'),(253,'c3h67rlb7x45g7cb86dg382','20:7e:2a:12:a5:85-48:19:99:fc:72:09-8f:3e:19:82:6d:a9',261,160,242,4,NULL,NULL,'2008-11-23','2012-03-15',NULL,NULL,'605.00',0,0,1,0,2,1,NULL,NULL,NULL,NULL,NULL,'--- !ruby/hash:ActiveSupport::HashWithIndifferentAccess\nanschaffungskategorie: AV-Technik\nreference: invoice\numzug: zgeln\nankunftszustand: intakt\n','2012-03-15 09:17:01','2012-03-15 09:17:01'),(254,'62k77x8457et953ealdd383','e0:44:26:ff:ae:f4-64:d0:ea:e5:cb:53-a9:8d:8b:09:08:31',265,161,243,12,NULL,NULL,'2010-03-24','2012-03-15',NULL,NULL,'41.00',0,0,1,0,2,1,NULL,NULL,NULL,NULL,NULL,'--- !ruby/hash:ActiveSupport::HashWithIndifferentAccess\nanschaffungskategorie: AV-Technik\nreference: invoice\numzug: zgeln\nankunftszustand: intakt\n','2012-03-15 09:17:01','2012-03-15 09:17:01'),(255,'yyay4qutqzvyw6orxeuo384','86:50:1b:3a:d3:01-f6:de:75:8a:a5:c9-90:4a:34:5e:b0:0f',265,162,244,12,NULL,NULL,'2011-11-17','2012-03-15',NULL,NULL,'176.00',0,0,1,0,2,1,NULL,NULL,NULL,NULL,NULL,'--- !ruby/hash:ActiveSupport::HashWithIndifferentAccess\nanschaffungskategorie: AV-Technik\nreference: invoice\numzug: zgeln\nankunftszustand: intakt\n','2012-03-15 09:17:01','2012-03-15 09:17:01'),(256,'9vii3ksi5m9lw4pdasle385','0b:83:b5:cd:1e:77-ba:05:15:44:4f:34-76:56:ae:d2:42:28',265,163,245,14,NULL,NULL,'2009-03-01','2012-03-15',NULL,NULL,'786.00',0,0,1,0,2,1,NULL,NULL,NULL,NULL,NULL,'--- !ruby/hash:ActiveSupport::HashWithIndifferentAccess\nanschaffungskategorie: AV-Technik\nreference: invoice\numzug: zgeln\nankunftszustand: intakt\n','2012-03-15 09:17:01','2012-03-15 09:17:01'),(257,'1w7uoexdd2sud3h12xzg386','63:d2:da:5e:ec:75-71:72:c3:fa:6b:1b-a5:eb:bf:65:86:d8',269,164,246,9,NULL,NULL,'2010-02-27','2012-03-15',NULL,NULL,'1491.00',0,0,1,0,2,1,NULL,NULL,NULL,NULL,NULL,'--- !ruby/hash:ActiveSupport::HashWithIndifferentAccess\nanschaffungskategorie: AV-Technik\nreference: invoice\numzug: zgeln\nankunftszustand: intakt\n','2012-03-15 09:17:01','2012-03-15 09:17:01'),(258,'ta5fgkc3pywgaq1n0tpi387','54:a1:25:10:34:c5-fd:a9:f3:db:0f:d9-f2:39:e5:fe:39:11',269,165,247,2,NULL,NULL,'2010-05-04','2012-03-15',NULL,NULL,'1407.00',0,0,1,0,2,1,NULL,NULL,NULL,NULL,NULL,'--- !ruby/hash:ActiveSupport::HashWithIndifferentAccess\nanschaffungskategorie: AV-Technik\nreference: invoice\numzug: zgeln\nankunftszustand: intakt\n','2012-03-15 09:17:01','2012-03-15 09:17:01'),(259,'ppgm5ty796yu0eibi7np388','54:a6:7b:a2:1a:29-b1:43:07:87:03:68-31:84:64:41:52:c8',269,166,248,4,NULL,NULL,'2008-03-10','2012-03-15',NULL,NULL,'403.00',0,0,1,0,2,1,NULL,NULL,NULL,NULL,NULL,'--- !ruby/hash:ActiveSupport::HashWithIndifferentAccess\nanschaffungskategorie: AV-Technik\nreference: invoice\numzug: zgeln\nankunftszustand: intakt\n','2012-03-15 09:17:01','2012-03-15 09:17:01'),(260,'4gpz0uahq59r9rq4q3to389','3e:9e:1e:d7:04:27-d3:9d:11:eb:e6:78-93:b7:8c:fc:2d:e1',273,167,249,5,NULL,NULL,'2010-09-06','2012-03-15',NULL,NULL,'400.00',0,0,1,0,1,1,NULL,NULL,NULL,NULL,NULL,'--- !ruby/hash:ActiveSupport::HashWithIndifferentAccess\nanschaffungskategorie: AV-Technik\nreference: invoice\numzug: zgeln\nankunftszustand: intakt\n','2012-03-15 09:17:01','2012-03-15 09:17:01'),(261,'urd7400igujhvahi4unc390','38:0a:37:29:24:bb-66:19:be:bc:a6:d7-1d:74:29:14:69:2e',273,168,250,5,NULL,NULL,'2008-03-16','2012-03-15',NULL,NULL,'958.00',0,0,1,0,1,1,NULL,NULL,NULL,NULL,NULL,'--- !ruby/hash:ActiveSupport::HashWithIndifferentAccess\nanschaffungskategorie: AV-Technik\nreference: invoice\numzug: zgeln\nankunftszustand: intakt\n','2012-03-15 09:17:01','2012-03-15 09:17:01'),(262,'nurrcicthdft83746abt391','06:cf:0b:89:87:fe-39:c0:6a:09:d7:98-08:85:8d:eb:c6:76',273,169,251,7,NULL,NULL,'2008-12-13','2012-03-15',NULL,NULL,'1336.00',0,0,1,0,1,1,NULL,NULL,NULL,NULL,NULL,'--- !ruby/hash:ActiveSupport::HashWithIndifferentAccess\nanschaffungskategorie: AV-Technik\nreference: invoice\numzug: zgeln\nankunftszustand: intakt\n','2012-03-15 09:17:01','2012-03-15 09:17:01'),(263,'m81d2xzub71g9y4pdeyi392','3a:e0:5e:e8:e2:32-ec:6e:95:ef:fc:d9-74:86:b3:96:1c:ef',277,170,252,9,NULL,NULL,'2010-02-22','2012-03-15',NULL,NULL,'1132.00',0,0,1,0,1,1,NULL,NULL,NULL,NULL,NULL,'--- !ruby/hash:ActiveSupport::HashWithIndifferentAccess\nanschaffungskategorie: AV-Technik\nreference: invoice\numzug: zgeln\nankunftszustand: intakt\n','2012-03-15 09:17:01','2012-03-15 09:17:01'),(264,'jx101ipk7882o03wzzkm393','9e:fc:15:0b:94:20-81:ba:24:42:53:4a-00:f1:9b:9e:80:c1',277,171,253,11,NULL,NULL,'2009-11-02','2012-03-15',NULL,NULL,'332.00',0,0,1,0,1,1,NULL,NULL,NULL,NULL,NULL,'--- !ruby/hash:ActiveSupport::HashWithIndifferentAccess\nanschaffungskategorie: AV-Technik\nreference: invoice\numzug: zgeln\nankunftszustand: intakt\n','2012-03-15 09:17:01','2012-03-15 09:17:01'),(265,'pl7o90pnrb2ghtbrqlaj394','21:1e:f4:4d:ba:50-85:9c:7e:a8:24:73-a8:d0:4e:fa:a7:9f',277,172,254,4,NULL,NULL,'2009-11-07','2012-03-15',NULL,NULL,'1380.00',0,0,1,0,1,1,NULL,NULL,NULL,NULL,NULL,'--- !ruby/hash:ActiveSupport::HashWithIndifferentAccess\nanschaffungskategorie: AV-Technik\nreference: invoice\numzug: zgeln\nankunftszustand: intakt\n','2012-03-15 09:17:01','2012-03-15 09:17:01'),(266,'jl6wahim5lde4j8hslzk395','3a:fc:c5:a9:15:87-a4:57:4a:b0:2f:e5-ed:27:da:1c:33:db',281,173,255,8,NULL,NULL,'2007-07-01','2012-03-15',NULL,NULL,'249.00',0,0,1,0,1,1,NULL,NULL,NULL,NULL,NULL,'--- !ruby/hash:ActiveSupport::HashWithIndifferentAccess\nanschaffungskategorie: AV-Technik\nreference: invoice\numzug: zgeln\nankunftszustand: intakt\n','2012-03-15 09:17:01','2012-03-15 09:17:01'),(267,'1kuput5iwu225nhp9oie396','bd:26:6e:40:7e:8c-a1:12:f3:c0:de:74-89:06:5b:0a:ae:17',281,174,256,3,NULL,NULL,'2010-12-15','2012-03-15',NULL,NULL,'1262.00',0,0,1,0,1,1,NULL,NULL,NULL,NULL,NULL,'--- !ruby/hash:ActiveSupport::HashWithIndifferentAccess\nanschaffungskategorie: AV-Technik\nreference: invoice\numzug: zgeln\nankunftszustand: intakt\n','2012-03-15 09:17:01','2012-03-15 09:17:01'),(268,'hsm5fplpt16ckzjqpi7k397','27:80:9d:a6:b4:7a-ab:0b:f3:3d:f2:9b-26:4e:ac:9b:3d:08',281,175,257,5,NULL,NULL,'2008-07-26','2012-03-15',NULL,NULL,'405.00',0,0,1,0,1,1,NULL,NULL,NULL,NULL,NULL,'--- !ruby/hash:ActiveSupport::HashWithIndifferentAccess\nanschaffungskategorie: AV-Technik\nreference: invoice\numzug: zgeln\nankunftszustand: intakt\n','2012-03-15 09:17:01','2012-03-15 09:17:01'),(269,'0o84om7pjjqqll4cgmxl398','6c:25:c3:2e:41:ab-22:1c:64:d5:15:e4-f8:1a:95:87:d0:91',285,NULL,258,1,NULL,NULL,'2009-12-09','2012-03-15',NULL,NULL,'322.00',0,0,1,0,1,1,NULL,NULL,NULL,NULL,NULL,'--- !ruby/hash:ActiveSupport::HashWithIndifferentAccess\nanschaffungskategorie: AV-Technik\nreference: invoice\numzug: zgeln\nankunftszustand: intakt\n','2012-03-15 09:17:01','2012-03-15 09:17:01'),(270,'fimy1jjcysadh8lly9a5399','61:80:de:17:25:18-62:04:a0:37:d4:51-f1:fc:3b:1d:3a:65',286,176,259,1,NULL,NULL,'2009-11-09','2012-03-15',NULL,NULL,'468.00',0,0,1,0,1,1,NULL,NULL,NULL,NULL,NULL,'--- !ruby/hash:ActiveSupport::HashWithIndifferentAccess\nanschaffungskategorie: AV-Technik\nreference: invoice\numzug: zgeln\nankunftszustand: intakt\n','2012-03-15 09:17:01','2012-03-15 09:17:01'),(271,'25x4gwy2spbiz2nc1f9b400','26:b1:71:24:b6:12-f9:b9:ea:3b:7e:b5-46:02:11:c7:eb:c7',287,NULL,NULL,1,NULL,NULL,NULL,NULL,NULL,NULL,NULL,0,0,0,0,2,0,NULL,NULL,NULL,NULL,NULL,'--- !ruby/hash:ActiveSupport::HashWithIndifferentAccess\noperating_system:\n- windows\n- linux\nlicense_type: concurrent\ntotal_quantity: 287\nreference: invoice\nactivation_type: none\nmaintenance_contract: \'false\'\n','2012-03-15 09:17:01','2012-03-15 09:17:01'),(272,'6e8blu5id1r4v97huxk7401','65:5c:c5:84:0c:1c-f4:86:d9:b9:3d:db-fb:0f:08:4b:a6:1e',288,177,260,8,NULL,NULL,'2008-01-06','2012-03-15',NULL,NULL,'525.00',0,0,1,0,1,1,NULL,NULL,NULL,NULL,NULL,'--- !ruby/hash:ActiveSupport::HashWithIndifferentAccess\nanschaffungskategorie: AV-Technik\nreference: invoice\numzug: zgeln\nankunftszustand: intakt\n','2012-03-15 09:17:01','2012-03-15 09:17:01'),(273,'r3bofk2ronna4m9jwqp8402','95:dd:65:d9:66:0c-d0:46:53:ed:bf:47-43:6e:a4:a1:09:17',288,178,261,5,NULL,NULL,'2009-12-23','2012-03-15',NULL,NULL,'1415.00',0,0,1,0,1,1,NULL,NULL,NULL,NULL,NULL,'--- !ruby/hash:ActiveSupport::HashWithIndifferentAccess\nanschaffungskategorie: AV-Technik\nreference: invoice\numzug: zgeln\nankunftszustand: intakt\n','2012-03-15 09:17:01','2012-03-15 09:17:01'),(274,'5vki5cssk9es6tq1e675403','db:12:f1:70:3d:0e-2e:8a:a6:4f:ca:ab-e1:4b:c8:65:84:a7',288,179,262,6,NULL,NULL,'2010-11-26','2012-03-15',NULL,NULL,'119.00',0,0,1,0,1,1,NULL,NULL,NULL,NULL,NULL,'--- !ruby/hash:ActiveSupport::HashWithIndifferentAccess\nanschaffungskategorie: AV-Technik\nreference: invoice\numzug: zgeln\nankunftszustand: intakt\n','2012-03-15 09:17:01','2012-03-15 09:17:01');
/*!40000 ALTER TABLE `items` ENABLE KEYS */;
UNLOCK TABLES;

--
-- Table structure for table `languages`
--

DROP TABLE IF EXISTS `languages`;
/*!40101 SET @saved_cs_client     = @@character_set_client */;
/*!40101 SET character_set_client = utf8 */;
CREATE TABLE `languages` (
  `id` int(11) NOT NULL AUTO_INCREMENT,
  `name` varchar(255) COLLATE utf8_unicode_ci DEFAULT NULL,
  `locale_name` varchar(255) COLLATE utf8_unicode_ci DEFAULT NULL,
  `default` tinyint(1) DEFAULT NULL,
  `active` tinyint(1) DEFAULT NULL,
  PRIMARY KEY (`id`),
  UNIQUE KEY `index_languages_on_name` (`name`),
  KEY `index_languages_on_active_and_default` (`active`,`default`)
) ENGINE=InnoDB AUTO_INCREMENT=5 DEFAULT CHARSET=utf8 COLLATE=utf8_unicode_ci;
/*!40101 SET character_set_client = @saved_cs_client */;

--
-- Dumping data for table `languages`
--

LOCK TABLES `languages` WRITE;
/*!40000 ALTER TABLE `languages` DISABLE KEYS */;
INSERT INTO `languages` VALUES (1,'English','en-GB',1,1),(2,'Deutsch','de-CH',0,1),(3,'Castellano','es',0,1),(4,'Zrittsch','gsw-CH',0,1);
/*!40000 ALTER TABLE `languages` ENABLE KEYS */;
UNLOCK TABLES;

--
-- Table structure for table `locations`
--

DROP TABLE IF EXISTS `locations`;
/*!40101 SET @saved_cs_client     = @@character_set_client */;
/*!40101 SET character_set_client = utf8 */;
CREATE TABLE `locations` (
  `id` int(11) NOT NULL AUTO_INCREMENT,
  `room` varchar(255) COLLATE utf8_unicode_ci DEFAULT NULL,
  `shelf` varchar(255) COLLATE utf8_unicode_ci DEFAULT NULL,
  `building_id` int(11) DEFAULT NULL,
  PRIMARY KEY (`id`),
  KEY `index_locations_on_building_id` (`building_id`),
  CONSTRAINT `locations_building_id_fk` FOREIGN KEY (`building_id`) REFERENCES `buildings` (`id`)
) ENGINE=InnoDB AUTO_INCREMENT=180 DEFAULT CHARSET=utf8 COLLATE=utf8_unicode_ci;
/*!40101 SET character_set_client = @saved_cs_client */;

--
-- Dumping data for table `locations`
--

LOCK TABLES `locations` WRITE;
/*!40000 ALTER TABLE `locations` DISABLE KEYS */;
INSERT INTO `locations` VALUES (1,'Rerumaut','adipiscirepellat',2),(2,'Molestiasqui','iderror',3),(3,'Temporeaccusantium','quiaconsequatur',4),(4,'Aliasofficia','nobisveniam',5),(5,'Blanditiisquam','quiaaut',6),(6,'Autdistinctio','explicaboquod',7),(7,'Odioquia','temporibusconsectetur',8),(8,'Laborevoluptatem','eumaut',9),(9,'Eosmodi','namut',10),(10,'Dignissimosblanditiis','maximecum',11),(11,'Inciduntenim','eaaccusantium',12),(12,'Beataeeos','porroconsequatur',13),(13,'Inconsectetur','sapientefugit',14),(14,'Quaeratvoluptatem','voluptatibusconsectetur',15),(15,'Modimagni','eumaperiam',16),(16,'Ealaudantium','inciduntiusto',17),(17,'Quosquo','ametunde',18),(18,'Liberocum','fugiatsimilique',19),(19,'Praesentiumconsequuntur','maximemodi',20),(20,'Nonaut','evenietquia',21),(21,'Cumquequi','nequepossimus',22),(22,'Molestiaenumquam','eainventore',23),(23,'Totamsed','laboriosamaliquam',24),(24,'Dolorlaboriosam','perferendisratione',25),(25,'Magnamconsequuntur','essenecessitatibus',26),(26,'Autmollitia','eosoptio',27),(27,'Nonquas','quasiest',28),(28,'Veniamunde','perferendiseaque',29),(29,'Etet','consequaturad',30),(30,'Veniamab','fugaautem',31),(31,'Necessitatibusblanditiis','quaeratexercitationem',32),(32,'Eligendialiquam','beataemolestias',33),(33,'Molestiaeinventore','officiaveniam',34),(34,'Etesse','voluptasmolestiae',35),(35,'Auttempora','saepeexercitationem',36),(36,'Etbeatae','corporisnisi',37),(37,'Earumet','dolorvoluptates',38),(38,'Liberoqui','reprehenderitfuga',39),(39,'Hicqui','rerumplaceat',40),(40,'Ipsumvoluptatum','quaecum',41),(41,'Dictaodio','laboriosamautem',42),(42,'Minimaratione','officiadolorem',43),(43,'SQ2','Desk',44),(44,'UG 13','Ausgabe',45),(45,'Natusest','temporibusut',46),(46,'Praesentiumquo','culpafacere',47),(47,'Sedaperiam','quiqui',48),(48,'Omnisdolorum','placeatveniam',49),(49,'Excepturifacilis','aliquidconsequatur',50),(50,'Atneque','quaeratfacilis',51),(51,'Sintveniam','assumendaquidem',52),(52,'Quisquos','distinctioconsequatur',53),(53,'Sequifacilis','adsed',54),(54,'Rerumin','officiasit',55),(55,'Sedvoluptate','eligendiimpedit',56),(56,'Autadipisci','autemvitae',57),(57,'Istevoluptatem','veldolores',58),(58,'Eumet','doloribusipsa',59),(59,'Eased','explicaboodit',60),(60,'Etab','recusandaesimilique',61),(61,'Facilisconsequatur','suntconsectetur',62),(62,'Aliasdolorum','voluptassunt',63),(63,'Culpadolor','accusamusipsam',64),(64,'Doloromnis','errorcorrupti',65),(65,'Autmagni','solutaenim',66),(66,'Sequia','liberonatus',67),(67,'Ducimusalias','rerumquibusdam',68),(68,'Voluptasqui','voluptatemearum',69),(69,'Atquesaepe','adipisciquisquam',70),(70,'Cupiditatedolor','autillum',71),(71,'Ipsaomnis','optiout',72),(72,'Etiusto','iustoet',73),(73,'Explicabolibero','architectoquod',74),(74,'Quodolor','omnisqui',75),(75,'Quasquis','doloremsint',76),(76,'Molestiascumque','possimusomnis',77),(77,'Delenitidolor','autemipsa',78),(78,'Nullaassumenda','sitsequi',79),(79,'Adquia','reiciendisdeserunt',80),(80,'Omnisincidunt','repudiandaeerror',81),(81,'Cumqueratione','explicabovoluptate',82),(82,'Accusamusiure','eadoloremque',83),(83,'Ipsamdeserunt','omnisad',84),(84,'Eafacere','saepeeius',85),(85,'Molestiasomnis','remomnis',86),(86,'Solutaharum','sintvoluptatem',87),(87,'Eaquehic','aliquidvoluptates',88),(88,'Etmaxime','quibusdamconsequatur',89),(89,'Temporibusodio','pariaturquos',90),(90,'Atqueea','quasiatque',91),(91,'Eadolorum','voluptatemrepellendus',92),(92,'Estvoluptate','liberoofficiis',93),(93,'Asperioresfacere','errorut',94),(94,'Verotempore','utsit',95),(95,'Voluptasmodi','aperiamdolores',96),(96,'Sapientemaxime','quodquos',97),(97,'Molestiasquo','etdolorem',98),(98,'Blanditiisest','itaquefuga',99),(99,'Utquis','absapiente',100),(100,'Beataedelectus','modiaspernatur',101),(101,'Adipiscihic','nihilaliquid',102),(102,'Sitvoluptate','blanditiisipsa',103),(103,'Invelit','eteos',104),(104,'Beataequo','velet',105),(105,'Sintaspernatur','etrepellat',106),(106,'Laboreaut','quialabore',107),(107,'Magnamtenetur','voluptatemautem',108),(108,'Omniscupiditate','placeatlaboriosam',109),(109,'Adplaceat','quiatempora',110),(110,'Essefugiat','blanditiisperspiciatis',111),(111,'Velitut','liberosimilique',112),(112,'Impeditdeserunt','sedaut',113),(113,'Commodiamet','sapientevelit',114),(114,'Autemincidunt','magnamqui',115),(115,'Rerumenim','iustoconsectetur',116),(116,'Auteminventore','estrepellat',117),(117,'Molestiaeveritatis','cupiditatedignissimos',118),(118,'Autnobis','assumendaquis',119),(119,'Quosreprehenderit','quaeratin',120),(120,'Idvoluptas','rerumalias',121),(121,'Veroplaceat','nonmaiores',122),(122,'Doloremfugiat','quossunt',123),(123,'Suntipsam','nisidolorem',124),(124,'Quaeratminima','nisiqui',125),(125,'Enimest','autemnihil',126),(126,'Quoquam','etqui',128),(127,'Velitdelectus','doloremqueillum',129),(128,'Eaunde','abdolor',130),(129,'Sitpossimus','autea',131),(130,'Iureeos','sitneque',132),(131,'Dolordeleniti','molestiaevoluptates',133),(132,'Culpaut','fugiatsapiente',134),(133,'Minimaquaerat','voluptatemveniam',135),(134,'Quisuscipit','doloremamet',136),(135,'Omnisodio','utdolores',137),(136,'Totameos','corporisbeatae',138),(137,'Estquod','eaveritatis',139),(138,'Iustonon','accusamusrerum',140),(139,'Eligendiea','molestiasqui',141),(140,'Enimnisi','magnamnon',142),(141,'Voluptasest','sintillum',143),(142,'Quoharum','autemest',144),(143,'Dolorummagnam','doloremqueut',145),(144,'Quasidoloremque','excepturiaperiam',146),(145,'Repellendusdebitis','etipsam',147),(146,'Cumqueaut','autmaxime',148),(147,'Dolorumsit','rerumut',149),(148,'Architectoexplicabo','nihillaboriosam',150),(149,'Quibusdamvoluptatem','estaccusamus',151),(150,'Minimaet','ipsamolestiae',152),(151,'Quisin','nullaeos',153),(152,'Magnamsit','quiaesse',154),(153,'Distinctioalias','exdicta',155),(154,'Consequaturiste','quisasperiores',156),(155,'Praesentiumillum','fugitnumquam',157),(156,'Exsoluta','voluptatibuset',158),(157,'Quoitaque','utet',159),(158,'Assumendaut','consequaturet',160),(159,'Ipsaet','delectusaccusamus',161),(160,'Seddelectus','autquas',162),(161,'Placeataut','dolorumqui',163),(162,'Repellatiure','natusveniam',164),(163,'Utvel','repellendusbeatae',165),(164,'Verofacilis','omnisquae',166),(165,'Autemnesciunt','perferendisreprehenderit',167),(166,'Illoblanditiis','aliquamenim',168),(167,'Sitipsa','explicabotenetur',169),(168,'Quisquamet','voluptasalias',170),(169,'Molestiaemaxime','etexpedita',171),(170,'Numquamet','possimusvoluptas',172),(171,'Ipsaquis','consequunturrepellendus',173),(172,'Officiispossimus','liberocum',174),(173,'Similiqueiste','uta',175),(174,'Doloribusvoluptatem','veritatisdolor',176),(175,'Voluptatibusconsequatur','quosvero',177),(176,'Sedvoluptatibus','voluptatemquidem',178),(177,'Aliasofficiis','nobiscorrupti',179),(178,'Aliasut','doloremquesit',180),(179,'Facilisut','autmolestias',181);
/*!40000 ALTER TABLE `locations` ENABLE KEYS */;
UNLOCK TABLES;

--
-- Table structure for table `model_group_links`
--

DROP TABLE IF EXISTS `model_group_links`;
/*!40101 SET @saved_cs_client     = @@character_set_client */;
/*!40101 SET character_set_client = utf8 */;
CREATE TABLE `model_group_links` (
  `id` int(11) NOT NULL AUTO_INCREMENT,
  `ancestor_id` int(11) DEFAULT NULL,
  `descendant_id` int(11) DEFAULT NULL,
  `direct` tinyint(1) DEFAULT NULL,
  `count` int(11) DEFAULT NULL,
  `label` varchar(255) COLLATE utf8_unicode_ci DEFAULT NULL,
  PRIMARY KEY (`id`),
  KEY `index_model_group_links_on_ancestor_id` (`ancestor_id`),
  KEY `index_model_group_links_on_direct` (`direct`),
  KEY `index_on_descendant_id_and_ancestor_id_and_direct` (`descendant_id`,`ancestor_id`,`direct`),
  CONSTRAINT `model_group_links_descendant_id_fk` FOREIGN KEY (`descendant_id`) REFERENCES `model_groups` (`id`) ON DELETE CASCADE,
  CONSTRAINT `model_group_links_ancestor_id_fk` FOREIGN KEY (`ancestor_id`) REFERENCES `model_groups` (`id`) ON DELETE CASCADE
) ENGINE=InnoDB AUTO_INCREMENT=9 DEFAULT CHARSET=utf8 COLLATE=utf8_unicode_ci;
/*!40101 SET character_set_client = @saved_cs_client */;

--
-- Dumping data for table `model_group_links`
--

LOCK TABLES `model_group_links` WRITE;
/*!40000 ALTER TABLE `model_group_links` DISABLE KEYS */;
INSERT INTO `model_group_links` VALUES (1,2,10,1,1,NULL),(2,2,8,1,1,NULL),(3,5,10,1,1,NULL),(4,5,9,1,1,NULL),(5,1,9,1,1,NULL),(6,1,11,0,1,NULL),(7,5,11,0,1,NULL),(8,9,11,1,1,NULL);
/*!40000 ALTER TABLE `model_group_links` ENABLE KEYS */;
UNLOCK TABLES;

--
-- Table structure for table `model_groups`
--

DROP TABLE IF EXISTS `model_groups`;
/*!40101 SET @saved_cs_client     = @@character_set_client */;
/*!40101 SET character_set_client = utf8 */;
CREATE TABLE `model_groups` (
  `id` int(11) NOT NULL AUTO_INCREMENT,
  `type` varchar(255) COLLATE utf8_unicode_ci DEFAULT NULL,
  `name` varchar(255) COLLATE utf8_unicode_ci DEFAULT NULL,
  `created_at` datetime DEFAULT NULL,
  `updated_at` datetime DEFAULT NULL,
  PRIMARY KEY (`id`),
  KEY `index_model_groups_on_type` (`type`)
) ENGINE=InnoDB AUTO_INCREMENT=15 DEFAULT CHARSET=utf8 COLLATE=utf8_unicode_ci;
/*!40101 SET character_set_client = @saved_cs_client */;

--
-- Dumping data for table `model_groups`
--

LOCK TABLES `model_groups` WRITE;
/*!40000 ALTER TABLE `model_groups` DISABLE KEYS */;
INSERT INTO `model_groups` VALUES (1,'Category','Beamer','2012-03-15 09:17:01','2012-03-15 09:17:01'),(2,'Category','Kameras','2012-03-15 09:17:01','2012-03-15 09:17:01'),(3,'Category','Stative','2012-03-15 09:17:01','2012-03-15 09:17:01'),(4,'Category','Hifi-Anlagen','2012-03-15 09:17:01','2012-03-15 09:17:01'),(5,'Category','Notebooks','2012-03-15 09:17:01','2012-03-15 09:17:01'),(6,'Category','RC Helikopter','2012-03-15 09:17:01','2012-03-15 09:17:01'),(7,'Category','Computer','2012-03-15 09:17:01','2012-03-15 09:17:01'),(8,'Category','Kurzdistanz','2012-03-15 09:17:01','2012-03-15 09:17:01'),(9,'Category','Portabel','2012-03-15 09:17:01','2012-03-15 09:17:01'),(10,'Category','Standard','2012-03-15 09:17:01','2012-03-15 09:17:01'),(11,'Category','Micro','2012-03-15 09:17:01','2012-03-15 09:17:01'),(12,'Template','Kamera & Stativ','2012-03-15 09:17:01','2012-03-15 09:17:01'),(13,'Template','Beamer & Hifi','2012-03-15 09:17:01','2012-03-15 09:17:01'),(14,'Template','Unaccomplishable template','2012-03-15 09:17:01','2012-03-15 09:17:01');
/*!40000 ALTER TABLE `model_groups` ENABLE KEYS */;
UNLOCK TABLES;

--
-- Table structure for table `model_links`
--

DROP TABLE IF EXISTS `model_links`;
/*!40101 SET @saved_cs_client     = @@character_set_client */;
/*!40101 SET character_set_client = utf8 */;
CREATE TABLE `model_links` (
  `id` int(11) NOT NULL AUTO_INCREMENT,
  `model_group_id` int(11) DEFAULT NULL,
  `model_id` int(11) DEFAULT NULL,
  `quantity` int(11) DEFAULT '1',
  PRIMARY KEY (`id`),
  KEY `index_model_links_on_model_id_and_model_group_id` (`model_id`,`model_group_id`),
  KEY `index_model_links_on_model_group_id_and_model_id` (`model_group_id`,`model_id`),
  CONSTRAINT `model_links_model_id_fk` FOREIGN KEY (`model_id`) REFERENCES `models` (`id`) ON DELETE CASCADE,
  CONSTRAINT `model_links_model_group_id_fk` FOREIGN KEY (`model_group_id`) REFERENCES `model_groups` (`id`) ON DELETE CASCADE
) ENGINE=InnoDB AUTO_INCREMENT=73 DEFAULT CHARSET=utf8 COLLATE=utf8_unicode_ci;
/*!40101 SET character_set_client = @saved_cs_client */;

--
-- Dumping data for table `model_links`
--

LOCK TABLES `model_links` WRITE;
/*!40000 ALTER TABLE `model_links` DISABLE KEYS */;
INSERT INTO `model_links` VALUES (1,1,58,1),(2,9,58,1),(3,1,59,1),(4,1,60,1),(5,1,62,1),(6,9,62,1),(7,11,63,1),(8,1,64,1),(9,1,65,1),(10,1,66,1),(11,1,67,1),(12,1,68,1),(13,1,69,1),(14,1,70,1),(15,1,71,1),(16,1,72,1),(17,1,73,1),(18,1,74,1),(19,1,75,1),(20,1,76,1),(21,1,77,1),(22,1,78,1),(23,1,79,1),(24,1,80,1),(25,1,81,1),(26,1,82,1),(27,1,83,1),(28,2,84,1),(29,2,85,1),(30,2,86,1),(31,2,87,1),(32,2,88,1),(33,2,89,1),(34,2,90,1),(35,2,91,1),(36,2,92,1),(37,2,93,1),(38,2,94,1),(39,2,95,1),(40,2,96,1),(41,2,97,1),(42,2,98,1),(43,2,99,1),(44,2,100,1),(45,2,101,1),(46,2,102,1),(47,2,103,1),(48,2,104,1),(49,2,105,1),(50,2,106,1),(51,2,107,1),(52,2,108,1),(53,2,109,1),(54,2,110,1),(55,2,111,1),(56,2,112,1),(57,2,113,1),(58,2,114,1),(59,4,115,1),(60,3,116,1),(61,12,84,1),(62,12,116,1),(63,13,58,1),(64,13,115,1),(65,14,84,999),(66,14,116,999),(67,2,149,1),(68,7,150,1),(69,5,151,1),(70,6,152,1),(71,6,153,1),(72,6,154,1);
/*!40000 ALTER TABLE `model_links` ENABLE KEYS */;
UNLOCK TABLES;

--
-- Table structure for table `models`
--

DROP TABLE IF EXISTS `models`;
/*!40101 SET @saved_cs_client     = @@character_set_client */;
/*!40101 SET character_set_client = utf8 */;
CREATE TABLE `models` (
  `id` int(11) NOT NULL AUTO_INCREMENT,
  `type` varchar(255) COLLATE utf8_unicode_ci NOT NULL DEFAULT 'Model',
  `manufacturer` varchar(255) COLLATE utf8_unicode_ci DEFAULT NULL,
  `product` varchar(255) COLLATE utf8_unicode_ci NOT NULL,
  `version` varchar(255) COLLATE utf8_unicode_ci DEFAULT NULL,
  `description` text COLLATE utf8_unicode_ci,
  `internal_description` text COLLATE utf8_unicode_ci,
  `info_url` varchar(255) COLLATE utf8_unicode_ci DEFAULT NULL,
  `rental_price` decimal(8,2) DEFAULT NULL,
  `maintenance_period` int(11) DEFAULT '0',
  `is_package` tinyint(1) DEFAULT '0',
  `technical_detail` text COLLATE utf8_unicode_ci,
  `hand_over_note` text COLLATE utf8_unicode_ci,
  `created_at` datetime DEFAULT NULL,
  `updated_at` datetime DEFAULT NULL,
  PRIMARY KEY (`id`),
  KEY `index_models_on_is_package` (`is_package`),
  KEY `index_models_on_type` (`type`)
) ENGINE=InnoDB AUTO_INCREMENT=292 DEFAULT CHARSET=utf8 COLLATE=utf8_unicode_ci;
/*!40101 SET character_set_client = @saved_cs_client */;

--
-- Dumping data for table `models`
--

LOCK TABLES `models` WRITE;
/*!40000 ALTER TABLE `models` DISABLE KEYS */;
INSERT INTO `models` VALUES (1,'Model','Ryan-Adams','Practical Steel Gloves','319','Veritatis earum recusandae necessitatibus pariatur.','Beatae quia id et modi in.',NULL,NULL,0,0,'Beatae vitae doloribus aspernatur placeat iusto laborum.','Eaque voluptatibus voluptas perspiciatis dolor qui fugit.','2012-03-15 09:17:01','2012-03-15 09:17:01'),(2,'Model','Mayert Inc','Rustic Steel Gloves','320','Neque doloremque dolorem et rerum officiis harum.','In rerum dolore laboriosam qui unde.',NULL,NULL,3,0,'Eius incidunt necessitatibus et aperiam veritatis dignissimos provident et.','Sunt distinctio maxime autem.','2012-03-15 09:17:01','2012-03-15 09:17:01'),(3,'Model','Stoltenberg, Rau and Spinka','Ergonomic Steel Chair','321','Qui est ipsum est eos.','Ut tenetur saepe dolorem delectus nihil est esse sequi.',NULL,NULL,1,0,'Consequuntur a modi natus accusantium.','Nostrum atque repudiandae aut alias aliquam.','2012-03-15 09:17:01','2012-03-15 09:17:01'),(4,'Model','Rosenbaum, Crist and McGlynn','Intelligent Concrete Gloves','322','Quo neque doloremque beatae ratione alias.','Rem exercitationem accusamus atque eos ex quis hic rerum.',NULL,NULL,2,0,'Atque tenetur ipsum itaque quisquam ducimus.','Sint aspernatur voluptatibus possimus ut quo.','2012-03-15 09:17:01','2012-03-15 09:17:01'),(5,'Model','Ernser LLC','Awesome Rubber Computer','323','Aut expedita cum alias et ea vero non deserunt.','Est magnam totam ratione officia optio et rerum sint.',NULL,NULL,1,0,'Saepe repellendus omnis nisi accusantium ea quasi recusandae eum.','Molestias at unde labore perspiciatis iste assumenda.','2012-03-15 09:17:01','2012-03-15 09:17:01'),(6,'Model','Ernser, Lindgren and Ruecker','Sleek Rubber Computer','324','Consectetur quam aut at quod quibusdam atque.','Alias sequi doloribus officia debitis.',NULL,NULL,0,0,'Est vero ut non sed.','Error ratione voluptas molestiae.','2012-03-15 09:17:01','2012-03-15 09:17:01'),(7,'Model','Fadel, Collins and Rogahn','Gorgeous Steel Pants','325','Fugiat tenetur deleniti hic consequuntur nobis fugit.','Sunt adipisci est aut praesentium.',NULL,NULL,2,0,'Eum eos eveniet ut consequatur.','Delectus aut voluptatem rerum et quaerat.','2012-03-15 09:17:01','2012-03-15 09:17:01'),(8,'Model','Upton Inc','Gorgeous Steel Shoes','326','A rerum molestiae accusamus.','Voluptatem unde ut in omnis.',NULL,NULL,2,0,'Quo et voluptatem maxime quod ut voluptas aut aut.','Cumque eum voluptatem autem quam ab vel animi.','2012-03-15 09:17:01','2012-03-15 09:17:01'),(9,'Model','Nitzsche-Altenwerth','Intelligent Plastic Hat','327','Autem qui dolor earum aut aut dolore quae sint.','Beatae eaque totam iste sequi itaque assumenda vero sed.',NULL,NULL,0,0,'Incidunt ea reiciendis beatae distinctio delectus aut autem fuga.','In neque consectetur non voluptas.','2012-03-15 09:17:01','2012-03-15 09:17:01'),(10,'Model','Leffler Inc','Gorgeous Granite Car','328','Tempora ad minima sed veritatis velit.','Exercitationem necessitatibus et at adipisci ab debitis ratione vel.',NULL,NULL,2,0,'Non atque consequatur qui magnam sed et eos tempora.','Ipsum dolor molestias voluptas officia sint.','2012-03-15 09:17:01','2012-03-15 09:17:01'),(11,'Model','Barton, Hagenes and Treutel','Fantastic Granite Gloves','329','Culpa sed similique dolores sequi.','Sed ut harum dicta itaque modi qui aut enim.',NULL,NULL,1,0,'Velit voluptatum recusandae tempora consequatur reprehenderit minus qui.','Ipsam nulla molestiae sed sit velit non.','2012-03-15 09:17:01','2012-03-15 09:17:01'),(12,'Model','Larson, Kulas and Fay','Sleek Plastic Shirt','330','Dolor et nobis ut ut ipsa voluptate eum.','Laborum vel porro quia in et nam.',NULL,NULL,3,0,'Reprehenderit quam voluptatem est adipisci deserunt nobis quisquam.','Corrupti eligendi voluptas qui aut.','2012-03-15 09:17:01','2012-03-15 09:17:01'),(13,'Model','Lehner-Harber','Rustic Granite Gloves','331','Nostrum repellat perspiciatis cumque molestias.','Amet labore unde nostrum est qui aut iusto.',NULL,NULL,3,0,'Sit consectetur et minus nihil qui.','Voluptatem eum et dolorem reiciendis.','2012-03-15 09:17:01','2012-03-15 09:17:01'),(14,'Model','Jerde-Predovic','Rustic Concrete Hat','332','Nihil laborum esse temporibus natus sunt.','Quia magni quae adipisci cumque velit architecto.',NULL,NULL,0,0,'Nemo perspiciatis non ut tenetur facere adipisci neque.','Quo occaecati aut dolorem accusamus.','2012-03-15 09:17:01','2012-03-15 09:17:01'),(15,'Model','Gleichner LLC','Practical Rubber Table','333','Cum ut id adipisci ut libero.','Atque aspernatur ea et corporis sapiente corrupti.',NULL,NULL,1,0,'Voluptatibus et est eveniet voluptas quidem praesentium.','Totam molestias mollitia sunt cupiditate.','2012-03-15 09:17:01','2012-03-15 09:17:01'),(16,'Model','Langosh, O\'Reilly and Kunde','Gorgeous Plastic Gloves','334','Sed debitis repellat ut tempora facere veritatis nobis.','Est sequi rerum enim dolor tempore.',NULL,NULL,2,0,'Modi occaecati assumenda corrupti nulla voluptatem odio.','Ea ex necessitatibus placeat consequuntur officia.','2012-03-15 09:17:01','2012-03-15 09:17:01'),(17,'Model','Schultz, Dibbert and Reilly','Rustic Steel Shoes','335','Reiciendis deserunt velit ipsum dolor.','Quae laudantium magni qui quia pariatur molestiae necessitatibus.',NULL,NULL,0,0,'Qui et inventore pariatur nobis ad.','Ut nemo ut amet quas non ea mollitia error.','2012-03-15 09:17:01','2012-03-15 09:17:01'),(18,'Model','Sanford, Ortiz and Fadel','Ergonomic Concrete Hat','336','Minus eum velit delectus non omnis.','Non enim fugit cum culpa architecto.',NULL,NULL,1,0,'Enim odit incidunt est voluptatibus doloribus illum eos.','Nobis ex suscipit totam doloremque asperiores qui soluta.','2012-03-15 09:17:01','2012-03-15 09:17:01'),(19,'Model','Collier, Anderson and Gerlach','Intelligent Plastic Shirt','337','Enim magni voluptatem odit.','Explicabo et aut excepturi et quasi asperiores.',NULL,NULL,2,0,'In quo quas temporibus porro ipsa quod voluptas.','Aut repellat et veniam tenetur repudiandae delectus qui neque.','2012-03-15 09:17:01','2012-03-15 09:17:01'),(20,'Model','Walsh-Zulauf','Rustic Plastic Shoes','338','Et earum sapiente aperiam doloribus voluptatibus ut et ab.','Non labore eum deleniti.',NULL,NULL,1,0,'Odio aliquid suscipit beatae minima excepturi.','Sit sed aut laudantium.','2012-03-15 09:17:01','2012-03-15 09:17:01'),(21,'Model','Dare and Sons','Incredible Rubber Hat','339','Nulla maiores nemo rem delectus rerum.','Rerum ipsam dolore et sapiente consequatur voluptas odit illo.',NULL,NULL,3,0,'Vel a est sunt esse quae.','Et ipsum aliquid id.','2012-03-15 09:17:01','2012-03-15 09:17:01'),(22,'Model','Emard Inc','Practical Plastic Computer','340','Molestiae quas hic itaque vel.','Et iure ipsa quia ipsum deserunt et quos ab.',NULL,NULL,2,0,'Molestiae tempore et sed quae omnis natus.','Ab dolorem eius quaerat et quibusdam in asperiores maxime.','2012-03-15 09:17:01','2012-03-15 09:17:01'),(23,'Model','Homenick, Leffler and Marvin','Gorgeous Steel Gloves','341','Explicabo est aliquid magnam.','Modi consectetur ea consequatur harum ex suscipit.',NULL,NULL,1,0,'Quae reprehenderit ut dignissimos molestiae.','At harum omnis omnis enim nulla delectus earum.','2012-03-15 09:17:01','2012-03-15 09:17:01'),(24,'Model','Prohaska Group','Gorgeous Rubber Chair','342','Ex animi et illum et voluptas eos rerum ratione.','Occaecati quia consectetur pariatur aut eius numquam quam explicabo.',NULL,NULL,3,0,'Fugiat sed et illum animi dolores rerum quisquam.','Et tempore qui mollitia quo dolorem sint quis.','2012-03-15 09:17:01','2012-03-15 09:17:01'),(25,'Model','Davis, Little and Wintheiser','Incredible Rubber Car','343','Quis voluptas quae aut consequatur est nobis autem neque.','Doloremque laboriosam vitae voluptas.',NULL,NULL,2,0,'Accusantium velit voluptate sit nam qui cumque hic.','Aut ducimus architecto eaque tempore ea amet autem.','2012-03-15 09:17:01','2012-03-15 09:17:01'),(26,'Model','Considine-Ziemann','Gorgeous Concrete Gloves','344','Fuga sit sed reprehenderit.','Et sed nam dignissimos eaque asperiores incidunt sint at.',NULL,NULL,0,0,'Consectetur et et aut et.','Est doloremque consequatur nostrum velit asperiores.','2012-03-15 09:17:01','2012-03-15 09:17:01'),(27,'Model','Upton-Legros','Gorgeous Cotton Table','345','Illum laboriosam similique est.','Velit quos ut pariatur nobis esse quam.',NULL,NULL,2,0,'Provident molestiae libero neque delectus ea repellendus error.','Provident excepturi quo numquam.','2012-03-15 09:17:01','2012-03-15 09:17:01'),(28,'Model','Jones, Gerhold and Bradtke','Incredible Concrete Hat','346','Distinctio ut nihil vel dicta aut non.','Voluptas et quisquam ut architecto harum et non.',NULL,NULL,0,0,'Voluptatum vero maiores voluptatem et.','Perspiciatis voluptas fugit dolorum porro qui itaque vel provident.','2012-03-15 09:17:01','2012-03-15 09:17:01'),(29,'Model','Bernhard, Walter and Bednar','Ergonomic Cotton Gloves','347','Velit quo laudantium iure dolorum.','Dolorum minima aut mollitia iste error aut.',NULL,NULL,1,0,'Unde et minus officiis laboriosam fugiat tenetur.','Omnis mollitia temporibus ipsum.','2012-03-15 09:17:01','2012-03-15 09:17:01'),(30,'Model','Brakus-Kiehn','Gorgeous Concrete Pants','348','Dolorem rerum ea qui eum hic facere.','Fuga fugiat dolore culpa non modi vero quia.',NULL,NULL,0,0,'Eaque velit nulla accusantium qui pariatur reprehenderit consequatur.','Numquam eligendi quis quibusdam ipsam officia adipisci debitis vel.','2012-03-15 09:17:01','2012-03-15 09:17:01'),(31,'Model','Marks-Kuphal','Rustic Cotton Computer','349','Molestiae laboriosam tempore magni iure facere.','Quibusdam voluptas dolores aut et velit.',NULL,NULL,1,0,'Vero non consequuntur voluptatem.','Corrupti id quaerat optio quasi sed modi et.','2012-03-15 09:17:01','2012-03-15 09:17:01'),(32,'Model','Rodriguez Group','Ergonomic Wooden Hat','350','Optio pariatur ut neque.','Est laboriosam consequatur velit est eius ex.',NULL,NULL,1,0,'Doloribus ducimus ea est fugiat minima.','Error ipsa odit illo.','2012-03-15 09:17:01','2012-03-15 09:17:01'),(33,'Model','Windler and Sons','Fantastic Wooden Shirt','351','Dolores voluptas doloremque maxime non ab velit doloribus rerum.','Impedit nobis minima consequatur exercitationem fugiat nihil assumenda consequatur.',NULL,NULL,0,0,'In consequatur id qui aliquid unde harum.','Non aut hic a voluptas voluptates.','2012-03-15 09:17:01','2012-03-15 09:17:01'),(34,'Model','Feeney and Sons','Awesome Concrete Shoes','352','Natus temporibus vel eos similique harum quo officia repudiandae.','Sit consequatur hic fugit.',NULL,NULL,0,0,'Labore doloribus laboriosam aut.','Nostrum ea eveniet aliquam.','2012-03-15 09:17:01','2012-03-15 09:17:01'),(35,'Model','O\'Hara, MacGyver and Lindgren','Rustic Wooden Hat','353','Ratione odio alias et aperiam ut.','Pariatur blanditiis dolorem perspiciatis dolorem.',NULL,NULL,3,0,'Aut quo modi repudiandae expedita quibusdam sunt at quia.','Natus et perspiciatis quo quibusdam est.','2012-03-15 09:17:01','2012-03-15 09:17:01'),(36,'Model','Konopelski-Boyer','Fantastic Wooden Hat','354','Doloribus rerum libero aut veniam culpa est.','Similique cumque vero consequuntur et est.',NULL,NULL,0,0,'Dolor earum sint eos ea eum harum suscipit et.','Omnis dicta eum optio voluptatem odit.','2012-03-15 09:17:01','2012-03-15 09:17:01'),(37,'Model','Herman-Braun','Rustic Concrete Computer','355','Cumque voluptatibus cum doloribus omnis.','Voluptates voluptatum placeat praesentium optio.',NULL,NULL,1,0,'Laboriosam placeat inventore accusantium ullam temporibus quis architecto provident.','Rerum enim est modi ullam sint optio ut quis.','2012-03-15 09:17:01','2012-03-15 09:17:01'),(38,'Model','Von-Bogisich','Fantastic Concrete Gloves','356','Autem tenetur enim nam rerum.','Porro vero repellendus quis aspernatur accusantium recusandae eum.',NULL,NULL,1,0,'Nam incidunt blanditiis quaerat.','Animi maxime qui consectetur id repellendus doloremque error dignissimos.','2012-03-15 09:17:01','2012-03-15 09:17:01'),(39,'Model','Mayert-Gleichner','Sleek Rubber Hat','357','Voluptas repudiandae numquam aut.','Exercitationem assumenda doloribus et omnis in.',NULL,NULL,3,0,'Quae omnis itaque asperiores ipsa repudiandae architecto nisi aut.','Qui quo tempora corporis animi ad.','2012-03-15 09:17:01','2012-03-15 09:17:01'),(40,'Model','Schumm, Sawayn and Brakus','Small Concrete Table','358','Veritatis aut est fugiat unde dolor qui qui perferendis.','Consectetur fugiat corrupti et.',NULL,NULL,2,0,'Aperiam perspiciatis veritatis repudiandae enim.','Dolor nostrum eum quaerat laboriosam fuga numquam repellat.','2012-03-15 09:17:01','2012-03-15 09:17:01'),(41,'Model','Hudson-Weissnat','Rustic Plastic Hat','359','Saepe temporibus sunt error a veritatis ut repellat dolor.','A voluptatem hic modi.',NULL,NULL,1,0,'Est corrupti optio suscipit atque minima omnis error.','Minima est molestias id voluptates autem velit ullam assumenda.','2012-03-15 09:17:01','2012-03-15 09:17:01'),(42,'Model','Kertzmann, Donnelly and Ankunding','Fantastic Cotton Pants','360','Ullam tenetur commodi vel velit ut aperiam.','Aliquam sapiente perferendis incidunt qui dolor cum est repellat.',NULL,NULL,2,0,'Perspiciatis cumque id optio nisi et libero.','Neque quo repellendus pariatur sunt sit.','2012-03-15 09:17:01','2012-03-15 09:17:01'),(43,'Model','Hilpert Group','Practical Cotton Shoes','361','Ipsum sit nostrum quos dicta nesciunt sunt et occaecati.','Consequatur est est quis aliquam ipsum.',NULL,NULL,1,0,'Quasi neque eos aut provident odio quia dignissimos.','Soluta velit facilis suscipit.','2012-03-15 09:17:01','2012-03-15 09:17:01'),(44,'Model','Johns-Connelly','Gorgeous Cotton Hat','362','Perspiciatis eum reprehenderit mollitia.','Occaecati eos deserunt vero non delectus repellat.',NULL,NULL,3,0,'In et rerum eligendi doloremque dolor.','Beatae ea in deserunt.','2012-03-15 09:17:01','2012-03-15 09:17:01'),(45,'Model','Wiza-Goyette','Practical Wooden Shirt','363','Non veniam eius doloribus iure dicta.','Non vitae autem unde et.',NULL,NULL,1,0,'Veniam distinctio temporibus aut molestiae quae eius harum ducimus.','Laboriosam recusandae veniam cumque ea quo delectus est.','2012-03-15 09:17:01','2012-03-15 09:17:01'),(46,'Model','Ryan LLC','Small Cotton Chair','364','Qui laboriosam ut ad omnis laborum est eius.','Iste aut consequuntur illo sed quidem ut.',NULL,NULL,2,0,'Voluptatem consequuntur tenetur eos quae rerum at.','Ipsum earum voluptas quia totam blanditiis vel.','2012-03-15 09:17:01','2012-03-15 09:17:01'),(47,'Model','Haag Group','Ergonomic Plastic Pants','365','Consequatur quis quaerat quis ut consectetur.','Eum minima est in et rem qui.',NULL,NULL,3,0,'In quisquam ea id perspiciatis quidem ut aut eaque.','Consequatur neque adipisci repudiandae error qui.','2012-03-15 09:17:01','2012-03-15 09:17:01'),(48,'Model','Hettinger-Koepp','Incredible Wooden Table','366','Ad voluptatem facere ex error nesciunt voluptatem ab.','Omnis rerum rem fugiat qui non.',NULL,NULL,1,0,'Aperiam qui voluptatem eaque qui nostrum vel.','Ut earum id numquam iure ea.','2012-03-15 09:17:01','2012-03-15 09:17:01'),(49,'Model','Paucek, Breitenberg and Heller','Intelligent Rubber Car','367','Nihil quo voluptate sit officiis in voluptatem voluptates expedita.','Facilis molestiae rem et et.',NULL,NULL,1,0,'Harum eos non repellendus.','Aliquid sit iste vel corporis explicabo rerum odit rerum.','2012-03-15 09:17:01','2012-03-15 09:17:01'),(50,'Model','Roob and Sons','Practical Wooden Car','368','Natus amet sit voluptatem minus.','Iste excepturi reprehenderit quidem quis culpa quod.',NULL,NULL,0,0,'Doloribus qui quia ut officia commodi.','Consequuntur animi adipisci debitis voluptates aliquam rerum accusantium sint.','2012-03-15 09:17:01','2012-03-15 09:17:01'),(51,'Model','Casper-Metz','Awesome Concrete Gloves','369','Porro expedita dolores et ipsum a voluptatem.','Ipsa quis sapiente voluptate qui ullam fugit consequatur architecto.',NULL,NULL,3,0,'Nostrum libero et in dolor praesentium enim vel.','Reiciendis dolore voluptas id similique saepe iure tempora.','2012-03-15 09:17:01','2012-03-15 09:17:01'),(52,'Model','Luettgen and Sons','Small Plastic Pants','370','Omnis omnis ad sed voluptatum sunt.','Eius quaerat laudantium expedita veniam praesentium voluptas quia tenetur.',NULL,NULL,2,0,'Ut aliquam sint minus eveniet vero saepe necessitatibus eius.','Ut consequatur quae quaerat impedit est beatae atque iure.','2012-03-15 09:17:01','2012-03-15 09:17:01'),(53,'Model','Beier, Kiehn and Considine','Awesome Wooden Computer','371','Suscipit eius quos sed beatae est et.','Quibusdam odio facere consequatur esse dolor quod eos.',NULL,NULL,3,0,'Maxime tenetur consectetur est quae voluptas quia sit.','Ea et soluta ducimus iure quis quo eum.','2012-03-15 09:17:01','2012-03-15 09:17:01'),(54,'Model','Mills, Fahey and Wiza','Sleek Cotton Table','372','Excepturi voluptate sunt reiciendis.','Velit eos facere quia aut ipsum incidunt voluptatem.',NULL,NULL,0,0,'Voluptas eum molestiae quam hic.','Aperiam nobis molestias eum qui aut natus.','2012-03-15 09:17:01','2012-03-15 09:17:01'),(55,'Model','Homenick-Weimann','Fantastic Cotton Car','373','Earum corrupti officiis nesciunt.','Voluptas sunt dolor dolores deserunt voluptatum illo ut repellat.',NULL,NULL,0,0,'Voluptas occaecati consequatur similique eligendi iusto voluptas illo id.','Corporis culpa optio explicabo nisi.','2012-03-15 09:17:01','2012-03-15 09:17:01'),(56,'Model','Tillman and Sons','Sleek Plastic Hat','374','Sed corrupti nostrum inventore.','Eligendi mollitia totam vitae occaecati magnam enim numquam non.',NULL,NULL,3,0,'Rem velit assumenda quia culpa minus optio maiores praesentium.','Sit quia quia aut perspiciatis eos et.','2012-03-15 09:17:01','2012-03-15 09:17:01'),(57,'Model','Apple','MacBookPro','375','Laptop fr Studis und Angestellte.','Sed laborum suscipit ut autem.',NULL,NULL,0,0,'Et excepturi rerum qui.','Mit Verpackung aushndigen.','2012-03-15 09:17:01','2012-03-15 09:17:01'),(58,'Model','Sharp','Sharp Beamer','123','Beamer, geeignet fr alle Verwendungszwecke.','Fugiat reiciendis non sequi eum natus.',NULL,NULL,0,0,'Distinctio molestiae non eum aut deleniti optio minus dicta.','Beamer brauch ein VGA Kabel!','2012-03-15 09:17:01','2012-03-15 09:17:01'),(59,'Model','Sharp','Sharp Beamer 2D','376','Beamer, geeignet fr alle Verwendungszwecke.','Minima quibusdam qui minus enim.',NULL,NULL,0,0,'Ullam minus aut tenetur accusantium sit rerum.','Eius dolor et et quod maiores veritatis nobis.','2012-03-15 09:17:01','2012-03-15 09:17:01'),(60,'Model','Panasonic','Mini Beamer','377','Beamer, geeignet fr alle Verwendungszwecke.','Totam sint quod cupiditate.',NULL,NULL,0,0,'Architecto nihil ut fugit laboriosam magni ex ipsam dolor.','Doloribus vel ut doloremque.','2012-03-15 09:17:01','2012-03-15 09:17:01'),(61,'Model','Sharp','Sharp Beamer','456','Beamer, geeignet fr alle Verwendungszwecke.','Ad vel est quis et totam qui ab.',NULL,NULL,0,0,'Quam corrupti dicta in accusamus.','Beamer brauch ein VGA Kabel!','2012-03-15 09:17:01','2012-03-15 09:17:01'),(62,'Model','Sony','Ultra Compact Beamer','378','Besonders kleiner Beamer.','Veritatis corrupti molestiae omnis.',NULL,NULL,0,0,'Fuga in cupiditate suscipit rem voluptates architecto dicta ut.','Beamer brauch ein VGA Kabel!','2012-03-15 09:17:01','2012-03-15 09:17:01'),(63,'Model','Micro','Micro Beamer','379','Besonders mikro kleiner Beamer.','Fugiat nemo est ea tenetur veritatis eveniet harum.',NULL,NULL,0,0,'Aut laboriosam ducimus assumenda.','Beamer brauch ein VGA Kabel!','2012-03-15 09:17:01','2012-03-15 09:17:01'),(64,'Model','Sony','Beamer 1 maxime','380','Tempora et reprehenderit voluptas unde eum eius molestiae.','Molestias neque harum amet eligendi consequatur sit ex qui.',NULL,NULL,0,0,'Beatae aliquid porro assumenda incidunt.','Beamer brauch ein VGA Kabel!','2012-03-15 09:17:01','2012-03-15 09:17:01'),(65,'Model','Sony','Beamer 2 et','381','Excepturi et quo beatae ducimus sint repudiandae.','Nulla molestiae velit natus animi.',NULL,NULL,0,0,'Harum dolor velit non sed modi.','Beamer brauch ein VGA Kabel!','2012-03-15 09:17:01','2012-03-15 09:17:01'),(66,'Model','Sony','Beamer 3 velit','382','Ut autem saepe maxime aut.','Enim error tempore quia voluptate praesentium est ut illum.',NULL,NULL,0,0,'Eum dolore qui asperiores magni voluptas tempora.','Beamer brauch ein VGA Kabel!','2012-03-15 09:17:01','2012-03-15 09:17:01'),(67,'Model','Sony','Beamer 4 qui','383','Veritatis dolore repudiandae esse nobis accusantium quisquam.','Mollitia qui architecto sit placeat et.',NULL,NULL,0,0,'Tempora quia officiis velit inventore perspiciatis quod voluptas.','Beamer brauch ein VGA Kabel!','2012-03-15 09:17:01','2012-03-15 09:17:01'),(68,'Model','Sony','Beamer 5 voluptatem','384','Consequatur quia officiis autem aut fugiat voluptatem.','Dolor qui tempore ipsam non ut officiis molestiae reprehenderit.',NULL,NULL,0,0,'Natus rerum maiores mollitia.','Beamer brauch ein VGA Kabel!','2012-03-15 09:17:01','2012-03-15 09:17:01'),(69,'Model','Sony','Beamer 6 itaque','385','Cumque optio quibusdam earum.','Rerum ut quod temporibus aliquam unde natus.',NULL,NULL,0,0,'Et vel rem tempora provident et cupiditate.','Beamer brauch ein VGA Kabel!','2012-03-15 09:17:01','2012-03-15 09:17:01'),(70,'Model','Sony','Beamer 7 laborum','386','Molestias totam modi cupiditate.','Deleniti animi eaque ipsa illum porro est.',NULL,NULL,0,0,'Ut nihil ut et explicabo aut.','Beamer brauch ein VGA Kabel!','2012-03-15 09:17:01','2012-03-15 09:17:01'),(71,'Model','Sony','Beamer 8 quo','387','Alias consequatur in est odit nihil ad.','Eum qui error doloribus excepturi.',NULL,NULL,0,0,'Rerum voluptas vel quaerat incidunt et similique alias.','Beamer brauch ein VGA Kabel!','2012-03-15 09:17:01','2012-03-15 09:17:01'),(72,'Model','Sony','Beamer 9 earum','388','Ea vel dolor sunt ea.','Ullam et rerum amet velit ipsam animi.',NULL,NULL,0,0,'Velit qui in itaque.','Beamer brauch ein VGA Kabel!','2012-03-15 09:17:01','2012-03-15 09:17:01'),(73,'Model','Sony','Beamer 10 quasi','389','Voluptatem est velit culpa accusamus omnis et et ex.','Nesciunt consequatur iusto quo est quasi.',NULL,NULL,0,0,'Id ipsam autem eligendi et beatae commodi sint.','Beamer brauch ein VGA Kabel!','2012-03-15 09:17:01','2012-03-15 09:17:01'),(74,'Model','Sony','Beamer 11 corrupti','390','Dolorem et numquam vero facere.','Ea a ut beatae pariatur optio.',NULL,NULL,0,0,'Dolorum et quo omnis.','Beamer brauch ein VGA Kabel!','2012-03-15 09:17:01','2012-03-15 09:17:01'),(75,'Model','Sony','Beamer 12 et','391','Est consequatur minus nisi et placeat est autem.','Non iste facilis facere.',NULL,NULL,0,0,'Expedita iure tenetur perspiciatis et.','Beamer brauch ein VGA Kabel!','2012-03-15 09:17:01','2012-03-15 09:17:01'),(76,'Model','Sony','Beamer 13 est','392','Eaque saepe sed eius.','Odit consequuntur suscipit qui incidunt pariatur.',NULL,NULL,0,0,'Reprehenderit et sunt qui.','Beamer brauch ein VGA Kabel!','2012-03-15 09:17:01','2012-03-15 09:17:01'),(77,'Model','Sony','Beamer 14 accusantium','393','Explicabo esse ullam qui.','Autem nam corporis quam dolore sequi explicabo.',NULL,NULL,0,0,'Dolorem cum et ut perferendis exercitationem unde vel.','Beamer brauch ein VGA Kabel!','2012-03-15 09:17:01','2012-03-15 09:17:01'),(78,'Model','Sony','Beamer 15 porro','394','Accusamus libero animi aperiam ut.','Velit distinctio suscipit dolor labore ut itaque omnis.',NULL,NULL,0,0,'Magnam ipsa eos alias dicta neque veniam repellendus quia.','Beamer brauch ein VGA Kabel!','2012-03-15 09:17:01','2012-03-15 09:17:01'),(79,'Model','Sony','Beamer 16 et','395','Nemo est vitae qui consectetur.','Nobis ut eaque est enim minima qui non.',NULL,NULL,0,0,'Eos modi consequuntur placeat corporis.','Beamer brauch ein VGA Kabel!','2012-03-15 09:17:01','2012-03-15 09:17:01'),(80,'Model','Sony','Beamer 17 rerum','396','Aliquid sunt aut ad aut architecto voluptatem vitae.','Sit aut omnis doloremque nam velit rerum deserunt.',NULL,NULL,0,0,'Maiores ducimus vero impedit.','Beamer brauch ein VGA Kabel!','2012-03-15 09:17:01','2012-03-15 09:17:01'),(81,'Model','Sony','Beamer 18 culpa','397','Vel ad non excepturi temporibus quia adipisci.','Fuga dolor dignissimos incidunt magni molestias et est.',NULL,NULL,0,0,'Id ut laborum et nostrum.','Beamer brauch ein VGA Kabel!','2012-03-15 09:17:01','2012-03-15 09:17:01'),(82,'Model','Sony','Beamer 19 mollitia','398','Ducimus ex nobis accusamus.','Dignissimos optio harum omnis.',NULL,NULL,0,0,'Eveniet cumque laboriosam a velit voluptatibus quas mollitia.','Beamer brauch ein VGA Kabel!','2012-03-15 09:17:01','2012-03-15 09:17:01'),(83,'Model','Sony','Beamer 20 repellendus','399','Assumenda dicta similique qui dolor dolores.','Quaerat eveniet doloribus animi.',NULL,NULL,0,0,'Voluptatibus praesentium aliquam eligendi.','Beamer brauch ein VGA Kabel!','2012-03-15 09:17:01','2012-03-15 09:17:01'),(84,'Model','Nikon','Kamera Nikon','X12','Super Kamera.','Eveniet aut praesentium omnis ratione maxime expedita est.',NULL,NULL,0,0,'Id velit qui fuga corporis.','Kamera brauch Akkus!','2012-03-15 09:17:01','2012-03-15 09:17:01'),(85,'Model','Nikon','Camera 1 vel','400','Delectus voluptatem deleniti necessitatibus.','Nihil reprehenderit accusantium ullam et.',NULL,NULL,0,0,'Nesciunt quia corporis mollitia dolorum maxime rerum totam.','Neque sunt itaque ut sed.','2012-03-15 09:17:01','2012-03-15 09:17:01'),(86,'Model','Nikon','Camera 2 maiores','401','Praesentium iste voluptas omnis saepe dolore maxime.','Nobis assumenda eos quos doloremque.',NULL,NULL,0,0,'Quia animi enim expedita minima velit consequatur.','Aut provident aspernatur et quis.','2012-03-15 09:17:01','2012-03-15 09:17:01'),(87,'Model','Nikon','Camera 3 praesentium','402','Sed pariatur voluptatem rerum maiores non occaecati atque aut.','Officiis error rerum incidunt nemo deserunt.',NULL,NULL,0,0,'Nulla sit qui itaque et recusandae fugiat dolorum.','Ut voluptatem vitae magnam.','2012-03-15 09:17:01','2012-03-15 09:17:01'),(88,'Model','Nikon','Camera 4 sed','403','Sed minus eos maiores.','Corrupti voluptates cumque dolor et.',NULL,NULL,0,0,'Doloremque quidem eum ut sit et.','Quia provident ratione eum dignissimos consequatur et earum consectetur.','2012-03-15 09:17:01','2012-03-15 09:17:01'),(89,'Model','Nikon','Camera 5 quibusdam','404','Optio ratione cupiditate nemo veritatis voluptates.','Exercitationem ut odit provident debitis doloremque ab cum.',NULL,NULL,0,0,'Minus vel quisquam maiores praesentium voluptatem et et enim.','Mollitia asperiores rerum cum nemo nihil deserunt molestiae.','2012-03-15 09:17:01','2012-03-15 09:17:01'),(90,'Model','Nikon','Camera 6 libero','405','Dolore commodi quo assumenda sed.','Officiis dignissimos molestiae qui rerum porro atque est nemo.',NULL,NULL,0,0,'Sint et et vitae.','Vitae enim est quia porro modi assumenda quaerat est.','2012-03-15 09:17:01','2012-03-15 09:17:01'),(91,'Model','Nikon','Camera 7 atque','406','Enim doloribus officiis impedit harum nihil dicta.','Minima assumenda excepturi fuga quo doloribus fugit qui.',NULL,NULL,0,0,'Nihil odio sit sapiente labore est provident vitae.','Est iusto soluta culpa explicabo sequi recusandae.','2012-03-15 09:17:01','2012-03-15 09:17:01'),(92,'Model','Nikon','Camera 8 corporis','407','Et atque quia amet tempora.','Minima voluptatibus minus ea.',NULL,NULL,0,0,'Ducimus porro quae mollitia inventore.','Debitis distinctio ut similique illum.','2012-03-15 09:17:01','2012-03-15 09:17:01'),(93,'Model','Nikon','Camera 9 doloribus','408','Quaerat voluptatibus est ut dolores in expedita soluta omnis.','Magni aut commodi mollitia sed aliquam sunt.',NULL,NULL,0,0,'Dicta ut cupiditate exercitationem mollitia temporibus accusamus voluptatum consequatur.','Porro dicta ipsa doloremque dignissimos est.','2012-03-15 09:17:01','2012-03-15 09:17:01'),(94,'Model','Nikon','Camera 10 quaerat','409','Sit repellat ipsum velit non adipisci ullam.','Voluptates laboriosam voluptatibus amet qui expedita est eos nihil.',NULL,NULL,0,0,'Qui maiores ipsam et.','Fugiat ducimus aut qui ullam laborum.','2012-03-15 09:17:01','2012-03-15 09:17:01'),(95,'Model','Nikon','Camera 11 molestiae','410','Laborum voluptatem eum rem.','Ea nihil non impedit ad incidunt voluptatum.',NULL,NULL,0,0,'Et dolores esse magni.','Recusandae earum eum sint illum vel excepturi voluptatem dolor.','2012-03-15 09:17:01','2012-03-15 09:17:01'),(96,'Model','Nikon','Camera 12 eum','411','Voluptas perferendis cupiditate ex qui et.','Similique qui quia et vel.',NULL,NULL,0,0,'Quo iure nulla veniam eos laborum.','Nihil assumenda qui error.','2012-03-15 09:17:01','2012-03-15 09:17:01'),(97,'Model','Nikon','Camera 13 eos','412','Aut atque est totam rerum officiis.','Dolorem qui architecto totam qui odit veritatis doloremque reiciendis.',NULL,NULL,0,0,'Sunt facilis magni minima nemo.','Dolor qui ut rerum.','2012-03-15 09:17:01','2012-03-15 09:17:01'),(98,'Model','Nikon','Camera 14 error','413','Consectetur quod amet quos quia explicabo natus dolorem asperiores.','Consequuntur maxime deleniti sapiente totam.',NULL,NULL,0,0,'Voluptas enim corporis sit eius aut nobis impedit.','Vel sed corrupti voluptatem fuga deleniti ut.','2012-03-15 09:17:01','2012-03-15 09:17:01'),(99,'Model','Nikon','Camera 15 quia','414','Nam dolorem quidem voluptatem eaque consequatur.','Optio repudiandae quia ipsa non voluptatem accusantium.',NULL,NULL,0,0,'Consequuntur minima temporibus rerum id voluptas consectetur voluptatem nulla.','Quae id nesciunt sequi.','2012-03-15 09:17:01','2012-03-15 09:17:01'),(100,'Model','Nikon','Camera 16 saepe','415','Ut assumenda laborum beatae earum voluptate inventore rem quia.','Repudiandae rem saepe quibusdam.',NULL,NULL,0,0,'Aliquid id sunt voluptatem.','Voluptas consequatur quia hic officia impedit natus.','2012-03-15 09:17:01','2012-03-15 09:17:01'),(101,'Model','Nikon','Camera 17 similique','416','Voluptates nobis deserunt eaque.','Magni molestias quia dolorum voluptas expedita enim aliquid ipsa.',NULL,NULL,0,0,'Dolorem qui est quod voluptatem saepe enim et architecto.','Dolorem voluptatem tempora non.','2012-03-15 09:17:01','2012-03-15 09:17:01'),(102,'Model','Nikon','Camera 18 autem','417','Necessitatibus hic nihil ea quos non.','Qui soluta ut qui et quasi voluptas.',NULL,NULL,0,0,'Unde eos nam voluptatum consequuntur vero.','Id mollitia provident voluptatibus laboriosam ut et cum dolorem.','2012-03-15 09:17:01','2012-03-15 09:17:01'),(103,'Model','Nikon','Camera 19 occaecati','418','Dicta sint deleniti beatae sit accusantium nulla.','Qui eum dicta eveniet laborum voluptas et quam.',NULL,NULL,0,0,'Distinctio eum assumenda numquam fuga quasi ad enim.','Ab molestiae non corrupti delectus.','2012-03-15 09:17:01','2012-03-15 09:17:01'),(104,'Model','Nikon','Camera 20 totam','419','Exercitationem fugit voluptatem perspiciatis sapiente et ab ut vel.','In et pariatur alias et porro laudantium eligendi est.',NULL,NULL,0,0,'Deserunt vel repudiandae tempora soluta sed voluptas.','Numquam nostrum doloribus dolor soluta.','2012-03-15 09:17:01','2012-03-15 09:17:01'),(105,'Model','Nikon','Camera 21 recusandae','420','Esse dolores quod mollitia voluptatem cum veniam ea velit.','Ratione quia nihil vitae eius.',NULL,NULL,0,0,'Et et sed sint mollitia magnam.','Voluptatibus dolores nostrum quia illum dolore.','2012-03-15 09:17:01','2012-03-15 09:17:01'),(106,'Model','Nikon','Camera 22 modi','421','Reprehenderit officia deleniti aut iure esse.','Excepturi aut consequatur provident rerum.',NULL,NULL,0,0,'Vel quo dignissimos reprehenderit perspiciatis accusantium quasi.','Laboriosam error ut reprehenderit.','2012-03-15 09:17:01','2012-03-15 09:17:01'),(107,'Model','Nikon','Camera 23 tempore','422','Vitae aut nihil voluptatem.','Similique fuga at in nulla voluptates doloremque.',NULL,NULL,0,0,'Possimus est facere non aliquid sequi in culpa.','Omnis voluptatem numquam facere.','2012-03-15 09:17:01','2012-03-15 09:17:01'),(108,'Model','Nikon','Camera 24 laborum','423','Debitis ducimus aut amet ea quia et fugit alias.','Est nisi omnis eos voluptatem.',NULL,NULL,0,0,'Similique architecto saepe eaque nemo dolore maiores expedita.','Ullam officia architecto corporis et nesciunt.','2012-03-15 09:17:01','2012-03-15 09:17:01'),(109,'Model','Nikon','Camera 25 voluptatem','424','Ex sapiente voluptatibus dolor ut.','Explicabo excepturi vel voluptatum facere a dolorem voluptatibus.',NULL,NULL,0,0,'Exercitationem et amet aut voluptas ut non.','Labore rerum saepe et repellat possimus recusandae.','2012-03-15 09:17:01','2012-03-15 09:17:01'),(110,'Model','Nikon','Camera 26 ut','425','Id dolores eos aut nisi reiciendis dolores expedita est.','Est velit quibusdam debitis dolorum qui aut laboriosam ut.',NULL,NULL,0,0,'Laudantium nostrum harum quidem voluptatem maiores vel placeat architecto.','Perspiciatis ut cum sed ex praesentium repudiandae sequi.','2012-03-15 09:17:01','2012-03-15 09:17:01'),(111,'Model','Nikon','Camera 27 iure','426','Et quis nihil deserunt aliquid corporis.','Animi saepe reprehenderit beatae minus.',NULL,NULL,0,0,'Iure velit libero rem id asperiores aut consequatur.','At placeat aut eaque voluptas rem laboriosam et.','2012-03-15 09:17:01','2012-03-15 09:17:01'),(112,'Model','Nikon','Camera 28 sit','427','Officia tempore velit optio incidunt illo a.','Consequatur dolorem necessitatibus quis illo consequatur.',NULL,NULL,0,0,'Odit vitae tenetur sit.','Possimus aperiam occaecati sit voluptas molestiae rem error.','2012-03-15 09:17:01','2012-03-15 09:17:01'),(113,'Model','Nikon','Camera 29 in','428','Quisquam quia deserunt voluptatem ab.','Reprehenderit et odit ut explicabo ullam consequatur.',NULL,NULL,0,0,'At veritatis ab voluptatibus perferendis non velit.','Illo assumenda sit quis expedita placeat facere qui ipsa.','2012-03-15 09:17:01','2012-03-15 09:17:01'),(114,'Model','Nikon','Camera 30 nam','429','Expedita ea tempore non omnis et.','Eius rerum laborum ab ipsam nostrum.',NULL,NULL,0,0,'Saepe recusandae distinctio pariatur voluptatem enim rerum.','Incidunt dicta corporis alias maxime impedit quisquam aut.','2012-03-15 09:17:01','2012-03-15 09:17:01'),(115,'Model','Sony','Hifi Standard','430','Placeat qui reprehenderit accusamus voluptatem sit velit in.','Dolore non quaerat ut natus.',NULL,NULL,2,0,'Omnis numquam et aut eveniet rerum tenetur.','Reiciendis quia quos veritatis aspernatur.','2012-03-15 09:17:01','2012-03-15 09:17:01'),(116,'Model','Feli','Kamera Stativ','123','Stabiles Kamera Stativ','Pariatur quia rerum consequatur natus quae odit eum id.',NULL,NULL,0,0,'Aut ab incidunt aut ut.','Stativ muss mit Stativtasche ausgehndigt werden.','2012-03-15 09:17:01','2012-03-15 09:17:01'),(117,'Model','Bose','BoseIncredible Wooden Chair','431','Quod autem praesentium adipisci dolore ut. Et nobis recusandae illo rerum est consequatur. Aut commodi cupiditate. Id iure dolorem.','Cum excepturi sit quibusdam alias veniam.',NULL,NULL,0,0,'Quidem quo animi consequatur praesentium.','Eveniet ut aut et.','2012-03-15 09:17:01','2012-03-15 09:17:01'),(118,'Model','Bose','BoseAwesome Steel Gloves','432','Quibusdam tenetur numquam. Sed quisquam minima aut itaque facilis rerum. Voluptatem aut tenetur quibusdam quo voluptas corporis. Eaque porro qui odit quaerat. Saepe quam beatae.','Totam explicabo aut eum asperiores vel eum.',NULL,NULL,0,0,'Omnis consequatur temporibus laudantium non.','Perferendis eum voluptatum omnis possimus.','2012-03-15 09:17:01','2012-03-15 09:17:01'),(119,'Model','Hodkiewicz and Sons','Kamera Set','436','Accusamus magnam dolor ipsum possimus fugit sunt aut minus.','Harum nam corrupti voluptatem.',NULL,NULL,0,1,'Eos exercitationem dicta et molestiae eum sed omnis.','Asperiores voluptatem enim quos optio expedita aliquam.','2012-03-15 09:17:01','2012-03-15 09:17:01'),(120,'Model','Greenfelder, Heathcote and Rolfson','Small Granite Shirt','437','Nesciunt consequatur est et provident placeat.','Est laborum quo omnis fuga voluptates temporibus culpa aut.',NULL,NULL,2,0,'Omnis et architecto vitae vero porro dolores soluta.','Consequatur officia incidunt expedita quia quia.','2012-03-15 09:17:01','2012-03-15 09:17:01'),(121,'Model','Kuhn, Schowalter and Hudson','Rustic Cotton Shoes','438','Totam et cupiditate et possimus voluptatem officia quia.','Velit sapiente numquam quia aut labore adipisci quod.',NULL,NULL,3,0,'Est ut distinctio quo aut occaecati.','Animi dolores magni iste et incidunt natus.','2012-03-15 09:17:01','2012-03-15 09:17:01'),(122,'Model','Harris-Kutch','Gorgeous Granite Table','439','Quis illo magni aperiam voluptatibus eos iusto et amet.','Minima dicta necessitatibus recusandae iste et minus reprehenderit.',NULL,NULL,3,0,'Placeat non autem minima beatae quis repudiandae veritatis ullam.','Sequi assumenda veritatis rerum itaque accusantium deleniti.','2012-03-15 09:17:01','2012-03-15 09:17:01'),(123,'Model','Brown, Sanford and Jacobi','Ergonomic Steel Shirt','440','Aut doloribus dolores rerum harum.','Ut quidem dolore molestiae vel sunt quod.',NULL,NULL,0,0,'Dolor illum ut ullam culpa alias ratione quos deserunt.','Sed nisi voluptatem est non voluptates voluptatem laboriosam.','2012-03-15 09:17:01','2012-03-15 09:17:01'),(124,'Model','Zboncak, Krajcik and Deckow','Ergonomic Plastic Shirt','441','Et aut praesentium placeat.','Est nostrum sint ducimus autem reprehenderit voluptatem.',NULL,NULL,0,0,'Laboriosam voluptatem illum est ipsam sed quas a temporibus.','Id illo ut et sint eos.','2012-03-15 09:17:01','2012-03-15 09:17:01'),(125,'Model','Reichert LLC','Rustic Rubber Car','442','Iusto error quis consequatur a omnis.','Neque commodi ut pariatur molestias alias facere.',NULL,NULL,1,0,'Consequatur architecto eum sapiente qui.','Quis voluptatem aut enim odio odit eius molestiae rerum.','2012-03-15 09:17:01','2012-03-15 09:17:01'),(126,'Model','Cartwright, Feil and Oberbrunner','Rustic Steel Car','443','Et aut et hic laboriosam voluptatem est quibusdam.','Praesentium fugit ut ut atque odit.',NULL,NULL,2,0,'Nisi ipsa sint odio.','Assumenda et maiores temporibus aut tenetur ut.','2012-03-15 09:17:01','2012-03-15 09:17:01'),(127,'Model','MacGyver-Tremblay','Gorgeous Wooden Gloves','444','Nostrum quia sint aut debitis possimus voluptatibus.','Est tempore quia quas alias.',NULL,NULL,3,0,'Et aut recusandae quibusdam praesentium inventore modi quasi quis.','Omnis autem qui reprehenderit distinctio.','2012-03-15 09:17:01','2012-03-15 09:17:01'),(128,'Model','MacGyver-Wilderman','Rustic Rubber Shoes','445','Laborum sit quia qui adipisci quae iusto.','Magnam et impedit rerum et omnis similique pariatur consectetur.',NULL,NULL,2,0,'Et eaque quidem est quis aut quisquam ea dolores.','Expedita eligendi quisquam hic accusamus.','2012-03-15 09:17:01','2012-03-15 09:17:01'),(129,'Model','Shanahan-Bergstrom','Incredible Concrete Shirt','446','Accusamus sapiente similique totam doloremque illo placeat pariatur.','Illo dolorem nostrum qui iusto.',NULL,NULL,3,0,'Eligendi maiores cumque molestiae.','Omnis fugit sit illum.','2012-03-15 09:17:01','2012-03-15 09:17:01'),(130,'Model','O\'Kon, Rowe and Ortiz','Sleek Wooden Chair','447','Dolorum facere velit nisi autem laboriosam blanditiis accusamus molestiae.','Libero voluptatem iure reprehenderit quis eum.',NULL,NULL,2,0,'Eum ipsa impedit earum neque qui.','Sed sit in dolores ea culpa.','2012-03-15 09:17:01','2012-03-15 09:17:01'),(131,'Model','O\'Hara-Crooks','Intelligent Wooden Pants','448','Ipsam et nihil dolorum nulla ipsum iste sint aliquid.','Est ratione magni quod ea non.',NULL,NULL,1,0,'Ab reprehenderit accusamus ratione.','Mollitia sed perferendis quia numquam explicabo eos quo nisi.','2012-03-15 09:17:01','2012-03-15 09:17:01'),(132,'Model','Skiles-Waters','Kamera Set2','449','Recusandae et dicta doloribus tenetur voluptatem ut non quod.','Corporis nihil et incidunt iste quidem aut.',NULL,NULL,3,1,'Dolores et officiis repudiandae voluptatem et.','Tempora commodi perspiciatis tenetur voluptatem alias neque.','2012-03-15 09:17:01','2012-03-15 09:17:01'),(133,'Model','Hansen and Sons','Gorgeous Plastic Car','450','Sint voluptas quasi dolores consequatur et est asperiores.','Accusantium ea ut nesciunt eos quia sit aut praesentium.',NULL,NULL,3,0,'Possimus autem voluptates ducimus molestiae pariatur rem.','Odit ducimus delectus eligendi aliquid.','2012-03-15 09:17:01','2012-03-15 09:17:01'),(134,'Model','Kub LLC','Awesome Concrete Pants','451','Dolores nihil molestias quia reprehenderit voluptatem.','Cumque eius vel perspiciatis officiis numquam porro.',NULL,NULL,3,0,'Quisquam autem assumenda a suscipit.','Reprehenderit molestiae et sapiente.','2012-03-15 09:17:01','2012-03-15 09:17:01'),(135,'Model','Hayes LLC','Ergonomic Plastic Gloves','452','Quia natus alias enim voluptates illo.','Iusto consequatur praesentium eveniet exercitationem ut magnam.',NULL,NULL,1,0,'Neque nesciunt cupiditate incidunt aut dicta tempore.','Rerum quasi veniam reprehenderit exercitationem vero qui aut et.','2012-03-15 09:17:01','2012-03-15 09:17:01'),(136,'Model','Thompson-Daniel','Rustic Cotton Shirt','453','Totam magni eveniet quis porro.','Quia et in illo quia tempora vitae doloribus mollitia.',NULL,NULL,3,0,'Voluptates eos velit quo ipsa nisi odit id.','Omnis ratione animi cupiditate iusto fugiat corporis.','2012-03-15 09:17:01','2012-03-15 09:17:01'),(137,'Model','Carroll Inc','Gorgeous Rubber Car','454','Sapiente ipsam ipsa saepe velit aut impedit.','Laboriosam et fuga est.',NULL,NULL,1,0,'Est et architecto provident error beatae unde.','Impedit expedita et suscipit ut.','2012-03-15 09:17:01','2012-03-15 09:17:01'),(138,'Model','Rolfson-McDermott','Rustic Plastic Gloves','455','Nesciunt eum dolores labore ratione.','Cupiditate laborum cum debitis dolor ut eos molestiae.',NULL,NULL,1,0,'Dolor quia et quasi eos et et dolor non.','Impedit hic aspernatur deleniti aut est facere in.','2012-03-15 09:17:01','2012-03-15 09:17:01'),(139,'Model','Batz, Turcotte and Beahan','Practical Steel Chair','456','Enim ipsa sed odio cupiditate aut sequi commodi.','Ut illo quo adipisci sequi nesciunt.',NULL,NULL,1,0,'Ipsam dolore non sunt.','Molestias eum iure quibusdam animi adipisci quam.','2012-03-15 09:17:01','2012-03-15 09:17:01'),(140,'Model','Grady-Jacobi','Gorgeous Steel Computer','457','Quae vel quo sed maxime natus non molestias.','Quis et eos odio impedit iste in enim.',NULL,NULL,0,0,'Omnis quis laudantium voluptatem exercitationem vitae fugit.','Aut quo beatae rerum molestiae possimus.','2012-03-15 09:17:01','2012-03-15 09:17:01'),(141,'Model','Quitzon Group','Practical Granite Shirt','458','Ut esse quibusdam magnam culpa rem.','Impedit incidunt pariatur sed.',NULL,NULL,2,0,'Maiores ut culpa doloribus et.','Et tempora aut officia et ea voluptates.','2012-03-15 09:17:01','2012-03-15 09:17:01'),(142,'Model','Marquardt-Dibbert','Sleek Plastic Chair','459','Rerum est sed corporis nesciunt est iusto.','Quae consequuntur veniam illum repellat maiores laboriosam quidem sed.',NULL,NULL,1,0,'Necessitatibus eum eos aliquam.','Nulla excepturi assumenda sed mollitia tempora eos.','2012-03-15 09:17:01','2012-03-15 09:17:01'),(143,'Model','Mitchell, Moen and Gerhold','Fantastic Steel Gloves','460','Aspernatur enim sequi autem debitis at molestiae assumenda.','Dicta saepe sit eaque porro est.',NULL,NULL,0,0,'Fuga aut ut sint rerum reprehenderit.','Quae quis alias ut ex doloribus consequatur hic ipsa.','2012-03-15 09:17:01','2012-03-15 09:17:01'),(144,'Model','Brown-Ratke','Fantastic Steel Computer','461','Minima cumque at blanditiis provident vitae esse.','Itaque vero quidem enim quo odit non.',NULL,NULL,0,0,'Fugiat sequi temporibus corrupti necessitatibus possimus sed ut ducimus.','Ratione quam eligendi id iure.','2012-03-15 09:17:01','2012-03-15 09:17:01'),(145,'Model','Keebler Group','Awesome Wooden Table','462','Eum quasi sint est laborum.','Accusamus ipsa nisi rem et.',NULL,NULL,0,0,'Et quia illo et nihil enim.','Doloremque in voluptatem dolor voluptatibus voluptas facere.','2012-03-15 09:17:01','2012-03-15 09:17:01'),(146,'Model','Hickle-Harvey','Fantastic Steel Table','463','Vel dolorem voluptatem labore molestias qui animi nulla.','Omnis non quisquam aperiam deleniti consequatur explicabo quae numquam.',NULL,NULL,2,0,'Quae incidunt ipsam molestiae.','Numquam ipsum consequatur quia animi sint non eum.','2012-03-15 09:17:01','2012-03-15 09:17:01'),(147,'Model','Steuber, Schuppe and Fahey','Awesome Wooden Shirt','464','Voluptate est quis non dolorum in qui.','Repellat voluptate rerum est nemo commodi numquam pariatur.',NULL,NULL,2,0,'Delectus doloribus qui officiis.','Corporis quas iusto amet accusantium cumque eius non doloremque.','2012-03-15 09:17:01','2012-03-15 09:17:01'),(148,'Model','Beahan and Sons','Small Rubber Shirt','465','Sed harum quisquam qui debitis deserunt.','Officiis et quis et.',NULL,NULL,1,0,'Rem tempore esse consectetur.','Eos quis qui sapiente deleniti suscipit molestiae.','2012-03-15 09:17:01','2012-03-15 09:17:01'),(149,'Model','Canon','Kamera Canon D5','466','Ganz teure Kamera','Quia natus repellendus esse ducimus dolorem nihil id expedita.',NULL,NULL,0,0,'Earum ut nam voluptatem expedita et voluptate.','Kamera brauch Akkus!','2012-03-15 09:17:01','2012-03-15 09:17:01'),(150,'Model','Apple','iMac','467','Apples alter iMac','Enim ullam nostrum minus optio unde.',NULL,NULL,0,0,'Voluptatem dicta dolor et fugiat adipisci.','Non molestiae occaecati aliquid vero soluta.','2012-03-15 09:17:01','2012-03-15 09:17:01'),(151,'Model','Microsoft','Windows Laptop','468','Ein Laptop der Marke Microsoft','Aut qui inventore minus commodi dolorum nihil.',NULL,NULL,0,0,'Nostrum consequuntur saepe molestiae numquam quis quaerat consequatur veniam.','Laptop mit Tasche ausgeben','2012-03-15 09:17:01','2012-03-15 09:17:01'),(152,'Model','Walkera','Walkera v120','1G','3D Helikopter','Eos aut impedit asperiores quae.',NULL,NULL,0,0,'Iste voluptatem veniam quo saepe consectetur et.','Aut temporibus dolores et autem unde ratione.','2012-03-15 09:17:01','2012-03-15 09:17:01'),(153,'Model','Walkera','Walkera v120','2G','3D Helikopter','Ea saepe doloribus vel.',NULL,NULL,0,0,'Totam ipsa voluptatem exercitationem ducimus saepe et.','Enim est aut aperiam ut occaecati.','2012-03-15 09:17:01','2012-03-15 09:17:01'),(154,'Model','Walkera','Walkera v120','3G','3D Helikopter','Eius corporis quod consequuntur quasi tenetur consectetur.',NULL,NULL,0,0,'Modi eveniet odit vel architecto.','Repellat et excepturi et neque laboriosam ducimus.','2012-03-15 09:17:01','2012-03-15 09:17:01'),(155,'Software','Satterfield-Bashirian','Practical Wooden Shoes','469',NULL,NULL,NULL,NULL,0,0,NULL,NULL,'2012-03-15 09:17:01','2012-03-15 09:17:01'),(156,'Software','Rolfson Group','Fantastic Rubber Chair','470',NULL,NULL,NULL,NULL,0,0,NULL,NULL,'2012-03-15 09:17:01','2012-03-15 09:17:01'),(157,'Software','Grady-Haley','Fantastic Rubber Computer','471',NULL,NULL,NULL,NULL,0,0,NULL,NULL,'2012-03-15 09:17:01','2012-03-15 09:17:01'),(158,'Software','Boyle-Kihn','Incredible Concrete Shoes','472',NULL,NULL,NULL,NULL,0,0,NULL,NULL,'2012-03-15 09:17:01','2012-03-15 09:17:01'),(159,'Software','Hirthe-Gerlach','Intelligent Plastic Computer','473',NULL,NULL,NULL,NULL,0,0,NULL,NULL,'2012-03-15 09:17:01','2012-03-15 09:17:01'),(160,'Software','Bergnaum Inc','Practical Plastic Pants','474',NULL,NULL,NULL,NULL,0,0,NULL,NULL,'2012-03-15 09:17:01','2012-03-15 09:17:01'),(161,'Software','Auer-Ullrich','Sleek Steel Table','475',NULL,NULL,NULL,NULL,0,0,NULL,NULL,'2012-03-15 09:17:01','2012-03-15 09:17:01'),(162,'Software','Lang-Murazik','Awesome Steel Table','476',NULL,NULL,NULL,NULL,0,0,NULL,NULL,'2012-03-15 09:17:01','2012-03-15 09:17:01'),(163,'Software','Howe-Gleichner','Gorgeous Concrete Car','477',NULL,NULL,NULL,NULL,0,0,'test http://test.ch\r\nwww.foo.ch\r\njust a text',NULL,'2012-03-15 09:17:01','2012-03-15 09:17:01'),(164,'Software','Kuhic-Carter','Fantastic Concrete Car','478',NULL,NULL,NULL,NULL,0,0,'test http://test.ch\r\nwww.foo.ch\r\njust a text',NULL,'2012-03-15 09:17:01','2012-03-15 09:17:01'),(165,'Software','Pfannerstill-Greenholt','Awesome Plastic Shirt','479',NULL,NULL,NULL,NULL,0,0,NULL,NULL,'2012-03-15 09:17:01','2012-03-15 09:17:01'),(166,'Model','Waters-Dooley','Fantastic Steel Shirt',NULL,'Aut voluptas eum quasi.','Dolor possimus reiciendis in libero molestias facere.',NULL,NULL,1,0,'Assumenda id laborum sit facilis.','Ut consequatur fuga delectus.','2012-03-15 09:17:01','2012-03-15 09:17:01'),(167,'Model','Roberts, Schneider and Batz','Rustic Cotton Table','480','Ut nesciunt omnis fugiat ut corporis et impedit nulla.','Aut labore corrupti molestiae est.',NULL,NULL,1,0,'Earum soluta ut odio.','Possimus similique sed quam odio ea.','2012-03-10 13:52:41','2012-03-10 13:52:41'),(168,'Model','Ortiz-McDermott','Practical Wooden Pants','481','Rem enim et commodi amet eligendi.','Nesciunt soluta eius nihil quam aut hic molestiae minima.',NULL,NULL,2,0,'Velit aut aut nostrum veritatis id fugit eveniet ea.','Earum soluta quibusdam beatae.','2012-03-10 13:52:41','2012-03-10 13:52:41'),(169,'Model','Dach LLC','Incredible Rubber Chair','482','Nisi nobis maxime enim itaque id adipisci maiores.','Ut eum minus consectetur.',NULL,NULL,0,0,'Voluptas quod quis incidunt aut.','Quos quod qui voluptatibus.','2012-03-10 13:52:41','2012-03-10 13:52:41'),(170,'Model','Douglas-Beahan','Intelligent Granite Gloves','483','Officia debitis quibusdam magnam.','Sint dicta rerum officiis qui aut.',NULL,NULL,1,0,'Alias natus aliquam maiores veniam est ut.','Voluptatem eos occaecati velit iusto.','2012-03-10 13:52:41','2012-03-10 13:52:41'),(171,'Model','Sipes Group','Practical Wooden Chair','484','Dolorem voluptatem quasi laboriosam sit.','Nemo et repellendus illo.',NULL,NULL,0,0,'Repellat magnam cupiditate nam dolorem.','Accusamus velit dolor vitae est reprehenderit.','2012-03-10 13:52:41','2012-03-10 13:52:41'),(172,'Model','Bauch, Mann and Hickle','Sleek Wooden Table','485','Voluptatem qui maxime non ab sapiente rerum.','Facilis qui repellat excepturi molestiae.',NULL,NULL,1,0,'Fuga in inventore non eos tenetur minima corrupti.','Ut est et facilis velit veniam repellat quia mollitia.','2012-03-10 13:52:41','2012-03-10 13:52:41'),(173,'Model','Runolfsdottir-Klein','Awesome Wooden Gloves','486','Sed tempora possimus rerum vel amet laudantium et.','Ut repellat labore eos debitis qui.',NULL,NULL,0,0,'Numquam impedit a placeat reiciendis.','Facere tempora minima sequi.','2012-03-10 13:52:41','2012-03-10 13:52:41'),(174,'Model','Goldner Group','Awesome Plastic Hat','487','Quo aperiam sed aut ipsa quibusdam in est.','Aut blanditiis perspiciatis earum.',NULL,NULL,1,0,'Commodi officiis expedita laborum.','Dolore aut exercitationem vero.','2012-03-10 13:52:42','2012-03-10 13:52:42'),(175,'Model','Satterfield, Stark and Daniel','Intelligent Rubber Pants','488','Sed libero maiores dicta deserunt saepe quibusdam.','Similique nihil iusto asperiores et commodi.',NULL,NULL,0,0,'Quae omnis recusandae fugiat officiis ducimus explicabo.','Omnis suscipit quis aperiam ducimus.','2012-03-10 13:52:42','2012-03-10 13:52:42'),(176,'Model','Kuphal, Cremin and Stokes','Sleek Concrete Shirt','489','Mollitia repellendus consequatur vero ut culpa quidem.','Voluptas nemo consequatur ipsam.',NULL,NULL,3,0,'Officiis mollitia quia doloribus et magni aut cum nihil.','Consequuntur libero quia porro qui.','2012-03-10 13:52:42','2012-03-10 13:52:42'),(177,'Model','Collins Inc','Gorgeous Wooden Pants','490','Quas odio et sit culpa consequuntur temporibus tempore.','Qui ipsam ullam libero et reiciendis aut.',NULL,NULL,2,0,'Sed eius earum tempora atque velit sit.','In magni beatae minus.','2012-03-10 13:52:42','2012-03-10 13:52:42'),(178,'Model','O\'Connell-Blanda','Sleek Granite Pants','491','Est omnis et alias non quo ipsum laudantium.','Quos veritatis dolor porro quia similique.',NULL,NULL,3,0,'Delectus qui voluptatem doloremque.','In blanditiis aut rerum facere ad.','2012-03-10 13:52:42','2012-03-10 13:52:42'),(179,'Model','Torphy Group','Incredible Steel Gloves','492','Quia nihil rem dolorum et asperiores.','Sit voluptas quo omnis.',NULL,NULL,3,0,'Et quia esse rerum dolor cum iusto consequatur.','Fugit voluptatem illo ipsa natus sequi.','2012-03-10 13:52:42','2012-03-10 13:52:42'),(180,'Model','Haley-Hansen','Gorgeous Rubber Hat','493','Facere vel et rerum est sint blanditiis laborum modi.','Dignissimos asperiores eaque ad tempore.',NULL,NULL,3,0,'Et aspernatur aut esse natus voluptas dolores harum.','Aut nisi odit eius dicta qui ab laboriosam consectetur.','2012-03-10 13:52:42','2012-03-10 13:52:42'),(181,'Model','Wyman-McGlynn','Small Steel Computer','494','Harum nostrum atque a id.','Ut tempora placeat non delectus aliquid doloremque praesentium.',NULL,NULL,2,0,'Rerum et consequatur ab cupiditate soluta voluptatum corrupti.','Sunt dolorem aut ut et aut est id itaque.','2012-03-10 13:52:42','2012-03-10 13:52:42'),(182,'Model','Luettgen-Dickens','Sleek Cotton Shirt','495','Dolores odio tempora culpa.','Officia id ut eaque et exercitationem.',NULL,NULL,3,0,'Dolores accusantium eaque neque sequi numquam vel necessitatibus.','Aliquid minus molestiae ipsum ea officia maxime quo qui.','2012-03-10 13:52:42','2012-03-10 13:52:42'),(183,'Model','Hoeger, Kulas and Davis','Ergonomic Concrete Computer','496','Aperiam laudantium tenetur modi aut natus laborum facere.','Assumenda vel architecto repellat.',NULL,NULL,2,0,'Officiis omnis beatae perferendis laboriosam dolores voluptas eum ut.','Aut omnis veniam neque quisquam in iure.','2012-03-10 13:52:42','2012-03-10 13:52:42'),(184,'Model','Herman LLC','Awesome Granite Car','497','Sit officiis beatae dolores quo et doloribus nobis.','Et commodi quo autem aut facere quis deserunt quo.',NULL,NULL,2,0,'Architecto voluptatem et dicta explicabo eum adipisci.','Et enim itaque eum qui et suscipit vitae temporibus.','2012-03-10 13:52:42','2012-03-10 13:52:42'),(185,'Model','Gottlieb Inc','Sleek Wooden Computer','498','Deserunt neque sed illum excepturi expedita et reprehenderit totam.','Doloremque perferendis itaque enim sit doloribus expedita iure.',NULL,NULL,0,0,'Minus alias molestiae veniam dolores doloremque et nemo reprehenderit.','Voluptates cupiditate eius assumenda.','2012-03-10 13:52:42','2012-03-10 13:52:42'),(186,'Model','Hilpert Inc','Intelligent Wooden Shoes','499','Temporibus voluptatum velit quod aut accusantium quia.','Aperiam qui expedita est non beatae.',NULL,NULL,3,0,'Ipsa dolorem omnis quia et qui.','Rerum sunt ut aut reprehenderit.','2012-03-10 13:52:42','2012-03-10 13:52:42'),(187,'Model','Schiller, Pollich and Wintheiser','Incredible Rubber Table','500','Qui iste et et aut a molestiae ratione.','Animi in omnis est.',NULL,NULL,2,0,'Aut reiciendis voluptas possimus rerum quia ea ipsa architecto.','Eveniet a consequuntur beatae.','2012-03-10 13:52:42','2012-03-10 13:52:42'),(188,'Model','Monahan, Strosin and Thiel','Ergonomic Wooden Shirt','501','Sed nihil illum laboriosam quae.','Unde tempora dignissimos dolor.',NULL,NULL,1,0,'Cumque ducimus harum in.','Est non dolorem earum aut et.','2012-03-10 13:52:42','2012-03-10 13:52:42'),(189,'Model','Douglas, Carroll and Rohan','Rustic Granite Computer','502','Quidem labore voluptate voluptas qui officia et quam sed.','Ut repellat voluptas ex et corrupti atque ut autem.',NULL,NULL,1,0,'Quam et illo et.','Aut neque laudantium aperiam atque quam ut dicta.','2012-03-10 13:52:42','2012-03-10 13:52:42'),(190,'Model','Ernser-Hammes','Awesome Rubber Hat','503','Iure laudantium dolores natus quis dignissimos sapiente enim culpa.','Itaque illo necessitatibus provident ut sit in eaque totam.',NULL,NULL,2,0,'Voluptas est nihil quia velit.','Enim perferendis maiores quo.','2012-03-10 13:52:42','2012-03-10 13:52:42'),(191,'Model','Reichel, Lubowitz and Cormier','Awesome Concrete Shirt','504','Nam nisi alias vel sint voluptas voluptatem amet.','Ipsa voluptas reiciendis sit minus dolore.',NULL,NULL,2,0,'Dignissimos animi magnam numquam harum et necessitatibus.','Id dolor neque officiis exercitationem enim sunt eveniet.','2012-03-10 13:52:42','2012-03-10 13:52:42'),(192,'Model','Reinger, Rowe and Botsford','Gorgeous Plastic Shirt','505','Omnis molestiae dolor maxime vitae dolorum.','Consequuntur ad magni blanditiis eos.',NULL,NULL,1,0,'Incidunt saepe consequuntur esse nostrum sint qui ea.','Aliquam sit exercitationem quia laudantium omnis vitae voluptas earum.','2012-03-09 10:44:19','2012-03-09 10:44:19'),(193,'Model','Hodkiewicz-Terry','Ergonomic Wooden Table','506','Harum nam sapiente placeat.','Corporis molestias sapiente dolorem maxime.',NULL,NULL,2,0,'Mollitia libero repellat quidem vero quod omnis.','Voluptates qui sunt et enim quis corrupti veritatis ut.','2012-03-09 10:44:19','2012-03-09 10:44:19'),(194,'Model','Cassin-Larson','Sleek Steel Chair','507','Ut veniam soluta quis omnis qui.','Modi voluptates aliquam ex.',NULL,NULL,1,0,'Dolor dolorem ipsa ratione at.','Dolor quis libero voluptas a.','2012-03-09 10:44:19','2012-03-09 10:44:19'),(195,'Model','Mante LLC','Practical Wooden Gloves','508','Voluptas dolorem rerum autem expedita et rerum adipisci.','Doloribus reiciendis blanditiis porro excepturi.',NULL,NULL,0,0,'Sit ut sint rem reiciendis dolorem quaerat sunt optio.','Aliquam sint unde earum quia.','2012-03-11 00:49:17','2012-03-11 00:49:17'),(196,'Model','Conn, Satterfield and Wuckert','Incredible Wooden Chair','509','Quidem aut deserunt et quae inventore nam eos quas.','Aut quo alias debitis ea accusantium.',NULL,NULL,2,0,'Non aspernatur quasi fuga soluta reiciendis consequatur dolores.','At architecto quia voluptates autem nam.','2012-03-11 00:49:17','2012-03-11 00:49:17'),(197,'Model','Funk Inc','Gorgeous Wooden Car','510','Dignissimos rem ratione similique.','Ullam consequatur velit deserunt autem repellat dignissimos.',NULL,NULL,2,0,'Qui dignissimos maxime pariatur quo aut expedita.','Et cum est in dolor sequi quia.','2012-03-11 00:49:17','2012-03-11 00:49:17'),(198,'Model','West-Langworth','Incredible Wooden Gloves','511','Dolorum eius aspernatur praesentium et ipsum reprehenderit non magnam.','Quia perferendis accusamus in fuga ipsa fugit earum quisquam.',NULL,NULL,0,0,'Hic fugiat itaque accusamus quia assumenda nobis et.','Quia architecto occaecati saepe omnis.','2012-03-11 00:49:17','2012-03-11 00:49:17'),(199,'Model','Johns and Sons','Small Steel Shirt','512','Voluptas quam tempora odio quia ipsam.','Adipisci totam fugiat sed nesciunt pariatur nihil.',NULL,NULL,0,0,'Vel maiores repellat consequatur.','Provident totam repellat veritatis facilis debitis quis.','2012-03-11 00:49:17','2012-03-11 00:49:17'),(200,'Model','Crist-Hamill','Fantastic Plastic Gloves','513','Est nihil voluptas voluptas placeat voluptatem tempore.','Occaecati qui qui repudiandae dignissimos et eos.',NULL,NULL,2,0,'Ut non reiciendis quo non fugiat qui voluptatem deserunt.','Sequi natus vero accusantium occaecati perspiciatis repellendus eos.','2012-03-11 00:49:17','2012-03-11 00:49:17'),(201,'Model','Bernier-Bradtke','Intelligent Steel Shirt','514','Nobis ut enim et dolore consequuntur hic perferendis.','Est explicabo ut nesciunt fuga id pariatur culpa omnis.',NULL,NULL,3,0,'Vel et optio consequatur et est animi.','A consequatur qui ipsum.','2012-03-11 00:49:17','2012-03-11 00:49:17'),(202,'Model','Johns Group','Sleek Concrete Shoes','515','Veritatis id dolore distinctio qui esse qui.','Architecto porro a in ut earum.',NULL,NULL,2,0,'Tenetur perferendis voluptas fugiat velit et minima aut.','Perspiciatis porro in rerum assumenda.','2012-03-11 00:49:17','2012-03-11 00:49:17'),(203,'Model','Cronin, Weber and Emmerich','Small Concrete Hat','516','Amet sapiente voluptas est placeat.','Necessitatibus ea voluptate illo aspernatur cupiditate.',NULL,NULL,3,0,'Voluptatem esse perferendis quia aspernatur autem maiores quas quia.','Ut eos inventore ea illum.','2012-03-11 00:49:17','2012-03-11 00:49:17'),(204,'Model','Welch-Romaguera','Sleek Plastic Shoes','517','Recusandae quibusdam consectetur sint nulla reprehenderit nostrum id quae.','Nihil eum dolores rerum.',NULL,NULL,3,0,'Voluptatem nulla eum nesciunt.','Molestias maxime nisi sint illum.','2012-03-15 09:17:01','2012-03-15 09:17:01'),(205,'Model','Tromp and Sons','Fantastic Steel Pants','518','Sint molestias eos voluptatem neque quod ex.','Et repellendus incidunt ratione ut.',NULL,NULL,0,0,'Minima quos dolor quo error dolorem est.','Voluptatem impedit eligendi ad sed doloremque.','2012-03-15 09:17:01','2012-03-15 09:17:01'),(206,'Model','Roberts, Hickle and Metz','Practical Plastic Gloves','519','Eaque dolorem repudiandae optio.','Nisi sapiente amet dolores rem.',NULL,NULL,2,0,'Nihil suscipit impedit qui.','Id eum est officia quae sunt distinctio expedita quas.','2012-03-15 09:17:01','2012-03-15 09:17:01'),(207,'Model','Ward and Sons','Ergonomic Granite Shirt','520','Animi aut quia aut ad.','Et consequatur repellat cum exercitationem quia vel dolor voluptatum.',NULL,NULL,2,0,'Aut ut mollitia numquam voluptatum occaecati qui blanditiis autem.','Debitis asperiores ullam praesentium placeat eius quia in.','2012-03-15 09:17:01','2012-03-15 09:17:01'),(208,'Model','Hudson and Sons','Sleek Granite Shoes','521','Assumenda sed numquam excepturi tempore non.','Ipsa beatae aut quod mollitia rerum consequatur.',NULL,NULL,1,0,'Modi cupiditate minima beatae incidunt ad distinctio sed et.','Commodi quia molestiae ut.','2012-03-15 09:17:01','2012-03-15 09:17:01'),(209,'Model','Satterfield-Leannon','Intelligent Plastic Car','522','Ut quod tempora ea dolorem vitae.','Vero dolorem assumenda non amet exercitationem ut.',NULL,NULL,2,0,'Sunt mollitia quia fugiat ea.','Autem ullam illo omnis quia ut nobis sed.','2012-03-15 09:17:01','2012-03-15 09:17:01'),(210,'Model','Littel-MacGyver','Small Wooden Pants','523','Enim numquam incidunt in recusandae minima.','Eos culpa magni laborum.',NULL,NULL,2,0,'Architecto veritatis repellat nihil numquam rerum quo similique sit.','Iste adipisci ullam a laboriosam non nihil.','2012-03-15 09:17:01','2012-03-15 09:17:01'),(211,'Model','Harvey-Kreiger','Ergonomic Rubber Table','524','Sit provident quia in fugit quos.','Doloribus itaque quidem earum.',NULL,NULL,1,0,'Commodi distinctio quos esse et alias vitae omnis perferendis.','Quos ipsum omnis ratione quia.','2012-03-15 09:17:01','2012-03-15 09:17:01'),(212,'Model','Tremblay and Sons','Small Steel Car','525','Accusantium nemo est aut nostrum quia aut.','Sit et odio doloremque sint.',NULL,NULL,1,0,'Aliquid tenetur quas tempore suscipit quia aut deleniti.','Dolores hic odit similique necessitatibus autem nulla et.','2012-03-15 09:17:01','2012-03-15 09:17:01'),(213,'Model','Wunsch-Bartoletti','Fantastic Plastic Car','526','Eum consequatur dignissimos aut sint iste modi nihil occaecati.','Delectus voluptates in voluptatum aut eligendi vel.',NULL,NULL,0,0,'In enim quos earum provident consequuntur itaque odio aut.','In quisquam et laborum molestias sunt doloribus rem qui.','2012-03-15 09:17:01','2012-03-15 09:17:01'),(214,'Model','Stroman, Willms and O\'Keefe','Incredible Cotton Car','527','Ab totam dolore id dignissimos quia alias.','Itaque voluptatem a laborum modi et iste.',NULL,NULL,1,0,'Dolores veritatis velit aspernatur delectus.','Occaecati aut similique quo aut aut neque.','2012-03-15 09:17:01','2012-03-15 09:17:01'),(215,'Model','McClure and Sons','Intelligent Wooden Table','528','Natus voluptatibus dolores pariatur perspiciatis fugit illo.','Est corporis ex unde voluptatem expedita mollitia sint pariatur.',NULL,NULL,0,0,'Optio natus rerum voluptatum corporis.','Illo rerum nulla ut ipsum ut et omnis.','2012-03-15 09:17:01','2012-03-15 09:17:01'),(216,'Model','Kuhic LLC','Sleek Cotton Pants','529','Consectetur doloribus a id ut dolorum.','Molestias qui et odit voluptates aliquam vel.',NULL,NULL,2,0,'Inventore est explicabo est in fuga.','Harum tempore cum et laborum.','2012-03-15 09:17:01','2012-03-15 09:17:01'),(217,'Model','Ryan, Sipes and Gusikowski','Practical Rubber Gloves','530','Voluptatum quo dolor quia.','Ducimus optio maiores et earum.',NULL,NULL,0,0,'Similique pariatur vel et modi optio eum est.','Facere labore repellendus rerum at voluptatem quasi amet et.','2012-03-15 09:17:01','2012-03-15 09:17:01'),(218,'Model','Stracke-Langworth','Practical Rubber Shirt','531','Dolorem molestias est veniam aut.','Officia ipsum dolorem quod et eligendi neque animi.',NULL,NULL,0,0,'Nobis reprehenderit tenetur dolor natus delectus deleniti eius sit.','Corrupti quo distinctio veniam vel.','2012-03-15 09:17:01','2012-03-15 09:17:01'),(219,'Model','Rodriguez, Streich and Harvey','Intelligent Concrete Shoes','532','Sint et veritatis maiores quam corrupti et necessitatibus.','Hic dicta laboriosam omnis minus et quasi ut.',NULL,NULL,2,0,'Est itaque enim ea ut rerum.','Nesciunt est facere nam aut ullam.','2012-03-15 09:17:01','2012-03-15 09:17:01'),(220,'Model','Ebert and Sons','Awesome Cotton Hat','533','Non et magni consequuntur ducimus facere recusandae.','Exercitationem consequatur aspernatur rerum facilis et.',NULL,NULL,3,0,'Consequatur vel vero accusantium debitis.','Veritatis doloribus placeat et occaecati voluptatibus quibusdam rerum.','2012-03-15 09:17:01','2012-03-15 09:17:01'),(221,'Model','Keeling and Sons','Intelligent Cotton Hat','534','Corporis ab cupiditate placeat ut.','Saepe vero et iste id accusantium.',NULL,NULL,0,0,'Rerum enim vel qui doloribus inventore.','Doloremque iure reprehenderit voluptatem dolor ducimus.','2012-03-15 09:17:01','2012-03-15 09:17:01'),(222,'Model','Quitzon, Jacobi and Abernathy','Small Plastic Table','535','Ex dicta sed eum doloribus aut voluptas voluptatem ut.','Nemo quis et eum qui voluptatem.',NULL,NULL,3,0,'Sed laudantium nihil beatae velit et repudiandae et.','Et neque adipisci vitae delectus.','2012-03-15 09:17:01','2012-03-15 09:17:01'),(223,'Model','Kris, Olson and Considine','Rustic Plastic Table','536','Non impedit voluptatem et tempore quos.','Fugiat delectus numquam sint optio assumenda.',NULL,NULL,0,0,'Quia nihil quia laudantium doloremque sint molestiae est.','Quasi atque harum voluptates labore dolor.','2012-03-15 09:17:01','2012-03-15 09:17:01'),(224,'Model','Mills Group','Gorgeous Concrete Hat','538','Expedita nesciunt dolorem animi consequatur nemo.','Iusto aliquid veritatis ut dolor.',NULL,NULL,2,0,'Laboriosam nisi occaecati et.','Maxime incidunt magni vero adipisci.','2012-03-15 09:17:01','2012-03-15 09:17:01'),(225,'Software','Lubowitz, Hamill and Reichert','Practical Cotton Chair','540',NULL,NULL,NULL,NULL,0,0,NULL,NULL,'2012-03-15 09:17:01','2012-03-15 09:17:01'),(226,'Model','Kohler-Denesik','Fantastic Granite Pants','541','Doloribus voluptatem ut ipsa vitae.','Quod omnis voluptatum rerum.',NULL,NULL,2,0,'Et harum hic accusantium nisi earum est aut autem.','Ut dolorem atque ea.','2012-03-10 00:00:00','2012-03-10 00:00:00'),(227,'Model','Von, Rogahn and Moore','Incredible Steel Pants','542','Ullam dolorem maxime nesciunt.','Tempora est expedita quidem.',NULL,NULL,2,0,'Distinctio blanditiis architecto doloremque veritatis.','Voluptatum minus aspernatur natus qui provident molestias magnam.','2012-03-10 00:00:00','2012-03-10 00:00:00'),(228,'Model','Metz, Schroeder and Leannon','Gorgeous Granite Computer','543','Recusandae quas blanditiis vel harum minus vel.','Eligendi laborum ad doloremque voluptatem fuga quidem consequatur.',NULL,NULL,1,0,'Culpa qui sed ex porro laudantium incidunt.','Ipsum quia maiores optio sit neque assumenda et.','2012-03-10 00:00:00','2012-03-10 00:00:00'),(229,'Model','Ruecker, Fisher and Muller','Incredible Concrete Gloves','544','Explicabo soluta laudantium est laborum et.','Necessitatibus molestias consequatur iste velit fuga.',NULL,NULL,3,0,'Ut distinctio tenetur aliquid explicabo sit.','Quo cumque tempora dolorem dolore incidunt nam in.','2012-03-10 00:00:00','2012-03-10 00:00:00'),(230,'Model','Schuster and Sons','Fantastic Plastic Shoes','546','Cum eos autem aut doloremque.','Praesentium aspernatur excepturi quia aut.',NULL,NULL,2,0,'Sint fuga harum qui quidem hic.','Similique sed quod vero voluptatem accusamus nihil aut.','2012-03-15 09:17:01','2012-03-15 09:17:01'),(231,'Model','Flatley Inc','Intelligent Steel Shoes','547','Blanditiis est repellendus aut iusto dolores.','Magni sint quia perspiciatis ullam ipsum.',NULL,NULL,1,0,'Nobis beatae voluptates nihil hic voluptatem.','Ipsam nihil ab culpa explicabo natus modi cum perferendis.','2012-03-15 09:17:01','2012-03-15 09:17:01'),(232,'Model','Pfeffer LLC','Rustic Plastic Shirt','548','Fugit quisquam delectus id ut vel qui rem.','Quam numquam et esse ut nesciunt omnis deserunt.',NULL,NULL,2,0,'Aut a nostrum totam et.','Quis quae quia exercitationem atque omnis voluptatem fuga.','2012-03-15 09:17:01','2012-03-15 09:17:01'),(233,'Model','Doyle-Schiller','Practical Steel Pants','549','Aut eligendi velit laudantium repudiandae quibusdam dicta dolorum nisi.','Eum veniam labore ut animi magnam ex autem.',NULL,NULL,3,0,'Autem error dicta tenetur et voluptas iste facere sunt.','Perspiciatis corrupti qui nobis commodi soluta velit.','2012-03-15 09:17:01','2012-03-15 09:17:01'),(234,'Model','Maggio LLC','Ergonomic Plastic Computer','550','Ex sit ipsum sequi vel asperiores.','Et ut quae ullam.',NULL,NULL,1,0,'Itaque aliquid atque reprehenderit aut explicabo aspernatur enim.','Tempore ut harum expedita et tenetur nihil debitis.','2012-03-15 09:17:01','2012-03-15 09:17:01'),(235,'Model','Grimes, Fisher and Labadie','Awesome Steel Computer','551','Culpa ipsam eligendi consequatur id.','Quia qui corrupti molestiae tenetur et perspiciatis dignissimos.',NULL,NULL,2,0,'Aperiam natus porro incidunt.','Occaecati quidem nisi quam quibusdam ad maxime in adipisci.','2012-03-15 09:17:01','2012-03-15 09:17:01'),(236,'Model','Shields, Bins and Stark','Gorgeous Steel Hat','552','In odio vero aut non nisi.','Distinctio facere molestiae dolorum corrupti fuga.',NULL,NULL,3,0,'Aut et adipisci voluptas laboriosam animi.','Minima laudantium hic ut illum consectetur sed omnis enim.','2012-03-15 09:17:01','2012-03-15 09:17:01'),(237,'Model','Fritsch, Abernathy and Lynch','Incredible Rubber Shoes','553','Qui laboriosam minima vel iure odit magni est atque.','Tempora delectus ipsam officia ab provident non deserunt.',NULL,NULL,1,0,'Id et ut perferendis.','Veritatis temporibus impedit quis est labore esse porro.','2012-03-15 09:17:01','2012-03-15 09:17:01'),(238,'Model','Kozey-Morar','Intelligent Rubber Hat','554','Eum amet praesentium voluptate quae.','Veniam natus ut laborum dolor.',NULL,NULL,2,0,'Voluptatem voluptatem eos vel corrupti sint.','Sed distinctio aut porro maxime dolores enim ipsa corporis.','2012-03-15 09:17:01','2012-03-15 09:17:01'),(239,'Model','Frami-Medhurst','Gorgeous Rubber Shirt','555','Nobis quia quae repellat itaque.','Excepturi nisi error eius voluptatem dolor.',NULL,NULL,3,0,'Ea exercitationem provident beatae cumque omnis perferendis minus quia.','Recusandae vero est eum.','2012-03-15 09:17:01','2012-03-15 09:17:01'),(240,'Model','Nikolaus and Sons','Small Cotton Pants','556','Quia quaerat itaque quibusdam.','Est in quia corrupti voluptatibus reprehenderit laudantium.',NULL,NULL,0,0,'Non et sapiente et enim deserunt modi debitis perferendis.','Qui ut dolorum dolor.','2012-03-15 09:17:01','2012-03-15 09:17:01'),(241,'Model','Breitenberg, Walter and Shields','Incredible Granite Car','557','Odio soluta saepe temporibus consequuntur tempora accusantium vitae sit.','Neque nihil corporis sunt doloribus rerum molestiae.',NULL,NULL,0,0,'Aut voluptatem repellat quisquam.','Eum vitae minus doloribus vero nam optio delectus.','2012-03-15 09:17:01','2012-03-15 09:17:01'),(242,'Model','Conn-Armstrong','Small Concrete Computer','558','Adipisci odio voluptatum ipsa.','Consequuntur laudantium occaecati minus labore doloremque saepe.',NULL,NULL,3,0,'Illum sed nihil et non in non.','Qui nemo reiciendis velit non aspernatur pariatur.','2012-03-15 09:17:01','2012-03-15 09:17:01'),(243,'Model','Hackett Group','Awesome Wooden Pants','559','Aut nam numquam laboriosam et culpa blanditiis et ab.','Consequuntur et odit quo ipsam quis.',NULL,NULL,0,0,'Saepe quia quis aut illum consequatur.','Tenetur commodi veritatis sequi eum consequuntur ut.','2012-03-15 09:17:01','2012-03-15 09:17:01'),(244,'Model','Ernser, Hudson and Kunde','Intelligent Steel Car','560','Voluptatem necessitatibus ut fugiat.','Voluptatem rerum temporibus quod molestiae fugit.',NULL,NULL,2,0,'Accusamus in voluptas occaecati ducimus eum autem.','Quia laudantium quia autem in similique.','2012-03-15 09:17:01','2012-03-15 09:17:01'),(245,'Model','McLaughlin, Bergnaum and Wunsch','Practical Rubber Car','561','Qui doloremque non possimus sed.','A repellat qui sint cumque incidunt.',NULL,NULL,3,0,'Esse vel ut reiciendis voluptas voluptatem nam.','Dolor et dolore laborum.','2012-03-15 09:17:01','2012-03-15 09:17:01'),(246,'Model','Deckow Group','Practical Concrete Pants','562','Rerum animi dolor repellat dolores quis ducimus.','Vel quis et nesciunt explicabo similique aut quo et.',NULL,NULL,3,0,'Eum dolorum omnis qui sint qui hic voluptas.','Perferendis repellat ipsam sapiente consectetur error.','2012-03-10 00:00:00','2012-03-10 00:00:00'),(247,'Model','Mraz, Gislason and Gutmann','Gorgeous Cotton Shirt','563','Mollitia enim et dolorem.','Sequi nesciunt est id nemo voluptate exercitationem debitis.',NULL,NULL,2,0,'Adipisci quia corrupti optio autem velit.','Sed vero omnis placeat architecto.','2012-03-10 00:00:00','2012-03-10 00:00:00'),(248,'Model','Haley-Ritchie','Fantastic Cotton Shoes','564','Dolor officiis eos sit provident maiores.','Expedita voluptates aut qui quasi ipsa omnis.',NULL,NULL,0,0,'Esse qui expedita necessitatibus sequi eligendi.','Velit qui blanditiis quia.','2012-03-10 00:00:00','2012-03-10 00:00:00'),(249,'Model','Ankunding, Bruen and Kemmer','Incredible Plastic Pants','565','Ullam ad voluptatem occaecati.','Odit quas cumque dignissimos aut totam maxime.',NULL,NULL,0,0,'Laudantium aspernatur quibusdam delectus.','Consequatur nostrum illo aut ab ullam fugit ut non.','2012-03-15 09:17:01','2012-03-15 09:17:01'),(250,'Model','Harris-Cremin','Intelligent Rubber Gloves','566','Aliquam nisi aspernatur laudantium enim similique numquam.','Tenetur aut iure similique corporis.',NULL,NULL,0,0,'Perspiciatis quia sed nihil et ut rerum quisquam.','Rerum similique vero et aliquid aliquam.','2012-03-15 09:17:01','2012-03-15 09:17:01'),(251,'Model','Donnelly and Sons','Practical Steel Shirt','567','Quasi repellendus dolor eveniet maxime.','Quia est rerum sequi perspiciatis modi.',NULL,NULL,2,0,'Omnis aperiam voluptatibus at ex.','Omnis rerum quis sunt et eos repudiandae aut.','2012-03-15 09:17:01','2012-03-15 09:17:01'),(252,'Model','Wiegand, Rice and Hills','Rustic Wooden Gloves','568','Nulla ea fugiat aut.','Rerum dolorum ducimus et.',NULL,NULL,3,0,'Quis facere totam quia consequatur eligendi dicta et.','Sunt facilis blanditiis sequi inventore eius.','2012-03-15 09:17:01','2012-03-15 09:17:01'),(253,'Model','Cassin and Sons','Small Steel Shoes','569','Omnis officiis quas non corporis et ducimus.','Est autem quia ducimus ipsum eius.',NULL,NULL,2,0,'Ipsam et consectetur pariatur velit voluptas dolores ad tempore.','Saepe est ratione ad soluta consequatur reiciendis sequi.','2012-03-15 09:17:01','2012-03-15 09:17:01'),(254,'Model','Bauch, Kozey and Farrell','Small Granite Computer','570','Dolores id accusamus rerum dolorem consequatur tenetur voluptatem illo.','Vero eos et et.',NULL,NULL,0,0,'Distinctio et autem et voluptatem.','Sed est error praesentium ut voluptate iste est est.','2012-03-15 09:17:01','2012-03-15 09:17:01'),(255,'Model','Koelpin, Moen and Greenholt','Sleek Granite Chair','571','Aut voluptatibus et dolor.','Quas iusto non sapiente quo exercitationem vitae natus.',NULL,NULL,1,0,'Dolorum et labore ea dolores enim.','Officia at dignissimos provident dolorem possimus et est.','2012-03-15 09:17:01','2012-03-15 09:17:01'),(256,'Model','Herman LLC','Intelligent Granite Car','572','Qui non quo et pariatur.','Eligendi natus nisi est.',NULL,NULL,1,0,'Voluptatem fugiat dolorum sint distinctio qui.','Qui enim dicta fuga cupiditate sunt ex et.','2012-03-15 09:17:01','2012-03-15 09:17:01'),(257,'Model','Walsh, Pfannerstill and Brekke','Fantastic Cotton Hat','573','Recusandae rerum similique voluptatem cupiditate non eos.','Consequatur eius in vero et ut officia quo voluptates.',NULL,NULL,2,0,'Est eius et animi.','Ipsam quo quidem quasi provident expedita recusandae.','2012-03-15 09:17:01','2012-03-15 09:17:01'),(258,'Model','Cummerata-Marvin','Practical Concrete Shoes','574','Nulla eligendi aspernatur voluptas dolore sunt est ea amet.','Nemo voluptatem nam quidem voluptatem illo beatae.',NULL,NULL,1,0,'Soluta quis velit dolor dolore ullam vel fugit.','Modi consequatur distinctio sed tempore est dignissimos hic unde.','2012-03-15 09:17:01','2012-03-15 09:17:01'),(259,'Model','Bartoletti, Ondricka and Donnelly','Awesome Cotton Table','575','In incidunt explicabo est voluptatum sed.','Libero dignissimos consequatur maiores ducimus vel ipsa rem.',NULL,NULL,1,0,'In magnam cum fugiat ratione dolores quia.','Suscipit doloremque mollitia ea.','2012-03-15 09:17:01','2012-03-15 09:17:01'),(260,'Model','Volkman, O\'Kon and Graham','Fantastic Plastic Table','576','Id reiciendis saepe alias fugiat.','Eligendi et officia voluptate voluptatem et.',NULL,NULL,1,0,'Exercitationem qui in ut pariatur velit.','Eveniet libero quia porro velit qui alias dignissimos.','2012-03-15 09:17:01','2012-03-15 09:17:01'),(261,'Model','Bergnaum and Sons','Awesome Steel Chair','577','Debitis et quos explicabo.','In explicabo placeat id aut.',NULL,NULL,1,0,'Sint rerum voluptates tenetur placeat ut aut consectetur corporis.','Earum atque qui ut nulla magnam.','2012-03-15 09:17:01','2012-03-15 09:17:01'),(262,'Model','Hayes LLC','Practical Granite Chair','578','Expedita qui itaque repellat.','Debitis veniam tempore numquam dolores molestiae nobis.',NULL,NULL,2,0,'Molestias eveniet ex amet.','Quae aut maiores sint assumenda et quas delectus.','2012-03-15 09:17:01','2012-03-15 09:17:01'),(263,'Model','Homenick-Walsh','Gorgeous Wooden Table','579','Consectetur aspernatur aut libero incidunt quisquam corrupti.','Cupiditate quis velit et esse.',NULL,NULL,2,0,'Ducimus qui omnis aut.','Nihil et unde quo.','2012-03-15 09:17:01','2012-03-15 09:17:01'),(264,'Model','Cormier-Lesch','Intelligent Concrete Shirt','580','Et quaerat expedita eveniet rem aspernatur.','At voluptas autem minima aspernatur porro natus voluptatem aliquid.',NULL,NULL,3,0,'Nihil fugit consequatur deleniti impedit voluptas rerum aut.','Provident labore voluptates aliquam tempora sit dolores animi quidem.','2012-03-15 09:17:01','2012-03-15 09:17:01'),(265,'Model','Langworth-Steuber','Intelligent Concrete Car','581','Consectetur similique tempora magnam eos corrupti quis est architecto.','Quos iusto delectus voluptate deleniti non est quis.',NULL,NULL,2,0,'Deserunt quos et aperiam.','Maiores tenetur velit nobis provident sint nisi.','2012-03-15 09:17:01','2012-03-15 09:17:01'),(266,'Model','Wolf-O\'Hara','Practical Granite Pants','582','Ut et illum provident.','Id molestiae dolores maiores dignissimos ipsam sit voluptas.',NULL,NULL,1,0,'In ducimus sed delectus consectetur.','Tenetur explicabo esse recusandae.','2012-03-15 09:17:01','2012-03-15 09:17:01'),(267,'Model','Kovacek, Jacobson and Dickens','Awesome Cotton Car','583','Nesciunt aut eos aspernatur voluptatem velit sit incidunt minus.','Repellendus doloribus et velit.',NULL,NULL,2,0,'Voluptatem ducimus dolor quia rem maiores magni dolores tempora.','Adipisci ad ipsa quisquam voluptatem natus animi vel.','2012-03-15 09:17:01','2012-03-15 09:17:01'),(268,'Model','Blanda-Spencer','Small Cotton Shirt','584','Saepe vitae cum sit neque.','Reprehenderit dolorum qui voluptatem odit molestiae adipisci.',NULL,NULL,1,0,'Dignissimos dolor provident est dolorem quasi.','Molestiae laboriosam voluptatem quis temporibus.','2012-03-15 09:17:01','2012-03-15 09:17:01'),(269,'Model','Nicolas, Zulauf and Adams','Fantastic Granite Computer','585','Vitae et incidunt et fugiat voluptas.','Dolores eveniet temporibus nihil molestiae.',NULL,NULL,3,0,'Eaque exercitationem illum quam eius ut.','Accusamus et sint voluptas.','2012-03-15 09:17:01','2012-03-15 09:17:01'),(270,'Model','Fadel, Larson and Bradtke','Sleek Granite Computer','586','Enim suscipit quo aut quos et modi voluptatem et.','Qui in id eum labore odio.',NULL,NULL,1,0,'Soluta ducimus incidunt suscipit.','Ex excepturi voluptatem culpa quo et similique.','2012-03-15 09:17:01','2012-03-15 09:17:01'),(271,'Model','Feest, Romaguera and Grimes','Practical Rubber Computer','587','Qui odit minima quos minus quia.','Similique accusantium voluptas rerum qui illo a eos.',NULL,NULL,2,0,'Et quis alias consequuntur voluptatibus quod reiciendis.','Qui excepturi fugiat consequatur est.','2012-03-15 09:17:01','2012-03-15 09:17:01'),(272,'Model','Bins Inc','Ergonomic Wooden Shoes','588','Quia exercitationem vero corrupti.','Atque sed ducimus nesciunt et earum non quibusdam similique.',NULL,NULL,3,0,'Sunt aspernatur repudiandae nihil consectetur natus aut.','Voluptas voluptate et nesciunt.','2012-03-15 09:17:01','2012-03-15 09:17:01'),(273,'Model','Johns-Cole','Incredible Wooden Computer','589','Facere est eos qui.','Praesentium iste suscipit itaque quos.',NULL,NULL,2,0,'Nihil est harum aut sit pariatur doloremque repudiandae dolore.','Quisquam corrupti animi consequatur ipsum sint consectetur aspernatur accusamus.','2012-03-15 09:17:01','2012-03-15 09:17:01'),(274,'Model','Schaden-Kuhn','Incredible Granite Pants','590','Eligendi aut velit et ea odio vitae vel.','Sed ratione voluptate placeat.',NULL,NULL,0,0,'Doloribus eos et in dolores exercitationem beatae praesentium dolorem.','Eveniet deserunt aperiam facere voluptatem ducimus cumque et.','2012-03-15 09:17:01','2012-03-15 09:17:01'),(275,'Model','Upton-Purdy','Incredible Cotton Chair','591','Quos consequatur totam tempora asperiores omnis at reiciendis enim.','Quis non ab officiis cupiditate mollitia tenetur dolor.',NULL,NULL,0,0,'Sint reiciendis sed repellendus rerum maiores.','Tenetur quis inventore pariatur est.','2012-03-15 09:17:01','2012-03-15 09:17:01'),(276,'Model','Maggio, Schulist and Collins','Gorgeous Plastic Pants','592','Itaque nulla qui facilis dolorem quo earum ex.','Quod nesciunt rerum aut.',NULL,NULL,0,0,'Dolore qui itaque ut vel dolor iure.','Autem non hic nisi et.','2012-03-15 09:17:01','2012-03-15 09:17:01'),(277,'Model','Barton-Stokes','Rustic Wooden Car','593','Et et molestias odio non.','Veniam nostrum ad est optio.',NULL,NULL,0,0,'Dolore quia et odit at quas in consequatur nesciunt.','Laudantium labore blanditiis excepturi veniam sunt.','2012-03-15 09:17:01','2012-03-15 09:17:01'),(278,'Model','Bashirian, Fisher and Crist','Incredible Cotton Hat','594','In voluptatem non quos est sed.','Et consequuntur quisquam voluptatem dolor molestias cumque odio.',NULL,NULL,3,0,'Impedit consequatur quam neque omnis dignissimos assumenda numquam sit.','Sit quasi quidem omnis et molestiae dolores cupiditate quia.','2012-03-15 09:17:01','2012-03-15 09:17:01'),(279,'Model','Carter-Ernser','Fantastic Rubber Shoes','595','Corporis beatae enim delectus incidunt molestias doloremque perspiciatis accusantium.','Rerum expedita fuga perspiciatis nobis natus doloremque voluptate error.',NULL,NULL,2,0,'Ex eos doloremque nostrum sequi excepturi consequatur vitae vel.','Est facere alias pariatur.','2012-03-15 09:17:01','2012-03-15 09:17:01'),(280,'Model','Zulauf, Koss and Sauer','Rustic Cotton Chair','596','Maxime laborum eos voluptatem voluptates vero ut.','Aliquam est dolores fugit deleniti asperiores laudantium.',NULL,NULL,3,0,'Doloremque expedita quidem magni asperiores.','Esse voluptatem ut rerum aspernatur quis.','2012-03-15 09:17:01','2012-03-15 09:17:01'),(281,'Model','Erdman Group','Rustic Cotton Car','597','Id eum voluptas fuga et est dolorem facilis.','Non minima nihil dolores ut reprehenderit unde quis expedita.',NULL,NULL,3,0,'Amet et earum ullam quo qui.','Fugiat neque necessitatibus totam quaerat in tenetur.','2012-03-15 09:17:01','2012-03-15 09:17:01'),(282,'Model','Ankunding-Treutel','Fantastic Plastic Shirt','598','Dolorem corrupti voluptas est iusto ab officiis id.','Accusamus odit beatae architecto vitae laboriosam.',NULL,NULL,0,0,'Eum accusamus officia labore et nihil iste.','Alias quisquam odit dolor voluptatem consectetur molestiae ducimus enim.','2012-03-15 09:17:01','2012-03-15 09:17:01'),(283,'Model','Kuvalis-Konopelski','Incredible Plastic Car','599','Ea repellendus sapiente alias ipsam aperiam.','Cumque necessitatibus aut eum.',NULL,NULL,3,0,'Neque est et rerum iusto suscipit ut iure.','Soluta expedita voluptas quidem earum sed beatae id.','2012-03-15 09:17:01','2012-03-15 09:17:01'),(284,'Model','Moore Group','Awesome Rubber Shirt','600','Molestias et debitis fugiat nam.','Debitis corrupti vitae reprehenderit mollitia.',NULL,NULL,2,0,'Non et perspiciatis vero.','Incidunt quas hic eos.','2012-03-15 09:17:01','2012-03-15 09:17:01'),(285,'Model','Herzog-Gorczany','Practical Cotton Car','601','Ad dolorum possimus explicabo animi maxime.','Consequatur atque minima expedita porro quidem.',NULL,NULL,3,0,'Qui quasi beatae totam repudiandae deserunt qui unde.','Et molestiae id doloremque sit velit molestias.','2012-03-15 09:17:01','2012-03-15 09:17:01'),(286,'Model','Kozey, Kautzer and Lakin','Practical Plastic Chair','602','Consectetur debitis labore quasi.','Aperiam cupiditate nihil sit.',NULL,NULL,3,0,'Maxime aut sit modi eveniet consequatur incidunt nihil asperiores.','Quia cum quod corrupti debitis iusto.','2012-03-15 09:17:01','2012-03-15 09:17:01'),(287,'Software','Dietrich and Sons','Ergonomic Rubber Shirt','603',NULL,NULL,NULL,NULL,0,0,NULL,NULL,'2012-03-15 09:17:01','2012-03-15 09:17:01'),(288,'Model','Boyer Inc','Ergonomic Rubber Computer','604','Adipisci voluptate reprehenderit ex aliquid enim et.','Ut recusandae natus sunt.',NULL,NULL,0,0,'Officiis eos vel quae maiores omnis.','Vitae in ducimus et rerum.','2012-03-15 09:17:01','2012-03-15 09:17:01'),(289,'Model','Kutch LLC','Awesome Plastic Gloves','605','Aliquam cupiditate quibusdam sit impedit commodi totam dicta vero.','Vero voluptate voluptatem nulla.',NULL,NULL,2,0,'Adipisci explicabo velit et.','Quidem a quis iure omnis vel architecto.','2012-03-15 09:17:01','2012-03-15 09:17:01'),(290,'Model','Aufderhar, Huel and Grimes','Intelligent Rubber Table','606','Unde animi quis ea cupiditate cumque harum sequi quidem.','Sapiente quibusdam expedita quidem fuga.',NULL,NULL,2,0,'Aut sequi soluta ea.','Consectetur commodi et eius vitae.','2012-03-15 09:17:01','2012-03-15 09:17:01'),(291,'Model','Weimann Group','Gorgeous Wooden Hat','607','Iste a dicta temporibus asperiores.','Officia et fugiat perspiciatis.',NULL,NULL,3,0,'Aut eum saepe voluptatem architecto rerum.','Omnis aut iusto nulla aperiam enim omnis eligendi.','2012-03-15 09:17:01','2012-03-15 09:17:01');
/*!40000 ALTER TABLE `models` ENABLE KEYS */;
UNLOCK TABLES;

--
-- Table structure for table `models_compatibles`
--

DROP TABLE IF EXISTS `models_compatibles`;
/*!40101 SET @saved_cs_client     = @@character_set_client */;
/*!40101 SET character_set_client = utf8 */;
CREATE TABLE `models_compatibles` (
  `model_id` int(11) DEFAULT NULL,
  `compatible_id` int(11) DEFAULT NULL,
  KEY `index_models_compatibles_on_compatible_id` (`compatible_id`),
  KEY `index_models_compatibles_on_model_id` (`model_id`),
  CONSTRAINT `models_compatibles_compatible_id_fk` FOREIGN KEY (`compatible_id`) REFERENCES `models` (`id`),
  CONSTRAINT `models_compatibles_model_id_fk` FOREIGN KEY (`model_id`) REFERENCES `models` (`id`)
) ENGINE=InnoDB DEFAULT CHARSET=utf8 COLLATE=utf8_unicode_ci;
/*!40101 SET character_set_client = @saved_cs_client */;

--
-- Dumping data for table `models_compatibles`
--

LOCK TABLES `models_compatibles` WRITE;
/*!40000 ALTER TABLE `models_compatibles` DISABLE KEYS */;
INSERT INTO `models_compatibles` VALUES (152,151),(153,151),(154,151);
/*!40000 ALTER TABLE `models_compatibles` ENABLE KEYS */;
UNLOCK TABLES;

--
-- Table structure for table `notifications`
--

DROP TABLE IF EXISTS `notifications`;
/*!40101 SET @saved_cs_client     = @@character_set_client */;
/*!40101 SET character_set_client = utf8 */;
CREATE TABLE `notifications` (
  `id` int(11) NOT NULL AUTO_INCREMENT,
  `user_id` int(11) DEFAULT NULL,
  `title` varchar(255) COLLATE utf8_unicode_ci DEFAULT '',
  `created_at` datetime NOT NULL,
  PRIMARY KEY (`id`),
  KEY `index_notifications_on_user_id` (`user_id`),
  CONSTRAINT `notifications_user_id_fk` FOREIGN KEY (`user_id`) REFERENCES `users` (`id`) ON DELETE CASCADE
) ENGINE=InnoDB DEFAULT CHARSET=utf8 COLLATE=utf8_unicode_ci;
/*!40101 SET character_set_client = @saved_cs_client */;

--
-- Dumping data for table `notifications`
--

LOCK TABLES `notifications` WRITE;
/*!40000 ALTER TABLE `notifications` DISABLE KEYS */;
/*!40000 ALTER TABLE `notifications` ENABLE KEYS */;
UNLOCK TABLES;

--
-- Table structure for table `numerators`
--

DROP TABLE IF EXISTS `numerators`;
/*!40101 SET @saved_cs_client     = @@character_set_client */;
/*!40101 SET character_set_client = utf8 */;
CREATE TABLE `numerators` (
  `id` int(11) NOT NULL AUTO_INCREMENT,
  `item` int(11) DEFAULT NULL,
  PRIMARY KEY (`id`)
) ENGINE=InnoDB DEFAULT CHARSET=utf8 COLLATE=utf8_unicode_ci;
/*!40101 SET character_set_client = @saved_cs_client */;

--
-- Dumping data for table `numerators`
--

LOCK TABLES `numerators` WRITE;
/*!40000 ALTER TABLE `numerators` DISABLE KEYS */;
/*!40000 ALTER TABLE `numerators` ENABLE KEYS */;
UNLOCK TABLES;

--
-- Table structure for table `options`
--

DROP TABLE IF EXISTS `options`;
/*!40101 SET @saved_cs_client     = @@character_set_client */;
/*!40101 SET character_set_client = utf8 */;
CREATE TABLE `options` (
  `id` int(11) NOT NULL AUTO_INCREMENT,
  `inventory_pool_id` int(11) DEFAULT NULL,
  `inventory_code` varchar(255) COLLATE utf8_unicode_ci DEFAULT NULL,
  `manufacturer` varchar(255) COLLATE utf8_unicode_ci DEFAULT NULL,
  `product` varchar(255) COLLATE utf8_unicode_ci NOT NULL,
  `version` varchar(255) COLLATE utf8_unicode_ci DEFAULT NULL,
  `price` decimal(8,2) DEFAULT NULL,
  PRIMARY KEY (`id`),
  KEY `index_options_on_inventory_pool_id` (`inventory_pool_id`),
  CONSTRAINT `options_inventory_pool_id_fk` FOREIGN KEY (`inventory_pool_id`) REFERENCES `inventory_pools` (`id`)
) ENGINE=InnoDB AUTO_INCREMENT=7 DEFAULT CHARSET=utf8 COLLATE=utf8_unicode_ci;
/*!40101 SET character_set_client = @saved_cs_client */;

--
-- Dumping data for table `options`
--

LOCK TABLES `options` WRITE;
/*!40000 ALTER TABLE `options` DISABLE KEYS */;
INSERT INTO `options` VALUES (1,1,'akku-aa',NULL,'Akku AA','433','901.00'),(2,1,'akku-aaa',NULL,'Akku AAA','434','1257.00'),(3,1,'usb',NULL,'USB Kabel','435','760.00'),(4,1,'vol8588',NULL,'Incredible Granite Table','537','1175.00'),(5,1,'cul6611',NULL,'Rustic Plastic Hat','539','1171.00'),(6,2,'fac1222',NULL,'Rustic Granite Chair','545','800.00');
/*!40000 ALTER TABLE `options` ENABLE KEYS */;
UNLOCK TABLES;

--
-- Table structure for table `partitions`
--

DROP TABLE IF EXISTS `partitions`;
/*!40101 SET @saved_cs_client     = @@character_set_client */;
/*!40101 SET character_set_client = utf8 */;
CREATE TABLE `partitions` (
  `id` int(11) NOT NULL AUTO_INCREMENT,
  `model_id` int(11) DEFAULT NULL,
  `inventory_pool_id` int(11) DEFAULT NULL,
  `group_id` int(11) DEFAULT NULL,
  `quantity` int(11) DEFAULT NULL,
  PRIMARY KEY (`id`),
  UNIQUE KEY `index_partitions_on_model_id_and_inventory_pool_id_and_group_id` (`model_id`,`inventory_pool_id`,`group_id`),
  KEY `partitions_group_id_fk` (`group_id`),
  KEY `partitions_inventory_pool_id_fk` (`inventory_pool_id`),
  CONSTRAINT `partitions_model_id_fk` FOREIGN KEY (`model_id`) REFERENCES `models` (`id`) ON DELETE CASCADE,
  CONSTRAINT `partitions_group_id_fk` FOREIGN KEY (`group_id`) REFERENCES `groups` (`id`),
  CONSTRAINT `partitions_inventory_pool_id_fk` FOREIGN KEY (`inventory_pool_id`) REFERENCES `inventory_pools` (`id`)
) ENGINE=InnoDB AUTO_INCREMENT=12 DEFAULT CHARSET=utf8 COLLATE=utf8_unicode_ci;
/*!40101 SET character_set_client = @saved_cs_client */;

--
-- Dumping data for table `partitions`
--

LOCK TABLES `partitions` WRITE;
/*!40000 ALTER TABLE `partitions` DISABLE KEYS */;
INSERT INTO `partitions` VALUES (1,115,1,4,1),(2,153,1,5,1),(3,154,1,6,5),(4,152,1,1,1),(5,84,1,1,1),(6,84,1,2,1),(7,170,1,7,1),(8,179,1,7,1),(9,188,1,7,1),(10,200,1,8,1),(11,207,1,7,1);
/*!40000 ALTER TABLE `partitions` ENABLE KEYS */;
UNLOCK TABLES;

--
-- Temporary table structure for view `partitions_with_generals`
--

DROP TABLE IF EXISTS `partitions_with_generals`;
/*!50001 DROP VIEW IF EXISTS `partitions_with_generals`*/;
SET @saved_cs_client     = @@character_set_client;
SET character_set_client = utf8;
/*!50001 CREATE TABLE `partitions_with_generals` (
  `model_id` int(11),
  `inventory_pool_id` int(11),
  `group_id` int(11),
  `quantity` decimal(33,0)
) ENGINE=MyISAM */;
SET character_set_client = @saved_cs_client;

--
-- Table structure for table `properties`
--

DROP TABLE IF EXISTS `properties`;
/*!40101 SET @saved_cs_client     = @@character_set_client */;
/*!40101 SET character_set_client = utf8 */;
CREATE TABLE `properties` (
  `id` int(11) NOT NULL AUTO_INCREMENT,
  `model_id` int(11) DEFAULT NULL,
  `key` varchar(255) COLLATE utf8_unicode_ci DEFAULT NULL,
  `value` varchar(255) COLLATE utf8_unicode_ci DEFAULT NULL,
  PRIMARY KEY (`id`),
  KEY `index_properties_on_model_id` (`model_id`),
  CONSTRAINT `properties_model_id_fk` FOREIGN KEY (`model_id`) REFERENCES `models` (`id`) ON DELETE CASCADE
) ENGINE=InnoDB AUTO_INCREMENT=13 DEFAULT CHARSET=utf8 COLLATE=utf8_unicode_ci;
/*!40101 SET character_set_client = @saved_cs_client */;

--
-- Dumping data for table `properties`
--

LOCK TABLES `properties` WRITE;
/*!40000 ALTER TABLE `properties` DISABLE KEYS */;
INSERT INTO `properties` VALUES (1,152,'Rotorduchmesser','120'),(2,152,'Akkus','2'),(3,152,'Farbe','Rot'),(4,153,'Rotorduchmesser','120'),(5,153,'Akkus','2'),(6,153,'Farbe','Rot'),(7,153,'max. Speed','80 kmh'),(8,153,'Gyro','Ja'),(9,153,'Achsen','3-Achsen'),(10,154,'Rotorduchmesser','120'),(11,154,'Akkus','2'),(12,154,'Farbe','Rot');
/*!40000 ALTER TABLE `properties` ENABLE KEYS */;
UNLOCK TABLES;

--
-- Table structure for table `purposes`
--

DROP TABLE IF EXISTS `purposes`;
/*!40101 SET @saved_cs_client     = @@character_set_client */;
/*!40101 SET character_set_client = utf8 */;
CREATE TABLE `purposes` (
  `id` int(11) NOT NULL AUTO_INCREMENT,
  `description` text COLLATE utf8_unicode_ci,
  PRIMARY KEY (`id`)
) ENGINE=InnoDB AUTO_INCREMENT=47 DEFAULT CHARSET=utf8 COLLATE=utf8_unicode_ci;
/*!40101 SET character_set_client = @saved_cs_client */;

--
-- Dumping data for table `purposes`
--

LOCK TABLES `purposes` WRITE;
/*!40000 ALTER TABLE `purposes` DISABLE KEYS */;
INSERT INTO `purposes` VALUES (1,'---\n- Qui eos qui repudiandae.\n- Id at in necessitatibus aperiam consequuntur neque.\n'),(2,'---\n- Molestiae est dolorem accusantium.\n- Minima ad quo.\n'),(3,'Ersatzstativ fr die Ausstellung.'),(4,'Ersatzstativ fr die Ausstellung.'),(5,'Ersatzstativ fr die Ausstellung.'),(6,'Ersatzstativ fr die Ausstellung.'),(7,'Ersatzstativ fr die Ausstellung.'),(8,'Ersatzstativ fr die Ausstellung.'),(9,'Ersatzstativ fr die Ausstellung.'),(10,'Ersatzstativ fr die Ausstellung.'),(11,'Ersatzstativ fr die Ausstellung.'),(12,'Ersatzstativ fr die Ausstellung.'),(13,'Ersatzstativ fr die Ausstellung.'),(14,'Ersatzstativ fr die Ausstellung.'),(15,'Voluptatum sapiente quia consectetur neque cupiditate minus ullam.'),(16,'Culpa doloremque ea porro modi cupiditate voluptates est nam.'),(17,'Voluptatum sunt quod nesciunt veritatis doloribus adipisci.'),(18,'Animi inventore expedita nam dolorum sunt vero omnis cum.'),(19,'Non et et eius fuga dolores quis iusto.'),(20,'Quas sint itaque rerum eius beatae.'),(21,'Reiciendis nihil qui qui molestiae voluptatem.'),(22,'Praesentium recusandae cum vel autem pariatur tempora.'),(23,'Bentige ich fr die Aufnahmen meiner Abschlussarbeit.'),(24,'Pariatur eum veritatis labore.'),(25,'Qui voluptate rem sed atque numquam rerum odio.'),(26,'Autem mollitia sed est officiis delectus qui.'),(27,'Ersatzstativ fr die Ausstellung.'),(28,'Fr das zweite Austellungswochenende.'),(29,'Fr das dritte Austellungswochenende.'),(30,'Fr die Abschlussarbeit.'),(31,'Ersatzstativ fr die Ausstellung.'),(32,'Bestellung mit Software'),(33,'Bestellung mit Gegenstand ohne Ort'),(34,'Um meine Abschlussarbeit zu fotografieren.'),(35,'Perferendis voluptatem earum voluptatibus facilis ad dolores eum.'),(36,'Um meine Abschlussarbeit zu fotografieren.'),(37,'Um meine Abschlussarbeit zu fotografieren.'),(38,'Deleniti qui nulla aperiam qui sed qui ullam est.'),(39,'Paketausgabe'),(40,'Fr meinen aktuellen Kurs.'),(41,'Ersatzstativ fr die Ausstellung.'),(42,'Um meine Abschlussarbeit zu fotografieren.'),(43,'Fotoshooting (Kurs Fotografie).'),(44,'Brauche ich zwingend fr meinen Kurs.'),(45,'Ganz dringend bentigt fr meine Abschlussarbeit.'),(46,'Als Ersatz.');
/*!40000 ALTER TABLE `purposes` ENABLE KEYS */;
UNLOCK TABLES;

--
-- Table structure for table `schema_migrations`
--

DROP TABLE IF EXISTS `schema_migrations`;
/*!40101 SET @saved_cs_client     = @@character_set_client */;
/*!40101 SET character_set_client = utf8 */;
CREATE TABLE `schema_migrations` (
  `version` varchar(255) COLLATE utf8_unicode_ci NOT NULL,
  UNIQUE KEY `unique_schema_migrations` (`version`)
) ENGINE=InnoDB DEFAULT CHARSET=utf8 COLLATE=utf8_unicode_ci;
/*!40101 SET character_set_client = @saved_cs_client */;

--
-- Dumping data for table `schema_migrations`
--

LOCK TABLES `schema_migrations` WRITE;
/*!40000 ALTER TABLE `schema_migrations` DISABLE KEYS */;
INSERT INTO `schema_migrations` VALUES ('20140410180000'),('20140414100000'),('20140415083535'),('20140417113831'),('20140428092844'),('20140515131025'),('20140812132326'),('20140820100242'),('20140828082448'),('20140901141016'),('20140903105715'),('20140905091014');
/*!40000 ALTER TABLE `schema_migrations` ENABLE KEYS */;
UNLOCK TABLES;

--
-- Table structure for table `settings`
--

DROP TABLE IF EXISTS `settings`;
/*!40101 SET @saved_cs_client     = @@character_set_client */;
/*!40101 SET character_set_client = utf8 */;
CREATE TABLE `settings` (
  `id` int(11) NOT NULL AUTO_INCREMENT,
  `smtp_address` varchar(255) COLLATE utf8_unicode_ci DEFAULT NULL,
  `smtp_port` int(11) DEFAULT NULL,
  `smtp_domain` varchar(255) COLLATE utf8_unicode_ci DEFAULT NULL,
  `local_currency_string` varchar(255) COLLATE utf8_unicode_ci DEFAULT NULL,
  `contract_terms` text COLLATE utf8_unicode_ci,
  `contract_lending_party_string` text COLLATE utf8_unicode_ci,
  `email_signature` varchar(255) COLLATE utf8_unicode_ci DEFAULT NULL,
  `default_email` varchar(255) COLLATE utf8_unicode_ci DEFAULT NULL,
  `deliver_order_notifications` tinyint(1) DEFAULT NULL,
  `user_image_url` varchar(255) COLLATE utf8_unicode_ci DEFAULT NULL,
  `ldap_config` varchar(255) COLLATE utf8_unicode_ci DEFAULT NULL,
  `logo_url` varchar(255) COLLATE utf8_unicode_ci DEFAULT NULL,
  `mail_delivery_method` varchar(255) COLLATE utf8_unicode_ci DEFAULT NULL,
  `smtp_username` varchar(255) COLLATE utf8_unicode_ci DEFAULT NULL,
  `smtp_password` varchar(255) COLLATE utf8_unicode_ci DEFAULT NULL,
  `smtp_enable_starttls_auto` tinyint(1) NOT NULL DEFAULT '0',
  `smtp_openssl_verify_mode` varchar(255) COLLATE utf8_unicode_ci NOT NULL DEFAULT 'none',
  `time_zone` varchar(255) COLLATE utf8_unicode_ci NOT NULL DEFAULT 'Bern',
  `disable_manage_section` tinyint(1) NOT NULL DEFAULT '0',
  `disable_manage_section_message` text COLLATE utf8_unicode_ci,
  `disable_borrow_section` tinyint(1) NOT NULL DEFAULT '0',
  `disable_borrow_section_message` text COLLATE utf8_unicode_ci,
  `text` text COLLATE utf8_unicode_ci,
  PRIMARY KEY (`id`)
) ENGINE=InnoDB AUTO_INCREMENT=2 DEFAULT CHARSET=utf8 COLLATE=utf8_unicode_ci;
/*!40101 SET character_set_client = @saved_cs_client */;

--
-- Dumping data for table `settings`
--

LOCK TABLES `settings` WRITE;
/*!40000 ALTER TABLE `settings` DISABLE KEYS */;
INSERT INTO `settings` VALUES (1,'smtp.zhdk.ch',25,'beta.ausleihe.zhdk.ch','CHF','Die Benutzerin/der Benutzer ist bei unsachgemsser Handhabung oder Verlust schadenersatzpflichtig. Sie/Er verpflichtet sich, das Material sorgfltig zu behandeln und gereinigt zu retournieren. Bei mangelbehafteter oder verspteter Rckgabe kann eine Ausleihsperre (bis zu 6 Monaten) verhngt werden. Das geliehene Material bleibt jederzeit uneingeschrnktes Eigentum der Zrcher Hochschule der Knste und darf ausschliesslich fr schulische Zwecke eingesetzt werden. Mit ihrer/seiner Unterschrift akzeptiert die Benutzerin/der Benutzer diese Bedingungen sowie die \'Richtlinie zur Ausleihe von Sachen\' der ZHdK und etwaige abteilungsspezifische Ausleih-Richtlinien.','Your\nAddress\nHere','Das PZ-leihs Team','sender@example.com',0,'http://www.zhdk.ch/?person/foto&width=100&compressionlevel=0&id={:id}',NULL,'/assets/image-logo-zhdk.png','test',NULL,NULL,0,'none','Bern',0,NULL,0,NULL,NULL);
/*!40000 ALTER TABLE `settings` ENABLE KEYS */;
UNLOCK TABLES;

--
-- Table structure for table `suppliers`
--

DROP TABLE IF EXISTS `suppliers`;
/*!40101 SET @saved_cs_client     = @@character_set_client */;
/*!40101 SET character_set_client = utf8 */;
CREATE TABLE `suppliers` (
  `id` int(11) NOT NULL AUTO_INCREMENT,
  `name` varchar(255) COLLATE utf8_unicode_ci NOT NULL,
  `created_at` datetime DEFAULT NULL,
  `updated_at` datetime DEFAULT NULL,
  PRIMARY KEY (`id`),
  UNIQUE KEY `index_suppliers_on_name` (`name`)
) ENGINE=InnoDB AUTO_INCREMENT=263 DEFAULT CHARSET=utf8 COLLATE=utf8_unicode_ci;
/*!40101 SET character_set_client = @saved_cs_client */;

--
-- Dumping data for table `suppliers`
--

LOCK TABLES `suppliers` WRITE;
/*!40000 ALTER TABLE `suppliers` DISABLE KEYS */;
INSERT INTO `suppliers` VALUES (1,'placeatoptioaccusantiummolestiae','2012-03-15 09:17:01','2012-03-15 09:17:01'),(2,'sitquidemetquasi','2012-03-15 09:17:01','2012-03-15 09:17:01'),(3,'autundeetnumquamperspiciatis','2012-03-15 09:17:01','2012-03-15 09:17:01'),(4,'reprehenderitimpeditnesciunt','2012-03-15 09:17:01','2012-03-15 09:17:01'),(5,'quiaoditistequisqui','2012-03-15 09:17:01','2012-03-15 09:17:01'),(6,'aliasmolestiaedeseruntvoluptatemest','2012-03-15 09:17:01','2012-03-15 09:17:01'),(7,'omnisperspiciatissunt','2012-03-15 09:17:01','2012-03-15 09:17:01'),(8,'minusautdistinctioporrominima','2012-03-15 09:17:01','2012-03-15 09:17:01'),(9,'laudantiumperspiciatis','2012-03-15 09:17:01','2012-03-15 09:17:01'),(10,'etnobisametomnis','2012-03-15 09:17:01','2012-03-15 09:17:01'),(11,'saepealiquid','2012-03-15 09:17:01','2012-03-15 09:17:01'),(12,'explicaboeligendisapiente','2012-03-15 09:17:01','2012-03-15 09:17:01'),(13,'ullamomnisillumofficia','2012-03-15 09:17:01','2012-03-15 09:17:01'),(14,'velearumundecumassumenda','2012-03-15 09:17:01','2012-03-15 09:17:01'),(15,'dictamaximesuscipitfacerequibusdam','2012-03-15 09:17:01','2012-03-15 09:17:01'),(16,'porrorecusandaenisiautem','2012-03-15 09:17:01','2012-03-15 09:17:01'),(17,'magnamautemdoloremitaquequo','2012-03-15 09:17:01','2012-03-15 09:17:01'),(18,'quaevitaealiassint','2012-03-15 09:17:01','2012-03-15 09:17:01'),(19,'ipsamquisvoluptatem','2012-03-15 09:17:01','2012-03-15 09:17:01'),(20,'necessitatibusdoloremquequidem','2012-03-15 09:17:01','2012-03-15 09:17:01'),(21,'similiquead','2012-03-15 09:17:01','2012-03-15 09:17:01'),(22,'velitautquis','2012-03-15 09:17:01','2012-03-15 09:17:01'),(23,'occaecatialiquamdolorem','2012-03-15 09:17:01','2012-03-15 09:17:01'),(24,'dolorquisquamrerum','2012-03-15 09:17:01','2012-03-15 09:17:01'),(25,'deseruntsitullampossimusexercitationem','2012-03-15 09:17:01','2012-03-15 09:17:01'),(26,'ametvoluptasaliquidsaepe','2012-03-15 09:17:01','2012-03-15 09:17:01'),(27,'quosint','2012-03-15 09:17:01','2012-03-15 09:17:01'),(28,'sintdolorum','2012-03-15 09:17:01','2012-03-15 09:17:01'),(29,'doloribusaut','2012-03-15 09:17:01','2012-03-15 09:17:01'),(30,'perferendisomnis','2012-03-15 09:17:01','2012-03-15 09:17:01'),(31,'sednostrumrerum','2012-03-15 09:17:01','2012-03-15 09:17:01'),(32,'nisideseruntestcorporismagnam','2012-03-15 09:17:01','2012-03-15 09:17:01'),(33,'ducimusaperiam','2012-03-15 09:17:01','2012-03-15 09:17:01'),(34,'voluptatesaddeseruntprovident','2012-03-15 09:17:01','2012-03-15 09:17:01'),(35,'nihilquamsaepeullam','2012-03-15 09:17:01','2012-03-15 09:17:01'),(36,'laborumvitaeoccaecati','2012-03-15 09:17:01','2012-03-15 09:17:01'),(37,'sedmaximedistinctioquisquam','2012-03-15 09:17:01','2012-03-15 09:17:01'),(38,'corporisqui','2012-03-15 09:17:01','2012-03-15 09:17:01'),(39,'porroeiusvoluptasrepellatprovident','2012-03-15 09:17:01','2012-03-15 09:17:01'),(40,'eligendisintvelit','2012-03-15 09:17:01','2012-03-15 09:17:01'),(41,'adquiaet','2012-03-15 09:17:01','2012-03-15 09:17:01'),(42,'utnequerepellendusaliquidillo','2012-03-15 09:17:01','2012-03-15 09:17:01'),(43,'idqui','2012-03-15 09:17:01','2012-03-15 09:17:01'),(44,'namsuscipitvoluptatem','2012-03-15 09:17:01','2012-03-15 09:17:01'),(45,'veniamvoluptasaspernatur','2012-03-15 09:17:01','2012-03-15 09:17:01'),(46,'aliquamrerumutreiciendisanimi','2012-03-15 09:17:01','2012-03-15 09:17:01'),(47,'nonarchitectoquidem','2012-03-15 09:17:01','2012-03-15 09:17:01'),(48,'etoccaecatiquisquamiustoaut','2012-03-15 09:17:01','2012-03-15 09:17:01'),(49,'deseruntqui','2012-03-15 09:17:01','2012-03-15 09:17:01'),(50,'magniearumautet','2012-03-15 09:17:01','2012-03-15 09:17:01'),(51,'voluptasodio','2012-03-15 09:17:01','2012-03-15 09:17:01'),(52,'suntquosaliquam','2012-03-15 09:17:01','2012-03-15 09:17:01'),(53,'etdoloresestut','2012-03-15 09:17:01','2012-03-15 09:17:01'),(54,'deseruntsintinventore','2012-03-15 09:17:01','2012-03-15 09:17:01'),(55,'estdictanihileiusmagnam','2012-03-15 09:17:01','2012-03-15 09:17:01'),(56,'ducimusrepudiandaenostrumest','2012-03-15 09:17:01','2012-03-15 09:17:01'),(57,'quamundeaut','2012-03-15 09:17:01','2012-03-15 09:17:01'),(58,'autadipisciessedignissimos','2012-03-15 09:17:01','2012-03-15 09:17:01'),(59,'quasiperspiciatis','2012-03-15 09:17:01','2012-03-15 09:17:01'),(60,'corporistotamlaboriosam','2012-03-15 09:17:01','2012-03-15 09:17:01'),(61,'sitetimpeditinquo','2012-03-15 09:17:01','2012-03-15 09:17:01'),(62,'etquiestlaborummolestiae','2012-03-15 09:17:01','2012-03-15 09:17:01'),(63,'aliquamdoloresdolor','2012-03-15 09:17:01','2012-03-15 09:17:01'),(64,'blanditiisoditquibusdamincidunt','2012-03-15 09:17:01','2012-03-15 09:17:01'),(65,'hicdelenitiaspernaturad','2012-03-15 09:17:01','2012-03-15 09:17:01'),(66,'suscipitquialiquid','2012-03-15 09:17:01','2012-03-15 09:17:01'),(67,'dolorfaceresuntharumqui','2012-03-15 09:17:01','2012-03-15 09:17:01'),(68,'nihildeleniti','2012-03-15 09:17:01','2012-03-15 09:17:01'),(69,'voluptassitquietlaborum','2012-03-15 09:17:01','2012-03-15 09:17:01'),(70,'vitaeplaceatdeseruntliberorepudiandae','2012-03-15 09:17:01','2012-03-15 09:17:01'),(71,'etquaeratsedexquis','2012-03-15 09:17:01','2012-03-15 09:17:01'),(72,'voluptasminussintplaceatmagni','2012-03-15 09:17:01','2012-03-15 09:17:01'),(73,'fugitnullablanditiis','2012-03-15 09:17:01','2012-03-15 09:17:01'),(74,'autreiciendis','2012-03-15 09:17:01','2012-03-15 09:17:01'),(75,'quiconsequunturoptio','2012-03-15 09:17:01','2012-03-15 09:17:01'),(76,'illoomnis','2012-03-15 09:17:01','2012-03-15 09:17:01'),(77,'estametenimdolor','2012-03-15 09:17:01','2012-03-15 09:17:01'),(78,'dignissimosconsequatur','2012-03-15 09:17:01','2012-03-15 09:17:01'),(79,'voluptatibusducimusvoluptatemdoloreconsequuntur','2012-03-15 09:17:01','2012-03-15 09:17:01'),(80,'pariaturet','2012-03-15 09:17:01','2012-03-15 09:17:01'),(81,'quiquia','2012-03-15 09:17:01','2012-03-15 09:17:01'),(82,'idullamaccusamus','2012-03-15 09:17:01','2012-03-15 09:17:01'),(83,'doloremquesed','2012-03-15 09:17:01','2012-03-15 09:17:01'),(84,'aliquamnisinobis','2012-03-15 09:17:01','2012-03-15 09:17:01'),(85,'etquosuntnonducimus','2012-03-15 09:17:01','2012-03-15 09:17:01'),(86,'autemaperiamquisit','2012-03-15 09:17:01','2012-03-15 09:17:01'),(87,'recusandaenemo','2012-03-15 09:17:01','2012-03-15 09:17:01'),(88,'etimpeditinnequeesse','2012-03-15 09:17:01','2012-03-15 09:17:01'),(89,'autsitaututtempora','2012-03-15 09:17:01','2012-03-15 09:17:01'),(90,'officiapraesentiumsolutaet','2012-03-15 09:17:01','2012-03-15 09:17:01'),(91,'ameteum','2012-03-15 09:17:01','2012-03-15 09:17:01'),(92,'assumendautquiconsequatur','2012-03-15 09:17:01','2012-03-15 09:17:01'),(93,'sitid','2012-03-15 09:17:01','2012-03-15 09:17:01'),(94,'accusamusnequeutquisunde','2012-03-15 09:17:01','2012-03-15 09:17:01'),(95,'solutaa','2012-03-15 09:17:01','2012-03-15 09:17:01'),(96,'iustonecessitatibusteneturveroeaque','2012-03-15 09:17:01','2012-03-15 09:17:01'),(97,'aspernaturharumquisconsequaturvelit','2012-03-15 09:17:01','2012-03-15 09:17:01'),(98,'autemfugaea','2012-03-15 09:17:01','2012-03-15 09:17:01'),(99,'sedsitaut','2012-03-15 09:17:01','2012-03-15 09:17:01'),(100,'esttempore','2012-03-15 09:17:01','2012-03-15 09:17:01'),(101,'nemoomnisiureut','2012-03-15 09:17:01','2012-03-15 09:17:01'),(102,'asperioresmaiores','2012-03-15 09:17:01','2012-03-15 09:17:01'),(103,'autemaccusamussuntabeaque','2012-03-15 09:17:01','2012-03-15 09:17:01'),(104,'namnesciuntsimiliqueut','2012-03-15 09:17:01','2012-03-15 09:17:01'),(105,'estiustoetquam','2012-03-15 09:17:01','2012-03-15 09:17:01'),(106,'reprehenderitdelenitinulla','2012-03-15 09:17:01','2012-03-15 09:17:01'),(107,'estetdolorum','2012-03-15 09:17:01','2012-03-15 09:17:01'),(108,'inventoreasperioresconsequatur','2012-03-15 09:17:01','2012-03-15 09:17:01'),(109,'autilloerroreafugit','2012-03-15 09:17:01','2012-03-15 09:17:01'),(110,'eosquihic','2012-03-15 09:17:01','2012-03-15 09:17:01'),(111,'consequatursaepeet','2012-03-15 09:17:01','2012-03-15 09:17:01'),(112,'solutafugiat','2012-03-15 09:17:01','2012-03-15 09:17:01'),(113,'iustonamvoluptatemdelenitidicta','2012-03-15 09:17:01','2012-03-15 09:17:01'),(114,'utillocorporiseligendi','2012-03-15 09:17:01','2012-03-15 09:17:01'),(115,'culpaitaquenatusrerum','2012-03-15 09:17:01','2012-03-15 09:17:01'),(116,'nihileosoptio','2012-03-15 09:17:01','2012-03-15 09:17:01'),(117,'fugaestnihiletut','2012-03-15 09:17:01','2012-03-15 09:17:01'),(118,'quiilloassumenda','2012-03-15 09:17:01','2012-03-15 09:17:01'),(119,'atnecessitatibusvoluptatemmodi','2012-03-15 09:17:01','2012-03-15 09:17:01'),(120,'quisquiquicommodi','2012-03-15 09:17:01','2012-03-15 09:17:01'),(121,'nequeiste','2012-03-15 09:17:01','2012-03-15 09:17:01'),(122,'quidoloremeanon','2012-03-15 09:17:01','2012-03-15 09:17:01'),(123,'etrepellendusfacilisestest','2012-03-15 09:17:01','2012-03-15 09:17:01'),(124,'estvelharumrecusandaeillum','2012-03-15 09:17:01','2012-03-15 09:17:01'),(125,'doloreiustoperferendisdoloremque','2012-03-15 09:17:01','2012-03-15 09:17:01'),(126,'assumendarepudiandaeid','2012-03-15 09:17:01','2012-03-15 09:17:01'),(127,'quastotamquibusdametnon','2012-03-15 09:17:01','2012-03-15 09:17:01'),(128,'temporaquivelitcumquemaxime','2012-03-15 09:17:01','2012-03-15 09:17:01'),(129,'quodreiciendisminima','2012-03-15 09:17:01','2012-03-15 09:17:01'),(130,'aspernaturnullaquispraesentium','2012-03-15 09:17:01','2012-03-15 09:17:01'),(131,'mollitiaenimfugiat','2012-03-15 09:17:01','2012-03-15 09:17:01'),(132,'commodinatusrerum','2012-03-15 09:17:01','2012-03-15 09:17:01'),(133,'rerumestnon','2012-03-15 09:17:01','2012-03-15 09:17:01'),(134,'blanditiisquiaccusantium','2012-03-15 09:17:01','2012-03-15 09:17:01'),(135,'reprehenderiteos','2012-03-15 09:17:01','2012-03-15 09:17:01'),(136,'corporismollitiaeum','2012-03-15 09:17:01','2012-03-15 09:17:01'),(137,'distinctiosuntqui','2012-03-15 09:17:01','2012-03-15 09:17:01'),(138,'autesse','2012-03-15 09:17:01','2012-03-15 09:17:01'),(139,'eumarchitectocommodiauteos','2012-03-15 09:17:01','2012-03-15 09:17:01'),(140,'pariaturidrecusandaenon','2012-03-15 09:17:01','2012-03-15 09:17:01'),(141,'abutmodiaalias','2012-03-15 09:17:01','2012-03-15 09:17:01'),(142,'suntharumaspernatur','2012-03-15 09:17:01','2012-03-15 09:17:01'),(143,'sintconsequatursolutafugiatfuga','2012-03-15 09:17:01','2012-03-15 09:17:01'),(144,'commodiadrepellendus','2012-03-15 09:17:01','2012-03-15 09:17:01'),(145,'fugitblanditiisautut','2012-03-15 09:17:01','2012-03-15 09:17:01'),(146,'fugaeaomnismagnam','2012-03-15 09:17:01','2012-03-15 09:17:01'),(147,'solutasuntrerumpariatur','2012-03-15 09:17:01','2012-03-15 09:17:01'),(148,'consecteturqui','2012-03-15 09:17:01','2012-03-15 09:17:01'),(149,'nequeeaest','2012-03-15 09:17:01','2012-03-15 09:17:01'),(150,'repellatdolores','2012-03-15 09:17:01','2012-03-15 09:17:01'),(151,'hicdelectusquiut','2012-03-15 09:17:01','2012-03-15 09:17:01'),(152,'velatquibusdamquitenetur','2012-03-15 09:17:01','2012-03-15 09:17:01'),(153,'providenteosnonperspiciatisrepudiandae','2012-03-15 09:17:01','2012-03-15 09:17:01'),(154,'sequiutnihilvoluptatem','2012-03-15 09:17:01','2012-03-15 09:17:01'),(155,'optioeum','2012-03-15 09:17:01','2012-03-15 09:17:01'),(156,'iurereiciendisvitaebeataequibusdam','2012-03-10 13:52:41','2012-03-10 13:52:41'),(157,'quiipsamaccusamus','2012-03-10 13:52:41','2012-03-10 13:52:41'),(158,'autodioaperiam','2012-03-10 13:52:41','2012-03-10 13:52:41'),(159,'eligendiesseadipiscisittempora','2012-03-10 13:52:41','2012-03-10 13:52:41'),(160,'cumquequidempossimusaut','2012-03-10 13:52:41','2012-03-10 13:52:41'),(161,'quidemperferendis','2012-03-10 13:52:41','2012-03-10 13:52:41'),(162,'voluptasvelitvoluptatemipsum','2012-03-10 13:52:42','2012-03-10 13:52:42'),(163,'cumimpedituterrorquo','2012-03-10 13:52:42','2012-03-10 13:52:42'),(164,'nobisetfugiat','2012-03-10 13:52:42','2012-03-10 13:52:42'),(165,'nesciunterrorconsequaturamet','2012-03-10 13:52:42','2012-03-10 13:52:42'),(166,'errorquaedoloressimilique','2012-03-10 13:52:42','2012-03-10 13:52:42'),(167,'doloreoditestaccusantiumamet','2012-03-10 13:52:42','2012-03-10 13:52:42'),(168,'quodiureutqui','2012-03-10 13:52:42','2012-03-10 13:52:42'),(169,'ipsamundemollitia','2012-03-10 13:52:42','2012-03-10 13:52:42'),(170,'estquosnisietearum','2012-03-10 13:52:42','2012-03-10 13:52:42'),(171,'delenitivelit','2012-03-10 13:52:42','2012-03-10 13:52:42'),(172,'inomnisquaerat','2012-03-10 13:52:42','2012-03-10 13:52:42'),(173,'rerumvoluptasquamassumenda','2012-03-10 13:52:42','2012-03-10 13:52:42'),(174,'omnisnonharum','2012-03-10 13:52:42','2012-03-10 13:52:42'),(175,'laudantiumreprehenderitautblanditiisdebitis','2012-03-10 13:52:42','2012-03-10 13:52:42'),(176,'repellendusautem','2012-03-10 13:52:42','2012-03-10 13:52:42'),(177,'teneturadrepudiandaeautsuscipit','2012-03-10 13:52:42','2012-03-10 13:52:42'),(178,'aliasadipisciut','2012-03-09 10:44:19','2012-03-09 10:44:19'),(179,'eosetautem','2012-03-09 10:44:19','2012-03-09 10:44:19'),(180,'temporibusomnis','2012-03-09 10:44:19','2012-03-09 10:44:19'),(181,'sinteosfacereveritatis','2012-03-11 00:49:17','2012-03-11 00:49:17'),(182,'etettempore','2012-03-11 00:49:17','2012-03-11 00:49:17'),(183,'laborumetaliquid','2012-03-11 00:49:17','2012-03-11 00:49:17'),(184,'atqueiustocorporis','2012-03-11 00:49:17','2012-03-11 00:49:17'),(185,'laborumquiseiusetrepellat','2012-03-11 00:49:17','2012-03-11 00:49:17'),(186,'occaecatialiquidqui','2012-03-11 00:49:17','2012-03-11 00:49:17'),(187,'enimestutamet','2012-03-11 00:49:17','2012-03-11 00:49:17'),(188,'nemoquasimpeditatvoluptates','2012-03-11 00:49:17','2012-03-11 00:49:17'),(189,'rerumtemporecumqueconsecteturad','2012-03-15 09:17:01','2012-03-15 09:17:01'),(190,'maioresquidem','2012-03-15 09:17:01','2012-03-15 09:17:01'),(191,'voluptatemdolorem','2012-03-15 09:17:01','2012-03-15 09:17:01'),(192,'veniamistesintmollitia','2012-03-15 09:17:01','2012-03-15 09:17:01'),(193,'consequunturtemporibusest','2012-03-15 09:17:01','2012-03-15 09:17:01'),(194,'nostrumsapientenequeconsequaturhic','2012-03-15 09:17:01','2012-03-15 09:17:01'),(195,'quiaest','2012-03-15 09:17:01','2012-03-15 09:17:01'),(196,'nonetaspernaturatque','2012-03-15 09:17:01','2012-03-15 09:17:01'),(197,'nihilquod','2012-03-15 09:17:01','2012-03-15 09:17:01'),(198,'distinctiovoluptatibusmolestiae','2012-03-15 09:17:01','2012-03-15 09:17:01'),(199,'velitillum','2012-03-15 09:17:01','2012-03-15 09:17:01'),(200,'inciduntautcumque','2012-03-15 09:17:01','2012-03-15 09:17:01'),(201,'quodvoluptatemeiusrerumquam','2012-03-15 09:17:01','2012-03-15 09:17:01'),(202,'etet','2012-03-15 09:17:01','2012-03-15 09:17:01'),(203,'undeabautdoloremvoluptatem','2012-03-15 09:17:01','2012-03-15 09:17:01'),(204,'ullamsuntvoluptatesut','2012-03-15 09:17:01','2012-03-15 09:17:01'),(205,'laudantiumpraesentiumeum','2012-03-15 09:17:01','2012-03-15 09:17:01'),(206,'abprovidentnostrum','2012-03-15 09:17:01','2012-03-15 09:17:01'),(207,'eaeveniet','2012-03-15 09:17:01','2012-03-15 09:17:01'),(208,'nemomagni','2012-03-15 09:17:01','2012-03-15 09:17:01'),(209,'delectusvoluptateconsecteturmaiores','2012-03-10 00:00:00','2012-03-10 00:00:00'),(210,'consequaturquiadelenitinam','2012-03-10 00:00:00','2012-03-10 00:00:00'),(211,'dolorconsequaturmaxime','2012-03-10 00:00:00','2012-03-10 00:00:00'),(212,'nihilvoluptatumveritatisnam','2012-03-15 09:17:01','2012-03-15 09:17:01'),(213,'inquos','2012-03-15 09:17:01','2012-03-15 09:17:01'),(214,'errortemporeetitaque','2012-03-15 09:17:01','2012-03-15 09:17:01'),(215,'ducimusaquiprovidentquia','2012-03-15 09:17:01','2012-03-15 09:17:01'),(216,'suntaliasnequeipsa','2012-03-15 09:17:01','2012-03-15 09:17:01'),(217,'easintodiocommodifugiat','2012-03-15 09:17:01','2012-03-15 09:17:01'),(218,'inullamautofficiisdoloremque','2012-03-15 09:17:01','2012-03-15 09:17:01'),(219,'odioquisnullamolestiae','2012-03-15 09:17:01','2012-03-15 09:17:01'),(220,'optioexercitationemipsum','2012-03-15 09:17:01','2012-03-15 09:17:01'),(221,'ipsumreprehenderittemporaoccaecatiut','2012-03-15 09:17:01','2012-03-15 09:17:01'),(222,'omnisest','2012-03-15 09:17:01','2012-03-15 09:17:01'),(223,'rationeerrorpariaturaut','2012-03-15 09:17:01','2012-03-15 09:17:01'),(224,'quiaaccusamusquasi','2012-03-15 09:17:01','2012-03-15 09:17:01'),(225,'autsitillumquibusdam','2012-03-15 09:17:01','2012-03-15 09:17:01'),(226,'autquia','2012-03-15 09:17:01','2012-03-15 09:17:01'),(227,'voluptasconsectetur','2012-03-15 09:17:01','2012-03-15 09:17:01'),(228,'essesedtemporainciduntsit','2012-03-10 00:00:00','2012-03-10 00:00:00'),(229,'dictatemporeetvelit','2012-03-10 00:00:00','2012-03-10 00:00:00'),(230,'officianon','2012-03-10 00:00:00','2012-03-10 00:00:00'),(231,'voluptasevenietnesciunt','2012-03-15 09:17:01','2012-03-15 09:17:01'),(232,'doloresetexcepturi','2012-03-15 09:17:01','2012-03-15 09:17:01'),(233,'temporibusfugiat','2012-03-15 09:17:01','2012-03-15 09:17:01'),(234,'saepenequeexplicabo','2012-03-15 09:17:01','2012-03-15 09:17:01'),(235,'accusantiumfuga','2012-03-15 09:17:01','2012-03-15 09:17:01'),(236,'solutaaut','2012-03-15 09:17:01','2012-03-15 09:17:01'),(237,'explicaboasperioressolutanisi','2012-03-15 09:17:01','2012-03-15 09:17:01'),(238,'nisilaborumsitquosaepe','2012-03-15 09:17:01','2012-03-15 09:17:01'),(239,'quiaquod','2012-03-15 09:17:01','2012-03-15 09:17:01'),(240,'excepturisedut','2012-03-15 09:17:01','2012-03-15 09:17:01'),(241,'recusandaeetamet','2012-03-15 09:17:01','2012-03-15 09:17:01'),(242,'rerumveniam','2012-03-15 09:17:01','2012-03-15 09:17:01'),(243,'minimaiustoatque','2012-03-15 09:17:01','2012-03-15 09:17:01'),(244,'doloremetconsequaturvelitsimilique','2012-03-15 09:17:01','2012-03-15 09:17:01'),(245,'facilisremdolorum','2012-03-15 09:17:01','2012-03-15 09:17:01'),(246,'ducimusetmolestias','2012-03-15 09:17:01','2012-03-15 09:17:01'),(247,'autlaudantiumsit','2012-03-15 09:17:01','2012-03-15 09:17:01'),(248,'maximeadipisciquaeratea','2012-03-15 09:17:01','2012-03-15 09:17:01'),(249,'quaeratdelectus','2012-03-15 09:17:01','2012-03-15 09:17:01'),(250,'quonostrum','2012-03-15 09:17:01','2012-03-15 09:17:01'),(251,'numquamrationetemporequo','2012-03-15 09:17:01','2012-03-15 09:17:01'),(252,'solutanequequamautminima','2012-03-15 09:17:01','2012-03-15 09:17:01'),(253,'rerumtotamquibusdamquasia','2012-03-15 09:17:01','2012-03-15 09:17:01'),(254,'consequaturlaborumestipsam','2012-03-15 09:17:01','2012-03-15 09:17:01'),(255,'veritatisofficiisassumendautdistinctio','2012-03-15 09:17:01','2012-03-15 09:17:01'),(256,'optiorepellendusfugiat','2012-03-15 09:17:01','2012-03-15 09:17:01'),(257,'cupiditatequodnequeetautem','2012-03-15 09:17:01','2012-03-15 09:17:01'),(258,'amolestiaeveritatiscumque','2012-03-15 09:17:01','2012-03-15 09:17:01'),(259,'sintveniamatquenon','2012-03-15 09:17:01','2012-03-15 09:17:01'),(260,'delectusconsequaturcorruptivoluptate','2012-03-15 09:17:01','2012-03-15 09:17:01'),(261,'voluptatemipsumetiste','2012-03-15 09:17:01','2012-03-15 09:17:01'),(262,'maioresetlabore','2012-03-15 09:17:01','2012-03-15 09:17:01');
/*!40000 ALTER TABLE `suppliers` ENABLE KEYS */;
UNLOCK TABLES;

--
-- Table structure for table `users`
--

DROP TABLE IF EXISTS `users`;
/*!40101 SET @saved_cs_client     = @@character_set_client */;
/*!40101 SET character_set_client = utf8 */;
CREATE TABLE `users` (
  `id` int(11) NOT NULL AUTO_INCREMENT,
  `login` varchar(255) COLLATE utf8_unicode_ci DEFAULT NULL,
  `firstname` varchar(255) COLLATE utf8_unicode_ci DEFAULT NULL,
  `lastname` varchar(255) COLLATE utf8_unicode_ci DEFAULT NULL,
  `phone` varchar(255) COLLATE utf8_unicode_ci DEFAULT NULL,
  `authentication_system_id` int(11) DEFAULT '1',
  `unique_id` varchar(255) COLLATE utf8_unicode_ci DEFAULT NULL,
  `email` varchar(255) COLLATE utf8_unicode_ci DEFAULT NULL,
  `badge_id` varchar(255) COLLATE utf8_unicode_ci DEFAULT NULL,
  `address` varchar(255) COLLATE utf8_unicode_ci DEFAULT NULL,
  `city` varchar(255) COLLATE utf8_unicode_ci DEFAULT NULL,
  `zip` varchar(255) COLLATE utf8_unicode_ci DEFAULT NULL,
  `country` varchar(255) COLLATE utf8_unicode_ci DEFAULT NULL,
  `language_id` int(11) DEFAULT NULL,
  `extended_info` text COLLATE utf8_unicode_ci,
  `settings` varchar(1024) COLLATE utf8_unicode_ci DEFAULT NULL,
  `created_at` datetime DEFAULT NULL,
  `updated_at` datetime DEFAULT NULL,
  `delegator_user_id` int(11) DEFAULT NULL,
  PRIMARY KEY (`id`),
  KEY `index_users_on_authentication_system_id` (`authentication_system_id`),
  KEY `users_language_id_fk` (`language_id`),
  KEY `users_delegator_user_id_fk` (`delegator_user_id`),
  CONSTRAINT `users_delegator_user_id_fk` FOREIGN KEY (`delegator_user_id`) REFERENCES `users` (`id`),
  CONSTRAINT `users_authentication_system_id_fk` FOREIGN KEY (`authentication_system_id`) REFERENCES `authentication_systems` (`id`),
  CONSTRAINT `users_language_id_fk` FOREIGN KEY (`language_id`) REFERENCES `languages` (`id`)
) ENGINE=InnoDB AUTO_INCREMENT=37 DEFAULT CHARSET=utf8 COLLATE=utf8_unicode_ci;
/*!40101 SET character_set_client = @saved_cs_client */;

--
-- Dumping data for table `users`
--

LOCK TABLES `users` WRITE;
/*!40000 ALTER TABLE `users` DISABLE KEYS */;
INSERT INTO `users` VALUES (1,'ramon','Ramon','C.','08007403286',1,'w60k6zt2wq5sp1wnuy','ramon@zhdk.ch','c41t9j9bw1me5dggb4','15946 Beahan Islands','East Vitaside','C-WQ8R 3WF','Croatia',2,NULL,'--- !ruby/hash:ActiveSupport::HashWithIndifferentAccess {}\n','2012-03-15 09:17:01','2012-03-15 09:17:01',NULL),(2,'courtney.marks_5475','Jon','Padberg','01113538198',1,'vl7b3zfncyg2kr4plp','laria_steuber@harber.com','qbg9jpsat7v0z8ylzv','512 Katlynn Forges','South Elwyn','G-W4 3BA','Grenada',1,NULL,'--- !ruby/hash:ActiveSupport::HashWithIndifferentAccess {}\n','2012-03-15 09:17:01','2012-03-15 09:17:01',NULL),(3,'kennedy_bechtelar_6621','Jenifer','Johnson','05633302914',1,'ixoq9e7ube54eki1df','malvina.sporer@herman.co.uk','ws1dg2hkt0yqygiyoy','573 Lexus Lock','Gleasonborough','M-Z9 6LY','Myanmar',1,NULL,'--- !ruby/hash:ActiveSupport::HashWithIndifferentAccess {}\n','2012-03-15 09:17:01','2012-03-15 09:17:01',NULL),(4,'lenore_8437','Demarco','Langworth','05690674929',1,'vfg5koaolu1y5dhffi','anika@anderson.info','qk8aljo6o2hv8dwikx','8724 Joesph Mountains','North Theoton','M-ZK7H 7BB','Martinique',1,NULL,'--- !ruby/hash:ActiveSupport::HashWithIndifferentAccess {}\n','2012-03-15 09:17:01','2012-03-15 09:17:01',NULL),(5,'harrison_128','Bernice','Nienow','0169771265',1,'8pr7ki9lruxpg729a1','jeramy_toy@kertzmann.co.uk','3z1wq0stvi27xygcfw','6484 Stefanie Drive','Connellychester','G-UE4 4JA','Guyana',1,NULL,'--- !ruby/hash:ActiveSupport::HashWithIndifferentAccess {}\n','2012-03-15 09:17:01','2012-03-15 09:17:01',NULL),(6,'zion.olson_5574','Jonathan','Boyer','0169778932',1,'57zelycxd0zuq84cwi','eleonore@ortiz.name','3qcsrsgyc1zy6365xf','27084 Deckow Green','North Germaineland','G-ZH3N 0BJ','Guadeloupe',1,NULL,'--- !ruby/hash:ActiveSupport::HashWithIndifferentAccess {}\n','2012-03-15 09:17:01','2012-03-15 09:17:01',NULL),(7,'aidan.heel_5895','Moises','Towne','0169774896',1,'6yzxbr57rorywuh37d','edythe_dietrich@kuhndare.co.uk','m5s3fceinnn0ptcsbf','59576 Jacklyn Flat','Jazlynland','C-Z42 8SL','Cook Islands',1,NULL,'--- !ruby/hash:ActiveSupport::HashWithIndifferentAccess {}\n','2012-03-15 09:17:01','2012-03-15 09:17:01',NULL),(8,'matti','Matti','S.','0800565192',1,'gwm35xrl6vlhioo9cm','matti@zhdk.ch','58nr5hdrzy63w10pgs','3162 Sanford Corner','Port Paulineport','B-WG9 0BB','Bermuda',2,NULL,'--- !ruby/hash:ActiveSupport::HashWithIndifferentAccess {}\n','2012-03-15 09:17:01','2012-03-15 09:17:01',NULL),(9,'mike','Mike','H.','05628043971',1,'13vnym9c13dw1axah5','mike@zhdk.ch','ss9q9kojk08us0nyyi','14873 Gerlach Wall','Lake Johnnieton','M-WU1 0LJ','Micronesia',2,NULL,'--- !ruby/hash:ActiveSupport::HashWithIndifferentAccess {}\n','2012-03-15 09:17:01','2012-03-15 09:17:01',NULL),(10,'andi','Andi','Jacobi','05636159467',1,'4187nhjipom2ctp7t0','andi@zhdk.ch','4sqdu9aq6nm1io08vx','46247 Whitney Branch','East Jolie','E-T0 7LP','Ecuador',2,NULL,'--- !ruby/hash:ActiveSupport::HashWithIndifferentAccess {}\n','2012-03-15 09:17:01','2012-03-15 09:17:01',NULL),(11,'kellie.effertz_6226','Lambert','Hilll','01420979328',1,'b2een8nej7qjo62s6y','aletha.frami@gutkowskimiller.biz','y41f6rd1ubvb4qp23t','52003 Virgie Manors','Violetburgh','C-DF3 5DW','Colombia',2,NULL,'--- !ruby/hash:ActiveSupport::HashWithIndifferentAccess {}\n','2012-03-15 09:17:01','2012-03-15 09:17:01',NULL),(12,'daisy_bosco_6778','Moshe','Koepp','01717445852',1,'8qf68tisuurb6oeh2g','adan_watsica@wolff.com','52c0p8bxjboz85xw26','664 Eldred Trafficway','Aiyanamouth','C-Z6W 1BA','Christmas Island',1,NULL,'--- !ruby/hash:ActiveSupport::HashWithIndifferentAccess {}\n','2012-03-15 09:17:01','2012-03-15 09:17:01',NULL),(13,'kyleigh_552','Edyth','Prohaska','05619514444',1,'wn5els8vtvf01ijiwa','imani_dietrich@casper.com','1fsofff23r5c6qxiav','23421 Thompson Cape','Steuberstad','B-W66 0YG','Botswana',1,NULL,'--- !ruby/hash:ActiveSupport::HashWithIndifferentAccess {}\n','2012-03-15 09:17:01','2012-03-15 09:17:01',NULL),(14,'antonette_3966','Eusebio','Franecki','09246455953',1,'61mf30l2urfb6v6fkw','bertrand_crist@millerthompson.name','zswz6jtg3pzf9nbcv8','97558 Murazik Drives','Nellatown','W-W9 1XB','Wallis and Futuna',1,NULL,'--- !ruby/hash:ActiveSupport::HashWithIndifferentAccess {}\n','2012-03-15 09:17:01','2012-03-15 09:17:01',NULL),(15,'shaun_4675','Abner','Schaden','0800319666',1,'2v037pizihnm6eipks','rick.hermann@maggio.name','buvfg0f7vef2fd3zye','5189 Hadley Parkway','South Grayson','B-Y4R 2LE','Bouvet Island (Bouvetoya)',1,NULL,'--- !ruby/hash:ActiveSupport::HashWithIndifferentAccess {}\n','2012-03-15 09:17:01','2012-03-15 09:17:01',NULL),(16,'brain.berge_2332','Brandi','Deckow','0169772827',1,'0qlv13x2baxcu5m3e3','robyn@nikolaus.info','l4gv8muhzjdoaekkof','15283 Rippin Burgs','West Tremaynemouth','A-YX87 0OF','Anguilla',1,NULL,'--- !ruby/hash:ActiveSupport::HashWithIndifferentAccess {}\n','2012-03-15 09:17:01','2012-03-15 09:17:01',NULL),(17,'gino','Gino','F.','0500867529',1,'xpbd2ob76rycr5rur4','gino@zhdk.ch','40i5d1vtjlcer8v32f','67500 Chyna Manors','Port Demetriustown','D-WS3P 5WW','Denmark',2,NULL,'--- !ruby/hash:ActiveSupport::HashWithIndifferentAccess {}\n','2012-03-15 09:17:01','2012-03-15 09:17:01',NULL),(18,'pius','Pius','Becker','05668263508',1,'k3kur4romd2e5bxjdg','pius@zhdk.ch','u5vti4c0bwsrg6xfmk','89406 Wintheiser Lock','Trevorfurt','R-Z1N 7LA','Russian Federation',2,NULL,'--- !ruby/hash:ActiveSupport::HashWithIndifferentAccess {}\n','2012-03-15 09:17:01','2012-03-15 09:17:01',NULL),(19,'peter','Peter','Silie','0800603417',1,'ku3vf2m7xddhc4avx6','peter@silie.com','2gj9eigwufaz5iy1rg','80426 Providenci Dale','Schmelerport','N-J4M 6LH','Nicaragua',2,NULL,'--- !ruby/hash:ActiveSupport::HashWithIndifferentAccess {}\n','2012-03-15 09:17:01','2012-03-15 09:17:01',NULL),(20,'zita_8052','Maxime','Heaney','0500658351',1,'btep2m5exg3r2candr','toby_sipes@parisianberge.name','c5j9iy3ryuoyhbqei7','25245 Junius Drives','Lake Elzastad','L-Z1 9LE','Latvia',1,NULL,'--- !ruby/hash:ActiveSupport::HashWithIndifferentAccess {}\n','2012-03-15 09:17:01','2012-03-15 09:17:01',NULL),(21,'barton_8292','Dedrick','Grant','0169776217',1,'oo9iaoeyg4dhe3ceul','tevin.blick@rempel.com','9bjvh54vyr25mz580u','94699 Okuneva Forks','Lake Jodietown','S-UG4M 3YL','Seychelles',1,NULL,'--- !ruby/hash:ActiveSupport::HashWithIndifferentAccess {}\n','2012-03-15 09:17:01','2012-03-15 09:17:01',NULL),(22,'lizzie_hahn_6189','Willow','Christiansen','08003740980',1,'yl6yjsbl4pjbc0b4u2','aleia@sauer.biz','mnmjzhwptlgotfgk59','260 Kemmer Roads','East Rashad','M-W3B 7RR','Maldives',1,NULL,'--- !ruby/hash:ActiveSupport::HashWithIndifferentAccess {}\n','2012-03-15 09:17:01','2012-03-15 09:17:01',NULL),(23,'mina_2827','Johnnie','Fisher','01904692989',1,'n2we160vvdfndir4pz','mercedes@mclaughlin.co.uk','m56hdln98k9quzwf1w','770 Aron Tunnel','Lake Adanville','J-Y4B 9XP','Jamaica',1,NULL,'--- !ruby/hash:ActiveSupport::HashWithIndifferentAccess {}\n','2012-03-15 09:17:01','2012-03-15 09:17:01',NULL),(24,'ari_hansen_7562','Berta','Eichmann','05661600607',1,'955031kch43gj0t14z','adriana@hills.co.uk','jhrhu04idmmoyzkfo9','644 Howell Court','Port Eddfort','A-W9N 6AJ','Antigua and Barbuda',1,NULL,'--- !ruby/hash:ActiveSupport::HashWithIndifferentAccess {}\n','2012-03-10 00:00:00','2012-03-10 00:00:00',NULL),(25,'lauretta_3966','Wilfredo','Dooley','0169771863',1,'lb6f3l0pg2wa9k04jz','ro_turner@goodwinherzog.com','7jqfd9xge2gmkqnyei','41955 Lyric Via','Libbyville','I-Y9 1AH','Iraq',1,NULL,'--- !ruby/hash:ActiveSupport::HashWithIndifferentAccess {}\n','2012-03-10 00:00:00','2012-03-10 00:00:00',NULL),(26,'jaeden_1586','Shana','Kihn','03932931031',1,'xzfgyvixnwiva0k00e','buster_hilpert@renner.biz','tvw9hfvhf8k0chkets','5612 Catalina Burg','Rubenburgh','V-YR1Y 2JJ','Virgin Islands, British',1,NULL,'--- !ruby/hash:ActiveSupport::HashWithIndifferentAccess {}\n','2012-03-15 09:17:01','2012-03-15 09:17:01',NULL),(27,'london_abshire_3133','Sherman','Greenfelder','09579840338',1,'yolzgdk34w6ly4pwai','tremaine_gorczany@cronamcclure.biz','ga942rsi6t0t8mamb8','19114 Bosco Pass','Darrelside','M-U0 9UL','Malta',1,NULL,'--- !ruby/hash:ActiveSupport::HashWithIndifferentAccess {}\n','2012-03-15 09:17:01','2012-03-15 09:17:01',NULL),(28,'mina','Mina','Cummerata','08006548344',1,'c8kp44mq96m5ekddcl','mina@zhdk.ch','sjiqx07nz3k6vrxywk','355 Ellen Drive','New Alysson','C-YB4M 5JJ','Comoros',1,NULL,'--- !ruby/hash:ActiveSupport::HashWithIndifferentAccess {}\n','2012-03-15 09:17:01','2012-03-15 09:17:01',NULL),(29,'julie','Julie','Davis','09459155205',1,'ffh6gxhxb1yjlijpz0','julie@zhdk.ch','dlp3kien9okzcpejek','4977 Betty Parks','Christopmouth','S-Y9 5EJ','Serbia',1,NULL,'--- !ruby/hash:ActiveSupport::HashWithIndifferentAccess {}\n','2012-03-15 09:17:01','2012-03-15 09:17:01',NULL),(30,NULL,'Qui enim iure debitis consequatur temporibus corporis.',NULL,NULL,NULL,NULL,NULL,NULL,NULL,NULL,NULL,NULL,1,NULL,'--- !ruby/hash:ActiveSupport::HashWithIndifferentAccess {}\n','2012-03-15 09:17:01','2012-03-15 09:17:01',29),(31,NULL,'Laboriosam esse quisquam occaecati aut in sunt.',NULL,NULL,NULL,NULL,NULL,NULL,NULL,NULL,NULL,NULL,1,NULL,'--- !ruby/hash:ActiveSupport::HashWithIndifferentAccess {}\n','2012-03-15 09:17:01','2012-03-15 09:17:01',28),(32,NULL,'Dolores non nihil numquam ducimus.',NULL,NULL,NULL,NULL,NULL,NULL,NULL,NULL,NULL,NULL,1,NULL,'--- !ruby/hash:ActiveSupport::HashWithIndifferentAccess {}\n','2012-03-15 09:17:01','2012-03-15 09:17:01',28),(33,NULL,'Optio possimus repellendus saepe doloribus dolores nihil.',NULL,NULL,NULL,NULL,NULL,NULL,NULL,NULL,NULL,NULL,1,NULL,'--- !ruby/hash:ActiveSupport::HashWithIndifferentAccess {}\n','2012-03-15 09:17:01','2012-03-15 09:17:01',28),(34,'normin','Normin','N.','0169778023',1,'ne0u84kop19hiwxt39','normin@zhdk.ch','4ysmqnkxy226t22s8f','61758 Flatley Drive','Edenstad','D-Y1 6NB','Djibouti',2,NULL,'--- !ruby/hash:ActiveSupport::HashWithIndifferentAccess {}\n','2012-03-15 09:17:01','2012-03-15 09:17:01',NULL),(35,'petra','Petra','K.','05627162623',1,'i05wshiwduep2onb4f','petra@zhdk.ch','blzr7vzhlmssxpn6qf','8074 Shanahan Unions, ','Ginoshire','A-W7H 1AY','Afghanistan',2,NULL,'--- !ruby/hash:ActiveSupport::HashWithIndifferentAccess {}\n','2012-03-15 09:17:01','2012-03-15 09:17:01',NULL),(36,'lisa','Lisa','L.','08008994610',1,'ax14jf2bltb07fld5u','lisa@zhdk.ch','yju7obm7b45ekl6k40','5503 Bayer Rapid','Dovieport','B-F1M 4YR','Belarus',2,NULL,'--- !ruby/hash:ActiveSupport::HashWithIndifferentAccess {}\n','2012-03-15 09:17:01','2012-03-15 09:17:01',NULL);
/*!40000 ALTER TABLE `users` ENABLE KEYS */;
UNLOCK TABLES;

--
-- Temporary table structure for view `visit_lines`
--

DROP TABLE IF EXISTS `visit_lines`;
/*!50001 DROP VIEW IF EXISTS `visit_lines`*/;
SET @saved_cs_client     = @@character_set_client;
SET character_set_client = utf8;
/*!50001 CREATE TABLE `visit_lines` (
  `visit_id` varchar(148),
  `inventory_pool_id` int(11),
  `user_id` int(11),
  `delegated_user_id` int(11),
  `status` enum('unsubmitted','submitted','rejected','approved','signed','closed'),
  `action` varchar(9),
  `date` date,
  `quantity` int(11),
  `contract_line_id` int(11)
) ENGINE=MyISAM */;
SET character_set_client = @saved_cs_client;

--
-- Temporary table structure for view `visits`
--

DROP TABLE IF EXISTS `visits`;
/*!50001 DROP VIEW IF EXISTS `visits`*/;
SET @saved_cs_client     = @@character_set_client;
SET character_set_client = utf8;
/*!50001 CREATE TABLE `visits` (
  `id` varchar(148),
  `inventory_pool_id` int(11),
  `user_id` int(11),
  `status` enum('unsubmitted','submitted','rejected','approved','signed','closed'),
  `action` varchar(9),
  `date` date,
  `quantity` decimal(32,0)
) ENGINE=MyISAM */;
SET character_set_client = @saved_cs_client;

--
-- Table structure for table `workdays`
--

DROP TABLE IF EXISTS `workdays`;
/*!40101 SET @saved_cs_client     = @@character_set_client */;
/*!40101 SET character_set_client = utf8 */;
CREATE TABLE `workdays` (
  `id` int(11) NOT NULL AUTO_INCREMENT,
  `inventory_pool_id` int(11) DEFAULT NULL,
  `monday` tinyint(1) DEFAULT '1',
  `tuesday` tinyint(1) DEFAULT '1',
  `wednesday` tinyint(1) DEFAULT '1',
  `thursday` tinyint(1) DEFAULT '1',
  `friday` tinyint(1) DEFAULT '1',
  `saturday` tinyint(1) DEFAULT '0',
  `sunday` tinyint(1) DEFAULT '0',
  PRIMARY KEY (`id`),
  KEY `index_workdays_on_inventory_pool_id` (`inventory_pool_id`),
  CONSTRAINT `workdays_inventory_pool_id_fk` FOREIGN KEY (`inventory_pool_id`) REFERENCES `inventory_pools` (`id`) ON DELETE CASCADE
) ENGINE=InnoDB AUTO_INCREMENT=15 DEFAULT CHARSET=utf8 COLLATE=utf8_unicode_ci;
/*!40101 SET character_set_client = @saved_cs_client */;

--
-- Dumping data for table `workdays`
--

LOCK TABLES `workdays` WRITE;
/*!40000 ALTER TABLE `workdays` DISABLE KEYS */;
INSERT INTO `workdays` VALUES (1,1,1,1,1,1,1,0,0),(2,2,1,1,1,1,1,0,0),(3,3,1,1,1,1,1,0,0),(4,4,1,1,1,1,1,0,0),(5,5,1,1,1,1,1,0,0),(6,6,1,1,1,1,1,0,0),(7,7,1,1,1,1,1,0,0),(8,8,1,1,1,1,1,0,0),(9,9,1,1,1,1,1,0,0),(10,10,1,1,1,1,1,0,0),(11,11,1,1,1,1,1,0,0),(12,12,1,1,1,1,1,0,0),(13,13,1,1,1,1,1,0,0),(14,14,1,1,1,1,1,0,0);
/*!40000 ALTER TABLE `workdays` ENABLE KEYS */;
UNLOCK TABLES;

--
-- Final view structure for view `partitions_with_generals`
--

/*!50001 DROP TABLE IF EXISTS `partitions_with_generals`*/;
/*!50001 DROP VIEW IF EXISTS `partitions_with_generals`*/;
/*!50001 SET @saved_cs_client          = @@character_set_client */;
/*!50001 SET @saved_cs_results         = @@character_set_results */;
/*!50001 SET @saved_col_connection     = @@collation_connection */;
/*!50001 SET character_set_client      = utf8 */;
/*!50001 SET character_set_results     = utf8 */;
/*!50001 SET collation_connection      = utf8_general_ci */;
/*!50001 CREATE ALGORITHM=UNDEFINED */
/*!50001 VIEW `partitions_with_generals` AS select `partitions`.`model_id` AS `model_id`,`partitions`.`inventory_pool_id` AS `inventory_pool_id`,`partitions`.`group_id` AS `group_id`,`partitions`.`quantity` AS `quantity` from `partitions` union select `i`.`model_id` AS `model_id`,`i`.`inventory_pool_id` AS `inventory_pool_id`,NULL AS `group_id`,(count(`i`.`id`) - ifnull((select sum(`p`.`quantity`) from `partitions` `p` where ((`p`.`model_id` = `i`.`model_id`) and (`p`.`inventory_pool_id` = `i`.`inventory_pool_id`)) group by `p`.`inventory_pool_id`,`p`.`model_id`),0)) AS `quantity` from `items` `i` where (isnull(`i`.`retired`) and (`i`.`is_borrowable` = 1) and isnull(`i`.`parent_id`)) group by `i`.`inventory_pool_id`,`i`.`model_id` */;
/*!50001 SET character_set_client      = @saved_cs_client */;
/*!50001 SET character_set_results     = @saved_cs_results */;
/*!50001 SET collation_connection      = @saved_col_connection */;

--
-- Final view structure for view `visit_lines`
--

/*!50001 DROP TABLE IF EXISTS `visit_lines`*/;
/*!50001 DROP VIEW IF EXISTS `visit_lines`*/;
/*!50001 SET @saved_cs_client          = @@character_set_client */;
/*!50001 SET @saved_cs_results         = @@character_set_results */;
/*!50001 SET @saved_col_connection     = @@collation_connection */;
/*!50001 SET character_set_client      = utf8 */;
/*!50001 SET character_set_results     = utf8 */;
/*!50001 SET collation_connection      = utf8_general_ci */;
/*!50001 CREATE ALGORITHM=UNDEFINED */
/*!50001 VIEW `visit_lines` AS select hex(concat_ws('_',if((`c`.`status` = 'approved'),`cl`.`start_date`,`cl`.`end_date`),`c`.`inventory_pool_id`,`c`.`user_id`,`c`.`status`)) AS `visit_id`,`c`.`inventory_pool_id` AS `inventory_pool_id`,`c`.`user_id` AS `user_id`,`c`.`delegated_user_id` AS `delegated_user_id`,`c`.`status` AS `status`,if((`c`.`status` = 'approved'),'hand_over','take_back') AS `action`,if((`c`.`status` = 'approved'),`cl`.`start_date`,`cl`.`end_date`) AS `date`,`cl`.`quantity` AS `quantity`,`cl`.`id` AS `contract_line_id` from (`contract_lines` `cl` join `contracts` `c` on((`cl`.`contract_id` = `c`.`id`))) where ((`c`.`status` in ('approved','signed')) and isnull(`cl`.`returned_date`)) order by if((`c`.`status` = 'approved'),`cl`.`start_date`,`cl`.`end_date`) */;
/*!50001 SET character_set_client      = @saved_cs_client */;
/*!50001 SET character_set_results     = @saved_cs_results */;
/*!50001 SET collation_connection      = @saved_col_connection */;

--
-- Final view structure for view `visits`
--

/*!50001 DROP TABLE IF EXISTS `visits`*/;
/*!50001 DROP VIEW IF EXISTS `visits`*/;
/*!50001 SET @saved_cs_client          = @@character_set_client */;
/*!50001 SET @saved_cs_results         = @@character_set_results */;
/*!50001 SET @saved_col_connection     = @@collation_connection */;
/*!50001 SET character_set_client      = utf8 */;
/*!50001 SET character_set_results     = utf8 */;
/*!50001 SET collation_connection      = utf8_general_ci */;
/*!50001 CREATE ALGORITHM=UNDEFINED */
/*!50001 VIEW `visits` AS select hex(concat_ws('_',`visit_lines`.`date`,`visit_lines`.`inventory_pool_id`,`visit_lines`.`user_id`,`visit_lines`.`status`)) AS `id`,`visit_lines`.`inventory_pool_id` AS `inventory_pool_id`,`visit_lines`.`user_id` AS `user_id`,`visit_lines`.`status` AS `status`,`visit_lines`.`action` AS `action`,`visit_lines`.`date` AS `date`,sum(`visit_lines`.`quantity`) AS `quantity` from `visit_lines` group by `visit_lines`.`user_id`,`visit_lines`.`status`,`visit_lines`.`date`,`visit_lines`.`inventory_pool_id` */;
/*!50001 SET character_set_client      = @saved_cs_client */;
/*!50001 SET character_set_results     = @saved_cs_results */;
/*!50001 SET collation_connection      = @saved_col_connection */;
/*!40103 SET TIME_ZONE=@OLD_TIME_ZONE */;

/*!40101 SET SQL_MODE=@OLD_SQL_MODE */;
/*!40014 SET FOREIGN_KEY_CHECKS=@OLD_FOREIGN_KEY_CHECKS */;
/*!40014 SET UNIQUE_CHECKS=@OLD_UNIQUE_CHECKS */;
/*!40101 SET CHARACTER_SET_CLIENT=@OLD_CHARACTER_SET_CLIENT */;
/*!40101 SET CHARACTER_SET_RESULTS=@OLD_CHARACTER_SET_RESULTS */;
/*!40101 SET COLLATION_CONNECTION=@OLD_COLLATION_CONNECTION */;
/*!40111 SET SQL_NOTES=@OLD_SQL_NOTES */;

-- Dump completed on 2014-09-08 15:41:15
COMMIT;
