SET autocommit=0; SET unique_checks=0; SET foreign_key_checks=0;
-- MySQL dump 10.13  Distrib 5.5.38, for debian-linux-gnu (i686)
--
-- Host: localhost    Database: leihs2_test
-- ------------------------------------------------------
-- Server version	5.5.38-0+wheezy1

/*!40101 SET @OLD_CHARACTER_SET_CLIENT=@@CHARACTER_SET_CLIENT */;
/*!40101 SET @OLD_CHARACTER_SET_RESULTS=@@CHARACTER_SET_RESULTS */;
/*!40101 SET @OLD_COLLATION_CONNECTION=@@COLLATION_CONNECTION */;
/*!40101 SET NAMES utf8 */;
/*!40103 SET @OLD_TIME_ZONE=@@TIME_ZONE */;
/*!40103 SET TIME_ZONE='+00:00' */;
/*!40014 SET @OLD_UNIQUE_CHECKS=@@UNIQUE_CHECKS, UNIQUE_CHECKS=0 */;
/*!40014 SET @OLD_FOREIGN_KEY_CHECKS=@@FOREIGN_KEY_CHECKS, FOREIGN_KEY_CHECKS=0 */;
/*!40101 SET @OLD_SQL_MODE=@@SQL_MODE, SQL_MODE='NO_AUTO_VALUE_ON_ZERO' */;
/*!40111 SET @OLD_SQL_NOTES=@@SQL_NOTES, SQL_NOTES=0 */;

--
-- Table structure for table `access_rights`
--

DROP TABLE IF EXISTS `access_rights`;
/*!40101 SET @saved_cs_client     = @@character_set_client */;
/*!40101 SET character_set_client = utf8 */;
CREATE TABLE `access_rights` (
  `id` int(11) NOT NULL AUTO_INCREMENT,
  `user_id` int(11) DEFAULT NULL,
  `inventory_pool_id` int(11) DEFAULT NULL,
  `suspended_until` date DEFAULT NULL,
  `suspended_reason` text COLLATE utf8_unicode_ci,
  `deleted_at` date DEFAULT NULL,
  `created_at` datetime DEFAULT NULL,
  `updated_at` datetime DEFAULT NULL,
  `role` enum('customer','group_manager','lending_manager','inventory_manager','admin') COLLATE utf8_unicode_ci NOT NULL,
  PRIMARY KEY (`id`),
  KEY `index_access_rights_on_suspended_until` (`suspended_until`),
  KEY `index_access_rights_on_deleted_at` (`deleted_at`),
  KEY `index_access_rights_on_inventory_pool_id` (`inventory_pool_id`),
  KEY `index_access_rights_on_role` (`role`),
  KEY `index_on_user_id_and_inventory_pool_id_and_deleted_at` (`user_id`,`inventory_pool_id`,`deleted_at`)
) ENGINE=InnoDB AUTO_INCREMENT=43 DEFAULT CHARSET=utf8 COLLATE=utf8_unicode_ci;
/*!40101 SET character_set_client = @saved_cs_client */;

--
-- Dumping data for table `access_rights`
--

LOCK TABLES `access_rights` WRITE;
/*!40000 ALTER TABLE `access_rights` DISABLE KEYS */;
INSERT INTO `access_rights` VALUES (1,1,NULL,NULL,NULL,NULL,'2011-11-01 10:51:56','2011-11-01 10:51:56','admin'),(2,2,NULL,NULL,NULL,NULL,'2011-11-01 10:51:56','2011-11-01 10:51:56','admin'),(3,4,3,NULL,NULL,NULL,'2011-11-01 10:51:56','2011-11-01 10:51:56','customer'),(4,5,1,NULL,NULL,NULL,'2011-11-01 10:51:56','2011-11-01 10:51:56','lending_manager'),(5,6,5,NULL,NULL,NULL,'2011-11-01 10:51:56','2011-11-01 10:51:56','customer'),(6,7,12,NULL,NULL,NULL,'2011-11-01 10:51:56','2011-11-01 10:51:56','customer'),(7,8,1,NULL,NULL,'2011-11-01','2011-11-01 10:51:56','2011-11-01 10:51:56','customer'),(8,2,1,NULL,NULL,NULL,'2011-11-01 10:51:56','2011-11-01 10:51:56','customer'),(9,9,2,NULL,NULL,NULL,'2011-11-01 10:51:56','2011-11-01 10:51:56','inventory_manager'),(10,10,1,NULL,NULL,NULL,'2011-11-01 10:51:56','2011-11-01 10:51:56','inventory_manager'),(11,10,12,NULL,NULL,NULL,'2011-11-01 10:51:56','2011-11-01 10:51:56','inventory_manager'),(12,11,1,NULL,NULL,NULL,'2011-11-01 10:51:56','2011-11-01 10:51:56','lending_manager'),(13,11,2,NULL,NULL,NULL,'2011-11-01 10:51:56','2011-11-01 10:51:56','lending_manager'),(14,12,1,NULL,NULL,NULL,'2011-11-01 10:51:56','2011-11-01 10:51:56','customer'),(15,13,1,NULL,NULL,NULL,'2011-11-01 10:51:56','2011-11-01 10:51:56','customer'),(16,14,1,NULL,NULL,NULL,'2011-11-01 10:51:56','2011-11-01 10:51:56','customer'),(17,15,1,NULL,NULL,NULL,'2011-11-01 10:51:56','2011-11-01 10:51:56','customer'),(18,16,1,NULL,NULL,NULL,'2011-11-01 10:51:56','2011-11-01 10:51:56','customer'),(19,17,2,'2011-10-28','Aspernatur perferendis atque voluptatem dolor exercitationem laborum magnam ipsam.',NULL,'2011-10-27 00:00:00','2011-10-27 00:00:00','customer'),(20,21,1,NULL,NULL,NULL,'2011-11-01 10:51:56','2011-11-01 10:51:56','customer'),(21,22,1,NULL,NULL,NULL,'2011-11-01 10:51:56','2011-11-01 10:51:56','customer'),(22,23,1,NULL,NULL,NULL,'2011-11-01 10:51:56','2011-11-01 10:51:56','customer'),(23,24,1,NULL,NULL,NULL,'2011-11-01 10:51:56','2011-11-01 10:51:56','customer'),(24,26,1,NULL,NULL,NULL,'2011-11-01 10:51:56','2011-11-01 10:51:56','customer'),(25,26,13,NULL,NULL,NULL,'2011-11-01 10:51:56','2011-11-01 10:51:56','customer'),(26,26,14,NULL,NULL,NULL,'2011-11-01 10:51:56','2011-11-01 10:51:56','customer'),(27,26,15,NULL,NULL,NULL,'2011-11-01 10:51:56','2011-11-01 10:51:56','customer'),(28,27,1,NULL,NULL,NULL,'2011-11-01 10:51:56','2011-11-01 10:51:56','customer'),(29,27,2,NULL,NULL,NULL,'2011-11-01 10:51:56','2011-11-01 10:51:56','customer'),(30,27,3,NULL,NULL,NULL,'2011-11-01 10:51:56','2011-11-01 10:51:56','customer'),(31,27,15,NULL,NULL,'2011-10-31','2011-11-01 10:51:56','2011-11-01 10:51:56','customer'),(32,28,1,NULL,NULL,NULL,'2011-11-01 10:51:56','2011-11-01 10:51:56','customer'),(33,29,1,NULL,NULL,NULL,'2011-11-01 10:51:56','2011-11-01 10:51:56','group_manager'),(34,29,2,NULL,NULL,NULL,'2011-11-01 10:51:56','2011-11-01 10:51:56','group_manager'),(35,29,3,NULL,NULL,NULL,'2011-11-01 10:51:56','2011-11-01 10:51:56','group_manager'),(36,30,1,NULL,NULL,NULL,'2011-11-01 10:51:56','2011-11-01 10:51:56','group_manager'),(37,31,1,NULL,NULL,NULL,'2011-11-01 10:51:56','2011-11-01 10:51:56','customer'),(38,32,1,'2011-11-01','suspreason',NULL,'2011-11-01 10:51:56','2011-11-01 10:51:56','customer'),(39,33,1,NULL,NULL,NULL,'2011-11-01 10:51:56','2011-11-01 10:51:56','customer'),(40,34,1,NULL,NULL,NULL,'2011-11-01 10:51:56','2011-11-01 10:51:56','customer'),(41,35,1,NULL,NULL,NULL,'2011-11-01 10:51:56','2011-11-01 10:51:56','customer'),(42,36,1,NULL,NULL,NULL,'2011-11-01 10:51:56','2011-11-01 10:51:56','customer');
/*!40000 ALTER TABLE `access_rights` ENABLE KEYS */;
UNLOCK TABLES;

--
-- Table structure for table `accessories`
--

DROP TABLE IF EXISTS `accessories`;
/*!40101 SET @saved_cs_client     = @@character_set_client */;
/*!40101 SET character_set_client = utf8 */;
CREATE TABLE `accessories` (
  `id` int(11) NOT NULL AUTO_INCREMENT,
  `model_id` int(11) DEFAULT NULL,
  `name` varchar(255) COLLATE utf8_unicode_ci DEFAULT NULL,
  `quantity` int(11) DEFAULT NULL,
  PRIMARY KEY (`id`),
  KEY `index_accessories_on_model_id` (`model_id`)
) ENGINE=InnoDB AUTO_INCREMENT=498 DEFAULT CHARSET=utf8 COLLATE=utf8_unicode_ci;
/*!40101 SET character_set_client = @saved_cs_client */;

--
-- Dumping data for table `accessories`
--

LOCK TABLES `accessories` WRITE;
/*!40000 ALTER TABLE `accessories` DISABLE KEYS */;
INSERT INTO `accessories` VALUES (1,1,'Miss Virginie O\'Hara',NULL),(2,1,'Rachel Pfannerstill',NULL),(3,1,'Josianne Kris',NULL),(4,1,'Ms. Libbie Grady',NULL),(5,2,'Laisha Lynch',NULL),(6,2,'Tyshawn Luettgen',NULL),(7,2,'Quinton Fahey',NULL),(8,3,'Adonis Durgan PhD',NULL),(9,3,'Ariane Kuhlman',NULL),(10,3,'Kailyn Stiedemann',NULL),(11,3,'Dr. Korey Hudson',NULL),(12,4,'Gertrude Greenholt',NULL),(13,4,'Gordon McDermott MD',NULL),(14,5,'Mr. Lauriane Armstrong',NULL),(15,5,'Rose Zboncak',NULL),(16,6,'Mrs. Ezequiel Franecki',NULL),(17,6,'Simone Schmeler MD',NULL),(18,6,'Jeanne Lowe',NULL),(19,6,'Elnora Windler II',NULL),(20,7,'Ardith Keebler',NULL),(21,7,'Wilton Hahn',NULL),(22,7,'D\'angelo Osinski PhD',NULL),(23,7,'Alycia Hayes',NULL),(24,8,'Miss Jennifer Welch',NULL),(25,8,'Alfred Ferry',NULL),(26,8,'Hunter Reichel Jr.',NULL),(27,9,'Mr. Arno Bauch',NULL),(28,9,'Pamela Thiel',NULL),(29,10,'Lelia Nikolaus',NULL),(30,11,'Jadon Runte',NULL),(31,11,'Noble Bailey',NULL),(32,12,'Ida Hills',NULL),(33,13,'Wilfred Durgan',NULL),(34,13,'Daren Weissnat',NULL),(35,13,'Juvenal Swift',NULL),(36,13,'Juana Powlowski',NULL),(37,14,'Dr. Roberto Rutherford',NULL),(38,14,'Matilde Bergnaum',NULL),(39,14,'Dolores Hickle',NULL),(40,15,'Ms. Godfrey Kreiger',NULL),(41,15,'Mrs. Fausto Hahn',NULL),(42,15,'Effie Thiel',NULL),(43,16,'Abbigail Labadie',NULL),(44,16,'Marcia Harvey',NULL),(45,16,'Joanne Abshire',NULL),(46,16,'Reed Kautzer',NULL),(47,17,'Jarod Langosh',NULL),(48,17,'Treva Heller',NULL),(49,17,'Adeline Hermann',NULL),(50,18,'Emilie Boyle',NULL),(51,19,'Mr. Jovan Glover',NULL),(52,19,'Colby Schmeler',NULL),(53,19,'Laverna Borer',NULL),(54,20,'Yolanda Jast',NULL),(55,20,'Isaias Nader',NULL),(56,20,'Kristy Borer',NULL),(57,20,'Mckenzie Gulgowski',NULL),(58,20,'Carlee Kuhlman',NULL),(59,21,'Spencer Schroeder V',NULL),(60,21,'Herminio Boehm',NULL),(61,21,'Janick Rath Jr.',NULL),(62,22,'Consuelo Willms',NULL),(63,22,'Eliezer Bergstrom',NULL),(64,22,'Reanna Terry',NULL),(65,22,'Alexie Frami PhD',NULL),(66,23,'Jayce Heller',NULL),(67,24,'Dr. Jettie Pacocha',NULL),(68,24,'Mose Emard',NULL),(69,24,'Damien Yundt',NULL),(70,24,'Horace Reilly',NULL),(71,25,'Sherman Thiel',NULL),(72,25,'Geo Schiller',NULL),(73,25,'Maribel Homenick',NULL),(74,25,'Mr. Tamara Oberbrunner',NULL),(75,26,'Shyann Hackett MD',NULL),(76,27,'Stuart Schultz',NULL),(77,27,'Ericka Effertz',NULL),(78,27,'Alene Goldner',NULL),(79,27,'Dr. Eloisa Halvorson',NULL),(80,28,'Blaise Krajcik',NULL),(81,28,'Jane Lynch',NULL),(82,28,'Ms. Marilyne Mosciski',NULL),(83,28,'Ally Predovic',NULL),(84,29,'Liam Von',NULL),(85,29,'Rozella Larkin',NULL),(86,29,'Paul Rodriguez',NULL),(87,29,'Meaghan Dooley',NULL),(88,29,'Taylor Hirthe',NULL),(89,30,'Miss Ephraim Volkman',NULL),(90,30,'Ms. Valerie Lowe',NULL),(91,30,'Lauren Carter',NULL),(92,30,'Ethel Monahan',NULL),(93,31,'Ray Kuvalis',NULL),(94,31,'Mohammed Lind',NULL),(95,31,'Chelsea Wehner',NULL),(96,32,'Earnest Powlowski',NULL),(97,33,'Jazmyn Langworth',NULL),(98,33,'Holden Hamill',NULL),(99,33,'Miss Marcelo Heidenreich',NULL),(100,33,'Nathen Schulist',NULL),(101,33,'Mr. Muhammad Crona',NULL),(102,34,'Deangelo Lehner',NULL),(103,34,'Mckenzie Kiehn V',NULL),(104,34,'Damaris Hintz',NULL),(105,34,'Alejandrin Hilpert',NULL),(106,35,'Kaylah McGlynn',NULL),(107,35,'Raymond Mosciski',NULL),(108,35,'Kelli Bernier',NULL),(109,36,'Jeramie Turcotte',NULL),(110,36,'Jordi Corkery',NULL),(111,36,'Miss Kenton Lueilwitz',NULL),(112,37,'Ignacio Heathcote I',NULL),(113,38,'George Abbott',NULL),(114,38,'Joanny Bartell',NULL),(115,38,'Francisco Kling',NULL),(116,38,'Jana Lockman',NULL),(117,38,'Tate Osinski',NULL),(118,39,'Wilber Robel DVM',NULL),(119,40,'Rafaela Gottlieb',NULL),(120,40,'Ahmed Mraz',NULL),(121,40,'Aron Ritchie',NULL),(122,40,'Luigi Schimmel',NULL),(123,41,'Kory Denesik DVM',NULL),(124,42,'Vernice Kilback',NULL),(125,42,'Kamren Witting',NULL),(126,42,'Tiffany Lang',NULL),(127,43,'Mrs. Guillermo Torp',NULL),(128,43,'Elyse Swift',NULL),(129,43,'Dr. Danika Kautzer',NULL),(130,43,'Magdalen Kub',NULL),(131,43,'Miss Elton Schultz',NULL),(132,44,'Mario Barrows',NULL),(133,44,'Johnnie Green V',NULL),(134,44,'Daphney O\'Kon',NULL),(135,44,'Cierra Conroy DVM',NULL),(136,44,'Taurean Runte',NULL),(137,45,'Milford Johnson',NULL),(138,46,'Dr. Karli Roberts',NULL),(139,46,'Shaniya Bergstrom',NULL),(140,47,'Mr. Saige Stroman',NULL),(141,47,'Eleanore Ratke',NULL),(142,48,'Ramon Streich',NULL),(143,48,'Jedidiah Ward',NULL),(144,48,'Bartholome Becker',NULL),(145,49,'Waldo Crist',NULL),(146,49,'Kristopher Schaden',NULL),(147,49,'Courtney Ledner',NULL),(148,49,'Vada Nienow I',NULL),(149,49,'Talon Hauck II',NULL),(150,50,'Braulio Reichert',NULL),(151,50,'Uriel Von',NULL),(152,50,'Stephania Schuster',NULL),(153,51,'Jennifer Bosco I',NULL),(154,51,'Anabel Hand',NULL),(155,51,'Werner Flatley',NULL),(156,52,'Manley Wilkinson',NULL),(157,52,'Jackie Fisher',NULL),(158,53,'Antwan Hodkiewicz',NULL),(159,53,'Ms. Jerrold Schuppe',NULL),(160,53,'Kacey Goodwin',NULL),(161,54,'Chloe Hamill I',NULL),(162,54,'Ellsworth Cummerata',NULL),(163,54,'Ramiro Kunde',NULL),(164,55,'Ms. Barton Mosciski',NULL),(165,55,'Miss Edgar Murray',NULL),(166,55,'Anastacio Anderson',NULL),(167,56,'Carole Rosenbaum MD',NULL),(168,56,'Kadin Emard',NULL),(169,57,'Dena Haag',NULL),(170,58,'Curt Will',NULL),(171,58,'Zoila Von V',NULL),(172,59,'Jett Durgan I',NULL),(173,60,'Rene Denesik',NULL),(174,60,'Connie Wehner',NULL),(175,60,'Irving Mitchell',NULL),(176,60,'Angelica Lynch III',NULL),(177,60,'Leo Lehner',NULL),(178,61,'Arielle Ryan',NULL),(179,61,'Alejandra Wiegand',NULL),(180,61,'Johann Conn',NULL),(181,61,'Alessandra McKenzie',NULL),(182,62,'Reina Hills',NULL),(183,62,'Glen Witting',NULL),(184,62,'Jadon Hyatt',NULL),(185,63,'Kailey Wunsch',NULL),(186,63,'Miss Chaya Bauch',NULL),(187,63,'Glennie Balistreri',NULL),(188,63,'Zula Zboncak I',NULL),(189,63,'Karlie Murphy',NULL),(190,64,'Anna Ondricka',NULL),(191,64,'Dagmar Stamm',NULL),(192,64,'Brendon Tromp',NULL),(193,64,'Quinten Balistreri',NULL),(194,64,'Eleanora Welch',NULL),(195,65,'Ardella Gusikowski',NULL),(196,66,'Estelle Pouros',NULL),(197,66,'Katheryn Cassin',NULL),(198,66,'Treva Schamberger MD',NULL),(199,67,'Dannie Smitham',NULL),(200,67,'Mrs. Lindsey Yundt',NULL),(201,67,'Verna Runolfsdottir',NULL),(202,67,'Camylle Howe',NULL),(203,67,'Gust VonRueden',NULL),(204,68,'Mrs. Mellie Beatty',NULL),(205,68,'Dr. Brett Rutherford',NULL),(206,68,'Emmanuelle Jacobs',NULL),(207,69,'Loy Ziemann',NULL),(208,69,'Dr. Maybell Schinner',NULL),(209,69,'Lenny Hegmann',NULL),(210,69,'Minnie Armstrong',NULL),(211,69,'Filomena Prohaska',NULL),(212,70,'Ola Kohler',NULL),(213,70,'Susie Jerde III',NULL),(214,70,'Mrs. Sterling Bechtelar',NULL),(215,70,'Ms. Arlo Purdy',NULL),(216,70,'Sonia Jones',NULL),(217,71,'Dr. Hortense Kertzmann',NULL),(218,71,'Lera Hauck',NULL),(219,71,'Mrs. Dana Ward',NULL),(220,72,'Elfrieda Daugherty',NULL),(221,72,'Gertrude Weissnat',NULL),(222,72,'Woodrow Rohan II',NULL),(223,73,'Miss Trenton Mills',NULL),(224,74,'Ms. Owen Kassulke',NULL),(225,74,'Miss Taylor Douglas',NULL),(226,74,'Kacie Watsica',NULL),(227,74,'Virgil Funk',NULL),(228,75,'Alda Sawayn',NULL),(229,75,'Mrs. Lilly Stoltenberg',NULL),(230,75,'Barbara Lowe Jr.',NULL),(231,75,'Roscoe Howell',NULL),(232,76,'Myah Crist',NULL),(233,77,'Jazmyne Kuphal',NULL),(234,77,'Stacy Brekke',NULL),(235,77,'Coy Dare',NULL),(236,77,'Mr. Efrain Cruickshank',NULL),(237,77,'Rylee Bergstrom',NULL),(238,78,'Miss Lonie Kunde',NULL),(239,78,'Jeff Koss Sr.',NULL),(240,78,'Eliseo Stokes',NULL),(241,79,'Frederik Quitzon PhD',NULL),(242,79,'Jarred Ondricka DDS',NULL),(243,79,'Reyna Hessel',NULL),(244,80,'Greta Bailey',NULL),(245,80,'Wilford McLaughlin',NULL),(246,80,'Burdette Welch',NULL),(247,81,'Chester Beer PhD',NULL),(248,81,'Dr. Jasen Glover',NULL),(249,81,'Mike Borer',NULL),(250,82,'Haylie Schamberger',NULL),(251,82,'Mary Hand',NULL),(252,82,'Monte Harber',NULL),(253,83,'Hipolito Schamberger PhD',NULL),(254,83,'Norval Kihn',NULL),(255,83,'Anne Okuneva',NULL),(256,83,'Brooke Kohler',NULL),(257,84,'Emmitt Fritsch PhD',NULL),(258,84,'Chanelle Hamill',NULL),(259,84,'Jess Mohr II',NULL),(260,84,'Glennie Upton',NULL),(261,85,'Judson White',NULL),(262,85,'Kelsie Morissette',NULL),(263,86,'Eden Fadel',NULL),(264,87,'Damon Dare Jr.',NULL),(265,87,'Forrest Crona DDS',NULL),(266,87,'Arch Fay III',NULL),(267,87,'Yoshiko Howell DDS',NULL),(268,87,'Ms. Gennaro Buckridge',NULL),(269,88,'Mariana Runolfsson',NULL),(270,88,'Katelin Shields',NULL),(271,89,'Kirsten Reinger',NULL),(272,89,'Neoma Schuster II',NULL),(273,89,'Mathew Abbott MD',NULL),(274,89,'Demario Kassulke V',NULL),(275,89,'Dr. Jeromy Hahn',NULL),(276,90,'Reta Boyer',NULL),(277,90,'Aisha Sporer',NULL),(278,90,'Augustus Schowalter',NULL),(279,90,'Deion Bayer',NULL),(280,91,'Alysson Lind',NULL),(281,91,'Micaela Lebsack',NULL),(282,92,'Ignacio Heathcote',NULL),(283,92,'Leone Abshire DVM',NULL),(284,92,'Margarette Jaskolski',NULL),(285,93,'Miss Sophie Steuber',NULL),(286,93,'Erick Towne IV',NULL),(287,93,'Allen Frami',NULL),(288,93,'Miles Walter III',NULL),(289,94,'Sonia Watsica',NULL),(290,94,'Jaylon Olson',NULL),(291,94,'Miss Flo Denesik',NULL),(292,94,'Christ Kohler',NULL),(293,94,'Miss Elvie Legros',NULL),(294,95,'Braulio Murazik',NULL),(295,95,'Allie Durgan IV',NULL),(296,95,'Francis Beahan',NULL),(297,95,'Conner Bogisich',NULL),(298,96,'Garret Schuppe',NULL),(299,96,'Mrs. Jaylon Weber',NULL),(300,96,'Ms. Davion Block',NULL),(301,97,'Ansel Bins',NULL),(302,97,'Elvie Schumm',NULL),(303,97,'Ariel Krajcik',NULL),(304,98,'Samanta Christiansen',NULL),(305,98,'Abel O\'Connell',NULL),(306,98,'Jacey Ratke',NULL),(307,98,'Tremayne Schuppe',NULL),(308,99,'Mr. Wilson Stark',NULL),(309,99,'Emanuel Boehm',NULL),(310,99,'Floy Sawayn',NULL),(311,100,'Jane Reichert',NULL),(312,100,'Josue Lowe',NULL),(313,101,'Dr. Sydni Wunsch',NULL),(314,101,'Emely Wolff MD',NULL),(315,101,'Deanna Zemlak',NULL),(316,101,'Lia Pouros',NULL),(317,102,'Dandre Zboncak',NULL),(318,102,'Sabrina Klein',NULL),(319,103,'Leonard Strosin',NULL),(320,103,'Ms. Gonzalo Gorczany',NULL),(321,104,'Jacques Schulist',NULL),(322,104,'Irma Pfeffer',NULL),(323,104,'Craig Hammes MD',NULL),(324,104,'Hilario Lindgren',NULL),(325,105,'Gabrielle Schiller',NULL),(326,106,'Marie Orn',NULL),(327,107,'Derick Denesik',NULL),(328,107,'Mrs. Alessandro Reinger',NULL),(329,107,'Ms. Cathy Zieme',NULL),(330,107,'Eriberto VonRueden',NULL),(331,108,'Christophe Rippin',NULL),(332,108,'Lazaro Keeling',NULL),(333,108,'Claud Blick PhD',NULL),(334,108,'Cooper Wolf',NULL),(335,109,'Miss Heloise Reichert',NULL),(336,109,'Norwood Jenkins',NULL),(337,109,'Demond Zemlak',NULL),(338,109,'Eliza Jones',NULL),(339,109,'Laurel Ernser',NULL),(340,110,'Crystel Casper',NULL),(341,110,'Clarissa Beier IV',NULL),(342,110,'Lyda Bartell',NULL),(343,110,'Mr. Stuart Murray',NULL),(344,110,'Alisha Feil',NULL),(345,111,'Gladyce Gleichner IV',NULL),(346,111,'Moises Yundt',NULL),(347,111,'Sienna Kreiger',NULL),(348,111,'Brandt Frami',NULL),(349,111,'Alanis Hoeger III',NULL),(350,112,'Aurelio Beer',NULL),(351,112,'Julia Connelly',NULL),(352,113,'Cortney Jerde',NULL),(353,113,'Bria Cole',NULL),(354,113,'Mrs. Viola Harvey',NULL),(355,114,'Shea Swaniawski',NULL),(356,114,'Joseph Pagac DVM',NULL),(357,114,'Astrid Rice',NULL),(358,114,'Garfield West DVM',NULL),(359,114,'Janice Wilkinson',NULL),(360,115,'Mr. Kaia Toy',NULL),(361,115,'Kaleigh Nader',NULL),(362,115,'Taylor Maggio',NULL),(363,115,'Mrs. Meda Streich',NULL),(364,116,'Sydney Stracke Sr.',NULL),(365,116,'Emmanuel Hodkiewicz',NULL),(366,117,'River Moen',NULL),(367,117,'Cary O\'Keefe',NULL),(368,117,'Justice Mohr',NULL),(369,117,'Taya Kunze',NULL),(370,118,'Jose Mueller',NULL),(371,118,'Gladyce Considine',NULL),(372,119,'Tremaine Metz',NULL),(373,119,'Godfrey Walsh',NULL),(374,120,'Freeman Haley',NULL),(375,120,'Preston Bosco',NULL),(376,120,'Rita Purdy PhD',NULL),(377,120,'Demarco Torphy',NULL),(378,121,'Octavia Feeney',NULL),(379,121,'Furman McCullough',NULL),(380,122,'Eldon Satterfield',NULL),(381,122,'Miss Demario Daugherty',NULL),(382,122,'Jordi O\'Kon I',NULL),(383,122,'Elijah Hane',NULL),(384,122,'Hilbert Spencer',NULL),(385,123,'Lindsey Borer',NULL),(386,123,'Gerry Hoppe',NULL),(387,124,'Maeve Rohan',NULL),(388,125,'Lola Reinger',NULL),(389,125,'Rudy Greenfelder II',NULL),(390,125,'Lily Pacocha',NULL),(391,125,'Clementine Brown',NULL),(392,126,'Gabrielle Kris',NULL),(393,126,'Carlie Watsica PhD',NULL),(394,126,'Jermaine Waters',NULL),(395,126,'Mossie Boyle Sr.',NULL),(396,127,'Mr. Olin Lesch',NULL),(397,127,'Arne Bernhard',NULL),(398,128,'Alyce Okuneva',NULL),(399,128,'Conner Mayer',NULL),(400,128,'Kari Bogan II',NULL),(401,128,'Alycia Witting',NULL),(402,128,'Hal Block DDS',NULL),(403,129,'Mazie Rice',NULL),(404,129,'Raina Anderson DDS',NULL),(405,129,'Jacky Cruickshank',NULL),(406,130,'Viola Waelchi',NULL),(407,130,'Darrin Gibson',NULL),(408,130,'Silas Cormier',NULL),(409,130,'Elena Auer',NULL),(410,131,'Alexander Price',NULL),(411,131,'Mason O\'Keefe',NULL),(412,131,'Oliver Smitham',NULL),(413,132,'Agustina Kerluke DVM',NULL),(414,132,'Autumn Little',NULL),(415,132,'Carolina Doyle',NULL),(416,133,'Cynthia Welch',NULL),(417,133,'Mr. Lew Senger',NULL),(418,133,'Julianne Lehner',NULL),(419,133,'Maybell Daniel PhD',NULL),(420,134,'Kiel Auer',NULL),(421,134,'Antwon Kemmer',NULL),(422,135,'Connie Armstrong',NULL),(423,135,'Larissa Sporer',NULL),(424,135,'Elmira Lindgren',NULL),(425,135,'Danial Kiehn',NULL),(426,136,'Dr. Cecil Mraz',NULL),(427,137,'Lindsay Jacobi',NULL),(428,138,'Destiney Hirthe',NULL),(429,138,'Consuelo Robel',NULL),(430,139,'Kelton Labadie',NULL),(431,139,'Felipa Yundt',NULL),(432,139,'Mrs. Gloria Howe',NULL),(433,140,'Miss Franco Rice',NULL),(434,140,'Bill Pouros',NULL),(435,141,'Ora Mayer',NULL),(436,142,'Vilma Walsh',NULL),(437,143,'Waino Moen',NULL),(438,144,'Meghan Lemke',NULL),(439,144,'Coleman Crona',NULL),(440,144,'Trycia Reilly',NULL),(441,144,'Ms. Cayla Bechtelar',NULL),(442,145,'Kody Ryan DDS',NULL),(443,145,'Simone Marquardt',NULL),(444,145,'Darrell Hammes',NULL),(445,145,'Ebba Harber',NULL),(446,145,'Jewel Windler',NULL),(447,146,'Darby Vandervort',NULL),(448,147,'Hilda Kerluke',NULL),(449,147,'Grace Wunsch',NULL),(450,147,'Cruz Towne II',NULL),(451,147,'Lourdes Ratke',NULL),(452,148,'Mrs. Ines Gerhold',NULL),(453,149,'Myrl Effertz',NULL),(454,150,'Tremaine Bergnaum',NULL),(455,150,'Timmothy Borer IV',NULL),(456,150,'Jacklyn Corkery',NULL),(457,150,'Miss Tiana Strosin',NULL),(458,151,'Valentina Hirthe',NULL),(459,152,'Chesley Labadie V',NULL),(460,153,'Isabella Kilback',NULL),(461,153,'Davon Willms',NULL),(462,153,'Mrs. Alivia Schroeder',NULL),(463,154,'Sandy Prosacco MD',NULL),(464,154,'Jacquelyn Carroll',NULL),(465,155,'Clifford Langosh',NULL),(466,155,'Mr. Coty Kreiger',NULL),(467,155,'Kristin Braun',NULL),(468,155,'Bulah Schultz',NULL),(469,156,'Dave Gutkowski',NULL),(470,156,'Lemuel Rice',NULL),(471,157,'Eloise Rice',NULL),(472,157,'Maxwell Bashirian',NULL),(473,157,'Allie Hand II',NULL),(474,157,'Kamren Jerde',NULL),(475,157,'Olga Morar IV',NULL),(476,158,'Zander Barton V',NULL),(477,158,'Noemie McGlynn III',NULL),(478,159,'Magnolia Hauck',NULL),(479,159,'Leanne Hickle',NULL),(480,159,'Neil Predovic',NULL),(481,160,'Ms. Armand Hickle',NULL),(482,160,'Emil Howe',NULL),(483,161,'Lionel Donnelly',NULL),(484,161,'Damion King Sr.',NULL),(485,161,'Liam Kautzer',NULL),(486,161,'Raphael Hoppe',NULL),(487,162,'Eleanora Shanahan',NULL),(488,162,'Dr. Eden Barton',NULL),(489,163,'Leilani Cruickshank',NULL),(490,163,'Pink Mosciski',NULL),(491,163,'Miss Kristin Halvorson',NULL),(492,163,'Frieda Kuhlman',NULL),(493,163,'Thad Bergstrom',NULL),(494,164,'Miss Jedediah Walker',NULL),(495,165,'Jevon Schultz',NULL),(496,165,'Price Maggio',NULL),(497,165,'Arthur Moen',NULL);
/*!40000 ALTER TABLE `accessories` ENABLE KEYS */;
UNLOCK TABLES;

--
-- Table structure for table `accessories_inventory_pools`
--

DROP TABLE IF EXISTS `accessories_inventory_pools`;
/*!40101 SET @saved_cs_client     = @@character_set_client */;
/*!40101 SET character_set_client = utf8 */;
CREATE TABLE `accessories_inventory_pools` (
  `accessory_id` int(11) DEFAULT NULL,
  `inventory_pool_id` int(11) DEFAULT NULL,
  UNIQUE KEY `index_accessories_inventory_pools` (`accessory_id`,`inventory_pool_id`),
  KEY `index_accessories_inventory_pools_on_inventory_pool_id` (`inventory_pool_id`)
) ENGINE=InnoDB DEFAULT CHARSET=utf8 COLLATE=utf8_unicode_ci;
/*!40101 SET character_set_client = @saved_cs_client */;

--
-- Dumping data for table `accessories_inventory_pools`
--

LOCK TABLES `accessories_inventory_pools` WRITE;
/*!40000 ALTER TABLE `accessories_inventory_pools` DISABLE KEYS */;
INSERT INTO `accessories_inventory_pools` VALUES (1,1),(2,1),(3,1),(7,1),(9,1),(10,1),(14,1),(18,1),(20,1),(21,1),(27,1),(28,1),(29,1),(30,1),(32,1),(33,1),(34,1),(39,1),(40,1),(41,1),(44,1),(47,1),(48,1),(50,1),(52,1),(53,1),(54,1),(55,1),(58,1),(59,1),(64,1),(65,1),(67,1),(69,1),(70,1),(71,1),(77,1),(78,1),(81,1),(82,1),(85,1),(86,1),(87,1),(88,1),(90,1),(91,1),(92,1),(93,1),(94,1),(95,1),(97,1),(99,1),(102,1),(103,1),(104,1),(106,1),(108,1),(111,1),(112,1),(113,1),(114,1),(116,1),(117,1),(118,1),(120,1),(121,1),(123,1),(124,1),(125,1),(128,1),(129,1),(131,1),(132,1),(133,1),(135,1),(136,1),(139,1),(140,1),(142,1),(143,1),(144,1),(145,1),(146,1),(148,1),(149,1),(150,1),(153,1),(154,1),(155,1),(158,1),(162,1),(163,1),(165,1),(166,1),(167,1),(168,1),(169,1),(171,1),(173,1),(175,1),(176,1),(178,1),(179,1),(180,1),(181,1),(182,1),(184,1),(187,1),(191,1),(192,1),(193,1),(194,1),(195,1),(197,1),(201,1),(202,1),(204,1),(207,1),(208,1),(215,1),(216,1),(217,1),(220,1),(222,1),(226,1),(227,1),(228,1),(233,1),(234,1),(237,1),(239,1),(242,1),(244,1),(245,1),(248,1),(251,1),(253,1),(256,1),(258,1),(261,1),(265,1),(267,1),(269,1),(270,1),(271,1),(278,1),(279,1),(280,1),(286,1),(287,1),(288,1),(290,1),(293,1),(294,1),(300,1),(301,1),(303,1),(305,1),(307,1),(308,1),(311,1),(312,1),(313,1),(315,1),(316,1),(317,1),(318,1),(319,1),(321,1),(322,1),(323,1),(327,1),(328,1),(331,1),(334,1),(335,1),(337,1),(339,1),(340,1),(341,1),(342,1),(344,1),(349,1),(350,1),(355,1),(356,1),(359,1),(360,1),(361,1),(363,1),(364,1),(367,1),(372,1),(375,1),(376,1),(377,1),(379,1),(383,1),(385,1),(386,1),(388,1),(390,1),(391,1),(397,1),(398,1),(399,1),(400,1),(406,1),(407,1),(409,1),(411,1),(413,1),(414,1),(415,1),(416,1),(417,1),(418,1),(420,1),(421,1),(422,1),(424,1),(425,1),(426,1),(428,1),(430,1),(431,1),(433,1),(434,1),(435,1),(437,1),(438,1),(439,1),(443,1),(446,1),(447,1),(448,1),(451,1),(456,1),(457,1),(458,1),(459,1),(460,1),(461,1),(462,1),(464,1),(465,1),(470,1),(473,1),(474,1),(475,1),(476,1),(477,1),(478,1),(480,1),(481,1),(482,1),(485,1),(486,1),(487,1),(494,1),(495,1),(496,1),(497,1);
/*!40000 ALTER TABLE `accessories_inventory_pools` ENABLE KEYS */;
UNLOCK TABLES;

--
-- Table structure for table `addresses`
--

DROP TABLE IF EXISTS `addresses`;
/*!40101 SET @saved_cs_client     = @@character_set_client */;
/*!40101 SET character_set_client = utf8 */;
CREATE TABLE `addresses` (
  `id` int(11) NOT NULL AUTO_INCREMENT,
  `street` varchar(255) COLLATE utf8_unicode_ci DEFAULT NULL,
  `zip_code` varchar(255) COLLATE utf8_unicode_ci DEFAULT NULL,
  `city` varchar(255) COLLATE utf8_unicode_ci DEFAULT NULL,
  `country_code` varchar(255) COLLATE utf8_unicode_ci DEFAULT NULL,
  `latitude` float DEFAULT NULL,
  `longitude` float DEFAULT NULL,
  PRIMARY KEY (`id`),
  UNIQUE KEY `index_addresses_on_street_and_zip_code_and_city_and_country_code` (`street`,`zip_code`,`city`,`country_code`)
) ENGINE=InnoDB DEFAULT CHARSET=utf8 COLLATE=utf8_unicode_ci;
/*!40101 SET character_set_client = @saved_cs_client */;

--
-- Dumping data for table `addresses`
--

LOCK TABLES `addresses` WRITE;
/*!40000 ALTER TABLE `addresses` DISABLE KEYS */;
/*!40000 ALTER TABLE `addresses` ENABLE KEYS */;
UNLOCK TABLES;

--
-- Table structure for table `attachments`
--

DROP TABLE IF EXISTS `attachments`;
/*!40101 SET @saved_cs_client     = @@character_set_client */;
/*!40101 SET character_set_client = utf8 */;
CREATE TABLE `attachments` (
  `id` int(11) NOT NULL AUTO_INCREMENT,
  `model_id` int(11) DEFAULT NULL,
  `is_main` tinyint(1) DEFAULT '0',
  `content_type` varchar(255) COLLATE utf8_unicode_ci DEFAULT NULL,
  `filename` varchar(255) COLLATE utf8_unicode_ci DEFAULT NULL,
  `size` int(11) DEFAULT NULL,
  PRIMARY KEY (`id`),
  KEY `index_attachments_on_model_id` (`model_id`)
) ENGINE=InnoDB AUTO_INCREMENT=6 DEFAULT CHARSET=utf8 COLLATE=utf8_unicode_ci;
/*!40101 SET character_set_client = @saved_cs_client */;

--
-- Dumping data for table `attachments`
--

LOCK TABLES `attachments` WRITE;
/*!40000 ALTER TABLE `attachments` DISABLE KEYS */;
INSERT INTO `attachments` VALUES (1,153,0,'image/jpeg','consequatur',NULL),(2,154,0,'image/jpeg','ullam',NULL),(3,162,0,'image/jpeg','nam',NULL),(4,162,0,'image/jpeg','ipsum',NULL),(5,163,0,'image/jpeg','deleniti',NULL);
/*!40000 ALTER TABLE `attachments` ENABLE KEYS */;
UNLOCK TABLES;

--
-- Table structure for table `authentication_systems`
--

DROP TABLE IF EXISTS `authentication_systems`;
/*!40101 SET @saved_cs_client     = @@character_set_client */;
/*!40101 SET character_set_client = utf8 */;
CREATE TABLE `authentication_systems` (
  `id` int(11) NOT NULL AUTO_INCREMENT,
  `name` varchar(255) COLLATE utf8_unicode_ci DEFAULT NULL,
  `class_name` varchar(255) COLLATE utf8_unicode_ci DEFAULT NULL,
  `is_default` tinyint(1) DEFAULT '0',
  `is_active` tinyint(1) DEFAULT '0',
  PRIMARY KEY (`id`)
) ENGINE=InnoDB AUTO_INCREMENT=7 DEFAULT CHARSET=utf8 COLLATE=utf8_unicode_ci;
/*!40101 SET character_set_client = @saved_cs_client */;

--
-- Dumping data for table `authentication_systems`
--

LOCK TABLES `authentication_systems` WRITE;
/*!40000 ALTER TABLE `authentication_systems` DISABLE KEYS */;
INSERT INTO `authentication_systems` VALUES (1,'Database Authentication','DatabaseAuthentication',1,1),(2,'LDAP Authentication','LdapAuthentication',0,0),(3,'ZHDK Authentication','Zhdk',0,0),(4,'Database Authentication','DatabaseAuthentication',1,1),(5,'LDAP Authentication','LdapAuthentication',0,0),(6,'ZHDK Authentication','Zhdk',0,0);
/*!40000 ALTER TABLE `authentication_systems` ENABLE KEYS */;
UNLOCK TABLES;

--
-- Table structure for table `buildings`
--

DROP TABLE IF EXISTS `buildings`;
/*!40101 SET @saved_cs_client     = @@character_set_client */;
/*!40101 SET character_set_client = utf8 */;
CREATE TABLE `buildings` (
  `id` int(11) NOT NULL AUTO_INCREMENT,
  `name` varchar(255) COLLATE utf8_unicode_ci DEFAULT NULL,
  `code` varchar(255) COLLATE utf8_unicode_ci DEFAULT NULL,
  PRIMARY KEY (`id`)
) ENGINE=InnoDB AUTO_INCREMENT=186 DEFAULT CHARSET=utf8 COLLATE=utf8_unicode_ci;
/*!40101 SET character_set_client = @saved_cs_client */;

--
-- Dumping data for table `buildings`
--

LOCK TABLES `buildings` WRITE;
/*!40000 ALTER TABLE `buildings` DISABLE KEYS */;
INSERT INTO `buildings` VALUES (1,'Great Pyramid of Giza','ZZZ'),(2,'Great Pyramid of Giza','ZZZ'),(3,'Totamsequiamet','asp'),(4,'Exaspernaturvel','nem'),(5,'Doloremisteomnis','ine'),(6,'Estautincidunt','aut'),(7,'Delenitivoluptatumquos','pos'),(8,'Doloresnecessitatibusfugit','cup'),(9,'Eaofficiismaxime','eli'),(10,'Placeateosconsequatur','nih'),(11,'Commodiautnam','est'),(12,'Quasietmaiores','dol'),(13,'Velutaperiam','qua'),(14,'Isteutrecusandae','vol'),(15,'Rationeomnisest','etd'),(16,'Etmaximefugit','sun'),(17,'Occaecativoluptatummagni','odi'),(18,'Quiavoluptateet','ill'),(19,'Sedfugiataccusamus','etq'),(20,'Molestiassedpossimus','eni'),(21,'Eligendioditvoluptatum','ame'),(22,'Cupiditateculpavoluptas','ill'),(23,'Reiciendissitnon','mag'),(24,'Suntcumquevel','nul'),(25,'Magnidolorexplicabo','mol'),(26,'Liberosolutavoluptate','nam'),(27,'Repellatestsed','del'),(28,'Etenimsit','dol'),(29,'Doloresseautem','qui'),(30,'Quaeratfacereut','sed'),(31,'Quonihilaut','ver'),(32,'Fugaquiaet','quo'),(33,'Rerumdistinctionostrum','dol'),(34,'Praesentiumdictanesciunt','per'),(35,'Veritatisetet','eni'),(36,'Temporamolestiasneque','eiu'),(37,'Rationedoloreminventore','mol'),(38,'Nesciuntautprovident','dol'),(39,'Inexqui','eap'),(40,'Totamimpeditin','cor'),(41,'Optiomagnisoluta','ame'),(42,'Delectusvoluptasquis','est'),(43,'Magnamvoluptasincidunt','sed'),(44,'Quodquirepellendus','non'),(45,'Ausstellungsstrasse 60','AU60'),(46,'Ausstellungsstrasse 60','AU60'),(47,'Extotamaut','aut'),(48,'Consecteturcorporissint','eaq'),(49,'Velquibusdamdoloremque','sin'),(50,'Laudantiumidratione','acc'),(51,'Etnonatque','con'),(52,'Maioreshicdoloremque','quo'),(53,'Idetqui','dol'),(54,'Odioatquequia','nat'),(55,'Maioresconsequunturquia','fug'),(56,'Omnisexpeditaautem','ips'),(57,'Ipsumetoptio','mol'),(58,'Suntiurequi','non'),(59,'Etdolorenihil','eum'),(60,'Blanditiisminusvoluptas','aut'),(61,'Temporeconsequatursimilique','rer'),(62,'Illumdoloribusnisi','occ'),(63,'Nonetmollitia','ete'),(64,'Perspiciatisquibusdamnon','sed'),(65,'Utquaeat','fac'),(66,'Dignissimosadest','deb'),(67,'Totamrerumodio','aut'),(68,'Nullaaccusamusarchitecto','dol'),(69,'Cupiditateitaquevoluptates','est'),(70,'Sequirerumlaborum','aut'),(71,'Etquosvitae','dol'),(72,'Nobiscorruptivoluptates','utd'),(73,'Velitquiminus','tem'),(74,'Suscipitetaut','cul'),(75,'Commodiilloadipisci','num'),(76,'Sedsednon','etc'),(77,'Rerumquodvelit','vol'),(78,'Saepedeseruntodio','exe'),(79,'Enimrationequi','ips'),(80,'Animidelenitisint','rep'),(81,'Sitauteius','vel'),(82,'Utculpaeos','off'),(83,'Laborumeumvoluptatum','ips'),(84,'Quietaliquam','vol'),(85,'Cumsapientelaboriosam','exc'),(86,'Undepraesentiumvelit','aut'),(87,'Aspernaturvoluptatibusut','quo'),(88,'Temporibusidsit','vol'),(89,'Oditvitaeprovident','por'),(90,'Enimetsed','aut'),(91,'Estreprehenderitesse','vol'),(92,'Molestiaesedasperiores','qua'),(93,'Delectusquibusdamquia','quo'),(94,'Mollitialaudantiumest','per'),(95,'Voluptatemquaeratrerum','ado'),(96,'Minimaaliquideligendi','lib'),(97,'Assumendarerumet','est'),(98,'Eligendiestpraesentium','uts'),(99,'Temporibusquiaillum','ada'),(100,'Sediureeveniet','con'),(101,'Etexcepturireprehenderit','qui'),(102,'Quisiustonumquam','ani'),(103,'Namcorporissuscipit','est'),(104,'Sunteligendiperspiciatis','sun'),(105,'Etutomnis','eos'),(106,'Iuredictareprehenderit','qua'),(107,'Praesentiumsapienteinventore','rec'),(108,'Minimaquasdolor','ete'),(109,'Numquamutfugiat','vel'),(110,'Modiquibusdamaut','utl'),(111,'Enimvelvoluptas','dig'),(112,'Ducimuscommodiinventore','cup'),(113,'Facereexplicabosapiente','nos'),(114,'Debitisuteius','del'),(115,'Etnostrumvoluptatibus','sap'),(116,'Utminimanon','qui'),(117,'Quasivoluptasmaxime','utv'),(118,'Architectovelitqui','non'),(119,'Remexpeditaest','eaa'),(120,'Harumnamfugiat','ali'),(121,'Corruptisequiatque','nis'),(122,'Nobisnequeipsa','vel'),(123,'Quoeaharum','und'),(124,'Estnostrumlabore','acc'),(125,'Autquisnon','uti'),(126,'Doloribusmolestiasmaxime','non'),(127,'Sedetquibusdam','dis'),(128,'Eosquasvoluptatum','sin'),(129,'Omnissitrecusandae','rer'),(130,'Consequaturtotamaut','nih'),(131,'Inplaceatnatus','est'),(132,'Perspiciatislaborumsunt','qui'),(133,'Omnisdolora','ven'),(134,'Officiafugiatasperiores','tem'),(135,'Rerumaliasmagnam','qui'),(136,'Velitsitut','tem'),(137,'Quiaquiaexcepturi','nes'),(138,'Perferendisplaceatut','abm'),(139,'Minimaaliquamet','pro'),(140,'Quimagnamcommodi','qui'),(141,'Modidolornatus','ven'),(142,'Adipisciaccusamusdoloribus','vol'),(143,'Voluptaseoscorporis','occ'),(144,'Providentquisaliquam','nem'),(145,'Indeseruntmagnam','sun'),(146,'Estsuscipitiusto','ull'),(147,'Sitistemolestias','cor'),(148,'Aquierror','non'),(149,'Similiqueiureeius','nih'),(150,'Suntconsequaturexpedita','nih'),(151,'Voluptateetillo','sit'),(152,'Velitdoloremnihil','sed'),(153,'Ullampossimusodit','lau'),(154,'Voluptatumquoculpa','deb'),(155,'Explicaboquiaquidem','fug'),(156,'Quiadoloresat','etn'),(157,'Facilisvoluptatemaliquam','ips'),(158,'Molestiasevenietet','utr'),(159,'Veroestodio','ear'),(160,'Odiositet','ete'),(161,'Remmaximequi','qua'),(162,'Utplaceatqui','pla'),(163,'Maiorestemporaalias','eas'),(164,'Quaeratipsamaut','qui'),(165,'Quisquamundeofficiis','del'),(166,'Suntrepellendussit','acc'),(167,'Omnissolutacorporis','rep'),(168,'Ametutut','dol'),(169,'Impeditrationetempore','exe'),(170,'Corporisipsaconsequatur','err'),(171,'Suntducimusaspernatur','inc'),(172,'Eumcorruptisint','ips'),(173,'Repudiandaequodet','ven'),(174,'Quiquosdolor','qui'),(175,'Vitaeeumquia','ips'),(176,'Sedetautem','ade'),(177,'Porroconsequaturminus','vol'),(178,'Voluptatibusearumexplicabo','est'),(179,'Similiqueearumet','rer'),(180,'Numquamabassumenda','eta'),(181,'Quisnulladolorem','etq'),(182,'Liberoexercitationemsed','com'),(183,'Ullamvitaeatque','nec'),(184,'Dictaplaceatmagni','fac'),(185,'Aperiamsedaut','mag');
/*!40000 ALTER TABLE `buildings` ENABLE KEYS */;
UNLOCK TABLES;

--
-- Table structure for table `contract_lines`
--

DROP TABLE IF EXISTS `contract_lines`;
/*!40101 SET @saved_cs_client     = @@character_set_client */;
/*!40101 SET character_set_client = utf8 */;
CREATE TABLE `contract_lines` (
  `id` int(11) NOT NULL AUTO_INCREMENT,
  `contract_id` int(11) DEFAULT NULL,
  `type` varchar(255) COLLATE utf8_unicode_ci NOT NULL DEFAULT 'ItemLine',
  `item_id` int(11) DEFAULT NULL,
  `model_id` int(11) DEFAULT NULL,
  `quantity` int(11) DEFAULT '1',
  `start_date` date DEFAULT NULL,
  `end_date` date DEFAULT NULL,
  `returned_date` date DEFAULT NULL,
  `option_id` int(11) DEFAULT NULL,
  `purpose_id` int(11) DEFAULT NULL,
  `returned_to_user_id` int(11) DEFAULT NULL,
  `created_at` datetime DEFAULT NULL,
  `updated_at` datetime DEFAULT NULL,
  PRIMARY KEY (`id`),
  KEY `index_contract_lines_on_start_date` (`start_date`),
  KEY `index_contract_lines_on_end_date` (`end_date`),
  KEY `index_contract_lines_on_option_id` (`option_id`),
  KEY `index_contract_lines_on_contract_id` (`contract_id`),
  KEY `index_contract_lines_on_item_id` (`item_id`),
  KEY `index_contract_lines_on_model_id` (`model_id`),
  KEY `index_contract_lines_on_returned_date_and_contract_id` (`returned_date`,`contract_id`),
  KEY `index_contract_lines_on_type_and_contract_id` (`type`,`contract_id`)
) ENGINE=InnoDB AUTO_INCREMENT=168 DEFAULT CHARSET=utf8 COLLATE=utf8_unicode_ci;
/*!40101 SET character_set_client = @saved_cs_client */;

--
-- Dumping data for table `contract_lines`
--

LOCK TABLES `contract_lines` WRITE;
/*!40000 ALTER TABLE `contract_lines` DISABLE KEYS */;
INSERT INTO `contract_lines` VALUES (1,1,'ItemLine',NULL,1,1,'2011-11-01','2011-11-01',NULL,NULL,NULL,NULL,'2011-11-01 10:51:56','2011-11-01 10:51:56'),(2,1,'ItemLine',NULL,5,1,'2011-11-01','2011-11-01',NULL,NULL,NULL,NULL,'2011-11-01 10:51:56','2011-11-01 10:51:56'),(3,1,'ItemLine',NULL,9,1,'2011-11-01','2011-11-01',NULL,NULL,NULL,NULL,'2011-11-01 10:51:56','2011-11-01 10:51:56'),(4,1,'ItemLine',NULL,13,1,'2011-11-01','2011-11-01',NULL,NULL,NULL,NULL,'2011-11-01 10:51:56','2011-11-01 10:51:56'),(5,1,'ItemLine',NULL,17,1,'2011-11-01','2011-11-01',NULL,NULL,NULL,NULL,'2011-11-01 10:51:56','2011-11-01 10:51:56'),(6,1,'ItemLine',NULL,21,1,'2011-11-01','2011-11-01',NULL,NULL,NULL,NULL,'2011-11-01 10:51:56','2011-11-01 10:51:56'),(7,2,'ItemLine',NULL,25,1,'2011-11-01','2011-11-01',NULL,NULL,1,NULL,'2011-11-01 10:51:56','2011-11-01 10:51:56'),(8,2,'ItemLine',NULL,29,1,'2011-11-01','2011-11-01',NULL,NULL,1,NULL,'2011-11-01 10:51:56','2011-11-01 10:51:56'),(9,2,'ItemLine',NULL,33,1,'2011-11-01','2011-11-01',NULL,NULL,1,NULL,'2011-11-01 10:51:56','2011-11-01 10:51:56'),(10,2,'ItemLine',NULL,37,1,'2011-11-01','2011-11-01',NULL,NULL,1,NULL,'2011-11-01 10:51:56','2011-11-01 10:51:56'),(11,3,'ItemLine',NULL,41,1,'2011-11-01','2011-11-01','2011-11-01',NULL,2,2,'2011-11-01 10:51:56','2011-11-01 10:51:56'),(12,3,'ItemLine',NULL,45,1,'2011-11-01','2011-11-01','2011-11-01',NULL,2,2,'2011-11-01 10:51:56','2011-11-01 10:51:56'),(13,3,'ItemLine',NULL,49,1,'2011-11-01','2011-11-01','2011-11-01',NULL,2,2,'2011-11-01 10:51:56','2011-11-01 10:51:56'),(14,3,'ItemLine',NULL,53,1,'2011-11-01','2011-11-01','2011-11-01',NULL,2,2,'2011-11-01 10:51:56','2011-11-01 10:51:56'),(15,4,'ItemLine',31,41,1,'2011-11-01','2011-11-01',NULL,NULL,3,NULL,'2011-11-01 10:51:56','2011-11-01 10:51:56'),(16,4,'ItemLine',32,41,1,'2011-11-01','2011-11-01',NULL,NULL,3,NULL,'2011-11-01 10:51:56','2011-11-01 10:51:56'),(17,4,'ItemLine',33,41,1,'2011-11-01','2011-11-01',NULL,NULL,3,NULL,'2011-11-01 10:51:56','2011-11-01 10:51:56'),(18,4,'ItemLine',34,45,1,'2011-11-01','2011-11-01',NULL,NULL,3,NULL,'2011-11-01 10:51:56','2011-11-01 10:51:56'),(19,4,'ItemLine',35,45,1,'2011-11-01','2011-11-01',NULL,NULL,3,NULL,'2011-11-01 10:51:56','2011-11-01 10:51:56'),(20,4,'ItemLine',36,45,1,'2011-11-01','2011-11-01',NULL,NULL,3,NULL,'2011-11-01 10:51:56','2011-11-01 10:51:56'),(21,4,'ItemLine',37,49,1,'2011-11-01','2011-11-01',NULL,NULL,3,NULL,'2011-11-01 10:51:56','2011-11-01 10:51:56'),(22,4,'ItemLine',38,49,1,'2011-11-01','2011-11-01',NULL,NULL,3,NULL,'2011-11-01 10:51:56','2011-11-01 10:51:56'),(23,4,'ItemLine',39,49,1,'2011-11-01','2011-11-01',NULL,NULL,3,NULL,'2011-11-01 10:51:56','2011-11-01 10:51:56'),(24,4,'ItemLine',40,53,1,'2011-11-01','2011-11-01',NULL,NULL,3,NULL,'2011-11-01 10:51:56','2011-11-01 10:51:56'),(25,4,'ItemLine',41,53,1,'2011-11-01','2011-11-01',NULL,NULL,3,NULL,'2011-11-01 10:51:56','2011-11-01 10:51:56'),(26,4,'ItemLine',42,53,1,'2011-11-01','2011-11-01',NULL,NULL,3,NULL,'2011-11-01 10:51:56','2011-11-01 10:51:56'),(27,4,'ItemLine',45,58,1,'2011-11-01','2011-11-01',NULL,NULL,3,NULL,'2011-11-01 10:51:56','2011-11-01 10:51:56'),(28,4,'ItemLine',46,58,1,'2011-11-01','2011-11-01',NULL,NULL,3,NULL,'2011-11-01 10:51:56','2011-11-01 10:51:56'),(29,4,'ItemLine',47,59,1,'2011-11-01','2011-11-01',NULL,NULL,3,NULL,'2011-11-01 10:51:56','2011-11-01 10:51:56'),(30,4,'ItemLine',49,61,1,'2011-11-01','2011-11-01',NULL,NULL,3,NULL,'2011-11-01 10:51:56','2011-11-01 10:51:56'),(31,4,'ItemLine',50,62,1,'2011-11-01','2011-11-01',NULL,NULL,3,NULL,'2011-11-01 10:51:56','2011-11-01 10:51:56'),(32,4,'ItemLine',51,63,1,'2011-11-01','2011-11-01',NULL,NULL,3,NULL,'2011-11-01 10:51:56','2011-11-01 10:51:56'),(33,4,'ItemLine',52,64,1,'2011-11-01','2011-11-01',NULL,NULL,3,NULL,'2011-11-01 10:51:56','2011-11-01 10:51:56'),(34,4,'ItemLine',53,65,1,'2011-11-01','2011-11-01',NULL,NULL,3,NULL,'2011-11-01 10:51:56','2011-11-01 10:51:56'),(35,4,'ItemLine',54,66,1,'2011-11-01','2011-11-01',NULL,NULL,3,NULL,'2011-11-01 10:51:56','2011-11-01 10:51:56'),(36,4,'ItemLine',55,67,1,'2011-11-01','2011-11-01',NULL,NULL,3,NULL,'2011-11-01 10:51:56','2011-11-01 10:51:56'),(37,4,'ItemLine',56,68,1,'2011-11-01','2011-11-01',NULL,NULL,3,NULL,'2011-11-01 10:51:56','2011-11-01 10:51:56'),(38,4,'ItemLine',57,69,1,'2011-11-01','2011-11-01',NULL,NULL,3,NULL,'2011-11-01 10:51:56','2011-11-01 10:51:56'),(39,4,'ItemLine',58,70,1,'2011-11-01','2011-11-01',NULL,NULL,3,NULL,'2011-11-01 10:51:56','2011-11-01 10:51:56'),(40,4,'ItemLine',59,71,1,'2011-11-01','2011-11-01',NULL,NULL,3,NULL,'2011-11-01 10:51:56','2011-11-01 10:51:56'),(41,4,'ItemLine',60,72,1,'2011-11-01','2011-11-01',NULL,NULL,3,NULL,'2011-11-01 10:51:56','2011-11-01 10:51:56'),(42,4,'ItemLine',61,73,1,'2011-11-01','2011-11-01',NULL,NULL,3,NULL,'2011-11-01 10:51:56','2011-11-01 10:51:56'),(43,4,'ItemLine',62,74,1,'2011-11-01','2011-11-01',NULL,NULL,3,NULL,'2011-11-01 10:51:56','2011-11-01 10:51:56'),(44,4,'ItemLine',63,75,1,'2011-11-01','2011-11-01',NULL,NULL,3,NULL,'2011-11-01 10:51:56','2011-11-01 10:51:56'),(45,5,'OptionLine',NULL,NULL,2,'2011-11-01','2011-11-01',NULL,4,4,NULL,'2011-11-01 10:51:56','2011-11-01 10:51:56'),(46,5,'ItemLine',165,166,1,'2011-11-01','2011-11-01',NULL,NULL,4,NULL,'2011-11-01 10:51:56','2011-11-01 10:51:56'),(47,6,'OptionLine',NULL,NULL,2,'2011-11-01','2011-11-01',NULL,5,5,NULL,'2011-11-01 10:51:56','2011-11-01 10:51:56'),(48,6,'OptionLine',NULL,NULL,1,'2011-11-01','2011-12-01',NULL,5,5,NULL,'2011-11-01 10:51:56','2011-11-01 10:51:56'),(49,7,'ItemLine',166,167,1,'2011-11-01','2011-11-01',NULL,NULL,6,NULL,'2011-11-01 10:51:56','2011-11-01 10:51:56'),(50,8,'ItemLine',167,168,1,'2011-10-27','2011-10-31',NULL,NULL,7,NULL,'2011-10-27 00:00:00','2011-10-27 00:00:00'),(51,8,'OptionLine',NULL,NULL,1,'2011-10-27','2011-10-31',NULL,6,7,NULL,'2011-10-27 00:00:00','2011-10-27 00:00:00'),(52,9,'ItemLine',170,172,1,'2011-11-01','2011-11-01','2011-11-01',NULL,8,NULL,'2011-11-01 10:51:56','2011-11-01 10:51:56'),(53,10,'ItemLine',171,173,1,'2011-11-01','2011-11-01','2011-11-01',NULL,9,NULL,'2011-11-01 10:51:56','2011-11-01 10:51:56'),(54,11,'ItemLine',NULL,177,1,'2011-11-01','2011-11-01',NULL,NULL,10,NULL,'2011-11-01 10:51:56','2011-11-01 10:51:56'),(55,11,'ItemLine',NULL,178,1,'2011-11-01','2011-11-01',NULL,NULL,10,NULL,'2011-11-01 10:51:56','2011-11-01 10:51:56'),(56,11,'ItemLine',NULL,179,1,'2011-11-01','2011-11-01',NULL,NULL,10,NULL,'2011-11-01 10:51:56','2011-11-01 10:51:56'),(57,12,'ItemLine',178,180,1,'2011-11-01','2011-11-01',NULL,NULL,11,NULL,'2011-11-01 10:51:56','2011-11-01 10:51:56'),(58,12,'ItemLine',179,181,1,'2011-11-01','2011-11-01',NULL,NULL,11,NULL,'2011-11-01 10:51:56','2011-11-01 10:51:56'),(59,12,'ItemLine',180,182,1,'2011-11-01','2011-11-01',NULL,NULL,11,NULL,'2011-11-01 10:51:56','2011-11-01 10:51:56'),(60,12,'ItemLine',181,183,1,'2011-11-01','2011-11-01',NULL,NULL,11,NULL,'2011-11-01 10:51:56','2011-11-01 10:51:56'),(61,12,'ItemLine',182,184,1,'2011-11-01','2011-11-01',NULL,NULL,11,NULL,'2011-11-01 10:51:56','2011-11-01 10:51:56'),(62,13,'ItemLine',183,185,1,'2011-11-01','2011-11-01',NULL,NULL,12,NULL,'2011-11-01 10:51:56','2011-11-01 10:51:56'),(63,13,'ItemLine',184,186,1,'2011-11-01','2011-11-01',NULL,NULL,12,NULL,'2011-11-01 10:51:56','2011-11-01 10:51:56'),(64,13,'ItemLine',185,187,1,'2011-11-01','2011-11-01',NULL,NULL,12,NULL,'2011-11-01 10:51:56','2011-11-01 10:51:56'),(65,13,'ItemLine',186,188,1,'2011-11-01','2011-11-01',NULL,NULL,12,NULL,'2011-11-01 10:51:56','2011-11-01 10:51:56'),(66,13,'ItemLine',187,189,1,'2011-11-01','2011-11-01',NULL,NULL,12,NULL,'2011-11-01 10:51:56','2011-11-01 10:51:56'),(67,14,'ItemLine',188,190,1,'2011-10-27','2011-10-27',NULL,NULL,13,NULL,'2011-10-27 00:00:00','2011-10-27 00:00:00'),(68,14,'ItemLine',189,191,1,'2011-10-27','2011-10-27',NULL,NULL,13,NULL,'2011-10-27 00:00:00','2011-10-27 00:00:00'),(69,14,'ItemLine',190,192,1,'2011-10-27','2011-10-27',NULL,NULL,13,NULL,'2011-10-27 00:00:00','2011-10-27 00:00:00'),(70,14,'ItemLine',191,193,1,'2011-10-27','2011-10-27',NULL,NULL,13,NULL,'2011-10-27 00:00:00','2011-10-27 00:00:00'),(71,14,'ItemLine',192,194,1,'2011-10-27','2011-10-27',NULL,NULL,13,NULL,'2011-10-27 00:00:00','2011-10-27 00:00:00'),(72,15,'ItemLine',NULL,84,1,'2011-11-08','2011-11-11',NULL,NULL,14,NULL,'2011-11-01 10:51:56','2011-11-01 10:51:56'),(73,15,'ItemLine',NULL,84,1,'2011-11-08','2011-11-11',NULL,NULL,14,NULL,'2011-11-01 10:51:56','2011-11-01 10:51:56'),(74,15,'ItemLine',NULL,84,1,'2011-11-08','2011-11-11',NULL,NULL,14,NULL,'2011-11-01 10:51:56','2011-11-01 10:51:56'),(75,15,'ItemLine',NULL,116,1,'2011-11-08','2011-11-11',NULL,NULL,14,NULL,'2011-11-01 10:51:56','2011-11-01 10:51:56'),(76,15,'ItemLine',NULL,116,1,'2011-11-08','2011-11-11',NULL,NULL,14,NULL,'2011-11-01 10:51:56','2011-11-01 10:51:56'),(77,15,'ItemLine',NULL,116,1,'2011-11-08','2011-11-11',NULL,NULL,14,NULL,'2011-11-01 10:51:56','2011-11-01 10:51:56'),(78,15,'ItemLine',NULL,116,1,'2011-11-08','2011-11-11',NULL,NULL,14,NULL,'2011-11-01 10:51:56','2011-11-01 10:51:56'),(79,15,'ItemLine',NULL,116,1,'2011-11-08','2011-11-11',NULL,NULL,14,NULL,'2011-11-01 10:51:56','2011-11-01 10:51:56'),(80,16,'ItemLine',NULL,195,1,'2011-11-01','2011-11-01',NULL,NULL,15,NULL,'2011-11-01 10:51:56','2011-11-01 10:51:56'),(81,16,'ItemLine',NULL,199,1,'2011-11-01','2011-11-01',NULL,NULL,15,NULL,'2011-11-01 10:51:56','2011-11-01 10:51:56'),(82,16,'ItemLine',NULL,203,1,'2011-11-01','2011-11-01',NULL,NULL,15,NULL,'2011-11-01 10:51:56','2011-11-01 10:51:56'),(83,17,'ItemLine',NULL,207,1,'2011-11-01','2011-11-01',NULL,NULL,16,NULL,'2011-11-01 10:51:56','2011-11-01 10:51:56'),(84,17,'ItemLine',NULL,211,1,'2011-11-01','2011-11-01',NULL,NULL,16,NULL,'2011-11-01 10:51:56','2011-11-01 10:51:56'),(85,17,'ItemLine',NULL,215,1,'2011-11-01','2011-11-01',NULL,NULL,16,NULL,'2011-11-01 10:51:56','2011-11-01 10:51:56'),(86,17,'ItemLine',NULL,219,1,'2011-11-01','2011-11-01',NULL,NULL,16,NULL,'2011-11-01 10:51:56','2011-11-01 10:51:56'),(87,17,'ItemLine',NULL,223,1,'2011-11-01','2011-11-01',NULL,NULL,16,NULL,'2011-11-01 10:51:56','2011-11-01 10:51:56'),(88,18,'ItemLine',NULL,227,1,'2011-11-01','2011-11-01',NULL,NULL,17,NULL,'2011-11-01 10:51:56','2011-11-01 10:51:56'),(89,18,'ItemLine',NULL,231,1,'2011-11-01','2011-11-01',NULL,NULL,17,NULL,'2011-11-01 10:51:56','2011-11-01 10:51:56'),(90,18,'ItemLine',NULL,235,1,'2011-11-01','2011-11-01',NULL,NULL,17,NULL,'2011-11-01 10:51:56','2011-11-01 10:51:56'),(91,19,'ItemLine',NULL,116,1,'2011-11-01','2011-11-01',NULL,NULL,18,NULL,'2011-11-01 10:51:56','2011-11-01 10:51:56'),(92,20,'ItemLine',NULL,116,1,'2011-11-01','2011-11-01',NULL,NULL,19,NULL,'2011-11-01 10:51:56','2011-11-01 10:51:56'),(93,20,'ItemLine',NULL,84,1,'2011-11-01','2011-11-01',NULL,NULL,19,NULL,'2011-11-01 10:51:56','2011-11-01 10:51:56'),(94,21,'ItemLine',NULL,116,1,'2011-11-08','2011-11-09',NULL,NULL,20,NULL,'2011-11-01 10:51:56','2011-11-01 10:51:56'),(95,22,'ItemLine',NULL,58,1,'2011-11-01','2011-11-01',NULL,NULL,21,NULL,'2011-11-01 10:51:56','2011-11-01 10:51:56'),(96,22,'ItemLine',NULL,58,1,'2011-11-01','2011-11-01',NULL,NULL,21,NULL,'2011-11-01 10:51:56','2011-11-01 10:51:56'),(97,22,'ItemLine',NULL,58,1,'2011-11-01','2011-11-01',NULL,NULL,21,NULL,'2011-11-01 10:51:56','2011-11-01 10:51:56'),(98,23,'ItemLine',NULL,84,1,'2011-11-01','2011-11-01',NULL,NULL,22,NULL,'2011-11-01 10:51:56','2011-11-01 10:51:56'),(99,23,'ItemLine',NULL,116,1,'2011-11-01','2011-11-01',NULL,NULL,22,NULL,'2011-11-01 10:51:56','2011-11-01 10:51:56'),(100,23,'ItemLine',NULL,84,1,'2011-11-01','2011-11-01',NULL,NULL,22,NULL,'2011-11-01 10:51:56','2011-11-01 10:51:56'),(101,23,'ItemLine',NULL,116,1,'2011-11-01','2011-11-01',NULL,NULL,22,NULL,'2011-11-01 10:51:56','2011-11-01 10:51:56'),(102,23,'ItemLine',NULL,84,1,'2011-11-01','2011-11-01',NULL,NULL,22,NULL,'2011-11-01 10:51:56','2011-11-01 10:51:56'),(103,23,'ItemLine',NULL,116,1,'2011-11-01','2011-11-01',NULL,NULL,22,NULL,'2011-11-01 10:51:56','2011-11-01 10:51:56'),(104,23,'OptionLine',NULL,NULL,5,'2011-11-01','2011-11-01',NULL,1,22,NULL,'2011-11-01 10:51:56','2011-11-01 10:51:56'),(105,24,'ItemLine',NULL,155,1,'2011-11-01','2011-11-01',NULL,NULL,NULL,NULL,'2011-11-01 10:51:56','2011-11-01 10:51:56'),(106,25,'ItemLine',226,239,1,'2011-11-01','2011-11-01',NULL,NULL,NULL,NULL,'2011-11-01 10:51:56','2011-11-01 10:51:56'),(107,26,'ItemLine',72,84,1,'2011-11-01','2011-11-01',NULL,NULL,25,NULL,'2011-11-01 10:51:56','2011-11-01 10:51:56'),(108,27,'ItemLine',227,240,1,'2011-11-01','2011-11-01',NULL,NULL,26,NULL,'2011-11-01 10:51:56','2011-11-01 10:51:56'),(109,28,'ItemLine',43,57,1,'2011-11-01','2011-11-01',NULL,NULL,27,NULL,'2011-11-01 10:51:56','2011-11-01 10:51:56'),(110,28,'ItemLine',171,173,1,'2011-11-01','2011-11-01','2011-11-01',NULL,27,11,'2011-11-01 10:51:56','2011-11-01 10:51:56'),(111,29,'ItemLine',48,58,1,'2011-11-01','2011-11-01',NULL,NULL,28,NULL,'2011-11-01 10:51:56','2011-11-01 10:51:56'),(112,30,'ItemLine',228,241,1,'2011-11-01','2011-11-01',NULL,NULL,29,NULL,'2011-11-01 10:51:56','2011-11-01 10:51:56'),(113,31,'ItemLine',113,119,1,'2011-11-01','2011-11-02',NULL,NULL,30,NULL,'2011-11-01 10:51:56','2011-11-01 10:51:56'),(114,32,'ItemLine',NULL,84,1,'2011-11-08','2011-11-11',NULL,NULL,31,NULL,'2011-11-01 10:51:56','2011-11-01 10:51:56'),(115,32,'ItemLine',NULL,116,1,'2011-11-08','2011-11-11',NULL,NULL,31,NULL,'2011-11-01 10:51:56','2011-11-01 10:51:56'),(116,32,'ItemLine',NULL,116,1,'2011-11-09','2011-11-12',NULL,NULL,31,NULL,'2011-11-01 10:51:56','2011-11-01 10:51:56'),(117,33,'ItemLine',NULL,62,1,'2011-11-01','2011-11-02',NULL,NULL,31,NULL,'2011-11-01 10:51:56','2011-11-01 10:51:56'),(118,34,'ItemLine',NULL,58,1,'2011-10-30','2011-11-02',NULL,NULL,32,NULL,'2011-11-01 10:51:56','2011-11-01 10:51:56'),(119,34,'ItemLine',NULL,242,1,'2011-10-30','2011-11-02',NULL,NULL,32,NULL,'2011-11-01 10:51:56','2011-11-01 10:51:56'),(120,35,'ItemLine',142,58,1,'2011-11-01','2011-11-01',NULL,NULL,33,NULL,'2011-11-01 10:51:56','2011-11-01 10:51:56'),(121,35,'OptionLine',NULL,NULL,1,'2011-11-01','2011-11-01',NULL,1,33,NULL,'2011-11-01 10:51:56','2011-11-01 10:51:56'),(122,36,'ItemLine',NULL,246,1,'2011-10-26','2011-10-26',NULL,NULL,34,NULL,'2011-10-26 11:12:26','2011-10-26 11:12:26'),(123,36,'ItemLine',NULL,247,1,'2011-10-26','2011-10-26',NULL,NULL,34,NULL,'2011-10-26 11:12:26','2011-10-26 11:12:26'),(124,36,'ItemLine',NULL,248,1,'2011-10-26','2011-10-26',NULL,NULL,34,NULL,'2011-10-26 11:12:26','2011-10-26 11:12:26'),(125,36,'ItemLine',NULL,249,1,'2011-10-26','2011-10-26',NULL,NULL,34,NULL,'2011-10-26 11:12:26','2011-10-26 11:12:26'),(126,37,'ItemLine',NULL,253,1,'2011-10-26','2011-10-26',NULL,NULL,35,NULL,'2011-10-26 11:12:26','2011-10-26 11:12:26'),(127,37,'ItemLine',NULL,254,1,'2011-10-26','2011-10-26',NULL,NULL,35,NULL,'2011-10-26 11:12:27','2011-10-26 11:12:27'),(128,37,'ItemLine',NULL,255,1,'2011-10-26','2011-10-26',NULL,NULL,35,NULL,'2011-10-26 11:12:27','2011-10-26 11:12:27'),(129,37,'ItemLine',NULL,256,1,'2011-10-26','2011-10-26',NULL,NULL,35,NULL,'2011-10-26 11:12:27','2011-10-26 11:12:27'),(130,38,'ItemLine',NULL,260,1,'2011-10-26','2011-10-26',NULL,NULL,36,NULL,'2011-10-26 11:12:27','2011-10-26 11:12:27'),(131,38,'ItemLine',NULL,261,1,'2011-10-26','2011-10-26',NULL,NULL,36,NULL,'2011-10-26 11:12:27','2011-10-26 11:12:27'),(132,38,'ItemLine',NULL,262,1,'2011-10-26','2011-10-26',NULL,NULL,36,NULL,'2011-10-26 11:12:27','2011-10-26 11:12:27'),(133,38,'ItemLine',NULL,263,1,'2011-10-26','2011-10-26',NULL,NULL,36,NULL,'2011-10-26 11:12:27','2011-10-26 11:12:27'),(134,39,'ItemLine',NULL,267,1,'2011-10-31','2011-10-31',NULL,NULL,37,NULL,'2011-10-31 01:48:51','2011-10-31 01:48:51'),(135,39,'ItemLine',NULL,268,1,'2011-10-31','2011-10-31',NULL,NULL,37,NULL,'2011-10-31 01:48:51','2011-10-31 01:48:51'),(136,39,'ItemLine',NULL,269,1,'2011-10-31','2011-10-31',NULL,NULL,37,NULL,'2011-10-31 01:48:51','2011-10-31 01:48:51'),(137,39,'ItemLine',NULL,270,1,'2011-10-31','2011-10-31',NULL,NULL,37,NULL,'2011-10-31 01:48:51','2011-10-31 01:48:51'),(138,40,'ItemLine',NULL,271,1,'2011-10-31','2011-10-31',NULL,NULL,38,NULL,'2011-10-29 09:41:59','2011-10-29 09:41:59'),(139,40,'ItemLine',NULL,272,1,'2011-10-31','2011-10-31',NULL,NULL,38,NULL,'2011-10-29 09:42:00','2011-10-29 09:42:00'),(140,40,'ItemLine',NULL,273,1,'2011-10-31','2011-10-31',NULL,NULL,38,NULL,'2011-10-29 09:42:00','2011-10-29 09:42:00'),(141,40,'ItemLine',NULL,274,1,'2011-10-31','2011-10-31',NULL,NULL,38,NULL,'2011-10-29 09:42:00','2011-10-29 09:42:00'),(142,40,'ItemLine',NULL,275,1,'2011-10-31','2011-10-31',NULL,NULL,38,NULL,'2011-10-29 09:42:00','2011-10-29 09:42:00'),(143,40,'ItemLine',NULL,275,1,'2011-10-31','2011-10-31',NULL,NULL,38,NULL,'2011-10-29 09:42:00','2011-10-29 09:42:00'),(144,41,'ItemLine',NULL,279,1,'2011-11-01','2011-11-01',NULL,NULL,39,NULL,'2011-11-01 10:51:56','2011-11-01 10:51:56'),(145,41,'ItemLine',NULL,280,1,'2011-11-01','2011-11-01',NULL,NULL,39,NULL,'2011-11-01 10:51:56','2011-11-01 10:51:56'),(146,41,'ItemLine',NULL,281,1,'2011-11-01','2011-11-01',NULL,NULL,39,NULL,'2011-11-01 10:51:56','2011-11-01 10:51:56'),(147,41,'ItemLine',NULL,282,1,'2011-11-01','2011-11-01',NULL,NULL,39,NULL,'2011-11-01 10:51:56','2011-11-01 10:51:56'),(148,42,'ItemLine',NULL,286,1,'2011-11-01','2011-11-01',NULL,NULL,40,NULL,'2011-11-01 10:51:56','2011-11-01 10:51:56'),(149,42,'ItemLine',NULL,287,1,'2011-11-01','2011-11-01',NULL,NULL,40,NULL,'2011-11-01 10:51:56','2011-11-01 10:51:56'),(150,42,'ItemLine',NULL,288,1,'2011-11-01','2011-11-01',NULL,NULL,40,NULL,'2011-11-01 10:51:56','2011-11-01 10:51:56'),(151,43,'ItemLine',NULL,289,1,'2011-11-01','2011-11-01',NULL,NULL,41,NULL,'2011-11-01 10:51:56','2011-11-01 10:51:56'),(152,43,'ItemLine',NULL,290,1,'2011-11-01','2011-11-01',NULL,NULL,41,NULL,'2011-11-01 10:51:56','2011-11-01 10:51:56'),(153,43,'ItemLine',NULL,291,1,'2011-11-01','2011-11-01',NULL,NULL,41,NULL,'2011-11-01 10:51:56','2011-11-01 10:51:56'),(154,43,'ItemLine',NULL,292,1,'2011-11-01','2011-11-01',NULL,NULL,41,NULL,'2011-11-01 10:51:56','2011-11-01 10:51:56'),(155,44,'ItemLine',NULL,293,1,'2011-11-01','2011-11-01',NULL,NULL,42,NULL,'2011-11-01 10:51:56','2011-11-01 10:51:56'),(156,44,'ItemLine',NULL,294,1,'2011-11-01','2011-11-01',NULL,NULL,42,NULL,'2011-11-01 10:51:56','2011-11-01 10:51:56'),(157,44,'ItemLine',NULL,295,1,'2011-11-01','2011-11-01',NULL,NULL,42,NULL,'2011-11-01 10:51:56','2011-11-01 10:51:56'),(158,44,'ItemLine',NULL,296,1,'2011-11-01','2011-11-01',NULL,NULL,42,NULL,'2011-11-01 10:51:56','2011-11-01 10:51:56'),(159,45,'ItemLine',NULL,84,1,'2011-12-08','2011-12-16',NULL,NULL,43,NULL,'2011-11-01 10:51:56','2011-11-01 10:51:56'),(160,46,'ItemLine',NULL,84,1,'2011-12-23','2011-12-26',NULL,NULL,44,NULL,'2011-11-01 10:51:56','2011-11-01 10:51:56'),(161,46,'ItemLine',NULL,84,1,'2011-12-23','2011-12-26',NULL,NULL,44,NULL,'2011-11-01 10:51:56','2011-11-01 10:51:56'),(162,46,'ItemLine',NULL,84,1,'2011-12-23','2011-12-26',NULL,NULL,44,NULL,'2011-11-01 10:51:56','2011-11-01 10:51:56'),(163,46,'ItemLine',NULL,84,1,'2011-12-23','2011-12-26',NULL,NULL,44,NULL,'2011-11-01 10:51:56','2011-11-01 10:51:56'),(164,46,'ItemLine',NULL,84,1,'2011-12-23','2011-12-26',NULL,NULL,44,NULL,'2011-11-01 10:51:56','2011-11-01 10:51:56'),(165,46,'ItemLine',NULL,84,1,'2011-12-23','2011-12-26',NULL,NULL,44,NULL,'2011-11-01 10:51:56','2011-11-01 10:51:56'),(166,47,'ItemLine',NULL,41,1,'2011-11-01','2011-11-01',NULL,NULL,45,NULL,'2011-11-01 10:51:56','2011-11-01 10:51:56'),(167,48,'ItemLine',108,116,1,'2011-10-27','2011-10-31',NULL,NULL,46,NULL,'2011-10-27 00:00:00','2011-10-27 00:00:00');
/*!40000 ALTER TABLE `contract_lines` ENABLE KEYS */;
UNLOCK TABLES;

--
-- Table structure for table `contracts`
--

DROP TABLE IF EXISTS `contracts`;
/*!40101 SET @saved_cs_client     = @@character_set_client */;
/*!40101 SET character_set_client = utf8 */;
CREATE TABLE `contracts` (
  `id` int(11) NOT NULL AUTO_INCREMENT,
  `user_id` int(11) DEFAULT NULL,
  `delegated_user_id` int(11) DEFAULT NULL,
  `inventory_pool_id` int(11) DEFAULT NULL,
  `note` text COLLATE utf8_unicode_ci,
  `handed_over_by_user_id` int(11) DEFAULT NULL,
  `created_at` datetime DEFAULT NULL,
  `updated_at` datetime DEFAULT NULL,
  `status` enum('unsubmitted','submitted','rejected','approved','signed','closed') COLLATE utf8_unicode_ci NOT NULL,
  PRIMARY KEY (`id`),
  KEY `index_contracts_on_inventory_pool_id` (`inventory_pool_id`),
  KEY `index_contracts_on_status` (`status`),
  KEY `index_contracts_on_user_id` (`user_id`)
) ENGINE=InnoDB AUTO_INCREMENT=49 DEFAULT CHARSET=utf8 COLLATE=utf8_unicode_ci;
/*!40101 SET character_set_client = @saved_cs_client */;

--
-- Dumping data for table `contracts`
--

LOCK TABLES `contracts` WRITE;
/*!40000 ALTER TABLE `contracts` DISABLE KEYS */;
INSERT INTO `contracts` VALUES (1,6,NULL,5,NULL,NULL,'2011-11-01 10:51:56','2011-11-01 10:51:56','unsubmitted'),(2,7,NULL,12,NULL,NULL,'2011-11-01 10:51:56','2011-11-01 10:51:56','approved'),(3,8,NULL,1,NULL,NULL,'2011-11-01 10:51:56','2011-11-01 10:51:56','closed'),(4,13,NULL,1,NULL,NULL,'2011-11-01 10:51:56','2011-11-01 10:51:56','approved'),(5,14,NULL,1,NULL,11,'2011-11-01 10:51:56','2011-11-01 10:51:56','signed'),(6,15,NULL,1,NULL,11,'2011-11-01 10:51:56','2011-11-01 10:51:56','signed'),(7,16,NULL,1,NULL,11,'2011-11-01 10:51:56','2011-11-01 10:51:56','signed'),(8,17,NULL,2,NULL,11,'2011-10-27 00:00:00','2011-10-27 00:00:00','signed'),(9,19,NULL,1,NULL,11,'2011-11-01 10:51:56','2011-11-01 10:51:56','closed'),(10,20,NULL,1,NULL,11,'2011-11-01 10:51:56','2011-11-01 10:51:56','closed'),(11,23,21,1,NULL,NULL,'2011-11-01 10:51:56','2011-11-01 10:51:56','submitted'),(12,23,22,1,NULL,NULL,'2011-11-01 10:51:56','2011-11-01 10:51:56','approved'),(13,23,21,1,NULL,11,'2011-11-01 10:51:56','2011-11-01 10:51:56','signed'),(14,23,21,1,NULL,11,'2011-10-27 00:00:00','2011-10-27 00:00:00','signed'),(15,27,NULL,1,NULL,NULL,'2011-11-01 10:51:56','2011-11-01 10:51:56','submitted'),(16,27,NULL,3,NULL,NULL,'2011-11-01 10:51:56','2011-11-01 10:51:56','submitted'),(17,27,NULL,3,NULL,NULL,'2011-11-01 10:51:56','2011-11-01 10:51:56','submitted'),(18,27,NULL,3,NULL,NULL,'2011-11-01 10:51:56','2011-11-01 10:51:56','submitted'),(19,27,NULL,1,NULL,NULL,'2011-11-01 10:51:56','2011-11-01 10:51:56','approved'),(20,27,NULL,1,NULL,NULL,'2011-11-01 10:51:56','2011-11-01 10:51:56','approved'),(21,27,NULL,1,NULL,NULL,'2011-11-01 10:51:56','2011-11-01 10:51:56','approved'),(22,27,NULL,1,NULL,NULL,'2011-11-01 10:51:56','2011-11-01 10:51:56','approved'),(23,27,NULL,1,NULL,NULL,'2011-11-01 10:51:56','2011-11-01 10:51:56','approved'),(24,27,NULL,1,NULL,NULL,'2011-11-01 10:51:56','2011-11-01 10:51:56','approved'),(25,27,NULL,1,NULL,NULL,'2011-11-01 10:51:56','2011-11-01 10:51:56','approved'),(26,27,NULL,1,NULL,11,'2011-11-01 10:51:56','2011-11-01 10:51:56','signed'),(27,27,NULL,1,NULL,11,'2011-11-01 10:51:56','2011-11-01 10:51:56','signed'),(28,27,NULL,2,NULL,11,'2011-11-01 10:51:56','2011-11-01 10:51:56','signed'),(29,27,NULL,2,NULL,11,'2011-11-01 10:51:56','2011-11-01 10:51:56','signed'),(30,27,NULL,2,NULL,11,'2011-11-01 10:51:56','2011-11-01 10:51:56','signed'),(31,27,NULL,1,NULL,11,'2011-11-01 10:51:56','2011-11-01 10:51:56','signed'),(32,28,NULL,1,NULL,NULL,'2011-11-01 10:51:56','2011-11-01 10:51:56','submitted'),(33,28,NULL,1,NULL,NULL,'2011-11-01 10:51:56','2011-11-01 10:51:56','submitted'),(34,28,NULL,1,NULL,NULL,'2011-11-01 10:51:56','2011-11-01 10:51:56','approved'),(35,28,NULL,1,NULL,11,'2011-11-01 10:51:56','2011-11-01 10:51:56','signed'),(36,31,NULL,1,NULL,NULL,'2011-10-26 11:12:26','2011-10-26 11:12:26','submitted'),(37,31,NULL,1,NULL,NULL,'2011-10-26 11:12:26','2011-10-26 11:12:26','approved'),(38,31,NULL,1,NULL,NULL,'2011-10-26 11:12:27','2011-10-26 11:12:27','rejected'),(39,31,NULL,1,NULL,NULL,'2011-10-31 01:48:51','2011-10-31 01:48:51','submitted'),(40,31,NULL,1,NULL,NULL,'2011-10-29 09:41:59','2011-10-29 09:41:59','submitted'),(41,32,NULL,1,NULL,NULL,'2011-11-01 10:51:56','2011-11-01 10:51:56','submitted'),(42,33,NULL,1,NULL,NULL,'2011-11-01 10:51:56','2011-11-01 10:51:56','submitted'),(43,34,NULL,1,NULL,NULL,'2011-11-01 10:51:56','2011-11-01 10:51:56','submitted'),(44,35,NULL,1,NULL,NULL,'2011-11-01 10:51:56','2011-11-01 10:51:56','submitted'),(45,36,NULL,1,NULL,NULL,'2011-11-01 10:51:56','2011-11-01 10:51:56','submitted'),(46,36,NULL,1,NULL,NULL,'2011-11-01 10:51:56','2011-11-01 10:51:56','submitted'),(47,36,NULL,1,NULL,NULL,'2011-11-01 10:51:56','2011-11-01 10:51:56','approved'),(48,36,NULL,1,NULL,11,'2011-10-27 00:00:00','2011-10-27 00:00:00','signed');
/*!40000 ALTER TABLE `contracts` ENABLE KEYS */;
UNLOCK TABLES;

--
-- Table structure for table `database_authentications`
--

DROP TABLE IF EXISTS `database_authentications`;
/*!40101 SET @saved_cs_client     = @@character_set_client */;
/*!40101 SET character_set_client = utf8 */;
CREATE TABLE `database_authentications` (
  `id` int(11) NOT NULL AUTO_INCREMENT,
  `login` varchar(255) COLLATE utf8_unicode_ci DEFAULT NULL,
  `crypted_password` varchar(40) COLLATE utf8_unicode_ci DEFAULT NULL,
  `salt` varchar(40) COLLATE utf8_unicode_ci DEFAULT NULL,
  `user_id` int(11) DEFAULT NULL,
  `created_at` datetime DEFAULT NULL,
  `updated_at` datetime DEFAULT NULL,
  PRIMARY KEY (`id`)
) ENGINE=InnoDB AUTO_INCREMENT=33 DEFAULT CHARSET=utf8 COLLATE=utf8_unicode_ci;
/*!40101 SET character_set_client = @saved_cs_client */;

--
-- Dumping data for table `database_authentications`
--

LOCK TABLES `database_authentications` WRITE;
/*!40000 ALTER TABLE `database_authentications` DISABLE KEYS */;
INSERT INTO `database_authentications` VALUES (1,'gino','41fe4908656586233173c793bdacc537ad384630','a7042aa54197c81c6b608a452715ec0f3cc4f6e0',1,'2011-11-01 10:51:56','2011-11-01 10:51:56'),(2,'ramon','821227f5f68660ad566a48bb09d3c71a7ce724b7','7fdc6152588d034f1f19a7a7ccf22860b86c3cea',2,'2011-11-01 10:51:56','2011-11-01 10:51:56'),(3,'chester_anderson_4106','35eee6673220ae455c8b38b8f109376d9477a4f4','6c86ae800f0bff0ed280b2371588cf2bfedf0a7e',3,'2011-11-01 10:51:56','2011-11-01 10:51:56'),(4,'jacky_3225','2194848dd47ace00bc31d1accd5e62bb45de814d','d56cd1f9b38ba8bb53b938977791f9804ff15b4e',4,'2011-11-01 10:51:56','2011-11-01 10:51:56'),(5,'mckenzie_7961','cceda303c308fa357dd9a8b523118d584d2d46bc','a4cd9fee8e314f589083bd2bd32cff10e437984e',5,'2011-11-01 10:51:56','2011-11-01 10:51:56'),(6,'eleazar.wisoky_6305','d31bded9344daed2e8a0dcdeab0bd7f0eadedc02','63b935b5e441a9773c4470d051632350ac00a07c',6,'2011-11-01 10:51:56','2011-11-01 10:51:56'),(7,'augusta.dubuque_8866','7760c830f41dd36d9e102901c29ebea52a8595b8','dfe35c11d68e11d1c4efab4e1a047353dd5d4c22',7,'2011-11-01 10:51:56','2011-11-01 10:51:56'),(8,'naomi_9020','6df5a8ce7e53a0b6174be9a8cc0658323b178412','6aa262ebd8667c4f8585bc09439c4d7998c2fc99',8,'2011-11-01 10:51:56','2011-11-01 10:51:56'),(9,'matti','eddea5a9922c6b70751aef4d6d4fb6155a47e6eb','5206a34dd56286dc0c971370c1e59f811bea78f6',9,'2011-11-01 10:51:56','2011-11-01 10:51:56'),(10,'mike','2cef2320338f9d2841070f82d19d194fb3cb196a','980a0fdc98e437c98f038ca5494ed3da69476c48',10,'2011-11-01 10:51:56','2011-11-01 10:51:56'),(11,'pius','4089d322f1e2cb2d425088a1c4816c6a22f45ad8','9ccb7ad581bd2525af97e208653ebfc158e112a0',11,'2011-11-01 10:51:56','2011-11-01 10:51:56'),(12,'peter','2597d8c1cb56a5617a80f410514abebdd52e290e','cc2b959d1d07946ee9f0054291791c27abcab5ea',12,'2011-11-01 10:51:56','2011-11-01 10:51:56'),(13,'violette_grant_3460','b59dd307e5ddf2a87668ee7bf2071eee2021cdf6','9f128ebd145398411784d182736b9292dde4ec01',13,'2011-11-01 10:51:56','2011-11-01 10:51:56'),(14,'david_9683','495ee7ad33634a96072d244ef5472cda9977e2c1','de50b8ca265740bb45ce4165c917d08acc50f742',14,'2011-11-01 10:51:56','2011-11-01 10:51:56'),(15,'leone_169','696b723b1cde6539719f90d0a085fba9851401ec','2dc2a8a18fd84316ac3081e82a2126d5c0d7085e',15,'2011-11-01 10:51:56','2011-11-01 10:51:56'),(16,'marcelle_3478','1a2d0aed677d038e6640bb075bf87764977e3d29','540d2bb5784463038887213ee234b585df8de3a0',16,'2011-11-01 10:51:56','2011-11-01 10:51:56'),(17,'janet.blick_995','7324843ae6ce50bc3fde114b4ef9b74ce3bae63d','c39c21710287aaad5085990e35bfc449c4b3e1d7',17,'2011-10-27 00:00:00','2011-10-27 00:00:00'),(18,'violette_1619','a45dd4d56e499d19c44cfe55f4092a7b7d256f00','0d7263a1217319a1266aaebd746583fa4d30b8d8',18,'2011-10-27 00:00:00','2011-10-27 00:00:00'),(19,'jermey_2250','70463828882b9150ee1569e55ea3867dd1298ff6','8678cf5d22313134a7edc6016a6383b1b303038a',19,'2011-11-01 10:51:56','2011-11-01 10:51:56'),(20,'micah_7907','11fdd4ead1a5c72f18385f59de9fa1f4b37157a4','ed262e6d9bf1e44033896cc9ff8b9c56a3f49a56',20,'2011-11-01 10:51:56','2011-11-01 10:51:56'),(21,'mina','5e8d3a70c1eaab6f46ef13a56baf0f5450719b72','9b47a2f8190a25f627c6647fa45131dfb64e75bb',21,'2011-11-01 10:51:56','2011-11-01 10:51:56'),(22,'julie','a4f761cbb864f6e46eef2f96f1f18bc68914bbb8','31800d1cb25209daf6c8cd9a024db663b238e41c',22,'2011-11-01 10:51:56','2011-11-01 10:51:56'),(23,'normin','b485e96a14d4ac6c482c4f440285c9dacecb0733','30fa61169df1fc141589fbe1476487552cad9fa6',27,'2011-11-01 10:51:56','2011-11-01 10:51:56'),(24,'petra','83412ec0c042cec36a6c39c074c0c0d2352455af','ece2e0079344891271ede4a7d6cb8202fafa32da',28,'2011-11-01 10:51:56','2011-11-01 10:51:56'),(25,'andi','3eec714362430db71bd23be895d37ebf54b94315','bd3264130ba25ddde06508ca27cea06bfe0d1acf',29,'2011-11-01 10:51:56','2011-11-01 10:51:56'),(26,'paige.leuschke_5018','08b554a4cde63b42f163d14bb2928ffe7a9ddd11','651b217e874038bf261365045f1d14d955bed544',30,'2011-11-01 10:51:56','2011-11-01 10:51:56'),(27,'austen_408','043a896715cc249e8e5239278fba5ab8d388e84f','68e468c6e52e6c864eec6b048e219d41c4cfe0aa',31,'2011-11-01 10:51:56','2011-11-01 10:51:56'),(28,'abigail_kemmer_493','378f2e466b7bef742e48838a9efb101b27cada28','ea9efa49cda111050a42b0b804e0aaae62af57a7',32,'2011-11-01 10:51:56','2011-11-01 10:51:56'),(29,'eryn_7517','3548608be153ccfcff0dddf8f00ac3a6df69682d','a027303f49a3002daa114b7047f16e057bdff3ee',33,'2011-11-01 10:51:56','2011-11-01 10:51:56'),(30,'audie_heathcote_2033','91d333e79ef8ed8dd2a75635b41a95b94c02a20a','f4a2ae8758c6ce9f175bfd21525aa2138afa0567',34,'2011-11-01 10:51:56','2011-11-01 10:51:56'),(31,'ansel_9165','9dbc23c3e85d19ce894ce0b0bf6bbf94e37c3781','3cd506f8b00994f31eb866a2fba97443b2007268',35,'2011-11-01 10:51:56','2011-11-01 10:51:56'),(32,'lisa','e0622bab49fda1aa95224c2a3745bb6a125f02ff','c64984cd889b39b4fc177a98b8d5fa8b1def1d7c',36,'2011-11-01 10:51:56','2011-11-01 10:51:56');
/*!40000 ALTER TABLE `database_authentications` ENABLE KEYS */;
UNLOCK TABLES;

--
-- Table structure for table `delegations_users`
--

DROP TABLE IF EXISTS `delegations_users`;
/*!40101 SET @saved_cs_client     = @@character_set_client */;
/*!40101 SET character_set_client = utf8 */;
CREATE TABLE `delegations_users` (
  `delegation_id` int(11) DEFAULT NULL,
  `user_id` int(11) DEFAULT NULL,
  UNIQUE KEY `index_delegations_users_on_user_id_and_delegation_id` (`user_id`,`delegation_id`),
  KEY `index_delegations_users_on_delegation_id` (`delegation_id`)
) ENGINE=InnoDB DEFAULT CHARSET=utf8 COLLATE=utf8_unicode_ci;
/*!40101 SET character_set_client = @saved_cs_client */;

--
-- Dumping data for table `delegations_users`
--

LOCK TABLES `delegations_users` WRITE;
/*!40000 ALTER TABLE `delegations_users` DISABLE KEYS */;
INSERT INTO `delegations_users` VALUES (23,21),(24,21),(25,21),(26,21),(23,22),(24,22),(25,22),(26,22);
/*!40000 ALTER TABLE `delegations_users` ENABLE KEYS */;
UNLOCK TABLES;

--
-- Table structure for table `groups`
--

DROP TABLE IF EXISTS `groups`;
/*!40101 SET @saved_cs_client     = @@character_set_client */;
/*!40101 SET character_set_client = utf8 */;
CREATE TABLE `groups` (
  `id` int(11) NOT NULL AUTO_INCREMENT,
  `name` varchar(255) COLLATE utf8_unicode_ci DEFAULT NULL,
  `inventory_pool_id` int(11) DEFAULT NULL,
  `is_verification_required` tinyint(1) DEFAULT '0',
  `created_at` datetime DEFAULT NULL,
  `updated_at` datetime DEFAULT NULL,
  PRIMARY KEY (`id`),
  KEY `index_groups_on_inventory_pool_id` (`inventory_pool_id`),
  KEY `index_groups_on_is_verification_required` (`is_verification_required`)
) ENGINE=InnoDB AUTO_INCREMENT=10 DEFAULT CHARSET=utf8 COLLATE=utf8_unicode_ci;
/*!40101 SET character_set_client = @saved_cs_client */;

--
-- Dumping data for table `groups`
--

LOCK TABLES `groups` WRITE;
/*!40000 ALTER TABLE `groups` DISABLE KEYS */;
INSERT INTO `groups` VALUES (1,'Cast',1,0,'2011-11-01 10:51:56','2011-11-01 10:51:56'),(2,'IAD',1,0,'2011-11-01 10:51:56','2011-11-01 10:51:56'),(3,'Wu',1,0,'2011-11-01 10:51:56','2011-11-01 10:51:56'),(4,'Group Hifi',1,0,'2011-11-01 10:51:56','2011-11-01 10:51:56'),(5,'Group A',1,0,'2011-11-01 10:51:56','2011-11-01 10:51:56'),(6,'Group B',1,0,'2011-11-01 10:51:56','2011-11-01 10:51:56'),(7,'FFI',1,1,'2011-11-01 10:51:56','2011-11-01 10:51:56'),(8,'VTO',1,1,'2011-11-01 10:51:56','2011-11-01 10:51:56'),(9,'1. Semester',2,1,'2011-11-01 10:51:56','2011-11-01 10:51:56');
/*!40000 ALTER TABLE `groups` ENABLE KEYS */;
UNLOCK TABLES;

--
-- Table structure for table `groups_users`
--

DROP TABLE IF EXISTS `groups_users`;
/*!40101 SET @saved_cs_client     = @@character_set_client */;
/*!40101 SET character_set_client = utf8 */;
CREATE TABLE `groups_users` (
  `user_id` int(11) DEFAULT NULL,
  `group_id` int(11) DEFAULT NULL,
  UNIQUE KEY `index_groups_users_on_user_id_and_group_id` (`user_id`,`group_id`),
  KEY `index_groups_users_on_group_id` (`group_id`)
) ENGINE=InnoDB DEFAULT CHARSET=utf8 COLLATE=utf8_unicode_ci;
/*!40101 SET character_set_client = @saved_cs_client */;

--
-- Dumping data for table `groups_users`
--

LOCK TABLES `groups_users` WRITE;
/*!40000 ALTER TABLE `groups_users` DISABLE KEYS */;
INSERT INTO `groups_users` VALUES (27,1),(31,7),(31,8),(32,7),(33,7),(33,8),(34,7),(34,9),(35,7),(36,1);
/*!40000 ALTER TABLE `groups_users` ENABLE KEYS */;
UNLOCK TABLES;

--
-- Table structure for table `histories`
--

DROP TABLE IF EXISTS `histories`;
/*!40101 SET @saved_cs_client     = @@character_set_client */;
/*!40101 SET character_set_client = utf8 */;
CREATE TABLE `histories` (
  `id` int(11) NOT NULL AUTO_INCREMENT,
  `text` varchar(255) COLLATE utf8_unicode_ci DEFAULT '',
  `type_const` int(11) DEFAULT NULL,
  `created_at` datetime NOT NULL,
  `target_id` int(11) NOT NULL,
  `target_type` varchar(255) COLLATE utf8_unicode_ci NOT NULL,
  `user_id` int(11) DEFAULT NULL,
  PRIMARY KEY (`id`),
  KEY `index_histories_on_target_type_and_target_id` (`target_type`,`target_id`),
  KEY `index_histories_on_type_const` (`type_const`),
  KEY `index_histories_on_user_id` (`user_id`)
) ENGINE=InnoDB AUTO_INCREMENT=17 DEFAULT CHARSET=utf8 COLLATE=utf8_unicode_ci;
/*!40101 SET character_set_client = @saved_cs_client */;

--
-- Dumping data for table `histories`
--

LOCK TABLES `histories` WRITE;
/*!40000 ALTER TABLE `histories` DISABLE KEYS */;
INSERT INTO `histories` VALUES (1,'Contract 5 has been signed by Melyna Blanda',1,'2011-11-01 10:51:56',5,'Contract',11),(2,'Contract 6 has been signed by Colton Treutel',1,'2011-11-01 10:51:56',6,'Contract',11),(3,'Contract 7 has been signed by Cordelia Hand',1,'2011-11-01 10:51:56',7,'Contract',11),(4,'Contract 8 has been signed by Halie Spinka',1,'2011-10-27 00:00:00',8,'Contract',11),(5,'Contract 9 has been signed by Garett Schamberger',1,'2011-11-01 10:51:56',9,'Contract',11),(6,'Contract 10 has been signed by Moriah Kuhic',1,'2011-11-01 10:51:56',10,'Contract',11),(7,'Contract 13 has been signed by Molestiae et nostrum velit est sed.',1,'2011-11-01 10:51:56',13,'Contract',11),(8,'Contract 14 has been signed by Molestiae et nostrum velit est sed.',1,'2011-10-27 00:00:00',14,'Contract',11),(9,'Contract 26 has been signed by Normin N.',1,'2011-11-01 10:51:56',26,'Contract',11),(10,'Contract 27 has been signed by Normin N.',1,'2011-11-01 10:51:56',27,'Contract',11),(11,'Contract 28 has been signed by Normin N.',1,'2011-11-01 10:51:56',28,'Contract',11),(12,'Contract 29 has been signed by Normin N.',1,'2011-11-01 10:51:56',29,'Contract',11),(13,'Contract 30 has been signed by Normin N.',1,'2011-11-01 10:51:56',30,'Contract',11),(14,'Contract 31 has been signed by Normin N.',1,'2011-11-01 10:51:56',31,'Contract',11),(15,'Contract 35 has been signed by Petra K.',1,'2011-11-01 10:51:56',35,'Contract',11),(16,'Contract 48 has been signed by Lisa L.',1,'2011-10-27 00:00:00',48,'Contract',11);
/*!40000 ALTER TABLE `histories` ENABLE KEYS */;
UNLOCK TABLES;

--
-- Table structure for table `holidays`
--

DROP TABLE IF EXISTS `holidays`;
/*!40101 SET @saved_cs_client     = @@character_set_client */;
/*!40101 SET character_set_client = utf8 */;
CREATE TABLE `holidays` (
  `id` int(11) NOT NULL AUTO_INCREMENT,
  `inventory_pool_id` int(11) DEFAULT NULL,
  `start_date` date DEFAULT NULL,
  `end_date` date DEFAULT NULL,
  `name` varchar(255) COLLATE utf8_unicode_ci DEFAULT NULL,
  PRIMARY KEY (`id`),
  KEY `index_holidays_on_inventory_pool_id` (`inventory_pool_id`),
  KEY `index_holidays_on_start_date_and_end_date` (`start_date`,`end_date`)
) ENGINE=InnoDB AUTO_INCREMENT=5 DEFAULT CHARSET=utf8 COLLATE=utf8_unicode_ci;
/*!40101 SET character_set_client = @saved_cs_client */;

--
-- Dumping data for table `holidays`
--

LOCK TABLES `holidays` WRITE;
/*!40000 ALTER TABLE `holidays` DISABLE KEYS */;
INSERT INTO `holidays` VALUES (1,1,'2011-12-24','2011-12-24','Christmas'),(2,2,'2011-12-24','2011-12-24','Christmas'),(3,3,'2011-12-24','2011-12-24','Christmas'),(4,1,'2011-12-24','2011-12-24','Christmas');
/*!40000 ALTER TABLE `holidays` ENABLE KEYS */;
UNLOCK TABLES;

--
-- Table structure for table `images`
--

DROP TABLE IF EXISTS `images`;
/*!40101 SET @saved_cs_client     = @@character_set_client */;
/*!40101 SET character_set_client = utf8 */;
CREATE TABLE `images` (
  `id` int(11) NOT NULL AUTO_INCREMENT,
  `is_main` tinyint(1) DEFAULT '0',
  `content_type` varchar(255) COLLATE utf8_unicode_ci DEFAULT NULL,
  `filename` varchar(255) COLLATE utf8_unicode_ci DEFAULT NULL,
  `size` int(11) DEFAULT NULL,
  `height` int(11) DEFAULT NULL,
  `width` int(11) DEFAULT NULL,
  `parent_id` int(11) DEFAULT NULL,
  `thumbnail` varchar(255) COLLATE utf8_unicode_ci DEFAULT NULL,
  `target_id` int(11) DEFAULT NULL,
  `target_type` varchar(255) COLLATE utf8_unicode_ci DEFAULT NULL,
  PRIMARY KEY (`id`),
  KEY `index_images_on_target_id_and_target_type` (`target_id`,`target_type`)
) ENGINE=InnoDB AUTO_INCREMENT=5 DEFAULT CHARSET=utf8 COLLATE=utf8_unicode_ci;
/*!40101 SET character_set_client = @saved_cs_client */;

--
-- Dumping data for table `images`
--

LOCK TABLES `images` WRITE;
/*!40000 ALTER TABLE `images` DISABLE KEYS */;
INSERT INTO `images` VALUES (1,0,'image/jpeg','aut',NULL,NULL,NULL,NULL,NULL,1,'ModelGroup'),(2,0,'image/jpeg','odit',NULL,NULL,NULL,NULL,NULL,153,'Model'),(3,0,'image/jpeg','fugiat',NULL,NULL,NULL,NULL,NULL,153,'Model'),(4,0,'image/jpeg','earum',NULL,NULL,NULL,NULL,NULL,154,'Model');
/*!40000 ALTER TABLE `images` ENABLE KEYS */;
UNLOCK TABLES;

--
-- Table structure for table `inventory_pools`
--

DROP TABLE IF EXISTS `inventory_pools`;
/*!40101 SET @saved_cs_client     = @@character_set_client */;
/*!40101 SET character_set_client = utf8 */;
CREATE TABLE `inventory_pools` (
  `id` int(11) NOT NULL AUTO_INCREMENT,
  `name` varchar(255) COLLATE utf8_unicode_ci DEFAULT NULL,
  `description` text COLLATE utf8_unicode_ci,
  `contact_details` varchar(255) COLLATE utf8_unicode_ci DEFAULT NULL,
  `contract_description` varchar(255) COLLATE utf8_unicode_ci DEFAULT NULL,
  `contract_url` varchar(255) COLLATE utf8_unicode_ci DEFAULT NULL,
  `logo_url` varchar(255) COLLATE utf8_unicode_ci DEFAULT NULL,
  `default_contract_note` text COLLATE utf8_unicode_ci,
  `shortname` varchar(255) COLLATE utf8_unicode_ci DEFAULT NULL,
  `email` varchar(255) COLLATE utf8_unicode_ci DEFAULT NULL,
  `color` text COLLATE utf8_unicode_ci,
  `print_contracts` tinyint(1) DEFAULT '1',
  `opening_hours` text COLLATE utf8_unicode_ci,
  `address_id` int(11) DEFAULT NULL,
  `automatic_suspension` tinyint(1) NOT NULL DEFAULT '0',
  `automatic_suspension_reason` text COLLATE utf8_unicode_ci,
  `automatic_access` tinyint(1) DEFAULT NULL,
  PRIMARY KEY (`id`),
  UNIQUE KEY `index_inventory_pools_on_name` (`name`)
) ENGINE=InnoDB AUTO_INCREMENT=16 DEFAULT CHARSET=utf8 COLLATE=utf8_unicode_ci;
/*!40101 SET character_set_client = @saved_cs_client */;

--
-- Dumping data for table `inventory_pools`
--

LOCK TABLES `inventory_pools` WRITE;
/*!40000 ALTER TABLE `inventory_pools` DISABLE KEYS */;
INSERT INTO `inventory_pools` VALUES (1,'A-Ausleihe','Wichtige Hinweise...\n Bitte die Gegenstnde rechtzeitig zurckbringen','A Verleih  /  ZHdK\nav@zh-dk.ch\n+41 00 00 00 00','Gert erhalten','av@zhdk.ch',NULL,'Fuga sunt rerum est eos saepe qui et consequatur.','A','av@zhdk.ch',NULL,1,NULL,NULL,1,'Deleniti odio commodi sed eius nulla id voluptate.',NULL),(2,'IT-Ausleihe','Bringt die Gerte bitte rechtzeitig zurck','IT Verleih  /  ZHdK\nav@zh-dk.ch\n+41 00 00 00 00','Gert erhalten','it@zhdk.ch',NULL,NULL,'IT','it@zhdk.ch',NULL,1,NULL,NULL,1,'Voluptates qui rem autem quae quo harum at impedit.',NULL),(3,'AV-Technik','Bringt die Gerte bitte rechtzeitig zurck','AV Verleih  /  ZHdK\nav@zh-dk.ch\n+41 00 00 00 00','Gert erhalten','it@zhdk.ch',NULL,NULL,'AV','it@zhdk.ch',NULL,1,NULL,NULL,0,NULL,NULL),(4,'DT deletable','Bringt die Gerte bitte rechtzeitig zurck','AV Verleih  /  ZHdK\nav@zh-dk.ch\n+41 00 00 00 00','Gert erhalten','it@zhdk.ch',NULL,NULL,'DT','it@zhdk.ch',NULL,1,NULL,NULL,0,NULL,NULL),(5,'Vitaererumrepellatqui','Laboriosam consequatur est mollitia tempora ut perspiciatis illum iste.','Fugiat excepturi ut nemo totam ducimus qui.','Vitaererumrepellatqui','bill@satterfield.name',NULL,NULL,'TPPVSS','bill@satterfield.name',NULL,1,NULL,NULL,0,NULL,NULL),(6,'Optiovoluptatibusutmodi','Vero ut et explicabo molestiae rem.','Hic dolorem et blanditiis illum voluptates dolor.','Optiovoluptatibusutmodi','selmer_parker@king.info',NULL,NULL,'F3TEKX','selmer_parker@king.info',NULL,1,NULL,NULL,0,NULL,NULL),(7,'Natusquialiquidprovident','Omnis atque quam ducimus perspiciatis est illum qui.','Non doloremque quod autem sit mollitia placeat.','Natusquialiquidprovident','tina@cain.name',NULL,NULL,'NU25IN','tina@cain.name',NULL,1,NULL,NULL,0,NULL,NULL),(8,'Quiseddignissimosipsa','Ut repellat officia quod officiis.','Porro veritatis perspiciatis alias impedit culpa harum.','Quiseddignissimosipsa','ewald_hirthe@sporer.name',NULL,NULL,'2NJ0IT','ewald_hirthe@sporer.name',NULL,1,NULL,NULL,0,NULL,NULL),(9,'Architectoaperiamoccaecatiet','Qui ea eos cum veniam.','Voluptas nostrum nam est nihil velit.','Architectoaperiamoccaecatiet','andre.reinger@robelgleichner.com',NULL,NULL,'1N7K7X','andre.reinger@robelgleichner.com',NULL,1,NULL,NULL,0,NULL,NULL),(10,'Laborumconsecteturestomnis','Deleniti fugiat et porro recusandae et tempore dicta.','Odit illum quia enim ducimus facere ut.','Laborumconsecteturestomnis','andre_konopelski@homenick.co.uk',NULL,NULL,'ERJBC3','andre_konopelski@homenick.co.uk',NULL,1,NULL,NULL,0,NULL,NULL),(11,'Doloribusfugitvoluptatemdignissimos','Omnis sed blanditiis sit aliquid.','Ducimus accusantium excepturi quis cum eius ea eum.','Doloribusfugitvoluptatemdignissimos','cleo@aufderhar.com',NULL,NULL,'JWAXV8','cleo@aufderhar.com',NULL,1,NULL,NULL,0,NULL,NULL),(12,'Exarchitectosedvel','Velit rerum omnis et a possimus.','Quia quo id eos aperiam qui error laudantium.','Exarchitectosedvel','makenzie@kub.co.uk',NULL,NULL,'N6H7SG','makenzie@kub.co.uk',NULL,1,NULL,NULL,0,NULL,NULL),(13,'Possimusquaerattemporesuscipit','Adipisci aut error ex ut sed necessitatibus sit.','Accusantium sunt sint et velit.','Possimusquaerattemporesuscipit','alexie@shanahanmcdermott.info',NULL,NULL,'O8A0WV','alexie@shanahanmcdermott.info',NULL,1,NULL,NULL,0,NULL,NULL),(14,'Delectussapienteullamerror','Voluptate repellendus maiores dolorem earum sint sit voluptas voluptatem.','Minus nam et est.','Delectussapienteullamerror','enola_gutmann@jones.co.uk',NULL,NULL,'9FLVKN','enola_gutmann@jones.co.uk',NULL,1,NULL,NULL,0,NULL,NULL),(15,'Doloreslaudantiummaioresratione','Voluptatem at nulla dolor voluptatem aspernatur facere.','Cumque commodi dolores sit.','Doloreslaudantiummaioresratione','clovis@schuppe.name',NULL,NULL,'G6D05I','clovis@schuppe.name',NULL,1,NULL,NULL,0,NULL,NULL);
/*!40000 ALTER TABLE `inventory_pools` ENABLE KEYS */;
UNLOCK TABLES;

--
-- Table structure for table `inventory_pools_model_groups`
--

DROP TABLE IF EXISTS `inventory_pools_model_groups`;
/*!40101 SET @saved_cs_client     = @@character_set_client */;
/*!40101 SET character_set_client = utf8 */;
CREATE TABLE `inventory_pools_model_groups` (
  `inventory_pool_id` int(11) DEFAULT NULL,
  `model_group_id` int(11) DEFAULT NULL,
  KEY `index_inventory_pools_model_groups_on_inventory_pool_id` (`inventory_pool_id`),
  KEY `index_inventory_pools_model_groups_on_model_group_id` (`model_group_id`)
) ENGINE=InnoDB DEFAULT CHARSET=utf8 COLLATE=utf8_unicode_ci;
/*!40101 SET character_set_client = @saved_cs_client */;

--
-- Dumping data for table `inventory_pools_model_groups`
--

LOCK TABLES `inventory_pools_model_groups` WRITE;
/*!40000 ALTER TABLE `inventory_pools_model_groups` DISABLE KEYS */;
INSERT INTO `inventory_pools_model_groups` VALUES (1,12),(1,13),(1,14);
/*!40000 ALTER TABLE `inventory_pools_model_groups` ENABLE KEYS */;
UNLOCK TABLES;

--
-- Table structure for table `items`
--

DROP TABLE IF EXISTS `items`;
/*!40101 SET @saved_cs_client     = @@character_set_client */;
/*!40101 SET character_set_client = utf8 */;
CREATE TABLE `items` (
  `id` int(11) NOT NULL AUTO_INCREMENT,
  `inventory_code` varchar(255) COLLATE utf8_unicode_ci DEFAULT NULL,
  `serial_number` varchar(255) COLLATE utf8_unicode_ci DEFAULT NULL,
  `model_id` int(11) DEFAULT NULL,
  `location_id` int(11) DEFAULT NULL,
  `supplier_id` int(11) DEFAULT NULL,
  `owner_id` int(11) NOT NULL,
  `parent_id` int(11) DEFAULT NULL,
  `invoice_number` varchar(255) COLLATE utf8_unicode_ci DEFAULT NULL,
  `invoice_date` date DEFAULT NULL,
  `last_check` date DEFAULT NULL,
  `retired` date DEFAULT NULL,
  `retired_reason` varchar(255) COLLATE utf8_unicode_ci DEFAULT NULL,
  `price` decimal(8,2) DEFAULT NULL,
  `is_broken` tinyint(1) DEFAULT '0',
  `is_incomplete` tinyint(1) DEFAULT '0',
  `is_borrowable` tinyint(1) DEFAULT '0',
  `needs_permission` tinyint(1) DEFAULT '0',
  `inventory_pool_id` int(11) NOT NULL,
  `is_inventory_relevant` tinyint(1) DEFAULT '0',
  `responsible` varchar(255) COLLATE utf8_unicode_ci DEFAULT NULL,
  `insurance_number` varchar(255) COLLATE utf8_unicode_ci DEFAULT NULL,
  `note` text COLLATE utf8_unicode_ci,
  `name` text COLLATE utf8_unicode_ci,
  `user_name` varchar(255) COLLATE utf8_unicode_ci DEFAULT NULL,
  `properties` varchar(2048) COLLATE utf8_unicode_ci DEFAULT NULL,
  `created_at` datetime DEFAULT NULL,
  `updated_at` datetime DEFAULT NULL,
  PRIMARY KEY (`id`),
  UNIQUE KEY `index_items_on_inventory_code` (`inventory_code`),
  KEY `index_items_on_inventory_pool_id` (`inventory_pool_id`),
  KEY `index_items_on_retired` (`retired`),
  KEY `index_items_on_is_borrowable` (`is_borrowable`),
  KEY `index_items_on_is_broken` (`is_broken`),
  KEY `index_items_on_is_incomplete` (`is_incomplete`),
  KEY `index_items_on_location_id` (`location_id`),
  KEY `index_items_on_owner_id` (`owner_id`),
  KEY `index_items_on_parent_id_and_retired` (`parent_id`,`retired`),
  KEY `index_items_on_model_id_and_retired_and_inventory_pool_id` (`model_id`,`retired`,`inventory_pool_id`)
) ENGINE=InnoDB AUTO_INCREMENT=278 DEFAULT CHARSET=utf8 COLLATE=utf8_unicode_ci;
/*!40101 SET character_set_client = @saved_cs_client */;

--
-- Dumping data for table `items`
--

LOCK TABLES `items` WRITE;
/*!40000 ALTER TABLE `items` DISABLE KEYS */;
INSERT INTO `items` VALUES (1,'zmlhn8eixf3k7pwrwazl1','1e:12:fd:0a:3d:83-32:05:f3:01:12:91-46:83:22:62:09:d5',1,1,1,6,NULL,NULL,'2010-01-02','2011-11-01',NULL,NULL,102.00,0,0,1,0,5,1,NULL,NULL,NULL,NULL,NULL,'--- !ruby/hash:ActiveSupport::HashWithIndifferentAccess\nanschaffungskategorie: AV-Technik\nreference: invoice\numzug: zgeln\nankunftszustand: intakt\n','2011-11-01 10:51:56','2011-11-01 10:51:56'),(2,'i4kuthc394kxanemf74u2','db:5b:ae:e1:41:2f-53:60:85:69:07:4c-e1:91:e9:0e:61:49',1,2,2,7,NULL,NULL,'2008-06-01','2011-11-01',NULL,NULL,582.00,0,0,1,0,5,1,NULL,NULL,NULL,NULL,NULL,'--- !ruby/hash:ActiveSupport::HashWithIndifferentAccess\nanschaffungskategorie: AV-Technik\nreference: invoice\numzug: zgeln\nankunftszustand: intakt\n','2011-11-01 10:51:56','2011-11-01 10:51:56'),(3,'q9jwv7vveo7ennv0nv433','4e:71:ff:6f:4c:12-3e:dd:d5:67:33:59-3f:a0:8e:56:43:34',1,3,3,8,NULL,NULL,'2010-02-23','2011-11-01',NULL,NULL,1448.00,0,0,1,0,5,1,NULL,NULL,NULL,NULL,NULL,'--- !ruby/hash:ActiveSupport::HashWithIndifferentAccess\nanschaffungskategorie: AV-Technik\nreference: invoice\numzug: zgeln\nankunftszustand: intakt\n','2011-11-01 10:51:56','2011-11-01 10:51:56'),(4,'0rl9yuy89kweviijmwb14','10:f0:dd:c0:18:91-24:a5:d4:79:0f:5a-70:ef:b1:1b:eb:ad',5,4,4,4,NULL,NULL,'2010-06-18','2011-11-01',NULL,NULL,995.00,0,0,1,0,5,1,NULL,NULL,NULL,NULL,NULL,'--- !ruby/hash:ActiveSupport::HashWithIndifferentAccess\nanschaffungskategorie: AV-Technik\nreference: invoice\numzug: zgeln\nankunftszustand: intakt\n','2011-11-01 10:51:56','2011-11-01 10:51:56'),(5,'7ks8czz56uss1pjmnndh5','8a:f1:bc:70:a0:76-e3:42:54:7f:c3:39-c6:63:90:66:d9:11',5,5,5,7,NULL,NULL,'2006-10-07','2011-11-01',NULL,NULL,10.00,0,0,1,0,5,1,NULL,NULL,NULL,NULL,NULL,'--- !ruby/hash:ActiveSupport::HashWithIndifferentAccess\nanschaffungskategorie: AV-Technik\nreference: invoice\numzug: zgeln\nankunftszustand: intakt\n','2011-11-01 10:51:56','2011-11-01 10:51:56'),(6,'e9puigbj5wy3041wqnd96','47:92:7c:b0:d4:79-31:9e:47:80:9c:92-bf:d0:27:aa:63:04',5,6,6,2,NULL,NULL,'2009-05-13','2011-11-01',NULL,NULL,1418.00,0,0,1,0,5,1,NULL,NULL,NULL,NULL,NULL,'--- !ruby/hash:ActiveSupport::HashWithIndifferentAccess\nanschaffungskategorie: AV-Technik\nreference: invoice\numzug: zgeln\nankunftszustand: intakt\n','2011-11-01 10:51:56','2011-11-01 10:51:56'),(7,'27p5ymwx3rmcvyvcvwxx7','3a:26:79:d7:eb:bb-a6:28:5d:5c:3a:e5-41:ea:db:ac:44:c6',9,7,7,4,NULL,NULL,'2007-04-23','2011-11-01',NULL,NULL,119.00,0,0,1,0,5,1,NULL,NULL,NULL,NULL,NULL,'--- !ruby/hash:ActiveSupport::HashWithIndifferentAccess\nanschaffungskategorie: AV-Technik\nreference: invoice\numzug: zgeln\nankunftszustand: intakt\n','2011-11-01 10:51:56','2011-11-01 10:51:56'),(8,'8pos9ld1zem8g69ksj3q8','c7:86:0d:70:c8:14-3f:c9:36:74:25:2b-40:99:81:28:42:4b',9,8,8,9,NULL,NULL,'2006-08-05','2011-11-01',NULL,NULL,1302.00,0,0,1,0,5,1,NULL,NULL,NULL,NULL,NULL,'--- !ruby/hash:ActiveSupport::HashWithIndifferentAccess\nanschaffungskategorie: AV-Technik\nreference: invoice\numzug: zgeln\nankunftszustand: intakt\n','2011-11-01 10:51:56','2011-11-01 10:51:56'),(9,'x0dkqw2viybstzb424s99','9f:be:12:44:4d:91-7a:24:c0:82:bb:eb-d3:1f:39:4b:b3:96',9,9,9,10,NULL,NULL,'2008-04-03','2011-11-01',NULL,NULL,824.00,0,0,1,0,5,1,NULL,NULL,NULL,NULL,NULL,'--- !ruby/hash:ActiveSupport::HashWithIndifferentAccess\nanschaffungskategorie: AV-Technik\nreference: invoice\numzug: zgeln\nankunftszustand: intakt\n','2011-11-01 10:51:56','2011-11-01 10:51:56'),(10,'tshdul7g52keq1pc5jqb10','76:71:b8:e3:7d:c3-dd:5b:5e:4f:d5:6a-a1:cf:92:70:60:63',13,10,10,5,NULL,NULL,'2007-11-09','2011-11-01',NULL,NULL,1048.00,0,0,1,0,5,1,NULL,NULL,NULL,NULL,NULL,'--- !ruby/hash:ActiveSupport::HashWithIndifferentAccess\nanschaffungskategorie: AV-Technik\nreference: invoice\numzug: zgeln\nankunftszustand: intakt\n','2011-11-01 10:51:56','2011-11-01 10:51:56'),(11,'ebp2adzguldly08c14j611','70:9e:ab:4c:d8:4c-f2:33:f0:5f:fb:a6-b0:d8:48:d9:30:77',13,11,11,7,NULL,NULL,'2010-07-28','2011-11-01',NULL,NULL,326.00,0,0,1,0,5,1,NULL,NULL,NULL,NULL,NULL,'--- !ruby/hash:ActiveSupport::HashWithIndifferentAccess\nanschaffungskategorie: AV-Technik\nreference: invoice\numzug: zgeln\nankunftszustand: intakt\n','2011-11-01 10:51:56','2011-11-01 10:51:56'),(12,'ripvjjz0ecejvwcqlclb12','01:28:6d:24:92:b1-5c:7d:72:06:b9:49-b4:b3:25:64:36:48',13,12,12,11,NULL,NULL,'2009-04-03','2011-11-01',NULL,NULL,777.00,0,0,1,0,5,1,NULL,NULL,NULL,NULL,NULL,'--- !ruby/hash:ActiveSupport::HashWithIndifferentAccess\nanschaffungskategorie: AV-Technik\nreference: invoice\numzug: zgeln\nankunftszustand: intakt\n','2011-11-01 10:51:56','2011-11-01 10:51:56'),(13,'p8mkmhq706b04tyuns0q13','f4:0e:0e:9b:66:a5-8c:0b:76:c9:3c:89-db:1c:46:b3:29:e6',17,13,13,2,NULL,NULL,'2006-06-24','2011-11-01',NULL,NULL,1119.00,0,0,1,0,5,1,NULL,NULL,NULL,NULL,NULL,'--- !ruby/hash:ActiveSupport::HashWithIndifferentAccess\nanschaffungskategorie: AV-Technik\nreference: invoice\numzug: zgeln\nankunftszustand: intakt\n','2011-11-01 10:51:56','2011-11-01 10:51:56'),(14,'its2lh9uapyjr598d0i614','16:9f:ef:07:da:45-51:ad:39:ed:2f:a4-91:34:12:9f:75:51',17,14,14,11,NULL,NULL,'2008-12-30','2011-11-01',NULL,NULL,1289.00,0,0,1,0,5,1,NULL,NULL,NULL,NULL,NULL,'--- !ruby/hash:ActiveSupport::HashWithIndifferentAccess\nanschaffungskategorie: AV-Technik\nreference: invoice\numzug: zgeln\nankunftszustand: intakt\n','2011-11-01 10:51:56','2011-11-01 10:51:56'),(15,'tdekdmfrtt8phsbh20uw15','89:09:ad:14:18:54-9d:2b:23:b3:d7:04-3b:d9:3f:14:18:0f',17,15,15,7,NULL,NULL,'2006-09-25','2011-11-01',NULL,NULL,22.00,0,0,1,0,5,1,NULL,NULL,NULL,NULL,NULL,'--- !ruby/hash:ActiveSupport::HashWithIndifferentAccess\nanschaffungskategorie: AV-Technik\nreference: invoice\numzug: zgeln\nankunftszustand: intakt\n','2011-11-01 10:51:56','2011-11-01 10:51:56'),(16,'q60jylvd2dbif7fed7c416','50:f8:c6:f0:68:3c-8c:46:52:c7:94:7e-e4:62:95:ef:8e:f3',21,16,16,7,NULL,NULL,'2010-06-19','2011-11-01',NULL,NULL,87.00,0,0,1,0,5,1,NULL,NULL,NULL,NULL,NULL,'--- !ruby/hash:ActiveSupport::HashWithIndifferentAccess\nanschaffungskategorie: AV-Technik\nreference: invoice\numzug: zgeln\nankunftszustand: intakt\n','2011-11-01 10:51:56','2011-11-01 10:51:56'),(17,'ug3zva013khyew2h34p217','13:31:e9:c3:17:9d-6a:e6:7d:20:40:c0-e7:f2:e2:49:8d:d5',21,17,17,10,NULL,NULL,'2009-07-25','2011-11-01',NULL,NULL,560.00,0,0,1,0,5,1,NULL,NULL,NULL,NULL,NULL,'--- !ruby/hash:ActiveSupport::HashWithIndifferentAccess\nanschaffungskategorie: AV-Technik\nreference: invoice\numzug: zgeln\nankunftszustand: intakt\n','2011-11-01 10:51:56','2011-11-01 10:51:56'),(18,'odqod9ebioj21jgpy0fn18','fa:e7:23:73:f2:aa-15:b5:0b:46:8a:83-6f:d1:76:62:aa:d8',21,18,18,5,NULL,NULL,'2008-11-18','2011-11-01',NULL,NULL,668.00,0,0,1,0,5,1,NULL,NULL,NULL,NULL,NULL,'--- !ruby/hash:ActiveSupport::HashWithIndifferentAccess\nanschaffungskategorie: AV-Technik\nreference: invoice\numzug: zgeln\nankunftszustand: intakt\n','2011-11-01 10:51:56','2011-11-01 10:51:56'),(19,'g3g79hqxhumt92w4t9wx19','6f:4b:c1:19:52:6a-c9:9b:92:36:ab:28-67:98:bf:2b:53:a9',25,19,19,1,NULL,NULL,'2007-11-15','2011-11-01',NULL,NULL,24.00,0,0,1,0,12,1,NULL,NULL,NULL,NULL,NULL,'--- !ruby/hash:ActiveSupport::HashWithIndifferentAccess\nanschaffungskategorie: AV-Technik\nreference: invoice\numzug: zgeln\nankunftszustand: intakt\n','2011-11-01 10:51:56','2011-11-01 10:51:56'),(20,'yr6n5sozwkgpk2idk8v220','84:6b:13:2c:4c:64-0e:7d:f1:c3:d3:46-88:90:3b:cb:3f:79',25,20,20,8,NULL,NULL,'2007-10-04','2011-11-01',NULL,NULL,941.00,0,0,1,0,12,1,NULL,NULL,NULL,NULL,NULL,'--- !ruby/hash:ActiveSupport::HashWithIndifferentAccess\nanschaffungskategorie: AV-Technik\nreference: invoice\numzug: zgeln\nankunftszustand: intakt\n','2011-11-01 10:51:56','2011-11-01 10:51:56'),(21,'gdzilj9368lqqlr7d9mx21','c0:aa:bb:05:9d:1e-d8:73:5a:04:03:d0-dc:c1:b5:ac:78:08',25,21,21,11,NULL,NULL,'2009-04-22','2011-11-01',NULL,NULL,263.00,0,0,1,0,12,1,NULL,NULL,NULL,NULL,NULL,'--- !ruby/hash:ActiveSupport::HashWithIndifferentAccess\nanschaffungskategorie: AV-Technik\nreference: invoice\numzug: zgeln\nankunftszustand: intakt\n','2011-11-01 10:51:56','2011-11-01 10:51:56'),(22,'pv40zny4xe0ypljrbsv022','7e:24:b6:f0:d3:f3-a1:51:17:0a:12:00-84:15:37:18:9e:87',29,22,22,11,NULL,NULL,'2007-03-10','2011-11-01',NULL,NULL,1387.00,0,0,1,0,12,1,NULL,NULL,NULL,NULL,NULL,'--- !ruby/hash:ActiveSupport::HashWithIndifferentAccess\nanschaffungskategorie: AV-Technik\nreference: invoice\numzug: zgeln\nankunftszustand: intakt\n','2011-11-01 10:51:56','2011-11-01 10:51:56'),(23,'tql5bgpq3ep3a675i9g223','4f:0f:34:8a:3b:55-0b:75:0d:f3:89:6d-a0:41:6d:f9:35:80',29,23,23,4,NULL,NULL,'2006-10-11','2011-11-01',NULL,NULL,331.00,0,0,1,0,12,1,NULL,NULL,NULL,NULL,NULL,'--- !ruby/hash:ActiveSupport::HashWithIndifferentAccess\nanschaffungskategorie: AV-Technik\nreference: invoice\numzug: zgeln\nankunftszustand: intakt\n','2011-11-01 10:51:56','2011-11-01 10:51:56'),(24,'xt0j1o9uux1gn3qlbcff24','3b:a8:1f:60:e9:27-bd:f7:81:83:da:91-25:9c:bf:05:b3:f5',29,24,24,8,NULL,NULL,'2007-11-15','2011-11-01',NULL,NULL,1023.00,0,0,1,0,12,1,NULL,NULL,NULL,NULL,NULL,'--- !ruby/hash:ActiveSupport::HashWithIndifferentAccess\nanschaffungskategorie: AV-Technik\nreference: invoice\numzug: zgeln\nankunftszustand: intakt\n','2011-11-01 10:51:56','2011-11-01 10:51:56'),(25,'27j7dvx85u18c15mwb5i25','e9:40:26:14:cc:65-ab:26:d6:ba:84:be-3c:ef:46:4f:91:46',33,25,25,5,NULL,NULL,'2009-10-04','2011-11-01',NULL,NULL,1110.00,0,0,1,0,12,1,NULL,NULL,NULL,NULL,NULL,'--- !ruby/hash:ActiveSupport::HashWithIndifferentAccess\nanschaffungskategorie: AV-Technik\nreference: invoice\numzug: zgeln\nankunftszustand: intakt\n','2011-11-01 10:51:56','2011-11-01 10:51:56'),(26,'f28zu232x5ykjijakf1l26','ac:0e:80:8b:13:e7-b6:e6:6e:ab:dd:e5-f6:66:17:14:f6:bd',33,26,26,4,NULL,NULL,'2008-11-10','2011-11-01',NULL,NULL,1008.00,0,0,1,0,12,1,NULL,NULL,NULL,NULL,NULL,'--- !ruby/hash:ActiveSupport::HashWithIndifferentAccess\nanschaffungskategorie: AV-Technik\nreference: invoice\numzug: zgeln\nankunftszustand: intakt\n','2011-11-01 10:51:56','2011-11-01 10:51:56'),(27,'66c7y0jh2kroe4vwg7wx27','b0:06:e0:50:4a:2f-4b:8d:c6:07:aa:56-ee:f7:66:1a:22:45',33,27,27,7,NULL,NULL,'2009-04-27','2011-11-01',NULL,NULL,926.00,0,0,1,0,12,1,NULL,NULL,NULL,NULL,NULL,'--- !ruby/hash:ActiveSupport::HashWithIndifferentAccess\nanschaffungskategorie: AV-Technik\nreference: invoice\numzug: zgeln\nankunftszustand: intakt\n','2011-11-01 10:51:56','2011-11-01 10:51:56'),(28,'lj5wasjf6hbnsnqpnjy128','ae:af:68:fd:42:46-a8:52:83:10:0f:d0-10:57:03:7b:90:75',37,28,28,4,NULL,NULL,'2008-06-30','2011-11-01',NULL,NULL,423.00,0,0,1,0,12,1,NULL,NULL,NULL,NULL,NULL,'--- !ruby/hash:ActiveSupport::HashWithIndifferentAccess\nanschaffungskategorie: AV-Technik\nreference: invoice\numzug: zgeln\nankunftszustand: intakt\n','2011-11-01 10:51:56','2011-11-01 10:51:56'),(29,'xe59qf8vbjkdyyclzwmz29','60:9b:74:22:0a:71-52:79:f2:63:f8:fa-5d:74:37:dd:1c:87',37,29,29,2,NULL,NULL,'2009-05-24','2011-11-01',NULL,NULL,664.00,0,0,1,0,12,1,NULL,NULL,NULL,NULL,NULL,'--- !ruby/hash:ActiveSupport::HashWithIndifferentAccess\nanschaffungskategorie: AV-Technik\nreference: invoice\numzug: zgeln\nankunftszustand: intakt\n','2011-11-01 10:51:56','2011-11-01 10:51:56'),(30,'cecc5psh7kl971erpp0l30','6d:2f:46:d9:a9:da-8a:05:35:f5:70:16-17:cc:e4:05:f3:9d',37,30,30,5,NULL,NULL,'2007-06-29','2011-11-01',NULL,NULL,668.00,0,0,1,0,12,1,NULL,NULL,NULL,NULL,NULL,'--- !ruby/hash:ActiveSupport::HashWithIndifferentAccess\nanschaffungskategorie: AV-Technik\nreference: invoice\numzug: zgeln\nankunftszustand: intakt\n','2011-11-01 10:51:56','2011-11-01 10:51:56'),(31,'5ixosms0ogv5wcd8lhtt31','cc:bb:81:88:51:8f-93:7a:8d:e4:45:00-4c:32:f5:08:19:90',41,31,31,2,NULL,NULL,'2006-11-12','2011-11-01',NULL,NULL,1430.00,0,0,1,0,1,1,NULL,NULL,NULL,NULL,NULL,'--- !ruby/hash:ActiveSupport::HashWithIndifferentAccess\nanschaffungskategorie: AV-Technik\nreference: invoice\numzug: zgeln\nankunftszustand: intakt\n','2011-11-01 10:51:56','2011-11-01 10:51:56'),(32,'19yjx6l9e760kk7prsni32','51:9e:24:b0:3b:41-9b:91:f7:ed:a3:31-a1:fe:bb:ec:7b:fe',41,32,32,9,NULL,NULL,'2009-07-31','2011-11-01',NULL,NULL,1025.00,0,0,1,0,1,1,NULL,NULL,NULL,NULL,NULL,'--- !ruby/hash:ActiveSupport::HashWithIndifferentAccess\nanschaffungskategorie: AV-Technik\nreference: invoice\numzug: zgeln\nankunftszustand: intakt\n','2011-11-01 10:51:56','2011-11-01 10:51:56'),(33,'w5p3yxe065bdyp3o565433','b4:43:c9:7d:29:24-7a:59:1f:86:d3:3e-53:54:c5:e6:3e:a3',41,33,33,1,NULL,NULL,'2010-03-26','2011-11-01',NULL,NULL,418.00,0,0,1,0,1,1,NULL,NULL,NULL,NULL,NULL,'--- !ruby/hash:ActiveSupport::HashWithIndifferentAccess\nanschaffungskategorie: AV-Technik\nreference: invoice\numzug: zgeln\nankunftszustand: intakt\n','2011-11-01 10:51:56','2011-11-01 10:51:56'),(34,'ccwg7uf8yi9lofxc1ryt34','b3:d6:dd:5e:bb:21-8b:05:b9:b2:b9:8c-4c:08:e0:b8:d2:49',45,34,34,1,NULL,NULL,'2006-08-27','2011-11-01',NULL,NULL,846.00,0,0,1,0,1,1,NULL,NULL,NULL,NULL,NULL,'--- !ruby/hash:ActiveSupport::HashWithIndifferentAccess\nanschaffungskategorie: AV-Technik\nreference: invoice\numzug: zgeln\nankunftszustand: intakt\n','2011-11-01 10:51:56','2011-11-01 10:51:56'),(35,'8xiktlbhfwaaoixdyug735','6b:dd:c6:5e:6e:f5-2b:27:fd:f1:67:aa-2f:1f:67:32:05:4e',45,35,35,12,NULL,NULL,'2008-06-12','2011-11-01',NULL,NULL,882.00,0,0,1,0,1,1,NULL,NULL,NULL,NULL,NULL,'--- !ruby/hash:ActiveSupport::HashWithIndifferentAccess\nanschaffungskategorie: AV-Technik\nreference: invoice\numzug: zgeln\nankunftszustand: intakt\n','2011-11-01 10:51:56','2011-11-01 10:51:56'),(36,'xmggc7i5bqvywpiy7fhe36','d8:40:0d:0c:10:44-2d:d3:b5:2a:9a:7f-a7:af:32:c9:f5:28',45,36,36,5,NULL,NULL,'2007-04-06','2011-11-01',NULL,NULL,792.00,0,0,1,0,1,1,NULL,NULL,NULL,NULL,NULL,'--- !ruby/hash:ActiveSupport::HashWithIndifferentAccess\nanschaffungskategorie: AV-Technik\nreference: invoice\numzug: zgeln\nankunftszustand: intakt\n','2011-11-01 10:51:56','2011-11-01 10:51:56'),(37,'etolnfdnkbfo5j8i05w737','ae:73:2f:6c:32:30-27:9d:7a:e7:12:d7-b0:b4:58:37:66:ae',49,37,37,3,NULL,NULL,'2006-04-11','2011-11-01',NULL,NULL,903.00,0,0,1,0,1,1,NULL,NULL,NULL,NULL,NULL,'--- !ruby/hash:ActiveSupport::HashWithIndifferentAccess\nanschaffungskategorie: AV-Technik\nreference: invoice\numzug: zgeln\nankunftszustand: intakt\n','2011-11-01 10:51:56','2011-11-01 10:51:56'),(38,'x67ykdz5z04bw8bsxjqg38','2b:1c:8c:1b:64:b6-35:ab:32:5e:87:f3-57:00:5f:d1:19:8c',49,38,38,4,NULL,NULL,'2006-11-14','2011-11-01',NULL,NULL,293.00,0,0,1,0,1,1,NULL,NULL,NULL,NULL,NULL,'--- !ruby/hash:ActiveSupport::HashWithIndifferentAccess\nanschaffungskategorie: AV-Technik\nreference: invoice\numzug: zgeln\nankunftszustand: intakt\n','2011-11-01 10:51:56','2011-11-01 10:51:56'),(39,'kk8glwsb6emtm93gob6539','6e:60:83:5c:e3:ff-fe:d8:4a:97:d2:3f-ff:fa:a4:41:b2:96',49,39,39,9,NULL,NULL,'2009-07-09','2011-11-01',NULL,NULL,721.00,0,0,1,0,1,1,NULL,NULL,NULL,NULL,NULL,'--- !ruby/hash:ActiveSupport::HashWithIndifferentAccess\nanschaffungskategorie: AV-Technik\nreference: invoice\numzug: zgeln\nankunftszustand: intakt\n','2011-11-01 10:51:56','2011-11-01 10:51:56'),(40,'zm22oufh988fwfykr0s940','02:26:e8:f3:fe:52-fb:56:3d:26:6d:8a-01:bd:ec:fb:4c:c0',53,40,40,4,NULL,NULL,'2010-06-26','2011-11-01',NULL,NULL,134.00,0,0,1,0,1,1,NULL,NULL,NULL,NULL,NULL,'--- !ruby/hash:ActiveSupport::HashWithIndifferentAccess\nanschaffungskategorie: AV-Technik\nreference: invoice\numzug: zgeln\nankunftszustand: intakt\n','2011-11-01 10:51:56','2011-11-01 10:51:56'),(41,'vrxocd0pscg32gasg9e441','9e:82:13:b4:08:03-34:59:b5:02:05:e8-64:3d:f4:e4:ea:c1',53,41,41,7,NULL,NULL,'2006-07-18','2011-11-01',NULL,NULL,598.00,0,0,1,0,1,1,NULL,NULL,NULL,NULL,NULL,'--- !ruby/hash:ActiveSupport::HashWithIndifferentAccess\nanschaffungskategorie: AV-Technik\nreference: invoice\numzug: zgeln\nankunftszustand: intakt\n','2011-11-01 10:51:56','2011-11-01 10:51:56'),(42,'9dyk4mmt663clk2j53uo42','37:be:43:f0:d3:7f-e1:09:d5:23:d2:7a-f4:47:b0:bd:56:d3',53,42,42,5,NULL,NULL,'2007-12-13','2011-11-01',NULL,NULL,134.00,0,0,1,0,1,1,NULL,NULL,NULL,NULL,NULL,'--- !ruby/hash:ActiveSupport::HashWithIndifferentAccess\nanschaffungskategorie: AV-Technik\nreference: invoice\numzug: zgeln\nankunftszustand: intakt\n','2011-11-01 10:51:56','2011-11-01 10:51:56'),(43,'book1','book1',57,43,43,2,NULL,NULL,'2008-08-01','2011-11-01',NULL,NULL,356.00,0,0,1,0,2,1,NULL,NULL,NULL,NULL,NULL,'--- !ruby/hash:ActiveSupport::HashWithIndifferentAccess\nanschaffungskategorie: AV-Technik\nreference: invoice\numzug: zgeln\nankunftszustand: intakt\n','2011-11-01 10:51:56','2011-11-01 10:51:56'),(44,'book2','book2',57,43,44,2,NULL,NULL,'2009-03-14','2011-11-01',NULL,NULL,1197.00,0,0,1,0,2,1,NULL,NULL,NULL,NULL,NULL,'--- !ruby/hash:ActiveSupport::HashWithIndifferentAccess\nanschaffungskategorie: AV-Technik\nreference: invoice\numzug: zgeln\nankunftszustand: intakt\n','2011-11-01 10:51:56','2011-11-01 10:51:56'),(45,'beam123','xyz456',58,44,45,1,NULL,NULL,'2006-07-12','2011-11-01',NULL,NULL,518.00,0,0,1,0,1,1,NULL,NULL,NULL,'name123',NULL,'--- !ruby/hash:ActiveSupport::HashWithIndifferentAccess\nanschaffungskategorie: AV-Technik\nreference: invoice\numzug: zgeln\nankunftszustand: intakt\n','2011-11-01 10:51:56','2011-11-01 10:51:56'),(46,'beam345','xyz890',58,44,46,1,NULL,NULL,'2008-12-02','2011-11-01',NULL,NULL,581.00,0,0,1,0,1,1,NULL,NULL,NULL,NULL,NULL,'--- !ruby/hash:ActiveSupport::HashWithIndifferentAccess\nanschaffungskategorie: AV-Technik\nreference: invoice\numzug: zgeln\nankunftszustand: intakt\n','2011-11-01 10:51:56','2011-11-01 10:51:56'),(47,'beam678','xyz678',59,44,47,1,NULL,NULL,'2008-06-25','2011-11-01',NULL,NULL,1283.00,0,0,1,0,1,1,NULL,NULL,NULL,NULL,NULL,'--- !ruby/hash:ActiveSupport::HashWithIndifferentAccess\nanschaffungskategorie: AV-Technik\nreference: invoice\numzug: zgeln\nankunftszustand: intakt\n','2011-11-01 10:51:56','2011-11-01 10:51:56'),(48,'beam749','xyz749',58,44,48,1,NULL,NULL,'2009-09-24','2011-11-01',NULL,NULL,239.00,0,0,1,0,2,1,NULL,NULL,NULL,NULL,NULL,'--- !ruby/hash:ActiveSupport::HashWithIndifferentAccess\nanschaffungskategorie: AV-Technik\nreference: invoice\numzug: zgeln\nankunftszustand: intakt\n','2011-11-01 10:51:56','2011-11-01 10:51:56'),(49,'beamTest123','xyz749',61,44,49,1,NULL,NULL,'2007-10-03','2011-11-01',NULL,NULL,1316.00,0,0,1,0,1,1,NULL,NULL,NULL,NULL,NULL,'--- !ruby/hash:ActiveSupport::HashWithIndifferentAccess\nanschaffungskategorie: AV-Technik\nreference: invoice\numzug: zgeln\nankunftszustand: intakt\n','2011-11-01 10:51:56','2011-11-01 10:51:56'),(50,'ucbeam1','minbeam1',62,44,50,1,NULL,NULL,'2007-04-07','2011-11-01',NULL,NULL,1343.00,0,0,1,0,1,1,NULL,NULL,NULL,'ucbeam1',NULL,'--- !ruby/hash:ActiveSupport::HashWithIndifferentAccess\nanschaffungskategorie: AV-Technik\nreference: invoice\numzug: zgeln\nankunftszustand: intakt\n','2011-11-01 10:51:56','2011-11-01 10:51:56'),(51,'microbeam1','microbeam1',63,44,51,1,NULL,NULL,'2009-09-01','2011-11-01',NULL,NULL,1078.00,0,0,1,0,1,1,NULL,NULL,NULL,'microbeam1',NULL,'--- !ruby/hash:ActiveSupport::HashWithIndifferentAccess\nanschaffungskategorie: AV-Technik\nreference: invoice\numzug: zgeln\nankunftszustand: intakt\n','2011-11-01 10:51:56','2011-11-01 10:51:56'),(52,'mbeam1','mbeam1',64,44,52,1,NULL,NULL,'2009-12-02','2011-11-01',NULL,NULL,439.00,0,0,1,0,1,1,NULL,NULL,NULL,'mbeam1',NULL,'--- !ruby/hash:ActiveSupport::HashWithIndifferentAccess\nanschaffungskategorie: AV-Technik\nreference: invoice\numzug: zgeln\nankunftszustand: intakt\n','2011-11-01 10:51:56','2011-11-01 10:51:56'),(53,'mbeam2','mbeam2',65,44,53,1,NULL,NULL,'2006-03-05','2011-11-01',NULL,NULL,86.00,0,0,1,0,1,1,NULL,NULL,NULL,'mbeam2',NULL,'--- !ruby/hash:ActiveSupport::HashWithIndifferentAccess\nanschaffungskategorie: AV-Technik\nreference: invoice\numzug: zgeln\nankunftszustand: intakt\n','2011-11-01 10:51:56','2011-11-01 10:51:56'),(54,'mbeam3','mbeam3',66,44,54,1,NULL,NULL,'2007-05-12','2011-11-01',NULL,NULL,142.00,0,0,1,0,1,1,NULL,NULL,NULL,'mbeam3',NULL,'--- !ruby/hash:ActiveSupport::HashWithIndifferentAccess\nanschaffungskategorie: AV-Technik\nreference: invoice\numzug: zgeln\nankunftszustand: intakt\n','2011-11-01 10:51:56','2011-11-01 10:51:56'),(55,'mbeam4','mbeam4',67,44,55,1,NULL,NULL,'2010-11-19','2011-11-01',NULL,NULL,1191.00,0,0,1,0,1,1,NULL,NULL,NULL,'mbeam4',NULL,'--- !ruby/hash:ActiveSupport::HashWithIndifferentAccess\nanschaffungskategorie: AV-Technik\nreference: invoice\numzug: zgeln\nankunftszustand: intakt\n','2011-11-01 10:51:56','2011-11-01 10:51:56'),(56,'mbeam5','mbeam5',68,44,56,1,NULL,NULL,'2010-02-18','2011-11-01',NULL,NULL,125.00,0,0,1,0,1,1,NULL,NULL,NULL,'mbeam5',NULL,'--- !ruby/hash:ActiveSupport::HashWithIndifferentAccess\nanschaffungskategorie: AV-Technik\nreference: invoice\numzug: zgeln\nankunftszustand: intakt\n','2011-11-01 10:51:56','2011-11-01 10:51:56'),(57,'mbeam6','mbeam6',69,44,57,1,NULL,NULL,'2008-06-19','2011-11-01',NULL,NULL,74.00,0,0,1,0,1,1,NULL,NULL,NULL,'mbeam6',NULL,'--- !ruby/hash:ActiveSupport::HashWithIndifferentAccess\nanschaffungskategorie: AV-Technik\nreference: invoice\numzug: zgeln\nankunftszustand: intakt\n','2011-11-01 10:51:56','2011-11-01 10:51:56'),(58,'mbeam7','mbeam7',70,44,58,1,NULL,NULL,'2007-11-15','2011-11-01',NULL,NULL,722.00,0,0,1,0,1,1,NULL,NULL,NULL,'mbeam7',NULL,'--- !ruby/hash:ActiveSupport::HashWithIndifferentAccess\nanschaffungskategorie: AV-Technik\nreference: invoice\numzug: zgeln\nankunftszustand: intakt\n','2011-11-01 10:51:56','2011-11-01 10:51:56'),(59,'mbeam8','mbeam8',71,44,59,1,NULL,NULL,'2006-08-21','2011-11-01',NULL,NULL,352.00,0,0,1,0,1,1,NULL,NULL,NULL,'mbeam8',NULL,'--- !ruby/hash:ActiveSupport::HashWithIndifferentAccess\nanschaffungskategorie: AV-Technik\nreference: invoice\numzug: zgeln\nankunftszustand: intakt\n','2011-11-01 10:51:56','2011-11-01 10:51:56'),(60,'mbeam9','mbeam9',72,44,60,1,NULL,NULL,'2008-07-07','2011-11-01',NULL,NULL,1056.00,0,0,1,0,1,1,NULL,NULL,NULL,'mbeam9',NULL,'--- !ruby/hash:ActiveSupport::HashWithIndifferentAccess\nanschaffungskategorie: AV-Technik\nreference: invoice\numzug: zgeln\nankunftszustand: intakt\n','2011-11-01 10:51:56','2011-11-01 10:51:56'),(61,'mbeam10','mbeam10',73,44,61,1,NULL,NULL,'2007-11-13','2011-11-01',NULL,NULL,1320.00,0,0,1,0,1,1,NULL,NULL,NULL,'mbeam10',NULL,'--- !ruby/hash:ActiveSupport::HashWithIndifferentAccess\nanschaffungskategorie: AV-Technik\nreference: invoice\numzug: zgeln\nankunftszustand: intakt\n','2011-11-01 10:51:56','2011-11-01 10:51:56'),(62,'mbeam11','mbeam11',74,44,62,1,NULL,NULL,'2008-03-17','2011-11-01',NULL,NULL,1471.00,0,0,1,0,1,1,NULL,NULL,NULL,'mbeam11',NULL,'--- !ruby/hash:ActiveSupport::HashWithIndifferentAccess\nanschaffungskategorie: AV-Technik\nreference: invoice\numzug: zgeln\nankunftszustand: intakt\n','2011-11-01 10:51:56','2011-11-01 10:51:56'),(63,'mbeam12','mbeam12',75,44,63,1,NULL,NULL,'2006-04-15','2011-11-01',NULL,NULL,837.00,0,0,1,0,1,1,NULL,NULL,NULL,'mbeam12',NULL,'--- !ruby/hash:ActiveSupport::HashWithIndifferentAccess\nanschaffungskategorie: AV-Technik\nreference: invoice\numzug: zgeln\nankunftszustand: intakt\n','2011-11-01 10:51:56','2011-11-01 10:51:56'),(64,'mbeam13','mbeam13',76,44,64,1,NULL,NULL,'2008-10-29','2011-11-01',NULL,NULL,272.00,0,0,1,0,1,1,NULL,NULL,NULL,'mbeam13',NULL,'--- !ruby/hash:ActiveSupport::HashWithIndifferentAccess\nanschaffungskategorie: AV-Technik\nreference: invoice\numzug: zgeln\nankunftszustand: intakt\n','2011-11-01 10:51:56','2011-11-01 10:51:56'),(65,'mbeam14','mbeam14',77,44,65,1,NULL,NULL,'2007-12-17','2011-11-01',NULL,NULL,123.00,0,0,1,0,1,1,NULL,NULL,NULL,'mbeam14',NULL,'--- !ruby/hash:ActiveSupport::HashWithIndifferentAccess\nanschaffungskategorie: AV-Technik\nreference: invoice\numzug: zgeln\nankunftszustand: intakt\n','2011-11-01 10:51:56','2011-11-01 10:51:56'),(66,'mbeam15','mbeam15',78,44,66,1,NULL,NULL,'2007-07-24','2011-11-01',NULL,NULL,717.00,0,0,1,0,1,1,NULL,NULL,NULL,'mbeam15',NULL,'--- !ruby/hash:ActiveSupport::HashWithIndifferentAccess\nanschaffungskategorie: AV-Technik\nreference: invoice\numzug: zgeln\nankunftszustand: intakt\n','2011-11-01 10:51:56','2011-11-01 10:51:56'),(67,'mbeam16','mbeam16',79,44,67,1,NULL,NULL,'2006-10-13','2011-11-01',NULL,NULL,277.00,0,0,1,0,1,1,NULL,NULL,NULL,'mbeam16',NULL,'--- !ruby/hash:ActiveSupport::HashWithIndifferentAccess\nanschaffungskategorie: AV-Technik\nreference: invoice\numzug: zgeln\nankunftszustand: intakt\n','2011-11-01 10:51:56','2011-11-01 10:51:56'),(68,'mbeam17','mbeam17',80,44,68,1,NULL,NULL,'2007-02-18','2011-11-01',NULL,NULL,50.00,0,0,1,0,1,1,NULL,NULL,NULL,'mbeam17',NULL,'--- !ruby/hash:ActiveSupport::HashWithIndifferentAccess\nanschaffungskategorie: AV-Technik\nreference: invoice\numzug: zgeln\nankunftszustand: intakt\n','2011-11-01 10:51:56','2011-11-01 10:51:56'),(69,'mbeam18','mbeam18',81,44,69,1,NULL,NULL,'2007-11-07','2011-11-01',NULL,NULL,540.00,0,0,1,0,1,1,NULL,NULL,NULL,'mbeam18',NULL,'--- !ruby/hash:ActiveSupport::HashWithIndifferentAccess\nanschaffungskategorie: AV-Technik\nreference: invoice\numzug: zgeln\nankunftszustand: intakt\n','2011-11-01 10:51:56','2011-11-01 10:51:56'),(70,'mbeam19','mbeam19',82,44,70,1,NULL,NULL,'2009-11-29','2011-11-01',NULL,NULL,967.00,0,0,1,0,1,1,NULL,NULL,NULL,'mbeam19',NULL,'--- !ruby/hash:ActiveSupport::HashWithIndifferentAccess\nanschaffungskategorie: AV-Technik\nreference: invoice\numzug: zgeln\nankunftszustand: intakt\n','2011-11-01 10:51:56','2011-11-01 10:51:56'),(71,'mbeam20','mbeam20',83,44,71,1,NULL,NULL,'2010-11-05','2011-11-01',NULL,NULL,628.00,0,0,1,0,1,1,NULL,NULL,NULL,'mbeam20',NULL,'--- !ruby/hash:ActiveSupport::HashWithIndifferentAccess\nanschaffungskategorie: AV-Technik\nreference: invoice\numzug: zgeln\nankunftszustand: intakt\n','2011-11-01 10:51:56','2011-11-01 10:51:56'),(72,'cam123','abc234',84,44,72,1,NULL,NULL,'2010-12-08','2011-11-01',NULL,NULL,527.00,0,0,1,0,1,1,NULL,NULL,NULL,NULL,NULL,'--- !ruby/hash:ActiveSupport::HashWithIndifferentAccess\nanschaffungskategorie: AV-Technik\nreference: invoice\numzug: zgeln\nankunftszustand: intakt\n','2011-11-01 10:51:56','2011-11-01 10:51:56'),(73,'cam345','ab567',84,44,73,1,NULL,NULL,'2010-06-04','2011-11-01',NULL,NULL,670.00,0,0,1,0,1,1,NULL,NULL,NULL,NULL,NULL,'--- !ruby/hash:ActiveSupport::HashWithIndifferentAccess\nanschaffungskategorie: AV-Technik\nreference: invoice\numzug: zgeln\nankunftszustand: intakt\n','2011-11-01 10:51:56','2011-11-01 10:51:56'),(74,'cam567','ab789',84,44,74,1,NULL,NULL,'2006-01-19','2011-11-01',NULL,NULL,1130.00,0,0,1,0,1,1,NULL,NULL,NULL,NULL,NULL,'--- !ruby/hash:ActiveSupport::HashWithIndifferentAccess\nanschaffungskategorie: AV-Technik\nreference: invoice\numzug: zgeln\nankunftszustand: intakt\n','2011-11-01 10:51:56','2011-11-01 10:51:56'),(75,'cam53267','ab782129',84,44,75,1,NULL,NULL,'2010-03-02','2011-11-01',NULL,NULL,335.00,0,0,1,0,1,1,NULL,NULL,NULL,NULL,NULL,'--- !ruby/hash:ActiveSupport::HashWithIndifferentAccess\nanschaffungskategorie: AV-Technik\nreference: invoice\numzug: zgeln\nankunftszustand: intakt\n','2011-11-01 10:51:56','2011-11-01 10:51:56'),(76,'cam532asd67','ab78as2129',84,44,76,1,NULL,NULL,'2008-08-24','2011-11-01',NULL,NULL,1033.00,0,0,1,0,1,1,NULL,NULL,NULL,NULL,NULL,'--- !ruby/hash:ActiveSupport::HashWithIndifferentAccess\nanschaffungskategorie: AV-Technik\nreference: invoice\numzug: zgeln\nankunftszustand: intakt\n','2011-11-01 10:51:56','2011-11-01 10:51:56'),(77,'mcam1','mcam1',85,44,77,1,NULL,NULL,'2007-07-23','2011-11-01',NULL,NULL,405.00,0,0,1,0,1,1,NULL,NULL,NULL,'mcam1',NULL,'--- !ruby/hash:ActiveSupport::HashWithIndifferentAccess\nanschaffungskategorie: AV-Technik\nreference: invoice\numzug: zgeln\nankunftszustand: intakt\n','2011-11-01 10:51:56','2011-11-01 10:51:56'),(78,'mcam2','mcam2',86,44,78,1,NULL,NULL,'2010-07-11','2011-11-01',NULL,NULL,256.00,0,0,1,0,1,1,NULL,NULL,NULL,'mcam2',NULL,'--- !ruby/hash:ActiveSupport::HashWithIndifferentAccess\nanschaffungskategorie: AV-Technik\nreference: invoice\numzug: zgeln\nankunftszustand: intakt\n','2011-11-01 10:51:56','2011-11-01 10:51:56'),(79,'mcam3','mcam3',87,44,79,1,NULL,NULL,'2010-08-19','2011-11-01',NULL,NULL,481.00,0,0,1,0,1,1,NULL,NULL,NULL,'mcam3',NULL,'--- !ruby/hash:ActiveSupport::HashWithIndifferentAccess\nanschaffungskategorie: AV-Technik\nreference: invoice\numzug: zgeln\nankunftszustand: intakt\n','2011-11-01 10:51:56','2011-11-01 10:51:56'),(80,'mcam4','mcam4',88,44,80,1,NULL,NULL,'2009-11-15','2011-11-01',NULL,NULL,572.00,0,0,1,0,1,1,NULL,NULL,NULL,'mcam4',NULL,'--- !ruby/hash:ActiveSupport::HashWithIndifferentAccess\nanschaffungskategorie: AV-Technik\nreference: invoice\numzug: zgeln\nankunftszustand: intakt\n','2011-11-01 10:51:56','2011-11-01 10:51:56'),(81,'mcam5','mcam5',89,44,81,1,NULL,NULL,'2007-11-04','2011-11-01',NULL,NULL,748.00,0,0,1,0,1,1,NULL,NULL,NULL,'mcam5',NULL,'--- !ruby/hash:ActiveSupport::HashWithIndifferentAccess\nanschaffungskategorie: AV-Technik\nreference: invoice\numzug: zgeln\nankunftszustand: intakt\n','2011-11-01 10:51:56','2011-11-01 10:51:56'),(82,'mcam6','mcam6',90,44,82,1,NULL,NULL,'2010-12-08','2011-11-01',NULL,NULL,760.00,0,0,1,0,1,1,NULL,NULL,NULL,'mcam6',NULL,'--- !ruby/hash:ActiveSupport::HashWithIndifferentAccess\nanschaffungskategorie: AV-Technik\nreference: invoice\numzug: zgeln\nankunftszustand: intakt\n','2011-11-01 10:51:56','2011-11-01 10:51:56'),(83,'mcam7','mcam7',91,44,83,1,NULL,NULL,'2007-09-15','2011-11-01',NULL,NULL,743.00,0,0,1,0,1,1,NULL,NULL,NULL,'mcam7',NULL,'--- !ruby/hash:ActiveSupport::HashWithIndifferentAccess\nanschaffungskategorie: AV-Technik\nreference: invoice\numzug: zgeln\nankunftszustand: intakt\n','2011-11-01 10:51:56','2011-11-01 10:51:56'),(84,'mcam8','mcam8',92,44,84,1,NULL,NULL,'2010-02-27','2011-11-01',NULL,NULL,745.00,0,0,1,0,1,1,NULL,NULL,NULL,'mcam8',NULL,'--- !ruby/hash:ActiveSupport::HashWithIndifferentAccess\nanschaffungskategorie: AV-Technik\nreference: invoice\numzug: zgeln\nankunftszustand: intakt\n','2011-11-01 10:51:56','2011-11-01 10:51:56'),(85,'mcam9','mcam9',93,44,85,1,NULL,NULL,'2010-03-09','2011-11-01',NULL,NULL,1268.00,0,0,1,0,1,1,NULL,NULL,NULL,'mcam9',NULL,'--- !ruby/hash:ActiveSupport::HashWithIndifferentAccess\nanschaffungskategorie: AV-Technik\nreference: invoice\numzug: zgeln\nankunftszustand: intakt\n','2011-11-01 10:51:56','2011-11-01 10:51:56'),(86,'mcam10','mcam10',94,44,86,1,NULL,NULL,'2009-07-07','2011-11-01',NULL,NULL,958.00,0,0,1,0,1,1,NULL,NULL,NULL,'mcam10',NULL,'--- !ruby/hash:ActiveSupport::HashWithIndifferentAccess\nanschaffungskategorie: AV-Technik\nreference: invoice\numzug: zgeln\nankunftszustand: intakt\n','2011-11-01 10:51:56','2011-11-01 10:51:56'),(87,'mcam11','mcam11',95,44,87,1,NULL,NULL,'2008-10-24','2011-11-01',NULL,NULL,1390.00,0,0,1,0,1,1,NULL,NULL,NULL,'mcam11',NULL,'--- !ruby/hash:ActiveSupport::HashWithIndifferentAccess\nanschaffungskategorie: AV-Technik\nreference: invoice\numzug: zgeln\nankunftszustand: intakt\n','2011-11-01 10:51:56','2011-11-01 10:51:56'),(88,'mcam12','mcam12',96,44,88,1,NULL,NULL,'2010-10-18','2011-11-01',NULL,NULL,971.00,0,0,1,0,1,1,NULL,NULL,NULL,'mcam12',NULL,'--- !ruby/hash:ActiveSupport::HashWithIndifferentAccess\nanschaffungskategorie: AV-Technik\nreference: invoice\numzug: zgeln\nankunftszustand: intakt\n','2011-11-01 10:51:56','2011-11-01 10:51:56'),(89,'mcam13','mcam13',97,44,89,1,NULL,NULL,'2009-07-05','2011-11-01',NULL,NULL,943.00,0,0,1,0,1,1,NULL,NULL,NULL,'mcam13',NULL,'--- !ruby/hash:ActiveSupport::HashWithIndifferentAccess\nanschaffungskategorie: AV-Technik\nreference: invoice\numzug: zgeln\nankunftszustand: intakt\n','2011-11-01 10:51:56','2011-11-01 10:51:56'),(90,'mcam14','mcam14',98,44,90,1,NULL,NULL,'2006-08-07','2011-11-01',NULL,NULL,951.00,0,0,1,0,1,1,NULL,NULL,NULL,'mcam14',NULL,'--- !ruby/hash:ActiveSupport::HashWithIndifferentAccess\nanschaffungskategorie: AV-Technik\nreference: invoice\numzug: zgeln\nankunftszustand: intakt\n','2011-11-01 10:51:56','2011-11-01 10:51:56'),(91,'mcam15','mcam15',99,44,91,1,NULL,NULL,'2007-06-10','2011-11-01',NULL,NULL,974.00,0,0,1,0,1,1,NULL,NULL,NULL,'mcam15',NULL,'--- !ruby/hash:ActiveSupport::HashWithIndifferentAccess\nanschaffungskategorie: AV-Technik\nreference: invoice\numzug: zgeln\nankunftszustand: intakt\n','2011-11-01 10:51:56','2011-11-01 10:51:56'),(92,'mcam16','mcam16',100,44,92,1,NULL,NULL,'2010-01-29','2011-11-01',NULL,NULL,1461.00,0,0,1,0,1,1,NULL,NULL,NULL,'mcam16',NULL,'--- !ruby/hash:ActiveSupport::HashWithIndifferentAccess\nanschaffungskategorie: AV-Technik\nreference: invoice\numzug: zgeln\nankunftszustand: intakt\n','2011-11-01 10:51:56','2011-11-01 10:51:56'),(93,'mcam17','mcam17',101,44,93,1,NULL,NULL,'2010-06-01','2011-11-01',NULL,NULL,1362.00,0,0,1,0,1,1,NULL,NULL,NULL,'mcam17',NULL,'--- !ruby/hash:ActiveSupport::HashWithIndifferentAccess\nanschaffungskategorie: AV-Technik\nreference: invoice\numzug: zgeln\nankunftszustand: intakt\n','2011-11-01 10:51:56','2011-11-01 10:51:56'),(94,'mcam18','mcam18',102,44,94,1,NULL,NULL,'2006-04-17','2011-11-01',NULL,NULL,281.00,0,0,1,0,1,1,NULL,NULL,NULL,'mcam18',NULL,'--- !ruby/hash:ActiveSupport::HashWithIndifferentAccess\nanschaffungskategorie: AV-Technik\nreference: invoice\numzug: zgeln\nankunftszustand: intakt\n','2011-11-01 10:51:56','2011-11-01 10:51:56'),(95,'mcam19','mcam19',103,44,95,1,NULL,NULL,'2007-03-01','2011-11-01',NULL,NULL,1480.00,0,0,1,0,1,1,NULL,NULL,NULL,'mcam19',NULL,'--- !ruby/hash:ActiveSupport::HashWithIndifferentAccess\nanschaffungskategorie: AV-Technik\nreference: invoice\numzug: zgeln\nankunftszustand: intakt\n','2011-11-01 10:51:56','2011-11-01 10:51:56'),(96,'mcam20','mcam20',104,44,96,1,NULL,NULL,'2006-07-06','2011-11-01',NULL,NULL,1029.00,0,0,1,0,1,1,NULL,NULL,NULL,'mcam20',NULL,'--- !ruby/hash:ActiveSupport::HashWithIndifferentAccess\nanschaffungskategorie: AV-Technik\nreference: invoice\numzug: zgeln\nankunftszustand: intakt\n','2011-11-01 10:51:56','2011-11-01 10:51:56'),(97,'mcam21','mcam21',105,44,97,1,NULL,NULL,'2009-04-06','2011-11-01',NULL,NULL,1008.00,0,0,1,0,1,1,NULL,NULL,NULL,'mcam21',NULL,'--- !ruby/hash:ActiveSupport::HashWithIndifferentAccess\nanschaffungskategorie: AV-Technik\nreference: invoice\numzug: zgeln\nankunftszustand: intakt\n','2011-11-01 10:51:56','2011-11-01 10:51:56'),(98,'mcam22','mcam22',106,44,98,1,NULL,NULL,'2010-02-26','2011-11-01',NULL,NULL,973.00,0,0,1,0,1,1,NULL,NULL,NULL,'mcam22',NULL,'--- !ruby/hash:ActiveSupport::HashWithIndifferentAccess\nanschaffungskategorie: AV-Technik\nreference: invoice\numzug: zgeln\nankunftszustand: intakt\n','2011-11-01 10:51:56','2011-11-01 10:51:56'),(99,'mcam23','mcam23',107,44,99,1,NULL,NULL,'2006-06-06','2011-11-01',NULL,NULL,444.00,0,0,1,0,1,1,NULL,NULL,NULL,'mcam23',NULL,'--- !ruby/hash:ActiveSupport::HashWithIndifferentAccess\nanschaffungskategorie: AV-Technik\nreference: invoice\numzug: zgeln\nankunftszustand: intakt\n','2011-11-01 10:51:56','2011-11-01 10:51:56'),(100,'mcam24','mcam24',108,44,100,1,NULL,NULL,'2008-12-16','2011-11-01',NULL,NULL,689.00,0,0,1,0,1,1,NULL,NULL,NULL,'mcam24',NULL,'--- !ruby/hash:ActiveSupport::HashWithIndifferentAccess\nanschaffungskategorie: AV-Technik\nreference: invoice\numzug: zgeln\nankunftszustand: intakt\n','2011-11-01 10:51:56','2011-11-01 10:51:56'),(101,'mcam25','mcam25',109,44,101,1,NULL,NULL,'2007-06-29','2011-11-01',NULL,NULL,1293.00,0,0,1,0,1,1,NULL,NULL,NULL,'mcam25',NULL,'--- !ruby/hash:ActiveSupport::HashWithIndifferentAccess\nanschaffungskategorie: AV-Technik\nreference: invoice\numzug: zgeln\nankunftszustand: intakt\n','2011-11-01 10:51:56','2011-11-01 10:51:56'),(102,'mcam26','mcam26',110,44,102,1,NULL,NULL,'2008-11-20','2011-11-01',NULL,NULL,1265.00,0,0,1,0,1,1,NULL,NULL,NULL,'mcam26',NULL,'--- !ruby/hash:ActiveSupport::HashWithIndifferentAccess\nanschaffungskategorie: AV-Technik\nreference: invoice\numzug: zgeln\nankunftszustand: intakt\n','2011-11-01 10:51:56','2011-11-01 10:51:56'),(103,'mcam27','mcam27',111,44,103,1,NULL,NULL,'2007-12-08','2011-11-01',NULL,NULL,85.00,0,0,1,0,1,1,NULL,NULL,NULL,'mcam27',NULL,'--- !ruby/hash:ActiveSupport::HashWithIndifferentAccess\nanschaffungskategorie: AV-Technik\nreference: invoice\numzug: zgeln\nankunftszustand: intakt\n','2011-11-01 10:51:56','2011-11-01 10:51:56'),(104,'mcam28','mcam28',112,44,104,1,NULL,NULL,'2009-07-06','2011-11-01',NULL,NULL,100.00,0,0,1,0,1,1,NULL,NULL,NULL,'mcam28',NULL,'--- !ruby/hash:ActiveSupport::HashWithIndifferentAccess\nanschaffungskategorie: AV-Technik\nreference: invoice\numzug: zgeln\nankunftszustand: intakt\n','2011-11-01 10:51:56','2011-11-01 10:51:56'),(105,'mcam29','mcam29',113,44,105,1,NULL,NULL,'2006-12-27','2011-11-01',NULL,NULL,1174.00,0,0,1,0,1,1,NULL,NULL,NULL,'mcam29',NULL,'--- !ruby/hash:ActiveSupport::HashWithIndifferentAccess\nanschaffungskategorie: AV-Technik\nreference: invoice\numzug: zgeln\nankunftszustand: intakt\n','2011-11-01 10:51:56','2011-11-01 10:51:56'),(106,'mcam30','mcam30',114,44,106,1,NULL,NULL,'2009-09-23','2011-11-01',NULL,NULL,1415.00,0,0,1,0,1,1,NULL,NULL,NULL,'mcam30',NULL,'--- !ruby/hash:ActiveSupport::HashWithIndifferentAccess\nanschaffungskategorie: AV-Technik\nreference: invoice\numzug: zgeln\nankunftszustand: intakt\n','2011-11-01 10:51:56','2011-11-01 10:51:56'),(107,'hifi123','hifi123',115,44,107,1,NULL,NULL,'2007-02-19','2011-11-01',NULL,NULL,957.00,0,0,1,0,1,1,NULL,NULL,NULL,NULL,NULL,'--- !ruby/hash:ActiveSupport::HashWithIndifferentAccess\nanschaffungskategorie: AV-Technik\nreference: invoice\numzug: zgeln\nankunftszustand: intakt\n','2011-11-01 10:51:56','2011-11-01 10:51:56'),(108,'tri789','fgh567',116,44,108,1,NULL,NULL,'2006-12-09','2011-11-01',NULL,NULL,811.00,0,0,1,0,1,1,NULL,NULL,NULL,NULL,NULL,'--- !ruby/hash:ActiveSupport::HashWithIndifferentAccess\nanschaffungskategorie: AV-Technik\nreference: invoice\numzug: zgeln\nankunftszustand: intakt\n','2011-11-01 10:51:56','2011-11-01 10:51:56'),(109,'tri123','fgh987',116,44,109,1,NULL,NULL,'2006-04-30','2011-11-01',NULL,NULL,966.00,0,0,1,0,1,1,NULL,NULL,NULL,NULL,NULL,'--- !ruby/hash:ActiveSupport::HashWithIndifferentAccess\nanschaffungskategorie: AV-Technik\nreference: invoice\numzug: zgeln\nankunftszustand: intakt\n','2011-11-01 10:51:56','2011-11-01 10:51:56'),(110,'tri923','asd213',116,44,110,1,NULL,NULL,'2008-03-31','2011-11-01',NULL,NULL,1419.00,0,0,1,0,1,1,NULL,NULL,NULL,NULL,NULL,'--- !ruby/hash:ActiveSupport::HashWithIndifferentAccess\nanschaffungskategorie: AV-Technik\nreference: invoice\numzug: zgeln\nankunftszustand: intakt\n','2011-11-01 10:51:56','2011-11-01 10:51:56'),(111,'tri212','tri212',116,44,111,1,NULL,NULL,'2010-06-17','2011-11-01',NULL,NULL,571.00,0,0,1,0,1,1,NULL,NULL,NULL,NULL,NULL,'--- !ruby/hash:ActiveSupport::HashWithIndifferentAccess\nanschaffungskategorie: AV-Technik\nreference: invoice\numzug: zgeln\nankunftszustand: intakt\n','2011-11-01 10:51:56','2011-11-01 10:51:56'),(112,'cwux1x','nx7378',118,44,112,1,NULL,NULL,'2006-06-17','2011-11-01',NULL,NULL,1378.00,0,0,1,0,1,1,NULL,NULL,NULL,NULL,NULL,'--- !ruby/hash:ActiveSupport::HashWithIndifferentAccess\nanschaffungskategorie: AV-Technik\nreference: invoice\numzug: zgeln\nankunftszustand: intakt\n','2011-11-01 10:51:56','2011-11-01 10:51:56'),(113,'fchotg60c9dnprt86nrf43','8e:de:71:c0:e9:8e-72:a3:ad:c1:e7:72-85:39:17:2f:ac:f2',119,45,113,1,NULL,NULL,'2009-10-06','2011-11-01',NULL,NULL,788.00,0,0,1,0,1,1,NULL,NULL,NULL,NULL,NULL,'--- !ruby/hash:ActiveSupport::HashWithIndifferentAccess\nanschaffungskategorie: AV-Technik\nreference: invoice\numzug: zgeln\nankunftszustand: intakt\n','2011-11-01 10:51:56','2011-11-01 10:51:56'),(114,'pgxdj8lru4ore6xvxcf144','41:83:58:9e:c9:ec-fa:14:8b:e8:ba:1d-9b:5f:ba:d3:5f:ff',121,45,114,1,113,NULL,'2007-09-23','2011-11-01',NULL,NULL,561.00,0,0,1,0,1,1,NULL,NULL,NULL,NULL,NULL,'--- !ruby/hash:ActiveSupport::HashWithIndifferentAccess\nanschaffungskategorie: AV-Technik\nreference: invoice\numzug: zgeln\nankunftszustand: intakt\n','2011-11-01 10:51:56','2011-11-01 10:51:56'),(115,'8ozb1mfcuv16uud6ek2l45','e6:8f:29:6f:95:a5-e1:f8:7e:e2:7a:5b-48:70:13:4e:e4:63',122,45,115,1,113,NULL,'2009-02-21','2011-11-01',NULL,NULL,436.00,0,0,1,0,1,1,NULL,NULL,NULL,NULL,NULL,'--- !ruby/hash:ActiveSupport::HashWithIndifferentAccess\nanschaffungskategorie: AV-Technik\nreference: invoice\numzug: zgeln\nankunftszustand: intakt\n','2011-11-01 10:51:56','2011-11-01 10:51:56'),(116,'430hkr36dtn0s5kyk7zq46','05:16:fa:a6:5d:92-51:50:da:78:a2:7c-cd:41:e5:14:ad:24',123,45,116,1,113,NULL,'2006-12-14','2011-11-01',NULL,NULL,933.00,0,0,1,0,1,1,NULL,NULL,NULL,NULL,NULL,'--- !ruby/hash:ActiveSupport::HashWithIndifferentAccess\nanschaffungskategorie: AV-Technik\nreference: invoice\numzug: zgeln\nankunftszustand: intakt\n','2011-11-01 10:51:56','2011-11-01 10:51:56'),(117,'2sklibbn6goyeh5j4ehr47','b2:48:21:05:fe:d7-c8:98:de:0e:f7:33-93:19:2b:6d:72:51',119,49,117,1,NULL,NULL,'2007-03-13','2011-11-01',NULL,NULL,1330.00,0,0,1,0,1,1,NULL,NULL,NULL,NULL,NULL,'--- !ruby/hash:ActiveSupport::HashWithIndifferentAccess\nanschaffungskategorie: AV-Technik\nreference: invoice\numzug: zgeln\nankunftszustand: intakt\n','2011-11-01 10:51:56','2011-11-01 10:51:56'),(118,'c6ocpct2pdg84hr5rcbh48','28:fa:b9:de:1d:f1-5a:4b:3e:9a:79:d5-6c:13:53:23:2e:db',125,49,118,1,117,NULL,'2006-03-20','2011-11-01',NULL,NULL,377.00,0,0,1,0,1,1,NULL,NULL,NULL,NULL,NULL,'--- !ruby/hash:ActiveSupport::HashWithIndifferentAccess\nanschaffungskategorie: AV-Technik\nreference: invoice\numzug: zgeln\nankunftszustand: intakt\n','2011-11-01 10:51:56','2011-11-01 10:51:56'),(119,'2u7guft36roflg3azm7k49','45:03:02:28:86:b0-27:62:7c:90:6c:e6-da:af:d8:16:ac:43',126,49,119,1,117,NULL,'2009-09-18','2011-11-01',NULL,NULL,530.00,0,0,1,0,1,1,NULL,NULL,NULL,NULL,NULL,'--- !ruby/hash:ActiveSupport::HashWithIndifferentAccess\nanschaffungskategorie: AV-Technik\nreference: invoice\numzug: zgeln\nankunftszustand: intakt\n','2011-11-01 10:51:56','2011-11-01 10:51:56'),(120,'qq1li321fams7xe7fivy50','1f:d4:c7:c7:3e:56-5b:5d:53:1a:61:72-55:b0:37:6c:c9:0d',127,49,120,1,117,NULL,'2008-08-19','2011-11-01',NULL,NULL,732.00,0,0,1,0,1,1,NULL,NULL,NULL,NULL,NULL,'--- !ruby/hash:ActiveSupport::HashWithIndifferentAccess\nanschaffungskategorie: AV-Technik\nreference: invoice\numzug: zgeln\nankunftszustand: intakt\n','2011-11-01 10:51:56','2011-11-01 10:51:56'),(121,'6o6n2rxvhkm3oue2n1wf51','e4:3a:d7:a5:fa:86-09:4c:0e:c5:0f:e6-21:3c:4e:a0:9b:93',119,53,121,1,NULL,NULL,'2007-06-30','2011-11-01',NULL,NULL,352.00,0,0,1,0,1,1,NULL,NULL,NULL,NULL,NULL,'--- !ruby/hash:ActiveSupport::HashWithIndifferentAccess\nanschaffungskategorie: AV-Technik\nreference: invoice\numzug: zgeln\nankunftszustand: intakt\n','2011-11-01 10:51:56','2011-11-01 10:51:56'),(122,'w977qx3qoy4k69ym0ft252','be:90:26:30:81:d6-a5:48:3a:7f:e3:fe-ee:1c:08:0d:79:9c',129,53,122,1,121,NULL,'2010-05-04','2011-11-01',NULL,NULL,18.00,0,0,1,0,1,1,NULL,NULL,NULL,NULL,NULL,'--- !ruby/hash:ActiveSupport::HashWithIndifferentAccess\nanschaffungskategorie: AV-Technik\nreference: invoice\numzug: zgeln\nankunftszustand: intakt\n','2011-11-01 10:51:56','2011-11-01 10:51:56'),(123,'uubnsidpapfkd58xsqes53','41:8b:d9:b4:06:1e-93:f0:47:13:df:89-1a:67:c9:93:7d:fe',130,53,123,1,121,NULL,'2010-04-30','2011-11-01',NULL,NULL,715.00,0,0,1,0,1,1,NULL,NULL,NULL,NULL,NULL,'--- !ruby/hash:ActiveSupport::HashWithIndifferentAccess\nanschaffungskategorie: AV-Technik\nreference: invoice\numzug: zgeln\nankunftszustand: intakt\n','2011-11-01 10:51:56','2011-11-01 10:51:56'),(124,'w9w30zrlqqhzkci7rs9j54','c4:34:b6:14:04:7b-e8:dc:72:8c:28:1f-96:03:82:b4:00:e5',131,53,124,1,121,NULL,'2007-11-17','2011-11-01',NULL,NULL,275.00,0,0,1,0,1,1,NULL,NULL,NULL,NULL,NULL,'--- !ruby/hash:ActiveSupport::HashWithIndifferentAccess\nanschaffungskategorie: AV-Technik\nreference: invoice\numzug: zgeln\nankunftszustand: intakt\n','2011-11-01 10:51:56','2011-11-01 10:51:56'),(125,'173daeotkbshu3ffca7l55','9d:6c:e7:9b:f9:52-11:04:ee:e2:09:5d-9f:a4:98:04:d1:4e',132,57,125,1,NULL,NULL,'2006-04-19','2011-11-01',NULL,NULL,1059.00,0,0,1,0,1,1,NULL,NULL,NULL,NULL,NULL,'--- !ruby/hash:ActiveSupport::HashWithIndifferentAccess\nanschaffungskategorie: AV-Technik\nreference: invoice\numzug: zgeln\nankunftszustand: intakt\n','2011-11-01 10:51:56','2011-11-01 10:51:56'),(126,'q37h9fzsjjychdcjqd2d56','5e:8b:f8:7e:36:a8-0e:78:14:68:86:96-12:58:79:24:64:f0',134,57,126,1,125,NULL,'2008-01-20','2011-11-01',NULL,NULL,227.00,0,0,1,0,1,1,NULL,NULL,NULL,NULL,NULL,'--- !ruby/hash:ActiveSupport::HashWithIndifferentAccess\nanschaffungskategorie: AV-Technik\nreference: invoice\numzug: zgeln\nankunftszustand: intakt\n','2011-11-01 10:51:56','2011-11-01 10:51:56'),(127,'pkgf9e3szltxe0n1fhz857','be:66:83:12:5e:cc-1e:92:d9:eb:7a:70-7e:e0:d3:c8:f7:b7',135,57,127,1,125,NULL,'2007-04-15','2011-11-01',NULL,NULL,334.00,0,0,1,0,1,1,NULL,NULL,NULL,NULL,NULL,'--- !ruby/hash:ActiveSupport::HashWithIndifferentAccess\nanschaffungskategorie: AV-Technik\nreference: invoice\numzug: zgeln\nankunftszustand: intakt\n','2011-11-01 10:51:56','2011-11-01 10:51:56'),(128,'qp6twrvbijs33dqcdi5d58','35:7c:f3:91:e1:54-3c:c4:16:e7:46:06-e0:50:3b:43:12:89',136,57,128,1,125,NULL,'2006-08-03','2011-11-01',NULL,NULL,1283.00,0,0,1,0,1,1,NULL,NULL,NULL,NULL,NULL,'--- !ruby/hash:ActiveSupport::HashWithIndifferentAccess\nanschaffungskategorie: AV-Technik\nreference: invoice\numzug: zgeln\nankunftszustand: intakt\n','2011-11-01 10:51:56','2011-11-01 10:51:56'),(129,'vi5tz22exyuiauklklbo59','98:c9:63:e6:69:8d-61:c8:d3:99:36:ad-e4:f5:ad:3f:68:50',132,61,129,1,NULL,NULL,'2009-01-05','2011-11-01',NULL,NULL,827.00,0,0,1,0,1,1,NULL,NULL,NULL,NULL,NULL,'--- !ruby/hash:ActiveSupport::HashWithIndifferentAccess\nanschaffungskategorie: AV-Technik\nreference: invoice\numzug: zgeln\nankunftszustand: intakt\n','2011-11-01 10:51:56','2011-11-01 10:51:56'),(130,'050oy3xv0bzpxfy75uyl60','0b:ed:29:f0:2c:e3-7f:7a:47:71:7b:18-52:57:6d:2e:ec:c1',138,61,130,1,129,NULL,'2009-06-19','2011-11-01',NULL,NULL,1143.00,0,0,1,0,1,1,NULL,NULL,NULL,NULL,NULL,'--- !ruby/hash:ActiveSupport::HashWithIndifferentAccess\nanschaffungskategorie: AV-Technik\nreference: invoice\numzug: zgeln\nankunftszustand: intakt\n','2011-11-01 10:51:56','2011-11-01 10:51:56'),(131,'d699ekoh9nsfpqdg4rnl61','98:54:88:fe:db:fc-88:50:ae:aa:f4:04-62:52:a4:fe:c3:35',139,61,131,1,129,NULL,'2008-08-22','2011-11-01',NULL,NULL,1091.00,0,0,1,0,1,1,NULL,NULL,NULL,NULL,NULL,'--- !ruby/hash:ActiveSupport::HashWithIndifferentAccess\nanschaffungskategorie: AV-Technik\nreference: invoice\numzug: zgeln\nankunftszustand: intakt\n','2011-11-01 10:51:56','2011-11-01 10:51:56'),(132,'fliyqasd4rvta1id7rbv62','71:dd:3c:b6:1e:92-10:46:30:52:74:94-74:66:4f:1f:d0:c8',140,61,132,1,129,NULL,'2007-11-22','2011-11-01',NULL,NULL,1149.00,0,0,1,0,1,1,NULL,NULL,NULL,NULL,NULL,'--- !ruby/hash:ActiveSupport::HashWithIndifferentAccess\nanschaffungskategorie: AV-Technik\nreference: invoice\numzug: zgeln\nankunftszustand: intakt\n','2011-11-01 10:51:56','2011-11-01 10:51:56'),(133,'5ry07ck4bejxpnlxr8t063','19:02:73:57:bd:44-29:e1:a3:08:26:a0-13:26:67:26:69:79',132,65,133,1,NULL,NULL,'2010-07-18','2011-11-01',NULL,NULL,128.00,0,0,1,0,1,1,NULL,NULL,NULL,NULL,NULL,'--- !ruby/hash:ActiveSupport::HashWithIndifferentAccess\nanschaffungskategorie: AV-Technik\nreference: invoice\numzug: zgeln\nankunftszustand: intakt\n','2011-11-01 10:51:56','2011-11-01 10:51:56'),(134,'xq1ebfgnmp3fp0pltswc64','6a:b6:37:eb:df:b0-8d:93:d6:8e:12:a5-e7:6a:ee:28:d0:7e',142,65,134,1,133,NULL,'2009-11-13','2011-11-01',NULL,NULL,1129.00,0,0,1,0,1,1,NULL,NULL,NULL,NULL,NULL,'--- !ruby/hash:ActiveSupport::HashWithIndifferentAccess\nanschaffungskategorie: AV-Technik\nreference: invoice\numzug: zgeln\nankunftszustand: intakt\n','2011-11-01 10:51:56','2011-11-01 10:51:56'),(135,'x9za0b4vzwurdkk4o6wc65','30:d5:f1:26:ad:99-c7:9c:45:09:a4:24-c8:aa:29:05:7c:d4',143,65,135,1,133,NULL,'2007-01-20','2011-11-01',NULL,NULL,327.00,0,0,1,0,1,1,NULL,NULL,NULL,NULL,NULL,'--- !ruby/hash:ActiveSupport::HashWithIndifferentAccess\nanschaffungskategorie: AV-Technik\nreference: invoice\numzug: zgeln\nankunftszustand: intakt\n','2011-11-01 10:51:56','2011-11-01 10:51:56'),(136,'a2n7ez9o7hgbbj2j5vi466','17:0d:9b:7a:9f:b7-41:64:c4:82:a2:51-ab:d2:42:ed:05:28',144,65,136,1,133,NULL,'2006-12-12','2011-11-01',NULL,NULL,1432.00,0,0,1,0,1,1,NULL,NULL,NULL,NULL,NULL,'--- !ruby/hash:ActiveSupport::HashWithIndifferentAccess\nanschaffungskategorie: AV-Technik\nreference: invoice\numzug: zgeln\nankunftszustand: intakt\n','2011-11-01 10:51:56','2011-11-01 10:51:56'),(137,'84qyxi32gg9w04kx69q467','88:b9:b0:ff:93:33-54:0d:68:3e:38:b0-4e:23:bd:ac:e9:b6',119,69,137,2,NULL,NULL,'2009-04-01','2011-11-01',NULL,NULL,931.00,0,0,1,0,2,1,NULL,NULL,NULL,NULL,NULL,'--- !ruby/hash:ActiveSupport::HashWithIndifferentAccess\nanschaffungskategorie: AV-Technik\nreference: invoice\numzug: zgeln\nankunftszustand: intakt\n','2011-11-01 10:51:56','2011-11-01 10:51:56'),(138,'9k5saa4vrlzkhm2wbxv268','70:25:2e:1f:cc:bc-c1:fe:78:4c:54:94-8a:2f:13:07:fe:27',146,69,138,2,137,NULL,'2007-06-10','2011-11-01',NULL,NULL,962.00,0,0,1,0,2,1,NULL,NULL,NULL,NULL,NULL,'--- !ruby/hash:ActiveSupport::HashWithIndifferentAccess\nanschaffungskategorie: AV-Technik\nreference: invoice\numzug: zgeln\nankunftszustand: intakt\n','2011-11-01 10:51:56','2011-11-01 10:51:56'),(139,'fvr92v0w15i3vlm9i2h669','4f:71:1d:79:e7:bf-23:14:69:d0:2b:a8-d7:a5:0d:4c:4b:48',147,69,139,2,137,NULL,'2007-02-25','2011-11-01',NULL,NULL,1314.00,0,0,1,0,2,1,NULL,NULL,NULL,NULL,NULL,'--- !ruby/hash:ActiveSupport::HashWithIndifferentAccess\nanschaffungskategorie: AV-Technik\nreference: invoice\numzug: zgeln\nankunftszustand: intakt\n','2011-11-01 10:51:56','2011-11-01 10:51:56'),(140,'5qc7271ptz20rnj427yg70','a3:ed:b4:ab:fb:ac-58:b2:b4:81:27:c7-9c:03:b6:55:fc:66',148,69,140,2,137,NULL,'2008-09-08','2011-11-01',NULL,NULL,26.00,0,0,1,0,2,1,NULL,NULL,NULL,NULL,NULL,'--- !ruby/hash:ActiveSupport::HashWithIndifferentAccess\nanschaffungskategorie: AV-Technik\nreference: invoice\numzug: zgeln\nankunftszustand: intakt\n','2011-11-01 10:51:56','2011-11-01 10:51:56'),(141,'cand5','cand5',84,44,141,1,NULL,NULL,'2008-04-04','2011-11-01',NULL,NULL,1112.00,0,0,0,0,1,1,NULL,NULL,NULL,NULL,NULL,'--- !ruby/hash:ActiveSupport::HashWithIndifferentAccess\nanschaffungskategorie: AV-Technik\nreference: invoice\numzug: zgeln\nankunftszustand: intakt\n','2011-11-01 10:51:56','2011-11-01 10:51:56'),(142,'beam21231','beamas12312',58,44,142,1,NULL,NULL,'2010-11-21','2011-11-01',NULL,NULL,930.00,0,0,0,0,1,1,NULL,NULL,NULL,NULL,NULL,'--- !ruby/hash:ActiveSupport::HashWithIndifferentAccess\nanschaffungskategorie: AV-Technik\nreference: invoice\numzug: zgeln\nankunftszustand: intakt\n','2011-11-01 10:51:56','2011-11-01 10:51:56'),(143,'hifi345','hifi345',115,44,143,1,NULL,NULL,'2006-08-28','2011-11-01',NULL,NULL,39.00,0,0,0,0,1,1,NULL,NULL,NULL,NULL,NULL,'--- !ruby/hash:ActiveSupport::HashWithIndifferentAccess\nanschaffungskategorie: AV-Technik\nreference: invoice\numzug: zgeln\nankunftszustand: intakt\n','2011-11-01 10:51:56','2011-11-01 10:51:56'),(144,'iMac1','iMac5',150,44,144,1,NULL,NULL,'2010-11-30','2011-11-01','2011-11-01','This Item is gone',966.00,0,0,1,0,1,1,NULL,NULL,NULL,NULL,NULL,'--- !ruby/hash:ActiveSupport::HashWithIndifferentAccess\nanschaffungskategorie: AV-Technik\nreference: invoice\numzug: zgeln\nankunftszustand: intakt\n','2011-11-01 10:51:56','2011-11-01 10:51:56'),(145,'iMac2','iMac6',150,44,145,3,NULL,NULL,'2010-11-26','2011-11-01','2011-11-01','This Item is gone',1178.00,0,0,1,0,1,1,NULL,NULL,NULL,NULL,NULL,'--- !ruby/hash:ActiveSupport::HashWithIndifferentAccess\nanschaffungskategorie: AV-Technik\nreference: invoice\numzug: zgeln\nankunftszustand: intakt\n','2011-11-01 10:51:56','2011-11-01 10:51:56'),(146,'ghfx0a','931vyt',117,44,146,1,NULL,NULL,'2006-07-18','2011-11-01','2011-11-01','This Item is gone',1214.00,0,0,1,0,1,1,NULL,NULL,NULL,NULL,NULL,'--- !ruby/hash:ActiveSupport::HashWithIndifferentAccess\nanschaffungskategorie: AV-Technik\nreference: invoice\numzug: zgeln\nankunftszustand: intakt\n','2011-11-01 10:51:56','2011-11-01 10:51:56'),(147,'640zcs','a1ofqc',117,44,147,1,NULL,NULL,'2007-07-19','2011-11-01',NULL,NULL,1211.00,0,0,1,0,1,1,NULL,NULL,NULL,NULL,NULL,'--- !ruby/hash:ActiveSupport::HashWithIndifferentAccess\nanschaffungskategorie: AV-Technik\nreference: invoice\numzug: zgeln\nankunftszustand: intakt\n','2011-11-01 10:51:56','2011-11-01 10:51:56'),(148,'wlaptop1','wlaptop1',151,44,148,1,NULL,NULL,'2009-02-13','2011-11-01',NULL,NULL,827.00,1,0,1,0,1,1,NULL,NULL,NULL,NULL,NULL,'--- !ruby/hash:ActiveSupport::HashWithIndifferentAccess\nanschaffungskategorie: AV-Technik\nreference: invoice\numzug: zgeln\nankunftszustand: intakt\n','2011-11-01 10:51:56','2011-11-01 10:51:56'),(149,'v120d02','v120d02',152,44,149,1,NULL,NULL,'2010-05-02','2011-11-01',NULL,NULL,473.00,0,1,1,0,1,1,NULL,NULL,NULL,NULL,NULL,'--- !ruby/hash:ActiveSupport::HashWithIndifferentAccess\nanschaffungskategorie: AV-Technik\nreference: invoice\numzug: zgeln\nankunftszustand: intakt\n','2011-11-01 10:51:56','2011-11-01 10:51:56'),(150,'k2c64d0bupx34hapu6qh71','4e:45:25:33:84:4a-06:f1:df:68:fd:93-80:9f:42:4d:3f:2d',152,73,150,1,NULL,NULL,'2007-12-19','2011-11-01','2011-11-01','Sunt blanditiis provident ducimus optio placeat necessitatibus accusantium.',607.00,1,1,0,0,1,1,NULL,NULL,NULL,NULL,NULL,'--- !ruby/hash:ActiveSupport::HashWithIndifferentAccess\nanschaffungskategorie: AV-Technik\nreference: invoice\numzug: zgeln\nankunftszustand: intakt\n','2011-11-01 10:51:56','2011-11-01 10:51:56'),(151,'v120d022g','v120d022g',153,44,151,1,NULL,NULL,'2008-05-26','2011-11-01',NULL,NULL,1367.00,0,0,1,0,1,1,NULL,NULL,NULL,NULL,NULL,'--- !ruby/hash:ActiveSupport::HashWithIndifferentAccess\nanschaffungskategorie: AV-Technik\nreference: invoice\numzug: zgeln\nankunftszustand: intakt\n','2011-11-01 10:51:56','2011-11-01 10:51:56'),(152,'v120d022g2','v120d022g2',153,44,152,1,NULL,NULL,'2009-11-08','2011-11-01',NULL,NULL,492.00,0,0,1,0,1,1,NULL,NULL,NULL,NULL,NULL,'--- !ruby/hash:ActiveSupport::HashWithIndifferentAccess\nanschaffungskategorie: AV-Technik\nreference: invoice\numzug: zgeln\nankunftszustand: intakt\n','2011-11-01 10:51:56','2011-11-01 10:51:56'),(153,'beam897','xyz890',58,44,153,1,NULL,NULL,'2009-04-06','2011-11-01',NULL,NULL,30.00,0,0,1,0,2,1,NULL,NULL,NULL,NULL,NULL,'--- !ruby/hash:ActiveSupport::HashWithIndifferentAccess\nanschaffungskategorie: AV-Technik\nreference: invoice\numzug: zgeln\nankunftszustand: intakt\n','2011-11-01 10:51:56','2011-11-01 10:51:56'),(154,'minibeam12','xyz890',60,44,154,1,NULL,NULL,'2010-09-16','2011-11-01',NULL,NULL,428.00,0,0,1,0,2,1,NULL,NULL,NULL,NULL,NULL,'--- !ruby/hash:ActiveSupport::HashWithIndifferentAccess\nanschaffungskategorie: AV-Technik\nreference: invoice\numzug: zgeln\nankunftszustand: intakt\n','2011-11-01 10:51:56','2011-11-01 10:51:56'),(155,'minibeam34','xyz890',60,44,155,1,NULL,NULL,'2008-10-06','2011-11-01',NULL,NULL,88.00,0,0,1,0,3,1,NULL,NULL,NULL,NULL,NULL,'--- !ruby/hash:ActiveSupport::HashWithIndifferentAccess\nanschaffungskategorie: AV-Technik\nreference: invoice\numzug: zgeln\nankunftszustand: intakt\n','2011-11-01 10:51:56','2011-11-01 10:51:56'),(156,'15edvmxygv9cmv3ao9l972','87:49:c5:32:88:67-cb:12:d0:04:fb:16-a0:5d:23:5c:73:e9',155,NULL,NULL,1,NULL,NULL,NULL,NULL,NULL,NULL,NULL,0,0,0,0,1,0,NULL,NULL,NULL,NULL,NULL,'--- !ruby/hash:ActiveSupport::HashWithIndifferentAccess\nlicense_type: single_workplace\nactivation_type: serial_number\noperating_system:\n- windows\n- linux\ninstallation:\n- citrix\n- web\nreference: invoice\nmaintenance_contract: \'false\'\n','2011-11-01 10:51:56','2011-11-01 10:51:56'),(157,'tw8j7v4qj355kw2bv45s73','76:0f:a7:64:13:19-1b:82:9e:f9:8b:dc-64:cf:78:3d:65:de',156,NULL,NULL,1,NULL,NULL,NULL,NULL,NULL,NULL,NULL,0,0,0,0,1,0,NULL,NULL,NULL,NULL,NULL,'--- !ruby/hash:ActiveSupport::HashWithIndifferentAccess\nlicense_type: single_workplace\nactivation_type: serial_number\noperating_system:\n- windows\n- linux\ninstallation:\n- citrix\n- web\nprocured_by: Mike H.\nreference: invoice\nmaintenance_contract: \'false\'\n','2011-11-01 10:51:56','2011-11-01 10:51:56'),(158,'84x3e4pnf7w909urqql474','f2:65:e7:16:fd:bc-2f:42:fc:88:73:09-5f:c2:0e:1f:ff:53',157,NULL,NULL,1,NULL,NULL,NULL,NULL,NULL,NULL,NULL,0,0,1,0,2,0,NULL,NULL,NULL,NULL,NULL,'--- !ruby/hash:ActiveSupport::HashWithIndifferentAccess\nlicense_type: single_workplace\nactivation_type: serial_number\noperating_system:\n- windows\n- linux\ninstallation:\n- citrix\n- web\nreference: invoice\nmaintenance_contract: \'false\'\n','2011-11-01 10:51:56','2011-11-01 10:51:56'),(159,'3vwxpwys7aagf200z9b075','36:0b:42:42:53:7f-f7:85:ef:23:c9:66-a4:7e:94:f0:fa:ee',158,NULL,NULL,1,NULL,NULL,NULL,NULL,'2011-11-01','Dolore exercitationem distinctio iure occaecati nemo.',NULL,0,0,1,0,1,0,NULL,NULL,NULL,NULL,NULL,'--- !ruby/hash:ActiveSupport::HashWithIndifferentAccess\nlicense_type: single_workplace\nactivation_type: serial_number\noperating_system:\n- windows\n- linux\ninstallation:\n- citrix\n- web\nreference: invoice\nmaintenance_contract: \'false\'\n','2011-11-01 10:51:56','2011-11-01 10:51:56'),(160,'deo3i2071lawzkki6sxf76','81:ef:98:81:98:09-fd:76:8f:3f:e5:00-3c:b4:2d:8c:56:4d',159,NULL,NULL,2,NULL,NULL,NULL,NULL,'2011-11-01','Eaque vitae aliquam voluptatum voluptate ut consequuntur.',NULL,0,0,1,0,1,0,NULL,NULL,NULL,NULL,NULL,'--- !ruby/hash:ActiveSupport::HashWithIndifferentAccess\nlicense_type: single_workplace\nactivation_type: serial_number\noperating_system:\n- windows\n- linux\ninstallation:\n- citrix\n- web\nreference: invoice\nmaintenance_contract: \'false\'\n','2011-11-01 10:51:56','2011-11-01 10:51:56'),(161,'jfz9ji99wskl3yt7dttt77','b8:ad:e1:0a:68:61-ab:b3:fe:fc:ca:df-97:70:ce:c2:76:eb',160,NULL,NULL,2,NULL,NULL,NULL,NULL,NULL,NULL,NULL,0,0,1,0,2,0,NULL,NULL,NULL,NULL,NULL,'--- !ruby/hash:ActiveSupport::HashWithIndifferentAccess\nlicense_type: single_workplace\nactivation_type: serial_number\noperating_system:\n- windows\n- linux\ninstallation:\n- citrix\n- web\nprocured_by: Keven Stark\nreference: invoice\nmaintenance_contract: \'false\'\n','2011-11-01 10:51:56','2011-11-01 10:51:56'),(162,'2uxtd82ig0udmlsvbfn178','8b:65:5c:59:0d:3e-53:37:48:c5:70:42-79:15:5a:05:37:61',161,NULL,NULL,1,NULL,NULL,'2011-11-01',NULL,NULL,NULL,NULL,0,0,0,0,1,0,NULL,NULL,NULL,NULL,NULL,'--- !ruby/hash:ActiveSupport::HashWithIndifferentAccess\nlicense_expiration: \'2011-11-01\'\nmaintenance_contract: \'true\'\nmaintenance_expiration: \'2011-11-01\'\nreference: invoice\nactivation_type: none\nlicense_type: free\n','2011-11-01 10:51:56','2011-11-01 10:51:56'),(163,'cj83iq667a6hnx57c2sa79','b9:ca:22:3d:be:17-a6:58:7c:a8:6c:b0-d9:3c:13:7f:d6:10',162,NULL,NULL,1,NULL,NULL,NULL,NULL,NULL,NULL,NULL,0,0,0,0,1,0,NULL,NULL,NULL,NULL,NULL,'--- !ruby/hash:ActiveSupport::HashWithIndifferentAccess\nquantity_allocations:\n- !ruby/hash:ActiveSupport::HashWithIndifferentAccess\n  room: quo\n  quantity: 30\n- !ruby/hash:ActiveSupport::HashWithIndifferentAccess\n  room: et\n  quantity: 9\nreference: invoice\nactivation_type: none\nlicense_type: free\nmaintenance_contract: \'false\'\n','2011-11-01 10:51:56','2011-11-01 10:51:56'),(164,'q7oi2a5ikb9rtskyl77j80','6a:b1:79:64:e3:e8-af:db:4c:ad:bf:5c-64:94:78:64:bf:9a',164,NULL,NULL,1,NULL,NULL,NULL,NULL,NULL,NULL,NULL,0,0,0,0,1,0,NULL,NULL,NULL,NULL,NULL,'--- !ruby/hash:ActiveSupport::HashWithIndifferentAccess\noperating_system:\n- windows\n- linux\nlicense_type: site_license\ntotal_quantity: 270\nquantity_allocations:\n- !ruby/hash:ActiveSupport::HashWithIndifferentAccess\n  room: et\n  quantity: 11\n- !ruby/hash:ActiveSupport::HashWithIndifferentAccess\n  room: voluptates\n  quantity: 16\nreference: invoice\nactivation_type: none\nmaintenance_contract: \'false\'\n','2011-11-01 10:51:56','2011-11-01 10:51:56'),(165,'d1w8j04hoxx9zku616zc81','4c:05:13:6e:d2:37-fb:46:a3:97:d1:e4-5b:88:2c:cb:0c:d4',166,74,156,1,NULL,NULL,'2008-05-07','2011-11-01',NULL,NULL,1058.00,0,0,1,0,1,1,NULL,NULL,NULL,NULL,NULL,'--- !ruby/hash:ActiveSupport::HashWithIndifferentAccess\nanschaffungskategorie: AV-Technik\nreference: invoice\numzug: zgeln\nankunftszustand: intakt\n','2011-11-01 10:51:56','2011-11-01 10:51:56'),(166,'ign7kbrcv0au19yr7wu382','54:b1:7e:88:b1:bb-c2:92:d0:17:85:7e-a8:e9:e1:a2:b0:ca',167,NULL,NULL,1,NULL,NULL,NULL,NULL,NULL,NULL,NULL,0,0,1,0,1,0,NULL,NULL,NULL,NULL,NULL,'--- !ruby/hash:ActiveSupport::HashWithIndifferentAccess\nlicense_type: single_workplace\nactivation_type: serial_number\noperating_system:\n- windows\n- linux\ninstallation:\n- citrix\n- web\nprocured_by: Gino F.\nreference: invoice\nmaintenance_contract: \'false\'\n','2011-11-01 10:51:56','2011-11-01 10:51:56'),(167,'ilkrhplzh91jv08m9ujq83','22:81:7b:1a:fc:6f-2d:42:01:33:26:e6-7d:17:c6:63:e7:1f',168,75,157,10,NULL,NULL,'2008-11-17','2011-10-27',NULL,NULL,1203.00,0,0,1,0,2,1,NULL,NULL,NULL,NULL,NULL,'--- !ruby/hash:ActiveSupport::HashWithIndifferentAccess\nanschaffungskategorie: AV-Technik\nreference: invoice\numzug: zgeln\nankunftszustand: intakt\n','2011-10-27 00:00:00','2011-10-27 00:00:00'),(168,'7k143x32ua5ua095iveu84','8a:dd:a1:86:d4:b5-ca:6f:bf:5d:32:2b-40:97:d2:1b:56:8f',168,76,158,5,NULL,NULL,'2006-06-08','2011-10-27',NULL,NULL,215.00,0,0,1,0,2,1,NULL,NULL,NULL,NULL,NULL,'--- !ruby/hash:ActiveSupport::HashWithIndifferentAccess\nanschaffungskategorie: AV-Technik\nreference: invoice\numzug: zgeln\nankunftszustand: intakt\n','2011-10-27 00:00:00','2011-10-27 00:00:00'),(169,'hpk8pj2iv1l933qomy9x85','6a:07:9e:9f:de:56-f5:89:6d:8a:cc:67-ea:10:4e:05:84:05',168,77,159,8,NULL,NULL,'2006-03-08','2011-10-27',NULL,NULL,282.00,0,0,1,0,2,1,NULL,NULL,NULL,NULL,NULL,'--- !ruby/hash:ActiveSupport::HashWithIndifferentAccess\nanschaffungskategorie: AV-Technik\nreference: invoice\numzug: zgeln\nankunftszustand: intakt\n','2011-10-27 00:00:00','2011-10-27 00:00:00'),(170,'423ci7w1qg2iw355qv6786','27:a1:aa:22:89:24-7b:55:cb:97:f7:05-52:3f:55:03:55:4f',172,78,160,1,NULL,NULL,'2007-06-20','2011-11-01','2011-11-01','Enim enim nesciunt autem ut dolorem sequi et.',1117.00,0,0,1,0,1,1,NULL,NULL,NULL,NULL,NULL,'--- !ruby/hash:ActiveSupport::HashWithIndifferentAccess\nanschaffungskategorie: AV-Technik\nreference: invoice\numzug: zgeln\nankunftszustand: intakt\n','2011-11-01 10:51:56','2011-11-01 10:51:56'),(171,'b8gr8lq0k228e18fj96n87','44:8a:66:12:4b:44-7d:ea:99:f0:df:6c-dc:5f:8f:de:f4:d7',173,79,161,2,NULL,NULL,'2006-04-01','2011-11-01',NULL,NULL,1161.00,0,0,1,0,2,1,NULL,NULL,NULL,NULL,NULL,'--- !ruby/hash:ActiveSupport::HashWithIndifferentAccess\nanschaffungskategorie: AV-Technik\nreference: invoice\numzug: zgeln\nankunftszustand: intakt\n','2011-11-01 10:51:56','2011-11-01 10:51:56'),(172,'zcnmare0wgljk7kqx4c488','26:ae:de:29:e9:a9-42:c7:45:a8:34:2b-21:42:96:f5:6a:87',174,80,162,8,NULL,NULL,'2008-03-14','2011-11-01',NULL,NULL,1499.00,0,0,1,0,13,1,NULL,NULL,NULL,NULL,NULL,'--- !ruby/hash:ActiveSupport::HashWithIndifferentAccess\nanschaffungskategorie: AV-Technik\nreference: invoice\numzug: zgeln\nankunftszustand: intakt\n','2011-11-01 10:51:56','2011-11-01 10:51:56'),(173,'hjy8wf6oz6fnj1ogkw5p89','c8:24:88:0a:29:a6-ad:0b:41:67:b7:84-41:3e:10:e2:eb:f1',175,81,163,5,NULL,NULL,'2009-08-11','2011-11-01',NULL,NULL,1485.00,0,0,1,0,14,1,NULL,NULL,NULL,NULL,NULL,'--- !ruby/hash:ActiveSupport::HashWithIndifferentAccess\nanschaffungskategorie: AV-Technik\nreference: invoice\numzug: zgeln\nankunftszustand: intakt\n','2011-11-01 10:51:56','2011-11-01 10:51:56'),(174,'56iil1uau9b913vyinrs90','3d:5b:6f:99:37:38-84:ce:ea:ec:5f:b2-7a:79:06:06:6e:73',176,82,164,6,NULL,NULL,'2006-05-31','2011-11-01',NULL,NULL,727.00,0,0,1,0,15,1,NULL,NULL,NULL,NULL,NULL,'--- !ruby/hash:ActiveSupport::HashWithIndifferentAccess\nanschaffungskategorie: AV-Technik\nreference: invoice\numzug: zgeln\nankunftszustand: intakt\n','2011-11-01 10:51:56','2011-11-01 10:51:56'),(175,'hsja9d82x2w9qvhn8e1d91','cc:55:5c:e0:56:ca-32:e1:aa:eb:9e:ce-30:69:1b:78:74:dc',177,83,165,9,NULL,NULL,'2008-09-11','2011-11-01',NULL,NULL,919.00,0,0,1,0,1,1,NULL,NULL,NULL,NULL,NULL,'--- !ruby/hash:ActiveSupport::HashWithIndifferentAccess\nanschaffungskategorie: AV-Technik\nreference: invoice\numzug: zgeln\nankunftszustand: intakt\n','2011-11-01 10:51:56','2011-11-01 10:51:56'),(176,'wiq514bn62ueopg4x22y92','a2:24:76:28:1d:09-60:a8:d4:79:46:73-a8:6b:03:27:c8:0d',178,84,166,14,NULL,NULL,'2006-07-12','2011-11-01',NULL,NULL,1072.00,0,0,1,0,1,1,NULL,NULL,NULL,NULL,NULL,'--- !ruby/hash:ActiveSupport::HashWithIndifferentAccess\nanschaffungskategorie: AV-Technik\nreference: invoice\numzug: zgeln\nankunftszustand: intakt\n','2011-11-01 10:51:56','2011-11-01 10:51:56'),(177,'sa6dsqv7gxm53mnl660j93','80:97:ef:f2:e5:b2-eb:32:48:50:63:f2-7b:34:3f:d3:88:74',179,85,167,15,NULL,NULL,'2009-06-07','2011-11-01',NULL,NULL,448.00,0,0,1,0,1,1,NULL,NULL,NULL,NULL,NULL,'--- !ruby/hash:ActiveSupport::HashWithIndifferentAccess\nanschaffungskategorie: AV-Technik\nreference: invoice\numzug: zgeln\nankunftszustand: intakt\n','2011-11-01 10:51:56','2011-11-01 10:51:56'),(178,'yvtjkzmlku8wt2pkpta094','2b:22:ac:a2:49:d4-66:74:f4:50:db:66-f5:3f:d5:94:8b:57',180,86,168,1,NULL,NULL,'2009-12-18','2011-11-01',NULL,NULL,1370.00,0,0,1,0,1,1,NULL,NULL,NULL,NULL,NULL,'--- !ruby/hash:ActiveSupport::HashWithIndifferentAccess\nanschaffungskategorie: AV-Technik\nreference: invoice\numzug: zgeln\nankunftszustand: intakt\n','2011-11-01 10:51:56','2011-11-01 10:51:56'),(179,'0p7v5v8upjyiwpyw8p7p95','1e:bb:e0:6f:8d:41-7b:a2:01:33:14:7e-90:ec:e8:cf:4b:2f',181,87,169,3,NULL,NULL,'2008-08-11','2011-11-01',NULL,NULL,83.00,0,0,1,0,1,1,NULL,NULL,NULL,NULL,NULL,'--- !ruby/hash:ActiveSupport::HashWithIndifferentAccess\nanschaffungskategorie: AV-Technik\nreference: invoice\numzug: zgeln\nankunftszustand: intakt\n','2011-11-01 10:51:56','2011-11-01 10:51:56'),(180,'y5vikq1qygw76pzzqcwj96','3b:ce:6d:74:1e:dd-68:3d:80:e0:ef:b6-a9:60:bd:e7:8a:72',182,88,170,13,NULL,NULL,'2010-01-07','2011-11-01',NULL,NULL,379.00,0,0,1,0,1,1,NULL,NULL,NULL,NULL,NULL,'--- !ruby/hash:ActiveSupport::HashWithIndifferentAccess\nanschaffungskategorie: AV-Technik\nreference: invoice\numzug: zgeln\nankunftszustand: intakt\n','2011-11-01 10:51:56','2011-11-01 10:51:56'),(181,'5j05cryerj91p8orozhq97','a2:bd:ae:fe:ab:36-d9:e5:8c:df:d7:c8-92:17:d4:ba:6e:59',183,89,171,6,NULL,NULL,'2008-10-17','2011-11-01',NULL,NULL,488.00,0,0,1,0,1,1,NULL,NULL,NULL,NULL,NULL,'--- !ruby/hash:ActiveSupport::HashWithIndifferentAccess\nanschaffungskategorie: AV-Technik\nreference: invoice\numzug: zgeln\nankunftszustand: intakt\n','2011-11-01 10:51:56','2011-11-01 10:51:56'),(182,'bcc8oeu1tq32rsrckfmt98','7a:6b:26:df:90:99-fd:6a:6f:f7:4a:57-b4:69:61:2e:f5:47',184,90,172,13,NULL,NULL,'2006-10-20','2011-11-01',NULL,NULL,613.00,0,0,1,0,1,1,NULL,NULL,NULL,NULL,NULL,'--- !ruby/hash:ActiveSupport::HashWithIndifferentAccess\nanschaffungskategorie: AV-Technik\nreference: invoice\numzug: zgeln\nankunftszustand: intakt\n','2011-11-01 10:51:56','2011-11-01 10:51:56'),(183,'z89hlwv58uukk06vnjgg99','e6:8e:76:57:5d:40-11:c1:d4:fb:ec:80-c2:8b:30:16:78:d2',185,91,173,10,NULL,NULL,'2007-07-27','2011-11-01',NULL,NULL,803.00,0,0,1,0,1,1,NULL,NULL,NULL,NULL,NULL,'--- !ruby/hash:ActiveSupport::HashWithIndifferentAccess\nanschaffungskategorie: AV-Technik\nreference: invoice\numzug: zgeln\nankunftszustand: intakt\n','2011-11-01 10:51:56','2011-11-01 10:51:56'),(184,'9xh5n4xka3gvltcu79zu100','c0:19:77:63:67:5d-28:f6:11:13:64:ce-eb:25:9e:4b:b1:04',186,92,174,13,NULL,NULL,'2006-04-11','2011-11-01',NULL,NULL,1128.00,0,0,1,0,1,1,NULL,NULL,NULL,NULL,NULL,'--- !ruby/hash:ActiveSupport::HashWithIndifferentAccess\nanschaffungskategorie: AV-Technik\nreference: invoice\numzug: zgeln\nankunftszustand: intakt\n','2011-11-01 10:51:56','2011-11-01 10:51:56'),(185,'78u4m2s12usrvxfluqtz101','c7:17:8c:bb:c3:e5-bb:88:10:13:5e:e2-3c:9c:25:ec:47:76',187,93,175,1,NULL,NULL,'2006-03-12','2011-11-01',NULL,NULL,109.00,0,0,1,0,1,1,NULL,NULL,NULL,NULL,NULL,'--- !ruby/hash:ActiveSupport::HashWithIndifferentAccess\nanschaffungskategorie: AV-Technik\nreference: invoice\numzug: zgeln\nankunftszustand: intakt\n','2011-11-01 10:51:56','2011-11-01 10:51:56'),(186,'cdebpnxla64lou14qq9q102','8c:62:7b:a8:62:2e-84:8e:e9:2e:34:f8-4f:f8:82:e2:a0:54',188,94,176,13,NULL,NULL,'2008-08-22','2011-11-01',NULL,NULL,700.00,0,0,1,0,1,1,NULL,NULL,NULL,NULL,NULL,'--- !ruby/hash:ActiveSupport::HashWithIndifferentAccess\nanschaffungskategorie: AV-Technik\nreference: invoice\numzug: zgeln\nankunftszustand: intakt\n','2011-11-01 10:51:56','2011-11-01 10:51:56'),(187,'tvkync9vpllpv7nsfefx103','71:92:33:bc:48:09-25:99:32:c9:5f:20-bf:68:bd:f8:d7:a3',189,95,177,12,NULL,NULL,'2008-07-16','2011-11-01',NULL,NULL,17.00,0,0,1,0,1,1,NULL,NULL,NULL,NULL,NULL,'--- !ruby/hash:ActiveSupport::HashWithIndifferentAccess\nanschaffungskategorie: AV-Technik\nreference: invoice\numzug: zgeln\nankunftszustand: intakt\n','2011-11-01 10:51:56','2011-11-01 10:51:56'),(188,'9nkrmyjnecqxz9fgkhok104','c3:4a:57:20:33:14-cd:f6:72:7e:09:5e-bd:28:3b:a5:50:6e',190,96,178,6,NULL,NULL,'2007-08-07','2011-10-27',NULL,NULL,35.00,0,0,1,0,1,1,NULL,NULL,NULL,NULL,NULL,'--- !ruby/hash:ActiveSupport::HashWithIndifferentAccess\nanschaffungskategorie: AV-Technik\nreference: invoice\numzug: zgeln\nankunftszustand: intakt\n','2011-10-27 00:00:00','2011-10-27 00:00:00'),(189,'16spiygsbc5lcrnnbxuq105','5c:f0:9c:5b:45:08-bb:aa:e7:86:26:73-ac:aa:83:15:c1:32',191,97,179,9,NULL,NULL,'2010-08-07','2011-10-27',NULL,NULL,994.00,0,0,1,0,1,1,NULL,NULL,NULL,NULL,NULL,'--- !ruby/hash:ActiveSupport::HashWithIndifferentAccess\nanschaffungskategorie: AV-Technik\nreference: invoice\numzug: zgeln\nankunftszustand: intakt\n','2011-10-27 00:00:00','2011-10-27 00:00:00'),(190,'qv7r8m0vkic9rqh7uwhi106','81:e1:8b:46:a2:e4-be:98:bb:fc:a9:be-a4:f2:f4:22:05:e9',192,98,180,10,NULL,NULL,'2010-02-21','2011-10-27',NULL,NULL,1319.00,0,0,1,0,1,1,NULL,NULL,NULL,NULL,NULL,'--- !ruby/hash:ActiveSupport::HashWithIndifferentAccess\nanschaffungskategorie: AV-Technik\nreference: invoice\numzug: zgeln\nankunftszustand: intakt\n','2011-10-27 00:00:00','2011-10-27 00:00:00'),(191,'lcpbw26aft1sp4yf7tr6107','13:1d:45:f5:6b:b4-f4:c2:98:dd:d7:aa-88:cc:08:a2:ba:1b',193,99,181,10,NULL,NULL,'2007-04-28','2011-10-27',NULL,NULL,258.00,0,0,1,0,1,1,NULL,NULL,NULL,NULL,NULL,'--- !ruby/hash:ActiveSupport::HashWithIndifferentAccess\nanschaffungskategorie: AV-Technik\nreference: invoice\numzug: zgeln\nankunftszustand: intakt\n','2011-10-27 00:00:00','2011-10-27 00:00:00'),(192,'zwu63og8xvwjmruubj1k108','64:05:7a:0a:7d:96-bf:7e:ff:c9:67:37-c2:35:70:7a:fa:57',194,100,182,2,NULL,NULL,'2006-08-29','2011-10-27',NULL,NULL,1151.00,0,0,1,0,1,1,NULL,NULL,NULL,NULL,NULL,'--- !ruby/hash:ActiveSupport::HashWithIndifferentAccess\nanschaffungskategorie: AV-Technik\nreference: invoice\numzug: zgeln\nankunftszustand: intakt\n','2011-10-27 00:00:00','2011-10-27 00:00:00'),(193,'zadclyefz703cgq8mrif109','20:1c:7f:0b:34:11-e6:04:11:52:49:55-dc:d0:b7:e1:0a:0b',195,101,183,7,NULL,NULL,'2008-06-03','2011-11-01',NULL,NULL,823.00,0,0,1,0,3,1,NULL,NULL,NULL,NULL,NULL,'--- !ruby/hash:ActiveSupport::HashWithIndifferentAccess\nanschaffungskategorie: AV-Technik\nreference: invoice\numzug: zgeln\nankunftszustand: intakt\n','2011-11-01 10:51:56','2011-11-01 10:51:56'),(194,'ishaptldfo11dj4ekotr110','2d:1e:f7:af:b5:b7-4e:93:c6:c1:61:94-ed:61:56:56:69:7d',195,102,184,14,NULL,NULL,'2006-07-10','2011-11-01',NULL,NULL,55.00,0,0,1,0,3,1,NULL,NULL,NULL,NULL,NULL,'--- !ruby/hash:ActiveSupport::HashWithIndifferentAccess\nanschaffungskategorie: AV-Technik\nreference: invoice\numzug: zgeln\nankunftszustand: intakt\n','2011-11-01 10:51:56','2011-11-01 10:51:56'),(195,'zvw01sisahndxel3vk7y111','17:7f:94:0d:01:93-e5:d8:94:34:9a:24-45:4b:92:7f:62:44',195,103,185,5,NULL,NULL,'2009-01-10','2011-11-01',NULL,NULL,69.00,0,0,1,0,3,1,NULL,NULL,NULL,NULL,NULL,'--- !ruby/hash:ActiveSupport::HashWithIndifferentAccess\nanschaffungskategorie: AV-Technik\nreference: invoice\numzug: zgeln\nankunftszustand: intakt\n','2011-11-01 10:51:56','2011-11-01 10:51:56'),(196,'cxsmor2eevx5wngnkuzz112','20:ec:51:c2:b9:7e-1a:2c:11:c2:e9:1a-49:4c:e4:87:e1:a5',199,104,186,4,NULL,NULL,'2010-11-20','2011-11-01',NULL,NULL,1242.00,0,0,1,0,3,1,NULL,NULL,NULL,NULL,NULL,'--- !ruby/hash:ActiveSupport::HashWithIndifferentAccess\nanschaffungskategorie: AV-Technik\nreference: invoice\numzug: zgeln\nankunftszustand: intakt\n','2011-11-01 10:51:56','2011-11-01 10:51:56'),(197,'c4autp3pypf12bj38t2g113','51:ef:2c:78:5f:36-56:59:98:87:ed:bb-7a:34:c0:8b:49:1b',199,105,187,13,NULL,NULL,'2009-07-28','2011-11-01',NULL,NULL,1469.00,0,0,1,0,3,1,NULL,NULL,NULL,NULL,NULL,'--- !ruby/hash:ActiveSupport::HashWithIndifferentAccess\nanschaffungskategorie: AV-Technik\nreference: invoice\numzug: zgeln\nankunftszustand: intakt\n','2011-11-01 10:51:56','2011-11-01 10:51:56'),(198,'kthu5v7ficdwiobr2yov114','04:d3:cd:34:7b:2d-4a:06:3e:88:59:61-ef:aa:2d:f6:d7:d0',199,106,188,1,NULL,NULL,'2006-12-06','2011-11-01',NULL,NULL,327.00,0,0,1,0,3,1,NULL,NULL,NULL,NULL,NULL,'--- !ruby/hash:ActiveSupport::HashWithIndifferentAccess\nanschaffungskategorie: AV-Technik\nreference: invoice\numzug: zgeln\nankunftszustand: intakt\n','2011-11-01 10:51:56','2011-11-01 10:51:56'),(199,'71fs3lm25jxgs9ay0yti115','69:38:f1:c5:b1:37-37:5c:e8:6e:37:1e-30:26:7e:46:39:2c',203,107,189,6,NULL,NULL,'2007-11-22','2011-11-01',NULL,NULL,800.00,0,0,1,0,3,1,NULL,NULL,NULL,NULL,NULL,'--- !ruby/hash:ActiveSupport::HashWithIndifferentAccess\nanschaffungskategorie: AV-Technik\nreference: invoice\numzug: zgeln\nankunftszustand: intakt\n','2011-11-01 10:51:56','2011-11-01 10:51:56'),(200,'ajhwpdskvuakivnz4g8s116','4f:e2:f1:18:d3:06-cd:d7:20:8c:dc:65-f9:ef:d2:f8:de:48',203,108,190,5,NULL,NULL,'2009-03-15','2011-11-01',NULL,NULL,433.00,0,0,1,0,3,1,NULL,NULL,NULL,NULL,NULL,'--- !ruby/hash:ActiveSupport::HashWithIndifferentAccess\nanschaffungskategorie: AV-Technik\nreference: invoice\numzug: zgeln\nankunftszustand: intakt\n','2011-11-01 10:51:56','2011-11-01 10:51:56'),(201,'inldpgl0q3dqjho6rgac117','c5:98:fa:5a:3f:de-91:ff:95:4b:e1:40-f4:3d:80:a2:e1:2b',203,109,191,13,NULL,NULL,'2006-02-15','2011-11-01',NULL,NULL,1002.00,0,0,1,0,3,1,NULL,NULL,NULL,NULL,NULL,'--- !ruby/hash:ActiveSupport::HashWithIndifferentAccess\nanschaffungskategorie: AV-Technik\nreference: invoice\numzug: zgeln\nankunftszustand: intakt\n','2011-11-01 10:51:56','2011-11-01 10:51:56'),(202,'igc0wtdjvav5j667t5b3118','c6:89:9e:66:9c:0f-ef:b3:6d:df:98:03-ef:65:39:e6:d0:1b',207,110,192,2,NULL,NULL,'2007-02-20','2011-11-01',NULL,NULL,581.00,0,0,1,0,3,1,NULL,NULL,NULL,NULL,NULL,'--- !ruby/hash:ActiveSupport::HashWithIndifferentAccess\nanschaffungskategorie: AV-Technik\nreference: invoice\numzug: zgeln\nankunftszustand: intakt\n','2011-11-01 10:51:56','2011-11-01 10:51:56'),(203,'sj1qltoq40bk0vh8uaua119','c5:91:34:3e:1e:58-15:d3:b6:dc:58:55-66:14:d1:c0:36:e2',207,111,193,5,NULL,NULL,'2007-12-15','2011-11-01',NULL,NULL,440.00,0,0,1,0,3,1,NULL,NULL,NULL,NULL,NULL,'--- !ruby/hash:ActiveSupport::HashWithIndifferentAccess\nanschaffungskategorie: AV-Technik\nreference: invoice\numzug: zgeln\nankunftszustand: intakt\n','2011-11-01 10:51:56','2011-11-01 10:51:56'),(204,'9x4upuw2gssyeg79pfum120','f6:62:b5:10:77:f7-71:1e:c4:60:78:bf-2c:bf:88:fb:25:46',207,112,194,9,NULL,NULL,'2007-01-01','2011-11-01',NULL,NULL,1178.00,0,0,1,0,3,1,NULL,NULL,NULL,NULL,NULL,'--- !ruby/hash:ActiveSupport::HashWithIndifferentAccess\nanschaffungskategorie: AV-Technik\nreference: invoice\numzug: zgeln\nankunftszustand: intakt\n','2011-11-01 10:51:56','2011-11-01 10:51:56'),(205,'fkldz29ifim51l2u6n79121','d1:c2:af:2c:34:f5-33:33:09:41:2d:93-1d:60:a8:a2:c8:f5',211,113,195,5,NULL,NULL,'2008-04-30','2011-11-01',NULL,NULL,773.00,0,0,1,0,3,1,NULL,NULL,NULL,NULL,NULL,'--- !ruby/hash:ActiveSupport::HashWithIndifferentAccess\nanschaffungskategorie: AV-Technik\nreference: invoice\numzug: zgeln\nankunftszustand: intakt\n','2011-11-01 10:51:56','2011-11-01 10:51:56'),(206,'sl7iyzr48zvbplvuux8i122','78:52:2c:75:15:fe-49:b5:ce:59:6d:e8-43:a6:7c:e0:37:4d',211,114,196,14,NULL,NULL,'2006-01-24','2011-11-01',NULL,NULL,865.00,0,0,1,0,3,1,NULL,NULL,NULL,NULL,NULL,'--- !ruby/hash:ActiveSupport::HashWithIndifferentAccess\nanschaffungskategorie: AV-Technik\nreference: invoice\numzug: zgeln\nankunftszustand: intakt\n','2011-11-01 10:51:56','2011-11-01 10:51:56'),(207,'h2zkiam6808bitls1t1i123','c5:ec:bb:49:a5:cf-8b:1b:3f:5c:61:14-79:2f:b1:b1:b0:db',211,115,197,7,NULL,NULL,'2008-12-25','2011-11-01',NULL,NULL,817.00,0,0,1,0,3,1,NULL,NULL,NULL,NULL,NULL,'--- !ruby/hash:ActiveSupport::HashWithIndifferentAccess\nanschaffungskategorie: AV-Technik\nreference: invoice\numzug: zgeln\nankunftszustand: intakt\n','2011-11-01 10:51:56','2011-11-01 10:51:56'),(208,'uuurj31lmd5iwi8yahtv124','29:c3:26:2f:8c:2c-ff:41:50:1c:9b:81-30:f8:5e:19:a0:b3',215,116,198,9,NULL,NULL,'2009-11-16','2011-11-01',NULL,NULL,889.00,0,0,1,0,3,1,NULL,NULL,NULL,NULL,NULL,'--- !ruby/hash:ActiveSupport::HashWithIndifferentAccess\nanschaffungskategorie: AV-Technik\nreference: invoice\numzug: zgeln\nankunftszustand: intakt\n','2011-11-01 10:51:56','2011-11-01 10:51:56'),(209,'yc9hkociizyn62bmgafi125','22:b7:15:18:f7:b6-bd:85:d1:ce:2c:5d-94:dc:0a:05:0f:a5',215,117,199,15,NULL,NULL,'2008-05-07','2011-11-01',NULL,NULL,352.00,0,0,1,0,3,1,NULL,NULL,NULL,NULL,NULL,'--- !ruby/hash:ActiveSupport::HashWithIndifferentAccess\nanschaffungskategorie: AV-Technik\nreference: invoice\numzug: zgeln\nankunftszustand: intakt\n','2011-11-01 10:51:56','2011-11-01 10:51:56'),(210,'1gm1lcpu0g23xdh5lo8h126','76:a9:4d:27:28:19-df:e1:29:d4:88:b5-4b:0e:58:0a:2e:70',215,118,200,12,NULL,NULL,'2006-06-14','2011-11-01',NULL,NULL,690.00,0,0,1,0,3,1,NULL,NULL,NULL,NULL,NULL,'--- !ruby/hash:ActiveSupport::HashWithIndifferentAccess\nanschaffungskategorie: AV-Technik\nreference: invoice\numzug: zgeln\nankunftszustand: intakt\n','2011-11-01 10:51:56','2011-11-01 10:51:56'),(211,'u2p08sm2yxhjop1bisav127','ee:0a:3b:58:87:3f-a2:8e:7d:9c:ad:1e-d6:9e:5a:9e:cc:6b',219,119,201,7,NULL,NULL,'2010-08-28','2011-11-01',NULL,NULL,799.00,0,0,1,0,3,1,NULL,NULL,NULL,NULL,NULL,'--- !ruby/hash:ActiveSupport::HashWithIndifferentAccess\nanschaffungskategorie: AV-Technik\nreference: invoice\numzug: zgeln\nankunftszustand: intakt\n','2011-11-01 10:51:56','2011-11-01 10:51:56'),(212,'pc459hnzl1dwt1smd7n2128','0e:e8:83:95:d1:fb-68:07:04:2b:01:56-25:48:e0:93:d8:4b',219,120,202,11,NULL,NULL,'2006-07-01','2011-11-01',NULL,NULL,1359.00,0,0,1,0,3,1,NULL,NULL,NULL,NULL,NULL,'--- !ruby/hash:ActiveSupport::HashWithIndifferentAccess\nanschaffungskategorie: AV-Technik\nreference: invoice\numzug: zgeln\nankunftszustand: intakt\n','2011-11-01 10:51:56','2011-11-01 10:51:56'),(213,'ptje1hankqbgkixpudl2129','fb:4e:20:cf:ad:bb-80:da:c3:12:3d:24-a3:f4:99:0a:54:34',219,121,203,14,NULL,NULL,'2008-04-05','2011-11-01',NULL,NULL,798.00,0,0,1,0,3,1,NULL,NULL,NULL,NULL,NULL,'--- !ruby/hash:ActiveSupport::HashWithIndifferentAccess\nanschaffungskategorie: AV-Technik\nreference: invoice\numzug: zgeln\nankunftszustand: intakt\n','2011-11-01 10:51:56','2011-11-01 10:51:56'),(214,'x92ftvh4ka8p1iw1jqdu130','a3:eb:63:aa:bd:c9-06:7a:fa:ca:0d:40-af:98:76:98:cb:fa',223,122,204,4,NULL,NULL,'2010-10-03','2011-11-01',NULL,NULL,1236.00,0,0,1,0,3,1,NULL,NULL,NULL,NULL,NULL,'--- !ruby/hash:ActiveSupport::HashWithIndifferentAccess\nanschaffungskategorie: AV-Technik\nreference: invoice\numzug: zgeln\nankunftszustand: intakt\n','2011-11-01 10:51:56','2011-11-01 10:51:56'),(215,'ezo1fiz1db40tk2tfrho131','d8:8b:14:dd:23:99-3b:6c:2a:9d:37:33-53:2e:03:f1:8f:d3',223,123,205,11,NULL,NULL,'2008-12-09','2011-11-01',NULL,NULL,431.00,0,0,1,0,3,1,NULL,NULL,NULL,NULL,NULL,'--- !ruby/hash:ActiveSupport::HashWithIndifferentAccess\nanschaffungskategorie: AV-Technik\nreference: invoice\numzug: zgeln\nankunftszustand: intakt\n','2011-11-01 10:51:56','2011-11-01 10:51:56'),(216,'j6vind5fcrxqaafakrkh132','ba:39:09:25:9f:25-71:eb:54:fd:f6:b0-2d:e8:91:de:02:1a',223,124,206,13,NULL,NULL,'2010-06-07','2011-11-01',NULL,NULL,921.00,0,0,1,0,3,1,NULL,NULL,NULL,NULL,NULL,'--- !ruby/hash:ActiveSupport::HashWithIndifferentAccess\nanschaffungskategorie: AV-Technik\nreference: invoice\numzug: zgeln\nankunftszustand: intakt\n','2011-11-01 10:51:56','2011-11-01 10:51:56'),(217,'s3gpobeceudt3dojeejp133','c6:97:0c:f2:ac:f8-c0:bf:4c:26:49:1a-27:9e:f0:13:e0:8b',227,125,207,14,NULL,NULL,'2009-06-20','2011-11-01',NULL,NULL,320.00,0,0,1,0,3,1,NULL,NULL,NULL,NULL,NULL,'--- !ruby/hash:ActiveSupport::HashWithIndifferentAccess\nanschaffungskategorie: AV-Technik\nreference: invoice\numzug: zgeln\nankunftszustand: intakt\n','2011-11-01 10:51:56','2011-11-01 10:51:56'),(218,'thvrke0sbirdjawce94c134','e8:55:d1:dc:34:df-35:47:e3:b6:34:86-7a:11:24:15:4f:ad',227,126,208,1,NULL,NULL,'2008-08-11','2011-11-01',NULL,NULL,15.00,0,0,1,0,3,1,NULL,NULL,NULL,NULL,NULL,'--- !ruby/hash:ActiveSupport::HashWithIndifferentAccess\nanschaffungskategorie: AV-Technik\nreference: invoice\numzug: zgeln\nankunftszustand: intakt\n','2011-11-01 10:51:56','2011-11-01 10:51:56'),(219,'4alwr0srr7a3k85lyv4r135','4f:f6:df:7c:f1:89-02:99:ca:f8:9c:f8-ec:a4:45:e6:42:a6',227,127,209,9,NULL,NULL,'2007-05-11','2011-11-01',NULL,NULL,792.00,0,0,1,0,3,1,NULL,NULL,NULL,NULL,NULL,'--- !ruby/hash:ActiveSupport::HashWithIndifferentAccess\nanschaffungskategorie: AV-Technik\nreference: invoice\numzug: zgeln\nankunftszustand: intakt\n','2011-11-01 10:51:56','2011-11-01 10:51:56'),(220,'zeq4lrbg9dricwx1gbi9136','bd:60:01:bc:88:62-d0:94:3c:3b:c9:79-27:da:62:91:8b:05',231,128,210,14,NULL,NULL,'2006-09-13','2011-11-01',NULL,NULL,1362.00,0,0,1,0,3,1,NULL,NULL,NULL,NULL,NULL,'--- !ruby/hash:ActiveSupport::HashWithIndifferentAccess\nanschaffungskategorie: AV-Technik\nreference: invoice\numzug: zgeln\nankunftszustand: intakt\n','2011-11-01 10:51:56','2011-11-01 10:51:56'),(221,'zsq25ntozshwpwm464v9137','24:c2:71:71:bc:16-3d:d1:4d:71:8f:4c-7d:ba:3c:3f:11:12',231,129,211,10,NULL,NULL,'2009-09-06','2011-11-01',NULL,NULL,855.00,0,0,1,0,3,1,NULL,NULL,NULL,NULL,NULL,'--- !ruby/hash:ActiveSupport::HashWithIndifferentAccess\nanschaffungskategorie: AV-Technik\nreference: invoice\numzug: zgeln\nankunftszustand: intakt\n','2011-11-01 10:51:56','2011-11-01 10:51:56'),(222,'wj1hgcfghmzyhr3ou87b138','7c:d2:99:42:41:30-09:56:a6:b0:85:c1-09:13:e1:93:a3:f1',231,130,212,15,NULL,NULL,'2007-12-04','2011-11-01',NULL,NULL,473.00,0,0,1,0,3,1,NULL,NULL,NULL,NULL,NULL,'--- !ruby/hash:ActiveSupport::HashWithIndifferentAccess\nanschaffungskategorie: AV-Technik\nreference: invoice\numzug: zgeln\nankunftszustand: intakt\n','2011-11-01 10:51:56','2011-11-01 10:51:56'),(223,'yjgqu19f0idb23nfy83d139','85:ea:7a:1d:c3:5f-f4:63:20:45:34:4d-ed:a6:43:6c:f7:f6',235,131,213,15,NULL,NULL,'2008-02-13','2011-11-01',NULL,NULL,1441.00,0,0,1,0,3,1,NULL,NULL,NULL,NULL,NULL,'--- !ruby/hash:ActiveSupport::HashWithIndifferentAccess\nanschaffungskategorie: AV-Technik\nreference: invoice\numzug: zgeln\nankunftszustand: intakt\n','2011-11-01 10:51:56','2011-11-01 10:51:56'),(224,'xzyqpdofqm5jg6t2qiwl140','ba:3b:ea:9d:f6:40-b8:61:ee:d6:9c:29-30:1a:76:23:3f:01',235,132,214,8,NULL,NULL,'2010-07-29','2011-11-01',NULL,NULL,973.00,0,0,1,0,3,1,NULL,NULL,NULL,NULL,NULL,'--- !ruby/hash:ActiveSupport::HashWithIndifferentAccess\nanschaffungskategorie: AV-Technik\nreference: invoice\numzug: zgeln\nankunftszustand: intakt\n','2011-11-01 10:51:56','2011-11-01 10:51:56'),(225,'pjn8c5eqj5mx56fyehdu141','a1:7d:fe:e1:c0:5f-05:93:ad:d1:3b:a1-9d:a6:35:5a:cd:89',235,133,215,2,NULL,NULL,'2010-07-18','2011-11-01',NULL,NULL,1399.00,0,0,1,0,3,1,NULL,NULL,NULL,NULL,NULL,'--- !ruby/hash:ActiveSupport::HashWithIndifferentAccess\nanschaffungskategorie: AV-Technik\nreference: invoice\numzug: zgeln\nankunftszustand: intakt\n','2011-11-01 10:51:56','2011-11-01 10:51:56'),(226,'ojt17ftklgt3raayqdcj142','09:88:05:69:2a:5d-ab:c9:1b:24:2a:f3-20:ad:d2:76:9f:81',239,NULL,216,1,NULL,NULL,'2006-08-08','2011-11-01',NULL,NULL,1323.00,0,0,1,0,1,1,NULL,NULL,NULL,NULL,NULL,'--- !ruby/hash:ActiveSupport::HashWithIndifferentAccess\nanschaffungskategorie: AV-Technik\nreference: invoice\numzug: zgeln\nankunftszustand: intakt\n','2011-11-01 10:51:56','2011-11-01 10:51:56'),(227,'gkvf6a2niifdb1oy4mik143','58:26:9b:85:d3:e1-47:16:57:8c:94:69-c5:c0:c5:99:fd:0f',240,134,217,1,NULL,NULL,'2007-10-15','2011-11-01',NULL,NULL,215.00,0,0,1,0,1,1,NULL,NULL,NULL,NULL,NULL,'--- !ruby/hash:ActiveSupport::HashWithIndifferentAccess\nanschaffungskategorie: AV-Technik\nreference: invoice\numzug: zgeln\nankunftszustand: intakt\n','2011-11-01 10:51:56','2011-11-01 10:51:56'),(228,'68r2wbkm2a4usn2n309h144','a9:a4:c1:4b:4e:0b-c2:37:a7:54:1f:08-78:a6:8b:e8:89:47',241,NULL,NULL,1,NULL,NULL,NULL,NULL,NULL,NULL,NULL,0,0,0,0,2,0,NULL,NULL,NULL,NULL,NULL,'--- !ruby/hash:ActiveSupport::HashWithIndifferentAccess\noperating_system:\n- windows\n- linux\n- mac_os_x\nlicense_type: multiple_workplace\ntotal_quantity: 0\nreference: invoice\nactivation_type: none\nmaintenance_contract: \'false\'\n','2011-11-01 10:51:56','2011-11-01 10:51:56'),(229,'bdetjr5rvyczu5j4ns81145','14:f0:d5:87:b1:b7-e1:37:5e:19:be:8e-53:12:51:d5:06:a8',242,135,218,5,NULL,NULL,'2009-11-24','2011-11-01',NULL,NULL,1016.00,0,0,1,0,1,1,NULL,NULL,NULL,NULL,NULL,'--- !ruby/hash:ActiveSupport::HashWithIndifferentAccess\nanschaffungskategorie: AV-Technik\nreference: invoice\numzug: zgeln\nankunftszustand: intakt\n','2011-11-01 10:51:56','2011-11-01 10:51:56'),(230,'s64pejv0lo4n53mfsfyl146','02:8e:78:cc:9b:4f-71:20:ec:de:0b:89-5d:60:df:f6:2d:bb',242,136,219,12,NULL,NULL,'2009-11-11','2011-11-01',NULL,NULL,1034.00,0,0,1,0,1,1,NULL,NULL,NULL,NULL,NULL,'--- !ruby/hash:ActiveSupport::HashWithIndifferentAccess\nanschaffungskategorie: AV-Technik\nreference: invoice\numzug: zgeln\nankunftszustand: intakt\n','2011-11-01 10:51:56','2011-11-01 10:51:56'),(231,'nvrb78mjlsu6ti7ae6gi147','e6:dd:0e:3f:20:bc-3d:5b:0b:7d:a8:b1-76:95:7b:15:4e:46',242,137,220,6,NULL,NULL,'2009-01-24','2011-11-01',NULL,NULL,918.00,0,0,1,0,1,1,NULL,NULL,NULL,NULL,NULL,'--- !ruby/hash:ActiveSupport::HashWithIndifferentAccess\nanschaffungskategorie: AV-Technik\nreference: invoice\numzug: zgeln\nankunftszustand: intakt\n','2011-11-01 10:51:56','2011-11-01 10:51:56'),(232,'bmxgivstn4zc0v5hj5sf148','50:cf:7e:ff:c8:eb-6d:6f:b9:9f:f2:51-16:5b:1d:1c:c6:08',246,138,221,3,NULL,NULL,'2006-08-03','2011-10-26',NULL,NULL,1169.00,0,0,1,0,1,1,NULL,NULL,NULL,NULL,NULL,'--- !ruby/hash:ActiveSupport::HashWithIndifferentAccess\nanschaffungskategorie: AV-Technik\nreference: invoice\numzug: zgeln\nankunftszustand: intakt\n','2011-10-26 11:12:26','2011-10-26 11:12:26'),(233,'bo74io97y86v2u690ouk149','6d:d3:82:07:85:04-f0:bf:57:df:24:1b-8b:ed:dc:47:b8:66',247,139,222,7,NULL,NULL,'2008-08-09','2011-10-26',NULL,NULL,474.00,0,0,1,0,1,1,NULL,NULL,NULL,NULL,NULL,'--- !ruby/hash:ActiveSupport::HashWithIndifferentAccess\nanschaffungskategorie: AV-Technik\nreference: invoice\numzug: zgeln\nankunftszustand: intakt\n','2011-10-26 11:12:26','2011-10-26 11:12:26'),(234,'t3aw6yuuekkujhguxcb8150','54:82:c8:9d:bd:77-f0:e0:9e:d0:41:ba-77:50:23:f8:c7:79',248,140,223,1,NULL,NULL,'2009-02-12','2011-10-26',NULL,NULL,1210.00,0,0,1,0,1,1,NULL,NULL,NULL,NULL,NULL,'--- !ruby/hash:ActiveSupport::HashWithIndifferentAccess\nanschaffungskategorie: AV-Technik\nreference: invoice\numzug: zgeln\nankunftszustand: intakt\n','2011-10-26 11:12:26','2011-10-26 11:12:26'),(235,'tc8s5brx01pr2yprg0xr151','8e:c8:1d:9c:fa:09-38:7c:42:bb:c2:46-3b:9b:57:74:5e:4b',249,141,224,10,NULL,NULL,'2009-01-29','2011-10-26',NULL,NULL,739.00,0,0,1,0,1,1,NULL,NULL,NULL,NULL,NULL,'--- !ruby/hash:ActiveSupport::HashWithIndifferentAccess\nanschaffungskategorie: AV-Technik\nreference: invoice\numzug: zgeln\nankunftszustand: intakt\n','2011-10-26 11:12:26','2011-10-26 11:12:26'),(236,'7bqlcazosnd5cvz6kcj8152','b3:66:f3:9b:22:e2-c4:56:a5:74:05:42-9d:b2:1b:4e:97:b9',249,142,225,5,NULL,NULL,'2006-10-27','2011-10-26',NULL,NULL,0.00,0,0,1,0,1,1,NULL,NULL,NULL,NULL,NULL,'--- !ruby/hash:ActiveSupport::HashWithIndifferentAccess\nanschaffungskategorie: AV-Technik\nreference: invoice\numzug: zgeln\nankunftszustand: intakt\n','2011-10-26 11:12:26','2011-10-26 11:12:26'),(237,'2uf7cbx0l9mmpfoj7jii153','2b:8b:aa:3c:6c:d8-20:bc:6c:49:87:4e-c8:ec:0e:e9:9e:c8',249,143,226,10,NULL,NULL,'2007-12-21','2011-10-26',NULL,NULL,687.00,0,0,1,0,1,1,NULL,NULL,NULL,NULL,NULL,'--- !ruby/hash:ActiveSupport::HashWithIndifferentAccess\nanschaffungskategorie: AV-Technik\nreference: invoice\numzug: zgeln\nankunftszustand: intakt\n','2011-10-26 11:12:26','2011-10-26 11:12:26'),(238,'qo6r9f81z3yktwderlpc154','6f:63:38:f1:79:5f-89:a4:c0:94:68:99-36:a2:db:fe:15:ea',253,144,227,7,NULL,NULL,'2008-06-04','2011-10-26',NULL,NULL,1358.00,0,0,1,0,1,1,NULL,NULL,NULL,NULL,NULL,'--- !ruby/hash:ActiveSupport::HashWithIndifferentAccess\nanschaffungskategorie: AV-Technik\nreference: invoice\numzug: zgeln\nankunftszustand: intakt\n','2011-10-26 11:12:26','2011-10-26 11:12:26'),(239,'qot5n52v2dxez0u88sfq155','e8:82:e9:cc:03:25-a7:26:7b:46:4b:60-06:bb:f2:5f:a8:b0',254,145,228,1,NULL,NULL,'2006-01-15','2011-10-26',NULL,NULL,631.00,0,0,1,0,1,1,NULL,NULL,NULL,NULL,NULL,'--- !ruby/hash:ActiveSupport::HashWithIndifferentAccess\nanschaffungskategorie: AV-Technik\nreference: invoice\numzug: zgeln\nankunftszustand: intakt\n','2011-10-26 11:12:27','2011-10-26 11:12:27'),(240,'fivsrpvn78u858k9l3gb156','78:e6:6f:34:6a:c5-1a:6a:a6:55:86:11-06:1f:c4:68:8f:8c',255,146,229,14,NULL,NULL,'2009-06-08','2011-10-26',NULL,NULL,818.00,0,0,1,0,1,1,NULL,NULL,NULL,NULL,NULL,'--- !ruby/hash:ActiveSupport::HashWithIndifferentAccess\nanschaffungskategorie: AV-Technik\nreference: invoice\numzug: zgeln\nankunftszustand: intakt\n','2011-10-26 11:12:27','2011-10-26 11:12:27'),(241,'8y0wa619qxed9v4e2pan157','e6:b5:fd:bd:9c:8d-2c:f6:dc:63:b5:27-fd:32:70:4c:26:74',256,147,230,1,NULL,NULL,'2006-12-14','2011-10-26',NULL,NULL,1225.00,0,0,1,0,1,1,NULL,NULL,NULL,NULL,NULL,'--- !ruby/hash:ActiveSupport::HashWithIndifferentAccess\nanschaffungskategorie: AV-Technik\nreference: invoice\numzug: zgeln\nankunftszustand: intakt\n','2011-10-26 11:12:27','2011-10-26 11:12:27'),(242,'x8ov2i5w5k5u03nuhh7h158','2f:24:cb:43:cc:e7-a2:cc:f0:d8:d3:93-64:a4:ee:7c:96:f6',256,148,231,3,NULL,NULL,'2009-04-18','2011-10-26',NULL,NULL,56.00,0,0,1,0,1,1,NULL,NULL,NULL,NULL,NULL,'--- !ruby/hash:ActiveSupport::HashWithIndifferentAccess\nanschaffungskategorie: AV-Technik\nreference: invoice\numzug: zgeln\nankunftszustand: intakt\n','2011-10-26 11:12:27','2011-10-26 11:12:27'),(243,'kxv96q9fnvaghoh7mojh159','e8:ba:02:05:58:c5-bc:be:ae:0f:27:da-5d:5b:80:08:d8:5a',256,149,232,11,NULL,NULL,'2006-02-09','2011-10-26',NULL,NULL,537.00,0,0,1,0,1,1,NULL,NULL,NULL,NULL,NULL,'--- !ruby/hash:ActiveSupport::HashWithIndifferentAccess\nanschaffungskategorie: AV-Technik\nreference: invoice\numzug: zgeln\nankunftszustand: intakt\n','2011-10-26 11:12:27','2011-10-26 11:12:27'),(244,'v41v1vyilbf6vhfj2aem160','4c:35:86:de:0c:25-ac:c7:cc:f7:e0:55-80:80:9d:cb:43:76',260,150,233,2,NULL,NULL,'2008-04-26','2011-10-26',NULL,NULL,1220.00,0,0,1,0,1,1,NULL,NULL,NULL,NULL,NULL,'--- !ruby/hash:ActiveSupport::HashWithIndifferentAccess\nanschaffungskategorie: AV-Technik\nreference: invoice\numzug: zgeln\nankunftszustand: intakt\n','2011-10-26 11:12:27','2011-10-26 11:12:27'),(245,'azps5rplslxxm8ytxf65161','9e:06:6b:d8:cb:03-31:3e:93:49:75:cc-28:7d:6f:92:dd:6e',261,151,234,4,NULL,NULL,'2006-05-21','2011-10-26',NULL,NULL,931.00,0,0,1,0,1,1,NULL,NULL,NULL,NULL,NULL,'--- !ruby/hash:ActiveSupport::HashWithIndifferentAccess\nanschaffungskategorie: AV-Technik\nreference: invoice\numzug: zgeln\nankunftszustand: intakt\n','2011-10-26 11:12:27','2011-10-26 11:12:27'),(246,'qgx8tj8ekrd1ohqzcnwe162','e0:fe:b9:7f:21:3c-49:b8:ed:0c:8f:6e-1f:15:aa:54:69:4a',262,152,235,3,NULL,NULL,'2010-05-25','2011-10-26',NULL,NULL,1254.00,0,0,1,0,1,1,NULL,NULL,NULL,NULL,NULL,'--- !ruby/hash:ActiveSupport::HashWithIndifferentAccess\nanschaffungskategorie: AV-Technik\nreference: invoice\numzug: zgeln\nankunftszustand: intakt\n','2011-10-26 11:12:27','2011-10-26 11:12:27'),(247,'s4dtmv1xzfszkjaxxzkf163','67:16:36:1f:b4:00-27:8e:b9:84:7c:2a-84:9b:d1:9a:a1:8f',263,153,236,3,NULL,NULL,'2007-11-29','2011-10-26',NULL,NULL,58.00,0,0,1,0,1,1,NULL,NULL,NULL,NULL,NULL,'--- !ruby/hash:ActiveSupport::HashWithIndifferentAccess\nanschaffungskategorie: AV-Technik\nreference: invoice\numzug: zgeln\nankunftszustand: intakt\n','2011-10-26 11:12:27','2011-10-26 11:12:27'),(248,'wh72trjta6jfsu98imyp164','c5:a4:4d:06:f8:0e-ae:66:f5:ab:c4:17-b4:26:bd:c3:cb:77',263,154,237,2,NULL,NULL,'2009-02-01','2011-10-26',NULL,NULL,500.00,0,0,1,0,1,1,NULL,NULL,NULL,NULL,NULL,'--- !ruby/hash:ActiveSupport::HashWithIndifferentAccess\nanschaffungskategorie: AV-Technik\nreference: invoice\numzug: zgeln\nankunftszustand: intakt\n','2011-10-26 11:12:27','2011-10-26 11:12:27'),(249,'akbyhl6tynn2v6cziflc165','10:9f:0d:b0:5c:83-fd:b2:62:cd:7a:2d-6a:af:ad:95:17:39',263,155,238,7,NULL,NULL,'2010-12-11','2011-10-26',NULL,NULL,1412.00,0,0,1,0,1,1,NULL,NULL,NULL,NULL,NULL,'--- !ruby/hash:ActiveSupport::HashWithIndifferentAccess\nanschaffungskategorie: AV-Technik\nreference: invoice\numzug: zgeln\nankunftszustand: intakt\n','2011-10-26 11:12:27','2011-10-26 11:12:27'),(250,'rvlj4s3xnt5dri4qf1gw166','3e:53:f4:d9:bb:e0-49:63:46:5d:6a:c2-72:d1:91:f4:64:66',267,156,239,9,NULL,NULL,'2007-07-05','2011-10-31',NULL,NULL,28.00,0,0,1,0,1,1,NULL,NULL,NULL,NULL,NULL,'--- !ruby/hash:ActiveSupport::HashWithIndifferentAccess\nanschaffungskategorie: AV-Technik\nreference: invoice\numzug: zgeln\nankunftszustand: intakt\n','2011-10-31 01:48:51','2011-10-31 01:48:51'),(251,'1v8ictb3pmpz66wqel9a167','a8:df:16:64:a9:95-b8:74:5d:fd:61:7f-14:31:30:1a:72:3b',268,157,240,5,NULL,NULL,'2009-10-24','2011-10-31',NULL,NULL,1012.00,0,0,1,0,1,1,NULL,NULL,NULL,NULL,NULL,'--- !ruby/hash:ActiveSupport::HashWithIndifferentAccess\nanschaffungskategorie: AV-Technik\nreference: invoice\numzug: zgeln\nankunftszustand: intakt\n','2011-10-31 01:48:51','2011-10-31 01:48:51'),(252,'rumhwxrhxx522dof3pdp168','4f:79:4d:e8:f7:13-ed:24:a4:2d:2e:05-e0:aa:d7:df:26:b7',269,158,241,2,NULL,NULL,'2008-08-24','2011-10-31',NULL,NULL,646.00,0,0,1,0,1,1,NULL,NULL,NULL,NULL,NULL,'--- !ruby/hash:ActiveSupport::HashWithIndifferentAccess\nanschaffungskategorie: AV-Technik\nreference: invoice\numzug: zgeln\nankunftszustand: intakt\n','2011-10-31 01:48:51','2011-10-31 01:48:51'),(253,'stwwy907q3hnpksa59bi169','ae:cc:9e:36:40:c1-81:c8:52:24:b0:ea-37:4a:53:e3:cf:33',270,159,242,1,NULL,NULL,'2010-01-08','2011-10-31',NULL,NULL,301.00,0,0,1,0,1,1,NULL,NULL,NULL,NULL,NULL,'--- !ruby/hash:ActiveSupport::HashWithIndifferentAccess\nanschaffungskategorie: AV-Technik\nreference: invoice\numzug: zgeln\nankunftszustand: intakt\n','2011-10-31 01:48:51','2011-10-31 01:48:51'),(254,'h4c2n22gveej06mry1p2170','1e:7b:a0:c6:f4:82-22:e1:81:39:23:53-f6:88:95:c4:92:f9',271,160,243,10,NULL,NULL,'2008-01-18','2011-10-29',NULL,NULL,917.00,0,0,1,0,1,1,NULL,NULL,NULL,NULL,NULL,'--- !ruby/hash:ActiveSupport::HashWithIndifferentAccess\nanschaffungskategorie: AV-Technik\nreference: invoice\numzug: zgeln\nankunftszustand: intakt\n','2011-10-29 09:41:59','2011-10-29 09:41:59'),(255,'xwp1p116hex5i4a3iini171','cc:40:ba:b9:dc:42-26:50:e8:bd:5c:57-d2:2d:a0:87:1d:62',272,161,244,8,NULL,NULL,'2009-10-03','2011-10-29',NULL,NULL,428.00,0,0,1,0,1,1,NULL,NULL,NULL,NULL,NULL,'--- !ruby/hash:ActiveSupport::HashWithIndifferentAccess\nanschaffungskategorie: AV-Technik\nreference: invoice\numzug: zgeln\nankunftszustand: intakt\n','2011-10-29 09:41:59','2011-10-29 09:41:59'),(256,'02evtisfzdo9uvialdkc172','28:71:b0:f1:b8:d3-24:6a:8a:3e:d7:15-8c:66:38:fe:d4:0a',273,162,245,15,NULL,NULL,'2007-06-06','2011-10-29',NULL,NULL,237.00,0,0,1,0,1,1,NULL,NULL,NULL,NULL,NULL,'--- !ruby/hash:ActiveSupport::HashWithIndifferentAccess\nanschaffungskategorie: AV-Technik\nreference: invoice\numzug: zgeln\nankunftszustand: intakt\n','2011-10-29 09:42:00','2011-10-29 09:42:00'),(257,'zd50am49cw1uc5ti2g5b173','b9:71:1a:86:7f:9d-76:3c:a7:44:2b:47-ee:a4:17:95:9c:91',274,163,246,12,NULL,NULL,'2009-12-14','2011-10-29',NULL,NULL,68.00,0,0,1,0,1,1,NULL,NULL,NULL,NULL,NULL,'--- !ruby/hash:ActiveSupport::HashWithIndifferentAccess\nanschaffungskategorie: AV-Technik\nreference: invoice\numzug: zgeln\nankunftszustand: intakt\n','2011-10-29 09:42:00','2011-10-29 09:42:00'),(258,'9t1r9gpa99nhlxjkqu32174','7d:4d:04:c7:4e:09-0a:95:71:52:88:32-19:1b:5d:39:2c:0c',275,164,247,14,NULL,NULL,'2006-04-17','2011-10-29',NULL,NULL,597.00,0,0,1,0,1,1,NULL,NULL,NULL,NULL,NULL,'--- !ruby/hash:ActiveSupport::HashWithIndifferentAccess\nanschaffungskategorie: AV-Technik\nreference: invoice\numzug: zgeln\nankunftszustand: intakt\n','2011-10-29 09:42:00','2011-10-29 09:42:00'),(259,'v9fayqlxpcwrri8dmxmg175','60:8d:5e:33:1e:77-c2:fa:08:c6:de:99-2b:e8:4e:15:5a:da',275,165,248,14,NULL,NULL,'2009-04-25','2011-10-29',NULL,NULL,841.00,0,0,1,0,1,1,NULL,NULL,NULL,NULL,NULL,'--- !ruby/hash:ActiveSupport::HashWithIndifferentAccess\nanschaffungskategorie: AV-Technik\nreference: invoice\numzug: zgeln\nankunftszustand: intakt\n','2011-10-29 09:42:00','2011-10-29 09:42:00'),(260,'ulfx31vd0lbe8tw96ime176','95:5c:9a:3f:4c:07-06:5e:0c:59:7c:6d-93:8f:ed:f7:98:6e',275,166,249,5,NULL,NULL,'2007-08-13','2011-10-29',NULL,NULL,1250.00,0,0,1,0,1,1,NULL,NULL,NULL,NULL,NULL,'--- !ruby/hash:ActiveSupport::HashWithIndifferentAccess\nanschaffungskategorie: AV-Technik\nreference: invoice\numzug: zgeln\nankunftszustand: intakt\n','2011-10-29 09:42:00','2011-10-29 09:42:00'),(261,'m0uy0xv1e56akacamint177','ea:11:ec:e7:64:2d-79:d6:b2:5f:95:3e-78:4f:38:51:7c:cb',279,167,250,1,NULL,NULL,'2010-07-09','2011-11-01',NULL,NULL,934.00,0,0,1,0,1,1,NULL,NULL,NULL,NULL,NULL,'--- !ruby/hash:ActiveSupport::HashWithIndifferentAccess\nanschaffungskategorie: AV-Technik\nreference: invoice\numzug: zgeln\nankunftszustand: intakt\n','2011-11-01 10:51:56','2011-11-01 10:51:56'),(262,'i7nsvhdj8r8efihs4t1b178','9a:4e:ea:40:d0:5b-b3:ba:bf:46:9b:d2-a8:76:ea:ca:b5:19',280,168,251,12,NULL,NULL,'2006-08-29','2011-11-01',NULL,NULL,1368.00,0,0,1,0,1,1,NULL,NULL,NULL,NULL,NULL,'--- !ruby/hash:ActiveSupport::HashWithIndifferentAccess\nanschaffungskategorie: AV-Technik\nreference: invoice\numzug: zgeln\nankunftszustand: intakt\n','2011-11-01 10:51:56','2011-11-01 10:51:56'),(263,'9q96hiu459rfhc6tisao179','92:af:f3:bb:bf:b9-e4:b5:aa:b3:1e:7a-c2:f3:a4:70:f9:ab',281,169,252,4,NULL,NULL,'2006-06-18','2011-11-01',NULL,NULL,805.00,0,0,1,0,1,1,NULL,NULL,NULL,NULL,NULL,'--- !ruby/hash:ActiveSupport::HashWithIndifferentAccess\nanschaffungskategorie: AV-Technik\nreference: invoice\numzug: zgeln\nankunftszustand: intakt\n','2011-11-01 10:51:56','2011-11-01 10:51:56'),(264,'s23jd5vpxnpntvhceaxj180','d4:a4:a2:dc:9f:11-f3:14:a7:fc:89:f3-0c:46:6e:3c:26:0f',282,170,253,11,NULL,NULL,'2010-03-29','2011-11-01',NULL,NULL,141.00,0,0,1,0,1,1,NULL,NULL,NULL,NULL,NULL,'--- !ruby/hash:ActiveSupport::HashWithIndifferentAccess\nanschaffungskategorie: AV-Technik\nreference: invoice\numzug: zgeln\nankunftszustand: intakt\n','2011-11-01 10:51:56','2011-11-01 10:51:56'),(265,'1gvxsm26vsdustri0v5j181','c3:41:da:f2:b3:2a-70:51:08:d1:0f:50-8c:63:93:21:97:c5',282,171,254,2,NULL,NULL,'2007-01-06','2011-11-01',NULL,NULL,638.00,0,0,1,0,1,1,NULL,NULL,NULL,NULL,NULL,'--- !ruby/hash:ActiveSupport::HashWithIndifferentAccess\nanschaffungskategorie: AV-Technik\nreference: invoice\numzug: zgeln\nankunftszustand: intakt\n','2011-11-01 10:51:56','2011-11-01 10:51:56'),(266,'ihxt0iz95khxou3bolch182','bf:c6:31:a2:5a:c1-2f:3c:20:dd:4e:bf-e9:c5:09:d3:8e:c5',282,172,255,2,NULL,NULL,'2007-12-15','2011-11-01',NULL,NULL,793.00,0,0,1,0,1,1,NULL,NULL,NULL,NULL,NULL,'--- !ruby/hash:ActiveSupport::HashWithIndifferentAccess\nanschaffungskategorie: AV-Technik\nreference: invoice\numzug: zgeln\nankunftszustand: intakt\n','2011-11-01 10:51:56','2011-11-01 10:51:56'),(267,'uepxb305iauas1ihpsg7183','78:9f:7c:f0:51:cd-b8:65:27:8c:d9:5f-97:af:8b:ce:1b:3f',286,173,256,8,NULL,NULL,'2009-04-05','2011-11-01',NULL,NULL,868.00,0,0,1,0,1,1,NULL,NULL,NULL,NULL,NULL,'--- !ruby/hash:ActiveSupport::HashWithIndifferentAccess\nanschaffungskategorie: AV-Technik\nreference: invoice\numzug: zgeln\nankunftszustand: intakt\n','2011-11-01 10:51:56','2011-11-01 10:51:56'),(268,'krz97xq299uovsqp8wb8184','96:5b:d8:a0:dc:2e-06:d2:8a:b1:36:4b-41:67:52:1d:dc:d1',287,174,257,10,NULL,NULL,'2010-07-20','2011-11-01',NULL,NULL,652.00,0,0,1,0,1,1,NULL,NULL,NULL,NULL,NULL,'--- !ruby/hash:ActiveSupport::HashWithIndifferentAccess\nanschaffungskategorie: AV-Technik\nreference: invoice\numzug: zgeln\nankunftszustand: intakt\n','2011-11-01 10:51:56','2011-11-01 10:51:56'),(269,'mzivdy4aubudtrstmy22185','ad:68:94:62:ed:32-27:df:83:55:f8:f0-2d:a4:50:d4:19:ef',288,175,258,1,NULL,NULL,'2008-12-20','2011-11-01',NULL,NULL,102.00,0,0,1,0,1,1,NULL,NULL,NULL,NULL,NULL,'--- !ruby/hash:ActiveSupport::HashWithIndifferentAccess\nanschaffungskategorie: AV-Technik\nreference: invoice\numzug: zgeln\nankunftszustand: intakt\n','2011-11-01 10:51:56','2011-11-01 10:51:56'),(270,'g398zt1cxk4o9ui27uew186','a5:ed:ce:16:e4:e3-82:c5:21:a3:72:28-c1:59:37:d0:df:2b',289,176,259,5,NULL,NULL,'2009-10-26','2011-11-01',NULL,NULL,1275.00,0,0,1,0,1,1,NULL,NULL,NULL,NULL,NULL,'--- !ruby/hash:ActiveSupport::HashWithIndifferentAccess\nanschaffungskategorie: AV-Technik\nreference: invoice\numzug: zgeln\nankunftszustand: intakt\n','2011-11-01 10:51:56','2011-11-01 10:51:56'),(271,'gk9ke7s3ciffdk592o4u187','45:14:f2:16:05:4d-e8:6e:23:53:04:c1-35:2b:8f:b4:d4:f7',290,177,260,7,NULL,NULL,'2009-10-03','2011-11-01',NULL,NULL,364.00,0,0,1,0,1,1,NULL,NULL,NULL,NULL,NULL,'--- !ruby/hash:ActiveSupport::HashWithIndifferentAccess\nanschaffungskategorie: AV-Technik\nreference: invoice\numzug: zgeln\nankunftszustand: intakt\n','2011-11-01 10:51:56','2011-11-01 10:51:56'),(272,'6fat9rsnzf6y84ftj2jz188','62:48:e8:64:29:be-cd:49:6f:b7:15:a6-1e:83:ce:00:2d:86',291,178,261,2,NULL,NULL,'2006-02-21','2011-11-01',NULL,NULL,306.00,0,0,1,0,1,1,NULL,NULL,NULL,NULL,NULL,'--- !ruby/hash:ActiveSupport::HashWithIndifferentAccess\nanschaffungskategorie: AV-Technik\nreference: invoice\numzug: zgeln\nankunftszustand: intakt\n','2011-11-01 10:51:56','2011-11-01 10:51:56'),(273,'mtuwbm8hqpvxqczrk8t9189','49:d7:c3:05:0a:ef-c7:ba:47:75:69:b1-df:7e:f4:f2:0e:4a',292,179,262,10,NULL,NULL,'2008-12-11','2011-11-01',NULL,NULL,713.00,0,0,1,0,1,1,NULL,NULL,NULL,NULL,NULL,'--- !ruby/hash:ActiveSupport::HashWithIndifferentAccess\nanschaffungskategorie: AV-Technik\nreference: invoice\numzug: zgeln\nankunftszustand: intakt\n','2011-11-01 10:51:56','2011-11-01 10:51:56'),(274,'w6e1k8paijb0ry1txp59190','73:cf:cc:20:ae:22-df:e2:c5:41:a7:75-18:ec:bd:4c:65:c0',293,180,263,4,NULL,NULL,'2009-09-12','2011-11-01',NULL,NULL,372.00,0,0,1,0,1,1,NULL,NULL,NULL,NULL,NULL,'--- !ruby/hash:ActiveSupport::HashWithIndifferentAccess\nanschaffungskategorie: AV-Technik\nreference: invoice\numzug: zgeln\nankunftszustand: intakt\n','2011-11-01 10:51:56','2011-11-01 10:51:56'),(275,'cmxqay4nqo4aclckspz5191','31:f1:4b:41:57:b7-0c:11:ba:ad:73:b9-a8:5b:89:61:f3:de',294,181,264,2,NULL,NULL,'2006-12-28','2011-11-01',NULL,NULL,176.00,0,0,1,0,1,1,NULL,NULL,NULL,NULL,NULL,'--- !ruby/hash:ActiveSupport::HashWithIndifferentAccess\nanschaffungskategorie: AV-Technik\nreference: invoice\numzug: zgeln\nankunftszustand: intakt\n','2011-11-01 10:51:56','2011-11-01 10:51:56'),(276,'6v9lxfmzgjjpgrwq571z192','7f:87:ee:7b:c8:e9-74:33:31:6e:ff:f7-ff:41:d2:37:e8:7a',295,182,265,5,NULL,NULL,'2007-08-26','2011-11-01',NULL,NULL,916.00,0,0,1,0,1,1,NULL,NULL,NULL,NULL,NULL,'--- !ruby/hash:ActiveSupport::HashWithIndifferentAccess\nanschaffungskategorie: AV-Technik\nreference: invoice\numzug: zgeln\nankunftszustand: intakt\n','2011-11-01 10:51:56','2011-11-01 10:51:56'),(277,'p2a8r325uuze3ftfxlzz193','f5:fd:83:d8:66:c2-69:42:23:8c:a5:87-31:bf:9e:ee:6e:9d',296,183,266,5,NULL,NULL,'2009-02-14','2011-11-01',NULL,NULL,241.00,0,0,1,0,1,1,NULL,NULL,NULL,NULL,NULL,'--- !ruby/hash:ActiveSupport::HashWithIndifferentAccess\nanschaffungskategorie: AV-Technik\nreference: invoice\numzug: zgeln\nankunftszustand: intakt\n','2011-11-01 10:51:56','2011-11-01 10:51:56');
/*!40000 ALTER TABLE `items` ENABLE KEYS */;
UNLOCK TABLES;

--
-- Table structure for table `languages`
--

DROP TABLE IF EXISTS `languages`;
/*!40101 SET @saved_cs_client     = @@character_set_client */;
/*!40101 SET character_set_client = utf8 */;
CREATE TABLE `languages` (
  `id` int(11) NOT NULL AUTO_INCREMENT,
  `name` varchar(255) COLLATE utf8_unicode_ci DEFAULT NULL,
  `locale_name` varchar(255) COLLATE utf8_unicode_ci DEFAULT NULL,
  `default` tinyint(1) DEFAULT NULL,
  `active` tinyint(1) DEFAULT NULL,
  PRIMARY KEY (`id`),
  UNIQUE KEY `index_languages_on_name` (`name`),
  KEY `index_languages_on_active_and_default` (`active`,`default`)
) ENGINE=InnoDB AUTO_INCREMENT=5 DEFAULT CHARSET=utf8 COLLATE=utf8_unicode_ci;
/*!40101 SET character_set_client = @saved_cs_client */;

--
-- Dumping data for table `languages`
--

LOCK TABLES `languages` WRITE;
/*!40000 ALTER TABLE `languages` DISABLE KEYS */;
INSERT INTO `languages` VALUES (1,'English','en-GB',1,1),(2,'Deutsch','de-CH',0,1),(3,'Castellano','es',0,1),(4,'Zrittsch','gsw-CH',0,1);
/*!40000 ALTER TABLE `languages` ENABLE KEYS */;
UNLOCK TABLES;

--
-- Table structure for table `locations`
--

DROP TABLE IF EXISTS `locations`;
/*!40101 SET @saved_cs_client     = @@character_set_client */;
/*!40101 SET character_set_client = utf8 */;
CREATE TABLE `locations` (
  `id` int(11) NOT NULL AUTO_INCREMENT,
  `room` varchar(255) COLLATE utf8_unicode_ci DEFAULT NULL,
  `shelf` varchar(255) COLLATE utf8_unicode_ci DEFAULT NULL,
  `building_id` int(11) DEFAULT NULL,
  PRIMARY KEY (`id`),
  KEY `index_locations_on_building_id` (`building_id`)
) ENGINE=InnoDB AUTO_INCREMENT=184 DEFAULT CHARSET=utf8 COLLATE=utf8_unicode_ci;
/*!40101 SET character_set_client = @saved_cs_client */;

--
-- Dumping data for table `locations`
--

LOCK TABLES `locations` WRITE;
/*!40000 ALTER TABLE `locations` DISABLE KEYS */;
INSERT INTO `locations` VALUES (1,'Doloresexcepturi','voluptatemomnis',3),(2,'Illoquos','temporibusratione',4),(3,'Blanditiisdelectus','voluptatemsaepe',5),(4,'Occaecativitae','voluptasomnis',6),(5,'Aliquidrerum','quidignissimos',7),(6,'Verotempora','laborumet',8),(7,'Iureaut','eoseos',9),(8,'Voluptatemsaepe','quaeducimus',10),(9,'Autemquo','numquamtenetur',11),(10,'Temporadeserunt','omnisest',12),(11,'Etenim','utautem',13),(12,'Etqui','ullamnihil',14),(13,'Eaautem','nonquos',15),(14,'Utpraesentium','explicabomagnam',16),(15,'Nequeautem','etadipisci',17),(16,'Istenon','fugaquasi',18),(17,'Rerumoccaecati','nihildoloribus',19),(18,'Quiaut','omnisdistinctio',20),(19,'Totamsit','utsit',21),(20,'Officiispossimus','sitnon',22),(21,'Accusantiumconsequatur','voluptatetenetur',23),(22,'Numquamsed','repellatautem',24),(23,'Etearum','fugaexpedita',25),(24,'Eosnisi','evenietnecessitatibus',26),(25,'Idodio','aperiamid',27),(26,'Consequaturaspernatur','asperioresreiciendis',28),(27,'Quamreprehenderit','delenitilaudantium',29),(28,'Fugiatincidunt','quiatempore',30),(29,'Minimaquam','architectoconsequatur',31),(30,'Placeatcorporis','similiquebeatae',32),(31,'Quiseaque','eumest',33),(32,'Estassumenda','consequaturquis',34),(33,'Commodised','quibusdamullam',35),(34,'Quoset','eaest',36),(35,'Utsunt','doloremtemporibus',37),(36,'Reiciendisqui','cumasperiores',38),(37,'Liberoea','dictafugiat',39),(38,'Optioquia','velnon',40),(39,'Adipiscirepudiandae','veritatissunt',41),(40,'Praesentiumdebitis','repudiandaequas',42),(41,'Nonvoluptas','nobisexercitationem',43),(42,'Quasidelectus','rationevelit',44),(43,'SQ2','Desk',45),(44,'UG 13','Ausgabe',46),(45,'Suntvoluptatem','quaeillum',47),(46,'Quivoluptatum','infacilis',48),(47,'Voluptatemexercitationem','maximelibero',49),(48,'Evenietmaiores','esteos',50),(49,'Corporisexcepturi','seddelectus',51),(50,'Corporisin','delenitipraesentium',52),(51,'Nemocorporis','accusamusinventore',53),(52,'Temporaaut','optioexpedita',54),(53,'Nobisharum','essequia',55),(54,'Aliquamvoluptates','quiavoluptas',56),(55,'Blanditiiseum','utexcepturi',57),(56,'Autminima','doloret',58),(57,'Nemovoluptatibus','cupiditatevoluptatem',59),(58,'Voluptatibuset','aperiamad',60),(59,'Quiet','nobisut',61),(60,'Expeditased','laboreneque',62),(61,'Explicaboquidem','veritatisfacere',63),(62,'Temporibussed','numquaminventore',64),(63,'Quissint','estexcepturi',65),(64,'Eaconsectetur','eniminventore',66),(65,'Illumenim','eiusexpedita',67),(66,'Repellendussit','accusamusea',68),(67,'Consectetursimilique','sapientedoloribus',69),(68,'Estquod','etomnis',70),(69,'Etrepudiandae','quosdoloremque',71),(70,'Etofficiis','consequaturamet',72),(71,'Harumneque','evenietquis',73),(72,'Estsit','doloressimilique',74),(73,'Consequaturlaudantium','exercitationemut',75),(74,'Quisequi','dolorrepudiandae',76),(75,'Suntdignissimos','rerumratione',77),(76,'Etmolestias','quodea',78),(77,'Verodolor','uteligendi',79),(78,'Delenitipariatur','idomnis',80),(79,'Quivelit','repellatprovident',81),(80,'Voluptasin','solutamaxime',82),(81,'Utvoluptate','culpased',83),(82,'Eaiure','estet',84),(83,'Autaspernatur','officiisdicta',85),(84,'Quivitae','doloremvoluptatibus',86),(85,'Necessitatibusaut','rerumvelit',87),(86,'Ipsamexcepturi','etsuscipit',88),(87,'Doloresiste','dolorducimus',89),(88,'Etin','nihilnobis',90),(89,'Eiusvoluptatum','voluptatemquo',91),(90,'Assumendaomnis','etex',92),(91,'Utquae','aspernaturea',93),(92,'Corporisadipisci','voluptasa',94),(93,'Harumexplicabo','omnisimpedit',95),(94,'Atiste','quiesse',96),(95,'Doloresconsequatur','dolorqui',97),(96,'Utvoluptatibus','possimusearum',98),(97,'Temporevelit','aperiamitaque',99),(98,'Laborumid','modivero',100),(99,'Illoeligendi','ullamet',101),(100,'Estodit','dolorenon',102),(101,'Nisicommodi','estneque',103),(102,'Laudantiumesse','quosmaxime',104),(103,'Doloremcum','temporibusad',105),(104,'Quiquibusdam','quosipsa',106),(105,'Quoaperiam','autemex',107),(106,'Iustosunt','inventoreamet',108),(107,'Etsit','idmolestias',109),(108,'Utdolor','sedexplicabo',110),(109,'Facilismolestiae','etnon',111),(110,'Etin','doloresbeatae',112),(111,'Quiipsa','repellendusest',113),(112,'Veniamofficia','aspernaturut',114),(113,'Delectusnostrum','estbeatae',115),(114,'Rerumut','molestiaequia',116),(115,'Iddelectus','verorerum',117),(116,'Inaccusantium','etcumque',118),(117,'Inciduntoccaecati','vitaereprehenderit',119),(118,'Blanditiisexplicabo','necessitatibusassumenda',120),(119,'Aliquidaut','nihilmolestiae',121),(120,'Enimfugiat','quiaet',122),(121,'Iuredeserunt','autemdolores',123),(122,'Sitet','etdolor',124),(123,'Ameteius','etrepudiandae',125),(124,'Quoex','nihilvero',126),(125,'Remquibusdam','ducimusaspernatur',127),(126,'Quidelectus','aspernaturarchitecto',128),(127,'Velprovident','sintanimi',129),(128,'Voluptatessoluta','atquead',130),(129,'Nequeea','maioresadipisci',131),(130,'Laborequi','nonqui',132),(131,'Doloremincidunt','aliquamsed',133),(132,'Laudantiumlaboriosam','atnesciunt',134),(133,'Laudantiumdicta','quamest',135),(134,'Voluptascommodi','minusblanditiis',136),(135,'Ducimusdolorem','rerummagni',137),(136,'Autemnon','etexpedita',138),(137,'Namut','incidunthic',139),(138,'Ipsamquo','commodiofficia',140),(139,'Autdolorem','velitquis',141),(140,'Autid','voluptasdolor',142),(141,'Nisiin','maioresnihil',143),(142,'Utiste','rerumsed',144),(143,'Inventorecommodi','quinihil',145),(144,'Autrem','dignissimosquia',146),(145,'Doloremqui','quaeratrerum',147),(146,'Aperiamnecessitatibus','rerumenim',148),(147,'Eavoluptas','rerumlaudantium',149),(148,'Estmaiores','enimvoluptatibus',150),(149,'Modiquia','officiisreprehenderit',151),(150,'Oditamet','quidemerror',152),(151,'Inventoreautem','occaecatideleniti',153),(152,'Reiciendiscumque','magnamadipisci',154),(153,'Molestiasut','earumipsam',155),(154,'Cupiditateunde','corruptidolor',156),(155,'Nullaest','inventoreest',157),(156,'Eosdolor','nonillum',158),(157,'Dignissimosimpedit','autiste',159),(158,'Velitmaxime','dolorassumenda',160),(159,'Etdoloribus','suscipitpossimus',161),(160,'Quasifacere','nesciuntdebitis',162),(161,'Sintqui','reiciendisnon',163),(162,'Autemnisi','adrepellendus',164),(163,'Voluptaset','molestiasquia',165),(164,'Accusantiumet','utaliquid',166),(165,'Quasmodi','illumdolore',167),(166,'Recusandaeipsam','cumqueveniam',168),(167,'Laboreet','dolorvoluptatem',169),(168,'Verosit','repudiandaedolores',170),(169,'Delectussit','mollitiaomnis',171),(170,'Exest','consecteturdolores',172),(171,'Eumaccusantium','dolorevoluptatibus',173),(172,'Deseruntaliquid','veliteveniet',174),(173,'Voluptatemcorrupti','quiablanditiis',175),(174,'Rerumamet','evenietquibusdam',176),(175,'Reiciendisquas','quaeneque',177),(176,'Optioaperiam','sintid',178),(177,'Corporissapiente','utnostrum',179),(178,'Numquamaut','sequiet',180),(179,'Magninostrum','ipsumaut',181),(180,'Excepturiquis','exercitationemvoluptatem',182),(181,'Minimacupiditate','nobisvitae',183),(182,'Expeditanecessitatibus','etblanditiis',184),(183,'Accusantiumnisi','repellateius',185);
/*!40000 ALTER TABLE `locations` ENABLE KEYS */;
UNLOCK TABLES;

--
-- Table structure for table `model_group_links`
--

DROP TABLE IF EXISTS `model_group_links`;
/*!40101 SET @saved_cs_client     = @@character_set_client */;
/*!40101 SET character_set_client = utf8 */;
CREATE TABLE `model_group_links` (
  `id` int(11) NOT NULL AUTO_INCREMENT,
  `ancestor_id` int(11) DEFAULT NULL,
  `descendant_id` int(11) DEFAULT NULL,
  `direct` tinyint(1) DEFAULT NULL,
  `count` int(11) DEFAULT NULL,
  `label` varchar(255) COLLATE utf8_unicode_ci DEFAULT NULL,
  PRIMARY KEY (`id`),
  KEY `index_model_group_links_on_ancestor_id` (`ancestor_id`),
  KEY `index_model_group_links_on_direct` (`direct`),
  KEY `index_on_descendant_id_and_ancestor_id_and_direct` (`descendant_id`,`ancestor_id`,`direct`)
) ENGINE=InnoDB AUTO_INCREMENT=9 DEFAULT CHARSET=utf8 COLLATE=utf8_unicode_ci;
/*!40101 SET character_set_client = @saved_cs_client */;

--
-- Dumping data for table `model_group_links`
--

LOCK TABLES `model_group_links` WRITE;
/*!40000 ALTER TABLE `model_group_links` DISABLE KEYS */;
INSERT INTO `model_group_links` VALUES (1,2,10,1,1,NULL),(2,2,8,1,1,NULL),(3,5,10,1,1,NULL),(4,5,9,1,1,NULL),(5,1,9,1,1,NULL),(6,1,11,0,1,NULL),(7,5,11,0,1,NULL),(8,9,11,1,1,NULL);
/*!40000 ALTER TABLE `model_group_links` ENABLE KEYS */;
UNLOCK TABLES;

--
-- Table structure for table `model_groups`
--

DROP TABLE IF EXISTS `model_groups`;
/*!40101 SET @saved_cs_client     = @@character_set_client */;
/*!40101 SET character_set_client = utf8 */;
CREATE TABLE `model_groups` (
  `id` int(11) NOT NULL AUTO_INCREMENT,
  `type` varchar(255) COLLATE utf8_unicode_ci DEFAULT NULL,
  `name` varchar(255) COLLATE utf8_unicode_ci DEFAULT NULL,
  `created_at` datetime DEFAULT NULL,
  `updated_at` datetime DEFAULT NULL,
  PRIMARY KEY (`id`),
  KEY `index_model_groups_on_type` (`type`)
) ENGINE=InnoDB AUTO_INCREMENT=15 DEFAULT CHARSET=utf8 COLLATE=utf8_unicode_ci;
/*!40101 SET character_set_client = @saved_cs_client */;

--
-- Dumping data for table `model_groups`
--

LOCK TABLES `model_groups` WRITE;
/*!40000 ALTER TABLE `model_groups` DISABLE KEYS */;
INSERT INTO `model_groups` VALUES (1,'Category','Beamer','2011-11-01 10:51:56','2011-11-01 10:51:56'),(2,'Category','Kameras','2011-11-01 10:51:56','2011-11-01 10:51:56'),(3,'Category','Stative','2011-11-01 10:51:56','2011-11-01 10:51:56'),(4,'Category','Hifi-Anlagen','2011-11-01 10:51:56','2011-11-01 10:51:56'),(5,'Category','Notebooks','2011-11-01 10:51:56','2011-11-01 10:51:56'),(6,'Category','RC Helikopter','2011-11-01 10:51:56','2011-11-01 10:51:56'),(7,'Category','Computer','2011-11-01 10:51:56','2011-11-01 10:51:56'),(8,'Category','Kurzdistanz','2011-11-01 10:51:56','2011-11-01 10:51:56'),(9,'Category','Portabel','2011-11-01 10:51:56','2011-11-01 10:51:56'),(10,'Category','Standard','2011-11-01 10:51:56','2011-11-01 10:51:56'),(11,'Category','Micro','2011-11-01 10:51:56','2011-11-01 10:51:56'),(12,'Template','Kamera & Stativ','2011-11-01 10:51:56','2011-11-01 10:51:56'),(13,'Template','Beamer & Hifi','2011-11-01 10:51:56','2011-11-01 10:51:56'),(14,'Template','Unaccomplishable template','2011-11-01 10:51:56','2011-11-01 10:51:56');
/*!40000 ALTER TABLE `model_groups` ENABLE KEYS */;
UNLOCK TABLES;

--
-- Table structure for table `model_links`
--

DROP TABLE IF EXISTS `model_links`;
/*!40101 SET @saved_cs_client     = @@character_set_client */;
/*!40101 SET character_set_client = utf8 */;
CREATE TABLE `model_links` (
  `id` int(11) NOT NULL AUTO_INCREMENT,
  `model_group_id` int(11) DEFAULT NULL,
  `model_id` int(11) DEFAULT NULL,
  `quantity` int(11) DEFAULT '1',
  PRIMARY KEY (`id`),
  KEY `index_model_links_on_model_id_and_model_group_id` (`model_id`,`model_group_id`),
  KEY `index_model_links_on_model_group_id_and_model_id` (`model_group_id`,`model_id`)
) ENGINE=InnoDB AUTO_INCREMENT=73 DEFAULT CHARSET=utf8 COLLATE=utf8_unicode_ci;
/*!40101 SET character_set_client = @saved_cs_client */;

--
-- Dumping data for table `model_links`
--

LOCK TABLES `model_links` WRITE;
/*!40000 ALTER TABLE `model_links` DISABLE KEYS */;
INSERT INTO `model_links` VALUES (1,1,58,1),(2,9,58,1),(3,1,59,1),(4,1,60,1),(5,1,62,1),(6,9,62,1),(7,11,63,1),(8,1,64,1),(9,1,65,1),(10,1,66,1),(11,1,67,1),(12,1,68,1),(13,1,69,1),(14,1,70,1),(15,1,71,1),(16,1,72,1),(17,1,73,1),(18,1,74,1),(19,1,75,1),(20,1,76,1),(21,1,77,1),(22,1,78,1),(23,1,79,1),(24,1,80,1),(25,1,81,1),(26,1,82,1),(27,1,83,1),(28,2,84,1),(29,2,85,1),(30,2,86,1),(31,2,87,1),(32,2,88,1),(33,2,89,1),(34,2,90,1),(35,2,91,1),(36,2,92,1),(37,2,93,1),(38,2,94,1),(39,2,95,1),(40,2,96,1),(41,2,97,1),(42,2,98,1),(43,2,99,1),(44,2,100,1),(45,2,101,1),(46,2,102,1),(47,2,103,1),(48,2,104,1),(49,2,105,1),(50,2,106,1),(51,2,107,1),(52,2,108,1),(53,2,109,1),(54,2,110,1),(55,2,111,1),(56,2,112,1),(57,2,113,1),(58,2,114,1),(59,4,115,1),(60,3,116,1),(61,12,84,1),(62,12,116,1),(63,13,58,1),(64,13,115,1),(65,14,84,999),(66,14,116,999),(67,2,149,1),(68,7,150,1),(69,5,151,1),(70,6,152,1),(71,6,153,1),(72,6,154,1);
/*!40000 ALTER TABLE `model_links` ENABLE KEYS */;
UNLOCK TABLES;

--
-- Table structure for table `models`
--

DROP TABLE IF EXISTS `models`;
/*!40101 SET @saved_cs_client     = @@character_set_client */;
/*!40101 SET character_set_client = utf8 */;
CREATE TABLE `models` (
  `id` int(11) NOT NULL AUTO_INCREMENT,
  `type` varchar(255) COLLATE utf8_unicode_ci NOT NULL DEFAULT 'Model',
  `manufacturer` varchar(255) COLLATE utf8_unicode_ci DEFAULT NULL,
  `product` varchar(255) COLLATE utf8_unicode_ci NOT NULL,
  `version` varchar(255) COLLATE utf8_unicode_ci DEFAULT NULL,
  `description` text COLLATE utf8_unicode_ci,
  `internal_description` text COLLATE utf8_unicode_ci,
  `info_url` varchar(255) COLLATE utf8_unicode_ci DEFAULT NULL,
  `rental_price` decimal(8,2) DEFAULT NULL,
  `maintenance_period` int(11) DEFAULT '0',
  `is_package` tinyint(1) DEFAULT '0',
  `technical_detail` text COLLATE utf8_unicode_ci,
  `hand_over_note` text COLLATE utf8_unicode_ci,
  `created_at` datetime DEFAULT NULL,
  `updated_at` datetime DEFAULT NULL,
  PRIMARY KEY (`id`),
  KEY `index_models_on_is_package` (`is_package`),
  KEY `index_models_on_type` (`type`)
) ENGINE=InnoDB AUTO_INCREMENT=297 DEFAULT CHARSET=utf8 COLLATE=utf8_unicode_ci;
/*!40101 SET character_set_client = @saved_cs_client */;

--
-- Dumping data for table `models`
--

LOCK TABLES `models` WRITE;
/*!40000 ALTER TABLE `models` DISABLE KEYS */;
INSERT INTO `models` VALUES (1,'Model','Will, Nolan and Schaefer','Intelligent Steel Pants','1','Qui repellat nisi autem ducimus quas optio.','Voluptatem doloremque enim cumque.',NULL,NULL,2,0,'Pariatur reiciendis enim eius.','Impedit voluptatem ut esse.','2011-11-01 10:51:56','2011-11-01 10:51:56'),(2,'Model','Balistreri-Gottlieb','Gorgeous Rubber Computer','2','Enim amet tenetur nostrum numquam perspiciatis ab eos magni.','Maiores culpa quis aut recusandae consectetur aut qui.',NULL,NULL,2,0,'Et optio officiis ratione.','Assumenda hic omnis sed.','2011-11-01 10:51:56','2011-11-01 10:51:56'),(3,'Model','Dach, Nader and Lockman','Intelligent Granite Gloves','3','Pariatur dignissimos unde velit.','Animi hic neque vel sint sint iste et.',NULL,NULL,1,0,'Eos ipsa nihil quos odio blanditiis.','Quod quidem omnis officiis eos voluptatem consequatur cum voluptatum.','2011-11-01 10:51:56','2011-11-01 10:51:56'),(4,'Model','Tremblay LLC','Practical Plastic Pants','4','Vero voluptas est soluta voluptatem adipisci aut.','Quis in est tenetur voluptatum sunt.',NULL,NULL,3,0,'Ab autem temporibus libero non eum iusto voluptates ipsum.','Aut est voluptatem blanditiis corrupti.','2011-11-01 10:51:56','2011-11-01 10:51:56'),(5,'Model','Bednar, Kuphal and Heidenreich','Fantastic Concrete Computer','5','Iure recusandae alias cumque ad totam ab excepturi.','Consequatur ipsa esse sint eius fugiat enim sit.',NULL,NULL,1,0,'Rem et eveniet omnis nobis consequuntur.','Veniam inventore voluptatem ut illo sunt nulla quae.','2011-11-01 10:51:56','2011-11-01 10:51:56'),(6,'Model','Ferry-Becker','Sleek Plastic Gloves','6','Esse dolorem quibusdam tempore.','Delectus ut sed officia similique.',NULL,NULL,1,0,'Quidem magni pariatur fugit quas accusantium animi sed commodi.','Iusto voluptatem tenetur itaque ut rerum non.','2011-11-01 10:51:56','2011-11-01 10:51:56'),(7,'Model','Wisoky-Rohan','Intelligent Concrete Shirt','7','Expedita natus doloribus dolore.','Omnis facere soluta consequatur accusamus debitis aliquam expedita deleniti.',NULL,NULL,0,0,'Aut totam nemo alias.','Dolorem dolor excepturi odit illum quam consectetur.','2011-11-01 10:51:56','2011-11-01 10:51:56'),(8,'Model','Gleichner Inc','Awesome Rubber Chair','8','Voluptas non iusto omnis ab est inventore dolor.','Molestiae aut natus sequi non iure.',NULL,NULL,1,0,'Sapiente cum nihil sunt.','Non magnam ut nesciunt eum architecto explicabo.','2011-11-01 10:51:56','2011-11-01 10:51:56'),(9,'Model','Yundt-Hintz','Ergonomic Granite Shirt','9','Quaerat ad totam quia inventore.','Dignissimos consequatur veniam omnis culpa eum voluptatem.',NULL,NULL,0,0,'Voluptates excepturi nihil ratione commodi illum sapiente rem modi.','Nesciunt sed aut temporibus rerum quod quia illo corrupti.','2011-11-01 10:51:56','2011-11-01 10:51:56'),(10,'Model','Morar Inc','Rustic Plastic Shoes','10','Accusamus beatae voluptas dolores quos qui laborum molestias.','Quis ratione voluptatem sed veniam.',NULL,NULL,3,0,'Molestias molestiae accusamus dignissimos laborum.','Aut quidem commodi quo cumque vero ut.','2011-11-01 10:51:56','2011-11-01 10:51:56'),(11,'Model','Price-Mraz','Ergonomic Wooden Chair','11','Debitis eligendi omnis magni accusantium velit dolore.','Sapiente in necessitatibus quo excepturi in quia.',NULL,NULL,1,0,'Harum doloribus facilis fugit dolores quam et sit sint.','Debitis odio labore sed vitae vero aut accusantium placeat.','2011-11-01 10:51:56','2011-11-01 10:51:56'),(12,'Model','Wilkinson, Johnson and O\'Reilly','Intelligent Plastic Chair','12','Quidem non sint ullam quisquam dolores.','Illum rem tempora praesentium.',NULL,NULL,0,0,'Dolor aut assumenda officiis quia.','Aspernatur et temporibus ullam.','2011-11-01 10:51:56','2011-11-01 10:51:56'),(13,'Model','Corkery-Krajcik','Awesome Cotton Car','13','Et odio accusantium qui vero.','Soluta illum ullam sit.',NULL,NULL,1,0,'Veritatis perspiciatis consectetur et tempora corporis deleniti.','Exercitationem consequuntur sit est a occaecati quia.','2011-11-01 10:51:56','2011-11-01 10:51:56'),(14,'Model','Franecki-Monahan','Practical Cotton Shirt','14','Enim unde ut recusandae accusamus.','Enim ut nesciunt et repellendus et ducimus perferendis.',NULL,NULL,3,0,'Maiores et suscipit et omnis ut similique repudiandae.','Quam sit odit quasi voluptatibus vel sint optio magni.','2011-11-01 10:51:56','2011-11-01 10:51:56'),(15,'Model','Franecki, Luettgen and Crooks','Small Plastic Table','15','Animi doloribus quod officia.','Veniam saepe qui expedita consequuntur cum veritatis officiis recusandae.',NULL,NULL,2,0,'Dolorem voluptatem nihil sit et ut nesciunt quam.','Eligendi sunt ab aut est deleniti.','2011-11-01 10:51:56','2011-11-01 10:51:56'),(16,'Model','Denesik, Pfeffer and Witting','Incredible Cotton Computer','16','Nulla autem quae tenetur quis libero sunt ratione quam.','Est aut dignissimos beatae consequatur officiis.',NULL,NULL,1,0,'Debitis velit sit et voluptatibus iste repudiandae eum autem.','Distinctio dolorum ad suscipit quibusdam non asperiores quia.','2011-11-01 10:51:56','2011-11-01 10:51:56'),(17,'Model','Kovacek Inc','Small Steel Shirt','17','Harum fugiat non et repellendus voluptatem aliquam.','Occaecati ut corporis ea fugit ad dolorem et.',NULL,NULL,2,0,'Eius animi earum cumque repellendus.','Ad qui temporibus deleniti.','2011-11-01 10:51:56','2011-11-01 10:51:56'),(18,'Model','Jast, Turcotte and Schneider','Rustic Plastic Car','18','Autem consequatur sunt ex.','Accusantium ullam ad natus.',NULL,NULL,2,0,'Iusto impedit ex nobis et enim.','Et aut harum quo sunt sit consequatur sed.','2011-11-01 10:51:56','2011-11-01 10:51:56'),(19,'Model','Fadel and Sons','Practical Rubber Gloves','19','Consequatur quasi aut quia est doloribus a rerum.','Numquam ex a et dolore.',NULL,NULL,1,0,'Aut ea harum perferendis debitis.','Pariatur quasi qui iste fugit mollitia.','2011-11-01 10:51:56','2011-11-01 10:51:56'),(20,'Model','Walker, Raynor and Streich','Small Granite Shirt','20','Consequatur voluptate distinctio quis et.','Quibusdam excepturi iure quaerat.',NULL,NULL,1,0,'Sapiente assumenda esse ipsum.','Voluptatem magnam quidem exercitationem eos corrupti et consequatur voluptatem.','2011-11-01 10:51:56','2011-11-01 10:51:56'),(21,'Model','Cronin-Greenfelder','Small Granite Pants','21','Dolorem nisi blanditiis laboriosam nostrum.','Exercitationem sed inventore eum nesciunt adipisci provident.',NULL,NULL,2,0,'Laborum sit laudantium ipsa aliquid id veniam vel.','Modi laboriosam quis temporibus.','2011-11-01 10:51:56','2011-11-01 10:51:56'),(22,'Model','Turner, Brekke and McCullough','Small Wooden Gloves','22','Eum aut maiores laborum assumenda ut aut omnis.','In ducimus minima corrupti.',NULL,NULL,2,0,'Qui et recusandae ipsum ut vero voluptatum.','Aut veritatis nihil autem non eum quibusdam.','2011-11-01 10:51:56','2011-11-01 10:51:56'),(23,'Model','Schiller Inc','Intelligent Granite Shoes','23','Dolorem dolor at maxime ut voluptas rerum ex et.','Numquam voluptatem tenetur molestias eius.',NULL,NULL,3,0,'Voluptas architecto sunt facilis.','Expedita optio facere quia facilis assumenda.','2011-11-01 10:51:56','2011-11-01 10:51:56'),(24,'Model','Maggio and Sons','Small Wooden Computer','24','Doloremque et accusamus nam voluptatibus et est.','In quas aut atque sint.',NULL,NULL,0,0,'Consequatur ut dignissimos voluptatem consequuntur occaecati quo.','Et quo totam rerum illo dolorem sunt possimus minima.','2011-11-01 10:51:56','2011-11-01 10:51:56'),(25,'Model','Schmitt, Roberts and Marks','Ergonomic Cotton Pants','25','Tempora ut voluptatem nesciunt.','Sint beatae nisi nam nihil consequuntur.',NULL,NULL,1,0,'Laudantium non esse rem vel a optio officiis qui.','Ut officiis magnam qui quis doloribus dolorum nulla.','2011-11-01 10:51:56','2011-11-01 10:51:56'),(26,'Model','Rosenbaum LLC','Intelligent Concrete Gloves','26','Atque maxime modi molestias non et sapiente consectetur distinctio.','Et consequuntur tenetur non qui fuga porro.',NULL,NULL,0,0,'Dolorem voluptatum nobis sequi velit beatae.','A architecto aliquid sint reprehenderit nihil inventore.','2011-11-01 10:51:56','2011-11-01 10:51:56'),(27,'Model','Reichel and Sons','Incredible Granite Pants','27','Recusandae labore in itaque cupiditate sint velit aut.','Est incidunt velit doloremque harum voluptas voluptatum.',NULL,NULL,2,0,'Laudantium itaque hic inventore et sunt nobis sed sit.','Voluptas nesciunt natus modi qui unde iusto nobis temporibus.','2011-11-01 10:51:56','2011-11-01 10:51:56'),(28,'Model','Kunze, Huel and Goldner','Fantastic Plastic Chair','28','Est temporibus et reiciendis.','Et quia similique et.',NULL,NULL,0,0,'Ducimus nam sequi mollitia deleniti eius minima quia.','Sapiente repudiandae itaque nesciunt.','2011-11-01 10:51:56','2011-11-01 10:51:56'),(29,'Model','VonRueden and Sons','Sleek Concrete Shirt','29','In officia eius vitae.','Reprehenderit dolor similique architecto voluptatibus est.',NULL,NULL,2,0,'Perferendis alias et vel voluptas maiores reiciendis sapiente dolores.','Id necessitatibus sed quos molestiae.','2011-11-01 10:51:56','2011-11-01 10:51:56'),(30,'Model','Gutmann-Legros','Small Granite Gloves','30','Aut iusto omnis soluta quia sunt.','Illum qui est occaecati.',NULL,NULL,0,0,'Est ea sed minus veniam cumque.','Ducimus voluptatem neque officia reiciendis nobis occaecati aut.','2011-11-01 10:51:56','2011-11-01 10:51:56'),(31,'Model','Rowe Group','Ergonomic Concrete Gloves','31','Nostrum corporis tempora omnis nam.','Illum quia aliquam cumque.',NULL,NULL,2,0,'Qui dolorum aut fugit quo qui suscipit aliquid.','Est vero aliquam quas.','2011-11-01 10:51:56','2011-11-01 10:51:56'),(32,'Model','Schaefer LLC','Fantastic Cotton Hat','32','Aut voluptatem accusantium similique non et consequatur.','Sed autem soluta quos deserunt.',NULL,NULL,1,0,'Consequuntur aut quis labore odit qui tempore.','Et sit maxime repellendus dicta.','2011-11-01 10:51:56','2011-11-01 10:51:56'),(33,'Model','Littel-Dietrich','Incredible Plastic Gloves','33','Est repellendus minima qui iure et et et occaecati.','Est et in rerum at deserunt.',NULL,NULL,3,0,'Nostrum voluptas ipsam veritatis ipsum soluta et.','Omnis omnis et quaerat unde.','2011-11-01 10:51:56','2011-11-01 10:51:56'),(34,'Model','Boehm LLC','Incredible Rubber Shirt','34','Expedita amet placeat iste.','Voluptatibus tempora voluptatum asperiores.',NULL,NULL,2,0,'Est porro reprehenderit praesentium quibusdam tempora.','Architecto sapiente quaerat illo.','2011-11-01 10:51:56','2011-11-01 10:51:56'),(35,'Model','O\'Keefe-Okuneva','Awesome Rubber Shoes','35','Commodi quo corporis et consequatur repudiandae.','Animi vel ducimus molestias.',NULL,NULL,1,0,'Id quos et magni sunt esse assumenda recusandae saepe.','Qui quia excepturi harum numquam.','2011-11-01 10:51:56','2011-11-01 10:51:56'),(36,'Model','Considine and Sons','Ergonomic Cotton Chair','36','Sint recusandae eius ea et earum et.','Voluptatem est aspernatur laudantium autem corporis omnis.',NULL,NULL,1,0,'Corrupti esse unde iusto saepe doloremque fugit enim et.','Et et eum earum cumque qui.','2011-11-01 10:51:56','2011-11-01 10:51:56'),(37,'Model','Sporer and Sons','Fantastic Wooden Shoes','37','Et occaecati assumenda rerum accusantium.','Perferendis maxime atque repellendus iste quod quas exercitationem.',NULL,NULL,1,0,'Neque voluptas iure quia nobis ullam facilis doloribus.','Omnis totam ipsum qui et.','2011-11-01 10:51:56','2011-11-01 10:51:56'),(38,'Model','McKenzie Group','Intelligent Wooden Gloves','38','Ut aut quas repudiandae ratione molestiae placeat natus.','Asperiores provident itaque beatae rerum animi.',NULL,NULL,3,0,'Quos quas ipsum excepturi qui doloribus.','Provident nemo saepe consequatur est est quas commodi distinctio.','2011-11-01 10:51:56','2011-11-01 10:51:56'),(39,'Model','Jenkins-Wilderman','Practical Concrete Chair','39','Cum cumque porro laborum eos in mollitia quo.','Animi soluta harum eos ipsum.',NULL,NULL,0,0,'Aliquid suscipit ut nulla sed accusamus molestiae omnis rerum.','Recusandae repudiandae ut ea reiciendis facere quae.','2011-11-01 10:51:56','2011-11-01 10:51:56'),(40,'Model','Marvin Group','Rustic Steel Shoes','40','Beatae et ut est distinctio consequuntur ipsa.','Optio odio omnis porro.',NULL,NULL,2,0,'Hic autem et ut unde et repellendus ad.','Nihil sequi asperiores laudantium iusto distinctio dolores aspernatur neque.','2011-11-01 10:51:56','2011-11-01 10:51:56'),(41,'Model','Hammes-McClure','Fantastic Steel Shirt','41','Earum ex corrupti vel vero ut eveniet inventore.','Officia repudiandae sunt molestias ea autem.',NULL,NULL,0,0,'Ut iusto pariatur et.','Ut quo enim consequatur occaecati quasi iste odit vero.','2011-11-01 10:51:56','2011-11-01 10:51:56'),(42,'Model','Jakubowski-Altenwerth','Awesome Cotton Computer','42','Odit voluptatum minus sit velit provident sed vel.','Repellat aperiam excepturi sit quia.',NULL,NULL,3,0,'Voluptatum error placeat nulla velit.','Sed ut sed sit.','2011-11-01 10:51:56','2011-11-01 10:51:56'),(43,'Model','Keeling and Sons','Practical Concrete Table','43','Vel molestiae et tempora.','Aperiam necessitatibus quis saepe voluptatem magni velit facilis consectetur.',NULL,NULL,3,0,'Totam quia sint ducimus reprehenderit eum iure quam.','Possimus omnis culpa et excepturi deserunt adipisci.','2011-11-01 10:51:56','2011-11-01 10:51:56'),(44,'Model','Hodkiewicz-Boyle','Intelligent Steel Hat','44','Iusto quod nam officiis et.','At assumenda enim est dolore.',NULL,NULL,0,0,'Dicta amet eligendi quae et natus eveniet.','Et atque in vitae.','2011-11-01 10:51:56','2011-11-01 10:51:56'),(45,'Model','Lindgren, Toy and Mann','Sleek Cotton Shoes','45','Quo velit consequatur dignissimos quibusdam animi.','Quia vel ad voluptatibus consequatur impedit et sint reprehenderit.',NULL,NULL,3,0,'Aut accusantium similique eius quia consequatur officia quas.','Ea fugit accusamus voluptatem dicta eveniet.','2011-11-01 10:51:56','2011-11-01 10:51:56'),(46,'Model','Okuneva, Torphy and Farrell','Incredible Steel Shirt','46','Eos et unde dolores enim velit qui et dolore.','Exercitationem neque at necessitatibus illo doloribus voluptatem.',NULL,NULL,3,0,'Ipsam odio aut architecto impedit.','Ut suscipit eligendi quaerat reiciendis iusto laboriosam est eveniet.','2011-11-01 10:51:56','2011-11-01 10:51:56'),(47,'Model','Hayes-Lakin','Rustic Wooden Shoes','47','Assumenda autem nisi impedit rerum asperiores eum recusandae et.','Expedita consequatur eos reiciendis quo tenetur et.',NULL,NULL,2,0,'Accusamus eveniet aspernatur voluptatem nemo assumenda ratione quod.','Culpa vel distinctio doloremque et quia.','2011-11-01 10:51:56','2011-11-01 10:51:56'),(48,'Model','Cummings, Crist and Schamberger','Gorgeous Plastic Shoes','48','Doloremque natus repellat amet aut quo quis.','Eius nemo qui corrupti enim tempore ex.',NULL,NULL,3,0,'Qui sit qui molestiae perferendis quisquam rerum.','Magnam atque fugit rem omnis dignissimos non et.','2011-11-01 10:51:56','2011-11-01 10:51:56'),(49,'Model','Mohr-Klocko','Gorgeous Granite Table','49','Sint voluptas exercitationem nobis molestiae quasi.','Sunt eius officiis sapiente sit perferendis est aut.',NULL,NULL,3,0,'Aliquid suscipit nulla impedit modi.','Inventore autem esse commodi.','2011-11-01 10:51:56','2011-11-01 10:51:56'),(50,'Model','Davis-Runolfsson','Small Steel Car','50','Iste ducimus officia eligendi earum non.','In eos vel ea ipsum voluptates perferendis pariatur sint.',NULL,NULL,0,0,'Quaerat saepe non ipsum sint porro officiis eum modi.','Quam eos enim qui quibusdam sint.','2011-11-01 10:51:56','2011-11-01 10:51:56'),(51,'Model','Wilkinson, Haag and Runolfsdottir','Intelligent Rubber Shoes','51','Aperiam et quidem consequatur aliquam dolor quam sunt alias.','Assumenda optio fuga qui.',NULL,NULL,1,0,'Et voluptatem laudantium quo.','Rerum qui autem voluptas velit sequi sint possimus.','2011-11-01 10:51:56','2011-11-01 10:51:56'),(52,'Model','Conroy, Berge and Auer','Awesome Steel Chair','52','Et fugit perspiciatis quas nihil recusandae exercitationem adipisci.','A omnis saepe voluptates similique tenetur perferendis facere sint.',NULL,NULL,3,0,'Omnis nemo dolorem provident sapiente.','Nihil deserunt commodi quisquam aut nostrum.','2011-11-01 10:51:56','2011-11-01 10:51:56'),(53,'Model','Pagac, Beer and Simonis','Incredible Wooden Gloves','53','Maiores qui eos nihil.','Cumque expedita quod et non optio sed reiciendis.',NULL,NULL,3,0,'Perspiciatis reiciendis qui adipisci error ullam corrupti.','Eligendi exercitationem atque occaecati autem.','2011-11-01 10:51:56','2011-11-01 10:51:56'),(54,'Model','O\'Keefe LLC','Gorgeous Granite Hat','54','Ut porro repellendus nihil et et atque doloremque.','Autem dolore saepe dolor.',NULL,NULL,1,0,'Eveniet omnis ad nemo excepturi qui corrupti quibusdam.','Modi provident fugit nulla.','2011-11-01 10:51:56','2011-11-01 10:51:56'),(55,'Model','Gibson and Sons','Practical Rubber Computer','55','Aperiam vero optio voluptate similique voluptatem.','Recusandae illum sint expedita doloremque.',NULL,NULL,3,0,'Dolore dolor minima odio dolorum.','Sint aut nihil qui alias.','2011-11-01 10:51:56','2011-11-01 10:51:56'),(56,'Model','Powlowski-Donnelly','Fantastic Plastic Pants','56','Unde praesentium dolores repellendus sunt.','Illum occaecati quo sit.',NULL,NULL,3,0,'Nisi officiis sequi fugiat at eligendi laborum minima voluptatem.','Nobis sint ut in officia repellat.','2011-11-01 10:51:56','2011-11-01 10:51:56'),(57,'Model','Apple','MacBookPro','57','Laptop fr Studis und Angestellte.','Ut a ut et possimus.',NULL,NULL,0,0,'Debitis et molestias eligendi ipsum ut ut officia non.','Mit Verpackung aushndigen.','2011-11-01 10:51:56','2011-11-01 10:51:56'),(58,'Model','Sharp','Sharp Beamer','123','Beamer, geeignet fr alle Verwendungszwecke.','Quo quis aperiam repellat sed quo ea quis ad.',NULL,NULL,0,0,'Aspernatur sunt modi est.','Beamer brauch ein VGA Kabel!','2011-11-01 10:51:56','2011-11-01 10:51:56'),(59,'Model','Sharp','Sharp Beamer 2D','58','Beamer, geeignet fr alle Verwendungszwecke.','Quaerat enim aut est doloremque animi magni.',NULL,NULL,0,0,'Accusamus tenetur provident esse.','Ea distinctio magni atque nostrum eius.','2011-11-01 10:51:56','2011-11-01 10:51:56'),(60,'Model','Panasonic','Mini Beamer','59','Beamer, geeignet fr alle Verwendungszwecke.','Consequatur minus ut ut ex enim quasi in.',NULL,NULL,0,0,'Ut veniam molestiae eos et sint natus qui.','Sit voluptate dolores ab repellat repellendus quis id.','2011-11-01 10:51:56','2011-11-01 10:51:56'),(61,'Model','Sharp','Sharp Beamer','456','Beamer, geeignet fr alle Verwendungszwecke.','Veritatis inventore laborum ex ea.',NULL,NULL,0,0,'Autem nisi repellat ipsa consequatur laboriosam voluptatem provident.','Beamer brauch ein VGA Kabel!','2011-11-01 10:51:56','2011-11-01 10:51:56'),(62,'Model','Sony','Ultra Compact Beamer','60','Besonders kleiner Beamer.','Blanditiis et nisi aliquam aut ut culpa.',NULL,NULL,0,0,'Laboriosam sint ratione quis ipsa ut cum sed dolor.','Beamer brauch ein VGA Kabel!','2011-11-01 10:51:56','2011-11-01 10:51:56'),(63,'Model','Micro','Micro Beamer','61','Besonders mikro kleiner Beamer.','Velit provident dolor sed quaerat.',NULL,NULL,0,0,'Quibusdam itaque quisquam error dolorem explicabo praesentium nostrum.','Beamer brauch ein VGA Kabel!','2011-11-01 10:51:56','2011-11-01 10:51:56'),(64,'Model','Sony','Beamer 1 et','62','Nulla quasi corrupti similique eveniet.','Minima qui nihil tempore.',NULL,NULL,0,0,'Itaque neque enim tempora perferendis rerum.','Beamer brauch ein VGA Kabel!','2011-11-01 10:51:56','2011-11-01 10:51:56'),(65,'Model','Sony','Beamer 2 repellendus','63','Sed occaecati veritatis quia omnis numquam quae dolores.','Earum porro voluptatem quasi iste.',NULL,NULL,0,0,'Officiis consequatur est qui fugiat omnis dicta ullam.','Beamer brauch ein VGA Kabel!','2011-11-01 10:51:56','2011-11-01 10:51:56'),(66,'Model','Sony','Beamer 3 at','64','Modi eum ea sit est ut voluptate.','Provident amet et excepturi et velit.',NULL,NULL,0,0,'Dolorem quasi accusantium maxime sunt eaque doloribus.','Beamer brauch ein VGA Kabel!','2011-11-01 10:51:56','2011-11-01 10:51:56'),(67,'Model','Sony','Beamer 4 pariatur','65','Dicta dolorem quis amet explicabo eos fugit odio.','Qui hic molestiae qui nihil.',NULL,NULL,0,0,'Ut quisquam asperiores facere sint eos praesentium molestiae.','Beamer brauch ein VGA Kabel!','2011-11-01 10:51:56','2011-11-01 10:51:56'),(68,'Model','Sony','Beamer 5 quis','66','Quas animi iste placeat.','Qui nesciunt odio laboriosam soluta.',NULL,NULL,0,0,'Alias qui tempora excepturi architecto ad itaque dolor.','Beamer brauch ein VGA Kabel!','2011-11-01 10:51:56','2011-11-01 10:51:56'),(69,'Model','Sony','Beamer 6 animi','67','Debitis facere cumque earum nihil est tempora exercitationem et.','Corrupti eius tenetur earum optio temporibus unde commodi.',NULL,NULL,0,0,'Esse ratione fugit aut tempore perferendis optio minima.','Beamer brauch ein VGA Kabel!','2011-11-01 10:51:56','2011-11-01 10:51:56'),(70,'Model','Sony','Beamer 7 reprehenderit','68','Atque ducimus velit et sit.','Dolores dolorum cupiditate totam.',NULL,NULL,0,0,'Voluptatibus sed vel et repellat ut quia ab officia.','Beamer brauch ein VGA Kabel!','2011-11-01 10:51:56','2011-11-01 10:51:56'),(71,'Model','Sony','Beamer 8 qui','69','Aspernatur fugiat quos eum.','Ea rem enim ipsa sint quod molestiae consequatur.',NULL,NULL,0,0,'In amet est nihil et aut aliquam quisquam ab.','Beamer brauch ein VGA Kabel!','2011-11-01 10:51:56','2011-11-01 10:51:56'),(72,'Model','Sony','Beamer 9 laudantium','70','Sint alias quibusdam ea.','Non suscipit dolores et tempora amet vero voluptas.',NULL,NULL,0,0,'Eaque et veritatis quaerat.','Beamer brauch ein VGA Kabel!','2011-11-01 10:51:56','2011-11-01 10:51:56'),(73,'Model','Sony','Beamer 10 dolores','71','Aliquam facere harum ab unde quia aut.','Est eos consequatur quisquam quasi natus autem a.',NULL,NULL,0,0,'Quos et debitis ut ab et delectus quia quia.','Beamer brauch ein VGA Kabel!','2011-11-01 10:51:56','2011-11-01 10:51:56'),(74,'Model','Sony','Beamer 11 tempora','72','Reprehenderit fugit ea qui aut totam debitis veritatis.','Voluptas quaerat corporis nisi doloribus omnis vitae nihil molestias.',NULL,NULL,0,0,'Quasi atque cumque cum provident natus esse omnis.','Beamer brauch ein VGA Kabel!','2011-11-01 10:51:56','2011-11-01 10:51:56'),(75,'Model','Sony','Beamer 12 voluptatem','73','Deserunt sapiente repellendus sit rerum.','Excepturi quidem repellendus vero dolorem dolor.',NULL,NULL,0,0,'Aliquid fuga dolore ullam accusamus sunt incidunt.','Beamer brauch ein VGA Kabel!','2011-11-01 10:51:56','2011-11-01 10:51:56'),(76,'Model','Sony','Beamer 13 reiciendis','74','Eum natus voluptatem ipsa aut ut suscipit est.','Quo fugiat ullam sint.',NULL,NULL,0,0,'Quos aut dolores in cum est.','Beamer brauch ein VGA Kabel!','2011-11-01 10:51:56','2011-11-01 10:51:56'),(77,'Model','Sony','Beamer 14 quos','75','Sit voluptatum nihil ut accusantium rerum.','Temporibus iusto at sequi enim asperiores.',NULL,NULL,0,0,'Cupiditate tempore autem vel eaque soluta blanditiis veniam aut.','Beamer brauch ein VGA Kabel!','2011-11-01 10:51:56','2011-11-01 10:51:56'),(78,'Model','Sony','Beamer 15 omnis','76','Magni eos tempore voluptas.','Qui inventore modi in voluptatem suscipit quaerat animi.',NULL,NULL,0,0,'Sapiente corrupti sint non quod quis nulla odit.','Beamer brauch ein VGA Kabel!','2011-11-01 10:51:56','2011-11-01 10:51:56'),(79,'Model','Sony','Beamer 16 illo','77','Non dicta cum voluptas enim veritatis.','At beatae nihil quia.',NULL,NULL,0,0,'Asperiores consequuntur alias et omnis.','Beamer brauch ein VGA Kabel!','2011-11-01 10:51:56','2011-11-01 10:51:56'),(80,'Model','Sony','Beamer 17 quisquam','78','Ullam voluptatem fuga debitis et dolorem aut.','Quasi id laudantium minima et.',NULL,NULL,0,0,'Quo inventore sit rem non quod rerum soluta ea.','Beamer brauch ein VGA Kabel!','2011-11-01 10:51:56','2011-11-01 10:51:56'),(81,'Model','Sony','Beamer 18 magnam','79','Voluptatum natus nihil totam quasi non nemo minima earum.','Dolorem asperiores nihil error numquam.',NULL,NULL,0,0,'Cupiditate exercitationem ut et minima rerum optio numquam iure.','Beamer brauch ein VGA Kabel!','2011-11-01 10:51:56','2011-11-01 10:51:56'),(82,'Model','Sony','Beamer 19 dolorem','80','Accusantium nostrum nisi aut maxime nobis dolorem sunt.','Aliquam culpa facilis tempore vero.',NULL,NULL,0,0,'Facilis ad perspiciatis doloremque quo perferendis deserunt.','Beamer brauch ein VGA Kabel!','2011-11-01 10:51:56','2011-11-01 10:51:56'),(83,'Model','Sony','Beamer 20 ullam','81','Recusandae pariatur odit earum dolor assumenda aliquid.','Minus id repellat possimus quibusdam quia.',NULL,NULL,0,0,'In quaerat sed minima deserunt.','Beamer brauch ein VGA Kabel!','2011-11-01 10:51:56','2011-11-01 10:51:56'),(84,'Model','Nikon','Kamera Nikon','X12','Super Kamera.','Sunt vero debitis voluptatem labore doloremque.',NULL,NULL,0,0,'Et consequatur qui aut ipsam quam ut expedita necessitatibus.','Kamera brauch Akkus!','2011-11-01 10:51:56','2011-11-01 10:51:56'),(85,'Model','Nikon','Camera 1 praesentium','82','Voluptate odio voluptas laboriosam.','Fuga nihil in laudantium maxime sed non inventore.',NULL,NULL,0,0,'Sapiente enim iure est incidunt eos officiis fugiat.','Cumque suscipit rerum praesentium.','2011-11-01 10:51:56','2011-11-01 10:51:56'),(86,'Model','Nikon','Camera 2 facere','83','Sequi quia a consequuntur.','Nihil odit doloremque ab.',NULL,NULL,0,0,'Distinctio est qui omnis.','Ea assumenda voluptas quis.','2011-11-01 10:51:56','2011-11-01 10:51:56'),(87,'Model','Nikon','Camera 3 ullam','84','Nihil nam officia ea.','Veritatis sed qui culpa incidunt dicta dolorem.',NULL,NULL,0,0,'Molestiae qui commodi eos molestiae qui animi.','Harum molestias aliquam explicabo minima facere quibusdam maxime est.','2011-11-01 10:51:56','2011-11-01 10:51:56'),(88,'Model','Nikon','Camera 4 eos','85','Alias quia doloribus eum enim sit nihil.','Reiciendis exercitationem ut maxime molestiae incidunt voluptate dignissimos earum.',NULL,NULL,0,0,'Ab officiis vero quia.','Deleniti repellendus debitis voluptates ea vero commodi quae cum.','2011-11-01 10:51:56','2011-11-01 10:51:56'),(89,'Model','Nikon','Camera 5 consequuntur','86','Quia rem et accusantium ut magnam facilis.','Doloremque a nemo nihil quo et ipsum.',NULL,NULL,0,0,'Iure assumenda totam natus.','Nihil hic minima pariatur sapiente omnis sint velit aut.','2011-11-01 10:51:56','2011-11-01 10:51:56'),(90,'Model','Nikon','Camera 6 a','87','Aut sequi consequatur minus nihil.','Minima iure ut et beatae consequatur.',NULL,NULL,0,0,'Laboriosam enim libero rerum nam.','Fuga autem alias non.','2011-11-01 10:51:56','2011-11-01 10:51:56'),(91,'Model','Nikon','Camera 7 sunt','88','Aut quis odit et nostrum voluptatum quam.','Qui voluptatum nobis laudantium consectetur occaecati.',NULL,NULL,0,0,'Sequi earum et voluptatum.','Nulla vitae placeat voluptatibus.','2011-11-01 10:51:56','2011-11-01 10:51:56'),(92,'Model','Nikon','Camera 8 qui','89','Id minus iure alias numquam.','Soluta unde vitae et.',NULL,NULL,0,0,'Quam quas dolorem dolore suscipit numquam.','Fugiat harum quos quia ab officiis.','2011-11-01 10:51:56','2011-11-01 10:51:56'),(93,'Model','Nikon','Camera 9 aliquid','90','Alias mollitia ducimus nihil repudiandae consectetur sint omnis.','Illum deleniti dolores laborum inventore est.',NULL,NULL,0,0,'Consequatur dicta cupiditate doloremque sint laudantium repellat nesciunt.','Rerum non et aut eos sed nulla quis.','2011-11-01 10:51:56','2011-11-01 10:51:56'),(94,'Model','Nikon','Camera 10 omnis','91','Magni tempore aut similique non corrupti.','Consequatur quia iste quos.',NULL,NULL,0,0,'Nihil officia architecto eaque distinctio optio deleniti.','Numquam temporibus voluptatibus quas quia est ut reiciendis laborum.','2011-11-01 10:51:56','2011-11-01 10:51:56'),(95,'Model','Nikon','Camera 11 illum','92','Et quo temporibus autem laudantium velit.','Eligendi omnis non ipsa animi et odio soluta et.',NULL,NULL,0,0,'Distinctio rerum minus itaque laudantium.','Praesentium veritatis qui est cum aliquid ipsum.','2011-11-01 10:51:56','2011-11-01 10:51:56'),(96,'Model','Nikon','Camera 12 distinctio','93','Molestias qui iure excepturi explicabo sit ullam rerum.','Ullam repellendus eaque animi.',NULL,NULL,0,0,'Aut quibusdam voluptas ex voluptas.','Nisi deserunt voluptates blanditiis occaecati totam nulla possimus quia.','2011-11-01 10:51:56','2011-11-01 10:51:56'),(97,'Model','Nikon','Camera 13 asperiores','94','Voluptates suscipit dolores ipsum sint porro assumenda totam ducimus.','Commodi aut corporis possimus ipsum neque deserunt.',NULL,NULL,0,0,'Sed dignissimos voluptatem provident architecto nihil.','Ipsum qui assumenda molestiae fuga deleniti sit.','2011-11-01 10:51:56','2011-11-01 10:51:56'),(98,'Model','Nikon','Camera 14 laboriosam','95','Ut culpa et distinctio ut sit commodi sunt.','Tempora ipsam voluptate possimus magni.',NULL,NULL,0,0,'Nisi dolorem consequatur voluptatem quas est fugit quos.','In porro corporis fugiat consequatur molestias quia autem accusamus.','2011-11-01 10:51:56','2011-11-01 10:51:56'),(99,'Model','Nikon','Camera 15 deserunt','96','Iste deserunt dolor explicabo sunt dicta.','Non culpa nihil officiis quia accusamus facilis.',NULL,NULL,0,0,'Dolores laudantium magnam dolorem aut quo quis quia.','Ad voluptas repellendus est.','2011-11-01 10:51:56','2011-11-01 10:51:56'),(100,'Model','Nikon','Camera 16 porro','97','Eligendi praesentium dolorem cum.','Et est dicta voluptatem ipsa consequuntur deleniti accusamus hic.',NULL,NULL,0,0,'Ullam enim dolorem quas quia aut beatae.','Ut dolorem vel sit libero est omnis.','2011-11-01 10:51:56','2011-11-01 10:51:56'),(101,'Model','Nikon','Camera 17 sint','98','Id est quam animi ut dolor sed.','Ad dolores placeat rerum voluptate nemo blanditiis eaque error.',NULL,NULL,0,0,'Debitis possimus provident molestiae et aut.','Odio eos esse unde nisi.','2011-11-01 10:51:56','2011-11-01 10:51:56'),(102,'Model','Nikon','Camera 18 eum','99','Fugit voluptatem eveniet unde laborum eaque.','Eius veniam aperiam omnis ut dicta.',NULL,NULL,0,0,'Ipsa est exercitationem assumenda sed.','Repellendus architecto consequatur ad quas.','2011-11-01 10:51:56','2011-11-01 10:51:56'),(103,'Model','Nikon','Camera 19 corporis','100','Ipsam rerum consequatur sint harum in occaecati voluptatem.','Occaecati dolorum sunt ullam nulla reiciendis blanditiis illo.',NULL,NULL,0,0,'Rem nesciunt officia et ea assumenda voluptas.','Ullam sed expedita totam.','2011-11-01 10:51:56','2011-11-01 10:51:56'),(104,'Model','Nikon','Camera 20 omnis','101','Tempora quisquam voluptas commodi cum doloribus ab.','Accusantium velit natus optio voluptate nulla aperiam quia.',NULL,NULL,0,0,'Aliquid molestias vitae quis.','Dignissimos qui ad ex voluptates suscipit rem ab.','2011-11-01 10:51:56','2011-11-01 10:51:56'),(105,'Model','Nikon','Camera 21 consequuntur','102','Incidunt libero quidem maiores quod est eos aut aut.','Enim animi dolor unde magnam.',NULL,NULL,0,0,'Est voluptatem et sint nulla.','Quaerat laboriosam magni rerum sit dolorem nam rem.','2011-11-01 10:51:56','2011-11-01 10:51:56'),(106,'Model','Nikon','Camera 22 sunt','103','Ducimus debitis eos fuga vitae.','Sed enim dolores corporis et aut dolores.',NULL,NULL,0,0,'Ut voluptatem aut unde aliquam.','Velit voluptate pariatur autem aut mollitia.','2011-11-01 10:51:56','2011-11-01 10:51:56'),(107,'Model','Nikon','Camera 23 cum','104','Sed velit beatae molestiae veniam similique repellendus sequi.','Maiores eveniet autem ut.',NULL,NULL,0,0,'Ex assumenda iusto dolor nihil adipisci voluptatem.','Quibusdam et voluptatum ab voluptas voluptas rerum.','2011-11-01 10:51:56','2011-11-01 10:51:56'),(108,'Model','Nikon','Camera 24 officiis','105','Repudiandae est vel laudantium eos reprehenderit suscipit.','Ducimus sapiente tempora quos.',NULL,NULL,0,0,'Cupiditate ea dolores nihil.','Saepe voluptates animi ea non autem voluptatem ducimus.','2011-11-01 10:51:56','2011-11-01 10:51:56'),(109,'Model','Nikon','Camera 25 voluptatem','106','Vero corporis labore non qui dolores explicabo.','Impedit ut eius repellat.',NULL,NULL,0,0,'Repellat excepturi eum odit placeat.','Nam et sit neque est id.','2011-11-01 10:51:56','2011-11-01 10:51:56'),(110,'Model','Nikon','Camera 26 sed','107','Quibusdam officiis perferendis ipsa tempora possimus sed.','Et qui natus eum sed architecto.',NULL,NULL,0,0,'Quisquam quia qui quod animi aliquid est.','Quod facere et quaerat asperiores rem pariatur.','2011-11-01 10:51:56','2011-11-01 10:51:56'),(111,'Model','Nikon','Camera 27 cumque','108','Sunt commodi ipsam velit occaecati.','Est eaque illum nobis consequatur est.',NULL,NULL,0,0,'Occaecati qui rem sed sint ea sit.','Voluptas voluptatem eum sint a.','2011-11-01 10:51:56','2011-11-01 10:51:56'),(112,'Model','Nikon','Camera 28 quis','109','Reprehenderit vel eos ipsum et quam maxime porro hic.','Ad nemo quis iste eius ex.',NULL,NULL,0,0,'Doloribus recusandae temporibus officiis inventore sapiente.','Aut at assumenda repellendus quis impedit nobis non est.','2011-11-01 10:51:56','2011-11-01 10:51:56'),(113,'Model','Nikon','Camera 29 ducimus','110','Voluptas tenetur vero sit odit consectetur necessitatibus possimus.','Et dolorem neque facilis nesciunt non unde et est.',NULL,NULL,0,0,'Et suscipit amet aliquid sequi et.','Aut provident eos sed nobis nostrum voluptas aliquid neque.','2011-11-01 10:51:56','2011-11-01 10:51:56'),(114,'Model','Nikon','Camera 30 minus','111','Rerum ipsa sed qui rerum maxime.','Excepturi qui illum eos.',NULL,NULL,0,0,'Quia consequatur accusamus cumque ipsam architecto.','Non odit doloribus non sed corrupti.','2011-11-01 10:51:56','2011-11-01 10:51:56'),(115,'Model','Sony','Hifi Standard','112','Natus exercitationem dolorem consectetur non explicabo culpa cupiditate.','Ullam facilis voluptates laudantium cum rerum.',NULL,NULL,3,0,'Fugit veniam et ad qui suscipit velit sequi sed.','Vel nulla consequuntur sint quia velit.','2011-11-01 10:51:56','2011-11-01 10:51:56'),(116,'Model','Feli','Kamera Stativ','123','Stabiles Kamera Stativ','Est sunt nesciunt exercitationem asperiores illo placeat numquam.',NULL,NULL,0,0,'Voluptas laboriosam assumenda aut.','Stativ muss mit Stativtasche ausgehndigt werden.','2011-11-01 10:51:56','2011-11-01 10:51:56'),(117,'Model','Bose','BoseFantastic Granite Gloves','113','Consequatur sunt autem laudantium aliquid tenetur sed ut. At expedita consectetur. Eveniet similique voluptate ipsum optio eos et. Iste commodi maxime odio fuga tenetur modi. Modi atque aut inventore eos mollitia.','Aperiam tenetur veniam quia iure.',NULL,NULL,0,0,'Non quo dolore animi ut quibusdam aspernatur.','Quia veniam sit ut ea deleniti.','2011-11-01 10:51:56','2011-11-01 10:51:56'),(118,'Model','Bose','BoseAwesome Granite Gloves','114','Sunt minima illum velit nihil quia esse. Consequatur ab quis est consequatur. Nobis molestiae fugit cumque labore. Asperiores sint sint tempora ut voluptas corrupti.','Ipsam voluptas sit enim dolores quo.',NULL,NULL,0,0,'Numquam ut quia enim sit nihil atque.','Voluptas dolores delectus molestiae ab eum et ratione qui.','2011-11-01 10:51:56','2011-11-01 10:51:56'),(119,'Model','Eichmann Inc','Kamera Set','118','Reiciendis ipsam beatae nemo dolorem id veritatis ratione.','Excepturi quis qui est.',NULL,NULL,0,1,'Qui unde alias ea officia distinctio explicabo eum.','Sequi officia libero accusantium.','2011-11-01 10:51:56','2011-11-01 10:51:56'),(120,'Model','Gibson Group','Awesome Concrete Computer','119','Pariatur et qui animi nulla natus itaque praesentium.','Atque amet et enim nihil adipisci.',NULL,NULL,1,0,'Ab debitis velit aut maxime.','Voluptates aliquid voluptatum est non est nemo harum rerum.','2011-11-01 10:51:56','2011-11-01 10:51:56'),(121,'Model','Bednar, Beier and Hand','Small Rubber Table','120','Provident qui ducimus et.','Voluptatem recusandae quam eaque.',NULL,NULL,0,0,'Blanditiis sunt quia illum.','Consequatur error et atque voluptatibus rerum voluptas.','2011-11-01 10:51:56','2011-11-01 10:51:56'),(122,'Model','Collier Group','Gorgeous Cotton Chair','121','Fuga sit corrupti est quis molestiae sequi voluptate.','Consequuntur facilis nisi corrupti.',NULL,NULL,2,0,'Sed laboriosam quam aut in et molestiae illum.','Voluptates culpa iusto natus reprehenderit officiis.','2011-11-01 10:51:56','2011-11-01 10:51:56'),(123,'Model','Cummerata, Orn and Wisozk','Ergonomic Concrete Pants','122','Non fuga facere atque.','Dolore iusto labore rem nulla.',NULL,NULL,0,0,'Non autem aut consectetur omnis minima.','Temporibus rem error illum.','2011-11-01 10:51:56','2011-11-01 10:51:56'),(124,'Model','Nicolas-DuBuque','Ergonomic Wooden Car','123','Quia aut consectetur ea ipsum.','Omnis sapiente dolores totam.',NULL,NULL,2,0,'Expedita odio molestias facere id corporis omnis sapiente officia.','Eos eius inventore id.','2011-11-01 10:51:56','2011-11-01 10:51:56'),(125,'Model','Murray, Nolan and Mraz','Rustic Granite Gloves','124','Eum et reiciendis veniam facilis.','Consequatur ut voluptatem eius odit nisi qui non.',NULL,NULL,0,0,'Maxime itaque dolor sed cum beatae fugiat et.','Animi ea sed asperiores voluptatem.','2011-11-01 10:51:56','2011-11-01 10:51:56'),(126,'Model','Rosenbaum, Shanahan and Cartwright','Gorgeous Wooden Gloves','125','Nemo non quo consequuntur et delectus modi quo.','Vitae nobis in autem rem quisquam.',NULL,NULL,1,0,'Ut voluptatibus qui perferendis.','Enim doloremque totam nisi repudiandae ut quidem.','2011-11-01 10:51:56','2011-11-01 10:51:56'),(127,'Model','Considine, Stamm and Mills','Practical Wooden Shirt','126','Quae quo dolore mollitia qui vero rerum et et.','Temporibus doloremque dignissimos ipsa quisquam.',NULL,NULL,2,0,'Provident est reiciendis quia quaerat dignissimos et sed.','Rerum non cumque at quos iusto et omnis.','2011-11-01 10:51:56','2011-11-01 10:51:56'),(128,'Model','Dickens, Zemlak and Medhurst','Awesome Concrete Gloves','127','Quo qui sapiente magni.','Voluptate asperiores sit eos ut.',NULL,NULL,0,0,'Pariatur fuga architecto doloremque dolor nihil rerum at dolorum.','Suscipit porro deserunt ducimus harum et ut omnis.','2011-11-01 10:51:56','2011-11-01 10:51:56'),(129,'Model','Kassulke, Jacobi and Mayer','Intelligent Plastic Computer','128','Et dicta natus voluptatem.','Dolores cupiditate earum ut blanditiis molestias tenetur.',NULL,NULL,1,0,'Eos iure consequatur inventore.','Accusantium iure cum necessitatibus adipisci.','2011-11-01 10:51:56','2011-11-01 10:51:56'),(130,'Model','Emard and Sons','Gorgeous Concrete Gloves','129','Sequi ut minus iure esse doloribus id.','Explicabo ad deleniti assumenda.',NULL,NULL,2,0,'Quo harum repellendus quia velit quam id.','Commodi nostrum soluta delectus non eos dolorem aut.','2011-11-01 10:51:56','2011-11-01 10:51:56'),(131,'Model','Hansen, Parisian and Roob','Rustic Wooden Car','130','Consequatur mollitia magnam voluptate accusamus.','Sapiente architecto non fugit quia qui neque voluptatum.',NULL,NULL,0,0,'Dolores quia voluptas earum aut itaque vel et impedit.','Totam voluptatum possimus laborum ipsum odio.','2011-11-01 10:51:56','2011-11-01 10:51:56'),(132,'Model','Hodkiewicz Inc','Kamera Set2','131','Optio animi libero corrupti neque natus ea.','Repellendus delectus aut deserunt.',NULL,NULL,1,1,'Sit eum animi modi asperiores sed velit.','Et quis molestiae nisi tempore.','2011-11-01 10:51:56','2011-11-01 10:51:56'),(133,'Model','Crist Inc','Intelligent Concrete Table','132','Optio doloribus eos eum sunt incidunt eligendi.','Rerum voluptatem est mollitia.',NULL,NULL,3,0,'Occaecati id architecto nostrum qui.','Cupiditate esse ut magnam quia velit.','2011-11-01 10:51:56','2011-11-01 10:51:56'),(134,'Model','Nader Inc','Small Cotton Shoes','133','Aut repudiandae suscipit et officiis odit et.','Nihil doloribus quam doloremque.',NULL,NULL,2,0,'Ut rerum dolores asperiores est sit nihil.','Laboriosam qui maiores at iste consequatur natus quidem qui.','2011-11-01 10:51:56','2011-11-01 10:51:56'),(135,'Model','Fadel, Funk and Stehr','Gorgeous Concrete Shoes','134','Deserunt qui sequi perspiciatis aspernatur ea dolorem.','Consequatur animi iure voluptas enim aut consequatur distinctio.',NULL,NULL,0,0,'Aut omnis cumque doloremque ex.','Voluptatem incidunt culpa itaque expedita.','2011-11-01 10:51:56','2011-11-01 10:51:56'),(136,'Model','Braun Group','Rustic Cotton Chair','135','Labore velit optio sapiente beatae ea ipsa veritatis.','Eligendi velit minima nemo unde beatae.',NULL,NULL,0,0,'Animi libero inventore qui ratione quis ea sapiente voluptatem.','Corrupti iure aut voluptates dolor sed ad.','2011-11-01 10:51:56','2011-11-01 10:51:56'),(137,'Model','Swaniawski-Price','Fantastic Wooden Chair','136','Nemo porro id illo est dolor ut ea.','Provident doloribus et voluptatem natus architecto.',NULL,NULL,0,0,'Sit culpa mollitia id.','Eum explicabo quis in dolores quod praesentium.','2011-11-01 10:51:56','2011-11-01 10:51:56'),(138,'Model','Gleason, Balistreri and Little','Incredible Concrete Pants','137','Recusandae molestiae ut nisi et.','Cupiditate ut magnam animi consequatur sint consequatur recusandae.',NULL,NULL,0,0,'Maiores expedita saepe quia ipsa autem animi.','Ut non omnis excepturi blanditiis consectetur eligendi.','2011-11-01 10:51:56','2011-11-01 10:51:56'),(139,'Model','Luettgen Inc','Ergonomic Steel Chair','138','Dignissimos consectetur et accusantium consequatur id.','Assumenda ab expedita aut rerum autem.',NULL,NULL,1,0,'At atque ducimus iusto eligendi vero quia molestiae.','Officia beatae qui dolor eaque.','2011-11-01 10:51:56','2011-11-01 10:51:56'),(140,'Model','Sauer Inc','Rustic Concrete Shoes','139','Voluptatem veritatis eos nulla provident.','Praesentium ipsum provident enim.',NULL,NULL,1,0,'Deleniti in et ea dolorum quia eos rerum.','Dolorem aut maiores delectus ratione sit.','2011-11-01 10:51:56','2011-11-01 10:51:56'),(141,'Model','Hammes Inc','Awesome Granite Chair','140','Magni ut molestiae quis aperiam eligendi eius officiis laborum.','Non aut quisquam enim.',NULL,NULL,1,0,'Consectetur quia vitae occaecati.','Incidunt sit repellendus illum at molestiae.','2011-11-01 10:51:56','2011-11-01 10:51:56'),(142,'Model','Sauer Inc','Gorgeous Rubber Pants','141','Quasi aut eos qui.','Neque et sequi eos a aspernatur id omnis modi.',NULL,NULL,0,0,'Dolorem voluptas nostrum odio voluptatem consequatur qui facere ut.','Omnis mollitia facilis voluptatibus pariatur non.','2011-11-01 10:51:56','2011-11-01 10:51:56'),(143,'Model','Crona-Walter','Awesome Granite Hat','142','Eligendi et necessitatibus molestias vel odit quas.','Qui eos sint excepturi quia ea impedit magni.',NULL,NULL,0,0,'Fuga explicabo deserunt consequatur totam velit sint nam.','Animi laudantium repellat dicta qui atque cupiditate est.','2011-11-01 10:51:56','2011-11-01 10:51:56'),(144,'Model','Padberg, Bashirian and Krajcik','Intelligent Concrete Chair','143','Voluptas accusamus molestias quisquam quos est omnis fugiat aut.','Sit neque distinctio consequuntur non.',NULL,NULL,2,0,'Exercitationem expedita vitae et sit optio quo necessitatibus et.','Illo consequuntur pariatur provident error.','2011-11-01 10:51:56','2011-11-01 10:51:56'),(145,'Model','Volkman-Tromp','Fantastic Cotton Table','144','Voluptatem quisquam est distinctio ut quia voluptatem necessitatibus.','Sint neque consequatur repellat distinctio alias fuga in possimus.',NULL,NULL,1,0,'Laborum suscipit rerum illum quia.','Repudiandae impedit ut molestiae nam maxime totam.','2011-11-01 10:51:56','2011-11-01 10:51:56'),(146,'Model','Schuster Group','Sleek Plastic Table','145','Distinctio sed doloribus alias qui nesciunt voluptatem quam eum.','Magnam et nam beatae soluta omnis necessitatibus esse.',NULL,NULL,1,0,'Qui omnis quia dolor non nobis at.','Nulla cum perferendis accusamus eum earum eos eligendi quos.','2011-11-01 10:51:56','2011-11-01 10:51:56'),(147,'Model','Wisoky-Schmitt','Intelligent Granite Chair','146','Facere asperiores ducimus mollitia exercitationem distinctio.','Dignissimos quia ea velit ratione.',NULL,NULL,2,0,'Explicabo excepturi repellat quasi nihil.','Natus rerum debitis velit molestiae at aspernatur.','2011-11-01 10:51:56','2011-11-01 10:51:56'),(148,'Model','Krajcik-Skiles','Rustic Wooden Shirt','147','Nobis voluptatem reprehenderit suscipit voluptatibus doloremque eum totam.','Odit assumenda explicabo ullam maiores perferendis sit.',NULL,NULL,3,0,'Qui qui optio sunt itaque libero magni eligendi.','Qui molestiae assumenda delectus voluptatem quaerat aut.','2011-11-01 10:51:56','2011-11-01 10:51:56'),(149,'Model','Canon','Kamera Canon D5','148','Ganz teure Kamera','Temporibus dolore nesciunt qui voluptatem dolorum esse aut ea.',NULL,NULL,0,0,'Maxime dolores dolor deserunt.','Kamera brauch Akkus!','2011-11-01 10:51:56','2011-11-01 10:51:56'),(150,'Model','Apple','iMac','149','Apples alter iMac','Numquam quos et atque itaque minima ipsam.',NULL,NULL,0,0,'Tenetur quae vitae voluptas.','Omnis facere molestiae exercitationem vitae consequuntur inventore et.','2011-11-01 10:51:56','2011-11-01 10:51:56'),(151,'Model','Microsoft','Windows Laptop','150','Ein Laptop der Marke Microsoft','Ut ducimus error sequi exercitationem ut sed repellendus odio.',NULL,NULL,0,0,'Aperiam rerum earum fuga eos iste aut non.','Laptop mit Tasche ausgeben','2011-11-01 10:51:56','2011-11-01 10:51:56'),(152,'Model','Walkera','Walkera v120','1G','3D Helikopter','Accusamus nemo excepturi quis cupiditate minus alias maxime voluptas.',NULL,NULL,0,0,'Id voluptas atque sint.','Optio perferendis praesentium ullam illo aliquam distinctio.','2011-11-01 10:51:56','2011-11-01 10:51:56'),(153,'Model','Walkera','Walkera v120','2G','3D Helikopter','Quia qui consequuntur unde ea commodi nihil quis.',NULL,NULL,0,0,'Mollitia quis non maxime ad nihil nesciunt eligendi deserunt.','Nemo non nam doloribus cumque mollitia sed ut perferendis.','2011-11-01 10:51:56','2011-11-01 10:51:56'),(154,'Model','Walkera','Walkera v120','3G','3D Helikopter','Id laudantium et velit vero.',NULL,NULL,0,0,'Libero non veniam aut beatae cum voluptatem.','Et corporis consequatur et.','2011-11-01 10:51:56','2011-11-01 10:51:56'),(155,'Software','Bechtelar, Parker and Spinka','Sleek Rubber Shoes','151',NULL,NULL,NULL,NULL,0,0,NULL,NULL,'2011-11-01 10:51:56','2011-11-01 10:51:56'),(156,'Software','Christiansen Group','Sleek Concrete Pants','152',NULL,NULL,NULL,NULL,0,0,NULL,NULL,'2011-11-01 10:51:56','2011-11-01 10:51:56'),(157,'Software','Lemke, Zulauf and Kshlerin','Gorgeous Granite Computer','153',NULL,NULL,NULL,NULL,0,0,NULL,NULL,'2011-11-01 10:51:56','2011-11-01 10:51:56'),(158,'Software','Koelpin, Durgan and Renner','Intelligent Steel Chair','154',NULL,NULL,NULL,NULL,0,0,NULL,NULL,'2011-11-01 10:51:56','2011-11-01 10:51:56'),(159,'Software','Berge, Halvorson and Kuvalis','Rustic Wooden Gloves','155',NULL,NULL,NULL,NULL,0,0,NULL,NULL,'2011-11-01 10:51:56','2011-11-01 10:51:56'),(160,'Software','Brakus, Kuhlman and Block','Ergonomic Cotton Computer','156',NULL,NULL,NULL,NULL,0,0,NULL,NULL,'2011-11-01 10:51:56','2011-11-01 10:51:56'),(161,'Software','Wilkinson Group','Sleek Rubber Hat','157',NULL,NULL,NULL,NULL,0,0,NULL,NULL,'2011-11-01 10:51:56','2011-11-01 10:51:56'),(162,'Software','Lueilwitz and Sons','Intelligent Plastic Table','158',NULL,NULL,NULL,NULL,0,0,'test http://test.ch\r\nwww.foo.ch\r\njust a text',NULL,'2011-11-01 10:51:56','2011-11-01 10:51:56'),(163,'Software','Kub, Jenkins and Bogisich','Incredible Plastic Shirt','159',NULL,NULL,NULL,NULL,0,0,'test http://test.ch\r\nwww.foo.ch\r\njust a text',NULL,'2011-11-01 10:51:56','2011-11-01 10:51:56'),(164,'Software','Fay, Beatty and Roberts','Small Plastic Shoes','160',NULL,NULL,NULL,NULL,0,0,NULL,NULL,'2011-11-01 10:51:56','2011-11-01 10:51:56'),(165,'Model','Dibbert LLC','Fantastic Rubber Shirt',NULL,'Adipisci non nostrum suscipit est qui quae occaecati nobis.','Maxime vero magni veritatis facilis a.',NULL,NULL,1,0,'Voluptas et saepe aut voluptatem.','Porro consequatur aut dolores atque.','2011-11-01 10:51:56','2011-11-01 10:51:56'),(166,'Model','Donnelly-McClure','Rustic Concrete Pants','162','Optio itaque aliquam accusamus labore reprehenderit deleniti.','Sed placeat id nobis dolorem reiciendis rerum saepe.',NULL,NULL,3,0,'Dolores assumenda voluptatem rerum voluptas et est.','Eos ab cum dolores iste id omnis atque.','2011-11-01 10:51:56','2011-11-01 10:51:56'),(167,'Software','Turcotte, Wehner and Zemlak','Rustic Rubber Hat','164',NULL,NULL,NULL,NULL,0,0,NULL,NULL,'2011-11-01 10:51:56','2011-11-01 10:51:56'),(168,'Model','Schmeler, Krajcik and Rippin','Fantastic Granite Hat','165','Atque saepe ut quia odio labore minima.','Saepe autem tenetur est assumenda aut dolorem non.',NULL,NULL,1,0,'In est nesciunt dolorum rerum sed et minima consequuntur.','Qui porro laboriosam repellat debitis aliquam laborum sunt non.','2011-10-27 00:00:00','2011-10-27 00:00:00'),(169,'Model','Thiel Inc','Intelligent Plastic Gloves','166','Et dignissimos harum aspernatur illo.','Officia possimus doloremque corporis voluptates.',NULL,NULL,3,0,'Eaque quis quia voluptatem officiis illo non exercitationem et.','Doloribus et debitis repudiandae et non id nihil.','2011-10-27 00:00:00','2011-10-27 00:00:00'),(170,'Model','West-Reichert','Fantastic Steel Gloves','167','Autem aut saepe voluptatem.','Expedita consequatur adipisci consequuntur necessitatibus voluptatum sint voluptas velit.',NULL,NULL,1,0,'Officia voluptate est qui sit dolor odio.','Deleniti explicabo dolores ut sit ipsam natus inventore et.','2011-10-27 00:00:00','2011-10-27 00:00:00'),(171,'Model','McLaughlin and Sons','Intelligent Plastic Car','168','Ut nobis numquam labore.','Libero voluptatem tempora dolor quis est et.',NULL,NULL,1,0,'Deserunt quo non consequatur laboriosam dolorem.','Veritatis officia non dignissimos sit omnis error ipsa.','2011-10-27 00:00:00','2011-10-27 00:00:00'),(172,'Model','Legros Inc','Small Plastic Car','170','Libero laborum eum velit aut et illo voluptatem.','Error quo voluptas dolores illo maxime illum provident at.',NULL,NULL,3,0,'Et est odio ut ipsum ab quas adipisci.','Neque officiis hic accusantium aspernatur perferendis ratione quidem.','2011-11-01 10:51:56','2011-11-01 10:51:56'),(173,'Model','Lynch-Mohr','Gorgeous Concrete Table','171','Similique autem repudiandae ratione aut unde reprehenderit reiciendis incidunt.','Suscipit quia pariatur in neque nesciunt facilis.',NULL,NULL,2,0,'Qui ut illo tempore.','Impedit quas repudiandae ut sit maxime quisquam et quia.','2011-11-01 10:51:56','2011-11-01 10:51:56'),(174,'Model','Harris, Kessler and Botsford','Fantastic Wooden Pants','172','Excepturi temporibus hic ipsum.','Tempore et quidem repellendus nostrum occaecati quod.',NULL,NULL,3,0,'Fuga labore porro eligendi id non eum.','Id labore nihil totam commodi.','2011-11-01 10:51:56','2011-11-01 10:51:56'),(175,'Model','Schoen-Kerluke','Rustic Plastic Hat','173','Aliquid voluptatibus cumque ea voluptas saepe id qui enim.','Dolorem eos possimus qui sapiente laborum et vero pariatur.',NULL,NULL,1,0,'Dolor neque ipsum animi repellendus.','Id quos aut voluptatum delectus odio deleniti dolores ratione.','2011-11-01 10:51:56','2011-11-01 10:51:56'),(176,'Model','Gislason, Schaefer and Rice','Ergonomic Concrete Shirt','174','Vel molestiae temporibus exercitationem hic.','Delectus vel quae ut quia sunt et.',NULL,NULL,0,0,'Numquam aperiam ipsam incidunt eligendi.','Molestias quas excepturi suscipit cum.','2011-11-01 10:51:56','2011-11-01 10:51:56'),(177,'Model','Kessler, Morar and Bogisich','Awesome Steel Table','175','Molestias qui eum quis qui accusamus cumque qui.','Magni voluptatum cumque sunt aperiam et.',NULL,NULL,3,0,'Error ut ut saepe incidunt.','Minima eos animi natus hic voluptas ipsam quos.','2011-11-01 10:51:56','2011-11-01 10:51:56'),(178,'Model','Weimann, Schinner and Lemke','Gorgeous Cotton Computer','176','Saepe ducimus nisi voluptates.','Ut quae architecto facere accusantium harum est.',NULL,NULL,0,0,'Magnam fugiat unde possimus ipsum nobis.','Eaque exercitationem asperiores sed ut consequatur.','2011-11-01 10:51:56','2011-11-01 10:51:56'),(179,'Model','Jones, Cole and Marvin','Practical Granite Car','177','Facere nihil maiores ut et qui animi tenetur placeat.','Doloribus ut in sint sunt ratione modi.',NULL,NULL,0,0,'Libero ipsa architecto facilis voluptatem corporis laboriosam.','Ipsam rerum impedit qui id maiores.','2011-11-01 10:51:56','2011-11-01 10:51:56'),(180,'Model','Crooks LLC','Gorgeous Granite Gloves','178','Ut facilis impedit magnam quaerat rem odit voluptates.','Nisi odit praesentium voluptas et.',NULL,NULL,3,0,'Vel ea repellendus modi voluptatem facilis quis doloremque.','Sed reprehenderit labore aut quibusdam amet autem consectetur.','2011-11-01 10:51:56','2011-11-01 10:51:56'),(181,'Model','Eichmann Inc','Intelligent Cotton Shirt','179','In praesentium ut maiores distinctio non.','Enim unde aut doloremque incidunt labore iure.',NULL,NULL,3,0,'Voluptate vero error aut non veritatis modi.','Quae accusantium quia perferendis.','2011-11-01 10:51:56','2011-11-01 10:51:56'),(182,'Model','Friesen, Howe and Effertz','Sleek Steel Table','180','Facere quos aspernatur qui a dolorem cumque.','Itaque sed autem ipsum sint et.',NULL,NULL,0,0,'Consequatur dolorum nisi illum deserunt quia consequatur autem reiciendis.','Minus autem enim vitae quam ut voluptas.','2011-11-01 10:51:56','2011-11-01 10:51:56'),(183,'Model','Bednar-Johns','Practical Cotton Shoes','181','Explicabo placeat officia distinctio nisi.','Inventore eos error sint et.',NULL,NULL,3,0,'Consequatur sed fugit qui quis eligendi ullam.','Minus corrupti est laudantium cum.','2011-11-01 10:51:56','2011-11-01 10:51:56'),(184,'Model','Purdy LLC','Rustic Concrete Chair','182','Vel sint veritatis quia.','Numquam alias dicta eius labore sequi.',NULL,NULL,1,0,'Aut in nostrum eos ratione.','Aliquam autem quia esse ducimus natus.','2011-11-01 10:51:56','2011-11-01 10:51:56'),(185,'Model','Goldner, Smith and Kling','Practical Cotton Chair','183','Nam ipsum accusamus non.','Similique laboriosam est eius.',NULL,NULL,3,0,'Est officiis voluptatum delectus hic et.','Ut ullam eius laudantium rerum explicabo quia doloremque nesciunt.','2011-11-01 10:51:56','2011-11-01 10:51:56'),(186,'Model','Simonis, Abbott and Block','Incredible Plastic Table','184','Explicabo esse omnis vero.','Suscipit et qui ea debitis pariatur aut.',NULL,NULL,2,0,'Ea dolor accusantium non.','Ab aliquam et aut omnis sit sit laboriosam modi.','2011-11-01 10:51:56','2011-11-01 10:51:56'),(187,'Model','Bauch, Dickinson and Little','Gorgeous Steel Shirt','185','Sunt sapiente nihil omnis repudiandae aspernatur.','Velit harum sed ut voluptatem facilis qui.',NULL,NULL,0,0,'Amet natus sunt in est dolore.','Voluptatum rerum veritatis adipisci est totam.','2011-11-01 10:51:56','2011-11-01 10:51:56'),(188,'Model','Lemke-Ritchie','Rustic Cotton Shirt','186','Similique et sunt rerum suscipit.','Non consequatur necessitatibus rerum ipsam illum architecto.',NULL,NULL,0,0,'Nam explicabo iure ipsum culpa dolorem sit aut.','Nihil saepe labore eum id voluptatem consequatur.','2011-11-01 10:51:56','2011-11-01 10:51:56'),(189,'Model','Mann Inc','Practical Rubber Shirt','187','In excepturi rem culpa.','Sit eveniet dolorum totam.',NULL,NULL,3,0,'Provident et et ut consequatur repudiandae id.','Dolorem voluptate tempora saepe.','2011-11-01 10:51:56','2011-11-01 10:51:56'),(190,'Model','Bernhard and Sons','Fantastic Concrete Pants','188','Eaque explicabo voluptates sunt ullam occaecati aut saepe.','Quos dolorem animi molestiae fugit ut et dolores dolor.',NULL,NULL,3,0,'Ullam impedit sapiente totam et enim.','Tempore odit enim iusto dolore tempora illum ipsam recusandae.','2011-10-27 00:00:00','2011-10-27 00:00:00'),(191,'Model','Rohan Group','Sleek Granite Pants','189','Ipsam sed quia quos.','Fuga ullam eaque maiores et quibusdam.',NULL,NULL,2,0,'Cumque optio iste odit.','Iste autem reprehenderit aut laborum dolores ut.','2011-10-27 00:00:00','2011-10-27 00:00:00'),(192,'Model','Greenholt, Ankunding and Haag','Ergonomic Plastic Chair','190','Fugiat numquam explicabo maiores unde ut iste doloremque aliquid.','Voluptate dolorem delectus consequatur incidunt asperiores.',NULL,NULL,2,0,'Distinctio ut eligendi deserunt autem dolor at.','Quis rerum voluptatem ea sunt.','2011-10-27 00:00:00','2011-10-27 00:00:00'),(193,'Model','Kirlin-Howe','Practical Plastic Car','191','Officiis id omnis dicta placeat.','Aut similique velit in consectetur sunt deserunt.',NULL,NULL,3,0,'Sed autem hic consequatur.','Rerum qui aspernatur laudantium assumenda sed quia.','2011-10-27 00:00:00','2011-10-27 00:00:00'),(194,'Model','McGlynn, Halvorson and O\'Keefe','Intelligent Rubber Hat','192','Nulla consequatur omnis et.','Quam a itaque ducimus.',NULL,NULL,0,0,'Labore autem perferendis architecto sapiente.','Aut magni ullam et perspiciatis dolores doloremque ipsam ipsum.','2011-10-27 00:00:00','2011-10-27 00:00:00'),(195,'Model','Wiegand, Waters and Christiansen','Awesome Wooden Pants','193','Earum qui quis nulla eveniet rerum eum nesciunt.','Voluptatum quasi voluptas deserunt a.',NULL,NULL,0,0,'Omnis consequatur molestias non.','Enim nesciunt est sit explicabo veniam velit eligendi consequatur.','2011-11-01 10:51:56','2011-11-01 10:51:56'),(196,'Model','Mohr, Schuppe and Williamson','Practical Plastic Chair','194','Ipsum eius ut laboriosam officiis eligendi sunt.','Non consequatur ex ut ea distinctio nemo.',NULL,NULL,3,0,'Rerum officiis qui sit a quisquam et odio.','Reprehenderit sed quo eaque assumenda ab iste esse.','2011-11-01 10:51:56','2011-11-01 10:51:56'),(197,'Model','Thompson, Hirthe and Yundt','Fantastic Plastic Car','195','Id eum necessitatibus voluptas suscipit quisquam aut laboriosam.','Ullam et quia perspiciatis aliquid nihil beatae.',NULL,NULL,1,0,'Laborum quia ipsam ut quidem alias saepe eveniet quas.','Dolorum quas ut eum repudiandae labore.','2011-11-01 10:51:56','2011-11-01 10:51:56'),(198,'Model','McCullough Group','Incredible Concrete Shirt','196','Laborum voluptatem nisi magnam et voluptas possimus molestiae.','Sit accusantium numquam laudantium illo rem ipsum enim.',NULL,NULL,0,0,'Repudiandae deserunt rerum voluptatibus et et sequi.','Enim iure ut id minus ullam est.','2011-11-01 10:51:56','2011-11-01 10:51:56'),(199,'Model','Mertz-Collins','Practical Wooden Car','197','Perspiciatis rerum tenetur dolore.','Expedita rerum assumenda quam eum et.',NULL,NULL,1,0,'Molestiae repellat quis consequatur natus cumque quaerat ut.','Repellendus est aut voluptatem.','2011-11-01 10:51:56','2011-11-01 10:51:56'),(200,'Model','Ernser-O\'Kon','Fantastic Steel Pants','198','Qui tempore aut ut eaque inventore.','Occaecati id quia eius rerum suscipit.',NULL,NULL,1,0,'Dolorem veritatis doloremque totam qui.','Consequatur ut debitis deleniti sed.','2011-11-01 10:51:56','2011-11-01 10:51:56'),(201,'Model','Krajcik-Ernser','Fantastic Plastic Table','199','Commodi nobis dignissimos dolores.','Et omnis odit voluptatibus modi quo aliquid id.',NULL,NULL,3,0,'Nisi quia in odit consequuntur et.','Molestias ut et libero laboriosam impedit perferendis velit.','2011-11-01 10:51:56','2011-11-01 10:51:56'),(202,'Model','Howell-Leuschke','Awesome Rubber Pants','200','Reprehenderit ullam cupiditate dolore ipsa.','Et delectus aspernatur fugit id omnis iste eos.',NULL,NULL,2,0,'Id distinctio nemo et sapiente.','Et quis alias sunt necessitatibus velit et.','2011-11-01 10:51:56','2011-11-01 10:51:56'),(203,'Model','Howell Group','Fantastic Steel Hat','201','Dignissimos incidunt eum inventore voluptas et exercitationem.','Et magnam doloribus explicabo et quisquam animi omnis praesentium.',NULL,NULL,3,0,'Similique laudantium ut aspernatur consequatur.','Odit corporis ullam omnis velit saepe non voluptatibus.','2011-11-01 10:51:56','2011-11-01 10:51:56'),(204,'Model','Blanda, McKenzie and Harvey','Intelligent Concrete Car','202','Vitae consequatur dolor nihil.','Incidunt quaerat nemo harum quo.',NULL,NULL,2,0,'Cum numquam voluptatibus quo minus.','Officia harum molestias sunt est deleniti a recusandae.','2011-11-01 10:51:56','2011-11-01 10:51:56'),(205,'Model','Shanahan Inc','Rustic Plastic Pants','203','Distinctio quasi totam mollitia.','Rerum commodi dolor beatae ad et deserunt.',NULL,NULL,1,0,'Iusto esse adipisci et nihil nobis labore.','Quis commodi fuga totam minima dolorem.','2011-11-01 10:51:56','2011-11-01 10:51:56'),(206,'Model','Bosco Group','Practical Cotton Table','204','Beatae laborum sunt nam dolores.','Itaque qui consequatur ipsum laudantium.',NULL,NULL,0,0,'In ratione tempore eos et.','Vel aliquid itaque fugit et earum quis.','2011-11-01 10:51:56','2011-11-01 10:51:56'),(207,'Model','Vandervort-Kautzer','Small Concrete Pants','205','Aut perferendis enim ut.','Sed cumque sint doloribus officiis itaque eligendi at velit.',NULL,NULL,3,0,'At inventore et repudiandae qui eum.','Neque et alias earum excepturi.','2011-11-01 10:51:56','2011-11-01 10:51:56'),(208,'Model','Jerde-Dicki','Sleek Rubber Shirt','206','Exercitationem aliquam occaecati pariatur ipsum omnis facilis nisi ducimus.','Atque quis impedit voluptate labore cupiditate mollitia.',NULL,NULL,3,0,'Magni aliquam quis eveniet ut architecto molestias neque.','Ut voluptatibus optio est qui repudiandae illum eius eligendi.','2011-11-01 10:51:56','2011-11-01 10:51:56'),(209,'Model','Breitenberg-Tillman','Fantastic Granite Shirt','207','Unde cum et consequatur.','Ad reiciendis dolorem non cum in mollitia.',NULL,NULL,1,0,'Qui illum similique enim eos.','Repellat et harum soluta modi dignissimos et.','2011-11-01 10:51:56','2011-11-01 10:51:56'),(210,'Model','Heidenreich and Sons','Fantastic Rubber Hat','208','Consequatur qui enim eius quo molestiae.','Ex est repellendus occaecati.',NULL,NULL,2,0,'Cupiditate qui est dolores doloribus aut cum et.','Qui aliquid dolorem repellendus ut quasi.','2011-11-01 10:51:56','2011-11-01 10:51:56'),(211,'Model','Wuckert-Lakin','Incredible Plastic Shoes','209','Nesciunt minima voluptas voluptatem ut mollitia.','Eos earum saepe fugiat iste vel quidem iure laudantium.',NULL,NULL,3,0,'Facere tenetur enim rerum veniam accusantium cupiditate aspernatur voluptas.','Odio nemo qui nesciunt aut eius fugiat.','2011-11-01 10:51:56','2011-11-01 10:51:56'),(212,'Model','Schuster, Walsh and Koelpin','Sleek Cotton Car','210','Sit sed impedit aut.','Aliquam ratione nulla quisquam.',NULL,NULL,2,0,'Labore aut quis sed voluptatem id.','Quos esse nobis dolores.','2011-11-01 10:51:56','2011-11-01 10:51:56'),(213,'Model','Fritsch-Reilly','Rustic Granite Computer','211','Delectus laboriosam error inventore qui et.','Et voluptatum et rerum mollitia ea quaerat magnam modi.',NULL,NULL,3,0,'Ducimus ipsa possimus tenetur.','Molestias et aliquid beatae qui.','2011-11-01 10:51:56','2011-11-01 10:51:56'),(214,'Model','Lemke, Hauck and Hermiston','Rustic Steel Hat','212','Beatae explicabo at quia distinctio et numquam.','Reiciendis itaque maiores debitis ut velit sint eaque.',NULL,NULL,3,0,'Magnam et natus dolores et.','Ut quas reprehenderit ipsum voluptatibus.','2011-11-01 10:51:56','2011-11-01 10:51:56'),(215,'Model','Conn and Sons','Sleek Plastic Shoes','213','Similique praesentium commodi consequatur porro.','Omnis sint quasi voluptatem delectus omnis hic.',NULL,NULL,0,0,'Quibusdam autem necessitatibus delectus.','Ducimus fugiat quibusdam nisi quia ut quam.','2011-11-01 10:51:56','2011-11-01 10:51:56'),(216,'Model','Fisher LLC','Incredible Cotton Gloves','214','Sequi hic amet dolorem animi est ut.','Aperiam nesciunt fugit in.',NULL,NULL,3,0,'Eligendi dicta et recusandae expedita id.','Reprehenderit veritatis alias sit ducimus exercitationem molestias temporibus.','2011-11-01 10:51:56','2011-11-01 10:51:56'),(217,'Model','Sanford, Dickinson and Roob','Small Steel Pants','215','Tenetur omnis neque vitae unde totam.','Reiciendis et et quasi dolorum beatae.',NULL,NULL,1,0,'Quae est velit id quia aut odio animi.','Ut et soluta temporibus voluptas impedit sunt et.','2011-11-01 10:51:56','2011-11-01 10:51:56'),(218,'Model','Schimmel-Fahey','Awesome Wooden Chair','216','Quia eos libero est et consequuntur.','Id enim iste ducimus eaque temporibus.',NULL,NULL,1,0,'Et asperiores nam id et voluptatem incidunt vero.','Sunt porro possimus sit tempore quis iusto ea quisquam.','2011-11-01 10:51:56','2011-11-01 10:51:56'),(219,'Model','Farrell, Schuster and Bartoletti','Ergonomic Steel Shirt','217','Qui blanditiis libero pariatur culpa quasi.','Vero qui dolores error voluptas dolor excepturi maxime est.',NULL,NULL,1,0,'Consectetur provident est tempore et temporibus perferendis quam.','Sunt sunt voluptates placeat rerum quia nobis sapiente dicta.','2011-11-01 10:51:56','2011-11-01 10:51:56'),(220,'Model','Mayert-Haley','Small Concrete Shirt','218','Et eos facere minima aliquid quia.','Fugiat occaecati delectus sequi aut quod quasi et eum.',NULL,NULL,1,0,'Illum voluptas ut voluptatem illo voluptates a.','Odio doloremque eos itaque.','2011-11-01 10:51:56','2011-11-01 10:51:56'),(221,'Model','Bauch-Hermiston','Intelligent Cotton Shoes','219','Voluptas vitae maxime quia sapiente et suscipit cupiditate.','Similique assumenda ut optio qui quia voluptatem consequuntur soluta.',NULL,NULL,1,0,'Nulla et explicabo qui est et animi dolore.','Vel voluptatibus mollitia voluptatum dolorem.','2011-11-01 10:51:56','2011-11-01 10:51:56'),(222,'Model','Beahan, Medhurst and Considine','Fantastic Wooden Gloves','220','Nobis ullam quia itaque quaerat eum dolores.','Consectetur magnam non nihil perferendis et quod deserunt soluta.',NULL,NULL,1,0,'Distinctio ea laboriosam sit.','Maxime accusamus itaque veniam commodi quis et unde esse.','2011-11-01 10:51:56','2011-11-01 10:51:56'),(223,'Model','Ferry, Legros and Gorczany','Ergonomic Cotton Table','221','Perspiciatis cumque laboriosam consectetur explicabo.','Voluptas officia sint facilis odio qui earum.',NULL,NULL,0,0,'Quas quae et et reprehenderit dolor.','Minus ut ut eveniet illum omnis voluptas et maiores.','2011-11-01 10:51:56','2011-11-01 10:51:56'),(224,'Model','Hauck Group','Intelligent Rubber Chair','222','Deserunt molestiae non quaerat autem non veniam.','Placeat molestiae atque delectus est a velit totam est.',NULL,NULL,2,0,'Consequatur placeat aut et repellendus.','Qui et adipisci blanditiis sint laboriosam.','2011-11-01 10:51:56','2011-11-01 10:51:56'),(225,'Model','Schmitt, Adams and Kutch','Rustic Steel Gloves','223','Ab quo eos et veritatis.','Ut beatae omnis temporibus consequatur inventore harum eveniet provident.',NULL,NULL,2,0,'Distinctio eum ut et nam rem ea.','Dolor sit est maiores placeat quae ipsum illum minima.','2011-11-01 10:51:56','2011-11-01 10:51:56'),(226,'Model','Murphy-Schimmel','Gorgeous Wooden Table','224','Assumenda ipsa dicta autem saepe numquam distinctio.','Vitae similique vel nulla.',NULL,NULL,2,0,'Aspernatur rerum vitae voluptatem non.','Facere non ipsam explicabo sed velit velit.','2011-11-01 10:51:56','2011-11-01 10:51:56'),(227,'Model','Ebert-Kuphal','Small Plastic Pants','225','Fugiat soluta odit esse minus nulla nobis.','Non aut repellat quisquam veniam tempore velit aliquam.',NULL,NULL,2,0,'Rerum nostrum qui eaque distinctio.','In voluptatem adipisci ut animi quo aspernatur.','2011-11-01 10:51:56','2011-11-01 10:51:56'),(228,'Model','Hills Group','Gorgeous Steel Gloves','226','Quaerat ad pariatur aut sed deleniti.','Nihil architecto eius aut pariatur reiciendis consequatur ut.',NULL,NULL,0,0,'Labore vero excepturi quae laborum necessitatibus sint.','In eos sed ad temporibus.','2011-11-01 10:51:56','2011-11-01 10:51:56'),(229,'Model','Langworth, Barrows and Price','Incredible Wooden Car','227','Cupiditate necessitatibus error quibusdam atque consequuntur qui.','Architecto non nihil dolores.',NULL,NULL,0,0,'Voluptatem corporis doloribus qui qui.','Vitae non consequatur porro sed omnis quae earum laboriosam.','2011-11-01 10:51:56','2011-11-01 10:51:56'),(230,'Model','Marquardt-Botsford','Fantastic Granite Computer','228','Repudiandae numquam itaque ratione.','Quasi perferendis possimus amet.',NULL,NULL,3,0,'Quae voluptatibus porro voluptatem reprehenderit doloremque.','Mollitia in eum voluptas voluptatem quas reiciendis sequi aliquam.','2011-11-01 10:51:56','2011-11-01 10:51:56'),(231,'Model','McDermott, Nienow and Farrell','Practical Plastic Gloves','229','Voluptas est rerum ad provident quas.','Quos quo vel velit sunt perspiciatis numquam.',NULL,NULL,2,0,'Voluptatibus esse aliquid eos molestiae odit et.','Aperiam quia dolorem aliquam soluta et dolor modi pariatur.','2011-11-01 10:51:56','2011-11-01 10:51:56'),(232,'Model','O\'Kon LLC','Practical Rubber Table','230','Labore reiciendis numquam inventore.','Harum adipisci ad praesentium nihil.',NULL,NULL,2,0,'Dolor natus minus molestiae hic ipsa reprehenderit.','Nihil dolorem numquam corrupti asperiores odit provident eos.','2011-11-01 10:51:56','2011-11-01 10:51:56'),(233,'Model','Glover-Hartmann','Awesome Concrete Table','231','Minus architecto impedit adipisci perferendis atque blanditiis.','Voluptatem voluptatem non qui laboriosam facilis.',NULL,NULL,0,0,'Numquam sed est ab dicta aliquid magnam.','Sunt qui blanditiis aut alias impedit ad.','2011-11-01 10:51:56','2011-11-01 10:51:56'),(234,'Model','Gulgowski-Homenick','Awesome Steel Gloves','232','Ratione eos neque eum est.','Velit velit id fugit aut.',NULL,NULL,0,0,'Dolores eius itaque fuga commodi laborum.','Ea occaecati eius laudantium nostrum sit.','2011-11-01 10:51:56','2011-11-01 10:51:56'),(235,'Model','Funk Inc','Ergonomic Granite Hat','233','Explicabo rem quas tempore aut reiciendis dolores.','Deserunt amet corrupti ea ut natus velit.',NULL,NULL,2,0,'Odit quidem sint numquam.','Placeat nisi dolorum ullam est officia sit quae neque.','2011-11-01 10:51:56','2011-11-01 10:51:56'),(236,'Model','Schmitt and Sons','Small Concrete Gloves','234','Aliquam nobis non facere sunt animi id nihil ducimus.','Fuga labore dolorem laboriosam eos odit non omnis.',NULL,NULL,0,0,'Odio et earum et ipsam dolor sed.','Quo soluta autem nostrum est libero autem ipsa.','2011-11-01 10:51:56','2011-11-01 10:51:56'),(237,'Model','Nicolas and Sons','Practical Concrete Shirt','235','Facilis excepturi eveniet sapiente qui.','Id beatae vitae voluptates.',NULL,NULL,1,0,'Excepturi hic error officia assumenda molestiae.','Atque neque quidem laudantium ipsum tempore a.','2011-11-01 10:51:56','2011-11-01 10:51:56'),(238,'Model','Lueilwitz-Simonis','Incredible Wooden Shirt','236','Nostrum nam aspernatur dolor provident.','Expedita voluptatem voluptas voluptatem animi voluptatibus.',NULL,NULL,0,0,'Facere rerum pariatur voluptas quis.','Voluptatibus in rerum nostrum.','2011-11-01 10:51:56','2011-11-01 10:51:56'),(239,'Model','Bergstrom and Sons','Fantastic Wooden Hat','237','In rerum atque fuga.','Omnis molestiae quasi dolor voluptates.',NULL,NULL,0,0,'Voluptas ratione totam similique ea et nobis.','Accusamus qui odio odit esse.','2011-11-01 10:51:56','2011-11-01 10:51:56'),(240,'Model','Durgan LLC','Rustic Plastic Shirt','238','Est aut nihil voluptatem voluptatibus.','Dicta reiciendis quia et dolorem rem aut quisquam ut.',NULL,NULL,1,0,'Et beatae praesentium libero amet.','Fugiat quo minus sapiente vitae fuga eius quasi voluptatem.','2011-11-01 10:51:56','2011-11-01 10:51:56'),(241,'Software','Wolff and Sons','Rustic Rubber Shirt','239',NULL,NULL,NULL,NULL,0,0,NULL,NULL,'2011-11-01 10:51:56','2011-11-01 10:51:56'),(242,'Model','Sawayn LLC','Small Wooden Shoes','240','Expedita voluptatem et voluptatibus perspiciatis iusto temporibus autem.','Non aut exercitationem est qui dolorem.',NULL,NULL,3,0,'Qui nulla inventore et quo repellat commodi accusantium sit.','Et ratione porro qui rem officiis est quo voluptatem.','2011-11-01 10:51:56','2011-11-01 10:51:56'),(243,'Model','Jacobs, Rolfson and Mante','Awesome Granite Shoes','241','Modi inventore voluptatem earum.','Vero voluptatibus aliquid inventore consequatur temporibus est ullam deleniti.',NULL,NULL,0,0,'Et sunt totam quo quam atque voluptatem sed corporis.','Voluptatibus voluptates totam et suscipit odit temporibus harum.','2011-11-01 10:51:56','2011-11-01 10:51:56'),(244,'Model','Russel-Bartell','Small Steel Gloves','242','Qui architecto aut adipisci sunt ullam aut.','Recusandae ipsum quia fugiat aut sapiente et tenetur minima.',NULL,NULL,1,0,'Commodi nulla consequuntur dignissimos.','Facere omnis quia maxime voluptates veniam tenetur ea qui.','2011-11-01 10:51:56','2011-11-01 10:51:56'),(245,'Model','Gutmann-Paucek','Practical Cotton Hat','243','Sit sapiente perspiciatis magnam.','Eos a nisi animi quidem.',NULL,NULL,0,0,'Natus alias est nemo autem.','Tempore sint facere corrupti iure vero.','2011-11-01 10:51:56','2011-11-01 10:51:56'),(246,'Model','Purdy-Willms','Small Steel Shoes','244','Delectus iure voluptatem et.','Possimus sed nam iste nihil.',NULL,NULL,0,0,'Aut labore voluptatem ex voluptatem nobis debitis et aliquam.','Aspernatur quia et praesentium commodi blanditiis aut tempore quia.','2011-10-26 11:12:26','2011-10-26 11:12:26'),(247,'Model','Kshlerin Group','Gorgeous Rubber Car','245','Laboriosam aliquam rerum fugiat possimus sed.','Tempora et accusamus facere mollitia expedita tempore qui aut.',NULL,NULL,3,0,'Ea quis provident enim aut quas.','Et nemo non ut voluptatibus.','2011-10-26 11:12:26','2011-10-26 11:12:26'),(248,'Model','Waelchi Inc','Awesome Granite Pants','246','Enim ratione minus sequi quam et odit at.','Delectus ut quae quia nobis ut aut est.',NULL,NULL,1,0,'Aut non voluptas autem.','Consequatur veritatis itaque quis id nam qui.','2011-10-26 11:12:26','2011-10-26 11:12:26'),(249,'Model','Torphy, Cronin and Christiansen','Fantastic Cotton Gloves','247','Quod ex provident est dolor in a explicabo.','Velit non ut eum temporibus numquam delectus enim.',NULL,NULL,0,0,'Consequuntur et dolores fugiat maiores facilis ipsum.','Recusandae neque odit ipsa vel.','2011-10-26 11:12:26','2011-10-26 11:12:26'),(250,'Model','Leffler-Langosh','Practical Granite Chair','248','Quam dolor tenetur sunt totam voluptatum aut.','Corrupti iusto qui ut enim.',NULL,NULL,1,0,'Eos amet consequatur ipsa.','Dolor incidunt asperiores sed illo tempore perspiciatis neque.','2011-10-26 11:12:26','2011-10-26 11:12:26'),(251,'Model','Johnson Inc','Awesome Granite Shirt','249','Temporibus molestiae omnis rerum ad vitae.','Consectetur ab occaecati non.',NULL,NULL,3,0,'Incidunt sint iure repudiandae ipsam officiis tempora est a.','Facere qui magnam dolor consequatur.','2011-10-26 11:12:26','2011-10-26 11:12:26'),(252,'Model','Romaguera, Schinner and Walker','Intelligent Granite Pants','250','Occaecati eaque ut delectus ut voluptatem suscipit omnis quia.','Sint veniam quisquam iusto quidem molestias est.',NULL,NULL,3,0,'Ipsam sit qui tenetur.','Fugit sapiente iste a non dolorem et.','2011-10-26 11:12:26','2011-10-26 11:12:26'),(253,'Model','Hermiston-McLaughlin','Ergonomic Granite Computer','251','Ducimus unde placeat quasi dolor est et recusandae.','Corrupti enim nisi omnis.',NULL,NULL,1,0,'Omnis dicta debitis placeat omnis tenetur et et ab.','Asperiores voluptas aut natus officia facilis reprehenderit quam amet.','2011-10-26 11:12:26','2011-10-26 11:12:26'),(254,'Model','Balistreri-Wuckert','Rustic Granite Car','252','Mollitia rem reprehenderit est amet quibusdam.','Accusamus possimus voluptates perferendis.',NULL,NULL,2,0,'Optio consectetur illo totam hic facilis aut quia.','Error dignissimos vel recusandae officia ab eius.','2011-10-26 11:12:26','2011-10-26 11:12:26'),(255,'Model','Hirthe LLC','Sleek Plastic Chair','253','Culpa beatae aliquid iure saepe a.','Explicabo voluptas totam in cum.',NULL,NULL,1,0,'Excepturi mollitia illo ea deleniti possimus.','Vel unde velit quisquam atque et eos.','2011-10-26 11:12:27','2011-10-26 11:12:27'),(256,'Model','Langworth Group','Small Granite Shoes','254','Veniam aut eum voluptatem odio quo recusandae perspiciatis aut.','Ipsam consectetur doloremque itaque velit modi.',NULL,NULL,3,0,'Quo sit dolore eaque expedita voluptate quis.','Doloremque ut atque eum ex ipsam.','2011-10-26 11:12:27','2011-10-26 11:12:27'),(257,'Model','Sipes, Anderson and Kautzer','Gorgeous Plastic Table','255','Blanditiis accusantium est et ut veritatis rerum.','Commodi impedit nobis voluptatem sed quia autem officiis velit.',NULL,NULL,2,0,'Consequatur ad sed earum dolorem deleniti repellat qui incidunt.','Ut beatae porro et.','2011-10-26 11:12:27','2011-10-26 11:12:27'),(258,'Model','Daugherty-Brakus','Fantastic Concrete Shirt','256','Provident et architecto iure.','Exercitationem totam asperiores temporibus eaque ut consequatur.',NULL,NULL,2,0,'Sapiente officiis saepe vero tenetur ratione officia delectus.','Labore voluptas eum qui.','2011-10-26 11:12:27','2011-10-26 11:12:27'),(259,'Model','Watsica-Kihn','Fantastic Steel Car','257','Fuga saepe officia dignissimos sunt temporibus aspernatur.','Qui ea quis et quasi asperiores quia eligendi quia.',NULL,NULL,3,0,'In et ipsam qui.','Tempore et et voluptatem dolorem accusamus dolor ipsa ut.','2011-10-26 11:12:27','2011-10-26 11:12:27'),(260,'Model','Senger-Parker','Incredible Wooden Computer','258','Et dicta labore non.','Non quis quo illum.',NULL,NULL,2,0,'Occaecati odit facere dolore tenetur.','Repellendus sequi placeat dolorem voluptates.','2011-10-26 11:12:27','2011-10-26 11:12:27'),(261,'Model','Wyman, West and Lind','Practical Granite Gloves','259','Numquam fugit velit voluptates et amet quo tempore.','Voluptas quasi ut illum non corporis.',NULL,NULL,0,0,'Est temporibus perferendis dolor aut.','Minus debitis reiciendis aut vero qui.','2011-10-26 11:12:27','2011-10-26 11:12:27'),(262,'Model','Harris, Skiles and Rolfson','Incredible Concrete Car','260','Et autem perferendis aliquid tempora quia qui.','Et repellat rerum corporis nobis totam.',NULL,NULL,0,0,'Voluptatem facere a minima odio corporis.','Est omnis velit et et culpa.','2011-10-26 11:12:27','2011-10-26 11:12:27'),(263,'Model','Hyatt and Sons','Intelligent Rubber Car','261','Nulla consequuntur qui dolor in.','Nam doloribus ut repudiandae quas aliquid quasi accusantium officia.',NULL,NULL,0,0,'Quia minima voluptates eius nisi laboriosam.','Eius nihil fuga consequuntur inventore quisquam quidem qui.','2011-10-26 11:12:27','2011-10-26 11:12:27'),(264,'Model','Howell, Rice and Marquardt','Rustic Cotton Pants','262','Beatae ut nisi eius quibusdam id culpa et magni.','Rerum sed ut cumque similique nihil voluptas quam id.',NULL,NULL,1,0,'Autem dolores consequatur qui provident pariatur id officia quam.','Minima dolore exercitationem corporis quia omnis et.','2011-10-26 11:12:27','2011-10-26 11:12:27'),(265,'Model','Wilderman Inc','Rustic Rubber Table','263','Odit quis veniam est nemo quo velit.','Quo quisquam maiores quasi esse itaque dolorem ex rerum.',NULL,NULL,0,0,'Corrupti quis id et.','Incidunt aliquid et rerum culpa consectetur voluptas error distinctio.','2011-10-26 11:12:27','2011-10-26 11:12:27'),(266,'Model','Blick, Mitchell and Ondricka','Rustic Plastic Chair','264','Qui reiciendis ex fuga.','Culpa consequuntur adipisci odit dolor doloribus.',NULL,NULL,3,0,'At voluptatem iste eius atque dolore et.','Porro in vero sint facere tenetur ex autem dolorem.','2011-10-26 11:12:27','2011-10-26 11:12:27'),(267,'Model','Schroeder-O\'Connell','Ergonomic Wooden Shoes','265','Dolore sed sapiente consequatur nesciunt tempora iusto dolor.','Praesentium placeat molestiae non.',NULL,NULL,0,0,'Aut vitae tempora omnis qui autem incidunt impedit praesentium.','Veniam expedita voluptate eligendi necessitatibus eveniet nihil similique.','2011-10-31 01:48:51','2011-10-31 01:48:51'),(268,'Model','Zieme Group','Incredible Steel Hat','266','Voluptas libero sint necessitatibus et assumenda doloribus recusandae minus.','Quo quia earum sint dolorum tempore at autem.',NULL,NULL,2,0,'Pariatur vel facilis assumenda commodi officia accusamus veritatis atque.','Fuga totam incidunt voluptate quaerat sed aut nisi laboriosam.','2011-10-31 01:48:51','2011-10-31 01:48:51'),(269,'Model','Hoeger, Aufderhar and Schuster','Ergonomic Granite Shoes','267','Debitis recusandae vero repellat cum eum alias aut.','Alias praesentium ipsa placeat aperiam.',NULL,NULL,2,0,'Consequatur autem ullam soluta molestiae consectetur corrupti ipsam.','Occaecati eligendi dolores esse atque.','2011-10-31 01:48:51','2011-10-31 01:48:51'),(270,'Model','McLaughlin, Macejkovic and Champlin','Ergonomic Steel Gloves','268','Sit pariatur sed non totam nesciunt hic magni.','Aut perspiciatis quasi molestias ut enim aut.',NULL,NULL,2,0,'Id voluptatum eum rerum saepe totam sed vel.','Sequi aut eos doloribus et voluptatem ullam aut.','2011-10-31 01:48:51','2011-10-31 01:48:51'),(271,'Model','Bailey LLC','Intelligent Cotton Table','269','Aut non qui numquam unde eligendi ad.','Id quaerat veniam iusto.',NULL,NULL,3,0,'Voluptatem deleniti perferendis quasi dolorem placeat quibusdam ab sit.','Ullam molestias quae nihil enim occaecati qui labore recusandae.','2011-10-29 09:41:59','2011-10-29 09:41:59'),(272,'Model','Stark, Streich and Jones','Rustic Cotton Gloves','270','Saepe asperiores assumenda molestiae explicabo et deleniti enim sint.','Voluptatem laboriosam explicabo est.',NULL,NULL,3,0,'Facere reiciendis dolores aperiam soluta sit.','Voluptatem quia cupiditate est vero maiores nulla.','2011-10-29 09:41:59','2011-10-29 09:41:59'),(273,'Model','Von, Schmeler and Streich','Practical Cotton Computer','271','Alias nulla molestiae et rerum.','Temporibus rerum sint eum itaque esse non autem.',NULL,NULL,3,0,'Necessitatibus eos aliquam aut eos mollitia id.','Velit animi corporis reiciendis rerum nulla.','2011-10-29 09:42:00','2011-10-29 09:42:00'),(274,'Model','Denesik-Weber','Practical Concrete Gloves','272','Nihil et molestiae cum pariatur maiores occaecati.','Id est similique fugit voluptatibus dolor.',NULL,NULL,0,0,'Sit sed omnis et molestiae vitae nisi assumenda.','Natus nihil voluptates ducimus.','2011-10-29 09:42:00','2011-10-29 09:42:00'),(275,'Model','Wuckert, Renner and Wisozk','Rustic Granite Shoes','273','Quia at vel sed tempora nihil rerum.','Similique non eos magni mollitia eligendi nihil.',NULL,NULL,1,0,'Voluptatem quo ea eum.','Eius similique rerum consequuntur.','2011-10-29 09:42:00','2011-10-29 09:42:00'),(276,'Model','Kertzmann LLC','Intelligent Plastic Shirt','274','Quia ipsum non et.','Excepturi tempora optio dolorem impedit iure error dolor.',NULL,NULL,3,0,'Et deleniti quis placeat non et et.','Est voluptatibus ducimus sed.','2011-10-29 09:42:00','2011-10-29 09:42:00'),(277,'Model','Bayer, Koepp and Mante','Gorgeous Rubber Hat','275','Fugiat quo dolore nesciunt natus tempore tempora ratione.','Molestiae vitae excepturi aut ad consequuntur eaque.',NULL,NULL,3,0,'Velit quod sunt qui fuga unde.','Et saepe qui sint consequatur sapiente.','2011-10-29 09:42:00','2011-10-29 09:42:00'),(278,'Model','Parisian LLC','Rustic Wooden Computer','276','Harum sequi fuga non aut id.','Minima quia qui enim doloremque quaerat doloribus autem voluptatem.',NULL,NULL,2,0,'Rem magnam voluptatem ipsam placeat quidem facere.','Consequatur et quia illo.','2011-10-29 09:42:00','2011-10-29 09:42:00'),(279,'Model','Goldner Group','Small Cotton Table','277','Voluptatem distinctio vero facilis doloremque hic in.','Excepturi suscipit porro maiores est omnis.',NULL,NULL,1,0,'Sint dolorem velit et nisi iusto praesentium quasi voluptatem.','Enim eos officia illo ut accusantium.','2011-11-01 10:51:56','2011-11-01 10:51:56'),(280,'Model','Rosenbaum, Lubowitz and Herman','Intelligent Granite Computer','278','Voluptatem ab deleniti deserunt vero fugiat dolore.','Tempore ipsum ipsa qui occaecati earum ut omnis.',NULL,NULL,1,0,'Nulla minima reiciendis ut fugiat dolor.','Dicta doloribus nulla illum magnam numquam.','2011-11-01 10:51:56','2011-11-01 10:51:56'),(281,'Model','Hettinger, Larkin and Rice','Sleek Steel Gloves','279','Hic recusandae culpa et.','In inventore porro et ut.',NULL,NULL,0,0,'Cupiditate cumque sint ex illum.','A tempore sed quam eligendi labore.','2011-11-01 10:51:56','2011-11-01 10:51:56'),(282,'Model','Anderson Inc','Sleek Concrete Shoes','280','Velit laudantium quos voluptas consequuntur qui.','Beatae quod assumenda mollitia deleniti in.',NULL,NULL,3,0,'Eum eius magnam esse.','Expedita repudiandae consectetur incidunt.','2011-11-01 10:51:56','2011-11-01 10:51:56'),(283,'Model','Pfeffer-Hauck','Practical Wooden Computer','281','Corrupti molestias dignissimos esse.','Tenetur voluptatem voluptates repellat blanditiis repellendus dignissimos dolor aut.',NULL,NULL,2,0,'Totam consequatur sed laudantium sunt tempora.','Consequatur non ea a distinctio ducimus sunt aspernatur qui.','2011-11-01 10:51:56','2011-11-01 10:51:56'),(284,'Model','Kshlerin, Daniel and Fay','Awesome Wooden Shoes','282','Qui voluptatem itaque culpa et.','Qui explicabo qui voluptas non.',NULL,NULL,2,0,'Corrupti aut tenetur veniam nulla voluptatem ut voluptate.','Facere eaque magnam vel delectus.','2011-11-01 10:51:56','2011-11-01 10:51:56'),(285,'Model','Schroeder-Weimann','Awesome Rubber Computer','283','Officia voluptas alias assumenda dolorum aut.','Sed consequatur incidunt beatae vero quia ut nesciunt illum.',NULL,NULL,3,0,'Aut accusantium est et.','At et impedit voluptate.','2011-11-01 10:51:56','2011-11-01 10:51:56'),(286,'Model','Wilkinson and Sons','Awesome Cotton Pants','284','Nesciunt asperiores assumenda quae quaerat omnis sed culpa.','Esse recusandae eos quia nesciunt exercitationem.',NULL,NULL,0,0,'Et dolores dolore voluptatem iste autem cum.','Aspernatur voluptatem nihil est recusandae voluptatibus veniam accusantium nulla.','2011-11-01 10:51:56','2011-11-01 10:51:56'),(287,'Model','MacGyver-Ruecker','Gorgeous Cotton Pants','285','Qui delectus consequatur quisquam enim culpa neque libero.','Et voluptatem non eveniet quia est minus.',NULL,NULL,1,0,'Tenetur ut non sit corrupti animi autem et.','Quos eius aut facilis ut.','2011-11-01 10:51:56','2011-11-01 10:51:56'),(288,'Model','Marks, Satterfield and Becker','Gorgeous Concrete Pants','286','Laudantium quisquam porro cumque est libero nemo atque voluptatem.','Pariatur ab vitae eum dolorem a et.',NULL,NULL,0,0,'Voluptatibus asperiores cum adipisci iure alias autem.','Nesciunt qui distinctio nam.','2011-11-01 10:51:56','2011-11-01 10:51:56'),(289,'Model','Runolfsdottir, Bartell and Davis','Practical Plastic Computer','287','Eaque voluptates ratione blanditiis et dolorem aut harum.','Sint et ipsum magnam possimus et facilis officia.',NULL,NULL,3,0,'Numquam asperiores eaque aut.','Omnis facere consequatur quas non pariatur voluptatem assumenda.','2011-11-01 10:51:56','2011-11-01 10:51:56'),(290,'Model','Volkman, Veum and Lindgren','Gorgeous Concrete Chair','288','Ut placeat maiores beatae quis sit et commodi.','Optio blanditiis ducimus sint quaerat ratione sint perferendis eaque.',NULL,NULL,2,0,'Consequatur minima exercitationem facilis rem at.','Sit quas asperiores commodi ea consequatur incidunt.','2011-11-01 10:51:56','2011-11-01 10:51:56'),(291,'Model','Rogahn-Douglas','Small Wooden Car','289','Tempore est aspernatur et dolorem incidunt odit.','Laborum aperiam beatae quo minima quam molestiae laudantium vel.',NULL,NULL,1,0,'Dolores aut sequi voluptas ab molestiae quasi et.','Culpa debitis provident pariatur quod dolor.','2011-11-01 10:51:56','2011-11-01 10:51:56'),(292,'Model','Robel, Stark and Kris','Ergonomic Cotton Car','290','Expedita veniam repellat aperiam repudiandae.','Id magnam rerum qui quibusdam eius.',NULL,NULL,0,0,'Est et sunt quis sed ullam.','Vel voluptate voluptatem suscipit rem fuga repudiandae aut.','2011-11-01 10:51:56','2011-11-01 10:51:56'),(293,'Model','Roob, Durgan and Jakubowski','Practical Wooden Gloves','291','Architecto consequatur nostrum occaecati et.','Eos alias ut quia dignissimos cupiditate est a.',NULL,NULL,1,0,'Maiores inventore aut omnis fugiat magnam.','Cum autem qui non animi nihil.','2011-11-01 10:51:56','2011-11-01 10:51:56'),(294,'Model','Champlin, Von and Weissnat','Incredible Concrete Chair','292','Laboriosam possimus rerum fugit animi quo sed.','Id ab ratione rerum et aliquam.',NULL,NULL,1,0,'Consequatur consectetur aut architecto distinctio.','Quis officiis fugit corporis pariatur necessitatibus sunt deserunt.','2011-11-01 10:51:56','2011-11-01 10:51:56'),(295,'Model','Lehner, Anderson and Weber','Practical Concrete Hat','293','Qui voluptatem fugit molestiae molestiae enim.','Blanditiis minima consequuntur consectetur odit sapiente quam doloribus.',NULL,NULL,2,0,'Perferendis ab atque sint qui voluptatum non nobis.','Blanditiis temporibus ut et esse dicta eligendi.','2011-11-01 10:51:56','2011-11-01 10:51:56'),(296,'Model','Spinka, Christiansen and Cummings','Fantastic Steel Shoes','294','Perspiciatis neque provident ea quo omnis.','Molestiae mollitia hic delectus consequuntur.',NULL,NULL,1,0,'Nihil pariatur recusandae ut possimus labore.','Mollitia excepturi voluptatem rerum rerum itaque nam.','2011-11-01 10:51:56','2011-11-01 10:51:56');
/*!40000 ALTER TABLE `models` ENABLE KEYS */;
UNLOCK TABLES;

--
-- Table structure for table `models_compatibles`
--

DROP TABLE IF EXISTS `models_compatibles`;
/*!40101 SET @saved_cs_client     = @@character_set_client */;
/*!40101 SET character_set_client = utf8 */;
CREATE TABLE `models_compatibles` (
  `model_id` int(11) DEFAULT NULL,
  `compatible_id` int(11) DEFAULT NULL,
  KEY `index_models_compatibles_on_compatible_id` (`compatible_id`),
  KEY `index_models_compatibles_on_model_id` (`model_id`)
) ENGINE=InnoDB DEFAULT CHARSET=utf8 COLLATE=utf8_unicode_ci;
/*!40101 SET character_set_client = @saved_cs_client */;

--
-- Dumping data for table `models_compatibles`
--

LOCK TABLES `models_compatibles` WRITE;
/*!40000 ALTER TABLE `models_compatibles` DISABLE KEYS */;
INSERT INTO `models_compatibles` VALUES (152,151),(153,151),(154,151);
/*!40000 ALTER TABLE `models_compatibles` ENABLE KEYS */;
UNLOCK TABLES;

--
-- Table structure for table `notifications`
--

DROP TABLE IF EXISTS `notifications`;
/*!40101 SET @saved_cs_client     = @@character_set_client */;
/*!40101 SET character_set_client = utf8 */;
CREATE TABLE `notifications` (
  `id` int(11) NOT NULL AUTO_INCREMENT,
  `user_id` int(11) DEFAULT NULL,
  `title` varchar(255) COLLATE utf8_unicode_ci DEFAULT '',
  `created_at` datetime NOT NULL,
  PRIMARY KEY (`id`),
  KEY `index_notifications_on_user_id` (`user_id`)
) ENGINE=InnoDB DEFAULT CHARSET=utf8 COLLATE=utf8_unicode_ci;
/*!40101 SET character_set_client = @saved_cs_client */;

--
-- Dumping data for table `notifications`
--

LOCK TABLES `notifications` WRITE;
/*!40000 ALTER TABLE `notifications` DISABLE KEYS */;
/*!40000 ALTER TABLE `notifications` ENABLE KEYS */;
UNLOCK TABLES;

--
-- Table structure for table `numerators`
--

DROP TABLE IF EXISTS `numerators`;
/*!40101 SET @saved_cs_client     = @@character_set_client */;
/*!40101 SET character_set_client = utf8 */;
CREATE TABLE `numerators` (
  `id` int(11) NOT NULL AUTO_INCREMENT,
  `item` int(11) DEFAULT NULL,
  PRIMARY KEY (`id`)
) ENGINE=InnoDB DEFAULT CHARSET=utf8 COLLATE=utf8_unicode_ci;
/*!40101 SET character_set_client = @saved_cs_client */;

--
-- Dumping data for table `numerators`
--

LOCK TABLES `numerators` WRITE;
/*!40000 ALTER TABLE `numerators` DISABLE KEYS */;
/*!40000 ALTER TABLE `numerators` ENABLE KEYS */;
UNLOCK TABLES;

--
-- Table structure for table `options`
--

DROP TABLE IF EXISTS `options`;
/*!40101 SET @saved_cs_client     = @@character_set_client */;
/*!40101 SET character_set_client = utf8 */;
CREATE TABLE `options` (
  `id` int(11) NOT NULL AUTO_INCREMENT,
  `inventory_pool_id` int(11) DEFAULT NULL,
  `inventory_code` varchar(255) COLLATE utf8_unicode_ci DEFAULT NULL,
  `manufacturer` varchar(255) COLLATE utf8_unicode_ci DEFAULT NULL,
  `product` varchar(255) COLLATE utf8_unicode_ci NOT NULL,
  `version` varchar(255) COLLATE utf8_unicode_ci DEFAULT NULL,
  `price` decimal(8,2) DEFAULT NULL,
  PRIMARY KEY (`id`),
  KEY `index_options_on_inventory_pool_id` (`inventory_pool_id`)
) ENGINE=InnoDB AUTO_INCREMENT=7 DEFAULT CHARSET=utf8 COLLATE=utf8_unicode_ci;
/*!40101 SET character_set_client = @saved_cs_client */;

--
-- Dumping data for table `options`
--

LOCK TABLES `options` WRITE;
/*!40000 ALTER TABLE `options` DISABLE KEYS */;
INSERT INTO `options` VALUES (1,1,'akku-aa',NULL,'Akku AA','115',650.00),(2,1,'akku-aaa',NULL,'Akku AAA','116',92.00),(3,1,'usb',NULL,'USB Kabel','117',160.00),(4,1,'lab7554',NULL,'Practical Wooden Car','161',967.00),(5,1,'per3906',NULL,'Intelligent Rubber Table','163',274.00),(6,2,'off2783',NULL,'Practical Concrete Computer','169',506.00);
/*!40000 ALTER TABLE `options` ENABLE KEYS */;
UNLOCK TABLES;

--
-- Table structure for table `partitions`
--

DROP TABLE IF EXISTS `partitions`;
/*!40101 SET @saved_cs_client     = @@character_set_client */;
/*!40101 SET character_set_client = utf8 */;
CREATE TABLE `partitions` (
  `id` int(11) NOT NULL AUTO_INCREMENT,
  `model_id` int(11) DEFAULT NULL,
  `inventory_pool_id` int(11) DEFAULT NULL,
  `group_id` int(11) DEFAULT NULL,
  `quantity` int(11) DEFAULT NULL,
  PRIMARY KEY (`id`),
  UNIQUE KEY `index_partitions_on_model_id_and_inventory_pool_id_and_group_id` (`model_id`,`inventory_pool_id`,`group_id`)
) ENGINE=InnoDB AUTO_INCREMENT=12 DEFAULT CHARSET=utf8 COLLATE=utf8_unicode_ci;
/*!40101 SET character_set_client = @saved_cs_client */;

--
-- Dumping data for table `partitions`
--

LOCK TABLES `partitions` WRITE;
/*!40000 ALTER TABLE `partitions` DISABLE KEYS */;
INSERT INTO `partitions` VALUES (1,115,1,4,1),(2,153,1,5,1),(3,154,1,6,5),(4,152,1,1,1),(5,84,1,1,1),(6,84,1,2,1),(7,249,1,7,1),(8,256,1,7,1),(9,263,1,7,1),(10,275,1,8,1),(11,282,1,7,1);
/*!40000 ALTER TABLE `partitions` ENABLE KEYS */;
UNLOCK TABLES;

--
-- Temporary table structure for view `partitions_with_generals`
--

DROP TABLE IF EXISTS `partitions_with_generals`;
/*!50001 DROP VIEW IF EXISTS `partitions_with_generals`*/;
SET @saved_cs_client     = @@character_set_client;
SET character_set_client = utf8;
/*!50001 CREATE TABLE `partitions_with_generals` (
  `model_id` tinyint NOT NULL,
  `inventory_pool_id` tinyint NOT NULL,
  `group_id` tinyint NOT NULL,
  `quantity` tinyint NOT NULL
) ENGINE=MyISAM */;
SET character_set_client = @saved_cs_client;

--
-- Table structure for table `properties`
--

DROP TABLE IF EXISTS `properties`;
/*!40101 SET @saved_cs_client     = @@character_set_client */;
/*!40101 SET character_set_client = utf8 */;
CREATE TABLE `properties` (
  `id` int(11) NOT NULL AUTO_INCREMENT,
  `model_id` int(11) DEFAULT NULL,
  `key` varchar(255) COLLATE utf8_unicode_ci DEFAULT NULL,
  `value` varchar(255) COLLATE utf8_unicode_ci DEFAULT NULL,
  PRIMARY KEY (`id`),
  KEY `index_properties_on_model_id` (`model_id`)
) ENGINE=InnoDB AUTO_INCREMENT=13 DEFAULT CHARSET=utf8 COLLATE=utf8_unicode_ci;
/*!40101 SET character_set_client = @saved_cs_client */;

--
-- Dumping data for table `properties`
--

LOCK TABLES `properties` WRITE;
/*!40000 ALTER TABLE `properties` DISABLE KEYS */;
INSERT INTO `properties` VALUES (1,152,'Rotorduchmesser','120'),(2,152,'Akkus','2'),(3,152,'Farbe','Rot'),(4,153,'Rotorduchmesser','120'),(5,153,'Akkus','2'),(6,153,'Farbe','Rot'),(7,153,'max. Speed','80 kmh'),(8,153,'Gyro','Ja'),(9,153,'Achsen','3-Achsen'),(10,154,'Rotorduchmesser','120'),(11,154,'Akkus','2'),(12,154,'Farbe','Rot');
/*!40000 ALTER TABLE `properties` ENABLE KEYS */;
UNLOCK TABLES;

--
-- Table structure for table `purposes`
--

DROP TABLE IF EXISTS `purposes`;
/*!40101 SET @saved_cs_client     = @@character_set_client */;
/*!40101 SET character_set_client = utf8 */;
CREATE TABLE `purposes` (
  `id` int(11) NOT NULL AUTO_INCREMENT,
  `description` text COLLATE utf8_unicode_ci,
  PRIMARY KEY (`id`)
) ENGINE=InnoDB AUTO_INCREMENT=47 DEFAULT CHARSET=utf8 COLLATE=utf8_unicode_ci;
/*!40101 SET character_set_client = @saved_cs_client */;

--
-- Dumping data for table `purposes`
--

LOCK TABLES `purposes` WRITE;
/*!40000 ALTER TABLE `purposes` DISABLE KEYS */;
INSERT INTO `purposes` VALUES (1,'---\n- Voluptatum doloremque enim sint quisquam eligendi culpa qui.\n- Dolores est odit nihil voluptatem praesentium aliquid delectus.\n'),(2,'---\n- Non inventore quibusdam voluptatem voluptate et.\n- Voluptatem ea in necessitatibus veritatis.\n'),(3,'Ersatzstativ fr die Ausstellung.'),(4,'Ersatzstativ fr die Ausstellung.'),(5,'Ersatzstativ fr die Ausstellung.'),(6,'Dolorem ab sint quia ut repudiandae illo quidem sit.'),(7,'Nulla inventore qui eos sed harum maiores quibusdam aut.'),(8,'Et reprehenderit ea aut dolorem impedit qui.'),(9,'Consequatur et cum qui voluptatem placeat.'),(10,'Natus eum voluptatem provident beatae accusamus.'),(11,'Qui in et occaecati voluptate.'),(12,'Inventore ut explicabo dolores.'),(13,'Natus soluta exercitationem labore suscipit.'),(14,'Bentige ich fr die Aufnahmen meiner Abschlussarbeit.'),(15,'Ea quae reiciendis non voluptatem.'),(16,'Quia enim magnam unde ut aut.'),(17,'Quibusdam rerum eos est eveniet minima corrupti labore.'),(18,'Ersatzstativ fr die Ausstellung.'),(19,'Fr das zweite Austellungswochenende.'),(20,'Fr das dritte Austellungswochenende.'),(21,'Fr die Abschlussarbeit.'),(22,'Ersatzstativ fr die Ausstellung.'),(23,'Bestellung mit Software'),(24,'Bestellung mit Gegenstand ohne Ort'),(25,'Um meine Abschlussarbeit zu fotografieren.'),(26,'Aut et aut natus ab iure dolor suscipit.'),(27,'Um meine Abschlussarbeit zu fotografieren.'),(28,'Um meine Abschlussarbeit zu fotografieren.'),(29,'Qui delectus deserunt inventore non fugiat vel suscipit sed.'),(30,'Paketausgabe'),(31,'Fr meinen aktuellen Kurs.'),(32,'Ersatzstativ fr die Ausstellung.'),(33,'Um meine Abschlussarbeit zu fotografieren.'),(34,'Ersatzstativ fr die Ausstellung.'),(35,'Ersatzstativ fr die Ausstellung.'),(36,'Ersatzstativ fr die Ausstellung.'),(37,'Ersatzstativ fr die Ausstellung.'),(38,'Ersatzstativ fr die Ausstellung.'),(39,'Ersatzstativ fr die Ausstellung.'),(40,'Ersatzstativ fr die Ausstellung.'),(41,'Ersatzstativ fr die Ausstellung.'),(42,'Ersatzstativ fr die Ausstellung.'),(43,'Fotoshooting (Kurs Fotografie).'),(44,'Brauche ich zwingend fr meinen Kurs.'),(45,'Ganz dringend bentigt fr meine Abschlussarbeit.'),(46,'Als Ersatz.');
/*!40000 ALTER TABLE `purposes` ENABLE KEYS */;
UNLOCK TABLES;

--
-- Table structure for table `schema_migrations`
--

DROP TABLE IF EXISTS `schema_migrations`;
/*!40101 SET @saved_cs_client     = @@character_set_client */;
/*!40101 SET character_set_client = utf8 */;
CREATE TABLE `schema_migrations` (
  `version` varchar(255) COLLATE utf8_unicode_ci NOT NULL,
  UNIQUE KEY `unique_schema_migrations` (`version`)
) ENGINE=InnoDB DEFAULT CHARSET=utf8 COLLATE=utf8_unicode_ci;
/*!40101 SET character_set_client = @saved_cs_client */;

--
-- Dumping data for table `schema_migrations`
--

LOCK TABLES `schema_migrations` WRITE;
/*!40000 ALTER TABLE `schema_migrations` DISABLE KEYS */;
INSERT INTO `schema_migrations` VALUES ('20140410180000'),('20140414100000'),('20140415083535'),('20140417113831'),('20140428092844'),('20140515131025'),('20140812132326'),('20140820100242'),('20140828082448'),('20140901141016'),('20140905091014');
/*!40000 ALTER TABLE `schema_migrations` ENABLE KEYS */;
UNLOCK TABLES;

--
-- Table structure for table `settings`
--

DROP TABLE IF EXISTS `settings`;
/*!40101 SET @saved_cs_client     = @@character_set_client */;
/*!40101 SET character_set_client = utf8 */;
CREATE TABLE `settings` (
  `id` int(11) NOT NULL AUTO_INCREMENT,
  `smtp_address` varchar(255) COLLATE utf8_unicode_ci DEFAULT NULL,
  `smtp_port` int(11) DEFAULT NULL,
  `smtp_domain` varchar(255) COLLATE utf8_unicode_ci DEFAULT NULL,
  `local_currency_string` varchar(255) COLLATE utf8_unicode_ci DEFAULT NULL,
  `contract_terms` text COLLATE utf8_unicode_ci,
  `contract_lending_party_string` text COLLATE utf8_unicode_ci,
  `email_signature` varchar(255) COLLATE utf8_unicode_ci DEFAULT NULL,
  `default_email` varchar(255) COLLATE utf8_unicode_ci DEFAULT NULL,
  `deliver_order_notifications` tinyint(1) DEFAULT NULL,
  `user_image_url` varchar(255) COLLATE utf8_unicode_ci DEFAULT NULL,
  `ldap_config` varchar(255) COLLATE utf8_unicode_ci DEFAULT NULL,
  `logo_url` varchar(255) COLLATE utf8_unicode_ci DEFAULT NULL,
  `mail_delivery_method` varchar(255) COLLATE utf8_unicode_ci DEFAULT NULL,
  `smtp_username` varchar(255) COLLATE utf8_unicode_ci DEFAULT NULL,
  `smtp_password` varchar(255) COLLATE utf8_unicode_ci DEFAULT NULL,
  `smtp_enable_starttls_auto` tinyint(1) NOT NULL DEFAULT '0',
  `smtp_openssl_verify_mode` varchar(255) COLLATE utf8_unicode_ci NOT NULL DEFAULT 'none',
  `time_zone` varchar(255) COLLATE utf8_unicode_ci NOT NULL DEFAULT 'Bern',
  `disable_manage_section` tinyint(1) NOT NULL DEFAULT '0',
  `disable_manage_section_message` text COLLATE utf8_unicode_ci,
  `disable_borrow_section` tinyint(1) NOT NULL DEFAULT '0',
  `disable_borrow_section_message` text COLLATE utf8_unicode_ci,
  `text` text COLLATE utf8_unicode_ci,
  PRIMARY KEY (`id`)
) ENGINE=InnoDB AUTO_INCREMENT=2 DEFAULT CHARSET=utf8 COLLATE=utf8_unicode_ci;
/*!40101 SET character_set_client = @saved_cs_client */;

--
-- Dumping data for table `settings`
--

LOCK TABLES `settings` WRITE;
/*!40000 ALTER TABLE `settings` DISABLE KEYS */;
INSERT INTO `settings` VALUES (1,'smtp.zhdk.ch',25,'beta.ausleihe.zhdk.ch','CHF','Die Benutzerin/der Benutzer ist bei unsachgemsser Handhabung oder Verlust schadenersatzpflichtig. Sie/Er verpflichtet sich, das Material sorgfltig zu behandeln und gereinigt zu retournieren. Bei mangelbehafteter oder verspteter Rckgabe kann eine Ausleihsperre (bis zu 6 Monaten) verhngt werden. Das geliehene Material bleibt jederzeit uneingeschrnktes Eigentum der Zrcher Hochschule der Knste und darf ausschliesslich fr schulische Zwecke eingesetzt werden. Mit ihrer/seiner Unterschrift akzeptiert die Benutzerin/der Benutzer diese Bedingungen sowie die \'Richtlinie zur Ausleihe von Sachen\' der ZHdK und etwaige abteilungsspezifische Ausleih-Richtlinien.','Your\nAddress\nHere','Das PZ-leihs Team','sender@example.com',0,'http://www.zhdk.ch/?person/foto&width=100&compressionlevel=0&id={:id}',NULL,'/assets/image-logo-zhdk.png','test',NULL,NULL,0,'none','Bern',0,NULL,0,NULL,NULL);
/*!40000 ALTER TABLE `settings` ENABLE KEYS */;
UNLOCK TABLES;

--
-- Table structure for table `suppliers`
--

DROP TABLE IF EXISTS `suppliers`;
/*!40101 SET @saved_cs_client     = @@character_set_client */;
/*!40101 SET character_set_client = utf8 */;
CREATE TABLE `suppliers` (
  `id` int(11) NOT NULL AUTO_INCREMENT,
  `name` varchar(255) COLLATE utf8_unicode_ci NOT NULL,
  `created_at` datetime DEFAULT NULL,
  `updated_at` datetime DEFAULT NULL,
  PRIMARY KEY (`id`),
  UNIQUE KEY `index_suppliers_on_name` (`name`)
) ENGINE=InnoDB AUTO_INCREMENT=267 DEFAULT CHARSET=utf8 COLLATE=utf8_unicode_ci;
/*!40101 SET character_set_client = @saved_cs_client */;

--
-- Dumping data for table `suppliers`
--

LOCK TABLES `suppliers` WRITE;
/*!40000 ALTER TABLE `suppliers` DISABLE KEYS */;
INSERT INTO `suppliers` VALUES (1,'autnesciuntvoluptas','2011-11-01 10:51:56','2011-11-01 10:51:56'),(2,'oditcorruptisapientequiaearum','2011-11-01 10:51:56','2011-11-01 10:51:56'),(3,'molestiaeomnisporro','2011-11-01 10:51:56','2011-11-01 10:51:56'),(4,'quisautvelit','2011-11-01 10:51:56','2011-11-01 10:51:56'),(5,'illoautlaborumnonqui','2011-11-01 10:51:56','2011-11-01 10:51:56'),(6,'suscipitadautsint','2011-11-01 10:51:56','2011-11-01 10:51:56'),(7,'autemnonautemrepellendus','2011-11-01 10:51:56','2011-11-01 10:51:56'),(8,'iustocumsuntvoluptatempossimus','2011-11-01 10:51:56','2011-11-01 10:51:56'),(9,'nihilvoluptatemeaquiullam','2011-11-01 10:51:56','2011-11-01 10:51:56'),(10,'sitrerumlaborum','2011-11-01 10:51:56','2011-11-01 10:51:56'),(11,'doloribuslabore','2011-11-01 10:51:56','2011-11-01 10:51:56'),(12,'omnisauttotamsintsapiente','2011-11-01 10:51:56','2011-11-01 10:51:56'),(13,'etsintrepudiandaequidemnecessitatibus','2011-11-01 10:51:56','2011-11-01 10:51:56'),(14,'autvoluptatemquisitquisquam','2011-11-01 10:51:56','2011-11-01 10:51:56'),(15,'voluptatecorruptisuntiusto','2011-11-01 10:51:56','2011-11-01 10:51:56'),(16,'quiaestsaepeaccusantium','2011-11-01 10:51:56','2011-11-01 10:51:56'),(17,'fugitsitadipiscidignissimos','2011-11-01 10:51:56','2011-11-01 10:51:56'),(18,'delectusliberoet','2011-11-01 10:51:56','2011-11-01 10:51:56'),(19,'abatnihilautem','2011-11-01 10:51:56','2011-11-01 10:51:56'),(20,'ipsasint','2011-11-01 10:51:56','2011-11-01 10:51:56'),(21,'seddoloremquevelitaperiam','2011-11-01 10:51:56','2011-11-01 10:51:56'),(22,'optiosaepequamquibusdam','2011-11-01 10:51:56','2011-11-01 10:51:56'),(23,'teneturnullavoluptatemolestiae','2011-11-01 10:51:56','2011-11-01 10:51:56'),(24,'quaealiquamtemporaomnis','2011-11-01 10:51:56','2011-11-01 10:51:56'),(25,'voluptatumverotemporibus','2011-11-01 10:51:56','2011-11-01 10:51:56'),(26,'sitiureeum','2011-11-01 10:51:56','2011-11-01 10:51:56'),(27,'voluptatemcorporisetpariatur','2011-11-01 10:51:56','2011-11-01 10:51:56'),(28,'quibusdamaddoloret','2011-11-01 10:51:56','2011-11-01 10:51:56'),(29,'asperioresexpeditaestquis','2011-11-01 10:51:56','2011-11-01 10:51:56'),(30,'magnamdolor','2011-11-01 10:51:56','2011-11-01 10:51:56'),(31,'inutatqueexplicabo','2011-11-01 10:51:56','2011-11-01 10:51:56'),(32,'quasihicmolestiaset','2011-11-01 10:51:56','2011-11-01 10:51:56'),(33,'voluptatessunt','2011-11-01 10:51:56','2011-11-01 10:51:56'),(34,'veritatismaxime','2011-11-01 10:51:56','2011-11-01 10:51:56'),(35,'sedutetdolorem','2011-11-01 10:51:56','2011-11-01 10:51:56'),(36,'etquoasperiores','2011-11-01 10:51:56','2011-11-01 10:51:56'),(37,'minusdistinctiosint','2011-11-01 10:51:56','2011-11-01 10:51:56'),(38,'velestnisidicta','2011-11-01 10:51:56','2011-11-01 10:51:56'),(39,'uteosoccaecatiincidunt','2011-11-01 10:51:56','2011-11-01 10:51:56'),(40,'voluptatibusautemerroraperiamut','2011-11-01 10:51:56','2011-11-01 10:51:56'),(41,'voluptatemanimilibero','2011-11-01 10:51:56','2011-11-01 10:51:56'),(42,'beataedebitisporroconsequatur','2011-11-01 10:51:56','2011-11-01 10:51:56'),(43,'sedomnismolestiaereprehenderitenim','2011-11-01 10:51:56','2011-11-01 10:51:56'),(44,'nonillumdoloribussit','2011-11-01 10:51:56','2011-11-01 10:51:56'),(45,'repellendusdoloresvoluptatem','2011-11-01 10:51:56','2011-11-01 10:51:56'),(46,'aliquidnisidoloremque','2011-11-01 10:51:56','2011-11-01 10:51:56'),(47,'numquamseddistinctiovitae','2011-11-01 10:51:56','2011-11-01 10:51:56'),(48,'eumfugiatsuscipitnihilvoluptatem','2011-11-01 10:51:56','2011-11-01 10:51:56'),(49,'omnisoptioquod','2011-11-01 10:51:56','2011-11-01 10:51:56'),(50,'doloresnonreprehenderit','2011-11-01 10:51:56','2011-11-01 10:51:56'),(51,'incorporisperferendisest','2011-11-01 10:51:56','2011-11-01 10:51:56'),(52,'nisiperspiciatisnumquam','2011-11-01 10:51:56','2011-11-01 10:51:56'),(53,'suscipitdistinctiomagniestveniam','2011-11-01 10:51:56','2011-11-01 10:51:56'),(54,'numquamessemodiducimusodit','2011-11-01 10:51:56','2011-11-01 10:51:56'),(55,'omnisvoluptatibustotam','2011-11-01 10:51:56','2011-11-01 10:51:56'),(56,'quirepellendusfuga','2011-11-01 10:51:56','2011-11-01 10:51:56'),(57,'facilistemporibus','2011-11-01 10:51:56','2011-11-01 10:51:56'),(58,'quiaminimaporrodeleniti','2011-11-01 10:51:56','2011-11-01 10:51:56'),(59,'ipsamautemcommodi','2011-11-01 10:51:56','2011-11-01 10:51:56'),(60,'evenietvoluptasvel','2011-11-01 10:51:56','2011-11-01 10:51:56'),(61,'illumeius','2011-11-01 10:51:56','2011-11-01 10:51:56'),(62,'autveroexpeditailloet','2011-11-01 10:51:56','2011-11-01 10:51:56'),(63,'consequaturnonsuntquia','2011-11-01 10:51:56','2011-11-01 10:51:56'),(64,'deleniticommodinisidoloresfuga','2011-11-01 10:51:56','2011-11-01 10:51:56'),(65,'laborumquiinquiaunde','2011-11-01 10:51:56','2011-11-01 10:51:56'),(66,'ipsautin','2011-11-01 10:51:56','2011-11-01 10:51:56'),(67,'sapientedelenitifugiatdolor','2011-11-01 10:51:56','2011-11-01 10:51:56'),(68,'autdelectus','2011-11-01 10:51:56','2011-11-01 10:51:56'),(69,'auteum','2011-11-01 10:51:56','2011-11-01 10:51:56'),(70,'atdignissimoseteumautem','2011-11-01 10:51:56','2011-11-01 10:51:56'),(71,'numquamfuga','2011-11-01 10:51:56','2011-11-01 10:51:56'),(72,'quamcumsedenim','2011-11-01 10:51:56','2011-11-01 10:51:56'),(73,'deleniticumquesuntsit','2011-11-01 10:51:56','2011-11-01 10:51:56'),(74,'temporapraesentiumuterrorconsequatur','2011-11-01 10:51:56','2011-11-01 10:51:56'),(75,'utaut','2011-11-01 10:51:56','2011-11-01 10:51:56'),(76,'temporeblanditiissapiente','2011-11-01 10:51:56','2011-11-01 10:51:56'),(77,'verototamut','2011-11-01 10:51:56','2011-11-01 10:51:56'),(78,'porroutauteaque','2011-11-01 10:51:56','2011-11-01 10:51:56'),(79,'voluptasdictaaliquidsoluta','2011-11-01 10:51:56','2011-11-01 10:51:56'),(80,'voluptatesfacilisistedolorem','2011-11-01 10:51:56','2011-11-01 10:51:56'),(81,'quiquiaearum','2011-11-01 10:51:56','2011-11-01 10:51:56'),(82,'deseruntvelit','2011-11-01 10:51:56','2011-11-01 10:51:56'),(83,'voluptatemmolestiasdoloressimilique','2011-11-01 10:51:56','2011-11-01 10:51:56'),(84,'inciduntsapiente','2011-11-01 10:51:56','2011-11-01 10:51:56'),(85,'eaquedoloribusquia','2011-11-01 10:51:56','2011-11-01 10:51:56'),(86,'veritatissequi','2011-11-01 10:51:56','2011-11-01 10:51:56'),(87,'animidoloremqueminus','2011-11-01 10:51:56','2011-11-01 10:51:56'),(88,'voluptaterepellat','2011-11-01 10:51:56','2011-11-01 10:51:56'),(89,'expeditarepudiandaeetneque','2011-11-01 10:51:56','2011-11-01 10:51:56'),(90,'liberocommodi','2011-11-01 10:51:56','2011-11-01 10:51:56'),(91,'nonnequeundeut','2011-11-01 10:51:56','2011-11-01 10:51:56'),(92,'voluptasenim','2011-11-01 10:51:56','2011-11-01 10:51:56'),(93,'nonnisivoluptatesut','2011-11-01 10:51:56','2011-11-01 10:51:56'),(94,'etvoluptas','2011-11-01 10:51:56','2011-11-01 10:51:56'),(95,'idomnis','2011-11-01 10:51:56','2011-11-01 10:51:56'),(96,'asperioresnequenihil','2011-11-01 10:51:56','2011-11-01 10:51:56'),(97,'aliquidrepudiandaeaccusantiumutaut','2011-11-01 10:51:56','2011-11-01 10:51:56'),(98,'voluptascumquequisenimqui','2011-11-01 10:51:56','2011-11-01 10:51:56'),(99,'veniamfuga','2011-11-01 10:51:56','2011-11-01 10:51:56'),(100,'doloriure','2011-11-01 10:51:56','2011-11-01 10:51:56'),(101,'sedautem','2011-11-01 10:51:56','2011-11-01 10:51:56'),(102,'nisiestdoloremdoloribussaepe','2011-11-01 10:51:56','2011-11-01 10:51:56'),(103,'atqueetaut','2011-11-01 10:51:56','2011-11-01 10:51:56'),(104,'animipariaturtotamtemporibus','2011-11-01 10:51:56','2011-11-01 10:51:56'),(105,'fugitenimsaepesint','2011-11-01 10:51:56','2011-11-01 10:51:56'),(106,'sintducimusnesciuntvoluptateiste','2011-11-01 10:51:56','2011-11-01 10:51:56'),(107,'errorlaudantiumquiavoluptas','2011-11-01 10:51:56','2011-11-01 10:51:56'),(108,'oditquasquisiure','2011-11-01 10:51:56','2011-11-01 10:51:56'),(109,'culpaundevoluptasquidem','2011-11-01 10:51:56','2011-11-01 10:51:56'),(110,'pariaturquam','2011-11-01 10:51:56','2011-11-01 10:51:56'),(111,'illooptiononharumincidunt','2011-11-01 10:51:56','2011-11-01 10:51:56'),(112,'quamadin','2011-11-01 10:51:56','2011-11-01 10:51:56'),(113,'cupiditateearumitaqueautem','2011-11-01 10:51:56','2011-11-01 10:51:56'),(114,'voluptatemveritatis','2011-11-01 10:51:56','2011-11-01 10:51:56'),(115,'iustovero','2011-11-01 10:51:56','2011-11-01 10:51:56'),(116,'teneturnonnonveritatisaut','2011-11-01 10:51:56','2011-11-01 10:51:56'),(117,'nisicorrupti','2011-11-01 10:51:56','2011-11-01 10:51:56'),(118,'cupiditateconsequaturremvoluptatemculpa','2011-11-01 10:51:56','2011-11-01 10:51:56'),(119,'etet','2011-11-01 10:51:56','2011-11-01 10:51:56'),(120,'velitdolorsunt','2011-11-01 10:51:56','2011-11-01 10:51:56'),(121,'impeditquasisapiente','2011-11-01 10:51:56','2011-11-01 10:51:56'),(122,'deseruntestfugiat','2011-11-01 10:51:56','2011-11-01 10:51:56'),(123,'magniquiofficiis','2011-11-01 10:51:56','2011-11-01 10:51:56'),(124,'totamvelvelit','2011-11-01 10:51:56','2011-11-01 10:51:56'),(125,'ipsaetculpaex','2011-11-01 10:51:56','2011-11-01 10:51:56'),(126,'magniquos','2011-11-01 10:51:56','2011-11-01 10:51:56'),(127,'utitaqueexplicaboteneturomnis','2011-11-01 10:51:56','2011-11-01 10:51:56'),(128,'doloresdignissimosquoconsequatur','2011-11-01 10:51:56','2011-11-01 10:51:56'),(129,'rerummaximeconsecteturharumullam','2011-11-01 10:51:56','2011-11-01 10:51:56'),(130,'quaedelectuseosoptio','2011-11-01 10:51:56','2011-11-01 10:51:56'),(131,'voluptatemvel','2011-11-01 10:51:56','2011-11-01 10:51:56'),(132,'recusandaemollitia','2011-11-01 10:51:56','2011-11-01 10:51:56'),(133,'numquamplaceatperferendisiste','2011-11-01 10:51:56','2011-11-01 10:51:56'),(134,'etitaquequis','2011-11-01 10:51:56','2011-11-01 10:51:56'),(135,'sedmollitia','2011-11-01 10:51:56','2011-11-01 10:51:56'),(136,'eligendinonest','2011-11-01 10:51:56','2011-11-01 10:51:56'),(137,'ipsamoditetnatussaepe','2011-11-01 10:51:56','2011-11-01 10:51:56'),(138,'doloremet','2011-11-01 10:51:56','2011-11-01 10:51:56'),(139,'etconsequatursaepe','2011-11-01 10:51:56','2011-11-01 10:51:56'),(140,'quammagnamautemdistinctioest','2011-11-01 10:51:56','2011-11-01 10:51:56'),(141,'autsolutalibero','2011-11-01 10:51:56','2011-11-01 10:51:56'),(142,'maximeminimadolorfacilisautem','2011-11-01 10:51:56','2011-11-01 10:51:56'),(143,'necessitatibuscorruptiabinasperiores','2011-11-01 10:51:56','2011-11-01 10:51:56'),(144,'doloribusat','2011-11-01 10:51:56','2011-11-01 10:51:56'),(145,'quiaidomnisoccaecatidolorem','2011-11-01 10:51:56','2011-11-01 10:51:56'),(146,'ettemporibusvoluptates','2011-11-01 10:51:56','2011-11-01 10:51:56'),(147,'itaquenobisquas','2011-11-01 10:51:56','2011-11-01 10:51:56'),(148,'accusantiumetfugit','2011-11-01 10:51:56','2011-11-01 10:51:56'),(149,'quosaperiamnequevoluptatibus','2011-11-01 10:51:56','2011-11-01 10:51:56'),(150,'essemollitiasunt','2011-11-01 10:51:56','2011-11-01 10:51:56'),(151,'consequaturautemratione','2011-11-01 10:51:56','2011-11-01 10:51:56'),(152,'doloremconsecteturipsumerrorfacilis','2011-11-01 10:51:56','2011-11-01 10:51:56'),(153,'utharumvoluptatem','2011-11-01 10:51:56','2011-11-01 10:51:56'),(154,'teneturperferendisenimnequequia','2011-11-01 10:51:56','2011-11-01 10:51:56'),(155,'eahicsitiureab','2011-11-01 10:51:56','2011-11-01 10:51:56'),(156,'quiasuntvoluptatibus','2011-11-01 10:51:56','2011-11-01 10:51:56'),(157,'eumofficiisquiexpeditaofficia','2011-10-27 00:00:00','2011-10-27 00:00:00'),(158,'quasiliberoquo','2011-10-27 00:00:00','2011-10-27 00:00:00'),(159,'doloremaioresautemsuntdolorem','2011-10-27 00:00:00','2011-10-27 00:00:00'),(160,'itaqueautemsapiente','2011-11-01 10:51:56','2011-11-01 10:51:56'),(161,'sednullanesciuntvoluptatem','2011-11-01 10:51:56','2011-11-01 10:51:56'),(162,'dignissimosautitaque','2011-11-01 10:51:56','2011-11-01 10:51:56'),(163,'sintipsam','2011-11-01 10:51:56','2011-11-01 10:51:56'),(164,'veritatisconsectetur','2011-11-01 10:51:56','2011-11-01 10:51:56'),(165,'omniseaquedoloremcorruptisoluta','2011-11-01 10:51:56','2011-11-01 10:51:56'),(166,'voluptasducimusofficialaboreoccaecati','2011-11-01 10:51:56','2011-11-01 10:51:56'),(167,'temporaomnisautsolutadolorum','2011-11-01 10:51:56','2011-11-01 10:51:56'),(168,'occaecatialias','2011-11-01 10:51:56','2011-11-01 10:51:56'),(169,'quasidnonquidolorum','2011-11-01 10:51:56','2011-11-01 10:51:56'),(170,'excepturideleniti','2011-11-01 10:51:56','2011-11-01 10:51:56'),(171,'molestiaeetmaximefacere','2011-11-01 10:51:56','2011-11-01 10:51:56'),(172,'voluptatemprovident','2011-11-01 10:51:56','2011-11-01 10:51:56'),(173,'idnesciuntexplicabotemporibuset','2011-11-01 10:51:56','2011-11-01 10:51:56'),(174,'dolorsedipsum','2011-11-01 10:51:56','2011-11-01 10:51:56'),(175,'expeditainaccusamuseaneque','2011-11-01 10:51:56','2011-11-01 10:51:56'),(176,'rerumassumendafugiatquinatus','2011-11-01 10:51:56','2011-11-01 10:51:56'),(177,'veroetnullasit','2011-11-01 10:51:56','2011-11-01 10:51:56'),(178,'cupiditateasperioresquipossimusquam','2011-10-27 00:00:00','2011-10-27 00:00:00'),(179,'sitvoluptatemnesciunt','2011-10-27 00:00:00','2011-10-27 00:00:00'),(180,'seddoloresexercitationemin','2011-10-27 00:00:00','2011-10-27 00:00:00'),(181,'doloremlaudantium','2011-10-27 00:00:00','2011-10-27 00:00:00'),(182,'eanostrumqui','2011-10-27 00:00:00','2011-10-27 00:00:00'),(183,'atquevoluptatem','2011-11-01 10:51:56','2011-11-01 10:51:56'),(184,'uteiusoditundeiure','2011-11-01 10:51:56','2011-11-01 10:51:56'),(185,'quiareprehenderitsedut','2011-11-01 10:51:56','2011-11-01 10:51:56'),(186,'idvelitnon','2011-11-01 10:51:56','2011-11-01 10:51:56'),(187,'dolorumiureoptiofugiat','2011-11-01 10:51:56','2011-11-01 10:51:56'),(188,'adipiscicorruptiet','2011-11-01 10:51:56','2011-11-01 10:51:56'),(189,'corporisaspernatur','2011-11-01 10:51:56','2011-11-01 10:51:56'),(190,'quiaestfacilis','2011-11-01 10:51:56','2011-11-01 10:51:56'),(191,'aperiamquoddoloradipisci','2011-11-01 10:51:56','2011-11-01 10:51:56'),(192,'eiuseaquetemporaomnisdeserunt','2011-11-01 10:51:56','2011-11-01 10:51:56'),(193,'reprehenderitat','2011-11-01 10:51:56','2011-11-01 10:51:56'),(194,'accusantiumtemporevelipsa','2011-11-01 10:51:56','2011-11-01 10:51:56'),(195,'adipiscietsiteiusfacilis','2011-11-01 10:51:56','2011-11-01 10:51:56'),(196,'voluptatummodi','2011-11-01 10:51:56','2011-11-01 10:51:56'),(197,'nisiutmagnamcumqui','2011-11-01 10:51:56','2011-11-01 10:51:56'),(198,'quaefacilisveritatis','2011-11-01 10:51:56','2011-11-01 10:51:56'),(199,'etquasisequiaut','2011-11-01 10:51:56','2011-11-01 10:51:56'),(200,'eaqueducimusitaque','2011-11-01 10:51:56','2011-11-01 10:51:56'),(201,'possimusbeatae','2011-11-01 10:51:56','2011-11-01 10:51:56'),(202,'omnisaliquidfugiat','2011-11-01 10:51:56','2011-11-01 10:51:56'),(203,'doloresteneturaspernatur','2011-11-01 10:51:56','2011-11-01 10:51:56'),(204,'quamtemporeexpeditamaxime','2011-11-01 10:51:56','2011-11-01 10:51:56'),(205,'consequaturetpariaturofficiavoluptate','2011-11-01 10:51:56','2011-11-01 10:51:56'),(206,'utreiciendis','2011-11-01 10:51:56','2011-11-01 10:51:56'),(207,'eaqueinsintetmolestiae','2011-11-01 10:51:56','2011-11-01 10:51:56'),(208,'etillumfacilisvoluptatem','2011-11-01 10:51:56','2011-11-01 10:51:56'),(209,'evenieteaquedignissimosaperiamconsequatur','2011-11-01 10:51:56','2011-11-01 10:51:56'),(210,'maximeaccusantiumqui','2011-11-01 10:51:56','2011-11-01 10:51:56'),(211,'enimutenimvelit','2011-11-01 10:51:56','2011-11-01 10:51:56'),(212,'ipsamporroquiquimolestiae','2011-11-01 10:51:56','2011-11-01 10:51:56'),(213,'liberonostrum','2011-11-01 10:51:56','2011-11-01 10:51:56'),(214,'doloremvoluptatumin','2011-11-01 10:51:56','2011-11-01 10:51:56'),(215,'etillovelit','2011-11-01 10:51:56','2011-11-01 10:51:56'),(216,'minusdoloremquiamaiores','2011-11-01 10:51:56','2011-11-01 10:51:56'),(217,'similiqueofficiaquinostrum','2011-11-01 10:51:56','2011-11-01 10:51:56'),(218,'consequaturpariaturquisvelit','2011-11-01 10:51:56','2011-11-01 10:51:56'),(219,'cumeumetutratione','2011-11-01 10:51:56','2011-11-01 10:51:56'),(220,'dolormodiofficiislaudantiumdolorem','2011-11-01 10:51:56','2011-11-01 10:51:56'),(221,'fugiatquia','2011-10-26 11:12:26','2011-10-26 11:12:26'),(222,'commodirepellendusdelenitisednon','2011-10-26 11:12:26','2011-10-26 11:12:26'),(223,'voluptatibusaccusamuseosestquod','2011-10-26 11:12:26','2011-10-26 11:12:26'),(224,'estea','2011-10-26 11:12:26','2011-10-26 11:12:26'),(225,'voluptatemperferendis','2011-10-26 11:12:26','2011-10-26 11:12:26'),(226,'velquisofficia','2011-10-26 11:12:26','2011-10-26 11:12:26'),(227,'saepeestutoccaecatiaut','2011-10-26 11:12:26','2011-10-26 11:12:26'),(228,'autconsequaturnecessitatibusoptio','2011-10-26 11:12:27','2011-10-26 11:12:27'),(229,'excepturidignissimosinanimiqui','2011-10-26 11:12:27','2011-10-26 11:12:27'),(230,'veroundecorporisvitaecommodi','2011-10-26 11:12:27','2011-10-26 11:12:27'),(231,'undealiquamoptioconsequatur','2011-10-26 11:12:27','2011-10-26 11:12:27'),(232,'doloremlaudantiumdoloreseum','2011-10-26 11:12:27','2011-10-26 11:12:27'),(233,'etvoluptatemarchitectocorrupti','2011-10-26 11:12:27','2011-10-26 11:12:27'),(234,'expeditasolutacumaliasdeleniti','2011-10-26 11:12:27','2011-10-26 11:12:27'),(235,'enimreprehenderit','2011-10-26 11:12:27','2011-10-26 11:12:27'),(236,'nemovoluptatemcumquis','2011-10-26 11:12:27','2011-10-26 11:12:27'),(237,'mollitiarepudiandae','2011-10-26 11:12:27','2011-10-26 11:12:27'),(238,'suscipitveronostrumofficiisut','2011-10-26 11:12:27','2011-10-26 11:12:27'),(239,'oditexaccusamussedipsam','2011-10-31 01:48:51','2011-10-31 01:48:51'),(240,'quiprovident','2011-10-31 01:48:51','2011-10-31 01:48:51'),(241,'evenietquiquia','2011-10-31 01:48:51','2011-10-31 01:48:51'),(242,'etquibusdamnostrumeumvoluptas','2011-10-31 01:48:51','2011-10-31 01:48:51'),(243,'omnisveniammaioresetsuscipit','2011-10-29 09:41:59','2011-10-29 09:41:59'),(244,'quisdoloremnon','2011-10-29 09:41:59','2011-10-29 09:41:59'),(245,'eiusutnobiserrorconsequuntur','2011-10-29 09:42:00','2011-10-29 09:42:00'),(246,'utestsedautin','2011-10-29 09:42:00','2011-10-29 09:42:00'),(247,'quialiquidexpeditaipsam','2011-10-29 09:42:00','2011-10-29 09:42:00'),(248,'officiisquiacum','2011-10-29 09:42:00','2011-10-29 09:42:00'),(249,'istecupiditateipsumdoloribusvelit','2011-10-29 09:42:00','2011-10-29 09:42:00'),(250,'noneaque','2011-11-01 10:51:56','2011-11-01 10:51:56'),(251,'etetrecusandaequi','2011-11-01 10:51:56','2011-11-01 10:51:56'),(252,'expeditaquibusdamlaboriosamnobis','2011-11-01 10:51:56','2011-11-01 10:51:56'),(253,'etquo','2011-11-01 10:51:56','2011-11-01 10:51:56'),(254,'sapientequidem','2011-11-01 10:51:56','2011-11-01 10:51:56'),(255,'omnisalias','2011-11-01 10:51:56','2011-11-01 10:51:56'),(256,'mollitiavoluptatessuscipitest','2011-11-01 10:51:56','2011-11-01 10:51:56'),(257,'omnisest','2011-11-01 10:51:56','2011-11-01 10:51:56'),(258,'occaecatiipsumdignissimosducimus','2011-11-01 10:51:56','2011-11-01 10:51:56'),(259,'possimuscum','2011-11-01 10:51:56','2011-11-01 10:51:56'),(260,'modiqui','2011-11-01 10:51:56','2011-11-01 10:51:56'),(261,'suntquissolutaaccusamus','2011-11-01 10:51:56','2011-11-01 10:51:56'),(262,'itaquerecusandaeeveniet','2011-11-01 10:51:56','2011-11-01 10:51:56'),(263,'abaspernaturaliquamutaut','2011-11-01 10:51:56','2011-11-01 10:51:56'),(264,'velitvel','2011-11-01 10:51:56','2011-11-01 10:51:56'),(265,'voluptatibusetquiet','2011-11-01 10:51:56','2011-11-01 10:51:56'),(266,'accusantiumfacilis','2011-11-01 10:51:56','2011-11-01 10:51:56');
/*!40000 ALTER TABLE `suppliers` ENABLE KEYS */;
UNLOCK TABLES;

--
-- Table structure for table `users`
--

DROP TABLE IF EXISTS `users`;
/*!40101 SET @saved_cs_client     = @@character_set_client */;
/*!40101 SET character_set_client = utf8 */;
CREATE TABLE `users` (
  `id` int(11) NOT NULL AUTO_INCREMENT,
  `login` varchar(255) COLLATE utf8_unicode_ci DEFAULT NULL,
  `firstname` varchar(255) COLLATE utf8_unicode_ci DEFAULT NULL,
  `lastname` varchar(255) COLLATE utf8_unicode_ci DEFAULT NULL,
  `phone` varchar(255) COLLATE utf8_unicode_ci DEFAULT NULL,
  `authentication_system_id` int(11) DEFAULT '1',
  `unique_id` varchar(255) COLLATE utf8_unicode_ci DEFAULT NULL,
  `email` varchar(255) COLLATE utf8_unicode_ci DEFAULT NULL,
  `badge_id` varchar(255) COLLATE utf8_unicode_ci DEFAULT NULL,
  `address` varchar(255) COLLATE utf8_unicode_ci DEFAULT NULL,
  `city` varchar(255) COLLATE utf8_unicode_ci DEFAULT NULL,
  `zip` varchar(255) COLLATE utf8_unicode_ci DEFAULT NULL,
  `country` varchar(255) COLLATE utf8_unicode_ci DEFAULT NULL,
  `language_id` int(11) DEFAULT NULL,
  `extended_info` text COLLATE utf8_unicode_ci,
  `settings` varchar(1024) COLLATE utf8_unicode_ci DEFAULT NULL,
  `created_at` datetime DEFAULT NULL,
  `updated_at` datetime DEFAULT NULL,
  `delegator_user_id` int(11) DEFAULT NULL,
  PRIMARY KEY (`id`),
  KEY `index_users_on_authentication_system_id` (`authentication_system_id`)
) ENGINE=InnoDB AUTO_INCREMENT=37 DEFAULT CHARSET=utf8 COLLATE=utf8_unicode_ci;
/*!40101 SET character_set_client = @saved_cs_client */;

--
-- Dumping data for table `users`
--

LOCK TABLES `users` WRITE;
/*!40000 ALTER TABLE `users` DISABLE KEYS */;
INSERT INTO `users` VALUES (1,'gino','Gino','F.','0169772632',1,'hgc4u1af11wgywurqo','gino@zhdk.ch','env0djy645y9hi5uwa','749 Lind Roads','Joanaburgh','V-C0M 1BL','Virgin Islands, British',2,NULL,'--- !ruby/hash:ActiveSupport::HashWithIndifferentAccess {}\n','2011-11-01 10:51:56','2011-11-01 10:51:56',NULL),(2,'ramon','Ramon','C.','08404499255',1,'r8zgu7zsss6zhp2ri1','ramon@zhdk.ch','wia4kwz1z9p50l32cv','2975 Hellen Divide','Rodriguezmouth','T-UQ6B 3PB','Turks and Caicos Islands',2,NULL,'--- !ruby/hash:ActiveSupport::HashWithIndifferentAccess {}\n','2011-11-01 10:51:56','2011-11-01 10:51:56',NULL),(3,'chester_anderson_4106','Shanelle','Runolfsson','01619538357',1,'a2rjyrnx49jeohv25n','barton_osinski@rutherfordkeebler.info','orao5ags4gb7xawpif','3682 Hane Burgs','Port Lindaside','T-W9A 4AW','Togo',1,NULL,'--- !ruby/hash:ActiveSupport::HashWithIndifferentAccess {}\n','2011-11-01 10:51:56','2011-11-01 10:51:56',NULL),(4,'jacky_3225','Keven','Stark','0800721606',1,'l5yrt22346xp01czch','vella.hoppe@erdmanmurray.name','anh58s3gvxont8tg5p','4676 Elinor Neck','Bruenberg','H-WA4 1LA','Honduras',1,NULL,'--- !ruby/hash:ActiveSupport::HashWithIndifferentAccess {}\n','2011-11-01 10:51:56','2011-11-01 10:51:56',NULL),(5,'mckenzie_7961','Sabryna','Emmerich','0800741110',1,'bv457tan9d1s00km24','jamel_heidenreich@beatty.name','fi51a05x3ar9i7ame2','7001 Pete Roads','Dachhaven','T-WL17 6BJ','Turks and Caicos Islands',1,NULL,'--- !ruby/hash:ActiveSupport::HashWithIndifferentAccess {}\n','2011-11-01 10:51:56','2011-11-01 10:51:56',NULL),(6,'eleazar.wisoky_6305','Monserrate','Franecki','08006211334',1,'iv7kingkohnh20tkq5','delphine@lindgrenkub.biz','lmvbqcd4kklaxwvhal','8898 Prosacco Crescent','Lake Merlinborough','I-A9 5BG','Italy',1,NULL,'--- !ruby/hash:ActiveSupport::HashWithIndifferentAccess {}\n','2011-11-01 10:51:56','2011-11-01 10:51:56',NULL),(7,'augusta.dubuque_8866','Matt','Upton','0500529638',1,'g5so82ncrfx3qrn163','emiliano@brekkelebsack.biz','fefg5x3w4unqa8wtot','3603 Kub Dam','West Zoraburgh','D-ZK7X 0AU','Dominican Republic',1,NULL,'--- !ruby/hash:ActiveSupport::HashWithIndifferentAccess {}\n','2011-11-01 10:51:56','2011-11-01 10:51:56',NULL),(8,'naomi_9020','Evan','Frami','0800970721',1,'p9lnzifhxuhwd5fned','precious.kuhic@maggioreichel.com','0rxsqro06hlf5uhwbj','5562 Eileen Crescent','Lake Rodrigo','C-Y7 2LZ','Cocos (Keeling) Islands',1,NULL,'--- !ruby/hash:ActiveSupport::HashWithIndifferentAccess {}\n','2011-11-01 10:51:56','2011-11-01 10:51:56',NULL),(9,'matti','Matti','S.','05689656925',1,'en6x3jm5w788jhpsjs','matti@zhdk.ch','jn7hdoij2m2ud4rgrs','4304 Lula Forges','North Hazle','J-Z4Y 9BR','Jordan',2,NULL,'--- !ruby/hash:ActiveSupport::HashWithIndifferentAccess {}\n','2011-11-01 10:51:56','2011-11-01 10:51:56',NULL),(10,'mike','Mike','H.','0162335067',1,'z5tzpc610m69gocm1z','mike@zhdk.ch','zzsddhcn5vwup83ags','669 Bogisich Haven','Henryville','P-W1Y 9LB','Palestinian Territory',2,NULL,'--- !ruby/hash:ActiveSupport::HashWithIndifferentAccess {}\n','2011-11-01 10:51:56','2011-11-01 10:51:56',NULL),(11,'pius','Pius','Zieme','08400623777',1,'2jg9x4pw1z9vsurrx8','pius@zhdk.ch','lckckkqkwv7goco3mz','933 Lilian Wall','West Bernadette','Z-YA1X 8AP','Zambia',2,NULL,'--- !ruby/hash:ActiveSupport::HashWithIndifferentAccess {}\n','2011-11-01 10:51:56','2011-11-01 10:51:56',NULL),(12,'peter','Peter','Silie','0800813272',1,'8fvvcxkg1gowsabo8p','peter@silie.com','eb9c27n8nplzqmcdeq','86533 Waters Rest','Port Columbus','B-W4 8TA','Bulgaria',2,NULL,'--- !ruby/hash:ActiveSupport::HashWithIndifferentAccess {}\n','2011-11-01 10:51:56','2011-11-01 10:51:56',NULL),(13,'violette_grant_3460','Lurline','Jacobs','0800657714',1,'m2fxwclcr1ijfupkk6','kendrick@predovic.co.uk','bqcyp1nqitj8eb8se5','8737 Dolores Lakes','South Russel','R-S8P 1JJ','Reunion',1,NULL,'--- !ruby/hash:ActiveSupport::HashWithIndifferentAccess {}\n','2011-11-01 10:51:56','2011-11-01 10:51:56',NULL),(14,'david_9683','Melyna','Blanda','03446579307',1,'c23iliptcttwr0f3wx','guillermo_wuckert@ziemekuhic.biz','vlnr27qt27ce8sf2p5','1807 Orin Path','Micaelahaven','A-Y2 2JJ','Angola',1,NULL,'--- !ruby/hash:ActiveSupport::HashWithIndifferentAccess {}\n','2011-11-01 10:51:56','2011-11-01 10:51:56',NULL),(15,'leone_169','Colton','Treutel','0800871786',1,'mtavzg0jjkt0p5mwh3','kelvin_spinka@herzog.name','gxv7j5yxtjvddsc4ez','324 Ellis Meadows','Joaquinton','R-UQ8H 9WH','Russian Federation',1,NULL,'--- !ruby/hash:ActiveSupport::HashWithIndifferentAccess {}\n','2011-11-01 10:51:56','2011-11-01 10:51:56',NULL),(16,'marcelle_3478','Cordelia','Hand','0800314124',1,'fnoijp4jox5rp4at15','otilia@welch.info','1h97yxw7pky74ig5d9','8678 Buckridge Coves','East Vallieborough','L-MA3 2SY','Luxembourg',1,NULL,'--- !ruby/hash:ActiveSupport::HashWithIndifferentAccess {}\n','2011-11-01 10:51:56','2011-11-01 10:51:56',NULL),(17,'janet.blick_995','Halie','Spinka','01155205733',1,'r74y0ccyup6jq7tcat','valerie@colewindler.name','75he2opqxeollz9af1','12867 Elmo Ridge','Tadville','Q-W8 6JY','Qatar',1,NULL,'--- !ruby/hash:ActiveSupport::HashWithIndifferentAccess {}\n','2011-10-27 00:00:00','2011-10-27 00:00:00',NULL),(18,'violette_1619','Ismael','Rempel','02543668979',1,'08o0brkzu8mi288rkw','dagmar@crooks.co.uk','so3n7fcy9x71te69gs','5179 Rylee Junction','Monaview','A-Z3 1NB','Australia',1,NULL,'--- !ruby/hash:ActiveSupport::HashWithIndifferentAccess {}\n','2011-10-27 00:00:00','2011-10-27 00:00:00',NULL),(19,'jermey_2250','Garett','Schamberger','05620887612',1,'pzdlnfh6gsqeccsx0z','mustafa.wolf@veum.com','ovlhdruve5x7su0s0z','7583 Zboncak Junction','Veumport','R-ZA8 6LW','Reunion',1,NULL,'--- !ruby/hash:ActiveSupport::HashWithIndifferentAccess {}\n','2011-11-01 10:51:56','2011-11-01 10:51:56',NULL),(20,'micah_7907','Moriah','Kuhic','0169777796',1,'o80msqoodvgxakkybr','kamille_moore@nicolas.com','bl6lnsn2mt5l0izguc','286 Alene Falls','Gibsonchester','S-Z3A 8XL','Sao Tome and Principe',1,NULL,'--- !ruby/hash:ActiveSupport::HashWithIndifferentAccess {}\n','2011-11-01 10:51:56','2011-11-01 10:51:56',NULL),(21,'mina','Mina','Beer','01942361074',1,'bs4fjdv7rlp9ohxcsr','mina@zhdk.ch','xgtv0ubs0zx988a6vq','647 Reinhold Trace','Abdielbury','T-Z3 8ZJ','Turks and Caicos Islands',1,NULL,'--- !ruby/hash:ActiveSupport::HashWithIndifferentAccess {}\n','2011-11-01 10:51:56','2011-11-01 10:51:56',NULL),(22,'julie','Julie','Kovacek','09273829423',1,'btvs6rbgw8rjh15iso','julie@zhdk.ch','bgqrw7vqyqk4pt1sx2','528 Towne Wall','Port Ashlynn','L-W6 0LX','Lithuania',1,NULL,'--- !ruby/hash:ActiveSupport::HashWithIndifferentAccess {}\n','2011-11-01 10:51:56','2011-11-01 10:51:56',NULL),(23,NULL,'Molestiae et nostrum velit est sed.',NULL,NULL,NULL,NULL,NULL,NULL,NULL,NULL,NULL,NULL,1,NULL,'--- !ruby/hash:ActiveSupport::HashWithIndifferentAccess {}\n','2011-11-01 10:51:56','2011-11-01 10:51:56',22),(24,NULL,'Atque vitae aut qui quidem aspernatur perspiciatis distinctio.',NULL,NULL,NULL,NULL,NULL,NULL,NULL,NULL,NULL,NULL,1,NULL,'--- !ruby/hash:ActiveSupport::HashWithIndifferentAccess {}\n','2011-11-01 10:51:56','2011-11-01 10:51:56',21),(25,NULL,'Sint odit atque mollitia distinctio.',NULL,NULL,NULL,NULL,NULL,NULL,NULL,NULL,NULL,NULL,1,NULL,'--- !ruby/hash:ActiveSupport::HashWithIndifferentAccess {}\n','2011-11-01 10:51:56','2011-11-01 10:51:56',21),(26,NULL,'Qui aut voluptatem ex.',NULL,NULL,NULL,NULL,NULL,NULL,NULL,NULL,NULL,NULL,1,NULL,'--- !ruby/hash:ActiveSupport::HashWithIndifferentAccess {}\n','2011-11-01 10:51:56','2011-11-01 10:51:56',21),(27,'normin','Normin','N.','0500652265',1,'l7gqw7vuib2voofu1s','normin@zhdk.ch','58lzz1nhfgu8kzimla','2070 Welch Knolls','Port Justineburgh','P-CH7N 2BJ','Portugal',2,NULL,'--- !ruby/hash:ActiveSupport::HashWithIndifferentAccess {}\n','2011-11-01 10:51:56','2011-11-01 10:51:56',NULL),(28,'petra','Petra','K.','01424823109',1,'trfqprl5fs9ggdxymu','petra@zhdk.ch','4clhyancph3dhqtbxu','32090 Kobe Greens, ','Chetburgh','M-WA3B 3AJ','Macao',2,NULL,'--- !ruby/hash:ActiveSupport::HashWithIndifferentAccess {}\n','2011-11-01 10:51:56','2011-11-01 10:51:56',NULL),(29,'andi','Andi','Dare','0169774050',1,'mtzg81lx3f8bevx93i','andi@zhdk.ch','sydjqj48afuo9gw83k','7473 Nathanial Mountains','North Cristobalborough','N-UC8 2NL','Netherlands',2,NULL,'--- !ruby/hash:ActiveSupport::HashWithIndifferentAccess {}\n','2011-11-01 10:51:56','2011-11-01 10:51:56',NULL),(30,'paige.leuschke_5018','Brenden','Gerlach','01612971666',1,'n7rr14agx50dxjmr41','beau_stark@kozey.info','eacfhqc4x430m9avpx','200 Hilma Vista','Letitiaside','I-Z1 4WD','Isle of Man',2,NULL,'--- !ruby/hash:ActiveSupport::HashWithIndifferentAccess {}\n','2011-11-01 10:51:56','2011-11-01 10:51:56',NULL),(31,'austen_408','Nathaniel','Roberts','08460790987',1,'uwxw8kfza5ebumj64g','chase_anderson@williamsonbreitenberg.info','zs70l9wayai8csvjaj','7572 Loyce Brook','Shaniatown','C-TV0 0JH','Cote d\'Ivoire',1,NULL,'--- !ruby/hash:ActiveSupport::HashWithIndifferentAccess {}\n','2011-11-01 10:51:56','2011-11-01 10:51:56',NULL),(32,'abigail_kemmer_493','Amir','Considine','09697730038',1,'qkcckv2tw9ofceh92y','betsy_mann@greenholt.com','1tn0hv2o285st36ogz','56873 Haag Ports','Mylenefort','K-Z3P 6LA','Kiribati',1,NULL,'--- !ruby/hash:ActiveSupport::HashWithIndifferentAccess {}\n','2011-11-01 10:51:56','2011-11-01 10:51:56',NULL),(33,'eryn_7517','Nelda','Wiegand','0800692676',1,'542wesj9r0yaeeciji','diego@roberts.info','5ru9l4wetlpp3jo59f','46056 Kulas Ridge','New Deltastad','D-FR7 0DQ','Dominican Republic',1,NULL,'--- !ruby/hash:ActiveSupport::HashWithIndifferentAccess {}\n','2011-11-01 10:51:56','2011-11-01 10:51:56',NULL),(34,'audie_heathcote_2033','Meagan','Shields','09312400747',1,'8l1m1s01vmovfkr04y','marco@gleason.com','w8ruspettr9n09n9y7','7069 Rafaela Extension','New Mariela','N-FP7 5LY','Niger',1,NULL,'--- !ruby/hash:ActiveSupport::HashWithIndifferentAccess {}\n','2011-11-01 10:51:56','2011-11-01 10:51:56',NULL),(35,'ansel_9165','Imelda','Fay','09493168038',1,'tqhy47ufp7uep1gsai','troy.harvey@schroederjaskolski.name','dh9n2weh13wc1iijkj','4063 Quitzon Estates','Josefinabury','K-G98 5AL','Kenya',1,NULL,'--- !ruby/hash:ActiveSupport::HashWithIndifferentAccess {}\n','2011-11-01 10:51:56','2011-11-01 10:51:56',NULL),(36,'lisa','Lisa','L.','09856834789',1,'04rs5fbt0bffapx440','lisa@zhdk.ch','xy4qn6diochyb5i17p','70424 Arturo Run','Buckridgeton','C-Y0 5AB','Costa Rica',2,NULL,'--- !ruby/hash:ActiveSupport::HashWithIndifferentAccess {}\n','2011-11-01 10:51:56','2011-11-01 10:51:56',NULL);
/*!40000 ALTER TABLE `users` ENABLE KEYS */;
UNLOCK TABLES;

--
-- Temporary table structure for view `visit_lines`
--

DROP TABLE IF EXISTS `visit_lines`;
/*!50001 DROP VIEW IF EXISTS `visit_lines`*/;
SET @saved_cs_client     = @@character_set_client;
SET character_set_client = utf8;
/*!50001 CREATE TABLE `visit_lines` (
  `visit_id` tinyint NOT NULL,
  `inventory_pool_id` tinyint NOT NULL,
  `user_id` tinyint NOT NULL,
  `delegated_user_id` tinyint NOT NULL,
  `status` tinyint NOT NULL,
  `action` tinyint NOT NULL,
  `date` tinyint NOT NULL,
  `quantity` tinyint NOT NULL,
  `contract_line_id` tinyint NOT NULL
) ENGINE=MyISAM */;
SET character_set_client = @saved_cs_client;

--
-- Temporary table structure for view `visits`
--

DROP TABLE IF EXISTS `visits`;
/*!50001 DROP VIEW IF EXISTS `visits`*/;
SET @saved_cs_client     = @@character_set_client;
SET character_set_client = utf8;
/*!50001 CREATE TABLE `visits` (
  `id` tinyint NOT NULL,
  `inventory_pool_id` tinyint NOT NULL,
  `user_id` tinyint NOT NULL,
  `status` tinyint NOT NULL,
  `action` tinyint NOT NULL,
  `date` tinyint NOT NULL,
  `quantity` tinyint NOT NULL
) ENGINE=MyISAM */;
SET character_set_client = @saved_cs_client;

--
-- Table structure for table `workdays`
--

DROP TABLE IF EXISTS `workdays`;
/*!40101 SET @saved_cs_client     = @@character_set_client */;
/*!40101 SET character_set_client = utf8 */;
CREATE TABLE `workdays` (
  `id` int(11) NOT NULL AUTO_INCREMENT,
  `inventory_pool_id` int(11) DEFAULT NULL,
  `monday` tinyint(1) DEFAULT '1',
  `tuesday` tinyint(1) DEFAULT '1',
  `wednesday` tinyint(1) DEFAULT '1',
  `thursday` tinyint(1) DEFAULT '1',
  `friday` tinyint(1) DEFAULT '1',
  `saturday` tinyint(1) DEFAULT '0',
  `sunday` tinyint(1) DEFAULT '0',
  PRIMARY KEY (`id`),
  KEY `index_workdays_on_inventory_pool_id` (`inventory_pool_id`)
) ENGINE=InnoDB AUTO_INCREMENT=16 DEFAULT CHARSET=utf8 COLLATE=utf8_unicode_ci;
/*!40101 SET character_set_client = @saved_cs_client */;

--
-- Dumping data for table `workdays`
--

LOCK TABLES `workdays` WRITE;
/*!40000 ALTER TABLE `workdays` DISABLE KEYS */;
INSERT INTO `workdays` VALUES (1,1,1,1,1,1,1,0,0),(2,2,1,1,1,1,1,0,0),(3,3,1,1,1,1,1,0,0),(4,4,1,1,1,1,1,0,0),(5,5,1,1,1,1,1,0,0),(6,6,1,1,1,1,1,0,0),(7,7,1,1,1,1,1,0,0),(8,8,1,1,1,1,1,0,0),(9,9,1,1,1,1,1,0,0),(10,10,1,1,1,1,1,0,0),(11,11,1,1,1,1,1,0,0),(12,12,1,1,1,1,1,0,0),(13,13,1,1,1,1,1,0,0),(14,14,1,1,1,1,1,0,0),(15,15,1,1,1,1,1,0,0);
/*!40000 ALTER TABLE `workdays` ENABLE KEYS */;
UNLOCK TABLES;

--
-- Final view structure for view `partitions_with_generals`
--

/*!50001 DROP TABLE IF EXISTS `partitions_with_generals`*/;
/*!50001 DROP VIEW IF EXISTS `partitions_with_generals`*/;
/*!50001 SET @saved_cs_client          = @@character_set_client */;
/*!50001 SET @saved_cs_results         = @@character_set_results */;
/*!50001 SET @saved_col_connection     = @@collation_connection */;
/*!50001 SET character_set_client      = utf8 */;
/*!50001 SET character_set_results     = utf8 */;
/*!50001 SET collation_connection      = utf8_general_ci */;
/*!50001 CREATE ALGORITHM=UNDEFINED */
/*!50001 VIEW `partitions_with_generals` AS select `partitions`.`model_id` AS `model_id`,`partitions`.`inventory_pool_id` AS `inventory_pool_id`,`partitions`.`group_id` AS `group_id`,`partitions`.`quantity` AS `quantity` from `partitions` union select `i`.`model_id` AS `model_id`,`i`.`inventory_pool_id` AS `inventory_pool_id`,NULL AS `group_id`,(count(`i`.`id`) - ifnull((select sum(`p`.`quantity`) from `partitions` `p` where ((`p`.`model_id` = `i`.`model_id`) and (`p`.`inventory_pool_id` = `i`.`inventory_pool_id`)) group by `p`.`inventory_pool_id`,`p`.`model_id`),0)) AS `quantity` from `items` `i` where (isnull(`i`.`retired`) and (`i`.`is_borrowable` = 1) and isnull(`i`.`parent_id`)) group by `i`.`inventory_pool_id`,`i`.`model_id` */;
/*!50001 SET character_set_client      = @saved_cs_client */;
/*!50001 SET character_set_results     = @saved_cs_results */;
/*!50001 SET collation_connection      = @saved_col_connection */;

--
-- Final view structure for view `visit_lines`
--

/*!50001 DROP TABLE IF EXISTS `visit_lines`*/;
/*!50001 DROP VIEW IF EXISTS `visit_lines`*/;
/*!50001 SET @saved_cs_client          = @@character_set_client */;
/*!50001 SET @saved_cs_results         = @@character_set_results */;
/*!50001 SET @saved_col_connection     = @@collation_connection */;
/*!50001 SET character_set_client      = utf8 */;
/*!50001 SET character_set_results     = utf8 */;
/*!50001 SET collation_connection      = utf8_general_ci */;
/*!50001 CREATE ALGORITHM=UNDEFINED */
/*!50001 VIEW `visit_lines` AS select hex(concat_ws('_',if((`c`.`status` = 'approved'),`cl`.`start_date`,`cl`.`end_date`),`c`.`inventory_pool_id`,`c`.`user_id`,`c`.`status`)) AS `visit_id`,`c`.`inventory_pool_id` AS `inventory_pool_id`,`c`.`user_id` AS `user_id`,`c`.`delegated_user_id` AS `delegated_user_id`,`c`.`status` AS `status`,if((`c`.`status` = 'approved'),'hand_over','take_back') AS `action`,if((`c`.`status` = 'approved'),`cl`.`start_date`,`cl`.`end_date`) AS `date`,`cl`.`quantity` AS `quantity`,`cl`.`id` AS `contract_line_id` from (`contract_lines` `cl` join `contracts` `c` on((`cl`.`contract_id` = `c`.`id`))) where ((`c`.`status` in ('approved','signed')) and isnull(`cl`.`returned_date`)) order by if((`c`.`status` = 'approved'),`cl`.`start_date`,`cl`.`end_date`) */;
/*!50001 SET character_set_client      = @saved_cs_client */;
/*!50001 SET character_set_results     = @saved_cs_results */;
/*!50001 SET collation_connection      = @saved_col_connection */;

--
-- Final view structure for view `visits`
--

/*!50001 DROP TABLE IF EXISTS `visits`*/;
/*!50001 DROP VIEW IF EXISTS `visits`*/;
/*!50001 SET @saved_cs_client          = @@character_set_client */;
/*!50001 SET @saved_cs_results         = @@character_set_results */;
/*!50001 SET @saved_col_connection     = @@collation_connection */;
/*!50001 SET character_set_client      = utf8 */;
/*!50001 SET character_set_results     = utf8 */;
/*!50001 SET collation_connection      = utf8_general_ci */;
/*!50001 CREATE ALGORITHM=UNDEFINED */
/*!50001 VIEW `visits` AS select hex(concat_ws('_',`visit_lines`.`date`,`visit_lines`.`inventory_pool_id`,`visit_lines`.`user_id`,`visit_lines`.`status`)) AS `id`,`visit_lines`.`inventory_pool_id` AS `inventory_pool_id`,`visit_lines`.`user_id` AS `user_id`,`visit_lines`.`status` AS `status`,`visit_lines`.`action` AS `action`,`visit_lines`.`date` AS `date`,sum(`visit_lines`.`quantity`) AS `quantity` from `visit_lines` group by `visit_lines`.`user_id`,`visit_lines`.`status`,`visit_lines`.`date`,`visit_lines`.`inventory_pool_id` */;
/*!50001 SET character_set_client      = @saved_cs_client */;
/*!50001 SET character_set_results     = @saved_cs_results */;
/*!50001 SET collation_connection      = @saved_col_connection */;
/*!40103 SET TIME_ZONE=@OLD_TIME_ZONE */;

/*!40101 SET SQL_MODE=@OLD_SQL_MODE */;
/*!40014 SET FOREIGN_KEY_CHECKS=@OLD_FOREIGN_KEY_CHECKS */;
/*!40014 SET UNIQUE_CHECKS=@OLD_UNIQUE_CHECKS */;
/*!40101 SET CHARACTER_SET_CLIENT=@OLD_CHARACTER_SET_CLIENT */;
/*!40101 SET CHARACTER_SET_RESULTS=@OLD_CHARACTER_SET_RESULTS */;
/*!40101 SET COLLATION_CONNECTION=@OLD_COLLATION_CONNECTION */;
/*!40111 SET SQL_NOTES=@OLD_SQL_NOTES */;

-- Dump completed on 2014-09-05 11:34:21
COMMIT;
