SET autocommit=0; SET unique_checks=0; SET foreign_key_checks=0;
-- MySQL dump 10.13  Distrib 5.1.48, for apple-darwin10.3.0 (i386)
--
-- Host: localhost    Database: leihs2_test
-- ------------------------------------------------------
-- Server version	5.1.48

/*!40101 SET @OLD_CHARACTER_SET_CLIENT=@@CHARACTER_SET_CLIENT */;
/*!40101 SET @OLD_CHARACTER_SET_RESULTS=@@CHARACTER_SET_RESULTS */;
/*!40101 SET @OLD_COLLATION_CONNECTION=@@COLLATION_CONNECTION */;
/*!40101 SET NAMES utf8 */;
/*!40103 SET @OLD_TIME_ZONE=@@TIME_ZONE */;
/*!40103 SET TIME_ZONE='+00:00' */;
/*!40014 SET @OLD_UNIQUE_CHECKS=@@UNIQUE_CHECKS, UNIQUE_CHECKS=0 */;
/*!40014 SET @OLD_FOREIGN_KEY_CHECKS=@@FOREIGN_KEY_CHECKS, FOREIGN_KEY_CHECKS=0 */;
/*!40101 SET @OLD_SQL_MODE=@@SQL_MODE, SQL_MODE='NO_AUTO_VALUE_ON_ZERO' */;
/*!40111 SET @OLD_SQL_NOTES=@@SQL_NOTES, SQL_NOTES=0 */;

--
-- Table structure for table `access_rights`
--

DROP TABLE IF EXISTS `access_rights`;
/*!40101 SET @saved_cs_client     = @@character_set_client */;
/*!40101 SET character_set_client = utf8 */;
CREATE TABLE `access_rights` (
  `id` int(11) NOT NULL AUTO_INCREMENT,
  `user_id` int(11) DEFAULT NULL,
  `inventory_pool_id` int(11) DEFAULT NULL,
  `suspended_until` date DEFAULT NULL,
  `suspended_reason` text COLLATE utf8_unicode_ci,
  `deleted_at` date DEFAULT NULL,
  `created_at` datetime DEFAULT NULL,
  `updated_at` datetime DEFAULT NULL,
  `role` enum('customer','group_manager','lending_manager','inventory_manager','admin') COLLATE utf8_unicode_ci NOT NULL,
  PRIMARY KEY (`id`),
  KEY `index_access_rights_on_suspended_until` (`suspended_until`),
  KEY `index_access_rights_on_deleted_at` (`deleted_at`),
  KEY `index_access_rights_on_inventory_pool_id` (`inventory_pool_id`),
  KEY `index_access_rights_on_role` (`role`),
  KEY `index_on_user_id_and_inventory_pool_id_and_deleted_at` (`user_id`,`inventory_pool_id`,`deleted_at`)
) ENGINE=InnoDB AUTO_INCREMENT=42 DEFAULT CHARSET=utf8 COLLATE=utf8_unicode_ci;
/*!40101 SET character_set_client = @saved_cs_client */;

--
-- Dumping data for table `access_rights`
--

LOCK TABLES `access_rights` WRITE;
/*!40000 ALTER TABLE `access_rights` DISABLE KEYS */;
INSERT INTO `access_rights` VALUES (1,1,NULL,NULL,NULL,NULL,'2015-08-22 19:04:19','2015-08-22 19:04:19','admin'),(2,3,3,NULL,NULL,NULL,'2015-08-22 19:04:19','2015-08-22 19:04:19','customer'),(3,4,1,NULL,NULL,NULL,'2015-08-22 19:04:19','2015-08-22 19:04:19','lending_manager'),(4,5,5,NULL,NULL,NULL,'2015-08-22 19:04:19','2015-08-22 19:04:19','customer'),(5,6,9,NULL,NULL,NULL,'2015-08-22 19:04:19','2015-08-22 19:04:19','customer'),(6,7,1,NULL,NULL,'2015-08-22','2015-08-22 19:04:19','2015-08-22 19:04:19','customer'),(7,1,1,NULL,NULL,NULL,'2015-08-22 19:04:19','2015-08-22 19:04:19','customer'),(8,8,2,NULL,NULL,NULL,'2015-08-22 19:04:19','2015-08-22 19:04:19','inventory_manager'),(9,9,1,NULL,NULL,NULL,'2015-08-22 19:04:19','2015-08-22 19:04:19','inventory_manager'),(10,9,11,NULL,NULL,NULL,'2015-08-22 19:04:19','2015-08-22 19:04:19','inventory_manager'),(11,10,1,NULL,NULL,NULL,'2015-08-22 19:04:19','2015-08-22 19:04:19','group_manager'),(12,10,2,NULL,NULL,NULL,'2015-08-22 19:04:19','2015-08-22 19:04:19','group_manager'),(13,10,3,NULL,NULL,NULL,'2015-08-22 19:04:19','2015-08-22 19:04:19','group_manager'),(14,11,1,NULL,NULL,NULL,'2015-08-22 19:04:19','2015-08-22 19:04:19','group_manager'),(15,12,1,NULL,NULL,NULL,'2015-08-22 19:04:19','2015-08-22 19:04:19','customer'),(16,13,1,'2015-08-22','suspreason',NULL,'2015-08-22 19:04:19','2015-08-22 19:04:19','customer'),(17,14,1,NULL,NULL,NULL,'2015-08-22 19:04:19','2015-08-22 19:04:19','customer'),(18,15,1,NULL,NULL,NULL,'2015-08-22 19:04:19','2015-08-22 19:04:19','customer'),(19,16,1,NULL,NULL,NULL,'2015-08-22 19:04:19','2015-08-22 19:04:19','customer'),(20,17,NULL,NULL,NULL,NULL,'2015-08-22 19:04:19','2015-08-22 19:04:19','admin'),(21,18,1,NULL,NULL,NULL,'2015-08-22 19:04:19','2015-08-22 19:04:19','lending_manager'),(22,18,2,NULL,NULL,NULL,'2015-08-22 19:04:19','2015-08-22 19:04:19','lending_manager'),(23,19,1,NULL,NULL,NULL,'2015-08-22 19:04:19','2015-08-22 19:04:19','customer'),(24,20,1,NULL,NULL,NULL,'2015-08-22 19:04:19','2015-08-22 19:04:19','customer'),(25,21,1,NULL,NULL,NULL,'2015-08-22 19:04:19','2015-08-22 19:04:19','customer'),(26,22,1,NULL,NULL,NULL,'2015-08-22 19:04:19','2015-08-22 19:04:19','customer'),(27,23,1,NULL,NULL,NULL,'2015-08-22 19:04:19','2015-08-22 19:04:19','customer'),(28,24,2,'2015-08-18','Et reprehenderit iusto nihil et voluptates eos.',NULL,'2015-08-17 00:00:00','2015-08-17 00:00:00','customer'),(29,28,1,NULL,NULL,NULL,'2015-08-22 19:04:19','2015-08-22 19:04:19','customer'),(30,29,1,NULL,NULL,NULL,'2015-08-22 19:04:19','2015-08-22 19:04:19','customer'),(31,30,1,NULL,NULL,NULL,'2015-08-22 19:04:19','2015-08-22 19:04:19','customer'),(32,31,1,NULL,NULL,NULL,'2015-08-22 19:04:19','2015-08-22 19:04:19','customer'),(33,33,1,NULL,NULL,NULL,'2015-08-22 19:04:19','2015-08-22 19:04:19','customer'),(34,33,12,NULL,NULL,NULL,'2015-08-22 19:04:19','2015-08-22 19:04:19','customer'),(35,33,13,NULL,NULL,NULL,'2015-08-22 19:04:19','2015-08-22 19:04:19','customer'),(36,34,1,NULL,NULL,NULL,'2015-08-22 19:04:19','2015-08-22 19:04:19','customer'),(37,34,2,NULL,NULL,NULL,'2015-08-22 19:04:19','2015-08-22 19:04:19','customer'),(38,34,3,NULL,NULL,NULL,'2015-08-22 19:04:19','2015-08-22 19:04:19','customer'),(39,34,13,NULL,NULL,'2015-08-21','2015-08-22 19:04:19','2015-08-22 19:04:19','customer'),(40,35,1,NULL,NULL,NULL,'2015-08-22 19:04:19','2015-08-22 19:04:19','customer'),(41,36,1,NULL,NULL,NULL,'2015-08-22 19:04:19','2015-08-22 19:04:19','customer');
/*!40000 ALTER TABLE `access_rights` ENABLE KEYS */;
UNLOCK TABLES;

--
-- Table structure for table `accessories`
--

DROP TABLE IF EXISTS `accessories`;
/*!40101 SET @saved_cs_client     = @@character_set_client */;
/*!40101 SET character_set_client = utf8 */;
CREATE TABLE `accessories` (
  `id` int(11) NOT NULL AUTO_INCREMENT,
  `model_id` int(11) DEFAULT NULL,
  `name` varchar(255) COLLATE utf8_unicode_ci DEFAULT NULL,
  `quantity` int(11) DEFAULT NULL,
  PRIMARY KEY (`id`),
  KEY `index_accessories_on_model_id` (`model_id`)
) ENGINE=InnoDB AUTO_INCREMENT=475 DEFAULT CHARSET=utf8 COLLATE=utf8_unicode_ci;
/*!40101 SET character_set_client = @saved_cs_client */;

--
-- Dumping data for table `accessories`
--

LOCK TABLES `accessories` WRITE;
/*!40000 ALTER TABLE `accessories` DISABLE KEYS */;
INSERT INTO `accessories` VALUES (1,1,'Skylar Flatley DVM',NULL),(2,1,'Grayce Schmitt',NULL),(3,1,'Oliver Predovic',NULL),(4,2,'Amir Howell',NULL),(5,2,'Anastacio Keebler',NULL),(6,2,'Jermain Brown MD',NULL),(7,2,'Rosetta Leffler',NULL),(8,2,'Ernestine Bayer I',NULL),(9,3,'Mrs. Frederique Lynch',NULL),(10,3,'Jorge Reichert',NULL),(11,4,'Alyson Prosacco',NULL),(12,4,'Estell Dare',NULL),(13,5,'Ceasar Langworth',NULL),(14,5,'Carlie Schmitt',NULL),(15,5,'Anissa Will',NULL),(16,5,'Johann Tromp',NULL),(17,5,'Arnold Quitzon PhD',NULL),(18,6,'Isobel Kuhn',NULL),(19,6,'Hershel Bergstrom',NULL),(20,6,'Palma Conroy',NULL),(21,6,'Stone Padberg',NULL),(22,6,'Miss Arielle Purdy',NULL),(23,7,'Lamar Bruen',NULL),(24,7,'Ramon Kohler III',NULL),(25,8,'Brionna Bernier',NULL),(26,9,'Vilma Baumbach',NULL),(27,10,'Ms. Archibald Schulist',NULL),(28,10,'Amalia Kiehn',NULL),(29,11,'Jolie Moen',NULL),(30,11,'Gunner Corwin',NULL),(31,11,'Arne Hackett',NULL),(32,11,'Arjun Bogan',NULL),(33,11,'Ceasar Haley Jr.',NULL),(34,12,'Murphy Leuschke',NULL),(35,12,'Dasia Botsford',NULL),(36,12,'Mellie Thiel',NULL),(37,12,'Marley Heaney',NULL),(38,13,'Ms. Scottie Hackett',NULL),(39,13,'Alexane Leffler',NULL),(40,14,'Dortha Ward',NULL),(41,14,'Verda Grady',NULL),(42,15,'Dr. Alvina Gerlach',NULL),(43,15,'Jessy Morissette',NULL),(44,16,'Sadie Stroman',NULL),(45,16,'Marlen Crooks',NULL),(46,16,'Mrs. Emelia Howe',NULL),(47,17,'Valerie Wisozk',NULL),(48,17,'Deja Orn',NULL),(49,17,'Johan Kutch',NULL),(50,17,'Granville Hessel PhD',NULL),(51,18,'Judson Haley',NULL),(52,18,'Dusty Effertz',NULL),(53,18,'Helga McCullough',NULL),(54,18,'Napoleon Keebler',NULL),(55,18,'Maxie Marks',NULL),(56,19,'Miss Connie Feeney',NULL),(57,19,'Bria Hahn DVM',NULL),(58,20,'Nicklaus Ankunding IV',NULL),(59,20,'Sandrine Waters V',NULL),(60,21,'Carey Ward',NULL),(61,22,'Charles Monahan',NULL),(62,22,'Ms. Lucy Hilll',NULL),(63,22,'Don O\'Keefe',NULL),(64,22,'Meta Bogan',NULL),(65,23,'Mario Reichert',NULL),(66,23,'Rylee Powlowski',NULL),(67,23,'Mrs. Ada Bednar',NULL),(68,23,'Mozell Weber',NULL),(69,24,'Juanita Toy',NULL),(70,24,'Van Quigley',NULL),(71,24,'Dejuan Mayer',NULL),(72,24,'Dr. Sydnie Fritsch',NULL),(73,25,'Ruthie Gottlieb II',NULL),(74,25,'Lois Feil',NULL),(75,26,'Larissa Becker III',NULL),(76,26,'Isidro Haag',NULL),(77,26,'Ms. Watson Braun',NULL),(78,26,'Lauryn Ortiz',NULL),(79,26,'Jamey Bashirian',NULL),(80,27,'Leo Abernathy',NULL),(81,27,'Destini Sauer II',NULL),(82,27,'Emmanuel Shanahan',NULL),(83,27,'Joshua Effertz',NULL),(84,28,'Clint Konopelski',NULL),(85,28,'Dr. Lela Wisoky',NULL),(86,28,'Miss Shane Cronin',NULL),(87,29,'Mr. Darien Leannon',NULL),(88,29,'Justus Bergnaum',NULL),(89,29,'Mr. Augustus Terry',NULL),(90,29,'Retha Little V',NULL),(91,30,'Oda Pacocha',NULL),(92,31,'Loyal Waelchi',NULL),(93,32,'Andreane Schmitt',NULL),(94,33,'Steve West',NULL),(95,34,'Leonardo Barrows III',NULL),(96,34,'Mrs. Wiley Huel',NULL),(97,34,'Angela Langworth',NULL),(98,34,'Ms. Hosea Schuppe',NULL),(99,34,'Korbin Dibbert',NULL),(100,35,'Pete Wuckert',NULL),(101,36,'Ressie O\'Reilly',NULL),(102,36,'Kirk King',NULL),(103,36,'Mr. Cordell Skiles',NULL),(104,36,'Phyllis Schiller DDS',NULL),(105,37,'Ms. Haven Romaguera',NULL),(106,37,'Ellie Predovic DDS',NULL),(107,38,'Dr. Rebeka West',NULL),(108,38,'Aron VonRueden',NULL),(109,39,'Ryder Pouros',NULL),(110,39,'Boyd Wintheiser IV',NULL),(111,39,'Ms. Georgette Hoppe',NULL),(112,40,'Regan Anderson V',NULL),(113,41,'Bernardo Abernathy',NULL),(114,41,'Stone Wilkinson',NULL),(115,42,'Amaya Swift',NULL),(116,42,'Verlie Vandervort',NULL),(117,42,'Mr. Natalia Lynch',NULL),(118,43,'Carmel Schiller',NULL),(119,43,'Aracely Champlin IV',NULL),(120,43,'Okey Block',NULL),(121,43,'Mikayla Parisian',NULL),(122,43,'Aric Ritchie',NULL),(123,44,'Eliane Kozey',NULL),(124,44,'Keven Jast',NULL),(125,44,'Rosie Bayer',NULL),(126,44,'Scotty Graham',NULL),(127,45,'Ashley Quigley IV',NULL),(128,46,'Reginald Wintheiser',NULL),(129,46,'Richard Howell PhD',NULL),(130,46,'Eladio Reichert III',NULL),(131,47,'Leonardo Wehner III',NULL),(132,47,'Mrs. Marley Olson',NULL),(133,48,'Bryce Aufderhar',NULL),(134,48,'Dr. Aurore Lind',NULL),(135,48,'Fabiola Fadel',NULL),(136,48,'Henry Gibson',NULL),(137,48,'David Quigley PhD',NULL),(138,49,'Mozelle Muller',NULL),(139,49,'Michale Waelchi',NULL),(140,49,'Wyatt Jast',NULL),(141,49,'Johathan Ritchie',NULL),(142,49,'Jayson Ruecker',NULL),(143,50,'Dasia Donnelly',NULL),(144,50,'Kenton Deckow',NULL),(145,50,'Pietro Morissette',NULL),(146,50,'Norval Okuneva DVM',NULL),(147,50,'Maddison Jerde',NULL),(148,51,'Dorris Durgan MD',NULL),(149,51,'Nikolas Emard',NULL),(150,51,'Ms. Esteban Champlin',NULL),(151,51,'Eleanore Toy',NULL),(152,51,'Maida Hickle',NULL),(153,52,'Erica Greenfelder',NULL),(154,52,'Frida West',NULL),(155,52,'Ariane Tillman',NULL),(156,52,'Dr. Freeman Smitham',NULL),(157,53,'Mrs. Stephanie Schaden',NULL),(158,53,'Garrick Dibbert',NULL),(159,54,'Maximillia Doyle',NULL),(160,54,'Casper Hand',NULL),(161,55,'Kip Turcotte DVM',NULL),(162,55,'Aurelia Morissette II',NULL),(163,56,'Dovie Thiel',NULL),(164,56,'Jaqueline Frami',NULL),(165,56,'Opal Yundt',NULL),(166,56,'Timmy Pouros',NULL),(167,56,'Wendell Kerluke',NULL),(168,57,'Dr. Vince Blanda',NULL),(169,57,'Sigrid D\'Amore I',NULL),(170,57,'Cesar Flatley',NULL),(171,57,'Clint Rodriguez',NULL),(172,57,'Rebekah Gleason Sr.',NULL),(173,58,'Shannon Ledner',NULL),(174,58,'Maeve Borer DDS',NULL),(175,58,'Buford Hackett',NULL),(176,58,'Trent Schaden V',NULL),(177,58,'Luigi Kemmer Jr.',NULL),(178,59,'Dr. Brooke Ortiz',NULL),(179,59,'Clementine Wilkinson',NULL),(180,59,'Mr. Mariela King',NULL),(181,59,'Joaquin Schroeder',NULL),(182,60,'Janis Kuphal',NULL),(183,60,'Mr. Sandrine Wolff',NULL),(184,60,'Jeff Stiedemann',NULL),(185,60,'Lucile Kassulke',NULL),(186,61,'Micaela Pagac',NULL),(187,61,'Ewell Bednar I',NULL),(188,61,'Berniece Aufderhar',NULL),(189,62,'Miss Elbert Bailey',NULL),(190,62,'Eula Lang',NULL),(191,62,'Patsy Gleichner',NULL),(192,62,'Morris Littel',NULL),(193,63,'Pietro Fadel DDS',NULL),(194,64,'Constantin Sauer',NULL),(195,64,'Giovanny Hauck DVM',NULL),(196,64,'Bria Jerde I',NULL),(197,64,'Mrs. Viva Lockman',NULL),(198,64,'Sydnie Stroman',NULL),(199,65,'Mrs. Carolanne Greenholt',NULL),(200,65,'Daryl Jacobs',NULL),(201,65,'Earnestine Gottlieb',NULL),(202,65,'Wendell Dare IV',NULL),(203,65,'Jaime Mills',NULL),(204,66,'Miss Quincy Spencer',NULL),(205,66,'Norma Cummings',NULL),(206,66,'Asia Gleason',NULL),(207,66,'Elody Hartmann',NULL),(208,67,'Lilyan Ledner',NULL),(209,68,'Odie Haley',NULL),(210,69,'Ofelia Borer',NULL),(211,69,'Destin Reichel',NULL),(212,69,'Gustave O\'Kon MD',NULL),(213,70,'Francisco Reynolds',NULL),(214,70,'Maureen Botsford',NULL),(215,70,'Chadd McCullough',NULL),(216,70,'Fabiola Conroy',NULL),(217,71,'Aleen Turner',NULL),(218,71,'King Klocko',NULL),(219,71,'Trever Keebler',NULL),(220,71,'Piper Yost',NULL),(221,72,'Frank Bergnaum',NULL),(222,72,'Trystan Kirlin',NULL),(223,72,'Gaston Weber',NULL),(224,72,'Theron Bernhard DDS',NULL),(225,73,'Dr. Scarlett Glover',NULL),(226,73,'Adela Brown',NULL),(227,73,'Merle Maggio DVM',NULL),(228,73,'Ashtyn Rowe I',NULL),(229,73,'Hillard Stark',NULL),(230,74,'Dr. Everett Walker',NULL),(231,74,'Alvis Baumbach',NULL),(232,74,'Lela Satterfield',NULL),(233,75,'Geo McClure',NULL),(234,75,'Macey Cormier Jr.',NULL),(235,75,'Ms. Hank Zemlak',NULL),(236,76,'Darrell Medhurst',NULL),(237,76,'Milo Larkin',NULL),(238,76,'Dr. Daphney Stamm',NULL),(239,76,'Lysanne Bernier',NULL),(240,77,'Christelle Kirlin III',NULL),(241,77,'Uriah Effertz',NULL),(242,77,'Mrs. Eldora Donnelly',NULL),(243,77,'Ellie Kunze',NULL),(244,77,'Wilford Gleason',NULL),(245,78,'Buck Beer',NULL),(246,79,'Dr. Howell Lueilwitz',NULL),(247,79,'Dr. Santina Donnelly',NULL),(248,79,'Katherine Boyer',NULL),(249,80,'Alford Abshire',NULL),(250,80,'Aron Jenkins II',NULL),(251,81,'Brain MacGyver',NULL),(252,81,'Sonya Feil',NULL),(253,81,'Mr. Angus Hane',NULL),(254,81,'Orval Reynolds',NULL),(255,81,'Roel O\'Hara',NULL),(256,82,'Moshe Kiehn II',NULL),(257,82,'Dayana VonRueden',NULL),(258,83,'Shanel Collier',NULL),(259,83,'Minerva Bayer',NULL),(260,84,'Irma Abernathy',NULL),(261,84,'Jazmyn Jacobson',NULL),(262,84,'Ms. Jerad Dooley',NULL),(263,84,'Jaylen Champlin II',NULL),(264,84,'Keon Zieme',NULL),(265,85,'Harmon Bins',NULL),(266,86,'Ms. Dereck McGlynn',NULL),(267,86,'Mike Morissette',NULL),(268,86,'Doris Oberbrunner II',NULL),(269,87,'Hulda Erdman',NULL),(270,87,'Eldon McKenzie',NULL),(271,87,'Carroll Wyman III',NULL),(272,88,'Terrence Bernhard',NULL),(273,88,'Tessie Kuvalis',NULL),(274,88,'Mrs. Melissa Mertz',NULL),(275,88,'Veda McClure',NULL),(276,89,'Desiree Gerlach',NULL),(277,90,'Demario Dickinson',NULL),(278,90,'Ms. Otho Bogan',NULL),(279,90,'Theresia Borer',NULL),(280,90,'Lilian Spinka',NULL),(281,90,'Elwin Reynolds',NULL),(282,91,'Ari Greenholt',NULL),(283,91,'Pat Rice',NULL),(284,91,'Adolph Grant',NULL),(285,91,'Ally Hammes',NULL),(286,91,'Vernie Waters DVM',NULL),(287,92,'Albert Lehner',NULL),(288,93,'Sage Kulas',NULL),(289,93,'Marisa Schuster',NULL),(290,94,'Greyson Borer',NULL),(291,95,'Oral Sauer',NULL),(292,95,'Granville Prosacco',NULL),(293,96,'Billy Halvorson',NULL),(294,96,'Dillon Thompson',NULL),(295,96,'Alexandrea Flatley',NULL),(296,97,'Elbert Lang',NULL),(297,97,'Cale Johnson',NULL),(298,97,'Alessia Purdy',NULL),(299,98,'Stan Maggio III',NULL),(300,98,'Miss Maximo Nienow',NULL),(301,98,'Major Lehner',NULL),(302,99,'Delphia Torphy',NULL),(303,99,'Mr. Kathryn Rogahn',NULL),(304,99,'Isadore Fay',NULL),(305,99,'Herminio Monahan',NULL),(306,99,'Bartholome Heller',NULL),(307,100,'Harold Spencer',NULL),(308,100,'Emile Bradtke',NULL),(309,101,'Freeda Mayert IV',NULL),(310,102,'Shannon Goyette',NULL),(311,102,'Brody Bogan',NULL),(312,103,'Santino Kling',NULL),(313,104,'Leonora Carroll',NULL),(314,104,'Assunta Schamberger',NULL),(315,104,'Jennings Kilback',NULL),(316,105,'Sydnee Mante',NULL),(317,105,'Tyree Greenholt',NULL),(318,105,'Lois Little',NULL),(319,105,'Mrs. Sibyl Herzog',NULL),(320,105,'Herman Maggio',NULL),(321,106,'Edwardo Hessel',NULL),(322,106,'Lafayette Towne',NULL),(323,106,'George Goyette',NULL),(324,107,'Arjun Zulauf Jr.',NULL),(325,107,'Owen Gutkowski',NULL),(326,107,'Conor Johns',NULL),(327,107,'Oma Collins',NULL),(328,108,'Miss Sage Braun',NULL),(329,108,'Dr. Wilhelmine Mann',NULL),(330,109,'Maxime Brown',NULL),(331,109,'Agustina Powlowski Jr.',NULL),(332,110,'Jensen Cole IV',NULL),(333,110,'Filomena Jenkins',NULL),(334,111,'Jaron Altenwerth',NULL),(335,111,'Selina Ernser',NULL),(336,111,'Cathrine Kub',NULL),(337,111,'Savanah Franecki',NULL),(338,111,'Ricardo McLaughlin',NULL),(339,112,'Gail Purdy',NULL),(340,112,'Tremayne Bauch',NULL),(341,112,'Vidal Greenholt',NULL),(342,113,'Esperanza Labadie',NULL),(343,113,'Terence Ratke',NULL),(344,114,'Jaycee Blick',NULL),(345,114,'Blake Abernathy',NULL),(346,114,'Jermain Willms',NULL),(347,114,'Gillian Huels',NULL),(348,114,'Mr. Gisselle Will',NULL),(349,115,'Rashawn Schoen',NULL),(350,116,'Lori Torp',NULL),(351,116,'Hermann Harvey IV',NULL),(352,116,'Mrs. Kellen Schinner',NULL),(353,117,'Margarita Moen',NULL),(354,118,'Noel Stracke',NULL),(355,118,'Tavares Prohaska',NULL),(356,118,'Miss Aaliyah Ryan',NULL),(357,119,'Ms. Makayla Fritsch',NULL),(358,120,'Ms. Avis O\'Connell',NULL),(359,121,'Brigitte Rolfson',NULL),(360,121,'Eddie Grimes',NULL),(361,122,'Cecelia Berge',NULL),(362,122,'Rosemary Graham',NULL),(363,122,'Laura Hills',NULL),(364,122,'Deshawn Brown',NULL),(365,123,'Dean Sanford',NULL),(366,123,'Earline Hahn',NULL),(367,123,'Melisa Robel',NULL),(368,123,'Aliya Halvorson',NULL),(369,123,'Jennie Vandervort',NULL),(370,124,'Tre Howell III',NULL),(371,124,'Miss Lauryn Cartwright',NULL),(372,125,'Trudie Bergstrom',NULL),(373,125,'Chanel Morar',NULL),(374,125,'Consuelo Zulauf',NULL),(375,125,'Wendell Pacocha DDS',NULL),(376,126,'Tyrese Green',NULL),(377,126,'Shaniya Williamson',NULL),(378,126,'Camilla Auer',NULL),(379,126,'Norma Marvin',NULL),(380,126,'Cyrus Paucek',NULL),(381,127,'Rashad Adams',NULL),(382,127,'Shad Walsh III',NULL),(383,127,'Laverna Hansen',NULL),(384,127,'Alvena Pagac',NULL),(385,128,'Emilio Price I',NULL),(386,128,'Garland Volkman',NULL),(387,129,'Arvid Nader',NULL),(388,130,'Markus Ruecker',NULL),(389,130,'Geovanni Kunde',NULL),(390,131,'Lavada Kassulke',NULL),(391,131,'Ms. Kamryn Homenick',NULL),(392,131,'Genoveva Green',NULL),(393,132,'Percival Weissnat PhD',NULL),(394,132,'Uriel Tremblay',NULL),(395,132,'Ignacio Halvorson I',NULL),(396,132,'Leta Hilll',NULL),(397,133,'Mozelle Bosco',NULL),(398,134,'Ms. Sammie Wunsch',NULL),(399,134,'Trent Nikolaus DDS',NULL),(400,134,'Gladys Grimes',NULL),(401,135,'Dr. Katrina Satterfield',NULL),(402,135,'Juliana Feest',NULL),(403,136,'Sadie Muller',NULL),(404,136,'Mr. Ayana McClure',NULL),(405,136,'Helena Corkery',NULL),(406,137,'Loyal Kreiger',NULL),(407,137,'Billie Heidenreich',NULL),(408,137,'Lafayette Jenkins',NULL),(409,138,'Palma Huel V',NULL),(410,138,'Nia Bogisich',NULL),(411,138,'Willis Labadie',NULL),(412,139,'Nona Heller',NULL),(413,139,'Demetris Morar',NULL),(414,139,'Cierra Kuhic',NULL),(415,139,'Westley Abbott IV',NULL),(416,139,'Laila Shields',NULL),(417,140,'Garnett Wiegand IV',NULL),(418,141,'Jazmyne Zulauf',NULL),(419,141,'Millie Fay',NULL),(420,141,'Caroline Zemlak',NULL),(421,142,'Clara Zulauf II',NULL),(422,143,'Mrs. Constance Stroman',NULL),(423,143,'Miss Oswald VonRueden',NULL),(424,143,'Morris Ankunding',NULL),(425,144,'Mervin Kozey',NULL),(426,144,'Ms. Sydnee Bechtelar',NULL),(427,144,'Blake Robel',NULL),(428,144,'Mathias Breitenberg',NULL),(429,144,'Roslyn Beer',NULL),(430,145,'Viva Lindgren',NULL),(431,145,'Bennie Herzog',NULL),(432,145,'Shayna Witting',NULL),(433,146,'Dr. Dandre Thiel',NULL),(434,146,'Malika Graham',NULL),(435,147,'Jayson Walker',NULL),(436,148,'Elvera Beahan',NULL),(437,149,'Dr. Jamil Parisian',NULL),(438,149,'Brielle Batz',NULL),(439,149,'Jeremy Yundt',NULL),(440,149,'Amiya Watsica',NULL),(441,150,'Jewell Hirthe',NULL),(442,150,'Antonia Satterfield',NULL),(443,151,'Floyd Haag',NULL),(444,151,'Grover Hilpert III',NULL),(445,151,'Keon Marks',NULL),(446,151,'Mr. Kaley Kassulke',NULL),(447,152,'Reynold Brown',NULL),(448,152,'Juston Nienow Sr.',NULL),(449,152,'Kacey Pfannerstill Jr.',NULL),(450,152,'Broderick Oberbrunner',NULL),(451,153,'Justen Ankunding',NULL),(452,153,'Clark Prosacco',NULL),(453,153,'Idell Thiel',NULL),(454,153,'Carolina Ullrich',NULL),(455,154,'Bertrand Deckow',NULL),(456,154,'Velda Tillman',NULL),(457,155,'Faye Lowe',NULL),(458,155,'Norbert Reynolds',NULL),(459,155,'Camron Eichmann',NULL),(460,156,'Miss Jarrett Yost',NULL),(461,156,'Maverick Kuvalis',NULL),(462,156,'Jeanie Paucek',NULL),(463,156,'Anais Schumm',NULL),(464,156,'Remington Grimes',NULL),(465,157,'Talon Kertzmann',NULL),(466,157,'Jeffrey Oberbrunner',NULL),(467,157,'Joey Cummerata',NULL),(468,158,'Adriana Larson',NULL),(469,158,'Dannie Raynor',NULL),(470,159,'Dominique Reichel',NULL),(471,160,'Alphonso Bins',NULL),(472,160,'Arianna Krajcik',NULL),(473,161,'Ashtyn Hoppe',NULL),(474,161,'Danielle Strosin',NULL);
/*!40000 ALTER TABLE `accessories` ENABLE KEYS */;
UNLOCK TABLES;

--
-- Table structure for table `accessories_inventory_pools`
--

DROP TABLE IF EXISTS `accessories_inventory_pools`;
/*!40101 SET @saved_cs_client     = @@character_set_client */;
/*!40101 SET character_set_client = utf8 */;
CREATE TABLE `accessories_inventory_pools` (
  `accessory_id` int(11) DEFAULT NULL,
  `inventory_pool_id` int(11) DEFAULT NULL,
  UNIQUE KEY `index_accessories_inventory_pools` (`accessory_id`,`inventory_pool_id`),
  KEY `index_accessories_inventory_pools_on_inventory_pool_id` (`inventory_pool_id`)
) ENGINE=InnoDB DEFAULT CHARSET=utf8 COLLATE=utf8_unicode_ci;
/*!40101 SET character_set_client = @saved_cs_client */;

--
-- Dumping data for table `accessories_inventory_pools`
--

LOCK TABLES `accessories_inventory_pools` WRITE;
/*!40000 ALTER TABLE `accessories_inventory_pools` DISABLE KEYS */;
INSERT INTO `accessories_inventory_pools` VALUES (1,1),(2,1),(4,1),(5,1),(6,1),(9,1),(10,1),(12,1),(13,1),(17,1),(19,1),(21,1),(22,1),(24,1),(25,1),(26,1),(27,1),(30,1),(31,1),(36,1),(38,1),(40,1),(41,1),(42,1),(43,1),(44,1),(48,1),(51,1),(53,1),(56,1),(58,1),(59,1),(60,1),(62,1),(64,1),(70,1),(72,1),(75,1),(78,1),(80,1),(81,1),(85,1),(88,1),(92,1),(94,1),(95,1),(98,1),(99,1),(100,1),(105,1),(107,1),(110,1),(111,1),(115,1),(116,1),(117,1),(119,1),(120,1),(122,1),(123,1),(124,1),(125,1),(126,1),(127,1),(128,1),(129,1),(130,1),(133,1),(136,1),(143,1),(144,1),(145,1),(146,1),(147,1),(149,1),(150,1),(154,1),(155,1),(156,1),(163,1),(164,1),(165,1),(167,1),(168,1),(170,1),(171,1),(172,1),(173,1),(174,1),(175,1),(176,1),(177,1),(179,1),(180,1),(182,1),(184,1),(185,1),(189,1),(190,1),(191,1),(195,1),(196,1),(198,1),(199,1),(202,1),(204,1),(205,1),(209,1),(210,1),(211,1),(218,1),(219,1),(220,1),(224,1),(225,1),(226,1),(228,1),(230,1),(231,1),(233,1),(234,1),(235,1),(238,1),(241,1),(246,1),(248,1),(251,1),(252,1),(254,1),(257,1),(258,1),(260,1),(261,1),(265,1),(266,1),(267,1),(269,1),(270,1),(271,1),(275,1),(276,1),(279,1),(281,1),(283,1),(284,1),(285,1),(288,1),(289,1),(290,1),(291,1),(294,1),(296,1),(298,1),(300,1),(302,1),(303,1),(307,1),(308,1),(309,1),(310,1),(314,1),(316,1),(317,1),(319,1),(322,1),(323,1),(324,1),(327,1),(328,1),(330,1),(331,1),(332,1),(337,1),(339,1),(342,1),(343,1),(355,1),(356,1),(358,1),(359,1),(360,1),(361,1),(365,1),(366,1),(367,1),(368,1),(370,1),(373,1),(375,1),(376,1),(381,1),(383,1),(384,1),(387,1),(389,1),(391,1),(392,1),(395,1),(398,1),(401,1),(402,1),(406,1),(407,1),(408,1),(409,1),(410,1),(412,1),(415,1),(416,1),(417,1),(420,1),(422,1),(425,1),(427,1),(428,1),(430,1),(432,1),(433,1),(436,1),(437,1),(438,1),(439,1),(440,1),(441,1),(445,1),(446,1),(447,1),(449,1),(450,1),(451,1),(453,1),(455,1),(456,1),(457,1),(459,1),(460,1),(462,1),(464,1),(465,1),(469,1),(471,1),(472,1),(474,1);
/*!40000 ALTER TABLE `accessories_inventory_pools` ENABLE KEYS */;
UNLOCK TABLES;

--
-- Table structure for table `addresses`
--

DROP TABLE IF EXISTS `addresses`;
/*!40101 SET @saved_cs_client     = @@character_set_client */;
/*!40101 SET character_set_client = utf8 */;
CREATE TABLE `addresses` (
  `id` int(11) NOT NULL AUTO_INCREMENT,
  `street` varchar(255) COLLATE utf8_unicode_ci DEFAULT NULL,
  `zip_code` varchar(255) COLLATE utf8_unicode_ci DEFAULT NULL,
  `city` varchar(255) COLLATE utf8_unicode_ci DEFAULT NULL,
  `country_code` varchar(255) COLLATE utf8_unicode_ci DEFAULT NULL,
  `latitude` float DEFAULT NULL,
  `longitude` float DEFAULT NULL,
  PRIMARY KEY (`id`),
  UNIQUE KEY `index_addresses_on_street_and_zip_code_and_city_and_country_code` (`street`,`zip_code`,`city`,`country_code`)
) ENGINE=InnoDB DEFAULT CHARSET=utf8 COLLATE=utf8_unicode_ci;
/*!40101 SET character_set_client = @saved_cs_client */;

--
-- Dumping data for table `addresses`
--

LOCK TABLES `addresses` WRITE;
/*!40000 ALTER TABLE `addresses` DISABLE KEYS */;
/*!40000 ALTER TABLE `addresses` ENABLE KEYS */;
UNLOCK TABLES;

--
-- Table structure for table `attachments`
--

DROP TABLE IF EXISTS `attachments`;
/*!40101 SET @saved_cs_client     = @@character_set_client */;
/*!40101 SET character_set_client = utf8 */;
CREATE TABLE `attachments` (
  `id` int(11) NOT NULL AUTO_INCREMENT,
  `model_id` int(11) DEFAULT NULL,
  `is_main` tinyint(1) DEFAULT '0',
  `content_type` varchar(255) COLLATE utf8_unicode_ci DEFAULT NULL,
  `filename` varchar(255) COLLATE utf8_unicode_ci DEFAULT NULL,
  `size` int(11) DEFAULT NULL,
  PRIMARY KEY (`id`),
  KEY `index_attachments_on_model_id` (`model_id`)
) ENGINE=InnoDB AUTO_INCREMENT=6 DEFAULT CHARSET=utf8 COLLATE=utf8_unicode_ci;
/*!40101 SET character_set_client = @saved_cs_client */;

--
-- Dumping data for table `attachments`
--

LOCK TABLES `attachments` WRITE;
/*!40000 ALTER TABLE `attachments` DISABLE KEYS */;
INSERT INTO `attachments` VALUES (1,149,0,'image/jpeg','consequatur',NULL),(2,150,0,'image/jpeg','sint',NULL),(3,158,0,'image/jpeg','neque',NULL),(4,158,0,'image/jpeg','odit',NULL),(5,159,0,'image/jpeg','qui',NULL);
/*!40000 ALTER TABLE `attachments` ENABLE KEYS */;
UNLOCK TABLES;

--
-- Table structure for table `authentication_systems`
--

DROP TABLE IF EXISTS `authentication_systems`;
/*!40101 SET @saved_cs_client     = @@character_set_client */;
/*!40101 SET character_set_client = utf8 */;
CREATE TABLE `authentication_systems` (
  `id` int(11) NOT NULL AUTO_INCREMENT,
  `name` varchar(255) COLLATE utf8_unicode_ci DEFAULT NULL,
  `class_name` varchar(255) COLLATE utf8_unicode_ci DEFAULT NULL,
  `is_default` tinyint(1) DEFAULT '0',
  `is_active` tinyint(1) DEFAULT '0',
  PRIMARY KEY (`id`)
) ENGINE=InnoDB AUTO_INCREMENT=7 DEFAULT CHARSET=utf8 COLLATE=utf8_unicode_ci;
/*!40101 SET character_set_client = @saved_cs_client */;

--
-- Dumping data for table `authentication_systems`
--

LOCK TABLES `authentication_systems` WRITE;
/*!40000 ALTER TABLE `authentication_systems` DISABLE KEYS */;
INSERT INTO `authentication_systems` VALUES (1,'Database Authentication','DatabaseAuthentication',1,1),(2,'LDAP Authentication','LdapAuthentication',0,0),(3,'ZHDK Authentication','Zhdk',0,0),(4,'Database Authentication','DatabaseAuthentication',1,1),(5,'LDAP Authentication','LdapAuthentication',0,0),(6,'ZHDK Authentication','Zhdk',0,0);
/*!40000 ALTER TABLE `authentication_systems` ENABLE KEYS */;
UNLOCK TABLES;

--
-- Table structure for table `buildings`
--

DROP TABLE IF EXISTS `buildings`;
/*!40101 SET @saved_cs_client     = @@character_set_client */;
/*!40101 SET character_set_client = utf8 */;
CREATE TABLE `buildings` (
  `id` int(11) NOT NULL AUTO_INCREMENT,
  `name` varchar(255) COLLATE utf8_unicode_ci DEFAULT NULL,
  `code` varchar(255) COLLATE utf8_unicode_ci DEFAULT NULL,
  PRIMARY KEY (`id`)
) ENGINE=InnoDB AUTO_INCREMENT=179 DEFAULT CHARSET=utf8 COLLATE=utf8_unicode_ci;
/*!40101 SET character_set_client = @saved_cs_client */;

--
-- Dumping data for table `buildings`
--

LOCK TABLES `buildings` WRITE;
/*!40000 ALTER TABLE `buildings` DISABLE KEYS */;
INSERT INTO `buildings` VALUES (1,'Great Pyramid of Giza','ZZZ'),(2,'Modiexaut','ade'),(3,'Rationeprovidentquod','inm'),(4,'Cumetquibusdam','qua'),(5,'Voluptatemveroquia','dis'),(6,'Culpavelest','inv'),(7,'Accusantiumprovidentblanditiis','nes'),(8,'Etbeataerem','aut'),(9,'Consequatursaepeut','ill'),(10,'Voluptatemesseimpedit','occ'),(11,'Errorquamest','etd'),(12,'Quasiinventoredolorem','acc'),(13,'Idexnostrum','sin'),(14,'Quiestcupiditate','nec'),(15,'Porroetnatus','exe'),(16,'Quiasedet','tot'),(17,'Utautquo','etq'),(18,'Autquaeratanimi','fug'),(19,'Autsitvoluptates','adi'),(20,'Rerumassumendaminus','ear'),(21,'Sedblanditiiseveniet','neq'),(22,'Etvoluptasut','sae'),(23,'Quiarepellatvel','eiu'),(24,'Ipsummagnamexpedita','eni'),(25,'Animipossimusvoluptas','duc'),(26,'Atquenonducimus','ven'),(27,'Dictaaspernaturlibero','vol'),(28,'Autdoloribusqui','cum'),(29,'Quasharumut','est'),(30,'Solutaoditneque','vol'),(31,'Optioexplicabolabore','atq'),(32,'Ullametinventore','eve'),(33,'Asperioressequidolore','mol'),(34,'Dolornumquamnihil','dol'),(35,'Autemaliquamquam','qui'),(36,'Quisedveritatis','dol'),(37,'Quiporroat','atq'),(38,'Delectusiustoquo','qua'),(39,'Minusalabore','rer'),(40,'Magnamoccaecatiitaque','qui'),(41,'Ausstellungsstrasse 60','AU60'),(42,'Ausstellungsstrasse 60','AU60'),(43,'Porroautadipisci','per'),(44,'Nesciuntnullatempora','ull'),(45,'Sitautrerum','acc'),(46,'Officiisrecusandaedignissimos','omn'),(47,'Quisdoloremnam','asp'),(48,'Consequatureumcorporis','err'),(49,'Rerumillovoluptas','dic'),(50,'Numquamearumab','est'),(51,'Rerummaximequi','ten'),(52,'Laborumquinam','con'),(53,'Sintquisaspernatur','acc'),(54,'Exercitationeminsequi','rei'),(55,'Numquamvelet','sun'),(56,'Etetreprehenderit','nem'),(57,'Natusillumnihil','vol'),(58,'Omnisodiosed','vol'),(59,'Eiusetiste','dol'),(60,'Eosvoluptatemrecusandae','adv'),(61,'Harumveliterror','idi'),(62,'Architectocupiditatebeatae','sun'),(63,'Cumaliasquos','ver'),(64,'Autemomnisiste','vel'),(65,'Voluptatibuslaudantiummagni','ess'),(66,'Nequeveniamaspernatur','ten'),(67,'Atveleum','inc'),(68,'Facilisdelenitiquos','dol'),(69,'Inaitaque','hic'),(70,'Autinciduntest','ali'),(71,'Maximeexercitationemearum','inv'),(72,'Minusaliquiddelectus','sit'),(73,'Estrerumeos','hic'),(74,'Odiovoluptatemaut','eve'),(75,'Enimoptioaut','bea'),(76,'Consequaturnullaet','ist'),(77,'Reprehenderitpariaturperspiciatis','con'),(78,'Harumrerumrerum','exe'),(79,'Etetaperiam','acc'),(80,'Natusdistinctiodolores','fug'),(81,'Quihiccupiditate','con'),(82,'Quiautillum','iur'),(83,'Cupiditateeoset','mol'),(84,'Etculparepellendus','qui'),(85,'Cumqueerroraccusamus','qui'),(86,'Temporibusesteum','bla'),(87,'Quiconsequunturvoluptatem','sap'),(88,'Sedvoluptatibusrerum','ear'),(89,'Nemooccaecaticonsequatur','asp'),(90,'Quaeasperioresvoluptatem','sin'),(91,'Minusautquia','qui'),(92,'Liberoquinam','eti'),(93,'Laudantiumquameos','dol'),(94,'Porroquiaexplicabo','cup'),(95,'Estdoloreconsequatur','vol'),(96,'Sintlaboreimpedit','qua'),(97,'Mollitiarepudiandaeneque','nob'),(98,'Repudiandaeautcumque','odi'),(99,'Temporaquamesse','uto'),(100,'Sapientenamnobis','etv'),(101,'Teneturmolestiasid','vel'),(102,'Quasitaquequi','fac'),(103,'Abrerumut','est'),(104,'Autemcumvel','ame'),(105,'Exquisharum','idc'),(106,'Commodialiasconsequatur','arc'),(107,'Aperiamnonunde','ita'),(108,'Enimexercitationemarchitecto','dig'),(109,'Sedporrovoluptatum','exp'),(110,'Explicabofaciliscupiditate','cul'),(111,'Nobiseiusullam','etd'),(112,'Eosnesciuntdoloremque','con'),(113,'Similiqueexcepturieligendi','aut'),(114,'Atquesitaccusantium','ali'),(115,'Molestiasaliquidamet','cul'),(116,'Doloremquerationelibero','ute'),(117,'Sitdoloresqui','nis'),(118,'Nostrumutdolorem','ull'),(119,'Maximesaepea','est'),(120,'Etexeligendi','ape'),(121,'Great Pyramid of Giza','ZZZ'),(122,'Quiaexplicaboreiciendis','nec'),(123,'Molestiaemaximeiste','lau'),(124,'Repellatautvoluptas','pra'),(125,'Liberoullamcommodi','aut'),(126,'Ipsamvoluptasatque','qua'),(127,'Eteaquesapiente','err'),(128,'Autemharumconsequatur','ali'),(129,'Sitquidemquia','qui'),(130,'Fuganequelaudantium','aut'),(131,'Noneosaperiam','qui'),(132,'Perferendisexcepturiporro','con'),(133,'Temporibustemporasint','sol'),(134,'Ducimusfacerealiquid','etd'),(135,'Providentestratione','sap'),(136,'Reiciendisautpariatur','rer'),(137,'Mollitiaomniset','con'),(138,'Temporevoluptatequi','des'),(139,'Exercitationemvoluptatumet','opt'),(140,'Facereerroret','nul'),(141,'Omnisvoluptatema','ius'),(142,'Etvoluptateitaque','lab'),(143,'Commodievenietut','des'),(144,'Quianimiquod','eta'),(145,'Utitaqueearum','dic'),(146,'Nobisilloveniam','cum'),(147,'Explicaboadipisciet','deb'),(148,'Quibusdamrerumiusto','pra'),(149,'Suntlaboreeligendi','har'),(150,'Fugiatoditquo','nem'),(151,'Maximenonqui','eli'),(152,'Estidconsectetur','qua'),(153,'Adbeataenihil','quo'),(154,'Nullaquodillo','ass'),(155,'Delenitiearumaccusamus','imp'),(156,'Autdoloresporro','vol'),(157,'Iustoquaefugit','sap'),(158,'Quisblanditiisrerum','sol'),(159,'Sitprovidentdolor','qui'),(160,'Veroexplicabodolore','odi'),(161,'Eaofficiaenim','nam'),(162,'Errormolestiaenumquam','rep'),(163,'Solutaeiuseum','fac'),(164,'Eosassumendacupiditate','ida'),(165,'Reiciendisautipsam','lab'),(166,'Easequireiciendis','har'),(167,'Exeoslabore','bea'),(168,'Quoquisquammodi','ips'),(169,'Autcumquepariatur','opt'),(170,'Quiseveniettotam','vol'),(171,'Omnistemporibusnesciunt','sit'),(172,'Earumquiaeligendi','max'),(173,'Estperferendisodio','qui'),(174,'Laudantiumnumquamillo','eos'),(175,'Atetunde','nat'),(176,'Aquaequia','pro'),(177,'Undealiquamneque','mai'),(178,'Rerumassumendaaut','sae');
/*!40000 ALTER TABLE `buildings` ENABLE KEYS */;
UNLOCK TABLES;

--
-- Table structure for table `contract_lines`
--

DROP TABLE IF EXISTS `contract_lines`;
/*!40101 SET @saved_cs_client     = @@character_set_client */;
/*!40101 SET character_set_client = utf8 */;
CREATE TABLE `contract_lines` (
  `id` int(11) NOT NULL AUTO_INCREMENT,
  `contract_id` int(11) DEFAULT NULL,
  `type` varchar(255) COLLATE utf8_unicode_ci NOT NULL DEFAULT 'ItemLine',
  `item_id` int(11) DEFAULT NULL,
  `model_id` int(11) DEFAULT NULL,
  `quantity` int(11) DEFAULT '1',
  `start_date` date DEFAULT NULL,
  `end_date` date DEFAULT NULL,
  `returned_date` date DEFAULT NULL,
  `option_id` int(11) DEFAULT NULL,
  `purpose_id` int(11) DEFAULT NULL,
  `returned_to_user_id` int(11) DEFAULT NULL,
  `created_at` datetime DEFAULT NULL,
  `updated_at` datetime DEFAULT NULL,
  PRIMARY KEY (`id`),
  KEY `index_contract_lines_on_start_date` (`start_date`),
  KEY `index_contract_lines_on_end_date` (`end_date`),
  KEY `index_contract_lines_on_option_id` (`option_id`),
  KEY `index_contract_lines_on_contract_id` (`contract_id`),
  KEY `index_contract_lines_on_item_id` (`item_id`),
  KEY `index_contract_lines_on_model_id` (`model_id`),
  KEY `index_contract_lines_on_returned_date_and_contract_id` (`returned_date`,`contract_id`),
  KEY `index_contract_lines_on_type_and_contract_id` (`type`,`contract_id`)
) ENGINE=InnoDB AUTO_INCREMENT=167 DEFAULT CHARSET=utf8 COLLATE=utf8_unicode_ci;
/*!40101 SET character_set_client = @saved_cs_client */;

--
-- Dumping data for table `contract_lines`
--

LOCK TABLES `contract_lines` WRITE;
/*!40000 ALTER TABLE `contract_lines` DISABLE KEYS */;
INSERT INTO `contract_lines` VALUES (1,1,'ItemLine',NULL,1,1,'2015-08-24','2015-08-24',NULL,NULL,NULL,NULL,'2015-08-22 19:04:19','2015-08-22 19:04:19'),(2,1,'ItemLine',NULL,5,1,'2015-08-24','2015-08-24',NULL,NULL,NULL,NULL,'2015-08-22 19:04:19','2015-08-22 19:04:19'),(3,1,'ItemLine',NULL,9,1,'2015-08-24','2015-08-24',NULL,NULL,NULL,NULL,'2015-08-22 19:04:19','2015-08-22 19:04:19'),(4,2,'ItemLine',NULL,13,1,'2015-08-24','2015-08-24',NULL,NULL,1,NULL,'2015-08-22 19:04:19','2015-08-22 19:04:19'),(5,2,'ItemLine',NULL,17,1,'2015-08-24','2015-08-24',NULL,NULL,1,NULL,'2015-08-22 19:04:19','2015-08-22 19:04:19'),(6,2,'ItemLine',NULL,21,1,'2015-08-24','2015-08-24',NULL,NULL,1,NULL,'2015-08-22 19:04:19','2015-08-22 19:04:19'),(7,2,'ItemLine',NULL,25,1,'2015-08-24','2015-08-24',NULL,NULL,1,NULL,'2015-08-22 19:04:19','2015-08-22 19:04:19'),(8,2,'ItemLine',NULL,29,1,'2015-08-24','2015-08-24',NULL,NULL,1,NULL,'2015-08-22 19:04:19','2015-08-22 19:04:19'),(9,3,'ItemLine',NULL,33,1,'2015-08-24','2015-08-24','2015-08-22',NULL,2,1,'2015-08-22 19:04:19','2015-08-22 19:04:19'),(10,3,'ItemLine',NULL,37,1,'2015-08-24','2015-08-24','2015-08-22',NULL,2,1,'2015-08-22 19:04:19','2015-08-22 19:04:19'),(11,3,'ItemLine',NULL,41,1,'2015-08-24','2015-08-24','2015-08-22',NULL,2,1,'2015-08-22 19:04:19','2015-08-22 19:04:19'),(12,3,'ItemLine',NULL,45,1,'2015-08-24','2015-08-24','2015-08-22',NULL,2,1,'2015-08-22 19:04:19','2015-08-22 19:04:19'),(13,3,'ItemLine',NULL,49,1,'2015-08-24','2015-08-24','2015-08-22',NULL,2,1,'2015-08-22 19:04:19','2015-08-22 19:04:19'),(14,4,'ItemLine',NULL,162,1,'2015-08-17','2015-08-17',NULL,NULL,3,NULL,'2015-08-16 23:51:02','2015-08-16 23:51:02'),(15,4,'ItemLine',NULL,163,1,'2015-08-17','2015-08-17',NULL,NULL,3,NULL,'2015-08-16 23:51:02','2015-08-16 23:51:02'),(16,4,'ItemLine',NULL,164,1,'2015-08-17','2015-08-17',NULL,NULL,3,NULL,'2015-08-16 23:51:02','2015-08-16 23:51:02'),(17,4,'ItemLine',NULL,165,1,'2015-08-17','2015-08-17',NULL,NULL,3,NULL,'2015-08-16 23:51:02','2015-08-16 23:51:02'),(18,5,'ItemLine',NULL,169,1,'2015-08-17','2015-08-17',NULL,NULL,4,NULL,'2015-08-16 23:51:02','2015-08-16 23:51:02'),(19,5,'ItemLine',NULL,170,1,'2015-08-17','2015-08-17',NULL,NULL,4,NULL,'2015-08-16 23:51:02','2015-08-16 23:51:02'),(20,5,'ItemLine',NULL,171,1,'2015-08-17','2015-08-17',NULL,NULL,4,NULL,'2015-08-16 23:51:02','2015-08-16 23:51:02'),(21,5,'ItemLine',NULL,172,1,'2015-08-17','2015-08-17',NULL,NULL,4,NULL,'2015-08-16 23:51:02','2015-08-16 23:51:02'),(22,5,'ItemLine',NULL,173,1,'2015-08-17','2015-08-17',NULL,NULL,4,NULL,'2015-08-16 23:51:02','2015-08-16 23:51:02'),(23,6,'ItemLine',NULL,177,1,'2015-08-17','2015-08-17',NULL,NULL,5,NULL,'2015-08-16 23:51:02','2015-08-16 23:51:02'),(24,6,'ItemLine',NULL,178,1,'2015-08-17','2015-08-17',NULL,NULL,5,NULL,'2015-08-16 23:51:03','2015-08-16 23:51:03'),(25,6,'ItemLine',NULL,179,1,'2015-08-17','2015-08-17',NULL,NULL,5,NULL,'2015-08-16 23:51:03','2015-08-16 23:51:03'),(26,6,'ItemLine',NULL,180,1,'2015-08-17','2015-08-17',NULL,NULL,5,NULL,'2015-08-16 23:51:03','2015-08-16 23:51:03'),(27,6,'ItemLine',NULL,181,1,'2015-08-17','2015-08-17',NULL,NULL,5,NULL,'2015-08-16 23:51:03','2015-08-16 23:51:03'),(28,7,'ItemLine',NULL,185,1,'2015-08-17','2015-08-17',NULL,NULL,6,NULL,'2015-08-15 19:41:12','2015-08-15 19:41:12'),(29,7,'ItemLine',NULL,186,1,'2015-08-17','2015-08-17',NULL,NULL,6,NULL,'2015-08-15 19:41:12','2015-08-15 19:41:12'),(30,7,'ItemLine',NULL,187,1,'2015-08-17','2015-08-17',NULL,NULL,6,NULL,'2015-08-15 19:41:12','2015-08-15 19:41:12'),(31,8,'ItemLine',NULL,188,1,'2015-08-20','2015-08-20',NULL,NULL,7,NULL,'2015-08-20 06:20:20','2015-08-20 06:20:20'),(32,8,'ItemLine',NULL,189,1,'2015-08-20','2015-08-20',NULL,NULL,7,NULL,'2015-08-20 06:20:20','2015-08-20 06:20:20'),(33,8,'ItemLine',NULL,190,1,'2015-08-20','2015-08-20',NULL,NULL,7,NULL,'2015-08-20 06:20:20','2015-08-20 06:20:20'),(34,8,'ItemLine',NULL,191,1,'2015-08-20','2015-08-20',NULL,NULL,7,NULL,'2015-08-20 06:20:20','2015-08-20 06:20:20'),(35,8,'ItemLine',NULL,192,1,'2015-08-20','2015-08-20',NULL,NULL,7,NULL,'2015-08-20 06:20:20','2015-08-20 06:20:20'),(36,8,'ItemLine',NULL,192,1,'2015-08-20','2015-08-20',NULL,NULL,7,NULL,'2015-08-20 06:20:20','2015-08-20 06:20:20'),(37,9,'ItemLine',NULL,196,1,'2015-08-24','2015-08-24',NULL,NULL,8,NULL,'2015-08-22 19:04:19','2015-08-22 19:04:19'),(38,9,'ItemLine',NULL,197,1,'2015-08-24','2015-08-24',NULL,NULL,8,NULL,'2015-08-22 19:04:19','2015-08-22 19:04:19'),(39,9,'ItemLine',NULL,198,1,'2015-08-24','2015-08-24',NULL,NULL,8,NULL,'2015-08-22 19:04:19','2015-08-22 19:04:19'),(40,9,'ItemLine',NULL,199,1,'2015-08-24','2015-08-24',NULL,NULL,8,NULL,'2015-08-22 19:04:19','2015-08-22 19:04:19'),(41,9,'ItemLine',NULL,200,1,'2015-08-24','2015-08-24',NULL,NULL,8,NULL,'2015-08-22 19:04:19','2015-08-22 19:04:19'),(42,9,'ItemLine',NULL,201,1,'2015-08-24','2015-08-24',NULL,NULL,8,NULL,'2015-08-22 19:04:19','2015-08-22 19:04:19'),(43,10,'ItemLine',NULL,205,1,'2015-08-24','2015-08-24',NULL,NULL,9,NULL,'2015-08-22 19:04:19','2015-08-22 19:04:19'),(44,10,'ItemLine',NULL,206,1,'2015-08-24','2015-08-24',NULL,NULL,9,NULL,'2015-08-22 19:04:19','2015-08-22 19:04:19'),(45,10,'ItemLine',NULL,207,1,'2015-08-24','2015-08-24',NULL,NULL,9,NULL,'2015-08-22 19:04:19','2015-08-22 19:04:19'),(46,10,'ItemLine',NULL,208,1,'2015-08-24','2015-08-24',NULL,NULL,9,NULL,'2015-08-22 19:04:19','2015-08-22 19:04:19'),(47,11,'ItemLine',NULL,209,1,'2015-08-24','2015-08-24',NULL,NULL,10,NULL,'2015-08-22 19:04:19','2015-08-22 19:04:19'),(48,11,'ItemLine',NULL,210,1,'2015-08-24','2015-08-24',NULL,NULL,10,NULL,'2015-08-22 19:04:19','2015-08-22 19:04:19'),(49,11,'ItemLine',NULL,211,1,'2015-08-24','2015-08-24',NULL,NULL,10,NULL,'2015-08-22 19:04:19','2015-08-22 19:04:19'),(50,11,'ItemLine',NULL,212,1,'2015-08-24','2015-08-24',NULL,NULL,10,NULL,'2015-08-22 19:04:19','2015-08-22 19:04:19'),(51,12,'ItemLine',NULL,213,1,'2015-08-24','2015-08-24',NULL,NULL,11,NULL,'2015-08-22 19:04:19','2015-08-22 19:04:19'),(52,12,'ItemLine',NULL,214,1,'2015-08-24','2015-08-24',NULL,NULL,11,NULL,'2015-08-22 19:04:19','2015-08-22 19:04:19'),(53,12,'ItemLine',NULL,215,1,'2015-08-24','2015-08-24',NULL,NULL,11,NULL,'2015-08-22 19:04:19','2015-08-22 19:04:19'),(54,13,'ItemLine',25,33,1,'2015-08-24','2015-08-24',NULL,NULL,12,NULL,'2015-08-22 19:04:19','2015-08-22 19:04:19'),(55,13,'ItemLine',26,33,1,'2015-08-24','2015-08-24',NULL,NULL,12,NULL,'2015-08-22 19:04:19','2015-08-22 19:04:19'),(56,13,'ItemLine',27,33,1,'2015-08-24','2015-08-24',NULL,NULL,12,NULL,'2015-08-22 19:04:19','2015-08-22 19:04:19'),(57,13,'ItemLine',28,37,1,'2015-08-24','2015-08-24',NULL,NULL,12,NULL,'2015-08-22 19:04:19','2015-08-22 19:04:19'),(58,13,'ItemLine',29,37,1,'2015-08-24','2015-08-24',NULL,NULL,12,NULL,'2015-08-22 19:04:19','2015-08-22 19:04:19'),(59,13,'ItemLine',30,37,1,'2015-08-24','2015-08-24',NULL,NULL,12,NULL,'2015-08-22 19:04:19','2015-08-22 19:04:19'),(60,13,'ItemLine',31,41,1,'2015-08-24','2015-08-24',NULL,NULL,12,NULL,'2015-08-22 19:04:19','2015-08-22 19:04:19'),(61,13,'ItemLine',32,41,1,'2015-08-24','2015-08-24',NULL,NULL,12,NULL,'2015-08-22 19:04:19','2015-08-22 19:04:19'),(62,13,'ItemLine',33,41,1,'2015-08-24','2015-08-24',NULL,NULL,12,NULL,'2015-08-22 19:04:19','2015-08-22 19:04:19'),(63,13,'ItemLine',34,45,1,'2015-08-24','2015-08-24',NULL,NULL,12,NULL,'2015-08-22 19:04:19','2015-08-22 19:04:19'),(64,13,'ItemLine',35,45,1,'2015-08-24','2015-08-24',NULL,NULL,12,NULL,'2015-08-22 19:04:19','2015-08-22 19:04:19'),(65,13,'ItemLine',36,45,1,'2015-08-24','2015-08-24',NULL,NULL,12,NULL,'2015-08-22 19:04:19','2015-08-22 19:04:19'),(66,13,'ItemLine',37,49,1,'2015-08-24','2015-08-24',NULL,NULL,12,NULL,'2015-08-22 19:04:19','2015-08-22 19:04:19'),(67,13,'ItemLine',38,49,1,'2015-08-24','2015-08-24',NULL,NULL,12,NULL,'2015-08-22 19:04:19','2015-08-22 19:04:19'),(68,13,'ItemLine',39,49,1,'2015-08-24','2015-08-24',NULL,NULL,12,NULL,'2015-08-22 19:04:19','2015-08-22 19:04:19'),(69,13,'ItemLine',42,54,1,'2015-08-24','2015-08-24',NULL,NULL,12,NULL,'2015-08-22 19:04:19','2015-08-22 19:04:19'),(70,13,'ItemLine',43,54,1,'2015-08-24','2015-08-24',NULL,NULL,12,NULL,'2015-08-22 19:04:19','2015-08-22 19:04:19'),(71,13,'ItemLine',44,55,1,'2015-08-24','2015-08-24',NULL,NULL,12,NULL,'2015-08-22 19:04:19','2015-08-22 19:04:19'),(72,13,'ItemLine',46,57,1,'2015-08-24','2015-08-24',NULL,NULL,12,NULL,'2015-08-22 19:04:19','2015-08-22 19:04:19'),(73,13,'ItemLine',47,58,1,'2015-08-24','2015-08-24',NULL,NULL,12,NULL,'2015-08-22 19:04:19','2015-08-22 19:04:19'),(74,13,'ItemLine',48,59,1,'2015-08-24','2015-08-24',NULL,NULL,12,NULL,'2015-08-22 19:04:19','2015-08-22 19:04:19'),(75,13,'ItemLine',49,60,1,'2015-08-24','2015-08-24',NULL,NULL,12,NULL,'2015-08-22 19:04:19','2015-08-22 19:04:19'),(76,13,'ItemLine',50,61,1,'2015-08-24','2015-08-24',NULL,NULL,12,NULL,'2015-08-22 19:04:19','2015-08-22 19:04:19'),(77,13,'ItemLine',51,62,1,'2015-08-24','2015-08-24',NULL,NULL,12,NULL,'2015-08-22 19:04:19','2015-08-22 19:04:19'),(78,13,'ItemLine',52,63,1,'2015-08-24','2015-08-24',NULL,NULL,12,NULL,'2015-08-22 19:04:19','2015-08-22 19:04:19'),(79,13,'ItemLine',53,64,1,'2015-08-24','2015-08-24',NULL,NULL,12,NULL,'2015-08-22 19:04:19','2015-08-22 19:04:19'),(80,13,'ItemLine',54,65,1,'2015-08-24','2015-08-24',NULL,NULL,12,NULL,'2015-08-22 19:04:19','2015-08-22 19:04:19'),(81,13,'ItemLine',55,66,1,'2015-08-24','2015-08-24',NULL,NULL,12,NULL,'2015-08-22 19:04:19','2015-08-22 19:04:19'),(82,13,'ItemLine',56,67,1,'2015-08-24','2015-08-24',NULL,NULL,12,NULL,'2015-08-22 19:04:19','2015-08-22 19:04:19'),(83,13,'ItemLine',57,68,1,'2015-08-24','2015-08-24',NULL,NULL,12,NULL,'2015-08-22 19:04:19','2015-08-22 19:04:19'),(84,14,'OptionLine',NULL,NULL,2,'2015-08-22','2015-08-24',NULL,4,13,NULL,'2015-08-22 19:04:19','2015-08-22 19:04:19'),(85,14,'ItemLine',211,216,1,'2015-08-22','2015-08-24',NULL,NULL,13,NULL,'2015-08-22 19:04:19','2015-08-22 19:04:19'),(86,15,'OptionLine',NULL,NULL,2,'2015-08-22','2015-08-22',NULL,5,14,NULL,'2015-08-22 19:04:19','2015-08-22 19:04:19'),(87,15,'OptionLine',NULL,NULL,1,'2015-08-22','2015-09-22',NULL,5,14,NULL,'2015-08-22 19:04:19','2015-08-22 19:04:19'),(88,16,'ItemLine',212,217,1,'2015-08-22','2015-08-24',NULL,NULL,15,NULL,'2015-08-22 19:04:19','2015-08-22 19:04:19'),(89,17,'ItemLine',213,218,1,'2015-08-17','2015-08-21',NULL,NULL,16,NULL,'2015-08-17 00:00:00','2015-08-17 00:00:00'),(90,17,'OptionLine',NULL,NULL,1,'2015-08-17','2015-08-21',NULL,6,16,NULL,'2015-08-17 00:00:00','2015-08-17 00:00:00'),(91,18,'ItemLine',216,222,1,'2015-08-22','2015-08-22','2015-08-22',NULL,17,NULL,'2015-08-22 19:04:19','2015-08-22 19:04:19'),(92,19,'ItemLine',217,223,1,'2015-08-22','2015-08-22','2015-08-22',NULL,18,NULL,'2015-08-22 19:04:19','2015-08-22 19:04:19'),(93,20,'ItemLine',NULL,226,1,'2015-08-24','2015-08-24',NULL,NULL,19,NULL,'2015-08-22 19:04:19','2015-08-22 19:04:19'),(94,20,'ItemLine',NULL,227,1,'2015-08-24','2015-08-24',NULL,NULL,19,NULL,'2015-08-22 19:04:19','2015-08-22 19:04:19'),(95,20,'ItemLine',NULL,228,1,'2015-08-24','2015-08-24',NULL,NULL,19,NULL,'2015-08-22 19:04:19','2015-08-22 19:04:19'),(96,21,'ItemLine',223,229,1,'2015-08-22','2015-08-24',NULL,NULL,20,NULL,'2015-08-22 19:04:19','2015-08-22 19:04:19'),(97,21,'ItemLine',224,230,1,'2015-08-22','2015-08-24',NULL,NULL,20,NULL,'2015-08-22 19:04:19','2015-08-22 19:04:19'),(98,21,'ItemLine',225,231,1,'2015-08-22','2015-08-24',NULL,NULL,20,NULL,'2015-08-22 19:04:19','2015-08-22 19:04:19'),(99,21,'ItemLine',226,232,1,'2015-08-22','2015-08-24',NULL,NULL,20,NULL,'2015-08-22 19:04:19','2015-08-22 19:04:19'),(100,21,'ItemLine',227,233,1,'2015-08-22','2015-08-24',NULL,NULL,20,NULL,'2015-08-22 19:04:19','2015-08-22 19:04:19'),(101,22,'ItemLine',228,234,1,'2015-08-22','2015-08-24',NULL,NULL,21,NULL,'2015-08-22 19:04:19','2015-08-22 19:04:19'),(102,22,'ItemLine',229,235,1,'2015-08-22','2015-08-24',NULL,NULL,21,NULL,'2015-08-22 19:04:19','2015-08-22 19:04:19'),(103,22,'ItemLine',230,236,1,'2015-08-22','2015-08-24',NULL,NULL,21,NULL,'2015-08-22 19:04:19','2015-08-22 19:04:19'),(104,23,'ItemLine',231,237,1,'2015-08-17','2015-08-17',NULL,NULL,22,NULL,'2015-08-17 00:00:00','2015-08-17 00:00:00'),(105,23,'ItemLine',232,238,1,'2015-08-17','2015-08-17',NULL,NULL,22,NULL,'2015-08-17 00:00:00','2015-08-17 00:00:00'),(106,23,'ItemLine',233,239,1,'2015-08-17','2015-08-17',NULL,NULL,22,NULL,'2015-08-17 00:00:00','2015-08-17 00:00:00'),(107,23,'ItemLine',234,240,1,'2015-08-17','2015-08-17',NULL,NULL,22,NULL,'2015-08-17 00:00:00','2015-08-17 00:00:00'),(108,24,'ItemLine',NULL,80,1,'2015-08-29','2015-09-01',NULL,NULL,23,NULL,'2015-08-22 19:04:19','2015-08-22 19:04:19'),(109,24,'ItemLine',NULL,80,1,'2015-08-29','2015-09-01',NULL,NULL,23,NULL,'2015-08-22 19:04:19','2015-08-22 19:04:19'),(110,24,'ItemLine',NULL,80,1,'2015-08-29','2015-09-01',NULL,NULL,23,NULL,'2015-08-22 19:04:19','2015-08-22 19:04:19'),(111,24,'ItemLine',NULL,80,1,'2015-08-29','2015-09-01',NULL,NULL,23,NULL,'2015-08-22 19:04:19','2015-08-22 19:04:19'),(112,24,'ItemLine',NULL,80,1,'2015-08-29','2015-09-01',NULL,NULL,23,NULL,'2015-08-22 19:04:19','2015-08-22 19:04:19'),(113,24,'ItemLine',NULL,112,1,'2015-08-29','2015-09-01',NULL,NULL,23,NULL,'2015-08-22 19:04:19','2015-08-22 19:04:19'),(114,24,'ItemLine',NULL,112,1,'2015-08-29','2015-09-01',NULL,NULL,23,NULL,'2015-08-22 19:04:19','2015-08-22 19:04:19'),(115,24,'ItemLine',NULL,112,1,'2015-08-29','2015-09-01',NULL,NULL,23,NULL,'2015-08-22 19:04:19','2015-08-22 19:04:19'),(116,24,'ItemLine',NULL,112,1,'2015-08-29','2015-09-01',NULL,NULL,23,NULL,'2015-08-22 19:04:19','2015-08-22 19:04:19'),(117,25,'ItemLine',NULL,241,1,'2015-08-24','2015-08-24',NULL,NULL,24,NULL,'2015-08-22 19:04:19','2015-08-22 19:04:19'),(118,25,'ItemLine',NULL,245,1,'2015-08-24','2015-08-24',NULL,NULL,24,NULL,'2015-08-22 19:04:19','2015-08-22 19:04:19'),(119,25,'ItemLine',NULL,249,1,'2015-08-24','2015-08-24',NULL,NULL,24,NULL,'2015-08-22 19:04:19','2015-08-22 19:04:19'),(120,25,'ItemLine',NULL,253,1,'2015-08-24','2015-08-24',NULL,NULL,24,NULL,'2015-08-22 19:04:19','2015-08-22 19:04:19'),(121,25,'ItemLine',NULL,257,1,'2015-08-24','2015-08-24',NULL,NULL,24,NULL,'2015-08-22 19:04:19','2015-08-22 19:04:19'),(122,26,'ItemLine',NULL,261,1,'2015-08-24','2015-08-24',NULL,NULL,25,NULL,'2015-08-22 19:04:19','2015-08-22 19:04:19'),(123,26,'ItemLine',NULL,265,1,'2015-08-24','2015-08-24',NULL,NULL,25,NULL,'2015-08-22 19:04:19','2015-08-22 19:04:19'),(124,26,'ItemLine',NULL,269,1,'2015-08-24','2015-08-24',NULL,NULL,25,NULL,'2015-08-22 19:04:19','2015-08-22 19:04:19'),(125,26,'ItemLine',NULL,273,1,'2015-08-24','2015-08-24',NULL,NULL,25,NULL,'2015-08-22 19:04:19','2015-08-22 19:04:19'),(126,26,'ItemLine',NULL,277,1,'2015-08-24','2015-08-24',NULL,NULL,25,NULL,'2015-08-22 19:04:19','2015-08-22 19:04:19'),(127,27,'ItemLine',NULL,112,1,'2015-08-24','2015-08-24',NULL,NULL,26,NULL,'2015-08-22 19:04:19','2015-08-22 19:04:19'),(128,28,'ItemLine',NULL,112,1,'2015-08-24','2015-08-24',NULL,NULL,27,NULL,'2015-08-22 19:04:19','2015-08-22 19:04:19'),(129,28,'ItemLine',NULL,80,1,'2015-08-24','2015-08-24',NULL,NULL,27,NULL,'2015-08-22 19:04:19','2015-08-22 19:04:19'),(130,29,'ItemLine',NULL,112,1,'2015-08-29','2015-08-30',NULL,NULL,28,NULL,'2015-08-22 19:04:19','2015-08-22 19:04:19'),(131,30,'ItemLine',NULL,54,1,'2015-08-24','2015-08-24',NULL,NULL,29,NULL,'2015-08-22 19:04:19','2015-08-22 19:04:19'),(132,30,'ItemLine',NULL,54,1,'2015-08-24','2015-08-24',NULL,NULL,29,NULL,'2015-08-22 19:04:19','2015-08-22 19:04:19'),(133,30,'ItemLine',NULL,54,1,'2015-08-24','2015-08-24',NULL,NULL,29,NULL,'2015-08-22 19:04:19','2015-08-22 19:04:19'),(134,31,'ItemLine',NULL,80,1,'2015-08-24','2015-08-24',NULL,NULL,30,NULL,'2015-08-22 19:04:19','2015-08-22 19:04:19'),(135,31,'ItemLine',NULL,112,1,'2015-08-24','2015-08-24',NULL,NULL,30,NULL,'2015-08-22 19:04:19','2015-08-22 19:04:19'),(136,31,'ItemLine',NULL,80,1,'2015-08-24','2015-08-24',NULL,NULL,30,NULL,'2015-08-22 19:04:19','2015-08-22 19:04:19'),(137,31,'ItemLine',NULL,112,1,'2015-08-24','2015-08-24',NULL,NULL,30,NULL,'2015-08-22 19:04:19','2015-08-22 19:04:19'),(138,31,'ItemLine',NULL,80,1,'2015-08-24','2015-08-24',NULL,NULL,30,NULL,'2015-08-22 19:04:19','2015-08-22 19:04:19'),(139,31,'ItemLine',NULL,112,1,'2015-08-24','2015-08-24',NULL,NULL,30,NULL,'2015-08-22 19:04:19','2015-08-22 19:04:19'),(140,31,'OptionLine',NULL,NULL,5,'2015-08-24','2015-08-24',NULL,1,30,NULL,'2015-08-22 19:04:19','2015-08-22 19:04:19'),(141,32,'ItemLine',NULL,151,1,'2015-08-24','2015-08-24',NULL,NULL,NULL,NULL,'2015-08-22 19:04:19','2015-08-22 19:04:19'),(142,33,'ItemLine',265,281,1,'2015-08-24','2015-08-24',NULL,NULL,NULL,NULL,'2015-08-22 19:04:19','2015-08-22 19:04:19'),(143,34,'ItemLine',69,80,1,'2015-08-22','2015-08-22',NULL,NULL,33,NULL,'2015-08-22 19:04:19','2015-08-22 19:04:19'),(144,35,'ItemLine',266,282,1,'2015-08-22','2015-08-22',NULL,NULL,34,NULL,'2015-08-22 19:04:19','2015-08-22 19:04:19'),(145,36,'ItemLine',40,53,1,'2015-08-22','2015-08-22',NULL,NULL,35,NULL,'2015-08-22 19:04:19','2015-08-22 19:04:19'),(146,36,'ItemLine',217,223,1,'2015-08-22','2015-08-22','2015-08-22',NULL,35,18,'2015-08-22 19:04:19','2015-08-22 19:04:19'),(147,37,'ItemLine',45,54,1,'2015-08-22','2015-08-22',NULL,NULL,36,NULL,'2015-08-22 19:04:19','2015-08-22 19:04:19'),(148,38,'ItemLine',267,283,1,'2015-08-22','2015-08-22',NULL,NULL,37,NULL,'2015-08-22 19:04:19','2015-08-22 19:04:19'),(149,39,'ItemLine',110,115,1,'2015-08-22','2015-08-23',NULL,NULL,38,NULL,'2015-08-22 19:04:19','2015-08-22 19:04:19'),(150,40,'ItemLine',NULL,80,1,'2015-08-29','2015-09-01',NULL,NULL,39,NULL,'2015-08-22 19:04:19','2015-08-22 19:04:19'),(151,40,'ItemLine',NULL,112,1,'2015-08-29','2015-09-01',NULL,NULL,39,NULL,'2015-08-22 19:04:19','2015-08-22 19:04:19'),(152,40,'ItemLine',NULL,112,1,'2015-08-30','2015-09-02',NULL,NULL,39,NULL,'2015-08-22 19:04:19','2015-08-22 19:04:19'),(153,41,'ItemLine',NULL,58,1,'2015-08-22','2015-08-23',NULL,NULL,39,NULL,'2015-08-22 19:04:19','2015-08-22 19:04:19'),(154,42,'ItemLine',NULL,54,1,'2015-08-20','2015-08-23',NULL,NULL,40,NULL,'2015-08-22 19:04:19','2015-08-22 19:04:19'),(155,42,'ItemLine',NULL,284,1,'2015-08-20','2015-08-23',NULL,NULL,40,NULL,'2015-08-22 19:04:19','2015-08-22 19:04:19'),(156,43,'ItemLine',139,54,1,'2015-08-22','2015-08-22',NULL,NULL,41,NULL,'2015-08-22 19:04:19','2015-08-22 19:04:19'),(157,43,'OptionLine',NULL,NULL,1,'2015-08-22','2015-08-22',NULL,1,41,NULL,'2015-08-22 19:04:19','2015-08-22 19:04:19'),(158,44,'ItemLine',NULL,80,1,'2015-09-28','2015-10-06',NULL,NULL,42,NULL,'2015-08-22 19:04:19','2015-08-22 19:04:19'),(159,45,'ItemLine',NULL,80,1,'2015-10-13','2015-10-16',NULL,NULL,43,NULL,'2015-08-22 19:04:19','2015-08-22 19:04:19'),(160,45,'ItemLine',NULL,80,1,'2015-10-13','2015-10-16',NULL,NULL,43,NULL,'2015-08-22 19:04:19','2015-08-22 19:04:19'),(161,45,'ItemLine',NULL,80,1,'2015-10-13','2015-10-16',NULL,NULL,43,NULL,'2015-08-22 19:04:19','2015-08-22 19:04:19'),(162,45,'ItemLine',NULL,80,1,'2015-10-13','2015-10-16',NULL,NULL,43,NULL,'2015-08-22 19:04:19','2015-08-22 19:04:19'),(163,45,'ItemLine',NULL,80,1,'2015-10-13','2015-10-16',NULL,NULL,43,NULL,'2015-08-22 19:04:19','2015-08-22 19:04:19'),(164,45,'ItemLine',NULL,80,1,'2015-10-13','2015-10-16',NULL,NULL,43,NULL,'2015-08-22 19:04:19','2015-08-22 19:04:19'),(165,46,'ItemLine',NULL,33,1,'2015-08-24','2015-08-24',NULL,NULL,44,NULL,'2015-08-22 19:04:19','2015-08-22 19:04:19'),(166,47,'ItemLine',105,112,1,'2015-08-17','2015-08-21',NULL,NULL,45,NULL,'2015-08-17 00:00:00','2015-08-17 00:00:00');
/*!40000 ALTER TABLE `contract_lines` ENABLE KEYS */;
UNLOCK TABLES;

--
-- Table structure for table `contracts`
--

DROP TABLE IF EXISTS `contracts`;
/*!40101 SET @saved_cs_client     = @@character_set_client */;
/*!40101 SET character_set_client = utf8 */;
CREATE TABLE `contracts` (
  `id` int(11) NOT NULL AUTO_INCREMENT,
  `user_id` int(11) DEFAULT NULL,
  `delegated_user_id` int(11) DEFAULT NULL,
  `inventory_pool_id` int(11) DEFAULT NULL,
  `note` text COLLATE utf8_unicode_ci,
  `handed_over_by_user_id` int(11) DEFAULT NULL,
  `created_at` datetime DEFAULT NULL,
  `updated_at` datetime DEFAULT NULL,
  `status` enum('unsubmitted','submitted','rejected','approved','signed','closed') COLLATE utf8_unicode_ci NOT NULL,
  PRIMARY KEY (`id`),
  KEY `index_contracts_on_inventory_pool_id` (`inventory_pool_id`),
  KEY `index_contracts_on_status` (`status`),
  KEY `index_contracts_on_user_id` (`user_id`)
) ENGINE=InnoDB AUTO_INCREMENT=48 DEFAULT CHARSET=utf8 COLLATE=utf8_unicode_ci;
/*!40101 SET character_set_client = @saved_cs_client */;

--
-- Dumping data for table `contracts`
--

LOCK TABLES `contracts` WRITE;
/*!40000 ALTER TABLE `contracts` DISABLE KEYS */;
INSERT INTO `contracts` VALUES (1,5,NULL,5,NULL,NULL,'2015-08-22 19:04:19','2015-08-22 19:04:19','unsubmitted'),(2,6,NULL,9,NULL,NULL,'2015-08-22 19:04:19','2015-08-22 19:04:19','approved'),(3,7,NULL,1,NULL,NULL,'2015-08-22 19:04:19','2015-08-22 19:04:19','closed'),(4,12,NULL,1,NULL,NULL,'2015-08-16 23:51:02','2015-08-16 23:51:02','submitted'),(5,12,NULL,1,NULL,NULL,'2015-08-16 23:51:02','2015-08-16 23:51:02','approved'),(6,12,NULL,1,NULL,NULL,'2015-08-16 23:51:02','2015-08-16 23:51:02','rejected'),(7,12,NULL,1,NULL,NULL,'2015-08-15 19:41:12','2015-08-15 19:41:12','submitted'),(8,12,NULL,1,NULL,NULL,'2015-08-20 06:20:20','2015-08-20 06:20:20','submitted'),(9,13,NULL,1,NULL,NULL,'2015-08-22 19:04:19','2015-08-22 19:04:19','submitted'),(10,14,NULL,1,NULL,NULL,'2015-08-22 19:04:19','2015-08-22 19:04:19','submitted'),(11,15,NULL,1,NULL,NULL,'2015-08-22 19:04:19','2015-08-22 19:04:19','submitted'),(12,16,NULL,1,NULL,NULL,'2015-08-22 19:04:19','2015-08-22 19:04:19','submitted'),(13,20,NULL,1,NULL,NULL,'2015-08-22 19:04:19','2015-08-22 19:04:19','approved'),(14,21,NULL,1,NULL,18,'2015-08-22 19:04:19','2015-08-22 19:04:19','signed'),(15,22,NULL,1,NULL,18,'2015-08-22 19:04:19','2015-08-22 19:04:19','signed'),(16,23,NULL,1,NULL,18,'2015-08-22 19:04:19','2015-08-22 19:04:19','signed'),(17,24,NULL,2,NULL,18,'2015-08-17 00:00:00','2015-08-17 00:00:00','signed'),(18,26,NULL,1,NULL,18,'2015-08-22 19:04:19','2015-08-22 19:04:19','closed'),(19,27,NULL,1,NULL,18,'2015-08-22 19:04:19','2015-08-22 19:04:19','closed'),(20,30,28,1,NULL,NULL,'2015-08-22 19:04:19','2015-08-22 19:04:19','submitted'),(21,30,29,1,NULL,NULL,'2015-08-22 19:04:19','2015-08-22 19:04:19','approved'),(22,30,28,1,NULL,18,'2015-08-22 19:04:19','2015-08-22 19:04:19','signed'),(23,30,28,1,NULL,18,'2015-08-17 00:00:00','2015-08-17 00:00:00','signed'),(24,34,NULL,1,NULL,NULL,'2015-08-22 19:04:19','2015-08-22 19:04:19','submitted'),(25,34,NULL,3,NULL,NULL,'2015-08-22 19:04:19','2015-08-22 19:04:19','submitted'),(26,34,NULL,1,NULL,NULL,'2015-08-22 19:04:19','2015-08-22 19:04:19','submitted'),(27,34,NULL,1,NULL,NULL,'2015-08-22 19:04:19','2015-08-22 19:04:19','approved'),(28,34,NULL,1,NULL,NULL,'2015-08-22 19:04:19','2015-08-22 19:04:19','approved'),(29,34,NULL,1,NULL,NULL,'2015-08-22 19:04:19','2015-08-22 19:04:19','approved'),(30,34,NULL,1,NULL,NULL,'2015-08-22 19:04:19','2015-08-22 19:04:19','approved'),(31,34,NULL,1,NULL,NULL,'2015-08-22 19:04:19','2015-08-22 19:04:19','approved'),(32,34,NULL,1,NULL,NULL,'2015-08-22 19:04:19','2015-08-22 19:04:19','approved'),(33,34,NULL,1,NULL,NULL,'2015-08-22 19:04:19','2015-08-22 19:04:19','approved'),(34,34,NULL,1,NULL,18,'2015-08-22 19:04:19','2015-08-22 19:04:19','signed'),(35,34,NULL,1,NULL,18,'2015-08-22 19:04:19','2015-08-22 19:04:19','signed'),(36,34,NULL,2,NULL,18,'2015-08-22 19:04:19','2015-08-22 19:04:19','signed'),(37,34,NULL,2,NULL,18,'2015-08-22 19:04:19','2015-08-22 19:04:19','signed'),(38,34,NULL,2,NULL,18,'2015-08-22 19:04:19','2015-08-22 19:04:19','signed'),(39,34,NULL,1,NULL,18,'2015-08-22 19:04:19','2015-08-22 19:04:19','signed'),(40,35,NULL,1,NULL,NULL,'2015-08-22 19:04:19','2015-08-22 19:04:19','submitted'),(41,35,NULL,1,NULL,NULL,'2015-08-22 19:04:19','2015-08-22 19:04:19','submitted'),(42,35,NULL,1,NULL,NULL,'2015-08-22 19:04:19','2015-08-22 19:04:19','approved'),(43,35,NULL,1,NULL,18,'2015-08-22 19:04:19','2015-08-22 19:04:19','signed'),(44,36,NULL,1,NULL,NULL,'2015-08-22 19:04:19','2015-08-22 19:04:19','submitted'),(45,36,NULL,1,NULL,NULL,'2015-08-22 19:04:19','2015-08-22 19:04:19','submitted'),(46,36,NULL,1,NULL,NULL,'2015-08-22 19:04:19','2015-08-22 19:04:19','approved'),(47,36,NULL,1,NULL,18,'2015-08-17 00:00:00','2015-08-17 00:00:00','signed');
/*!40000 ALTER TABLE `contracts` ENABLE KEYS */;
UNLOCK TABLES;

--
-- Table structure for table `database_authentications`
--

DROP TABLE IF EXISTS `database_authentications`;
/*!40101 SET @saved_cs_client     = @@character_set_client */;
/*!40101 SET character_set_client = utf8 */;
CREATE TABLE `database_authentications` (
  `id` int(11) NOT NULL AUTO_INCREMENT,
  `login` varchar(255) COLLATE utf8_unicode_ci DEFAULT NULL,
  `crypted_password` varchar(40) COLLATE utf8_unicode_ci DEFAULT NULL,
  `salt` varchar(40) COLLATE utf8_unicode_ci DEFAULT NULL,
  `user_id` int(11) DEFAULT NULL,
  `created_at` datetime DEFAULT NULL,
  `updated_at` datetime DEFAULT NULL,
  PRIMARY KEY (`id`)
) ENGINE=InnoDB AUTO_INCREMENT=33 DEFAULT CHARSET=utf8 COLLATE=utf8_unicode_ci;
/*!40101 SET character_set_client = @saved_cs_client */;

--
-- Dumping data for table `database_authentications`
--

LOCK TABLES `database_authentications` WRITE;
/*!40000 ALTER TABLE `database_authentications` DISABLE KEYS */;
INSERT INTO `database_authentications` VALUES (1,'ramon','4631fc0dbafed9b9fcabd62f36e500a455dd9dbc','5d1f51c8f31901299576820d09631ae8b1ca6b59',1,'2015-08-22 19:04:19','2015-08-22 19:04:19'),(2,'olaf_5469','aca6aa7288dc6b3b6fac0c4d5d52492a822402a6','a4b52f9e552285f04eb9cdaa3cc9a2c6e3348210',2,'2015-08-22 19:04:19','2015-08-22 19:04:19'),(3,'alyon.hills_4654','742c6f3996e56feadf3067f608733fe2964072b6','b92d2c63d94f2de0ac0144b18eec726ceef5631d',3,'2015-08-22 19:04:19','2015-08-22 19:04:19'),(4,'brandt_9301','4d9f9721b265839b75c968e2e2302f25a28a14ba','691a8282309c874f91594ac806d23c0fb7c197cf',4,'2015-08-22 19:04:19','2015-08-22 19:04:19'),(5,'tania_paucek_3950','3187aa65a820d9d84e8ac6639103addb5f3d5ca2','6606a34e37d8134a56975ec2fcb83fade9e5a8a5',5,'2015-08-22 19:04:19','2015-08-22 19:04:19'),(6,'clint_altenwerth_5828','ec09161ac3ec7e8ea6f58e713db7248d4a74a95c','061bb7952a708f3f002a759401b4110cf0ffbc70',6,'2015-08-22 19:04:19','2015-08-22 19:04:19'),(7,'rey.littel_6443','a4e389c6f199cc3b2938cf7166978262ad21d922','7b57b715be2fc94cac02d652364c82f02db65e95',7,'2015-08-22 19:04:19','2015-08-22 19:04:19'),(8,'matti','814a66c40c3c181ef63d0207e4eb59796b967f68','523ac1ff83f1bbc08749d8bbc1b55a031f7893fa',8,'2015-08-22 19:04:19','2015-08-22 19:04:19'),(9,'mike','df651451967a101b91f2d2af44e247c68fece990','eec1d61eae33e016d9cea0377d9e8d59686d2c40',9,'2015-08-22 19:04:19','2015-08-22 19:04:19'),(10,'andi','eb1f67205fd98d8d8e5a8e144c065c0a1d8b9435','4f96ce6ea60f7fa6d2de3d52b88f2c68e42a89e5',10,'2015-08-22 19:04:19','2015-08-22 19:04:19'),(11,'grover_1420','0507d9e47f7d899c3c47132d70a0fcd82eafc2e9','79052b2b3bc2900e4c8ff543909911e1415a3b6d',11,'2015-08-22 19:04:19','2015-08-22 19:04:19'),(12,'adella.bahringer_3928','290913c8ca1c68a433290bc4531fba66e9dbbb85','dadfa7fd848b699ae832d09b860e9c81730e5f34',12,'2015-08-22 19:04:19','2015-08-22 19:04:19'),(13,'marcia_ziemann_906','8da8c5937eb98799f20eaec00f1c91f66c9bd6fd','f672c9ff0f4ce26ae7fee52b574246d359c7ca80',13,'2015-08-22 19:04:19','2015-08-22 19:04:19'),(14,'oswald_178','6d1799960612a406fa98513e54d67d01bd005aec','76e2eb63da646833e449d4731f88101be37f9d6c',14,'2015-08-22 19:04:19','2015-08-22 19:04:19'),(15,'narciso.steuber_1083','6cd47c84b833b17d9825d501610650a2286288e4','f85b90806976a0e3b5285926ce8358e6da9de8b9',15,'2015-08-22 19:04:19','2015-08-22 19:04:19'),(16,'rylee_5876','0c00f03959d1fc91ae8e03d13a5308d78c48eba0','652928094eaf03ffd0fe005261907db111273117',16,'2015-08-22 19:04:19','2015-08-22 19:04:19'),(17,'gino','79e08f7c621bd6465e63c81fb8ccbc36b2b3e70d','28d09cda6f81083eecdfcaf4f3bf8130bb2e4173',17,'2015-08-22 19:04:19','2015-08-22 19:04:19'),(18,'pius','e5e973384a820504b056e1105dc9f547d5afa3db','54def09efbc6220468b2ed537d6ee1fce3e9d155',18,'2015-08-22 19:04:19','2015-08-22 19:04:19'),(19,'peter','967ec1c6ef17513b8b70d21f80ba0262b6cd4023','0e6b68612feef3571a49c305e9066ca2271a406c',19,'2015-08-22 19:04:19','2015-08-22 19:04:19'),(20,'king_9004','8376a4a78bd6f34ecb82a6f847f206e99130e877','e8eb6deae882c1eba0ef3fbed84b312b55ebe250',20,'2015-08-22 19:04:19','2015-08-22 19:04:19'),(21,'ellie.abshire_4726','23706da0d6d7fbed0857b9079a5a28f2c5fdeb05','807f6c41dea9f56091d826e2392affc27ec4f573',21,'2015-08-22 19:04:19','2015-08-22 19:04:19'),(22,'jackeline.bailey_1956','ff21837c0c31478c32a6d126a3dd128963102bef','83a05856128a0d54b592471a5e2600b87c50f2ab',22,'2015-08-22 19:04:19','2015-08-22 19:04:19'),(23,'joanny_5205','d06923207f0d5f640eab04476d7fd893a575960b','8a10f3f0c448c880d1e6b18ce29d132cdc9d955c',23,'2015-08-22 19:04:19','2015-08-22 19:04:19'),(24,'idell_5656','35e4fcb2239ddfb1c4ea141ef7c10e548fbe640a','b23619f79d343af3ab522e8703622e00c68307a7',24,'2015-08-17 00:00:00','2015-08-17 00:00:00'),(25,'ashlynn_weimann_4197','2ba0db2e52aa69f1ac0184aa0cd006200ea21bf7','ff4134e18576282170583c19232a447966c3235b',25,'2015-08-17 00:00:00','2015-08-17 00:00:00'),(26,'barney_ebert_7925','cb886429b75339b6e97f27dd7762ea2e07efdc77','81c33b3df78c4678979dcf949f3fe5cdc391a53d',26,'2015-08-22 19:04:19','2015-08-22 19:04:19'),(27,'lesley_reichel_6071','207d7ecb2d97a9f6b46b10217d37147f17fc62ad','c8cfe9b8eebce7c8839ec57aba925ec63dc1afcd',27,'2015-08-22 19:04:19','2015-08-22 19:04:19'),(28,'mina','a15c51bd104f29636bf1712caa9c4951641fe665','7fb6246cf0f335cd825b9eea092700beb161e469',28,'2015-08-22 19:04:19','2015-08-22 19:04:19'),(29,'julie','f3109c7089f6823b77537774bc8e8b4aa82a21b0','197367742f074404fdef1163e4564cda37fbe382',29,'2015-08-22 19:04:19','2015-08-22 19:04:19'),(30,'normin','012ad1c0a05eb9df2f92643c687b0269a414d843','826cb0789a4f06e125538bce2e78078c54b3e38c',34,'2015-08-22 19:04:19','2015-08-22 19:04:19'),(31,'petra','ab8eb1b36025c2f2c5a6e39e113cd613ac305e5f','eb2ef5fa986ffa4cb9d6c23a937aa279607c733b',35,'2015-08-22 19:04:19','2015-08-22 19:04:19'),(32,'lisa','daf68d6ba9f3347ce969452022064033fbdf69e2','699daa2997b58757b420c63df4a7f2a6cc0e854e',36,'2015-08-22 19:04:19','2015-08-22 19:04:19');
/*!40000 ALTER TABLE `database_authentications` ENABLE KEYS */;
UNLOCK TABLES;

--
-- Table structure for table `delegations_users`
--

DROP TABLE IF EXISTS `delegations_users`;
/*!40101 SET @saved_cs_client     = @@character_set_client */;
/*!40101 SET character_set_client = utf8 */;
CREATE TABLE `delegations_users` (
  `delegation_id` int(11) DEFAULT NULL,
  `user_id` int(11) DEFAULT NULL,
  UNIQUE KEY `index_delegations_users_on_user_id_and_delegation_id` (`user_id`,`delegation_id`),
  KEY `index_delegations_users_on_delegation_id` (`delegation_id`)
) ENGINE=InnoDB DEFAULT CHARSET=utf8 COLLATE=utf8_unicode_ci;
/*!40101 SET character_set_client = @saved_cs_client */;

--
-- Dumping data for table `delegations_users`
--

LOCK TABLES `delegations_users` WRITE;
/*!40000 ALTER TABLE `delegations_users` DISABLE KEYS */;
INSERT INTO `delegations_users` VALUES (30,28),(31,28),(32,28),(33,28),(30,29),(31,29),(32,29),(33,29);
/*!40000 ALTER TABLE `delegations_users` ENABLE KEYS */;
UNLOCK TABLES;

--
-- Table structure for table `groups`
--

DROP TABLE IF EXISTS `groups`;
/*!40101 SET @saved_cs_client     = @@character_set_client */;
/*!40101 SET character_set_client = utf8 */;
CREATE TABLE `groups` (
  `id` int(11) NOT NULL AUTO_INCREMENT,
  `name` varchar(255) COLLATE utf8_unicode_ci DEFAULT NULL,
  `inventory_pool_id` int(11) DEFAULT NULL,
  `is_verification_required` tinyint(1) DEFAULT '0',
  `created_at` datetime DEFAULT NULL,
  `updated_at` datetime DEFAULT NULL,
  PRIMARY KEY (`id`),
  KEY `index_groups_on_inventory_pool_id` (`inventory_pool_id`),
  KEY `index_groups_on_is_verification_required` (`is_verification_required`)
) ENGINE=InnoDB AUTO_INCREMENT=10 DEFAULT CHARSET=utf8 COLLATE=utf8_unicode_ci;
/*!40101 SET character_set_client = @saved_cs_client */;

--
-- Dumping data for table `groups`
--

LOCK TABLES `groups` WRITE;
/*!40000 ALTER TABLE `groups` DISABLE KEYS */;
INSERT INTO `groups` VALUES (1,'Cast',1,0,'2015-08-22 19:04:19','2015-08-22 19:04:19'),(2,'IAD',1,0,'2015-08-22 19:04:19','2015-08-22 19:04:19'),(3,'Wu',1,0,'2015-08-22 19:04:19','2015-08-22 19:04:19'),(4,'Group Hifi',1,0,'2015-08-22 19:04:19','2015-08-22 19:04:19'),(5,'Group A',1,0,'2015-08-22 19:04:19','2015-08-22 19:04:19'),(6,'Group B',1,0,'2015-08-22 19:04:19','2015-08-22 19:04:19'),(7,'FFI',1,1,'2015-08-22 19:04:19','2015-08-22 19:04:19'),(8,'VTO',1,1,'2015-08-22 19:04:19','2015-08-22 19:04:19'),(9,'1. Semester',2,1,'2015-08-22 19:04:19','2015-08-22 19:04:19');
/*!40000 ALTER TABLE `groups` ENABLE KEYS */;
UNLOCK TABLES;

--
-- Table structure for table `groups_users`
--

DROP TABLE IF EXISTS `groups_users`;
/*!40101 SET @saved_cs_client     = @@character_set_client */;
/*!40101 SET character_set_client = utf8 */;
CREATE TABLE `groups_users` (
  `user_id` int(11) DEFAULT NULL,
  `group_id` int(11) DEFAULT NULL,
  UNIQUE KEY `index_groups_users_on_user_id_and_group_id` (`user_id`,`group_id`),
  KEY `index_groups_users_on_group_id` (`group_id`)
) ENGINE=InnoDB DEFAULT CHARSET=utf8 COLLATE=utf8_unicode_ci;
/*!40101 SET character_set_client = @saved_cs_client */;

--
-- Dumping data for table `groups_users`
--

LOCK TABLES `groups_users` WRITE;
/*!40000 ALTER TABLE `groups_users` DISABLE KEYS */;
INSERT INTO `groups_users` VALUES (12,7),(12,8),(13,7),(14,7),(14,8),(15,7),(15,9),(16,7),(34,1),(36,1);
/*!40000 ALTER TABLE `groups_users` ENABLE KEYS */;
UNLOCK TABLES;

--
-- Table structure for table `histories`
--

DROP TABLE IF EXISTS `histories`;
/*!40101 SET @saved_cs_client     = @@character_set_client */;
/*!40101 SET character_set_client = utf8 */;
CREATE TABLE `histories` (
  `id` int(11) NOT NULL AUTO_INCREMENT,
  `text` varchar(255) COLLATE utf8_unicode_ci DEFAULT '',
  `type_const` int(11) DEFAULT NULL,
  `created_at` datetime NOT NULL,
  `target_id` int(11) NOT NULL,
  `target_type` varchar(255) COLLATE utf8_unicode_ci NOT NULL,
  `user_id` int(11) DEFAULT NULL,
  PRIMARY KEY (`id`),
  KEY `index_histories_on_target_type_and_target_id` (`target_type`,`target_id`),
  KEY `index_histories_on_type_const` (`type_const`),
  KEY `index_histories_on_user_id` (`user_id`)
) ENGINE=InnoDB AUTO_INCREMENT=17 DEFAULT CHARSET=utf8 COLLATE=utf8_unicode_ci;
/*!40101 SET character_set_client = @saved_cs_client */;

--
-- Dumping data for table `histories`
--

LOCK TABLES `histories` WRITE;
/*!40000 ALTER TABLE `histories` DISABLE KEYS */;
INSERT INTO `histories` VALUES (1,'Contract 14 has been signed by Miracle Braun',1,'2015-08-22 19:04:19',14,'Contract',18),(2,'Contract 15 has been signed by Akeem Stoltenberg',1,'2015-08-22 19:04:19',15,'Contract',18),(3,'Contract 16 has been signed by Constance O\'Conner',1,'2015-08-22 19:04:19',16,'Contract',18),(4,'Contract 17 has been signed by Cristopher Conn',1,'2015-08-17 00:00:00',17,'Contract',18),(5,'Contract 18 has been signed by Vernon Muller',1,'2015-08-22 19:04:19',18,'Contract',18),(6,'Contract 19 has been signed by Marcelino Kozey',1,'2015-08-22 19:04:19',19,'Contract',18),(7,'Contract 22 has been signed by Cumque autem perferendis et doloribus impedit et ut blanditiis.',1,'2015-08-22 19:04:19',22,'Contract',18),(8,'Contract 23 has been signed by Cumque autem perferendis et doloribus impedit et ut blanditiis.',1,'2015-08-17 00:00:00',23,'Contract',18),(9,'Contract 34 has been signed by Normin N.',1,'2015-08-22 19:04:19',34,'Contract',18),(10,'Contract 35 has been signed by Normin N.',1,'2015-08-22 19:04:19',35,'Contract',18),(11,'Contract 36 has been signed by Normin N.',1,'2015-08-22 19:04:19',36,'Contract',18),(12,'Contract 37 has been signed by Normin N.',1,'2015-08-22 19:04:19',37,'Contract',18),(13,'Contract 38 has been signed by Normin N.',1,'2015-08-22 19:04:19',38,'Contract',18),(14,'Contract 39 has been signed by Normin N.',1,'2015-08-22 19:04:19',39,'Contract',18),(15,'Contract 43 has been signed by Petra K.',1,'2015-08-22 19:04:19',43,'Contract',18),(16,'Contract 47 has been signed by Lisa L.',1,'2015-08-17 00:00:00',47,'Contract',18);
/*!40000 ALTER TABLE `histories` ENABLE KEYS */;
UNLOCK TABLES;

--
-- Table structure for table `holidays`
--

DROP TABLE IF EXISTS `holidays`;
/*!40101 SET @saved_cs_client     = @@character_set_client */;
/*!40101 SET character_set_client = utf8 */;
CREATE TABLE `holidays` (
  `id` int(11) NOT NULL AUTO_INCREMENT,
  `inventory_pool_id` int(11) DEFAULT NULL,
  `start_date` date DEFAULT NULL,
  `end_date` date DEFAULT NULL,
  `name` varchar(255) COLLATE utf8_unicode_ci DEFAULT NULL,
  PRIMARY KEY (`id`),
  KEY `index_holidays_on_inventory_pool_id` (`inventory_pool_id`),
  KEY `index_holidays_on_start_date_and_end_date` (`start_date`,`end_date`)
) ENGINE=InnoDB AUTO_INCREMENT=5 DEFAULT CHARSET=utf8 COLLATE=utf8_unicode_ci;
/*!40101 SET character_set_client = @saved_cs_client */;

--
-- Dumping data for table `holidays`
--

LOCK TABLES `holidays` WRITE;
/*!40000 ALTER TABLE `holidays` DISABLE KEYS */;
INSERT INTO `holidays` VALUES (1,1,'2015-12-24','2015-12-24','Christmas'),(2,2,'2015-12-24','2015-12-24','Christmas'),(3,3,'2015-12-24','2015-12-24','Christmas'),(4,1,'2015-12-24','2015-12-24','Christmas');
/*!40000 ALTER TABLE `holidays` ENABLE KEYS */;
UNLOCK TABLES;

--
-- Table structure for table `images`
--

DROP TABLE IF EXISTS `images`;
/*!40101 SET @saved_cs_client     = @@character_set_client */;
/*!40101 SET character_set_client = utf8 */;
CREATE TABLE `images` (
  `id` int(11) NOT NULL AUTO_INCREMENT,
  `is_main` tinyint(1) DEFAULT '0',
  `content_type` varchar(255) COLLATE utf8_unicode_ci DEFAULT NULL,
  `filename` varchar(255) COLLATE utf8_unicode_ci DEFAULT NULL,
  `size` int(11) DEFAULT NULL,
  `height` int(11) DEFAULT NULL,
  `width` int(11) DEFAULT NULL,
  `parent_id` int(11) DEFAULT NULL,
  `thumbnail` varchar(255) COLLATE utf8_unicode_ci DEFAULT NULL,
  `target_id` int(11) DEFAULT NULL,
  `target_type` varchar(255) COLLATE utf8_unicode_ci DEFAULT NULL,
  PRIMARY KEY (`id`),
  KEY `index_images_on_target_id_and_target_type` (`target_id`,`target_type`)
) ENGINE=InnoDB AUTO_INCREMENT=5 DEFAULT CHARSET=utf8 COLLATE=utf8_unicode_ci;
/*!40101 SET character_set_client = @saved_cs_client */;

--
-- Dumping data for table `images`
--

LOCK TABLES `images` WRITE;
/*!40000 ALTER TABLE `images` DISABLE KEYS */;
INSERT INTO `images` VALUES (1,0,'image/jpeg','eaque',NULL,NULL,NULL,NULL,NULL,1,'ModelGroup'),(2,0,'image/jpeg','quae',NULL,NULL,NULL,NULL,NULL,149,'Model'),(3,0,'image/jpeg','nam',NULL,NULL,NULL,NULL,NULL,149,'Model'),(4,0,'image/jpeg','animi',NULL,NULL,NULL,NULL,NULL,150,'Model');
/*!40000 ALTER TABLE `images` ENABLE KEYS */;
UNLOCK TABLES;

--
-- Table structure for table `inventory_pools`
--

DROP TABLE IF EXISTS `inventory_pools`;
/*!40101 SET @saved_cs_client     = @@character_set_client */;
/*!40101 SET character_set_client = utf8 */;
CREATE TABLE `inventory_pools` (
  `id` int(11) NOT NULL AUTO_INCREMENT,
  `name` varchar(255) COLLATE utf8_unicode_ci DEFAULT NULL,
  `description` text COLLATE utf8_unicode_ci,
  `contact_details` varchar(255) COLLATE utf8_unicode_ci DEFAULT NULL,
  `contract_description` varchar(255) COLLATE utf8_unicode_ci DEFAULT NULL,
  `contract_url` varchar(255) COLLATE utf8_unicode_ci DEFAULT NULL,
  `logo_url` varchar(255) COLLATE utf8_unicode_ci DEFAULT NULL,
  `default_contract_note` text COLLATE utf8_unicode_ci,
  `shortname` varchar(255) COLLATE utf8_unicode_ci DEFAULT NULL,
  `email` varchar(255) COLLATE utf8_unicode_ci DEFAULT NULL,
  `color` text COLLATE utf8_unicode_ci,
  `print_contracts` tinyint(1) DEFAULT '1',
  `opening_hours` text COLLATE utf8_unicode_ci,
  `address_id` int(11) DEFAULT NULL,
  `automatic_suspension` tinyint(1) NOT NULL DEFAULT '0',
  `automatic_suspension_reason` text COLLATE utf8_unicode_ci,
  `automatic_access` tinyint(1) DEFAULT NULL,
  PRIMARY KEY (`id`),
  UNIQUE KEY `index_inventory_pools_on_name` (`name`)
) ENGINE=InnoDB AUTO_INCREMENT=14 DEFAULT CHARSET=utf8 COLLATE=utf8_unicode_ci;
/*!40101 SET character_set_client = @saved_cs_client */;

--
-- Dumping data for table `inventory_pools`
--

LOCK TABLES `inventory_pools` WRITE;
/*!40000 ALTER TABLE `inventory_pools` DISABLE KEYS */;
INSERT INTO `inventory_pools` VALUES (1,'A-Ausleihe','Wichtige Hinweise...\n Bitte die Gegenstnde rechtzeitig zurckbringen','A Verleih  /  ZHdK\nav@zh-dk.ch\n+41 00 00 00 00','Gert erhalten','av@zhdk.ch',NULL,'Velit officiis est quo impedit inventore dolor.','A','av@zhdk.ch',NULL,1,NULL,NULL,1,'Et possimus qui officiis reiciendis non dolores autem.',NULL),(2,'IT-Ausleihe','Bringt die Gerte bitte rechtzeitig zurck','IT Verleih  /  ZHdK\nav@zh-dk.ch\n+41 00 00 00 00','Gert erhalten','it@zhdk.ch',NULL,NULL,'IT','it@zhdk.ch',NULL,1,NULL,NULL,1,'Et totam fuga laborum praesentium.',NULL),(3,'AV-Technik','Bringt die Gerte bitte rechtzeitig zurck','AV Verleih  /  ZHdK\nav@zh-dk.ch\n+41 00 00 00 00','Gert erhalten','it@zhdk.ch',NULL,NULL,'AV','it@zhdk.ch',NULL,1,NULL,NULL,0,NULL,NULL),(4,'DT deletable','Bringt die Gerte bitte rechtzeitig zurck','AV Verleih  /  ZHdK\nav@zh-dk.ch\n+41 00 00 00 00','Gert erhalten','it@zhdk.ch',NULL,NULL,'DT','it@zhdk.ch',NULL,1,NULL,NULL,0,NULL,NULL),(5,'Quaeperferendisautemsunt','Facilis explicabo animi sapiente maxime quod illo officiis vel.','Consequatur sequi amet corrupti odio sunt.','Quaeperferendisautemsunt','caden@buckridge.com',NULL,NULL,'LU23RG','caden@buckridge.com',NULL,1,NULL,NULL,0,NULL,NULL),(6,'Maximesuntutquam','Vel sint nihil accusantium labore numquam magni.','Et ea molestiae quibusdam sit consectetur.','Maximesuntutquam','tate@yostward.biz',NULL,NULL,'XYSJ7G','tate@yostward.biz',NULL,1,NULL,NULL,0,NULL,NULL),(7,'Recusandaequiitaqueratione','Est ut est aut aliquam odit nam a ut.','Porro quia doloribus aliquid suscipit.','Recusandaequiitaqueratione','therese_runolfon@mueller.info',NULL,NULL,'IU9G8Y','therese_runolfon@mueller.info',NULL,1,NULL,NULL,0,NULL,NULL),(8,'Repellatutmagnivoluptatem','Necessitatibus dolor tempore est et.','Deserunt consequatur molestiae molestias dolore repudiandae fugit odio.','Repellatutmagnivoluptatem','evan_bernier@osinski.com',NULL,NULL,'C008FV','evan_bernier@osinski.com',NULL,1,NULL,NULL,0,NULL,NULL),(9,'Deserunteumetvitae','Molestias aliquam ad praesentium dolores sapiente.','Veritatis nemo a impedit.','Deserunteumetvitae','cathy@pfannerstill.com',NULL,NULL,'YHI627','cathy@pfannerstill.com',NULL,1,NULL,NULL,0,NULL,NULL),(10,'Nobisetabut','Facilis hic nostrum vel exercitationem ea nemo eligendi.','Rerum aut id sint distinctio doloribus ut.','Nobisetabut','lydia@hoeger.info',NULL,NULL,'Q80HF0','lydia@hoeger.info',NULL,1,NULL,NULL,0,NULL,NULL),(11,'Uteaidnobis','Eum voluptatem nisi non eos.','Enim accusantium dolores maxime.','Uteaidnobis','vaughn@mcglynn.biz',NULL,NULL,'P8BLCT','vaughn@mcglynn.biz',NULL,1,NULL,NULL,0,NULL,NULL),(12,'Beataeexpeditafugiatnobis','Illum error aperiam nulla laborum cupiditate.','Dolorem voluptatem id aut tempore velit.','Beataeexpeditafugiatnobis','waldo@zemlak.co.uk',NULL,NULL,'43Z1OZ','waldo@zemlak.co.uk',NULL,1,NULL,NULL,0,NULL,NULL),(13,'Reprehenderitconsequunturducimusatque','Fugiat mollitia nulla modi sunt quo.','Ipsum fugiat magni amet ut velit.','Reprehenderitconsequunturducimusatque','wendy@pollich.info',NULL,NULL,'1NRYR6','wendy@pollich.info',NULL,1,NULL,NULL,0,NULL,NULL);
/*!40000 ALTER TABLE `inventory_pools` ENABLE KEYS */;
UNLOCK TABLES;

--
-- Table structure for table `inventory_pools_model_groups`
--

DROP TABLE IF EXISTS `inventory_pools_model_groups`;
/*!40101 SET @saved_cs_client     = @@character_set_client */;
/*!40101 SET character_set_client = utf8 */;
CREATE TABLE `inventory_pools_model_groups` (
  `inventory_pool_id` int(11) DEFAULT NULL,
  `model_group_id` int(11) DEFAULT NULL,
  KEY `index_inventory_pools_model_groups_on_inventory_pool_id` (`inventory_pool_id`),
  KEY `index_inventory_pools_model_groups_on_model_group_id` (`model_group_id`)
) ENGINE=InnoDB DEFAULT CHARSET=utf8 COLLATE=utf8_unicode_ci;
/*!40101 SET character_set_client = @saved_cs_client */;

--
-- Dumping data for table `inventory_pools_model_groups`
--

LOCK TABLES `inventory_pools_model_groups` WRITE;
/*!40000 ALTER TABLE `inventory_pools_model_groups` DISABLE KEYS */;
INSERT INTO `inventory_pools_model_groups` VALUES (1,12),(1,13),(1,14);
/*!40000 ALTER TABLE `inventory_pools_model_groups` ENABLE KEYS */;
UNLOCK TABLES;

--
-- Table structure for table `items`
--

DROP TABLE IF EXISTS `items`;
/*!40101 SET @saved_cs_client     = @@character_set_client */;
/*!40101 SET character_set_client = utf8 */;
CREATE TABLE `items` (
  `id` int(11) NOT NULL AUTO_INCREMENT,
  `inventory_code` varchar(255) COLLATE utf8_unicode_ci DEFAULT NULL,
  `serial_number` varchar(255) COLLATE utf8_unicode_ci DEFAULT NULL,
  `model_id` int(11) DEFAULT NULL,
  `location_id` int(11) DEFAULT NULL,
  `supplier_id` int(11) DEFAULT NULL,
  `owner_id` int(11) NOT NULL,
  `parent_id` int(11) DEFAULT NULL,
  `invoice_number` varchar(255) COLLATE utf8_unicode_ci DEFAULT NULL,
  `invoice_date` date DEFAULT NULL,
  `last_check` date DEFAULT NULL,
  `retired` date DEFAULT NULL,
  `retired_reason` varchar(255) COLLATE utf8_unicode_ci DEFAULT NULL,
  `price` decimal(8,2) DEFAULT NULL,
  `is_broken` tinyint(1) DEFAULT '0',
  `is_incomplete` tinyint(1) DEFAULT '0',
  `is_borrowable` tinyint(1) DEFAULT '0',
  `needs_permission` tinyint(1) DEFAULT '0',
  `inventory_pool_id` int(11) NOT NULL,
  `is_inventory_relevant` tinyint(1) DEFAULT '0',
  `responsible` varchar(255) COLLATE utf8_unicode_ci DEFAULT NULL,
  `insurance_number` varchar(255) COLLATE utf8_unicode_ci DEFAULT NULL,
  `note` text COLLATE utf8_unicode_ci,
  `name` text COLLATE utf8_unicode_ci,
  `user_name` varchar(255) COLLATE utf8_unicode_ci DEFAULT NULL,
  `properties` varchar(2048) COLLATE utf8_unicode_ci DEFAULT NULL,
  `created_at` datetime DEFAULT NULL,
  `updated_at` datetime DEFAULT NULL,
  PRIMARY KEY (`id`),
  UNIQUE KEY `index_items_on_inventory_code` (`inventory_code`),
  KEY `index_items_on_inventory_pool_id` (`inventory_pool_id`),
  KEY `index_items_on_retired` (`retired`),
  KEY `index_items_on_is_borrowable` (`is_borrowable`),
  KEY `index_items_on_is_broken` (`is_broken`),
  KEY `index_items_on_is_incomplete` (`is_incomplete`),
  KEY `index_items_on_location_id` (`location_id`),
  KEY `index_items_on_owner_id` (`owner_id`),
  KEY `index_items_on_parent_id_and_retired` (`parent_id`,`retired`),
  KEY `index_items_on_model_id_and_retired_and_inventory_pool_id` (`model_id`,`retired`,`inventory_pool_id`)
) ENGINE=InnoDB AUTO_INCREMENT=271 DEFAULT CHARSET=utf8 COLLATE=utf8_unicode_ci;
/*!40101 SET character_set_client = @saved_cs_client */;

--
-- Dumping data for table `items`
--

LOCK TABLES `items` WRITE;
/*!40000 ALTER TABLE `items` DISABLE KEYS */;
INSERT INTO `items` VALUES (1,'wdwgt9oglwj9s2nl8z05404','c0:40:ff:25:53:a5-4a:0e:a6:8e:82:fd-b4:5c:ff:a1:8a:91',1,1,1,1,NULL,NULL,'2010-12-16','2015-08-22',NULL,NULL,'632.00',0,0,1,0,5,1,NULL,NULL,NULL,NULL,NULL,'--- !ruby/hash:ActiveSupport::HashWithIndifferentAccess\nanschaffungskategorie: AV-Technik\nreference: invoice\numzug: zgeln\nankunftszustand: intakt\n','2015-08-22 19:04:19','2015-08-22 19:04:19'),(2,'ubc6v9qhc57mek0k32nt405','4c:c4:6a:88:42:07-73:f1:9c:21:a4:45-54:cb:18:7c:bb:7c',1,2,2,1,NULL,NULL,'2014-07-30','2015-08-22',NULL,NULL,'1197.00',0,0,1,0,5,1,NULL,NULL,NULL,NULL,NULL,'--- !ruby/hash:ActiveSupport::HashWithIndifferentAccess\nanschaffungskategorie: AV-Technik\nreference: invoice\numzug: zgeln\nankunftszustand: intakt\n','2015-08-22 19:04:19','2015-08-22 19:04:19'),(3,'vcz0fme4z8eqwedqerap406','52:4a:fb:6a:96:8d-b7:fa:d3:81:81:41-29:02:72:70:4c:ab',1,3,3,6,NULL,NULL,'2012-03-27','2015-08-22',NULL,NULL,'282.00',0,0,1,0,5,1,NULL,NULL,NULL,NULL,NULL,'--- !ruby/hash:ActiveSupport::HashWithIndifferentAccess\nanschaffungskategorie: AV-Technik\nreference: invoice\numzug: zgeln\nankunftszustand: intakt\n','2015-08-22 19:04:19','2015-08-22 19:04:19'),(4,'krjxgrevh4akir7uy1h3407','22:26:2f:99:ad:13-35:87:64:0b:03:9d-5e:9c:d8:6f:26:4b',5,4,4,5,NULL,NULL,'2012-07-15','2015-08-22',NULL,NULL,'248.00',0,0,1,0,5,1,NULL,NULL,NULL,NULL,NULL,'--- !ruby/hash:ActiveSupport::HashWithIndifferentAccess\nanschaffungskategorie: AV-Technik\nreference: invoice\numzug: zgeln\nankunftszustand: intakt\n','2015-08-22 19:04:19','2015-08-22 19:04:19'),(5,'80to277vwqggnj03u7l1408','b3:17:3f:b1:0b:03-f2:a1:fe:ca:a3:c0-86:36:bc:e5:44:44',5,5,5,1,NULL,NULL,'2011-08-28','2015-08-22',NULL,NULL,'570.00',0,0,1,0,5,1,NULL,NULL,NULL,NULL,NULL,'--- !ruby/hash:ActiveSupport::HashWithIndifferentAccess\nanschaffungskategorie: AV-Technik\nreference: invoice\numzug: zgeln\nankunftszustand: intakt\n','2015-08-22 19:04:19','2015-08-22 19:04:19'),(6,'aju85io9p1obnwuu2esx409','f6:7e:27:a1:1c:29-57:53:87:61:9d:ed-b2:54:cf:35:b8:9f',5,6,6,7,NULL,NULL,'2010-03-15','2015-08-22',NULL,NULL,'406.00',0,0,1,0,5,1,NULL,NULL,NULL,NULL,NULL,'--- !ruby/hash:ActiveSupport::HashWithIndifferentAccess\nanschaffungskategorie: AV-Technik\nreference: invoice\numzug: zgeln\nankunftszustand: intakt\n','2015-08-22 19:04:19','2015-08-22 19:04:19'),(7,'a8kwt4l9ootazfv4lvfb410','46:28:d4:8c:f1:a0-10:cf:a1:6c:cf:6c-25:eb:84:5a:02:14',9,7,7,4,NULL,NULL,'2014-10-11','2015-08-22',NULL,NULL,'14.00',0,0,1,0,5,1,NULL,NULL,NULL,NULL,NULL,'--- !ruby/hash:ActiveSupport::HashWithIndifferentAccess\nanschaffungskategorie: AV-Technik\nreference: invoice\numzug: zgeln\nankunftszustand: intakt\n','2015-08-22 19:04:19','2015-08-22 19:04:19'),(8,'4py3zyoh7qupknpwbp7w411','c6:12:df:9c:7e:48-af:ef:97:37:9d:de-6b:d8:9f:be:2e:22',9,8,8,7,NULL,NULL,'2011-06-13','2015-08-22',NULL,NULL,'753.00',0,0,1,0,5,1,NULL,NULL,NULL,NULL,NULL,'--- !ruby/hash:ActiveSupport::HashWithIndifferentAccess\nanschaffungskategorie: AV-Technik\nreference: invoice\numzug: zgeln\nankunftszustand: intakt\n','2015-08-22 19:04:19','2015-08-22 19:04:19'),(9,'ouhihq80j5bddobtgdci412','dd:23:7d:2d:4c:d0-fc:c5:55:d7:c6:2c-a4:bd:f2:63:36:13',9,9,9,8,NULL,NULL,'2011-10-01','2015-08-22',NULL,NULL,'354.00',0,0,1,0,5,1,NULL,NULL,NULL,NULL,NULL,'--- !ruby/hash:ActiveSupport::HashWithIndifferentAccess\nanschaffungskategorie: AV-Technik\nreference: invoice\numzug: zgeln\nankunftszustand: intakt\n','2015-08-22 19:04:19','2015-08-22 19:04:19'),(10,'4ke7ykwwq94s4jkavll5413','e2:a6:d5:4f:2d:21-4d:f0:81:c9:bc:5d-08:c7:41:cb:6b:7d',13,10,10,6,NULL,NULL,'2013-08-19','2015-08-22',NULL,NULL,'1303.00',0,0,1,0,9,1,NULL,NULL,NULL,NULL,NULL,'--- !ruby/hash:ActiveSupport::HashWithIndifferentAccess\nanschaffungskategorie: AV-Technik\nreference: invoice\numzug: zgeln\nankunftszustand: intakt\n','2015-08-22 19:04:19','2015-08-22 19:04:19'),(11,'ij5052d6dbl5uoaq40re414','16:90:6e:c2:6d:ca-8b:22:2a:f6:b1:0a-63:70:82:6e:e6:08',13,11,11,8,NULL,NULL,'2014-07-16','2015-08-22',NULL,NULL,'931.00',0,0,1,0,9,1,NULL,NULL,NULL,NULL,NULL,'--- !ruby/hash:ActiveSupport::HashWithIndifferentAccess\nanschaffungskategorie: AV-Technik\nreference: invoice\numzug: zgeln\nankunftszustand: intakt\n','2015-08-22 19:04:19','2015-08-22 19:04:19'),(12,'sdephs38jed3hdsjzk65415','df:4b:ca:39:3b:7a-75:32:2b:b8:22:29-f0:c0:e5:f2:cc:26',13,12,12,10,NULL,NULL,'2011-06-18','2015-08-22',NULL,NULL,'306.00',0,0,1,0,9,1,NULL,NULL,NULL,NULL,NULL,'--- !ruby/hash:ActiveSupport::HashWithIndifferentAccess\nanschaffungskategorie: AV-Technik\nreference: invoice\numzug: zgeln\nankunftszustand: intakt\n','2015-08-22 19:04:19','2015-08-22 19:04:19'),(13,'bbawdda017bbmsrxz2lf416','d2:b8:38:58:1f:ce-65:e4:fe:27:cc:73-d5:2a:56:b0:0d:bb',17,13,13,11,NULL,NULL,'2013-05-13','2015-08-22',NULL,NULL,'1004.00',0,0,1,0,9,1,NULL,NULL,NULL,NULL,NULL,'--- !ruby/hash:ActiveSupport::HashWithIndifferentAccess\nanschaffungskategorie: AV-Technik\nreference: invoice\numzug: zgeln\nankunftszustand: intakt\n','2015-08-22 19:04:19','2015-08-22 19:04:19'),(14,'t6db4jiaty4939arh69a417','11:41:39:35:45:47-b5:e2:a0:af:62:3b-2e:ce:d2:b9:ac:07',17,14,14,10,NULL,NULL,'2011-02-03','2015-08-22',NULL,NULL,'1329.00',0,0,1,0,9,1,NULL,NULL,NULL,NULL,NULL,'--- !ruby/hash:ActiveSupport::HashWithIndifferentAccess\nanschaffungskategorie: AV-Technik\nreference: invoice\numzug: zgeln\nankunftszustand: intakt\n','2015-08-22 19:04:19','2015-08-22 19:04:19'),(15,'0nd2tva008v2r3hizbzc418','1a:ec:48:d4:29:93-7d:0b:40:76:67:d9-09:0e:d9:92:d2:79',17,15,15,1,NULL,NULL,'2012-07-07','2015-08-22',NULL,NULL,'185.00',0,0,1,0,9,1,NULL,NULL,NULL,NULL,NULL,'--- !ruby/hash:ActiveSupport::HashWithIndifferentAccess\nanschaffungskategorie: AV-Technik\nreference: invoice\numzug: zgeln\nankunftszustand: intakt\n','2015-08-22 19:04:19','2015-08-22 19:04:19'),(16,'6cahkqw6gojleow4exx9419','b7:cf:ff:8f:65:f5-3c:dd:86:4c:4a:fb-01:ce:69:a7:88:d9',21,16,16,5,NULL,NULL,'2014-10-10','2015-08-22',NULL,NULL,'1332.00',0,0,1,0,9,1,NULL,NULL,NULL,NULL,NULL,'--- !ruby/hash:ActiveSupport::HashWithIndifferentAccess\nanschaffungskategorie: AV-Technik\nreference: invoice\numzug: zgeln\nankunftszustand: intakt\n','2015-08-22 19:04:19','2015-08-22 19:04:19'),(17,'lrir2aafaawe3ks7746q420','9b:b4:88:2d:07:63-e8:47:b3:65:51:49-d9:6b:95:45:c7:f6',21,17,17,7,NULL,NULL,'2011-02-06','2015-08-22',NULL,NULL,'118.00',0,0,1,0,9,1,NULL,NULL,NULL,NULL,NULL,'--- !ruby/hash:ActiveSupport::HashWithIndifferentAccess\nanschaffungskategorie: AV-Technik\nreference: invoice\numzug: zgeln\nankunftszustand: intakt\n','2015-08-22 19:04:19','2015-08-22 19:04:19'),(18,'4vdp2h2a1e0i8ze0y00e421','8a:76:eb:52:98:97-ea:ab:ab:ca:af:0c-ff:f4:29:b4:3f:01',21,18,18,9,NULL,NULL,'2011-08-23','2015-08-22',NULL,NULL,'701.00',0,0,1,0,9,1,NULL,NULL,NULL,NULL,NULL,'--- !ruby/hash:ActiveSupport::HashWithIndifferentAccess\nanschaffungskategorie: AV-Technik\nreference: invoice\numzug: zgeln\nankunftszustand: intakt\n','2015-08-22 19:04:19','2015-08-22 19:04:19'),(19,'i1sc7xxm8obvbf8ds7mc422','ef:1c:c0:30:c7:16-7e:e4:d3:bf:36:70-28:bf:22:32:9e:93',25,19,19,3,NULL,NULL,'2013-10-25','2015-08-22',NULL,NULL,'320.00',0,0,1,0,9,1,NULL,NULL,NULL,NULL,NULL,'--- !ruby/hash:ActiveSupport::HashWithIndifferentAccess\nanschaffungskategorie: AV-Technik\nreference: invoice\numzug: zgeln\nankunftszustand: intakt\n','2015-08-22 19:04:19','2015-08-22 19:04:19'),(20,'oyrm7az80s41f68fatcr423','14:aa:b8:f0:77:e7-8a:ac:f1:dd:a2:ec-65:42:c0:66:84:40',25,20,20,5,NULL,NULL,'2012-03-05','2015-08-22',NULL,NULL,'365.00',0,0,1,0,9,1,NULL,NULL,NULL,NULL,NULL,'--- !ruby/hash:ActiveSupport::HashWithIndifferentAccess\nanschaffungskategorie: AV-Technik\nreference: invoice\numzug: zgeln\nankunftszustand: intakt\n','2015-08-22 19:04:19','2015-08-22 19:04:19'),(21,'sqhrpelgbdl7xa1tpd7o424','b1:3d:56:83:33:e2-69:ae:df:2a:fc:ed-2f:9a:95:48:0c:6f',25,21,21,10,NULL,NULL,'2011-02-05','2015-08-22',NULL,NULL,'1135.00',0,0,1,0,9,1,NULL,NULL,NULL,NULL,NULL,'--- !ruby/hash:ActiveSupport::HashWithIndifferentAccess\nanschaffungskategorie: AV-Technik\nreference: invoice\numzug: zgeln\nankunftszustand: intakt\n','2015-08-22 19:04:19','2015-08-22 19:04:19'),(22,'h5gjnzs46oz5gl0v62ig425','ab:57:aa:3f:1b:e9-5e:12:b7:53:c2:26-99:54:c4:7f:50:50',29,22,22,5,NULL,NULL,'2012-05-03','2015-08-22',NULL,NULL,'945.00',0,0,1,0,9,1,NULL,NULL,NULL,NULL,NULL,'--- !ruby/hash:ActiveSupport::HashWithIndifferentAccess\nanschaffungskategorie: AV-Technik\nreference: invoice\numzug: zgeln\nankunftszustand: intakt\n','2015-08-22 19:04:19','2015-08-22 19:04:19'),(23,'0wzsye21jjugvw51hc0u426','0f:98:06:fb:43:71-70:fc:5f:b1:bd:e0-fc:ed:fc:8e:cc:83',29,23,23,3,NULL,NULL,'2010-12-15','2015-08-22',NULL,NULL,'1437.00',0,0,1,0,9,1,NULL,NULL,NULL,NULL,NULL,'--- !ruby/hash:ActiveSupport::HashWithIndifferentAccess\nanschaffungskategorie: AV-Technik\nreference: invoice\numzug: zgeln\nankunftszustand: intakt\n','2015-08-22 19:04:19','2015-08-22 19:04:19'),(24,'xl89kyusnmt0cb5fycfc427','6f:2a:76:93:3e:5c-f6:7e:c2:1d:dc:b5-be:9e:e7:80:17:f1',29,24,24,7,NULL,NULL,'2012-04-12','2015-08-22',NULL,NULL,'773.00',0,0,1,0,9,1,NULL,NULL,NULL,NULL,NULL,'--- !ruby/hash:ActiveSupport::HashWithIndifferentAccess\nanschaffungskategorie: AV-Technik\nreference: invoice\numzug: zgeln\nankunftszustand: intakt\n','2015-08-22 19:04:19','2015-08-22 19:04:19'),(25,'w809wyt56828vk395ng6428','e0:a4:b7:8a:52:b4-59:04:4c:76:c6:31-af:b9:6c:48:a2:5a',33,25,25,7,NULL,NULL,'2011-07-22','2015-08-22',NULL,NULL,'1418.00',0,0,1,0,1,1,NULL,NULL,NULL,NULL,NULL,'--- !ruby/hash:ActiveSupport::HashWithIndifferentAccess\nanschaffungskategorie: AV-Technik\nreference: invoice\numzug: zgeln\nankunftszustand: intakt\n','2015-08-22 19:04:19','2015-08-22 19:04:19'),(26,'skd2djbt39oxa0dvdyku429','02:47:47:69:cf:c1-7d:dc:99:fb:5a:0c-08:92:7f:5f:48:f9',33,26,26,5,NULL,NULL,'2012-01-15','2015-08-22',NULL,NULL,'860.00',0,0,1,0,1,1,NULL,NULL,NULL,NULL,NULL,'--- !ruby/hash:ActiveSupport::HashWithIndifferentAccess\nanschaffungskategorie: AV-Technik\nreference: invoice\numzug: zgeln\nankunftszustand: intakt\n','2015-08-22 19:04:19','2015-08-22 19:04:19'),(27,'469u9ovyama395oa01i2430','a7:2d:c6:e8:5a:de-3d:92:7a:0a:33:03-6e:01:16:d6:fd:67',33,27,27,5,NULL,NULL,'2014-10-26','2015-08-22',NULL,NULL,'215.00',0,0,1,0,1,1,NULL,NULL,NULL,NULL,NULL,'--- !ruby/hash:ActiveSupport::HashWithIndifferentAccess\nanschaffungskategorie: AV-Technik\nreference: invoice\numzug: zgeln\nankunftszustand: intakt\n','2015-08-22 19:04:19','2015-08-22 19:04:19'),(28,'6rxuz6hps9xk1avzdlpx431','02:3a:62:5c:23:48-14:02:27:d8:f9:8f-a2:09:c8:c2:9e:05',37,28,28,2,NULL,NULL,'2011-09-30','2015-08-22',NULL,NULL,'1486.00',0,0,1,0,1,1,NULL,NULL,NULL,NULL,NULL,'--- !ruby/hash:ActiveSupport::HashWithIndifferentAccess\nanschaffungskategorie: AV-Technik\nreference: invoice\numzug: zgeln\nankunftszustand: intakt\n','2015-08-22 19:04:19','2015-08-22 19:04:19'),(29,'ik7ajwtkhza24ol75osc432','ff:22:6c:51:6f:f3-c2:c5:29:9a:7a:15-c1:af:f9:0f:cd:41',37,29,29,5,NULL,NULL,'2012-01-17','2015-08-22',NULL,NULL,'302.00',0,0,1,0,1,1,NULL,NULL,NULL,NULL,NULL,'--- !ruby/hash:ActiveSupport::HashWithIndifferentAccess\nanschaffungskategorie: AV-Technik\nreference: invoice\numzug: zgeln\nankunftszustand: intakt\n','2015-08-22 19:04:19','2015-08-22 19:04:19'),(30,'f3ka2ocl8yxrwsgr3f9g433','04:e0:5e:18:87:42-f4:b9:7c:66:50:87-94:95:85:64:f7:69',37,30,30,6,NULL,NULL,'2014-09-20','2015-08-22',NULL,NULL,'278.00',0,0,1,0,1,1,NULL,NULL,NULL,NULL,NULL,'--- !ruby/hash:ActiveSupport::HashWithIndifferentAccess\nanschaffungskategorie: AV-Technik\nreference: invoice\numzug: zgeln\nankunftszustand: intakt\n','2015-08-22 19:04:19','2015-08-22 19:04:19'),(31,'ojjvjfluzblkqjgb15at434','4a:ab:c6:99:d6:7f-d6:7b:ee:97:eb:fa-3b:23:2f:fa:69:2a',41,31,31,5,NULL,NULL,'2012-09-03','2015-08-22',NULL,NULL,'1096.00',0,0,1,0,1,1,NULL,NULL,NULL,NULL,NULL,'--- !ruby/hash:ActiveSupport::HashWithIndifferentAccess\nanschaffungskategorie: AV-Technik\nreference: invoice\numzug: zgeln\nankunftszustand: intakt\n','2015-08-22 19:04:19','2015-08-22 19:04:19'),(32,'0jsn6o2fv6ha3apozf20435','9e:28:68:bd:ea:63-04:07:09:82:9d:f5-77:86:ce:dd:e4:3b',41,32,32,8,NULL,NULL,'2011-12-10','2015-08-22',NULL,NULL,'888.00',0,0,1,0,1,1,NULL,NULL,NULL,NULL,NULL,'--- !ruby/hash:ActiveSupport::HashWithIndifferentAccess\nanschaffungskategorie: AV-Technik\nreference: invoice\numzug: zgeln\nankunftszustand: intakt\n','2015-08-22 19:04:19','2015-08-22 19:04:19'),(33,'cslaeed9alfx5glwevzx436','e1:c7:4a:a8:43:ef-44:22:19:36:21:de-f5:25:3c:56:53:04',41,33,33,6,NULL,NULL,'2011-09-19','2015-08-22',NULL,NULL,'751.00',0,0,1,0,1,1,NULL,NULL,NULL,NULL,NULL,'--- !ruby/hash:ActiveSupport::HashWithIndifferentAccess\nanschaffungskategorie: AV-Technik\nreference: invoice\numzug: zgeln\nankunftszustand: intakt\n','2015-08-22 19:04:19','2015-08-22 19:04:19'),(34,'595zpj8w03bmf47yu4x2437','8d:80:42:a2:f0:d4-3e:57:7f:87:b8:9d-6d:58:09:04:de:9b',45,34,34,2,NULL,NULL,'2013-12-25','2015-08-22',NULL,NULL,'1357.00',0,0,1,0,1,1,NULL,NULL,NULL,NULL,NULL,'--- !ruby/hash:ActiveSupport::HashWithIndifferentAccess\nanschaffungskategorie: AV-Technik\nreference: invoice\numzug: zgeln\nankunftszustand: intakt\n','2015-08-22 19:04:19','2015-08-22 19:04:19'),(35,'jqlaynr8kwqr1dztmc55438','80:d9:c0:6e:58:a2-a3:7d:e6:d2:9a:23-66:8d:2f:b6:72:e1',45,35,35,4,NULL,NULL,'2010-11-27','2015-08-22',NULL,NULL,'1365.00',0,0,1,0,1,1,NULL,NULL,NULL,NULL,NULL,'--- !ruby/hash:ActiveSupport::HashWithIndifferentAccess\nanschaffungskategorie: AV-Technik\nreference: invoice\numzug: zgeln\nankunftszustand: intakt\n','2015-08-22 19:04:19','2015-08-22 19:04:19'),(36,'9urbvxg7kat72xb5xlgp439','17:e1:19:95:50:0d-97:3d:c9:96:94:ea-b9:4f:5f:b6:ff:09',45,36,36,3,NULL,NULL,'2014-09-21','2015-08-22',NULL,NULL,'947.00',0,0,1,0,1,1,NULL,NULL,NULL,NULL,NULL,'--- !ruby/hash:ActiveSupport::HashWithIndifferentAccess\nanschaffungskategorie: AV-Technik\nreference: invoice\numzug: zgeln\nankunftszustand: intakt\n','2015-08-22 19:04:19','2015-08-22 19:04:19'),(37,'ccth4cht7z688cn3qjlw440','f3:9c:e0:fb:1f:30-18:30:50:20:b6:30-7a:d6:3a:88:be:b3',49,37,37,9,NULL,NULL,'2011-04-26','2015-08-22',NULL,NULL,'527.00',0,0,1,0,1,1,NULL,NULL,NULL,NULL,NULL,'--- !ruby/hash:ActiveSupport::HashWithIndifferentAccess\nanschaffungskategorie: AV-Technik\nreference: invoice\numzug: zgeln\nankunftszustand: intakt\n','2015-08-22 19:04:19','2015-08-22 19:04:19'),(38,'jo197y03sbxdu82ulvdg441','cf:51:6c:7a:55:5b-c3:b0:62:ff:1c:a5-c9:ce:52:e9:2d:7f',49,38,38,11,NULL,NULL,'2010-03-04','2015-08-22',NULL,NULL,'62.00',0,0,1,0,1,1,NULL,NULL,NULL,NULL,NULL,'--- !ruby/hash:ActiveSupport::HashWithIndifferentAccess\nanschaffungskategorie: AV-Technik\nreference: invoice\numzug: zgeln\nankunftszustand: intakt\n','2015-08-22 19:04:19','2015-08-22 19:04:19'),(39,'xvm2kvdqeugsq8lerk7u442','2e:93:4e:6d:08:e2-ea:01:48:ad:13:ae-ad:13:f3:c2:cd:b1',49,39,39,5,NULL,NULL,'2013-10-09','2015-08-22',NULL,NULL,'89.00',0,0,1,0,1,1,NULL,NULL,NULL,NULL,NULL,'--- !ruby/hash:ActiveSupport::HashWithIndifferentAccess\nanschaffungskategorie: AV-Technik\nreference: invoice\numzug: zgeln\nankunftszustand: intakt\n','2015-08-22 19:04:19','2015-08-22 19:04:19'),(40,'book1','book1',53,40,40,2,NULL,NULL,'2011-08-07','2015-08-22',NULL,NULL,'635.00',0,0,1,0,2,1,NULL,NULL,NULL,NULL,NULL,'--- !ruby/hash:ActiveSupport::HashWithIndifferentAccess\nanschaffungskategorie: AV-Technik\nreference: invoice\numzug: zgeln\nankunftszustand: intakt\n','2015-08-22 19:04:19','2015-08-22 19:04:19'),(41,'book2','book2',53,40,41,2,NULL,NULL,'2011-11-23','2015-08-22',NULL,NULL,'1279.00',0,0,1,0,2,1,NULL,NULL,NULL,NULL,NULL,'--- !ruby/hash:ActiveSupport::HashWithIndifferentAccess\nanschaffungskategorie: AV-Technik\nreference: invoice\numzug: zgeln\nankunftszustand: intakt\n','2015-08-22 19:04:19','2015-08-22 19:04:19'),(42,'beam123','xyz456',54,41,42,1,NULL,NULL,'2010-12-20','2015-08-22',NULL,NULL,'91.00',0,0,1,0,1,1,NULL,NULL,NULL,'name123',NULL,'--- !ruby/hash:ActiveSupport::HashWithIndifferentAccess\nanschaffungskategorie: AV-Technik\nreference: invoice\numzug: zgeln\nankunftszustand: intakt\n','2015-08-22 19:04:19','2015-08-22 19:04:19'),(43,'beam345','xyz890',54,41,43,1,NULL,NULL,'2010-04-29','2015-08-22',NULL,NULL,'659.00',0,0,1,0,1,1,NULL,NULL,NULL,NULL,NULL,'--- !ruby/hash:ActiveSupport::HashWithIndifferentAccess\nanschaffungskategorie: AV-Technik\nreference: invoice\numzug: zgeln\nankunftszustand: intakt\n','2015-08-22 19:04:19','2015-08-22 19:04:19'),(44,'beam678','xyz678',55,41,44,1,NULL,NULL,'2012-12-27','2015-08-22',NULL,NULL,'252.00',0,0,1,0,1,1,NULL,NULL,NULL,NULL,NULL,'--- !ruby/hash:ActiveSupport::HashWithIndifferentAccess\nanschaffungskategorie: AV-Technik\nreference: invoice\numzug: zgeln\nankunftszustand: intakt\n','2015-08-22 19:04:19','2015-08-22 19:04:19'),(45,'beam749','xyz749',54,41,45,1,NULL,NULL,'2010-08-24','2015-08-22',NULL,NULL,'1107.00',0,0,1,0,2,1,NULL,NULL,NULL,NULL,NULL,'--- !ruby/hash:ActiveSupport::HashWithIndifferentAccess\nanschaffungskategorie: AV-Technik\nreference: invoice\numzug: zgeln\nankunftszustand: intakt\n','2015-08-22 19:04:19','2015-08-22 19:04:19'),(46,'beamTest123','xyz749',57,41,46,1,NULL,NULL,'2010-10-30','2015-08-22',NULL,NULL,'666.00',0,0,1,0,1,1,NULL,NULL,NULL,NULL,NULL,'--- !ruby/hash:ActiveSupport::HashWithIndifferentAccess\nanschaffungskategorie: AV-Technik\nreference: invoice\numzug: zgeln\nankunftszustand: intakt\n','2015-08-22 19:04:19','2015-08-22 19:04:19'),(47,'ucbeam1','minbeam1',58,41,47,1,NULL,NULL,'2012-01-21','2015-08-22',NULL,NULL,'1267.00',0,0,1,0,1,1,NULL,NULL,NULL,'ucbeam1',NULL,'--- !ruby/hash:ActiveSupport::HashWithIndifferentAccess\nanschaffungskategorie: AV-Technik\nreference: invoice\numzug: zgeln\nankunftszustand: intakt\n','2015-08-22 19:04:19','2015-08-22 19:04:19'),(48,'microbeam1','microbeam1',59,41,48,1,NULL,NULL,'2013-07-01','2015-08-22',NULL,NULL,'689.00',0,0,1,0,1,1,NULL,NULL,NULL,'microbeam1',NULL,'--- !ruby/hash:ActiveSupport::HashWithIndifferentAccess\nanschaffungskategorie: AV-Technik\nreference: invoice\numzug: zgeln\nankunftszustand: intakt\n','2015-08-22 19:04:19','2015-08-22 19:04:19'),(49,'mbeam1','mbeam1',60,41,49,1,NULL,NULL,'2014-07-14','2015-08-22',NULL,NULL,'693.00',0,0,1,0,1,1,NULL,NULL,NULL,'mbeam1',NULL,'--- !ruby/hash:ActiveSupport::HashWithIndifferentAccess\nanschaffungskategorie: AV-Technik\nreference: invoice\numzug: zgeln\nankunftszustand: intakt\n','2015-08-22 19:04:19','2015-08-22 19:04:19'),(50,'mbeam2','mbeam2',61,41,50,1,NULL,NULL,'2010-04-07','2015-08-22',NULL,NULL,'382.00',0,0,1,0,1,1,NULL,NULL,NULL,'mbeam2',NULL,'--- !ruby/hash:ActiveSupport::HashWithIndifferentAccess\nanschaffungskategorie: AV-Technik\nreference: invoice\numzug: zgeln\nankunftszustand: intakt\n','2015-08-22 19:04:19','2015-08-22 19:04:19'),(51,'mbeam3','mbeam3',62,41,51,1,NULL,NULL,'2011-12-03','2015-08-22',NULL,NULL,'1200.00',0,0,1,0,1,1,NULL,NULL,NULL,'mbeam3',NULL,'--- !ruby/hash:ActiveSupport::HashWithIndifferentAccess\nanschaffungskategorie: AV-Technik\nreference: invoice\numzug: zgeln\nankunftszustand: intakt\n','2015-08-22 19:04:19','2015-08-22 19:04:19'),(52,'mbeam4','mbeam4',63,41,52,1,NULL,NULL,'2011-11-15','2015-08-22',NULL,NULL,'95.00',0,0,1,0,1,1,NULL,NULL,NULL,'mbeam4',NULL,'--- !ruby/hash:ActiveSupport::HashWithIndifferentAccess\nanschaffungskategorie: AV-Technik\nreference: invoice\numzug: zgeln\nankunftszustand: intakt\n','2015-08-22 19:04:19','2015-08-22 19:04:19'),(53,'mbeam5','mbeam5',64,41,53,1,NULL,NULL,'2014-11-05','2015-08-22',NULL,NULL,'594.00',0,0,1,0,1,1,NULL,NULL,NULL,'mbeam5',NULL,'--- !ruby/hash:ActiveSupport::HashWithIndifferentAccess\nanschaffungskategorie: AV-Technik\nreference: invoice\numzug: zgeln\nankunftszustand: intakt\n','2015-08-22 19:04:19','2015-08-22 19:04:19'),(54,'mbeam6','mbeam6',65,41,54,1,NULL,NULL,'2014-01-11','2015-08-22',NULL,NULL,'468.00',0,0,1,0,1,1,NULL,NULL,NULL,'mbeam6',NULL,'--- !ruby/hash:ActiveSupport::HashWithIndifferentAccess\nanschaffungskategorie: AV-Technik\nreference: invoice\numzug: zgeln\nankunftszustand: intakt\n','2015-08-22 19:04:19','2015-08-22 19:04:19'),(55,'mbeam7','mbeam7',66,41,55,1,NULL,NULL,'2010-07-25','2015-08-22',NULL,NULL,'242.00',0,0,1,0,1,1,NULL,NULL,NULL,'mbeam7',NULL,'--- !ruby/hash:ActiveSupport::HashWithIndifferentAccess\nanschaffungskategorie: AV-Technik\nreference: invoice\numzug: zgeln\nankunftszustand: intakt\n','2015-08-22 19:04:19','2015-08-22 19:04:19'),(56,'mbeam8','mbeam8',67,41,56,1,NULL,NULL,'2010-09-26','2015-08-22',NULL,NULL,'1406.00',0,0,1,0,1,1,NULL,NULL,NULL,'mbeam8',NULL,'--- !ruby/hash:ActiveSupport::HashWithIndifferentAccess\nanschaffungskategorie: AV-Technik\nreference: invoice\numzug: zgeln\nankunftszustand: intakt\n','2015-08-22 19:04:19','2015-08-22 19:04:19'),(57,'mbeam9','mbeam9',68,41,57,1,NULL,NULL,'2014-07-26','2015-08-22',NULL,NULL,'36.00',0,0,1,0,1,1,NULL,NULL,NULL,'mbeam9',NULL,'--- !ruby/hash:ActiveSupport::HashWithIndifferentAccess\nanschaffungskategorie: AV-Technik\nreference: invoice\numzug: zgeln\nankunftszustand: intakt\n','2015-08-22 19:04:19','2015-08-22 19:04:19'),(58,'mbeam10','mbeam10',69,41,58,1,NULL,NULL,'2012-11-18','2015-08-22',NULL,NULL,'669.00',0,0,1,0,1,1,NULL,NULL,NULL,'mbeam10',NULL,'--- !ruby/hash:ActiveSupport::HashWithIndifferentAccess\nanschaffungskategorie: AV-Technik\nreference: invoice\numzug: zgeln\nankunftszustand: intakt\n','2015-08-22 19:04:19','2015-08-22 19:04:19'),(59,'mbeam11','mbeam11',70,41,59,1,NULL,NULL,'2012-07-15','2015-08-22',NULL,NULL,'1372.00',0,0,1,0,1,1,NULL,NULL,NULL,'mbeam11',NULL,'--- !ruby/hash:ActiveSupport::HashWithIndifferentAccess\nanschaffungskategorie: AV-Technik\nreference: invoice\numzug: zgeln\nankunftszustand: intakt\n','2015-08-22 19:04:19','2015-08-22 19:04:19'),(60,'mbeam12','mbeam12',71,41,60,1,NULL,NULL,'2013-06-16','2015-08-22',NULL,NULL,'1100.00',0,0,1,0,1,1,NULL,NULL,NULL,'mbeam12',NULL,'--- !ruby/hash:ActiveSupport::HashWithIndifferentAccess\nanschaffungskategorie: AV-Technik\nreference: invoice\numzug: zgeln\nankunftszustand: intakt\n','2015-08-22 19:04:19','2015-08-22 19:04:19'),(61,'mbeam13','mbeam13',72,41,61,1,NULL,NULL,'2012-10-02','2015-08-22',NULL,NULL,'1098.00',0,0,1,0,1,1,NULL,NULL,NULL,'mbeam13',NULL,'--- !ruby/hash:ActiveSupport::HashWithIndifferentAccess\nanschaffungskategorie: AV-Technik\nreference: invoice\numzug: zgeln\nankunftszustand: intakt\n','2015-08-22 19:04:19','2015-08-22 19:04:19'),(62,'mbeam14','mbeam14',73,41,62,1,NULL,NULL,'2012-01-02','2015-08-22',NULL,NULL,'843.00',0,0,1,0,1,1,NULL,NULL,NULL,'mbeam14',NULL,'--- !ruby/hash:ActiveSupport::HashWithIndifferentAccess\nanschaffungskategorie: AV-Technik\nreference: invoice\numzug: zgeln\nankunftszustand: intakt\n','2015-08-22 19:04:19','2015-08-22 19:04:19'),(63,'mbeam15','mbeam15',74,41,63,1,NULL,NULL,'2012-07-27','2015-08-22',NULL,NULL,'436.00',0,0,1,0,1,1,NULL,NULL,NULL,'mbeam15',NULL,'--- !ruby/hash:ActiveSupport::HashWithIndifferentAccess\nanschaffungskategorie: AV-Technik\nreference: invoice\numzug: zgeln\nankunftszustand: intakt\n','2015-08-22 19:04:19','2015-08-22 19:04:19'),(64,'mbeam16','mbeam16',75,41,64,1,NULL,NULL,'2010-03-22','2015-08-22',NULL,NULL,'388.00',0,0,1,0,1,1,NULL,NULL,NULL,'mbeam16',NULL,'--- !ruby/hash:ActiveSupport::HashWithIndifferentAccess\nanschaffungskategorie: AV-Technik\nreference: invoice\numzug: zgeln\nankunftszustand: intakt\n','2015-08-22 19:04:19','2015-08-22 19:04:19'),(65,'mbeam17','mbeam17',76,41,65,1,NULL,NULL,'2010-10-01','2015-08-22',NULL,NULL,'448.00',0,0,1,0,1,1,NULL,NULL,NULL,'mbeam17',NULL,'--- !ruby/hash:ActiveSupport::HashWithIndifferentAccess\nanschaffungskategorie: AV-Technik\nreference: invoice\numzug: zgeln\nankunftszustand: intakt\n','2015-08-22 19:04:19','2015-08-22 19:04:19'),(66,'mbeam18','mbeam18',77,41,66,1,NULL,NULL,'2011-10-16','2015-08-22',NULL,NULL,'602.00',0,0,1,0,1,1,NULL,NULL,NULL,'mbeam18',NULL,'--- !ruby/hash:ActiveSupport::HashWithIndifferentAccess\nanschaffungskategorie: AV-Technik\nreference: invoice\numzug: zgeln\nankunftszustand: intakt\n','2015-08-22 19:04:19','2015-08-22 19:04:19'),(67,'mbeam19','mbeam19',78,41,67,1,NULL,NULL,'2010-10-10','2015-08-22',NULL,NULL,'1061.00',0,0,1,0,1,1,NULL,NULL,NULL,'mbeam19',NULL,'--- !ruby/hash:ActiveSupport::HashWithIndifferentAccess\nanschaffungskategorie: AV-Technik\nreference: invoice\numzug: zgeln\nankunftszustand: intakt\n','2015-08-22 19:04:19','2015-08-22 19:04:19'),(68,'mbeam20','mbeam20',79,41,68,1,NULL,NULL,'2011-10-09','2015-08-22',NULL,NULL,'22.00',0,0,1,0,1,1,NULL,NULL,NULL,'mbeam20',NULL,'--- !ruby/hash:ActiveSupport::HashWithIndifferentAccess\nanschaffungskategorie: AV-Technik\nreference: invoice\numzug: zgeln\nankunftszustand: intakt\n','2015-08-22 19:04:19','2015-08-22 19:04:19'),(69,'cam123','abc234',80,41,69,1,NULL,NULL,'2013-09-10','2015-08-22',NULL,NULL,'456.00',0,0,1,0,1,1,NULL,NULL,NULL,NULL,NULL,'--- !ruby/hash:ActiveSupport::HashWithIndifferentAccess\nanschaffungskategorie: AV-Technik\nreference: invoice\numzug: zgeln\nankunftszustand: intakt\n','2015-08-22 19:04:19','2015-08-22 19:04:19'),(70,'cam345','ab567',80,41,70,1,NULL,NULL,'2014-02-28','2015-08-22',NULL,NULL,'571.00',0,0,1,0,1,1,NULL,NULL,NULL,NULL,NULL,'--- !ruby/hash:ActiveSupport::HashWithIndifferentAccess\nanschaffungskategorie: AV-Technik\nreference: invoice\numzug: zgeln\nankunftszustand: intakt\n','2015-08-22 19:04:19','2015-08-22 19:04:19'),(71,'cam567','ab789',80,41,71,1,NULL,NULL,'2011-10-22','2015-08-22',NULL,NULL,'55.00',0,0,1,0,1,1,NULL,NULL,NULL,NULL,NULL,'--- !ruby/hash:ActiveSupport::HashWithIndifferentAccess\nanschaffungskategorie: AV-Technik\nreference: invoice\numzug: zgeln\nankunftszustand: intakt\n','2015-08-22 19:04:19','2015-08-22 19:04:19'),(72,'cam53267','ab782129',80,41,72,1,NULL,NULL,'2012-05-08','2015-08-22',NULL,NULL,'776.00',0,0,1,0,1,1,NULL,NULL,NULL,NULL,NULL,'--- !ruby/hash:ActiveSupport::HashWithIndifferentAccess\nanschaffungskategorie: AV-Technik\nreference: invoice\numzug: zgeln\nankunftszustand: intakt\n','2015-08-22 19:04:19','2015-08-22 19:04:19'),(73,'cam532asd67','ab78as2129',80,41,73,1,NULL,NULL,'2012-01-19','2015-08-22',NULL,NULL,'491.00',0,0,1,0,1,1,NULL,NULL,NULL,NULL,NULL,'--- !ruby/hash:ActiveSupport::HashWithIndifferentAccess\nanschaffungskategorie: AV-Technik\nreference: invoice\numzug: zgeln\nankunftszustand: intakt\n','2015-08-22 19:04:19','2015-08-22 19:04:19'),(74,'mcam1','mcam1',81,41,74,1,NULL,NULL,'2014-09-04','2015-08-22',NULL,NULL,'219.00',0,0,1,0,1,1,NULL,NULL,NULL,'mcam1',NULL,'--- !ruby/hash:ActiveSupport::HashWithIndifferentAccess\nanschaffungskategorie: AV-Technik\nreference: invoice\numzug: zgeln\nankunftszustand: intakt\n','2015-08-22 19:04:19','2015-08-22 19:04:19'),(75,'mcam2','mcam2',82,41,75,1,NULL,NULL,'2013-11-04','2015-08-22',NULL,NULL,'962.00',0,0,1,0,1,1,NULL,NULL,NULL,'mcam2',NULL,'--- !ruby/hash:ActiveSupport::HashWithIndifferentAccess\nanschaffungskategorie: AV-Technik\nreference: invoice\numzug: zgeln\nankunftszustand: intakt\n','2015-08-22 19:04:19','2015-08-22 19:04:19'),(76,'mcam3','mcam3',83,41,76,1,NULL,NULL,'2010-11-05','2015-08-22',NULL,NULL,'428.00',0,0,1,0,1,1,NULL,NULL,NULL,'mcam3',NULL,'--- !ruby/hash:ActiveSupport::HashWithIndifferentAccess\nanschaffungskategorie: AV-Technik\nreference: invoice\numzug: zgeln\nankunftszustand: intakt\n','2015-08-22 19:04:19','2015-08-22 19:04:19'),(77,'mcam4','mcam4',84,41,77,1,NULL,NULL,'2014-11-07','2015-08-22',NULL,NULL,'435.00',0,0,1,0,1,1,NULL,NULL,NULL,'mcam4',NULL,'--- !ruby/hash:ActiveSupport::HashWithIndifferentAccess\nanschaffungskategorie: AV-Technik\nreference: invoice\numzug: zgeln\nankunftszustand: intakt\n','2015-08-22 19:04:19','2015-08-22 19:04:19'),(78,'mcam5','mcam5',85,41,78,1,NULL,NULL,'2013-05-23','2015-08-22',NULL,NULL,'588.00',0,0,1,0,1,1,NULL,NULL,NULL,'mcam5',NULL,'--- !ruby/hash:ActiveSupport::HashWithIndifferentAccess\nanschaffungskategorie: AV-Technik\nreference: invoice\numzug: zgeln\nankunftszustand: intakt\n','2015-08-22 19:04:19','2015-08-22 19:04:19'),(79,'mcam6','mcam6',86,41,79,1,NULL,NULL,'2013-02-07','2015-08-22',NULL,NULL,'647.00',0,0,1,0,1,1,NULL,NULL,NULL,'mcam6',NULL,'--- !ruby/hash:ActiveSupport::HashWithIndifferentAccess\nanschaffungskategorie: AV-Technik\nreference: invoice\numzug: zgeln\nankunftszustand: intakt\n','2015-08-22 19:04:19','2015-08-22 19:04:19'),(80,'mcam7','mcam7',87,41,80,1,NULL,NULL,'2012-02-17','2015-08-22',NULL,NULL,'722.00',0,0,1,0,1,1,NULL,NULL,NULL,'mcam7',NULL,'--- !ruby/hash:ActiveSupport::HashWithIndifferentAccess\nanschaffungskategorie: AV-Technik\nreference: invoice\numzug: zgeln\nankunftszustand: intakt\n','2015-08-22 19:04:19','2015-08-22 19:04:19'),(81,'mcam8','mcam8',88,41,81,1,NULL,NULL,'2014-04-04','2015-08-22',NULL,NULL,'208.00',0,0,1,0,1,1,NULL,NULL,NULL,'mcam8',NULL,'--- !ruby/hash:ActiveSupport::HashWithIndifferentAccess\nanschaffungskategorie: AV-Technik\nreference: invoice\numzug: zgeln\nankunftszustand: intakt\n','2015-08-22 19:04:19','2015-08-22 19:04:19'),(82,'mcam9','mcam9',89,41,82,1,NULL,NULL,'2012-04-10','2015-08-22',NULL,NULL,'401.00',0,0,1,0,1,1,NULL,NULL,NULL,'mcam9',NULL,'--- !ruby/hash:ActiveSupport::HashWithIndifferentAccess\nanschaffungskategorie: AV-Technik\nreference: invoice\numzug: zgeln\nankunftszustand: intakt\n','2015-08-22 19:04:19','2015-08-22 19:04:19'),(83,'mcam10','mcam10',90,41,83,1,NULL,NULL,'2010-12-29','2015-08-22',NULL,NULL,'1442.00',0,0,1,0,1,1,NULL,NULL,NULL,'mcam10',NULL,'--- !ruby/hash:ActiveSupport::HashWithIndifferentAccess\nanschaffungskategorie: AV-Technik\nreference: invoice\numzug: zgeln\nankunftszustand: intakt\n','2015-08-22 19:04:19','2015-08-22 19:04:19'),(84,'mcam11','mcam11',91,41,84,1,NULL,NULL,'2013-11-09','2015-08-22',NULL,NULL,'786.00',0,0,1,0,1,1,NULL,NULL,NULL,'mcam11',NULL,'--- !ruby/hash:ActiveSupport::HashWithIndifferentAccess\nanschaffungskategorie: AV-Technik\nreference: invoice\numzug: zgeln\nankunftszustand: intakt\n','2015-08-22 19:04:19','2015-08-22 19:04:19'),(85,'mcam12','mcam12',92,41,85,1,NULL,NULL,'2012-11-24','2015-08-22',NULL,NULL,'1433.00',0,0,1,0,1,1,NULL,NULL,NULL,'mcam12',NULL,'--- !ruby/hash:ActiveSupport::HashWithIndifferentAccess\nanschaffungskategorie: AV-Technik\nreference: invoice\numzug: zgeln\nankunftszustand: intakt\n','2015-08-22 19:04:19','2015-08-22 19:04:19'),(86,'mcam13','mcam13',93,41,86,1,NULL,NULL,'2011-01-02','2015-08-22',NULL,NULL,'67.00',0,0,1,0,1,1,NULL,NULL,NULL,'mcam13',NULL,'--- !ruby/hash:ActiveSupport::HashWithIndifferentAccess\nanschaffungskategorie: AV-Technik\nreference: invoice\numzug: zgeln\nankunftszustand: intakt\n','2015-08-22 19:04:19','2015-08-22 19:04:19'),(87,'mcam14','mcam14',94,41,87,1,NULL,NULL,'2014-10-13','2015-08-22',NULL,NULL,'807.00',0,0,1,0,1,1,NULL,NULL,NULL,'mcam14',NULL,'--- !ruby/hash:ActiveSupport::HashWithIndifferentAccess\nanschaffungskategorie: AV-Technik\nreference: invoice\numzug: zgeln\nankunftszustand: intakt\n','2015-08-22 19:04:19','2015-08-22 19:04:19'),(88,'mcam15','mcam15',95,41,88,1,NULL,NULL,'2012-01-26','2015-08-22',NULL,NULL,'418.00',0,0,1,0,1,1,NULL,NULL,NULL,'mcam15',NULL,'--- !ruby/hash:ActiveSupport::HashWithIndifferentAccess\nanschaffungskategorie: AV-Technik\nreference: invoice\numzug: zgeln\nankunftszustand: intakt\n','2015-08-22 19:04:19','2015-08-22 19:04:19'),(89,'mcam16','mcam16',96,41,89,1,NULL,NULL,'2012-09-23','2015-08-22',NULL,NULL,'89.00',0,0,1,0,1,1,NULL,NULL,NULL,'mcam16',NULL,'--- !ruby/hash:ActiveSupport::HashWithIndifferentAccess\nanschaffungskategorie: AV-Technik\nreference: invoice\numzug: zgeln\nankunftszustand: intakt\n','2015-08-22 19:04:19','2015-08-22 19:04:19'),(90,'mcam17','mcam17',97,41,90,1,NULL,NULL,'2011-07-21','2015-08-22',NULL,NULL,'15.00',0,0,1,0,1,1,NULL,NULL,NULL,'mcam17',NULL,'--- !ruby/hash:ActiveSupport::HashWithIndifferentAccess\nanschaffungskategorie: AV-Technik\nreference: invoice\numzug: zgeln\nankunftszustand: intakt\n','2015-08-22 19:04:19','2015-08-22 19:04:19'),(91,'mcam18','mcam18',98,41,91,1,NULL,NULL,'2012-07-15','2015-08-22',NULL,NULL,'342.00',0,0,1,0,1,1,NULL,NULL,NULL,'mcam18',NULL,'--- !ruby/hash:ActiveSupport::HashWithIndifferentAccess\nanschaffungskategorie: AV-Technik\nreference: invoice\numzug: zgeln\nankunftszustand: intakt\n','2015-08-22 19:04:19','2015-08-22 19:04:19'),(92,'mcam19','mcam19',99,41,92,1,NULL,NULL,'2013-01-04','2015-08-22',NULL,NULL,'574.00',0,0,1,0,1,1,NULL,NULL,NULL,'mcam19',NULL,'--- !ruby/hash:ActiveSupport::HashWithIndifferentAccess\nanschaffungskategorie: AV-Technik\nreference: invoice\numzug: zgeln\nankunftszustand: intakt\n','2015-08-22 19:04:19','2015-08-22 19:04:19'),(93,'mcam20','mcam20',100,41,93,1,NULL,NULL,'2013-08-19','2015-08-22',NULL,NULL,'902.00',0,0,1,0,1,1,NULL,NULL,NULL,'mcam20',NULL,'--- !ruby/hash:ActiveSupport::HashWithIndifferentAccess\nanschaffungskategorie: AV-Technik\nreference: invoice\numzug: zgeln\nankunftszustand: intakt\n','2015-08-22 19:04:19','2015-08-22 19:04:19'),(94,'mcam21','mcam21',101,41,94,1,NULL,NULL,'2013-02-18','2015-08-22',NULL,NULL,'802.00',0,0,1,0,1,1,NULL,NULL,NULL,'mcam21',NULL,'--- !ruby/hash:ActiveSupport::HashWithIndifferentAccess\nanschaffungskategorie: AV-Technik\nreference: invoice\numzug: zgeln\nankunftszustand: intakt\n','2015-08-22 19:04:19','2015-08-22 19:04:19'),(95,'mcam22','mcam22',102,41,95,1,NULL,NULL,'2014-03-20','2015-08-22',NULL,NULL,'1079.00',0,0,1,0,1,1,NULL,NULL,NULL,'mcam22',NULL,'--- !ruby/hash:ActiveSupport::HashWithIndifferentAccess\nanschaffungskategorie: AV-Technik\nreference: invoice\numzug: zgeln\nankunftszustand: intakt\n','2015-08-22 19:04:19','2015-08-22 19:04:19'),(96,'mcam23','mcam23',103,41,96,1,NULL,NULL,'2010-09-05','2015-08-22',NULL,NULL,'45.00',0,0,1,0,1,1,NULL,NULL,NULL,'mcam23',NULL,'--- !ruby/hash:ActiveSupport::HashWithIndifferentAccess\nanschaffungskategorie: AV-Technik\nreference: invoice\numzug: zgeln\nankunftszustand: intakt\n','2015-08-22 19:04:19','2015-08-22 19:04:19'),(97,'mcam24','mcam24',104,41,97,1,NULL,NULL,'2011-07-09','2015-08-22',NULL,NULL,'796.00',0,0,1,0,1,1,NULL,NULL,NULL,'mcam24',NULL,'--- !ruby/hash:ActiveSupport::HashWithIndifferentAccess\nanschaffungskategorie: AV-Technik\nreference: invoice\numzug: zgeln\nankunftszustand: intakt\n','2015-08-22 19:04:19','2015-08-22 19:04:19'),(98,'mcam25','mcam25',105,41,98,1,NULL,NULL,'2010-03-27','2015-08-22',NULL,NULL,'137.00',0,0,1,0,1,1,NULL,NULL,NULL,'mcam25',NULL,'--- !ruby/hash:ActiveSupport::HashWithIndifferentAccess\nanschaffungskategorie: AV-Technik\nreference: invoice\numzug: zgeln\nankunftszustand: intakt\n','2015-08-22 19:04:19','2015-08-22 19:04:19'),(99,'mcam26','mcam26',106,41,99,1,NULL,NULL,'2013-05-27','2015-08-22',NULL,NULL,'145.00',0,0,1,0,1,1,NULL,NULL,NULL,'mcam26',NULL,'--- !ruby/hash:ActiveSupport::HashWithIndifferentAccess\nanschaffungskategorie: AV-Technik\nreference: invoice\numzug: zgeln\nankunftszustand: intakt\n','2015-08-22 19:04:19','2015-08-22 19:04:19'),(100,'mcam27','mcam27',107,41,100,1,NULL,NULL,'2013-10-23','2015-08-22',NULL,NULL,'252.00',0,0,1,0,1,1,NULL,NULL,NULL,'mcam27',NULL,'--- !ruby/hash:ActiveSupport::HashWithIndifferentAccess\nanschaffungskategorie: AV-Technik\nreference: invoice\numzug: zgeln\nankunftszustand: intakt\n','2015-08-22 19:04:19','2015-08-22 19:04:19'),(101,'mcam28','mcam28',108,41,101,1,NULL,NULL,'2012-02-16','2015-08-22',NULL,NULL,'3.00',0,0,1,0,1,1,NULL,NULL,NULL,'mcam28',NULL,'--- !ruby/hash:ActiveSupport::HashWithIndifferentAccess\nanschaffungskategorie: AV-Technik\nreference: invoice\numzug: zgeln\nankunftszustand: intakt\n','2015-08-22 19:04:19','2015-08-22 19:04:19'),(102,'mcam29','mcam29',109,41,102,1,NULL,NULL,'2014-07-11','2015-08-22',NULL,NULL,'169.00',0,0,1,0,1,1,NULL,NULL,NULL,'mcam29',NULL,'--- !ruby/hash:ActiveSupport::HashWithIndifferentAccess\nanschaffungskategorie: AV-Technik\nreference: invoice\numzug: zgeln\nankunftszustand: intakt\n','2015-08-22 19:04:19','2015-08-22 19:04:19'),(103,'mcam30','mcam30',110,41,103,1,NULL,NULL,'2010-04-15','2015-08-22',NULL,NULL,'1012.00',0,0,1,0,1,1,NULL,NULL,NULL,'mcam30',NULL,'--- !ruby/hash:ActiveSupport::HashWithIndifferentAccess\nanschaffungskategorie: AV-Technik\nreference: invoice\numzug: zgeln\nankunftszustand: intakt\n','2015-08-22 19:04:19','2015-08-22 19:04:19'),(104,'hifi123','hifi123',111,41,104,1,NULL,NULL,'2011-09-13','2015-08-22',NULL,NULL,'314.00',0,0,1,0,1,1,NULL,NULL,NULL,NULL,NULL,'--- !ruby/hash:ActiveSupport::HashWithIndifferentAccess\nanschaffungskategorie: AV-Technik\nreference: invoice\numzug: zgeln\nankunftszustand: intakt\n','2015-08-22 19:04:19','2015-08-22 19:04:19'),(105,'tri789','fgh567',112,41,105,1,NULL,NULL,'2012-09-25','2015-08-22',NULL,NULL,'560.00',0,0,1,0,1,1,NULL,NULL,NULL,NULL,NULL,'--- !ruby/hash:ActiveSupport::HashWithIndifferentAccess\nanschaffungskategorie: AV-Technik\nreference: invoice\numzug: zgeln\nankunftszustand: intakt\n','2015-08-22 19:04:19','2015-08-22 19:04:19'),(106,'tri123','fgh987',112,41,106,1,NULL,NULL,'2011-12-05','2015-08-22',NULL,NULL,'1167.00',0,0,1,0,1,1,NULL,NULL,NULL,NULL,NULL,'--- !ruby/hash:ActiveSupport::HashWithIndifferentAccess\nanschaffungskategorie: AV-Technik\nreference: invoice\numzug: zgeln\nankunftszustand: intakt\n','2015-08-22 19:04:19','2015-08-22 19:04:19'),(107,'tri923','asd213',112,41,107,1,NULL,NULL,'2012-05-28','2015-08-22',NULL,NULL,'1030.00',0,0,1,0,1,1,NULL,NULL,NULL,NULL,NULL,'--- !ruby/hash:ActiveSupport::HashWithIndifferentAccess\nanschaffungskategorie: AV-Technik\nreference: invoice\numzug: zgeln\nankunftszustand: intakt\n','2015-08-22 19:04:19','2015-08-22 19:04:19'),(108,'tri212','tri212',112,41,108,1,NULL,NULL,'2011-10-13','2015-08-22',NULL,NULL,'898.00',0,0,1,0,1,1,NULL,NULL,NULL,NULL,NULL,'--- !ruby/hash:ActiveSupport::HashWithIndifferentAccess\nanschaffungskategorie: AV-Technik\nreference: invoice\numzug: zgeln\nankunftszustand: intakt\n','2015-08-22 19:04:19','2015-08-22 19:04:19'),(109,'n5gwm2','ayyua9',114,41,109,1,NULL,NULL,'2011-08-06','2015-08-22',NULL,NULL,'136.00',0,0,1,0,1,1,NULL,NULL,NULL,NULL,NULL,'--- !ruby/hash:ActiveSupport::HashWithIndifferentAccess\nanschaffungskategorie: AV-Technik\nreference: invoice\numzug: zgeln\nankunftszustand: intakt\n','2015-08-22 19:04:19','2015-08-22 19:04:19'),(110,'trrvosz7m2w5r9mvg4n1443','a2:26:06:e0:e3:52-be:9c:2a:04:d9:94-3a:17:a2:f3:55:ce',115,42,110,1,NULL,NULL,'2010-05-18','2015-08-22',NULL,NULL,'51.00',0,0,1,0,1,1,NULL,NULL,NULL,NULL,NULL,'--- !ruby/hash:ActiveSupport::HashWithIndifferentAccess\nanschaffungskategorie: AV-Technik\nreference: invoice\numzug: zgeln\nankunftszustand: intakt\n','2015-08-22 19:04:19','2015-08-22 19:04:19'),(111,'z6q50i4yknv3fhfa7zkk444','07:73:78:8d:f5:12-d5:3b:69:93:3c:31-f5:41:70:07:93:cf',117,42,111,1,110,NULL,'2014-02-23','2015-08-22',NULL,NULL,'1107.00',0,0,1,0,1,1,NULL,NULL,NULL,NULL,NULL,'--- !ruby/hash:ActiveSupport::HashWithIndifferentAccess\nanschaffungskategorie: AV-Technik\nreference: invoice\numzug: zgeln\nankunftszustand: intakt\n','2015-08-22 19:04:19','2015-08-22 19:04:19'),(112,'apbbb6j3smbv2qfsp0av445','9d:ee:c9:7f:80:b5-2e:a9:7e:cb:df:b3-48:eb:49:46:5f:f2',118,42,112,1,110,NULL,'2014-03-29','2015-08-22',NULL,NULL,'87.00',0,0,1,0,1,1,NULL,NULL,NULL,NULL,NULL,'--- !ruby/hash:ActiveSupport::HashWithIndifferentAccess\nanschaffungskategorie: AV-Technik\nreference: invoice\numzug: zgeln\nankunftszustand: intakt\n','2015-08-22 19:04:19','2015-08-22 19:04:19'),(113,'ve2gzzlbx8nwpyl63oii446','43:8b:7f:14:a2:8d-0d:e0:5a:82:fc:98-6c:1d:b0:46:f4:79',119,42,113,1,110,NULL,'2014-08-20','2015-08-22',NULL,NULL,'1416.00',0,0,1,0,1,1,NULL,NULL,NULL,NULL,NULL,'--- !ruby/hash:ActiveSupport::HashWithIndifferentAccess\nanschaffungskategorie: AV-Technik\nreference: invoice\numzug: zgeln\nankunftszustand: intakt\n','2015-08-22 19:04:19','2015-08-22 19:04:19'),(114,'icc4itg47dn7wcjrgwyb447','80:71:63:72:d0:9b-3e:94:a3:ea:66:25-49:dc:cd:88:87:7a',115,46,114,1,NULL,NULL,'2013-04-17','2015-08-22',NULL,NULL,'1233.00',0,0,1,0,1,1,NULL,NULL,NULL,NULL,NULL,'--- !ruby/hash:ActiveSupport::HashWithIndifferentAccess\nanschaffungskategorie: AV-Technik\nreference: invoice\numzug: zgeln\nankunftszustand: intakt\n','2015-08-22 19:04:19','2015-08-22 19:04:19'),(115,'ibyrns8wxz3a6x0e8hcn448','66:62:8d:fd:03:01-64:46:24:cf:a8:1d-05:97:23:f5:69:67',121,46,115,1,114,NULL,'2014-05-30','2015-08-22',NULL,NULL,'1288.00',0,0,1,0,1,1,NULL,NULL,NULL,NULL,NULL,'--- !ruby/hash:ActiveSupport::HashWithIndifferentAccess\nanschaffungskategorie: AV-Technik\nreference: invoice\numzug: zgeln\nankunftszustand: intakt\n','2015-08-22 19:04:19','2015-08-22 19:04:19'),(116,'zfgc5b2dxrj0bhk6zuwy449','0c:dd:2a:52:d0:89-fa:6a:b5:cb:cc:43-a0:93:75:ad:18:02',122,46,116,1,114,NULL,'2013-04-13','2015-08-22',NULL,NULL,'1136.00',0,0,1,0,1,1,NULL,NULL,NULL,NULL,NULL,'--- !ruby/hash:ActiveSupport::HashWithIndifferentAccess\nanschaffungskategorie: AV-Technik\nreference: invoice\numzug: zgeln\nankunftszustand: intakt\n','2015-08-22 19:04:19','2015-08-22 19:04:19'),(117,'cigia8osmbhlu3rtmddg450','9b:55:e0:b8:35:fd-18:25:18:18:98:41-10:67:68:8e:d9:45',123,46,117,1,114,NULL,'2012-06-18','2015-08-22',NULL,NULL,'1219.00',0,0,1,0,1,1,NULL,NULL,NULL,NULL,NULL,'--- !ruby/hash:ActiveSupport::HashWithIndifferentAccess\nanschaffungskategorie: AV-Technik\nreference: invoice\numzug: zgeln\nankunftszustand: intakt\n','2015-08-22 19:04:19','2015-08-22 19:04:19'),(118,'idi4cjkk2agt2t04ypaq451','ec:5c:07:ba:09:90-4e:33:88:4d:aa:b8-88:a3:bb:62:ce:27',115,50,118,1,NULL,NULL,'2014-11-30','2015-08-22',NULL,NULL,'214.00',0,0,1,0,1,1,NULL,NULL,NULL,NULL,NULL,'--- !ruby/hash:ActiveSupport::HashWithIndifferentAccess\nanschaffungskategorie: AV-Technik\nreference: invoice\numzug: zgeln\nankunftszustand: intakt\n','2015-08-22 19:04:19','2015-08-22 19:04:19'),(119,'c77nhb6271ci8g4edd9m452','0e:15:47:7c:8d:2c-56:7b:d8:7f:a8:7c-c7:8e:f3:0d:8e:89',125,50,119,1,118,NULL,'2013-05-31','2015-08-22',NULL,NULL,'626.00',0,0,1,0,1,1,NULL,NULL,NULL,NULL,NULL,'--- !ruby/hash:ActiveSupport::HashWithIndifferentAccess\nanschaffungskategorie: AV-Technik\nreference: invoice\numzug: zgeln\nankunftszustand: intakt\n','2015-08-22 19:04:19','2015-08-22 19:04:19'),(120,'pw6e87ui8dk02gqu1q5e453','9f:38:ea:0e:b9:f0-c8:79:a8:f2:49:12-83:ee:6b:c1:44:89',126,50,120,1,118,NULL,'2011-07-07','2015-08-22',NULL,NULL,'938.00',0,0,1,0,1,1,NULL,NULL,NULL,NULL,NULL,'--- !ruby/hash:ActiveSupport::HashWithIndifferentAccess\nanschaffungskategorie: AV-Technik\nreference: invoice\numzug: zgeln\nankunftszustand: intakt\n','2015-08-22 19:04:19','2015-08-22 19:04:19'),(121,'z9v8982h9v01acj856y3454','6b:53:e2:88:e4:cc-c8:c9:af:48:ca:99-7c:62:cf:57:9e:33',127,50,121,1,118,NULL,'2011-11-07','2015-08-22',NULL,NULL,'1014.00',0,0,1,0,1,1,NULL,NULL,NULL,NULL,NULL,'--- !ruby/hash:ActiveSupport::HashWithIndifferentAccess\nanschaffungskategorie: AV-Technik\nreference: invoice\numzug: zgeln\nankunftszustand: intakt\n','2015-08-22 19:04:19','2015-08-22 19:04:19'),(122,'vn3zrslaqus14ad4bz3x455','b2:59:b0:ba:e5:2f-8d:09:95:b5:a2:95-48:bb:0e:ee:21:fb',128,54,122,1,NULL,NULL,'2014-01-06','2015-08-22',NULL,NULL,'76.00',0,0,1,0,1,1,NULL,NULL,NULL,NULL,NULL,'--- !ruby/hash:ActiveSupport::HashWithIndifferentAccess\nanschaffungskategorie: AV-Technik\nreference: invoice\numzug: zgeln\nankunftszustand: intakt\n','2015-08-22 19:04:19','2015-08-22 19:04:19'),(123,'yjxsdt5t9rzkriysynka456','be:8c:5d:5f:05:5b-80:8f:32:d4:e9:e5-4d:68:52:ba:da:5e',130,54,123,1,122,NULL,'2013-07-06','2015-08-22',NULL,NULL,'1105.00',0,0,1,0,1,1,NULL,NULL,NULL,NULL,NULL,'--- !ruby/hash:ActiveSupport::HashWithIndifferentAccess\nanschaffungskategorie: AV-Technik\nreference: invoice\numzug: zgeln\nankunftszustand: intakt\n','2015-08-22 19:04:19','2015-08-22 19:04:19'),(124,'0szl95tpjsx0ppm80ruh457','19:b2:8d:a7:ed:6b-52:50:07:b2:59:20-8d:b5:0b:bf:82:7d',131,54,124,1,122,NULL,'2014-05-04','2015-08-22',NULL,NULL,'1061.00',0,0,1,0,1,1,NULL,NULL,NULL,NULL,NULL,'--- !ruby/hash:ActiveSupport::HashWithIndifferentAccess\nanschaffungskategorie: AV-Technik\nreference: invoice\numzug: zgeln\nankunftszustand: intakt\n','2015-08-22 19:04:19','2015-08-22 19:04:19'),(125,'zpzok9dbjjj5l3lgecgj458','8a:8b:19:ba:1e:90-a1:6b:62:2a:39:a6-5e:b8:93:e5:2f:1c',132,54,125,1,122,NULL,'2012-05-19','2015-08-22',NULL,NULL,'953.00',0,0,1,0,1,1,NULL,NULL,NULL,NULL,NULL,'--- !ruby/hash:ActiveSupport::HashWithIndifferentAccess\nanschaffungskategorie: AV-Technik\nreference: invoice\numzug: zgeln\nankunftszustand: intakt\n','2015-08-22 19:04:19','2015-08-22 19:04:19'),(126,'5vwnmvszawpfoupdhzwg459','a3:c8:42:22:4d:5c-e6:d4:f4:42:d9:24-37:cc:52:d8:91:c9',128,58,126,1,NULL,NULL,'2014-05-20','2015-08-22',NULL,NULL,'168.00',0,0,1,0,1,1,NULL,NULL,NULL,NULL,NULL,'--- !ruby/hash:ActiveSupport::HashWithIndifferentAccess\nanschaffungskategorie: AV-Technik\nreference: invoice\numzug: zgeln\nankunftszustand: intakt\n','2015-08-22 19:04:19','2015-08-22 19:04:19'),(127,'917652zofs8982o63n64460','8c:e2:eb:84:72:ee-9e:b0:4a:dc:de:2f-90:98:f7:d4:8a:80',134,58,127,1,126,NULL,'2012-05-17','2015-08-22',NULL,NULL,'1293.00',0,0,1,0,1,1,NULL,NULL,NULL,NULL,NULL,'--- !ruby/hash:ActiveSupport::HashWithIndifferentAccess\nanschaffungskategorie: AV-Technik\nreference: invoice\numzug: zgeln\nankunftszustand: intakt\n','2015-08-22 19:04:19','2015-08-22 19:04:19'),(128,'2hmxk3q0u7pgqog857ui461','74:63:af:e9:b7:f4-e0:42:f8:a6:9c:af-42:a7:8e:05:12:f0',135,58,128,1,126,NULL,'2012-05-12','2015-08-22',NULL,NULL,'372.00',0,0,1,0,1,1,NULL,NULL,NULL,NULL,NULL,'--- !ruby/hash:ActiveSupport::HashWithIndifferentAccess\nanschaffungskategorie: AV-Technik\nreference: invoice\numzug: zgeln\nankunftszustand: intakt\n','2015-08-22 19:04:19','2015-08-22 19:04:19'),(129,'j9lw1p23795use0uyugd462','73:05:19:d7:5e:a3-69:28:be:47:0d:68-bf:ef:2f:d4:1c:8d',136,58,129,1,126,NULL,'2013-09-18','2015-08-22',NULL,NULL,'1220.00',0,0,1,0,1,1,NULL,NULL,NULL,NULL,NULL,'--- !ruby/hash:ActiveSupport::HashWithIndifferentAccess\nanschaffungskategorie: AV-Technik\nreference: invoice\numzug: zgeln\nankunftszustand: intakt\n','2015-08-22 19:04:19','2015-08-22 19:04:19'),(130,'jflnzbfe4rdhwhdhi9m3463','66:c4:7a:61:2b:dc-c6:00:2b:cd:41:5f-36:20:a3:de:66:55',128,62,130,1,NULL,NULL,'2014-01-03','2015-08-22',NULL,NULL,'297.00',0,0,1,0,1,1,NULL,NULL,NULL,NULL,NULL,'--- !ruby/hash:ActiveSupport::HashWithIndifferentAccess\nanschaffungskategorie: AV-Technik\nreference: invoice\numzug: zgeln\nankunftszustand: intakt\n','2015-08-22 19:04:19','2015-08-22 19:04:19'),(131,'ygeo13ogs9yvv4jzoexf464','c5:85:7b:4a:8f:a6-bd:d2:6b:f3:59:db-a3:18:f5:1a:c2:8a',138,62,131,1,130,NULL,'2011-07-12','2015-08-22',NULL,NULL,'1043.00',0,0,1,0,1,1,NULL,NULL,NULL,NULL,NULL,'--- !ruby/hash:ActiveSupport::HashWithIndifferentAccess\nanschaffungskategorie: AV-Technik\nreference: invoice\numzug: zgeln\nankunftszustand: intakt\n','2015-08-22 19:04:19','2015-08-22 19:04:19'),(132,'yx52mktwzqo0nwc1wy2b465','46:30:05:15:10:52-ee:89:50:28:ac:73-0a:b2:84:2d:c9:d6',139,62,132,1,130,NULL,'2013-02-14','2015-08-22',NULL,NULL,'1142.00',0,0,1,0,1,1,NULL,NULL,NULL,NULL,NULL,'--- !ruby/hash:ActiveSupport::HashWithIndifferentAccess\nanschaffungskategorie: AV-Technik\nreference: invoice\numzug: zgeln\nankunftszustand: intakt\n','2015-08-22 19:04:19','2015-08-22 19:04:19'),(133,'qf1e3l552o80flq3pff8466','8d:60:76:d2:48:7a-c7:3e:47:2e:f3:4d-73:0c:64:f2:0c:a6',140,62,133,1,130,NULL,'2014-05-17','2015-08-22',NULL,NULL,'366.00',0,0,1,0,1,1,NULL,NULL,NULL,NULL,NULL,'--- !ruby/hash:ActiveSupport::HashWithIndifferentAccess\nanschaffungskategorie: AV-Technik\nreference: invoice\numzug: zgeln\nankunftszustand: intakt\n','2015-08-22 19:04:19','2015-08-22 19:04:19'),(134,'r1c66ky4kk432yjc2ljk467','f2:9a:58:5f:39:c0-06:97:75:c6:61:6b-3d:a3:5d:54:13:8b',115,66,134,2,NULL,NULL,'2010-12-19','2015-08-22',NULL,NULL,'779.00',0,0,1,0,2,1,NULL,NULL,NULL,NULL,NULL,'--- !ruby/hash:ActiveSupport::HashWithIndifferentAccess\nanschaffungskategorie: AV-Technik\nreference: invoice\numzug: zgeln\nankunftszustand: intakt\n','2015-08-22 19:04:19','2015-08-22 19:04:19'),(135,'n11rz9vjk465nk5d7awc468','06:ca:ed:b0:ed:64-f4:da:67:55:7f:86-01:15:19:10:4f:d0',142,66,135,2,134,NULL,'2014-02-19','2015-08-22',NULL,NULL,'432.00',0,0,1,0,2,1,NULL,NULL,NULL,NULL,NULL,'--- !ruby/hash:ActiveSupport::HashWithIndifferentAccess\nanschaffungskategorie: AV-Technik\nreference: invoice\numzug: zgeln\nankunftszustand: intakt\n','2015-08-22 19:04:19','2015-08-22 19:04:19'),(136,'niikkg9sggi95ywf2naq469','3e:73:07:50:99:5a-93:85:3f:73:a7:b1-20:c9:62:da:fd:0c',143,66,136,2,134,NULL,'2011-03-15','2015-08-22',NULL,NULL,'379.00',0,0,1,0,2,1,NULL,NULL,NULL,NULL,NULL,'--- !ruby/hash:ActiveSupport::HashWithIndifferentAccess\nanschaffungskategorie: AV-Technik\nreference: invoice\numzug: zgeln\nankunftszustand: intakt\n','2015-08-22 19:04:19','2015-08-22 19:04:19'),(137,'ql5a1hsgbx1hrwbcwlxx470','ff:f4:92:97:d5:f4-a8:f8:bf:47:f0:5f-b5:9b:a7:6e:ad:c4',144,66,137,2,134,NULL,'2012-01-04','2015-08-22',NULL,NULL,'319.00',0,0,1,0,2,1,NULL,NULL,NULL,NULL,NULL,'--- !ruby/hash:ActiveSupport::HashWithIndifferentAccess\nanschaffungskategorie: AV-Technik\nreference: invoice\numzug: zgeln\nankunftszustand: intakt\n','2015-08-22 19:04:19','2015-08-22 19:04:19'),(138,'cand5','cand5',80,41,138,1,NULL,NULL,'2012-11-26','2015-08-22',NULL,NULL,'956.00',0,0,0,0,1,1,NULL,NULL,NULL,NULL,NULL,'--- !ruby/hash:ActiveSupport::HashWithIndifferentAccess\nanschaffungskategorie: AV-Technik\nreference: invoice\numzug: zgeln\nankunftszustand: intakt\n','2015-08-22 19:04:19','2015-08-22 19:04:19'),(139,'beam21231','beamas12312',54,41,139,1,NULL,NULL,'2010-02-11','2015-08-22',NULL,NULL,'614.00',0,0,0,0,1,1,NULL,NULL,NULL,NULL,NULL,'--- !ruby/hash:ActiveSupport::HashWithIndifferentAccess\nanschaffungskategorie: AV-Technik\nreference: invoice\numzug: zgeln\nankunftszustand: intakt\n','2015-08-22 19:04:19','2015-08-22 19:04:19'),(140,'hifi345','hifi345',111,41,140,1,NULL,NULL,'2011-03-08','2015-08-22',NULL,NULL,'1219.00',0,0,0,0,1,1,NULL,NULL,NULL,NULL,NULL,'--- !ruby/hash:ActiveSupport::HashWithIndifferentAccess\nanschaffungskategorie: AV-Technik\nreference: invoice\numzug: zgeln\nankunftszustand: intakt\n','2015-08-22 19:04:19','2015-08-22 19:04:19'),(141,'iMac1','iMac5',146,41,141,1,NULL,NULL,'2010-12-24','2015-08-22','2015-08-22','This Item is gone','143.00',0,0,1,0,1,1,NULL,NULL,NULL,NULL,NULL,'--- !ruby/hash:ActiveSupport::HashWithIndifferentAccess\nanschaffungskategorie: AV-Technik\nreference: invoice\numzug: zgeln\nankunftszustand: intakt\n','2015-08-22 19:04:19','2015-08-22 19:04:19'),(142,'iMac2','iMac6',146,41,142,3,NULL,NULL,'2014-08-19','2015-08-22','2015-08-22','This Item is gone','1395.00',0,0,1,0,1,1,NULL,NULL,NULL,NULL,NULL,'--- !ruby/hash:ActiveSupport::HashWithIndifferentAccess\nanschaffungskategorie: AV-Technik\nreference: invoice\numzug: zgeln\nankunftszustand: intakt\n','2015-08-22 19:04:19','2015-08-22 19:04:19'),(143,'ipsnud','oqolxd',113,41,143,1,NULL,NULL,'2013-01-10','2015-08-22','2015-08-22','This Item is gone','338.00',0,0,1,0,1,1,NULL,NULL,NULL,NULL,NULL,'--- !ruby/hash:ActiveSupport::HashWithIndifferentAccess\nanschaffungskategorie: AV-Technik\nreference: invoice\numzug: zgeln\nankunftszustand: intakt\n','2015-08-22 19:04:19','2015-08-22 19:04:19'),(144,'em9s66','v4becu',113,41,144,1,NULL,NULL,'2011-01-31','2015-08-22',NULL,NULL,'1134.00',0,0,1,0,1,1,NULL,NULL,NULL,NULL,NULL,'--- !ruby/hash:ActiveSupport::HashWithIndifferentAccess\nanschaffungskategorie: AV-Technik\nreference: invoice\numzug: zgeln\nankunftszustand: intakt\n','2015-08-22 19:04:19','2015-08-22 19:04:19'),(145,'wlaptop1','wlaptop1',147,41,145,1,NULL,NULL,'2010-12-04','2015-08-22',NULL,NULL,'72.00',1,0,1,0,1,1,NULL,NULL,NULL,NULL,NULL,'--- !ruby/hash:ActiveSupport::HashWithIndifferentAccess\nanschaffungskategorie: AV-Technik\nreference: invoice\numzug: zgeln\nankunftszustand: intakt\n','2015-08-22 19:04:19','2015-08-22 19:04:19'),(146,'v120d02','v120d02',148,41,146,1,NULL,NULL,'2011-11-06','2015-08-22',NULL,NULL,'1114.00',0,1,1,0,1,1,NULL,NULL,NULL,NULL,NULL,'--- !ruby/hash:ActiveSupport::HashWithIndifferentAccess\nanschaffungskategorie: AV-Technik\nreference: invoice\numzug: zgeln\nankunftszustand: intakt\n','2015-08-22 19:04:19','2015-08-22 19:04:19'),(147,'87co7lfuk33u40epd9ui471','63:05:97:a4:03:89-30:c8:60:8b:eb:60-6a:41:70:d4:97:1a',148,70,147,1,NULL,NULL,'2014-12-21','2015-08-22','2015-08-22','Qui consequatur harum quis optio.','1199.00',1,1,0,0,1,1,NULL,NULL,NULL,NULL,NULL,'--- !ruby/hash:ActiveSupport::HashWithIndifferentAccess\nanschaffungskategorie: AV-Technik\nreference: invoice\numzug: zgeln\nankunftszustand: intakt\n','2015-08-22 19:04:19','2015-08-22 19:04:19'),(148,'v120d022g','v120d022g',149,41,148,1,NULL,NULL,'2013-03-26','2015-08-22',NULL,NULL,'1492.00',0,0,1,0,1,1,NULL,NULL,NULL,NULL,NULL,'--- !ruby/hash:ActiveSupport::HashWithIndifferentAccess\nanschaffungskategorie: AV-Technik\nreference: invoice\numzug: zgeln\nankunftszustand: intakt\n','2015-08-22 19:04:19','2015-08-22 19:04:19'),(149,'v120d022g2','v120d022g2',149,41,149,1,NULL,NULL,'2012-04-19','2015-08-22',NULL,NULL,'746.00',0,0,1,0,1,1,NULL,NULL,NULL,NULL,NULL,'--- !ruby/hash:ActiveSupport::HashWithIndifferentAccess\nanschaffungskategorie: AV-Technik\nreference: invoice\numzug: zgeln\nankunftszustand: intakt\n','2015-08-22 19:04:19','2015-08-22 19:04:19'),(150,'beam897','xyz890',54,41,150,1,NULL,NULL,'2010-06-02','2015-08-22',NULL,NULL,'491.00',0,0,1,0,2,1,NULL,NULL,NULL,NULL,NULL,'--- !ruby/hash:ActiveSupport::HashWithIndifferentAccess\nanschaffungskategorie: AV-Technik\nreference: invoice\numzug: zgeln\nankunftszustand: intakt\n','2015-08-22 19:04:19','2015-08-22 19:04:19'),(151,'minibeam12','xyz890',56,41,151,1,NULL,NULL,'2011-03-29','2015-08-22',NULL,NULL,'753.00',0,0,1,0,2,1,NULL,NULL,NULL,NULL,NULL,'--- !ruby/hash:ActiveSupport::HashWithIndifferentAccess\nanschaffungskategorie: AV-Technik\nreference: invoice\numzug: zgeln\nankunftszustand: intakt\n','2015-08-22 19:04:19','2015-08-22 19:04:19'),(152,'minibeam34','xyz890',56,41,152,1,NULL,NULL,'2013-07-19','2015-08-22',NULL,NULL,'931.00',0,0,1,0,3,1,NULL,NULL,NULL,NULL,NULL,'--- !ruby/hash:ActiveSupport::HashWithIndifferentAccess\nanschaffungskategorie: AV-Technik\nreference: invoice\numzug: zgeln\nankunftszustand: intakt\n','2015-08-22 19:04:19','2015-08-22 19:04:19'),(153,'9zrldg2yp5s6flqhafiw472','33:18:9b:b3:90:45-8f:4c:c9:e2:ab:74-aa:7c:f4:75:cb:37',151,NULL,NULL,1,NULL,NULL,NULL,NULL,NULL,NULL,NULL,0,0,0,0,1,0,NULL,NULL,NULL,NULL,NULL,'--- !ruby/hash:ActiveSupport::HashWithIndifferentAccess\nlicense_type: single_workplace\nactivation_type: serial_number\noperating_system:\n- windows\n- linux\ninstallation:\n- citrix\n- web\nprocured_by: Blake Oberbrunner\nreference: invoice\nmaintenance_contract: \'false\'\n','2015-08-22 19:04:19','2015-08-22 19:04:19'),(154,'qoyi3741kyhu2dsdrdbd473','31:b0:7e:bc:0e:0f-d3:4d:dc:e2:17:3d-4c:1c:7f:65:34:1c',152,NULL,NULL,1,NULL,NULL,NULL,NULL,NULL,NULL,NULL,0,0,1,0,1,0,NULL,NULL,NULL,NULL,NULL,'--- !ruby/hash:ActiveSupport::HashWithIndifferentAccess\nlicense_type: single_workplace\nactivation_type: serial_number\noperating_system:\n- windows\n- linux\ninstallation:\n- citrix\n- web\nprocured_by: Blake Oberbrunner\nreference: invoice\nmaintenance_contract: \'false\'\n','2015-08-22 19:04:19','2015-08-22 19:04:19'),(155,'vatmnge0mtmqmhcp36g0474','fb:8a:85:4f:e0:c4-bc:72:3c:9b:08:57-b4:2a:51:30:7f:f1',153,NULL,NULL,1,NULL,NULL,NULL,NULL,NULL,NULL,NULL,0,0,1,0,2,0,NULL,NULL,NULL,NULL,NULL,'--- !ruby/hash:ActiveSupport::HashWithIndifferentAccess\nlicense_type: single_workplace\nactivation_type: serial_number\noperating_system:\n- windows\n- linux\ninstallation:\n- citrix\n- web\nreference: invoice\nmaintenance_contract: \'false\'\n','2015-08-22 19:04:19','2015-08-22 19:04:19'),(156,'o21xuc1gdyacydqskvev475','4e:0d:15:f3:0c:c2-90:c1:ee:17:60:71-94:92:f9:c2:ae:a1',154,NULL,NULL,1,NULL,NULL,NULL,NULL,'2015-08-22','Quo et et error sed ut minima impedit.',NULL,0,0,0,0,1,0,NULL,NULL,NULL,NULL,NULL,'--- !ruby/hash:ActiveSupport::HashWithIndifferentAccess\nlicense_type: single_workplace\nactivation_type: serial_number\noperating_system:\n- windows\n- linux\ninstallation:\n- citrix\n- web\nprocured_by: Napoleon Christiansen\nreference: invoice\nmaintenance_contract: \'false\'\n','2015-08-22 19:04:19','2015-08-22 19:04:19'),(157,'crvlkgpyv6bmi7qdxeg2476','89:59:c4:5c:a3:6b-98:6e:c1:26:66:5f-b4:cc:57:fd:b4:94',155,NULL,NULL,2,NULL,NULL,NULL,NULL,'2015-08-22','Dolorum eos aspernatur odio officiis laboriosam ut.',NULL,0,0,0,0,1,0,NULL,NULL,NULL,NULL,NULL,'--- !ruby/hash:ActiveSupport::HashWithIndifferentAccess\nlicense_type: single_workplace\nactivation_type: serial_number\noperating_system:\n- windows\n- linux\ninstallation:\n- citrix\n- web\nreference: invoice\nmaintenance_contract: \'false\'\n','2015-08-22 19:04:19','2015-08-22 19:04:19'),(158,'izttyruib34ypbf74gq6477','52:f2:7f:fd:c8:25-4a:89:00:16:74:c6-ac:d5:6e:93:bb:3b',156,NULL,NULL,2,NULL,NULL,NULL,NULL,NULL,NULL,NULL,0,0,1,0,2,0,NULL,NULL,NULL,NULL,NULL,'--- !ruby/hash:ActiveSupport::HashWithIndifferentAccess\nlicense_type: single_workplace\nactivation_type: serial_number\noperating_system:\n- windows\n- linux\ninstallation:\n- citrix\n- web\nprocured_by: Mike H.\nreference: invoice\nmaintenance_contract: \'false\'\n','2015-08-22 19:04:19','2015-08-22 19:04:19'),(159,'b6bcp05xwufphjw2xrt9478','bf:7b:34:eb:56:c6-4e:9e:c2:ef:74:9a-c5:7a:a7:23:86:9d',157,NULL,NULL,1,NULL,NULL,'2015-08-22',NULL,NULL,NULL,NULL,0,0,0,0,1,0,NULL,NULL,NULL,NULL,NULL,'--- !ruby/hash:ActiveSupport::HashWithIndifferentAccess\nlicense_expiration: \'2015-08-22\'\nmaintenance_contract: \'true\'\nmaintenance_expiration: \'2015-08-22\'\nreference: invoice\nactivation_type: none\nlicense_type: free\n','2015-08-22 19:04:19','2015-08-22 19:04:19'),(160,'vwie8f6n5wn3vdw1l9qm479','8c:a6:9a:aa:f8:af-f2:ee:7b:0c:11:f7-c9:cc:b3:78:e3:0e',158,NULL,NULL,1,NULL,NULL,NULL,NULL,NULL,NULL,NULL,0,0,0,0,1,0,NULL,NULL,NULL,NULL,NULL,'--- !ruby/hash:ActiveSupport::HashWithIndifferentAccess\nquantity_allocations:\n- !ruby/hash:ActiveSupport::HashWithIndifferentAccess\n  room: doloremque\n  quantity: 16\n- !ruby/hash:ActiveSupport::HashWithIndifferentAccess\n  room: quas\n  quantity: 38\nreference: invoice\nactivation_type: none\nlicense_type: free\nmaintenance_contract: \'false\'\n','2015-08-22 19:04:19','2015-08-22 19:04:19'),(161,'3sebu583w623li8hgwjq480','cf:b5:05:ee:71:23-26:19:52:c7:43:b2-63:23:36:09:40:97',160,NULL,NULL,1,NULL,NULL,NULL,NULL,NULL,NULL,NULL,0,0,0,0,1,0,NULL,NULL,NULL,NULL,NULL,'--- !ruby/hash:ActiveSupport::HashWithIndifferentAccess\noperating_system:\n- windows\nlicense_type: concurrent\ntotal_quantity: 151\nquantity_allocations:\n- !ruby/hash:ActiveSupport::HashWithIndifferentAccess\n  room: et\n  quantity: 39\n- !ruby/hash:ActiveSupport::HashWithIndifferentAccess\n  room: alias\n  quantity: 11\nreference: invoice\nactivation_type: none\nmaintenance_contract: \'false\'\n','2015-08-22 19:04:19','2015-08-22 19:04:19'),(162,'lymdchgt56v5cq72dm2c481','6d:ff:cb:18:19:72-d0:86:50:0d:18:15-dd:f4:61:3c:97:09',162,71,153,4,NULL,NULL,'2010-03-01','2015-08-17',NULL,NULL,'692.00',0,0,1,0,1,1,NULL,NULL,NULL,NULL,NULL,'--- !ruby/hash:ActiveSupport::HashWithIndifferentAccess\nanschaffungskategorie: AV-Technik\nreference: invoice\numzug: zgeln\nankunftszustand: intakt\n','2015-08-16 23:51:02','2015-08-16 23:51:02'),(163,'pq2u6f3wdi6dgfwsewhp482','19:11:1c:17:eb:5a-07:dc:48:63:5e:fa-70:03:6e:53:ec:5d',163,72,154,11,NULL,NULL,'2010-05-24','2015-08-17',NULL,NULL,'1023.00',0,0,1,0,1,1,NULL,NULL,NULL,NULL,NULL,'--- !ruby/hash:ActiveSupport::HashWithIndifferentAccess\nanschaffungskategorie: AV-Technik\nreference: invoice\numzug: zgeln\nankunftszustand: intakt\n','2015-08-16 23:51:02','2015-08-16 23:51:02'),(164,'x9lpiyotzydtrkot8x4i483','8b:d5:de:2c:70:e7-0d:a4:3d:cd:64:f3-20:3d:eb:6b:3e:e6',164,73,155,6,NULL,NULL,'2012-05-12','2015-08-17',NULL,NULL,'1468.00',0,0,1,0,1,1,NULL,NULL,NULL,NULL,NULL,'--- !ruby/hash:ActiveSupport::HashWithIndifferentAccess\nanschaffungskategorie: AV-Technik\nreference: invoice\numzug: zgeln\nankunftszustand: intakt\n','2015-08-16 23:51:02','2015-08-16 23:51:02'),(165,'qhgqgetxok9xl3y8gvge484','4b:18:d9:92:73:18-55:b4:b2:d5:d4:92-b1:5f:7b:e1:a9:36',165,74,156,8,NULL,NULL,'2013-09-25','2015-08-17',NULL,NULL,'71.00',0,0,1,0,1,1,NULL,NULL,NULL,NULL,NULL,'--- !ruby/hash:ActiveSupport::HashWithIndifferentAccess\nanschaffungskategorie: AV-Technik\nreference: invoice\numzug: zgeln\nankunftszustand: intakt\n','2015-08-16 23:51:02','2015-08-16 23:51:02'),(166,'uqmb77haqigokpmk5ufe485','a8:29:d9:81:2c:0f-39:48:22:15:ac:c9-5b:15:29:26:38:00',165,75,157,5,NULL,NULL,'2012-01-25','2015-08-17',NULL,NULL,'738.00',0,0,1,0,1,1,NULL,NULL,NULL,NULL,NULL,'--- !ruby/hash:ActiveSupport::HashWithIndifferentAccess\nanschaffungskategorie: AV-Technik\nreference: invoice\numzug: zgeln\nankunftszustand: intakt\n','2015-08-16 23:51:02','2015-08-16 23:51:02'),(167,'9qnw9hi6wr97iqo5t76w486','56:8c:0e:ec:a1:27-20:a7:4c:00:67:57-b1:75:19:95:9c:f9',165,76,158,8,NULL,NULL,'2011-07-23','2015-08-17',NULL,NULL,'798.00',0,0,1,0,1,1,NULL,NULL,NULL,NULL,NULL,'--- !ruby/hash:ActiveSupport::HashWithIndifferentAccess\nanschaffungskategorie: AV-Technik\nreference: invoice\numzug: zgeln\nankunftszustand: intakt\n','2015-08-16 23:51:02','2015-08-16 23:51:02'),(168,'ig7xw8puig56qi1y9ohf487','aa:3e:39:e0:fa:03-64:72:1c:a0:5c:05-1a:70:ee:56:46:6c',169,77,159,1,NULL,NULL,'2014-07-28','2015-08-17',NULL,NULL,'30.00',0,0,1,0,1,1,NULL,NULL,NULL,NULL,NULL,'--- !ruby/hash:ActiveSupport::HashWithIndifferentAccess\nanschaffungskategorie: AV-Technik\nreference: invoice\numzug: zgeln\nankunftszustand: intakt\n','2015-08-16 23:51:02','2015-08-16 23:51:02'),(169,'7d36vrnfh9rcg6do6rww488','ef:11:a4:fe:82:80-64:82:92:c3:c2:35-59:96:9f:9c:1b:b9',170,78,160,9,NULL,NULL,'2014-10-03','2015-08-17',NULL,NULL,'1007.00',0,0,1,0,1,1,NULL,NULL,NULL,NULL,NULL,'--- !ruby/hash:ActiveSupport::HashWithIndifferentAccess\nanschaffungskategorie: AV-Technik\nreference: invoice\numzug: zgeln\nankunftszustand: intakt\n','2015-08-16 23:51:02','2015-08-16 23:51:02'),(170,'gjbqxtz6kbdf8i38tff7489','5d:aa:a0:48:f0:d0-91:6c:76:20:dd:b7-6a:9e:11:2b:70:42',171,79,161,2,NULL,NULL,'2010-04-23','2015-08-17',NULL,NULL,'278.00',0,0,1,0,1,1,NULL,NULL,NULL,NULL,NULL,'--- !ruby/hash:ActiveSupport::HashWithIndifferentAccess\nanschaffungskategorie: AV-Technik\nreference: invoice\numzug: zgeln\nankunftszustand: intakt\n','2015-08-16 23:51:02','2015-08-16 23:51:02'),(171,'uioo7xp8m0tprdb95pq2490','56:5a:75:9e:30:78-86:24:d4:21:b6:6a-c7:01:bf:5e:f3:cb',172,80,162,4,NULL,NULL,'2011-01-24','2015-08-17',NULL,NULL,'1121.00',0,0,1,0,1,1,NULL,NULL,NULL,NULL,NULL,'--- !ruby/hash:ActiveSupport::HashWithIndifferentAccess\nanschaffungskategorie: AV-Technik\nreference: invoice\numzug: zgeln\nankunftszustand: intakt\n','2015-08-16 23:51:02','2015-08-16 23:51:02'),(172,'4r17gx51mqcxmdk970ms491','67:d1:82:7f:f5:f1-8e:7c:06:97:25:0f-1c:8a:c3:76:70:8a',173,81,163,3,NULL,NULL,'2012-06-03','2015-08-17',NULL,NULL,'998.00',0,0,1,0,1,1,NULL,NULL,NULL,NULL,NULL,'--- !ruby/hash:ActiveSupport::HashWithIndifferentAccess\nanschaffungskategorie: AV-Technik\nreference: invoice\numzug: zgeln\nankunftszustand: intakt\n','2015-08-16 23:51:02','2015-08-16 23:51:02'),(173,'ph3yvd39ccwhqh56cl7k492','2a:a5:7f:c1:22:07-70:1d:c1:2a:bc:78-e2:7d:15:10:64:e5',173,82,164,3,NULL,NULL,'2011-12-09','2015-08-17',NULL,NULL,'221.00',0,0,1,0,1,1,NULL,NULL,NULL,NULL,NULL,'--- !ruby/hash:ActiveSupport::HashWithIndifferentAccess\nanschaffungskategorie: AV-Technik\nreference: invoice\numzug: zgeln\nankunftszustand: intakt\n','2015-08-16 23:51:02','2015-08-16 23:51:02'),(174,'7uhc7l1tg8mx5lzak78k493','ce:19:d9:b9:f0:d6-22:76:2e:36:a9:0c-86:35:53:43:0d:fc',173,83,165,7,NULL,NULL,'2011-05-23','2015-08-17',NULL,NULL,'1116.00',0,0,1,0,1,1,NULL,NULL,NULL,NULL,NULL,'--- !ruby/hash:ActiveSupport::HashWithIndifferentAccess\nanschaffungskategorie: AV-Technik\nreference: invoice\numzug: zgeln\nankunftszustand: intakt\n','2015-08-16 23:51:02','2015-08-16 23:51:02'),(175,'m6kt1k6vayawwaleao6k494','88:81:01:e0:33:0b-98:29:71:b3:a1:a9-f3:7f:ea:f9:cb:90',177,84,166,1,NULL,NULL,'2014-01-17','2015-08-17',NULL,NULL,'803.00',0,0,1,0,1,1,NULL,NULL,NULL,NULL,NULL,'--- !ruby/hash:ActiveSupport::HashWithIndifferentAccess\nanschaffungskategorie: AV-Technik\nreference: invoice\numzug: zgeln\nankunftszustand: intakt\n','2015-08-16 23:51:02','2015-08-16 23:51:02'),(176,'rlsem89ecxsi8nnnauol495','fb:75:f0:5d:f6:e6-49:7c:df:1a:a7:d9-79:52:57:5f:a4:ac',178,85,167,5,NULL,NULL,'2013-01-25','2015-08-17',NULL,NULL,'482.00',0,0,1,0,1,1,NULL,NULL,NULL,NULL,NULL,'--- !ruby/hash:ActiveSupport::HashWithIndifferentAccess\nanschaffungskategorie: AV-Technik\nreference: invoice\numzug: zgeln\nankunftszustand: intakt\n','2015-08-16 23:51:03','2015-08-16 23:51:03'),(177,'0o23klh01kh5ooa2v6b4496','21:0c:06:98:06:06-c7:71:46:42:a4:12-7d:25:ad:84:26:94',179,86,168,1,NULL,NULL,'2011-12-02','2015-08-17',NULL,NULL,'1278.00',0,0,1,0,1,1,NULL,NULL,NULL,NULL,NULL,'--- !ruby/hash:ActiveSupport::HashWithIndifferentAccess\nanschaffungskategorie: AV-Technik\nreference: invoice\numzug: zgeln\nankunftszustand: intakt\n','2015-08-16 23:51:03','2015-08-16 23:51:03'),(178,'4egiu63ryffjf1et1sdu497','38:30:fd:7a:a7:a7-f6:d2:52:a3:67:4f-3f:88:c7:f5:37:eb',180,87,169,6,NULL,NULL,'2010-03-04','2015-08-17',NULL,NULL,'1301.00',0,0,1,0,1,1,NULL,NULL,NULL,NULL,NULL,'--- !ruby/hash:ActiveSupport::HashWithIndifferentAccess\nanschaffungskategorie: AV-Technik\nreference: invoice\numzug: zgeln\nankunftszustand: intakt\n','2015-08-16 23:51:03','2015-08-16 23:51:03'),(179,'wzgx20m4d2mk1rvpd1yy498','6e:20:34:e3:00:6f-95:ad:66:ce:0d:d1-00:07:71:82:99:39',181,88,170,10,NULL,NULL,'2011-10-18','2015-08-17',NULL,NULL,'1084.00',0,0,1,0,1,1,NULL,NULL,NULL,NULL,NULL,'--- !ruby/hash:ActiveSupport::HashWithIndifferentAccess\nanschaffungskategorie: AV-Technik\nreference: invoice\numzug: zgeln\nankunftszustand: intakt\n','2015-08-16 23:51:03','2015-08-16 23:51:03'),(180,'wcs7hbnyh8pliwvbwx28499','41:0a:13:ae:e3:e8-13:f5:fb:e4:a1:10-dc:c5:bb:bf:a0:40',181,89,171,10,NULL,NULL,'2014-10-27','2015-08-17',NULL,NULL,'930.00',0,0,1,0,1,1,NULL,NULL,NULL,NULL,NULL,'--- !ruby/hash:ActiveSupport::HashWithIndifferentAccess\nanschaffungskategorie: AV-Technik\nreference: invoice\numzug: zgeln\nankunftszustand: intakt\n','2015-08-16 23:51:03','2015-08-16 23:51:03'),(181,'7wcm4tcpql2z2xs52dpq500','70:bb:86:c3:22:32-33:86:52:b0:6b:79-6f:aa:f3:a7:12:e5',181,90,172,11,NULL,NULL,'2010-02-21','2015-08-17',NULL,NULL,'1402.00',0,0,1,0,1,1,NULL,NULL,NULL,NULL,NULL,'--- !ruby/hash:ActiveSupport::HashWithIndifferentAccess\nanschaffungskategorie: AV-Technik\nreference: invoice\numzug: zgeln\nankunftszustand: intakt\n','2015-08-16 23:51:03','2015-08-16 23:51:03'),(182,'ib9nipdl7rwybgxdcypv501','73:d4:3c:12:d1:b2-5c:77:a5:76:dc:ef-05:8d:4c:1f:6a:c4',185,91,173,6,NULL,NULL,'2011-11-21','2015-08-15',NULL,NULL,'100.00',0,0,1,0,1,1,NULL,NULL,NULL,NULL,NULL,'--- !ruby/hash:ActiveSupport::HashWithIndifferentAccess\nanschaffungskategorie: AV-Technik\nreference: invoice\numzug: zgeln\nankunftszustand: intakt\n','2015-08-15 19:41:12','2015-08-15 19:41:12'),(183,'k57vn7637uono9y1tfv4502','5a:04:be:87:d9:0f-0a:b0:5c:82:3c:38-dc:ed:f2:c6:4b:70',186,92,174,9,NULL,NULL,'2010-05-29','2015-08-15',NULL,NULL,'133.00',0,0,1,0,1,1,NULL,NULL,NULL,NULL,NULL,'--- !ruby/hash:ActiveSupport::HashWithIndifferentAccess\nanschaffungskategorie: AV-Technik\nreference: invoice\numzug: zgeln\nankunftszustand: intakt\n','2015-08-15 19:41:12','2015-08-15 19:41:12'),(184,'vnlfggr83i58vg6jqtyf503','1c:5b:57:ff:3e:98-23:2e:fe:21:ac:0e-ea:61:4c:d1:5e:8f',187,93,175,6,NULL,NULL,'2010-11-07','2015-08-15',NULL,NULL,'351.00',0,0,1,0,1,1,NULL,NULL,NULL,NULL,NULL,'--- !ruby/hash:ActiveSupport::HashWithIndifferentAccess\nanschaffungskategorie: AV-Technik\nreference: invoice\numzug: zgeln\nankunftszustand: intakt\n','2015-08-15 19:41:12','2015-08-15 19:41:12'),(185,'di3dx357xu1vcxdnwzce504','7d:0c:67:33:fd:b6-2f:2f:a7:08:6c:e7-32:e1:89:9f:83:13',188,94,176,8,NULL,NULL,'2011-11-23','2015-08-20',NULL,NULL,'1276.00',0,0,1,0,1,1,NULL,NULL,NULL,NULL,NULL,'--- !ruby/hash:ActiveSupport::HashWithIndifferentAccess\nanschaffungskategorie: AV-Technik\nreference: invoice\numzug: zgeln\nankunftszustand: intakt\n','2015-08-20 06:20:20','2015-08-20 06:20:20'),(186,'mtcko2mmcr05bqpthjqu505','d4:a9:26:e6:3b:ba-64:b6:68:89:68:75-63:a6:77:01:53:39',189,95,177,10,NULL,NULL,'2013-02-24','2015-08-20',NULL,NULL,'1473.00',0,0,1,0,1,1,NULL,NULL,NULL,NULL,NULL,'--- !ruby/hash:ActiveSupport::HashWithIndifferentAccess\nanschaffungskategorie: AV-Technik\nreference: invoice\numzug: zgeln\nankunftszustand: intakt\n','2015-08-20 06:20:20','2015-08-20 06:20:20'),(187,'edknblf77wkuxaefia28506','a3:a9:94:43:3b:31-1f:43:5d:a7:75:bf-b0:8e:c0:06:76:af',190,96,178,5,NULL,NULL,'2014-12-22','2015-08-20',NULL,NULL,'1077.00',0,0,1,0,1,1,NULL,NULL,NULL,NULL,NULL,'--- !ruby/hash:ActiveSupport::HashWithIndifferentAccess\nanschaffungskategorie: AV-Technik\nreference: invoice\numzug: zgeln\nankunftszustand: intakt\n','2015-08-20 06:20:20','2015-08-20 06:20:20'),(188,'v7bs8mug3oxcfrq5vtlw507','c8:e9:b3:e6:eb:cf-d6:c2:fe:da:84:6e-ae:c0:72:20:9a:ae',191,97,179,1,NULL,NULL,'2012-11-19','2015-08-20',NULL,NULL,'1263.00',0,0,1,0,1,1,NULL,NULL,NULL,NULL,NULL,'--- !ruby/hash:ActiveSupport::HashWithIndifferentAccess\nanschaffungskategorie: AV-Technik\nreference: invoice\numzug: zgeln\nankunftszustand: intakt\n','2015-08-20 06:20:20','2015-08-20 06:20:20'),(189,'53hlkt6w6v9l1b3sj3kr508','03:22:31:2b:15:31-2c:82:56:61:04:3f-99:a4:66:66:88:d7',192,98,180,8,NULL,NULL,'2014-11-02','2015-08-20',NULL,NULL,'486.00',0,0,1,0,1,1,NULL,NULL,NULL,NULL,NULL,'--- !ruby/hash:ActiveSupport::HashWithIndifferentAccess\nanschaffungskategorie: AV-Technik\nreference: invoice\numzug: zgeln\nankunftszustand: intakt\n','2015-08-20 06:20:20','2015-08-20 06:20:20'),(190,'5m33z382pns7vzg0aped509','7a:01:df:52:1c:bd-32:85:e9:bc:02:7a-62:cb:91:75:bd:f0',192,99,181,11,NULL,NULL,'2014-11-14','2015-08-20',NULL,NULL,'658.00',0,0,1,0,1,1,NULL,NULL,NULL,NULL,NULL,'--- !ruby/hash:ActiveSupport::HashWithIndifferentAccess\nanschaffungskategorie: AV-Technik\nreference: invoice\numzug: zgeln\nankunftszustand: intakt\n','2015-08-20 06:20:20','2015-08-20 06:20:20'),(191,'hukhqs9o3bahmdq78oc9510','ce:69:fe:1e:3c:74-3a:a0:54:c9:65:be-f1:dc:41:ff:55:c7',192,100,182,9,NULL,NULL,'2013-07-13','2015-08-20',NULL,NULL,'466.00',0,0,1,0,1,1,NULL,NULL,NULL,NULL,NULL,'--- !ruby/hash:ActiveSupport::HashWithIndifferentAccess\nanschaffungskategorie: AV-Technik\nreference: invoice\numzug: zgeln\nankunftszustand: intakt\n','2015-08-20 06:20:20','2015-08-20 06:20:20'),(192,'83ordg85olwkfu9shs10511','56:84:53:8d:cd:be-fa:03:a3:d7:ed:4a-95:ef:83:bc:fc:b0',196,101,183,1,NULL,NULL,'2010-01-04','2015-08-22',NULL,NULL,'879.00',0,0,1,0,1,1,NULL,NULL,NULL,NULL,NULL,'--- !ruby/hash:ActiveSupport::HashWithIndifferentAccess\nanschaffungskategorie: AV-Technik\nreference: invoice\numzug: zgeln\nankunftszustand: intakt\n','2015-08-22 19:04:19','2015-08-22 19:04:19'),(193,'iqbmn5fe95q5u5snwikq512','91:01:f2:37:2e:a6-71:b4:b1:d9:c2:54-01:9f:08:09:92:0c',197,102,184,11,NULL,NULL,'2010-02-15','2015-08-22',NULL,NULL,'1034.00',0,0,1,0,1,1,NULL,NULL,NULL,NULL,NULL,'--- !ruby/hash:ActiveSupport::HashWithIndifferentAccess\nanschaffungskategorie: AV-Technik\nreference: invoice\numzug: zgeln\nankunftszustand: intakt\n','2015-08-22 19:04:19','2015-08-22 19:04:19'),(194,'psnxrywex037h65i0zm1513','42:cf:36:86:a1:c3-0a:ce:b5:77:da:1d-a9:f8:cd:14:cb:80',198,103,185,4,NULL,NULL,'2013-06-02','2015-08-22',NULL,NULL,'1072.00',0,0,1,0,1,1,NULL,NULL,NULL,NULL,NULL,'--- !ruby/hash:ActiveSupport::HashWithIndifferentAccess\nanschaffungskategorie: AV-Technik\nreference: invoice\numzug: zgeln\nankunftszustand: intakt\n','2015-08-22 19:04:19','2015-08-22 19:04:19'),(195,'njl4hf1s1zgh08ymz7dn514','1a:2c:86:8b:11:2a-ad:05:ec:e6:48:45-71:c8:96:38:00:b6',199,104,186,2,NULL,NULL,'2010-07-24','2015-08-22',NULL,NULL,'465.00',0,0,1,0,1,1,NULL,NULL,NULL,NULL,NULL,'--- !ruby/hash:ActiveSupport::HashWithIndifferentAccess\nanschaffungskategorie: AV-Technik\nreference: invoice\numzug: zgeln\nankunftszustand: intakt\n','2015-08-22 19:04:19','2015-08-22 19:04:19'),(196,'0ghjmwzoalqqvuw81xdd515','58:be:b2:ad:34:d3-25:4a:ae:28:f7:e3-ed:bf:bb:f5:23:ef',200,105,187,3,NULL,NULL,'2014-10-17','2015-08-22',NULL,NULL,'592.00',0,0,1,0,1,1,NULL,NULL,NULL,NULL,NULL,'--- !ruby/hash:ActiveSupport::HashWithIndifferentAccess\nanschaffungskategorie: AV-Technik\nreference: invoice\numzug: zgeln\nankunftszustand: intakt\n','2015-08-22 19:04:19','2015-08-22 19:04:19'),(197,'3keec5dawlnmmon6935c516','03:a2:0c:04:c6:31-c4:3f:e2:5b:70:7f-84:da:c0:83:d3:d4',201,106,188,9,NULL,NULL,'2014-08-17','2015-08-22',NULL,NULL,'1195.00',0,0,1,0,1,1,NULL,NULL,NULL,NULL,NULL,'--- !ruby/hash:ActiveSupport::HashWithIndifferentAccess\nanschaffungskategorie: AV-Technik\nreference: invoice\numzug: zgeln\nankunftszustand: intakt\n','2015-08-22 19:04:19','2015-08-22 19:04:19'),(198,'vsu8hvvz425rj95tpqbo517','8c:fc:b5:4b:57:49-52:cc:21:cf:fa:e5-5b:59:31:d2:c9:81',201,107,189,4,NULL,NULL,'2014-06-01','2015-08-22',NULL,NULL,'1275.00',0,0,1,0,1,1,NULL,NULL,NULL,NULL,NULL,'--- !ruby/hash:ActiveSupport::HashWithIndifferentAccess\nanschaffungskategorie: AV-Technik\nreference: invoice\numzug: zgeln\nankunftszustand: intakt\n','2015-08-22 19:04:19','2015-08-22 19:04:19'),(199,'k38ldmifen66djrlafh6518','7f:a5:ec:03:03:12-08:b5:15:c4:69:30-1e:c1:1b:e2:b7:4d',201,108,190,2,NULL,NULL,'2013-11-29','2015-08-22',NULL,NULL,'1307.00',0,0,1,0,1,1,NULL,NULL,NULL,NULL,NULL,'--- !ruby/hash:ActiveSupport::HashWithIndifferentAccess\nanschaffungskategorie: AV-Technik\nreference: invoice\numzug: zgeln\nankunftszustand: intakt\n','2015-08-22 19:04:19','2015-08-22 19:04:19'),(200,'7qgngickbf3wsq97kgoq519','86:0a:1e:31:09:45-01:74:c8:13:90:06-11:5e:58:c7:74:31',205,109,191,7,NULL,NULL,'2014-04-19','2015-08-22',NULL,NULL,'1247.00',0,0,1,0,1,1,NULL,NULL,NULL,NULL,NULL,'--- !ruby/hash:ActiveSupport::HashWithIndifferentAccess\nanschaffungskategorie: AV-Technik\nreference: invoice\numzug: zgeln\nankunftszustand: intakt\n','2015-08-22 19:04:19','2015-08-22 19:04:19'),(201,'tzgrusc21b9ob65acfc7520','84:ef:6b:f9:06:d2-d5:eb:c2:4c:a7:fd-9e:5a:9f:55:b4:17',206,110,192,6,NULL,NULL,'2010-08-22','2015-08-22',NULL,NULL,'710.00',0,0,1,0,1,1,NULL,NULL,NULL,NULL,NULL,'--- !ruby/hash:ActiveSupport::HashWithIndifferentAccess\nanschaffungskategorie: AV-Technik\nreference: invoice\numzug: zgeln\nankunftszustand: intakt\n','2015-08-22 19:04:19','2015-08-22 19:04:19'),(202,'jixglrnoe3r7xc0d69x7521','4c:11:c6:18:b8:a2-4d:f0:e6:b0:11:02-2c:cd:9b:79:30:8d',207,111,193,2,NULL,NULL,'2010-04-02','2015-08-22',NULL,NULL,'133.00',0,0,1,0,1,1,NULL,NULL,NULL,NULL,NULL,'--- !ruby/hash:ActiveSupport::HashWithIndifferentAccess\nanschaffungskategorie: AV-Technik\nreference: invoice\numzug: zgeln\nankunftszustand: intakt\n','2015-08-22 19:04:19','2015-08-22 19:04:19'),(203,'27sckn9gvncop4nqwuyz522','aa:4a:ee:e5:65:16-2c:1d:a9:54:7f:ed-19:64:11:ac:54:d4',208,112,194,2,NULL,NULL,'2010-07-28','2015-08-22',NULL,NULL,'196.00',0,0,1,0,1,1,NULL,NULL,NULL,NULL,NULL,'--- !ruby/hash:ActiveSupport::HashWithIndifferentAccess\nanschaffungskategorie: AV-Technik\nreference: invoice\numzug: zgeln\nankunftszustand: intakt\n','2015-08-22 19:04:19','2015-08-22 19:04:19'),(204,'i26jzvwrany06xeao1a4523','b8:a3:a6:75:b9:a4-60:4b:0e:94:ea:ca-e8:dc:ea:47:e5:78',209,113,195,10,NULL,NULL,'2011-03-03','2015-08-22',NULL,NULL,'1012.00',0,0,1,0,1,1,NULL,NULL,NULL,NULL,NULL,'--- !ruby/hash:ActiveSupport::HashWithIndifferentAccess\nanschaffungskategorie: AV-Technik\nreference: invoice\numzug: zgeln\nankunftszustand: intakt\n','2015-08-22 19:04:19','2015-08-22 19:04:19'),(205,'mw3yhal59e82nobfvtl1524','04:66:1d:76:10:69-fe:8a:81:30:af:47-8b:f4:3e:5c:e9:7a',210,114,196,5,NULL,NULL,'2012-08-09','2015-08-22',NULL,NULL,'61.00',0,0,1,0,1,1,NULL,NULL,NULL,NULL,NULL,'--- !ruby/hash:ActiveSupport::HashWithIndifferentAccess\nanschaffungskategorie: AV-Technik\nreference: invoice\numzug: zgeln\nankunftszustand: intakt\n','2015-08-22 19:04:19','2015-08-22 19:04:19'),(206,'k1v1phqnpnacv0gadfgz525','7d:9e:b0:98:34:e3-64:94:af:0d:ce:04-9d:6d:b0:60:cc:91',211,115,197,2,NULL,NULL,'2014-04-27','2015-08-22',NULL,NULL,'818.00',0,0,1,0,1,1,NULL,NULL,NULL,NULL,NULL,'--- !ruby/hash:ActiveSupport::HashWithIndifferentAccess\nanschaffungskategorie: AV-Technik\nreference: invoice\numzug: zgeln\nankunftszustand: intakt\n','2015-08-22 19:04:19','2015-08-22 19:04:19'),(207,'lw9izvstinnmpufxc2ou526','ae:84:5b:fa:50:01-3f:37:5d:6c:88:ce-69:7f:12:a1:14:cc',212,116,198,10,NULL,NULL,'2011-02-06','2015-08-22',NULL,NULL,'735.00',0,0,1,0,1,1,NULL,NULL,NULL,NULL,NULL,'--- !ruby/hash:ActiveSupport::HashWithIndifferentAccess\nanschaffungskategorie: AV-Technik\nreference: invoice\numzug: zgeln\nankunftszustand: intakt\n','2015-08-22 19:04:19','2015-08-22 19:04:19'),(208,'eyw59gfb4ae379xpsc2s527','7c:ae:56:39:a8:4b-42:41:87:11:78:9c-62:8c:d9:ef:63:23',213,117,199,7,NULL,NULL,'2012-05-05','2015-08-22',NULL,NULL,'223.00',0,0,1,0,1,1,NULL,NULL,NULL,NULL,NULL,'--- !ruby/hash:ActiveSupport::HashWithIndifferentAccess\nanschaffungskategorie: AV-Technik\nreference: invoice\numzug: zgeln\nankunftszustand: intakt\n','2015-08-22 19:04:19','2015-08-22 19:04:19'),(209,'clnms92td2vq69sao0yc528','bc:91:9e:7b:27:cc-8f:19:cc:97:75:0a-44:d2:81:fe:8d:91',214,118,200,9,NULL,NULL,'2010-11-14','2015-08-22',NULL,NULL,'1146.00',0,0,1,0,1,1,NULL,NULL,NULL,NULL,NULL,'--- !ruby/hash:ActiveSupport::HashWithIndifferentAccess\nanschaffungskategorie: AV-Technik\nreference: invoice\numzug: zgeln\nankunftszustand: intakt\n','2015-08-22 19:04:19','2015-08-22 19:04:19'),(210,'ubaxvhd3pgdj1b1g24jl529','d4:86:68:c8:65:ba-d1:3b:4e:25:e7:37-56:5d:ff:4d:64:73',215,119,201,11,NULL,NULL,'2012-05-01','2015-08-22',NULL,NULL,'234.00',0,0,1,0,1,1,NULL,NULL,NULL,NULL,NULL,'--- !ruby/hash:ActiveSupport::HashWithIndifferentAccess\nanschaffungskategorie: AV-Technik\nreference: invoice\numzug: zgeln\nankunftszustand: intakt\n','2015-08-22 19:04:19','2015-08-22 19:04:19'),(211,'6s5772njo5yv2gkx1gqc530','36:68:1f:c5:bb:f3-7e:bb:0c:20:87:63-f9:71:94:fe:6a:c4',216,120,202,1,NULL,NULL,'2013-12-12','2015-08-22',NULL,NULL,'81.00',0,0,1,0,1,1,NULL,NULL,NULL,NULL,NULL,'--- !ruby/hash:ActiveSupport::HashWithIndifferentAccess\nanschaffungskategorie: AV-Technik\nreference: invoice\numzug: zgeln\nankunftszustand: intakt\n','2015-08-22 19:04:19','2015-08-22 19:04:19'),(212,'4zcj6160o8ecp2qfqale531','ab:ed:a6:f4:f1:a9-d4:d1:3f:15:46:b7-ab:68:6c:8b:35:d1',217,NULL,NULL,1,NULL,NULL,NULL,NULL,NULL,NULL,NULL,0,0,1,0,1,0,NULL,NULL,NULL,NULL,NULL,'--- !ruby/hash:ActiveSupport::HashWithIndifferentAccess\nlicense_type: single_workplace\nactivation_type: serial_number\noperating_system:\n- windows\n- linux\ninstallation:\n- citrix\n- web\nprocured_by: Blake Oberbrunner\nreference: invoice\nmaintenance_contract: \'false\'\n','2015-08-22 19:04:19','2015-08-22 19:04:19'),(213,'y9wexcx2hrwhlbpz160w532','aa:23:23:5b:8c:3a-71:c0:23:81:79:6e-fd:e9:49:b8:19:3d',218,121,203,8,NULL,NULL,'2010-12-02','2015-08-17',NULL,NULL,'282.00',0,0,1,0,2,1,NULL,NULL,NULL,NULL,NULL,'--- !ruby/hash:ActiveSupport::HashWithIndifferentAccess\nanschaffungskategorie: AV-Technik\nreference: invoice\numzug: zgeln\nankunftszustand: intakt\n','2015-08-17 00:00:00','2015-08-17 00:00:00'),(214,'1w2xiwd1fu8yjgv0o6ry533','a4:d3:0f:dc:41:08-30:20:6b:18:e6:18-13:2e:74:e6:d1:b9',218,122,204,9,NULL,NULL,'2014-12-17','2015-08-17',NULL,NULL,'223.00',0,0,1,0,2,1,NULL,NULL,NULL,NULL,NULL,'--- !ruby/hash:ActiveSupport::HashWithIndifferentAccess\nanschaffungskategorie: AV-Technik\nreference: invoice\numzug: zgeln\nankunftszustand: intakt\n','2015-08-17 00:00:00','2015-08-17 00:00:00'),(215,'aoductbujdn3zg4my7et534','ed:83:39:f4:63:98-5e:24:72:bb:e7:61-84:1c:98:a5:c0:5d',218,123,205,5,NULL,NULL,'2013-07-24','2015-08-17',NULL,NULL,'1272.00',0,0,1,0,2,1,NULL,NULL,NULL,NULL,NULL,'--- !ruby/hash:ActiveSupport::HashWithIndifferentAccess\nanschaffungskategorie: AV-Technik\nreference: invoice\numzug: zgeln\nankunftszustand: intakt\n','2015-08-17 00:00:00','2015-08-17 00:00:00'),(216,'slhnhiw8njk03utwdov5535','f8:07:da:9a:40:00-3a:a6:43:95:61:cf-9a:cc:f0:18:c4:c3',222,124,206,1,NULL,NULL,'2012-05-24','2015-08-22','2015-08-22','Quia et saepe consequatur dolorem et esse beatae.','329.00',0,0,1,0,1,1,NULL,NULL,NULL,NULL,NULL,'--- !ruby/hash:ActiveSupport::HashWithIndifferentAccess\nanschaffungskategorie: AV-Technik\nreference: invoice\numzug: zgeln\nankunftszustand: intakt\n','2015-08-22 19:04:19','2015-08-22 19:04:19'),(217,'kpa5d8punhk82h7qxdat536','90:64:47:21:16:05-92:7d:0d:14:60:bd-d2:54:71:92:e5:da',223,125,207,2,NULL,NULL,'2012-05-15','2015-08-22',NULL,NULL,'666.00',0,0,1,0,2,1,NULL,NULL,NULL,NULL,NULL,'--- !ruby/hash:ActiveSupport::HashWithIndifferentAccess\nanschaffungskategorie: AV-Technik\nreference: invoice\numzug: zgeln\nankunftszustand: intakt\n','2015-08-22 19:04:19','2015-08-22 19:04:19'),(218,'xusssuzuyndfz67s495f537','03:2f:da:6c:8c:4d-97:4e:83:12:b1:f8-f5:62:9f:4b:25:4f',224,126,208,4,NULL,NULL,'2012-07-31','2015-08-22',NULL,NULL,'484.00',0,0,1,0,12,1,NULL,NULL,NULL,NULL,NULL,'--- !ruby/hash:ActiveSupport::HashWithIndifferentAccess\nanschaffungskategorie: AV-Technik\nreference: invoice\numzug: zgeln\nankunftszustand: intakt\n','2015-08-22 19:04:19','2015-08-22 19:04:19'),(219,'mehsidj58lkfpqwi7kar538','82:a1:92:c2:bd:bb-fa:ab:66:f1:92:b2-63:fd:da:f4:4c:6a',225,127,209,2,NULL,NULL,'2013-05-16','2015-08-22',NULL,NULL,'576.00',0,0,1,0,13,1,NULL,NULL,NULL,NULL,NULL,'--- !ruby/hash:ActiveSupport::HashWithIndifferentAccess\nanschaffungskategorie: AV-Technik\nreference: invoice\numzug: zgeln\nankunftszustand: intakt\n','2015-08-22 19:04:19','2015-08-22 19:04:19'),(220,'fi0cyx3radrxc9r2u4uo539','b0:18:c0:a2:8a:16-95:5f:88:8b:23:f1-b5:de:7a:69:60:2a',226,128,210,10,NULL,NULL,'2010-10-24','2015-08-22',NULL,NULL,'386.00',0,0,1,0,1,1,NULL,NULL,NULL,NULL,NULL,'--- !ruby/hash:ActiveSupport::HashWithIndifferentAccess\nanschaffungskategorie: AV-Technik\nreference: invoice\numzug: zgeln\nankunftszustand: intakt\n','2015-08-22 19:04:19','2015-08-22 19:04:19'),(221,'mzskgct8dkdga9q7kj2t540','96:2a:0d:9a:6a:79-f1:15:ff:bb:a5:c9-e9:d9:b5:c0:06:a4',227,129,211,1,NULL,NULL,'2014-03-03','2015-08-22',NULL,NULL,'1017.00',0,0,1,0,1,1,NULL,NULL,NULL,NULL,NULL,'--- !ruby/hash:ActiveSupport::HashWithIndifferentAccess\nanschaffungskategorie: AV-Technik\nreference: invoice\numzug: zgeln\nankunftszustand: intakt\n','2015-08-22 19:04:19','2015-08-22 19:04:19'),(222,'eb78jlg2q1o5fihre9q7541','21:98:e0:d2:7a:46-88:a7:fd:1c:b8:ae-a7:fc:66:a9:6c:96',228,130,212,5,NULL,NULL,'2013-09-08','2015-08-22',NULL,NULL,'335.00',0,0,1,0,1,1,NULL,NULL,NULL,NULL,NULL,'--- !ruby/hash:ActiveSupport::HashWithIndifferentAccess\nanschaffungskategorie: AV-Technik\nreference: invoice\numzug: zgeln\nankunftszustand: intakt\n','2015-08-22 19:04:19','2015-08-22 19:04:19'),(223,'ze7jgcgg3lb2vamm7j6w542','c6:0c:6f:76:a1:7a-d6:b7:69:49:23:b1-cf:72:13:ca:5f:30',229,131,213,9,NULL,NULL,'2013-09-26','2015-08-22',NULL,NULL,'262.00',0,0,1,0,1,1,NULL,NULL,NULL,NULL,NULL,'--- !ruby/hash:ActiveSupport::HashWithIndifferentAccess\nanschaffungskategorie: AV-Technik\nreference: invoice\numzug: zgeln\nankunftszustand: intakt\n','2015-08-22 19:04:19','2015-08-22 19:04:19'),(224,'g2z7ay1e4capviajgitt543','f3:9f:c3:8c:6f:22-09:49:a6:91:c5:cc-6b:bf:75:f2:34:25',230,132,214,13,NULL,NULL,'2012-03-08','2015-08-22',NULL,NULL,'62.00',0,0,1,0,1,1,NULL,NULL,NULL,NULL,NULL,'--- !ruby/hash:ActiveSupport::HashWithIndifferentAccess\nanschaffungskategorie: AV-Technik\nreference: invoice\numzug: zgeln\nankunftszustand: intakt\n','2015-08-22 19:04:19','2015-08-22 19:04:19'),(225,'ih8s1kfme9zbowbaese3544','fd:12:4e:45:b7:21-8f:35:79:b5:e4:18-7b:ac:67:e4:ef:e0',231,133,215,1,NULL,NULL,'2014-12-09','2015-08-22',NULL,NULL,'704.00',0,0,1,0,1,1,NULL,NULL,NULL,NULL,NULL,'--- !ruby/hash:ActiveSupport::HashWithIndifferentAccess\nanschaffungskategorie: AV-Technik\nreference: invoice\numzug: zgeln\nankunftszustand: intakt\n','2015-08-22 19:04:19','2015-08-22 19:04:19'),(226,'ygezfgqumaywsxc4sboj545','00:07:e1:83:71:ed-ff:81:2d:ae:07:5c-63:a8:bd:3e:1d:5e',232,134,216,9,NULL,NULL,'2010-11-10','2015-08-22',NULL,NULL,'958.00',0,0,1,0,1,1,NULL,NULL,NULL,NULL,NULL,'--- !ruby/hash:ActiveSupport::HashWithIndifferentAccess\nanschaffungskategorie: AV-Technik\nreference: invoice\numzug: zgeln\nankunftszustand: intakt\n','2015-08-22 19:04:19','2015-08-22 19:04:19'),(227,'9onwfn87s19gnkgwqjuv546','15:b6:2b:5f:eb:85-d8:45:b3:7c:82:4b-bd:36:e5:f1:b8:9a',233,135,217,8,NULL,NULL,'2014-12-06','2015-08-22',NULL,NULL,'25.00',0,0,1,0,1,1,NULL,NULL,NULL,NULL,NULL,'--- !ruby/hash:ActiveSupport::HashWithIndifferentAccess\nanschaffungskategorie: AV-Technik\nreference: invoice\numzug: zgeln\nankunftszustand: intakt\n','2015-08-22 19:04:19','2015-08-22 19:04:19'),(228,'rlbbxsho0j0os53adkf2547','5a:ac:c5:5a:bc:0a-71:94:f3:83:7e:c1-04:c8:52:6b:68:63',234,136,218,5,NULL,NULL,'2012-12-17','2015-08-22',NULL,NULL,'1203.00',0,0,1,0,1,1,NULL,NULL,NULL,NULL,NULL,'--- !ruby/hash:ActiveSupport::HashWithIndifferentAccess\nanschaffungskategorie: AV-Technik\nreference: invoice\numzug: zgeln\nankunftszustand: intakt\n','2015-08-22 19:04:19','2015-08-22 19:04:19'),(229,'17rv0th33ww49kii0art548','ef:f2:0b:99:bd:ac-82:67:34:ca:4f:3b-7f:c1:01:77:05:54',235,137,219,6,NULL,NULL,'2013-09-21','2015-08-22',NULL,NULL,'152.00',0,0,1,0,1,1,NULL,NULL,NULL,NULL,NULL,'--- !ruby/hash:ActiveSupport::HashWithIndifferentAccess\nanschaffungskategorie: AV-Technik\nreference: invoice\numzug: zgeln\nankunftszustand: intakt\n','2015-08-22 19:04:19','2015-08-22 19:04:19'),(230,'bfj1m8aomo71tgtfytq5549','1c:f2:7e:94:ba:62-aa:ba:92:40:e5:2b-e6:7c:b0:47:92:c6',236,138,220,7,NULL,NULL,'2010-11-17','2015-08-22',NULL,NULL,'1172.00',0,0,1,0,1,1,NULL,NULL,NULL,NULL,NULL,'--- !ruby/hash:ActiveSupport::HashWithIndifferentAccess\nanschaffungskategorie: AV-Technik\nreference: invoice\numzug: zgeln\nankunftszustand: intakt\n','2015-08-22 19:04:19','2015-08-22 19:04:19'),(231,'csts3isv16f62wnv2obx550','1e:b3:81:22:54:a2-8f:18:96:35:53:ec-1b:ab:22:ac:2d:0e',237,139,221,7,NULL,NULL,'2014-04-26','2015-08-17',NULL,NULL,'721.00',0,0,1,0,1,1,NULL,NULL,NULL,NULL,NULL,'--- !ruby/hash:ActiveSupport::HashWithIndifferentAccess\nanschaffungskategorie: AV-Technik\nreference: invoice\numzug: zgeln\nankunftszustand: intakt\n','2015-08-17 00:00:00','2015-08-17 00:00:00'),(232,'bvk7c25kojep5ueudw7z551','e4:0c:5a:cc:3d:c7-23:2c:6e:5b:df:7d-81:3b:c7:4a:83:b1',238,140,222,7,NULL,NULL,'2014-05-13','2015-08-17',NULL,NULL,'1114.00',0,0,1,0,1,1,NULL,NULL,NULL,NULL,NULL,'--- !ruby/hash:ActiveSupport::HashWithIndifferentAccess\nanschaffungskategorie: AV-Technik\nreference: invoice\numzug: zgeln\nankunftszustand: intakt\n','2015-08-17 00:00:00','2015-08-17 00:00:00'),(233,'e8a3nud9g8evintp52h5552','e6:1c:88:87:0d:14-4d:67:99:bc:bb:ae-a4:af:d3:65:4e:a5',239,141,223,10,NULL,NULL,'2014-02-21','2015-08-17',NULL,NULL,'753.00',0,0,1,0,1,1,NULL,NULL,NULL,NULL,NULL,'--- !ruby/hash:ActiveSupport::HashWithIndifferentAccess\nanschaffungskategorie: AV-Technik\nreference: invoice\numzug: zgeln\nankunftszustand: intakt\n','2015-08-17 00:00:00','2015-08-17 00:00:00'),(234,'rzb9h9td9zcbs3wa07ec553','fb:37:47:e5:a8:8e-fc:22:95:ab:6c:e3-59:93:5d:ec:e2:fb',240,142,224,12,NULL,NULL,'2012-02-22','2015-08-17',NULL,NULL,'1330.00',0,0,1,0,1,1,NULL,NULL,NULL,NULL,NULL,'--- !ruby/hash:ActiveSupport::HashWithIndifferentAccess\nanschaffungskategorie: AV-Technik\nreference: invoice\numzug: zgeln\nankunftszustand: intakt\n','2015-08-17 00:00:00','2015-08-17 00:00:00'),(235,'5ryz4mp12xf1k8z0qae9554','d6:98:71:21:19:23-4b:d8:15:e5:3a:3c-67:09:0e:df:eb:c1',241,143,225,6,NULL,NULL,'2010-03-01','2015-08-22',NULL,NULL,'828.00',0,0,1,0,3,1,NULL,NULL,NULL,NULL,NULL,'--- !ruby/hash:ActiveSupport::HashWithIndifferentAccess\nanschaffungskategorie: AV-Technik\nreference: invoice\numzug: zgeln\nankunftszustand: intakt\n','2015-08-22 19:04:19','2015-08-22 19:04:19'),(236,'w74bk3nwce0sbq47fp8y555','d2:f1:76:89:fe:47-2f:12:af:b2:81:c0-8c:2a:78:95:0a:2e',241,144,226,5,NULL,NULL,'2010-12-11','2015-08-22',NULL,NULL,'383.00',0,0,1,0,3,1,NULL,NULL,NULL,NULL,NULL,'--- !ruby/hash:ActiveSupport::HashWithIndifferentAccess\nanschaffungskategorie: AV-Technik\nreference: invoice\numzug: zgeln\nankunftszustand: intakt\n','2015-08-22 19:04:19','2015-08-22 19:04:19'),(237,'smz41odptjq2ee8dhh5v556','d0:cf:4f:88:d2:83-bc:f7:ef:9d:62:0b-1c:87:a2:64:e4:db',241,145,227,8,NULL,NULL,'2011-02-12','2015-08-22',NULL,NULL,'1371.00',0,0,1,0,3,1,NULL,NULL,NULL,NULL,NULL,'--- !ruby/hash:ActiveSupport::HashWithIndifferentAccess\nanschaffungskategorie: AV-Technik\nreference: invoice\numzug: zgeln\nankunftszustand: intakt\n','2015-08-22 19:04:19','2015-08-22 19:04:19'),(238,'ao4rddmlej6pp610zin3557','92:ea:07:43:0e:0d-9a:46:4c:d4:52:ca-20:04:38:58:f9:a4',245,146,228,13,NULL,NULL,'2013-01-22','2015-08-22',NULL,NULL,'898.00',0,0,1,0,3,1,NULL,NULL,NULL,NULL,NULL,'--- !ruby/hash:ActiveSupport::HashWithIndifferentAccess\nanschaffungskategorie: AV-Technik\nreference: invoice\numzug: zgeln\nankunftszustand: intakt\n','2015-08-22 19:04:19','2015-08-22 19:04:19'),(239,'rmt9v8ecanigu56ra2ud558','3e:2c:12:a5:db:f1-49:22:d2:cf:85:30-9f:eb:af:9b:c3:9e',245,147,229,11,NULL,NULL,'2011-10-22','2015-08-22',NULL,NULL,'1075.00',0,0,1,0,3,1,NULL,NULL,NULL,NULL,NULL,'--- !ruby/hash:ActiveSupport::HashWithIndifferentAccess\nanschaffungskategorie: AV-Technik\nreference: invoice\numzug: zgeln\nankunftszustand: intakt\n','2015-08-22 19:04:19','2015-08-22 19:04:19'),(240,'nnj7jt8rpnquqjq5fyt7559','38:b7:80:8e:7c:6d-39:45:8b:a6:4b:e7-2d:89:fd:dc:39:c1',245,148,230,13,NULL,NULL,'2012-11-26','2015-08-22',NULL,NULL,'1414.00',0,0,1,0,3,1,NULL,NULL,NULL,NULL,NULL,'--- !ruby/hash:ActiveSupport::HashWithIndifferentAccess\nanschaffungskategorie: AV-Technik\nreference: invoice\numzug: zgeln\nankunftszustand: intakt\n','2015-08-22 19:04:19','2015-08-22 19:04:19'),(241,'gukw5zfl1wll3u56qays560','49:22:8b:ec:44:66-81:d4:3f:cf:eb:7f-bf:c2:71:2d:9b:5e',249,149,231,9,NULL,NULL,'2010-04-05','2015-08-22',NULL,NULL,'838.00',0,0,1,0,3,1,NULL,NULL,NULL,NULL,NULL,'--- !ruby/hash:ActiveSupport::HashWithIndifferentAccess\nanschaffungskategorie: AV-Technik\nreference: invoice\numzug: zgeln\nankunftszustand: intakt\n','2015-08-22 19:04:19','2015-08-22 19:04:19'),(242,'62erpbnbzako96dz0dvz561','45:5a:24:3f:6b:63-1b:38:cb:76:b7:21-6b:81:f2:51:39:59',249,150,232,11,NULL,NULL,'2014-03-07','2015-08-22',NULL,NULL,'1361.00',0,0,1,0,3,1,NULL,NULL,NULL,NULL,NULL,'--- !ruby/hash:ActiveSupport::HashWithIndifferentAccess\nanschaffungskategorie: AV-Technik\nreference: invoice\numzug: zgeln\nankunftszustand: intakt\n','2015-08-22 19:04:19','2015-08-22 19:04:19'),(243,'kv063ejsyobp4iv5tueb562','82:c7:2c:0b:b4:f0-4e:00:97:29:69:6f-ba:09:ea:ef:71:f5',249,151,233,2,NULL,NULL,'2011-01-18','2015-08-22',NULL,NULL,'566.00',0,0,1,0,3,1,NULL,NULL,NULL,NULL,NULL,'--- !ruby/hash:ActiveSupport::HashWithIndifferentAccess\nanschaffungskategorie: AV-Technik\nreference: invoice\numzug: zgeln\nankunftszustand: intakt\n','2015-08-22 19:04:19','2015-08-22 19:04:19'),(244,'f7w6f28tuev2pjuvoczl563','7a:47:17:1f:c2:69-9d:30:dd:22:14:94-71:55:56:71:11:d6',253,152,234,13,NULL,NULL,'2013-04-13','2015-08-22',NULL,NULL,'1054.00',0,0,1,0,3,1,NULL,NULL,NULL,NULL,NULL,'--- !ruby/hash:ActiveSupport::HashWithIndifferentAccess\nanschaffungskategorie: AV-Technik\nreference: invoice\numzug: zgeln\nankunftszustand: intakt\n','2015-08-22 19:04:19','2015-08-22 19:04:19'),(245,'s5dsupatoqyayzcqq8ca564','9f:dd:e1:c9:8a:9a-53:8a:67:a0:3a:85-7d:c9:1a:1e:4a:cf',253,153,235,5,NULL,NULL,'2010-10-28','2015-08-22',NULL,NULL,'519.00',0,0,1,0,3,1,NULL,NULL,NULL,NULL,NULL,'--- !ruby/hash:ActiveSupport::HashWithIndifferentAccess\nanschaffungskategorie: AV-Technik\nreference: invoice\numzug: zgeln\nankunftszustand: intakt\n','2015-08-22 19:04:19','2015-08-22 19:04:19'),(246,'mg44gpjdwmswbzojfqej565','2b:6a:12:e5:6c:6e-11:44:ba:fc:c6:eb-0d:24:cc:b0:58:ef',253,154,236,6,NULL,NULL,'2010-02-04','2015-08-22',NULL,NULL,'1313.00',0,0,1,0,3,1,NULL,NULL,NULL,NULL,NULL,'--- !ruby/hash:ActiveSupport::HashWithIndifferentAccess\nanschaffungskategorie: AV-Technik\nreference: invoice\numzug: zgeln\nankunftszustand: intakt\n','2015-08-22 19:04:19','2015-08-22 19:04:19'),(247,'509v103dliltjwai7c55566','5e:1b:90:79:8b:0a-08:60:24:f4:1c:aa-95:ff:98:08:9b:55',257,155,237,6,NULL,NULL,'2013-01-02','2015-08-22',NULL,NULL,'806.00',0,0,1,0,3,1,NULL,NULL,NULL,NULL,NULL,'--- !ruby/hash:ActiveSupport::HashWithIndifferentAccess\nanschaffungskategorie: AV-Technik\nreference: invoice\numzug: zgeln\nankunftszustand: intakt\n','2015-08-22 19:04:19','2015-08-22 19:04:19'),(248,'rhkx25k01544qzs4odsv567','0d:da:e9:94:dc:47-0d:40:1f:30:fe:4b-27:17:c2:37:28:03',257,156,238,6,NULL,NULL,'2014-02-03','2015-08-22',NULL,NULL,'719.00',0,0,1,0,3,1,NULL,NULL,NULL,NULL,NULL,'--- !ruby/hash:ActiveSupport::HashWithIndifferentAccess\nanschaffungskategorie: AV-Technik\nreference: invoice\numzug: zgeln\nankunftszustand: intakt\n','2015-08-22 19:04:19','2015-08-22 19:04:19'),(249,'mdkhq1sbntm9ntyrjd2c568','d1:ad:e4:7e:7d:6a-53:a1:f1:63:aa:5e-cb:eb:03:fe:dc:05',257,157,239,2,NULL,NULL,'2013-02-28','2015-08-22',NULL,NULL,'1216.00',0,0,1,0,3,1,NULL,NULL,NULL,NULL,NULL,'--- !ruby/hash:ActiveSupport::HashWithIndifferentAccess\nanschaffungskategorie: AV-Technik\nreference: invoice\numzug: zgeln\nankunftszustand: intakt\n','2015-08-22 19:04:19','2015-08-22 19:04:19'),(250,'gff79wz4v9fyfrrn62kt569','c6:4e:75:30:c9:d7-b6:37:7b:c6:70:fd-c6:e9:84:c5:86:a4',261,158,240,9,NULL,NULL,'2013-10-21','2015-08-22',NULL,NULL,'651.00',0,0,1,0,1,1,NULL,NULL,NULL,NULL,NULL,'--- !ruby/hash:ActiveSupport::HashWithIndifferentAccess\nanschaffungskategorie: AV-Technik\nreference: invoice\numzug: zgeln\nankunftszustand: intakt\n','2015-08-22 19:04:19','2015-08-22 19:04:19'),(251,'m3cky0j1rhg4jzaoyfsq570','06:e2:bf:17:fa:1c-57:92:4c:03:19:b2-ac:3e:a6:41:0b:a2',261,159,241,3,NULL,NULL,'2010-10-08','2015-08-22',NULL,NULL,'1400.00',0,0,1,0,1,1,NULL,NULL,NULL,NULL,NULL,'--- !ruby/hash:ActiveSupport::HashWithIndifferentAccess\nanschaffungskategorie: AV-Technik\nreference: invoice\numzug: zgeln\nankunftszustand: intakt\n','2015-08-22 19:04:19','2015-08-22 19:04:19'),(252,'i1117a4oduonn6zak10f571','ad:93:f7:00:17:cf-d5:ef:7d:83:a6:b5-08:1f:bd:13:f3:56',261,160,242,1,NULL,NULL,'2010-07-10','2015-08-22',NULL,NULL,'1251.00',0,0,1,0,1,1,NULL,NULL,NULL,NULL,NULL,'--- !ruby/hash:ActiveSupport::HashWithIndifferentAccess\nanschaffungskategorie: AV-Technik\nreference: invoice\numzug: zgeln\nankunftszustand: intakt\n','2015-08-22 19:04:19','2015-08-22 19:04:19'),(253,'iw21ht8efvq5q7bf28t5572','95:24:c6:27:2e:7c-28:76:dd:80:20:f5-d3:1b:75:a9:35:af',265,161,243,1,NULL,NULL,'2011-12-30','2015-08-22',NULL,NULL,'1240.00',0,0,1,0,1,1,NULL,NULL,NULL,NULL,NULL,'--- !ruby/hash:ActiveSupport::HashWithIndifferentAccess\nanschaffungskategorie: AV-Technik\nreference: invoice\numzug: zgeln\nankunftszustand: intakt\n','2015-08-22 19:04:19','2015-08-22 19:04:19'),(254,'3tsmq92pfhb399mncalb573','37:71:58:35:02:a9-11:bd:55:49:f5:d7-db:75:92:9d:d4:8e',265,162,244,9,NULL,NULL,'2012-05-03','2015-08-22',NULL,NULL,'860.00',0,0,1,0,1,1,NULL,NULL,NULL,NULL,NULL,'--- !ruby/hash:ActiveSupport::HashWithIndifferentAccess\nanschaffungskategorie: AV-Technik\nreference: invoice\numzug: zgeln\nankunftszustand: intakt\n','2015-08-22 19:04:19','2015-08-22 19:04:19'),(255,'o8fl9y3n92723stfsahg574','fe:39:f4:5f:93:7a-03:90:4b:68:e4:60-ea:73:94:c5:7e:47',265,163,245,1,NULL,NULL,'2012-12-21','2015-08-22',NULL,NULL,'42.00',0,0,1,0,1,1,NULL,NULL,NULL,NULL,NULL,'--- !ruby/hash:ActiveSupport::HashWithIndifferentAccess\nanschaffungskategorie: AV-Technik\nreference: invoice\numzug: zgeln\nankunftszustand: intakt\n','2015-08-22 19:04:19','2015-08-22 19:04:19'),(256,'yvsaltweehol9yhhj27a575','29:d6:e6:98:08:ac-a6:61:bd:5b:cc:8b-e7:35:06:88:71:11',269,164,246,7,NULL,NULL,'2014-06-08','2015-08-22',NULL,NULL,'300.00',0,0,1,0,1,1,NULL,NULL,NULL,NULL,NULL,'--- !ruby/hash:ActiveSupport::HashWithIndifferentAccess\nanschaffungskategorie: AV-Technik\nreference: invoice\numzug: zgeln\nankunftszustand: intakt\n','2015-08-22 19:04:19','2015-08-22 19:04:19'),(257,'s2hkdl38pz99m5byhak1576','9c:da:87:3e:4e:fd-a8:fe:e9:59:39:49-a1:5a:0c:35:7f:6e',269,165,247,12,NULL,NULL,'2010-08-27','2015-08-22',NULL,NULL,'116.00',0,0,1,0,1,1,NULL,NULL,NULL,NULL,NULL,'--- !ruby/hash:ActiveSupport::HashWithIndifferentAccess\nanschaffungskategorie: AV-Technik\nreference: invoice\numzug: zgeln\nankunftszustand: intakt\n','2015-08-22 19:04:19','2015-08-22 19:04:19'),(258,'pwop4frv9e3yor8a0mb2577','29:e7:59:fd:17:09-22:7e:ed:0d:74:53-4e:29:74:4a:0b:a5',269,166,248,2,NULL,NULL,'2013-02-23','2015-08-22',NULL,NULL,'1231.00',0,0,1,0,1,1,NULL,NULL,NULL,NULL,NULL,'--- !ruby/hash:ActiveSupport::HashWithIndifferentAccess\nanschaffungskategorie: AV-Technik\nreference: invoice\numzug: zgeln\nankunftszustand: intakt\n','2015-08-22 19:04:19','2015-08-22 19:04:19'),(259,'61mbvg37wgl1wwlfz1bq578','08:75:19:d5:61:5a-4c:99:c0:bc:f3:98-1b:11:37:b9:e4:de',273,167,249,4,NULL,NULL,'2014-08-30','2015-08-22',NULL,NULL,'1270.00',0,0,1,0,1,1,NULL,NULL,NULL,NULL,NULL,'--- !ruby/hash:ActiveSupport::HashWithIndifferentAccess\nanschaffungskategorie: AV-Technik\nreference: invoice\numzug: zgeln\nankunftszustand: intakt\n','2015-08-22 19:04:19','2015-08-22 19:04:19'),(260,'dm0gjrnq7dygylsrcler579','6d:63:00:9f:fc:11-41:92:c4:83:44:e3-0f:de:d1:33:32:47',273,168,250,9,NULL,NULL,'2014-05-27','2015-08-22',NULL,NULL,'1160.00',0,0,1,0,1,1,NULL,NULL,NULL,NULL,NULL,'--- !ruby/hash:ActiveSupport::HashWithIndifferentAccess\nanschaffungskategorie: AV-Technik\nreference: invoice\numzug: zgeln\nankunftszustand: intakt\n','2015-08-22 19:04:19','2015-08-22 19:04:19'),(261,'58asexm7x8ink3iye69x580','a6:06:3d:85:dd:dc-6b:cc:03:fd:de:f6-0c:f9:e6:a7:88:c2',273,169,251,13,NULL,NULL,'2012-12-02','2015-08-22',NULL,NULL,'992.00',0,0,1,0,1,1,NULL,NULL,NULL,NULL,NULL,'--- !ruby/hash:ActiveSupport::HashWithIndifferentAccess\nanschaffungskategorie: AV-Technik\nreference: invoice\numzug: zgeln\nankunftszustand: intakt\n','2015-08-22 19:04:19','2015-08-22 19:04:19'),(262,'pvy2vimfb9zp7zoutspb581','03:c0:ff:16:1d:b8-46:1a:6a:7e:a1:d1-3b:a9:b9:0d:4c:10',277,170,252,3,NULL,NULL,'2013-11-30','2015-08-22',NULL,NULL,'1340.00',0,0,1,0,1,1,NULL,NULL,NULL,NULL,NULL,'--- !ruby/hash:ActiveSupport::HashWithIndifferentAccess\nanschaffungskategorie: AV-Technik\nreference: invoice\numzug: zgeln\nankunftszustand: intakt\n','2015-08-22 19:04:19','2015-08-22 19:04:19'),(263,'suinfg0knfeumhc6exky582','3b:b1:d6:f8:4b:39-8d:7d:e8:00:45:f6-c8:78:1d:22:bd:17',277,171,253,4,NULL,NULL,'2013-12-03','2015-08-22',NULL,NULL,'928.00',0,0,1,0,1,1,NULL,NULL,NULL,NULL,NULL,'--- !ruby/hash:ActiveSupport::HashWithIndifferentAccess\nanschaffungskategorie: AV-Technik\nreference: invoice\numzug: zgeln\nankunftszustand: intakt\n','2015-08-22 19:04:19','2015-08-22 19:04:19'),(264,'2qavgi9432acdriyfgq8583','fd:b6:0a:56:2c:f3-04:15:d0:07:86:3f-66:87:51:72:e5:4d',277,172,254,11,NULL,NULL,'2013-08-11','2015-08-22',NULL,NULL,'214.00',0,0,1,0,1,1,NULL,NULL,NULL,NULL,NULL,'--- !ruby/hash:ActiveSupport::HashWithIndifferentAccess\nanschaffungskategorie: AV-Technik\nreference: invoice\numzug: zgeln\nankunftszustand: intakt\n','2015-08-22 19:04:19','2015-08-22 19:04:19'),(265,'qtxud7arx9c3u2utym3z584','b0:6a:cd:f8:2a:61-1d:69:17:8d:20:80-f8:df:bb:b0:3b:96',281,NULL,255,1,NULL,NULL,'2014-04-30','2015-08-22',NULL,NULL,'329.00',0,0,1,0,1,1,NULL,NULL,NULL,NULL,NULL,'--- !ruby/hash:ActiveSupport::HashWithIndifferentAccess\nanschaffungskategorie: AV-Technik\nreference: invoice\numzug: zgeln\nankunftszustand: intakt\n','2015-08-22 19:04:19','2015-08-22 19:04:19'),(266,'rlxddngzh3n3bceipa5o585','de:6d:1d:67:7c:84-4c:c3:38:e7:7b:f3-db:78:0d:e3:4b:b3',282,173,256,1,NULL,NULL,'2011-09-04','2015-08-22',NULL,NULL,'1442.00',0,0,1,0,1,1,NULL,NULL,NULL,NULL,NULL,'--- !ruby/hash:ActiveSupport::HashWithIndifferentAccess\nanschaffungskategorie: AV-Technik\nreference: invoice\numzug: zgeln\nankunftszustand: intakt\n','2015-08-22 19:04:19','2015-08-22 19:04:19'),(267,'p34ko6r79xk0fujnvs3h586','41:11:8f:04:0a:ef-35:20:b0:61:8a:c9-a9:47:8b:35:88:17',283,NULL,NULL,1,NULL,NULL,NULL,NULL,NULL,NULL,NULL,0,0,0,0,2,0,NULL,NULL,NULL,NULL,NULL,'--- !ruby/hash:ActiveSupport::HashWithIndifferentAccess\noperating_system:\n- windows\n- linux\n- mac_os_x\nlicense_type: site_license\ntotal_quantity: 3\nreference: invoice\nactivation_type: none\nmaintenance_contract: \'false\'\n','2015-08-22 19:04:19','2015-08-22 19:04:19'),(268,'q4prn3ljmucybxhpgkat587','3a:ad:8f:ae:82:06-99:94:c3:8b:35:04-46:c0:45:b1:c5:21',284,174,257,2,NULL,NULL,'2010-04-20','2015-08-22',NULL,NULL,'698.00',0,0,1,0,1,1,NULL,NULL,NULL,NULL,NULL,'--- !ruby/hash:ActiveSupport::HashWithIndifferentAccess\nanschaffungskategorie: AV-Technik\nreference: invoice\numzug: zgeln\nankunftszustand: intakt\n','2015-08-22 19:04:19','2015-08-22 19:04:19'),(269,'57snf5wnjyu6crc3f94x588','22:2a:66:8f:25:49-12:66:f4:2e:32:57-e4:44:6e:e9:61:ae',284,175,258,11,NULL,NULL,'2010-09-04','2015-08-22',NULL,NULL,'362.00',0,0,1,0,1,1,NULL,NULL,NULL,NULL,NULL,'--- !ruby/hash:ActiveSupport::HashWithIndifferentAccess\nanschaffungskategorie: AV-Technik\nreference: invoice\numzug: zgeln\nankunftszustand: intakt\n','2015-08-22 19:04:19','2015-08-22 19:04:19'),(270,'hwn3jltjhkd8ji0p1dpy589','c5:d2:e9:99:ab:b4-4c:b4:1c:07:db:df-c3:2c:72:8d:68:34',284,176,259,12,NULL,NULL,'2012-01-31','2015-08-22',NULL,NULL,'814.00',0,0,1,0,1,1,NULL,NULL,NULL,NULL,NULL,'--- !ruby/hash:ActiveSupport::HashWithIndifferentAccess\nanschaffungskategorie: AV-Technik\nreference: invoice\numzug: zgeln\nankunftszustand: intakt\n','2015-08-22 19:04:19','2015-08-22 19:04:19');
/*!40000 ALTER TABLE `items` ENABLE KEYS */;
UNLOCK TABLES;

--
-- Table structure for table `languages`
--

DROP TABLE IF EXISTS `languages`;
/*!40101 SET @saved_cs_client     = @@character_set_client */;
/*!40101 SET character_set_client = utf8 */;
CREATE TABLE `languages` (
  `id` int(11) NOT NULL AUTO_INCREMENT,
  `name` varchar(255) COLLATE utf8_unicode_ci DEFAULT NULL,
  `locale_name` varchar(255) COLLATE utf8_unicode_ci DEFAULT NULL,
  `default` tinyint(1) DEFAULT NULL,
  `active` tinyint(1) DEFAULT NULL,
  PRIMARY KEY (`id`),
  UNIQUE KEY `index_languages_on_name` (`name`),
  KEY `index_languages_on_active_and_default` (`active`,`default`)
) ENGINE=InnoDB AUTO_INCREMENT=5 DEFAULT CHARSET=utf8 COLLATE=utf8_unicode_ci;
/*!40101 SET character_set_client = @saved_cs_client */;

--
-- Dumping data for table `languages`
--

LOCK TABLES `languages` WRITE;
/*!40000 ALTER TABLE `languages` DISABLE KEYS */;
INSERT INTO `languages` VALUES (1,'English','en-GB',1,1),(2,'Deutsch','de-CH',0,1),(3,'Castellano','es',0,1),(4,'Zrittsch','gsw-CH',0,1);
/*!40000 ALTER TABLE `languages` ENABLE KEYS */;
UNLOCK TABLES;

--
-- Table structure for table `locations`
--

DROP TABLE IF EXISTS `locations`;
/*!40101 SET @saved_cs_client     = @@character_set_client */;
/*!40101 SET character_set_client = utf8 */;
CREATE TABLE `locations` (
  `id` int(11) NOT NULL AUTO_INCREMENT,
  `room` varchar(255) COLLATE utf8_unicode_ci DEFAULT NULL,
  `shelf` varchar(255) COLLATE utf8_unicode_ci DEFAULT NULL,
  `building_id` int(11) DEFAULT NULL,
  PRIMARY KEY (`id`),
  KEY `index_locations_on_building_id` (`building_id`)
) ENGINE=InnoDB AUTO_INCREMENT=177 DEFAULT CHARSET=utf8 COLLATE=utf8_unicode_ci;
/*!40101 SET character_set_client = @saved_cs_client */;

--
-- Dumping data for table `locations`
--

LOCK TABLES `locations` WRITE;
/*!40000 ALTER TABLE `locations` DISABLE KEYS */;
INSERT INTO `locations` VALUES (1,'Modiquis','suntofficia',2),(2,'Inest','estprovident',3),(3,'Etalias','evenietet',4),(4,'Etvitae','omnisrepellendus',5),(5,'Praesentiumperspiciatis','veritatisquis',6),(6,'Atvel','commodiut',7),(7,'Voluptatibusalias','itaqueea',8),(8,'Dolorumrepudiandae','eosin',9),(9,'Ameteveniet','pariaturtempore',10),(10,'Sitad','remfacilis',11),(11,'Similiquelibero','estdolores',12),(12,'Etcommodi','doloremoptio',13),(13,'Estipsa','dolordolor',14),(14,'Temporequaerat','illumut',15),(15,'Nemoa','estexpedita',16),(16,'Ipsaducimus','estvelit',17),(17,'Utdebitis','molestiaset',18),(18,'Numquameveniet','laboreexplicabo',19),(19,'Doloribusvoluptates','liberout',20),(20,'Aliasnihil','sequiaut',21),(21,'Accusamusconsectetur','quiaquam',22),(22,'Etfugiat','quaequibusdam',23),(23,'Temporasunt','voluptaset',24),(24,'Etnihil','consequaturpraesentium',25),(25,'Blanditiissed','autnobis',26),(26,'Architectovero','ametlabore',27),(27,'Istecum','aspernaturquis',28),(28,'Laborumrerum','magniaut',29),(29,'Nullaeum','odioet',30),(30,'Consequunturest','ducimusvoluptate',31),(31,'Similiqueiste','molestiaeeligendi',32),(32,'Dictaeius','doloremquevoluptatem',33),(33,'Fugased','minimaet',34),(34,'Eiusdeleniti','enimfugiat',35),(35,'Doloremqueplaceat','etin',36),(36,'Autducimus','vitaeaut',37),(37,'Exercitationemeveniet','aperiamet',38),(38,'Voluptasdignissimos','minimanon',39),(39,'Utest','voluptatibusfacilis',40),(40,'SQ2','Desk',41),(41,'UG 13','Ausgabe',42),(42,'Quidemvelit','cumquesequi',43),(43,'Cumminima','earumcumque',44),(44,'Laboriosamrepellendus','pariaturtenetur',45),(45,'Autdolorem','utculpa',46),(46,'Eumarchitecto','estsimilique',47),(47,'Totamquidem','quifacilis',48),(48,'Aperiamsint','consequaturipsa',49),(49,'Maximequi','voluptasalias',50),(50,'Excepturidolores','delectusquo',51),(51,'Necessitatibusiusto','adnihil',52),(52,'Essesint','iurefugiat',53),(53,'Teneturarchitecto','asperioreset',54),(54,'Veniamoccaecati','magnamnisi',55),(55,'Laborumquis','distinctiorecusandae',56),(56,'Delenitiet','etipsa',57),(57,'Autnecessitatibus','repudiandaealiquam',58),(58,'Nesciuntitaque','essesit',59),(59,'Mollitiaeum','repudiandaeaperiam',60),(60,'Quoslaborum','iureet',61),(61,'Doloresaspernatur','quisquamdelectus',62),(62,'Etqui','sequitemporibus',63),(63,'Idmolestiae','voluptatemquia',64),(64,'Eosfacere','essequia',65),(65,'Idvoluptas','assumendarem',66),(66,'Cupiditateut','eosquae',67),(67,'Atquedicta','quiasaepe',68),(68,'Omniset','omnisea',69),(69,'Vitaeanimi','molestiaevoluptatum',70),(70,'Eumdolore','nemoqui',71),(71,'Doloribusvoluptatum','velitdolorum',72),(72,'Veltempora','utofficia',73),(73,'Officiaiste','mollitiaaut',74),(74,'Suntrerum','omnisoccaecati',75),(75,'Nostrumsequi','eumeaque',76),(76,'Accusantiumaliquam','corporisperspiciatis',77),(77,'Autemveritatis','uteius',78),(78,'Laboriosammolestiae','ametrerum',79),(79,'Quaeratut','exenim',80),(80,'Omnissint','voluptasfuga',81),(81,'Idut','voluptatummodi',82),(82,'Quamsapiente','dolorepraesentium',83),(83,'Quipossimus','quieveniet',84),(84,'Totamut','estquibusdam',85),(85,'Minimaad','ipsamconsequatur',86),(86,'Nesciunttenetur','utculpa',87),(87,'Nullanatus','velconsequuntur',88),(88,'Expariatur','quasiinventore',89),(89,'Aderror','officianatus',90),(90,'Sedexcepturi','animivoluptas',91),(91,'Utet','nisiveritatis',92),(92,'Voluptatemrecusandae','undeet',93),(93,'Nostrumullam','eaquenulla',94),(94,'Dolorquidem','reiciendissit',95),(95,'Nisiperspiciatis','eaenim',96),(96,'Quasdolores','autsint',97),(97,'Inomnis','nonfugiat',98),(98,'Etsint','etvitae',99),(99,'Ipsumin','nonrerum',100),(100,'Voluptatemcorrupti','idlaboriosam',101),(101,'Nostrumpossimus','nostrumiure',102),(102,'Necessitatibuscumque','consequaturdebitis',103),(103,'Voluptatumest','idnemo',104),(104,'Etsimilique','consequaturquia',105),(105,'Autperspiciatis','doloremaccusamus',106),(106,'Enimaut','autquis',107),(107,'Fugaconsequatur','totamet',108),(108,'Doloreaut','sapientevoluptas',109),(109,'Rerumdoloribus','utvoluptate',110),(110,'Esseharum','estet',111),(111,'Eiusquidem','eummolestias',112),(112,'Assumendanatus','sitomnis',113),(113,'Autfugit','possimusvoluptates',114),(114,'Maximeminima','eiusipsum',115),(115,'Aliquidea','officiisest',116),(116,'Iddolorem','veritatisullam',117),(117,'Quibusdamab','deseruntfuga',118),(118,'Natuset','occaecatiquia',119),(119,'Etfacilis','velitest',120),(120,'Etaliquid','essedolores',122),(121,'Sequinumquam','namest',123),(122,'Suntdicta','laudantiumconsequatur',124),(123,'Saepeprovident','aliquidquod',125),(124,'Aperiamnostrum','delenitiillo',126),(125,'Nihilenim','exnemo',127),(126,'Suntdistinctio','culpadoloribus',128),(127,'Mollitianatus','quaseum',129),(128,'Ullamut','cumiusto',130),(129,'Voluptasmagnam','corruptiiusto',131),(130,'Veritatiscorrupti','nullaatque',132),(131,'Etut','culpalibero',133),(132,'Velut','eiusadipisci',134),(133,'Omnispossimus','recusandaeperspiciatis',135),(134,'Autat','sapienteet',136),(135,'Quiexercitationem','omnisrem',137),(136,'Molestiaeconsequuntur','pariaturvoluptate',138),(137,'Evenietmolestiae','assumendamolestias',139),(138,'Eiusofficiis','dignissimosanimi',140),(139,'Vitaenumquam','cumab',141),(140,'Aperiamdolorem','eosautem',142),(141,'Nonest','quamvoluptates',143),(142,'Iustoaspernatur','sintiure',144),(143,'Molestiasqui','dolorumillo',145),(144,'Quoda','dolorumtemporibus',146),(145,'Hicdebitis','sedsunt',147),(146,'Impeditsaepe','doloret',148),(147,'Totamquia','temporeillum',149),(148,'Enimmagni','abnumquam',150),(149,'Essesint','similiquequi',151),(150,'Reiciendisiste','numquamiste',152),(151,'Sedut','maximeesse',153),(152,'Omnissunt','consequaturest',154),(153,'Veritatisconsequatur','utipsa',155),(154,'Minimaanimi','totamvelit',156),(155,'Perspiciatiseos','rationeipsa',157),(156,'Nemoillo','utet',158),(157,'Autquibusdam','assumendanisi',159),(158,'Etvero','quiaet',160),(159,'Maximequo','enimeligendi',161),(160,'Facereut','harumut',162),(161,'Praesentiumeius','omnisut',163),(162,'Velitut','repellatqui',164),(163,'Providentporro','voluptatumvoluptatem',165),(164,'Quiavoluptatibus','explicaboveritatis',166),(165,'Etsed','oditet',167),(166,'Eosmaiores','velitsoluta',168),(167,'Inciduntqui','doloresdolor',169),(168,'Nesciuntrerum','nisirecusandae',170),(169,'Solutanon','suntex',171),(170,'Deseruntquos','nonlabore',172),(171,'Ametad','temporaquaerat',173),(172,'Sintsequi','aliquamnihil',174),(173,'Voluptatibusquis','mollitiaerror',175),(174,'Cupiditateplaceat','enimincidunt',176),(175,'Commodivoluptas','aperiameaque',177),(176,'Etaccusamus','solutadebitis',178);
/*!40000 ALTER TABLE `locations` ENABLE KEYS */;
UNLOCK TABLES;

--
-- Table structure for table `model_group_links`
--

DROP TABLE IF EXISTS `model_group_links`;
/*!40101 SET @saved_cs_client     = @@character_set_client */;
/*!40101 SET character_set_client = utf8 */;
CREATE TABLE `model_group_links` (
  `id` int(11) NOT NULL AUTO_INCREMENT,
  `ancestor_id` int(11) DEFAULT NULL,
  `descendant_id` int(11) DEFAULT NULL,
  `direct` tinyint(1) DEFAULT NULL,
  `count` int(11) DEFAULT NULL,
  `label` varchar(255) COLLATE utf8_unicode_ci DEFAULT NULL,
  PRIMARY KEY (`id`),
  KEY `index_model_group_links_on_ancestor_id` (`ancestor_id`),
  KEY `index_model_group_links_on_direct` (`direct`),
  KEY `index_on_descendant_id_and_ancestor_id_and_direct` (`descendant_id`,`ancestor_id`,`direct`)
) ENGINE=InnoDB AUTO_INCREMENT=9 DEFAULT CHARSET=utf8 COLLATE=utf8_unicode_ci;
/*!40101 SET character_set_client = @saved_cs_client */;

--
-- Dumping data for table `model_group_links`
--

LOCK TABLES `model_group_links` WRITE;
/*!40000 ALTER TABLE `model_group_links` DISABLE KEYS */;
INSERT INTO `model_group_links` VALUES (1,2,10,1,1,NULL),(2,2,8,1,1,NULL),(3,5,10,1,1,NULL),(4,5,9,1,1,NULL),(5,1,9,1,1,NULL),(6,1,11,0,1,NULL),(7,5,11,0,1,NULL),(8,9,11,1,1,NULL);
/*!40000 ALTER TABLE `model_group_links` ENABLE KEYS */;
UNLOCK TABLES;

--
-- Table structure for table `model_groups`
--

DROP TABLE IF EXISTS `model_groups`;
/*!40101 SET @saved_cs_client     = @@character_set_client */;
/*!40101 SET character_set_client = utf8 */;
CREATE TABLE `model_groups` (
  `id` int(11) NOT NULL AUTO_INCREMENT,
  `type` varchar(255) COLLATE utf8_unicode_ci DEFAULT NULL,
  `name` varchar(255) COLLATE utf8_unicode_ci DEFAULT NULL,
  `created_at` datetime DEFAULT NULL,
  `updated_at` datetime DEFAULT NULL,
  PRIMARY KEY (`id`),
  KEY `index_model_groups_on_type` (`type`)
) ENGINE=InnoDB AUTO_INCREMENT=15 DEFAULT CHARSET=utf8 COLLATE=utf8_unicode_ci;
/*!40101 SET character_set_client = @saved_cs_client */;

--
-- Dumping data for table `model_groups`
--

LOCK TABLES `model_groups` WRITE;
/*!40000 ALTER TABLE `model_groups` DISABLE KEYS */;
INSERT INTO `model_groups` VALUES (1,'Category','Beamer','2015-08-22 19:04:19','2015-08-22 19:04:19'),(2,'Category','Kameras','2015-08-22 19:04:19','2015-08-22 19:04:19'),(3,'Category','Stative','2015-08-22 19:04:19','2015-08-22 19:04:19'),(4,'Category','Hifi-Anlagen','2015-08-22 19:04:19','2015-08-22 19:04:19'),(5,'Category','Notebooks','2015-08-22 19:04:19','2015-08-22 19:04:19'),(6,'Category','RC Helikopter','2015-08-22 19:04:19','2015-08-22 19:04:19'),(7,'Category','Computer','2015-08-22 19:04:19','2015-08-22 19:04:19'),(8,'Category','Kurzdistanz','2015-08-22 19:04:19','2015-08-22 19:04:19'),(9,'Category','Portabel','2015-08-22 19:04:19','2015-08-22 19:04:19'),(10,'Category','Standard','2015-08-22 19:04:19','2015-08-22 19:04:19'),(11,'Category','Micro','2015-08-22 19:04:19','2015-08-22 19:04:19'),(12,'Template','Kamera & Stativ','2015-08-22 19:04:19','2015-08-22 19:04:19'),(13,'Template','Beamer & Hifi','2015-08-22 19:04:19','2015-08-22 19:04:19'),(14,'Template','Unaccomplishable template','2015-08-22 19:04:19','2015-08-22 19:04:19');
/*!40000 ALTER TABLE `model_groups` ENABLE KEYS */;
UNLOCK TABLES;

--
-- Table structure for table `model_links`
--

DROP TABLE IF EXISTS `model_links`;
/*!40101 SET @saved_cs_client     = @@character_set_client */;
/*!40101 SET character_set_client = utf8 */;
CREATE TABLE `model_links` (
  `id` int(11) NOT NULL AUTO_INCREMENT,
  `model_group_id` int(11) DEFAULT NULL,
  `model_id` int(11) DEFAULT NULL,
  `quantity` int(11) DEFAULT '1',
  PRIMARY KEY (`id`),
  KEY `index_model_links_on_model_id_and_model_group_id` (`model_id`,`model_group_id`),
  KEY `index_model_links_on_model_group_id_and_model_id` (`model_group_id`,`model_id`)
) ENGINE=InnoDB AUTO_INCREMENT=73 DEFAULT CHARSET=utf8 COLLATE=utf8_unicode_ci;
/*!40101 SET character_set_client = @saved_cs_client */;

--
-- Dumping data for table `model_links`
--

LOCK TABLES `model_links` WRITE;
/*!40000 ALTER TABLE `model_links` DISABLE KEYS */;
INSERT INTO `model_links` VALUES (1,1,54,1),(2,9,54,1),(3,1,55,1),(4,1,56,1),(5,1,58,1),(6,9,58,1),(7,11,59,1),(8,1,60,1),(9,1,61,1),(10,1,62,1),(11,1,63,1),(12,1,64,1),(13,1,65,1),(14,1,66,1),(15,1,67,1),(16,1,68,1),(17,1,69,1),(18,1,70,1),(19,1,71,1),(20,1,72,1),(21,1,73,1),(22,1,74,1),(23,1,75,1),(24,1,76,1),(25,1,77,1),(26,1,78,1),(27,1,79,1),(28,2,80,1),(29,2,81,1),(30,2,82,1),(31,2,83,1),(32,2,84,1),(33,2,85,1),(34,2,86,1),(35,2,87,1),(36,2,88,1),(37,2,89,1),(38,2,90,1),(39,2,91,1),(40,2,92,1),(41,2,93,1),(42,2,94,1),(43,2,95,1),(44,2,96,1),(45,2,97,1),(46,2,98,1),(47,2,99,1),(48,2,100,1),(49,2,101,1),(50,2,102,1),(51,2,103,1),(52,2,104,1),(53,2,105,1),(54,2,106,1),(55,2,107,1),(56,2,108,1),(57,2,109,1),(58,2,110,1),(59,4,111,1),(60,3,112,1),(61,12,80,1),(62,12,112,1),(63,13,54,1),(64,13,111,1),(65,14,80,999),(66,14,112,999),(67,2,145,1),(68,7,146,1),(69,5,147,1),(70,6,148,1),(71,6,149,1),(72,6,150,1);
/*!40000 ALTER TABLE `model_links` ENABLE KEYS */;
UNLOCK TABLES;

--
-- Table structure for table `models`
--

DROP TABLE IF EXISTS `models`;
/*!40101 SET @saved_cs_client     = @@character_set_client */;
/*!40101 SET character_set_client = utf8 */;
CREATE TABLE `models` (
  `id` int(11) NOT NULL AUTO_INCREMENT,
  `type` varchar(255) COLLATE utf8_unicode_ci NOT NULL DEFAULT 'Model',
  `manufacturer` varchar(255) COLLATE utf8_unicode_ci DEFAULT NULL,
  `product` varchar(255) COLLATE utf8_unicode_ci NOT NULL,
  `version` varchar(255) COLLATE utf8_unicode_ci DEFAULT NULL,
  `description` text COLLATE utf8_unicode_ci,
  `internal_description` text COLLATE utf8_unicode_ci,
  `info_url` varchar(255) COLLATE utf8_unicode_ci DEFAULT NULL,
  `rental_price` decimal(8,2) DEFAULT NULL,
  `maintenance_period` int(11) DEFAULT '0',
  `is_package` tinyint(1) DEFAULT '0',
  `technical_detail` text COLLATE utf8_unicode_ci,
  `hand_over_note` text COLLATE utf8_unicode_ci,
  `created_at` datetime DEFAULT NULL,
  `updated_at` datetime DEFAULT NULL,
  PRIMARY KEY (`id`),
  KEY `index_models_on_is_package` (`is_package`),
  KEY `index_models_on_type` (`type`)
) ENGINE=InnoDB AUTO_INCREMENT=288 DEFAULT CHARSET=utf8 COLLATE=utf8_unicode_ci;
/*!40101 SET character_set_client = @saved_cs_client */;

--
-- Dumping data for table `models`
--

LOCK TABLES `models` WRITE;
/*!40000 ALTER TABLE `models` DISABLE KEYS */;
INSERT INTO `models` VALUES (1,'Model','Boyle Group','Ergonomic Concrete Chair','610','Unde neque soluta voluptates perspiciatis nostrum aut ad minima.','Dolorum optio autem omnis nemo velit ducimus quo officia.',NULL,NULL,3,0,'Optio tempore tempora porro.','Molestiae quia delectus sit consequuntur optio consequatur.','2015-08-22 19:04:19','2015-08-22 19:04:19'),(2,'Model','Lesch, Lowe and Swaniawski','Small Concrete Table','611','Est voluptatem sapiente ea nostrum dignissimos amet.','Quia dolorum nisi nihil sint dolor ut explicabo ab.',NULL,NULL,3,0,'Impedit voluptates voluptatem id velit ad nobis amet perferendis.','Facilis est similique ut.','2015-08-22 19:04:19','2015-08-22 19:04:19'),(3,'Model','Metz-Schneider','Practical Cotton Shoes','612','Non nulla itaque molestias eum provident.','Debitis amet aspernatur quisquam velit reiciendis.',NULL,NULL,0,0,'Qui sint ratione dolores voluptas.','Rerum commodi soluta quae et voluptatum.','2015-08-22 19:04:19','2015-08-22 19:04:19'),(4,'Model','Rippin, Flatley and Sporer','Incredible Wooden Car','613','Dolorem error quod et quia magni qui aspernatur.','Pariatur neque distinctio earum necessitatibus.',NULL,NULL,1,0,'Blanditiis quia error esse cupiditate quaerat odit iusto distinctio.','Repellat et maxime nobis ullam aspernatur nisi nostrum.','2015-08-22 19:04:19','2015-08-22 19:04:19'),(5,'Model','Okuneva Group','Ergonomic Wooden Table','614','Eum rerum esse velit.','Esse eum rerum nulla.',NULL,NULL,3,0,'Rerum quasi quis placeat qui aliquid et.','Amet fugiat impedit voluptates delectus.','2015-08-22 19:04:19','2015-08-22 19:04:19'),(6,'Model','Nolan, Wiegand and Schuster','Sleek Concrete Shirt','615','Inventore quis impedit et amet animi cupiditate.','Nostrum commodi sit velit error aut numquam modi.',NULL,NULL,1,0,'Dignissimos qui voluptatibus aut est quaerat.','Nihil aut vel temporibus vero.','2015-08-22 19:04:19','2015-08-22 19:04:19'),(7,'Model','Cole-Wilkinson','Practical Concrete Hat','616','Et similique non ut.','Veniam voluptatem consequuntur repellendus ipsum laudantium aut.',NULL,NULL,2,0,'Et voluptas sequi maiores nisi recusandae neque accusantium.','Voluptatem aut provident sit nihil non sed qui.','2015-08-22 19:04:19','2015-08-22 19:04:19'),(8,'Model','White-Kuhic','Rustic Granite Shirt','617','Rerum ea vel nesciunt culpa.','Quia eveniet inventore voluptatum iste veniam.',NULL,NULL,1,0,'Est consequuntur sunt mollitia quia nisi.','Atque aut laborum sit nam mollitia occaecati deserunt.','2015-08-22 19:04:19','2015-08-22 19:04:19'),(9,'Model','Osinski-Zulauf','Practical Cotton Computer','618','Natus vel non quo aspernatur distinctio veniam id.','Natus autem consequatur qui necessitatibus eaque quidem sed in.',NULL,NULL,1,0,'Quia et aperiam esse perspiciatis.','Modi nihil aut sed et et fuga.','2015-08-22 19:04:19','2015-08-22 19:04:19'),(10,'Model','Sipes Inc','Awesome Granite Hat','619','Fugit unde eos dignissimos molestias ipsum.','Facilis et ut nobis sapiente maxime.',NULL,NULL,3,0,'Est quidem tempore quos voluptas ab natus exercitationem consequatur.','Cupiditate provident et sit porro est quis voluptas.','2015-08-22 19:04:19','2015-08-22 19:04:19'),(11,'Model','Hammes, Waters and O\'Kon','Practical Plastic Table','620','Quibusdam ipsum a nostrum ullam delectus quaerat rerum odio.','Consequuntur nobis et vel.',NULL,NULL,0,0,'Laudantium reiciendis id id aut architecto.','Minus qui natus distinctio.','2015-08-22 19:04:19','2015-08-22 19:04:19'),(12,'Model','Windler, Jast and Rippin','Intelligent Plastic Car','621','Expedita commodi quidem et ipsum doloribus nihil.','Vel praesentium eligendi ut et quam.',NULL,NULL,1,0,'Autem et dolorum perspiciatis a.','Est quis ipsum eligendi asperiores cum rerum.','2015-08-22 19:04:19','2015-08-22 19:04:19'),(13,'Model','Schowalter-McKenzie','Small Steel Gloves','622','Similique quaerat tempora voluptatem ullam delectus aliquid.','Sint fugiat quae inventore.',NULL,NULL,0,0,'Deserunt aperiam at illum ea ullam fugiat dolorem.','Consequatur maxime autem rerum.','2015-08-22 19:04:19','2015-08-22 19:04:19'),(14,'Model','Cole-Nikolaus','Incredible Steel Shirt','623','Nihil quia enim exercitationem eligendi sit repellendus quia est.','Ipsa maxime sed atque excepturi voluptas iste illum aut.',NULL,NULL,2,0,'Excepturi et repellendus quis voluptas laboriosam dolores.','Eligendi totam quia blanditiis rerum.','2015-08-22 19:04:19','2015-08-22 19:04:19'),(15,'Model','Ziemann LLC','Awesome Rubber Car','624','Labore recusandae sapiente optio nisi perferendis eum laborum.','Nesciunt et sit et ut occaecati est voluptatem.',NULL,NULL,3,0,'Aut non et omnis autem quis.','Eum aut tenetur aliquam repellat a voluptas nihil magni.','2015-08-22 19:04:19','2015-08-22 19:04:19'),(16,'Model','Schumm, O\'Conner and Kertzmann','Small Rubber Car','625','Ratione repellat quas non ea sed hic laudantium in.','Eligendi necessitatibus beatae exercitationem sed magni.',NULL,NULL,1,0,'Ut eos itaque voluptatem corrupti magnam quam voluptas.','Totam ut sint consequatur consectetur odio tempora.','2015-08-22 19:04:19','2015-08-22 19:04:19'),(17,'Model','Koelpin-Gislason','Rustic Plastic Car','626','Animi quis facilis impedit nam adipisci.','Nihil expedita dolore non numquam.',NULL,NULL,1,0,'Cumque aut est autem praesentium.','Eum nesciunt inventore veniam tenetur.','2015-08-22 19:04:19','2015-08-22 19:04:19'),(18,'Model','Howe, DuBuque and Bahringer','Awesome Rubber Pants','627','Eaque voluptate qui totam non quasi.','Aut ut qui iste et facilis.',NULL,NULL,0,0,'Porro dolores perspiciatis laborum sit et.','Et voluptatem possimus inventore est in repellat omnis vel.','2015-08-22 19:04:19','2015-08-22 19:04:19'),(19,'Model','Cole LLC','Awesome Concrete Shoes','628','Excepturi aspernatur qui ullam.','Ea quo amet modi ad qui rerum.',NULL,NULL,2,0,'Consectetur dolore fugiat quo et.','Laudantium ipsam iure vel et molestias.','2015-08-22 19:04:19','2015-08-22 19:04:19'),(20,'Model','Schmidt and Sons','Fantastic Plastic Chair','629','Veritatis qui voluptatem sed corrupti.','Magni et rem laborum distinctio ratione a.',NULL,NULL,1,0,'Repellat recusandae quia sequi.','Excepturi laudantium molestiae voluptatem nulla ut.','2015-08-22 19:04:19','2015-08-22 19:04:19'),(21,'Model','Beatty-Jerde','Sleek Cotton Gloves','630','Voluptate sit consequatur et et.','Qui deserunt odit voluptatem tempore itaque voluptate.',NULL,NULL,3,0,'Repellendus nihil necessitatibus sit non voluptatem adipisci.','Accusamus numquam voluptas iusto id atque quia et repellendus.','2015-08-22 19:04:19','2015-08-22 19:04:19'),(22,'Model','Bayer, Blick and Luettgen','Gorgeous Wooden Shoes','631','Numquam facilis totam porro cupiditate.','Repellendus quo provident est impedit.',NULL,NULL,3,0,'Nam tenetur fuga nihil ipsam minus velit alias nesciunt.','Et sunt nemo dolores accusamus.','2015-08-22 19:04:19','2015-08-22 19:04:19'),(23,'Model','Nader Inc','Rustic Steel Pants','632','Placeat quia itaque ipsam consequatur omnis eos qui.','Laboriosam sed amet nihil enim quo.',NULL,NULL,0,0,'Eos quo quia perspiciatis voluptatem nemo assumenda maiores rerum.','Et tempora omnis quibusdam in sapiente vitae qui.','2015-08-22 19:04:19','2015-08-22 19:04:19'),(24,'Model','Wiegand-Green','Intelligent Granite Computer','633','Earum omnis quam velit tempore aperiam repellat molestiae perferendis.','Blanditiis dolor id quod qui in.',NULL,NULL,3,0,'Ut et dolorem voluptas.','Sunt consequuntur occaecati totam quis eum.','2015-08-22 19:04:19','2015-08-22 19:04:19'),(25,'Model','Kub, Fritsch and Strosin','Small Cotton Pants','634','Voluptatem consequatur molestiae dignissimos.','Sed consequuntur sit aliquam ipsam assumenda laudantium ut.',NULL,NULL,3,0,'Ab vel perspiciatis ut sunt.','In at enim et sit et consequatur.','2015-08-22 19:04:19','2015-08-22 19:04:19'),(26,'Model','Welch LLC','Intelligent Concrete Shirt','635','Et sunt in rerum adipisci a qui quas quam.','Modi est quod tempora porro.',NULL,NULL,0,0,'Qui corrupti consectetur esse ea.','Dolorem consectetur ut maiores et recusandae.','2015-08-22 19:04:19','2015-08-22 19:04:19'),(27,'Model','Hoppe-Fahey','Intelligent Rubber Computer','636','Distinctio voluptatibus sed error.','Hic vel qui consectetur velit enim omnis corrupti sapiente.',NULL,NULL,2,0,'Labore officiis et aut velit saepe facere.','Error beatae placeat dolore ut.','2015-08-22 19:04:19','2015-08-22 19:04:19'),(28,'Model','Ankunding Inc','Awesome Concrete Shirt','637','Aspernatur itaque aliquam eum.','Et est qui sint molestiae consequatur assumenda voluptatem.',NULL,NULL,0,0,'Et in consequatur omnis nesciunt dolores sit earum.','Iste consequatur quia harum optio modi.','2015-08-22 19:04:19','2015-08-22 19:04:19'),(29,'Model','Schinner-Spinka','Rustic Wooden Computer','638','Iste magni reiciendis vitae impedit.','Cupiditate laboriosam earum veniam adipisci explicabo suscipit libero.',NULL,NULL,3,0,'Ducimus placeat reprehenderit modi iusto aliquam.','Tempore voluptates minus provident at.','2015-08-22 19:04:19','2015-08-22 19:04:19'),(30,'Model','Nader, Luettgen and Farrell','Intelligent Steel Shirt','639','Id inventore nesciunt voluptas tenetur eum hic.','Sed minus excepturi consequatur earum laboriosam.',NULL,NULL,0,0,'A beatae inventore ullam magnam repellendus incidunt aperiam libero.','Sint ut est eligendi eos in.','2015-08-22 19:04:19','2015-08-22 19:04:19'),(31,'Model','Schuppe-Little','Gorgeous Cotton Car','640','Harum libero non ut doloremque.','Et in maiores dolorem facilis accusantium aspernatur molestiae aut.',NULL,NULL,3,0,'Amet rerum corporis modi dignissimos culpa.','Consequatur odit possimus veniam quia architecto et minus reiciendis.','2015-08-22 19:04:19','2015-08-22 19:04:19'),(32,'Model','Leuschke-Hessel','Small Granite Table','641','Architecto deleniti nisi sunt non sit optio dolorem.','Voluptas nihil nihil laudantium doloribus numquam recusandae.',NULL,NULL,1,0,'Repellendus occaecati voluptates magni consectetur assumenda accusantium fuga.','Hic excepturi dolorem quos harum.','2015-08-22 19:04:19','2015-08-22 19:04:19'),(33,'Model','Pagac and Sons','Ergonomic Cotton Car','642','Est a vel repellat aspernatur doloribus itaque enim.','Enim qui quia ut et aut.',NULL,NULL,0,0,'Odio dolor qui qui consequatur.','Voluptatibus vitae sunt ab.','2015-08-22 19:04:19','2015-08-22 19:04:19'),(34,'Model','Donnelly LLC','Rustic Concrete Computer','643','Cumque deleniti quia ut reiciendis totam asperiores quis.','Et praesentium aspernatur qui nesciunt tempora aut asperiores.',NULL,NULL,3,0,'Nihil illum repellendus in commodi accusantium.','Possimus nulla distinctio eius.','2015-08-22 19:04:19','2015-08-22 19:04:19'),(35,'Model','Leannon-Padberg','Practical Concrete Shirt','644','Reprehenderit quibusdam et molestias quo alias dicta facilis et.','Iure voluptas est sed omnis distinctio.',NULL,NULL,0,0,'Consequatur est reprehenderit mollitia sed eaque quia hic.','Distinctio sed vero praesentium minus vel officia laborum.','2015-08-22 19:04:19','2015-08-22 19:04:19'),(36,'Model','Bashirian, Hills and Hayes','Fantastic Plastic Pants','645','Earum est quod inventore tempore ea.','Natus aut maxime animi.',NULL,NULL,3,0,'Dolorem qui officiis neque quos illum.','Nostrum rerum sed iure autem beatae omnis at facilis.','2015-08-22 19:04:19','2015-08-22 19:04:19'),(37,'Model','Spencer-Pagac','Awesome Steel Shoes','646','Et consequatur est quo.','Delectus quaerat nostrum consequatur voluptas impedit sed.',NULL,NULL,3,0,'Sit sint eum harum esse quis est doloremque.','Voluptate iste totam magnam ad ut qui et.','2015-08-22 19:04:19','2015-08-22 19:04:19'),(38,'Model','Will, Mitchell and Hirthe','Small Rubber Hat','647','Quo magnam sint et repellat mollitia occaecati.','Repudiandae expedita ipsa omnis.',NULL,NULL,0,0,'Temporibus magnam et velit soluta.','Optio rerum ad similique mollitia quo aut iure.','2015-08-22 19:04:19','2015-08-22 19:04:19'),(39,'Model','Douglas-Kunze','Sleek Rubber Pants','648','Laudantium illum tempore culpa eos atque sunt libero.','Sed aut non neque amet.',NULL,NULL,2,0,'Nam molestiae est commodi consequatur labore sed at quis.','Quia doloremque non in minus aut fuga est hic.','2015-08-22 19:04:19','2015-08-22 19:04:19'),(40,'Model','Fadel-Jerde','Small Rubber Chair','649','Tenetur et aperiam corrupti voluptatibus.','Omnis consequatur commodi molestiae sed accusantium soluta.',NULL,NULL,0,0,'Ut veniam ab sapiente quisquam iure id.','Voluptatum tempore natus eum quam doloribus.','2015-08-22 19:04:19','2015-08-22 19:04:19'),(41,'Model','Welch, Hackett and Hilll','Intelligent Granite Shoes','650','Quia consequatur optio sit.','Quo dicta expedita quo minus facere corrupti possimus.',NULL,NULL,3,0,'Omnis provident delectus impedit eos dolor quasi.','Iure in et totam earum cupiditate.','2015-08-22 19:04:19','2015-08-22 19:04:19'),(42,'Model','West-Cartwright','Gorgeous Rubber Table','651','Doloribus reiciendis sed dolores laboriosam accusamus accusantium.','Perferendis adipisci quo ut.',NULL,NULL,3,0,'Et veniam odio commodi.','Dicta aut voluptatem odio sint in similique totam.','2015-08-22 19:04:19','2015-08-22 19:04:19'),(43,'Model','Watsica-Kuphal','Small Rubber Pants','652','Aut exercitationem dolorum aliquid porro neque recusandae saepe excepturi.','Quisquam delectus occaecati autem nemo quaerat nam.',NULL,NULL,3,0,'Et aut saepe officia culpa occaecati.','Eum ipsam quibusdam maiores minima.','2015-08-22 19:04:19','2015-08-22 19:04:19'),(44,'Model','Beer-Stoltenberg','Awesome Cotton Shirt','653','Suscipit cumque qui molestias itaque dolores ut.','Eos repudiandae ea est.',NULL,NULL,2,0,'Voluptas sit maiores ducimus quia optio.','Corporis adipisci et est ea omnis.','2015-08-22 19:04:19','2015-08-22 19:04:19'),(45,'Model','Rutherford and Sons','Intelligent Steel Pants','654','Vel consequuntur modi ipsam qui nihil.','Voluptas consequatur ea suscipit sint dolores.',NULL,NULL,2,0,'Dolores id aut sunt.','Velit iure illo distinctio laborum.','2015-08-22 19:04:19','2015-08-22 19:04:19'),(46,'Model','Kertzmann Inc','Fantastic Plastic Hat','655','Sequi qui soluta dolorum sint omnis cupiditate assumenda eos.','Illo consequatur praesentium officia dolores possimus.',NULL,NULL,1,0,'Neque pariatur voluptates sint aut aperiam distinctio.','Aut sit perferendis ut.','2015-08-22 19:04:19','2015-08-22 19:04:19'),(47,'Model','Friesen, Haley and Durgan','Awesome Rubber Gloves','656','Et voluptas rerum ducimus consequuntur laboriosam rem omnis.','Aut numquam sed recusandae illo eum quidem iure consectetur.',NULL,NULL,3,0,'Et veniam ut vero omnis.','Laborum veniam ut consequatur at velit et adipisci.','2015-08-22 19:04:19','2015-08-22 19:04:19'),(48,'Model','Jones Inc','Intelligent Steel Computer','657','Cupiditate quia voluptates sint.','Rerum architecto dolor repellat nihil minus enim quam.',NULL,NULL,3,0,'Sint rerum vel quas unde quia soluta harum.','Commodi ducimus cum impedit.','2015-08-22 19:04:19','2015-08-22 19:04:19'),(49,'Model','Feest, Kuphal and Funk','Rustic Granite Shoes','658','Voluptas qui voluptatum eveniet itaque et delectus.','Nam molestiae neque debitis voluptatem non quis.',NULL,NULL,0,0,'Ipsum eius est aliquam eum esse asperiores.','Odit corrupti accusamus velit nam nulla rerum debitis voluptatem.','2015-08-22 19:04:19','2015-08-22 19:04:19'),(50,'Model','Cassin, Rosenbaum and Fritsch','Intelligent Granite Gloves','659','Ipsa eveniet magni quia quod.','Cumque ullam dolorem laudantium nesciunt et.',NULL,NULL,2,0,'Et repellendus natus eos vero omnis.','Quaerat enim fuga voluptatum.','2015-08-22 19:04:19','2015-08-22 19:04:19'),(51,'Model','Wyman, Veum and Bradtke','Intelligent Cotton Car','660','Ex quia eos dolore.','Et eius rerum quod.',NULL,NULL,0,0,'Et consequatur ratione accusantium laborum.','Totam voluptates rerum quia officiis sunt veritatis harum.','2015-08-22 19:04:19','2015-08-22 19:04:19'),(52,'Model','Kautzer, Keeling and O\'Reilly','Ergonomic Steel Gloves','661','Et quis rerum magnam magni.','Ullam voluptatem veritatis sit corrupti dolores necessitatibus dicta.',NULL,NULL,2,0,'Et quia repellat architecto dolor perferendis voluptas ea.','Neque magnam illo nam molestias eos fugit officiis quam.','2015-08-22 19:04:19','2015-08-22 19:04:19'),(53,'Model','Apple','MacBookPro','662','Laptop fr Studis und Angestellte.','Beatae adipisci rerum libero maxime aut.',NULL,NULL,0,0,'Iusto quidem vitae laboriosam porro unde fuga.','Mit Verpackung aushndigen.','2015-08-22 19:04:19','2015-08-22 19:04:19'),(54,'Model','Sharp','Sharp Beamer','123','Beamer, geeignet fr alle Verwendungszwecke.','Molestiae culpa pariatur sunt.',NULL,NULL,0,0,'Quod esse aut architecto eos.','Beamer brauch ein VGA Kabel!','2015-08-22 19:04:19','2015-08-22 19:04:19'),(55,'Model','Sharp','Sharp Beamer 2D','663','Beamer, geeignet fr alle Verwendungszwecke.','Minus itaque consectetur occaecati incidunt.',NULL,NULL,0,0,'Quidem aut quo repellat animi aut tenetur.','Qui nihil ab ut necessitatibus eos.','2015-08-22 19:04:19','2015-08-22 19:04:19'),(56,'Model','Panasonic','Mini Beamer','664','Beamer, geeignet fr alle Verwendungszwecke.','Ad optio explicabo modi quia rerum quasi debitis.',NULL,NULL,0,0,'Omnis quidem quia quia itaque aut ipsam rem.','Occaecati itaque facilis non neque unde quia placeat.','2015-08-22 19:04:19','2015-08-22 19:04:19'),(57,'Model','Sharp','Sharp Beamer','456','Beamer, geeignet fr alle Verwendungszwecke.','Et rerum in magni praesentium et.',NULL,NULL,0,0,'Deserunt eum sint saepe soluta.','Beamer brauch ein VGA Kabel!','2015-08-22 19:04:19','2015-08-22 19:04:19'),(58,'Model','Sony','Ultra Compact Beamer','665','Besonders kleiner Beamer.','Voluptatem odit ut quibusdam mollitia.',NULL,NULL,0,0,'Sit vitae rerum optio qui.','Beamer brauch ein VGA Kabel!','2015-08-22 19:04:19','2015-08-22 19:04:19'),(59,'Model','Micro','Micro Beamer','666','Besonders mikro kleiner Beamer.','Alias aut id nihil aliquam.',NULL,NULL,0,0,'Ad qui quisquam et eveniet est quia doloribus.','Beamer brauch ein VGA Kabel!','2015-08-22 19:04:19','2015-08-22 19:04:19'),(60,'Model','Sony','Beamer 1 iste','667','Vitae rerum debitis reiciendis dignissimos.','Animi quibusdam voluptas ducimus sequi deserunt laborum quaerat sit.',NULL,NULL,0,0,'Labore et hic quas.','Beamer brauch ein VGA Kabel!','2015-08-22 19:04:19','2015-08-22 19:04:19'),(61,'Model','Sony','Beamer 2 et','668','Corrupti molestias voluptatem quia quia.','Numquam enim totam minima aut quidem nobis ut.',NULL,NULL,0,0,'Officiis aut at quis doloribus.','Beamer brauch ein VGA Kabel!','2015-08-22 19:04:19','2015-08-22 19:04:19'),(62,'Model','Sony','Beamer 3 qui','669','Quia libero sapiente consequatur quis architecto.','Nobis facere et officiis neque.',NULL,NULL,0,0,'Perspiciatis minima ut iure dolore veniam dolorem assumenda dolor.','Beamer brauch ein VGA Kabel!','2015-08-22 19:04:19','2015-08-22 19:04:19'),(63,'Model','Sony','Beamer 4 perspiciatis','670','Laboriosam facilis non officia ex necessitatibus.','Neque necessitatibus vel nobis amet ut.',NULL,NULL,0,0,'In animi eum est perspiciatis.','Beamer brauch ein VGA Kabel!','2015-08-22 19:04:19','2015-08-22 19:04:19'),(64,'Model','Sony','Beamer 5 ipsum','671','Repellendus omnis ipsum occaecati facilis.','Beatae odit nisi et ea voluptatem.',NULL,NULL,0,0,'Et omnis ipsa saepe aut nesciunt fugit.','Beamer brauch ein VGA Kabel!','2015-08-22 19:04:19','2015-08-22 19:04:19'),(65,'Model','Sony','Beamer 6 alias','672','Sapiente maiores repudiandae eos aliquid exercitationem quo deserunt ad.','Voluptatum voluptatem dolor et eius fuga consequatur maxime est.',NULL,NULL,0,0,'Temporibus et libero eos et corporis asperiores nihil aut.','Beamer brauch ein VGA Kabel!','2015-08-22 19:04:19','2015-08-22 19:04:19'),(66,'Model','Sony','Beamer 7 blanditiis','673','Tempore nulla reiciendis est qui illo nostrum omnis magni.','Tempore qui dicta sint assumenda saepe.',NULL,NULL,0,0,'Facere sunt molestiae et.','Beamer brauch ein VGA Kabel!','2015-08-22 19:04:19','2015-08-22 19:04:19'),(67,'Model','Sony','Beamer 8 itaque','674','Est quam ea incidunt pariatur autem corrupti.','Vitae labore nihil atque reiciendis quod temporibus cum.',NULL,NULL,0,0,'Vero id nesciunt corrupti omnis cum dolores.','Beamer brauch ein VGA Kabel!','2015-08-22 19:04:19','2015-08-22 19:04:19'),(68,'Model','Sony','Beamer 9 facere','675','Et sit maiores delectus est ea.','Molestiae velit eos et dolore ut quia maiores sed.',NULL,NULL,0,0,'Earum et recusandae nulla quod.','Beamer brauch ein VGA Kabel!','2015-08-22 19:04:19','2015-08-22 19:04:19'),(69,'Model','Sony','Beamer 10 voluptatibus','676','Distinctio eos non culpa aliquid.','Voluptas odio ut sed voluptatem quae non temporibus.',NULL,NULL,0,0,'Sed et sequi in illo.','Beamer brauch ein VGA Kabel!','2015-08-22 19:04:19','2015-08-22 19:04:19'),(70,'Model','Sony','Beamer 11 illum','677','Modi magni provident accusamus vero et debitis ipsum dicta.','Odit est voluptatem nesciunt molestiae veritatis ducimus est.',NULL,NULL,0,0,'Aliquam modi iure cupiditate iste sed aliquid dignissimos incidunt.','Beamer brauch ein VGA Kabel!','2015-08-22 19:04:19','2015-08-22 19:04:19'),(71,'Model','Sony','Beamer 12 qui','678','Architecto itaque aspernatur ut corporis voluptate ullam.','Dolor omnis ad repellat ut.',NULL,NULL,0,0,'Quam itaque vel minus doloribus blanditiis et.','Beamer brauch ein VGA Kabel!','2015-08-22 19:04:19','2015-08-22 19:04:19'),(72,'Model','Sony','Beamer 13 vero','679','Et est distinctio illum deleniti non ea quia.','Qui cupiditate voluptatem nihil placeat sed architecto.',NULL,NULL,0,0,'Quam earum reiciendis nihil fuga consectetur adipisci saepe.','Beamer brauch ein VGA Kabel!','2015-08-22 19:04:19','2015-08-22 19:04:19'),(73,'Model','Sony','Beamer 14 aperiam','680','A suscipit in mollitia sapiente.','Distinctio corrupti voluptates labore est eaque esse.',NULL,NULL,0,0,'Et quasi similique sequi eos rerum vel.','Beamer brauch ein VGA Kabel!','2015-08-22 19:04:19','2015-08-22 19:04:19'),(74,'Model','Sony','Beamer 15 soluta','681','Dolor quo commodi dolorum.','Et eos delectus asperiores et quaerat ab consequatur.',NULL,NULL,0,0,'Est quibusdam porro ut voluptas.','Beamer brauch ein VGA Kabel!','2015-08-22 19:04:19','2015-08-22 19:04:19'),(75,'Model','Sony','Beamer 16 et','682','Deleniti magnam ea velit ducimus repellendus saepe.','Cupiditate sit esse placeat.',NULL,NULL,0,0,'Ut molestias et autem.','Beamer brauch ein VGA Kabel!','2015-08-22 19:04:19','2015-08-22 19:04:19'),(76,'Model','Sony','Beamer 17 autem','683','Voluptatem quo aut est quisquam in voluptatem.','Aliquam nam aut quaerat in cupiditate aut recusandae illum.',NULL,NULL,0,0,'Cupiditate qui ad repellat non consequuntur sint.','Beamer brauch ein VGA Kabel!','2015-08-22 19:04:19','2015-08-22 19:04:19'),(77,'Model','Sony','Beamer 18 voluptate','684','Itaque quos necessitatibus cumque sit vero et earum.','Dolores aperiam quod assumenda quos.',NULL,NULL,0,0,'Sed ut perferendis sit est accusamus.','Beamer brauch ein VGA Kabel!','2015-08-22 19:04:19','2015-08-22 19:04:19'),(78,'Model','Sony','Beamer 19 fuga','685','Ipsum rem sapiente ut in eos cum.','Ab magnam rerum et quasi eligendi inventore.',NULL,NULL,0,0,'Labore quo aut dolor molestiae impedit.','Beamer brauch ein VGA Kabel!','2015-08-22 19:04:19','2015-08-22 19:04:19'),(79,'Model','Sony','Beamer 20 voluptatem','686','Vel vitae repellat fugit facilis molestias quidem in.','Tempore quam consequatur laborum dolorem velit.',NULL,NULL,0,0,'Ducimus architecto sed dolor odio et pariatur.','Beamer brauch ein VGA Kabel!','2015-08-22 19:04:19','2015-08-22 19:04:19'),(80,'Model','Nikon','Kamera Nikon','X12','Super Kamera.','Autem doloremque et debitis voluptatem illo alias exercitationem nostrum.',NULL,NULL,0,0,'Voluptatem ut fugiat sit illo tempore quod placeat exercitationem.','Kamera brauch Akkus!','2015-08-22 19:04:19','2015-08-22 19:04:19'),(81,'Model','Nikon','Camera 1 eos','687','Nesciunt asperiores accusamus illo ad temporibus rem sit.','Similique tenetur laborum omnis.',NULL,NULL,0,0,'Officiis laborum minima nobis et quibusdam qui.','Nulla enim voluptatem consequatur laborum ut soluta omnis.','2015-08-22 19:04:19','2015-08-22 19:04:19'),(82,'Model','Nikon','Camera 2 maxime','688','Facere amet et alias.','Eius voluptas repellendus quis ipsum provident.',NULL,NULL,0,0,'Nisi dicta beatae eos totam eaque pariatur culpa.','Velit qui esse laborum cumque quidem dolorum rerum.','2015-08-22 19:04:19','2015-08-22 19:04:19'),(83,'Model','Nikon','Camera 3 delectus','689','Quod optio quas neque odit necessitatibus.','Similique tempora ad quia amet.',NULL,NULL,0,0,'Est consequatur temporibus incidunt hic ut.','Ut temporibus modi et cumque minima.','2015-08-22 19:04:19','2015-08-22 19:04:19'),(84,'Model','Nikon','Camera 4 animi','690','Accusamus et labore ut atque et exercitationem.','Earum laudantium in labore repellat a.',NULL,NULL,0,0,'Ducimus possimus dolorem aliquam odit.','Consequatur amet laudantium excepturi enim sunt.','2015-08-22 19:04:19','2015-08-22 19:04:19'),(85,'Model','Nikon','Camera 5 aperiam','691','Molestiae sed et quisquam quia.','Expedita iusto sunt laboriosam consequatur placeat eveniet repellat.',NULL,NULL,0,0,'Numquam ea odit animi voluptate.','At qui et in ea vel.','2015-08-22 19:04:19','2015-08-22 19:04:19'),(86,'Model','Nikon','Camera 6 unde','692','Aperiam occaecati doloremque quia.','Voluptas sit molestiae sint architecto delectus cumque.',NULL,NULL,0,0,'Magni ea excepturi facilis nobis consequatur est.','Ut et iste aut molestias reprehenderit.','2015-08-22 19:04:19','2015-08-22 19:04:19'),(87,'Model','Nikon','Camera 7 a','693','Praesentium aspernatur explicabo ipsa harum numquam et.','Dolore cum cumque at vitae nemo sequi.',NULL,NULL,0,0,'Commodi non tempora voluptatem laudantium.','Enim vel a voluptas praesentium consequatur voluptates quod et.','2015-08-22 19:04:19','2015-08-22 19:04:19'),(88,'Model','Nikon','Camera 8 totam','694','Exercitationem sed totam molestiae est facilis occaecati nihil.','Laudantium temporibus dolorum labore a quasi.',NULL,NULL,0,0,'Ut incidunt quia magnam non sapiente accusantium error.','Error rerum rem sint et sit.','2015-08-22 19:04:19','2015-08-22 19:04:19'),(89,'Model','Nikon','Camera 9 esse','695','At laudantium tempore consequatur dolorem deserunt.','Sunt tempora distinctio voluptatum voluptatem.',NULL,NULL,0,0,'Est ut suscipit et repellendus.','Illo corrupti sint voluptas ipsum aliquid consequuntur et.','2015-08-22 19:04:19','2015-08-22 19:04:19'),(90,'Model','Nikon','Camera 10 in','696','Ab nostrum quibusdam corrupti.','Nisi quaerat non facere et tempore eius voluptatem.',NULL,NULL,0,0,'Saepe qui vero similique.','Non repudiandae tenetur sed.','2015-08-22 19:04:19','2015-08-22 19:04:19'),(91,'Model','Nikon','Camera 11 cum','697','Aliquid provident reprehenderit ratione ad.','Ducimus dolorem neque sit nam laboriosam sint.',NULL,NULL,0,0,'Officia et deleniti tempore iste expedita.','Eos qui rerum rerum voluptas.','2015-08-22 19:04:19','2015-08-22 19:04:19'),(92,'Model','Nikon','Camera 12 modi','698','Placeat aut sequi delectus dignissimos.','Vero ut sequi iure ut dolorum.',NULL,NULL,0,0,'Necessitatibus quam dignissimos itaque et sit qui odio perferendis.','Quo ex quidem itaque praesentium et.','2015-08-22 19:04:19','2015-08-22 19:04:19'),(93,'Model','Nikon','Camera 13 qui','699','Neque omnis sit harum.','Similique sit nemo commodi cum.',NULL,NULL,0,0,'Eos eligendi est dolores repudiandae est.','Excepturi est dolores modi qui.','2015-08-22 19:04:19','2015-08-22 19:04:19'),(94,'Model','Nikon','Camera 14 commodi','700','In ut et voluptatum quaerat veritatis non ipsam.','Numquam sunt deserunt amet officiis tenetur eum libero.',NULL,NULL,0,0,'Occaecati repudiandae vel beatae ipsa nemo soluta aut iusto.','Quas repudiandae maiores dolorum enim.','2015-08-22 19:04:19','2015-08-22 19:04:19'),(95,'Model','Nikon','Camera 15 vel','701','Illo inventore necessitatibus veniam ut.','Est molestias qui unde repellat.',NULL,NULL,0,0,'Et repellendus cum magni neque asperiores sed voluptas.','Esse in dicta tempore neque numquam.','2015-08-22 19:04:19','2015-08-22 19:04:19'),(96,'Model','Nikon','Camera 16 animi','702','Ut libero maiores voluptatem.','Sint ut dolorum quam aut.',NULL,NULL,0,0,'Dolore sint velit magni accusantium dolores sunt ipsa veniam.','Praesentium placeat voluptas ut.','2015-08-22 19:04:19','2015-08-22 19:04:19'),(97,'Model','Nikon','Camera 17 iusto','703','Autem quaerat dolorum natus quam.','Corporis tempore similique odio qui dignissimos.',NULL,NULL,0,0,'Dolorem omnis rem non ipsum reiciendis ratione ipsam voluptas.','Enim et dignissimos voluptates vero distinctio nam officiis.','2015-08-22 19:04:19','2015-08-22 19:04:19'),(98,'Model','Nikon','Camera 18 qui','704','Est similique modi officiis rerum tempore.','A laudantium molestias nulla autem pariatur.',NULL,NULL,0,0,'Qui nihil esse voluptas voluptatem.','Saepe enim repudiandae ex sint exercitationem in iste.','2015-08-22 19:04:19','2015-08-22 19:04:19'),(99,'Model','Nikon','Camera 19 incidunt','705','Rerum et omnis aut aut assumenda ratione.','Provident praesentium nostrum rerum dolorem nam distinctio facere.',NULL,NULL,0,0,'Tempora explicabo facere laudantium dolorem ullam molestias rem.','Atque nihil ducimus harum.','2015-08-22 19:04:19','2015-08-22 19:04:19'),(100,'Model','Nikon','Camera 20 et','706','Velit vitae quas occaecati rerum et consequatur suscipit.','Ut necessitatibus corrupti nam at ut illo aut.',NULL,NULL,0,0,'Sit quas odio sapiente sed non occaecati.','Quidem quam nulla ducimus.','2015-08-22 19:04:19','2015-08-22 19:04:19'),(101,'Model','Nikon','Camera 21 qui','707','Voluptatibus qui voluptates non expedita numquam consequuntur dolores cum.','Temporibus recusandae aliquam quibusdam voluptatibus praesentium nulla eum unde.',NULL,NULL,0,0,'Vero enim et alias qui praesentium sit nulla nihil.','Earum porro sed saepe laborum.','2015-08-22 19:04:19','2015-08-22 19:04:19'),(102,'Model','Nikon','Camera 22 voluptas','708','Id odio sed illo nisi corporis.','Et est tempore excepturi.',NULL,NULL,0,0,'Ea et molestiae qui.','Sint magnam rerum quos non et tenetur tempora vitae.','2015-08-22 19:04:19','2015-08-22 19:04:19'),(103,'Model','Nikon','Camera 23 et','709','Ut odit molestiae eaque consequuntur voluptas.','Nulla nobis voluptate voluptas iusto doloribus nesciunt laboriosam.',NULL,NULL,0,0,'Blanditiis possimus tenetur maiores sed deserunt.','Eius distinctio quia odio ut dolor nesciunt.','2015-08-22 19:04:19','2015-08-22 19:04:19'),(104,'Model','Nikon','Camera 24 provident','710','Unde aliquid accusamus ea nostrum natus quis distinctio.','Adipisci nobis culpa omnis ratione eum quam molestiae.',NULL,NULL,0,0,'Omnis est vel consequatur non ut itaque ipsam occaecati.','Nihil rem consequatur et sapiente.','2015-08-22 19:04:19','2015-08-22 19:04:19'),(105,'Model','Nikon','Camera 25 facilis','711','Dolorem et aut recusandae reprehenderit quis.','Molestiae id explicabo autem distinctio illum placeat.',NULL,NULL,0,0,'Deserunt quo sit non asperiores aut.','Exercitationem eaque quaerat consequatur architecto ipsam maxime impedit.','2015-08-22 19:04:19','2015-08-22 19:04:19'),(106,'Model','Nikon','Camera 26 beatae','712','Debitis odit recusandae est consectetur voluptas.','Veniam sed optio commodi voluptate error.',NULL,NULL,0,0,'Ut quia aliquid et repudiandae eum officia.','Et nulla libero ipsa voluptas aut et occaecati suscipit.','2015-08-22 19:04:19','2015-08-22 19:04:19'),(107,'Model','Nikon','Camera 27 quam','713','Tempore quia ab velit enim excepturi vitae.','Temporibus quis consequuntur adipisci.',NULL,NULL,0,0,'Commodi sapiente ut repellat pariatur quae magni deserunt ea.','Modi alias est at.','2015-08-22 19:04:19','2015-08-22 19:04:19'),(108,'Model','Nikon','Camera 28 velit','714','Id facilis et numquam omnis eum qui.','Dolorem aperiam sunt nam quia.',NULL,NULL,0,0,'Nam est ipsa et aliquid omnis sed doloribus ut.','Consequuntur repellat modi maiores fugiat officia.','2015-08-22 19:04:19','2015-08-22 19:04:19'),(109,'Model','Nikon','Camera 29 illo','715','Cum qui dicta officia qui.','Qui iure et aperiam ut et possimus doloremque autem.',NULL,NULL,0,0,'Architecto et enim ut aut dolorum excepturi quo.','Vero vitae veniam id nihil.','2015-08-22 19:04:19','2015-08-22 19:04:19'),(110,'Model','Nikon','Camera 30 ipsa','716','Quasi sunt et facilis ipsa.','Suscipit autem perspiciatis perferendis quo.',NULL,NULL,0,0,'Quo sit et asperiores.','Maiores libero ea odit consequatur.','2015-08-22 19:04:19','2015-08-22 19:04:19'),(111,'Model','Sony','Hifi Standard','717','Ipsum eos ea blanditiis.','Culpa porro est numquam.',NULL,NULL,0,0,'Sint beatae quasi qui nulla.','Totam dicta sit maxime quia perspiciatis impedit error.','2015-08-22 19:04:19','2015-08-22 19:04:19'),(112,'Model','Feli','Kamera Stativ','123','Stabiles Kamera Stativ','Totam nulla qui et.',NULL,NULL,0,0,'Sapiente quis recusandae dolores.','Stativ muss mit Stativtasche ausgehndigt werden.','2015-08-22 19:04:19','2015-08-22 19:04:19'),(113,'Model','Bose','BoseGorgeous Steel Hat','718','Reiciendis eligendi aspernatur recusandae non vel dolores. Maiores nulla blanditiis dicta sint saepe ab doloremque. Molestiae repudiandae soluta. Necessitatibus fugit quia autem quis facilis eum esse. Voluptas voluptatem eum aliquid esse.','Id ducimus voluptate consequuntur magni cumque fugiat.',NULL,NULL,0,0,'Et ex doloremque voluptas cum totam fuga.','Rerum sunt debitis velit et pariatur aut qui optio.','2015-08-22 19:04:19','2015-08-22 19:04:19'),(114,'Model','Bose','BoseIncredible Concrete Chair','719','Suscipit fugiat qui. Et dolorum quo nostrum libero dignissimos. Molestiae hic beatae.','Aut mollitia similique neque quia tempora.',NULL,NULL,0,0,'Consequatur soluta animi assumenda non dolores atque et.','Reiciendis architecto est dolores et consequatur voluptas dolores aut.','2015-08-22 19:04:19','2015-08-22 19:04:19'),(115,'Model','Murazik LLC','Kamera Set','723','Dolorem eos nesciunt iure eligendi doloribus sit fugiat.','Nisi ea non vel dicta.',NULL,NULL,3,1,'Consequuntur aperiam magnam doloremque laborum sequi debitis sint omnis.','Commodi tempore ut nobis laudantium ullam.','2015-08-22 19:04:19','2015-08-22 19:04:19'),(116,'Model','Bahringer, Pfannerstill and Carroll','Small Plastic Chair','724','Officia temporibus occaecati aut.','Repudiandae debitis quidem adipisci ut perferendis.',NULL,NULL,3,0,'Repellendus id non maiores consequatur ut occaecati.','Quia vero cum et nihil tenetur voluptates.','2015-08-22 19:04:19','2015-08-22 19:04:19'),(117,'Model','Hamill, Upton and Osinski','Rustic Concrete Pants','725','Rerum fugit iusto est qui et.','Voluptas ea quos velit aut.',NULL,NULL,2,0,'Reiciendis commodi voluptatem quia accusamus.','Quisquam itaque iure dolorem sit asperiores saepe.','2015-08-22 19:04:19','2015-08-22 19:04:19'),(118,'Model','Orn-Hartmann','Intelligent Steel Table','726','Illo doloremque libero inventore laudantium fugit possimus dolores.','Consequatur quam doloremque maiores animi quasi veniam.',NULL,NULL,0,0,'Eos error itaque perferendis rem voluptas voluptates et.','Et incidunt pariatur delectus mollitia soluta.','2015-08-22 19:04:19','2015-08-22 19:04:19'),(119,'Model','Senger, Satterfield and Greenfelder','Fantastic Concrete Table','727','Eligendi consequuntur perspiciatis eum explicabo.','Possimus quasi reprehenderit tempore qui dolorem ex ea voluptatum.',NULL,NULL,2,0,'Eveniet sit in mollitia rerum dolor aut.','Quia quo perspiciatis vitae reiciendis est non rerum.','2015-08-22 19:04:19','2015-08-22 19:04:19'),(120,'Model','Cassin, Walsh and Flatley','Small Wooden Gloves','728','Mollitia ducimus nihil aut porro illum.','Perspiciatis praesentium inventore commodi sit doloribus autem.',NULL,NULL,2,0,'Doloremque eum dolorum voluptatibus.','Eligendi placeat quae nam veritatis rerum quisquam commodi.','2015-08-22 19:04:19','2015-08-22 19:04:19'),(121,'Model','Eichmann, Corwin and Ratke','Intelligent Rubber Shoes','729','Illum incidunt enim sunt perspiciatis repudiandae.','Et voluptatibus magnam sunt.',NULL,NULL,1,0,'Doloremque omnis vero vel alias ut quo neque qui.','Vitae sit molestiae illo dolor repellendus rerum at aliquid.','2015-08-22 19:04:19','2015-08-22 19:04:19'),(122,'Model','Wiegand, McClure and Hermiston','Small Plastic Table','730','Dolor debitis quibusdam molestias.','Ab ut dicta molestiae dolores dolores.',NULL,NULL,2,0,'Architecto aspernatur eius necessitatibus laudantium dolores.','Atque ullam dolores occaecati.','2015-08-22 19:04:19','2015-08-22 19:04:19'),(123,'Model','Hilpert-Lowe','Intelligent Wooden Car','731','Sequi soluta sed est consequatur.','Sequi harum recusandae et voluptas saepe atque omnis ad.',NULL,NULL,1,0,'Ea nobis nihil repellendus amet pariatur illum aut.','Eius incidunt inventore qui.','2015-08-22 19:04:19','2015-08-22 19:04:19'),(124,'Model','Schaden-Koelpin','Rustic Wooden Shirt','732','Cum et repudiandae molestiae nihil.','Earum vitae aut assumenda itaque esse.',NULL,NULL,2,0,'Atque deserunt aperiam vitae vero.','Assumenda rerum minus debitis praesentium dicta.','2015-08-22 19:04:19','2015-08-22 19:04:19'),(125,'Model','Pouros, Bergstrom and Breitenberg','Gorgeous Wooden Pants','733','Exercitationem non unde officiis recusandae inventore.','Suscipit est excepturi iusto deserunt enim amet qui quae.',NULL,NULL,2,0,'Reiciendis hic expedita tenetur necessitatibus mollitia incidunt eveniet.','Qui aperiam minima sequi sed est natus.','2015-08-22 19:04:19','2015-08-22 19:04:19'),(126,'Model','Wehner LLC','Incredible Cotton Pants','734','Quam nemo ut iure illo velit quibusdam incidunt totam.','Itaque officia voluptate et iure.',NULL,NULL,0,0,'Vitae est voluptas veritatis dolorum.','Adipisci odio aut sint dolores cupiditate et enim ipsum.','2015-08-22 19:04:19','2015-08-22 19:04:19'),(127,'Model','Runte, Thiel and Toy','Sleek Plastic Shoes','735','Quasi error voluptas explicabo unde inventore.','Nobis debitis repellendus totam aut amet qui.',NULL,NULL,3,0,'Et consequatur et optio.','Quidem saepe quis odit vel architecto.','2015-08-22 19:04:19','2015-08-22 19:04:19'),(128,'Model','Bashirian, Zulauf and Boyer','Kamera Set2','736','Mollitia nesciunt ab magni pariatur aspernatur dignissimos quasi voluptatum.','Ullam voluptates harum et maxime cupiditate.',NULL,NULL,3,1,'Aut illum sint mollitia ut.','Error at nihil earum placeat ea excepturi accusantium.','2015-08-22 19:04:19','2015-08-22 19:04:19'),(129,'Model','Jones-Raynor','Awesome Concrete Gloves','737','Ea ratione earum assumenda reiciendis quidem id est.','Quisquam consequuntur corporis autem ex voluptatem cupiditate et provident.',NULL,NULL,1,0,'Eos deserunt qui quidem et magni aliquam aut.','Sunt eius dolores et aut iusto.','2015-08-22 19:04:19','2015-08-22 19:04:19'),(130,'Model','Crona, Ritchie and Jacobs','Practical Rubber Computer','738','Voluptatem nisi cumque illum voluptatem amet excepturi quo veritatis.','Placeat eum quibusdam laboriosam eaque vitae quia autem est.',NULL,NULL,0,0,'Ut rerum ducimus voluptatem placeat quia sunt.','Quam molestiae quia dolor maxime eligendi corrupti quia.','2015-08-22 19:04:19','2015-08-22 19:04:19'),(131,'Model','Bradtke, Koch and Sipes','Sleek Steel Car','739','Ut unde ipsum illo enim dolore.','Ex hic et maiores consequatur necessitatibus non sequi.',NULL,NULL,1,0,'Cum omnis ipsa voluptatem.','Et sed qui impedit.','2015-08-22 19:04:19','2015-08-22 19:04:19'),(132,'Model','Hane Inc','Gorgeous Rubber Pants','740','Iure est natus sit esse reiciendis.','Ut accusamus exercitationem vel facilis alias enim.',NULL,NULL,3,0,'Asperiores ut facilis fugit nesciunt omnis.','Aliquam saepe velit repellendus et.','2015-08-22 19:04:19','2015-08-22 19:04:19'),(133,'Model','Wolf Group','Sleek Wooden Shirt','741','Commodi est sed qui quas.','In laborum omnis eligendi odit quos accusantium ipsa.',NULL,NULL,3,0,'Eos mollitia molestias dicta sint.','Modi ea molestiae provident ad.','2015-08-22 19:04:19','2015-08-22 19:04:19'),(134,'Model','Cole-Hills','Fantastic Rubber Shirt','742','Assumenda id commodi earum dolores minus et quo sit.','Libero perferendis ut fuga et aspernatur id.',NULL,NULL,3,0,'Voluptas mollitia quis nostrum cupiditate aut facilis velit.','Expedita similique sit voluptatem vel vel perferendis enim.','2015-08-22 19:04:19','2015-08-22 19:04:19'),(135,'Model','Harris, Pouros and Bins','Incredible Cotton Shirt','743','Cum reprehenderit voluptas et earum.','Qui exercitationem quam reiciendis nesciunt beatae.',NULL,NULL,2,0,'Et dolor odio ducimus ipsam qui unde voluptatum.','Facere asperiores autem et veritatis perferendis.','2015-08-22 19:04:19','2015-08-22 19:04:19'),(136,'Model','Cassin, Sanford and Mitchell','Awesome Granite Table','744','Laborum cumque quis cum eius.','Molestias dicta ut unde.',NULL,NULL,2,0,'Quas et nihil in sapiente similique rerum officia.','Ut aspernatur earum enim autem.','2015-08-22 19:04:19','2015-08-22 19:04:19'),(137,'Model','Stracke-Nolan','Awesome Granite Gloves','745','Esse ipsum autem itaque.','Aut voluptas officia consectetur qui quam.',NULL,NULL,0,0,'Amet molestiae adipisci et tempora laborum quasi sint.','Quia quas natus quod.','2015-08-22 19:04:19','2015-08-22 19:04:19'),(138,'Model','Reichel LLC','Fantastic Wooden Shoes','746','Ipsa rerum veritatis et est.','Et dolor repellat omnis et.',NULL,NULL,1,0,'Praesentium eaque qui nihil dignissimos.','Facilis quia perspiciatis deleniti occaecati aperiam ab a maiores.','2015-08-22 19:04:19','2015-08-22 19:04:19'),(139,'Model','Welch Group','Intelligent Plastic Hat','747','Aut aut fugit consequuntur explicabo et repellat rerum.','Earum molestiae a maxime temporibus totam qui eligendi voluptatum.',NULL,NULL,1,0,'Qui quis odit debitis.','Qui quasi quia alias voluptas.','2015-08-22 19:04:19','2015-08-22 19:04:19'),(140,'Model','Stamm Inc','Awesome Steel Car','748','Nisi et ratione itaque natus sit quasi exercitationem.','Voluptas neque non nostrum similique aut.',NULL,NULL,3,0,'Accusantium alias rem exercitationem.','Autem non incidunt corporis harum.','2015-08-22 19:04:19','2015-08-22 19:04:19'),(141,'Model','Simonis Inc','Practical Granite Car','749','Exercitationem quisquam repellendus minus est ad.','Consectetur aut laboriosam maxime.',NULL,NULL,1,0,'Corporis labore quidem sed et.','Cum voluptas pariatur deserunt recusandae.','2015-08-22 19:04:19','2015-08-22 19:04:19'),(142,'Model','Cassin and Sons','Practical Granite Shirt','750','Animi similique necessitatibus iste.','Ipsam et molestias minus explicabo quam exercitationem libero.',NULL,NULL,2,0,'Qui enim autem voluptatem nemo.','Omnis aut sint dolor amet in.','2015-08-22 19:04:19','2015-08-22 19:04:19'),(143,'Model','Steuber, Terry and Treutel','Gorgeous Plastic Computer','751','Quia modi velit porro labore autem iusto eligendi sed.','Aut mollitia aut ipsa dignissimos odit voluptatem.',NULL,NULL,1,0,'Praesentium sed similique eos et et.','Aut maxime reprehenderit aut praesentium non laborum.','2015-08-22 19:04:19','2015-08-22 19:04:19'),(144,'Model','Kihn Inc','Incredible Rubber Chair','752','Odio qui at est nobis officiis.','Dolore molestiae et et.',NULL,NULL,2,0,'Minus minima illum atque earum quibusdam.','Aperiam delectus ut aut enim explicabo non libero.','2015-08-22 19:04:19','2015-08-22 19:04:19'),(145,'Model','Canon','Kamera Canon D5','753','Ganz teure Kamera','Eveniet eaque consequatur quibusdam voluptatum sed.',NULL,NULL,0,0,'Perferendis enim autem eligendi id nesciunt.','Kamera brauch Akkus!','2015-08-22 19:04:19','2015-08-22 19:04:19'),(146,'Model','Apple','iMac','754','Apples alter iMac','Voluptatem ipsam sunt non quis amet.',NULL,NULL,0,0,'Sapiente iste facilis provident atque sunt.','Quia possimus consequatur eum illo nobis nemo libero aut.','2015-08-22 19:04:19','2015-08-22 19:04:19'),(147,'Model','Microsoft','Windows Laptop','755','Ein Laptop der Marke Microsoft','Est et quo et distinctio et qui nisi.',NULL,NULL,0,0,'Consequuntur architecto ut animi veniam.','Laptop mit Tasche ausgeben','2015-08-22 19:04:19','2015-08-22 19:04:19'),(148,'Model','Walkera','Walkera v120','1G','3D Helikopter','Pariatur nihil magni maxime qui doloremque sit alias eius.',NULL,NULL,0,0,'Amet neque et culpa vitae.','Facere cupiditate velit consectetur aspernatur repellat eos corporis.','2015-08-22 19:04:19','2015-08-22 19:04:19'),(149,'Model','Walkera','Walkera v120','2G','3D Helikopter','Officia qui sint a in vel reprehenderit.',NULL,NULL,0,0,'Odio quaerat et laudantium.','Architecto corporis vero necessitatibus quia.','2015-08-22 19:04:19','2015-08-22 19:04:19'),(150,'Model','Walkera','Walkera v120','3G','3D Helikopter','Est et deserunt at aut beatae optio ipsa maxime.',NULL,NULL,0,0,'Facere est excepturi soluta et culpa cumque nemo.','Eveniet velit qui voluptatum quam quasi fugiat.','2015-08-22 19:04:19','2015-08-22 19:04:19'),(151,'Software','Hilll, Cummerata and Corwin','Ergonomic Plastic Computer','756',NULL,NULL,NULL,NULL,0,0,NULL,NULL,'2015-08-22 19:04:19','2015-08-22 19:04:19'),(152,'Software','Ruecker, Wiza and Konopelski','Intelligent Steel Shoes','757',NULL,NULL,NULL,NULL,0,0,NULL,NULL,'2015-08-22 19:04:19','2015-08-22 19:04:19'),(153,'Software','Borer and Sons','Awesome Steel Chair','758',NULL,NULL,NULL,NULL,0,0,NULL,NULL,'2015-08-22 19:04:19','2015-08-22 19:04:19'),(154,'Software','Lesch-Hackett','Small Plastic Shirt','759',NULL,NULL,NULL,NULL,0,0,NULL,NULL,'2015-08-22 19:04:19','2015-08-22 19:04:19'),(155,'Software','Friesen LLC','Fantastic Steel Hat','760',NULL,NULL,NULL,NULL,0,0,NULL,NULL,'2015-08-22 19:04:19','2015-08-22 19:04:19'),(156,'Software','Stracke-Kautzer','Practical Concrete Chair','761',NULL,NULL,NULL,NULL,0,0,NULL,NULL,'2015-08-22 19:04:19','2015-08-22 19:04:19'),(157,'Software','Weimann, Schmidt and Monahan','Practical Granite Shoes','762',NULL,NULL,NULL,NULL,0,0,NULL,NULL,'2015-08-22 19:04:19','2015-08-22 19:04:19'),(158,'Software','Wisoky Inc','Practical Concrete Pants','763',NULL,NULL,NULL,NULL,0,0,'test http://test.ch\r\nwww.foo.ch\r\njust a text',NULL,'2015-08-22 19:04:19','2015-08-22 19:04:19'),(159,'Software','Maggio Inc','Incredible Plastic Gloves','764',NULL,NULL,NULL,NULL,0,0,'test http://test.ch\r\nwww.foo.ch\r\njust a text',NULL,'2015-08-22 19:04:19','2015-08-22 19:04:19'),(160,'Software','Kunde Inc','Ergonomic Cotton Table','765',NULL,NULL,NULL,NULL,0,0,NULL,NULL,'2015-08-22 19:04:19','2015-08-22 19:04:19'),(161,'Model','Lakin-Pouros','Rustic Wooden Pants',NULL,'Ut officia laborum qui eos voluptatibus dolor consequatur.','Rem laudantium aut et sunt est qui.',NULL,NULL,1,0,'Autem deserunt repellat adipisci.','Officia dolores eius sed ab porro minima.','2015-08-22 19:04:19','2015-08-22 19:04:19'),(162,'Model','Christiansen, Haley and Gutmann','Gorgeous Rubber Shirt','766','Pariatur tempore aut explicabo iusto et molestiae.','Animi voluptas doloremque pariatur.',NULL,NULL,3,0,'Nulla distinctio quas est voluptatem.','Consequatur maxime ea et id asperiores.','2015-08-16 23:51:02','2015-08-16 23:51:02'),(163,'Model','Ledner, Kirlin and Willms','Fantastic Wooden Computer','767','Cupiditate iste impedit illo modi consequatur est esse aspernatur.','Laborum minima dolore accusantium nisi sunt.',NULL,NULL,0,0,'Quibusdam harum amet veritatis.','Qui ut error placeat et adipisci.','2015-08-16 23:51:02','2015-08-16 23:51:02'),(164,'Model','Torp-Wisozk','Small Steel Shoes','768','Rerum non amet molestiae corrupti soluta.','Veritatis ratione corrupti a quibusdam sit dolorum.',NULL,NULL,0,0,'Natus eius atque ullam necessitatibus non et nam rerum.','Doloribus vel suscipit et aut.','2015-08-16 23:51:02','2015-08-16 23:51:02'),(165,'Model','Huel LLC','Fantastic Cotton Chair','769','Velit voluptas occaecati sint consequatur.','Sunt numquam optio quasi eaque aut eveniet laboriosam.',NULL,NULL,2,0,'Quia ratione cupiditate blanditiis.','Consequuntur eos non architecto et inventore.','2015-08-16 23:51:02','2015-08-16 23:51:02'),(166,'Model','Stokes-Schiller','Gorgeous Wooden Hat','770','Veritatis saepe voluptatem harum.','Quis nulla rerum totam quidem.',NULL,NULL,0,0,'Sed sint consectetur et architecto expedita dicta possimus.','Dolorum ipsum totam modi laboriosam repellendus molestiae quis similique.','2015-08-16 23:51:02','2015-08-16 23:51:02'),(167,'Model','Bergnaum, Altenwerth and Botsford','Ergonomic Rubber Table','771','Nihil animi consequatur possimus dolores doloremque neque.','Repellendus nobis voluptas placeat in alias quae.',NULL,NULL,2,0,'Id ea explicabo voluptatum ut corporis.','Cum nobis ab est.','2015-08-16 23:51:02','2015-08-16 23:51:02'),(168,'Model','Breitenberg Inc','Intelligent Concrete Shoes','772','Ex velit vel voluptatem delectus enim.','Molestiae et illo ea dolore accusantium repellendus aliquam et.',NULL,NULL,1,0,'Repellendus facilis id eaque et corporis.','Aut nihil fugiat accusantium in odit.','2015-08-16 23:51:02','2015-08-16 23:51:02'),(169,'Model','Parker, Douglas and Beatty','Ergonomic Concrete Table','773','Nemo provident adipisci error quas.','Fugit quo veniam necessitatibus qui magnam aspernatur sunt labore.',NULL,NULL,1,0,'Voluptatem vero velit temporibus hic ut veniam assumenda.','Dolore blanditiis voluptatum qui illum tempore eum qui porro.','2015-08-16 23:51:02','2015-08-16 23:51:02'),(170,'Model','Schmitt, Lindgren and Hegmann','Awesome Wooden Chair','774','Rerum consequatur reiciendis cupiditate saepe porro.','Exercitationem ut similique sunt voluptatem vero ad.',NULL,NULL,1,0,'Modi sapiente perspiciatis quis quas.','Eum minus qui velit laudantium.','2015-08-16 23:51:02','2015-08-16 23:51:02'),(171,'Model','DuBuque-West','Sleek Plastic Car','775','Maxime accusamus dolor laboriosam.','Nihil minima officia soluta.',NULL,NULL,0,0,'Perferendis quibusdam voluptas architecto quis ea iure aperiam rerum.','Et qui adipisci aut libero.','2015-08-16 23:51:02','2015-08-16 23:51:02'),(172,'Model','Gutmann, Runolfsdottir and Shanahan','Incredible Granite Shoes','776','Asperiores fugiat autem unde consequatur sequi.','Deserunt nulla repellendus temporibus veniam cupiditate accusamus sapiente est.',NULL,NULL,2,0,'Qui atque doloremque aut sequi beatae earum.','Nulla quo explicabo placeat porro corrupti sunt at ut.','2015-08-16 23:51:02','2015-08-16 23:51:02'),(173,'Model','Swaniawski-Hahn','Fantastic Granite Hat','777','Et in similique repudiandae molestiae incidunt.','Ducimus sit vel earum error culpa consequatur est officia.',NULL,NULL,0,0,'Aut laborum non est quo.','Aut explicabo et doloribus.','2015-08-16 23:51:02','2015-08-16 23:51:02'),(174,'Model','Maggio Inc','Small Steel Table','778','Aut voluptates voluptas aperiam autem ipsam.','Dolor sequi illum dolor nam earum.',NULL,NULL,1,0,'Amet ut tempora dolor.','Sed expedita magni officiis.','2015-08-16 23:51:02','2015-08-16 23:51:02'),(175,'Model','Kautzer, Collier and Senger','Rustic Granite Chair','779','Odit sed sapiente eos quia.','Itaque harum placeat sit quia nesciunt.',NULL,NULL,3,0,'Sed quis nisi qui aut.','Quos nam animi ad.','2015-08-16 23:51:02','2015-08-16 23:51:02'),(176,'Model','Stoltenberg-Weber','Awesome Plastic Shoes','780','Vel consequatur magni aut maxime sequi et et.','Qui at laborum repellendus nihil in rerum sit.',NULL,NULL,2,0,'Deleniti saepe delectus non.','Est eligendi tempore culpa.','2015-08-16 23:51:02','2015-08-16 23:51:02'),(177,'Model','Schmitt LLC','Rustic Granite Computer','781','Porro sed tenetur adipisci pariatur enim voluptatem.','Necessitatibus quasi perferendis quo.',NULL,NULL,2,0,'Perferendis animi totam doloribus veniam rerum consequatur.','Dolore omnis velit ut consequatur architecto qui.','2015-08-16 23:51:02','2015-08-16 23:51:02'),(178,'Model','Yost Inc','Practical Rubber Chair','782','Doloremque maxime ducimus eum facilis et asperiores.','Quia consequatur et rerum et qui.',NULL,NULL,0,0,'Perspiciatis et quod qui odio est delectus officia.','Dignissimos non non possimus maiores sit.','2015-08-16 23:51:02','2015-08-16 23:51:02'),(179,'Model','Lind-Howe','Sleek Plastic Computer','783','Perspiciatis eaque in quam unde at autem.','Consequatur rem sed dolorem amet tenetur placeat.',NULL,NULL,1,0,'Nulla dolorum possimus maiores corrupti.','Nulla eos iure et voluptas.','2015-08-16 23:51:03','2015-08-16 23:51:03'),(180,'Model','Bergstrom-Purdy','Sleek Steel Table','784','Eligendi illum aperiam accusamus blanditiis dolore voluptatem aut voluptas.','Impedit illum laboriosam veritatis vero ut.',NULL,NULL,0,0,'Vero minus qui nisi provident est.','In recusandae voluptas incidunt fugiat culpa.','2015-08-16 23:51:03','2015-08-16 23:51:03'),(181,'Model','Bogisich Group','Ergonomic Plastic Hat','785','Et rerum rerum est.','Deserunt assumenda nihil odio.',NULL,NULL,3,0,'Dolores quae veritatis explicabo.','Dolorem optio culpa cumque.','2015-08-16 23:51:03','2015-08-16 23:51:03'),(182,'Model','Yost-Gottlieb','Ergonomic Cotton Chair','786','Doloribus magni recusandae similique et.','Fugit autem culpa sit aut.',NULL,NULL,2,0,'Quam consequuntur voluptas magni ipsam sunt nulla distinctio.','Ab omnis ullam ratione perspiciatis perferendis id.','2015-08-16 23:51:03','2015-08-16 23:51:03'),(183,'Model','Stoltenberg, Botsford and Hegmann','Fantastic Concrete Gloves','787','Veniam doloribus atque natus qui molestiae ea ratione dolorem.','Quo placeat odit provident.',NULL,NULL,1,0,'Officiis fugit et quo aut quia aut eligendi reprehenderit.','Neque ut blanditiis eum sed perferendis rerum quae.','2015-08-16 23:51:03','2015-08-16 23:51:03'),(184,'Model','Deckow-Rowe','Ergonomic Plastic Table','788','Tempore itaque expedita sit.','Eum voluptate et aut id.',NULL,NULL,2,0,'Tempora dolores quia qui laudantium omnis omnis expedita.','Totam animi quos illo ut et fugiat aliquid.','2015-08-16 23:51:03','2015-08-16 23:51:03'),(185,'Model','Rice Inc','Sleek Cotton Shoes','789','Optio itaque eum quo.','Impedit natus provident optio illum mollitia.',NULL,NULL,1,0,'Aspernatur quia est qui quidem placeat animi velit exercitationem.','Doloribus vitae est adipisci explicabo.','2015-08-15 19:41:12','2015-08-15 19:41:12'),(186,'Model','Nolan-Fadel','Incredible Concrete Shoes','790','Nulla blanditiis explicabo qui consequatur dolor dolorum corporis quos.','Enim reprehenderit ut aut quis est occaecati quaerat fugit.',NULL,NULL,0,0,'Labore maiores quo at nisi voluptatem.','Est aut aut eveniet.','2015-08-15 19:41:12','2015-08-15 19:41:12'),(187,'Model','Prohaska Group','Awesome Wooden Gloves','791','Omnis similique ratione nostrum.','Autem animi hic enim qui consequatur.',NULL,NULL,0,0,'Facilis quam eveniet est voluptatem sit voluptatem dignissimos sint.','Quos eum quasi quaerat voluptatem.','2015-08-15 19:41:12','2015-08-15 19:41:12'),(188,'Model','Swaniawski Group','Sleek Granite Shoes','792','Aut recusandae ratione quis ad ipsam quaerat.','Veniam aut ratione nihil.',NULL,NULL,2,0,'Quasi voluptate sit in enim est.','Quae reprehenderit quod aperiam hic fuga est.','2015-08-20 06:20:20','2015-08-20 06:20:20'),(189,'Model','Welch Inc','Awesome Rubber Hat','793','Dolorem saepe voluptatem molestiae natus dolor consequuntur aperiam.','Consequatur ea qui temporibus facilis.',NULL,NULL,2,0,'Dolores maxime provident et veniam deleniti nihil.','Delectus possimus quaerat aspernatur quo ex.','2015-08-20 06:20:20','2015-08-20 06:20:20'),(190,'Model','Leffler Inc','Incredible Plastic Car','794','Doloremque ratione illo officia est quia.','Dolorum ipsum sint commodi.',NULL,NULL,0,0,'Velit delectus ut ut impedit cupiditate quas ut.','Sit nulla quod enim sunt voluptas.','2015-08-20 06:20:20','2015-08-20 06:20:20'),(191,'Model','Rowe-Johnston','Incredible Granite Computer','795','Ad recusandae fugiat ut cupiditate error soluta.','Officiis assumenda nihil nihil qui dolorem aut.',NULL,NULL,3,0,'Commodi nam pariatur culpa harum dolorem sequi.','Ut qui corporis qui rerum delectus iste dignissimos.','2015-08-20 06:20:20','2015-08-20 06:20:20'),(192,'Model','Kiehn, Hane and Mraz','Practical Plastic Computer','796','Rerum accusamus consequatur atque.','Soluta quis esse natus accusantium.',NULL,NULL,0,0,'Et odit dolores ipsam.','Quia sed inventore quod recusandae molestiae.','2015-08-20 06:20:20','2015-08-20 06:20:20'),(193,'Model','Murazik, Hane and Moore','Fantastic Cotton Car','797','Quibusdam hic dignissimos ipsam.','Rerum voluptatibus ad autem sequi temporibus.',NULL,NULL,3,0,'Molestiae id earum nihil officia dolorum recusandae quas cupiditate.','Distinctio cumque reprehenderit et ipsum magnam.','2015-08-20 06:20:20','2015-08-20 06:20:20'),(194,'Model','Howell, Rice and Mraz','Practical Granite Hat','798','Autem vitae doloremque animi sed fugiat incidunt illo.','Sit earum omnis omnis enim est veniam.',NULL,NULL,1,0,'Facilis quis necessitatibus commodi.','Non accusamus fugit pariatur reiciendis culpa alias corporis.','2015-08-20 06:20:20','2015-08-20 06:20:20'),(195,'Model','Schmitt Inc','Incredible Rubber Table','799','Quia explicabo doloribus ut voluptates delectus ut velit dolorem.','Id molestiae iure est et consequatur.',NULL,NULL,2,0,'Libero repudiandae ad omnis voluptatem.','Voluptatem praesentium dicta omnis dolores sint repellendus.','2015-08-20 06:20:20','2015-08-20 06:20:20'),(196,'Model','Pfeffer Group','Incredible Rubber Pants','800','Eos minima voluptas quo voluptates quaerat.','Rerum quas incidunt qui.',NULL,NULL,2,0,'Ea alias debitis numquam voluptas ratione excepturi.','Expedita at maiores eos suscipit tempora ipsa impedit.','2015-08-22 19:04:19','2015-08-22 19:04:19'),(197,'Model','Champlin Inc','Ergonomic Granite Hat','801','Itaque ea iste et.','Et ut perferendis quia.',NULL,NULL,3,0,'Et non maiores tempora sed enim.','Alias aut est minus.','2015-08-22 19:04:19','2015-08-22 19:04:19'),(198,'Model','Corkery Inc','Gorgeous Granite Car','802','Aut ea eius vero mollitia qui rerum.','Qui ex alias velit vitae aut exercitationem corporis.',NULL,NULL,3,0,'Quas earum molestiae asperiores quia tenetur beatae quia.','Vel iusto debitis accusamus nisi.','2015-08-22 19:04:19','2015-08-22 19:04:19'),(199,'Model','Stokes, Osinski and Brakus','Small Steel Chair','803','Sapiente hic corporis voluptates est.','Quis aperiam quia aut dolore velit provident ad.',NULL,NULL,1,0,'Optio nemo dolor et et.','Reiciendis rem dolorum autem laboriosam voluptatum perferendis dolores.','2015-08-22 19:04:19','2015-08-22 19:04:19'),(200,'Model','Crooks LLC','Intelligent Steel Hat','804','Velit laboriosam aut dolores.','Accusantium aut et quo.',NULL,NULL,3,0,'Cupiditate dolorem eius molestiae eligendi quidem.','Modi est voluptatem maxime nemo.','2015-08-22 19:04:19','2015-08-22 19:04:19'),(201,'Model','Murphy-Walsh','Sleek Cotton Chair','805','Et doloribus adipisci et.','Ut dicta odit veritatis qui.',NULL,NULL,0,0,'Quis voluptas inventore neque.','Harum facere ab iusto et aliquid.','2015-08-22 19:04:19','2015-08-22 19:04:19'),(202,'Model','Lynch-Hermann','Gorgeous Plastic Table','806','Sed qui nulla quia nam.','Molestiae sequi nisi sint labore voluptatem.',NULL,NULL,1,0,'Dignissimos enim nesciunt est est.','Ullam sed rerum omnis.','2015-08-22 19:04:19','2015-08-22 19:04:19'),(203,'Model','McDermott LLC','Sleek Wooden Pants','807','Distinctio id repellendus laboriosam eveniet eaque ut.','Numquam aut qui error possimus.',NULL,NULL,1,0,'Sapiente vel aut est rerum voluptas ea.','Dolore alias eum minus.','2015-08-22 19:04:19','2015-08-22 19:04:19'),(204,'Model','Kuhlman-Rippin','Small Cotton Shoes','808','Maxime rem autem similique odio.','Labore vel eum in dolorem molestiae veritatis.',NULL,NULL,3,0,'Totam est ut itaque laudantium in aut ex nostrum.','Consequuntur saepe sed recusandae.','2015-08-22 19:04:19','2015-08-22 19:04:19'),(205,'Model','Farrell-Pagac','Small Steel Hat','809','Ipsum animi dolor et dolorem qui ducimus.','Est dolore expedita distinctio et.',NULL,NULL,0,0,'Amet eum architecto beatae.','Id non aut nihil praesentium dolores.','2015-08-22 19:04:19','2015-08-22 19:04:19'),(206,'Model','Sipes Group','Fantastic Concrete Hat','810','Suscipit reprehenderit vel neque autem aut consequatur.','Et dolorem quis provident error vitae recusandae aut.',NULL,NULL,0,0,'Eligendi fugiat at ipsa sed.','Voluptatibus consequatur velit ipsam sint nobis enim deserunt.','2015-08-22 19:04:19','2015-08-22 19:04:19'),(207,'Model','Emard, Cruickshank and Schmidt','Sleek Granite Computer','811','Omnis reiciendis ea explicabo quo expedita eum sit autem.','Ducimus tenetur rem ut ut at et quia.',NULL,NULL,1,0,'Voluptatem asperiores quia quidem unde laboriosam corrupti.','Velit numquam ratione eos earum.','2015-08-22 19:04:19','2015-08-22 19:04:19'),(208,'Model','Stehr LLC','Practical Steel Shirt','812','Nesciunt illo sunt explicabo ut quas dolores.','Ut aut quos dolor voluptas nulla suscipit in.',NULL,NULL,0,0,'Et ea quas esse.','Magni reprehenderit qui ut sint et eum est.','2015-08-22 19:04:19','2015-08-22 19:04:19'),(209,'Model','Osinski-Lang','Incredible Concrete Pants','813','Qui rerum ea velit aut.','Consequatur sunt nesciunt recusandae soluta omnis.',NULL,NULL,1,0,'Saepe provident totam eum in voluptatibus quia quia.','Repellat autem ipsum alias quam aliquid recusandae cum tempora.','2015-08-22 19:04:19','2015-08-22 19:04:19'),(210,'Model','Sporer-Swaniawski','Ergonomic Concrete Hat','814','Est at consequuntur officiis necessitatibus id.','Dolores facere rem et.',NULL,NULL,2,0,'Laudantium harum eum delectus deleniti modi earum laborum vel.','Repellat est provident ut unde tempora corrupti voluptatibus non.','2015-08-22 19:04:19','2015-08-22 19:04:19'),(211,'Model','Oberbrunner-Watsica','Awesome Concrete Car','815','Eveniet reiciendis debitis quo.','Et aspernatur sit ullam est repudiandae.',NULL,NULL,0,0,'Sunt consequatur autem reprehenderit delectus quo esse.','Deserunt reiciendis laudantium quam explicabo sunt unde.','2015-08-22 19:04:19','2015-08-22 19:04:19'),(212,'Model','Welch-Cassin','Practical Steel Chair','816','Temporibus possimus cumque at sed voluptatem aut optio.','Dolorem est laudantium qui voluptatem aliquam saepe autem.',NULL,NULL,0,0,'Beatae repellat voluptatibus corporis inventore consequuntur.','Ratione non cumque voluptate repudiandae sit minus.','2015-08-22 19:04:19','2015-08-22 19:04:19'),(213,'Model','Hilpert, Bogisich and Huel','Ergonomic Cotton Computer','817','Laboriosam vitae et rerum cum recusandae expedita eaque.','Quas cupiditate qui dolore cum.',NULL,NULL,0,0,'Quidem neque maxime et dicta quia.','Itaque perspiciatis eum alias quam voluptate.','2015-08-22 19:04:19','2015-08-22 19:04:19'),(214,'Model','Barton-Ward','Fantastic Granite Computer','818','A suscipit voluptates enim.','Molestiae expedita mollitia minima.',NULL,NULL,0,0,'Eligendi laborum est ab quo adipisci consequatur veniam.','Voluptatem ex vel perspiciatis aliquam modi.','2015-08-22 19:04:19','2015-08-22 19:04:19'),(215,'Model','Funk Group','Practical Steel Car','819','Rem et dolorem amet tenetur debitis.','Mollitia omnis quae quaerat nostrum placeat sit.',NULL,NULL,0,0,'Molestias non animi harum sunt voluptatem doloremque.','Quae sed veniam sed odit explicabo suscipit natus.','2015-08-22 19:04:19','2015-08-22 19:04:19'),(216,'Model','Hills-Tillman','Fantastic Rubber Table','821','Ab reiciendis nisi delectus magnam numquam dolor qui sed.','Error modi dolorem distinctio et voluptatem.',NULL,NULL,1,0,'Odio rerum est laborum mollitia accusamus.','Est voluptatem qui alias.','2015-08-22 19:04:19','2015-08-22 19:04:19'),(217,'Software','Breitenberg Inc','Rustic Concrete Chair','823',NULL,NULL,NULL,NULL,0,0,NULL,NULL,'2015-08-22 19:04:19','2015-08-22 19:04:19'),(218,'Model','Prosacco, Hahn and Lebsack','Incredible Plastic Shoes','824','Sit id enim error et pariatur ducimus officia.','Quas ducimus aut quidem voluptate.',NULL,NULL,1,0,'Corrupti quo et voluptas cumque laboriosam.','Rerum optio incidunt a et adipisci dolor.','2015-08-17 00:00:00','2015-08-17 00:00:00'),(219,'Model','Schmidt, Huel and Schuster','Fantastic Granite Pants','825','Odit aut debitis aliquam quos accusamus.','Ipsum quaerat voluptate incidunt.',NULL,NULL,3,0,'Illum voluptate error ex quia.','Pariatur vel sunt consectetur libero ut eligendi quaerat veritatis.','2015-08-17 00:00:00','2015-08-17 00:00:00'),(220,'Model','Cronin-Orn','Incredible Concrete Chair','826','Non rerum hic quia.','Qui quisquam temporibus enim perspiciatis et aut beatae.',NULL,NULL,3,0,'Facilis velit aliquid id minus excepturi dolores et molestias.','Eligendi incidunt dolores repellendus laudantium aut.','2015-08-17 00:00:00','2015-08-17 00:00:00'),(221,'Model','McLaughlin-Russel','Ergonomic Rubber Shoes','827','Voluptas labore omnis itaque velit sit et odit hic.','Quod rerum veritatis quidem quasi voluptatibus harum ea.',NULL,NULL,2,0,'Et voluptas distinctio illo error a officiis.','Iste recusandae est corrupti expedita.','2015-08-17 00:00:00','2015-08-17 00:00:00'),(222,'Model','Ullrich, Upton and Steuber','Intelligent Cotton Pants','829','Aut doloribus est soluta incidunt eligendi.','Dolor beatae quia rerum suscipit aspernatur.',NULL,NULL,2,0,'Iure beatae iusto vel laboriosam molestiae sed quisquam qui.','Id qui et quia ipsum.','2015-08-22 19:04:19','2015-08-22 19:04:19'),(223,'Model','Kassulke Group','Intelligent Rubber Hat','830','Officiis quaerat facilis aliquam aut illum.','Reiciendis culpa et velit sint.',NULL,NULL,0,0,'Non perferendis accusamus ab enim quis fugiat repellat est.','Et omnis maxime aut adipisci cupiditate aut suscipit.','2015-08-22 19:04:19','2015-08-22 19:04:19'),(224,'Model','Greenfelder LLC','Rustic Cotton Shoes','831','Unde sunt autem qui aperiam est delectus blanditiis facere.','Pariatur omnis et est vero maiores.',NULL,NULL,0,0,'Autem ut saepe perspiciatis rerum autem dolores.','Vel odit dignissimos sed eveniet tempore consequatur assumenda ipsam.','2015-08-22 19:04:19','2015-08-22 19:04:19'),(225,'Model','Gorczany, Howe and Kuphal','Sleek Steel Computer','832','Nisi fuga voluptatem vel minus doloremque voluptas est.','Temporibus nihil nam eligendi.',NULL,NULL,2,0,'Perspiciatis ut eum optio recusandae et facilis aspernatur esse.','Sint eum atque assumenda error maxime ut sit cupiditate.','2015-08-22 19:04:19','2015-08-22 19:04:19'),(226,'Model','Hudson-Jacobson','Rustic Cotton Gloves','833','Doloribus iure a atque suscipit accusantium delectus.','Voluptatem sed natus aut consequatur aliquam consequatur ut voluptatem.',NULL,NULL,3,0,'Saepe nesciunt tenetur corporis ea occaecati.','Rerum ad voluptate ullam omnis necessitatibus deserunt rerum minima.','2015-08-22 19:04:19','2015-08-22 19:04:19'),(227,'Model','Veum LLC','Ergonomic Concrete Computer','834','Rem ipsa eveniet velit necessitatibus debitis ex.','Aperiam et eum et ut ea.',NULL,NULL,1,0,'Impedit quas voluptas fugiat pariatur recusandae.','Hic voluptas vitae consectetur cumque quasi.','2015-08-22 19:04:19','2015-08-22 19:04:19'),(228,'Model','Morar-Wunsch','Practical Plastic Hat','835','Dolor autem laudantium officiis.','Earum amet nesciunt aut perspiciatis laboriosam autem odit.',NULL,NULL,3,0,'Quia quae et ea unde aut.','Soluta et laudantium ut.','2015-08-22 19:04:19','2015-08-22 19:04:19'),(229,'Model','Weimann-Kovacek','Sleek Granite Car','836','Et velit laboriosam quasi quis.','Rerum fugiat et sit tempore et veniam.',NULL,NULL,3,0,'Vel qui assumenda architecto labore ut tempore excepturi blanditiis.','Eligendi corrupti voluptas exercitationem consequatur blanditiis id dolor.','2015-08-22 19:04:19','2015-08-22 19:04:19'),(230,'Model','Legros-Powlowski','Incredible Granite Gloves','837','Provident impedit ut in natus dolorem.','Quos debitis dignissimos fugiat praesentium.',NULL,NULL,3,0,'Aspernatur aut esse cumque animi.','Sunt assumenda et et autem.','2015-08-22 19:04:19','2015-08-22 19:04:19'),(231,'Model','Rosenbaum-Greenfelder','Fantastic Steel Shoes','838','Impedit qui et pariatur eligendi quis.','Qui ipsum dolores perspiciatis fugit totam eaque.',NULL,NULL,0,0,'Ipsa odio fugit rerum alias eius omnis fugiat.','Quisquam dolores ad nostrum consequuntur sit et.','2015-08-22 19:04:19','2015-08-22 19:04:19'),(232,'Model','Carroll, Block and Jacobi','Practical Granite Computer','839','Alias reiciendis consequatur excepturi.','Voluptas aut atque minima iste quo laudantium.',NULL,NULL,3,0,'Minus omnis et maiores sit at.','Eligendi facilis ea quod dolor.','2015-08-22 19:04:19','2015-08-22 19:04:19'),(233,'Model','Bartell, Mraz and Bashirian','Gorgeous Plastic Car','840','Ipsum perferendis quae voluptas quia quas explicabo ratione illum.','Animi ducimus odit est eligendi qui voluptatem necessitatibus voluptatum.',NULL,NULL,0,0,'Est ducimus aut culpa quis natus.','Amet dolor nisi vitae facilis reprehenderit autem molestiae earum.','2015-08-22 19:04:19','2015-08-22 19:04:19'),(234,'Model','Davis Inc','Fantastic Rubber Pants','841','Omnis earum numquam velit voluptatum molestiae.','Id qui suscipit et nisi et.',NULL,NULL,1,0,'Perspiciatis ab sunt id ad cupiditate et.','Aut cum dolorem quasi maxime totam nihil.','2015-08-22 19:04:19','2015-08-22 19:04:19'),(235,'Model','Russel Inc','Rustic Steel Gloves','842','Eos eos qui voluptatem accusantium doloribus quia.','Ullam a consequatur tempora dolore.',NULL,NULL,1,0,'Assumenda quos accusamus et ullam voluptas dolores est.','Accusantium aut consequatur sunt magni illum aut aut natus.','2015-08-22 19:04:19','2015-08-22 19:04:19'),(236,'Model','Tromp and Sons','Gorgeous Steel Car','843','Est et in rerum ut molestiae at.','Sunt architecto voluptas fuga distinctio est nihil.',NULL,NULL,2,0,'Doloremque ipsum sunt dolores molestiae id sed quia enim.','Voluptas beatae accusamus exercitationem.','2015-08-22 19:04:19','2015-08-22 19:04:19'),(237,'Model','Von-Abbott','Small Wooden Hat','844','Distinctio quia et modi est minima magni neque.','Rem ducimus voluptatum id eum reiciendis maxime.',NULL,NULL,3,0,'Qui repudiandae omnis vitae est eligendi aliquid corporis.','Ut provident rerum aspernatur ullam labore repellendus qui quidem.','2015-08-17 00:00:00','2015-08-17 00:00:00'),(238,'Model','Marquardt Inc','Fantastic Plastic Table','845','Commodi modi nisi ipsum inventore nesciunt aperiam et.','Ea beatae minima iste facilis perspiciatis ea et similique.',NULL,NULL,1,0,'Quae tempore qui et alias est et dolorum minima.','Consequuntur omnis dignissimos nulla enim consectetur laboriosam ipsa.','2015-08-17 00:00:00','2015-08-17 00:00:00'),(239,'Model','Reilly-Breitenberg','Ergonomic Concrete Gloves','846','Veritatis ut et dolorum adipisci non suscipit voluptas.','Nesciunt aut libero optio.',NULL,NULL,1,0,'Et voluptas quae repellendus fugit maiores sint.','Repudiandae quis qui voluptatem.','2015-08-17 00:00:00','2015-08-17 00:00:00'),(240,'Model','Reilly, Gleason and Waelchi','Incredible Concrete Car','847','Eaque corrupti eos est necessitatibus ducimus dolorem.','Ea pariatur unde et qui vero voluptatibus.',NULL,NULL,0,0,'Sed rerum eius molestiae.','Sit voluptatum est a.','2015-08-17 00:00:00','2015-08-17 00:00:00'),(241,'Model','Thompson-Hartmann','Sleek Rubber Shoes','848','Laborum harum fugiat inventore sit quos culpa.','Quia eos soluta iure porro possimus doloremque vero laborum.',NULL,NULL,3,0,'Ut quod minima aut.','Dignissimos rerum dicta aut consequatur est amet.','2015-08-22 19:04:19','2015-08-22 19:04:19'),(242,'Model','Hudson-Collier','Small Concrete Gloves','849','Tempore a quas error vel ipsum soluta.','Quia rerum et qui laboriosam rem rerum sequi.',NULL,NULL,2,0,'Non repudiandae esse cupiditate odio laboriosam.','Minima aut omnis culpa voluptas.','2015-08-22 19:04:19','2015-08-22 19:04:19'),(243,'Model','Greenholt, Ratke and Gulgowski','Awesome Plastic Pants','850','Consequatur alias possimus et consequatur.','Magni ad est amet perferendis odit molestiae cupiditate reiciendis.',NULL,NULL,3,0,'Eum quo illum nam amet iusto similique voluptatem magnam.','Corrupti voluptatem odit distinctio.','2015-08-22 19:04:19','2015-08-22 19:04:19'),(244,'Model','Champlin Inc','Awesome Cotton Table','851','Similique in sed molestiae qui aut.','Repellat ea molestias maxime rem.',NULL,NULL,3,0,'Non ea velit quaerat vitae qui.','Consequatur ex repellat perspiciatis numquam et.','2015-08-22 19:04:19','2015-08-22 19:04:19'),(245,'Model','Rodriguez-Bernier','Small Granite Gloves','852','Non repudiandae ducimus modi.','Ut quia ullam id omnis dignissimos et dicta.',NULL,NULL,1,0,'Quasi omnis aliquam ut quis.','Tenetur architecto eaque est.','2015-08-22 19:04:19','2015-08-22 19:04:19'),(246,'Model','Schneider, Douglas and Cronin','Gorgeous Wooden Gloves','853','Qui in deserunt est.','Quibusdam voluptatem et officiis.',NULL,NULL,2,0,'Beatae aspernatur soluta qui.','Aliquam culpa non eligendi quas ipsum iste odit.','2015-08-22 19:04:19','2015-08-22 19:04:19'),(247,'Model','Stroman Inc','Ergonomic Steel Chair','854','Sit aut placeat et animi in iste repudiandae.','Officia sed temporibus dolorem earum enim.',NULL,NULL,1,0,'Aut qui voluptatem harum sit ex dolor.','Et qui est laboriosam.','2015-08-22 19:04:19','2015-08-22 19:04:19'),(248,'Model','Hilll, Stokes and Jenkins','Sleek Wooden Gloves','855','Sunt architecto ut similique sit saepe.','Tempora ea quae numquam sint iure enim nam doloremque.',NULL,NULL,1,0,'Laudantium eveniet deserunt delectus necessitatibus asperiores fugiat eum.','Mollitia exercitationem dolorum laudantium dolores autem numquam.','2015-08-22 19:04:19','2015-08-22 19:04:19'),(249,'Model','Ziemann-Zemlak','Awesome Plastic Table','856','Labore rerum sequi quis.','Est maxime illum ut.',NULL,NULL,0,0,'Laboriosam et vel repellat.','Sed dicta est molestiae laborum dignissimos iste.','2015-08-22 19:04:19','2015-08-22 19:04:19'),(250,'Model','Howell, Stiedemann and Cremin','Rustic Concrete Table','857','Eligendi aut suscipit facilis maiores illo non quaerat ad.','Tempore quo quaerat eum quo excepturi.',NULL,NULL,1,0,'Sapiente incidunt in molestias earum consequatur voluptas dicta necessitatibus.','Itaque ipsa molestiae et voluptas nemo sunt.','2015-08-22 19:04:19','2015-08-22 19:04:19'),(251,'Model','Homenick-Moore','Ergonomic Granite Chair','858','Repudiandae amet voluptates dicta a cupiditate eius sed est.','Quo nobis expedita beatae.',NULL,NULL,3,0,'Aut dolor laudantium error quisquam repellat rerum sapiente.','Iure adipisci et dolorum asperiores amet omnis sed.','2015-08-22 19:04:19','2015-08-22 19:04:19'),(252,'Model','Sipes, Auer and Hamill','Rustic Rubber Chair','859','Ullam quia corporis recusandae dolorem.','Aut eos laudantium est illo itaque aliquid odit.',NULL,NULL,0,0,'Sit eos ut saepe.','Consequuntur laborum incidunt voluptatibus beatae sapiente eos.','2015-08-22 19:04:19','2015-08-22 19:04:19'),(253,'Model','Pouros LLC','Intelligent Wooden Gloves','860','Dicta quo in facilis sit ab asperiores.','Ratione nihil quasi placeat labore distinctio aut cumque sit.',NULL,NULL,0,0,'Ipsum esse ad quos veniam.','Voluptatem delectus ab ratione omnis est velit qui.','2015-08-22 19:04:19','2015-08-22 19:04:19'),(254,'Model','Ortiz, Spencer and Legros','Awesome Rubber Table','861','Modi ea non sint.','Vitae est accusamus blanditiis.',NULL,NULL,1,0,'Et id totam tempore suscipit.','Illo sunt nisi voluptatem error expedita fuga.','2015-08-22 19:04:19','2015-08-22 19:04:19'),(255,'Model','Gerlach Group','Rustic Plastic Shirt','862','Quis similique necessitatibus incidunt eveniet.','Voluptates voluptas totam labore.',NULL,NULL,3,0,'Libero ut laudantium dicta earum animi ratione ex rem.','Nostrum error qui est ea labore sed facere quos.','2015-08-22 19:04:19','2015-08-22 19:04:19'),(256,'Model','Collins-O\'Connell','Practical Rubber Hat','863','Similique et sed sapiente esse in tempore repellat enim.','Voluptate sunt enim consequatur et repudiandae.',NULL,NULL,0,0,'Fuga soluta neque nulla consequatur vitae recusandae corporis.','Distinctio est delectus eos beatae eveniet nesciunt fuga a.','2015-08-22 19:04:19','2015-08-22 19:04:19'),(257,'Model','Mills-Ebert','Incredible Granite Table','864','Et fugit eos quo sequi sit iusto rem unde.','Doloremque vero et libero molestiae ut.',NULL,NULL,1,0,'Consequatur aperiam nam necessitatibus alias incidunt ea voluptates.','Quia nihil eos assumenda voluptatem et.','2015-08-22 19:04:19','2015-08-22 19:04:19'),(258,'Model','Denesik, Cole and Dietrich','Small Plastic Car','865','Et corporis quis fugit illum aut ut illo.','Sapiente quas aliquid natus expedita reprehenderit.',NULL,NULL,1,0,'Incidunt odio ab dolorem assumenda eligendi.','Non quia consequatur temporibus quae nesciunt.','2015-08-22 19:04:19','2015-08-22 19:04:19'),(259,'Model','Hackett and Sons','Practical Granite Pants','866','Ea quasi culpa facilis.','Deleniti provident non quae sint.',NULL,NULL,2,0,'Dolorem ab ex in tempora id sit neque dolor.','Consectetur tenetur aut molestias repellat laboriosam laborum.','2015-08-22 19:04:19','2015-08-22 19:04:19'),(260,'Model','Lehner Group','Gorgeous Rubber Car','867','Dolores ullam placeat quibusdam.','Laborum qui quia adipisci occaecati ipsa quia neque.',NULL,NULL,3,0,'Ad repudiandae quo recusandae architecto fuga praesentium consequatur eos.','Autem et non ea.','2015-08-22 19:04:19','2015-08-22 19:04:19'),(261,'Model','Orn, Hilpert and Ledner','Small Cotton Hat','868','Magnam dicta eos aut dolorem sit est.','Voluptatibus cupiditate et eos fugiat autem.',NULL,NULL,3,0,'Nihil unde et occaecati expedita.','Rerum ad aperiam eum ut.','2015-08-22 19:04:19','2015-08-22 19:04:19'),(262,'Model','Kuhlman-Weimann','Fantastic Plastic Car','869','Ducimus minus est consequatur.','Magni ea ea ab perferendis animi eius.',NULL,NULL,0,0,'Nostrum quae eum ea ut ea.','Ratione voluptate et aut maxime ex.','2015-08-22 19:04:19','2015-08-22 19:04:19'),(263,'Model','Terry-Krajcik','Sleek Concrete Computer','870','Aut et sit itaque quod est recusandae.','Occaecati minima cum perspiciatis iste officia tempora aliquid.',NULL,NULL,3,0,'Eos beatae doloribus architecto laudantium delectus sunt magnam debitis.','Vel in quidem necessitatibus non dolorum.','2015-08-22 19:04:19','2015-08-22 19:04:19'),(264,'Model','Kertzmann, Connelly and Rowe','Gorgeous Plastic Hat','871','Error sunt nihil et provident sunt aliquid id dolorum.','In maxime dolorem quibusdam repudiandae expedita esse autem laudantium.',NULL,NULL,2,0,'Voluptatibus vero dolor voluptatem totam occaecati reprehenderit neque hic.','Cupiditate quo dolor vel officiis.','2015-08-22 19:04:19','2015-08-22 19:04:19'),(265,'Model','Reilly-Armstrong','Gorgeous Rubber Shoes','872','Perspiciatis voluptas eligendi eveniet.','Maxime impedit blanditiis est maiores nihil animi praesentium.',NULL,NULL,0,0,'Voluptatem deserunt laborum unde quis voluptatem id.','Et nam consectetur consequatur enim earum praesentium minus.','2015-08-22 19:04:19','2015-08-22 19:04:19'),(266,'Model','Nienow Inc','Gorgeous Steel Shoes','873','Nulla odio impedit doloribus dicta.','Sequi sint velit voluptatibus.',NULL,NULL,2,0,'Ut culpa maiores sit illo omnis praesentium.','Unde perferendis labore nesciunt.','2015-08-22 19:04:19','2015-08-22 19:04:19'),(267,'Model','Anderson-Toy','Awesome Steel Computer','874','Eos accusamus optio fuga ut.','Et et est distinctio cupiditate sit voluptatibus assumenda.',NULL,NULL,0,0,'Quae architecto aliquam qui.','Maiores ut perspiciatis inventore enim.','2015-08-22 19:04:19','2015-08-22 19:04:19'),(268,'Model','Gleichner LLC','Rustic Plastic Chair','875','Aspernatur labore ex atque quaerat provident veniam soluta optio.','Delectus consequatur est a non mollitia.',NULL,NULL,2,0,'Aut totam et enim voluptas quia sequi.','Ut fuga unde dolorum est.','2015-08-22 19:04:19','2015-08-22 19:04:19'),(269,'Model','Bergstrom, Schaefer and Champlin','Ergonomic Wooden Car','876','Eos nam et vero a suscipit assumenda.','Temporibus autem molestiae rem harum ea sunt.',NULL,NULL,0,0,'Recusandae nihil rem exercitationem et consequuntur eius iste et.','Animi commodi velit ad saepe ab.','2015-08-22 19:04:19','2015-08-22 19:04:19'),(270,'Model','Roob Group','Gorgeous Cotton Pants','877','Et qui quia eveniet qui sunt dolorem non.','Numquam suscipit earum beatae accusamus dolorum vero perspiciatis.',NULL,NULL,3,0,'Distinctio dolore numquam facilis et et culpa.','Et magni alias quis voluptatibus.','2015-08-22 19:04:19','2015-08-22 19:04:19'),(271,'Model','Wuckert, Kshlerin and Reichel','Practical Cotton Chair','878','Voluptas eum quia nostrum ut.','Voluptatem similique quod ut consequuntur quasi molestiae corporis.',NULL,NULL,3,0,'Et aut numquam et dolores.','Fugiat est corrupti debitis quas recusandae repellendus illo doloremque.','2015-08-22 19:04:19','2015-08-22 19:04:19'),(272,'Model','Runolfsdottir, Kunde and Hudson','Practical Wooden Gloves','879','Impedit architecto non praesentium.','Sequi mollitia vitae et ut voluptatum temporibus facere iusto.',NULL,NULL,2,0,'Odio rerum ratione dignissimos sit.','Ut enim expedita reprehenderit atque maiores.','2015-08-22 19:04:19','2015-08-22 19:04:19'),(273,'Model','Swift-Goldner','Gorgeous Steel Pants','880','Sequi suscipit aperiam quisquam sint id.','Et temporibus in nulla id.',NULL,NULL,3,0,'Soluta sequi nihil nihil omnis voluptatem culpa.','Voluptatem enim et laboriosam soluta sint ut eaque.','2015-08-22 19:04:19','2015-08-22 19:04:19'),(274,'Model','Hills, Cruickshank and Krajcik','Sleek Steel Shirt','881','Et dicta ut tempora odio possimus rerum.','Ut consequatur ut error veniam.',NULL,NULL,0,0,'Eum eum necessitatibus est qui dignissimos.','Reprehenderit eius in nobis.','2015-08-22 19:04:19','2015-08-22 19:04:19'),(275,'Model','Schuppe, Wolf and Champlin','Fantastic Rubber Chair','882','Quas sed tempora at nobis hic nostrum atque incidunt.','Repudiandae ut voluptatem aut quos aut consectetur ut.',NULL,NULL,1,0,'Consectetur non numquam assumenda natus et modi unde.','Iusto aspernatur perspiciatis sit eum praesentium esse.','2015-08-22 19:04:19','2015-08-22 19:04:19'),(276,'Model','Sporer, D\'Amore and Abernathy','Rustic Steel Chair','883','Minima dolore alias ut sit voluptate quos eveniet.','Sed ut quibusdam perspiciatis itaque rem est vel vero.',NULL,NULL,1,0,'Voluptas et in enim laborum explicabo ad qui.','Sit culpa similique reprehenderit perspiciatis rem ipsam.','2015-08-22 19:04:19','2015-08-22 19:04:19'),(277,'Model','Grimes LLC','Practical Wooden Hat','884','Sed hic perferendis sunt ea.','Doloremque natus aspernatur sint id est deserunt sunt.',NULL,NULL,3,0,'Dolor qui temporibus aut cum vero nisi sed corrupti.','Sit et eum eius error explicabo doloribus.','2015-08-22 19:04:19','2015-08-22 19:04:19'),(278,'Model','Barrows, Kuphal and Nitzsche','Gorgeous Granite Computer','885','Rerum consequatur ut iusto ut aliquid.','Mollitia soluta saepe sed harum.',NULL,NULL,0,0,'Tenetur voluptates ratione sed rem aut molestias dolor sed.','Ex rerum autem est voluptate qui ad qui.','2015-08-22 19:04:19','2015-08-22 19:04:19'),(279,'Model','Mohr and Sons','Sleek Plastic Chair','886','Sed similique delectus accusantium dolorem incidunt unde accusamus et.','Quia ducimus magni autem vitae maiores beatae.',NULL,NULL,3,0,'Minus dolor est illum corrupti.','Est fuga qui dicta velit.','2015-08-22 19:04:19','2015-08-22 19:04:19'),(280,'Model','Graham and Sons','Ergonomic Plastic Pants','887','Autem ex voluptas impedit quia.','Consequatur et tempore doloremque reiciendis voluptas ut sapiente ea.',NULL,NULL,3,0,'Tenetur amet dolorum rerum.','Quia officia consectetur ea rerum ut eligendi.','2015-08-22 19:04:19','2015-08-22 19:04:19'),(281,'Model','Nitzsche, Gerhold and Kassulke','Awesome Wooden Hat','888','Beatae sed ut expedita.','Sint est tempora officiis architecto officia minus quia laborum.',NULL,NULL,0,0,'Voluptatum non sed praesentium quis sapiente in alias ea.','Aliquam consectetur necessitatibus commodi nihil voluptate soluta sed.','2015-08-22 19:04:19','2015-08-22 19:04:19'),(282,'Model','Rodriguez, Parisian and Swift','Awesome Steel Hat','889','Quidem nam unde nemo quis tempora ipsa.','Maiores placeat a incidunt alias rerum.',NULL,NULL,1,0,'Facere soluta aut aperiam sed nesciunt aut odio laborum.','Consequatur illo facere qui blanditiis.','2015-08-22 19:04:19','2015-08-22 19:04:19'),(283,'Software','Schmitt-Stokes','Ergonomic Granite Computer','890',NULL,NULL,NULL,NULL,0,0,NULL,NULL,'2015-08-22 19:04:19','2015-08-22 19:04:19'),(284,'Model','Dickinson-Terry','Practical Wooden Car','891','Omnis alias eos quasi.','Eius sed nisi iste non ad.',NULL,NULL,3,0,'Voluptatum sed id ad.','Sed nemo aut dolor.','2015-08-22 19:04:19','2015-08-22 19:04:19'),(285,'Model','Grady and Sons','Practical Rubber Shoes','892','Non vel saepe consequatur accusamus architecto similique nihil quis.','Dolorem iure voluptas debitis.',NULL,NULL,1,0,'Quidem deleniti odio in sed.','Dolorem voluptas ducimus esse.','2015-08-22 19:04:19','2015-08-22 19:04:19'),(286,'Model','Cole-Wiegand','Gorgeous Cotton Shoes','893','Optio et ut sit voluptatibus eum.','Alias cupiditate quaerat reprehenderit quasi id sunt.',NULL,NULL,2,0,'Amet aliquid repudiandae accusantium soluta.','Aut autem eum vitae et ut.','2015-08-22 19:04:19','2015-08-22 19:04:19'),(287,'Model','Gutmann Group','Intelligent Rubber Shirt','894','Eius consequatur molestiae alias.','Dignissimos quia odio est animi.',NULL,NULL,2,0,'Labore ipsa aut earum aut rerum quasi quas sunt.','Dolorum et cumque neque provident asperiores.','2015-08-22 19:04:19','2015-08-22 19:04:19');
/*!40000 ALTER TABLE `models` ENABLE KEYS */;
UNLOCK TABLES;

--
-- Table structure for table `models_compatibles`
--

DROP TABLE IF EXISTS `models_compatibles`;
/*!40101 SET @saved_cs_client     = @@character_set_client */;
/*!40101 SET character_set_client = utf8 */;
CREATE TABLE `models_compatibles` (
  `model_id` int(11) DEFAULT NULL,
  `compatible_id` int(11) DEFAULT NULL,
  KEY `index_models_compatibles_on_compatible_id` (`compatible_id`),
  KEY `index_models_compatibles_on_model_id` (`model_id`)
) ENGINE=InnoDB DEFAULT CHARSET=utf8 COLLATE=utf8_unicode_ci;
/*!40101 SET character_set_client = @saved_cs_client */;

--
-- Dumping data for table `models_compatibles`
--

LOCK TABLES `models_compatibles` WRITE;
/*!40000 ALTER TABLE `models_compatibles` DISABLE KEYS */;
INSERT INTO `models_compatibles` VALUES (148,147),(149,147),(150,147);
/*!40000 ALTER TABLE `models_compatibles` ENABLE KEYS */;
UNLOCK TABLES;

--
-- Table structure for table `notifications`
--

DROP TABLE IF EXISTS `notifications`;
/*!40101 SET @saved_cs_client     = @@character_set_client */;
/*!40101 SET character_set_client = utf8 */;
CREATE TABLE `notifications` (
  `id` int(11) NOT NULL AUTO_INCREMENT,
  `user_id` int(11) DEFAULT NULL,
  `title` varchar(255) COLLATE utf8_unicode_ci DEFAULT '',
  `created_at` datetime NOT NULL,
  PRIMARY KEY (`id`),
  KEY `index_notifications_on_user_id` (`user_id`)
) ENGINE=InnoDB DEFAULT CHARSET=utf8 COLLATE=utf8_unicode_ci;
/*!40101 SET character_set_client = @saved_cs_client */;

--
-- Dumping data for table `notifications`
--

LOCK TABLES `notifications` WRITE;
/*!40000 ALTER TABLE `notifications` DISABLE KEYS */;
/*!40000 ALTER TABLE `notifications` ENABLE KEYS */;
UNLOCK TABLES;

--
-- Table structure for table `numerators`
--

DROP TABLE IF EXISTS `numerators`;
/*!40101 SET @saved_cs_client     = @@character_set_client */;
/*!40101 SET character_set_client = utf8 */;
CREATE TABLE `numerators` (
  `id` int(11) NOT NULL AUTO_INCREMENT,
  `item` int(11) DEFAULT NULL,
  PRIMARY KEY (`id`)
) ENGINE=InnoDB DEFAULT CHARSET=utf8 COLLATE=utf8_unicode_ci;
/*!40101 SET character_set_client = @saved_cs_client */;

--
-- Dumping data for table `numerators`
--

LOCK TABLES `numerators` WRITE;
/*!40000 ALTER TABLE `numerators` DISABLE KEYS */;
/*!40000 ALTER TABLE `numerators` ENABLE KEYS */;
UNLOCK TABLES;

--
-- Table structure for table `options`
--

DROP TABLE IF EXISTS `options`;
/*!40101 SET @saved_cs_client     = @@character_set_client */;
/*!40101 SET character_set_client = utf8 */;
CREATE TABLE `options` (
  `id` int(11) NOT NULL AUTO_INCREMENT,
  `inventory_pool_id` int(11) DEFAULT NULL,
  `inventory_code` varchar(255) COLLATE utf8_unicode_ci DEFAULT NULL,
  `manufacturer` varchar(255) COLLATE utf8_unicode_ci DEFAULT NULL,
  `product` varchar(255) COLLATE utf8_unicode_ci NOT NULL,
  `version` varchar(255) COLLATE utf8_unicode_ci DEFAULT NULL,
  `price` decimal(8,2) DEFAULT NULL,
  PRIMARY KEY (`id`),
  KEY `index_options_on_inventory_pool_id` (`inventory_pool_id`)
) ENGINE=InnoDB AUTO_INCREMENT=7 DEFAULT CHARSET=utf8 COLLATE=utf8_unicode_ci;
/*!40101 SET character_set_client = @saved_cs_client */;

--
-- Dumping data for table `options`
--

LOCK TABLES `options` WRITE;
/*!40000 ALTER TABLE `options` DISABLE KEYS */;
INSERT INTO `options` VALUES (1,1,'akku-aa',NULL,'Akku AA','720','989.00'),(2,1,'akku-aaa',NULL,'Akku AAA','721','686.00'),(3,1,'usb',NULL,'USB Kabel','722','1373.00'),(4,1,'vol8193',NULL,'Practical Plastic Computer','820','898.00'),(5,1,'por2308',NULL,'Awesome Concrete Gloves','822','135.00'),(6,2,'etc2875',NULL,'Small Granite Shirt','828','694.00');
/*!40000 ALTER TABLE `options` ENABLE KEYS */;
UNLOCK TABLES;

--
-- Table structure for table `partitions`
--

DROP TABLE IF EXISTS `partitions`;
/*!40101 SET @saved_cs_client     = @@character_set_client */;
/*!40101 SET character_set_client = utf8 */;
CREATE TABLE `partitions` (
  `id` int(11) NOT NULL AUTO_INCREMENT,
  `model_id` int(11) DEFAULT NULL,
  `inventory_pool_id` int(11) DEFAULT NULL,
  `group_id` int(11) DEFAULT NULL,
  `quantity` int(11) DEFAULT NULL,
  PRIMARY KEY (`id`),
  UNIQUE KEY `index_partitions_on_model_id_and_inventory_pool_id_and_group_id` (`model_id`,`inventory_pool_id`,`group_id`)
) ENGINE=InnoDB AUTO_INCREMENT=12 DEFAULT CHARSET=utf8 COLLATE=utf8_unicode_ci;
/*!40101 SET character_set_client = @saved_cs_client */;

--
-- Dumping data for table `partitions`
--

LOCK TABLES `partitions` WRITE;
/*!40000 ALTER TABLE `partitions` DISABLE KEYS */;
INSERT INTO `partitions` VALUES (1,111,1,4,1),(2,149,1,5,1),(3,150,1,6,5),(4,148,1,1,1),(5,80,1,1,1),(6,80,1,2,1),(7,165,1,7,1),(8,173,1,7,1),(9,181,1,7,1),(10,192,1,8,1),(11,201,1,7,1);
/*!40000 ALTER TABLE `partitions` ENABLE KEYS */;
UNLOCK TABLES;

--
-- Temporary table structure for view `partitions_with_generals`
--

DROP TABLE IF EXISTS `partitions_with_generals`;
/*!50001 DROP VIEW IF EXISTS `partitions_with_generals`*/;
SET @saved_cs_client     = @@character_set_client;
SET character_set_client = utf8;
/*!50001 CREATE TABLE `partitions_with_generals` (
  `model_id` int(11),
  `inventory_pool_id` int(11),
  `group_id` int(11),
  `quantity` decimal(33,0)
) ENGINE=MyISAM */;
SET character_set_client = @saved_cs_client;

--
-- Table structure for table `properties`
--

DROP TABLE IF EXISTS `properties`;
/*!40101 SET @saved_cs_client     = @@character_set_client */;
/*!40101 SET character_set_client = utf8 */;
CREATE TABLE `properties` (
  `id` int(11) NOT NULL AUTO_INCREMENT,
  `model_id` int(11) DEFAULT NULL,
  `key` varchar(255) COLLATE utf8_unicode_ci DEFAULT NULL,
  `value` varchar(255) COLLATE utf8_unicode_ci DEFAULT NULL,
  PRIMARY KEY (`id`),
  KEY `index_properties_on_model_id` (`model_id`)
) ENGINE=InnoDB AUTO_INCREMENT=13 DEFAULT CHARSET=utf8 COLLATE=utf8_unicode_ci;
/*!40101 SET character_set_client = @saved_cs_client */;

--
-- Dumping data for table `properties`
--

LOCK TABLES `properties` WRITE;
/*!40000 ALTER TABLE `properties` DISABLE KEYS */;
INSERT INTO `properties` VALUES (1,148,'Rotorduchmesser','120'),(2,148,'Akkus','2'),(3,148,'Farbe','Rot'),(4,149,'Rotorduchmesser','120'),(5,149,'Akkus','2'),(6,149,'Farbe','Rot'),(7,149,'max. Speed','80 kmh'),(8,149,'Gyro','Ja'),(9,149,'Achsen','3-Achsen'),(10,150,'Rotorduchmesser','120'),(11,150,'Akkus','2'),(12,150,'Farbe','Rot');
/*!40000 ALTER TABLE `properties` ENABLE KEYS */;
UNLOCK TABLES;

--
-- Table structure for table `purposes`
--

DROP TABLE IF EXISTS `purposes`;
/*!40101 SET @saved_cs_client     = @@character_set_client */;
/*!40101 SET character_set_client = utf8 */;
CREATE TABLE `purposes` (
  `id` int(11) NOT NULL AUTO_INCREMENT,
  `description` text COLLATE utf8_unicode_ci,
  PRIMARY KEY (`id`)
) ENGINE=InnoDB AUTO_INCREMENT=46 DEFAULT CHARSET=utf8 COLLATE=utf8_unicode_ci;
/*!40101 SET character_set_client = @saved_cs_client */;

--
-- Dumping data for table `purposes`
--

LOCK TABLES `purposes` WRITE;
/*!40000 ALTER TABLE `purposes` DISABLE KEYS */;
INSERT INTO `purposes` VALUES (1,'---\n- Minima accusamus esse in sint facere consectetur.\n- Quisquam iure porro corrupti quo hic aspernatur dolores.\n'),(2,'---\n- Dolorum ut perspiciatis.\n- Minus ullam perferendis deserunt accusantium placeat recusandae.\n'),(3,'Ersatzstativ fr die Ausstellung.'),(4,'Ersatzstativ fr die Ausstellung.'),(5,'Ersatzstativ fr die Ausstellung.'),(6,'Ersatzstativ fr die Ausstellung.'),(7,'Ersatzstativ fr die Ausstellung.'),(8,'Ersatzstativ fr die Ausstellung.'),(9,'Ersatzstativ fr die Ausstellung.'),(10,'Ersatzstativ fr die Ausstellung.'),(11,'Ersatzstativ fr die Ausstellung.'),(12,'Ersatzstativ fr die Ausstellung.'),(13,'Ersatzstativ fr die Ausstellung.'),(14,'Ersatzstativ fr die Ausstellung.'),(15,'Tempore molestias laudantium harum veritatis enim unde enim ut.'),(16,'Aut dolorem quo consequatur id provident optio dolorem sit.'),(17,'Impedit reiciendis praesentium excepturi sint.'),(18,'Non quis aut inventore veniam.'),(19,'Nam aut omnis repellendus laboriosam eius aut.'),(20,'Quas cum at quae perspiciatis et.'),(21,'Dolor excepturi est ut inventore nesciunt quia asperiores.'),(22,'Nihil aut sequi delectus reprehenderit esse modi distinctio.'),(23,'Bentige ich fr die Aufnahmen meiner Abschlussarbeit.'),(24,'Eligendi sed delectus voluptate facilis qui velit.'),(25,'Exercitationem aut qui quia voluptate aut.'),(26,'Ersatzstativ fr die Ausstellung.'),(27,'Fr das zweite Austellungswochenende.'),(28,'Fr das dritte Austellungswochenende.'),(29,'Fr die Abschlussarbeit.'),(30,'Ersatzstativ fr die Ausstellung.'),(31,'Bestellung mit Software'),(32,'Bestellung mit Gegenstand ohne Ort'),(33,'Um meine Abschlussarbeit zu fotografieren.'),(34,'Et minima aliquid in reprehenderit dolores.'),(35,'Um meine Abschlussarbeit zu fotografieren.'),(36,'Um meine Abschlussarbeit zu fotografieren.'),(37,'Mollitia amet maiores et qui dolorum sit praesentium.'),(38,'Paketausgabe'),(39,'Fr meinen aktuellen Kurs.'),(40,'Ersatzstativ fr die Ausstellung.'),(41,'Um meine Abschlussarbeit zu fotografieren.'),(42,'Fotoshooting (Kurs Fotografie).'),(43,'Brauche ich zwingend fr meinen Kurs.'),(44,'Ganz dringend bentigt fr meine Abschlussarbeit.'),(45,'Als Ersatz.');
/*!40000 ALTER TABLE `purposes` ENABLE KEYS */;
UNLOCK TABLES;

--
-- Table structure for table `schema_migrations`
--

DROP TABLE IF EXISTS `schema_migrations`;
/*!40101 SET @saved_cs_client     = @@character_set_client */;
/*!40101 SET character_set_client = utf8 */;
CREATE TABLE `schema_migrations` (
  `version` varchar(255) COLLATE utf8_unicode_ci NOT NULL,
  UNIQUE KEY `unique_schema_migrations` (`version`)
) ENGINE=InnoDB DEFAULT CHARSET=utf8 COLLATE=utf8_unicode_ci;
/*!40101 SET character_set_client = @saved_cs_client */;

--
-- Dumping data for table `schema_migrations`
--

LOCK TABLES `schema_migrations` WRITE;
/*!40000 ALTER TABLE `schema_migrations` DISABLE KEYS */;
INSERT INTO `schema_migrations` VALUES ('20140410180000'),('20140414100000'),('20140415083535'),('20140417113831'),('20140428092844'),('20140515131025'),('20140812132326'),('20140820100242'),('20140828082448'),('20140901141016'),('20140905091014');
/*!40000 ALTER TABLE `schema_migrations` ENABLE KEYS */;
UNLOCK TABLES;

--
-- Table structure for table `settings`
--

DROP TABLE IF EXISTS `settings`;
/*!40101 SET @saved_cs_client     = @@character_set_client */;
/*!40101 SET character_set_client = utf8 */;
CREATE TABLE `settings` (
  `id` int(11) NOT NULL AUTO_INCREMENT,
  `smtp_address` varchar(255) COLLATE utf8_unicode_ci DEFAULT NULL,
  `smtp_port` int(11) DEFAULT NULL,
  `smtp_domain` varchar(255) COLLATE utf8_unicode_ci DEFAULT NULL,
  `local_currency_string` varchar(255) COLLATE utf8_unicode_ci DEFAULT NULL,
  `contract_terms` text COLLATE utf8_unicode_ci,
  `contract_lending_party_string` text COLLATE utf8_unicode_ci,
  `email_signature` varchar(255) COLLATE utf8_unicode_ci DEFAULT NULL,
  `default_email` varchar(255) COLLATE utf8_unicode_ci DEFAULT NULL,
  `deliver_order_notifications` tinyint(1) DEFAULT NULL,
  `user_image_url` varchar(255) COLLATE utf8_unicode_ci DEFAULT NULL,
  `ldap_config` varchar(255) COLLATE utf8_unicode_ci DEFAULT NULL,
  `logo_url` varchar(255) COLLATE utf8_unicode_ci DEFAULT NULL,
  `mail_delivery_method` varchar(255) COLLATE utf8_unicode_ci DEFAULT NULL,
  `smtp_username` varchar(255) COLLATE utf8_unicode_ci DEFAULT NULL,
  `smtp_password` varchar(255) COLLATE utf8_unicode_ci DEFAULT NULL,
  `smtp_enable_starttls_auto` tinyint(1) NOT NULL DEFAULT '0',
  `smtp_openssl_verify_mode` varchar(255) COLLATE utf8_unicode_ci NOT NULL DEFAULT 'none',
  `time_zone` varchar(255) COLLATE utf8_unicode_ci NOT NULL DEFAULT 'Bern',
  `disable_manage_section` tinyint(1) NOT NULL DEFAULT '0',
  `disable_manage_section_message` text COLLATE utf8_unicode_ci,
  `disable_borrow_section` tinyint(1) NOT NULL DEFAULT '0',
  `disable_borrow_section_message` text COLLATE utf8_unicode_ci,
  `text` text COLLATE utf8_unicode_ci,
  PRIMARY KEY (`id`)
) ENGINE=InnoDB AUTO_INCREMENT=2 DEFAULT CHARSET=utf8 COLLATE=utf8_unicode_ci;
/*!40101 SET character_set_client = @saved_cs_client */;

--
-- Dumping data for table `settings`
--

LOCK TABLES `settings` WRITE;
/*!40000 ALTER TABLE `settings` DISABLE KEYS */;
INSERT INTO `settings` VALUES (1,'smtp.zhdk.ch',25,'beta.ausleihe.zhdk.ch','CHF','Die Benutzerin/der Benutzer ist bei unsachgemsser Handhabung oder Verlust schadenersatzpflichtig. Sie/Er verpflichtet sich, das Material sorgfltig zu behandeln und gereinigt zu retournieren. Bei mangelbehafteter oder verspteter Rckgabe kann eine Ausleihsperre (bis zu 6 Monaten) verhngt werden. Das geliehene Material bleibt jederzeit uneingeschrnktes Eigentum der Zrcher Hochschule der Knste und darf ausschliesslich fr schulische Zwecke eingesetzt werden. Mit ihrer/seiner Unterschrift akzeptiert die Benutzerin/der Benutzer diese Bedingungen sowie die \'Richtlinie zur Ausleihe von Sachen\' der ZHdK und etwaige abteilungsspezifische Ausleih-Richtlinien.','Your\nAddress\nHere','Das PZ-leihs Team','sender@example.com',0,'http://www.zhdk.ch/?person/foto&width=100&compressionlevel=0&id={:id}',NULL,'/assets/image-logo-zhdk.png','test',NULL,NULL,0,'none','Bern',0,NULL,0,NULL,NULL);
/*!40000 ALTER TABLE `settings` ENABLE KEYS */;
UNLOCK TABLES;

--
-- Table structure for table `suppliers`
--

DROP TABLE IF EXISTS `suppliers`;
/*!40101 SET @saved_cs_client     = @@character_set_client */;
/*!40101 SET character_set_client = utf8 */;
CREATE TABLE `suppliers` (
  `id` int(11) NOT NULL AUTO_INCREMENT,
  `name` varchar(255) COLLATE utf8_unicode_ci NOT NULL,
  `created_at` datetime DEFAULT NULL,
  `updated_at` datetime DEFAULT NULL,
  PRIMARY KEY (`id`),
  UNIQUE KEY `index_suppliers_on_name` (`name`)
) ENGINE=InnoDB AUTO_INCREMENT=260 DEFAULT CHARSET=utf8 COLLATE=utf8_unicode_ci;
/*!40101 SET character_set_client = @saved_cs_client */;

--
-- Dumping data for table `suppliers`
--

LOCK TABLES `suppliers` WRITE;
/*!40000 ALTER TABLE `suppliers` DISABLE KEYS */;
INSERT INTO `suppliers` VALUES (1,'consequunturmagnamquiscumque','2015-08-22 19:04:19','2015-08-22 19:04:19'),(2,'enimquaeratullam','2015-08-22 19:04:19','2015-08-22 19:04:19'),(3,'cumquevoluptasiuretempore','2015-08-22 19:04:19','2015-08-22 19:04:19'),(4,'iureculpacommodideseruntanimi','2015-08-22 19:04:19','2015-08-22 19:04:19'),(5,'insitperferendisaccusantiumitaque','2015-08-22 19:04:19','2015-08-22 19:04:19'),(6,'inatqueliberoabsunt','2015-08-22 19:04:19','2015-08-22 19:04:19'),(7,'eiusestquidemdoloret','2015-08-22 19:04:19','2015-08-22 19:04:19'),(8,'similiquehic','2015-08-22 19:04:19','2015-08-22 19:04:19'),(9,'eaquetotam','2015-08-22 19:04:19','2015-08-22 19:04:19'),(10,'etmolestias','2015-08-22 19:04:19','2015-08-22 19:04:19'),(11,'officiisomnisminima','2015-08-22 19:04:19','2015-08-22 19:04:19'),(12,'possimuseaabeumfugit','2015-08-22 19:04:19','2015-08-22 19:04:19'),(13,'nihilvoluptatemhicdeleniti','2015-08-22 19:04:19','2015-08-22 19:04:19'),(14,'quiautemsitet','2015-08-22 19:04:19','2015-08-22 19:04:19'),(15,'quamcumetenimquis','2015-08-22 19:04:19','2015-08-22 19:04:19'),(16,'nesciuntvoluptasut','2015-08-22 19:04:19','2015-08-22 19:04:19'),(17,'dolorumrerumesse','2015-08-22 19:04:19','2015-08-22 19:04:19'),(18,'possimusconsectetur','2015-08-22 19:04:19','2015-08-22 19:04:19'),(19,'autemdoloremoccaecati','2015-08-22 19:04:19','2015-08-22 19:04:19'),(20,'vitaelaboriosamullamtempore','2015-08-22 19:04:19','2015-08-22 19:04:19'),(21,'providentducimus','2015-08-22 19:04:19','2015-08-22 19:04:19'),(22,'dolorumnostrumdoloresvelitsoluta','2015-08-22 19:04:19','2015-08-22 19:04:19'),(23,'eumaliquamnamipsumquaerat','2015-08-22 19:04:19','2015-08-22 19:04:19'),(24,'nullavoluptasmagnamdignissimos','2015-08-22 19:04:19','2015-08-22 19:04:19'),(25,'aliquamperferendisa','2015-08-22 19:04:19','2015-08-22 19:04:19'),(26,'voluptasnisiconsecteturrerumeum','2015-08-22 19:04:19','2015-08-22 19:04:19'),(27,'necessitatibusexplicabo','2015-08-22 19:04:19','2015-08-22 19:04:19'),(28,'magnamquaeratestnullain','2015-08-22 19:04:19','2015-08-22 19:04:19'),(29,'rerummolestiaesintquasi','2015-08-22 19:04:19','2015-08-22 19:04:19'),(30,'autemcorporisadipisci','2015-08-22 19:04:19','2015-08-22 19:04:19'),(31,'voluptatemfugiat','2015-08-22 19:04:19','2015-08-22 19:04:19'),(32,'eosaspernatur','2015-08-22 19:04:19','2015-08-22 19:04:19'),(33,'quisuscipit','2015-08-22 19:04:19','2015-08-22 19:04:19'),(34,'underecusandae','2015-08-22 19:04:19','2015-08-22 19:04:19'),(35,'distinctioautassumendaquasi','2015-08-22 19:04:19','2015-08-22 19:04:19'),(36,'nihilminuseaquetenetur','2015-08-22 19:04:19','2015-08-22 19:04:19'),(37,'sedpraesentiumaccusantium','2015-08-22 19:04:19','2015-08-22 19:04:19'),(38,'optiorerumautquiquas','2015-08-22 19:04:19','2015-08-22 19:04:19'),(39,'veritatislaborummagnamdolor','2015-08-22 19:04:19','2015-08-22 19:04:19'),(40,'accusantiumsitsint','2015-08-22 19:04:19','2015-08-22 19:04:19'),(41,'consequaturrecusandaequibusdamdebitisvoluptatibus','2015-08-22 19:04:19','2015-08-22 19:04:19'),(42,'quiaharumsuntet','2015-08-22 19:04:19','2015-08-22 19:04:19'),(43,'similiqueidipsamsed','2015-08-22 19:04:19','2015-08-22 19:04:19'),(44,'quosperferendisat','2015-08-22 19:04:19','2015-08-22 19:04:19'),(45,'placeatin','2015-08-22 19:04:19','2015-08-22 19:04:19'),(46,'voluptatemratione','2015-08-22 19:04:19','2015-08-22 19:04:19'),(47,'nisisuntquianihilrecusandae','2015-08-22 19:04:19','2015-08-22 19:04:19'),(48,'adsitlibero','2015-08-22 19:04:19','2015-08-22 19:04:19'),(49,'fugitnesciuntvelitundefacilis','2015-08-22 19:04:19','2015-08-22 19:04:19'),(50,'eosiustoverovoluptas','2015-08-22 19:04:19','2015-08-22 19:04:19'),(51,'solutateneturnisiquasesse','2015-08-22 19:04:19','2015-08-22 19:04:19'),(52,'aest','2015-08-22 19:04:19','2015-08-22 19:04:19'),(53,'autconsequaturnostrumrecusandaequi','2015-08-22 19:04:19','2015-08-22 19:04:19'),(54,'perspiciatisautdoloribusfacere','2015-08-22 19:04:19','2015-08-22 19:04:19'),(55,'temporelaudantiumsuscipit','2015-08-22 19:04:19','2015-08-22 19:04:19'),(56,'aliquamveniamvelvelvoluptatem','2015-08-22 19:04:19','2015-08-22 19:04:19'),(57,'accusantiumnisiconsecteturquiporro','2015-08-22 19:04:19','2015-08-22 19:04:19'),(58,'excepturitemporibusquasiquis','2015-08-22 19:04:19','2015-08-22 19:04:19'),(59,'autquasiest','2015-08-22 19:04:19','2015-08-22 19:04:19'),(60,'oditblanditiiserrorfugaeaque','2015-08-22 19:04:19','2015-08-22 19:04:19'),(61,'facilismaiores','2015-08-22 19:04:19','2015-08-22 19:04:19'),(62,'remexcepturi','2015-08-22 19:04:19','2015-08-22 19:04:19'),(63,'perspiciatismodilaboriosamquisquam','2015-08-22 19:04:19','2015-08-22 19:04:19'),(64,'blanditiisilloeumofficiiseligendi','2015-08-22 19:04:19','2015-08-22 19:04:19'),(65,'undeat','2015-08-22 19:04:19','2015-08-22 19:04:19'),(66,'optionumquamfacere','2015-08-22 19:04:19','2015-08-22 19:04:19'),(67,'doloremnemo','2015-08-22 19:04:19','2015-08-22 19:04:19'),(68,'providentdolores','2015-08-22 19:04:19','2015-08-22 19:04:19'),(69,'consequunturiddolorum','2015-08-22 19:04:19','2015-08-22 19:04:19'),(70,'occaecatiquisuscipitat','2015-08-22 19:04:19','2015-08-22 19:04:19'),(71,'officiaexrecusandaesint','2015-08-22 19:04:19','2015-08-22 19:04:19'),(72,'quirerumnihil','2015-08-22 19:04:19','2015-08-22 19:04:19'),(73,'repellatdicta','2015-08-22 19:04:19','2015-08-22 19:04:19'),(74,'ettemporibusnobisidcupiditate','2015-08-22 19:04:19','2015-08-22 19:04:19'),(75,'nequebeataevoluptatem','2015-08-22 19:04:19','2015-08-22 19:04:19'),(76,'ipsaminventoreetsed','2015-08-22 19:04:19','2015-08-22 19:04:19'),(77,'utsitmolestiaetemporeculpa','2015-08-22 19:04:19','2015-08-22 19:04:19'),(78,'culparerumhic','2015-08-22 19:04:19','2015-08-22 19:04:19'),(79,'hicdolorum','2015-08-22 19:04:19','2015-08-22 19:04:19'),(80,'inest','2015-08-22 19:04:19','2015-08-22 19:04:19'),(81,'quiaeos','2015-08-22 19:04:19','2015-08-22 19:04:19'),(82,'corporiset','2015-08-22 19:04:19','2015-08-22 19:04:19'),(83,'doloripsumnullarepudiandaedolores','2015-08-22 19:04:19','2015-08-22 19:04:19'),(84,'voluptatemdelectusessequisdolorum','2015-08-22 19:04:19','2015-08-22 19:04:19'),(85,'facilisimpedit','2015-08-22 19:04:19','2015-08-22 19:04:19'),(86,'repudiandaeeavoluptatumblanditiissit','2015-08-22 19:04:19','2015-08-22 19:04:19'),(87,'voluptatemvoluptateconsequuntur','2015-08-22 19:04:19','2015-08-22 19:04:19'),(88,'possimusdignissimoslaboriosamnihil','2015-08-22 19:04:19','2015-08-22 19:04:19'),(89,'inventorererumnostrumquis','2015-08-22 19:04:19','2015-08-22 19:04:19'),(90,'adipiscivel','2015-08-22 19:04:19','2015-08-22 19:04:19'),(91,'etminusofficiaqui','2015-08-22 19:04:19','2015-08-22 19:04:19'),(92,'enimeteos','2015-08-22 19:04:19','2015-08-22 19:04:19'),(93,'quaeratsed','2015-08-22 19:04:19','2015-08-22 19:04:19'),(94,'sedquiodit','2015-08-22 19:04:19','2015-08-22 19:04:19'),(95,'eaquevoluptatemanimiiure','2015-08-22 19:04:19','2015-08-22 19:04:19'),(96,'maximenobisaliasest','2015-08-22 19:04:19','2015-08-22 19:04:19'),(97,'nemoexpedita','2015-08-22 19:04:19','2015-08-22 19:04:19'),(98,'etnamfugiatquodnulla','2015-08-22 19:04:19','2015-08-22 19:04:19'),(99,'doloribusfaciliserrornumquamperspiciatis','2015-08-22 19:04:19','2015-08-22 19:04:19'),(100,'etexquibusdamimpedit','2015-08-22 19:04:19','2015-08-22 19:04:19'),(101,'voluptatemexcepturiautaut','2015-08-22 19:04:19','2015-08-22 19:04:19'),(102,'dignissimosrem','2015-08-22 19:04:19','2015-08-22 19:04:19'),(103,'nullasint','2015-08-22 19:04:19','2015-08-22 19:04:19'),(104,'reprehenderitquasiillum','2015-08-22 19:04:19','2015-08-22 19:04:19'),(105,'expeditaearum','2015-08-22 19:04:19','2015-08-22 19:04:19'),(106,'minusplaceat','2015-08-22 19:04:19','2015-08-22 19:04:19'),(107,'teneturetratione','2015-08-22 19:04:19','2015-08-22 19:04:19'),(108,'veniameos','2015-08-22 19:04:19','2015-08-22 19:04:19'),(109,'quodquiadignissimosnesciuntaut','2015-08-22 19:04:19','2015-08-22 19:04:19'),(110,'autaut','2015-08-22 19:04:19','2015-08-22 19:04:19'),(111,'autcorporismollitiaquiest','2015-08-22 19:04:19','2015-08-22 19:04:19'),(112,'perferendismagnamvel','2015-08-22 19:04:19','2015-08-22 19:04:19'),(113,'reiciendisveniamhicdoloresdolorem','2015-08-22 19:04:19','2015-08-22 19:04:19'),(114,'autemipsumqui','2015-08-22 19:04:19','2015-08-22 19:04:19'),(115,'quibusdamearum','2015-08-22 19:04:19','2015-08-22 19:04:19'),(116,'etdictanondoloreset','2015-08-22 19:04:19','2015-08-22 19:04:19'),(117,'porroquia','2015-08-22 19:04:19','2015-08-22 19:04:19'),(118,'doloribusnobiscumnon','2015-08-22 19:04:19','2015-08-22 19:04:19'),(119,'eligendibeataequiaofficia','2015-08-22 19:04:19','2015-08-22 19:04:19'),(120,'adipisciveleumenimfacilis','2015-08-22 19:04:19','2015-08-22 19:04:19'),(121,'voluptatemautperferendisut','2015-08-22 19:04:19','2015-08-22 19:04:19'),(122,'eumconsequaturomnis','2015-08-22 19:04:19','2015-08-22 19:04:19'),(123,'nonomnis','2015-08-22 19:04:19','2015-08-22 19:04:19'),(124,'laboriosamodioeumimpedit','2015-08-22 19:04:19','2015-08-22 19:04:19'),(125,'ipsamet','2015-08-22 19:04:19','2015-08-22 19:04:19'),(126,'eumvoluptatemvoluptasasperioresnobis','2015-08-22 19:04:19','2015-08-22 19:04:19'),(127,'aperiamharumconsequaturnumquam','2015-08-22 19:04:19','2015-08-22 19:04:19'),(128,'eaquetemporepraesentiumet','2015-08-22 19:04:19','2015-08-22 19:04:19'),(129,'assumendanoneaiure','2015-08-22 19:04:19','2015-08-22 19:04:19'),(130,'sedtenetur','2015-08-22 19:04:19','2015-08-22 19:04:19'),(131,'debitissedatquerecusandae','2015-08-22 19:04:19','2015-08-22 19:04:19'),(132,'laboriosamperferendisrem','2015-08-22 19:04:19','2015-08-22 19:04:19'),(133,'nullaetsedest','2015-08-22 19:04:19','2015-08-22 19:04:19'),(134,'ettemporaametperferendis','2015-08-22 19:04:19','2015-08-22 19:04:19'),(135,'remdolorumdictamodiadipisci','2015-08-22 19:04:19','2015-08-22 19:04:19'),(136,'omnisquirationeomnis','2015-08-22 19:04:19','2015-08-22 19:04:19'),(137,'suscipitest','2015-08-22 19:04:19','2015-08-22 19:04:19'),(138,'oditconsequatur','2015-08-22 19:04:19','2015-08-22 19:04:19'),(139,'quidolorsedmolestiae','2015-08-22 19:04:19','2015-08-22 19:04:19'),(140,'laborumreprehenderitenimimpedit','2015-08-22 19:04:19','2015-08-22 19:04:19'),(141,'repellendusexpeditasimiliquenesciuntveritatis','2015-08-22 19:04:19','2015-08-22 19:04:19'),(142,'corruptianimi','2015-08-22 19:04:19','2015-08-22 19:04:19'),(143,'beataeoptiodicta','2015-08-22 19:04:19','2015-08-22 19:04:19'),(144,'estnonut','2015-08-22 19:04:19','2015-08-22 19:04:19'),(145,'teneturoditenim','2015-08-22 19:04:19','2015-08-22 19:04:19'),(146,'modiplaceatrecusandaenostrumeos','2015-08-22 19:04:19','2015-08-22 19:04:19'),(147,'eadoloremquequopossimusducimus','2015-08-22 19:04:19','2015-08-22 19:04:19'),(148,'evenietnisi','2015-08-22 19:04:19','2015-08-22 19:04:19'),(149,'natusipsamveletsimilique','2015-08-22 19:04:19','2015-08-22 19:04:19'),(150,'natusmolestiasestconsecteturdolorum','2015-08-22 19:04:19','2015-08-22 19:04:19'),(151,'etnobispariaturquiaincidunt','2015-08-22 19:04:19','2015-08-22 19:04:19'),(152,'consequaturaliquidodit','2015-08-22 19:04:19','2015-08-22 19:04:19'),(153,'estasperioresminuseum','2015-08-16 23:51:02','2015-08-16 23:51:02'),(154,'uteum','2015-08-16 23:51:02','2015-08-16 23:51:02'),(155,'etet','2015-08-16 23:51:02','2015-08-16 23:51:02'),(156,'sapientenulla','2015-08-16 23:51:02','2015-08-16 23:51:02'),(157,'similiquedoloremquequidem','2015-08-16 23:51:02','2015-08-16 23:51:02'),(158,'eteosomnis','2015-08-16 23:51:02','2015-08-16 23:51:02'),(159,'estetcorrupti','2015-08-16 23:51:02','2015-08-16 23:51:02'),(160,'voluptaseligendi','2015-08-16 23:51:02','2015-08-16 23:51:02'),(161,'corruptiamet','2015-08-16 23:51:02','2015-08-16 23:51:02'),(162,'atestnequequidem','2015-08-16 23:51:02','2015-08-16 23:51:02'),(163,'aliquamquo','2015-08-16 23:51:02','2015-08-16 23:51:02'),(164,'animiquod','2015-08-16 23:51:02','2015-08-16 23:51:02'),(165,'delenitiadipiscinihilest','2015-08-16 23:51:02','2015-08-16 23:51:02'),(166,'nequeutid','2015-08-16 23:51:02','2015-08-16 23:51:02'),(167,'suntsuntprovident','2015-08-16 23:51:03','2015-08-16 23:51:03'),(168,'perferendisipsumrerumconsecteturdeleniti','2015-08-16 23:51:03','2015-08-16 23:51:03'),(169,'dolorblanditiisquia','2015-08-16 23:51:03','2015-08-16 23:51:03'),(170,'sedfugased','2015-08-16 23:51:03','2015-08-16 23:51:03'),(171,'temporaquodconsectetur','2015-08-16 23:51:03','2015-08-16 23:51:03'),(172,'maioresadipisci','2015-08-16 23:51:03','2015-08-16 23:51:03'),(173,'estdolorem','2015-08-15 19:41:12','2015-08-15 19:41:12'),(174,'quototamet','2015-08-15 19:41:12','2015-08-15 19:41:12'),(175,'quosnonsedrepudiandae','2015-08-15 19:41:12','2015-08-15 19:41:12'),(176,'distinctioinciduntidexplicabo','2015-08-20 06:20:20','2015-08-20 06:20:20'),(177,'utveritatiseaest','2015-08-20 06:20:20','2015-08-20 06:20:20'),(178,'aliquidquasi','2015-08-20 06:20:20','2015-08-20 06:20:20'),(179,'corrupticumaperiamnostrum','2015-08-20 06:20:20','2015-08-20 06:20:20'),(180,'quiacumquia','2015-08-20 06:20:20','2015-08-20 06:20:20'),(181,'nisifugitnostrum','2015-08-20 06:20:20','2015-08-20 06:20:20'),(182,'doloremoptioculpa','2015-08-20 06:20:20','2015-08-20 06:20:20'),(183,'utvitaeiste','2015-08-22 19:04:19','2015-08-22 19:04:19'),(184,'nonreprehenderitdolor','2015-08-22 19:04:19','2015-08-22 19:04:19'),(185,'sitinminimapraesentium','2015-08-22 19:04:19','2015-08-22 19:04:19'),(186,'doloremquesed','2015-08-22 19:04:19','2015-08-22 19:04:19'),(187,'autvoluptatem','2015-08-22 19:04:19','2015-08-22 19:04:19'),(188,'ametdictaestautem','2015-08-22 19:04:19','2015-08-22 19:04:19'),(189,'autquidemdebitisimpeditquis','2015-08-22 19:04:19','2015-08-22 19:04:19'),(190,'quiaetcorporisid','2015-08-22 19:04:19','2015-08-22 19:04:19'),(191,'expeditaseddoloresquibusdam','2015-08-22 19:04:19','2015-08-22 19:04:19'),(192,'ullamlaboreearumexercitationem','2015-08-22 19:04:19','2015-08-22 19:04:19'),(193,'temporeconsequuntur','2015-08-22 19:04:19','2015-08-22 19:04:19'),(194,'etdoloribusblanditiisharumquis','2015-08-22 19:04:19','2015-08-22 19:04:19'),(195,'maioresfugiatassumendaoptioa','2015-08-22 19:04:19','2015-08-22 19:04:19'),(196,'voluptateaccusamuscumqueconsequaturarchitecto','2015-08-22 19:04:19','2015-08-22 19:04:19'),(197,'illolaudantiumetautet','2015-08-22 19:04:19','2015-08-22 19:04:19'),(198,'consequunturea','2015-08-22 19:04:19','2015-08-22 19:04:19'),(199,'quamullampraesentiumquodexercitationem','2015-08-22 19:04:19','2015-08-22 19:04:19'),(200,'eaetdolores','2015-08-22 19:04:19','2015-08-22 19:04:19'),(201,'sedofficia','2015-08-22 19:04:19','2015-08-22 19:04:19'),(202,'expeditamaioresexplicaboutnostrum','2015-08-22 19:04:19','2015-08-22 19:04:19'),(203,'autarchitectoexpeditaquo','2015-08-17 00:00:00','2015-08-17 00:00:00'),(204,'quisquia','2015-08-17 00:00:00','2015-08-17 00:00:00'),(205,'explicaboutdoloremquesit','2015-08-17 00:00:00','2015-08-17 00:00:00'),(206,'iustovelnonquam','2015-08-22 19:04:19','2015-08-22 19:04:19'),(207,'quivelevenietnihil','2015-08-22 19:04:19','2015-08-22 19:04:19'),(208,'aquicommodicorporislaudantium','2015-08-22 19:04:19','2015-08-22 19:04:19'),(209,'voluptatemdeserunt','2015-08-22 19:04:19','2015-08-22 19:04:19'),(210,'reprehenderitdolorumdolor','2015-08-22 19:04:19','2015-08-22 19:04:19'),(211,'quivoluptates','2015-08-22 19:04:19','2015-08-22 19:04:19'),(212,'etrepellat','2015-08-22 19:04:19','2015-08-22 19:04:19'),(213,'utreprehenderitculpafacilislibero','2015-08-22 19:04:19','2015-08-22 19:04:19'),(214,'suntvelitquidemsitodit','2015-08-22 19:04:19','2015-08-22 19:04:19'),(215,'minimarepellendus','2015-08-22 19:04:19','2015-08-22 19:04:19'),(216,'dolorempariatur','2015-08-22 19:04:19','2015-08-22 19:04:19'),(217,'etmagnam','2015-08-22 19:04:19','2015-08-22 19:04:19'),(218,'doloribussuntnobisabeaque','2015-08-22 19:04:19','2015-08-22 19:04:19'),(219,'nobisdistinctiovoluptasestasperiores','2015-08-22 19:04:19','2015-08-22 19:04:19'),(220,'atessetotam','2015-08-22 19:04:19','2015-08-22 19:04:19'),(221,'quasiarchitectovoluptasveniamquod','2015-08-17 00:00:00','2015-08-17 00:00:00'),(222,'quiaeummolestiaeinventore','2015-08-17 00:00:00','2015-08-17 00:00:00'),(223,'etlaboreestofficiisquam','2015-08-17 00:00:00','2015-08-17 00:00:00'),(224,'temporecupiditatenonsuscipitvero','2015-08-17 00:00:00','2015-08-17 00:00:00'),(225,'etlaboriosametnihilrerum','2015-08-22 19:04:19','2015-08-22 19:04:19'),(226,'sitquasnon','2015-08-22 19:04:19','2015-08-22 19:04:19'),(227,'aliquamquitotam','2015-08-22 19:04:19','2015-08-22 19:04:19'),(228,'suscipitutteneturetquisquam','2015-08-22 19:04:19','2015-08-22 19:04:19'),(229,'nonquibusdamundelaudantiumexcepturi','2015-08-22 19:04:19','2015-08-22 19:04:19'),(230,'voluptatumeosofficiisdebitis','2015-08-22 19:04:19','2015-08-22 19:04:19'),(231,'mollitialaborumexcepturianimi','2015-08-22 19:04:19','2015-08-22 19:04:19'),(232,'utdolores','2015-08-22 19:04:19','2015-08-22 19:04:19'),(233,'similiqueidqui','2015-08-22 19:04:19','2015-08-22 19:04:19'),(234,'molestiaefacerererumisteut','2015-08-22 19:04:19','2015-08-22 19:04:19'),(235,'deleniticorporisillumblanditiisut','2015-08-22 19:04:19','2015-08-22 19:04:19'),(236,'inetdebitisqui','2015-08-22 19:04:19','2015-08-22 19:04:19'),(237,'delectusquivoluptascupiditate','2015-08-22 19:04:19','2015-08-22 19:04:19'),(238,'reiciendisdistinctioenimidvelit','2015-08-22 19:04:19','2015-08-22 19:04:19'),(239,'molestiaeet','2015-08-22 19:04:19','2015-08-22 19:04:19'),(240,'molestiasquaeid','2015-08-22 19:04:19','2015-08-22 19:04:19'),(241,'etquiaaperiamiusto','2015-08-22 19:04:19','2015-08-22 19:04:19'),(242,'commodiquilaboriosamcorruptinon','2015-08-22 19:04:19','2015-08-22 19:04:19'),(243,'cumdoloresdoloremtemporibusreiciendis','2015-08-22 19:04:19','2015-08-22 19:04:19'),(244,'harumautquiomnis','2015-08-22 19:04:19','2015-08-22 19:04:19'),(245,'doloremqueitaque','2015-08-22 19:04:19','2015-08-22 19:04:19'),(246,'quidemmagnamimpedit','2015-08-22 19:04:19','2015-08-22 19:04:19'),(247,'aspernaturetrepellatnisivoluptatibus','2015-08-22 19:04:19','2015-08-22 19:04:19'),(248,'autetutnulla','2015-08-22 19:04:19','2015-08-22 19:04:19'),(249,'dolorumquodquosconsecteturqui','2015-08-22 19:04:19','2015-08-22 19:04:19'),(250,'atquevel','2015-08-22 19:04:19','2015-08-22 19:04:19'),(251,'voluptassolutacumodio','2015-08-22 19:04:19','2015-08-22 19:04:19'),(252,'quivitaesintsed','2015-08-22 19:04:19','2015-08-22 19:04:19'),(253,'cumqueenimlaboriosam','2015-08-22 19:04:19','2015-08-22 19:04:19'),(254,'assumendaharumprovident','2015-08-22 19:04:19','2015-08-22 19:04:19'),(255,'velaillumdolorem','2015-08-22 19:04:19','2015-08-22 19:04:19'),(256,'quoeumvelitplaceatiure','2015-08-22 19:04:19','2015-08-22 19:04:19'),(257,'autemdictaquasaliquid','2015-08-22 19:04:19','2015-08-22 19:04:19'),(258,'ducimussapientequiatempore','2015-08-22 19:04:19','2015-08-22 19:04:19'),(259,'porrorepellatrerumvoluptas','2015-08-22 19:04:19','2015-08-22 19:04:19');
/*!40000 ALTER TABLE `suppliers` ENABLE KEYS */;
UNLOCK TABLES;

--
-- Table structure for table `users`
--

DROP TABLE IF EXISTS `users`;
/*!40101 SET @saved_cs_client     = @@character_set_client */;
/*!40101 SET character_set_client = utf8 */;
CREATE TABLE `users` (
  `id` int(11) NOT NULL AUTO_INCREMENT,
  `login` varchar(255) COLLATE utf8_unicode_ci DEFAULT NULL,
  `firstname` varchar(255) COLLATE utf8_unicode_ci DEFAULT NULL,
  `lastname` varchar(255) COLLATE utf8_unicode_ci DEFAULT NULL,
  `phone` varchar(255) COLLATE utf8_unicode_ci DEFAULT NULL,
  `authentication_system_id` int(11) DEFAULT '1',
  `unique_id` varchar(255) COLLATE utf8_unicode_ci DEFAULT NULL,
  `email` varchar(255) COLLATE utf8_unicode_ci DEFAULT NULL,
  `badge_id` varchar(255) COLLATE utf8_unicode_ci DEFAULT NULL,
  `address` varchar(255) COLLATE utf8_unicode_ci DEFAULT NULL,
  `city` varchar(255) COLLATE utf8_unicode_ci DEFAULT NULL,
  `zip` varchar(255) COLLATE utf8_unicode_ci DEFAULT NULL,
  `country` varchar(255) COLLATE utf8_unicode_ci DEFAULT NULL,
  `language_id` int(11) DEFAULT NULL,
  `extended_info` text COLLATE utf8_unicode_ci,
  `settings` varchar(1024) COLLATE utf8_unicode_ci DEFAULT NULL,
  `created_at` datetime DEFAULT NULL,
  `updated_at` datetime DEFAULT NULL,
  `delegator_user_id` int(11) DEFAULT NULL,
  PRIMARY KEY (`id`),
  KEY `index_users_on_authentication_system_id` (`authentication_system_id`)
) ENGINE=InnoDB AUTO_INCREMENT=37 DEFAULT CHARSET=utf8 COLLATE=utf8_unicode_ci;
/*!40101 SET character_set_client = @saved_cs_client */;

--
-- Dumping data for table `users`
--

LOCK TABLES `users` WRITE;
/*!40000 ALTER TABLE `users` DISABLE KEYS */;
INSERT INTO `users` VALUES (1,'ramon','Ramon','C.','02907274924',1,'0e1zqebb9yp66ypzzp','ramon@zhdk.ch','eq20x08co4pk4ofy5g','22588 Laverne Forge','Elfriedaview','L-AF3 7JA','Lithuania',2,NULL,'--- !ruby/hash:ActiveSupport::HashWithIndifferentAccess {}\n','2015-08-22 19:04:19','2015-08-22 19:04:19',NULL),(2,'olaf_5469','Blake','Oberbrunner','05538498222',1,'sp6uhuhv2mqca5kwi6','loraine_koepp@kub.co.uk','fwy87udga9mvomfb6j','5534 Bartoletti Center','Samsonborough','C-UF8 4BL','Cook Islands',1,NULL,'--- !ruby/hash:ActiveSupport::HashWithIndifferentAccess {}\n','2015-08-22 19:04:19','2015-08-22 19:04:19',NULL),(3,'alyon.hills_4654','Melvin','Kutch','05614527190',1,'xwao3xkhtfoo65lu6o','estel_anderson@jacobskemmer.co.uk','uw625pfov1zu8qko8g','949 Chase Summit','Lake Melyssa','F-WX1 1JB','Faroe Islands',1,NULL,'--- !ruby/hash:ActiveSupport::HashWithIndifferentAccess {}\n','2015-08-22 19:04:19','2015-08-22 19:04:19',NULL),(4,'brandt_9301','Rita','Gleason','0800656004',1,'2x16ocrr0j7dxz48wy','chanel_gutmann@feil.info','j9v6l8nk5p1i7sf0s2','1264 Hintz Common','Bonitaberg','N-Y0 7LG','Niger',1,NULL,'--- !ruby/hash:ActiveSupport::HashWithIndifferentAccess {}\n','2015-08-22 19:04:19','2015-08-22 19:04:19',NULL),(5,'tania_paucek_3950','Octavia','Kerluke','01401893024',1,'uxq5b3xo63vu9n30a0','esmeralda@sanford.co.uk','j6a5lge49w9taav6u6','206 Adella Trafficway','Cleveport','K-BR6B 2PN','Kuwait',1,NULL,'--- !ruby/hash:ActiveSupport::HashWithIndifferentAccess {}\n','2015-08-22 19:04:19','2015-08-22 19:04:19',NULL),(6,'clint_altenwerth_5828','Reba','Stroman','0500659159',1,'hd7h54sdmagx2tnhbi','mae_ohara@swaniawski.info','grz0urxpjazhfx7cfu','749 Roel Glen','East Drewchester','G-U3 6FH','Guinea-Bissau',1,NULL,'--- !ruby/hash:ActiveSupport::HashWithIndifferentAccess {}\n','2015-08-22 19:04:19','2015-08-22 19:04:19',NULL),(7,'rey.littel_6443','Napoleon','Christiansen','0800581408',1,'2asibtdhuw84vx0cc9','annamarie@goyette.com','5ex0xby3yh9v62xk6h','83974 Broderick Village','Leannonview','P-WY6V 8LA','Panama',1,NULL,'--- !ruby/hash:ActiveSupport::HashWithIndifferentAccess {}\n','2015-08-22 19:04:19','2015-08-22 19:04:19',NULL),(8,'matti','Matti','S.','01659905997',1,'33dy36g3zqo9anb34m','matti@zhdk.ch','yx5pzzb5eqsknf5oqq','8492 Hickle Estate','Connstad','I-W0H 7LO','Italy',2,NULL,'--- !ruby/hash:ActiveSupport::HashWithIndifferentAccess {}\n','2015-08-22 19:04:19','2015-08-22 19:04:19',NULL),(9,'mike','Mike','H.','08262630395',1,'pcmzwvxd1vpbnfk3w5','mike@zhdk.ch','9u57lwzjurlv9tmhoa','184 Bogisich Port','East Maritzaview','G-ZG2 2WA','Grenada',2,NULL,'--- !ruby/hash:ActiveSupport::HashWithIndifferentAccess {}\n','2015-08-22 19:04:19','2015-08-22 19:04:19',NULL),(10,'andi','Andi','Waelchi','0185909102',1,'bd6qha4j9y7yew4jjz','andi@zhdk.ch','b6jwhgd8ftdjmt77pm','2863 Hegmann Estates','Mayertstad','L-U2 6GE','Lesotho',2,NULL,'--- !ruby/hash:ActiveSupport::HashWithIndifferentAccess {}\n','2015-08-22 19:04:19','2015-08-22 19:04:19',NULL),(11,'grover_1420','Amaya','Berge','09726867981',1,'w7a0xowiunpiajk8da','bennie@labadiecorkery.biz','w11ssldectjyju0yj5','356 Margarette Summit','Lake Aiden','N-W0 7OA','Netherlands Antilles',2,NULL,'--- !ruby/hash:ActiveSupport::HashWithIndifferentAccess {}\n','2015-08-22 19:04:19','2015-08-22 19:04:19',NULL),(12,'adella.bahringer_3928','Julian','Heller','01618710734',1,'iug02kexsz70qylo7p','wilhelm@quigley.name','f4g295kxn3lq41fpc2','907 Goldner Forest','North Royalhaven','Z-S4 7BL','Zambia',1,NULL,'--- !ruby/hash:ActiveSupport::HashWithIndifferentAccess {}\n','2015-08-22 19:04:19','2015-08-22 19:04:19',NULL),(13,'marcia_ziemann_906','Ashton','Gottlieb','05536656376',1,'2bdknygx6sbuvivpke','delores@gleichnertromp.com','3v0zhb14p5ypt91nrz','6345 Lockman Lake','McCulloughberg','Z-MS8 4XA','Zambia',1,NULL,'--- !ruby/hash:ActiveSupport::HashWithIndifferentAccess {}\n','2015-08-22 19:04:19','2015-08-22 19:04:19',NULL),(14,'oswald_178','Mollie','Zboncak','0114535841',1,'iir89ste2jodysd10v','jevon@mohrwelch.info','gppahb0eabhh2oo5l9','66332 O\'Connell Cliffs','Wilbertfurt','G-W8N 7JU','Georgia',1,NULL,'--- !ruby/hash:ActiveSupport::HashWithIndifferentAccess {}\n','2015-08-22 19:04:19','2015-08-22 19:04:19',NULL),(15,'narciso.steuber_1083','Amira','Murazik','01241319409',1,'kxzdjwjpc5e9b9f2jn','tristian_crist@schoen.info','s6szxdmwcpw7z70adx','896 Stevie Freeway','East Raeton','K-W2Y 0AU','Kazakhstan',1,NULL,'--- !ruby/hash:ActiveSupport::HashWithIndifferentAccess {}\n','2015-08-22 19:04:19','2015-08-22 19:04:19',NULL),(16,'rylee_5876','Rocky','Klein','03726760383',1,'9ilbh569k61hze7rjl','roberta@batz.info','8ptfujzk4eyuxw0xk9','678 Corine Motorway','West Pietro','C-YG0E 1LE','Cook Islands',1,NULL,'--- !ruby/hash:ActiveSupport::HashWithIndifferentAccess {}\n','2015-08-22 19:04:19','2015-08-22 19:04:19',NULL),(17,'gino','Gino','F.','05578657628',1,'reiocy0svw501ye340','gino@zhdk.ch','y7gvfcv4o6smlogwiw','57888 Hulda Island','Paulaton','C-YF5 5AS','China',2,NULL,'--- !ruby/hash:ActiveSupport::HashWithIndifferentAccess {}\n','2015-08-22 19:04:19','2015-08-22 19:04:19',NULL),(18,'pius','Pius','Fahey','0111099267',1,'yw57ncsxym62vci8ic','pius@zhdk.ch','vlomt0nh6kfckn8i35','77818 Sasha Meadows','East Bertmouth','M-YV2 6EQ','Mauritania',2,NULL,'--- !ruby/hash:ActiveSupport::HashWithIndifferentAccess {}\n','2015-08-22 19:04:19','2015-08-22 19:04:19',NULL),(19,'peter','Peter','Silie','0500843287',1,'5y9oyn23ic6rlwvynh','peter@silie.com','6dmm8osonpqoecf4pv','1555 Deckow Inlet','East Conner','L-P5P 2WD','Latvia',2,NULL,'--- !ruby/hash:ActiveSupport::HashWithIndifferentAccess {}\n','2015-08-22 19:04:19','2015-08-22 19:04:19',NULL),(20,'king_9004','Lonnie','Corkery','09853107820',1,'psm7325wlwf61q4bq6','damien_sanford@simonisziemann.com','3zixolq9zuo5zx47nf','488 Vernice Expressway','Lake Nicola','I-Z5E 0ZB','Iran',1,NULL,'--- !ruby/hash:ActiveSupport::HashWithIndifferentAccess {}\n','2015-08-22 19:04:19','2015-08-22 19:04:19',NULL),(21,'ellie.abshire_4726','Miracle','Braun','08003107749',1,'8cdoxmqk5rut1r9e6y','erick@fay.com','5tis8ry6ninvdbnwy0','7463 Estel Overpass','West Veronaburgh','B-S6 4YA','Benin',1,NULL,'--- !ruby/hash:ActiveSupport::HashWithIndifferentAccess {}\n','2015-08-22 19:04:19','2015-08-22 19:04:19',NULL),(22,'jackeline.bailey_1956','Akeem','Stoltenberg','05657842143',1,'agh927c3f9enjufw9h','rasheed@wehner.name','pne9h2589t5mqs5pjq','962 Gerlach Brook','Jaquanmouth','P-O6X 8DG','Peru',1,NULL,'--- !ruby/hash:ActiveSupport::HashWithIndifferentAccess {}\n','2015-08-22 19:04:19','2015-08-22 19:04:19',NULL),(23,'joanny_5205','Constance','O\'Conner','01511925831',1,'a457yikzqs91uvora7','stevie_ritchie@powlowski.co.uk','tasnigyv6jcad0mo3s','75421 Karson Meadows','Jackelineland','B-L2 2NJ','British Indian Ocean Territory (Chagos Archipelago)',1,NULL,'--- !ruby/hash:ActiveSupport::HashWithIndifferentAccess {}\n','2015-08-22 19:04:19','2015-08-22 19:04:19',NULL),(24,'idell_5656','Cristopher','Conn','0133169402',1,'7qx5kwzfoe52yr8ged','sanford.larson@block.com','x1y62d9ieccp6igonu','44871 Wisoky Groves','Krajcikland','U-W6 0XB','Uganda',1,NULL,'--- !ruby/hash:ActiveSupport::HashWithIndifferentAccess {}\n','2015-08-17 00:00:00','2015-08-17 00:00:00',NULL),(25,'ashlynn_weimann_4197','Craig','Rippin','0169778451',1,'72fds8z9bf2wi6gxa5','brendon@mcglynnpacocha.co.uk','i9wbacmpchevhwpbs7','825 Sydnee Mount','Aylinport','I-Y1E 9BJ','Iceland',1,NULL,'--- !ruby/hash:ActiveSupport::HashWithIndifferentAccess {}\n','2015-08-17 00:00:00','2015-08-17 00:00:00',NULL),(26,'barney_ebert_7925','Vernon','Muller','05679047064',1,'ixk2nhd4axllrjxqwe','arielle_pacocha@welch.com','b28cvat4xp2aahhgu8','81323 Justina Flats','Murphybury','C-N7 6BB','Christmas Island',1,NULL,'--- !ruby/hash:ActiveSupport::HashWithIndifferentAccess {}\n','2015-08-22 19:04:19','2015-08-22 19:04:19',NULL),(27,'lesley_reichel_6071','Marcelino','Kozey','01177641341',1,'4g7bkkhfo4ozbz3d4j','wilmer.jakubowski@murray.co.uk','5hptqor6m6z78n7q4s','47814 Bernice Club','Gilberthaven','P-Z1 0ZY','Peru',1,NULL,'--- !ruby/hash:ActiveSupport::HashWithIndifferentAccess {}\n','2015-08-22 19:04:19','2015-08-22 19:04:19',NULL),(28,'mina','Mina','Auer','01657926393',1,'gaair4ddxn1v6x35hy','mina@zhdk.ch','kxw3vuy45gcvlnvno2','710 Pascale Heights','North Louberg','E-WU5R 1JY','Egypt',1,NULL,'--- !ruby/hash:ActiveSupport::HashWithIndifferentAccess {}\n','2015-08-22 19:04:19','2015-08-22 19:04:19',NULL),(29,'julie','Julie','Lowe','09391897426',1,'6if5efq0sloodnlvsu','julie@zhdk.ch','n5o84aw00l80ovns9p','264 Eusebio Drives','Arvidview','B-TE4B 2AL','Bahamas',1,NULL,'--- !ruby/hash:ActiveSupport::HashWithIndifferentAccess {}\n','2015-08-22 19:04:19','2015-08-22 19:04:19',NULL),(30,NULL,'Cumque autem perferendis et doloribus impedit et ut blanditiis.',NULL,NULL,NULL,NULL,NULL,NULL,NULL,NULL,NULL,NULL,1,NULL,'--- !ruby/hash:ActiveSupport::HashWithIndifferentAccess {}\n','2015-08-22 19:04:19','2015-08-22 19:04:19',29),(31,NULL,'Sequi culpa quisquam ea debitis quod qui.',NULL,NULL,NULL,NULL,NULL,NULL,NULL,NULL,NULL,NULL,1,NULL,'--- !ruby/hash:ActiveSupport::HashWithIndifferentAccess {}\n','2015-08-22 19:04:19','2015-08-22 19:04:19',28),(32,NULL,'Soluta dolorum eligendi sit reiciendis ea quo.',NULL,NULL,NULL,NULL,NULL,NULL,NULL,NULL,NULL,NULL,1,NULL,'--- !ruby/hash:ActiveSupport::HashWithIndifferentAccess {}\n','2015-08-22 19:04:19','2015-08-22 19:04:19',28),(33,NULL,'Voluptas et illum praesentium velit.',NULL,NULL,NULL,NULL,NULL,NULL,NULL,NULL,NULL,NULL,1,NULL,'--- !ruby/hash:ActiveSupport::HashWithIndifferentAccess {}\n','2015-08-22 19:04:19','2015-08-22 19:04:19',28),(34,'normin','Normin','N.','01415790233',1,'3wqyex9760e2luy9yh','normin@zhdk.ch','6y5h7kz026pyoyjdbb','770 Blick Rapid','Rhodamouth','D-Y3P 8BB','Dominica',2,NULL,'--- !ruby/hash:ActiveSupport::HashWithIndifferentAccess {}\n','2015-08-22 19:04:19','2015-08-22 19:04:19',NULL),(35,'petra','Petra','K.','0169773492',1,'4lssy48b5fm2bk4lsn','petra@zhdk.ch','g3foy92egnl50kxo3w','1567 Emily Green, ','Victoriaburgh','U-WB0N 1AJ','Uzbekistan',2,NULL,'--- !ruby/hash:ActiveSupport::HashWithIndifferentAccess {}\n','2015-08-22 19:04:19','2015-08-22 19:04:19',NULL),(36,'lisa','Lisa','L.','0169771707',1,'0yx8sdcpebfwkv97w3','lisa@zhdk.ch','f0pslzirn292vvmyoy','39940 Wuckert Mission','New Pasquale','T-YV3M 7LZ','Trinidad and Tobago',2,NULL,'--- !ruby/hash:ActiveSupport::HashWithIndifferentAccess {}\n','2015-08-22 19:04:19','2015-08-22 19:04:19',NULL);
/*!40000 ALTER TABLE `users` ENABLE KEYS */;
UNLOCK TABLES;

--
-- Temporary table structure for view `visit_lines`
--

DROP TABLE IF EXISTS `visit_lines`;
/*!50001 DROP VIEW IF EXISTS `visit_lines`*/;
SET @saved_cs_client     = @@character_set_client;
SET character_set_client = utf8;
/*!50001 CREATE TABLE `visit_lines` (
  `visit_id` varchar(148),
  `inventory_pool_id` int(11),
  `user_id` int(11),
  `delegated_user_id` int(11),
  `status` enum('unsubmitted','submitted','rejected','approved','signed','closed'),
  `action` varchar(9),
  `date` date,
  `quantity` int(11),
  `contract_line_id` int(11)
) ENGINE=MyISAM */;
SET character_set_client = @saved_cs_client;

--
-- Temporary table structure for view `visits`
--

DROP TABLE IF EXISTS `visits`;
/*!50001 DROP VIEW IF EXISTS `visits`*/;
SET @saved_cs_client     = @@character_set_client;
SET character_set_client = utf8;
/*!50001 CREATE TABLE `visits` (
  `id` varchar(148),
  `inventory_pool_id` int(11),
  `user_id` int(11),
  `status` enum('unsubmitted','submitted','rejected','approved','signed','closed'),
  `action` varchar(9),
  `date` date,
  `quantity` decimal(32,0)
) ENGINE=MyISAM */;
SET character_set_client = @saved_cs_client;

--
-- Table structure for table `workdays`
--

DROP TABLE IF EXISTS `workdays`;
/*!40101 SET @saved_cs_client     = @@character_set_client */;
/*!40101 SET character_set_client = utf8 */;
CREATE TABLE `workdays` (
  `id` int(11) NOT NULL AUTO_INCREMENT,
  `inventory_pool_id` int(11) DEFAULT NULL,
  `monday` tinyint(1) DEFAULT '1',
  `tuesday` tinyint(1) DEFAULT '1',
  `wednesday` tinyint(1) DEFAULT '1',
  `thursday` tinyint(1) DEFAULT '1',
  `friday` tinyint(1) DEFAULT '1',
  `saturday` tinyint(1) DEFAULT '0',
  `sunday` tinyint(1) DEFAULT '0',
  PRIMARY KEY (`id`),
  KEY `index_workdays_on_inventory_pool_id` (`inventory_pool_id`)
) ENGINE=InnoDB AUTO_INCREMENT=14 DEFAULT CHARSET=utf8 COLLATE=utf8_unicode_ci;
/*!40101 SET character_set_client = @saved_cs_client */;

--
-- Dumping data for table `workdays`
--

LOCK TABLES `workdays` WRITE;
/*!40000 ALTER TABLE `workdays` DISABLE KEYS */;
INSERT INTO `workdays` VALUES (1,1,1,1,1,1,1,0,0),(2,2,1,1,1,1,1,0,0),(3,3,1,1,1,1,1,0,0),(4,4,1,1,1,1,1,0,0),(5,5,1,1,1,1,1,0,0),(6,6,1,1,1,1,1,0,0),(7,7,1,1,1,1,1,0,0),(8,8,1,1,1,1,1,0,0),(9,9,1,1,1,1,1,0,0),(10,10,1,1,1,1,1,0,0),(11,11,1,1,1,1,1,0,0),(12,12,1,1,1,1,1,0,0),(13,13,1,1,1,1,1,0,0);
/*!40000 ALTER TABLE `workdays` ENABLE KEYS */;
UNLOCK TABLES;

--
-- Final view structure for view `partitions_with_generals`
--

/*!50001 DROP TABLE IF EXISTS `partitions_with_generals`*/;
/*!50001 DROP VIEW IF EXISTS `partitions_with_generals`*/;
/*!50001 SET @saved_cs_client          = @@character_set_client */;
/*!50001 SET @saved_cs_results         = @@character_set_results */;
/*!50001 SET @saved_col_connection     = @@collation_connection */;
/*!50001 SET character_set_client      = utf8 */;
/*!50001 SET character_set_results     = utf8 */;
/*!50001 SET collation_connection      = utf8_general_ci */;
/*!50001 CREATE ALGORITHM=UNDEFINED */
/*!50001 VIEW `partitions_with_generals` AS select `partitions`.`model_id` AS `model_id`,`partitions`.`inventory_pool_id` AS `inventory_pool_id`,`partitions`.`group_id` AS `group_id`,`partitions`.`quantity` AS `quantity` from `partitions` union select `i`.`model_id` AS `model_id`,`i`.`inventory_pool_id` AS `inventory_pool_id`,NULL AS `group_id`,(count(`i`.`id`) - ifnull((select sum(`p`.`quantity`) from `partitions` `p` where ((`p`.`model_id` = `i`.`model_id`) and (`p`.`inventory_pool_id` = `i`.`inventory_pool_id`)) group by `p`.`inventory_pool_id`,`p`.`model_id`),0)) AS `quantity` from `items` `i` where (isnull(`i`.`retired`) and (`i`.`is_borrowable` = 1) and isnull(`i`.`parent_id`)) group by `i`.`inventory_pool_id`,`i`.`model_id` */;
/*!50001 SET character_set_client      = @saved_cs_client */;
/*!50001 SET character_set_results     = @saved_cs_results */;
/*!50001 SET collation_connection      = @saved_col_connection */;

--
-- Final view structure for view `visit_lines`
--

/*!50001 DROP TABLE IF EXISTS `visit_lines`*/;
/*!50001 DROP VIEW IF EXISTS `visit_lines`*/;
/*!50001 SET @saved_cs_client          = @@character_set_client */;
/*!50001 SET @saved_cs_results         = @@character_set_results */;
/*!50001 SET @saved_col_connection     = @@collation_connection */;
/*!50001 SET character_set_client      = utf8 */;
/*!50001 SET character_set_results     = utf8 */;
/*!50001 SET collation_connection      = utf8_general_ci */;
/*!50001 CREATE ALGORITHM=UNDEFINED */
/*!50001 VIEW `visit_lines` AS select hex(concat_ws('_',if((`c`.`status` = 'approved'),`cl`.`start_date`,`cl`.`end_date`),`c`.`inventory_pool_id`,`c`.`user_id`,`c`.`status`)) AS `visit_id`,`c`.`inventory_pool_id` AS `inventory_pool_id`,`c`.`user_id` AS `user_id`,`c`.`delegated_user_id` AS `delegated_user_id`,`c`.`status` AS `status`,if((`c`.`status` = 'approved'),'hand_over','take_back') AS `action`,if((`c`.`status` = 'approved'),`cl`.`start_date`,`cl`.`end_date`) AS `date`,`cl`.`quantity` AS `quantity`,`cl`.`id` AS `contract_line_id` from (`contract_lines` `cl` join `contracts` `c` on((`cl`.`contract_id` = `c`.`id`))) where ((`c`.`status` in ('approved','signed')) and isnull(`cl`.`returned_date`)) order by if((`c`.`status` = 'approved'),`cl`.`start_date`,`cl`.`end_date`) */;
/*!50001 SET character_set_client      = @saved_cs_client */;
/*!50001 SET character_set_results     = @saved_cs_results */;
/*!50001 SET collation_connection      = @saved_col_connection */;

--
-- Final view structure for view `visits`
--

/*!50001 DROP TABLE IF EXISTS `visits`*/;
/*!50001 DROP VIEW IF EXISTS `visits`*/;
/*!50001 SET @saved_cs_client          = @@character_set_client */;
/*!50001 SET @saved_cs_results         = @@character_set_results */;
/*!50001 SET @saved_col_connection     = @@collation_connection */;
/*!50001 SET character_set_client      = utf8 */;
/*!50001 SET character_set_results     = utf8 */;
/*!50001 SET collation_connection      = utf8_general_ci */;
/*!50001 CREATE ALGORITHM=UNDEFINED */
/*!50001 VIEW `visits` AS select hex(concat_ws('_',`visit_lines`.`date`,`visit_lines`.`inventory_pool_id`,`visit_lines`.`user_id`,`visit_lines`.`status`)) AS `id`,`visit_lines`.`inventory_pool_id` AS `inventory_pool_id`,`visit_lines`.`user_id` AS `user_id`,`visit_lines`.`status` AS `status`,`visit_lines`.`action` AS `action`,`visit_lines`.`date` AS `date`,sum(`visit_lines`.`quantity`) AS `quantity` from `visit_lines` group by `visit_lines`.`user_id`,`visit_lines`.`status`,`visit_lines`.`date`,`visit_lines`.`inventory_pool_id` */;
/*!50001 SET character_set_client      = @saved_cs_client */;
/*!50001 SET character_set_results     = @saved_cs_results */;
/*!50001 SET collation_connection      = @saved_col_connection */;
/*!40103 SET TIME_ZONE=@OLD_TIME_ZONE */;

/*!40101 SET SQL_MODE=@OLD_SQL_MODE */;
/*!40014 SET FOREIGN_KEY_CHECKS=@OLD_FOREIGN_KEY_CHECKS */;
/*!40014 SET UNIQUE_CHECKS=@OLD_UNIQUE_CHECKS */;
/*!40101 SET CHARACTER_SET_CLIENT=@OLD_CHARACTER_SET_CLIENT */;
/*!40101 SET CHARACTER_SET_RESULTS=@OLD_CHARACTER_SET_RESULTS */;
/*!40101 SET COLLATION_CONNECTION=@OLD_COLLATION_CONNECTION */;
/*!40111 SET SQL_NOTES=@OLD_SQL_NOTES */;

-- Dump completed on 2014-09-10 16:26:18
COMMIT;
