SET autocommit=0; SET unique_checks=0; SET foreign_key_checks=0;
-- MySQL dump 10.13  Distrib 5.1.48, for apple-darwin10.3.0 (i386)
--
-- Host: localhost    Database: leihs2_test
-- ------------------------------------------------------
-- Server version	5.1.48

/*!40101 SET @OLD_CHARACTER_SET_CLIENT=@@CHARACTER_SET_CLIENT */;
/*!40101 SET @OLD_CHARACTER_SET_RESULTS=@@CHARACTER_SET_RESULTS */;
/*!40101 SET @OLD_COLLATION_CONNECTION=@@COLLATION_CONNECTION */;
/*!40101 SET NAMES utf8 */;
/*!40103 SET @OLD_TIME_ZONE=@@TIME_ZONE */;
/*!40103 SET TIME_ZONE='+00:00' */;
/*!40014 SET @OLD_UNIQUE_CHECKS=@@UNIQUE_CHECKS, UNIQUE_CHECKS=0 */;
/*!40014 SET @OLD_FOREIGN_KEY_CHECKS=@@FOREIGN_KEY_CHECKS, FOREIGN_KEY_CHECKS=0 */;
/*!40101 SET @OLD_SQL_MODE=@@SQL_MODE, SQL_MODE='NO_AUTO_VALUE_ON_ZERO' */;
/*!40111 SET @OLD_SQL_NOTES=@@SQL_NOTES, SQL_NOTES=0 */;

--
-- Table structure for table `access_rights`
--

DROP TABLE IF EXISTS `access_rights`;
/*!40101 SET @saved_cs_client     = @@character_set_client */;
/*!40101 SET character_set_client = utf8 */;
CREATE TABLE `access_rights` (
  `id` int(11) NOT NULL AUTO_INCREMENT,
  `user_id` int(11) DEFAULT NULL,
  `inventory_pool_id` int(11) DEFAULT NULL,
  `suspended_until` date DEFAULT NULL,
  `suspended_reason` text COLLATE utf8_unicode_ci,
  `deleted_at` date DEFAULT NULL,
  `created_at` datetime DEFAULT NULL,
  `updated_at` datetime DEFAULT NULL,
  `role` enum('customer','group_manager','lending_manager','inventory_manager','admin') COLLATE utf8_unicode_ci NOT NULL,
  PRIMARY KEY (`id`),
  KEY `index_access_rights_on_suspended_until` (`suspended_until`),
  KEY `index_access_rights_on_deleted_at` (`deleted_at`),
  KEY `index_access_rights_on_inventory_pool_id` (`inventory_pool_id`),
  KEY `index_access_rights_on_role` (`role`),
  KEY `index_on_user_id_and_inventory_pool_id_and_deleted_at` (`user_id`,`inventory_pool_id`,`deleted_at`),
  CONSTRAINT `access_rights_user_id_fk` FOREIGN KEY (`user_id`) REFERENCES `users` (`id`),
  CONSTRAINT `access_rights_inventory_pool_id_fk` FOREIGN KEY (`inventory_pool_id`) REFERENCES `inventory_pools` (`id`) ON DELETE CASCADE
) ENGINE=InnoDB AUTO_INCREMENT=41 DEFAULT CHARSET=utf8 COLLATE=utf8_unicode_ci;
/*!40101 SET character_set_client = @saved_cs_client */;

--
-- Dumping data for table `access_rights`
--

LOCK TABLES `access_rights` WRITE;
/*!40000 ALTER TABLE `access_rights` DISABLE KEYS */;
INSERT INTO `access_rights` VALUES (1,1,NULL,NULL,NULL,NULL,'2012-09-29 16:22:59','2012-09-29 16:22:59','admin'),(2,3,3,NULL,NULL,NULL,'2012-09-29 16:22:59','2012-09-29 16:22:59','customer'),(3,4,1,NULL,NULL,NULL,'2012-09-29 16:22:59','2012-09-29 16:22:59','lending_manager'),(4,5,5,NULL,NULL,NULL,'2012-09-29 16:22:59','2012-09-29 16:22:59','customer'),(5,6,12,NULL,NULL,NULL,'2012-09-29 16:22:59','2012-09-29 16:22:59','customer'),(6,7,1,NULL,NULL,'2012-09-29','2012-09-29 16:22:59','2012-09-29 16:22:59','customer'),(7,1,1,NULL,NULL,NULL,'2012-09-29 16:22:59','2012-09-29 16:22:59','customer'),(8,8,2,NULL,NULL,NULL,'2012-09-29 16:22:59','2012-09-29 16:22:59','inventory_manager'),(9,9,1,NULL,NULL,NULL,'2012-09-29 16:22:59','2012-09-29 16:22:59','inventory_manager'),(10,9,12,NULL,NULL,NULL,'2012-09-29 16:22:59','2012-09-29 16:22:59','inventory_manager'),(11,10,1,NULL,NULL,NULL,'2012-09-29 16:22:59','2012-09-29 16:22:59','group_manager'),(12,10,2,NULL,NULL,NULL,'2012-09-29 16:22:59','2012-09-29 16:22:59','group_manager'),(13,10,3,NULL,NULL,NULL,'2012-09-29 16:22:59','2012-09-29 16:22:59','group_manager'),(14,11,1,NULL,NULL,NULL,'2012-09-29 16:22:59','2012-09-29 16:22:59','group_manager'),(15,12,1,NULL,NULL,NULL,'2012-09-29 16:22:59','2012-09-29 16:22:59','customer'),(16,13,1,'2012-09-29','suspreason',NULL,'2012-09-29 16:22:59','2012-09-29 16:22:59','customer'),(17,14,1,NULL,NULL,NULL,'2012-09-29 16:22:59','2012-09-29 16:22:59','customer'),(18,15,1,NULL,NULL,NULL,'2012-09-29 16:22:59','2012-09-29 16:22:59','customer'),(19,16,1,NULL,NULL,NULL,'2012-09-29 16:22:59','2012-09-29 16:22:59','customer'),(20,17,NULL,NULL,NULL,NULL,'2012-09-29 16:22:59','2012-09-29 16:22:59','admin'),(21,18,1,NULL,NULL,NULL,'2012-09-29 16:22:59','2012-09-29 16:22:59','lending_manager'),(22,18,2,NULL,NULL,NULL,'2012-09-29 16:22:59','2012-09-29 16:22:59','lending_manager'),(23,19,1,NULL,NULL,NULL,'2012-09-29 16:22:59','2012-09-29 16:22:59','customer'),(24,20,1,NULL,NULL,NULL,'2012-09-29 16:22:59','2012-09-29 16:22:59','customer'),(25,21,1,NULL,NULL,NULL,'2012-09-29 16:22:59','2012-09-29 16:22:59','customer'),(26,22,1,NULL,NULL,NULL,'2012-09-29 16:22:59','2012-09-29 16:22:59','customer'),(27,23,1,NULL,NULL,NULL,'2012-09-29 16:22:59','2012-09-29 16:22:59','customer'),(28,24,2,'2012-09-25','Et facere voluptate aliquam mollitia officiis quam.',NULL,'2012-09-24 00:00:00','2012-09-24 00:00:00','customer'),(29,28,1,NULL,NULL,NULL,'2012-09-29 16:22:59','2012-09-29 16:22:59','customer'),(30,29,1,NULL,NULL,NULL,'2012-09-29 16:22:59','2012-09-29 16:22:59','customer'),(31,30,1,NULL,NULL,NULL,'2012-09-29 16:22:59','2012-09-29 16:22:59','customer'),(32,31,1,NULL,NULL,NULL,'2012-09-29 16:22:59','2012-09-29 16:22:59','customer'),(33,33,1,NULL,NULL,NULL,'2012-09-29 16:22:59','2012-09-29 16:22:59','customer'),(34,33,13,NULL,NULL,NULL,'2012-09-29 16:22:59','2012-09-29 16:22:59','customer'),(35,34,1,NULL,NULL,NULL,'2012-09-29 16:22:59','2012-09-29 16:22:59','customer'),(36,34,2,NULL,NULL,NULL,'2012-09-29 16:22:59','2012-09-29 16:22:59','customer'),(37,34,3,NULL,NULL,NULL,'2012-09-29 16:22:59','2012-09-29 16:22:59','customer'),(38,34,13,NULL,NULL,'2012-09-28','2012-09-29 16:22:59','2012-09-29 16:22:59','customer'),(39,35,1,NULL,NULL,NULL,'2012-09-29 16:22:59','2012-09-29 16:22:59','customer'),(40,36,1,NULL,NULL,NULL,'2012-09-29 16:22:59','2012-09-29 16:22:59','customer');
/*!40000 ALTER TABLE `access_rights` ENABLE KEYS */;
UNLOCK TABLES;

--
-- Table structure for table `accessories`
--

DROP TABLE IF EXISTS `accessories`;
/*!40101 SET @saved_cs_client     = @@character_set_client */;
/*!40101 SET character_set_client = utf8 */;
CREATE TABLE `accessories` (
  `id` int(11) NOT NULL AUTO_INCREMENT,
  `model_id` int(11) DEFAULT NULL,
  `name` varchar(255) COLLATE utf8_unicode_ci DEFAULT NULL,
  `quantity` int(11) DEFAULT NULL,
  PRIMARY KEY (`id`),
  KEY `index_accessories_on_model_id` (`model_id`),
  CONSTRAINT `accessories_model_id_fk` FOREIGN KEY (`model_id`) REFERENCES `models` (`id`) ON DELETE CASCADE
) ENGINE=InnoDB AUTO_INCREMENT=441 DEFAULT CHARSET=utf8 COLLATE=utf8_unicode_ci;
/*!40101 SET character_set_client = @saved_cs_client */;

--
-- Dumping data for table `accessories`
--

LOCK TABLES `accessories` WRITE;
/*!40000 ALTER TABLE `accessories` DISABLE KEYS */;
INSERT INTO `accessories` VALUES (1,1,'Miss Viva Mohr',NULL),(2,2,'Sanford Walker',NULL),(3,2,'Miss Thad Crona',NULL),(4,2,'Jackeline Brekke',NULL),(5,2,'Miss Jazmin Cartwright',NULL),(6,2,'Colleen Weissnat',NULL),(7,3,'Zackary Runte DDS',NULL),(8,3,'Gaetano Swaniawski IV',NULL),(9,3,'Lucius Schaden',NULL),(10,4,'Jonathan Hegmann',NULL),(11,4,'Lexie DuBuque',NULL),(12,4,'Carlotta Towne I',NULL),(13,4,'Casimer Goodwin MD',NULL),(14,5,'Sidney Pfeffer I',NULL),(15,5,'Abner Rodriguez',NULL),(16,5,'Houston Krajcik',NULL),(17,6,'Kian Murphy',NULL),(18,6,'Lempi Rau',NULL),(19,6,'Damian Boehm',NULL),(20,7,'Devonte Larkin',NULL),(21,8,'Tyrese Yundt',NULL),(22,8,'Tamia Ankunding',NULL),(23,9,'Dorthy Kihn',NULL),(24,9,'Leora Torphy',NULL),(25,9,'Winston Bashirian',NULL),(26,9,'Gunnar Mann',NULL),(27,10,'Lambert Wolf',NULL),(28,10,'Mckenzie Gutkowski',NULL),(29,10,'Mr. Hattie Pagac',NULL),(30,11,'River Feil',NULL),(31,11,'Savanah Schaden',NULL),(32,12,'Saul Ferry',NULL),(33,12,'Layla Schuster',NULL),(34,13,'Jamir Veum',NULL),(35,13,'Meghan Hegmann',NULL),(36,13,'Libby Lindgren',NULL),(37,14,'Eliza Lowe',NULL),(38,14,'Desmond Hessel',NULL),(39,14,'Anissa Crooks',NULL),(40,14,'Jennyfer Runolfsdottir',NULL),(41,15,'Geraldine Abernathy',NULL),(42,15,'Manuel Pagac',NULL),(43,16,'Mr. Alexandra Kertzmann',NULL),(44,17,'Kody Nikolaus',NULL),(45,17,'Kirstin Gorczany',NULL),(46,18,'Daniela McDermott DDS',NULL),(47,18,'Dayana Hills II',NULL),(48,19,'Rashawn Roob',NULL),(49,19,'Elijah Hickle',NULL),(50,19,'Fausto Parker',NULL),(51,19,'Rosetta Swaniawski',NULL),(52,20,'Merritt Stark',NULL),(53,20,'Adrain Pagac',NULL),(54,20,'Evans Goodwin',NULL),(55,20,'Maribel Schultz',NULL),(56,20,'Darrell Sanford',NULL),(57,21,'Olen Champlin',NULL),(58,22,'Hassie Sawayn',NULL),(59,23,'Ezequiel Funk',NULL),(60,23,'Mrs. Ima Lowe',NULL),(61,23,'Delphia Roob',NULL),(62,23,'Bobby Donnelly',NULL),(63,24,'Daryl Prohaska',NULL),(64,24,'Walter Schroeder',NULL),(65,24,'Lina Donnelly',NULL),(66,25,'Mateo Ortiz',NULL),(67,25,'Cary Hudson',NULL),(68,25,'Murphy Ratke',NULL),(69,25,'Susanna Reinger',NULL),(70,26,'Mallory Emard',NULL),(71,26,'Phyllis Tromp PhD',NULL),(72,26,'Mr. Elisa Cassin',NULL),(73,27,'Rosie Bahringer',NULL),(74,27,'Dr. Dorothea Koelpin',NULL),(75,28,'Greta Homenick IV',NULL),(76,28,'Bennie Daniel',NULL),(77,28,'Kim Weissnat',NULL),(78,28,'Mrs. Jarrod Purdy',NULL),(79,28,'Jaron Nolan MD',NULL),(80,29,'Jedediah Beatty Jr.',NULL),(81,29,'Roselyn White',NULL),(82,29,'Angus Maggio',NULL),(83,30,'Arlo Leuschke',NULL),(84,31,'Maxime Kuvalis III',NULL),(85,31,'Ted Goldner',NULL),(86,31,'Otto Medhurst',NULL),(87,31,'Lula Skiles',NULL),(88,32,'Hershel Bode',NULL),(89,33,'Arnoldo Terry',NULL),(90,33,'Niko O\'Conner',NULL),(91,33,'Edison Luettgen',NULL),(92,33,'Cordia Bartell',NULL),(93,34,'Marilou Koelpin',NULL),(94,35,'Melvina Schaden',NULL),(95,35,'Anthony Rippin',NULL),(96,35,'Dr. Mallory Kirlin',NULL),(97,35,'Mable Schmeler',NULL),(98,35,'Jonathan Stokes I',NULL),(99,36,'Lilla Welch',NULL),(100,36,'Shanna Stracke',NULL),(101,36,'Meaghan Stiedemann II',NULL),(102,36,'Carlie Grimes',NULL),(103,37,'Ezequiel Strosin',NULL),(104,37,'Miss Marian Hane',NULL),(105,37,'Talia Bartell',NULL),(106,37,'Graham Simonis DVM',NULL),(107,37,'Miss Estel Considine',NULL),(108,38,'Cleta Boyer',NULL),(109,38,'Gerry Crooks',NULL),(110,38,'Destinee Towne',NULL),(111,39,'Melissa Satterfield',NULL),(112,39,'Jeanne Harris',NULL),(113,39,'Dr. Jaylen Funk',NULL),(114,40,'Hillard Hagenes',NULL),(115,40,'Myrtis Terry',NULL),(116,40,'Leif Kilback',NULL),(117,41,'Dr. Maximillia Erdman',NULL),(118,41,'Mossie Medhurst',NULL),(119,41,'Connie Bartoletti',NULL),(120,42,'Adrain Fadel',NULL),(121,42,'Ericka Zulauf',NULL),(122,42,'Daryl Hagenes',NULL),(123,42,'Juliana Jones',NULL),(124,42,'Maya Pacocha',NULL),(125,43,'Lee Schuster',NULL),(126,43,'Mr. Roy Cole',NULL),(127,43,'Pauline Gottlieb',NULL),(128,43,'Mrs. Fredrick Homenick',NULL),(129,43,'Evan Corwin',NULL),(130,44,'Justus Howe DVM',NULL),(131,44,'Maryjane Lindgren',NULL),(132,44,'Tony Hammes',NULL),(133,44,'Jarrell Shields I',NULL),(134,44,'Demarco Towne',NULL),(135,45,'Mireya Torp',NULL),(136,45,'Robin Hudson Sr.',NULL),(137,45,'Beryl DuBuque',NULL),(138,45,'Clotilde Hessel',NULL),(139,46,'Moses Rosenbaum',NULL),(140,46,'Amos Jacobs',NULL),(141,46,'Hosea O\'Hara',NULL),(142,47,'Magdalen Bruen',NULL),(143,47,'Esther Smith',NULL),(144,47,'Nestor Harber',NULL),(145,47,'Mrs. Antwan Kerluke',NULL),(146,47,'Hal Greenholt',NULL),(147,48,'Miss Spencer Hackett',NULL),(148,49,'Lilly Kris',NULL),(149,49,'Johanna Treutel',NULL),(150,50,'Damian Boyle Jr.',NULL),(151,50,'Nathan Nienow',NULL),(152,51,'Rupert Stark',NULL),(153,51,'Arlie Bogan',NULL),(154,51,'Trystan Olson',NULL),(155,51,'Jedediah Donnelly',NULL),(156,52,'Ms. Gerson Paucek',NULL),(157,53,'Miss Gay Konopelski',NULL),(158,53,'Ervin Muller III',NULL),(159,54,'Noemie Thompson',NULL),(160,55,'Vivien Effertz',NULL),(161,56,'Kaylah Reichert',NULL),(162,56,'Irwin Stracke I',NULL),(163,57,'Ms. Shanelle Weissnat',NULL),(164,57,'Maye Lebsack',NULL),(165,57,'Dr. Glen Weimann',NULL),(166,57,'Isidro Harvey',NULL),(167,57,'Terrell Cummings',NULL),(168,58,'Dr. Clemmie Prohaska',NULL),(169,58,'Haleigh Ortiz',NULL),(170,58,'Miss Camren Mante',NULL),(171,58,'Dr. Brooklyn Spencer',NULL),(172,59,'Torrance Torphy',NULL),(173,60,'Ernestina Kuhn',NULL),(174,60,'Ms. Sheridan Cremin',NULL),(175,61,'Ashlynn Welch',NULL),(176,61,'Mr. Andreane Ritchie',NULL),(177,62,'Demario Cruickshank',NULL),(178,62,'Reba Lockman',NULL),(179,62,'Franco Kessler',NULL),(180,62,'Ruthie Brekke',NULL),(181,63,'Valentin Borer IV',NULL),(182,63,'Archibald Connelly III',NULL),(183,63,'Miss Lessie Glover',NULL),(184,63,'Cameron Stracke',NULL),(185,63,'Mark Halvorson',NULL),(186,64,'Elza Lubowitz MD',NULL),(187,65,'Dr. Gust Veum',NULL),(188,65,'Fritz Kuhlman',NULL),(189,65,'Roscoe Barrows',NULL),(190,65,'Telly Zieme',NULL),(191,66,'Carlos Bins',NULL),(192,66,'Dr. Deonte Osinski',NULL),(193,66,'Judy Fay',NULL),(194,67,'Mr. Ervin Botsford',NULL),(195,67,'Jabari Jakubowski',NULL),(196,68,'Miss Flossie Ankunding',NULL),(197,69,'Rhianna Jacobi',NULL),(198,69,'Rosetta Torp',NULL),(199,70,'Aryanna Bartell',NULL),(200,70,'Mathias Lowe',NULL),(201,71,'Beatrice Bernier',NULL),(202,71,'Lindsey Osinski',NULL),(203,71,'Dr. Merritt Kertzmann',NULL),(204,71,'Ms. Kirk Quigley',NULL),(205,72,'Emerald Huel',NULL),(206,73,'Anissa Frami',NULL),(207,73,'Juvenal Conn',NULL),(208,73,'Zella Zemlak III',NULL),(209,73,'Dr. Katharina Hoeger',NULL),(210,73,'Marguerite Bins DDS',NULL),(211,74,'Rosemarie O\'Keefe',NULL),(212,74,'Mrs. Rey Stoltenberg',NULL),(213,74,'Dr. Isai Ortiz',NULL),(214,75,'Isac Emard',NULL),(215,75,'Dina Feest',NULL),(216,75,'Miss Lottie Beahan',NULL),(217,76,'Erik Kreiger',NULL),(218,76,'Miss Karine Jaskolski',NULL),(219,76,'Mortimer Kozey',NULL),(220,77,'Mireya Kunze',NULL),(221,78,'Payton Marks Jr.',NULL),(222,78,'Kasandra Wehner',NULL),(223,78,'Opal Shanahan',NULL),(224,78,'Earnest Treutel',NULL),(225,78,'Monserrate Johnson Sr.',NULL),(226,79,'Roberto Koch',NULL),(227,79,'Dr. Melba Carter',NULL),(228,79,'Mrs. Fleta Wolff',NULL),(229,80,'Rahul Trantow',NULL),(230,80,'Mr. Katharina Hodkiewicz',NULL),(231,80,'Mr. Fabian Mann',NULL),(232,81,'Lilian Crist',NULL),(233,82,'Shemar Kutch DDS',NULL),(234,82,'Forrest O\'Conner',NULL),(235,82,'Mr. Isidro Hermiston',NULL),(236,82,'Vivien Yundt',NULL),(237,83,'Isobel McCullough',NULL),(238,84,'Muhammad Labadie',NULL),(239,85,'Aryanna Kuphal',NULL),(240,86,'Ashton Nienow',NULL),(241,86,'Gaston Stanton',NULL),(242,86,'Mckayla Medhurst',NULL),(243,86,'Dr. Paula Conroy',NULL),(244,87,'Ignacio Considine',NULL),(245,87,'Alanna Witting',NULL),(246,87,'Johann Schuppe',NULL),(247,87,'Alisha Hegmann Sr.',NULL),(248,88,'Emilia Armstrong DVM',NULL),(249,89,'Antone Kuvalis',NULL),(250,89,'Destini Bechtelar',NULL),(251,89,'Hobart Funk',NULL),(252,89,'Edwina Lockman',NULL),(253,90,'Alexandria MacGyver',NULL),(254,90,'Brayan Eichmann',NULL),(255,91,'Eldora Raynor',NULL),(256,92,'Alanis Kessler DVM',NULL),(257,93,'Mrs. Grover Kassulke',NULL),(258,93,'Guillermo Eichmann',NULL),(259,94,'Eino Bashirian',NULL),(260,94,'Evans Haag',NULL),(261,94,'Johnny Maggio',NULL),(262,94,'Anderson Corwin',NULL),(263,94,'Ebba Emmerich',NULL),(264,95,'Eve Price',NULL),(265,95,'Colton Wyman',NULL),(266,95,'Jeramy Stokes',NULL),(267,96,'Brandy Runolfsdottir',NULL),(268,96,'River Bogisich',NULL),(269,96,'Percival Hand',NULL),(270,96,'Alberta Friesen',NULL),(271,96,'Gilberto Lowe',NULL),(272,97,'Mrs. Quinn Kulas',NULL),(273,97,'Icie Kohler',NULL),(274,98,'Manuel Dietrich',NULL),(275,98,'River Wolf',NULL),(276,98,'Vesta Kshlerin',NULL),(277,98,'Miss Olga Pollich',NULL),(278,99,'Trenton Kovacek',NULL),(279,99,'Dr. Pinkie Reynolds',NULL),(280,99,'Delfina Daniel',NULL),(281,99,'Mae Zemlak',NULL),(282,99,'Miss Brent Schiller',NULL),(283,100,'June MacGyver IV',NULL),(284,101,'Burley Hintz',NULL),(285,101,'Tyrell Legros',NULL),(286,102,'Nigel Huels',NULL),(287,102,'Shyanne Mante',NULL),(288,103,'Enola Kris',NULL),(289,103,'Frederik Wunsch',NULL),(290,103,'Clarabelle Veum V',NULL),(291,103,'Meagan Weissnat',NULL),(292,103,'Sandrine Cremin',NULL),(293,104,'Jettie Schuster MD',NULL),(294,104,'Russell Kuhn',NULL),(295,104,'Herbert Torp',NULL),(296,105,'Gunnar Cronin',NULL),(297,105,'Lynn Bode III',NULL),(298,105,'Benny Cummings',NULL),(299,105,'Mrs. Odie Thiel',NULL),(300,105,'Garrison Krajcik',NULL),(301,106,'Fletcher Mosciski',NULL),(302,106,'Mr. Ramona Zulauf',NULL),(303,106,'Liliana Koelpin Sr.',NULL),(304,106,'Daphne Borer',NULL),(305,107,'Constance Ebert',NULL),(306,107,'Katelin Kuvalis',NULL),(307,107,'Felton Murazik',NULL),(308,107,'Marc Paucek',NULL),(309,108,'Luna Thompson',NULL),(310,108,'Schuyler Denesik DDS',NULL),(311,109,'Antonio Erdman',NULL),(312,109,'Imogene O\'Connell',NULL),(313,109,'Annabelle Bogisich DDS',NULL),(314,109,'Art Schaden',NULL),(315,110,'Felicita Nolan',NULL),(316,110,'Akeem Mills',NULL),(317,111,'Kayley Koch',NULL),(318,111,'Anissa Corkery',NULL),(319,111,'Zoey Rowe',NULL),(320,111,'Laverne MacGyver',NULL),(321,111,'Edyth O\'Keefe',NULL),(322,112,'Brandy Bosco',NULL),(323,112,'Alexandro Erdman',NULL),(324,112,'Jana Friesen II',NULL),(325,112,'Percy Gaylord II',NULL),(326,113,'Ransom Haag',NULL),(327,113,'Ms. Willard Zemlak',NULL),(328,113,'Rubye Kassulke',NULL),(329,113,'Miss Raquel Rosenbaum',NULL),(330,114,'Lennie Gorczany',NULL),(331,114,'Lorna Prosacco',NULL),(332,115,'Priscilla Ferry',NULL),(333,115,'Cecil Weissnat',NULL),(334,115,'Pierce Padberg Jr.',NULL),(335,116,'Cydney Romaguera DDS',NULL),(336,116,'Bernadette Witting',NULL),(337,116,'Miss Rhianna Waters',NULL),(338,116,'Garrison Grant',NULL),(339,117,'Josiah Parisian',NULL),(340,117,'Carissa Jacobson',NULL),(341,117,'Coleman Larson',NULL),(342,118,'Marcel Heller',NULL),(343,118,'Leonard Schneider',NULL),(344,118,'Shirley Bins',NULL),(345,119,'Lesly Bins',NULL),(346,119,'Mr. Marquis Krajcik',NULL),(347,119,'Dr. Cathryn Leannon',NULL),(348,119,'Margarette Hintz',NULL),(349,119,'Dr. Clementine Kozey',NULL),(350,120,'Mable Wilkinson',NULL),(351,120,'Mary Stracke',NULL),(352,121,'Dena Gerhold',NULL),(353,122,'Rory Rippin DDS',NULL),(354,122,'Cedrick MacGyver',NULL),(355,122,'Edna Douglas',NULL),(356,123,'Stone Emard III',NULL),(357,124,'Bette Dietrich',NULL),(358,125,'Miss Colten Cronin',NULL),(359,125,'Miss Carleton Kunze',NULL),(360,125,'Cristobal Johnston',NULL),(361,125,'Elbert Marks PhD',NULL),(362,126,'Reanna Block',NULL),(363,126,'Ms. Rhett Barrows',NULL),(364,127,'Griffin Cremin I',NULL),(365,128,'Murl Lesch',NULL),(366,128,'Mrs. Candido Collins',NULL),(367,129,'Mrs. Robb Schowalter',NULL),(368,129,'Molly Renner',NULL),(369,130,'Mr. Ignacio Turcotte',NULL),(370,130,'Garfield Schroeder DDS',NULL),(371,130,'Garland Goodwin',NULL),(372,130,'Onie Carter',NULL),(373,130,'Veda Huel MD',NULL),(374,131,'Marquise Windler',NULL),(375,131,'Diamond Little',NULL),(376,132,'Walter Welch',NULL),(377,133,'Werner Abernathy',NULL),(378,134,'Randall Zboncak V',NULL),(379,134,'Hank Rippin',NULL),(380,135,'Brice Hand IV',NULL),(381,135,'Alexandra Marvin',NULL),(382,135,'Mr. Forest Okuneva',NULL),(383,135,'Marilou Dicki',NULL),(384,135,'Mr. Junior Zulauf',NULL),(385,136,'Pierre Fritsch',NULL),(386,137,'Elliot Connelly',NULL),(387,137,'Joany Grimes',NULL),(388,137,'Dr. Rebecca Hartmann',NULL),(389,137,'Dr. Terrance Davis',NULL),(390,137,'Josefina Shields',NULL),(391,138,'Mohammad Zboncak',NULL),(392,138,'Monte Sipes',NULL),(393,139,'Sherman Batz',NULL),(394,139,'Jimmie Boehm',NULL),(395,139,'Melody Pacocha Sr.',NULL),(396,139,'Veda Yost',NULL),(397,140,'Mr. Branson Pfeffer',NULL),(398,140,'Marietta Weissnat',NULL),(399,140,'Eden Purdy',NULL),(400,140,'Adolf Reinger',NULL),(401,140,'Icie Lind DDS',NULL),(402,141,'Dallas Dickens',NULL),(403,141,'Tianna Heaney',NULL),(404,141,'Otilia Moen',NULL),(405,142,'Kennedi Anderson IV',NULL),(406,142,'Queen Kuphal',NULL),(407,142,'Marina Beahan',NULL),(408,143,'Jayne Gerlach V',NULL),(409,143,'Roxanne Yost',NULL),(410,143,'Narciso Corkery',NULL),(411,143,'Garfield Rau',NULL),(412,144,'Mrs. Eryn Gaylord',NULL),(413,144,'Immanuel DuBuque III',NULL),(414,144,'Reymundo Kohler',NULL),(415,144,'Belle Lowe',NULL),(416,144,'Jace Yost',NULL),(417,145,'Walton Barton',NULL),(418,145,'Meta Ankunding',NULL),(419,146,'Francisca Romaguera DVM',NULL),(420,146,'Corrine Hessel',NULL),(421,146,'Kaleigh Parker',NULL),(422,146,'Candido Medhurst',NULL),(423,146,'Olga Hettinger',NULL),(424,147,'Bobbie Olson',NULL),(425,147,'Braxton Huel',NULL),(426,147,'Meghan Brakus MD',NULL),(427,147,'Tyler Funk',NULL),(428,147,'Miss Joaquin Lebsack',NULL),(429,148,'Carmelo Blick I',NULL),(430,149,'Chet Schamberger',NULL),(431,149,'Steve Runte',NULL),(432,149,'Miss Frida Ryan',NULL),(433,149,'Warren Blick DVM',NULL),(434,149,'Ms. Germaine Kirlin',NULL),(435,150,'Carley Hahn',NULL),(436,150,'Cicero Abbott',NULL),(437,150,'Lexi Price',NULL),(438,150,'Olin Trantow II',NULL),(439,151,'Everette Beatty MD',NULL),(440,151,'Carey Kuhlman',NULL);
/*!40000 ALTER TABLE `accessories` ENABLE KEYS */;
UNLOCK TABLES;

--
-- Table structure for table `accessories_inventory_pools`
--

DROP TABLE IF EXISTS `accessories_inventory_pools`;
/*!40101 SET @saved_cs_client     = @@character_set_client */;
/*!40101 SET character_set_client = utf8 */;
CREATE TABLE `accessories_inventory_pools` (
  `accessory_id` int(11) DEFAULT NULL,
  `inventory_pool_id` int(11) DEFAULT NULL,
  UNIQUE KEY `index_accessories_inventory_pools` (`accessory_id`,`inventory_pool_id`),
  KEY `index_accessories_inventory_pools_on_inventory_pool_id` (`inventory_pool_id`),
  CONSTRAINT `accessories_inventory_pools_inventory_pool_id_fk` FOREIGN KEY (`inventory_pool_id`) REFERENCES `inventory_pools` (`id`),
  CONSTRAINT `accessories_inventory_pools_accessory_id_fk` FOREIGN KEY (`accessory_id`) REFERENCES `accessories` (`id`)
) ENGINE=InnoDB DEFAULT CHARSET=utf8 COLLATE=utf8_unicode_ci;
/*!40101 SET character_set_client = @saved_cs_client */;

--
-- Dumping data for table `accessories_inventory_pools`
--

LOCK TABLES `accessories_inventory_pools` WRITE;
/*!40000 ALTER TABLE `accessories_inventory_pools` DISABLE KEYS */;
INSERT INTO `accessories_inventory_pools` VALUES (5,1),(7,1),(9,1),(10,1),(11,1),(13,1),(15,1),(16,1),(18,1),(19,1),(21,1),(22,1),(27,1),(29,1),(31,1),(32,1),(35,1),(36,1),(40,1),(44,1),(54,1),(56,1),(57,1),(60,1),(62,1),(66,1),(69,1),(71,1),(72,1),(75,1),(76,1),(77,1),(78,1),(79,1),(80,1),(81,1),(83,1),(84,1),(87,1),(90,1),(91,1),(92,1),(95,1),(96,1),(99,1),(100,1),(105,1),(110,1),(113,1),(115,1),(116,1),(118,1),(119,1),(120,1),(123,1),(125,1),(126,1),(127,1),(129,1),(131,1),(132,1),(134,1),(138,1),(139,1),(145,1),(146,1),(147,1),(148,1),(149,1),(150,1),(154,1),(155,1),(156,1),(157,1),(162,1),(165,1),(169,1),(170,1),(173,1),(175,1),(176,1),(178,1),(179,1),(181,1),(183,1),(184,1),(185,1),(186,1),(194,1),(195,1),(196,1),(198,1),(200,1),(201,1),(203,1),(205,1),(206,1),(208,1),(211,1),(212,1),(213,1),(215,1),(220,1),(221,1),(222,1),(223,1),(224,1),(231,1),(234,1),(235,1),(237,1),(238,1),(239,1),(242,1),(244,1),(245,1),(249,1),(250,1),(252,1),(257,1),(258,1),(261,1),(262,1),(263,1),(266,1),(268,1),(269,1),(272,1),(274,1),(279,1),(282,1),(287,1),(289,1),(290,1),(301,1),(303,1),(304,1),(305,1),(306,1),(308,1),(309,1),(311,1),(312,1),(316,1),(319,1),(321,1),(324,1),(328,1),(331,1),(332,1),(339,1),(341,1),(344,1),(349,1),(352,1),(360,1),(361,1),(365,1),(366,1),(367,1),(370,1),(371,1),(372,1),(373,1),(378,1),(379,1),(383,1),(384,1),(385,1),(388,1),(391,1),(394,1),(397,1),(400,1),(401,1),(402,1),(404,1),(406,1),(410,1),(412,1),(413,1),(415,1),(416,1),(419,1),(422,1),(427,1),(431,1),(432,1),(433,1),(436,1),(437,1),(440,1);
/*!40000 ALTER TABLE `accessories_inventory_pools` ENABLE KEYS */;
UNLOCK TABLES;

--
-- Table structure for table `addresses`
--

DROP TABLE IF EXISTS `addresses`;
/*!40101 SET @saved_cs_client     = @@character_set_client */;
/*!40101 SET character_set_client = utf8 */;
CREATE TABLE `addresses` (
  `id` int(11) NOT NULL AUTO_INCREMENT,
  `street` varchar(255) COLLATE utf8_unicode_ci DEFAULT NULL,
  `zip_code` varchar(255) COLLATE utf8_unicode_ci DEFAULT NULL,
  `city` varchar(255) COLLATE utf8_unicode_ci DEFAULT NULL,
  `country_code` varchar(255) COLLATE utf8_unicode_ci DEFAULT NULL,
  `latitude` float DEFAULT NULL,
  `longitude` float DEFAULT NULL,
  PRIMARY KEY (`id`),
  UNIQUE KEY `index_addresses_on_street_and_zip_code_and_city_and_country_code` (`street`,`zip_code`,`city`,`country_code`)
) ENGINE=InnoDB DEFAULT CHARSET=utf8 COLLATE=utf8_unicode_ci;
/*!40101 SET character_set_client = @saved_cs_client */;

--
-- Dumping data for table `addresses`
--

LOCK TABLES `addresses` WRITE;
/*!40000 ALTER TABLE `addresses` DISABLE KEYS */;
/*!40000 ALTER TABLE `addresses` ENABLE KEYS */;
UNLOCK TABLES;

--
-- Table structure for table `attachments`
--

DROP TABLE IF EXISTS `attachments`;
/*!40101 SET @saved_cs_client     = @@character_set_client */;
/*!40101 SET character_set_client = utf8 */;
CREATE TABLE `attachments` (
  `id` int(11) NOT NULL AUTO_INCREMENT,
  `model_id` int(11) DEFAULT NULL,
  `is_main` tinyint(1) DEFAULT '0',
  `content_type` varchar(255) COLLATE utf8_unicode_ci DEFAULT NULL,
  `filename` varchar(255) COLLATE utf8_unicode_ci DEFAULT NULL,
  `size` int(11) DEFAULT NULL,
  PRIMARY KEY (`id`),
  KEY `index_attachments_on_model_id` (`model_id`),
  CONSTRAINT `attachments_model_id_fk` FOREIGN KEY (`model_id`) REFERENCES `models` (`id`) ON DELETE CASCADE
) ENGINE=InnoDB AUTO_INCREMENT=5 DEFAULT CHARSET=utf8 COLLATE=utf8_unicode_ci;
/*!40101 SET character_set_client = @saved_cs_client */;

--
-- Dumping data for table `attachments`
--

LOCK TABLES `attachments` WRITE;
/*!40000 ALTER TABLE `attachments` DISABLE KEYS */;
INSERT INTO `attachments` VALUES (1,137,0,'image/jpeg','quisquam',NULL),(2,138,0,'image/jpeg','ut',NULL),(3,148,0,'image/jpeg','minima',NULL),(4,149,0,'image/jpeg','laudantium',NULL);
/*!40000 ALTER TABLE `attachments` ENABLE KEYS */;
UNLOCK TABLES;

--
-- Table structure for table `authentication_systems`
--

DROP TABLE IF EXISTS `authentication_systems`;
/*!40101 SET @saved_cs_client     = @@character_set_client */;
/*!40101 SET character_set_client = utf8 */;
CREATE TABLE `authentication_systems` (
  `id` int(11) NOT NULL AUTO_INCREMENT,
  `name` varchar(255) COLLATE utf8_unicode_ci DEFAULT NULL,
  `class_name` varchar(255) COLLATE utf8_unicode_ci DEFAULT NULL,
  `is_default` tinyint(1) DEFAULT '0',
  `is_active` tinyint(1) DEFAULT '0',
  PRIMARY KEY (`id`)
) ENGINE=InnoDB AUTO_INCREMENT=7 DEFAULT CHARSET=utf8 COLLATE=utf8_unicode_ci;
/*!40101 SET character_set_client = @saved_cs_client */;

--
-- Dumping data for table `authentication_systems`
--

LOCK TABLES `authentication_systems` WRITE;
/*!40000 ALTER TABLE `authentication_systems` DISABLE KEYS */;
INSERT INTO `authentication_systems` VALUES (1,'Database Authentication','DatabaseAuthentication',1,1),(2,'LDAP Authentication','LdapAuthentication',0,0),(3,'ZHDK Authentication','Zhdk',0,0),(4,'Database Authentication','DatabaseAuthentication',1,1),(5,'LDAP Authentication','LdapAuthentication',0,0),(6,'ZHDK Authentication','Zhdk',0,0);
/*!40000 ALTER TABLE `authentication_systems` ENABLE KEYS */;
UNLOCK TABLES;

--
-- Table structure for table `buildings`
--

DROP TABLE IF EXISTS `buildings`;
/*!40101 SET @saved_cs_client     = @@character_set_client */;
/*!40101 SET character_set_client = utf8 */;
CREATE TABLE `buildings` (
  `id` int(11) NOT NULL AUTO_INCREMENT,
  `name` varchar(255) COLLATE utf8_unicode_ci DEFAULT NULL,
  `code` varchar(255) COLLATE utf8_unicode_ci DEFAULT NULL,
  PRIMARY KEY (`id`)
) ENGINE=InnoDB AUTO_INCREMENT=179 DEFAULT CHARSET=utf8 COLLATE=utf8_unicode_ci;
/*!40101 SET character_set_client = @saved_cs_client */;

--
-- Dumping data for table `buildings`
--

LOCK TABLES `buildings` WRITE;
/*!40000 ALTER TABLE `buildings` DISABLE KEYS */;
INSERT INTO `buildings` VALUES (1,'Great Pyramid of Giza','ZZZ'),(2,'Quioditassumenda','ett'),(3,'Doloribussitdeleniti','dol'),(4,'Estnostrumsimilique','aut'),(5,'Eumautemblanditiis','cum'),(6,'Adquasiipsam','eto'),(7,'Repudiandaeetcum','rer'),(8,'Voluptatemnonmagnam','qui'),(9,'Facilisnesciuntcupiditate','rep'),(10,'Aperiamvelaut','ali'),(11,'Inestquod','rep'),(12,'Adipiscisedfuga','ver'),(13,'Voluptatibusquiadelectus','con'),(14,'Perferendissitexpedita','pro'),(15,'Consequaturtotamfacilis','qui'),(16,'Eteummolestiae','occ'),(17,'Mollitiamaximequasi','sim'),(18,'Etrecusandaequo','qui'),(19,'Quamdolorumet','ame'),(20,'Fugiatrerumiure','dol'),(21,'Autsintquam','fug'),(22,'Mollitiavoluptasdolorem','dis'),(23,'Voluptatibusaliquidmolestias','nem'),(24,'Minimadistinctioet','aut'),(25,'Culpaaperiamquia','eos'),(26,'Quidemunderem','odi'),(27,'Officiisenimquod','uti'),(28,'Officiiseosquam','rer'),(29,'Laboreremautem','est'),(30,'Impeditdoloribusdolorem','eni'),(31,'Ipsamlaborumnon','eni'),(32,'Ausstellungsstrasse 60','AU60'),(33,'Ausstellungsstrasse 60','AU60'),(34,'Nequequiaquidem','est'),(35,'Consequatursuscipitratione','fac'),(36,'Vitaehicsint','sae'),(37,'Utquiavoluptatum','min'),(38,'Isteremquia','ius'),(39,'Consequaturexsunt','odi'),(40,'Consequunturdoloremqueest','aut'),(41,'Sequinonin','nat'),(42,'Liberosuntfugit','duc'),(43,'Ipsamsitincidunt','nem'),(44,'Eaquedistinctioaut','ver'),(45,'Etaliquamimpedit','des'),(46,'Estcorruptiest','sin'),(47,'Dolorumoptioodit','omn'),(48,'Voluptasremnostrum','sin'),(49,'Perferendisnisidolor','qui'),(50,'Cupiditatenecessitatibusquo','lau'),(51,'Nostrumnonvero','odi'),(52,'Quieumaccusamus','vol'),(53,'Natusnullaquia','ill'),(54,'Ametnequeoptio','dol'),(55,'Expeditasapientevero','qui'),(56,'Teneturnihilharum','mol'),(57,'Oditdebitisvoluptatem','ver'),(58,'Eumutet','dol'),(59,'Nostrumadipiscireiciendis','pro'),(60,'Utquiamolestiae','rep'),(61,'Nemoullammaiores','vol'),(62,'Quiaexcepturinobis','ide'),(63,'Laboriosamquisquamconsequatur','dol'),(64,'Voluptatemautsed','dol'),(65,'Dolorescorporiseius','mol'),(66,'Istetotamrepellat','est'),(67,'Oditminusid','mag'),(68,'Exercitationemquifacilis','vol'),(69,'Autemquiaaperiam','exp'),(70,'Dolordoloresa','eli'),(71,'Situtenim','rec'),(72,'Delectusnisiiure','des'),(73,'Porrovoluptatemut','lib'),(74,'Minusautalias','con'),(75,'Inciduntaniminihil','utd'),(76,'Atquesuntest','dol'),(77,'Maximeetqui','utv'),(78,'Eiusfugiatperspiciatis','con'),(79,'Eumestodit','exc'),(80,'Autmagnamdolores','qui'),(81,'Distinctioeaea','idi'),(82,'Temporaautemquo','con'),(83,'Autemreprehenderitab','non'),(84,'Doloresitlabore','ips'),(85,'Etducimusconsequatur','und'),(86,'Eligendiexplicaboodit','qui'),(87,'Possimuslaboreest','vol'),(88,'Exutdolor','vol'),(89,'Voluptatemquiut','cum'),(90,'Undeconsecteturalias','sed'),(91,'Cumquequisuscipit','sit'),(92,'Distinctioetdolorum','rep'),(93,'Etassumendanihil','per'),(94,'Solutaillummagnam','ius'),(95,'Deleniticorporiset','dol'),(96,'Accusantiumsolutaet','por'),(97,'Pariatursimiliqueeveniet','per'),(98,'Situllamrecusandae','off'),(99,'Quiaetneque','qua'),(100,'Ametquoaccusamus','asp'),(101,'Adetaut','con'),(102,'Autemnostrumaliquam','mod'),(103,'Velodiodelectus','sit'),(104,'Autsuscipithic','iur'),(105,'Quosminimadoloremque','ips'),(106,'Laboreametquia','con'),(107,'Repellendussitlaudantium','tem'),(108,'Exutquidem','pra'),(109,'Sequimolestiascupiditate','qui'),(110,'Earumvoluptatemvitae','bla'),(111,'Nostrumdictaquos','qua'),(112,'Inciduntvelitconsectetur','omn'),(113,'Doloresimpeditmaxime','exr'),(114,'Great Pyramid of Giza','ZZZ'),(115,'Natusautdistinctio','vol'),(116,'Totamcorporisquia','per'),(117,'Inconsequaturconsequatur','vol'),(118,'Placeatnatusautem','inr'),(119,'Temporaetpariatur','eta'),(120,'Mollitiaetnisi','par'),(121,'Estetvelit','acc'),(122,'Illumassumendaat','rep'),(123,'Adipisciconsequaturblanditiis','ear'),(124,'Aliasenimoptio','arc'),(125,'Consequunturvelitquisquam','pos'),(126,'Rerumdignissimosin','eiu'),(127,'Voluptasmagnivoluptatem','ina'),(128,'Repellatsapientevelit','off'),(129,'Voluptatesomnisfugit','tem'),(130,'Saepeomnisquo','atq'),(131,'Asperioreseligendieum','tot'),(132,'Abeataenulla','qua'),(133,'Quamdictaitaque','con'),(134,'Nemodignissimoseius','qui'),(135,'Ametautemiste','dol'),(136,'Oditdistinctioipsum','ess'),(137,'Delenitietquisquam','qua'),(138,'Hicaspernaturofficiis','est'),(139,'Ipsumvoluptasrepudiandae','neq'),(140,'Doloremsuntet','nob'),(141,'Natusveritatisenim','mol'),(142,'Exercitationemnondistinctio','inv'),(143,'Utmolestiassoluta','eiu'),(144,'Doloremautnisi','idi'),(145,'Odioaperiamprovident','tot'),(146,'Voluptatibusautiusto','rec'),(147,'Pariaturearumomnis','dol'),(148,'Excepturietaspernatur','eum'),(149,'Quoseatotam','sin'),(150,'Voluptatemistedebitis','nob'),(151,'Nostrumharumqui','atq'),(152,'Suntvelitnihil','rep'),(153,'Ipsamducimuspossimus','vol'),(154,'Voluptatemrationeasperiores','ess'),(155,'Facererepellendusest','con'),(156,'Adeaqui','sun'),(157,'Evenietutaut','nih'),(158,'Quodquasofficiis','aut'),(159,'Quifacilisvoluptas','vel'),(160,'Insequiesse','ani'),(161,'Seddebitiscorporis','con'),(162,'Doloresnecessitatibusdicta','del'),(163,'Atdoloremquevoluptates','pro'),(164,'Iurequaeab','etv'),(165,'Veniamautemducimus','etp'),(166,'Quodprovidentut','qua'),(167,'Nihileaquenecessitatibus','eto'),(168,'Molestiasminusdeserunt','inc'),(169,'Aliquamsedofficia','nam'),(170,'Nesciuntutquis','con'),(171,'Aliasoptioa','cup'),(172,'Similiqueutaut','pro'),(173,'Doloreducimusfugiat','fug'),(174,'Quidemvoluptateaut','aut'),(175,'Quiliberonecessitatibus','nat'),(176,'Autminimaharum','lau'),(177,'Rerumvelitdolorum','pro'),(178,'Estsuscipitperferendis','har');
/*!40000 ALTER TABLE `buildings` ENABLE KEYS */;
UNLOCK TABLES;

--
-- Table structure for table `contract_lines`
--

DROP TABLE IF EXISTS `contract_lines`;
/*!40101 SET @saved_cs_client     = @@character_set_client */;
/*!40101 SET character_set_client = utf8 */;
CREATE TABLE `contract_lines` (
  `id` int(11) NOT NULL AUTO_INCREMENT,
  `contract_id` int(11) DEFAULT NULL,
  `type` varchar(255) COLLATE utf8_unicode_ci NOT NULL DEFAULT 'ItemLine',
  `item_id` int(11) DEFAULT NULL,
  `model_id` int(11) DEFAULT NULL,
  `quantity` int(11) DEFAULT '1',
  `start_date` date DEFAULT NULL,
  `end_date` date DEFAULT NULL,
  `returned_date` date DEFAULT NULL,
  `option_id` int(11) DEFAULT NULL,
  `purpose_id` int(11) DEFAULT NULL,
  `returned_to_user_id` int(11) DEFAULT NULL,
  `created_at` datetime DEFAULT NULL,
  `updated_at` datetime DEFAULT NULL,
  PRIMARY KEY (`id`),
  KEY `index_contract_lines_on_start_date` (`start_date`),
  KEY `index_contract_lines_on_end_date` (`end_date`),
  KEY `index_contract_lines_on_option_id` (`option_id`),
  KEY `index_contract_lines_on_contract_id` (`contract_id`),
  KEY `index_contract_lines_on_item_id` (`item_id`),
  KEY `index_contract_lines_on_model_id` (`model_id`),
  KEY `index_contract_lines_on_returned_date_and_contract_id` (`returned_date`,`contract_id`),
  KEY `index_contract_lines_on_type_and_contract_id` (`type`,`contract_id`),
  KEY `contract_lines_purpose_id_fk` (`purpose_id`),
  KEY `contract_lines_returned_to_user_id_fk` (`returned_to_user_id`),
  CONSTRAINT `contract_lines_returned_to_user_id_fk` FOREIGN KEY (`returned_to_user_id`) REFERENCES `users` (`id`),
  CONSTRAINT `contract_lines_contract_id_fk` FOREIGN KEY (`contract_id`) REFERENCES `contracts` (`id`) ON DELETE CASCADE,
  CONSTRAINT `contract_lines_item_id_fk` FOREIGN KEY (`item_id`) REFERENCES `items` (`id`),
  CONSTRAINT `contract_lines_model_id_fk` FOREIGN KEY (`model_id`) REFERENCES `models` (`id`),
  CONSTRAINT `contract_lines_option_id_fk` FOREIGN KEY (`option_id`) REFERENCES `options` (`id`),
  CONSTRAINT `contract_lines_purpose_id_fk` FOREIGN KEY (`purpose_id`) REFERENCES `purposes` (`id`)
) ENGINE=InnoDB AUTO_INCREMENT=166 DEFAULT CHARSET=utf8 COLLATE=utf8_unicode_ci;
/*!40101 SET character_set_client = @saved_cs_client */;

--
-- Dumping data for table `contract_lines`
--

LOCK TABLES `contract_lines` WRITE;
/*!40000 ALTER TABLE `contract_lines` DISABLE KEYS */;
INSERT INTO `contract_lines` VALUES (1,1,'ItemLine',NULL,1,1,'2012-10-01','2012-10-01',NULL,NULL,NULL,NULL,'2012-09-29 16:22:59','2012-09-29 16:22:59'),(2,1,'ItemLine',NULL,5,1,'2012-10-01','2012-10-01',NULL,NULL,NULL,NULL,'2012-09-29 16:22:59','2012-09-29 16:22:59'),(3,1,'ItemLine',NULL,9,1,'2012-10-01','2012-10-01',NULL,NULL,NULL,NULL,'2012-09-29 16:22:59','2012-09-29 16:22:59'),(4,2,'ItemLine',NULL,13,1,'2012-10-01','2012-10-01',NULL,NULL,1,NULL,'2012-09-29 16:22:59','2012-09-29 16:22:59'),(5,2,'ItemLine',NULL,17,1,'2012-10-01','2012-10-01',NULL,NULL,1,NULL,'2012-09-29 16:22:59','2012-09-29 16:22:59'),(6,2,'ItemLine',NULL,21,1,'2012-10-01','2012-10-01',NULL,NULL,1,NULL,'2012-09-29 16:22:59','2012-09-29 16:22:59'),(7,3,'ItemLine',NULL,25,1,'2012-10-01','2012-10-01','2012-09-29',NULL,2,1,'2012-09-29 16:22:59','2012-09-29 16:22:59'),(8,3,'ItemLine',NULL,29,1,'2012-10-01','2012-10-01','2012-09-29',NULL,2,1,'2012-09-29 16:22:59','2012-09-29 16:22:59'),(9,3,'ItemLine',NULL,33,1,'2012-10-01','2012-10-01','2012-09-29',NULL,2,1,'2012-09-29 16:22:59','2012-09-29 16:22:59'),(10,3,'ItemLine',NULL,37,1,'2012-10-01','2012-10-01','2012-09-29',NULL,2,1,'2012-09-29 16:22:59','2012-09-29 16:22:59'),(11,4,'ItemLine',NULL,152,1,'2012-09-27','2012-09-27',NULL,NULL,3,NULL,'2012-09-27 03:30:40','2012-09-27 03:30:40'),(12,4,'ItemLine',NULL,153,1,'2012-09-27','2012-09-27',NULL,NULL,3,NULL,'2012-09-27 03:30:40','2012-09-27 03:30:40'),(13,4,'ItemLine',NULL,154,1,'2012-09-27','2012-09-27',NULL,NULL,3,NULL,'2012-09-27 03:30:40','2012-09-27 03:30:40'),(14,4,'ItemLine',NULL,155,1,'2012-09-27','2012-09-27',NULL,NULL,3,NULL,'2012-09-27 03:30:40','2012-09-27 03:30:40'),(15,4,'ItemLine',NULL,156,1,'2012-09-27','2012-09-27',NULL,NULL,3,NULL,'2012-09-27 03:30:40','2012-09-27 03:30:40'),(16,4,'ItemLine',NULL,157,1,'2012-09-27','2012-09-27',NULL,NULL,3,NULL,'2012-09-27 03:30:40','2012-09-27 03:30:40'),(17,5,'ItemLine',NULL,161,1,'2012-09-27','2012-09-27',NULL,NULL,4,NULL,'2012-09-27 03:30:40','2012-09-27 03:30:40'),(18,5,'ItemLine',NULL,162,1,'2012-09-27','2012-09-27',NULL,NULL,4,NULL,'2012-09-27 03:30:40','2012-09-27 03:30:40'),(19,5,'ItemLine',NULL,163,1,'2012-09-27','2012-09-27',NULL,NULL,4,NULL,'2012-09-27 03:30:40','2012-09-27 03:30:40'),(20,5,'ItemLine',NULL,164,1,'2012-09-27','2012-09-27',NULL,NULL,4,NULL,'2012-09-27 03:30:40','2012-09-27 03:30:40'),(21,5,'ItemLine',NULL,165,1,'2012-09-27','2012-09-27',NULL,NULL,4,NULL,'2012-09-27 03:30:40','2012-09-27 03:30:40'),(22,6,'ItemLine',NULL,169,1,'2012-09-27','2012-09-27',NULL,NULL,5,NULL,'2012-09-27 03:30:40','2012-09-27 03:30:40'),(23,6,'ItemLine',NULL,170,1,'2012-09-27','2012-09-27',NULL,NULL,5,NULL,'2012-09-27 03:30:40','2012-09-27 03:30:40'),(24,6,'ItemLine',NULL,171,1,'2012-09-27','2012-09-27',NULL,NULL,5,NULL,'2012-09-27 03:30:40','2012-09-27 03:30:40'),(25,6,'ItemLine',NULL,172,1,'2012-09-27','2012-09-27',NULL,NULL,5,NULL,'2012-09-27 03:30:40','2012-09-27 03:30:40'),(26,7,'ItemLine',NULL,176,1,'2012-09-28','2012-09-28',NULL,NULL,6,NULL,'2012-09-28 06:55:11','2012-09-28 06:55:11'),(27,7,'ItemLine',NULL,177,1,'2012-09-28','2012-09-28',NULL,NULL,6,NULL,'2012-09-28 06:55:11','2012-09-28 06:55:11'),(28,7,'ItemLine',NULL,178,1,'2012-09-28','2012-09-28',NULL,NULL,6,NULL,'2012-09-28 06:55:11','2012-09-28 06:55:11'),(29,8,'ItemLine',NULL,179,1,'2012-09-24','2012-09-24',NULL,NULL,7,NULL,'2012-09-24 17:30:46','2012-09-24 17:30:46'),(30,8,'ItemLine',NULL,180,1,'2012-09-24','2012-09-24',NULL,NULL,7,NULL,'2012-09-24 17:30:46','2012-09-24 17:30:46'),(31,8,'ItemLine',NULL,181,1,'2012-09-24','2012-09-24',NULL,NULL,7,NULL,'2012-09-24 17:30:46','2012-09-24 17:30:46'),(32,8,'ItemLine',NULL,182,1,'2012-09-24','2012-09-24',NULL,NULL,7,NULL,'2012-09-24 17:30:46','2012-09-24 17:30:46'),(33,8,'ItemLine',NULL,183,1,'2012-09-24','2012-09-24',NULL,NULL,7,NULL,'2012-09-24 17:30:46','2012-09-24 17:30:46'),(34,8,'ItemLine',NULL,184,1,'2012-09-24','2012-09-24',NULL,NULL,7,NULL,'2012-09-24 17:30:46','2012-09-24 17:30:46'),(35,8,'ItemLine',NULL,184,1,'2012-09-24','2012-09-24',NULL,NULL,7,NULL,'2012-09-24 17:30:46','2012-09-24 17:30:46'),(36,9,'ItemLine',NULL,188,1,'2012-10-01','2012-10-01',NULL,NULL,8,NULL,'2012-09-29 16:22:59','2012-09-29 16:22:59'),(37,9,'ItemLine',NULL,189,1,'2012-10-01','2012-10-01',NULL,NULL,8,NULL,'2012-09-29 16:22:59','2012-09-29 16:22:59'),(38,9,'ItemLine',NULL,190,1,'2012-10-01','2012-10-01',NULL,NULL,8,NULL,'2012-09-29 16:22:59','2012-09-29 16:22:59'),(39,9,'ItemLine',NULL,191,1,'2012-10-01','2012-10-01',NULL,NULL,8,NULL,'2012-09-29 16:22:59','2012-09-29 16:22:59'),(40,9,'ItemLine',NULL,192,1,'2012-10-01','2012-10-01',NULL,NULL,8,NULL,'2012-09-29 16:22:59','2012-09-29 16:22:59'),(41,10,'ItemLine',NULL,196,1,'2012-10-01','2012-10-01',NULL,NULL,9,NULL,'2012-09-29 16:22:59','2012-09-29 16:22:59'),(42,10,'ItemLine',NULL,197,1,'2012-10-01','2012-10-01',NULL,NULL,9,NULL,'2012-09-29 16:22:59','2012-09-29 16:22:59'),(43,10,'ItemLine',NULL,198,1,'2012-10-01','2012-10-01',NULL,NULL,9,NULL,'2012-09-29 16:22:59','2012-09-29 16:22:59'),(44,10,'ItemLine',NULL,199,1,'2012-10-01','2012-10-01',NULL,NULL,9,NULL,'2012-09-29 16:22:59','2012-09-29 16:22:59'),(45,10,'ItemLine',NULL,200,1,'2012-10-01','2012-10-01',NULL,NULL,9,NULL,'2012-09-29 16:22:59','2012-09-29 16:22:59'),(46,11,'ItemLine',NULL,201,1,'2012-10-01','2012-10-01',NULL,NULL,10,NULL,'2012-09-29 16:22:59','2012-09-29 16:22:59'),(47,11,'ItemLine',NULL,202,1,'2012-10-01','2012-10-01',NULL,NULL,10,NULL,'2012-09-29 16:22:59','2012-09-29 16:22:59'),(48,11,'ItemLine',NULL,203,1,'2012-10-01','2012-10-01',NULL,NULL,10,NULL,'2012-09-29 16:22:59','2012-09-29 16:22:59'),(49,12,'ItemLine',NULL,204,1,'2012-10-01','2012-10-01',NULL,NULL,11,NULL,'2012-09-29 16:22:59','2012-09-29 16:22:59'),(50,12,'ItemLine',NULL,205,1,'2012-10-01','2012-10-01',NULL,NULL,11,NULL,'2012-09-29 16:22:59','2012-09-29 16:22:59'),(51,12,'ItemLine',NULL,206,1,'2012-10-01','2012-10-01',NULL,NULL,11,NULL,'2012-09-29 16:22:59','2012-09-29 16:22:59'),(52,12,'ItemLine',NULL,207,1,'2012-10-01','2012-10-01',NULL,NULL,11,NULL,'2012-09-29 16:22:59','2012-09-29 16:22:59'),(53,13,'ItemLine',19,25,1,'2012-10-01','2012-10-01',NULL,NULL,12,NULL,'2012-09-29 16:22:59','2012-09-29 16:22:59'),(54,13,'ItemLine',20,25,1,'2012-10-01','2012-10-01',NULL,NULL,12,NULL,'2012-09-29 16:22:59','2012-09-29 16:22:59'),(55,13,'ItemLine',21,25,1,'2012-10-01','2012-10-01',NULL,NULL,12,NULL,'2012-09-29 16:22:59','2012-09-29 16:22:59'),(56,13,'ItemLine',22,29,1,'2012-10-01','2012-10-01',NULL,NULL,12,NULL,'2012-09-29 16:22:59','2012-09-29 16:22:59'),(57,13,'ItemLine',23,29,1,'2012-10-01','2012-10-01',NULL,NULL,12,NULL,'2012-09-29 16:22:59','2012-09-29 16:22:59'),(58,13,'ItemLine',24,29,1,'2012-10-01','2012-10-01',NULL,NULL,12,NULL,'2012-09-29 16:22:59','2012-09-29 16:22:59'),(59,13,'ItemLine',25,33,1,'2012-10-01','2012-10-01',NULL,NULL,12,NULL,'2012-09-29 16:22:59','2012-09-29 16:22:59'),(60,13,'ItemLine',26,33,1,'2012-10-01','2012-10-01',NULL,NULL,12,NULL,'2012-09-29 16:22:59','2012-09-29 16:22:59'),(61,13,'ItemLine',27,33,1,'2012-10-01','2012-10-01',NULL,NULL,12,NULL,'2012-09-29 16:22:59','2012-09-29 16:22:59'),(62,13,'ItemLine',28,37,1,'2012-10-01','2012-10-01',NULL,NULL,12,NULL,'2012-09-29 16:22:59','2012-09-29 16:22:59'),(63,13,'ItemLine',29,37,1,'2012-10-01','2012-10-01',NULL,NULL,12,NULL,'2012-09-29 16:22:59','2012-09-29 16:22:59'),(64,13,'ItemLine',30,37,1,'2012-10-01','2012-10-01',NULL,NULL,12,NULL,'2012-09-29 16:22:59','2012-09-29 16:22:59'),(65,13,'ItemLine',33,42,1,'2012-10-01','2012-10-01',NULL,NULL,12,NULL,'2012-09-29 16:22:59','2012-09-29 16:22:59'),(66,13,'ItemLine',34,42,1,'2012-10-01','2012-10-01',NULL,NULL,12,NULL,'2012-09-29 16:22:59','2012-09-29 16:22:59'),(67,13,'ItemLine',35,43,1,'2012-10-01','2012-10-01',NULL,NULL,12,NULL,'2012-09-29 16:22:59','2012-09-29 16:22:59'),(68,13,'ItemLine',37,45,1,'2012-10-01','2012-10-01',NULL,NULL,12,NULL,'2012-09-29 16:22:59','2012-09-29 16:22:59'),(69,13,'ItemLine',38,46,1,'2012-10-01','2012-10-01',NULL,NULL,12,NULL,'2012-09-29 16:22:59','2012-09-29 16:22:59'),(70,13,'ItemLine',39,47,1,'2012-10-01','2012-10-01',NULL,NULL,12,NULL,'2012-09-29 16:22:59','2012-09-29 16:22:59'),(71,13,'ItemLine',40,48,1,'2012-10-01','2012-10-01',NULL,NULL,12,NULL,'2012-09-29 16:22:59','2012-09-29 16:22:59'),(72,13,'ItemLine',41,49,1,'2012-10-01','2012-10-01',NULL,NULL,12,NULL,'2012-09-29 16:22:59','2012-09-29 16:22:59'),(73,13,'ItemLine',42,50,1,'2012-10-01','2012-10-01',NULL,NULL,12,NULL,'2012-09-29 16:22:59','2012-09-29 16:22:59'),(74,13,'ItemLine',43,51,1,'2012-10-01','2012-10-01',NULL,NULL,12,NULL,'2012-09-29 16:22:59','2012-09-29 16:22:59'),(75,13,'ItemLine',44,52,1,'2012-10-01','2012-10-01',NULL,NULL,12,NULL,'2012-09-29 16:22:59','2012-09-29 16:22:59'),(76,13,'ItemLine',45,53,1,'2012-10-01','2012-10-01',NULL,NULL,12,NULL,'2012-09-29 16:22:59','2012-09-29 16:22:59'),(77,13,'ItemLine',46,54,1,'2012-10-01','2012-10-01',NULL,NULL,12,NULL,'2012-09-29 16:22:59','2012-09-29 16:22:59'),(78,13,'ItemLine',47,55,1,'2012-10-01','2012-10-01',NULL,NULL,12,NULL,'2012-09-29 16:22:59','2012-09-29 16:22:59'),(79,13,'ItemLine',48,56,1,'2012-10-01','2012-10-01',NULL,NULL,12,NULL,'2012-09-29 16:22:59','2012-09-29 16:22:59'),(80,13,'ItemLine',49,57,1,'2012-10-01','2012-10-01',NULL,NULL,12,NULL,'2012-09-29 16:22:59','2012-09-29 16:22:59'),(81,13,'ItemLine',50,58,1,'2012-10-01','2012-10-01',NULL,NULL,12,NULL,'2012-09-29 16:22:59','2012-09-29 16:22:59'),(82,13,'ItemLine',51,59,1,'2012-10-01','2012-10-01',NULL,NULL,12,NULL,'2012-09-29 16:22:59','2012-09-29 16:22:59'),(83,14,'OptionLine',NULL,NULL,2,'2012-09-29','2012-10-01',NULL,4,13,NULL,'2012-09-29 16:22:59','2012-09-29 16:22:59'),(84,14,'ItemLine',206,208,1,'2012-09-29','2012-10-01',NULL,NULL,13,NULL,'2012-09-29 16:22:59','2012-09-29 16:22:59'),(85,15,'OptionLine',NULL,NULL,2,'2012-09-29','2012-09-29',NULL,5,14,NULL,'2012-09-29 16:22:59','2012-09-29 16:22:59'),(86,15,'OptionLine',NULL,NULL,1,'2012-09-29','2012-10-29',NULL,5,14,NULL,'2012-09-29 16:22:59','2012-09-29 16:22:59'),(87,16,'ItemLine',207,209,1,'2012-09-29','2012-10-01',NULL,NULL,15,NULL,'2012-09-29 16:22:59','2012-09-29 16:22:59'),(88,17,'ItemLine',208,210,1,'2012-09-24','2012-09-28',NULL,NULL,16,NULL,'2012-09-24 00:00:00','2012-09-24 00:00:00'),(89,17,'OptionLine',NULL,NULL,1,'2012-09-24','2012-09-28',NULL,6,16,NULL,'2012-09-24 00:00:00','2012-09-24 00:00:00'),(90,18,'ItemLine',211,214,1,'2012-09-29','2012-09-29','2012-09-29',NULL,17,NULL,'2012-09-29 16:22:59','2012-09-29 16:22:59'),(91,19,'ItemLine',212,215,1,'2012-09-29','2012-09-29','2012-09-29',NULL,18,NULL,'2012-09-29 16:22:59','2012-09-29 16:22:59'),(92,20,'ItemLine',NULL,217,1,'2012-10-01','2012-10-01',NULL,NULL,19,NULL,'2012-09-29 16:22:59','2012-09-29 16:22:59'),(93,20,'ItemLine',NULL,218,1,'2012-10-01','2012-10-01',NULL,NULL,19,NULL,'2012-09-29 16:22:59','2012-09-29 16:22:59'),(94,20,'ItemLine',NULL,219,1,'2012-10-01','2012-10-01',NULL,NULL,19,NULL,'2012-09-29 16:22:59','2012-09-29 16:22:59'),(95,21,'ItemLine',217,220,1,'2012-09-29','2012-10-01',NULL,NULL,20,NULL,'2012-09-29 16:22:59','2012-09-29 16:22:59'),(96,21,'ItemLine',218,221,1,'2012-09-29','2012-10-01',NULL,NULL,20,NULL,'2012-09-29 16:22:59','2012-09-29 16:22:59'),(97,21,'ItemLine',219,222,1,'2012-09-29','2012-10-01',NULL,NULL,20,NULL,'2012-09-29 16:22:59','2012-09-29 16:22:59'),(98,21,'ItemLine',220,223,1,'2012-09-29','2012-10-01',NULL,NULL,20,NULL,'2012-09-29 16:22:59','2012-09-29 16:22:59'),(99,22,'ItemLine',221,224,1,'2012-09-29','2012-10-01',NULL,NULL,21,NULL,'2012-09-29 16:22:59','2012-09-29 16:22:59'),(100,22,'ItemLine',222,225,1,'2012-09-29','2012-10-01',NULL,NULL,21,NULL,'2012-09-29 16:22:59','2012-09-29 16:22:59'),(101,22,'ItemLine',223,226,1,'2012-09-29','2012-10-01',NULL,NULL,21,NULL,'2012-09-29 16:22:59','2012-09-29 16:22:59'),(102,22,'ItemLine',224,227,1,'2012-09-29','2012-10-01',NULL,NULL,21,NULL,'2012-09-29 16:22:59','2012-09-29 16:22:59'),(103,23,'ItemLine',225,228,1,'2012-09-24','2012-09-24',NULL,NULL,22,NULL,'2012-09-24 00:00:00','2012-09-24 00:00:00'),(104,23,'ItemLine',226,229,1,'2012-09-24','2012-09-24',NULL,NULL,22,NULL,'2012-09-24 00:00:00','2012-09-24 00:00:00'),(105,23,'ItemLine',227,230,1,'2012-09-24','2012-09-24',NULL,NULL,22,NULL,'2012-09-24 00:00:00','2012-09-24 00:00:00'),(106,24,'ItemLine',NULL,68,1,'2012-10-06','2012-10-09',NULL,NULL,23,NULL,'2012-09-29 16:22:59','2012-09-29 16:22:59'),(107,24,'ItemLine',NULL,68,1,'2012-10-06','2012-10-09',NULL,NULL,23,NULL,'2012-09-29 16:22:59','2012-09-29 16:22:59'),(108,24,'ItemLine',NULL,68,1,'2012-10-06','2012-10-09',NULL,NULL,23,NULL,'2012-09-29 16:22:59','2012-09-29 16:22:59'),(109,24,'ItemLine',NULL,68,1,'2012-10-06','2012-10-09',NULL,NULL,23,NULL,'2012-09-29 16:22:59','2012-09-29 16:22:59'),(110,24,'ItemLine',NULL,100,1,'2012-10-06','2012-10-09',NULL,NULL,23,NULL,'2012-09-29 16:22:59','2012-09-29 16:22:59'),(111,24,'ItemLine',NULL,100,1,'2012-10-06','2012-10-09',NULL,NULL,23,NULL,'2012-09-29 16:22:59','2012-09-29 16:22:59'),(112,24,'ItemLine',NULL,100,1,'2012-10-06','2012-10-09',NULL,NULL,23,NULL,'2012-09-29 16:22:59','2012-09-29 16:22:59'),(113,25,'ItemLine',NULL,231,1,'2012-10-01','2012-10-01',NULL,NULL,24,NULL,'2012-09-29 16:22:59','2012-09-29 16:22:59'),(114,25,'ItemLine',NULL,235,1,'2012-10-01','2012-10-01',NULL,NULL,24,NULL,'2012-09-29 16:22:59','2012-09-29 16:22:59'),(115,25,'ItemLine',NULL,239,1,'2012-10-01','2012-10-01',NULL,NULL,24,NULL,'2012-09-29 16:22:59','2012-09-29 16:22:59'),(116,26,'ItemLine',NULL,243,1,'2012-10-01','2012-10-01',NULL,NULL,25,NULL,'2012-09-29 16:22:59','2012-09-29 16:22:59'),(117,26,'ItemLine',NULL,247,1,'2012-10-01','2012-10-01',NULL,NULL,25,NULL,'2012-09-29 16:22:59','2012-09-29 16:22:59'),(118,26,'ItemLine',NULL,251,1,'2012-10-01','2012-10-01',NULL,NULL,25,NULL,'2012-09-29 16:22:59','2012-09-29 16:22:59'),(119,27,'ItemLine',NULL,255,1,'2012-10-01','2012-10-01',NULL,NULL,26,NULL,'2012-09-29 16:22:59','2012-09-29 16:22:59'),(120,27,'ItemLine',NULL,259,1,'2012-10-01','2012-10-01',NULL,NULL,26,NULL,'2012-09-29 16:22:59','2012-09-29 16:22:59'),(121,27,'ItemLine',NULL,263,1,'2012-10-01','2012-10-01',NULL,NULL,26,NULL,'2012-09-29 16:22:59','2012-09-29 16:22:59'),(122,28,'ItemLine',NULL,267,1,'2012-10-01','2012-10-01',NULL,NULL,27,NULL,'2012-09-29 16:22:59','2012-09-29 16:22:59'),(123,28,'ItemLine',NULL,271,1,'2012-10-01','2012-10-01',NULL,NULL,27,NULL,'2012-09-29 16:22:59','2012-09-29 16:22:59'),(124,28,'ItemLine',NULL,275,1,'2012-10-01','2012-10-01',NULL,NULL,27,NULL,'2012-09-29 16:22:59','2012-09-29 16:22:59'),(125,28,'ItemLine',NULL,279,1,'2012-10-01','2012-10-01',NULL,NULL,27,NULL,'2012-09-29 16:22:59','2012-09-29 16:22:59'),(126,29,'ItemLine',NULL,100,1,'2012-10-01','2012-10-01',NULL,NULL,28,NULL,'2012-09-29 16:22:59','2012-09-29 16:22:59'),(127,30,'ItemLine',NULL,100,1,'2012-10-01','2012-10-01',NULL,NULL,29,NULL,'2012-09-29 16:22:59','2012-09-29 16:22:59'),(128,30,'ItemLine',NULL,68,1,'2012-10-01','2012-10-01',NULL,NULL,29,NULL,'2012-09-29 16:22:59','2012-09-29 16:22:59'),(129,31,'ItemLine',NULL,100,1,'2012-10-06','2012-10-07',NULL,NULL,30,NULL,'2012-09-29 16:22:59','2012-09-29 16:22:59'),(130,32,'ItemLine',NULL,42,1,'2012-10-01','2012-10-01',NULL,NULL,31,NULL,'2012-09-29 16:22:59','2012-09-29 16:22:59'),(131,32,'ItemLine',NULL,42,1,'2012-10-01','2012-10-01',NULL,NULL,31,NULL,'2012-09-29 16:22:59','2012-09-29 16:22:59'),(132,32,'ItemLine',NULL,42,1,'2012-10-01','2012-10-01',NULL,NULL,31,NULL,'2012-09-29 16:22:59','2012-09-29 16:22:59'),(133,33,'ItemLine',NULL,68,1,'2012-10-01','2012-10-01',NULL,NULL,32,NULL,'2012-09-29 16:22:59','2012-09-29 16:22:59'),(134,33,'ItemLine',NULL,100,1,'2012-10-01','2012-10-01',NULL,NULL,32,NULL,'2012-09-29 16:22:59','2012-09-29 16:22:59'),(135,33,'ItemLine',NULL,68,1,'2012-10-01','2012-10-01',NULL,NULL,32,NULL,'2012-09-29 16:22:59','2012-09-29 16:22:59'),(136,33,'ItemLine',NULL,100,1,'2012-10-01','2012-10-01',NULL,NULL,32,NULL,'2012-09-29 16:22:59','2012-09-29 16:22:59'),(137,33,'ItemLine',NULL,68,1,'2012-10-01','2012-10-01',NULL,NULL,32,NULL,'2012-09-29 16:22:59','2012-09-29 16:22:59'),(138,33,'ItemLine',NULL,100,1,'2012-10-01','2012-10-01',NULL,NULL,32,NULL,'2012-09-29 16:22:59','2012-09-29 16:22:59'),(139,33,'OptionLine',NULL,NULL,5,'2012-10-01','2012-10-01',NULL,1,32,NULL,'2012-09-29 16:22:59','2012-09-29 16:22:59'),(140,34,'ItemLine',NULL,139,1,'2012-10-01','2012-10-01',NULL,NULL,NULL,NULL,'2012-09-29 16:22:59','2012-09-29 16:22:59'),(141,35,'ItemLine',267,283,1,'2012-10-01','2012-10-01',NULL,NULL,NULL,NULL,'2012-09-29 16:22:59','2012-09-29 16:22:59'),(142,36,'ItemLine',60,68,1,'2012-09-29','2012-09-29',NULL,NULL,35,NULL,'2012-09-29 16:22:59','2012-09-29 16:22:59'),(143,37,'ItemLine',268,284,1,'2012-09-29','2012-09-29',NULL,NULL,36,NULL,'2012-09-29 16:22:59','2012-09-29 16:22:59'),(144,38,'ItemLine',31,41,1,'2012-09-29','2012-09-29',NULL,NULL,37,NULL,'2012-09-29 16:22:59','2012-09-29 16:22:59'),(145,38,'ItemLine',252,263,1,'2012-09-29','2012-09-29','2012-09-29',NULL,37,18,'2012-09-29 16:22:59','2012-09-29 16:22:59'),(146,39,'ItemLine',36,42,1,'2012-09-29','2012-09-29',NULL,NULL,38,NULL,'2012-09-29 16:22:59','2012-09-29 16:22:59'),(147,40,'ItemLine',269,285,1,'2012-09-29','2012-09-29',NULL,NULL,39,NULL,'2012-09-29 16:22:59','2012-09-29 16:22:59'),(148,41,'ItemLine',101,103,1,'2012-09-29','2012-09-30',NULL,NULL,40,NULL,'2012-09-29 16:22:59','2012-09-29 16:22:59'),(149,42,'ItemLine',NULL,68,1,'2012-10-06','2012-10-09',NULL,NULL,41,NULL,'2012-09-29 16:22:59','2012-09-29 16:22:59'),(150,42,'ItemLine',NULL,100,1,'2012-10-06','2012-10-09',NULL,NULL,41,NULL,'2012-09-29 16:22:59','2012-09-29 16:22:59'),(151,42,'ItemLine',NULL,100,1,'2012-10-07','2012-10-10',NULL,NULL,41,NULL,'2012-09-29 16:22:59','2012-09-29 16:22:59'),(152,43,'ItemLine',NULL,46,1,'2012-09-29','2012-09-30',NULL,NULL,41,NULL,'2012-09-29 16:22:59','2012-09-29 16:22:59'),(153,44,'ItemLine',NULL,42,1,'2012-09-27','2012-09-30',NULL,NULL,42,NULL,'2012-09-29 16:22:59','2012-09-29 16:22:59'),(154,44,'ItemLine',NULL,286,1,'2012-09-27','2012-09-30',NULL,NULL,42,NULL,'2012-09-29 16:22:59','2012-09-29 16:22:59'),(155,45,'ItemLine',130,42,1,'2012-09-29','2012-09-29',NULL,NULL,43,NULL,'2012-09-29 16:22:59','2012-09-29 16:22:59'),(156,45,'OptionLine',NULL,NULL,1,'2012-09-29','2012-09-29',NULL,1,43,NULL,'2012-09-29 16:22:59','2012-09-29 16:22:59'),(157,46,'ItemLine',NULL,68,1,'2012-11-05','2012-11-13',NULL,NULL,44,NULL,'2012-09-29 16:22:59','2012-09-29 16:22:59'),(158,47,'ItemLine',NULL,68,1,'2012-11-20','2012-11-23',NULL,NULL,45,NULL,'2012-09-29 16:22:59','2012-09-29 16:22:59'),(159,47,'ItemLine',NULL,68,1,'2012-11-20','2012-11-23',NULL,NULL,45,NULL,'2012-09-29 16:22:59','2012-09-29 16:22:59'),(160,47,'ItemLine',NULL,68,1,'2012-11-20','2012-11-23',NULL,NULL,45,NULL,'2012-09-29 16:22:59','2012-09-29 16:22:59'),(161,47,'ItemLine',NULL,68,1,'2012-11-20','2012-11-23',NULL,NULL,45,NULL,'2012-09-29 16:22:59','2012-09-29 16:22:59'),(162,47,'ItemLine',NULL,68,1,'2012-11-20','2012-11-23',NULL,NULL,45,NULL,'2012-09-29 16:22:59','2012-09-29 16:22:59'),(163,47,'ItemLine',NULL,68,1,'2012-11-20','2012-11-23',NULL,NULL,45,NULL,'2012-09-29 16:22:59','2012-09-29 16:22:59'),(164,48,'ItemLine',NULL,25,1,'2012-10-01','2012-10-01',NULL,NULL,46,NULL,'2012-09-29 16:22:59','2012-09-29 16:22:59'),(165,49,'ItemLine',96,100,1,'2012-09-24','2012-09-28',NULL,NULL,47,NULL,'2012-09-24 00:00:00','2012-09-24 00:00:00');
/*!40000 ALTER TABLE `contract_lines` ENABLE KEYS */;
UNLOCK TABLES;

--
-- Table structure for table `contracts`
--

DROP TABLE IF EXISTS `contracts`;
/*!40101 SET @saved_cs_client     = @@character_set_client */;
/*!40101 SET character_set_client = utf8 */;
CREATE TABLE `contracts` (
  `id` int(11) NOT NULL AUTO_INCREMENT,
  `user_id` int(11) DEFAULT NULL,
  `delegated_user_id` int(11) DEFAULT NULL,
  `inventory_pool_id` int(11) DEFAULT NULL,
  `note` text COLLATE utf8_unicode_ci,
  `handed_over_by_user_id` int(11) DEFAULT NULL,
  `created_at` datetime DEFAULT NULL,
  `updated_at` datetime DEFAULT NULL,
  `status` enum('unsubmitted','submitted','rejected','approved','signed','closed') COLLATE utf8_unicode_ci NOT NULL,
  PRIMARY KEY (`id`),
  KEY `index_contracts_on_inventory_pool_id` (`inventory_pool_id`),
  KEY `index_contracts_on_status` (`status`),
  KEY `index_contracts_on_user_id` (`user_id`),
  KEY `contracts_delegated_user_id_fk` (`delegated_user_id`),
  KEY `contracts_handed_over_by_user_id_fk` (`handed_over_by_user_id`),
  CONSTRAINT `contracts_handed_over_by_user_id_fk` FOREIGN KEY (`handed_over_by_user_id`) REFERENCES `users` (`id`),
  CONSTRAINT `contracts_delegated_user_id_fk` FOREIGN KEY (`delegated_user_id`) REFERENCES `users` (`id`),
  CONSTRAINT `contracts_inventory_pool_id_fk` FOREIGN KEY (`inventory_pool_id`) REFERENCES `inventory_pools` (`id`),
  CONSTRAINT `contracts_user_id_fk` FOREIGN KEY (`user_id`) REFERENCES `users` (`id`)
) ENGINE=InnoDB AUTO_INCREMENT=50 DEFAULT CHARSET=utf8 COLLATE=utf8_unicode_ci;
/*!40101 SET character_set_client = @saved_cs_client */;

--
-- Dumping data for table `contracts`
--

LOCK TABLES `contracts` WRITE;
/*!40000 ALTER TABLE `contracts` DISABLE KEYS */;
INSERT INTO `contracts` VALUES (1,5,NULL,5,NULL,NULL,'2012-09-29 16:22:59','2012-09-29 16:22:59','unsubmitted'),(2,6,NULL,12,NULL,NULL,'2012-09-29 16:22:59','2012-09-29 16:22:59','approved'),(3,7,NULL,1,NULL,NULL,'2012-09-29 16:22:59','2012-09-29 16:22:59','closed'),(4,12,NULL,1,NULL,NULL,'2012-09-27 03:30:40','2012-09-27 03:30:40','submitted'),(5,12,NULL,1,NULL,NULL,'2012-09-27 03:30:40','2012-09-27 03:30:40','approved'),(6,12,NULL,1,NULL,NULL,'2012-09-27 03:30:40','2012-09-27 03:30:40','rejected'),(7,12,NULL,1,NULL,NULL,'2012-09-28 06:55:11','2012-09-28 06:55:11','submitted'),(8,12,NULL,1,NULL,NULL,'2012-09-24 17:30:46','2012-09-24 17:30:46','submitted'),(9,13,NULL,1,NULL,NULL,'2012-09-29 16:22:59','2012-09-29 16:22:59','submitted'),(10,14,NULL,1,NULL,NULL,'2012-09-29 16:22:59','2012-09-29 16:22:59','submitted'),(11,15,NULL,1,NULL,NULL,'2012-09-29 16:22:59','2012-09-29 16:22:59','submitted'),(12,16,NULL,1,NULL,NULL,'2012-09-29 16:22:59','2012-09-29 16:22:59','submitted'),(13,20,NULL,1,NULL,NULL,'2012-09-29 16:22:59','2012-09-29 16:22:59','approved'),(14,21,NULL,1,NULL,18,'2012-09-29 16:22:59','2012-09-29 16:22:59','signed'),(15,22,NULL,1,NULL,18,'2012-09-29 16:22:59','2012-09-29 16:22:59','signed'),(16,23,NULL,1,NULL,18,'2012-09-29 16:22:59','2012-09-29 16:22:59','signed'),(17,24,NULL,2,NULL,18,'2012-09-24 00:00:00','2012-09-24 00:00:00','signed'),(18,26,NULL,1,NULL,18,'2012-09-29 16:22:59','2012-09-29 16:22:59','closed'),(19,27,NULL,1,NULL,18,'2012-09-29 16:22:59','2012-09-29 16:22:59','closed'),(20,30,28,1,NULL,NULL,'2012-09-29 16:22:59','2012-09-29 16:22:59','submitted'),(21,30,29,1,NULL,NULL,'2012-09-29 16:22:59','2012-09-29 16:22:59','approved'),(22,30,28,1,NULL,18,'2012-09-29 16:22:59','2012-09-29 16:22:59','signed'),(23,30,28,1,NULL,18,'2012-09-24 00:00:00','2012-09-24 00:00:00','signed'),(24,34,NULL,1,NULL,NULL,'2012-09-29 16:22:59','2012-09-29 16:22:59','submitted'),(25,34,NULL,1,NULL,NULL,'2012-09-29 16:22:59','2012-09-29 16:22:59','submitted'),(26,34,NULL,3,NULL,NULL,'2012-09-29 16:22:59','2012-09-29 16:22:59','submitted'),(27,34,NULL,2,NULL,NULL,'2012-09-29 16:22:59','2012-09-29 16:22:59','submitted'),(28,34,NULL,1,NULL,NULL,'2012-09-29 16:22:59','2012-09-29 16:22:59','submitted'),(29,34,NULL,1,NULL,NULL,'2012-09-29 16:22:59','2012-09-29 16:22:59','approved'),(30,34,NULL,1,NULL,NULL,'2012-09-29 16:22:59','2012-09-29 16:22:59','approved'),(31,34,NULL,1,NULL,NULL,'2012-09-29 16:22:59','2012-09-29 16:22:59','approved'),(32,34,NULL,1,NULL,NULL,'2012-09-29 16:22:59','2012-09-29 16:22:59','approved'),(33,34,NULL,1,NULL,NULL,'2012-09-29 16:22:59','2012-09-29 16:22:59','approved'),(34,34,NULL,1,NULL,NULL,'2012-09-29 16:22:59','2012-09-29 16:22:59','approved'),(35,34,NULL,1,NULL,NULL,'2012-09-29 16:22:59','2012-09-29 16:22:59','approved'),(36,34,NULL,1,NULL,18,'2012-09-29 16:22:59','2012-09-29 16:22:59','signed'),(37,34,NULL,1,NULL,18,'2012-09-29 16:22:59','2012-09-29 16:22:59','signed'),(38,34,NULL,2,NULL,18,'2012-09-29 16:22:59','2012-09-29 16:22:59','signed'),(39,34,NULL,2,NULL,18,'2012-09-29 16:22:59','2012-09-29 16:22:59','signed'),(40,34,NULL,2,NULL,18,'2012-09-29 16:22:59','2012-09-29 16:22:59','signed'),(41,34,NULL,1,NULL,18,'2012-09-29 16:22:59','2012-09-29 16:22:59','signed'),(42,35,NULL,1,NULL,NULL,'2012-09-29 16:22:59','2012-09-29 16:22:59','submitted'),(43,35,NULL,1,NULL,NULL,'2012-09-29 16:22:59','2012-09-29 16:22:59','submitted'),(44,35,NULL,1,NULL,NULL,'2012-09-29 16:22:59','2012-09-29 16:22:59','approved'),(45,35,NULL,1,NULL,18,'2012-09-29 16:22:59','2012-09-29 16:22:59','signed'),(46,36,NULL,1,NULL,NULL,'2012-09-29 16:22:59','2012-09-29 16:22:59','submitted'),(47,36,NULL,1,NULL,NULL,'2012-09-29 16:22:59','2012-09-29 16:22:59','submitted'),(48,36,NULL,1,NULL,NULL,'2012-09-29 16:22:59','2012-09-29 16:22:59','approved'),(49,36,NULL,1,NULL,18,'2012-09-24 00:00:00','2012-09-24 00:00:00','signed');
/*!40000 ALTER TABLE `contracts` ENABLE KEYS */;
UNLOCK TABLES;

--
-- Table structure for table `database_authentications`
--

DROP TABLE IF EXISTS `database_authentications`;
/*!40101 SET @saved_cs_client     = @@character_set_client */;
/*!40101 SET character_set_client = utf8 */;
CREATE TABLE `database_authentications` (
  `id` int(11) NOT NULL AUTO_INCREMENT,
  `login` varchar(255) COLLATE utf8_unicode_ci DEFAULT NULL,
  `crypted_password` varchar(40) COLLATE utf8_unicode_ci DEFAULT NULL,
  `salt` varchar(40) COLLATE utf8_unicode_ci DEFAULT NULL,
  `user_id` int(11) DEFAULT NULL,
  `created_at` datetime DEFAULT NULL,
  `updated_at` datetime DEFAULT NULL,
  PRIMARY KEY (`id`),
  KEY `database_authentications_user_id_fk` (`user_id`),
  CONSTRAINT `database_authentications_user_id_fk` FOREIGN KEY (`user_id`) REFERENCES `users` (`id`)
) ENGINE=InnoDB AUTO_INCREMENT=33 DEFAULT CHARSET=utf8 COLLATE=utf8_unicode_ci;
/*!40101 SET character_set_client = @saved_cs_client */;

--
-- Dumping data for table `database_authentications`
--

LOCK TABLES `database_authentications` WRITE;
/*!40000 ALTER TABLE `database_authentications` DISABLE KEYS */;
INSERT INTO `database_authentications` VALUES (1,'ramon','5dd44ebb161179cc8b3169d4c62d0d151c0c98e0','abe5163b9cf9b230bac36ba4c8a4c38f0ef14e66',1,'2012-09-29 16:22:59','2012-09-29 16:22:59'),(2,'stuart_9549','d871e6ad4abff0a3b726447d7d387efe294ae7f0','4167fd12bf595fed47eb136fc99fd3375ab42a39',2,'2012-09-29 16:22:59','2012-09-29 16:22:59'),(3,'mercedes_7009','dd3c3f99e04663f73d1c4a46864e6e230a557d89','f0c0a7ff17fa88dc80455fccd38239dedbecec1b',3,'2012-09-29 16:22:59','2012-09-29 16:22:59'),(4,'vivien_2326','b6d68f1b3381d9513782a90e22d6667cbd113bc8','c2f12f34e223d28d432c3fdd1e8ca6252d210928',4,'2012-09-29 16:22:59','2012-09-29 16:22:59'),(5,'kevon.ullrich_9898','6e29ca0e10b88a3a13d67c92f8bf8896d98618c4','591757fefe7e4fd6e4f140be20cb120ce411acf5',5,'2012-09-29 16:22:59','2012-09-29 16:22:59'),(6,'tom_8602','95410b84b26bf4c22a9ca8fa265d232d3c559278','078c77ce614f6c6b9a4c5499de3da2bad2da2ae0',6,'2012-09-29 16:22:59','2012-09-29 16:22:59'),(7,'lamar_mayert_673','04eb7e3e08de64c2d359ca1923e42b94fc9ca66c','ef8d229f2c00d2d36dac35f1e67405dea3516a8a',7,'2012-09-29 16:22:59','2012-09-29 16:22:59'),(8,'matti','44cb80810da8be44b0fc2562bd33d6f38ef1c273','dbec1ecd64df2584a63088f5204196d0326b4b65',8,'2012-09-29 16:22:59','2012-09-29 16:22:59'),(9,'mike','ba6ac26ec82e1f3073765e088d0093b0d27dd39b','0582ace420af6c1db97a4878a2dac8fbe6aa2903',9,'2012-09-29 16:22:59','2012-09-29 16:22:59'),(10,'andi','cab7cee6920baf7e0af46a54f362e7e8092728c7','a1ca74209371404e9b52df5041175b836c56014b',10,'2012-09-29 16:22:59','2012-09-29 16:22:59'),(11,'lukas_klocko_2916','fd384c087cc26d8ec6ff9630c6b308ee1cf97695','de7758c9bc2eafb59e25318b3e63a8514fbdf917',11,'2012-09-29 16:22:59','2012-09-29 16:22:59'),(12,'magnus_1672','fe2916f34beffe57d7482de119a6c15aecea8c40','f0db7d5e54cfe80da968b1e061541816a3565a44',12,'2012-09-29 16:22:59','2012-09-29 16:22:59'),(13,'joana_1509','04581aa98801c79a8e4c3f73200a7a28a5544a04','cc1b4945877c6f3fb8fc2e0987d20da55508ec3c',13,'2012-09-29 16:22:59','2012-09-29 16:22:59'),(14,'franco_9498','6b3de0920011a68f461e0772bd0da487f8e5fca4','489ebc98f6b99e3d7a933e5c6002eed57e21d8a0',14,'2012-09-29 16:22:59','2012-09-29 16:22:59'),(15,'foster_5815','611b77f9665bbb4c7405c5aa6383839604e85604','f9a489318f57928abc50da393b75d33fcafb8095',15,'2012-09-29 16:22:59','2012-09-29 16:22:59'),(16,'jimmy_5910','be2935fa1c46505679b1b1bcc5294e897dc24015','3069704da16aa23e9e123d4a1932a4f47ac5c596',16,'2012-09-29 16:22:59','2012-09-29 16:22:59'),(17,'gino','07841e2d23849fde379927b4b449e608bd230592','4ca9b0c9d63232f0d29ddab101e91a4260584cf4',17,'2012-09-29 16:22:59','2012-09-29 16:22:59'),(18,'pius','2ffdfbf78195aa97b60960db3574d6d03edd879d','7ee75c6cea532c22bbd4f8ffd129f4b099225bb1',18,'2012-09-29 16:22:59','2012-09-29 16:22:59'),(19,'peter','ffc9d573249739ad9f0d0cbc5b132389e7f621e6','613b4f530b087bb522dc1d192ff6b16fe923bf66',19,'2012-09-29 16:22:59','2012-09-29 16:22:59'),(20,'astrid_jacobi_5662','46a1fbd911fe59cf526a3b65c19edcc5bef38719','cc05530e531428bcc1bde54e118718f59a065c0e',20,'2012-09-29 16:22:59','2012-09-29 16:22:59'),(21,'bobbie_416','ef7f9493ef712d869a374c37a6ebfd29644c753d','59869a09b986caede7d7a1488e2f85b026fc60a6',21,'2012-09-29 16:22:59','2012-09-29 16:22:59'),(22,'deshawn.gutmann_3701','345fd8b1d378f5c3db646afb09dcfb93124884dd','cba35892d3bd3505dc214cadaf46142b26a3b628',22,'2012-09-29 16:22:59','2012-09-29 16:22:59'),(23,'pearlie_7633','e0139b27ec507b54172e2611cc1e6d6f0af8d548','1ff52dac6a70e4502b85bbca30639f2e35838c9b',23,'2012-09-29 16:22:59','2012-09-29 16:22:59'),(24,'amanda_7952','981862cdae09015a51d359ef4dce8cd08fc1bfc2','016b269e67b65be41fed43b5cbf479a7fdf58bce',24,'2012-09-24 00:00:00','2012-09-24 00:00:00'),(25,'aisha_8517','8741c9597de85f8bcd2a01d1b34d77eb6264aace','0624219e667f13e27e0a1d1289a22f75e98b4735',25,'2012-09-24 00:00:00','2012-09-24 00:00:00'),(26,'talia.jacobi_9256','0cc2337be702c61e2ce94f117fcf56819fc1aff2','dbb68abcf417dac0d6c859df29ac5cdac105876e',26,'2012-09-29 16:22:59','2012-09-29 16:22:59'),(27,'leda.connelly_2784','e607d9064a22a9e4469ee81af96adaa6feb58812','b57a5dee009c97c1c67b04e2ba361c53ea86825c',27,'2012-09-29 16:22:59','2012-09-29 16:22:59'),(28,'mina','10b142e963f31a5aea76725ae9d1196ff23c675e','940c6c5de9ee94eacb046e980e75bf4a9acdad2b',28,'2012-09-29 16:22:59','2012-09-29 16:22:59'),(29,'julie','2a7d8edc0536c5efa4d5a47cc9a1e9152db7f490','363415338977f0c3eb07700427552ecbce4c9497',29,'2012-09-29 16:22:59','2012-09-29 16:22:59'),(30,'normin','cf6f6522b090fe3fa5885431101ecd3205581596','e702eb4d3e8897b1d344ed82227770e416ccad6b',34,'2012-09-29 16:22:59','2012-09-29 16:22:59'),(31,'petra','48e356937ff114c33ccb06331b938f2133462068','3f019443f2f71cb88126d83f56eb947c1dea6a01',35,'2012-09-29 16:22:59','2012-09-29 16:22:59'),(32,'lisa','7ffc54893d61d7caaf7c7a8da84f2d8e9827d74c','0ccd36b5dbea09f82dff0d93d76700e03bd33ef2',36,'2012-09-29 16:22:59','2012-09-29 16:22:59');
/*!40000 ALTER TABLE `database_authentications` ENABLE KEYS */;
UNLOCK TABLES;

--
-- Table structure for table `delegations_users`
--

DROP TABLE IF EXISTS `delegations_users`;
/*!40101 SET @saved_cs_client     = @@character_set_client */;
/*!40101 SET character_set_client = utf8 */;
CREATE TABLE `delegations_users` (
  `delegation_id` int(11) DEFAULT NULL,
  `user_id` int(11) DEFAULT NULL,
  UNIQUE KEY `index_delegations_users_on_user_id_and_delegation_id` (`user_id`,`delegation_id`),
  KEY `index_delegations_users_on_delegation_id` (`delegation_id`),
  CONSTRAINT `delegations_users_delegation_id_fk` FOREIGN KEY (`delegation_id`) REFERENCES `users` (`id`),
  CONSTRAINT `delegations_users_user_id_fk` FOREIGN KEY (`user_id`) REFERENCES `users` (`id`)
) ENGINE=InnoDB DEFAULT CHARSET=utf8 COLLATE=utf8_unicode_ci;
/*!40101 SET character_set_client = @saved_cs_client */;

--
-- Dumping data for table `delegations_users`
--

LOCK TABLES `delegations_users` WRITE;
/*!40000 ALTER TABLE `delegations_users` DISABLE KEYS */;
INSERT INTO `delegations_users` VALUES (30,28),(31,28),(32,28),(33,28),(30,29),(31,29),(32,29),(33,29);
/*!40000 ALTER TABLE `delegations_users` ENABLE KEYS */;
UNLOCK TABLES;

--
-- Table structure for table `groups`
--

DROP TABLE IF EXISTS `groups`;
/*!40101 SET @saved_cs_client     = @@character_set_client */;
/*!40101 SET character_set_client = utf8 */;
CREATE TABLE `groups` (
  `id` int(11) NOT NULL AUTO_INCREMENT,
  `name` varchar(255) COLLATE utf8_unicode_ci DEFAULT NULL,
  `inventory_pool_id` int(11) DEFAULT NULL,
  `is_verification_required` tinyint(1) DEFAULT '0',
  `created_at` datetime DEFAULT NULL,
  `updated_at` datetime DEFAULT NULL,
  PRIMARY KEY (`id`),
  KEY `index_groups_on_inventory_pool_id` (`inventory_pool_id`),
  KEY `index_groups_on_is_verification_required` (`is_verification_required`),
  CONSTRAINT `groups_inventory_pool_id_fk` FOREIGN KEY (`inventory_pool_id`) REFERENCES `inventory_pools` (`id`)
) ENGINE=InnoDB AUTO_INCREMENT=10 DEFAULT CHARSET=utf8 COLLATE=utf8_unicode_ci;
/*!40101 SET character_set_client = @saved_cs_client */;

--
-- Dumping data for table `groups`
--

LOCK TABLES `groups` WRITE;
/*!40000 ALTER TABLE `groups` DISABLE KEYS */;
INSERT INTO `groups` VALUES (1,'Cast',1,0,'2012-09-29 16:22:59','2012-09-29 16:22:59'),(2,'IAD',1,0,'2012-09-29 16:22:59','2012-09-29 16:22:59'),(3,'Wu',1,0,'2012-09-29 16:22:59','2012-09-29 16:22:59'),(4,'Group Hifi',1,0,'2012-09-29 16:22:59','2012-09-29 16:22:59'),(5,'Group A',1,0,'2012-09-29 16:22:59','2012-09-29 16:22:59'),(6,'Group B',1,0,'2012-09-29 16:22:59','2012-09-29 16:22:59'),(7,'FFI',1,1,'2012-09-29 16:22:59','2012-09-29 16:22:59'),(8,'VTO',1,1,'2012-09-29 16:22:59','2012-09-29 16:22:59'),(9,'1. Semester',2,1,'2012-09-29 16:22:59','2012-09-29 16:22:59');
/*!40000 ALTER TABLE `groups` ENABLE KEYS */;
UNLOCK TABLES;

--
-- Table structure for table `groups_users`
--

DROP TABLE IF EXISTS `groups_users`;
/*!40101 SET @saved_cs_client     = @@character_set_client */;
/*!40101 SET character_set_client = utf8 */;
CREATE TABLE `groups_users` (
  `user_id` int(11) DEFAULT NULL,
  `group_id` int(11) DEFAULT NULL,
  UNIQUE KEY `index_groups_users_on_user_id_and_group_id` (`user_id`,`group_id`),
  KEY `index_groups_users_on_group_id` (`group_id`),
  CONSTRAINT `groups_users_user_id_fk` FOREIGN KEY (`user_id`) REFERENCES `users` (`id`),
  CONSTRAINT `groups_users_group_id_fk` FOREIGN KEY (`group_id`) REFERENCES `groups` (`id`)
) ENGINE=InnoDB DEFAULT CHARSET=utf8 COLLATE=utf8_unicode_ci;
/*!40101 SET character_set_client = @saved_cs_client */;

--
-- Dumping data for table `groups_users`
--

LOCK TABLES `groups_users` WRITE;
/*!40000 ALTER TABLE `groups_users` DISABLE KEYS */;
INSERT INTO `groups_users` VALUES (12,7),(12,8),(13,7),(14,7),(14,8),(15,7),(15,9),(16,7),(34,1),(36,1);
/*!40000 ALTER TABLE `groups_users` ENABLE KEYS */;
UNLOCK TABLES;

--
-- Table structure for table `histories`
--

DROP TABLE IF EXISTS `histories`;
/*!40101 SET @saved_cs_client     = @@character_set_client */;
/*!40101 SET character_set_client = utf8 */;
CREATE TABLE `histories` (
  `id` int(11) NOT NULL AUTO_INCREMENT,
  `text` varchar(255) COLLATE utf8_unicode_ci DEFAULT '',
  `type_const` int(11) DEFAULT NULL,
  `created_at` datetime NOT NULL,
  `target_id` int(11) NOT NULL,
  `target_type` varchar(255) COLLATE utf8_unicode_ci NOT NULL,
  `user_id` int(11) DEFAULT NULL,
  PRIMARY KEY (`id`),
  KEY `index_histories_on_target_type_and_target_id` (`target_type`,`target_id`),
  KEY `index_histories_on_type_const` (`type_const`),
  KEY `index_histories_on_user_id` (`user_id`),
  CONSTRAINT `histories_user_id_fk` FOREIGN KEY (`user_id`) REFERENCES `users` (`id`)
) ENGINE=InnoDB AUTO_INCREMENT=17 DEFAULT CHARSET=utf8 COLLATE=utf8_unicode_ci;
/*!40101 SET character_set_client = @saved_cs_client */;

--
-- Dumping data for table `histories`
--

LOCK TABLES `histories` WRITE;
/*!40000 ALTER TABLE `histories` DISABLE KEYS */;
INSERT INTO `histories` VALUES (1,'Contract 14 has been signed by Loy Breitenberg',1,'2012-09-29 16:22:59',14,'Contract',18),(2,'Contract 15 has been signed by Chelsey Dickinson',1,'2012-09-29 16:22:59',15,'Contract',18),(3,'Contract 16 has been signed by Mary McLaughlin',1,'2012-09-29 16:22:59',16,'Contract',18),(4,'Contract 17 has been signed by Bobbie Leannon',1,'2012-09-24 00:00:00',17,'Contract',18),(5,'Contract 18 has been signed by Jordon Mertz',1,'2012-09-29 16:22:59',18,'Contract',18),(6,'Contract 19 has been signed by Miracle O\'Conner',1,'2012-09-29 16:22:59',19,'Contract',18),(7,'Contract 22 has been signed by Tempora et quis animi.',1,'2012-09-29 16:22:59',22,'Contract',18),(8,'Contract 23 has been signed by Tempora et quis animi.',1,'2012-09-24 00:00:00',23,'Contract',18),(9,'Contract 36 has been signed by Normin N.',1,'2012-09-29 16:22:59',36,'Contract',18),(10,'Contract 37 has been signed by Normin N.',1,'2012-09-29 16:22:59',37,'Contract',18),(11,'Contract 38 has been signed by Normin N.',1,'2012-09-29 16:22:59',38,'Contract',18),(12,'Contract 39 has been signed by Normin N.',1,'2012-09-29 16:22:59',39,'Contract',18),(13,'Contract 40 has been signed by Normin N.',1,'2012-09-29 16:22:59',40,'Contract',18),(14,'Contract 41 has been signed by Normin N.',1,'2012-09-29 16:22:59',41,'Contract',18),(15,'Contract 45 has been signed by Petra K.',1,'2012-09-29 16:22:59',45,'Contract',18),(16,'Contract 49 has been signed by Lisa L.',1,'2012-09-24 00:00:00',49,'Contract',18);
/*!40000 ALTER TABLE `histories` ENABLE KEYS */;
UNLOCK TABLES;

--
-- Table structure for table `holidays`
--

DROP TABLE IF EXISTS `holidays`;
/*!40101 SET @saved_cs_client     = @@character_set_client */;
/*!40101 SET character_set_client = utf8 */;
CREATE TABLE `holidays` (
  `id` int(11) NOT NULL AUTO_INCREMENT,
  `inventory_pool_id` int(11) DEFAULT NULL,
  `start_date` date DEFAULT NULL,
  `end_date` date DEFAULT NULL,
  `name` varchar(255) COLLATE utf8_unicode_ci DEFAULT NULL,
  PRIMARY KEY (`id`),
  KEY `index_holidays_on_inventory_pool_id` (`inventory_pool_id`),
  KEY `index_holidays_on_start_date_and_end_date` (`start_date`,`end_date`),
  CONSTRAINT `holidays_inventory_pool_id_fk` FOREIGN KEY (`inventory_pool_id`) REFERENCES `inventory_pools` (`id`) ON DELETE CASCADE
) ENGINE=InnoDB AUTO_INCREMENT=9 DEFAULT CHARSET=utf8 COLLATE=utf8_unicode_ci;
/*!40101 SET character_set_client = @saved_cs_client */;

--
-- Dumping data for table `holidays`
--

LOCK TABLES `holidays` WRITE;
/*!40000 ALTER TABLE `holidays` DISABLE KEYS */;
INSERT INTO `holidays` VALUES (1,1,'2012-12-24','2012-12-26','Christmas'),(2,1,'2013-12-24','2013-12-26','Christmas'),(3,2,'2012-12-24','2012-12-26','Christmas'),(4,2,'2013-12-24','2013-12-26','Christmas'),(5,3,'2012-12-24','2012-12-26','Christmas'),(6,3,'2013-12-24','2013-12-26','Christmas'),(7,1,'2012-12-24','2012-12-26','Christmas'),(8,1,'2013-12-24','2013-12-26','Christmas');
/*!40000 ALTER TABLE `holidays` ENABLE KEYS */;
UNLOCK TABLES;

--
-- Table structure for table `images`
--

DROP TABLE IF EXISTS `images`;
/*!40101 SET @saved_cs_client     = @@character_set_client */;
/*!40101 SET character_set_client = utf8 */;
CREATE TABLE `images` (
  `id` int(11) NOT NULL AUTO_INCREMENT,
  `is_main` tinyint(1) DEFAULT '0',
  `content_type` varchar(255) COLLATE utf8_unicode_ci DEFAULT NULL,
  `filename` varchar(255) COLLATE utf8_unicode_ci DEFAULT NULL,
  `size` int(11) DEFAULT NULL,
  `height` int(11) DEFAULT NULL,
  `width` int(11) DEFAULT NULL,
  `parent_id` int(11) DEFAULT NULL,
  `thumbnail` varchar(255) COLLATE utf8_unicode_ci DEFAULT NULL,
  `target_id` int(11) DEFAULT NULL,
  `target_type` varchar(255) COLLATE utf8_unicode_ci DEFAULT NULL,
  PRIMARY KEY (`id`),
  KEY `index_images_on_target_id_and_target_type` (`target_id`,`target_type`)
) ENGINE=InnoDB AUTO_INCREMENT=5 DEFAULT CHARSET=utf8 COLLATE=utf8_unicode_ci;
/*!40101 SET character_set_client = @saved_cs_client */;

--
-- Dumping data for table `images`
--

LOCK TABLES `images` WRITE;
/*!40000 ALTER TABLE `images` DISABLE KEYS */;
INSERT INTO `images` VALUES (1,0,'image/jpeg','eum',NULL,NULL,NULL,NULL,NULL,1,'ModelGroup'),(2,0,'image/jpeg','tenetur',NULL,NULL,NULL,NULL,NULL,137,'Model'),(3,0,'image/jpeg','adipisci',NULL,NULL,NULL,NULL,NULL,137,'Model'),(4,0,'image/jpeg','vitae',NULL,NULL,NULL,NULL,NULL,138,'Model');
/*!40000 ALTER TABLE `images` ENABLE KEYS */;
UNLOCK TABLES;

--
-- Table structure for table `inventory_pools`
--

DROP TABLE IF EXISTS `inventory_pools`;
/*!40101 SET @saved_cs_client     = @@character_set_client */;
/*!40101 SET character_set_client = utf8 */;
CREATE TABLE `inventory_pools` (
  `id` int(11) NOT NULL AUTO_INCREMENT,
  `name` varchar(255) COLLATE utf8_unicode_ci DEFAULT NULL,
  `description` text COLLATE utf8_unicode_ci,
  `contact_details` varchar(255) COLLATE utf8_unicode_ci DEFAULT NULL,
  `contract_description` varchar(255) COLLATE utf8_unicode_ci DEFAULT NULL,
  `contract_url` varchar(255) COLLATE utf8_unicode_ci DEFAULT NULL,
  `logo_url` varchar(255) COLLATE utf8_unicode_ci DEFAULT NULL,
  `default_contract_note` text COLLATE utf8_unicode_ci,
  `shortname` varchar(255) COLLATE utf8_unicode_ci DEFAULT NULL,
  `email` varchar(255) COLLATE utf8_unicode_ci DEFAULT NULL,
  `color` text COLLATE utf8_unicode_ci,
  `print_contracts` tinyint(1) DEFAULT '1',
  `opening_hours` text COLLATE utf8_unicode_ci,
  `address_id` int(11) DEFAULT NULL,
  `automatic_suspension` tinyint(1) NOT NULL DEFAULT '0',
  `automatic_suspension_reason` text COLLATE utf8_unicode_ci,
  `automatic_access` tinyint(1) DEFAULT NULL,
  PRIMARY KEY (`id`),
  UNIQUE KEY `index_inventory_pools_on_name` (`name`),
  KEY `inventory_pools_address_id_fk` (`address_id`),
  CONSTRAINT `inventory_pools_address_id_fk` FOREIGN KEY (`address_id`) REFERENCES `addresses` (`id`)
) ENGINE=InnoDB AUTO_INCREMENT=14 DEFAULT CHARSET=utf8 COLLATE=utf8_unicode_ci;
/*!40101 SET character_set_client = @saved_cs_client */;

--
-- Dumping data for table `inventory_pools`
--

LOCK TABLES `inventory_pools` WRITE;
/*!40000 ALTER TABLE `inventory_pools` DISABLE KEYS */;
INSERT INTO `inventory_pools` VALUES (1,'A-Ausleihe','Wichtige Hinweise...\n Bitte die Gegenstnde rechtzeitig zurckbringen','A Verleih  /  ZHdK\nav@zh-dk.ch\n+41 00 00 00 00','Gert erhalten','av@zhdk.ch',NULL,'Laborum vero iste impedit nostrum ea cupiditate ratione consequatur.','A','av@zhdk.ch',NULL,1,NULL,NULL,1,'Eos hic dolore debitis in et facere omnis vel.',NULL),(2,'IT-Ausleihe','Bringt die Gerte bitte rechtzeitig zurck','IT Verleih  /  ZHdK\nav@zh-dk.ch\n+41 00 00 00 00','Gert erhalten','it@zhdk.ch',NULL,NULL,'IT','it@zhdk.ch',NULL,1,NULL,NULL,1,'Voluptate cupiditate commodi aliquam id aut eos eum veritatis.',NULL),(3,'AV-Technik','Bringt die Gerte bitte rechtzeitig zurck','AV Verleih  /  ZHdK\nav@zh-dk.ch\n+41 00 00 00 00','Gert erhalten','it@zhdk.ch',NULL,NULL,'AV','it@zhdk.ch',NULL,1,NULL,NULL,0,NULL,NULL),(4,'DT deletable','Bringt die Gerte bitte rechtzeitig zurck','AV Verleih  /  ZHdK\nav@zh-dk.ch\n+41 00 00 00 00','Gert erhalten','it@zhdk.ch',NULL,NULL,'DT','it@zhdk.ch',NULL,1,NULL,NULL,0,NULL,NULL),(5,'Harumnequedelectusnatus','Exercitationem nemo rem sit sint vero fuga minima qui.','Voluptatem et et aut dolores sit mollitia ea dignissimos.','Harumnequedelectusnatus','remington.lebsack@okeefe.com',NULL,NULL,'DP8214','remington.lebsack@okeefe.com',NULL,1,NULL,NULL,0,NULL,NULL),(6,'Quimolestiaequiaiusto','Ipsam ex dolor praesentium maxime at.','Necessitatibus et qui aliquid.','Quimolestiaequiaiusto','alvis_wunsch@schuster.info',NULL,NULL,'UY4EIZ','alvis_wunsch@schuster.info',NULL,1,NULL,NULL,0,NULL,NULL),(7,'Velnoneumrerum','Ut aperiam et exercitationem repudiandae.','Molestias dignissimos et qui nobis tempore.','Velnoneumrerum','shannon_adams@oconnellhand.biz',NULL,NULL,'9JBY96','shannon_adams@oconnellhand.biz',NULL,1,NULL,NULL,0,NULL,NULL),(8,'Ipsamdignissimoscorporistenetur','Magni odio quia quod nesciunt quos consequatur.','Eius quis quasi ad praesentium autem rerum.','Ipsamdignissimoscorporistenetur','emmett.hoeger@schulistmann.name',NULL,NULL,'KVVXIT','emmett.hoeger@schulistmann.name',NULL,1,NULL,NULL,0,NULL,NULL),(9,'Doloredelectusliberodolores','Repellat nihil quisquam blanditiis omnis id dolores.','Adipisci culpa aut tenetur est architecto.','Doloredelectusliberodolores','willard@jones.info',NULL,NULL,'7HI7QN','willard@jones.info',NULL,1,NULL,NULL,0,NULL,NULL),(10,'Nihildebitisrationeanimi','Et fugiat qui distinctio.','Similique rem hic saepe expedita ut in.','Nihildebitisrationeanimi','jude@kerluke.co.uk',NULL,NULL,'G4XOWI','jude@kerluke.co.uk',NULL,1,NULL,NULL,0,NULL,NULL),(11,'Laudantiumaperiamfugadolore','Eligendi ut quia distinctio necessitatibus deserunt corrupti.','Sapiente deserunt magni quae dolorem quis ea.','Laudantiumaperiamfugadolore','theodora@gleason.biz',NULL,NULL,'32W7VW','theodora@gleason.biz',NULL,1,NULL,NULL,0,NULL,NULL),(12,'Voluptasexercitationemrerumtenetur','Ut consequatur suscipit nam impedit et.','Sint ullam nesciunt ipsa.','Voluptasexercitationemrerumtenetur','albina@gulgowski.name',NULL,NULL,'GAN6Y1','albina@gulgowski.name',NULL,1,NULL,NULL,0,NULL,NULL),(13,'Quiadolorquiaet','Molestias autem velit perspiciatis at aliquid.','Laboriosam mollitia enim aspernatur ullam libero.','Quiadolorquiaet','gavin@romaguerabeer.info',NULL,NULL,'083STQ','gavin@romaguerabeer.info',NULL,1,NULL,NULL,0,NULL,NULL);
/*!40000 ALTER TABLE `inventory_pools` ENABLE KEYS */;
UNLOCK TABLES;

--
-- Table structure for table `inventory_pools_model_groups`
--

DROP TABLE IF EXISTS `inventory_pools_model_groups`;
/*!40101 SET @saved_cs_client     = @@character_set_client */;
/*!40101 SET character_set_client = utf8 */;
CREATE TABLE `inventory_pools_model_groups` (
  `inventory_pool_id` int(11) DEFAULT NULL,
  `model_group_id` int(11) DEFAULT NULL,
  KEY `index_inventory_pools_model_groups_on_inventory_pool_id` (`inventory_pool_id`),
  KEY `index_inventory_pools_model_groups_on_model_group_id` (`model_group_id`),
  CONSTRAINT `inventory_pools_model_groups_model_group_id_fk` FOREIGN KEY (`model_group_id`) REFERENCES `model_groups` (`id`),
  CONSTRAINT `inventory_pools_model_groups_inventory_pool_id_fk` FOREIGN KEY (`inventory_pool_id`) REFERENCES `inventory_pools` (`id`)
) ENGINE=InnoDB DEFAULT CHARSET=utf8 COLLATE=utf8_unicode_ci;
/*!40101 SET character_set_client = @saved_cs_client */;

--
-- Dumping data for table `inventory_pools_model_groups`
--

LOCK TABLES `inventory_pools_model_groups` WRITE;
/*!40000 ALTER TABLE `inventory_pools_model_groups` DISABLE KEYS */;
INSERT INTO `inventory_pools_model_groups` VALUES (1,12),(1,13),(1,14);
/*!40000 ALTER TABLE `inventory_pools_model_groups` ENABLE KEYS */;
UNLOCK TABLES;

--
-- Table structure for table `items`
--

DROP TABLE IF EXISTS `items`;
/*!40101 SET @saved_cs_client     = @@character_set_client */;
/*!40101 SET character_set_client = utf8 */;
CREATE TABLE `items` (
  `id` int(11) NOT NULL AUTO_INCREMENT,
  `inventory_code` varchar(255) COLLATE utf8_unicode_ci DEFAULT NULL,
  `serial_number` varchar(255) COLLATE utf8_unicode_ci DEFAULT NULL,
  `model_id` int(11) DEFAULT NULL,
  `location_id` int(11) DEFAULT NULL,
  `supplier_id` int(11) DEFAULT NULL,
  `owner_id` int(11) NOT NULL,
  `parent_id` int(11) DEFAULT NULL,
  `invoice_number` varchar(255) COLLATE utf8_unicode_ci DEFAULT NULL,
  `invoice_date` date DEFAULT NULL,
  `last_check` date DEFAULT NULL,
  `retired` date DEFAULT NULL,
  `retired_reason` varchar(255) COLLATE utf8_unicode_ci DEFAULT NULL,
  `price` decimal(8,2) DEFAULT NULL,
  `is_broken` tinyint(1) DEFAULT '0',
  `is_incomplete` tinyint(1) DEFAULT '0',
  `is_borrowable` tinyint(1) DEFAULT '0',
  `needs_permission` tinyint(1) DEFAULT '0',
  `inventory_pool_id` int(11) NOT NULL,
  `is_inventory_relevant` tinyint(1) DEFAULT '0',
  `responsible` varchar(255) COLLATE utf8_unicode_ci DEFAULT NULL,
  `insurance_number` varchar(255) COLLATE utf8_unicode_ci DEFAULT NULL,
  `note` text COLLATE utf8_unicode_ci,
  `name` text COLLATE utf8_unicode_ci,
  `user_name` varchar(255) COLLATE utf8_unicode_ci DEFAULT NULL,
  `properties` varchar(2048) COLLATE utf8_unicode_ci DEFAULT NULL,
  `created_at` datetime DEFAULT NULL,
  `updated_at` datetime DEFAULT NULL,
  PRIMARY KEY (`id`),
  UNIQUE KEY `index_items_on_inventory_code` (`inventory_code`),
  KEY `index_items_on_inventory_pool_id` (`inventory_pool_id`),
  KEY `index_items_on_retired` (`retired`),
  KEY `index_items_on_is_borrowable` (`is_borrowable`),
  KEY `index_items_on_is_broken` (`is_broken`),
  KEY `index_items_on_is_incomplete` (`is_incomplete`),
  KEY `index_items_on_location_id` (`location_id`),
  KEY `index_items_on_owner_id` (`owner_id`),
  KEY `index_items_on_parent_id_and_retired` (`parent_id`,`retired`),
  KEY `index_items_on_model_id_and_retired_and_inventory_pool_id` (`model_id`,`retired`,`inventory_pool_id`),
  KEY `items_supplier_id_fk` (`supplier_id`),
  CONSTRAINT `items_supplier_id_fk` FOREIGN KEY (`supplier_id`) REFERENCES `suppliers` (`id`),
  CONSTRAINT `items_inventory_pool_id_fk` FOREIGN KEY (`inventory_pool_id`) REFERENCES `inventory_pools` (`id`),
  CONSTRAINT `items_location_id_fk` FOREIGN KEY (`location_id`) REFERENCES `locations` (`id`),
  CONSTRAINT `items_model_id_fk` FOREIGN KEY (`model_id`) REFERENCES `models` (`id`),
  CONSTRAINT `items_owner_id_fk` FOREIGN KEY (`owner_id`) REFERENCES `inventory_pools` (`id`),
  CONSTRAINT `items_parent_id_fk` FOREIGN KEY (`parent_id`) REFERENCES `items` (`id`) ON DELETE SET NULL
) ENGINE=InnoDB AUTO_INCREMENT=273 DEFAULT CHARSET=utf8 COLLATE=utf8_unicode_ci;
/*!40101 SET character_set_client = @saved_cs_client */;

--
-- Dumping data for table `items`
--

LOCK TABLES `items` WRITE;
/*!40000 ALTER TABLE `items` DISABLE KEYS */;
INSERT INTO `items` VALUES (1,'fajtpaz0dz559n0gxrlr402','7a:b7:a3:a2:56:ea-58:f3:1c:69:13:4a-2e:da:cb:b6:e0:e0',1,1,1,6,NULL,NULL,'2007-10-26','2012-09-29',NULL,NULL,'894.00',0,0,1,0,5,1,NULL,NULL,NULL,NULL,NULL,'--- !ruby/hash:ActiveSupport::HashWithIndifferentAccess\nanschaffungskategorie: AV-Technik\nreference: invoice\numzug: zgeln\nankunftszustand: intakt\n','2012-09-29 16:22:59','2012-09-29 16:22:59'),(2,'1x7db8w320klys35czky403','6b:07:c1:86:73:28-60:09:2e:98:45:02-15:9c:eb:26:d1:d2',1,2,2,7,NULL,NULL,'2010-05-06','2012-09-29',NULL,NULL,'649.00',0,0,1,0,5,1,NULL,NULL,NULL,NULL,NULL,'--- !ruby/hash:ActiveSupport::HashWithIndifferentAccess\nanschaffungskategorie: AV-Technik\nreference: invoice\numzug: zgeln\nankunftszustand: intakt\n','2012-09-29 16:22:59','2012-09-29 16:22:59'),(3,'xct780rfasvgj7e9vjqw404','af:1f:15:f3:62:d5-9e:d0:82:25:88:67-72:4d:d7:da:0e:c1',1,3,3,8,NULL,NULL,'2008-09-20','2012-09-29',NULL,NULL,'5.00',0,0,1,0,5,1,NULL,NULL,NULL,NULL,NULL,'--- !ruby/hash:ActiveSupport::HashWithIndifferentAccess\nanschaffungskategorie: AV-Technik\nreference: invoice\numzug: zgeln\nankunftszustand: intakt\n','2012-09-29 16:22:59','2012-09-29 16:22:59'),(4,'p6q6qwityonmz46er8xv405','dd:44:48:56:10:2d-7b:83:db:3b:f4:29-1b:59:ae:64:af:3e',5,4,4,9,NULL,NULL,'2011-07-30','2012-09-29',NULL,NULL,'793.00',0,0,1,0,5,1,NULL,NULL,NULL,NULL,NULL,'--- !ruby/hash:ActiveSupport::HashWithIndifferentAccess\nanschaffungskategorie: AV-Technik\nreference: invoice\numzug: zgeln\nankunftszustand: intakt\n','2012-09-29 16:22:59','2012-09-29 16:22:59'),(5,'6u3rk3zr8xco1c0av4wr406','4f:6c:64:a1:66:18-08:a1:44:46:f1:a1-ea:29:02:da:59:c7',5,5,5,8,NULL,NULL,'2008-12-07','2012-09-29',NULL,NULL,'1168.00',0,0,1,0,5,1,NULL,NULL,NULL,NULL,NULL,'--- !ruby/hash:ActiveSupport::HashWithIndifferentAccess\nanschaffungskategorie: AV-Technik\nreference: invoice\numzug: zgeln\nankunftszustand: intakt\n','2012-09-29 16:22:59','2012-09-29 16:22:59'),(6,'v1wwfiiynscepr7q8xye407','e7:fa:95:65:81:0e-67:ec:fc:5a:bb:a0-42:c0:6c:17:4f:db',5,6,6,10,NULL,NULL,'2010-05-28','2012-09-29',NULL,NULL,'1046.00',0,0,1,0,5,1,NULL,NULL,NULL,NULL,NULL,'--- !ruby/hash:ActiveSupport::HashWithIndifferentAccess\nanschaffungskategorie: AV-Technik\nreference: invoice\numzug: zgeln\nankunftszustand: intakt\n','2012-09-29 16:22:59','2012-09-29 16:22:59'),(7,'p1x3gt06ae2vqzcu3nlc408','c6:24:c8:52:9a:a9-a8:90:4d:3b:87:2a-e7:3b:07:26:cd:62',9,7,7,11,NULL,NULL,'2007-12-12','2012-09-29',NULL,NULL,'458.00',0,0,1,0,5,1,NULL,NULL,NULL,NULL,NULL,'--- !ruby/hash:ActiveSupport::HashWithIndifferentAccess\nanschaffungskategorie: AV-Technik\nreference: invoice\numzug: zgeln\nankunftszustand: intakt\n','2012-09-29 16:22:59','2012-09-29 16:22:59'),(8,'pb3m4a0bpllvz0tceddn409','e6:78:2b:c5:27:67-36:a6:71:7e:ec:26-04:c4:91:27:01:0a',9,8,8,11,NULL,NULL,'2008-06-29','2012-09-29',NULL,NULL,'1149.00',0,0,1,0,5,1,NULL,NULL,NULL,NULL,NULL,'--- !ruby/hash:ActiveSupport::HashWithIndifferentAccess\nanschaffungskategorie: AV-Technik\nreference: invoice\numzug: zgeln\nankunftszustand: intakt\n','2012-09-29 16:22:59','2012-09-29 16:22:59'),(9,'u0drlt1wq5lt0xsk10sa410','52:fa:10:8d:77:63-b8:d0:c4:f4:19:8f-3a:65:47:6a:81:fe',9,9,9,7,NULL,NULL,'2010-11-29','2012-09-29',NULL,NULL,'477.00',0,0,1,0,5,1,NULL,NULL,NULL,NULL,NULL,'--- !ruby/hash:ActiveSupport::HashWithIndifferentAccess\nanschaffungskategorie: AV-Technik\nreference: invoice\numzug: zgeln\nankunftszustand: intakt\n','2012-09-29 16:22:59','2012-09-29 16:22:59'),(10,'kmcd3a703iuxh298o4el411','c5:5e:1d:63:58:c2-d1:62:8d:06:46:d7-7c:6d:15:f4:7e:3c',13,10,10,2,NULL,NULL,'2010-08-18','2012-09-29',NULL,NULL,'1041.00',0,0,1,0,12,1,NULL,NULL,NULL,NULL,NULL,'--- !ruby/hash:ActiveSupport::HashWithIndifferentAccess\nanschaffungskategorie: AV-Technik\nreference: invoice\numzug: zgeln\nankunftszustand: intakt\n','2012-09-29 16:22:59','2012-09-29 16:22:59'),(11,'0rjge488tcjq2344okwi412','e7:6a:67:0a:7e:3f-8b:fa:61:5a:2a:32-62:fa:b3:98:aa:69',13,11,11,1,NULL,NULL,'2010-12-13','2012-09-29',NULL,NULL,'910.00',0,0,1,0,12,1,NULL,NULL,NULL,NULL,NULL,'--- !ruby/hash:ActiveSupport::HashWithIndifferentAccess\nanschaffungskategorie: AV-Technik\nreference: invoice\numzug: zgeln\nankunftszustand: intakt\n','2012-09-29 16:22:59','2012-09-29 16:22:59'),(12,'i1etsi11jz16md01wovz413','81:48:fb:1c:dc:59-a1:88:d4:63:fe:34-d8:d2:64:98:b8:79',13,12,12,5,NULL,NULL,'2010-07-14','2012-09-29',NULL,NULL,'257.00',0,0,1,0,12,1,NULL,NULL,NULL,NULL,NULL,'--- !ruby/hash:ActiveSupport::HashWithIndifferentAccess\nanschaffungskategorie: AV-Technik\nreference: invoice\numzug: zgeln\nankunftszustand: intakt\n','2012-09-29 16:22:59','2012-09-29 16:22:59'),(13,'tzejsl3of8yoghp1patv414','76:c7:3f:66:fe:4d-a1:5b:fc:c7:e6:53-07:11:ff:40:d5:16',17,13,13,3,NULL,NULL,'2011-10-01','2012-09-29',NULL,NULL,'1038.00',0,0,1,0,12,1,NULL,NULL,NULL,NULL,NULL,'--- !ruby/hash:ActiveSupport::HashWithIndifferentAccess\nanschaffungskategorie: AV-Technik\nreference: invoice\numzug: zgeln\nankunftszustand: intakt\n','2012-09-29 16:22:59','2012-09-29 16:22:59'),(14,'80c5qeseihpo1kfa5zz7415','48:58:f8:50:aa:ad-54:80:0a:8d:99:8e-e8:ce:e0:4b:51:26',17,14,14,9,NULL,NULL,'2007-01-30','2012-09-29',NULL,NULL,'631.00',0,0,1,0,12,1,NULL,NULL,NULL,NULL,NULL,'--- !ruby/hash:ActiveSupport::HashWithIndifferentAccess\nanschaffungskategorie: AV-Technik\nreference: invoice\numzug: zgeln\nankunftszustand: intakt\n','2012-09-29 16:22:59','2012-09-29 16:22:59'),(15,'rcy2ywhbrvp5jjzdywm0416','37:11:06:65:7c:52-5a:a1:e5:9b:e0:67-20:93:19:d7:7a:52',17,15,15,12,NULL,NULL,'2007-10-17','2012-09-29',NULL,NULL,'897.00',0,0,1,0,12,1,NULL,NULL,NULL,NULL,NULL,'--- !ruby/hash:ActiveSupport::HashWithIndifferentAccess\nanschaffungskategorie: AV-Technik\nreference: invoice\numzug: zgeln\nankunftszustand: intakt\n','2012-09-29 16:22:59','2012-09-29 16:22:59'),(16,'vav694h6d7yex0vfapt0417','ae:59:23:be:2b:5d-fe:bb:99:4e:22:db-e7:7d:a4:0f:8c:2b',21,16,16,4,NULL,NULL,'2008-03-28','2012-09-29',NULL,NULL,'326.00',0,0,1,0,12,1,NULL,NULL,NULL,NULL,NULL,'--- !ruby/hash:ActiveSupport::HashWithIndifferentAccess\nanschaffungskategorie: AV-Technik\nreference: invoice\numzug: zgeln\nankunftszustand: intakt\n','2012-09-29 16:22:59','2012-09-29 16:22:59'),(17,'9pmxd0n3ya28v9acsbpd418','5e:cb:6d:00:cf:b9-e5:48:a5:b0:9e:cc-8b:74:1e:67:f1:e5',21,17,17,3,NULL,NULL,'2010-05-08','2012-09-29',NULL,NULL,'418.00',0,0,1,0,12,1,NULL,NULL,NULL,NULL,NULL,'--- !ruby/hash:ActiveSupport::HashWithIndifferentAccess\nanschaffungskategorie: AV-Technik\nreference: invoice\numzug: zgeln\nankunftszustand: intakt\n','2012-09-29 16:22:59','2012-09-29 16:22:59'),(18,'b4a36tqasth0n9hi4wz7419','30:d4:5d:ed:25:bc-2e:cf:07:6a:5c:e7-78:16:ba:ac:7a:56',21,18,18,11,NULL,NULL,'2008-03-19','2012-09-29',NULL,NULL,'566.00',0,0,1,0,12,1,NULL,NULL,NULL,NULL,NULL,'--- !ruby/hash:ActiveSupport::HashWithIndifferentAccess\nanschaffungskategorie: AV-Technik\nreference: invoice\numzug: zgeln\nankunftszustand: intakt\n','2012-09-29 16:22:59','2012-09-29 16:22:59'),(19,'o7b29jle3x4scdi7trrh420','dc:d8:1f:7f:2f:be-31:78:2c:db:9b:b3-ba:58:08:25:a7:a2',25,19,19,4,NULL,NULL,'2008-09-30','2012-09-29',NULL,NULL,'907.00',0,0,1,0,1,1,NULL,NULL,NULL,NULL,NULL,'--- !ruby/hash:ActiveSupport::HashWithIndifferentAccess\nanschaffungskategorie: AV-Technik\nreference: invoice\numzug: zgeln\nankunftszustand: intakt\n','2012-09-29 16:22:59','2012-09-29 16:22:59'),(20,'bin778e8cc2ic2e07ltt421','ff:44:eb:46:21:cf-97:25:15:36:e1:87-af:8c:58:52:e8:00',25,20,20,8,NULL,NULL,'2007-05-25','2012-09-29',NULL,NULL,'208.00',0,0,1,0,1,1,NULL,NULL,NULL,NULL,NULL,'--- !ruby/hash:ActiveSupport::HashWithIndifferentAccess\nanschaffungskategorie: AV-Technik\nreference: invoice\numzug: zgeln\nankunftszustand: intakt\n','2012-09-29 16:22:59','2012-09-29 16:22:59'),(21,'5h1aby4mty9et5k95io7422','a2:f3:1c:e7:51:3b-6d:dc:33:39:1f:1c-1b:26:39:36:da:8b',25,21,21,3,NULL,NULL,'2008-12-30','2012-09-29',NULL,NULL,'910.00',0,0,1,0,1,1,NULL,NULL,NULL,NULL,NULL,'--- !ruby/hash:ActiveSupport::HashWithIndifferentAccess\nanschaffungskategorie: AV-Technik\nreference: invoice\numzug: zgeln\nankunftszustand: intakt\n','2012-09-29 16:22:59','2012-09-29 16:22:59'),(22,'rgltf065nbgtck77wgko423','75:62:f6:f6:9c:d3-23:60:46:df:ae:17-71:0d:ce:2a:3a:5f',29,22,22,9,NULL,NULL,'2010-12-26','2012-09-29',NULL,NULL,'1457.00',0,0,1,0,1,1,NULL,NULL,NULL,NULL,NULL,'--- !ruby/hash:ActiveSupport::HashWithIndifferentAccess\nanschaffungskategorie: AV-Technik\nreference: invoice\numzug: zgeln\nankunftszustand: intakt\n','2012-09-29 16:22:59','2012-09-29 16:22:59'),(23,'awnhlyw001123ggwn7nw424','1d:0d:fa:89:56:ed-45:b2:d7:84:d2:af-97:e5:02:fd:1e:cb',29,23,23,9,NULL,NULL,'2010-11-13','2012-09-29',NULL,NULL,'667.00',0,0,1,0,1,1,NULL,NULL,NULL,NULL,NULL,'--- !ruby/hash:ActiveSupport::HashWithIndifferentAccess\nanschaffungskategorie: AV-Technik\nreference: invoice\numzug: zgeln\nankunftszustand: intakt\n','2012-09-29 16:22:59','2012-09-29 16:22:59'),(24,'2kuh1kogvops77kwlqjz425','98:44:c0:67:ec:ed-1f:ea:91:9b:16:1d-9d:6b:37:26:9a:29',29,24,24,8,NULL,NULL,'2011-12-03','2012-09-29',NULL,NULL,'1309.00',0,0,1,0,1,1,NULL,NULL,NULL,NULL,NULL,'--- !ruby/hash:ActiveSupport::HashWithIndifferentAccess\nanschaffungskategorie: AV-Technik\nreference: invoice\numzug: zgeln\nankunftszustand: intakt\n','2012-09-29 16:22:59','2012-09-29 16:22:59'),(25,'yykjzjc273yqe6c5xfv1426','1a:b9:ba:7e:14:75-8e:b9:ef:38:39:55-9d:01:61:a3:17:3d',33,25,25,4,NULL,NULL,'2009-09-11','2012-09-29',NULL,NULL,'1333.00',0,0,1,0,1,1,NULL,NULL,NULL,NULL,NULL,'--- !ruby/hash:ActiveSupport::HashWithIndifferentAccess\nanschaffungskategorie: AV-Technik\nreference: invoice\numzug: zgeln\nankunftszustand: intakt\n','2012-09-29 16:22:59','2012-09-29 16:22:59'),(26,'zw7pmwmws8w0ebz991sl427','80:4e:c3:fb:61:d7-d7:35:fb:d0:6a:de-12:05:2d:fd:14:6c',33,26,26,3,NULL,NULL,'2007-01-06','2012-09-29',NULL,NULL,'639.00',0,0,1,0,1,1,NULL,NULL,NULL,NULL,NULL,'--- !ruby/hash:ActiveSupport::HashWithIndifferentAccess\nanschaffungskategorie: AV-Technik\nreference: invoice\numzug: zgeln\nankunftszustand: intakt\n','2012-09-29 16:22:59','2012-09-29 16:22:59'),(27,'mh3f2ty1vfle0w9jybc0428','cb:06:70:b8:6a:34-35:97:a8:e1:56:91-ca:47:e8:fb:4c:47',33,27,27,2,NULL,NULL,'2011-02-05','2012-09-29',NULL,NULL,'920.00',0,0,1,0,1,1,NULL,NULL,NULL,NULL,NULL,'--- !ruby/hash:ActiveSupport::HashWithIndifferentAccess\nanschaffungskategorie: AV-Technik\nreference: invoice\numzug: zgeln\nankunftszustand: intakt\n','2012-09-29 16:22:59','2012-09-29 16:22:59'),(28,'t3ib641jf6z5q0nv5vqv429','39:20:6f:5d:13:e4-da:47:87:f9:e1:e0-6b:27:a5:28:46:1d',37,28,28,5,NULL,NULL,'2009-01-10','2012-09-29',NULL,NULL,'1396.00',0,0,1,0,1,1,NULL,NULL,NULL,NULL,NULL,'--- !ruby/hash:ActiveSupport::HashWithIndifferentAccess\nanschaffungskategorie: AV-Technik\nreference: invoice\numzug: zgeln\nankunftszustand: intakt\n','2012-09-29 16:22:59','2012-09-29 16:22:59'),(29,'z0gyj04ountwfu95g7g8430','d0:e7:51:54:d4:ac-3b:e0:f2:f9:e4:4c-a9:d8:ef:67:50:98',37,29,29,11,NULL,NULL,'2011-12-09','2012-09-29',NULL,NULL,'784.00',0,0,1,0,1,1,NULL,NULL,NULL,NULL,NULL,'--- !ruby/hash:ActiveSupport::HashWithIndifferentAccess\nanschaffungskategorie: AV-Technik\nreference: invoice\numzug: zgeln\nankunftszustand: intakt\n','2012-09-29 16:22:59','2012-09-29 16:22:59'),(30,'xs5reroach7y3m73ufk0431','58:03:5b:0f:04:64-87:f1:d9:58:4c:09-f5:91:78:7b:f7:29',37,30,30,5,NULL,NULL,'2008-07-10','2012-09-29',NULL,NULL,'709.00',0,0,1,0,1,1,NULL,NULL,NULL,NULL,NULL,'--- !ruby/hash:ActiveSupport::HashWithIndifferentAccess\nanschaffungskategorie: AV-Technik\nreference: invoice\numzug: zgeln\nankunftszustand: intakt\n','2012-09-29 16:22:59','2012-09-29 16:22:59'),(31,'book1','book1',41,31,31,2,NULL,NULL,'2010-03-14','2012-09-29',NULL,NULL,'1212.00',0,0,1,0,2,1,NULL,NULL,NULL,NULL,NULL,'--- !ruby/hash:ActiveSupport::HashWithIndifferentAccess\nanschaffungskategorie: AV-Technik\nreference: invoice\numzug: zgeln\nankunftszustand: intakt\n','2012-09-29 16:22:59','2012-09-29 16:22:59'),(32,'book2','book2',41,31,32,2,NULL,NULL,'2010-02-07','2012-09-29',NULL,NULL,'1164.00',0,0,1,0,2,1,NULL,NULL,NULL,NULL,NULL,'--- !ruby/hash:ActiveSupport::HashWithIndifferentAccess\nanschaffungskategorie: AV-Technik\nreference: invoice\numzug: zgeln\nankunftszustand: intakt\n','2012-09-29 16:22:59','2012-09-29 16:22:59'),(33,'beam123','xyz456',42,32,33,1,NULL,NULL,'2007-07-11','2012-09-29',NULL,NULL,'1186.00',0,0,1,0,1,1,NULL,NULL,NULL,'name123',NULL,'--- !ruby/hash:ActiveSupport::HashWithIndifferentAccess\nanschaffungskategorie: AV-Technik\nreference: invoice\numzug: zgeln\nankunftszustand: intakt\n','2012-09-29 16:22:59','2012-09-29 16:22:59'),(34,'beam345','xyz890',42,32,34,1,NULL,NULL,'2009-06-17','2012-09-29',NULL,NULL,'78.00',0,0,1,0,1,1,NULL,NULL,NULL,NULL,NULL,'--- !ruby/hash:ActiveSupport::HashWithIndifferentAccess\nanschaffungskategorie: AV-Technik\nreference: invoice\numzug: zgeln\nankunftszustand: intakt\n','2012-09-29 16:22:59','2012-09-29 16:22:59'),(35,'beam678','xyz678',43,32,35,1,NULL,NULL,'2010-07-08','2012-09-29',NULL,NULL,'1243.00',0,0,1,0,1,1,NULL,NULL,NULL,NULL,NULL,'--- !ruby/hash:ActiveSupport::HashWithIndifferentAccess\nanschaffungskategorie: AV-Technik\nreference: invoice\numzug: zgeln\nankunftszustand: intakt\n','2012-09-29 16:22:59','2012-09-29 16:22:59'),(36,'beam749','xyz749',42,32,36,1,NULL,NULL,'2007-01-17','2012-09-29',NULL,NULL,'908.00',0,0,1,0,2,1,NULL,NULL,NULL,NULL,NULL,'--- !ruby/hash:ActiveSupport::HashWithIndifferentAccess\nanschaffungskategorie: AV-Technik\nreference: invoice\numzug: zgeln\nankunftszustand: intakt\n','2012-09-29 16:22:59','2012-09-29 16:22:59'),(37,'beamTest123','xyz749',45,32,37,1,NULL,NULL,'2011-05-01','2012-09-29',NULL,NULL,'476.00',0,0,1,0,1,1,NULL,NULL,NULL,NULL,NULL,'--- !ruby/hash:ActiveSupport::HashWithIndifferentAccess\nanschaffungskategorie: AV-Technik\nreference: invoice\numzug: zgeln\nankunftszustand: intakt\n','2012-09-29 16:22:59','2012-09-29 16:22:59'),(38,'ucbeam1','minbeam1',46,32,38,1,NULL,NULL,'2011-07-22','2012-09-29',NULL,NULL,'715.00',0,0,1,0,1,1,NULL,NULL,NULL,'ucbeam1',NULL,'--- !ruby/hash:ActiveSupport::HashWithIndifferentAccess\nanschaffungskategorie: AV-Technik\nreference: invoice\numzug: zgeln\nankunftszustand: intakt\n','2012-09-29 16:22:59','2012-09-29 16:22:59'),(39,'microbeam1','microbeam1',47,32,39,1,NULL,NULL,'2010-01-09','2012-09-29',NULL,NULL,'944.00',0,0,1,0,1,1,NULL,NULL,NULL,'microbeam1',NULL,'--- !ruby/hash:ActiveSupport::HashWithIndifferentAccess\nanschaffungskategorie: AV-Technik\nreference: invoice\numzug: zgeln\nankunftszustand: intakt\n','2012-09-29 16:22:59','2012-09-29 16:22:59'),(40,'mbeam1','mbeam1',48,32,40,1,NULL,NULL,'2011-10-09','2012-09-29',NULL,NULL,'190.00',0,0,1,0,1,1,NULL,NULL,NULL,'mbeam1',NULL,'--- !ruby/hash:ActiveSupport::HashWithIndifferentAccess\nanschaffungskategorie: AV-Technik\nreference: invoice\numzug: zgeln\nankunftszustand: intakt\n','2012-09-29 16:22:59','2012-09-29 16:22:59'),(41,'mbeam2','mbeam2',49,32,41,1,NULL,NULL,'2011-11-14','2012-09-29',NULL,NULL,'135.00',0,0,1,0,1,1,NULL,NULL,NULL,'mbeam2',NULL,'--- !ruby/hash:ActiveSupport::HashWithIndifferentAccess\nanschaffungskategorie: AV-Technik\nreference: invoice\numzug: zgeln\nankunftszustand: intakt\n','2012-09-29 16:22:59','2012-09-29 16:22:59'),(42,'mbeam3','mbeam3',50,32,42,1,NULL,NULL,'2009-12-05','2012-09-29',NULL,NULL,'1136.00',0,0,1,0,1,1,NULL,NULL,NULL,'mbeam3',NULL,'--- !ruby/hash:ActiveSupport::HashWithIndifferentAccess\nanschaffungskategorie: AV-Technik\nreference: invoice\numzug: zgeln\nankunftszustand: intakt\n','2012-09-29 16:22:59','2012-09-29 16:22:59'),(43,'mbeam4','mbeam4',51,32,43,1,NULL,NULL,'2008-08-08','2012-09-29',NULL,NULL,'911.00',0,0,1,0,1,1,NULL,NULL,NULL,'mbeam4',NULL,'--- !ruby/hash:ActiveSupport::HashWithIndifferentAccess\nanschaffungskategorie: AV-Technik\nreference: invoice\numzug: zgeln\nankunftszustand: intakt\n','2012-09-29 16:22:59','2012-09-29 16:22:59'),(44,'mbeam5','mbeam5',52,32,44,1,NULL,NULL,'2009-08-09','2012-09-29',NULL,NULL,'705.00',0,0,1,0,1,1,NULL,NULL,NULL,'mbeam5',NULL,'--- !ruby/hash:ActiveSupport::HashWithIndifferentAccess\nanschaffungskategorie: AV-Technik\nreference: invoice\numzug: zgeln\nankunftszustand: intakt\n','2012-09-29 16:22:59','2012-09-29 16:22:59'),(45,'mbeam6','mbeam6',53,32,45,1,NULL,NULL,'2008-01-26','2012-09-29',NULL,NULL,'211.00',0,0,1,0,1,1,NULL,NULL,NULL,'mbeam6',NULL,'--- !ruby/hash:ActiveSupport::HashWithIndifferentAccess\nanschaffungskategorie: AV-Technik\nreference: invoice\numzug: zgeln\nankunftszustand: intakt\n','2012-09-29 16:22:59','2012-09-29 16:22:59'),(46,'mbeam7','mbeam7',54,32,46,1,NULL,NULL,'2007-01-16','2012-09-29',NULL,NULL,'1170.00',0,0,1,0,1,1,NULL,NULL,NULL,'mbeam7',NULL,'--- !ruby/hash:ActiveSupport::HashWithIndifferentAccess\nanschaffungskategorie: AV-Technik\nreference: invoice\numzug: zgeln\nankunftszustand: intakt\n','2012-09-29 16:22:59','2012-09-29 16:22:59'),(47,'mbeam8','mbeam8',55,32,47,1,NULL,NULL,'2008-07-04','2012-09-29',NULL,NULL,'1228.00',0,0,1,0,1,1,NULL,NULL,NULL,'mbeam8',NULL,'--- !ruby/hash:ActiveSupport::HashWithIndifferentAccess\nanschaffungskategorie: AV-Technik\nreference: invoice\numzug: zgeln\nankunftszustand: intakt\n','2012-09-29 16:22:59','2012-09-29 16:22:59'),(48,'mbeam9','mbeam9',56,32,48,1,NULL,NULL,'2008-04-08','2012-09-29',NULL,NULL,'1453.00',0,0,1,0,1,1,NULL,NULL,NULL,'mbeam9',NULL,'--- !ruby/hash:ActiveSupport::HashWithIndifferentAccess\nanschaffungskategorie: AV-Technik\nreference: invoice\numzug: zgeln\nankunftszustand: intakt\n','2012-09-29 16:22:59','2012-09-29 16:22:59'),(49,'mbeam10','mbeam10',57,32,49,1,NULL,NULL,'2011-01-11','2012-09-29',NULL,NULL,'859.00',0,0,1,0,1,1,NULL,NULL,NULL,'mbeam10',NULL,'--- !ruby/hash:ActiveSupport::HashWithIndifferentAccess\nanschaffungskategorie: AV-Technik\nreference: invoice\numzug: zgeln\nankunftszustand: intakt\n','2012-09-29 16:22:59','2012-09-29 16:22:59'),(50,'mbeam11','mbeam11',58,32,50,1,NULL,NULL,'2008-01-18','2012-09-29',NULL,NULL,'806.00',0,0,1,0,1,1,NULL,NULL,NULL,'mbeam11',NULL,'--- !ruby/hash:ActiveSupport::HashWithIndifferentAccess\nanschaffungskategorie: AV-Technik\nreference: invoice\numzug: zgeln\nankunftszustand: intakt\n','2012-09-29 16:22:59','2012-09-29 16:22:59'),(51,'mbeam12','mbeam12',59,32,51,1,NULL,NULL,'2009-01-20','2012-09-29',NULL,NULL,'1105.00',0,0,1,0,1,1,NULL,NULL,NULL,'mbeam12',NULL,'--- !ruby/hash:ActiveSupport::HashWithIndifferentAccess\nanschaffungskategorie: AV-Technik\nreference: invoice\numzug: zgeln\nankunftszustand: intakt\n','2012-09-29 16:22:59','2012-09-29 16:22:59'),(52,'mbeam13','mbeam13',60,32,52,1,NULL,NULL,'2011-05-02','2012-09-29',NULL,NULL,'1063.00',0,0,1,0,1,1,NULL,NULL,NULL,'mbeam13',NULL,'--- !ruby/hash:ActiveSupport::HashWithIndifferentAccess\nanschaffungskategorie: AV-Technik\nreference: invoice\numzug: zgeln\nankunftszustand: intakt\n','2012-09-29 16:22:59','2012-09-29 16:22:59'),(53,'mbeam14','mbeam14',61,32,53,1,NULL,NULL,'2008-03-22','2012-09-29',NULL,NULL,'294.00',0,0,1,0,1,1,NULL,NULL,NULL,'mbeam14',NULL,'--- !ruby/hash:ActiveSupport::HashWithIndifferentAccess\nanschaffungskategorie: AV-Technik\nreference: invoice\numzug: zgeln\nankunftszustand: intakt\n','2012-09-29 16:22:59','2012-09-29 16:22:59'),(54,'mbeam15','mbeam15',62,32,54,1,NULL,NULL,'2008-10-07','2012-09-29',NULL,NULL,'1485.00',0,0,1,0,1,1,NULL,NULL,NULL,'mbeam15',NULL,'--- !ruby/hash:ActiveSupport::HashWithIndifferentAccess\nanschaffungskategorie: AV-Technik\nreference: invoice\numzug: zgeln\nankunftszustand: intakt\n','2012-09-29 16:22:59','2012-09-29 16:22:59'),(55,'mbeam16','mbeam16',63,32,55,1,NULL,NULL,'2008-12-08','2012-09-29',NULL,NULL,'749.00',0,0,1,0,1,1,NULL,NULL,NULL,'mbeam16',NULL,'--- !ruby/hash:ActiveSupport::HashWithIndifferentAccess\nanschaffungskategorie: AV-Technik\nreference: invoice\numzug: zgeln\nankunftszustand: intakt\n','2012-09-29 16:22:59','2012-09-29 16:22:59'),(56,'mbeam17','mbeam17',64,32,56,1,NULL,NULL,'2009-06-26','2012-09-29',NULL,NULL,'1211.00',0,0,1,0,1,1,NULL,NULL,NULL,'mbeam17',NULL,'--- !ruby/hash:ActiveSupport::HashWithIndifferentAccess\nanschaffungskategorie: AV-Technik\nreference: invoice\numzug: zgeln\nankunftszustand: intakt\n','2012-09-29 16:22:59','2012-09-29 16:22:59'),(57,'mbeam18','mbeam18',65,32,57,1,NULL,NULL,'2007-04-18','2012-09-29',NULL,NULL,'1443.00',0,0,1,0,1,1,NULL,NULL,NULL,'mbeam18',NULL,'--- !ruby/hash:ActiveSupport::HashWithIndifferentAccess\nanschaffungskategorie: AV-Technik\nreference: invoice\numzug: zgeln\nankunftszustand: intakt\n','2012-09-29 16:22:59','2012-09-29 16:22:59'),(58,'mbeam19','mbeam19',66,32,58,1,NULL,NULL,'2009-11-06','2012-09-29',NULL,NULL,'559.00',0,0,1,0,1,1,NULL,NULL,NULL,'mbeam19',NULL,'--- !ruby/hash:ActiveSupport::HashWithIndifferentAccess\nanschaffungskategorie: AV-Technik\nreference: invoice\numzug: zgeln\nankunftszustand: intakt\n','2012-09-29 16:22:59','2012-09-29 16:22:59'),(59,'mbeam20','mbeam20',67,32,59,1,NULL,NULL,'2010-10-12','2012-09-29',NULL,NULL,'1325.00',0,0,1,0,1,1,NULL,NULL,NULL,'mbeam20',NULL,'--- !ruby/hash:ActiveSupport::HashWithIndifferentAccess\nanschaffungskategorie: AV-Technik\nreference: invoice\numzug: zgeln\nankunftszustand: intakt\n','2012-09-29 16:22:59','2012-09-29 16:22:59'),(60,'cam123','abc234',68,32,60,1,NULL,NULL,'2011-06-23','2012-09-29',NULL,NULL,'386.00',0,0,1,0,1,1,NULL,NULL,NULL,NULL,NULL,'--- !ruby/hash:ActiveSupport::HashWithIndifferentAccess\nanschaffungskategorie: AV-Technik\nreference: invoice\numzug: zgeln\nankunftszustand: intakt\n','2012-09-29 16:22:59','2012-09-29 16:22:59'),(61,'cam345','ab567',68,32,61,1,NULL,NULL,'2007-03-31','2012-09-29',NULL,NULL,'1352.00',0,0,1,0,1,1,NULL,NULL,NULL,NULL,NULL,'--- !ruby/hash:ActiveSupport::HashWithIndifferentAccess\nanschaffungskategorie: AV-Technik\nreference: invoice\numzug: zgeln\nankunftszustand: intakt\n','2012-09-29 16:22:59','2012-09-29 16:22:59'),(62,'cam567','ab789',68,32,62,1,NULL,NULL,'2007-07-21','2012-09-29',NULL,NULL,'642.00',0,0,1,0,1,1,NULL,NULL,NULL,NULL,NULL,'--- !ruby/hash:ActiveSupport::HashWithIndifferentAccess\nanschaffungskategorie: AV-Technik\nreference: invoice\numzug: zgeln\nankunftszustand: intakt\n','2012-09-29 16:22:59','2012-09-29 16:22:59'),(63,'cam53267','ab782129',68,32,63,1,NULL,NULL,'2007-09-29','2012-09-29',NULL,NULL,'564.00',0,0,1,0,1,1,NULL,NULL,NULL,NULL,NULL,'--- !ruby/hash:ActiveSupport::HashWithIndifferentAccess\nanschaffungskategorie: AV-Technik\nreference: invoice\numzug: zgeln\nankunftszustand: intakt\n','2012-09-29 16:22:59','2012-09-29 16:22:59'),(64,'cam532asd67','ab78as2129',68,32,64,1,NULL,NULL,'2009-05-06','2012-09-29',NULL,NULL,'342.00',0,0,1,0,1,1,NULL,NULL,NULL,NULL,NULL,'--- !ruby/hash:ActiveSupport::HashWithIndifferentAccess\nanschaffungskategorie: AV-Technik\nreference: invoice\numzug: zgeln\nankunftszustand: intakt\n','2012-09-29 16:22:59','2012-09-29 16:22:59'),(65,'mcam1','mcam1',69,32,65,1,NULL,NULL,'2011-04-23','2012-09-29',NULL,NULL,'715.00',0,0,1,0,1,1,NULL,NULL,NULL,'mcam1',NULL,'--- !ruby/hash:ActiveSupport::HashWithIndifferentAccess\nanschaffungskategorie: AV-Technik\nreference: invoice\numzug: zgeln\nankunftszustand: intakt\n','2012-09-29 16:22:59','2012-09-29 16:22:59'),(66,'mcam2','mcam2',70,32,66,1,NULL,NULL,'2009-06-08','2012-09-29',NULL,NULL,'228.00',0,0,1,0,1,1,NULL,NULL,NULL,'mcam2',NULL,'--- !ruby/hash:ActiveSupport::HashWithIndifferentAccess\nanschaffungskategorie: AV-Technik\nreference: invoice\numzug: zgeln\nankunftszustand: intakt\n','2012-09-29 16:22:59','2012-09-29 16:22:59'),(67,'mcam3','mcam3',71,32,67,1,NULL,NULL,'2011-04-03','2012-09-29',NULL,NULL,'1154.00',0,0,1,0,1,1,NULL,NULL,NULL,'mcam3',NULL,'--- !ruby/hash:ActiveSupport::HashWithIndifferentAccess\nanschaffungskategorie: AV-Technik\nreference: invoice\numzug: zgeln\nankunftszustand: intakt\n','2012-09-29 16:22:59','2012-09-29 16:22:59'),(68,'mcam4','mcam4',72,32,68,1,NULL,NULL,'2011-06-04','2012-09-29',NULL,NULL,'688.00',0,0,1,0,1,1,NULL,NULL,NULL,'mcam4',NULL,'--- !ruby/hash:ActiveSupport::HashWithIndifferentAccess\nanschaffungskategorie: AV-Technik\nreference: invoice\numzug: zgeln\nankunftszustand: intakt\n','2012-09-29 16:22:59','2012-09-29 16:22:59'),(69,'mcam5','mcam5',73,32,69,1,NULL,NULL,'2008-10-01','2012-09-29',NULL,NULL,'1117.00',0,0,1,0,1,1,NULL,NULL,NULL,'mcam5',NULL,'--- !ruby/hash:ActiveSupport::HashWithIndifferentAccess\nanschaffungskategorie: AV-Technik\nreference: invoice\numzug: zgeln\nankunftszustand: intakt\n','2012-09-29 16:22:59','2012-09-29 16:22:59'),(70,'mcam6','mcam6',74,32,70,1,NULL,NULL,'2011-03-01','2012-09-29',NULL,NULL,'220.00',0,0,1,0,1,1,NULL,NULL,NULL,'mcam6',NULL,'--- !ruby/hash:ActiveSupport::HashWithIndifferentAccess\nanschaffungskategorie: AV-Technik\nreference: invoice\numzug: zgeln\nankunftszustand: intakt\n','2012-09-29 16:22:59','2012-09-29 16:22:59'),(71,'mcam7','mcam7',75,32,71,1,NULL,NULL,'2009-07-25','2012-09-29',NULL,NULL,'898.00',0,0,1,0,1,1,NULL,NULL,NULL,'mcam7',NULL,'--- !ruby/hash:ActiveSupport::HashWithIndifferentAccess\nanschaffungskategorie: AV-Technik\nreference: invoice\numzug: zgeln\nankunftszustand: intakt\n','2012-09-29 16:22:59','2012-09-29 16:22:59'),(72,'mcam8','mcam8',76,32,72,1,NULL,NULL,'2009-05-02','2012-09-29',NULL,NULL,'538.00',0,0,1,0,1,1,NULL,NULL,NULL,'mcam8',NULL,'--- !ruby/hash:ActiveSupport::HashWithIndifferentAccess\nanschaffungskategorie: AV-Technik\nreference: invoice\numzug: zgeln\nankunftszustand: intakt\n','2012-09-29 16:22:59','2012-09-29 16:22:59'),(73,'mcam9','mcam9',77,32,73,1,NULL,NULL,'2008-11-29','2012-09-29',NULL,NULL,'24.00',0,0,1,0,1,1,NULL,NULL,NULL,'mcam9',NULL,'--- !ruby/hash:ActiveSupport::HashWithIndifferentAccess\nanschaffungskategorie: AV-Technik\nreference: invoice\numzug: zgeln\nankunftszustand: intakt\n','2012-09-29 16:22:59','2012-09-29 16:22:59'),(74,'mcam10','mcam10',78,32,74,1,NULL,NULL,'2010-12-31','2012-09-29',NULL,NULL,'1100.00',0,0,1,0,1,1,NULL,NULL,NULL,'mcam10',NULL,'--- !ruby/hash:ActiveSupport::HashWithIndifferentAccess\nanschaffungskategorie: AV-Technik\nreference: invoice\numzug: zgeln\nankunftszustand: intakt\n','2012-09-29 16:22:59','2012-09-29 16:22:59'),(75,'mcam11','mcam11',79,32,75,1,NULL,NULL,'2011-05-01','2012-09-29',NULL,NULL,'383.00',0,0,1,0,1,1,NULL,NULL,NULL,'mcam11',NULL,'--- !ruby/hash:ActiveSupport::HashWithIndifferentAccess\nanschaffungskategorie: AV-Technik\nreference: invoice\numzug: zgeln\nankunftszustand: intakt\n','2012-09-29 16:22:59','2012-09-29 16:22:59'),(76,'mcam12','mcam12',80,32,76,1,NULL,NULL,'2009-09-17','2012-09-29',NULL,NULL,'177.00',0,0,1,0,1,1,NULL,NULL,NULL,'mcam12',NULL,'--- !ruby/hash:ActiveSupport::HashWithIndifferentAccess\nanschaffungskategorie: AV-Technik\nreference: invoice\numzug: zgeln\nankunftszustand: intakt\n','2012-09-29 16:22:59','2012-09-29 16:22:59'),(77,'mcam13','mcam13',81,32,77,1,NULL,NULL,'2008-07-18','2012-09-29',NULL,NULL,'30.00',0,0,1,0,1,1,NULL,NULL,NULL,'mcam13',NULL,'--- !ruby/hash:ActiveSupport::HashWithIndifferentAccess\nanschaffungskategorie: AV-Technik\nreference: invoice\numzug: zgeln\nankunftszustand: intakt\n','2012-09-29 16:22:59','2012-09-29 16:22:59'),(78,'mcam14','mcam14',82,32,78,1,NULL,NULL,'2010-06-07','2012-09-29',NULL,NULL,'913.00',0,0,1,0,1,1,NULL,NULL,NULL,'mcam14',NULL,'--- !ruby/hash:ActiveSupport::HashWithIndifferentAccess\nanschaffungskategorie: AV-Technik\nreference: invoice\numzug: zgeln\nankunftszustand: intakt\n','2012-09-29 16:22:59','2012-09-29 16:22:59'),(79,'mcam15','mcam15',83,32,79,1,NULL,NULL,'2008-05-31','2012-09-29',NULL,NULL,'639.00',0,0,1,0,1,1,NULL,NULL,NULL,'mcam15',NULL,'--- !ruby/hash:ActiveSupport::HashWithIndifferentAccess\nanschaffungskategorie: AV-Technik\nreference: invoice\numzug: zgeln\nankunftszustand: intakt\n','2012-09-29 16:22:59','2012-09-29 16:22:59'),(80,'mcam16','mcam16',84,32,80,1,NULL,NULL,'2007-12-30','2012-09-29',NULL,NULL,'632.00',0,0,1,0,1,1,NULL,NULL,NULL,'mcam16',NULL,'--- !ruby/hash:ActiveSupport::HashWithIndifferentAccess\nanschaffungskategorie: AV-Technik\nreference: invoice\numzug: zgeln\nankunftszustand: intakt\n','2012-09-29 16:22:59','2012-09-29 16:22:59'),(81,'mcam17','mcam17',85,32,81,1,NULL,NULL,'2007-01-24','2012-09-29',NULL,NULL,'1061.00',0,0,1,0,1,1,NULL,NULL,NULL,'mcam17',NULL,'--- !ruby/hash:ActiveSupport::HashWithIndifferentAccess\nanschaffungskategorie: AV-Technik\nreference: invoice\numzug: zgeln\nankunftszustand: intakt\n','2012-09-29 16:22:59','2012-09-29 16:22:59'),(82,'mcam18','mcam18',86,32,82,1,NULL,NULL,'2008-10-08','2012-09-29',NULL,NULL,'608.00',0,0,1,0,1,1,NULL,NULL,NULL,'mcam18',NULL,'--- !ruby/hash:ActiveSupport::HashWithIndifferentAccess\nanschaffungskategorie: AV-Technik\nreference: invoice\numzug: zgeln\nankunftszustand: intakt\n','2012-09-29 16:22:59','2012-09-29 16:22:59'),(83,'mcam19','mcam19',87,32,83,1,NULL,NULL,'2008-08-26','2012-09-29',NULL,NULL,'505.00',0,0,1,0,1,1,NULL,NULL,NULL,'mcam19',NULL,'--- !ruby/hash:ActiveSupport::HashWithIndifferentAccess\nanschaffungskategorie: AV-Technik\nreference: invoice\numzug: zgeln\nankunftszustand: intakt\n','2012-09-29 16:22:59','2012-09-29 16:22:59'),(84,'mcam20','mcam20',88,32,84,1,NULL,NULL,'2008-09-04','2012-09-29',NULL,NULL,'53.00',0,0,1,0,1,1,NULL,NULL,NULL,'mcam20',NULL,'--- !ruby/hash:ActiveSupport::HashWithIndifferentAccess\nanschaffungskategorie: AV-Technik\nreference: invoice\numzug: zgeln\nankunftszustand: intakt\n','2012-09-29 16:22:59','2012-09-29 16:22:59'),(85,'mcam21','mcam21',89,32,85,1,NULL,NULL,'2008-11-21','2012-09-29',NULL,NULL,'148.00',0,0,1,0,1,1,NULL,NULL,NULL,'mcam21',NULL,'--- !ruby/hash:ActiveSupport::HashWithIndifferentAccess\nanschaffungskategorie: AV-Technik\nreference: invoice\numzug: zgeln\nankunftszustand: intakt\n','2012-09-29 16:22:59','2012-09-29 16:22:59'),(86,'mcam22','mcam22',90,32,86,1,NULL,NULL,'2008-11-26','2012-09-29',NULL,NULL,'349.00',0,0,1,0,1,1,NULL,NULL,NULL,'mcam22',NULL,'--- !ruby/hash:ActiveSupport::HashWithIndifferentAccess\nanschaffungskategorie: AV-Technik\nreference: invoice\numzug: zgeln\nankunftszustand: intakt\n','2012-09-29 16:22:59','2012-09-29 16:22:59'),(87,'mcam23','mcam23',91,32,87,1,NULL,NULL,'2010-11-07','2012-09-29',NULL,NULL,'535.00',0,0,1,0,1,1,NULL,NULL,NULL,'mcam23',NULL,'--- !ruby/hash:ActiveSupport::HashWithIndifferentAccess\nanschaffungskategorie: AV-Technik\nreference: invoice\numzug: zgeln\nankunftszustand: intakt\n','2012-09-29 16:22:59','2012-09-29 16:22:59'),(88,'mcam24','mcam24',92,32,88,1,NULL,NULL,'2007-09-09','2012-09-29',NULL,NULL,'561.00',0,0,1,0,1,1,NULL,NULL,NULL,'mcam24',NULL,'--- !ruby/hash:ActiveSupport::HashWithIndifferentAccess\nanschaffungskategorie: AV-Technik\nreference: invoice\numzug: zgeln\nankunftszustand: intakt\n','2012-09-29 16:22:59','2012-09-29 16:22:59'),(89,'mcam25','mcam25',93,32,89,1,NULL,NULL,'2007-03-05','2012-09-29',NULL,NULL,'382.00',0,0,1,0,1,1,NULL,NULL,NULL,'mcam25',NULL,'--- !ruby/hash:ActiveSupport::HashWithIndifferentAccess\nanschaffungskategorie: AV-Technik\nreference: invoice\numzug: zgeln\nankunftszustand: intakt\n','2012-09-29 16:22:59','2012-09-29 16:22:59'),(90,'mcam26','mcam26',94,32,90,1,NULL,NULL,'2011-05-05','2012-09-29',NULL,NULL,'824.00',0,0,1,0,1,1,NULL,NULL,NULL,'mcam26',NULL,'--- !ruby/hash:ActiveSupport::HashWithIndifferentAccess\nanschaffungskategorie: AV-Technik\nreference: invoice\numzug: zgeln\nankunftszustand: intakt\n','2012-09-29 16:22:59','2012-09-29 16:22:59'),(91,'mcam27','mcam27',95,32,91,1,NULL,NULL,'2007-03-13','2012-09-29',NULL,NULL,'159.00',0,0,1,0,1,1,NULL,NULL,NULL,'mcam27',NULL,'--- !ruby/hash:ActiveSupport::HashWithIndifferentAccess\nanschaffungskategorie: AV-Technik\nreference: invoice\numzug: zgeln\nankunftszustand: intakt\n','2012-09-29 16:22:59','2012-09-29 16:22:59'),(92,'mcam28','mcam28',96,32,92,1,NULL,NULL,'2010-09-04','2012-09-29',NULL,NULL,'69.00',0,0,1,0,1,1,NULL,NULL,NULL,'mcam28',NULL,'--- !ruby/hash:ActiveSupport::HashWithIndifferentAccess\nanschaffungskategorie: AV-Technik\nreference: invoice\numzug: zgeln\nankunftszustand: intakt\n','2012-09-29 16:22:59','2012-09-29 16:22:59'),(93,'mcam29','mcam29',97,32,93,1,NULL,NULL,'2007-04-15','2012-09-29',NULL,NULL,'296.00',0,0,1,0,1,1,NULL,NULL,NULL,'mcam29',NULL,'--- !ruby/hash:ActiveSupport::HashWithIndifferentAccess\nanschaffungskategorie: AV-Technik\nreference: invoice\numzug: zgeln\nankunftszustand: intakt\n','2012-09-29 16:22:59','2012-09-29 16:22:59'),(94,'mcam30','mcam30',98,32,94,1,NULL,NULL,'2007-12-01','2012-09-29',NULL,NULL,'415.00',0,0,1,0,1,1,NULL,NULL,NULL,'mcam30',NULL,'--- !ruby/hash:ActiveSupport::HashWithIndifferentAccess\nanschaffungskategorie: AV-Technik\nreference: invoice\numzug: zgeln\nankunftszustand: intakt\n','2012-09-29 16:22:59','2012-09-29 16:22:59'),(95,'hifi123','hifi123',99,32,95,1,NULL,NULL,'2008-12-04','2012-09-29',NULL,NULL,'100.00',0,0,1,0,1,1,NULL,NULL,NULL,NULL,NULL,'--- !ruby/hash:ActiveSupport::HashWithIndifferentAccess\nanschaffungskategorie: AV-Technik\nreference: invoice\numzug: zgeln\nankunftszustand: intakt\n','2012-09-29 16:22:59','2012-09-29 16:22:59'),(96,'tri789','fgh567',100,32,96,1,NULL,NULL,'2007-04-17','2012-09-29',NULL,NULL,'344.00',0,0,1,0,1,1,NULL,NULL,NULL,NULL,NULL,'--- !ruby/hash:ActiveSupport::HashWithIndifferentAccess\nanschaffungskategorie: AV-Technik\nreference: invoice\numzug: zgeln\nankunftszustand: intakt\n','2012-09-29 16:22:59','2012-09-29 16:22:59'),(97,'tri123','fgh987',100,32,97,1,NULL,NULL,'2008-11-22','2012-09-29',NULL,NULL,'1324.00',0,0,1,0,1,1,NULL,NULL,NULL,NULL,NULL,'--- !ruby/hash:ActiveSupport::HashWithIndifferentAccess\nanschaffungskategorie: AV-Technik\nreference: invoice\numzug: zgeln\nankunftszustand: intakt\n','2012-09-29 16:22:59','2012-09-29 16:22:59'),(98,'tri923','asd213',100,32,98,1,NULL,NULL,'2010-05-20','2012-09-29',NULL,NULL,'762.00',0,0,1,0,1,1,NULL,NULL,NULL,NULL,NULL,'--- !ruby/hash:ActiveSupport::HashWithIndifferentAccess\nanschaffungskategorie: AV-Technik\nreference: invoice\numzug: zgeln\nankunftszustand: intakt\n','2012-09-29 16:22:59','2012-09-29 16:22:59'),(99,'tri212','tri212',100,32,99,1,NULL,NULL,'2010-07-01','2012-09-29',NULL,NULL,'1311.00',0,0,1,0,1,1,NULL,NULL,NULL,NULL,NULL,'--- !ruby/hash:ActiveSupport::HashWithIndifferentAccess\nanschaffungskategorie: AV-Technik\nreference: invoice\numzug: zgeln\nankunftszustand: intakt\n','2012-09-29 16:22:59','2012-09-29 16:22:59'),(100,'4l6c8x','0sq96x',102,32,100,1,NULL,NULL,'2007-05-02','2012-09-29',NULL,NULL,'461.00',0,0,1,0,1,1,NULL,NULL,NULL,NULL,NULL,'--- !ruby/hash:ActiveSupport::HashWithIndifferentAccess\nanschaffungskategorie: AV-Technik\nreference: invoice\numzug: zgeln\nankunftszustand: intakt\n','2012-09-29 16:22:59','2012-09-29 16:22:59'),(101,'iejxn4vufm84ln9hruck432','a5:47:58:91:e2:0c-7f:fe:01:a5:ed:fa-fc:23:b4:a9:be:a4',103,33,101,1,NULL,NULL,'2007-05-26','2012-09-29',NULL,NULL,'1158.00',0,0,1,0,1,1,NULL,NULL,NULL,NULL,NULL,'--- !ruby/hash:ActiveSupport::HashWithIndifferentAccess\nanschaffungskategorie: AV-Technik\nreference: invoice\numzug: zgeln\nankunftszustand: intakt\n','2012-09-29 16:22:59','2012-09-29 16:22:59'),(102,'akvtz8a8jmr33gm9xe10433','4a:75:67:19:1b:d1-d4:66:8d:bb:8a:c5-72:69:eb:d3:79:6d',105,33,102,1,101,NULL,'2009-09-01','2012-09-29',NULL,NULL,'182.00',0,0,1,0,1,1,NULL,NULL,NULL,NULL,NULL,'--- !ruby/hash:ActiveSupport::HashWithIndifferentAccess\nanschaffungskategorie: AV-Technik\nreference: invoice\numzug: zgeln\nankunftszustand: intakt\n','2012-09-29 16:22:59','2012-09-29 16:22:59'),(103,'2xtqgt4qemsfscnoiz9c434','33:67:71:de:c6:83-b7:db:6e:ab:a9:63-85:1a:bb:71:67:54',106,33,103,1,101,NULL,'2011-04-08','2012-09-29',NULL,NULL,'1329.00',0,0,1,0,1,1,NULL,NULL,NULL,NULL,NULL,'--- !ruby/hash:ActiveSupport::HashWithIndifferentAccess\nanschaffungskategorie: AV-Technik\nreference: invoice\numzug: zgeln\nankunftszustand: intakt\n','2012-09-29 16:22:59','2012-09-29 16:22:59'),(104,'ixp3gkabljm07h37s4uc435','e2:c9:a9:33:46:e6-ba:54:ce:9b:74:c9-dc:d3:2d:8f:4a:4d',107,33,104,1,101,NULL,'2011-03-30','2012-09-29',NULL,NULL,'1368.00',0,0,1,0,1,1,NULL,NULL,NULL,NULL,NULL,'--- !ruby/hash:ActiveSupport::HashWithIndifferentAccess\nanschaffungskategorie: AV-Technik\nreference: invoice\numzug: zgeln\nankunftszustand: intakt\n','2012-09-29 16:22:59','2012-09-29 16:22:59'),(105,'uc18gs5ze5nfhyywkk92436','03:b7:99:1c:55:bd-e8:f7:83:2c:6c:29-67:35:5a:61:80:b9',103,37,105,1,NULL,NULL,'2007-07-08','2012-09-29',NULL,NULL,'1357.00',0,0,1,0,1,1,NULL,NULL,NULL,NULL,NULL,'--- !ruby/hash:ActiveSupport::HashWithIndifferentAccess\nanschaffungskategorie: AV-Technik\nreference: invoice\numzug: zgeln\nankunftszustand: intakt\n','2012-09-29 16:22:59','2012-09-29 16:22:59'),(106,'91p0h6cj77q8lawn46wl437','ae:29:c7:7a:7f:82-7d:4e:2b:0c:e1:33-1f:6a:9a:07:b9:06',109,37,106,1,105,NULL,'2009-01-16','2012-09-29',NULL,NULL,'1148.00',0,0,1,0,1,1,NULL,NULL,NULL,NULL,NULL,'--- !ruby/hash:ActiveSupport::HashWithIndifferentAccess\nanschaffungskategorie: AV-Technik\nreference: invoice\numzug: zgeln\nankunftszustand: intakt\n','2012-09-29 16:22:59','2012-09-29 16:22:59'),(107,'t466nxtgylq1r6ti45q8438','1f:1a:67:0d:d0:4e-96:e5:9d:54:0a:d6-98:07:ba:e5:a7:08',110,37,107,1,105,NULL,'2011-11-04','2012-09-29',NULL,NULL,'1258.00',0,0,1,0,1,1,NULL,NULL,NULL,NULL,NULL,'--- !ruby/hash:ActiveSupport::HashWithIndifferentAccess\nanschaffungskategorie: AV-Technik\nreference: invoice\numzug: zgeln\nankunftszustand: intakt\n','2012-09-29 16:22:59','2012-09-29 16:22:59'),(108,'9ocq4ojmnuqwh7xxfx04439','1c:26:4c:ff:e1:97-c4:f5:ce:23:64:f8-56:53:6f:f3:b8:95',111,37,108,1,105,NULL,'2009-04-24','2012-09-29',NULL,NULL,'1091.00',0,0,1,0,1,1,NULL,NULL,NULL,NULL,NULL,'--- !ruby/hash:ActiveSupport::HashWithIndifferentAccess\nanschaffungskategorie: AV-Technik\nreference: invoice\numzug: zgeln\nankunftszustand: intakt\n','2012-09-29 16:22:59','2012-09-29 16:22:59'),(109,'6jn4gsuaqhd2hfyysj4h440','8f:14:7f:3e:9b:89-37:76:62:9f:46:c7-ca:7f:a3:14:04:7e',103,41,109,1,NULL,NULL,'2008-09-01','2012-09-29',NULL,NULL,'1442.00',0,0,1,0,1,1,NULL,NULL,NULL,NULL,NULL,'--- !ruby/hash:ActiveSupport::HashWithIndifferentAccess\nanschaffungskategorie: AV-Technik\nreference: invoice\numzug: zgeln\nankunftszustand: intakt\n','2012-09-29 16:22:59','2012-09-29 16:22:59'),(110,'qfsz2v1fcgupehexbtrz441','ba:f4:13:d3:57:8a-e3:08:9d:11:0f:88-e8:5c:08:3c:28:e4',113,41,110,1,109,NULL,'2011-12-03','2012-09-29',NULL,NULL,'1343.00',0,0,1,0,1,1,NULL,NULL,NULL,NULL,NULL,'--- !ruby/hash:ActiveSupport::HashWithIndifferentAccess\nanschaffungskategorie: AV-Technik\nreference: invoice\numzug: zgeln\nankunftszustand: intakt\n','2012-09-29 16:22:59','2012-09-29 16:22:59'),(111,'iscmx1a7kqufnuxsvofb442','83:87:a3:4e:d9:27-56:c0:b5:7c:60:40-5e:f6:84:cc:ca:1b',114,41,111,1,109,NULL,'2010-04-26','2012-09-29',NULL,NULL,'132.00',0,0,1,0,1,1,NULL,NULL,NULL,NULL,NULL,'--- !ruby/hash:ActiveSupport::HashWithIndifferentAccess\nanschaffungskategorie: AV-Technik\nreference: invoice\numzug: zgeln\nankunftszustand: intakt\n','2012-09-29 16:22:59','2012-09-29 16:22:59'),(112,'he5qipdn89mztc49je3w443','2d:a3:7e:5a:16:fc-d4:71:53:b7:c2:f6-5c:88:bc:2f:ee:66',115,41,112,1,109,NULL,'2009-11-01','2012-09-29',NULL,NULL,'1470.00',0,0,1,0,1,1,NULL,NULL,NULL,NULL,NULL,'--- !ruby/hash:ActiveSupport::HashWithIndifferentAccess\nanschaffungskategorie: AV-Technik\nreference: invoice\numzug: zgeln\nankunftszustand: intakt\n','2012-09-29 16:22:59','2012-09-29 16:22:59'),(113,'h7if6v14nag098b5ha71444','8c:be:26:eb:89:e1-a7:53:f3:35:0b:15-a1:06:88:43:81:ed',116,45,113,1,NULL,NULL,'2011-06-15','2012-09-29',NULL,NULL,'1006.00',0,0,1,0,1,1,NULL,NULL,NULL,NULL,NULL,'--- !ruby/hash:ActiveSupport::HashWithIndifferentAccess\nanschaffungskategorie: AV-Technik\nreference: invoice\numzug: zgeln\nankunftszustand: intakt\n','2012-09-29 16:22:59','2012-09-29 16:22:59'),(114,'qvhy43yz6rzao9z2sult445','2e:4e:a0:53:84:0e-5d:ab:65:ca:98:72-06:71:a1:63:1a:d0',118,45,114,1,113,NULL,'2010-02-07','2012-09-29',NULL,NULL,'1140.00',0,0,1,0,1,1,NULL,NULL,NULL,NULL,NULL,'--- !ruby/hash:ActiveSupport::HashWithIndifferentAccess\nanschaffungskategorie: AV-Technik\nreference: invoice\numzug: zgeln\nankunftszustand: intakt\n','2012-09-29 16:22:59','2012-09-29 16:22:59'),(115,'zkng68iadd16hfnnk69r446','e8:ab:40:54:a1:97-19:c1:cd:2c:79:a6-35:eb:ce:b7:bc:71',119,45,115,1,113,NULL,'2009-10-03','2012-09-29',NULL,NULL,'798.00',0,0,1,0,1,1,NULL,NULL,NULL,NULL,NULL,'--- !ruby/hash:ActiveSupport::HashWithIndifferentAccess\nanschaffungskategorie: AV-Technik\nreference: invoice\numzug: zgeln\nankunftszustand: intakt\n','2012-09-29 16:22:59','2012-09-29 16:22:59'),(116,'ufawrm0bdo9q10dir8lg447','d6:2a:53:f3:8d:b7-22:e1:90:75:33:34-2a:cf:03:f3:a0:61',120,45,116,1,113,NULL,'2008-10-27','2012-09-29',NULL,NULL,'227.00',0,0,1,0,1,1,NULL,NULL,NULL,NULL,NULL,'--- !ruby/hash:ActiveSupport::HashWithIndifferentAccess\nanschaffungskategorie: AV-Technik\nreference: invoice\numzug: zgeln\nankunftszustand: intakt\n','2012-09-29 16:22:59','2012-09-29 16:22:59'),(117,'nknjhuu6hqkz3l4v7o0u448','d7:c0:fc:c9:74:51-2d:df:cf:04:c9:0c-32:35:f7:1a:12:fe',116,49,117,1,NULL,NULL,'2008-02-13','2012-09-29',NULL,NULL,'771.00',0,0,1,0,1,1,NULL,NULL,NULL,NULL,NULL,'--- !ruby/hash:ActiveSupport::HashWithIndifferentAccess\nanschaffungskategorie: AV-Technik\nreference: invoice\numzug: zgeln\nankunftszustand: intakt\n','2012-09-29 16:22:59','2012-09-29 16:22:59'),(118,'g0hnt9g1erwmvmsft2jv449','e0:e7:06:20:5a:df-a7:90:ca:fc:fa:43-23:50:75:a0:fe:d6',122,49,118,1,117,NULL,'2007-09-30','2012-09-29',NULL,NULL,'691.00',0,0,1,0,1,1,NULL,NULL,NULL,NULL,NULL,'--- !ruby/hash:ActiveSupport::HashWithIndifferentAccess\nanschaffungskategorie: AV-Technik\nreference: invoice\numzug: zgeln\nankunftszustand: intakt\n','2012-09-29 16:22:59','2012-09-29 16:22:59'),(119,'m3hx4wqxzxyyn2fj9odi450','76:c2:cf:c2:8b:2c-35:94:f6:e9:52:7a-aa:07:5b:f2:c1:83',123,49,119,1,117,NULL,'2008-10-17','2012-09-29',NULL,NULL,'1216.00',0,0,1,0,1,1,NULL,NULL,NULL,NULL,NULL,'--- !ruby/hash:ActiveSupport::HashWithIndifferentAccess\nanschaffungskategorie: AV-Technik\nreference: invoice\numzug: zgeln\nankunftszustand: intakt\n','2012-09-29 16:22:59','2012-09-29 16:22:59'),(120,'rtmlky12ba3hwmrkwsxh451','e6:8c:68:81:04:49-d4:21:a7:03:35:26-43:e8:d2:3e:cf:37',124,49,120,1,117,NULL,'2008-07-13','2012-09-29',NULL,NULL,'1161.00',0,0,1,0,1,1,NULL,NULL,NULL,NULL,NULL,'--- !ruby/hash:ActiveSupport::HashWithIndifferentAccess\nanschaffungskategorie: AV-Technik\nreference: invoice\numzug: zgeln\nankunftszustand: intakt\n','2012-09-29 16:22:59','2012-09-29 16:22:59'),(121,'4ptw9dpnwkj021uxgqsq452','be:41:bb:d5:50:14-9f:8a:a3:49:76:4a-5d:b9:16:0e:30:5b',116,53,121,1,NULL,NULL,'2007-05-31','2012-09-29',NULL,NULL,'165.00',0,0,1,0,1,1,NULL,NULL,NULL,NULL,NULL,'--- !ruby/hash:ActiveSupport::HashWithIndifferentAccess\nanschaffungskategorie: AV-Technik\nreference: invoice\numzug: zgeln\nankunftszustand: intakt\n','2012-09-29 16:22:59','2012-09-29 16:22:59'),(122,'8ulej7e4lfq6wh9uz3r7453','fa:78:c0:5b:e9:4a-17:e9:10:5f:15:b4-64:6c:f0:ef:8f:4b',126,53,122,1,121,NULL,'2009-04-14','2012-09-29',NULL,NULL,'1132.00',0,0,1,0,1,1,NULL,NULL,NULL,NULL,NULL,'--- !ruby/hash:ActiveSupport::HashWithIndifferentAccess\nanschaffungskategorie: AV-Technik\nreference: invoice\numzug: zgeln\nankunftszustand: intakt\n','2012-09-29 16:22:59','2012-09-29 16:22:59'),(123,'k2jzmzr73lf3zzf8t5i8454','c7:81:80:ee:1b:fd-99:31:89:ed:b6:25-96:bb:99:9b:d5:b2',127,53,123,1,121,NULL,'2008-03-07','2012-09-29',NULL,NULL,'199.00',0,0,1,0,1,1,NULL,NULL,NULL,NULL,NULL,'--- !ruby/hash:ActiveSupport::HashWithIndifferentAccess\nanschaffungskategorie: AV-Technik\nreference: invoice\numzug: zgeln\nankunftszustand: intakt\n','2012-09-29 16:22:59','2012-09-29 16:22:59'),(124,'ldhpvd17m1pkkc36wvkb455','d0:b4:7c:10:e5:3b-e8:45:58:6d:fb:c5-c9:f0:1a:7d:f2:02',128,53,124,1,121,NULL,'2008-06-14','2012-09-29',NULL,NULL,'779.00',0,0,1,0,1,1,NULL,NULL,NULL,NULL,NULL,'--- !ruby/hash:ActiveSupport::HashWithIndifferentAccess\nanschaffungskategorie: AV-Technik\nreference: invoice\numzug: zgeln\nankunftszustand: intakt\n','2012-09-29 16:22:59','2012-09-29 16:22:59'),(125,'etrhln9aor8cawhm73j6456','a2:70:e4:b2:50:aa-b8:2f:60:b5:57:8c-2c:be:57:5c:b0:cc',103,57,125,2,NULL,NULL,'2010-05-18','2012-09-29',NULL,NULL,'261.00',0,0,1,0,2,1,NULL,NULL,NULL,NULL,NULL,'--- !ruby/hash:ActiveSupport::HashWithIndifferentAccess\nanschaffungskategorie: AV-Technik\nreference: invoice\numzug: zgeln\nankunftszustand: intakt\n','2012-09-29 16:22:59','2012-09-29 16:22:59'),(126,'m2slful7yfi2cn5z9mks457','ac:bf:02:2d:1c:68-47:df:68:e4:a9:f3-a0:5f:78:d2:6c:9f',130,57,126,2,125,NULL,'2008-01-12','2012-09-29',NULL,NULL,'198.00',0,0,1,0,2,1,NULL,NULL,NULL,NULL,NULL,'--- !ruby/hash:ActiveSupport::HashWithIndifferentAccess\nanschaffungskategorie: AV-Technik\nreference: invoice\numzug: zgeln\nankunftszustand: intakt\n','2012-09-29 16:22:59','2012-09-29 16:22:59'),(127,'26vohunl5dvpj8igyd8e458','06:0b:8c:28:ac:da-94:ef:5f:56:e4:06-86:d0:52:53:11:65',131,57,127,2,125,NULL,'2008-06-02','2012-09-29',NULL,NULL,'1386.00',0,0,1,0,2,1,NULL,NULL,NULL,NULL,NULL,'--- !ruby/hash:ActiveSupport::HashWithIndifferentAccess\nanschaffungskategorie: AV-Technik\nreference: invoice\numzug: zgeln\nankunftszustand: intakt\n','2012-09-29 16:22:59','2012-09-29 16:22:59'),(128,'q1dmgg64e9e15xj50r2u459','72:43:c6:8c:6f:a3-f6:3e:31:65:5b:2e-6c:bf:e0:a4:33:37',132,57,128,2,125,NULL,'2009-12-27','2012-09-29',NULL,NULL,'876.00',0,0,1,0,2,1,NULL,NULL,NULL,NULL,NULL,'--- !ruby/hash:ActiveSupport::HashWithIndifferentAccess\nanschaffungskategorie: AV-Technik\nreference: invoice\numzug: zgeln\nankunftszustand: intakt\n','2012-09-29 16:22:59','2012-09-29 16:22:59'),(129,'cand5','cand5',68,32,129,1,NULL,NULL,'2010-01-22','2012-09-29',NULL,NULL,'1317.00',0,0,0,0,1,1,NULL,NULL,NULL,NULL,NULL,'--- !ruby/hash:ActiveSupport::HashWithIndifferentAccess\nanschaffungskategorie: AV-Technik\nreference: invoice\numzug: zgeln\nankunftszustand: intakt\n','2012-09-29 16:22:59','2012-09-29 16:22:59'),(130,'beam21231','beamas12312',42,32,130,1,NULL,NULL,'2007-04-15','2012-09-29',NULL,NULL,'1009.00',0,0,0,0,1,1,NULL,NULL,NULL,NULL,NULL,'--- !ruby/hash:ActiveSupport::HashWithIndifferentAccess\nanschaffungskategorie: AV-Technik\nreference: invoice\numzug: zgeln\nankunftszustand: intakt\n','2012-09-29 16:22:59','2012-09-29 16:22:59'),(131,'hifi345','hifi345',99,32,131,1,NULL,NULL,'2009-05-31','2012-09-29',NULL,NULL,'522.00',0,0,0,0,1,1,NULL,NULL,NULL,NULL,NULL,'--- !ruby/hash:ActiveSupport::HashWithIndifferentAccess\nanschaffungskategorie: AV-Technik\nreference: invoice\numzug: zgeln\nankunftszustand: intakt\n','2012-09-29 16:22:59','2012-09-29 16:22:59'),(132,'iMac1','iMac5',134,32,132,1,NULL,NULL,'2009-09-08','2012-09-29','2012-09-29','This Item is gone','204.00',0,0,1,0,1,1,NULL,NULL,NULL,NULL,NULL,'--- !ruby/hash:ActiveSupport::HashWithIndifferentAccess\nanschaffungskategorie: AV-Technik\nreference: invoice\numzug: zgeln\nankunftszustand: intakt\n','2012-09-29 16:22:59','2012-09-29 16:22:59'),(133,'iMac2','iMac6',134,32,133,3,NULL,NULL,'2011-01-26','2012-09-29','2012-09-29','This Item is gone','1235.00',0,0,1,0,1,1,NULL,NULL,NULL,NULL,NULL,'--- !ruby/hash:ActiveSupport::HashWithIndifferentAccess\nanschaffungskategorie: AV-Technik\nreference: invoice\numzug: zgeln\nankunftszustand: intakt\n','2012-09-29 16:22:59','2012-09-29 16:22:59'),(134,'366zkk','6erifj',101,32,134,1,NULL,NULL,'2010-10-18','2012-09-29','2012-09-29','This Item is gone','822.00',0,0,1,0,1,1,NULL,NULL,NULL,NULL,NULL,'--- !ruby/hash:ActiveSupport::HashWithIndifferentAccess\nanschaffungskategorie: AV-Technik\nreference: invoice\numzug: zgeln\nankunftszustand: intakt\n','2012-09-29 16:22:59','2012-09-29 16:22:59'),(135,'fcpu2g','snt7im',101,32,135,1,NULL,NULL,'2010-05-02','2012-09-29',NULL,NULL,'934.00',0,0,1,0,1,1,NULL,NULL,NULL,NULL,NULL,'--- !ruby/hash:ActiveSupport::HashWithIndifferentAccess\nanschaffungskategorie: AV-Technik\nreference: invoice\numzug: zgeln\nankunftszustand: intakt\n','2012-09-29 16:22:59','2012-09-29 16:22:59'),(136,'wlaptop1','wlaptop1',135,32,136,1,NULL,NULL,'2008-03-07','2012-09-29',NULL,NULL,'437.00',1,0,1,0,1,1,NULL,NULL,NULL,NULL,NULL,'--- !ruby/hash:ActiveSupport::HashWithIndifferentAccess\nanschaffungskategorie: AV-Technik\nreference: invoice\numzug: zgeln\nankunftszustand: intakt\n','2012-09-29 16:22:59','2012-09-29 16:22:59'),(137,'v120d02','v120d02',136,32,137,1,NULL,NULL,'2011-04-22','2012-09-29',NULL,NULL,'1258.00',0,1,1,0,1,1,NULL,NULL,NULL,NULL,NULL,'--- !ruby/hash:ActiveSupport::HashWithIndifferentAccess\nanschaffungskategorie: AV-Technik\nreference: invoice\numzug: zgeln\nankunftszustand: intakt\n','2012-09-29 16:22:59','2012-09-29 16:22:59'),(138,'7jx57wdcgkr03g27p34r460','79:4c:4b:e8:82:cf-76:d3:13:77:14:4a-c4:3f:dc:bc:22:fb',136,61,138,1,NULL,NULL,'2010-09-05','2012-09-29','2012-09-29','Porro et voluptas voluptatem consequatur similique reiciendis voluptate omnis.','378.00',1,1,0,0,1,1,NULL,NULL,NULL,NULL,NULL,'--- !ruby/hash:ActiveSupport::HashWithIndifferentAccess\nanschaffungskategorie: AV-Technik\nreference: invoice\numzug: zgeln\nankunftszustand: intakt\n','2012-09-29 16:22:59','2012-09-29 16:22:59'),(139,'v120d022g','v120d022g',137,32,139,1,NULL,NULL,'2011-11-10','2012-09-29',NULL,NULL,'1443.00',0,0,1,0,1,1,NULL,NULL,NULL,NULL,NULL,'--- !ruby/hash:ActiveSupport::HashWithIndifferentAccess\nanschaffungskategorie: AV-Technik\nreference: invoice\numzug: zgeln\nankunftszustand: intakt\n','2012-09-29 16:22:59','2012-09-29 16:22:59'),(140,'v120d022g2','v120d022g2',137,32,140,1,NULL,NULL,'2008-11-28','2012-09-29',NULL,NULL,'1090.00',0,0,1,0,1,1,NULL,NULL,NULL,NULL,NULL,'--- !ruby/hash:ActiveSupport::HashWithIndifferentAccess\nanschaffungskategorie: AV-Technik\nreference: invoice\numzug: zgeln\nankunftszustand: intakt\n','2012-09-29 16:22:59','2012-09-29 16:22:59'),(141,'beam897','xyz890',42,32,141,1,NULL,NULL,'2010-07-11','2012-09-29',NULL,NULL,'1139.00',0,0,1,0,2,1,NULL,NULL,NULL,NULL,NULL,'--- !ruby/hash:ActiveSupport::HashWithIndifferentAccess\nanschaffungskategorie: AV-Technik\nreference: invoice\numzug: zgeln\nankunftszustand: intakt\n','2012-09-29 16:22:59','2012-09-29 16:22:59'),(142,'minibeam12','xyz890',44,32,142,1,NULL,NULL,'2010-06-08','2012-09-29',NULL,NULL,'487.00',0,0,1,0,2,1,NULL,NULL,NULL,NULL,NULL,'--- !ruby/hash:ActiveSupport::HashWithIndifferentAccess\nanschaffungskategorie: AV-Technik\nreference: invoice\numzug: zgeln\nankunftszustand: intakt\n','2012-09-29 16:22:59','2012-09-29 16:22:59'),(143,'minibeam34','xyz890',44,32,143,1,NULL,NULL,'2008-10-27','2012-09-29',NULL,NULL,'485.00',0,0,1,0,3,1,NULL,NULL,NULL,NULL,NULL,'--- !ruby/hash:ActiveSupport::HashWithIndifferentAccess\nanschaffungskategorie: AV-Technik\nreference: invoice\numzug: zgeln\nankunftszustand: intakt\n','2012-09-29 16:22:59','2012-09-29 16:22:59'),(144,'zwgbgesxe1nj30lf9prq461','41:d3:61:2d:5d:0a-95:a5:ee:12:c2:d0-a2:81:1a:5b:fe:95',139,NULL,NULL,1,NULL,NULL,NULL,NULL,NULL,NULL,NULL,0,0,0,0,1,0,NULL,NULL,NULL,NULL,NULL,'--- !ruby/hash:ActiveSupport::HashWithIndifferentAccess\nlicense_type: single_workplace\nactivation_type: serial_number\noperating_system:\n- windows\n- linux\ninstallation:\n- citrix\n- web\nreference: invoice\nmaintenance_contract: \'false\'\n','2012-09-29 16:22:59','2012-09-29 16:22:59'),(145,'t6n76ayxnaosytd3adlv462','31:5f:81:c1:39:27-fb:0a:04:8f:65:47-6b:c9:ac:79:ee:e1',140,NULL,NULL,1,NULL,NULL,NULL,NULL,NULL,NULL,NULL,0,0,0,0,1,0,NULL,NULL,NULL,NULL,NULL,'--- !ruby/hash:ActiveSupport::HashWithIndifferentAccess\nlicense_type: single_workplace\nactivation_type: serial_number\noperating_system:\n- windows\n- linux\ninstallation:\n- citrix\n- web\nreference: invoice\nmaintenance_contract: \'false\'\n','2012-09-29 16:22:59','2012-09-29 16:22:59'),(146,'d02ou2af0l18bk4vezt3463','12:28:e5:d0:c1:36-0b:46:42:c8:f9:55-5f:d7:3d:42:c2:9d',141,NULL,NULL,1,NULL,NULL,NULL,NULL,NULL,NULL,NULL,0,0,1,0,1,0,NULL,NULL,NULL,NULL,NULL,'--- !ruby/hash:ActiveSupport::HashWithIndifferentAccess\nlicense_type: single_workplace\nactivation_type: serial_number\noperating_system:\n- windows\n- linux\ninstallation:\n- citrix\n- web\nreference: invoice\nmaintenance_contract: \'false\'\n','2012-09-29 16:22:59','2012-09-29 16:22:59'),(147,'1tkd2cuzi15ivwwdldds464','9a:bb:59:7d:58:66-0c:5e:7f:63:c5:44-7e:e8:f4:8c:95:28',142,NULL,NULL,1,NULL,NULL,NULL,NULL,NULL,NULL,NULL,0,0,1,0,1,0,NULL,NULL,NULL,NULL,NULL,'--- !ruby/hash:ActiveSupport::HashWithIndifferentAccess\nlicense_type: single_workplace\nactivation_type: serial_number\noperating_system:\n- windows\n- linux\ninstallation:\n- citrix\n- web\nreference: invoice\nmaintenance_contract: \'false\'\n','2012-09-29 16:22:59','2012-09-29 16:22:59'),(148,'14sxwlu143nml6lch2in465','8c:9e:1b:43:0d:55-8a:29:db:bd:8a:09-ff:4c:f5:c3:67:49',143,NULL,NULL,1,NULL,NULL,NULL,NULL,NULL,NULL,NULL,0,0,1,0,2,0,NULL,NULL,NULL,NULL,NULL,'--- !ruby/hash:ActiveSupport::HashWithIndifferentAccess\nlicense_type: single_workplace\nactivation_type: serial_number\noperating_system:\n- windows\n- linux\ninstallation:\n- citrix\n- web\nprocured_by: Pamela Kunde\nreference: invoice\nmaintenance_contract: \'false\'\n','2012-09-29 16:22:59','2012-09-29 16:22:59'),(149,'szsbaar3k7kdw48tysvg466','90:38:17:aa:2e:2e-ce:ba:85:ff:15:f3-ab:91:e3:b2:24:d2',144,NULL,NULL,1,NULL,NULL,NULL,NULL,'2012-09-29','Sequi qui quaerat architecto.',NULL,0,0,1,0,1,0,NULL,NULL,NULL,NULL,NULL,'--- !ruby/hash:ActiveSupport::HashWithIndifferentAccess\nlicense_type: single_workplace\nactivation_type: serial_number\noperating_system:\n- windows\n- linux\ninstallation:\n- citrix\n- web\nprocured_by: Madge Satterfield\nreference: invoice\nmaintenance_contract: \'false\'\n','2012-09-29 16:22:59','2012-09-29 16:22:59'),(150,'8odl79cxwwpkk765gfrl467','5f:5d:e5:92:dd:23-01:cf:a1:e1:c0:06-10:72:e6:9c:6b:8b',145,NULL,NULL,2,NULL,NULL,NULL,NULL,'2012-09-29','Qui quae consequuntur quia nostrum.',NULL,0,0,1,0,1,0,NULL,NULL,NULL,NULL,NULL,'--- !ruby/hash:ActiveSupport::HashWithIndifferentAccess\nlicense_type: single_workplace\nactivation_type: serial_number\noperating_system:\n- windows\n- linux\ninstallation:\n- citrix\n- web\nreference: invoice\nmaintenance_contract: \'false\'\n','2012-09-29 16:22:59','2012-09-29 16:22:59'),(151,'1nbzh5ei0026bz3vuux6468','84:5b:ce:30:48:b3-e4:cb:a9:38:15:67-3d:2d:fc:2c:a9:14',146,NULL,NULL,2,NULL,NULL,NULL,NULL,NULL,NULL,NULL,0,0,1,0,2,0,NULL,NULL,NULL,NULL,NULL,'--- !ruby/hash:ActiveSupport::HashWithIndifferentAccess\nlicense_type: single_workplace\nactivation_type: serial_number\noperating_system:\n- windows\n- linux\ninstallation:\n- citrix\n- web\nreference: invoice\nmaintenance_contract: \'false\'\n','2012-09-29 16:22:59','2012-09-29 16:22:59'),(152,'xoyo9wj29gixnr5zbzaq469','ca:fb:14:50:d8:0b-20:f1:a2:39:ce:65-44:07:a6:d1:91:7d',147,NULL,NULL,1,NULL,NULL,'2012-09-29',NULL,NULL,NULL,NULL,0,0,0,0,1,0,NULL,NULL,NULL,NULL,NULL,'--- !ruby/hash:ActiveSupport::HashWithIndifferentAccess\nlicense_expiration: \'2012-09-29\'\nmaintenance_contract: \'true\'\nmaintenance_expiration: \'2012-09-29\'\nreference: invoice\nactivation_type: none\nlicense_type: free\n','2012-09-29 16:22:59','2012-09-29 16:22:59'),(153,'wpl1urb37639gpeqcd53470','2a:e3:11:09:7e:36-d9:cd:44:39:96:40-80:e9:01:8d:04:d6',148,NULL,NULL,1,NULL,NULL,NULL,NULL,NULL,NULL,NULL,0,0,0,0,1,0,NULL,NULL,NULL,NULL,NULL,'--- !ruby/hash:ActiveSupport::HashWithIndifferentAccess\nquantity_allocations:\n- !ruby/hash:ActiveSupport::HashWithIndifferentAccess\n  room: dolore\n  quantity: 17\n- !ruby/hash:ActiveSupport::HashWithIndifferentAccess\n  room: natus\n  quantity: 48\nreference: invoice\nactivation_type: none\nlicense_type: free\nmaintenance_contract: \'false\'\n','2012-09-29 16:22:59','2012-09-29 16:22:59'),(154,'c57mrjtgb18z7le4h843471','63:2c:3a:45:db:6e-4b:30:e7:38:1b:ed-11:71:c4:0d:e3:d6',150,NULL,NULL,1,NULL,NULL,NULL,NULL,NULL,NULL,NULL,0,0,0,0,1,0,NULL,NULL,NULL,NULL,NULL,'--- !ruby/hash:ActiveSupport::HashWithIndifferentAccess\noperating_system:\n- windows\n- linux\nlicense_type: concurrent\ntotal_quantity: 246\nquantity_allocations:\n- !ruby/hash:ActiveSupport::HashWithIndifferentAccess\n  room: molestiae\n  quantity: 30\n- !ruby/hash:ActiveSupport::HashWithIndifferentAccess\n  room: et\n  quantity: 10\nreference: invoice\nactivation_type: none\nmaintenance_contract: \'false\'\n','2012-09-29 16:22:59','2012-09-29 16:22:59'),(155,'zhx0hbm9ytqwdcsmgqk8472','76:31:5c:4f:b6:05-f2:08:5e:88:c2:3d-83:88:23:37:94:f8',152,62,144,3,NULL,NULL,'2010-02-14','2012-09-27',NULL,NULL,'311.00',0,0,1,0,1,1,NULL,NULL,NULL,NULL,NULL,'--- !ruby/hash:ActiveSupport::HashWithIndifferentAccess\nanschaffungskategorie: AV-Technik\nreference: invoice\numzug: zgeln\nankunftszustand: intakt\n','2012-09-27 03:30:40','2012-09-27 03:30:40'),(156,'yzgibhgxa8thnm4zup3m473','69:ae:68:92:b3:39-e6:c3:fe:d1:c5:dc-02:b5:50:e9:6d:3d',153,63,145,11,NULL,NULL,'2011-05-21','2012-09-27',NULL,NULL,'565.00',0,0,1,0,1,1,NULL,NULL,NULL,NULL,NULL,'--- !ruby/hash:ActiveSupport::HashWithIndifferentAccess\nanschaffungskategorie: AV-Technik\nreference: invoice\numzug: zgeln\nankunftszustand: intakt\n','2012-09-27 03:30:40','2012-09-27 03:30:40'),(157,'ndn21yefjv05e85828zz474','67:9d:0d:49:fe:40-7c:9a:10:18:5a:e8-15:9f:3a:b4:23:5a',154,64,146,10,NULL,NULL,'2007-02-19','2012-09-27',NULL,NULL,'107.00',0,0,1,0,1,1,NULL,NULL,NULL,NULL,NULL,'--- !ruby/hash:ActiveSupport::HashWithIndifferentAccess\nanschaffungskategorie: AV-Technik\nreference: invoice\numzug: zgeln\nankunftszustand: intakt\n','2012-09-27 03:30:40','2012-09-27 03:30:40'),(158,'fi84b3x77d0xx8o95dbo475','63:5f:75:81:dd:1f-9f:6a:c8:bf:b2:c8-75:5a:fb:cc:ce:58',155,65,147,2,NULL,NULL,'2010-07-01','2012-09-27',NULL,NULL,'570.00',0,0,1,0,1,1,NULL,NULL,NULL,NULL,NULL,'--- !ruby/hash:ActiveSupport::HashWithIndifferentAccess\nanschaffungskategorie: AV-Technik\nreference: invoice\numzug: zgeln\nankunftszustand: intakt\n','2012-09-27 03:30:40','2012-09-27 03:30:40'),(159,'ev4i8xgnaz18fu6i5uq2476','c0:19:40:62:67:19-c6:26:71:fa:e7:64-fd:eb:9e:1c:f6:95',156,66,148,10,NULL,NULL,'2008-03-17','2012-09-27',NULL,NULL,'1283.00',0,0,1,0,1,1,NULL,NULL,NULL,NULL,NULL,'--- !ruby/hash:ActiveSupport::HashWithIndifferentAccess\nanschaffungskategorie: AV-Technik\nreference: invoice\numzug: zgeln\nankunftszustand: intakt\n','2012-09-27 03:30:40','2012-09-27 03:30:40'),(160,'nwi4bwepfzezw50kv9a9477','cb:20:c3:dc:64:62-bf:d3:b0:94:b6:d1-de:4e:25:71:cc:63',157,67,149,5,NULL,NULL,'2010-08-01','2012-09-27',NULL,NULL,'949.00',0,0,1,0,1,1,NULL,NULL,NULL,NULL,NULL,'--- !ruby/hash:ActiveSupport::HashWithIndifferentAccess\nanschaffungskategorie: AV-Technik\nreference: invoice\numzug: zgeln\nankunftszustand: intakt\n','2012-09-27 03:30:40','2012-09-27 03:30:40'),(161,'xo5ldvofac9s2zftcx47478','f8:a2:91:7e:65:94-30:c2:b6:09:a0:79-07:1a:5b:a3:1b:45',157,68,150,11,NULL,NULL,'2007-07-18','2012-09-27',NULL,NULL,'1083.00',0,0,1,0,1,1,NULL,NULL,NULL,NULL,NULL,'--- !ruby/hash:ActiveSupport::HashWithIndifferentAccess\nanschaffungskategorie: AV-Technik\nreference: invoice\numzug: zgeln\nankunftszustand: intakt\n','2012-09-27 03:30:40','2012-09-27 03:30:40'),(162,'0edyitwn8li7t1jqyw85479','ba:b5:f8:70:6d:31-a0:36:c9:25:cc:de-a4:c3:bb:ae:60:b5',157,69,151,11,NULL,NULL,'2008-10-15','2012-09-27',NULL,NULL,'1441.00',0,0,1,0,1,1,NULL,NULL,NULL,NULL,NULL,'--- !ruby/hash:ActiveSupport::HashWithIndifferentAccess\nanschaffungskategorie: AV-Technik\nreference: invoice\numzug: zgeln\nankunftszustand: intakt\n','2012-09-27 03:30:40','2012-09-27 03:30:40'),(163,'6o92lgph86y15xxju2n1480','55:1f:8c:a6:06:2c-25:86:ba:0b:f7:45-4b:2f:da:8b:bf:67',161,70,152,11,NULL,NULL,'2007-04-12','2012-09-27',NULL,NULL,'296.00',0,0,1,0,1,1,NULL,NULL,NULL,NULL,NULL,'--- !ruby/hash:ActiveSupport::HashWithIndifferentAccess\nanschaffungskategorie: AV-Technik\nreference: invoice\numzug: zgeln\nankunftszustand: intakt\n','2012-09-27 03:30:40','2012-09-27 03:30:40'),(164,'gx23okc8mwwflzej6tx9481','74:15:71:55:2b:24-08:e8:4e:9a:3c:8b-65:3b:46:93:70:00',162,71,153,3,NULL,NULL,'2007-04-09','2012-09-27',NULL,NULL,'871.00',0,0,1,0,1,1,NULL,NULL,NULL,NULL,NULL,'--- !ruby/hash:ActiveSupport::HashWithIndifferentAccess\nanschaffungskategorie: AV-Technik\nreference: invoice\numzug: zgeln\nankunftszustand: intakt\n','2012-09-27 03:30:40','2012-09-27 03:30:40'),(165,'bgiizdd6iknjrgq1yujx482','84:dc:9c:40:ab:e4-cd:4b:e3:6a:2d:6e-68:7a:b8:2c:3b:02',163,72,154,10,NULL,NULL,'2010-02-28','2012-09-27',NULL,NULL,'941.00',0,0,1,0,1,1,NULL,NULL,NULL,NULL,NULL,'--- !ruby/hash:ActiveSupport::HashWithIndifferentAccess\nanschaffungskategorie: AV-Technik\nreference: invoice\numzug: zgeln\nankunftszustand: intakt\n','2012-09-27 03:30:40','2012-09-27 03:30:40'),(166,'xzeycz2828h6qy77yevj483','78:2e:46:38:50:1e-87:80:be:02:c9:98-91:a2:83:55:b6:0d',164,73,155,8,NULL,NULL,'2010-07-24','2012-09-27',NULL,NULL,'641.00',0,0,1,0,1,1,NULL,NULL,NULL,NULL,NULL,'--- !ruby/hash:ActiveSupport::HashWithIndifferentAccess\nanschaffungskategorie: AV-Technik\nreference: invoice\numzug: zgeln\nankunftszustand: intakt\n','2012-09-27 03:30:40','2012-09-27 03:30:40'),(167,'zlbag68myivp0waa6h0s484','66:15:ec:e4:aa:26-f5:a6:70:70:eb:15-c5:8d:2f:c4:54:60',165,74,156,9,NULL,NULL,'2011-10-16','2012-09-27',NULL,NULL,'966.00',0,0,1,0,1,1,NULL,NULL,NULL,NULL,NULL,'--- !ruby/hash:ActiveSupport::HashWithIndifferentAccess\nanschaffungskategorie: AV-Technik\nreference: invoice\numzug: zgeln\nankunftszustand: intakt\n','2012-09-27 03:30:40','2012-09-27 03:30:40'),(168,'owhpfmzgccyove5tiqxa485','5a:78:ba:14:b2:76-87:b1:6b:3f:f1:43-3c:45:ef:12:8a:98',165,75,157,1,NULL,NULL,'2009-05-11','2012-09-27',NULL,NULL,'782.00',0,0,1,0,1,1,NULL,NULL,NULL,NULL,NULL,'--- !ruby/hash:ActiveSupport::HashWithIndifferentAccess\nanschaffungskategorie: AV-Technik\nreference: invoice\numzug: zgeln\nankunftszustand: intakt\n','2012-09-27 03:30:40','2012-09-27 03:30:40'),(169,'nf52cfedwray2ovpsb3z486','ef:35:58:5e:6c:8b-ab:6a:39:4c:73:72-c3:b4:c8:d4:06:f5',165,76,158,3,NULL,NULL,'2008-01-25','2012-09-27',NULL,NULL,'1261.00',0,0,1,0,1,1,NULL,NULL,NULL,NULL,NULL,'--- !ruby/hash:ActiveSupport::HashWithIndifferentAccess\nanschaffungskategorie: AV-Technik\nreference: invoice\numzug: zgeln\nankunftszustand: intakt\n','2012-09-27 03:30:40','2012-09-27 03:30:40'),(170,'ygz5nnvfo8ms2myjdq2w487','05:ee:85:e2:bd:09-3d:1d:29:e5:60:f6-2a:ca:95:f4:85:52',169,77,159,11,NULL,NULL,'2010-08-16','2012-09-27',NULL,NULL,'1411.00',0,0,1,0,1,1,NULL,NULL,NULL,NULL,NULL,'--- !ruby/hash:ActiveSupport::HashWithIndifferentAccess\nanschaffungskategorie: AV-Technik\nreference: invoice\numzug: zgeln\nankunftszustand: intakt\n','2012-09-27 03:30:40','2012-09-27 03:30:40'),(171,'510t7ns35yvdebfsv28f488','8d:4b:38:ce:94:9a-14:36:79:5a:b3:b6-37:6c:d2:6a:a7:4f',170,78,160,10,NULL,NULL,'2009-02-19','2012-09-27',NULL,NULL,'166.00',0,0,1,0,1,1,NULL,NULL,NULL,NULL,NULL,'--- !ruby/hash:ActiveSupport::HashWithIndifferentAccess\nanschaffungskategorie: AV-Technik\nreference: invoice\numzug: zgeln\nankunftszustand: intakt\n','2012-09-27 03:30:40','2012-09-27 03:30:40'),(172,'1c9jjl1dimzab00iahja489','c4:66:22:28:b3:44-d9:7a:1b:a4:87:cb-0f:b7:62:91:27:dd',171,79,161,11,NULL,NULL,'2010-02-21','2012-09-27',NULL,NULL,'1488.00',0,0,1,0,1,1,NULL,NULL,NULL,NULL,NULL,'--- !ruby/hash:ActiveSupport::HashWithIndifferentAccess\nanschaffungskategorie: AV-Technik\nreference: invoice\numzug: zgeln\nankunftszustand: intakt\n','2012-09-27 03:30:40','2012-09-27 03:30:40'),(173,'0pghgwbgs06kcah84tgk490','0c:f5:84:14:1a:b4-64:51:50:3d:38:48-5c:03:75:7f:99:af',172,80,162,7,NULL,NULL,'2010-07-01','2012-09-27',NULL,NULL,'484.00',0,0,1,0,1,1,NULL,NULL,NULL,NULL,NULL,'--- !ruby/hash:ActiveSupport::HashWithIndifferentAccess\nanschaffungskategorie: AV-Technik\nreference: invoice\numzug: zgeln\nankunftszustand: intakt\n','2012-09-27 03:30:40','2012-09-27 03:30:40'),(174,'rnap2hjjgwy1exmogh3i491','e5:f8:23:fb:bf:ce-ea:b7:01:3f:94:12-66:cb:b9:7e:43:59',172,81,163,8,NULL,NULL,'2010-03-27','2012-09-27',NULL,NULL,'212.00',0,0,1,0,1,1,NULL,NULL,NULL,NULL,NULL,'--- !ruby/hash:ActiveSupport::HashWithIndifferentAccess\nanschaffungskategorie: AV-Technik\nreference: invoice\numzug: zgeln\nankunftszustand: intakt\n','2012-09-27 03:30:40','2012-09-27 03:30:40'),(175,'lrigbjr630kfv8t98pu8492','f2:f7:f6:8b:99:d8-07:d5:3b:3d:ee:83-64:3d:1d:c0:7b:7d',172,82,164,11,NULL,NULL,'2011-05-15','2012-09-27',NULL,NULL,'1234.00',0,0,1,0,1,1,NULL,NULL,NULL,NULL,NULL,'--- !ruby/hash:ActiveSupport::HashWithIndifferentAccess\nanschaffungskategorie: AV-Technik\nreference: invoice\numzug: zgeln\nankunftszustand: intakt\n','2012-09-27 03:30:40','2012-09-27 03:30:40'),(176,'051q9y1af9xv7fuems8o493','f8:9c:b6:e0:7d:14-b6:b2:76:9a:e6:61-bb:5c:68:71:3e:54',176,83,165,11,NULL,NULL,'2008-05-01','2012-09-28',NULL,NULL,'660.00',0,0,1,0,1,1,NULL,NULL,NULL,NULL,NULL,'--- !ruby/hash:ActiveSupport::HashWithIndifferentAccess\nanschaffungskategorie: AV-Technik\nreference: invoice\numzug: zgeln\nankunftszustand: intakt\n','2012-09-28 06:55:11','2012-09-28 06:55:11'),(177,'0efgm8cm01g7jcxk2t7n494','b9:49:94:06:72:a6-2e:ea:dd:3a:ac:5f-ea:05:63:c2:a9:98',177,84,166,9,NULL,NULL,'2011-11-13','2012-09-28',NULL,NULL,'932.00',0,0,1,0,1,1,NULL,NULL,NULL,NULL,NULL,'--- !ruby/hash:ActiveSupport::HashWithIndifferentAccess\nanschaffungskategorie: AV-Technik\nreference: invoice\numzug: zgeln\nankunftszustand: intakt\n','2012-09-28 06:55:11','2012-09-28 06:55:11'),(178,'8ln7kgprj151aibt7pnj495','14:b0:bc:ce:45:b6-5b:05:23:35:6e:4a-4a:fa:ba:8f:a0:32',178,85,167,1,NULL,NULL,'2011-07-04','2012-09-28',NULL,NULL,'829.00',0,0,1,0,1,1,NULL,NULL,NULL,NULL,NULL,'--- !ruby/hash:ActiveSupport::HashWithIndifferentAccess\nanschaffungskategorie: AV-Technik\nreference: invoice\numzug: zgeln\nankunftszustand: intakt\n','2012-09-28 06:55:11','2012-09-28 06:55:11'),(179,'kbvjohivu1ee5w16j8kj496','c5:d7:5c:79:5b:eb-c0:07:cf:f3:c6:52-82:81:a1:10:46:a7',179,86,168,5,NULL,NULL,'2008-12-09','2012-09-24',NULL,NULL,'1159.00',0,0,1,0,1,1,NULL,NULL,NULL,NULL,NULL,'--- !ruby/hash:ActiveSupport::HashWithIndifferentAccess\nanschaffungskategorie: AV-Technik\nreference: invoice\numzug: zgeln\nankunftszustand: intakt\n','2012-09-24 17:30:46','2012-09-24 17:30:46'),(180,'sdthena70hazul11bmhn497','30:dd:97:f9:3b:a9-68:27:48:c6:7f:b2-f5:d9:5a:51:b4:0c',180,87,169,2,NULL,NULL,'2010-05-21','2012-09-24',NULL,NULL,'645.00',0,0,1,0,1,1,NULL,NULL,NULL,NULL,NULL,'--- !ruby/hash:ActiveSupport::HashWithIndifferentAccess\nanschaffungskategorie: AV-Technik\nreference: invoice\numzug: zgeln\nankunftszustand: intakt\n','2012-09-24 17:30:46','2012-09-24 17:30:46'),(181,'qmur22co80q9gxrpglpr498','a8:f2:14:a7:c6:0c-89:58:5a:eb:c0:61-6f:38:ef:af:fa:89',181,88,170,9,NULL,NULL,'2010-01-13','2012-09-24',NULL,NULL,'1419.00',0,0,1,0,1,1,NULL,NULL,NULL,NULL,NULL,'--- !ruby/hash:ActiveSupport::HashWithIndifferentAccess\nanschaffungskategorie: AV-Technik\nreference: invoice\numzug: zgeln\nankunftszustand: intakt\n','2012-09-24 17:30:46','2012-09-24 17:30:46'),(182,'scuaskrwte0uvhkuqnxf499','ce:4b:d7:df:05:e4-41:b5:ce:f4:b8:e5-a1:13:f0:87:9d:4a',182,89,171,9,NULL,NULL,'2009-03-26','2012-09-24',NULL,NULL,'1018.00',0,0,1,0,1,1,NULL,NULL,NULL,NULL,NULL,'--- !ruby/hash:ActiveSupport::HashWithIndifferentAccess\nanschaffungskategorie: AV-Technik\nreference: invoice\numzug: zgeln\nankunftszustand: intakt\n','2012-09-24 17:30:46','2012-09-24 17:30:46'),(183,'yz0s4oq4j78yx6zpdktc500','49:f1:cb:0e:0c:53-80:e0:71:ba:11:9b-c1:d1:41:66:72:3d',183,90,172,1,NULL,NULL,'2011-06-20','2012-09-24',NULL,NULL,'920.00',0,0,1,0,1,1,NULL,NULL,NULL,NULL,NULL,'--- !ruby/hash:ActiveSupport::HashWithIndifferentAccess\nanschaffungskategorie: AV-Technik\nreference: invoice\numzug: zgeln\nankunftszustand: intakt\n','2012-09-24 17:30:46','2012-09-24 17:30:46'),(184,'gulbiqg7kxqiosudtd0c501','71:cc:6c:fb:60:ff-0b:9f:fc:6b:32:f5-74:3d:41:75:ef:19',184,91,173,2,NULL,NULL,'2009-10-01','2012-09-24',NULL,NULL,'398.00',0,0,1,0,1,1,NULL,NULL,NULL,NULL,NULL,'--- !ruby/hash:ActiveSupport::HashWithIndifferentAccess\nanschaffungskategorie: AV-Technik\nreference: invoice\numzug: zgeln\nankunftszustand: intakt\n','2012-09-24 17:30:46','2012-09-24 17:30:46'),(185,'gv8yh33yias88c1gvz2g502','7d:ff:07:9c:50:57-ab:38:7b:fb:2b:c0-57:0a:f1:31:66:04',184,92,174,2,NULL,NULL,'2010-06-22','2012-09-24',NULL,NULL,'669.00',0,0,1,0,1,1,NULL,NULL,NULL,NULL,NULL,'--- !ruby/hash:ActiveSupport::HashWithIndifferentAccess\nanschaffungskategorie: AV-Technik\nreference: invoice\numzug: zgeln\nankunftszustand: intakt\n','2012-09-24 17:30:46','2012-09-24 17:30:46'),(186,'wuzcbbm4vwgvse5p6w43503','06:35:91:ca:3e:45-e6:b7:2a:e3:4c:e7-b9:d0:32:f1:d7:e0',184,93,175,11,NULL,NULL,'2009-08-27','2012-09-24',NULL,NULL,'1194.00',0,0,1,0,1,1,NULL,NULL,NULL,NULL,NULL,'--- !ruby/hash:ActiveSupport::HashWithIndifferentAccess\nanschaffungskategorie: AV-Technik\nreference: invoice\numzug: zgeln\nankunftszustand: intakt\n','2012-09-24 17:30:46','2012-09-24 17:30:46'),(187,'qx96ssc3vl173zve3cxt504','9f:29:15:61:56:38-7e:9e:77:25:a1:34-6b:08:bc:fd:69:c4',188,94,176,12,NULL,NULL,'2007-06-07','2012-09-29',NULL,NULL,'417.00',0,0,1,0,1,1,NULL,NULL,NULL,NULL,NULL,'--- !ruby/hash:ActiveSupport::HashWithIndifferentAccess\nanschaffungskategorie: AV-Technik\nreference: invoice\numzug: zgeln\nankunftszustand: intakt\n','2012-09-29 16:22:59','2012-09-29 16:22:59'),(188,'bskbx3aip28zdv5ypome505','a5:c2:91:4a:05:29-ea:f7:7b:63:7d:43-8c:5e:4b:a9:e3:3d',189,95,177,2,NULL,NULL,'2009-05-14','2012-09-29',NULL,NULL,'615.00',0,0,1,0,1,1,NULL,NULL,NULL,NULL,NULL,'--- !ruby/hash:ActiveSupport::HashWithIndifferentAccess\nanschaffungskategorie: AV-Technik\nreference: invoice\numzug: zgeln\nankunftszustand: intakt\n','2012-09-29 16:22:59','2012-09-29 16:22:59'),(189,'ed8izh1ubx24z9tl4jmm506','8f:27:9c:11:86:fd-69:59:57:9b:ea:67-25:58:1a:88:aa:cf',190,96,178,3,NULL,NULL,'2007-04-05','2012-09-29',NULL,NULL,'1486.00',0,0,1,0,1,1,NULL,NULL,NULL,NULL,NULL,'--- !ruby/hash:ActiveSupport::HashWithIndifferentAccess\nanschaffungskategorie: AV-Technik\nreference: invoice\numzug: zgeln\nankunftszustand: intakt\n','2012-09-29 16:22:59','2012-09-29 16:22:59'),(190,'olvp9k597fci1cq6mqvp507','23:64:33:03:bc:7a-76:dc:27:42:f6:dc-93:f3:ad:1a:4a:00',191,97,179,3,NULL,NULL,'2008-04-17','2012-09-29',NULL,NULL,'212.00',0,0,1,0,1,1,NULL,NULL,NULL,NULL,NULL,'--- !ruby/hash:ActiveSupport::HashWithIndifferentAccess\nanschaffungskategorie: AV-Technik\nreference: invoice\numzug: zgeln\nankunftszustand: intakt\n','2012-09-29 16:22:59','2012-09-29 16:22:59'),(191,'kfk1fmvypjg1kajpdry0508','a7:b4:c3:21:8d:1e-e3:13:51:8f:06:73-e0:8a:84:2f:be:ba',192,98,180,6,NULL,NULL,'2007-06-23','2012-09-29',NULL,NULL,'16.00',0,0,1,0,1,1,NULL,NULL,NULL,NULL,NULL,'--- !ruby/hash:ActiveSupport::HashWithIndifferentAccess\nanschaffungskategorie: AV-Technik\nreference: invoice\numzug: zgeln\nankunftszustand: intakt\n','2012-09-29 16:22:59','2012-09-29 16:22:59'),(192,'4yimj8ewiucgmzt27gwr509','b3:a5:96:48:ba:35-fc:92:fc:20:a8:2f-aa:de:63:98:d4:5e',192,99,181,6,NULL,NULL,'2008-10-31','2012-09-29',NULL,NULL,'843.00',0,0,1,0,1,1,NULL,NULL,NULL,NULL,NULL,'--- !ruby/hash:ActiveSupport::HashWithIndifferentAccess\nanschaffungskategorie: AV-Technik\nreference: invoice\numzug: zgeln\nankunftszustand: intakt\n','2012-09-29 16:22:59','2012-09-29 16:22:59'),(193,'3uyw6at57e71c3j6trt3510','72:2c:25:dc:80:b8-9c:e0:89:fd:68:e1-9e:a7:8c:a2:f5:d1',192,100,182,4,NULL,NULL,'2010-12-20','2012-09-29',NULL,NULL,'1422.00',0,0,1,0,1,1,NULL,NULL,NULL,NULL,NULL,'--- !ruby/hash:ActiveSupport::HashWithIndifferentAccess\nanschaffungskategorie: AV-Technik\nreference: invoice\numzug: zgeln\nankunftszustand: intakt\n','2012-09-29 16:22:59','2012-09-29 16:22:59'),(194,'mb3b21fyry8fe86c1pbx511','a9:79:ab:bc:6d:fe-d4:97:95:1d:80:5e-b6:13:bd:87:1d:9b',196,101,183,2,NULL,NULL,'2009-07-02','2012-09-29',NULL,NULL,'1434.00',0,0,1,0,1,1,NULL,NULL,NULL,NULL,NULL,'--- !ruby/hash:ActiveSupport::HashWithIndifferentAccess\nanschaffungskategorie: AV-Technik\nreference: invoice\numzug: zgeln\nankunftszustand: intakt\n','2012-09-29 16:22:59','2012-09-29 16:22:59'),(195,'pd3k0vv4jbwqg5tdr4az512','26:74:b7:78:57:43-14:3d:55:46:b0:ba-df:0c:8e:cd:21:e6',197,102,184,12,NULL,NULL,'2007-01-24','2012-09-29',NULL,NULL,'930.00',0,0,1,0,1,1,NULL,NULL,NULL,NULL,NULL,'--- !ruby/hash:ActiveSupport::HashWithIndifferentAccess\nanschaffungskategorie: AV-Technik\nreference: invoice\numzug: zgeln\nankunftszustand: intakt\n','2012-09-29 16:22:59','2012-09-29 16:22:59'),(196,'ob6zrivtxqp480wfkqcf513','80:c1:a9:1e:f3:55-d3:ce:e2:6f:b4:30-45:c7:ea:ae:f6:26',198,103,185,2,NULL,NULL,'2008-03-08','2012-09-29',NULL,NULL,'253.00',0,0,1,0,1,1,NULL,NULL,NULL,NULL,NULL,'--- !ruby/hash:ActiveSupport::HashWithIndifferentAccess\nanschaffungskategorie: AV-Technik\nreference: invoice\numzug: zgeln\nankunftszustand: intakt\n','2012-09-29 16:22:59','2012-09-29 16:22:59'),(197,'1p0j21fsfyiwrtdcla8s514','70:6d:b2:1b:78:3c-b6:ba:5b:c7:7e:84-3a:a1:dd:7c:33:ea',199,104,186,4,NULL,NULL,'2007-03-17','2012-09-29',NULL,NULL,'1181.00',0,0,1,0,1,1,NULL,NULL,NULL,NULL,NULL,'--- !ruby/hash:ActiveSupport::HashWithIndifferentAccess\nanschaffungskategorie: AV-Technik\nreference: invoice\numzug: zgeln\nankunftszustand: intakt\n','2012-09-29 16:22:59','2012-09-29 16:22:59'),(198,'xtq0sz0saduptqb6zrpk515','da:aa:02:c7:11:e2-6d:95:e0:a0:c0:8e-a6:be:5b:69:61:99',200,105,187,6,NULL,NULL,'2010-01-12','2012-09-29',NULL,NULL,'702.00',0,0,1,0,1,1,NULL,NULL,NULL,NULL,NULL,'--- !ruby/hash:ActiveSupport::HashWithIndifferentAccess\nanschaffungskategorie: AV-Technik\nreference: invoice\numzug: zgeln\nankunftszustand: intakt\n','2012-09-29 16:22:59','2012-09-29 16:22:59'),(199,'wdavkuj4mu5dem3h0ut3516','c5:20:a5:9c:e8:82-fe:d8:94:86:f5:0b-9d:80:a3:b9:0c:43',201,106,188,5,NULL,NULL,'2007-10-13','2012-09-29',NULL,NULL,'368.00',0,0,1,0,1,1,NULL,NULL,NULL,NULL,NULL,'--- !ruby/hash:ActiveSupport::HashWithIndifferentAccess\nanschaffungskategorie: AV-Technik\nreference: invoice\numzug: zgeln\nankunftszustand: intakt\n','2012-09-29 16:22:59','2012-09-29 16:22:59'),(200,'5cqhpc51prbie239di5x517','ac:f0:f8:ad:00:a2-b5:a4:80:33:0a:c3-59:f1:63:62:2d:9a',202,107,189,3,NULL,NULL,'2007-11-06','2012-09-29',NULL,NULL,'1012.00',0,0,1,0,1,1,NULL,NULL,NULL,NULL,NULL,'--- !ruby/hash:ActiveSupport::HashWithIndifferentAccess\nanschaffungskategorie: AV-Technik\nreference: invoice\numzug: zgeln\nankunftszustand: intakt\n','2012-09-29 16:22:59','2012-09-29 16:22:59'),(201,'bzd8mie3pqmjny2w1e9e518','b6:20:19:8c:7f:a6-bc:5f:74:27:f1:5e-35:56:54:0c:fb:46',203,108,190,9,NULL,NULL,'2011-01-25','2012-09-29',NULL,NULL,'71.00',0,0,1,0,1,1,NULL,NULL,NULL,NULL,NULL,'--- !ruby/hash:ActiveSupport::HashWithIndifferentAccess\nanschaffungskategorie: AV-Technik\nreference: invoice\numzug: zgeln\nankunftszustand: intakt\n','2012-09-29 16:22:59','2012-09-29 16:22:59'),(202,'hpifm0q3vxv9gayt67qz519','35:97:06:8a:b9:70-6b:18:fb:58:e2:5a-ce:5d:19:a5:d3:20',204,109,191,10,NULL,NULL,'2008-10-13','2012-09-29',NULL,NULL,'454.00',0,0,1,0,1,1,NULL,NULL,NULL,NULL,NULL,'--- !ruby/hash:ActiveSupport::HashWithIndifferentAccess\nanschaffungskategorie: AV-Technik\nreference: invoice\numzug: zgeln\nankunftszustand: intakt\n','2012-09-29 16:22:59','2012-09-29 16:22:59'),(203,'fxzi6hc6a66htexujiux520','0a:47:ce:57:2c:65-a6:c7:ba:2c:2d:21-da:96:8b:6c:2d:29',205,110,192,6,NULL,NULL,'2010-04-11','2012-09-29',NULL,NULL,'105.00',0,0,1,0,1,1,NULL,NULL,NULL,NULL,NULL,'--- !ruby/hash:ActiveSupport::HashWithIndifferentAccess\nanschaffungskategorie: AV-Technik\nreference: invoice\numzug: zgeln\nankunftszustand: intakt\n','2012-09-29 16:22:59','2012-09-29 16:22:59'),(204,'wb0drue7qfk2zlgj8zfu521','f0:93:8f:d9:0a:c4-b5:68:d9:4d:11:2b-a9:6f:8c:11:3d:33',206,111,193,2,NULL,NULL,'2010-06-23','2012-09-29',NULL,NULL,'93.00',0,0,1,0,1,1,NULL,NULL,NULL,NULL,NULL,'--- !ruby/hash:ActiveSupport::HashWithIndifferentAccess\nanschaffungskategorie: AV-Technik\nreference: invoice\numzug: zgeln\nankunftszustand: intakt\n','2012-09-29 16:22:59','2012-09-29 16:22:59'),(205,'ymrx5cewcz7pkie7u0r6522','c6:53:40:fa:dc:62-eb:14:f4:c8:00:48-9b:f7:92:3d:37:e2',207,112,194,12,NULL,NULL,'2009-03-13','2012-09-29',NULL,NULL,'1452.00',0,0,1,0,1,1,NULL,NULL,NULL,NULL,NULL,'--- !ruby/hash:ActiveSupport::HashWithIndifferentAccess\nanschaffungskategorie: AV-Technik\nreference: invoice\numzug: zgeln\nankunftszustand: intakt\n','2012-09-29 16:22:59','2012-09-29 16:22:59'),(206,'c8k03nyiiotk19ycfrht523','88:52:34:79:20:82-82:d8:a7:8f:e9:78-ea:7f:5e:91:2c:ff',208,113,195,1,NULL,NULL,'2008-05-04','2012-09-29',NULL,NULL,'348.00',0,0,1,0,1,1,NULL,NULL,NULL,NULL,NULL,'--- !ruby/hash:ActiveSupport::HashWithIndifferentAccess\nanschaffungskategorie: AV-Technik\nreference: invoice\numzug: zgeln\nankunftszustand: intakt\n','2012-09-29 16:22:59','2012-09-29 16:22:59'),(207,'w43uzf1xxeqj4eih6al6524','15:7a:91:8c:1e:94-76:fb:ab:7e:f6:7d-66:09:c5:ec:9a:15',209,NULL,NULL,1,NULL,NULL,NULL,NULL,NULL,NULL,NULL,0,0,1,0,1,0,NULL,NULL,NULL,NULL,NULL,'--- !ruby/hash:ActiveSupport::HashWithIndifferentAccess\nlicense_type: single_workplace\nactivation_type: serial_number\noperating_system:\n- windows\n- linux\ninstallation:\n- citrix\n- web\nreference: invoice\nmaintenance_contract: \'false\'\n','2012-09-29 16:22:59','2012-09-29 16:22:59'),(208,'6zrf9rnzxdhivbhy2v5v525','dc:94:96:d2:90:d3-e3:24:a1:0e:81:f0-2f:d5:90:c2:5c:ad',210,114,196,8,NULL,NULL,'2007-06-08','2012-09-24',NULL,NULL,'1450.00',0,0,1,0,2,1,NULL,NULL,NULL,NULL,NULL,'--- !ruby/hash:ActiveSupport::HashWithIndifferentAccess\nanschaffungskategorie: AV-Technik\nreference: invoice\numzug: zgeln\nankunftszustand: intakt\n','2012-09-24 00:00:00','2012-09-24 00:00:00'),(209,'37zx7oq7smj8onjwbunk526','0c:f2:04:f7:d7:70-d8:44:ac:50:93:e8-4d:d9:ca:33:1f:19',210,115,197,4,NULL,NULL,'2008-06-06','2012-09-24',NULL,NULL,'143.00',0,0,1,0,2,1,NULL,NULL,NULL,NULL,NULL,'--- !ruby/hash:ActiveSupport::HashWithIndifferentAccess\nanschaffungskategorie: AV-Technik\nreference: invoice\numzug: zgeln\nankunftszustand: intakt\n','2012-09-24 00:00:00','2012-09-24 00:00:00'),(210,'dy8kcen07emn5qt7q5e1527','3a:e8:24:e0:b5:c5-ab:da:9b:07:21:b4-ec:10:54:2a:56:aa',210,116,198,4,NULL,NULL,'2011-04-02','2012-09-24',NULL,NULL,'296.00',0,0,1,0,2,1,NULL,NULL,NULL,NULL,NULL,'--- !ruby/hash:ActiveSupport::HashWithIndifferentAccess\nanschaffungskategorie: AV-Technik\nreference: invoice\numzug: zgeln\nankunftszustand: intakt\n','2012-09-24 00:00:00','2012-09-24 00:00:00'),(211,'duy44gepluqdi50glkz1528','e6:4b:51:4d:ce:b9-88:23:c8:57:f2:46-10:52:7c:ab:05:c2',214,117,199,1,NULL,NULL,'2010-05-17','2012-09-29','2012-09-29','Qui repudiandae porro odio sunt recusandae eaque quis.','243.00',0,0,1,0,1,1,NULL,NULL,NULL,NULL,NULL,'--- !ruby/hash:ActiveSupport::HashWithIndifferentAccess\nanschaffungskategorie: AV-Technik\nreference: invoice\numzug: zgeln\nankunftszustand: intakt\n','2012-09-29 16:22:59','2012-09-29 16:22:59'),(212,'qtcn8n8s2blgo4p9jlnu529','0b:d8:f0:e4:bc:19-06:b1:aa:5b:18:7d-03:16:cd:18:a8:8a',215,118,200,2,NULL,NULL,'2007-02-21','2012-09-29',NULL,NULL,'335.00',0,0,1,0,2,1,NULL,NULL,NULL,NULL,NULL,'--- !ruby/hash:ActiveSupport::HashWithIndifferentAccess\nanschaffungskategorie: AV-Technik\nreference: invoice\numzug: zgeln\nankunftszustand: intakt\n','2012-09-29 16:22:59','2012-09-29 16:22:59'),(213,'w0y30sjjcp3qlphpn1vt530','9b:ac:ad:f8:09:ff-8e:2d:3d:da:95:e7-64:c6:ff:a1:f1:72',216,119,201,2,NULL,NULL,'2007-12-09','2012-09-29',NULL,NULL,'869.00',0,0,1,0,13,1,NULL,NULL,NULL,NULL,NULL,'--- !ruby/hash:ActiveSupport::HashWithIndifferentAccess\nanschaffungskategorie: AV-Technik\nreference: invoice\numzug: zgeln\nankunftszustand: intakt\n','2012-09-29 16:22:59','2012-09-29 16:22:59'),(214,'yp054glqhchmxcddj66x531','97:d8:74:5d:30:e0-c8:90:9c:23:85:36-dc:8d:81:e4:68:53',217,120,202,1,NULL,NULL,'2008-05-14','2012-09-29',NULL,NULL,'1187.00',0,0,1,0,1,1,NULL,NULL,NULL,NULL,NULL,'--- !ruby/hash:ActiveSupport::HashWithIndifferentAccess\nanschaffungskategorie: AV-Technik\nreference: invoice\numzug: zgeln\nankunftszustand: intakt\n','2012-09-29 16:22:59','2012-09-29 16:22:59'),(215,'dulh3axs87w2txi3ucil532','c1:9f:d6:5c:59:8a-b4:2e:6b:78:f6:8a-fd:e2:2f:3d:75:6b',218,121,203,6,NULL,NULL,'2007-01-20','2012-09-29',NULL,NULL,'1074.00',0,0,1,0,1,1,NULL,NULL,NULL,NULL,NULL,'--- !ruby/hash:ActiveSupport::HashWithIndifferentAccess\nanschaffungskategorie: AV-Technik\nreference: invoice\numzug: zgeln\nankunftszustand: intakt\n','2012-09-29 16:22:59','2012-09-29 16:22:59'),(216,'zi6r1wtxt5mtttmb9rji533','1e:6c:b8:cd:dc:0a-35:fb:aa:4d:36:04-6c:16:b1:43:4c:dd',219,122,204,9,NULL,NULL,'2008-11-18','2012-09-29',NULL,NULL,'1179.00',0,0,1,0,1,1,NULL,NULL,NULL,NULL,NULL,'--- !ruby/hash:ActiveSupport::HashWithIndifferentAccess\nanschaffungskategorie: AV-Technik\nreference: invoice\numzug: zgeln\nankunftszustand: intakt\n','2012-09-29 16:22:59','2012-09-29 16:22:59'),(217,'yiiv7d4f63u4aj18aq6o534','a6:3d:47:46:59:86-0a:0b:44:93:56:c6-2d:81:ee:f4:6d:9d',220,123,205,5,NULL,NULL,'2009-11-06','2012-09-29',NULL,NULL,'1223.00',0,0,1,0,1,1,NULL,NULL,NULL,NULL,NULL,'--- !ruby/hash:ActiveSupport::HashWithIndifferentAccess\nanschaffungskategorie: AV-Technik\nreference: invoice\numzug: zgeln\nankunftszustand: intakt\n','2012-09-29 16:22:59','2012-09-29 16:22:59'),(218,'yypznp9pywtpf2tm0vne535','87:7e:b1:56:e1:e1-93:89:2e:2d:de:83-c2:7b:7d:4e:fc:b0',221,124,206,12,NULL,NULL,'2010-09-04','2012-09-29',NULL,NULL,'1117.00',0,0,1,0,1,1,NULL,NULL,NULL,NULL,NULL,'--- !ruby/hash:ActiveSupport::HashWithIndifferentAccess\nanschaffungskategorie: AV-Technik\nreference: invoice\numzug: zgeln\nankunftszustand: intakt\n','2012-09-29 16:22:59','2012-09-29 16:22:59'),(219,'se01zazaslz8yoznwsn9536','4b:d6:4e:af:94:18-72:22:ac:65:58:3c-a8:42:6a:33:df:13',222,125,207,4,NULL,NULL,'2009-01-08','2012-09-29',NULL,NULL,'1193.00',0,0,1,0,1,1,NULL,NULL,NULL,NULL,NULL,'--- !ruby/hash:ActiveSupport::HashWithIndifferentAccess\nanschaffungskategorie: AV-Technik\nreference: invoice\numzug: zgeln\nankunftszustand: intakt\n','2012-09-29 16:22:59','2012-09-29 16:22:59'),(220,'8eh2e1ul7t0gzivppts2537','be:55:42:6e:a4:21-61:ab:a0:bf:d5:5e-bb:85:33:39:6d:49',223,126,208,2,NULL,NULL,'2010-01-25','2012-09-29',NULL,NULL,'597.00',0,0,1,0,1,1,NULL,NULL,NULL,NULL,NULL,'--- !ruby/hash:ActiveSupport::HashWithIndifferentAccess\nanschaffungskategorie: AV-Technik\nreference: invoice\numzug: zgeln\nankunftszustand: intakt\n','2012-09-29 16:22:59','2012-09-29 16:22:59'),(221,'7f3xvjydr8rgm8yl8i39538','8c:1b:dd:03:30:09-c2:50:8d:b3:f2:01-f9:53:b3:b4:aa:80',224,127,209,1,NULL,NULL,'2008-08-08','2012-09-29',NULL,NULL,'880.00',0,0,1,0,1,1,NULL,NULL,NULL,NULL,NULL,'--- !ruby/hash:ActiveSupport::HashWithIndifferentAccess\nanschaffungskategorie: AV-Technik\nreference: invoice\numzug: zgeln\nankunftszustand: intakt\n','2012-09-29 16:22:59','2012-09-29 16:22:59'),(222,'zox3ci8bdco6jzrcjxvw539','bc:2e:06:ef:ec:27-f5:82:c9:02:8b:95-23:91:a1:4e:7e:2e',225,128,210,4,NULL,NULL,'2009-05-05','2012-09-29',NULL,NULL,'454.00',0,0,1,0,1,1,NULL,NULL,NULL,NULL,NULL,'--- !ruby/hash:ActiveSupport::HashWithIndifferentAccess\nanschaffungskategorie: AV-Technik\nreference: invoice\numzug: zgeln\nankunftszustand: intakt\n','2012-09-29 16:22:59','2012-09-29 16:22:59'),(223,'q2y7dx8r39kx0m8lfphc540','ee:69:97:4b:89:33-27:70:94:da:53:6f-3f:b5:fd:3b:03:36',226,129,211,2,NULL,NULL,'2008-06-16','2012-09-29',NULL,NULL,'637.00',0,0,1,0,1,1,NULL,NULL,NULL,NULL,NULL,'--- !ruby/hash:ActiveSupport::HashWithIndifferentAccess\nanschaffungskategorie: AV-Technik\nreference: invoice\numzug: zgeln\nankunftszustand: intakt\n','2012-09-29 16:22:59','2012-09-29 16:22:59'),(224,'qvf1aiyo2q9s9fw6evkz541','88:74:c2:d3:78:9f-ff:c9:fb:29:d3:3c-17:4d:7f:1e:e2:e4',227,130,212,4,NULL,NULL,'2009-09-04','2012-09-29',NULL,NULL,'556.00',0,0,1,0,1,1,NULL,NULL,NULL,NULL,NULL,'--- !ruby/hash:ActiveSupport::HashWithIndifferentAccess\nanschaffungskategorie: AV-Technik\nreference: invoice\numzug: zgeln\nankunftszustand: intakt\n','2012-09-29 16:22:59','2012-09-29 16:22:59'),(225,'tbd4tdssagbigfhq8nhu542','32:42:06:f2:bd:8a-70:db:4f:38:f4:ae-09:e3:31:ec:4a:1a',228,131,213,11,NULL,NULL,'2009-01-15','2012-09-24',NULL,NULL,'710.00',0,0,1,0,1,1,NULL,NULL,NULL,NULL,NULL,'--- !ruby/hash:ActiveSupport::HashWithIndifferentAccess\nanschaffungskategorie: AV-Technik\nreference: invoice\numzug: zgeln\nankunftszustand: intakt\n','2012-09-24 00:00:00','2012-09-24 00:00:00'),(226,'ublpgnff2pittdluxv50543','2d:34:35:bd:cc:2c-8a:bc:d9:0a:b5:6d-58:08:8f:1f:ad:35',229,132,214,13,NULL,NULL,'2008-11-10','2012-09-24',NULL,NULL,'574.00',0,0,1,0,1,1,NULL,NULL,NULL,NULL,NULL,'--- !ruby/hash:ActiveSupport::HashWithIndifferentAccess\nanschaffungskategorie: AV-Technik\nreference: invoice\numzug: zgeln\nankunftszustand: intakt\n','2012-09-24 00:00:00','2012-09-24 00:00:00'),(227,'kwgphtvsetj8vitsd6dp544','a1:f4:25:2a:da:77-5b:b3:d1:1a:50:a7-50:06:cf:75:37:da',230,133,215,7,NULL,NULL,'2008-03-28','2012-09-24',NULL,NULL,'53.00',0,0,1,0,1,1,NULL,NULL,NULL,NULL,NULL,'--- !ruby/hash:ActiveSupport::HashWithIndifferentAccess\nanschaffungskategorie: AV-Technik\nreference: invoice\numzug: zgeln\nankunftszustand: intakt\n','2012-09-24 00:00:00','2012-09-24 00:00:00'),(228,'6v3cshg635ka0ffu7dz7545','c7:21:cc:f7:ef:51-cc:39:0a:f0:0a:80-d6:1d:6f:b2:13:96',231,134,216,3,NULL,NULL,'2008-03-24','2012-09-29',NULL,NULL,'1146.00',0,0,1,0,1,1,NULL,NULL,NULL,NULL,NULL,'--- !ruby/hash:ActiveSupport::HashWithIndifferentAccess\nanschaffungskategorie: AV-Technik\nreference: invoice\numzug: zgeln\nankunftszustand: intakt\n','2012-09-29 16:22:59','2012-09-29 16:22:59'),(229,'mr7mmme96kmjyd7clpwq546','61:dc:ec:09:e9:3f-1b:3f:1e:49:3c:ab-48:9a:2e:56:a0:f6',231,135,217,10,NULL,NULL,'2009-05-31','2012-09-29',NULL,NULL,'138.00',0,0,1,0,1,1,NULL,NULL,NULL,NULL,NULL,'--- !ruby/hash:ActiveSupport::HashWithIndifferentAccess\nanschaffungskategorie: AV-Technik\nreference: invoice\numzug: zgeln\nankunftszustand: intakt\n','2012-09-29 16:22:59','2012-09-29 16:22:59'),(230,'koowhd6n5m5az5ymk8yr547','fc:5a:b4:c1:b8:17-eb:bb:da:0c:12:0c-12:aa:38:70:7f:ee',231,136,218,11,NULL,NULL,'2009-01-12','2012-09-29',NULL,NULL,'19.00',0,0,1,0,1,1,NULL,NULL,NULL,NULL,NULL,'--- !ruby/hash:ActiveSupport::HashWithIndifferentAccess\nanschaffungskategorie: AV-Technik\nreference: invoice\numzug: zgeln\nankunftszustand: intakt\n','2012-09-29 16:22:59','2012-09-29 16:22:59'),(231,'ec2i2kb32ujau7aldg2q548','d1:42:1c:bc:f3:86-66:3f:83:93:24:d8-e1:52:6f:74:fe:15',235,137,219,8,NULL,NULL,'2009-10-04','2012-09-29',NULL,NULL,'929.00',0,0,1,0,1,1,NULL,NULL,NULL,NULL,NULL,'--- !ruby/hash:ActiveSupport::HashWithIndifferentAccess\nanschaffungskategorie: AV-Technik\nreference: invoice\numzug: zgeln\nankunftszustand: intakt\n','2012-09-29 16:22:59','2012-09-29 16:22:59'),(232,'jm49h1tqelvmnxlfx3yv549','6a:09:d3:ce:01:bd-74:d2:14:a2:b5:e8-6f:ac:65:b0:52:fa',235,138,220,7,NULL,NULL,'2007-12-26','2012-09-29',NULL,NULL,'578.00',0,0,1,0,1,1,NULL,NULL,NULL,NULL,NULL,'--- !ruby/hash:ActiveSupport::HashWithIndifferentAccess\nanschaffungskategorie: AV-Technik\nreference: invoice\numzug: zgeln\nankunftszustand: intakt\n','2012-09-29 16:22:59','2012-09-29 16:22:59'),(233,'hh4dwpt4syres8ff8r4j550','6d:c6:ad:05:ce:2f-1f:f2:51:1e:3c:83-57:ee:65:a6:6e:43',235,139,221,6,NULL,NULL,'2008-05-27','2012-09-29',NULL,NULL,'966.00',0,0,1,0,1,1,NULL,NULL,NULL,NULL,NULL,'--- !ruby/hash:ActiveSupport::HashWithIndifferentAccess\nanschaffungskategorie: AV-Technik\nreference: invoice\numzug: zgeln\nankunftszustand: intakt\n','2012-09-29 16:22:59','2012-09-29 16:22:59'),(234,'algw9cz5o0pcq0nslsw0551','a8:01:c2:86:a1:2d-2a:6b:07:f4:c3:b1-16:e8:c1:a0:c2:ec',239,140,222,6,NULL,NULL,'2007-07-28','2012-09-29',NULL,NULL,'704.00',0,0,1,0,1,1,NULL,NULL,NULL,NULL,NULL,'--- !ruby/hash:ActiveSupport::HashWithIndifferentAccess\nanschaffungskategorie: AV-Technik\nreference: invoice\numzug: zgeln\nankunftszustand: intakt\n','2012-09-29 16:22:59','2012-09-29 16:22:59'),(235,'uq0nutz4xfyn3agwukvo552','c8:0d:ed:82:d2:a9-42:6f:a9:f9:c0:3d-df:11:cc:59:c8:6d',239,141,223,3,NULL,NULL,'2008-12-01','2012-09-29',NULL,NULL,'1108.00',0,0,1,0,1,1,NULL,NULL,NULL,NULL,NULL,'--- !ruby/hash:ActiveSupport::HashWithIndifferentAccess\nanschaffungskategorie: AV-Technik\nreference: invoice\numzug: zgeln\nankunftszustand: intakt\n','2012-09-29 16:22:59','2012-09-29 16:22:59'),(236,'o9o6r81iz24tkwxzp87a553','f1:bd:b1:63:44:9f-f7:17:29:4b:18:fe-ca:e4:65:93:62:10',239,142,224,11,NULL,NULL,'2009-09-09','2012-09-29',NULL,NULL,'705.00',0,0,1,0,1,1,NULL,NULL,NULL,NULL,NULL,'--- !ruby/hash:ActiveSupport::HashWithIndifferentAccess\nanschaffungskategorie: AV-Technik\nreference: invoice\numzug: zgeln\nankunftszustand: intakt\n','2012-09-29 16:22:59','2012-09-29 16:22:59'),(237,'eexhod2b8clsx4fapt2w554','e8:a0:55:31:c2:3a-7e:71:f8:0c:23:7d-b5:32:a0:f6:49:8a',243,143,225,8,NULL,NULL,'2010-09-17','2012-09-29',NULL,NULL,'167.00',0,0,1,0,3,1,NULL,NULL,NULL,NULL,NULL,'--- !ruby/hash:ActiveSupport::HashWithIndifferentAccess\nanschaffungskategorie: AV-Technik\nreference: invoice\numzug: zgeln\nankunftszustand: intakt\n','2012-09-29 16:22:59','2012-09-29 16:22:59'),(238,'m4h5716tb85lscdym29f555','ab:78:72:79:2b:8a-df:9c:f6:30:f5:a3-5e:4a:21:55:af:c8',243,144,226,11,NULL,NULL,'2007-03-12','2012-09-29',NULL,NULL,'1301.00',0,0,1,0,3,1,NULL,NULL,NULL,NULL,NULL,'--- !ruby/hash:ActiveSupport::HashWithIndifferentAccess\nanschaffungskategorie: AV-Technik\nreference: invoice\numzug: zgeln\nankunftszustand: intakt\n','2012-09-29 16:22:59','2012-09-29 16:22:59'),(239,'bwx8dpk1ambzex60spoh556','02:b7:71:01:02:fe-9e:2e:43:fa:b6:81-81:83:87:e9:3d:e7',243,145,227,13,NULL,NULL,'2007-05-24','2012-09-29',NULL,NULL,'1426.00',0,0,1,0,3,1,NULL,NULL,NULL,NULL,NULL,'--- !ruby/hash:ActiveSupport::HashWithIndifferentAccess\nanschaffungskategorie: AV-Technik\nreference: invoice\numzug: zgeln\nankunftszustand: intakt\n','2012-09-29 16:22:59','2012-09-29 16:22:59'),(240,'4binhkbbuwbwm53u3kgh557','31:fd:3a:09:a0:b5-a9:c1:c9:d0:98:38-94:bb:90:69:05:70',247,146,228,6,NULL,NULL,'2010-12-31','2012-09-29',NULL,NULL,'497.00',0,0,1,0,3,1,NULL,NULL,NULL,NULL,NULL,'--- !ruby/hash:ActiveSupport::HashWithIndifferentAccess\nanschaffungskategorie: AV-Technik\nreference: invoice\numzug: zgeln\nankunftszustand: intakt\n','2012-09-29 16:22:59','2012-09-29 16:22:59'),(241,'rwwrbgi6c1t1gneg7aft558','a6:b1:62:4f:3f:78-40:f1:1f:56:df:92-e0:a1:7b:e0:b7:c8',247,147,229,1,NULL,NULL,'2007-06-17','2012-09-29',NULL,NULL,'466.00',0,0,1,0,3,1,NULL,NULL,NULL,NULL,NULL,'--- !ruby/hash:ActiveSupport::HashWithIndifferentAccess\nanschaffungskategorie: AV-Technik\nreference: invoice\numzug: zgeln\nankunftszustand: intakt\n','2012-09-29 16:22:59','2012-09-29 16:22:59'),(242,'yq3tmc43oh72p26x6lnh559','bb:6d:dc:62:6a:a5-19:d9:b0:65:f6:e8-e7:26:09:45:71:9d',247,148,230,10,NULL,NULL,'2008-04-15','2012-09-29',NULL,NULL,'277.00',0,0,1,0,3,1,NULL,NULL,NULL,NULL,NULL,'--- !ruby/hash:ActiveSupport::HashWithIndifferentAccess\nanschaffungskategorie: AV-Technik\nreference: invoice\numzug: zgeln\nankunftszustand: intakt\n','2012-09-29 16:22:59','2012-09-29 16:22:59'),(243,'8295345u9b7ozp2s872a560','61:da:45:ad:88:43-18:20:d5:01:a3:2d-39:87:37:cc:54:0e',251,149,231,8,NULL,NULL,'2007-03-10','2012-09-29',NULL,NULL,'3.00',0,0,1,0,3,1,NULL,NULL,NULL,NULL,NULL,'--- !ruby/hash:ActiveSupport::HashWithIndifferentAccess\nanschaffungskategorie: AV-Technik\nreference: invoice\numzug: zgeln\nankunftszustand: intakt\n','2012-09-29 16:22:59','2012-09-29 16:22:59'),(244,'vk6hj50a7vjapyfqbvy7561','f9:53:87:aa:a5:9d-51:40:e3:dd:58:a1-72:e5:bc:4c:ac:85',251,150,232,9,NULL,NULL,'2009-09-15','2012-09-29',NULL,NULL,'807.00',0,0,1,0,3,1,NULL,NULL,NULL,NULL,NULL,'--- !ruby/hash:ActiveSupport::HashWithIndifferentAccess\nanschaffungskategorie: AV-Technik\nreference: invoice\numzug: zgeln\nankunftszustand: intakt\n','2012-09-29 16:22:59','2012-09-29 16:22:59'),(245,'vpa8p9jed4194ph3hdqz562','6c:83:04:bb:6c:c0-25:a4:f7:52:e2:fe-bb:88:5d:dc:0a:d5',251,151,233,4,NULL,NULL,'2007-10-17','2012-09-29',NULL,NULL,'1178.00',0,0,1,0,3,1,NULL,NULL,NULL,NULL,NULL,'--- !ruby/hash:ActiveSupport::HashWithIndifferentAccess\nanschaffungskategorie: AV-Technik\nreference: invoice\numzug: zgeln\nankunftszustand: intakt\n','2012-09-29 16:22:59','2012-09-29 16:22:59'),(246,'bpkiis8n4oyq4pynkzij563','bb:51:15:7a:a6:fd-d0:d5:d6:a1:31:7c-1e:69:ab:69:a1:f1',255,152,234,9,NULL,NULL,'2007-11-14','2012-09-29',NULL,NULL,'1422.00',0,0,1,0,2,1,NULL,NULL,NULL,NULL,NULL,'--- !ruby/hash:ActiveSupport::HashWithIndifferentAccess\nanschaffungskategorie: AV-Technik\nreference: invoice\numzug: zgeln\nankunftszustand: intakt\n','2012-09-29 16:22:59','2012-09-29 16:22:59'),(247,'dcqpo31qwgtdtj7ne4ed564','ba:43:74:df:47:f5-e1:78:22:8c:1b:3d-6e:84:4a:e6:6e:37',255,153,235,4,NULL,NULL,'2009-10-04','2012-09-29',NULL,NULL,'97.00',0,0,1,0,2,1,NULL,NULL,NULL,NULL,NULL,'--- !ruby/hash:ActiveSupport::HashWithIndifferentAccess\nanschaffungskategorie: AV-Technik\nreference: invoice\numzug: zgeln\nankunftszustand: intakt\n','2012-09-29 16:22:59','2012-09-29 16:22:59'),(248,'ilxdql7jx0rkow8cldrb565','d0:7c:d0:9a:ee:d0-c4:17:fc:d7:d2:08-91:5e:53:21:91:19',255,154,236,2,NULL,NULL,'2011-12-13','2012-09-29',NULL,NULL,'893.00',0,0,1,0,2,1,NULL,NULL,NULL,NULL,NULL,'--- !ruby/hash:ActiveSupport::HashWithIndifferentAccess\nanschaffungskategorie: AV-Technik\nreference: invoice\numzug: zgeln\nankunftszustand: intakt\n','2012-09-29 16:22:59','2012-09-29 16:22:59'),(249,'r8ernazisr8g0jea346q566','f7:27:20:1f:c5:8f-c4:3f:e3:c9:e3:d8-d6:e1:b5:a0:30:a5',259,155,237,8,NULL,NULL,'2009-02-09','2012-09-29',NULL,NULL,'421.00',0,0,1,0,2,1,NULL,NULL,NULL,NULL,NULL,'--- !ruby/hash:ActiveSupport::HashWithIndifferentAccess\nanschaffungskategorie: AV-Technik\nreference: invoice\numzug: zgeln\nankunftszustand: intakt\n','2012-09-29 16:22:59','2012-09-29 16:22:59'),(250,'nnr0guaj97ooji5zs3aw567','32:f0:e3:2c:7f:04-24:dd:12:e9:87:67-1b:29:cb:f6:fa:49',259,156,238,9,NULL,NULL,'2008-02-26','2012-09-29',NULL,NULL,'661.00',0,0,1,0,2,1,NULL,NULL,NULL,NULL,NULL,'--- !ruby/hash:ActiveSupport::HashWithIndifferentAccess\nanschaffungskategorie: AV-Technik\nreference: invoice\numzug: zgeln\nankunftszustand: intakt\n','2012-09-29 16:22:59','2012-09-29 16:22:59'),(251,'tvyoa3869s6cs9ravybs568','96:53:b8:48:fa:6c-7f:1c:98:5e:5a:bd-ef:da:3b:84:4b:d3',259,157,239,13,NULL,NULL,'2007-02-11','2012-09-29',NULL,NULL,'452.00',0,0,1,0,2,1,NULL,NULL,NULL,NULL,NULL,'--- !ruby/hash:ActiveSupport::HashWithIndifferentAccess\nanschaffungskategorie: AV-Technik\nreference: invoice\numzug: zgeln\nankunftszustand: intakt\n','2012-09-29 16:22:59','2012-09-29 16:22:59'),(252,'qgxl51p4j0m6msvdv502569','6f:e1:25:87:fb:24-10:8b:ac:df:e1:eb-9d:24:ab:0f:ac:ed',263,158,240,6,NULL,NULL,'2009-08-17','2012-09-29',NULL,NULL,'1123.00',0,0,1,0,2,1,NULL,NULL,NULL,NULL,NULL,'--- !ruby/hash:ActiveSupport::HashWithIndifferentAccess\nanschaffungskategorie: AV-Technik\nreference: invoice\numzug: zgeln\nankunftszustand: intakt\n','2012-09-29 16:22:59','2012-09-29 16:22:59'),(253,'orinjsv9hcukkz169tpg570','a8:1f:be:06:c8:f1-b1:d1:a1:ff:ff:f3-1f:b3:19:53:27:2c',263,159,241,4,NULL,NULL,'2009-05-01','2012-09-29',NULL,NULL,'1370.00',0,0,1,0,2,1,NULL,NULL,NULL,NULL,NULL,'--- !ruby/hash:ActiveSupport::HashWithIndifferentAccess\nanschaffungskategorie: AV-Technik\nreference: invoice\numzug: zgeln\nankunftszustand: intakt\n','2012-09-29 16:22:59','2012-09-29 16:22:59'),(254,'lgm45oz7eqts9qbrzmsr571','39:9a:77:1a:ef:92-08:74:4d:eb:5e:d7-3b:4f:48:4b:2b:13',263,160,242,10,NULL,NULL,'2007-10-29','2012-09-29',NULL,NULL,'1380.00',0,0,1,0,2,1,NULL,NULL,NULL,NULL,NULL,'--- !ruby/hash:ActiveSupport::HashWithIndifferentAccess\nanschaffungskategorie: AV-Technik\nreference: invoice\numzug: zgeln\nankunftszustand: intakt\n','2012-09-29 16:22:59','2012-09-29 16:22:59'),(255,'rvptox92dtqvmf1u0s48572','23:bf:9f:9a:ea:d3-bf:f7:1c:5d:5c:59-a2:89:8d:13:37:36',267,161,243,6,NULL,NULL,'2010-07-16','2012-09-29',NULL,NULL,'155.00',0,0,1,0,1,1,NULL,NULL,NULL,NULL,NULL,'--- !ruby/hash:ActiveSupport::HashWithIndifferentAccess\nanschaffungskategorie: AV-Technik\nreference: invoice\numzug: zgeln\nankunftszustand: intakt\n','2012-09-29 16:22:59','2012-09-29 16:22:59'),(256,'2mpn6dgmpjnxr68necbj573','05:ad:6c:9a:07:db-9c:1c:69:5f:32:7d-99:05:f3:88:21:50',267,162,244,1,NULL,NULL,'2009-07-09','2012-09-29',NULL,NULL,'409.00',0,0,1,0,1,1,NULL,NULL,NULL,NULL,NULL,'--- !ruby/hash:ActiveSupport::HashWithIndifferentAccess\nanschaffungskategorie: AV-Technik\nreference: invoice\numzug: zgeln\nankunftszustand: intakt\n','2012-09-29 16:22:59','2012-09-29 16:22:59'),(257,'dr1vwb8g7n3una8dcjnu574','ff:2b:9f:ae:cb:2a-56:19:e8:2a:82:d3-a5:b9:aa:6c:1b:3e',267,163,245,7,NULL,NULL,'2008-04-04','2012-09-29',NULL,NULL,'895.00',0,0,1,0,1,1,NULL,NULL,NULL,NULL,NULL,'--- !ruby/hash:ActiveSupport::HashWithIndifferentAccess\nanschaffungskategorie: AV-Technik\nreference: invoice\numzug: zgeln\nankunftszustand: intakt\n','2012-09-29 16:22:59','2012-09-29 16:22:59'),(258,'vksgterefqwrl4igb63a575','82:1b:7c:87:1d:b4-81:ca:cf:da:52:cc-85:3c:90:84:c6:9a',271,164,246,13,NULL,NULL,'2011-02-12','2012-09-29',NULL,NULL,'755.00',0,0,1,0,1,1,NULL,NULL,NULL,NULL,NULL,'--- !ruby/hash:ActiveSupport::HashWithIndifferentAccess\nanschaffungskategorie: AV-Technik\nreference: invoice\numzug: zgeln\nankunftszustand: intakt\n','2012-09-29 16:22:59','2012-09-29 16:22:59'),(259,'zndntrvez0972a135ad1576','1d:ed:17:82:58:36-6c:42:d6:ea:da:4e-54:b8:6a:bc:2c:c3',271,165,247,13,NULL,NULL,'2011-04-06','2012-09-29',NULL,NULL,'888.00',0,0,1,0,1,1,NULL,NULL,NULL,NULL,NULL,'--- !ruby/hash:ActiveSupport::HashWithIndifferentAccess\nanschaffungskategorie: AV-Technik\nreference: invoice\numzug: zgeln\nankunftszustand: intakt\n','2012-09-29 16:22:59','2012-09-29 16:22:59'),(260,'frm2ec9q9jvysfjj8eig577','07:d2:13:49:27:af-bb:df:61:2b:80:82-bf:82:f0:63:d3:dc',271,166,248,8,NULL,NULL,'2008-12-22','2012-09-29',NULL,NULL,'504.00',0,0,1,0,1,1,NULL,NULL,NULL,NULL,NULL,'--- !ruby/hash:ActiveSupport::HashWithIndifferentAccess\nanschaffungskategorie: AV-Technik\nreference: invoice\numzug: zgeln\nankunftszustand: intakt\n','2012-09-29 16:22:59','2012-09-29 16:22:59'),(261,'x1gkp3ha3dg1kusdz0n1578','ca:3c:29:4d:28:54-27:94:55:15:b4:5f-ec:09:93:9b:a4:f6',275,167,249,2,NULL,NULL,'2008-03-11','2012-09-29',NULL,NULL,'262.00',0,0,1,0,1,1,NULL,NULL,NULL,NULL,NULL,'--- !ruby/hash:ActiveSupport::HashWithIndifferentAccess\nanschaffungskategorie: AV-Technik\nreference: invoice\numzug: zgeln\nankunftszustand: intakt\n','2012-09-29 16:22:59','2012-09-29 16:22:59'),(262,'nf22t03fprnmrc3rywig579','e3:eb:ed:c9:10:53-1f:44:85:ec:45:16-04:f0:e2:74:9d:66',275,168,250,12,NULL,NULL,'2010-10-21','2012-09-29',NULL,NULL,'800.00',0,0,1,0,1,1,NULL,NULL,NULL,NULL,NULL,'--- !ruby/hash:ActiveSupport::HashWithIndifferentAccess\nanschaffungskategorie: AV-Technik\nreference: invoice\numzug: zgeln\nankunftszustand: intakt\n','2012-09-29 16:22:59','2012-09-29 16:22:59'),(263,'g2knc1tz9t7z1f9etebi580','e4:8c:0c:fd:83:4e-44:f7:7e:ff:a7:b8-71:a5:9e:2d:9a:44',275,169,251,7,NULL,NULL,'2011-11-14','2012-09-29',NULL,NULL,'1342.00',0,0,1,0,1,1,NULL,NULL,NULL,NULL,NULL,'--- !ruby/hash:ActiveSupport::HashWithIndifferentAccess\nanschaffungskategorie: AV-Technik\nreference: invoice\numzug: zgeln\nankunftszustand: intakt\n','2012-09-29 16:22:59','2012-09-29 16:22:59'),(264,'eo482rn90me1x875bux4581','da:ed:0a:28:5b:c6-ee:ab:f4:77:c5:65-7e:65:ea:0e:b1:5f',279,170,252,13,NULL,NULL,'2008-04-22','2012-09-29',NULL,NULL,'1006.00',0,0,1,0,1,1,NULL,NULL,NULL,NULL,NULL,'--- !ruby/hash:ActiveSupport::HashWithIndifferentAccess\nanschaffungskategorie: AV-Technik\nreference: invoice\numzug: zgeln\nankunftszustand: intakt\n','2012-09-29 16:22:59','2012-09-29 16:22:59'),(265,'vu9h3dk61jd8hpfdr2qc582','ce:07:37:97:d0:df-7e:cf:a0:7a:8f:c2-ff:6c:1b:b9:93:7f',279,171,253,4,NULL,NULL,'2007-11-09','2012-09-29',NULL,NULL,'344.00',0,0,1,0,1,1,NULL,NULL,NULL,NULL,NULL,'--- !ruby/hash:ActiveSupport::HashWithIndifferentAccess\nanschaffungskategorie: AV-Technik\nreference: invoice\numzug: zgeln\nankunftszustand: intakt\n','2012-09-29 16:22:59','2012-09-29 16:22:59'),(266,'7dtu12tz1ngkb2ydqben583','0d:f7:85:63:9a:c8-fc:a9:d8:28:93:28-78:59:85:01:58:ed',279,172,254,7,NULL,NULL,'2010-08-28','2012-09-29',NULL,NULL,'1042.00',0,0,1,0,1,1,NULL,NULL,NULL,NULL,NULL,'--- !ruby/hash:ActiveSupport::HashWithIndifferentAccess\nanschaffungskategorie: AV-Technik\nreference: invoice\numzug: zgeln\nankunftszustand: intakt\n','2012-09-29 16:22:59','2012-09-29 16:22:59'),(267,'e50y3ljgqknn2msqkjxr584','3d:d0:a5:6e:1d:0d-4e:ed:f2:d7:13:3c-07:9a:84:41:5c:2c',283,NULL,255,1,NULL,NULL,'2010-07-12','2012-09-29',NULL,NULL,'299.00',0,0,1,0,1,1,NULL,NULL,NULL,NULL,NULL,'--- !ruby/hash:ActiveSupport::HashWithIndifferentAccess\nanschaffungskategorie: AV-Technik\nreference: invoice\numzug: zgeln\nankunftszustand: intakt\n','2012-09-29 16:22:59','2012-09-29 16:22:59'),(268,'ojhj2dmu8n8jj9oont12585','24:23:31:5c:bc:c6-be:c3:9a:57:57:b6-be:b5:d3:70:06:ae',284,173,256,1,NULL,NULL,'2009-10-24','2012-09-29',NULL,NULL,'506.00',0,0,1,0,1,1,NULL,NULL,NULL,NULL,NULL,'--- !ruby/hash:ActiveSupport::HashWithIndifferentAccess\nanschaffungskategorie: AV-Technik\nreference: invoice\numzug: zgeln\nankunftszustand: intakt\n','2012-09-29 16:22:59','2012-09-29 16:22:59'),(269,'nkijtxxlgb9dl1sfq3ya586','b4:45:89:fb:b0:c0-b1:0d:38:7f:96:ca-b6:6a:8b:c4:d2:07',285,NULL,NULL,1,NULL,NULL,NULL,NULL,NULL,NULL,NULL,0,0,0,0,2,0,NULL,NULL,NULL,NULL,NULL,'--- !ruby/hash:ActiveSupport::HashWithIndifferentAccess\noperating_system:\n- windows\n- linux\nlicense_type: multiple_workplace\ntotal_quantity: 238\nreference: invoice\nactivation_type: none\nmaintenance_contract: \'false\'\n','2012-09-29 16:22:59','2012-09-29 16:22:59'),(270,'5sjxpo9cbwl31kdk9an3587','37:29:19:72:87:6c-77:5e:d0:82:84:aa-ef:68:23:32:cc:10',286,174,257,3,NULL,NULL,'2010-10-12','2012-09-29',NULL,NULL,'410.00',0,0,1,0,1,1,NULL,NULL,NULL,NULL,NULL,'--- !ruby/hash:ActiveSupport::HashWithIndifferentAccess\nanschaffungskategorie: AV-Technik\nreference: invoice\numzug: zgeln\nankunftszustand: intakt\n','2012-09-29 16:22:59','2012-09-29 16:22:59'),(271,'1jcz8ea3mamr8gl5oxwk588','69:b4:26:8e:5d:1d-d0:6d:7e:c0:15:b8-57:26:e1:b4:e5:cb',286,175,258,4,NULL,NULL,'2007-10-17','2012-09-29',NULL,NULL,'1188.00',0,0,1,0,1,1,NULL,NULL,NULL,NULL,NULL,'--- !ruby/hash:ActiveSupport::HashWithIndifferentAccess\nanschaffungskategorie: AV-Technik\nreference: invoice\numzug: zgeln\nankunftszustand: intakt\n','2012-09-29 16:22:59','2012-09-29 16:22:59'),(272,'43e67c4epr0qhv76klyr589','cf:ff:21:90:f1:73-cb:bd:7c:86:bc:9d-eb:48:3e:4e:7a:69',286,176,259,1,NULL,NULL,'2009-08-22','2012-09-29',NULL,NULL,'1385.00',0,0,1,0,1,1,NULL,NULL,NULL,NULL,NULL,'--- !ruby/hash:ActiveSupport::HashWithIndifferentAccess\nanschaffungskategorie: AV-Technik\nreference: invoice\numzug: zgeln\nankunftszustand: intakt\n','2012-09-29 16:22:59','2012-09-29 16:22:59');
/*!40000 ALTER TABLE `items` ENABLE KEYS */;
UNLOCK TABLES;

--
-- Table structure for table `languages`
--

DROP TABLE IF EXISTS `languages`;
/*!40101 SET @saved_cs_client     = @@character_set_client */;
/*!40101 SET character_set_client = utf8 */;
CREATE TABLE `languages` (
  `id` int(11) NOT NULL AUTO_INCREMENT,
  `name` varchar(255) COLLATE utf8_unicode_ci DEFAULT NULL,
  `locale_name` varchar(255) COLLATE utf8_unicode_ci DEFAULT NULL,
  `default` tinyint(1) DEFAULT NULL,
  `active` tinyint(1) DEFAULT NULL,
  PRIMARY KEY (`id`),
  UNIQUE KEY `index_languages_on_name` (`name`),
  KEY `index_languages_on_active_and_default` (`active`,`default`)
) ENGINE=InnoDB AUTO_INCREMENT=5 DEFAULT CHARSET=utf8 COLLATE=utf8_unicode_ci;
/*!40101 SET character_set_client = @saved_cs_client */;

--
-- Dumping data for table `languages`
--

LOCK TABLES `languages` WRITE;
/*!40000 ALTER TABLE `languages` DISABLE KEYS */;
INSERT INTO `languages` VALUES (1,'English','en-GB',1,1),(2,'Deutsch','de-CH',0,1),(3,'Castellano','es',0,1),(4,'Zrittsch','gsw-CH',0,1);
/*!40000 ALTER TABLE `languages` ENABLE KEYS */;
UNLOCK TABLES;

--
-- Table structure for table `locations`
--

DROP TABLE IF EXISTS `locations`;
/*!40101 SET @saved_cs_client     = @@character_set_client */;
/*!40101 SET character_set_client = utf8 */;
CREATE TABLE `locations` (
  `id` int(11) NOT NULL AUTO_INCREMENT,
  `room` varchar(255) COLLATE utf8_unicode_ci DEFAULT NULL,
  `shelf` varchar(255) COLLATE utf8_unicode_ci DEFAULT NULL,
  `building_id` int(11) DEFAULT NULL,
  PRIMARY KEY (`id`),
  KEY `index_locations_on_building_id` (`building_id`),
  CONSTRAINT `locations_building_id_fk` FOREIGN KEY (`building_id`) REFERENCES `buildings` (`id`)
) ENGINE=InnoDB AUTO_INCREMENT=177 DEFAULT CHARSET=utf8 COLLATE=utf8_unicode_ci;
/*!40101 SET character_set_client = @saved_cs_client */;

--
-- Dumping data for table `locations`
--

LOCK TABLES `locations` WRITE;
/*!40000 ALTER TABLE `locations` DISABLE KEYS */;
INSERT INTO `locations` VALUES (1,'Corruptiexpedita','necessitatibusdolorum',2),(2,'Distinctioet','rerumat',3),(3,'Quibusdamhic','nonaliquid',4),(4,'Sita','exercitationemconsectetur',5),(5,'Voluptasut','rerumin',6),(6,'Fugitdolor','exercitationemvoluptatem',7),(7,'Etveritatis','quaeeos',8),(8,'Nesciuntculpa','dignissimossapiente',9),(9,'Ettempora','ametet',10),(10,'Molestiasrerum','quofacere',11),(11,'Veritatisvelit','quiaut',12),(12,'Dolorumillum','repudiandaeeum',13),(13,'Reiciendisvero','oditut',14),(14,'Quidemsequi','ullamvoluptates',15),(15,'Quaequo','addoloremque',16),(16,'Corporisdolor','eosvelit',17),(17,'Autdolor','maiorespossimus',18),(18,'Quisaspernatur','doloremquedolor',19),(19,'Occaecatiducimus','minusquibusdam',20),(20,'Inventoreomnis','inomnis',21),(21,'Istealiquid','nihildolorem',22),(22,'Molestiasvoluptatem','autdolorem',23),(23,'Nisiquisquam','sitdelectus',24),(24,'Omnisrepellat','esthic',25),(25,'Esteos','quossed',26),(26,'Debitisofficia','etmagnam',27),(27,'Sitex','asperioresqui',28),(28,'Rerumfuga','nihilquam',29),(29,'Iustoplaceat','adoccaecati',30),(30,'Quoddebitis','veniamsed',31),(31,'SQ2','Desk',32),(32,'UG 13','Ausgabe',33),(33,'Officiaut','recusandaequi',34),(34,'Eaquevoluptatem','accusamusveritatis',35),(35,'Quisquamperspiciatis','harumeum',36),(36,'Recusandaetotam','quosint',37),(37,'Voluptaterepellendus','utin',38),(38,'Autut','addoloremque',39),(39,'Utquia','quiasaepe',40),(40,'Reiciendisqui','sedautem',41),(41,'Involuptate','eosesse',42),(42,'Invelit','vitaeodio',43),(43,'Harumblanditiis','initaque',44),(44,'Etnon','laboremaxime',45),(45,'Iureet','temporibusdolor',46),(46,'Voluptatesed','istequi',47),(47,'Quibusdamfugit','etin',48),(48,'Autdolor','delectusomnis',49),(49,'Magniquod','eaitaque',50),(50,'Culpaet','rerumlibero',51),(51,'Voluptatemvoluptas','nisiin',52),(52,'Distinctionon','quiaet',53),(53,'Voluptasdeserunt','estrecusandae',54),(54,'Officiisnecessitatibus','verocorrupti',55),(55,'Necessitatibusquia','doloremsed',56),(56,'Esseet','estaliquid',57),(57,'Iustonobis','providentquia',58),(58,'Quasiet','estaut',59),(59,'Distinctioaliquam','eossit',60),(60,'Adnam','doloresat',61),(61,'Molestiasaccusantium','consequaturea',62),(62,'Doloresnam','utrerum',63),(63,'Utbeatae','dolorequod',64),(64,'Sapientevoluptate','autmaxime',65),(65,'Adipiscireiciendis','nostrumnumquam',66),(66,'Nonfacilis','velitbeatae',67),(67,'Utrepudiandae','culpacupiditate',68),(68,'Laboreiure','deseruntdoloremque',69),(69,'Repudiandaelabore','consequaturqui',70),(70,'Adipisciquibusdam','quaeut',71),(71,'Quidemin','quiautem',72),(72,'Nemoomnis','quidemautem',73),(73,'Nemoad','quiiure',74),(74,'Excepturiet','etsoluta',75),(75,'Quinon','suntaperiam',76),(76,'Eacupiditate','estnisi',77),(77,'Sinttempore','sedsed',78),(78,'Voluptatibusculpa','pariaturet',79),(79,'Pariaturdolor','doloresed',80),(80,'Explicabosint','nonquaerat',81),(81,'Temporenesciunt','enimea',82),(82,'Laboriosammodi','temporea',83),(83,'Quoaliquid','nisiveritatis',84),(84,'Repellatsapiente','sedarchitecto',85),(85,'Autea','cumquenecessitatibus',86),(86,'Earumaut','nemovoluptate',87),(87,'Aspernaturenim','voluptasvoluptatibus',88),(88,'Velitet','eumconsectetur',89),(89,'Estomnis','laboresunt',90),(90,'Optioillum','distinctioullam',91),(91,'Sedqui','officiisplaceat',92),(92,'Quoillo','animiodit',93),(93,'Saepeenim','maioresdoloribus',94),(94,'Excepturimolestias','quisquamalias',95),(95,'Providentet','asperioresmolestiae',96),(96,'Eamagnam','errornobis',97),(97,'Atqueodit','quipariatur',98),(98,'Autdolorum','ducimusincidunt',99),(99,'Autin','quidemesse',100),(100,'Dictavoluptas','repellatquo',101),(101,'Possimusqui','asperioreseaque',102),(102,'Inventoreest','perferendisex',103),(103,'Cupiditateeos','mollitiaconsequatur',104),(104,'Oditofficia','molestiaequisquam',105),(105,'Sedautem','etsed',106),(106,'Doloremofficiis','nihilnon',107),(107,'Iustoatque','quisquamqui',108),(108,'Beataequae','molestiasitaque',109),(109,'Blanditiisvoluptate','voluptasquaerat',110),(110,'Omnissint','inciduntfacilis',111),(111,'Quoea','quiaa',112),(112,'Eumvoluptas','quiacum',113),(113,'Nonquia','evenietvoluptas',115),(114,'Sitomnis','ducimustempora',116),(115,'Quiarecusandae','corruptivoluptatibus',117),(116,'Etmaiores','etmolestias',118),(117,'Fugaquisquam','nobisiste',119),(118,'Laboredignissimos','sitdistinctio',120),(119,'Officiainventore','occaecatirerum',121),(120,'Quamsapiente','quimodi',122),(121,'Doloribusomnis','autpraesentium',123),(122,'Omnisvelit','remasperiores',124),(123,'Nihilrepudiandae','doloremnon',125),(124,'Velillo','etdolores',126),(125,'Cumatque','dolorumfacilis',127),(126,'Verodolorem','nobisrecusandae',128),(127,'Quasivel','magnamcumque',129),(128,'Autemdeleniti','etnihil',130),(129,'Adipisciut','velitaque',131),(130,'Itaquelabore','necessitatibusillum',132),(131,'Eiusconsequuntur','rationequasi',133),(132,'Estconsequatur','distinctioqui',134),(133,'Commodinon','reiciendiscupiditate',135),(134,'Quiratione','aderror',136),(135,'Voluptatesexpedita','etmolestias',137),(136,'Magnamoccaecati','magnivelit',138),(137,'Quoassumenda','quianatus',139),(138,'Officiain','velitvoluptatibus',140),(139,'Utet','voluptatibusrepudiandae',141),(140,'Estut','possimusperferendis',142),(141,'Minimaculpa','expeditaillo',143),(142,'Velitipsa','nemoenim',144),(143,'Velomnis','errorvoluptate',145),(144,'Quamrerum','necessitatibusautem',146),(145,'Voluptatumsed','undevoluptas',147),(146,'Quiain','estrecusandae',148),(147,'Solutaaut','dolorvoluptatem',149),(148,'Sedquia','voluptatemasperiores',150),(149,'Providentmolestiae','autautem',151),(150,'Possimusfacere','hicqui',152),(151,'Etrepudiandae','maximeconsectetur',153),(152,'Nihilipsum','nesciuntnon',154),(153,'Maximeest','nostrumeos',155),(154,'Nonnecessitatibus','numquamfacere',156),(155,'Providentet','doloribusearum',157),(156,'Beataecupiditate','enimut',158),(157,'Aliquidesse','occaecatiomnis',159),(158,'Veroquia','exlaborum',160),(159,'Nobisdicta','quianesciunt',161),(160,'Harumrecusandae','atquefacere',162),(161,'Istein','nostrumodit',163),(162,'Eiusex','quaeratmagni',164),(163,'Quidema','istevoluptatem',165),(164,'Solutaad','voluptassed',166),(165,'Quisdolorum','cupiditateet',167),(166,'Nihilquia','explicabonulla',168),(167,'Eaquevoluptatum','rerumdistinctio',169),(168,'Quasidolorem','dolorcum',170),(169,'Harumrerum','teneturet',171),(170,'Itaquedelectus','debitisplaceat',172),(171,'Voluptasofficiis','vitaealiquam',173),(172,'Totamdignissimos','quiaaliquam',174),(173,'Quiaet','dolornemo',175),(174,'Earumaut','commoditemporibus',176),(175,'Ipsumconsequatur','laborumofficia',177),(176,'Seddebitis','sintporro',178);
/*!40000 ALTER TABLE `locations` ENABLE KEYS */;
UNLOCK TABLES;

--
-- Table structure for table `model_group_links`
--

DROP TABLE IF EXISTS `model_group_links`;
/*!40101 SET @saved_cs_client     = @@character_set_client */;
/*!40101 SET character_set_client = utf8 */;
CREATE TABLE `model_group_links` (
  `id` int(11) NOT NULL AUTO_INCREMENT,
  `ancestor_id` int(11) DEFAULT NULL,
  `descendant_id` int(11) DEFAULT NULL,
  `direct` tinyint(1) DEFAULT NULL,
  `count` int(11) DEFAULT NULL,
  `label` varchar(255) COLLATE utf8_unicode_ci DEFAULT NULL,
  PRIMARY KEY (`id`),
  KEY `index_model_group_links_on_ancestor_id` (`ancestor_id`),
  KEY `index_model_group_links_on_direct` (`direct`),
  KEY `index_on_descendant_id_and_ancestor_id_and_direct` (`descendant_id`,`ancestor_id`,`direct`),
  CONSTRAINT `model_group_links_descendant_id_fk` FOREIGN KEY (`descendant_id`) REFERENCES `model_groups` (`id`),
  CONSTRAINT `model_group_links_ancestor_id_fk` FOREIGN KEY (`ancestor_id`) REFERENCES `model_groups` (`id`)
) ENGINE=InnoDB AUTO_INCREMENT=9 DEFAULT CHARSET=utf8 COLLATE=utf8_unicode_ci;
/*!40101 SET character_set_client = @saved_cs_client */;

--
-- Dumping data for table `model_group_links`
--

LOCK TABLES `model_group_links` WRITE;
/*!40000 ALTER TABLE `model_group_links` DISABLE KEYS */;
INSERT INTO `model_group_links` VALUES (1,2,10,1,1,NULL),(2,2,8,1,1,NULL),(3,5,10,1,1,NULL),(4,5,9,1,1,NULL),(5,1,9,1,1,NULL),(6,1,11,0,1,NULL),(7,5,11,0,1,NULL),(8,9,11,1,1,NULL);
/*!40000 ALTER TABLE `model_group_links` ENABLE KEYS */;
UNLOCK TABLES;

--
-- Table structure for table `model_groups`
--

DROP TABLE IF EXISTS `model_groups`;
/*!40101 SET @saved_cs_client     = @@character_set_client */;
/*!40101 SET character_set_client = utf8 */;
CREATE TABLE `model_groups` (
  `id` int(11) NOT NULL AUTO_INCREMENT,
  `type` varchar(255) COLLATE utf8_unicode_ci DEFAULT NULL,
  `name` varchar(255) COLLATE utf8_unicode_ci DEFAULT NULL,
  `created_at` datetime DEFAULT NULL,
  `updated_at` datetime DEFAULT NULL,
  PRIMARY KEY (`id`),
  KEY `index_model_groups_on_type` (`type`)
) ENGINE=InnoDB AUTO_INCREMENT=15 DEFAULT CHARSET=utf8 COLLATE=utf8_unicode_ci;
/*!40101 SET character_set_client = @saved_cs_client */;

--
-- Dumping data for table `model_groups`
--

LOCK TABLES `model_groups` WRITE;
/*!40000 ALTER TABLE `model_groups` DISABLE KEYS */;
INSERT INTO `model_groups` VALUES (1,'Category','Beamer','2012-09-29 16:22:59','2012-09-29 16:22:59'),(2,'Category','Kameras','2012-09-29 16:22:59','2012-09-29 16:22:59'),(3,'Category','Stative','2012-09-29 16:22:59','2012-09-29 16:22:59'),(4,'Category','Hifi-Anlagen','2012-09-29 16:22:59','2012-09-29 16:22:59'),(5,'Category','Notebooks','2012-09-29 16:22:59','2012-09-29 16:22:59'),(6,'Category','RC Helikopter','2012-09-29 16:22:59','2012-09-29 16:22:59'),(7,'Category','Computer','2012-09-29 16:22:59','2012-09-29 16:22:59'),(8,'Category','Kurzdistanz','2012-09-29 16:22:59','2012-09-29 16:22:59'),(9,'Category','Portabel','2012-09-29 16:22:59','2012-09-29 16:22:59'),(10,'Category','Standard','2012-09-29 16:22:59','2012-09-29 16:22:59'),(11,'Category','Micro','2012-09-29 16:22:59','2012-09-29 16:22:59'),(12,'Template','Kamera & Stativ','2012-09-29 16:22:59','2012-09-29 16:22:59'),(13,'Template','Beamer & Hifi','2012-09-29 16:22:59','2012-09-29 16:22:59'),(14,'Template','Unaccomplishable template','2012-09-29 16:22:59','2012-09-29 16:22:59');
/*!40000 ALTER TABLE `model_groups` ENABLE KEYS */;
UNLOCK TABLES;

--
-- Table structure for table `model_links`
--

DROP TABLE IF EXISTS `model_links`;
/*!40101 SET @saved_cs_client     = @@character_set_client */;
/*!40101 SET character_set_client = utf8 */;
CREATE TABLE `model_links` (
  `id` int(11) NOT NULL AUTO_INCREMENT,
  `model_group_id` int(11) DEFAULT NULL,
  `model_id` int(11) DEFAULT NULL,
  `quantity` int(11) DEFAULT '1',
  PRIMARY KEY (`id`),
  KEY `index_model_links_on_model_id_and_model_group_id` (`model_id`,`model_group_id`),
  KEY `index_model_links_on_model_group_id_and_model_id` (`model_group_id`,`model_id`),
  CONSTRAINT `model_links_model_id_fk` FOREIGN KEY (`model_id`) REFERENCES `models` (`id`) ON DELETE CASCADE,
  CONSTRAINT `model_links_model_group_id_fk` FOREIGN KEY (`model_group_id`) REFERENCES `model_groups` (`id`)
) ENGINE=InnoDB AUTO_INCREMENT=73 DEFAULT CHARSET=utf8 COLLATE=utf8_unicode_ci;
/*!40101 SET character_set_client = @saved_cs_client */;

--
-- Dumping data for table `model_links`
--

LOCK TABLES `model_links` WRITE;
/*!40000 ALTER TABLE `model_links` DISABLE KEYS */;
INSERT INTO `model_links` VALUES (1,1,42,1),(2,9,42,1),(3,1,43,1),(4,1,44,1),(5,1,46,1),(6,9,46,1),(7,11,47,1),(8,1,48,1),(9,1,49,1),(10,1,50,1),(11,1,51,1),(12,1,52,1),(13,1,53,1),(14,1,54,1),(15,1,55,1),(16,1,56,1),(17,1,57,1),(18,1,58,1),(19,1,59,1),(20,1,60,1),(21,1,61,1),(22,1,62,1),(23,1,63,1),(24,1,64,1),(25,1,65,1),(26,1,66,1),(27,1,67,1),(28,2,68,1),(29,2,69,1),(30,2,70,1),(31,2,71,1),(32,2,72,1),(33,2,73,1),(34,2,74,1),(35,2,75,1),(36,2,76,1),(37,2,77,1),(38,2,78,1),(39,2,79,1),(40,2,80,1),(41,2,81,1),(42,2,82,1),(43,2,83,1),(44,2,84,1),(45,2,85,1),(46,2,86,1),(47,2,87,1),(48,2,88,1),(49,2,89,1),(50,2,90,1),(51,2,91,1),(52,2,92,1),(53,2,93,1),(54,2,94,1),(55,2,95,1),(56,2,96,1),(57,2,97,1),(58,2,98,1),(59,4,99,1),(60,3,100,1),(61,12,68,1),(62,12,100,1),(63,13,42,1),(64,13,99,1),(65,14,68,999),(66,14,100,999),(67,2,133,1),(68,7,134,1),(69,5,135,1),(70,6,136,1),(71,6,137,1),(72,6,138,1);
/*!40000 ALTER TABLE `model_links` ENABLE KEYS */;
UNLOCK TABLES;

--
-- Table structure for table `models`
--

DROP TABLE IF EXISTS `models`;
/*!40101 SET @saved_cs_client     = @@character_set_client */;
/*!40101 SET character_set_client = utf8 */;
CREATE TABLE `models` (
  `id` int(11) NOT NULL AUTO_INCREMENT,
  `type` varchar(255) COLLATE utf8_unicode_ci NOT NULL DEFAULT 'Model',
  `manufacturer` varchar(255) COLLATE utf8_unicode_ci DEFAULT NULL,
  `product` varchar(255) COLLATE utf8_unicode_ci NOT NULL,
  `version` varchar(255) COLLATE utf8_unicode_ci DEFAULT NULL,
  `description` text COLLATE utf8_unicode_ci,
  `internal_description` text COLLATE utf8_unicode_ci,
  `info_url` varchar(255) COLLATE utf8_unicode_ci DEFAULT NULL,
  `rental_price` decimal(8,2) DEFAULT NULL,
  `maintenance_period` int(11) DEFAULT '0',
  `is_package` tinyint(1) DEFAULT '0',
  `technical_detail` text COLLATE utf8_unicode_ci,
  `hand_over_note` text COLLATE utf8_unicode_ci,
  `created_at` datetime DEFAULT NULL,
  `updated_at` datetime DEFAULT NULL,
  PRIMARY KEY (`id`),
  KEY `index_models_on_is_package` (`is_package`),
  KEY `index_models_on_type` (`type`)
) ENGINE=InnoDB AUTO_INCREMENT=290 DEFAULT CHARSET=utf8 COLLATE=utf8_unicode_ci;
/*!40101 SET character_set_client = @saved_cs_client */;

--
-- Dumping data for table `models`
--

LOCK TABLES `models` WRITE;
/*!40000 ALTER TABLE `models` DISABLE KEYS */;
INSERT INTO `models` VALUES (1,'Model','Koss-Hartmann','Gorgeous Cotton Chair','607','Ex qui velit at id provident animi.','Soluta et consectetur quo est molestiae.',NULL,NULL,0,0,'Velit omnis officiis nihil explicabo.','Sit unde quidem perferendis amet non.','2012-09-29 16:22:59','2012-09-29 16:22:59'),(2,'Model','Shanahan, Runolfsson and Prohaska','Small Granite Table','608','Ut voluptatem id dolorem laboriosam non animi.','Sint repellendus veritatis sit et praesentium earum occaecati qui.',NULL,NULL,0,0,'Ut officiis vitae sit placeat.','Non possimus voluptatum voluptatibus suscipit nihil perspiciatis ut.','2012-09-29 16:22:59','2012-09-29 16:22:59'),(3,'Model','Denesik-Ryan','Gorgeous Granite Shoes','609','Tenetur est et numquam dolor.','Laudantium maxime similique et.',NULL,NULL,0,0,'Praesentium dolorum autem fugit blanditiis non voluptatum dolores nemo.','Quis dignissimos perferendis eligendi aut dolore quo perspiciatis amet.','2012-09-29 16:22:59','2012-09-29 16:22:59'),(4,'Model','Gusikowski and Sons','Small Granite Computer','610','Praesentium debitis enim incidunt quas rem sed.','Reiciendis illum commodi maxime.',NULL,NULL,2,0,'Velit voluptatem mollitia molestiae est aut accusantium incidunt.','Molestiae nemo molestiae quo.','2012-09-29 16:22:59','2012-09-29 16:22:59'),(5,'Model','Herman, Collins and Robel','Incredible Wooden Gloves','611','Delectus enim labore id quia.','Qui ut aliquam eos iste occaecati ad veritatis.',NULL,NULL,3,0,'Qui voluptatibus quae ducimus et similique.','Iste officia voluptas ea laborum ut exercitationem eveniet.','2012-09-29 16:22:59','2012-09-29 16:22:59'),(6,'Model','Mertz-King','Intelligent Granite Gloves','612','Enim velit modi doloribus similique ab.','Dolore molestiae vel laboriosam illo.',NULL,NULL,2,0,'Corporis illum doloremque qui aut eius.','Est aut est molestias.','2012-09-29 16:22:59','2012-09-29 16:22:59'),(7,'Model','Leuschke, Ledner and Hagenes','Practical Plastic Car','613','Dignissimos qui rerum voluptatem fuga ut.','Recusandae nostrum aut corrupti eos facilis aut.',NULL,NULL,3,0,'Consequatur aut impedit amet beatae quo in dicta quaerat.','Commodi dolorem eaque ipsum aliquam iusto.','2012-09-29 16:22:59','2012-09-29 16:22:59'),(8,'Model','Hoppe-Armstrong','Sleek Plastic Shirt','614','Assumenda quibusdam quia laudantium ducimus perspiciatis nam similique molestiae.','Laboriosam est autem voluptatum.',NULL,NULL,3,0,'Fugiat iste qui doloribus consequatur.','Quasi aliquid autem non eius nesciunt quibusdam et.','2012-09-29 16:22:59','2012-09-29 16:22:59'),(9,'Model','Huel, Smith and Oberbrunner','Gorgeous Steel Shirt','615','Consequatur recusandae hic odit facilis consectetur voluptas molestiae ad.','Mollitia iste dolorum aperiam ullam ut deserunt incidunt nihil.',NULL,NULL,1,0,'Architecto esse animi repellendus culpa.','Est rem et et iusto qui est ut sed.','2012-09-29 16:22:59','2012-09-29 16:22:59'),(10,'Model','Stoltenberg, Tremblay and Osinski','Awesome Steel Chair','616','Porro atque provident voluptas.','Et nam eveniet sit corrupti sed et sint qui.',NULL,NULL,3,0,'Ipsa quia qui rem nesciunt.','Exercitationem expedita quo aut eum.','2012-09-29 16:22:59','2012-09-29 16:22:59'),(11,'Model','Wisozk, Mann and Bruen','Gorgeous Concrete Table','617','Distinctio et ut expedita dolor.','Tempora quod dolor ut iure dignissimos tempore.',NULL,NULL,2,0,'Doloribus ullam ipsam deserunt autem.','Libero maiores deleniti hic sed quis quo.','2012-09-29 16:22:59','2012-09-29 16:22:59'),(12,'Model','Beahan-Batz','Fantastic Plastic Shoes','618','Unde vel eos impedit ut.','Aliquam rerum molestias explicabo ducimus.',NULL,NULL,0,0,'Mollitia voluptas deserunt asperiores deleniti unde ratione officiis.','Eaque distinctio ipsam id ut et.','2012-09-29 16:22:59','2012-09-29 16:22:59'),(13,'Model','Welch, Yost and Schuppe','Small Plastic Car','619','Odio soluta totam sequi dolorum.','Commodi fugiat aut aperiam est delectus sit velit.',NULL,NULL,2,0,'Sint ut quia neque.','Atque placeat sit provident.','2012-09-29 16:22:59','2012-09-29 16:22:59'),(14,'Model','Ullrich, Lakin and Howe','Small Steel Pants','620','Quia et temporibus accusantium debitis.','Dicta atque est deserunt ut.',NULL,NULL,3,0,'Autem quis quae quia.','Tempora labore consequuntur assumenda repellendus suscipit fugit.','2012-09-29 16:22:59','2012-09-29 16:22:59'),(15,'Model','Zulauf Group','Gorgeous Rubber Pants','621','Laudantium minima facilis dolorem.','Beatae exercitationem aperiam culpa nisi sit eos nobis.',NULL,NULL,1,0,'Eius voluptatem sed ab.','Eveniet velit delectus numquam impedit ea.','2012-09-29 16:22:59','2012-09-29 16:22:59'),(16,'Model','Reilly and Sons','Fantastic Cotton Shirt','622','Voluptas in voluptatem consequuntur odio dolores sed et.','Ut dolores enim ab distinctio adipisci praesentium vitae minus.',NULL,NULL,3,0,'Ut reprehenderit explicabo non non ut illo.','Ullam et nisi in dolores.','2012-09-29 16:22:59','2012-09-29 16:22:59'),(17,'Model','Beer, Flatley and Pollich','Gorgeous Steel Shoes','623','Nobis officia itaque rerum earum libero facere velit.','Praesentium molestiae ipsum dolor.',NULL,NULL,3,0,'Optio rerum sint mollitia tempora vero omnis ad.','Sequi doloribus deleniti eum sed.','2012-09-29 16:22:59','2012-09-29 16:22:59'),(18,'Model','VonRueden, Dickens and Nitzsche','Small Cotton Shoes','624','Voluptas occaecati sed saepe dolor alias et.','Dicta explicabo distinctio eos.',NULL,NULL,1,0,'Animi neque deserunt quae est dolor.','Voluptas nulla tempore aliquam itaque velit et magni.','2012-09-29 16:22:59','2012-09-29 16:22:59'),(19,'Model','Cole-Nicolas','Small Granite Shirt','625','Ullam at qui ut natus.','Deserunt provident voluptatem at expedita.',NULL,NULL,0,0,'Amet magni praesentium incidunt.','Aut harum molestiae esse accusamus neque et rerum repellat.','2012-09-29 16:22:59','2012-09-29 16:22:59'),(20,'Model','Connelly-Tillman','Rustic Steel Pants','626','Et aut quo maxime rem.','In quis error labore repellat laboriosam eligendi non delectus.',NULL,NULL,1,0,'Aspernatur quidem vitae id nesciunt asperiores est.','Debitis nostrum cumque dolor in repudiandae ab quis.','2012-09-29 16:22:59','2012-09-29 16:22:59'),(21,'Model','Parker-Mraz','Incredible Cotton Shoes','627','Qui sit eum vero et veniam aut nihil.','Enim qui hic sunt laborum incidunt.',NULL,NULL,0,0,'Quo veritatis dolor et consequatur impedit.','Dolor magnam aut nihil quasi repellendus veniam voluptate consequatur.','2012-09-29 16:22:59','2012-09-29 16:22:59'),(22,'Model','VonRueden Inc','Intelligent Plastic Shoes','628','Corrupti provident eos veritatis est officia facilis ea.','Natus doloribus voluptatibus ut dolore amet odit.',NULL,NULL,3,0,'Non harum fugit dignissimos quis.','Fuga ipsum accusantium quo sint ea aut saepe.','2012-09-29 16:22:59','2012-09-29 16:22:59'),(23,'Model','Strosin, Purdy and Streich','Incredible Cotton Gloves','629','Consequatur iure beatae quia deserunt id ut nam.','Ut sed aliquid cum.',NULL,NULL,3,0,'Dolorem maiores totam similique recusandae dolore veniam.','Voluptatem ex enim impedit illum.','2012-09-29 16:22:59','2012-09-29 16:22:59'),(24,'Model','Powlowski, Hickle and Crooks','Sleek Steel Car','630','Error cum eaque inventore velit omnis autem.','Facilis repudiandae beatae hic voluptas magnam officiis aut aut.',NULL,NULL,0,0,'Consequuntur ut ad fugiat.','Quas libero minima ducimus.','2012-09-29 16:22:59','2012-09-29 16:22:59'),(25,'Model','Mitchell Group','Gorgeous Cotton Gloves','631','Non aut voluptatem dolor molestiae.','Veritatis asperiores est et vero in maiores ut.',NULL,NULL,3,0,'Qui error doloribus ullam laboriosam assumenda sed sequi ut.','Dolor molestiae velit repellendus.','2012-09-29 16:22:59','2012-09-29 16:22:59'),(26,'Model','Torp-Block','Intelligent Steel Chair','632','Mollitia veniam molestias minus.','Eaque recusandae est quia.',NULL,NULL,2,0,'Perferendis amet asperiores officia libero.','Perferendis dolorem debitis praesentium blanditiis dolor totam et aspernatur.','2012-09-29 16:22:59','2012-09-29 16:22:59'),(27,'Model','Blanda, Botsford and Kunze','Small Wooden Car','633','Tenetur molestias vel rerum aperiam qui aliquam dolorem est.','Nemo optio aliquam quas a.',NULL,NULL,1,0,'Commodi est nesciunt pariatur.','Accusamus nobis quasi a est.','2012-09-29 16:22:59','2012-09-29 16:22:59'),(28,'Model','Jakubowski, Auer and Kulas','Incredible Wooden Computer','634','Distinctio tenetur officiis odit sit.','Fuga eos excepturi inventore.',NULL,NULL,1,0,'Quis quod unde esse dolor aut voluptas ipsa nam.','Quo dolorum saepe aut tenetur ab aliquid.','2012-09-29 16:22:59','2012-09-29 16:22:59'),(29,'Model','Goldner Inc','Incredible Rubber Pants','635','Aut non saepe reiciendis nisi.','Porro voluptatem sequi possimus.',NULL,NULL,3,0,'Suscipit nesciunt beatae ut.','Et autem dolore amet fugiat eaque ducimus.','2012-09-29 16:22:59','2012-09-29 16:22:59'),(30,'Model','Hamill, Nicolas and Glover','Rustic Granite Hat','636','Voluptate odit aliquam saepe dolorum.','Inventore iure eos neque consequatur et rerum veniam consectetur.',NULL,NULL,2,0,'Ipsum neque labore vel velit tempore et dolorum.','Nam ea dolorem et excepturi.','2012-09-29 16:22:59','2012-09-29 16:22:59'),(31,'Model','Rogahn-Rogahn','Small Granite Pants','637','Et eos provident debitis.','Quod temporibus ducimus nisi eum quasi.',NULL,NULL,0,0,'Aut earum et sit ea dolorem.','Voluptates nulla adipisci ut sit a.','2012-09-29 16:22:59','2012-09-29 16:22:59'),(32,'Model','Mayer and Sons','Practical Wooden Pants','638','Qui est id eaque sed reiciendis molestiae illum accusantium.','Autem facilis in sit rerum ab nemo perspiciatis quia.',NULL,NULL,2,0,'Omnis quas repudiandae cum quae sunt molestiae.','Autem dolore magni voluptatibus officia est.','2012-09-29 16:22:59','2012-09-29 16:22:59'),(33,'Model','Runte LLC','Intelligent Steel Shirt','639','Veritatis earum et deserunt architecto.','Voluptates eius doloribus dolore sit.',NULL,NULL,1,0,'Possimus veniam et tempora dolor deleniti facere amet sed.','Voluptatem esse totam ut autem excepturi.','2012-09-29 16:22:59','2012-09-29 16:22:59'),(34,'Model','Rosenbaum-Brown','Fantastic Wooden Table','640','Molestias ipsa libero impedit voluptas sint quaerat error.','Non iste cum aut ipsa quia.',NULL,NULL,2,0,'Recusandae impedit rerum voluptatum et aspernatur.','Qui ex adipisci placeat harum alias.','2012-09-29 16:22:59','2012-09-29 16:22:59'),(35,'Model','Bosco, Williamson and Schuster','Ergonomic Steel Hat','641','Quod id pariatur quis qui ut ipsam.','Quaerat alias rerum quia voluptatem.',NULL,NULL,0,0,'Est dolorem non laborum.','Explicabo ut distinctio sed aliquam non omnis adipisci.','2012-09-29 16:22:59','2012-09-29 16:22:59'),(36,'Model','Howell, Roob and Shanahan','Sleek Cotton Shirt','642','Eligendi quos eos et quasi repellendus.','Quia qui aspernatur omnis.',NULL,NULL,0,0,'Maiores sed tenetur eius.','Impedit voluptatem exercitationem deleniti sapiente perspiciatis autem.','2012-09-29 16:22:59','2012-09-29 16:22:59'),(37,'Model','Witting, White and Gottlieb','Small Wooden Table','643','Dolorem dolore porro saepe quas provident laborum.','Similique vel magni qui.',NULL,NULL,1,0,'Sunt culpa debitis et.','Expedita id aut est rem.','2012-09-29 16:22:59','2012-09-29 16:22:59'),(38,'Model','Christiansen-Schulist','Practical Steel Hat','644','Modi dolores ea voluptatum.','Harum sit tempora ut rerum dolorem molestiae molestias.',NULL,NULL,0,0,'Alias ut officiis sunt maxime aut et tempora porro.','Voluptate iste sunt itaque mollitia.','2012-09-29 16:22:59','2012-09-29 16:22:59'),(39,'Model','Howell-Gutmann','Intelligent Concrete Table','645','Consequatur deleniti quis incidunt modi molestiae perferendis iure.','In et quis dolorum et explicabo qui.',NULL,NULL,2,0,'Distinctio aliquid ut sed rerum blanditiis.','Et recusandae et aperiam.','2012-09-29 16:22:59','2012-09-29 16:22:59'),(40,'Model','Moore LLC','Fantastic Rubber Shirt','646','Nihil voluptatem ipsam qui rerum molestiae.','Et iusto rerum recusandae.',NULL,NULL,1,0,'Aut aliquid laborum inventore officiis voluptatibus veniam distinctio.','Quam ea ut dolores alias a vero magnam.','2012-09-29 16:22:59','2012-09-29 16:22:59'),(41,'Model','Apple','MacBookPro','647','Laptop fr Studis und Angestellte.','Ex nisi necessitatibus dolore aut id laboriosam odit voluptatem.',NULL,NULL,0,0,'Ea ut tenetur illo voluptatem aut voluptas aliquid.','Mit Verpackung aushndigen.','2012-09-29 16:22:59','2012-09-29 16:22:59'),(42,'Model','Sharp','Sharp Beamer','123','Beamer, geeignet fr alle Verwendungszwecke.','Qui voluptatem iste doloribus harum non rerum.',NULL,NULL,0,0,'Beatae veniam voluptate et modi.','Beamer brauch ein VGA Kabel!','2012-09-29 16:22:59','2012-09-29 16:22:59'),(43,'Model','Sharp','Sharp Beamer 2D','648','Beamer, geeignet fr alle Verwendungszwecke.','Tempore nihil unde quaerat architecto et aliquam consequatur.',NULL,NULL,0,0,'Enim voluptatibus porro consectetur qui laudantium maxime.','Repudiandae magnam provident a.','2012-09-29 16:22:59','2012-09-29 16:22:59'),(44,'Model','Panasonic','Mini Beamer','649','Beamer, geeignet fr alle Verwendungszwecke.','Sint vel qui ab doloribus tempora nobis fugiat dolores.',NULL,NULL,0,0,'Voluptatum ad voluptas minima eaque consequatur et doloribus.','Placeat sunt sit odio quia.','2012-09-29 16:22:59','2012-09-29 16:22:59'),(45,'Model','Sharp','Sharp Beamer','456','Beamer, geeignet fr alle Verwendungszwecke.','Itaque quo ut occaecati vitae mollitia minima est.',NULL,NULL,0,0,'Ipsa quas dignissimos et ut et.','Beamer brauch ein VGA Kabel!','2012-09-29 16:22:59','2012-09-29 16:22:59'),(46,'Model','Sony','Ultra Compact Beamer','650','Besonders kleiner Beamer.','Iusto quasi et voluptate eveniet aut assumenda eum quod.',NULL,NULL,0,0,'Quas in quo deleniti est.','Beamer brauch ein VGA Kabel!','2012-09-29 16:22:59','2012-09-29 16:22:59'),(47,'Model','Micro','Micro Beamer','651','Besonders mikro kleiner Beamer.','Quasi itaque doloribus repellat.',NULL,NULL,0,0,'Eveniet doloribus architecto quia aspernatur molestiae voluptatem cumque aliquid.','Beamer brauch ein VGA Kabel!','2012-09-29 16:22:59','2012-09-29 16:22:59'),(48,'Model','Sony','Beamer 1 fuga','652','Molestias repellat autem nisi ea laudantium ut non.','Illum accusantium dolore similique.',NULL,NULL,0,0,'Earum similique est id enim animi.','Beamer brauch ein VGA Kabel!','2012-09-29 16:22:59','2012-09-29 16:22:59'),(49,'Model','Sony','Beamer 2 nihil','653','Voluptates maxime est iusto natus et voluptatem ipsam.','Qui est ea earum cumque.',NULL,NULL,0,0,'Deleniti et laboriosam earum harum quo sequi minima quos.','Beamer brauch ein VGA Kabel!','2012-09-29 16:22:59','2012-09-29 16:22:59'),(50,'Model','Sony','Beamer 3 dolor','654','Nam ea ad provident in quasi.','Voluptate esse adipisci molestias voluptatem.',NULL,NULL,0,0,'Rerum laborum esse hic dolores debitis unde eaque nesciunt.','Beamer brauch ein VGA Kabel!','2012-09-29 16:22:59','2012-09-29 16:22:59'),(51,'Model','Sony','Beamer 4 maxime','655','Consequatur ipsam odit atque commodi adipisci est aut.','Ullam rerum rerum laboriosam aperiam ut praesentium voluptatem recusandae.',NULL,NULL,0,0,'Optio omnis temporibus ex atque consectetur nisi.','Beamer brauch ein VGA Kabel!','2012-09-29 16:22:59','2012-09-29 16:22:59'),(52,'Model','Sony','Beamer 5 rerum','656','Pariatur aliquid libero ea expedita officiis quis sint voluptatem.','Nemo unde hic odit quia non laudantium et.',NULL,NULL,0,0,'Recusandae eaque incidunt debitis est.','Beamer brauch ein VGA Kabel!','2012-09-29 16:22:59','2012-09-29 16:22:59'),(53,'Model','Sony','Beamer 6 id','657','Commodi sit nobis porro quis earum minima voluptas.','Veniam earum voluptatem id nostrum est aut enim quas.',NULL,NULL,0,0,'Et tempora nostrum occaecati.','Beamer brauch ein VGA Kabel!','2012-09-29 16:22:59','2012-09-29 16:22:59'),(54,'Model','Sony','Beamer 7 voluptates','658','Ratione assumenda expedita dolorem blanditiis dolores quisquam aliquam nihil.','Perspiciatis voluptatem culpa exercitationem aut consequatur et nostrum.',NULL,NULL,0,0,'Voluptatem molestiae inventore quia non.','Beamer brauch ein VGA Kabel!','2012-09-29 16:22:59','2012-09-29 16:22:59'),(55,'Model','Sony','Beamer 8 eum','659','Quas quae sint aut consequuntur a.','Ut omnis ad dolor magni.',NULL,NULL,0,0,'Aut voluptatem accusantium tenetur amet harum occaecati quis unde.','Beamer brauch ein VGA Kabel!','2012-09-29 16:22:59','2012-09-29 16:22:59'),(56,'Model','Sony','Beamer 9 distinctio','660','Architecto eveniet libero ab iusto eos rerum.','Illo est possimus dolor.',NULL,NULL,0,0,'Aut aut sed voluptates cupiditate tempora ab magni quia.','Beamer brauch ein VGA Kabel!','2012-09-29 16:22:59','2012-09-29 16:22:59'),(57,'Model','Sony','Beamer 10 et','661','Dignissimos ullam ducimus facere atque libero quasi velit nesciunt.','Tempore qui blanditiis praesentium nobis.',NULL,NULL,0,0,'Modi sit maxime blanditiis quisquam harum ad aut.','Beamer brauch ein VGA Kabel!','2012-09-29 16:22:59','2012-09-29 16:22:59'),(58,'Model','Sony','Beamer 11 eius','662','Aut sit voluptatem delectus excepturi ut totam quam omnis.','Sint ducimus repudiandae autem laboriosam quo.',NULL,NULL,0,0,'Culpa rerum dolores eos aspernatur dolorem ipsum.','Beamer brauch ein VGA Kabel!','2012-09-29 16:22:59','2012-09-29 16:22:59'),(59,'Model','Sony','Beamer 12 nihil','663','Iure repellat architecto itaque amet eum quas qui.','Sit quibusdam nostrum ipsum libero et quis.',NULL,NULL,0,0,'Architecto consectetur voluptate laboriosam quisquam.','Beamer brauch ein VGA Kabel!','2012-09-29 16:22:59','2012-09-29 16:22:59'),(60,'Model','Sony','Beamer 13 et','664','Temporibus quo mollitia minima nihil asperiores et non magni.','Vitae totam aut est quaerat aliquam sunt.',NULL,NULL,0,0,'Inventore molestiae aliquid autem.','Beamer brauch ein VGA Kabel!','2012-09-29 16:22:59','2012-09-29 16:22:59'),(61,'Model','Sony','Beamer 14 sed','665','Eveniet sunt autem accusantium cupiditate officiis aut explicabo.','Quo a et et est consequatur libero necessitatibus quia.',NULL,NULL,0,0,'Facilis asperiores sed voluptatem molestiae dolores numquam repellat molestiae.','Beamer brauch ein VGA Kabel!','2012-09-29 16:22:59','2012-09-29 16:22:59'),(62,'Model','Sony','Beamer 15 corporis','666','Iste quis et sint id vel consequatur magni.','Beatae ex non quasi reiciendis harum amet qui.',NULL,NULL,0,0,'Qui perspiciatis sunt odit iure dicta natus repellendus.','Beamer brauch ein VGA Kabel!','2012-09-29 16:22:59','2012-09-29 16:22:59'),(63,'Model','Sony','Beamer 16 inventore','667','Qui delectus aut consequatur officiis nostrum illo.','Iure eveniet vel incidunt.',NULL,NULL,0,0,'Quidem ut quo quasi ullam ratione blanditiis et ut.','Beamer brauch ein VGA Kabel!','2012-09-29 16:22:59','2012-09-29 16:22:59'),(64,'Model','Sony','Beamer 17 minus','668','Et vel omnis possimus temporibus explicabo.','Officiis delectus excepturi commodi neque.',NULL,NULL,0,0,'Qui temporibus molestias voluptas id.','Beamer brauch ein VGA Kabel!','2012-09-29 16:22:59','2012-09-29 16:22:59'),(65,'Model','Sony','Beamer 18 aperiam','669','Ipsum cumque quasi aperiam commodi.','Optio sit sunt unde laudantium voluptatibus.',NULL,NULL,0,0,'Eos est autem recusandae qui quam eos architecto quo.','Beamer brauch ein VGA Kabel!','2012-09-29 16:22:59','2012-09-29 16:22:59'),(66,'Model','Sony','Beamer 19 dolore','670','Quod et nulla et reprehenderit ipsum ut.','Facilis autem tempore est veritatis nesciunt.',NULL,NULL,0,0,'Dignissimos nisi aspernatur velit.','Beamer brauch ein VGA Kabel!','2012-09-29 16:22:59','2012-09-29 16:22:59'),(67,'Model','Sony','Beamer 20 voluptas','671','Id sit amet maiores excepturi necessitatibus quod.','Labore ipsum ut deserunt magnam rem.',NULL,NULL,0,0,'Ipsa et ea eligendi explicabo consequatur eum sint rerum.','Beamer brauch ein VGA Kabel!','2012-09-29 16:22:59','2012-09-29 16:22:59'),(68,'Model','Nikon','Kamera Nikon','X12','Super Kamera.','Qui quibusdam ea reprehenderit blanditiis ad facere quod vel.',NULL,NULL,0,0,'Explicabo quas molestiae praesentium molestiae saepe voluptatem.','Kamera brauch Akkus!','2012-09-29 16:22:59','2012-09-29 16:22:59'),(69,'Model','Nikon','Camera 1 similique','672','Nihil repudiandae hic ab dolores magni voluptatem unde.','Iure et neque non est dolorem dignissimos expedita.',NULL,NULL,0,0,'Molestiae at qui aut.','Eos cupiditate voluptas et.','2012-09-29 16:22:59','2012-09-29 16:22:59'),(70,'Model','Nikon','Camera 2 nihil','673','Recusandae temporibus ut dolores magnam voluptate.','Voluptas distinctio deleniti ipsum.',NULL,NULL,0,0,'Ut est praesentium aut repellat necessitatibus eos hic ea.','Velit et quos perspiciatis iusto nobis consequatur iure illum.','2012-09-29 16:22:59','2012-09-29 16:22:59'),(71,'Model','Nikon','Camera 3 modi','674','Eum ex non aliquam nisi qui quae sit.','Eveniet tenetur debitis vel numquam velit voluptas occaecati qui.',NULL,NULL,0,0,'Veniam est quis qui et illo est harum.','Maxime nam velit facilis reprehenderit corrupti omnis quo necessitatibus.','2012-09-29 16:22:59','2012-09-29 16:22:59'),(72,'Model','Nikon','Camera 4 veritatis','675','Quis excepturi nulla esse iusto cupiditate quod.','Assumenda est nostrum velit eveniet ut enim minima.',NULL,NULL,0,0,'Sed sed voluptas facere sit consequatur explicabo.','Assumenda dicta maxime ipsa voluptatem quia sed.','2012-09-29 16:22:59','2012-09-29 16:22:59'),(73,'Model','Nikon','Camera 5 dicta','676','Sunt facere dolores veritatis aliquid.','Culpa est aut in adipisci velit earum.',NULL,NULL,0,0,'Illum sed explicabo nulla.','Debitis laboriosam quam ipsam.','2012-09-29 16:22:59','2012-09-29 16:22:59'),(74,'Model','Nikon','Camera 6 esse','677','Dolores non ut modi debitis.','Quam eum molestiae natus doloribus eos reiciendis dolorum.',NULL,NULL,0,0,'Eos eligendi nostrum ea rerum vero praesentium et.','Ut dolor sed ratione aperiam.','2012-09-29 16:22:59','2012-09-29 16:22:59'),(75,'Model','Nikon','Camera 7 aut','678','Earum sit eum nobis id dolorum.','Quisquam voluptate et sed nemo aliquam maxime quam iusto.',NULL,NULL,0,0,'Non molestiae sint nulla vero numquam.','Temporibus in placeat quaerat sit esse dicta consectetur sint.','2012-09-29 16:22:59','2012-09-29 16:22:59'),(76,'Model','Nikon','Camera 8 nihil','679','Animi cupiditate repellendus dolores officia.','Sapiente quia quasi in voluptas eos quae sit assumenda.',NULL,NULL,0,0,'Veritatis atque sit et aliquam ipsam fugit animi consequatur.','Est consequatur aut sunt architecto magnam eos.','2012-09-29 16:22:59','2012-09-29 16:22:59'),(77,'Model','Nikon','Camera 9 tempora','680','Qui modi pariatur nihil totam.','Laboriosam et pariatur assumenda tempora beatae dolorem distinctio.',NULL,NULL,0,0,'Enim dolor earum odio cumque.','Enim odit et aliquid necessitatibus dolor laboriosam.','2012-09-29 16:22:59','2012-09-29 16:22:59'),(78,'Model','Nikon','Camera 10 ad','681','Velit consequuntur eum et ullam nesciunt cupiditate.','Sed fuga voluptatem dolor provident suscipit earum est esse.',NULL,NULL,0,0,'Optio possimus non ab molestias consequuntur.','Blanditiis minus esse commodi maiores unde impedit.','2012-09-29 16:22:59','2012-09-29 16:22:59'),(79,'Model','Nikon','Camera 11 quaerat','682','Architecto et voluptatem dolor non facere ducimus.','Cupiditate laboriosam est dolor nihil animi sint porro.',NULL,NULL,0,0,'Harum tempore voluptate sapiente.','Consectetur est animi laborum.','2012-09-29 16:22:59','2012-09-29 16:22:59'),(80,'Model','Nikon','Camera 12 similique','683','Mollitia quaerat qui doloribus amet.','Qui dignissimos commodi nihil aut tenetur aut facilis consequatur.',NULL,NULL,0,0,'Ea aut et iure minima itaque accusamus accusantium ea.','Eum aut nam temporibus.','2012-09-29 16:22:59','2012-09-29 16:22:59'),(81,'Model','Nikon','Camera 13 aut','684','Eaque adipisci voluptate sint natus fugit consectetur et voluptas.','Quod quibusdam voluptatum omnis.',NULL,NULL,0,0,'Qui itaque non corrupti esse consequatur a.','Eum maxime blanditiis excepturi quo debitis architecto eos sed.','2012-09-29 16:22:59','2012-09-29 16:22:59'),(82,'Model','Nikon','Camera 14 sed','685','Illum dolor perferendis molestiae debitis ab.','Provident voluptatem dolor voluptas adipisci molestiae odio quae asperiores.',NULL,NULL,0,0,'Accusamus dolor sit rerum dolores suscipit.','Ut aut nisi tempora quod maiores et ut.','2012-09-29 16:22:59','2012-09-29 16:22:59'),(83,'Model','Nikon','Camera 15 quia','686','Soluta et molestias amet cum excepturi minus eius.','Fugit ullam dignissimos ut.',NULL,NULL,0,0,'Doloremque porro praesentium excepturi est.','Porro aut incidunt iusto.','2012-09-29 16:22:59','2012-09-29 16:22:59'),(84,'Model','Nikon','Camera 16 amet','687','A possimus voluptatibus delectus.','Laboriosam nobis pariatur molestiae voluptates explicabo ut commodi libero.',NULL,NULL,0,0,'Dolorem laudantium tempora sapiente.','Quis qui aspernatur eaque quo ut quasi exercitationem.','2012-09-29 16:22:59','2012-09-29 16:22:59'),(85,'Model','Nikon','Camera 17 mollitia','688','Cum nam iusto neque.','Quia laborum architecto molestiae corrupti facilis eos.',NULL,NULL,0,0,'Autem voluptatem exercitationem fugiat dolorem et nihil quibusdam.','Nemo magnam ipsa qui est dolorem aliquid sit doloribus.','2012-09-29 16:22:59','2012-09-29 16:22:59'),(86,'Model','Nikon','Camera 18 ipsam','689','Ex doloremque rerum minus natus quia nemo.','Id illum qui et rerum velit est.',NULL,NULL,0,0,'Maxime dolor ea ut est quos.','Hic tempora fugiat nam qui.','2012-09-29 16:22:59','2012-09-29 16:22:59'),(87,'Model','Nikon','Camera 19 facere','690','In beatae consequuntur maxime.','Eligendi et quaerat sint optio aut.',NULL,NULL,0,0,'Occaecati deleniti dolorum facere.','Mollitia id et et autem itaque blanditiis beatae eveniet.','2012-09-29 16:22:59','2012-09-29 16:22:59'),(88,'Model','Nikon','Camera 20 tenetur','691','Facilis expedita nobis omnis at fugiat quis dicta distinctio.','Nulla ut dolore dolor blanditiis et ut consectetur.',NULL,NULL,0,0,'Rem ipsa veritatis et dolores error reiciendis fugiat.','Eum at aut voluptatem error expedita sapiente voluptas.','2012-09-29 16:22:59','2012-09-29 16:22:59'),(89,'Model','Nikon','Camera 21 corrupti','692','Ut voluptas ratione ab sint.','Adipisci voluptatem est ullam possimus ea alias accusamus harum.',NULL,NULL,0,0,'Sed earum aut enim a quidem.','Totam iure optio voluptatibus reiciendis autem exercitationem illo.','2012-09-29 16:22:59','2012-09-29 16:22:59'),(90,'Model','Nikon','Camera 22 beatae','693','Est eveniet nulla qui nemo pariatur officia iusto.','Et et animi soluta nam sit et hic.',NULL,NULL,0,0,'Similique non eaque id distinctio.','Libero aut pariatur et.','2012-09-29 16:22:59','2012-09-29 16:22:59'),(91,'Model','Nikon','Camera 23 aut','694','Nemo tempora iste nam dignissimos repudiandae velit quae facilis.','Repellendus quaerat architecto esse id neque.',NULL,NULL,0,0,'Et aliquam non laudantium maiores distinctio odio inventore.','Eius reprehenderit sed eligendi.','2012-09-29 16:22:59','2012-09-29 16:22:59'),(92,'Model','Nikon','Camera 24 quam','695','At autem ducimus dolorem.','Qui autem minima corrupti sunt.',NULL,NULL,0,0,'Voluptatibus molestiae nihil iure nemo officia sed culpa.','Tempore voluptate voluptatem qui odit ut deserunt.','2012-09-29 16:22:59','2012-09-29 16:22:59'),(93,'Model','Nikon','Camera 25 deleniti','696','Sit rerum corrupti vero sed assumenda.','Mollitia eos voluptas dolor id.',NULL,NULL,0,0,'Voluptatem sit tenetur quia voluptas quos illum.','Facere consectetur blanditiis eligendi vel autem fugiat distinctio.','2012-09-29 16:22:59','2012-09-29 16:22:59'),(94,'Model','Nikon','Camera 26 aliquid','697','Nam mollitia fugiat quo est sed.','Maiores vel magnam ipsa.',NULL,NULL,0,0,'Officiis tempora unde quisquam culpa laboriosam et et.','Recusandae dolor culpa vel id sunt vero amet.','2012-09-29 16:22:59','2012-09-29 16:22:59'),(95,'Model','Nikon','Camera 27 et','698','Aut quisquam nulla temporibus provident.','Voluptatem et magnam eos aperiam aut labore voluptas consequuntur.',NULL,NULL,0,0,'Minima perspiciatis non velit.','Id earum dignissimos voluptatem et placeat molestiae velit.','2012-09-29 16:22:59','2012-09-29 16:22:59'),(96,'Model','Nikon','Camera 28 voluptatum','699','Eos aperiam explicabo libero.','Animi sapiente sit est.',NULL,NULL,0,0,'Autem distinctio adipisci quo ut accusantium in aliquam ullam.','Qui est eveniet deleniti maxime mollitia accusantium ut eum.','2012-09-29 16:22:59','2012-09-29 16:22:59'),(97,'Model','Nikon','Camera 29 dolor','700','Qui doloribus ullam facere debitis eaque eveniet.','Et vel at veniam et sit libero qui quia.',NULL,NULL,0,0,'Labore in numquam iste ab fuga sit sunt.','Quod amet tempore cumque accusantium sint doloribus.','2012-09-29 16:22:59','2012-09-29 16:22:59'),(98,'Model','Nikon','Camera 30 numquam','701','Veritatis nam natus sit repellat neque fuga aut.','Iure qui a voluptas qui consequatur placeat.',NULL,NULL,0,0,'Sed pariatur corporis repellat dolores nam sed.','Rerum ducimus qui et quibusdam amet.','2012-09-29 16:22:59','2012-09-29 16:22:59'),(99,'Model','Sony','Hifi Standard','702','Ad sunt architecto alias sint tenetur soluta.','Vel et adipisci nisi ducimus optio et quia.',NULL,NULL,2,0,'Distinctio ea maxime iste et accusantium nulla.','Enim et molestiae voluptatem earum assumenda et placeat et.','2012-09-29 16:22:59','2012-09-29 16:22:59'),(100,'Model','Feli','Kamera Stativ','123','Stabiles Kamera Stativ','Provident facilis laboriosam voluptate eaque non reiciendis sit.',NULL,NULL,0,0,'Id eligendi ut fugit natus.','Stativ muss mit Stativtasche ausgehndigt werden.','2012-09-29 16:22:59','2012-09-29 16:22:59'),(101,'Model','Bose','BoseSleek Rubber Table','703','Consequuntur explicabo doloremque autem totam quia quidem consectetur. Aut quia temporibus distinctio animi iste. Sed quo rerum quas quis voluptatem. Ut numquam odit laborum eum dolor.','Aut reprehenderit earum molestiae sed omnis exercitationem.',NULL,NULL,0,0,'Sed quae nam deleniti qui.','Atque vel ipsa minima.','2012-09-29 16:22:59','2012-09-29 16:22:59'),(102,'Model','Bose','BosePractical Cotton Car','704','Pariatur labore consequatur molestias ducimus excepturi facilis. Quis ducimus sit qui natus. Magni illo placeat sed sunt asperiores voluptas. Sint nihil perspiciatis sit unde.','Deserunt sit veniam quos possimus molestiae fugit harum.',NULL,NULL,0,0,'Commodi dolor est tempore voluptate impedit id rerum laudantium.','Distinctio esse tenetur sapiente qui cupiditate.','2012-09-29 16:22:59','2012-09-29 16:22:59'),(103,'Model','Dietrich-Abbott','Kamera Set','708','Tenetur nihil dolorem atque saepe non harum quaerat.','Ullam nostrum architecto pariatur.',NULL,NULL,0,1,'Ex explicabo quis eveniet rerum.','Laboriosam officiis adipisci vel dolores nihil praesentium.','2012-09-29 16:22:59','2012-09-29 16:22:59'),(104,'Model','Luettgen Group','Gorgeous Wooden Table','709','Officiis aspernatur qui officia.','Ex illum in ea vero voluptatem illo dolores.',NULL,NULL,3,0,'Ut ab ut ipsa est aut facere delectus.','Natus rerum soluta sequi rerum rerum.','2012-09-29 16:22:59','2012-09-29 16:22:59'),(105,'Model','Pollich Inc','Incredible Rubber Shoes','710','Recusandae qui labore at et minus et quam modi.','Et dignissimos recusandae maxime quasi omnis quaerat animi.',NULL,NULL,1,0,'Laborum illum autem omnis velit voluptas animi impedit ex.','Aut corrupti deleniti ducimus odit sapiente quia non dolorum.','2012-09-29 16:22:59','2012-09-29 16:22:59'),(106,'Model','Huels-Schulist','Practical Rubber Hat','711','Qui repudiandae deleniti quos.','Et quo et voluptatem saepe nemo sit facere similique.',NULL,NULL,2,0,'Et ut quidem delectus natus aut qui.','Voluptatum dolor pariatur et animi et possimus nulla.','2012-09-29 16:22:59','2012-09-29 16:22:59'),(107,'Model','Quigley-Hilpert','Rustic Wooden Hat','712','Amet non libero doloremque.','Eius quia nihil ad impedit amet neque molestiae.',NULL,NULL,0,0,'Nihil itaque qui maiores explicabo delectus iusto.','Voluptatem perspiciatis eius voluptate ipsam doloribus laborum adipisci nemo.','2012-09-29 16:22:59','2012-09-29 16:22:59'),(108,'Model','Hansen Inc','Awesome Concrete Pants','713','Earum dolor et facere doloribus.','Iure deleniti molestias cupiditate quam dignissimos.',NULL,NULL,2,0,'Reprehenderit et quibusdam dolorem quae.','Expedita non omnis quia animi alias.','2012-09-29 16:22:59','2012-09-29 16:22:59'),(109,'Model','Weimann, Considine and Gibson','Practical Cotton Pants','714','Vel qui minus ex error rem sapiente.','Aut dignissimos fugit dolore reiciendis exercitationem.',NULL,NULL,1,0,'Eligendi deleniti dolor consequuntur.','Totam aut cum voluptas reiciendis laborum ratione.','2012-09-29 16:22:59','2012-09-29 16:22:59'),(110,'Model','Mayer-Boyer','Incredible Plastic Pants','715','Magni dolores et maiores sunt.','Amet voluptas tenetur non nesciunt quia harum consequatur.',NULL,NULL,1,0,'Sunt reprehenderit quas magni accusamus.','Odio eos provident reiciendis nihil.','2012-09-29 16:22:59','2012-09-29 16:22:59'),(111,'Model','Zieme, Schamberger and Powlowski','Practical Plastic Table','716','Praesentium qui aut impedit voluptas corporis odit.','Facere ut quis quos magnam ipsa.',NULL,NULL,3,0,'Qui qui eum quia.','Dolore rerum et incidunt sint ut eveniet dolores architecto.','2012-09-29 16:22:59','2012-09-29 16:22:59'),(112,'Model','Lowe-Stracke','Incredible Granite Car','717','Qui molestiae et molestias nihil cupiditate ab culpa.','Facere perspiciatis dolorem dolor.',NULL,NULL,1,0,'Ut totam eum autem dolores qui sint quo.','Rerum architecto eius perspiciatis delectus.','2012-09-29 16:22:59','2012-09-29 16:22:59'),(113,'Model','Parisian-Howe','Small Rubber Shoes','718','Tenetur illo non suscipit.','Est aut aut enim nobis sequi sed aspernatur nulla.',NULL,NULL,0,0,'Maxime voluptates eum consequatur aperiam voluptatem officiis.','Quis minima et eius ut non recusandae.','2012-09-29 16:22:59','2012-09-29 16:22:59'),(114,'Model','Heathcote-Marks','Practical Granite Car','719','Earum praesentium quis non quia.','Quae ex tempore in laudantium sequi aut.',NULL,NULL,3,0,'Quas molestiae eos dolor aut aut.','Consequuntur ab rem aperiam est nostrum non quo laboriosam.','2012-09-29 16:22:59','2012-09-29 16:22:59'),(115,'Model','Conroy and Sons','Awesome Rubber Pants','720','Corporis eum sapiente voluptas ut nobis.','Consequatur earum eos aut.',NULL,NULL,0,0,'Et omnis tenetur aliquam qui.','Molestiae dolor perferendis saepe est et optio autem dolor.','2012-09-29 16:22:59','2012-09-29 16:22:59'),(116,'Model','Hagenes-Sanford','Kamera Set2','721','Similique odio perspiciatis inventore asperiores.','Praesentium laudantium quam cupiditate expedita magnam impedit.',NULL,NULL,1,1,'Molestiae aliquam sint commodi cum est voluptatum.','Rem temporibus voluptatibus molestias sit debitis dolorum rerum sed.','2012-09-29 16:22:59','2012-09-29 16:22:59'),(117,'Model','Spinka-Auer','Rustic Plastic Pants','722','Accusamus ab voluptatem adipisci in nihil et enim.','Aut similique quos eligendi eos quia ducimus sunt.',NULL,NULL,2,0,'Sunt neque ex ut dolorum quia.','Ullam dolores est totam consequuntur.','2012-09-29 16:22:59','2012-09-29 16:22:59'),(118,'Model','Zboncak, Paucek and Mann','Rustic Rubber Gloves','723','Fuga quos velit architecto rerum praesentium sed alias ea.','Sed et omnis non officia labore enim.',NULL,NULL,1,0,'Debitis et deleniti natus ut excepturi voluptatum saepe quia.','Perferendis ipsam est sed.','2012-09-29 16:22:59','2012-09-29 16:22:59'),(119,'Model','Kertzmann, Johns and Crist','Practical Plastic Computer','724','Itaque sed suscipit omnis.','Cupiditate dolore quidem quibusdam nisi cum voluptatem nobis.',NULL,NULL,2,0,'Sunt eveniet molestiae in.','Quia consequatur voluptate cum error excepturi optio laboriosam et.','2012-09-29 16:22:59','2012-09-29 16:22:59'),(120,'Model','Cole-Von','Incredible Steel Shoes','725','Earum autem sit eligendi cupiditate saepe voluptatum.','Voluptate aut quia dolores reiciendis omnis et corrupti.',NULL,NULL,0,0,'Et mollitia veniam est consequuntur magni sint.','Id natus ducimus necessitatibus.','2012-09-29 16:22:59','2012-09-29 16:22:59'),(121,'Model','Corwin Group','Fantastic Steel Car','726','Consectetur eaque alias et eos consequuntur quod nesciunt ea.','Est reiciendis voluptas asperiores placeat.',NULL,NULL,1,0,'Ea quas debitis consequatur sed iste id consequatur.','Tenetur repudiandae nostrum suscipit qui ad cupiditate.','2012-09-29 16:22:59','2012-09-29 16:22:59'),(122,'Model','Denesik Group','Ergonomic Rubber Shoes','727','Illo inventore vel autem.','Facilis quia nesciunt et error recusandae ducimus expedita.',NULL,NULL,3,0,'Et aut ratione est.','Maxime deserunt dolorum est quia ipsam unde.','2012-09-29 16:22:59','2012-09-29 16:22:59'),(123,'Model','Carroll Inc','Rustic Concrete Computer','728','Doloribus eum doloremque officiis nesciunt sit non.','Nostrum laboriosam et sed consequatur neque aliquam recusandae quasi.',NULL,NULL,0,0,'Voluptatibus aspernatur minima accusantium sunt sit soluta esse.','Qui quis magnam illo ut.','2012-09-29 16:22:59','2012-09-29 16:22:59'),(124,'Model','Wiza-Kuphal','Sleek Granite Car','729','Asperiores laboriosam provident dolores.','Qui dolorem perferendis repellendus enim ut.',NULL,NULL,3,0,'A ex facilis excepturi qui explicabo maiores molestiae.','Quam amet enim et commodi et rerum qui.','2012-09-29 16:22:59','2012-09-29 16:22:59'),(125,'Model','Bartell and Sons','Rustic Granite Table','730','Animi ea ipsam repellat error quia et at ut.','Illum non amet nobis aut impedit eligendi.',NULL,NULL,3,0,'Culpa aliquam magnam odit sint.','Voluptatem vel neque in.','2012-09-29 16:22:59','2012-09-29 16:22:59'),(126,'Model','Wunsch-Stracke','Practical Steel Table','731','Officia occaecati est consequuntur vitae praesentium.','Suscipit rem voluptates rerum aut sit et quis.',NULL,NULL,3,0,'Repudiandae voluptates consequatur ipsam molestiae tempore molestias.','Quia facilis veritatis saepe.','2012-09-29 16:22:59','2012-09-29 16:22:59'),(127,'Model','Tromp and Sons','Fantastic Rubber Pants','732','Deserunt asperiores dolorem delectus natus rerum.','Eos sint non rem quo.',NULL,NULL,1,0,'Culpa molestiae vel eos amet eum.','Qui ipsum sed vel et veritatis laboriosam similique.','2012-09-29 16:22:59','2012-09-29 16:22:59'),(128,'Model','Reichert-Gulgowski','Fantastic Rubber Chair','733','Nulla odit ullam quod quaerat.','Quae voluptas dignissimos officia blanditiis asperiores.',NULL,NULL,2,0,'Voluptate delectus laudantium cumque sit quae.','Eaque est sit rerum quod temporibus incidunt qui et.','2012-09-29 16:22:59','2012-09-29 16:22:59'),(129,'Model','Spinka-Hilpert','Incredible Concrete Computer','734','Non ut qui distinctio fugiat.','Cupiditate error sunt velit nemo sint hic dolorem.',NULL,NULL,2,0,'Ipsum unde fugiat accusantium.','Eligendi quia vero eius voluptas exercitationem a.','2012-09-29 16:22:59','2012-09-29 16:22:59'),(130,'Model','Lynch-Greenholt','Practical Plastic Gloves','735','Ut repellendus facere et magnam eum.','Vero ratione dignissimos non est voluptatem non id deserunt.',NULL,NULL,2,0,'Sint ut eum sequi architecto doloremque quisquam est.','Doloremque a earum neque aut odio cum optio iure.','2012-09-29 16:22:59','2012-09-29 16:22:59'),(131,'Model','Bernhard and Sons','Incredible Steel Gloves','736','Quia aperiam adipisci aut possimus dolorem sed dolorum.','Minima est consequatur dignissimos qui expedita quia.',NULL,NULL,2,0,'Aperiam optio corporis repudiandae consequatur id repellendus.','Et laudantium incidunt magnam ex.','2012-09-29 16:22:59','2012-09-29 16:22:59'),(132,'Model','Howe Inc','Practical Cotton Hat','737','Quia et voluptatem consequuntur magnam quibusdam.','Ipsa quae qui deserunt maiores id nihil.',NULL,NULL,3,0,'Non qui autem facere ipsam occaecati aperiam alias voluptas.','Modi voluptates quibusdam deleniti quod est at et eaque.','2012-09-29 16:22:59','2012-09-29 16:22:59'),(133,'Model','Canon','Kamera Canon D5','738','Ganz teure Kamera','Voluptate et harum veniam.',NULL,NULL,0,0,'Non nisi iure et maiores.','Kamera brauch Akkus!','2012-09-29 16:22:59','2012-09-29 16:22:59'),(134,'Model','Apple','iMac','739','Apples alter iMac','Consequatur rerum impedit aut eligendi ut vero in magnam.',NULL,NULL,0,0,'Reprehenderit a consectetur et assumenda.','Commodi autem et placeat corporis sed sit soluta.','2012-09-29 16:22:59','2012-09-29 16:22:59'),(135,'Model','Microsoft','Windows Laptop','740','Ein Laptop der Marke Microsoft','Recusandae rerum eos eius.',NULL,NULL,0,0,'Ab nihil error placeat dolor magni.','Laptop mit Tasche ausgeben','2012-09-29 16:22:59','2012-09-29 16:22:59'),(136,'Model','Walkera','Walkera v120','1G','3D Helikopter','Inventore sit possimus dolorem in molestias.',NULL,NULL,0,0,'Ipsam numquam neque libero dolore ut.','Non sunt est fugit minima porro cum similique.','2012-09-29 16:22:59','2012-09-29 16:22:59'),(137,'Model','Walkera','Walkera v120','2G','3D Helikopter','Veniam vitae sit possimus consequatur quas odit adipisci.',NULL,NULL,0,0,'Magnam dicta eligendi nesciunt consequatur culpa quos.','Non inventore aut iusto excepturi eum veniam earum nam.','2012-09-29 16:22:59','2012-09-29 16:22:59'),(138,'Model','Walkera','Walkera v120','3G','3D Helikopter','Fugiat qui numquam rerum cum.',NULL,NULL,0,0,'Rem laboriosam et atque non quia nostrum est occaecati.','Ipsam impedit quas adipisci autem.','2012-09-29 16:22:59','2012-09-29 16:22:59'),(139,'Software','Rutherford-Berge','Gorgeous Cotton Car','741',NULL,NULL,NULL,NULL,0,0,NULL,NULL,'2012-09-29 16:22:59','2012-09-29 16:22:59'),(140,'Software','Spencer-Hegmann','Awesome Steel Gloves','742',NULL,NULL,NULL,NULL,0,0,NULL,NULL,'2012-09-29 16:22:59','2012-09-29 16:22:59'),(141,'Software','Ankunding-Jakubowski','Awesome Steel Pants','743',NULL,NULL,NULL,NULL,0,0,NULL,NULL,'2012-09-29 16:22:59','2012-09-29 16:22:59'),(142,'Software','Weber-Kovacek','Intelligent Cotton Pants','744',NULL,NULL,NULL,NULL,0,0,NULL,NULL,'2012-09-29 16:22:59','2012-09-29 16:22:59'),(143,'Software','Satterfield, Schumm and Lubowitz','Sleek Rubber Car','745',NULL,NULL,NULL,NULL,0,0,NULL,NULL,'2012-09-29 16:22:59','2012-09-29 16:22:59'),(144,'Software','Hauck LLC','Ergonomic Concrete Computer','746',NULL,NULL,NULL,NULL,0,0,NULL,NULL,'2012-09-29 16:22:59','2012-09-29 16:22:59'),(145,'Software','Denesik Group','Incredible Concrete Pants','747',NULL,NULL,NULL,NULL,0,0,NULL,NULL,'2012-09-29 16:22:59','2012-09-29 16:22:59'),(146,'Software','Halvorson-Tillman','Intelligent Cotton Hat','748',NULL,NULL,NULL,NULL,0,0,NULL,NULL,'2012-09-29 16:22:59','2012-09-29 16:22:59'),(147,'Software','Mohr Group','Awesome Steel Table','749',NULL,NULL,NULL,NULL,0,0,NULL,NULL,'2012-09-29 16:22:59','2012-09-29 16:22:59'),(148,'Software','Schuppe, Goyette and Schulist','Incredible Cotton Computer','750',NULL,NULL,NULL,NULL,0,0,'test http://test.ch\r\nwww.foo.ch\r\njust a text',NULL,'2012-09-29 16:22:59','2012-09-29 16:22:59'),(149,'Software','Beahan-Thompson','Practical Concrete Pants','751',NULL,NULL,NULL,NULL,0,0,'test http://test.ch\r\nwww.foo.ch\r\njust a text',NULL,'2012-09-29 16:22:59','2012-09-29 16:22:59'),(150,'Software','Kohler-Kovacek','Practical Concrete Hat','752',NULL,NULL,NULL,NULL,0,0,NULL,NULL,'2012-09-29 16:22:59','2012-09-29 16:22:59'),(151,'Model','Konopelski-Hoppe','Rustic Rubber Pants',NULL,'Commodi doloremque reiciendis nobis reprehenderit distinctio fuga.','Qui sit ducimus necessitatibus.',NULL,NULL,0,0,'Est ut ut in nulla placeat aut neque.','Sequi ullam rerum velit.','2012-09-29 16:22:59','2012-09-29 16:22:59'),(152,'Model','Lebsack Group','Ergonomic Granite Pants','753','Laborum in porro dicta facilis quidem ut.','Occaecati eveniet minus ipsam consequatur.',NULL,NULL,0,0,'Iure eius molestiae in molestias.','Iure ut consequatur unde voluptatem adipisci repellendus.','2012-09-27 03:30:40','2012-09-27 03:30:40'),(153,'Model','Fahey, Leuschke and Kassulke','Ergonomic Concrete Table','754','Quia adipisci voluptates suscipit fugiat quibusdam aut praesentium et.','Aperiam sint velit veritatis quo et.',NULL,NULL,0,0,'Dolorem eos quia hic minima voluptas sed ut.','Perferendis corporis ut provident et.','2012-09-27 03:30:40','2012-09-27 03:30:40'),(154,'Model','Spinka, Eichmann and O\'Kon','Sleek Granite Shirt','755','Vitae voluptatem commodi vero.','Deleniti sed laborum quaerat sit.',NULL,NULL,3,0,'Non autem suscipit vero voluptas repellendus.','Sit sed consectetur quisquam dolores perferendis.','2012-09-27 03:30:40','2012-09-27 03:30:40'),(155,'Model','Wilderman-Murray','Ergonomic Concrete Car','756','Quis inventore beatae sequi suscipit mollitia aut accusamus.','Harum et occaecati velit alias.',NULL,NULL,2,0,'Est impedit tenetur officia vitae.','Fugit sapiente non explicabo maiores.','2012-09-27 03:30:40','2012-09-27 03:30:40'),(156,'Model','Grady, Grady and Keeling','Small Rubber Gloves','757','Rem facere eaque voluptatum.','Voluptate atque dolorem aut incidunt exercitationem fugiat.',NULL,NULL,1,0,'Temporibus eos voluptatem expedita vero aut ratione libero.','Qui ut placeat labore id qui itaque non excepturi.','2012-09-27 03:30:40','2012-09-27 03:30:40'),(157,'Model','Tremblay LLC','Intelligent Rubber Shirt','758','Fuga fugiat impedit animi omnis.','Excepturi fuga qui unde est tenetur aspernatur ipsum.',NULL,NULL,0,0,'Ea laboriosam dolor tempora fugit qui.','Dolorem veniam ipsa fugiat consequatur est sit architecto tempora.','2012-09-27 03:30:40','2012-09-27 03:30:40'),(158,'Model','Zieme LLC','Fantastic Granite Shirt','759','Doloribus rem earum laudantium.','Enim odit est animi architecto et.',NULL,NULL,3,0,'Eum laborum deleniti voluptatem quis.','Debitis cupiditate atque dolorum.','2012-09-27 03:30:40','2012-09-27 03:30:40'),(159,'Model','Lockman, Brown and Gislason','Intelligent Concrete Shirt','760','Minima soluta qui culpa.','Beatae omnis rem minus quas blanditiis et perferendis ut.',NULL,NULL,3,0,'Deserunt itaque porro est voluptas eos dolorem consequuntur.','Explicabo aspernatur animi odio accusantium delectus id rem ratione.','2012-09-27 03:30:40','2012-09-27 03:30:40'),(160,'Model','Witting-Stokes','Gorgeous Cotton Computer','761','Enim voluptatem nobis iste exercitationem aperiam ut.','Perspiciatis esse dolorem quas optio pariatur.',NULL,NULL,0,0,'Et explicabo molestias quas.','Eius perspiciatis est in.','2012-09-27 03:30:40','2012-09-27 03:30:40'),(161,'Model','Nolan and Sons','Gorgeous Granite Pants','762','Velit voluptate mollitia quae fuga vitae.','Aut sit sunt perspiciatis quis dolores sed.',NULL,NULL,1,0,'Qui est facere adipisci qui quia dolor sunt eaque.','Ut alias quia ducimus ut nulla placeat neque culpa.','2012-09-27 03:30:40','2012-09-27 03:30:40'),(162,'Model','Weissnat Inc','Awesome Wooden Car','763','Eos qui nisi quia labore minima totam.','Aliquid iusto nihil voluptatem quisquam.',NULL,NULL,0,0,'Voluptatibus excepturi repudiandae hic.','Dolore sequi qui veniam.','2012-09-27 03:30:40','2012-09-27 03:30:40'),(163,'Model','Beer, West and Beier','Ergonomic Rubber Gloves','764','Minus placeat consequatur commodi nemo vel quia.','Et asperiores eos autem nihil sint sint accusamus cumque.',NULL,NULL,1,0,'Quia delectus quam temporibus.','Repellat nulla exercitationem itaque.','2012-09-27 03:30:40','2012-09-27 03:30:40'),(164,'Model','Fay, Brown and Batz','Intelligent Concrete Hat','765','Sint quam rerum quis harum qui et dolores.','Deserunt quo modi voluptate odio aut.',NULL,NULL,1,0,'Quae quia praesentium est et beatae quia molestias omnis.','Tempore autem quos enim.','2012-09-27 03:30:40','2012-09-27 03:30:40'),(165,'Model','Bergnaum-Hane','Ergonomic Steel Chair','766','In eveniet odio ratione sit et.','Recusandae consequatur aut voluptate est.',NULL,NULL,0,0,'Et qui porro id odit accusamus ducimus sunt quos.','Rerum dignissimos voluptas quo.','2012-09-27 03:30:40','2012-09-27 03:30:40'),(166,'Model','Kozey-Beier','Sleek Granite Hat','767','Est ad earum nulla.','Vel aperiam id molestiae a aut porro maxime cum.',NULL,NULL,2,0,'Dolores doloremque qui quidem incidunt eos.','Nostrum molestias dolores eius id.','2012-09-27 03:30:40','2012-09-27 03:30:40'),(167,'Model','Ratke, Farrell and Beer','Sleek Wooden Chair','768','Nemo dolores et recusandae in enim nesciunt quia eaque.','In exercitationem voluptas voluptas omnis doloremque qui rerum.',NULL,NULL,2,0,'Laborum quas odit qui nam sit consectetur vitae dolorum.','Eos amet qui similique nesciunt excepturi.','2012-09-27 03:30:40','2012-09-27 03:30:40'),(168,'Model','Franecki, Kreiger and Dicki','Gorgeous Granite Table','769','Perferendis nemo dolor tempora numquam delectus.','Eos consequatur mollitia quaerat sapiente deserunt neque.',NULL,NULL,1,0,'Voluptatem temporibus dolorum quia dolore totam aspernatur blanditiis dolores.','Deleniti omnis sint et dolore amet iste.','2012-09-27 03:30:40','2012-09-27 03:30:40'),(169,'Model','Grady, Collins and Fisher','Fantastic Granite Shoes','770','Est tenetur architecto doloremque sed.','Nihil enim vero voluptatem tempora.',NULL,NULL,1,0,'Aut qui esse et.','Nobis deleniti in autem sed qui.','2012-09-27 03:30:40','2012-09-27 03:30:40'),(170,'Model','Kunze, Hodkiewicz and Pfannerstill','Gorgeous Wooden Hat','771','Dolorum doloremque ut porro ducimus aut consequatur optio.','Dolorem consequatur natus qui nobis sapiente.',NULL,NULL,0,0,'Quisquam sequi vel veritatis nulla.','Doloremque commodi quia dolores vel et aut et dolor.','2012-09-27 03:30:40','2012-09-27 03:30:40'),(171,'Model','Schneider, Doyle and Little','Sleek Steel Computer','772','Corrupti maiores voluptatem ut fugit nesciunt.','Veniam quo neque praesentium odio dicta soluta.',NULL,NULL,1,0,'Et aut qui omnis sint minima.','Ea in explicabo mollitia ut iste recusandae ab laboriosam.','2012-09-27 03:30:40','2012-09-27 03:30:40'),(172,'Model','Marvin Group','Rustic Rubber Hat','773','Eaque quos quis et adipisci dolores.','Dolorum qui possimus saepe laudantium aperiam soluta necessitatibus reiciendis.',NULL,NULL,3,0,'Veniam qui tempora esse.','Autem quos delectus voluptas quae.','2012-09-27 03:30:40','2012-09-27 03:30:40'),(173,'Model','Marvin, Marquardt and Sanford','Small Cotton Shirt','774','Voluptatem perferendis occaecati praesentium aut excepturi.','Cumque saepe quas voluptatem voluptate amet tenetur eos.',NULL,NULL,2,0,'Quisquam dolorum molestiae voluptatem saepe autem aut.','Aperiam sed maxime est vel sit in.','2012-09-27 03:30:40','2012-09-27 03:30:40'),(174,'Model','Witting, Heaney and Romaguera','Gorgeous Plastic Computer','775','Et voluptas in quibusdam facere.','Necessitatibus voluptatibus autem voluptatem.',NULL,NULL,2,0,'Mollitia quia esse deleniti.','In ut nisi sit ex cumque.','2012-09-27 03:30:40','2012-09-27 03:30:40'),(175,'Model','Schaden Inc','Small Rubber Shirt','776','Quisquam ducimus dolor molestias.','Magni possimus molestias omnis consequatur placeat nisi et.',NULL,NULL,1,0,'Labore tempora unde odit omnis aperiam.','Necessitatibus autem commodi similique tempore.','2012-09-27 03:30:40','2012-09-27 03:30:40'),(176,'Model','Grady-Wisoky','Intelligent Concrete Gloves','777','Eos inventore earum dolores et fugiat ipsa.','Nisi aut voluptate minus est laboriosam repellat quis.',NULL,NULL,1,0,'Nostrum praesentium soluta id.','Blanditiis est excepturi dolorem nihil minima voluptatum doloremque sapiente.','2012-09-28 06:55:11','2012-09-28 06:55:11'),(177,'Model','Kiehn Group','Fantastic Concrete Shoes','778','Odit optio sapiente omnis.','Dolorum et harum dignissimos debitis commodi dolores quidem est.',NULL,NULL,0,0,'Nostrum est id nihil.','Magni neque dicta odit a veniam amet.','2012-09-28 06:55:11','2012-09-28 06:55:11'),(178,'Model','Abernathy-Hagenes','Practical Steel Computer','779','Asperiores consequatur vitae facilis tempora.','Fugit facilis sunt voluptatum.',NULL,NULL,0,0,'Voluptas molestiae esse nihil architecto deleniti et.','Debitis consequatur eum nisi consequatur vel quibusdam esse.','2012-09-28 06:55:11','2012-09-28 06:55:11'),(179,'Model','Marvin, Gleichner and Murazik','Incredible Concrete Car','780','Quisquam ipsa voluptatem fugiat corporis assumenda.','Occaecati soluta et rerum odio est.',NULL,NULL,0,0,'Maxime inventore illo sequi.','Nostrum voluptatum esse reprehenderit perferendis illo et incidunt nemo.','2012-09-24 17:30:46','2012-09-24 17:30:46'),(180,'Model','Hessel-Macejkovic','Rustic Cotton Car','781','Consequuntur adipisci placeat minus minima.','Pariatur exercitationem qui nulla dolore sint quasi.',NULL,NULL,3,0,'Velit eos libero quis architecto enim.','Molestiae est at odio minus laudantium maxime.','2012-09-24 17:30:46','2012-09-24 17:30:46'),(181,'Model','Russel Inc','Incredible Cotton Chair','782','Quis et at doloremque ut.','Maxime id minima quo ipsa ut inventore.',NULL,NULL,1,0,'Quia numquam blanditiis quisquam error inventore officiis id.','Voluptas impedit adipisci aliquam molestias.','2012-09-24 17:30:46','2012-09-24 17:30:46'),(182,'Model','Ankunding LLC','Awesome Concrete Table','783','Expedita totam facilis omnis ipsum dolores quis consequuntur et.','Architecto nobis necessitatibus qui est.',NULL,NULL,0,0,'Architecto quo nihil sequi.','Voluptas quis assumenda rerum sint.','2012-09-24 17:30:46','2012-09-24 17:30:46'),(183,'Model','Lindgren, Runte and Reichel','Rustic Rubber Shoes','784','Est amet recusandae laboriosam.','Voluptatem odio excepturi impedit voluptate ut.',NULL,NULL,3,0,'Dolores dolor ut veniam neque id odit ea expedita.','Necessitatibus rerum dolorem est.','2012-09-24 17:30:46','2012-09-24 17:30:46'),(184,'Model','Bernhard, McClure and Hammes','Fantastic Concrete Pants','785','Unde amet fugiat aut consequatur non omnis.','Tempore similique quas doloremque optio eligendi consequatur.',NULL,NULL,2,0,'Omnis doloremque labore saepe vero blanditiis mollitia architecto tempore.','Similique rerum veritatis aut voluptatibus sint earum omnis.','2012-09-24 17:30:46','2012-09-24 17:30:46'),(185,'Model','Daugherty Inc','Practical Wooden Table','786','Laborum voluptas in omnis minus quia veniam.','Atque nihil corrupti repellendus magni laborum.',NULL,NULL,1,0,'Dolores velit molestiae voluptatem amet.','Doloremque accusantium omnis quasi et ullam.','2012-09-24 17:30:46','2012-09-24 17:30:46'),(186,'Model','Sipes LLC','Sleek Wooden Shirt','787','Sed dolore maiores repudiandae nemo accusantium iure consequatur.','Esse qui et cum ipsa.',NULL,NULL,2,0,'Natus ut velit qui reprehenderit eaque inventore quaerat.','Laudantium magni voluptas iste unde.','2012-09-24 17:30:46','2012-09-24 17:30:46'),(187,'Model','Moen and Sons','Awesome Rubber Gloves','788','Ut aut asperiores molestias aliquid reprehenderit exercitationem sed.','Quo odit ea voluptates commodi facilis sed blanditiis excepturi.',NULL,NULL,3,0,'Consequatur ab ut facilis enim velit ipsum amet pariatur.','Nisi id quia nihil.','2012-09-24 17:30:46','2012-09-24 17:30:46'),(188,'Model','Pollich, Bergstrom and Ritchie','Awesome Granite Pants','789','Sit explicabo sapiente sequi iste saepe nam.','Atque omnis ea delectus accusamus et velit quasi.',NULL,NULL,3,0,'Quaerat quam provident blanditiis.','Quibusdam corporis aliquid omnis ad harum.','2012-09-29 16:22:59','2012-09-29 16:22:59'),(189,'Model','Wunsch-Corkery','Intelligent Granite Shirt','790','Dolorem eligendi accusantium incidunt temporibus id porro.','Aut ratione itaque modi ipsam voluptate dicta est velit.',NULL,NULL,2,0,'Eos nisi cupiditate eaque ipsa.','Magnam aliquam ea eligendi nemo consectetur.','2012-09-29 16:22:59','2012-09-29 16:22:59'),(190,'Model','Ward, Feil and Hirthe','Small Wooden Pants','791','Nulla possimus atque repellat aut accusamus sint voluptatem quia.','Quia repellat fuga nobis eum.',NULL,NULL,1,0,'Qui ipsam id laborum quidem dolores unde.','Tempore ut mollitia sed.','2012-09-29 16:22:59','2012-09-29 16:22:59'),(191,'Model','Roob, Reichert and Dickens','Rustic Steel Table','792','Quidem qui dolorem corporis.','Beatae eum accusantium maiores illum accusamus eos dolor omnis.',NULL,NULL,3,0,'Velit magnam labore perspiciatis illum repellat.','Quia in quae sed fugiat et.','2012-09-29 16:22:59','2012-09-29 16:22:59'),(192,'Model','Klocko, Johnson and Grady','Awesome Granite Hat','793','Ex veniam ratione eius qui reprehenderit repellat nemo.','Fugit aut dignissimos distinctio.',NULL,NULL,0,0,'Tempora dolore vel assumenda deserunt repellendus nihil non officiis.','Nihil omnis saepe eum eum praesentium vero velit numquam.','2012-09-29 16:22:59','2012-09-29 16:22:59'),(193,'Model','Schowalter, Gleichner and Franecki','Ergonomic Cotton Car','794','Eum expedita dicta et dolores quae.','Pariatur qui dolorum deleniti.',NULL,NULL,2,0,'Tempore beatae molestias consequatur tempora repellendus dolorem.','Est voluptates sed cum.','2012-09-29 16:22:59','2012-09-29 16:22:59'),(194,'Model','Morissette-Carroll','Practical Cotton Shoes','795','Vitae cumque nobis culpa.','Occaecati dolore magni laborum ipsam incidunt maxime.',NULL,NULL,2,0,'Sed laboriosam ipsam eum.','Distinctio quisquam sit enim eaque qui aut.','2012-09-29 16:22:59','2012-09-29 16:22:59'),(195,'Model','Bechtelar LLC','Intelligent Cotton Chair','796','Esse est vel explicabo sed.','Maiores reprehenderit omnis consequuntur.',NULL,NULL,2,0,'Rerum iusto tenetur eveniet sed qui debitis inventore.','Ex reprehenderit provident aperiam.','2012-09-29 16:22:59','2012-09-29 16:22:59'),(196,'Model','Reinger Inc','Ergonomic Steel Shirt','797','Reiciendis et quo magnam.','Qui magni quas quam vel sit.',NULL,NULL,0,0,'Veniam quas tempore aspernatur nam vitae vel aut.','Qui a assumenda officiis qui voluptatem laborum exercitationem corporis.','2012-09-29 16:22:59','2012-09-29 16:22:59'),(197,'Model','Osinski and Sons','Incredible Wooden Pants','798','Qui aspernatur maiores quam quia doloribus id aliquam dolor.','Tempora consectetur dicta quis autem et ut est.',NULL,NULL,0,0,'A non nobis dolor illo cumque hic.','Assumenda qui et ut aut velit maiores.','2012-09-29 16:22:59','2012-09-29 16:22:59'),(198,'Model','Effertz Inc','Gorgeous Steel Gloves','799','Aut sapiente odio ut sequi corporis ea et distinctio.','Assumenda ut dicta ea minus molestias quaerat perferendis provident.',NULL,NULL,1,0,'Sed sint ipsum quaerat necessitatibus rerum.','Et et inventore dolorum iusto eveniet.','2012-09-29 16:22:59','2012-09-29 16:22:59'),(199,'Model','Bahringer and Sons','Awesome Rubber Chair','800','Qui consequatur dolor ut mollitia necessitatibus.','Minima nulla aperiam temporibus fugit ea et.',NULL,NULL,0,0,'Placeat et quia perspiciatis recusandae saepe delectus eveniet in.','Placeat vitae quibusdam qui laudantium sunt aut sit.','2012-09-29 16:22:59','2012-09-29 16:22:59'),(200,'Model','Cruickshank-Miller','Sleek Plastic Chair','801','Quo dolores sint enim in voluptas dolorem dolorum culpa.','Mollitia quia nulla delectus maxime et ratione.',NULL,NULL,3,0,'Quia corporis consequuntur eos possimus.','Explicabo ullam dolorum temporibus quae saepe commodi.','2012-09-29 16:22:59','2012-09-29 16:22:59'),(201,'Model','Stiedemann Group','Rustic Cotton Gloves','802','Aut et enim amet aspernatur aliquid sint qui.','Nemo excepturi voluptas magnam.',NULL,NULL,0,0,'Cum aut cumque rerum excepturi sint pariatur.','Recusandae ex velit quidem nemo dignissimos nam quam odit.','2012-09-29 16:22:59','2012-09-29 16:22:59'),(202,'Model','Corkery LLC','Rustic Granite Chair','803','Possimus dolorum id sint.','Animi eum ipsum ea architecto ex.',NULL,NULL,1,0,'Minima dolore nemo sint.','Ut commodi non maxime rerum natus quia dolore.','2012-09-29 16:22:59','2012-09-29 16:22:59'),(203,'Model','Murazik Group','Awesome Granite Computer','804','Corrupti delectus voluptas minus repudiandae architecto quis.','Ad ut a temporibus pariatur voluptatum consequatur ea fugit.',NULL,NULL,3,0,'Voluptatem ut sunt sed.','Natus id aut provident quis dolorum sunt ipsum facere.','2012-09-29 16:22:59','2012-09-29 16:22:59'),(204,'Model','King, Kris and Anderson','Intelligent Plastic Hat','805','Dolor expedita commodi molestiae.','Sed quaerat numquam qui eos eligendi veniam.',NULL,NULL,2,0,'Omnis eos explicabo ut porro.','Voluptas voluptatem ex et.','2012-09-29 16:22:59','2012-09-29 16:22:59'),(205,'Model','Cole-Rutherford','Awesome Steel Hat','806','Impedit velit voluptatibus nobis ullam sed earum.','Beatae quis non minus.',NULL,NULL,0,0,'Porro quia id similique accusantium dolor ut sunt.','Et dignissimos dicta dolores debitis sit architecto qui atque.','2012-09-29 16:22:59','2012-09-29 16:22:59'),(206,'Model','Reinger, Terry and Walker','Practical Rubber Shoes','807','Quo nisi odit tempore quidem similique unde aut.','Consequuntur mollitia possimus qui omnis.',NULL,NULL,3,0,'Id dolorum et enim.','Quisquam ipsam quia inventore.','2012-09-29 16:22:59','2012-09-29 16:22:59'),(207,'Model','Wunsch, Klein and Barrows','Fantastic Cotton Shoes','808','Quo debitis eum doloribus corporis iure sed consequatur.','Facere et non commodi qui rerum dolorum.',NULL,NULL,3,0,'Itaque maiores expedita ut officiis a quis est aspernatur.','Reprehenderit officiis dolorum incidunt sed sapiente facere cumque commodi.','2012-09-29 16:22:59','2012-09-29 16:22:59'),(208,'Model','Wiza-Heathcote','Incredible Steel Pants','810','Totam quo exercitationem similique voluptas.','Laudantium recusandae quos rerum.',NULL,NULL,2,0,'Quia maiores id repellendus totam excepturi in cupiditate ducimus.','Optio vero odit possimus nobis rerum esse dolore.','2012-09-29 16:22:59','2012-09-29 16:22:59'),(209,'Software','Mitchell-Rohan','Intelligent Wooden Car','812',NULL,NULL,NULL,NULL,0,0,NULL,NULL,'2012-09-29 16:22:59','2012-09-29 16:22:59'),(210,'Model','Kulas, Denesik and Halvorson','Incredible Wooden Chair','813','Mollitia debitis aut eaque corporis ea.','Quia suscipit minima dolores illo maiores illum ipsum non.',NULL,NULL,1,0,'Et neque voluptatibus molestiae nobis minima aut rerum.','Impedit libero quia cum ex nostrum.','2012-09-24 00:00:00','2012-09-24 00:00:00'),(211,'Model','Schmeler and Sons','Small Steel Computer','814','Cupiditate magni rerum qui tempora aliquid delectus enim.','Rem aut assumenda accusamus provident iusto autem ducimus commodi.',NULL,NULL,1,0,'Aspernatur et sunt aut qui et.','Est quis et rerum eos quas animi autem itaque.','2012-09-24 00:00:00','2012-09-24 00:00:00'),(212,'Model','Fay, Stehr and Muller','Small Concrete Computer','815','Consectetur sed cum eos libero perspiciatis optio placeat quisquam.','Quos consequuntur pariatur et est natus.',NULL,NULL,2,0,'Quia sint qui neque non dolorem quam repellat quisquam.','Velit explicabo tempora qui.','2012-09-24 00:00:00','2012-09-24 00:00:00'),(213,'Model','Shanahan and Sons','Rustic Rubber Computer','816','Non ducimus et qui mollitia id quia.','Architecto laudantium eligendi amet facere iste.',NULL,NULL,2,0,'Voluptas minima repudiandae maxime rem deleniti error atque omnis.','Sed et doloribus architecto.','2012-09-24 00:00:00','2012-09-24 00:00:00'),(214,'Model','Heller-Schiller','Rustic Wooden Table','818','Adipisci sed nesciunt quis enim exercitationem facilis dolorem sunt.','Repudiandae ex magnam ea ut qui.',NULL,NULL,3,0,'Incidunt dignissimos similique iste officia hic doloremque.','Adipisci quos ullam vel et blanditiis quod dolorum alias.','2012-09-29 16:22:59','2012-09-29 16:22:59'),(215,'Model','Bayer, Funk and Hodkiewicz','Incredible Steel Chair','819','Sint sequi iste dolor.','Ipsa assumenda placeat sint recusandae non eveniet ad provident.',NULL,NULL,2,0,'Labore qui sequi voluptatem.','Corporis amet illo voluptatem quae sed explicabo nihil nulla.','2012-09-29 16:22:59','2012-09-29 16:22:59'),(216,'Model','Bartell, Miller and Schmitt','Gorgeous Cotton Pants','820','Aut qui odio et dolores quod enim et velit.','Nihil ea sequi a dolores.',NULL,NULL,2,0,'Unde quasi debitis omnis est.','Quis minima quas nulla.','2012-09-29 16:22:59','2012-09-29 16:22:59'),(217,'Model','Trantow Group','Fantastic Rubber Computer','821','Quam animi quia veritatis consequatur.','Cum eum odio ratione.',NULL,NULL,1,0,'Velit officiis aspernatur nihil est quis dolores aliquid laboriosam.','Libero cum eveniet veritatis doloremque.','2012-09-29 16:22:59','2012-09-29 16:22:59'),(218,'Model','Kertzmann-Willms','Intelligent Concrete Car','822','Fuga delectus eius itaque.','Voluptas et sapiente porro pariatur harum eveniet sint.',NULL,NULL,0,0,'Suscipit eum ut quibusdam exercitationem quae odio et quo.','Blanditiis et delectus aliquam et.','2012-09-29 16:22:59','2012-09-29 16:22:59'),(219,'Model','Langworth-Thiel','Ergonomic Granite Hat','823','Reprehenderit dignissimos nobis deleniti iusto voluptas.','Enim voluptatum beatae non saepe.',NULL,NULL,3,0,'Nihil quia accusamus repellendus cupiditate culpa rerum iure.','Repudiandae pariatur earum minima inventore perspiciatis.','2012-09-29 16:22:59','2012-09-29 16:22:59'),(220,'Model','O\'Hara-Harber','Ergonomic Granite Shoes','824','Dolor et in corrupti necessitatibus.','Omnis beatae expedita autem dolor dolor.',NULL,NULL,2,0,'Ducimus doloribus dolorem minima.','Facere porro ullam nihil eius inventore.','2012-09-29 16:22:59','2012-09-29 16:22:59'),(221,'Model','Rice-Hodkiewicz','Incredible Granite Shoes','825','Sit qui et nam in.','Perspiciatis dolorem enim ex ipsa qui tempore facilis quia.',NULL,NULL,1,0,'Veritatis modi aspernatur quia eum eos et.','Adipisci provident cum perspiciatis.','2012-09-29 16:22:59','2012-09-29 16:22:59'),(222,'Model','Harris-Wunsch','Practical Plastic Chair','826','Quia ut reprehenderit est beatae et quaerat.','Aut repellat autem aspernatur voluptas.',NULL,NULL,0,0,'Hic dicta sit eligendi itaque sed tenetur est.','Repellendus assumenda incidunt amet voluptates accusamus explicabo.','2012-09-29 16:22:59','2012-09-29 16:22:59'),(223,'Model','Conn Group','Sleek Granite Computer','827','Nemo laboriosam dolores saepe dolorum voluptas totam.','Quae et eligendi distinctio iste non non.',NULL,NULL,2,0,'Illum rerum asperiores dignissimos eaque.','Nisi corporis nam distinctio voluptatem.','2012-09-29 16:22:59','2012-09-29 16:22:59'),(224,'Model','Howell, Monahan and Lindgren','Incredible Granite Chair','828','Quos qui fugiat sequi.','Enim et molestias consequatur perspiciatis.',NULL,NULL,2,0,'Sit qui aut omnis rerum iusto.','Omnis molestiae modi est a vitae doloribus pariatur.','2012-09-29 16:22:59','2012-09-29 16:22:59'),(225,'Model','Runolfsdottir Inc','Fantastic Cotton Car','829','Modi quia nam fugit quia quia fugiat magni amet.','Sed et in itaque accusantium ducimus officia ut.',NULL,NULL,2,0,'Aut ab laborum sapiente atque cumque.','Beatae qui totam odio et qui reiciendis.','2012-09-29 16:22:59','2012-09-29 16:22:59'),(226,'Model','Dooley, Koch and Rohan','Ergonomic Wooden Gloves','830','Ducimus unde qui dolore tenetur nesciunt.','Voluptatem quisquam molestiae occaecati eos autem vero aut.',NULL,NULL,0,0,'Iusto qui culpa distinctio cupiditate.','Cum facilis odit minima voluptatibus magni tempore.','2012-09-29 16:22:59','2012-09-29 16:22:59'),(227,'Model','Renner, Parisian and Conn','Fantastic Rubber Gloves','831','Consequatur est quia dolorem maxime qui sapiente ipsam.','Occaecati ad placeat neque sunt dignissimos.',NULL,NULL,3,0,'Nobis debitis quam vitae aut voluptatem.','Molestiae accusamus voluptas aut dolore qui facilis tempora.','2012-09-29 16:22:59','2012-09-29 16:22:59'),(228,'Model','Rice-Roberts','Fantastic Granite Car','832','Eveniet deleniti omnis earum repellat voluptas laborum quos distinctio.','Non perspiciatis doloribus iure.',NULL,NULL,3,0,'Deserunt voluptatum dolores nisi exercitationem temporibus a.','Eum aut natus doloribus dolorum veniam modi illum minima.','2012-09-24 00:00:00','2012-09-24 00:00:00'),(229,'Model','Sanford LLC','Small Wooden Hat','833','Ducimus incidunt eos aut et rerum.','Sed quis ducimus perspiciatis aut ea doloribus laborum qui.',NULL,NULL,0,0,'Et recusandae maiores similique.','Aut modi ducimus officiis amet soluta corporis eos consequatur.','2012-09-24 00:00:00','2012-09-24 00:00:00'),(230,'Model','Runolfsson, Parker and Walsh','Rustic Rubber Car','834','Ipsa voluptatem ducimus officia ratione.','Temporibus aut praesentium incidunt est quo.',NULL,NULL,2,0,'Quos ab omnis veritatis optio reprehenderit corrupti.','Tempore sit et dolorum.','2012-09-24 00:00:00','2012-09-24 00:00:00'),(231,'Model','Lebsack, Strosin and Wolf','Gorgeous Wooden Shirt','835','Reprehenderit qui enim magnam deserunt dolor pariatur sequi eum.','Consequuntur voluptatum ut dignissimos.',NULL,NULL,0,0,'Velit iste nihil aut et molestias omnis inventore.','Est aut doloremque qui eaque sed.','2012-09-29 16:22:59','2012-09-29 16:22:59'),(232,'Model','Ebert LLC','Ergonomic Wooden Shoes','836','Et et rem dignissimos ad ut architecto omnis.','Cupiditate aut velit consequatur similique iste perspiciatis consectetur fugit.',NULL,NULL,0,0,'In porro voluptatem ullam officia sit.','Dolores sit esse corrupti.','2012-09-29 16:22:59','2012-09-29 16:22:59'),(233,'Model','Howe, Donnelly and Sporer','Ergonomic Wooden Shirt','837','Rerum ratione velit aut officiis.','Vitae eligendi esse et enim beatae voluptas voluptatem.',NULL,NULL,1,0,'Qui beatae recusandae enim aliquam voluptas vel consequatur hic.','Quod quibusdam explicabo tempore est eos.','2012-09-29 16:22:59','2012-09-29 16:22:59'),(234,'Model','Willms Group','Gorgeous Concrete Shoes','838','Voluptatem laboriosam dolorum unde nulla.','Aut veniam sunt eos illo perferendis similique quis.',NULL,NULL,2,0,'Amet ut illum nihil et quas deserunt vitae mollitia.','Animi in veniam molestias minus reprehenderit dolorem.','2012-09-29 16:22:59','2012-09-29 16:22:59'),(235,'Model','Ernser-Stracke','Awesome Concrete Shoes','839','Consequatur necessitatibus tempore dolorum velit perspiciatis.','Facilis odio culpa rerum.',NULL,NULL,2,0,'Iusto quo ad et.','Pariatur sed nam explicabo.','2012-09-29 16:22:59','2012-09-29 16:22:59'),(236,'Model','Goodwin-Kuhlman','Rustic Steel Computer','840','Blanditiis sit omnis voluptatem qui officia distinctio.','Provident est impedit non numquam quidem dolorem aut corrupti.',NULL,NULL,2,0,'Quibusdam nostrum veniam aut et alias.','Enim veniam animi dolorum.','2012-09-29 16:22:59','2012-09-29 16:22:59'),(237,'Model','Adams LLC','Practical Rubber Chair','841','Ut nesciunt magnam distinctio unde enim voluptatem ratione.','Id voluptatum in omnis et aliquid eum illum quibusdam.',NULL,NULL,3,0,'Quam sed a saepe.','Quasi eius corporis dolor exercitationem velit.','2012-09-29 16:22:59','2012-09-29 16:22:59'),(238,'Model','Homenick-Beahan','Rustic Concrete Gloves','842','Quos delectus veniam praesentium aliquam beatae vitae eveniet fugit.','Voluptas perspiciatis qui aspernatur eaque.',NULL,NULL,0,0,'Possimus aut odio et omnis sunt unde.','Officia ad placeat quidem.','2012-09-29 16:22:59','2012-09-29 16:22:59'),(239,'Model','Towne-Zulauf','Fantastic Concrete Computer','843','Facilis distinctio aut quis reprehenderit maxime commodi illo.','Aut non cum enim molestiae soluta rerum.',NULL,NULL,2,0,'Maiores est pariatur ad dolores impedit perferendis ea.','Ducimus ut assumenda sint.','2012-09-29 16:22:59','2012-09-29 16:22:59'),(240,'Model','O\'Hara, Legros and Nikolaus','Gorgeous Concrete Car','844','Rerum suscipit veniam minima autem et.','A vel enim beatae dolores earum et.',NULL,NULL,2,0,'Et quaerat quo enim tempora aspernatur.','Architecto delectus id blanditiis.','2012-09-29 16:22:59','2012-09-29 16:22:59'),(241,'Model','Okuneva Inc','Incredible Plastic Computer','845','Libero est natus aperiam nobis praesentium.','Magnam nobis maxime sed sunt.',NULL,NULL,2,0,'Asperiores beatae quasi velit aut est est ut mollitia.','Sit excepturi quibusdam est iste est dolorem voluptatem.','2012-09-29 16:22:59','2012-09-29 16:22:59'),(242,'Model','Wuckert-Smitham','Fantastic Concrete Gloves','846','Facilis odit voluptatem iusto alias aut qui illum eaque.','Similique ut nulla voluptas incidunt error alias.',NULL,NULL,1,0,'In impedit consequuntur maiores expedita.','Aut dicta qui numquam.','2012-09-29 16:22:59','2012-09-29 16:22:59'),(243,'Model','Effertz and Sons','Practical Granite Pants','847','Beatae dolor quo laudantium excepturi laboriosam porro a.','Quaerat dolor praesentium quos est qui harum.',NULL,NULL,0,0,'Voluptate et itaque et fugit repudiandae incidunt vitae optio.','Ab vel nisi nobis dolorum quae vero quo.','2012-09-29 16:22:59','2012-09-29 16:22:59'),(244,'Model','Bailey-Christiansen','Intelligent Rubber Shoes','848','Et tempore et minima magnam.','Unde iste voluptatibus dicta explicabo.',NULL,NULL,0,0,'In saepe quia mollitia ut excepturi optio reiciendis accusantium.','Illo quos et voluptate id est occaecati ipsum minima.','2012-09-29 16:22:59','2012-09-29 16:22:59'),(245,'Model','Ernser, Schamberger and Altenwerth','Sleek Plastic Shoes','849','Corrupti nemo nesciunt omnis repudiandae sequi neque a tempora.','Quos suscipit harum quia et esse nulla ea.',NULL,NULL,2,0,'Reiciendis consequuntur corporis numquam a corrupti eius officiis.','Quasi dolorem et dolore rerum sed ullam quisquam.','2012-09-29 16:22:59','2012-09-29 16:22:59'),(246,'Model','Ruecker-Quigley','Ergonomic Concrete Shoes','850','Sit voluptatem non et.','Repudiandae blanditiis quis iure et.',NULL,NULL,0,0,'Laborum et nihil minima est.','Excepturi odio modi quo.','2012-09-29 16:22:59','2012-09-29 16:22:59'),(247,'Model','Murray-Dickens','Awesome Plastic Shoes','851','Tenetur ipsum aspernatur assumenda et voluptatem distinctio.','Repellendus reprehenderit optio vero praesentium dolorem.',NULL,NULL,1,0,'Est dolores sunt consectetur nostrum non.','Voluptas consectetur similique aspernatur esse molestiae in.','2012-09-29 16:22:59','2012-09-29 16:22:59'),(248,'Model','Quigley-Wisoky','Rustic Wooden Pants','852','Cupiditate odit doloribus exercitationem vitae amet corporis.','Qui sit cumque nulla.',NULL,NULL,2,0,'Vitae quia dolorem ut ut.','Molestiae explicabo debitis nihil.','2012-09-29 16:22:59','2012-09-29 16:22:59'),(249,'Model','Jakubowski Group','Small Granite Hat','853','Quia consequatur voluptatem ea soluta aut cupiditate.','Ex quis quae quibusdam dolore.',NULL,NULL,3,0,'Praesentium non et facilis asperiores laborum aperiam sed.','Quo ut autem animi eos corporis soluta voluptas ullam.','2012-09-29 16:22:59','2012-09-29 16:22:59'),(250,'Model','Jerde, Rohan and Runolfsson','Practical Rubber Computer','854','Similique aut quam recusandae.','Quia nemo sunt in.',NULL,NULL,3,0,'At sed velit quis enim in sit incidunt officia.','Enim vitae vel ratione facilis quisquam aspernatur.','2012-09-29 16:22:59','2012-09-29 16:22:59'),(251,'Model','Brekke-Rice','Awesome Wooden Shirt','855','Dolorem sed est officiis ea.','Iure doloremque aut ad.',NULL,NULL,3,0,'Voluptate quis quas consequatur est nihil et aut a.','Vero molestiae earum quos.','2012-09-29 16:22:59','2012-09-29 16:22:59'),(252,'Model','Krajcik LLC','Incredible Granite Gloves','856','Itaque repudiandae esse soluta nihil velit illum a fugit.','Cum eum sed molestiae dolores natus.',NULL,NULL,0,0,'Molestiae tempore enim id repellat ipsam.','Aut id in iste ducimus libero et quibusdam.','2012-09-29 16:22:59','2012-09-29 16:22:59'),(253,'Model','Marquardt-Lehner','Rustic Cotton Pants','857','Qui magni laborum expedita.','Alias natus eligendi quos et.',NULL,NULL,0,0,'Ex officia laborum quod.','Distinctio sunt rerum quis consectetur nisi voluptas consequatur voluptatem.','2012-09-29 16:22:59','2012-09-29 16:22:59'),(254,'Model','Langosh, Windler and Hickle','Incredible Steel Table','858','Consequatur repellat placeat in totam laudantium optio cum quia.','Sit aperiam ratione ut.',NULL,NULL,3,0,'Voluptatibus tempore quis et vitae rerum.','Consequatur in totam perspiciatis et id earum odit.','2012-09-29 16:22:59','2012-09-29 16:22:59'),(255,'Model','Legros-Bernier','Sleek Plastic Car','859','Sit praesentium quo voluptas totam sed necessitatibus non.','Illum repudiandae eum voluptatem molestiae qui iusto.',NULL,NULL,3,0,'Nam omnis incidunt assumenda et consequatur.','In officia dignissimos suscipit accusantium molestias aliquam a.','2012-09-29 16:22:59','2012-09-29 16:22:59'),(256,'Model','Schmidt-Mayert','Fantastic Plastic Shirt','860','Non repellendus ad odio nesciunt et explicabo iste.','Perspiciatis tenetur cupiditate iste voluptatem minus vitae.',NULL,NULL,3,0,'Dolor ut nam quam quia aspernatur accusamus nulla sit.','Aperiam perspiciatis odit vel dolor libero.','2012-09-29 16:22:59','2012-09-29 16:22:59'),(257,'Model','Breitenberg Inc','Incredible Rubber Shirt','861','Saepe recusandae amet accusamus occaecati voluptatem voluptatibus non deserunt.','Voluptas sint ea corrupti et et voluptatem.',NULL,NULL,3,0,'Nisi dolores ipsam illum aut adipisci eaque et nostrum.','Nesciunt reprehenderit qui nobis iure.','2012-09-29 16:22:59','2012-09-29 16:22:59'),(258,'Model','Conroy-Nitzsche','Intelligent Granite Pants','862','Voluptatem facere debitis placeat non vel atque perferendis.','Maxime esse non quo nostrum id.',NULL,NULL,1,0,'Veritatis ut aut unde asperiores maiores dolor.','Qui quo eos nihil natus iure facilis.','2012-09-29 16:22:59','2012-09-29 16:22:59'),(259,'Model','Collins-Kuvalis','Gorgeous Rubber Car','863','Aut temporibus vel libero quibusdam vel quis vero numquam.','Placeat ut beatae recusandae cum suscipit eum qui iusto.',NULL,NULL,0,0,'Sint dolores et qui.','Beatae voluptatibus et perspiciatis est ducimus quo.','2012-09-29 16:22:59','2012-09-29 16:22:59'),(260,'Model','Keeling-Runolfsdottir','Sleek Plastic Gloves','864','In quas laudantium et eos voluptatem facilis eius.','Qui velit rerum saepe vero.',NULL,NULL,3,0,'Reiciendis adipisci dolorum sint quibusdam.','Numquam exercitationem ullam officiis.','2012-09-29 16:22:59','2012-09-29 16:22:59'),(261,'Model','Vandervort, Mayer and Thompson','Practical Concrete Car','865','Voluptatem aperiam velit enim quae ut incidunt vel sunt.','Laboriosam quibusdam labore aliquam nisi deserunt cum dolor.',NULL,NULL,0,0,'Debitis sunt nihil aperiam.','Et enim ea occaecati qui est quia hic voluptas.','2012-09-29 16:22:59','2012-09-29 16:22:59'),(262,'Model','Streich-Homenick','Awesome Plastic Hat','866','Animi sapiente fugit ipsam doloribus sit corrupti tenetur porro.','Dolorem similique quaerat ut.',NULL,NULL,0,0,'Maxime enim et minus quas aspernatur.','Et sunt earum atque odit sit.','2012-09-29 16:22:59','2012-09-29 16:22:59'),(263,'Model','Kub Inc','Fantastic Cotton Chair','867','Dicta ex repellat vel velit.','At quis itaque quo quisquam labore veritatis.',NULL,NULL,1,0,'Et dolor recusandae quo pariatur repellendus ea provident.','Ut in eos excepturi.','2012-09-29 16:22:59','2012-09-29 16:22:59'),(264,'Model','Rath Inc','Awesome Granite Shoes','868','Ut neque et non.','Ut quidem ut cupiditate repellat corporis deserunt dolores.',NULL,NULL,3,0,'Voluptate consectetur totam quas dolores molestiae.','Earum repellendus itaque dolores quidem.','2012-09-29 16:22:59','2012-09-29 16:22:59'),(265,'Model','Bergstrom-Fadel','Fantastic Wooden Hat','869','Voluptatem earum sunt quam at numquam dolorum aut blanditiis.','Impedit rem et suscipit veniam.',NULL,NULL,3,0,'Consequatur et nostrum dolore.','Laborum id nesciunt voluptatem.','2012-09-29 16:22:59','2012-09-29 16:22:59'),(266,'Model','Dare Group','Intelligent Wooden Shoes','870','Praesentium voluptas consequatur iusto fugit qui.','Quia eaque ea dolores adipisci nam ipsam voluptas.',NULL,NULL,0,0,'Qui ratione beatae cupiditate.','Aut ut velit rerum et sapiente et est molestiae.','2012-09-29 16:22:59','2012-09-29 16:22:59'),(267,'Model','Klocko Inc','Ergonomic Wooden Car','871','Sunt velit est voluptatem tempore quia reiciendis ab modi.','Sit cumque fugit dolorem saepe maxime.',NULL,NULL,3,0,'Dolor at sunt beatae.','Commodi distinctio praesentium voluptates in exercitationem consectetur et.','2012-09-29 16:22:59','2012-09-29 16:22:59'),(268,'Model','Ryan-Wuckert','Gorgeous Granite Car','872','Et beatae error distinctio quo deleniti at quo.','Ut rem quia esse hic expedita.',NULL,NULL,2,0,'Perferendis sit nihil odio veniam rerum.','Nemo odit totam provident.','2012-09-29 16:22:59','2012-09-29 16:22:59'),(269,'Model','Wehner LLC','Gorgeous Rubber Chair','873','Quia earum libero veniam.','Pariatur voluptas ut nemo ea animi error.',NULL,NULL,3,0,'Consequatur omnis sequi adipisci ea quo.','Quisquam qui cupiditate libero magni alias fuga aut.','2012-09-29 16:22:59','2012-09-29 16:22:59'),(270,'Model','Ratke, Bayer and Emmerich','Awesome Wooden Gloves','874','Qui eos et minus.','Tempora corrupti nostrum fuga repellat qui velit fugit consequatur.',NULL,NULL,0,0,'Praesentium officiis quae quia hic.','Vel possimus repudiandae facilis quis consequatur commodi laborum.','2012-09-29 16:22:59','2012-09-29 16:22:59'),(271,'Model','Toy, Wilkinson and Gusikowski','Practical Cotton Table','875','Dicta voluptates omnis voluptas.','Similique laboriosam consectetur quo ut qui ipsam.',NULL,NULL,0,0,'Est dolor et nulla.','Cupiditate illum magnam officiis.','2012-09-29 16:22:59','2012-09-29 16:22:59'),(272,'Model','Bahringer, Tillman and Braun','Incredible Rubber Car','876','Nisi nemo voluptatem exercitationem recusandae doloribus saepe ea.','Aut dolores reiciendis sapiente hic qui accusamus repudiandae.',NULL,NULL,2,0,'Quae omnis sunt molestiae amet voluptas.','Non est tempora possimus repellat magnam omnis.','2012-09-29 16:22:59','2012-09-29 16:22:59'),(273,'Model','Kerluke Group','Small Wooden Computer','877','Ut ipsam porro ratione voluptas dolorem amet atque.','Alias non ut sed quis fuga odit.',NULL,NULL,3,0,'Aut repellendus perferendis commodi velit tempora.','Delectus error deleniti iure recusandae aperiam aut.','2012-09-29 16:22:59','2012-09-29 16:22:59'),(274,'Model','Fritsch-Hane','Ergonomic Concrete Chair','878','Ut velit in est est.','Quia repudiandae alias et minima.',NULL,NULL,3,0,'Harum impedit corrupti magni iure id.','Inventore sunt debitis dolores.','2012-09-29 16:22:59','2012-09-29 16:22:59'),(275,'Model','Sawayn-McDermott','Fantastic Plastic Table','879','Qui consequuntur voluptatem quo.','Magni quo eos autem voluptas qui error quod doloribus.',NULL,NULL,2,0,'In vero libero ut.','Dolores omnis non vitae ut.','2012-09-29 16:22:59','2012-09-29 16:22:59'),(276,'Model','Hagenes Group','Intelligent Cotton Computer','880','Alias eum eligendi voluptatibus earum.','Aut iste quia quia mollitia rerum quis.',NULL,NULL,3,0,'Nobis non mollitia iure quia.','Dolore vel est blanditiis aut fuga ut.','2012-09-29 16:22:59','2012-09-29 16:22:59'),(277,'Model','Fay-Stroman','Intelligent Steel Car','881','Magni quia earum consequatur eligendi.','Qui sint cumque dolor facere numquam illum aut.',NULL,NULL,0,0,'Repudiandae quod ducimus autem.','Nihil et impedit molestias quod.','2012-09-29 16:22:59','2012-09-29 16:22:59'),(278,'Model','Kerluke Inc','Practical Wooden Computer','882','Incidunt maxime commodi saepe necessitatibus porro dolor.','Sed voluptatibus placeat omnis.',NULL,NULL,2,0,'Officia porro neque assumenda sint id est.','Omnis nemo eum et temporibus dolores eos.','2012-09-29 16:22:59','2012-09-29 16:22:59'),(279,'Model','Schamberger, Carroll and Stokes','Awesome Granite Gloves','883','Voluptatibus reprehenderit eius et doloribus quia.','Laudantium numquam ut tenetur.',NULL,NULL,3,0,'Minima quo quis quam.','Pariatur dolores qui excepturi corporis doloribus eaque est.','2012-09-29 16:22:59','2012-09-29 16:22:59'),(280,'Model','Fisher LLC','Gorgeous Wooden Computer','884','Rerum quaerat rerum voluptatem fuga et nisi labore.','Quod at omnis nihil cupiditate cum quia.',NULL,NULL,2,0,'Odio sit dicta ea pariatur.','Quos in nostrum deleniti.','2012-09-29 16:22:59','2012-09-29 16:22:59'),(281,'Model','Dibbert, Kulas and Cormier','Awesome Rubber Car','885','Fuga ut at eum sunt iure laboriosam.','Omnis perspiciatis aliquid ipsa vitae aut nulla et.',NULL,NULL,2,0,'Eum unde et at necessitatibus ad.','Omnis dignissimos possimus ab hic fuga sequi voluptates totam.','2012-09-29 16:22:59','2012-09-29 16:22:59'),(282,'Model','Howe and Sons','Rustic Wooden Gloves','886','Ut qui occaecati similique voluptatum in doloribus rerum.','Harum et placeat id iure voluptates fuga.',NULL,NULL,2,0,'Et consequuntur reiciendis omnis voluptatibus fuga est.','Omnis nam magni quibusdam optio dolores.','2012-09-29 16:22:59','2012-09-29 16:22:59'),(283,'Model','Rohan-Leffler','Fantastic Concrete Chair','887','Mollitia alias pariatur voluptatibus.','Voluptas aut ut provident voluptatem esse sapiente quod aperiam.',NULL,NULL,1,0,'Repellat tempore consequatur quia quos non.','Dicta nostrum dignissimos unde placeat reprehenderit beatae voluptatem.','2012-09-29 16:22:59','2012-09-29 16:22:59'),(284,'Model','Quigley-Cremin','Rustic Granite Gloves','888','Praesentium quas tempore ipsum eius.','Qui et provident id eligendi.',NULL,NULL,3,0,'Quia consequatur facere accusamus laudantium.','Exercitationem aut ipsum magnam veritatis dolor.','2012-09-29 16:22:59','2012-09-29 16:22:59'),(285,'Software','Grant Group','Practical Plastic Shirt','889',NULL,NULL,NULL,NULL,0,0,NULL,NULL,'2012-09-29 16:22:59','2012-09-29 16:22:59'),(286,'Model','Kuhic-Konopelski','Fantastic Rubber Table','890','Similique magni molestiae dolorem vel vitae laudantium aliquid.','Qui nemo provident nostrum.',NULL,NULL,3,0,'Eaque dolores reiciendis pariatur exercitationem ut et.','Maxime consequatur voluptas voluptate illo aut rem beatae molestiae.','2012-09-29 16:22:59','2012-09-29 16:22:59'),(287,'Model','Berge-O\'Reilly','Sleek Wooden Gloves','891','Accusantium distinctio qui consequatur et aut.','Enim atque deserunt molestiae possimus facilis et.',NULL,NULL,0,0,'Dolores blanditiis ut maxime.','Quo pariatur vitae sit.','2012-09-29 16:22:59','2012-09-29 16:22:59'),(288,'Model','Spinka, Berge and West','Small Concrete Chair','892','Ad non distinctio nulla quam et.','Excepturi eligendi quae numquam et id optio.',NULL,NULL,2,0,'Alias corrupti et quam.','Temporibus quasi quo quibusdam corporis et dolore voluptatem enim.','2012-09-29 16:22:59','2012-09-29 16:22:59'),(289,'Model','Frami, Bartell and Rippin','Intelligent Plastic Chair','893','Velit eos maxime quas.','Facilis blanditiis nulla ab voluptatem molestias harum ut.',NULL,NULL,0,0,'Eaque quo soluta qui sunt totam dolorem.','Eum error laborum perspiciatis dolore voluptatem deserunt.','2012-09-29 16:22:59','2012-09-29 16:22:59');
/*!40000 ALTER TABLE `models` ENABLE KEYS */;
UNLOCK TABLES;

--
-- Table structure for table `models_compatibles`
--

DROP TABLE IF EXISTS `models_compatibles`;
/*!40101 SET @saved_cs_client     = @@character_set_client */;
/*!40101 SET character_set_client = utf8 */;
CREATE TABLE `models_compatibles` (
  `model_id` int(11) DEFAULT NULL,
  `compatible_id` int(11) DEFAULT NULL,
  KEY `index_models_compatibles_on_compatible_id` (`compatible_id`),
  KEY `index_models_compatibles_on_model_id` (`model_id`),
  CONSTRAINT `models_compatibles_compatible_id_fk` FOREIGN KEY (`compatible_id`) REFERENCES `models` (`id`),
  CONSTRAINT `models_compatibles_model_id_fk` FOREIGN KEY (`model_id`) REFERENCES `models` (`id`)
) ENGINE=InnoDB DEFAULT CHARSET=utf8 COLLATE=utf8_unicode_ci;
/*!40101 SET character_set_client = @saved_cs_client */;

--
-- Dumping data for table `models_compatibles`
--

LOCK TABLES `models_compatibles` WRITE;
/*!40000 ALTER TABLE `models_compatibles` DISABLE KEYS */;
INSERT INTO `models_compatibles` VALUES (136,135),(137,135),(138,135);
/*!40000 ALTER TABLE `models_compatibles` ENABLE KEYS */;
UNLOCK TABLES;

--
-- Table structure for table `notifications`
--

DROP TABLE IF EXISTS `notifications`;
/*!40101 SET @saved_cs_client     = @@character_set_client */;
/*!40101 SET character_set_client = utf8 */;
CREATE TABLE `notifications` (
  `id` int(11) NOT NULL AUTO_INCREMENT,
  `user_id` int(11) DEFAULT NULL,
  `title` varchar(255) COLLATE utf8_unicode_ci DEFAULT '',
  `created_at` datetime NOT NULL,
  PRIMARY KEY (`id`),
  KEY `index_notifications_on_user_id` (`user_id`),
  CONSTRAINT `notifications_user_id_fk` FOREIGN KEY (`user_id`) REFERENCES `users` (`id`) ON DELETE CASCADE
) ENGINE=InnoDB DEFAULT CHARSET=utf8 COLLATE=utf8_unicode_ci;
/*!40101 SET character_set_client = @saved_cs_client */;

--
-- Dumping data for table `notifications`
--

LOCK TABLES `notifications` WRITE;
/*!40000 ALTER TABLE `notifications` DISABLE KEYS */;
/*!40000 ALTER TABLE `notifications` ENABLE KEYS */;
UNLOCK TABLES;

--
-- Table structure for table `numerators`
--

DROP TABLE IF EXISTS `numerators`;
/*!40101 SET @saved_cs_client     = @@character_set_client */;
/*!40101 SET character_set_client = utf8 */;
CREATE TABLE `numerators` (
  `id` int(11) NOT NULL AUTO_INCREMENT,
  `item` int(11) DEFAULT NULL,
  PRIMARY KEY (`id`)
) ENGINE=InnoDB DEFAULT CHARSET=utf8 COLLATE=utf8_unicode_ci;
/*!40101 SET character_set_client = @saved_cs_client */;

--
-- Dumping data for table `numerators`
--

LOCK TABLES `numerators` WRITE;
/*!40000 ALTER TABLE `numerators` DISABLE KEYS */;
/*!40000 ALTER TABLE `numerators` ENABLE KEYS */;
UNLOCK TABLES;

--
-- Table structure for table `options`
--

DROP TABLE IF EXISTS `options`;
/*!40101 SET @saved_cs_client     = @@character_set_client */;
/*!40101 SET character_set_client = utf8 */;
CREATE TABLE `options` (
  `id` int(11) NOT NULL AUTO_INCREMENT,
  `inventory_pool_id` int(11) DEFAULT NULL,
  `inventory_code` varchar(255) COLLATE utf8_unicode_ci DEFAULT NULL,
  `manufacturer` varchar(255) COLLATE utf8_unicode_ci DEFAULT NULL,
  `product` varchar(255) COLLATE utf8_unicode_ci NOT NULL,
  `version` varchar(255) COLLATE utf8_unicode_ci DEFAULT NULL,
  `price` decimal(8,2) DEFAULT NULL,
  PRIMARY KEY (`id`),
  KEY `index_options_on_inventory_pool_id` (`inventory_pool_id`),
  CONSTRAINT `options_inventory_pool_id_fk` FOREIGN KEY (`inventory_pool_id`) REFERENCES `inventory_pools` (`id`)
) ENGINE=InnoDB AUTO_INCREMENT=7 DEFAULT CHARSET=utf8 COLLATE=utf8_unicode_ci;
/*!40101 SET character_set_client = @saved_cs_client */;

--
-- Dumping data for table `options`
--

LOCK TABLES `options` WRITE;
/*!40000 ALTER TABLE `options` DISABLE KEYS */;
INSERT INTO `options` VALUES (1,1,'akku-aa',NULL,'Akku AA','705','827.00'),(2,1,'akku-aaa',NULL,'Akku AAA','706','1116.00'),(3,1,'usb',NULL,'USB Kabel','707','925.00'),(4,1,'aut7736',NULL,'Awesome Steel Shirt','809','670.00'),(5,1,'ven6649',NULL,'Fantastic Granite Computer','811','1134.00'),(6,2,'vol10845',NULL,'Sleek Rubber Shirt','817','1371.00');
/*!40000 ALTER TABLE `options` ENABLE KEYS */;
UNLOCK TABLES;

--
-- Table structure for table `partitions`
--

DROP TABLE IF EXISTS `partitions`;
/*!40101 SET @saved_cs_client     = @@character_set_client */;
/*!40101 SET character_set_client = utf8 */;
CREATE TABLE `partitions` (
  `id` int(11) NOT NULL AUTO_INCREMENT,
  `model_id` int(11) DEFAULT NULL,
  `inventory_pool_id` int(11) DEFAULT NULL,
  `group_id` int(11) DEFAULT NULL,
  `quantity` int(11) DEFAULT NULL,
  PRIMARY KEY (`id`),
  UNIQUE KEY `index_partitions_on_model_id_and_inventory_pool_id_and_group_id` (`model_id`,`inventory_pool_id`,`group_id`),
  KEY `partitions_group_id_fk` (`group_id`),
  KEY `partitions_inventory_pool_id_fk` (`inventory_pool_id`),
  CONSTRAINT `partitions_model_id_fk` FOREIGN KEY (`model_id`) REFERENCES `models` (`id`) ON DELETE CASCADE,
  CONSTRAINT `partitions_group_id_fk` FOREIGN KEY (`group_id`) REFERENCES `groups` (`id`),
  CONSTRAINT `partitions_inventory_pool_id_fk` FOREIGN KEY (`inventory_pool_id`) REFERENCES `inventory_pools` (`id`)
) ENGINE=InnoDB AUTO_INCREMENT=12 DEFAULT CHARSET=utf8 COLLATE=utf8_unicode_ci;
/*!40101 SET character_set_client = @saved_cs_client */;

--
-- Dumping data for table `partitions`
--

LOCK TABLES `partitions` WRITE;
/*!40000 ALTER TABLE `partitions` DISABLE KEYS */;
INSERT INTO `partitions` VALUES (1,99,1,4,1),(2,137,1,5,1),(3,138,1,6,5),(4,136,1,1,1),(5,68,1,1,1),(6,68,1,2,1),(7,157,1,7,1),(8,165,1,7,1),(9,172,1,7,1),(10,184,1,8,1),(11,192,1,7,1);
/*!40000 ALTER TABLE `partitions` ENABLE KEYS */;
UNLOCK TABLES;

--
-- Temporary table structure for view `partitions_with_generals`
--

DROP TABLE IF EXISTS `partitions_with_generals`;
/*!50001 DROP VIEW IF EXISTS `partitions_with_generals`*/;
SET @saved_cs_client     = @@character_set_client;
SET character_set_client = utf8;
/*!50001 CREATE TABLE `partitions_with_generals` (
  `model_id` int(11),
  `inventory_pool_id` int(11),
  `group_id` int(11),
  `quantity` decimal(33,0)
) ENGINE=MyISAM */;
SET character_set_client = @saved_cs_client;

--
-- Table structure for table `properties`
--

DROP TABLE IF EXISTS `properties`;
/*!40101 SET @saved_cs_client     = @@character_set_client */;
/*!40101 SET character_set_client = utf8 */;
CREATE TABLE `properties` (
  `id` int(11) NOT NULL AUTO_INCREMENT,
  `model_id` int(11) DEFAULT NULL,
  `key` varchar(255) COLLATE utf8_unicode_ci DEFAULT NULL,
  `value` varchar(255) COLLATE utf8_unicode_ci DEFAULT NULL,
  PRIMARY KEY (`id`),
  KEY `index_properties_on_model_id` (`model_id`),
  CONSTRAINT `properties_model_id_fk` FOREIGN KEY (`model_id`) REFERENCES `models` (`id`) ON DELETE CASCADE
) ENGINE=InnoDB AUTO_INCREMENT=13 DEFAULT CHARSET=utf8 COLLATE=utf8_unicode_ci;
/*!40101 SET character_set_client = @saved_cs_client */;

--
-- Dumping data for table `properties`
--

LOCK TABLES `properties` WRITE;
/*!40000 ALTER TABLE `properties` DISABLE KEYS */;
INSERT INTO `properties` VALUES (1,136,'Rotorduchmesser','120'),(2,136,'Akkus','2'),(3,136,'Farbe','Rot'),(4,137,'Rotorduchmesser','120'),(5,137,'Akkus','2'),(6,137,'Farbe','Rot'),(7,137,'max. Speed','80 kmh'),(8,137,'Gyro','Ja'),(9,137,'Achsen','3-Achsen'),(10,138,'Rotorduchmesser','120'),(11,138,'Akkus','2'),(12,138,'Farbe','Rot');
/*!40000 ALTER TABLE `properties` ENABLE KEYS */;
UNLOCK TABLES;

--
-- Table structure for table `purposes`
--

DROP TABLE IF EXISTS `purposes`;
/*!40101 SET @saved_cs_client     = @@character_set_client */;
/*!40101 SET character_set_client = utf8 */;
CREATE TABLE `purposes` (
  `id` int(11) NOT NULL AUTO_INCREMENT,
  `description` text COLLATE utf8_unicode_ci,
  PRIMARY KEY (`id`)
) ENGINE=InnoDB AUTO_INCREMENT=48 DEFAULT CHARSET=utf8 COLLATE=utf8_unicode_ci;
/*!40101 SET character_set_client = @saved_cs_client */;

--
-- Dumping data for table `purposes`
--

LOCK TABLES `purposes` WRITE;
/*!40000 ALTER TABLE `purposes` DISABLE KEYS */;
INSERT INTO `purposes` VALUES (1,'---\n- Ut facere est placeat.\n- Eius in sunt mollitia.\n'),(2,'---\n- Et molestias quod.\n- Ad culpa eius id ipsam eum optio laborum.\n'),(3,'Ersatzstativ fr die Ausstellung.'),(4,'Ersatzstativ fr die Ausstellung.'),(5,'Ersatzstativ fr die Ausstellung.'),(6,'Ersatzstativ fr die Ausstellung.'),(7,'Ersatzstativ fr die Ausstellung.'),(8,'Ersatzstativ fr die Ausstellung.'),(9,'Ersatzstativ fr die Ausstellung.'),(10,'Ersatzstativ fr die Ausstellung.'),(11,'Ersatzstativ fr die Ausstellung.'),(12,'Ersatzstativ fr die Ausstellung.'),(13,'Ersatzstativ fr die Ausstellung.'),(14,'Ersatzstativ fr die Ausstellung.'),(15,'Accusantium nam sed nobis.'),(16,'Aut pariatur et alias placeat.'),(17,'Iure aut quis error ipsam.'),(18,'Quasi temporibus occaecati aperiam est rem.'),(19,'Aut nesciunt reiciendis consequatur corporis dolore ut sapiente ab.'),(20,'Modi ea rerum consectetur exercitationem.'),(21,'Eos voluptatibus cumque numquam est repudiandae dolores aliquam aut.'),(22,'Exercitationem minus provident et.'),(23,'Bentige ich fr die Aufnahmen meiner Abschlussarbeit.'),(24,'Dolorem hic voluptatem odio consequatur.'),(25,'Labore ipsum rerum maiores.'),(26,'Odio ut rerum necessitatibus nobis alias at.'),(27,'Adipisci non amet quo saepe eligendi eum voluptas sit.'),(28,'Ersatzstativ fr die Ausstellung.'),(29,'Fr das zweite Austellungswochenende.'),(30,'Fr das dritte Austellungswochenende.'),(31,'Fr die Abschlussarbeit.'),(32,'Ersatzstativ fr die Ausstellung.'),(33,'Bestellung mit Software'),(34,'Bestellung mit Gegenstand ohne Ort'),(35,'Um meine Abschlussarbeit zu fotografieren.'),(36,'Accusantium voluptates blanditiis commodi animi natus.'),(37,'Um meine Abschlussarbeit zu fotografieren.'),(38,'Um meine Abschlussarbeit zu fotografieren.'),(39,'Ducimus adipisci non deleniti odio est.'),(40,'Paketausgabe'),(41,'Fr meinen aktuellen Kurs.'),(42,'Ersatzstativ fr die Ausstellung.'),(43,'Um meine Abschlussarbeit zu fotografieren.'),(44,'Fotoshooting (Kurs Fotografie).'),(45,'Brauche ich zwingend fr meinen Kurs.'),(46,'Ganz dringend bentigt fr meine Abschlussarbeit.'),(47,'Als Ersatz.');
/*!40000 ALTER TABLE `purposes` ENABLE KEYS */;
UNLOCK TABLES;

--
-- Table structure for table `schema_migrations`
--

DROP TABLE IF EXISTS `schema_migrations`;
/*!40101 SET @saved_cs_client     = @@character_set_client */;
/*!40101 SET character_set_client = utf8 */;
CREATE TABLE `schema_migrations` (
  `version` varchar(255) COLLATE utf8_unicode_ci NOT NULL,
  UNIQUE KEY `unique_schema_migrations` (`version`)
) ENGINE=InnoDB DEFAULT CHARSET=utf8 COLLATE=utf8_unicode_ci;
/*!40101 SET character_set_client = @saved_cs_client */;

--
-- Dumping data for table `schema_migrations`
--

LOCK TABLES `schema_migrations` WRITE;
/*!40000 ALTER TABLE `schema_migrations` DISABLE KEYS */;
INSERT INTO `schema_migrations` VALUES ('20140410180000'),('20140414100000'),('20140415083535'),('20140417113831'),('20140428092844'),('20140515131025'),('20140812132326'),('20140820100242'),('20140828082448'),('20140901141016'),('20140903105715');
/*!40000 ALTER TABLE `schema_migrations` ENABLE KEYS */;
UNLOCK TABLES;

--
-- Table structure for table `settings`
--

DROP TABLE IF EXISTS `settings`;
/*!40101 SET @saved_cs_client     = @@character_set_client */;
/*!40101 SET character_set_client = utf8 */;
CREATE TABLE `settings` (
  `id` int(11) NOT NULL AUTO_INCREMENT,
  `smtp_address` varchar(255) COLLATE utf8_unicode_ci DEFAULT NULL,
  `smtp_port` int(11) DEFAULT NULL,
  `smtp_domain` varchar(255) COLLATE utf8_unicode_ci DEFAULT NULL,
  `local_currency_string` varchar(255) COLLATE utf8_unicode_ci DEFAULT NULL,
  `contract_terms` text COLLATE utf8_unicode_ci,
  `contract_lending_party_string` text COLLATE utf8_unicode_ci,
  `email_signature` varchar(255) COLLATE utf8_unicode_ci DEFAULT NULL,
  `default_email` varchar(255) COLLATE utf8_unicode_ci DEFAULT NULL,
  `deliver_order_notifications` tinyint(1) DEFAULT NULL,
  `user_image_url` varchar(255) COLLATE utf8_unicode_ci DEFAULT NULL,
  `ldap_config` varchar(255) COLLATE utf8_unicode_ci DEFAULT NULL,
  `logo_url` varchar(255) COLLATE utf8_unicode_ci DEFAULT NULL,
  `mail_delivery_method` varchar(255) COLLATE utf8_unicode_ci DEFAULT NULL,
  `smtp_username` varchar(255) COLLATE utf8_unicode_ci DEFAULT NULL,
  `smtp_password` varchar(255) COLLATE utf8_unicode_ci DEFAULT NULL,
  `smtp_enable_starttls_auto` tinyint(1) NOT NULL DEFAULT '0',
  `smtp_openssl_verify_mode` varchar(255) COLLATE utf8_unicode_ci NOT NULL DEFAULT 'none',
  `time_zone` varchar(255) COLLATE utf8_unicode_ci NOT NULL DEFAULT 'Bern',
  `disable_manage_section` tinyint(1) NOT NULL DEFAULT '0',
  `disable_manage_section_message` text COLLATE utf8_unicode_ci,
  `disable_borrow_section` tinyint(1) NOT NULL DEFAULT '0',
  `disable_borrow_section_message` text COLLATE utf8_unicode_ci,
  `text` text COLLATE utf8_unicode_ci,
  PRIMARY KEY (`id`)
) ENGINE=InnoDB AUTO_INCREMENT=2 DEFAULT CHARSET=utf8 COLLATE=utf8_unicode_ci;
/*!40101 SET character_set_client = @saved_cs_client */;

--
-- Dumping data for table `settings`
--

LOCK TABLES `settings` WRITE;
/*!40000 ALTER TABLE `settings` DISABLE KEYS */;
INSERT INTO `settings` VALUES (1,'smtp.zhdk.ch',25,'beta.ausleihe.zhdk.ch','CHF','Die Benutzerin/der Benutzer ist bei unsachgemsser Handhabung oder Verlust schadenersatzpflichtig. Sie/Er verpflichtet sich, das Material sorgfltig zu behandeln und gereinigt zu retournieren. Bei mangelbehafteter oder verspteter Rckgabe kann eine Ausleihsperre (bis zu 6 Monaten) verhngt werden. Das geliehene Material bleibt jederzeit uneingeschrnktes Eigentum der Zrcher Hochschule der Knste und darf ausschliesslich fr schulische Zwecke eingesetzt werden. Mit ihrer/seiner Unterschrift akzeptiert die Benutzerin/der Benutzer diese Bedingungen sowie die \'Richtlinie zur Ausleihe von Sachen\' der ZHdK und etwaige abteilungsspezifische Ausleih-Richtlinien.','Your\nAddress\nHere','Das PZ-leihs Team','sender@example.com',0,'http://www.zhdk.ch/?person/foto&width=100&compressionlevel=0&id={:id}',NULL,'/assets/image-logo-zhdk.png','test',NULL,NULL,0,'none','Bern',0,NULL,0,NULL,NULL);
/*!40000 ALTER TABLE `settings` ENABLE KEYS */;
UNLOCK TABLES;

--
-- Table structure for table `suppliers`
--

DROP TABLE IF EXISTS `suppliers`;
/*!40101 SET @saved_cs_client     = @@character_set_client */;
/*!40101 SET character_set_client = utf8 */;
CREATE TABLE `suppliers` (
  `id` int(11) NOT NULL AUTO_INCREMENT,
  `name` varchar(255) COLLATE utf8_unicode_ci NOT NULL,
  `created_at` datetime DEFAULT NULL,
  `updated_at` datetime DEFAULT NULL,
  PRIMARY KEY (`id`),
  UNIQUE KEY `index_suppliers_on_name` (`name`)
) ENGINE=InnoDB AUTO_INCREMENT=260 DEFAULT CHARSET=utf8 COLLATE=utf8_unicode_ci;
/*!40101 SET character_set_client = @saved_cs_client */;

--
-- Dumping data for table `suppliers`
--

LOCK TABLES `suppliers` WRITE;
/*!40000 ALTER TABLE `suppliers` DISABLE KEYS */;
INSERT INTO `suppliers` VALUES (1,'autillo','2012-09-29 16:22:59','2012-09-29 16:22:59'),(2,'totametnihil','2012-09-29 16:22:59','2012-09-29 16:22:59'),(3,'etanimivoluptasasperiores','2012-09-29 16:22:59','2012-09-29 16:22:59'),(4,'adipiscilaborumdolorin','2012-09-29 16:22:59','2012-09-29 16:22:59'),(5,'temporamolestiaeet','2012-09-29 16:22:59','2012-09-29 16:22:59'),(6,'minusutrecusandaequosiusto','2012-09-29 16:22:59','2012-09-29 16:22:59'),(7,'necessitatibusnostrumlaborum','2012-09-29 16:22:59','2012-09-29 16:22:59'),(8,'facilisnonmagnam','2012-09-29 16:22:59','2012-09-29 16:22:59'),(9,'utipsaomnisrema','2012-09-29 16:22:59','2012-09-29 16:22:59'),(10,'ducimusiurequi','2012-09-29 16:22:59','2012-09-29 16:22:59'),(11,'earumquipossimusutiusto','2012-09-29 16:22:59','2012-09-29 16:22:59'),(12,'autofficiisrerumducimusdolorem','2012-09-29 16:22:59','2012-09-29 16:22:59'),(13,'similiquequiavoluptate','2012-09-29 16:22:59','2012-09-29 16:22:59'),(14,'velitdolores','2012-09-29 16:22:59','2012-09-29 16:22:59'),(15,'utnumquamcorruptianimiiusto','2012-09-29 16:22:59','2012-09-29 16:22:59'),(16,'nihilnonconsequaturvitae','2012-09-29 16:22:59','2012-09-29 16:22:59'),(17,'teneturveldignissimosvoluptateminventore','2012-09-29 16:22:59','2012-09-29 16:22:59'),(18,'itaqueexpeditaexercitationemid','2012-09-29 16:22:59','2012-09-29 16:22:59'),(19,'dignissimossed','2012-09-29 16:22:59','2012-09-29 16:22:59'),(20,'voluptasconsequaturvoluptatumnulla','2012-09-29 16:22:59','2012-09-29 16:22:59'),(21,'officiadolore','2012-09-29 16:22:59','2012-09-29 16:22:59'),(22,'teneturestqui','2012-09-29 16:22:59','2012-09-29 16:22:59'),(23,'autemsapienteillum','2012-09-29 16:22:59','2012-09-29 16:22:59'),(24,'quamnesciuntquibusdamenimfuga','2012-09-29 16:22:59','2012-09-29 16:22:59'),(25,'doloremvoluptatesquisetexpedita','2012-09-29 16:22:59','2012-09-29 16:22:59'),(26,'nonducimus','2012-09-29 16:22:59','2012-09-29 16:22:59'),(27,'necessitatibusexercitationemconsequaturdolorem','2012-09-29 16:22:59','2012-09-29 16:22:59'),(28,'doloressedetprovidentrerum','2012-09-29 16:22:59','2012-09-29 16:22:59'),(29,'earummagnam','2012-09-29 16:22:59','2012-09-29 16:22:59'),(30,'architectosedrepellatdoloribusodio','2012-09-29 16:22:59','2012-09-29 16:22:59'),(31,'quiseaquoautquis','2012-09-29 16:22:59','2012-09-29 16:22:59'),(32,'omnisvoluptasoditdolores','2012-09-29 16:22:59','2012-09-29 16:22:59'),(33,'auteligendiipsumistequi','2012-09-29 16:22:59','2012-09-29 16:22:59'),(34,'modieveniet','2012-09-29 16:22:59','2012-09-29 16:22:59'),(35,'nobisvoluptatibusab','2012-09-29 16:22:59','2012-09-29 16:22:59'),(36,'utdeserunt','2012-09-29 16:22:59','2012-09-29 16:22:59'),(37,'quipraesentiumillum','2012-09-29 16:22:59','2012-09-29 16:22:59'),(38,'autemperferendisnumquamconsequunturvoluptates','2012-09-29 16:22:59','2012-09-29 16:22:59'),(39,'mollitiaperspiciatisaut','2012-09-29 16:22:59','2012-09-29 16:22:59'),(40,'evenietexplicaboiurequi','2012-09-29 16:22:59','2012-09-29 16:22:59'),(41,'pariatursedsed','2012-09-29 16:22:59','2012-09-29 16:22:59'),(42,'culpafacilisminusdoloribus','2012-09-29 16:22:59','2012-09-29 16:22:59'),(43,'repellataliquida','2012-09-29 16:22:59','2012-09-29 16:22:59'),(44,'dolorestpossimusdelenitiquaerat','2012-09-29 16:22:59','2012-09-29 16:22:59'),(45,'nostrumremsaepedoloresvel','2012-09-29 16:22:59','2012-09-29 16:22:59'),(46,'minuset','2012-09-29 16:22:59','2012-09-29 16:22:59'),(47,'sequiin','2012-09-29 16:22:59','2012-09-29 16:22:59'),(48,'expeditavelit','2012-09-29 16:22:59','2012-09-29 16:22:59'),(49,'etquisnostrumducimus','2012-09-29 16:22:59','2012-09-29 16:22:59'),(50,'totameumnihilperspiciatisquia','2012-09-29 16:22:59','2012-09-29 16:22:59'),(51,'errornumquamiustosimilique','2012-09-29 16:22:59','2012-09-29 16:22:59'),(52,'cupiditatevitaenesciuntquae','2012-09-29 16:22:59','2012-09-29 16:22:59'),(53,'ullamsintreiciendisunde','2012-09-29 16:22:59','2012-09-29 16:22:59'),(54,'suntmolestiaeinventore','2012-09-29 16:22:59','2012-09-29 16:22:59'),(55,'laborumvoluptatem','2012-09-29 16:22:59','2012-09-29 16:22:59'),(56,'nobisquivoluptasminimaquaerat','2012-09-29 16:22:59','2012-09-29 16:22:59'),(57,'quiconsequaturcommodi','2012-09-29 16:22:59','2012-09-29 16:22:59'),(58,'totamvitaeametvel','2012-09-29 16:22:59','2012-09-29 16:22:59'),(59,'porroconsequuntur','2012-09-29 16:22:59','2012-09-29 16:22:59'),(60,'excepturidelenitivoluptas','2012-09-29 16:22:59','2012-09-29 16:22:59'),(61,'utperspiciatiseiussimiliquequidem','2012-09-29 16:22:59','2012-09-29 16:22:59'),(62,'autmagnireprehenderit','2012-09-29 16:22:59','2012-09-29 16:22:59'),(63,'nonpossimustemporibusillumperspiciatis','2012-09-29 16:22:59','2012-09-29 16:22:59'),(64,'nequeconsequatur','2012-09-29 16:22:59','2012-09-29 16:22:59'),(65,'etrepellateligendirepudiandae','2012-09-29 16:22:59','2012-09-29 16:22:59'),(66,'quisitblanditiis','2012-09-29 16:22:59','2012-09-29 16:22:59'),(67,'veritatisnullaautinciduntdistinctio','2012-09-29 16:22:59','2012-09-29 16:22:59'),(68,'cumpossimusomnis','2012-09-29 16:22:59','2012-09-29 16:22:59'),(69,'accusamusmaximemaiores','2012-09-29 16:22:59','2012-09-29 16:22:59'),(70,'voluptassitessenemo','2012-09-29 16:22:59','2012-09-29 16:22:59'),(71,'magnamiurevitaetemporibus','2012-09-29 16:22:59','2012-09-29 16:22:59'),(72,'estofficiadeseruntdolorem','2012-09-29 16:22:59','2012-09-29 16:22:59'),(73,'quaevoluptateexercitationemperferendisimpedit','2012-09-29 16:22:59','2012-09-29 16:22:59'),(74,'sednostrumautem','2012-09-29 16:22:59','2012-09-29 16:22:59'),(75,'minimaut','2012-09-29 16:22:59','2012-09-29 16:22:59'),(76,'consecteturofficiaveniam','2012-09-29 16:22:59','2012-09-29 16:22:59'),(77,'dolorlaboreut','2012-09-29 16:22:59','2012-09-29 16:22:59'),(78,'rerumoditasperioressitdoloremque','2012-09-29 16:22:59','2012-09-29 16:22:59'),(79,'aperiamquammagnamipsa','2012-09-29 16:22:59','2012-09-29 16:22:59'),(80,'fugiatquiaiure','2012-09-29 16:22:59','2012-09-29 16:22:59'),(81,'similiqueconsequaturinciduntassumendaaspernatur','2012-09-29 16:22:59','2012-09-29 16:22:59'),(82,'suntaliquidullamvoluptatemvel','2012-09-29 16:22:59','2012-09-29 16:22:59'),(83,'etomnis','2012-09-29 16:22:59','2012-09-29 16:22:59'),(84,'essetotamdeserunt','2012-09-29 16:22:59','2012-09-29 16:22:59'),(85,'molestiaeeius','2012-09-29 16:22:59','2012-09-29 16:22:59'),(86,'voluptatesetullam','2012-09-29 16:22:59','2012-09-29 16:22:59'),(87,'itaqueblanditiisenim','2012-09-29 16:22:59','2012-09-29 16:22:59'),(88,'solutaistequo','2012-09-29 16:22:59','2012-09-29 16:22:59'),(89,'illoofficiadoloribus','2012-09-29 16:22:59','2012-09-29 16:22:59'),(90,'magnamquosinciduntplaceatet','2012-09-29 16:22:59','2012-09-29 16:22:59'),(91,'utveniampariatursuscipitfuga','2012-09-29 16:22:59','2012-09-29 16:22:59'),(92,'utsunt','2012-09-29 16:22:59','2012-09-29 16:22:59'),(93,'estdelenititotam','2012-09-29 16:22:59','2012-09-29 16:22:59'),(94,'assumendaestipsamdelectusconsequuntur','2012-09-29 16:22:59','2012-09-29 16:22:59'),(95,'repudiandaeearumnecessitatibusnihil','2012-09-29 16:22:59','2012-09-29 16:22:59'),(96,'ipsamsimiliquenemo','2012-09-29 16:22:59','2012-09-29 16:22:59'),(97,'quiaipsamsintsimilique','2012-09-29 16:22:59','2012-09-29 16:22:59'),(98,'voluptatumplaceat','2012-09-29 16:22:59','2012-09-29 16:22:59'),(99,'etillumestrepudiandaeest','2012-09-29 16:22:59','2012-09-29 16:22:59'),(100,'quiminimaquo','2012-09-29 16:22:59','2012-09-29 16:22:59'),(101,'odioaliquamsequiducimus','2012-09-29 16:22:59','2012-09-29 16:22:59'),(102,'autemessequoslibero','2012-09-29 16:22:59','2012-09-29 16:22:59'),(103,'quaealiquid','2012-09-29 16:22:59','2012-09-29 16:22:59'),(104,'nonautem','2012-09-29 16:22:59','2012-09-29 16:22:59'),(105,'blanditiisipsamculpa','2012-09-29 16:22:59','2012-09-29 16:22:59'),(106,'laboriosamlaboreexcepturiest','2012-09-29 16:22:59','2012-09-29 16:22:59'),(107,'aspernaturseddoloroditquas','2012-09-29 16:22:59','2012-09-29 16:22:59'),(108,'nonillum','2012-09-29 16:22:59','2012-09-29 16:22:59'),(109,'quamvoluptas','2012-09-29 16:22:59','2012-09-29 16:22:59'),(110,'quinihilmagnamipsam','2012-09-29 16:22:59','2012-09-29 16:22:59'),(111,'harumquamrerum','2012-09-29 16:22:59','2012-09-29 16:22:59'),(112,'iustoofficia','2012-09-29 16:22:59','2012-09-29 16:22:59'),(113,'expeditaetsuscipit','2012-09-29 16:22:59','2012-09-29 16:22:59'),(114,'autemdolorum','2012-09-29 16:22:59','2012-09-29 16:22:59'),(115,'eaesserationeteneturaccusamus','2012-09-29 16:22:59','2012-09-29 16:22:59'),(116,'eteaqueoccaecatiut','2012-09-29 16:22:59','2012-09-29 16:22:59'),(117,'isteutplaceat','2012-09-29 16:22:59','2012-09-29 16:22:59'),(118,'esselibero','2012-09-29 16:22:59','2012-09-29 16:22:59'),(119,'autemvoluptatemvelit','2012-09-29 16:22:59','2012-09-29 16:22:59'),(120,'facilisnobis','2012-09-29 16:22:59','2012-09-29 16:22:59'),(121,'consequaturdoloremqueveniam','2012-09-29 16:22:59','2012-09-29 16:22:59'),(122,'ipsaquiquo','2012-09-29 16:22:59','2012-09-29 16:22:59'),(123,'blanditiisreiciendis','2012-09-29 16:22:59','2012-09-29 16:22:59'),(124,'quiaillumquidemdoloribus','2012-09-29 16:22:59','2012-09-29 16:22:59'),(125,'iurelaboreetvel','2012-09-29 16:22:59','2012-09-29 16:22:59'),(126,'veroquas','2012-09-29 16:22:59','2012-09-29 16:22:59'),(127,'aperiamautemilloquosquo','2012-09-29 16:22:59','2012-09-29 16:22:59'),(128,'estpraesentium','2012-09-29 16:22:59','2012-09-29 16:22:59'),(129,'nonquiablanditiis','2012-09-29 16:22:59','2012-09-29 16:22:59'),(130,'quisdistinctioauteos','2012-09-29 16:22:59','2012-09-29 16:22:59'),(131,'voluptasducimusveritatisatque','2012-09-29 16:22:59','2012-09-29 16:22:59'),(132,'quasdelenitiprovidentvelitaut','2012-09-29 16:22:59','2012-09-29 16:22:59'),(133,'inciduntrationeitaqueiusto','2012-09-29 16:22:59','2012-09-29 16:22:59'),(134,'sitpariaturut','2012-09-29 16:22:59','2012-09-29 16:22:59'),(135,'utofficiisquasi','2012-09-29 16:22:59','2012-09-29 16:22:59'),(136,'omnismollitiaofficiissed','2012-09-29 16:22:59','2012-09-29 16:22:59'),(137,'dignissimoslaboriosamdolorestempora','2012-09-29 16:22:59','2012-09-29 16:22:59'),(138,'necessitatibuset','2012-09-29 16:22:59','2012-09-29 16:22:59'),(139,'itaquerationeautvoluptassunt','2012-09-29 16:22:59','2012-09-29 16:22:59'),(140,'etomnisut','2012-09-29 16:22:59','2012-09-29 16:22:59'),(141,'quismoditempore','2012-09-29 16:22:59','2012-09-29 16:22:59'),(142,'molestiaererumest','2012-09-29 16:22:59','2012-09-29 16:22:59'),(143,'fugiatquaemagnamdoloressimilique','2012-09-29 16:22:59','2012-09-29 16:22:59'),(144,'nullaet','2012-09-27 03:30:40','2012-09-27 03:30:40'),(145,'repudiandaeaut','2012-09-27 03:30:40','2012-09-27 03:30:40'),(146,'adipiscimaximeitaque','2012-09-27 03:30:40','2012-09-27 03:30:40'),(147,'intempora','2012-09-27 03:30:40','2012-09-27 03:30:40'),(148,'quiscorrupti','2012-09-27 03:30:40','2012-09-27 03:30:40'),(149,'utnatussunt','2012-09-27 03:30:40','2012-09-27 03:30:40'),(150,'laborumnemomolestiae','2012-09-27 03:30:40','2012-09-27 03:30:40'),(151,'sintnumquamsit','2012-09-27 03:30:40','2012-09-27 03:30:40'),(152,'molestiaesunt','2012-09-27 03:30:40','2012-09-27 03:30:40'),(153,'doloremquequia','2012-09-27 03:30:40','2012-09-27 03:30:40'),(154,'eteaoptio','2012-09-27 03:30:40','2012-09-27 03:30:40'),(155,'doloremautnullaremsed','2012-09-27 03:30:40','2012-09-27 03:30:40'),(156,'nihilaliquam','2012-09-27 03:30:40','2012-09-27 03:30:40'),(157,'praesentiumquianamesseofficia','2012-09-27 03:30:40','2012-09-27 03:30:40'),(158,'numquamut','2012-09-27 03:30:40','2012-09-27 03:30:40'),(159,'possimusomnisquilaudantiumaliquid','2012-09-27 03:30:40','2012-09-27 03:30:40'),(160,'placeatsequinonreiciendisexpedita','2012-09-27 03:30:40','2012-09-27 03:30:40'),(161,'repellendussuscipit','2012-09-27 03:30:40','2012-09-27 03:30:40'),(162,'atofficiisaperiam','2012-09-27 03:30:40','2012-09-27 03:30:40'),(163,'natusfugaquosin','2012-09-27 03:30:40','2012-09-27 03:30:40'),(164,'adeiusconsequatur','2012-09-27 03:30:40','2012-09-27 03:30:40'),(165,'temporevoluptas','2012-09-28 06:55:11','2012-09-28 06:55:11'),(166,'suscipitsaepe','2012-09-28 06:55:11','2012-09-28 06:55:11'),(167,'errorconsequaturquibusdam','2012-09-28 06:55:11','2012-09-28 06:55:11'),(168,'ipsamnon','2012-09-24 17:30:46','2012-09-24 17:30:46'),(169,'veroeaadipisci','2012-09-24 17:30:46','2012-09-24 17:30:46'),(170,'mollitiamaxime','2012-09-24 17:30:46','2012-09-24 17:30:46'),(171,'totamconsequaturtemporaconsequaturpossimus','2012-09-24 17:30:46','2012-09-24 17:30:46'),(172,'eligendisedcupiditatedoloremquesaepe','2012-09-24 17:30:46','2012-09-24 17:30:46'),(173,'repudiandaevoluptatefugamodi','2012-09-24 17:30:46','2012-09-24 17:30:46'),(174,'inventorelaboriosamdictafacilisipsum','2012-09-24 17:30:46','2012-09-24 17:30:46'),(175,'quodcumque','2012-09-24 17:30:46','2012-09-24 17:30:46'),(176,'eiusdistinctio','2012-09-29 16:22:59','2012-09-29 16:22:59'),(177,'aperiamquasqui','2012-09-29 16:22:59','2012-09-29 16:22:59'),(178,'quisimpeditoptio','2012-09-29 16:22:59','2012-09-29 16:22:59'),(179,'quidoloremlaboriosamlabore','2012-09-29 16:22:59','2012-09-29 16:22:59'),(180,'sitipsam','2012-09-29 16:22:59','2012-09-29 16:22:59'),(181,'adcumque','2012-09-29 16:22:59','2012-09-29 16:22:59'),(182,'explicaboquamremharum','2012-09-29 16:22:59','2012-09-29 16:22:59'),(183,'maximeutplaceattemporibus','2012-09-29 16:22:59','2012-09-29 16:22:59'),(184,'aliquidnatusestcum','2012-09-29 16:22:59','2012-09-29 16:22:59'),(185,'quitemporapraesentium','2012-09-29 16:22:59','2012-09-29 16:22:59'),(186,'doloresidutsuscipitmolestiae','2012-09-29 16:22:59','2012-09-29 16:22:59'),(187,'quiquibusdam','2012-09-29 16:22:59','2012-09-29 16:22:59'),(188,'sitearumqui','2012-09-29 16:22:59','2012-09-29 16:22:59'),(189,'excepturieosesseestqui','2012-09-29 16:22:59','2012-09-29 16:22:59'),(190,'delenitiamet','2012-09-29 16:22:59','2012-09-29 16:22:59'),(191,'illumetbeatae','2012-09-29 16:22:59','2012-09-29 16:22:59'),(192,'beataenostrum','2012-09-29 16:22:59','2012-09-29 16:22:59'),(193,'doloremesse','2012-09-29 16:22:59','2012-09-29 16:22:59'),(194,'placeathiceiuseaquesint','2012-09-29 16:22:59','2012-09-29 16:22:59'),(195,'etrerumvoluptatibusquibusdam','2012-09-29 16:22:59','2012-09-29 16:22:59'),(196,'reprehenderitatque','2012-09-24 00:00:00','2012-09-24 00:00:00'),(197,'quosnecessitatibusdoloredolorem','2012-09-24 00:00:00','2012-09-24 00:00:00'),(198,'istefacilisetnamvoluptatum','2012-09-24 00:00:00','2012-09-24 00:00:00'),(199,'esseetnondistinctio','2012-09-29 16:22:59','2012-09-29 16:22:59'),(200,'aliquamcumvoluptatemestaut','2012-09-29 16:22:59','2012-09-29 16:22:59'),(201,'liberomolestiaearchitecto','2012-09-29 16:22:59','2012-09-29 16:22:59'),(202,'doloremerrorcommodisimiliqueoccaecati','2012-09-29 16:22:59','2012-09-29 16:22:59'),(203,'ealaboriosam','2012-09-29 16:22:59','2012-09-29 16:22:59'),(204,'utprovidentautexercitationemrecusandae','2012-09-29 16:22:59','2012-09-29 16:22:59'),(205,'ipsumestquamvelet','2012-09-29 16:22:59','2012-09-29 16:22:59'),(206,'quisitmolestiae','2012-09-29 16:22:59','2012-09-29 16:22:59'),(207,'odioestnumquamvoluptatemet','2012-09-29 16:22:59','2012-09-29 16:22:59'),(208,'necessitatibusidautnesciuntautem','2012-09-29 16:22:59','2012-09-29 16:22:59'),(209,'ututnihilvel','2012-09-29 16:22:59','2012-09-29 16:22:59'),(210,'estquamaniminequesequi','2012-09-29 16:22:59','2012-09-29 16:22:59'),(211,'odiodebitis','2012-09-29 16:22:59','2012-09-29 16:22:59'),(212,'quasiet','2012-09-29 16:22:59','2012-09-29 16:22:59'),(213,'autquiapossimus','2012-09-24 00:00:00','2012-09-24 00:00:00'),(214,'dictaquilaboriosam','2012-09-24 00:00:00','2012-09-24 00:00:00'),(215,'consequaturutillounde','2012-09-24 00:00:00','2012-09-24 00:00:00'),(216,'explicaboautemsapientenecessitatibustempore','2012-09-29 16:22:59','2012-09-29 16:22:59'),(217,'saepeautetdoloremin','2012-09-29 16:22:59','2012-09-29 16:22:59'),(218,'sintnequequi','2012-09-29 16:22:59','2012-09-29 16:22:59'),(219,'eaquiestvero','2012-09-29 16:22:59','2012-09-29 16:22:59'),(220,'nobisautodit','2012-09-29 16:22:59','2012-09-29 16:22:59'),(221,'quaeratenim','2012-09-29 16:22:59','2012-09-29 16:22:59'),(222,'odioeosconsequaturrecusandae','2012-09-29 16:22:59','2012-09-29 16:22:59'),(223,'aquisquamdolorumvoluptatemex','2012-09-29 16:22:59','2012-09-29 16:22:59'),(224,'maioresvoluptatesverofugit','2012-09-29 16:22:59','2012-09-29 16:22:59'),(225,'itaquemodi','2012-09-29 16:22:59','2012-09-29 16:22:59'),(226,'quodaccusamusaliquid','2012-09-29 16:22:59','2012-09-29 16:22:59'),(227,'dictavelquonobis','2012-09-29 16:22:59','2012-09-29 16:22:59'),(228,'magnamautemnihil','2012-09-29 16:22:59','2012-09-29 16:22:59'),(229,'sapientetotamexplicabo','2012-09-29 16:22:59','2012-09-29 16:22:59'),(230,'animirepellataliquid','2012-09-29 16:22:59','2012-09-29 16:22:59'),(231,'consequaturoccaecatioditratione','2012-09-29 16:22:59','2012-09-29 16:22:59'),(232,'quasiexpeditadoloremquenon','2012-09-29 16:22:59','2012-09-29 16:22:59'),(233,'occaecatiutatquevoluptatemaut','2012-09-29 16:22:59','2012-09-29 16:22:59'),(234,'voluptatesquasifacilisutpossimus','2012-09-29 16:22:59','2012-09-29 16:22:59'),(235,'quosveniamestdistinctiovoluptate','2012-09-29 16:22:59','2012-09-29 16:22:59'),(236,'utquos','2012-09-29 16:22:59','2012-09-29 16:22:59'),(237,'vitaemaioressapienteeius','2012-09-29 16:22:59','2012-09-29 16:22:59'),(238,'debitistemporibusquiaestsapiente','2012-09-29 16:22:59','2012-09-29 16:22:59'),(239,'nulladistinctioidducimusaut','2012-09-29 16:22:59','2012-09-29 16:22:59'),(240,'solutadoloresnobisnon','2012-09-29 16:22:59','2012-09-29 16:22:59'),(241,'quisquamdebitisassumendaetvoluptatem','2012-09-29 16:22:59','2012-09-29 16:22:59'),(242,'iurereprehenderitquaepossimus','2012-09-29 16:22:59','2012-09-29 16:22:59'),(243,'veniamametvoluptas','2012-09-29 16:22:59','2012-09-29 16:22:59'),(244,'estreiciendisutaut','2012-09-29 16:22:59','2012-09-29 16:22:59'),(245,'quodmaximequi','2012-09-29 16:22:59','2012-09-29 16:22:59'),(246,'quidemidnumquam','2012-09-29 16:22:59','2012-09-29 16:22:59'),(247,'remrepudiandaemagnitotam','2012-09-29 16:22:59','2012-09-29 16:22:59'),(248,'cumquedoloresnumquamdolorerepellat','2012-09-29 16:22:59','2012-09-29 16:22:59'),(249,'quibusdamautbeatae','2012-09-29 16:22:59','2012-09-29 16:22:59'),(250,'errornecessitatibusdolorem','2012-09-29 16:22:59','2012-09-29 16:22:59'),(251,'nihilvoluptatemsedsapiente','2012-09-29 16:22:59','2012-09-29 16:22:59'),(252,'dolorinducimusautemomnis','2012-09-29 16:22:59','2012-09-29 16:22:59'),(253,'doloreillumidsint','2012-09-29 16:22:59','2012-09-29 16:22:59'),(254,'quaeametquis','2012-09-29 16:22:59','2012-09-29 16:22:59'),(255,'quiaquaeratut','2012-09-29 16:22:59','2012-09-29 16:22:59'),(256,'dignissimosoptioutnamin','2012-09-29 16:22:59','2012-09-29 16:22:59'),(257,'architectopossimuscumquam','2012-09-29 16:22:59','2012-09-29 16:22:59'),(258,'quiinciduntutaut','2012-09-29 16:22:59','2012-09-29 16:22:59'),(259,'optioconsequaturperferendisnonmagni','2012-09-29 16:22:59','2012-09-29 16:22:59');
/*!40000 ALTER TABLE `suppliers` ENABLE KEYS */;
UNLOCK TABLES;

--
-- Table structure for table `users`
--

DROP TABLE IF EXISTS `users`;
/*!40101 SET @saved_cs_client     = @@character_set_client */;
/*!40101 SET character_set_client = utf8 */;
CREATE TABLE `users` (
  `id` int(11) NOT NULL AUTO_INCREMENT,
  `login` varchar(255) COLLATE utf8_unicode_ci DEFAULT NULL,
  `firstname` varchar(255) COLLATE utf8_unicode_ci DEFAULT NULL,
  `lastname` varchar(255) COLLATE utf8_unicode_ci DEFAULT NULL,
  `phone` varchar(255) COLLATE utf8_unicode_ci DEFAULT NULL,
  `authentication_system_id` int(11) DEFAULT '1',
  `unique_id` varchar(255) COLLATE utf8_unicode_ci DEFAULT NULL,
  `email` varchar(255) COLLATE utf8_unicode_ci DEFAULT NULL,
  `badge_id` varchar(255) COLLATE utf8_unicode_ci DEFAULT NULL,
  `address` varchar(255) COLLATE utf8_unicode_ci DEFAULT NULL,
  `city` varchar(255) COLLATE utf8_unicode_ci DEFAULT NULL,
  `zip` varchar(255) COLLATE utf8_unicode_ci DEFAULT NULL,
  `country` varchar(255) COLLATE utf8_unicode_ci DEFAULT NULL,
  `language_id` int(11) DEFAULT NULL,
  `extended_info` text COLLATE utf8_unicode_ci,
  `settings` varchar(1024) COLLATE utf8_unicode_ci DEFAULT NULL,
  `created_at` datetime DEFAULT NULL,
  `updated_at` datetime DEFAULT NULL,
  `delegator_user_id` int(11) DEFAULT NULL,
  PRIMARY KEY (`id`),
  KEY `index_users_on_authentication_system_id` (`authentication_system_id`),
  KEY `users_language_id_fk` (`language_id`),
  KEY `users_delegator_user_id_fk` (`delegator_user_id`),
  CONSTRAINT `users_delegator_user_id_fk` FOREIGN KEY (`delegator_user_id`) REFERENCES `users` (`id`),
  CONSTRAINT `users_authentication_system_id_fk` FOREIGN KEY (`authentication_system_id`) REFERENCES `authentication_systems` (`id`),
  CONSTRAINT `users_language_id_fk` FOREIGN KEY (`language_id`) REFERENCES `languages` (`id`)
) ENGINE=InnoDB AUTO_INCREMENT=37 DEFAULT CHARSET=utf8 COLLATE=utf8_unicode_ci;
/*!40101 SET character_set_client = @saved_cs_client */;

--
-- Dumping data for table `users`
--

LOCK TABLES `users` WRITE;
/*!40000 ALTER TABLE `users` DISABLE KEYS */;
INSERT INTO `users` VALUES (1,'ramon','Ramon','C.','05564933565',1,'58lx5vep4zi89s26hp','ramon@zhdk.ch','dm9h7qacuk60sq0bwj','91156 Edythe Route','Port Juwan','H-ZG8 5FA','Holy See (Vatican City State)',2,NULL,'--- !ruby/hash:ActiveSupport::HashWithIndifferentAccess {}\n','2012-09-29 16:22:59','2012-09-29 16:22:59',NULL),(2,'stuart_9549','Pamela','Kunde','01978487423',1,'ev5843451c7kt7p5ho','percival@rogahn.biz','t9ruw7x7xz1xy65omq','2623 Giovanna Way','Johnstonfurt','V-Y9 7DJ','Virgin Islands, U.S.',1,NULL,'--- !ruby/hash:ActiveSupport::HashWithIndifferentAccess {}\n','2012-09-29 16:22:59','2012-09-29 16:22:59',NULL),(3,'mercedes_7009','Chadrick','Farrell','0169771684',1,'ynoa6ygdmic40fgcnu','audreanne@brekke.co.uk','sxbgxzez84drknrarg','8436 Murray Fields','South Erickstad','T-Z7 1JL','Tokelau',1,NULL,'--- !ruby/hash:ActiveSupport::HashWithIndifferentAccess {}\n','2012-09-29 16:22:59','2012-09-29 16:22:59',NULL),(4,'vivien_2326','Brenna','Ebert','01758413943',1,'1yu95vw0zpt1ft9dmr','genoveva@schowalter.info','4ko4gwood142ipp772','46975 Romaguera Grove','New Cassandraview','F-WU2R 8BE','Faroe Islands',1,NULL,'--- !ruby/hash:ActiveSupport::HashWithIndifferentAccess {}\n','2012-09-29 16:22:59','2012-09-29 16:22:59',NULL),(5,'kevon.ullrich_9898','Precious','Bruen','03850458693',1,'gcl9wkhr44xouijuge','general@breitenberg.biz','4lta123qzdy3kpof0k','1108 Ondricka Forge','North Colton','G-ZE1 1ZT','Guyana',1,NULL,'--- !ruby/hash:ActiveSupport::HashWithIndifferentAccess {}\n','2012-09-29 16:22:59','2012-09-29 16:22:59',NULL),(6,'tom_8602','Madge','Satterfield','08003322798',1,'5icd23qp6imejoprlo','asha.simonis@smith.biz','qzijxgtfoljew8t21r','833 Schuyler Forge','New Novellabury','A-ZR6 4AE','Anguilla',1,NULL,'--- !ruby/hash:ActiveSupport::HashWithIndifferentAccess {}\n','2012-09-29 16:22:59','2012-09-29 16:22:59',NULL),(7,'lamar_mayert_673','Natalia','Stiedemann','08773212298',1,'2lnn846uwjikijx1xe','jermain.cummings@harveyzboncak.co.uk','t2xvryy20wiz0c7hcm','71703 Brayan Walks','Lehnerland','T-T4N 8JD','Turkmenistan',1,NULL,'--- !ruby/hash:ActiveSupport::HashWithIndifferentAccess {}\n','2012-09-29 16:22:59','2012-09-29 16:22:59',NULL),(8,'matti','Matti','S.','01173372417',1,'5m95zly9vmolflpufy','matti@zhdk.ch','xrpz6di7e46muiahi9','14888 Gregory Harbors','East Modestoview','B-WU5 1OO','Bahrain',2,NULL,'--- !ruby/hash:ActiveSupport::HashWithIndifferentAccess {}\n','2012-09-29 16:22:59','2012-09-29 16:22:59',NULL),(9,'mike','Mike','H.','0500660077',1,'7qezo6s74v4ct8qtc6','mike@zhdk.ch','58sirjwwl4l9r9298l','1433 Jones Mission','Port Tevin','M-ZA4N 6AO','Malta',2,NULL,'--- !ruby/hash:ActiveSupport::HashWithIndifferentAccess {}\n','2012-09-29 16:22:59','2012-09-29 16:22:59',NULL),(10,'andi','Andi','Jacobs','01252077947',1,'2y7z2dwhenu6f1qhe2','andi@zhdk.ch','4nupxfihwaqbpv7gt3','273 Kale Village','Lake Derick','I-WS4W 7AX','Iran',2,NULL,'--- !ruby/hash:ActiveSupport::HashWithIndifferentAccess {}\n','2012-09-29 16:22:59','2012-09-29 16:22:59',NULL),(11,'lukas_klocko_2916','Polly','McGlynn','09954881008',1,'abybhpinp3cjug6vhx','twila_heel@batz.com','g99f3z2ttmdnqt0c0x','72994 Murazik Isle','Port Liliane','B-WD6N 7JH','Benin',2,NULL,'--- !ruby/hash:ActiveSupport::HashWithIndifferentAccess {}\n','2012-09-29 16:22:59','2012-09-29 16:22:59',NULL),(12,'magnus_1672','Janice','Schoen','01415323339',1,'p1s70unlpn37rnq0ki','eleazar.homenick@schoen.co.uk','sqjihej259lhki81pi','65227 Lambert Neck','Orachester','L-UK6 1UJ','Lesotho',1,NULL,'--- !ruby/hash:ActiveSupport::HashWithIndifferentAccess {}\n','2012-09-29 16:22:59','2012-09-29 16:22:59',NULL),(13,'joana_1509','Nickolas','Spencer','0800938200',1,'1ft8p3uq2uxho51evo','rosalind@heidenreichdamore.name','cu61iovt21evioc7ls','476 Kirstin Run','Port Sophie','C-TK4B 1GY','Congo',1,NULL,'--- !ruby/hash:ActiveSupport::HashWithIndifferentAccess {}\n','2012-09-29 16:22:59','2012-09-29 16:22:59',NULL),(14,'franco_9498','Misty','Rau','05559305343',1,'aeg6f3dkjczpx1yyqw','brendan@heidenreichberge.biz','0cvo6br0tlysnnedoc','386 Dicki Trace','Port Claudeberg','B-Y6 2JL','Bouvet Island (Bouvetoya)',1,NULL,'--- !ruby/hash:ActiveSupport::HashWithIndifferentAccess {}\n','2012-09-29 16:22:59','2012-09-29 16:22:59',NULL),(15,'foster_5815','Rigoberto','Lesch','02487993784',1,'uumpa371ztvxn9plib','kathryne@streichcole.com','9z8kxq0p5kthiwt8p4','349 Gordon Drive','West Michel','M-PA4Y 4DA','Malta',1,NULL,'--- !ruby/hash:ActiveSupport::HashWithIndifferentAccess {}\n','2012-09-29 16:22:59','2012-09-29 16:22:59',NULL),(16,'jimmy_5910','Karlee','Ortiz','08003065933',1,'byhqs3grjfzzia9vnu','isac@rolfsonhamill.info','mrdyy7c4ywvkm550no','393 Carolyne Square','Roweland','E-SK4H 3US','Ethiopia',1,NULL,'--- !ruby/hash:ActiveSupport::HashWithIndifferentAccess {}\n','2012-09-29 16:22:59','2012-09-29 16:22:59',NULL),(17,'gino','Gino','F.','01210409488',1,'m29bhbl1xcdhhjnbx6','gino@zhdk.ch','20bzbq9clyflhnlior','20823 Ana Course','Batzmouth','Y-Z0V 7JZ','Yemen',2,NULL,'--- !ruby/hash:ActiveSupport::HashWithIndifferentAccess {}\n','2012-09-29 16:22:59','2012-09-29 16:22:59',NULL),(18,'pius','Pius','Feest','05695066085',1,'pnuksts7tfvq2r7oqh','pius@zhdk.ch','p2naq76vk8s69p622p','441 Maybell Shores','South Jermain','B-S71 3LH','Bermuda',2,NULL,'--- !ruby/hash:ActiveSupport::HashWithIndifferentAccess {}\n','2012-09-29 16:22:59','2012-09-29 16:22:59',NULL),(19,'peter','Peter','Silie','03732194832',1,'dfpcehw3x5u2d7x1qg','peter@silie.com','imo0qbbdowok20vlqg','7891 Ebert Spring','Wunschtown','W-ZF0 2OB','Wallis and Futuna',2,NULL,'--- !ruby/hash:ActiveSupport::HashWithIndifferentAccess {}\n','2012-09-29 16:22:59','2012-09-29 16:22:59',NULL),(20,'astrid_jacobi_5662','Danny','Schiller','01161451675',1,'fe6epn4mlhrfxuvfgl','callie@mcdermottbergstrom.biz','a70x6j8yacsnguv5iw','99779 Gleichner Roads','East Lolita','G-W98 8LB','Gibraltar',1,NULL,'--- !ruby/hash:ActiveSupport::HashWithIndifferentAccess {}\n','2012-09-29 16:22:59','2012-09-29 16:22:59',NULL),(21,'bobbie_416','Loy','Breitenberg','02500131522',1,'w9jjn8rvzkvavdjde3','lottie@eichmannmohr.com','sie1xr8vko0lcqy4r1','40473 Eichmann Wells','Feeneymouth','B-Y5 9BL','Bahamas',1,NULL,'--- !ruby/hash:ActiveSupport::HashWithIndifferentAccess {}\n','2012-09-29 16:22:59','2012-09-29 16:22:59',NULL),(22,'deshawn.gutmann_3701','Chelsey','Dickinson','08742779171',1,'kpyuu72hrn3pebueeg','quinten.parisian@mohrkeler.biz','v854z357ly6xgdq9n2','53873 Aliya Courts','Lake Randal','N-SV7N 1AO','Nigeria',1,NULL,'--- !ruby/hash:ActiveSupport::HashWithIndifferentAccess {}\n','2012-09-29 16:22:59','2012-09-29 16:22:59',NULL),(23,'pearlie_7633','Mary','McLaughlin','0800529492',1,'45eskzy0b48ovkz8ry','eleanora.nikolaus@daugherty.name','eb84rfhliywez5yynd','860 Faustino Dale','Satterfieldfort','Z-PS0 4UX','Zambia',1,NULL,'--- !ruby/hash:ActiveSupport::HashWithIndifferentAccess {}\n','2012-09-29 16:22:59','2012-09-29 16:22:59',NULL),(24,'amanda_7952','Bobbie','Leannon','05530787207',1,'x3c504jw5n7s4k0re8','destini.price@mcclurebrekke.biz','rcl786s62zzfgpi0u3','707 Jacobson Lock','Roobmouth','M-YT0B 2ZL','Montserrat',1,NULL,'--- !ruby/hash:ActiveSupport::HashWithIndifferentAccess {}\n','2012-09-24 00:00:00','2012-09-24 00:00:00',NULL),(25,'aisha_8517','Mittie','Stokes','05537659012',1,'v6pimx3r58w55lpyh6','candace@schowaltergoodwin.com','8843iv9uoewx807j8n','94715 Grant Corner','South Erna','P-U7 4BB','Palestinian Territory',1,NULL,'--- !ruby/hash:ActiveSupport::HashWithIndifferentAccess {}\n','2012-09-24 00:00:00','2012-09-24 00:00:00',NULL),(26,'talia.jacobi_9256','Jordon','Mertz','0169772244',1,'153p8l6fr3zslc1h0c','talon_ferry@wildermanhaley.co.uk','9nywqwmjrbtyau89vr','606 Rau Vista','South Ethelfurt','F-T8Y 0XL','French Guiana',1,NULL,'--- !ruby/hash:ActiveSupport::HashWithIndifferentAccess {}\n','2012-09-29 16:22:59','2012-09-29 16:22:59',NULL),(27,'leda.connelly_2784','Miracle','O\'Conner','0147073660',1,'vg2yh0e1w1wmzmdf0l','lambert.schmeler@abernathystoltenberg.co.uk','mm8xq8ohsklv8pmn1i','6102 Aniyah Pass','South Damon','I-Y4H 7AJ','Iraq',1,NULL,'--- !ruby/hash:ActiveSupport::HashWithIndifferentAccess {}\n','2012-09-29 16:22:59','2012-09-29 16:22:59',NULL),(28,'mina','Mina','Prohaska','0191717988',1,'kqmee2el6qpkav7lsm','mina@zhdk.ch','840mbkdi5791l7pyqv','396 Assunta Park','Lake Vicenteshire','S-R0 7AA','Saint Helena',1,NULL,'--- !ruby/hash:ActiveSupport::HashWithIndifferentAccess {}\n','2012-09-29 16:22:59','2012-09-29 16:22:59',NULL),(29,'julie','Julie','Nicolas','08679891858',1,'1mb8rl1uw92tprkqj7','julie@zhdk.ch','sl8titp9sqjm9rzk74','9699 Parker Falls','South Bethanyborough','S-Y5E 9LW','Saint Vincent and the Grenadines',1,NULL,'--- !ruby/hash:ActiveSupport::HashWithIndifferentAccess {}\n','2012-09-29 16:22:59','2012-09-29 16:22:59',NULL),(30,NULL,'Tempora et quis animi.',NULL,NULL,NULL,NULL,NULL,NULL,NULL,NULL,NULL,NULL,1,NULL,'--- !ruby/hash:ActiveSupport::HashWithIndifferentAccess {}\n','2012-09-29 16:22:59','2012-09-29 16:22:59',29),(31,NULL,'Autem eos mollitia ea consequuntur adipisci ipsam consequatur rerum.',NULL,NULL,NULL,NULL,NULL,NULL,NULL,NULL,NULL,NULL,1,NULL,'--- !ruby/hash:ActiveSupport::HashWithIndifferentAccess {}\n','2012-09-29 16:22:59','2012-09-29 16:22:59',28),(32,NULL,'Id qui nihil nisi.',NULL,NULL,NULL,NULL,NULL,NULL,NULL,NULL,NULL,NULL,1,NULL,'--- !ruby/hash:ActiveSupport::HashWithIndifferentAccess {}\n','2012-09-29 16:22:59','2012-09-29 16:22:59',28),(33,NULL,'Debitis magni autem nam et non quo soluta.',NULL,NULL,NULL,NULL,NULL,NULL,NULL,NULL,NULL,NULL,1,NULL,'--- !ruby/hash:ActiveSupport::HashWithIndifferentAccess {}\n','2012-09-29 16:22:59','2012-09-29 16:22:59',28),(34,'normin','Normin','N.','02656209527',1,'ctbamyfsjt3mht1wx8','normin@zhdk.ch','9ooj8b7yjantdtcikp','213 Loma Mission','Buckridgemouth','T-ZQ5 2BB','Timor-Leste',2,NULL,'--- !ruby/hash:ActiveSupport::HashWithIndifferentAccess {}\n','2012-09-29 16:22:59','2012-09-29 16:22:59',NULL),(35,'petra','Petra','K.','08322653856',1,'33h1w8uitir3n04hu3','petra@zhdk.ch','et1xm46ywicjqsrwy6','966 Carolina Station, ','Lake Shyanne','M-TF2V 0BB','Morocco',2,NULL,'--- !ruby/hash:ActiveSupport::HashWithIndifferentAccess {}\n','2012-09-29 16:22:59','2012-09-29 16:22:59',NULL),(36,'lisa','Lisa','L.','01172198555',1,'79qegkfixg4gyp3g6r','lisa@zhdk.ch','ngc614q1cedeccuywh','8837 Hahn Orchard','Johathanton','G-YB63 7FJ','Georgia',2,NULL,'--- !ruby/hash:ActiveSupport::HashWithIndifferentAccess {}\n','2012-09-29 16:22:59','2012-09-29 16:22:59',NULL);
/*!40000 ALTER TABLE `users` ENABLE KEYS */;
UNLOCK TABLES;

--
-- Temporary table structure for view `visit_lines`
--

DROP TABLE IF EXISTS `visit_lines`;
/*!50001 DROP VIEW IF EXISTS `visit_lines`*/;
SET @saved_cs_client     = @@character_set_client;
SET character_set_client = utf8;
/*!50001 CREATE TABLE `visit_lines` (
  `visit_id` varchar(86),
  `inventory_pool_id` int(11),
  `user_id` int(11),
  `delegated_user_id` int(11),
  `status` enum('unsubmitted','submitted','rejected','approved','signed','closed'),
  `action` varchar(9),
  `date` date,
  `quantity` int(11),
  `contract_line_id` int(11)
) ENGINE=MyISAM */;
SET character_set_client = @saved_cs_client;

--
-- Temporary table structure for view `visits`
--

DROP TABLE IF EXISTS `visits`;
/*!50001 DROP VIEW IF EXISTS `visits`*/;
SET @saved_cs_client     = @@character_set_client;
SET character_set_client = utf8;
/*!50001 CREATE TABLE `visits` (
  `id` varchar(86),
  `inventory_pool_id` int(11),
  `user_id` int(11),
  `status` enum('unsubmitted','submitted','rejected','approved','signed','closed'),
  `action` varchar(9),
  `date` date,
  `quantity` decimal(32,0)
) ENGINE=MyISAM */;
SET character_set_client = @saved_cs_client;

--
-- Table structure for table `workdays`
--

DROP TABLE IF EXISTS `workdays`;
/*!40101 SET @saved_cs_client     = @@character_set_client */;
/*!40101 SET character_set_client = utf8 */;
CREATE TABLE `workdays` (
  `id` int(11) NOT NULL AUTO_INCREMENT,
  `inventory_pool_id` int(11) DEFAULT NULL,
  `monday` tinyint(1) DEFAULT '1',
  `tuesday` tinyint(1) DEFAULT '1',
  `wednesday` tinyint(1) DEFAULT '1',
  `thursday` tinyint(1) DEFAULT '1',
  `friday` tinyint(1) DEFAULT '1',
  `saturday` tinyint(1) DEFAULT '0',
  `sunday` tinyint(1) DEFAULT '0',
  PRIMARY KEY (`id`),
  KEY `index_workdays_on_inventory_pool_id` (`inventory_pool_id`),
  CONSTRAINT `workdays_inventory_pool_id_fk` FOREIGN KEY (`inventory_pool_id`) REFERENCES `inventory_pools` (`id`) ON DELETE CASCADE
) ENGINE=InnoDB AUTO_INCREMENT=14 DEFAULT CHARSET=utf8 COLLATE=utf8_unicode_ci;
/*!40101 SET character_set_client = @saved_cs_client */;

--
-- Dumping data for table `workdays`
--

LOCK TABLES `workdays` WRITE;
/*!40000 ALTER TABLE `workdays` DISABLE KEYS */;
INSERT INTO `workdays` VALUES (1,1,1,1,1,1,1,0,0),(2,2,1,1,1,1,1,0,0),(3,3,1,1,1,1,1,0,0),(4,4,1,1,1,1,1,0,0),(5,5,1,1,1,1,1,0,0),(6,6,1,1,1,1,1,0,0),(7,7,1,1,1,1,1,0,0),(8,8,1,1,1,1,1,0,0),(9,9,1,1,1,1,1,0,0),(10,10,1,1,1,1,1,0,0),(11,11,1,1,1,1,1,0,0),(12,12,1,1,1,1,1,0,0),(13,13,1,1,1,1,1,0,0);
/*!40000 ALTER TABLE `workdays` ENABLE KEYS */;
UNLOCK TABLES;

--
-- Final view structure for view `partitions_with_generals`
--

/*!50001 DROP TABLE IF EXISTS `partitions_with_generals`*/;
/*!50001 DROP VIEW IF EXISTS `partitions_with_generals`*/;
/*!50001 SET @saved_cs_client          = @@character_set_client */;
/*!50001 SET @saved_cs_results         = @@character_set_results */;
/*!50001 SET @saved_col_connection     = @@collation_connection */;
/*!50001 SET character_set_client      = utf8 */;
/*!50001 SET character_set_results     = utf8 */;
/*!50001 SET collation_connection      = utf8_general_ci */;
/*!50001 CREATE ALGORITHM=UNDEFINED */
/*!50001 VIEW `partitions_with_generals` AS select `partitions`.`model_id` AS `model_id`,`partitions`.`inventory_pool_id` AS `inventory_pool_id`,`partitions`.`group_id` AS `group_id`,`partitions`.`quantity` AS `quantity` from `partitions` union select `i`.`model_id` AS `model_id`,`i`.`inventory_pool_id` AS `inventory_pool_id`,NULL AS `group_id`,(count(`i`.`id`) - ifnull((select sum(`p`.`quantity`) from `partitions` `p` where ((`p`.`model_id` = `i`.`model_id`) and (`p`.`inventory_pool_id` = `i`.`inventory_pool_id`)) group by `p`.`inventory_pool_id`,`p`.`model_id`),0)) AS `quantity` from `items` `i` where (isnull(`i`.`retired`) and (`i`.`is_borrowable` = 1) and isnull(`i`.`parent_id`)) group by `i`.`inventory_pool_id`,`i`.`model_id` */;
/*!50001 SET character_set_client      = @saved_cs_client */;
/*!50001 SET character_set_results     = @saved_cs_results */;
/*!50001 SET collation_connection      = @saved_col_connection */;

--
-- Final view structure for view `visit_lines`
--

/*!50001 DROP TABLE IF EXISTS `visit_lines`*/;
/*!50001 DROP VIEW IF EXISTS `visit_lines`*/;
/*!50001 SET @saved_cs_client          = @@character_set_client */;
/*!50001 SET @saved_cs_results         = @@character_set_results */;
/*!50001 SET @saved_col_connection     = @@collation_connection */;
/*!50001 SET character_set_client      = utf8 */;
/*!50001 SET character_set_results     = utf8 */;
/*!50001 SET collation_connection      = utf8_general_ci */;
/*!50001 CREATE ALGORITHM=UNDEFINED */
/*!50001 VIEW `visit_lines` AS select hex(concat(if((`c`.`status` = 'approved'),`cl`.`start_date`,`cl`.`end_date`),`c`.`inventory_pool_id`,`c`.`user_id`,`c`.`status`)) AS `visit_id`,`c`.`inventory_pool_id` AS `inventory_pool_id`,`c`.`user_id` AS `user_id`,`c`.`delegated_user_id` AS `delegated_user_id`,`c`.`status` AS `status`,if((`c`.`status` = 'approved'),'hand_over','take_back') AS `action`,if((`c`.`status` = 'approved'),`cl`.`start_date`,`cl`.`end_date`) AS `date`,`cl`.`quantity` AS `quantity`,`cl`.`id` AS `contract_line_id` from (`contract_lines` `cl` join `contracts` `c` on((`cl`.`contract_id` = `c`.`id`))) where ((`c`.`status` in ('approved','signed')) and isnull(`cl`.`returned_date`)) order by if((`c`.`status` = 'approved'),`cl`.`start_date`,`cl`.`end_date`) */;
/*!50001 SET character_set_client      = @saved_cs_client */;
/*!50001 SET character_set_results     = @saved_cs_results */;
/*!50001 SET collation_connection      = @saved_col_connection */;

--
-- Final view structure for view `visits`
--

/*!50001 DROP TABLE IF EXISTS `visits`*/;
/*!50001 DROP VIEW IF EXISTS `visits`*/;
/*!50001 SET @saved_cs_client          = @@character_set_client */;
/*!50001 SET @saved_cs_results         = @@character_set_results */;
/*!50001 SET @saved_col_connection     = @@collation_connection */;
/*!50001 SET character_set_client      = utf8 */;
/*!50001 SET character_set_results     = utf8 */;
/*!50001 SET collation_connection      = utf8_general_ci */;
/*!50001 CREATE ALGORITHM=UNDEFINED */
/*!50001 VIEW `visits` AS select hex(concat(`visit_lines`.`date`,`visit_lines`.`inventory_pool_id`,`visit_lines`.`user_id`,`visit_lines`.`status`)) AS `id`,`visit_lines`.`inventory_pool_id` AS `inventory_pool_id`,`visit_lines`.`user_id` AS `user_id`,`visit_lines`.`status` AS `status`,`visit_lines`.`action` AS `action`,`visit_lines`.`date` AS `date`,sum(`visit_lines`.`quantity`) AS `quantity` from `visit_lines` group by `visit_lines`.`user_id`,`visit_lines`.`status`,`visit_lines`.`date`,`visit_lines`.`inventory_pool_id` */;
/*!50001 SET character_set_client      = @saved_cs_client */;
/*!50001 SET character_set_results     = @saved_cs_results */;
/*!50001 SET collation_connection      = @saved_col_connection */;
/*!40103 SET TIME_ZONE=@OLD_TIME_ZONE */;

/*!40101 SET SQL_MODE=@OLD_SQL_MODE */;
/*!40014 SET FOREIGN_KEY_CHECKS=@OLD_FOREIGN_KEY_CHECKS */;
/*!40014 SET UNIQUE_CHECKS=@OLD_UNIQUE_CHECKS */;
/*!40101 SET CHARACTER_SET_CLIENT=@OLD_CHARACTER_SET_CLIENT */;
/*!40101 SET CHARACTER_SET_RESULTS=@OLD_CHARACTER_SET_RESULTS */;
/*!40101 SET COLLATION_CONNECTION=@OLD_COLLATION_CONNECTION */;
/*!40111 SET SQL_NOTES=@OLD_SQL_NOTES */;

-- Dump completed on 2014-09-05 12:35:16
COMMIT;
