SET autocommit=0; SET unique_checks=0; SET foreign_key_checks=0;
-- MySQL dump 10.13  Distrib 5.1.48, for apple-darwin10.3.0 (i386)
--
-- Host: localhost    Database: leihs2_test
-- ------------------------------------------------------
-- Server version	5.1.48

/*!40101 SET @OLD_CHARACTER_SET_CLIENT=@@CHARACTER_SET_CLIENT */;
/*!40101 SET @OLD_CHARACTER_SET_RESULTS=@@CHARACTER_SET_RESULTS */;
/*!40101 SET @OLD_COLLATION_CONNECTION=@@COLLATION_CONNECTION */;
/*!40101 SET NAMES utf8 */;
/*!40103 SET @OLD_TIME_ZONE=@@TIME_ZONE */;
/*!40103 SET TIME_ZONE='+00:00' */;
/*!40014 SET @OLD_UNIQUE_CHECKS=@@UNIQUE_CHECKS, UNIQUE_CHECKS=0 */;
/*!40014 SET @OLD_FOREIGN_KEY_CHECKS=@@FOREIGN_KEY_CHECKS, FOREIGN_KEY_CHECKS=0 */;
/*!40101 SET @OLD_SQL_MODE=@@SQL_MODE, SQL_MODE='NO_AUTO_VALUE_ON_ZERO' */;
/*!40111 SET @OLD_SQL_NOTES=@@SQL_NOTES, SQL_NOTES=0 */;

--
-- Table structure for table `access_rights`
--

DROP TABLE IF EXISTS `access_rights`;
/*!40101 SET @saved_cs_client     = @@character_set_client */;
/*!40101 SET character_set_client = utf8 */;
CREATE TABLE `access_rights` (
  `id` int(11) NOT NULL AUTO_INCREMENT,
  `user_id` int(11) DEFAULT NULL,
  `inventory_pool_id` int(11) DEFAULT NULL,
  `suspended_until` date DEFAULT NULL,
  `suspended_reason` text COLLATE utf8_unicode_ci,
  `deleted_at` date DEFAULT NULL,
  `created_at` datetime DEFAULT NULL,
  `updated_at` datetime DEFAULT NULL,
  `role` enum('customer','group_manager','lending_manager','inventory_manager','admin') COLLATE utf8_unicode_ci NOT NULL,
  PRIMARY KEY (`id`),
  KEY `index_access_rights_on_suspended_until` (`suspended_until`),
  KEY `index_access_rights_on_deleted_at` (`deleted_at`),
  KEY `index_access_rights_on_inventory_pool_id` (`inventory_pool_id`),
  KEY `index_access_rights_on_role` (`role`),
  KEY `index_on_user_id_and_inventory_pool_id_and_deleted_at` (`user_id`,`inventory_pool_id`,`deleted_at`),
  CONSTRAINT `access_rights_user_id_fk` FOREIGN KEY (`user_id`) REFERENCES `users` (`id`),
  CONSTRAINT `access_rights_inventory_pool_id_fk` FOREIGN KEY (`inventory_pool_id`) REFERENCES `inventory_pools` (`id`) ON DELETE CASCADE
) ENGINE=InnoDB AUTO_INCREMENT=42 DEFAULT CHARSET=utf8 COLLATE=utf8_unicode_ci;
/*!40101 SET character_set_client = @saved_cs_client */;

--
-- Dumping data for table `access_rights`
--

LOCK TABLES `access_rights` WRITE;
/*!40000 ALTER TABLE `access_rights` DISABLE KEYS */;
INSERT INTO `access_rights` VALUES (1,1,NULL,NULL,NULL,NULL,'2016-07-21 03:57:43','2016-07-21 03:57:43','admin'),(2,3,3,NULL,NULL,NULL,'2016-07-21 03:57:43','2016-07-21 03:57:43','customer'),(3,4,1,NULL,NULL,NULL,'2016-07-21 03:57:43','2016-07-21 03:57:43','lending_manager'),(4,5,5,NULL,NULL,NULL,'2016-07-21 03:57:43','2016-07-21 03:57:43','customer'),(5,6,10,NULL,NULL,NULL,'2016-07-21 03:57:43','2016-07-21 03:57:43','customer'),(6,7,1,NULL,NULL,'2016-07-21','2016-07-21 03:57:43','2016-07-21 03:57:43','customer'),(7,1,1,NULL,NULL,NULL,'2016-07-21 03:57:43','2016-07-21 03:57:43','customer'),(8,8,2,NULL,NULL,NULL,'2016-07-21 03:57:43','2016-07-21 03:57:43','inventory_manager'),(9,9,1,NULL,NULL,NULL,'2016-07-21 03:57:43','2016-07-21 03:57:43','inventory_manager'),(10,9,11,NULL,NULL,NULL,'2016-07-21 03:57:43','2016-07-21 03:57:43','inventory_manager'),(11,10,1,NULL,NULL,NULL,'2016-07-21 03:57:43','2016-07-21 03:57:43','group_manager'),(12,10,2,NULL,NULL,NULL,'2016-07-21 03:57:43','2016-07-21 03:57:43','group_manager'),(13,10,3,NULL,NULL,NULL,'2016-07-21 03:57:43','2016-07-21 03:57:43','group_manager'),(14,11,1,NULL,NULL,NULL,'2016-07-21 03:57:43','2016-07-21 03:57:43','group_manager'),(15,12,1,NULL,NULL,NULL,'2016-07-21 03:57:43','2016-07-21 03:57:43','customer'),(16,13,1,'2016-07-21','suspreason',NULL,'2016-07-21 03:57:43','2016-07-21 03:57:43','customer'),(17,14,1,NULL,NULL,NULL,'2016-07-21 03:57:43','2016-07-21 03:57:43','customer'),(18,15,1,NULL,NULL,NULL,'2016-07-21 03:57:43','2016-07-21 03:57:43','customer'),(19,16,1,NULL,NULL,NULL,'2016-07-21 03:57:43','2016-07-21 03:57:43','customer'),(20,17,NULL,NULL,NULL,NULL,'2016-07-21 03:57:43','2016-07-21 03:57:43','admin'),(21,18,1,NULL,NULL,NULL,'2016-07-21 03:57:43','2016-07-21 03:57:43','lending_manager'),(22,18,2,NULL,NULL,NULL,'2016-07-21 03:57:43','2016-07-21 03:57:43','lending_manager'),(23,19,1,NULL,NULL,NULL,'2016-07-21 03:57:43','2016-07-21 03:57:43','customer'),(24,20,1,NULL,NULL,NULL,'2016-07-21 03:57:43','2016-07-21 03:57:43','customer'),(25,21,1,NULL,NULL,NULL,'2016-07-21 03:57:43','2016-07-21 03:57:43','customer'),(26,22,1,NULL,NULL,NULL,'2016-07-21 03:57:43','2016-07-21 03:57:43','customer'),(27,23,1,NULL,NULL,NULL,'2016-07-21 03:57:43','2016-07-21 03:57:43','customer'),(28,24,2,'2016-07-17','Quibusdam impedit autem ullam qui sunt.',NULL,'2016-07-16 00:00:00','2016-07-16 00:00:00','customer'),(29,28,1,NULL,NULL,NULL,'2016-07-21 03:57:43','2016-07-21 03:57:43','customer'),(30,29,1,NULL,NULL,NULL,'2016-07-21 03:57:43','2016-07-21 03:57:43','customer'),(31,30,1,NULL,NULL,NULL,'2016-07-21 03:57:43','2016-07-21 03:57:43','customer'),(32,31,1,NULL,NULL,NULL,'2016-07-21 03:57:43','2016-07-21 03:57:43','customer'),(33,33,1,NULL,NULL,NULL,'2016-07-21 03:57:43','2016-07-21 03:57:43','customer'),(34,33,12,NULL,NULL,NULL,'2016-07-21 03:57:43','2016-07-21 03:57:43','customer'),(35,33,13,NULL,NULL,NULL,'2016-07-21 03:57:43','2016-07-21 03:57:43','customer'),(36,34,1,NULL,NULL,NULL,'2016-07-21 03:57:43','2016-07-21 03:57:43','customer'),(37,34,2,NULL,NULL,NULL,'2016-07-21 03:57:43','2016-07-21 03:57:43','customer'),(38,34,3,NULL,NULL,NULL,'2016-07-21 03:57:43','2016-07-21 03:57:43','customer'),(39,34,13,NULL,NULL,'2016-07-20','2016-07-21 03:57:43','2016-07-21 03:57:43','customer'),(40,35,1,NULL,NULL,NULL,'2016-07-21 03:57:43','2016-07-21 03:57:43','customer'),(41,36,1,NULL,NULL,NULL,'2016-07-21 03:57:43','2016-07-21 03:57:43','customer');
/*!40000 ALTER TABLE `access_rights` ENABLE KEYS */;
UNLOCK TABLES;

--
-- Table structure for table `accessories`
--

DROP TABLE IF EXISTS `accessories`;
/*!40101 SET @saved_cs_client     = @@character_set_client */;
/*!40101 SET character_set_client = utf8 */;
CREATE TABLE `accessories` (
  `id` int(11) NOT NULL AUTO_INCREMENT,
  `model_id` int(11) DEFAULT NULL,
  `name` varchar(255) COLLATE utf8_unicode_ci DEFAULT NULL,
  `quantity` int(11) DEFAULT NULL,
  PRIMARY KEY (`id`),
  KEY `index_accessories_on_model_id` (`model_id`),
  CONSTRAINT `accessories_model_id_fk` FOREIGN KEY (`model_id`) REFERENCES `models` (`id`) ON DELETE CASCADE
) ENGINE=InnoDB AUTO_INCREMENT=498 DEFAULT CHARSET=utf8 COLLATE=utf8_unicode_ci;
/*!40101 SET character_set_client = @saved_cs_client */;

--
-- Dumping data for table `accessories`
--

LOCK TABLES `accessories` WRITE;
/*!40000 ALTER TABLE `accessories` DISABLE KEYS */;
INSERT INTO `accessories` VALUES (1,1,'Sienna Ruecker Jr.',NULL),(2,2,'Breanne Bradtke',NULL),(3,2,'Shad Schmitt I',NULL),(4,2,'Dr. Bianka Kuhic',NULL),(5,2,'Mrs. Ricky Bergstrom',NULL),(6,2,'Assunta Sauer',NULL),(7,3,'Mrs. Abdullah White',NULL),(8,4,'Dr. Jasen Dickinson',NULL),(9,4,'Ms. Lonzo Kautzer',NULL),(10,4,'Mr. Tatum Rogahn',NULL),(11,4,'Marcel Kuphal',NULL),(12,4,'Crystal Crooks',NULL),(13,5,'Emile Hills',NULL),(14,5,'Lesley Welch',NULL),(15,5,'Nasir Schroeder',NULL),(16,5,'Paolo Rempel III',NULL),(17,5,'Cameron Abshire',NULL),(18,6,'Joelle Wehner',NULL),(19,6,'Fannie Gerlach',NULL),(20,6,'Daphney Collins',NULL),(21,6,'Tony Hintz',NULL),(22,6,'Kade Grimes',NULL),(23,7,'Justen Hoppe',NULL),(24,7,'Clemmie Christiansen',NULL),(25,7,'Odie Thompson',NULL),(26,7,'Mrs. Candice Beer',NULL),(27,8,'Bernardo Wilderman',NULL),(28,9,'Katelin Klocko DVM',NULL),(29,9,'Dr. Darrel Bergstrom',NULL),(30,10,'Roxane Abshire',NULL),(31,10,'Ines Corwin III',NULL),(32,10,'Miss Maryjane Douglas',NULL),(33,11,'Reuben Eichmann',NULL),(34,11,'Chanelle Miller',NULL),(35,12,'Fatima Dietrich',NULL),(36,12,'Candida Jenkins',NULL),(37,12,'Miss Abe Kuhlman',NULL),(38,13,'Julien Donnelly',NULL),(39,13,'Mr. Tyrel Hansen',NULL),(40,14,'Shyanne Bergnaum',NULL),(41,14,'Mary Towne',NULL),(42,14,'Lizzie Will',NULL),(43,14,'Mrs. Evangeline Gottlieb',NULL),(44,15,'Mrs. Jayde Kuphal',NULL),(45,15,'Terry Hirthe',NULL),(46,15,'Natalie Abernathy',NULL),(47,15,'Hyman Waters',NULL),(48,16,'Kaya Auer',NULL),(49,16,'Demetrius Corkery',NULL),(50,16,'Heber Howell',NULL),(51,16,'Mr. Dante Buckridge',NULL),(52,17,'Rachel Bernier',NULL),(53,17,'Leatha Christiansen',NULL),(54,18,'Mrs. Abel Brakus',NULL),(55,19,'Cleta Kub DDS',NULL),(56,19,'Valentina Simonis',NULL),(57,20,'Barbara Hegmann PhD',NULL),(58,20,'Arch Emmerich MD',NULL),(59,21,'Friedrich Spencer V',NULL),(60,21,'Tabitha O\'Hara',NULL),(61,21,'Hope Mante',NULL),(62,21,'Christelle Hilll',NULL),(63,22,'Jody Roberts',NULL),(64,22,'Cassie Romaguera',NULL),(65,22,'Annabel Kuhn',NULL),(66,22,'Yvette Goodwin',NULL),(67,23,'Ms. Maurine Hickle',NULL),(68,23,'Athena Jacobs',NULL),(69,23,'Jayde Bahringer',NULL),(70,23,'Sandrine Gutkowski IV',NULL),(71,23,'Alvah Lueilwitz',NULL),(72,24,'Bruce Champlin',NULL),(73,24,'Marina Crona',NULL),(74,24,'Americo Fahey',NULL),(75,24,'Bernhard Blick I',NULL),(76,24,'Dr. Amaya Carroll',NULL),(77,25,'Arnulfo Larson',NULL),(78,25,'Rubye Russel',NULL),(79,26,'Haley Schumm',NULL),(80,27,'Connie Block',NULL),(81,27,'Amina Blick',NULL),(82,27,'Rachael Fritsch',NULL),(83,27,'Roberta Berge',NULL),(84,28,'Eulalia Stanton',NULL),(85,28,'Graham Gislason',NULL),(86,28,'Flo VonRueden',NULL),(87,29,'Ms. Yvette Heaney',NULL),(88,29,'Mr. Anika Hartmann',NULL),(89,29,'Karson Heathcote Jr.',NULL),(90,30,'Dasia Crist',NULL),(91,30,'Ms. Carmel Buckridge',NULL),(92,31,'Ms. Elwyn Stark',NULL),(93,31,'Vergie Schmeler',NULL),(94,32,'Janessa Denesik',NULL),(95,32,'Lorena Stamm',NULL),(96,33,'Jessie Mitchell',NULL),(97,33,'Mathilde Bergstrom',NULL),(98,33,'Esmeralda Pouros',NULL),(99,33,'Gracie Marvin',NULL),(100,33,'Piper Lubowitz II',NULL),(101,34,'Julie Dickens DDS',NULL),(102,34,'Dr. Cory Kunde',NULL),(103,35,'Rodolfo Ortiz',NULL),(104,35,'Mrs. Hilario Wyman',NULL),(105,35,'Dwight Volkman',NULL),(106,35,'Shayna Hartmann',NULL),(107,36,'Beverly Gusikowski',NULL),(108,36,'Toney Jakubowski MD',NULL),(109,36,'Oren Conn',NULL),(110,36,'Monroe Wintheiser',NULL),(111,36,'Mohamed Legros IV',NULL),(112,37,'Jordane Reinger',NULL),(113,37,'Aliya Stiedemann',NULL),(114,37,'April Keebler',NULL),(115,37,'Miss Noble Dickinson',NULL),(116,38,'Olga Powlowski',NULL),(117,38,'Aimee Davis',NULL),(118,38,'Bridie Kiehn',NULL),(119,38,'Daphne Turner DVM',NULL),(120,38,'Enoch Prosacco IV',NULL),(121,39,'Geoffrey Quigley',NULL),(122,39,'Orland Morar',NULL),(123,40,'Dr. Cordie Kuphal',NULL),(124,40,'Ida Hintz',NULL),(125,40,'Reynold Bahringer',NULL),(126,41,'Reuben Koch',NULL),(127,41,'Saige Monahan',NULL),(128,42,'Mr. Coy Volkman',NULL),(129,42,'Shania Boyer',NULL),(130,42,'Miss Sincere O\'Connell',NULL),(131,43,'Miss Giles McClure',NULL),(132,43,'Corbin Purdy',NULL),(133,43,'Lelia Strosin',NULL),(134,43,'Gabriel Cartwright',NULL),(135,43,'Marge Huel DDS',NULL),(136,44,'Norval Quitzon',NULL),(137,44,'Kiley Schmitt',NULL),(138,45,'Ulices Sporer',NULL),(139,45,'Edmund Aufderhar',NULL),(140,46,'Florine VonRueden',NULL),(141,46,'Oleta Smitham',NULL),(142,46,'Erik Dooley',NULL),(143,46,'Hester Rutherford',NULL),(144,47,'Lambert Braun',NULL),(145,48,'Preston Cartwright',NULL),(146,49,'Alphonso Wintheiser',NULL),(147,49,'Nyasia Klein',NULL),(148,49,'Marlen Rolfson',NULL),(149,49,'Norval Wolff',NULL),(150,50,'Bettie Schmidt Sr.',NULL),(151,50,'Hank Johns MD',NULL),(152,50,'Allie Ondricka',NULL),(153,51,'Devonte Ullrich',NULL),(154,51,'Kurt Beatty',NULL),(155,52,'Jay Harvey',NULL),(156,52,'Talon Erdman',NULL),(157,52,'Ida Rowe',NULL),(158,52,'Marcella Steuber',NULL),(159,53,'Billie Senger',NULL),(160,53,'Miss Johan Bogan',NULL),(161,53,'Mariam Gorczany',NULL),(162,53,'Deshawn Purdy',NULL),(163,53,'Deshawn Willms',NULL),(164,54,'Dr. Ahmed Crona',NULL),(165,54,'Zola Nicolas',NULL),(166,54,'Furman Hagenes',NULL),(167,55,'Manley Runolfsdottir',NULL),(168,55,'Leonora Spinka',NULL),(169,55,'Maegan Lemke MD',NULL),(170,55,'Deron Jerde',NULL),(171,56,'Rowland Ernser',NULL),(172,56,'Rex Bosco',NULL),(173,56,'Allan Wiza',NULL),(174,56,'Golden King',NULL),(175,56,'Ms. Filomena Gutmann',NULL),(176,57,'Shyanne Boyer',NULL),(177,57,'Mr. Raymundo Spencer',NULL),(178,57,'Kenna Hahn',NULL),(179,57,'Craig Rohan',NULL),(180,58,'Miss Celia Kovacek',NULL),(181,58,'Elda Welch',NULL),(182,58,'Josefa Gerlach',NULL),(183,58,'Estel Kovacek',NULL),(184,59,'Mr. Wanda Moore',NULL),(185,60,'Amparo Skiles',NULL),(186,60,'Mellie Kihn',NULL),(187,60,'Bryon Weissnat IV',NULL),(188,60,'Ms. Elijah Shanahan',NULL),(189,61,'Jordi Kirlin',NULL),(190,61,'Loyce Williamson',NULL),(191,61,'Alysson Zboncak',NULL),(192,61,'Quentin O\'Connell',NULL),(193,62,'Evelyn Champlin',NULL),(194,62,'Mrs. Krystel Conroy',NULL),(195,62,'Holden Hilpert',NULL),(196,63,'Ms. Henri Carter',NULL),(197,63,'Ms. Lonnie Hills',NULL),(198,63,'Darby Frami',NULL),(199,63,'Clay Veum',NULL),(200,64,'Icie Wolff PhD',NULL),(201,64,'Jacinto Spencer',NULL),(202,64,'Garrison Schowalter MD',NULL),(203,64,'Shaylee Olson',NULL),(204,64,'Ms. Blanche Braun',NULL),(205,65,'Winston Leuschke',NULL),(206,65,'Jacinto Mann III',NULL),(207,66,'Margret Williamson',NULL),(208,66,'Rosario Kreiger',NULL),(209,66,'Grant Conn IV',NULL),(210,66,'Korbin Denesik',NULL),(211,66,'Milo Robel',NULL),(212,67,'Ms. Frankie Breitenberg',NULL),(213,67,'Meaghan Hamill',NULL),(214,67,'Kaitlin Thiel',NULL),(215,67,'Nona Yundt',NULL),(216,67,'Telly Mitchell',NULL),(217,68,'Gerry Stiedemann',NULL),(218,68,'Muhammad Littel',NULL),(219,68,'Abigale Kshlerin DVM',NULL),(220,68,'Grady Wisoky',NULL),(221,69,'Rodrick Kreiger',NULL),(222,69,'Isaias Murazik',NULL),(223,69,'Mr. Mario Carter',NULL),(224,69,'Dejuan Mann',NULL),(225,69,'Russel Hodkiewicz DDS',NULL),(226,70,'Asia Kreiger',NULL),(227,70,'Mr. Germaine Boyer',NULL),(228,70,'Emelia Ward',NULL),(229,71,'Camila Turner',NULL),(230,72,'Niko Gottlieb',NULL),(231,73,'Merle O\'Hara',NULL),(232,74,'Victoria Lynch',NULL),(233,74,'Emmet Sauer',NULL),(234,74,'Frederic Collier',NULL),(235,75,'Alexandre Terry',NULL),(236,75,'Hadley Rodriguez',NULL),(237,75,'Antoinette Conroy',NULL),(238,75,'Bennett Kulas',NULL),(239,75,'Elsie Stiedemann',NULL),(240,76,'Domingo Kulas',NULL),(241,76,'Jackson Waelchi',NULL),(242,76,'Tabitha Labadie',NULL),(243,77,'Cristina Tromp',NULL),(244,77,'Alvis Leannon MD',NULL),(245,77,'Sunny Rosenbaum DDS',NULL),(246,77,'Dr. Shanel Schowalter',NULL),(247,77,'Elizabeth Eichmann',NULL),(248,78,'Miss Janis Herzog',NULL),(249,78,'Orlo Stroman',NULL),(250,78,'Alejandrin Dietrich',NULL),(251,79,'Dayne Sanford',NULL),(252,79,'Faye Gleason IV',NULL),(253,79,'Filiberto Stokes',NULL),(254,80,'Kellen Swaniawski',NULL),(255,80,'Ms. Grayson Oberbrunner',NULL),(256,80,'Trenton Huel',NULL),(257,80,'Nels Klein IV',NULL),(258,81,'Sadie Lindgren',NULL),(259,81,'Orin Kreiger MD',NULL),(260,81,'Owen Corwin',NULL),(261,81,'Colby Turcotte',NULL),(262,82,'Shayna Stokes',NULL),(263,83,'Melyna Walker',NULL),(264,83,'Lesley Tremblay III',NULL),(265,84,'Eudora Skiles PhD',NULL),(266,84,'Jamarcus O\'Connell',NULL),(267,84,'Ms. Aylin Schaden',NULL),(268,85,'Fritz VonRueden',NULL),(269,85,'Janessa Ledner',NULL),(270,85,'Lois Doyle',NULL),(271,86,'Dimitri Stamm',NULL),(272,86,'Joy Murray',NULL),(273,86,'Bobby McGlynn',NULL),(274,86,'Monte Ziemann',NULL),(275,87,'Kyleigh Sipes',NULL),(276,87,'Reuben Hansen',NULL),(277,87,'Moises Anderson',NULL),(278,87,'Marlen Waters Sr.',NULL),(279,88,'Miss Stan Batz',NULL),(280,88,'Lamont Collins',NULL),(281,88,'Ms. Adrien Hills',NULL),(282,88,'Miss Barbara Bosco',NULL),(283,89,'Kaela McDermott',NULL),(284,89,'Jon Reinger',NULL),(285,90,'Marilou VonRueden',NULL),(286,91,'Zoila Schimmel',NULL),(287,92,'Zack Sawayn',NULL),(288,93,'Mr. Johan Mueller',NULL),(289,93,'Mrs. Lucio Hessel',NULL),(290,93,'Lawson O\'Kon',NULL),(291,93,'Ms. Khalid Jenkins',NULL),(292,93,'Ms. Gordon Adams',NULL),(293,94,'Jo Cremin',NULL),(294,94,'Ms. Garret Beier',NULL),(295,94,'Milton Schultz DVM',NULL),(296,94,'Ocie Von IV',NULL),(297,94,'Abagail Wisozk',NULL),(298,95,'Marietta Leannon',NULL),(299,96,'Martina Brakus',NULL),(300,96,'Phyllis Rogahn III',NULL),(301,96,'Michael Robel',NULL),(302,97,'Helen Luettgen IV',NULL),(303,97,'Jedidiah Morissette IV',NULL),(304,98,'Zakary Muller',NULL),(305,98,'Cristopher Prosacco',NULL),(306,98,'Miss Jevon Boehm',NULL),(307,99,'Mr. Hans Haley',NULL),(308,100,'Mr. Herminia Hickle',NULL),(309,101,'Devante Bartoletti',NULL),(310,101,'Arlene Brakus DDS',NULL),(311,102,'Darwin Becker',NULL),(312,102,'Nigel Russel DDS',NULL),(313,102,'Darrion Haag',NULL),(314,102,'Miss Bradford Bernhard',NULL),(315,103,'Brandi Kautzer',NULL),(316,103,'Evie Purdy',NULL),(317,103,'Tyrell Bogisich',NULL),(318,104,'Miss Chase Wiegand',NULL),(319,104,'Krystina Mann',NULL),(320,104,'Claudie West',NULL),(321,104,'Kitty Collins',NULL),(322,104,'Maud Schuster',NULL),(323,105,'Salvador Mohr',NULL),(324,105,'Shanon Cole V',NULL),(325,105,'Mrs. Wyman Hilll',NULL),(326,105,'Mr. Heber Hane',NULL),(327,105,'Holden Turner',NULL),(328,106,'Cedrick Casper',NULL),(329,106,'Dr. Ellis VonRueden',NULL),(330,106,'Adonis Littel',NULL),(331,107,'Jacklyn Koelpin V',NULL),(332,108,'Quinn Berge',NULL),(333,108,'Iliana Shanahan',NULL),(334,108,'Mr. Taurean Daugherty',NULL),(335,109,'Krystel Howell',NULL),(336,109,'Keith Mills Sr.',NULL),(337,109,'Miss Mariam King',NULL),(338,109,'Chelsey Stracke',NULL),(339,109,'Freida Hahn',NULL),(340,110,'Mr. Yolanda Macejkovic',NULL),(341,110,'Aaron Strosin',NULL),(342,110,'Mr. Dayne Pfannerstill',NULL),(343,110,'Norma Powlowski',NULL),(344,110,'Cleveland Beer',NULL),(345,111,'Miss Lelah Donnelly',NULL),(346,111,'Ms. Nadia Dickens',NULL),(347,112,'Maddison Wolf',NULL),(348,113,'Elyssa Hermann',NULL),(349,113,'Yasmin Davis',NULL),(350,113,'Miss Laury Lemke',NULL),(351,113,'Baby Ondricka',NULL),(352,114,'Mrs. Madaline Anderson',NULL),(353,114,'Era Quitzon',NULL),(354,114,'Stanford Lueilwitz',NULL),(355,115,'Ms. Kattie Terry',NULL),(356,115,'Mrs. Rylee Leannon',NULL),(357,115,'Lilly McGlynn',NULL),(358,116,'Florida Tillman',NULL),(359,116,'Rusty Stark',NULL),(360,116,'Osbaldo Cole',NULL),(361,116,'Megane Bruen',NULL),(362,117,'Mrs. Brandy Barton',NULL),(363,117,'Dr. Olen Graham',NULL),(364,117,'Wayne Balistreri',NULL),(365,117,'Estelle Stracke',NULL),(366,117,'Candice Kunde DDS',NULL),(367,118,'Jerald Parisian',NULL),(368,118,'Phoebe Moore I',NULL),(369,118,'Nina Lindgren',NULL),(370,118,'Isai Kozey',NULL),(371,118,'Salvador Christiansen',NULL),(372,119,'Madie Graham',NULL),(373,119,'Presley Vandervort',NULL),(374,119,'Jedidiah Crooks Jr.',NULL),(375,120,'Mr. Gust Daniel',NULL),(376,120,'Miss Nikolas Lubowitz',NULL),(377,121,'Linwood O\'Conner',NULL),(378,121,'Dustin Pagac',NULL),(379,121,'Mrs. Marlin Wisoky',NULL),(380,122,'Felipa Cartwright',NULL),(381,122,'Rogers Feest',NULL),(382,122,'Juana Zulauf',NULL),(383,122,'Humberto McLaughlin II',NULL),(384,122,'Thalia Abshire',NULL),(385,123,'Quinten Keeling',NULL),(386,124,'Dwight Olson Jr.',NULL),(387,124,'Mckayla Macejkovic',NULL),(388,124,'Erich Jones',NULL),(389,124,'Irwin Sporer',NULL),(390,125,'Adrianna Pfeffer',NULL),(391,125,'Darrell Jones',NULL),(392,125,'Juwan Kuphal',NULL),(393,126,'Anderson Klocko',NULL),(394,126,'Makenna Langosh',NULL),(395,127,'Orlando West MD',NULL),(396,127,'Ms. Noelia Trantow',NULL),(397,128,'Keyshawn Kshlerin',NULL),(398,128,'Jamal Ortiz',NULL),(399,128,'Mr. Yoshiko Moore',NULL),(400,128,'Dr. Elvera Wyman',NULL),(401,128,'Ellie Bartoletti DDS',NULL),(402,129,'Albert Mayert',NULL),(403,129,'Jarvis Little',NULL),(404,129,'Milford Wehner',NULL),(405,129,'Chloe Yost',NULL),(406,129,'Myrtice Ward',NULL),(407,130,'Jayme Schiller',NULL),(408,131,'Maxie Becker Jr.',NULL),(409,131,'Krista Morissette',NULL),(410,131,'Guadalupe Vandervort',NULL),(411,132,'Dr. Jada Gaylord',NULL),(412,132,'Gabe Koelpin V',NULL),(413,133,'Desiree Dietrich',NULL),(414,133,'Joanny Veum',NULL),(415,133,'Carter Hickle',NULL),(416,134,'Ms. Verda Braun',NULL),(417,134,'Nolan Walter DVM',NULL),(418,135,'Krystel Walker V',NULL),(419,135,'Dena Gusikowski II',NULL),(420,135,'Jess Stehr III',NULL),(421,135,'Broderick Farrell',NULL),(422,136,'Jeanette Abbott',NULL),(423,136,'Sigmund Block',NULL),(424,136,'Betty Rodriguez',NULL),(425,136,'Clint Yundt',NULL),(426,136,'Chelsey Weissnat',NULL),(427,137,'Haley Friesen',NULL),(428,137,'Ms. Ransom Torp',NULL),(429,137,'Mr. Destini Barton',NULL),(430,137,'Theodora Jaskolski',NULL),(431,138,'Guillermo Beer',NULL),(432,138,'Angeline Torphy',NULL),(433,138,'Carey Gleichner',NULL),(434,138,'Trace Wisoky',NULL),(435,139,'Roger Koelpin IV',NULL),(436,139,'Ms. Jesse Connelly',NULL),(437,139,'Jettie Sauer',NULL),(438,140,'Patricia Halvorson',NULL),(439,140,'Lorenzo Huels',NULL),(440,140,'Christelle Lebsack',NULL),(441,140,'Alena Hermann',NULL),(442,141,'Margarette Wilkinson',NULL),(443,141,'Ignatius Cruickshank',NULL),(444,141,'Adele Weissnat DDS',NULL),(445,142,'Dr. Nels McCullough',NULL),(446,142,'Gertrude Kautzer',NULL),(447,142,'Audrey Kovacek',NULL),(448,143,'Dolly Leuschke',NULL),(449,143,'Joe Grady',NULL),(450,143,'Art Gutkowski',NULL),(451,143,'Mr. Keaton Rodriguez',NULL),(452,143,'Connie Dietrich',NULL),(453,144,'Mr. Orrin Hagenes',NULL),(454,144,'Norwood Gislason',NULL),(455,144,'Golden Gerlach III',NULL),(456,144,'Prince Deckow V',NULL),(457,144,'Noel Glover',NULL),(458,145,'Noemie Zemlak',NULL),(459,145,'Douglas Tremblay',NULL),(460,145,'Giovani Heathcote IV',NULL),(461,145,'Concepcion Medhurst',NULL),(462,145,'Rozella O\'Kon',NULL),(463,146,'Josianne Bailey',NULL),(464,146,'Julie Leannon PhD',NULL),(465,146,'Dawson Willms',NULL),(466,146,'Mr. Henry Barrows',NULL),(467,147,'Rod Jenkins',NULL),(468,147,'Sterling White',NULL),(469,147,'Ms. Waino Kris',NULL),(470,148,'Katrina Ondricka',NULL),(471,148,'Judy Crona Jr.',NULL),(472,148,'Judah Koss',NULL),(473,148,'Hoyt Hegmann',NULL),(474,148,'Emiliano Gibson',NULL),(475,149,'Palma Hirthe',NULL),(476,150,'Cortney Pfannerstill',NULL),(477,150,'Mckayla Schaefer III',NULL),(478,151,'Velva Boyle Sr.',NULL),(479,151,'Baby Armstrong',NULL),(480,152,'Liliane Ferry',NULL),(481,152,'Noelia Conn',NULL),(482,152,'Mr. Felix White',NULL),(483,153,'Mr. Adrien Trantow',NULL),(484,153,'Asha Murray PhD',NULL),(485,153,'Jacey Gottlieb',NULL),(486,153,'Dr. Kyla Kshlerin',NULL),(487,154,'Verlie Cassin',NULL),(488,155,'Emily Simonis PhD',NULL),(489,155,'Mark Brakus',NULL),(490,155,'Carlotta O\'Kon',NULL),(491,155,'Bria Brown IV',NULL),(492,156,'Linda Ryan',NULL),(493,156,'Ivy Bode',NULL),(494,157,'Jett Boyer',NULL),(495,157,'Clemmie Yost',NULL),(496,157,'Brandy O\'Kon',NULL),(497,157,'Elna Renner',NULL);
/*!40000 ALTER TABLE `accessories` ENABLE KEYS */;
UNLOCK TABLES;

--
-- Table structure for table `accessories_inventory_pools`
--

DROP TABLE IF EXISTS `accessories_inventory_pools`;
/*!40101 SET @saved_cs_client     = @@character_set_client */;
/*!40101 SET character_set_client = utf8 */;
CREATE TABLE `accessories_inventory_pools` (
  `accessory_id` int(11) DEFAULT NULL,
  `inventory_pool_id` int(11) DEFAULT NULL,
  UNIQUE KEY `index_accessories_inventory_pools` (`accessory_id`,`inventory_pool_id`),
  KEY `index_accessories_inventory_pools_on_inventory_pool_id` (`inventory_pool_id`),
  CONSTRAINT `accessories_inventory_pools_inventory_pool_id_fk` FOREIGN KEY (`inventory_pool_id`) REFERENCES `inventory_pools` (`id`),
  CONSTRAINT `accessories_inventory_pools_accessory_id_fk` FOREIGN KEY (`accessory_id`) REFERENCES `accessories` (`id`)
) ENGINE=InnoDB DEFAULT CHARSET=utf8 COLLATE=utf8_unicode_ci;
/*!40101 SET character_set_client = @saved_cs_client */;

--
-- Dumping data for table `accessories_inventory_pools`
--

LOCK TABLES `accessories_inventory_pools` WRITE;
/*!40000 ALTER TABLE `accessories_inventory_pools` DISABLE KEYS */;
INSERT INTO `accessories_inventory_pools` VALUES (2,1),(3,1),(6,1),(7,1),(8,1),(9,1),(10,1),(11,1),(12,1),(14,1),(18,1),(19,1),(21,1),(23,1),(24,1),(30,1),(32,1),(33,1),(39,1),(41,1),(47,1),(48,1),(50,1),(53,1),(54,1),(56,1),(59,1),(60,1),(61,1),(62,1),(63,1),(64,1),(65,1),(66,1),(68,1),(71,1),(78,1),(79,1),(80,1),(84,1),(85,1),(87,1),(89,1),(93,1),(94,1),(97,1),(98,1),(101,1),(102,1),(104,1),(105,1),(106,1),(107,1),(108,1),(109,1),(110,1),(112,1),(113,1),(114,1),(118,1),(120,1),(122,1),(123,1),(126,1),(127,1),(129,1),(130,1),(132,1),(136,1),(138,1),(142,1),(144,1),(145,1),(146,1),(149,1),(150,1),(151,1),(154,1),(159,1),(160,1),(161,1),(169,1),(171,1),(172,1),(173,1),(174,1),(175,1),(176,1),(178,1),(179,1),(180,1),(182,1),(183,1),(192,1),(194,1),(196,1),(199,1),(200,1),(201,1),(202,1),(203,1),(204,1),(209,1),(212,1),(214,1),(215,1),(216,1),(225,1),(226,1),(228,1),(230,1),(237,1),(245,1),(248,1),(249,1),(250,1),(253,1),(254,1),(255,1),(261,1),(266,1),(267,1),(268,1),(269,1),(271,1),(272,1),(277,1),(278,1),(280,1),(281,1),(282,1),(283,1),(284,1),(286,1),(287,1),(293,1),(299,1),(300,1),(303,1),(304,1),(308,1),(309,1),(310,1),(311,1),(313,1),(314,1),(315,1),(316,1),(317,1),(318,1),(319,1),(320,1),(321,1),(323,1),(327,1),(329,1),(332,1),(335,1),(342,1),(343,1),(344,1),(345,1),(346,1),(347,1),(351,1),(352,1),(353,1),(354,1),(355,1),(357,1),(358,1),(361,1),(362,1),(363,1),(371,1),(376,1),(377,1),(379,1),(380,1),(382,1),(385,1),(387,1),(392,1),(393,1),(399,1),(400,1),(401,1),(402,1),(405,1),(407,1),(409,1),(411,1),(413,1),(414,1),(415,1),(416,1),(418,1),(419,1),(423,1),(424,1),(426,1),(428,1),(430,1),(433,1),(435,1),(436,1),(437,1),(439,1),(440,1),(442,1),(449,1),(451,1),(453,1),(454,1),(455,1),(456,1),(457,1),(458,1),(460,1),(462,1),(463,1),(464,1),(465,1),(466,1),(467,1),(469,1),(471,1),(472,1),(474,1),(475,1),(477,1),(478,1),(481,1),(484,1),(485,1),(486,1),(490,1),(494,1);
/*!40000 ALTER TABLE `accessories_inventory_pools` ENABLE KEYS */;
UNLOCK TABLES;

--
-- Table structure for table `addresses`
--

DROP TABLE IF EXISTS `addresses`;
/*!40101 SET @saved_cs_client     = @@character_set_client */;
/*!40101 SET character_set_client = utf8 */;
CREATE TABLE `addresses` (
  `id` int(11) NOT NULL AUTO_INCREMENT,
  `street` varchar(255) COLLATE utf8_unicode_ci DEFAULT NULL,
  `zip_code` varchar(255) COLLATE utf8_unicode_ci DEFAULT NULL,
  `city` varchar(255) COLLATE utf8_unicode_ci DEFAULT NULL,
  `country_code` varchar(255) COLLATE utf8_unicode_ci DEFAULT NULL,
  `latitude` float DEFAULT NULL,
  `longitude` float DEFAULT NULL,
  PRIMARY KEY (`id`),
  UNIQUE KEY `index_addresses_on_street_and_zip_code_and_city_and_country_code` (`street`,`zip_code`,`city`,`country_code`)
) ENGINE=InnoDB DEFAULT CHARSET=utf8 COLLATE=utf8_unicode_ci;
/*!40101 SET character_set_client = @saved_cs_client */;

--
-- Dumping data for table `addresses`
--

LOCK TABLES `addresses` WRITE;
/*!40000 ALTER TABLE `addresses` DISABLE KEYS */;
/*!40000 ALTER TABLE `addresses` ENABLE KEYS */;
UNLOCK TABLES;

--
-- Table structure for table `attachments`
--

DROP TABLE IF EXISTS `attachments`;
/*!40101 SET @saved_cs_client     = @@character_set_client */;
/*!40101 SET character_set_client = utf8 */;
CREATE TABLE `attachments` (
  `id` int(11) NOT NULL AUTO_INCREMENT,
  `model_id` int(11) DEFAULT NULL,
  `is_main` tinyint(1) DEFAULT '0',
  `content_type` varchar(255) COLLATE utf8_unicode_ci DEFAULT NULL,
  `filename` varchar(255) COLLATE utf8_unicode_ci DEFAULT NULL,
  `size` int(11) DEFAULT NULL,
  PRIMARY KEY (`id`),
  KEY `index_attachments_on_model_id` (`model_id`),
  CONSTRAINT `attachments_model_id_fk` FOREIGN KEY (`model_id`) REFERENCES `models` (`id`) ON DELETE CASCADE
) ENGINE=InnoDB AUTO_INCREMENT=7 DEFAULT CHARSET=utf8 COLLATE=utf8_unicode_ci;
/*!40101 SET character_set_client = @saved_cs_client */;

--
-- Dumping data for table `attachments`
--

LOCK TABLES `attachments` WRITE;
/*!40000 ALTER TABLE `attachments` DISABLE KEYS */;
INSERT INTO `attachments` VALUES (1,145,0,'image/jpeg','aliquid',NULL),(2,146,0,'image/jpeg','delectus',NULL),(3,154,0,'image/jpeg','est',NULL),(4,154,0,'image/jpeg','magnam',NULL),(5,155,0,'image/jpeg','ratione',NULL),(6,155,0,'image/jpeg','non',NULL);
/*!40000 ALTER TABLE `attachments` ENABLE KEYS */;
UNLOCK TABLES;

--
-- Table structure for table `authentication_systems`
--

DROP TABLE IF EXISTS `authentication_systems`;
/*!40101 SET @saved_cs_client     = @@character_set_client */;
/*!40101 SET character_set_client = utf8 */;
CREATE TABLE `authentication_systems` (
  `id` int(11) NOT NULL AUTO_INCREMENT,
  `name` varchar(255) COLLATE utf8_unicode_ci DEFAULT NULL,
  `class_name` varchar(255) COLLATE utf8_unicode_ci DEFAULT NULL,
  `is_default` tinyint(1) DEFAULT '0',
  `is_active` tinyint(1) DEFAULT '0',
  PRIMARY KEY (`id`)
) ENGINE=InnoDB AUTO_INCREMENT=7 DEFAULT CHARSET=utf8 COLLATE=utf8_unicode_ci;
/*!40101 SET character_set_client = @saved_cs_client */;

--
-- Dumping data for table `authentication_systems`
--

LOCK TABLES `authentication_systems` WRITE;
/*!40000 ALTER TABLE `authentication_systems` DISABLE KEYS */;
INSERT INTO `authentication_systems` VALUES (1,'Database Authentication','DatabaseAuthentication',1,1),(2,'LDAP Authentication','LdapAuthentication',0,0),(3,'ZHDK Authentication','Zhdk',0,0),(4,'Database Authentication','DatabaseAuthentication',1,1),(5,'LDAP Authentication','LdapAuthentication',0,0),(6,'ZHDK Authentication','Zhdk',0,0);
/*!40000 ALTER TABLE `authentication_systems` ENABLE KEYS */;
UNLOCK TABLES;

--
-- Table structure for table `buildings`
--

DROP TABLE IF EXISTS `buildings`;
/*!40101 SET @saved_cs_client     = @@character_set_client */;
/*!40101 SET character_set_client = utf8 */;
CREATE TABLE `buildings` (
  `id` int(11) NOT NULL AUTO_INCREMENT,
  `name` varchar(255) COLLATE utf8_unicode_ci DEFAULT NULL,
  `code` varchar(255) COLLATE utf8_unicode_ci DEFAULT NULL,
  PRIMARY KEY (`id`)
) ENGINE=InnoDB AUTO_INCREMENT=201 DEFAULT CHARSET=utf8 COLLATE=utf8_unicode_ci;
/*!40101 SET character_set_client = @saved_cs_client */;

--
-- Dumping data for table `buildings`
--

LOCK TABLES `buildings` WRITE;
/*!40000 ALTER TABLE `buildings` DISABLE KEYS */;
INSERT INTO `buildings` VALUES (1,'Great Pyramid of Giza','ZZZ'),(2,'Occaecatiisteet','ali'),(3,'Enimnatusnemo','dol'),(4,'Nihilmaioreseligendi','ats'),(5,'Etomnisipsum','qui'),(6,'Etconsequaturlaboriosam','adi'),(7,'Necessitatibusdoloresvoluptate','vit'),(8,'Ducimusquaeperspiciatis','nat'),(9,'Abquaeratodit','duc'),(10,'Temporaanam','vol'),(11,'Errorestaut','rep'),(12,'Numquamevenietmagni','aut'),(13,'Evenietdelenitisunt','ven'),(14,'Corporisaliquidenim','non'),(15,'Velitnisifacilis','lab'),(16,'Quisquodperferendis','cor'),(17,'Voluptatumveropariatur','ull'),(18,'Ipsacommodinecessitatibus','har'),(19,'Quiquosprovident','asp'),(20,'Rerumdictaqui','est'),(21,'Admaioresminus','com'),(22,'Voluptatemutminima','ius'),(23,'Quolaudantiumvoluptatem','exe'),(24,'Remcumquis','eti'),(25,'Esserepellatea','vol'),(26,'Nesciuntaccusamusa','rat'),(27,'Inciduntnumquamsint','vel'),(28,'Utatnihil','con'),(29,'Quamporroqui','inv'),(30,'Quamenimtenetur','ips'),(31,'Omnisvoluptatemet','dol'),(32,'Liberoimpeditfugit','qui'),(33,'Aliquidenimnon','neq'),(34,'Praesentiumerroreligendi','sed'),(35,'Animiestminima','est'),(36,'Istequasvoluptates','imp'),(37,'Quifugitipsum','nul'),(38,'Ausstellungsstrasse 60','AU60'),(39,'Ausstellungsstrasse 60','AU60'),(40,'Enimnonassumenda','aut'),(41,'Molestiaequiatque','qua'),(42,'Essedignissimosearum','aut'),(43,'Minusnobisamet','dol'),(44,'Iustoquosrerum','vol'),(45,'Utaccusamusaliquid','sae'),(46,'Totamadea','ips'),(47,'Suntetsimilique','vol'),(48,'Modisedsaepe','qui'),(49,'Etsintpossimus','ins'),(50,'Nostrumetquia','inv'),(51,'Molestiaequosquam','quo'),(52,'Voluptatemetquia','sim'),(53,'Minusinventorenatus','sap'),(54,'Eosmollitianumquam','vit'),(55,'Velvitaeet','qui'),(56,'Magniquineque','ali'),(57,'Eosquodqui','exp'),(58,'Eosnemorerum','tem'),(59,'Delenitiquisnecessitatibus','asp'),(60,'Pariaturadipiscilabore','con'),(61,'Blanditiisvelitnihil','adi'),(62,'Harumsapientevoluptates','aut'),(63,'Beataealiquiddolores','tot'),(64,'Oditsintaccusantium','sin'),(65,'Quoestsunt','qui'),(66,'Laudantiumdoloremqueeius','tot'),(67,'Abautemsed','sun'),(68,'Estdistinctiovoluptatem','qui'),(69,'Exercitationemestcum','etp'),(70,'Omnisatquerepellendus','aut'),(71,'Omnisnatustemporibus','nes'),(72,'Quisintquia','vel'),(73,'Debitisearumillum','ids'),(74,'Isteearumex','lab'),(75,'Atcupiditateplaceat','mai'),(76,'Eligendidebitisvoluptate','exc'),(77,'Etquiamodi','eac'),(78,'Etquivoluptatem','nes'),(79,'Temporeplaceattempora','sed'),(80,'Blanditiisquonam','dis'),(81,'Suntnemovoluptatem','min'),(82,'Enimfacererem','etf'),(83,'Natusoditut','vol'),(84,'Quiavoluptatemnecessitatibus','con'),(85,'Laborequiaqui','aut'),(86,'Fugiatdolorumsapiente','vit'),(87,'Doloremqueutadipisci','acc'),(88,'Suscipitamolestias','utc'),(89,'Natuslaborumsunt','omn'),(90,'Idvoluptasdolor','omn'),(91,'Velitveroculpa','inc'),(92,'Iddeseruntdolores','vel'),(93,'Errorquianesciunt','vel'),(94,'Voluptatemrerumvero','fug'),(95,'Voluptaslaboreiste','qui'),(96,'Voluptatibusatqueconsequatur','per'),(97,'Aliquidasperiorescumque','aut'),(98,'Optionatusquod','rei'),(99,'Sitindignissimos','aut'),(100,'Voluptatedelectushic','nih'),(101,'Suntnamiusto','nih'),(102,'Omnisetvoluptas','con'),(103,'Quiaquodomnis','pro'),(104,'Vitaeminimaperspiciatis','qui'),(105,'Autnonlaboriosam','eli'),(106,'Quiconsequaturmollitia','rei'),(107,'Minusconsequaturitaque','est'),(108,'Ipsumiddignissimos','rer'),(109,'Consequaturpraesentiumet','rer'),(110,'Iddoloreius','mag'),(111,'Errorvelitquia','aut'),(112,'Aperiametet','ill'),(113,'Quihicratione','eli'),(114,'Natuserrorqui','vel'),(115,'Nonvoluptatumesse','vol'),(116,'Temporanihilcorrupti','sit'),(117,'Officiapariaturincidunt','occ'),(118,'Great Pyramid of Giza','ZZZ'),(119,'Ducimusrationeofficiis','dic'),(120,'Consecteturvoluptaseaque','nih'),(121,'Utexpeditaperspiciatis','dis'),(122,'Velveniamnobis','inc'),(123,'Consecteturdolorumnon','del'),(124,'Uteamaxime','arc'),(125,'Voluptasnihilet','deb'),(126,'Rerumsintnumquam','omn'),(127,'Etautodio','ear'),(128,'Etmaioressuscipit','und'),(129,'Eafugittempore','vol'),(130,'Idquisequi','qua'),(131,'Evenietaquisquam','arc'),(132,'Velitveldolores','nih'),(133,'Quibusdamcorporisrecusandae','mag'),(134,'Natuseafacere','ete'),(135,'Hicvoluptatibusmollitia','non'),(136,'Commodiquosenim','nat'),(137,'Quoquamconsectetur','rer'),(138,'Aspernaturdebitissunt','qui'),(139,'Voluptasminimaperspiciatis','dol'),(140,'Utnihilincidunt','vel'),(141,'Molestiaeetconsectetur','vol'),(142,'Porrocorruptiat','pra'),(143,'Etveniamreprehenderit','ade'),(144,'Autemidvoluptatem','vol'),(145,'Facereconsequaturin','des'),(146,'Odittemporaqui','omn'),(147,'Etquidemquia','mag'),(148,'Enimcumqueet','vel'),(149,'Rationenonblanditiis','vol'),(150,'Delectuscupiditateperferendis','ips'),(151,'Autemvitaesed','qui'),(152,'Quienimea','seq'),(153,'Mollitiaautemqui','ver'),(154,'Animirationeaut','sim'),(155,'Etlaudantiumeos','aut'),(156,'Velitmodiin','vel'),(157,'Inciduntrerumea','cup'),(158,'Adipisciteneturdolor','utq'),(159,'Quiminimaaperiam','dol'),(160,'Adipiscimodiid','ali'),(161,'Maximetemporaqui','vol'),(162,'Teneturaccusantiumvel','sed'),(163,'Quodquisaepe','amo'),(164,'Ipsasitveniam','com'),(165,'Utdelenitialiquid','fac'),(166,'Consequatureligendidolor','cor'),(167,'Dolorumomnisvoluptatem','uta'),(168,'Delectusautvel','ips'),(169,'Impeditdelenitilabore','pla'),(170,'Quiexplicabodelectus','vol'),(171,'Velitenimrem','qui'),(172,'Liberoexexcepturi','ill'),(173,'Culpaerrordebitis','acc'),(174,'Quiveroad','dol'),(175,'Impeditvoluptasrerum','eli'),(176,'Voluptatemmagniautem','dol'),(177,'Architectoipsamnihil','cum'),(178,'Nonutconsectetur','min'),(179,'Reprehenderitutut','rep'),(180,'Uttotamvoluptatum','dis'),(181,'Deseruntaconsequatur','ete'),(182,'Temporeveniamconsectetur','utd'),(183,'Beataemagnamaut','off'),(184,'Indebitisqui','sap'),(185,'Sequiconsequaturquo','nis'),(186,'Possimusvelsunt','qui'),(187,'Velperferendisipsam','qua'),(188,'Etsintaut','qui'),(189,'Quiaetaccusantium','vol'),(190,'Similiquerecusandaererum','abm'),(191,'Suntvelrem','fug'),(192,'Eumexpeditatotam','qui'),(193,'Doloreosdebitis','rep'),(194,'Eaautiusto','ali'),(195,'Quaebeataequidem','tem'),(196,'Autperferendisvel','etl'),(197,'Eaconsecteturut','qui'),(198,'Doloremqueametiure','num'),(199,'Utnequepariatur','sed'),(200,'Etsitvoluptatum','tem');
/*!40000 ALTER TABLE `buildings` ENABLE KEYS */;
UNLOCK TABLES;

--
-- Table structure for table `contract_lines`
--

DROP TABLE IF EXISTS `contract_lines`;
/*!40101 SET @saved_cs_client     = @@character_set_client */;
/*!40101 SET character_set_client = utf8 */;
CREATE TABLE `contract_lines` (
  `id` int(11) NOT NULL AUTO_INCREMENT,
  `contract_id` int(11) DEFAULT NULL,
  `type` varchar(255) COLLATE utf8_unicode_ci NOT NULL DEFAULT 'ItemLine',
  `item_id` int(11) DEFAULT NULL,
  `model_id` int(11) DEFAULT NULL,
  `quantity` int(11) DEFAULT '1',
  `start_date` date DEFAULT NULL,
  `end_date` date DEFAULT NULL,
  `returned_date` date DEFAULT NULL,
  `option_id` int(11) DEFAULT NULL,
  `purpose_id` int(11) DEFAULT NULL,
  `returned_to_user_id` int(11) DEFAULT NULL,
  `created_at` datetime DEFAULT NULL,
  `updated_at` datetime DEFAULT NULL,
  PRIMARY KEY (`id`),
  KEY `index_contract_lines_on_start_date` (`start_date`),
  KEY `index_contract_lines_on_end_date` (`end_date`),
  KEY `index_contract_lines_on_option_id` (`option_id`),
  KEY `index_contract_lines_on_contract_id` (`contract_id`),
  KEY `index_contract_lines_on_item_id` (`item_id`),
  KEY `index_contract_lines_on_model_id` (`model_id`),
  KEY `index_contract_lines_on_returned_date_and_contract_id` (`returned_date`,`contract_id`),
  KEY `index_contract_lines_on_type_and_contract_id` (`type`,`contract_id`),
  KEY `contract_lines_purpose_id_fk` (`purpose_id`),
  KEY `contract_lines_returned_to_user_id_fk` (`returned_to_user_id`),
  CONSTRAINT `contract_lines_returned_to_user_id_fk` FOREIGN KEY (`returned_to_user_id`) REFERENCES `users` (`id`),
  CONSTRAINT `contract_lines_contract_id_fk` FOREIGN KEY (`contract_id`) REFERENCES `contracts` (`id`) ON DELETE CASCADE,
  CONSTRAINT `contract_lines_item_id_fk` FOREIGN KEY (`item_id`) REFERENCES `items` (`id`),
  CONSTRAINT `contract_lines_model_id_fk` FOREIGN KEY (`model_id`) REFERENCES `models` (`id`),
  CONSTRAINT `contract_lines_option_id_fk` FOREIGN KEY (`option_id`) REFERENCES `options` (`id`),
  CONSTRAINT `contract_lines_purpose_id_fk` FOREIGN KEY (`purpose_id`) REFERENCES `purposes` (`id`)
) ENGINE=InnoDB AUTO_INCREMENT=173 DEFAULT CHARSET=utf8 COLLATE=utf8_unicode_ci;
/*!40101 SET character_set_client = @saved_cs_client */;

--
-- Dumping data for table `contract_lines`
--

LOCK TABLES `contract_lines` WRITE;
/*!40000 ALTER TABLE `contract_lines` DISABLE KEYS */;
INSERT INTO `contract_lines` VALUES (1,1,'ItemLine',NULL,1,1,'2016-07-21','2016-07-21',NULL,NULL,NULL,NULL,'2016-07-21 03:57:43','2016-07-21 03:57:43'),(2,1,'ItemLine',NULL,5,1,'2016-07-21','2016-07-21',NULL,NULL,NULL,NULL,'2016-07-21 03:57:43','2016-07-21 03:57:43'),(3,1,'ItemLine',NULL,9,1,'2016-07-21','2016-07-21',NULL,NULL,NULL,NULL,'2016-07-21 03:57:43','2016-07-21 03:57:43'),(4,2,'ItemLine',NULL,13,1,'2016-07-21','2016-07-21',NULL,NULL,1,NULL,'2016-07-21 03:57:43','2016-07-21 03:57:43'),(5,2,'ItemLine',NULL,17,1,'2016-07-21','2016-07-21',NULL,NULL,1,NULL,'2016-07-21 03:57:43','2016-07-21 03:57:43'),(6,2,'ItemLine',NULL,21,1,'2016-07-21','2016-07-21',NULL,NULL,1,NULL,'2016-07-21 03:57:43','2016-07-21 03:57:43'),(7,3,'ItemLine',NULL,25,1,'2016-07-21','2016-07-21','2016-07-21',NULL,2,1,'2016-07-21 03:57:43','2016-07-21 03:57:43'),(8,3,'ItemLine',NULL,29,1,'2016-07-21','2016-07-21','2016-07-21',NULL,2,1,'2016-07-21 03:57:43','2016-07-21 03:57:43'),(9,3,'ItemLine',NULL,33,1,'2016-07-21','2016-07-21','2016-07-21',NULL,2,1,'2016-07-21 03:57:43','2016-07-21 03:57:43'),(10,3,'ItemLine',NULL,37,1,'2016-07-21','2016-07-21','2016-07-21',NULL,2,1,'2016-07-21 03:57:43','2016-07-21 03:57:43'),(11,3,'ItemLine',NULL,41,1,'2016-07-21','2016-07-21','2016-07-21',NULL,2,1,'2016-07-21 03:57:43','2016-07-21 03:57:43'),(12,3,'ItemLine',NULL,45,1,'2016-07-21','2016-07-21','2016-07-21',NULL,2,1,'2016-07-21 03:57:43','2016-07-21 03:57:43'),(13,4,'ItemLine',NULL,158,1,'2016-07-18','2016-07-18',NULL,NULL,3,NULL,'2016-07-16 04:54:01','2016-07-16 04:54:01'),(14,4,'ItemLine',NULL,159,1,'2016-07-18','2016-07-18',NULL,NULL,3,NULL,'2016-07-16 04:54:01','2016-07-16 04:54:01'),(15,4,'ItemLine',NULL,160,1,'2016-07-18','2016-07-18',NULL,NULL,3,NULL,'2016-07-16 04:54:01','2016-07-16 04:54:01'),(16,4,'ItemLine',NULL,161,1,'2016-07-18','2016-07-18',NULL,NULL,3,NULL,'2016-07-16 04:54:01','2016-07-16 04:54:01'),(17,5,'ItemLine',NULL,165,1,'2016-07-18','2016-07-18',NULL,NULL,4,NULL,'2016-07-16 04:54:01','2016-07-16 04:54:01'),(18,5,'ItemLine',NULL,166,1,'2016-07-18','2016-07-18',NULL,NULL,4,NULL,'2016-07-16 04:54:02','2016-07-16 04:54:02'),(19,5,'ItemLine',NULL,167,1,'2016-07-18','2016-07-18',NULL,NULL,4,NULL,'2016-07-16 04:54:02','2016-07-16 04:54:02'),(20,5,'ItemLine',NULL,168,1,'2016-07-18','2016-07-18',NULL,NULL,4,NULL,'2016-07-16 04:54:02','2016-07-16 04:54:02'),(21,5,'ItemLine',NULL,169,1,'2016-07-18','2016-07-18',NULL,NULL,4,NULL,'2016-07-16 04:54:02','2016-07-16 04:54:02'),(22,6,'ItemLine',NULL,173,1,'2016-07-18','2016-07-18',NULL,NULL,5,NULL,'2016-07-16 04:54:02','2016-07-16 04:54:02'),(23,6,'ItemLine',NULL,174,1,'2016-07-18','2016-07-18',NULL,NULL,5,NULL,'2016-07-16 04:54:02','2016-07-16 04:54:02'),(24,6,'ItemLine',NULL,175,1,'2016-07-18','2016-07-18',NULL,NULL,5,NULL,'2016-07-16 04:54:02','2016-07-16 04:54:02'),(25,6,'ItemLine',NULL,176,1,'2016-07-18','2016-07-18',NULL,NULL,5,NULL,'2016-07-16 04:54:02','2016-07-16 04:54:02'),(26,7,'ItemLine',NULL,180,1,'2016-07-14','2016-07-14',NULL,NULL,6,NULL,'2016-07-14 05:39:45','2016-07-14 05:39:45'),(27,7,'ItemLine',NULL,181,1,'2016-07-14','2016-07-14',NULL,NULL,6,NULL,'2016-07-14 05:39:45','2016-07-14 05:39:45'),(28,7,'ItemLine',NULL,182,1,'2016-07-14','2016-07-14',NULL,NULL,6,NULL,'2016-07-14 05:39:45','2016-07-14 05:39:45'),(29,7,'ItemLine',NULL,183,1,'2016-07-14','2016-07-14',NULL,NULL,6,NULL,'2016-07-14 05:39:45','2016-07-14 05:39:45'),(30,8,'ItemLine',NULL,184,1,'2016-07-20','2016-07-20',NULL,NULL,7,NULL,'2016-07-20 21:51:15','2016-07-20 21:51:15'),(31,8,'ItemLine',NULL,185,1,'2016-07-20','2016-07-20',NULL,NULL,7,NULL,'2016-07-20 21:51:15','2016-07-20 21:51:15'),(32,8,'ItemLine',NULL,186,1,'2016-07-20','2016-07-20',NULL,NULL,7,NULL,'2016-07-20 21:51:15','2016-07-20 21:51:15'),(33,8,'ItemLine',NULL,187,1,'2016-07-20','2016-07-20',NULL,NULL,7,NULL,'2016-07-20 21:51:15','2016-07-20 21:51:15'),(34,8,'ItemLine',NULL,188,1,'2016-07-20','2016-07-20',NULL,NULL,7,NULL,'2016-07-20 21:51:15','2016-07-20 21:51:15'),(35,8,'ItemLine',NULL,189,1,'2016-07-20','2016-07-20',NULL,NULL,7,NULL,'2016-07-20 21:51:15','2016-07-20 21:51:15'),(36,8,'ItemLine',NULL,189,1,'2016-07-20','2016-07-20',NULL,NULL,7,NULL,'2016-07-20 21:51:15','2016-07-20 21:51:15'),(37,9,'ItemLine',NULL,193,1,'2016-07-21','2016-07-21',NULL,NULL,8,NULL,'2016-07-21 03:57:43','2016-07-21 03:57:43'),(38,9,'ItemLine',NULL,194,1,'2016-07-21','2016-07-21',NULL,NULL,8,NULL,'2016-07-21 03:57:43','2016-07-21 03:57:43'),(39,9,'ItemLine',NULL,195,1,'2016-07-21','2016-07-21',NULL,NULL,8,NULL,'2016-07-21 03:57:43','2016-07-21 03:57:43'),(40,9,'ItemLine',NULL,196,1,'2016-07-21','2016-07-21',NULL,NULL,8,NULL,'2016-07-21 03:57:43','2016-07-21 03:57:43'),(41,9,'ItemLine',NULL,197,1,'2016-07-21','2016-07-21',NULL,NULL,8,NULL,'2016-07-21 03:57:43','2016-07-21 03:57:43'),(42,9,'ItemLine',NULL,198,1,'2016-07-21','2016-07-21',NULL,NULL,8,NULL,'2016-07-21 03:57:43','2016-07-21 03:57:43'),(43,10,'ItemLine',NULL,202,1,'2016-07-21','2016-07-21',NULL,NULL,9,NULL,'2016-07-21 03:57:43','2016-07-21 03:57:43'),(44,10,'ItemLine',NULL,203,1,'2016-07-21','2016-07-21',NULL,NULL,9,NULL,'2016-07-21 03:57:43','2016-07-21 03:57:43'),(45,10,'ItemLine',NULL,204,1,'2016-07-21','2016-07-21',NULL,NULL,9,NULL,'2016-07-21 03:57:43','2016-07-21 03:57:43'),(46,11,'ItemLine',NULL,205,1,'2016-07-21','2016-07-21',NULL,NULL,10,NULL,'2016-07-21 03:57:43','2016-07-21 03:57:43'),(47,11,'ItemLine',NULL,206,1,'2016-07-21','2016-07-21',NULL,NULL,10,NULL,'2016-07-21 03:57:43','2016-07-21 03:57:43'),(48,11,'ItemLine',NULL,207,1,'2016-07-21','2016-07-21',NULL,NULL,10,NULL,'2016-07-21 03:57:43','2016-07-21 03:57:43'),(49,12,'ItemLine',NULL,208,1,'2016-07-21','2016-07-21',NULL,NULL,11,NULL,'2016-07-21 03:57:43','2016-07-21 03:57:43'),(50,12,'ItemLine',NULL,209,1,'2016-07-21','2016-07-21',NULL,NULL,11,NULL,'2016-07-21 03:57:43','2016-07-21 03:57:43'),(51,12,'ItemLine',NULL,210,1,'2016-07-21','2016-07-21',NULL,NULL,11,NULL,'2016-07-21 03:57:43','2016-07-21 03:57:43'),(52,12,'ItemLine',NULL,211,1,'2016-07-21','2016-07-21',NULL,NULL,11,NULL,'2016-07-21 03:57:43','2016-07-21 03:57:43'),(53,13,'ItemLine',19,25,1,'2016-07-21','2016-07-21',NULL,NULL,12,NULL,'2016-07-21 03:57:43','2016-07-21 03:57:43'),(54,13,'ItemLine',20,25,1,'2016-07-21','2016-07-21',NULL,NULL,12,NULL,'2016-07-21 03:57:43','2016-07-21 03:57:43'),(55,13,'ItemLine',21,25,1,'2016-07-21','2016-07-21',NULL,NULL,12,NULL,'2016-07-21 03:57:43','2016-07-21 03:57:43'),(56,13,'ItemLine',22,29,1,'2016-07-21','2016-07-21',NULL,NULL,12,NULL,'2016-07-21 03:57:43','2016-07-21 03:57:43'),(57,13,'ItemLine',23,29,1,'2016-07-21','2016-07-21',NULL,NULL,12,NULL,'2016-07-21 03:57:43','2016-07-21 03:57:43'),(58,13,'ItemLine',24,29,1,'2016-07-21','2016-07-21',NULL,NULL,12,NULL,'2016-07-21 03:57:43','2016-07-21 03:57:43'),(59,13,'ItemLine',25,33,1,'2016-07-21','2016-07-21',NULL,NULL,12,NULL,'2016-07-21 03:57:43','2016-07-21 03:57:43'),(60,13,'ItemLine',26,33,1,'2016-07-21','2016-07-21',NULL,NULL,12,NULL,'2016-07-21 03:57:43','2016-07-21 03:57:43'),(61,13,'ItemLine',27,33,1,'2016-07-21','2016-07-21',NULL,NULL,12,NULL,'2016-07-21 03:57:43','2016-07-21 03:57:43'),(62,13,'ItemLine',28,37,1,'2016-07-21','2016-07-21',NULL,NULL,12,NULL,'2016-07-21 03:57:43','2016-07-21 03:57:43'),(63,13,'ItemLine',29,37,1,'2016-07-21','2016-07-21',NULL,NULL,12,NULL,'2016-07-21 03:57:43','2016-07-21 03:57:43'),(64,13,'ItemLine',30,37,1,'2016-07-21','2016-07-21',NULL,NULL,12,NULL,'2016-07-21 03:57:43','2016-07-21 03:57:43'),(65,13,'ItemLine',31,41,1,'2016-07-21','2016-07-21',NULL,NULL,12,NULL,'2016-07-21 03:57:43','2016-07-21 03:57:43'),(66,13,'ItemLine',32,41,1,'2016-07-21','2016-07-21',NULL,NULL,12,NULL,'2016-07-21 03:57:43','2016-07-21 03:57:43'),(67,13,'ItemLine',33,41,1,'2016-07-21','2016-07-21',NULL,NULL,12,NULL,'2016-07-21 03:57:43','2016-07-21 03:57:43'),(68,13,'ItemLine',34,45,1,'2016-07-21','2016-07-21',NULL,NULL,12,NULL,'2016-07-21 03:57:43','2016-07-21 03:57:43'),(69,13,'ItemLine',35,45,1,'2016-07-21','2016-07-21',NULL,NULL,12,NULL,'2016-07-21 03:57:43','2016-07-21 03:57:43'),(70,13,'ItemLine',36,45,1,'2016-07-21','2016-07-21',NULL,NULL,12,NULL,'2016-07-21 03:57:43','2016-07-21 03:57:43'),(71,13,'ItemLine',39,50,1,'2016-07-21','2016-07-21',NULL,NULL,12,NULL,'2016-07-21 03:57:43','2016-07-21 03:57:43'),(72,13,'ItemLine',40,50,1,'2016-07-21','2016-07-21',NULL,NULL,12,NULL,'2016-07-21 03:57:43','2016-07-21 03:57:43'),(73,13,'ItemLine',41,51,1,'2016-07-21','2016-07-21',NULL,NULL,12,NULL,'2016-07-21 03:57:43','2016-07-21 03:57:43'),(74,13,'ItemLine',43,53,1,'2016-07-21','2016-07-21',NULL,NULL,12,NULL,'2016-07-21 03:57:43','2016-07-21 03:57:43'),(75,13,'ItemLine',44,54,1,'2016-07-21','2016-07-21',NULL,NULL,12,NULL,'2016-07-21 03:57:43','2016-07-21 03:57:43'),(76,13,'ItemLine',45,55,1,'2016-07-21','2016-07-21',NULL,NULL,12,NULL,'2016-07-21 03:57:43','2016-07-21 03:57:43'),(77,13,'ItemLine',46,56,1,'2016-07-21','2016-07-21',NULL,NULL,12,NULL,'2016-07-21 03:57:43','2016-07-21 03:57:43'),(78,13,'ItemLine',47,57,1,'2016-07-21','2016-07-21',NULL,NULL,12,NULL,'2016-07-21 03:57:43','2016-07-21 03:57:43'),(79,13,'ItemLine',48,58,1,'2016-07-21','2016-07-21',NULL,NULL,12,NULL,'2016-07-21 03:57:43','2016-07-21 03:57:43'),(80,13,'ItemLine',49,59,1,'2016-07-21','2016-07-21',NULL,NULL,12,NULL,'2016-07-21 03:57:43','2016-07-21 03:57:43'),(81,13,'ItemLine',50,60,1,'2016-07-21','2016-07-21',NULL,NULL,12,NULL,'2016-07-21 03:57:43','2016-07-21 03:57:43'),(82,13,'ItemLine',51,61,1,'2016-07-21','2016-07-21',NULL,NULL,12,NULL,'2016-07-21 03:57:43','2016-07-21 03:57:43'),(83,14,'OptionLine',NULL,NULL,2,'2016-07-21','2016-07-21',NULL,4,13,NULL,'2016-07-21 03:57:43','2016-07-21 03:57:43'),(84,14,'ItemLine',208,212,1,'2016-07-21','2016-07-21',NULL,NULL,13,NULL,'2016-07-21 03:57:43','2016-07-21 03:57:43'),(85,15,'OptionLine',NULL,NULL,2,'2016-07-21','2016-07-21',NULL,5,14,NULL,'2016-07-21 03:57:43','2016-07-21 03:57:43'),(86,15,'OptionLine',NULL,NULL,1,'2016-07-21','2016-08-21',NULL,5,14,NULL,'2016-07-21 03:57:43','2016-07-21 03:57:43'),(87,16,'ItemLine',209,213,1,'2016-07-21','2016-07-21',NULL,NULL,15,NULL,'2016-07-21 03:57:43','2016-07-21 03:57:43'),(88,17,'ItemLine',210,214,1,'2016-07-16','2016-07-20',NULL,NULL,16,NULL,'2016-07-16 00:00:00','2016-07-16 00:00:00'),(89,17,'OptionLine',NULL,NULL,1,'2016-07-16','2016-07-20',NULL,6,16,NULL,'2016-07-16 00:00:00','2016-07-16 00:00:00'),(90,18,'ItemLine',213,218,1,'2016-07-21','2016-07-21','2016-07-21',NULL,17,NULL,'2016-07-21 03:57:43','2016-07-21 03:57:43'),(91,19,'ItemLine',214,219,1,'2016-07-21','2016-07-21','2016-07-21',NULL,18,NULL,'2016-07-21 03:57:43','2016-07-21 03:57:43'),(92,20,'ItemLine',NULL,222,1,'2016-07-21','2016-07-21',NULL,NULL,19,NULL,'2016-07-21 03:57:43','2016-07-21 03:57:43'),(93,20,'ItemLine',NULL,223,1,'2016-07-21','2016-07-21',NULL,NULL,19,NULL,'2016-07-21 03:57:43','2016-07-21 03:57:43'),(94,20,'ItemLine',NULL,224,1,'2016-07-21','2016-07-21',NULL,NULL,19,NULL,'2016-07-21 03:57:43','2016-07-21 03:57:43'),(95,20,'ItemLine',NULL,225,1,'2016-07-21','2016-07-21',NULL,NULL,19,NULL,'2016-07-21 03:57:43','2016-07-21 03:57:43'),(96,20,'ItemLine',NULL,226,1,'2016-07-21','2016-07-21',NULL,NULL,19,NULL,'2016-07-21 03:57:43','2016-07-21 03:57:43'),(97,21,'ItemLine',222,227,1,'2016-07-21','2016-07-21',NULL,NULL,20,NULL,'2016-07-21 03:57:43','2016-07-21 03:57:43'),(98,21,'ItemLine',223,228,1,'2016-07-21','2016-07-21',NULL,NULL,20,NULL,'2016-07-21 03:57:43','2016-07-21 03:57:43'),(99,21,'ItemLine',224,229,1,'2016-07-21','2016-07-21',NULL,NULL,20,NULL,'2016-07-21 03:57:43','2016-07-21 03:57:43'),(100,21,'ItemLine',225,230,1,'2016-07-21','2016-07-21',NULL,NULL,20,NULL,'2016-07-21 03:57:43','2016-07-21 03:57:43'),(101,22,'ItemLine',226,231,1,'2016-07-21','2016-07-21',NULL,NULL,21,NULL,'2016-07-21 03:57:43','2016-07-21 03:57:43'),(102,22,'ItemLine',227,232,1,'2016-07-21','2016-07-21',NULL,NULL,21,NULL,'2016-07-21 03:57:43','2016-07-21 03:57:43'),(103,22,'ItemLine',228,233,1,'2016-07-21','2016-07-21',NULL,NULL,21,NULL,'2016-07-21 03:57:43','2016-07-21 03:57:43'),(104,23,'ItemLine',229,234,1,'2016-07-16','2016-07-18',NULL,NULL,22,NULL,'2016-07-16 00:00:00','2016-07-16 00:00:00'),(105,23,'ItemLine',230,235,1,'2016-07-16','2016-07-18',NULL,NULL,22,NULL,'2016-07-16 00:00:00','2016-07-16 00:00:00'),(106,23,'ItemLine',231,236,1,'2016-07-16','2016-07-18',NULL,NULL,22,NULL,'2016-07-16 00:00:00','2016-07-16 00:00:00'),(107,23,'ItemLine',232,237,1,'2016-07-16','2016-07-18',NULL,NULL,22,NULL,'2016-07-16 00:00:00','2016-07-16 00:00:00'),(108,24,'ItemLine',NULL,76,1,'2016-07-28','2016-07-31',NULL,NULL,23,NULL,'2016-07-21 03:57:43','2016-07-21 03:57:43'),(109,24,'ItemLine',NULL,76,1,'2016-07-28','2016-07-31',NULL,NULL,23,NULL,'2016-07-21 03:57:43','2016-07-21 03:57:43'),(110,24,'ItemLine',NULL,76,1,'2016-07-28','2016-07-31',NULL,NULL,23,NULL,'2016-07-21 03:57:43','2016-07-21 03:57:43'),(111,24,'ItemLine',NULL,108,1,'2016-07-28','2016-07-31',NULL,NULL,23,NULL,'2016-07-21 03:57:43','2016-07-21 03:57:43'),(112,24,'ItemLine',NULL,108,1,'2016-07-28','2016-07-31',NULL,NULL,23,NULL,'2016-07-21 03:57:43','2016-07-21 03:57:43'),(113,24,'ItemLine',NULL,108,1,'2016-07-28','2016-07-31',NULL,NULL,23,NULL,'2016-07-21 03:57:43','2016-07-21 03:57:43'),(114,24,'ItemLine',NULL,108,1,'2016-07-28','2016-07-31',NULL,NULL,23,NULL,'2016-07-21 03:57:43','2016-07-21 03:57:43'),(115,25,'ItemLine',NULL,238,1,'2016-07-21','2016-07-21',NULL,NULL,24,NULL,'2016-07-21 03:57:43','2016-07-21 03:57:43'),(116,25,'ItemLine',NULL,242,1,'2016-07-21','2016-07-21',NULL,NULL,24,NULL,'2016-07-21 03:57:43','2016-07-21 03:57:43'),(117,25,'ItemLine',NULL,246,1,'2016-07-21','2016-07-21',NULL,NULL,24,NULL,'2016-07-21 03:57:43','2016-07-21 03:57:43'),(118,25,'ItemLine',NULL,250,1,'2016-07-21','2016-07-21',NULL,NULL,24,NULL,'2016-07-21 03:57:43','2016-07-21 03:57:43'),(119,25,'ItemLine',NULL,254,1,'2016-07-21','2016-07-21',NULL,NULL,24,NULL,'2016-07-21 03:57:43','2016-07-21 03:57:43'),(120,26,'ItemLine',NULL,258,1,'2016-07-21','2016-07-21',NULL,NULL,25,NULL,'2016-07-21 03:57:43','2016-07-21 03:57:43'),(121,26,'ItemLine',NULL,262,1,'2016-07-21','2016-07-21',NULL,NULL,25,NULL,'2016-07-21 03:57:43','2016-07-21 03:57:43'),(122,26,'ItemLine',NULL,266,1,'2016-07-21','2016-07-21',NULL,NULL,25,NULL,'2016-07-21 03:57:43','2016-07-21 03:57:43'),(123,26,'ItemLine',NULL,270,1,'2016-07-21','2016-07-21',NULL,NULL,25,NULL,'2016-07-21 03:57:43','2016-07-21 03:57:43'),(124,26,'ItemLine',NULL,274,1,'2016-07-21','2016-07-21',NULL,NULL,25,NULL,'2016-07-21 03:57:43','2016-07-21 03:57:43'),(125,27,'ItemLine',NULL,278,1,'2016-07-21','2016-07-21',NULL,NULL,26,NULL,'2016-07-21 03:57:43','2016-07-21 03:57:43'),(126,27,'ItemLine',NULL,282,1,'2016-07-21','2016-07-21',NULL,NULL,26,NULL,'2016-07-21 03:57:43','2016-07-21 03:57:43'),(127,27,'ItemLine',NULL,286,1,'2016-07-21','2016-07-21',NULL,NULL,26,NULL,'2016-07-21 03:57:43','2016-07-21 03:57:43'),(128,27,'ItemLine',NULL,290,1,'2016-07-21','2016-07-21',NULL,NULL,26,NULL,'2016-07-21 03:57:43','2016-07-21 03:57:43'),(129,27,'ItemLine',NULL,294,1,'2016-07-21','2016-07-21',NULL,NULL,26,NULL,'2016-07-21 03:57:43','2016-07-21 03:57:43'),(130,28,'ItemLine',NULL,298,1,'2016-07-21','2016-07-21',NULL,NULL,27,NULL,'2016-07-21 03:57:43','2016-07-21 03:57:43'),(131,28,'ItemLine',NULL,302,1,'2016-07-21','2016-07-21',NULL,NULL,27,NULL,'2016-07-21 03:57:43','2016-07-21 03:57:43'),(132,28,'ItemLine',NULL,306,1,'2016-07-21','2016-07-21',NULL,NULL,27,NULL,'2016-07-21 03:57:43','2016-07-21 03:57:43'),(133,29,'ItemLine',NULL,108,1,'2016-07-21','2016-07-21',NULL,NULL,28,NULL,'2016-07-21 03:57:43','2016-07-21 03:57:43'),(134,30,'ItemLine',NULL,108,1,'2016-07-21','2016-07-21',NULL,NULL,29,NULL,'2016-07-21 03:57:43','2016-07-21 03:57:43'),(135,30,'ItemLine',NULL,76,1,'2016-07-21','2016-07-21',NULL,NULL,29,NULL,'2016-07-21 03:57:43','2016-07-21 03:57:43'),(136,31,'ItemLine',NULL,108,1,'2016-07-28','2016-07-29',NULL,NULL,30,NULL,'2016-07-21 03:57:43','2016-07-21 03:57:43'),(137,32,'ItemLine',NULL,50,1,'2016-07-21','2016-07-21',NULL,NULL,31,NULL,'2016-07-21 03:57:43','2016-07-21 03:57:43'),(138,32,'ItemLine',NULL,50,1,'2016-07-21','2016-07-21',NULL,NULL,31,NULL,'2016-07-21 03:57:43','2016-07-21 03:57:43'),(139,32,'ItemLine',NULL,50,1,'2016-07-21','2016-07-21',NULL,NULL,31,NULL,'2016-07-21 03:57:43','2016-07-21 03:57:43'),(140,33,'ItemLine',NULL,76,1,'2016-07-21','2016-07-21',NULL,NULL,32,NULL,'2016-07-21 03:57:43','2016-07-21 03:57:43'),(141,33,'ItemLine',NULL,108,1,'2016-07-21','2016-07-21',NULL,NULL,32,NULL,'2016-07-21 03:57:43','2016-07-21 03:57:43'),(142,33,'ItemLine',NULL,76,1,'2016-07-21','2016-07-21',NULL,NULL,32,NULL,'2016-07-21 03:57:43','2016-07-21 03:57:43'),(143,33,'ItemLine',NULL,108,1,'2016-07-21','2016-07-21',NULL,NULL,32,NULL,'2016-07-21 03:57:43','2016-07-21 03:57:43'),(144,33,'ItemLine',NULL,76,1,'2016-07-21','2016-07-21',NULL,NULL,32,NULL,'2016-07-21 03:57:43','2016-07-21 03:57:43'),(145,33,'ItemLine',NULL,108,1,'2016-07-21','2016-07-21',NULL,NULL,32,NULL,'2016-07-21 03:57:43','2016-07-21 03:57:43'),(146,33,'OptionLine',NULL,NULL,5,'2016-07-21','2016-07-21',NULL,1,32,NULL,'2016-07-21 03:57:43','2016-07-21 03:57:43'),(147,34,'ItemLine',NULL,147,1,'2016-07-21','2016-07-21',NULL,NULL,NULL,NULL,'2016-07-21 03:57:43','2016-07-21 03:57:43'),(148,35,'ItemLine',287,310,1,'2016-07-21','2016-07-21',NULL,NULL,NULL,NULL,'2016-07-21 03:57:43','2016-07-21 03:57:43'),(149,36,'ItemLine',66,76,1,'2016-07-21','2016-07-21',NULL,NULL,35,NULL,'2016-07-21 03:57:43','2016-07-21 03:57:43'),(150,37,'ItemLine',288,311,1,'2016-07-21','2016-07-21',NULL,NULL,36,NULL,'2016-07-21 03:57:43','2016-07-21 03:57:43'),(151,38,'ItemLine',37,49,1,'2016-07-21','2016-07-21',NULL,NULL,37,NULL,'2016-07-21 03:57:43','2016-07-21 03:57:43'),(152,38,'ItemLine',284,306,1,'2016-07-21','2016-07-21','2016-07-21',NULL,37,18,'2016-07-21 03:57:43','2016-07-21 03:57:43'),(153,39,'ItemLine',42,50,1,'2016-07-21','2016-07-21',NULL,NULL,38,NULL,'2016-07-21 03:57:43','2016-07-21 03:57:43'),(154,40,'ItemLine',289,312,1,'2016-07-21','2016-07-21',NULL,NULL,39,NULL,'2016-07-21 03:57:43','2016-07-21 03:57:43'),(155,41,'ItemLine',107,111,1,'2016-07-21','2016-07-22',NULL,NULL,40,NULL,'2016-07-21 03:57:43','2016-07-21 03:57:43'),(156,42,'ItemLine',NULL,76,1,'2016-07-28','2016-07-31',NULL,NULL,41,NULL,'2016-07-21 03:57:43','2016-07-21 03:57:43'),(157,42,'ItemLine',NULL,108,1,'2016-07-28','2016-07-31',NULL,NULL,41,NULL,'2016-07-21 03:57:43','2016-07-21 03:57:43'),(158,42,'ItemLine',NULL,108,1,'2016-07-29','2016-08-01',NULL,NULL,41,NULL,'2016-07-21 03:57:43','2016-07-21 03:57:43'),(159,43,'ItemLine',NULL,54,1,'2016-07-21','2016-07-22',NULL,NULL,41,NULL,'2016-07-21 03:57:43','2016-07-21 03:57:43'),(160,44,'ItemLine',NULL,50,1,'2016-07-19','2016-07-22',NULL,NULL,42,NULL,'2016-07-21 03:57:43','2016-07-21 03:57:43'),(161,44,'ItemLine',NULL,313,1,'2016-07-19','2016-07-22',NULL,NULL,42,NULL,'2016-07-21 03:57:43','2016-07-21 03:57:43'),(162,45,'ItemLine',136,50,1,'2016-07-21','2016-07-21',NULL,NULL,43,NULL,'2016-07-21 03:57:43','2016-07-21 03:57:43'),(163,45,'OptionLine',NULL,NULL,1,'2016-07-21','2016-07-21',NULL,1,43,NULL,'2016-07-21 03:57:43','2016-07-21 03:57:43'),(164,46,'ItemLine',NULL,76,1,'2016-08-27','2016-09-04',NULL,NULL,44,NULL,'2016-07-21 03:57:43','2016-07-21 03:57:43'),(165,47,'ItemLine',NULL,76,1,'2016-09-11','2016-09-14',NULL,NULL,45,NULL,'2016-07-21 03:57:43','2016-07-21 03:57:43'),(166,47,'ItemLine',NULL,76,1,'2016-09-11','2016-09-14',NULL,NULL,45,NULL,'2016-07-21 03:57:43','2016-07-21 03:57:43'),(167,47,'ItemLine',NULL,76,1,'2016-09-11','2016-09-14',NULL,NULL,45,NULL,'2016-07-21 03:57:43','2016-07-21 03:57:43'),(168,47,'ItemLine',NULL,76,1,'2016-09-11','2016-09-14',NULL,NULL,45,NULL,'2016-07-21 03:57:43','2016-07-21 03:57:43'),(169,47,'ItemLine',NULL,76,1,'2016-09-11','2016-09-14',NULL,NULL,45,NULL,'2016-07-21 03:57:43','2016-07-21 03:57:43'),(170,47,'ItemLine',NULL,76,1,'2016-09-11','2016-09-14',NULL,NULL,45,NULL,'2016-07-21 03:57:43','2016-07-21 03:57:43'),(171,48,'ItemLine',NULL,25,1,'2016-07-21','2016-07-21',NULL,NULL,46,NULL,'2016-07-21 03:57:43','2016-07-21 03:57:43'),(172,49,'ItemLine',102,108,1,'2016-07-16','2016-07-20',NULL,NULL,47,NULL,'2016-07-16 00:00:00','2016-07-16 00:00:00');
/*!40000 ALTER TABLE `contract_lines` ENABLE KEYS */;
UNLOCK TABLES;

--
-- Table structure for table `contracts`
--

DROP TABLE IF EXISTS `contracts`;
/*!40101 SET @saved_cs_client     = @@character_set_client */;
/*!40101 SET character_set_client = utf8 */;
CREATE TABLE `contracts` (
  `id` int(11) NOT NULL AUTO_INCREMENT,
  `user_id` int(11) DEFAULT NULL,
  `delegated_user_id` int(11) DEFAULT NULL,
  `inventory_pool_id` int(11) DEFAULT NULL,
  `note` text COLLATE utf8_unicode_ci,
  `handed_over_by_user_id` int(11) DEFAULT NULL,
  `created_at` datetime DEFAULT NULL,
  `updated_at` datetime DEFAULT NULL,
  `status` enum('unsubmitted','submitted','rejected','approved','signed','closed') COLLATE utf8_unicode_ci NOT NULL,
  PRIMARY KEY (`id`),
  KEY `index_contracts_on_inventory_pool_id` (`inventory_pool_id`),
  KEY `index_contracts_on_status` (`status`),
  KEY `index_contracts_on_user_id` (`user_id`),
  KEY `contracts_delegated_user_id_fk` (`delegated_user_id`),
  KEY `contracts_handed_over_by_user_id_fk` (`handed_over_by_user_id`),
  CONSTRAINT `contracts_handed_over_by_user_id_fk` FOREIGN KEY (`handed_over_by_user_id`) REFERENCES `users` (`id`),
  CONSTRAINT `contracts_delegated_user_id_fk` FOREIGN KEY (`delegated_user_id`) REFERENCES `users` (`id`),
  CONSTRAINT `contracts_inventory_pool_id_fk` FOREIGN KEY (`inventory_pool_id`) REFERENCES `inventory_pools` (`id`),
  CONSTRAINT `contracts_user_id_fk` FOREIGN KEY (`user_id`) REFERENCES `users` (`id`)
) ENGINE=InnoDB AUTO_INCREMENT=50 DEFAULT CHARSET=utf8 COLLATE=utf8_unicode_ci;
/*!40101 SET character_set_client = @saved_cs_client */;

--
-- Dumping data for table `contracts`
--

LOCK TABLES `contracts` WRITE;
/*!40000 ALTER TABLE `contracts` DISABLE KEYS */;
INSERT INTO `contracts` VALUES (1,5,NULL,5,NULL,NULL,'2016-07-21 03:57:43','2016-07-21 03:57:43','unsubmitted'),(2,6,NULL,10,NULL,NULL,'2016-07-21 03:57:43','2016-07-21 03:57:43','approved'),(3,7,NULL,1,NULL,NULL,'2016-07-21 03:57:43','2016-07-21 03:57:43','closed'),(4,12,NULL,1,NULL,NULL,'2016-07-16 04:54:01','2016-07-16 04:54:01','submitted'),(5,12,NULL,1,NULL,NULL,'2016-07-16 04:54:01','2016-07-16 04:54:01','approved'),(6,12,NULL,1,NULL,NULL,'2016-07-16 04:54:02','2016-07-16 04:54:02','rejected'),(7,12,NULL,1,NULL,NULL,'2016-07-14 05:39:45','2016-07-14 05:39:45','submitted'),(8,12,NULL,1,NULL,NULL,'2016-07-20 21:51:15','2016-07-20 21:51:15','submitted'),(9,13,NULL,1,NULL,NULL,'2016-07-21 03:57:43','2016-07-21 03:57:43','submitted'),(10,14,NULL,1,NULL,NULL,'2016-07-21 03:57:43','2016-07-21 03:57:43','submitted'),(11,15,NULL,1,NULL,NULL,'2016-07-21 03:57:43','2016-07-21 03:57:43','submitted'),(12,16,NULL,1,NULL,NULL,'2016-07-21 03:57:43','2016-07-21 03:57:43','submitted'),(13,20,NULL,1,NULL,NULL,'2016-07-21 03:57:43','2016-07-21 03:57:43','approved'),(14,21,NULL,1,NULL,18,'2016-07-21 03:57:43','2016-07-21 03:57:43','signed'),(15,22,NULL,1,NULL,18,'2016-07-21 03:57:43','2016-07-21 03:57:43','signed'),(16,23,NULL,1,NULL,18,'2016-07-21 03:57:43','2016-07-21 03:57:43','signed'),(17,24,NULL,2,NULL,18,'2016-07-16 00:00:00','2016-07-16 00:00:00','signed'),(18,26,NULL,1,NULL,18,'2016-07-21 03:57:43','2016-07-21 03:57:43','closed'),(19,27,NULL,1,NULL,18,'2016-07-21 03:57:43','2016-07-21 03:57:43','closed'),(20,30,28,1,NULL,NULL,'2016-07-21 03:57:43','2016-07-21 03:57:43','submitted'),(21,30,29,1,NULL,NULL,'2016-07-21 03:57:43','2016-07-21 03:57:43','approved'),(22,30,28,1,NULL,18,'2016-07-21 03:57:43','2016-07-21 03:57:43','signed'),(23,30,28,1,NULL,18,'2016-07-16 00:00:00','2016-07-16 00:00:00','signed'),(24,34,NULL,1,NULL,NULL,'2016-07-21 03:57:43','2016-07-21 03:57:43','submitted'),(25,34,NULL,2,NULL,NULL,'2016-07-21 03:57:43','2016-07-21 03:57:43','submitted'),(26,34,NULL,2,NULL,NULL,'2016-07-21 03:57:43','2016-07-21 03:57:43','submitted'),(27,34,NULL,1,NULL,NULL,'2016-07-21 03:57:43','2016-07-21 03:57:43','submitted'),(28,34,NULL,2,NULL,NULL,'2016-07-21 03:57:43','2016-07-21 03:57:43','submitted'),(29,34,NULL,1,NULL,NULL,'2016-07-21 03:57:43','2016-07-21 03:57:43','approved'),(30,34,NULL,1,NULL,NULL,'2016-07-21 03:57:43','2016-07-21 03:57:43','approved'),(31,34,NULL,1,NULL,NULL,'2016-07-21 03:57:43','2016-07-21 03:57:43','approved'),(32,34,NULL,1,NULL,NULL,'2016-07-21 03:57:43','2016-07-21 03:57:43','approved'),(33,34,NULL,1,NULL,NULL,'2016-07-21 03:57:43','2016-07-21 03:57:43','approved'),(34,34,NULL,1,NULL,NULL,'2016-07-21 03:57:43','2016-07-21 03:57:43','approved'),(35,34,NULL,1,NULL,NULL,'2016-07-21 03:57:43','2016-07-21 03:57:43','approved'),(36,34,NULL,1,NULL,18,'2016-07-21 03:57:43','2016-07-21 03:57:43','signed'),(37,34,NULL,1,NULL,18,'2016-07-21 03:57:43','2016-07-21 03:57:43','signed'),(38,34,NULL,2,NULL,18,'2016-07-21 03:57:43','2016-07-21 03:57:43','signed'),(39,34,NULL,2,NULL,18,'2016-07-21 03:57:43','2016-07-21 03:57:43','signed'),(40,34,NULL,2,NULL,18,'2016-07-21 03:57:43','2016-07-21 03:57:43','signed'),(41,34,NULL,1,NULL,18,'2016-07-21 03:57:43','2016-07-21 03:57:43','signed'),(42,35,NULL,1,NULL,NULL,'2016-07-21 03:57:43','2016-07-21 03:57:43','submitted'),(43,35,NULL,1,NULL,NULL,'2016-07-21 03:57:43','2016-07-21 03:57:43','submitted'),(44,35,NULL,1,NULL,NULL,'2016-07-21 03:57:43','2016-07-21 03:57:43','approved'),(45,35,NULL,1,NULL,18,'2016-07-21 03:57:43','2016-07-21 03:57:43','signed'),(46,36,NULL,1,NULL,NULL,'2016-07-21 03:57:43','2016-07-21 03:57:43','submitted'),(47,36,NULL,1,NULL,NULL,'2016-07-21 03:57:43','2016-07-21 03:57:43','submitted'),(48,36,NULL,1,NULL,NULL,'2016-07-21 03:57:43','2016-07-21 03:57:43','approved'),(49,36,NULL,1,NULL,18,'2016-07-16 00:00:00','2016-07-16 00:00:00','signed');
/*!40000 ALTER TABLE `contracts` ENABLE KEYS */;
UNLOCK TABLES;

--
-- Table structure for table `database_authentications`
--

DROP TABLE IF EXISTS `database_authentications`;
/*!40101 SET @saved_cs_client     = @@character_set_client */;
/*!40101 SET character_set_client = utf8 */;
CREATE TABLE `database_authentications` (
  `id` int(11) NOT NULL AUTO_INCREMENT,
  `login` varchar(255) COLLATE utf8_unicode_ci DEFAULT NULL,
  `crypted_password` varchar(40) COLLATE utf8_unicode_ci DEFAULT NULL,
  `salt` varchar(40) COLLATE utf8_unicode_ci DEFAULT NULL,
  `user_id` int(11) DEFAULT NULL,
  `created_at` datetime DEFAULT NULL,
  `updated_at` datetime DEFAULT NULL,
  PRIMARY KEY (`id`),
  KEY `database_authentications_user_id_fk` (`user_id`),
  CONSTRAINT `database_authentications_user_id_fk` FOREIGN KEY (`user_id`) REFERENCES `users` (`id`) ON DELETE CASCADE
) ENGINE=InnoDB AUTO_INCREMENT=33 DEFAULT CHARSET=utf8 COLLATE=utf8_unicode_ci;
/*!40101 SET character_set_client = @saved_cs_client */;

--
-- Dumping data for table `database_authentications`
--

LOCK TABLES `database_authentications` WRITE;
/*!40000 ALTER TABLE `database_authentications` DISABLE KEYS */;
INSERT INTO `database_authentications` VALUES (1,'ramon','be373e0cbc7c4b5001842a5e0ea4529b9996e4cb','b9cd75946adfa7815141a7efc9b7951bb299fd9b',1,'2016-07-21 03:57:43','2016-07-21 03:57:43'),(2,'ike_jaskolski_8346','6fde69d012789213a26d2fa7e8037d624334522f','a21a68098f544729eccf7cd4c02af1eedd6f640e',2,'2016-07-21 03:57:43','2016-07-21 03:57:43'),(3,'elvis_turcotte_453','50da99129061a631935bff0a1b3183adecf2b2db','69cc2e84c94977ff5fee18b7a836364bda1f31d9',3,'2016-07-21 03:57:43','2016-07-21 03:57:43'),(4,'andy_6799','2961c9495f2c95bd226279754d9ce8e076d806ea','6d29b84fb8e919a4b838625dec52cfe56d577d5a',4,'2016-07-21 03:57:43','2016-07-21 03:57:43'),(5,'ayla.reinger_949','6c0166f544f6f090e8a5a30143275b607daee525','93d95490c53a373383185a753c36b54dada7ab51',5,'2016-07-21 03:57:43','2016-07-21 03:57:43'),(6,'myriam.hodkiewicz_2503','609feb6c01422a34d46d33688f3225da78a0fa50','4ec5b4ac829527cdde2f59da97f4213b001c4594',6,'2016-07-21 03:57:43','2016-07-21 03:57:43'),(7,'vena.hills_6202','62004e4cd6a1a8313db0b0b6ac802449ae1d89cc','94d638214290190528ba276cd4095f6bee5eb75d',7,'2016-07-21 03:57:43','2016-07-21 03:57:43'),(8,'matti','c885f9968d81c3599f5bd1697fa24b826867154d','a2599ca90b21d2683b66e28c7577c2cc8e42dfa7',8,'2016-07-21 03:57:43','2016-07-21 03:57:43'),(9,'mike','d02a11150d476cbdcb74ba712cdc0c2215e99018','744f105c5fcb5824258e1f445cdaa9d1f92224f2',9,'2016-07-21 03:57:43','2016-07-21 03:57:43'),(10,'andi','de8542d496c83536f51b4c8441efe51e05b6f60f','7caaef99bba0b340245430cec46d94efb992967a',10,'2016-07-21 03:57:43','2016-07-21 03:57:43'),(11,'francesco.mitchell_9167','95247cfcb78be4773c9869c07d1843386f6ba0ce','bc288969438cce417ef5752af5be99ca46e7edc3',11,'2016-07-21 03:57:43','2016-07-21 03:57:43'),(12,'alvina_2925','91d6f3340dae8729f0c500e176e0636098bdfd3d','4b8336d9e67a506e5ff019341db25a84cc3a2477',12,'2016-07-21 03:57:43','2016-07-21 03:57:43'),(13,'alexis.kris_2965','99de25ab033bf2b2973573d29baaaff985b046e9','1a86547d09ccc06ca3b9d47e86d06127ea4853f0',13,'2016-07-21 03:57:43','2016-07-21 03:57:43'),(14,'vesta_5609','c108d9b41e22644f616ea8812b370ac15346f788','a4862736a3c88a07b7ac7a36eada1e98366dad35',14,'2016-07-21 03:57:43','2016-07-21 03:57:43'),(15,'erick_luettgen_1350','c446bdd1b10bc16438ab5b553e79d3d4f7732607','53b6fbc6dba97e6dbbdd485d464474d2f4ed7910',15,'2016-07-21 03:57:43','2016-07-21 03:57:43'),(16,'melba.torphy_160','18fdefc303929407336bd5ed38e62b2a041e1525','808a1ca1aa4a7221dc27f2154832a19bf1995681',16,'2016-07-21 03:57:43','2016-07-21 03:57:43'),(17,'gino','cde723c414718064dbe99116975e37311deaba71','6f4b7c6afa023fd636116d2599574465e545a4c8',17,'2016-07-21 03:57:43','2016-07-21 03:57:43'),(18,'pius','ec6adb003162c1ae766d372e126743426f119c2c','6c7885ed273c31af60996693d65506136f2bd470',18,'2016-07-21 03:57:43','2016-07-21 03:57:43'),(19,'peter','f58f7a7d57a2927e4b69126bc6538c4c22a34acd','ea1b93ea314b811a2a868743a1696989cf248cb0',19,'2016-07-21 03:57:43','2016-07-21 03:57:43'),(20,'felipe_6109','e9873df35dd0fc9bce72d196680f541df64795b0','30bc240c80bd1135d85bc3c200c401a4f581072d',20,'2016-07-21 03:57:43','2016-07-21 03:57:43'),(21,'markus_2484','92059a8af20f3791ca2d81c8184fde4261c27e4b','b10d58a58fd272031d7e7bad6e2c42b3ac5c3b31',21,'2016-07-21 03:57:43','2016-07-21 03:57:43'),(22,'stanford_324','447f894b9bd75daa9caaf6d5242f330714b6d416','cfa8f93dce728ef178a347d4cc96c61f43f58b7a',22,'2016-07-21 03:57:43','2016-07-21 03:57:43'),(23,'tom_5273','c7222a49b6cc217fa09f455af6fe466d88a7a900','1ecd6c0bc61807bd1800ca669e20cf103a9e706c',23,'2016-07-21 03:57:43','2016-07-21 03:57:43'),(24,'felipa_696','9d162458e6343da80107371b7abf70af8f171f4c','a14b757fc6f90a491beda9ec4f0e6480893795f5',24,'2016-07-16 00:00:00','2016-07-16 00:00:00'),(25,'angela.gorczany_3614','656d7406559e61348a4370e535ddb85289caa490','6a2eece0e1bebc8e27e1412d7f047a7b9c5bfb44',25,'2016-07-16 00:00:00','2016-07-16 00:00:00'),(26,'pete_9295','5612aef0d6913de31775bbcfd8097d6ad320b6c4','986f96ff3f0d276c122926954da6600f0efabdcf',26,'2016-07-21 03:57:43','2016-07-21 03:57:43'),(27,'marta_7116','a4f8f317cc4e4fb4342282e693c760417ba5ade5','50d677ee8df9b3e67b53ebf9d131e52057b8a1a8',27,'2016-07-21 03:57:43','2016-07-21 03:57:43'),(28,'mina','be4be9be83d5e0cbd93d2a22873b64d1db17af18','edc96c899c2f8ca78236d64c9ad67cf1ea373ba8',28,'2016-07-21 03:57:43','2016-07-21 03:57:43'),(29,'julie','92389cb45b5171a5da616388b9fe9c4da55682b9','91ead35c209ba84e039d18ba9f469c3f3f804a42',29,'2016-07-21 03:57:43','2016-07-21 03:57:43'),(30,'normin','4afed91b5cd2d595303306c7c23bce9a56be9168','e275c1938614cca9017d9c0797a19cce647e22c9',34,'2016-07-21 03:57:43','2016-07-21 03:57:43'),(31,'petra','29d9dc5388f81aa1ac3415f10ce784fd02e98ac4','d6c58916643885ffc4002ab8b4743d8275fb2609',35,'2016-07-21 03:57:43','2016-07-21 03:57:43'),(32,'lisa','c1b3019732ac41adab8d1062fe6e9f65f089788e','c91c0fa30d49a7272514ec0b0943e7262d890f2f',36,'2016-07-21 03:57:43','2016-07-21 03:57:43');
/*!40000 ALTER TABLE `database_authentications` ENABLE KEYS */;
UNLOCK TABLES;

--
-- Table structure for table `delegations_users`
--

DROP TABLE IF EXISTS `delegations_users`;
/*!40101 SET @saved_cs_client     = @@character_set_client */;
/*!40101 SET character_set_client = utf8 */;
CREATE TABLE `delegations_users` (
  `delegation_id` int(11) DEFAULT NULL,
  `user_id` int(11) DEFAULT NULL,
  UNIQUE KEY `index_delegations_users_on_user_id_and_delegation_id` (`user_id`,`delegation_id`),
  KEY `index_delegations_users_on_delegation_id` (`delegation_id`),
  CONSTRAINT `delegations_users_delegation_id_fk` FOREIGN KEY (`delegation_id`) REFERENCES `users` (`id`),
  CONSTRAINT `delegations_users_user_id_fk` FOREIGN KEY (`user_id`) REFERENCES `users` (`id`)
) ENGINE=InnoDB DEFAULT CHARSET=utf8 COLLATE=utf8_unicode_ci;
/*!40101 SET character_set_client = @saved_cs_client */;

--
-- Dumping data for table `delegations_users`
--

LOCK TABLES `delegations_users` WRITE;
/*!40000 ALTER TABLE `delegations_users` DISABLE KEYS */;
INSERT INTO `delegations_users` VALUES (30,28),(31,28),(32,28),(33,28),(30,29),(31,29),(32,29),(33,29);
/*!40000 ALTER TABLE `delegations_users` ENABLE KEYS */;
UNLOCK TABLES;

--
-- Table structure for table `groups`
--

DROP TABLE IF EXISTS `groups`;
/*!40101 SET @saved_cs_client     = @@character_set_client */;
/*!40101 SET character_set_client = utf8 */;
CREATE TABLE `groups` (
  `id` int(11) NOT NULL AUTO_INCREMENT,
  `name` varchar(255) COLLATE utf8_unicode_ci DEFAULT NULL,
  `inventory_pool_id` int(11) DEFAULT NULL,
  `is_verification_required` tinyint(1) DEFAULT '0',
  `created_at` datetime DEFAULT NULL,
  `updated_at` datetime DEFAULT NULL,
  PRIMARY KEY (`id`),
  KEY `index_groups_on_inventory_pool_id` (`inventory_pool_id`),
  KEY `index_groups_on_is_verification_required` (`is_verification_required`),
  CONSTRAINT `groups_inventory_pool_id_fk` FOREIGN KEY (`inventory_pool_id`) REFERENCES `inventory_pools` (`id`)
) ENGINE=InnoDB AUTO_INCREMENT=10 DEFAULT CHARSET=utf8 COLLATE=utf8_unicode_ci;
/*!40101 SET character_set_client = @saved_cs_client */;

--
-- Dumping data for table `groups`
--

LOCK TABLES `groups` WRITE;
/*!40000 ALTER TABLE `groups` DISABLE KEYS */;
INSERT INTO `groups` VALUES (1,'Cast',1,0,'2016-07-21 03:57:43','2016-07-21 03:57:43'),(2,'IAD',1,0,'2016-07-21 03:57:43','2016-07-21 03:57:43'),(3,'Wu',1,0,'2016-07-21 03:57:43','2016-07-21 03:57:43'),(4,'Group Hifi',1,0,'2016-07-21 03:57:43','2016-07-21 03:57:43'),(5,'Group A',1,0,'2016-07-21 03:57:43','2016-07-21 03:57:43'),(6,'Group B',1,0,'2016-07-21 03:57:43','2016-07-21 03:57:43'),(7,'FFI',1,1,'2016-07-21 03:57:43','2016-07-21 03:57:43'),(8,'VTO',1,1,'2016-07-21 03:57:43','2016-07-21 03:57:43'),(9,'1. Semester',2,1,'2016-07-21 03:57:43','2016-07-21 03:57:43');
/*!40000 ALTER TABLE `groups` ENABLE KEYS */;
UNLOCK TABLES;

--
-- Table structure for table `groups_users`
--

DROP TABLE IF EXISTS `groups_users`;
/*!40101 SET @saved_cs_client     = @@character_set_client */;
/*!40101 SET character_set_client = utf8 */;
CREATE TABLE `groups_users` (
  `user_id` int(11) DEFAULT NULL,
  `group_id` int(11) DEFAULT NULL,
  UNIQUE KEY `index_groups_users_on_user_id_and_group_id` (`user_id`,`group_id`),
  KEY `index_groups_users_on_group_id` (`group_id`),
  CONSTRAINT `groups_users_user_id_fk` FOREIGN KEY (`user_id`) REFERENCES `users` (`id`),
  CONSTRAINT `groups_users_group_id_fk` FOREIGN KEY (`group_id`) REFERENCES `groups` (`id`)
) ENGINE=InnoDB DEFAULT CHARSET=utf8 COLLATE=utf8_unicode_ci;
/*!40101 SET character_set_client = @saved_cs_client */;

--
-- Dumping data for table `groups_users`
--

LOCK TABLES `groups_users` WRITE;
/*!40000 ALTER TABLE `groups_users` DISABLE KEYS */;
INSERT INTO `groups_users` VALUES (12,7),(12,8),(13,7),(14,7),(14,8),(15,7),(15,9),(16,7),(34,1),(36,1);
/*!40000 ALTER TABLE `groups_users` ENABLE KEYS */;
UNLOCK TABLES;

--
-- Table structure for table `histories`
--

DROP TABLE IF EXISTS `histories`;
/*!40101 SET @saved_cs_client     = @@character_set_client */;
/*!40101 SET character_set_client = utf8 */;
CREATE TABLE `histories` (
  `id` int(11) NOT NULL AUTO_INCREMENT,
  `text` varchar(255) COLLATE utf8_unicode_ci DEFAULT '',
  `type_const` int(11) DEFAULT NULL,
  `created_at` datetime NOT NULL,
  `target_id` int(11) NOT NULL,
  `target_type` varchar(255) COLLATE utf8_unicode_ci NOT NULL,
  `user_id` int(11) DEFAULT NULL,
  PRIMARY KEY (`id`),
  KEY `index_histories_on_target_type_and_target_id` (`target_type`,`target_id`),
  KEY `index_histories_on_type_const` (`type_const`),
  KEY `index_histories_on_user_id` (`user_id`),
  CONSTRAINT `histories_user_id_fk` FOREIGN KEY (`user_id`) REFERENCES `users` (`id`) ON DELETE CASCADE
) ENGINE=InnoDB AUTO_INCREMENT=17 DEFAULT CHARSET=utf8 COLLATE=utf8_unicode_ci;
/*!40101 SET character_set_client = @saved_cs_client */;

--
-- Dumping data for table `histories`
--

LOCK TABLES `histories` WRITE;
/*!40000 ALTER TABLE `histories` DISABLE KEYS */;
INSERT INTO `histories` VALUES (1,'Contract 14 has been signed by Ashton Wolf',1,'2016-07-21 03:57:43',14,'Contract',18),(2,'Contract 15 has been signed by Sylvan Hayes',1,'2016-07-21 03:57:43',15,'Contract',18),(3,'Contract 16 has been signed by Bertram Emard',1,'2016-07-21 03:57:43',16,'Contract',18),(4,'Contract 17 has been signed by Lew Keebler',1,'2016-07-16 00:00:00',17,'Contract',18),(5,'Contract 18 has been signed by Karina Dibbert',1,'2016-07-21 03:57:43',18,'Contract',18),(6,'Contract 19 has been signed by Stanton Langosh',1,'2016-07-21 03:57:43',19,'Contract',18),(7,'Contract 22 has been signed by Aliquid qui quia est ipsam aut.',1,'2016-07-21 03:57:43',22,'Contract',18),(8,'Contract 23 has been signed by Aliquid qui quia est ipsam aut.',1,'2016-07-16 00:00:00',23,'Contract',18),(9,'Contract 36 has been signed by Normin N.',1,'2016-07-21 03:57:43',36,'Contract',18),(10,'Contract 37 has been signed by Normin N.',1,'2016-07-21 03:57:43',37,'Contract',18),(11,'Contract 38 has been signed by Normin N.',1,'2016-07-21 03:57:43',38,'Contract',18),(12,'Contract 39 has been signed by Normin N.',1,'2016-07-21 03:57:43',39,'Contract',18),(13,'Contract 40 has been signed by Normin N.',1,'2016-07-21 03:57:43',40,'Contract',18),(14,'Contract 41 has been signed by Normin N.',1,'2016-07-21 03:57:43',41,'Contract',18),(15,'Contract 45 has been signed by Petra K.',1,'2016-07-21 03:57:43',45,'Contract',18),(16,'Contract 49 has been signed by Lisa L.',1,'2016-07-16 00:00:00',49,'Contract',18);
/*!40000 ALTER TABLE `histories` ENABLE KEYS */;
UNLOCK TABLES;

--
-- Table structure for table `holidays`
--

DROP TABLE IF EXISTS `holidays`;
/*!40101 SET @saved_cs_client     = @@character_set_client */;
/*!40101 SET character_set_client = utf8 */;
CREATE TABLE `holidays` (
  `id` int(11) NOT NULL AUTO_INCREMENT,
  `inventory_pool_id` int(11) DEFAULT NULL,
  `start_date` date DEFAULT NULL,
  `end_date` date DEFAULT NULL,
  `name` varchar(255) COLLATE utf8_unicode_ci DEFAULT NULL,
  PRIMARY KEY (`id`),
  KEY `index_holidays_on_inventory_pool_id` (`inventory_pool_id`),
  KEY `index_holidays_on_start_date_and_end_date` (`start_date`,`end_date`),
  CONSTRAINT `holidays_inventory_pool_id_fk` FOREIGN KEY (`inventory_pool_id`) REFERENCES `inventory_pools` (`id`) ON DELETE CASCADE
) ENGINE=InnoDB AUTO_INCREMENT=9 DEFAULT CHARSET=utf8 COLLATE=utf8_unicode_ci;
/*!40101 SET character_set_client = @saved_cs_client */;

--
-- Dumping data for table `holidays`
--

LOCK TABLES `holidays` WRITE;
/*!40000 ALTER TABLE `holidays` DISABLE KEYS */;
INSERT INTO `holidays` VALUES (1,1,'2016-12-24','2016-12-26','Christmas'),(2,1,'2017-12-24','2017-12-26','Christmas'),(3,2,'2016-12-24','2016-12-26','Christmas'),(4,2,'2017-12-24','2017-12-26','Christmas'),(5,3,'2016-12-24','2016-12-26','Christmas'),(6,3,'2017-12-24','2017-12-26','Christmas'),(7,1,'2016-12-24','2016-12-26','Christmas'),(8,1,'2017-12-24','2017-12-26','Christmas');
/*!40000 ALTER TABLE `holidays` ENABLE KEYS */;
UNLOCK TABLES;

--
-- Table structure for table `images`
--

DROP TABLE IF EXISTS `images`;
/*!40101 SET @saved_cs_client     = @@character_set_client */;
/*!40101 SET character_set_client = utf8 */;
CREATE TABLE `images` (
  `id` int(11) NOT NULL AUTO_INCREMENT,
  `is_main` tinyint(1) DEFAULT '0',
  `content_type` varchar(255) COLLATE utf8_unicode_ci DEFAULT NULL,
  `filename` varchar(255) COLLATE utf8_unicode_ci DEFAULT NULL,
  `size` int(11) DEFAULT NULL,
  `height` int(11) DEFAULT NULL,
  `width` int(11) DEFAULT NULL,
  `parent_id` int(11) DEFAULT NULL,
  `thumbnail` varchar(255) COLLATE utf8_unicode_ci DEFAULT NULL,
  `target_id` int(11) DEFAULT NULL,
  `target_type` varchar(255) COLLATE utf8_unicode_ci DEFAULT NULL,
  PRIMARY KEY (`id`),
  KEY `index_images_on_target_id_and_target_type` (`target_id`,`target_type`)
) ENGINE=InnoDB AUTO_INCREMENT=5 DEFAULT CHARSET=utf8 COLLATE=utf8_unicode_ci;
/*!40101 SET character_set_client = @saved_cs_client */;

--
-- Dumping data for table `images`
--

LOCK TABLES `images` WRITE;
/*!40000 ALTER TABLE `images` DISABLE KEYS */;
INSERT INTO `images` VALUES (1,0,'image/jpeg','sit',NULL,NULL,NULL,NULL,NULL,1,'ModelGroup'),(2,0,'image/jpeg','aut',NULL,NULL,NULL,NULL,NULL,145,'Model'),(3,0,'image/jpeg','odio',NULL,NULL,NULL,NULL,NULL,145,'Model'),(4,0,'image/jpeg','molestiae',NULL,NULL,NULL,NULL,NULL,146,'Model');
/*!40000 ALTER TABLE `images` ENABLE KEYS */;
UNLOCK TABLES;

--
-- Table structure for table `inventory_pools`
--

DROP TABLE IF EXISTS `inventory_pools`;
/*!40101 SET @saved_cs_client     = @@character_set_client */;
/*!40101 SET character_set_client = utf8 */;
CREATE TABLE `inventory_pools` (
  `id` int(11) NOT NULL AUTO_INCREMENT,
  `name` varchar(255) COLLATE utf8_unicode_ci DEFAULT NULL,
  `description` text COLLATE utf8_unicode_ci,
  `contact_details` varchar(255) COLLATE utf8_unicode_ci DEFAULT NULL,
  `contract_description` varchar(255) COLLATE utf8_unicode_ci DEFAULT NULL,
  `contract_url` varchar(255) COLLATE utf8_unicode_ci DEFAULT NULL,
  `logo_url` varchar(255) COLLATE utf8_unicode_ci DEFAULT NULL,
  `default_contract_note` text COLLATE utf8_unicode_ci,
  `shortname` varchar(255) COLLATE utf8_unicode_ci DEFAULT NULL,
  `email` varchar(255) COLLATE utf8_unicode_ci DEFAULT NULL,
  `color` text COLLATE utf8_unicode_ci,
  `print_contracts` tinyint(1) DEFAULT '1',
  `opening_hours` text COLLATE utf8_unicode_ci,
  `address_id` int(11) DEFAULT NULL,
  `automatic_suspension` tinyint(1) NOT NULL DEFAULT '0',
  `automatic_suspension_reason` text COLLATE utf8_unicode_ci,
  `automatic_access` tinyint(1) DEFAULT NULL,
  PRIMARY KEY (`id`),
  UNIQUE KEY `index_inventory_pools_on_name` (`name`),
  KEY `inventory_pools_address_id_fk` (`address_id`),
  CONSTRAINT `inventory_pools_address_id_fk` FOREIGN KEY (`address_id`) REFERENCES `addresses` (`id`)
) ENGINE=InnoDB AUTO_INCREMENT=14 DEFAULT CHARSET=utf8 COLLATE=utf8_unicode_ci;
/*!40101 SET character_set_client = @saved_cs_client */;

--
-- Dumping data for table `inventory_pools`
--

LOCK TABLES `inventory_pools` WRITE;
/*!40000 ALTER TABLE `inventory_pools` DISABLE KEYS */;
INSERT INTO `inventory_pools` VALUES (1,'A-Ausleihe','Wichtige Hinweise...\n Bitte die Gegenstnde rechtzeitig zurckbringen','A Verleih  /  ZHdK\nav@zh-dk.ch\n+41 00 00 00 00','Gert erhalten','av@zhdk.ch',NULL,'Velit maiores natus maxime commodi explicabo.','A','av@zhdk.ch',NULL,1,NULL,NULL,1,'Aut autem et blanditiis.',NULL),(2,'IT-Ausleihe','Bringt die Gerte bitte rechtzeitig zurck','IT Verleih  /  ZHdK\nav@zh-dk.ch\n+41 00 00 00 00','Gert erhalten','it@zhdk.ch',NULL,NULL,'IT','it@zhdk.ch',NULL,1,NULL,NULL,1,'A accusantium id suscipit rem voluptatem.',NULL),(3,'AV-Technik','Bringt die Gerte bitte rechtzeitig zurck','AV Verleih  /  ZHdK\nav@zh-dk.ch\n+41 00 00 00 00','Gert erhalten','it@zhdk.ch',NULL,NULL,'AV','it@zhdk.ch',NULL,1,NULL,NULL,0,NULL,NULL),(4,'DT deletable','Bringt die Gerte bitte rechtzeitig zurck','AV Verleih  /  ZHdK\nav@zh-dk.ch\n+41 00 00 00 00','Gert erhalten','it@zhdk.ch',NULL,NULL,'DT','it@zhdk.ch',NULL,1,NULL,NULL,0,NULL,NULL),(5,'Suscipitminuserroreius','Atque rerum et dolor.','Minima dignissimos cupiditate odio debitis.','Suscipitminuserroreius','tyrell_wisoky@labadie.name',NULL,NULL,'AQKIQ9','tyrell_wisoky@labadie.name',NULL,1,NULL,NULL,0,NULL,NULL),(6,'Voluptatevelineos','Id est delectus deserunt.','Aut voluptates dicta tempora voluptatem molestiae.','Voluptatevelineos','lonny_torphy@koch.name',NULL,NULL,'99UDZF','lonny_torphy@koch.name',NULL,1,NULL,NULL,0,NULL,NULL),(7,'Molestiaeaccusantiumdoloribusdebitis','Molestiae enim voluptas provident occaecati doloremque distinctio aut.','Nesciunt nulla omnis consequuntur eveniet nihil.','Molestiaeaccusantiumdoloribusdebitis','brenna@beatty.info',NULL,NULL,'N5DS9X','brenna@beatty.info',NULL,1,NULL,NULL,0,NULL,NULL),(8,'Enimnecessitatibusnumquamesse','Voluptas sequi explicabo deserunt non harum.','Laudantium rerum officiis ut qui dolorum quia.','Enimnecessitatibusnumquamesse','arlo.sipes@heaney.com',NULL,NULL,'3P4A7Q','arlo.sipes@heaney.com',NULL,1,NULL,NULL,0,NULL,NULL),(9,'Sapientepraesentiumipsamdicta','Quas ut eum sint qui iste esse et eos.','Ut quia nihil quasi est.','Sapientepraesentiumipsamdicta','jakayla@hilpert.co.uk',NULL,NULL,'IVOK7Q','jakayla@hilpert.co.uk',NULL,1,NULL,NULL,0,NULL,NULL),(10,'Minusvoluptasminimamolestiae','Et possimus et unde odio quo rem vel.','Ut quos voluptate beatae quia.','Minusvoluptasminimamolestiae','ozella.quitzon@schmitt.co.uk',NULL,NULL,'NXHP2K','ozella.quitzon@schmitt.co.uk',NULL,1,NULL,NULL,0,NULL,NULL),(11,'Laboreiurenemorerum','Minus sit exercitationem et.','Qui nisi consequatur error.','Laboreiurenemorerum','verona@robel.co.uk',NULL,NULL,'BPEYLL','verona@robel.co.uk',NULL,1,NULL,NULL,0,NULL,NULL),(12,'Oditsuntfacereearum','Mollitia dolorum occaecati quisquam qui omnis aut corporis praesentium.','Voluptas fugit sunt debitis.','Oditsuntfacereearum','murray@zieme.info',NULL,NULL,'TQ6ORL','murray@zieme.info',NULL,1,NULL,NULL,0,NULL,NULL),(13,'Molestiaeaperiamveritatisomnis','Sed in voluptatibus cupiditate excepturi sunt dolores.','Qui tempore facere rerum aperiam officiis atque et modi.','Molestiaeaperiamveritatisomnis','anthony@schmidt.name',NULL,NULL,'FSDT8G','anthony@schmidt.name',NULL,1,NULL,NULL,0,NULL,NULL);
/*!40000 ALTER TABLE `inventory_pools` ENABLE KEYS */;
UNLOCK TABLES;

--
-- Table structure for table `inventory_pools_model_groups`
--

DROP TABLE IF EXISTS `inventory_pools_model_groups`;
/*!40101 SET @saved_cs_client     = @@character_set_client */;
/*!40101 SET character_set_client = utf8 */;
CREATE TABLE `inventory_pools_model_groups` (
  `inventory_pool_id` int(11) DEFAULT NULL,
  `model_group_id` int(11) DEFAULT NULL,
  KEY `index_inventory_pools_model_groups_on_inventory_pool_id` (`inventory_pool_id`),
  KEY `index_inventory_pools_model_groups_on_model_group_id` (`model_group_id`),
  CONSTRAINT `inventory_pools_model_groups_model_group_id_fk` FOREIGN KEY (`model_group_id`) REFERENCES `model_groups` (`id`),
  CONSTRAINT `inventory_pools_model_groups_inventory_pool_id_fk` FOREIGN KEY (`inventory_pool_id`) REFERENCES `inventory_pools` (`id`)
) ENGINE=InnoDB DEFAULT CHARSET=utf8 COLLATE=utf8_unicode_ci;
/*!40101 SET character_set_client = @saved_cs_client */;

--
-- Dumping data for table `inventory_pools_model_groups`
--

LOCK TABLES `inventory_pools_model_groups` WRITE;
/*!40000 ALTER TABLE `inventory_pools_model_groups` DISABLE KEYS */;
INSERT INTO `inventory_pools_model_groups` VALUES (1,12),(1,13),(1,14);
/*!40000 ALTER TABLE `inventory_pools_model_groups` ENABLE KEYS */;
UNLOCK TABLES;

--
-- Table structure for table `items`
--

DROP TABLE IF EXISTS `items`;
/*!40101 SET @saved_cs_client     = @@character_set_client */;
/*!40101 SET character_set_client = utf8 */;
CREATE TABLE `items` (
  `id` int(11) NOT NULL AUTO_INCREMENT,
  `inventory_code` varchar(255) COLLATE utf8_unicode_ci DEFAULT NULL,
  `serial_number` varchar(255) COLLATE utf8_unicode_ci DEFAULT NULL,
  `model_id` int(11) DEFAULT NULL,
  `location_id` int(11) DEFAULT NULL,
  `supplier_id` int(11) DEFAULT NULL,
  `owner_id` int(11) NOT NULL,
  `parent_id` int(11) DEFAULT NULL,
  `invoice_number` varchar(255) COLLATE utf8_unicode_ci DEFAULT NULL,
  `invoice_date` date DEFAULT NULL,
  `last_check` date DEFAULT NULL,
  `retired` date DEFAULT NULL,
  `retired_reason` varchar(255) COLLATE utf8_unicode_ci DEFAULT NULL,
  `price` decimal(8,2) DEFAULT NULL,
  `is_broken` tinyint(1) DEFAULT '0',
  `is_incomplete` tinyint(1) DEFAULT '0',
  `is_borrowable` tinyint(1) DEFAULT '0',
  `needs_permission` tinyint(1) DEFAULT '0',
  `inventory_pool_id` int(11) NOT NULL,
  `is_inventory_relevant` tinyint(1) DEFAULT '0',
  `responsible` varchar(255) COLLATE utf8_unicode_ci DEFAULT NULL,
  `insurance_number` varchar(255) COLLATE utf8_unicode_ci DEFAULT NULL,
  `note` text COLLATE utf8_unicode_ci,
  `name` text COLLATE utf8_unicode_ci,
  `user_name` varchar(255) COLLATE utf8_unicode_ci DEFAULT NULL,
  `properties` varchar(2048) COLLATE utf8_unicode_ci DEFAULT NULL,
  `created_at` datetime DEFAULT NULL,
  `updated_at` datetime DEFAULT NULL,
  PRIMARY KEY (`id`),
  UNIQUE KEY `index_items_on_inventory_code` (`inventory_code`),
  KEY `index_items_on_inventory_pool_id` (`inventory_pool_id`),
  KEY `index_items_on_retired` (`retired`),
  KEY `index_items_on_is_borrowable` (`is_borrowable`),
  KEY `index_items_on_is_broken` (`is_broken`),
  KEY `index_items_on_is_incomplete` (`is_incomplete`),
  KEY `index_items_on_location_id` (`location_id`),
  KEY `index_items_on_owner_id` (`owner_id`),
  KEY `index_items_on_parent_id_and_retired` (`parent_id`,`retired`),
  KEY `index_items_on_model_id_and_retired_and_inventory_pool_id` (`model_id`,`retired`,`inventory_pool_id`),
  KEY `items_supplier_id_fk` (`supplier_id`),
  CONSTRAINT `items_supplier_id_fk` FOREIGN KEY (`supplier_id`) REFERENCES `suppliers` (`id`),
  CONSTRAINT `items_inventory_pool_id_fk` FOREIGN KEY (`inventory_pool_id`) REFERENCES `inventory_pools` (`id`),
  CONSTRAINT `items_location_id_fk` FOREIGN KEY (`location_id`) REFERENCES `locations` (`id`),
  CONSTRAINT `items_model_id_fk` FOREIGN KEY (`model_id`) REFERENCES `models` (`id`),
  CONSTRAINT `items_owner_id_fk` FOREIGN KEY (`owner_id`) REFERENCES `inventory_pools` (`id`),
  CONSTRAINT `items_parent_id_fk` FOREIGN KEY (`parent_id`) REFERENCES `items` (`id`) ON DELETE SET NULL
) ENGINE=InnoDB AUTO_INCREMENT=293 DEFAULT CHARSET=utf8 COLLATE=utf8_unicode_ci;
/*!40101 SET character_set_client = @saved_cs_client */;

--
-- Dumping data for table `items`
--

LOCK TABLES `items` WRITE;
/*!40000 ALTER TABLE `items` DISABLE KEYS */;
INSERT INTO `items` VALUES (1,'h84uajnrde1b31xbd1g2382','78:59:b8:2b:0c:dc-12:e0:2b:c5:52:da-b9:6c:68:8f:63:1c',1,1,1,6,NULL,NULL,'2012-06-05','2016-07-21',NULL,NULL,'694.00',0,0,1,0,5,1,NULL,NULL,NULL,NULL,NULL,'--- !ruby/hash:ActiveSupport::HashWithIndifferentAccess\nanschaffungskategorie: AV-Technik\nreference: invoice\numzug: zgeln\nankunftszustand: intakt\n','2016-07-21 03:57:43','2016-07-21 03:57:43'),(2,'tanr8nibcl3gyp0uffe7383','e6:ce:dc:bf:fc:b4-4a:18:5c:8d:d2:b0-53:27:c5:38:c3:65',1,2,2,7,NULL,NULL,'2014-12-20','2016-07-21',NULL,NULL,'304.00',0,0,1,0,5,1,NULL,NULL,NULL,NULL,NULL,'--- !ruby/hash:ActiveSupport::HashWithIndifferentAccess\nanschaffungskategorie: AV-Technik\nreference: invoice\numzug: zgeln\nankunftszustand: intakt\n','2016-07-21 03:57:43','2016-07-21 03:57:43'),(3,'53qvzm7mh1xj14ti1gkl384','2b:e5:1d:f6:e7:ea-23:df:b7:36:84:f9-7d:15:03:77:bb:f8',1,3,3,6,NULL,NULL,'2015-01-26','2016-07-21',NULL,NULL,'191.00',0,0,1,0,5,1,NULL,NULL,NULL,NULL,NULL,'--- !ruby/hash:ActiveSupport::HashWithIndifferentAccess\nanschaffungskategorie: AV-Technik\nreference: invoice\numzug: zgeln\nankunftszustand: intakt\n','2016-07-21 03:57:43','2016-07-21 03:57:43'),(4,'sgjskshpxtav9hewzaqz385','fe:79:e6:cc:1c:e6-db:70:3a:93:cb:00-0a:e6:d5:de:f7:eb',5,4,4,8,NULL,NULL,'2014-08-24','2016-07-21',NULL,NULL,'838.00',0,0,1,0,5,1,NULL,NULL,NULL,NULL,NULL,'--- !ruby/hash:ActiveSupport::HashWithIndifferentAccess\nanschaffungskategorie: AV-Technik\nreference: invoice\numzug: zgeln\nankunftszustand: intakt\n','2016-07-21 03:57:43','2016-07-21 03:57:43'),(5,'45m24vz0prmsunvv2krb386','35:90:94:01:3f:67-87:3f:2e:52:a8:53-95:0a:70:92:05:d2',5,5,5,9,NULL,NULL,'2012-08-30','2016-07-21',NULL,NULL,'1174.00',0,0,1,0,5,1,NULL,NULL,NULL,NULL,NULL,'--- !ruby/hash:ActiveSupport::HashWithIndifferentAccess\nanschaffungskategorie: AV-Technik\nreference: invoice\numzug: zgeln\nankunftszustand: intakt\n','2016-07-21 03:57:43','2016-07-21 03:57:43'),(6,'6g4zvubhekozmfedumc5387','6b:cd:5c:9b:e6:d9-67:be:7f:ea:79:f6-74:e2:f8:fe:27:1c',5,6,6,2,NULL,NULL,'2011-08-18','2016-07-21',NULL,NULL,'1407.00',0,0,1,0,5,1,NULL,NULL,NULL,NULL,NULL,'--- !ruby/hash:ActiveSupport::HashWithIndifferentAccess\nanschaffungskategorie: AV-Technik\nreference: invoice\numzug: zgeln\nankunftszustand: intakt\n','2016-07-21 03:57:43','2016-07-21 03:57:43'),(7,'cz82vzycnf7vb9xbj3za388','bb:49:3e:a9:f5:67-a7:42:94:41:69:b1-c4:59:23:17:95:3e',9,7,7,3,NULL,NULL,'2015-08-20','2016-07-21',NULL,NULL,'756.00',0,0,1,0,5,1,NULL,NULL,NULL,NULL,NULL,'--- !ruby/hash:ActiveSupport::HashWithIndifferentAccess\nanschaffungskategorie: AV-Technik\nreference: invoice\numzug: zgeln\nankunftszustand: intakt\n','2016-07-21 03:57:43','2016-07-21 03:57:43'),(8,'enzwopqmoanzoixp45ut389','c8:4e:b3:70:59:91-8d:43:a9:aa:16:9c-ef:f0:47:25:02:c1',9,8,8,1,NULL,NULL,'2015-04-09','2016-07-21',NULL,NULL,'839.00',0,0,1,0,5,1,NULL,NULL,NULL,NULL,NULL,'--- !ruby/hash:ActiveSupport::HashWithIndifferentAccess\nanschaffungskategorie: AV-Technik\nreference: invoice\numzug: zgeln\nankunftszustand: intakt\n','2016-07-21 03:57:43','2016-07-21 03:57:43'),(9,'ioodtgj549gyz8t87eno390','50:e7:6d:65:2a:c3-f1:0d:91:b5:08:95-d2:11:3a:fd:f2:d5',9,9,9,7,NULL,NULL,'2014-01-13','2016-07-21',NULL,NULL,'567.00',0,0,1,0,5,1,NULL,NULL,NULL,NULL,NULL,'--- !ruby/hash:ActiveSupport::HashWithIndifferentAccess\nanschaffungskategorie: AV-Technik\nreference: invoice\numzug: zgeln\nankunftszustand: intakt\n','2016-07-21 03:57:43','2016-07-21 03:57:43'),(10,'2sp1oa6sodebd93wfmg9391','61:e1:dc:75:c9:c7-56:4c:ee:d4:70:f9-25:7f:5d:60:76:17',13,10,10,2,NULL,NULL,'2013-02-15','2016-07-21',NULL,NULL,'62.00',0,0,1,0,10,1,NULL,NULL,NULL,NULL,NULL,'--- !ruby/hash:ActiveSupport::HashWithIndifferentAccess\nanschaffungskategorie: AV-Technik\nreference: invoice\numzug: zgeln\nankunftszustand: intakt\n','2016-07-21 03:57:43','2016-07-21 03:57:43'),(11,'xyliqg2iff5ryoc9awio392','a1:12:20:33:f0:79-82:3e:2b:4c:65:bd-45:1a:74:46:72:46',13,11,11,9,NULL,NULL,'2015-04-19','2016-07-21',NULL,NULL,'683.00',0,0,1,0,10,1,NULL,NULL,NULL,NULL,NULL,'--- !ruby/hash:ActiveSupport::HashWithIndifferentAccess\nanschaffungskategorie: AV-Technik\nreference: invoice\numzug: zgeln\nankunftszustand: intakt\n','2016-07-21 03:57:43','2016-07-21 03:57:43'),(12,'6ih8817245vesf6gmqzi393','c0:81:60:96:3c:22-37:e6:a5:23:d5:38-9b:6e:f7:e5:d7:c1',13,12,12,3,NULL,NULL,'2014-03-22','2016-07-21',NULL,NULL,'1424.00',0,0,1,0,10,1,NULL,NULL,NULL,NULL,NULL,'--- !ruby/hash:ActiveSupport::HashWithIndifferentAccess\nanschaffungskategorie: AV-Technik\nreference: invoice\numzug: zgeln\nankunftszustand: intakt\n','2016-07-21 03:57:43','2016-07-21 03:57:43'),(13,'uzbggws0ute3kf89l82q394','4d:02:94:cc:14:c1-48:8c:8e:5f:1b:e0-49:26:e5:2c:c7:a6',17,13,13,6,NULL,NULL,'2011-05-29','2016-07-21',NULL,NULL,'313.00',0,0,1,0,10,1,NULL,NULL,NULL,NULL,NULL,'--- !ruby/hash:ActiveSupport::HashWithIndifferentAccess\nanschaffungskategorie: AV-Technik\nreference: invoice\numzug: zgeln\nankunftszustand: intakt\n','2016-07-21 03:57:43','2016-07-21 03:57:43'),(14,'r6feqgu9w32if3rtervi395','58:87:11:11:97:b3-75:1c:75:72:0e:e9-5c:23:cd:06:fb:7b',17,14,14,10,NULL,NULL,'2012-07-28','2016-07-21',NULL,NULL,'1284.00',0,0,1,0,10,1,NULL,NULL,NULL,NULL,NULL,'--- !ruby/hash:ActiveSupport::HashWithIndifferentAccess\nanschaffungskategorie: AV-Technik\nreference: invoice\numzug: zgeln\nankunftszustand: intakt\n','2016-07-21 03:57:43','2016-07-21 03:57:43'),(15,'ojs5y3qnitvp0zw6lrhf396','62:63:ea:a9:bf:1b-8c:4f:bb:47:f3:5a-7d:60:57:d0:09:d7',17,15,15,10,NULL,NULL,'2013-09-05','2016-07-21',NULL,NULL,'102.00',0,0,1,0,10,1,NULL,NULL,NULL,NULL,NULL,'--- !ruby/hash:ActiveSupport::HashWithIndifferentAccess\nanschaffungskategorie: AV-Technik\nreference: invoice\numzug: zgeln\nankunftszustand: intakt\n','2016-07-21 03:57:43','2016-07-21 03:57:43'),(16,'xirdts59giyjb22etbnw397','dd:5a:8a:cb:73:31-ba:3c:6b:2f:8c:c6-ea:06:64:6d:f3:da',21,16,16,7,NULL,NULL,'2014-05-27','2016-07-21',NULL,NULL,'1199.00',0,0,1,0,10,1,NULL,NULL,NULL,NULL,NULL,'--- !ruby/hash:ActiveSupport::HashWithIndifferentAccess\nanschaffungskategorie: AV-Technik\nreference: invoice\numzug: zgeln\nankunftszustand: intakt\n','2016-07-21 03:57:43','2016-07-21 03:57:43'),(17,'s0xdgnj7ff78erbrmcia398','3f:5f:c1:07:ac:f5-8f:eb:e9:2c:b1:54-45:42:6b:31:cf:8c',21,17,17,4,NULL,NULL,'2012-02-23','2016-07-21',NULL,NULL,'330.00',0,0,1,0,10,1,NULL,NULL,NULL,NULL,NULL,'--- !ruby/hash:ActiveSupport::HashWithIndifferentAccess\nanschaffungskategorie: AV-Technik\nreference: invoice\numzug: zgeln\nankunftszustand: intakt\n','2016-07-21 03:57:43','2016-07-21 03:57:43'),(18,'xt372ui4q4a8r12g74nb399','1e:ba:1b:c7:13:15-57:dd:13:35:71:bd-36:ee:57:02:43:11',21,18,18,8,NULL,NULL,'2015-02-23','2016-07-21',NULL,NULL,'1392.00',0,0,1,0,10,1,NULL,NULL,NULL,NULL,NULL,'--- !ruby/hash:ActiveSupport::HashWithIndifferentAccess\nanschaffungskategorie: AV-Technik\nreference: invoice\numzug: zgeln\nankunftszustand: intakt\n','2016-07-21 03:57:43','2016-07-21 03:57:43'),(19,'x98l9hv01lo6bbu1xlz6400','77:c9:fc:dc:5b:d4-e5:87:7b:d2:98:54-5d:3e:7c:53:54:ad',25,19,19,11,NULL,NULL,'2014-11-30','2016-07-21',NULL,NULL,'15.00',0,0,1,0,1,1,NULL,NULL,NULL,NULL,NULL,'--- !ruby/hash:ActiveSupport::HashWithIndifferentAccess\nanschaffungskategorie: AV-Technik\nreference: invoice\numzug: zgeln\nankunftszustand: intakt\n','2016-07-21 03:57:43','2016-07-21 03:57:43'),(20,'4pdkxu38kjem4hdli8a7401','ed:08:1e:60:e2:19-75:2d:46:93:3b:d6-b4:cb:27:24:2c:6a',25,20,20,6,NULL,NULL,'2015-01-04','2016-07-21',NULL,NULL,'673.00',0,0,1,0,1,1,NULL,NULL,NULL,NULL,NULL,'--- !ruby/hash:ActiveSupport::HashWithIndifferentAccess\nanschaffungskategorie: AV-Technik\nreference: invoice\numzug: zgeln\nankunftszustand: intakt\n','2016-07-21 03:57:43','2016-07-21 03:57:43'),(21,'sdxts50gz84m8mbfcifk402','5c:f1:1c:c7:2f:72-df:f6:b9:02:8d:a3-2e:eb:a6:46:22:98',25,21,21,3,NULL,NULL,'2011-08-19','2016-07-21',NULL,NULL,'1361.00',0,0,1,0,1,1,NULL,NULL,NULL,NULL,NULL,'--- !ruby/hash:ActiveSupport::HashWithIndifferentAccess\nanschaffungskategorie: AV-Technik\nreference: invoice\numzug: zgeln\nankunftszustand: intakt\n','2016-07-21 03:57:43','2016-07-21 03:57:43'),(22,'xqhhczkrav3froxws5he403','92:3e:0b:04:80:0d-0c:70:1d:0f:22:4d-6c:70:a8:e4:21:25',29,22,22,3,NULL,NULL,'2012-11-24','2016-07-21',NULL,NULL,'74.00',0,0,1,0,1,1,NULL,NULL,NULL,NULL,NULL,'--- !ruby/hash:ActiveSupport::HashWithIndifferentAccess\nanschaffungskategorie: AV-Technik\nreference: invoice\numzug: zgeln\nankunftszustand: intakt\n','2016-07-21 03:57:43','2016-07-21 03:57:43'),(23,'z81jightn3t303kc0m8r404','d7:49:fb:bb:87:8b-b4:24:2d:e4:6c:dc-56:4e:b2:a2:60:a3',29,23,23,2,NULL,NULL,'2015-03-17','2016-07-21',NULL,NULL,'739.00',0,0,1,0,1,1,NULL,NULL,NULL,NULL,NULL,'--- !ruby/hash:ActiveSupport::HashWithIndifferentAccess\nanschaffungskategorie: AV-Technik\nreference: invoice\numzug: zgeln\nankunftszustand: intakt\n','2016-07-21 03:57:43','2016-07-21 03:57:43'),(24,'dbo84el8dq4cvab87dto405','75:78:29:c7:9a:f3-81:7e:16:a8:49:b2-37:f1:90:a0:de:8a',29,24,24,1,NULL,NULL,'2013-11-17','2016-07-21',NULL,NULL,'747.00',0,0,1,0,1,1,NULL,NULL,NULL,NULL,NULL,'--- !ruby/hash:ActiveSupport::HashWithIndifferentAccess\nanschaffungskategorie: AV-Technik\nreference: invoice\numzug: zgeln\nankunftszustand: intakt\n','2016-07-21 03:57:43','2016-07-21 03:57:43'),(25,'8xgtbms3yg8da828aa5o406','34:91:c8:56:ff:97-7d:c2:43:b2:ef:9e-d2:95:c3:9f:a4:57',33,25,25,10,NULL,NULL,'2013-09-19','2016-07-21',NULL,NULL,'89.00',0,0,1,0,1,1,NULL,NULL,NULL,NULL,NULL,'--- !ruby/hash:ActiveSupport::HashWithIndifferentAccess\nanschaffungskategorie: AV-Technik\nreference: invoice\numzug: zgeln\nankunftszustand: intakt\n','2016-07-21 03:57:43','2016-07-21 03:57:43'),(26,'2hcih8kqa5xlkuc3ano6407','71:31:30:54:bd:f0-26:21:74:a1:f5:48-c8:f9:a7:e0:56:00',33,26,26,1,NULL,NULL,'2011-04-06','2016-07-21',NULL,NULL,'127.00',0,0,1,0,1,1,NULL,NULL,NULL,NULL,NULL,'--- !ruby/hash:ActiveSupport::HashWithIndifferentAccess\nanschaffungskategorie: AV-Technik\nreference: invoice\numzug: zgeln\nankunftszustand: intakt\n','2016-07-21 03:57:43','2016-07-21 03:57:43'),(27,'jabaej4k3xqkow8zyh7t408','a8:de:5f:86:1f:78-42:c8:98:f7:19:0d-b0:ca:f8:bb:63:83',33,27,27,2,NULL,NULL,'2012-01-22','2016-07-21',NULL,NULL,'1163.00',0,0,1,0,1,1,NULL,NULL,NULL,NULL,NULL,'--- !ruby/hash:ActiveSupport::HashWithIndifferentAccess\nanschaffungskategorie: AV-Technik\nreference: invoice\numzug: zgeln\nankunftszustand: intakt\n','2016-07-21 03:57:43','2016-07-21 03:57:43'),(28,'0d1prv98lb5whd6ptzxm409','7a:e5:3d:c1:09:68-37:8d:6c:37:f9:c4-ea:dd:78:04:90:96',37,28,28,1,NULL,NULL,'2013-11-27','2016-07-21',NULL,NULL,'1412.00',0,0,1,0,1,1,NULL,NULL,NULL,NULL,NULL,'--- !ruby/hash:ActiveSupport::HashWithIndifferentAccess\nanschaffungskategorie: AV-Technik\nreference: invoice\numzug: zgeln\nankunftszustand: intakt\n','2016-07-21 03:57:43','2016-07-21 03:57:43'),(29,'7s8nfmpop8kltd7mwqqe410','1f:7e:3e:f2:53:f5-52:77:ed:44:fa:0d-42:7d:01:22:95:2c',37,29,29,8,NULL,NULL,'2014-03-29','2016-07-21',NULL,NULL,'226.00',0,0,1,0,1,1,NULL,NULL,NULL,NULL,NULL,'--- !ruby/hash:ActiveSupport::HashWithIndifferentAccess\nanschaffungskategorie: AV-Technik\nreference: invoice\numzug: zgeln\nankunftszustand: intakt\n','2016-07-21 03:57:43','2016-07-21 03:57:43'),(30,'gaiw9x7lw4aybj5fwh5u411','1f:fd:49:93:02:ba-4c:40:3b:5b:42:06-c3:b2:79:de:e6:0e',37,30,30,3,NULL,NULL,'2013-10-20','2016-07-21',NULL,NULL,'820.00',0,0,1,0,1,1,NULL,NULL,NULL,NULL,NULL,'--- !ruby/hash:ActiveSupport::HashWithIndifferentAccess\nanschaffungskategorie: AV-Technik\nreference: invoice\numzug: zgeln\nankunftszustand: intakt\n','2016-07-21 03:57:43','2016-07-21 03:57:43'),(31,'1ggxpenhq2ifglp05vo9412','a9:20:3f:6a:05:08-67:4f:ae:5f:b8:f2-eb:18:7e:a1:99:3c',41,31,31,4,NULL,NULL,'2015-11-25','2016-07-21',NULL,NULL,'1271.00',0,0,1,0,1,1,NULL,NULL,NULL,NULL,NULL,'--- !ruby/hash:ActiveSupport::HashWithIndifferentAccess\nanschaffungskategorie: AV-Technik\nreference: invoice\numzug: zgeln\nankunftszustand: intakt\n','2016-07-21 03:57:43','2016-07-21 03:57:43'),(32,'lnhwuflvkzl0t09u2r70413','f3:d6:3d:05:75:52-6d:89:75:d1:ba:f4-e8:f4:22:22:ea:1a',41,32,32,1,NULL,NULL,'2011-08-14','2016-07-21',NULL,NULL,'921.00',0,0,1,0,1,1,NULL,NULL,NULL,NULL,NULL,'--- !ruby/hash:ActiveSupport::HashWithIndifferentAccess\nanschaffungskategorie: AV-Technik\nreference: invoice\numzug: zgeln\nankunftszustand: intakt\n','2016-07-21 03:57:43','2016-07-21 03:57:43'),(33,'q8yxodk8gaa174g5tv78414','db:45:67:88:eb:c4-d8:67:8b:b3:eb:ab-d0:13:4f:a1:1d:bb',41,33,33,1,NULL,NULL,'2015-11-26','2016-07-21',NULL,NULL,'1425.00',0,0,1,0,1,1,NULL,NULL,NULL,NULL,NULL,'--- !ruby/hash:ActiveSupport::HashWithIndifferentAccess\nanschaffungskategorie: AV-Technik\nreference: invoice\numzug: zgeln\nankunftszustand: intakt\n','2016-07-21 03:57:43','2016-07-21 03:57:43'),(34,'qmub1otzmycg7v4ffra9415','6b:18:dd:4d:28:6a-3b:94:6b:1a:db:32-ab:3d:f5:b3:42:e0',45,34,34,6,NULL,NULL,'2014-04-13','2016-07-21',NULL,NULL,'1107.00',0,0,1,0,1,1,NULL,NULL,NULL,NULL,NULL,'--- !ruby/hash:ActiveSupport::HashWithIndifferentAccess\nanschaffungskategorie: AV-Technik\nreference: invoice\numzug: zgeln\nankunftszustand: intakt\n','2016-07-21 03:57:43','2016-07-21 03:57:43'),(35,'21zzjste28oaj1ckyu5d416','0b:98:f4:d7:08:36-8c:e2:0e:78:c5:fc-c3:27:c1:fa:dc:32',45,35,35,4,NULL,NULL,'2013-09-27','2016-07-21',NULL,NULL,'646.00',0,0,1,0,1,1,NULL,NULL,NULL,NULL,NULL,'--- !ruby/hash:ActiveSupport::HashWithIndifferentAccess\nanschaffungskategorie: AV-Technik\nreference: invoice\numzug: zgeln\nankunftszustand: intakt\n','2016-07-21 03:57:43','2016-07-21 03:57:43'),(36,'hwj0teq0swx5mamg3813417','ce:48:56:e9:aa:e0-dc:1a:2f:f5:13:c4-53:ac:b0:ca:ff:69',45,36,36,4,NULL,NULL,'2015-11-22','2016-07-21',NULL,NULL,'719.00',0,0,1,0,1,1,NULL,NULL,NULL,NULL,NULL,'--- !ruby/hash:ActiveSupport::HashWithIndifferentAccess\nanschaffungskategorie: AV-Technik\nreference: invoice\numzug: zgeln\nankunftszustand: intakt\n','2016-07-21 03:57:43','2016-07-21 03:57:43'),(37,'book1','book1',49,37,37,2,NULL,NULL,'2015-05-18','2016-07-21',NULL,NULL,'729.00',0,0,1,0,2,1,NULL,NULL,NULL,NULL,NULL,'--- !ruby/hash:ActiveSupport::HashWithIndifferentAccess\nanschaffungskategorie: AV-Technik\nreference: invoice\numzug: zgeln\nankunftszustand: intakt\n','2016-07-21 03:57:43','2016-07-21 03:57:43'),(38,'book2','book2',49,37,38,2,NULL,NULL,'2014-06-02','2016-07-21',NULL,NULL,'894.00',0,0,1,0,2,1,NULL,NULL,NULL,NULL,NULL,'--- !ruby/hash:ActiveSupport::HashWithIndifferentAccess\nanschaffungskategorie: AV-Technik\nreference: invoice\numzug: zgeln\nankunftszustand: intakt\n','2016-07-21 03:57:43','2016-07-21 03:57:43'),(39,'beam123','xyz456',50,38,39,1,NULL,NULL,'2014-12-03','2016-07-21',NULL,NULL,'484.00',0,0,1,0,1,1,NULL,NULL,NULL,'name123',NULL,'--- !ruby/hash:ActiveSupport::HashWithIndifferentAccess\nanschaffungskategorie: AV-Technik\nreference: invoice\numzug: zgeln\nankunftszustand: intakt\n','2016-07-21 03:57:43','2016-07-21 03:57:43'),(40,'beam345','xyz890',50,38,40,1,NULL,NULL,'2013-01-13','2016-07-21',NULL,NULL,'87.00',0,0,1,0,1,1,NULL,NULL,NULL,NULL,NULL,'--- !ruby/hash:ActiveSupport::HashWithIndifferentAccess\nanschaffungskategorie: AV-Technik\nreference: invoice\numzug: zgeln\nankunftszustand: intakt\n','2016-07-21 03:57:43','2016-07-21 03:57:43'),(41,'beam678','xyz678',51,38,41,1,NULL,NULL,'2015-10-29','2016-07-21',NULL,NULL,'638.00',0,0,1,0,1,1,NULL,NULL,NULL,NULL,NULL,'--- !ruby/hash:ActiveSupport::HashWithIndifferentAccess\nanschaffungskategorie: AV-Technik\nreference: invoice\numzug: zgeln\nankunftszustand: intakt\n','2016-07-21 03:57:43','2016-07-21 03:57:43'),(42,'beam749','xyz749',50,38,42,1,NULL,NULL,'2014-09-28','2016-07-21',NULL,NULL,'829.00',0,0,1,0,2,1,NULL,NULL,NULL,NULL,NULL,'--- !ruby/hash:ActiveSupport::HashWithIndifferentAccess\nanschaffungskategorie: AV-Technik\nreference: invoice\numzug: zgeln\nankunftszustand: intakt\n','2016-07-21 03:57:43','2016-07-21 03:57:43'),(43,'beamTest123','xyz749',53,38,43,1,NULL,NULL,'2011-02-06','2016-07-21',NULL,NULL,'1217.00',0,0,1,0,1,1,NULL,NULL,NULL,NULL,NULL,'--- !ruby/hash:ActiveSupport::HashWithIndifferentAccess\nanschaffungskategorie: AV-Technik\nreference: invoice\numzug: zgeln\nankunftszustand: intakt\n','2016-07-21 03:57:43','2016-07-21 03:57:43'),(44,'ucbeam1','minbeam1',54,38,44,1,NULL,NULL,'2015-08-17','2016-07-21',NULL,NULL,'1026.00',0,0,1,0,1,1,NULL,NULL,NULL,'ucbeam1',NULL,'--- !ruby/hash:ActiveSupport::HashWithIndifferentAccess\nanschaffungskategorie: AV-Technik\nreference: invoice\numzug: zgeln\nankunftszustand: intakt\n','2016-07-21 03:57:43','2016-07-21 03:57:43'),(45,'microbeam1','microbeam1',55,38,45,1,NULL,NULL,'2011-03-01','2016-07-21',NULL,NULL,'982.00',0,0,1,0,1,1,NULL,NULL,NULL,'microbeam1',NULL,'--- !ruby/hash:ActiveSupport::HashWithIndifferentAccess\nanschaffungskategorie: AV-Technik\nreference: invoice\numzug: zgeln\nankunftszustand: intakt\n','2016-07-21 03:57:43','2016-07-21 03:57:43'),(46,'mbeam1','mbeam1',56,38,46,1,NULL,NULL,'2013-11-07','2016-07-21',NULL,NULL,'1158.00',0,0,1,0,1,1,NULL,NULL,NULL,'mbeam1',NULL,'--- !ruby/hash:ActiveSupport::HashWithIndifferentAccess\nanschaffungskategorie: AV-Technik\nreference: invoice\numzug: zgeln\nankunftszustand: intakt\n','2016-07-21 03:57:43','2016-07-21 03:57:43'),(47,'mbeam2','mbeam2',57,38,47,1,NULL,NULL,'2012-03-13','2016-07-21',NULL,NULL,'434.00',0,0,1,0,1,1,NULL,NULL,NULL,'mbeam2',NULL,'--- !ruby/hash:ActiveSupport::HashWithIndifferentAccess\nanschaffungskategorie: AV-Technik\nreference: invoice\numzug: zgeln\nankunftszustand: intakt\n','2016-07-21 03:57:43','2016-07-21 03:57:43'),(48,'mbeam3','mbeam3',58,38,48,1,NULL,NULL,'2013-05-09','2016-07-21',NULL,NULL,'1429.00',0,0,1,0,1,1,NULL,NULL,NULL,'mbeam3',NULL,'--- !ruby/hash:ActiveSupport::HashWithIndifferentAccess\nanschaffungskategorie: AV-Technik\nreference: invoice\numzug: zgeln\nankunftszustand: intakt\n','2016-07-21 03:57:43','2016-07-21 03:57:43'),(49,'mbeam4','mbeam4',59,38,49,1,NULL,NULL,'2015-10-13','2016-07-21',NULL,NULL,'429.00',0,0,1,0,1,1,NULL,NULL,NULL,'mbeam4',NULL,'--- !ruby/hash:ActiveSupport::HashWithIndifferentAccess\nanschaffungskategorie: AV-Technik\nreference: invoice\numzug: zgeln\nankunftszustand: intakt\n','2016-07-21 03:57:43','2016-07-21 03:57:43'),(50,'mbeam5','mbeam5',60,38,50,1,NULL,NULL,'2015-03-22','2016-07-21',NULL,NULL,'1331.00',0,0,1,0,1,1,NULL,NULL,NULL,'mbeam5',NULL,'--- !ruby/hash:ActiveSupport::HashWithIndifferentAccess\nanschaffungskategorie: AV-Technik\nreference: invoice\numzug: zgeln\nankunftszustand: intakt\n','2016-07-21 03:57:43','2016-07-21 03:57:43'),(51,'mbeam6','mbeam6',61,38,51,1,NULL,NULL,'2012-09-05','2016-07-21',NULL,NULL,'887.00',0,0,1,0,1,1,NULL,NULL,NULL,'mbeam6',NULL,'--- !ruby/hash:ActiveSupport::HashWithIndifferentAccess\nanschaffungskategorie: AV-Technik\nreference: invoice\numzug: zgeln\nankunftszustand: intakt\n','2016-07-21 03:57:43','2016-07-21 03:57:43'),(52,'mbeam7','mbeam7',62,38,52,1,NULL,NULL,'2011-04-05','2016-07-21',NULL,NULL,'495.00',0,0,1,0,1,1,NULL,NULL,NULL,'mbeam7',NULL,'--- !ruby/hash:ActiveSupport::HashWithIndifferentAccess\nanschaffungskategorie: AV-Technik\nreference: invoice\numzug: zgeln\nankunftszustand: intakt\n','2016-07-21 03:57:43','2016-07-21 03:57:43'),(53,'mbeam8','mbeam8',63,38,53,1,NULL,NULL,'2015-10-23','2016-07-21',NULL,NULL,'911.00',0,0,1,0,1,1,NULL,NULL,NULL,'mbeam8',NULL,'--- !ruby/hash:ActiveSupport::HashWithIndifferentAccess\nanschaffungskategorie: AV-Technik\nreference: invoice\numzug: zgeln\nankunftszustand: intakt\n','2016-07-21 03:57:43','2016-07-21 03:57:43'),(54,'mbeam9','mbeam9',64,38,54,1,NULL,NULL,'2012-02-12','2016-07-21',NULL,NULL,'1392.00',0,0,1,0,1,1,NULL,NULL,NULL,'mbeam9',NULL,'--- !ruby/hash:ActiveSupport::HashWithIndifferentAccess\nanschaffungskategorie: AV-Technik\nreference: invoice\numzug: zgeln\nankunftszustand: intakt\n','2016-07-21 03:57:43','2016-07-21 03:57:43'),(55,'mbeam10','mbeam10',65,38,55,1,NULL,NULL,'2015-11-12','2016-07-21',NULL,NULL,'835.00',0,0,1,0,1,1,NULL,NULL,NULL,'mbeam10',NULL,'--- !ruby/hash:ActiveSupport::HashWithIndifferentAccess\nanschaffungskategorie: AV-Technik\nreference: invoice\numzug: zgeln\nankunftszustand: intakt\n','2016-07-21 03:57:43','2016-07-21 03:57:43'),(56,'mbeam11','mbeam11',66,38,56,1,NULL,NULL,'2011-11-17','2016-07-21',NULL,NULL,'556.00',0,0,1,0,1,1,NULL,NULL,NULL,'mbeam11',NULL,'--- !ruby/hash:ActiveSupport::HashWithIndifferentAccess\nanschaffungskategorie: AV-Technik\nreference: invoice\numzug: zgeln\nankunftszustand: intakt\n','2016-07-21 03:57:43','2016-07-21 03:57:43'),(57,'mbeam12','mbeam12',67,38,57,1,NULL,NULL,'2012-04-05','2016-07-21',NULL,NULL,'288.00',0,0,1,0,1,1,NULL,NULL,NULL,'mbeam12',NULL,'--- !ruby/hash:ActiveSupport::HashWithIndifferentAccess\nanschaffungskategorie: AV-Technik\nreference: invoice\numzug: zgeln\nankunftszustand: intakt\n','2016-07-21 03:57:43','2016-07-21 03:57:43'),(58,'mbeam13','mbeam13',68,38,58,1,NULL,NULL,'2015-03-28','2016-07-21',NULL,NULL,'1441.00',0,0,1,0,1,1,NULL,NULL,NULL,'mbeam13',NULL,'--- !ruby/hash:ActiveSupport::HashWithIndifferentAccess\nanschaffungskategorie: AV-Technik\nreference: invoice\numzug: zgeln\nankunftszustand: intakt\n','2016-07-21 03:57:43','2016-07-21 03:57:43'),(59,'mbeam14','mbeam14',69,38,59,1,NULL,NULL,'2012-12-15','2016-07-21',NULL,NULL,'829.00',0,0,1,0,1,1,NULL,NULL,NULL,'mbeam14',NULL,'--- !ruby/hash:ActiveSupport::HashWithIndifferentAccess\nanschaffungskategorie: AV-Technik\nreference: invoice\numzug: zgeln\nankunftszustand: intakt\n','2016-07-21 03:57:43','2016-07-21 03:57:43'),(60,'mbeam15','mbeam15',70,38,60,1,NULL,NULL,'2013-12-23','2016-07-21',NULL,NULL,'316.00',0,0,1,0,1,1,NULL,NULL,NULL,'mbeam15',NULL,'--- !ruby/hash:ActiveSupport::HashWithIndifferentAccess\nanschaffungskategorie: AV-Technik\nreference: invoice\numzug: zgeln\nankunftszustand: intakt\n','2016-07-21 03:57:43','2016-07-21 03:57:43'),(61,'mbeam16','mbeam16',71,38,61,1,NULL,NULL,'2011-01-07','2016-07-21',NULL,NULL,'1065.00',0,0,1,0,1,1,NULL,NULL,NULL,'mbeam16',NULL,'--- !ruby/hash:ActiveSupport::HashWithIndifferentAccess\nanschaffungskategorie: AV-Technik\nreference: invoice\numzug: zgeln\nankunftszustand: intakt\n','2016-07-21 03:57:43','2016-07-21 03:57:43'),(62,'mbeam17','mbeam17',72,38,62,1,NULL,NULL,'2011-01-29','2016-07-21',NULL,NULL,'182.00',0,0,1,0,1,1,NULL,NULL,NULL,'mbeam17',NULL,'--- !ruby/hash:ActiveSupport::HashWithIndifferentAccess\nanschaffungskategorie: AV-Technik\nreference: invoice\numzug: zgeln\nankunftszustand: intakt\n','2016-07-21 03:57:43','2016-07-21 03:57:43'),(63,'mbeam18','mbeam18',73,38,63,1,NULL,NULL,'2012-05-08','2016-07-21',NULL,NULL,'612.00',0,0,1,0,1,1,NULL,NULL,NULL,'mbeam18',NULL,'--- !ruby/hash:ActiveSupport::HashWithIndifferentAccess\nanschaffungskategorie: AV-Technik\nreference: invoice\numzug: zgeln\nankunftszustand: intakt\n','2016-07-21 03:57:43','2016-07-21 03:57:43'),(64,'mbeam19','mbeam19',74,38,64,1,NULL,NULL,'2012-05-11','2016-07-21',NULL,NULL,'1361.00',0,0,1,0,1,1,NULL,NULL,NULL,'mbeam19',NULL,'--- !ruby/hash:ActiveSupport::HashWithIndifferentAccess\nanschaffungskategorie: AV-Technik\nreference: invoice\numzug: zgeln\nankunftszustand: intakt\n','2016-07-21 03:57:43','2016-07-21 03:57:43'),(65,'mbeam20','mbeam20',75,38,65,1,NULL,NULL,'2014-12-22','2016-07-21',NULL,NULL,'499.00',0,0,1,0,1,1,NULL,NULL,NULL,'mbeam20',NULL,'--- !ruby/hash:ActiveSupport::HashWithIndifferentAccess\nanschaffungskategorie: AV-Technik\nreference: invoice\numzug: zgeln\nankunftszustand: intakt\n','2016-07-21 03:57:43','2016-07-21 03:57:43'),(66,'cam123','abc234',76,38,66,1,NULL,NULL,'2014-11-29','2016-07-21',NULL,NULL,'292.00',0,0,1,0,1,1,NULL,NULL,NULL,NULL,NULL,'--- !ruby/hash:ActiveSupport::HashWithIndifferentAccess\nanschaffungskategorie: AV-Technik\nreference: invoice\numzug: zgeln\nankunftszustand: intakt\n','2016-07-21 03:57:43','2016-07-21 03:57:43'),(67,'cam345','ab567',76,38,67,1,NULL,NULL,'2015-07-05','2016-07-21',NULL,NULL,'467.00',0,0,1,0,1,1,NULL,NULL,NULL,NULL,NULL,'--- !ruby/hash:ActiveSupport::HashWithIndifferentAccess\nanschaffungskategorie: AV-Technik\nreference: invoice\numzug: zgeln\nankunftszustand: intakt\n','2016-07-21 03:57:43','2016-07-21 03:57:43'),(68,'cam567','ab789',76,38,68,1,NULL,NULL,'2014-02-21','2016-07-21',NULL,NULL,'461.00',0,0,1,0,1,1,NULL,NULL,NULL,NULL,NULL,'--- !ruby/hash:ActiveSupport::HashWithIndifferentAccess\nanschaffungskategorie: AV-Technik\nreference: invoice\numzug: zgeln\nankunftszustand: intakt\n','2016-07-21 03:57:43','2016-07-21 03:57:43'),(69,'cam53267','ab782129',76,38,69,1,NULL,NULL,'2012-03-12','2016-07-21',NULL,NULL,'331.00',0,0,1,0,1,1,NULL,NULL,NULL,NULL,NULL,'--- !ruby/hash:ActiveSupport::HashWithIndifferentAccess\nanschaffungskategorie: AV-Technik\nreference: invoice\numzug: zgeln\nankunftszustand: intakt\n','2016-07-21 03:57:43','2016-07-21 03:57:43'),(70,'cam532asd67','ab78as2129',76,38,70,1,NULL,NULL,'2013-06-15','2016-07-21',NULL,NULL,'1209.00',0,0,1,0,1,1,NULL,NULL,NULL,NULL,NULL,'--- !ruby/hash:ActiveSupport::HashWithIndifferentAccess\nanschaffungskategorie: AV-Technik\nreference: invoice\numzug: zgeln\nankunftszustand: intakt\n','2016-07-21 03:57:43','2016-07-21 03:57:43'),(71,'mcam1','mcam1',77,38,71,1,NULL,NULL,'2011-01-02','2016-07-21',NULL,NULL,'313.00',0,0,1,0,1,1,NULL,NULL,NULL,'mcam1',NULL,'--- !ruby/hash:ActiveSupport::HashWithIndifferentAccess\nanschaffungskategorie: AV-Technik\nreference: invoice\numzug: zgeln\nankunftszustand: intakt\n','2016-07-21 03:57:43','2016-07-21 03:57:43'),(72,'mcam2','mcam2',78,38,72,1,NULL,NULL,'2014-04-06','2016-07-21',NULL,NULL,'584.00',0,0,1,0,1,1,NULL,NULL,NULL,'mcam2',NULL,'--- !ruby/hash:ActiveSupport::HashWithIndifferentAccess\nanschaffungskategorie: AV-Technik\nreference: invoice\numzug: zgeln\nankunftszustand: intakt\n','2016-07-21 03:57:43','2016-07-21 03:57:43'),(73,'mcam3','mcam3',79,38,73,1,NULL,NULL,'2012-01-01','2016-07-21',NULL,NULL,'456.00',0,0,1,0,1,1,NULL,NULL,NULL,'mcam3',NULL,'--- !ruby/hash:ActiveSupport::HashWithIndifferentAccess\nanschaffungskategorie: AV-Technik\nreference: invoice\numzug: zgeln\nankunftszustand: intakt\n','2016-07-21 03:57:43','2016-07-21 03:57:43'),(74,'mcam4','mcam4',80,38,74,1,NULL,NULL,'2015-05-08','2016-07-21',NULL,NULL,'410.00',0,0,1,0,1,1,NULL,NULL,NULL,'mcam4',NULL,'--- !ruby/hash:ActiveSupport::HashWithIndifferentAccess\nanschaffungskategorie: AV-Technik\nreference: invoice\numzug: zgeln\nankunftszustand: intakt\n','2016-07-21 03:57:43','2016-07-21 03:57:43'),(75,'mcam5','mcam5',81,38,75,1,NULL,NULL,'2013-04-21','2016-07-21',NULL,NULL,'308.00',0,0,1,0,1,1,NULL,NULL,NULL,'mcam5',NULL,'--- !ruby/hash:ActiveSupport::HashWithIndifferentAccess\nanschaffungskategorie: AV-Technik\nreference: invoice\numzug: zgeln\nankunftszustand: intakt\n','2016-07-21 03:57:43','2016-07-21 03:57:43'),(76,'mcam6','mcam6',82,38,76,1,NULL,NULL,'2014-06-07','2016-07-21',NULL,NULL,'805.00',0,0,1,0,1,1,NULL,NULL,NULL,'mcam6',NULL,'--- !ruby/hash:ActiveSupport::HashWithIndifferentAccess\nanschaffungskategorie: AV-Technik\nreference: invoice\numzug: zgeln\nankunftszustand: intakt\n','2016-07-21 03:57:43','2016-07-21 03:57:43'),(77,'mcam7','mcam7',83,38,77,1,NULL,NULL,'2015-06-09','2016-07-21',NULL,NULL,'617.00',0,0,1,0,1,1,NULL,NULL,NULL,'mcam7',NULL,'--- !ruby/hash:ActiveSupport::HashWithIndifferentAccess\nanschaffungskategorie: AV-Technik\nreference: invoice\numzug: zgeln\nankunftszustand: intakt\n','2016-07-21 03:57:43','2016-07-21 03:57:43'),(78,'mcam8','mcam8',84,38,78,1,NULL,NULL,'2011-12-16','2016-07-21',NULL,NULL,'763.00',0,0,1,0,1,1,NULL,NULL,NULL,'mcam8',NULL,'--- !ruby/hash:ActiveSupport::HashWithIndifferentAccess\nanschaffungskategorie: AV-Technik\nreference: invoice\numzug: zgeln\nankunftszustand: intakt\n','2016-07-21 03:57:43','2016-07-21 03:57:43'),(79,'mcam9','mcam9',85,38,79,1,NULL,NULL,'2015-08-15','2016-07-21',NULL,NULL,'1095.00',0,0,1,0,1,1,NULL,NULL,NULL,'mcam9',NULL,'--- !ruby/hash:ActiveSupport::HashWithIndifferentAccess\nanschaffungskategorie: AV-Technik\nreference: invoice\numzug: zgeln\nankunftszustand: intakt\n','2016-07-21 03:57:43','2016-07-21 03:57:43'),(80,'mcam10','mcam10',86,38,80,1,NULL,NULL,'2011-07-16','2016-07-21',NULL,NULL,'371.00',0,0,1,0,1,1,NULL,NULL,NULL,'mcam10',NULL,'--- !ruby/hash:ActiveSupport::HashWithIndifferentAccess\nanschaffungskategorie: AV-Technik\nreference: invoice\numzug: zgeln\nankunftszustand: intakt\n','2016-07-21 03:57:43','2016-07-21 03:57:43'),(81,'mcam11','mcam11',87,38,81,1,NULL,NULL,'2012-09-26','2016-07-21',NULL,NULL,'1351.00',0,0,1,0,1,1,NULL,NULL,NULL,'mcam11',NULL,'--- !ruby/hash:ActiveSupport::HashWithIndifferentAccess\nanschaffungskategorie: AV-Technik\nreference: invoice\numzug: zgeln\nankunftszustand: intakt\n','2016-07-21 03:57:43','2016-07-21 03:57:43'),(82,'mcam12','mcam12',88,38,82,1,NULL,NULL,'2014-07-08','2016-07-21',NULL,NULL,'213.00',0,0,1,0,1,1,NULL,NULL,NULL,'mcam12',NULL,'--- !ruby/hash:ActiveSupport::HashWithIndifferentAccess\nanschaffungskategorie: AV-Technik\nreference: invoice\numzug: zgeln\nankunftszustand: intakt\n','2016-07-21 03:57:43','2016-07-21 03:57:43'),(83,'mcam13','mcam13',89,38,83,1,NULL,NULL,'2015-10-10','2016-07-21',NULL,NULL,'191.00',0,0,1,0,1,1,NULL,NULL,NULL,'mcam13',NULL,'--- !ruby/hash:ActiveSupport::HashWithIndifferentAccess\nanschaffungskategorie: AV-Technik\nreference: invoice\numzug: zgeln\nankunftszustand: intakt\n','2016-07-21 03:57:43','2016-07-21 03:57:43'),(84,'mcam14','mcam14',90,38,84,1,NULL,NULL,'2011-12-01','2016-07-21',NULL,NULL,'1382.00',0,0,1,0,1,1,NULL,NULL,NULL,'mcam14',NULL,'--- !ruby/hash:ActiveSupport::HashWithIndifferentAccess\nanschaffungskategorie: AV-Technik\nreference: invoice\numzug: zgeln\nankunftszustand: intakt\n','2016-07-21 03:57:43','2016-07-21 03:57:43'),(85,'mcam15','mcam15',91,38,85,1,NULL,NULL,'2015-01-27','2016-07-21',NULL,NULL,'455.00',0,0,1,0,1,1,NULL,NULL,NULL,'mcam15',NULL,'--- !ruby/hash:ActiveSupport::HashWithIndifferentAccess\nanschaffungskategorie: AV-Technik\nreference: invoice\numzug: zgeln\nankunftszustand: intakt\n','2016-07-21 03:57:43','2016-07-21 03:57:43'),(86,'mcam16','mcam16',92,38,86,1,NULL,NULL,'2012-03-07','2016-07-21',NULL,NULL,'670.00',0,0,1,0,1,1,NULL,NULL,NULL,'mcam16',NULL,'--- !ruby/hash:ActiveSupport::HashWithIndifferentAccess\nanschaffungskategorie: AV-Technik\nreference: invoice\numzug: zgeln\nankunftszustand: intakt\n','2016-07-21 03:57:43','2016-07-21 03:57:43'),(87,'mcam17','mcam17',93,38,87,1,NULL,NULL,'2013-12-25','2016-07-21',NULL,NULL,'605.00',0,0,1,0,1,1,NULL,NULL,NULL,'mcam17',NULL,'--- !ruby/hash:ActiveSupport::HashWithIndifferentAccess\nanschaffungskategorie: AV-Technik\nreference: invoice\numzug: zgeln\nankunftszustand: intakt\n','2016-07-21 03:57:43','2016-07-21 03:57:43'),(88,'mcam18','mcam18',94,38,88,1,NULL,NULL,'2013-12-05','2016-07-21',NULL,NULL,'542.00',0,0,1,0,1,1,NULL,NULL,NULL,'mcam18',NULL,'--- !ruby/hash:ActiveSupport::HashWithIndifferentAccess\nanschaffungskategorie: AV-Technik\nreference: invoice\numzug: zgeln\nankunftszustand: intakt\n','2016-07-21 03:57:43','2016-07-21 03:57:43'),(89,'mcam19','mcam19',95,38,89,1,NULL,NULL,'2015-11-04','2016-07-21',NULL,NULL,'1142.00',0,0,1,0,1,1,NULL,NULL,NULL,'mcam19',NULL,'--- !ruby/hash:ActiveSupport::HashWithIndifferentAccess\nanschaffungskategorie: AV-Technik\nreference: invoice\numzug: zgeln\nankunftszustand: intakt\n','2016-07-21 03:57:43','2016-07-21 03:57:43'),(90,'mcam20','mcam20',96,38,90,1,NULL,NULL,'2012-08-21','2016-07-21',NULL,NULL,'1329.00',0,0,1,0,1,1,NULL,NULL,NULL,'mcam20',NULL,'--- !ruby/hash:ActiveSupport::HashWithIndifferentAccess\nanschaffungskategorie: AV-Technik\nreference: invoice\numzug: zgeln\nankunftszustand: intakt\n','2016-07-21 03:57:43','2016-07-21 03:57:43'),(91,'mcam21','mcam21',97,38,91,1,NULL,NULL,'2013-10-21','2016-07-21',NULL,NULL,'133.00',0,0,1,0,1,1,NULL,NULL,NULL,'mcam21',NULL,'--- !ruby/hash:ActiveSupport::HashWithIndifferentAccess\nanschaffungskategorie: AV-Technik\nreference: invoice\numzug: zgeln\nankunftszustand: intakt\n','2016-07-21 03:57:43','2016-07-21 03:57:43'),(92,'mcam22','mcam22',98,38,92,1,NULL,NULL,'2014-07-04','2016-07-21',NULL,NULL,'595.00',0,0,1,0,1,1,NULL,NULL,NULL,'mcam22',NULL,'--- !ruby/hash:ActiveSupport::HashWithIndifferentAccess\nanschaffungskategorie: AV-Technik\nreference: invoice\numzug: zgeln\nankunftszustand: intakt\n','2016-07-21 03:57:43','2016-07-21 03:57:43'),(93,'mcam23','mcam23',99,38,93,1,NULL,NULL,'2013-05-16','2016-07-21',NULL,NULL,'21.00',0,0,1,0,1,1,NULL,NULL,NULL,'mcam23',NULL,'--- !ruby/hash:ActiveSupport::HashWithIndifferentAccess\nanschaffungskategorie: AV-Technik\nreference: invoice\numzug: zgeln\nankunftszustand: intakt\n','2016-07-21 03:57:43','2016-07-21 03:57:43'),(94,'mcam24','mcam24',100,38,94,1,NULL,NULL,'2013-02-06','2016-07-21',NULL,NULL,'185.00',0,0,1,0,1,1,NULL,NULL,NULL,'mcam24',NULL,'--- !ruby/hash:ActiveSupport::HashWithIndifferentAccess\nanschaffungskategorie: AV-Technik\nreference: invoice\numzug: zgeln\nankunftszustand: intakt\n','2016-07-21 03:57:43','2016-07-21 03:57:43'),(95,'mcam25','mcam25',101,38,95,1,NULL,NULL,'2014-05-02','2016-07-21',NULL,NULL,'810.00',0,0,1,0,1,1,NULL,NULL,NULL,'mcam25',NULL,'--- !ruby/hash:ActiveSupport::HashWithIndifferentAccess\nanschaffungskategorie: AV-Technik\nreference: invoice\numzug: zgeln\nankunftszustand: intakt\n','2016-07-21 03:57:43','2016-07-21 03:57:43'),(96,'mcam26','mcam26',102,38,96,1,NULL,NULL,'2013-10-15','2016-07-21',NULL,NULL,'1117.00',0,0,1,0,1,1,NULL,NULL,NULL,'mcam26',NULL,'--- !ruby/hash:ActiveSupport::HashWithIndifferentAccess\nanschaffungskategorie: AV-Technik\nreference: invoice\numzug: zgeln\nankunftszustand: intakt\n','2016-07-21 03:57:43','2016-07-21 03:57:43'),(97,'mcam27','mcam27',103,38,97,1,NULL,NULL,'2012-02-05','2016-07-21',NULL,NULL,'1202.00',0,0,1,0,1,1,NULL,NULL,NULL,'mcam27',NULL,'--- !ruby/hash:ActiveSupport::HashWithIndifferentAccess\nanschaffungskategorie: AV-Technik\nreference: invoice\numzug: zgeln\nankunftszustand: intakt\n','2016-07-21 03:57:43','2016-07-21 03:57:43'),(98,'mcam28','mcam28',104,38,98,1,NULL,NULL,'2011-11-11','2016-07-21',NULL,NULL,'346.00',0,0,1,0,1,1,NULL,NULL,NULL,'mcam28',NULL,'--- !ruby/hash:ActiveSupport::HashWithIndifferentAccess\nanschaffungskategorie: AV-Technik\nreference: invoice\numzug: zgeln\nankunftszustand: intakt\n','2016-07-21 03:57:43','2016-07-21 03:57:43'),(99,'mcam29','mcam29',105,38,99,1,NULL,NULL,'2011-05-19','2016-07-21',NULL,NULL,'788.00',0,0,1,0,1,1,NULL,NULL,NULL,'mcam29',NULL,'--- !ruby/hash:ActiveSupport::HashWithIndifferentAccess\nanschaffungskategorie: AV-Technik\nreference: invoice\numzug: zgeln\nankunftszustand: intakt\n','2016-07-21 03:57:43','2016-07-21 03:57:43'),(100,'mcam30','mcam30',106,38,100,1,NULL,NULL,'2011-12-06','2016-07-21',NULL,NULL,'1428.00',0,0,1,0,1,1,NULL,NULL,NULL,'mcam30',NULL,'--- !ruby/hash:ActiveSupport::HashWithIndifferentAccess\nanschaffungskategorie: AV-Technik\nreference: invoice\numzug: zgeln\nankunftszustand: intakt\n','2016-07-21 03:57:43','2016-07-21 03:57:43'),(101,'hifi123','hifi123',107,38,101,1,NULL,NULL,'2015-02-22','2016-07-21',NULL,NULL,'196.00',0,0,1,0,1,1,NULL,NULL,NULL,NULL,NULL,'--- !ruby/hash:ActiveSupport::HashWithIndifferentAccess\nanschaffungskategorie: AV-Technik\nreference: invoice\numzug: zgeln\nankunftszustand: intakt\n','2016-07-21 03:57:43','2016-07-21 03:57:43'),(102,'tri789','fgh567',108,38,102,1,NULL,NULL,'2014-03-16','2016-07-21',NULL,NULL,'570.00',0,0,1,0,1,1,NULL,NULL,NULL,NULL,NULL,'--- !ruby/hash:ActiveSupport::HashWithIndifferentAccess\nanschaffungskategorie: AV-Technik\nreference: invoice\numzug: zgeln\nankunftszustand: intakt\n','2016-07-21 03:57:43','2016-07-21 03:57:43'),(103,'tri123','fgh987',108,38,103,1,NULL,NULL,'2011-05-06','2016-07-21',NULL,NULL,'1403.00',0,0,1,0,1,1,NULL,NULL,NULL,NULL,NULL,'--- !ruby/hash:ActiveSupport::HashWithIndifferentAccess\nanschaffungskategorie: AV-Technik\nreference: invoice\numzug: zgeln\nankunftszustand: intakt\n','2016-07-21 03:57:43','2016-07-21 03:57:43'),(104,'tri923','asd213',108,38,104,1,NULL,NULL,'2013-10-27','2016-07-21',NULL,NULL,'16.00',0,0,1,0,1,1,NULL,NULL,NULL,NULL,NULL,'--- !ruby/hash:ActiveSupport::HashWithIndifferentAccess\nanschaffungskategorie: AV-Technik\nreference: invoice\numzug: zgeln\nankunftszustand: intakt\n','2016-07-21 03:57:43','2016-07-21 03:57:43'),(105,'tri212','tri212',108,38,105,1,NULL,NULL,'2011-04-02','2016-07-21',NULL,NULL,'886.00',0,0,1,0,1,1,NULL,NULL,NULL,NULL,NULL,'--- !ruby/hash:ActiveSupport::HashWithIndifferentAccess\nanschaffungskategorie: AV-Technik\nreference: invoice\numzug: zgeln\nankunftszustand: intakt\n','2016-07-21 03:57:43','2016-07-21 03:57:43'),(106,'26a5n5','jo0fpv',110,38,106,1,NULL,NULL,'2014-07-24','2016-07-21',NULL,NULL,'170.00',0,0,1,0,1,1,NULL,NULL,NULL,NULL,NULL,'--- !ruby/hash:ActiveSupport::HashWithIndifferentAccess\nanschaffungskategorie: AV-Technik\nreference: invoice\numzug: zgeln\nankunftszustand: intakt\n','2016-07-21 03:57:43','2016-07-21 03:57:43'),(107,'fgqa0ka4wqgqa2pyyo7k418','7f:42:2f:d8:ca:2f-80:a0:45:0f:a7:57-ed:36:2d:23:5b:39',111,39,107,1,NULL,NULL,'2012-05-08','2016-07-21',NULL,NULL,'601.00',0,0,1,0,1,1,NULL,NULL,NULL,NULL,NULL,'--- !ruby/hash:ActiveSupport::HashWithIndifferentAccess\nanschaffungskategorie: AV-Technik\nreference: invoice\numzug: zgeln\nankunftszustand: intakt\n','2016-07-21 03:57:43','2016-07-21 03:57:43'),(108,'6uzsxf58xwalu5acz0ef419','fe:b7:4f:63:d9:93-06:a7:fc:f9:06:52-72:f7:4d:bd:17:02',113,39,108,1,107,NULL,'2012-01-26','2016-07-21',NULL,NULL,'246.00',0,0,1,0,1,1,NULL,NULL,NULL,NULL,NULL,'--- !ruby/hash:ActiveSupport::HashWithIndifferentAccess\nanschaffungskategorie: AV-Technik\nreference: invoice\numzug: zgeln\nankunftszustand: intakt\n','2016-07-21 03:57:43','2016-07-21 03:57:43'),(109,'n4vl9ozlx4ifiy1pdfh8420','3f:0c:34:89:96:ea-b1:34:56:e6:6b:ed-92:2f:06:d7:52:6f',114,39,109,1,107,NULL,'2014-10-11','2016-07-21',NULL,NULL,'1362.00',0,0,1,0,1,1,NULL,NULL,NULL,NULL,NULL,'--- !ruby/hash:ActiveSupport::HashWithIndifferentAccess\nanschaffungskategorie: AV-Technik\nreference: invoice\numzug: zgeln\nankunftszustand: intakt\n','2016-07-21 03:57:43','2016-07-21 03:57:43'),(110,'i2njnxplm9a3n6zny60n421','48:e5:59:d8:cd:92-0e:21:fa:da:f1:3b-d0:8f:58:db:44:b2',115,39,110,1,107,NULL,'2015-04-16','2016-07-21',NULL,NULL,'924.00',0,0,1,0,1,1,NULL,NULL,NULL,NULL,NULL,'--- !ruby/hash:ActiveSupport::HashWithIndifferentAccess\nanschaffungskategorie: AV-Technik\nreference: invoice\numzug: zgeln\nankunftszustand: intakt\n','2016-07-21 03:57:43','2016-07-21 03:57:43'),(111,'901jjft1iqaqrmmtt5wu422','d0:40:25:dd:e3:b3-85:f1:e6:e5:2c:3b-5d:82:8a:4a:e5:4d',111,43,111,1,NULL,NULL,'2012-02-01','2016-07-21',NULL,NULL,'223.00',0,0,1,0,1,1,NULL,NULL,NULL,NULL,NULL,'--- !ruby/hash:ActiveSupport::HashWithIndifferentAccess\nanschaffungskategorie: AV-Technik\nreference: invoice\numzug: zgeln\nankunftszustand: intakt\n','2016-07-21 03:57:43','2016-07-21 03:57:43'),(112,'nth8smkva3sumecxtvhv423','91:3c:37:97:0d:37-08:d4:40:5c:fd:4f-86:3b:3c:b4:c3:20',117,43,112,1,111,NULL,'2011-08-23','2016-07-21',NULL,NULL,'783.00',0,0,1,0,1,1,NULL,NULL,NULL,NULL,NULL,'--- !ruby/hash:ActiveSupport::HashWithIndifferentAccess\nanschaffungskategorie: AV-Technik\nreference: invoice\numzug: zgeln\nankunftszustand: intakt\n','2016-07-21 03:57:43','2016-07-21 03:57:43'),(113,'5m2ao30dbubjj8nbdypr424','a9:a1:ff:ba:82:27-b3:b4:48:6b:06:10-8f:ba:d6:67:d4:fb',118,43,113,1,111,NULL,'2014-08-05','2016-07-21',NULL,NULL,'170.00',0,0,1,0,1,1,NULL,NULL,NULL,NULL,NULL,'--- !ruby/hash:ActiveSupport::HashWithIndifferentAccess\nanschaffungskategorie: AV-Technik\nreference: invoice\numzug: zgeln\nankunftszustand: intakt\n','2016-07-21 03:57:43','2016-07-21 03:57:43'),(114,'l7t4n25l9httdrs3ut63425','a6:5c:76:5d:bd:61-7f:a1:5f:be:bd:3a-55:db:76:73:73:72',119,43,114,1,111,NULL,'2013-01-18','2016-07-21',NULL,NULL,'284.00',0,0,1,0,1,1,NULL,NULL,NULL,NULL,NULL,'--- !ruby/hash:ActiveSupport::HashWithIndifferentAccess\nanschaffungskategorie: AV-Technik\nreference: invoice\numzug: zgeln\nankunftszustand: intakt\n','2016-07-21 03:57:43','2016-07-21 03:57:43'),(115,'8snbbwdo698ikjirc0ac426','ab:3a:ff:a2:cd:b9-95:dc:f5:85:69:6c-3d:90:d1:4b:6a:12',111,47,115,1,NULL,NULL,'2011-02-27','2016-07-21',NULL,NULL,'266.00',0,0,1,0,1,1,NULL,NULL,NULL,NULL,NULL,'--- !ruby/hash:ActiveSupport::HashWithIndifferentAccess\nanschaffungskategorie: AV-Technik\nreference: invoice\numzug: zgeln\nankunftszustand: intakt\n','2016-07-21 03:57:43','2016-07-21 03:57:43'),(116,'7rrfmc1n6ig5k7swajd9427','49:0f:54:49:c3:f4-d9:53:fc:7e:2c:ef-c5:a8:0a:9a:70:b5',121,47,116,1,115,NULL,'2013-10-21','2016-07-21',NULL,NULL,'777.00',0,0,1,0,1,1,NULL,NULL,NULL,NULL,NULL,'--- !ruby/hash:ActiveSupport::HashWithIndifferentAccess\nanschaffungskategorie: AV-Technik\nreference: invoice\numzug: zgeln\nankunftszustand: intakt\n','2016-07-21 03:57:43','2016-07-21 03:57:43'),(117,'thxplzjhjz4ixuinstww428','bb:63:1f:83:8b:81-03:30:d0:ed:ea:0b-58:78:7c:1b:43:de',122,47,117,1,115,NULL,'2012-01-10','2016-07-21',NULL,NULL,'683.00',0,0,1,0,1,1,NULL,NULL,NULL,NULL,NULL,'--- !ruby/hash:ActiveSupport::HashWithIndifferentAccess\nanschaffungskategorie: AV-Technik\nreference: invoice\numzug: zgeln\nankunftszustand: intakt\n','2016-07-21 03:57:43','2016-07-21 03:57:43'),(118,'r5w30ipd63w3ojgalpeh429','65:eb:64:3f:20:99-10:5a:b8:46:a2:49-db:ec:6d:b1:f7:26',123,47,118,1,115,NULL,'2013-10-14','2016-07-21',NULL,NULL,'245.00',0,0,1,0,1,1,NULL,NULL,NULL,NULL,NULL,'--- !ruby/hash:ActiveSupport::HashWithIndifferentAccess\nanschaffungskategorie: AV-Technik\nreference: invoice\numzug: zgeln\nankunftszustand: intakt\n','2016-07-21 03:57:43','2016-07-21 03:57:43'),(119,'7dql9nasnhjih68n92a0430','08:b9:e7:7c:09:9b-a7:dc:6b:9a:d0:78-6d:ff:21:62:2f:a9',124,51,119,1,NULL,NULL,'2011-08-02','2016-07-21',NULL,NULL,'889.00',0,0,1,0,1,1,NULL,NULL,NULL,NULL,NULL,'--- !ruby/hash:ActiveSupport::HashWithIndifferentAccess\nanschaffungskategorie: AV-Technik\nreference: invoice\numzug: zgeln\nankunftszustand: intakt\n','2016-07-21 03:57:43','2016-07-21 03:57:43'),(120,'j5jpqpbot59v2azalm5u431','74:cf:6b:7f:a2:a3-9b:3e:cd:bc:2f:a1-b9:f4:1e:7f:c1:a3',126,51,120,1,119,NULL,'2011-08-22','2016-07-21',NULL,NULL,'1371.00',0,0,1,0,1,1,NULL,NULL,NULL,NULL,NULL,'--- !ruby/hash:ActiveSupport::HashWithIndifferentAccess\nanschaffungskategorie: AV-Technik\nreference: invoice\numzug: zgeln\nankunftszustand: intakt\n','2016-07-21 03:57:43','2016-07-21 03:57:43'),(121,'k87l0pyz8oxkasarijqj432','75:3b:7b:fc:9b:f1-60:88:20:94:92:0e-54:68:3c:71:cf:f0',127,51,121,1,119,NULL,'2013-10-09','2016-07-21',NULL,NULL,'787.00',0,0,1,0,1,1,NULL,NULL,NULL,NULL,NULL,'--- !ruby/hash:ActiveSupport::HashWithIndifferentAccess\nanschaffungskategorie: AV-Technik\nreference: invoice\numzug: zgeln\nankunftszustand: intakt\n','2016-07-21 03:57:43','2016-07-21 03:57:43'),(122,'1iyf0r67lwakh5wo6tq2433','fe:da:8e:66:b0:04-b5:2e:a7:3d:c2:1b-40:16:d8:9b:9d:52',128,51,122,1,119,NULL,'2015-07-16','2016-07-21',NULL,NULL,'1406.00',0,0,1,0,1,1,NULL,NULL,NULL,NULL,NULL,'--- !ruby/hash:ActiveSupport::HashWithIndifferentAccess\nanschaffungskategorie: AV-Technik\nreference: invoice\numzug: zgeln\nankunftszustand: intakt\n','2016-07-21 03:57:43','2016-07-21 03:57:43'),(123,'ca9g5hptzojhuskvty5v434','40:93:b8:78:3b:7b-4c:27:59:bd:33:4b-78:ea:73:06:87:38',124,55,123,1,NULL,NULL,'2013-01-09','2016-07-21',NULL,NULL,'302.00',0,0,1,0,1,1,NULL,NULL,NULL,NULL,NULL,'--- !ruby/hash:ActiveSupport::HashWithIndifferentAccess\nanschaffungskategorie: AV-Technik\nreference: invoice\numzug: zgeln\nankunftszustand: intakt\n','2016-07-21 03:57:43','2016-07-21 03:57:43'),(124,'ts151gckiqj9xu0sm3ws435','56:d9:e6:29:c9:34-f9:75:54:54:72:7b-22:80:02:12:7a:45',130,55,124,1,123,NULL,'2012-02-05','2016-07-21',NULL,NULL,'967.00',0,0,1,0,1,1,NULL,NULL,NULL,NULL,NULL,'--- !ruby/hash:ActiveSupport::HashWithIndifferentAccess\nanschaffungskategorie: AV-Technik\nreference: invoice\numzug: zgeln\nankunftszustand: intakt\n','2016-07-21 03:57:43','2016-07-21 03:57:43'),(125,'up3pkdxakxg5xw7055c8436','3a:8a:d7:1d:0b:11-19:86:47:42:a0:2a-84:a0:d4:4a:5a:5c',131,55,125,1,123,NULL,'2013-03-02','2016-07-21',NULL,NULL,'759.00',0,0,1,0,1,1,NULL,NULL,NULL,NULL,NULL,'--- !ruby/hash:ActiveSupport::HashWithIndifferentAccess\nanschaffungskategorie: AV-Technik\nreference: invoice\numzug: zgeln\nankunftszustand: intakt\n','2016-07-21 03:57:43','2016-07-21 03:57:43'),(126,'jg1h3xoby9pmx2xi90b3437','6b:3c:07:b9:e4:cd-e6:56:84:ac:c5:9e-38:92:07:99:0e:6c',132,55,126,1,123,NULL,'2012-01-05','2016-07-21',NULL,NULL,'405.00',0,0,1,0,1,1,NULL,NULL,NULL,NULL,NULL,'--- !ruby/hash:ActiveSupport::HashWithIndifferentAccess\nanschaffungskategorie: AV-Technik\nreference: invoice\numzug: zgeln\nankunftszustand: intakt\n','2016-07-21 03:57:43','2016-07-21 03:57:43'),(127,'jxzf8sf1xcvdncfrgseq438','7c:99:35:25:a4:19-ea:c7:01:a5:4a:6a-d6:ed:61:93:19:8a',124,59,127,1,NULL,NULL,'2011-04-18','2016-07-21',NULL,NULL,'373.00',0,0,1,0,1,1,NULL,NULL,NULL,NULL,NULL,'--- !ruby/hash:ActiveSupport::HashWithIndifferentAccess\nanschaffungskategorie: AV-Technik\nreference: invoice\numzug: zgeln\nankunftszustand: intakt\n','2016-07-21 03:57:43','2016-07-21 03:57:43'),(128,'8i1v1mrlwje95q81c164439','77:89:45:54:71:49-01:fa:5c:13:a9:91-37:d2:2e:28:10:dd',134,59,128,1,127,NULL,'2013-10-25','2016-07-21',NULL,NULL,'858.00',0,0,1,0,1,1,NULL,NULL,NULL,NULL,NULL,'--- !ruby/hash:ActiveSupport::HashWithIndifferentAccess\nanschaffungskategorie: AV-Technik\nreference: invoice\numzug: zgeln\nankunftszustand: intakt\n','2016-07-21 03:57:43','2016-07-21 03:57:43'),(129,'x862hdx5vvb2gb6sfdbo440','c9:56:b8:c9:f7:ba-11:f1:3b:35:6b:00-43:ad:31:6a:b6:54',135,59,129,1,127,NULL,'2015-11-28','2016-07-21',NULL,NULL,'621.00',0,0,1,0,1,1,NULL,NULL,NULL,NULL,NULL,'--- !ruby/hash:ActiveSupport::HashWithIndifferentAccess\nanschaffungskategorie: AV-Technik\nreference: invoice\numzug: zgeln\nankunftszustand: intakt\n','2016-07-21 03:57:43','2016-07-21 03:57:43'),(130,'fk5ww3r3t0l5pjd0v26d441','b5:b8:a2:13:49:f1-a7:63:eb:be:6c:be-8b:38:e0:1a:c4:61',136,59,130,1,127,NULL,'2013-11-24','2016-07-21',NULL,NULL,'115.00',0,0,1,0,1,1,NULL,NULL,NULL,NULL,NULL,'--- !ruby/hash:ActiveSupport::HashWithIndifferentAccess\nanschaffungskategorie: AV-Technik\nreference: invoice\numzug: zgeln\nankunftszustand: intakt\n','2016-07-21 03:57:43','2016-07-21 03:57:43'),(131,'pqji4v8dht5kqjxs5y3j442','3f:91:85:31:27:3a-b6:94:87:a8:99:51-16:db:80:71:c1:5f',111,63,131,2,NULL,NULL,'2012-04-07','2016-07-21',NULL,NULL,'373.00',0,0,1,0,2,1,NULL,NULL,NULL,NULL,NULL,'--- !ruby/hash:ActiveSupport::HashWithIndifferentAccess\nanschaffungskategorie: AV-Technik\nreference: invoice\numzug: zgeln\nankunftszustand: intakt\n','2016-07-21 03:57:43','2016-07-21 03:57:43'),(132,'iu3sk0twewoh4nk3bo67443','60:58:f5:b8:b4:63-b4:6b:2d:d5:be:dd-bf:ae:ef:10:a0:d6',138,63,132,2,131,NULL,'2014-09-28','2016-07-21',NULL,NULL,'605.00',0,0,1,0,2,1,NULL,NULL,NULL,NULL,NULL,'--- !ruby/hash:ActiveSupport::HashWithIndifferentAccess\nanschaffungskategorie: AV-Technik\nreference: invoice\numzug: zgeln\nankunftszustand: intakt\n','2016-07-21 03:57:43','2016-07-21 03:57:43'),(133,'cr02ofhht3k7188gded7444','7b:d2:7f:92:3d:f7-26:7c:3e:be:f0:29-87:75:cb:0b:51:58',139,63,133,2,131,NULL,'2014-12-22','2016-07-21',NULL,NULL,'714.00',0,0,1,0,2,1,NULL,NULL,NULL,NULL,NULL,'--- !ruby/hash:ActiveSupport::HashWithIndifferentAccess\nanschaffungskategorie: AV-Technik\nreference: invoice\numzug: zgeln\nankunftszustand: intakt\n','2016-07-21 03:57:43','2016-07-21 03:57:43'),(134,'wcycoh70nptw639ykopo445','94:25:81:01:b9:57-a2:ae:f1:98:84:ff-a0:c4:14:9a:ee:15',140,63,134,2,131,NULL,'2014-10-12','2016-07-21',NULL,NULL,'1111.00',0,0,1,0,2,1,NULL,NULL,NULL,NULL,NULL,'--- !ruby/hash:ActiveSupport::HashWithIndifferentAccess\nanschaffungskategorie: AV-Technik\nreference: invoice\numzug: zgeln\nankunftszustand: intakt\n','2016-07-21 03:57:43','2016-07-21 03:57:43'),(135,'cand5','cand5',76,38,135,1,NULL,NULL,'2011-08-30','2016-07-21',NULL,NULL,'1361.00',0,0,0,0,1,1,NULL,NULL,NULL,NULL,NULL,'--- !ruby/hash:ActiveSupport::HashWithIndifferentAccess\nanschaffungskategorie: AV-Technik\nreference: invoice\numzug: zgeln\nankunftszustand: intakt\n','2016-07-21 03:57:43','2016-07-21 03:57:43'),(136,'beam21231','beamas12312',50,38,136,1,NULL,NULL,'2011-06-06','2016-07-21',NULL,NULL,'462.00',0,0,0,0,1,1,NULL,NULL,NULL,NULL,NULL,'--- !ruby/hash:ActiveSupport::HashWithIndifferentAccess\nanschaffungskategorie: AV-Technik\nreference: invoice\numzug: zgeln\nankunftszustand: intakt\n','2016-07-21 03:57:43','2016-07-21 03:57:43'),(137,'hifi345','hifi345',107,38,137,1,NULL,NULL,'2015-12-15','2016-07-21',NULL,NULL,'921.00',0,0,0,0,1,1,NULL,NULL,NULL,NULL,NULL,'--- !ruby/hash:ActiveSupport::HashWithIndifferentAccess\nanschaffungskategorie: AV-Technik\nreference: invoice\numzug: zgeln\nankunftszustand: intakt\n','2016-07-21 03:57:43','2016-07-21 03:57:43'),(138,'iMac1','iMac5',142,38,138,1,NULL,NULL,'2015-11-14','2016-07-21','2016-07-21','This Item is gone','916.00',0,0,1,0,1,1,NULL,NULL,NULL,NULL,NULL,'--- !ruby/hash:ActiveSupport::HashWithIndifferentAccess\nanschaffungskategorie: AV-Technik\nreference: invoice\numzug: zgeln\nankunftszustand: intakt\n','2016-07-21 03:57:43','2016-07-21 03:57:43'),(139,'iMac2','iMac6',142,38,139,3,NULL,NULL,'2013-11-16','2016-07-21','2016-07-21','This Item is gone','1057.00',0,0,1,0,1,1,NULL,NULL,NULL,NULL,NULL,'--- !ruby/hash:ActiveSupport::HashWithIndifferentAccess\nanschaffungskategorie: AV-Technik\nreference: invoice\numzug: zgeln\nankunftszustand: intakt\n','2016-07-21 03:57:43','2016-07-21 03:57:43'),(140,'jw8xh8','hwv4ru',109,38,140,1,NULL,NULL,'2012-10-10','2016-07-21','2016-07-21','This Item is gone','1168.00',0,0,1,0,1,1,NULL,NULL,NULL,NULL,NULL,'--- !ruby/hash:ActiveSupport::HashWithIndifferentAccess\nanschaffungskategorie: AV-Technik\nreference: invoice\numzug: zgeln\nankunftszustand: intakt\n','2016-07-21 03:57:43','2016-07-21 03:57:43'),(141,'6c109c','6h5qyq',109,38,141,1,NULL,NULL,'2013-04-25','2016-07-21',NULL,NULL,'569.00',0,0,1,0,1,1,NULL,NULL,NULL,NULL,NULL,'--- !ruby/hash:ActiveSupport::HashWithIndifferentAccess\nanschaffungskategorie: AV-Technik\nreference: invoice\numzug: zgeln\nankunftszustand: intakt\n','2016-07-21 03:57:43','2016-07-21 03:57:43'),(142,'wlaptop1','wlaptop1',143,38,142,1,NULL,NULL,'2011-03-28','2016-07-21',NULL,NULL,'1367.00',1,0,1,0,1,1,NULL,NULL,NULL,NULL,NULL,'--- !ruby/hash:ActiveSupport::HashWithIndifferentAccess\nanschaffungskategorie: AV-Technik\nreference: invoice\numzug: zgeln\nankunftszustand: intakt\n','2016-07-21 03:57:43','2016-07-21 03:57:43'),(143,'v120d02','v120d02',144,38,143,1,NULL,NULL,'2011-12-15','2016-07-21',NULL,NULL,'941.00',0,1,1,0,1,1,NULL,NULL,NULL,NULL,NULL,'--- !ruby/hash:ActiveSupport::HashWithIndifferentAccess\nanschaffungskategorie: AV-Technik\nreference: invoice\numzug: zgeln\nankunftszustand: intakt\n','2016-07-21 03:57:43','2016-07-21 03:57:43'),(144,'2g69t8nuzydb501qbc5c446','85:f9:8f:f8:df:1d-e8:b5:f0:e6:00:7f-0c:73:60:93:c1:9f',144,67,144,1,NULL,NULL,'2014-08-13','2016-07-21','2016-07-21','Tenetur ducimus perferendis debitis enim officiis corrupti totam.','288.00',1,1,0,0,1,1,NULL,NULL,NULL,NULL,NULL,'--- !ruby/hash:ActiveSupport::HashWithIndifferentAccess\nanschaffungskategorie: AV-Technik\nreference: invoice\numzug: zgeln\nankunftszustand: intakt\n','2016-07-21 03:57:43','2016-07-21 03:57:43'),(145,'v120d022g','v120d022g',145,38,145,1,NULL,NULL,'2012-05-31','2016-07-21',NULL,NULL,'890.00',0,0,1,0,1,1,NULL,NULL,NULL,NULL,NULL,'--- !ruby/hash:ActiveSupport::HashWithIndifferentAccess\nanschaffungskategorie: AV-Technik\nreference: invoice\numzug: zgeln\nankunftszustand: intakt\n','2016-07-21 03:57:43','2016-07-21 03:57:43'),(146,'v120d022g2','v120d022g2',145,38,146,1,NULL,NULL,'2013-11-03','2016-07-21',NULL,NULL,'646.00',0,0,1,0,1,1,NULL,NULL,NULL,NULL,NULL,'--- !ruby/hash:ActiveSupport::HashWithIndifferentAccess\nanschaffungskategorie: AV-Technik\nreference: invoice\numzug: zgeln\nankunftszustand: intakt\n','2016-07-21 03:57:43','2016-07-21 03:57:43'),(147,'beam897','xyz890',50,38,147,1,NULL,NULL,'2013-11-02','2016-07-21',NULL,NULL,'559.00',0,0,1,0,2,1,NULL,NULL,NULL,NULL,NULL,'--- !ruby/hash:ActiveSupport::HashWithIndifferentAccess\nanschaffungskategorie: AV-Technik\nreference: invoice\numzug: zgeln\nankunftszustand: intakt\n','2016-07-21 03:57:43','2016-07-21 03:57:43'),(148,'minibeam12','xyz890',52,38,148,1,NULL,NULL,'2014-08-23','2016-07-21',NULL,NULL,'1483.00',0,0,1,0,2,1,NULL,NULL,NULL,NULL,NULL,'--- !ruby/hash:ActiveSupport::HashWithIndifferentAccess\nanschaffungskategorie: AV-Technik\nreference: invoice\numzug: zgeln\nankunftszustand: intakt\n','2016-07-21 03:57:43','2016-07-21 03:57:43'),(149,'minibeam34','xyz890',52,38,149,1,NULL,NULL,'2015-07-08','2016-07-21',NULL,NULL,'1198.00',0,0,1,0,3,1,NULL,NULL,NULL,NULL,NULL,'--- !ruby/hash:ActiveSupport::HashWithIndifferentAccess\nanschaffungskategorie: AV-Technik\nreference: invoice\numzug: zgeln\nankunftszustand: intakt\n','2016-07-21 03:57:43','2016-07-21 03:57:43'),(150,'7fbw6sys6550oy4e00d9447','c0:9d:d3:b8:92:25-27:39:73:bc:09:21-30:3d:ba:29:af:2d',147,NULL,NULL,1,NULL,NULL,NULL,NULL,NULL,NULL,NULL,0,0,1,0,1,0,NULL,NULL,NULL,NULL,NULL,'--- !ruby/hash:ActiveSupport::HashWithIndifferentAccess\nlicense_type: single_workplace\nactivation_type: serial_number\noperating_system:\n- windows\n- linux\ninstallation:\n- citrix\n- web\nreference: invoice\nmaintenance_contract: \'false\'\n','2016-07-21 03:57:43','2016-07-21 03:57:43'),(151,'vaczahaigigpk3yhflzv448','86:0c:30:67:ad:29-3d:cc:c5:91:92:52-8d:f2:b9:3a:b4:d9',148,NULL,NULL,1,NULL,NULL,NULL,NULL,NULL,NULL,NULL,0,0,0,0,1,0,NULL,NULL,NULL,NULL,NULL,'--- !ruby/hash:ActiveSupport::HashWithIndifferentAccess\nlicense_type: single_workplace\nactivation_type: serial_number\noperating_system:\n- windows\n- linux\ninstallation:\n- citrix\n- web\nreference: invoice\nmaintenance_contract: \'false\'\n','2016-07-21 03:57:43','2016-07-21 03:57:43'),(152,'yhtf61cr37tbr7kiv20b449','e7:db:1a:cb:e5:48-65:b0:ae:80:6d:80-97:14:94:29:62:9c',149,NULL,NULL,1,NULL,NULL,NULL,NULL,NULL,NULL,NULL,0,0,1,0,2,0,NULL,NULL,NULL,NULL,NULL,'--- !ruby/hash:ActiveSupport::HashWithIndifferentAccess\nlicense_type: single_workplace\nactivation_type: serial_number\noperating_system:\n- windows\n- linux\ninstallation:\n- citrix\n- web\nprocured_by: Deonte Monahan\nreference: invoice\nmaintenance_contract: \'false\'\n','2016-07-21 03:57:43','2016-07-21 03:57:43'),(153,'a6cgjrc5ljx2uzqzagpn450','0b:35:45:44:c6:16-00:c8:4a:24:15:17-4a:55:76:66:f1:d4',150,NULL,NULL,1,NULL,NULL,NULL,NULL,'2016-07-21','Cum nemo magni praesentium et.',NULL,0,0,0,0,1,0,NULL,NULL,NULL,NULL,NULL,'--- !ruby/hash:ActiveSupport::HashWithIndifferentAccess\nlicense_type: single_workplace\nactivation_type: serial_number\noperating_system:\n- windows\n- linux\ninstallation:\n- citrix\n- web\nprocured_by: Orion Stoltenberg\nreference: invoice\nmaintenance_contract: \'false\'\n','2016-07-21 03:57:43','2016-07-21 03:57:43'),(154,'ra67j5gv2o22kwpeswdu451','04:97:2a:d1:ea:ed-b5:c1:70:f3:f4:ac-d3:45:c3:be:1a:43',151,NULL,NULL,2,NULL,NULL,NULL,NULL,'2016-07-21','Sed amet ipsum incidunt sapiente aut.',NULL,0,0,0,0,1,0,NULL,NULL,NULL,NULL,NULL,'--- !ruby/hash:ActiveSupport::HashWithIndifferentAccess\nlicense_type: single_workplace\nactivation_type: serial_number\noperating_system:\n- windows\n- linux\ninstallation:\n- citrix\n- web\nprocured_by: Destini Oberbrunner\nreference: invoice\nmaintenance_contract: \'false\'\n','2016-07-21 03:57:43','2016-07-21 03:57:43'),(155,'n301oa0xc9n3fjztf2lp452','82:20:d1:82:c0:9b-7a:f0:90:88:a9:14-87:d2:32:b7:a1:65',152,NULL,NULL,2,NULL,NULL,NULL,NULL,NULL,NULL,NULL,0,0,1,0,2,0,NULL,NULL,NULL,NULL,NULL,'--- !ruby/hash:ActiveSupport::HashWithIndifferentAccess\nlicense_type: single_workplace\nactivation_type: serial_number\noperating_system:\n- windows\n- linux\ninstallation:\n- citrix\n- web\nprocured_by: Anabel Heidenreich\nreference: invoice\nmaintenance_contract: \'false\'\n','2016-07-21 03:57:43','2016-07-21 03:57:43'),(156,'cupv0sk5hzk8s8tmmryo453','f1:5b:59:f1:8e:56-3d:9a:62:7b:54:dc-3b:22:45:46:52:10',153,NULL,NULL,1,NULL,NULL,'2016-07-21',NULL,NULL,NULL,NULL,0,0,0,0,1,0,NULL,NULL,NULL,NULL,NULL,'--- !ruby/hash:ActiveSupport::HashWithIndifferentAccess\nlicense_expiration: \'2016-07-21\'\nmaintenance_contract: \'true\'\nmaintenance_expiration: \'2016-07-21\'\nreference: invoice\nactivation_type: none\nlicense_type: free\n','2016-07-21 03:57:43','2016-07-21 03:57:43'),(157,'ovdbhpgedbd9710l8vs5454','c7:2e:56:1c:b4:14-c2:a3:d0:05:6b:13-ba:f3:51:dc:72:e5',154,NULL,NULL,1,NULL,NULL,NULL,NULL,NULL,NULL,NULL,0,0,0,0,1,0,NULL,NULL,NULL,NULL,NULL,'--- !ruby/hash:ActiveSupport::HashWithIndifferentAccess\nquantity_allocations:\n- !ruby/hash:ActiveSupport::HashWithIndifferentAccess\n  room: modi\n  quantity: 45\n- !ruby/hash:ActiveSupport::HashWithIndifferentAccess\n  room: aut\n  quantity: 12\nreference: invoice\nactivation_type: none\nlicense_type: free\nmaintenance_contract: \'false\'\n','2016-07-21 03:57:43','2016-07-21 03:57:43'),(158,'ov80g1es2mjxt2nokxrr455','db:c6:7a:48:f6:e7-2c:01:77:90:92:7e-93:9b:95:d9:1d:b6',156,NULL,NULL,1,NULL,NULL,NULL,NULL,NULL,NULL,NULL,0,0,0,0,1,0,NULL,NULL,NULL,NULL,NULL,'--- !ruby/hash:ActiveSupport::HashWithIndifferentAccess\noperating_system:\n- windows\n- linux\n- mac_os_x\nlicense_type: concurrent\ntotal_quantity: 26\nquantity_allocations:\n- !ruby/hash:ActiveSupport::HashWithIndifferentAccess\n  room: eveniet\n  quantity: 8\n- !ruby/hash:ActiveSupport::HashWithIndifferentAccess\n  room: dolor\n  quantity: 12\nreference: invoice\nactivation_type: none\nmaintenance_contract: \'false\'\n','2016-07-21 03:57:43','2016-07-21 03:57:43'),(159,'6vl5hwg1hcb32wtzpg43456','8e:58:75:12:7d:6a-55:8e:eb:45:c4:9f-89:f8:21:47:d8:b5',158,68,150,6,NULL,NULL,'2011-11-23','2016-07-16',NULL,NULL,'385.00',0,0,1,0,1,1,NULL,NULL,NULL,NULL,NULL,'--- !ruby/hash:ActiveSupport::HashWithIndifferentAccess\nanschaffungskategorie: AV-Technik\nreference: invoice\numzug: zgeln\nankunftszustand: intakt\n','2016-07-16 04:54:01','2016-07-16 04:54:01'),(160,'s1jvghzrwhit1fj691l4457','5c:c0:97:b2:64:f3-e9:00:d8:e8:e3:e1-6f:5c:9a:c3:3b:69',159,69,151,9,NULL,NULL,'2012-03-21','2016-07-16',NULL,NULL,'158.00',0,0,1,0,1,1,NULL,NULL,NULL,NULL,NULL,'--- !ruby/hash:ActiveSupport::HashWithIndifferentAccess\nanschaffungskategorie: AV-Technik\nreference: invoice\numzug: zgeln\nankunftszustand: intakt\n','2016-07-16 04:54:01','2016-07-16 04:54:01'),(161,'7pq8n8t2p9ean4bvaflt458','f1:2c:64:98:83:19-c6:ef:6b:0d:3c:7b-36:4e:3e:73:0f:f3',160,70,152,2,NULL,NULL,'2015-12-29','2016-07-16',NULL,NULL,'356.00',0,0,1,0,1,1,NULL,NULL,NULL,NULL,NULL,'--- !ruby/hash:ActiveSupport::HashWithIndifferentAccess\nanschaffungskategorie: AV-Technik\nreference: invoice\numzug: zgeln\nankunftszustand: intakt\n','2016-07-16 04:54:01','2016-07-16 04:54:01'),(162,'7uekdghwu4xkt3j3mvmk459','71:0d:0b:0b:cc:5a-ba:d6:ef:5a:22:dc-26:36:ca:25:cd:87',161,71,153,1,NULL,NULL,'2011-05-05','2016-07-16',NULL,NULL,'64.00',0,0,1,0,1,1,NULL,NULL,NULL,NULL,NULL,'--- !ruby/hash:ActiveSupport::HashWithIndifferentAccess\nanschaffungskategorie: AV-Technik\nreference: invoice\numzug: zgeln\nankunftszustand: intakt\n','2016-07-16 04:54:01','2016-07-16 04:54:01'),(163,'u159tprgjz3fy9u2nvak460','52:1b:e5:7b:61:aa-85:bb:af:90:5d:ec-c3:8f:87:59:cd:8a',161,72,154,1,NULL,NULL,'2013-08-21','2016-07-16',NULL,NULL,'1304.00',0,0,1,0,1,1,NULL,NULL,NULL,NULL,NULL,'--- !ruby/hash:ActiveSupport::HashWithIndifferentAccess\nanschaffungskategorie: AV-Technik\nreference: invoice\numzug: zgeln\nankunftszustand: intakt\n','2016-07-16 04:54:01','2016-07-16 04:54:01'),(164,'wuontj26gbuykwu1u5sh461','8d:b1:a2:5f:4b:c8-3e:f1:f8:b6:d3:39-56:2c:9c:03:f0:d9',161,73,155,1,NULL,NULL,'2014-11-02','2016-07-16',NULL,NULL,'943.00',0,0,1,0,1,1,NULL,NULL,NULL,NULL,NULL,'--- !ruby/hash:ActiveSupport::HashWithIndifferentAccess\nanschaffungskategorie: AV-Technik\nreference: invoice\numzug: zgeln\nankunftszustand: intakt\n','2016-07-16 04:54:01','2016-07-16 04:54:01'),(165,'7mm4rs78nkx1o49iw8ea462','a9:9f:d2:68:f7:e1-e8:c1:ef:e7:d8:95-6b:89:90:d8:fb:8a',165,74,156,2,NULL,NULL,'2014-08-04','2016-07-16',NULL,NULL,'655.00',0,0,1,0,1,1,NULL,NULL,NULL,NULL,NULL,'--- !ruby/hash:ActiveSupport::HashWithIndifferentAccess\nanschaffungskategorie: AV-Technik\nreference: invoice\numzug: zgeln\nankunftszustand: intakt\n','2016-07-16 04:54:01','2016-07-16 04:54:01'),(166,'f7zscu8eyp47rxkd9ev5463','5d:07:a2:eb:da:eb-7a:f6:ac:3d:17:0f-4f:64:15:65:23:6e',166,75,157,3,NULL,NULL,'2013-12-02','2016-07-16',NULL,NULL,'701.00',0,0,1,0,1,1,NULL,NULL,NULL,NULL,NULL,'--- !ruby/hash:ActiveSupport::HashWithIndifferentAccess\nanschaffungskategorie: AV-Technik\nreference: invoice\numzug: zgeln\nankunftszustand: intakt\n','2016-07-16 04:54:02','2016-07-16 04:54:02'),(167,'4sqcta3sjc7lhtulyu9w464','54:0e:5c:6d:3b:6a-79:ea:b9:15:d3:27-1a:8a:1b:4b:3e:08',167,76,158,2,NULL,NULL,'2015-11-25','2016-07-16',NULL,NULL,'491.00',0,0,1,0,1,1,NULL,NULL,NULL,NULL,NULL,'--- !ruby/hash:ActiveSupport::HashWithIndifferentAccess\nanschaffungskategorie: AV-Technik\nreference: invoice\numzug: zgeln\nankunftszustand: intakt\n','2016-07-16 04:54:02','2016-07-16 04:54:02'),(168,'h9tgh3isuw5a3ta3m5oc465','a8:36:2f:e9:db:01-d5:27:c8:2c:da:0c-a3:ca:c6:9b:a7:a4',168,77,159,9,NULL,NULL,'2014-05-20','2016-07-16',NULL,NULL,'1497.00',0,0,1,0,1,1,NULL,NULL,NULL,NULL,NULL,'--- !ruby/hash:ActiveSupport::HashWithIndifferentAccess\nanschaffungskategorie: AV-Technik\nreference: invoice\numzug: zgeln\nankunftszustand: intakt\n','2016-07-16 04:54:02','2016-07-16 04:54:02'),(169,'dc9r9oiqw846c1svohj6466','76:91:d9:0e:60:c6-67:e0:9f:21:57:b0-09:13:a7:53:a1:f6',169,78,160,8,NULL,NULL,'2011-06-29','2016-07-16',NULL,NULL,'563.00',0,0,1,0,1,1,NULL,NULL,NULL,NULL,NULL,'--- !ruby/hash:ActiveSupport::HashWithIndifferentAccess\nanschaffungskategorie: AV-Technik\nreference: invoice\numzug: zgeln\nankunftszustand: intakt\n','2016-07-16 04:54:02','2016-07-16 04:54:02'),(170,'nny9k6svxtp18ivzxbqc467','90:a2:4f:3b:b6:82-2a:b8:08:32:d6:69-a5:5e:79:3a:d0:c5',169,79,161,7,NULL,NULL,'2014-09-06','2016-07-16',NULL,NULL,'439.00',0,0,1,0,1,1,NULL,NULL,NULL,NULL,NULL,'--- !ruby/hash:ActiveSupport::HashWithIndifferentAccess\nanschaffungskategorie: AV-Technik\nreference: invoice\numzug: zgeln\nankunftszustand: intakt\n','2016-07-16 04:54:02','2016-07-16 04:54:02'),(171,'1khkyhnvgm624e56l9o1468','71:c6:64:9d:60:b6-aa:b9:71:fd:ae:51-6c:df:0a:6c:95:41',169,80,162,2,NULL,NULL,'2014-02-07','2016-07-16',NULL,NULL,'594.00',0,0,1,0,1,1,NULL,NULL,NULL,NULL,NULL,'--- !ruby/hash:ActiveSupport::HashWithIndifferentAccess\nanschaffungskategorie: AV-Technik\nreference: invoice\numzug: zgeln\nankunftszustand: intakt\n','2016-07-16 04:54:02','2016-07-16 04:54:02'),(172,'cser2bhhvs42g83gt2vs469','67:77:d3:bc:97:bb-06:26:2a:d4:99:7b-b6:a0:c3:96:cf:e9',173,81,163,9,NULL,NULL,'2012-11-11','2016-07-16',NULL,NULL,'1489.00',0,0,1,0,1,1,NULL,NULL,NULL,NULL,NULL,'--- !ruby/hash:ActiveSupport::HashWithIndifferentAccess\nanschaffungskategorie: AV-Technik\nreference: invoice\numzug: zgeln\nankunftszustand: intakt\n','2016-07-16 04:54:02','2016-07-16 04:54:02'),(173,'b0ym9gtg3g5sakj6o91p470','c7:7d:4c:3a:78:95-42:10:2d:49:0f:70-f1:f6:a6:e3:31:56',174,82,164,10,NULL,NULL,'2013-05-10','2016-07-16',NULL,NULL,'255.00',0,0,1,0,1,1,NULL,NULL,NULL,NULL,NULL,'--- !ruby/hash:ActiveSupport::HashWithIndifferentAccess\nanschaffungskategorie: AV-Technik\nreference: invoice\numzug: zgeln\nankunftszustand: intakt\n','2016-07-16 04:54:02','2016-07-16 04:54:02'),(174,'zvfj08mec8jk4i72jkk5471','5e:4d:6f:ca:92:5b-36:5a:f9:20:87:ec-ad:23:3d:41:69:3a',175,83,165,3,NULL,NULL,'2013-08-15','2016-07-16',NULL,NULL,'883.00',0,0,1,0,1,1,NULL,NULL,NULL,NULL,NULL,'--- !ruby/hash:ActiveSupport::HashWithIndifferentAccess\nanschaffungskategorie: AV-Technik\nreference: invoice\numzug: zgeln\nankunftszustand: intakt\n','2016-07-16 04:54:02','2016-07-16 04:54:02'),(175,'j0ggo09venlikz5ju11b472','8f:cd:ed:e8:97:d6-7c:40:84:94:30:b5-03:41:69:11:ff:e1',176,84,166,9,NULL,NULL,'2014-01-13','2016-07-16',NULL,NULL,'392.00',0,0,1,0,1,1,NULL,NULL,NULL,NULL,NULL,'--- !ruby/hash:ActiveSupport::HashWithIndifferentAccess\nanschaffungskategorie: AV-Technik\nreference: invoice\numzug: zgeln\nankunftszustand: intakt\n','2016-07-16 04:54:02','2016-07-16 04:54:02'),(176,'rnraiegi8w3t7fzrk6cw473','e6:82:99:c7:65:36-52:99:2c:8d:a7:b7-6b:ef:25:4e:83:56',176,85,167,10,NULL,NULL,'2011-11-07','2016-07-16',NULL,NULL,'806.00',0,0,1,0,1,1,NULL,NULL,NULL,NULL,NULL,'--- !ruby/hash:ActiveSupport::HashWithIndifferentAccess\nanschaffungskategorie: AV-Technik\nreference: invoice\numzug: zgeln\nankunftszustand: intakt\n','2016-07-16 04:54:02','2016-07-16 04:54:02'),(177,'f1hrhisfx4dvls2joxhx474','d8:38:05:6b:ce:be-e4:a3:7c:da:53:97-e7:7d:44:a3:0d:87',176,86,168,1,NULL,NULL,'2015-06-12','2016-07-16',NULL,NULL,'913.00',0,0,1,0,1,1,NULL,NULL,NULL,NULL,NULL,'--- !ruby/hash:ActiveSupport::HashWithIndifferentAccess\nanschaffungskategorie: AV-Technik\nreference: invoice\numzug: zgeln\nankunftszustand: intakt\n','2016-07-16 04:54:02','2016-07-16 04:54:02'),(178,'f7vg3xrmlvaccxz73plh475','70:1f:3e:f0:8c:24-4b:ff:7f:08:18:bb-5c:e7:eb:30:e2:8c',180,87,169,1,NULL,NULL,'2013-03-08','2016-07-14',NULL,NULL,'675.00',0,0,1,0,1,1,NULL,NULL,NULL,NULL,NULL,'--- !ruby/hash:ActiveSupport::HashWithIndifferentAccess\nanschaffungskategorie: AV-Technik\nreference: invoice\numzug: zgeln\nankunftszustand: intakt\n','2016-07-14 05:39:45','2016-07-14 05:39:45'),(179,'kkt7rza0w9uhth1qtp1k476','fd:d3:74:33:9b:e5-b7:df:3e:35:81:eb-4e:18:02:d4:33:cd',181,88,170,10,NULL,NULL,'2011-11-18','2016-07-14',NULL,NULL,'456.00',0,0,1,0,1,1,NULL,NULL,NULL,NULL,NULL,'--- !ruby/hash:ActiveSupport::HashWithIndifferentAccess\nanschaffungskategorie: AV-Technik\nreference: invoice\numzug: zgeln\nankunftszustand: intakt\n','2016-07-14 05:39:45','2016-07-14 05:39:45'),(180,'ldfs093tdblr4es8g4tl477','6d:55:3f:21:5e:33-9c:38:2b:5a:45:d4-ba:e1:1b:5e:69:6e',182,89,171,3,NULL,NULL,'2013-05-22','2016-07-14',NULL,NULL,'685.00',0,0,1,0,1,1,NULL,NULL,NULL,NULL,NULL,'--- !ruby/hash:ActiveSupport::HashWithIndifferentAccess\nanschaffungskategorie: AV-Technik\nreference: invoice\numzug: zgeln\nankunftszustand: intakt\n','2016-07-14 05:39:45','2016-07-14 05:39:45'),(181,'r18i0291vqqqzd1w6ghm478','e9:67:58:31:63:25-12:af:f9:26:78:0e-42:b7:79:01:c8:f2',183,90,172,5,NULL,NULL,'2015-12-08','2016-07-14',NULL,NULL,'1042.00',0,0,1,0,1,1,NULL,NULL,NULL,NULL,NULL,'--- !ruby/hash:ActiveSupport::HashWithIndifferentAccess\nanschaffungskategorie: AV-Technik\nreference: invoice\numzug: zgeln\nankunftszustand: intakt\n','2016-07-14 05:39:45','2016-07-14 05:39:45'),(182,'gaovjfg4sfp7plaff0ik479','19:b3:bc:22:f7:dc-04:14:62:c1:c0:73-fd:6d:29:3e:3c:cf',184,91,173,2,NULL,NULL,'2015-04-29','2016-07-20',NULL,NULL,'1246.00',0,0,1,0,1,1,NULL,NULL,NULL,NULL,NULL,'--- !ruby/hash:ActiveSupport::HashWithIndifferentAccess\nanschaffungskategorie: AV-Technik\nreference: invoice\numzug: zgeln\nankunftszustand: intakt\n','2016-07-20 21:51:15','2016-07-20 21:51:15'),(183,'3t5ic3i4fz7uq6z177lq480','b2:6a:90:03:0c:c2-fb:b0:4a:da:0c:21-49:43:20:6a:ae:37',185,92,174,5,NULL,NULL,'2014-05-06','2016-07-20',NULL,NULL,'1270.00',0,0,1,0,1,1,NULL,NULL,NULL,NULL,NULL,'--- !ruby/hash:ActiveSupport::HashWithIndifferentAccess\nanschaffungskategorie: AV-Technik\nreference: invoice\numzug: zgeln\nankunftszustand: intakt\n','2016-07-20 21:51:15','2016-07-20 21:51:15'),(184,'jk410b8kgfbroti4aua6481','94:76:2c:2c:9d:82-33:d3:7f:70:aa:f0-69:bf:ae:e3:e1:19',186,93,175,2,NULL,NULL,'2013-05-16','2016-07-20',NULL,NULL,'1427.00',0,0,1,0,1,1,NULL,NULL,NULL,NULL,NULL,'--- !ruby/hash:ActiveSupport::HashWithIndifferentAccess\nanschaffungskategorie: AV-Technik\nreference: invoice\numzug: zgeln\nankunftszustand: intakt\n','2016-07-20 21:51:15','2016-07-20 21:51:15'),(185,'1v813oub3xyz3ixlzn09482','25:ab:d8:8c:60:bd-ca:2b:70:23:e9:2a-77:25:6f:d1:c6:8b',187,94,176,4,NULL,NULL,'2014-05-23','2016-07-20',NULL,NULL,'198.00',0,0,1,0,1,1,NULL,NULL,NULL,NULL,NULL,'--- !ruby/hash:ActiveSupport::HashWithIndifferentAccess\nanschaffungskategorie: AV-Technik\nreference: invoice\numzug: zgeln\nankunftszustand: intakt\n','2016-07-20 21:51:15','2016-07-20 21:51:15'),(186,'4wshgyv6pqlgda7jm8h5483','ec:71:0d:84:d6:30-e4:2c:c3:8f:08:8c-a9:60:0d:bd:4d:a4',188,95,177,2,NULL,NULL,'2013-05-24','2016-07-20',NULL,NULL,'1165.00',0,0,1,0,1,1,NULL,NULL,NULL,NULL,NULL,'--- !ruby/hash:ActiveSupport::HashWithIndifferentAccess\nanschaffungskategorie: AV-Technik\nreference: invoice\numzug: zgeln\nankunftszustand: intakt\n','2016-07-20 21:51:15','2016-07-20 21:51:15'),(187,'xe3eirudtlglr461u5gp484','7b:ac:f4:f9:20:fd-66:27:27:a9:c3:7f-7f:a8:d4:67:90:9e',189,96,178,1,NULL,NULL,'2014-09-23','2016-07-20',NULL,NULL,'643.00',0,0,1,0,1,1,NULL,NULL,NULL,NULL,NULL,'--- !ruby/hash:ActiveSupport::HashWithIndifferentAccess\nanschaffungskategorie: AV-Technik\nreference: invoice\numzug: zgeln\nankunftszustand: intakt\n','2016-07-20 21:51:15','2016-07-20 21:51:15'),(188,'cp0e71jvbp2gl9951pqu485','e0:42:8a:f3:b6:40-b5:ce:08:bc:48:c2-83:36:98:c0:a3:43',189,97,179,10,NULL,NULL,'2015-02-17','2016-07-20',NULL,NULL,'802.00',0,0,1,0,1,1,NULL,NULL,NULL,NULL,NULL,'--- !ruby/hash:ActiveSupport::HashWithIndifferentAccess\nanschaffungskategorie: AV-Technik\nreference: invoice\numzug: zgeln\nankunftszustand: intakt\n','2016-07-20 21:51:15','2016-07-20 21:51:15'),(189,'tg3lutnvxf4v5xnjot5h486','62:da:45:25:9e:2e-99:9a:09:64:3f:1c-9b:75:59:62:83:d1',189,98,180,11,NULL,NULL,'2012-08-14','2016-07-20',NULL,NULL,'205.00',0,0,1,0,1,1,NULL,NULL,NULL,NULL,NULL,'--- !ruby/hash:ActiveSupport::HashWithIndifferentAccess\nanschaffungskategorie: AV-Technik\nreference: invoice\numzug: zgeln\nankunftszustand: intakt\n','2016-07-20 21:51:15','2016-07-20 21:51:15'),(190,'m1u662qqghp8x84qq6wd487','ee:3a:21:46:d6:3b-60:99:38:47:6d:c7-b4:a8:b7:83:32:a4',193,99,181,2,NULL,NULL,'2015-04-28','2016-07-21',NULL,NULL,'1404.00',0,0,1,0,1,1,NULL,NULL,NULL,NULL,NULL,'--- !ruby/hash:ActiveSupport::HashWithIndifferentAccess\nanschaffungskategorie: AV-Technik\nreference: invoice\numzug: zgeln\nankunftszustand: intakt\n','2016-07-21 03:57:43','2016-07-21 03:57:43'),(191,'a0wgk7azyrn5koeyb0cq488','99:1d:fb:70:4a:eb-85:5f:ab:77:59:a8-85:61:e2:63:00:e0',194,100,182,4,NULL,NULL,'2015-03-14','2016-07-21',NULL,NULL,'1366.00',0,0,1,0,1,1,NULL,NULL,NULL,NULL,NULL,'--- !ruby/hash:ActiveSupport::HashWithIndifferentAccess\nanschaffungskategorie: AV-Technik\nreference: invoice\numzug: zgeln\nankunftszustand: intakt\n','2016-07-21 03:57:43','2016-07-21 03:57:43'),(192,'4zzw7lzzfnp404zhy1i8489','9d:c9:69:a9:21:36-e9:b8:ea:5c:ec:07-ae:49:e4:4d:20:08',195,101,183,1,NULL,NULL,'2014-02-14','2016-07-21',NULL,NULL,'868.00',0,0,1,0,1,1,NULL,NULL,NULL,NULL,NULL,'--- !ruby/hash:ActiveSupport::HashWithIndifferentAccess\nanschaffungskategorie: AV-Technik\nreference: invoice\numzug: zgeln\nankunftszustand: intakt\n','2016-07-21 03:57:43','2016-07-21 03:57:43'),(193,'mfwpj7u10fpyehq1jbnv490','ea:a4:2b:64:ab:66-73:c9:78:02:9a:39-d7:f5:77:81:01:15',196,102,184,10,NULL,NULL,'2014-01-10','2016-07-21',NULL,NULL,'273.00',0,0,1,0,1,1,NULL,NULL,NULL,NULL,NULL,'--- !ruby/hash:ActiveSupport::HashWithIndifferentAccess\nanschaffungskategorie: AV-Technik\nreference: invoice\numzug: zgeln\nankunftszustand: intakt\n','2016-07-21 03:57:43','2016-07-21 03:57:43'),(194,'6jm47fj8deofbyaucrlf491','a2:fd:b5:f0:60:0e-e0:b9:8c:d9:e0:a8-f0:bb:8c:68:05:fa',197,103,185,10,NULL,NULL,'2012-01-05','2016-07-21',NULL,NULL,'1404.00',0,0,1,0,1,1,NULL,NULL,NULL,NULL,NULL,'--- !ruby/hash:ActiveSupport::HashWithIndifferentAccess\nanschaffungskategorie: AV-Technik\nreference: invoice\numzug: zgeln\nankunftszustand: intakt\n','2016-07-21 03:57:43','2016-07-21 03:57:43'),(195,'z1fm2y2s6x059xu37jwp492','e3:6f:0b:85:39:dd-57:e0:af:83:b6:3f-c8:c0:bb:f9:55:77',198,104,186,7,NULL,NULL,'2013-10-01','2016-07-21',NULL,NULL,'1258.00',0,0,1,0,1,1,NULL,NULL,NULL,NULL,NULL,'--- !ruby/hash:ActiveSupport::HashWithIndifferentAccess\nanschaffungskategorie: AV-Technik\nreference: invoice\numzug: zgeln\nankunftszustand: intakt\n','2016-07-21 03:57:43','2016-07-21 03:57:43'),(196,'nfcs37le24kzj909ifqx493','80:e4:02:77:6f:2c-b2:8c:a6:02:89:d2-8b:53:cf:a4:46:d6',198,105,187,5,NULL,NULL,'2013-03-17','2016-07-21',NULL,NULL,'331.00',0,0,1,0,1,1,NULL,NULL,NULL,NULL,NULL,'--- !ruby/hash:ActiveSupport::HashWithIndifferentAccess\nanschaffungskategorie: AV-Technik\nreference: invoice\numzug: zgeln\nankunftszustand: intakt\n','2016-07-21 03:57:43','2016-07-21 03:57:43'),(197,'lu4wpxxnihdagoy6evj2494','5d:ea:9d:d4:b7:16-05:85:f7:3d:fc:ac-5f:1f:ea:fb:2b:85',198,106,188,4,NULL,NULL,'2013-01-01','2016-07-21',NULL,NULL,'1250.00',0,0,1,0,1,1,NULL,NULL,NULL,NULL,NULL,'--- !ruby/hash:ActiveSupport::HashWithIndifferentAccess\nanschaffungskategorie: AV-Technik\nreference: invoice\numzug: zgeln\nankunftszustand: intakt\n','2016-07-21 03:57:43','2016-07-21 03:57:43'),(198,'aj3ds2i868is4w5bkbfi495','e5:64:94:75:0f:48-3d:ab:23:23:00:1c-f0:c8:ef:ea:58:6d',202,107,189,2,NULL,NULL,'2015-11-09','2016-07-21',NULL,NULL,'276.00',0,0,1,0,1,1,NULL,NULL,NULL,NULL,NULL,'--- !ruby/hash:ActiveSupport::HashWithIndifferentAccess\nanschaffungskategorie: AV-Technik\nreference: invoice\numzug: zgeln\nankunftszustand: intakt\n','2016-07-21 03:57:43','2016-07-21 03:57:43'),(199,'1putiyupuommf2kbw72i496','ad:64:72:62:7f:90-a3:f8:bb:05:dd:b2-99:2e:c2:88:90:a8',203,108,190,9,NULL,NULL,'2015-09-02','2016-07-21',NULL,NULL,'393.00',0,0,1,0,1,1,NULL,NULL,NULL,NULL,NULL,'--- !ruby/hash:ActiveSupport::HashWithIndifferentAccess\nanschaffungskategorie: AV-Technik\nreference: invoice\numzug: zgeln\nankunftszustand: intakt\n','2016-07-21 03:57:43','2016-07-21 03:57:43'),(200,'kv6xo2iqi99hgar4s9g9497','4c:f6:e4:3c:32:14-3e:79:af:71:7c:bc-50:60:98:2a:ba:31',204,109,191,2,NULL,NULL,'2012-08-25','2016-07-21',NULL,NULL,'1226.00',0,0,1,0,1,1,NULL,NULL,NULL,NULL,NULL,'--- !ruby/hash:ActiveSupport::HashWithIndifferentAccess\nanschaffungskategorie: AV-Technik\nreference: invoice\numzug: zgeln\nankunftszustand: intakt\n','2016-07-21 03:57:43','2016-07-21 03:57:43'),(201,'b6rbghbrc574wk2cqpi9498','8b:04:c9:64:14:26-c2:f0:bc:c4:cb:20-4a:c3:59:7f:91:ea',205,110,192,11,NULL,NULL,'2014-01-31','2016-07-21',NULL,NULL,'468.00',0,0,1,0,1,1,NULL,NULL,NULL,NULL,NULL,'--- !ruby/hash:ActiveSupport::HashWithIndifferentAccess\nanschaffungskategorie: AV-Technik\nreference: invoice\numzug: zgeln\nankunftszustand: intakt\n','2016-07-21 03:57:43','2016-07-21 03:57:43'),(202,'p8siuu12y20jv454tk74499','ad:4c:eb:19:4e:8f-a1:50:cc:ff:ba:e5-cc:eb:66:60:f6:5d',206,111,193,4,NULL,NULL,'2013-01-21','2016-07-21',NULL,NULL,'422.00',0,0,1,0,1,1,NULL,NULL,NULL,NULL,NULL,'--- !ruby/hash:ActiveSupport::HashWithIndifferentAccess\nanschaffungskategorie: AV-Technik\nreference: invoice\numzug: zgeln\nankunftszustand: intakt\n','2016-07-21 03:57:43','2016-07-21 03:57:43'),(203,'c6f6nqesweav7ueqzuz1500','3f:eb:a6:2e:96:86-c9:c0:e2:63:0b:27-36:40:91:ae:14:46',207,112,194,4,NULL,NULL,'2011-09-16','2016-07-21',NULL,NULL,'1229.00',0,0,1,0,1,1,NULL,NULL,NULL,NULL,NULL,'--- !ruby/hash:ActiveSupport::HashWithIndifferentAccess\nanschaffungskategorie: AV-Technik\nreference: invoice\numzug: zgeln\nankunftszustand: intakt\n','2016-07-21 03:57:43','2016-07-21 03:57:43'),(204,'3yq61br2bgdb201sikin501','79:52:55:0f:4c:a0-d8:8c:32:99:c6:b4-0a:be:90:52:04:ab',208,113,195,7,NULL,NULL,'2014-12-13','2016-07-21',NULL,NULL,'422.00',0,0,1,0,1,1,NULL,NULL,NULL,NULL,NULL,'--- !ruby/hash:ActiveSupport::HashWithIndifferentAccess\nanschaffungskategorie: AV-Technik\nreference: invoice\numzug: zgeln\nankunftszustand: intakt\n','2016-07-21 03:57:43','2016-07-21 03:57:43'),(205,'vx838z8iwrf8p22lqroq502','4b:5a:6d:77:77:cc-57:b5:09:87:21:a4-c5:32:e9:ed:d7:85',209,114,196,1,NULL,NULL,'2012-09-18','2016-07-21',NULL,NULL,'272.00',0,0,1,0,1,1,NULL,NULL,NULL,NULL,NULL,'--- !ruby/hash:ActiveSupport::HashWithIndifferentAccess\nanschaffungskategorie: AV-Technik\nreference: invoice\numzug: zgeln\nankunftszustand: intakt\n','2016-07-21 03:57:43','2016-07-21 03:57:43'),(206,'fwd43e80sc5pg4qyjo91503','fa:d3:68:6e:f3:6d-60:72:dc:50:23:f1-8f:27:f6:fd:f9:17',210,115,197,1,NULL,NULL,'2013-09-09','2016-07-21',NULL,NULL,'1231.00',0,0,1,0,1,1,NULL,NULL,NULL,NULL,NULL,'--- !ruby/hash:ActiveSupport::HashWithIndifferentAccess\nanschaffungskategorie: AV-Technik\nreference: invoice\numzug: zgeln\nankunftszustand: intakt\n','2016-07-21 03:57:43','2016-07-21 03:57:43'),(207,'kvfatkcooip0k500n478504','83:19:da:25:63:0b-13:98:34:4a:66:b3-63:fc:e6:bf:b5:60',211,116,198,11,NULL,NULL,'2011-01-31','2016-07-21',NULL,NULL,'286.00',0,0,1,0,1,1,NULL,NULL,NULL,NULL,NULL,'--- !ruby/hash:ActiveSupport::HashWithIndifferentAccess\nanschaffungskategorie: AV-Technik\nreference: invoice\numzug: zgeln\nankunftszustand: intakt\n','2016-07-21 03:57:43','2016-07-21 03:57:43'),(208,'cz5b4ttlot63rxznd7a8505','1c:0f:6f:89:4d:df-6b:6d:fe:c5:fa:e3-ea:97:e1:37:85:d0',212,117,199,1,NULL,NULL,'2014-10-20','2016-07-21',NULL,NULL,'439.00',0,0,1,0,1,1,NULL,NULL,NULL,NULL,NULL,'--- !ruby/hash:ActiveSupport::HashWithIndifferentAccess\nanschaffungskategorie: AV-Technik\nreference: invoice\numzug: zgeln\nankunftszustand: intakt\n','2016-07-21 03:57:43','2016-07-21 03:57:43'),(209,'jugzfxwg3fh3e5c0jnwy506','ac:97:03:7c:a4:d5-3a:89:bc:cb:3d:2a-65:af:83:3c:d3:7c',213,NULL,NULL,1,NULL,NULL,NULL,NULL,NULL,NULL,NULL,0,0,1,0,1,0,NULL,NULL,NULL,NULL,NULL,'--- !ruby/hash:ActiveSupport::HashWithIndifferentAccess\nlicense_type: single_workplace\nactivation_type: serial_number\noperating_system:\n- windows\n- linux\ninstallation:\n- citrix\n- web\nreference: invoice\nmaintenance_contract: \'false\'\n','2016-07-21 03:57:43','2016-07-21 03:57:43'),(210,'hq6g41nzzf2za1xwh5vx507','61:06:50:bb:b5:ea-b1:e4:be:d9:17:a7-45:83:b3:58:6a:c8',214,118,200,10,NULL,NULL,'2015-02-03','2016-07-16',NULL,NULL,'738.00',0,0,1,0,2,1,NULL,NULL,NULL,NULL,NULL,'--- !ruby/hash:ActiveSupport::HashWithIndifferentAccess\nanschaffungskategorie: AV-Technik\nreference: invoice\numzug: zgeln\nankunftszustand: intakt\n','2016-07-16 00:00:00','2016-07-16 00:00:00'),(211,'wtxm4u4i3bp1bbb0epry508','07:6f:ed:cf:13:80-65:76:65:92:96:8a-86:c3:7a:5a:03:2a',214,119,201,8,NULL,NULL,'2014-10-09','2016-07-16',NULL,NULL,'1022.00',0,0,1,0,2,1,NULL,NULL,NULL,NULL,NULL,'--- !ruby/hash:ActiveSupport::HashWithIndifferentAccess\nanschaffungskategorie: AV-Technik\nreference: invoice\numzug: zgeln\nankunftszustand: intakt\n','2016-07-16 00:00:00','2016-07-16 00:00:00'),(212,'cup3lfa6d1muuo4l9udd509','9d:60:30:f2:f8:41-eb:17:4c:e4:f4:da-1f:5b:8c:cc:68:75',214,120,202,4,NULL,NULL,'2014-04-21','2016-07-16',NULL,NULL,'1114.00',0,0,1,0,2,1,NULL,NULL,NULL,NULL,NULL,'--- !ruby/hash:ActiveSupport::HashWithIndifferentAccess\nanschaffungskategorie: AV-Technik\nreference: invoice\numzug: zgeln\nankunftszustand: intakt\n','2016-07-16 00:00:00','2016-07-16 00:00:00'),(213,'pvgq750lcrequzvslbhc510','8c:62:c5:25:39:67-df:8d:6f:5c:a9:89-57:12:ac:9d:52:ac',218,121,203,1,NULL,NULL,'2013-06-10','2016-07-21','2016-07-21','Est asperiores soluta perspiciatis totam.','247.00',0,0,1,0,1,1,NULL,NULL,NULL,NULL,NULL,'--- !ruby/hash:ActiveSupport::HashWithIndifferentAccess\nanschaffungskategorie: AV-Technik\nreference: invoice\numzug: zgeln\nankunftszustand: intakt\n','2016-07-21 03:57:43','2016-07-21 03:57:43'),(214,'bkgsn7ra2b9jjolk7eyi511','17:1f:02:fc:be:e7-3b:ba:2f:63:3c:f4-14:dc:7d:3f:ba:c0',219,122,204,2,NULL,NULL,'2012-07-21','2016-07-21',NULL,NULL,'65.00',0,0,1,0,2,1,NULL,NULL,NULL,NULL,NULL,'--- !ruby/hash:ActiveSupport::HashWithIndifferentAccess\nanschaffungskategorie: AV-Technik\nreference: invoice\numzug: zgeln\nankunftszustand: intakt\n','2016-07-21 03:57:43','2016-07-21 03:57:43'),(215,'rjb4gblviwm9o0ylsdx8512','60:f3:d5:b0:b9:37-ee:00:77:76:64:bf-c4:fa:fe:2d:c5:86',220,123,205,3,NULL,NULL,'2011-03-07','2016-07-21',NULL,NULL,'1000.00',0,0,1,0,12,1,NULL,NULL,NULL,NULL,NULL,'--- !ruby/hash:ActiveSupport::HashWithIndifferentAccess\nanschaffungskategorie: AV-Technik\nreference: invoice\numzug: zgeln\nankunftszustand: intakt\n','2016-07-21 03:57:43','2016-07-21 03:57:43'),(216,'kuoyc9of22289waxwmok513','0e:a2:d1:e1:e6:0a-c7:fa:69:b0:52:b9-9a:5d:63:69:92:5a',221,124,206,13,NULL,NULL,'2011-12-23','2016-07-21',NULL,NULL,'480.00',0,0,1,0,13,1,NULL,NULL,NULL,NULL,NULL,'--- !ruby/hash:ActiveSupport::HashWithIndifferentAccess\nanschaffungskategorie: AV-Technik\nreference: invoice\numzug: zgeln\nankunftszustand: intakt\n','2016-07-21 03:57:43','2016-07-21 03:57:43'),(217,'l9pdcs7hpv59sry9j1qc514','0e:38:06:16:a9:67-4c:0b:36:e9:3d:4e-1a:89:5a:46:bb:d3',222,125,207,9,NULL,NULL,'2015-01-08','2016-07-21',NULL,NULL,'1023.00',0,0,1,0,1,1,NULL,NULL,NULL,NULL,NULL,'--- !ruby/hash:ActiveSupport::HashWithIndifferentAccess\nanschaffungskategorie: AV-Technik\nreference: invoice\numzug: zgeln\nankunftszustand: intakt\n','2016-07-21 03:57:43','2016-07-21 03:57:43'),(218,'4pdr8cff1lko775a38ii515','60:c4:86:5d:2f:5e-04:4c:52:cb:6e:ba-8f:06:0f:e9:e1:bf',223,126,208,4,NULL,NULL,'2014-12-20','2016-07-21',NULL,NULL,'669.00',0,0,1,0,1,1,NULL,NULL,NULL,NULL,NULL,'--- !ruby/hash:ActiveSupport::HashWithIndifferentAccess\nanschaffungskategorie: AV-Technik\nreference: invoice\numzug: zgeln\nankunftszustand: intakt\n','2016-07-21 03:57:43','2016-07-21 03:57:43'),(219,'4znm1jubk289e8jch7r0516','37:bc:9a:46:d0:45-31:d5:e2:50:64:16-fe:6d:5e:72:34:dd',224,127,209,7,NULL,NULL,'2015-10-16','2016-07-21',NULL,NULL,'191.00',0,0,1,0,1,1,NULL,NULL,NULL,NULL,NULL,'--- !ruby/hash:ActiveSupport::HashWithIndifferentAccess\nanschaffungskategorie: AV-Technik\nreference: invoice\numzug: zgeln\nankunftszustand: intakt\n','2016-07-21 03:57:43','2016-07-21 03:57:43'),(220,'rwv05ppsw358fj1xy3ho517','62:59:a4:62:51:53-fd:c2:82:4e:9d:1a-b5:5f:69:c8:44:1c',225,128,210,12,NULL,NULL,'2015-10-08','2016-07-21',NULL,NULL,'941.00',0,0,1,0,1,1,NULL,NULL,NULL,NULL,NULL,'--- !ruby/hash:ActiveSupport::HashWithIndifferentAccess\nanschaffungskategorie: AV-Technik\nreference: invoice\numzug: zgeln\nankunftszustand: intakt\n','2016-07-21 03:57:43','2016-07-21 03:57:43'),(221,'mh9dubz6vsvsoptjk9yv518','f8:f3:2c:3b:f6:98-39:d3:02:5b:43:f1-f3:e2:97:20:7c:70',226,129,211,7,NULL,NULL,'2011-05-21','2016-07-21',NULL,NULL,'491.00',0,0,1,0,1,1,NULL,NULL,NULL,NULL,NULL,'--- !ruby/hash:ActiveSupport::HashWithIndifferentAccess\nanschaffungskategorie: AV-Technik\nreference: invoice\numzug: zgeln\nankunftszustand: intakt\n','2016-07-21 03:57:43','2016-07-21 03:57:43'),(222,'gdhxyc76vw4e2felrkbg519','d0:0e:13:bd:8b:26-3c:48:ab:9f:a1:19-45:ed:f3:42:75:f4',227,130,212,7,NULL,NULL,'2014-11-08','2016-07-21',NULL,NULL,'1169.00',0,0,1,0,1,1,NULL,NULL,NULL,NULL,NULL,'--- !ruby/hash:ActiveSupport::HashWithIndifferentAccess\nanschaffungskategorie: AV-Technik\nreference: invoice\numzug: zgeln\nankunftszustand: intakt\n','2016-07-21 03:57:43','2016-07-21 03:57:43'),(223,'fdp9mppr5ap6ynt0kd46520','b3:ae:39:43:f8:ea-f0:de:5a:03:4d:92-34:4f:11:ab:6d:c3',228,131,213,9,NULL,NULL,'2015-10-01','2016-07-21',NULL,NULL,'289.00',0,0,1,0,1,1,NULL,NULL,NULL,NULL,NULL,'--- !ruby/hash:ActiveSupport::HashWithIndifferentAccess\nanschaffungskategorie: AV-Technik\nreference: invoice\numzug: zgeln\nankunftszustand: intakt\n','2016-07-21 03:57:43','2016-07-21 03:57:43'),(224,'a90zwjruyc6vefj6mwgr521','b7:07:f4:b1:69:07-88:2d:71:e5:5c:4f-b5:62:26:3c:e6:08',229,132,214,8,NULL,NULL,'2012-09-02','2016-07-21',NULL,NULL,'598.00',0,0,1,0,1,1,NULL,NULL,NULL,NULL,NULL,'--- !ruby/hash:ActiveSupport::HashWithIndifferentAccess\nanschaffungskategorie: AV-Technik\nreference: invoice\numzug: zgeln\nankunftszustand: intakt\n','2016-07-21 03:57:43','2016-07-21 03:57:43'),(225,'axzt7rgk9bt6ilketycn522','7a:0a:f9:4d:dd:9e-2b:5c:48:bb:d1:91-17:55:57:ba:1b:9d',230,133,215,10,NULL,NULL,'2014-02-26','2016-07-21',NULL,NULL,'408.00',0,0,1,0,1,1,NULL,NULL,NULL,NULL,NULL,'--- !ruby/hash:ActiveSupport::HashWithIndifferentAccess\nanschaffungskategorie: AV-Technik\nreference: invoice\numzug: zgeln\nankunftszustand: intakt\n','2016-07-21 03:57:43','2016-07-21 03:57:43'),(226,'mu8t2jg5rgl9kt0scbvm523','74:0d:a8:e1:45:39-05:c4:18:69:ce:72-29:d8:da:ee:1c:6d',231,134,216,4,NULL,NULL,'2014-06-22','2016-07-21',NULL,NULL,'249.00',0,0,1,0,1,1,NULL,NULL,NULL,NULL,NULL,'--- !ruby/hash:ActiveSupport::HashWithIndifferentAccess\nanschaffungskategorie: AV-Technik\nreference: invoice\numzug: zgeln\nankunftszustand: intakt\n','2016-07-21 03:57:43','2016-07-21 03:57:43'),(227,'efu24bzskj0wgo5xf0pv524','ae:33:cf:38:8f:af-42:76:09:a8:30:9e-ce:65:d6:36:f7:98',232,135,217,9,NULL,NULL,'2012-12-20','2016-07-21',NULL,NULL,'949.00',0,0,1,0,1,1,NULL,NULL,NULL,NULL,NULL,'--- !ruby/hash:ActiveSupport::HashWithIndifferentAccess\nanschaffungskategorie: AV-Technik\nreference: invoice\numzug: zgeln\nankunftszustand: intakt\n','2016-07-21 03:57:43','2016-07-21 03:57:43'),(228,'lg0ee96necpxdwm5t7kx525','cf:f0:88:6d:74:2b-a8:90:a2:2b:58:9a-f6:ef:af:ca:a9:24',233,136,218,10,NULL,NULL,'2013-07-07','2016-07-21',NULL,NULL,'1087.00',0,0,1,0,1,1,NULL,NULL,NULL,NULL,NULL,'--- !ruby/hash:ActiveSupport::HashWithIndifferentAccess\nanschaffungskategorie: AV-Technik\nreference: invoice\numzug: zgeln\nankunftszustand: intakt\n','2016-07-21 03:57:43','2016-07-21 03:57:43'),(229,'lmgem1hydc51kpj3eymg526','ee:e1:24:05:95:b1-80:03:74:37:71:0e-a8:6f:18:0c:84:58',234,137,219,13,NULL,NULL,'2014-03-21','2016-07-16',NULL,NULL,'702.00',0,0,1,0,1,1,NULL,NULL,NULL,NULL,NULL,'--- !ruby/hash:ActiveSupport::HashWithIndifferentAccess\nanschaffungskategorie: AV-Technik\nreference: invoice\numzug: zgeln\nankunftszustand: intakt\n','2016-07-16 00:00:00','2016-07-16 00:00:00'),(230,'y8x928wd9qwvzopalpd5527','9c:3c:ae:18:e4:48-44:b5:52:0d:f2:34-20:34:90:fb:c0:14',235,138,220,6,NULL,NULL,'2015-02-13','2016-07-16',NULL,NULL,'237.00',0,0,1,0,1,1,NULL,NULL,NULL,NULL,NULL,'--- !ruby/hash:ActiveSupport::HashWithIndifferentAccess\nanschaffungskategorie: AV-Technik\nreference: invoice\numzug: zgeln\nankunftszustand: intakt\n','2016-07-16 00:00:00','2016-07-16 00:00:00'),(231,'h4ym08geg5r76hyv2bx0528','1d:15:f9:d7:9f:ce-b4:e5:1e:73:44:ff-4f:d6:82:f9:d5:5a',236,139,221,12,NULL,NULL,'2013-08-31','2016-07-16',NULL,NULL,'589.00',0,0,1,0,1,1,NULL,NULL,NULL,NULL,NULL,'--- !ruby/hash:ActiveSupport::HashWithIndifferentAccess\nanschaffungskategorie: AV-Technik\nreference: invoice\numzug: zgeln\nankunftszustand: intakt\n','2016-07-16 00:00:00','2016-07-16 00:00:00'),(232,'wvu9trlkj03vr7pjkbxa529','a3:22:7b:3d:45:0d-e4:e4:61:84:d7:8d-da:03:d2:63:4a:7f',237,140,222,12,NULL,NULL,'2011-05-25','2016-07-16',NULL,NULL,'85.00',0,0,1,0,1,1,NULL,NULL,NULL,NULL,NULL,'--- !ruby/hash:ActiveSupport::HashWithIndifferentAccess\nanschaffungskategorie: AV-Technik\nreference: invoice\numzug: zgeln\nankunftszustand: intakt\n','2016-07-16 00:00:00','2016-07-16 00:00:00'),(233,'qx74wkwu6hy5j8k54ykk530','c9:bf:09:1a:6a:15-17:ee:43:86:3d:7c-6e:85:e3:2e:37:00',238,141,223,8,NULL,NULL,'2014-10-04','2016-07-21',NULL,NULL,'24.00',0,0,1,0,2,1,NULL,NULL,NULL,NULL,NULL,'--- !ruby/hash:ActiveSupport::HashWithIndifferentAccess\nanschaffungskategorie: AV-Technik\nreference: invoice\numzug: zgeln\nankunftszustand: intakt\n','2016-07-21 03:57:43','2016-07-21 03:57:43'),(234,'vaaovxp93amppcapakoa531','ae:11:5c:aa:4c:9a-25:e0:22:90:b8:ca-89:dc:6c:e9:e8:ae',238,142,224,10,NULL,NULL,'2014-12-01','2016-07-21',NULL,NULL,'1086.00',0,0,1,0,2,1,NULL,NULL,NULL,NULL,NULL,'--- !ruby/hash:ActiveSupport::HashWithIndifferentAccess\nanschaffungskategorie: AV-Technik\nreference: invoice\numzug: zgeln\nankunftszustand: intakt\n','2016-07-21 03:57:43','2016-07-21 03:57:43'),(235,'6n2pxg1bl0amrir0dkms532','bc:8c:ed:2b:45:82-0a:88:e4:78:18:fa-7e:98:ee:bd:7d:bc',238,143,225,7,NULL,NULL,'2014-04-02','2016-07-21',NULL,NULL,'676.00',0,0,1,0,2,1,NULL,NULL,NULL,NULL,NULL,'--- !ruby/hash:ActiveSupport::HashWithIndifferentAccess\nanschaffungskategorie: AV-Technik\nreference: invoice\numzug: zgeln\nankunftszustand: intakt\n','2016-07-21 03:57:43','2016-07-21 03:57:43'),(236,'2nk98lxx8ewk38vec5k8533','da:5f:f3:cb:f5:2e-f9:46:b4:ae:82:e1-40:0d:c6:fe:e5:97',242,144,226,9,NULL,NULL,'2012-11-25','2016-07-21',NULL,NULL,'48.00',0,0,1,0,2,1,NULL,NULL,NULL,NULL,NULL,'--- !ruby/hash:ActiveSupport::HashWithIndifferentAccess\nanschaffungskategorie: AV-Technik\nreference: invoice\numzug: zgeln\nankunftszustand: intakt\n','2016-07-21 03:57:43','2016-07-21 03:57:43'),(237,'fey26klxzbb8re6w2m53534','25:69:f3:7b:3a:f9-47:a5:b7:ff:bf:34-a9:88:01:d7:bf:c5',242,145,227,3,NULL,NULL,'2011-09-26','2016-07-21',NULL,NULL,'288.00',0,0,1,0,2,1,NULL,NULL,NULL,NULL,NULL,'--- !ruby/hash:ActiveSupport::HashWithIndifferentAccess\nanschaffungskategorie: AV-Technik\nreference: invoice\numzug: zgeln\nankunftszustand: intakt\n','2016-07-21 03:57:43','2016-07-21 03:57:43'),(238,'iuqx6ir9gj37c54wkiq0535','02:0e:50:a2:e3:c6-d0:a3:1a:38:bf:e8-3a:7e:ac:2d:ea:74',242,146,228,13,NULL,NULL,'2011-10-06','2016-07-21',NULL,NULL,'463.00',0,0,1,0,2,1,NULL,NULL,NULL,NULL,NULL,'--- !ruby/hash:ActiveSupport::HashWithIndifferentAccess\nanschaffungskategorie: AV-Technik\nreference: invoice\numzug: zgeln\nankunftszustand: intakt\n','2016-07-21 03:57:43','2016-07-21 03:57:43'),(239,'pim8kh3qyaytibz4yzxd536','53:37:09:83:e1:78-db:46:8a:9b:7f:82-60:1f:5f:b6:fa:66',246,147,229,9,NULL,NULL,'2012-01-25','2016-07-21',NULL,NULL,'1161.00',0,0,1,0,2,1,NULL,NULL,NULL,NULL,NULL,'--- !ruby/hash:ActiveSupport::HashWithIndifferentAccess\nanschaffungskategorie: AV-Technik\nreference: invoice\numzug: zgeln\nankunftszustand: intakt\n','2016-07-21 03:57:43','2016-07-21 03:57:43'),(240,'1i7wgcttfzz2ralhj3iy537','27:cf:c2:8c:7c:bb-73:a1:0a:ad:63:42-bc:9f:9c:aa:c4:dd',246,148,230,4,NULL,NULL,'2014-06-28','2016-07-21',NULL,NULL,'629.00',0,0,1,0,2,1,NULL,NULL,NULL,NULL,NULL,'--- !ruby/hash:ActiveSupport::HashWithIndifferentAccess\nanschaffungskategorie: AV-Technik\nreference: invoice\numzug: zgeln\nankunftszustand: intakt\n','2016-07-21 03:57:43','2016-07-21 03:57:43'),(241,'4dqu6m3epbn2d9f9yqoo538','ba:0f:98:48:c0:8d-61:d0:ef:73:31:57-ff:e0:51:72:a4:d0',246,149,231,7,NULL,NULL,'2012-06-28','2016-07-21',NULL,NULL,'941.00',0,0,1,0,2,1,NULL,NULL,NULL,NULL,NULL,'--- !ruby/hash:ActiveSupport::HashWithIndifferentAccess\nanschaffungskategorie: AV-Technik\nreference: invoice\numzug: zgeln\nankunftszustand: intakt\n','2016-07-21 03:57:43','2016-07-21 03:57:43'),(242,'sw5dtx645rozok2zhmfs539','d9:48:8f:29:f3:8b-57:ce:bb:d4:b7:cb-bd:3f:10:12:0a:db',250,150,232,10,NULL,NULL,'2012-08-04','2016-07-21',NULL,NULL,'1490.00',0,0,1,0,2,1,NULL,NULL,NULL,NULL,NULL,'--- !ruby/hash:ActiveSupport::HashWithIndifferentAccess\nanschaffungskategorie: AV-Technik\nreference: invoice\numzug: zgeln\nankunftszustand: intakt\n','2016-07-21 03:57:43','2016-07-21 03:57:43'),(243,'r87dufb8p949mg2ra714540','61:c6:8d:24:7c:34-b3:54:f7:7b:f1:59-c0:b8:24:82:e1:cd',250,151,233,2,NULL,NULL,'2013-01-21','2016-07-21',NULL,NULL,'196.00',0,0,1,0,2,1,NULL,NULL,NULL,NULL,NULL,'--- !ruby/hash:ActiveSupport::HashWithIndifferentAccess\nanschaffungskategorie: AV-Technik\nreference: invoice\numzug: zgeln\nankunftszustand: intakt\n','2016-07-21 03:57:43','2016-07-21 03:57:43'),(244,'k24r5ojg7lgm9hix44o7541','56:91:0a:92:81:17-e8:cd:f2:36:f1:6d-b4:f8:2c:01:53:6e',250,152,234,4,NULL,NULL,'2013-03-11','2016-07-21',NULL,NULL,'851.00',0,0,1,0,2,1,NULL,NULL,NULL,NULL,NULL,'--- !ruby/hash:ActiveSupport::HashWithIndifferentAccess\nanschaffungskategorie: AV-Technik\nreference: invoice\numzug: zgeln\nankunftszustand: intakt\n','2016-07-21 03:57:43','2016-07-21 03:57:43'),(245,'ltx266mo2fzggia7wqvm542','53:54:f6:5f:83:ae-96:f6:15:de:77:94-bf:9c:ac:5b:ba:df',254,153,235,9,NULL,NULL,'2011-11-22','2016-07-21',NULL,NULL,'531.00',0,0,1,0,2,1,NULL,NULL,NULL,NULL,NULL,'--- !ruby/hash:ActiveSupport::HashWithIndifferentAccess\nanschaffungskategorie: AV-Technik\nreference: invoice\numzug: zgeln\nankunftszustand: intakt\n','2016-07-21 03:57:43','2016-07-21 03:57:43'),(246,'oh5k0b25f4j9a8ue41c5543','40:95:9e:d3:bb:0b-9d:c5:a2:de:67:97-99:d8:53:ba:a8:d9',254,154,236,3,NULL,NULL,'2012-04-30','2016-07-21',NULL,NULL,'734.00',0,0,1,0,2,1,NULL,NULL,NULL,NULL,NULL,'--- !ruby/hash:ActiveSupport::HashWithIndifferentAccess\nanschaffungskategorie: AV-Technik\nreference: invoice\numzug: zgeln\nankunftszustand: intakt\n','2016-07-21 03:57:43','2016-07-21 03:57:43'),(247,'txdh8zzhxydv1ry6s63y544','31:bd:cb:e4:18:92-b4:47:84:ad:f5:ea-e9:e9:a4:40:42:34',254,155,237,13,NULL,NULL,'2011-06-23','2016-07-21',NULL,NULL,'775.00',0,0,1,0,2,1,NULL,NULL,NULL,NULL,NULL,'--- !ruby/hash:ActiveSupport::HashWithIndifferentAccess\nanschaffungskategorie: AV-Technik\nreference: invoice\numzug: zgeln\nankunftszustand: intakt\n','2016-07-21 03:57:43','2016-07-21 03:57:43'),(248,'pn4y49yo42eqfy4slbaw545','32:33:bf:53:3f:1c-f0:a3:8e:bb:70:c8-09:be:32:f8:e6:f5',258,156,238,2,NULL,NULL,'2011-05-02','2016-07-21',NULL,NULL,'872.00',0,0,1,0,2,1,NULL,NULL,NULL,NULL,NULL,'--- !ruby/hash:ActiveSupport::HashWithIndifferentAccess\nanschaffungskategorie: AV-Technik\nreference: invoice\numzug: zgeln\nankunftszustand: intakt\n','2016-07-21 03:57:43','2016-07-21 03:57:43'),(249,'x0vx2ago2ovf3lguv7qh546','23:d5:cf:80:aa:0a-97:82:a1:7e:0e:be-b9:b0:92:38:2a:e0',258,157,239,6,NULL,NULL,'2011-06-21','2016-07-21',NULL,NULL,'601.00',0,0,1,0,2,1,NULL,NULL,NULL,NULL,NULL,'--- !ruby/hash:ActiveSupport::HashWithIndifferentAccess\nanschaffungskategorie: AV-Technik\nreference: invoice\numzug: zgeln\nankunftszustand: intakt\n','2016-07-21 03:57:43','2016-07-21 03:57:43'),(250,'yvx40o1gzqx2wy4os3xs547','03:b5:f4:02:07:4a-fc:df:9b:b1:2a:d2-77:b2:2a:dc:db:b7',258,158,240,11,NULL,NULL,'2012-10-19','2016-07-21',NULL,NULL,'76.00',0,0,1,0,2,1,NULL,NULL,NULL,NULL,NULL,'--- !ruby/hash:ActiveSupport::HashWithIndifferentAccess\nanschaffungskategorie: AV-Technik\nreference: invoice\numzug: zgeln\nankunftszustand: intakt\n','2016-07-21 03:57:43','2016-07-21 03:57:43'),(251,'nq5qorsukzhrqkz1ohpp548','76:29:89:47:97:7a-fe:a7:31:92:56:23-46:d8:83:a4:59:23',262,159,241,12,NULL,NULL,'2011-02-26','2016-07-21',NULL,NULL,'479.00',0,0,1,0,2,1,NULL,NULL,NULL,NULL,NULL,'--- !ruby/hash:ActiveSupport::HashWithIndifferentAccess\nanschaffungskategorie: AV-Technik\nreference: invoice\numzug: zgeln\nankunftszustand: intakt\n','2016-07-21 03:57:43','2016-07-21 03:57:43'),(252,'h7wddwko2625n5b1j6ob549','cc:b7:5f:38:9f:a3-3c:6b:db:bd:19:77-f6:1b:ff:c9:57:e6',262,160,242,2,NULL,NULL,'2014-06-22','2016-07-21',NULL,NULL,'1371.00',0,0,1,0,2,1,NULL,NULL,NULL,NULL,NULL,'--- !ruby/hash:ActiveSupport::HashWithIndifferentAccess\nanschaffungskategorie: AV-Technik\nreference: invoice\numzug: zgeln\nankunftszustand: intakt\n','2016-07-21 03:57:43','2016-07-21 03:57:43'),(253,'ez7brq4biz9ckcurz61o550','44:7e:3b:a6:ed:f6-80:dd:59:fd:ba:17-d6:7d:ab:87:10:76',262,161,243,11,NULL,NULL,'2015-10-22','2016-07-21',NULL,NULL,'17.00',0,0,1,0,2,1,NULL,NULL,NULL,NULL,NULL,'--- !ruby/hash:ActiveSupport::HashWithIndifferentAccess\nanschaffungskategorie: AV-Technik\nreference: invoice\numzug: zgeln\nankunftszustand: intakt\n','2016-07-21 03:57:43','2016-07-21 03:57:43'),(254,'kdziovp2r1addroyw1zm551','01:f3:5d:8d:87:e7-46:16:70:10:22:d4-ec:1e:a3:09:65:f6',266,162,244,2,NULL,NULL,'2014-10-26','2016-07-21',NULL,NULL,'500.00',0,0,1,0,2,1,NULL,NULL,NULL,NULL,NULL,'--- !ruby/hash:ActiveSupport::HashWithIndifferentAccess\nanschaffungskategorie: AV-Technik\nreference: invoice\numzug: zgeln\nankunftszustand: intakt\n','2016-07-21 03:57:43','2016-07-21 03:57:43'),(255,'mmgil0r5nzuos65xjrkx552','3a:cb:f2:3c:e1:9f-05:e3:46:e7:56:be-52:5a:d5:4b:d7:54',266,163,245,12,NULL,NULL,'2014-11-24','2016-07-21',NULL,NULL,'263.00',0,0,1,0,2,1,NULL,NULL,NULL,NULL,NULL,'--- !ruby/hash:ActiveSupport::HashWithIndifferentAccess\nanschaffungskategorie: AV-Technik\nreference: invoice\numzug: zgeln\nankunftszustand: intakt\n','2016-07-21 03:57:43','2016-07-21 03:57:43'),(256,'zngtrwxwkhr8kajoqanu553','e9:bd:1c:97:8e:8d-34:9e:3a:2a:d1:3d-1b:f1:2f:98:62:e1',266,164,246,11,NULL,NULL,'2015-07-04','2016-07-21',NULL,NULL,'67.00',0,0,1,0,2,1,NULL,NULL,NULL,NULL,NULL,'--- !ruby/hash:ActiveSupport::HashWithIndifferentAccess\nanschaffungskategorie: AV-Technik\nreference: invoice\numzug: zgeln\nankunftszustand: intakt\n','2016-07-21 03:57:43','2016-07-21 03:57:43'),(257,'rwnmfmx35f5qcnbxrl2n554','af:7f:6e:c9:19:6a-26:d8:b6:2c:04:b2-6c:1a:28:c9:7b:4f',270,165,247,10,NULL,NULL,'2011-12-26','2016-07-21',NULL,NULL,'1.00',0,0,1,0,2,1,NULL,NULL,NULL,NULL,NULL,'--- !ruby/hash:ActiveSupport::HashWithIndifferentAccess\nanschaffungskategorie: AV-Technik\nreference: invoice\numzug: zgeln\nankunftszustand: intakt\n','2016-07-21 03:57:43','2016-07-21 03:57:43'),(258,'r75rbd3wxoq6xzlnujig555','bf:a1:54:c2:7a:11-6e:87:ab:89:dd:65-80:59:38:cd:08:12',270,166,248,6,NULL,NULL,'2015-03-28','2016-07-21',NULL,NULL,'722.00',0,0,1,0,2,1,NULL,NULL,NULL,NULL,NULL,'--- !ruby/hash:ActiveSupport::HashWithIndifferentAccess\nanschaffungskategorie: AV-Technik\nreference: invoice\numzug: zgeln\nankunftszustand: intakt\n','2016-07-21 03:57:43','2016-07-21 03:57:43'),(259,'hinsxywf69cc73moelnz556','e0:4b:89:41:5d:26-71:b2:b9:dd:58:98-58:fe:b1:1c:60:24',270,167,249,8,NULL,NULL,'2015-10-23','2016-07-21',NULL,NULL,'50.00',0,0,1,0,2,1,NULL,NULL,NULL,NULL,NULL,'--- !ruby/hash:ActiveSupport::HashWithIndifferentAccess\nanschaffungskategorie: AV-Technik\nreference: invoice\numzug: zgeln\nankunftszustand: intakt\n','2016-07-21 03:57:43','2016-07-21 03:57:43'),(260,'ti6jev3r26ys6k5d9ils557','d1:f9:a5:58:e5:e7-87:3e:50:b4:23:53-75:15:99:02:7d:24',274,168,250,1,NULL,NULL,'2012-10-20','2016-07-21',NULL,NULL,'1445.00',0,0,1,0,2,1,NULL,NULL,NULL,NULL,NULL,'--- !ruby/hash:ActiveSupport::HashWithIndifferentAccess\nanschaffungskategorie: AV-Technik\nreference: invoice\numzug: zgeln\nankunftszustand: intakt\n','2016-07-21 03:57:43','2016-07-21 03:57:43'),(261,'e0k1mbhcmd5bozkntu8w558','22:b9:7b:2e:ee:25-6d:df:b4:3f:3a:93-78:83:d4:69:8d:9f',274,169,251,10,NULL,NULL,'2011-04-30','2016-07-21',NULL,NULL,'439.00',0,0,1,0,2,1,NULL,NULL,NULL,NULL,NULL,'--- !ruby/hash:ActiveSupport::HashWithIndifferentAccess\nanschaffungskategorie: AV-Technik\nreference: invoice\numzug: zgeln\nankunftszustand: intakt\n','2016-07-21 03:57:43','2016-07-21 03:57:43'),(262,'pqbepyfj73ne13ruzqv6559','92:68:27:d3:be:40-92:a2:fa:0c:32:02-06:fa:13:f7:9f:1c',274,170,252,5,NULL,NULL,'2012-04-12','2016-07-21',NULL,NULL,'568.00',0,0,1,0,2,1,NULL,NULL,NULL,NULL,NULL,'--- !ruby/hash:ActiveSupport::HashWithIndifferentAccess\nanschaffungskategorie: AV-Technik\nreference: invoice\numzug: zgeln\nankunftszustand: intakt\n','2016-07-21 03:57:43','2016-07-21 03:57:43'),(263,'6z6jbfiypnkdz4rvjiq2560','1a:de:a4:07:bc:f2-3c:da:3b:fd:36:a0-dc:79:1d:26:11:a0',278,171,253,5,NULL,NULL,'2014-09-23','2016-07-21',NULL,NULL,'1056.00',0,0,1,0,1,1,NULL,NULL,NULL,NULL,NULL,'--- !ruby/hash:ActiveSupport::HashWithIndifferentAccess\nanschaffungskategorie: AV-Technik\nreference: invoice\numzug: zgeln\nankunftszustand: intakt\n','2016-07-21 03:57:43','2016-07-21 03:57:43'),(264,'x9zdc30jdd9d9cr4obuc561','2e:46:fd:07:90:5d-0b:9b:65:ec:97:9f-85:f3:aa:b4:89:66',278,172,254,7,NULL,NULL,'2012-06-30','2016-07-21',NULL,NULL,'1452.00',0,0,1,0,1,1,NULL,NULL,NULL,NULL,NULL,'--- !ruby/hash:ActiveSupport::HashWithIndifferentAccess\nanschaffungskategorie: AV-Technik\nreference: invoice\numzug: zgeln\nankunftszustand: intakt\n','2016-07-21 03:57:43','2016-07-21 03:57:43'),(265,'gquetfs3t4bqw3w2z3ew562','20:55:b0:28:27:9d-e1:7c:13:05:4a:97-57:be:c6:6b:cc:38',278,173,255,12,NULL,NULL,'2011-09-22','2016-07-21',NULL,NULL,'545.00',0,0,1,0,1,1,NULL,NULL,NULL,NULL,NULL,'--- !ruby/hash:ActiveSupport::HashWithIndifferentAccess\nanschaffungskategorie: AV-Technik\nreference: invoice\numzug: zgeln\nankunftszustand: intakt\n','2016-07-21 03:57:43','2016-07-21 03:57:43'),(266,'pyqd88jevhmr56mqv8lu563','f1:80:bd:81:36:a7-f4:7f:0d:1d:60:a5-a2:56:cb:09:96:32',282,174,256,2,NULL,NULL,'2015-01-20','2016-07-21',NULL,NULL,'431.00',0,0,1,0,1,1,NULL,NULL,NULL,NULL,NULL,'--- !ruby/hash:ActiveSupport::HashWithIndifferentAccess\nanschaffungskategorie: AV-Technik\nreference: invoice\numzug: zgeln\nankunftszustand: intakt\n','2016-07-21 03:57:43','2016-07-21 03:57:43'),(267,'nqhi6kf20hvzwusyvwuy564','c1:f5:52:0f:9e:e5-4e:32:4a:63:31:ba-20:9f:4e:e8:d3:e8',282,175,257,12,NULL,NULL,'2014-12-03','2016-07-21',NULL,NULL,'1421.00',0,0,1,0,1,1,NULL,NULL,NULL,NULL,NULL,'--- !ruby/hash:ActiveSupport::HashWithIndifferentAccess\nanschaffungskategorie: AV-Technik\nreference: invoice\numzug: zgeln\nankunftszustand: intakt\n','2016-07-21 03:57:43','2016-07-21 03:57:43'),(268,'g4d42kocbxd4tw991n9t565','95:24:f1:75:39:ec-2e:a9:22:eb:d8:e4-44:ca:98:49:c5:d5',282,176,258,10,NULL,NULL,'2015-02-04','2016-07-21',NULL,NULL,'1255.00',0,0,1,0,1,1,NULL,NULL,NULL,NULL,NULL,'--- !ruby/hash:ActiveSupport::HashWithIndifferentAccess\nanschaffungskategorie: AV-Technik\nreference: invoice\numzug: zgeln\nankunftszustand: intakt\n','2016-07-21 03:57:43','2016-07-21 03:57:43'),(269,'545m5hy68f7xme4gedsr566','ec:71:67:3e:be:f4-85:d4:9d:f9:52:59-95:c5:22:c7:e2:1d',286,177,259,11,NULL,NULL,'2011-07-28','2016-07-21',NULL,NULL,'1036.00',0,0,1,0,1,1,NULL,NULL,NULL,NULL,NULL,'--- !ruby/hash:ActiveSupport::HashWithIndifferentAccess\nanschaffungskategorie: AV-Technik\nreference: invoice\numzug: zgeln\nankunftszustand: intakt\n','2016-07-21 03:57:43','2016-07-21 03:57:43'),(270,'2360095md5jyyjfgdgbx567','f1:5e:a0:19:bb:07-e4:de:a7:ac:41:2f-14:22:47:e8:44:d0',286,178,260,7,NULL,NULL,'2011-02-16','2016-07-21',NULL,NULL,'1330.00',0,0,1,0,1,1,NULL,NULL,NULL,NULL,NULL,'--- !ruby/hash:ActiveSupport::HashWithIndifferentAccess\nanschaffungskategorie: AV-Technik\nreference: invoice\numzug: zgeln\nankunftszustand: intakt\n','2016-07-21 03:57:43','2016-07-21 03:57:43'),(271,'p5ey1owy9qeg8ubiqpmx568','89:bc:d6:3d:78:41-17:19:18:2c:d8:a9-a4:ac:71:d0:09:6d',286,179,261,7,NULL,NULL,'2013-12-05','2016-07-21',NULL,NULL,'678.00',0,0,1,0,1,1,NULL,NULL,NULL,NULL,NULL,'--- !ruby/hash:ActiveSupport::HashWithIndifferentAccess\nanschaffungskategorie: AV-Technik\nreference: invoice\numzug: zgeln\nankunftszustand: intakt\n','2016-07-21 03:57:43','2016-07-21 03:57:43'),(272,'eqc78moiekbpahdj2pdj569','2a:bc:f3:b8:82:0b-6f:f3:ea:5f:b8:4b-7a:a5:cb:8c:d4:93',290,180,262,8,NULL,NULL,'2012-03-29','2016-07-21',NULL,NULL,'1187.00',0,0,1,0,1,1,NULL,NULL,NULL,NULL,NULL,'--- !ruby/hash:ActiveSupport::HashWithIndifferentAccess\nanschaffungskategorie: AV-Technik\nreference: invoice\numzug: zgeln\nankunftszustand: intakt\n','2016-07-21 03:57:43','2016-07-21 03:57:43'),(273,'k8uza4hteqeb4kepkx0y570','3d:5c:9c:c3:8f:51-cb:0c:9d:a4:a2:a4-1f:f9:27:0e:a4:28',290,181,263,1,NULL,NULL,'2011-05-26','2016-07-21',NULL,NULL,'1347.00',0,0,1,0,1,1,NULL,NULL,NULL,NULL,NULL,'--- !ruby/hash:ActiveSupport::HashWithIndifferentAccess\nanschaffungskategorie: AV-Technik\nreference: invoice\numzug: zgeln\nankunftszustand: intakt\n','2016-07-21 03:57:43','2016-07-21 03:57:43'),(274,'5kgc2mb2z84ihjw32sl8571','2c:23:49:2b:5b:90-0e:48:de:36:4f:7f-5e:e0:9e:91:4b:c5',290,182,264,12,NULL,NULL,'2013-01-03','2016-07-21',NULL,NULL,'1475.00',0,0,1,0,1,1,NULL,NULL,NULL,NULL,NULL,'--- !ruby/hash:ActiveSupport::HashWithIndifferentAccess\nanschaffungskategorie: AV-Technik\nreference: invoice\numzug: zgeln\nankunftszustand: intakt\n','2016-07-21 03:57:43','2016-07-21 03:57:43'),(275,'e9zmr7cpq3h88c31acul572','30:67:89:4d:ee:6f-d0:97:29:3c:81:78-43:7e:bb:21:1c:08',294,183,265,6,NULL,NULL,'2015-11-20','2016-07-21',NULL,NULL,'329.00',0,0,1,0,1,1,NULL,NULL,NULL,NULL,NULL,'--- !ruby/hash:ActiveSupport::HashWithIndifferentAccess\nanschaffungskategorie: AV-Technik\nreference: invoice\numzug: zgeln\nankunftszustand: intakt\n','2016-07-21 03:57:43','2016-07-21 03:57:43'),(276,'1xjfwj5l7pohahntjitb573','1d:00:cf:76:6c:8a-2f:03:fe:fd:78:50-d6:02:72:f8:ec:86',294,184,266,9,NULL,NULL,'2015-07-25','2016-07-21',NULL,NULL,'696.00',0,0,1,0,1,1,NULL,NULL,NULL,NULL,NULL,'--- !ruby/hash:ActiveSupport::HashWithIndifferentAccess\nanschaffungskategorie: AV-Technik\nreference: invoice\numzug: zgeln\nankunftszustand: intakt\n','2016-07-21 03:57:43','2016-07-21 03:57:43'),(277,'zt23yv1q9zp4ht11yigo574','40:9f:cc:2b:2c:b7-ac:b4:24:d2:01:ad-61:53:14:fb:ba:9f',294,185,267,10,NULL,NULL,'2011-09-02','2016-07-21',NULL,NULL,'385.00',0,0,1,0,1,1,NULL,NULL,NULL,NULL,NULL,'--- !ruby/hash:ActiveSupport::HashWithIndifferentAccess\nanschaffungskategorie: AV-Technik\nreference: invoice\numzug: zgeln\nankunftszustand: intakt\n','2016-07-21 03:57:43','2016-07-21 03:57:43'),(278,'tdnqvys1hgmrx2qck05s575','56:3f:26:00:42:9e-43:93:ac:02:d6:57-55:80:e7:66:a2:fc',298,186,268,3,NULL,NULL,'2015-05-28','2016-07-21',NULL,NULL,'622.00',0,0,1,0,2,1,NULL,NULL,NULL,NULL,NULL,'--- !ruby/hash:ActiveSupport::HashWithIndifferentAccess\nanschaffungskategorie: AV-Technik\nreference: invoice\numzug: zgeln\nankunftszustand: intakt\n','2016-07-21 03:57:43','2016-07-21 03:57:43'),(279,'0ipczx7q4mtlmrsjvdcr576','6d:ef:19:65:44:c5-9e:c8:ce:3f:88:a9-7d:5c:bd:dc:43:b8',298,187,269,11,NULL,NULL,'2014-05-26','2016-07-21',NULL,NULL,'1107.00',0,0,1,0,2,1,NULL,NULL,NULL,NULL,NULL,'--- !ruby/hash:ActiveSupport::HashWithIndifferentAccess\nanschaffungskategorie: AV-Technik\nreference: invoice\numzug: zgeln\nankunftszustand: intakt\n','2016-07-21 03:57:43','2016-07-21 03:57:43'),(280,'8lyeytl3zud71la20f04577','69:85:b0:bd:8d:88-b2:c9:8e:73:62:c9-56:d6:91:5d:3b:65',298,188,270,5,NULL,NULL,'2013-05-28','2016-07-21',NULL,NULL,'321.00',0,0,1,0,2,1,NULL,NULL,NULL,NULL,NULL,'--- !ruby/hash:ActiveSupport::HashWithIndifferentAccess\nanschaffungskategorie: AV-Technik\nreference: invoice\numzug: zgeln\nankunftszustand: intakt\n','2016-07-21 03:57:43','2016-07-21 03:57:43'),(281,'h66tze2iu6zxwisdz1pw578','f8:eb:d9:ce:7b:c7-9b:2a:c2:94:48:df-f4:99:e4:de:59:d3',302,189,271,7,NULL,NULL,'2012-11-07','2016-07-21',NULL,NULL,'53.00',0,0,1,0,2,1,NULL,NULL,NULL,NULL,NULL,'--- !ruby/hash:ActiveSupport::HashWithIndifferentAccess\nanschaffungskategorie: AV-Technik\nreference: invoice\numzug: zgeln\nankunftszustand: intakt\n','2016-07-21 03:57:43','2016-07-21 03:57:43'),(282,'bkad2dpmb2iv33jfqf4y579','06:c7:e9:58:db:d5-a4:46:bd:b4:69:37-48:2b:36:f2:77:3a',302,190,272,1,NULL,NULL,'2013-09-02','2016-07-21',NULL,NULL,'1087.00',0,0,1,0,2,1,NULL,NULL,NULL,NULL,NULL,'--- !ruby/hash:ActiveSupport::HashWithIndifferentAccess\nanschaffungskategorie: AV-Technik\nreference: invoice\numzug: zgeln\nankunftszustand: intakt\n','2016-07-21 03:57:43','2016-07-21 03:57:43'),(283,'30gizag8ktraalo183f4580','cb:19:c0:7b:ae:5b-98:4d:a3:c1:0e:07-25:20:0c:5a:0a:12',302,191,273,4,NULL,NULL,'2012-01-02','2016-07-21',NULL,NULL,'855.00',0,0,1,0,2,1,NULL,NULL,NULL,NULL,NULL,'--- !ruby/hash:ActiveSupport::HashWithIndifferentAccess\nanschaffungskategorie: AV-Technik\nreference: invoice\numzug: zgeln\nankunftszustand: intakt\n','2016-07-21 03:57:43','2016-07-21 03:57:43'),(284,'8xf0tigxgluxrofq2jg1581','bd:f6:10:bd:e7:24-b0:84:6c:21:cb:57-c9:39:1a:8f:48:aa',306,192,274,5,NULL,NULL,'2014-12-15','2016-07-21',NULL,NULL,'90.00',0,0,1,0,2,1,NULL,NULL,NULL,NULL,NULL,'--- !ruby/hash:ActiveSupport::HashWithIndifferentAccess\nanschaffungskategorie: AV-Technik\nreference: invoice\numzug: zgeln\nankunftszustand: intakt\n','2016-07-21 03:57:43','2016-07-21 03:57:43'),(285,'mmsk7ahnkc438pc0d09g582','06:b1:60:7f:b0:0d-54:aa:c0:36:04:90-76:92:69:1e:8b:4c',306,193,275,6,NULL,NULL,'2011-03-30','2016-07-21',NULL,NULL,'810.00',0,0,1,0,2,1,NULL,NULL,NULL,NULL,NULL,'--- !ruby/hash:ActiveSupport::HashWithIndifferentAccess\nanschaffungskategorie: AV-Technik\nreference: invoice\numzug: zgeln\nankunftszustand: intakt\n','2016-07-21 03:57:43','2016-07-21 03:57:43'),(286,'0my7abnbrulvyxoy0r5w583','d2:11:cc:60:a9:7f-b5:12:85:76:a6:b4-e2:3f:f5:db:0b:ef',306,194,276,13,NULL,NULL,'2011-02-11','2016-07-21',NULL,NULL,'746.00',0,0,1,0,2,1,NULL,NULL,NULL,NULL,NULL,'--- !ruby/hash:ActiveSupport::HashWithIndifferentAccess\nanschaffungskategorie: AV-Technik\nreference: invoice\numzug: zgeln\nankunftszustand: intakt\n','2016-07-21 03:57:43','2016-07-21 03:57:43'),(287,'67wa6x4jtfn8rroqwqgt584','b7:83:25:a7:5a:43-8d:d2:87:a6:00:4d-8a:63:bb:48:7b:f7',310,NULL,277,1,NULL,NULL,'2011-01-22','2016-07-21',NULL,NULL,'634.00',0,0,1,0,1,1,NULL,NULL,NULL,NULL,NULL,'--- !ruby/hash:ActiveSupport::HashWithIndifferentAccess\nanschaffungskategorie: AV-Technik\nreference: invoice\numzug: zgeln\nankunftszustand: intakt\n','2016-07-21 03:57:43','2016-07-21 03:57:43'),(288,'qmefspj4ggjhx80zo8w7585','37:e9:96:9a:74:54-1a:46:5b:cf:32:eb-33:21:ee:45:ee:5d',311,195,278,1,NULL,NULL,'2011-05-04','2016-07-21',NULL,NULL,'98.00',0,0,1,0,1,1,NULL,NULL,NULL,NULL,NULL,'--- !ruby/hash:ActiveSupport::HashWithIndifferentAccess\nanschaffungskategorie: AV-Technik\nreference: invoice\numzug: zgeln\nankunftszustand: intakt\n','2016-07-21 03:57:43','2016-07-21 03:57:43'),(289,'efarupm06ekczdllmocz586','04:44:47:84:56:7d-19:aa:50:f5:bf:b5-dc:18:f5:bc:ad:33',312,NULL,NULL,1,NULL,NULL,NULL,NULL,NULL,NULL,NULL,0,0,0,0,2,0,NULL,NULL,NULL,NULL,NULL,'--- !ruby/hash:ActiveSupport::HashWithIndifferentAccess\noperating_system:\n- windows\n- linux\nlicense_type: site_license\ntotal_quantity: 124\nreference: invoice\nactivation_type: none\nmaintenance_contract: \'false\'\n','2016-07-21 03:57:43','2016-07-21 03:57:43'),(290,'61aub5sjj7qnhy3wvc0d587','92:da:45:2a:a5:48-e6:b8:a6:3f:85:e0-24:bb:fd:2c:c9:e5',313,196,279,13,NULL,NULL,'2011-11-14','2016-07-21',NULL,NULL,'188.00',0,0,1,0,1,1,NULL,NULL,NULL,NULL,NULL,'--- !ruby/hash:ActiveSupport::HashWithIndifferentAccess\nanschaffungskategorie: AV-Technik\nreference: invoice\numzug: zgeln\nankunftszustand: intakt\n','2016-07-21 03:57:43','2016-07-21 03:57:43'),(291,'ul2t2rgvxfocq2hmbnn4588','dd:03:80:ca:37:e4-9e:62:df:ba:32:ca-92:45:5d:59:33:aa',313,197,280,13,NULL,NULL,'2013-08-18','2016-07-21',NULL,NULL,'877.00',0,0,1,0,1,1,NULL,NULL,NULL,NULL,NULL,'--- !ruby/hash:ActiveSupport::HashWithIndifferentAccess\nanschaffungskategorie: AV-Technik\nreference: invoice\numzug: zgeln\nankunftszustand: intakt\n','2016-07-21 03:57:43','2016-07-21 03:57:43'),(292,'ll7d3k9de33ajupstlk3589','8e:a6:2f:2c:2d:42-a3:45:bb:dc:ed:15-aa:8a:86:01:91:1e',313,198,281,12,NULL,NULL,'2014-04-30','2016-07-21',NULL,NULL,'588.00',0,0,1,0,1,1,NULL,NULL,NULL,NULL,NULL,'--- !ruby/hash:ActiveSupport::HashWithIndifferentAccess\nanschaffungskategorie: AV-Technik\nreference: invoice\numzug: zgeln\nankunftszustand: intakt\n','2016-07-21 03:57:43','2016-07-21 03:57:43');
/*!40000 ALTER TABLE `items` ENABLE KEYS */;
UNLOCK TABLES;

--
-- Table structure for table `languages`
--

DROP TABLE IF EXISTS `languages`;
/*!40101 SET @saved_cs_client     = @@character_set_client */;
/*!40101 SET character_set_client = utf8 */;
CREATE TABLE `languages` (
  `id` int(11) NOT NULL AUTO_INCREMENT,
  `name` varchar(255) COLLATE utf8_unicode_ci DEFAULT NULL,
  `locale_name` varchar(255) COLLATE utf8_unicode_ci DEFAULT NULL,
  `default` tinyint(1) DEFAULT NULL,
  `active` tinyint(1) DEFAULT NULL,
  PRIMARY KEY (`id`),
  UNIQUE KEY `index_languages_on_name` (`name`),
  KEY `index_languages_on_active_and_default` (`active`,`default`)
) ENGINE=InnoDB AUTO_INCREMENT=5 DEFAULT CHARSET=utf8 COLLATE=utf8_unicode_ci;
/*!40101 SET character_set_client = @saved_cs_client */;

--
-- Dumping data for table `languages`
--

LOCK TABLES `languages` WRITE;
/*!40000 ALTER TABLE `languages` DISABLE KEYS */;
INSERT INTO `languages` VALUES (1,'English','en-GB',1,1),(2,'Deutsch','de-CH',0,1),(3,'Castellano','es',0,1),(4,'Zrittsch','gsw-CH',0,1);
/*!40000 ALTER TABLE `languages` ENABLE KEYS */;
UNLOCK TABLES;

--
-- Table structure for table `locations`
--

DROP TABLE IF EXISTS `locations`;
/*!40101 SET @saved_cs_client     = @@character_set_client */;
/*!40101 SET character_set_client = utf8 */;
CREATE TABLE `locations` (
  `id` int(11) NOT NULL AUTO_INCREMENT,
  `room` varchar(255) COLLATE utf8_unicode_ci DEFAULT NULL,
  `shelf` varchar(255) COLLATE utf8_unicode_ci DEFAULT NULL,
  `building_id` int(11) DEFAULT NULL,
  PRIMARY KEY (`id`),
  KEY `index_locations_on_building_id` (`building_id`),
  CONSTRAINT `locations_building_id_fk` FOREIGN KEY (`building_id`) REFERENCES `buildings` (`id`)
) ENGINE=InnoDB AUTO_INCREMENT=199 DEFAULT CHARSET=utf8 COLLATE=utf8_unicode_ci;
/*!40101 SET character_set_client = @saved_cs_client */;

--
-- Dumping data for table `locations`
--

LOCK TABLES `locations` WRITE;
/*!40000 ALTER TABLE `locations` DISABLE KEYS */;
INSERT INTO `locations` VALUES (1,'Voluptatibusomnis','necessitatibusporro',2),(2,'Quiqui','vitaeid',3),(3,'Atquefuga','exrerum',4),(4,'Sitofficiis','etut',5),(5,'Beataeipsam','quisquamqui',6),(6,'Aliquamaperiam','velitlaboriosam',7),(7,'Corporisquam','doloret',8),(8,'Exercitationeminventore','nobisreprehenderit',9),(9,'Utdolores','excepturiimpedit',10),(10,'Numquamet','providentducimus',11),(11,'Nesciuntcumque','quominus',12),(12,'Voluptatevero','nobiscommodi',13),(13,'Inventoresunt','consequatursint',14),(14,'Quiqui','ullamest',15),(15,'Accusamusanimi','voluptasperspiciatis',16),(16,'Sapientecorrupti','abomnis',17),(17,'Accusamusoccaecati','similiquenostrum',18),(18,'Quiased','suntquidem',19),(19,'Possimuset','veritatisearum',20),(20,'Etadipisci','doloret',21),(21,'Doloresquaerat','occaecatidicta',22),(22,'Magniconsequatur','quasinatus',23),(23,'Etdolores','doloresiure',24),(24,'Omnisquidem','sedratione',25),(25,'Nequesaepe','maximeet',26),(26,'Doloresdeserunt','velitvoluptas',27),(27,'Occaecaticorrupti','nesciuntsaepe',28),(28,'Utconsequatur','oditeos',29),(29,'Quiaet','estcorporis',30),(30,'Facilisnisi','similiqueet',31),(31,'Etanimi','doloremsit',32),(32,'Etquisquam','sintquas',33),(33,'Nobisreiciendis','errorlabore',34),(34,'Etmollitia','molestiaesunt',35),(35,'Voluptatemeveniet','autsit',36),(36,'Nihilet','iuredoloribus',37),(37,'SQ2','Desk',38),(38,'UG 13','Ausgabe',39),(39,'Itaquesunt','rerumcorporis',40),(40,'Rationelibero','ipsanecessitatibus',41),(41,'Voluptatibusrerum','oditest',42),(42,'Autipsa','consequaturpossimus',43),(43,'Quiamolestias','inventorecommodi',44),(44,'Autplaceat','saepeofficia',45),(45,'Utquia','perspiciatisin',46),(46,'Autalias','voluptatestenetur',47),(47,'Numquamrerum','quodvoluptatem',48),(48,'Molestiaenon','inventoreaccusamus',49),(49,'Molestiasquis','velitiusto',50),(50,'Inventorecommodi','rerumadipisci',51),(51,'Minimafuga','autquo',52),(52,'Etsit','doloremdolorem',53),(53,'Consequaturexpedita','estiste',54),(54,'Autreprehenderit','teneturconsequatur',55),(55,'Sedmodi','velsed',56),(56,'Etab','fugitratione',57),(57,'Molestiaequi','quaeratvel',58),(58,'Illumfugiat','quibusdamdignissimos',59),(59,'Voluptasfacere','expeditaaut',60),(60,'Ipsumnobis','quinisi',61),(61,'Rerumdelectus','assumendaipsa',62),(62,'Easunt','pariaturmolestiae',63),(63,'Estvoluptatem','veniamlibero',64),(64,'Etmaiores','teneturcupiditate',65),(65,'Sequiaut','mollitiasit',66),(66,'Vitaeet','maximelaboriosam',67),(67,'Quidemex','quamvoluptas',68),(68,'Eummodi','repellatvoluptatibus',69),(69,'Optioet','nostrumquidem',70),(70,'Quidebitis','temporibusvoluptatibus',71),(71,'Omnisdoloribus','magnameos',72),(72,'Etullam','inventorenon',73),(73,'Estnumquam','utlaudantium',74),(74,'Rationefacere','quiaharum',75),(75,'Dolorumnostrum','fugitlabore',76),(76,'Remet','utsunt',77),(77,'Nonmagni','animisimilique',78),(78,'Sedid','blanditiisvelit',79),(79,'Maioreslaudantium','dolorsed',80),(80,'Quiquae','eosenim',81),(81,'Placeattotam','consecteturiste',82),(82,'Delectusnisi','veritatisnatus',83),(83,'Doloresrepellendus','excepturiculpa',84),(84,'Idsequi','aliasquidem',85),(85,'Abearum','velitet',86),(86,'Minimasit','autnam',87),(87,'Utsuscipit','consequaturipsum',88),(88,'Accusamusconsequatur','velitenim',89),(89,'Quoet','itaqueest',90),(90,'Fugiatquas','dignissimosvitae',91),(91,'Abaccusamus','doloremimpedit',92),(92,'Blanditiisratione','autemillo',93),(93,'Voluptatumadipisci','inneque',94),(94,'Quiaharum','doloremsed',95),(95,'Temporibusest','exducimus',96),(96,'Quiaea','quaeratnecessitatibus',97),(97,'Ducimuspossimus','solutaeligendi',98),(98,'Estet','etnesciunt',99),(99,'Intemporibus','aliasvoluptates',100),(100,'Corporisexercitationem','solutaeum',101),(101,'Atqueut','autid',102),(102,'Quasivoluptatem','estfacilis',103),(103,'Voluptascommodi','autvelit',104),(104,'Estquo','ducimusvoluptates',105),(105,'Dolorumaut','nobispraesentium',106),(106,'Harumconsequatur','numquamquia',107),(107,'Similiqueeum','molestiaeut',108),(108,'Corruptinulla','deseruntex',109),(109,'Reprehenderitquod','rationesunt',110),(110,'Beataesequi','illumnon',111),(111,'Saepenatus','deserunteum',112),(112,'Enimmolestiae','repellataliquid',113),(113,'Etquas','delenitiut',114),(114,'Nobiscumque','accusantiumpraesentium',115),(115,'Beataevel','reiciendisenim',116),(116,'Inciduntdebitis','repudiandaedignissimos',117),(117,'Atrerum','adsimilique',119),(118,'Teneturid','etmagnam',120),(119,'Sitaliquid','mollitiaunde',121),(120,'Pariaturlibero','sitaccusamus',122),(121,'Impeditaperiam','quiqui',123),(122,'Liberocorrupti','esseet',124),(123,'Corporismolestiae','quisrem',125),(124,'Corporisvoluptas','ipsaquibusdam',126),(125,'Istetotam','odioat',127),(126,'Delectusautem','velitquasi',128),(127,'Voluptastempora','fugiatsequi',129),(128,'Autqui','minusreiciendis',130),(129,'Doloremasperiores','atquecum',131),(130,'Auttotam','perferendisdolore',132),(131,'Similiqueconsequatur','veritatisaut',133),(132,'Natusut','assumendatemporibus',134),(133,'Eaquerepellat','autinventore',135),(134,'Aspernaturaut','dolorfacere',136),(135,'Estrepellat','laudantiumaccusamus',137),(136,'Voluptatumqui','istemagni',138),(137,'Ipsumimpedit','estoccaecati',139),(138,'Oditrem','solutaperferendis',140),(139,'Impeditad','voluptatemsunt',141),(140,'Ipsumfacilis','providentlaborum',142),(141,'Automnis','suntvoluptas',143),(142,'Quasicorporis','ullamet',144),(143,'Commodiculpa','magnamminima',145),(144,'Nesciuntaut','corruptinon',146),(145,'Idvoluptatibus','etomnis',147),(146,'Necessitatibusenim','etautem',148),(147,'Etet','totamiste',149),(148,'Corruptinihil','eligendilibero',150),(149,'Enimnobis','asperioressed',151),(150,'Nonperspiciatis','maioresaut',152),(151,'Temporesit','laboremodi',153),(152,'Magnimodi','beataearchitecto',154),(153,'Saepeeum','consequaturvelit',155),(154,'Facilismolestiae','totamnulla',156),(155,'Istesuscipit','oditat',157),(156,'Fugitdebitis','eosdolor',158),(157,'Solutasaepe','ipsatotam',159),(158,'Nisirerum','namet',160),(159,'Voluptatemeos','doloremasperiores',161),(160,'Delectusvoluptatibus','sunteum',162),(161,'Voluptatenobis','liberoassumenda',163),(162,'Perferendisearum','velithic',164),(163,'Nonharum','facilisminima',165),(164,'Sedid','itaqueest',166),(165,'Atvelit','quifugit',167),(166,'Natusin','minusitaque',168),(167,'Eossequi','utprovident',169),(168,'Illoullam','essevoluptas',170),(169,'Expeditadolorum','doloremvelit',171),(170,'Etsuscipit','temporeomnis',172),(171,'Ducimusquia','oditautem',173),(172,'Perferendiseligendi','voluptatemiusto',174),(173,'Molestiaedicta','necessitatibusexplicabo',175),(174,'Inciduntquod','saepesit',176),(175,'Illoeum','temporamolestiae',177),(176,'Sintnostrum','similiqueaut',178),(177,'Molestiasquaerat','dolorumest',179),(178,'Voluptasnesciunt','essecommodi',180),(179,'Corporisquo','possimusquam',181),(180,'Etnobis','placeatvoluptas',182),(181,'Providentveritatis','impeditbeatae',183),(182,'Fugaomnis','quaeratut',184),(183,'Cupiditatenulla','utesse',185),(184,'Aspernaturnemo','modireprehenderit',186),(185,'Accusamusconsequatur','aliquamquasi',187),(186,'Dictaquod','hicsed',188),(187,'Consequunturexcepturi','natusquidem',189),(188,'Etpariatur','cupiditatedolorum',190),(189,'Perspiciatisqui','utut',191),(190,'Oditnecessitatibus','quodconsequatur',192),(191,'Odioenim','quaeratdoloribus',193),(192,'Quidemvoluptate','sedeum',194),(193,'Fugiateaque','laboriosamrepudiandae',195),(194,'Sedomnis','doloripsam',196),(195,'Iustodelectus','nostrumvelit',197),(196,'Quiet','consecteturdolores',198),(197,'Nullanesciunt','remsoluta',199),(198,'Atnobis','voluptasperspiciatis',200);
/*!40000 ALTER TABLE `locations` ENABLE KEYS */;
UNLOCK TABLES;

--
-- Table structure for table `model_group_links`
--

DROP TABLE IF EXISTS `model_group_links`;
/*!40101 SET @saved_cs_client     = @@character_set_client */;
/*!40101 SET character_set_client = utf8 */;
CREATE TABLE `model_group_links` (
  `id` int(11) NOT NULL AUTO_INCREMENT,
  `ancestor_id` int(11) DEFAULT NULL,
  `descendant_id` int(11) DEFAULT NULL,
  `direct` tinyint(1) DEFAULT NULL,
  `count` int(11) DEFAULT NULL,
  `label` varchar(255) COLLATE utf8_unicode_ci DEFAULT NULL,
  PRIMARY KEY (`id`),
  KEY `index_model_group_links_on_ancestor_id` (`ancestor_id`),
  KEY `index_model_group_links_on_direct` (`direct`),
  KEY `index_on_descendant_id_and_ancestor_id_and_direct` (`descendant_id`,`ancestor_id`,`direct`),
  CONSTRAINT `model_group_links_descendant_id_fk` FOREIGN KEY (`descendant_id`) REFERENCES `model_groups` (`id`),
  CONSTRAINT `model_group_links_ancestor_id_fk` FOREIGN KEY (`ancestor_id`) REFERENCES `model_groups` (`id`)
) ENGINE=InnoDB AUTO_INCREMENT=9 DEFAULT CHARSET=utf8 COLLATE=utf8_unicode_ci;
/*!40101 SET character_set_client = @saved_cs_client */;

--
-- Dumping data for table `model_group_links`
--

LOCK TABLES `model_group_links` WRITE;
/*!40000 ALTER TABLE `model_group_links` DISABLE KEYS */;
INSERT INTO `model_group_links` VALUES (1,2,10,1,1,NULL),(2,2,8,1,1,NULL),(3,5,10,1,1,NULL),(4,5,9,1,1,NULL),(5,1,9,1,1,NULL),(6,1,11,0,1,NULL),(7,5,11,0,1,NULL),(8,9,11,1,1,NULL);
/*!40000 ALTER TABLE `model_group_links` ENABLE KEYS */;
UNLOCK TABLES;

--
-- Table structure for table `model_groups`
--

DROP TABLE IF EXISTS `model_groups`;
/*!40101 SET @saved_cs_client     = @@character_set_client */;
/*!40101 SET character_set_client = utf8 */;
CREATE TABLE `model_groups` (
  `id` int(11) NOT NULL AUTO_INCREMENT,
  `type` varchar(255) COLLATE utf8_unicode_ci DEFAULT NULL,
  `name` varchar(255) COLLATE utf8_unicode_ci DEFAULT NULL,
  `created_at` datetime DEFAULT NULL,
  `updated_at` datetime DEFAULT NULL,
  PRIMARY KEY (`id`),
  KEY `index_model_groups_on_type` (`type`)
) ENGINE=InnoDB AUTO_INCREMENT=15 DEFAULT CHARSET=utf8 COLLATE=utf8_unicode_ci;
/*!40101 SET character_set_client = @saved_cs_client */;

--
-- Dumping data for table `model_groups`
--

LOCK TABLES `model_groups` WRITE;
/*!40000 ALTER TABLE `model_groups` DISABLE KEYS */;
INSERT INTO `model_groups` VALUES (1,'Category','Beamer','2016-07-21 03:57:43','2016-07-21 03:57:43'),(2,'Category','Kameras','2016-07-21 03:57:43','2016-07-21 03:57:43'),(3,'Category','Stative','2016-07-21 03:57:43','2016-07-21 03:57:43'),(4,'Category','Hifi-Anlagen','2016-07-21 03:57:43','2016-07-21 03:57:43'),(5,'Category','Notebooks','2016-07-21 03:57:43','2016-07-21 03:57:43'),(6,'Category','RC Helikopter','2016-07-21 03:57:43','2016-07-21 03:57:43'),(7,'Category','Computer','2016-07-21 03:57:43','2016-07-21 03:57:43'),(8,'Category','Kurzdistanz','2016-07-21 03:57:43','2016-07-21 03:57:43'),(9,'Category','Portabel','2016-07-21 03:57:43','2016-07-21 03:57:43'),(10,'Category','Standard','2016-07-21 03:57:43','2016-07-21 03:57:43'),(11,'Category','Micro','2016-07-21 03:57:43','2016-07-21 03:57:43'),(12,'Template','Kamera & Stativ','2016-07-21 03:57:43','2016-07-21 03:57:43'),(13,'Template','Beamer & Hifi','2016-07-21 03:57:43','2016-07-21 03:57:43'),(14,'Template','Unaccomplishable template','2016-07-21 03:57:43','2016-07-21 03:57:43');
/*!40000 ALTER TABLE `model_groups` ENABLE KEYS */;
UNLOCK TABLES;

--
-- Table structure for table `model_links`
--

DROP TABLE IF EXISTS `model_links`;
/*!40101 SET @saved_cs_client     = @@character_set_client */;
/*!40101 SET character_set_client = utf8 */;
CREATE TABLE `model_links` (
  `id` int(11) NOT NULL AUTO_INCREMENT,
  `model_group_id` int(11) DEFAULT NULL,
  `model_id` int(11) DEFAULT NULL,
  `quantity` int(11) DEFAULT '1',
  PRIMARY KEY (`id`),
  KEY `index_model_links_on_model_id_and_model_group_id` (`model_id`,`model_group_id`),
  KEY `index_model_links_on_model_group_id_and_model_id` (`model_group_id`,`model_id`),
  CONSTRAINT `model_links_model_id_fk` FOREIGN KEY (`model_id`) REFERENCES `models` (`id`) ON DELETE CASCADE,
  CONSTRAINT `model_links_model_group_id_fk` FOREIGN KEY (`model_group_id`) REFERENCES `model_groups` (`id`)
) ENGINE=InnoDB AUTO_INCREMENT=73 DEFAULT CHARSET=utf8 COLLATE=utf8_unicode_ci;
/*!40101 SET character_set_client = @saved_cs_client */;

--
-- Dumping data for table `model_links`
--

LOCK TABLES `model_links` WRITE;
/*!40000 ALTER TABLE `model_links` DISABLE KEYS */;
INSERT INTO `model_links` VALUES (1,1,50,1),(2,9,50,1),(3,1,51,1),(4,1,52,1),(5,1,54,1),(6,9,54,1),(7,11,55,1),(8,1,56,1),(9,1,57,1),(10,1,58,1),(11,1,59,1),(12,1,60,1),(13,1,61,1),(14,1,62,1),(15,1,63,1),(16,1,64,1),(17,1,65,1),(18,1,66,1),(19,1,67,1),(20,1,68,1),(21,1,69,1),(22,1,70,1),(23,1,71,1),(24,1,72,1),(25,1,73,1),(26,1,74,1),(27,1,75,1),(28,2,76,1),(29,2,77,1),(30,2,78,1),(31,2,79,1),(32,2,80,1),(33,2,81,1),(34,2,82,1),(35,2,83,1),(36,2,84,1),(37,2,85,1),(38,2,86,1),(39,2,87,1),(40,2,88,1),(41,2,89,1),(42,2,90,1),(43,2,91,1),(44,2,92,1),(45,2,93,1),(46,2,94,1),(47,2,95,1),(48,2,96,1),(49,2,97,1),(50,2,98,1),(51,2,99,1),(52,2,100,1),(53,2,101,1),(54,2,102,1),(55,2,103,1),(56,2,104,1),(57,2,105,1),(58,2,106,1),(59,4,107,1),(60,3,108,1),(61,12,76,1),(62,12,108,1),(63,13,50,1),(64,13,107,1),(65,14,76,999),(66,14,108,999),(67,2,141,1),(68,7,142,1),(69,5,143,1),(70,6,144,1),(71,6,145,1),(72,6,146,1);
/*!40000 ALTER TABLE `model_links` ENABLE KEYS */;
UNLOCK TABLES;

--
-- Table structure for table `models`
--

DROP TABLE IF EXISTS `models`;
/*!40101 SET @saved_cs_client     = @@character_set_client */;
/*!40101 SET character_set_client = utf8 */;
CREATE TABLE `models` (
  `id` int(11) NOT NULL AUTO_INCREMENT,
  `type` varchar(255) COLLATE utf8_unicode_ci NOT NULL DEFAULT 'Model',
  `manufacturer` varchar(255) COLLATE utf8_unicode_ci DEFAULT NULL,
  `product` varchar(255) COLLATE utf8_unicode_ci NOT NULL,
  `version` varchar(255) COLLATE utf8_unicode_ci DEFAULT NULL,
  `description` text COLLATE utf8_unicode_ci,
  `internal_description` text COLLATE utf8_unicode_ci,
  `info_url` varchar(255) COLLATE utf8_unicode_ci DEFAULT NULL,
  `rental_price` decimal(8,2) DEFAULT NULL,
  `maintenance_period` int(11) DEFAULT '0',
  `is_package` tinyint(1) DEFAULT '0',
  `technical_detail` text COLLATE utf8_unicode_ci,
  `hand_over_note` text COLLATE utf8_unicode_ci,
  `created_at` datetime DEFAULT NULL,
  `updated_at` datetime DEFAULT NULL,
  PRIMARY KEY (`id`),
  KEY `index_models_on_is_package` (`is_package`),
  KEY `index_models_on_type` (`type`)
) ENGINE=InnoDB AUTO_INCREMENT=317 DEFAULT CHARSET=utf8 COLLATE=utf8_unicode_ci;
/*!40101 SET character_set_client = @saved_cs_client */;

--
-- Dumping data for table `models`
--

LOCK TABLES `models` WRITE;
/*!40000 ALTER TABLE `models` DISABLE KEYS */;
INSERT INTO `models` VALUES (1,'Model','Bernier Group','Intelligent Granite Pants','578','Autem alias voluptas quia assumenda et et.','Eaque voluptas temporibus rerum.',NULL,NULL,2,0,'Enim itaque aut veritatis.','Id molestiae tenetur et quas.','2016-07-21 03:57:43','2016-07-21 03:57:43'),(2,'Model','Berge, Kuhn and Walter','Gorgeous Wooden Chair','579','Perferendis beatae explicabo et fuga sapiente.','Assumenda quo iure et sed asperiores quasi repellendus fuga.',NULL,NULL,1,0,'Et vel quia error.','Rerum velit fugiat ab dolor error.','2016-07-21 03:57:43','2016-07-21 03:57:43'),(3,'Model','Yost-Heller','Small Concrete Gloves','580','Veniam molestiae dolores dolore ex voluptatem iusto molestiae.','Maxime laborum est odit non tempora assumenda ad qui.',NULL,NULL,1,0,'Eos ab laborum expedita cum reiciendis.','Quos sed expedita earum natus dolorum.','2016-07-21 03:57:43','2016-07-21 03:57:43'),(4,'Model','Padberg-Goldner','Sleek Wooden Computer','581','Et est mollitia perspiciatis explicabo dolores dolor.','Quaerat dolorem quas minima cupiditate ad sed odit et.',NULL,NULL,1,0,'Nihil incidunt sit adipisci non.','Est non consectetur aut.','2016-07-21 03:57:43','2016-07-21 03:57:43'),(5,'Model','Bechtelar-Fisher','Incredible Plastic Car','582','Qui possimus soluta eius et suscipit molestiae.','Aut nesciunt voluptatem placeat ut.',NULL,NULL,2,0,'Corrupti perspiciatis blanditiis similique incidunt tempora.','Totam quod eveniet placeat.','2016-07-21 03:57:43','2016-07-21 03:57:43'),(6,'Model','Reinger-Ledner','Awesome Wooden Pants','583','Voluptates iusto ut voluptate quidem.','Laudantium non sint saepe.',NULL,NULL,1,0,'Omnis sed repudiandae fugit.','Ut a voluptas voluptatem ut quia laudantium inventore.','2016-07-21 03:57:43','2016-07-21 03:57:43'),(7,'Model','Senger, Effertz and Sauer','Intelligent Steel Gloves','584','Omnis dolore adipisci excepturi iusto eum.','Ad est est inventore sit perspiciatis.',NULL,NULL,3,0,'Eveniet molestias quidem temporibus saepe accusantium sint.','Natus quia ad amet qui rerum commodi voluptate.','2016-07-21 03:57:43','2016-07-21 03:57:43'),(8,'Model','Collier-Swift','Ergonomic Cotton Table','585','Deserunt officiis qui sequi enim et.','Soluta nihil aperiam minus nam.',NULL,NULL,1,0,'Et mollitia sit et repudiandae.','Molestias iure aut voluptas repellendus perspiciatis non consequatur.','2016-07-21 03:57:43','2016-07-21 03:57:43'),(9,'Model','Lueilwitz LLC','Gorgeous Concrete Shoes','586','Vero id quaerat qui.','Fuga qui enim dignissimos maxime.',NULL,NULL,2,0,'Ut autem nihil numquam non est adipisci architecto.','Et minus et voluptatem et placeat vitae minima facilis.','2016-07-21 03:57:43','2016-07-21 03:57:43'),(10,'Model','Stiedemann Group','Intelligent Concrete Car','587','Ut id ipsam occaecati.','Quo consectetur autem impedit vel id minus commodi.',NULL,NULL,0,0,'Minima necessitatibus consequatur explicabo qui provident excepturi.','Eaque est nobis suscipit facere qui quo excepturi recusandae.','2016-07-21 03:57:43','2016-07-21 03:57:43'),(11,'Model','Feeney, Monahan and Lubowitz','Incredible Wooden Shoes','588','Facere et exercitationem numquam.','Cum velit iste sit.',NULL,NULL,3,0,'Sunt fugit libero omnis.','Fugiat molestias in cupiditate ea.','2016-07-21 03:57:43','2016-07-21 03:57:43'),(12,'Model','Kulas, Aufderhar and Kuphal','Fantastic Concrete Table','589','Et aliquid quod ad similique quis laboriosam.','Veritatis soluta id nesciunt quo laboriosam et.',NULL,NULL,1,0,'Minus vel soluta possimus dolor magni nemo consequuntur deserunt.','Et voluptas placeat optio dolor nulla.','2016-07-21 03:57:43','2016-07-21 03:57:43'),(13,'Model','Lemke-Schmeler','Gorgeous Rubber Computer','590','Quaerat nam consequatur quo quo iste.','Natus omnis voluptatibus quia aspernatur est voluptatum.',NULL,NULL,1,0,'Incidunt quia voluptate ut.','Reprehenderit doloribus beatae earum delectus nobis soluta.','2016-07-21 03:57:43','2016-07-21 03:57:43'),(14,'Model','Hickle-Steuber','Rustic Rubber Chair','591','Laboriosam atque dolores eius odio ut sed est.','Quas consequatur aperiam velit.',NULL,NULL,2,0,'In dolor ut delectus.','Optio deserunt ut vel repudiandae molestiae iure quo qui.','2016-07-21 03:57:43','2016-07-21 03:57:43'),(15,'Model','White, Yost and Bogan','Gorgeous Plastic Shirt','592','In et eligendi quia dicta qui rem.','Qui nesciunt non autem nulla occaecati voluptas natus.',NULL,NULL,0,0,'Facilis ut ea et voluptates quo et.','Iusto et hic explicabo ad qui.','2016-07-21 03:57:43','2016-07-21 03:57:43'),(16,'Model','Nicolas Group','Practical Granite Shirt','593','Autem ex est perspiciatis distinctio est.','Accusantium nihil eaque praesentium explicabo.',NULL,NULL,1,0,'Ut numquam officiis rerum assumenda sunt aliquid amet.','Et velit doloribus qui.','2016-07-21 03:57:43','2016-07-21 03:57:43'),(17,'Model','O\'Conner, Willms and Hintz','Incredible Rubber Hat','594','Molestias et sit ut harum.','Ipsa neque fugiat explicabo tempore sit eum suscipit.',NULL,NULL,1,0,'Qui nihil aut nulla ullam placeat.','Ipsa beatae aut id quis.','2016-07-21 03:57:43','2016-07-21 03:57:43'),(18,'Model','Kling Group','Ergonomic Cotton Chair','595','Impedit culpa est facilis incidunt voluptas eos quia vitae.','Architecto doloribus voluptatem corrupti.',NULL,NULL,0,0,'Molestiae a optio deserunt temporibus quo illum in qui.','Dignissimos inventore similique beatae.','2016-07-21 03:57:43','2016-07-21 03:57:43'),(19,'Model','Cruickshank LLC','Fantastic Plastic Hat','596','Iste voluptatem qui quaerat accusamus deleniti.','Ratione nisi sit voluptate inventore nulla quia laborum.',NULL,NULL,2,0,'Quasi eos saepe qui ut molestiae nemo ut aliquid.','Architecto eius perferendis ad.','2016-07-21 03:57:43','2016-07-21 03:57:43'),(20,'Model','Botsford LLC','Gorgeous Cotton Hat','597','Placeat sapiente earum quidem et.','Culpa sit mollitia facere et illo sunt est.',NULL,NULL,0,0,'Autem placeat voluptas at et assumenda adipisci explicabo et.','Accusantium ut cupiditate sunt porro aspernatur.','2016-07-21 03:57:43','2016-07-21 03:57:43'),(21,'Model','Bernhard, Pfeffer and Gislason','Intelligent Granite Hat','598','Autem repellat nihil beatae unde veritatis voluptate laudantium.','Voluptatem optio non ut dolorum dolores et vel.',NULL,NULL,3,0,'Eos quia libero harum.','Sed autem nemo quasi perspiciatis.','2016-07-21 03:57:43','2016-07-21 03:57:43'),(22,'Model','Mosciski, Gaylord and Lubowitz','Small Granite Chair','599','Consequuntur quas nihil veniam.','Modi tenetur aut sit veritatis.',NULL,NULL,1,0,'In qui aut amet dolor cupiditate aut qui.','Repellendus fugiat officiis aut.','2016-07-21 03:57:43','2016-07-21 03:57:43'),(23,'Model','Lockman, Kirlin and Blanda','Sleek Rubber Shoes','600','Earum debitis deserunt dolore quod nisi accusamus fugiat.','Eos voluptates eveniet ab natus nihil amet ipsam.',NULL,NULL,0,0,'Corporis tempore a magnam.','Nulla accusamus laboriosam non facere illo vel.','2016-07-21 03:57:43','2016-07-21 03:57:43'),(24,'Model','Bradtke LLC','Practical Concrete Gloves','601','Rerum architecto dignissimos quisquam doloribus omnis et.','Non porro ipsa ea.',NULL,NULL,1,0,'Qui amet eligendi ut sapiente.','Maiores hic fugit voluptas.','2016-07-21 03:57:43','2016-07-21 03:57:43'),(25,'Model','Will Group','Intelligent Steel Hat','602','Eveniet voluptate et sed sit autem.','Optio et ipsum commodi minus id ut est.',NULL,NULL,1,0,'Ea velit deserunt suscipit itaque quisquam possimus quidem molestiae.','Laborum facere reprehenderit qui ducimus architecto nesciunt quia.','2016-07-21 03:57:43','2016-07-21 03:57:43'),(26,'Model','Gerhold Inc','Small Steel Hat','603','Autem tempore dolorem consectetur quo optio sequi dolor.','Ex adipisci sunt quo non.',NULL,NULL,0,0,'Quaerat qui adipisci placeat error rerum voluptatem dolore.','Et consequatur magnam quia tenetur nemo est.','2016-07-21 03:57:43','2016-07-21 03:57:43'),(27,'Model','Upton-Adams','Intelligent Rubber Shoes','604','Non facilis voluptates culpa.','Non repellat pariatur veritatis aut.',NULL,NULL,3,0,'Cupiditate facere harum et repellat deleniti voluptas.','Quia maiores reprehenderit laudantium nihil natus ab quo dignissimos.','2016-07-21 03:57:43','2016-07-21 03:57:43'),(28,'Model','Cormier Group','Fantastic Wooden Chair','605','Est eligendi dolores voluptatem neque numquam libero error.','Suscipit est asperiores sed.',NULL,NULL,2,0,'Beatae quis est qui mollitia et ut eius tenetur.','Omnis quis est dolor.','2016-07-21 03:57:43','2016-07-21 03:57:43'),(29,'Model','Aufderhar and Sons','Small Steel Table','606','Iusto dolor in sequi.','Perspiciatis et id et in libero impedit.',NULL,NULL,1,0,'Ratione fugit omnis quos omnis excepturi ad voluptatum voluptates.','Corporis ab quia eum voluptatem consequatur.','2016-07-21 03:57:43','2016-07-21 03:57:43'),(30,'Model','Witting Inc','Ergonomic Granite Pants','607','Impedit hic quia sint sit est provident.','Maxime ratione eos nostrum et qui.',NULL,NULL,3,0,'Qui quo similique explicabo autem.','Quo voluptatem dicta odit ea optio.','2016-07-21 03:57:43','2016-07-21 03:57:43'),(31,'Model','Kozey Group','Fantastic Cotton Car','608','Deleniti dolores officiis consequatur velit.','Ipsum vel soluta rerum vel vero suscipit.',NULL,NULL,3,0,'Totam excepturi earum numquam rerum nemo aliquid laboriosam vel.','Numquam rerum ut recusandae quia magni aperiam tempora.','2016-07-21 03:57:43','2016-07-21 03:57:43'),(32,'Model','Jakubowski, Beier and Russel','Awesome Wooden Shirt','609','Facilis sed dolorum at quasi saepe non laborum soluta.','Voluptatem minima rerum ipsum aut et et velit.',NULL,NULL,3,0,'In voluptates id possimus laborum.','A velit repellendus magni reiciendis ratione omnis.','2016-07-21 03:57:43','2016-07-21 03:57:43'),(33,'Model','Dare-Russel','Fantastic Granite Computer','610','Sit atque aut blanditiis et cum ullam ipsa.','Ullam repellat ut eos architecto id autem.',NULL,NULL,3,0,'Ut laborum voluptas deserunt.','Soluta rerum sit dolor non nobis eum iure modi.','2016-07-21 03:57:43','2016-07-21 03:57:43'),(34,'Model','Schowalter, Weber and Bins','Awesome Wooden Table','611','Quia incidunt dolorem voluptatum ullam vero.','Consequatur quia voluptate aspernatur quo laudantium voluptas.',NULL,NULL,1,0,'Possimus explicabo aut dolore libero optio aut.','Fuga porro dolores nobis.','2016-07-21 03:57:43','2016-07-21 03:57:43'),(35,'Model','Muller Inc','Gorgeous Rubber Car','612','Sequi ex labore nihil velit commodi.','Sint itaque et et in et recusandae earum ducimus.',NULL,NULL,1,0,'Sed illum omnis aut voluptatum maxime deleniti.','Rem ea vel id.','2016-07-21 03:57:43','2016-07-21 03:57:43'),(36,'Model','Greenfelder-Fisher','Rustic Concrete Chair','613','Explicabo adipisci qui iure.','Praesentium quia quasi aut illum dignissimos sit veritatis.',NULL,NULL,0,0,'Veniam odio assumenda minima labore.','Dolores ut autem et ab soluta cumque quasi.','2016-07-21 03:57:43','2016-07-21 03:57:43'),(37,'Model','Daugherty, Kuhn and Bergnaum','Incredible Plastic Gloves','614','Quas dolor fugit rerum doloremque repudiandae culpa sit.','Impedit repellendus aut et enim illo hic quisquam.',NULL,NULL,2,0,'Architecto eos illum quis inventore nemo porro quia.','Quos ea autem illum voluptas velit.','2016-07-21 03:57:43','2016-07-21 03:57:43'),(38,'Model','Schuster, Bernhard and Mueller','Awesome Rubber Shirt','615','Minus aut officia rerum rerum soluta aut nulla.','Aut fuga temporibus aut.',NULL,NULL,2,0,'Quo est vero ut tenetur occaecati culpa esse saepe.','Quam et quidem id aut ut distinctio.','2016-07-21 03:57:43','2016-07-21 03:57:43'),(39,'Model','Hamill, McLaughlin and Dare','Ergonomic Rubber Car','616','Nesciunt qui nisi voluptatem est itaque.','Amet reiciendis laudantium dolorem saepe suscipit incidunt qui tenetur.',NULL,NULL,3,0,'Et accusantium ipsa maiores.','Facilis dolores sed voluptas.','2016-07-21 03:57:43','2016-07-21 03:57:43'),(40,'Model','Carter-Champlin','Gorgeous Granite Car','617','Asperiores quis assumenda perferendis vel quasi minus voluptas vel.','Autem odit quis omnis eaque nulla.',NULL,NULL,2,0,'Pariatur dolores hic ut fugit.','Nisi aspernatur odio non et excepturi saepe nulla.','2016-07-21 03:57:43','2016-07-21 03:57:43'),(41,'Model','Hand, Wilkinson and Auer','Ergonomic Plastic Car','618','Et quidem odio aut alias necessitatibus sunt.','Iure tenetur necessitatibus nemo numquam quia quas.',NULL,NULL,0,0,'Quod ipsum modi aut recusandae nostrum itaque unde odit.','Numquam possimus ducimus mollitia nihil omnis in similique.','2016-07-21 03:57:43','2016-07-21 03:57:43'),(42,'Model','Schultz-Kshlerin','Ergonomic Steel Gloves','619','Necessitatibus quidem sit ea.','Qui doloribus voluptatum dicta totam at quae sint aut.',NULL,NULL,3,0,'Voluptate totam quisquam nobis eum.','Et repudiandae numquam ipsa culpa.','2016-07-21 03:57:43','2016-07-21 03:57:43'),(43,'Model','Heaney-Zieme','Fantastic Cotton Pants','620','Sit labore et sit eos laborum qui reprehenderit saepe.','Id sint error nobis tenetur ut animi et.',NULL,NULL,1,0,'Placeat nihil voluptates excepturi ut.','Voluptates qui nobis mollitia sed.','2016-07-21 03:57:43','2016-07-21 03:57:43'),(44,'Model','Harvey-Bergstrom','Awesome Steel Pants','621','Placeat dolores iste corporis repudiandae nisi dolorem.','Minus eaque et iusto labore molestiae quaerat.',NULL,NULL,3,0,'Cupiditate animi nihil nobis itaque.','Illum sequi non quia.','2016-07-21 03:57:43','2016-07-21 03:57:43'),(45,'Model','Thompson, Stehr and Herman','Sleek Steel Hat','622','Qui consequatur beatae veniam.','Repellat ab dolorem aut sint.',NULL,NULL,2,0,'Incidunt ipsa quasi deleniti enim ullam dolorem vero.','Et ab dignissimos dolor.','2016-07-21 03:57:43','2016-07-21 03:57:43'),(46,'Model','Gaylord-Moore','Fantastic Granite Chair','623','In dolorum eos nobis similique sed.','Sit repellendus rerum officiis voluptatem voluptatem.',NULL,NULL,1,0,'Eligendi quia rem minima ad eveniet.','Est non quisquam commodi et in.','2016-07-21 03:57:43','2016-07-21 03:57:43'),(47,'Model','Bechtelar, Bogan and Schumm','Rustic Steel Car','624','Aut earum aperiam qui rerum harum nostrum.','Ut distinctio corporis excepturi cumque ipsam.',NULL,NULL,3,0,'Similique delectus sequi quo eveniet alias aperiam illo.','Magnam est qui harum doloremque ut iste et minus.','2016-07-21 03:57:43','2016-07-21 03:57:43'),(48,'Model','Stamm-Kuhn','Fantastic Concrete Gloves','625','Placeat ipsam corporis labore et ratione.','Dolorem neque quia perspiciatis est harum reiciendis tempore sint.',NULL,NULL,2,0,'Nihil alias quia totam rerum sapiente nam.','Natus assumenda cumque reiciendis dolor repellat.','2016-07-21 03:57:43','2016-07-21 03:57:43'),(49,'Model','Apple','MacBookPro','626','Laptop fr Studis und Angestellte.','Nostrum dicta rerum rerum eveniet labore.',NULL,NULL,0,0,'Et fugiat et explicabo.','Mit Verpackung aushndigen.','2016-07-21 03:57:43','2016-07-21 03:57:43'),(50,'Model','Sharp','Sharp Beamer','123','Beamer, geeignet fr alle Verwendungszwecke.','Error reprehenderit possimus omnis voluptatem.',NULL,NULL,0,0,'Ea provident officiis et necessitatibus voluptatem.','Beamer brauch ein VGA Kabel!','2016-07-21 03:57:43','2016-07-21 03:57:43'),(51,'Model','Sharp','Sharp Beamer 2D','627','Beamer, geeignet fr alle Verwendungszwecke.','Voluptatum totam reiciendis quia eius.',NULL,NULL,0,0,'Et velit autem et.','Et doloribus aut ut dolores error aut.','2016-07-21 03:57:43','2016-07-21 03:57:43'),(52,'Model','Panasonic','Mini Beamer','628','Beamer, geeignet fr alle Verwendungszwecke.','Ut ut ut quidem.',NULL,NULL,0,0,'Tenetur sint est voluptatibus quo iusto voluptas excepturi.','Sit vero dolores voluptatem quia qui molestiae quo.','2016-07-21 03:57:43','2016-07-21 03:57:43'),(53,'Model','Sharp','Sharp Beamer','456','Beamer, geeignet fr alle Verwendungszwecke.','Animi magni odio quasi.',NULL,NULL,0,0,'Eveniet a ducimus excepturi ut.','Beamer brauch ein VGA Kabel!','2016-07-21 03:57:43','2016-07-21 03:57:43'),(54,'Model','Sony','Ultra Compact Beamer','629','Besonders kleiner Beamer.','Ut voluptatem incidunt ex sint deserunt.',NULL,NULL,0,0,'Ullam tempore qui molestias nesciunt maiores voluptatum iure.','Beamer brauch ein VGA Kabel!','2016-07-21 03:57:43','2016-07-21 03:57:43'),(55,'Model','Micro','Micro Beamer','630','Besonders mikro kleiner Beamer.','Dignissimos quia dolores perferendis.',NULL,NULL,0,0,'Ea adipisci magnam neque.','Beamer brauch ein VGA Kabel!','2016-07-21 03:57:43','2016-07-21 03:57:43'),(56,'Model','Sony','Beamer 1 illo','631','Qui accusantium dolores voluptates molestias et commodi.','Molestiae sit libero molestiae.',NULL,NULL,0,0,'Voluptatem suscipit exercitationem corrupti veritatis et facere.','Beamer brauch ein VGA Kabel!','2016-07-21 03:57:43','2016-07-21 03:57:43'),(57,'Model','Sony','Beamer 2 officiis','632','Incidunt corrupti sit vel.','Et reprehenderit hic voluptate et quas.',NULL,NULL,0,0,'Nobis voluptas consequatur sint voluptas.','Beamer brauch ein VGA Kabel!','2016-07-21 03:57:43','2016-07-21 03:57:43'),(58,'Model','Sony','Beamer 3 odio','633','Velit qui quas quis quasi quae.','Iste est quis dignissimos qui quae velit.',NULL,NULL,0,0,'Est molestiae doloremque ut ex esse magnam est.','Beamer brauch ein VGA Kabel!','2016-07-21 03:57:43','2016-07-21 03:57:43'),(59,'Model','Sony','Beamer 4 quia','634','Nam animi amet qui mollitia laboriosam porro quos.','Asperiores voluptates aut aliquid ducimus.',NULL,NULL,0,0,'Perferendis deserunt et repellat.','Beamer brauch ein VGA Kabel!','2016-07-21 03:57:43','2016-07-21 03:57:43'),(60,'Model','Sony','Beamer 5 voluptate','635','Sequi magnam molestiae sit aut molestiae nihil.','Praesentium corrupti vel rerum eligendi eius autem.',NULL,NULL,0,0,'Accusamus cupiditate labore enim.','Beamer brauch ein VGA Kabel!','2016-07-21 03:57:43','2016-07-21 03:57:43'),(61,'Model','Sony','Beamer 6 in','636','Quisquam incidunt ut sed.','A dolorem distinctio id rerum.',NULL,NULL,0,0,'Et voluptatibus cumque et quos officia incidunt illum.','Beamer brauch ein VGA Kabel!','2016-07-21 03:57:43','2016-07-21 03:57:43'),(62,'Model','Sony','Beamer 7 pariatur','637','Architecto voluptatum sunt saepe possimus.','Mollitia ut animi eligendi asperiores necessitatibus est labore.',NULL,NULL,0,0,'Atque accusantium repellendus et quibusdam.','Beamer brauch ein VGA Kabel!','2016-07-21 03:57:43','2016-07-21 03:57:43'),(63,'Model','Sony','Beamer 8 quas','638','Deleniti et quas qui illum.','Dignissimos rerum quo possimus dolores exercitationem ratione aut laudantium.',NULL,NULL,0,0,'Voluptas quibusdam quam voluptatem quis delectus possimus illum.','Beamer brauch ein VGA Kabel!','2016-07-21 03:57:43','2016-07-21 03:57:43'),(64,'Model','Sony','Beamer 9 officia','639','Vel et ea labore exercitationem dolores officiis quod.','Inventore perspiciatis at et dolorem saepe aut explicabo.',NULL,NULL,0,0,'Quos est mollitia non aut a.','Beamer brauch ein VGA Kabel!','2016-07-21 03:57:43','2016-07-21 03:57:43'),(65,'Model','Sony','Beamer 10 et','640','Nihil consequuntur incidunt doloribus magni.','Nostrum ipsa est incidunt possimus fugit sit debitis.',NULL,NULL,0,0,'Quia aut repellat perferendis nulla ut officia.','Beamer brauch ein VGA Kabel!','2016-07-21 03:57:43','2016-07-21 03:57:43'),(66,'Model','Sony','Beamer 11 nihil','641','Aut vero aperiam ab et enim dolore ipsum.','Facilis non dignissimos sapiente ipsam reiciendis optio.',NULL,NULL,0,0,'Inventore molestiae cumque qui eum facilis placeat fugit.','Beamer brauch ein VGA Kabel!','2016-07-21 03:57:43','2016-07-21 03:57:43'),(67,'Model','Sony','Beamer 12 libero','642','Tempora minima similique expedita a aliquam.','Placeat et consectetur quasi.',NULL,NULL,0,0,'Totam perspiciatis ex velit est adipisci vero et.','Beamer brauch ein VGA Kabel!','2016-07-21 03:57:43','2016-07-21 03:57:43'),(68,'Model','Sony','Beamer 13 est','643','Cumque amet aspernatur optio quibusdam corrupti ad maiores numquam.','Perferendis quos amet est omnis saepe.',NULL,NULL,0,0,'Rerum eum velit eius dolore.','Beamer brauch ein VGA Kabel!','2016-07-21 03:57:43','2016-07-21 03:57:43'),(69,'Model','Sony','Beamer 14 enim','644','Non nam est odio qui quam expedita est id.','Eius amet eveniet repellat velit quia.',NULL,NULL,0,0,'Officia alias quis quo dicta perspiciatis voluptatem eum temporibus.','Beamer brauch ein VGA Kabel!','2016-07-21 03:57:43','2016-07-21 03:57:43'),(70,'Model','Sony','Beamer 15 cupiditate','645','Maiores ut non nemo doloribus suscipit maxime.','Provident corporis voluptatibus ab explicabo enim aut est dolores.',NULL,NULL,0,0,'Mollitia asperiores et nemo dignissimos et nobis sint.','Beamer brauch ein VGA Kabel!','2016-07-21 03:57:43','2016-07-21 03:57:43'),(71,'Model','Sony','Beamer 16 dignissimos','646','Et rerum iste ratione.','Et excepturi inventore doloribus dolore.',NULL,NULL,0,0,'Maiores qui est voluptatum quia enim molestias explicabo.','Beamer brauch ein VGA Kabel!','2016-07-21 03:57:43','2016-07-21 03:57:43'),(72,'Model','Sony','Beamer 17 libero','647','Eligendi aperiam sed in.','Voluptatibus nobis distinctio quibusdam delectus id.',NULL,NULL,0,0,'Praesentium aspernatur quasi est voluptatem sunt vitae numquam.','Beamer brauch ein VGA Kabel!','2016-07-21 03:57:43','2016-07-21 03:57:43'),(73,'Model','Sony','Beamer 18 enim','648','Repellat nulla consequatur soluta.','Rerum dolor porro at in aut qui.',NULL,NULL,0,0,'Accusamus dicta magni possimus repudiandae et laborum voluptatibus voluptatum.','Beamer brauch ein VGA Kabel!','2016-07-21 03:57:43','2016-07-21 03:57:43'),(74,'Model','Sony','Beamer 19 alias','649','Neque itaque deserunt ut quia.','Quasi sequi sint culpa.',NULL,NULL,0,0,'Molestiae ut ratione harum eaque est rerum fugiat.','Beamer brauch ein VGA Kabel!','2016-07-21 03:57:43','2016-07-21 03:57:43'),(75,'Model','Sony','Beamer 20 similique','650','Est et deleniti deserunt architecto quasi alias vero.','Et ut itaque ipsam sint.',NULL,NULL,0,0,'Sed consequuntur adipisci ullam libero non.','Beamer brauch ein VGA Kabel!','2016-07-21 03:57:43','2016-07-21 03:57:43'),(76,'Model','Nikon','Kamera Nikon','X12','Super Kamera.','Quod occaecati aut hic quia doloribus id.',NULL,NULL,0,0,'Quia sit optio officiis doloribus laborum ipsa dolores odit.','Kamera brauch Akkus!','2016-07-21 03:57:43','2016-07-21 03:57:43'),(77,'Model','Nikon','Camera 1 nesciunt','651','Debitis beatae dolorem error ducimus.','Dolore et consequatur aut enim sed quia.',NULL,NULL,0,0,'Tempore et provident qui debitis quia.','Quis provident in aut sequi nobis iusto.','2016-07-21 03:57:43','2016-07-21 03:57:43'),(78,'Model','Nikon','Camera 2 quas','652','Aperiam autem sint officiis voluptatem.','Sequi doloribus temporibus modi.',NULL,NULL,0,0,'Et deserunt sapiente fugit.','Voluptates officiis quis consequuntur quis.','2016-07-21 03:57:43','2016-07-21 03:57:43'),(79,'Model','Nikon','Camera 3 a','653','Voluptatem totam quidem provident praesentium recusandae nesciunt quod.','At quia eligendi aut qui minima autem consequatur porro.',NULL,NULL,0,0,'Maxime quam voluptatibus ullam a.','Non autem corporis consequuntur enim labore.','2016-07-21 03:57:43','2016-07-21 03:57:43'),(80,'Model','Nikon','Camera 4 dignissimos','654','Nostrum beatae minima aspernatur similique est velit.','Aut facilis non nostrum iste esse id.',NULL,NULL,0,0,'Porro est voluptas minus neque molestiae.','Et quia ut qui numquam eos.','2016-07-21 03:57:43','2016-07-21 03:57:43'),(81,'Model','Nikon','Camera 5 ut','655','Occaecati similique sed repellat minus.','Accusantium sed explicabo omnis animi culpa ut.',NULL,NULL,0,0,'Eius est impedit aut magni quo error porro est.','Repellendus harum id accusantium sed et.','2016-07-21 03:57:43','2016-07-21 03:57:43'),(82,'Model','Nikon','Camera 6 facilis','656','Facilis deleniti iure qui qui.','Dignissimos qui velit et natus.',NULL,NULL,0,0,'Suscipit qui consequuntur quis quae corporis.','Provident quos expedita et.','2016-07-21 03:57:43','2016-07-21 03:57:43'),(83,'Model','Nikon','Camera 7 pariatur','657','Porro non vel culpa voluptatem.','Ullam quia enim accusantium deleniti atque.',NULL,NULL,0,0,'Suscipit aperiam cum rerum molestias et voluptates temporibus vitae.','Deleniti minus enim vel occaecati ut repudiandae vero molestias.','2016-07-21 03:57:43','2016-07-21 03:57:43'),(84,'Model','Nikon','Camera 8 explicabo','658','Laudantium quidem animi quam.','Eos eaque repudiandae illo.',NULL,NULL,0,0,'Incidunt natus vitae optio deleniti nulla vel aut.','Nisi quae maxime animi ipsam.','2016-07-21 03:57:43','2016-07-21 03:57:43'),(85,'Model','Nikon','Camera 9 et','659','Asperiores et quia earum.','Aut necessitatibus eligendi eius.',NULL,NULL,0,0,'Magni voluptas qui eius et tempora et minima.','Incidunt architecto autem quibusdam dolore dolorum.','2016-07-21 03:57:43','2016-07-21 03:57:43'),(86,'Model','Nikon','Camera 10 ut','660','Minus aliquid saepe expedita praesentium et natus doloremque quaerat.','Illo eaque saepe et architecto.',NULL,NULL,0,0,'Cupiditate in et repellendus nemo.','Sed rerum quidem rerum qui.','2016-07-21 03:57:43','2016-07-21 03:57:43'),(87,'Model','Nikon','Camera 11 officiis','661','Nesciunt ipsum veniam omnis quisquam eos distinctio libero facere.','Dolorum aut ratione provident asperiores.',NULL,NULL,0,0,'Perspiciatis deserunt deleniti aut eum perferendis.','Fugit ut quis aut neque libero ea.','2016-07-21 03:57:43','2016-07-21 03:57:43'),(88,'Model','Nikon','Camera 12 minima','662','Aut error inventore omnis accusantium.','Qui quaerat nostrum quis.',NULL,NULL,0,0,'Vero repellat optio enim nemo.','Error aperiam consequatur eos est autem tempore assumenda.','2016-07-21 03:57:43','2016-07-21 03:57:43'),(89,'Model','Nikon','Camera 13 placeat','663','Cum fugiat excepturi sit corrupti.','Facilis dolor recusandae libero.',NULL,NULL,0,0,'Sapiente itaque perferendis alias.','Quo voluptate est eos sequi explicabo.','2016-07-21 03:57:43','2016-07-21 03:57:43'),(90,'Model','Nikon','Camera 14 odit','664','Facilis recusandae ducimus minima voluptas velit et enim a.','Ut earum id doloribus blanditiis aut rerum maiores.',NULL,NULL,0,0,'In mollitia eius qui sit aut.','Praesentium quia ipsa pariatur exercitationem.','2016-07-21 03:57:43','2016-07-21 03:57:43'),(91,'Model','Nikon','Camera 15 est','665','Et ut eligendi voluptatibus cupiditate qui.','Est magnam ut dolores molestiae fugiat maiores corporis.',NULL,NULL,0,0,'Eveniet odit in impedit tenetur ipsam distinctio numquam et.','Repudiandae quam et perspiciatis.','2016-07-21 03:57:43','2016-07-21 03:57:43'),(92,'Model','Nikon','Camera 16 eveniet','666','Illo id modi ut voluptates fuga.','Esse atque doloribus doloremque voluptatem est et.',NULL,NULL,0,0,'Sit mollitia sint iste amet impedit ea quae enim.','Fugiat explicabo sit neque officiis facilis sequi molestiae.','2016-07-21 03:57:43','2016-07-21 03:57:43'),(93,'Model','Nikon','Camera 17 nulla','667','Id non nesciunt provident unde amet eum.','Excepturi expedita illo quae.',NULL,NULL,0,0,'Maiores quas voluptates autem ut rerum.','Voluptas a reprehenderit totam ea.','2016-07-21 03:57:43','2016-07-21 03:57:43'),(94,'Model','Nikon','Camera 18 eius','668','Nisi perspiciatis minima quam molestias aspernatur non molestiae inventore.','Velit consequuntur est architecto.',NULL,NULL,0,0,'A qui quia inventore sed culpa.','Sit et consectetur est.','2016-07-21 03:57:43','2016-07-21 03:57:43'),(95,'Model','Nikon','Camera 19 dolores','669','Neque est qui molestiae.','Veniam voluptatem dolorem tenetur nobis eligendi.',NULL,NULL,0,0,'Laudantium autem asperiores eos delectus ipsum vel.','Atque qui molestiae vel qui.','2016-07-21 03:57:43','2016-07-21 03:57:43'),(96,'Model','Nikon','Camera 20 possimus','670','Quae velit veniam tempora natus alias eligendi eum animi.','Voluptatem doloribus optio et odit sed quasi officia magnam.',NULL,NULL,0,0,'Sed dolorum voluptatem recusandae eius possimus.','Tempore distinctio quae quo beatae.','2016-07-21 03:57:43','2016-07-21 03:57:43'),(97,'Model','Nikon','Camera 21 facere','671','Deserunt expedita nemo id eos cupiditate saepe ipsam porro.','Beatae consequatur velit quo nostrum.',NULL,NULL,0,0,'Debitis enim eos in totam sit.','Ut qui rerum animi.','2016-07-21 03:57:43','2016-07-21 03:57:43'),(98,'Model','Nikon','Camera 22 omnis','672','Deleniti nihil sit maiores laudantium omnis libero ut.','Nemo id natus dignissimos officiis.',NULL,NULL,0,0,'Nihil optio ad cupiditate est ea itaque officiis quisquam.','Itaque est neque sunt error et praesentium.','2016-07-21 03:57:43','2016-07-21 03:57:43'),(99,'Model','Nikon','Camera 23 ratione','673','Debitis est qui iusto provident.','Ab et earum itaque adipisci.',NULL,NULL,0,0,'Recusandae magni repellendus est maxime.','Suscipit dolor aut eius voluptatem quia possimus.','2016-07-21 03:57:43','2016-07-21 03:57:43'),(100,'Model','Nikon','Camera 24 quia','674','Sit est qui dolorum sunt nihil vero sunt.','Cupiditate placeat tempora perferendis dolores dicta quaerat pariatur minima.',NULL,NULL,0,0,'Quia molestiae ea atque quas aut id.','Dignissimos quae et sit quis mollitia magni nobis ipsum.','2016-07-21 03:57:43','2016-07-21 03:57:43'),(101,'Model','Nikon','Camera 25 neque','675','Quia sint quidem architecto eos quasi non alias.','Earum distinctio necessitatibus nostrum.',NULL,NULL,0,0,'Porro amet vel fugiat consequatur quisquam.','Eos sed laboriosam amet veniam.','2016-07-21 03:57:43','2016-07-21 03:57:43'),(102,'Model','Nikon','Camera 26 architecto','676','Minima sit vitae quia et error.','Recusandae veniam voluptatem vero eius perspiciatis autem qui.',NULL,NULL,0,0,'Odit eligendi ex sed sint totam.','Nesciunt nam quaerat ut cum quidem cupiditate.','2016-07-21 03:57:43','2016-07-21 03:57:43'),(103,'Model','Nikon','Camera 27 qui','677','Provident fugit aut accusantium et.','Iure mollitia voluptatum est sunt.',NULL,NULL,0,0,'Aut est consectetur dolores hic id et aspernatur.','Sed est quod perferendis error accusantium.','2016-07-21 03:57:43','2016-07-21 03:57:43'),(104,'Model','Nikon','Camera 28 eum','678','Voluptates id placeat numquam deserunt esse dolor quo asperiores.','A in reiciendis alias et velit laborum.',NULL,NULL,0,0,'Hic ea est fugit necessitatibus dolores est perspiciatis.','Quos esse aut temporibus unde ex similique et.','2016-07-21 03:57:43','2016-07-21 03:57:43'),(105,'Model','Nikon','Camera 29 vitae','679','Qui aut est quis.','Cum nulla inventore ipsum magnam earum.',NULL,NULL,0,0,'Fuga dolore voluptatem voluptatem rem omnis rerum quaerat.','Explicabo deserunt qui quia repellat saepe ipsam ut.','2016-07-21 03:57:43','2016-07-21 03:57:43'),(106,'Model','Nikon','Camera 30 corporis','680','Necessitatibus at deserunt enim dolorem autem quas repellendus rerum.','At labore voluptas quaerat voluptas sapiente dolorem esse dolores.',NULL,NULL,0,0,'Quasi aut error quaerat.','Ad quae hic nemo amet voluptate.','2016-07-21 03:57:43','2016-07-21 03:57:43'),(107,'Model','Sony','Hifi Standard','681','Excepturi et voluptates asperiores voluptatibus accusantium dolor.','Dignissimos eveniet aut nostrum aperiam minima nesciunt.',NULL,NULL,2,0,'Repellat distinctio aliquam error ut unde rerum tenetur.','Harum deleniti voluptas optio ullam officia.','2016-07-21 03:57:43','2016-07-21 03:57:43'),(108,'Model','Feli','Kamera Stativ','123','Stabiles Kamera Stativ','Nemo ducimus omnis ut pariatur est debitis consequatur et.',NULL,NULL,0,0,'Rerum perspiciatis corrupti rerum voluptatum unde adipisci eum.','Stativ muss mit Stativtasche ausgehndigt werden.','2016-07-21 03:57:43','2016-07-21 03:57:43'),(109,'Model','Bose','BoseFantastic Granite Hat','682','Nihil repellendus et placeat ut cum facilis unde. Rerum dolor est. Omnis corrupti enim ut eum voluptatem.','Voluptates quaerat est occaecati sed magni voluptas omnis amet.',NULL,NULL,0,0,'Inventore velit consequatur id repudiandae magnam quibusdam et officia.','Minus reprehenderit quia saepe eligendi.','2016-07-21 03:57:43','2016-07-21 03:57:43'),(110,'Model','Bose','BoseSleek Granite Table','683','Nostrum est qui voluptates reiciendis. Et ut illo provident earum. Quia voluptatem id distinctio non voluptatem.','Consequatur rerum sequi aut unde quae.',NULL,NULL,0,0,'Deleniti voluptatem ratione at facere perferendis repudiandae sunt.','Omnis consectetur omnis sed deserunt voluptas et eos.','2016-07-21 03:57:43','2016-07-21 03:57:43'),(111,'Model','Collins, Kilback and Blanda','Kamera Set','687','Voluptatem nobis autem aut debitis.','Accusantium eos laudantium expedita in ut.',NULL,NULL,2,1,'Provident perferendis id non ut sint.','Atque quos ut deleniti nostrum itaque.','2016-07-21 03:57:43','2016-07-21 03:57:43'),(112,'Model','Donnelly-Thiel','Practical Steel Pants','688','Quo et ea voluptatem soluta natus corporis sunt possimus.','Ullam inventore fugiat architecto aperiam.',NULL,NULL,1,0,'Omnis aut eos dignissimos et quasi.','Nostrum itaque deleniti sint ipsa minus nihil quo magni.','2016-07-21 03:57:43','2016-07-21 03:57:43'),(113,'Model','Stroman-Wyman','Small Granite Computer','689','Quas quia quia enim recusandae aperiam est.','Quam tenetur corrupti voluptate quo.',NULL,NULL,1,0,'Eaque sint dolorem dolorem molestias nesciunt.','Necessitatibus tempora minima et.','2016-07-21 03:57:43','2016-07-21 03:57:43'),(114,'Model','Kulas-Flatley','Fantastic Plastic Pants','690','Iure et sed non quaerat.','Nobis occaecati sed ut eum laudantium.',NULL,NULL,3,0,'Eum tempora ut fugiat natus inventore temporibus aliquid consectetur.','Ea tempora ullam consequatur et.','2016-07-21 03:57:43','2016-07-21 03:57:43'),(115,'Model','O\'Reilly Inc','Small Rubber Shirt','691','Voluptatum iusto odit voluptatem non architecto.','Provident tempora voluptas velit omnis.',NULL,NULL,3,0,'Corrupti cum iusto soluta excepturi rerum commodi qui.','Nesciunt minima est id.','2016-07-21 03:57:43','2016-07-21 03:57:43'),(116,'Model','West and Sons','Small Wooden Computer','692','Consequatur exercitationem illum odit.','Hic est quam expedita deserunt.',NULL,NULL,3,0,'Iusto asperiores tempore recusandae consectetur amet enim est.','Excepturi commodi molestias consequatur quae.','2016-07-21 03:57:43','2016-07-21 03:57:43'),(117,'Model','Tromp LLC','Fantastic Wooden Shirt','693','Qui laboriosam aliquid at.','Occaecati amet dolorem fugit magnam.',NULL,NULL,2,0,'Molestiae quasi autem assumenda et tempore quo.','In dicta necessitatibus voluptatem.','2016-07-21 03:57:43','2016-07-21 03:57:43'),(118,'Model','Kunze-Yundt','Ergonomic Wooden Hat','694','Aperiam numquam autem vero quod dolore.','Dolore expedita quia sequi consequuntur dolorem et ut.',NULL,NULL,0,0,'Fugit beatae at eligendi distinctio debitis ut.','Sint et debitis nesciunt dolor non a corrupti harum.','2016-07-21 03:57:43','2016-07-21 03:57:43'),(119,'Model','Miller, Keeling and Lockman','Intelligent Cotton Shoes','695','Rerum eos cum neque ex.','Iure porro ea qui tenetur impedit in.',NULL,NULL,3,0,'Nisi et est quasi.','Qui voluptatem quaerat consequatur doloribus et voluptatibus amet.','2016-07-21 03:57:43','2016-07-21 03:57:43'),(120,'Model','Bashirian Inc','Awesome Cotton Shoes','696','Dolor atque animi et esse molestiae laudantium fuga.','A voluptas occaecati ut non magni id ut.',NULL,NULL,2,0,'Iure ipsa ab aut tenetur autem et soluta nam.','Et provident accusantium id consequatur rerum omnis.','2016-07-21 03:57:43','2016-07-21 03:57:43'),(121,'Model','Harris Inc','Ergonomic Concrete Table','697','Atque earum quam non voluptatem quia reiciendis.','Deleniti et cupiditate earum et animi qui.',NULL,NULL,0,0,'Nihil dolor voluptatem et quibusdam enim.','Aut est ut magnam perspiciatis nam a.','2016-07-21 03:57:43','2016-07-21 03:57:43'),(122,'Model','Nitzsche, Green and Bosco','Gorgeous Concrete Hat','698','Modi illum voluptatem voluptatem repudiandae repellat rerum.','Illo aut quaerat qui tempore adipisci.',NULL,NULL,2,0,'Eum nihil quasi mollitia.','Ut et sapiente nostrum ex.','2016-07-21 03:57:43','2016-07-21 03:57:43'),(123,'Model','VonRueden-Sipes','Small Cotton Hat','699','Distinctio aspernatur sunt magnam dolorem nam omnis.','Dolorem nihil veniam et quos voluptas ratione.',NULL,NULL,2,0,'Eos enim occaecati hic aut.','Sed ipsum tempore est et alias accusamus qui odit.','2016-07-21 03:57:43','2016-07-21 03:57:43'),(124,'Model','Grady and Sons','Kamera Set2','700','Repudiandae voluptatum sequi rerum tempora ut sunt perferendis.','Hic in aut nihil dolor at aperiam consequatur velit.',NULL,NULL,3,1,'Deleniti accusamus sed ex.','Et et laborum cupiditate at placeat laudantium ut.','2016-07-21 03:57:43','2016-07-21 03:57:43'),(125,'Model','Barton and Sons','Fantastic Cotton Computer','701','Quia laudantium maxime molestias fuga.','Ullam sed perferendis explicabo.',NULL,NULL,3,0,'Eos autem amet est unde error ut.','Neque atque reiciendis nostrum modi laudantium.','2016-07-21 03:57:43','2016-07-21 03:57:43'),(126,'Model','Wolff-Herzog','Fantastic Concrete Computer','702','Deleniti rerum molestias fugit.','Debitis provident ipsum est enim nostrum blanditiis.',NULL,NULL,0,0,'Voluptatem a omnis ut.','Atque et quisquam itaque voluptatem mollitia accusamus repellat.','2016-07-21 03:57:43','2016-07-21 03:57:43'),(127,'Model','Stamm-Ledner','Sleek Plastic Car','703','Ea aut est expedita accusantium quo perferendis.','Autem et praesentium ut non corrupti aut incidunt.',NULL,NULL,2,0,'Accusantium rem dolore nobis ut quibusdam laboriosam.','Quia molestiae fugiat neque non asperiores repellat.','2016-07-21 03:57:43','2016-07-21 03:57:43'),(128,'Model','Hauck-Wolf','Incredible Cotton Shirt','704','Ut sit nisi iure consequatur aut amet.','Voluptatem quia et molestias eum itaque.',NULL,NULL,1,0,'In laudantium commodi id sed ab.','Optio cumque qui ut maxime.','2016-07-21 03:57:43','2016-07-21 03:57:43'),(129,'Model','Wolf-Haag','Gorgeous Steel Table','705','Accusantium molestiae ea ut eius.','Quis quo ut eos quam.',NULL,NULL,1,0,'Ad qui inventore sit.','Odio velit dolores eos saepe repudiandae voluptates aliquid.','2016-07-21 03:57:43','2016-07-21 03:57:43'),(130,'Model','Hilll-Littel','Small Concrete Table','706','Nobis voluptatem vitae repudiandae neque non.','Facere accusamus eaque quo et.',NULL,NULL,3,0,'Autem omnis dolorum nihil quae ea ut sapiente.','Et beatae aut ipsum totam sunt minus.','2016-07-21 03:57:43','2016-07-21 03:57:43'),(131,'Model','Batz, Krajcik and Bashirian','Ergonomic Cotton Shirt','707','In minus aut ratione.','Facere nihil aut similique non.',NULL,NULL,1,0,'Expedita repudiandae reprehenderit dolor consequatur saepe.','Quod assumenda excepturi ipsum quis.','2016-07-21 03:57:43','2016-07-21 03:57:43'),(132,'Model','Koss, Yost and Bernhard','Intelligent Wooden Hat','708','Incidunt nisi qui perferendis laboriosam sunt impedit.','Magnam ratione molestiae ipsum corrupti necessitatibus architecto.',NULL,NULL,3,0,'Ut quasi assumenda ut totam fuga animi a.','Quis optio et sint voluptatem quia praesentium quaerat.','2016-07-21 03:57:43','2016-07-21 03:57:43'),(133,'Model','Hagenes, Mueller and VonRueden','Incredible Rubber Shoes','709','Sint debitis porro officia.','Ratione autem quod id sint rerum distinctio nostrum et.',NULL,NULL,1,0,'Deleniti accusamus iure quia et aliquid temporibus.','Exercitationem quos enim ipsum voluptas.','2016-07-21 03:57:43','2016-07-21 03:57:43'),(134,'Model','Tromp Group','Incredible Plastic Hat','710','Et natus aut iure.','Perspiciatis totam quo magnam omnis dolores.',NULL,NULL,2,0,'Recusandae cumque fugit veniam accusamus labore et sed.','Doloremque cumque ut harum quia est quibusdam laborum aspernatur.','2016-07-21 03:57:43','2016-07-21 03:57:43'),(135,'Model','Treutel Group','Practical Concrete Computer','711','Sit cumque quo est dolore.','Qui perspiciatis voluptatem voluptatum aut ut repudiandae.',NULL,NULL,0,0,'Maxime nesciunt vel eius eligendi.','Aut cumque est totam corrupti dolorum quidem architecto hic.','2016-07-21 03:57:43','2016-07-21 03:57:43'),(136,'Model','Fahey, Dickens and Bayer','Rustic Steel Gloves','712','Doloribus quisquam et ratione corrupti.','Eos eos non dolores.',NULL,NULL,3,0,'Voluptatem qui debitis ut voluptate recusandae.','Incidunt magni et soluta sunt alias cum ut.','2016-07-21 03:57:43','2016-07-21 03:57:43'),(137,'Model','Mueller, Watsica and Schmidt','Incredible Rubber Gloves','713','Asperiores sit nesciunt ea voluptatibus repellat natus.','Molestiae aut non magni non commodi perferendis.',NULL,NULL,3,0,'Consequuntur unde alias qui.','Excepturi voluptas soluta atque eveniet tenetur ducimus.','2016-07-21 03:57:43','2016-07-21 03:57:43'),(138,'Model','O\'Hara-MacGyver','Awesome Wooden Gloves','714','Eum dicta natus et et.','Corporis consequuntur accusantium voluptatem excepturi quia libero.',NULL,NULL,1,0,'Autem dolore aut earum repellat ullam.','Ipsum aut nihil nihil ut.','2016-07-21 03:57:43','2016-07-21 03:57:43'),(139,'Model','Schuster Inc','Rustic Concrete Car','715','Vero dolorum eos et ipsa fugiat rerum quaerat facere.','Placeat quo nisi qui dolorem quia neque.',NULL,NULL,0,0,'Dolorem deserunt consequatur enim.','Fuga minus sed nostrum eum impedit nisi error.','2016-07-21 03:57:43','2016-07-21 03:57:43'),(140,'Model','Wilkinson and Sons','Practical Wooden Computer','716','Commodi ea sed delectus illum et.','Quia architecto aut expedita saepe labore et.',NULL,NULL,2,0,'Necessitatibus et dolor id asperiores praesentium porro corporis nobis.','Dolor dicta veniam sapiente est atque.','2016-07-21 03:57:43','2016-07-21 03:57:43'),(141,'Model','Canon','Kamera Canon D5','717','Ganz teure Kamera','Quia eaque blanditiis ea totam.',NULL,NULL,0,0,'A veniam qui tenetur qui et quam.','Kamera brauch Akkus!','2016-07-21 03:57:43','2016-07-21 03:57:43'),(142,'Model','Apple','iMac','718','Apples alter iMac','Accusamus nemo sed sit et quaerat velit.',NULL,NULL,0,0,'Ut magni est numquam dolor eos quisquam et sit.','Occaecati repellendus at commodi dolores atque.','2016-07-21 03:57:43','2016-07-21 03:57:43'),(143,'Model','Microsoft','Windows Laptop','719','Ein Laptop der Marke Microsoft','Aut quaerat aut a earum.',NULL,NULL,0,0,'Et fugit occaecati veritatis quidem nostrum.','Laptop mit Tasche ausgeben','2016-07-21 03:57:43','2016-07-21 03:57:43'),(144,'Model','Walkera','Walkera v120','1G','3D Helikopter','Corrupti error qui dolor laboriosam aut voluptas ut similique.',NULL,NULL,0,0,'Officiis praesentium fuga minima explicabo et totam.','Nisi voluptatem repellat ipsa magni excepturi omnis alias.','2016-07-21 03:57:43','2016-07-21 03:57:43'),(145,'Model','Walkera','Walkera v120','2G','3D Helikopter','Excepturi ipsum impedit quas ex ad vitae qui.',NULL,NULL,0,0,'Natus veritatis est magnam eveniet quo.','Illum et ab consequatur asperiores nulla aspernatur reiciendis.','2016-07-21 03:57:43','2016-07-21 03:57:43'),(146,'Model','Walkera','Walkera v120','3G','3D Helikopter','Adipisci itaque possimus est et porro.',NULL,NULL,0,0,'Libero voluptatibus porro itaque corporis reiciendis culpa et.','Accusantium qui ducimus officia.','2016-07-21 03:57:43','2016-07-21 03:57:43'),(147,'Software','Rolfson, Hoppe and Bruen','Fantastic Granite Shoes','720',NULL,NULL,NULL,NULL,0,0,NULL,NULL,'2016-07-21 03:57:43','2016-07-21 03:57:43'),(148,'Software','Wiegand-Waelchi','Rustic Plastic Pants','721',NULL,NULL,NULL,NULL,0,0,NULL,NULL,'2016-07-21 03:57:43','2016-07-21 03:57:43'),(149,'Software','Yost-Hermann','Rustic Granite Gloves','722',NULL,NULL,NULL,NULL,0,0,NULL,NULL,'2016-07-21 03:57:43','2016-07-21 03:57:43'),(150,'Software','Bins-O\'Conner','Incredible Concrete Computer','723',NULL,NULL,NULL,NULL,0,0,NULL,NULL,'2016-07-21 03:57:43','2016-07-21 03:57:43'),(151,'Software','Mueller LLC','Small Plastic Car','724',NULL,NULL,NULL,NULL,0,0,NULL,NULL,'2016-07-21 03:57:43','2016-07-21 03:57:43'),(152,'Software','Altenwerth Group','Intelligent Plastic Hat','725',NULL,NULL,NULL,NULL,0,0,NULL,NULL,'2016-07-21 03:57:43','2016-07-21 03:57:43'),(153,'Software','Leannon Group','Gorgeous Steel Pants','726',NULL,NULL,NULL,NULL,0,0,NULL,NULL,'2016-07-21 03:57:43','2016-07-21 03:57:43'),(154,'Software','Wolff-Kautzer','Small Plastic Pants','727',NULL,NULL,NULL,NULL,0,0,'test http://test.ch\r\nwww.foo.ch\r\njust a text',NULL,'2016-07-21 03:57:43','2016-07-21 03:57:43'),(155,'Software','Franecki-Gislason','Sleek Concrete Shirt','728',NULL,NULL,NULL,NULL,0,0,'test http://test.ch\r\nwww.foo.ch\r\njust a text',NULL,'2016-07-21 03:57:43','2016-07-21 03:57:43'),(156,'Software','Donnelly, Howe and Terry','Incredible Granite Table','729',NULL,NULL,NULL,NULL,0,0,NULL,NULL,'2016-07-21 03:57:43','2016-07-21 03:57:43'),(157,'Model','Crooks-Friesen','Sleek Cotton Shoes',NULL,'In sint non animi earum aut itaque et dolorum.','Dolor libero ipsum harum est quidem praesentium eius.',NULL,NULL,2,0,'Quia et laborum et est praesentium quisquam sequi non.','Dolor quia nihil aut et reprehenderit enim incidunt.','2016-07-21 03:57:43','2016-07-21 03:57:43'),(158,'Model','Pollich Group','Intelligent Cotton Car','730','Quo quo vel sed eos neque doloribus vero.','Voluptatibus impedit exercitationem ea magni ipsam minus.',NULL,NULL,1,0,'Minus voluptatum eum et pariatur eligendi.','Quia consequatur dolores consequatur fuga officia vitae minima inventore.','2016-07-16 04:54:01','2016-07-16 04:54:01'),(159,'Model','Gutkowski, Bartell and Schaden','Ergonomic Concrete Pants','731','Perferendis inventore fugiat aspernatur expedita.','Architecto mollitia inventore in cupiditate voluptatem ex.',NULL,NULL,3,0,'Ut itaque id omnis.','Perspiciatis tempore provident facere maxime.','2016-07-16 04:54:01','2016-07-16 04:54:01'),(160,'Model','Quitzon, Kunde and O\'Hara','Awesome Steel Computer','732','Et fugit explicabo et amet quia alias.','Repellendus cupiditate amet velit hic.',NULL,NULL,0,0,'Illum rerum esse ipsam.','Placeat earum amet laborum et sunt.','2016-07-16 04:54:01','2016-07-16 04:54:01'),(161,'Model','Muller and Sons','Rustic Steel Table','733','Et quidem suscipit rerum aspernatur tempora aut voluptatem magnam.','Qui cumque iure et dolores est perferendis sunt.',NULL,NULL,0,0,'Voluptas cupiditate dolore et dolores ex harum vero commodi.','Accusantium voluptas provident nisi et.','2016-07-16 04:54:01','2016-07-16 04:54:01'),(162,'Model','Koss and Sons','Ergonomic Rubber Shoes','734','Eveniet sapiente voluptatem cupiditate et.','Porro eaque est rerum magnam odit ex atque.',NULL,NULL,3,0,'Consequatur quidem sint aut voluptatum repudiandae in.','Nam aut facere aut ut quidem est.','2016-07-16 04:54:01','2016-07-16 04:54:01'),(163,'Model','Lynch LLC','Gorgeous Rubber Gloves','735','Reiciendis debitis dolor voluptatum aspernatur.','Tempore facilis quo consequatur praesentium.',NULL,NULL,3,0,'Pariatur provident possimus eius sed quibusdam non quo rerum.','Autem ea officiis excepturi laboriosam cum sequi impedit.','2016-07-16 04:54:01','2016-07-16 04:54:01'),(164,'Model','Boyle Inc','Intelligent Concrete Pants','736','Rerum unde est eaque quidem.','Minus fugit voluptatibus qui aut et dolores.',NULL,NULL,1,0,'Porro est accusantium eligendi consectetur quis.','Alias aut aut ad doloremque error sunt.','2016-07-16 04:54:01','2016-07-16 04:54:01'),(165,'Model','Bogisich, Leuschke and Osinski','Awesome Concrete Hat','737','Voluptatem quod corrupti aperiam est.','Natus error dignissimos saepe.',NULL,NULL,0,0,'Ut qui cupiditate necessitatibus iusto ab alias.','At illo quibusdam qui voluptate nesciunt.','2016-07-16 04:54:01','2016-07-16 04:54:01'),(166,'Model','Kerluke, Jacobs and Abbott','Incredible Cotton Shoes','738','Delectus et et voluptate.','Sit natus iusto quam et.',NULL,NULL,3,0,'Magnam quibusdam delectus saepe.','Modi et earum non fugit dolor.','2016-07-16 04:54:01','2016-07-16 04:54:01'),(167,'Model','Bradtke Inc','Small Plastic Shoes','739','Consequatur illum voluptatum est omnis.','Alias qui consequatur sit ut eos.',NULL,NULL,3,0,'Dolorum fugit sed et assumenda.','Illo vero vel ullam consectetur id doloribus.','2016-07-16 04:54:02','2016-07-16 04:54:02'),(168,'Model','Hagenes-Parisian','Ergonomic Rubber Pants','740','Nam qui soluta illo ut voluptatem sint error.','Ratione aut itaque non porro quis accusamus.',NULL,NULL,3,0,'Accusamus placeat quia sunt.','Cum dolor eveniet porro et.','2016-07-16 04:54:02','2016-07-16 04:54:02'),(169,'Model','Gutkowski Group','Sleek Granite Shoes','741','Qui rerum et eligendi dolorum ea maiores ea illum.','Beatae est ab voluptatem et modi.',NULL,NULL,3,0,'Aut repudiandae qui nemo ea.','Labore et nihil velit ut.','2016-07-16 04:54:02','2016-07-16 04:54:02'),(170,'Model','Haley Group','Ergonomic Plastic Table','742','Voluptatem perferendis architecto nihil quis enim.','Temporibus et veniam est.',NULL,NULL,0,0,'Hic ex consequatur similique.','Magni totam ad quam.','2016-07-16 04:54:02','2016-07-16 04:54:02'),(171,'Model','Turner and Sons','Practical Cotton Car','743','Molestiae eligendi non delectus quod earum occaecati.','Labore laboriosam architecto repellat voluptates sunt.',NULL,NULL,1,0,'Dolor non aut tempora et aliquam.','Maxime consequatur voluptate enim.','2016-07-16 04:54:02','2016-07-16 04:54:02'),(172,'Model','Murphy, Parker and Mosciski','Fantastic Cotton Shirt','744','Nam repellendus earum vel quidem iure praesentium incidunt.','A nulla tempore vero quia nam quisquam facere ipsa.',NULL,NULL,0,0,'Velit necessitatibus est iure aut autem molestiae accusantium.','Nihil qui numquam eos mollitia voluptatum occaecati repellat officiis.','2016-07-16 04:54:02','2016-07-16 04:54:02'),(173,'Model','Moore, Mayert and Wolf','Intelligent Cotton Table','745','Commodi impedit aut id totam odit atque dolorem est.','Consequatur sapiente quis fugiat molestias sed aliquam.',NULL,NULL,1,0,'Ut nobis quaerat maxime atque et.','Sunt reiciendis optio et magnam corporis voluptatem.','2016-07-16 04:54:02','2016-07-16 04:54:02'),(174,'Model','Cummerata and Sons','Incredible Wooden Computer','746','Praesentium ut magnam voluptas.','Sed vel voluptatem voluptas autem non voluptatibus.',NULL,NULL,1,0,'Doloribus quibusdam vero repellat.','Dolor quia sint beatae voluptatem facilis sed animi.','2016-07-16 04:54:02','2016-07-16 04:54:02'),(175,'Model','Roob-Thiel','Gorgeous Concrete Chair','747','Quia accusantium et consectetur a harum itaque.','Quo hic eos et deserunt id nostrum vel similique.',NULL,NULL,0,0,'Harum et repellat numquam nam sit temporibus.','At nobis sint et similique aut tempore.','2016-07-16 04:54:02','2016-07-16 04:54:02'),(176,'Model','Weber-Eichmann','Fantastic Rubber Hat','748','Consequatur ducimus nisi laudantium ut est nihil molestiae id.','Necessitatibus tenetur provident molestias consequatur.',NULL,NULL,0,0,'Accusamus in consectetur corporis autem est quibusdam ut nam.','Mollitia quia voluptas ut.','2016-07-16 04:54:02','2016-07-16 04:54:02'),(177,'Model','Purdy-Dibbert','Incredible Cotton Table','749','Adipisci voluptas expedita quibusdam.','Non iste ipsum officia.',NULL,NULL,3,0,'Dolores rem a occaecati tenetur laborum.','Debitis sit ipsa provident necessitatibus aut labore ab consequatur.','2016-07-16 04:54:02','2016-07-16 04:54:02'),(178,'Model','Brakus LLC','Rustic Cotton Computer','750','Ea voluptatibus repellendus rem mollitia fuga sapiente aut enim.','Beatae quis nesciunt dolorum esse aut.',NULL,NULL,1,0,'Nihil ab provident eveniet sit.','Praesentium placeat rerum fugit.','2016-07-16 04:54:02','2016-07-16 04:54:02'),(179,'Model','Sporer-Veum','Incredible Concrete Pants','751','Excepturi distinctio ut dolor.','Eos ullam qui cumque.',NULL,NULL,0,0,'Aut sed at qui voluptatem et.','Aut eos omnis magnam quidem quibusdam.','2016-07-16 04:54:02','2016-07-16 04:54:02'),(180,'Model','Flatley-Schumm','Practical Wooden Gloves','752','Iste aliquam maiores repellendus molestias nisi quidem natus.','Recusandae minus ex asperiores omnis sapiente dignissimos incidunt fugiat.',NULL,NULL,0,0,'Maiores accusantium et eveniet praesentium numquam aut reprehenderit.','Officiis est repudiandae dolorem nisi.','2016-07-14 05:39:45','2016-07-14 05:39:45'),(181,'Model','Konopelski Inc','Fantastic Wooden Hat','753','Tenetur iste reprehenderit excepturi commodi odit et et itaque.','Corrupti qui cupiditate et.',NULL,NULL,0,0,'Dolore hic omnis dolorem.','Quam adipisci ab dolor ut asperiores optio sit.','2016-07-14 05:39:45','2016-07-14 05:39:45'),(182,'Model','Smitham, Bernhard and Luettgen','Sleek Rubber Chair','754','Maiores neque consequuntur voluptatum.','Dolor et vitae odio nobis est ea.',NULL,NULL,0,0,'Perspiciatis doloribus praesentium enim iste nam.','Soluta quo et est voluptatem delectus est laboriosam.','2016-07-14 05:39:45','2016-07-14 05:39:45'),(183,'Model','Dibbert-D\'Amore','Rustic Plastic Table','755','Similique soluta qui consequuntur natus illo dolores est odit.','Veritatis ex non quis culpa qui occaecati itaque.',NULL,NULL,3,0,'Veniam soluta ut deserunt.','Dolorem eaque sapiente ex nihil consequatur mollitia.','2016-07-14 05:39:45','2016-07-14 05:39:45'),(184,'Model','Batz Inc','Fantastic Concrete Hat','756','Architecto consequuntur qui suscipit et at quidem temporibus.','Aspernatur quaerat possimus dolores omnis saepe laudantium optio.',NULL,NULL,1,0,'Qui in rerum quas nesciunt.','Impedit praesentium labore quis numquam.','2016-07-20 21:51:15','2016-07-20 21:51:15'),(185,'Model','Towne Inc','Sleek Concrete Table','757','Fugit ipsum est illo animi sit.','Exercitationem sed aliquid enim est aut.',NULL,NULL,3,0,'Veritatis sunt nemo qui qui pariatur repellat eligendi est.','Itaque ipsum qui quam non rerum.','2016-07-20 21:51:15','2016-07-20 21:51:15'),(186,'Model','Prohaska LLC','Fantastic Steel Chair','758','Illum minus temporibus consequatur.','Veritatis molestiae minus maxime dolor aspernatur eius.',NULL,NULL,0,0,'Deleniti vitae beatae quaerat et impedit nostrum reprehenderit.','Nesciunt et sint perferendis.','2016-07-20 21:51:15','2016-07-20 21:51:15'),(187,'Model','Doyle, Streich and Stark','Intelligent Concrete Chair','759','Est assumenda ipsa molestias.','Et reprehenderit velit veritatis.',NULL,NULL,0,0,'Odio sed asperiores non aliquid et.','Error sit impedit cupiditate ab sed.','2016-07-20 21:51:15','2016-07-20 21:51:15'),(188,'Model','Batz Group','Awesome Concrete Car','760','Vel corrupti aut laborum non reprehenderit ea velit totam.','Dolores sunt qui laudantium totam.',NULL,NULL,1,0,'Minus suscipit et voluptatum debitis nulla consequatur minima.','Officiis est eum inventore deserunt enim quasi accusamus iusto.','2016-07-20 21:51:15','2016-07-20 21:51:15'),(189,'Model','Fisher Group','Ergonomic Granite Car','761','A quis sed animi laudantium dolorem est.','Error sit ut facilis sit necessitatibus beatae repellendus maiores.',NULL,NULL,1,0,'Inventore aspernatur provident mollitia hic sed aut.','Ut quis magnam reiciendis vel excepturi.','2016-07-20 21:51:15','2016-07-20 21:51:15'),(190,'Model','Terry-Torphy','Small Wooden Hat','762','Amet autem ipsum culpa.','Et exercitationem deserunt consequuntur tenetur porro ut.',NULL,NULL,1,0,'Dolore laboriosam quasi tenetur porro.','Ex iusto aut accusantium ea ipsa.','2016-07-20 21:51:15','2016-07-20 21:51:15'),(191,'Model','Thompson Group','Gorgeous Concrete Gloves','763','Numquam explicabo sit sequi perspiciatis error ipsum aspernatur cum.','Commodi nobis alias doloremque amet.',NULL,NULL,2,0,'Voluptates repudiandae illo perspiciatis.','Qui quae aut cum.','2016-07-20 21:51:15','2016-07-20 21:51:15'),(192,'Model','Cronin, Haag and Lockman','Small Steel Shoes','764','Pariatur qui et dolorem facilis necessitatibus sint voluptatum doloremque.','Deleniti alias officia exercitationem blanditiis.',NULL,NULL,2,0,'Sint accusamus impedit doloribus ut.','Qui modi et at.','2016-07-20 21:51:15','2016-07-20 21:51:15'),(193,'Model','Ullrich-Monahan','Gorgeous Cotton Car','765','Maxime est voluptate unde aut.','Harum nostrum ex ipsum illo.',NULL,NULL,2,0,'Aliquid rerum fugiat dolor id pariatur non.','Molestias dicta eum ratione.','2016-07-21 03:57:43','2016-07-21 03:57:43'),(194,'Model','MacGyver and Sons','Rustic Granite Hat','766','Quia dolor voluptatem aut consequatur illo libero ut aut.','Nostrum ex delectus omnis cumque tenetur rem pariatur.',NULL,NULL,3,0,'Quos ratione voluptate ut suscipit ullam.','Non itaque rerum dolore sed expedita.','2016-07-21 03:57:43','2016-07-21 03:57:43'),(195,'Model','Kihn Inc','Awesome Granite Shoes','767','Quia aut aliquid sed quia et fugit exercitationem voluptatibus.','Ullam repellendus occaecati aut sit aliquid aut fugiat.',NULL,NULL,1,0,'Tempora praesentium temporibus voluptatum fugiat saepe nihil.','Nesciunt accusamus adipisci deserunt.','2016-07-21 03:57:43','2016-07-21 03:57:43'),(196,'Model','Rippin-Runte','Sleek Plastic Table','768','Rerum eum aliquid sapiente.','Perspiciatis reprehenderit odit quo.',NULL,NULL,0,0,'Voluptates dolorem dolor a.','Autem reiciendis omnis incidunt voluptatem nihil.','2016-07-21 03:57:43','2016-07-21 03:57:43'),(197,'Model','Kovacek, Braun and Lang','Rustic Granite Pants','769','Adipisci et quasi voluptatem quia.','Quia sunt maxime non facere totam error in.',NULL,NULL,2,0,'Impedit et est voluptatem dicta rerum at dolorem.','Iusto eos sapiente quo quia.','2016-07-21 03:57:43','2016-07-21 03:57:43'),(198,'Model','Rice and Sons','Intelligent Granite Chair','770','Et ipsam possimus eos explicabo dolore ad reprehenderit amet.','Ullam perferendis architecto cumque.',NULL,NULL,2,0,'Sit et sed dicta.','Optio eveniet tempore et esse.','2016-07-21 03:57:43','2016-07-21 03:57:43'),(199,'Model','Wiegand Group','Sleek Granite Hat','771','Iure sequi esse in ipsam.','Tenetur sint cum dolores sed ut et qui velit.',NULL,NULL,1,0,'Reiciendis veritatis facilis accusantium nostrum iure saepe inventore.','Sunt assumenda aspernatur minus veritatis quis.','2016-07-21 03:57:43','2016-07-21 03:57:43'),(200,'Model','Heathcote and Sons','Rustic Concrete Hat','772','Sit quasi debitis quo non fugiat.','Et officia commodi debitis.',NULL,NULL,3,0,'Aut totam voluptatem perferendis quam voluptas delectus.','Voluptate sequi non et.','2016-07-21 03:57:43','2016-07-21 03:57:43'),(201,'Model','Little-Kris','Intelligent Granite Table','773','Assumenda aut hic ut non enim dolor.','Fugit voluptates necessitatibus vel.',NULL,NULL,0,0,'Eos et ut illo iste et cum molestias.','Modi earum voluptatibus omnis dolore rerum sunt.','2016-07-21 03:57:43','2016-07-21 03:57:43'),(202,'Model','Grady, Donnelly and Douglas','Fantastic Wooden Table','774','Iste dolor officiis cupiditate veritatis voluptatum.','Sapiente quaerat autem et modi earum porro.',NULL,NULL,2,0,'Laborum voluptas recusandae aut animi in quia laboriosam et.','Et voluptatum dolor est sed enim.','2016-07-21 03:57:43','2016-07-21 03:57:43'),(203,'Model','Hettinger, Stanton and Christiansen','Sleek Granite Table','775','Et provident dolorem ea quo fugiat quod itaque.','Commodi doloribus sapiente consequatur consequuntur.',NULL,NULL,2,0,'Et dolorem eveniet non amet ut doloremque laborum sed.','Sed nisi porro cumque.','2016-07-21 03:57:43','2016-07-21 03:57:43'),(204,'Model','Herman and Sons','Intelligent Wooden Gloves','776','Voluptates iste dicta voluptatem atque.','Provident ut doloremque modi itaque labore.',NULL,NULL,3,0,'In voluptas vitae molestiae qui delectus.','Commodi consequuntur odio dicta.','2016-07-21 03:57:43','2016-07-21 03:57:43'),(205,'Model','Kuhlman LLC','Rustic Cotton Hat','777','Magni laborum rerum quos impedit est similique.','Dolores deleniti eum quis aspernatur.',NULL,NULL,2,0,'Eligendi laboriosam eum quia assumenda commodi sunt molestiae.','Ut eos quaerat quidem non.','2016-07-21 03:57:43','2016-07-21 03:57:43'),(206,'Model','Davis, Mueller and Stamm','Ergonomic Concrete Car','778','Nostrum nesciunt numquam molestiae nam.','Voluptatem non facilis ut repudiandae qui tempore velit distinctio.',NULL,NULL,1,0,'Enim nesciunt suscipit aut distinctio vel.','Nisi dolores accusantium ex quaerat facilis.','2016-07-21 03:57:43','2016-07-21 03:57:43'),(207,'Model','Wuckert-Morissette','Ergonomic Plastic Shirt','779','Quo et est aut.','Distinctio minima asperiores et quisquam in omnis.',NULL,NULL,0,0,'Consequatur dolores cum reiciendis magni sunt a.','Nam non provident sit.','2016-07-21 03:57:43','2016-07-21 03:57:43'),(208,'Model','Predovic-Weissnat','Ergonomic Plastic Hat','780','Rem sed cumque sit quod explicabo.','Impedit consequatur voluptas omnis quasi est mollitia commodi accusantium.',NULL,NULL,3,0,'Ut illum autem nemo perferendis autem numquam eligendi voluptas.','Ducimus adipisci eum magni ad amet praesentium beatae consequuntur.','2016-07-21 03:57:43','2016-07-21 03:57:43'),(209,'Model','Wilderman-Lesch','Practical Wooden Chair','781','Sequi saepe consectetur laudantium odit necessitatibus.','Omnis qui inventore perspiciatis qui tempora voluptas.',NULL,NULL,3,0,'Ea quasi expedita accusantium perferendis veritatis debitis temporibus incidunt.','Aut ducimus repellat eaque dicta dolores sint.','2016-07-21 03:57:43','2016-07-21 03:57:43'),(210,'Model','Towne Group','Awesome Cotton Car','782','Sequi est alias quas aperiam voluptate accusamus rerum.','Doloremque et velit nisi odit vel asperiores.',NULL,NULL,2,0,'Repellendus eum voluptate neque omnis.','Distinctio magni nisi enim possimus autem aperiam repellendus facilis.','2016-07-21 03:57:43','2016-07-21 03:57:43'),(211,'Model','Kohler, Murray and Hartmann','Small Plastic Chair','783','Laudantium minima nisi eum cupiditate provident.','Asperiores et eum ullam.',NULL,NULL,0,0,'Provident ipsum quod enim.','Veniam nesciunt ipsam dolor.','2016-07-21 03:57:43','2016-07-21 03:57:43'),(212,'Model','Ortiz-Boehm','Small Granite Table','785','Qui enim dolore dignissimos quisquam ut alias libero maxime.','Sed possimus dolores magnam quia inventore dolor enim.',NULL,NULL,0,0,'Doloribus suscipit culpa iusto quis.','Voluptas non ut facere ut fugit.','2016-07-21 03:57:43','2016-07-21 03:57:43'),(213,'Software','Jacobi-Maggio','Small Plastic Computer','787',NULL,NULL,NULL,NULL,0,0,NULL,NULL,'2016-07-21 03:57:43','2016-07-21 03:57:43'),(214,'Model','Harvey, Dach and Mayer','Rustic Concrete Computer','788','Eos est molestias amet.','Suscipit necessitatibus veniam velit.',NULL,NULL,3,0,'Modi sit commodi impedit voluptatem.','Facere reiciendis voluptatibus praesentium est nobis ut officia.','2016-07-16 00:00:00','2016-07-16 00:00:00'),(215,'Model','Gulgowski Group','Sleek Concrete Hat','789','Officia libero vel harum consequatur ad.','Fugiat vero fugit enim sunt ut et.',NULL,NULL,1,0,'Ipsam provident ad eius error est.','Quam sunt velit autem reprehenderit earum eius.','2016-07-16 00:00:00','2016-07-16 00:00:00'),(216,'Model','Hickle, Hagenes and Bosco','Ergonomic Wooden Gloves','790','Aut et consequatur aliquam asperiores tempore commodi in.','Optio qui explicabo ipsum ab eligendi eveniet.',NULL,NULL,2,0,'Ut molestiae est eligendi blanditiis velit ducimus possimus beatae.','Ut fugiat quia voluptas quaerat quia aliquid.','2016-07-16 00:00:00','2016-07-16 00:00:00'),(217,'Model','Berge, Effertz and Berge','Awesome Granite Table','791','Harum nostrum odit nemo asperiores.','Cumque laudantium voluptatem et tempore eveniet voluptates eum.',NULL,NULL,2,0,'Iste optio vel voluptate voluptatem labore totam.','Voluptatem id similique sequi.','2016-07-16 00:00:00','2016-07-16 00:00:00'),(218,'Model','Cronin, Stehr and Metz','Gorgeous Concrete Table','793','Sit est consectetur dolorum omnis aspernatur amet.','Expedita dolorem dolor id praesentium alias accusamus repudiandae.',NULL,NULL,0,0,'Sint dicta numquam aliquid expedita ullam repellendus.','Sit repellat delectus nihil magni ut corrupti.','2016-07-21 03:57:43','2016-07-21 03:57:43'),(219,'Model','Thompson-DuBuque','Incredible Plastic Shoes','794','Unde cupiditate quo rerum eos enim sequi.','Harum et molestias perspiciatis odit culpa.',NULL,NULL,1,0,'Fuga nihil quis quaerat qui repellendus rerum quibusdam.','Ut suscipit eum vel consequuntur ratione eaque perferendis.','2016-07-21 03:57:43','2016-07-21 03:57:43'),(220,'Model','McCullough-Mosciski','Ergonomic Concrete Chair','795','Qui animi temporibus aut autem ea alias eum.','Voluptatem ut accusantium nostrum aut.',NULL,NULL,2,0,'Perspiciatis recusandae qui corrupti ut est quam sapiente.','Unde sed laboriosam nihil porro iure deleniti rerum.','2016-07-21 03:57:43','2016-07-21 03:57:43'),(221,'Model','Rippin LLC','Small Wooden Table','796','Qui laboriosam atque possimus.','Vitae incidunt maxime commodi.',NULL,NULL,2,0,'Laboriosam quo dolorem tenetur commodi facere quia occaecati.','Animi voluptatem odio eveniet eos unde.','2016-07-21 03:57:43','2016-07-21 03:57:43'),(222,'Model','Schumm-Lemke','Small Rubber Shoes','797','Quod et reiciendis non laborum possimus natus et.','Sed consectetur laborum harum laboriosam facere.',NULL,NULL,3,0,'Repellendus aspernatur cumque blanditiis qui occaecati eum sed modi.','Earum recusandae dicta ducimus et.','2016-07-21 03:57:43','2016-07-21 03:57:43'),(223,'Model','Weber, Walsh and Nolan','Gorgeous Plastic Car','798','Delectus ut quia sit.','Eveniet doloremque voluptatem dolores pariatur dolor quaerat doloribus illum.',NULL,NULL,2,0,'Eligendi quis sunt voluptatibus velit rem.','Qui ut vel maxime omnis voluptatem.','2016-07-21 03:57:43','2016-07-21 03:57:43'),(224,'Model','Abernathy-Bartell','Ergonomic Wooden Shirt','799','Aut sit ut voluptatem eius perferendis aut.','Modi totam voluptatibus qui perspiciatis ullam.',NULL,NULL,3,0,'Optio qui eaque cumque libero repellat molestias.','Nobis et laborum minus sit fugit.','2016-07-21 03:57:43','2016-07-21 03:57:43'),(225,'Model','Abernathy LLC','Sleek Granite Shirt','800','Laudantium suscipit voluptatem ea quae ipsum vitae.','Voluptatum excepturi nisi necessitatibus consectetur.',NULL,NULL,3,0,'Non voluptas molestiae fuga.','Sed in aut unde libero quasi sit aut.','2016-07-21 03:57:43','2016-07-21 03:57:43'),(226,'Model','Jacobi-Gutkowski','Practical Concrete Pants','801','Impedit non dolor sint inventore sit voluptatem ab.','Quaerat consequuntur in est sapiente id veniam accusamus.',NULL,NULL,1,0,'Autem qui porro nemo et necessitatibus.','Officia aliquam velit quia eum nihil provident enim est.','2016-07-21 03:57:43','2016-07-21 03:57:43'),(227,'Model','Schamberger and Sons','Sleek Steel Chair','802','Enim est quia odit ab.','Deserunt et laboriosam provident.',NULL,NULL,2,0,'Est quia qui eos.','Aspernatur exercitationem dolores unde.','2016-07-21 03:57:43','2016-07-21 03:57:43'),(228,'Model','Price LLC','Ergonomic Granite Table','803','Sint quia sed inventore labore est quaerat.','Debitis consequatur reiciendis asperiores rerum est eligendi in quam.',NULL,NULL,0,0,'Voluptatem sunt enim voluptatem similique.','Quam error accusamus nobis.','2016-07-21 03:57:43','2016-07-21 03:57:43'),(229,'Model','Cronin, Waelchi and Johnston','Sleek Rubber Car','804','Sunt est libero voluptas.','Commodi eveniet necessitatibus molestiae atque.',NULL,NULL,2,0,'Et cum quo et et optio ab.','Repellat quos et aliquam commodi.','2016-07-21 03:57:43','2016-07-21 03:57:43'),(230,'Model','Sporer-Lueilwitz','Incredible Plastic Computer','805','Eos provident non ipsum.','Et inventore expedita odit aliquam ratione ad officiis est.',NULL,NULL,3,0,'Facilis cum provident consectetur aspernatur at.','Soluta optio possimus totam molestias.','2016-07-21 03:57:43','2016-07-21 03:57:43'),(231,'Model','Zemlak Group','Sleek Concrete Computer','806','Quas sint rerum provident quis ut sint necessitatibus.','Mollitia ut omnis aut cum est.',NULL,NULL,0,0,'Architecto porro laudantium quod mollitia vel ea in.','Voluptatem omnis iure quod distinctio autem.','2016-07-21 03:57:43','2016-07-21 03:57:43'),(232,'Model','Pouros, Cronin and Wolff','Awesome Rubber Car','807','Quasi qui ut ipsam ea eum hic fugiat sit.','Sint doloribus asperiores cumque.',NULL,NULL,2,0,'Labore accusantium quia minus quidem.','Molestiae vitae inventore reiciendis.','2016-07-21 03:57:43','2016-07-21 03:57:43'),(233,'Model','Huel LLC','Incredible Wooden Car','808','Debitis dolores voluptatem officia in aliquam nihil enim.','Aspernatur voluptatibus eveniet et occaecati.',NULL,NULL,0,0,'Qui sequi praesentium vel perspiciatis dolor earum.','Id aspernatur nisi impedit tempore.','2016-07-21 03:57:43','2016-07-21 03:57:43'),(234,'Model','Schowalter, Rodriguez and Morissette','Sleek Plastic Hat','809','Rerum qui ea id quae fugit.','Non esse doloremque labore.',NULL,NULL,3,0,'Eveniet molestiae quibusdam maxime qui consequatur sit.','Illum quia animi saepe aut similique eos facilis soluta.','2016-07-16 00:00:00','2016-07-16 00:00:00'),(235,'Model','Powlowski Group','Small Cotton Chair','810','Itaque quae optio occaecati.','Consectetur adipisci aspernatur recusandae odit id ipsum nostrum.',NULL,NULL,3,0,'Eveniet et velit doloremque enim doloribus.','Sit fuga voluptatem enim.','2016-07-16 00:00:00','2016-07-16 00:00:00'),(236,'Model','Lemke, Cremin and Raynor','Small Granite Pants','811','Vel repudiandae et unde quos blanditiis soluta consequatur.','Rem sit voluptatibus quos et quae enim ut voluptas.',NULL,NULL,3,0,'Explicabo sit et sunt laboriosam quidem accusamus quas.','Et rerum qui placeat vel.','2016-07-16 00:00:00','2016-07-16 00:00:00'),(237,'Model','Schimmel, Lind and Schowalter','Ergonomic Cotton Shoes','812','Autem velit illo totam.','Veritatis ut aperiam et quibusdam quisquam et dolores fugit.',NULL,NULL,3,0,'Exercitationem quasi sapiente repudiandae.','Ut optio commodi et laborum voluptatem dolore qui autem.','2016-07-16 00:00:00','2016-07-16 00:00:00'),(238,'Model','Mayer, Hoppe and Kuhn','Gorgeous Rubber Hat','813','Sed unde et distinctio.','Praesentium in ut voluptatibus.',NULL,NULL,2,0,'Quia quidem exercitationem nihil minus et unde pariatur.','Ab enim magnam totam at nesciunt.','2016-07-21 03:57:43','2016-07-21 03:57:43'),(239,'Model','Sauer and Sons','Small Wooden Shirt','814','Corrupti odio tenetur et quas voluptates dolorem aut et.','Eius aut incidunt fuga quis facilis deserunt.',NULL,NULL,0,0,'Facilis non eos ad exercitationem dolores.','Iure eum quia non aliquid repudiandae a.','2016-07-21 03:57:43','2016-07-21 03:57:43'),(240,'Model','Parisian, Hand and Huel','Intelligent Steel Table','815','Sit quis et qui occaecati.','Libero delectus et dolorum.',NULL,NULL,1,0,'Nesciunt eligendi quo quas corrupti delectus.','Illum est quibusdam debitis voluptatum sint id.','2016-07-21 03:57:43','2016-07-21 03:57:43'),(241,'Model','Borer Inc','Sleek Granite Computer','816','Molestiae est est veritatis ut.','Soluta corrupti aut temporibus mollitia architecto.',NULL,NULL,1,0,'Ex corporis velit eum deleniti accusamus rem asperiores.','Quo accusantium impedit animi.','2016-07-21 03:57:43','2016-07-21 03:57:43'),(242,'Model','Torphy Group','Practical Steel Car','817','Amet dignissimos veniam eaque possimus quod necessitatibus.','Et sequi veritatis voluptatem minima et.',NULL,NULL,2,0,'Tempore officia quia quos atque velit nemo.','A similique et quia enim temporibus autem iure.','2016-07-21 03:57:43','2016-07-21 03:57:43'),(243,'Model','Bosco, Williamson and Borer','Intelligent Rubber Chair','818','Sapiente exercitationem consequatur sequi eos doloribus itaque.','At repellendus consequuntur ullam.',NULL,NULL,2,0,'Velit harum possimus quidem enim veritatis ex illo.','Neque et corporis sit ullam architecto libero iste praesentium.','2016-07-21 03:57:43','2016-07-21 03:57:43'),(244,'Model','Schaefer, Wiegand and Heidenreich','Sleek Rubber Computer','819','Dolore optio et doloremque totam quo.','Eaque nostrum vero ex nihil.',NULL,NULL,2,0,'Quis expedita harum magnam.','Nam soluta enim rerum.','2016-07-21 03:57:43','2016-07-21 03:57:43'),(245,'Model','Schinner Inc','Intelligent Concrete Hat','820','Voluptas qui cum qui sit voluptatem.','Accusantium maiores voluptatem ea magni atque.',NULL,NULL,0,0,'Dignissimos repudiandae quo magni aliquid placeat et.','Sed voluptas dolore id.','2016-07-21 03:57:43','2016-07-21 03:57:43'),(246,'Model','McCullough-Brown','Fantastic Wooden Computer','821','Nobis tempore fugiat praesentium aut eligendi rem occaecati.','Suscipit aperiam sint quod quam at reiciendis rerum.',NULL,NULL,0,0,'Voluptatibus quis esse praesentium velit ut quia.','Eum quasi eos ut tempore tempora aperiam voluptatem facilis.','2016-07-21 03:57:43','2016-07-21 03:57:43'),(247,'Model','Kutch, Kerluke and Bernhard','Fantastic Granite Table','822','Ea velit eum quia accusamus blanditiis natus adipisci cum.','Sit doloribus sit excepturi.',NULL,NULL,3,0,'Enim magnam unde a architecto qui.','Quia et aut nemo blanditiis unde.','2016-07-21 03:57:43','2016-07-21 03:57:43'),(248,'Model','Robel, Crist and Marquardt','Sleek Granite Gloves','823','Vero molestiae vel voluptatem odio ut natus reprehenderit sit.','Impedit voluptatem reiciendis cumque ut pariatur minima aut maiores.',NULL,NULL,0,0,'Voluptas eos perferendis repellat consequatur ea vitae.','Sed iusto qui rem a voluptatem.','2016-07-21 03:57:43','2016-07-21 03:57:43'),(249,'Model','Lockman-Predovic','Fantastic Steel Computer','824','Architecto dignissimos odit natus aut suscipit eaque.','Ut ut dolor quis aliquam velit eveniet consequatur.',NULL,NULL,3,0,'Eos hic eligendi ducimus aut eius culpa numquam.','Modi unde et fuga reprehenderit dignissimos quod quidem et.','2016-07-21 03:57:43','2016-07-21 03:57:43'),(250,'Model','Willms-Bartell','Sleek Granite Pants','825','Eum assumenda magni et in unde possimus.','Necessitatibus harum velit nam et nulla voluptas.',NULL,NULL,1,0,'Et ipsum libero rerum facilis et.','Natus sed sit recusandae et voluptas.','2016-07-21 03:57:43','2016-07-21 03:57:43'),(251,'Model','Renner, Romaguera and Langosh','Gorgeous Wooden Table','826','Dolor vel velit qui est dolore porro sit.','Distinctio ab nisi nam odit ex voluptatum quaerat.',NULL,NULL,1,0,'Itaque quae sed voluptates iusto magnam.','Earum ea autem quis corrupti aliquam nobis cumque.','2016-07-21 03:57:43','2016-07-21 03:57:43'),(252,'Model','Armstrong-Stokes','Rustic Rubber Gloves','827','Expedita eos tenetur necessitatibus dolores.','Dolores et doloremque provident perferendis non ut repellendus occaecati.',NULL,NULL,0,0,'Architecto molestiae velit deserunt dolorum nemo.','Veniam rem ex autem nostrum aut id.','2016-07-21 03:57:43','2016-07-21 03:57:43'),(253,'Model','Stamm, Moore and Lowe','Gorgeous Steel Chair','828','Quibusdam earum quidem ex quia ipsa in autem.','Et minima et ab maxime inventore.',NULL,NULL,0,0,'Sed dolor corrupti voluptate similique et doloribus vero.','Possimus adipisci est maiores hic aliquam aut reiciendis.','2016-07-21 03:57:43','2016-07-21 03:57:43'),(254,'Model','Schimmel-Gutkowski','Intelligent Rubber Shirt','829','Nihil sint quod aut voluptatem.','Adipisci accusantium voluptas rem tempore.',NULL,NULL,0,0,'Aliquam labore voluptatem laborum porro explicabo officia nihil atque.','Dolor voluptatem aspernatur et maxime minus eos eius rerum.','2016-07-21 03:57:43','2016-07-21 03:57:43'),(255,'Model','Ebert, Moore and Durgan','Sleek Cotton Chair','830','Voluptatum molestiae voluptates quos incidunt facilis et rerum soluta.','Aut aut ad eveniet sed.',NULL,NULL,2,0,'Deserunt qui cum ea vel sed.','Accusantium et eveniet facere porro temporibus quia.','2016-07-21 03:57:43','2016-07-21 03:57:43'),(256,'Model','Ferry, Schmeler and Heidenreich','Rustic Steel Computer','831','Quo ut voluptatem dignissimos aut blanditiis omnis tempore.','Et dignissimos quis iure porro dolor nulla.',NULL,NULL,3,0,'Eos similique dicta doloribus a.','Aut dolores modi corrupti quas molestiae et cum ipsa.','2016-07-21 03:57:43','2016-07-21 03:57:43'),(257,'Model','Skiles, Walsh and Pagac','Sleek Plastic Computer','832','Temporibus ipsum et ea nostrum quo non nihil.','Et veritatis nemo dolorum voluptatibus sed.',NULL,NULL,2,0,'Tempore qui quia ut consequatur dolore.','Minus dicta non doloribus id praesentium asperiores neque et.','2016-07-21 03:57:43','2016-07-21 03:57:43'),(258,'Model','Schinner Group','Ergonomic Plastic Shoes','833','Ut repudiandae dolores ratione.','Quo omnis repudiandae dolore odit et rerum.',NULL,NULL,0,0,'Similique consectetur asperiores et natus libero et dolorem.','Voluptatem nostrum in qui.','2016-07-21 03:57:43','2016-07-21 03:57:43'),(259,'Model','Torp Inc','Intelligent Steel Chair','834','Est dolor consequatur nihil debitis in et.','Quae non est omnis quia repudiandae rerum.',NULL,NULL,1,0,'Voluptatem et expedita neque quia aperiam.','Laborum ut libero omnis temporibus voluptas.','2016-07-21 03:57:43','2016-07-21 03:57:43'),(260,'Model','Schuppe and Sons','Rustic Plastic Shoes','835','Possimus non eligendi id asperiores molestiae voluptas.','Eos temporibus ipsam non et.',NULL,NULL,1,0,'Odit fugiat officiis neque sunt non.','Est esse ipsam totam quibusdam et ut.','2016-07-21 03:57:43','2016-07-21 03:57:43'),(261,'Model','Nolan-Kerluke','Gorgeous Cotton Computer','836','Omnis adipisci quae earum et ut aliquam.','Nobis sequi aut occaecati est aut quam.',NULL,NULL,2,0,'Sit dolorem iure laboriosam quas.','Ullam vitae et quibusdam animi eveniet aut dicta fugit.','2016-07-21 03:57:43','2016-07-21 03:57:43'),(262,'Model','Waters-Bergstrom','Awesome Concrete Computer','837','Sunt sapiente quia quibusdam qui iusto sed ut harum.','Veniam expedita eaque tempora non.',NULL,NULL,0,0,'Nobis quidem maiores mollitia dicta esse ipsam.','Consequatur sequi autem deserunt debitis.','2016-07-21 03:57:43','2016-07-21 03:57:43'),(263,'Model','O\'Hara and Sons','Small Rubber Computer','838','Omnis fugit omnis natus architecto illo sunt quia et.','Excepturi iure nobis at est voluptas enim quo.',NULL,NULL,3,0,'Eos cum debitis eligendi qui voluptate aliquid voluptatibus molestiae.','Eligendi reiciendis totam libero voluptates omnis inventore recusandae aut.','2016-07-21 03:57:43','2016-07-21 03:57:43'),(264,'Model','Zulauf Group','Fantastic Granite Gloves','839','Distinctio molestiae rerum quia eligendi aspernatur ut.','Corporis consequatur vitae eum ut.',NULL,NULL,0,0,'Aut deserunt ut eaque.','Ab eligendi dolorem quibusdam voluptatem.','2016-07-21 03:57:43','2016-07-21 03:57:43'),(265,'Model','Graham-Brekke','Sleek Concrete Car','840','Nihil quis sapiente recusandae.','At repellendus expedita autem omnis.',NULL,NULL,2,0,'Quidem voluptatem quisquam voluptas temporibus.','Reiciendis omnis consequatur consequatur vero illum veritatis.','2016-07-21 03:57:43','2016-07-21 03:57:43'),(266,'Model','Gleason Inc','Rustic Plastic Shirt','841','Iusto fuga et magni quia incidunt non consequatur.','Sed et similique autem qui minus.',NULL,NULL,0,0,'Laboriosam consequatur odit ut.','Molestiae aliquam sequi voluptate neque molestias reprehenderit eligendi eum.','2016-07-21 03:57:43','2016-07-21 03:57:43'),(267,'Model','Hammes-Walker','Incredible Wooden Hat','842','Dignissimos rem autem excepturi.','Optio minima maiores eligendi et.',NULL,NULL,3,0,'Laboriosam facilis temporibus nihil ea.','Iusto minima nisi autem dolorem.','2016-07-21 03:57:43','2016-07-21 03:57:43'),(268,'Model','Kertzmann-Jaskolski','Practical Steel Shirt','843','Adipisci laborum corrupti et consectetur quibusdam qui aut.','Repellat nobis non nihil est.',NULL,NULL,0,0,'Qui et corrupti accusamus ipsam quia ut.','Beatae saepe repellendus vel maiores dignissimos totam tempora ipsum.','2016-07-21 03:57:43','2016-07-21 03:57:43'),(269,'Model','Lesch LLC','Intelligent Plastic Pants','844','Cupiditate voluptatem aut aut natus dolorem praesentium quibusdam.','Delectus tempora illo perferendis quia.',NULL,NULL,1,0,'Quos nihil inventore optio.','Quia ullam cumque dolore quo cupiditate modi est sunt.','2016-07-21 03:57:43','2016-07-21 03:57:43'),(270,'Model','Kertzmann, Crona and Fritsch','Gorgeous Cotton Shirt','845','Voluptate maiores dolorem rerum enim unde odio quasi.','Ipsum quia minima eos quo iusto maiores.',NULL,NULL,2,0,'Ex temporibus sed qui officia.','Neque hic dolorum illum explicabo.','2016-07-21 03:57:43','2016-07-21 03:57:43'),(271,'Model','Sipes LLC','Small Rubber Hat','846','Sequi reiciendis doloribus consequatur.','Modi consectetur magni rerum.',NULL,NULL,0,0,'Dolore rerum aperiam debitis impedit nulla molestiae.','Quos quisquam nemo inventore explicabo vel doloremque ut esse.','2016-07-21 03:57:43','2016-07-21 03:57:43'),(272,'Model','Ernser-Runte','Incredible Wooden Pants','847','Architecto qui vero quae non.','Ut quia occaecati quo.',NULL,NULL,1,0,'Maiores debitis rerum quasi necessitatibus sit illo praesentium.','Eaque facilis quia a doloribus maiores repellat ab impedit.','2016-07-21 03:57:43','2016-07-21 03:57:43'),(273,'Model','Dach-Ledner','Awesome Wooden Shoes','848','Facere at aut dolorem aliquid.','Nihil unde et maiores nemo vel sed laboriosam.',NULL,NULL,2,0,'Sed id necessitatibus delectus autem dignissimos qui amet voluptatibus.','Et ipsa voluptatibus velit unde assumenda architecto itaque omnis.','2016-07-21 03:57:43','2016-07-21 03:57:43'),(274,'Model','Larson, Cremin and Christiansen','Fantastic Wooden Car','849','Molestias ut eaque sint consequuntur.','Aut ea ipsum qui dolor quia ad rerum placeat.',NULL,NULL,3,0,'Et ad repudiandae dicta.','Aspernatur sit hic eveniet deserunt est et modi dolor.','2016-07-21 03:57:43','2016-07-21 03:57:43'),(275,'Model','Parker, Bogisich and Fadel','Rustic Steel Pants','850','Vitae ab voluptatibus et quaerat dolorem repellendus.','Voluptatem ipsa maiores dolorum ut corporis nam impedit.',NULL,NULL,2,0,'Mollitia vero quo est enim ut rem aliquid.','Beatae rem deserunt commodi aliquid.','2016-07-21 03:57:43','2016-07-21 03:57:43'),(276,'Model','Beier-Blick','Rustic Steel Chair','851','Illo eos saepe iusto doloremque.','Non natus commodi ab magni voluptatem.',NULL,NULL,2,0,'Ullam explicabo id voluptatibus ducimus eos qui.','Nulla ea debitis optio placeat dolor ullam est quaerat.','2016-07-21 03:57:43','2016-07-21 03:57:43'),(277,'Model','Mayer-Bogisich','Small Rubber Car','852','Nihil eaque et laborum corporis.','Recusandae aut ullam tempore quod id ut aperiam.',NULL,NULL,3,0,'Id animi adipisci nulla culpa quo.','Autem rerum voluptas reiciendis in voluptate quod iusto facilis.','2016-07-21 03:57:43','2016-07-21 03:57:43'),(278,'Model','Simonis, Stokes and Nolan','Awesome Plastic Table','853','Aliquam maiores et minus et sed cum sit.','Qui natus autem praesentium illo non.',NULL,NULL,3,0,'Delectus et quia maiores laboriosam consequuntur iure perspiciatis dolore.','Explicabo sit sed iusto possimus rerum sint accusamus.','2016-07-21 03:57:43','2016-07-21 03:57:43'),(279,'Model','Kling and Sons','Rustic Steel Shoes','854','Fugiat explicabo dignissimos nihil nemo porro enim.','Ipsam quis vitae commodi doloremque vel laudantium repellendus.',NULL,NULL,2,0,'Itaque hic porro repellat est distinctio labore consectetur doloribus.','Inventore natus dicta perferendis culpa maiores blanditiis.','2016-07-21 03:57:43','2016-07-21 03:57:43'),(280,'Model','Daniel LLC','Rustic Rubber Computer','855','Aliquid ut eum sed esse.','Aperiam quibusdam adipisci rem explicabo est et.',NULL,NULL,3,0,'Pariatur fugiat molestiae alias.','Iure ex est vero incidunt totam quod maiores.','2016-07-21 03:57:43','2016-07-21 03:57:43'),(281,'Model','Yost and Sons','Sleek Steel Computer','856','Deleniti expedita ullam eum odio velit ut sit.','Occaecati enim ut earum ea fugit maiores minus laboriosam.',NULL,NULL,1,0,'Perspiciatis sunt velit vero aliquid molestiae autem reiciendis.','Voluptas est porro fugit et voluptatibus asperiores.','2016-07-21 03:57:43','2016-07-21 03:57:43'),(282,'Model','Jerde, Wolff and Langosh','Small Rubber Gloves','857','Dolorum dolores voluptatem quo dolorem.','Maiores tempore eum nihil omnis sed quos similique omnis.',NULL,NULL,2,0,'Dolor ut aperiam aspernatur.','Est est ut vel quia voluptates et.','2016-07-21 03:57:43','2016-07-21 03:57:43'),(283,'Model','Yundt, Zulauf and Mayert','Practical Plastic Hat','858','Qui laboriosam provident ipsum consectetur minus cupiditate et ut.','Repellat ut voluptate eum nihil natus incidunt assumenda autem.',NULL,NULL,1,0,'Quia et nihil necessitatibus optio eligendi.','Beatae voluptas totam dolores ab nobis nulla in.','2016-07-21 03:57:43','2016-07-21 03:57:43'),(284,'Model','Gaylord-Funk','Sleek Cotton Car','859','Vitae quae beatae assumenda deleniti dolores.','Fugit soluta suscipit necessitatibus sit et quis.',NULL,NULL,3,0,'Neque cum velit eum autem quasi dolor aliquid.','Labore vel rerum est voluptas.','2016-07-21 03:57:43','2016-07-21 03:57:43'),(285,'Model','Abshire, Emard and Farrell','Small Cotton Table','860','Totam dolor ratione itaque.','Error ut molestias quis doloremque ratione voluptas.',NULL,NULL,2,0,'Eius rerum libero architecto nostrum itaque velit.','Quia quia nihil et.','2016-07-21 03:57:43','2016-07-21 03:57:43'),(286,'Model','Wuckert-Schroeder','Awesome Concrete Chair','861','Consequatur et eos officia voluptas debitis minima impedit.','Consectetur dolorem quia minus deleniti neque nulla sed et.',NULL,NULL,0,0,'Laborum et et et culpa.','Voluptate eum ut omnis laudantium modi commodi molestias dolor.','2016-07-21 03:57:43','2016-07-21 03:57:43'),(287,'Model','Smith Inc','Practical Steel Hat','862','Deserunt commodi repudiandae inventore a.','Qui omnis possimus ut aliquid est vero.',NULL,NULL,2,0,'Corporis qui eum corrupti qui aut nesciunt id.','Et nihil fugiat nemo delectus.','2016-07-21 03:57:43','2016-07-21 03:57:43'),(288,'Model','O\'Keefe LLC','Fantastic Rubber Car','863','Harum repudiandae nihil et rem est vel.','Voluptas iure debitis officiis.',NULL,NULL,1,0,'Consequatur ratione inventore at.','Non provident debitis numquam corrupti quos molestiae quis.','2016-07-21 03:57:43','2016-07-21 03:57:43'),(289,'Model','Wunsch-Little','Incredible Rubber Chair','864','Saepe explicabo quod aspernatur modi esse omnis.','Laborum commodi laboriosam sint.',NULL,NULL,0,0,'Impedit eum cumque consequatur beatae aut qui praesentium dicta.','Quaerat et aut rerum unde odit.','2016-07-21 03:57:43','2016-07-21 03:57:43'),(290,'Model','Heidenreich-Wehner','Practical Wooden Table','865','Qui cum quia amet neque praesentium.','Consectetur facilis sit saepe dicta blanditiis.',NULL,NULL,2,0,'Voluptates consequatur omnis aut odio.','Cum sunt qui qui eveniet et vel enim earum.','2016-07-21 03:57:43','2016-07-21 03:57:43'),(291,'Model','Bashirian-Rice','Awesome Wooden Hat','866','Quis qui velit voluptate temporibus aut voluptatem omnis.','Et est in iusto et est eaque maxime consequatur.',NULL,NULL,0,0,'Nisi ad magni ullam totam enim eveniet excepturi consequatur.','Dicta aut veniam impedit labore voluptas magni.','2016-07-21 03:57:43','2016-07-21 03:57:43'),(292,'Model','Bayer LLC','Gorgeous Plastic Gloves','867','Sit porro voluptatem neque.','Dolores quos quam repudiandae dolore excepturi iure.',NULL,NULL,1,0,'Repellat blanditiis reprehenderit ipsam quia consequatur quam quas consectetur.','Sit doloremque necessitatibus porro.','2016-07-21 03:57:43','2016-07-21 03:57:43'),(293,'Model','Kirlin-Goyette','Awesome Steel Table','868','Assumenda et maxime corporis cum aut velit deleniti.','Ea quae quia praesentium consequatur temporibus delectus omnis.',NULL,NULL,2,0,'Provident perspiciatis pariatur officiis hic consequuntur.','Qui exercitationem unde eum qui.','2016-07-21 03:57:43','2016-07-21 03:57:43'),(294,'Model','Runte and Sons','Practical Granite Gloves','869','Et maxime omnis sed eum explicabo ipsum inventore.','Dolor sit soluta sapiente dolores eius sed enim quas.',NULL,NULL,1,0,'Ut et omnis corporis neque repellendus.','Impedit autem delectus assumenda et voluptatibus non.','2016-07-21 03:57:43','2016-07-21 03:57:43'),(295,'Model','Cruickshank, Windler and Upton','Sleek Granite Chair','870','Rerum qui atque et officia voluptatum.','Eos molestias dolor qui.',NULL,NULL,0,0,'Et deserunt quo nam pariatur amet et.','Ut enim exercitationem officiis quia aut quidem voluptas.','2016-07-21 03:57:43','2016-07-21 03:57:43'),(296,'Model','Wunsch-Marvin','Rustic Granite Shirt','871','Ab earum modi eligendi.','Sed quod voluptas nisi maxime nulla molestiae.',NULL,NULL,2,0,'Aut rerum ut vero impedit enim iure et.','Sunt alias incidunt voluptatem ut tempora minus et.','2016-07-21 03:57:43','2016-07-21 03:57:43'),(297,'Model','Borer and Sons','Ergonomic Rubber Shirt','872','Voluptas quia ab id tempora.','Est alias unde voluptatem odio quia.',NULL,NULL,3,0,'Voluptates dignissimos reiciendis autem non libero et.','Doloribus omnis aliquid odio enim repudiandae voluptatem explicabo omnis.','2016-07-21 03:57:43','2016-07-21 03:57:43'),(298,'Model','Osinski-Rosenbaum','Incredible Cotton Pants','873','Quidem ut et nihil incidunt unde exercitationem eaque sit.','Quas quo veritatis molestias aliquid architecto aliquam porro et.',NULL,NULL,1,0,'Non rerum quasi adipisci ex assumenda ullam officia veniam.','Vel voluptas quisquam eum.','2016-07-21 03:57:43','2016-07-21 03:57:43'),(299,'Model','Senger-Raynor','Gorgeous Cotton Shoes','874','Architecto et fuga qui officia eveniet rerum ut.','Voluptates qui nihil sed sunt voluptate est necessitatibus tempore.',NULL,NULL,0,0,'Quam facere qui fuga sit.','Perferendis hic accusantium et nulla autem et.','2016-07-21 03:57:43','2016-07-21 03:57:43'),(300,'Model','Feil-Nitzsche','Small Wooden Car','875','Iure expedita explicabo dolor.','Sed odit omnis animi facere.',NULL,NULL,3,0,'Ex maxime aut vel sunt.','Distinctio ea fuga aut explicabo magnam veniam.','2016-07-21 03:57:43','2016-07-21 03:57:43'),(301,'Model','Turner and Sons','Incredible Steel Chair','876','Ipsam et adipisci autem aut voluptatem ab quas dicta.','Rerum vel odit nobis nostrum sapiente inventore.',NULL,NULL,3,0,'Tempora a omnis cumque odio aut veritatis.','Temporibus optio quae ea sed.','2016-07-21 03:57:43','2016-07-21 03:57:43'),(302,'Model','Haag Inc','Gorgeous Plastic Hat','877','Placeat autem illo dolorem dolor sed blanditiis quam dolorum.','Facilis neque voluptatibus dicta maxime velit repudiandae atque.',NULL,NULL,0,0,'Omnis odio impedit placeat magni ut.','Natus facere quam nulla laboriosam.','2016-07-21 03:57:43','2016-07-21 03:57:43'),(303,'Model','Kilback-Streich','Fantastic Wooden Pants','878','Deserunt temporibus placeat tempore nemo at amet corrupti et.','Id aspernatur inventore itaque.',NULL,NULL,2,0,'Velit dicta quaerat maiores soluta natus vitae perferendis quis.','Molestiae suscipit cumque voluptatem molestias.','2016-07-21 03:57:43','2016-07-21 03:57:43'),(304,'Model','Lindgren, Pfeffer and Hackett','Intelligent Wooden Computer','879','Dolorem est assumenda natus quam culpa nihil qui molestiae.','Cupiditate dolores occaecati maxime magni deleniti.',NULL,NULL,2,0,'Rerum eveniet asperiores vitae.','Non fugit quia ipsa nobis.','2016-07-21 03:57:43','2016-07-21 03:57:43'),(305,'Model','Walter Inc','Intelligent Granite Shirt','880','Quidem culpa voluptas consequuntur quis inventore dolore.','Dolores ullam repellat dolores enim sit beatae vero.',NULL,NULL,0,0,'Rerum dolores nisi eaque accusantium laboriosam dolorem non.','Ipsa inventore sunt et sed est.','2016-07-21 03:57:43','2016-07-21 03:57:43'),(306,'Model','Kilback, Ferry and Raynor','Rustic Wooden Pants','881','Officia nisi non deleniti eum nobis reprehenderit.','Quo et dolore aut unde eos.',NULL,NULL,0,0,'Quo aut optio error fuga dolorem ea est.','Error sapiente eligendi consequuntur expedita adipisci aut sed odit.','2016-07-21 03:57:43','2016-07-21 03:57:43'),(307,'Model','Weber Inc','Intelligent Rubber Car','882','Aut reiciendis provident consequatur ea.','Tempora vitae ipsum molestiae voluptas et odit nostrum laudantium.',NULL,NULL,1,0,'Harum tempora voluptate quia sit hic aut et unde.','Maiores dignissimos consequatur quas aut sed quo alias neque.','2016-07-21 03:57:43','2016-07-21 03:57:43'),(308,'Model','Goodwin-Bednar','Fantastic Cotton Hat','883','Nostrum quia doloribus quia.','Expedita exercitationem ut et omnis dolorum porro.',NULL,NULL,0,0,'Ducimus consequatur ea est fugiat non quia voluptatem ipsa.','Architecto maiores atque exercitationem aut.','2016-07-21 03:57:43','2016-07-21 03:57:43'),(309,'Model','Jerde, Feeney and Brakus','Gorgeous Cotton Gloves','884','Architecto ut et facilis voluptatem aut.','Sint explicabo quis dolorum.',NULL,NULL,1,0,'Beatae quis quod officiis.','Ducimus neque quae expedita.','2016-07-21 03:57:43','2016-07-21 03:57:43'),(310,'Model','Bahringer, Sporer and Stokes','Practical Cotton Shirt','885','Est ut dolores qui.','Ut aspernatur atque et vel vitae.',NULL,NULL,2,0,'Omnis aut exercitationem amet odio perspiciatis nisi animi.','Quibusdam nulla corrupti veritatis ullam aliquam maiores inventore quia.','2016-07-21 03:57:43','2016-07-21 03:57:43'),(311,'Model','D\'Amore Group','Incredible Rubber Computer','886','Est sunt animi perspiciatis placeat et corrupti error facere.','Aut nam enim rerum nihil atque.',NULL,NULL,2,0,'Molestiae sequi et occaecati corrupti.','Enim ad illum quos harum doloribus totam odit.','2016-07-21 03:57:43','2016-07-21 03:57:43'),(312,'Software','Moore-Mitchell','Practical Rubber Hat','887',NULL,NULL,NULL,NULL,0,0,NULL,NULL,'2016-07-21 03:57:43','2016-07-21 03:57:43'),(313,'Model','Johnson and Sons','Sleek Concrete Pants','888','Ut quaerat eaque veritatis.','Temporibus omnis est velit tempora omnis natus sapiente sed.',NULL,NULL,3,0,'Laboriosam tenetur qui doloremque rem rerum.','Accusamus sed facere deleniti corporis.','2016-07-21 03:57:43','2016-07-21 03:57:43'),(314,'Model','McGlynn, Schaden and Ratke','Incredible Concrete Car','889','Enim laborum placeat eum labore molestiae.','Molestiae et atque perspiciatis repellendus placeat ea facere.',NULL,NULL,3,0,'Debitis quas quibusdam nulla blanditiis sit aperiam et.','Nisi omnis quia rerum pariatur animi nemo molestiae consequuntur.','2016-07-21 03:57:43','2016-07-21 03:57:43'),(315,'Model','Johns, Labadie and Bednar','Sleek Cotton Shirt','890','Pariatur sint atque laboriosam dicta.','Similique ab quidem accusamus.',NULL,NULL,0,0,'Vero quo ut a.','Et dolor fugit iure.','2016-07-21 03:57:43','2016-07-21 03:57:43'),(316,'Model','Morissette-O\'Reilly','Incredible Rubber Shirt','891','Aut sequi animi quod natus recusandae.','Eos iusto qui et vero ea reprehenderit et laborum.',NULL,NULL,1,0,'Corporis et nulla esse voluptates.','Laboriosam esse autem facilis eveniet sunt facere quidem.','2016-07-21 03:57:43','2016-07-21 03:57:43');
/*!40000 ALTER TABLE `models` ENABLE KEYS */;
UNLOCK TABLES;

--
-- Table structure for table `models_compatibles`
--

DROP TABLE IF EXISTS `models_compatibles`;
/*!40101 SET @saved_cs_client     = @@character_set_client */;
/*!40101 SET character_set_client = utf8 */;
CREATE TABLE `models_compatibles` (
  `model_id` int(11) DEFAULT NULL,
  `compatible_id` int(11) DEFAULT NULL,
  KEY `index_models_compatibles_on_compatible_id` (`compatible_id`),
  KEY `index_models_compatibles_on_model_id` (`model_id`),
  CONSTRAINT `models_compatibles_compatible_id_fk` FOREIGN KEY (`compatible_id`) REFERENCES `models` (`id`),
  CONSTRAINT `models_compatibles_model_id_fk` FOREIGN KEY (`model_id`) REFERENCES `models` (`id`)
) ENGINE=InnoDB DEFAULT CHARSET=utf8 COLLATE=utf8_unicode_ci;
/*!40101 SET character_set_client = @saved_cs_client */;

--
-- Dumping data for table `models_compatibles`
--

LOCK TABLES `models_compatibles` WRITE;
/*!40000 ALTER TABLE `models_compatibles` DISABLE KEYS */;
INSERT INTO `models_compatibles` VALUES (144,143),(145,143),(146,143);
/*!40000 ALTER TABLE `models_compatibles` ENABLE KEYS */;
UNLOCK TABLES;

--
-- Table structure for table `notifications`
--

DROP TABLE IF EXISTS `notifications`;
/*!40101 SET @saved_cs_client     = @@character_set_client */;
/*!40101 SET character_set_client = utf8 */;
CREATE TABLE `notifications` (
  `id` int(11) NOT NULL AUTO_INCREMENT,
  `user_id` int(11) DEFAULT NULL,
  `title` varchar(255) COLLATE utf8_unicode_ci DEFAULT '',
  `created_at` datetime NOT NULL,
  PRIMARY KEY (`id`),
  KEY `index_notifications_on_user_id` (`user_id`),
  CONSTRAINT `notifications_user_id_fk` FOREIGN KEY (`user_id`) REFERENCES `users` (`id`) ON DELETE CASCADE
) ENGINE=InnoDB DEFAULT CHARSET=utf8 COLLATE=utf8_unicode_ci;
/*!40101 SET character_set_client = @saved_cs_client */;

--
-- Dumping data for table `notifications`
--

LOCK TABLES `notifications` WRITE;
/*!40000 ALTER TABLE `notifications` DISABLE KEYS */;
/*!40000 ALTER TABLE `notifications` ENABLE KEYS */;
UNLOCK TABLES;

--
-- Table structure for table `numerators`
--

DROP TABLE IF EXISTS `numerators`;
/*!40101 SET @saved_cs_client     = @@character_set_client */;
/*!40101 SET character_set_client = utf8 */;
CREATE TABLE `numerators` (
  `id` int(11) NOT NULL AUTO_INCREMENT,
  `item` int(11) DEFAULT NULL,
  PRIMARY KEY (`id`)
) ENGINE=InnoDB DEFAULT CHARSET=utf8 COLLATE=utf8_unicode_ci;
/*!40101 SET character_set_client = @saved_cs_client */;

--
-- Dumping data for table `numerators`
--

LOCK TABLES `numerators` WRITE;
/*!40000 ALTER TABLE `numerators` DISABLE KEYS */;
/*!40000 ALTER TABLE `numerators` ENABLE KEYS */;
UNLOCK TABLES;

--
-- Table structure for table `options`
--

DROP TABLE IF EXISTS `options`;
/*!40101 SET @saved_cs_client     = @@character_set_client */;
/*!40101 SET character_set_client = utf8 */;
CREATE TABLE `options` (
  `id` int(11) NOT NULL AUTO_INCREMENT,
  `inventory_pool_id` int(11) DEFAULT NULL,
  `inventory_code` varchar(255) COLLATE utf8_unicode_ci DEFAULT NULL,
  `manufacturer` varchar(255) COLLATE utf8_unicode_ci DEFAULT NULL,
  `product` varchar(255) COLLATE utf8_unicode_ci NOT NULL,
  `version` varchar(255) COLLATE utf8_unicode_ci DEFAULT NULL,
  `price` decimal(8,2) DEFAULT NULL,
  PRIMARY KEY (`id`),
  KEY `index_options_on_inventory_pool_id` (`inventory_pool_id`),
  CONSTRAINT `options_inventory_pool_id_fk` FOREIGN KEY (`inventory_pool_id`) REFERENCES `inventory_pools` (`id`)
) ENGINE=InnoDB AUTO_INCREMENT=7 DEFAULT CHARSET=utf8 COLLATE=utf8_unicode_ci;
/*!40101 SET character_set_client = @saved_cs_client */;

--
-- Dumping data for table `options`
--

LOCK TABLES `options` WRITE;
/*!40000 ALTER TABLE `options` DISABLE KEYS */;
INSERT INTO `options` VALUES (1,1,'akku-aa',NULL,'Akku AA','684','183.00'),(2,1,'akku-aaa',NULL,'Akku AAA','685','1347.00'),(3,1,'usb',NULL,'USB Kabel','686','933.00'),(4,1,'quo5552',NULL,'Incredible Cotton Shoes','784','572.00'),(5,1,'eaq1060',NULL,'Practical Steel Car','786','160.00'),(6,2,'sol3004',NULL,'Ergonomic Steel Shoes','792','1095.00');
/*!40000 ALTER TABLE `options` ENABLE KEYS */;
UNLOCK TABLES;

--
-- Table structure for table `partitions`
--

DROP TABLE IF EXISTS `partitions`;
/*!40101 SET @saved_cs_client     = @@character_set_client */;
/*!40101 SET character_set_client = utf8 */;
CREATE TABLE `partitions` (
  `id` int(11) NOT NULL AUTO_INCREMENT,
  `model_id` int(11) DEFAULT NULL,
  `inventory_pool_id` int(11) DEFAULT NULL,
  `group_id` int(11) DEFAULT NULL,
  `quantity` int(11) DEFAULT NULL,
  PRIMARY KEY (`id`),
  UNIQUE KEY `index_partitions_on_model_id_and_inventory_pool_id_and_group_id` (`model_id`,`inventory_pool_id`,`group_id`),
  KEY `partitions_group_id_fk` (`group_id`),
  KEY `partitions_inventory_pool_id_fk` (`inventory_pool_id`),
  CONSTRAINT `partitions_model_id_fk` FOREIGN KEY (`model_id`) REFERENCES `models` (`id`) ON DELETE CASCADE,
  CONSTRAINT `partitions_group_id_fk` FOREIGN KEY (`group_id`) REFERENCES `groups` (`id`),
  CONSTRAINT `partitions_inventory_pool_id_fk` FOREIGN KEY (`inventory_pool_id`) REFERENCES `inventory_pools` (`id`)
) ENGINE=InnoDB AUTO_INCREMENT=12 DEFAULT CHARSET=utf8 COLLATE=utf8_unicode_ci;
/*!40101 SET character_set_client = @saved_cs_client */;

--
-- Dumping data for table `partitions`
--

LOCK TABLES `partitions` WRITE;
/*!40000 ALTER TABLE `partitions` DISABLE KEYS */;
INSERT INTO `partitions` VALUES (1,107,1,4,1),(2,145,1,5,1),(3,146,1,6,5),(4,144,1,1,1),(5,76,1,1,1),(6,76,1,2,1),(7,161,1,7,1),(8,169,1,7,1),(9,176,1,7,1),(10,189,1,8,1),(11,198,1,7,1);
/*!40000 ALTER TABLE `partitions` ENABLE KEYS */;
UNLOCK TABLES;

--
-- Temporary table structure for view `partitions_with_generals`
--

DROP TABLE IF EXISTS `partitions_with_generals`;
/*!50001 DROP VIEW IF EXISTS `partitions_with_generals`*/;
SET @saved_cs_client     = @@character_set_client;
SET character_set_client = utf8;
/*!50001 CREATE TABLE `partitions_with_generals` (
  `model_id` int(11),
  `inventory_pool_id` int(11),
  `group_id` int(11),
  `quantity` decimal(33,0)
) ENGINE=MyISAM */;
SET character_set_client = @saved_cs_client;

--
-- Table structure for table `properties`
--

DROP TABLE IF EXISTS `properties`;
/*!40101 SET @saved_cs_client     = @@character_set_client */;
/*!40101 SET character_set_client = utf8 */;
CREATE TABLE `properties` (
  `id` int(11) NOT NULL AUTO_INCREMENT,
  `model_id` int(11) DEFAULT NULL,
  `key` varchar(255) COLLATE utf8_unicode_ci DEFAULT NULL,
  `value` varchar(255) COLLATE utf8_unicode_ci DEFAULT NULL,
  PRIMARY KEY (`id`),
  KEY `index_properties_on_model_id` (`model_id`),
  CONSTRAINT `properties_model_id_fk` FOREIGN KEY (`model_id`) REFERENCES `models` (`id`) ON DELETE CASCADE
) ENGINE=InnoDB AUTO_INCREMENT=13 DEFAULT CHARSET=utf8 COLLATE=utf8_unicode_ci;
/*!40101 SET character_set_client = @saved_cs_client */;

--
-- Dumping data for table `properties`
--

LOCK TABLES `properties` WRITE;
/*!40000 ALTER TABLE `properties` DISABLE KEYS */;
INSERT INTO `properties` VALUES (1,144,'Rotorduchmesser','120'),(2,144,'Akkus','2'),(3,144,'Farbe','Rot'),(4,145,'Rotorduchmesser','120'),(5,145,'Akkus','2'),(6,145,'Farbe','Rot'),(7,145,'max. Speed','80 kmh'),(8,145,'Gyro','Ja'),(9,145,'Achsen','3-Achsen'),(10,146,'Rotorduchmesser','120'),(11,146,'Akkus','2'),(12,146,'Farbe','Rot');
/*!40000 ALTER TABLE `properties` ENABLE KEYS */;
UNLOCK TABLES;

--
-- Table structure for table `purposes`
--

DROP TABLE IF EXISTS `purposes`;
/*!40101 SET @saved_cs_client     = @@character_set_client */;
/*!40101 SET character_set_client = utf8 */;
CREATE TABLE `purposes` (
  `id` int(11) NOT NULL AUTO_INCREMENT,
  `description` text COLLATE utf8_unicode_ci,
  PRIMARY KEY (`id`)
) ENGINE=InnoDB AUTO_INCREMENT=48 DEFAULT CHARSET=utf8 COLLATE=utf8_unicode_ci;
/*!40101 SET character_set_client = @saved_cs_client */;

--
-- Dumping data for table `purposes`
--

LOCK TABLES `purposes` WRITE;
/*!40000 ALTER TABLE `purposes` DISABLE KEYS */;
INSERT INTO `purposes` VALUES (1,'---\n- Odio quod ipsum.\n- Aut ut dignissimos deserunt.\n'),(2,'---\n- Amet illo tempore ducimus.\n- Molestiae illum ut voluptatibus ut.\n'),(3,'Ersatzstativ fr die Ausstellung.'),(4,'Ersatzstativ fr die Ausstellung.'),(5,'Ersatzstativ fr die Ausstellung.'),(6,'Ersatzstativ fr die Ausstellung.'),(7,'Ersatzstativ fr die Ausstellung.'),(8,'Ersatzstativ fr die Ausstellung.'),(9,'Ersatzstativ fr die Ausstellung.'),(10,'Ersatzstativ fr die Ausstellung.'),(11,'Ersatzstativ fr die Ausstellung.'),(12,'Ersatzstativ fr die Ausstellung.'),(13,'Ersatzstativ fr die Ausstellung.'),(14,'Ersatzstativ fr die Ausstellung.'),(15,'Ipsum fugit perferendis libero labore.'),(16,'Illo et eius dolorem et.'),(17,'Enim et unde rerum amet non.'),(18,'Tempore error illo rerum sint et repellendus.'),(19,'Quia sed nostrum qui et.'),(20,'Ullam a alias totam quis unde asperiores velit.'),(21,'Et ut eum eaque.'),(22,'Voluptatibus voluptatem eum omnis.'),(23,'Bentige ich fr die Aufnahmen meiner Abschlussarbeit.'),(24,'Aut sit in itaque quam quasi non cumque explicabo.'),(25,'Ut modi officiis velit rerum.'),(26,'Tenetur dolor qui sint mollitia quaerat.'),(27,'Doloremque ut atque quo harum consectetur sit enim.'),(28,'Ersatzstativ fr die Ausstellung.'),(29,'Fr das zweite Austellungswochenende.'),(30,'Fr das dritte Austellungswochenende.'),(31,'Fr die Abschlussarbeit.'),(32,'Ersatzstativ fr die Ausstellung.'),(33,'Bestellung mit Software'),(34,'Bestellung mit Gegenstand ohne Ort'),(35,'Um meine Abschlussarbeit zu fotografieren.'),(36,'Odio officia facere et dolores et dolorem aut voluptate.'),(37,'Um meine Abschlussarbeit zu fotografieren.'),(38,'Um meine Abschlussarbeit zu fotografieren.'),(39,'Fuga id dolores eius et.'),(40,'Paketausgabe'),(41,'Fr meinen aktuellen Kurs.'),(42,'Ersatzstativ fr die Ausstellung.'),(43,'Um meine Abschlussarbeit zu fotografieren.'),(44,'Fotoshooting (Kurs Fotografie).'),(45,'Brauche ich zwingend fr meinen Kurs.'),(46,'Ganz dringend bentigt fr meine Abschlussarbeit.'),(47,'Als Ersatz.');
/*!40000 ALTER TABLE `purposes` ENABLE KEYS */;
UNLOCK TABLES;

--
-- Table structure for table `schema_migrations`
--

DROP TABLE IF EXISTS `schema_migrations`;
/*!40101 SET @saved_cs_client     = @@character_set_client */;
/*!40101 SET character_set_client = utf8 */;
CREATE TABLE `schema_migrations` (
  `version` varchar(255) COLLATE utf8_unicode_ci NOT NULL,
  UNIQUE KEY `unique_schema_migrations` (`version`)
) ENGINE=InnoDB DEFAULT CHARSET=utf8 COLLATE=utf8_unicode_ci;
/*!40101 SET character_set_client = @saved_cs_client */;

--
-- Dumping data for table `schema_migrations`
--

LOCK TABLES `schema_migrations` WRITE;
/*!40000 ALTER TABLE `schema_migrations` DISABLE KEYS */;
INSERT INTO `schema_migrations` VALUES ('20140410180000'),('20140414100000'),('20140415083535'),('20140417113831'),('20140428092844'),('20140515131025'),('20140812132326'),('20140820100242'),('20140828082448'),('20140901141016'),('20140903105715'),('20140905091014');
/*!40000 ALTER TABLE `schema_migrations` ENABLE KEYS */;
UNLOCK TABLES;

--
-- Table structure for table `settings`
--

DROP TABLE IF EXISTS `settings`;
/*!40101 SET @saved_cs_client     = @@character_set_client */;
/*!40101 SET character_set_client = utf8 */;
CREATE TABLE `settings` (
  `id` int(11) NOT NULL AUTO_INCREMENT,
  `smtp_address` varchar(255) COLLATE utf8_unicode_ci DEFAULT NULL,
  `smtp_port` int(11) DEFAULT NULL,
  `smtp_domain` varchar(255) COLLATE utf8_unicode_ci DEFAULT NULL,
  `local_currency_string` varchar(255) COLLATE utf8_unicode_ci DEFAULT NULL,
  `contract_terms` text COLLATE utf8_unicode_ci,
  `contract_lending_party_string` text COLLATE utf8_unicode_ci,
  `email_signature` varchar(255) COLLATE utf8_unicode_ci DEFAULT NULL,
  `default_email` varchar(255) COLLATE utf8_unicode_ci DEFAULT NULL,
  `deliver_order_notifications` tinyint(1) DEFAULT NULL,
  `user_image_url` varchar(255) COLLATE utf8_unicode_ci DEFAULT NULL,
  `ldap_config` varchar(255) COLLATE utf8_unicode_ci DEFAULT NULL,
  `logo_url` varchar(255) COLLATE utf8_unicode_ci DEFAULT NULL,
  `mail_delivery_method` varchar(255) COLLATE utf8_unicode_ci DEFAULT NULL,
  `smtp_username` varchar(255) COLLATE utf8_unicode_ci DEFAULT NULL,
  `smtp_password` varchar(255) COLLATE utf8_unicode_ci DEFAULT NULL,
  `smtp_enable_starttls_auto` tinyint(1) NOT NULL DEFAULT '0',
  `smtp_openssl_verify_mode` varchar(255) COLLATE utf8_unicode_ci NOT NULL DEFAULT 'none',
  `time_zone` varchar(255) COLLATE utf8_unicode_ci NOT NULL DEFAULT 'Bern',
  `disable_manage_section` tinyint(1) NOT NULL DEFAULT '0',
  `disable_manage_section_message` text COLLATE utf8_unicode_ci,
  `disable_borrow_section` tinyint(1) NOT NULL DEFAULT '0',
  `disable_borrow_section_message` text COLLATE utf8_unicode_ci,
  `text` text COLLATE utf8_unicode_ci,
  PRIMARY KEY (`id`)
) ENGINE=InnoDB AUTO_INCREMENT=2 DEFAULT CHARSET=utf8 COLLATE=utf8_unicode_ci;
/*!40101 SET character_set_client = @saved_cs_client */;

--
-- Dumping data for table `settings`
--

LOCK TABLES `settings` WRITE;
/*!40000 ALTER TABLE `settings` DISABLE KEYS */;
INSERT INTO `settings` VALUES (1,'smtp.zhdk.ch',25,'beta.ausleihe.zhdk.ch','CHF','Die Benutzerin/der Benutzer ist bei unsachgemsser Handhabung oder Verlust schadenersatzpflichtig. Sie/Er verpflichtet sich, das Material sorgfltig zu behandeln und gereinigt zu retournieren. Bei mangelbehafteter oder verspteter Rckgabe kann eine Ausleihsperre (bis zu 6 Monaten) verhngt werden. Das geliehene Material bleibt jederzeit uneingeschrnktes Eigentum der Zrcher Hochschule der Knste und darf ausschliesslich fr schulische Zwecke eingesetzt werden. Mit ihrer/seiner Unterschrift akzeptiert die Benutzerin/der Benutzer diese Bedingungen sowie die \'Richtlinie zur Ausleihe von Sachen\' der ZHdK und etwaige abteilungsspezifische Ausleih-Richtlinien.','Your\nAddress\nHere','Das PZ-leihs Team','sender@example.com',0,'http://www.zhdk.ch/?person/foto&width=100&compressionlevel=0&id={:id}',NULL,'/assets/image-logo-zhdk.png','test',NULL,NULL,0,'none','Bern',0,NULL,0,NULL,NULL);
/*!40000 ALTER TABLE `settings` ENABLE KEYS */;
UNLOCK TABLES;

--
-- Table structure for table `suppliers`
--

DROP TABLE IF EXISTS `suppliers`;
/*!40101 SET @saved_cs_client     = @@character_set_client */;
/*!40101 SET character_set_client = utf8 */;
CREATE TABLE `suppliers` (
  `id` int(11) NOT NULL AUTO_INCREMENT,
  `name` varchar(255) COLLATE utf8_unicode_ci NOT NULL,
  `created_at` datetime DEFAULT NULL,
  `updated_at` datetime DEFAULT NULL,
  PRIMARY KEY (`id`),
  UNIQUE KEY `index_suppliers_on_name` (`name`)
) ENGINE=InnoDB AUTO_INCREMENT=282 DEFAULT CHARSET=utf8 COLLATE=utf8_unicode_ci;
/*!40101 SET character_set_client = @saved_cs_client */;

--
-- Dumping data for table `suppliers`
--

LOCK TABLES `suppliers` WRITE;
/*!40000 ALTER TABLE `suppliers` DISABLE KEYS */;
INSERT INTO `suppliers` VALUES (1,'similiquedoloremque','2016-07-21 03:57:43','2016-07-21 03:57:43'),(2,'deseruntsitpariatur','2016-07-21 03:57:43','2016-07-21 03:57:43'),(3,'utautemtemporibusveniamab','2016-07-21 03:57:43','2016-07-21 03:57:43'),(4,'rerumet','2016-07-21 03:57:43','2016-07-21 03:57:43'),(5,'estsintautad','2016-07-21 03:57:43','2016-07-21 03:57:43'),(6,'quietcupiditate','2016-07-21 03:57:43','2016-07-21 03:57:43'),(7,'numquamasperioresmolestiaseumearum','2016-07-21 03:57:43','2016-07-21 03:57:43'),(8,'utquia','2016-07-21 03:57:43','2016-07-21 03:57:43'),(9,'expeditapossimusearummolestiae','2016-07-21 03:57:43','2016-07-21 03:57:43'),(10,'commodinihil','2016-07-21 03:57:43','2016-07-21 03:57:43'),(11,'iurerepudiandaeut','2016-07-21 03:57:43','2016-07-21 03:57:43'),(12,'quaeratexpeditaconsequaturutquod','2016-07-21 03:57:43','2016-07-21 03:57:43'),(13,'facilisfacereanimimaiores','2016-07-21 03:57:43','2016-07-21 03:57:43'),(14,'quirem','2016-07-21 03:57:43','2016-07-21 03:57:43'),(15,'velsuscipit','2016-07-21 03:57:43','2016-07-21 03:57:43'),(16,'natusquisconsequaturperferendis','2016-07-21 03:57:43','2016-07-21 03:57:43'),(17,'eosomnis','2016-07-21 03:57:43','2016-07-21 03:57:43'),(18,'eaut','2016-07-21 03:57:43','2016-07-21 03:57:43'),(19,'delenitiutautquae','2016-07-21 03:57:43','2016-07-21 03:57:43'),(20,'delectusfacilistempore','2016-07-21 03:57:43','2016-07-21 03:57:43'),(21,'maioresdoloribusquaeratfacilis','2016-07-21 03:57:43','2016-07-21 03:57:43'),(22,'asperioresautem','2016-07-21 03:57:43','2016-07-21 03:57:43'),(23,'suscipitillovoluptateset','2016-07-21 03:57:43','2016-07-21 03:57:43'),(24,'consequaturetrepellendus','2016-07-21 03:57:43','2016-07-21 03:57:43'),(25,'etremrepellatsunt','2016-07-21 03:57:43','2016-07-21 03:57:43'),(26,'voluptatemenim','2016-07-21 03:57:43','2016-07-21 03:57:43'),(27,'inventoreesse','2016-07-21 03:57:43','2016-07-21 03:57:43'),(28,'aofficiisvoluptates','2016-07-21 03:57:43','2016-07-21 03:57:43'),(29,'nequelaboriosam','2016-07-21 03:57:43','2016-07-21 03:57:43'),(30,'ipsamsedveritatisrepudiandae','2016-07-21 03:57:43','2016-07-21 03:57:43'),(31,'illosuntcumque','2016-07-21 03:57:43','2016-07-21 03:57:43'),(32,'etplaceatnonofficiis','2016-07-21 03:57:43','2016-07-21 03:57:43'),(33,'atvelut','2016-07-21 03:57:43','2016-07-21 03:57:43'),(34,'eiussit','2016-07-21 03:57:43','2016-07-21 03:57:43'),(35,'mollitiafugiatillum','2016-07-21 03:57:43','2016-07-21 03:57:43'),(36,'solutavitaetemporaeveniet','2016-07-21 03:57:43','2016-07-21 03:57:43'),(37,'nostrumquoex','2016-07-21 03:57:43','2016-07-21 03:57:43'),(38,'quiaenim','2016-07-21 03:57:43','2016-07-21 03:57:43'),(39,'estdoloremquequiadoloribus','2016-07-21 03:57:43','2016-07-21 03:57:43'),(40,'suntametrationeutneque','2016-07-21 03:57:43','2016-07-21 03:57:43'),(41,'dolorexercitationemnamquoeveniet','2016-07-21 03:57:43','2016-07-21 03:57:43'),(42,'illoinventorenostrumnemo','2016-07-21 03:57:43','2016-07-21 03:57:43'),(43,'recusandaeadessesitillo','2016-07-21 03:57:43','2016-07-21 03:57:43'),(44,'providentnemofugitlibero','2016-07-21 03:57:43','2016-07-21 03:57:43'),(45,'etundeutconsecteturquia','2016-07-21 03:57:43','2016-07-21 03:57:43'),(46,'aspernaturomnisprovident','2016-07-21 03:57:43','2016-07-21 03:57:43'),(47,'nequerepudiandae','2016-07-21 03:57:43','2016-07-21 03:57:43'),(48,'utest','2016-07-21 03:57:43','2016-07-21 03:57:43'),(49,'voluptatemculpaad','2016-07-21 03:57:43','2016-07-21 03:57:43'),(50,'etnequeillo','2016-07-21 03:57:43','2016-07-21 03:57:43'),(51,'assumendasaepeomnis','2016-07-21 03:57:43','2016-07-21 03:57:43'),(52,'autdolorumratione','2016-07-21 03:57:43','2016-07-21 03:57:43'),(53,'etvoluptatem','2016-07-21 03:57:43','2016-07-21 03:57:43'),(54,'rerumquialiquid','2016-07-21 03:57:43','2016-07-21 03:57:43'),(55,'etminimanonquaerat','2016-07-21 03:57:43','2016-07-21 03:57:43'),(56,'consequaturuteaquas','2016-07-21 03:57:43','2016-07-21 03:57:43'),(57,'nobisetiustovoluptatem','2016-07-21 03:57:43','2016-07-21 03:57:43'),(58,'animibeataedoloreaquecommodi','2016-07-21 03:57:43','2016-07-21 03:57:43'),(59,'undealiquiddolores','2016-07-21 03:57:43','2016-07-21 03:57:43'),(60,'laudantiumconsequaturquia','2016-07-21 03:57:43','2016-07-21 03:57:43'),(61,'aperiamomnis','2016-07-21 03:57:43','2016-07-21 03:57:43'),(62,'voluptasducimusconsequatur','2016-07-21 03:57:43','2016-07-21 03:57:43'),(63,'natusautaliquamvoluptateaut','2016-07-21 03:57:43','2016-07-21 03:57:43'),(64,'quiautimpeditporro','2016-07-21 03:57:43','2016-07-21 03:57:43'),(65,'nostrumetunde','2016-07-21 03:57:43','2016-07-21 03:57:43'),(66,'excepturivoluptatibuseumquaeratodio','2016-07-21 03:57:43','2016-07-21 03:57:43'),(67,'quiaetrerum','2016-07-21 03:57:43','2016-07-21 03:57:43'),(68,'velest','2016-07-21 03:57:43','2016-07-21 03:57:43'),(69,'accusantiumeligendiquis','2016-07-21 03:57:43','2016-07-21 03:57:43'),(70,'blanditiisestipsamcorruptinobis','2016-07-21 03:57:43','2016-07-21 03:57:43'),(71,'sunteosrepudiandaehic','2016-07-21 03:57:43','2016-07-21 03:57:43'),(72,'etaccusantiumet','2016-07-21 03:57:43','2016-07-21 03:57:43'),(73,'magnamvoluptasdelectuseos','2016-07-21 03:57:43','2016-07-21 03:57:43'),(74,'uteaque','2016-07-21 03:57:43','2016-07-21 03:57:43'),(75,'cumqueconsequaturtemporanihilcum','2016-07-21 03:57:43','2016-07-21 03:57:43'),(76,'eosquiauteased','2016-07-21 03:57:43','2016-07-21 03:57:43'),(77,'quodipsa','2016-07-21 03:57:43','2016-07-21 03:57:43'),(78,'assumendavelfacilisauteos','2016-07-21 03:57:43','2016-07-21 03:57:43'),(79,'occaecatiquisquam','2016-07-21 03:57:43','2016-07-21 03:57:43'),(80,'quialibero','2016-07-21 03:57:43','2016-07-21 03:57:43'),(81,'perspiciatislaudantiumquodaccusamussuscipit','2016-07-21 03:57:43','2016-07-21 03:57:43'),(82,'quibusdamin','2016-07-21 03:57:43','2016-07-21 03:57:43'),(83,'inventorequam','2016-07-21 03:57:43','2016-07-21 03:57:43'),(84,'temporavoluptatumquiincidunt','2016-07-21 03:57:43','2016-07-21 03:57:43'),(85,'ipsummolestiasvoluptassaepe','2016-07-21 03:57:43','2016-07-21 03:57:43'),(86,'solutaaspernaturipsam','2016-07-21 03:57:43','2016-07-21 03:57:43'),(87,'addolordolorumquoddelectus','2016-07-21 03:57:43','2016-07-21 03:57:43'),(88,'sedrerumetvitaesoluta','2016-07-21 03:57:43','2016-07-21 03:57:43'),(89,'quivelit','2016-07-21 03:57:43','2016-07-21 03:57:43'),(90,'temporeadipiscinihil','2016-07-21 03:57:43','2016-07-21 03:57:43'),(91,'aliquidet','2016-07-21 03:57:43','2016-07-21 03:57:43'),(92,'eosexpeditamolestiaemaxime','2016-07-21 03:57:43','2016-07-21 03:57:43'),(93,'velautabvitae','2016-07-21 03:57:43','2016-07-21 03:57:43'),(94,'nequeanimisedat','2016-07-21 03:57:43','2016-07-21 03:57:43'),(95,'utut','2016-07-21 03:57:43','2016-07-21 03:57:43'),(96,'similiqueveniamrepudiandae','2016-07-21 03:57:43','2016-07-21 03:57:43'),(97,'doloremqueautfacilis','2016-07-21 03:57:43','2016-07-21 03:57:43'),(98,'etculpacorruptiaperiam','2016-07-21 03:57:43','2016-07-21 03:57:43'),(99,'quoestearumrerumitaque','2016-07-21 03:57:43','2016-07-21 03:57:43'),(100,'etarchitectoquaeratdolor','2016-07-21 03:57:43','2016-07-21 03:57:43'),(101,'voluptatumabconsequaturquisquam','2016-07-21 03:57:43','2016-07-21 03:57:43'),(102,'repellataspernaturducimus','2016-07-21 03:57:43','2016-07-21 03:57:43'),(103,'solutaitaqueeaquepraesentiumconsequuntur','2016-07-21 03:57:43','2016-07-21 03:57:43'),(104,'similiqueplaceatdeserunt','2016-07-21 03:57:43','2016-07-21 03:57:43'),(105,'architectomagnamautqui','2016-07-21 03:57:43','2016-07-21 03:57:43'),(106,'veroaccusantium','2016-07-21 03:57:43','2016-07-21 03:57:43'),(107,'inutquisdolorumeum','2016-07-21 03:57:43','2016-07-21 03:57:43'),(108,'temporibusfugit','2016-07-21 03:57:43','2016-07-21 03:57:43'),(109,'exercitationemreprehenderitcommodiestsaepe','2016-07-21 03:57:43','2016-07-21 03:57:43'),(110,'consecteturconsequatur','2016-07-21 03:57:43','2016-07-21 03:57:43'),(111,'magnamnesciuntvoluptatum','2016-07-21 03:57:43','2016-07-21 03:57:43'),(112,'doloremvoluptateetperferendisnon','2016-07-21 03:57:43','2016-07-21 03:57:43'),(113,'atsuntestetaccusamus','2016-07-21 03:57:43','2016-07-21 03:57:43'),(114,'earumautdoloresliberoenim','2016-07-21 03:57:43','2016-07-21 03:57:43'),(115,'nequemollitiaquienim','2016-07-21 03:57:43','2016-07-21 03:57:43'),(116,'teneturvoluptatibusoccaecati','2016-07-21 03:57:43','2016-07-21 03:57:43'),(117,'undeaperiam','2016-07-21 03:57:43','2016-07-21 03:57:43'),(118,'quiesttemporibussed','2016-07-21 03:57:43','2016-07-21 03:57:43'),(119,'voluptatemconsectetureavoluptatesquia','2016-07-21 03:57:43','2016-07-21 03:57:43'),(120,'dolorat','2016-07-21 03:57:43','2016-07-21 03:57:43'),(121,'enimnonlaborumsitharum','2016-07-21 03:57:43','2016-07-21 03:57:43'),(122,'etquiaquiaautemid','2016-07-21 03:57:43','2016-07-21 03:57:43'),(123,'ipsamtemporibus','2016-07-21 03:57:43','2016-07-21 03:57:43'),(124,'doloreetcommodiomnissapiente','2016-07-21 03:57:43','2016-07-21 03:57:43'),(125,'quiserrorremodio','2016-07-21 03:57:43','2016-07-21 03:57:43'),(126,'eosullamdoloraccusamus','2016-07-21 03:57:43','2016-07-21 03:57:43'),(127,'quibusdamvoluptatem','2016-07-21 03:57:43','2016-07-21 03:57:43'),(128,'namharum','2016-07-21 03:57:43','2016-07-21 03:57:43'),(129,'istesedsimiliqueullamautem','2016-07-21 03:57:43','2016-07-21 03:57:43'),(130,'totamducimussedsaepeinventore','2016-07-21 03:57:43','2016-07-21 03:57:43'),(131,'laudantiumconsequaturexcepturiimpeditea','2016-07-21 03:57:43','2016-07-21 03:57:43'),(132,'minussunt','2016-07-21 03:57:43','2016-07-21 03:57:43'),(133,'quiatqueinventoreestnesciunt','2016-07-21 03:57:43','2016-07-21 03:57:43'),(134,'aliquamtenetur','2016-07-21 03:57:43','2016-07-21 03:57:43'),(135,'velitfacere','2016-07-21 03:57:43','2016-07-21 03:57:43'),(136,'officiaauteumincidunt','2016-07-21 03:57:43','2016-07-21 03:57:43'),(137,'cumquasvelipsamnobis','2016-07-21 03:57:43','2016-07-21 03:57:43'),(138,'recusandaesitfacereinvelit','2016-07-21 03:57:43','2016-07-21 03:57:43'),(139,'odiopossimusdolorempariatur','2016-07-21 03:57:43','2016-07-21 03:57:43'),(140,'molestiasnon','2016-07-21 03:57:43','2016-07-21 03:57:43'),(141,'nonutnihilnostrumiusto','2016-07-21 03:57:43','2016-07-21 03:57:43'),(142,'iurequiad','2016-07-21 03:57:43','2016-07-21 03:57:43'),(143,'dolorestempore','2016-07-21 03:57:43','2016-07-21 03:57:43'),(144,'perferendisreiciendismolestiasnon','2016-07-21 03:57:43','2016-07-21 03:57:43'),(145,'doloribuserroroditreiciendiset','2016-07-21 03:57:43','2016-07-21 03:57:43'),(146,'ipsumvelit','2016-07-21 03:57:43','2016-07-21 03:57:43'),(147,'ipsaearumutquidem','2016-07-21 03:57:43','2016-07-21 03:57:43'),(148,'ipsaquiaminimaquodoloremque','2016-07-21 03:57:43','2016-07-21 03:57:43'),(149,'etipsum','2016-07-21 03:57:43','2016-07-21 03:57:43'),(150,'inrationeconsequatur','2016-07-16 04:54:01','2016-07-16 04:54:01'),(151,'nesciuntarchitectovelassumenda','2016-07-16 04:54:01','2016-07-16 04:54:01'),(152,'ullaminventoreaest','2016-07-16 04:54:01','2016-07-16 04:54:01'),(153,'itaquevel','2016-07-16 04:54:01','2016-07-16 04:54:01'),(154,'etfugaquimolestiaecum','2016-07-16 04:54:01','2016-07-16 04:54:01'),(155,'distinctionumquamiustodolor','2016-07-16 04:54:01','2016-07-16 04:54:01'),(156,'quiaitaqueet','2016-07-16 04:54:01','2016-07-16 04:54:01'),(157,'quiet','2016-07-16 04:54:01','2016-07-16 04:54:01'),(158,'sequidebitisimpeditofficia','2016-07-16 04:54:02','2016-07-16 04:54:02'),(159,'quiaarchitectoenim','2016-07-16 04:54:02','2016-07-16 04:54:02'),(160,'quieligendi','2016-07-16 04:54:02','2016-07-16 04:54:02'),(161,'quiaculpa','2016-07-16 04:54:02','2016-07-16 04:54:02'),(162,'molestiaesit','2016-07-16 04:54:02','2016-07-16 04:54:02'),(163,'itaquehic','2016-07-16 04:54:02','2016-07-16 04:54:02'),(164,'enimveroveritatisnullanumquam','2016-07-16 04:54:02','2016-07-16 04:54:02'),(165,'illoeosquam','2016-07-16 04:54:02','2016-07-16 04:54:02'),(166,'teneturmaioresullamexpeditadolor','2016-07-16 04:54:02','2016-07-16 04:54:02'),(167,'estvelitvoluptatum','2016-07-16 04:54:02','2016-07-16 04:54:02'),(168,'eaqueipsamsimiliquerationelibero','2016-07-16 04:54:02','2016-07-16 04:54:02'),(169,'assumendarerum','2016-07-14 05:39:45','2016-07-14 05:39:45'),(170,'consecteturautoccaecatimolestiaeneque','2016-07-14 05:39:45','2016-07-14 05:39:45'),(171,'idconsectetursitducimus','2016-07-14 05:39:45','2016-07-14 05:39:45'),(172,'estipsa','2016-07-14 05:39:45','2016-07-14 05:39:45'),(173,'quidemillumvitae','2016-07-20 21:51:15','2016-07-20 21:51:15'),(174,'sedetquioccaecati','2016-07-20 21:51:15','2016-07-20 21:51:15'),(175,'nihilbeataeid','2016-07-20 21:51:15','2016-07-20 21:51:15'),(176,'utdignissimosfugaquam','2016-07-20 21:51:15','2016-07-20 21:51:15'),(177,'autconsequunturbeataeeumet','2016-07-20 21:51:15','2016-07-20 21:51:15'),(178,'inciduntdolorutdelenitinon','2016-07-20 21:51:15','2016-07-20 21:51:15'),(179,'eosculpaut','2016-07-20 21:51:15','2016-07-20 21:51:15'),(180,'eossintdoloresexcepturiest','2016-07-20 21:51:15','2016-07-20 21:51:15'),(181,'modiaccusantiumpariaturdoloremdignissimos','2016-07-21 03:57:43','2016-07-21 03:57:43'),(182,'voluptatemvelit','2016-07-21 03:57:43','2016-07-21 03:57:43'),(183,'temporibussintsedenim','2016-07-21 03:57:43','2016-07-21 03:57:43'),(184,'fugitteneturdelectus','2016-07-21 03:57:43','2016-07-21 03:57:43'),(185,'excepturivel','2016-07-21 03:57:43','2016-07-21 03:57:43'),(186,'voluptatemdolorumvoluptasquivitae','2016-07-21 03:57:43','2016-07-21 03:57:43'),(187,'magnamquia','2016-07-21 03:57:43','2016-07-21 03:57:43'),(188,'doloribusdelenitiautsed','2016-07-21 03:57:43','2016-07-21 03:57:43'),(189,'autaliquidnullaaperiamet','2016-07-21 03:57:43','2016-07-21 03:57:43'),(190,'sapientenamautestplaceat','2016-07-21 03:57:43','2016-07-21 03:57:43'),(191,'vitaedoloremfugiata','2016-07-21 03:57:43','2016-07-21 03:57:43'),(192,'velitatque','2016-07-21 03:57:43','2016-07-21 03:57:43'),(193,'utmaximesimiliquefugiatveniam','2016-07-21 03:57:43','2016-07-21 03:57:43'),(194,'molestiasconsectetursint','2016-07-21 03:57:43','2016-07-21 03:57:43'),(195,'solutaipsumvelitmolestias','2016-07-21 03:57:43','2016-07-21 03:57:43'),(196,'ullamipsamestaut','2016-07-21 03:57:43','2016-07-21 03:57:43'),(197,'nisiquieos','2016-07-21 03:57:43','2016-07-21 03:57:43'),(198,'voluptatemnobisipsum','2016-07-21 03:57:43','2016-07-21 03:57:43'),(199,'consequaturdolorhicanimi','2016-07-21 03:57:43','2016-07-21 03:57:43'),(200,'suntlaboriosamadullamea','2016-07-16 00:00:00','2016-07-16 00:00:00'),(201,'cupiditateet','2016-07-16 00:00:00','2016-07-16 00:00:00'),(202,'quismagnamiddeserunt','2016-07-16 00:00:00','2016-07-16 00:00:00'),(203,'accusamusvel','2016-07-21 03:57:43','2016-07-21 03:57:43'),(204,'doloresconsequaturautdeserunt','2016-07-21 03:57:43','2016-07-21 03:57:43'),(205,'quisintprovident','2016-07-21 03:57:43','2016-07-21 03:57:43'),(206,'corporisautnamdebitisiste','2016-07-21 03:57:43','2016-07-21 03:57:43'),(207,'rationeinrerum','2016-07-21 03:57:43','2016-07-21 03:57:43'),(208,'autdolormodi','2016-07-21 03:57:43','2016-07-21 03:57:43'),(209,'officiavoluptates','2016-07-21 03:57:43','2016-07-21 03:57:43'),(210,'veleacorporisvoluptatem','2016-07-21 03:57:43','2016-07-21 03:57:43'),(211,'pariaturconsequaturducimusnondolorum','2016-07-21 03:57:43','2016-07-21 03:57:43'),(212,'officiaconsequatur','2016-07-21 03:57:43','2016-07-21 03:57:43'),(213,'dolorumfugitquisitaspernatur','2016-07-21 03:57:43','2016-07-21 03:57:43'),(214,'velquisaccusantiumest','2016-07-21 03:57:43','2016-07-21 03:57:43'),(215,'voluptatemtotam','2016-07-21 03:57:43','2016-07-21 03:57:43'),(216,'iurecupiditatesimilique','2016-07-21 03:57:43','2016-07-21 03:57:43'),(217,'laboriosamdistinctiovoluptas','2016-07-21 03:57:43','2016-07-21 03:57:43'),(218,'amettotamiuresequi','2016-07-21 03:57:43','2016-07-21 03:57:43'),(219,'similiqueipsum','2016-07-16 00:00:00','2016-07-16 00:00:00'),(220,'evenietmolestias','2016-07-16 00:00:00','2016-07-16 00:00:00'),(221,'molestiasrerumvelitcumque','2016-07-16 00:00:00','2016-07-16 00:00:00'),(222,'etquidem','2016-07-16 00:00:00','2016-07-16 00:00:00'),(223,'evenietpossimus','2016-07-21 03:57:43','2016-07-21 03:57:43'),(224,'iureprovident','2016-07-21 03:57:43','2016-07-21 03:57:43'),(225,'voluptatesaspernatursimiliquefaceresunt','2016-07-21 03:57:43','2016-07-21 03:57:43'),(226,'perferendismagnirepellatpariaturiure','2016-07-21 03:57:43','2016-07-21 03:57:43'),(227,'modinihilconsequaturcommodi','2016-07-21 03:57:43','2016-07-21 03:57:43'),(228,'magnialiquid','2016-07-21 03:57:43','2016-07-21 03:57:43'),(229,'eaqueminuset','2016-07-21 03:57:43','2016-07-21 03:57:43'),(230,'nequetotamnullaarchitecto','2016-07-21 03:57:43','2016-07-21 03:57:43'),(231,'assumendaquaeautsequiquis','2016-07-21 03:57:43','2016-07-21 03:57:43'),(232,'suntvoluptatevoluptascum','2016-07-21 03:57:43','2016-07-21 03:57:43'),(233,'dictaquidem','2016-07-21 03:57:43','2016-07-21 03:57:43'),(234,'delectusanimiabquidem','2016-07-21 03:57:43','2016-07-21 03:57:43'),(235,'veroquitotamoptiout','2016-07-21 03:57:43','2016-07-21 03:57:43'),(236,'atlaudantiumdicta','2016-07-21 03:57:43','2016-07-21 03:57:43'),(237,'abaut','2016-07-21 03:57:43','2016-07-21 03:57:43'),(238,'perferendisautid','2016-07-21 03:57:43','2016-07-21 03:57:43'),(239,'autcupiditate','2016-07-21 03:57:43','2016-07-21 03:57:43'),(240,'iureipsa','2016-07-21 03:57:43','2016-07-21 03:57:43'),(241,'excepturiiusto','2016-07-21 03:57:43','2016-07-21 03:57:43'),(242,'doloremetetaperiam','2016-07-21 03:57:43','2016-07-21 03:57:43'),(243,'mollitiaculpa','2016-07-21 03:57:43','2016-07-21 03:57:43'),(244,'culparecusandaeexautaliquam','2016-07-21 03:57:43','2016-07-21 03:57:43'),(245,'quosquiblanditiis','2016-07-21 03:57:43','2016-07-21 03:57:43'),(246,'etdolorummollitia','2016-07-21 03:57:43','2016-07-21 03:57:43'),(247,'quasiprovidentfacere','2016-07-21 03:57:43','2016-07-21 03:57:43'),(248,'atofficiatotamautem','2016-07-21 03:57:43','2016-07-21 03:57:43'),(249,'magnieosin','2016-07-21 03:57:43','2016-07-21 03:57:43'),(250,'autemnulla','2016-07-21 03:57:43','2016-07-21 03:57:43'),(251,'quodundeassumenda','2016-07-21 03:57:43','2016-07-21 03:57:43'),(252,'delectusetreiciendis','2016-07-21 03:57:43','2016-07-21 03:57:43'),(253,'estquiperferendisetasperiores','2016-07-21 03:57:43','2016-07-21 03:57:43'),(254,'namfugitperferendisexpedita','2016-07-21 03:57:43','2016-07-21 03:57:43'),(255,'abdoloremquevoluptate','2016-07-21 03:57:43','2016-07-21 03:57:43'),(256,'animiassumendaatque','2016-07-21 03:57:43','2016-07-21 03:57:43'),(257,'mollitiarecusandaevelitomnis','2016-07-21 03:57:43','2016-07-21 03:57:43'),(258,'estetcorporisquisitaque','2016-07-21 03:57:43','2016-07-21 03:57:43'),(259,'perspiciatisaut','2016-07-21 03:57:43','2016-07-21 03:57:43'),(260,'quoeveniet','2016-07-21 03:57:43','2016-07-21 03:57:43'),(261,'voluptateadvoluptatemsimiliqueexplicabo','2016-07-21 03:57:43','2016-07-21 03:57:43'),(262,'facereabvoluptatesvoluptate','2016-07-21 03:57:43','2016-07-21 03:57:43'),(263,'etrepellatimpedit','2016-07-21 03:57:43','2016-07-21 03:57:43'),(264,'earumautemvoluptatesdolore','2016-07-21 03:57:43','2016-07-21 03:57:43'),(265,'velitofficiiseumadipiscilaudantium','2016-07-21 03:57:43','2016-07-21 03:57:43'),(266,'auteminestquae','2016-07-21 03:57:43','2016-07-21 03:57:43'),(267,'atquefugit','2016-07-21 03:57:43','2016-07-21 03:57:43'),(268,'veritatisdeseruntutquiatemporibus','2016-07-21 03:57:43','2016-07-21 03:57:43'),(269,'cumqueeteaque','2016-07-21 03:57:43','2016-07-21 03:57:43'),(270,'delenititemporainciduntquiatotam','2016-07-21 03:57:43','2016-07-21 03:57:43'),(271,'praesentiumdeseruntlaboriosamnihil','2016-07-21 03:57:43','2016-07-21 03:57:43'),(272,'autquisnostrum','2016-07-21 03:57:43','2016-07-21 03:57:43'),(273,'velitesse','2016-07-21 03:57:43','2016-07-21 03:57:43'),(274,'fugiatestsuscipit','2016-07-21 03:57:43','2016-07-21 03:57:43'),(275,'aliquidvel','2016-07-21 03:57:43','2016-07-21 03:57:43'),(276,'consequaturdolore','2016-07-21 03:57:43','2016-07-21 03:57:43'),(277,'nonquaefacilisbeatae','2016-07-21 03:57:43','2016-07-21 03:57:43'),(278,'corporisbeataequaerat','2016-07-21 03:57:43','2016-07-21 03:57:43'),(279,'consequaturnihilad','2016-07-21 03:57:43','2016-07-21 03:57:43'),(280,'sintrepellendusnisiidaut','2016-07-21 03:57:43','2016-07-21 03:57:43'),(281,'facilisdelectusfugitautsed','2016-07-21 03:57:43','2016-07-21 03:57:43');
/*!40000 ALTER TABLE `suppliers` ENABLE KEYS */;
UNLOCK TABLES;

--
-- Table structure for table `users`
--

DROP TABLE IF EXISTS `users`;
/*!40101 SET @saved_cs_client     = @@character_set_client */;
/*!40101 SET character_set_client = utf8 */;
CREATE TABLE `users` (
  `id` int(11) NOT NULL AUTO_INCREMENT,
  `login` varchar(255) COLLATE utf8_unicode_ci DEFAULT NULL,
  `firstname` varchar(255) COLLATE utf8_unicode_ci DEFAULT NULL,
  `lastname` varchar(255) COLLATE utf8_unicode_ci DEFAULT NULL,
  `phone` varchar(255) COLLATE utf8_unicode_ci DEFAULT NULL,
  `authentication_system_id` int(11) DEFAULT '1',
  `unique_id` varchar(255) COLLATE utf8_unicode_ci DEFAULT NULL,
  `email` varchar(255) COLLATE utf8_unicode_ci DEFAULT NULL,
  `badge_id` varchar(255) COLLATE utf8_unicode_ci DEFAULT NULL,
  `address` varchar(255) COLLATE utf8_unicode_ci DEFAULT NULL,
  `city` varchar(255) COLLATE utf8_unicode_ci DEFAULT NULL,
  `zip` varchar(255) COLLATE utf8_unicode_ci DEFAULT NULL,
  `country` varchar(255) COLLATE utf8_unicode_ci DEFAULT NULL,
  `language_id` int(11) DEFAULT NULL,
  `extended_info` text COLLATE utf8_unicode_ci,
  `settings` varchar(1024) COLLATE utf8_unicode_ci DEFAULT NULL,
  `created_at` datetime DEFAULT NULL,
  `updated_at` datetime DEFAULT NULL,
  `delegator_user_id` int(11) DEFAULT NULL,
  PRIMARY KEY (`id`),
  KEY `index_users_on_authentication_system_id` (`authentication_system_id`),
  KEY `users_language_id_fk` (`language_id`),
  KEY `users_delegator_user_id_fk` (`delegator_user_id`),
  CONSTRAINT `users_delegator_user_id_fk` FOREIGN KEY (`delegator_user_id`) REFERENCES `users` (`id`),
  CONSTRAINT `users_authentication_system_id_fk` FOREIGN KEY (`authentication_system_id`) REFERENCES `authentication_systems` (`id`),
  CONSTRAINT `users_language_id_fk` FOREIGN KEY (`language_id`) REFERENCES `languages` (`id`)
) ENGINE=InnoDB AUTO_INCREMENT=37 DEFAULT CHARSET=utf8 COLLATE=utf8_unicode_ci;
/*!40101 SET character_set_client = @saved_cs_client */;

--
-- Dumping data for table `users`
--

LOCK TABLES `users` WRITE;
/*!40000 ALTER TABLE `users` DISABLE KEYS */;
INSERT INTO `users` VALUES (1,'ramon','Ramon','C.','0127450179',1,'yp52iotr76uweheuqb','ramon@zhdk.ch','kt9nscy2p7kn8s3le6','20525 Goldner Pike','Gislasontown','T-YY8 7LT','Tanzania',2,NULL,'--- !ruby/hash:ActiveSupport::HashWithIndifferentAccess {}\n','2016-07-21 03:57:43','2016-07-21 03:57:43',NULL),(2,'ike_jaskolski_8346','Anabel','Heidenreich','05588261489',1,'4oqwkaolouin6v753e','mathilde.gutkowski@keelingbarton.biz','ibrljh9oezsvaa438n','45355 Thaddeus Park','West Kodyside','N-WM3 9PB','Netherlands',1,NULL,'--- !ruby/hash:ActiveSupport::HashWithIndifferentAccess {}\n','2016-07-21 03:57:43','2016-07-21 03:57:43',NULL),(3,'elvis_turcotte_453','Orion','Stoltenberg','0132712963',1,'mr9duqygppsvvammn4','casandra@kunze.com','n9ljez5fas5221hi9v','187 Ullrich Court','Port Brown','S-MB8X 9UE','Svalbard & Jan Mayen Islands',1,NULL,'--- !ruby/hash:ActiveSupport::HashWithIndifferentAccess {}\n','2016-07-21 03:57:43','2016-07-21 03:57:43',NULL),(4,'andy_6799','Deonte','Monahan','03624840170',1,'stwon2a09ncur32l4p','clemmie.mraz@crooks.info','ps6xsdo3k20zfj52c1','659 Armand Locks','Port Liliane','C-W4N 0BJ','Christmas Island',1,NULL,'--- !ruby/hash:ActiveSupport::HashWithIndifferentAccess {}\n','2016-07-21 03:57:43','2016-07-21 03:57:43',NULL),(5,'ayla.reinger_949','Maxime','Feil','0500312604',1,'04oyry5r7leiaf042b','antwon_conroy@schuppe.info','yp1035elht56trv43v','98365 Kautzer Oval','East Pietro','G-W6E 8EB','Guam',1,NULL,'--- !ruby/hash:ActiveSupport::HashWithIndifferentAccess {}\n','2016-07-21 03:57:43','2016-07-21 03:57:43',NULL),(6,'myriam.hodkiewicz_2503','Destini','Oberbrunner','09626939677',1,'ngcvclrir8kzwlcp3u','vance@white.biz','hqdqrpg7vrk4z3afjp','21449 Franecki Camp','Jalenhaven','I-RO7 5LR','Israel',1,NULL,'--- !ruby/hash:ActiveSupport::HashWithIndifferentAccess {}\n','2016-07-21 03:57:43','2016-07-21 03:57:43',NULL),(7,'vena.hills_6202','Cristobal','Collins','03489990664',1,'4mjod1zwxi45hq1yyg','brendan@bergstromdurgan.co.uk','leqd6cfio1gxm9bvz9','15239 Ziemann Motorway','East Lucileview','T-K99 0XA','Taiwan',1,NULL,'--- !ruby/hash:ActiveSupport::HashWithIndifferentAccess {}\n','2016-07-21 03:57:43','2016-07-21 03:57:43',NULL),(8,'matti','Matti','S.','0800372850',1,'pzlbkuzzoqa0zsinio','matti@zhdk.ch','bvr70zg7cnlxmhbbp2','452 Candelario Burg','West Issacview','L-RS4 9AA','Liberia',2,NULL,'--- !ruby/hash:ActiveSupport::HashWithIndifferentAccess {}\n','2016-07-21 03:57:43','2016-07-21 03:57:43',NULL),(9,'mike','Mike','H.','05554379510',1,'2t4z0jtwfaince8s2f','mike@zhdk.ch','vv7aird2pe6hoe2glt','80286 Watsica Trail','Littelborough','N-W8 9SB','New Caledonia',2,NULL,'--- !ruby/hash:ActiveSupport::HashWithIndifferentAccess {}\n','2016-07-21 03:57:43','2016-07-21 03:57:43',NULL),(10,'andi','Andi','Rippin','0800642457',1,'a06c60md4ut8799emf','andi@zhdk.ch','b0ohdmlnwk12mu3l37','112 Brakus Port','Beertown','B-UP3W 9WP','Belgium',2,NULL,'--- !ruby/hash:ActiveSupport::HashWithIndifferentAccess {}\n','2016-07-21 03:57:43','2016-07-21 03:57:43',NULL),(11,'francesco.mitchell_9167','Bettye','Quigley','01186763728',1,'88r77v6iw03rod3onk','ansel_bartoletti@roob.com','p97lulv3r1x1b9zd9t','6445 Berneice Lakes','South Walkerside','S-YA4 3BD','Senegal',2,NULL,'--- !ruby/hash:ActiveSupport::HashWithIndifferentAccess {}\n','2016-07-21 03:57:43','2016-07-21 03:57:43',NULL),(12,'alvina_2925','Rick','Bode','08008765835',1,'opfovl6eehwxerhuhx','eldora@cummerata.biz','m8oq5jcenzsa3warzv','909 Zora Mountain','Wisozkberg','B-Y9 1XU','Belize',1,NULL,'--- !ruby/hash:ActiveSupport::HashWithIndifferentAccess {}\n','2016-07-21 03:57:43','2016-07-21 03:57:43',NULL),(13,'alexis.kris_2965','Maia','Vandervort','05527671068',1,'zbgibozocyon4nvbwu','ilene.lubowitz@mraz.com','ffv5qi4gtk53qawz5t','29809 Okey Greens','Lindgrenburgh','C-U3E 9BP','Cyprus',1,NULL,'--- !ruby/hash:ActiveSupport::HashWithIndifferentAccess {}\n','2016-07-21 03:57:43','2016-07-21 03:57:43',NULL),(14,'vesta_5609','River','Brekke','03274072506',1,'b4xm7fqadjxitf0kmu','creola_morar@miller.co.uk','r44rgm7lamfygqdgaw','3327 Chad Square','East Winona','G-TY6 9JJ','Guatemala',1,NULL,'--- !ruby/hash:ActiveSupport::HashWithIndifferentAccess {}\n','2016-07-21 03:57:43','2016-07-21 03:57:43',NULL),(15,'erick_luettgen_1350','Emerald','Nolan','05566154064',1,'goo6rtvvn2rble47ex','luigi@wuckert.com','17qu3ctl8o9ftxcojs','54205 Kertzmann Shoal','Krajcikmouth','N-T4W 9BB','Niger',1,NULL,'--- !ruby/hash:ActiveSupport::HashWithIndifferentAccess {}\n','2016-07-21 03:57:43','2016-07-21 03:57:43',NULL),(16,'melba.torphy_160','Rogers','Steuber','0800762187',1,'eauyphudj88o3tzvcs','edyth_jakubowski@bergstrom.info','0d9fdl61c3pkf967bq','415 Mraz Neck','East Edwardo','N-Y2 8WJ','Niue',1,NULL,'--- !ruby/hash:ActiveSupport::HashWithIndifferentAccess {}\n','2016-07-21 03:57:43','2016-07-21 03:57:43',NULL),(17,'gino','Gino','F.','08270054422',1,'9a02m8aq4jsin2gpn9','gino@zhdk.ch','vzovhsus8z5na61tlk','9391 Gislason Squares','North Stephen','B-YC7 6JN','Brunei Darussalam',2,NULL,'--- !ruby/hash:ActiveSupport::HashWithIndifferentAccess {}\n','2016-07-21 03:57:43','2016-07-21 03:57:43',NULL),(18,'pius','Pius','McCullough','01159498840',1,'qp46utvu1dci416urb','pius@zhdk.ch','2l7jz2fqxeoza4hdh0','5390 Lebsack Orchard','North Gayle','F-RC5 1WN','Finland',2,NULL,'--- !ruby/hash:ActiveSupport::HashWithIndifferentAccess {}\n','2016-07-21 03:57:43','2016-07-21 03:57:43',NULL),(19,'peter','Peter','Silie','01329058811',1,'ogdwrq00sq00tv12wl','peter@silie.com','fovrmwn1q5n216o1v5','260 Hodkiewicz Path','East Gayton','N-A6 2YA','New Caledonia',2,NULL,'--- !ruby/hash:ActiveSupport::HashWithIndifferentAccess {}\n','2016-07-21 03:57:43','2016-07-21 03:57:43',NULL),(20,'felipe_6109','Friedrich','Langworth','01748542050',1,'qnrlpx51rtpkn3levw','yasmeen@dietrichcorwin.com','29szhcekvmzvigrb8i','49741 Michael Vista','Port Shawna','N-WS1V 7BY','Norway',1,NULL,'--- !ruby/hash:ActiveSupport::HashWithIndifferentAccess {}\n','2016-07-21 03:57:43','2016-07-21 03:57:43',NULL),(21,'markus_2484','Ashton','Wolf','01973194868',1,'w7iivfgh705gnl7g9g','dale@sengerwill.co.uk','pqzsh6144zdblg16ub','48172 Aiyana Motorway','South Bertram','B-W6 8BL','Belarus',1,NULL,'--- !ruby/hash:ActiveSupport::HashWithIndifferentAccess {}\n','2016-07-21 03:57:43','2016-07-21 03:57:43',NULL),(22,'stanford_324','Sylvan','Hayes','0123400943',1,'7k673cbpw0voljsqlp','eva_vonrueden@mann.info','xs83qklfocwuw6hvk3','93388 Gilbert Via','Oliverland','B-T4 2JA','Bermuda',1,NULL,'--- !ruby/hash:ActiveSupport::HashWithIndifferentAccess {}\n','2016-07-21 03:57:43','2016-07-21 03:57:43',NULL),(23,'tom_5273','Bertram','Emard','0500805616',1,'hhjiq6l24am6npeduk','evans@handstiedemann.biz','t0k0tvwocbdbradvli','822 Marcos Meadows','East Bernadineberg','C-G8 8FF','Cayman Islands',1,NULL,'--- !ruby/hash:ActiveSupport::HashWithIndifferentAccess {}\n','2016-07-21 03:57:43','2016-07-21 03:57:43',NULL),(24,'felipa_696','Lew','Keebler','0500131940',1,'gkpzk2ih48sri5sk9e','julia_eichmann@cartwright.info','3ne6rx51h98of2xlbx','3005 Diana Springs','South Keaganside','B-R6Y 1YL','Benin',1,NULL,'--- !ruby/hash:ActiveSupport::HashWithIndifferentAccess {}\n','2016-07-16 00:00:00','2016-07-16 00:00:00',NULL),(25,'angela.gorczany_3614','Emory','Haley','05662037833',1,'s8ghggbl1rfifdrzqx','darryl.ko@jaskolskinicolas.co.uk','v7iylpywe4y8zjlj73','738 Jazlyn Wells','West Marcelburgh','S-CO5 5EN','Saint Lucia',1,NULL,'--- !ruby/hash:ActiveSupport::HashWithIndifferentAccess {}\n','2016-07-16 00:00:00','2016-07-16 00:00:00',NULL),(26,'pete_9295','Karina','Dibbert','05555315031',1,'8lo6q8751tybypjwpf','lauryn.oberbrunner@kovacek.com','rlcga2ieiefwt952pf','927 Cremin Island','New Otiliamouth','G-W4 9EA','Georgia',1,NULL,'--- !ruby/hash:ActiveSupport::HashWithIndifferentAccess {}\n','2016-07-21 03:57:43','2016-07-21 03:57:43',NULL),(27,'marta_7116','Stanton','Langosh','0800711429',1,'r63hkxxybedyeofp2j','casimir@boyerward.name','ld1gswk8wfll2n5k1t','13044 Rylan Forest','Champlinton','N-SA5 2HE','Netherlands',1,NULL,'--- !ruby/hash:ActiveSupport::HashWithIndifferentAccess {}\n','2016-07-21 03:57:43','2016-07-21 03:57:43',NULL),(28,'mina','Mina','Hayes','08932681061',1,'4rvakersoe1avtj85d','mina@zhdk.ch','v95ha16o11c8xy3ck0','66596 Marvin River','Joycestad','E-YD8 8UG','Estonia',1,NULL,'--- !ruby/hash:ActiveSupport::HashWithIndifferentAccess {}\n','2016-07-21 03:57:43','2016-07-21 03:57:43',NULL),(29,'julie','Julie','Lesch','08005697022',1,'2yudev6lg51wbqc7ry','julie@zhdk.ch','v1wxdfnywtrygdb0kd','4512 Heathcote Underpass','Port Breana','R-C7Y 5AL','Rwanda',1,NULL,'--- !ruby/hash:ActiveSupport::HashWithIndifferentAccess {}\n','2016-07-21 03:57:43','2016-07-21 03:57:43',NULL),(30,NULL,'Aliquid qui quia est ipsam aut.',NULL,NULL,NULL,NULL,NULL,NULL,NULL,NULL,NULL,NULL,1,NULL,'--- !ruby/hash:ActiveSupport::HashWithIndifferentAccess {}\n','2016-07-21 03:57:43','2016-07-21 03:57:43',29),(31,NULL,'Et culpa voluptatibus rerum sint rerum dolor.',NULL,NULL,NULL,NULL,NULL,NULL,NULL,NULL,NULL,NULL,1,NULL,'--- !ruby/hash:ActiveSupport::HashWithIndifferentAccess {}\n','2016-07-21 03:57:43','2016-07-21 03:57:43',28),(32,NULL,'Odio eos perspiciatis id ipsa vel.',NULL,NULL,NULL,NULL,NULL,NULL,NULL,NULL,NULL,NULL,1,NULL,'--- !ruby/hash:ActiveSupport::HashWithIndifferentAccess {}\n','2016-07-21 03:57:43','2016-07-21 03:57:43',28),(33,NULL,'Pariatur non saepe amet eligendi eum autem dolore.',NULL,NULL,NULL,NULL,NULL,NULL,NULL,NULL,NULL,NULL,1,NULL,'--- !ruby/hash:ActiveSupport::HashWithIndifferentAccess {}\n','2016-07-21 03:57:43','2016-07-21 03:57:43',28),(34,'normin','Normin','N.','01851226735',1,'ay6agw6dl1uhzivkgl','normin@zhdk.ch','gh6zrkhbsi2iejjtk4','894 Hermiston Extensions','Percyside','H-T8W 7LL','Hong Kong',2,NULL,'--- !ruby/hash:ActiveSupport::HashWithIndifferentAccess {}\n','2016-07-21 03:57:43','2016-07-21 03:57:43',NULL),(35,'petra','Petra','K.','0169771529',1,'p0ky6v2re9myfopt8l','petra@zhdk.ch','xtn08cr4ec6vrt6ak7','25188 Ashley Falls, ','Cordiemouth','C-FP5A 1PY','Cayman Islands',2,NULL,'--- !ruby/hash:ActiveSupport::HashWithIndifferentAccess {}\n','2016-07-21 03:57:43','2016-07-21 03:57:43',NULL),(36,'lisa','Lisa','L.','01554712251',1,'lvlr5ujo63apwv4y6d','lisa@zhdk.ch','f0paozcqva6ayyybgd','33853 Audrey Crossing','Lake Devynville','P-TH96 2UA','Paraguay',2,NULL,'--- !ruby/hash:ActiveSupport::HashWithIndifferentAccess {}\n','2016-07-21 03:57:43','2016-07-21 03:57:43',NULL);
/*!40000 ALTER TABLE `users` ENABLE KEYS */;
UNLOCK TABLES;

--
-- Temporary table structure for view `visit_lines`
--

DROP TABLE IF EXISTS `visit_lines`;
/*!50001 DROP VIEW IF EXISTS `visit_lines`*/;
SET @saved_cs_client     = @@character_set_client;
SET character_set_client = utf8;
/*!50001 CREATE TABLE `visit_lines` (
  `visit_id` varchar(148),
  `inventory_pool_id` int(11),
  `user_id` int(11),
  `delegated_user_id` int(11),
  `status` enum('unsubmitted','submitted','rejected','approved','signed','closed'),
  `action` varchar(9),
  `date` date,
  `quantity` int(11),
  `contract_line_id` int(11)
) ENGINE=MyISAM */;
SET character_set_client = @saved_cs_client;

--
-- Temporary table structure for view `visits`
--

DROP TABLE IF EXISTS `visits`;
/*!50001 DROP VIEW IF EXISTS `visits`*/;
SET @saved_cs_client     = @@character_set_client;
SET character_set_client = utf8;
/*!50001 CREATE TABLE `visits` (
  `id` varchar(148),
  `inventory_pool_id` int(11),
  `user_id` int(11),
  `status` enum('unsubmitted','submitted','rejected','approved','signed','closed'),
  `action` varchar(9),
  `date` date,
  `quantity` decimal(32,0)
) ENGINE=MyISAM */;
SET character_set_client = @saved_cs_client;

--
-- Table structure for table `workdays`
--

DROP TABLE IF EXISTS `workdays`;
/*!40101 SET @saved_cs_client     = @@character_set_client */;
/*!40101 SET character_set_client = utf8 */;
CREATE TABLE `workdays` (
  `id` int(11) NOT NULL AUTO_INCREMENT,
  `inventory_pool_id` int(11) DEFAULT NULL,
  `monday` tinyint(1) DEFAULT '1',
  `tuesday` tinyint(1) DEFAULT '1',
  `wednesday` tinyint(1) DEFAULT '1',
  `thursday` tinyint(1) DEFAULT '1',
  `friday` tinyint(1) DEFAULT '1',
  `saturday` tinyint(1) DEFAULT '0',
  `sunday` tinyint(1) DEFAULT '0',
  PRIMARY KEY (`id`),
  KEY `index_workdays_on_inventory_pool_id` (`inventory_pool_id`),
  CONSTRAINT `workdays_inventory_pool_id_fk` FOREIGN KEY (`inventory_pool_id`) REFERENCES `inventory_pools` (`id`) ON DELETE CASCADE
) ENGINE=InnoDB AUTO_INCREMENT=14 DEFAULT CHARSET=utf8 COLLATE=utf8_unicode_ci;
/*!40101 SET character_set_client = @saved_cs_client */;

--
-- Dumping data for table `workdays`
--

LOCK TABLES `workdays` WRITE;
/*!40000 ALTER TABLE `workdays` DISABLE KEYS */;
INSERT INTO `workdays` VALUES (1,1,1,1,1,1,1,0,0),(2,2,1,1,1,1,1,0,0),(3,3,1,1,1,1,1,0,0),(4,4,1,1,1,1,1,0,0),(5,5,1,1,1,1,1,0,0),(6,6,1,1,1,1,1,0,0),(7,7,1,1,1,1,1,0,0),(8,8,1,1,1,1,1,0,0),(9,9,1,1,1,1,1,0,0),(10,10,1,1,1,1,1,0,0),(11,11,1,1,1,1,1,0,0),(12,12,1,1,1,1,1,0,0),(13,13,1,1,1,1,1,0,0);
/*!40000 ALTER TABLE `workdays` ENABLE KEYS */;
UNLOCK TABLES;

--
-- Final view structure for view `partitions_with_generals`
--

/*!50001 DROP TABLE IF EXISTS `partitions_with_generals`*/;
/*!50001 DROP VIEW IF EXISTS `partitions_with_generals`*/;
/*!50001 SET @saved_cs_client          = @@character_set_client */;
/*!50001 SET @saved_cs_results         = @@character_set_results */;
/*!50001 SET @saved_col_connection     = @@collation_connection */;
/*!50001 SET character_set_client      = utf8 */;
/*!50001 SET character_set_results     = utf8 */;
/*!50001 SET collation_connection      = utf8_general_ci */;
/*!50001 CREATE ALGORITHM=UNDEFINED */
/*!50001 VIEW `partitions_with_generals` AS select `partitions`.`model_id` AS `model_id`,`partitions`.`inventory_pool_id` AS `inventory_pool_id`,`partitions`.`group_id` AS `group_id`,`partitions`.`quantity` AS `quantity` from `partitions` union select `i`.`model_id` AS `model_id`,`i`.`inventory_pool_id` AS `inventory_pool_id`,NULL AS `group_id`,(count(`i`.`id`) - ifnull((select sum(`p`.`quantity`) from `partitions` `p` where ((`p`.`model_id` = `i`.`model_id`) and (`p`.`inventory_pool_id` = `i`.`inventory_pool_id`)) group by `p`.`inventory_pool_id`,`p`.`model_id`),0)) AS `quantity` from `items` `i` where (isnull(`i`.`retired`) and (`i`.`is_borrowable` = 1) and isnull(`i`.`parent_id`)) group by `i`.`inventory_pool_id`,`i`.`model_id` */;
/*!50001 SET character_set_client      = @saved_cs_client */;
/*!50001 SET character_set_results     = @saved_cs_results */;
/*!50001 SET collation_connection      = @saved_col_connection */;

--
-- Final view structure for view `visit_lines`
--

/*!50001 DROP TABLE IF EXISTS `visit_lines`*/;
/*!50001 DROP VIEW IF EXISTS `visit_lines`*/;
/*!50001 SET @saved_cs_client          = @@character_set_client */;
/*!50001 SET @saved_cs_results         = @@character_set_results */;
/*!50001 SET @saved_col_connection     = @@collation_connection */;
/*!50001 SET character_set_client      = utf8 */;
/*!50001 SET character_set_results     = utf8 */;
/*!50001 SET collation_connection      = utf8_general_ci */;
/*!50001 CREATE ALGORITHM=UNDEFINED */
/*!50001 VIEW `visit_lines` AS select hex(concat_ws('_',if((`c`.`status` = 'approved'),`cl`.`start_date`,`cl`.`end_date`),`c`.`inventory_pool_id`,`c`.`user_id`,`c`.`status`)) AS `visit_id`,`c`.`inventory_pool_id` AS `inventory_pool_id`,`c`.`user_id` AS `user_id`,`c`.`delegated_user_id` AS `delegated_user_id`,`c`.`status` AS `status`,if((`c`.`status` = 'approved'),'hand_over','take_back') AS `action`,if((`c`.`status` = 'approved'),`cl`.`start_date`,`cl`.`end_date`) AS `date`,`cl`.`quantity` AS `quantity`,`cl`.`id` AS `contract_line_id` from (`contract_lines` `cl` join `contracts` `c` on((`cl`.`contract_id` = `c`.`id`))) where ((`c`.`status` in ('approved','signed')) and isnull(`cl`.`returned_date`)) order by if((`c`.`status` = 'approved'),`cl`.`start_date`,`cl`.`end_date`) */;
/*!50001 SET character_set_client      = @saved_cs_client */;
/*!50001 SET character_set_results     = @saved_cs_results */;
/*!50001 SET collation_connection      = @saved_col_connection */;

--
-- Final view structure for view `visits`
--

/*!50001 DROP TABLE IF EXISTS `visits`*/;
/*!50001 DROP VIEW IF EXISTS `visits`*/;
/*!50001 SET @saved_cs_client          = @@character_set_client */;
/*!50001 SET @saved_cs_results         = @@character_set_results */;
/*!50001 SET @saved_col_connection     = @@collation_connection */;
/*!50001 SET character_set_client      = utf8 */;
/*!50001 SET character_set_results     = utf8 */;
/*!50001 SET collation_connection      = utf8_general_ci */;
/*!50001 CREATE ALGORITHM=UNDEFINED */
/*!50001 VIEW `visits` AS select hex(concat_ws('_',`visit_lines`.`date`,`visit_lines`.`inventory_pool_id`,`visit_lines`.`user_id`,`visit_lines`.`status`)) AS `id`,`visit_lines`.`inventory_pool_id` AS `inventory_pool_id`,`visit_lines`.`user_id` AS `user_id`,`visit_lines`.`status` AS `status`,`visit_lines`.`action` AS `action`,`visit_lines`.`date` AS `date`,sum(`visit_lines`.`quantity`) AS `quantity` from `visit_lines` group by `visit_lines`.`user_id`,`visit_lines`.`status`,`visit_lines`.`date`,`visit_lines`.`inventory_pool_id` */;
/*!50001 SET character_set_client      = @saved_cs_client */;
/*!50001 SET character_set_results     = @saved_cs_results */;
/*!50001 SET collation_connection      = @saved_col_connection */;
/*!40103 SET TIME_ZONE=@OLD_TIME_ZONE */;

/*!40101 SET SQL_MODE=@OLD_SQL_MODE */;
/*!40014 SET FOREIGN_KEY_CHECKS=@OLD_FOREIGN_KEY_CHECKS */;
/*!40014 SET UNIQUE_CHECKS=@OLD_UNIQUE_CHECKS */;
/*!40101 SET CHARACTER_SET_CLIENT=@OLD_CHARACTER_SET_CLIENT */;
/*!40101 SET CHARACTER_SET_RESULTS=@OLD_CHARACTER_SET_RESULTS */;
/*!40101 SET COLLATION_CONNECTION=@OLD_COLLATION_CONNECTION */;
/*!40111 SET SQL_NOTES=@OLD_SQL_NOTES */;

-- Dump completed on 2014-09-05 14:28:26
COMMIT;
