SET autocommit=0; SET unique_checks=0; SET foreign_key_checks=0;
-- MySQL dump 10.13  Distrib 5.1.48, for apple-darwin10.3.0 (i386)
--
-- Host: localhost    Database: leihs2_test
-- ------------------------------------------------------
-- Server version	5.1.48

/*!40101 SET @OLD_CHARACTER_SET_CLIENT=@@CHARACTER_SET_CLIENT */;
/*!40101 SET @OLD_CHARACTER_SET_RESULTS=@@CHARACTER_SET_RESULTS */;
/*!40101 SET @OLD_COLLATION_CONNECTION=@@COLLATION_CONNECTION */;
/*!40101 SET NAMES utf8 */;
/*!40103 SET @OLD_TIME_ZONE=@@TIME_ZONE */;
/*!40103 SET TIME_ZONE='+00:00' */;
/*!40014 SET @OLD_UNIQUE_CHECKS=@@UNIQUE_CHECKS, UNIQUE_CHECKS=0 */;
/*!40014 SET @OLD_FOREIGN_KEY_CHECKS=@@FOREIGN_KEY_CHECKS, FOREIGN_KEY_CHECKS=0 */;
/*!40101 SET @OLD_SQL_MODE=@@SQL_MODE, SQL_MODE='NO_AUTO_VALUE_ON_ZERO' */;
/*!40111 SET @OLD_SQL_NOTES=@@SQL_NOTES, SQL_NOTES=0 */;

--
-- Table structure for table `access_rights`
--

DROP TABLE IF EXISTS `access_rights`;
/*!40101 SET @saved_cs_client     = @@character_set_client */;
/*!40101 SET character_set_client = utf8 */;
CREATE TABLE `access_rights` (
  `id` int(11) NOT NULL AUTO_INCREMENT,
  `user_id` int(11) DEFAULT NULL,
  `inventory_pool_id` int(11) DEFAULT NULL,
  `suspended_until` date DEFAULT NULL,
  `suspended_reason` text COLLATE utf8_unicode_ci,
  `deleted_at` date DEFAULT NULL,
  `created_at` datetime DEFAULT NULL,
  `updated_at` datetime DEFAULT NULL,
  `role` enum('customer','group_manager','lending_manager','inventory_manager','admin') COLLATE utf8_unicode_ci NOT NULL,
  PRIMARY KEY (`id`),
  KEY `index_access_rights_on_suspended_until` (`suspended_until`),
  KEY `index_access_rights_on_deleted_at` (`deleted_at`),
  KEY `index_access_rights_on_inventory_pool_id` (`inventory_pool_id`),
  KEY `index_access_rights_on_role` (`role`),
  KEY `index_on_user_id_and_inventory_pool_id_and_deleted_at` (`user_id`,`inventory_pool_id`,`deleted_at`),
  CONSTRAINT `access_rights_user_id_fk` FOREIGN KEY (`user_id`) REFERENCES `users` (`id`),
  CONSTRAINT `access_rights_inventory_pool_id_fk` FOREIGN KEY (`inventory_pool_id`) REFERENCES `inventory_pools` (`id`) ON DELETE CASCADE
) ENGINE=InnoDB AUTO_INCREMENT=43 DEFAULT CHARSET=utf8 COLLATE=utf8_unicode_ci;
/*!40101 SET character_set_client = @saved_cs_client */;

--
-- Dumping data for table `access_rights`
--

LOCK TABLES `access_rights` WRITE;
/*!40000 ALTER TABLE `access_rights` DISABLE KEYS */;
INSERT INTO `access_rights` VALUES (1,1,NULL,NULL,NULL,NULL,'2014-12-25 21:36:42','2014-12-25 21:36:42','admin'),(2,3,3,NULL,NULL,NULL,'2014-12-25 21:36:42','2014-12-25 21:36:42','customer'),(3,4,1,NULL,NULL,NULL,'2014-12-25 21:36:42','2014-12-25 21:36:42','lending_manager'),(4,5,5,NULL,NULL,NULL,'2014-12-25 21:36:42','2014-12-25 21:36:42','customer'),(5,6,10,NULL,NULL,NULL,'2014-12-25 21:36:42','2014-12-25 21:36:42','customer'),(6,7,1,NULL,NULL,'2014-12-25','2014-12-25 21:36:42','2014-12-25 21:36:42','customer'),(7,1,1,NULL,NULL,NULL,'2014-12-25 21:36:42','2014-12-25 21:36:42','customer'),(8,8,2,NULL,NULL,NULL,'2014-12-25 21:36:42','2014-12-25 21:36:42','inventory_manager'),(9,9,1,NULL,NULL,NULL,'2014-12-25 21:36:42','2014-12-25 21:36:42','inventory_manager'),(10,9,11,NULL,NULL,NULL,'2014-12-25 21:36:42','2014-12-25 21:36:42','inventory_manager'),(11,10,1,NULL,NULL,NULL,'2014-12-25 21:36:42','2014-12-25 21:36:42','group_manager'),(12,10,2,NULL,NULL,NULL,'2014-12-25 21:36:42','2014-12-25 21:36:42','group_manager'),(13,10,3,NULL,NULL,NULL,'2014-12-25 21:36:42','2014-12-25 21:36:42','group_manager'),(14,11,1,NULL,NULL,NULL,'2014-12-25 21:36:42','2014-12-25 21:36:42','group_manager'),(15,12,1,NULL,NULL,NULL,'2014-12-25 21:36:42','2014-12-25 21:36:42','customer'),(16,13,1,'2014-12-25','suspreason',NULL,'2014-12-25 21:36:42','2014-12-25 21:36:42','customer'),(17,14,1,NULL,NULL,NULL,'2014-12-25 21:36:42','2014-12-25 21:36:42','customer'),(18,15,1,NULL,NULL,NULL,'2014-12-25 21:36:42','2014-12-25 21:36:42','customer'),(19,16,1,NULL,NULL,NULL,'2014-12-25 21:36:42','2014-12-25 21:36:42','customer'),(20,17,NULL,NULL,NULL,NULL,'2014-12-25 21:36:42','2014-12-25 21:36:42','admin'),(21,18,1,NULL,NULL,NULL,'2014-12-25 21:36:42','2014-12-25 21:36:42','lending_manager'),(22,18,2,NULL,NULL,NULL,'2014-12-25 21:36:42','2014-12-25 21:36:42','lending_manager'),(23,19,1,NULL,NULL,NULL,'2014-12-25 21:36:42','2014-12-25 21:36:42','customer'),(24,20,1,NULL,NULL,NULL,'2014-12-25 21:36:42','2014-12-25 21:36:42','customer'),(25,21,1,NULL,NULL,NULL,'2014-12-25 21:36:42','2014-12-25 21:36:42','customer'),(26,22,1,NULL,NULL,NULL,'2014-12-25 21:36:42','2014-12-25 21:36:42','customer'),(27,23,1,NULL,NULL,NULL,'2014-12-25 21:36:42','2014-12-25 21:36:42','customer'),(28,24,2,'2014-12-21','Quibusdam optio velit voluptas.',NULL,'2014-12-20 00:00:00','2014-12-20 00:00:00','customer'),(29,28,1,NULL,NULL,NULL,'2014-12-25 21:36:42','2014-12-25 21:36:42','customer'),(30,29,1,NULL,NULL,NULL,'2014-12-25 21:36:42','2014-12-25 21:36:42','customer'),(31,30,1,NULL,NULL,NULL,'2014-12-25 21:36:42','2014-12-25 21:36:42','customer'),(32,31,1,NULL,NULL,NULL,'2014-12-25 21:36:42','2014-12-25 21:36:42','customer'),(33,33,1,NULL,NULL,NULL,'2014-12-25 21:36:42','2014-12-25 21:36:42','customer'),(34,33,12,NULL,NULL,NULL,'2014-12-25 21:36:42','2014-12-25 21:36:42','customer'),(35,33,13,NULL,NULL,NULL,'2014-12-25 21:36:42','2014-12-25 21:36:42','customer'),(36,33,14,NULL,NULL,NULL,'2014-12-25 21:36:42','2014-12-25 21:36:42','customer'),(37,34,1,NULL,NULL,NULL,'2014-12-25 21:36:42','2014-12-25 21:36:42','customer'),(38,34,2,NULL,NULL,NULL,'2014-12-25 21:36:42','2014-12-25 21:36:42','customer'),(39,34,3,NULL,NULL,NULL,'2014-12-25 21:36:42','2014-12-25 21:36:42','customer'),(40,34,14,NULL,NULL,'2014-12-24','2014-12-25 21:36:42','2014-12-25 21:36:42','customer'),(41,35,1,NULL,NULL,NULL,'2014-12-25 21:36:42','2014-12-25 21:36:42','customer'),(42,36,1,NULL,NULL,NULL,'2014-12-25 21:36:42','2014-12-25 21:36:42','customer');
/*!40000 ALTER TABLE `access_rights` ENABLE KEYS */;
UNLOCK TABLES;

--
-- Table structure for table `accessories`
--

DROP TABLE IF EXISTS `accessories`;
/*!40101 SET @saved_cs_client     = @@character_set_client */;
/*!40101 SET character_set_client = utf8 */;
CREATE TABLE `accessories` (
  `id` int(11) NOT NULL AUTO_INCREMENT,
  `model_id` int(11) DEFAULT NULL,
  `name` varchar(255) COLLATE utf8_unicode_ci DEFAULT NULL,
  `quantity` int(11) DEFAULT NULL,
  PRIMARY KEY (`id`),
  KEY `index_accessories_on_model_id` (`model_id`),
  CONSTRAINT `accessories_model_id_fk` FOREIGN KEY (`model_id`) REFERENCES `models` (`id`) ON DELETE CASCADE
) ENGINE=InnoDB AUTO_INCREMENT=531 DEFAULT CHARSET=utf8 COLLATE=utf8_unicode_ci;
/*!40101 SET character_set_client = @saved_cs_client */;

--
-- Dumping data for table `accessories`
--

LOCK TABLES `accessories` WRITE;
/*!40000 ALTER TABLE `accessories` DISABLE KEYS */;
INSERT INTO `accessories` VALUES (1,1,'Dr. Bernice Lemke',NULL),(2,1,'Bethel Dickinson',NULL),(3,1,'Dr. Emile Stark',NULL),(4,2,'Jasper Flatley',NULL),(5,2,'Maryjane Hills',NULL),(6,2,'Demario Davis',NULL),(7,2,'Hubert Lang',NULL),(8,3,'Price Heaney',NULL),(9,4,'Jonathan Okuneva V',NULL),(10,4,'Zelda Swaniawski',NULL),(11,4,'Rosario McKenzie',NULL),(12,4,'Brisa Grady',NULL),(13,5,'Valentine McLaughlin',NULL),(14,5,'Mrs. Kody O\'Keefe',NULL),(15,5,'Delphine Huel',NULL),(16,5,'Reuben Krajcik Jr.',NULL),(17,6,'Demarco Zemlak',NULL),(18,6,'Aleen Lockman MD',NULL),(19,6,'Alf Rowe',NULL),(20,6,'Agustina Breitenberg',NULL),(21,6,'Doug Funk',NULL),(22,7,'Ms. Makenzie Russel',NULL),(23,7,'Mitchel Block',NULL),(24,8,'Zena Hodkiewicz',NULL),(25,8,'Heloise Anderson',NULL),(26,8,'Gabriel Batz',NULL),(27,9,'Gabe Jacobi Jr.',NULL),(28,9,'Gloria Hickle',NULL),(29,10,'Tillman Upton',NULL),(30,11,'Mrs. Clarabelle Senger',NULL),(31,11,'Tremayne Rippin',NULL),(32,11,'Myah Carroll',NULL),(33,11,'Camryn Beatty',NULL),(34,12,'Nicklaus Vandervort',NULL),(35,12,'Eleanora Gerhold',NULL),(36,12,'Mrs. Liana Ritchie',NULL),(37,13,'Rhett Hoppe',NULL),(38,13,'Christop Abernathy PhD',NULL),(39,13,'Carmen Jacobi',NULL),(40,13,'Stephania Friesen',NULL),(41,13,'Armando Daniel',NULL),(42,14,'Ms. Art Friesen',NULL),(43,15,'Krista Hegmann',NULL),(44,15,'Grady Kirlin I',NULL),(45,15,'Pinkie Hauck',NULL),(46,16,'Priscilla D\'Amore',NULL),(47,16,'Zechariah Marquardt II',NULL),(48,16,'Catherine Robel',NULL),(49,16,'Lukas Kihn',NULL),(50,16,'Adah Kuhic',NULL),(51,17,'Macie Dickens',NULL),(52,18,'Daniela Zulauf',NULL),(53,18,'Mrs. Yadira Boehm',NULL),(54,18,'Winston Thiel PhD',NULL),(55,18,'Arden Stoltenberg',NULL),(56,18,'Stephany Hackett DVM',NULL),(57,19,'Alec Heaney',NULL),(58,19,'Addison Kerluke',NULL),(59,19,'Eileen Osinski',NULL),(60,19,'Jasen Batz',NULL),(61,20,'Alize Grant',NULL),(62,21,'Zion Heller',NULL),(63,21,'Bette Medhurst',NULL),(64,21,'Judson Bogisich',NULL),(65,22,'Shanelle Waters',NULL),(66,23,'Eldred Gerhold',NULL),(67,24,'Lindsey Connelly',NULL),(68,25,'Violette Ruecker',NULL),(69,25,'Sigmund Greenholt',NULL),(70,25,'Beau King',NULL),(71,26,'Nicolette Rippin',NULL),(72,26,'Fidel Mann',NULL),(73,26,'Christine Bednar',NULL),(74,27,'Bethany Hegmann',NULL),(75,27,'Dr. Alexandrine Bradtke',NULL),(76,27,'Doug Bailey',NULL),(77,27,'Karianne Fadel',NULL),(78,28,'Jerrod Gerhold',NULL),(79,28,'Jonatan Metz',NULL),(80,28,'Lula Jenkins',NULL),(81,28,'Benny Powlowski',NULL),(82,28,'Maryse Rodriguez',NULL),(83,29,'Adaline Daugherty',NULL),(84,29,'Mrs. Crystal Schoen',NULL),(85,29,'Reed Gibson',NULL),(86,30,'Marcelo McDermott Jr.',NULL),(87,30,'Karli Kling I',NULL),(88,30,'Rachelle Lemke',NULL),(89,30,'Branson Denesik',NULL),(90,31,'Korbin Pfeffer',NULL),(91,31,'Mrs. Zachary White',NULL),(92,31,'Victoria Daniel',NULL),(93,32,'Kelsie Botsford III',NULL),(94,32,'Reymundo Swift',NULL),(95,33,'Issac Effertz DVM',NULL),(96,33,'Dustin Volkman',NULL),(97,33,'Cassandra O\'Keefe Jr.',NULL),(98,34,'Ole Rutherford',NULL),(99,34,'Akeem Graham',NULL),(100,34,'Alan Mueller',NULL),(101,35,'Maxie Walsh',NULL),(102,35,'Mrs. Cristopher Walker',NULL),(103,35,'Harmony Strosin',NULL),(104,35,'Bridgette Gorczany',NULL),(105,36,'Shanon Breitenberg',NULL),(106,36,'Madge Cronin',NULL),(107,37,'Kurt Moore',NULL),(108,37,'Tony Connelly DDS',NULL),(109,37,'Myrtie Conroy',NULL),(110,38,'Hollis Walker',NULL),(111,38,'Earl Gislason',NULL),(112,39,'Willard Hessel MD',NULL),(113,39,'Dolores Rodriguez I',NULL),(114,39,'Ricky Schulist',NULL),(115,40,'Jaylon Legros',NULL),(116,40,'Mrs. Kylee Huels',NULL),(117,41,'Amara Lind',NULL),(118,41,'Miss Dexter Berge',NULL),(119,41,'Morris Osinski',NULL),(120,42,'Elza Dare',NULL),(121,43,'Christ Marks DDS',NULL),(122,43,'Mr. Glenna Hintz',NULL),(123,43,'Magali Hoeger',NULL),(124,44,'Eduardo Nolan',NULL),(125,44,'Abelardo Schaden',NULL),(126,44,'Shanelle Wolf',NULL),(127,44,'Anastasia Bartoletti',NULL),(128,45,'Annabelle Hahn',NULL),(129,45,'Miss Andreane Hansen',NULL),(130,46,'Jonas Jakubowski',NULL),(131,46,'Dr. Richie Dooley',NULL),(132,46,'Rickey Koss',NULL),(133,47,'General Lindgren',NULL),(134,48,'Gunnar Steuber',NULL),(135,49,'Dr. Keagan Bergstrom',NULL),(136,49,'Alford Franecki',NULL),(137,49,'Ottis Thiel IV',NULL),(138,49,'Hortense Block',NULL),(139,50,'Braxton Botsford',NULL),(140,50,'Abbie King',NULL),(141,51,'Jailyn Legros',NULL),(142,51,'Jamarcus Stanton',NULL),(143,51,'Deangelo Grant',NULL),(144,52,'Pearl Gorczany',NULL),(145,52,'Mrs. Gladys Heller',NULL),(146,53,'Marcella Johnston',NULL),(147,53,'Shanon Bernhard',NULL),(148,54,'Louisa Bernier',NULL),(149,54,'Sister Kessler',NULL),(150,54,'Sister Johnson',NULL),(151,54,'Winfield Roberts',NULL),(152,54,'Marilou Herzog I',NULL),(153,55,'Karli Mraz',NULL),(154,55,'Beth Frami',NULL),(155,55,'Dalton Hansen',NULL),(156,55,'Anthony Bode',NULL),(157,56,'Lamar Nolan',NULL),(158,56,'Archibald Konopelski',NULL),(159,56,'Milton Barton',NULL),(160,56,'Kale Lakin',NULL),(161,56,'Rosemary Kautzer',NULL),(162,57,'Yazmin Daniel Jr.',NULL),(163,58,'Destany Williamson II',NULL),(164,58,'Chauncey Daniel',NULL),(165,58,'Hulda Jacobson',NULL),(166,58,'Tad Wehner',NULL),(167,59,'Westley Carroll',NULL),(168,59,'Daryl Howe V',NULL),(169,59,'Micheal Haag V',NULL),(170,59,'Mr. Brandyn Schimmel',NULL),(171,59,'Tevin Legros',NULL),(172,60,'Alta Jacobs',NULL),(173,60,'Alessia Gibson',NULL),(174,60,'Alene Cronin',NULL),(175,60,'Dr. Kiley Brekke',NULL),(176,61,'Mrs. Viviane Reilly',NULL),(177,61,'Jeremie Simonis',NULL),(178,61,'Lauryn Block MD',NULL),(179,61,'Mr. Justus O\'Kon',NULL),(180,61,'Glenda Veum',NULL),(181,62,'Ayden Stamm',NULL),(182,62,'Neoma Becker',NULL),(183,62,'Eldridge Padberg',NULL),(184,62,'Matt Maggio',NULL),(185,62,'Nellie Langworth',NULL),(186,63,'Ardella Reichert',NULL),(187,64,'Cletus Beatty',NULL),(188,64,'Scot Boehm',NULL),(189,64,'Bennett Stroman',NULL),(190,64,'Ms. Vincenza Daugherty',NULL),(191,64,'Mikayla Fay',NULL),(192,65,'Elza Ruecker',NULL),(193,65,'Mrs. Efrain Rempel',NULL),(194,65,'Waylon Greenholt',NULL),(195,65,'Mrs. Kayley Mraz',NULL),(196,66,'Leslie Paucek Sr.',NULL),(197,66,'Hyman Krajcik',NULL),(198,66,'Aleen Weber',NULL),(199,67,'Justen Halvorson',NULL),(200,67,'Lavada Franecki',NULL),(201,67,'Jamil Lindgren',NULL),(202,67,'Karl Cronin',NULL),(203,68,'Dr. Cheyenne Dare',NULL),(204,68,'Leanna Bashirian',NULL),(205,68,'Jamil Osinski V',NULL),(206,69,'Rey Bogisich',NULL),(207,69,'Steve Borer',NULL),(208,69,'Kiarra Kutch',NULL),(209,69,'Melody Kunde',NULL),(210,70,'Janae Fritsch',NULL),(211,70,'Jazmyne Raynor',NULL),(212,71,'Alycia Herzog',NULL),(213,72,'Noe Lemke',NULL),(214,72,'Miss Violet Littel',NULL),(215,72,'Alexys Russel',NULL),(216,72,'Herta Schumm V',NULL),(217,72,'Aliyah Langosh',NULL),(218,73,'Mr. Clifford Daugherty',NULL),(219,73,'Chase Wisozk Sr.',NULL),(220,73,'Margot Gleichner II',NULL),(221,73,'Nyah Smith',NULL),(222,74,'Mr. Frederick Cole',NULL),(223,74,'Dr. Isabel Lubowitz',NULL),(224,74,'Mrs. Ashly Hartmann',NULL),(225,74,'Dusty Boyle',NULL),(226,74,'Audie Lebsack',NULL),(227,75,'Gina Wilkinson',NULL),(228,76,'Clinton Lehner III',NULL),(229,76,'Dr. Zackery Ullrich',NULL),(230,76,'Liza Ferry',NULL),(231,76,'Amber Spinka',NULL),(232,77,'Stevie Hoeger I',NULL),(233,77,'Miss Santino Rempel',NULL),(234,77,'Yasmeen Streich',NULL),(235,77,'Kay Kautzer',NULL),(236,77,'Jorge Graham',NULL),(237,78,'Hayley Mosciski',NULL),(238,78,'Lisa Koss',NULL),(239,79,'Alessandro Wisoky',NULL),(240,80,'Sunny Sawayn',NULL),(241,80,'Lucinda Schiller',NULL),(242,80,'Constantin Beahan',NULL),(243,81,'Luigi Dooley',NULL),(244,81,'Ms. Twila Collier',NULL),(245,82,'Kip Ledner Jr.',NULL),(246,82,'Ms. Emmett Collier',NULL),(247,82,'Constance Mueller',NULL),(248,82,'Sally Streich',NULL),(249,82,'Zachary Swaniawski',NULL),(250,83,'Kiley Bayer',NULL),(251,83,'Ms. Aliyah Wisozk',NULL),(252,83,'Bernhard Ward',NULL),(253,83,'Houston Medhurst',NULL),(254,83,'Domenick Legros',NULL),(255,84,'Hector Ritchie',NULL),(256,84,'Jacinto Yundt',NULL),(257,84,'Carrie Altenwerth',NULL),(258,84,'Mr. Brown Kunze',NULL),(259,85,'Dr. Guadalupe O\'Reilly',NULL),(260,85,'Mervin Schumm',NULL),(261,86,'Chesley Gulgowski',NULL),(262,86,'Gladyce Yundt',NULL),(263,86,'Remington Hoppe',NULL),(264,86,'Estefania Reichel IV',NULL),(265,86,'Javonte Sauer Jr.',NULL),(266,87,'Eudora Greenfelder',NULL),(267,87,'Ramona Haley',NULL),(268,88,'Ms. Monserrat Deckow',NULL),(269,88,'Oswaldo Ziemann I',NULL),(270,89,'Sabrina Towne',NULL),(271,89,'Newton Champlin',NULL),(272,89,'Dr. Jeffry Haley',NULL),(273,89,'Granville Reynolds',NULL),(274,89,'Bethany Boehm II',NULL),(275,90,'Ms. Isaac Homenick',NULL),(276,91,'Trent Kuhn',NULL),(277,92,'Randy Romaguera',NULL),(278,92,'Clement Ziemann',NULL),(279,92,'Barney Connelly',NULL),(280,93,'Ms. Jakayla Thompson',NULL),(281,93,'Carlo Pacocha',NULL),(282,94,'Boris Nader',NULL),(283,94,'Mr. Delaney Hansen',NULL),(284,94,'Trey Hegmann',NULL),(285,94,'Dr. Randall Watsica',NULL),(286,94,'Wyman Dibbert',NULL),(287,95,'Crystal Mitchell',NULL),(288,95,'Enos Koelpin',NULL),(289,95,'Aurelio Schuster',NULL),(290,95,'Mr. Dina Powlowski',NULL),(291,96,'Mr. Julien Kozey',NULL),(292,96,'Mr. Keenan Cronin',NULL),(293,96,'Lewis Jacobs',NULL),(294,96,'Mr. Leslie Wuckert',NULL),(295,97,'Ashly D\'Amore',NULL),(296,97,'Cortney Kutch',NULL),(297,97,'Lonny Lakin',NULL),(298,97,'Brock Nader',NULL),(299,97,'Fredy Larson',NULL),(300,98,'Dallin Langosh',NULL),(301,98,'Marguerite Crist',NULL),(302,98,'Cielo Koelpin',NULL),(303,99,'Queenie Mante',NULL),(304,99,'Yessenia Ziemann',NULL),(305,99,'Claud Reichert',NULL),(306,99,'Ms. Celia Pouros',NULL),(307,100,'Haylie Feeney',NULL),(308,100,'Sim Green',NULL),(309,100,'Mireya Willms',NULL),(310,100,'Ari Torp',NULL),(311,101,'Alyce Shields V',NULL),(312,101,'Elizabeth Mitchell',NULL),(313,101,'Kacey Deckow PhD',NULL),(314,102,'Brenda Marks',NULL),(315,103,'Kira Waters',NULL),(316,103,'Frances Ondricka',NULL),(317,103,'Deangelo Hilpert',NULL),(318,103,'Miss Clemens Legros',NULL),(319,103,'Miss Jaylin Gutmann',NULL),(320,104,'Providenci Mayer II',NULL),(321,104,'Ellsworth McDermott',NULL),(322,104,'Margarett Prosacco',NULL),(323,105,'Tianna Johnston',NULL),(324,105,'Jade Barton',NULL),(325,105,'Vito Kunde',NULL),(326,105,'Pierre Hickle',NULL),(327,105,'Schuyler Abshire',NULL),(328,106,'Berneice Boyle',NULL),(329,106,'Cicero Lemke',NULL),(330,106,'Deborah Smitham',NULL),(331,107,'Maye Koepp',NULL),(332,107,'Scottie Walter I',NULL),(333,108,'Mittie Monahan',NULL),(334,108,'Rebecca Nader II',NULL),(335,108,'Sim Yost',NULL),(336,108,'Miss Erwin Langosh',NULL),(337,109,'Ismael Hettinger Jr.',NULL),(338,109,'Zella Parker',NULL),(339,110,'Miss Ephraim Kovacek',NULL),(340,110,'Jayden Effertz',NULL),(341,110,'Marlon Robel',NULL),(342,111,'Mr. Kaylie Davis',NULL),(343,111,'Brannon Klocko',NULL),(344,111,'Anderson Murphy',NULL),(345,111,'Lonny Kohler',NULL),(346,111,'Candelario Fisher II',NULL),(347,112,'Rocio Dare',NULL),(348,112,'Julianne Smith',NULL),(349,112,'Mr. Cathrine Batz',NULL),(350,113,'Maximus Klein',NULL),(351,113,'Mr. Adam Bode',NULL),(352,113,'Marilie Bailey',NULL),(353,114,'Miss Beth Pfannerstill',NULL),(354,114,'Giovanna Corwin Sr.',NULL),(355,114,'Billie Parisian',NULL),(356,115,'Ashleigh Steuber Sr.',NULL),(357,116,'Danika Hayes I',NULL),(358,116,'Magnus Zieme',NULL),(359,116,'Eliezer Kuvalis',NULL),(360,116,'Melissa Smith',NULL),(361,116,'Kelli Aufderhar MD',NULL),(362,117,'Daphnee Weissnat V',NULL),(363,117,'Miss Julianne Huel',NULL),(364,117,'Rahul Strosin',NULL),(365,117,'Elisabeth Crona',NULL),(366,117,'Emilie Kulas',NULL),(367,118,'Nelda Murray',NULL),(368,118,'Viviane Stiedemann',NULL),(369,118,'Mr. Garland Mertz',NULL),(370,119,'Angelita Russel',NULL),(371,120,'Raleigh Lockman',NULL),(372,120,'Nelda Cartwright',NULL),(373,120,'Brielle Feest',NULL),(374,120,'Julie Goyette',NULL),(375,120,'Kendall Kunze',NULL),(376,121,'Mr. Rickie Connelly',NULL),(377,121,'Pierce Batz',NULL),(378,121,'Ed Wehner',NULL),(379,122,'Camron Labadie',NULL),(380,122,'Mrs. Barrett Ritchie',NULL),(381,122,'Patrick Sauer',NULL),(382,122,'Else Kessler',NULL),(383,122,'Mauricio Herman',NULL),(384,123,'Meghan Klocko',NULL),(385,123,'Bernardo Runte',NULL),(386,123,'Eliezer Rodriguez',NULL),(387,123,'Johnathan Waelchi DVM',NULL),(388,123,'Ivory Maggio',NULL),(389,124,'Beatrice Waelchi',NULL),(390,124,'Icie Runte',NULL),(391,125,'Gunner Schneider',NULL),(392,125,'Tina Ruecker',NULL),(393,126,'Stone Hahn',NULL),(394,126,'Kacie Nader III',NULL),(395,126,'Ali Krajcik IV',NULL),(396,127,'Faustino Weimann',NULL),(397,127,'Miss Moshe Blick',NULL),(398,127,'Rafaela O\'Hara',NULL),(399,127,'Felix Kreiger MD',NULL),(400,127,'Jackie McLaughlin',NULL),(401,128,'Drew Stark',NULL),(402,128,'Noah Franecki',NULL),(403,128,'Norris Cormier',NULL),(404,128,'Abigayle Ruecker',NULL),(405,129,'Dock Strosin',NULL),(406,129,'Lizeth McKenzie DVM',NULL),(407,130,'Henri Kuhn',NULL),(408,130,'Rick Heidenreich',NULL),(409,130,'Brain Ernser',NULL),(410,130,'Zelma Zemlak',NULL),(411,131,'Evangeline Keebler V',NULL),(412,131,'Amalia Braun',NULL),(413,131,'Hosea Hessel IV',NULL),(414,132,'Miss Maryjane Lind',NULL),(415,132,'Allison Hermann V',NULL),(416,132,'Sammy Koss',NULL),(417,133,'Wendy Morar DVM',NULL),(418,133,'Emily Wolff',NULL),(419,133,'Dr. Gino Shields',NULL),(420,133,'Ana Schinner',NULL),(421,133,'Lincoln Anderson',NULL),(422,134,'Ashley Lebsack PhD',NULL),(423,134,'Hobart Sanford DVM',NULL),(424,135,'Piper Wunsch',NULL),(425,135,'Maxime Kirlin IV',NULL),(426,135,'Kacey Rosenbaum',NULL),(427,136,'Miss Soledad Eichmann',NULL),(428,137,'Tatum Morissette',NULL),(429,138,'Dayna Romaguera',NULL),(430,138,'Isom Klocko',NULL),(431,139,'Cora Reinger PhD',NULL),(432,139,'Dannie Wehner',NULL),(433,139,'Dr. Lia Welch',NULL),(434,139,'Isaiah Torphy',NULL),(435,140,'Ryder Rippin',NULL),(436,141,'Gene Howe',NULL),(437,141,'Monty Lebsack',NULL),(438,141,'Dayna O\'Kon PhD',NULL),(439,141,'Fredrick Gulgowski',NULL),(440,142,'Hugh Zboncak',NULL),(441,142,'Euna Volkman',NULL),(442,143,'Alessia Ankunding',NULL),(443,143,'Catalina Kulas',NULL),(444,144,'Roel Hammes',NULL),(445,144,'Hayley Wunsch',NULL),(446,144,'Mason Abshire',NULL),(447,144,'Alvina Lockman V',NULL),(448,145,'Mr. Nikita Monahan',NULL),(449,145,'Hilbert Ziemann',NULL),(450,145,'Elna Abbott',NULL),(451,145,'Emma Waelchi II',NULL),(452,145,'Sanford Kiehn',NULL),(453,146,'Kamron Lowe',NULL),(454,147,'Camilla Nitzsche',NULL),(455,147,'Dr. Jaquelin Jakubowski',NULL),(456,147,'Giovanny Lind',NULL),(457,147,'Susie Haley II',NULL),(458,147,'Danika Ryan',NULL),(459,148,'Mittie Hand',NULL),(460,149,'Jasen Hauck',NULL),(461,149,'Eden Hand',NULL),(462,150,'Hannah Spinka',NULL),(463,150,'Mr. Kadin Gorczany',NULL),(464,150,'Elaina Hintz',NULL),(465,150,'Gilberto O\'Kon',NULL),(466,150,'Watson Strosin I',NULL),(467,151,'Khalil Olson',NULL),(468,151,'Levi Bartell II',NULL),(469,152,'Miss Alba Gutkowski',NULL),(470,152,'Shaniya Balistreri',NULL),(471,152,'Savion Hegmann',NULL),(472,152,'Karli O\'Reilly DDS',NULL),(473,152,'Marietta Haley',NULL),(474,153,'Maria Lesch',NULL),(475,153,'Mr. Anastacio Cruickshank',NULL),(476,153,'Dr. Marques Gerhold',NULL),(477,154,'Ms. Trystan Bergstrom',NULL),(478,154,'Desmond Windler',NULL),(479,154,'Edgar Cassin Jr.',NULL),(480,154,'Mrs. Felicity Steuber',NULL),(481,155,'Delaney Casper',NULL),(482,155,'Alvis Luettgen',NULL),(483,155,'Louvenia Johns MD',NULL),(484,156,'Abe Crona',NULL),(485,156,'Marcella Ryan',NULL),(486,156,'Neil Rutherford Sr.',NULL),(487,156,'Percival Jerde',NULL),(488,157,'Eleanore Gislason',NULL),(489,157,'Will Towne Jr.',NULL),(490,158,'Gerhard Hammes',NULL),(491,158,'Shanel Hauck',NULL),(492,158,'Ollie Volkman',NULL),(493,158,'Alice Berge',NULL),(494,159,'Geraldine Miller',NULL),(495,159,'Lesly Weber',NULL),(496,160,'Miguel Mayer',NULL),(497,160,'Earnest Pfeffer',NULL),(498,160,'Ms. Matilde Fadel',NULL),(499,160,'Tierra Wilkinson',NULL),(500,161,'Scarlett Skiles II',NULL),(501,161,'Richard Grimes',NULL),(502,161,'Sophia Auer',NULL),(503,162,'Ansley Strosin',NULL),(504,162,'Alfreda Dickens',NULL),(505,162,'Hyman Altenwerth',NULL),(506,162,'Ms. Jacquelyn Terry',NULL),(507,162,'Name Casper',NULL),(508,163,'Marcos Maggio',NULL),(509,163,'Bridget Bogan Jr.',NULL),(510,164,'Lester Bins',NULL),(511,164,'Thea Hermann',NULL),(512,164,'Allan Russel',NULL),(513,164,'Miss Jovani Gottlieb',NULL),(514,165,'Mya Stiedemann',NULL),(515,165,'Juliet Lesch II',NULL),(516,165,'Dr. Daron Dickens',NULL),(517,165,'Delores Stanton',NULL),(518,166,'Ms. Norene Luettgen',NULL),(519,167,'Dr. Eryn Smitham',NULL),(520,167,'Yvonne Crooks I',NULL),(521,167,'Al Satterfield',NULL),(522,168,'Christiana Kilback',NULL),(523,168,'Kendra Zemlak',NULL),(524,169,'Perry D\'Amore',NULL),(525,169,'Una Hoppe',NULL),(526,170,'Odell Abernathy',NULL),(527,170,'Tyrel Considine',NULL),(528,171,'Ericka Wiza',NULL),(529,172,'Anabelle Halvorson',NULL),(530,173,'Mrs. Javon Cartwright',NULL);
/*!40000 ALTER TABLE `accessories` ENABLE KEYS */;
UNLOCK TABLES;

--
-- Table structure for table `accessories_inventory_pools`
--

DROP TABLE IF EXISTS `accessories_inventory_pools`;
/*!40101 SET @saved_cs_client     = @@character_set_client */;
/*!40101 SET character_set_client = utf8 */;
CREATE TABLE `accessories_inventory_pools` (
  `accessory_id` int(11) DEFAULT NULL,
  `inventory_pool_id` int(11) DEFAULT NULL,
  UNIQUE KEY `index_accessories_inventory_pools` (`accessory_id`,`inventory_pool_id`),
  KEY `index_accessories_inventory_pools_on_inventory_pool_id` (`inventory_pool_id`),
  CONSTRAINT `accessories_inventory_pools_inventory_pool_id_fk` FOREIGN KEY (`inventory_pool_id`) REFERENCES `inventory_pools` (`id`),
  CONSTRAINT `accessories_inventory_pools_accessory_id_fk` FOREIGN KEY (`accessory_id`) REFERENCES `accessories` (`id`)
) ENGINE=InnoDB DEFAULT CHARSET=utf8 COLLATE=utf8_unicode_ci;
/*!40101 SET character_set_client = @saved_cs_client */;

--
-- Dumping data for table `accessories_inventory_pools`
--

LOCK TABLES `accessories_inventory_pools` WRITE;
/*!40000 ALTER TABLE `accessories_inventory_pools` DISABLE KEYS */;
INSERT INTO `accessories_inventory_pools` VALUES (1,1),(3,1),(4,1),(5,1),(8,1),(12,1),(13,1),(14,1),(15,1),(16,1),(18,1),(19,1),(20,1),(21,1),(26,1),(27,1),(28,1),(32,1),(33,1),(34,1),(35,1),(40,1),(42,1),(43,1),(46,1),(48,1),(49,1),(56,1),(58,1),(59,1),(60,1),(65,1),(66,1),(67,1),(69,1),(70,1),(73,1),(74,1),(76,1),(77,1),(82,1),(84,1),(86,1),(89,1),(90,1),(91,1),(92,1),(96,1),(97,1),(98,1),(101,1),(103,1),(105,1),(109,1),(114,1),(117,1),(119,1),(121,1),(126,1),(127,1),(128,1),(135,1),(136,1),(137,1),(140,1),(141,1),(143,1),(145,1),(146,1),(147,1),(149,1),(150,1),(152,1),(155,1),(156,1),(157,1),(158,1),(159,1),(160,1),(162,1),(164,1),(167,1),(171,1),(172,1),(173,1),(174,1),(176,1),(177,1),(179,1),(180,1),(181,1),(182,1),(183,1),(186,1),(192,1),(193,1),(194,1),(197,1),(198,1),(199,1),(200,1),(201,1),(202,1),(205,1),(206,1),(207,1),(210,1),(211,1),(214,1),(216,1),(217,1),(219,1),(220,1),(221,1),(222,1),(223,1),(225,1),(226,1),(227,1),(228,1),(229,1),(230,1),(236,1),(238,1),(239,1),(241,1),(242,1),(243,1),(244,1),(246,1),(249,1),(253,1),(254,1),(256,1),(258,1),(259,1),(260,1),(263,1),(266,1),(267,1),(268,1),(269,1),(270,1),(272,1),(273,1),(274,1),(275,1),(279,1),(283,1),(285,1),(287,1),(288,1),(290,1),(291,1),(292,1),(294,1),(295,1),(296,1),(298,1),(299,1),(301,1),(303,1),(304,1),(307,1),(309,1),(310,1),(312,1),(313,1),(315,1),(316,1),(317,1),(319,1),(322,1),(324,1),(326,1),(328,1),(332,1),(333,1),(334,1),(337,1),(339,1),(340,1),(344,1),(347,1),(348,1),(350,1),(351,1),(352,1),(353,1),(355,1),(356,1),(357,1),(360,1),(361,1),(362,1),(363,1),(364,1),(365,1),(366,1),(368,1),(370,1),(373,1),(374,1),(376,1),(377,1),(380,1),(381,1),(382,1),(383,1),(384,1),(387,1),(388,1),(389,1),(390,1),(393,1),(397,1),(398,1),(400,1),(402,1),(404,1),(405,1),(406,1),(409,1),(411,1),(412,1),(414,1),(415,1),(420,1),(430,1),(432,1),(439,1),(440,1),(441,1),(445,1),(447,1),(448,1),(450,1),(451,1),(452,1),(457,1),(458,1),(459,1),(460,1),(461,1),(464,1),(465,1),(466,1),(467,1),(469,1),(471,1),(473,1),(474,1),(475,1),(476,1),(477,1),(480,1),(481,1),(487,1),(492,1),(494,1),(497,1),(501,1),(502,1),(505,1),(506,1),(507,1),(508,1),(510,1),(511,1),(520,1),(521,1),(522,1),(524,1),(528,1),(529,1),(530,1);
/*!40000 ALTER TABLE `accessories_inventory_pools` ENABLE KEYS */;
UNLOCK TABLES;

--
-- Table structure for table `addresses`
--

DROP TABLE IF EXISTS `addresses`;
/*!40101 SET @saved_cs_client     = @@character_set_client */;
/*!40101 SET character_set_client = utf8 */;
CREATE TABLE `addresses` (
  `id` int(11) NOT NULL AUTO_INCREMENT,
  `street` varchar(255) COLLATE utf8_unicode_ci DEFAULT NULL,
  `zip_code` varchar(255) COLLATE utf8_unicode_ci DEFAULT NULL,
  `city` varchar(255) COLLATE utf8_unicode_ci DEFAULT NULL,
  `country_code` varchar(255) COLLATE utf8_unicode_ci DEFAULT NULL,
  `latitude` float DEFAULT NULL,
  `longitude` float DEFAULT NULL,
  PRIMARY KEY (`id`),
  UNIQUE KEY `index_addresses_on_street_and_zip_code_and_city_and_country_code` (`street`,`zip_code`,`city`,`country_code`)
) ENGINE=InnoDB DEFAULT CHARSET=utf8 COLLATE=utf8_unicode_ci;
/*!40101 SET character_set_client = @saved_cs_client */;

--
-- Dumping data for table `addresses`
--

LOCK TABLES `addresses` WRITE;
/*!40000 ALTER TABLE `addresses` DISABLE KEYS */;
/*!40000 ALTER TABLE `addresses` ENABLE KEYS */;
UNLOCK TABLES;

--
-- Table structure for table `attachments`
--

DROP TABLE IF EXISTS `attachments`;
/*!40101 SET @saved_cs_client     = @@character_set_client */;
/*!40101 SET character_set_client = utf8 */;
CREATE TABLE `attachments` (
  `id` int(11) NOT NULL AUTO_INCREMENT,
  `model_id` int(11) DEFAULT NULL,
  `is_main` tinyint(1) DEFAULT '0',
  `content_type` varchar(255) COLLATE utf8_unicode_ci DEFAULT NULL,
  `filename` varchar(255) COLLATE utf8_unicode_ci DEFAULT NULL,
  `size` int(11) DEFAULT NULL,
  PRIMARY KEY (`id`),
  KEY `index_attachments_on_model_id` (`model_id`),
  CONSTRAINT `attachments_model_id_fk` FOREIGN KEY (`model_id`) REFERENCES `models` (`id`) ON DELETE CASCADE
) ENGINE=InnoDB AUTO_INCREMENT=8 DEFAULT CHARSET=utf8 COLLATE=utf8_unicode_ci;
/*!40101 SET character_set_client = @saved_cs_client */;

--
-- Dumping data for table `attachments`
--

LOCK TABLES `attachments` WRITE;
/*!40000 ALTER TABLE `attachments` DISABLE KEYS */;
INSERT INTO `attachments` VALUES (1,157,0,'image/jpeg','eum',NULL),(2,158,0,'image/jpeg','consequatur',NULL),(3,170,0,'image/jpeg','consequatur',NULL),(4,170,0,'image/jpeg','reprehenderit',NULL),(5,170,0,'image/jpeg','perferendis',NULL),(6,171,0,'image/jpeg','consectetur',NULL),(7,171,0,'image/jpeg','quod',NULL);
/*!40000 ALTER TABLE `attachments` ENABLE KEYS */;
UNLOCK TABLES;

--
-- Table structure for table `authentication_systems`
--

DROP TABLE IF EXISTS `authentication_systems`;
/*!40101 SET @saved_cs_client     = @@character_set_client */;
/*!40101 SET character_set_client = utf8 */;
CREATE TABLE `authentication_systems` (
  `id` int(11) NOT NULL AUTO_INCREMENT,
  `name` varchar(255) COLLATE utf8_unicode_ci DEFAULT NULL,
  `class_name` varchar(255) COLLATE utf8_unicode_ci DEFAULT NULL,
  `is_default` tinyint(1) DEFAULT '0',
  `is_active` tinyint(1) DEFAULT '0',
  PRIMARY KEY (`id`)
) ENGINE=InnoDB AUTO_INCREMENT=7 DEFAULT CHARSET=utf8 COLLATE=utf8_unicode_ci;
/*!40101 SET character_set_client = @saved_cs_client */;

--
-- Dumping data for table `authentication_systems`
--

LOCK TABLES `authentication_systems` WRITE;
/*!40000 ALTER TABLE `authentication_systems` DISABLE KEYS */;
INSERT INTO `authentication_systems` VALUES (1,'Database Authentication','DatabaseAuthentication',1,1),(2,'LDAP Authentication','LdapAuthentication',0,0),(3,'ZHDK Authentication','Zhdk',0,0),(4,'Database Authentication','DatabaseAuthentication',1,1),(5,'LDAP Authentication','LdapAuthentication',0,0),(6,'ZHDK Authentication','Zhdk',0,0);
/*!40000 ALTER TABLE `authentication_systems` ENABLE KEYS */;
UNLOCK TABLES;

--
-- Table structure for table `buildings`
--

DROP TABLE IF EXISTS `buildings`;
/*!40101 SET @saved_cs_client     = @@character_set_client */;
/*!40101 SET character_set_client = utf8 */;
CREATE TABLE `buildings` (
  `id` int(11) NOT NULL AUTO_INCREMENT,
  `name` varchar(255) COLLATE utf8_unicode_ci DEFAULT NULL,
  `code` varchar(255) COLLATE utf8_unicode_ci DEFAULT NULL,
  PRIMARY KEY (`id`)
) ENGINE=InnoDB AUTO_INCREMENT=197 DEFAULT CHARSET=utf8 COLLATE=utf8_unicode_ci;
/*!40101 SET character_set_client = @saved_cs_client */;

--
-- Dumping data for table `buildings`
--

LOCK TABLES `buildings` WRITE;
/*!40000 ALTER TABLE `buildings` DISABLE KEYS */;
INSERT INTO `buildings` VALUES (1,'Great Pyramid of Giza','ZZZ'),(2,'Enimsitet','exp'),(3,'Consequaturineius','acc'),(4,'Delectusetdeserunt','aut'),(5,'Velitquiqui','rep'),(6,'Commodietamet','iur'),(7,'Animiconsequaturnemo','cor'),(8,'Doloremrationeet','inc'),(9,'Blanditiisutvelit','eaf'),(10,'Suntmodinecessitatibus','num'),(11,'Oditquiqui','dol'),(12,'Eumfugiatdolor','ade'),(13,'Repellendusautrerum','exa'),(14,'Eosoptioin','pla'),(15,'Natusvoluptasvoluptatem','rep'),(16,'Vitaemagnamreprehenderit','etu'),(17,'Iurevelquis','max'),(18,'Etasperioresaliquid','ist'),(19,'Autdistinctiosit','ani'),(20,'Mollitiadelenitiaut','qua'),(21,'Ullamautemab','cor'),(22,'Officiisaliquamlaborum','etv'),(23,'Excepturioditsapiente','vol'),(24,'Laboriosamaccusantiumveritatis','vol'),(25,'Eaquedoloremin','mol'),(26,'Rerumuteum','est'),(27,'Autsimiliqueaut','etc'),(28,'Sedquidemrecusandae','nob'),(29,'Eiusvoluptatemagnam','pro'),(30,'Occaecaticonsequunturmolestiae','acc'),(31,'Faceretotamreprehenderit','sim'),(32,'Minusullamquae','omn'),(33,'Etodiofuga','qui'),(34,'Corporisdelenitierror','qui'),(35,'Natusquianon','cul'),(36,'Autincommodi','fug'),(37,'Optioexercitationemrecusandae','dol'),(38,'Distinctioautemad','qua'),(39,'Nihilquiex','est'),(40,'Quomaximeid','cor'),(41,'Voluptasconsequaturcum','tot'),(42,'Autvoluptatemea','quo'),(43,'Aliquamquidemcum','dol'),(44,'Quiautmolestias','ear'),(45,'Natusipsumcupiditate','est'),(46,'Ullamipsamodit','sit'),(47,'Ausstellungsstrasse 60','AU60'),(48,'Ausstellungsstrasse 60','AU60'),(49,'Quidemiustoplaceat','ida'),(50,'Minimaetprovident','qui'),(51,'Beataeautemconsequuntur','mag'),(52,'Autveritatisquis','nec'),(53,'Aquosadipisci','qui'),(54,'Quiaanimiet','vel'),(55,'Utetquo','quo'),(56,'Autrerumrepellendus','vol'),(57,'Doloresperferendisconsectetur','eli'),(58,'Dictahicet','vol'),(59,'Quiasuntconsequatur','qui'),(60,'Autemutconsequatur','vol'),(61,'Pariaturvoluptatemperferendis','odi'),(62,'Consequaturdolorestenetur','rer'),(63,'Inventoreoditvoluptas','exe'),(64,'Etlaborumquia','mod'),(65,'Ipsamcupiditatesit','fug'),(66,'Officiislaboriosamillo','vol'),(67,'Fugavelitqui','ute'),(68,'Asperioresadipiscivoluptas','lab'),(69,'Utremillo','qui'),(70,'Laborumpossimusnemo','sit'),(71,'Dolorcommodicum','ete'),(72,'Laborepossimustempore','arc'),(73,'Utoptioipsam','dig'),(74,'Magnidolorexpedita','rer'),(75,'Animiilloerror','qua'),(76,'Voluptateataliquid','vol'),(77,'Beataerepellatet','eaa'),(78,'Doloresquasiea','vol'),(79,'Exercitationemiureofficia','ess'),(80,'Estquisvoluptas','fug'),(81,'Autsimiliquefacere','qui'),(82,'Cupiditateperspiciatiserror','eni'),(83,'Odiocommodiet','est'),(84,'Voluptatemlaborumfacere','iur'),(85,'Omnisquidemofficiis','nos'),(86,'Asperioresodioillo','ess'),(87,'Quaeodionisi','eos'),(88,'Minusvelquia','abi'),(89,'Utautvero','ven'),(90,'Doloremqueevenietvero','aut'),(91,'Nonexiusto','odi'),(92,'Voluptatemteneturnumquam','arc'),(93,'Aspernaturatid','ear'),(94,'Etnatusamet','atq'),(95,'Sintreprehenderitillo','mol'),(96,'Cumquoaut','ear'),(97,'Isteetet','fug'),(98,'Modiquisnumquam','nec'),(99,'Excepturiisteasperiores','vol'),(100,'Placeatcorporisdolorum','des'),(101,'Sittotamducimus','etc'),(102,'Nihilnullasint','qui'),(103,'Doloresenimdeserunt','qui'),(104,'Etestqui','lau'),(105,'Blanditiisomnisquam','vol'),(106,'Iureconsequaturfugiat','omn'),(107,'Nisivoluptatemquos','ill'),(108,'Facereaccusamusqui','tem'),(109,'Quoveritatisaspernatur','est'),(110,'Essefugiatnon','fug'),(111,'Rationemolestiaeex','vol'),(112,'Praesentiumeumerror','qua'),(113,'Enimcommodised','deb'),(114,'Veritatisenimperferendis','aut'),(115,'Inciduntsedet','tem'),(116,'Quiomnisea','etc'),(117,'Accusamusexcepturimagnam','sun'),(118,'Autquisquamea','idd'),(119,'Porrovoluptasiusto','qui'),(120,'Cumeadolorem','vol'),(121,'Nihilrationelaudantium','ver'),(122,'Iurefacerevel','dol'),(123,'Dolorumdebitisrepellendus','etl'),(124,'Omnisetrerum','pla'),(125,'Utnequeassumenda','qua'),(126,'Etporrotemporibus','rer'),(127,'Atauteum','vel'),(128,'Enimperferendisquis','qui'),(129,'Ipsumnambeatae','qui'),(130,'Doloremqueremfugit','exe'),(131,'Quaesuntodio','vol'),(132,'Great Pyramid of Giza','ZZZ'),(133,'Suscipitdebitisquis','est'),(134,'Odiosedalias','etv'),(135,'Nostrumnumquamea','ips'),(136,'Officiisametratione','est'),(137,'Repellendusabeveniet','dol'),(138,'Placeateadignissimos','est'),(139,'Temporibusquaequi','qua'),(140,'Utsapientesit','odi'),(141,'Commodietnisi','max'),(142,'Sequiquoomnis','sed'),(143,'Illoenimat','est'),(144,'Etfugitdoloremque','qui'),(145,'Repudiandaeculpadolor','ill'),(146,'Etutsit','eta'),(147,'Utquasitempora','sim'),(148,'Officiisoccaecatisint','exc'),(149,'Iureestet','est'),(150,'Impeditetnostrum','vol'),(151,'Nisiquisquamvoluptas','pro'),(152,'Eosetsit','est'),(153,'Quosquisillo','inq'),(154,'Quodvoluptatemitaque','eni'),(155,'Etrepudiandaeillum','eos'),(156,'Consequaturreiciendishic','mol'),(157,'Quisestconsequuntur','eta'),(158,'Veniamquodalias','qui'),(159,'Totamlaboriosaminventore','etd'),(160,'Iurequosimpedit','arc'),(161,'Distinctioliberoautem','vol'),(162,'Estpossimusnon','ins'),(163,'Velitcumdoloremque','eum'),(164,'Facilislaudantiumvoluptas','ida'),(165,'Corruptimolestiasdolores','nos'),(166,'Rerumaspernaturimpedit','ill'),(167,'Autemaliquiddolores','vol'),(168,'Autquiavitae','exc'),(169,'Quiamolestiaenisi','qua'),(170,'Estadest','ips'),(171,'Quianecessitatibusid','non'),(172,'Temporasolutafacere','non'),(173,'Pariaturatqueet','deb'),(174,'Quinonipsam','qui'),(175,'Doloresrationelibero','mai'),(176,'Nequeoptiofugiat','sol'),(177,'Placeatametvoluptatem','dol'),(178,'Nequeetautem','vol'),(179,'Hicestaut','etv'),(180,'Ullamdistinctioquos','sit'),(181,'Voluptatemmolestiaeest','abv'),(182,'Itaqueoptionulla','iur'),(183,'Velitdoloremlaudantium','est'),(184,'Voluptatesedest','qua'),(185,'Voluptateomnisrem','idm'),(186,'Repellatestcommodi','ett'),(187,'Debitisiureodit','qui'),(188,'Quoettemporibus','aut'),(189,'Reiciendisaliquamesse','bla'),(190,'Inciduntsitipsam','sun'),(191,'Recusandaeetconsectetur','inv'),(192,'Cupiditateutvelit','com'),(193,'Autadipisciminus','exc'),(194,'Corruptisitrerum','por'),(195,'Modieumsit','eti'),(196,'Inciduntearumvoluptate','pla');
/*!40000 ALTER TABLE `buildings` ENABLE KEYS */;
UNLOCK TABLES;

--
-- Table structure for table `contract_lines`
--

DROP TABLE IF EXISTS `contract_lines`;
/*!40101 SET @saved_cs_client     = @@character_set_client */;
/*!40101 SET character_set_client = utf8 */;
CREATE TABLE `contract_lines` (
  `id` int(11) NOT NULL AUTO_INCREMENT,
  `contract_id` int(11) DEFAULT NULL,
  `type` varchar(255) COLLATE utf8_unicode_ci NOT NULL DEFAULT 'ItemLine',
  `item_id` int(11) DEFAULT NULL,
  `model_id` int(11) DEFAULT NULL,
  `quantity` int(11) DEFAULT '1',
  `start_date` date DEFAULT NULL,
  `end_date` date DEFAULT NULL,
  `returned_date` date DEFAULT NULL,
  `option_id` int(11) DEFAULT NULL,
  `purpose_id` int(11) DEFAULT NULL,
  `returned_to_user_id` int(11) DEFAULT NULL,
  `created_at` datetime DEFAULT NULL,
  `updated_at` datetime DEFAULT NULL,
  PRIMARY KEY (`id`),
  KEY `index_contract_lines_on_start_date` (`start_date`),
  KEY `index_contract_lines_on_end_date` (`end_date`),
  KEY `index_contract_lines_on_option_id` (`option_id`),
  KEY `index_contract_lines_on_contract_id` (`contract_id`),
  KEY `index_contract_lines_on_item_id` (`item_id`),
  KEY `index_contract_lines_on_model_id` (`model_id`),
  KEY `index_contract_lines_on_returned_date_and_contract_id` (`returned_date`,`contract_id`),
  KEY `index_contract_lines_on_type_and_contract_id` (`type`,`contract_id`),
  KEY `contract_lines_purpose_id_fk` (`purpose_id`),
  KEY `contract_lines_returned_to_user_id_fk` (`returned_to_user_id`),
  CONSTRAINT `contract_lines_returned_to_user_id_fk` FOREIGN KEY (`returned_to_user_id`) REFERENCES `users` (`id`),
  CONSTRAINT `contract_lines_contract_id_fk` FOREIGN KEY (`contract_id`) REFERENCES `contracts` (`id`) ON DELETE CASCADE,
  CONSTRAINT `contract_lines_item_id_fk` FOREIGN KEY (`item_id`) REFERENCES `items` (`id`),
  CONSTRAINT `contract_lines_model_id_fk` FOREIGN KEY (`model_id`) REFERENCES `models` (`id`),
  CONSTRAINT `contract_lines_option_id_fk` FOREIGN KEY (`option_id`) REFERENCES `options` (`id`),
  CONSTRAINT `contract_lines_purpose_id_fk` FOREIGN KEY (`purpose_id`) REFERENCES `purposes` (`id`)
) ENGINE=InnoDB AUTO_INCREMENT=176 DEFAULT CHARSET=utf8 COLLATE=utf8_unicode_ci;
/*!40101 SET character_set_client = @saved_cs_client */;

--
-- Dumping data for table `contract_lines`
--

LOCK TABLES `contract_lines` WRITE;
/*!40000 ALTER TABLE `contract_lines` DISABLE KEYS */;
INSERT INTO `contract_lines` VALUES (1,1,'ItemLine',NULL,1,1,'2014-12-25','2014-12-25',NULL,NULL,NULL,NULL,'2014-12-25 21:36:42','2014-12-25 21:36:42'),(2,1,'ItemLine',NULL,5,1,'2014-12-25','2014-12-25',NULL,NULL,NULL,NULL,'2014-12-25 21:36:42','2014-12-25 21:36:42'),(3,1,'ItemLine',NULL,9,1,'2014-12-25','2014-12-25',NULL,NULL,NULL,NULL,'2014-12-25 21:36:42','2014-12-25 21:36:42'),(4,2,'ItemLine',NULL,13,1,'2014-12-25','2014-12-25',NULL,NULL,1,NULL,'2014-12-25 21:36:42','2014-12-25 21:36:42'),(5,2,'ItemLine',NULL,17,1,'2014-12-25','2014-12-25',NULL,NULL,1,NULL,'2014-12-25 21:36:42','2014-12-25 21:36:42'),(6,2,'ItemLine',NULL,21,1,'2014-12-25','2014-12-25',NULL,NULL,1,NULL,'2014-12-25 21:36:42','2014-12-25 21:36:42'),(7,2,'ItemLine',NULL,25,1,'2014-12-25','2014-12-25',NULL,NULL,1,NULL,'2014-12-25 21:36:42','2014-12-25 21:36:42'),(8,2,'ItemLine',NULL,29,1,'2014-12-25','2014-12-25',NULL,NULL,1,NULL,'2014-12-25 21:36:42','2014-12-25 21:36:42'),(9,2,'ItemLine',NULL,33,1,'2014-12-25','2014-12-25',NULL,NULL,1,NULL,'2014-12-25 21:36:42','2014-12-25 21:36:42'),(10,3,'ItemLine',NULL,37,1,'2014-12-29','2014-12-29','2014-12-25',NULL,2,1,'2014-12-25 21:36:42','2014-12-25 21:36:42'),(11,3,'ItemLine',NULL,41,1,'2014-12-29','2014-12-29','2014-12-25',NULL,2,1,'2014-12-25 21:36:42','2014-12-25 21:36:42'),(12,3,'ItemLine',NULL,45,1,'2014-12-29','2014-12-29','2014-12-25',NULL,2,1,'2014-12-25 21:36:42','2014-12-25 21:36:42'),(13,3,'ItemLine',NULL,49,1,'2014-12-29','2014-12-29','2014-12-25',NULL,2,1,'2014-12-25 21:36:42','2014-12-25 21:36:42'),(14,3,'ItemLine',NULL,53,1,'2014-12-29','2014-12-29','2014-12-25',NULL,2,1,'2014-12-25 21:36:42','2014-12-25 21:36:42'),(15,3,'ItemLine',NULL,57,1,'2014-12-29','2014-12-29','2014-12-25',NULL,2,1,'2014-12-25 21:36:42','2014-12-25 21:36:42'),(16,4,'ItemLine',NULL,174,1,'2014-12-19','2014-12-19',NULL,NULL,3,NULL,'2014-12-19 22:45:15','2014-12-19 22:45:15'),(17,4,'ItemLine',NULL,175,1,'2014-12-19','2014-12-19',NULL,NULL,3,NULL,'2014-12-19 22:45:16','2014-12-19 22:45:16'),(18,4,'ItemLine',NULL,176,1,'2014-12-19','2014-12-19',NULL,NULL,3,NULL,'2014-12-19 22:45:16','2014-12-19 22:45:16'),(19,4,'ItemLine',NULL,177,1,'2014-12-19','2014-12-19',NULL,NULL,3,NULL,'2014-12-19 22:45:16','2014-12-19 22:45:16'),(20,4,'ItemLine',NULL,178,1,'2014-12-19','2014-12-19',NULL,NULL,3,NULL,'2014-12-19 22:45:16','2014-12-19 22:45:16'),(21,4,'ItemLine',NULL,179,1,'2014-12-19','2014-12-19',NULL,NULL,3,NULL,'2014-12-19 22:45:16','2014-12-19 22:45:16'),(22,5,'ItemLine',NULL,183,1,'2014-12-19','2014-12-19',NULL,NULL,4,NULL,'2014-12-19 22:45:16','2014-12-19 22:45:16'),(23,5,'ItemLine',NULL,184,1,'2014-12-19','2014-12-19',NULL,NULL,4,NULL,'2014-12-19 22:45:16','2014-12-19 22:45:16'),(24,5,'ItemLine',NULL,185,1,'2014-12-19','2014-12-19',NULL,NULL,4,NULL,'2014-12-19 22:45:16','2014-12-19 22:45:16'),(25,5,'ItemLine',NULL,186,1,'2014-12-19','2014-12-19',NULL,NULL,4,NULL,'2014-12-19 22:45:16','2014-12-19 22:45:16'),(26,5,'ItemLine',NULL,187,1,'2014-12-19','2014-12-19',NULL,NULL,4,NULL,'2014-12-19 22:45:16','2014-12-19 22:45:16'),(27,6,'ItemLine',NULL,191,1,'2014-12-19','2014-12-19',NULL,NULL,5,NULL,'2014-12-19 22:45:16','2014-12-19 22:45:16'),(28,6,'ItemLine',NULL,192,1,'2014-12-19','2014-12-19',NULL,NULL,5,NULL,'2014-12-19 22:45:16','2014-12-19 22:45:16'),(29,6,'ItemLine',NULL,193,1,'2014-12-19','2014-12-19',NULL,NULL,5,NULL,'2014-12-19 22:45:16','2014-12-19 22:45:16'),(30,6,'ItemLine',NULL,194,1,'2014-12-19','2014-12-19',NULL,NULL,5,NULL,'2014-12-19 22:45:16','2014-12-19 22:45:16'),(31,7,'ItemLine',NULL,198,1,'2014-12-29','2014-12-29',NULL,NULL,6,NULL,'2014-12-25 05:56:25','2014-12-25 05:56:25'),(32,7,'ItemLine',NULL,199,1,'2014-12-29','2014-12-29',NULL,NULL,6,NULL,'2014-12-25 05:56:25','2014-12-25 05:56:25'),(33,7,'ItemLine',NULL,200,1,'2014-12-29','2014-12-29',NULL,NULL,6,NULL,'2014-12-25 05:56:25','2014-12-25 05:56:25'),(34,7,'ItemLine',NULL,201,1,'2014-12-29','2014-12-29',NULL,NULL,6,NULL,'2014-12-25 05:56:25','2014-12-25 05:56:25'),(35,7,'ItemLine',NULL,202,1,'2014-12-29','2014-12-29',NULL,NULL,6,NULL,'2014-12-25 05:56:25','2014-12-25 05:56:25'),(36,8,'ItemLine',NULL,203,1,'2014-12-19','2014-12-19',NULL,NULL,7,NULL,'2014-12-19 10:22:33','2014-12-19 10:22:33'),(37,8,'ItemLine',NULL,204,1,'2014-12-19','2014-12-19',NULL,NULL,7,NULL,'2014-12-19 10:22:33','2014-12-19 10:22:33'),(38,8,'ItemLine',NULL,205,1,'2014-12-19','2014-12-19',NULL,NULL,7,NULL,'2014-12-19 10:22:33','2014-12-19 10:22:33'),(39,8,'ItemLine',NULL,206,1,'2014-12-19','2014-12-19',NULL,NULL,7,NULL,'2014-12-19 10:22:33','2014-12-19 10:22:33'),(40,8,'ItemLine',NULL,206,1,'2014-12-19','2014-12-19',NULL,NULL,7,NULL,'2014-12-19 10:22:33','2014-12-19 10:22:33'),(41,9,'ItemLine',NULL,210,1,'2014-12-29','2014-12-29',NULL,NULL,8,NULL,'2014-12-25 21:36:42','2014-12-25 21:36:42'),(42,9,'ItemLine',NULL,211,1,'2014-12-29','2014-12-29',NULL,NULL,8,NULL,'2014-12-25 21:36:42','2014-12-25 21:36:42'),(43,9,'ItemLine',NULL,212,1,'2014-12-29','2014-12-29',NULL,NULL,8,NULL,'2014-12-25 21:36:42','2014-12-25 21:36:42'),(44,9,'ItemLine',NULL,213,1,'2014-12-29','2014-12-29',NULL,NULL,8,NULL,'2014-12-25 21:36:42','2014-12-25 21:36:42'),(45,9,'ItemLine',NULL,214,1,'2014-12-29','2014-12-29',NULL,NULL,8,NULL,'2014-12-25 21:36:42','2014-12-25 21:36:42'),(46,9,'ItemLine',NULL,215,1,'2014-12-29','2014-12-29',NULL,NULL,8,NULL,'2014-12-25 21:36:42','2014-12-25 21:36:42'),(47,10,'ItemLine',NULL,219,1,'2014-12-29','2014-12-29',NULL,NULL,9,NULL,'2014-12-25 21:36:42','2014-12-25 21:36:42'),(48,10,'ItemLine',NULL,220,1,'2014-12-29','2014-12-29',NULL,NULL,9,NULL,'2014-12-25 21:36:42','2014-12-25 21:36:42'),(49,10,'ItemLine',NULL,221,1,'2014-12-29','2014-12-29',NULL,NULL,9,NULL,'2014-12-25 21:36:42','2014-12-25 21:36:42'),(50,10,'ItemLine',NULL,222,1,'2014-12-29','2014-12-29',NULL,NULL,9,NULL,'2014-12-25 21:36:42','2014-12-25 21:36:42'),(51,10,'ItemLine',NULL,223,1,'2014-12-29','2014-12-29',NULL,NULL,9,NULL,'2014-12-25 21:36:42','2014-12-25 21:36:42'),(52,11,'ItemLine',NULL,224,1,'2014-12-29','2014-12-29',NULL,NULL,10,NULL,'2014-12-25 21:36:42','2014-12-25 21:36:42'),(53,11,'ItemLine',NULL,225,1,'2014-12-29','2014-12-29',NULL,NULL,10,NULL,'2014-12-25 21:36:42','2014-12-25 21:36:42'),(54,11,'ItemLine',NULL,226,1,'2014-12-29','2014-12-29',NULL,NULL,10,NULL,'2014-12-25 21:36:42','2014-12-25 21:36:42'),(55,11,'ItemLine',NULL,227,1,'2014-12-29','2014-12-29',NULL,NULL,10,NULL,'2014-12-25 21:36:42','2014-12-25 21:36:42'),(56,12,'ItemLine',NULL,228,1,'2014-12-29','2014-12-29',NULL,NULL,11,NULL,'2014-12-25 21:36:42','2014-12-25 21:36:42'),(57,12,'ItemLine',NULL,229,1,'2014-12-29','2014-12-29',NULL,NULL,11,NULL,'2014-12-25 21:36:42','2014-12-25 21:36:42'),(58,12,'ItemLine',NULL,230,1,'2014-12-29','2014-12-29',NULL,NULL,11,NULL,'2014-12-25 21:36:42','2014-12-25 21:36:42'),(59,12,'ItemLine',NULL,231,1,'2014-12-29','2014-12-29',NULL,NULL,11,NULL,'2014-12-25 21:36:42','2014-12-25 21:36:42'),(60,12,'ItemLine',NULL,232,1,'2014-12-29','2014-12-29',NULL,NULL,11,NULL,'2014-12-25 21:36:42','2014-12-25 21:36:42'),(61,13,'ItemLine',28,37,1,'2014-12-29','2014-12-29',NULL,NULL,12,NULL,'2014-12-25 21:36:42','2014-12-25 21:36:42'),(62,13,'ItemLine',29,37,1,'2014-12-29','2014-12-29',NULL,NULL,12,NULL,'2014-12-25 21:36:42','2014-12-25 21:36:42'),(63,13,'ItemLine',30,37,1,'2014-12-29','2014-12-29',NULL,NULL,12,NULL,'2014-12-25 21:36:42','2014-12-25 21:36:42'),(64,13,'ItemLine',31,41,1,'2014-12-29','2014-12-29',NULL,NULL,12,NULL,'2014-12-25 21:36:42','2014-12-25 21:36:42'),(65,13,'ItemLine',32,41,1,'2014-12-29','2014-12-29',NULL,NULL,12,NULL,'2014-12-25 21:36:42','2014-12-25 21:36:42'),(66,13,'ItemLine',33,41,1,'2014-12-29','2014-12-29',NULL,NULL,12,NULL,'2014-12-25 21:36:42','2014-12-25 21:36:42'),(67,13,'ItemLine',34,45,1,'2014-12-29','2014-12-29',NULL,NULL,12,NULL,'2014-12-25 21:36:42','2014-12-25 21:36:42'),(68,13,'ItemLine',35,45,1,'2014-12-29','2014-12-29',NULL,NULL,12,NULL,'2014-12-25 21:36:42','2014-12-25 21:36:42'),(69,13,'ItemLine',36,45,1,'2014-12-29','2014-12-29',NULL,NULL,12,NULL,'2014-12-25 21:36:42','2014-12-25 21:36:42'),(70,13,'ItemLine',37,49,1,'2014-12-29','2014-12-29',NULL,NULL,12,NULL,'2014-12-25 21:36:42','2014-12-25 21:36:42'),(71,13,'ItemLine',38,49,1,'2014-12-29','2014-12-29',NULL,NULL,12,NULL,'2014-12-25 21:36:42','2014-12-25 21:36:42'),(72,13,'ItemLine',39,49,1,'2014-12-29','2014-12-29',NULL,NULL,12,NULL,'2014-12-25 21:36:42','2014-12-25 21:36:42'),(73,13,'ItemLine',40,53,1,'2014-12-29','2014-12-29',NULL,NULL,12,NULL,'2014-12-25 21:36:42','2014-12-25 21:36:42'),(74,13,'ItemLine',41,53,1,'2014-12-29','2014-12-29',NULL,NULL,12,NULL,'2014-12-25 21:36:42','2014-12-25 21:36:42'),(75,13,'ItemLine',42,53,1,'2014-12-29','2014-12-29',NULL,NULL,12,NULL,'2014-12-25 21:36:42','2014-12-25 21:36:42'),(76,13,'ItemLine',43,57,1,'2014-12-29','2014-12-29',NULL,NULL,12,NULL,'2014-12-25 21:36:42','2014-12-25 21:36:42'),(77,13,'ItemLine',44,57,1,'2014-12-29','2014-12-29',NULL,NULL,12,NULL,'2014-12-25 21:36:42','2014-12-25 21:36:42'),(78,13,'ItemLine',45,57,1,'2014-12-29','2014-12-29',NULL,NULL,12,NULL,'2014-12-25 21:36:42','2014-12-25 21:36:42'),(79,13,'ItemLine',48,62,1,'2014-12-29','2014-12-29',NULL,NULL,12,NULL,'2014-12-25 21:36:42','2014-12-25 21:36:42'),(80,13,'ItemLine',49,62,1,'2014-12-29','2014-12-29',NULL,NULL,12,NULL,'2014-12-25 21:36:42','2014-12-25 21:36:42'),(81,13,'ItemLine',50,63,1,'2014-12-29','2014-12-29',NULL,NULL,12,NULL,'2014-12-25 21:36:42','2014-12-25 21:36:42'),(82,13,'ItemLine',52,65,1,'2014-12-29','2014-12-29',NULL,NULL,12,NULL,'2014-12-25 21:36:42','2014-12-25 21:36:42'),(83,13,'ItemLine',53,66,1,'2014-12-29','2014-12-29',NULL,NULL,12,NULL,'2014-12-25 21:36:42','2014-12-25 21:36:42'),(84,13,'ItemLine',54,67,1,'2014-12-29','2014-12-29',NULL,NULL,12,NULL,'2014-12-25 21:36:42','2014-12-25 21:36:42'),(85,13,'ItemLine',55,68,1,'2014-12-29','2014-12-29',NULL,NULL,12,NULL,'2014-12-25 21:36:42','2014-12-25 21:36:42'),(86,13,'ItemLine',56,69,1,'2014-12-29','2014-12-29',NULL,NULL,12,NULL,'2014-12-25 21:36:42','2014-12-25 21:36:42'),(87,13,'ItemLine',57,70,1,'2014-12-29','2014-12-29',NULL,NULL,12,NULL,'2014-12-25 21:36:42','2014-12-25 21:36:42'),(88,13,'ItemLine',58,71,1,'2014-12-29','2014-12-29',NULL,NULL,12,NULL,'2014-12-25 21:36:42','2014-12-25 21:36:42'),(89,13,'ItemLine',59,72,1,'2014-12-29','2014-12-29',NULL,NULL,12,NULL,'2014-12-25 21:36:42','2014-12-25 21:36:42'),(90,13,'ItemLine',60,73,1,'2014-12-29','2014-12-29',NULL,NULL,12,NULL,'2014-12-25 21:36:42','2014-12-25 21:36:42'),(91,14,'OptionLine',NULL,NULL,2,'2014-12-25','2014-12-29',NULL,4,13,NULL,'2014-12-25 21:36:42','2014-12-25 21:36:42'),(92,14,'ItemLine',226,233,1,'2014-12-25','2014-12-29',NULL,NULL,13,NULL,'2014-12-25 21:36:42','2014-12-25 21:36:42'),(93,15,'OptionLine',NULL,NULL,2,'2014-12-25','2014-12-25',NULL,5,14,NULL,'2014-12-25 21:36:42','2014-12-25 21:36:42'),(94,15,'OptionLine',NULL,NULL,1,'2014-12-25','2015-01-25',NULL,5,14,NULL,'2014-12-25 21:36:42','2014-12-25 21:36:42'),(95,16,'ItemLine',227,234,1,'2014-12-25','2014-12-29',NULL,NULL,15,NULL,'2014-12-25 21:36:42','2014-12-25 21:36:42'),(96,17,'ItemLine',228,235,1,'2014-12-20','2014-12-24',NULL,NULL,16,NULL,'2014-12-20 00:00:00','2014-12-20 00:00:00'),(97,17,'OptionLine',NULL,NULL,1,'2014-12-20','2014-12-24',NULL,6,16,NULL,'2014-12-20 00:00:00','2014-12-20 00:00:00'),(98,18,'ItemLine',231,239,1,'2014-12-25','2014-12-25','2014-12-25',NULL,17,NULL,'2014-12-25 21:36:42','2014-12-25 21:36:42'),(99,19,'ItemLine',232,240,1,'2014-12-25','2014-12-25','2014-12-25',NULL,18,NULL,'2014-12-25 21:36:42','2014-12-25 21:36:42'),(100,20,'ItemLine',NULL,244,1,'2014-12-29','2014-12-29',NULL,NULL,19,NULL,'2014-12-25 21:36:42','2014-12-25 21:36:42'),(101,20,'ItemLine',NULL,245,1,'2014-12-29','2014-12-29',NULL,NULL,19,NULL,'2014-12-25 21:36:42','2014-12-25 21:36:42'),(102,20,'ItemLine',NULL,246,1,'2014-12-29','2014-12-29',NULL,NULL,19,NULL,'2014-12-25 21:36:42','2014-12-25 21:36:42'),(103,21,'ItemLine',239,247,1,'2014-12-25','2014-12-29',NULL,NULL,20,NULL,'2014-12-25 21:36:42','2014-12-25 21:36:42'),(104,21,'ItemLine',240,248,1,'2014-12-25','2014-12-29',NULL,NULL,20,NULL,'2014-12-25 21:36:42','2014-12-25 21:36:42'),(105,21,'ItemLine',241,249,1,'2014-12-25','2014-12-29',NULL,NULL,20,NULL,'2014-12-25 21:36:42','2014-12-25 21:36:42'),(106,21,'ItemLine',242,250,1,'2014-12-25','2014-12-29',NULL,NULL,20,NULL,'2014-12-25 21:36:42','2014-12-25 21:36:42'),(107,21,'ItemLine',243,251,1,'2014-12-25','2014-12-29',NULL,NULL,20,NULL,'2014-12-25 21:36:42','2014-12-25 21:36:42'),(108,22,'ItemLine',244,252,1,'2014-12-25','2014-12-29',NULL,NULL,21,NULL,'2014-12-25 21:36:42','2014-12-25 21:36:42'),(109,22,'ItemLine',245,253,1,'2014-12-25','2014-12-29',NULL,NULL,21,NULL,'2014-12-25 21:36:42','2014-12-25 21:36:42'),(110,22,'ItemLine',246,254,1,'2014-12-25','2014-12-29',NULL,NULL,21,NULL,'2014-12-25 21:36:42','2014-12-25 21:36:42'),(111,23,'ItemLine',247,255,1,'2014-12-20','2014-12-22',NULL,NULL,22,NULL,'2014-12-20 00:00:00','2014-12-20 00:00:00'),(112,23,'ItemLine',248,256,1,'2014-12-20','2014-12-22',NULL,NULL,22,NULL,'2014-12-20 00:00:00','2014-12-20 00:00:00'),(113,23,'ItemLine',249,257,1,'2014-12-20','2014-12-22',NULL,NULL,22,NULL,'2014-12-20 00:00:00','2014-12-20 00:00:00'),(114,23,'ItemLine',250,258,1,'2014-12-20','2014-12-22',NULL,NULL,22,NULL,'2014-12-20 00:00:00','2014-12-20 00:00:00'),(115,24,'ItemLine',NULL,88,1,'2015-01-01','2015-01-04',NULL,NULL,23,NULL,'2014-12-25 21:36:42','2014-12-25 21:36:42'),(116,24,'ItemLine',NULL,88,1,'2015-01-01','2015-01-04',NULL,NULL,23,NULL,'2014-12-25 21:36:42','2014-12-25 21:36:42'),(117,24,'ItemLine',NULL,88,1,'2015-01-01','2015-01-04',NULL,NULL,23,NULL,'2014-12-25 21:36:42','2014-12-25 21:36:42'),(118,24,'ItemLine',NULL,88,1,'2015-01-01','2015-01-04',NULL,NULL,23,NULL,'2014-12-25 21:36:42','2014-12-25 21:36:42'),(119,24,'ItemLine',NULL,120,1,'2015-01-01','2015-01-04',NULL,NULL,23,NULL,'2014-12-25 21:36:42','2014-12-25 21:36:42'),(120,24,'ItemLine',NULL,120,1,'2015-01-01','2015-01-04',NULL,NULL,23,NULL,'2014-12-25 21:36:42','2014-12-25 21:36:42'),(121,24,'ItemLine',NULL,120,1,'2015-01-01','2015-01-04',NULL,NULL,23,NULL,'2014-12-25 21:36:42','2014-12-25 21:36:42'),(122,24,'ItemLine',NULL,120,1,'2015-01-01','2015-01-04',NULL,NULL,23,NULL,'2014-12-25 21:36:42','2014-12-25 21:36:42'),(123,24,'ItemLine',NULL,120,1,'2015-01-01','2015-01-04',NULL,NULL,23,NULL,'2014-12-25 21:36:42','2014-12-25 21:36:42'),(124,25,'ItemLine',NULL,259,1,'2014-12-29','2014-12-29',NULL,NULL,24,NULL,'2014-12-25 21:36:42','2014-12-25 21:36:42'),(125,25,'ItemLine',NULL,263,1,'2014-12-29','2014-12-29',NULL,NULL,24,NULL,'2014-12-25 21:36:42','2014-12-25 21:36:42'),(126,25,'ItemLine',NULL,267,1,'2014-12-29','2014-12-29',NULL,NULL,24,NULL,'2014-12-25 21:36:42','2014-12-25 21:36:42'),(127,25,'ItemLine',NULL,271,1,'2014-12-29','2014-12-29',NULL,NULL,24,NULL,'2014-12-25 21:36:42','2014-12-25 21:36:42'),(128,26,'ItemLine',NULL,275,1,'2014-12-29','2014-12-29',NULL,NULL,25,NULL,'2014-12-25 21:36:42','2014-12-25 21:36:42'),(129,26,'ItemLine',NULL,279,1,'2014-12-29','2014-12-29',NULL,NULL,25,NULL,'2014-12-25 21:36:42','2014-12-25 21:36:42'),(130,26,'ItemLine',NULL,283,1,'2014-12-29','2014-12-29',NULL,NULL,25,NULL,'2014-12-25 21:36:42','2014-12-25 21:36:42'),(131,26,'ItemLine',NULL,287,1,'2014-12-29','2014-12-29',NULL,NULL,25,NULL,'2014-12-25 21:36:42','2014-12-25 21:36:42'),(132,26,'ItemLine',NULL,291,1,'2014-12-29','2014-12-29',NULL,NULL,25,NULL,'2014-12-25 21:36:42','2014-12-25 21:36:42'),(133,27,'ItemLine',NULL,295,1,'2014-12-29','2014-12-29',NULL,NULL,26,NULL,'2014-12-25 21:36:42','2014-12-25 21:36:42'),(134,27,'ItemLine',NULL,299,1,'2014-12-29','2014-12-29',NULL,NULL,26,NULL,'2014-12-25 21:36:42','2014-12-25 21:36:42'),(135,27,'ItemLine',NULL,303,1,'2014-12-29','2014-12-29',NULL,NULL,26,NULL,'2014-12-25 21:36:42','2014-12-25 21:36:42'),(136,28,'ItemLine',NULL,120,1,'2014-12-29','2014-12-29',NULL,NULL,27,NULL,'2014-12-25 21:36:42','2014-12-25 21:36:42'),(137,29,'ItemLine',NULL,120,1,'2014-12-29','2014-12-29',NULL,NULL,28,NULL,'2014-12-25 21:36:42','2014-12-25 21:36:42'),(138,29,'ItemLine',NULL,88,1,'2014-12-29','2014-12-29',NULL,NULL,28,NULL,'2014-12-25 21:36:42','2014-12-25 21:36:42'),(139,30,'ItemLine',NULL,120,1,'2015-01-01','2015-01-02',NULL,NULL,29,NULL,'2014-12-25 21:36:42','2014-12-25 21:36:42'),(140,31,'ItemLine',NULL,62,1,'2014-12-29','2014-12-29',NULL,NULL,30,NULL,'2014-12-25 21:36:42','2014-12-25 21:36:42'),(141,31,'ItemLine',NULL,62,1,'2014-12-29','2014-12-29',NULL,NULL,30,NULL,'2014-12-25 21:36:42','2014-12-25 21:36:42'),(142,31,'ItemLine',NULL,62,1,'2014-12-29','2014-12-29',NULL,NULL,30,NULL,'2014-12-25 21:36:42','2014-12-25 21:36:42'),(143,32,'ItemLine',NULL,88,1,'2014-12-29','2014-12-29',NULL,NULL,31,NULL,'2014-12-25 21:36:42','2014-12-25 21:36:42'),(144,32,'ItemLine',NULL,120,1,'2014-12-29','2014-12-29',NULL,NULL,31,NULL,'2014-12-25 21:36:42','2014-12-25 21:36:42'),(145,32,'ItemLine',NULL,88,1,'2014-12-29','2014-12-29',NULL,NULL,31,NULL,'2014-12-25 21:36:42','2014-12-25 21:36:42'),(146,32,'ItemLine',NULL,120,1,'2014-12-29','2014-12-29',NULL,NULL,31,NULL,'2014-12-25 21:36:42','2014-12-25 21:36:42'),(147,32,'ItemLine',NULL,88,1,'2014-12-29','2014-12-29',NULL,NULL,31,NULL,'2014-12-25 21:36:42','2014-12-25 21:36:42'),(148,32,'ItemLine',NULL,120,1,'2014-12-29','2014-12-29',NULL,NULL,31,NULL,'2014-12-25 21:36:42','2014-12-25 21:36:42'),(149,32,'OptionLine',NULL,NULL,5,'2014-12-29','2014-12-29',NULL,1,31,NULL,'2014-12-25 21:36:42','2014-12-25 21:36:42'),(150,33,'ItemLine',NULL,159,1,'2014-12-29','2014-12-29',NULL,NULL,NULL,NULL,'2014-12-25 21:36:42','2014-12-25 21:36:42'),(151,34,'ItemLine',287,307,1,'2014-12-29','2014-12-29',NULL,NULL,NULL,NULL,'2014-12-25 21:36:42','2014-12-25 21:36:42'),(152,35,'ItemLine',75,88,1,'2014-12-25','2014-12-25',NULL,NULL,34,NULL,'2014-12-25 21:36:42','2014-12-25 21:36:42'),(153,36,'ItemLine',288,308,1,'2014-12-25','2014-12-25',NULL,NULL,35,NULL,'2014-12-25 21:36:42','2014-12-25 21:36:42'),(154,37,'ItemLine',46,61,1,'2014-12-25','2014-12-25',NULL,NULL,36,NULL,'2014-12-25 21:36:42','2014-12-25 21:36:42'),(155,37,'ItemLine',232,240,1,'2014-12-25','2014-12-25','2014-12-25',NULL,36,18,'2014-12-25 21:36:42','2014-12-25 21:36:42'),(156,38,'ItemLine',51,62,1,'2014-12-25','2014-12-25',NULL,NULL,37,NULL,'2014-12-25 21:36:42','2014-12-25 21:36:42'),(157,39,'ItemLine',289,309,1,'2014-12-25','2014-12-25',NULL,NULL,38,NULL,'2014-12-25 21:36:42','2014-12-25 21:36:42'),(158,40,'ItemLine',116,123,1,'2014-12-25','2014-12-26',NULL,NULL,39,NULL,'2014-12-25 21:36:42','2014-12-25 21:36:42'),(159,41,'ItemLine',NULL,88,1,'2015-01-01','2015-01-04',NULL,NULL,40,NULL,'2014-12-25 21:36:42','2014-12-25 21:36:42'),(160,41,'ItemLine',NULL,120,1,'2015-01-01','2015-01-04',NULL,NULL,40,NULL,'2014-12-25 21:36:42','2014-12-25 21:36:42'),(161,41,'ItemLine',NULL,120,1,'2015-01-02','2015-01-05',NULL,NULL,40,NULL,'2014-12-25 21:36:42','2014-12-25 21:36:42'),(162,42,'ItemLine',NULL,66,1,'2014-12-25','2014-12-26',NULL,NULL,40,NULL,'2014-12-25 21:36:42','2014-12-25 21:36:42'),(163,43,'ItemLine',NULL,62,1,'2014-12-23','2014-12-26',NULL,NULL,41,NULL,'2014-12-25 21:36:42','2014-12-25 21:36:42'),(164,43,'ItemLine',NULL,310,1,'2014-12-23','2014-12-26',NULL,NULL,41,NULL,'2014-12-25 21:36:42','2014-12-25 21:36:42'),(165,44,'ItemLine',145,62,1,'2014-12-25','2014-12-25',NULL,NULL,42,NULL,'2014-12-25 21:36:42','2014-12-25 21:36:42'),(166,44,'OptionLine',NULL,NULL,1,'2014-12-25','2014-12-25',NULL,1,42,NULL,'2014-12-25 21:36:42','2014-12-25 21:36:42'),(167,45,'ItemLine',NULL,88,1,'2015-01-31','2015-02-08',NULL,NULL,43,NULL,'2014-12-25 21:36:42','2014-12-25 21:36:42'),(168,46,'ItemLine',NULL,88,1,'2015-02-15','2015-02-18',NULL,NULL,44,NULL,'2014-12-25 21:36:42','2014-12-25 21:36:42'),(169,46,'ItemLine',NULL,88,1,'2015-02-15','2015-02-18',NULL,NULL,44,NULL,'2014-12-25 21:36:42','2014-12-25 21:36:42'),(170,46,'ItemLine',NULL,88,1,'2015-02-15','2015-02-18',NULL,NULL,44,NULL,'2014-12-25 21:36:42','2014-12-25 21:36:42'),(171,46,'ItemLine',NULL,88,1,'2015-02-15','2015-02-18',NULL,NULL,44,NULL,'2014-12-25 21:36:42','2014-12-25 21:36:42'),(172,46,'ItemLine',NULL,88,1,'2015-02-15','2015-02-18',NULL,NULL,44,NULL,'2014-12-25 21:36:42','2014-12-25 21:36:42'),(173,46,'ItemLine',NULL,88,1,'2015-02-15','2015-02-18',NULL,NULL,44,NULL,'2014-12-25 21:36:42','2014-12-25 21:36:42'),(174,47,'ItemLine',NULL,37,1,'2014-12-29','2014-12-29',NULL,NULL,45,NULL,'2014-12-25 21:36:42','2014-12-25 21:36:42'),(175,48,'ItemLine',111,120,1,'2014-12-20','2014-12-24',NULL,NULL,46,NULL,'2014-12-20 00:00:00','2014-12-20 00:00:00');
/*!40000 ALTER TABLE `contract_lines` ENABLE KEYS */;
UNLOCK TABLES;

--
-- Table structure for table `contracts`
--

DROP TABLE IF EXISTS `contracts`;
/*!40101 SET @saved_cs_client     = @@character_set_client */;
/*!40101 SET character_set_client = utf8 */;
CREATE TABLE `contracts` (
  `id` int(11) NOT NULL AUTO_INCREMENT,
  `user_id` int(11) DEFAULT NULL,
  `delegated_user_id` int(11) DEFAULT NULL,
  `inventory_pool_id` int(11) DEFAULT NULL,
  `note` text COLLATE utf8_unicode_ci,
  `handed_over_by_user_id` int(11) DEFAULT NULL,
  `created_at` datetime DEFAULT NULL,
  `updated_at` datetime DEFAULT NULL,
  `status` enum('unsubmitted','submitted','rejected','approved','signed','closed') COLLATE utf8_unicode_ci NOT NULL,
  PRIMARY KEY (`id`),
  KEY `index_contracts_on_inventory_pool_id` (`inventory_pool_id`),
  KEY `index_contracts_on_status` (`status`),
  KEY `index_contracts_on_user_id` (`user_id`),
  KEY `contracts_delegated_user_id_fk` (`delegated_user_id`),
  KEY `contracts_handed_over_by_user_id_fk` (`handed_over_by_user_id`),
  CONSTRAINT `contracts_handed_over_by_user_id_fk` FOREIGN KEY (`handed_over_by_user_id`) REFERENCES `users` (`id`),
  CONSTRAINT `contracts_delegated_user_id_fk` FOREIGN KEY (`delegated_user_id`) REFERENCES `users` (`id`),
  CONSTRAINT `contracts_inventory_pool_id_fk` FOREIGN KEY (`inventory_pool_id`) REFERENCES `inventory_pools` (`id`),
  CONSTRAINT `contracts_user_id_fk` FOREIGN KEY (`user_id`) REFERENCES `users` (`id`)
) ENGINE=InnoDB AUTO_INCREMENT=49 DEFAULT CHARSET=utf8 COLLATE=utf8_unicode_ci;
/*!40101 SET character_set_client = @saved_cs_client */;

--
-- Dumping data for table `contracts`
--

LOCK TABLES `contracts` WRITE;
/*!40000 ALTER TABLE `contracts` DISABLE KEYS */;
INSERT INTO `contracts` VALUES (1,5,NULL,5,NULL,NULL,'2014-12-25 21:36:42','2014-12-25 21:36:42','unsubmitted'),(2,6,NULL,10,NULL,NULL,'2014-12-25 21:36:42','2014-12-25 21:36:42','approved'),(3,7,NULL,1,NULL,NULL,'2014-12-25 21:36:42','2014-12-25 21:36:42','closed'),(4,12,NULL,1,NULL,NULL,'2014-12-19 22:45:15','2014-12-19 22:45:15','submitted'),(5,12,NULL,1,NULL,NULL,'2014-12-19 22:45:16','2014-12-19 22:45:16','approved'),(6,12,NULL,1,NULL,NULL,'2014-12-19 22:45:16','2014-12-19 22:45:16','rejected'),(7,12,NULL,1,NULL,NULL,'2014-12-25 05:56:25','2014-12-25 05:56:25','submitted'),(8,12,NULL,1,NULL,NULL,'2014-12-19 10:22:33','2014-12-19 10:22:33','submitted'),(9,13,NULL,1,NULL,NULL,'2014-12-25 21:36:42','2014-12-25 21:36:42','submitted'),(10,14,NULL,1,NULL,NULL,'2014-12-25 21:36:42','2014-12-25 21:36:42','submitted'),(11,15,NULL,1,NULL,NULL,'2014-12-25 21:36:42','2014-12-25 21:36:42','submitted'),(12,16,NULL,1,NULL,NULL,'2014-12-25 21:36:42','2014-12-25 21:36:42','submitted'),(13,20,NULL,1,NULL,NULL,'2014-12-25 21:36:42','2014-12-25 21:36:42','approved'),(14,21,NULL,1,NULL,18,'2014-12-25 21:36:42','2014-12-25 21:36:42','signed'),(15,22,NULL,1,NULL,18,'2014-12-25 21:36:42','2014-12-25 21:36:42','signed'),(16,23,NULL,1,NULL,18,'2014-12-25 21:36:42','2014-12-25 21:36:42','signed'),(17,24,NULL,2,NULL,18,'2014-12-20 00:00:00','2014-12-20 00:00:00','signed'),(18,26,NULL,1,NULL,18,'2014-12-25 21:36:42','2014-12-25 21:36:42','closed'),(19,27,NULL,1,NULL,18,'2014-12-25 21:36:42','2014-12-25 21:36:42','closed'),(20,30,28,1,NULL,NULL,'2014-12-25 21:36:42','2014-12-25 21:36:42','submitted'),(21,30,29,1,NULL,NULL,'2014-12-25 21:36:42','2014-12-25 21:36:42','approved'),(22,30,28,1,NULL,18,'2014-12-25 21:36:42','2014-12-25 21:36:42','signed'),(23,30,28,1,NULL,18,'2014-12-20 00:00:00','2014-12-20 00:00:00','signed'),(24,34,NULL,1,NULL,NULL,'2014-12-25 21:36:42','2014-12-25 21:36:42','submitted'),(25,34,NULL,3,NULL,NULL,'2014-12-25 21:36:42','2014-12-25 21:36:42','submitted'),(26,34,NULL,1,NULL,NULL,'2014-12-25 21:36:42','2014-12-25 21:36:42','submitted'),(27,34,NULL,3,NULL,NULL,'2014-12-25 21:36:42','2014-12-25 21:36:42','submitted'),(28,34,NULL,1,NULL,NULL,'2014-12-25 21:36:42','2014-12-25 21:36:42','approved'),(29,34,NULL,1,NULL,NULL,'2014-12-25 21:36:42','2014-12-25 21:36:42','approved'),(30,34,NULL,1,NULL,NULL,'2014-12-25 21:36:42','2014-12-25 21:36:42','approved'),(31,34,NULL,1,NULL,NULL,'2014-12-25 21:36:42','2014-12-25 21:36:42','approved'),(32,34,NULL,1,NULL,NULL,'2014-12-25 21:36:42','2014-12-25 21:36:42','approved'),(33,34,NULL,1,NULL,NULL,'2014-12-25 21:36:42','2014-12-25 21:36:42','approved'),(34,34,NULL,1,NULL,NULL,'2014-12-25 21:36:42','2014-12-25 21:36:42','approved'),(35,34,NULL,1,NULL,18,'2014-12-25 21:36:42','2014-12-25 21:36:42','signed'),(36,34,NULL,1,NULL,18,'2014-12-25 21:36:42','2014-12-25 21:36:42','signed'),(37,34,NULL,2,NULL,18,'2014-12-25 21:36:42','2014-12-25 21:36:42','signed'),(38,34,NULL,2,NULL,18,'2014-12-25 21:36:42','2014-12-25 21:36:42','signed'),(39,34,NULL,2,NULL,18,'2014-12-25 21:36:42','2014-12-25 21:36:42','signed'),(40,34,NULL,1,NULL,18,'2014-12-25 21:36:42','2014-12-25 21:36:42','signed'),(41,35,NULL,1,NULL,NULL,'2014-12-25 21:36:42','2014-12-25 21:36:42','submitted'),(42,35,NULL,1,NULL,NULL,'2014-12-25 21:36:42','2014-12-25 21:36:42','submitted'),(43,35,NULL,1,NULL,NULL,'2014-12-25 21:36:42','2014-12-25 21:36:42','approved'),(44,35,NULL,1,NULL,18,'2014-12-25 21:36:42','2014-12-25 21:36:42','signed'),(45,36,NULL,1,NULL,NULL,'2014-12-25 21:36:42','2014-12-25 21:36:42','submitted'),(46,36,NULL,1,NULL,NULL,'2014-12-25 21:36:42','2014-12-25 21:36:42','submitted'),(47,36,NULL,1,NULL,NULL,'2014-12-25 21:36:42','2014-12-25 21:36:42','approved'),(48,36,NULL,1,NULL,18,'2014-12-20 00:00:00','2014-12-20 00:00:00','signed');
/*!40000 ALTER TABLE `contracts` ENABLE KEYS */;
UNLOCK TABLES;

--
-- Table structure for table `database_authentications`
--

DROP TABLE IF EXISTS `database_authentications`;
/*!40101 SET @saved_cs_client     = @@character_set_client */;
/*!40101 SET character_set_client = utf8 */;
CREATE TABLE `database_authentications` (
  `id` int(11) NOT NULL AUTO_INCREMENT,
  `login` varchar(255) COLLATE utf8_unicode_ci DEFAULT NULL,
  `crypted_password` varchar(40) COLLATE utf8_unicode_ci DEFAULT NULL,
  `salt` varchar(40) COLLATE utf8_unicode_ci DEFAULT NULL,
  `user_id` int(11) DEFAULT NULL,
  `created_at` datetime DEFAULT NULL,
  `updated_at` datetime DEFAULT NULL,
  PRIMARY KEY (`id`),
  KEY `database_authentications_user_id_fk` (`user_id`),
  CONSTRAINT `database_authentications_user_id_fk` FOREIGN KEY (`user_id`) REFERENCES `users` (`id`) ON DELETE CASCADE
) ENGINE=InnoDB AUTO_INCREMENT=33 DEFAULT CHARSET=utf8 COLLATE=utf8_unicode_ci;
/*!40101 SET character_set_client = @saved_cs_client */;

--
-- Dumping data for table `database_authentications`
--

LOCK TABLES `database_authentications` WRITE;
/*!40000 ALTER TABLE `database_authentications` DISABLE KEYS */;
INSERT INTO `database_authentications` VALUES (1,'ramon','d0546b142319d4773662040d3459d5464f2f60d1','a40c97e5975fc13a3134f7a0403437c0930fcac1',1,'2014-12-25 21:36:42','2014-12-25 21:36:42'),(2,'alivia_7965','0f26c11cf42bab8bc205d40e6546b63208bbb119','e67201c66ed9832e3cb59eccad93cf7212633d2f',2,'2014-12-25 21:36:42','2014-12-25 21:36:42'),(3,'gerson_ohara_4689','033fa8d9725b42bf1960987610ef06ecf2ce4177','1c7c28f8c98f75501de337358a391e5d58febeeb',3,'2014-12-25 21:36:42','2014-12-25 21:36:42'),(4,'joy_5474','149ce4a293988e4c128c66094df3dda9ba2fbd89','f59839a27b426ab494ab9f47c481850f351a2f86',4,'2014-12-25 21:36:42','2014-12-25 21:36:42'),(5,'major_kuphal_4834','fb0e1c601779cf187bb465e0453db37d78a25f26','538ef991c40c40f0aff1271d309ab445a6c03652',5,'2014-12-25 21:36:42','2014-12-25 21:36:42'),(6,'sadie_2091','33b6a39d8bd64fe4ee48fb7597e0d7dd6aa95a64','53530839a71488b939a82d1615bad691dc29c10b',6,'2014-12-25 21:36:42','2014-12-25 21:36:42'),(7,'lucy_kreiger_2067','82954416b6108f8650b34855cdc39fecefb7dbac','5559e26923106ec24f713745124719f27b0048a9',7,'2014-12-25 21:36:42','2014-12-25 21:36:42'),(8,'matti','b6fbe21461c4aba372f9e336f0cd0de848c66dfa','5e1777c970563d33df3c4c8f1ca4e76e0ec708cf',8,'2014-12-25 21:36:42','2014-12-25 21:36:42'),(9,'mike','3e2bf41121135fd5fdb6c56caf386c30f6a64cbd','cc022d183ba6c847efd6e5e2b24d0791b677ec99',9,'2014-12-25 21:36:42','2014-12-25 21:36:42'),(10,'andi','fe3bfc22ecaa46234438458375eaa6910dba749c','e50d0ebe28e99285ab53abe1b93f0485e0625a1c',10,'2014-12-25 21:36:42','2014-12-25 21:36:42'),(11,'pietro.romaguera_4451','5948216783670ab2ea507d257a9ac56faf29cdb7','9e92a4182e4acaba82b63ffeee68604a17f9f510',11,'2014-12-25 21:36:42','2014-12-25 21:36:42'),(12,'rafaela_9783','392c1d8da45519be072cd7fc2a6a03e1b3b3dbb3','c1e1f99a73035de45446f04bed66425bdf8e902d',12,'2014-12-25 21:36:42','2014-12-25 21:36:42'),(13,'alison_4063','81539d98cfb08a7ebc00af5f4a0ac661c6572b77','bfd7523b6ddb52a444b776745c7e026f8cf05c36',13,'2014-12-25 21:36:42','2014-12-25 21:36:42'),(14,'abbigail_6192','4f3cc79f4d30159ccfaa8045f80952c19c26478b','e058bf1616a93e698d2f54a6e38b22432f003d31',14,'2014-12-25 21:36:42','2014-12-25 21:36:42'),(15,'marietta_6130','7eb0538b05dfbe4d6428caf941682e6e58c093f6','aab871f97cdfe054fd38f7332022fd83d11f5b54',15,'2014-12-25 21:36:42','2014-12-25 21:36:42'),(16,'geovanny_deckow_1713','3f7fb2180224ebc42daa45e20894870176839171','201c9146f36fdaed14fcb785cefd3db998aeb6b3',16,'2014-12-25 21:36:42','2014-12-25 21:36:42'),(17,'gino','6d6877c1bb9c10e025e278add9f9250d2efa4da3','6759bc500df83af0fd0c5722980016ebd38c92c5',17,'2014-12-25 21:36:42','2014-12-25 21:36:42'),(18,'pius','c566fdc4e7f020aa65b9cc6997736583cd8369f9','489f6c49ecae0c4035759d2edc7c94d40f9b5fcd',18,'2014-12-25 21:36:42','2014-12-25 21:36:42'),(19,'peter','b56595a5dbd485d2e1a2eb9e65bff10001cfde0c','8db7db008f16db2ece40b9fc81876963e819b33e',19,'2014-12-25 21:36:42','2014-12-25 21:36:42'),(20,'vella_2969','d517c885e292bf0ae67d0bcd84de8d49c2af960a','7d4a830517e9a3b5f94c14e2223bc58062150e89',20,'2014-12-25 21:36:42','2014-12-25 21:36:42'),(21,'lew_9261','be230451b19f809bb8f49d50ff7ade5a3c08e54b','036375b33d097957ed23d49124d19118f9231505',21,'2014-12-25 21:36:42','2014-12-25 21:36:42'),(22,'berry_rempel_9127','f7a023d2041ae78bd23fd714a5e07cf4595928c4','f501f057a58c2c6eadf7047a620bbb829c23d75f',22,'2014-12-25 21:36:42','2014-12-25 21:36:42'),(23,'lemuel_glover_7635','d417fc33cdda6bafab3f21132df5b4678b7ace0c','13574bb502519daf1dd13e6fc81ac5cd534b8a02',23,'2014-12-25 21:36:42','2014-12-25 21:36:42'),(24,'edythe_6943','dcce0068249f3619e6c8e807997140687dbfb96a','74981e99024c2e4574a0a953d43d635f25fe512d',24,'2014-12-20 00:00:00','2014-12-20 00:00:00'),(25,'marshall_robel_4856','ee09b44660f8b20b87889644b9d70eec1ee098a7','35edaeddf2be4f1782c9f27f1fa047d4d67afe10',25,'2014-12-20 00:00:00','2014-12-20 00:00:00'),(26,'verona_1279','bd486cb866dcdb04ba0ea7dc65ae37d1a410a56c','4c8a761e50cd704d61c0316d669d860cfae1634a',26,'2014-12-25 21:36:42','2014-12-25 21:36:42'),(27,'asha_6385','340d4be3258f07f8efad03fdbf951b95684cc60d','795c1a85935ca7798967b6722a40ea54213128b6',27,'2014-12-25 21:36:42','2014-12-25 21:36:42'),(28,'mina','7da64f35e7da9f68edbba9367aab3fc8040a8f7e','d0849516276ef5bad5e7bafebe80b9798806bcd9',28,'2014-12-25 21:36:42','2014-12-25 21:36:42'),(29,'julie','0c0bdeb276e2741221a1a52ac385f842753578c2','e4e4d8cad65afd6ace087df0d56cc7d775feef9c',29,'2014-12-25 21:36:42','2014-12-25 21:36:42'),(30,'normin','acbfc7405da676ee6c6f896684673f0eb94e8e21','7e9df7cc662c9555fd1b8499eab3ecc1bcc5a30e',34,'2014-12-25 21:36:42','2014-12-25 21:36:42'),(31,'petra','97f37d648eb9e1c9fa0d1763d638c26862002305','1605942668d869ff1ec29b2932cc5ab0bba06246',35,'2014-12-25 21:36:42','2014-12-25 21:36:42'),(32,'lisa','402057dffbfdaac43499aad598a093306e7383e7','c4567c7c0ea68fc9b5809ac2eeff5fdad470afaf',36,'2014-12-25 21:36:42','2014-12-25 21:36:42');
/*!40000 ALTER TABLE `database_authentications` ENABLE KEYS */;
UNLOCK TABLES;

--
-- Table structure for table `delegations_users`
--

DROP TABLE IF EXISTS `delegations_users`;
/*!40101 SET @saved_cs_client     = @@character_set_client */;
/*!40101 SET character_set_client = utf8 */;
CREATE TABLE `delegations_users` (
  `delegation_id` int(11) DEFAULT NULL,
  `user_id` int(11) DEFAULT NULL,
  UNIQUE KEY `index_delegations_users_on_user_id_and_delegation_id` (`user_id`,`delegation_id`),
  KEY `index_delegations_users_on_delegation_id` (`delegation_id`),
  CONSTRAINT `delegations_users_delegation_id_fk` FOREIGN KEY (`delegation_id`) REFERENCES `users` (`id`),
  CONSTRAINT `delegations_users_user_id_fk` FOREIGN KEY (`user_id`) REFERENCES `users` (`id`)
) ENGINE=InnoDB DEFAULT CHARSET=utf8 COLLATE=utf8_unicode_ci;
/*!40101 SET character_set_client = @saved_cs_client */;

--
-- Dumping data for table `delegations_users`
--

LOCK TABLES `delegations_users` WRITE;
/*!40000 ALTER TABLE `delegations_users` DISABLE KEYS */;
INSERT INTO `delegations_users` VALUES (30,28),(31,28),(32,28),(33,28),(30,29),(31,29),(32,29),(33,29);
/*!40000 ALTER TABLE `delegations_users` ENABLE KEYS */;
UNLOCK TABLES;

--
-- Table structure for table `groups`
--

DROP TABLE IF EXISTS `groups`;
/*!40101 SET @saved_cs_client     = @@character_set_client */;
/*!40101 SET character_set_client = utf8 */;
CREATE TABLE `groups` (
  `id` int(11) NOT NULL AUTO_INCREMENT,
  `name` varchar(255) COLLATE utf8_unicode_ci DEFAULT NULL,
  `inventory_pool_id` int(11) DEFAULT NULL,
  `is_verification_required` tinyint(1) DEFAULT '0',
  `created_at` datetime DEFAULT NULL,
  `updated_at` datetime DEFAULT NULL,
  PRIMARY KEY (`id`),
  KEY `index_groups_on_inventory_pool_id` (`inventory_pool_id`),
  KEY `index_groups_on_is_verification_required` (`is_verification_required`),
  CONSTRAINT `groups_inventory_pool_id_fk` FOREIGN KEY (`inventory_pool_id`) REFERENCES `inventory_pools` (`id`)
) ENGINE=InnoDB AUTO_INCREMENT=10 DEFAULT CHARSET=utf8 COLLATE=utf8_unicode_ci;
/*!40101 SET character_set_client = @saved_cs_client */;

--
-- Dumping data for table `groups`
--

LOCK TABLES `groups` WRITE;
/*!40000 ALTER TABLE `groups` DISABLE KEYS */;
INSERT INTO `groups` VALUES (1,'Cast',1,0,'2014-12-25 21:36:42','2014-12-25 21:36:42'),(2,'IAD',1,0,'2014-12-25 21:36:42','2014-12-25 21:36:42'),(3,'Wu',1,0,'2014-12-25 21:36:42','2014-12-25 21:36:42'),(4,'Group Hifi',1,0,'2014-12-25 21:36:42','2014-12-25 21:36:42'),(5,'Group A',1,0,'2014-12-25 21:36:42','2014-12-25 21:36:42'),(6,'Group B',1,0,'2014-12-25 21:36:42','2014-12-25 21:36:42'),(7,'FFI',1,1,'2014-12-25 21:36:42','2014-12-25 21:36:42'),(8,'VTO',1,1,'2014-12-25 21:36:42','2014-12-25 21:36:42'),(9,'1. Semester',2,1,'2014-12-25 21:36:42','2014-12-25 21:36:42');
/*!40000 ALTER TABLE `groups` ENABLE KEYS */;
UNLOCK TABLES;

--
-- Table structure for table `groups_users`
--

DROP TABLE IF EXISTS `groups_users`;
/*!40101 SET @saved_cs_client     = @@character_set_client */;
/*!40101 SET character_set_client = utf8 */;
CREATE TABLE `groups_users` (
  `user_id` int(11) DEFAULT NULL,
  `group_id` int(11) DEFAULT NULL,
  UNIQUE KEY `index_groups_users_on_user_id_and_group_id` (`user_id`,`group_id`),
  KEY `index_groups_users_on_group_id` (`group_id`),
  CONSTRAINT `groups_users_user_id_fk` FOREIGN KEY (`user_id`) REFERENCES `users` (`id`),
  CONSTRAINT `groups_users_group_id_fk` FOREIGN KEY (`group_id`) REFERENCES `groups` (`id`)
) ENGINE=InnoDB DEFAULT CHARSET=utf8 COLLATE=utf8_unicode_ci;
/*!40101 SET character_set_client = @saved_cs_client */;

--
-- Dumping data for table `groups_users`
--

LOCK TABLES `groups_users` WRITE;
/*!40000 ALTER TABLE `groups_users` DISABLE KEYS */;
INSERT INTO `groups_users` VALUES (12,7),(12,8),(13,7),(14,7),(14,8),(15,7),(15,9),(16,7),(34,1),(36,1);
/*!40000 ALTER TABLE `groups_users` ENABLE KEYS */;
UNLOCK TABLES;

--
-- Table structure for table `histories`
--

DROP TABLE IF EXISTS `histories`;
/*!40101 SET @saved_cs_client     = @@character_set_client */;
/*!40101 SET character_set_client = utf8 */;
CREATE TABLE `histories` (
  `id` int(11) NOT NULL AUTO_INCREMENT,
  `text` varchar(255) COLLATE utf8_unicode_ci DEFAULT '',
  `type_const` int(11) DEFAULT NULL,
  `created_at` datetime NOT NULL,
  `target_id` int(11) NOT NULL,
  `target_type` varchar(255) COLLATE utf8_unicode_ci NOT NULL,
  `user_id` int(11) DEFAULT NULL,
  PRIMARY KEY (`id`),
  KEY `index_histories_on_target_type_and_target_id` (`target_type`,`target_id`),
  KEY `index_histories_on_type_const` (`type_const`),
  KEY `index_histories_on_user_id` (`user_id`),
  CONSTRAINT `histories_user_id_fk` FOREIGN KEY (`user_id`) REFERENCES `users` (`id`) ON DELETE CASCADE
) ENGINE=InnoDB AUTO_INCREMENT=17 DEFAULT CHARSET=utf8 COLLATE=utf8_unicode_ci;
/*!40101 SET character_set_client = @saved_cs_client */;

--
-- Dumping data for table `histories`
--

LOCK TABLES `histories` WRITE;
/*!40000 ALTER TABLE `histories` DISABLE KEYS */;
INSERT INTO `histories` VALUES (1,'Contract 14 has been signed by Evert Cassin',1,'2014-12-25 21:36:42',14,'Contract',18),(2,'Contract 15 has been signed by Keely Pfeffer',1,'2014-12-25 21:36:42',15,'Contract',18),(3,'Contract 16 has been signed by Flavio Jast',1,'2014-12-25 21:36:42',16,'Contract',18),(4,'Contract 17 has been signed by Loyce Wintheiser',1,'2014-12-20 00:00:00',17,'Contract',18),(5,'Contract 18 has been signed by Newell Homenick',1,'2014-12-25 21:36:42',18,'Contract',18),(6,'Contract 19 has been signed by Zelma Stiedemann',1,'2014-12-25 21:36:42',19,'Contract',18),(7,'Contract 22 has been signed by Sint velit soluta aut.',1,'2014-12-25 21:36:42',22,'Contract',18),(8,'Contract 23 has been signed by Sint velit soluta aut.',1,'2014-12-20 00:00:00',23,'Contract',18),(9,'Contract 35 has been signed by Normin N.',1,'2014-12-25 21:36:42',35,'Contract',18),(10,'Contract 36 has been signed by Normin N.',1,'2014-12-25 21:36:42',36,'Contract',18),(11,'Contract 37 has been signed by Normin N.',1,'2014-12-25 21:36:42',37,'Contract',18),(12,'Contract 38 has been signed by Normin N.',1,'2014-12-25 21:36:42',38,'Contract',18),(13,'Contract 39 has been signed by Normin N.',1,'2014-12-25 21:36:42',39,'Contract',18),(14,'Contract 40 has been signed by Normin N.',1,'2014-12-25 21:36:42',40,'Contract',18),(15,'Contract 44 has been signed by Petra K.',1,'2014-12-25 21:36:42',44,'Contract',18),(16,'Contract 48 has been signed by Lisa L.',1,'2014-12-20 00:00:00',48,'Contract',18);
/*!40000 ALTER TABLE `histories` ENABLE KEYS */;
UNLOCK TABLES;

--
-- Table structure for table `holidays`
--

DROP TABLE IF EXISTS `holidays`;
/*!40101 SET @saved_cs_client     = @@character_set_client */;
/*!40101 SET character_set_client = utf8 */;
CREATE TABLE `holidays` (
  `id` int(11) NOT NULL AUTO_INCREMENT,
  `inventory_pool_id` int(11) DEFAULT NULL,
  `start_date` date DEFAULT NULL,
  `end_date` date DEFAULT NULL,
  `name` varchar(255) COLLATE utf8_unicode_ci DEFAULT NULL,
  PRIMARY KEY (`id`),
  KEY `index_holidays_on_inventory_pool_id` (`inventory_pool_id`),
  KEY `index_holidays_on_start_date_and_end_date` (`start_date`,`end_date`),
  CONSTRAINT `holidays_inventory_pool_id_fk` FOREIGN KEY (`inventory_pool_id`) REFERENCES `inventory_pools` (`id`) ON DELETE CASCADE
) ENGINE=InnoDB AUTO_INCREMENT=9 DEFAULT CHARSET=utf8 COLLATE=utf8_unicode_ci;
/*!40101 SET character_set_client = @saved_cs_client */;

--
-- Dumping data for table `holidays`
--

LOCK TABLES `holidays` WRITE;
/*!40000 ALTER TABLE `holidays` DISABLE KEYS */;
INSERT INTO `holidays` VALUES (1,1,'2014-12-24','2014-12-26','Christmas'),(2,1,'2015-12-24','2015-12-26','Christmas'),(3,2,'2014-12-24','2014-12-26','Christmas'),(4,2,'2015-12-24','2015-12-26','Christmas'),(5,3,'2014-12-24','2014-12-26','Christmas'),(6,3,'2015-12-24','2015-12-26','Christmas'),(7,1,'2014-12-24','2014-12-26','Christmas'),(8,1,'2015-12-24','2015-12-26','Christmas');
/*!40000 ALTER TABLE `holidays` ENABLE KEYS */;
UNLOCK TABLES;

--
-- Table structure for table `images`
--

DROP TABLE IF EXISTS `images`;
/*!40101 SET @saved_cs_client     = @@character_set_client */;
/*!40101 SET character_set_client = utf8 */;
CREATE TABLE `images` (
  `id` int(11) NOT NULL AUTO_INCREMENT,
  `is_main` tinyint(1) DEFAULT '0',
  `content_type` varchar(255) COLLATE utf8_unicode_ci DEFAULT NULL,
  `filename` varchar(255) COLLATE utf8_unicode_ci DEFAULT NULL,
  `size` int(11) DEFAULT NULL,
  `height` int(11) DEFAULT NULL,
  `width` int(11) DEFAULT NULL,
  `parent_id` int(11) DEFAULT NULL,
  `thumbnail` varchar(255) COLLATE utf8_unicode_ci DEFAULT NULL,
  `target_id` int(11) DEFAULT NULL,
  `target_type` varchar(255) COLLATE utf8_unicode_ci DEFAULT NULL,
  PRIMARY KEY (`id`),
  KEY `index_images_on_target_id_and_target_type` (`target_id`,`target_type`)
) ENGINE=InnoDB AUTO_INCREMENT=5 DEFAULT CHARSET=utf8 COLLATE=utf8_unicode_ci;
/*!40101 SET character_set_client = @saved_cs_client */;

--
-- Dumping data for table `images`
--

LOCK TABLES `images` WRITE;
/*!40000 ALTER TABLE `images` DISABLE KEYS */;
INSERT INTO `images` VALUES (1,0,'image/jpeg','doloribus',NULL,NULL,NULL,NULL,NULL,1,'ModelGroup'),(2,0,'image/jpeg','quis',NULL,NULL,NULL,NULL,NULL,157,'Model'),(3,0,'image/jpeg','tempora',NULL,NULL,NULL,NULL,NULL,157,'Model'),(4,0,'image/jpeg','dolores',NULL,NULL,NULL,NULL,NULL,158,'Model');
/*!40000 ALTER TABLE `images` ENABLE KEYS */;
UNLOCK TABLES;

--
-- Table structure for table `inventory_pools`
--

DROP TABLE IF EXISTS `inventory_pools`;
/*!40101 SET @saved_cs_client     = @@character_set_client */;
/*!40101 SET character_set_client = utf8 */;
CREATE TABLE `inventory_pools` (
  `id` int(11) NOT NULL AUTO_INCREMENT,
  `name` varchar(255) COLLATE utf8_unicode_ci DEFAULT NULL,
  `description` text COLLATE utf8_unicode_ci,
  `contact_details` varchar(255) COLLATE utf8_unicode_ci DEFAULT NULL,
  `contract_description` varchar(255) COLLATE utf8_unicode_ci DEFAULT NULL,
  `contract_url` varchar(255) COLLATE utf8_unicode_ci DEFAULT NULL,
  `logo_url` varchar(255) COLLATE utf8_unicode_ci DEFAULT NULL,
  `default_contract_note` text COLLATE utf8_unicode_ci,
  `shortname` varchar(255) COLLATE utf8_unicode_ci DEFAULT NULL,
  `email` varchar(255) COLLATE utf8_unicode_ci DEFAULT NULL,
  `color` text COLLATE utf8_unicode_ci,
  `print_contracts` tinyint(1) DEFAULT '1',
  `opening_hours` text COLLATE utf8_unicode_ci,
  `address_id` int(11) DEFAULT NULL,
  `automatic_suspension` tinyint(1) NOT NULL DEFAULT '0',
  `automatic_suspension_reason` text COLLATE utf8_unicode_ci,
  `automatic_access` tinyint(1) DEFAULT NULL,
  PRIMARY KEY (`id`),
  UNIQUE KEY `index_inventory_pools_on_name` (`name`),
  KEY `inventory_pools_address_id_fk` (`address_id`),
  CONSTRAINT `inventory_pools_address_id_fk` FOREIGN KEY (`address_id`) REFERENCES `addresses` (`id`)
) ENGINE=InnoDB AUTO_INCREMENT=15 DEFAULT CHARSET=utf8 COLLATE=utf8_unicode_ci;
/*!40101 SET character_set_client = @saved_cs_client */;

--
-- Dumping data for table `inventory_pools`
--

LOCK TABLES `inventory_pools` WRITE;
/*!40000 ALTER TABLE `inventory_pools` DISABLE KEYS */;
INSERT INTO `inventory_pools` VALUES (1,'A-Ausleihe','Wichtige Hinweise...\n Bitte die Gegenstnde rechtzeitig zurckbringen','A Verleih  /  ZHdK\nav@zh-dk.ch\n+41 00 00 00 00','Gert erhalten','av@zhdk.ch',NULL,'Aliquam totam molestias qui.','A','av@zhdk.ch',NULL,1,NULL,NULL,1,'Esse commodi iure sequi molestiae unde ipsum non.',NULL),(2,'IT-Ausleihe','Bringt die Gerte bitte rechtzeitig zurck','IT Verleih  /  ZHdK\nav@zh-dk.ch\n+41 00 00 00 00','Gert erhalten','it@zhdk.ch',NULL,NULL,'IT','it@zhdk.ch',NULL,1,NULL,NULL,1,'Ad repellat et eos vel quia explicabo ea.',NULL),(3,'AV-Technik','Bringt die Gerte bitte rechtzeitig zurck','AV Verleih  /  ZHdK\nav@zh-dk.ch\n+41 00 00 00 00','Gert erhalten','it@zhdk.ch',NULL,NULL,'AV','it@zhdk.ch',NULL,1,NULL,NULL,0,NULL,NULL),(4,'DT deletable','Bringt die Gerte bitte rechtzeitig zurck','AV Verleih  /  ZHdK\nav@zh-dk.ch\n+41 00 00 00 00','Gert erhalten','it@zhdk.ch',NULL,NULL,'DT','it@zhdk.ch',NULL,1,NULL,NULL,0,NULL,NULL),(5,'Pariaturhicmodiearum','Quam ut similique dolore in omnis perferendis.','Sapiente et dolores dolorem ducimus porro est.','Pariaturhicmodiearum','matilde@zemlakkub.name',NULL,NULL,'34FFPQ','matilde@zemlakkub.name',NULL,1,NULL,NULL,0,NULL,NULL),(6,'Consequaturnontotamvelit','Nihil deleniti corporis qui totam ut vero.','Sequi consequatur id optio corporis voluptatum libero.','Consequaturnontotamvelit','keven_haag@ankundingkovacek.co.uk',NULL,NULL,'SZ9WK8','keven_haag@ankundingkovacek.co.uk',NULL,1,NULL,NULL,0,NULL,NULL),(7,'Autnonsitsequi','Ipsa exercitationem quasi nam.','Laboriosam eligendi tempora sint omnis sequi numquam vero eos.','Autnonsitsequi','adrian@terrylebsack.name',NULL,NULL,'NHUBQN','adrian@terrylebsack.name',NULL,1,NULL,NULL,0,NULL,NULL),(8,'Cumsitquaeexcepturi','Nihil quia iure magnam minus consectetur odio vel non.','Rerum provident quas eaque non et illo ab.','Cumsitquaeexcepturi','natasha@ortizbrakus.biz',NULL,NULL,'9MV6H8','natasha@ortizbrakus.biz',NULL,1,NULL,NULL,0,NULL,NULL),(9,'Modiearumquisatque','Quos blanditiis sit ducimus fugiat eos ad deleniti sunt.','Velit aut sed corrupti ad accusamus dolore non possimus.','Modiearumquisatque','jerod@wisozkrodriguez.biz',NULL,NULL,'PI8H23','jerod@wisozkrodriguez.biz',NULL,1,NULL,NULL,0,NULL,NULL),(10,'Vitaeteneturasperioresquis','Nesciunt voluptate aliquam aspernatur.','Sit nesciunt a nihil in quae neque.','Vitaeteneturasperioresquis','marilou@hickle.biz',NULL,NULL,'FXDWVT','marilou@hickle.biz',NULL,1,NULL,NULL,0,NULL,NULL),(11,'Utsapientevoluptatemcum','Sed nobis ipsam voluptate voluptatum minima.','Autem quidem quos doloremque neque necessitatibus quia velit magni.','Utsapientevoluptatemcum','olga.marquardt@williamsonkaulke.info',NULL,NULL,'Z13GWJ','olga.marquardt@williamsonkaulke.info',NULL,1,NULL,NULL,0,NULL,NULL),(12,'Quiquietrepellendus','Deserunt et consectetur nesciunt porro voluptatem.','Aut unde itaque odio.','Quiquietrepellendus','bulah.ankunding@hayesfay.com',NULL,NULL,'Q41QOY','bulah.ankunding@hayesfay.com',NULL,1,NULL,NULL,0,NULL,NULL),(13,'Nesciuntquasducimusesse','Beatae dolore asperiores tempora accusantium.','Ut ullam quos magni ut omnis id mollitia nisi.','Nesciuntquasducimusesse','florian@botsfordfeest.biz',NULL,NULL,'DW8TNA','florian@botsfordfeest.biz',NULL,1,NULL,NULL,0,NULL,NULL),(14,'Voluptatibusrepellendusconsecteturexplicabo','Voluptatibus quas est eveniet.','Reiciendis maxime porro qui et est sint quidem non.','Voluptatibusrepellendusconsecteturexplicabo','palma@shanahan.info',NULL,NULL,'K0OLQN','palma@shanahan.info',NULL,1,NULL,NULL,0,NULL,NULL);
/*!40000 ALTER TABLE `inventory_pools` ENABLE KEYS */;
UNLOCK TABLES;

--
-- Table structure for table `inventory_pools_model_groups`
--

DROP TABLE IF EXISTS `inventory_pools_model_groups`;
/*!40101 SET @saved_cs_client     = @@character_set_client */;
/*!40101 SET character_set_client = utf8 */;
CREATE TABLE `inventory_pools_model_groups` (
  `inventory_pool_id` int(11) DEFAULT NULL,
  `model_group_id` int(11) DEFAULT NULL,
  KEY `index_inventory_pools_model_groups_on_inventory_pool_id` (`inventory_pool_id`),
  KEY `index_inventory_pools_model_groups_on_model_group_id` (`model_group_id`),
  CONSTRAINT `inventory_pools_model_groups_model_group_id_fk` FOREIGN KEY (`model_group_id`) REFERENCES `model_groups` (`id`),
  CONSTRAINT `inventory_pools_model_groups_inventory_pool_id_fk` FOREIGN KEY (`inventory_pool_id`) REFERENCES `inventory_pools` (`id`)
) ENGINE=InnoDB DEFAULT CHARSET=utf8 COLLATE=utf8_unicode_ci;
/*!40101 SET character_set_client = @saved_cs_client */;

--
-- Dumping data for table `inventory_pools_model_groups`
--

LOCK TABLES `inventory_pools_model_groups` WRITE;
/*!40000 ALTER TABLE `inventory_pools_model_groups` DISABLE KEYS */;
INSERT INTO `inventory_pools_model_groups` VALUES (1,12),(1,13),(1,14);
/*!40000 ALTER TABLE `inventory_pools_model_groups` ENABLE KEYS */;
UNLOCK TABLES;

--
-- Table structure for table `items`
--

DROP TABLE IF EXISTS `items`;
/*!40101 SET @saved_cs_client     = @@character_set_client */;
/*!40101 SET character_set_client = utf8 */;
CREATE TABLE `items` (
  `id` int(11) NOT NULL AUTO_INCREMENT,
  `inventory_code` varchar(255) COLLATE utf8_unicode_ci DEFAULT NULL,
  `serial_number` varchar(255) COLLATE utf8_unicode_ci DEFAULT NULL,
  `model_id` int(11) DEFAULT NULL,
  `location_id` int(11) DEFAULT NULL,
  `supplier_id` int(11) DEFAULT NULL,
  `owner_id` int(11) NOT NULL,
  `parent_id` int(11) DEFAULT NULL,
  `invoice_number` varchar(255) COLLATE utf8_unicode_ci DEFAULT NULL,
  `invoice_date` date DEFAULT NULL,
  `last_check` date DEFAULT NULL,
  `retired` date DEFAULT NULL,
  `retired_reason` varchar(255) COLLATE utf8_unicode_ci DEFAULT NULL,
  `price` decimal(8,2) DEFAULT NULL,
  `is_broken` tinyint(1) DEFAULT '0',
  `is_incomplete` tinyint(1) DEFAULT '0',
  `is_borrowable` tinyint(1) DEFAULT '0',
  `needs_permission` tinyint(1) DEFAULT '0',
  `inventory_pool_id` int(11) NOT NULL,
  `is_inventory_relevant` tinyint(1) DEFAULT '0',
  `responsible` varchar(255) COLLATE utf8_unicode_ci DEFAULT NULL,
  `insurance_number` varchar(255) COLLATE utf8_unicode_ci DEFAULT NULL,
  `note` text COLLATE utf8_unicode_ci,
  `name` text COLLATE utf8_unicode_ci,
  `user_name` varchar(255) COLLATE utf8_unicode_ci DEFAULT NULL,
  `properties` varchar(2048) COLLATE utf8_unicode_ci DEFAULT NULL,
  `created_at` datetime DEFAULT NULL,
  `updated_at` datetime DEFAULT NULL,
  PRIMARY KEY (`id`),
  UNIQUE KEY `index_items_on_inventory_code` (`inventory_code`),
  KEY `index_items_on_inventory_pool_id` (`inventory_pool_id`),
  KEY `index_items_on_retired` (`retired`),
  KEY `index_items_on_is_borrowable` (`is_borrowable`),
  KEY `index_items_on_is_broken` (`is_broken`),
  KEY `index_items_on_is_incomplete` (`is_incomplete`),
  KEY `index_items_on_location_id` (`location_id`),
  KEY `index_items_on_owner_id` (`owner_id`),
  KEY `index_items_on_parent_id_and_retired` (`parent_id`,`retired`),
  KEY `index_items_on_model_id_and_retired_and_inventory_pool_id` (`model_id`,`retired`,`inventory_pool_id`),
  KEY `items_supplier_id_fk` (`supplier_id`),
  CONSTRAINT `items_supplier_id_fk` FOREIGN KEY (`supplier_id`) REFERENCES `suppliers` (`id`),
  CONSTRAINT `items_inventory_pool_id_fk` FOREIGN KEY (`inventory_pool_id`) REFERENCES `inventory_pools` (`id`),
  CONSTRAINT `items_location_id_fk` FOREIGN KEY (`location_id`) REFERENCES `locations` (`id`),
  CONSTRAINT `items_model_id_fk` FOREIGN KEY (`model_id`) REFERENCES `models` (`id`),
  CONSTRAINT `items_owner_id_fk` FOREIGN KEY (`owner_id`) REFERENCES `inventory_pools` (`id`),
  CONSTRAINT `items_parent_id_fk` FOREIGN KEY (`parent_id`) REFERENCES `items` (`id`) ON DELETE SET NULL
) ENGINE=InnoDB AUTO_INCREMENT=293 DEFAULT CHARSET=utf8 COLLATE=utf8_unicode_ci;
/*!40101 SET character_set_client = @saved_cs_client */;

--
-- Dumping data for table `items`
--

LOCK TABLES `items` WRITE;
/*!40000 ALTER TABLE `items` DISABLE KEYS */;
INSERT INTO `items` VALUES (1,'uajl4dmt5gosf5itw8dl1','23:ed:ef:23:4b:62-80:ab:49:2e:32:e2-f5:42:05:e3:26:1c',1,1,1,6,NULL,NULL,'2013-08-08','2014-12-25',NULL,NULL,'292.00',0,0,1,0,5,1,NULL,NULL,NULL,NULL,NULL,'--- !ruby/hash:ActiveSupport::HashWithIndifferentAccess\nanschaffungskategorie: AV-Technik\nreference: invoice\numzug: zgeln\nankunftszustand: intakt\n','2014-12-25 21:36:42','2014-12-25 21:36:42'),(2,'4oi1hr6knof93k675wmx2','3a:70:2c:ca:40:44-0a:4a:5e:73:3d:ac-7c:0d:39:d6:60:06',1,2,2,7,NULL,NULL,'2011-02-02','2014-12-25',NULL,NULL,'468.00',0,0,1,0,5,1,NULL,NULL,NULL,NULL,NULL,'--- !ruby/hash:ActiveSupport::HashWithIndifferentAccess\nanschaffungskategorie: AV-Technik\nreference: invoice\numzug: zgeln\nankunftszustand: intakt\n','2014-12-25 21:36:42','2014-12-25 21:36:42'),(3,'i8vhgxgd81qxwnkf4g133','0d:7b:1c:c7:96:ea-bf:bf:a3:3a:d4:b3-75:9e:fe:11:5f:59',1,3,3,2,NULL,NULL,'2012-02-25','2014-12-25',NULL,NULL,'774.00',0,0,1,0,5,1,NULL,NULL,NULL,NULL,NULL,'--- !ruby/hash:ActiveSupport::HashWithIndifferentAccess\nanschaffungskategorie: AV-Technik\nreference: invoice\numzug: zgeln\nankunftszustand: intakt\n','2014-12-25 21:36:42','2014-12-25 21:36:42'),(4,'trgvak10rrsm947z5os64','e3:fe:ad:26:5a:01-98:06:46:24:4d:f7-e0:14:19:12:c6:44',5,4,4,8,NULL,NULL,'2009-08-13','2014-12-25',NULL,NULL,'66.00',0,0,1,0,5,1,NULL,NULL,NULL,NULL,NULL,'--- !ruby/hash:ActiveSupport::HashWithIndifferentAccess\nanschaffungskategorie: AV-Technik\nreference: invoice\numzug: zgeln\nankunftszustand: intakt\n','2014-12-25 21:36:42','2014-12-25 21:36:42'),(5,'981r547lz65kzqxxrmti5','34:bc:84:d0:05:f2-a3:18:85:a0:07:30-b5:31:13:b0:51:8d',5,5,5,2,NULL,NULL,'2009-03-12','2014-12-25',NULL,NULL,'1281.00',0,0,1,0,5,1,NULL,NULL,NULL,NULL,NULL,'--- !ruby/hash:ActiveSupport::HashWithIndifferentAccess\nanschaffungskategorie: AV-Technik\nreference: invoice\numzug: zgeln\nankunftszustand: intakt\n','2014-12-25 21:36:42','2014-12-25 21:36:42'),(6,'lzckyjrxccqbe2xyvy086','1b:42:59:09:6e:a4-a7:c1:df:80:4e:71-89:87:8d:f6:b9:87',5,6,6,7,NULL,NULL,'2013-01-02','2014-12-25',NULL,NULL,'1037.00',0,0,1,0,5,1,NULL,NULL,NULL,NULL,NULL,'--- !ruby/hash:ActiveSupport::HashWithIndifferentAccess\nanschaffungskategorie: AV-Technik\nreference: invoice\numzug: zgeln\nankunftszustand: intakt\n','2014-12-25 21:36:42','2014-12-25 21:36:42'),(7,'u9s7oa0ex10a59xzrrav7','84:de:34:a2:ad:16-a6:a7:e6:4f:45:c4-e1:07:1c:45:20:71',9,7,7,7,NULL,NULL,'2012-01-30','2014-12-25',NULL,NULL,'1270.00',0,0,1,0,5,1,NULL,NULL,NULL,NULL,NULL,'--- !ruby/hash:ActiveSupport::HashWithIndifferentAccess\nanschaffungskategorie: AV-Technik\nreference: invoice\numzug: zgeln\nankunftszustand: intakt\n','2014-12-25 21:36:42','2014-12-25 21:36:42'),(8,'phb93iau5tty26v6lxrc8','f5:c6:01:bd:0a:ef-cc:95:47:84:74:1a-ab:cd:fd:09:02:a6',9,8,8,1,NULL,NULL,'2010-03-18','2014-12-25',NULL,NULL,'1445.00',0,0,1,0,5,1,NULL,NULL,NULL,NULL,NULL,'--- !ruby/hash:ActiveSupport::HashWithIndifferentAccess\nanschaffungskategorie: AV-Technik\nreference: invoice\numzug: zgeln\nankunftszustand: intakt\n','2014-12-25 21:36:42','2014-12-25 21:36:42'),(9,'al9we3da88abjhc9jhm99','9d:b5:90:71:71:fc-d1:4e:b4:45:4e:cb-fe:89:65:7c:87:cb',9,9,9,9,NULL,NULL,'2009-08-18','2014-12-25',NULL,NULL,'1468.00',0,0,1,0,5,1,NULL,NULL,NULL,NULL,NULL,'--- !ruby/hash:ActiveSupport::HashWithIndifferentAccess\nanschaffungskategorie: AV-Technik\nreference: invoice\numzug: zgeln\nankunftszustand: intakt\n','2014-12-25 21:36:42','2014-12-25 21:36:42'),(10,'3zahtovx0bnoolgsx5m810','91:be:34:ee:6f:6c-b7:7c:50:6f:9b:29-b3:25:8a:bc:6e:92',13,10,10,11,NULL,NULL,'2012-03-17','2014-12-25',NULL,NULL,'1487.00',0,0,1,0,10,1,NULL,NULL,NULL,NULL,NULL,'--- !ruby/hash:ActiveSupport::HashWithIndifferentAccess\nanschaffungskategorie: AV-Technik\nreference: invoice\numzug: zgeln\nankunftszustand: intakt\n','2014-12-25 21:36:42','2014-12-25 21:36:42'),(11,'krvp45r367u5n0mqrv3g11','10:13:f8:11:b2:6d-2a:80:a8:42:51:b7-80:c8:80:d0:de:31',13,11,11,9,NULL,NULL,'2013-04-07','2014-12-25',NULL,NULL,'463.00',0,0,1,0,10,1,NULL,NULL,NULL,NULL,NULL,'--- !ruby/hash:ActiveSupport::HashWithIndifferentAccess\nanschaffungskategorie: AV-Technik\nreference: invoice\numzug: zgeln\nankunftszustand: intakt\n','2014-12-25 21:36:42','2014-12-25 21:36:42'),(12,'dbpozfcgwh6cha67l2p812','cf:7f:2d:0e:64:39-18:bf:0f:67:53:6e-75:96:c5:1a:a3:79',13,12,12,1,NULL,NULL,'2009-01-18','2014-12-25',NULL,NULL,'762.00',0,0,1,0,10,1,NULL,NULL,NULL,NULL,NULL,'--- !ruby/hash:ActiveSupport::HashWithIndifferentAccess\nanschaffungskategorie: AV-Technik\nreference: invoice\numzug: zgeln\nankunftszustand: intakt\n','2014-12-25 21:36:42','2014-12-25 21:36:42'),(13,'jicn9thmwuxyzjib1hz513','b0:1c:41:a4:b1:fb-b0:d7:51:3f:ae:ec-81:dd:12:96:66:79',17,13,13,7,NULL,NULL,'2009-08-27','2014-12-25',NULL,NULL,'180.00',0,0,1,0,10,1,NULL,NULL,NULL,NULL,NULL,'--- !ruby/hash:ActiveSupport::HashWithIndifferentAccess\nanschaffungskategorie: AV-Technik\nreference: invoice\numzug: zgeln\nankunftszustand: intakt\n','2014-12-25 21:36:42','2014-12-25 21:36:42'),(14,'jk9zmw8ishgz3feldg8o14','b2:a8:10:0f:2c:c8-4f:7f:a4:f4:65:76-e8:42:a5:41:83:c7',17,14,14,5,NULL,NULL,'2012-04-07','2014-12-25',NULL,NULL,'655.00',0,0,1,0,10,1,NULL,NULL,NULL,NULL,NULL,'--- !ruby/hash:ActiveSupport::HashWithIndifferentAccess\nanschaffungskategorie: AV-Technik\nreference: invoice\numzug: zgeln\nankunftszustand: intakt\n','2014-12-25 21:36:42','2014-12-25 21:36:42'),(15,'ltkljgo03g1fes8cqpk815','3b:67:6f:b6:34:d7-66:a1:61:d8:a4:8d-fe:b8:60:23:b6:dc',17,15,15,8,NULL,NULL,'2009-09-21','2014-12-25',NULL,NULL,'346.00',0,0,1,0,10,1,NULL,NULL,NULL,NULL,NULL,'--- !ruby/hash:ActiveSupport::HashWithIndifferentAccess\nanschaffungskategorie: AV-Technik\nreference: invoice\numzug: zgeln\nankunftszustand: intakt\n','2014-12-25 21:36:42','2014-12-25 21:36:42'),(16,'vnn8he0c1dtsowb4waj716','4d:c5:fc:cf:30:60-0d:28:f1:01:41:c5-81:31:ee:a5:3b:4c',21,16,16,10,NULL,NULL,'2011-08-11','2014-12-25',NULL,NULL,'77.00',0,0,1,0,10,1,NULL,NULL,NULL,NULL,NULL,'--- !ruby/hash:ActiveSupport::HashWithIndifferentAccess\nanschaffungskategorie: AV-Technik\nreference: invoice\numzug: zgeln\nankunftszustand: intakt\n','2014-12-25 21:36:42','2014-12-25 21:36:42'),(17,'ixmh40knpx5gm5570em317','83:f0:98:a1:52:60-4c:08:5e:fc:50:4c-aa:ca:c8:cb:db:4c',21,17,17,8,NULL,NULL,'2012-10-22','2014-12-25',NULL,NULL,'1206.00',0,0,1,0,10,1,NULL,NULL,NULL,NULL,NULL,'--- !ruby/hash:ActiveSupport::HashWithIndifferentAccess\nanschaffungskategorie: AV-Technik\nreference: invoice\numzug: zgeln\nankunftszustand: intakt\n','2014-12-25 21:36:42','2014-12-25 21:36:42'),(18,'9sqv22l92t3lmdlg6xwz18','5c:99:3b:e5:d5:0b-ed:ab:c5:77:fc:eb-ed:51:49:80:2f:0f',21,18,18,1,NULL,NULL,'2010-11-06','2014-12-25',NULL,NULL,'777.00',0,0,1,0,10,1,NULL,NULL,NULL,NULL,NULL,'--- !ruby/hash:ActiveSupport::HashWithIndifferentAccess\nanschaffungskategorie: AV-Technik\nreference: invoice\numzug: zgeln\nankunftszustand: intakt\n','2014-12-25 21:36:42','2014-12-25 21:36:42'),(19,'uk37dz6panbbo0dxfk8u19','e2:6e:32:6c:ab:7f-93:7a:ed:22:99:64-d1:1e:d8:e6:ce:49',25,19,19,1,NULL,NULL,'2009-04-25','2014-12-25',NULL,NULL,'195.00',0,0,1,0,10,1,NULL,NULL,NULL,NULL,NULL,'--- !ruby/hash:ActiveSupport::HashWithIndifferentAccess\nanschaffungskategorie: AV-Technik\nreference: invoice\numzug: zgeln\nankunftszustand: intakt\n','2014-12-25 21:36:42','2014-12-25 21:36:42'),(20,'20cpwezc9tqk4of2mjkt20','94:57:ac:ac:a3:60-b9:fc:e2:61:ea:1e-eb:9b:c0:bd:df:cb',25,20,20,2,NULL,NULL,'2010-03-22','2014-12-25',NULL,NULL,'1340.00',0,0,1,0,10,1,NULL,NULL,NULL,NULL,NULL,'--- !ruby/hash:ActiveSupport::HashWithIndifferentAccess\nanschaffungskategorie: AV-Technik\nreference: invoice\numzug: zgeln\nankunftszustand: intakt\n','2014-12-25 21:36:42','2014-12-25 21:36:42'),(21,'mo34ws6iqf7bd8dnk0dy21','86:86:80:21:e7:b3-28:c8:64:fa:d4:93-fa:b4:79:6d:e8:46',25,21,21,11,NULL,NULL,'2009-09-17','2014-12-25',NULL,NULL,'244.00',0,0,1,0,10,1,NULL,NULL,NULL,NULL,NULL,'--- !ruby/hash:ActiveSupport::HashWithIndifferentAccess\nanschaffungskategorie: AV-Technik\nreference: invoice\numzug: zgeln\nankunftszustand: intakt\n','2014-12-25 21:36:42','2014-12-25 21:36:42'),(22,'ewq7dj6xhurqx1iiq7ks22','ae:dd:f7:66:76:f1-d5:18:ab:db:b6:61-c6:5a:18:40:9a:e2',29,22,22,9,NULL,NULL,'2012-01-18','2014-12-25',NULL,NULL,'438.00',0,0,1,0,10,1,NULL,NULL,NULL,NULL,NULL,'--- !ruby/hash:ActiveSupport::HashWithIndifferentAccess\nanschaffungskategorie: AV-Technik\nreference: invoice\numzug: zgeln\nankunftszustand: intakt\n','2014-12-25 21:36:42','2014-12-25 21:36:42'),(23,'m8yhqzecjbe8iy308vdo23','d3:b0:d6:de:db:78-aa:e0:14:80:46:72-14:29:6d:84:70:4b',29,23,23,1,NULL,NULL,'2013-04-14','2014-12-25',NULL,NULL,'1368.00',0,0,1,0,10,1,NULL,NULL,NULL,NULL,NULL,'--- !ruby/hash:ActiveSupport::HashWithIndifferentAccess\nanschaffungskategorie: AV-Technik\nreference: invoice\numzug: zgeln\nankunftszustand: intakt\n','2014-12-25 21:36:42','2014-12-25 21:36:42'),(24,'c9kx1o9n06q4bhy306vz24','17:c6:a7:a4:f0:da-c2:06:87:ed:12:33-97:7d:02:43:40:3a',29,24,24,11,NULL,NULL,'2012-10-03','2014-12-25',NULL,NULL,'50.00',0,0,1,0,10,1,NULL,NULL,NULL,NULL,NULL,'--- !ruby/hash:ActiveSupport::HashWithIndifferentAccess\nanschaffungskategorie: AV-Technik\nreference: invoice\numzug: zgeln\nankunftszustand: intakt\n','2014-12-25 21:36:42','2014-12-25 21:36:42'),(25,'ivju39hlu0rgbx4gs80w25','d4:f7:84:9a:fa:b4-bb:99:72:6b:85:f2-ec:c0:8e:2b:83:9f',33,25,25,3,NULL,NULL,'2010-10-26','2014-12-25',NULL,NULL,'497.00',0,0,1,0,10,1,NULL,NULL,NULL,NULL,NULL,'--- !ruby/hash:ActiveSupport::HashWithIndifferentAccess\nanschaffungskategorie: AV-Technik\nreference: invoice\numzug: zgeln\nankunftszustand: intakt\n','2014-12-25 21:36:42','2014-12-25 21:36:42'),(26,'cwptn5etu05gus07gieo26','ed:10:e1:92:33:ca-5c:3b:e3:f0:a1:78-1f:98:66:23:4b:e6',33,26,26,11,NULL,NULL,'2012-04-20','2014-12-25',NULL,NULL,'539.00',0,0,1,0,10,1,NULL,NULL,NULL,NULL,NULL,'--- !ruby/hash:ActiveSupport::HashWithIndifferentAccess\nanschaffungskategorie: AV-Technik\nreference: invoice\numzug: zgeln\nankunftszustand: intakt\n','2014-12-25 21:36:42','2014-12-25 21:36:42'),(27,'4818gelqhhwvt8r1ibmo27','bc:20:a8:a1:95:74-08:7c:39:ac:6d:eb-27:60:ce:c1:e4:1b',33,27,27,1,NULL,NULL,'2011-09-05','2014-12-25',NULL,NULL,'853.00',0,0,1,0,10,1,NULL,NULL,NULL,NULL,NULL,'--- !ruby/hash:ActiveSupport::HashWithIndifferentAccess\nanschaffungskategorie: AV-Technik\nreference: invoice\numzug: zgeln\nankunftszustand: intakt\n','2014-12-25 21:36:42','2014-12-25 21:36:42'),(28,'xqpvt9ujmff5onjpue2t28','77:ff:11:21:f9:32-c5:d4:c1:62:5b:51-57:03:fb:17:d1:e3',37,28,28,6,NULL,NULL,'2011-06-13','2014-12-25',NULL,NULL,'788.00',0,0,1,0,1,1,NULL,NULL,NULL,NULL,NULL,'--- !ruby/hash:ActiveSupport::HashWithIndifferentAccess\nanschaffungskategorie: AV-Technik\nreference: invoice\numzug: zgeln\nankunftszustand: intakt\n','2014-12-25 21:36:42','2014-12-25 21:36:42'),(29,'1onjfz7e6hxfdfd78hgp29','a0:bd:42:10:17:a6-f5:5c:5f:19:92:5c-c7:22:4d:84:3f:b5',37,29,29,2,NULL,NULL,'2009-07-05','2014-12-25',NULL,NULL,'1458.00',0,0,1,0,1,1,NULL,NULL,NULL,NULL,NULL,'--- !ruby/hash:ActiveSupport::HashWithIndifferentAccess\nanschaffungskategorie: AV-Technik\nreference: invoice\numzug: zgeln\nankunftszustand: intakt\n','2014-12-25 21:36:42','2014-12-25 21:36:42'),(30,'wepg099xz7491bh3ko5430','22:31:f0:3c:66:18-b0:93:b6:17:69:3a-40:af:ef:6b:53:d0',37,30,30,10,NULL,NULL,'2012-11-07','2014-12-25',NULL,NULL,'798.00',0,0,1,0,1,1,NULL,NULL,NULL,NULL,NULL,'--- !ruby/hash:ActiveSupport::HashWithIndifferentAccess\nanschaffungskategorie: AV-Technik\nreference: invoice\numzug: zgeln\nankunftszustand: intakt\n','2014-12-25 21:36:42','2014-12-25 21:36:42'),(31,'nm4ph9h4f3ctxulcw9wy31','20:72:00:b0:b7:d9-e5:42:b5:99:bd:8f-98:06:34:f5:d8:aa',41,31,31,8,NULL,NULL,'2010-08-16','2014-12-25',NULL,NULL,'1159.00',0,0,1,0,1,1,NULL,NULL,NULL,NULL,NULL,'--- !ruby/hash:ActiveSupport::HashWithIndifferentAccess\nanschaffungskategorie: AV-Technik\nreference: invoice\numzug: zgeln\nankunftszustand: intakt\n','2014-12-25 21:36:42','2014-12-25 21:36:42'),(32,'idbyo90wowgzq2r9ggvr32','69:f3:35:df:43:53-57:42:d1:18:91:e2-65:6a:0f:47:20:c0',41,32,32,9,NULL,NULL,'2012-10-01','2014-12-25',NULL,NULL,'180.00',0,0,1,0,1,1,NULL,NULL,NULL,NULL,NULL,'--- !ruby/hash:ActiveSupport::HashWithIndifferentAccess\nanschaffungskategorie: AV-Technik\nreference: invoice\numzug: zgeln\nankunftszustand: intakt\n','2014-12-25 21:36:42','2014-12-25 21:36:42'),(33,'u951ge1tqfemtkedfdwz33','ab:5c:45:e4:3e:6d-b1:a0:10:e1:03:f8-f4:ed:d2:5a:d7:a5',41,33,33,2,NULL,NULL,'2012-09-21','2014-12-25',NULL,NULL,'890.00',0,0,1,0,1,1,NULL,NULL,NULL,NULL,NULL,'--- !ruby/hash:ActiveSupport::HashWithIndifferentAccess\nanschaffungskategorie: AV-Technik\nreference: invoice\numzug: zgeln\nankunftszustand: intakt\n','2014-12-25 21:36:42','2014-12-25 21:36:42'),(34,'qfk7we3ttqdk4874uzgr34','8c:5e:82:a9:6a:6f-29:71:60:c5:97:19-c0:16:4d:1a:a2:6a',45,34,34,4,NULL,NULL,'2010-03-03','2014-12-25',NULL,NULL,'1071.00',0,0,1,0,1,1,NULL,NULL,NULL,NULL,NULL,'--- !ruby/hash:ActiveSupport::HashWithIndifferentAccess\nanschaffungskategorie: AV-Technik\nreference: invoice\numzug: zgeln\nankunftszustand: intakt\n','2014-12-25 21:36:42','2014-12-25 21:36:42'),(35,'sjiwm9pnqg54sdwmu0yo35','a3:6e:e9:f0:3e:70-82:98:68:14:3d:da-27:fd:bb:c6:3a:29',45,35,35,2,NULL,NULL,'2009-11-30','2014-12-25',NULL,NULL,'466.00',0,0,1,0,1,1,NULL,NULL,NULL,NULL,NULL,'--- !ruby/hash:ActiveSupport::HashWithIndifferentAccess\nanschaffungskategorie: AV-Technik\nreference: invoice\numzug: zgeln\nankunftszustand: intakt\n','2014-12-25 21:36:42','2014-12-25 21:36:42'),(36,'67i2mf64cjxz03xuo0tv36','39:71:48:13:67:73-19:4b:eb:8c:9d:da-d9:92:4a:e2:94:30',45,36,36,11,NULL,NULL,'2011-12-26','2014-12-25',NULL,NULL,'287.00',0,0,1,0,1,1,NULL,NULL,NULL,NULL,NULL,'--- !ruby/hash:ActiveSupport::HashWithIndifferentAccess\nanschaffungskategorie: AV-Technik\nreference: invoice\numzug: zgeln\nankunftszustand: intakt\n','2014-12-25 21:36:42','2014-12-25 21:36:42'),(37,'dpotuymsxfbqjamw32de37','57:94:f7:78:bd:e2-9c:56:44:43:21:ad-54:ed:e8:de:ba:fc',49,37,37,2,NULL,NULL,'2009-02-18','2014-12-25',NULL,NULL,'1151.00',0,0,1,0,1,1,NULL,NULL,NULL,NULL,NULL,'--- !ruby/hash:ActiveSupport::HashWithIndifferentAccess\nanschaffungskategorie: AV-Technik\nreference: invoice\numzug: zgeln\nankunftszustand: intakt\n','2014-12-25 21:36:42','2014-12-25 21:36:42'),(38,'wn33q74up25kkvvsc9sl38','be:7d:9c:97:c1:ce-76:88:93:47:60:e4-2f:8f:cc:a9:62:3c',49,38,38,3,NULL,NULL,'2013-08-04','2014-12-25',NULL,NULL,'915.00',0,0,1,0,1,1,NULL,NULL,NULL,NULL,NULL,'--- !ruby/hash:ActiveSupport::HashWithIndifferentAccess\nanschaffungskategorie: AV-Technik\nreference: invoice\numzug: zgeln\nankunftszustand: intakt\n','2014-12-25 21:36:42','2014-12-25 21:36:42'),(39,'0vejdh75ht0tiajff8ss39','96:7b:05:ba:f3:41-71:96:ed:be:63:b5-11:c6:83:98:f7:56',49,39,39,4,NULL,NULL,'2010-06-06','2014-12-25',NULL,NULL,'102.00',0,0,1,0,1,1,NULL,NULL,NULL,NULL,NULL,'--- !ruby/hash:ActiveSupport::HashWithIndifferentAccess\nanschaffungskategorie: AV-Technik\nreference: invoice\numzug: zgeln\nankunftszustand: intakt\n','2014-12-25 21:36:42','2014-12-25 21:36:42'),(40,'xbq4abnddca95sinln7n40','24:0e:53:44:39:6d-3a:3a:17:cc:9f:c0-62:3d:31:55:69:4b',53,40,40,6,NULL,NULL,'2011-12-14','2014-12-25',NULL,NULL,'955.00',0,0,1,0,1,1,NULL,NULL,NULL,NULL,NULL,'--- !ruby/hash:ActiveSupport::HashWithIndifferentAccess\nanschaffungskategorie: AV-Technik\nreference: invoice\numzug: zgeln\nankunftszustand: intakt\n','2014-12-25 21:36:42','2014-12-25 21:36:42'),(41,'qlcgvwj6xts3lxdqc9fb41','69:d6:27:47:00:d8-88:a9:79:71:54:16-41:3b:b8:00:90:6d',53,41,41,2,NULL,NULL,'2010-11-18','2014-12-25',NULL,NULL,'584.00',0,0,1,0,1,1,NULL,NULL,NULL,NULL,NULL,'--- !ruby/hash:ActiveSupport::HashWithIndifferentAccess\nanschaffungskategorie: AV-Technik\nreference: invoice\numzug: zgeln\nankunftszustand: intakt\n','2014-12-25 21:36:42','2014-12-25 21:36:42'),(42,'6roqbre2ixviiljzhwmv42','ba:43:da:33:45:3d-81:12:bd:5c:15:fc-f3:b1:8c:1f:6c:64',53,42,42,11,NULL,NULL,'2011-07-19','2014-12-25',NULL,NULL,'1326.00',0,0,1,0,1,1,NULL,NULL,NULL,NULL,NULL,'--- !ruby/hash:ActiveSupport::HashWithIndifferentAccess\nanschaffungskategorie: AV-Technik\nreference: invoice\numzug: zgeln\nankunftszustand: intakt\n','2014-12-25 21:36:42','2014-12-25 21:36:42'),(43,'at5e1vynmeuyderks19d43','31:37:87:c8:3e:e1-16:f4:e6:97:a4:bd-ce:b4:95:9f:8b:c3',57,43,43,8,NULL,NULL,'2012-02-12','2014-12-25',NULL,NULL,'1463.00',0,0,1,0,1,1,NULL,NULL,NULL,NULL,NULL,'--- !ruby/hash:ActiveSupport::HashWithIndifferentAccess\nanschaffungskategorie: AV-Technik\nreference: invoice\numzug: zgeln\nankunftszustand: intakt\n','2014-12-25 21:36:42','2014-12-25 21:36:42'),(44,'0paj19otm42pfrimgdhn44','f4:fd:d1:48:77:a2-89:a8:bb:f6:fc:81-20:16:9f:40:6b:2a',57,44,44,3,NULL,NULL,'2013-02-10','2014-12-25',NULL,NULL,'1164.00',0,0,1,0,1,1,NULL,NULL,NULL,NULL,NULL,'--- !ruby/hash:ActiveSupport::HashWithIndifferentAccess\nanschaffungskategorie: AV-Technik\nreference: invoice\numzug: zgeln\nankunftszustand: intakt\n','2014-12-25 21:36:42','2014-12-25 21:36:42'),(45,'kavan8aip54das29y0nb45','7b:06:32:55:0f:02-b0:86:8e:3b:b4:c0-ba:a9:3e:14:5f:52',57,45,45,5,NULL,NULL,'2013-08-12','2014-12-25',NULL,NULL,'500.00',0,0,1,0,1,1,NULL,NULL,NULL,NULL,NULL,'--- !ruby/hash:ActiveSupport::HashWithIndifferentAccess\nanschaffungskategorie: AV-Technik\nreference: invoice\numzug: zgeln\nankunftszustand: intakt\n','2014-12-25 21:36:42','2014-12-25 21:36:42'),(46,'book1','book1',61,46,46,2,NULL,NULL,'2010-03-18','2014-12-25',NULL,NULL,'155.00',0,0,1,0,2,1,NULL,NULL,NULL,NULL,NULL,'--- !ruby/hash:ActiveSupport::HashWithIndifferentAccess\nanschaffungskategorie: AV-Technik\nreference: invoice\numzug: zgeln\nankunftszustand: intakt\n','2014-12-25 21:36:42','2014-12-25 21:36:42'),(47,'book2','book2',61,46,47,2,NULL,NULL,'2012-02-22','2014-12-25',NULL,NULL,'1067.00',0,0,1,0,2,1,NULL,NULL,NULL,NULL,NULL,'--- !ruby/hash:ActiveSupport::HashWithIndifferentAccess\nanschaffungskategorie: AV-Technik\nreference: invoice\numzug: zgeln\nankunftszustand: intakt\n','2014-12-25 21:36:42','2014-12-25 21:36:42'),(48,'beam123','xyz456',62,47,48,1,NULL,NULL,'2009-12-05','2014-12-25',NULL,NULL,'789.00',0,0,1,0,1,1,NULL,NULL,NULL,'name123',NULL,'--- !ruby/hash:ActiveSupport::HashWithIndifferentAccess\nanschaffungskategorie: AV-Technik\nreference: invoice\numzug: zgeln\nankunftszustand: intakt\n','2014-12-25 21:36:42','2014-12-25 21:36:42'),(49,'beam345','xyz890',62,47,49,1,NULL,NULL,'2013-09-29','2014-12-25',NULL,NULL,'1158.00',0,0,1,0,1,1,NULL,NULL,NULL,NULL,NULL,'--- !ruby/hash:ActiveSupport::HashWithIndifferentAccess\nanschaffungskategorie: AV-Technik\nreference: invoice\numzug: zgeln\nankunftszustand: intakt\n','2014-12-25 21:36:42','2014-12-25 21:36:42'),(50,'beam678','xyz678',63,47,50,1,NULL,NULL,'2012-05-08','2014-12-25',NULL,NULL,'521.00',0,0,1,0,1,1,NULL,NULL,NULL,NULL,NULL,'--- !ruby/hash:ActiveSupport::HashWithIndifferentAccess\nanschaffungskategorie: AV-Technik\nreference: invoice\numzug: zgeln\nankunftszustand: intakt\n','2014-12-25 21:36:42','2014-12-25 21:36:42'),(51,'beam749','xyz749',62,47,51,1,NULL,NULL,'2013-01-07','2014-12-25',NULL,NULL,'802.00',0,0,1,0,2,1,NULL,NULL,NULL,NULL,NULL,'--- !ruby/hash:ActiveSupport::HashWithIndifferentAccess\nanschaffungskategorie: AV-Technik\nreference: invoice\numzug: zgeln\nankunftszustand: intakt\n','2014-12-25 21:36:42','2014-12-25 21:36:42'),(52,'beamTest123','xyz749',65,47,52,1,NULL,NULL,'2011-05-20','2014-12-25',NULL,NULL,'576.00',0,0,1,0,1,1,NULL,NULL,NULL,NULL,NULL,'--- !ruby/hash:ActiveSupport::HashWithIndifferentAccess\nanschaffungskategorie: AV-Technik\nreference: invoice\numzug: zgeln\nankunftszustand: intakt\n','2014-12-25 21:36:42','2014-12-25 21:36:42'),(53,'ucbeam1','minbeam1',66,47,53,1,NULL,NULL,'2013-07-02','2014-12-25',NULL,NULL,'299.00',0,0,1,0,1,1,NULL,NULL,NULL,'ucbeam1',NULL,'--- !ruby/hash:ActiveSupport::HashWithIndifferentAccess\nanschaffungskategorie: AV-Technik\nreference: invoice\numzug: zgeln\nankunftszustand: intakt\n','2014-12-25 21:36:42','2014-12-25 21:36:42'),(54,'microbeam1','microbeam1',67,47,54,1,NULL,NULL,'2010-07-31','2014-12-25',NULL,NULL,'1024.00',0,0,1,0,1,1,NULL,NULL,NULL,'microbeam1',NULL,'--- !ruby/hash:ActiveSupport::HashWithIndifferentAccess\nanschaffungskategorie: AV-Technik\nreference: invoice\numzug: zgeln\nankunftszustand: intakt\n','2014-12-25 21:36:42','2014-12-25 21:36:42'),(55,'mbeam1','mbeam1',68,47,55,1,NULL,NULL,'2013-12-15','2014-12-25',NULL,NULL,'919.00',0,0,1,0,1,1,NULL,NULL,NULL,'mbeam1',NULL,'--- !ruby/hash:ActiveSupport::HashWithIndifferentAccess\nanschaffungskategorie: AV-Technik\nreference: invoice\numzug: zgeln\nankunftszustand: intakt\n','2014-12-25 21:36:42','2014-12-25 21:36:42'),(56,'mbeam2','mbeam2',69,47,56,1,NULL,NULL,'2013-09-12','2014-12-25',NULL,NULL,'35.00',0,0,1,0,1,1,NULL,NULL,NULL,'mbeam2',NULL,'--- !ruby/hash:ActiveSupport::HashWithIndifferentAccess\nanschaffungskategorie: AV-Technik\nreference: invoice\numzug: zgeln\nankunftszustand: intakt\n','2014-12-25 21:36:42','2014-12-25 21:36:42'),(57,'mbeam3','mbeam3',70,47,57,1,NULL,NULL,'2009-07-12','2014-12-25',NULL,NULL,'354.00',0,0,1,0,1,1,NULL,NULL,NULL,'mbeam3',NULL,'--- !ruby/hash:ActiveSupport::HashWithIndifferentAccess\nanschaffungskategorie: AV-Technik\nreference: invoice\numzug: zgeln\nankunftszustand: intakt\n','2014-12-25 21:36:42','2014-12-25 21:36:42'),(58,'mbeam4','mbeam4',71,47,58,1,NULL,NULL,'2010-01-21','2014-12-25',NULL,NULL,'254.00',0,0,1,0,1,1,NULL,NULL,NULL,'mbeam4',NULL,'--- !ruby/hash:ActiveSupport::HashWithIndifferentAccess\nanschaffungskategorie: AV-Technik\nreference: invoice\numzug: zgeln\nankunftszustand: intakt\n','2014-12-25 21:36:42','2014-12-25 21:36:42'),(59,'mbeam5','mbeam5',72,47,59,1,NULL,NULL,'2010-11-30','2014-12-25',NULL,NULL,'716.00',0,0,1,0,1,1,NULL,NULL,NULL,'mbeam5',NULL,'--- !ruby/hash:ActiveSupport::HashWithIndifferentAccess\nanschaffungskategorie: AV-Technik\nreference: invoice\numzug: zgeln\nankunftszustand: intakt\n','2014-12-25 21:36:42','2014-12-25 21:36:42'),(60,'mbeam6','mbeam6',73,47,60,1,NULL,NULL,'2013-05-11','2014-12-25',NULL,NULL,'1207.00',0,0,1,0,1,1,NULL,NULL,NULL,'mbeam6',NULL,'--- !ruby/hash:ActiveSupport::HashWithIndifferentAccess\nanschaffungskategorie: AV-Technik\nreference: invoice\numzug: zgeln\nankunftszustand: intakt\n','2014-12-25 21:36:42','2014-12-25 21:36:42'),(61,'mbeam7','mbeam7',74,47,61,1,NULL,NULL,'2012-01-12','2014-12-25',NULL,NULL,'88.00',0,0,1,0,1,1,NULL,NULL,NULL,'mbeam7',NULL,'--- !ruby/hash:ActiveSupport::HashWithIndifferentAccess\nanschaffungskategorie: AV-Technik\nreference: invoice\numzug: zgeln\nankunftszustand: intakt\n','2014-12-25 21:36:42','2014-12-25 21:36:42'),(62,'mbeam8','mbeam8',75,47,62,1,NULL,NULL,'2010-09-12','2014-12-25',NULL,NULL,'653.00',0,0,1,0,1,1,NULL,NULL,NULL,'mbeam8',NULL,'--- !ruby/hash:ActiveSupport::HashWithIndifferentAccess\nanschaffungskategorie: AV-Technik\nreference: invoice\numzug: zgeln\nankunftszustand: intakt\n','2014-12-25 21:36:42','2014-12-25 21:36:42'),(63,'mbeam9','mbeam9',76,47,63,1,NULL,NULL,'2009-04-23','2014-12-25',NULL,NULL,'698.00',0,0,1,0,1,1,NULL,NULL,NULL,'mbeam9',NULL,'--- !ruby/hash:ActiveSupport::HashWithIndifferentAccess\nanschaffungskategorie: AV-Technik\nreference: invoice\numzug: zgeln\nankunftszustand: intakt\n','2014-12-25 21:36:42','2014-12-25 21:36:42'),(64,'mbeam10','mbeam10',77,47,64,1,NULL,NULL,'2009-10-15','2014-12-25',NULL,NULL,'919.00',0,0,1,0,1,1,NULL,NULL,NULL,'mbeam10',NULL,'--- !ruby/hash:ActiveSupport::HashWithIndifferentAccess\nanschaffungskategorie: AV-Technik\nreference: invoice\numzug: zgeln\nankunftszustand: intakt\n','2014-12-25 21:36:42','2014-12-25 21:36:42'),(65,'mbeam11','mbeam11',78,47,65,1,NULL,NULL,'2010-06-12','2014-12-25',NULL,NULL,'566.00',0,0,1,0,1,1,NULL,NULL,NULL,'mbeam11',NULL,'--- !ruby/hash:ActiveSupport::HashWithIndifferentAccess\nanschaffungskategorie: AV-Technik\nreference: invoice\numzug: zgeln\nankunftszustand: intakt\n','2014-12-25 21:36:42','2014-12-25 21:36:42'),(66,'mbeam12','mbeam12',79,47,66,1,NULL,NULL,'2012-06-08','2014-12-25',NULL,NULL,'1254.00',0,0,1,0,1,1,NULL,NULL,NULL,'mbeam12',NULL,'--- !ruby/hash:ActiveSupport::HashWithIndifferentAccess\nanschaffungskategorie: AV-Technik\nreference: invoice\numzug: zgeln\nankunftszustand: intakt\n','2014-12-25 21:36:42','2014-12-25 21:36:42'),(67,'mbeam13','mbeam13',80,47,67,1,NULL,NULL,'2009-02-12','2014-12-25',NULL,NULL,'1066.00',0,0,1,0,1,1,NULL,NULL,NULL,'mbeam13',NULL,'--- !ruby/hash:ActiveSupport::HashWithIndifferentAccess\nanschaffungskategorie: AV-Technik\nreference: invoice\numzug: zgeln\nankunftszustand: intakt\n','2014-12-25 21:36:42','2014-12-25 21:36:42'),(68,'mbeam14','mbeam14',81,47,68,1,NULL,NULL,'2013-07-17','2014-12-25',NULL,NULL,'744.00',0,0,1,0,1,1,NULL,NULL,NULL,'mbeam14',NULL,'--- !ruby/hash:ActiveSupport::HashWithIndifferentAccess\nanschaffungskategorie: AV-Technik\nreference: invoice\numzug: zgeln\nankunftszustand: intakt\n','2014-12-25 21:36:42','2014-12-25 21:36:42'),(69,'mbeam15','mbeam15',82,47,69,1,NULL,NULL,'2010-02-25','2014-12-25',NULL,NULL,'483.00',0,0,1,0,1,1,NULL,NULL,NULL,'mbeam15',NULL,'--- !ruby/hash:ActiveSupport::HashWithIndifferentAccess\nanschaffungskategorie: AV-Technik\nreference: invoice\numzug: zgeln\nankunftszustand: intakt\n','2014-12-25 21:36:42','2014-12-25 21:36:42'),(70,'mbeam16','mbeam16',83,47,70,1,NULL,NULL,'2011-09-09','2014-12-25',NULL,NULL,'814.00',0,0,1,0,1,1,NULL,NULL,NULL,'mbeam16',NULL,'--- !ruby/hash:ActiveSupport::HashWithIndifferentAccess\nanschaffungskategorie: AV-Technik\nreference: invoice\numzug: zgeln\nankunftszustand: intakt\n','2014-12-25 21:36:42','2014-12-25 21:36:42'),(71,'mbeam17','mbeam17',84,47,71,1,NULL,NULL,'2012-02-20','2014-12-25',NULL,NULL,'471.00',0,0,1,0,1,1,NULL,NULL,NULL,'mbeam17',NULL,'--- !ruby/hash:ActiveSupport::HashWithIndifferentAccess\nanschaffungskategorie: AV-Technik\nreference: invoice\numzug: zgeln\nankunftszustand: intakt\n','2014-12-25 21:36:42','2014-12-25 21:36:42'),(72,'mbeam18','mbeam18',85,47,72,1,NULL,NULL,'2012-01-30','2014-12-25',NULL,NULL,'436.00',0,0,1,0,1,1,NULL,NULL,NULL,'mbeam18',NULL,'--- !ruby/hash:ActiveSupport::HashWithIndifferentAccess\nanschaffungskategorie: AV-Technik\nreference: invoice\numzug: zgeln\nankunftszustand: intakt\n','2014-12-25 21:36:42','2014-12-25 21:36:42'),(73,'mbeam19','mbeam19',86,47,73,1,NULL,NULL,'2011-05-02','2014-12-25',NULL,NULL,'1355.00',0,0,1,0,1,1,NULL,NULL,NULL,'mbeam19',NULL,'--- !ruby/hash:ActiveSupport::HashWithIndifferentAccess\nanschaffungskategorie: AV-Technik\nreference: invoice\numzug: zgeln\nankunftszustand: intakt\n','2014-12-25 21:36:42','2014-12-25 21:36:42'),(74,'mbeam20','mbeam20',87,47,74,1,NULL,NULL,'2012-07-28','2014-12-25',NULL,NULL,'1377.00',0,0,1,0,1,1,NULL,NULL,NULL,'mbeam20',NULL,'--- !ruby/hash:ActiveSupport::HashWithIndifferentAccess\nanschaffungskategorie: AV-Technik\nreference: invoice\numzug: zgeln\nankunftszustand: intakt\n','2014-12-25 21:36:42','2014-12-25 21:36:42'),(75,'cam123','abc234',88,47,75,1,NULL,NULL,'2011-05-11','2014-12-25',NULL,NULL,'1198.00',0,0,1,0,1,1,NULL,NULL,NULL,NULL,NULL,'--- !ruby/hash:ActiveSupport::HashWithIndifferentAccess\nanschaffungskategorie: AV-Technik\nreference: invoice\numzug: zgeln\nankunftszustand: intakt\n','2014-12-25 21:36:42','2014-12-25 21:36:42'),(76,'cam345','ab567',88,47,76,1,NULL,NULL,'2009-01-03','2014-12-25',NULL,NULL,'718.00',0,0,1,0,1,1,NULL,NULL,NULL,NULL,NULL,'--- !ruby/hash:ActiveSupport::HashWithIndifferentAccess\nanschaffungskategorie: AV-Technik\nreference: invoice\numzug: zgeln\nankunftszustand: intakt\n','2014-12-25 21:36:42','2014-12-25 21:36:42'),(77,'cam567','ab789',88,47,77,1,NULL,NULL,'2011-06-07','2014-12-25',NULL,NULL,'1130.00',0,0,1,0,1,1,NULL,NULL,NULL,NULL,NULL,'--- !ruby/hash:ActiveSupport::HashWithIndifferentAccess\nanschaffungskategorie: AV-Technik\nreference: invoice\numzug: zgeln\nankunftszustand: intakt\n','2014-12-25 21:36:42','2014-12-25 21:36:42'),(78,'cam53267','ab782129',88,47,78,1,NULL,NULL,'2012-11-05','2014-12-25',NULL,NULL,'257.00',0,0,1,0,1,1,NULL,NULL,NULL,NULL,NULL,'--- !ruby/hash:ActiveSupport::HashWithIndifferentAccess\nanschaffungskategorie: AV-Technik\nreference: invoice\numzug: zgeln\nankunftszustand: intakt\n','2014-12-25 21:36:42','2014-12-25 21:36:42'),(79,'cam532asd67','ab78as2129',88,47,79,1,NULL,NULL,'2012-04-10','2014-12-25',NULL,NULL,'1365.00',0,0,1,0,1,1,NULL,NULL,NULL,NULL,NULL,'--- !ruby/hash:ActiveSupport::HashWithIndifferentAccess\nanschaffungskategorie: AV-Technik\nreference: invoice\numzug: zgeln\nankunftszustand: intakt\n','2014-12-25 21:36:42','2014-12-25 21:36:42'),(80,'mcam1','mcam1',89,47,80,1,NULL,NULL,'2009-10-26','2014-12-25',NULL,NULL,'1303.00',0,0,1,0,1,1,NULL,NULL,NULL,'mcam1',NULL,'--- !ruby/hash:ActiveSupport::HashWithIndifferentAccess\nanschaffungskategorie: AV-Technik\nreference: invoice\numzug: zgeln\nankunftszustand: intakt\n','2014-12-25 21:36:42','2014-12-25 21:36:42'),(81,'mcam2','mcam2',90,47,81,1,NULL,NULL,'2010-11-25','2014-12-25',NULL,NULL,'404.00',0,0,1,0,1,1,NULL,NULL,NULL,'mcam2',NULL,'--- !ruby/hash:ActiveSupport::HashWithIndifferentAccess\nanschaffungskategorie: AV-Technik\nreference: invoice\numzug: zgeln\nankunftszustand: intakt\n','2014-12-25 21:36:42','2014-12-25 21:36:42'),(82,'mcam3','mcam3',91,47,82,1,NULL,NULL,'2009-05-13','2014-12-25',NULL,NULL,'1201.00',0,0,1,0,1,1,NULL,NULL,NULL,'mcam3',NULL,'--- !ruby/hash:ActiveSupport::HashWithIndifferentAccess\nanschaffungskategorie: AV-Technik\nreference: invoice\numzug: zgeln\nankunftszustand: intakt\n','2014-12-25 21:36:42','2014-12-25 21:36:42'),(83,'mcam4','mcam4',92,47,83,1,NULL,NULL,'2012-12-30','2014-12-25',NULL,NULL,'829.00',0,0,1,0,1,1,NULL,NULL,NULL,'mcam4',NULL,'--- !ruby/hash:ActiveSupport::HashWithIndifferentAccess\nanschaffungskategorie: AV-Technik\nreference: invoice\numzug: zgeln\nankunftszustand: intakt\n','2014-12-25 21:36:42','2014-12-25 21:36:42'),(84,'mcam5','mcam5',93,47,84,1,NULL,NULL,'2009-11-25','2014-12-25',NULL,NULL,'1193.00',0,0,1,0,1,1,NULL,NULL,NULL,'mcam5',NULL,'--- !ruby/hash:ActiveSupport::HashWithIndifferentAccess\nanschaffungskategorie: AV-Technik\nreference: invoice\numzug: zgeln\nankunftszustand: intakt\n','2014-12-25 21:36:42','2014-12-25 21:36:42'),(85,'mcam6','mcam6',94,47,85,1,NULL,NULL,'2010-05-07','2014-12-25',NULL,NULL,'659.00',0,0,1,0,1,1,NULL,NULL,NULL,'mcam6',NULL,'--- !ruby/hash:ActiveSupport::HashWithIndifferentAccess\nanschaffungskategorie: AV-Technik\nreference: invoice\numzug: zgeln\nankunftszustand: intakt\n','2014-12-25 21:36:42','2014-12-25 21:36:42'),(86,'mcam7','mcam7',95,47,86,1,NULL,NULL,'2012-10-28','2014-12-25',NULL,NULL,'1252.00',0,0,1,0,1,1,NULL,NULL,NULL,'mcam7',NULL,'--- !ruby/hash:ActiveSupport::HashWithIndifferentAccess\nanschaffungskategorie: AV-Technik\nreference: invoice\numzug: zgeln\nankunftszustand: intakt\n','2014-12-25 21:36:42','2014-12-25 21:36:42'),(87,'mcam8','mcam8',96,47,87,1,NULL,NULL,'2009-02-03','2014-12-25',NULL,NULL,'1119.00',0,0,1,0,1,1,NULL,NULL,NULL,'mcam8',NULL,'--- !ruby/hash:ActiveSupport::HashWithIndifferentAccess\nanschaffungskategorie: AV-Technik\nreference: invoice\numzug: zgeln\nankunftszustand: intakt\n','2014-12-25 21:36:42','2014-12-25 21:36:42'),(88,'mcam9','mcam9',97,47,88,1,NULL,NULL,'2011-07-07','2014-12-25',NULL,NULL,'168.00',0,0,1,0,1,1,NULL,NULL,NULL,'mcam9',NULL,'--- !ruby/hash:ActiveSupport::HashWithIndifferentAccess\nanschaffungskategorie: AV-Technik\nreference: invoice\numzug: zgeln\nankunftszustand: intakt\n','2014-12-25 21:36:42','2014-12-25 21:36:42'),(89,'mcam10','mcam10',98,47,89,1,NULL,NULL,'2011-08-22','2014-12-25',NULL,NULL,'292.00',0,0,1,0,1,1,NULL,NULL,NULL,'mcam10',NULL,'--- !ruby/hash:ActiveSupport::HashWithIndifferentAccess\nanschaffungskategorie: AV-Technik\nreference: invoice\numzug: zgeln\nankunftszustand: intakt\n','2014-12-25 21:36:42','2014-12-25 21:36:42'),(90,'mcam11','mcam11',99,47,90,1,NULL,NULL,'2009-10-01','2014-12-25',NULL,NULL,'464.00',0,0,1,0,1,1,NULL,NULL,NULL,'mcam11',NULL,'--- !ruby/hash:ActiveSupport::HashWithIndifferentAccess\nanschaffungskategorie: AV-Technik\nreference: invoice\numzug: zgeln\nankunftszustand: intakt\n','2014-12-25 21:36:42','2014-12-25 21:36:42'),(91,'mcam12','mcam12',100,47,91,1,NULL,NULL,'2010-08-31','2014-12-25',NULL,NULL,'528.00',0,0,1,0,1,1,NULL,NULL,NULL,'mcam12',NULL,'--- !ruby/hash:ActiveSupport::HashWithIndifferentAccess\nanschaffungskategorie: AV-Technik\nreference: invoice\numzug: zgeln\nankunftszustand: intakt\n','2014-12-25 21:36:42','2014-12-25 21:36:42'),(92,'mcam13','mcam13',101,47,92,1,NULL,NULL,'2013-06-19','2014-12-25',NULL,NULL,'1170.00',0,0,1,0,1,1,NULL,NULL,NULL,'mcam13',NULL,'--- !ruby/hash:ActiveSupport::HashWithIndifferentAccess\nanschaffungskategorie: AV-Technik\nreference: invoice\numzug: zgeln\nankunftszustand: intakt\n','2014-12-25 21:36:42','2014-12-25 21:36:42'),(93,'mcam14','mcam14',102,47,93,1,NULL,NULL,'2011-04-30','2014-12-25',NULL,NULL,'886.00',0,0,1,0,1,1,NULL,NULL,NULL,'mcam14',NULL,'--- !ruby/hash:ActiveSupport::HashWithIndifferentAccess\nanschaffungskategorie: AV-Technik\nreference: invoice\numzug: zgeln\nankunftszustand: intakt\n','2014-12-25 21:36:42','2014-12-25 21:36:42'),(94,'mcam15','mcam15',103,47,94,1,NULL,NULL,'2011-08-25','2014-12-25',NULL,NULL,'715.00',0,0,1,0,1,1,NULL,NULL,NULL,'mcam15',NULL,'--- !ruby/hash:ActiveSupport::HashWithIndifferentAccess\nanschaffungskategorie: AV-Technik\nreference: invoice\numzug: zgeln\nankunftszustand: intakt\n','2014-12-25 21:36:42','2014-12-25 21:36:42'),(95,'mcam16','mcam16',104,47,95,1,NULL,NULL,'2009-01-21','2014-12-25',NULL,NULL,'985.00',0,0,1,0,1,1,NULL,NULL,NULL,'mcam16',NULL,'--- !ruby/hash:ActiveSupport::HashWithIndifferentAccess\nanschaffungskategorie: AV-Technik\nreference: invoice\numzug: zgeln\nankunftszustand: intakt\n','2014-12-25 21:36:42','2014-12-25 21:36:42'),(96,'mcam17','mcam17',105,47,96,1,NULL,NULL,'2013-06-18','2014-12-25',NULL,NULL,'727.00',0,0,1,0,1,1,NULL,NULL,NULL,'mcam17',NULL,'--- !ruby/hash:ActiveSupport::HashWithIndifferentAccess\nanschaffungskategorie: AV-Technik\nreference: invoice\numzug: zgeln\nankunftszustand: intakt\n','2014-12-25 21:36:42','2014-12-25 21:36:42'),(97,'mcam18','mcam18',106,47,97,1,NULL,NULL,'2011-02-18','2014-12-25',NULL,NULL,'267.00',0,0,1,0,1,1,NULL,NULL,NULL,'mcam18',NULL,'--- !ruby/hash:ActiveSupport::HashWithIndifferentAccess\nanschaffungskategorie: AV-Technik\nreference: invoice\numzug: zgeln\nankunftszustand: intakt\n','2014-12-25 21:36:42','2014-12-25 21:36:42'),(98,'mcam19','mcam19',107,47,98,1,NULL,NULL,'2010-09-21','2014-12-25',NULL,NULL,'1460.00',0,0,1,0,1,1,NULL,NULL,NULL,'mcam19',NULL,'--- !ruby/hash:ActiveSupport::HashWithIndifferentAccess\nanschaffungskategorie: AV-Technik\nreference: invoice\numzug: zgeln\nankunftszustand: intakt\n','2014-12-25 21:36:42','2014-12-25 21:36:42'),(99,'mcam20','mcam20',108,47,99,1,NULL,NULL,'2010-01-16','2014-12-25',NULL,NULL,'1018.00',0,0,1,0,1,1,NULL,NULL,NULL,'mcam20',NULL,'--- !ruby/hash:ActiveSupport::HashWithIndifferentAccess\nanschaffungskategorie: AV-Technik\nreference: invoice\numzug: zgeln\nankunftszustand: intakt\n','2014-12-25 21:36:42','2014-12-25 21:36:42'),(100,'mcam21','mcam21',109,47,100,1,NULL,NULL,'2013-05-31','2014-12-25',NULL,NULL,'1155.00',0,0,1,0,1,1,NULL,NULL,NULL,'mcam21',NULL,'--- !ruby/hash:ActiveSupport::HashWithIndifferentAccess\nanschaffungskategorie: AV-Technik\nreference: invoice\numzug: zgeln\nankunftszustand: intakt\n','2014-12-25 21:36:42','2014-12-25 21:36:42'),(101,'mcam22','mcam22',110,47,101,1,NULL,NULL,'2009-07-01','2014-12-25',NULL,NULL,'412.00',0,0,1,0,1,1,NULL,NULL,NULL,'mcam22',NULL,'--- !ruby/hash:ActiveSupport::HashWithIndifferentAccess\nanschaffungskategorie: AV-Technik\nreference: invoice\numzug: zgeln\nankunftszustand: intakt\n','2014-12-25 21:36:42','2014-12-25 21:36:42'),(102,'mcam23','mcam23',111,47,102,1,NULL,NULL,'2009-05-22','2014-12-25',NULL,NULL,'824.00',0,0,1,0,1,1,NULL,NULL,NULL,'mcam23',NULL,'--- !ruby/hash:ActiveSupport::HashWithIndifferentAccess\nanschaffungskategorie: AV-Technik\nreference: invoice\numzug: zgeln\nankunftszustand: intakt\n','2014-12-25 21:36:42','2014-12-25 21:36:42'),(103,'mcam24','mcam24',112,47,103,1,NULL,NULL,'2010-01-23','2014-12-25',NULL,NULL,'330.00',0,0,1,0,1,1,NULL,NULL,NULL,'mcam24',NULL,'--- !ruby/hash:ActiveSupport::HashWithIndifferentAccess\nanschaffungskategorie: AV-Technik\nreference: invoice\numzug: zgeln\nankunftszustand: intakt\n','2014-12-25 21:36:42','2014-12-25 21:36:42'),(104,'mcam25','mcam25',113,47,104,1,NULL,NULL,'2010-03-27','2014-12-25',NULL,NULL,'570.00',0,0,1,0,1,1,NULL,NULL,NULL,'mcam25',NULL,'--- !ruby/hash:ActiveSupport::HashWithIndifferentAccess\nanschaffungskategorie: AV-Technik\nreference: invoice\numzug: zgeln\nankunftszustand: intakt\n','2014-12-25 21:36:42','2014-12-25 21:36:42'),(105,'mcam26','mcam26',114,47,105,1,NULL,NULL,'2013-07-03','2014-12-25',NULL,NULL,'565.00',0,0,1,0,1,1,NULL,NULL,NULL,'mcam26',NULL,'--- !ruby/hash:ActiveSupport::HashWithIndifferentAccess\nanschaffungskategorie: AV-Technik\nreference: invoice\numzug: zgeln\nankunftszustand: intakt\n','2014-12-25 21:36:42','2014-12-25 21:36:42'),(106,'mcam27','mcam27',115,47,106,1,NULL,NULL,'2011-06-23','2014-12-25',NULL,NULL,'401.00',0,0,1,0,1,1,NULL,NULL,NULL,'mcam27',NULL,'--- !ruby/hash:ActiveSupport::HashWithIndifferentAccess\nanschaffungskategorie: AV-Technik\nreference: invoice\numzug: zgeln\nankunftszustand: intakt\n','2014-12-25 21:36:42','2014-12-25 21:36:42'),(107,'mcam28','mcam28',116,47,107,1,NULL,NULL,'2010-01-13','2014-12-25',NULL,NULL,'598.00',0,0,1,0,1,1,NULL,NULL,NULL,'mcam28',NULL,'--- !ruby/hash:ActiveSupport::HashWithIndifferentAccess\nanschaffungskategorie: AV-Technik\nreference: invoice\numzug: zgeln\nankunftszustand: intakt\n','2014-12-25 21:36:42','2014-12-25 21:36:42'),(108,'mcam29','mcam29',117,47,108,1,NULL,NULL,'2010-02-27','2014-12-25',NULL,NULL,'340.00',0,0,1,0,1,1,NULL,NULL,NULL,'mcam29',NULL,'--- !ruby/hash:ActiveSupport::HashWithIndifferentAccess\nanschaffungskategorie: AV-Technik\nreference: invoice\numzug: zgeln\nankunftszustand: intakt\n','2014-12-25 21:36:42','2014-12-25 21:36:42'),(109,'mcam30','mcam30',118,47,109,1,NULL,NULL,'2011-03-06','2014-12-25',NULL,NULL,'772.00',0,0,1,0,1,1,NULL,NULL,NULL,'mcam30',NULL,'--- !ruby/hash:ActiveSupport::HashWithIndifferentAccess\nanschaffungskategorie: AV-Technik\nreference: invoice\numzug: zgeln\nankunftszustand: intakt\n','2014-12-25 21:36:42','2014-12-25 21:36:42'),(110,'hifi123','hifi123',119,47,110,1,NULL,NULL,'2012-03-10','2014-12-25',NULL,NULL,'977.00',0,0,1,0,1,1,NULL,NULL,NULL,NULL,NULL,'--- !ruby/hash:ActiveSupport::HashWithIndifferentAccess\nanschaffungskategorie: AV-Technik\nreference: invoice\numzug: zgeln\nankunftszustand: intakt\n','2014-12-25 21:36:42','2014-12-25 21:36:42'),(111,'tri789','fgh567',120,47,111,1,NULL,NULL,'2011-05-18','2014-12-25',NULL,NULL,'724.00',0,0,1,0,1,1,NULL,NULL,NULL,NULL,NULL,'--- !ruby/hash:ActiveSupport::HashWithIndifferentAccess\nanschaffungskategorie: AV-Technik\nreference: invoice\numzug: zgeln\nankunftszustand: intakt\n','2014-12-25 21:36:42','2014-12-25 21:36:42'),(112,'tri123','fgh987',120,47,112,1,NULL,NULL,'2010-11-08','2014-12-25',NULL,NULL,'894.00',0,0,1,0,1,1,NULL,NULL,NULL,NULL,NULL,'--- !ruby/hash:ActiveSupport::HashWithIndifferentAccess\nanschaffungskategorie: AV-Technik\nreference: invoice\numzug: zgeln\nankunftszustand: intakt\n','2014-12-25 21:36:42','2014-12-25 21:36:42'),(113,'tri923','asd213',120,47,113,1,NULL,NULL,'2010-07-20','2014-12-25',NULL,NULL,'1422.00',0,0,1,0,1,1,NULL,NULL,NULL,NULL,NULL,'--- !ruby/hash:ActiveSupport::HashWithIndifferentAccess\nanschaffungskategorie: AV-Technik\nreference: invoice\numzug: zgeln\nankunftszustand: intakt\n','2014-12-25 21:36:42','2014-12-25 21:36:42'),(114,'tri212','tri212',120,47,114,1,NULL,NULL,'2009-07-05','2014-12-25',NULL,NULL,'1010.00',0,0,1,0,1,1,NULL,NULL,NULL,NULL,NULL,'--- !ruby/hash:ActiveSupport::HashWithIndifferentAccess\nanschaffungskategorie: AV-Technik\nreference: invoice\numzug: zgeln\nankunftszustand: intakt\n','2014-12-25 21:36:42','2014-12-25 21:36:42'),(115,'8pm1jg','xvpx41',122,47,115,1,NULL,NULL,'2012-09-03','2014-12-25',NULL,NULL,'1439.00',0,0,1,0,1,1,NULL,NULL,NULL,NULL,NULL,'--- !ruby/hash:ActiveSupport::HashWithIndifferentAccess\nanschaffungskategorie: AV-Technik\nreference: invoice\numzug: zgeln\nankunftszustand: intakt\n','2014-12-25 21:36:42','2014-12-25 21:36:42'),(116,'to8fhcxd0b8uzwz1c8ir46','c0:f1:4d:bc:87:2d-12:fa:54:a9:6b:44-63:a6:c1:48:33:cd',123,48,116,1,NULL,NULL,'2011-09-22','2014-12-25',NULL,NULL,'640.00',0,0,1,0,1,1,NULL,NULL,NULL,NULL,NULL,'--- !ruby/hash:ActiveSupport::HashWithIndifferentAccess\nanschaffungskategorie: AV-Technik\nreference: invoice\numzug: zgeln\nankunftszustand: intakt\n','2014-12-25 21:36:42','2014-12-25 21:36:42'),(117,'5l40sdxj8mclpanicdco47','dc:38:6a:cf:2f:71-d8:7a:d0:cf:45:98-50:a2:54:df:84:dc',125,48,117,1,116,NULL,'2013-09-12','2014-12-25',NULL,NULL,'45.00',0,0,1,0,1,1,NULL,NULL,NULL,NULL,NULL,'--- !ruby/hash:ActiveSupport::HashWithIndifferentAccess\nanschaffungskategorie: AV-Technik\nreference: invoice\numzug: zgeln\nankunftszustand: intakt\n','2014-12-25 21:36:42','2014-12-25 21:36:42'),(118,'v0fh6fbtmoih7p34fl5w48','3a:d6:b4:b7:ec:ff-c5:59:f4:96:a6:7c-82:e1:f2:7e:ed:ee',126,48,118,1,116,NULL,'2012-06-26','2014-12-25',NULL,NULL,'824.00',0,0,1,0,1,1,NULL,NULL,NULL,NULL,NULL,'--- !ruby/hash:ActiveSupport::HashWithIndifferentAccess\nanschaffungskategorie: AV-Technik\nreference: invoice\numzug: zgeln\nankunftszustand: intakt\n','2014-12-25 21:36:42','2014-12-25 21:36:42'),(119,'od48qlt8pco6gb4wkpyy49','ee:99:d7:9b:62:04-0c:0f:7c:35:92:ae-63:22:41:fc:25:7e',127,48,119,1,116,NULL,'2012-05-12','2014-12-25',NULL,NULL,'287.00',0,0,1,0,1,1,NULL,NULL,NULL,NULL,NULL,'--- !ruby/hash:ActiveSupport::HashWithIndifferentAccess\nanschaffungskategorie: AV-Technik\nreference: invoice\numzug: zgeln\nankunftszustand: intakt\n','2014-12-25 21:36:42','2014-12-25 21:36:42'),(120,'vlik7cfsts8ha8r3dk7b50','89:1d:47:94:48:65-e5:36:46:7c:a9:fe-63:77:ac:19:ad:30',123,52,120,1,NULL,NULL,'2012-10-21','2014-12-25',NULL,NULL,'849.00',0,0,1,0,1,1,NULL,NULL,NULL,NULL,NULL,'--- !ruby/hash:ActiveSupport::HashWithIndifferentAccess\nanschaffungskategorie: AV-Technik\nreference: invoice\numzug: zgeln\nankunftszustand: intakt\n','2014-12-25 21:36:42','2014-12-25 21:36:42'),(121,'m4qmfnwpalxvkpig5yrh51','4d:5f:24:75:fc:df-81:3e:7d:16:14:39-ac:4b:ab:b4:4c:cd',129,52,121,1,120,NULL,'2009-06-04','2014-12-25',NULL,NULL,'166.00',0,0,1,0,1,1,NULL,NULL,NULL,NULL,NULL,'--- !ruby/hash:ActiveSupport::HashWithIndifferentAccess\nanschaffungskategorie: AV-Technik\nreference: invoice\numzug: zgeln\nankunftszustand: intakt\n','2014-12-25 21:36:42','2014-12-25 21:36:42'),(122,'zboa7o02opdhow79dc0c52','25:85:d5:cc:12:83-fa:c8:bf:00:2a:57-4b:58:fc:fb:52:33',130,52,122,1,120,NULL,'2009-11-17','2014-12-25',NULL,NULL,'1445.00',0,0,1,0,1,1,NULL,NULL,NULL,NULL,NULL,'--- !ruby/hash:ActiveSupport::HashWithIndifferentAccess\nanschaffungskategorie: AV-Technik\nreference: invoice\numzug: zgeln\nankunftszustand: intakt\n','2014-12-25 21:36:42','2014-12-25 21:36:42'),(123,'gvpd4lvdtp6bytmf846v53','62:bb:56:73:54:35-21:74:16:42:d7:4c-bf:3b:1a:80:e7:7c',131,52,123,1,120,NULL,'2010-09-10','2014-12-25',NULL,NULL,'233.00',0,0,1,0,1,1,NULL,NULL,NULL,NULL,NULL,'--- !ruby/hash:ActiveSupport::HashWithIndifferentAccess\nanschaffungskategorie: AV-Technik\nreference: invoice\numzug: zgeln\nankunftszustand: intakt\n','2014-12-25 21:36:42','2014-12-25 21:36:42'),(124,'wj0un38dx8ekegjsd3mp54','e7:fb:b6:0a:5d:11-21:07:da:0c:3f:b2-49:df:56:5a:83:5e',123,56,124,1,NULL,NULL,'2013-02-13','2014-12-25',NULL,NULL,'308.00',0,0,1,0,1,1,NULL,NULL,NULL,NULL,NULL,'--- !ruby/hash:ActiveSupport::HashWithIndifferentAccess\nanschaffungskategorie: AV-Technik\nreference: invoice\numzug: zgeln\nankunftszustand: intakt\n','2014-12-25 21:36:42','2014-12-25 21:36:42'),(125,'4y5crw4l6xdpj9qtkdsp55','2f:41:09:cc:7e:e2-d2:54:25:c6:80:61-07:51:6f:c3:e3:ce',133,56,125,1,124,NULL,'2013-04-28','2014-12-25',NULL,NULL,'1399.00',0,0,1,0,1,1,NULL,NULL,NULL,NULL,NULL,'--- !ruby/hash:ActiveSupport::HashWithIndifferentAccess\nanschaffungskategorie: AV-Technik\nreference: invoice\numzug: zgeln\nankunftszustand: intakt\n','2014-12-25 21:36:42','2014-12-25 21:36:42'),(126,'sve52dl6hp3880p8e7gr56','a4:89:4a:64:9a:00-f5:14:63:26:b8:14-85:42:6e:9b:d0:0f',134,56,126,1,124,NULL,'2010-04-21','2014-12-25',NULL,NULL,'260.00',0,0,1,0,1,1,NULL,NULL,NULL,NULL,NULL,'--- !ruby/hash:ActiveSupport::HashWithIndifferentAccess\nanschaffungskategorie: AV-Technik\nreference: invoice\numzug: zgeln\nankunftszustand: intakt\n','2014-12-25 21:36:42','2014-12-25 21:36:42'),(127,'yc0m3mh9wze3ab139edl57','76:cb:1d:34:a0:d4-a3:31:d1:99:74:71-c8:8c:1d:43:83:60',135,56,127,1,124,NULL,'2010-03-05','2014-12-25',NULL,NULL,'691.00',0,0,1,0,1,1,NULL,NULL,NULL,NULL,NULL,'--- !ruby/hash:ActiveSupport::HashWithIndifferentAccess\nanschaffungskategorie: AV-Technik\nreference: invoice\numzug: zgeln\nankunftszustand: intakt\n','2014-12-25 21:36:42','2014-12-25 21:36:42'),(128,'84ihivcna5vahwnb43nb58','a2:c5:e2:97:ad:f6-68:6c:5c:72:21:f0-57:ba:21:c8:d3:45',136,60,128,1,NULL,NULL,'2013-06-28','2014-12-25',NULL,NULL,'623.00',0,0,1,0,1,1,NULL,NULL,NULL,NULL,NULL,'--- !ruby/hash:ActiveSupport::HashWithIndifferentAccess\nanschaffungskategorie: AV-Technik\nreference: invoice\numzug: zgeln\nankunftszustand: intakt\n','2014-12-25 21:36:42','2014-12-25 21:36:42'),(129,'do2pnwrn5ajqouudm70e59','29:ac:3c:b8:8f:be-44:af:96:1b:af:d5-cd:b8:c4:27:f0:f8',138,60,129,1,128,NULL,'2013-02-22','2014-12-25',NULL,NULL,'578.00',0,0,1,0,1,1,NULL,NULL,NULL,NULL,NULL,'--- !ruby/hash:ActiveSupport::HashWithIndifferentAccess\nanschaffungskategorie: AV-Technik\nreference: invoice\numzug: zgeln\nankunftszustand: intakt\n','2014-12-25 21:36:42','2014-12-25 21:36:42'),(130,'arh1bbfxpjp07skw9zxj60','db:7f:1a:3b:23:bf-23:74:4c:d1:2d:9f-dd:2c:5a:7a:0e:87',139,60,130,1,128,NULL,'2011-04-11','2014-12-25',NULL,NULL,'1462.00',0,0,1,0,1,1,NULL,NULL,NULL,NULL,NULL,'--- !ruby/hash:ActiveSupport::HashWithIndifferentAccess\nanschaffungskategorie: AV-Technik\nreference: invoice\numzug: zgeln\nankunftszustand: intakt\n','2014-12-25 21:36:42','2014-12-25 21:36:42'),(131,'8m9ww5x5tcf4vin9ancf61','89:e7:ac:71:5a:1f-0d:93:8b:5e:dd:16-34:90:ff:05:86:37',140,60,131,1,128,NULL,'2009-04-26','2014-12-25',NULL,NULL,'6.00',0,0,1,0,1,1,NULL,NULL,NULL,NULL,NULL,'--- !ruby/hash:ActiveSupport::HashWithIndifferentAccess\nanschaffungskategorie: AV-Technik\nreference: invoice\numzug: zgeln\nankunftszustand: intakt\n','2014-12-25 21:36:42','2014-12-25 21:36:42'),(132,'5fd5ab5hlz546pmvcatk62','95:ee:a3:43:6a:11-d2:ab:c5:da:3f:34-ab:a5:fa:56:fd:01',136,64,132,1,NULL,NULL,'2012-04-23','2014-12-25',NULL,NULL,'1127.00',0,0,1,0,1,1,NULL,NULL,NULL,NULL,NULL,'--- !ruby/hash:ActiveSupport::HashWithIndifferentAccess\nanschaffungskategorie: AV-Technik\nreference: invoice\numzug: zgeln\nankunftszustand: intakt\n','2014-12-25 21:36:42','2014-12-25 21:36:42'),(133,'ohtj5rnk445lrr5gkqy663','17:ae:a3:26:1a:8c-da:ba:44:27:d5:05-44:a6:47:6e:9f:c7',142,64,133,1,132,NULL,'2009-10-11','2014-12-25',NULL,NULL,'1101.00',0,0,1,0,1,1,NULL,NULL,NULL,NULL,NULL,'--- !ruby/hash:ActiveSupport::HashWithIndifferentAccess\nanschaffungskategorie: AV-Technik\nreference: invoice\numzug: zgeln\nankunftszustand: intakt\n','2014-12-25 21:36:42','2014-12-25 21:36:42'),(134,'9n7vpeqqirsx1unf18xq64','ef:03:03:f4:b9:ba-77:41:13:73:39:96-7e:71:30:22:99:d2',143,64,134,1,132,NULL,'2013-04-09','2014-12-25',NULL,NULL,'232.00',0,0,1,0,1,1,NULL,NULL,NULL,NULL,NULL,'--- !ruby/hash:ActiveSupport::HashWithIndifferentAccess\nanschaffungskategorie: AV-Technik\nreference: invoice\numzug: zgeln\nankunftszustand: intakt\n','2014-12-25 21:36:42','2014-12-25 21:36:42'),(135,'1bkyd3sf29o44qhkmtf165','32:d9:0a:5c:8a:c3-de:2a:fd:57:24:bc-b7:82:4f:ed:f4:3f',144,64,135,1,132,NULL,'2013-06-08','2014-12-25',NULL,NULL,'1468.00',0,0,1,0,1,1,NULL,NULL,NULL,NULL,NULL,'--- !ruby/hash:ActiveSupport::HashWithIndifferentAccess\nanschaffungskategorie: AV-Technik\nreference: invoice\numzug: zgeln\nankunftszustand: intakt\n','2014-12-25 21:36:42','2014-12-25 21:36:42'),(136,'v7fl0lvnyhv2w11mrqn966','15:0a:48:c5:81:f3-66:04:83:37:95:d3-c0:93:85:21:b5:c5',136,68,136,1,NULL,NULL,'2013-01-19','2014-12-25',NULL,NULL,'949.00',0,0,1,0,1,1,NULL,NULL,NULL,NULL,NULL,'--- !ruby/hash:ActiveSupport::HashWithIndifferentAccess\nanschaffungskategorie: AV-Technik\nreference: invoice\numzug: zgeln\nankunftszustand: intakt\n','2014-12-25 21:36:42','2014-12-25 21:36:42'),(137,'lsf4p1s4m7ktfit0rzct67','de:bb:da:a8:dc:9d-29:a7:4e:c3:f5:9d-d1:c5:65:0e:5f:20',146,68,137,1,136,NULL,'2009-10-09','2014-12-25',NULL,NULL,'1053.00',0,0,1,0,1,1,NULL,NULL,NULL,NULL,NULL,'--- !ruby/hash:ActiveSupport::HashWithIndifferentAccess\nanschaffungskategorie: AV-Technik\nreference: invoice\numzug: zgeln\nankunftszustand: intakt\n','2014-12-25 21:36:42','2014-12-25 21:36:42'),(138,'dd85sk8xxx7ok8da8oin68','7c:cf:e5:21:fd:28-a9:6b:1c:cd:6a:97-e4:6a:fa:c9:f9:4a',147,68,138,1,136,NULL,'2011-01-08','2014-12-25',NULL,NULL,'949.00',0,0,1,0,1,1,NULL,NULL,NULL,NULL,NULL,'--- !ruby/hash:ActiveSupport::HashWithIndifferentAccess\nanschaffungskategorie: AV-Technik\nreference: invoice\numzug: zgeln\nankunftszustand: intakt\n','2014-12-25 21:36:42','2014-12-25 21:36:42'),(139,'i34xz422qjz4rr77nbxv69','58:ed:88:2a:bd:98-d8:d0:11:30:f9:38-d5:45:5c:44:cf:fb',148,68,139,1,136,NULL,'2011-11-21','2014-12-25',NULL,NULL,'725.00',0,0,1,0,1,1,NULL,NULL,NULL,NULL,NULL,'--- !ruby/hash:ActiveSupport::HashWithIndifferentAccess\nanschaffungskategorie: AV-Technik\nreference: invoice\numzug: zgeln\nankunftszustand: intakt\n','2014-12-25 21:36:42','2014-12-25 21:36:42'),(140,'9kczrb8eaghdej29uxpf70','5e:09:fd:9c:48:19-fd:09:a0:a8:1f:a7-f5:e9:56:5b:7e:55',123,72,140,2,NULL,NULL,'2012-06-27','2014-12-25',NULL,NULL,'755.00',0,0,1,0,2,1,NULL,NULL,NULL,NULL,NULL,'--- !ruby/hash:ActiveSupport::HashWithIndifferentAccess\nanschaffungskategorie: AV-Technik\nreference: invoice\numzug: zgeln\nankunftszustand: intakt\n','2014-12-25 21:36:42','2014-12-25 21:36:42'),(141,'n5si6bnt53yr0prr7fsv71','9d:2d:89:7e:34:58-9e:6a:fb:1d:fa:2e-72:66:c3:f0:67:a3',150,72,141,2,140,NULL,'2009-11-21','2014-12-25',NULL,NULL,'1190.00',0,0,1,0,2,1,NULL,NULL,NULL,NULL,NULL,'--- !ruby/hash:ActiveSupport::HashWithIndifferentAccess\nanschaffungskategorie: AV-Technik\nreference: invoice\numzug: zgeln\nankunftszustand: intakt\n','2014-12-25 21:36:42','2014-12-25 21:36:42'),(142,'p47jilkv1wi1teemp0wk72','51:d9:a3:05:7d:48-d8:51:f6:55:71:57-6d:d6:a8:68:07:0a',151,72,142,2,140,NULL,'2011-03-11','2014-12-25',NULL,NULL,'1041.00',0,0,1,0,2,1,NULL,NULL,NULL,NULL,NULL,'--- !ruby/hash:ActiveSupport::HashWithIndifferentAccess\nanschaffungskategorie: AV-Technik\nreference: invoice\numzug: zgeln\nankunftszustand: intakt\n','2014-12-25 21:36:42','2014-12-25 21:36:42'),(143,'8ylvojj25chqdmpnpz8l73','e7:eb:5f:05:a9:eb-ac:44:8a:c2:8c:a4-08:18:51:34:95:35',152,72,143,2,140,NULL,'2013-05-04','2014-12-25',NULL,NULL,'143.00',0,0,1,0,2,1,NULL,NULL,NULL,NULL,NULL,'--- !ruby/hash:ActiveSupport::HashWithIndifferentAccess\nanschaffungskategorie: AV-Technik\nreference: invoice\numzug: zgeln\nankunftszustand: intakt\n','2014-12-25 21:36:42','2014-12-25 21:36:42'),(144,'cand5','cand5',88,47,144,1,NULL,NULL,'2012-02-03','2014-12-25',NULL,NULL,'1447.00',0,0,0,0,1,1,NULL,NULL,NULL,NULL,NULL,'--- !ruby/hash:ActiveSupport::HashWithIndifferentAccess\nanschaffungskategorie: AV-Technik\nreference: invoice\numzug: zgeln\nankunftszustand: intakt\n','2014-12-25 21:36:42','2014-12-25 21:36:42'),(145,'beam21231','beamas12312',62,47,145,1,NULL,NULL,'2010-06-21','2014-12-25',NULL,NULL,'997.00',0,0,0,0,1,1,NULL,NULL,NULL,NULL,NULL,'--- !ruby/hash:ActiveSupport::HashWithIndifferentAccess\nanschaffungskategorie: AV-Technik\nreference: invoice\numzug: zgeln\nankunftszustand: intakt\n','2014-12-25 21:36:42','2014-12-25 21:36:42'),(146,'hifi345','hifi345',119,47,146,1,NULL,NULL,'2012-05-20','2014-12-25',NULL,NULL,'286.00',0,0,0,0,1,1,NULL,NULL,NULL,NULL,NULL,'--- !ruby/hash:ActiveSupport::HashWithIndifferentAccess\nanschaffungskategorie: AV-Technik\nreference: invoice\numzug: zgeln\nankunftszustand: intakt\n','2014-12-25 21:36:42','2014-12-25 21:36:42'),(147,'iMac1','iMac5',154,47,147,1,NULL,NULL,'2013-08-08','2014-12-25','2014-12-25','This Item is gone','330.00',0,0,1,0,1,1,NULL,NULL,NULL,NULL,NULL,'--- !ruby/hash:ActiveSupport::HashWithIndifferentAccess\nanschaffungskategorie: AV-Technik\nreference: invoice\numzug: zgeln\nankunftszustand: intakt\n','2014-12-25 21:36:42','2014-12-25 21:36:42'),(148,'iMac2','iMac6',154,47,148,3,NULL,NULL,'2010-04-25','2014-12-25','2014-12-25','This Item is gone','12.00',0,0,1,0,1,1,NULL,NULL,NULL,NULL,NULL,'--- !ruby/hash:ActiveSupport::HashWithIndifferentAccess\nanschaffungskategorie: AV-Technik\nreference: invoice\numzug: zgeln\nankunftszustand: intakt\n','2014-12-25 21:36:42','2014-12-25 21:36:42'),(149,'qzxpf3','tphped',121,47,149,1,NULL,NULL,'2013-08-17','2014-12-25','2014-12-25','This Item is gone','863.00',0,0,1,0,1,1,NULL,NULL,NULL,NULL,NULL,'--- !ruby/hash:ActiveSupport::HashWithIndifferentAccess\nanschaffungskategorie: AV-Technik\nreference: invoice\numzug: zgeln\nankunftszustand: intakt\n','2014-12-25 21:36:42','2014-12-25 21:36:42'),(150,'ipefm8','7j95jj',121,47,150,1,NULL,NULL,'2009-11-07','2014-12-25',NULL,NULL,'663.00',0,0,1,0,1,1,NULL,NULL,NULL,NULL,NULL,'--- !ruby/hash:ActiveSupport::HashWithIndifferentAccess\nanschaffungskategorie: AV-Technik\nreference: invoice\numzug: zgeln\nankunftszustand: intakt\n','2014-12-25 21:36:42','2014-12-25 21:36:42'),(151,'wlaptop1','wlaptop1',155,47,151,1,NULL,NULL,'2009-10-02','2014-12-25',NULL,NULL,'335.00',1,0,1,0,1,1,NULL,NULL,NULL,NULL,NULL,'--- !ruby/hash:ActiveSupport::HashWithIndifferentAccess\nanschaffungskategorie: AV-Technik\nreference: invoice\numzug: zgeln\nankunftszustand: intakt\n','2014-12-25 21:36:42','2014-12-25 21:36:42'),(152,'v120d02','v120d02',156,47,152,1,NULL,NULL,'2013-12-03','2014-12-25',NULL,NULL,'1151.00',0,1,1,0,1,1,NULL,NULL,NULL,NULL,NULL,'--- !ruby/hash:ActiveSupport::HashWithIndifferentAccess\nanschaffungskategorie: AV-Technik\nreference: invoice\numzug: zgeln\nankunftszustand: intakt\n','2014-12-25 21:36:42','2014-12-25 21:36:42'),(153,'2ygusesm9rwlrrdn9j1o74','1d:a7:a8:a0:17:43-5a:ac:4d:e6:23:ed-0c:eb:2a:b9:d8:48',156,76,153,1,NULL,NULL,'2009-07-25','2014-12-25','2014-12-25','Rem autem explicabo officia iure.','343.00',1,1,0,0,1,1,NULL,NULL,NULL,NULL,NULL,'--- !ruby/hash:ActiveSupport::HashWithIndifferentAccess\nanschaffungskategorie: AV-Technik\nreference: invoice\numzug: zgeln\nankunftszustand: intakt\n','2014-12-25 21:36:42','2014-12-25 21:36:42'),(154,'v120d022g','v120d022g',157,47,154,1,NULL,NULL,'2012-01-02','2014-12-25',NULL,NULL,'563.00',0,0,1,0,1,1,NULL,NULL,NULL,NULL,NULL,'--- !ruby/hash:ActiveSupport::HashWithIndifferentAccess\nanschaffungskategorie: AV-Technik\nreference: invoice\numzug: zgeln\nankunftszustand: intakt\n','2014-12-25 21:36:42','2014-12-25 21:36:42'),(155,'v120d022g2','v120d022g2',157,47,155,1,NULL,NULL,'2011-11-10','2014-12-25',NULL,NULL,'769.00',0,0,1,0,1,1,NULL,NULL,NULL,NULL,NULL,'--- !ruby/hash:ActiveSupport::HashWithIndifferentAccess\nanschaffungskategorie: AV-Technik\nreference: invoice\numzug: zgeln\nankunftszustand: intakt\n','2014-12-25 21:36:42','2014-12-25 21:36:42'),(156,'beam897','xyz890',62,47,156,1,NULL,NULL,'2013-01-13','2014-12-25',NULL,NULL,'139.00',0,0,1,0,2,1,NULL,NULL,NULL,NULL,NULL,'--- !ruby/hash:ActiveSupport::HashWithIndifferentAccess\nanschaffungskategorie: AV-Technik\nreference: invoice\numzug: zgeln\nankunftszustand: intakt\n','2014-12-25 21:36:42','2014-12-25 21:36:42'),(157,'minibeam12','xyz890',64,47,157,1,NULL,NULL,'2013-12-07','2014-12-25',NULL,NULL,'589.00',0,0,1,0,2,1,NULL,NULL,NULL,NULL,NULL,'--- !ruby/hash:ActiveSupport::HashWithIndifferentAccess\nanschaffungskategorie: AV-Technik\nreference: invoice\numzug: zgeln\nankunftszustand: intakt\n','2014-12-25 21:36:42','2014-12-25 21:36:42'),(158,'minibeam34','xyz890',64,47,158,1,NULL,NULL,'2009-08-30','2014-12-25',NULL,NULL,'1142.00',0,0,1,0,3,1,NULL,NULL,NULL,NULL,NULL,'--- !ruby/hash:ActiveSupport::HashWithIndifferentAccess\nanschaffungskategorie: AV-Technik\nreference: invoice\numzug: zgeln\nankunftszustand: intakt\n','2014-12-25 21:36:42','2014-12-25 21:36:42'),(159,'q01um1xk2dqjdwmtq4l675','fc:8d:23:08:48:48-bc:67:1a:d0:15:83-b9:4c:79:f5:a0:b2',159,NULL,NULL,1,NULL,NULL,NULL,NULL,NULL,NULL,NULL,0,0,1,0,1,0,NULL,NULL,NULL,NULL,NULL,'--- !ruby/hash:ActiveSupport::HashWithIndifferentAccess\nlicense_type: single_workplace\nactivation_type: serial_number\noperating_system:\n- windows\n- linux\ninstallation:\n- citrix\n- web\nprocured_by: Mike H.\nreference: invoice\nmaintenance_contract: \'false\'\n','2014-12-25 21:36:42','2014-12-25 21:36:42'),(160,'8pu4a1geah0rj40cm2ql76','78:ad:2f:59:3a:07-a9:0b:ae:a4:02:e5-d8:77:1f:f3:60:c1',160,NULL,NULL,1,NULL,NULL,NULL,NULL,NULL,NULL,NULL,0,0,1,0,1,0,NULL,NULL,NULL,NULL,NULL,'--- !ruby/hash:ActiveSupport::HashWithIndifferentAccess\nlicense_type: single_workplace\nactivation_type: serial_number\noperating_system:\n- windows\n- linux\ninstallation:\n- citrix\n- web\nprocured_by: Ramon C.\nreference: invoice\nmaintenance_contract: \'false\'\n','2014-12-25 21:36:42','2014-12-25 21:36:42'),(161,'pbrp92va3cyg6mrjykwb77','65:02:a6:04:ea:39-9c:83:ba:8a:b3:93-8d:bd:66:9d:4e:66',161,NULL,NULL,1,NULL,NULL,NULL,NULL,NULL,NULL,NULL,0,0,1,0,1,0,NULL,NULL,NULL,NULL,NULL,'--- !ruby/hash:ActiveSupport::HashWithIndifferentAccess\nlicense_type: single_workplace\nactivation_type: serial_number\noperating_system:\n- windows\n- linux\ninstallation:\n- citrix\n- web\nreference: invoice\nmaintenance_contract: \'false\'\n','2014-12-25 21:36:42','2014-12-25 21:36:42'),(162,'og290kwmsrog5qay6m2s78','c6:26:24:74:10:62-bc:1e:76:75:56:3a-c7:a7:88:53:88:63',162,NULL,NULL,1,NULL,NULL,NULL,NULL,NULL,NULL,NULL,0,0,1,0,1,0,NULL,NULL,NULL,NULL,NULL,'--- !ruby/hash:ActiveSupport::HashWithIndifferentAccess\nlicense_type: single_workplace\nactivation_type: serial_number\noperating_system:\n- windows\n- linux\ninstallation:\n- citrix\n- web\nprocured_by: Modesta King\nreference: invoice\nmaintenance_contract: \'false\'\n','2014-12-25 21:36:42','2014-12-25 21:36:42'),(163,'0summqdz9u3nnoiw6diq79','32:a6:a5:f7:e5:09-cb:89:9a:16:32:80-e4:b7:17:a7:6e:f5',163,NULL,NULL,1,NULL,NULL,NULL,NULL,NULL,NULL,NULL,0,0,1,0,1,0,NULL,NULL,NULL,NULL,NULL,'--- !ruby/hash:ActiveSupport::HashWithIndifferentAccess\nlicense_type: single_workplace\nactivation_type: serial_number\noperating_system:\n- windows\n- linux\ninstallation:\n- citrix\n- web\nprocured_by: Modesta Langosh\nreference: invoice\nmaintenance_contract: \'false\'\n','2014-12-25 21:36:42','2014-12-25 21:36:42'),(164,'doi99hwp1v0ev2rq6gze80','7c:b2:41:e9:87:bd-ef:ff:c9:10:8d:92-29:1e:ff:d7:bd:5d',164,NULL,NULL,1,NULL,NULL,NULL,NULL,NULL,NULL,NULL,0,0,0,0,1,0,NULL,NULL,NULL,NULL,NULL,'--- !ruby/hash:ActiveSupport::HashWithIndifferentAccess\nlicense_type: single_workplace\nactivation_type: serial_number\noperating_system:\n- windows\n- linux\ninstallation:\n- citrix\n- web\nprocured_by: Matti S.\nreference: invoice\nmaintenance_contract: \'false\'\n','2014-12-25 21:36:42','2014-12-25 21:36:42'),(165,'drcl3vn26o1aoe9svib081','0f:d9:c7:6a:c2:b0-62:84:7a:58:1f:7f-8a:46:59:e0:6f:38',165,NULL,NULL,1,NULL,NULL,NULL,NULL,NULL,NULL,NULL,0,0,0,0,2,0,NULL,NULL,NULL,NULL,NULL,'--- !ruby/hash:ActiveSupport::HashWithIndifferentAccess\nlicense_type: single_workplace\nactivation_type: serial_number\noperating_system:\n- windows\n- linux\ninstallation:\n- citrix\n- web\nprocured_by: Modesta King\nreference: invoice\nmaintenance_contract: \'false\'\n','2014-12-25 21:36:42','2014-12-25 21:36:42'),(166,'nwfwi5khyc4acf6chrlr82','33:1d:78:51:53:3a-e2:87:29:fb:0f:d1-85:88:e9:a1:c4:73',166,NULL,NULL,1,NULL,NULL,NULL,NULL,'2014-12-25','Ut et voluptas ea.',NULL,0,0,1,0,1,0,NULL,NULL,NULL,NULL,NULL,'--- !ruby/hash:ActiveSupport::HashWithIndifferentAccess\nlicense_type: single_workplace\nactivation_type: serial_number\noperating_system:\n- windows\n- linux\ninstallation:\n- citrix\n- web\nprocured_by: Anahi Durgan\nreference: invoice\nmaintenance_contract: \'false\'\n','2014-12-25 21:36:42','2014-12-25 21:36:42'),(167,'xxud71s1oa48fd94kies83','e8:92:5d:88:5e:14-d5:17:dd:25:dc:ba-aa:c5:31:5b:57:0f',167,NULL,NULL,2,NULL,NULL,NULL,NULL,'2014-12-25','Aut pariatur beatae culpa alias est voluptas rem qui.',NULL,0,0,1,0,1,0,NULL,NULL,NULL,NULL,NULL,'--- !ruby/hash:ActiveSupport::HashWithIndifferentAccess\nlicense_type: single_workplace\nactivation_type: serial_number\noperating_system:\n- windows\n- linux\ninstallation:\n- citrix\n- web\nreference: invoice\nmaintenance_contract: \'false\'\n','2014-12-25 21:36:42','2014-12-25 21:36:42'),(168,'dnufe2bf54uehixf2i2z84','a4:e9:20:bb:af:d9-01:76:b6:34:ec:2f-d5:cf:98:7a:eb:64',168,NULL,NULL,2,NULL,NULL,NULL,NULL,NULL,NULL,NULL,0,0,1,0,2,0,NULL,NULL,NULL,NULL,NULL,'--- !ruby/hash:ActiveSupport::HashWithIndifferentAccess\nlicense_type: single_workplace\nactivation_type: serial_number\noperating_system:\n- windows\n- linux\ninstallation:\n- citrix\n- web\nprocured_by: Modesta Langosh\nreference: invoice\nmaintenance_contract: \'false\'\n','2014-12-25 21:36:42','2014-12-25 21:36:42'),(169,'5vcezufy142s50bezshp85','2d:7f:6a:98:e0:2f-ba:d5:24:7a:35:b6-f6:28:7b:36:22:1c',169,NULL,NULL,1,NULL,NULL,'2014-12-25',NULL,NULL,NULL,NULL,0,0,0,0,1,0,NULL,NULL,NULL,NULL,NULL,'--- !ruby/hash:ActiveSupport::HashWithIndifferentAccess\nlicense_expiration: \'2014-12-25\'\nmaintenance_contract: \'true\'\nmaintenance_expiration: \'2014-12-25\'\nreference: invoice\nactivation_type: none\nlicense_type: free\n','2014-12-25 21:36:42','2014-12-25 21:36:42'),(170,'bvnboleuc3baur1jrggr86','ac:e5:92:09:ed:55-4b:51:c1:0a:76:96-50:27:e0:a8:95:35',170,NULL,NULL,1,NULL,NULL,NULL,NULL,NULL,NULL,NULL,0,0,0,0,1,0,NULL,NULL,NULL,NULL,NULL,'--- !ruby/hash:ActiveSupport::HashWithIndifferentAccess\nquantity_allocations:\n- !ruby/hash:ActiveSupport::HashWithIndifferentAccess\n  room: sed\n  quantity: 20\n- !ruby/hash:ActiveSupport::HashWithIndifferentAccess\n  room: ratione\n  quantity: 18\nreference: invoice\nactivation_type: none\nlicense_type: free\nmaintenance_contract: \'false\'\n','2014-12-25 21:36:42','2014-12-25 21:36:42'),(171,'nm3cxmcudapmf8tnimfx87','21:85:6f:1f:e1:0f-84:85:67:51:c0:a0-be:5b:50:44:41:48',172,NULL,NULL,1,NULL,NULL,NULL,NULL,NULL,NULL,NULL,0,0,0,0,1,0,NULL,NULL,NULL,NULL,NULL,'--- !ruby/hash:ActiveSupport::HashWithIndifferentAccess\noperating_system:\n- windows\n- linux\n- mac_os_x\nlicense_type: site_license\ntotal_quantity: 54\nquantity_allocations:\n- !ruby/hash:ActiveSupport::HashWithIndifferentAccess\n  room: tempore\n  quantity: 43\n- !ruby/hash:ActiveSupport::HashWithIndifferentAccess\n  room: voluptatibus\n  quantity: 36\nreference: invoice\nactivation_type: none\nmaintenance_contract: \'false\'\n','2014-12-25 21:36:42','2014-12-25 21:36:42'),(172,'de26a2lmu3otrsyip1kw88','86:30:aa:f1:01:1f-c4:59:5b:4c:df:b4-50:51:3e:60:30:98',174,77,159,9,NULL,NULL,'2011-12-01','2014-12-19',NULL,NULL,'51.00',0,0,1,0,1,1,NULL,NULL,NULL,NULL,NULL,'--- !ruby/hash:ActiveSupport::HashWithIndifferentAccess\nanschaffungskategorie: AV-Technik\nreference: invoice\numzug: zgeln\nankunftszustand: intakt\n','2014-12-19 22:45:15','2014-12-19 22:45:15'),(173,'jvriluqxjgii6vt0cj4p89','e4:5b:74:1f:aa:b9-67:69:1d:9d:9d:1d-8a:35:44:90:36:9d',175,78,160,7,NULL,NULL,'2010-06-14','2014-12-19',NULL,NULL,'314.00',0,0,1,0,1,1,NULL,NULL,NULL,NULL,NULL,'--- !ruby/hash:ActiveSupport::HashWithIndifferentAccess\nanschaffungskategorie: AV-Technik\nreference: invoice\numzug: zgeln\nankunftszustand: intakt\n','2014-12-19 22:45:16','2014-12-19 22:45:16'),(174,'udg8ki46h56z7m8b51kp90','05:51:16:28:a9:c5-18:63:ba:65:6c:0d-e4:d4:9a:1c:ce:6a',176,79,161,5,NULL,NULL,'2011-05-24','2014-12-19',NULL,NULL,'1199.00',0,0,1,0,1,1,NULL,NULL,NULL,NULL,NULL,'--- !ruby/hash:ActiveSupport::HashWithIndifferentAccess\nanschaffungskategorie: AV-Technik\nreference: invoice\numzug: zgeln\nankunftszustand: intakt\n','2014-12-19 22:45:16','2014-12-19 22:45:16'),(175,'35oobpw6kgrosmutpkny91','5d:ab:60:32:5d:5b-a2:f4:e3:0f:a2:a3-3e:07:33:2a:91:b2',177,80,162,6,NULL,NULL,'2010-02-26','2014-12-19',NULL,NULL,'1030.00',0,0,1,0,1,1,NULL,NULL,NULL,NULL,NULL,'--- !ruby/hash:ActiveSupport::HashWithIndifferentAccess\nanschaffungskategorie: AV-Technik\nreference: invoice\numzug: zgeln\nankunftszustand: intakt\n','2014-12-19 22:45:16','2014-12-19 22:45:16'),(176,'n21tdj0kduqtrhnu7und92','b5:f7:99:b8:de:7c-20:fa:d7:3b:58:b0-6d:e7:60:01:b1:31',178,81,163,6,NULL,NULL,'2009-03-20','2014-12-19',NULL,NULL,'453.00',0,0,1,0,1,1,NULL,NULL,NULL,NULL,NULL,'--- !ruby/hash:ActiveSupport::HashWithIndifferentAccess\nanschaffungskategorie: AV-Technik\nreference: invoice\numzug: zgeln\nankunftszustand: intakt\n','2014-12-19 22:45:16','2014-12-19 22:45:16'),(177,'n3eacko9aaw56rxnr77z93','14:0f:c7:0a:97:60-51:12:ef:58:06:73-6d:1c:4d:ac:ef:ac',179,82,164,3,NULL,NULL,'2012-06-22','2014-12-19',NULL,NULL,'838.00',0,0,1,0,1,1,NULL,NULL,NULL,NULL,NULL,'--- !ruby/hash:ActiveSupport::HashWithIndifferentAccess\nanschaffungskategorie: AV-Technik\nreference: invoice\numzug: zgeln\nankunftszustand: intakt\n','2014-12-19 22:45:16','2014-12-19 22:45:16'),(178,'nnxgpvetli7brw6skhhv94','e4:e1:1b:0a:53:4c-64:6d:48:c6:92:e3-81:5b:5d:90:cf:fa',179,83,165,5,NULL,NULL,'2011-05-14','2014-12-19',NULL,NULL,'1443.00',0,0,1,0,1,1,NULL,NULL,NULL,NULL,NULL,'--- !ruby/hash:ActiveSupport::HashWithIndifferentAccess\nanschaffungskategorie: AV-Technik\nreference: invoice\numzug: zgeln\nankunftszustand: intakt\n','2014-12-19 22:45:16','2014-12-19 22:45:16'),(179,'3uqq7iv3khcdd5ci0g6795','56:e3:b5:e6:ae:fb-42:c4:a2:8c:3a:c8-4e:fb:4a:0f:7b:0b',179,84,166,6,NULL,NULL,'2012-04-06','2014-12-19',NULL,NULL,'610.00',0,0,1,0,1,1,NULL,NULL,NULL,NULL,NULL,'--- !ruby/hash:ActiveSupport::HashWithIndifferentAccess\nanschaffungskategorie: AV-Technik\nreference: invoice\numzug: zgeln\nankunftszustand: intakt\n','2014-12-19 22:45:16','2014-12-19 22:45:16'),(180,'030qct82onhsy2x2h7h896','6e:28:4e:c5:3a:c4-05:3e:17:37:43:7c-b5:66:f9:64:fd:2d',183,85,167,5,NULL,NULL,'2013-02-27','2014-12-19',NULL,NULL,'198.00',0,0,1,0,1,1,NULL,NULL,NULL,NULL,NULL,'--- !ruby/hash:ActiveSupport::HashWithIndifferentAccess\nanschaffungskategorie: AV-Technik\nreference: invoice\numzug: zgeln\nankunftszustand: intakt\n','2014-12-19 22:45:16','2014-12-19 22:45:16'),(181,'fb9xpxqz8nwwngyufk1l97','da:28:de:ab:b5:fd-0b:25:2c:91:41:a0-2c:4c:81:36:41:9c',184,86,168,5,NULL,NULL,'2012-03-11','2014-12-19',NULL,NULL,'1193.00',0,0,1,0,1,1,NULL,NULL,NULL,NULL,NULL,'--- !ruby/hash:ActiveSupport::HashWithIndifferentAccess\nanschaffungskategorie: AV-Technik\nreference: invoice\numzug: zgeln\nankunftszustand: intakt\n','2014-12-19 22:45:16','2014-12-19 22:45:16'),(182,'25d690uxj7hcuvq0sa8g98','03:8a:dc:4d:42:d8-bb:96:37:4b:b3:7b-a7:c6:54:33:6e:d1',185,87,169,3,NULL,NULL,'2012-03-01','2014-12-19',NULL,NULL,'21.00',0,0,1,0,1,1,NULL,NULL,NULL,NULL,NULL,'--- !ruby/hash:ActiveSupport::HashWithIndifferentAccess\nanschaffungskategorie: AV-Technik\nreference: invoice\numzug: zgeln\nankunftszustand: intakt\n','2014-12-19 22:45:16','2014-12-19 22:45:16'),(183,'ay7w8s3u8jonnoo2t8ap99','18:17:bb:ae:6f:b4-95:9c:5e:7a:eb:44-b4:97:5d:70:dd:1f',186,88,170,9,NULL,NULL,'2013-04-13','2014-12-19',NULL,NULL,'561.00',0,0,1,0,1,1,NULL,NULL,NULL,NULL,NULL,'--- !ruby/hash:ActiveSupport::HashWithIndifferentAccess\nanschaffungskategorie: AV-Technik\nreference: invoice\numzug: zgeln\nankunftszustand: intakt\n','2014-12-19 22:45:16','2014-12-19 22:45:16'),(184,'3k0ew3xpswb2o4xmh6ot100','ff:de:1f:9a:7c:e7-f1:ac:de:db:0c:37-7d:17:f5:6e:98:87',187,89,171,3,NULL,NULL,'2010-09-24','2014-12-19',NULL,NULL,'345.00',0,0,1,0,1,1,NULL,NULL,NULL,NULL,NULL,'--- !ruby/hash:ActiveSupport::HashWithIndifferentAccess\nanschaffungskategorie: AV-Technik\nreference: invoice\numzug: zgeln\nankunftszustand: intakt\n','2014-12-19 22:45:16','2014-12-19 22:45:16'),(185,'y7qcg84rjfkqsmmbph0o101','66:7b:12:53:74:37-de:45:02:90:f0:95-16:51:b1:9f:31:b5',187,90,172,9,NULL,NULL,'2009-05-26','2014-12-19',NULL,NULL,'1468.00',0,0,1,0,1,1,NULL,NULL,NULL,NULL,NULL,'--- !ruby/hash:ActiveSupport::HashWithIndifferentAccess\nanschaffungskategorie: AV-Technik\nreference: invoice\numzug: zgeln\nankunftszustand: intakt\n','2014-12-19 22:45:16','2014-12-19 22:45:16'),(186,'e5f26pmrl4qhmbccf9mo102','a6:0f:ee:2f:12:4f-1a:8d:fd:b3:af:2b-2f:6e:8b:b0:fb:7f',187,91,173,3,NULL,NULL,'2013-06-26','2014-12-19',NULL,NULL,'1170.00',0,0,1,0,1,1,NULL,NULL,NULL,NULL,NULL,'--- !ruby/hash:ActiveSupport::HashWithIndifferentAccess\nanschaffungskategorie: AV-Technik\nreference: invoice\numzug: zgeln\nankunftszustand: intakt\n','2014-12-19 22:45:16','2014-12-19 22:45:16'),(187,'1cci02p4qu4dj3shze21103','1e:27:de:a7:66:a3-93:26:e3:ef:13:c0-ec:55:22:a6:0a:e0',191,92,174,1,NULL,NULL,'2009-08-20','2014-12-19',NULL,NULL,'834.00',0,0,1,0,1,1,NULL,NULL,NULL,NULL,NULL,'--- !ruby/hash:ActiveSupport::HashWithIndifferentAccess\nanschaffungskategorie: AV-Technik\nreference: invoice\numzug: zgeln\nankunftszustand: intakt\n','2014-12-19 22:45:16','2014-12-19 22:45:16'),(188,'r6nbgerjs6725inmfs5s104','b3:8c:a6:3c:73:2a-6a:aa:82:73:61:68-e3:79:c6:ea:ca:e7',192,93,175,8,NULL,NULL,'2009-10-18','2014-12-19',NULL,NULL,'660.00',0,0,1,0,1,1,NULL,NULL,NULL,NULL,NULL,'--- !ruby/hash:ActiveSupport::HashWithIndifferentAccess\nanschaffungskategorie: AV-Technik\nreference: invoice\numzug: zgeln\nankunftszustand: intakt\n','2014-12-19 22:45:16','2014-12-19 22:45:16'),(189,'qyiakiji5pth9kf08c28105','55:45:65:df:5a:ef-8d:ed:47:13:27:72-c7:34:65:3d:de:d4',193,94,176,7,NULL,NULL,'2010-06-16','2014-12-19',NULL,NULL,'1115.00',0,0,1,0,1,1,NULL,NULL,NULL,NULL,NULL,'--- !ruby/hash:ActiveSupport::HashWithIndifferentAccess\nanschaffungskategorie: AV-Technik\nreference: invoice\numzug: zgeln\nankunftszustand: intakt\n','2014-12-19 22:45:16','2014-12-19 22:45:16'),(190,'ez3x2h0hgzer6yyacqsq106','5d:e1:c6:6b:a6:7f-e7:f5:c0:d0:68:5b-15:59:0a:12:c4:34',194,95,177,8,NULL,NULL,'2012-07-08','2014-12-19',NULL,NULL,'1371.00',0,0,1,0,1,1,NULL,NULL,NULL,NULL,NULL,'--- !ruby/hash:ActiveSupport::HashWithIndifferentAccess\nanschaffungskategorie: AV-Technik\nreference: invoice\numzug: zgeln\nankunftszustand: intakt\n','2014-12-19 22:45:16','2014-12-19 22:45:16'),(191,'r123dzyouh3d5lsi5pkd107','8d:dd:45:50:be:a2-0a:8e:4f:c3:f6:a4-a8:61:bc:52:90:9c',194,96,178,9,NULL,NULL,'2009-09-24','2014-12-19',NULL,NULL,'1198.00',0,0,1,0,1,1,NULL,NULL,NULL,NULL,NULL,'--- !ruby/hash:ActiveSupport::HashWithIndifferentAccess\nanschaffungskategorie: AV-Technik\nreference: invoice\numzug: zgeln\nankunftszustand: intakt\n','2014-12-19 22:45:16','2014-12-19 22:45:16'),(192,'yseh60w9fgql93uj2cn1108','07:f4:82:64:9e:fb-90:a8:3f:81:af:55-30:91:25:09:51:39',194,97,179,5,NULL,NULL,'2010-02-18','2014-12-19',NULL,NULL,'629.00',0,0,1,0,1,1,NULL,NULL,NULL,NULL,NULL,'--- !ruby/hash:ActiveSupport::HashWithIndifferentAccess\nanschaffungskategorie: AV-Technik\nreference: invoice\numzug: zgeln\nankunftszustand: intakt\n','2014-12-19 22:45:16','2014-12-19 22:45:16'),(193,'hijo8naij1j3k5llfueq109','00:4b:83:5e:e0:9f-32:39:c9:12:8b:7f-36:fe:ae:ff:19:7e',198,98,180,7,NULL,NULL,'2013-04-28','2014-12-25',NULL,NULL,'614.00',0,0,1,0,1,1,NULL,NULL,NULL,NULL,NULL,'--- !ruby/hash:ActiveSupport::HashWithIndifferentAccess\nanschaffungskategorie: AV-Technik\nreference: invoice\numzug: zgeln\nankunftszustand: intakt\n','2014-12-25 05:56:25','2014-12-25 05:56:25'),(194,'cuar29gar5q4vvna2uxy110','a5:af:ca:96:8a:a5-c6:6f:09:71:f1:81-cc:d4:d1:78:c6:71',199,99,181,4,NULL,NULL,'2010-09-26','2014-12-25',NULL,NULL,'1147.00',0,0,1,0,1,1,NULL,NULL,NULL,NULL,NULL,'--- !ruby/hash:ActiveSupport::HashWithIndifferentAccess\nanschaffungskategorie: AV-Technik\nreference: invoice\numzug: zgeln\nankunftszustand: intakt\n','2014-12-25 05:56:25','2014-12-25 05:56:25'),(195,'sgub2hxmyyk32mygsbtb111','c1:d6:d8:2a:c4:d0-a7:6f:51:5a:f5:f8-0c:b5:52:ef:ac:64',200,100,182,11,NULL,NULL,'2011-01-03','2014-12-25',NULL,NULL,'608.00',0,0,1,0,1,1,NULL,NULL,NULL,NULL,NULL,'--- !ruby/hash:ActiveSupport::HashWithIndifferentAccess\nanschaffungskategorie: AV-Technik\nreference: invoice\numzug: zgeln\nankunftszustand: intakt\n','2014-12-25 05:56:25','2014-12-25 05:56:25'),(196,'7rzdg3obj6q91inhdylj112','02:2e:8e:56:cc:a0-f6:ec:10:87:f0:83-c1:27:8b:d6:d3:1f',201,101,183,11,NULL,NULL,'2013-12-01','2014-12-25',NULL,NULL,'358.00',0,0,1,0,1,1,NULL,NULL,NULL,NULL,NULL,'--- !ruby/hash:ActiveSupport::HashWithIndifferentAccess\nanschaffungskategorie: AV-Technik\nreference: invoice\numzug: zgeln\nankunftszustand: intakt\n','2014-12-25 05:56:25','2014-12-25 05:56:25'),(197,'y2fy30d2dk38dq6ckwi7113','38:48:a8:18:ea:bf-05:bf:d9:04:de:e6-32:5f:5d:ea:3d:92',202,102,184,6,NULL,NULL,'2012-06-18','2014-12-25',NULL,NULL,'383.00',0,0,1,0,1,1,NULL,NULL,NULL,NULL,NULL,'--- !ruby/hash:ActiveSupport::HashWithIndifferentAccess\nanschaffungskategorie: AV-Technik\nreference: invoice\numzug: zgeln\nankunftszustand: intakt\n','2014-12-25 05:56:25','2014-12-25 05:56:25'),(198,'khnf5nr8uvu99ivobj9a114','5e:58:b1:a4:51:77-77:25:de:15:2a:1c-f5:83:98:d7:74:14',203,103,185,4,NULL,NULL,'2009-07-04','2014-12-19',NULL,NULL,'1341.00',0,0,1,0,1,1,NULL,NULL,NULL,NULL,NULL,'--- !ruby/hash:ActiveSupport::HashWithIndifferentAccess\nanschaffungskategorie: AV-Technik\nreference: invoice\numzug: zgeln\nankunftszustand: intakt\n','2014-12-19 10:22:33','2014-12-19 10:22:33'),(199,'q1xxv8y2ej55z0ezwnyn115','7b:16:84:b8:90:4a-c7:9e:c0:b1:9b:6e-5c:10:18:ae:0b:68',204,104,186,7,NULL,NULL,'2011-12-23','2014-12-19',NULL,NULL,'1209.00',0,0,1,0,1,1,NULL,NULL,NULL,NULL,NULL,'--- !ruby/hash:ActiveSupport::HashWithIndifferentAccess\nanschaffungskategorie: AV-Technik\nreference: invoice\numzug: zgeln\nankunftszustand: intakt\n','2014-12-19 10:22:33','2014-12-19 10:22:33'),(200,'avrg41coztsw3s8fap87116','06:32:ed:fc:30:e8-4f:8d:7b:d2:f3:58-0f:11:f6:41:81:ac',205,105,187,10,NULL,NULL,'2011-01-28','2014-12-19',NULL,NULL,'220.00',0,0,1,0,1,1,NULL,NULL,NULL,NULL,NULL,'--- !ruby/hash:ActiveSupport::HashWithIndifferentAccess\nanschaffungskategorie: AV-Technik\nreference: invoice\numzug: zgeln\nankunftszustand: intakt\n','2014-12-19 10:22:33','2014-12-19 10:22:33'),(201,'8npnt1ds6yqx6r25d7wb117','9e:23:cf:af:42:90-49:ff:e6:54:23:0c-87:e9:a7:5f:7a:60',206,106,188,7,NULL,NULL,'2009-06-18','2014-12-19',NULL,NULL,'269.00',0,0,1,0,1,1,NULL,NULL,NULL,NULL,NULL,'--- !ruby/hash:ActiveSupport::HashWithIndifferentAccess\nanschaffungskategorie: AV-Technik\nreference: invoice\numzug: zgeln\nankunftszustand: intakt\n','2014-12-19 10:22:33','2014-12-19 10:22:33'),(202,'y76wbjszaeumwy9xp21h118','48:bb:a3:69:4d:77-d1:cd:6e:e3:9d:c2-2b:22:eb:3a:a4:42',206,107,189,7,NULL,NULL,'2010-12-20','2014-12-19',NULL,NULL,'1482.00',0,0,1,0,1,1,NULL,NULL,NULL,NULL,NULL,'--- !ruby/hash:ActiveSupport::HashWithIndifferentAccess\nanschaffungskategorie: AV-Technik\nreference: invoice\numzug: zgeln\nankunftszustand: intakt\n','2014-12-19 10:22:33','2014-12-19 10:22:33'),(203,'dpir4z99swntk8llthn2119','52:8f:ea:d0:52:d9-69:43:17:59:25:80-e5:33:7c:0b:97:0c',206,108,190,1,NULL,NULL,'2013-11-26','2014-12-19',NULL,NULL,'848.00',0,0,1,0,1,1,NULL,NULL,NULL,NULL,NULL,'--- !ruby/hash:ActiveSupport::HashWithIndifferentAccess\nanschaffungskategorie: AV-Technik\nreference: invoice\numzug: zgeln\nankunftszustand: intakt\n','2014-12-19 10:22:33','2014-12-19 10:22:33'),(204,'pjvtzbm7wzxbjthopo0e120','79:d2:ca:ff:3c:5f-4a:8a:75:46:4c:49-dc:cf:45:c4:6f:97',210,109,191,8,NULL,NULL,'2009-07-10','2014-12-25',NULL,NULL,'139.00',0,0,1,0,1,1,NULL,NULL,NULL,NULL,NULL,'--- !ruby/hash:ActiveSupport::HashWithIndifferentAccess\nanschaffungskategorie: AV-Technik\nreference: invoice\numzug: zgeln\nankunftszustand: intakt\n','2014-12-25 21:36:42','2014-12-25 21:36:42'),(205,'hu73zqi51f3qlz30dn3k121','95:ef:80:fb:42:e7-70:bf:34:19:f5:85-89:f8:ff:20:88:be',211,110,192,9,NULL,NULL,'2013-04-23','2014-12-25',NULL,NULL,'802.00',0,0,1,0,1,1,NULL,NULL,NULL,NULL,NULL,'--- !ruby/hash:ActiveSupport::HashWithIndifferentAccess\nanschaffungskategorie: AV-Technik\nreference: invoice\numzug: zgeln\nankunftszustand: intakt\n','2014-12-25 21:36:42','2014-12-25 21:36:42'),(206,'750phc18xunpzizcb63o122','be:d3:85:7e:58:a0-3a:b5:5a:fb:77:10-f0:d8:56:fb:0a:bd',212,111,193,6,NULL,NULL,'2009-10-28','2014-12-25',NULL,NULL,'470.00',0,0,1,0,1,1,NULL,NULL,NULL,NULL,NULL,'--- !ruby/hash:ActiveSupport::HashWithIndifferentAccess\nanschaffungskategorie: AV-Technik\nreference: invoice\numzug: zgeln\nankunftszustand: intakt\n','2014-12-25 21:36:42','2014-12-25 21:36:42'),(207,'rm7skm57fhclqv8zww5h123','e4:2f:5f:f3:72:1c-f8:79:4a:f7:90:bc-59:32:6b:cf:11:f5',213,112,194,3,NULL,NULL,'2012-03-29','2014-12-25',NULL,NULL,'867.00',0,0,1,0,1,1,NULL,NULL,NULL,NULL,NULL,'--- !ruby/hash:ActiveSupport::HashWithIndifferentAccess\nanschaffungskategorie: AV-Technik\nreference: invoice\numzug: zgeln\nankunftszustand: intakt\n','2014-12-25 21:36:42','2014-12-25 21:36:42'),(208,'e9y50qnedvk02y30xptm124','ca:79:41:8c:ac:70-64:5c:1d:1a:b9:37-8a:fb:90:02:a4:a9',214,113,195,5,NULL,NULL,'2013-12-28','2014-12-25',NULL,NULL,'307.00',0,0,1,0,1,1,NULL,NULL,NULL,NULL,NULL,'--- !ruby/hash:ActiveSupport::HashWithIndifferentAccess\nanschaffungskategorie: AV-Technik\nreference: invoice\numzug: zgeln\nankunftszustand: intakt\n','2014-12-25 21:36:42','2014-12-25 21:36:42'),(209,'fmv6k2aarbote1aruidq125','fc:52:fb:c7:97:59-9d:be:25:8c:80:11-f1:07:90:34:bf:38',215,114,196,7,NULL,NULL,'2013-05-02','2014-12-25',NULL,NULL,'364.00',0,0,1,0,1,1,NULL,NULL,NULL,NULL,NULL,'--- !ruby/hash:ActiveSupport::HashWithIndifferentAccess\nanschaffungskategorie: AV-Technik\nreference: invoice\numzug: zgeln\nankunftszustand: intakt\n','2014-12-25 21:36:42','2014-12-25 21:36:42'),(210,'rt271u9qftawwaf8sn9v126','b8:10:27:54:84:cb-8f:20:2e:cf:af:4a-cd:c7:92:2c:18:0d',215,115,197,9,NULL,NULL,'2009-07-23','2014-12-25',NULL,NULL,'999.00',0,0,1,0,1,1,NULL,NULL,NULL,NULL,NULL,'--- !ruby/hash:ActiveSupport::HashWithIndifferentAccess\nanschaffungskategorie: AV-Technik\nreference: invoice\numzug: zgeln\nankunftszustand: intakt\n','2014-12-25 21:36:42','2014-12-25 21:36:42'),(211,'wyywxaft7c45sixygg99127','2e:ad:07:a2:8d:76-8c:40:47:e8:8a:a7-a1:f6:14:aa:f0:4a',215,116,198,7,NULL,NULL,'2012-07-15','2014-12-25',NULL,NULL,'953.00',0,0,1,0,1,1,NULL,NULL,NULL,NULL,NULL,'--- !ruby/hash:ActiveSupport::HashWithIndifferentAccess\nanschaffungskategorie: AV-Technik\nreference: invoice\numzug: zgeln\nankunftszustand: intakt\n','2014-12-25 21:36:42','2014-12-25 21:36:42'),(212,'yq7777n479karkn3xl3i128','d8:89:ef:8f:6f:5b-f0:c8:44:99:16:7d-72:39:62:c8:26:3f',219,117,199,7,NULL,NULL,'2012-05-11','2014-12-25',NULL,NULL,'107.00',0,0,1,0,1,1,NULL,NULL,NULL,NULL,NULL,'--- !ruby/hash:ActiveSupport::HashWithIndifferentAccess\nanschaffungskategorie: AV-Technik\nreference: invoice\numzug: zgeln\nankunftszustand: intakt\n','2014-12-25 21:36:42','2014-12-25 21:36:42'),(213,'7gg9oeduy9m4x95aefyp129','ff:e2:7e:9b:8b:9a-68:a8:3e:a6:9c:39-2b:90:7c:b8:da:f3',220,118,200,1,NULL,NULL,'2010-11-02','2014-12-25',NULL,NULL,'236.00',0,0,1,0,1,1,NULL,NULL,NULL,NULL,NULL,'--- !ruby/hash:ActiveSupport::HashWithIndifferentAccess\nanschaffungskategorie: AV-Technik\nreference: invoice\numzug: zgeln\nankunftszustand: intakt\n','2014-12-25 21:36:42','2014-12-25 21:36:42'),(214,'sg0v4x8jr29esho47r47130','93:c2:ad:30:ed:3e-a1:cf:ef:57:04:aa-e6:9f:3d:55:db:13',221,119,201,9,NULL,NULL,'2011-11-28','2014-12-25',NULL,NULL,'658.00',0,0,1,0,1,1,NULL,NULL,NULL,NULL,NULL,'--- !ruby/hash:ActiveSupport::HashWithIndifferentAccess\nanschaffungskategorie: AV-Technik\nreference: invoice\numzug: zgeln\nankunftszustand: intakt\n','2014-12-25 21:36:42','2014-12-25 21:36:42'),(215,'o0lq9x1ou46z6l4z0ez3131','95:32:95:ec:d6:7f-e4:0c:47:2b:89:c6-6c:0e:50:4c:17:a4',222,120,202,7,NULL,NULL,'2013-01-27','2014-12-25',NULL,NULL,'997.00',0,0,1,0,1,1,NULL,NULL,NULL,NULL,NULL,'--- !ruby/hash:ActiveSupport::HashWithIndifferentAccess\nanschaffungskategorie: AV-Technik\nreference: invoice\numzug: zgeln\nankunftszustand: intakt\n','2014-12-25 21:36:42','2014-12-25 21:36:42'),(216,'02fpjvnkce6b2wv1if5t132','67:bb:0e:3f:2e:9f-6f:0c:94:ef:1c:e7-23:51:50:cf:29:d8',223,121,203,5,NULL,NULL,'2010-06-02','2014-12-25',NULL,NULL,'270.00',0,0,1,0,1,1,NULL,NULL,NULL,NULL,NULL,'--- !ruby/hash:ActiveSupport::HashWithIndifferentAccess\nanschaffungskategorie: AV-Technik\nreference: invoice\numzug: zgeln\nankunftszustand: intakt\n','2014-12-25 21:36:42','2014-12-25 21:36:42'),(217,'s4lxotkkfiyzn9uwu2rm133','69:45:d8:dd:6a:55-ca:e1:20:4f:28:c6-82:05:11:2f:eb:f2',224,122,204,10,NULL,NULL,'2010-09-24','2014-12-25',NULL,NULL,'722.00',0,0,1,0,1,1,NULL,NULL,NULL,NULL,NULL,'--- !ruby/hash:ActiveSupport::HashWithIndifferentAccess\nanschaffungskategorie: AV-Technik\nreference: invoice\numzug: zgeln\nankunftszustand: intakt\n','2014-12-25 21:36:42','2014-12-25 21:36:42'),(218,'k4y5xuhz8gatpf93337j134','12:e8:26:f2:f6:c1-26:16:9e:da:24:c4-82:93:ce:41:ff:5c',225,123,205,10,NULL,NULL,'2010-09-23','2014-12-25',NULL,NULL,'217.00',0,0,1,0,1,1,NULL,NULL,NULL,NULL,NULL,'--- !ruby/hash:ActiveSupport::HashWithIndifferentAccess\nanschaffungskategorie: AV-Technik\nreference: invoice\numzug: zgeln\nankunftszustand: intakt\n','2014-12-25 21:36:42','2014-12-25 21:36:42'),(219,'1h3ugnuiroi8e74rrsmp135','5f:07:43:2c:1c:21-8a:99:88:22:30:7e-c4:e5:f6:04:e6:db',226,124,206,1,NULL,NULL,'2013-04-23','2014-12-25',NULL,NULL,'313.00',0,0,1,0,1,1,NULL,NULL,NULL,NULL,NULL,'--- !ruby/hash:ActiveSupport::HashWithIndifferentAccess\nanschaffungskategorie: AV-Technik\nreference: invoice\numzug: zgeln\nankunftszustand: intakt\n','2014-12-25 21:36:42','2014-12-25 21:36:42'),(220,'s6doq0a6sa7im51mmacl136','a0:93:21:5e:d7:cf-83:38:0f:6a:f7:8d-70:1e:7d:b4:8f:6b',227,125,207,7,NULL,NULL,'2009-12-02','2014-12-25',NULL,NULL,'1376.00',0,0,1,0,1,1,NULL,NULL,NULL,NULL,NULL,'--- !ruby/hash:ActiveSupport::HashWithIndifferentAccess\nanschaffungskategorie: AV-Technik\nreference: invoice\numzug: zgeln\nankunftszustand: intakt\n','2014-12-25 21:36:42','2014-12-25 21:36:42'),(221,'lt7fhon04rw2ni1fwmc0137','7d:9e:63:fd:07:da-23:d4:83:0f:7a:d8-e0:3f:d4:c2:46:c8',228,126,208,7,NULL,NULL,'2013-04-28','2014-12-25',NULL,NULL,'1147.00',0,0,1,0,1,1,NULL,NULL,NULL,NULL,NULL,'--- !ruby/hash:ActiveSupport::HashWithIndifferentAccess\nanschaffungskategorie: AV-Technik\nreference: invoice\numzug: zgeln\nankunftszustand: intakt\n','2014-12-25 21:36:42','2014-12-25 21:36:42'),(222,'00gzd4as4lvqtj9rlxft138','27:6f:1b:94:8a:5f-e0:c8:ac:46:a2:40-ee:61:c3:7d:c0:ee',229,127,209,3,NULL,NULL,'2010-04-21','2014-12-25',NULL,NULL,'124.00',0,0,1,0,1,1,NULL,NULL,NULL,NULL,NULL,'--- !ruby/hash:ActiveSupport::HashWithIndifferentAccess\nanschaffungskategorie: AV-Technik\nreference: invoice\numzug: zgeln\nankunftszustand: intakt\n','2014-12-25 21:36:42','2014-12-25 21:36:42'),(223,'ja3rrmq5sz9ivbk55cea139','60:39:d1:b9:af:85-3c:6a:ad:5c:ac:a8-2a:0d:88:d6:9c:24',230,128,210,3,NULL,NULL,'2012-05-12','2014-12-25',NULL,NULL,'70.00',0,0,1,0,1,1,NULL,NULL,NULL,NULL,NULL,'--- !ruby/hash:ActiveSupport::HashWithIndifferentAccess\nanschaffungskategorie: AV-Technik\nreference: invoice\numzug: zgeln\nankunftszustand: intakt\n','2014-12-25 21:36:42','2014-12-25 21:36:42'),(224,'v3b7yv0av701wkwu8f3f140','d5:0d:9a:28:e7:d7-a6:e9:da:ee:00:9f-76:d3:62:74:bd:69',231,129,211,5,NULL,NULL,'2011-05-14','2014-12-25',NULL,NULL,'1435.00',0,0,1,0,1,1,NULL,NULL,NULL,NULL,NULL,'--- !ruby/hash:ActiveSupport::HashWithIndifferentAccess\nanschaffungskategorie: AV-Technik\nreference: invoice\numzug: zgeln\nankunftszustand: intakt\n','2014-12-25 21:36:42','2014-12-25 21:36:42'),(225,'nmwrt2a8ya3ujny5m9bb141','31:91:38:79:c2:fb-28:2a:cd:56:f0:10-cf:06:62:89:c5:80',232,130,212,2,NULL,NULL,'2011-11-10','2014-12-25',NULL,NULL,'951.00',0,0,1,0,1,1,NULL,NULL,NULL,NULL,NULL,'--- !ruby/hash:ActiveSupport::HashWithIndifferentAccess\nanschaffungskategorie: AV-Technik\nreference: invoice\numzug: zgeln\nankunftszustand: intakt\n','2014-12-25 21:36:42','2014-12-25 21:36:42'),(226,'qgms5j7a3hz3akirkxai142','3e:f4:6a:6c:91:fe-a6:ee:4d:3c:0d:9a-2b:88:88:3b:74:78',233,131,213,1,NULL,NULL,'2009-11-06','2014-12-25',NULL,NULL,'39.00',0,0,1,0,1,1,NULL,NULL,NULL,NULL,NULL,'--- !ruby/hash:ActiveSupport::HashWithIndifferentAccess\nanschaffungskategorie: AV-Technik\nreference: invoice\numzug: zgeln\nankunftszustand: intakt\n','2014-12-25 21:36:42','2014-12-25 21:36:42'),(227,'omc4xb41c1njjmcmsvsq143','b7:bb:99:45:21:42-e7:e2:89:80:ec:ea-56:e5:5f:12:14:25',234,NULL,NULL,1,NULL,NULL,NULL,NULL,NULL,NULL,NULL,0,0,1,0,1,0,NULL,NULL,NULL,NULL,NULL,'--- !ruby/hash:ActiveSupport::HashWithIndifferentAccess\nlicense_type: single_workplace\nactivation_type: serial_number\noperating_system:\n- windows\n- linux\ninstallation:\n- citrix\n- web\nprocured_by: Modesta King\nreference: invoice\nmaintenance_contract: \'false\'\n','2014-12-25 21:36:42','2014-12-25 21:36:42'),(228,'aks15dwjewvc4jl2dwaq144','00:43:a0:ed:70:b3-d4:55:2f:91:51:8c-cd:3f:2b:ca:df:82',235,132,214,1,NULL,NULL,'2010-12-16','2014-12-20',NULL,NULL,'812.00',0,0,1,0,2,1,NULL,NULL,NULL,NULL,NULL,'--- !ruby/hash:ActiveSupport::HashWithIndifferentAccess\nanschaffungskategorie: AV-Technik\nreference: invoice\numzug: zgeln\nankunftszustand: intakt\n','2014-12-20 00:00:00','2014-12-20 00:00:00'),(229,'9f1mr0zos25xmy5duulj145','1c:c9:bd:fc:c3:45-46:3c:1c:36:4f:c5-a0:c8:d5:d1:bf:3d',235,133,215,4,NULL,NULL,'2010-08-08','2014-12-20',NULL,NULL,'1384.00',0,0,1,0,2,1,NULL,NULL,NULL,NULL,NULL,'--- !ruby/hash:ActiveSupport::HashWithIndifferentAccess\nanschaffungskategorie: AV-Technik\nreference: invoice\numzug: zgeln\nankunftszustand: intakt\n','2014-12-20 00:00:00','2014-12-20 00:00:00'),(230,'pe6zpb1si41p3e920x9k146','9b:01:7d:60:66:79-86:39:1e:cf:70:4b-f3:d9:19:25:be:42',235,134,216,11,NULL,NULL,'2010-04-18','2014-12-20',NULL,NULL,'985.00',0,0,1,0,2,1,NULL,NULL,NULL,NULL,NULL,'--- !ruby/hash:ActiveSupport::HashWithIndifferentAccess\nanschaffungskategorie: AV-Technik\nreference: invoice\numzug: zgeln\nankunftszustand: intakt\n','2014-12-20 00:00:00','2014-12-20 00:00:00'),(231,'3dxpaed2vks3pl6hn43p147','59:47:1a:d5:b6:da-d5:63:f6:4e:83:8a-3e:1c:40:af:3f:4d',239,135,217,1,NULL,NULL,'2013-07-04','2014-12-25','2014-12-25','Sunt et voluptatem eos.','507.00',0,0,1,0,1,1,NULL,NULL,NULL,NULL,NULL,'--- !ruby/hash:ActiveSupport::HashWithIndifferentAccess\nanschaffungskategorie: AV-Technik\nreference: invoice\numzug: zgeln\nankunftszustand: intakt\n','2014-12-25 21:36:42','2014-12-25 21:36:42'),(232,'g57pgo0ks2g4ck2vmijg148','f1:81:55:d4:0f:0d-27:c3:bc:d0:a8:a7-f7:e0:6b:a7:7e:19',240,136,218,2,NULL,NULL,'2011-03-13','2014-12-25',NULL,NULL,'1251.00',0,0,1,0,2,1,NULL,NULL,NULL,NULL,NULL,'--- !ruby/hash:ActiveSupport::HashWithIndifferentAccess\nanschaffungskategorie: AV-Technik\nreference: invoice\numzug: zgeln\nankunftszustand: intakt\n','2014-12-25 21:36:42','2014-12-25 21:36:42'),(233,'uxxnqi5o0suuxv0jdffe149','cf:bb:36:d6:ef:31-77:c1:50:a1:1f:40-f3:5e:06:2c:47:44',241,137,219,6,NULL,NULL,'2010-05-08','2014-12-25',NULL,NULL,'1154.00',0,0,1,0,12,1,NULL,NULL,NULL,NULL,NULL,'--- !ruby/hash:ActiveSupport::HashWithIndifferentAccess\nanschaffungskategorie: AV-Technik\nreference: invoice\numzug: zgeln\nankunftszustand: intakt\n','2014-12-25 21:36:42','2014-12-25 21:36:42'),(234,'9wra9ky2r07l1opqdahd150','4f:47:97:7d:dc:a2-65:f5:b7:0e:ea:34-52:5e:0b:b3:93:cd',242,138,220,2,NULL,NULL,'2012-06-24','2014-12-25',NULL,NULL,'929.00',0,0,1,0,13,1,NULL,NULL,NULL,NULL,NULL,'--- !ruby/hash:ActiveSupport::HashWithIndifferentAccess\nanschaffungskategorie: AV-Technik\nreference: invoice\numzug: zgeln\nankunftszustand: intakt\n','2014-12-25 21:36:42','2014-12-25 21:36:42'),(235,'903cu5l3oeo14u28z494151','5c:7e:28:d3:ea:a7-db:eb:6f:08:94:99-f9:8c:e5:dd:85:14',243,139,221,10,NULL,NULL,'2009-10-31','2014-12-25',NULL,NULL,'188.00',0,0,1,0,14,1,NULL,NULL,NULL,NULL,NULL,'--- !ruby/hash:ActiveSupport::HashWithIndifferentAccess\nanschaffungskategorie: AV-Technik\nreference: invoice\numzug: zgeln\nankunftszustand: intakt\n','2014-12-25 21:36:42','2014-12-25 21:36:42'),(236,'ezws9beiskv2lgu5f37a152','60:11:68:45:ff:15-4a:fa:80:c5:4d:87-66:33:93:b8:d2:7b',244,140,222,7,NULL,NULL,'2011-11-27','2014-12-25',NULL,NULL,'1256.00',0,0,1,0,1,1,NULL,NULL,NULL,NULL,NULL,'--- !ruby/hash:ActiveSupport::HashWithIndifferentAccess\nanschaffungskategorie: AV-Technik\nreference: invoice\numzug: zgeln\nankunftszustand: intakt\n','2014-12-25 21:36:42','2014-12-25 21:36:42'),(237,'j8lqmuy7mald5oxo4tnt153','48:05:31:d3:c6:7f-89:ba:60:59:2c:4b-a2:08:ef:8d:17:2a',245,141,223,1,NULL,NULL,'2013-11-23','2014-12-25',NULL,NULL,'539.00',0,0,1,0,1,1,NULL,NULL,NULL,NULL,NULL,'--- !ruby/hash:ActiveSupport::HashWithIndifferentAccess\nanschaffungskategorie: AV-Technik\nreference: invoice\numzug: zgeln\nankunftszustand: intakt\n','2014-12-25 21:36:42','2014-12-25 21:36:42'),(238,'ecuh4ui2tm6hb45qieda154','a1:bc:12:18:b8:f7-b6:77:c3:17:87:59-01:01:bd:66:8d:3c',246,142,224,9,NULL,NULL,'2009-06-12','2014-12-25',NULL,NULL,'1241.00',0,0,1,0,1,1,NULL,NULL,NULL,NULL,NULL,'--- !ruby/hash:ActiveSupport::HashWithIndifferentAccess\nanschaffungskategorie: AV-Technik\nreference: invoice\numzug: zgeln\nankunftszustand: intakt\n','2014-12-25 21:36:42','2014-12-25 21:36:42'),(239,'9w1cwwzq26qga3zu0br2155','c4:40:9b:36:4f:a9-b9:e1:de:f9:66:8e-14:5f:fa:a1:86:a0',247,143,225,1,NULL,NULL,'2009-04-14','2014-12-25',NULL,NULL,'89.00',0,0,1,0,1,1,NULL,NULL,NULL,NULL,NULL,'--- !ruby/hash:ActiveSupport::HashWithIndifferentAccess\nanschaffungskategorie: AV-Technik\nreference: invoice\numzug: zgeln\nankunftszustand: intakt\n','2014-12-25 21:36:42','2014-12-25 21:36:42'),(240,'u6fexwefaxw62gjbe4yi156','d6:d6:2e:0a:a9:b5-83:f8:49:bf:7d:ec-b0:96:49:a7:40:91',248,144,226,8,NULL,NULL,'2011-07-01','2014-12-25',NULL,NULL,'982.00',0,0,1,0,1,1,NULL,NULL,NULL,NULL,NULL,'--- !ruby/hash:ActiveSupport::HashWithIndifferentAccess\nanschaffungskategorie: AV-Technik\nreference: invoice\numzug: zgeln\nankunftszustand: intakt\n','2014-12-25 21:36:42','2014-12-25 21:36:42'),(241,'y60mdzb2b8otxsxw2z88157','39:3e:64:08:b5:e5-8f:c4:73:1d:7c:8d-2e:fc:f1:12:27:fa',249,145,227,9,NULL,NULL,'2011-06-04','2014-12-25',NULL,NULL,'471.00',0,0,1,0,1,1,NULL,NULL,NULL,NULL,NULL,'--- !ruby/hash:ActiveSupport::HashWithIndifferentAccess\nanschaffungskategorie: AV-Technik\nreference: invoice\numzug: zgeln\nankunftszustand: intakt\n','2014-12-25 21:36:42','2014-12-25 21:36:42'),(242,'pk1xh9yei256ngpvberl158','99:3d:8d:e3:68:68-6d:aa:dc:4e:65:de-86:9f:78:64:32:b5',250,146,228,9,NULL,NULL,'2012-08-23','2014-12-25',NULL,NULL,'400.00',0,0,1,0,1,1,NULL,NULL,NULL,NULL,NULL,'--- !ruby/hash:ActiveSupport::HashWithIndifferentAccess\nanschaffungskategorie: AV-Technik\nreference: invoice\numzug: zgeln\nankunftszustand: intakt\n','2014-12-25 21:36:42','2014-12-25 21:36:42'),(243,'x2hmakf4lab92lwioa4k159','ca:4c:c3:3c:7e:c1-56:eb:2d:18:ad:5d-d4:53:25:41:2e:8d',251,147,229,11,NULL,NULL,'2011-01-03','2014-12-25',NULL,NULL,'877.00',0,0,1,0,1,1,NULL,NULL,NULL,NULL,NULL,'--- !ruby/hash:ActiveSupport::HashWithIndifferentAccess\nanschaffungskategorie: AV-Technik\nreference: invoice\numzug: zgeln\nankunftszustand: intakt\n','2014-12-25 21:36:42','2014-12-25 21:36:42'),(244,'racy3bsmyc0ahf03ptq2160','0a:14:8b:9b:a3:92-f3:af:47:86:76:07-16:78:d9:b8:66:90',252,148,230,3,NULL,NULL,'2009-07-19','2014-12-25',NULL,NULL,'659.00',0,0,1,0,1,1,NULL,NULL,NULL,NULL,NULL,'--- !ruby/hash:ActiveSupport::HashWithIndifferentAccess\nanschaffungskategorie: AV-Technik\nreference: invoice\numzug: zgeln\nankunftszustand: intakt\n','2014-12-25 21:36:42','2014-12-25 21:36:42'),(245,'bz0yqz8ylodwvkz1rhbo161','a0:ba:fd:03:6a:3e-87:bf:23:fc:72:dd-1f:82:db:6d:03:2f',253,149,231,1,NULL,NULL,'2012-05-26','2014-12-25',NULL,NULL,'554.00',0,0,1,0,1,1,NULL,NULL,NULL,NULL,NULL,'--- !ruby/hash:ActiveSupport::HashWithIndifferentAccess\nanschaffungskategorie: AV-Technik\nreference: invoice\numzug: zgeln\nankunftszustand: intakt\n','2014-12-25 21:36:42','2014-12-25 21:36:42'),(246,'1mra5derjv1vw9fxybh1162','a5:1c:65:66:0a:70-11:54:4f:c2:a6:5e-d2:0f:f6:f2:1f:01',254,150,232,7,NULL,NULL,'2011-01-26','2014-12-25',NULL,NULL,'596.00',0,0,1,0,1,1,NULL,NULL,NULL,NULL,NULL,'--- !ruby/hash:ActiveSupport::HashWithIndifferentAccess\nanschaffungskategorie: AV-Technik\nreference: invoice\numzug: zgeln\nankunftszustand: intakt\n','2014-12-25 21:36:42','2014-12-25 21:36:42'),(247,'nnyety97dhj5v90v127g163','ac:c5:bf:66:cd:53-22:fb:9a:b8:41:e4-1f:25:5e:28:ad:f5',255,151,233,2,NULL,NULL,'2012-03-16','2014-12-20',NULL,NULL,'558.00',0,0,1,0,1,1,NULL,NULL,NULL,NULL,NULL,'--- !ruby/hash:ActiveSupport::HashWithIndifferentAccess\nanschaffungskategorie: AV-Technik\nreference: invoice\numzug: zgeln\nankunftszustand: intakt\n','2014-12-20 00:00:00','2014-12-20 00:00:00'),(248,'l9lw64l31dbcxkienyox164','2e:f1:a6:98:18:05-6c:cf:1a:a0:68:15-4b:21:f0:22:91:18',256,152,234,1,NULL,NULL,'2010-05-16','2014-12-20',NULL,NULL,'913.00',0,0,1,0,1,1,NULL,NULL,NULL,NULL,NULL,'--- !ruby/hash:ActiveSupport::HashWithIndifferentAccess\nanschaffungskategorie: AV-Technik\nreference: invoice\numzug: zgeln\nankunftszustand: intakt\n','2014-12-20 00:00:00','2014-12-20 00:00:00'),(249,'9e8xogc06krcmx4w8k60165','cb:b1:3c:bf:bd:85-c8:9a:31:8a:80:23-ed:58:c2:c1:e7:81',257,153,235,4,NULL,NULL,'2010-01-27','2014-12-20',NULL,NULL,'612.00',0,0,1,0,1,1,NULL,NULL,NULL,NULL,NULL,'--- !ruby/hash:ActiveSupport::HashWithIndifferentAccess\nanschaffungskategorie: AV-Technik\nreference: invoice\numzug: zgeln\nankunftszustand: intakt\n','2014-12-20 00:00:00','2014-12-20 00:00:00'),(250,'t1nfkpnd8a5zcd0ce5s3166','1d:94:a1:cb:50:a1-0e:43:6f:b7:7b:df-c6:6f:c0:68:ae:cf',258,154,236,4,NULL,NULL,'2010-07-02','2014-12-20',NULL,NULL,'244.00',0,0,1,0,1,1,NULL,NULL,NULL,NULL,NULL,'--- !ruby/hash:ActiveSupport::HashWithIndifferentAccess\nanschaffungskategorie: AV-Technik\nreference: invoice\numzug: zgeln\nankunftszustand: intakt\n','2014-12-20 00:00:00','2014-12-20 00:00:00'),(251,'9yckl30ny29octpufd6n167','4b:bf:58:53:40:c6-d3:65:1d:5f:26:12-50:f4:94:a0:35:19',259,155,237,10,NULL,NULL,'2013-03-29','2014-12-25',NULL,NULL,'628.00',0,0,1,0,3,1,NULL,NULL,NULL,NULL,NULL,'--- !ruby/hash:ActiveSupport::HashWithIndifferentAccess\nanschaffungskategorie: AV-Technik\nreference: invoice\numzug: zgeln\nankunftszustand: intakt\n','2014-12-25 21:36:42','2014-12-25 21:36:42'),(252,'tz7mmbqykkfzg9xxhb93168','30:b5:3d:93:3d:bf-84:b8:e7:2f:9c:93-7f:0a:d2:7b:2a:42',259,156,238,11,NULL,NULL,'2011-02-18','2014-12-25',NULL,NULL,'1278.00',0,0,1,0,3,1,NULL,NULL,NULL,NULL,NULL,'--- !ruby/hash:ActiveSupport::HashWithIndifferentAccess\nanschaffungskategorie: AV-Technik\nreference: invoice\numzug: zgeln\nankunftszustand: intakt\n','2014-12-25 21:36:42','2014-12-25 21:36:42'),(253,'1o18ulmpo8nf1dzzug6c169','82:e2:d8:45:b0:51-1c:2e:e5:3c:1b:7c-48:3d:4c:1b:97:13',259,157,239,5,NULL,NULL,'2013-05-22','2014-12-25',NULL,NULL,'1045.00',0,0,1,0,3,1,NULL,NULL,NULL,NULL,NULL,'--- !ruby/hash:ActiveSupport::HashWithIndifferentAccess\nanschaffungskategorie: AV-Technik\nreference: invoice\numzug: zgeln\nankunftszustand: intakt\n','2014-12-25 21:36:42','2014-12-25 21:36:42'),(254,'ht3wqx60lukdmrw3rlhd170','cd:a5:26:dd:59:2d-80:21:ab:6d:ea:47-18:73:ae:b9:02:12',263,158,240,1,NULL,NULL,'2009-04-11','2014-12-25',NULL,NULL,'199.00',0,0,1,0,3,1,NULL,NULL,NULL,NULL,NULL,'--- !ruby/hash:ActiveSupport::HashWithIndifferentAccess\nanschaffungskategorie: AV-Technik\nreference: invoice\numzug: zgeln\nankunftszustand: intakt\n','2014-12-25 21:36:42','2014-12-25 21:36:42'),(255,'bhk4jrft8pw7xd2isdzh171','65:8d:a6:57:70:07-74:96:68:70:8c:f7-13:4f:0b:66:1a:d4',263,159,241,2,NULL,NULL,'2013-03-02','2014-12-25',NULL,NULL,'1371.00',0,0,1,0,3,1,NULL,NULL,NULL,NULL,NULL,'--- !ruby/hash:ActiveSupport::HashWithIndifferentAccess\nanschaffungskategorie: AV-Technik\nreference: invoice\numzug: zgeln\nankunftszustand: intakt\n','2014-12-25 21:36:42','2014-12-25 21:36:42'),(256,'85dy2824oazzbk26uy50172','e4:72:10:ff:1f:ce-39:c2:cb:a9:f0:0e-99:8d:7b:ff:94:52',263,160,242,5,NULL,NULL,'2010-05-21','2014-12-25',NULL,NULL,'608.00',0,0,1,0,3,1,NULL,NULL,NULL,NULL,NULL,'--- !ruby/hash:ActiveSupport::HashWithIndifferentAccess\nanschaffungskategorie: AV-Technik\nreference: invoice\numzug: zgeln\nankunftszustand: intakt\n','2014-12-25 21:36:42','2014-12-25 21:36:42'),(257,'6766w5sm2y1q01ggszaw173','18:45:d8:f5:f5:f3-fd:31:c6:88:64:07-d8:ba:e2:ec:63:d7',267,161,243,7,NULL,NULL,'2011-07-03','2014-12-25',NULL,NULL,'361.00',0,0,1,0,3,1,NULL,NULL,NULL,NULL,NULL,'--- !ruby/hash:ActiveSupport::HashWithIndifferentAccess\nanschaffungskategorie: AV-Technik\nreference: invoice\numzug: zgeln\nankunftszustand: intakt\n','2014-12-25 21:36:42','2014-12-25 21:36:42'),(258,'baanbggxj88us1s1nhr2174','e1:b1:89:ed:54:39-22:d1:b6:2c:a1:2c-9f:54:f3:8d:89:9c',267,162,244,2,NULL,NULL,'2012-03-26','2014-12-25',NULL,NULL,'145.00',0,0,1,0,3,1,NULL,NULL,NULL,NULL,NULL,'--- !ruby/hash:ActiveSupport::HashWithIndifferentAccess\nanschaffungskategorie: AV-Technik\nreference: invoice\numzug: zgeln\nankunftszustand: intakt\n','2014-12-25 21:36:42','2014-12-25 21:36:42'),(259,'b9euokys12sw7o27gjd0175','dc:f4:63:0d:af:17-55:0f:b0:ba:45:c2-8c:f8:47:a0:55:78',267,163,245,13,NULL,NULL,'2011-12-29','2014-12-25',NULL,NULL,'1345.00',0,0,1,0,3,1,NULL,NULL,NULL,NULL,NULL,'--- !ruby/hash:ActiveSupport::HashWithIndifferentAccess\nanschaffungskategorie: AV-Technik\nreference: invoice\numzug: zgeln\nankunftszustand: intakt\n','2014-12-25 21:36:42','2014-12-25 21:36:42'),(260,'fk1hcramcvd1xerj13ps176','e3:8b:89:31:06:89-c0:0c:0a:71:10:12-9c:ea:44:20:dc:9b',271,164,246,14,NULL,NULL,'2010-02-19','2014-12-25',NULL,NULL,'607.00',0,0,1,0,3,1,NULL,NULL,NULL,NULL,NULL,'--- !ruby/hash:ActiveSupport::HashWithIndifferentAccess\nanschaffungskategorie: AV-Technik\nreference: invoice\numzug: zgeln\nankunftszustand: intakt\n','2014-12-25 21:36:42','2014-12-25 21:36:42'),(261,'6jmpyld2tdi10rb0pmgx177','da:5d:f1:cb:a9:0b-c3:8e:dc:30:0f:53-e6:19:49:b9:9e:66',271,165,247,9,NULL,NULL,'2012-01-22','2014-12-25',NULL,NULL,'850.00',0,0,1,0,3,1,NULL,NULL,NULL,NULL,NULL,'--- !ruby/hash:ActiveSupport::HashWithIndifferentAccess\nanschaffungskategorie: AV-Technik\nreference: invoice\numzug: zgeln\nankunftszustand: intakt\n','2014-12-25 21:36:42','2014-12-25 21:36:42'),(262,'51wrfofaocq539n6t8nf178','41:98:1d:eb:cd:e0-59:f1:f4:b1:83:8d-be:3d:86:d0:0d:3f',271,166,248,11,NULL,NULL,'2012-05-11','2014-12-25',NULL,NULL,'666.00',0,0,1,0,3,1,NULL,NULL,NULL,NULL,NULL,'--- !ruby/hash:ActiveSupport::HashWithIndifferentAccess\nanschaffungskategorie: AV-Technik\nreference: invoice\numzug: zgeln\nankunftszustand: intakt\n','2014-12-25 21:36:42','2014-12-25 21:36:42'),(263,'l08xn70ex7q00cnrkfj6179','bb:2c:78:67:ca:70-6e:33:dc:7f:a7:fb-14:94:52:cc:8f:29',275,167,249,7,NULL,NULL,'2011-01-15','2014-12-25',NULL,NULL,'484.00',0,0,1,0,1,1,NULL,NULL,NULL,NULL,NULL,'--- !ruby/hash:ActiveSupport::HashWithIndifferentAccess\nanschaffungskategorie: AV-Technik\nreference: invoice\numzug: zgeln\nankunftszustand: intakt\n','2014-12-25 21:36:42','2014-12-25 21:36:42'),(264,'wu8qwhaf1ldko1i7b916180','6b:dd:31:ac:66:c1-71:ea:52:8f:b3:7e-1b:ab:29:a3:b6:a6',275,168,250,2,NULL,NULL,'2010-08-29','2014-12-25',NULL,NULL,'1240.00',0,0,1,0,1,1,NULL,NULL,NULL,NULL,NULL,'--- !ruby/hash:ActiveSupport::HashWithIndifferentAccess\nanschaffungskategorie: AV-Technik\nreference: invoice\numzug: zgeln\nankunftszustand: intakt\n','2014-12-25 21:36:42','2014-12-25 21:36:42'),(265,'y738a13bdpboazyj81aj181','37:0c:8c:23:d8:f3-12:8e:ac:70:7e:93-52:dc:8b:a8:f9:e7',275,169,251,12,NULL,NULL,'2010-02-15','2014-12-25',NULL,NULL,'1208.00',0,0,1,0,1,1,NULL,NULL,NULL,NULL,NULL,'--- !ruby/hash:ActiveSupport::HashWithIndifferentAccess\nanschaffungskategorie: AV-Technik\nreference: invoice\numzug: zgeln\nankunftszustand: intakt\n','2014-12-25 21:36:42','2014-12-25 21:36:42'),(266,'y9bih0wrg645ljwn256o182','30:4a:69:3a:97:3d-f4:99:cc:e9:46:a1-bc:80:18:da:f3:ef',279,170,252,7,NULL,NULL,'2012-07-17','2014-12-25',NULL,NULL,'853.00',0,0,1,0,1,1,NULL,NULL,NULL,NULL,NULL,'--- !ruby/hash:ActiveSupport::HashWithIndifferentAccess\nanschaffungskategorie: AV-Technik\nreference: invoice\numzug: zgeln\nankunftszustand: intakt\n','2014-12-25 21:36:42','2014-12-25 21:36:42'),(267,'cj5tsfvk1y9d3czod6yi183','a7:1b:62:24:5a:d4-94:63:e7:e5:47:01-f0:97:de:97:c6:87',279,171,253,14,NULL,NULL,'2011-11-21','2014-12-25',NULL,NULL,'831.00',0,0,1,0,1,1,NULL,NULL,NULL,NULL,NULL,'--- !ruby/hash:ActiveSupport::HashWithIndifferentAccess\nanschaffungskategorie: AV-Technik\nreference: invoice\numzug: zgeln\nankunftszustand: intakt\n','2014-12-25 21:36:42','2014-12-25 21:36:42'),(268,'eo16azvkjj2yz9rb58fc184','d6:a0:28:3b:ba:85-70:48:35:5c:9f:71-da:10:4c:ac:bd:21',279,172,254,4,NULL,NULL,'2010-10-31','2014-12-25',NULL,NULL,'884.00',0,0,1,0,1,1,NULL,NULL,NULL,NULL,NULL,'--- !ruby/hash:ActiveSupport::HashWithIndifferentAccess\nanschaffungskategorie: AV-Technik\nreference: invoice\numzug: zgeln\nankunftszustand: intakt\n','2014-12-25 21:36:42','2014-12-25 21:36:42'),(269,'hi9rsx31g3xz2hwo2zd6185','aa:ea:a5:65:fb:78-d7:42:c7:3f:03:6d-31:f5:e1:bc:75:7a',283,173,255,3,NULL,NULL,'2013-02-08','2014-12-25',NULL,NULL,'11.00',0,0,1,0,1,1,NULL,NULL,NULL,NULL,NULL,'--- !ruby/hash:ActiveSupport::HashWithIndifferentAccess\nanschaffungskategorie: AV-Technik\nreference: invoice\numzug: zgeln\nankunftszustand: intakt\n','2014-12-25 21:36:42','2014-12-25 21:36:42'),(270,'v94pl8ujyb2r2qp17dwt186','34:aa:fe:5d:a1:a4-55:64:09:42:f3:76-f6:25:5d:b1:18:a5',283,174,256,14,NULL,NULL,'2013-10-08','2014-12-25',NULL,NULL,'1467.00',0,0,1,0,1,1,NULL,NULL,NULL,NULL,NULL,'--- !ruby/hash:ActiveSupport::HashWithIndifferentAccess\nanschaffungskategorie: AV-Technik\nreference: invoice\numzug: zgeln\nankunftszustand: intakt\n','2014-12-25 21:36:42','2014-12-25 21:36:42'),(271,'as46dvt7i0ua8r4o8z36187','c1:f9:95:46:0f:19-4a:5c:87:2c:2e:ee-d6:72:00:45:0c:f3',283,175,257,10,NULL,NULL,'2011-12-26','2014-12-25',NULL,NULL,'829.00',0,0,1,0,1,1,NULL,NULL,NULL,NULL,NULL,'--- !ruby/hash:ActiveSupport::HashWithIndifferentAccess\nanschaffungskategorie: AV-Technik\nreference: invoice\numzug: zgeln\nankunftszustand: intakt\n','2014-12-25 21:36:42','2014-12-25 21:36:42'),(272,'838j2d5vqo2i46fnxyss188','61:c3:8e:0d:45:c5-65:cd:ec:49:61:62-f0:c9:21:c2:40:43',287,176,258,2,NULL,NULL,'2011-08-19','2014-12-25',NULL,NULL,'926.00',0,0,1,0,1,1,NULL,NULL,NULL,NULL,NULL,'--- !ruby/hash:ActiveSupport::HashWithIndifferentAccess\nanschaffungskategorie: AV-Technik\nreference: invoice\numzug: zgeln\nankunftszustand: intakt\n','2014-12-25 21:36:42','2014-12-25 21:36:42'),(273,'cg6ydxcxb0uyrta0sfk7189','a5:f2:8e:bd:c0:5e-b5:b4:6f:a4:72:83-ce:15:96:2f:b5:67',287,177,259,1,NULL,NULL,'2010-09-13','2014-12-25',NULL,NULL,'150.00',0,0,1,0,1,1,NULL,NULL,NULL,NULL,NULL,'--- !ruby/hash:ActiveSupport::HashWithIndifferentAccess\nanschaffungskategorie: AV-Technik\nreference: invoice\numzug: zgeln\nankunftszustand: intakt\n','2014-12-25 21:36:42','2014-12-25 21:36:42'),(274,'tzdsv4e460xauixn2atn190','c3:a8:99:f7:db:73-bf:ed:75:10:cc:22-6b:2f:f7:76:58:d6',287,178,260,11,NULL,NULL,'2013-05-31','2014-12-25',NULL,NULL,'221.00',0,0,1,0,1,1,NULL,NULL,NULL,NULL,NULL,'--- !ruby/hash:ActiveSupport::HashWithIndifferentAccess\nanschaffungskategorie: AV-Technik\nreference: invoice\numzug: zgeln\nankunftszustand: intakt\n','2014-12-25 21:36:42','2014-12-25 21:36:42'),(275,'rcgr02bl9a4hh03bb0b8191','09:80:a1:0c:de:2f-89:c5:96:73:65:29-b2:18:b5:04:e4:c3',291,179,261,1,NULL,NULL,'2010-03-14','2014-12-25',NULL,NULL,'391.00',0,0,1,0,1,1,NULL,NULL,NULL,NULL,NULL,'--- !ruby/hash:ActiveSupport::HashWithIndifferentAccess\nanschaffungskategorie: AV-Technik\nreference: invoice\numzug: zgeln\nankunftszustand: intakt\n','2014-12-25 21:36:42','2014-12-25 21:36:42'),(276,'xjof3n0e1370x8rhmayp192','f5:79:01:a4:9b:2a-5e:14:66:bf:83:f7-89:62:22:bd:1c:06',291,180,262,12,NULL,NULL,'2013-03-29','2014-12-25',NULL,NULL,'876.00',0,0,1,0,1,1,NULL,NULL,NULL,NULL,NULL,'--- !ruby/hash:ActiveSupport::HashWithIndifferentAccess\nanschaffungskategorie: AV-Technik\nreference: invoice\numzug: zgeln\nankunftszustand: intakt\n','2014-12-25 21:36:42','2014-12-25 21:36:42'),(277,'y01epcnd8xcq85d9wu81193','f3:91:37:72:f2:4b-ec:ff:2b:94:80:c8-7f:28:e8:4a:7c:3c',291,181,263,11,NULL,NULL,'2011-03-03','2014-12-25',NULL,NULL,'133.00',0,0,1,0,1,1,NULL,NULL,NULL,NULL,NULL,'--- !ruby/hash:ActiveSupport::HashWithIndifferentAccess\nanschaffungskategorie: AV-Technik\nreference: invoice\numzug: zgeln\nankunftszustand: intakt\n','2014-12-25 21:36:42','2014-12-25 21:36:42'),(278,'t849yxr3kvmwl97jihcy194','86:dd:6d:03:30:63-e0:32:48:9d:0a:85-19:6f:31:f6:8f:8f',295,182,264,8,NULL,NULL,'2010-07-17','2014-12-25',NULL,NULL,'739.00',0,0,1,0,3,1,NULL,NULL,NULL,NULL,NULL,'--- !ruby/hash:ActiveSupport::HashWithIndifferentAccess\nanschaffungskategorie: AV-Technik\nreference: invoice\numzug: zgeln\nankunftszustand: intakt\n','2014-12-25 21:36:42','2014-12-25 21:36:42'),(279,'eowzrqzcd7qyjd9bcetd195','46:25:ba:d4:40:87-8a:47:79:25:9b:3a-eb:5c:0f:20:0f:e4',295,183,265,1,NULL,NULL,'2009-08-16','2014-12-25',NULL,NULL,'42.00',0,0,1,0,3,1,NULL,NULL,NULL,NULL,NULL,'--- !ruby/hash:ActiveSupport::HashWithIndifferentAccess\nanschaffungskategorie: AV-Technik\nreference: invoice\numzug: zgeln\nankunftszustand: intakt\n','2014-12-25 21:36:42','2014-12-25 21:36:42'),(280,'r1xzg69i2y83eut62k7j196','37:65:29:a4:dd:15-d8:3f:b7:64:0e:b3-a7:76:94:e1:56:4a',295,184,266,2,NULL,NULL,'2009-10-01','2014-12-25',NULL,NULL,'655.00',0,0,1,0,3,1,NULL,NULL,NULL,NULL,NULL,'--- !ruby/hash:ActiveSupport::HashWithIndifferentAccess\nanschaffungskategorie: AV-Technik\nreference: invoice\numzug: zgeln\nankunftszustand: intakt\n','2014-12-25 21:36:42','2014-12-25 21:36:42'),(281,'8mi3nr8edniktv7g9j6x197','0c:c3:6d:69:03:1e-4d:05:03:7f:29:85-a6:be:ac:6c:38:d3',299,185,267,3,NULL,NULL,'2013-04-15','2014-12-25',NULL,NULL,'203.00',0,0,1,0,3,1,NULL,NULL,NULL,NULL,NULL,'--- !ruby/hash:ActiveSupport::HashWithIndifferentAccess\nanschaffungskategorie: AV-Technik\nreference: invoice\numzug: zgeln\nankunftszustand: intakt\n','2014-12-25 21:36:42','2014-12-25 21:36:42'),(282,'hu7q6kldiuo5oz4qm3ve198','e1:1f:fa:50:3d:a3-27:38:be:77:18:e1-ab:e6:98:58:4a:f8',299,186,268,9,NULL,NULL,'2012-12-02','2014-12-25',NULL,NULL,'401.00',0,0,1,0,3,1,NULL,NULL,NULL,NULL,NULL,'--- !ruby/hash:ActiveSupport::HashWithIndifferentAccess\nanschaffungskategorie: AV-Technik\nreference: invoice\numzug: zgeln\nankunftszustand: intakt\n','2014-12-25 21:36:42','2014-12-25 21:36:42'),(283,'qjacwrdtbq0vaus98pom199','a9:af:8d:a4:4f:43-8e:2e:2e:da:0c:fe-6d:ac:62:f1:e6:58',299,187,269,10,NULL,NULL,'2012-12-06','2014-12-25',NULL,NULL,'1491.00',0,0,1,0,3,1,NULL,NULL,NULL,NULL,NULL,'--- !ruby/hash:ActiveSupport::HashWithIndifferentAccess\nanschaffungskategorie: AV-Technik\nreference: invoice\numzug: zgeln\nankunftszustand: intakt\n','2014-12-25 21:36:42','2014-12-25 21:36:42'),(284,'voxxd1tshustqb7dcwj1200','83:e9:19:5d:6c:9a-d7:e3:8d:6b:43:0d-87:71:05:9b:77:fe',303,188,270,12,NULL,NULL,'2012-10-20','2014-12-25',NULL,NULL,'885.00',0,0,1,0,3,1,NULL,NULL,NULL,NULL,NULL,'--- !ruby/hash:ActiveSupport::HashWithIndifferentAccess\nanschaffungskategorie: AV-Technik\nreference: invoice\numzug: zgeln\nankunftszustand: intakt\n','2014-12-25 21:36:42','2014-12-25 21:36:42'),(285,'ofzk2oj0gnhav8xy9ym1201','7e:91:7a:29:90:5b-e0:57:1d:69:8a:4c-e1:b9:98:52:ea:d8',303,189,271,7,NULL,NULL,'2012-11-10','2014-12-25',NULL,NULL,'400.00',0,0,1,0,3,1,NULL,NULL,NULL,NULL,NULL,'--- !ruby/hash:ActiveSupport::HashWithIndifferentAccess\nanschaffungskategorie: AV-Technik\nreference: invoice\numzug: zgeln\nankunftszustand: intakt\n','2014-12-25 21:36:42','2014-12-25 21:36:42'),(286,'pnedmw6t5bqna27im7ku202','ed:fd:de:5d:83:9d-07:f5:fc:51:6e:19-cc:5a:e5:48:e3:1e',303,190,272,8,NULL,NULL,'2009-04-01','2014-12-25',NULL,NULL,'3.00',0,0,1,0,3,1,NULL,NULL,NULL,NULL,NULL,'--- !ruby/hash:ActiveSupport::HashWithIndifferentAccess\nanschaffungskategorie: AV-Technik\nreference: invoice\numzug: zgeln\nankunftszustand: intakt\n','2014-12-25 21:36:42','2014-12-25 21:36:42'),(287,'ujc7caj87iy0g22065hl203','c3:d8:f5:58:4f:44-fc:17:16:50:4a:2f-3a:65:e0:8c:50:75',307,NULL,273,1,NULL,NULL,'2012-09-20','2014-12-25',NULL,NULL,'1315.00',0,0,1,0,1,1,NULL,NULL,NULL,NULL,NULL,'--- !ruby/hash:ActiveSupport::HashWithIndifferentAccess\nanschaffungskategorie: AV-Technik\nreference: invoice\numzug: zgeln\nankunftszustand: intakt\n','2014-12-25 21:36:42','2014-12-25 21:36:42'),(288,'s018ur1b964zqrzfomw9204','84:3b:b9:15:b6:40-61:3c:62:64:4e:57-9c:f0:52:39:9d:f4',308,191,274,1,NULL,NULL,'2011-09-06','2014-12-25',NULL,NULL,'455.00',0,0,1,0,1,1,NULL,NULL,NULL,NULL,NULL,'--- !ruby/hash:ActiveSupport::HashWithIndifferentAccess\nanschaffungskategorie: AV-Technik\nreference: invoice\numzug: zgeln\nankunftszustand: intakt\n','2014-12-25 21:36:42','2014-12-25 21:36:42'),(289,'0jrrqtbrkg3rk51i8xjx205','71:f7:f8:f8:af:e9-19:62:c2:b9:6c:06-e4:32:b5:aa:18:91',309,NULL,NULL,1,NULL,NULL,NULL,NULL,NULL,NULL,NULL,0,0,0,0,2,0,NULL,NULL,NULL,NULL,NULL,'--- !ruby/hash:ActiveSupport::HashWithIndifferentAccess\noperating_system:\n- windows\n- linux\nlicense_type: concurrent\ntotal_quantity: 261\nreference: invoice\nactivation_type: none\nmaintenance_contract: \'false\'\n','2014-12-25 21:36:42','2014-12-25 21:36:42'),(290,'gj4w5fk6bj18n8agwsem206','42:36:df:77:99:64-5d:57:b2:54:03:03-94:55:87:4a:eb:33',310,192,275,6,NULL,NULL,'2010-08-04','2014-12-25',NULL,NULL,'219.00',0,0,1,0,1,1,NULL,NULL,NULL,NULL,NULL,'--- !ruby/hash:ActiveSupport::HashWithIndifferentAccess\nanschaffungskategorie: AV-Technik\nreference: invoice\numzug: zgeln\nankunftszustand: intakt\n','2014-12-25 21:36:42','2014-12-25 21:36:42'),(291,'2t4uo7ong4idtn5nnt5f207','7b:70:d7:96:d3:55-eb:c2:3a:4e:8c:77-ca:b2:d5:a5:96:32',310,193,276,5,NULL,NULL,'2009-09-23','2014-12-25',NULL,NULL,'1091.00',0,0,1,0,1,1,NULL,NULL,NULL,NULL,NULL,'--- !ruby/hash:ActiveSupport::HashWithIndifferentAccess\nanschaffungskategorie: AV-Technik\nreference: invoice\numzug: zgeln\nankunftszustand: intakt\n','2014-12-25 21:36:42','2014-12-25 21:36:42'),(292,'tfok0uahncargfgu8oe5208','c7:ce:fc:78:62:5a-9b:65:3c:d0:44:4a-0b:6f:1c:ca:f2:ac',310,194,277,1,NULL,NULL,'2012-05-05','2014-12-25',NULL,NULL,'812.00',0,0,1,0,1,1,NULL,NULL,NULL,NULL,NULL,'--- !ruby/hash:ActiveSupport::HashWithIndifferentAccess\nanschaffungskategorie: AV-Technik\nreference: invoice\numzug: zgeln\nankunftszustand: intakt\n','2014-12-25 21:36:42','2014-12-25 21:36:42');
/*!40000 ALTER TABLE `items` ENABLE KEYS */;
UNLOCK TABLES;

--
-- Table structure for table `languages`
--

DROP TABLE IF EXISTS `languages`;
/*!40101 SET @saved_cs_client     = @@character_set_client */;
/*!40101 SET character_set_client = utf8 */;
CREATE TABLE `languages` (
  `id` int(11) NOT NULL AUTO_INCREMENT,
  `name` varchar(255) COLLATE utf8_unicode_ci DEFAULT NULL,
  `locale_name` varchar(255) COLLATE utf8_unicode_ci DEFAULT NULL,
  `default` tinyint(1) DEFAULT NULL,
  `active` tinyint(1) DEFAULT NULL,
  PRIMARY KEY (`id`),
  UNIQUE KEY `index_languages_on_name` (`name`),
  KEY `index_languages_on_active_and_default` (`active`,`default`)
) ENGINE=InnoDB AUTO_INCREMENT=5 DEFAULT CHARSET=utf8 COLLATE=utf8_unicode_ci;
/*!40101 SET character_set_client = @saved_cs_client */;

--
-- Dumping data for table `languages`
--

LOCK TABLES `languages` WRITE;
/*!40000 ALTER TABLE `languages` DISABLE KEYS */;
INSERT INTO `languages` VALUES (1,'English','en-GB',1,1),(2,'Deutsch','de-CH',0,1),(3,'Castellano','es',0,1),(4,'Zrittsch','gsw-CH',0,1);
/*!40000 ALTER TABLE `languages` ENABLE KEYS */;
UNLOCK TABLES;

--
-- Table structure for table `locations`
--

DROP TABLE IF EXISTS `locations`;
/*!40101 SET @saved_cs_client     = @@character_set_client */;
/*!40101 SET character_set_client = utf8 */;
CREATE TABLE `locations` (
  `id` int(11) NOT NULL AUTO_INCREMENT,
  `room` varchar(255) COLLATE utf8_unicode_ci DEFAULT NULL,
  `shelf` varchar(255) COLLATE utf8_unicode_ci DEFAULT NULL,
  `building_id` int(11) DEFAULT NULL,
  PRIMARY KEY (`id`),
  KEY `index_locations_on_building_id` (`building_id`),
  CONSTRAINT `locations_building_id_fk` FOREIGN KEY (`building_id`) REFERENCES `buildings` (`id`)
) ENGINE=InnoDB AUTO_INCREMENT=195 DEFAULT CHARSET=utf8 COLLATE=utf8_unicode_ci;
/*!40101 SET character_set_client = @saved_cs_client */;

--
-- Dumping data for table `locations`
--

LOCK TABLES `locations` WRITE;
/*!40000 ALTER TABLE `locations` DISABLE KEYS */;
INSERT INTO `locations` VALUES (1,'Nonsapiente','voluptascumque',2),(2,'Beataevoluptas','aliquamab',3),(3,'Sequinulla','distinctiorecusandae',4),(4,'Ipsaenim','fugarepellendus',5),(5,'Perferendisfuga','doloremquia',6),(6,'Minimalaudantium','suntaliquam',7),(7,'Consequaturrerum','reprehenderitaccusamus',8),(8,'Etnulla','undevelit',9),(9,'Etillo','aspernaturet',10),(10,'Utoptio','suntquibusdam',11),(11,'Quislabore','quivel',12),(12,'Quoquis','saepetempora',13),(13,'Rationelaboriosam','voluptatemmaiores',14),(14,'Essequisquam','autvoluptas',15),(15,'Ipsumtenetur','eaquelaudantium',16),(16,'Doloresvoluptas','praesentiumvoluptas',17),(17,'Exquas','voluptatemvel',18),(18,'Occaecatilaborum','nequequibusdam',19),(19,'Rerumfacere','reiciendissuscipit',20),(20,'Liberofugit','quivoluptatem',21),(21,'Voluptatemmaiores','temporesit',22),(22,'Quamodit','eacommodi',23),(23,'Debitisconsequuntur','harumnon',24),(24,'Experferendis','quiveritatis',25),(25,'Rerumdeserunt','nonquia',26),(26,'Liberoeum','etadipisci',27),(27,'Quisexpedita','quisvero',28),(28,'Molestiasneque','quitempore',29),(29,'Omnisfacere','placeatad',30),(30,'Reprehenderitunde','praesentiumlaborum',31),(31,'Doloresrepudiandae','iuremodi',32),(32,'Velitsapiente','eosratione',33),(33,'Auttotam','temporetotam',34),(34,'Repellendusasperiores','quiquisquam',35),(35,'Eligendirepellendus','velquis',36),(36,'Veritatisharum','mollitiaad',37),(37,'Quidolor','quisqui',38),(38,'Quodiste','eligendiet',39),(39,'Iureblanditiis','beataeearum',40),(40,'Suscipitpariatur','exercitationemdolor',41),(41,'Quianihil','etet',42),(42,'Rerumut','reiciendisnostrum',43),(43,'Totamnisi','architectoid',44),(44,'Atqueunde','utfugiat',45),(45,'Fugaautem','omnissunt',46),(46,'SQ2','Desk',47),(47,'UG 13','Ausgabe',48),(48,'Doloresut','dictaatque',49),(49,'Laborumipsum','quiseaque',50),(50,'Dolorid','aliquidet',51),(51,'Voluptatemnisi','minimaeos',52),(52,'Eiusquo','quiquia',53),(53,'Rerumdoloribus','aspernaturdolores',54),(54,'Eoslaborum','rerumducimus',55),(55,'Sapientesimilique','autea',56),(56,'Magnitotam','etquidem',57),(57,'Utsuscipit','autautem',58),(58,'Ducimusassumenda','iustobeatae',59),(59,'Nonculpa','natusnisi',60),(60,'Quivoluptatem','autvitae',61),(61,'Ametmagni','estquo',62),(62,'Autemoptio','rationemagnam',63),(63,'Solutaeius','optiosuscipit',64),(64,'Accusamuseius','repellatut',65),(65,'Voluptatematque','commodinostrum',66),(66,'Quibusdamvoluptatem','reprehenderitnon',67),(67,'Laborumquo','illominima',68),(68,'Indoloremque','etmaxime',69),(69,'Distinctiototam','sitperferendis',70),(70,'Doloribusquos','quodeos',71),(71,'Omnisat','dignissimosomnis',72),(72,'Quisquambeatae','rationeillum',73),(73,'Quiesse','possimusdeleniti',74),(74,'Temporelaborum','autnemo',75),(75,'Quidebitis','temporibusin',76),(76,'Doloremquelaboriosam','adipiscifacere',77),(77,'Hicaut','nullaminima',78),(78,'Corruptiet','dolorquis',79),(79,'Estquia','suscipitdeserunt',80),(80,'Nisiratione','voluptatemaut',81),(81,'Voluptatemcommodi','inciduntullam',82),(82,'Magnamatque','eumlibero',83),(83,'Praesentiumeum','consequunturodio',84),(84,'Voluptateomnis','doloremanimi',85),(85,'Eligendideleniti','voluptassunt',86),(86,'Quiaodit','utaut',87),(87,'Etut','beataeomnis',88),(88,'Recusandaeid','eiusautem',89),(89,'Ettemporibus','omnissit',90),(90,'Errorquis','similiquenon',91),(91,'Ducimusplaceat','voluptatemlaborum',92),(92,'Quidemreiciendis','isteunde',93),(93,'Similiqueab','nullavoluptates',94),(94,'Delectustemporibus','temporerepellendus',95),(95,'Reprehenderitet','quiomnis',96),(96,'Consequaturiusto','dolorrerum',97),(97,'Utin','molestiaesimilique',98),(98,'Accusantiumquaerat','minimaet',99),(99,'Etea','inciduntmolestiae',100),(100,'Animisit','similiquequi',101),(101,'Atimpedit','ducimusnulla',102),(102,'Etanimi','doloresut',103),(103,'Culpadolores','atdoloremque',104),(104,'Explicaboex','commoditemporibus',105),(105,'Abprovident','consequaturcorrupti',106),(106,'Autplaceat','teneturvoluptate',107),(107,'Repellatofficiis','earummaiores',108),(108,'Culpaamet','ipsumsapiente',109),(109,'Ineius','rerumfacere',110),(110,'Suscipitaperiam','eligendisapiente',111),(111,'Doloribusexercitationem','minusnesciunt',112),(112,'Suntest','consequaturut',113),(113,'Pariaturitaque','praesentiumquia',114),(114,'Molestiaeesse','autnon',115),(115,'Quamdoloremque','repellatmodi',116),(116,'Exercitationemsint','ametomnis',117),(117,'Aspernaturrerum','aliquamnihil',118),(118,'Eaquequi','reprehenderiteligendi',119),(119,'Fugitquas','excepturiipsa',120),(120,'Earumratione','dignissimosassumenda',121),(121,'Inventoreeaque','involuptates',122),(122,'Voluptatemvelit','eaquesed',123),(123,'Doloressuscipit','eiusneque',124),(124,'Mollitiadolor','temporenihil',125),(125,'Aliasin','utest',126),(126,'Idmolestias','consequatureius',127),(127,'Atvoluptas','quiacumque',128),(128,'Dolorqui','voluptateid',129),(129,'Estnemo','similiquelibero',130),(130,'Culpasint','blanditiisdistinctio',131),(131,'Inventoreaut','nobisiure',133),(132,'Nihilsunt','placeatcumque',134),(133,'Molestiaereprehenderit','ullamratione',135),(134,'Magniaut','quiamaxime',136),(135,'Errorest','aspernaturtempora',137),(136,'Voluptaset','velab',138),(137,'Illumanimi','utreiciendis',139),(138,'Omniscorrupti','adperferendis',140),(139,'Veritatisvoluptas','suscipitipsam',141),(140,'Quibusdamvel','modidistinctio',142),(141,'Cupiditatevoluptatem','odiocorrupti',143),(142,'Harumpraesentium','adipisciquia',144),(143,'Corporiset','nonvelit',145),(144,'Quiaquasi','maximeid',146),(145,'Eaquenon','quidistinctio',147),(146,'Nihilnon','consequaturiste',148),(147,'Corporissed','maioresconsequatur',149),(148,'Quibusdamfacere','quasfacilis',150),(149,'Culpaimpedit','quissunt',151),(150,'Aspernaturab','culpaanimi',152),(151,'Abaut','doloreet',153),(152,'Iustovel','sedsit',154),(153,'Quiacommodi','utomnis',155),(154,'Sedcumque','doloremalias',156),(155,'Dolorunde','atquesoluta',157),(156,'Verovoluptate','facereet',158),(157,'Hicnisi','namodio',159),(158,'Quofuga','tenetureius',160),(159,'Architectodolorum','molestiaealias',161),(160,'Atquis','sintcorporis',162),(161,'Rationehic','eligendifuga',163),(162,'Quisquamquam','dolorperferendis',164),(163,'Minustenetur','doloremquis',165),(164,'Undequia','beataemolestiae',166),(165,'Facerererum','etiste',167),(166,'Temporibuset','harumquia',168),(167,'Veniamqui','veritatiset',169),(168,'Inid','quoneque',170),(169,'Debitisducimus','iustoautem',171),(170,'Omnisfugiat','illonihil',172),(171,'Aperiamenim','ducimusautem',173),(172,'Adveniam','veliteligendi',174),(173,'Fugiatquo','reiciendisvoluptatibus',175),(174,'Atqueut','laborevoluptatem',176),(175,'Voluptatibusesse','utet',177),(176,'Quireprehenderit','rerumdoloribus',178),(177,'Quisullam','evenietlabore',179),(178,'Veniamsaepe','molestiasanimi',180),(179,'Esseminus','eanihil',181),(180,'Quoquo','necessitatibuset',182),(181,'Magnivoluptas','omnisnihil',183),(182,'Doloremquesimilique','blanditiisofficiis',184),(183,'Voluptasconsequatur','etharum',185),(184,'Voluptasneque','sedautem',186),(185,'Utmolestias','facilispraesentium',187),(186,'Expeditaeos','illoeum',188),(187,'Hicet','voluptatesconsectetur',189),(188,'Autemrepellendus','inventoreunde',190),(189,'Consequaturassumenda','suscipitullam',191),(190,'Veniamesse','rerumsint',192),(191,'Earumpariatur','adesse',193),(192,'Nesciuntomnis','providentdolorem',194),(193,'Nobisest','aliascum',195),(194,'Sapientecommodi','culpalaborum',196);
/*!40000 ALTER TABLE `locations` ENABLE KEYS */;
UNLOCK TABLES;

--
-- Table structure for table `model_group_links`
--

DROP TABLE IF EXISTS `model_group_links`;
/*!40101 SET @saved_cs_client     = @@character_set_client */;
/*!40101 SET character_set_client = utf8 */;
CREATE TABLE `model_group_links` (
  `id` int(11) NOT NULL AUTO_INCREMENT,
  `ancestor_id` int(11) DEFAULT NULL,
  `descendant_id` int(11) DEFAULT NULL,
  `direct` tinyint(1) DEFAULT NULL,
  `count` int(11) DEFAULT NULL,
  `label` varchar(255) COLLATE utf8_unicode_ci DEFAULT NULL,
  PRIMARY KEY (`id`),
  KEY `index_model_group_links_on_ancestor_id` (`ancestor_id`),
  KEY `index_model_group_links_on_direct` (`direct`),
  KEY `index_on_descendant_id_and_ancestor_id_and_direct` (`descendant_id`,`ancestor_id`,`direct`),
  CONSTRAINT `model_group_links_descendant_id_fk` FOREIGN KEY (`descendant_id`) REFERENCES `model_groups` (`id`) ON DELETE CASCADE,
  CONSTRAINT `model_group_links_ancestor_id_fk` FOREIGN KEY (`ancestor_id`) REFERENCES `model_groups` (`id`) ON DELETE CASCADE
) ENGINE=InnoDB AUTO_INCREMENT=9 DEFAULT CHARSET=utf8 COLLATE=utf8_unicode_ci;
/*!40101 SET character_set_client = @saved_cs_client */;

--
-- Dumping data for table `model_group_links`
--

LOCK TABLES `model_group_links` WRITE;
/*!40000 ALTER TABLE `model_group_links` DISABLE KEYS */;
INSERT INTO `model_group_links` VALUES (1,2,10,1,1,NULL),(2,2,8,1,1,NULL),(3,5,10,1,1,NULL),(4,5,9,1,1,NULL),(5,1,9,1,1,NULL),(6,1,11,0,1,NULL),(7,5,11,0,1,NULL),(8,9,11,1,1,NULL);
/*!40000 ALTER TABLE `model_group_links` ENABLE KEYS */;
UNLOCK TABLES;

--
-- Table structure for table `model_groups`
--

DROP TABLE IF EXISTS `model_groups`;
/*!40101 SET @saved_cs_client     = @@character_set_client */;
/*!40101 SET character_set_client = utf8 */;
CREATE TABLE `model_groups` (
  `id` int(11) NOT NULL AUTO_INCREMENT,
  `type` varchar(255) COLLATE utf8_unicode_ci DEFAULT NULL,
  `name` varchar(255) COLLATE utf8_unicode_ci DEFAULT NULL,
  `created_at` datetime DEFAULT NULL,
  `updated_at` datetime DEFAULT NULL,
  PRIMARY KEY (`id`),
  KEY `index_model_groups_on_type` (`type`)
) ENGINE=InnoDB AUTO_INCREMENT=15 DEFAULT CHARSET=utf8 COLLATE=utf8_unicode_ci;
/*!40101 SET character_set_client = @saved_cs_client */;

--
-- Dumping data for table `model_groups`
--

LOCK TABLES `model_groups` WRITE;
/*!40000 ALTER TABLE `model_groups` DISABLE KEYS */;
INSERT INTO `model_groups` VALUES (1,'Category','Beamer','2014-12-25 21:36:42','2014-12-25 21:36:42'),(2,'Category','Kameras','2014-12-25 21:36:42','2014-12-25 21:36:42'),(3,'Category','Stative','2014-12-25 21:36:42','2014-12-25 21:36:42'),(4,'Category','Hifi-Anlagen','2014-12-25 21:36:42','2014-12-25 21:36:42'),(5,'Category','Notebooks','2014-12-25 21:36:42','2014-12-25 21:36:42'),(6,'Category','RC Helikopter','2014-12-25 21:36:42','2014-12-25 21:36:42'),(7,'Category','Computer','2014-12-25 21:36:42','2014-12-25 21:36:42'),(8,'Category','Kurzdistanz','2014-12-25 21:36:42','2014-12-25 21:36:42'),(9,'Category','Portabel','2014-12-25 21:36:42','2014-12-25 21:36:42'),(10,'Category','Standard','2014-12-25 21:36:42','2014-12-25 21:36:42'),(11,'Category','Micro','2014-12-25 21:36:42','2014-12-25 21:36:42'),(12,'Template','Kamera & Stativ','2014-12-25 21:36:42','2014-12-25 21:36:42'),(13,'Template','Beamer & Hifi','2014-12-25 21:36:42','2014-12-25 21:36:42'),(14,'Template','Unaccomplishable template','2014-12-25 21:36:42','2014-12-25 21:36:42');
/*!40000 ALTER TABLE `model_groups` ENABLE KEYS */;
UNLOCK TABLES;

--
-- Table structure for table `model_links`
--

DROP TABLE IF EXISTS `model_links`;
/*!40101 SET @saved_cs_client     = @@character_set_client */;
/*!40101 SET character_set_client = utf8 */;
CREATE TABLE `model_links` (
  `id` int(11) NOT NULL AUTO_INCREMENT,
  `model_group_id` int(11) DEFAULT NULL,
  `model_id` int(11) DEFAULT NULL,
  `quantity` int(11) DEFAULT '1',
  PRIMARY KEY (`id`),
  KEY `index_model_links_on_model_id_and_model_group_id` (`model_id`,`model_group_id`),
  KEY `index_model_links_on_model_group_id_and_model_id` (`model_group_id`,`model_id`),
  CONSTRAINT `model_links_model_id_fk` FOREIGN KEY (`model_id`) REFERENCES `models` (`id`) ON DELETE CASCADE,
  CONSTRAINT `model_links_model_group_id_fk` FOREIGN KEY (`model_group_id`) REFERENCES `model_groups` (`id`) ON DELETE CASCADE
) ENGINE=InnoDB AUTO_INCREMENT=73 DEFAULT CHARSET=utf8 COLLATE=utf8_unicode_ci;
/*!40101 SET character_set_client = @saved_cs_client */;

--
-- Dumping data for table `model_links`
--

LOCK TABLES `model_links` WRITE;
/*!40000 ALTER TABLE `model_links` DISABLE KEYS */;
INSERT INTO `model_links` VALUES (1,1,62,1),(2,9,62,1),(3,1,63,1),(4,1,64,1),(5,1,66,1),(6,9,66,1),(7,11,67,1),(8,1,68,1),(9,1,69,1),(10,1,70,1),(11,1,71,1),(12,1,72,1),(13,1,73,1),(14,1,74,1),(15,1,75,1),(16,1,76,1),(17,1,77,1),(18,1,78,1),(19,1,79,1),(20,1,80,1),(21,1,81,1),(22,1,82,1),(23,1,83,1),(24,1,84,1),(25,1,85,1),(26,1,86,1),(27,1,87,1),(28,2,88,1),(29,2,89,1),(30,2,90,1),(31,2,91,1),(32,2,92,1),(33,2,93,1),(34,2,94,1),(35,2,95,1),(36,2,96,1),(37,2,97,1),(38,2,98,1),(39,2,99,1),(40,2,100,1),(41,2,101,1),(42,2,102,1),(43,2,103,1),(44,2,104,1),(45,2,105,1),(46,2,106,1),(47,2,107,1),(48,2,108,1),(49,2,109,1),(50,2,110,1),(51,2,111,1),(52,2,112,1),(53,2,113,1),(54,2,114,1),(55,2,115,1),(56,2,116,1),(57,2,117,1),(58,2,118,1),(59,4,119,1),(60,3,120,1),(61,12,88,1),(62,12,120,1),(63,13,62,1),(64,13,119,1),(65,14,88,999),(66,14,120,999),(67,2,153,1),(68,7,154,1),(69,5,155,1),(70,6,156,1),(71,6,157,1),(72,6,158,1);
/*!40000 ALTER TABLE `model_links` ENABLE KEYS */;
UNLOCK TABLES;

--
-- Table structure for table `models`
--

DROP TABLE IF EXISTS `models`;
/*!40101 SET @saved_cs_client     = @@character_set_client */;
/*!40101 SET character_set_client = utf8 */;
CREATE TABLE `models` (
  `id` int(11) NOT NULL AUTO_INCREMENT,
  `type` varchar(255) COLLATE utf8_unicode_ci NOT NULL DEFAULT 'Model',
  `manufacturer` varchar(255) COLLATE utf8_unicode_ci DEFAULT NULL,
  `product` varchar(255) COLLATE utf8_unicode_ci NOT NULL,
  `version` varchar(255) COLLATE utf8_unicode_ci DEFAULT NULL,
  `description` text COLLATE utf8_unicode_ci,
  `internal_description` text COLLATE utf8_unicode_ci,
  `info_url` varchar(255) COLLATE utf8_unicode_ci DEFAULT NULL,
  `rental_price` decimal(8,2) DEFAULT NULL,
  `maintenance_period` int(11) DEFAULT '0',
  `is_package` tinyint(1) DEFAULT '0',
  `technical_detail` text COLLATE utf8_unicode_ci,
  `hand_over_note` text COLLATE utf8_unicode_ci,
  `created_at` datetime DEFAULT NULL,
  `updated_at` datetime DEFAULT NULL,
  PRIMARY KEY (`id`),
  KEY `index_models_on_is_package` (`is_package`),
  KEY `index_models_on_type` (`type`)
) ENGINE=InnoDB AUTO_INCREMENT=314 DEFAULT CHARSET=utf8 COLLATE=utf8_unicode_ci;
/*!40101 SET character_set_client = @saved_cs_client */;

--
-- Dumping data for table `models`
--

LOCK TABLES `models` WRITE;
/*!40000 ALTER TABLE `models` DISABLE KEYS */;
INSERT INTO `models` VALUES (1,'Model','Ziemann-Wuckert','Ergonomic Cotton Computer','1','Tempore quisquam similique earum nihil nam iusto culpa.','Quidem labore ut eum in incidunt est esse blanditiis.',NULL,NULL,3,0,'Necessitatibus perspiciatis laboriosam et pariatur cumque magni.','Labore dolor sit temporibus ipsum doloremque id.','2014-12-25 21:36:42','2014-12-25 21:36:42'),(2,'Model','Hagenes, Walter and Leannon','Small Rubber Pants','2','Aspernatur similique accusamus reprehenderit sunt nobis beatae.','Sequi officiis in numquam id quam modi.',NULL,NULL,3,0,'Qui sequi eaque neque aperiam laboriosam et doloribus.','Accusantium quia voluptate est.','2014-12-25 21:36:42','2014-12-25 21:36:42'),(3,'Model','Kling, Senger and Nitzsche','Gorgeous Cotton Computer','3','Sit qui vel ut delectus ipsum perspiciatis.','Omnis maxime velit molestiae minima.',NULL,NULL,3,0,'Praesentium in consequatur consequuntur adipisci incidunt qui molestiae.','Iure quam est explicabo.','2014-12-25 21:36:42','2014-12-25 21:36:42'),(4,'Model','Kerluke Inc','Fantastic Concrete Shirt','4','Et aspernatur eius ut nemo tempore.','Sit porro fugit vel at dolorem totam iure.',NULL,NULL,1,0,'Aliquid et dicta ullam architecto veritatis deleniti ea.','Ut eum nobis voluptatem quisquam.','2014-12-25 21:36:42','2014-12-25 21:36:42'),(5,'Model','Carroll and Sons','Fantastic Wooden Computer','5','Eius non dolor amet velit quisquam soluta totam.','Consectetur magnam aut praesentium.',NULL,NULL,0,0,'Omnis mollitia quam ducimus harum consequatur incidunt.','Fugit qui totam voluptatem voluptas dolore quia qui.','2014-12-25 21:36:42','2014-12-25 21:36:42'),(6,'Model','Harris Group','Fantastic Rubber Pants','6','Quo aut tenetur consequatur necessitatibus placeat.','Veniam repellat repudiandae tempore magnam nemo ut et iure.',NULL,NULL,1,0,'Inventore maiores voluptates sint in eos itaque.','Architecto est modi porro.','2014-12-25 21:36:42','2014-12-25 21:36:42'),(7,'Model','Sawayn Inc','Incredible Granite Car','7','Et at nihil assumenda.','Nostrum libero est quia quia.',NULL,NULL,1,0,'Nesciunt quis cumque ea voluptas consequatur.','Totam corporis ducimus omnis nisi quaerat.','2014-12-25 21:36:42','2014-12-25 21:36:42'),(8,'Model','Howell LLC','Rustic Steel Pants','8','Id explicabo cupiditate suscipit dignissimos quisquam dolor autem.','Sit ad tenetur magnam sint aut rerum omnis.',NULL,NULL,1,0,'Provident incidunt quibusdam necessitatibus commodi dignissimos adipisci saepe.','Eos quia facilis exercitationem possimus ut nemo optio.','2014-12-25 21:36:42','2014-12-25 21:36:42'),(9,'Model','Morar Group','Ergonomic Wooden Computer','9','Ut laborum ex atque quaerat suscipit consectetur ut.','Omnis unde ratione sint magnam placeat.',NULL,NULL,1,0,'Et qui unde ullam incidunt consequatur commodi deleniti.','Sed non mollitia qui ratione quis placeat.','2014-12-25 21:36:42','2014-12-25 21:36:42'),(10,'Model','Schmidt, Gleason and Davis','Ergonomic Granite Gloves','10','Et ex iusto optio soluta magnam accusantium.','Nisi dicta ex eligendi et minus ad perspiciatis.',NULL,NULL,1,0,'Voluptatem ea sit a sit officia velit et.','Eum assumenda vero modi harum mollitia adipisci aperiam.','2014-12-25 21:36:42','2014-12-25 21:36:42'),(11,'Model','Will and Sons','Small Plastic Shirt','11','Minus facere consequatur et nobis voluptatum quod.','Non rem fugit voluptatum praesentium commodi omnis quia.',NULL,NULL,2,0,'Quae veritatis fuga alias sunt non quibusdam atque necessitatibus.','Est quia et eaque quibusdam temporibus ut.','2014-12-25 21:36:42','2014-12-25 21:36:42'),(12,'Model','Stark-Rohan','Ergonomic Steel Computer','12','Magni dolorem voluptas illum.','Debitis quis nisi aut.',NULL,NULL,0,0,'Molestiae incidunt consectetur odit culpa.','Et inventore nobis et.','2014-12-25 21:36:42','2014-12-25 21:36:42'),(13,'Model','Kovacek, Wisozk and Gleichner','Incredible Concrete Shirt','13','Qui beatae qui est corrupti sint.','Id et perferendis occaecati aut deserunt.',NULL,NULL,3,0,'Sint expedita officiis voluptas.','Consequatur qui qui quaerat distinctio nostrum eum corporis.','2014-12-25 21:36:42','2014-12-25 21:36:42'),(14,'Model','Howe-Brown','Gorgeous Steel Computer','14','Officiis labore eius corrupti.','Voluptate sit voluptatem dolores exercitationem ducimus.',NULL,NULL,3,0,'Beatae quidem magnam tempore tenetur voluptate sint.','Numquam et facere sequi consequatur.','2014-12-25 21:36:42','2014-12-25 21:36:42'),(15,'Model','Ondricka Group','Awesome Plastic Computer','15','Quaerat ducimus quo non est quia nihil blanditiis rerum.','Iusto ut consequatur quia nihil eaque.',NULL,NULL,2,0,'Fuga corrupti autem pariatur natus similique voluptatem blanditiis atque.','Omnis nobis velit eum reprehenderit.','2014-12-25 21:36:42','2014-12-25 21:36:42'),(16,'Model','Upton LLC','Intelligent Cotton Pants','16','Dolor ut quo qui excepturi itaque ex in.','Debitis molestiae fugit quas dolores magni dolor itaque nihil.',NULL,NULL,1,0,'Qui praesentium tempore ipsa adipisci.','Voluptatum harum reprehenderit ducimus corporis quis suscipit tenetur.','2014-12-25 21:36:42','2014-12-25 21:36:42'),(17,'Model','Crist Inc','Fantastic Rubber Shoes','17','Doloremque veniam vitae cumque itaque soluta quod et.','Quos eveniet ea explicabo non rerum doloremque totam maiores.',NULL,NULL,0,0,'Labore ut et est sapiente blanditiis quisquam ex voluptas.','Vero autem magnam sint et illo commodi perspiciatis.','2014-12-25 21:36:42','2014-12-25 21:36:42'),(18,'Model','Heller-Mayer','Sleek Plastic Table','18','Ea deserunt molestiae nesciunt blanditiis quia et praesentium nostrum.','Nihil ullam aut quia quasi molestiae aut voluptate.',NULL,NULL,1,0,'Asperiores doloribus quibusdam aut corporis enim ut voluptate tenetur.','Quos deleniti eveniet hic voluptatem.','2014-12-25 21:36:42','2014-12-25 21:36:42'),(19,'Model','Schneider, Runte and Sporer','Intelligent Rubber Shoes','19','Harum odio a voluptates quis expedita blanditiis.','Neque exercitationem rem ut magnam corrupti.',NULL,NULL,2,0,'Et odit voluptas consequuntur maxime.','Ut ullam sit reiciendis vel tenetur.','2014-12-25 21:36:42','2014-12-25 21:36:42'),(20,'Model','Monahan Inc','Intelligent Steel Gloves','20','Dolores itaque provident magnam enim voluptatem rerum.','Et qui id necessitatibus eos reprehenderit sit.',NULL,NULL,1,0,'At fuga ea vel blanditiis rerum vitae quasi quo.','Adipisci ut aut consequatur aut tenetur.','2014-12-25 21:36:42','2014-12-25 21:36:42'),(21,'Model','Goldner-Wiegand','Ergonomic Wooden Car','21','Hic alias ea quaerat quasi sit.','Sint sapiente qui provident enim illum nisi recusandae quidem.',NULL,NULL,0,0,'Quasi cupiditate eos unde.','Quo illo quis nobis eveniet sint.','2014-12-25 21:36:42','2014-12-25 21:36:42'),(22,'Model','Schroeder, Lueilwitz and Funk','Fantastic Steel Computer','22','Occaecati non sed provident cupiditate dolorem autem.','Velit itaque natus quidem aliquam eos.',NULL,NULL,1,0,'Voluptas vitae cumque corrupti.','Repellat cumque atque autem optio sed ut nobis.','2014-12-25 21:36:42','2014-12-25 21:36:42'),(23,'Model','Herman, Ankunding and Cole','Fantastic Wooden Shoes','23','Quos non laborum sint veritatis cupiditate aliquam reiciendis.','Et quam excepturi sunt molestias.',NULL,NULL,3,0,'Voluptate nisi ut numquam est eligendi.','Velit quia ut ut odit nobis dolorem voluptatem velit.','2014-12-25 21:36:42','2014-12-25 21:36:42'),(24,'Model','Boyer-O\'Keefe','Fantastic Cotton Chair','24','Vitae quibusdam architecto voluptas inventore rerum facere.','Corporis vel rerum ab optio animi velit.',NULL,NULL,0,0,'Sed voluptas tempore est tenetur vel.','Cupiditate est et illum sint et rerum.','2014-12-25 21:36:42','2014-12-25 21:36:42'),(25,'Model','Halvorson LLC','Intelligent Granite Chair','25','Enim alias assumenda qui possimus nesciunt doloremque.','Accusantium eum voluptatum eligendi dolore quo quos.',NULL,NULL,1,0,'Delectus id nisi debitis ratione quis.','Voluptas ut repudiandae est sint mollitia voluptate qui.','2014-12-25 21:36:42','2014-12-25 21:36:42'),(26,'Model','Quitzon, Mertz and Boyer','Fantastic Plastic Pants','26','Aut velit rerum quo praesentium officia.','Aut mollitia totam voluptatem natus.',NULL,NULL,3,0,'Magnam incidunt impedit omnis architecto ea quasi ratione quis.','Sed qui aut deleniti.','2014-12-25 21:36:42','2014-12-25 21:36:42'),(27,'Model','Rowe, Klein and Kling','Fantastic Wooden Table','27','Ut in dignissimos maxime dolor itaque.','Tempora impedit dolorem totam quas magni error eveniet quis.',NULL,NULL,2,0,'Omnis itaque ut quidem dolorem et possimus dolores.','Et aut itaque laboriosam soluta.','2014-12-25 21:36:42','2014-12-25 21:36:42'),(28,'Model','Lowe Group','Practical Plastic Table','28','Impedit alias ut repellat rem error voluptates autem.','Rerum blanditiis minus tenetur aliquid adipisci rem quia quos.',NULL,NULL,1,0,'Nobis voluptas perferendis qui et nam delectus velit.','Iusto quas ratione voluptas sapiente et hic.','2014-12-25 21:36:42','2014-12-25 21:36:42'),(29,'Model','Nicolas-O\'Connell','Sleek Cotton Chair','29','Placeat sed sint rerum.','Excepturi inventore voluptas earum aut dolorum autem.',NULL,NULL,2,0,'Quia repellendus perferendis minima enim et.','Veritatis sit quae perferendis aut aspernatur.','2014-12-25 21:36:42','2014-12-25 21:36:42'),(30,'Model','Bogisich Inc','Intelligent Steel Pants','30','Corporis fuga magni velit qui.','Et corporis aut temporibus et.',NULL,NULL,2,0,'Quo quis quia nobis dolores ipsam itaque cum repudiandae.','Repudiandae dicta sed similique.','2014-12-25 21:36:42','2014-12-25 21:36:42'),(31,'Model','Kuphal Inc','Sleek Steel Car','31','Et quod dolorum ab consequatur laudantium sunt.','Dolores minima sed quam et est sit.',NULL,NULL,3,0,'Incidunt eveniet architecto unde odit nobis omnis.','Illo qui iste molestiae qui dicta sequi non consequatur.','2014-12-25 21:36:42','2014-12-25 21:36:42'),(32,'Model','Tromp LLC','Gorgeous Granite Shirt','32','Ut blanditiis est repudiandae.','Quidem reiciendis consequatur iusto aut.',NULL,NULL,3,0,'Id quia illo temporibus dolorem corporis.','Totam doloremque ut et assumenda magnam.','2014-12-25 21:36:42','2014-12-25 21:36:42'),(33,'Model','Heller-Crona','Small Cotton Hat','33','Voluptatem placeat aliquid ea minus et tempora.','Quia vel maiores quasi.',NULL,NULL,1,0,'Repudiandae voluptates et iste.','Unde omnis quod nostrum similique est harum.','2014-12-25 21:36:42','2014-12-25 21:36:42'),(34,'Model','Haley, Schmidt and Reilly','Small Plastic Car','34','Facere voluptatem repellendus inventore occaecati non dolor.','Doloremque qui temporibus saepe itaque labore a ut impedit.',NULL,NULL,1,0,'Eos odit quibusdam necessitatibus ut repellat.','Voluptatem corrupti repudiandae nesciunt rerum minus aut.','2014-12-25 21:36:42','2014-12-25 21:36:42'),(35,'Model','Walter-Conroy','Incredible Wooden Shirt','35','Illum aut adipisci dolorum est eum.','Sequi voluptatum soluta cum.',NULL,NULL,1,0,'Aliquid corrupti voluptatem nihil ducimus ea ratione.','In commodi aut et.','2014-12-25 21:36:42','2014-12-25 21:36:42'),(36,'Model','Schroeder-Schmidt','Fantastic Wooden Pants','36','Commodi praesentium quos quis omnis.','Consequatur dolor est quia natus facere dolores qui quis.',NULL,NULL,3,0,'Neque molestias eum animi.','Ut eos vitae labore dicta ut perferendis sequi.','2014-12-25 21:36:42','2014-12-25 21:36:42'),(37,'Model','Schuppe-Abbott','Practical Plastic Pants','37','Eum nam et aut aperiam eaque.','Soluta et porro numquam debitis.',NULL,NULL,2,0,'Quidem aspernatur omnis dicta dolores occaecati aperiam ea excepturi.','Aspernatur neque ut possimus quod facilis eaque necessitatibus expedita.','2014-12-25 21:36:42','2014-12-25 21:36:42'),(38,'Model','Champlin Group','Sleek Cotton Shirt','38','Adipisci omnis dolor facere libero qui.','Fugiat placeat sed rerum eos exercitationem delectus aut aut.',NULL,NULL,0,0,'Numquam placeat voluptate et expedita laboriosam.','Et quis autem et qui eaque sit.','2014-12-25 21:36:42','2014-12-25 21:36:42'),(39,'Model','Legros-Wehner','Practical Plastic Chair','39','Doloremque cum maiores facilis id perferendis vel.','Sequi assumenda nihil enim nihil.',NULL,NULL,0,0,'Non veniam velit qui doloribus deleniti.','Accusantium non quam laboriosam itaque numquam possimus.','2014-12-25 21:36:42','2014-12-25 21:36:42'),(40,'Model','Funk and Sons','Practical Rubber Shirt','40','Deserunt omnis perspiciatis harum est suscipit est.','Sed assumenda qui voluptas beatae minima.',NULL,NULL,0,0,'Qui sapiente itaque voluptatem.','Similique fuga nesciunt voluptatum maiores occaecati velit.','2014-12-25 21:36:42','2014-12-25 21:36:42'),(41,'Model','Green, Frami and Fay','Practical Concrete Chair','41','Distinctio corrupti deserunt porro voluptatum molestiae.','Nam ut asperiores qui corporis voluptas aliquam quis.',NULL,NULL,3,0,'Dolorum illum quia rem hic nam nihil provident.','Explicabo esse corporis et similique quis sint architecto.','2014-12-25 21:36:42','2014-12-25 21:36:42'),(42,'Model','Brown, Stehr and Veum','Ergonomic Plastic Table','42','Consequuntur qui vel aliquam excepturi.','Repellat nisi enim itaque aut quis beatae ut.',NULL,NULL,2,0,'Reiciendis consequuntur accusantium non sequi.','Ducimus aut ut eos facere et eligendi id amet.','2014-12-25 21:36:42','2014-12-25 21:36:42'),(43,'Model','McGlynn Inc','Intelligent Rubber Pants','43','Sunt iusto qui impedit ad consequatur.','Laboriosam ratione voluptas ea unde saepe corporis consequatur.',NULL,NULL,3,0,'Facere iste quos numquam molestiae qui omnis accusamus ut.','Eius iusto nam quae aut aut ut amet.','2014-12-25 21:36:42','2014-12-25 21:36:42'),(44,'Model','Lakin, Hilpert and Little','Incredible Rubber Gloves','44','Modi esse et commodi voluptatum veritatis et nisi veniam.','Rem incidunt omnis numquam aut quas.',NULL,NULL,3,0,'Est explicabo saepe vitae.','In autem eveniet velit aut eos porro.','2014-12-25 21:36:42','2014-12-25 21:36:42'),(45,'Model','Torphy LLC','Ergonomic Granite Shirt','45','Delectus quam veniam vel quod nihil ad.','Quia ipsam necessitatibus non sed.',NULL,NULL,3,0,'Aut ad sed eos.','Explicabo rerum aut possimus optio aut neque rerum molestias.','2014-12-25 21:36:42','2014-12-25 21:36:42'),(46,'Model','Pfannerstill-Raynor','Practical Steel Gloves','46','Similique qui totam dicta quia non suscipit.','Velit quis est et provident veritatis.',NULL,NULL,3,0,'Quia totam ratione quos quaerat ut consequuntur velit a.','Molestiae corporis et dolore eligendi.','2014-12-25 21:36:42','2014-12-25 21:36:42'),(47,'Model','Pacocha, Ebert and Balistreri','Sleek Wooden Shoes','47','Fugit rerum qui occaecati ut laboriosam minima rerum.','Est a error ut suscipit ullam eveniet pariatur.',NULL,NULL,3,0,'Accusantium sit ipsum qui ea.','Voluptatem necessitatibus id quis commodi accusantium ut voluptate quo.','2014-12-25 21:36:42','2014-12-25 21:36:42'),(48,'Model','Streich-Bernhard','Incredible Concrete Car','48','Est et eligendi vel ducimus illo est ut.','Harum voluptatem voluptatum et delectus natus sunt.',NULL,NULL,2,0,'Nemo totam vitae ex et quia omnis eaque.','Impedit quia ea voluptatem.','2014-12-25 21:36:42','2014-12-25 21:36:42'),(49,'Model','Wolff Inc','Intelligent Wooden Hat','49','Et inventore magni dolorem et fugiat.','Consequatur maxime officia dolorem aut ullam.',NULL,NULL,3,0,'Laboriosam dolore dicta in et.','Nobis eum consequatur provident earum voluptate.','2014-12-25 21:36:42','2014-12-25 21:36:42'),(50,'Model','Kemmer Group','Gorgeous Cotton Shoes','50','Libero sunt in dolores cumque.','Sapiente magnam est omnis corrupti fuga iure blanditiis odit.',NULL,NULL,2,0,'Delectus porro totam quia voluptatem sequi dolore.','Totam repellendus vel quia quis hic nemo dolore.','2014-12-25 21:36:42','2014-12-25 21:36:42'),(51,'Model','Keebler Inc','Fantastic Cotton Computer','51','Rerum sit consectetur expedita explicabo dolorum quam.','Suscipit iure qui incidunt.',NULL,NULL,3,0,'Harum fuga architecto non vel aspernatur corrupti id.','Qui esse sunt aut necessitatibus sapiente.','2014-12-25 21:36:42','2014-12-25 21:36:42'),(52,'Model','Bartoletti-Spinka','Small Cotton Gloves','52','Totam velit quaerat non sequi nihil doloribus.','Id architecto itaque quia veritatis id.',NULL,NULL,3,0,'Excepturi repellat quo quisquam eius inventore blanditiis aut dolore.','Inventore rerum eos quo consequuntur dignissimos dolores facere.','2014-12-25 21:36:42','2014-12-25 21:36:42'),(53,'Model','O\'Hara-Willms','Intelligent Plastic Chair','53','Dolorum officiis eligendi quo labore.','Ut aliquam qui consectetur velit suscipit fugiat numquam aut.',NULL,NULL,2,0,'Sit quos corporis voluptatem a quo aut distinctio.','Qui est doloremque officia voluptatem rerum eaque voluptas.','2014-12-25 21:36:42','2014-12-25 21:36:42'),(54,'Model','Eichmann, Mohr and Wisoky','Fantastic Cotton Shoes','54','Accusantium vitae qui aut modi sint expedita laborum.','Error corrupti et ullam sint earum.',NULL,NULL,3,0,'Tempora tenetur temporibus facere soluta eveniet eum.','Iste fugit perferendis esse dolor quia recusandae.','2014-12-25 21:36:42','2014-12-25 21:36:42'),(55,'Model','Pouros, Morar and Kuhn','Small Steel Shoes','55','Ut non eius et reiciendis aut.','Est ut modi fugit praesentium quasi voluptas.',NULL,NULL,1,0,'Exercitationem odit in voluptas magnam ratione.','Aperiam magni quo aut.','2014-12-25 21:36:42','2014-12-25 21:36:42'),(56,'Model','Tillman-Hickle','Incredible Plastic Hat','56','Qui non et repudiandae consequatur et.','Reiciendis doloribus commodi et maxime.',NULL,NULL,1,0,'Dolores voluptatem laborum soluta.','Molestias aliquam eveniet quas a.','2014-12-25 21:36:42','2014-12-25 21:36:42'),(57,'Model','Murray-Reinger','Sleek Concrete Chair','57','Veniam praesentium labore soluta libero provident.','Minima officiis perferendis provident eum.',NULL,NULL,2,0,'Adipisci non voluptas aut dignissimos nulla nihil.','Animi totam porro beatae numquam.','2014-12-25 21:36:42','2014-12-25 21:36:42'),(58,'Model','Maggio-Frami','Rustic Plastic Car','58','Totam accusamus quia error dolor consectetur ipsam et similique.','Sunt cumque et natus sapiente ut distinctio voluptas.',NULL,NULL,1,0,'Sit commodi vitae nemo autem nobis et voluptatibus.','Dolores tempore et fugit debitis excepturi quis.','2014-12-25 21:36:42','2014-12-25 21:36:42'),(59,'Model','Ferry, Koepp and Emmerich','Fantastic Wooden Gloves','59','Enim nihil optio nihil.','Quae in nemo sed veniam ut aut modi consectetur.',NULL,NULL,3,0,'Tempora repellat unde minima qui accusamus praesentium.','Beatae rerum libero placeat ut sit.','2014-12-25 21:36:42','2014-12-25 21:36:42'),(60,'Model','Stoltenberg, Zemlak and Crona','Intelligent Plastic Gloves','60','Quis voluptatum amet vero quae commodi.','Rerum unde repellendus laborum molestias qui eligendi quia.',NULL,NULL,1,0,'Consequatur blanditiis omnis sint.','Iusto tempora consectetur omnis est aut autem.','2014-12-25 21:36:42','2014-12-25 21:36:42'),(61,'Model','Apple','MacBookPro','61','Laptop fr Studis und Angestellte.','Iure autem quod reiciendis rerum sunt quia facilis.',NULL,NULL,0,0,'Eos reprehenderit similique voluptatum voluptatem odit earum quia assumenda.','Mit Verpackung aushndigen.','2014-12-25 21:36:42','2014-12-25 21:36:42'),(62,'Model','Sharp','Sharp Beamer','123','Beamer, geeignet fr alle Verwendungszwecke.','Atque et repellendus aperiam sed totam aut aliquid vel.',NULL,NULL,0,0,'Occaecati totam est ex provident.','Beamer brauch ein VGA Kabel!','2014-12-25 21:36:42','2014-12-25 21:36:42'),(63,'Model','Sharp','Sharp Beamer 2D','62','Beamer, geeignet fr alle Verwendungszwecke.','Accusamus et exercitationem et ut dolore iure illo quisquam.',NULL,NULL,0,0,'Et libero distinctio quibusdam excepturi est ut ullam quia.','Cupiditate et debitis velit.','2014-12-25 21:36:42','2014-12-25 21:36:42'),(64,'Model','Panasonic','Mini Beamer','63','Beamer, geeignet fr alle Verwendungszwecke.','Expedita corrupti impedit nam eum.',NULL,NULL,0,0,'Molestiae quisquam labore est voluptates minima et.','Saepe amet blanditiis nesciunt perferendis et reprehenderit qui tempora.','2014-12-25 21:36:42','2014-12-25 21:36:42'),(65,'Model','Sharp','Sharp Beamer','456','Beamer, geeignet fr alle Verwendungszwecke.','Repellendus numquam eum quis cum quia unde voluptates.',NULL,NULL,0,0,'Et fugit voluptas voluptatem.','Beamer brauch ein VGA Kabel!','2014-12-25 21:36:42','2014-12-25 21:36:42'),(66,'Model','Sony','Ultra Compact Beamer','64','Besonders kleiner Beamer.','Debitis vel dolores provident tempore.',NULL,NULL,0,0,'Ut qui quaerat magni voluptates quia maiores.','Beamer brauch ein VGA Kabel!','2014-12-25 21:36:42','2014-12-25 21:36:42'),(67,'Model','Micro','Micro Beamer','65','Besonders mikro kleiner Beamer.','Omnis unde officia quo voluptates sunt optio.',NULL,NULL,0,0,'Et ab a in quia.','Beamer brauch ein VGA Kabel!','2014-12-25 21:36:42','2014-12-25 21:36:42'),(68,'Model','Sony','Beamer 1 cum','66','Tempore neque quo facilis.','Fugiat distinctio corrupti vitae quisquam pariatur temporibus.',NULL,NULL,0,0,'Magni voluptatum aut ab ipsam eos quia.','Beamer brauch ein VGA Kabel!','2014-12-25 21:36:42','2014-12-25 21:36:42'),(69,'Model','Sony','Beamer 2 id','67','Ipsum esse commodi non fugit et molestiae et.','Ducimus vero in explicabo iusto doloribus et.',NULL,NULL,0,0,'Aliquam esse non aut itaque voluptates aperiam.','Beamer brauch ein VGA Kabel!','2014-12-25 21:36:42','2014-12-25 21:36:42'),(70,'Model','Sony','Beamer 3 natus','68','Aut ipsa voluptate minus odio cupiditate.','Ipsum fugiat aut facilis nemo laudantium fugit porro.',NULL,NULL,0,0,'Deserunt qui nemo ipsa pariatur doloremque est possimus.','Beamer brauch ein VGA Kabel!','2014-12-25 21:36:42','2014-12-25 21:36:42'),(71,'Model','Sony','Beamer 4 voluptas','69','Quaerat amet repudiandae delectus nostrum et quia sint.','Inventore debitis soluta minus nulla.',NULL,NULL,0,0,'Sed aut voluptas nihil earum et.','Beamer brauch ein VGA Kabel!','2014-12-25 21:36:42','2014-12-25 21:36:42'),(72,'Model','Sony','Beamer 5 et','70','Nihil et architecto est et dolores.','Doloribus eligendi expedita placeat quisquam.',NULL,NULL,0,0,'Eos aliquid rerum ipsam.','Beamer brauch ein VGA Kabel!','2014-12-25 21:36:42','2014-12-25 21:36:42'),(73,'Model','Sony','Beamer 6 quisquam','71','Sed eaque non aut quos debitis voluptatem.','Velit ad et vel.',NULL,NULL,0,0,'Voluptates in quis est et odio necessitatibus aspernatur sed.','Beamer brauch ein VGA Kabel!','2014-12-25 21:36:42','2014-12-25 21:36:42'),(74,'Model','Sony','Beamer 7 et','72','Expedita cum voluptatum sint enim.','Recusandae sapiente corrupti hic fugiat voluptatem itaque.',NULL,NULL,0,0,'Est ullam aut inventore in.','Beamer brauch ein VGA Kabel!','2014-12-25 21:36:42','2014-12-25 21:36:42'),(75,'Model','Sony','Beamer 8 voluptatem','73','Odio et maiores inventore cupiditate.','Qui beatae quo officia accusantium necessitatibus quia officiis et.',NULL,NULL,0,0,'Sed earum dolore debitis id eaque velit.','Beamer brauch ein VGA Kabel!','2014-12-25 21:36:42','2014-12-25 21:36:42'),(76,'Model','Sony','Beamer 9 ad','74','Atque autem ad soluta maxime rem repellendus excepturi dolorem.','Veniam autem eligendi et.',NULL,NULL,0,0,'Exercitationem cumque praesentium officia ipsa molestias nisi numquam quaerat.','Beamer brauch ein VGA Kabel!','2014-12-25 21:36:42','2014-12-25 21:36:42'),(77,'Model','Sony','Beamer 10 aut','75','Architecto sit saepe placeat.','Enim fugiat nisi aut tempora.',NULL,NULL,0,0,'Est et consequatur est qui et.','Beamer brauch ein VGA Kabel!','2014-12-25 21:36:42','2014-12-25 21:36:42'),(78,'Model','Sony','Beamer 11 laboriosam','76','Quis corrupti repellendus nihil et.','Maxime tempora facilis voluptatem quo consequatur tenetur.',NULL,NULL,0,0,'Est sunt quisquam laborum ex optio.','Beamer brauch ein VGA Kabel!','2014-12-25 21:36:42','2014-12-25 21:36:42'),(79,'Model','Sony','Beamer 12 culpa','77','Nihil vel alias blanditiis.','Nam sit aut eveniet repellat quia.',NULL,NULL,0,0,'Est aliquid et facere.','Beamer brauch ein VGA Kabel!','2014-12-25 21:36:42','2014-12-25 21:36:42'),(80,'Model','Sony','Beamer 13 rerum','78','Aut eligendi optio doloremque.','Qui dolor aut placeat et.',NULL,NULL,0,0,'Atque voluptas magni expedita.','Beamer brauch ein VGA Kabel!','2014-12-25 21:36:42','2014-12-25 21:36:42'),(81,'Model','Sony','Beamer 14 enim','79','Ipsa possimus deserunt quisquam.','Id dolor voluptatem atque.',NULL,NULL,0,0,'Dolores harum suscipit maxime aut.','Beamer brauch ein VGA Kabel!','2014-12-25 21:36:42','2014-12-25 21:36:42'),(82,'Model','Sony','Beamer 15 laudantium','80','Quod beatae nisi consequatur.','Sed delectus non et.',NULL,NULL,0,0,'Sint quasi aut provident.','Beamer brauch ein VGA Kabel!','2014-12-25 21:36:42','2014-12-25 21:36:42'),(83,'Model','Sony','Beamer 16 molestiae','81','Enim ut suscipit sunt autem inventore et.','Suscipit aliquid quibusdam voluptatem.',NULL,NULL,0,0,'Ut eaque dolores eveniet.','Beamer brauch ein VGA Kabel!','2014-12-25 21:36:42','2014-12-25 21:36:42'),(84,'Model','Sony','Beamer 17 necessitatibus','82','Numquam ex quis ea quisquam distinctio non eum.','Dolores a eligendi culpa dignissimos.',NULL,NULL,0,0,'Veritatis est impedit eos id.','Beamer brauch ein VGA Kabel!','2014-12-25 21:36:42','2014-12-25 21:36:42'),(85,'Model','Sony','Beamer 18 odio','83','Harum itaque doloribus accusantium occaecati consequatur temporibus saepe.','Ex explicabo ea ipsam recusandae earum beatae.',NULL,NULL,0,0,'Maxime in ut magnam blanditiis aut laudantium quae temporibus.','Beamer brauch ein VGA Kabel!','2014-12-25 21:36:42','2014-12-25 21:36:42'),(86,'Model','Sony','Beamer 19 in','84','Error placeat soluta quaerat sequi nihil et est laborum.','Qui voluptatem quaerat sequi deserunt neque quia molestiae.',NULL,NULL,0,0,'Quas quibusdam iusto et nemo ab.','Beamer brauch ein VGA Kabel!','2014-12-25 21:36:42','2014-12-25 21:36:42'),(87,'Model','Sony','Beamer 20 quaerat','85','Aliquid quasi expedita distinctio voluptas est assumenda reiciendis.','Consequatur minima est quo modi sapiente iusto exercitationem quia.',NULL,NULL,0,0,'Ex esse quisquam cupiditate perferendis consectetur.','Beamer brauch ein VGA Kabel!','2014-12-25 21:36:42','2014-12-25 21:36:42'),(88,'Model','Nikon','Kamera Nikon','X12','Super Kamera.','Consequatur et non doloremque vel eaque adipisci ut.',NULL,NULL,0,0,'Facilis enim eius impedit accusantium officia.','Kamera brauch Akkus!','2014-12-25 21:36:42','2014-12-25 21:36:42'),(89,'Model','Nikon','Camera 1 illum','86','Reiciendis pariatur praesentium nisi expedita aut fugit.','Reiciendis qui error et.',NULL,NULL,0,0,'Possimus temporibus quibusdam saepe est delectus.','Iusto ut consequatur libero non.','2014-12-25 21:36:42','2014-12-25 21:36:42'),(90,'Model','Nikon','Camera 2 voluptates','87','Inventore blanditiis aliquam maxime.','Assumenda tempora ut et cumque molestiae.',NULL,NULL,0,0,'Id eum quod dolorem officiis pariatur.','Deserunt sit odit dolorum.','2014-12-25 21:36:42','2014-12-25 21:36:42'),(91,'Model','Nikon','Camera 3 qui','88','Aut incidunt qui rerum facilis.','Est ut libero in non excepturi.',NULL,NULL,0,0,'Illo aut velit dolore.','Numquam eos dolorum consequatur laudantium.','2014-12-25 21:36:42','2014-12-25 21:36:42'),(92,'Model','Nikon','Camera 4 est','89','Quo aut sit hic eos.','Commodi nihil repellat maiores exercitationem.',NULL,NULL,0,0,'Accusantium ex quis exercitationem voluptas inventore qui magni maiores.','Exercitationem vel qui neque veritatis molestias.','2014-12-25 21:36:42','2014-12-25 21:36:42'),(93,'Model','Nikon','Camera 5 consequatur','90','Aut id vero temporibus voluptatum.','At commodi corrupti est.',NULL,NULL,0,0,'Qui ducimus corrupti optio.','Molestias sunt iste temporibus aut eos dolorem unde rerum.','2014-12-25 21:36:42','2014-12-25 21:36:42'),(94,'Model','Nikon','Camera 6 modi','91','Culpa est alias fugiat.','Commodi dolor sapiente maxime veniam sed.',NULL,NULL,0,0,'Magnam adipisci vitae consequatur perspiciatis quo aliquam.','Unde voluptates eos id voluptas est fugiat expedita in.','2014-12-25 21:36:42','2014-12-25 21:36:42'),(95,'Model','Nikon','Camera 7 nihil','92','Voluptatem nisi quia et autem necessitatibus totam.','Aut ut nihil autem debitis quaerat.',NULL,NULL,0,0,'Repellendus fuga dignissimos voluptas.','Id est consectetur asperiores quia provident iusto laboriosam.','2014-12-25 21:36:42','2014-12-25 21:36:42'),(96,'Model','Nikon','Camera 8 veniam','93','Quis corrupti ut vel.','Consequatur fugiat autem fugit sint.',NULL,NULL,0,0,'Rem ut libero modi.','Nihil facere consequuntur quaerat omnis.','2014-12-25 21:36:42','2014-12-25 21:36:42'),(97,'Model','Nikon','Camera 9 consectetur','94','Blanditiis suscipit eum quod voluptatibus.','Perferendis harum illo qui aut voluptatem ipsam deleniti perspiciatis.',NULL,NULL,0,0,'Consequatur architecto consequatur quo impedit dolor error officia.','Tenetur eos tempora harum dolorem blanditiis.','2014-12-25 21:36:42','2014-12-25 21:36:42'),(98,'Model','Nikon','Camera 10 nesciunt','95','Dolorem quae ut nihil cum consequatur quam.','Maiores voluptatem quia aspernatur non molestiae rerum molestiae dolor.',NULL,NULL,0,0,'Sunt et perspiciatis et accusamus laudantium enim blanditiis.','Repudiandae et aut sit amet.','2014-12-25 21:36:42','2014-12-25 21:36:42'),(99,'Model','Nikon','Camera 11 voluptatem','96','Dolorem minima ut et voluptatem nam.','Et ullam doloribus exercitationem aut dolorem quod sequi veritatis.',NULL,NULL,0,0,'Nulla et voluptas quas.','Vel voluptates itaque officia non quo et ea.','2014-12-25 21:36:42','2014-12-25 21:36:42'),(100,'Model','Nikon','Camera 12 autem','97','Voluptatum at consequatur fugit in.','Ea voluptatem voluptas rerum odit.',NULL,NULL,0,0,'Fugiat eos eaque velit est debitis in facilis.','Id dicta iusto porro rerum et hic accusamus.','2014-12-25 21:36:42','2014-12-25 21:36:42'),(101,'Model','Nikon','Camera 13 similique','98','Adipisci quidem dignissimos assumenda rerum ex sint laboriosam praesentium.','Sed ipsam provident molestias id earum dolorum natus et.',NULL,NULL,0,0,'Similique ratione et sed et veritatis corporis laudantium.','Nostrum quidem eos nesciunt.','2014-12-25 21:36:42','2014-12-25 21:36:42'),(102,'Model','Nikon','Camera 14 tempora','99','Quas doloribus consequatur molestiae ut est at.','Officia magnam blanditiis non commodi quisquam illum.',NULL,NULL,0,0,'Ut totam voluptatem amet ad odit dignissimos.','Sint officiis ut et nesciunt et soluta ab id.','2014-12-25 21:36:42','2014-12-25 21:36:42'),(103,'Model','Nikon','Camera 15 incidunt','100','Ullam laborum quo assumenda necessitatibus.','Reprehenderit tempore minima magni aut harum aut doloremque molestiae.',NULL,NULL,0,0,'Cum culpa mollitia non id voluptatem saepe sequi et.','Incidunt eum nihil vel esse.','2014-12-25 21:36:42','2014-12-25 21:36:42'),(104,'Model','Nikon','Camera 16 rerum','101','Aliquid error earum labore.','Et quasi placeat autem blanditiis.',NULL,NULL,0,0,'Quia neque rem voluptatem ratione autem qui.','Tempore cupiditate voluptates est tempora.','2014-12-25 21:36:42','2014-12-25 21:36:42'),(105,'Model','Nikon','Camera 17 incidunt','102','Dignissimos aspernatur quis quasi necessitatibus excepturi eius soluta.','Sit voluptatum laboriosam voluptatem sunt inventore officiis velit sed.',NULL,NULL,0,0,'Nostrum voluptatem nam ipsa ea asperiores.','Sed ad possimus inventore ea tenetur dicta.','2014-12-25 21:36:42','2014-12-25 21:36:42'),(106,'Model','Nikon','Camera 18 aut','103','Omnis et ipsum dolor.','Odio reprehenderit sequi eligendi ea ut omnis dignissimos ea.',NULL,NULL,0,0,'Ut expedita nemo cumque temporibus omnis est consectetur.','Dolor qui tenetur non et.','2014-12-25 21:36:42','2014-12-25 21:36:42'),(107,'Model','Nikon','Camera 19 ipsa','104','Consectetur totam suscipit quidem iusto.','Libero ut aspernatur autem nobis asperiores dolore molestiae.',NULL,NULL,0,0,'Voluptatem necessitatibus dolore quidem dolor atque sunt tenetur.','Nesciunt architecto voluptas consequatur.','2014-12-25 21:36:42','2014-12-25 21:36:42'),(108,'Model','Nikon','Camera 20 occaecati','105','Voluptatem velit qui illum ea.','Nostrum omnis eum et.',NULL,NULL,0,0,'Eos accusamus qui vero et sequi perferendis voluptatum quaerat.','Qui libero rerum dolor soluta.','2014-12-25 21:36:42','2014-12-25 21:36:42'),(109,'Model','Nikon','Camera 21 dolorum','106','Voluptatem iusto sequi corrupti.','Qui aliquid quis inventore.',NULL,NULL,0,0,'Voluptatem consectetur fugiat numquam dignissimos voluptas repellat est.','Debitis consequuntur id maxime alias ipsum incidunt ut.','2014-12-25 21:36:42','2014-12-25 21:36:42'),(110,'Model','Nikon','Camera 22 quas','107','Illum qui nemo placeat.','Culpa ad quas consequatur harum ut soluta accusamus aut.',NULL,NULL,0,0,'Eos consequatur voluptates rem minima corporis mollitia.','Totam at laboriosam sunt tempore qui.','2014-12-25 21:36:42','2014-12-25 21:36:42'),(111,'Model','Nikon','Camera 23 impedit','108','Amet reiciendis aliquid cum.','Qui dignissimos consequuntur quae quas est.',NULL,NULL,0,0,'Deserunt aut eius autem.','Ea eligendi quibusdam pariatur est culpa ut.','2014-12-25 21:36:42','2014-12-25 21:36:42'),(112,'Model','Nikon','Camera 24 est','109','Sunt sint hic doloribus ut.','Sit et dolore quasi.',NULL,NULL,0,0,'Dolorum explicabo sit pariatur et voluptates ut facilis.','Et sint aut et itaque eveniet.','2014-12-25 21:36:42','2014-12-25 21:36:42'),(113,'Model','Nikon','Camera 25 sint','110','Maxime deleniti occaecati et vitae quod molestias inventore aliquam.','At harum sapiente voluptas consequatur modi.',NULL,NULL,0,0,'Non repellat sed non rerum id est.','Id sed unde autem qui.','2014-12-25 21:36:42','2014-12-25 21:36:42'),(114,'Model','Nikon','Camera 26 voluptatem','111','Sequi est qui eaque est.','Ad ullam ut qui aut ex ut quaerat.',NULL,NULL,0,0,'Placeat minima omnis dolores quidem eligendi voluptas ea quasi.','Atque qui enim non quia quisquam nesciunt omnis.','2014-12-25 21:36:42','2014-12-25 21:36:42'),(115,'Model','Nikon','Camera 27 velit','112','Occaecati autem quam ut aut qui earum.','Eius est accusamus exercitationem reiciendis sunt sed id.',NULL,NULL,0,0,'Magnam alias distinctio voluptas.','Quae et et qui consectetur consequuntur.','2014-12-25 21:36:42','2014-12-25 21:36:42'),(116,'Model','Nikon','Camera 28 quia','113','Ut delectus enim vel.','Alias quasi at maxime.',NULL,NULL,0,0,'Voluptatem nostrum autem est.','Aperiam molestiae totam veniam ipsa.','2014-12-25 21:36:42','2014-12-25 21:36:42'),(117,'Model','Nikon','Camera 29 quo','114','Nemo provident deleniti quibusdam.','Iusto aliquam omnis est.',NULL,NULL,0,0,'Est consequatur placeat dolores id sint velit qui.','Quasi et sed maiores dolores cumque accusamus doloremque.','2014-12-25 21:36:42','2014-12-25 21:36:42'),(118,'Model','Nikon','Camera 30 ipsa','115','Repellat blanditiis ut harum vel necessitatibus consequatur ratione.','Doloremque ducimus cupiditate temporibus natus delectus voluptatem dolores debitis.',NULL,NULL,0,0,'Non est recusandae adipisci blanditiis repudiandae.','Accusantium laudantium est asperiores enim veritatis saepe distinctio magni.','2014-12-25 21:36:42','2014-12-25 21:36:42'),(119,'Model','Sony','Hifi Standard','116','Consequatur dolor voluptatem quisquam impedit sit magnam.','Maxime vero soluta possimus sequi.',NULL,NULL,0,0,'Blanditiis perferendis deserunt vero est inventore molestias.','Ut illo et enim cupiditate nihil sunt maiores tenetur.','2014-12-25 21:36:42','2014-12-25 21:36:42'),(120,'Model','Feli','Kamera Stativ','123','Stabiles Kamera Stativ','Ea qui et inventore voluptas.',NULL,NULL,0,0,'Facilis error repellendus repellat nisi.','Stativ muss mit Stativtasche ausgehndigt werden.','2014-12-25 21:36:42','2014-12-25 21:36:42'),(121,'Model','Bose','BoseFantastic Cotton Computer','117','Sint itaque atque sint quia suscipit et at. Doloremque voluptas tempora nesciunt sapiente. Dolorum ipsum dolorem inventore incidunt sed laudantium quia. Alias debitis quia hic quis neque quaerat necessitatibus. Occaecati et culpa molestias eos labore adipisci aperiam.','Molestiae eos eos aut qui odio.',NULL,NULL,0,0,'Velit et quo quo sed unde qui animi qui.','Ipsa velit illo ut et.','2014-12-25 21:36:42','2014-12-25 21:36:42'),(122,'Model','Bose','BoseGorgeous Cotton Shoes','118','Eveniet est quia eos beatae eius enim. Et aut molestiae nihil. Molestiae beatae voluptatem qui ut voluptate sed. Eveniet voluptas quia voluptates rerum et molestiae dolorem.','Voluptatibus perferendis quia non.',NULL,NULL,0,0,'Molestiae eius ut explicabo.','Consequatur temporibus explicabo soluta consequatur natus quis culpa labore.','2014-12-25 21:36:42','2014-12-25 21:36:42'),(123,'Model','Huel, Kautzer and Considine','Kamera Set','122','Aspernatur aliquam quaerat necessitatibus voluptas.','Temporibus dolorem ut sapiente et nihil ut eum.',NULL,NULL,3,1,'Corrupti reprehenderit sit soluta sint ab.','Ab optio ut quas et eaque.','2014-12-25 21:36:42','2014-12-25 21:36:42'),(124,'Model','Mitchell LLC','Practical Concrete Shoes','123','Cupiditate dicta quia animi et voluptatem.','Enim ad et neque porro nobis eos quo.',NULL,NULL,2,0,'Iste consequatur ab qui illo fuga non.','Quo vel facere consequatur.','2014-12-25 21:36:42','2014-12-25 21:36:42'),(125,'Model','Bailey, Hodkiewicz and Ward','Incredible Concrete Shoes','124','Voluptatem vitae est est facilis corrupti ex laborum molestiae.','Repellat quam quaerat qui labore dolorum fugiat repudiandae voluptates.',NULL,NULL,0,0,'Sed voluptatem quibusdam dolorem dolorum quos.','Voluptatem vitae aut earum maiores.','2014-12-25 21:36:42','2014-12-25 21:36:42'),(126,'Model','Corwin-Satterfield','Practical Rubber Computer','125','Quas deleniti maiores nisi laudantium unde nam.','Tenetur culpa eligendi id delectus qui.',NULL,NULL,3,0,'Fuga architecto excepturi quis dolore sed.','Aut recusandae veritatis mollitia perspiciatis voluptate.','2014-12-25 21:36:42','2014-12-25 21:36:42'),(127,'Model','Boyle, Huels and Rice','Incredible Rubber Table','126','Perferendis optio quisquam dolorem minus est dolorem et architecto.','Autem accusantium hic quibusdam.',NULL,NULL,1,0,'Qui sunt tempore et distinctio accusamus temporibus ab quas.','Suscipit temporibus perspiciatis corrupti quo.','2014-12-25 21:36:42','2014-12-25 21:36:42'),(128,'Model','Labadie, Roberts and Schimmel','Awesome Cotton Shoes','127','Neque labore sequi quam veritatis minus quis recusandae qui.','Magnam accusamus quis sit iure omnis impedit.',NULL,NULL,1,0,'Fuga dolores est praesentium provident.','Ipsam quis corrupti ad distinctio ut quibusdam voluptatem.','2014-12-25 21:36:42','2014-12-25 21:36:42'),(129,'Model','Bins and Sons','Small Concrete Table','128','Perferendis ab ullam aspernatur.','Eligendi esse numquam corrupti ea quia.',NULL,NULL,1,0,'Pariatur non sit et est eos qui.','Blanditiis aut ut velit sapiente voluptatem.','2014-12-25 21:36:42','2014-12-25 21:36:42'),(130,'Model','Thompson Group','Fantastic Cotton Car','129','Consectetur distinctio id officiis saepe.','Officiis veritatis labore qui tenetur.',NULL,NULL,1,0,'Atque rerum et accusantium rerum fugit iusto tempore distinctio.','Vel et qui excepturi voluptatem.','2014-12-25 21:36:42','2014-12-25 21:36:42'),(131,'Model','Cruickshank, Halvorson and DuBuque','Intelligent Steel Shoes','130','Minima dolor aut et tenetur dolores dolorem.','Placeat amet non iusto voluptas quidem dolor labore.',NULL,NULL,3,0,'Eum quo nemo qui cum aspernatur ullam.','Aspernatur eligendi est alias et dignissimos velit in.','2014-12-25 21:36:42','2014-12-25 21:36:42'),(132,'Model','Koss-Runolfsson','Small Rubber Table','131','A veritatis sed eos nihil dicta beatae incidunt consequatur.','Possimus et eius voluptates modi quia rerum aspernatur voluptas.',NULL,NULL,2,0,'Vel autem optio ut quas dolor.','Aliquid ullam repellendus unde.','2014-12-25 21:36:42','2014-12-25 21:36:42'),(133,'Model','Watsica-Gutmann','Small Concrete Chair','132','Incidunt eum dolorem dolorum cumque voluptatem.','Et voluptas sed deserunt odio ut quam.',NULL,NULL,0,0,'Voluptates delectus dolorum aut cum.','Ullam magni quia qui labore cum.','2014-12-25 21:36:42','2014-12-25 21:36:42'),(134,'Model','Ratke-Sauer','Practical Steel Hat','133','Et sequi molestiae non.','Corporis consequatur eos eum molestias.',NULL,NULL,0,0,'Repudiandae totam qui adipisci.','Eos neque et veniam itaque.','2014-12-25 21:36:42','2014-12-25 21:36:42'),(135,'Model','Kunze LLC','Practical Cotton Table','134','Veniam et reprehenderit dicta voluptatem at voluptatibus dolore impedit.','Voluptate cum qui suscipit aperiam similique explicabo.',NULL,NULL,2,0,'Enim laborum nesciunt ratione perspiciatis placeat.','Quibusdam ea assumenda eos consequatur est sed.','2014-12-25 21:36:42','2014-12-25 21:36:42'),(136,'Model','Price, Breitenberg and Gibson','Kamera Set2','135','Occaecati vel natus rerum.','Neque ipsam quod excepturi modi ullam ipsum ut dolore.',NULL,NULL,2,1,'Occaecati explicabo unde dolores suscipit tempore.','Inventore dolores et et aut et quis iste enim.','2014-12-25 21:36:42','2014-12-25 21:36:42'),(137,'Model','Hilll, Sporer and Feeney','Awesome Cotton Computer','136','Qui maxime illo doloribus quidem aliquam quas.','Quo quo blanditiis voluptates sed.',NULL,NULL,3,0,'Reiciendis commodi saepe aut voluptas error.','Est inventore voluptas eos officiis unde.','2014-12-25 21:36:42','2014-12-25 21:36:42'),(138,'Model','Hintz-Tromp','Sleek Rubber Shoes','137','Molestiae aut magnam asperiores.','Sunt et facere qui ducimus rerum delectus provident est.',NULL,NULL,2,0,'Fugit sunt optio deserunt qui architecto deleniti.','Voluptatem sunt animi nam suscipit pariatur ab voluptas reprehenderit.','2014-12-25 21:36:42','2014-12-25 21:36:42'),(139,'Model','Gerhold, Feil and Cremin','Rustic Rubber Gloves','138','Accusamus pariatur ut ab non sed nihil.','Iure quasi culpa repellendus.',NULL,NULL,1,0,'Ducimus rerum quia non.','Voluptatem provident quos dolorem non.','2014-12-25 21:36:42','2014-12-25 21:36:42'),(140,'Model','Grimes LLC','Gorgeous Cotton Gloves','139','Odio architecto quia esse reprehenderit ut et qui.','Aut sed consequatur sed qui.',NULL,NULL,0,0,'Quia eveniet hic omnis qui non.','Laudantium et et rerum.','2014-12-25 21:36:42','2014-12-25 21:36:42'),(141,'Model','Cartwright Group','Ergonomic Granite Computer','140','Laborum dolores deserunt sint officia et a natus minus.','Ut veniam dolores atque dolor.',NULL,NULL,1,0,'Totam fuga itaque rerum.','Nulla ut vel magni.','2014-12-25 21:36:42','2014-12-25 21:36:42'),(142,'Model','Jenkins-Kilback','Fantastic Steel Shirt','141','Ea ipsa fugit et quod non fuga quo.','Optio odit cupiditate molestias asperiores labore quam officiis.',NULL,NULL,2,0,'Voluptatum et reiciendis aut autem expedita.','Distinctio a consectetur sit libero expedita atque dolor velit.','2014-12-25 21:36:42','2014-12-25 21:36:42'),(143,'Model','Kutch and Sons','Rustic Wooden Computer','142','Quia est quod voluptas dolor mollitia.','Velit dolores laborum molestias eligendi sed et quibusdam eaque.',NULL,NULL,2,0,'Debitis quo in adipisci accusantium sequi dicta laboriosam molestiae.','Nam temporibus odit numquam vero quia.','2014-12-25 21:36:42','2014-12-25 21:36:42'),(144,'Model','Larson-Schaden','Incredible Wooden Table','143','Libero esse beatae architecto debitis.','Veritatis tenetur blanditiis ea.',NULL,NULL,1,0,'Laudantium quos qui soluta vel similique doloremque dicta.','Velit pariatur omnis cum consequatur consequatur blanditiis labore.','2014-12-25 21:36:42','2014-12-25 21:36:42'),(145,'Model','Schinner, Stamm and Morar','Rustic Cotton Hat','144','Quibusdam saepe id repellendus laboriosam suscipit magni impedit.','Nemo fugiat qui earum quidem voluptatum cumque.',NULL,NULL,0,0,'Suscipit eos sed nostrum labore.','Nihil voluptatem quos nesciunt sit harum soluta nulla.','2014-12-25 21:36:42','2014-12-25 21:36:42'),(146,'Model','McClure Group','Rustic Concrete Computer','145','Rerum dolores iusto nisi sint sed qui deleniti odit.','Placeat sit omnis qui.',NULL,NULL,2,0,'Provident quam nulla illum consequatur assumenda eaque non.','Sapiente impedit reprehenderit ipsum et debitis consequuntur.','2014-12-25 21:36:42','2014-12-25 21:36:42'),(147,'Model','Koelpin, Kutch and Yundt','Sleek Steel Shoes','146','Voluptas non voluptate sit fugit harum occaecati eaque.','Dolorem et ad voluptatibus dolor autem placeat esse sunt.',NULL,NULL,1,0,'Officiis necessitatibus autem repudiandae.','Nemo adipisci et voluptatem quae at beatae.','2014-12-25 21:36:42','2014-12-25 21:36:42'),(148,'Model','Hudson Group','Incredible Concrete Table','147','Doloribus assumenda corrupti nemo eaque ut.','Ut voluptas quisquam maiores velit rerum dicta.',NULL,NULL,1,0,'Non labore quae iusto aut quia esse voluptas odio.','Vitae est quis velit quae est.','2014-12-25 21:36:42','2014-12-25 21:36:42'),(149,'Model','Hyatt, Little and Wiza','Awesome Granite Chair','148','Quae vel tempore officia eveniet ipsam repellat voluptate harum.','Consectetur ut qui pariatur facilis voluptate dolorem.',NULL,NULL,2,0,'Blanditiis vel numquam officiis tenetur dolore nihil.','Perferendis accusantium dicta in officiis in voluptatibus.','2014-12-25 21:36:42','2014-12-25 21:36:42'),(150,'Model','Marvin Inc','Rustic Plastic Shoes','149','Minima molestias libero doloremque eos.','Vero hic optio et nobis dolorum enim voluptatibus.',NULL,NULL,2,0,'Officiis nemo vel reiciendis.','Harum id dolor et esse.','2014-12-25 21:36:42','2014-12-25 21:36:42'),(151,'Model','Funk-Kreiger','Ergonomic Concrete Gloves','150','Officiis eaque error et quia qui voluptatibus ipsa.','Vero accusamus aut ipsam voluptas qui quos voluptates qui.',NULL,NULL,3,0,'Tenetur veniam unde corporis suscipit quis.','Voluptas totam itaque laborum doloribus.','2014-12-25 21:36:42','2014-12-25 21:36:42'),(152,'Model','Balistreri Group','Sleek Granite Chair','151','Id perspiciatis itaque fuga ut et saepe at sequi.','Reiciendis eos pariatur consequatur ab commodi et.',NULL,NULL,3,0,'Molestiae soluta ut praesentium et ipsum molestias.','Reiciendis dolore accusantium qui nobis odit molestiae assumenda.','2014-12-25 21:36:42','2014-12-25 21:36:42'),(153,'Model','Canon','Kamera Canon D5','152','Ganz teure Kamera','Tempore consequatur sed quos.',NULL,NULL,0,0,'Ea sed autem sint.','Kamera brauch Akkus!','2014-12-25 21:36:42','2014-12-25 21:36:42'),(154,'Model','Apple','iMac','153','Apples alter iMac','Qui eaque similique culpa.',NULL,NULL,0,0,'Quam magni ipsam asperiores nobis consequatur unde esse.','Cumque dolor quibusdam accusantium quod.','2014-12-25 21:36:42','2014-12-25 21:36:42'),(155,'Model','Microsoft','Windows Laptop','154','Ein Laptop der Marke Microsoft','Qui voluptatem earum id alias consequatur aliquam totam nulla.',NULL,NULL,0,0,'Similique est velit autem.','Laptop mit Tasche ausgeben','2014-12-25 21:36:42','2014-12-25 21:36:42'),(156,'Model','Walkera','Walkera v120','1G','3D Helikopter','Consequatur itaque nisi aliquid corporis ducimus doloremque.',NULL,NULL,0,0,'Aperiam ea dignissimos sed magni.','Error quidem ea consequuntur rerum expedita sit.','2014-12-25 21:36:42','2014-12-25 21:36:42'),(157,'Model','Walkera','Walkera v120','2G','3D Helikopter','Aut dolorem repellendus itaque id odit excepturi est.',NULL,NULL,0,0,'Laudantium optio maxime est minima similique sit.','Ea earum et consequatur temporibus.','2014-12-25 21:36:42','2014-12-25 21:36:42'),(158,'Model','Walkera','Walkera v120','3G','3D Helikopter','Accusamus sed fuga veniam quidem et.',NULL,NULL,0,0,'Natus nam rerum sequi sunt omnis enim sed.','Ut ullam iusto harum minima.','2014-12-25 21:36:42','2014-12-25 21:36:42'),(159,'Software','Weissnat LLC','Incredible Plastic Pants','155',NULL,NULL,NULL,NULL,0,0,NULL,NULL,'2014-12-25 21:36:42','2014-12-25 21:36:42'),(160,'Software','Mills, Rath and Gusikowski','Ergonomic Cotton Chair','156',NULL,NULL,NULL,NULL,0,0,NULL,NULL,'2014-12-25 21:36:42','2014-12-25 21:36:42'),(161,'Software','West-Weber','Gorgeous Rubber Chair','157',NULL,NULL,NULL,NULL,0,0,NULL,NULL,'2014-12-25 21:36:42','2014-12-25 21:36:42'),(162,'Software','Howe Group','Incredible Granite Shirt','158',NULL,NULL,NULL,NULL,0,0,NULL,NULL,'2014-12-25 21:36:42','2014-12-25 21:36:42'),(163,'Software','Terry-Hartmann','Ergonomic Wooden Table','159',NULL,NULL,NULL,NULL,0,0,NULL,NULL,'2014-12-25 21:36:42','2014-12-25 21:36:42'),(164,'Software','Hand, Brekke and Stokes','Awesome Rubber Shirt','160',NULL,NULL,NULL,NULL,0,0,NULL,NULL,'2014-12-25 21:36:42','2014-12-25 21:36:42'),(165,'Software','Langosh Inc','Sleek Wooden Car','161',NULL,NULL,NULL,NULL,0,0,NULL,NULL,'2014-12-25 21:36:42','2014-12-25 21:36:42'),(166,'Software','Ruecker, Ritchie and Fritsch','Ergonomic Granite Chair','162',NULL,NULL,NULL,NULL,0,0,NULL,NULL,'2014-12-25 21:36:42','2014-12-25 21:36:42'),(167,'Software','Smith and Sons','Sleek Wooden Computer','163',NULL,NULL,NULL,NULL,0,0,NULL,NULL,'2014-12-25 21:36:42','2014-12-25 21:36:42'),(168,'Software','Pollich-Pagac','Practical Granite Gloves','164',NULL,NULL,NULL,NULL,0,0,NULL,NULL,'2014-12-25 21:36:42','2014-12-25 21:36:42'),(169,'Software','Hansen-Kohler','Practical Concrete Pants','165',NULL,NULL,NULL,NULL,0,0,NULL,NULL,'2014-12-25 21:36:42','2014-12-25 21:36:42'),(170,'Software','Kihn Inc','Incredible Rubber Shoes','166',NULL,NULL,NULL,NULL,0,0,'test http://test.ch\r\nwww.foo.ch\r\njust a text',NULL,'2014-12-25 21:36:42','2014-12-25 21:36:42'),(171,'Software','Douglas Inc','Gorgeous Cotton Shirt','167',NULL,NULL,NULL,NULL,0,0,'test http://test.ch\r\nwww.foo.ch\r\njust a text',NULL,'2014-12-25 21:36:42','2014-12-25 21:36:42'),(172,'Software','Cummerata LLC','Awesome Wooden Car','168',NULL,NULL,NULL,NULL,0,0,NULL,NULL,'2014-12-25 21:36:42','2014-12-25 21:36:42'),(173,'Model','Krajcik-Hartmann','Ergonomic Steel Shoes',NULL,'Qui nesciunt earum a.','Quia minus molestiae accusamus odio consequatur officia.',NULL,NULL,3,0,'Nobis recusandae quis qui et.','Sed facere aperiam deleniti.','2014-12-25 21:36:42','2014-12-25 21:36:42'),(174,'Model','Murray, Pagac and Murazik','Intelligent Cotton Table','169','Totam nam quo animi quidem optio omnis cupiditate omnis.','Cumque sed dolorem odit.',NULL,NULL,1,0,'Amet saepe ipsum eius eum laudantium molestiae recusandae sed.','Ut aut vero fugit suscipit eveniet.','2014-12-19 22:45:15','2014-12-19 22:45:15'),(175,'Model','Stoltenberg-Metz','Ergonomic Plastic Car','170','Sed rerum voluptatibus cupiditate eligendi aut a perferendis.','Ea soluta ut nisi.',NULL,NULL,3,0,'Error et non animi architecto.','Ut aut ex omnis repellendus voluptatem repellat.','2014-12-19 22:45:16','2014-12-19 22:45:16'),(176,'Model','Kuvalis, Nader and Hauck','Practical Cotton Shirt','171','Beatae est et error deleniti autem.','Repellendus velit eligendi officia qui.',NULL,NULL,2,0,'Vel est quidem rem inventore veritatis quaerat.','Consequatur quia modi nostrum sapiente nihil temporibus.','2014-12-19 22:45:16','2014-12-19 22:45:16'),(177,'Model','Boehm, Crona and Shanahan','Rustic Granite Computer','172','Et a quidem laudantium et reiciendis rerum velit.','Autem rerum odit consequatur cumque.',NULL,NULL,2,0,'Tenetur rerum ratione dolor id illo.','Laboriosam id voluptatem officiis vel.','2014-12-19 22:45:16','2014-12-19 22:45:16'),(178,'Model','Connelly-Herman','Rustic Plastic Pants','173','Vel harum quas itaque.','Cumque magnam labore perferendis.',NULL,NULL,2,0,'Temporibus nostrum doloremque cupiditate non ut consectetur corrupti.','Quas placeat quia delectus sint ea eveniet ut.','2014-12-19 22:45:16','2014-12-19 22:45:16'),(179,'Model','Schuppe-Robel','Small Cotton Pants','174','Non veniam omnis quibusdam ea doloremque.','Eum rerum quam maiores.',NULL,NULL,0,0,'Eligendi voluptas sapiente qui accusantium cumque dolor adipisci.','At illum perferendis voluptatem nam voluptatem sunt.','2014-12-19 22:45:16','2014-12-19 22:45:16'),(180,'Model','Hudson, Sipes and Hirthe','Practical Cotton Shoes','175','Ut sequi odit neque quam ut provident.','Sint iure eveniet qui.',NULL,NULL,1,0,'Ut velit est sit et impedit vel accusantium dolores.','Doloremque praesentium dolor est expedita nemo.','2014-12-19 22:45:16','2014-12-19 22:45:16'),(181,'Model','Erdman-Russel','Practical Plastic Shoes','176','Maxime et corporis praesentium autem dolores earum consequatur rerum.','Dolorem aut blanditiis rem voluptate voluptas quos.',NULL,NULL,2,0,'Libero soluta molestiae qui veritatis et.','Ab et est et.','2014-12-19 22:45:16','2014-12-19 22:45:16'),(182,'Model','Streich, Abbott and Barrows','Gorgeous Granite Hat','177','Perferendis laborum unde quasi et dolores velit.','Cumque iste perspiciatis accusantium voluptatem eveniet quibusdam laborum.',NULL,NULL,3,0,'Adipisci dolor soluta voluptate facere doloribus dicta.','Iure aspernatur placeat facilis aut sed voluptatem.','2014-12-19 22:45:16','2014-12-19 22:45:16'),(183,'Model','Schroeder-Kautzer','Rustic Wooden Gloves','178','Vero cum dolor pariatur quaerat reprehenderit rerum quae officiis.','Et occaecati expedita tempore nemo saepe est enim ea.',NULL,NULL,1,0,'Qui sed rem vero et repudiandae.','Ipsa possimus minima cumque ex ipsam sequi velit.','2014-12-19 22:45:16','2014-12-19 22:45:16'),(184,'Model','Satterfield Group','Incredible Rubber Car','179','Sapiente reiciendis omnis ut esse.','Voluptatibus doloremque quisquam at.',NULL,NULL,2,0,'Quidem assumenda exercitationem est sit facilis architecto aliquid.','Suscipit veritatis vitae officiis.','2014-12-19 22:45:16','2014-12-19 22:45:16'),(185,'Model','Connelly, Quigley and Kohler','Small Wooden Chair','180','Est consequatur ut consequatur ea.','Minus hic magni autem voluptate quis harum odio id.',NULL,NULL,0,0,'Et enim tempore inventore minus pariatur.','Dolor aut occaecati ipsa impedit sint fugit.','2014-12-19 22:45:16','2014-12-19 22:45:16'),(186,'Model','Schroeder and Sons','Intelligent Granite Pants','181','Quo est omnis vel sed quia officia.','In natus suscipit rerum deleniti.',NULL,NULL,3,0,'Dignissimos delectus aut voluptatum.','Animi laboriosam quibusdam quaerat maiores aut aspernatur numquam ipsum.','2014-12-19 22:45:16','2014-12-19 22:45:16'),(187,'Model','Hegmann-Stiedemann','Small Granite Hat','182','Harum voluptatem vero sit.','Sed consequatur dolor non non nam voluptas necessitatibus tempore.',NULL,NULL,0,0,'Ipsam ratione qui expedita repellat eveniet.','Voluptas id odio maxime vel quidem at molestias et.','2014-12-19 22:45:16','2014-12-19 22:45:16'),(188,'Model','Hodkiewicz-Jacobs','Practical Plastic Gloves','183','Blanditiis hic velit dolorem et quo.','Et non ducimus nemo ut iure aliquam iste quasi.',NULL,NULL,1,0,'Ipsa labore ea nulla et.','Explicabo aliquam perspiciatis et quia.','2014-12-19 22:45:16','2014-12-19 22:45:16'),(189,'Model','Hayes-Simonis','Rustic Concrete Shirt','184','Consectetur et molestias natus ipsam quis eos aspernatur.','Natus assumenda eum laboriosam nesciunt magnam.',NULL,NULL,2,0,'Soluta magnam voluptate modi.','Ducimus sequi aut voluptatem sit corrupti et earum sunt.','2014-12-19 22:45:16','2014-12-19 22:45:16'),(190,'Model','Dickinson and Sons','Awesome Granite Hat','185','Velit rem qui consectetur reprehenderit optio.','Quibusdam modi aut ut voluptatem ut.',NULL,NULL,3,0,'Consectetur aut sit enim aut reprehenderit et.','Repellat officia pariatur omnis et asperiores modi fugiat velit.','2014-12-19 22:45:16','2014-12-19 22:45:16'),(191,'Model','Hessel, Bins and Littel','Ergonomic Concrete Computer','186','Porro animi qui ad dolores qui.','Amet ullam voluptatem ut.',NULL,NULL,2,0,'Non esse sit expedita culpa reiciendis delectus.','Voluptatibus nesciunt modi provident tempore minima sunt.','2014-12-19 22:45:16','2014-12-19 22:45:16'),(192,'Model','Jaskolski Inc','Practical Concrete Computer','187','In repellat magni velit quas neque voluptatem commodi.','Qui quam tempore excepturi laudantium eos.',NULL,NULL,2,0,'Delectus magni repellendus consectetur cupiditate.','Vero deleniti ad suscipit quia soluta.','2014-12-19 22:45:16','2014-12-19 22:45:16'),(193,'Model','Reinger, Strosin and Aufderhar','Awesome Plastic Table','188','Nam corrupti voluptas vitae hic sunt assumenda.','Voluptate culpa et voluptatibus.',NULL,NULL,0,0,'Laborum aperiam qui non consequatur minus ab.','Amet ut et necessitatibus reiciendis aliquam quam odit.','2014-12-19 22:45:16','2014-12-19 22:45:16'),(194,'Model','Jerde, Kuvalis and Jakubowski','Awesome Steel Table','189','Nobis iure vel omnis.','Aut quam et sequi fugiat perspiciatis.',NULL,NULL,3,0,'Minus rerum dolorum ea.','Adipisci quos voluptatem quo quis nulla harum nihil sit.','2014-12-19 22:45:16','2014-12-19 22:45:16'),(195,'Model','Dach Inc','Gorgeous Wooden Computer','190','Dolores ullam tempora quis.','Neque esse expedita fugiat corporis explicabo minima.',NULL,NULL,1,0,'Aut laboriosam explicabo et ipsum ut tenetur saepe.','Quo voluptates ea eos laboriosam.','2014-12-19 22:45:16','2014-12-19 22:45:16'),(196,'Model','Nienow-Homenick','Incredible Steel Shirt','191','Et magnam dolore incidunt voluptatem iusto et deserunt.','Sit sed eos et fugiat architecto.',NULL,NULL,1,0,'Velit id magnam voluptas.','Id est quibusdam beatae laboriosam autem dolorem aut eaque.','2014-12-19 22:45:16','2014-12-19 22:45:16'),(197,'Model','Hintz Group','Practical Steel Chair','192','Consequatur et illum itaque labore ea autem est.','Ratione similique eos corrupti consequatur hic soluta aut impedit.',NULL,NULL,2,0,'Sunt ad et asperiores sequi aut pariatur.','Ipsum eum sed repellat.','2014-12-19 22:45:16','2014-12-19 22:45:16'),(198,'Model','Schultz-Friesen','Practical Wooden Gloves','193','Vero pariatur omnis autem illum.','Quo ipsum labore corrupti inventore harum.',NULL,NULL,1,0,'Est pariatur omnis qui maiores ullam.','Sunt sequi velit aut omnis est.','2014-12-25 05:56:25','2014-12-25 05:56:25'),(199,'Model','Kuphal LLC','Small Steel Hat','194','Ea dolor exercitationem porro.','Minus voluptas dolore dolorem odit non voluptates ut.',NULL,NULL,2,0,'Iusto animi consequatur similique accusamus quia.','Totam sed nihil maiores deleniti saepe.','2014-12-25 05:56:25','2014-12-25 05:56:25'),(200,'Model','Orn Inc','Fantastic Granite Pants','195','Rerum dignissimos laudantium eveniet voluptatem aut eum dicta.','Non et autem natus ipsam tempora accusamus ad.',NULL,NULL,2,0,'In perspiciatis et sit quia officia quos non.','Error dolor modi ipsam velit excepturi adipisci sed.','2014-12-25 05:56:25','2014-12-25 05:56:25'),(201,'Model','Wyman, Lockman and Lang','Awesome Wooden Pants','196','Adipisci totam ipsam at.','Recusandae accusamus architecto consequuntur non nemo fugit quis est.',NULL,NULL,1,0,'Necessitatibus dolorum in nemo omnis natus.','Error architecto quod odit dolorum neque.','2014-12-25 05:56:25','2014-12-25 05:56:25'),(202,'Model','Kihn, Corkery and Nienow','Rustic Steel Shirt','197','Consequatur rem id ullam et eaque odit.','Reiciendis pariatur repellendus totam earum voluptatem ut excepturi id.',NULL,NULL,0,0,'At inventore et doloribus.','Dolor libero ut impedit qui ut.','2014-12-25 05:56:25','2014-12-25 05:56:25'),(203,'Model','Pouros Inc','Sleek Plastic Gloves','198','Harum repellat non asperiores dicta laboriosam consequuntur odio.','Eos dolorem nihil dolor temporibus est aliquid veniam quasi.',NULL,NULL,2,0,'Repudiandae nulla tempora adipisci excepturi exercitationem repellendus.','Sed harum illum ea suscipit aliquam placeat velit dolores.','2014-12-19 10:22:33','2014-12-19 10:22:33'),(204,'Model','Leffler-Lueilwitz','Practical Wooden Car','199','Accusamus ex sed ipsa et illum iste error ut.','Pariatur qui sit libero placeat beatae facere.',NULL,NULL,2,0,'Sit optio assumenda perferendis facilis sint in reprehenderit.','Facilis quia nostrum expedita.','2014-12-19 10:22:33','2014-12-19 10:22:33'),(205,'Model','Hickle and Sons','Rustic Cotton Gloves','200','Molestias ut aperiam molestiae vel quia nemo.','Qui ducimus repellendus id velit consequatur placeat voluptatem repellat.',NULL,NULL,0,0,'Nostrum est quia distinctio.','Doloremque rerum magnam esse ipsa itaque.','2014-12-19 10:22:33','2014-12-19 10:22:33'),(206,'Model','Balistreri LLC','Intelligent Plastic Shirt','201','Repudiandae et et occaecati.','Illum beatae eligendi quaerat ullam.',NULL,NULL,1,0,'Ut at quis quia suscipit voluptas assumenda nisi.','Minus nisi quis tempora dolor iusto ut.','2014-12-19 10:22:33','2014-12-19 10:22:33'),(207,'Model','Rohan Group','Rustic Steel Computer','202','Vitae molestiae fuga excepturi nesciunt dolores sit.','Molestias sint ut quia.',NULL,NULL,3,0,'Dolor tempore voluptate nihil ea nihil vel ad.','Accusantium ex qui repellendus incidunt qui.','2014-12-19 10:22:33','2014-12-19 10:22:33'),(208,'Model','Reichert-Welch','Fantastic Plastic Gloves','203','Totam adipisci sit corrupti hic perferendis tempora provident occaecati.','Dicta est natus mollitia dolore et accusantium.',NULL,NULL,0,0,'Est qui dolorem saepe non quia debitis.','Explicabo illo veritatis ut deleniti sapiente tempore reiciendis id.','2014-12-19 10:22:33','2014-12-19 10:22:33'),(209,'Model','Bosco, Stokes and Wisozk','Intelligent Plastic Computer','204','Et enim non commodi perspiciatis.','Ad delectus consequuntur nemo.',NULL,NULL,0,0,'Iusto sint fugiat minus quaerat ipsam blanditiis necessitatibus at.','Nam nihil eos quia quam.','2014-12-19 10:22:33','2014-12-19 10:22:33'),(210,'Model','Hagenes-Grant','Intelligent Steel Table','205','Quia voluptates et nostrum dicta.','Dolorem voluptate architecto perspiciatis labore perferendis.',NULL,NULL,3,0,'Voluptatem nihil error sequi voluptatum qui est.','Ratione ea eligendi ipsam nemo in.','2014-12-25 21:36:42','2014-12-25 21:36:42'),(211,'Model','Rohan Group','Incredible Granite Shoes','206','Ad iure qui voluptatem fugit.','Consequatur odio magni delectus explicabo quam sed.',NULL,NULL,1,0,'Non aut ut aperiam voluptatem sequi quos.','Nihil sint vero nihil est.','2014-12-25 21:36:42','2014-12-25 21:36:42'),(212,'Model','Medhurst and Sons','Small Rubber Car','207','Et minus earum consequatur deserunt voluptatem.','Culpa vel quam pariatur facere.',NULL,NULL,1,0,'Et laborum corporis velit.','Qui rerum recusandae eveniet incidunt.','2014-12-25 21:36:42','2014-12-25 21:36:42'),(213,'Model','Lesch, Bartoletti and Kemmer','Fantastic Rubber Chair','208','Voluptates totam quia ducimus dolorem.','Modi quaerat id qui mollitia sapiente earum doloremque.',NULL,NULL,2,0,'Officiis qui ut porro sint hic distinctio enim nihil.','Quas et quo fugit amet et neque a.','2014-12-25 21:36:42','2014-12-25 21:36:42'),(214,'Model','Blick, Crist and Mills','Intelligent Concrete Hat','209','Dolor quod aut perspiciatis et error rerum qui quisquam.','Facere rerum possimus quam.',NULL,NULL,3,0,'Ut qui laborum cupiditate cum aspernatur.','Sed impedit molestias aut voluptatem excepturi eius ratione molestiae.','2014-12-25 21:36:42','2014-12-25 21:36:42'),(215,'Model','Beier Inc','Incredible Steel Shoes','210','Itaque dignissimos et velit provident aut.','Et repellat est ut est cupiditate nisi incidunt.',NULL,NULL,1,0,'Eius et maxime vero illo expedita.','Corporis sit temporibus nihil earum.','2014-12-25 21:36:42','2014-12-25 21:36:42'),(216,'Model','Schmidt-Hane','Incredible Steel Hat','211','Tempora qui quam dolor quos eveniet distinctio.','Fugit voluptate aperiam voluptatibus.',NULL,NULL,0,0,'Velit sit repellat consequatur sed consequuntur ut vel.','Aliquid sit voluptatibus rerum provident dolores dolorem cumque quia.','2014-12-25 21:36:42','2014-12-25 21:36:42'),(217,'Model','Cole-Hammes','Practical Plastic Computer','212','Molestiae omnis tempore quod quis.','Tempora perferendis eaque voluptatem at aut.',NULL,NULL,3,0,'At quaerat sint sit.','Qui sed id voluptatem ut repellat vero consequatur.','2014-12-25 21:36:42','2014-12-25 21:36:42'),(218,'Model','Bahringer-Pollich','Awesome Steel Gloves','213','Repudiandae eius repellat et sit et.','Quas expedita occaecati esse.',NULL,NULL,2,0,'Quia nostrum aut necessitatibus.','Aspernatur possimus eos voluptatum dolorem.','2014-12-25 21:36:42','2014-12-25 21:36:42'),(219,'Model','Cole, Upton and Trantow','Awesome Granite Computer','214','Ut placeat eius est sequi recusandae iste unde.','Nostrum placeat debitis possimus et repellendus.',NULL,NULL,0,0,'Omnis omnis nisi incidunt ut voluptas sequi ut nihil.','Ratione cumque id et.','2014-12-25 21:36:42','2014-12-25 21:36:42'),(220,'Model','Schinner-Miller','Gorgeous Steel Car','215','Ipsam vero tempore aut ratione nostrum.','Aspernatur quos voluptatibus voluptatum dolore nulla molestiae facilis similique.',NULL,NULL,2,0,'Et doloribus molestias incidunt.','Tempora nihil quo sunt porro quod.','2014-12-25 21:36:42','2014-12-25 21:36:42'),(221,'Model','Schimmel-Kuhic','Incredible Concrete Computer','216','Aut itaque qui sit ut.','Aperiam rem ut repellendus recusandae omnis aliquid optio et.',NULL,NULL,1,0,'Natus dolorum aut dolorem voluptatem ex recusandae adipisci.','Perferendis enim omnis consequuntur commodi ex nihil.','2014-12-25 21:36:42','2014-12-25 21:36:42'),(222,'Model','Schuster, Hodkiewicz and Wiegand','Incredible Cotton Shoes','217','Ullam natus enim et adipisci mollitia omnis est.','In ipsum sed omnis et.',NULL,NULL,0,0,'Voluptatum et id rem dolorem impedit.','Est possimus quas eum accusantium.','2014-12-25 21:36:42','2014-12-25 21:36:42'),(223,'Model','Ortiz, Hartmann and Zboncak','Fantastic Cotton Table','218','Autem et ut exercitationem.','Nisi adipisci a ut iste ex et laudantium quae.',NULL,NULL,2,0,'Temporibus ipsum atque est ea.','Non ab voluptatibus saepe eum et illum.','2014-12-25 21:36:42','2014-12-25 21:36:42'),(224,'Model','Harber-Denesik','Small Steel Computer','219','Neque velit autem porro est quae.','Molestiae et adipisci facilis sint distinctio autem.',NULL,NULL,2,0,'Fugit ut et rem sunt sed cumque.','At fugit voluptas illo soluta quas maiores natus.','2014-12-25 21:36:42','2014-12-25 21:36:42'),(225,'Model','Walker-Schneider','Ergonomic Wooden Chair','220','Tenetur autem optio ipsa enim atque non.','Soluta corporis ut veniam fugiat et a sunt.',NULL,NULL,3,0,'Cum rem ipsam quis est exercitationem quos corporis.','Vero nesciunt sit sed.','2014-12-25 21:36:42','2014-12-25 21:36:42'),(226,'Model','Collins Group','Intelligent Granite Car','221','Omnis sit amet ut quas impedit.','Amet sed inventore vel quos alias rem assumenda sit.',NULL,NULL,0,0,'Delectus praesentium numquam non ut.','Neque ex reiciendis aliquam.','2014-12-25 21:36:42','2014-12-25 21:36:42'),(227,'Model','Mills Group','Awesome Concrete Table','222','Voluptate et voluptatum et nobis ut numquam.','Et voluptatem eaque omnis dolores.',NULL,NULL,0,0,'Explicabo aut mollitia iure quis nulla temporibus.','Consectetur sed amet velit ea non.','2014-12-25 21:36:42','2014-12-25 21:36:42'),(228,'Model','Bartoletti-Johns','Gorgeous Cotton Table','223','Minus ut vel aut dolor aut iusto voluptas.','Voluptas voluptatem quidem nobis quam fugiat laudantium rerum.',NULL,NULL,1,0,'Natus et quam perspiciatis nostrum rem sit.','Aut dolorem qui temporibus impedit.','2014-12-25 21:36:42','2014-12-25 21:36:42'),(229,'Model','Glover LLC','Intelligent Concrete Computer','224','Qui totam rerum alias ea.','Quidem ut sed nulla.',NULL,NULL,3,0,'Quo ipsum non pariatur ut laudantium ea voluptatibus officiis.','Atque ut veritatis in quis sint vel tempore nam.','2014-12-25 21:36:42','2014-12-25 21:36:42'),(230,'Model','Murray, Monahan and Schroeder','Ergonomic Steel Gloves','225','Rem in unde eos.','Facere aut non in est velit praesentium.',NULL,NULL,1,0,'Assumenda molestiae voluptas quod autem veniam eligendi provident asperiores.','Illum earum voluptates consectetur.','2014-12-25 21:36:42','2014-12-25 21:36:42'),(231,'Model','Doyle-Rodriguez','Ergonomic Concrete Shoes','226','Eum officia eos iure sit in sed aperiam eum.','Dolorem molestias ut eum consectetur maiores aperiam.',NULL,NULL,3,0,'Temporibus eos est at.','Autem cum in ullam dolor libero quo.','2014-12-25 21:36:42','2014-12-25 21:36:42'),(232,'Model','Kihn Inc','Ergonomic Concrete Shirt','227','Omnis earum non et quasi ratione optio voluptates.','Qui aliquid eveniet laboriosam eum architecto debitis eum.',NULL,NULL,3,0,'Voluptatem molestiae autem iste exercitationem dicta esse minima.','Vitae omnis voluptatem id magni.','2014-12-25 21:36:42','2014-12-25 21:36:42'),(233,'Model','Emmerich, Wiegand and Huel','Small Granite Shirt','229','Et iure impedit aut quia.','Quaerat ut molestias animi officiis.',NULL,NULL,0,0,'Et quas et sequi placeat quis et.','Nulla et provident laudantium nihil id maiores.','2014-12-25 21:36:42','2014-12-25 21:36:42'),(234,'Software','Rath-Jacobi','Practical Rubber Gloves','231',NULL,NULL,NULL,NULL,0,0,NULL,NULL,'2014-12-25 21:36:42','2014-12-25 21:36:42'),(235,'Model','Sawayn-Fadel','Small Rubber Computer','232','Asperiores voluptates quibusdam aut porro quam dignissimos neque omnis.','Nostrum dolores ut et commodi non eligendi mollitia.',NULL,NULL,0,0,'Expedita porro minus neque maiores et.','Autem neque accusamus aut sit doloremque et modi id.','2014-12-20 00:00:00','2014-12-20 00:00:00'),(236,'Model','Ortiz-Kassulke','Sleek Steel Computer','233','Et facilis veniam et et praesentium iste dolor odio.','Ut et tempora repellendus ea provident similique qui.',NULL,NULL,0,0,'Dolor omnis velit sed cum suscipit.','Ratione quisquam qui accusantium veritatis quia repellendus.','2014-12-20 00:00:00','2014-12-20 00:00:00'),(237,'Model','Runte Group','Rustic Steel Gloves','234','Quibusdam vel incidunt sit placeat.','Quis rem autem maxime.',NULL,NULL,0,0,'Sapiente molestiae voluptas odit dolor beatae reprehenderit.','Aut est quaerat consequatur.','2014-12-20 00:00:00','2014-12-20 00:00:00'),(238,'Model','Stiedemann, Kuvalis and Koelpin','Incredible Wooden Pants','235','Quidem laboriosam similique sit illo perferendis magni et.','In perferendis impedit delectus.',NULL,NULL,3,0,'Et vel error et facere.','Et qui magni assumenda ut ipsam quasi mollitia.','2014-12-20 00:00:00','2014-12-20 00:00:00'),(239,'Model','Windler, Stokes and Robel','Small Concrete Hat','237','Sint iste architecto qui culpa exercitationem.','Dolorem reiciendis repudiandae cumque quia perferendis tempora.',NULL,NULL,3,0,'Magnam ut distinctio sed fugit voluptatem ut doloremque earum.','Consequatur quia ratione quis dolores in sequi.','2014-12-25 21:36:42','2014-12-25 21:36:42'),(240,'Model','Medhurst, Metz and Renner','Gorgeous Rubber Computer','238','Aut soluta doloribus pariatur odio.','Ut voluptas repellendus animi nisi natus aliquid.',NULL,NULL,1,0,'Asperiores animi ut cum non dolorum itaque non.','Expedita soluta dolor alias aut possimus beatae ut perspiciatis.','2014-12-25 21:36:42','2014-12-25 21:36:42'),(241,'Model','Pouros Inc','Practical Rubber Car','239','Vitae sit velit sunt laborum non.','Id quis sed exercitationem.',NULL,NULL,0,0,'Reiciendis voluptate ut dolore dolor exercitationem impedit quam.','Accusantium at exercitationem consequatur porro ut quos.','2014-12-25 21:36:42','2014-12-25 21:36:42'),(242,'Model','Rodriguez Inc','Ergonomic Cotton Hat','240','Iste occaecati ratione sit.','Voluptatibus et laboriosam quasi.',NULL,NULL,2,0,'Sapiente quod iure quo nam rem.','Voluptatum tempore reiciendis nobis suscipit aliquam in voluptatem.','2014-12-25 21:36:42','2014-12-25 21:36:42'),(243,'Model','Durgan and Sons','Fantastic Granite Shoes','241','Voluptatem nesciunt et id eligendi.','Tempora non aliquid maxime similique reiciendis.',NULL,NULL,3,0,'Voluptates ea ipsum et eligendi.','Est odit corporis amet veritatis in sint esse.','2014-12-25 21:36:42','2014-12-25 21:36:42'),(244,'Model','Dooley-Witting','Intelligent Wooden Shirt','242','Consequuntur vero eum dolores quae quia sed ducimus.','Consequuntur velit numquam rerum cum laboriosam.',NULL,NULL,2,0,'Quia ad excepturi dolorum voluptatum quas cum.','Molestiae et explicabo quo rem eos amet.','2014-12-25 21:36:42','2014-12-25 21:36:42'),(245,'Model','Harris and Sons','Rustic Granite Hat','243','Sint laborum doloremque minima quasi nihil debitis voluptatibus nisi.','Molestiae non voluptate eum laudantium perferendis sit reprehenderit.',NULL,NULL,2,0,'Nesciunt qui et enim harum soluta doloribus.','Magnam eos vel esse doloremque temporibus facilis.','2014-12-25 21:36:42','2014-12-25 21:36:42'),(246,'Model','Hodkiewicz, Larson and Kunze','Rustic Granite Car','244','Tempore voluptas facilis eius ipsam consequuntur maiores consequatur voluptates.','Ipsa sunt consequatur doloribus earum autem temporibus.',NULL,NULL,1,0,'Non quo nam ut vero in beatae.','Ipsa aut eveniet quas.','2014-12-25 21:36:42','2014-12-25 21:36:42'),(247,'Model','Carter-Kemmer','Gorgeous Granite Shoes','245','Adipisci magni officia est unde aspernatur omnis.','Aut molestiae sed quia laudantium.',NULL,NULL,1,0,'Exercitationem dolorem nihil et.','Dolor possimus quam quisquam consectetur quos distinctio ab animi.','2014-12-25 21:36:42','2014-12-25 21:36:42'),(248,'Model','Abbott-Tremblay','Ergonomic Rubber Hat','246','Omnis earum voluptatem blanditiis adipisci maiores.','Eius cupiditate quibusdam cum.',NULL,NULL,2,0,'Porro dicta minus autem sint odio.','Doloremque corrupti incidunt molestiae in amet.','2014-12-25 21:36:42','2014-12-25 21:36:42'),(249,'Model','Lehner, Toy and Hahn','Sleek Granite Gloves','247','Quae vel molestiae ea odio.','Iste non recusandae iusto error aperiam est.',NULL,NULL,3,0,'Iusto aspernatur animi odio id quae.','Suscipit quo dolores magnam non consequatur harum adipisci.','2014-12-25 21:36:42','2014-12-25 21:36:42'),(250,'Model','Russel and Sons','Ergonomic Wooden Shirt','248','Cumque magni quidem libero enim velit omnis eligendi.','Blanditiis voluptates nemo error libero animi quaerat.',NULL,NULL,1,0,'Et et dolorum explicabo.','Numquam necessitatibus beatae ullam qui aut.','2014-12-25 21:36:42','2014-12-25 21:36:42'),(251,'Model','Carroll and Sons','Sleek Granite Table','249','Fugit repellat magnam molestiae deleniti odio nemo est quasi.','Deleniti libero corporis soluta perferendis nam quibusdam.',NULL,NULL,1,0,'Vel molestias eveniet repellat.','Odit dicta aut tempora aperiam.','2014-12-25 21:36:42','2014-12-25 21:36:42'),(252,'Model','Ullrich-Padberg','Fantastic Concrete Hat','250','Vitae ut blanditiis maiores omnis voluptas.','Repellat excepturi est itaque ab consequatur autem sunt in.',NULL,NULL,1,0,'Voluptatem est perferendis qui sit atque ut.','Et provident ipsa aut iste in sed vitae.','2014-12-25 21:36:42','2014-12-25 21:36:42'),(253,'Model','Greenfelder, Ferry and O\'Reilly','Small Rubber Hat','251','Omnis eius dolorum rem molestiae expedita iste.','Magnam et praesentium asperiores eos laudantium eveniet aperiam doloribus.',NULL,NULL,3,0,'Eveniet ducimus tempora sed.','Et et quia dignissimos.','2014-12-25 21:36:42','2014-12-25 21:36:42'),(254,'Model','Kautzer-Wilderman','Intelligent Plastic Hat','252','At nemo expedita autem quas.','Impedit et distinctio voluptatem rerum asperiores placeat.',NULL,NULL,1,0,'Quo provident molestiae optio nisi animi.','Fugit tenetur nihil ut odit.','2014-12-25 21:36:42','2014-12-25 21:36:42'),(255,'Model','Wisozk-Gerhold','Fantastic Cotton Hat','253','Aut voluptatem minima et atque animi.','Placeat soluta voluptatem consequatur.',NULL,NULL,2,0,'Et id quia rerum.','Dolor dicta nam at voluptas officiis.','2014-12-20 00:00:00','2014-12-20 00:00:00'),(256,'Model','Wyman, Schaefer and Kuhlman','Sleek Wooden Hat','254','Beatae aspernatur similique vitae et voluptates facilis in natus.','Et et illum facere eveniet ut adipisci et cumque.',NULL,NULL,0,0,'Explicabo ut qui et quam eum est facilis quia.','Quia amet sed libero ea.','2014-12-20 00:00:00','2014-12-20 00:00:00'),(257,'Model','Douglas-Schmidt','Ergonomic Granite Shoes','255','Tempora sit molestiae totam ipsam quis iure doloremque est.','Et officia aut tempora ipsa optio praesentium perspiciatis sit.',NULL,NULL,0,0,'Nisi dicta tempore facilis esse facere.','Earum nam nostrum neque necessitatibus.','2014-12-20 00:00:00','2014-12-20 00:00:00'),(258,'Model','Stamm-Bahringer','Fantastic Plastic Car','256','Ullam veniam illum dolor vero repellat asperiores rerum.','Molestiae ad et ut ea maiores alias ab.',NULL,NULL,3,0,'Rerum et itaque quibusdam vel quo quia.','Molestiae distinctio optio provident.','2014-12-20 00:00:00','2014-12-20 00:00:00'),(259,'Model','Morar-Ruecker','Intelligent Rubber Chair','257','Harum soluta minus nesciunt facilis eum expedita distinctio quisquam.','Omnis nostrum iusto exercitationem voluptates molestias.',NULL,NULL,1,0,'Tempore qui ut saepe quo autem quidem.','Deserunt maiores ducimus in est doloribus.','2014-12-25 21:36:42','2014-12-25 21:36:42'),(260,'Model','Collier and Sons','Fantastic Rubber Shirt','258','Qui adipisci at reprehenderit reiciendis perspiciatis autem.','Sint magnam ut eaque nobis asperiores est ipsa atque.',NULL,NULL,2,0,'Cum repellendus aut quae sequi qui tenetur.','Qui dolorem non dolor.','2014-12-25 21:36:42','2014-12-25 21:36:42'),(261,'Model','Langworth, Marquardt and Rau','Rustic Wooden Car','259','Et soluta deserunt quia minima in quis vero porro.','Eaque dolore dignissimos dolor quia ut est in.',NULL,NULL,1,0,'Et voluptatem quaerat vitae tempore ad sed assumenda aut.','Nulla delectus tempore temporibus quo quod.','2014-12-25 21:36:42','2014-12-25 21:36:42'),(262,'Model','Weissnat-Gutmann','Gorgeous Wooden Shoes','260','Ut praesentium tenetur quod earum ut iusto officiis magni.','Harum est necessitatibus nihil et sint molestias.',NULL,NULL,3,0,'Eum nisi quasi sed non dignissimos.','Maiores sunt praesentium ex fugit corrupti libero aut est.','2014-12-25 21:36:42','2014-12-25 21:36:42'),(263,'Model','Crona-Labadie','Incredible Concrete Chair','261','Porro laborum ducimus occaecati veritatis et magnam soluta.','Voluptate mollitia ipsum optio porro aut sint.',NULL,NULL,2,0,'Ea ut earum harum et et dolorem totam.','Veritatis molestias officia alias delectus id aut veniam.','2014-12-25 21:36:42','2014-12-25 21:36:42'),(264,'Model','Jakubowski, Cormier and Zemlak','Intelligent Concrete Gloves','262','Labore laboriosam praesentium molestiae et placeat explicabo qui iste.','Nemo sint sequi velit.',NULL,NULL,2,0,'Sequi a eos nobis odio voluptas.','Et sint qui unde.','2014-12-25 21:36:42','2014-12-25 21:36:42'),(265,'Model','Kozey, O\'Keefe and Tremblay','Fantastic Wooden Car','263','Sit quasi eaque tempore itaque non commodi.','Ut aliquid ut officia dolores voluptatibus.',NULL,NULL,0,0,'Rem quia dolorum quia ut dolorem et aut sunt.','Qui quo ea laboriosam.','2014-12-25 21:36:42','2014-12-25 21:36:42'),(266,'Model','Cronin LLC','Practical Concrete Gloves','264','Ullam vero et sint ex qui.','Hic nihil nihil libero itaque voluptates voluptatem inventore eius.',NULL,NULL,1,0,'Voluptatem voluptas quidem aspernatur quam consequatur vero distinctio.','Culpa ratione dolor similique aut est.','2014-12-25 21:36:42','2014-12-25 21:36:42'),(267,'Model','Stark, D\'Amore and Lowe','Small Steel Shirt','265','Accusantium ipsa tempora est rerum quos temporibus corporis voluptatem.','Non asperiores tempore quia eveniet.',NULL,NULL,1,0,'Est omnis quisquam sed quis velit a.','Odit maiores qui aut quis molestiae pariatur eveniet ullam.','2014-12-25 21:36:42','2014-12-25 21:36:42'),(268,'Model','Volkman and Sons','Ergonomic Plastic Shirt','266','Est deserunt voluptatibus reiciendis.','Fugit harum aspernatur optio ut accusantium.',NULL,NULL,2,0,'Iure commodi cum fugit neque id.','Aut reiciendis sunt qui non repellendus.','2014-12-25 21:36:42','2014-12-25 21:36:42'),(269,'Model','Mosciski and Sons','Awesome Wooden Shoes','267','Molestiae fugiat repellat mollitia fuga quo.','Et provident doloribus similique eveniet a est.',NULL,NULL,3,0,'Temporibus beatae qui quia animi molestias quas rerum.','Natus amet voluptatem quia.','2014-12-25 21:36:42','2014-12-25 21:36:42'),(270,'Model','Kub-Cartwright','Gorgeous Concrete Hat','268','Vero molestiae reprehenderit dicta.','Sed nisi optio aliquam.',NULL,NULL,0,0,'Autem voluptas ut ut dolore omnis beatae sequi.','Cupiditate est omnis et blanditiis.','2014-12-25 21:36:42','2014-12-25 21:36:42'),(271,'Model','Gulgowski Inc','Awesome Steel Chair','269','Dolorem dignissimos dolores debitis.','Aut deserunt itaque et hic voluptas architecto voluptatem.',NULL,NULL,0,0,'Quia illum est atque perspiciatis qui a natus.','Est sed atque sint.','2014-12-25 21:36:42','2014-12-25 21:36:42'),(272,'Model','Funk Group','Small Cotton Chair','270','Est in voluptas velit error.','Voluptatum est iste minus.',NULL,NULL,0,0,'Qui libero molestias velit.','Accusantium occaecati quae rerum aut necessitatibus et voluptas.','2014-12-25 21:36:42','2014-12-25 21:36:42'),(273,'Model','Steuber-Heller','Ergonomic Steel Pants','271','Distinctio exercitationem esse mollitia modi ducimus dolores consequatur eligendi.','Veniam nostrum maiores et.',NULL,NULL,1,0,'Accusamus repellat qui explicabo.','Quia ut natus animi cum voluptatem.','2014-12-25 21:36:42','2014-12-25 21:36:42'),(274,'Model','Yost and Sons','Small Concrete Shirt','272','Odit blanditiis eos velit quia quam.','Nobis cumque eveniet ut eius.',NULL,NULL,1,0,'Autem earum perspiciatis rerum similique praesentium distinctio ut dolor.','Nesciunt aut quod aut vel.','2014-12-25 21:36:42','2014-12-25 21:36:42'),(275,'Model','Rippin Inc','Ergonomic Rubber Gloves','273','Ipsam aut ex autem et.','Eveniet necessitatibus asperiores autem nihil officia.',NULL,NULL,2,0,'Accusamus suscipit rem incidunt qui.','Cumque maiores ab eligendi labore fuga et.','2014-12-25 21:36:42','2014-12-25 21:36:42'),(276,'Model','Turner and Sons','Rustic Rubber Car','274','Non similique autem et quisquam.','Cum qui quasi ut quo error deserunt.',NULL,NULL,3,0,'Ut aut voluptatem quaerat omnis.','Optio eius ut aut et in.','2014-12-25 21:36:42','2014-12-25 21:36:42'),(277,'Model','Schiller LLC','Awesome Granite Shoes','275','Nisi vel earum non fugiat.','Et natus ullam fuga.',NULL,NULL,3,0,'Aut eligendi quaerat reprehenderit.','Vel ipsam ab fugiat consequuntur provident autem.','2014-12-25 21:36:42','2014-12-25 21:36:42'),(278,'Model','Zulauf Inc','Small Rubber Gloves','276','Quasi neque iste magnam.','Incidunt sunt commodi et voluptate nostrum.',NULL,NULL,1,0,'Velit atque dolorem repellendus numquam error exercitationem earum.','Veniam quis a dolorum rerum vitae illo.','2014-12-25 21:36:42','2014-12-25 21:36:42'),(279,'Model','Bechtelar, Littel and Cruickshank','Awesome Cotton Table','277','Eum debitis dolores aperiam.','Recusandae aspernatur at tempora et rerum quibusdam.',NULL,NULL,2,0,'Quasi nemo et nihil sapiente cupiditate iste beatae voluptatum.','Sint et nesciunt aut qui consequuntur ipsum et voluptatem.','2014-12-25 21:36:42','2014-12-25 21:36:42'),(280,'Model','Will, Lemke and Kessler','Practical Cotton Car','278','Perspiciatis eligendi quia eos error ducimus aut qui sint.','Consequatur delectus eveniet quisquam.',NULL,NULL,2,0,'Aliquid quia nisi qui tempora ad earum molestias.','Atque nostrum aspernatur et.','2014-12-25 21:36:42','2014-12-25 21:36:42'),(281,'Model','Trantow-Douglas','Incredible Granite Table','279','Incidunt suscipit quia assumenda ut recusandae.','Animi quia possimus dolore debitis architecto quidem eum.',NULL,NULL,3,0,'Quia exercitationem alias rerum non expedita rerum maiores sed.','Ea aliquid sapiente accusantium eaque sunt vitae dicta veritatis.','2014-12-25 21:36:42','2014-12-25 21:36:42'),(282,'Model','Smitham-Auer','Incredible Concrete Gloves','280','Quia iure doloremque corrupti.','Placeat voluptatibus libero vero veniam rem vel et.',NULL,NULL,0,0,'Enim eaque voluptas ea.','Fugit aut eaque sed minima et explicabo est recusandae.','2014-12-25 21:36:42','2014-12-25 21:36:42'),(283,'Model','Stark Group','Rustic Steel Car','281','Delectus non dicta rerum doloremque omnis laboriosam.','Reiciendis in non id numquam quia.',NULL,NULL,3,0,'Consequuntur consequatur quasi fugiat maiores et.','Nemo amet repellendus quibusdam consequuntur velit assumenda similique.','2014-12-25 21:36:42','2014-12-25 21:36:42'),(284,'Model','Grant, Will and Weimann','Awesome Granite Table','282','Beatae et quis provident enim mollitia nihil.','Voluptates eos quos et voluptatem inventore.',NULL,NULL,0,0,'Quis sint optio quo veritatis rerum ut iure.','Explicabo aliquam ut nobis.','2014-12-25 21:36:42','2014-12-25 21:36:42'),(285,'Model','Homenick, Feeney and Jakubowski','Awesome Plastic Shirt','283','Autem nemo incidunt inventore nulla ut.','Quia praesentium esse corrupti enim.',NULL,NULL,1,0,'Qui quis quod natus velit veniam sed voluptatem illo.','Enim ut sequi consequatur ut ducimus ipsum culpa.','2014-12-25 21:36:42','2014-12-25 21:36:42'),(286,'Model','Huel-Hilpert','Practical Steel Pants','284','Magni laudantium quisquam voluptas est qui rerum excepturi voluptas.','Tenetur autem in qui minus rerum illum mollitia.',NULL,NULL,0,0,'Ab soluta consequatur dolorum doloribus et aut aliquid.','Sint dolore similique consequatur facere qui voluptatem.','2014-12-25 21:36:42','2014-12-25 21:36:42'),(287,'Model','Kling and Sons','Ergonomic Cotton Shirt','285','Sunt exercitationem sed et totam ratione.','Velit dolore officiis quia voluptatibus vitae id autem tenetur.',NULL,NULL,3,0,'Reiciendis et voluptate culpa ut eos laudantium et.','Libero quo temporibus officia et placeat corporis error quis.','2014-12-25 21:36:42','2014-12-25 21:36:42'),(288,'Model','Champlin, Gerhold and Gleason','Sleek Steel Shirt','286','Sint expedita aspernatur aperiam enim odio exercitationem laudantium et.','Earum et modi perspiciatis optio.',NULL,NULL,1,0,'Autem sint et natus aspernatur laudantium voluptas ipsam.','Minus nemo officia ab ipsa dolorem laborum aliquam.','2014-12-25 21:36:42','2014-12-25 21:36:42'),(289,'Model','Brekke and Sons','Sleek Granite Shirt','287','Beatae est tempore nam velit totam sapiente et.','Ipsam voluptas sit et aliquam dignissimos.',NULL,NULL,0,0,'Velit voluptas quam quasi unde sint ab.','Velit asperiores qui rerum quod optio corporis sint quo.','2014-12-25 21:36:42','2014-12-25 21:36:42'),(290,'Model','Murphy, Bogisich and Haag','Gorgeous Plastic Car','288','Debitis dolor iste quasi.','Vero sit sunt delectus eos ut aperiam voluptas.',NULL,NULL,3,0,'Explicabo perferendis dolores sit optio omnis ut.','Odio autem optio eius.','2014-12-25 21:36:42','2014-12-25 21:36:42'),(291,'Model','Skiles LLC','Intelligent Rubber Table','289','Saepe eos ea nihil ipsa maiores natus.','Velit repellat mollitia eos unde praesentium magni placeat.',NULL,NULL,2,0,'Aut iste voluptatibus ut ut repellat recusandae sed.','Nam ullam cumque sunt suscipit voluptatem ut qui.','2014-12-25 21:36:42','2014-12-25 21:36:42'),(292,'Model','Bogan, Schinner and Green','Rustic Cotton Car','290','Aut nesciunt cum et.','Dolorem blanditiis consequatur dolor non quis impedit eius distinctio.',NULL,NULL,0,0,'Incidunt enim quia iste corrupti officia quidem commodi aspernatur.','Eum quo consequatur autem.','2014-12-25 21:36:42','2014-12-25 21:36:42'),(293,'Model','Cartwright-Mueller','Gorgeous Granite Table','291','Minus voluptatem quo sapiente officia et dolorem nostrum.','Eveniet qui quo similique possimus consequatur aut illo molestias.',NULL,NULL,0,0,'Itaque eum cupiditate perspiciatis autem aut omnis.','Voluptates impedit qui et quia accusantium dignissimos.','2014-12-25 21:36:42','2014-12-25 21:36:42'),(294,'Model','Schmitt-Ebert','Awesome Concrete Chair','292','Perferendis aut autem aliquid error.','Voluptatem nam vero et corporis.',NULL,NULL,0,0,'Suscipit recusandae quae nam sed explicabo earum sunt.','Voluptatum quasi laboriosam debitis enim velit.','2014-12-25 21:36:42','2014-12-25 21:36:42'),(295,'Model','Pollich, Swaniawski and Cummerata','Practical Rubber Hat','293','Sed possimus temporibus recusandae officiis qui.','Non alias minima reiciendis recusandae ipsum dolorem soluta.',NULL,NULL,1,0,'Esse nobis qui eveniet quas.','Rerum repudiandae unde itaque eum in.','2014-12-25 21:36:42','2014-12-25 21:36:42'),(296,'Model','Harvey, Schultz and Johnson','Rustic Concrete Table','294','Modi molestias consequuntur quia quo consectetur aliquid id veritatis.','Dolor ipsa dolorem quibusdam autem deserunt sapiente.',NULL,NULL,1,0,'Quibusdam eum nihil eveniet rem.','Saepe facere sit eius magni.','2014-12-25 21:36:42','2014-12-25 21:36:42'),(297,'Model','Graham LLC','Fantastic Cotton Shirt','295','Deserunt ea consequatur consequuntur.','Sed et blanditiis temporibus consequatur odit impedit.',NULL,NULL,0,0,'Architecto ad autem et.','Et vel enim molestias rerum in ut est.','2014-12-25 21:36:42','2014-12-25 21:36:42'),(298,'Model','Carroll-Rosenbaum','Fantastic Cotton Pants','296','Voluptatem saepe quae facilis numquam quis similique quam consequuntur.','Provident est aliquam placeat rerum fugit voluptatibus illum.',NULL,NULL,1,0,'Eius ea enim quia consequatur.','Sequi et nihil voluptate voluptatem dolor vitae est culpa.','2014-12-25 21:36:42','2014-12-25 21:36:42'),(299,'Model','Wolff, Cormier and Leffler','Incredible Cotton Car','297','Tempora deleniti ex iusto eum pariatur recusandae eaque asperiores.','Fugit voluptates placeat doloribus omnis.',NULL,NULL,2,0,'Non voluptatum ut at.','Ex quibusdam sit qui est sint odit.','2014-12-25 21:36:42','2014-12-25 21:36:42'),(300,'Model','Cormier, Mueller and Cruickshank','Intelligent Wooden Table','298','Occaecati eos sed doloribus qui aut impedit.','Odio et ipsa incidunt.',NULL,NULL,1,0,'Iusto quod veniam consectetur.','Et sapiente tempore est omnis.','2014-12-25 21:36:42','2014-12-25 21:36:42'),(301,'Model','Hilll and Sons','Ergonomic Steel Car','299','Quia in maxime quibusdam nobis assumenda facere.','Doloremque facilis perferendis voluptate.',NULL,NULL,0,0,'Beatae eius at qui distinctio assumenda sint.','Necessitatibus similique sit corporis.','2014-12-25 21:36:42','2014-12-25 21:36:42'),(302,'Model','Kunde, Klocko and Streich','Practical Granite Shoes','300','Velit sint ipsam deleniti voluptatem neque autem accusantium.','Dolore assumenda eos repudiandae dolor in.',NULL,NULL,1,0,'Pariatur autem dignissimos soluta quidem error.','Quas quia magni nisi ducimus.','2014-12-25 21:36:42','2014-12-25 21:36:42'),(303,'Model','Hartmann, Weissnat and Towne','Sleek Cotton Hat','301','Necessitatibus eius consequatur voluptas est minus qui facilis.','Sint et aut quam corporis.',NULL,NULL,2,0,'Aliquam atque dicta perferendis qui molestiae.','Doloremque cupiditate perferendis ut totam natus.','2014-12-25 21:36:42','2014-12-25 21:36:42'),(304,'Model','Casper-Hessel','Awesome Concrete Shoes','302','Est est ut et nulla.','Ea a voluptas beatae iusto sunt qui ut.',NULL,NULL,3,0,'Et nesciunt vel quasi.','Voluptas veritatis quisquam porro.','2014-12-25 21:36:42','2014-12-25 21:36:42'),(305,'Model','Shields Group','Awesome Cotton Pants','303','Sed cum iure necessitatibus aut architecto dolore id.','Ut deserunt error est quod repellat non.',NULL,NULL,3,0,'Quo dolores qui placeat et magni quis.','Libero est dolore qui fugit autem praesentium modi.','2014-12-25 21:36:42','2014-12-25 21:36:42'),(306,'Model','Haley, Frami and Wiegand','Small Granite Gloves','304','Aut sunt dolore praesentium minus qui laboriosam.','Et dolor suscipit ea qui.',NULL,NULL,3,0,'Incidunt et similique ut fugit.','Non eius corporis est est repellat.','2014-12-25 21:36:42','2014-12-25 21:36:42'),(307,'Model','Ankunding LLC','Ergonomic Rubber Shoes','305','Et ea enim quia impedit optio at.','Autem aliquid odit nesciunt quis illo incidunt et et.',NULL,NULL,0,0,'Illum atque est vel voluptatibus distinctio nam vitae.','Id quia et beatae dolore necessitatibus veritatis.','2014-12-25 21:36:42','2014-12-25 21:36:42'),(308,'Model','Goyette Group','Sleek Cotton Shoes','306','Omnis quae ut at.','Impedit ipsa et fugit ratione.',NULL,NULL,2,0,'Est sint vero quis quasi et.','In similique pariatur nihil nesciunt qui odio.','2014-12-25 21:36:42','2014-12-25 21:36:42'),(309,'Software','Schultz-Williamson','Awesome Granite Gloves','307',NULL,NULL,NULL,NULL,0,0,NULL,NULL,'2014-12-25 21:36:42','2014-12-25 21:36:42'),(310,'Model','Pfannerstill-Olson','Small Granite Table','308','Dolores corrupti aut at.','Blanditiis voluptatem ut qui doloremque delectus explicabo consequuntur.',NULL,NULL,2,0,'Eum iusto sapiente ab autem at labore ut.','Voluptate nemo cupiditate ut dolore alias veritatis suscipit.','2014-12-25 21:36:42','2014-12-25 21:36:42'),(311,'Model','Reichert-Yundt','Small Wooden Pants','309','Ipsam quam suscipit asperiores.','Quo pariatur impedit cupiditate sed asperiores.',NULL,NULL,0,0,'Nesciunt deleniti voluptatem error odio sed.','Id reiciendis voluptates iure quisquam qui velit eos.','2014-12-25 21:36:42','2014-12-25 21:36:42'),(312,'Model','Beahan Inc','Rustic Plastic Gloves','310','Quasi deleniti illo enim nihil reprehenderit est.','Sed corrupti itaque vel distinctio alias et sed.',NULL,NULL,3,0,'Aliquid eos nam voluptatem possimus quia recusandae beatae et.','Inventore quia quaerat porro omnis consequatur aliquam veritatis neque.','2014-12-25 21:36:42','2014-12-25 21:36:42'),(313,'Model','Hoeger, Collins and Moen','Small Plastic Shoes','311','Omnis ut voluptatum neque et molestiae.','Ea eveniet at corporis enim.',NULL,NULL,2,0,'Est laborum eaque illo omnis rerum non.','Dolor accusamus dignissimos et dolorem.','2014-12-25 21:36:42','2014-12-25 21:36:42');
/*!40000 ALTER TABLE `models` ENABLE KEYS */;
UNLOCK TABLES;

--
-- Table structure for table `models_compatibles`
--

DROP TABLE IF EXISTS `models_compatibles`;
/*!40101 SET @saved_cs_client     = @@character_set_client */;
/*!40101 SET character_set_client = utf8 */;
CREATE TABLE `models_compatibles` (
  `model_id` int(11) DEFAULT NULL,
  `compatible_id` int(11) DEFAULT NULL,
  KEY `index_models_compatibles_on_compatible_id` (`compatible_id`),
  KEY `index_models_compatibles_on_model_id` (`model_id`),
  CONSTRAINT `models_compatibles_compatible_id_fk` FOREIGN KEY (`compatible_id`) REFERENCES `models` (`id`),
  CONSTRAINT `models_compatibles_model_id_fk` FOREIGN KEY (`model_id`) REFERENCES `models` (`id`)
) ENGINE=InnoDB DEFAULT CHARSET=utf8 COLLATE=utf8_unicode_ci;
/*!40101 SET character_set_client = @saved_cs_client */;

--
-- Dumping data for table `models_compatibles`
--

LOCK TABLES `models_compatibles` WRITE;
/*!40000 ALTER TABLE `models_compatibles` DISABLE KEYS */;
INSERT INTO `models_compatibles` VALUES (156,155),(157,155),(158,155);
/*!40000 ALTER TABLE `models_compatibles` ENABLE KEYS */;
UNLOCK TABLES;

--
-- Table structure for table `notifications`
--

DROP TABLE IF EXISTS `notifications`;
/*!40101 SET @saved_cs_client     = @@character_set_client */;
/*!40101 SET character_set_client = utf8 */;
CREATE TABLE `notifications` (
  `id` int(11) NOT NULL AUTO_INCREMENT,
  `user_id` int(11) DEFAULT NULL,
  `title` varchar(255) COLLATE utf8_unicode_ci DEFAULT '',
  `created_at` datetime NOT NULL,
  PRIMARY KEY (`id`),
  KEY `index_notifications_on_user_id` (`user_id`),
  CONSTRAINT `notifications_user_id_fk` FOREIGN KEY (`user_id`) REFERENCES `users` (`id`) ON DELETE CASCADE
) ENGINE=InnoDB DEFAULT CHARSET=utf8 COLLATE=utf8_unicode_ci;
/*!40101 SET character_set_client = @saved_cs_client */;

--
-- Dumping data for table `notifications`
--

LOCK TABLES `notifications` WRITE;
/*!40000 ALTER TABLE `notifications` DISABLE KEYS */;
/*!40000 ALTER TABLE `notifications` ENABLE KEYS */;
UNLOCK TABLES;

--
-- Table structure for table `numerators`
--

DROP TABLE IF EXISTS `numerators`;
/*!40101 SET @saved_cs_client     = @@character_set_client */;
/*!40101 SET character_set_client = utf8 */;
CREATE TABLE `numerators` (
  `id` int(11) NOT NULL AUTO_INCREMENT,
  `item` int(11) DEFAULT NULL,
  PRIMARY KEY (`id`)
) ENGINE=InnoDB DEFAULT CHARSET=utf8 COLLATE=utf8_unicode_ci;
/*!40101 SET character_set_client = @saved_cs_client */;

--
-- Dumping data for table `numerators`
--

LOCK TABLES `numerators` WRITE;
/*!40000 ALTER TABLE `numerators` DISABLE KEYS */;
/*!40000 ALTER TABLE `numerators` ENABLE KEYS */;
UNLOCK TABLES;

--
-- Table structure for table `options`
--

DROP TABLE IF EXISTS `options`;
/*!40101 SET @saved_cs_client     = @@character_set_client */;
/*!40101 SET character_set_client = utf8 */;
CREATE TABLE `options` (
  `id` int(11) NOT NULL AUTO_INCREMENT,
  `inventory_pool_id` int(11) DEFAULT NULL,
  `inventory_code` varchar(255) COLLATE utf8_unicode_ci DEFAULT NULL,
  `manufacturer` varchar(255) COLLATE utf8_unicode_ci DEFAULT NULL,
  `product` varchar(255) COLLATE utf8_unicode_ci NOT NULL,
  `version` varchar(255) COLLATE utf8_unicode_ci DEFAULT NULL,
  `price` decimal(8,2) DEFAULT NULL,
  PRIMARY KEY (`id`),
  KEY `index_options_on_inventory_pool_id` (`inventory_pool_id`),
  CONSTRAINT `options_inventory_pool_id_fk` FOREIGN KEY (`inventory_pool_id`) REFERENCES `inventory_pools` (`id`)
) ENGINE=InnoDB AUTO_INCREMENT=7 DEFAULT CHARSET=utf8 COLLATE=utf8_unicode_ci;
/*!40101 SET character_set_client = @saved_cs_client */;

--
-- Dumping data for table `options`
--

LOCK TABLES `options` WRITE;
/*!40000 ALTER TABLE `options` DISABLE KEYS */;
INSERT INTO `options` VALUES (1,1,'akku-aa',NULL,'Akku AA','119','1237.00'),(2,1,'akku-aaa',NULL,'Akku AAA','120','1270.00'),(3,1,'usb',NULL,'USB Kabel','121','433.00'),(4,1,'dic6421',NULL,'Sleek Cotton Pants','228','992.00'),(5,1,'qui10133',NULL,'Incredible Cotton Chair','230','1130.00'),(6,2,'vol9181',NULL,'Gorgeous Granite Gloves','236','824.00');
/*!40000 ALTER TABLE `options` ENABLE KEYS */;
UNLOCK TABLES;

--
-- Table structure for table `partitions`
--

DROP TABLE IF EXISTS `partitions`;
/*!40101 SET @saved_cs_client     = @@character_set_client */;
/*!40101 SET character_set_client = utf8 */;
CREATE TABLE `partitions` (
  `id` int(11) NOT NULL AUTO_INCREMENT,
  `model_id` int(11) DEFAULT NULL,
  `inventory_pool_id` int(11) DEFAULT NULL,
  `group_id` int(11) DEFAULT NULL,
  `quantity` int(11) DEFAULT NULL,
  PRIMARY KEY (`id`),
  UNIQUE KEY `index_partitions_on_model_id_and_inventory_pool_id_and_group_id` (`model_id`,`inventory_pool_id`,`group_id`),
  KEY `partitions_group_id_fk` (`group_id`),
  KEY `partitions_inventory_pool_id_fk` (`inventory_pool_id`),
  CONSTRAINT `partitions_model_id_fk` FOREIGN KEY (`model_id`) REFERENCES `models` (`id`) ON DELETE CASCADE,
  CONSTRAINT `partitions_group_id_fk` FOREIGN KEY (`group_id`) REFERENCES `groups` (`id`),
  CONSTRAINT `partitions_inventory_pool_id_fk` FOREIGN KEY (`inventory_pool_id`) REFERENCES `inventory_pools` (`id`)
) ENGINE=InnoDB AUTO_INCREMENT=12 DEFAULT CHARSET=utf8 COLLATE=utf8_unicode_ci;
/*!40101 SET character_set_client = @saved_cs_client */;

--
-- Dumping data for table `partitions`
--

LOCK TABLES `partitions` WRITE;
/*!40000 ALTER TABLE `partitions` DISABLE KEYS */;
INSERT INTO `partitions` VALUES (1,119,1,4,1),(2,157,1,5,1),(3,158,1,6,5),(4,156,1,1,1),(5,88,1,1,1),(6,88,1,2,1),(7,179,1,7,1),(8,187,1,7,1),(9,194,1,7,1),(10,206,1,8,1),(11,215,1,7,1);
/*!40000 ALTER TABLE `partitions` ENABLE KEYS */;
UNLOCK TABLES;

--
-- Temporary table structure for view `partitions_with_generals`
--

DROP TABLE IF EXISTS `partitions_with_generals`;
/*!50001 DROP VIEW IF EXISTS `partitions_with_generals`*/;
SET @saved_cs_client     = @@character_set_client;
SET character_set_client = utf8;
/*!50001 CREATE TABLE `partitions_with_generals` (
  `model_id` int(11),
  `inventory_pool_id` int(11),
  `group_id` int(11),
  `quantity` decimal(33,0)
) ENGINE=MyISAM */;
SET character_set_client = @saved_cs_client;

--
-- Table structure for table `properties`
--

DROP TABLE IF EXISTS `properties`;
/*!40101 SET @saved_cs_client     = @@character_set_client */;
/*!40101 SET character_set_client = utf8 */;
CREATE TABLE `properties` (
  `id` int(11) NOT NULL AUTO_INCREMENT,
  `model_id` int(11) DEFAULT NULL,
  `key` varchar(255) COLLATE utf8_unicode_ci DEFAULT NULL,
  `value` varchar(255) COLLATE utf8_unicode_ci DEFAULT NULL,
  PRIMARY KEY (`id`),
  KEY `index_properties_on_model_id` (`model_id`),
  CONSTRAINT `properties_model_id_fk` FOREIGN KEY (`model_id`) REFERENCES `models` (`id`) ON DELETE CASCADE
) ENGINE=InnoDB AUTO_INCREMENT=13 DEFAULT CHARSET=utf8 COLLATE=utf8_unicode_ci;
/*!40101 SET character_set_client = @saved_cs_client */;

--
-- Dumping data for table `properties`
--

LOCK TABLES `properties` WRITE;
/*!40000 ALTER TABLE `properties` DISABLE KEYS */;
INSERT INTO `properties` VALUES (1,156,'Rotorduchmesser','120'),(2,156,'Akkus','2'),(3,156,'Farbe','Rot'),(4,157,'Rotorduchmesser','120'),(5,157,'Akkus','2'),(6,157,'Farbe','Rot'),(7,157,'max. Speed','80 kmh'),(8,157,'Gyro','Ja'),(9,157,'Achsen','3-Achsen'),(10,158,'Rotorduchmesser','120'),(11,158,'Akkus','2'),(12,158,'Farbe','Rot');
/*!40000 ALTER TABLE `properties` ENABLE KEYS */;
UNLOCK TABLES;

--
-- Table structure for table `purposes`
--

DROP TABLE IF EXISTS `purposes`;
/*!40101 SET @saved_cs_client     = @@character_set_client */;
/*!40101 SET character_set_client = utf8 */;
CREATE TABLE `purposes` (
  `id` int(11) NOT NULL AUTO_INCREMENT,
  `description` text COLLATE utf8_unicode_ci,
  PRIMARY KEY (`id`)
) ENGINE=InnoDB AUTO_INCREMENT=47 DEFAULT CHARSET=utf8 COLLATE=utf8_unicode_ci;
/*!40101 SET character_set_client = @saved_cs_client */;

--
-- Dumping data for table `purposes`
--

LOCK TABLES `purposes` WRITE;
/*!40000 ALTER TABLE `purposes` DISABLE KEYS */;
INSERT INTO `purposes` VALUES (1,'---\n- Nemo consectetur repudiandae voluptatem aut ut vel.\n- Ad sunt et omnis occaecati.\n'),(2,'---\n- Praesentium ut distinctio blanditiis dolorum voluptas.\n- Non ut quia ut quam.\n'),(3,'Ersatzstativ fr die Ausstellung.'),(4,'Ersatzstativ fr die Ausstellung.'),(5,'Ersatzstativ fr die Ausstellung.'),(6,'Ersatzstativ fr die Ausstellung.'),(7,'Ersatzstativ fr die Ausstellung.'),(8,'Ersatzstativ fr die Ausstellung.'),(9,'Ersatzstativ fr die Ausstellung.'),(10,'Ersatzstativ fr die Ausstellung.'),(11,'Ersatzstativ fr die Ausstellung.'),(12,'Ersatzstativ fr die Ausstellung.'),(13,'Ersatzstativ fr die Ausstellung.'),(14,'Ersatzstativ fr die Ausstellung.'),(15,'Aut porro impedit facilis et est.'),(16,'Iusto deleniti illum ratione iure ut omnis officia dolorem.'),(17,'Vitae molestias earum dolore aut est cum at quisquam.'),(18,'Consequuntur cumque sint expedita hic cum neque dolore.'),(19,'Dolor ducimus rerum et dolorum accusamus ut ex.'),(20,'Dolor dolorem recusandae ipsam.'),(21,'Commodi eligendi consectetur nobis accusantium est fugit et praesentium.'),(22,'Aut quaerat facilis quae.'),(23,'Bentige ich fr die Aufnahmen meiner Abschlussarbeit.'),(24,'Aut illum expedita mollitia culpa tenetur aut placeat.'),(25,'Hic quasi ipsum numquam consectetur magnam.'),(26,'Inventore repellendus dolor neque.'),(27,'Ersatzstativ fr die Ausstellung.'),(28,'Fr das zweite Austellungswochenende.'),(29,'Fr das dritte Austellungswochenende.'),(30,'Fr die Abschlussarbeit.'),(31,'Ersatzstativ fr die Ausstellung.'),(32,'Bestellung mit Software'),(33,'Bestellung mit Gegenstand ohne Ort'),(34,'Um meine Abschlussarbeit zu fotografieren.'),(35,'Magni corrupti reiciendis molestiae asperiores.'),(36,'Um meine Abschlussarbeit zu fotografieren.'),(37,'Um meine Abschlussarbeit zu fotografieren.'),(38,'Beatae alias id fuga totam cupiditate.'),(39,'Paketausgabe'),(40,'Fr meinen aktuellen Kurs.'),(41,'Ersatzstativ fr die Ausstellung.'),(42,'Um meine Abschlussarbeit zu fotografieren.'),(43,'Fotoshooting (Kurs Fotografie).'),(44,'Brauche ich zwingend fr meinen Kurs.'),(45,'Ganz dringend bentigt fr meine Abschlussarbeit.'),(46,'Als Ersatz.');
/*!40000 ALTER TABLE `purposes` ENABLE KEYS */;
UNLOCK TABLES;

--
-- Table structure for table `schema_migrations`
--

DROP TABLE IF EXISTS `schema_migrations`;
/*!40101 SET @saved_cs_client     = @@character_set_client */;
/*!40101 SET character_set_client = utf8 */;
CREATE TABLE `schema_migrations` (
  `version` varchar(255) COLLATE utf8_unicode_ci NOT NULL,
  UNIQUE KEY `unique_schema_migrations` (`version`)
) ENGINE=InnoDB DEFAULT CHARSET=utf8 COLLATE=utf8_unicode_ci;
/*!40101 SET character_set_client = @saved_cs_client */;

--
-- Dumping data for table `schema_migrations`
--

LOCK TABLES `schema_migrations` WRITE;
/*!40000 ALTER TABLE `schema_migrations` DISABLE KEYS */;
INSERT INTO `schema_migrations` VALUES ('20140410180000'),('20140414100000'),('20140415083535'),('20140417113831'),('20140428092844'),('20140515131025'),('20140812132326'),('20140820100242'),('20140828082448'),('20140901141016'),('20140903105715'),('20140905091014');
/*!40000 ALTER TABLE `schema_migrations` ENABLE KEYS */;
UNLOCK TABLES;

--
-- Table structure for table `settings`
--

DROP TABLE IF EXISTS `settings`;
/*!40101 SET @saved_cs_client     = @@character_set_client */;
/*!40101 SET character_set_client = utf8 */;
CREATE TABLE `settings` (
  `id` int(11) NOT NULL AUTO_INCREMENT,
  `smtp_address` varchar(255) COLLATE utf8_unicode_ci DEFAULT NULL,
  `smtp_port` int(11) DEFAULT NULL,
  `smtp_domain` varchar(255) COLLATE utf8_unicode_ci DEFAULT NULL,
  `local_currency_string` varchar(255) COLLATE utf8_unicode_ci DEFAULT NULL,
  `contract_terms` text COLLATE utf8_unicode_ci,
  `contract_lending_party_string` text COLLATE utf8_unicode_ci,
  `email_signature` varchar(255) COLLATE utf8_unicode_ci DEFAULT NULL,
  `default_email` varchar(255) COLLATE utf8_unicode_ci DEFAULT NULL,
  `deliver_order_notifications` tinyint(1) DEFAULT NULL,
  `user_image_url` varchar(255) COLLATE utf8_unicode_ci DEFAULT NULL,
  `ldap_config` varchar(255) COLLATE utf8_unicode_ci DEFAULT NULL,
  `logo_url` varchar(255) COLLATE utf8_unicode_ci DEFAULT NULL,
  `mail_delivery_method` varchar(255) COLLATE utf8_unicode_ci DEFAULT NULL,
  `smtp_username` varchar(255) COLLATE utf8_unicode_ci DEFAULT NULL,
  `smtp_password` varchar(255) COLLATE utf8_unicode_ci DEFAULT NULL,
  `smtp_enable_starttls_auto` tinyint(1) NOT NULL DEFAULT '0',
  `smtp_openssl_verify_mode` varchar(255) COLLATE utf8_unicode_ci NOT NULL DEFAULT 'none',
  `time_zone` varchar(255) COLLATE utf8_unicode_ci NOT NULL DEFAULT 'Bern',
  `disable_manage_section` tinyint(1) NOT NULL DEFAULT '0',
  `disable_manage_section_message` text COLLATE utf8_unicode_ci,
  `disable_borrow_section` tinyint(1) NOT NULL DEFAULT '0',
  `disable_borrow_section_message` text COLLATE utf8_unicode_ci,
  `text` text COLLATE utf8_unicode_ci,
  PRIMARY KEY (`id`)
) ENGINE=InnoDB AUTO_INCREMENT=2 DEFAULT CHARSET=utf8 COLLATE=utf8_unicode_ci;
/*!40101 SET character_set_client = @saved_cs_client */;

--
-- Dumping data for table `settings`
--

LOCK TABLES `settings` WRITE;
/*!40000 ALTER TABLE `settings` DISABLE KEYS */;
INSERT INTO `settings` VALUES (1,'smtp.zhdk.ch',25,'beta.ausleihe.zhdk.ch','CHF','Die Benutzerin/der Benutzer ist bei unsachgemsser Handhabung oder Verlust schadenersatzpflichtig. Sie/Er verpflichtet sich, das Material sorgfltig zu behandeln und gereinigt zu retournieren. Bei mangelbehafteter oder verspteter Rckgabe kann eine Ausleihsperre (bis zu 6 Monaten) verhngt werden. Das geliehene Material bleibt jederzeit uneingeschrnktes Eigentum der Zrcher Hochschule der Knste und darf ausschliesslich fr schulische Zwecke eingesetzt werden. Mit ihrer/seiner Unterschrift akzeptiert die Benutzerin/der Benutzer diese Bedingungen sowie die \'Richtlinie zur Ausleihe von Sachen\' der ZHdK und etwaige abteilungsspezifische Ausleih-Richtlinien.','Your\nAddress\nHere','Das PZ-leihs Team','sender@example.com',0,'http://www.zhdk.ch/?person/foto&width=100&compressionlevel=0&id={:id}',NULL,'/assets/image-logo-zhdk.png','test',NULL,NULL,0,'none','Bern',0,NULL,0,NULL,NULL);
/*!40000 ALTER TABLE `settings` ENABLE KEYS */;
UNLOCK TABLES;

--
-- Table structure for table `suppliers`
--

DROP TABLE IF EXISTS `suppliers`;
/*!40101 SET @saved_cs_client     = @@character_set_client */;
/*!40101 SET character_set_client = utf8 */;
CREATE TABLE `suppliers` (
  `id` int(11) NOT NULL AUTO_INCREMENT,
  `name` varchar(255) COLLATE utf8_unicode_ci NOT NULL,
  `created_at` datetime DEFAULT NULL,
  `updated_at` datetime DEFAULT NULL,
  PRIMARY KEY (`id`),
  UNIQUE KEY `index_suppliers_on_name` (`name`)
) ENGINE=InnoDB AUTO_INCREMENT=278 DEFAULT CHARSET=utf8 COLLATE=utf8_unicode_ci;
/*!40101 SET character_set_client = @saved_cs_client */;

--
-- Dumping data for table `suppliers`
--

LOCK TABLES `suppliers` WRITE;
/*!40000 ALTER TABLE `suppliers` DISABLE KEYS */;
INSERT INTO `suppliers` VALUES (1,'veroomnismolestiae','2014-12-25 21:36:42','2014-12-25 21:36:42'),(2,'rerumut','2014-12-25 21:36:42','2014-12-25 21:36:42'),(3,'estidconsequaturdoloribus','2014-12-25 21:36:42','2014-12-25 21:36:42'),(4,'atet','2014-12-25 21:36:42','2014-12-25 21:36:42'),(5,'eadicta','2014-12-25 21:36:42','2014-12-25 21:36:42'),(6,'etsuntut','2014-12-25 21:36:42','2014-12-25 21:36:42'),(7,'sintipsaet','2014-12-25 21:36:42','2014-12-25 21:36:42'),(8,'ipsamevenietrecusandae','2014-12-25 21:36:42','2014-12-25 21:36:42'),(9,'voluptateculpautoptioaut','2014-12-25 21:36:42','2014-12-25 21:36:42'),(10,'placeatauttemporaquo','2014-12-25 21:36:42','2014-12-25 21:36:42'),(11,'nihileligendifugiatillo','2014-12-25 21:36:42','2014-12-25 21:36:42'),(12,'namerrorestsuntsit','2014-12-25 21:36:42','2014-12-25 21:36:42'),(13,'reiciendistemporateneturimpeditcorrupti','2014-12-25 21:36:42','2014-12-25 21:36:42'),(14,'consequaturetvelremsed','2014-12-25 21:36:42','2014-12-25 21:36:42'),(15,'atautquamullam','2014-12-25 21:36:42','2014-12-25 21:36:42'),(16,'adipiscinumquameumeos','2014-12-25 21:36:42','2014-12-25 21:36:42'),(17,'omnislibero','2014-12-25 21:36:42','2014-12-25 21:36:42'),(18,'suntutrepellenduspossimus','2014-12-25 21:36:42','2014-12-25 21:36:42'),(19,'distinctioullammaiores','2014-12-25 21:36:42','2014-12-25 21:36:42'),(20,'porrosed','2014-12-25 21:36:42','2014-12-25 21:36:42'),(21,'esseeaquiarerumminus','2014-12-25 21:36:42','2014-12-25 21:36:42'),(22,'estperferendisoptiovoluptatemdolore','2014-12-25 21:36:42','2014-12-25 21:36:42'),(23,'autfugiatnemopraesentium','2014-12-25 21:36:42','2014-12-25 21:36:42'),(24,'sedquasest','2014-12-25 21:36:42','2014-12-25 21:36:42'),(25,'omnismolestiaerepellatautplaceat','2014-12-25 21:36:42','2014-12-25 21:36:42'),(26,'etutaperiamofficiaomnis','2014-12-25 21:36:42','2014-12-25 21:36:42'),(27,'sitetitaque','2014-12-25 21:36:42','2014-12-25 21:36:42'),(28,'liberosedsunteaque','2014-12-25 21:36:42','2014-12-25 21:36:42'),(29,'beataedolores','2014-12-25 21:36:42','2014-12-25 21:36:42'),(30,'quidelenitinamanimi','2014-12-25 21:36:42','2014-12-25 21:36:42'),(31,'dignissimosdelenitiaccusamusveritatisconsequatur','2014-12-25 21:36:42','2014-12-25 21:36:42'),(32,'officiadignissimos','2014-12-25 21:36:42','2014-12-25 21:36:42'),(33,'inciduntsitvelnamsunt','2014-12-25 21:36:42','2014-12-25 21:36:42'),(34,'quoalias','2014-12-25 21:36:42','2014-12-25 21:36:42'),(35,'praesentiumducimus','2014-12-25 21:36:42','2014-12-25 21:36:42'),(36,'reprehenderiterror','2014-12-25 21:36:42','2014-12-25 21:36:42'),(37,'doloremquiautemea','2014-12-25 21:36:42','2014-12-25 21:36:42'),(38,'delectusnatuset','2014-12-25 21:36:42','2014-12-25 21:36:42'),(39,'earumofficiavelteneturconsequatur','2014-12-25 21:36:42','2014-12-25 21:36:42'),(40,'voluptatemconsequunturdictarepudiandae','2014-12-25 21:36:42','2014-12-25 21:36:42'),(41,'sapientenostrumut','2014-12-25 21:36:42','2014-12-25 21:36:42'),(42,'voluptatemconsequunturperspiciatisexplicabo','2014-12-25 21:36:42','2014-12-25 21:36:42'),(43,'aliquamet','2014-12-25 21:36:42','2014-12-25 21:36:42'),(44,'sedvoluptatibusrepellatquo','2014-12-25 21:36:42','2014-12-25 21:36:42'),(45,'velvoluptatesetdoloremmodi','2014-12-25 21:36:42','2014-12-25 21:36:42'),(46,'doloremquevelitesteavero','2014-12-25 21:36:42','2014-12-25 21:36:42'),(47,'odioautlabore','2014-12-25 21:36:42','2014-12-25 21:36:42'),(48,'nostrumullamearumadipisci','2014-12-25 21:36:42','2014-12-25 21:36:42'),(49,'rerumetomnisnon','2014-12-25 21:36:42','2014-12-25 21:36:42'),(50,'doloremaut','2014-12-25 21:36:42','2014-12-25 21:36:42'),(51,'voluptatesarchitectoeosvoluptatem','2014-12-25 21:36:42','2014-12-25 21:36:42'),(52,'quoquisintvelut','2014-12-25 21:36:42','2014-12-25 21:36:42'),(53,'voluptatesrepellenduseligendiqui','2014-12-25 21:36:42','2014-12-25 21:36:42'),(54,'estesse','2014-12-25 21:36:42','2014-12-25 21:36:42'),(55,'iurecommodirerumvelnostrum','2014-12-25 21:36:42','2014-12-25 21:36:42'),(56,'officiainconsequuntur','2014-12-25 21:36:42','2014-12-25 21:36:42'),(57,'mollitiaaliquamealiberoaspernatur','2014-12-25 21:36:42','2014-12-25 21:36:42'),(58,'quisquamquiavoluptatemquolaudantium','2014-12-25 21:36:42','2014-12-25 21:36:42'),(59,'occaecatinatus','2014-12-25 21:36:42','2014-12-25 21:36:42'),(60,'fugitveritatis','2014-12-25 21:36:42','2014-12-25 21:36:42'),(61,'culpaperspiciatisestcumeum','2014-12-25 21:36:42','2014-12-25 21:36:42'),(62,'omnisetdoloresautperspiciatis','2014-12-25 21:36:42','2014-12-25 21:36:42'),(63,'voluptatesteneturetnobisdicta','2014-12-25 21:36:42','2014-12-25 21:36:42'),(64,'minusutaperiam','2014-12-25 21:36:42','2014-12-25 21:36:42'),(65,'nullarepellendus','2014-12-25 21:36:42','2014-12-25 21:36:42'),(66,'doloresexcepturiquos','2014-12-25 21:36:42','2014-12-25 21:36:42'),(67,'veritatisetexplicaboeaquisquam','2014-12-25 21:36:42','2014-12-25 21:36:42'),(68,'autestsinteveniet','2014-12-25 21:36:42','2014-12-25 21:36:42'),(69,'aliquiddoloremetfugiat','2014-12-25 21:36:42','2014-12-25 21:36:42'),(70,'liberovoluptatemoptiositvitae','2014-12-25 21:36:42','2014-12-25 21:36:42'),(71,'vitaeerrorculpaiustoconsequatur','2014-12-25 21:36:42','2014-12-25 21:36:42'),(72,'nemoharumconsequatur','2014-12-25 21:36:42','2014-12-25 21:36:42'),(73,'eaquenullamollitiaaut','2014-12-25 21:36:42','2014-12-25 21:36:42'),(74,'liberolaudantiummollitia','2014-12-25 21:36:42','2014-12-25 21:36:42'),(75,'utoptiositaut','2014-12-25 21:36:42','2014-12-25 21:36:42'),(76,'ametrepellatquamsapiente','2014-12-25 21:36:42','2014-12-25 21:36:42'),(77,'autemfacilisunde','2014-12-25 21:36:42','2014-12-25 21:36:42'),(78,'earumauteminsuntdelectus','2014-12-25 21:36:42','2014-12-25 21:36:42'),(79,'quosconsequaturut','2014-12-25 21:36:42','2014-12-25 21:36:42'),(80,'etharumquidem','2014-12-25 21:36:42','2014-12-25 21:36:42'),(81,'sedhicdictaenimvoluptatem','2014-12-25 21:36:42','2014-12-25 21:36:42'),(82,'enimrerum','2014-12-25 21:36:42','2014-12-25 21:36:42'),(83,'nihilexipsaetarchitecto','2014-12-25 21:36:42','2014-12-25 21:36:42'),(84,'cupiditatemolestiaeminusautmodi','2014-12-25 21:36:42','2014-12-25 21:36:42'),(85,'estdeseruntestaut','2014-12-25 21:36:42','2014-12-25 21:36:42'),(86,'teneturvitaequisquam','2014-12-25 21:36:42','2014-12-25 21:36:42'),(87,'quodcorporis','2014-12-25 21:36:42','2014-12-25 21:36:42'),(88,'nihilremperferendis','2014-12-25 21:36:42','2014-12-25 21:36:42'),(89,'aaperiamdolortemporibus','2014-12-25 21:36:42','2014-12-25 21:36:42'),(90,'exquiaesse','2014-12-25 21:36:42','2014-12-25 21:36:42'),(91,'rerumpraesentiumvitae','2014-12-25 21:36:42','2014-12-25 21:36:42'),(92,'utautquireiciendisconsequatur','2014-12-25 21:36:42','2014-12-25 21:36:42'),(93,'errornecessitatibusexpeditaquo','2014-12-25 21:36:42','2014-12-25 21:36:42'),(94,'voluptatefugaeiusperspiciatisquo','2014-12-25 21:36:42','2014-12-25 21:36:42'),(95,'doloresquoducimus','2014-12-25 21:36:42','2014-12-25 21:36:42'),(96,'temporadelectus','2014-12-25 21:36:42','2014-12-25 21:36:42'),(97,'sintminima','2014-12-25 21:36:42','2014-12-25 21:36:42'),(98,'eosquoducimus','2014-12-25 21:36:42','2014-12-25 21:36:42'),(99,'quisearum','2014-12-25 21:36:42','2014-12-25 21:36:42'),(100,'sedearem','2014-12-25 21:36:42','2014-12-25 21:36:42'),(101,'placeatvoluptate','2014-12-25 21:36:42','2014-12-25 21:36:42'),(102,'voluptatemdoloremet','2014-12-25 21:36:42','2014-12-25 21:36:42'),(103,'aliquidoditutest','2014-12-25 21:36:42','2014-12-25 21:36:42'),(104,'ipsumvoluptasiusto','2014-12-25 21:36:42','2014-12-25 21:36:42'),(105,'laborerepellatvoluptateidtempora','2014-12-25 21:36:42','2014-12-25 21:36:42'),(106,'quisquamtempora','2014-12-25 21:36:42','2014-12-25 21:36:42'),(107,'voluptatemsuntsuscipitsit','2014-12-25 21:36:42','2014-12-25 21:36:42'),(108,'autevenietdeserunt','2014-12-25 21:36:42','2014-12-25 21:36:42'),(109,'quasutdoloribusdistinctioest','2014-12-25 21:36:42','2014-12-25 21:36:42'),(110,'laboriosamquidemarchitectomodi','2014-12-25 21:36:42','2014-12-25 21:36:42'),(111,'minusnonconsequaturin','2014-12-25 21:36:42','2014-12-25 21:36:42'),(112,'eavoluptatesnostrumvoluptatem','2014-12-25 21:36:42','2014-12-25 21:36:42'),(113,'sitvelitperferendis','2014-12-25 21:36:42','2014-12-25 21:36:42'),(114,'accusamusautitaqueaperiam','2014-12-25 21:36:42','2014-12-25 21:36:42'),(115,'suntqui','2014-12-25 21:36:42','2014-12-25 21:36:42'),(116,'liberoeaimpeditmodi','2014-12-25 21:36:42','2014-12-25 21:36:42'),(117,'velitveniam','2014-12-25 21:36:42','2014-12-25 21:36:42'),(118,'impeditsedutnesciunt','2014-12-25 21:36:42','2014-12-25 21:36:42'),(119,'architectononsuscipit','2014-12-25 21:36:42','2014-12-25 21:36:42'),(120,'cupiditatenostrumad','2014-12-25 21:36:42','2014-12-25 21:36:42'),(121,'quaealiquamconsequatur','2014-12-25 21:36:42','2014-12-25 21:36:42'),(122,'praesentiumerrorsintlaborerem','2014-12-25 21:36:42','2014-12-25 21:36:42'),(123,'doloribusfugiatundesolutadicta','2014-12-25 21:36:42','2014-12-25 21:36:42'),(124,'facilisremeveniettemporibuset','2014-12-25 21:36:42','2014-12-25 21:36:42'),(125,'ipsamdolorenimconsequaturmodi','2014-12-25 21:36:42','2014-12-25 21:36:42'),(126,'etmaxime','2014-12-25 21:36:42','2014-12-25 21:36:42'),(127,'aspernaturcumquefugitbeataeeum','2014-12-25 21:36:42','2014-12-25 21:36:42'),(128,'etutvelest','2014-12-25 21:36:42','2014-12-25 21:36:42'),(129,'consequaturbeataepraesentiumdictacorrupti','2014-12-25 21:36:42','2014-12-25 21:36:42'),(130,'quisoditomniset','2014-12-25 21:36:42','2014-12-25 21:36:42'),(131,'illumassumendafacereblanditiis','2014-12-25 21:36:42','2014-12-25 21:36:42'),(132,'aspernaturmaximererumminimapossimus','2014-12-25 21:36:42','2014-12-25 21:36:42'),(133,'quiavoluptasquibusdamest','2014-12-25 21:36:42','2014-12-25 21:36:42'),(134,'modioccaecati','2014-12-25 21:36:42','2014-12-25 21:36:42'),(135,'utquamestea','2014-12-25 21:36:42','2014-12-25 21:36:42'),(136,'abquiautcorporis','2014-12-25 21:36:42','2014-12-25 21:36:42'),(137,'eumquievenietnihil','2014-12-25 21:36:42','2014-12-25 21:36:42'),(138,'quisquaminliberoautem','2014-12-25 21:36:42','2014-12-25 21:36:42'),(139,'liberocumerrormaioresnemo','2014-12-25 21:36:42','2014-12-25 21:36:42'),(140,'cupiditatevoluptates','2014-12-25 21:36:42','2014-12-25 21:36:42'),(141,'quidemquidolorecumpraesentium','2014-12-25 21:36:42','2014-12-25 21:36:42'),(142,'exquodharumblanditiis','2014-12-25 21:36:42','2014-12-25 21:36:42'),(143,'molestiaeiure','2014-12-25 21:36:42','2014-12-25 21:36:42'),(144,'culpadoloremsiteligendi','2014-12-25 21:36:42','2014-12-25 21:36:42'),(145,'perspiciatisestquivelitquis','2014-12-25 21:36:42','2014-12-25 21:36:42'),(146,'undeest','2014-12-25 21:36:42','2014-12-25 21:36:42'),(147,'dolorumquia','2014-12-25 21:36:42','2014-12-25 21:36:42'),(148,'consecteturnulla','2014-12-25 21:36:42','2014-12-25 21:36:42'),(149,'voluptasfugiatasperioresrecusandaesunt','2014-12-25 21:36:42','2014-12-25 21:36:42'),(150,'sequieaquequamsuntimpedit','2014-12-25 21:36:42','2014-12-25 21:36:42'),(151,'harumarchitectosuscipitdistinctionostrum','2014-12-25 21:36:42','2014-12-25 21:36:42'),(152,'harumautrationenisiquasi','2014-12-25 21:36:42','2014-12-25 21:36:42'),(153,'ullamnamitaquequis','2014-12-25 21:36:42','2014-12-25 21:36:42'),(154,'harumabbeataequiaperspiciatis','2014-12-25 21:36:42','2014-12-25 21:36:42'),(155,'sedvoluptasconsequaturreiciendis','2014-12-25 21:36:42','2014-12-25 21:36:42'),(156,'voluptatesfugadolorumiuredolores','2014-12-25 21:36:42','2014-12-25 21:36:42'),(157,'suntmodisintautnisi','2014-12-25 21:36:42','2014-12-25 21:36:42'),(158,'expeditarerum','2014-12-25 21:36:42','2014-12-25 21:36:42'),(159,'aliquidutatqueaccusantium','2014-12-19 22:45:15','2014-12-19 22:45:15'),(160,'pariatureius','2014-12-19 22:45:16','2014-12-19 22:45:16'),(161,'indoloresabfacereculpa','2014-12-19 22:45:16','2014-12-19 22:45:16'),(162,'adipiscivoluptasdoloressit','2014-12-19 22:45:16','2014-12-19 22:45:16'),(163,'exercitationemvoluptatesvoluptas','2014-12-19 22:45:16','2014-12-19 22:45:16'),(164,'accusantiumdolorem','2014-12-19 22:45:16','2014-12-19 22:45:16'),(165,'excepturiauteumporro','2014-12-19 22:45:16','2014-12-19 22:45:16'),(166,'vitaeiureet','2014-12-19 22:45:16','2014-12-19 22:45:16'),(167,'voluptatibussuntaccusamusvoluptatemconsectetur','2014-12-19 22:45:16','2014-12-19 22:45:16'),(168,'sapientedelectusdolorequo','2014-12-19 22:45:16','2014-12-19 22:45:16'),(169,'ducimusidinsedab','2014-12-19 22:45:16','2014-12-19 22:45:16'),(170,'providentvoluptas','2014-12-19 22:45:16','2014-12-19 22:45:16'),(171,'nihilistevoluptasquiasperiores','2014-12-19 22:45:16','2014-12-19 22:45:16'),(172,'isteconsequaturodio','2014-12-19 22:45:16','2014-12-19 22:45:16'),(173,'aspernaturtemporibusnemoquae','2014-12-19 22:45:16','2014-12-19 22:45:16'),(174,'nesciuntvoluptatemetcommodi','2014-12-19 22:45:16','2014-12-19 22:45:16'),(175,'totamliberodolorescupiditatedolorem','2014-12-19 22:45:16','2014-12-19 22:45:16'),(176,'laboriosamasperiores','2014-12-19 22:45:16','2014-12-19 22:45:16'),(177,'optioculpaqui','2014-12-19 22:45:16','2014-12-19 22:45:16'),(178,'laudantiumnisi','2014-12-19 22:45:16','2014-12-19 22:45:16'),(179,'aspernaturliberolaborumaperiam','2014-12-19 22:45:16','2014-12-19 22:45:16'),(180,'minimaeaiustomolestiaeblanditiis','2014-12-25 05:56:25','2014-12-25 05:56:25'),(181,'quasliberoautautreprehenderit','2014-12-25 05:56:25','2014-12-25 05:56:25'),(182,'aliquidipsumremetet','2014-12-25 05:56:25','2014-12-25 05:56:25'),(183,'quoodio','2014-12-25 05:56:25','2014-12-25 05:56:25'),(184,'essenemoaccusantiuminciduntnesciunt','2014-12-25 05:56:25','2014-12-25 05:56:25'),(185,'ainciduntatquequia','2014-12-19 10:22:33','2014-12-19 10:22:33'),(186,'quamnatuscupiditatesintnulla','2014-12-19 10:22:33','2014-12-19 10:22:33'),(187,'nemoquialaborumenim','2014-12-19 10:22:33','2014-12-19 10:22:33'),(188,'autvitae','2014-12-19 10:22:33','2014-12-19 10:22:33'),(189,'quisametiurefugiatsunt','2014-12-19 10:22:33','2014-12-19 10:22:33'),(190,'consecteturdictaautsuntconsequatur','2014-12-19 10:22:33','2014-12-19 10:22:33'),(191,'idarchitectodeleniti','2014-12-25 21:36:42','2014-12-25 21:36:42'),(192,'dolorsaepedoloremdignissimosvoluptatibus','2014-12-25 21:36:42','2014-12-25 21:36:42'),(193,'autbeataefacere','2014-12-25 21:36:42','2014-12-25 21:36:42'),(194,'liberovelveniamoccaecatisit','2014-12-25 21:36:42','2014-12-25 21:36:42'),(195,'iddoloremsitvoluptatem','2014-12-25 21:36:42','2014-12-25 21:36:42'),(196,'maximeautipsamrecusandaeperspiciatis','2014-12-25 21:36:42','2014-12-25 21:36:42'),(197,'odiorepellendusetnamsint','2014-12-25 21:36:42','2014-12-25 21:36:42'),(198,'harumdebitis','2014-12-25 21:36:42','2014-12-25 21:36:42'),(199,'repudiandaeut','2014-12-25 21:36:42','2014-12-25 21:36:42'),(200,'doloreut','2014-12-25 21:36:42','2014-12-25 21:36:42'),(201,'nondolornonodioquo','2014-12-25 21:36:42','2014-12-25 21:36:42'),(202,'voluptatibusetautetaut','2014-12-25 21:36:42','2014-12-25 21:36:42'),(203,'quisvoluptatequaeratvoluptasfugiat','2014-12-25 21:36:42','2014-12-25 21:36:42'),(204,'nemoautbeataetempora','2014-12-25 21:36:42','2014-12-25 21:36:42'),(205,'namnemo','2014-12-25 21:36:42','2014-12-25 21:36:42'),(206,'facereexplicabonostrum','2014-12-25 21:36:42','2014-12-25 21:36:42'),(207,'aliquidoccaecati','2014-12-25 21:36:42','2014-12-25 21:36:42'),(208,'fugitutquiconsequuntur','2014-12-25 21:36:42','2014-12-25 21:36:42'),(209,'liberoeaquealiquamad','2014-12-25 21:36:42','2014-12-25 21:36:42'),(210,'sedimpeditquis','2014-12-25 21:36:42','2014-12-25 21:36:42'),(211,'officiasuntautem','2014-12-25 21:36:42','2014-12-25 21:36:42'),(212,'atqueeaqueofficiisenim','2014-12-25 21:36:42','2014-12-25 21:36:42'),(213,'oditdolorumquasiminus','2014-12-25 21:36:42','2014-12-25 21:36:42'),(214,'quiaexplicaboquinonveritatis','2014-12-20 00:00:00','2014-12-20 00:00:00'),(215,'earumsed','2014-12-20 00:00:00','2014-12-20 00:00:00'),(216,'assumendaomnis','2014-12-20 00:00:00','2014-12-20 00:00:00'),(217,'quivoluptasea','2014-12-25 21:36:42','2014-12-25 21:36:42'),(218,'vitaeenimlaboremollitia','2014-12-25 21:36:42','2014-12-25 21:36:42'),(219,'dolorumvoluptatibus','2014-12-25 21:36:42','2014-12-25 21:36:42'),(220,'distinctioquo','2014-12-25 21:36:42','2014-12-25 21:36:42'),(221,'voluptatedolor','2014-12-25 21:36:42','2014-12-25 21:36:42'),(222,'aperiamdictahicet','2014-12-25 21:36:42','2014-12-25 21:36:42'),(223,'quiaiure','2014-12-25 21:36:42','2014-12-25 21:36:42'),(224,'consequaturdelectusfugit','2014-12-25 21:36:42','2014-12-25 21:36:42'),(225,'quiamaxime','2014-12-25 21:36:42','2014-12-25 21:36:42'),(226,'nequeeosdolorem','2014-12-25 21:36:42','2014-12-25 21:36:42'),(227,'voluptatemetmolestiaenonrepellat','2014-12-25 21:36:42','2014-12-25 21:36:42'),(228,'inventoreconsequaturestliberofacere','2014-12-25 21:36:42','2014-12-25 21:36:42'),(229,'nonfuga','2014-12-25 21:36:42','2014-12-25 21:36:42'),(230,'maioresratione','2014-12-25 21:36:42','2014-12-25 21:36:42'),(231,'ipsumexpeditaidinsint','2014-12-25 21:36:42','2014-12-25 21:36:42'),(232,'iustodoloremdoloremquiautem','2014-12-25 21:36:42','2014-12-25 21:36:42'),(233,'autconsequatur','2014-12-20 00:00:00','2014-12-20 00:00:00'),(234,'quibusdamnihilanimi','2014-12-20 00:00:00','2014-12-20 00:00:00'),(235,'sequiquasdoloreum','2014-12-20 00:00:00','2014-12-20 00:00:00'),(236,'delenitiaccusamus','2014-12-20 00:00:00','2014-12-20 00:00:00'),(237,'eosutsolutaquis','2014-12-25 21:36:42','2014-12-25 21:36:42'),(238,'quasinanimiteneturhic','2014-12-25 21:36:42','2014-12-25 21:36:42'),(239,'quisquamdolordebitisatquis','2014-12-25 21:36:42','2014-12-25 21:36:42'),(240,'eligendiutetdolornemo','2014-12-25 21:36:42','2014-12-25 21:36:42'),(241,'saepeametnullafacere','2014-12-25 21:36:42','2014-12-25 21:36:42'),(242,'utquianulla','2014-12-25 21:36:42','2014-12-25 21:36:42'),(243,'cumautiustomagnam','2014-12-25 21:36:42','2014-12-25 21:36:42'),(244,'aperiamrerumaliquidvel','2014-12-25 21:36:42','2014-12-25 21:36:42'),(245,'cupiditateisteut','2014-12-25 21:36:42','2014-12-25 21:36:42'),(246,'estaliquam','2014-12-25 21:36:42','2014-12-25 21:36:42'),(247,'perferendisest','2014-12-25 21:36:42','2014-12-25 21:36:42'),(248,'autsaepequi','2014-12-25 21:36:42','2014-12-25 21:36:42'),(249,'molestiaeconsequunturaliasanimi','2014-12-25 21:36:42','2014-12-25 21:36:42'),(250,'autexercitationemnisiut','2014-12-25 21:36:42','2014-12-25 21:36:42'),(251,'modiquodqui','2014-12-25 21:36:42','2014-12-25 21:36:42'),(252,'quisquamut','2014-12-25 21:36:42','2014-12-25 21:36:42'),(253,'necessitatibusmaiorespossimusculpa','2014-12-25 21:36:42','2014-12-25 21:36:42'),(254,'solutasintquiaarchitectodolores','2014-12-25 21:36:42','2014-12-25 21:36:42'),(255,'deseruntassumendaquiculpaunde','2014-12-25 21:36:42','2014-12-25 21:36:42'),(256,'eosnecessitatibus','2014-12-25 21:36:42','2014-12-25 21:36:42'),(257,'corporisdebitis','2014-12-25 21:36:42','2014-12-25 21:36:42'),(258,'nonet','2014-12-25 21:36:42','2014-12-25 21:36:42'),(259,'ipsadebitishicnon','2014-12-25 21:36:42','2014-12-25 21:36:42'),(260,'quiadoloremquocumquedolore','2014-12-25 21:36:42','2014-12-25 21:36:42'),(261,'corruptifugiat','2014-12-25 21:36:42','2014-12-25 21:36:42'),(262,'laboresed','2014-12-25 21:36:42','2014-12-25 21:36:42'),(263,'evenietquipariatur','2014-12-25 21:36:42','2014-12-25 21:36:42'),(264,'etconsequaturnecessitatibuset','2014-12-25 21:36:42','2014-12-25 21:36:42'),(265,'atqueautquivitae','2014-12-25 21:36:42','2014-12-25 21:36:42'),(266,'quiconsequatur','2014-12-25 21:36:42','2014-12-25 21:36:42'),(267,'sedminusquodquiaaut','2014-12-25 21:36:42','2014-12-25 21:36:42'),(268,'aliquidnihilrecusandaeodio','2014-12-25 21:36:42','2014-12-25 21:36:42'),(269,'quimagnisuntharum','2014-12-25 21:36:42','2014-12-25 21:36:42'),(270,'voluptatemanimieos','2014-12-25 21:36:42','2014-12-25 21:36:42'),(271,'laboriosampossimus','2014-12-25 21:36:42','2014-12-25 21:36:42'),(272,'nostrumnecessitatibusquibusdamutadipisci','2014-12-25 21:36:42','2014-12-25 21:36:42'),(273,'nobiseosomnisprovident','2014-12-25 21:36:42','2014-12-25 21:36:42'),(274,'impeditipsambeatae','2014-12-25 21:36:42','2014-12-25 21:36:42'),(275,'blanditiisaliquidconsequuntur','2014-12-25 21:36:42','2014-12-25 21:36:42'),(276,'ullamtemporequidoloremqueeligendi','2014-12-25 21:36:42','2014-12-25 21:36:42'),(277,'sedautemearumaspernaturet','2014-12-25 21:36:42','2014-12-25 21:36:42');
/*!40000 ALTER TABLE `suppliers` ENABLE KEYS */;
UNLOCK TABLES;

--
-- Table structure for table `users`
--

DROP TABLE IF EXISTS `users`;
/*!40101 SET @saved_cs_client     = @@character_set_client */;
/*!40101 SET character_set_client = utf8 */;
CREATE TABLE `users` (
  `id` int(11) NOT NULL AUTO_INCREMENT,
  `login` varchar(255) COLLATE utf8_unicode_ci DEFAULT NULL,
  `firstname` varchar(255) COLLATE utf8_unicode_ci DEFAULT NULL,
  `lastname` varchar(255) COLLATE utf8_unicode_ci DEFAULT NULL,
  `phone` varchar(255) COLLATE utf8_unicode_ci DEFAULT NULL,
  `authentication_system_id` int(11) DEFAULT '1',
  `unique_id` varchar(255) COLLATE utf8_unicode_ci DEFAULT NULL,
  `email` varchar(255) COLLATE utf8_unicode_ci DEFAULT NULL,
  `badge_id` varchar(255) COLLATE utf8_unicode_ci DEFAULT NULL,
  `address` varchar(255) COLLATE utf8_unicode_ci DEFAULT NULL,
  `city` varchar(255) COLLATE utf8_unicode_ci DEFAULT NULL,
  `zip` varchar(255) COLLATE utf8_unicode_ci DEFAULT NULL,
  `country` varchar(255) COLLATE utf8_unicode_ci DEFAULT NULL,
  `language_id` int(11) DEFAULT NULL,
  `extended_info` text COLLATE utf8_unicode_ci,
  `settings` varchar(1024) COLLATE utf8_unicode_ci DEFAULT NULL,
  `created_at` datetime DEFAULT NULL,
  `updated_at` datetime DEFAULT NULL,
  `delegator_user_id` int(11) DEFAULT NULL,
  PRIMARY KEY (`id`),
  KEY `index_users_on_authentication_system_id` (`authentication_system_id`),
  KEY `users_language_id_fk` (`language_id`),
  KEY `users_delegator_user_id_fk` (`delegator_user_id`),
  CONSTRAINT `users_delegator_user_id_fk` FOREIGN KEY (`delegator_user_id`) REFERENCES `users` (`id`),
  CONSTRAINT `users_authentication_system_id_fk` FOREIGN KEY (`authentication_system_id`) REFERENCES `authentication_systems` (`id`),
  CONSTRAINT `users_language_id_fk` FOREIGN KEY (`language_id`) REFERENCES `languages` (`id`)
) ENGINE=InnoDB AUTO_INCREMENT=37 DEFAULT CHARSET=utf8 COLLATE=utf8_unicode_ci;
/*!40101 SET character_set_client = @saved_cs_client */;

--
-- Dumping data for table `users`
--

LOCK TABLES `users` WRITE;
/*!40000 ALTER TABLE `users` DISABLE KEYS */;
INSERT INTO `users` VALUES (1,'ramon','Ramon','C.','03168416221',1,'xg9xpeq6cg9gkdwzad','ramon@zhdk.ch','ddpotb3ppv61q3m8w8','89255 Bradford Curve','Schimmelfurt','K-L1B 7LJ','Kuwait',2,NULL,'--- !ruby/hash:ActiveSupport::HashWithIndifferentAccess {}\n','2014-12-25 21:36:42','2014-12-25 21:36:42',NULL),(2,'alivia_7965','Grady','Hermann','0117432490',1,'n38k2krijfedhvuzxy','floy_braun@jerde.biz','7jn83nzydi7n062htz','1336 Katheryn Point','Enolafurt','D-Z7M 2BP','Democratic People\\\'s Republic of Korea',1,NULL,'--- !ruby/hash:ActiveSupport::HashWithIndifferentAccess {}\n','2014-12-25 21:36:42','2014-12-25 21:36:42',NULL),(3,'gerson_ohara_4689','Nikki','Schoen','0169778015',1,'p0l75klpg9244uy9t8','jerry.mayert@mclaughlin.info','552phgcmllc4o5uwc3','34465 Buckridge Corners','Delfinashire','P-S2P 0WZ','Peru',1,NULL,'--- !ruby/hash:ActiveSupport::HashWithIndifferentAccess {}\n','2014-12-25 21:36:42','2014-12-25 21:36:42',NULL),(4,'joy_5474','Anahi','Durgan','0169779293',1,'kz4l651yriugzbok4f','zaria.bruen@kuhlmanromaguera.name','b5e9sfguzde4bnju93','2188 McGlynn Way','Port Theronport','S-WK6 1HT','Singapore',1,NULL,'--- !ruby/hash:ActiveSupport::HashWithIndifferentAccess {}\n','2014-12-25 21:36:42','2014-12-25 21:36:42',NULL),(5,'major_kuphal_4834','Modesta','King','05682322363',1,'21jvtv16wv9r0s43kj','janea_hoeger@klingbernier.co.uk','vt4gv5u02oq87eqcm1','50779 Langosh Mall','Port Carolyn','P-WM9 2LJ','Peru',1,NULL,'--- !ruby/hash:ActiveSupport::HashWithIndifferentAccess {}\n','2014-12-25 21:36:42','2014-12-25 21:36:42',NULL),(6,'sadie_2091','Ransom','Dare','01541019378',1,'g85t704nq8z6ugrjk7','mafalda.haag@white.com','how9ftrsd4jjpy8tpl','4108 Mekhi Harbor','West Andre','T-NK6Y 5UJ','Tonga',1,NULL,'--- !ruby/hash:ActiveSupport::HashWithIndifferentAccess {}\n','2014-12-25 21:36:42','2014-12-25 21:36:42',NULL),(7,'lucy_kreiger_2067','Modesta','Langosh','05511877265',1,'d302lhpxzwu8v6bhsh','kristin.schmidt@brakus.name','6qnt8oces26defmyv0','9480 Urban Lakes','Sigurdbury','U-UF6 6NL','Uganda',1,NULL,'--- !ruby/hash:ActiveSupport::HashWithIndifferentAccess {}\n','2014-12-25 21:36:42','2014-12-25 21:36:42',NULL),(8,'matti','Matti','S.','08383351119',1,'gde0a00q2phdbjjrfr','matti@zhdk.ch','k3u9pexhvoo4tq2dx6','213 Kautzer Plaza','Newtonburgh','W-B1V 2LF','Wallis and Futuna',2,NULL,'--- !ruby/hash:ActiveSupport::HashWithIndifferentAccess {}\n','2014-12-25 21:36:42','2014-12-25 21:36:42',NULL),(9,'mike','Mike','H.','09623389857',1,'oksu09eox862ucn6ur','mike@zhdk.ch','u9zhedioj1pyh3cq0o','798 Boyer Street','South Pansy','E-A6H 5XY','Eritrea',2,NULL,'--- !ruby/hash:ActiveSupport::HashWithIndifferentAccess {}\n','2014-12-25 21:36:42','2014-12-25 21:36:42',NULL),(10,'andi','Andi','Davis','03327991980',1,'okpzsbkiyrbzy2i9z5','andi@zhdk.ch','3wznvbwwapwokfhm6k','22990 Stroman Course','Juanitaside','P-W9 4JB','Philippines',2,NULL,'--- !ruby/hash:ActiveSupport::HashWithIndifferentAccess {}\n','2014-12-25 21:36:42','2014-12-25 21:36:42',NULL),(11,'pietro.romaguera_4451','Adah','Lakin','01157094148',1,'43i0omxr1dezo4k45b','florine_bernier@hermanstokes.com','8jhguh6gkf33j5871a','39124 Judd Islands','Strosinberg','G-Y3 7RX','Greece',2,NULL,'--- !ruby/hash:ActiveSupport::HashWithIndifferentAccess {}\n','2014-12-25 21:36:42','2014-12-25 21:36:42',NULL),(12,'rafaela_9783','Mervin','Gerhold','08726863832',1,'3jeeeleq2un2h6tvje','annabelle@funk.com','s8gwcrbrwh8yyp42k4','996 Citlalli Landing','Ziemebury','A-J0H 6JL','Albania',1,NULL,'--- !ruby/hash:ActiveSupport::HashWithIndifferentAccess {}\n','2014-12-25 21:36:42','2014-12-25 21:36:42',NULL),(13,'alison_4063','Reanna','Volkman','0500951916',1,'hnwtm6absft6xbk0hy','thora_shields@lind.name','ctybfpx4hq4n5v6kh8','820 Alyce Square','Wittingberg','L-W2R 7JA','Liberia',1,NULL,'--- !ruby/hash:ActiveSupport::HashWithIndifferentAccess {}\n','2014-12-25 21:36:42','2014-12-25 21:36:42',NULL),(14,'abbigail_6192','Jed','Adams','05529950237',1,'91xku952i0g4148t46','madisyn.rippin@bergstrom.com','4ty0tkx3ozcdq1e39p','204 Graham Squares','Feilbury','S-Z6 5AT','Sri Lanka',1,NULL,'--- !ruby/hash:ActiveSupport::HashWithIndifferentAccess {}\n','2014-12-25 21:36:42','2014-12-25 21:36:42',NULL),(15,'marietta_6130','Elwyn','Lind','01189216982',1,'jd18bhcn7vkdppxnm8','george@wiza.biz','ib5n97i2ajikgy5085','779 Dickinson Estates','Schimmelshire','C-W3 2JA','Comoros',1,NULL,'--- !ruby/hash:ActiveSupport::HashWithIndifferentAccess {}\n','2014-12-25 21:36:42','2014-12-25 21:36:42',NULL),(16,'geovanny_deckow_1713','Cecil','Weissnat','02907564435',1,'befcztimyl24356vw4','jordy@howellheel.biz','crasad64a0sp1a0718','321 Orland Crossing','Janisside','E-R3 1FD','Ethiopia',1,NULL,'--- !ruby/hash:ActiveSupport::HashWithIndifferentAccess {}\n','2014-12-25 21:36:42','2014-12-25 21:36:42',NULL),(17,'gino','Gino','F.','03803570775',1,'vhs12woigpm1w3tycr','gino@zhdk.ch','a0v5z1bjlvly9vnt8w','898 Doyle Hollow','Tombury','T-W1 2AX','Togo',2,NULL,'--- !ruby/hash:ActiveSupport::HashWithIndifferentAccess {}\n','2014-12-25 21:36:42','2014-12-25 21:36:42',NULL),(18,'pius','Pius','Schaden','03490153322',1,'9n395kk30nr6rxymxa','pius@zhdk.ch','asz5b8k624rd6244w6','8918 Domenico Place','Sporerfurt','G-TD5N 7JJ','Guatemala',2,NULL,'--- !ruby/hash:ActiveSupport::HashWithIndifferentAccess {}\n','2014-12-25 21:36:42','2014-12-25 21:36:42',NULL),(19,'peter','Peter','Silie','01853299287',1,'o6awy2favig79v6tdh','peter@silie.com','cedhhgi57911x9drf4','30942 Anthony Walk','Leuschkeberg','S-L4A 3QR','Saint Pierre and Miquelon',2,NULL,'--- !ruby/hash:ActiveSupport::HashWithIndifferentAccess {}\n','2014-12-25 21:36:42','2014-12-25 21:36:42',NULL),(20,'vella_2969','Prince','Kovacek','0129276247',1,'i4hl2ls6k7zorwi4gt','vida@damore.co.uk','cap0hbfok42g61c84x','572 Audrey Drive','Altheamouth','E-ZC0 2AA','Eritrea',1,NULL,'--- !ruby/hash:ActiveSupport::HashWithIndifferentAccess {}\n','2014-12-25 21:36:42','2014-12-25 21:36:42',NULL),(21,'lew_9261','Evert','Cassin','05652420937',1,'ooapchdj63ljyrfmks','demond@padberg.info','sls2ra9aqtqfx0dq7w','4946 Hackett Dale','Ankundingchester','C-Y8 9BH','Cayman Islands',1,NULL,'--- !ruby/hash:ActiveSupport::HashWithIndifferentAccess {}\n','2014-12-25 21:36:42','2014-12-25 21:36:42',NULL),(22,'berry_rempel_9127','Keely','Pfeffer','01611373978',1,'z8ap9swree9hotlgqm','gust@schuppe.biz','n7oxdvzs7gqenulkxf','105 Veum Roads','New Lylabury','T-RW1 1YU','Tajikistan',1,NULL,'--- !ruby/hash:ActiveSupport::HashWithIndifferentAccess {}\n','2014-12-25 21:36:42','2014-12-25 21:36:42',NULL),(23,'lemuel_glover_7635','Flavio','Jast','0800172391',1,'1nmwnpx1x5nyk0yrsq','verona@gleichnerschroeder.info','mohjnehkpcn6cws3x6','68745 Mariah Ville','Ebertburgh','B-Z3 3LL','Barbados',1,NULL,'--- !ruby/hash:ActiveSupport::HashWithIndifferentAccess {}\n','2014-12-25 21:36:42','2014-12-25 21:36:42',NULL),(24,'edythe_6943','Loyce','Wintheiser','08908066484',1,'n1ws8p8b97si7rtlud','jeremie_simonis@leannon.biz','hes8gz851zoceoilgj','302 O\'Conner Mall','Parisfurt','C-W7W 9WY','Croatia',1,NULL,'--- !ruby/hash:ActiveSupport::HashWithIndifferentAccess {}\n','2014-12-20 00:00:00','2014-12-20 00:00:00',NULL),(25,'marshall_robel_4856','Sydnie','Toy','08114421689',1,'dj2rmau2lfbvp79sh4','reyna.murazik@osinskimueller.name','aokq2esk8a86uwyifa','7878 Cummings Loop','Lake Alize','V-UE4 6YJ','Vietnam',1,NULL,'--- !ruby/hash:ActiveSupport::HashWithIndifferentAccess {}\n','2014-12-20 00:00:00','2014-12-20 00:00:00',NULL),(26,'verona_1279','Newell','Homenick','09630872235',1,'ltikxio6yvi8peqns2','stephan.swift@pricedare.biz','jjyvf2gfuj2k7qd14w','886 Elvera Walks','North Eloy','G-Z4 5PL','Germany',1,NULL,'--- !ruby/hash:ActiveSupport::HashWithIndifferentAccess {}\n','2014-12-25 21:36:42','2014-12-25 21:36:42',NULL),(27,'asha_6385','Zelma','Stiedemann','0169771095',1,'y3gxpkf9g5qzrnb7y9','camille@kuphal.biz','l091d8dc602acvo19m','73962 Dale Road','Farrellburgh','B-Z0Y 2EA','Bangladesh',1,NULL,'--- !ruby/hash:ActiveSupport::HashWithIndifferentAccess {}\n','2014-12-25 21:36:42','2014-12-25 21:36:42',NULL),(28,'mina','Mina','Kub','02275655803',1,'aia58kybaswlhs0aw0','mina@zhdk.ch','jo7g2ahif6px4njpzs','32236 Sven Cliff','Lamontmouth','A-T4W 1BB','Andorra',1,NULL,'--- !ruby/hash:ActiveSupport::HashWithIndifferentAccess {}\n','2014-12-25 21:36:42','2014-12-25 21:36:42',NULL),(29,'julie','Julie','Hilpert','08758393981',1,'5lrfvffp49q8lplfoz','julie@zhdk.ch','ubp730sho5r3k74u1l','2144 Schimmel Crescent','Louisahaven','B-WA3M 5FX','Burundi',1,NULL,'--- !ruby/hash:ActiveSupport::HashWithIndifferentAccess {}\n','2014-12-25 21:36:42','2014-12-25 21:36:42',NULL),(30,NULL,'Sint velit soluta aut.',NULL,NULL,NULL,NULL,NULL,NULL,NULL,NULL,NULL,NULL,1,NULL,'--- !ruby/hash:ActiveSupport::HashWithIndifferentAccess {}\n','2014-12-25 21:36:42','2014-12-25 21:36:42',29),(31,NULL,'Rerum magni eum deserunt.',NULL,NULL,NULL,NULL,NULL,NULL,NULL,NULL,NULL,NULL,1,NULL,'--- !ruby/hash:ActiveSupport::HashWithIndifferentAccess {}\n','2014-12-25 21:36:42','2014-12-25 21:36:42',28),(32,NULL,'Placeat repellendus voluptas labore.',NULL,NULL,NULL,NULL,NULL,NULL,NULL,NULL,NULL,NULL,1,NULL,'--- !ruby/hash:ActiveSupport::HashWithIndifferentAccess {}\n','2014-12-25 21:36:42','2014-12-25 21:36:42',28),(33,NULL,'Modi eligendi molestiae voluptatem placeat nesciunt at dolore.',NULL,NULL,NULL,NULL,NULL,NULL,NULL,NULL,NULL,NULL,1,NULL,'--- !ruby/hash:ActiveSupport::HashWithIndifferentAccess {}\n','2014-12-25 21:36:42','2014-12-25 21:36:42',28),(34,'normin','Normin','N.','01163388820',1,'ss1ak1i12r0djwlvrg','normin@zhdk.ch','t98dpb7ozyfbj0gc38','893 Halle Course','Haleyport','S-W3P 4BA','Singapore',2,NULL,'--- !ruby/hash:ActiveSupport::HashWithIndifferentAccess {}\n','2014-12-25 21:36:42','2014-12-25 21:36:42',NULL),(35,'petra','Petra','K.','05650638727',1,'cfhrbb2vp9y8s6arjr','petra@zhdk.ch','dg88kd6wrv7i7t7lgm','960 Joaquin Creek, ','West Katrine','A-Z4 0AY','Australia',2,NULL,'--- !ruby/hash:ActiveSupport::HashWithIndifferentAccess {}\n','2014-12-25 21:36:42','2014-12-25 21:36:42',NULL),(36,'lisa','Lisa','L.','0169774881',1,'eshaspk6u4c94rsmoj','lisa@zhdk.ch','sxcwxy2o3tfl6it16q','51194 Reichel Fork','East Russborough','P-SB3W 9AU','Papua New Guinea',2,NULL,'--- !ruby/hash:ActiveSupport::HashWithIndifferentAccess {}\n','2014-12-25 21:36:42','2014-12-25 21:36:42',NULL);
/*!40000 ALTER TABLE `users` ENABLE KEYS */;
UNLOCK TABLES;

--
-- Temporary table structure for view `visit_lines`
--

DROP TABLE IF EXISTS `visit_lines`;
/*!50001 DROP VIEW IF EXISTS `visit_lines`*/;
SET @saved_cs_client     = @@character_set_client;
SET character_set_client = utf8;
/*!50001 CREATE TABLE `visit_lines` (
  `visit_id` varchar(148),
  `inventory_pool_id` int(11),
  `user_id` int(11),
  `delegated_user_id` int(11),
  `status` enum('unsubmitted','submitted','rejected','approved','signed','closed'),
  `action` varchar(9),
  `date` date,
  `quantity` int(11),
  `contract_line_id` int(11)
) ENGINE=MyISAM */;
SET character_set_client = @saved_cs_client;

--
-- Temporary table structure for view `visits`
--

DROP TABLE IF EXISTS `visits`;
/*!50001 DROP VIEW IF EXISTS `visits`*/;
SET @saved_cs_client     = @@character_set_client;
SET character_set_client = utf8;
/*!50001 CREATE TABLE `visits` (
  `id` varchar(148),
  `inventory_pool_id` int(11),
  `user_id` int(11),
  `status` enum('unsubmitted','submitted','rejected','approved','signed','closed'),
  `action` varchar(9),
  `date` date,
  `quantity` decimal(32,0)
) ENGINE=MyISAM */;
SET character_set_client = @saved_cs_client;

--
-- Table structure for table `workdays`
--

DROP TABLE IF EXISTS `workdays`;
/*!40101 SET @saved_cs_client     = @@character_set_client */;
/*!40101 SET character_set_client = utf8 */;
CREATE TABLE `workdays` (
  `id` int(11) NOT NULL AUTO_INCREMENT,
  `inventory_pool_id` int(11) DEFAULT NULL,
  `monday` tinyint(1) DEFAULT '1',
  `tuesday` tinyint(1) DEFAULT '1',
  `wednesday` tinyint(1) DEFAULT '1',
  `thursday` tinyint(1) DEFAULT '1',
  `friday` tinyint(1) DEFAULT '1',
  `saturday` tinyint(1) DEFAULT '0',
  `sunday` tinyint(1) DEFAULT '0',
  PRIMARY KEY (`id`),
  KEY `index_workdays_on_inventory_pool_id` (`inventory_pool_id`),
  CONSTRAINT `workdays_inventory_pool_id_fk` FOREIGN KEY (`inventory_pool_id`) REFERENCES `inventory_pools` (`id`) ON DELETE CASCADE
) ENGINE=InnoDB AUTO_INCREMENT=15 DEFAULT CHARSET=utf8 COLLATE=utf8_unicode_ci;
/*!40101 SET character_set_client = @saved_cs_client */;

--
-- Dumping data for table `workdays`
--

LOCK TABLES `workdays` WRITE;
/*!40000 ALTER TABLE `workdays` DISABLE KEYS */;
INSERT INTO `workdays` VALUES (1,1,1,1,1,1,1,0,0),(2,2,1,1,1,1,1,0,0),(3,3,1,1,1,1,1,0,0),(4,4,1,1,1,1,1,0,0),(5,5,1,1,1,1,1,0,0),(6,6,1,1,1,1,1,0,0),(7,7,1,1,1,1,1,0,0),(8,8,1,1,1,1,1,0,0),(9,9,1,1,1,1,1,0,0),(10,10,1,1,1,1,1,0,0),(11,11,1,1,1,1,1,0,0),(12,12,1,1,1,1,1,0,0),(13,13,1,1,1,1,1,0,0),(14,14,1,1,1,1,1,0,0);
/*!40000 ALTER TABLE `workdays` ENABLE KEYS */;
UNLOCK TABLES;

--
-- Final view structure for view `partitions_with_generals`
--

/*!50001 DROP TABLE IF EXISTS `partitions_with_generals`*/;
/*!50001 DROP VIEW IF EXISTS `partitions_with_generals`*/;
/*!50001 SET @saved_cs_client          = @@character_set_client */;
/*!50001 SET @saved_cs_results         = @@character_set_results */;
/*!50001 SET @saved_col_connection     = @@collation_connection */;
/*!50001 SET character_set_client      = utf8 */;
/*!50001 SET character_set_results     = utf8 */;
/*!50001 SET collation_connection      = utf8_general_ci */;
/*!50001 CREATE ALGORITHM=UNDEFINED */
/*!50001 VIEW `partitions_with_generals` AS select `partitions`.`model_id` AS `model_id`,`partitions`.`inventory_pool_id` AS `inventory_pool_id`,`partitions`.`group_id` AS `group_id`,`partitions`.`quantity` AS `quantity` from `partitions` union select `i`.`model_id` AS `model_id`,`i`.`inventory_pool_id` AS `inventory_pool_id`,NULL AS `group_id`,(count(`i`.`id`) - ifnull((select sum(`p`.`quantity`) from `partitions` `p` where ((`p`.`model_id` = `i`.`model_id`) and (`p`.`inventory_pool_id` = `i`.`inventory_pool_id`)) group by `p`.`inventory_pool_id`,`p`.`model_id`),0)) AS `quantity` from `items` `i` where (isnull(`i`.`retired`) and (`i`.`is_borrowable` = 1) and isnull(`i`.`parent_id`)) group by `i`.`inventory_pool_id`,`i`.`model_id` */;
/*!50001 SET character_set_client      = @saved_cs_client */;
/*!50001 SET character_set_results     = @saved_cs_results */;
/*!50001 SET collation_connection      = @saved_col_connection */;

--
-- Final view structure for view `visit_lines`
--

/*!50001 DROP TABLE IF EXISTS `visit_lines`*/;
/*!50001 DROP VIEW IF EXISTS `visit_lines`*/;
/*!50001 SET @saved_cs_client          = @@character_set_client */;
/*!50001 SET @saved_cs_results         = @@character_set_results */;
/*!50001 SET @saved_col_connection     = @@collation_connection */;
/*!50001 SET character_set_client      = utf8 */;
/*!50001 SET character_set_results     = utf8 */;
/*!50001 SET collation_connection      = utf8_general_ci */;
/*!50001 CREATE ALGORITHM=UNDEFINED */
/*!50001 VIEW `visit_lines` AS select hex(concat_ws('_',if((`c`.`status` = 'approved'),`cl`.`start_date`,`cl`.`end_date`),`c`.`inventory_pool_id`,`c`.`user_id`,`c`.`status`)) AS `visit_id`,`c`.`inventory_pool_id` AS `inventory_pool_id`,`c`.`user_id` AS `user_id`,`c`.`delegated_user_id` AS `delegated_user_id`,`c`.`status` AS `status`,if((`c`.`status` = 'approved'),'hand_over','take_back') AS `action`,if((`c`.`status` = 'approved'),`cl`.`start_date`,`cl`.`end_date`) AS `date`,`cl`.`quantity` AS `quantity`,`cl`.`id` AS `contract_line_id` from (`contract_lines` `cl` join `contracts` `c` on((`cl`.`contract_id` = `c`.`id`))) where ((`c`.`status` in ('approved','signed')) and isnull(`cl`.`returned_date`)) order by if((`c`.`status` = 'approved'),`cl`.`start_date`,`cl`.`end_date`) */;
/*!50001 SET character_set_client      = @saved_cs_client */;
/*!50001 SET character_set_results     = @saved_cs_results */;
/*!50001 SET collation_connection      = @saved_col_connection */;

--
-- Final view structure for view `visits`
--

/*!50001 DROP TABLE IF EXISTS `visits`*/;
/*!50001 DROP VIEW IF EXISTS `visits`*/;
/*!50001 SET @saved_cs_client          = @@character_set_client */;
/*!50001 SET @saved_cs_results         = @@character_set_results */;
/*!50001 SET @saved_col_connection     = @@collation_connection */;
/*!50001 SET character_set_client      = utf8 */;
/*!50001 SET character_set_results     = utf8 */;
/*!50001 SET collation_connection      = utf8_general_ci */;
/*!50001 CREATE ALGORITHM=UNDEFINED */
/*!50001 VIEW `visits` AS select hex(concat_ws('_',`visit_lines`.`date`,`visit_lines`.`inventory_pool_id`,`visit_lines`.`user_id`,`visit_lines`.`status`)) AS `id`,`visit_lines`.`inventory_pool_id` AS `inventory_pool_id`,`visit_lines`.`user_id` AS `user_id`,`visit_lines`.`status` AS `status`,`visit_lines`.`action` AS `action`,`visit_lines`.`date` AS `date`,sum(`visit_lines`.`quantity`) AS `quantity` from `visit_lines` group by `visit_lines`.`user_id`,`visit_lines`.`status`,`visit_lines`.`date`,`visit_lines`.`inventory_pool_id` */;
/*!50001 SET character_set_client      = @saved_cs_client */;
/*!50001 SET character_set_results     = @saved_cs_results */;
/*!50001 SET collation_connection      = @saved_col_connection */;
/*!40103 SET TIME_ZONE=@OLD_TIME_ZONE */;

/*!40101 SET SQL_MODE=@OLD_SQL_MODE */;
/*!40014 SET FOREIGN_KEY_CHECKS=@OLD_FOREIGN_KEY_CHECKS */;
/*!40014 SET UNIQUE_CHECKS=@OLD_UNIQUE_CHECKS */;
/*!40101 SET CHARACTER_SET_CLIENT=@OLD_CHARACTER_SET_CLIENT */;
/*!40101 SET CHARACTER_SET_RESULTS=@OLD_CHARACTER_SET_RESULTS */;
/*!40101 SET COLLATION_CONNECTION=@OLD_COLLATION_CONNECTION */;
/*!40111 SET SQL_NOTES=@OLD_SQL_NOTES */;

-- Dump completed on 2014-09-09 10:43:23
COMMIT;
