SET autocommit=0; SET unique_checks=0; SET foreign_key_checks=0;
-- MySQL dump 10.13  Distrib 5.1.48, for apple-darwin10.3.0 (i386)
--
-- Host: localhost    Database: leihs2_test
-- ------------------------------------------------------
-- Server version	5.1.48

/*!40101 SET @OLD_CHARACTER_SET_CLIENT=@@CHARACTER_SET_CLIENT */;
/*!40101 SET @OLD_CHARACTER_SET_RESULTS=@@CHARACTER_SET_RESULTS */;
/*!40101 SET @OLD_COLLATION_CONNECTION=@@COLLATION_CONNECTION */;
/*!40101 SET NAMES utf8 */;
/*!40103 SET @OLD_TIME_ZONE=@@TIME_ZONE */;
/*!40103 SET TIME_ZONE='+00:00' */;
/*!40014 SET @OLD_UNIQUE_CHECKS=@@UNIQUE_CHECKS, UNIQUE_CHECKS=0 */;
/*!40014 SET @OLD_FOREIGN_KEY_CHECKS=@@FOREIGN_KEY_CHECKS, FOREIGN_KEY_CHECKS=0 */;
/*!40101 SET @OLD_SQL_MODE=@@SQL_MODE, SQL_MODE='NO_AUTO_VALUE_ON_ZERO' */;
/*!40111 SET @OLD_SQL_NOTES=@@SQL_NOTES, SQL_NOTES=0 */;

--
-- Table structure for table `access_rights`
--

DROP TABLE IF EXISTS `access_rights`;
/*!40101 SET @saved_cs_client     = @@character_set_client */;
/*!40101 SET character_set_client = utf8 */;
CREATE TABLE `access_rights` (
  `id` int(11) NOT NULL AUTO_INCREMENT,
  `user_id` int(11) DEFAULT NULL,
  `inventory_pool_id` int(11) DEFAULT NULL,
  `suspended_until` date DEFAULT NULL,
  `suspended_reason` text COLLATE utf8_unicode_ci,
  `deleted_at` date DEFAULT NULL,
  `created_at` datetime DEFAULT NULL,
  `updated_at` datetime DEFAULT NULL,
  `role` enum('customer','group_manager','lending_manager','inventory_manager','admin') COLLATE utf8_unicode_ci NOT NULL,
  PRIMARY KEY (`id`),
  KEY `index_access_rights_on_suspended_until` (`suspended_until`),
  KEY `index_access_rights_on_deleted_at` (`deleted_at`),
  KEY `index_access_rights_on_inventory_pool_id` (`inventory_pool_id`),
  KEY `index_access_rights_on_role` (`role`),
  KEY `index_on_user_id_and_inventory_pool_id_and_deleted_at` (`user_id`,`inventory_pool_id`,`deleted_at`),
  CONSTRAINT `access_rights_inventory_pool_id_fk` FOREIGN KEY (`inventory_pool_id`) REFERENCES `inventory_pools` (`id`),
  CONSTRAINT `access_rights_user_id_fk` FOREIGN KEY (`user_id`) REFERENCES `users` (`id`)
) ENGINE=InnoDB AUTO_INCREMENT=41 DEFAULT CHARSET=utf8 COLLATE=utf8_unicode_ci;
/*!40101 SET character_set_client = @saved_cs_client */;

--
-- Dumping data for table `access_rights`
--

LOCK TABLES `access_rights` WRITE;
/*!40000 ALTER TABLE `access_rights` DISABLE KEYS */;
INSERT INTO `access_rights` VALUES (1,1,NULL,NULL,NULL,NULL,'2012-11-03 10:53:02','2012-11-03 10:53:02','admin'),(2,3,3,NULL,NULL,NULL,'2012-11-03 10:53:02','2012-11-03 10:53:02','customer'),(3,4,1,NULL,NULL,NULL,'2012-11-03 10:53:02','2012-11-03 10:53:02','lending_manager'),(4,5,5,NULL,NULL,NULL,'2012-11-03 10:53:02','2012-11-03 10:53:02','customer'),(5,6,9,NULL,NULL,NULL,'2012-11-03 10:53:02','2012-11-03 10:53:02','customer'),(6,7,1,NULL,NULL,'2012-11-03','2012-11-03 10:53:02','2012-11-03 10:53:02','customer'),(7,1,1,NULL,NULL,NULL,'2012-11-03 10:53:02','2012-11-03 10:53:02','customer'),(8,8,2,NULL,NULL,NULL,'2012-11-03 10:53:02','2012-11-03 10:53:02','inventory_manager'),(9,9,1,NULL,NULL,NULL,'2012-11-03 10:53:02','2012-11-03 10:53:02','inventory_manager'),(10,9,11,NULL,NULL,NULL,'2012-11-03 10:53:02','2012-11-03 10:53:02','inventory_manager'),(11,10,1,NULL,NULL,NULL,'2012-11-03 10:53:02','2012-11-03 10:53:02','group_manager'),(12,10,2,NULL,NULL,NULL,'2012-11-03 10:53:02','2012-11-03 10:53:02','group_manager'),(13,10,3,NULL,NULL,NULL,'2012-11-03 10:53:02','2012-11-03 10:53:02','group_manager'),(14,11,1,NULL,NULL,NULL,'2012-11-03 10:53:02','2012-11-03 10:53:02','group_manager'),(15,12,1,NULL,NULL,NULL,'2012-11-03 10:53:02','2012-11-03 10:53:02','customer'),(16,13,1,'2012-11-03','suspreason',NULL,'2012-11-03 10:53:02','2012-11-03 10:53:02','customer'),(17,14,1,NULL,NULL,NULL,'2012-11-03 10:53:02','2012-11-03 10:53:02','customer'),(18,15,1,NULL,NULL,NULL,'2012-11-03 10:53:02','2012-11-03 10:53:02','customer'),(19,16,1,NULL,NULL,NULL,'2012-11-03 10:53:02','2012-11-03 10:53:02','customer'),(20,17,NULL,NULL,NULL,NULL,'2012-11-03 10:53:02','2012-11-03 10:53:02','admin'),(21,18,1,NULL,NULL,NULL,'2012-11-03 10:53:02','2012-11-03 10:53:02','lending_manager'),(22,18,2,NULL,NULL,NULL,'2012-11-03 10:53:02','2012-11-03 10:53:02','lending_manager'),(23,19,1,NULL,NULL,NULL,'2012-11-03 10:53:02','2012-11-03 10:53:02','customer'),(24,20,1,NULL,NULL,NULL,'2012-11-03 10:53:02','2012-11-03 10:53:02','customer'),(25,21,1,NULL,NULL,NULL,'2012-11-03 10:53:02','2012-11-03 10:53:02','customer'),(26,22,1,NULL,NULL,NULL,'2012-11-03 10:53:02','2012-11-03 10:53:02','customer'),(27,23,1,NULL,NULL,NULL,'2012-11-03 10:53:02','2012-11-03 10:53:02','customer'),(28,24,2,'2012-10-30','Ea dignissimos fugiat vel deleniti libero aut.',NULL,'2012-10-29 00:00:00','2012-10-29 00:00:00','customer'),(29,28,1,NULL,NULL,NULL,'2012-11-03 10:53:02','2012-11-03 10:53:02','customer'),(30,29,1,NULL,NULL,NULL,'2012-11-03 10:53:02','2012-11-03 10:53:02','customer'),(31,30,1,NULL,NULL,NULL,'2012-11-03 10:53:02','2012-11-03 10:53:02','customer'),(32,31,1,NULL,NULL,NULL,'2012-11-03 10:53:02','2012-11-03 10:53:02','customer'),(33,33,1,NULL,NULL,NULL,'2012-11-03 10:53:02','2012-11-03 10:53:02','customer'),(34,33,12,NULL,NULL,NULL,'2012-11-03 10:53:02','2012-11-03 10:53:02','customer'),(35,34,1,NULL,NULL,NULL,'2012-11-03 10:53:02','2012-11-03 10:53:02','customer'),(36,34,2,NULL,NULL,NULL,'2012-11-03 10:53:02','2012-11-03 10:53:02','customer'),(37,34,3,NULL,NULL,NULL,'2012-11-03 10:53:02','2012-11-03 10:53:02','customer'),(38,34,12,NULL,NULL,'2012-11-02','2012-11-03 10:53:02','2012-11-03 10:53:02','customer'),(39,35,1,NULL,NULL,NULL,'2012-11-03 10:53:02','2012-11-03 10:53:02','customer'),(40,36,1,NULL,NULL,NULL,'2012-11-03 10:53:02','2012-11-03 10:53:02','customer');
/*!40000 ALTER TABLE `access_rights` ENABLE KEYS */;
UNLOCK TABLES;

--
-- Table structure for table `accessories`
--

DROP TABLE IF EXISTS `accessories`;
/*!40101 SET @saved_cs_client     = @@character_set_client */;
/*!40101 SET character_set_client = utf8 */;
CREATE TABLE `accessories` (
  `id` int(11) NOT NULL AUTO_INCREMENT,
  `model_id` int(11) DEFAULT NULL,
  `name` varchar(255) COLLATE utf8_unicode_ci DEFAULT NULL,
  `quantity` int(11) DEFAULT NULL,
  PRIMARY KEY (`id`),
  KEY `index_accessories_on_model_id` (`model_id`),
  CONSTRAINT `accessories_model_id_fk` FOREIGN KEY (`model_id`) REFERENCES `models` (`id`)
) ENGINE=InnoDB AUTO_INCREMENT=473 DEFAULT CHARSET=utf8 COLLATE=utf8_unicode_ci;
/*!40101 SET character_set_client = @saved_cs_client */;

--
-- Dumping data for table `accessories`
--

LOCK TABLES `accessories` WRITE;
/*!40000 ALTER TABLE `accessories` DISABLE KEYS */;
INSERT INTO `accessories` VALUES (1,1,'Reyes Wintheiser',NULL),(2,1,'Flo Streich IV',NULL),(3,2,'Grayce Purdy',NULL),(4,2,'Hortense Reichert',NULL),(5,3,'Kiana Wisoky II',NULL),(6,4,'Elias Batz',NULL),(7,4,'Maybell Heller',NULL),(8,4,'Solon Strosin',NULL),(9,4,'Dolly Turner',NULL),(10,4,'Ivah Zboncak',NULL),(11,5,'Morton Nolan Sr.',NULL),(12,5,'George Bosco',NULL),(13,6,'Keyshawn McKenzie I',NULL),(14,6,'Gaetano Carroll MD',NULL),(15,6,'Elisabeth Runolfsdottir',NULL),(16,7,'Wendell Bailey',NULL),(17,8,'Dejuan Braun',NULL),(18,8,'Krista Harvey',NULL),(19,8,'Evans Kutch',NULL),(20,8,'Ephraim Stanton',NULL),(21,9,'Geovanni Brown',NULL),(22,9,'Weston Collins',NULL),(23,9,'Jacinto Swaniawski',NULL),(24,9,'Miss Gerald Price',NULL),(25,9,'Dominique Zulauf',NULL),(26,10,'Lamar Mills V',NULL),(27,10,'Mrs. Delfina Rowe',NULL),(28,10,'Mrs. Braxton Kuvalis',NULL),(29,10,'Maud Gulgowski',NULL),(30,10,'Blanche Flatley',NULL),(31,11,'Brown Kihn',NULL),(32,11,'Jonatan Brown',NULL),(33,11,'Christopher Wolf',NULL),(34,11,'Ms. Rubie Kuphal',NULL),(35,11,'Estrella Predovic',NULL),(36,12,'Ludwig Heller',NULL),(37,12,'Ms. Adalberto Towne',NULL),(38,12,'Heloise Hintz',NULL),(39,12,'Deborah Blanda',NULL),(40,13,'Davion Stamm',NULL),(41,13,'Morris Weissnat',NULL),(42,14,'Yasmine Kerluke',NULL),(43,15,'Collin Willms',NULL),(44,16,'Bernice Swaniawski',NULL),(45,16,'Brad Pfannerstill',NULL),(46,17,'Dr. Uriah Berge',NULL),(47,18,'Dr. Brandon Kuhn',NULL),(48,18,'Dr. Nichole Pouros',NULL),(49,18,'Mrs. Celia Hackett',NULL),(50,19,'Dr. Antonietta Langworth',NULL),(51,19,'Colt Kerluke',NULL),(52,19,'Fannie Trantow',NULL),(53,19,'Brendon Jacobi II',NULL),(54,20,'Darrion Berge',NULL),(55,20,'Carmel Tremblay',NULL),(56,20,'Bernadine Halvorson',NULL),(57,20,'Mathew Gorczany',NULL),(58,20,'Jodie Bergnaum',NULL),(59,21,'Lysanne O\'Connell',NULL),(60,22,'Ms. Jane Barrows',NULL),(61,22,'Elvie Schoen',NULL),(62,22,'Dagmar Ernser',NULL),(63,22,'Prince Ebert IV',NULL),(64,22,'Jacklyn Witting',NULL),(65,23,'Danika Runte',NULL),(66,23,'Andy Cremin',NULL),(67,23,'Lafayette Blanda',NULL),(68,24,'Cornelius Kuhic',NULL),(69,24,'Mr. Murray West',NULL),(70,24,'Aliyah Denesik DDS',NULL),(71,25,'Ronaldo Beier',NULL),(72,25,'Ms. Kariane Runolfsdottir',NULL),(73,25,'Braden Torp',NULL),(74,25,'Paige Cartwright',NULL),(75,26,'Linda Jast',NULL),(76,26,'Mrs. Elinore Cormier',NULL),(77,27,'Brenden Quigley',NULL),(78,27,'Shayna Parker',NULL),(79,27,'Mrs. Clement Hills',NULL),(80,27,'Jacynthe Osinski',NULL),(81,27,'Dayana Eichmann',NULL),(82,28,'Randy Schneider',NULL),(83,28,'Mr. Emerson Reichert',NULL),(84,29,'Carmen Stehr',NULL),(85,29,'Norene Sawayn',NULL),(86,29,'Mr. Osvaldo Dach',NULL),(87,29,'Leslie Huels',NULL),(88,29,'Jett Walsh',NULL),(89,30,'Rhianna Brekke MD',NULL),(90,30,'Johnny Jacobson',NULL),(91,30,'Mrs. Lisette Carter',NULL),(92,30,'Angus Barrows',NULL),(93,30,'Amaya Friesen',NULL),(94,31,'Libby Becker',NULL),(95,31,'Shayna Schamberger',NULL),(96,31,'Trisha Huel',NULL),(97,31,'Santina Jast',NULL),(98,31,'Titus Feeney',NULL),(99,32,'Mr. Coby Murray',NULL),(100,32,'Rocky Hamill MD',NULL),(101,32,'Rosamond Hammes Jr.',NULL),(102,32,'Hailee Roberts',NULL),(103,33,'Dr. Chyna Weissnat',NULL),(104,33,'Bridget Stamm',NULL),(105,33,'Felicita Mraz V',NULL),(106,33,'David Prohaska',NULL),(107,33,'Kolby Fritsch',NULL),(108,34,'Ward Collins',NULL),(109,34,'Libbie Roberts',NULL),(110,34,'Elaina Goldner II',NULL),(111,34,'Eileen Jaskolski',NULL),(112,34,'Nelson Schiller IV',NULL),(113,35,'Moses Pacocha DDS',NULL),(114,35,'Sarai Thiel',NULL),(115,35,'Harold Gutkowski',NULL),(116,35,'Kristian Pacocha III',NULL),(117,36,'Barrett Greenfelder',NULL),(118,36,'Ms. Manley Dibbert',NULL),(119,37,'Scarlett Kuhic',NULL),(120,38,'Darby Hermann',NULL),(121,39,'Eulalia O\'Hara Sr.',NULL),(122,39,'Melyssa Feest',NULL),(123,39,'Kylie Waelchi',NULL),(124,39,'Tabitha Hayes',NULL),(125,40,'Grover O\'Hara',NULL),(126,40,'Dayna Nikolaus',NULL),(127,40,'Miss Reyna Anderson',NULL),(128,40,'Miss Verda Fisher',NULL),(129,41,'Monserrate Nicolas',NULL),(130,41,'Tina Crooks',NULL),(131,41,'Ora McGlynn DDS',NULL),(132,42,'Edgar Steuber',NULL),(133,42,'Sienna Haley',NULL),(134,42,'Kade Lind Sr.',NULL),(135,42,'Tatyana Satterfield MD',NULL),(136,42,'Oceane Larkin',NULL),(137,43,'Mario Skiles',NULL),(138,43,'Kory Lindgren',NULL),(139,43,'Eleonore Torp',NULL),(140,43,'Ramiro Klocko',NULL),(141,44,'Mrs. Teagan Mayer',NULL),(142,44,'Oral Durgan',NULL),(143,44,'Donny Ortiz',NULL),(144,44,'Fidel Yundt',NULL),(145,44,'Kavon Hills',NULL),(146,45,'Mr. Nathanael Roberts',NULL),(147,46,'Dameon Connelly',NULL),(148,46,'Lillie Mayert',NULL),(149,46,'Miss Madisyn McClure',NULL),(150,46,'Keara Hodkiewicz',NULL),(151,47,'Thurman Rutherford DDS',NULL),(152,47,'Maye Witting',NULL),(153,48,'Zetta Deckow',NULL),(154,48,'Miss Caesar Purdy',NULL),(155,48,'Mittie Pollich',NULL),(156,49,'Lilyan Stokes Jr.',NULL),(157,50,'Joshuah Goodwin',NULL),(158,50,'Samara Gutkowski',NULL),(159,50,'Osbaldo Beatty',NULL),(160,51,'Ana Trantow',NULL),(161,51,'Reta O\'Connell',NULL),(162,51,'Bart Hodkiewicz',NULL),(163,51,'Ariane Kirlin',NULL),(164,52,'Westley Friesen',NULL),(165,53,'Jordy Skiles',NULL),(166,53,'Elissa Fritsch',NULL),(167,53,'Mekhi Hoppe',NULL),(168,54,'Mable Hane',NULL),(169,55,'Hector Bernier',NULL),(170,55,'Quinten Kuhic',NULL),(171,55,'Meagan Medhurst',NULL),(172,55,'Reva Okuneva',NULL),(173,56,'Ms. Giovanna Osinski',NULL),(174,56,'Ms. Rosetta Pfeffer',NULL),(175,57,'Beatrice Hammes',NULL),(176,57,'Josiah Carter',NULL),(177,57,'Mr. Elissa Feeney',NULL),(178,57,'Shirley Frami II',NULL),(179,57,'Maryjane Stokes',NULL),(180,58,'Christiana Block Sr.',NULL),(181,58,'Ryan Homenick PhD',NULL),(182,59,'Kiel Adams DVM',NULL),(183,59,'Justus Wilderman',NULL),(184,59,'Chyna Dicki',NULL),(185,59,'Kathlyn Bernier',NULL),(186,60,'Tommie Smith',NULL),(187,60,'Casandra Runolfsdottir',NULL),(188,60,'Kyla Waters',NULL),(189,61,'Destany Johns MD',NULL),(190,61,'Ms. Sabrina Kulas',NULL),(191,61,'Matilda Cole PhD',NULL),(192,61,'Mohammed Considine',NULL),(193,61,'Jimmy Legros',NULL),(194,62,'Ms. Sigmund Bogan',NULL),(195,62,'Elyssa Pfannerstill MD',NULL),(196,62,'Kianna Nolan',NULL),(197,62,'Tavares McDermott',NULL),(198,63,'Myah Rogahn',NULL),(199,63,'Lenna Torphy',NULL),(200,63,'Maye Vandervort MD',NULL),(201,64,'Torrance Bogan',NULL),(202,65,'Willow Keeling',NULL),(203,65,'Mrs. Abagail Hintz',NULL),(204,65,'Watson Beer',NULL),(205,65,'Coralie Carroll III',NULL),(206,65,'Mrs. Jovani Rath',NULL),(207,66,'Enoch Aufderhar Sr.',NULL),(208,66,'Richard Connelly',NULL),(209,66,'Antonio Wiza MD',NULL),(210,67,'Jarred Waelchi Sr.',NULL),(211,68,'Miss Jerrell Cummerata',NULL),(212,68,'Eliza Stokes',NULL),(213,68,'Lenore Conroy',NULL),(214,68,'Ward Breitenberg',NULL),(215,69,'Tamia Auer PhD',NULL),(216,69,'Miss Clotilde Orn',NULL),(217,70,'Rahul Kiehn V',NULL),(218,70,'Caleigh Rau',NULL),(219,70,'Ms. Margarett Windler',NULL),(220,70,'Mr. Maud Heidenreich',NULL),(221,71,'Lessie Gusikowski',NULL),(222,71,'Zakary Friesen',NULL),(223,71,'Nicola Miller DDS',NULL),(224,72,'Christopher Murray DVM',NULL),(225,73,'Madge Miller',NULL),(226,74,'Ruben Donnelly',NULL),(227,74,'Dr. Catharine Beatty',NULL),(228,74,'Salma Christiansen',NULL),(229,74,'Earnestine Heidenreich',NULL),(230,75,'Dr. Valentina Homenick',NULL),(231,75,'Jessica Lynch',NULL),(232,76,'Isai Feil',NULL),(233,76,'Giles Beer',NULL),(234,77,'Malachi Reilly',NULL),(235,77,'Augustine Renner',NULL),(236,78,'Tyrel Koss',NULL),(237,79,'Delphine Sipes',NULL),(238,79,'Seamus Blanda',NULL),(239,80,'Sincere Buckridge',NULL),(240,80,'Eugene Zieme',NULL),(241,80,'Monty Prosacco',NULL),(242,81,'Sabrina Doyle',NULL),(243,81,'Maegan Schulist PhD',NULL),(244,81,'Jany Williamson',NULL),(245,82,'Trevion Swift',NULL),(246,82,'Mrs. Ryann Breitenberg',NULL),(247,82,'Ms. Ova Wiegand',NULL),(248,82,'Earlene Jast',NULL),(249,83,'Jaylan Zieme',NULL),(250,83,'Larry O\'Kon MD',NULL),(251,83,'Mr. Walker Leuschke',NULL),(252,84,'Elmore Walter',NULL),(253,85,'Alba Abbott',NULL),(254,85,'Makayla Carter',NULL),(255,85,'Ellie Predovic',NULL),(256,86,'Corrine Kilback DVM',NULL),(257,86,'Alexys Bruen',NULL),(258,86,'Andreane Hackett',NULL),(259,86,'Chelsey Renner',NULL),(260,87,'Adan Marvin',NULL),(261,87,'Nikko Rosenbaum',NULL),(262,87,'Mr. Johnathan Murazik',NULL),(263,87,'Orion Vandervort',NULL),(264,88,'Corene Bergstrom',NULL),(265,89,'Mylene Bartoletti',NULL),(266,89,'Green Douglas I',NULL),(267,89,'Akeem Hessel MD',NULL),(268,89,'Dena Mante',NULL),(269,90,'Gaetano Klocko',NULL),(270,90,'Oren Gorczany',NULL),(271,90,'Bernardo Ruecker',NULL),(272,91,'Maurine Ullrich',NULL),(273,91,'Arlie Jacobi',NULL),(274,91,'Angus Herzog',NULL),(275,91,'Abigail Koepp IV',NULL),(276,92,'Edwardo Price',NULL),(277,92,'Maynard Langworth',NULL),(278,92,'Christop Legros',NULL),(279,93,'Madalyn Prohaska',NULL),(280,93,'Furman Hermann',NULL),(281,94,'Abe Jerde',NULL),(282,95,'Deborah Stark',NULL),(283,95,'Claud Legros',NULL),(284,95,'Kira Satterfield',NULL),(285,96,'Thomas Armstrong',NULL),(286,96,'Orville Ziemann',NULL),(287,97,'Eleonore Rath',NULL),(288,97,'Alessia Langosh',NULL),(289,97,'Mariah Jacobi PhD',NULL),(290,97,'Steve Emard',NULL),(291,98,'Jasen Nolan',NULL),(292,98,'Cristobal Hamill',NULL),(293,98,'Jacinthe Kulas',NULL),(294,98,'Mrs. Anastasia Farrell',NULL),(295,99,'Louie Willms',NULL),(296,99,'Zita Altenwerth',NULL),(297,100,'Don Kiehn',NULL),(298,101,'Mr. Riley Hoeger',NULL),(299,101,'Angel Labadie',NULL),(300,101,'Randy Kirlin',NULL),(301,101,'Mrs. Kaley Mertz',NULL),(302,101,'Noemy Mosciski V',NULL),(303,102,'Mr. Devan Olson',NULL),(304,102,'Garfield Rutherford',NULL),(305,102,'Lesley Raynor',NULL),(306,102,'Prudence McClure',NULL),(307,103,'Rosendo Beer',NULL),(308,104,'Luigi Parker',NULL),(309,104,'Danyka Labadie',NULL),(310,104,'Rosanna Murphy DVM',NULL),(311,104,'Cynthia Bailey',NULL),(312,104,'Miss River Armstrong',NULL),(313,105,'Maggie Dooley',NULL),(314,105,'Michale Towne',NULL),(315,105,'Sean Walker',NULL),(316,105,'Niko Collins PhD',NULL),(317,105,'Desmond Haag Sr.',NULL),(318,106,'Harold Nader',NULL),(319,106,'Prince Schowalter DVM',NULL),(320,107,'Lee Champlin',NULL),(321,107,'Anissa Oberbrunner',NULL),(322,107,'Miss Alexandria Fahey',NULL),(323,108,'Esperanza Muller',NULL),(324,108,'Idell Harvey',NULL),(325,108,'Peggie Hahn',NULL),(326,108,'Sophia Halvorson Sr.',NULL),(327,109,'Julius Ondricka',NULL),(328,110,'Georgiana Bogisich',NULL),(329,110,'Beth Doyle',NULL),(330,110,'Johnny Koch',NULL),(331,111,'Dr. Keara Dare',NULL),(332,111,'Ward Erdman III',NULL),(333,111,'Ciara Spinka',NULL),(334,111,'Arthur Mann III',NULL),(335,112,'Jerald Reinger',NULL),(336,112,'Hollie Waelchi',NULL),(337,112,'Claudia Lind DDS',NULL),(338,112,'Americo Nitzsche',NULL),(339,112,'Clay Watsica',NULL),(340,113,'Frederik Strosin DVM',NULL),(341,113,'Keenan Monahan',NULL),(342,114,'Dennis Swaniawski',NULL),(343,114,'Miss Marilyne Metz',NULL),(344,115,'Andres Hansen',NULL),(345,116,'Mr. Jadyn Murphy',NULL),(346,117,'Sierra Batz',NULL),(347,117,'Yadira Ankunding',NULL),(348,117,'Irma Keeling',NULL),(349,117,'Juanita Koch',NULL),(350,117,'Adele Russel III',NULL),(351,118,'Johan Nikolaus',NULL),(352,118,'Malcolm Hammes',NULL),(353,118,'Gwendolyn Hyatt',NULL),(354,118,'Keith Goyette',NULL),(355,119,'Dr. Elliot King',NULL),(356,119,'Cornelius Schmitt',NULL),(357,119,'Floy Hammes',NULL),(358,120,'Irwin Ziemann',NULL),(359,120,'Miss Heloise Schuster',NULL),(360,121,'Kieran Beer',NULL),(361,121,'Natalia Rodriguez',NULL),(362,122,'Name Toy',NULL),(363,123,'Leatha Windler',NULL),(364,123,'Neal Nikolaus III',NULL),(365,124,'Ron Emard',NULL),(366,124,'Travis Dare',NULL),(367,124,'Rylee Lynch',NULL),(368,124,'Dorothy Gerhold',NULL),(369,125,'Zander Mills',NULL),(370,126,'Teresa Von',NULL),(371,126,'Dr. Neil Franecki',NULL),(372,126,'Lauretta Funk',NULL),(373,126,'Baron Hirthe',NULL),(374,126,'Chesley Mohr',NULL),(375,127,'Mr. Beulah Haag',NULL),(376,128,'Marcos Schoen',NULL),(377,128,'Felix Kihn',NULL),(378,128,'Isom Volkman',NULL),(379,128,'Noemie Oberbrunner',NULL),(380,129,'Kathlyn Moen',NULL),(381,129,'Kaylie Hickle',NULL),(382,129,'Brian Grady III',NULL),(383,129,'Kayden Ernser MD',NULL),(384,130,'Mathilde Erdman',NULL),(385,130,'Jerome Miller IV',NULL),(386,130,'Glenna Lowe',NULL),(387,130,'Mrs. Nikki Hyatt',NULL),(388,131,'Mrs. Lindsay Kshlerin',NULL),(389,131,'Chaz Sipes',NULL),(390,131,'Miss Allie Wiza',NULL),(391,132,'Dameon Ledner',NULL),(392,132,'Marilyne Larkin',NULL),(393,132,'Theresa Green DDS',NULL),(394,133,'Mrs. Linwood Konopelski',NULL),(395,133,'Dr. Ruth Batz',NULL),(396,133,'Johnpaul Bernhard',NULL),(397,133,'Dr. Dortha Lang',NULL),(398,133,'Rickie Brekke',NULL),(399,134,'Kendra Treutel',NULL),(400,134,'Miss Edison Hodkiewicz',NULL),(401,134,'Carleton Toy',NULL),(402,134,'Gunner Wiegand',NULL),(403,134,'Delfina Volkman DDS',NULL),(404,135,'Coty Crona',NULL),(405,135,'Sibyl Bernier',NULL),(406,136,'Orion Pfeffer PhD',NULL),(407,136,'Esperanza Lemke',NULL),(408,136,'Eugenia Feeney',NULL),(409,136,'Etha Hartmann',NULL),(410,136,'Leonie Murazik',NULL),(411,137,'Dr. Shanelle Leuschke',NULL),(412,138,'Dr. Kamille Kessler',NULL),(413,138,'Jaeden Thiel',NULL),(414,138,'Chadrick Kshlerin',NULL),(415,138,'Caroline Swift',NULL),(416,139,'Miss Gay Mills',NULL),(417,139,'Alan Mann',NULL),(418,139,'Jamey Powlowski PhD',NULL),(419,140,'Dr. Jayne Morar',NULL),(420,140,'Amaya Kautzer',NULL),(421,140,'Melvina Kub',NULL),(422,141,'Tomasa Lakin',NULL),(423,142,'Isom Zemlak Sr.',NULL),(424,143,'Shany Reichert',NULL),(425,143,'Arvid Corwin',NULL),(426,143,'Cleve Gerlach',NULL),(427,143,'Dr. Furman Haag',NULL),(428,144,'Annabell Brekke',NULL),(429,145,'Salvador Shields',NULL),(430,145,'Tristian Schimmel',NULL),(431,145,'Marlen Gerhold PhD',NULL),(432,146,'Bernadine Beier III',NULL),(433,146,'Name Leffler',NULL),(434,146,'Litzy Schmidt',NULL),(435,147,'Kenna Witting',NULL),(436,147,'Alan Schuppe',NULL),(437,148,'Dalton Douglas',NULL),(438,148,'Ms. Michelle Koch',NULL),(439,148,'Maxie Gorczany',NULL),(440,148,'Felton Parker',NULL),(441,149,'Mrs. Luis Flatley',NULL),(442,149,'Ozella Parker DVM',NULL),(443,149,'Barbara Hoppe',NULL),(444,149,'Linda Kunze',NULL),(445,150,'Johathan Grant DDS',NULL),(446,150,'Walton Waelchi DVM',NULL),(447,151,'Katelyn Moore',NULL),(448,151,'Ms. Carlotta Balistreri',NULL),(449,151,'Tristin Ruecker',NULL),(450,151,'Daren Wolff Sr.',NULL),(451,152,'Gregg Considine',NULL),(452,152,'Anderson Corwin',NULL),(453,152,'Mr. Tyree Johnson',NULL),(454,152,'Mrs. Duane Casper',NULL),(455,152,'Cali Farrell',NULL),(456,153,'Mrs. Owen Bins',NULL),(457,153,'Shannon Greenholt',NULL),(458,153,'Granville Lebsack DVM',NULL),(459,154,'Mr. Fatima Hagenes',NULL),(460,155,'Juston Mosciski',NULL),(461,155,'Dudley Padberg',NULL),(462,155,'Miss Nolan Steuber',NULL),(463,156,'Miss Therese Conn',NULL),(464,156,'Tad Beahan',NULL),(465,156,'Vida Nikolaus IV',NULL),(466,156,'Bobby Hills',NULL),(467,156,'Dalton Kunze I',NULL),(468,157,'Davonte Halvorson V',NULL),(469,158,'Dave Connelly',NULL),(470,158,'Alyson Hahn',NULL),(471,158,'Will Ondricka',NULL),(472,158,'Ebba Rice IV',NULL);
/*!40000 ALTER TABLE `accessories` ENABLE KEYS */;
UNLOCK TABLES;

--
-- Table structure for table `accessories_inventory_pools`
--

DROP TABLE IF EXISTS `accessories_inventory_pools`;
/*!40101 SET @saved_cs_client     = @@character_set_client */;
/*!40101 SET character_set_client = utf8 */;
CREATE TABLE `accessories_inventory_pools` (
  `accessory_id` int(11) DEFAULT NULL,
  `inventory_pool_id` int(11) DEFAULT NULL,
  UNIQUE KEY `index_accessories_inventory_pools` (`accessory_id`,`inventory_pool_id`),
  KEY `index_accessories_inventory_pools_on_inventory_pool_id` (`inventory_pool_id`),
  CONSTRAINT `accessories_inventory_pools_inventory_pool_id_fk` FOREIGN KEY (`inventory_pool_id`) REFERENCES `inventory_pools` (`id`),
  CONSTRAINT `accessories_inventory_pools_accessory_id_fk` FOREIGN KEY (`accessory_id`) REFERENCES `accessories` (`id`)
) ENGINE=InnoDB DEFAULT CHARSET=utf8 COLLATE=utf8_unicode_ci;
/*!40101 SET character_set_client = @saved_cs_client */;

--
-- Dumping data for table `accessories_inventory_pools`
--

LOCK TABLES `accessories_inventory_pools` WRITE;
/*!40000 ALTER TABLE `accessories_inventory_pools` DISABLE KEYS */;
INSERT INTO `accessories_inventory_pools` VALUES (1,1),(4,1),(5,1),(10,1),(11,1),(12,1),(14,1),(17,1),(23,1),(24,1),(27,1),(28,1),(29,1),(30,1),(31,1),(36,1),(37,1),(39,1),(40,1),(43,1),(44,1),(48,1),(51,1),(52,1),(53,1),(55,1),(56,1),(58,1),(64,1),(65,1),(66,1),(70,1),(71,1),(75,1),(76,1),(78,1),(80,1),(81,1),(82,1),(87,1),(88,1),(89,1),(90,1),(91,1),(93,1),(94,1),(95,1),(96,1),(98,1),(99,1),(101,1),(102,1),(103,1),(108,1),(109,1),(110,1),(113,1),(115,1),(116,1),(117,1),(119,1),(120,1),(121,1),(123,1),(124,1),(126,1),(128,1),(129,1),(132,1),(133,1),(136,1),(138,1),(139,1),(140,1),(141,1),(144,1),(145,1),(148,1),(149,1),(153,1),(155,1),(156,1),(158,1),(160,1),(164,1),(168,1),(171,1),(173,1),(174,1),(177,1),(178,1),(179,1),(183,1),(184,1),(186,1),(189,1),(190,1),(194,1),(195,1),(197,1),(198,1),(203,1),(206,1),(208,1),(209,1),(210,1),(212,1),(213,1),(214,1),(215,1),(217,1),(218,1),(225,1),(226,1),(227,1),(228,1),(230,1),(231,1),(235,1),(236,1),(237,1),(240,1),(242,1),(246,1),(250,1),(251,1),(253,1),(254,1),(256,1),(260,1),(262,1),(263,1),(264,1),(265,1),(268,1),(269,1),(270,1),(274,1),(276,1),(280,1),(282,1),(286,1),(290,1),(292,1),(293,1),(294,1),(297,1),(300,1),(301,1),(302,1),(304,1),(305,1),(306,1),(308,1),(312,1),(313,1),(315,1),(316,1),(318,1),(320,1),(321,1),(323,1),(324,1),(325,1),(331,1),(332,1),(333,1),(335,1),(338,1),(339,1),(343,1),(345,1),(348,1),(349,1),(352,1),(354,1),(357,1),(358,1),(363,1),(364,1),(365,1),(366,1),(369,1),(370,1),(376,1),(377,1),(379,1),(380,1),(381,1),(383,1),(384,1),(385,1),(386,1),(388,1),(393,1),(395,1),(396,1),(397,1),(398,1),(399,1),(400,1),(401,1),(403,1),(404,1),(406,1),(408,1),(410,1),(417,1),(418,1),(422,1),(423,1),(424,1),(425,1),(427,1),(429,1),(430,1),(433,1),(435,1),(437,1),(438,1),(440,1),(442,1),(445,1),(450,1),(451,1),(453,1),(455,1),(456,1),(457,1),(459,1),(461,1),(464,1),(465,1),(468,1),(470,1),(471,1);
/*!40000 ALTER TABLE `accessories_inventory_pools` ENABLE KEYS */;
UNLOCK TABLES;

--
-- Table structure for table `addresses`
--

DROP TABLE IF EXISTS `addresses`;
/*!40101 SET @saved_cs_client     = @@character_set_client */;
/*!40101 SET character_set_client = utf8 */;
CREATE TABLE `addresses` (
  `id` int(11) NOT NULL AUTO_INCREMENT,
  `street` varchar(255) COLLATE utf8_unicode_ci DEFAULT NULL,
  `zip_code` varchar(255) COLLATE utf8_unicode_ci DEFAULT NULL,
  `city` varchar(255) COLLATE utf8_unicode_ci DEFAULT NULL,
  `country_code` varchar(255) COLLATE utf8_unicode_ci DEFAULT NULL,
  `latitude` float DEFAULT NULL,
  `longitude` float DEFAULT NULL,
  PRIMARY KEY (`id`),
  UNIQUE KEY `index_addresses_on_street_and_zip_code_and_city_and_country_code` (`street`,`zip_code`,`city`,`country_code`)
) ENGINE=InnoDB DEFAULT CHARSET=utf8 COLLATE=utf8_unicode_ci;
/*!40101 SET character_set_client = @saved_cs_client */;

--
-- Dumping data for table `addresses`
--

LOCK TABLES `addresses` WRITE;
/*!40000 ALTER TABLE `addresses` DISABLE KEYS */;
/*!40000 ALTER TABLE `addresses` ENABLE KEYS */;
UNLOCK TABLES;

--
-- Table structure for table `attachments`
--

DROP TABLE IF EXISTS `attachments`;
/*!40101 SET @saved_cs_client     = @@character_set_client */;
/*!40101 SET character_set_client = utf8 */;
CREATE TABLE `attachments` (
  `id` int(11) NOT NULL AUTO_INCREMENT,
  `model_id` int(11) DEFAULT NULL,
  `is_main` tinyint(1) DEFAULT '0',
  `content_type` varchar(255) COLLATE utf8_unicode_ci DEFAULT NULL,
  `filename` varchar(255) COLLATE utf8_unicode_ci DEFAULT NULL,
  `size` int(11) DEFAULT NULL,
  PRIMARY KEY (`id`),
  KEY `index_attachments_on_model_id` (`model_id`),
  CONSTRAINT `attachments_model_id_fk` FOREIGN KEY (`model_id`) REFERENCES `models` (`id`)
) ENGINE=InnoDB AUTO_INCREMENT=7 DEFAULT CHARSET=utf8 COLLATE=utf8_unicode_ci;
/*!40101 SET character_set_client = @saved_cs_client */;

--
-- Dumping data for table `attachments`
--

LOCK TABLES `attachments` WRITE;
/*!40000 ALTER TABLE `attachments` DISABLE KEYS */;
INSERT INTO `attachments` VALUES (1,145,0,'image/jpeg','alias',NULL),(2,146,0,'image/jpeg','provident',NULL),(3,155,0,'image/jpeg','molestias',NULL),(4,155,0,'image/jpeg','sit',NULL),(5,156,0,'image/jpeg','ea',NULL),(6,156,0,'image/jpeg','omnis',NULL);
/*!40000 ALTER TABLE `attachments` ENABLE KEYS */;
UNLOCK TABLES;

--
-- Table structure for table `authentication_systems`
--

DROP TABLE IF EXISTS `authentication_systems`;
/*!40101 SET @saved_cs_client     = @@character_set_client */;
/*!40101 SET character_set_client = utf8 */;
CREATE TABLE `authentication_systems` (
  `id` int(11) NOT NULL AUTO_INCREMENT,
  `name` varchar(255) COLLATE utf8_unicode_ci DEFAULT NULL,
  `class_name` varchar(255) COLLATE utf8_unicode_ci DEFAULT NULL,
  `is_default` tinyint(1) DEFAULT '0',
  `is_active` tinyint(1) DEFAULT '0',
  PRIMARY KEY (`id`)
) ENGINE=InnoDB AUTO_INCREMENT=7 DEFAULT CHARSET=utf8 COLLATE=utf8_unicode_ci;
/*!40101 SET character_set_client = @saved_cs_client */;

--
-- Dumping data for table `authentication_systems`
--

LOCK TABLES `authentication_systems` WRITE;
/*!40000 ALTER TABLE `authentication_systems` DISABLE KEYS */;
INSERT INTO `authentication_systems` VALUES (1,'Database Authentication','DatabaseAuthentication',1,1),(2,'LDAP Authentication','LdapAuthentication',0,0),(3,'ZHDK Authentication','Zhdk',0,0),(4,'Database Authentication','DatabaseAuthentication',1,1),(5,'LDAP Authentication','LdapAuthentication',0,0),(6,'ZHDK Authentication','Zhdk',0,0);
/*!40000 ALTER TABLE `authentication_systems` ENABLE KEYS */;
UNLOCK TABLES;

--
-- Table structure for table `buildings`
--

DROP TABLE IF EXISTS `buildings`;
/*!40101 SET @saved_cs_client     = @@character_set_client */;
/*!40101 SET character_set_client = utf8 */;
CREATE TABLE `buildings` (
  `id` int(11) NOT NULL AUTO_INCREMENT,
  `name` varchar(255) COLLATE utf8_unicode_ci DEFAULT NULL,
  `code` varchar(255) COLLATE utf8_unicode_ci DEFAULT NULL,
  PRIMARY KEY (`id`)
) ENGINE=InnoDB AUTO_INCREMENT=187 DEFAULT CHARSET=utf8 COLLATE=utf8_unicode_ci;
/*!40101 SET character_set_client = @saved_cs_client */;

--
-- Dumping data for table `buildings`
--

LOCK TABLES `buildings` WRITE;
/*!40000 ALTER TABLE `buildings` DISABLE KEYS */;
INSERT INTO `buildings` VALUES (1,'Great Pyramid of Giza','ZZZ'),(2,'Essecorporisut','opt'),(3,'Pariaturvoluptatemnam','ips'),(4,'Dignissimosquisdolorem','acc'),(5,'Sitaliquidoccaecati','sin'),(6,'Suscipitvoluptatumcorrupti','nam'),(7,'Utofficiisalias','pro'),(8,'Omnisquisvoluptates','ida'),(9,'Beataenumquamomnis','qui'),(10,'Etsitnumquam','mai'),(11,'Inautnecessitatibus','har'),(12,'Voluptatemautimpedit','iur'),(13,'Eossintquod','arc'),(14,'Voluptatibusperspiciatisdolor','pro'),(15,'Iurecommodiratione','sin'),(16,'Eaqueetab','nob'),(17,'Nobisutdolorem','cul'),(18,'Evenieteosvelit','nes'),(19,'Corruptietpossimus','non'),(20,'Sedsapientebeatae','qua'),(21,'Sapienteautquae','vol'),(22,'Voluptasnonminus','est'),(23,'Laborequiaaccusantium','etd'),(24,'Quidemautconsequatur','rer'),(25,'Consequaturdistinctioprovident','etm'),(26,'Impeditlaborummaiores','ali'),(27,'Solutaoccaecatidistinctio','eiu'),(28,'Utexercitationemipsa','sit'),(29,'Etvoluptatemdeleniti','eni'),(30,'Consequaturetaut','nis'),(31,'Autevenietrerum','sin'),(32,'Iustomagnamut','ill'),(33,'Solutaquaequidem','lab'),(34,'Modiidsequi','aex'),(35,'Laborevoluptatibusvel','mag'),(36,'Utprovidentomnis','etm'),(37,'Undeeumvoluptatem','err'),(38,'Ausstellungsstrasse 60','AU60'),(39,'Ausstellungsstrasse 60','AU60'),(40,'Evenietmolestiasin','mod'),(41,'Utmolestiaetotam','ver'),(42,'Consequaturvoluptatemrerum','ani'),(43,'Cupiditateestnobis','ita'),(44,'Sequinequeodio','qui'),(45,'Etsuntenim','neq'),(46,'Ducimusquamet','dol'),(47,'Quasieosaccusantium','lab'),(48,'Voluptasomnisquas','rep'),(49,'Quidemducimusfugit','per'),(50,'Nemoiureoptio','odi'),(51,'Doloremquerationelabore','qui'),(52,'Velsitaut','dol'),(53,'Animiquiaquam','odi'),(54,'Similiqueenimdelectus','seq'),(55,'Dolorumutesse','atv'),(56,'Cumenimrepellendus','lib'),(57,'Sitdoloresipsam','aut'),(58,'Cumenimqui','vol'),(59,'Ipsaquiea','ven'),(60,'Sitmolestiaeaccusantium','pla'),(61,'Autetomnis','iur'),(62,'Sintundeillo','opt'),(63,'Namfugavoluptatem','asp'),(64,'Sequiautemvitae','non'),(65,'Consequaturexcepturinisi','nob'),(66,'Sitrerumaut','err'),(67,'Eligendidictafacere','rep'),(68,'Quiavoluptatesveniam','etn'),(69,'Isterepellendusmolestiae','eta'),(70,'Etnonmagnam','quo'),(71,'Cumqueomnisnecessitatibus','fac'),(72,'Inventorecumqueamet','ius'),(73,'Impeditauteum','ips'),(74,'Voluptatemnullaqui','cor'),(75,'Architectovoluptatematque','vol'),(76,'Eligendiimpeditalias','exc'),(77,'Dignissimosutautem','omn'),(78,'Nequearchitectoea','odi'),(79,'Sedtemporaquis','nec'),(80,'Omnisimpeditet','con'),(81,'Isteeligendidolore','mol'),(82,'Liberoillumrerum','vel'),(83,'Consecteturvelitculpa','dol'),(84,'Quibeataedolor','sol'),(85,'Voluptasexpeditaeos','nat'),(86,'Molestiaesedducimus','rep'),(87,'Solutaathic','dol'),(88,'Doloremquisquamconsectetur','qui'),(89,'Veniamsitaspernatur','mag'),(90,'Quiautlabore','aut'),(91,'Velitinventoreid','ali'),(92,'Veniamminimaquae','mol'),(93,'Dolorquodofficiis','ess'),(94,'Cumdoloresquae','utv'),(95,'Nonenimofficia','mol'),(96,'Laborumnesciunttempore','vel'),(97,'Invitaenobis','occ'),(98,'Laudantiumsitrecusandae','uta'),(99,'Placeatistedolor','aut'),(100,'Eosnamodit','qui'),(101,'Evenietvitaein','sed'),(102,'Quiullamut','qui'),(103,'Minusoptioad','rec'),(104,'Rationequiaadipisci','inc'),(105,'Sintipsumcupiditate','ten'),(106,'Voluptasexpeditased','imp'),(107,'Ullamnecessitatibusmollitia','vol'),(108,'Estdelectusratione','dol'),(109,'Voluptatemetut','vol'),(110,'Idcommodiquis','dol'),(111,'Doloresaliasomnis','lau'),(112,'Voluptasnihilculpa','vol'),(113,'Voluptasuttemporibus','cum'),(114,'Undeatveniam','del'),(115,'Laborumetdoloribus','fac'),(116,'Esseeaqui','ame'),(117,'Eumatdolorem','nob'),(118,'Repellatquiaeius','rer'),(119,'Quoscumaperiam','ill'),(120,'Animieaquesint','qui'),(121,'Great Pyramid of Giza','ZZZ'),(122,'Utestquia','dol'),(123,'Eligendicummolestiae','ver'),(124,'Velutmolestiae','est'),(125,'Rerumexcepturiqui','per'),(126,'Totamettenetur','sed'),(127,'Eligendideseruntiure','qua'),(128,'Quisuscipiteaque','dol'),(129,'Istequinumquam','nem'),(130,'Solutaautitaque','ips'),(131,'Quodquinobis','mol'),(132,'Quiquasvelit','eni'),(133,'Nobiseumid','adi'),(134,'Namveritatisaccusantium','hic'),(135,'Rerumvoluptatumrepellat','eum'),(136,'Etsedsaepe','uta'),(137,'Solutamolestiaeimpedit','ear'),(138,'Quaeratasperioresquia','rat'),(139,'Hicinfuga','nat'),(140,'Fugiatquiaexpedita','utn'),(141,'Laboriosamanimivoluptatem','off'),(142,'Adipiscimodiperferendis','rec'),(143,'Remdolorumin','mol'),(144,'Suscipitmagnitempora','eum'),(145,'Blanditiisesseet','idm'),(146,'Temporaessesit','dol'),(147,'Quitemporaminus','acc'),(148,'Rerumeligendieos','rep'),(149,'Utsinthic','pra'),(150,'Estundequia','etf'),(151,'Necessitatibusharumomnis','aut'),(152,'Errorvoluptatespossimus','dis'),(153,'Sintaliasquia','cor'),(154,'Exercitationemminusomnis','etn'),(155,'Uttemporenostrum','dol'),(156,'Namcommodiid','inv'),(157,'Autquisexpedita','fac'),(158,'Voluptatesvelitsequi','eni'),(159,'Illoeligendiad','qui'),(160,'Nobisinipsam','nec'),(161,'Undeodioad','ull'),(162,'Quiminusasperiores','inc'),(163,'Etofficiaest','qua'),(164,'Consequaturmagnivoluptas','sol'),(165,'Atquiaporro','nem'),(166,'Sedeosquas','vol'),(167,'Porroestconsequatur','cul'),(168,'Omnisautvel','vol'),(169,'Maioresaadipisci','har'),(170,'Atqueofficiisofficia','pra'),(171,'Voluptatedolorequis','cum'),(172,'Velitaliquidconsequatur','eas'),(173,'Adipiscivoluptatemculpa','vol'),(174,'Quialiquidest','nos'),(175,'Inipsaporro','quo'),(176,'Sintaperiamullam','tem'),(177,'Facilissuntexercitationem','sit'),(178,'Pariaturmolestiaeut','deb'),(179,'Laboredoloremquevoluptas','min'),(180,'Deseruntsitqui','sit'),(181,'Corruptimolestiaset','etm'),(182,'Maximeteneturconsectetur','ven'),(183,'Delenitivelenim','dol'),(184,'Sintmaioresnostrum','etv'),(185,'Nobislaboresapiente','und'),(186,'Quisutanimi','acc');
/*!40000 ALTER TABLE `buildings` ENABLE KEYS */;
UNLOCK TABLES;

--
-- Table structure for table `contract_lines`
--

DROP TABLE IF EXISTS `contract_lines`;
/*!40101 SET @saved_cs_client     = @@character_set_client */;
/*!40101 SET character_set_client = utf8 */;
CREATE TABLE `contract_lines` (
  `id` int(11) NOT NULL AUTO_INCREMENT,
  `contract_id` int(11) DEFAULT NULL,
  `type` varchar(255) COLLATE utf8_unicode_ci NOT NULL DEFAULT 'ItemLine',
  `item_id` int(11) DEFAULT NULL,
  `model_id` int(11) DEFAULT NULL,
  `quantity` int(11) DEFAULT '1',
  `start_date` date DEFAULT NULL,
  `end_date` date DEFAULT NULL,
  `returned_date` date DEFAULT NULL,
  `option_id` int(11) DEFAULT NULL,
  `purpose_id` int(11) DEFAULT NULL,
  `returned_to_user_id` int(11) DEFAULT NULL,
  `created_at` datetime DEFAULT NULL,
  `updated_at` datetime DEFAULT NULL,
  PRIMARY KEY (`id`),
  KEY `index_contract_lines_on_start_date` (`start_date`),
  KEY `index_contract_lines_on_end_date` (`end_date`),
  KEY `index_contract_lines_on_option_id` (`option_id`),
  KEY `index_contract_lines_on_contract_id` (`contract_id`),
  KEY `index_contract_lines_on_item_id` (`item_id`),
  KEY `index_contract_lines_on_model_id` (`model_id`),
  KEY `index_contract_lines_on_returned_date_and_contract_id` (`returned_date`,`contract_id`),
  KEY `index_contract_lines_on_type_and_contract_id` (`type`,`contract_id`),
  KEY `contract_lines_purpose_id_fk` (`purpose_id`),
  KEY `contract_lines_returned_to_user_id_fk` (`returned_to_user_id`),
  CONSTRAINT `contract_lines_returned_to_user_id_fk` FOREIGN KEY (`returned_to_user_id`) REFERENCES `users` (`id`),
  CONSTRAINT `contract_lines_contract_id_fk` FOREIGN KEY (`contract_id`) REFERENCES `contracts` (`id`),
  CONSTRAINT `contract_lines_item_id_fk` FOREIGN KEY (`item_id`) REFERENCES `items` (`id`),
  CONSTRAINT `contract_lines_model_id_fk` FOREIGN KEY (`model_id`) REFERENCES `models` (`id`),
  CONSTRAINT `contract_lines_option_id_fk` FOREIGN KEY (`option_id`) REFERENCES `options` (`id`),
  CONSTRAINT `contract_lines_purpose_id_fk` FOREIGN KEY (`purpose_id`) REFERENCES `purposes` (`id`)
) ENGINE=InnoDB AUTO_INCREMENT=170 DEFAULT CHARSET=utf8 COLLATE=utf8_unicode_ci;
/*!40101 SET character_set_client = @saved_cs_client */;

--
-- Dumping data for table `contract_lines`
--

LOCK TABLES `contract_lines` WRITE;
/*!40000 ALTER TABLE `contract_lines` DISABLE KEYS */;
INSERT INTO `contract_lines` VALUES (1,1,'ItemLine',NULL,1,1,'2012-11-05','2012-11-05',NULL,NULL,NULL,NULL,'2012-11-03 10:53:02','2012-11-03 10:53:02'),(2,1,'ItemLine',NULL,5,1,'2012-11-05','2012-11-05',NULL,NULL,NULL,NULL,'2012-11-03 10:53:02','2012-11-03 10:53:02'),(3,1,'ItemLine',NULL,9,1,'2012-11-05','2012-11-05',NULL,NULL,NULL,NULL,'2012-11-03 10:53:02','2012-11-03 10:53:02'),(4,2,'ItemLine',NULL,13,1,'2012-11-05','2012-11-05',NULL,NULL,1,NULL,'2012-11-03 10:53:02','2012-11-03 10:53:02'),(5,2,'ItemLine',NULL,17,1,'2012-11-05','2012-11-05',NULL,NULL,1,NULL,'2012-11-03 10:53:02','2012-11-03 10:53:02'),(6,2,'ItemLine',NULL,21,1,'2012-11-05','2012-11-05',NULL,NULL,1,NULL,'2012-11-03 10:53:02','2012-11-03 10:53:02'),(7,2,'ItemLine',NULL,25,1,'2012-11-05','2012-11-05',NULL,NULL,1,NULL,'2012-11-03 10:53:02','2012-11-03 10:53:02'),(8,2,'ItemLine',NULL,29,1,'2012-11-05','2012-11-05',NULL,NULL,1,NULL,'2012-11-03 10:53:02','2012-11-03 10:53:02'),(9,3,'ItemLine',NULL,33,1,'2012-11-05','2012-11-05','2012-11-03',NULL,2,1,'2012-11-03 10:53:02','2012-11-03 10:53:02'),(10,3,'ItemLine',NULL,37,1,'2012-11-05','2012-11-05','2012-11-03',NULL,2,1,'2012-11-03 10:53:02','2012-11-03 10:53:02'),(11,3,'ItemLine',NULL,41,1,'2012-11-05','2012-11-05','2012-11-03',NULL,2,1,'2012-11-03 10:53:02','2012-11-03 10:53:02'),(12,3,'ItemLine',NULL,45,1,'2012-11-05','2012-11-05','2012-11-03',NULL,2,1,'2012-11-03 10:53:02','2012-11-03 10:53:02'),(13,4,'ItemLine',NULL,159,1,'2012-10-30','2012-10-30',NULL,NULL,3,NULL,'2012-10-30 21:10:59','2012-10-30 21:10:59'),(14,4,'ItemLine',NULL,160,1,'2012-10-30','2012-10-30',NULL,NULL,3,NULL,'2012-10-30 21:10:59','2012-10-30 21:10:59'),(15,4,'ItemLine',NULL,161,1,'2012-10-30','2012-10-30',NULL,NULL,3,NULL,'2012-10-30 21:10:59','2012-10-30 21:10:59'),(16,4,'ItemLine',NULL,162,1,'2012-10-30','2012-10-30',NULL,NULL,3,NULL,'2012-10-30 21:10:59','2012-10-30 21:10:59'),(17,4,'ItemLine',NULL,163,1,'2012-10-30','2012-10-30',NULL,NULL,3,NULL,'2012-10-30 21:10:59','2012-10-30 21:10:59'),(18,4,'ItemLine',NULL,164,1,'2012-10-30','2012-10-30',NULL,NULL,3,NULL,'2012-10-30 21:10:59','2012-10-30 21:10:59'),(19,5,'ItemLine',NULL,168,1,'2012-10-30','2012-10-30',NULL,NULL,4,NULL,'2012-10-30 21:10:59','2012-10-30 21:10:59'),(20,5,'ItemLine',NULL,169,1,'2012-10-30','2012-10-30',NULL,NULL,4,NULL,'2012-10-30 21:10:59','2012-10-30 21:10:59'),(21,5,'ItemLine',NULL,170,1,'2012-10-30','2012-10-30',NULL,NULL,4,NULL,'2012-10-30 21:10:59','2012-10-30 21:10:59'),(22,5,'ItemLine',NULL,171,1,'2012-10-30','2012-10-30',NULL,NULL,4,NULL,'2012-10-30 21:10:59','2012-10-30 21:10:59'),(23,5,'ItemLine',NULL,172,1,'2012-10-30','2012-10-30',NULL,NULL,4,NULL,'2012-10-30 21:10:59','2012-10-30 21:10:59'),(24,6,'ItemLine',NULL,176,1,'2012-10-30','2012-10-30',NULL,NULL,5,NULL,'2012-10-30 21:10:59','2012-10-30 21:10:59'),(25,6,'ItemLine',NULL,177,1,'2012-10-30','2012-10-30',NULL,NULL,5,NULL,'2012-10-30 21:10:59','2012-10-30 21:10:59'),(26,6,'ItemLine',NULL,178,1,'2012-10-30','2012-10-30',NULL,NULL,5,NULL,'2012-10-30 21:10:59','2012-10-30 21:10:59'),(27,6,'ItemLine',NULL,179,1,'2012-10-30','2012-10-30',NULL,NULL,5,NULL,'2012-10-30 21:10:59','2012-10-30 21:10:59'),(28,6,'ItemLine',NULL,180,1,'2012-10-30','2012-10-30',NULL,NULL,5,NULL,'2012-10-30 21:10:59','2012-10-30 21:10:59'),(29,6,'ItemLine',NULL,181,1,'2012-10-30','2012-10-30',NULL,NULL,5,NULL,'2012-10-30 21:10:59','2012-10-30 21:10:59'),(30,7,'ItemLine',NULL,185,1,'2012-10-29','2012-10-29',NULL,NULL,6,NULL,'2012-10-29 08:44:20','2012-10-29 08:44:20'),(31,7,'ItemLine',NULL,186,1,'2012-10-29','2012-10-29',NULL,NULL,6,NULL,'2012-10-29 08:44:20','2012-10-29 08:44:20'),(32,7,'ItemLine',NULL,187,1,'2012-10-29','2012-10-29',NULL,NULL,6,NULL,'2012-10-29 08:44:20','2012-10-29 08:44:20'),(33,8,'ItemLine',NULL,188,1,'2012-11-02','2012-11-02',NULL,NULL,7,NULL,'2012-11-02 19:54:13','2012-11-02 19:54:13'),(34,8,'ItemLine',NULL,189,1,'2012-11-02','2012-11-02',NULL,NULL,7,NULL,'2012-11-02 19:54:13','2012-11-02 19:54:13'),(35,8,'ItemLine',NULL,190,1,'2012-11-02','2012-11-02',NULL,NULL,7,NULL,'2012-11-02 19:54:13','2012-11-02 19:54:13'),(36,8,'ItemLine',NULL,191,1,'2012-11-02','2012-11-02',NULL,NULL,7,NULL,'2012-11-02 19:54:13','2012-11-02 19:54:13'),(37,8,'ItemLine',NULL,192,1,'2012-11-02','2012-11-02',NULL,NULL,7,NULL,'2012-11-02 19:54:13','2012-11-02 19:54:13'),(38,8,'ItemLine',NULL,193,1,'2012-11-02','2012-11-02',NULL,NULL,7,NULL,'2012-11-02 19:54:13','2012-11-02 19:54:13'),(39,8,'ItemLine',NULL,193,1,'2012-11-02','2012-11-02',NULL,NULL,7,NULL,'2012-11-02 19:54:13','2012-11-02 19:54:13'),(40,9,'ItemLine',NULL,197,1,'2012-11-05','2012-11-05',NULL,NULL,8,NULL,'2012-11-03 10:53:02','2012-11-03 10:53:02'),(41,9,'ItemLine',NULL,198,1,'2012-11-05','2012-11-05',NULL,NULL,8,NULL,'2012-11-03 10:53:02','2012-11-03 10:53:02'),(42,9,'ItemLine',NULL,199,1,'2012-11-05','2012-11-05',NULL,NULL,8,NULL,'2012-11-03 10:53:02','2012-11-03 10:53:02'),(43,9,'ItemLine',NULL,200,1,'2012-11-05','2012-11-05',NULL,NULL,8,NULL,'2012-11-03 10:53:02','2012-11-03 10:53:02'),(44,9,'ItemLine',NULL,201,1,'2012-11-05','2012-11-05',NULL,NULL,8,NULL,'2012-11-03 10:53:02','2012-11-03 10:53:02'),(45,9,'ItemLine',NULL,202,1,'2012-11-05','2012-11-05',NULL,NULL,8,NULL,'2012-11-03 10:53:02','2012-11-03 10:53:02'),(46,10,'ItemLine',NULL,206,1,'2012-11-05','2012-11-05',NULL,NULL,9,NULL,'2012-11-03 10:53:02','2012-11-03 10:53:02'),(47,10,'ItemLine',NULL,207,1,'2012-11-05','2012-11-05',NULL,NULL,9,NULL,'2012-11-03 10:53:02','2012-11-03 10:53:02'),(48,10,'ItemLine',NULL,208,1,'2012-11-05','2012-11-05',NULL,NULL,9,NULL,'2012-11-03 10:53:02','2012-11-03 10:53:02'),(49,11,'ItemLine',NULL,209,1,'2012-11-05','2012-11-05',NULL,NULL,10,NULL,'2012-11-03 10:53:02','2012-11-03 10:53:02'),(50,11,'ItemLine',NULL,210,1,'2012-11-05','2012-11-05',NULL,NULL,10,NULL,'2012-11-03 10:53:02','2012-11-03 10:53:02'),(51,11,'ItemLine',NULL,211,1,'2012-11-05','2012-11-05',NULL,NULL,10,NULL,'2012-11-03 10:53:02','2012-11-03 10:53:02'),(52,11,'ItemLine',NULL,212,1,'2012-11-05','2012-11-05',NULL,NULL,10,NULL,'2012-11-03 10:53:02','2012-11-03 10:53:02'),(53,12,'ItemLine',NULL,213,1,'2012-11-05','2012-11-05',NULL,NULL,11,NULL,'2012-11-03 10:53:02','2012-11-03 10:53:02'),(54,12,'ItemLine',NULL,214,1,'2012-11-05','2012-11-05',NULL,NULL,11,NULL,'2012-11-03 10:53:02','2012-11-03 10:53:02'),(55,12,'ItemLine',NULL,215,1,'2012-11-05','2012-11-05',NULL,NULL,11,NULL,'2012-11-03 10:53:02','2012-11-03 10:53:02'),(56,13,'ItemLine',25,33,1,'2012-11-05','2012-11-05',NULL,NULL,12,NULL,'2012-11-03 10:53:02','2012-11-03 10:53:02'),(57,13,'ItemLine',26,33,1,'2012-11-05','2012-11-05',NULL,NULL,12,NULL,'2012-11-03 10:53:02','2012-11-03 10:53:02'),(58,13,'ItemLine',27,33,1,'2012-11-05','2012-11-05',NULL,NULL,12,NULL,'2012-11-03 10:53:02','2012-11-03 10:53:02'),(59,13,'ItemLine',28,37,1,'2012-11-05','2012-11-05',NULL,NULL,12,NULL,'2012-11-03 10:53:02','2012-11-03 10:53:02'),(60,13,'ItemLine',29,37,1,'2012-11-05','2012-11-05',NULL,NULL,12,NULL,'2012-11-03 10:53:02','2012-11-03 10:53:02'),(61,13,'ItemLine',30,37,1,'2012-11-05','2012-11-05',NULL,NULL,12,NULL,'2012-11-03 10:53:02','2012-11-03 10:53:02'),(62,13,'ItemLine',31,41,1,'2012-11-05','2012-11-05',NULL,NULL,12,NULL,'2012-11-03 10:53:02','2012-11-03 10:53:02'),(63,13,'ItemLine',32,41,1,'2012-11-05','2012-11-05',NULL,NULL,12,NULL,'2012-11-03 10:53:02','2012-11-03 10:53:02'),(64,13,'ItemLine',33,41,1,'2012-11-05','2012-11-05',NULL,NULL,12,NULL,'2012-11-03 10:53:02','2012-11-03 10:53:02'),(65,13,'ItemLine',34,45,1,'2012-11-05','2012-11-05',NULL,NULL,12,NULL,'2012-11-03 10:53:02','2012-11-03 10:53:02'),(66,13,'ItemLine',35,45,1,'2012-11-05','2012-11-05',NULL,NULL,12,NULL,'2012-11-03 10:53:02','2012-11-03 10:53:02'),(67,13,'ItemLine',36,45,1,'2012-11-05','2012-11-05',NULL,NULL,12,NULL,'2012-11-03 10:53:02','2012-11-03 10:53:02'),(68,13,'ItemLine',39,50,1,'2012-11-05','2012-11-05',NULL,NULL,12,NULL,'2012-11-03 10:53:02','2012-11-03 10:53:02'),(69,13,'ItemLine',40,50,1,'2012-11-05','2012-11-05',NULL,NULL,12,NULL,'2012-11-03 10:53:02','2012-11-03 10:53:02'),(70,13,'ItemLine',41,51,1,'2012-11-05','2012-11-05',NULL,NULL,12,NULL,'2012-11-03 10:53:02','2012-11-03 10:53:02'),(71,13,'ItemLine',43,53,1,'2012-11-05','2012-11-05',NULL,NULL,12,NULL,'2012-11-03 10:53:02','2012-11-03 10:53:02'),(72,13,'ItemLine',44,54,1,'2012-11-05','2012-11-05',NULL,NULL,12,NULL,'2012-11-03 10:53:02','2012-11-03 10:53:02'),(73,13,'ItemLine',45,55,1,'2012-11-05','2012-11-05',NULL,NULL,12,NULL,'2012-11-03 10:53:02','2012-11-03 10:53:02'),(74,13,'ItemLine',46,56,1,'2012-11-05','2012-11-05',NULL,NULL,12,NULL,'2012-11-03 10:53:02','2012-11-03 10:53:02'),(75,13,'ItemLine',47,57,1,'2012-11-05','2012-11-05',NULL,NULL,12,NULL,'2012-11-03 10:53:02','2012-11-03 10:53:02'),(76,13,'ItemLine',48,58,1,'2012-11-05','2012-11-05',NULL,NULL,12,NULL,'2012-11-03 10:53:02','2012-11-03 10:53:02'),(77,13,'ItemLine',49,59,1,'2012-11-05','2012-11-05',NULL,NULL,12,NULL,'2012-11-03 10:53:02','2012-11-03 10:53:02'),(78,13,'ItemLine',50,60,1,'2012-11-05','2012-11-05',NULL,NULL,12,NULL,'2012-11-03 10:53:02','2012-11-03 10:53:02'),(79,13,'ItemLine',51,61,1,'2012-11-05','2012-11-05',NULL,NULL,12,NULL,'2012-11-03 10:53:02','2012-11-03 10:53:02'),(80,13,'ItemLine',52,62,1,'2012-11-05','2012-11-05',NULL,NULL,12,NULL,'2012-11-03 10:53:02','2012-11-03 10:53:02'),(81,13,'ItemLine',53,63,1,'2012-11-05','2012-11-05',NULL,NULL,12,NULL,'2012-11-03 10:53:02','2012-11-03 10:53:02'),(82,13,'ItemLine',54,64,1,'2012-11-05','2012-11-05',NULL,NULL,12,NULL,'2012-11-03 10:53:02','2012-11-03 10:53:02'),(83,13,'ItemLine',55,65,1,'2012-11-05','2012-11-05',NULL,NULL,12,NULL,'2012-11-03 10:53:02','2012-11-03 10:53:02'),(84,13,'ItemLine',56,66,1,'2012-11-05','2012-11-05',NULL,NULL,12,NULL,'2012-11-03 10:53:02','2012-11-03 10:53:02'),(85,13,'ItemLine',57,67,1,'2012-11-05','2012-11-05',NULL,NULL,12,NULL,'2012-11-03 10:53:02','2012-11-03 10:53:02'),(86,14,'OptionLine',NULL,NULL,2,'2012-11-03','2012-11-05',NULL,4,13,NULL,'2012-11-03 10:53:02','2012-11-03 10:53:02'),(87,14,'ItemLine',212,216,1,'2012-11-03','2012-11-05',NULL,NULL,13,NULL,'2012-11-03 10:53:02','2012-11-03 10:53:02'),(88,15,'OptionLine',NULL,NULL,2,'2012-11-03','2012-11-03',NULL,5,14,NULL,'2012-11-03 10:53:02','2012-11-03 10:53:02'),(89,15,'OptionLine',NULL,NULL,1,'2012-11-03','2012-12-03',NULL,5,14,NULL,'2012-11-03 10:53:02','2012-11-03 10:53:02'),(90,16,'ItemLine',213,217,1,'2012-11-03','2012-11-05',NULL,NULL,15,NULL,'2012-11-03 10:53:02','2012-11-03 10:53:02'),(91,17,'ItemLine',214,218,1,'2012-10-29','2012-11-02',NULL,NULL,16,NULL,'2012-10-29 00:00:00','2012-10-29 00:00:00'),(92,17,'OptionLine',NULL,NULL,1,'2012-10-29','2012-11-02',NULL,6,16,NULL,'2012-10-29 00:00:00','2012-10-29 00:00:00'),(93,18,'ItemLine',217,222,1,'2012-11-03','2012-11-03','2012-11-03',NULL,17,NULL,'2012-11-03 10:53:02','2012-11-03 10:53:02'),(94,19,'ItemLine',218,223,1,'2012-11-03','2012-11-03','2012-11-03',NULL,18,NULL,'2012-11-03 10:53:02','2012-11-03 10:53:02'),(95,20,'ItemLine',NULL,225,1,'2012-11-05','2012-11-05',NULL,NULL,19,NULL,'2012-11-03 10:53:02','2012-11-03 10:53:02'),(96,20,'ItemLine',NULL,226,1,'2012-11-05','2012-11-05',NULL,NULL,19,NULL,'2012-11-03 10:53:02','2012-11-03 10:53:02'),(97,20,'ItemLine',NULL,227,1,'2012-11-05','2012-11-05',NULL,NULL,19,NULL,'2012-11-03 10:53:02','2012-11-03 10:53:02'),(98,20,'ItemLine',NULL,228,1,'2012-11-05','2012-11-05',NULL,NULL,19,NULL,'2012-11-03 10:53:02','2012-11-03 10:53:02'),(99,21,'ItemLine',224,229,1,'2012-11-03','2012-11-05',NULL,NULL,20,NULL,'2012-11-03 10:53:02','2012-11-03 10:53:02'),(100,21,'ItemLine',225,230,1,'2012-11-03','2012-11-05',NULL,NULL,20,NULL,'2012-11-03 10:53:02','2012-11-03 10:53:02'),(101,21,'ItemLine',226,231,1,'2012-11-03','2012-11-05',NULL,NULL,20,NULL,'2012-11-03 10:53:02','2012-11-03 10:53:02'),(102,22,'ItemLine',227,232,1,'2012-11-03','2012-11-05',NULL,NULL,21,NULL,'2012-11-03 10:53:02','2012-11-03 10:53:02'),(103,22,'ItemLine',228,233,1,'2012-11-03','2012-11-05',NULL,NULL,21,NULL,'2012-11-03 10:53:02','2012-11-03 10:53:02'),(104,22,'ItemLine',229,234,1,'2012-11-03','2012-11-05',NULL,NULL,21,NULL,'2012-11-03 10:53:02','2012-11-03 10:53:02'),(105,22,'ItemLine',230,235,1,'2012-11-03','2012-11-05',NULL,NULL,21,NULL,'2012-11-03 10:53:02','2012-11-03 10:53:02'),(106,23,'ItemLine',231,236,1,'2012-10-29','2012-10-29',NULL,NULL,22,NULL,'2012-10-29 00:00:00','2012-10-29 00:00:00'),(107,23,'ItemLine',232,237,1,'2012-10-29','2012-10-29',NULL,NULL,22,NULL,'2012-10-29 00:00:00','2012-10-29 00:00:00'),(108,23,'ItemLine',233,238,1,'2012-10-29','2012-10-29',NULL,NULL,22,NULL,'2012-10-29 00:00:00','2012-10-29 00:00:00'),(109,23,'ItemLine',234,239,1,'2012-10-29','2012-10-29',NULL,NULL,22,NULL,'2012-10-29 00:00:00','2012-10-29 00:00:00'),(110,24,'ItemLine',NULL,76,1,'2012-11-10','2012-11-13',NULL,NULL,23,NULL,'2012-11-03 10:53:02','2012-11-03 10:53:02'),(111,24,'ItemLine',NULL,76,1,'2012-11-10','2012-11-13',NULL,NULL,23,NULL,'2012-11-03 10:53:02','2012-11-03 10:53:02'),(112,24,'ItemLine',NULL,76,1,'2012-11-10','2012-11-13',NULL,NULL,23,NULL,'2012-11-03 10:53:02','2012-11-03 10:53:02'),(113,24,'ItemLine',NULL,108,1,'2012-11-10','2012-11-13',NULL,NULL,23,NULL,'2012-11-03 10:53:02','2012-11-03 10:53:02'),(114,24,'ItemLine',NULL,108,1,'2012-11-10','2012-11-13',NULL,NULL,23,NULL,'2012-11-03 10:53:02','2012-11-03 10:53:02'),(115,24,'ItemLine',NULL,108,1,'2012-11-10','2012-11-13',NULL,NULL,23,NULL,'2012-11-03 10:53:02','2012-11-03 10:53:02'),(116,24,'ItemLine',NULL,108,1,'2012-11-10','2012-11-13',NULL,NULL,23,NULL,'2012-11-03 10:53:02','2012-11-03 10:53:02'),(117,25,'ItemLine',NULL,240,1,'2012-11-05','2012-11-05',NULL,NULL,24,NULL,'2012-11-03 10:53:02','2012-11-03 10:53:02'),(118,25,'ItemLine',NULL,244,1,'2012-11-05','2012-11-05',NULL,NULL,24,NULL,'2012-11-03 10:53:02','2012-11-03 10:53:02'),(119,25,'ItemLine',NULL,248,1,'2012-11-05','2012-11-05',NULL,NULL,24,NULL,'2012-11-03 10:53:02','2012-11-03 10:53:02'),(120,25,'ItemLine',NULL,252,1,'2012-11-05','2012-11-05',NULL,NULL,24,NULL,'2012-11-03 10:53:02','2012-11-03 10:53:02'),(121,26,'ItemLine',NULL,256,1,'2012-11-05','2012-11-05',NULL,NULL,25,NULL,'2012-11-03 10:53:02','2012-11-03 10:53:02'),(122,26,'ItemLine',NULL,260,1,'2012-11-05','2012-11-05',NULL,NULL,25,NULL,'2012-11-03 10:53:02','2012-11-03 10:53:02'),(123,26,'ItemLine',NULL,264,1,'2012-11-05','2012-11-05',NULL,NULL,25,NULL,'2012-11-03 10:53:02','2012-11-03 10:53:02'),(124,26,'ItemLine',NULL,268,1,'2012-11-05','2012-11-05',NULL,NULL,25,NULL,'2012-11-03 10:53:02','2012-11-03 10:53:02'),(125,27,'ItemLine',NULL,272,1,'2012-11-05','2012-11-05',NULL,NULL,26,NULL,'2012-11-03 10:53:02','2012-11-03 10:53:02'),(126,27,'ItemLine',NULL,276,1,'2012-11-05','2012-11-05',NULL,NULL,26,NULL,'2012-11-03 10:53:02','2012-11-03 10:53:02'),(127,27,'ItemLine',NULL,280,1,'2012-11-05','2012-11-05',NULL,NULL,26,NULL,'2012-11-03 10:53:02','2012-11-03 10:53:02'),(128,27,'ItemLine',NULL,284,1,'2012-11-05','2012-11-05',NULL,NULL,26,NULL,'2012-11-03 10:53:02','2012-11-03 10:53:02'),(129,27,'ItemLine',NULL,288,1,'2012-11-05','2012-11-05',NULL,NULL,26,NULL,'2012-11-03 10:53:02','2012-11-03 10:53:02'),(130,28,'ItemLine',NULL,108,1,'2012-11-05','2012-11-05',NULL,NULL,27,NULL,'2012-11-03 10:53:02','2012-11-03 10:53:02'),(131,29,'ItemLine',NULL,108,1,'2012-11-05','2012-11-05',NULL,NULL,28,NULL,'2012-11-03 10:53:02','2012-11-03 10:53:02'),(132,29,'ItemLine',NULL,76,1,'2012-11-05','2012-11-05',NULL,NULL,28,NULL,'2012-11-03 10:53:02','2012-11-03 10:53:02'),(133,30,'ItemLine',NULL,108,1,'2012-11-10','2012-11-11',NULL,NULL,29,NULL,'2012-11-03 10:53:02','2012-11-03 10:53:02'),(134,31,'ItemLine',NULL,50,1,'2012-11-05','2012-11-05',NULL,NULL,30,NULL,'2012-11-03 10:53:02','2012-11-03 10:53:02'),(135,31,'ItemLine',NULL,50,1,'2012-11-05','2012-11-05',NULL,NULL,30,NULL,'2012-11-03 10:53:02','2012-11-03 10:53:02'),(136,31,'ItemLine',NULL,50,1,'2012-11-05','2012-11-05',NULL,NULL,30,NULL,'2012-11-03 10:53:02','2012-11-03 10:53:02'),(137,32,'ItemLine',NULL,76,1,'2012-11-05','2012-11-05',NULL,NULL,31,NULL,'2012-11-03 10:53:02','2012-11-03 10:53:02'),(138,32,'ItemLine',NULL,108,1,'2012-11-05','2012-11-05',NULL,NULL,31,NULL,'2012-11-03 10:53:02','2012-11-03 10:53:02'),(139,32,'ItemLine',NULL,76,1,'2012-11-05','2012-11-05',NULL,NULL,31,NULL,'2012-11-03 10:53:02','2012-11-03 10:53:02'),(140,32,'ItemLine',NULL,108,1,'2012-11-05','2012-11-05',NULL,NULL,31,NULL,'2012-11-03 10:53:02','2012-11-03 10:53:02'),(141,32,'ItemLine',NULL,76,1,'2012-11-05','2012-11-05',NULL,NULL,31,NULL,'2012-11-03 10:53:02','2012-11-03 10:53:02'),(142,32,'ItemLine',NULL,108,1,'2012-11-05','2012-11-05',NULL,NULL,31,NULL,'2012-11-03 10:53:02','2012-11-03 10:53:02'),(143,32,'OptionLine',NULL,NULL,5,'2012-11-05','2012-11-05',NULL,1,31,NULL,'2012-11-03 10:53:02','2012-11-03 10:53:02'),(144,33,'ItemLine',NULL,147,1,'2012-11-05','2012-11-05',NULL,NULL,NULL,NULL,'2012-11-03 10:53:02','2012-11-03 10:53:02'),(145,34,'ItemLine',274,292,1,'2012-11-05','2012-11-05',NULL,NULL,NULL,NULL,'2012-11-03 10:53:02','2012-11-03 10:53:02'),(146,35,'ItemLine',66,76,1,'2012-11-03','2012-11-03',NULL,NULL,34,NULL,'2012-11-03 10:53:02','2012-11-03 10:53:02'),(147,36,'ItemLine',275,293,1,'2012-11-03','2012-11-03',NULL,NULL,35,NULL,'2012-11-03 10:53:02','2012-11-03 10:53:02'),(148,37,'ItemLine',37,49,1,'2012-11-03','2012-11-03',NULL,NULL,36,NULL,'2012-11-03 10:53:02','2012-11-03 10:53:02'),(149,37,'ItemLine',218,223,1,'2012-11-03','2012-11-03','2012-11-03',NULL,36,18,'2012-11-03 10:53:02','2012-11-03 10:53:02'),(150,38,'ItemLine',42,50,1,'2012-11-03','2012-11-03',NULL,NULL,37,NULL,'2012-11-03 10:53:02','2012-11-03 10:53:02'),(151,39,'ItemLine',276,294,1,'2012-11-03','2012-11-03',NULL,NULL,38,NULL,'2012-11-03 10:53:02','2012-11-03 10:53:02'),(152,40,'ItemLine',107,111,1,'2012-11-03','2012-11-04',NULL,NULL,39,NULL,'2012-11-03 10:53:02','2012-11-03 10:53:02'),(153,41,'ItemLine',NULL,76,1,'2012-11-10','2012-11-13',NULL,NULL,40,NULL,'2012-11-03 10:53:02','2012-11-03 10:53:02'),(154,41,'ItemLine',NULL,108,1,'2012-11-10','2012-11-13',NULL,NULL,40,NULL,'2012-11-03 10:53:02','2012-11-03 10:53:02'),(155,41,'ItemLine',NULL,108,1,'2012-11-11','2012-11-14',NULL,NULL,40,NULL,'2012-11-03 10:53:02','2012-11-03 10:53:02'),(156,42,'ItemLine',NULL,54,1,'2012-11-03','2012-11-04',NULL,NULL,40,NULL,'2012-11-03 10:53:02','2012-11-03 10:53:02'),(157,43,'ItemLine',NULL,50,1,'2012-11-01','2012-11-04',NULL,NULL,41,NULL,'2012-11-03 10:53:02','2012-11-03 10:53:02'),(158,43,'ItemLine',NULL,295,1,'2012-11-01','2012-11-04',NULL,NULL,41,NULL,'2012-11-03 10:53:02','2012-11-03 10:53:02'),(159,44,'ItemLine',136,50,1,'2012-11-03','2012-11-03',NULL,NULL,42,NULL,'2012-11-03 10:53:02','2012-11-03 10:53:02'),(160,44,'OptionLine',NULL,NULL,1,'2012-11-03','2012-11-03',NULL,1,42,NULL,'2012-11-03 10:53:02','2012-11-03 10:53:02'),(161,45,'ItemLine',NULL,76,1,'2012-12-10','2012-12-18',NULL,NULL,43,NULL,'2012-11-03 10:53:02','2012-11-03 10:53:02'),(162,46,'ItemLine',NULL,76,1,'2012-12-25','2012-12-28',NULL,NULL,44,NULL,'2012-11-03 10:53:02','2012-11-03 10:53:02'),(163,46,'ItemLine',NULL,76,1,'2012-12-25','2012-12-28',NULL,NULL,44,NULL,'2012-11-03 10:53:02','2012-11-03 10:53:02'),(164,46,'ItemLine',NULL,76,1,'2012-12-25','2012-12-28',NULL,NULL,44,NULL,'2012-11-03 10:53:02','2012-11-03 10:53:02'),(165,46,'ItemLine',NULL,76,1,'2012-12-25','2012-12-28',NULL,NULL,44,NULL,'2012-11-03 10:53:02','2012-11-03 10:53:02'),(166,46,'ItemLine',NULL,76,1,'2012-12-25','2012-12-28',NULL,NULL,44,NULL,'2012-11-03 10:53:02','2012-11-03 10:53:02'),(167,46,'ItemLine',NULL,76,1,'2012-12-25','2012-12-28',NULL,NULL,44,NULL,'2012-11-03 10:53:02','2012-11-03 10:53:02'),(168,47,'ItemLine',NULL,33,1,'2012-11-05','2012-11-05',NULL,NULL,45,NULL,'2012-11-03 10:53:02','2012-11-03 10:53:02'),(169,48,'ItemLine',102,108,1,'2012-10-29','2012-11-02',NULL,NULL,46,NULL,'2012-10-29 00:00:00','2012-10-29 00:00:00');
/*!40000 ALTER TABLE `contract_lines` ENABLE KEYS */;
UNLOCK TABLES;

--
-- Table structure for table `contracts`
--

DROP TABLE IF EXISTS `contracts`;
/*!40101 SET @saved_cs_client     = @@character_set_client */;
/*!40101 SET character_set_client = utf8 */;
CREATE TABLE `contracts` (
  `id` int(11) NOT NULL AUTO_INCREMENT,
  `user_id` int(11) DEFAULT NULL,
  `delegated_user_id` int(11) DEFAULT NULL,
  `inventory_pool_id` int(11) DEFAULT NULL,
  `note` text COLLATE utf8_unicode_ci,
  `handed_over_by_user_id` int(11) DEFAULT NULL,
  `created_at` datetime DEFAULT NULL,
  `updated_at` datetime DEFAULT NULL,
  `status` enum('unsubmitted','submitted','rejected','approved','signed','closed') COLLATE utf8_unicode_ci NOT NULL,
  PRIMARY KEY (`id`),
  KEY `index_contracts_on_inventory_pool_id` (`inventory_pool_id`),
  KEY `index_contracts_on_status` (`status`),
  KEY `index_contracts_on_user_id` (`user_id`),
  KEY `contracts_delegated_user_id_fk` (`delegated_user_id`),
  KEY `contracts_handed_over_by_user_id_fk` (`handed_over_by_user_id`),
  CONSTRAINT `contracts_handed_over_by_user_id_fk` FOREIGN KEY (`handed_over_by_user_id`) REFERENCES `users` (`id`),
  CONSTRAINT `contracts_delegated_user_id_fk` FOREIGN KEY (`delegated_user_id`) REFERENCES `users` (`id`),
  CONSTRAINT `contracts_inventory_pool_id_fk` FOREIGN KEY (`inventory_pool_id`) REFERENCES `inventory_pools` (`id`),
  CONSTRAINT `contracts_user_id_fk` FOREIGN KEY (`user_id`) REFERENCES `users` (`id`)
) ENGINE=InnoDB AUTO_INCREMENT=49 DEFAULT CHARSET=utf8 COLLATE=utf8_unicode_ci;
/*!40101 SET character_set_client = @saved_cs_client */;

--
-- Dumping data for table `contracts`
--

LOCK TABLES `contracts` WRITE;
/*!40000 ALTER TABLE `contracts` DISABLE KEYS */;
INSERT INTO `contracts` VALUES (1,5,NULL,5,NULL,NULL,'2012-11-03 10:53:02','2012-11-03 10:53:02','unsubmitted'),(2,6,NULL,9,NULL,NULL,'2012-11-03 10:53:02','2012-11-03 10:53:02','approved'),(3,7,NULL,1,NULL,NULL,'2012-11-03 10:53:02','2012-11-03 10:53:02','closed'),(4,12,NULL,1,NULL,NULL,'2012-10-30 21:10:59','2012-10-30 21:10:59','submitted'),(5,12,NULL,1,NULL,NULL,'2012-10-30 21:10:59','2012-10-30 21:10:59','approved'),(6,12,NULL,1,NULL,NULL,'2012-10-30 21:10:59','2012-10-30 21:10:59','rejected'),(7,12,NULL,1,NULL,NULL,'2012-10-29 08:44:20','2012-10-29 08:44:20','submitted'),(8,12,NULL,1,NULL,NULL,'2012-11-02 19:54:13','2012-11-02 19:54:13','submitted'),(9,13,NULL,1,NULL,NULL,'2012-11-03 10:53:02','2012-11-03 10:53:02','submitted'),(10,14,NULL,1,NULL,NULL,'2012-11-03 10:53:02','2012-11-03 10:53:02','submitted'),(11,15,NULL,1,NULL,NULL,'2012-11-03 10:53:02','2012-11-03 10:53:02','submitted'),(12,16,NULL,1,NULL,NULL,'2012-11-03 10:53:02','2012-11-03 10:53:02','submitted'),(13,20,NULL,1,NULL,NULL,'2012-11-03 10:53:02','2012-11-03 10:53:02','approved'),(14,21,NULL,1,NULL,18,'2012-11-03 10:53:02','2012-11-03 10:53:02','signed'),(15,22,NULL,1,NULL,18,'2012-11-03 10:53:02','2012-11-03 10:53:02','signed'),(16,23,NULL,1,NULL,18,'2012-11-03 10:53:02','2012-11-03 10:53:02','signed'),(17,24,NULL,2,NULL,18,'2012-10-29 00:00:00','2012-10-29 00:00:00','signed'),(18,26,NULL,1,NULL,18,'2012-11-03 10:53:02','2012-11-03 10:53:02','closed'),(19,27,NULL,1,NULL,18,'2012-11-03 10:53:02','2012-11-03 10:53:02','closed'),(20,30,28,1,NULL,NULL,'2012-11-03 10:53:02','2012-11-03 10:53:02','submitted'),(21,30,29,1,NULL,NULL,'2012-11-03 10:53:02','2012-11-03 10:53:02','approved'),(22,30,28,1,NULL,18,'2012-11-03 10:53:02','2012-11-03 10:53:02','signed'),(23,30,28,1,NULL,18,'2012-10-29 00:00:00','2012-10-29 00:00:00','signed'),(24,34,NULL,1,NULL,NULL,'2012-11-03 10:53:02','2012-11-03 10:53:02','submitted'),(25,34,NULL,1,NULL,NULL,'2012-11-03 10:53:02','2012-11-03 10:53:02','submitted'),(26,34,NULL,1,NULL,NULL,'2012-11-03 10:53:02','2012-11-03 10:53:02','submitted'),(27,34,NULL,1,NULL,NULL,'2012-11-03 10:53:02','2012-11-03 10:53:02','submitted'),(28,34,NULL,1,NULL,NULL,'2012-11-03 10:53:02','2012-11-03 10:53:02','approved'),(29,34,NULL,1,NULL,NULL,'2012-11-03 10:53:02','2012-11-03 10:53:02','approved'),(30,34,NULL,1,NULL,NULL,'2012-11-03 10:53:02','2012-11-03 10:53:02','approved'),(31,34,NULL,1,NULL,NULL,'2012-11-03 10:53:02','2012-11-03 10:53:02','approved'),(32,34,NULL,1,NULL,NULL,'2012-11-03 10:53:02','2012-11-03 10:53:02','approved'),(33,34,NULL,1,NULL,NULL,'2012-11-03 10:53:02','2012-11-03 10:53:02','approved'),(34,34,NULL,1,NULL,NULL,'2012-11-03 10:53:02','2012-11-03 10:53:02','approved'),(35,34,NULL,1,NULL,18,'2012-11-03 10:53:02','2012-11-03 10:53:02','signed'),(36,34,NULL,1,NULL,18,'2012-11-03 10:53:02','2012-11-03 10:53:02','signed'),(37,34,NULL,2,NULL,18,'2012-11-03 10:53:02','2012-11-03 10:53:02','signed'),(38,34,NULL,2,NULL,18,'2012-11-03 10:53:02','2012-11-03 10:53:02','signed'),(39,34,NULL,2,NULL,18,'2012-11-03 10:53:02','2012-11-03 10:53:02','signed'),(40,34,NULL,1,NULL,18,'2012-11-03 10:53:02','2012-11-03 10:53:02','signed'),(41,35,NULL,1,NULL,NULL,'2012-11-03 10:53:02','2012-11-03 10:53:02','submitted'),(42,35,NULL,1,NULL,NULL,'2012-11-03 10:53:02','2012-11-03 10:53:02','submitted'),(43,35,NULL,1,NULL,NULL,'2012-11-03 10:53:02','2012-11-03 10:53:02','approved'),(44,35,NULL,1,NULL,18,'2012-11-03 10:53:02','2012-11-03 10:53:02','signed'),(45,36,NULL,1,NULL,NULL,'2012-11-03 10:53:02','2012-11-03 10:53:02','submitted'),(46,36,NULL,1,NULL,NULL,'2012-11-03 10:53:02','2012-11-03 10:53:02','submitted'),(47,36,NULL,1,NULL,NULL,'2012-11-03 10:53:02','2012-11-03 10:53:02','approved'),(48,36,NULL,1,NULL,18,'2012-10-29 00:00:00','2012-10-29 00:00:00','signed');
/*!40000 ALTER TABLE `contracts` ENABLE KEYS */;
UNLOCK TABLES;

--
-- Table structure for table `database_authentications`
--

DROP TABLE IF EXISTS `database_authentications`;
/*!40101 SET @saved_cs_client     = @@character_set_client */;
/*!40101 SET character_set_client = utf8 */;
CREATE TABLE `database_authentications` (
  `id` int(11) NOT NULL AUTO_INCREMENT,
  `login` varchar(255) COLLATE utf8_unicode_ci DEFAULT NULL,
  `crypted_password` varchar(40) COLLATE utf8_unicode_ci DEFAULT NULL,
  `salt` varchar(40) COLLATE utf8_unicode_ci DEFAULT NULL,
  `user_id` int(11) DEFAULT NULL,
  `created_at` datetime DEFAULT NULL,
  `updated_at` datetime DEFAULT NULL,
  PRIMARY KEY (`id`),
  KEY `database_authentications_user_id_fk` (`user_id`),
  CONSTRAINT `database_authentications_user_id_fk` FOREIGN KEY (`user_id`) REFERENCES `users` (`id`)
) ENGINE=InnoDB AUTO_INCREMENT=33 DEFAULT CHARSET=utf8 COLLATE=utf8_unicode_ci;
/*!40101 SET character_set_client = @saved_cs_client */;

--
-- Dumping data for table `database_authentications`
--

LOCK TABLES `database_authentications` WRITE;
/*!40000 ALTER TABLE `database_authentications` DISABLE KEYS */;
INSERT INTO `database_authentications` VALUES (1,'ramon','1ba24932f786b71f80ec7d353b69f0689fb9d0f4','cc133a92960f0538963b7938b42684fa38e198de',1,'2012-11-03 10:53:02','2012-11-03 10:53:02'),(2,'milo_524','8c7ffece0aa9be29e7c1b30919d15ec15e1dd738','2c9cc5b7bef5f2c07bd37266c1213b1c7563d71c',2,'2012-11-03 10:53:02','2012-11-03 10:53:02'),(3,'verna_2849','4dc624ac3af98ec9e0270b47f1d6e3ff3b31bdcb','722d22f4567873825abc9b9ccfe16702f74f98b7',3,'2012-11-03 10:53:02','2012-11-03 10:53:02'),(4,'alta_402','d6c87cd758533a0282275430a6f71aec793526d7','21e27069375aadf0d7b8400d4a0be0ef61b10d4d',4,'2012-11-03 10:53:02','2012-11-03 10:53:02'),(5,'miller_5093','da50190223e8238d0280e5161e9bdb2b2de12615','477fefaf1a14293f6fabe780e18480e9c508b885',5,'2012-11-03 10:53:02','2012-11-03 10:53:02'),(6,'selena_8265','e8460d15e9c1f0a612afd94b0cb2f7d6da9b2c95','844d38872837a265af4796bb97cdcd6112e2ef34',6,'2012-11-03 10:53:02','2012-11-03 10:53:02'),(7,'darius_kihn_6909','753c6ecd790d81f197b26cf89833ea7baf775212','6586e1de3e6379c4d66f97a08ed10b9eeb0db5c7',7,'2012-11-03 10:53:02','2012-11-03 10:53:02'),(8,'matti','b8059170de3850eede76e9e1380e49ae827ea807','e40cd60bad48e7175ef42a7f7c2016343648cce3',8,'2012-11-03 10:53:02','2012-11-03 10:53:02'),(9,'mike','8d55af13d369564bd22c2e86b9420207bf0cf540','d95c4cf2dc8e2cb9b8957e11fee7e4956b42eaf9',9,'2012-11-03 10:53:02','2012-11-03 10:53:02'),(10,'andi','ad07255a092b09081fc1fe92bb32bdf333ea5473','5874602ddc8dc95d6e97d67fd6c7dbdd6aad65e3',10,'2012-11-03 10:53:02','2012-11-03 10:53:02'),(11,'ladarius.emard_4218','4611f4a34c787c39f4dcafcc258888f7eb0cf90c','1e76d4d20dc4823576b362fc9ce9269ab91c5758',11,'2012-11-03 10:53:02','2012-11-03 10:53:02'),(12,'estefania_1536','7712116df0d2eac1d95f4d953f83a09c83ed8c26','61cab837b5b6e8006b824f11c6b635a453aaf23e',12,'2012-11-03 10:53:02','2012-11-03 10:53:02'),(13,'donnie.gottlieb_6015','9949d6a1c53b406f5eba41a7c798aee4747476d1','5e6d48dcc7ea5bb58b2d1d3fbab5ad5a1896fffc',13,'2012-11-03 10:53:02','2012-11-03 10:53:02'),(14,'scottie_9788','f2611fd7900fe4969fa4a1687ec22021f48e3c65','b3b14d92725721dc8ad3087fd61e533a531f7381',14,'2012-11-03 10:53:02','2012-11-03 10:53:02'),(15,'hershel_5690','4e0a2df4845d05869676bec3759672b4160a4860','db9ce84aa7b5d3d6557ac4b29c7ad44c45961f31',15,'2012-11-03 10:53:02','2012-11-03 10:53:02'),(16,'edward_2380','bfc2d33d3cd99cfd99f0fae7eb5e64208f8d43ed','44537dbc4d531fb6826a8167bbba3052cff662b3',16,'2012-11-03 10:53:02','2012-11-03 10:53:02'),(17,'gino','820002af6bca1407e876ca03012302168ba7e38f','889394230c5fb04f3334b9778bad642e52c31bd6',17,'2012-11-03 10:53:02','2012-11-03 10:53:02'),(18,'pius','2c1f977e4daf9df3d2e59032e7bb73738ada0f3d','6e68d3b3aa872478b868794e757c1749cf1e125e',18,'2012-11-03 10:53:02','2012-11-03 10:53:02'),(19,'peter','0f68eb34098935ab7d62a682f3018fb637b1b4c8','a071bb4684934903a4afb56912371e2ed76762b6',19,'2012-11-03 10:53:02','2012-11-03 10:53:02'),(20,'gianni_6737','c4266415e431c05d6c238e0c2316f845a4eea483','3f9da822ac278c1535e849fa30bad3365bc73fca',20,'2012-11-03 10:53:02','2012-11-03 10:53:02'),(21,'gavin_5257','792dc53740e68b0a233fad751c7fd4c3e7cdf402','0bc2500910c1367e7099b2258a92b77a9d62ed17',21,'2012-11-03 10:53:02','2012-11-03 10:53:02'),(22,'micaela.larkin_8200','27ff09743f1183a2da6f227dac85dbb754385be1','dc14dba59539fbe3ac734d265793cef3b1d0b153',22,'2012-11-03 10:53:02','2012-11-03 10:53:02'),(23,'davonte_5721','6595fecd553826691e638fa98e49e81494a6a5a2','e7dbb07fe80de3e0bf3ad903b126b0093f266cca',23,'2012-11-03 10:53:02','2012-11-03 10:53:02'),(24,'ethan_9801','5c8062b0bf45d5a6559221c8a7e7bc3f4ce63a39','c01a8de517c4631be67989cacc99a64a4bc01907',24,'2012-10-29 00:00:00','2012-10-29 00:00:00'),(25,'maye_537','8ec11ed8a097552737d5d71c2be72aa5a9c7d58b','62a4fbf85f42dfce51f41bf32a919f141ab7da77',25,'2012-10-29 00:00:00','2012-10-29 00:00:00'),(26,'ryann_yundt_6420','4bf792702a41d0b48757422363173fc91cf0830d','209b2dbb3392aa6ef107b7412996dd2981430b5b',26,'2012-11-03 10:53:02','2012-11-03 10:53:02'),(27,'clemmie_3907','7097a5ff3a7cc38f1046a6b11b291d21554ef6a0','a74948b21e97f5cfa56e72526237040d3233378e',27,'2012-11-03 10:53:02','2012-11-03 10:53:02'),(28,'mina','57006e40f47c4befdc25f6a5d52a376c36df80a7','2ef1c77fcfb81e3857a8d3c3e960d32b4b0d6c21',28,'2012-11-03 10:53:02','2012-11-03 10:53:02'),(29,'julie','b66456d59937eef6f4cc90278d52f929b3e9393c','210ba9219ff63c4ea825a5a5e1233c5a43c3169a',29,'2012-11-03 10:53:02','2012-11-03 10:53:02'),(30,'normin','ab77efd8dbda43b700d5068d882c3333431e9242','f51cbf40f10dba903d07e67f0b39ec771ad5f7db',34,'2012-11-03 10:53:02','2012-11-03 10:53:02'),(31,'petra','3560900645340336425534e2b9f3f07c66b258e5','df2a1f515ef4abddc3e5e7c29c8127cc9826dab5',35,'2012-11-03 10:53:02','2012-11-03 10:53:02'),(32,'lisa','aaa80efc322db8a30cd58d8d4d61225a0e0a7192','71dafe3cd1ebe6d7cf9f4b138795ddc8d1749544',36,'2012-11-03 10:53:02','2012-11-03 10:53:02');
/*!40000 ALTER TABLE `database_authentications` ENABLE KEYS */;
UNLOCK TABLES;

--
-- Table structure for table `delegations_users`
--

DROP TABLE IF EXISTS `delegations_users`;
/*!40101 SET @saved_cs_client     = @@character_set_client */;
/*!40101 SET character_set_client = utf8 */;
CREATE TABLE `delegations_users` (
  `delegation_id` int(11) DEFAULT NULL,
  `user_id` int(11) DEFAULT NULL,
  UNIQUE KEY `index_delegations_users_on_user_id_and_delegation_id` (`user_id`,`delegation_id`),
  KEY `index_delegations_users_on_delegation_id` (`delegation_id`),
  CONSTRAINT `delegations_users_user_id_fk` FOREIGN KEY (`user_id`) REFERENCES `users` (`id`),
  CONSTRAINT `delegations_users_delegation_id_fk` FOREIGN KEY (`delegation_id`) REFERENCES `users` (`id`)
) ENGINE=InnoDB DEFAULT CHARSET=utf8 COLLATE=utf8_unicode_ci;
/*!40101 SET character_set_client = @saved_cs_client */;

--
-- Dumping data for table `delegations_users`
--

LOCK TABLES `delegations_users` WRITE;
/*!40000 ALTER TABLE `delegations_users` DISABLE KEYS */;
INSERT INTO `delegations_users` VALUES (30,28),(31,28),(32,28),(33,28),(30,29),(31,29),(32,29),(33,29);
/*!40000 ALTER TABLE `delegations_users` ENABLE KEYS */;
UNLOCK TABLES;

--
-- Table structure for table `groups`
--

DROP TABLE IF EXISTS `groups`;
/*!40101 SET @saved_cs_client     = @@character_set_client */;
/*!40101 SET character_set_client = utf8 */;
CREATE TABLE `groups` (
  `id` int(11) NOT NULL AUTO_INCREMENT,
  `name` varchar(255) COLLATE utf8_unicode_ci DEFAULT NULL,
  `inventory_pool_id` int(11) DEFAULT NULL,
  `is_verification_required` tinyint(1) DEFAULT '0',
  `created_at` datetime DEFAULT NULL,
  `updated_at` datetime DEFAULT NULL,
  PRIMARY KEY (`id`),
  KEY `index_groups_on_inventory_pool_id` (`inventory_pool_id`),
  KEY `index_groups_on_is_verification_required` (`is_verification_required`),
  CONSTRAINT `groups_inventory_pool_id_fk` FOREIGN KEY (`inventory_pool_id`) REFERENCES `inventory_pools` (`id`)
) ENGINE=InnoDB AUTO_INCREMENT=10 DEFAULT CHARSET=utf8 COLLATE=utf8_unicode_ci;
/*!40101 SET character_set_client = @saved_cs_client */;

--
-- Dumping data for table `groups`
--

LOCK TABLES `groups` WRITE;
/*!40000 ALTER TABLE `groups` DISABLE KEYS */;
INSERT INTO `groups` VALUES (1,'Cast',1,0,'2012-11-03 10:53:02','2012-11-03 10:53:02'),(2,'IAD',1,0,'2012-11-03 10:53:02','2012-11-03 10:53:02'),(3,'Wu',1,0,'2012-11-03 10:53:02','2012-11-03 10:53:02'),(4,'Group Hifi',1,0,'2012-11-03 10:53:02','2012-11-03 10:53:02'),(5,'Group A',1,0,'2012-11-03 10:53:02','2012-11-03 10:53:02'),(6,'Group B',1,0,'2012-11-03 10:53:02','2012-11-03 10:53:02'),(7,'FFI',1,1,'2012-11-03 10:53:02','2012-11-03 10:53:02'),(8,'VTO',1,1,'2012-11-03 10:53:02','2012-11-03 10:53:02'),(9,'1. Semester',2,1,'2012-11-03 10:53:02','2012-11-03 10:53:02');
/*!40000 ALTER TABLE `groups` ENABLE KEYS */;
UNLOCK TABLES;

--
-- Table structure for table `groups_users`
--

DROP TABLE IF EXISTS `groups_users`;
/*!40101 SET @saved_cs_client     = @@character_set_client */;
/*!40101 SET character_set_client = utf8 */;
CREATE TABLE `groups_users` (
  `user_id` int(11) DEFAULT NULL,
  `group_id` int(11) DEFAULT NULL,
  UNIQUE KEY `index_groups_users_on_user_id_and_group_id` (`user_id`,`group_id`),
  KEY `index_groups_users_on_group_id` (`group_id`),
  CONSTRAINT `groups_users_user_id_fk` FOREIGN KEY (`user_id`) REFERENCES `users` (`id`),
  CONSTRAINT `groups_users_group_id_fk` FOREIGN KEY (`group_id`) REFERENCES `groups` (`id`)
) ENGINE=InnoDB DEFAULT CHARSET=utf8 COLLATE=utf8_unicode_ci;
/*!40101 SET character_set_client = @saved_cs_client */;

--
-- Dumping data for table `groups_users`
--

LOCK TABLES `groups_users` WRITE;
/*!40000 ALTER TABLE `groups_users` DISABLE KEYS */;
INSERT INTO `groups_users` VALUES (12,7),(12,8),(13,7),(14,7),(14,8),(15,7),(15,9),(16,7),(34,1),(36,1);
/*!40000 ALTER TABLE `groups_users` ENABLE KEYS */;
UNLOCK TABLES;

--
-- Table structure for table `histories`
--

DROP TABLE IF EXISTS `histories`;
/*!40101 SET @saved_cs_client     = @@character_set_client */;
/*!40101 SET character_set_client = utf8 */;
CREATE TABLE `histories` (
  `id` int(11) NOT NULL AUTO_INCREMENT,
  `text` varchar(255) COLLATE utf8_unicode_ci DEFAULT '',
  `type_const` int(11) DEFAULT NULL,
  `created_at` datetime NOT NULL,
  `target_id` int(11) NOT NULL,
  `target_type` varchar(255) COLLATE utf8_unicode_ci NOT NULL,
  `user_id` int(11) DEFAULT NULL,
  PRIMARY KEY (`id`),
  KEY `index_histories_on_target_type_and_target_id` (`target_type`,`target_id`),
  KEY `index_histories_on_type_const` (`type_const`),
  KEY `index_histories_on_user_id` (`user_id`),
  CONSTRAINT `histories_user_id_fk` FOREIGN KEY (`user_id`) REFERENCES `users` (`id`)
) ENGINE=InnoDB AUTO_INCREMENT=17 DEFAULT CHARSET=utf8 COLLATE=utf8_unicode_ci;
/*!40101 SET character_set_client = @saved_cs_client */;

--
-- Dumping data for table `histories`
--

LOCK TABLES `histories` WRITE;
/*!40000 ALTER TABLE `histories` DISABLE KEYS */;
INSERT INTO `histories` VALUES (1,'Contract 14 has been signed by Flavio Bechtelar',1,'2012-11-03 10:53:02',14,'Contract',18),(2,'Contract 15 has been signed by Edgardo Reilly',1,'2012-11-03 10:53:02',15,'Contract',18),(3,'Contract 16 has been signed by Rhea O\'Hara',1,'2012-11-03 10:53:02',16,'Contract',18),(4,'Contract 17 has been signed by Brooklyn Keeling',1,'2012-10-29 00:00:00',17,'Contract',18),(5,'Contract 18 has been signed by Garth Dare',1,'2012-11-03 10:53:02',18,'Contract',18),(6,'Contract 19 has been signed by Hazel Stracke',1,'2012-11-03 10:53:02',19,'Contract',18),(7,'Contract 22 has been signed by Earum dolore odio in consequatur enim hic modi.',1,'2012-11-03 10:53:02',22,'Contract',18),(8,'Contract 23 has been signed by Earum dolore odio in consequatur enim hic modi.',1,'2012-10-29 00:00:00',23,'Contract',18),(9,'Contract 35 has been signed by Normin N.',1,'2012-11-03 10:53:02',35,'Contract',18),(10,'Contract 36 has been signed by Normin N.',1,'2012-11-03 10:53:02',36,'Contract',18),(11,'Contract 37 has been signed by Normin N.',1,'2012-11-03 10:53:02',37,'Contract',18),(12,'Contract 38 has been signed by Normin N.',1,'2012-11-03 10:53:02',38,'Contract',18),(13,'Contract 39 has been signed by Normin N.',1,'2012-11-03 10:53:02',39,'Contract',18),(14,'Contract 40 has been signed by Normin N.',1,'2012-11-03 10:53:02',40,'Contract',18),(15,'Contract 44 has been signed by Petra K.',1,'2012-11-03 10:53:02',44,'Contract',18),(16,'Contract 48 has been signed by Lisa L.',1,'2012-10-29 00:00:00',48,'Contract',18);
/*!40000 ALTER TABLE `histories` ENABLE KEYS */;
UNLOCK TABLES;

--
-- Table structure for table `holidays`
--

DROP TABLE IF EXISTS `holidays`;
/*!40101 SET @saved_cs_client     = @@character_set_client */;
/*!40101 SET character_set_client = utf8 */;
CREATE TABLE `holidays` (
  `id` int(11) NOT NULL AUTO_INCREMENT,
  `inventory_pool_id` int(11) DEFAULT NULL,
  `start_date` date DEFAULT NULL,
  `end_date` date DEFAULT NULL,
  `name` varchar(255) COLLATE utf8_unicode_ci DEFAULT NULL,
  PRIMARY KEY (`id`),
  KEY `index_holidays_on_inventory_pool_id` (`inventory_pool_id`),
  KEY `index_holidays_on_start_date_and_end_date` (`start_date`,`end_date`),
  CONSTRAINT `holidays_inventory_pool_id_fk` FOREIGN KEY (`inventory_pool_id`) REFERENCES `inventory_pools` (`id`)
) ENGINE=InnoDB AUTO_INCREMENT=5 DEFAULT CHARSET=utf8 COLLATE=utf8_unicode_ci;
/*!40101 SET character_set_client = @saved_cs_client */;

--
-- Dumping data for table `holidays`
--

LOCK TABLES `holidays` WRITE;
/*!40000 ALTER TABLE `holidays` DISABLE KEYS */;
INSERT INTO `holidays` VALUES (1,1,'2012-12-24','2012-12-24','Christmas'),(2,2,'2012-12-24','2012-12-24','Christmas'),(3,3,'2012-12-24','2012-12-24','Christmas'),(4,1,'2012-12-24','2012-12-24','Christmas');
/*!40000 ALTER TABLE `holidays` ENABLE KEYS */;
UNLOCK TABLES;

--
-- Table structure for table `images`
--

DROP TABLE IF EXISTS `images`;
/*!40101 SET @saved_cs_client     = @@character_set_client */;
/*!40101 SET character_set_client = utf8 */;
CREATE TABLE `images` (
  `id` int(11) NOT NULL AUTO_INCREMENT,
  `is_main` tinyint(1) DEFAULT '0',
  `content_type` varchar(255) COLLATE utf8_unicode_ci DEFAULT NULL,
  `filename` varchar(255) COLLATE utf8_unicode_ci DEFAULT NULL,
  `size` int(11) DEFAULT NULL,
  `height` int(11) DEFAULT NULL,
  `width` int(11) DEFAULT NULL,
  `parent_id` int(11) DEFAULT NULL,
  `thumbnail` varchar(255) COLLATE utf8_unicode_ci DEFAULT NULL,
  `target_id` int(11) DEFAULT NULL,
  `target_type` varchar(255) COLLATE utf8_unicode_ci DEFAULT NULL,
  PRIMARY KEY (`id`),
  KEY `index_images_on_target_id_and_target_type` (`target_id`,`target_type`)
) ENGINE=InnoDB AUTO_INCREMENT=5 DEFAULT CHARSET=utf8 COLLATE=utf8_unicode_ci;
/*!40101 SET character_set_client = @saved_cs_client */;

--
-- Dumping data for table `images`
--

LOCK TABLES `images` WRITE;
/*!40000 ALTER TABLE `images` DISABLE KEYS */;
INSERT INTO `images` VALUES (1,0,'image/jpeg','quaerat',NULL,NULL,NULL,NULL,NULL,1,'ModelGroup'),(2,0,'image/jpeg','et',NULL,NULL,NULL,NULL,NULL,145,'Model'),(3,0,'image/jpeg','debitis',NULL,NULL,NULL,NULL,NULL,145,'Model'),(4,0,'image/jpeg','quia',NULL,NULL,NULL,NULL,NULL,146,'Model');
/*!40000 ALTER TABLE `images` ENABLE KEYS */;
UNLOCK TABLES;

--
-- Table structure for table `inventory_pools`
--

DROP TABLE IF EXISTS `inventory_pools`;
/*!40101 SET @saved_cs_client     = @@character_set_client */;
/*!40101 SET character_set_client = utf8 */;
CREATE TABLE `inventory_pools` (
  `id` int(11) NOT NULL AUTO_INCREMENT,
  `name` varchar(255) COLLATE utf8_unicode_ci DEFAULT NULL,
  `description` text COLLATE utf8_unicode_ci,
  `contact_details` varchar(255) COLLATE utf8_unicode_ci DEFAULT NULL,
  `contract_description` varchar(255) COLLATE utf8_unicode_ci DEFAULT NULL,
  `contract_url` varchar(255) COLLATE utf8_unicode_ci DEFAULT NULL,
  `logo_url` varchar(255) COLLATE utf8_unicode_ci DEFAULT NULL,
  `default_contract_note` text COLLATE utf8_unicode_ci,
  `shortname` varchar(255) COLLATE utf8_unicode_ci DEFAULT NULL,
  `email` varchar(255) COLLATE utf8_unicode_ci DEFAULT NULL,
  `color` text COLLATE utf8_unicode_ci,
  `print_contracts` tinyint(1) DEFAULT '1',
  `opening_hours` text COLLATE utf8_unicode_ci,
  `address_id` int(11) DEFAULT NULL,
  `automatic_suspension` tinyint(1) NOT NULL DEFAULT '0',
  `automatic_suspension_reason` text COLLATE utf8_unicode_ci,
  `automatic_access` tinyint(1) DEFAULT NULL,
  PRIMARY KEY (`id`),
  UNIQUE KEY `index_inventory_pools_on_name` (`name`),
  KEY `inventory_pools_address_id_fk` (`address_id`),
  CONSTRAINT `inventory_pools_address_id_fk` FOREIGN KEY (`address_id`) REFERENCES `addresses` (`id`)
) ENGINE=InnoDB AUTO_INCREMENT=13 DEFAULT CHARSET=utf8 COLLATE=utf8_unicode_ci;
/*!40101 SET character_set_client = @saved_cs_client */;

--
-- Dumping data for table `inventory_pools`
--

LOCK TABLES `inventory_pools` WRITE;
/*!40000 ALTER TABLE `inventory_pools` DISABLE KEYS */;
INSERT INTO `inventory_pools` VALUES (1,'A-Ausleihe','Wichtige Hinweise...\n Bitte die Gegenstnde rechtzeitig zurckbringen','A Verleih  /  ZHdK\nav@zh-dk.ch\n+41 00 00 00 00','Gert erhalten','av@zhdk.ch',NULL,'Ut aut ut quis commodi facere excepturi.','A','av@zhdk.ch',NULL,1,NULL,NULL,1,'Porro ratione recusandae et.',NULL),(2,'IT-Ausleihe','Bringt die Gerte bitte rechtzeitig zurck','IT Verleih  /  ZHdK\nav@zh-dk.ch\n+41 00 00 00 00','Gert erhalten','it@zhdk.ch',NULL,NULL,'IT','it@zhdk.ch',NULL,1,NULL,NULL,1,'Vero voluptas unde id esse perspiciatis.',NULL),(3,'AV-Technik','Bringt die Gerte bitte rechtzeitig zurck','AV Verleih  /  ZHdK\nav@zh-dk.ch\n+41 00 00 00 00','Gert erhalten','it@zhdk.ch',NULL,NULL,'AV','it@zhdk.ch',NULL,1,NULL,NULL,0,NULL,NULL),(4,'DT deletable','Bringt die Gerte bitte rechtzeitig zurck','AV Verleih  /  ZHdK\nav@zh-dk.ch\n+41 00 00 00 00','Gert erhalten','it@zhdk.ch',NULL,NULL,'DT','it@zhdk.ch',NULL,1,NULL,NULL,0,NULL,NULL),(5,'Quiavoluptatemsintlaudantium','Ut adipisci molestias corrupti voluptas blanditiis quam non distinctio.','Deserunt ut rerum culpa voluptatem sit.','Quiavoluptatemsintlaudantium','ewald.padberg@kozey.biz',NULL,NULL,'TIPF39','ewald.padberg@kozey.biz',NULL,1,NULL,NULL,0,NULL,NULL),(6,'Quiaconsequunturlaboriosamqui','Aut ab molestias nulla quia.','Odit consectetur ipsa natus laborum reiciendis.','Quiaconsequunturlaboriosamqui','augustine.brown@harber.co.uk',NULL,NULL,'SU2596','augustine.brown@harber.co.uk',NULL,1,NULL,NULL,0,NULL,NULL),(7,'Veritatisrerumsitmolestiae','Eum libero in qui aut possimus et.','Rerum non autem excepturi praesentium accusamus quis qui.','Veritatisrerumsitmolestiae','joanny@witting.name',NULL,NULL,'QPLELP','joanny@witting.name',NULL,1,NULL,NULL,0,NULL,NULL),(8,'Rerumeasedvel','Atque molestiae laboriosam consequatur corrupti.','Voluptas aut corrupti temporibus minus.','Rerumeasedvel','kylee@dickens.info',NULL,NULL,'FAK2O7','kylee@dickens.info',NULL,1,NULL,NULL,0,NULL,NULL),(9,'Doloremfugiatimpediteos','Officiis aut omnis aliquam nesciunt.','Qui et assumenda illum beatae sed et.','Doloremfugiatimpediteos','jaida_murray@boehm.info',NULL,NULL,'0DLGW1','jaida_murray@boehm.info',NULL,1,NULL,NULL,0,NULL,NULL),(10,'Autcorruptidoloremaut','Eos unde quo neque.','Odit velit aut voluptatibus possimus omnis aspernatur dolorum enim.','Autcorruptidoloremaut','alycia@dickinsonkunze.info',NULL,NULL,'AJ17W9','alycia@dickinsonkunze.info',NULL,1,NULL,NULL,0,NULL,NULL),(11,'Asperioresnoneligendiunde','Accusantium doloribus nihil unde sit quis et rerum.','Suscipit est magnam minus aut rerum eveniet.','Asperioresnoneligendiunde','xander.thiel@reynoldsmurazik.info',NULL,NULL,'GES5P2','xander.thiel@reynoldsmurazik.info',NULL,1,NULL,NULL,0,NULL,NULL),(12,'Nonidquasidolor','Hic vel ipsum quae quisquam sint.','Ullam nostrum exercitationem maxime dicta voluptas qui accusantium sunt.','Nonidquasidolor','emerson@starkfarrell.name',NULL,NULL,'QXODS6','emerson@starkfarrell.name',NULL,1,NULL,NULL,0,NULL,NULL);
/*!40000 ALTER TABLE `inventory_pools` ENABLE KEYS */;
UNLOCK TABLES;

--
-- Table structure for table `inventory_pools_model_groups`
--

DROP TABLE IF EXISTS `inventory_pools_model_groups`;
/*!40101 SET @saved_cs_client     = @@character_set_client */;
/*!40101 SET character_set_client = utf8 */;
CREATE TABLE `inventory_pools_model_groups` (
  `inventory_pool_id` int(11) DEFAULT NULL,
  `model_group_id` int(11) DEFAULT NULL,
  KEY `index_inventory_pools_model_groups_on_inventory_pool_id` (`inventory_pool_id`),
  KEY `index_inventory_pools_model_groups_on_model_group_id` (`model_group_id`),
  CONSTRAINT `inventory_pools_model_groups_model_group_id_fk` FOREIGN KEY (`model_group_id`) REFERENCES `model_groups` (`id`),
  CONSTRAINT `inventory_pools_model_groups_inventory_pool_id_fk` FOREIGN KEY (`inventory_pool_id`) REFERENCES `inventory_pools` (`id`)
) ENGINE=InnoDB DEFAULT CHARSET=utf8 COLLATE=utf8_unicode_ci;
/*!40101 SET character_set_client = @saved_cs_client */;

--
-- Dumping data for table `inventory_pools_model_groups`
--

LOCK TABLES `inventory_pools_model_groups` WRITE;
/*!40000 ALTER TABLE `inventory_pools_model_groups` DISABLE KEYS */;
INSERT INTO `inventory_pools_model_groups` VALUES (1,12),(1,13),(1,14);
/*!40000 ALTER TABLE `inventory_pools_model_groups` ENABLE KEYS */;
UNLOCK TABLES;

--
-- Table structure for table `items`
--

DROP TABLE IF EXISTS `items`;
/*!40101 SET @saved_cs_client     = @@character_set_client */;
/*!40101 SET character_set_client = utf8 */;
CREATE TABLE `items` (
  `id` int(11) NOT NULL AUTO_INCREMENT,
  `inventory_code` varchar(255) COLLATE utf8_unicode_ci DEFAULT NULL,
  `serial_number` varchar(255) COLLATE utf8_unicode_ci DEFAULT NULL,
  `model_id` int(11) DEFAULT NULL,
  `location_id` int(11) DEFAULT NULL,
  `supplier_id` int(11) DEFAULT NULL,
  `owner_id` int(11) NOT NULL,
  `parent_id` int(11) DEFAULT NULL,
  `invoice_number` varchar(255) COLLATE utf8_unicode_ci DEFAULT NULL,
  `invoice_date` date DEFAULT NULL,
  `last_check` date DEFAULT NULL,
  `retired` date DEFAULT NULL,
  `retired_reason` varchar(255) COLLATE utf8_unicode_ci DEFAULT NULL,
  `price` decimal(8,2) DEFAULT NULL,
  `is_broken` tinyint(1) DEFAULT '0',
  `is_incomplete` tinyint(1) DEFAULT '0',
  `is_borrowable` tinyint(1) DEFAULT '0',
  `needs_permission` tinyint(1) DEFAULT '0',
  `inventory_pool_id` int(11) NOT NULL,
  `is_inventory_relevant` tinyint(1) DEFAULT '0',
  `responsible` varchar(255) COLLATE utf8_unicode_ci DEFAULT NULL,
  `insurance_number` varchar(255) COLLATE utf8_unicode_ci DEFAULT NULL,
  `note` text COLLATE utf8_unicode_ci,
  `name` text COLLATE utf8_unicode_ci,
  `user_name` varchar(255) COLLATE utf8_unicode_ci DEFAULT NULL,
  `properties` varchar(2048) COLLATE utf8_unicode_ci DEFAULT NULL,
  `created_at` datetime DEFAULT NULL,
  `updated_at` datetime DEFAULT NULL,
  PRIMARY KEY (`id`),
  UNIQUE KEY `index_items_on_inventory_code` (`inventory_code`),
  KEY `index_items_on_inventory_pool_id` (`inventory_pool_id`),
  KEY `index_items_on_retired` (`retired`),
  KEY `index_items_on_is_borrowable` (`is_borrowable`),
  KEY `index_items_on_is_broken` (`is_broken`),
  KEY `index_items_on_is_incomplete` (`is_incomplete`),
  KEY `index_items_on_location_id` (`location_id`),
  KEY `index_items_on_owner_id` (`owner_id`),
  KEY `index_items_on_parent_id_and_retired` (`parent_id`,`retired`),
  KEY `index_items_on_model_id_and_retired_and_inventory_pool_id` (`model_id`,`retired`,`inventory_pool_id`),
  KEY `items_supplier_id_fk` (`supplier_id`),
  CONSTRAINT `items_inventory_pool_id_fk` FOREIGN KEY (`inventory_pool_id`) REFERENCES `inventory_pools` (`id`),
  CONSTRAINT `items_location_id_fk` FOREIGN KEY (`location_id`) REFERENCES `locations` (`id`),
  CONSTRAINT `items_model_id_fk` FOREIGN KEY (`model_id`) REFERENCES `models` (`id`),
  CONSTRAINT `items_owner_id_fk` FOREIGN KEY (`owner_id`) REFERENCES `inventory_pools` (`id`),
  CONSTRAINT `items_parent_id_fk` FOREIGN KEY (`parent_id`) REFERENCES `items` (`id`),
  CONSTRAINT `items_supplier_id_fk` FOREIGN KEY (`supplier_id`) REFERENCES `suppliers` (`id`)
) ENGINE=InnoDB AUTO_INCREMENT=280 DEFAULT CHARSET=utf8 COLLATE=utf8_unicode_ci;
/*!40101 SET character_set_client = @saved_cs_client */;

--
-- Dumping data for table `items`
--

LOCK TABLES `items` WRITE;
/*!40000 ALTER TABLE `items` DISABLE KEYS */;
INSERT INTO `items` VALUES (1,'erfvdh8o2vfuq5f1dax4218','bf:e3:40:95:e5:95-a2:7c:65:3b:5b:c0-bc:e9:bf:5e:42:c0',1,1,1,6,NULL,NULL,'2011-03-13','2012-11-03',NULL,NULL,'179.00',0,0,1,0,5,1,NULL,NULL,NULL,NULL,NULL,'--- !ruby/hash:ActiveSupport::HashWithIndifferentAccess\nanschaffungskategorie: AV-Technik\nreference: invoice\numzug: zgeln\nankunftszustand: intakt\n','2012-11-03 10:53:02','2012-11-03 10:53:02'),(2,'esoetv5irah5fofu6dxw219','4b:02:e0:1e:71:e1-60:54:bc:ec:e3:ed-ba:8f:6c:29:32:1f',1,2,2,7,NULL,NULL,'2007-12-25','2012-11-03',NULL,NULL,'1431.00',0,0,1,0,5,1,NULL,NULL,NULL,NULL,NULL,'--- !ruby/hash:ActiveSupport::HashWithIndifferentAccess\nanschaffungskategorie: AV-Technik\nreference: invoice\numzug: zgeln\nankunftszustand: intakt\n','2012-11-03 10:53:02','2012-11-03 10:53:02'),(3,'frglwtylfi9n0g3n1zo2220','34:aa:04:7b:56:3c-cb:ee:a7:be:1d:a4-62:ae:0f:e6:d2:82',1,3,3,1,NULL,NULL,'2008-09-14','2012-11-03',NULL,NULL,'45.00',0,0,1,0,5,1,NULL,NULL,NULL,NULL,NULL,'--- !ruby/hash:ActiveSupport::HashWithIndifferentAccess\nanschaffungskategorie: AV-Technik\nreference: invoice\numzug: zgeln\nankunftszustand: intakt\n','2012-11-03 10:53:02','2012-11-03 10:53:02'),(4,'gwpfhrvvqf769xy8t37d221','10:ba:d2:7c:ec:7c-4e:7f:c0:f8:87:3a-1d:39:d1:74:b9:52',5,4,4,2,NULL,NULL,'2010-09-06','2012-11-03',NULL,NULL,'969.00',0,0,1,0,5,1,NULL,NULL,NULL,NULL,NULL,'--- !ruby/hash:ActiveSupport::HashWithIndifferentAccess\nanschaffungskategorie: AV-Technik\nreference: invoice\numzug: zgeln\nankunftszustand: intakt\n','2012-11-03 10:53:02','2012-11-03 10:53:02'),(5,'zcctvi3gko9vu6whkzi4222','ed:c4:a9:e8:99:ae-ab:6f:cb:d2:2d:e2-34:10:d6:aa:f9:82',5,5,5,8,NULL,NULL,'2008-10-03','2012-11-03',NULL,NULL,'685.00',0,0,1,0,5,1,NULL,NULL,NULL,NULL,NULL,'--- !ruby/hash:ActiveSupport::HashWithIndifferentAccess\nanschaffungskategorie: AV-Technik\nreference: invoice\numzug: zgeln\nankunftszustand: intakt\n','2012-11-03 10:53:02','2012-11-03 10:53:02'),(6,'xxebehvaclzuaggi9i5b223','aa:c3:19:7a:0c:64-f9:fc:e3:a8:b7:3c-a0:ff:fd:cf:50:5d',5,6,6,4,NULL,NULL,'2009-05-29','2012-11-03',NULL,NULL,'833.00',0,0,1,0,5,1,NULL,NULL,NULL,NULL,NULL,'--- !ruby/hash:ActiveSupport::HashWithIndifferentAccess\nanschaffungskategorie: AV-Technik\nreference: invoice\numzug: zgeln\nankunftszustand: intakt\n','2012-11-03 10:53:02','2012-11-03 10:53:02'),(7,'1byxt6bqjdx7gs1jfldq224','b6:69:3e:16:92:d8-78:fb:a3:3e:ae:b0-ee:15:4c:89:77:e3',9,7,7,4,NULL,NULL,'2011-04-30','2012-11-03',NULL,NULL,'750.00',0,0,1,0,5,1,NULL,NULL,NULL,NULL,NULL,'--- !ruby/hash:ActiveSupport::HashWithIndifferentAccess\nanschaffungskategorie: AV-Technik\nreference: invoice\numzug: zgeln\nankunftszustand: intakt\n','2012-11-03 10:53:02','2012-11-03 10:53:02'),(8,'07u9dhbbfz6xvcx4z5o6225','c2:59:0f:c5:ba:b9-f3:8d:9e:46:26:25-ca:0a:98:97:85:e6',9,8,8,1,NULL,NULL,'2011-08-03','2012-11-03',NULL,NULL,'668.00',0,0,1,0,5,1,NULL,NULL,NULL,NULL,NULL,'--- !ruby/hash:ActiveSupport::HashWithIndifferentAccess\nanschaffungskategorie: AV-Technik\nreference: invoice\numzug: zgeln\nankunftszustand: intakt\n','2012-11-03 10:53:02','2012-11-03 10:53:02'),(9,'55h5fhle1xg49xctpqcc226','95:2b:8e:71:48:0e-89:ae:91:5a:90:2a-29:61:51:a2:d5:1c',9,9,9,4,NULL,NULL,'2011-06-01','2012-11-03',NULL,NULL,'1477.00',0,0,1,0,5,1,NULL,NULL,NULL,NULL,NULL,'--- !ruby/hash:ActiveSupport::HashWithIndifferentAccess\nanschaffungskategorie: AV-Technik\nreference: invoice\numzug: zgeln\nankunftszustand: intakt\n','2012-11-03 10:53:02','2012-11-03 10:53:02'),(10,'219tiktnn1n4nmliwi4y227','f3:22:00:c4:01:c2-b8:43:3f:31:f8:91-6b:e1:97:27:b8:b1',13,10,10,10,NULL,NULL,'2009-02-19','2012-11-03',NULL,NULL,'1460.00',0,0,1,0,9,1,NULL,NULL,NULL,NULL,NULL,'--- !ruby/hash:ActiveSupport::HashWithIndifferentAccess\nanschaffungskategorie: AV-Technik\nreference: invoice\numzug: zgeln\nankunftszustand: intakt\n','2012-11-03 10:53:02','2012-11-03 10:53:02'),(11,'zs9i7wh5rp42bdkhxuog228','23:c1:76:9b:89:75-1b:15:88:27:60:83-f3:d4:01:e1:88:55',13,11,11,11,NULL,NULL,'2011-01-20','2012-11-03',NULL,NULL,'93.00',0,0,1,0,9,1,NULL,NULL,NULL,NULL,NULL,'--- !ruby/hash:ActiveSupport::HashWithIndifferentAccess\nanschaffungskategorie: AV-Technik\nreference: invoice\numzug: zgeln\nankunftszustand: intakt\n','2012-11-03 10:53:02','2012-11-03 10:53:02'),(12,'ajm5rjr2iwk4pf89ba7b229','3e:db:c0:cd:f8:0e-03:64:b0:92:3f:d5-f7:12:57:2b:62:93',13,12,12,3,NULL,NULL,'2010-01-08','2012-11-03',NULL,NULL,'674.00',0,0,1,0,9,1,NULL,NULL,NULL,NULL,NULL,'--- !ruby/hash:ActiveSupport::HashWithIndifferentAccess\nanschaffungskategorie: AV-Technik\nreference: invoice\numzug: zgeln\nankunftszustand: intakt\n','2012-11-03 10:53:02','2012-11-03 10:53:02'),(13,'287b26j8ojcclrxa5j05230','b0:2a:0b:19:10:9f-52:09:b0:2d:62:3d-94:92:71:ea:f4:ce',17,13,13,3,NULL,NULL,'2007-01-25','2012-11-03',NULL,NULL,'377.00',0,0,1,0,9,1,NULL,NULL,NULL,NULL,NULL,'--- !ruby/hash:ActiveSupport::HashWithIndifferentAccess\nanschaffungskategorie: AV-Technik\nreference: invoice\numzug: zgeln\nankunftszustand: intakt\n','2012-11-03 10:53:02','2012-11-03 10:53:02'),(14,'tpm24bq2a9qjc1uxa85p231','ef:e9:19:89:ec:4d-38:f5:70:68:b2:85-a8:ed:0b:f4:d6:55',17,14,14,9,NULL,NULL,'2008-06-09','2012-11-03',NULL,NULL,'1468.00',0,0,1,0,9,1,NULL,NULL,NULL,NULL,NULL,'--- !ruby/hash:ActiveSupport::HashWithIndifferentAccess\nanschaffungskategorie: AV-Technik\nreference: invoice\numzug: zgeln\nankunftszustand: intakt\n','2012-11-03 10:53:02','2012-11-03 10:53:02'),(15,'0wcw90ee80ngjsse9bfs232','61:53:da:fa:1b:b0-9a:47:a1:3a:a6:4f-7c:83:19:76:01:d7',17,15,15,2,NULL,NULL,'2010-09-29','2012-11-03',NULL,NULL,'893.00',0,0,1,0,9,1,NULL,NULL,NULL,NULL,NULL,'--- !ruby/hash:ActiveSupport::HashWithIndifferentAccess\nanschaffungskategorie: AV-Technik\nreference: invoice\numzug: zgeln\nankunftszustand: intakt\n','2012-11-03 10:53:02','2012-11-03 10:53:02'),(16,'7g0mt46n8q450kd9mroi233','4c:96:78:83:e5:02-59:cd:1a:90:6d:e3-80:9e:4c:87:71:fc',21,16,16,7,NULL,NULL,'2007-04-02','2012-11-03',NULL,NULL,'644.00',0,0,1,0,9,1,NULL,NULL,NULL,NULL,NULL,'--- !ruby/hash:ActiveSupport::HashWithIndifferentAccess\nanschaffungskategorie: AV-Technik\nreference: invoice\numzug: zgeln\nankunftszustand: intakt\n','2012-11-03 10:53:02','2012-11-03 10:53:02'),(17,'lg4d6w23s1jfccavy3yy234','3c:34:8b:91:84:bf-16:6b:fe:90:92:ec-ff:45:a6:48:9e:60',21,17,17,1,NULL,NULL,'2007-03-21','2012-11-03',NULL,NULL,'149.00',0,0,1,0,9,1,NULL,NULL,NULL,NULL,NULL,'--- !ruby/hash:ActiveSupport::HashWithIndifferentAccess\nanschaffungskategorie: AV-Technik\nreference: invoice\numzug: zgeln\nankunftszustand: intakt\n','2012-11-03 10:53:02','2012-11-03 10:53:02'),(18,'2qiasy22h37rjuvxlt8r235','b4:5f:3b:7b:f7:47-38:a4:d8:47:2e:1f-4e:56:ad:62:4a:4f',21,18,18,3,NULL,NULL,'2008-09-08','2012-11-03',NULL,NULL,'461.00',0,0,1,0,9,1,NULL,NULL,NULL,NULL,NULL,'--- !ruby/hash:ActiveSupport::HashWithIndifferentAccess\nanschaffungskategorie: AV-Technik\nreference: invoice\numzug: zgeln\nankunftszustand: intakt\n','2012-11-03 10:53:02','2012-11-03 10:53:02'),(19,'5upnhstbmzuufsrayayi236','bd:a7:18:df:ae:a6-16:70:71:ce:66:94-b8:bd:b0:a5:ef:31',25,19,19,3,NULL,NULL,'2009-01-17','2012-11-03',NULL,NULL,'1067.00',0,0,1,0,9,1,NULL,NULL,NULL,NULL,NULL,'--- !ruby/hash:ActiveSupport::HashWithIndifferentAccess\nanschaffungskategorie: AV-Technik\nreference: invoice\numzug: zgeln\nankunftszustand: intakt\n','2012-11-03 10:53:02','2012-11-03 10:53:02'),(20,'2suqula001pjru32c6l5237','92:b3:d7:17:0b:a8-c7:ec:53:16:95:f9-f0:e1:f6:98:02:0d',25,20,20,7,NULL,NULL,'2008-09-09','2012-11-03',NULL,NULL,'619.00',0,0,1,0,9,1,NULL,NULL,NULL,NULL,NULL,'--- !ruby/hash:ActiveSupport::HashWithIndifferentAccess\nanschaffungskategorie: AV-Technik\nreference: invoice\numzug: zgeln\nankunftszustand: intakt\n','2012-11-03 10:53:02','2012-11-03 10:53:02'),(21,'enr8t55xy93r5xmtziif238','e1:65:b2:05:ad:dd-84:1c:cb:6b:d9:3c-2d:f6:b3:ab:fe:3b',25,21,21,5,NULL,NULL,'2008-06-13','2012-11-03',NULL,NULL,'110.00',0,0,1,0,9,1,NULL,NULL,NULL,NULL,NULL,'--- !ruby/hash:ActiveSupport::HashWithIndifferentAccess\nanschaffungskategorie: AV-Technik\nreference: invoice\numzug: zgeln\nankunftszustand: intakt\n','2012-11-03 10:53:02','2012-11-03 10:53:02'),(22,'v8uv3ml4eoxqgsvvb5o6239','39:b9:cb:e4:40:d1-69:35:59:ef:95:b2-84:50:d4:1b:ad:cb',29,22,22,3,NULL,NULL,'2007-12-02','2012-11-03',NULL,NULL,'829.00',0,0,1,0,9,1,NULL,NULL,NULL,NULL,NULL,'--- !ruby/hash:ActiveSupport::HashWithIndifferentAccess\nanschaffungskategorie: AV-Technik\nreference: invoice\numzug: zgeln\nankunftszustand: intakt\n','2012-11-03 10:53:02','2012-11-03 10:53:02'),(23,'nuzcbsujb0nlwp26oyj2240','8c:b5:90:ba:ad:fc-8b:a6:8d:2b:5b:6f-ab:a5:72:b4:f6:8b',29,23,23,11,NULL,NULL,'2009-02-13','2012-11-03',NULL,NULL,'467.00',0,0,1,0,9,1,NULL,NULL,NULL,NULL,NULL,'--- !ruby/hash:ActiveSupport::HashWithIndifferentAccess\nanschaffungskategorie: AV-Technik\nreference: invoice\numzug: zgeln\nankunftszustand: intakt\n','2012-11-03 10:53:02','2012-11-03 10:53:02'),(24,'c72onm4nfgqul4xz3eb9241','ba:a7:0e:db:e5:00-79:66:86:3e:7c:88-a2:12:a0:27:02:72',29,24,24,7,NULL,NULL,'2009-10-30','2012-11-03',NULL,NULL,'414.00',0,0,1,0,9,1,NULL,NULL,NULL,NULL,NULL,'--- !ruby/hash:ActiveSupport::HashWithIndifferentAccess\nanschaffungskategorie: AV-Technik\nreference: invoice\numzug: zgeln\nankunftszustand: intakt\n','2012-11-03 10:53:02','2012-11-03 10:53:02'),(25,'wtusg7qsszll0bpr9lbs242','b2:c4:ca:e7:ac:bf-76:ca:58:a6:96:ae-b3:bd:d8:ff:35:fa',33,25,25,9,NULL,NULL,'2007-02-12','2012-11-03',NULL,NULL,'435.00',0,0,1,0,1,1,NULL,NULL,NULL,NULL,NULL,'--- !ruby/hash:ActiveSupport::HashWithIndifferentAccess\nanschaffungskategorie: AV-Technik\nreference: invoice\numzug: zgeln\nankunftszustand: intakt\n','2012-11-03 10:53:02','2012-11-03 10:53:02'),(26,'en3wbo42hgivs2qwen5o243','56:3b:6c:65:72:23-d0:4f:65:20:79:c7-02:a1:f3:ee:53:b5',33,26,26,11,NULL,NULL,'2008-09-21','2012-11-03',NULL,NULL,'945.00',0,0,1,0,1,1,NULL,NULL,NULL,NULL,NULL,'--- !ruby/hash:ActiveSupport::HashWithIndifferentAccess\nanschaffungskategorie: AV-Technik\nreference: invoice\numzug: zgeln\nankunftszustand: intakt\n','2012-11-03 10:53:02','2012-11-03 10:53:02'),(27,'9rrbv1hv92g2ks9bwerk244','22:25:0f:40:68:58-bc:64:1f:94:ed:a5-c2:71:26:5c:cf:68',33,27,27,5,NULL,NULL,'2007-09-30','2012-11-03',NULL,NULL,'579.00',0,0,1,0,1,1,NULL,NULL,NULL,NULL,NULL,'--- !ruby/hash:ActiveSupport::HashWithIndifferentAccess\nanschaffungskategorie: AV-Technik\nreference: invoice\numzug: zgeln\nankunftszustand: intakt\n','2012-11-03 10:53:02','2012-11-03 10:53:02'),(28,'nfvi3geelxulfqc159sm245','06:12:00:37:00:f5-33:a8:94:fd:25:9f-70:2b:09:47:c8:41',37,28,28,5,NULL,NULL,'2010-02-01','2012-11-03',NULL,NULL,'662.00',0,0,1,0,1,1,NULL,NULL,NULL,NULL,NULL,'--- !ruby/hash:ActiveSupport::HashWithIndifferentAccess\nanschaffungskategorie: AV-Technik\nreference: invoice\numzug: zgeln\nankunftszustand: intakt\n','2012-11-03 10:53:02','2012-11-03 10:53:02'),(29,'bndi7oksgop7ck2ng984246','8c:91:16:d9:dd:32-e6:95:b9:f4:4a:29-58:22:25:90:47:68',37,29,29,1,NULL,NULL,'2009-07-11','2012-11-03',NULL,NULL,'274.00',0,0,1,0,1,1,NULL,NULL,NULL,NULL,NULL,'--- !ruby/hash:ActiveSupport::HashWithIndifferentAccess\nanschaffungskategorie: AV-Technik\nreference: invoice\numzug: zgeln\nankunftszustand: intakt\n','2012-11-03 10:53:02','2012-11-03 10:53:02'),(30,'d9h7msm2cr0m91kai8vi247','31:d3:1f:f0:d1:3d-c8:52:3e:78:1c:9f-62:e7:c1:f3:26:39',37,30,30,3,NULL,NULL,'2010-09-14','2012-11-03',NULL,NULL,'1273.00',0,0,1,0,1,1,NULL,NULL,NULL,NULL,NULL,'--- !ruby/hash:ActiveSupport::HashWithIndifferentAccess\nanschaffungskategorie: AV-Technik\nreference: invoice\numzug: zgeln\nankunftszustand: intakt\n','2012-11-03 10:53:02','2012-11-03 10:53:02'),(31,'q8av26gcjl2pbk57jobw248','c0:fe:b2:69:d8:fd-dd:7b:3a:03:23:38-10:2b:cb:41:be:46',41,31,31,10,NULL,NULL,'2008-01-10','2012-11-03',NULL,NULL,'218.00',0,0,1,0,1,1,NULL,NULL,NULL,NULL,NULL,'--- !ruby/hash:ActiveSupport::HashWithIndifferentAccess\nanschaffungskategorie: AV-Technik\nreference: invoice\numzug: zgeln\nankunftszustand: intakt\n','2012-11-03 10:53:02','2012-11-03 10:53:02'),(32,'9o1hg9hwhjws9s53lcjz249','d1:99:f2:1f:00:8f-47:c9:b4:d1:2a:03-1b:e0:90:5f:66:e1',41,32,32,11,NULL,NULL,'2009-12-28','2012-11-03',NULL,NULL,'1022.00',0,0,1,0,1,1,NULL,NULL,NULL,NULL,NULL,'--- !ruby/hash:ActiveSupport::HashWithIndifferentAccess\nanschaffungskategorie: AV-Technik\nreference: invoice\numzug: zgeln\nankunftszustand: intakt\n','2012-11-03 10:53:02','2012-11-03 10:53:02'),(33,'2o7thraunozw9p12okfw250','df:29:46:08:b5:4c-81:b2:91:05:05:ca-72:46:99:89:13:2e',41,33,33,5,NULL,NULL,'2009-12-17','2012-11-03',NULL,NULL,'862.00',0,0,1,0,1,1,NULL,NULL,NULL,NULL,NULL,'--- !ruby/hash:ActiveSupport::HashWithIndifferentAccess\nanschaffungskategorie: AV-Technik\nreference: invoice\numzug: zgeln\nankunftszustand: intakt\n','2012-11-03 10:53:02','2012-11-03 10:53:02'),(34,'rkxqn55nkosnsykcz2nf251','55:a0:49:29:f8:a3-db:de:83:46:13:e4-d8:f0:c2:63:b9:c2',45,34,34,6,NULL,NULL,'2008-11-29','2012-11-03',NULL,NULL,'172.00',0,0,1,0,1,1,NULL,NULL,NULL,NULL,NULL,'--- !ruby/hash:ActiveSupport::HashWithIndifferentAccess\nanschaffungskategorie: AV-Technik\nreference: invoice\numzug: zgeln\nankunftszustand: intakt\n','2012-11-03 10:53:02','2012-11-03 10:53:02'),(35,'1c3t540fw62ni9myvcyd252','1e:19:e8:06:0c:ae-95:3d:ec:bb:59:8e-a9:dd:02:6e:54:02',45,35,35,4,NULL,NULL,'2010-01-04','2012-11-03',NULL,NULL,'886.00',0,0,1,0,1,1,NULL,NULL,NULL,NULL,NULL,'--- !ruby/hash:ActiveSupport::HashWithIndifferentAccess\nanschaffungskategorie: AV-Technik\nreference: invoice\numzug: zgeln\nankunftszustand: intakt\n','2012-11-03 10:53:02','2012-11-03 10:53:02'),(36,'vneynwxz2bf5dcn1tp6q253','1a:e9:de:a1:15:7e-d0:ed:85:89:ec:3f-51:2d:d7:45:1c:27',45,36,36,1,NULL,NULL,'2011-06-28','2012-11-03',NULL,NULL,'1226.00',0,0,1,0,1,1,NULL,NULL,NULL,NULL,NULL,'--- !ruby/hash:ActiveSupport::HashWithIndifferentAccess\nanschaffungskategorie: AV-Technik\nreference: invoice\numzug: zgeln\nankunftszustand: intakt\n','2012-11-03 10:53:02','2012-11-03 10:53:02'),(37,'book1','book1',49,37,37,2,NULL,NULL,'2007-05-17','2012-11-03',NULL,NULL,'1251.00',0,0,1,0,2,1,NULL,NULL,NULL,NULL,NULL,'--- !ruby/hash:ActiveSupport::HashWithIndifferentAccess\nanschaffungskategorie: AV-Technik\nreference: invoice\numzug: zgeln\nankunftszustand: intakt\n','2012-11-03 10:53:02','2012-11-03 10:53:02'),(38,'book2','book2',49,37,38,2,NULL,NULL,'2011-04-03','2012-11-03',NULL,NULL,'886.00',0,0,1,0,2,1,NULL,NULL,NULL,NULL,NULL,'--- !ruby/hash:ActiveSupport::HashWithIndifferentAccess\nanschaffungskategorie: AV-Technik\nreference: invoice\numzug: zgeln\nankunftszustand: intakt\n','2012-11-03 10:53:02','2012-11-03 10:53:02'),(39,'beam123','xyz456',50,38,39,1,NULL,NULL,'2009-04-06','2012-11-03',NULL,NULL,'1380.00',0,0,1,0,1,1,NULL,NULL,NULL,'name123',NULL,'--- !ruby/hash:ActiveSupport::HashWithIndifferentAccess\nanschaffungskategorie: AV-Technik\nreference: invoice\numzug: zgeln\nankunftszustand: intakt\n','2012-11-03 10:53:02','2012-11-03 10:53:02'),(40,'beam345','xyz890',50,38,40,1,NULL,NULL,'2007-02-22','2012-11-03',NULL,NULL,'1154.00',0,0,1,0,1,1,NULL,NULL,NULL,NULL,NULL,'--- !ruby/hash:ActiveSupport::HashWithIndifferentAccess\nanschaffungskategorie: AV-Technik\nreference: invoice\numzug: zgeln\nankunftszustand: intakt\n','2012-11-03 10:53:02','2012-11-03 10:53:02'),(41,'beam678','xyz678',51,38,41,1,NULL,NULL,'2009-11-22','2012-11-03',NULL,NULL,'64.00',0,0,1,0,1,1,NULL,NULL,NULL,NULL,NULL,'--- !ruby/hash:ActiveSupport::HashWithIndifferentAccess\nanschaffungskategorie: AV-Technik\nreference: invoice\numzug: zgeln\nankunftszustand: intakt\n','2012-11-03 10:53:02','2012-11-03 10:53:02'),(42,'beam749','xyz749',50,38,42,1,NULL,NULL,'2010-02-07','2012-11-03',NULL,NULL,'255.00',0,0,1,0,2,1,NULL,NULL,NULL,NULL,NULL,'--- !ruby/hash:ActiveSupport::HashWithIndifferentAccess\nanschaffungskategorie: AV-Technik\nreference: invoice\numzug: zgeln\nankunftszustand: intakt\n','2012-11-03 10:53:02','2012-11-03 10:53:02'),(43,'beamTest123','xyz749',53,38,43,1,NULL,NULL,'2007-08-18','2012-11-03',NULL,NULL,'1462.00',0,0,1,0,1,1,NULL,NULL,NULL,NULL,NULL,'--- !ruby/hash:ActiveSupport::HashWithIndifferentAccess\nanschaffungskategorie: AV-Technik\nreference: invoice\numzug: zgeln\nankunftszustand: intakt\n','2012-11-03 10:53:02','2012-11-03 10:53:02'),(44,'ucbeam1','minbeam1',54,38,44,1,NULL,NULL,'2009-01-04','2012-11-03',NULL,NULL,'756.00',0,0,1,0,1,1,NULL,NULL,NULL,'ucbeam1',NULL,'--- !ruby/hash:ActiveSupport::HashWithIndifferentAccess\nanschaffungskategorie: AV-Technik\nreference: invoice\numzug: zgeln\nankunftszustand: intakt\n','2012-11-03 10:53:02','2012-11-03 10:53:02'),(45,'microbeam1','microbeam1',55,38,45,1,NULL,NULL,'2011-11-05','2012-11-03',NULL,NULL,'82.00',0,0,1,0,1,1,NULL,NULL,NULL,'microbeam1',NULL,'--- !ruby/hash:ActiveSupport::HashWithIndifferentAccess\nanschaffungskategorie: AV-Technik\nreference: invoice\numzug: zgeln\nankunftszustand: intakt\n','2012-11-03 10:53:02','2012-11-03 10:53:02'),(46,'mbeam1','mbeam1',56,38,46,1,NULL,NULL,'2007-03-03','2012-11-03',NULL,NULL,'880.00',0,0,1,0,1,1,NULL,NULL,NULL,'mbeam1',NULL,'--- !ruby/hash:ActiveSupport::HashWithIndifferentAccess\nanschaffungskategorie: AV-Technik\nreference: invoice\numzug: zgeln\nankunftszustand: intakt\n','2012-11-03 10:53:02','2012-11-03 10:53:02'),(47,'mbeam2','mbeam2',57,38,47,1,NULL,NULL,'2008-09-27','2012-11-03',NULL,NULL,'294.00',0,0,1,0,1,1,NULL,NULL,NULL,'mbeam2',NULL,'--- !ruby/hash:ActiveSupport::HashWithIndifferentAccess\nanschaffungskategorie: AV-Technik\nreference: invoice\numzug: zgeln\nankunftszustand: intakt\n','2012-11-03 10:53:02','2012-11-03 10:53:02'),(48,'mbeam3','mbeam3',58,38,48,1,NULL,NULL,'2011-07-03','2012-11-03',NULL,NULL,'1239.00',0,0,1,0,1,1,NULL,NULL,NULL,'mbeam3',NULL,'--- !ruby/hash:ActiveSupport::HashWithIndifferentAccess\nanschaffungskategorie: AV-Technik\nreference: invoice\numzug: zgeln\nankunftszustand: intakt\n','2012-11-03 10:53:02','2012-11-03 10:53:02'),(49,'mbeam4','mbeam4',59,38,49,1,NULL,NULL,'2010-08-23','2012-11-03',NULL,NULL,'571.00',0,0,1,0,1,1,NULL,NULL,NULL,'mbeam4',NULL,'--- !ruby/hash:ActiveSupport::HashWithIndifferentAccess\nanschaffungskategorie: AV-Technik\nreference: invoice\numzug: zgeln\nankunftszustand: intakt\n','2012-11-03 10:53:02','2012-11-03 10:53:02'),(50,'mbeam5','mbeam5',60,38,50,1,NULL,NULL,'2010-12-28','2012-11-03',NULL,NULL,'188.00',0,0,1,0,1,1,NULL,NULL,NULL,'mbeam5',NULL,'--- !ruby/hash:ActiveSupport::HashWithIndifferentAccess\nanschaffungskategorie: AV-Technik\nreference: invoice\numzug: zgeln\nankunftszustand: intakt\n','2012-11-03 10:53:02','2012-11-03 10:53:02'),(51,'mbeam6','mbeam6',61,38,51,1,NULL,NULL,'2009-07-24','2012-11-03',NULL,NULL,'456.00',0,0,1,0,1,1,NULL,NULL,NULL,'mbeam6',NULL,'--- !ruby/hash:ActiveSupport::HashWithIndifferentAccess\nanschaffungskategorie: AV-Technik\nreference: invoice\numzug: zgeln\nankunftszustand: intakt\n','2012-11-03 10:53:02','2012-11-03 10:53:02'),(52,'mbeam7','mbeam7',62,38,52,1,NULL,NULL,'2008-09-01','2012-11-03',NULL,NULL,'781.00',0,0,1,0,1,1,NULL,NULL,NULL,'mbeam7',NULL,'--- !ruby/hash:ActiveSupport::HashWithIndifferentAccess\nanschaffungskategorie: AV-Technik\nreference: invoice\numzug: zgeln\nankunftszustand: intakt\n','2012-11-03 10:53:02','2012-11-03 10:53:02'),(53,'mbeam8','mbeam8',63,38,53,1,NULL,NULL,'2010-08-12','2012-11-03',NULL,NULL,'813.00',0,0,1,0,1,1,NULL,NULL,NULL,'mbeam8',NULL,'--- !ruby/hash:ActiveSupport::HashWithIndifferentAccess\nanschaffungskategorie: AV-Technik\nreference: invoice\numzug: zgeln\nankunftszustand: intakt\n','2012-11-03 10:53:02','2012-11-03 10:53:02'),(54,'mbeam9','mbeam9',64,38,54,1,NULL,NULL,'2007-12-27','2012-11-03',NULL,NULL,'549.00',0,0,1,0,1,1,NULL,NULL,NULL,'mbeam9',NULL,'--- !ruby/hash:ActiveSupport::HashWithIndifferentAccess\nanschaffungskategorie: AV-Technik\nreference: invoice\numzug: zgeln\nankunftszustand: intakt\n','2012-11-03 10:53:02','2012-11-03 10:53:02'),(55,'mbeam10','mbeam10',65,38,55,1,NULL,NULL,'2009-12-02','2012-11-03',NULL,NULL,'1439.00',0,0,1,0,1,1,NULL,NULL,NULL,'mbeam10',NULL,'--- !ruby/hash:ActiveSupport::HashWithIndifferentAccess\nanschaffungskategorie: AV-Technik\nreference: invoice\numzug: zgeln\nankunftszustand: intakt\n','2012-11-03 10:53:02','2012-11-03 10:53:02'),(56,'mbeam11','mbeam11',66,38,56,1,NULL,NULL,'2010-06-08','2012-11-03',NULL,NULL,'344.00',0,0,1,0,1,1,NULL,NULL,NULL,'mbeam11',NULL,'--- !ruby/hash:ActiveSupport::HashWithIndifferentAccess\nanschaffungskategorie: AV-Technik\nreference: invoice\numzug: zgeln\nankunftszustand: intakt\n','2012-11-03 10:53:02','2012-11-03 10:53:02'),(57,'mbeam12','mbeam12',67,38,57,1,NULL,NULL,'2010-04-30','2012-11-03',NULL,NULL,'1447.00',0,0,1,0,1,1,NULL,NULL,NULL,'mbeam12',NULL,'--- !ruby/hash:ActiveSupport::HashWithIndifferentAccess\nanschaffungskategorie: AV-Technik\nreference: invoice\numzug: zgeln\nankunftszustand: intakt\n','2012-11-03 10:53:02','2012-11-03 10:53:02'),(58,'mbeam13','mbeam13',68,38,58,1,NULL,NULL,'2008-10-02','2012-11-03',NULL,NULL,'1386.00',0,0,1,0,1,1,NULL,NULL,NULL,'mbeam13',NULL,'--- !ruby/hash:ActiveSupport::HashWithIndifferentAccess\nanschaffungskategorie: AV-Technik\nreference: invoice\numzug: zgeln\nankunftszustand: intakt\n','2012-11-03 10:53:02','2012-11-03 10:53:02'),(59,'mbeam14','mbeam14',69,38,59,1,NULL,NULL,'2007-05-03','2012-11-03',NULL,NULL,'1139.00',0,0,1,0,1,1,NULL,NULL,NULL,'mbeam14',NULL,'--- !ruby/hash:ActiveSupport::HashWithIndifferentAccess\nanschaffungskategorie: AV-Technik\nreference: invoice\numzug: zgeln\nankunftszustand: intakt\n','2012-11-03 10:53:02','2012-11-03 10:53:02'),(60,'mbeam15','mbeam15',70,38,60,1,NULL,NULL,'2010-03-19','2012-11-03',NULL,NULL,'1030.00',0,0,1,0,1,1,NULL,NULL,NULL,'mbeam15',NULL,'--- !ruby/hash:ActiveSupport::HashWithIndifferentAccess\nanschaffungskategorie: AV-Technik\nreference: invoice\numzug: zgeln\nankunftszustand: intakt\n','2012-11-03 10:53:02','2012-11-03 10:53:02'),(61,'mbeam16','mbeam16',71,38,61,1,NULL,NULL,'2007-01-25','2012-11-03',NULL,NULL,'290.00',0,0,1,0,1,1,NULL,NULL,NULL,'mbeam16',NULL,'--- !ruby/hash:ActiveSupport::HashWithIndifferentAccess\nanschaffungskategorie: AV-Technik\nreference: invoice\numzug: zgeln\nankunftszustand: intakt\n','2012-11-03 10:53:02','2012-11-03 10:53:02'),(62,'mbeam17','mbeam17',72,38,62,1,NULL,NULL,'2008-12-19','2012-11-03',NULL,NULL,'321.00',0,0,1,0,1,1,NULL,NULL,NULL,'mbeam17',NULL,'--- !ruby/hash:ActiveSupport::HashWithIndifferentAccess\nanschaffungskategorie: AV-Technik\nreference: invoice\numzug: zgeln\nankunftszustand: intakt\n','2012-11-03 10:53:02','2012-11-03 10:53:02'),(63,'mbeam18','mbeam18',73,38,63,1,NULL,NULL,'2010-09-26','2012-11-03',NULL,NULL,'1362.00',0,0,1,0,1,1,NULL,NULL,NULL,'mbeam18',NULL,'--- !ruby/hash:ActiveSupport::HashWithIndifferentAccess\nanschaffungskategorie: AV-Technik\nreference: invoice\numzug: zgeln\nankunftszustand: intakt\n','2012-11-03 10:53:02','2012-11-03 10:53:02'),(64,'mbeam19','mbeam19',74,38,64,1,NULL,NULL,'2008-09-09','2012-11-03',NULL,NULL,'1023.00',0,0,1,0,1,1,NULL,NULL,NULL,'mbeam19',NULL,'--- !ruby/hash:ActiveSupport::HashWithIndifferentAccess\nanschaffungskategorie: AV-Technik\nreference: invoice\numzug: zgeln\nankunftszustand: intakt\n','2012-11-03 10:53:02','2012-11-03 10:53:02'),(65,'mbeam20','mbeam20',75,38,65,1,NULL,NULL,'2011-12-23','2012-11-03',NULL,NULL,'1151.00',0,0,1,0,1,1,NULL,NULL,NULL,'mbeam20',NULL,'--- !ruby/hash:ActiveSupport::HashWithIndifferentAccess\nanschaffungskategorie: AV-Technik\nreference: invoice\numzug: zgeln\nankunftszustand: intakt\n','2012-11-03 10:53:02','2012-11-03 10:53:02'),(66,'cam123','abc234',76,38,66,1,NULL,NULL,'2008-06-24','2012-11-03',NULL,NULL,'637.00',0,0,1,0,1,1,NULL,NULL,NULL,NULL,NULL,'--- !ruby/hash:ActiveSupport::HashWithIndifferentAccess\nanschaffungskategorie: AV-Technik\nreference: invoice\numzug: zgeln\nankunftszustand: intakt\n','2012-11-03 10:53:02','2012-11-03 10:53:02'),(67,'cam345','ab567',76,38,67,1,NULL,NULL,'2007-07-03','2012-11-03',NULL,NULL,'542.00',0,0,1,0,1,1,NULL,NULL,NULL,NULL,NULL,'--- !ruby/hash:ActiveSupport::HashWithIndifferentAccess\nanschaffungskategorie: AV-Technik\nreference: invoice\numzug: zgeln\nankunftszustand: intakt\n','2012-11-03 10:53:02','2012-11-03 10:53:02'),(68,'cam567','ab789',76,38,68,1,NULL,NULL,'2009-07-16','2012-11-03',NULL,NULL,'1203.00',0,0,1,0,1,1,NULL,NULL,NULL,NULL,NULL,'--- !ruby/hash:ActiveSupport::HashWithIndifferentAccess\nanschaffungskategorie: AV-Technik\nreference: invoice\numzug: zgeln\nankunftszustand: intakt\n','2012-11-03 10:53:02','2012-11-03 10:53:02'),(69,'cam53267','ab782129',76,38,69,1,NULL,NULL,'2011-03-25','2012-11-03',NULL,NULL,'934.00',0,0,1,0,1,1,NULL,NULL,NULL,NULL,NULL,'--- !ruby/hash:ActiveSupport::HashWithIndifferentAccess\nanschaffungskategorie: AV-Technik\nreference: invoice\numzug: zgeln\nankunftszustand: intakt\n','2012-11-03 10:53:02','2012-11-03 10:53:02'),(70,'cam532asd67','ab78as2129',76,38,70,1,NULL,NULL,'2009-03-15','2012-11-03',NULL,NULL,'566.00',0,0,1,0,1,1,NULL,NULL,NULL,NULL,NULL,'--- !ruby/hash:ActiveSupport::HashWithIndifferentAccess\nanschaffungskategorie: AV-Technik\nreference: invoice\numzug: zgeln\nankunftszustand: intakt\n','2012-11-03 10:53:02','2012-11-03 10:53:02'),(71,'mcam1','mcam1',77,38,71,1,NULL,NULL,'2007-03-29','2012-11-03',NULL,NULL,'1053.00',0,0,1,0,1,1,NULL,NULL,NULL,'mcam1',NULL,'--- !ruby/hash:ActiveSupport::HashWithIndifferentAccess\nanschaffungskategorie: AV-Technik\nreference: invoice\numzug: zgeln\nankunftszustand: intakt\n','2012-11-03 10:53:02','2012-11-03 10:53:02'),(72,'mcam2','mcam2',78,38,72,1,NULL,NULL,'2008-03-09','2012-11-03',NULL,NULL,'827.00',0,0,1,0,1,1,NULL,NULL,NULL,'mcam2',NULL,'--- !ruby/hash:ActiveSupport::HashWithIndifferentAccess\nanschaffungskategorie: AV-Technik\nreference: invoice\numzug: zgeln\nankunftszustand: intakt\n','2012-11-03 10:53:02','2012-11-03 10:53:02'),(73,'mcam3','mcam3',79,38,73,1,NULL,NULL,'2007-01-13','2012-11-03',NULL,NULL,'370.00',0,0,1,0,1,1,NULL,NULL,NULL,'mcam3',NULL,'--- !ruby/hash:ActiveSupport::HashWithIndifferentAccess\nanschaffungskategorie: AV-Technik\nreference: invoice\numzug: zgeln\nankunftszustand: intakt\n','2012-11-03 10:53:02','2012-11-03 10:53:02'),(74,'mcam4','mcam4',80,38,74,1,NULL,NULL,'2011-12-21','2012-11-03',NULL,NULL,'743.00',0,0,1,0,1,1,NULL,NULL,NULL,'mcam4',NULL,'--- !ruby/hash:ActiveSupport::HashWithIndifferentAccess\nanschaffungskategorie: AV-Technik\nreference: invoice\numzug: zgeln\nankunftszustand: intakt\n','2012-11-03 10:53:02','2012-11-03 10:53:02'),(75,'mcam5','mcam5',81,38,75,1,NULL,NULL,'2010-08-27','2012-11-03',NULL,NULL,'1318.00',0,0,1,0,1,1,NULL,NULL,NULL,'mcam5',NULL,'--- !ruby/hash:ActiveSupport::HashWithIndifferentAccess\nanschaffungskategorie: AV-Technik\nreference: invoice\numzug: zgeln\nankunftszustand: intakt\n','2012-11-03 10:53:02','2012-11-03 10:53:02'),(76,'mcam6','mcam6',82,38,76,1,NULL,NULL,'2008-04-22','2012-11-03',NULL,NULL,'1300.00',0,0,1,0,1,1,NULL,NULL,NULL,'mcam6',NULL,'--- !ruby/hash:ActiveSupport::HashWithIndifferentAccess\nanschaffungskategorie: AV-Technik\nreference: invoice\numzug: zgeln\nankunftszustand: intakt\n','2012-11-03 10:53:02','2012-11-03 10:53:02'),(77,'mcam7','mcam7',83,38,77,1,NULL,NULL,'2009-10-08','2012-11-03',NULL,NULL,'895.00',0,0,1,0,1,1,NULL,NULL,NULL,'mcam7',NULL,'--- !ruby/hash:ActiveSupport::HashWithIndifferentAccess\nanschaffungskategorie: AV-Technik\nreference: invoice\numzug: zgeln\nankunftszustand: intakt\n','2012-11-03 10:53:02','2012-11-03 10:53:02'),(78,'mcam8','mcam8',84,38,78,1,NULL,NULL,'2010-12-04','2012-11-03',NULL,NULL,'862.00',0,0,1,0,1,1,NULL,NULL,NULL,'mcam8',NULL,'--- !ruby/hash:ActiveSupport::HashWithIndifferentAccess\nanschaffungskategorie: AV-Technik\nreference: invoice\numzug: zgeln\nankunftszustand: intakt\n','2012-11-03 10:53:02','2012-11-03 10:53:02'),(79,'mcam9','mcam9',85,38,79,1,NULL,NULL,'2008-01-05','2012-11-03',NULL,NULL,'208.00',0,0,1,0,1,1,NULL,NULL,NULL,'mcam9',NULL,'--- !ruby/hash:ActiveSupport::HashWithIndifferentAccess\nanschaffungskategorie: AV-Technik\nreference: invoice\numzug: zgeln\nankunftszustand: intakt\n','2012-11-03 10:53:02','2012-11-03 10:53:02'),(80,'mcam10','mcam10',86,38,80,1,NULL,NULL,'2010-03-03','2012-11-03',NULL,NULL,'821.00',0,0,1,0,1,1,NULL,NULL,NULL,'mcam10',NULL,'--- !ruby/hash:ActiveSupport::HashWithIndifferentAccess\nanschaffungskategorie: AV-Technik\nreference: invoice\numzug: zgeln\nankunftszustand: intakt\n','2012-11-03 10:53:02','2012-11-03 10:53:02'),(81,'mcam11','mcam11',87,38,81,1,NULL,NULL,'2010-03-09','2012-11-03',NULL,NULL,'1396.00',0,0,1,0,1,1,NULL,NULL,NULL,'mcam11',NULL,'--- !ruby/hash:ActiveSupport::HashWithIndifferentAccess\nanschaffungskategorie: AV-Technik\nreference: invoice\numzug: zgeln\nankunftszustand: intakt\n','2012-11-03 10:53:02','2012-11-03 10:53:02'),(82,'mcam12','mcam12',88,38,82,1,NULL,NULL,'2008-07-09','2012-11-03',NULL,NULL,'438.00',0,0,1,0,1,1,NULL,NULL,NULL,'mcam12',NULL,'--- !ruby/hash:ActiveSupport::HashWithIndifferentAccess\nanschaffungskategorie: AV-Technik\nreference: invoice\numzug: zgeln\nankunftszustand: intakt\n','2012-11-03 10:53:02','2012-11-03 10:53:02'),(83,'mcam13','mcam13',89,38,83,1,NULL,NULL,'2007-12-24','2012-11-03',NULL,NULL,'186.00',0,0,1,0,1,1,NULL,NULL,NULL,'mcam13',NULL,'--- !ruby/hash:ActiveSupport::HashWithIndifferentAccess\nanschaffungskategorie: AV-Technik\nreference: invoice\numzug: zgeln\nankunftszustand: intakt\n','2012-11-03 10:53:02','2012-11-03 10:53:02'),(84,'mcam14','mcam14',90,38,84,1,NULL,NULL,'2011-07-07','2012-11-03',NULL,NULL,'1338.00',0,0,1,0,1,1,NULL,NULL,NULL,'mcam14',NULL,'--- !ruby/hash:ActiveSupport::HashWithIndifferentAccess\nanschaffungskategorie: AV-Technik\nreference: invoice\numzug: zgeln\nankunftszustand: intakt\n','2012-11-03 10:53:02','2012-11-03 10:53:02'),(85,'mcam15','mcam15',91,38,85,1,NULL,NULL,'2008-09-17','2012-11-03',NULL,NULL,'1253.00',0,0,1,0,1,1,NULL,NULL,NULL,'mcam15',NULL,'--- !ruby/hash:ActiveSupport::HashWithIndifferentAccess\nanschaffungskategorie: AV-Technik\nreference: invoice\numzug: zgeln\nankunftszustand: intakt\n','2012-11-03 10:53:02','2012-11-03 10:53:02'),(86,'mcam16','mcam16',92,38,86,1,NULL,NULL,'2009-11-03','2012-11-03',NULL,NULL,'506.00',0,0,1,0,1,1,NULL,NULL,NULL,'mcam16',NULL,'--- !ruby/hash:ActiveSupport::HashWithIndifferentAccess\nanschaffungskategorie: AV-Technik\nreference: invoice\numzug: zgeln\nankunftszustand: intakt\n','2012-11-03 10:53:02','2012-11-03 10:53:02'),(87,'mcam17','mcam17',93,38,87,1,NULL,NULL,'2011-06-25','2012-11-03',NULL,NULL,'1181.00',0,0,1,0,1,1,NULL,NULL,NULL,'mcam17',NULL,'--- !ruby/hash:ActiveSupport::HashWithIndifferentAccess\nanschaffungskategorie: AV-Technik\nreference: invoice\numzug: zgeln\nankunftszustand: intakt\n','2012-11-03 10:53:02','2012-11-03 10:53:02'),(88,'mcam18','mcam18',94,38,88,1,NULL,NULL,'2007-10-29','2012-11-03',NULL,NULL,'1061.00',0,0,1,0,1,1,NULL,NULL,NULL,'mcam18',NULL,'--- !ruby/hash:ActiveSupport::HashWithIndifferentAccess\nanschaffungskategorie: AV-Technik\nreference: invoice\numzug: zgeln\nankunftszustand: intakt\n','2012-11-03 10:53:02','2012-11-03 10:53:02'),(89,'mcam19','mcam19',95,38,89,1,NULL,NULL,'2008-02-04','2012-11-03',NULL,NULL,'911.00',0,0,1,0,1,1,NULL,NULL,NULL,'mcam19',NULL,'--- !ruby/hash:ActiveSupport::HashWithIndifferentAccess\nanschaffungskategorie: AV-Technik\nreference: invoice\numzug: zgeln\nankunftszustand: intakt\n','2012-11-03 10:53:02','2012-11-03 10:53:02'),(90,'mcam20','mcam20',96,38,90,1,NULL,NULL,'2007-06-02','2012-11-03',NULL,NULL,'1075.00',0,0,1,0,1,1,NULL,NULL,NULL,'mcam20',NULL,'--- !ruby/hash:ActiveSupport::HashWithIndifferentAccess\nanschaffungskategorie: AV-Technik\nreference: invoice\numzug: zgeln\nankunftszustand: intakt\n','2012-11-03 10:53:02','2012-11-03 10:53:02'),(91,'mcam21','mcam21',97,38,91,1,NULL,NULL,'2008-11-05','2012-11-03',NULL,NULL,'421.00',0,0,1,0,1,1,NULL,NULL,NULL,'mcam21',NULL,'--- !ruby/hash:ActiveSupport::HashWithIndifferentAccess\nanschaffungskategorie: AV-Technik\nreference: invoice\numzug: zgeln\nankunftszustand: intakt\n','2012-11-03 10:53:02','2012-11-03 10:53:02'),(92,'mcam22','mcam22',98,38,92,1,NULL,NULL,'2010-09-16','2012-11-03',NULL,NULL,'271.00',0,0,1,0,1,1,NULL,NULL,NULL,'mcam22',NULL,'--- !ruby/hash:ActiveSupport::HashWithIndifferentAccess\nanschaffungskategorie: AV-Technik\nreference: invoice\numzug: zgeln\nankunftszustand: intakt\n','2012-11-03 10:53:02','2012-11-03 10:53:02'),(93,'mcam23','mcam23',99,38,93,1,NULL,NULL,'2007-06-19','2012-11-03',NULL,NULL,'867.00',0,0,1,0,1,1,NULL,NULL,NULL,'mcam23',NULL,'--- !ruby/hash:ActiveSupport::HashWithIndifferentAccess\nanschaffungskategorie: AV-Technik\nreference: invoice\numzug: zgeln\nankunftszustand: intakt\n','2012-11-03 10:53:02','2012-11-03 10:53:02'),(94,'mcam24','mcam24',100,38,94,1,NULL,NULL,'2009-12-09','2012-11-03',NULL,NULL,'1223.00',0,0,1,0,1,1,NULL,NULL,NULL,'mcam24',NULL,'--- !ruby/hash:ActiveSupport::HashWithIndifferentAccess\nanschaffungskategorie: AV-Technik\nreference: invoice\numzug: zgeln\nankunftszustand: intakt\n','2012-11-03 10:53:02','2012-11-03 10:53:02'),(95,'mcam25','mcam25',101,38,95,1,NULL,NULL,'2011-01-28','2012-11-03',NULL,NULL,'1289.00',0,0,1,0,1,1,NULL,NULL,NULL,'mcam25',NULL,'--- !ruby/hash:ActiveSupport::HashWithIndifferentAccess\nanschaffungskategorie: AV-Technik\nreference: invoice\numzug: zgeln\nankunftszustand: intakt\n','2012-11-03 10:53:02','2012-11-03 10:53:02'),(96,'mcam26','mcam26',102,38,96,1,NULL,NULL,'2010-11-26','2012-11-03',NULL,NULL,'374.00',0,0,1,0,1,1,NULL,NULL,NULL,'mcam26',NULL,'--- !ruby/hash:ActiveSupport::HashWithIndifferentAccess\nanschaffungskategorie: AV-Technik\nreference: invoice\numzug: zgeln\nankunftszustand: intakt\n','2012-11-03 10:53:02','2012-11-03 10:53:02'),(97,'mcam27','mcam27',103,38,97,1,NULL,NULL,'2007-06-14','2012-11-03',NULL,NULL,'840.00',0,0,1,0,1,1,NULL,NULL,NULL,'mcam27',NULL,'--- !ruby/hash:ActiveSupport::HashWithIndifferentAccess\nanschaffungskategorie: AV-Technik\nreference: invoice\numzug: zgeln\nankunftszustand: intakt\n','2012-11-03 10:53:02','2012-11-03 10:53:02'),(98,'mcam28','mcam28',104,38,98,1,NULL,NULL,'2009-08-24','2012-11-03',NULL,NULL,'1404.00',0,0,1,0,1,1,NULL,NULL,NULL,'mcam28',NULL,'--- !ruby/hash:ActiveSupport::HashWithIndifferentAccess\nanschaffungskategorie: AV-Technik\nreference: invoice\numzug: zgeln\nankunftszustand: intakt\n','2012-11-03 10:53:02','2012-11-03 10:53:02'),(99,'mcam29','mcam29',105,38,99,1,NULL,NULL,'2010-06-18','2012-11-03',NULL,NULL,'965.00',0,0,1,0,1,1,NULL,NULL,NULL,'mcam29',NULL,'--- !ruby/hash:ActiveSupport::HashWithIndifferentAccess\nanschaffungskategorie: AV-Technik\nreference: invoice\numzug: zgeln\nankunftszustand: intakt\n','2012-11-03 10:53:02','2012-11-03 10:53:02'),(100,'mcam30','mcam30',106,38,100,1,NULL,NULL,'2011-07-06','2012-11-03',NULL,NULL,'1248.00',0,0,1,0,1,1,NULL,NULL,NULL,'mcam30',NULL,'--- !ruby/hash:ActiveSupport::HashWithIndifferentAccess\nanschaffungskategorie: AV-Technik\nreference: invoice\numzug: zgeln\nankunftszustand: intakt\n','2012-11-03 10:53:02','2012-11-03 10:53:02'),(101,'hifi123','hifi123',107,38,101,1,NULL,NULL,'2011-11-09','2012-11-03',NULL,NULL,'13.00',0,0,1,0,1,1,NULL,NULL,NULL,NULL,NULL,'--- !ruby/hash:ActiveSupport::HashWithIndifferentAccess\nanschaffungskategorie: AV-Technik\nreference: invoice\numzug: zgeln\nankunftszustand: intakt\n','2012-11-03 10:53:02','2012-11-03 10:53:02'),(102,'tri789','fgh567',108,38,102,1,NULL,NULL,'2011-12-20','2012-11-03',NULL,NULL,'706.00',0,0,1,0,1,1,NULL,NULL,NULL,NULL,NULL,'--- !ruby/hash:ActiveSupport::HashWithIndifferentAccess\nanschaffungskategorie: AV-Technik\nreference: invoice\numzug: zgeln\nankunftszustand: intakt\n','2012-11-03 10:53:02','2012-11-03 10:53:02'),(103,'tri123','fgh987',108,38,103,1,NULL,NULL,'2009-06-01','2012-11-03',NULL,NULL,'1124.00',0,0,1,0,1,1,NULL,NULL,NULL,NULL,NULL,'--- !ruby/hash:ActiveSupport::HashWithIndifferentAccess\nanschaffungskategorie: AV-Technik\nreference: invoice\numzug: zgeln\nankunftszustand: intakt\n','2012-11-03 10:53:02','2012-11-03 10:53:02'),(104,'tri923','asd213',108,38,104,1,NULL,NULL,'2010-08-27','2012-11-03',NULL,NULL,'1348.00',0,0,1,0,1,1,NULL,NULL,NULL,NULL,NULL,'--- !ruby/hash:ActiveSupport::HashWithIndifferentAccess\nanschaffungskategorie: AV-Technik\nreference: invoice\numzug: zgeln\nankunftszustand: intakt\n','2012-11-03 10:53:02','2012-11-03 10:53:02'),(105,'tri212','tri212',108,38,105,1,NULL,NULL,'2010-07-09','2012-11-03',NULL,NULL,'1237.00',0,0,1,0,1,1,NULL,NULL,NULL,NULL,NULL,'--- !ruby/hash:ActiveSupport::HashWithIndifferentAccess\nanschaffungskategorie: AV-Technik\nreference: invoice\numzug: zgeln\nankunftszustand: intakt\n','2012-11-03 10:53:02','2012-11-03 10:53:02'),(106,'9wwvp8','qynvo1',110,38,106,1,NULL,NULL,'2007-07-13','2012-11-03',NULL,NULL,'694.00',0,0,1,0,1,1,NULL,NULL,NULL,NULL,NULL,'--- !ruby/hash:ActiveSupport::HashWithIndifferentAccess\nanschaffungskategorie: AV-Technik\nreference: invoice\numzug: zgeln\nankunftszustand: intakt\n','2012-11-03 10:53:02','2012-11-03 10:53:02'),(107,'59zomiu15rnl8fgjsb5g254','3c:2b:66:8b:f9:57-f2:e2:34:f3:fe:5a-15:58:83:81:86:26',111,39,107,1,NULL,NULL,'2011-09-08','2012-11-03',NULL,NULL,'406.00',0,0,1,0,1,1,NULL,NULL,NULL,NULL,NULL,'--- !ruby/hash:ActiveSupport::HashWithIndifferentAccess\nanschaffungskategorie: AV-Technik\nreference: invoice\numzug: zgeln\nankunftszustand: intakt\n','2012-11-03 10:53:02','2012-11-03 10:53:02'),(108,'a9jfh8lrafsmrw0x7o4k255','27:71:3d:43:90:d6-85:25:67:04:ea:a4-a3:b8:a5:1f:3c:b5',113,39,108,1,107,NULL,'2007-01-26','2012-11-03',NULL,NULL,'857.00',0,0,1,0,1,1,NULL,NULL,NULL,NULL,NULL,'--- !ruby/hash:ActiveSupport::HashWithIndifferentAccess\nanschaffungskategorie: AV-Technik\nreference: invoice\numzug: zgeln\nankunftszustand: intakt\n','2012-11-03 10:53:02','2012-11-03 10:53:02'),(109,'d35ewy6g3mt9lf7iugka256','e2:72:fe:3b:2e:b1-7d:2e:49:e8:74:ed-cd:44:06:18:bf:c9',114,39,109,1,107,NULL,'2010-09-08','2012-11-03',NULL,NULL,'822.00',0,0,1,0,1,1,NULL,NULL,NULL,NULL,NULL,'--- !ruby/hash:ActiveSupport::HashWithIndifferentAccess\nanschaffungskategorie: AV-Technik\nreference: invoice\numzug: zgeln\nankunftszustand: intakt\n','2012-11-03 10:53:02','2012-11-03 10:53:02'),(110,'emsgt8gnow4k6gncztfu257','aa:d7:77:1c:d6:49-6a:a7:d8:56:b1:ae-0d:5f:88:1e:9b:7b',115,39,110,1,107,NULL,'2007-01-26','2012-11-03',NULL,NULL,'130.00',0,0,1,0,1,1,NULL,NULL,NULL,NULL,NULL,'--- !ruby/hash:ActiveSupport::HashWithIndifferentAccess\nanschaffungskategorie: AV-Technik\nreference: invoice\numzug: zgeln\nankunftszustand: intakt\n','2012-11-03 10:53:02','2012-11-03 10:53:02'),(111,'cm8ron6j1ooc0vlti3oc258','a2:eb:72:ee:3c:c5-6f:47:43:e6:6e:41-de:f3:99:dd:80:de',111,43,111,1,NULL,NULL,'2010-02-16','2012-11-03',NULL,NULL,'191.00',0,0,1,0,1,1,NULL,NULL,NULL,NULL,NULL,'--- !ruby/hash:ActiveSupport::HashWithIndifferentAccess\nanschaffungskategorie: AV-Technik\nreference: invoice\numzug: zgeln\nankunftszustand: intakt\n','2012-11-03 10:53:02','2012-11-03 10:53:02'),(112,'3l095pzaxu23ojief2wd259','e6:2a:6c:c7:61:34-96:2a:84:92:a0:e7-cc:55:1f:a7:e7:0c',117,43,112,1,111,NULL,'2010-12-05','2012-11-03',NULL,NULL,'1060.00',0,0,1,0,1,1,NULL,NULL,NULL,NULL,NULL,'--- !ruby/hash:ActiveSupport::HashWithIndifferentAccess\nanschaffungskategorie: AV-Technik\nreference: invoice\numzug: zgeln\nankunftszustand: intakt\n','2012-11-03 10:53:02','2012-11-03 10:53:02'),(113,'n3miutn21hfhhno3cxmj260','22:c8:fc:fa:3d:a8-89:55:89:8f:c9:bb-c7:f5:b3:8d:d6:36',118,43,113,1,111,NULL,'2008-06-30','2012-11-03',NULL,NULL,'68.00',0,0,1,0,1,1,NULL,NULL,NULL,NULL,NULL,'--- !ruby/hash:ActiveSupport::HashWithIndifferentAccess\nanschaffungskategorie: AV-Technik\nreference: invoice\numzug: zgeln\nankunftszustand: intakt\n','2012-11-03 10:53:02','2012-11-03 10:53:02'),(114,'1k19xiccm04x6jsgp5d5261','79:de:1d:5e:f3:45-f1:18:95:5a:ba:cc-0c:0d:55:3d:d4:90',119,43,114,1,111,NULL,'2009-07-26','2012-11-03',NULL,NULL,'1209.00',0,0,1,0,1,1,NULL,NULL,NULL,NULL,NULL,'--- !ruby/hash:ActiveSupport::HashWithIndifferentAccess\nanschaffungskategorie: AV-Technik\nreference: invoice\numzug: zgeln\nankunftszustand: intakt\n','2012-11-03 10:53:02','2012-11-03 10:53:02'),(115,'ysq6ja9uwrsdyb8kxwjb262','ed:1c:18:0e:59:59-84:e3:ed:27:5f:9b-f9:52:ba:30:76:96',111,47,115,1,NULL,NULL,'2010-03-01','2012-11-03',NULL,NULL,'1090.00',0,0,1,0,1,1,NULL,NULL,NULL,NULL,NULL,'--- !ruby/hash:ActiveSupport::HashWithIndifferentAccess\nanschaffungskategorie: AV-Technik\nreference: invoice\numzug: zgeln\nankunftszustand: intakt\n','2012-11-03 10:53:02','2012-11-03 10:53:02'),(116,'d5fqe5txqqczg3v6sf6q263','18:ad:90:f8:3b:63-1c:aa:86:78:ad:13-be:cf:12:9e:60:23',121,47,116,1,115,NULL,'2009-05-13','2012-11-03',NULL,NULL,'1053.00',0,0,1,0,1,1,NULL,NULL,NULL,NULL,NULL,'--- !ruby/hash:ActiveSupport::HashWithIndifferentAccess\nanschaffungskategorie: AV-Technik\nreference: invoice\numzug: zgeln\nankunftszustand: intakt\n','2012-11-03 10:53:02','2012-11-03 10:53:02'),(117,'8pkhr7xtfwhff42qj7da264','bb:c3:7d:f2:06:2c-cb:a8:ab:42:fa:2b-e7:16:62:79:4c:08',122,47,117,1,115,NULL,'2009-10-07','2012-11-03',NULL,NULL,'1489.00',0,0,1,0,1,1,NULL,NULL,NULL,NULL,NULL,'--- !ruby/hash:ActiveSupport::HashWithIndifferentAccess\nanschaffungskategorie: AV-Technik\nreference: invoice\numzug: zgeln\nankunftszustand: intakt\n','2012-11-03 10:53:02','2012-11-03 10:53:02'),(118,'71aphuge3n6uvmddcl4j265','8e:fa:e1:1d:f2:c1-ef:f2:1d:33:54:a2-1c:66:80:1e:e7:de',123,47,118,1,115,NULL,'2007-06-23','2012-11-03',NULL,NULL,'1419.00',0,0,1,0,1,1,NULL,NULL,NULL,NULL,NULL,'--- !ruby/hash:ActiveSupport::HashWithIndifferentAccess\nanschaffungskategorie: AV-Technik\nreference: invoice\numzug: zgeln\nankunftszustand: intakt\n','2012-11-03 10:53:02','2012-11-03 10:53:02'),(119,'jyt69hd97i7dsr4a0i1j266','d6:d0:88:9b:09:3f-6f:87:36:09:7e:d3-9c:b4:59:b0:ea:c1',124,51,119,1,NULL,NULL,'2009-10-08','2012-11-03',NULL,NULL,'20.00',0,0,1,0,1,1,NULL,NULL,NULL,NULL,NULL,'--- !ruby/hash:ActiveSupport::HashWithIndifferentAccess\nanschaffungskategorie: AV-Technik\nreference: invoice\numzug: zgeln\nankunftszustand: intakt\n','2012-11-03 10:53:02','2012-11-03 10:53:02'),(120,'rq4smwy9v68dgtmo6bby267','f4:a8:57:a4:2f:7e-f8:21:06:b5:01:60-b1:e6:06:cd:88:0e',126,51,120,1,119,NULL,'2011-07-11','2012-11-03',NULL,NULL,'1194.00',0,0,1,0,1,1,NULL,NULL,NULL,NULL,NULL,'--- !ruby/hash:ActiveSupport::HashWithIndifferentAccess\nanschaffungskategorie: AV-Technik\nreference: invoice\numzug: zgeln\nankunftszustand: intakt\n','2012-11-03 10:53:02','2012-11-03 10:53:02'),(121,'nqoj5w4u5jpk4j29pt6t268','3a:28:7c:5e:74:94-44:91:13:21:64:c7-e1:19:42:84:ea:cc',127,51,121,1,119,NULL,'2007-11-23','2012-11-03',NULL,NULL,'588.00',0,0,1,0,1,1,NULL,NULL,NULL,NULL,NULL,'--- !ruby/hash:ActiveSupport::HashWithIndifferentAccess\nanschaffungskategorie: AV-Technik\nreference: invoice\numzug: zgeln\nankunftszustand: intakt\n','2012-11-03 10:53:02','2012-11-03 10:53:02'),(122,'k59f4l33m6pr3s2hwlzh269','26:60:b3:ad:fa:c4-8a:2d:44:a2:e5:a2-ad:0b:54:9c:9f:21',128,51,122,1,119,NULL,'2011-12-24','2012-11-03',NULL,NULL,'148.00',0,0,1,0,1,1,NULL,NULL,NULL,NULL,NULL,'--- !ruby/hash:ActiveSupport::HashWithIndifferentAccess\nanschaffungskategorie: AV-Technik\nreference: invoice\numzug: zgeln\nankunftszustand: intakt\n','2012-11-03 10:53:02','2012-11-03 10:53:02'),(123,'u0bbfw5g52urxbh68mux270','72:bb:48:a8:21:1d-86:35:fb:7e:de:32-22:cf:fa:66:c9:2f',124,55,123,1,NULL,NULL,'2011-06-02','2012-11-03',NULL,NULL,'1404.00',0,0,1,0,1,1,NULL,NULL,NULL,NULL,NULL,'--- !ruby/hash:ActiveSupport::HashWithIndifferentAccess\nanschaffungskategorie: AV-Technik\nreference: invoice\numzug: zgeln\nankunftszustand: intakt\n','2012-11-03 10:53:02','2012-11-03 10:53:02'),(124,'568g8vv0vcwn0uwdadma271','d4:73:81:bf:4f:db-4e:7c:b7:9b:af:3e-c0:ab:1d:ae:40:48',130,55,124,1,123,NULL,'2009-04-20','2012-11-03',NULL,NULL,'790.00',0,0,1,0,1,1,NULL,NULL,NULL,NULL,NULL,'--- !ruby/hash:ActiveSupport::HashWithIndifferentAccess\nanschaffungskategorie: AV-Technik\nreference: invoice\numzug: zgeln\nankunftszustand: intakt\n','2012-11-03 10:53:02','2012-11-03 10:53:02'),(125,'pebzswhv9r2hr4qhzltq272','ca:1c:a1:7c:a5:db-d9:d5:44:e5:69:bf-da:cf:01:f7:6c:50',131,55,125,1,123,NULL,'2010-03-25','2012-11-03',NULL,NULL,'620.00',0,0,1,0,1,1,NULL,NULL,NULL,NULL,NULL,'--- !ruby/hash:ActiveSupport::HashWithIndifferentAccess\nanschaffungskategorie: AV-Technik\nreference: invoice\numzug: zgeln\nankunftszustand: intakt\n','2012-11-03 10:53:02','2012-11-03 10:53:02'),(126,'2q7omqrxw6r1ww7hv0px273','59:7c:ce:1a:0e:42-04:1d:cf:ab:fd:db-bc:46:77:46:dd:09',132,55,126,1,123,NULL,'2010-05-24','2012-11-03',NULL,NULL,'1218.00',0,0,1,0,1,1,NULL,NULL,NULL,NULL,NULL,'--- !ruby/hash:ActiveSupport::HashWithIndifferentAccess\nanschaffungskategorie: AV-Technik\nreference: invoice\numzug: zgeln\nankunftszustand: intakt\n','2012-11-03 10:53:02','2012-11-03 10:53:02'),(127,'j4wu4b4kxlvpb45gqluz274','39:f8:3a:9e:8b:15-4e:6c:a0:b8:fa:55-df:49:45:85:6a:60',124,59,127,1,NULL,NULL,'2011-10-19','2012-11-03',NULL,NULL,'513.00',0,0,1,0,1,1,NULL,NULL,NULL,NULL,NULL,'--- !ruby/hash:ActiveSupport::HashWithIndifferentAccess\nanschaffungskategorie: AV-Technik\nreference: invoice\numzug: zgeln\nankunftszustand: intakt\n','2012-11-03 10:53:02','2012-11-03 10:53:02'),(128,'cb72gyt6dcm2qqngs55g275','46:bf:1d:6d:a8:41-ac:de:ee:aa:19:c9-a1:b8:56:93:58:ef',134,59,128,1,127,NULL,'2011-02-12','2012-11-03',NULL,NULL,'222.00',0,0,1,0,1,1,NULL,NULL,NULL,NULL,NULL,'--- !ruby/hash:ActiveSupport::HashWithIndifferentAccess\nanschaffungskategorie: AV-Technik\nreference: invoice\numzug: zgeln\nankunftszustand: intakt\n','2012-11-03 10:53:02','2012-11-03 10:53:02'),(129,'0pzawx4t2wayem9ggdsf276','5a:83:f4:a5:af:6d-72:5e:1e:76:b9:3d-a7:47:2b:b7:0d:8d',135,59,129,1,127,NULL,'2009-02-14','2012-11-03',NULL,NULL,'1155.00',0,0,1,0,1,1,NULL,NULL,NULL,NULL,NULL,'--- !ruby/hash:ActiveSupport::HashWithIndifferentAccess\nanschaffungskategorie: AV-Technik\nreference: invoice\numzug: zgeln\nankunftszustand: intakt\n','2012-11-03 10:53:02','2012-11-03 10:53:02'),(130,'pt252n3gb5ngv80b5mez277','98:20:a3:cf:b7:67-fc:bf:14:91:b3:bf-9b:9b:7c:fd:5b:d7',136,59,130,1,127,NULL,'2011-10-09','2012-11-03',NULL,NULL,'1108.00',0,0,1,0,1,1,NULL,NULL,NULL,NULL,NULL,'--- !ruby/hash:ActiveSupport::HashWithIndifferentAccess\nanschaffungskategorie: AV-Technik\nreference: invoice\numzug: zgeln\nankunftszustand: intakt\n','2012-11-03 10:53:02','2012-11-03 10:53:02'),(131,'y23bawgky85o9zglfu0f278','3e:d7:c7:b4:30:1f-08:da:f5:ad:35:3e-89:4a:8b:d4:6e:50',111,63,131,2,NULL,NULL,'2011-09-04','2012-11-03',NULL,NULL,'964.00',0,0,1,0,2,1,NULL,NULL,NULL,NULL,NULL,'--- !ruby/hash:ActiveSupport::HashWithIndifferentAccess\nanschaffungskategorie: AV-Technik\nreference: invoice\numzug: zgeln\nankunftszustand: intakt\n','2012-11-03 10:53:02','2012-11-03 10:53:02'),(132,'tubg8aeboy8tb8szq9r6279','ec:1e:03:bd:ba:ee-dd:01:48:54:3a:28-35:c7:71:a3:bd:0b',138,63,132,2,131,NULL,'2010-11-30','2012-11-03',NULL,NULL,'406.00',0,0,1,0,2,1,NULL,NULL,NULL,NULL,NULL,'--- !ruby/hash:ActiveSupport::HashWithIndifferentAccess\nanschaffungskategorie: AV-Technik\nreference: invoice\numzug: zgeln\nankunftszustand: intakt\n','2012-11-03 10:53:02','2012-11-03 10:53:02'),(133,'et94z6q2g7n23wfbxt99280','a2:29:7a:18:62:ea-75:59:97:0b:49:28-67:47:7a:59:f3:f8',139,63,133,2,131,NULL,'2010-07-22','2012-11-03',NULL,NULL,'1010.00',0,0,1,0,2,1,NULL,NULL,NULL,NULL,NULL,'--- !ruby/hash:ActiveSupport::HashWithIndifferentAccess\nanschaffungskategorie: AV-Technik\nreference: invoice\numzug: zgeln\nankunftszustand: intakt\n','2012-11-03 10:53:02','2012-11-03 10:53:02'),(134,'s6ukd6q2xcvkmlt7tf71281','e2:17:f3:9d:5d:3f-ff:ad:c8:3f:2c:a0-07:3a:59:81:7f:a9',140,63,134,2,131,NULL,'2007-02-05','2012-11-03',NULL,NULL,'1067.00',0,0,1,0,2,1,NULL,NULL,NULL,NULL,NULL,'--- !ruby/hash:ActiveSupport::HashWithIndifferentAccess\nanschaffungskategorie: AV-Technik\nreference: invoice\numzug: zgeln\nankunftszustand: intakt\n','2012-11-03 10:53:02','2012-11-03 10:53:02'),(135,'cand5','cand5',76,38,135,1,NULL,NULL,'2010-05-30','2012-11-03',NULL,NULL,'71.00',0,0,0,0,1,1,NULL,NULL,NULL,NULL,NULL,'--- !ruby/hash:ActiveSupport::HashWithIndifferentAccess\nanschaffungskategorie: AV-Technik\nreference: invoice\numzug: zgeln\nankunftszustand: intakt\n','2012-11-03 10:53:02','2012-11-03 10:53:02'),(136,'beam21231','beamas12312',50,38,136,1,NULL,NULL,'2008-02-03','2012-11-03',NULL,NULL,'676.00',0,0,0,0,1,1,NULL,NULL,NULL,NULL,NULL,'--- !ruby/hash:ActiveSupport::HashWithIndifferentAccess\nanschaffungskategorie: AV-Technik\nreference: invoice\numzug: zgeln\nankunftszustand: intakt\n','2012-11-03 10:53:02','2012-11-03 10:53:02'),(137,'hifi345','hifi345',107,38,137,1,NULL,NULL,'2010-02-11','2012-11-03',NULL,NULL,'504.00',0,0,0,0,1,1,NULL,NULL,NULL,NULL,NULL,'--- !ruby/hash:ActiveSupport::HashWithIndifferentAccess\nanschaffungskategorie: AV-Technik\nreference: invoice\numzug: zgeln\nankunftszustand: intakt\n','2012-11-03 10:53:02','2012-11-03 10:53:02'),(138,'iMac1','iMac5',142,38,138,1,NULL,NULL,'2008-10-10','2012-11-03','2012-11-03','This Item is gone','1348.00',0,0,1,0,1,1,NULL,NULL,NULL,NULL,NULL,'--- !ruby/hash:ActiveSupport::HashWithIndifferentAccess\nanschaffungskategorie: AV-Technik\nreference: invoice\numzug: zgeln\nankunftszustand: intakt\n','2012-11-03 10:53:02','2012-11-03 10:53:02'),(139,'iMac2','iMac6',142,38,139,3,NULL,NULL,'2009-06-02','2012-11-03','2012-11-03','This Item is gone','417.00',0,0,1,0,1,1,NULL,NULL,NULL,NULL,NULL,'--- !ruby/hash:ActiveSupport::HashWithIndifferentAccess\nanschaffungskategorie: AV-Technik\nreference: invoice\numzug: zgeln\nankunftszustand: intakt\n','2012-11-03 10:53:02','2012-11-03 10:53:02'),(140,'44b2oc','l427sv',109,38,140,1,NULL,NULL,'2007-10-29','2012-11-03','2012-11-03','This Item is gone','1425.00',0,0,1,0,1,1,NULL,NULL,NULL,NULL,NULL,'--- !ruby/hash:ActiveSupport::HashWithIndifferentAccess\nanschaffungskategorie: AV-Technik\nreference: invoice\numzug: zgeln\nankunftszustand: intakt\n','2012-11-03 10:53:02','2012-11-03 10:53:02'),(141,'xawzn5','i48ua5',109,38,141,1,NULL,NULL,'2007-09-10','2012-11-03',NULL,NULL,'801.00',0,0,1,0,1,1,NULL,NULL,NULL,NULL,NULL,'--- !ruby/hash:ActiveSupport::HashWithIndifferentAccess\nanschaffungskategorie: AV-Technik\nreference: invoice\numzug: zgeln\nankunftszustand: intakt\n','2012-11-03 10:53:02','2012-11-03 10:53:02'),(142,'wlaptop1','wlaptop1',143,38,142,1,NULL,NULL,'2007-09-08','2012-11-03',NULL,NULL,'1141.00',1,0,1,0,1,1,NULL,NULL,NULL,NULL,NULL,'--- !ruby/hash:ActiveSupport::HashWithIndifferentAccess\nanschaffungskategorie: AV-Technik\nreference: invoice\numzug: zgeln\nankunftszustand: intakt\n','2012-11-03 10:53:02','2012-11-03 10:53:02'),(143,'v120d02','v120d02',144,38,143,1,NULL,NULL,'2008-04-12','2012-11-03',NULL,NULL,'793.00',0,1,1,0,1,1,NULL,NULL,NULL,NULL,NULL,'--- !ruby/hash:ActiveSupport::HashWithIndifferentAccess\nanschaffungskategorie: AV-Technik\nreference: invoice\numzug: zgeln\nankunftszustand: intakt\n','2012-11-03 10:53:02','2012-11-03 10:53:02'),(144,'2wwq4jvzc2hw6doqgnp8282','50:be:cd:bd:55:41-98:f6:b5:d3:2f:8b-15:de:37:b2:4f:1a',144,67,144,1,NULL,NULL,'2010-03-20','2012-11-03','2012-11-03','Est aut non aut doloremque voluptatem qui quis voluptatem.','1325.00',1,1,0,0,1,1,NULL,NULL,NULL,NULL,NULL,'--- !ruby/hash:ActiveSupport::HashWithIndifferentAccess\nanschaffungskategorie: AV-Technik\nreference: invoice\numzug: zgeln\nankunftszustand: intakt\n','2012-11-03 10:53:02','2012-11-03 10:53:02'),(145,'v120d022g','v120d022g',145,38,145,1,NULL,NULL,'2010-09-16','2012-11-03',NULL,NULL,'1071.00',0,0,1,0,1,1,NULL,NULL,NULL,NULL,NULL,'--- !ruby/hash:ActiveSupport::HashWithIndifferentAccess\nanschaffungskategorie: AV-Technik\nreference: invoice\numzug: zgeln\nankunftszustand: intakt\n','2012-11-03 10:53:02','2012-11-03 10:53:02'),(146,'v120d022g2','v120d022g2',145,38,146,1,NULL,NULL,'2008-01-24','2012-11-03',NULL,NULL,'687.00',0,0,1,0,1,1,NULL,NULL,NULL,NULL,NULL,'--- !ruby/hash:ActiveSupport::HashWithIndifferentAccess\nanschaffungskategorie: AV-Technik\nreference: invoice\numzug: zgeln\nankunftszustand: intakt\n','2012-11-03 10:53:02','2012-11-03 10:53:02'),(147,'beam897','xyz890',50,38,147,1,NULL,NULL,'2011-05-20','2012-11-03',NULL,NULL,'1415.00',0,0,1,0,2,1,NULL,NULL,NULL,NULL,NULL,'--- !ruby/hash:ActiveSupport::HashWithIndifferentAccess\nanschaffungskategorie: AV-Technik\nreference: invoice\numzug: zgeln\nankunftszustand: intakt\n','2012-11-03 10:53:02','2012-11-03 10:53:02'),(148,'minibeam12','xyz890',52,38,148,1,NULL,NULL,'2007-02-27','2012-11-03',NULL,NULL,'848.00',0,0,1,0,2,1,NULL,NULL,NULL,NULL,NULL,'--- !ruby/hash:ActiveSupport::HashWithIndifferentAccess\nanschaffungskategorie: AV-Technik\nreference: invoice\numzug: zgeln\nankunftszustand: intakt\n','2012-11-03 10:53:02','2012-11-03 10:53:02'),(149,'minibeam34','xyz890',52,38,149,1,NULL,NULL,'2008-11-06','2012-11-03',NULL,NULL,'1372.00',0,0,1,0,3,1,NULL,NULL,NULL,NULL,NULL,'--- !ruby/hash:ActiveSupport::HashWithIndifferentAccess\nanschaffungskategorie: AV-Technik\nreference: invoice\numzug: zgeln\nankunftszustand: intakt\n','2012-11-03 10:53:02','2012-11-03 10:53:02'),(150,'qeqayntogv364lakkohy283','c5:52:28:e8:3d:c5-1c:eb:92:fc:25:48-53:81:a5:95:d3:4c',147,NULL,NULL,1,NULL,NULL,NULL,NULL,NULL,NULL,NULL,0,0,0,0,1,0,NULL,NULL,NULL,NULL,NULL,'--- !ruby/hash:ActiveSupport::HashWithIndifferentAccess\nlicense_type: single_workplace\nactivation_type: serial_number\noperating_system:\n- windows\n- linux\ninstallation:\n- citrix\n- web\nreference: invoice\nmaintenance_contract: \'false\'\n','2012-11-03 10:53:02','2012-11-03 10:53:02'),(151,'5u056lnpt86ml6rt8fd8284','8b:1a:f1:52:86:3e-69:8a:e2:08:b2:e4-19:90:e1:c4:e5:ff',148,NULL,NULL,1,NULL,NULL,NULL,NULL,NULL,NULL,NULL,0,0,1,0,1,0,NULL,NULL,NULL,NULL,NULL,'--- !ruby/hash:ActiveSupport::HashWithIndifferentAccess\nlicense_type: single_workplace\nactivation_type: serial_number\noperating_system:\n- windows\n- linux\ninstallation:\n- citrix\n- web\nreference: invoice\nmaintenance_contract: \'false\'\n','2012-11-03 10:53:02','2012-11-03 10:53:02'),(152,'tiv0g500mw85z8ok5rfp285','25:eb:c8:70:d1:0c-3c:e7:7c:17:b1:b5-3b:dd:41:04:bd:3d',149,NULL,NULL,1,NULL,NULL,NULL,NULL,NULL,NULL,NULL,0,0,0,0,1,0,NULL,NULL,NULL,NULL,NULL,'--- !ruby/hash:ActiveSupport::HashWithIndifferentAccess\nlicense_type: single_workplace\nactivation_type: serial_number\noperating_system:\n- windows\n- linux\ninstallation:\n- citrix\n- web\nreference: invoice\nmaintenance_contract: \'false\'\n','2012-11-03 10:53:02','2012-11-03 10:53:02'),(153,'erum4eciy6gciztxswfp286','e7:0d:87:c1:7e:c4-a4:28:a6:fb:f0:7f-07:0a:c2:05:75:57',150,NULL,NULL,1,NULL,NULL,NULL,NULL,NULL,NULL,NULL,0,0,1,0,2,0,NULL,NULL,NULL,NULL,NULL,'--- !ruby/hash:ActiveSupport::HashWithIndifferentAccess\nlicense_type: single_workplace\nactivation_type: serial_number\noperating_system:\n- windows\n- linux\ninstallation:\n- citrix\n- web\nreference: invoice\nmaintenance_contract: \'false\'\n','2012-11-03 10:53:02','2012-11-03 10:53:02'),(154,'7lmj6yfeysc97nkm7hmn287','a4:4b:a4:00:64:8b-da:25:72:be:bc:d4-d0:72:6f:5c:39:24',151,NULL,NULL,1,NULL,NULL,NULL,NULL,'2012-11-03','Nesciunt nulla aut sapiente quibusdam.',NULL,0,0,0,0,1,0,NULL,NULL,NULL,NULL,NULL,'--- !ruby/hash:ActiveSupport::HashWithIndifferentAccess\nlicense_type: single_workplace\nactivation_type: serial_number\noperating_system:\n- windows\n- linux\ninstallation:\n- citrix\n- web\nprocured_by: Brody Purdy\nreference: invoice\nmaintenance_contract: \'false\'\n','2012-11-03 10:53:02','2012-11-03 10:53:02'),(155,'2jpqbvf7rcykdoxdwlkk288','5b:67:1b:bf:ec:13-1c:b2:5c:f7:8a:69-c5:51:bc:f3:f4:c7',152,NULL,NULL,2,NULL,NULL,NULL,NULL,'2012-11-03','Perferendis vel dicta voluptates quibusdam aut recusandae.',NULL,0,0,1,0,1,0,NULL,NULL,NULL,NULL,NULL,'--- !ruby/hash:ActiveSupport::HashWithIndifferentAccess\nlicense_type: single_workplace\nactivation_type: serial_number\noperating_system:\n- windows\n- linux\ninstallation:\n- citrix\n- web\nreference: invoice\nmaintenance_contract: \'false\'\n','2012-11-03 10:53:02','2012-11-03 10:53:02'),(156,'60ukoihsxjkwym7o0fid289','fb:68:d3:84:b8:bf-69:72:43:47:57:68-63:6f:c5:3d:ef:c7',153,NULL,NULL,2,NULL,NULL,NULL,NULL,NULL,NULL,NULL,0,0,1,0,2,0,NULL,NULL,NULL,NULL,NULL,'--- !ruby/hash:ActiveSupport::HashWithIndifferentAccess\nlicense_type: single_workplace\nactivation_type: serial_number\noperating_system:\n- windows\n- linux\ninstallation:\n- citrix\n- web\nprocured_by: Golda Aufderhar\nreference: invoice\nmaintenance_contract: \'false\'\n','2012-11-03 10:53:02','2012-11-03 10:53:02'),(157,'5m4s865ph95j6g924pbl290','1d:69:8d:20:15:99-d3:14:c0:09:19:7b-a2:67:af:06:4d:4d',154,NULL,NULL,1,NULL,NULL,'2012-11-03',NULL,NULL,NULL,NULL,0,0,0,0,1,0,NULL,NULL,NULL,NULL,NULL,'--- !ruby/hash:ActiveSupport::HashWithIndifferentAccess\nlicense_expiration: \'2012-11-03\'\nmaintenance_contract: \'true\'\nmaintenance_expiration: \'2012-11-03\'\nreference: invoice\nactivation_type: none\nlicense_type: free\n','2012-11-03 10:53:02','2012-11-03 10:53:02'),(158,'joe2ike2h1un7527vrcy291','42:72:ae:4d:f7:dc-9c:9c:cb:bc:be:85-a9:a5:c4:bd:42:75',155,NULL,NULL,1,NULL,NULL,NULL,NULL,NULL,NULL,NULL,0,0,0,0,1,0,NULL,NULL,NULL,NULL,NULL,'--- !ruby/hash:ActiveSupport::HashWithIndifferentAccess\nquantity_allocations:\n- !ruby/hash:ActiveSupport::HashWithIndifferentAccess\n  room: repellat\n  quantity: 2\n- !ruby/hash:ActiveSupport::HashWithIndifferentAccess\n  room: dolor\n  quantity: 50\nreference: invoice\nactivation_type: none\nlicense_type: free\nmaintenance_contract: \'false\'\n','2012-11-03 10:53:02','2012-11-03 10:53:02'),(159,'fpf13gnkcxz9lsswwuwe292','aa:61:1f:c6:f1:5b-26:09:35:2a:94:96-67:9b:88:9c:ae:79',157,NULL,NULL,1,NULL,NULL,NULL,NULL,NULL,NULL,NULL,0,0,0,0,1,0,NULL,NULL,NULL,NULL,NULL,'--- !ruby/hash:ActiveSupport::HashWithIndifferentAccess\noperating_system:\n- windows\n- linux\nlicense_type: site_license\ntotal_quantity: 82\nquantity_allocations:\n- !ruby/hash:ActiveSupport::HashWithIndifferentAccess\n  room: incidunt\n  quantity: 5\n- !ruby/hash:ActiveSupport::HashWithIndifferentAccess\n  room: eos\n  quantity: 2\nreference: invoice\nactivation_type: none\nmaintenance_contract: \'false\'\n','2012-11-03 10:53:02','2012-11-03 10:53:02'),(160,'ghsuvxynpmd4idqfdw6o293','4e:25:21:8c:62:eb-8f:d1:b8:27:91:ea-c3:79:29:b0:ad:2c',159,68,150,10,NULL,NULL,'2008-08-08','2012-10-30',NULL,NULL,'576.00',0,0,1,0,1,1,NULL,NULL,NULL,NULL,NULL,'--- !ruby/hash:ActiveSupport::HashWithIndifferentAccess\nanschaffungskategorie: AV-Technik\nreference: invoice\numzug: zgeln\nankunftszustand: intakt\n','2012-10-30 21:10:59','2012-10-30 21:10:59'),(161,'2odsm0xtazm3hsj5vvus294','35:3c:3b:7d:aa:1f-a0:a8:4e:77:a8:e4-0a:eb:ea:8d:1d:5a',160,69,151,5,NULL,NULL,'2010-05-24','2012-10-30',NULL,NULL,'858.00',0,0,1,0,1,1,NULL,NULL,NULL,NULL,NULL,'--- !ruby/hash:ActiveSupport::HashWithIndifferentAccess\nanschaffungskategorie: AV-Technik\nreference: invoice\numzug: zgeln\nankunftszustand: intakt\n','2012-10-30 21:10:59','2012-10-30 21:10:59'),(162,'1k7i70pv4vd7o42jj02b295','9f:57:b4:eb:13:ab-f5:79:c3:e1:16:d9-f7:58:96:ce:ae:66',161,70,152,5,NULL,NULL,'2011-08-15','2012-10-30',NULL,NULL,'732.00',0,0,1,0,1,1,NULL,NULL,NULL,NULL,NULL,'--- !ruby/hash:ActiveSupport::HashWithIndifferentAccess\nanschaffungskategorie: AV-Technik\nreference: invoice\numzug: zgeln\nankunftszustand: intakt\n','2012-10-30 21:10:59','2012-10-30 21:10:59'),(163,'jqsavb7wr7zmsonka3ud296','f1:a3:2a:0d:61:fe-4e:01:77:ac:5b:05-22:0c:0c:de:75:d0',162,71,153,10,NULL,NULL,'2007-06-30','2012-10-30',NULL,NULL,'1206.00',0,0,1,0,1,1,NULL,NULL,NULL,NULL,NULL,'--- !ruby/hash:ActiveSupport::HashWithIndifferentAccess\nanschaffungskategorie: AV-Technik\nreference: invoice\numzug: zgeln\nankunftszustand: intakt\n','2012-10-30 21:10:59','2012-10-30 21:10:59'),(164,'xkz0x73or1oyp8e04ry1297','36:8c:e2:b6:8d:05-ac:0f:4a:e9:35:ef-25:35:97:29:00:57',163,72,154,7,NULL,NULL,'2010-03-13','2012-10-30',NULL,NULL,'1062.00',0,0,1,0,1,1,NULL,NULL,NULL,NULL,NULL,'--- !ruby/hash:ActiveSupport::HashWithIndifferentAccess\nanschaffungskategorie: AV-Technik\nreference: invoice\numzug: zgeln\nankunftszustand: intakt\n','2012-10-30 21:10:59','2012-10-30 21:10:59'),(165,'qegngctyvoeosxqks8yb298','05:74:94:7a:55:d2-7f:b6:c5:b9:39:42-2b:8e:de:86:17:03',164,73,155,2,NULL,NULL,'2011-03-02','2012-10-30',NULL,NULL,'1167.00',0,0,1,0,1,1,NULL,NULL,NULL,NULL,NULL,'--- !ruby/hash:ActiveSupport::HashWithIndifferentAccess\nanschaffungskategorie: AV-Technik\nreference: invoice\numzug: zgeln\nankunftszustand: intakt\n','2012-10-30 21:10:59','2012-10-30 21:10:59'),(166,'vv6msqczz6ku7wichrrs299','48:7c:53:82:c0:ea-bd:b5:bf:a6:c9:5f-8a:45:48:66:be:bd',164,74,156,1,NULL,NULL,'2011-08-07','2012-10-30',NULL,NULL,'852.00',0,0,1,0,1,1,NULL,NULL,NULL,NULL,NULL,'--- !ruby/hash:ActiveSupport::HashWithIndifferentAccess\nanschaffungskategorie: AV-Technik\nreference: invoice\numzug: zgeln\nankunftszustand: intakt\n','2012-10-30 21:10:59','2012-10-30 21:10:59'),(167,'zkmw7fq5vusou8u522jz300','69:2a:b5:9c:a8:28-73:b9:e2:a1:77:a6-32:ea:20:b2:9b:07',164,75,157,5,NULL,NULL,'2011-02-23','2012-10-30',NULL,NULL,'1008.00',0,0,1,0,1,1,NULL,NULL,NULL,NULL,NULL,'--- !ruby/hash:ActiveSupport::HashWithIndifferentAccess\nanschaffungskategorie: AV-Technik\nreference: invoice\numzug: zgeln\nankunftszustand: intakt\n','2012-10-30 21:10:59','2012-10-30 21:10:59'),(168,'ngb9727730wynqikbcf0301','42:b0:fe:19:fe:60-93:72:5a:f2:c7:92-89:af:0d:93:a3:b6',168,76,158,9,NULL,NULL,'2010-12-11','2012-10-30',NULL,NULL,'301.00',0,0,1,0,1,1,NULL,NULL,NULL,NULL,NULL,'--- !ruby/hash:ActiveSupport::HashWithIndifferentAccess\nanschaffungskategorie: AV-Technik\nreference: invoice\numzug: zgeln\nankunftszustand: intakt\n','2012-10-30 21:10:59','2012-10-30 21:10:59'),(169,'gji97ejq3spcgqh4lga2302','b5:db:8f:8a:53:49-48:f7:0b:68:d5:05-4a:b8:43:8b:71:23',169,77,159,10,NULL,NULL,'2011-07-09','2012-10-30',NULL,NULL,'1128.00',0,0,1,0,1,1,NULL,NULL,NULL,NULL,NULL,'--- !ruby/hash:ActiveSupport::HashWithIndifferentAccess\nanschaffungskategorie: AV-Technik\nreference: invoice\numzug: zgeln\nankunftszustand: intakt\n','2012-10-30 21:10:59','2012-10-30 21:10:59'),(170,'3nxr3ng5qi46ic739sev303','29:d2:e1:3c:b3:8f-c1:28:66:5d:8b:5a-1c:f2:0e:cb:fa:1b',170,78,160,11,NULL,NULL,'2007-08-08','2012-10-30',NULL,NULL,'109.00',0,0,1,0,1,1,NULL,NULL,NULL,NULL,NULL,'--- !ruby/hash:ActiveSupport::HashWithIndifferentAccess\nanschaffungskategorie: AV-Technik\nreference: invoice\numzug: zgeln\nankunftszustand: intakt\n','2012-10-30 21:10:59','2012-10-30 21:10:59'),(171,'v0aygyh1nwhsi0x3mazr304','d7:81:96:80:1b:3d-7b:89:81:23:d6:68-1a:d2:66:17:af:3b',171,79,161,9,NULL,NULL,'2008-04-08','2012-10-30',NULL,NULL,'769.00',0,0,1,0,1,1,NULL,NULL,NULL,NULL,NULL,'--- !ruby/hash:ActiveSupport::HashWithIndifferentAccess\nanschaffungskategorie: AV-Technik\nreference: invoice\numzug: zgeln\nankunftszustand: intakt\n','2012-10-30 21:10:59','2012-10-30 21:10:59'),(172,'7v67dgctt06ir4hhjb4d305','e4:eb:c6:42:ae:cc-d9:af:2d:98:4a:22-6b:b3:30:89:4c:1a',172,80,162,10,NULL,NULL,'2007-02-16','2012-10-30',NULL,NULL,'470.00',0,0,1,0,1,1,NULL,NULL,NULL,NULL,NULL,'--- !ruby/hash:ActiveSupport::HashWithIndifferentAccess\nanschaffungskategorie: AV-Technik\nreference: invoice\numzug: zgeln\nankunftszustand: intakt\n','2012-10-30 21:10:59','2012-10-30 21:10:59'),(173,'u01l7jb69fnpcb6karu8306','2d:0a:71:e4:b1:44-0b:8b:55:56:bd:d4-2e:b3:8b:4d:be:63',172,81,163,10,NULL,NULL,'2011-12-23','2012-10-30',NULL,NULL,'1396.00',0,0,1,0,1,1,NULL,NULL,NULL,NULL,NULL,'--- !ruby/hash:ActiveSupport::HashWithIndifferentAccess\nanschaffungskategorie: AV-Technik\nreference: invoice\numzug: zgeln\nankunftszustand: intakt\n','2012-10-30 21:10:59','2012-10-30 21:10:59'),(174,'quh8wnn7797zckiphanx307','6d:d2:8f:d8:6b:b6-01:bb:49:b4:66:65-85:ed:0e:52:16:8e',172,82,164,9,NULL,NULL,'2008-06-30','2012-10-30',NULL,NULL,'1131.00',0,0,1,0,1,1,NULL,NULL,NULL,NULL,NULL,'--- !ruby/hash:ActiveSupport::HashWithIndifferentAccess\nanschaffungskategorie: AV-Technik\nreference: invoice\numzug: zgeln\nankunftszustand: intakt\n','2012-10-30 21:10:59','2012-10-30 21:10:59'),(175,'4a3qicyjfte7nv1kxugg308','55:b2:9c:40:84:e3-53:cb:47:a1:34:26-cb:df:7a:62:a3:78',176,83,165,9,NULL,NULL,'2008-02-27','2012-10-30',NULL,NULL,'17.00',0,0,1,0,1,1,NULL,NULL,NULL,NULL,NULL,'--- !ruby/hash:ActiveSupport::HashWithIndifferentAccess\nanschaffungskategorie: AV-Technik\nreference: invoice\numzug: zgeln\nankunftszustand: intakt\n','2012-10-30 21:10:59','2012-10-30 21:10:59'),(176,'87by18cusxh4kldtg5u9309','af:80:50:4b:25:3a-12:a1:75:13:12:d6-e9:e2:b2:c2:b9:50',177,84,166,5,NULL,NULL,'2008-05-10','2012-10-30',NULL,NULL,'84.00',0,0,1,0,1,1,NULL,NULL,NULL,NULL,NULL,'--- !ruby/hash:ActiveSupport::HashWithIndifferentAccess\nanschaffungskategorie: AV-Technik\nreference: invoice\numzug: zgeln\nankunftszustand: intakt\n','2012-10-30 21:10:59','2012-10-30 21:10:59'),(177,'4ftxo7c4pz3y7midvvfa310','8c:1a:03:27:04:af-e2:6c:5a:03:cf:e7-52:8b:23:55:cf:bc',178,85,167,9,NULL,NULL,'2009-11-12','2012-10-30',NULL,NULL,'104.00',0,0,1,0,1,1,NULL,NULL,NULL,NULL,NULL,'--- !ruby/hash:ActiveSupport::HashWithIndifferentAccess\nanschaffungskategorie: AV-Technik\nreference: invoice\numzug: zgeln\nankunftszustand: intakt\n','2012-10-30 21:10:59','2012-10-30 21:10:59'),(178,'bpvo5b9gmirx8aubo9sv311','ba:0e:8a:7b:13:04-ea:cb:8b:7e:7d:09-cb:2a:77:7d:b4:c3',179,86,168,2,NULL,NULL,'2009-03-08','2012-10-30',NULL,NULL,'936.00',0,0,1,0,1,1,NULL,NULL,NULL,NULL,NULL,'--- !ruby/hash:ActiveSupport::HashWithIndifferentAccess\nanschaffungskategorie: AV-Technik\nreference: invoice\numzug: zgeln\nankunftszustand: intakt\n','2012-10-30 21:10:59','2012-10-30 21:10:59'),(179,'ift9mckx9unlu0xxj168312','ba:f4:6e:29:cf:1c-71:f5:3d:a3:23:8e-93:cc:13:c8:c0:da',180,87,169,3,NULL,NULL,'2008-09-25','2012-10-30',NULL,NULL,'851.00',0,0,1,0,1,1,NULL,NULL,NULL,NULL,NULL,'--- !ruby/hash:ActiveSupport::HashWithIndifferentAccess\nanschaffungskategorie: AV-Technik\nreference: invoice\numzug: zgeln\nankunftszustand: intakt\n','2012-10-30 21:10:59','2012-10-30 21:10:59'),(180,'0e75tl1deq4cd7ps60xr313','8a:68:82:2c:d2:f8-d4:03:17:a3:7d:1a-9d:22:52:45:47:4b',181,88,170,5,NULL,NULL,'2010-10-04','2012-10-30',NULL,NULL,'1190.00',0,0,1,0,1,1,NULL,NULL,NULL,NULL,NULL,'--- !ruby/hash:ActiveSupport::HashWithIndifferentAccess\nanschaffungskategorie: AV-Technik\nreference: invoice\numzug: zgeln\nankunftszustand: intakt\n','2012-10-30 21:10:59','2012-10-30 21:10:59'),(181,'1famzikwa9l297lihxye314','e8:38:ca:3e:fd:d4-bc:15:38:9f:5d:72-32:8b:48:a3:ab:23',181,89,171,10,NULL,NULL,'2009-09-08','2012-10-30',NULL,NULL,'896.00',0,0,1,0,1,1,NULL,NULL,NULL,NULL,NULL,'--- !ruby/hash:ActiveSupport::HashWithIndifferentAccess\nanschaffungskategorie: AV-Technik\nreference: invoice\numzug: zgeln\nankunftszustand: intakt\n','2012-10-30 21:10:59','2012-10-30 21:10:59'),(182,'qe48itz6ihrj0k369s1k315','cd:c0:69:3d:26:aa-81:8b:e9:ba:93:5a-25:9f:42:6e:51:e9',181,90,172,4,NULL,NULL,'2010-01-19','2012-10-30',NULL,NULL,'1359.00',0,0,1,0,1,1,NULL,NULL,NULL,NULL,NULL,'--- !ruby/hash:ActiveSupport::HashWithIndifferentAccess\nanschaffungskategorie: AV-Technik\nreference: invoice\numzug: zgeln\nankunftszustand: intakt\n','2012-10-30 21:10:59','2012-10-30 21:10:59'),(183,'k2d39vx9i8bow6xn2v6y316','ad:dd:43:23:a5:9f-c9:cd:75:fa:60:3b-76:7b:77:df:62:8f',185,91,173,2,NULL,NULL,'2010-05-01','2012-10-29',NULL,NULL,'662.00',0,0,1,0,1,1,NULL,NULL,NULL,NULL,NULL,'--- !ruby/hash:ActiveSupport::HashWithIndifferentAccess\nanschaffungskategorie: AV-Technik\nreference: invoice\numzug: zgeln\nankunftszustand: intakt\n','2012-10-29 08:44:20','2012-10-29 08:44:20'),(184,'76zqgeic3r03rktni8uy317','ce:8f:1e:9d:d7:a4-a7:6f:99:a9:85:ec-51:6c:d7:ed:36:85',186,92,174,11,NULL,NULL,'2009-11-28','2012-10-29',NULL,NULL,'1086.00',0,0,1,0,1,1,NULL,NULL,NULL,NULL,NULL,'--- !ruby/hash:ActiveSupport::HashWithIndifferentAccess\nanschaffungskategorie: AV-Technik\nreference: invoice\numzug: zgeln\nankunftszustand: intakt\n','2012-10-29 08:44:20','2012-10-29 08:44:20'),(185,'wwwyb92enw42mrrqlmas318','ae:12:4a:4a:34:73-c4:d2:be:98:03:b4-cd:c5:ee:01:0c:3c',187,93,175,1,NULL,NULL,'2010-03-29','2012-10-29',NULL,NULL,'1115.00',0,0,1,0,1,1,NULL,NULL,NULL,NULL,NULL,'--- !ruby/hash:ActiveSupport::HashWithIndifferentAccess\nanschaffungskategorie: AV-Technik\nreference: invoice\numzug: zgeln\nankunftszustand: intakt\n','2012-10-29 08:44:20','2012-10-29 08:44:20'),(186,'4lxdclw1o0czn584f68u319','48:cf:4f:c9:42:9a-ba:d3:5a:a8:00:20-f0:9a:72:cd:59:44',188,94,176,11,NULL,NULL,'2009-12-10','2012-11-02',NULL,NULL,'762.00',0,0,1,0,1,1,NULL,NULL,NULL,NULL,NULL,'--- !ruby/hash:ActiveSupport::HashWithIndifferentAccess\nanschaffungskategorie: AV-Technik\nreference: invoice\numzug: zgeln\nankunftszustand: intakt\n','2012-11-02 19:54:13','2012-11-02 19:54:13'),(187,'hpiji9mlgnmhi98uaoxf320','b7:80:c7:f4:d8:c8-34:ed:63:31:a6:4f-e1:e8:15:6b:16:18',189,95,177,11,NULL,NULL,'2011-04-09','2012-11-02',NULL,NULL,'524.00',0,0,1,0,1,1,NULL,NULL,NULL,NULL,NULL,'--- !ruby/hash:ActiveSupport::HashWithIndifferentAccess\nanschaffungskategorie: AV-Technik\nreference: invoice\numzug: zgeln\nankunftszustand: intakt\n','2012-11-02 19:54:13','2012-11-02 19:54:13'),(188,'s4sg44rk664fmgut2iwn321','d3:63:d8:72:63:f3-bb:e9:37:65:92:f8-e2:d5:8a:6a:e9:dd',190,96,178,4,NULL,NULL,'2008-11-08','2012-11-02',NULL,NULL,'786.00',0,0,1,0,1,1,NULL,NULL,NULL,NULL,NULL,'--- !ruby/hash:ActiveSupport::HashWithIndifferentAccess\nanschaffungskategorie: AV-Technik\nreference: invoice\numzug: zgeln\nankunftszustand: intakt\n','2012-11-02 19:54:13','2012-11-02 19:54:13'),(189,'4j7s8ebxf6auen1tj6ql322','bc:ff:56:9f:3c:68-79:e5:77:7a:76:dd-94:49:29:58:4a:5b',191,97,179,1,NULL,NULL,'2009-03-18','2012-11-02',NULL,NULL,'1175.00',0,0,1,0,1,1,NULL,NULL,NULL,NULL,NULL,'--- !ruby/hash:ActiveSupport::HashWithIndifferentAccess\nanschaffungskategorie: AV-Technik\nreference: invoice\numzug: zgeln\nankunftszustand: intakt\n','2012-11-02 19:54:13','2012-11-02 19:54:13'),(190,'lg0cek50e7re0ztuw1u6323','b6:18:54:33:ad:e1-30:5d:53:e4:bb:a8-fa:32:da:20:b4:2b',192,98,180,7,NULL,NULL,'2011-08-22','2012-11-02',NULL,NULL,'308.00',0,0,1,0,1,1,NULL,NULL,NULL,NULL,NULL,'--- !ruby/hash:ActiveSupport::HashWithIndifferentAccess\nanschaffungskategorie: AV-Technik\nreference: invoice\numzug: zgeln\nankunftszustand: intakt\n','2012-11-02 19:54:13','2012-11-02 19:54:13'),(191,'utgp4b7dkca467upx81v324','7d:0c:d7:cb:eb:44-83:c6:69:a7:4a:48-ae:b0:6f:47:e0:32',193,99,181,4,NULL,NULL,'2007-12-17','2012-11-02',NULL,NULL,'1484.00',0,0,1,0,1,1,NULL,NULL,NULL,NULL,NULL,'--- !ruby/hash:ActiveSupport::HashWithIndifferentAccess\nanschaffungskategorie: AV-Technik\nreference: invoice\numzug: zgeln\nankunftszustand: intakt\n','2012-11-02 19:54:13','2012-11-02 19:54:13'),(192,'hiagjywcn2n87f96hiwo325','56:bb:14:f7:b0:51-8f:20:e9:63:86:7f-66:7b:94:a4:27:00',193,100,182,10,NULL,NULL,'2011-09-12','2012-11-02',NULL,NULL,'304.00',0,0,1,0,1,1,NULL,NULL,NULL,NULL,NULL,'--- !ruby/hash:ActiveSupport::HashWithIndifferentAccess\nanschaffungskategorie: AV-Technik\nreference: invoice\numzug: zgeln\nankunftszustand: intakt\n','2012-11-02 19:54:13','2012-11-02 19:54:13'),(193,'hn5qs4isid9f5kko31rs326','c2:60:43:d0:cc:c9-47:b2:51:44:34:d5-e2:87:14:e3:9f:bb',193,101,183,7,NULL,NULL,'2010-05-01','2012-11-02',NULL,NULL,'112.00',0,0,1,0,1,1,NULL,NULL,NULL,NULL,NULL,'--- !ruby/hash:ActiveSupport::HashWithIndifferentAccess\nanschaffungskategorie: AV-Technik\nreference: invoice\numzug: zgeln\nankunftszustand: intakt\n','2012-11-02 19:54:13','2012-11-02 19:54:13'),(194,'hgtbavng8c9vxc0ohr1a327','f4:84:61:30:62:b6-14:6c:69:47:48:e5-f6:21:fe:96:71:c4',197,102,184,5,NULL,NULL,'2007-12-25','2012-11-03',NULL,NULL,'685.00',0,0,1,0,1,1,NULL,NULL,NULL,NULL,NULL,'--- !ruby/hash:ActiveSupport::HashWithIndifferentAccess\nanschaffungskategorie: AV-Technik\nreference: invoice\numzug: zgeln\nankunftszustand: intakt\n','2012-11-03 10:53:02','2012-11-03 10:53:02'),(195,'cscvfpcmftlo1ra0hc3a328','68:1e:d1:fa:3a:d6-cf:43:80:3d:38:57-64:40:0c:91:ae:79',198,103,185,9,NULL,NULL,'2011-12-29','2012-11-03',NULL,NULL,'147.00',0,0,1,0,1,1,NULL,NULL,NULL,NULL,NULL,'--- !ruby/hash:ActiveSupport::HashWithIndifferentAccess\nanschaffungskategorie: AV-Technik\nreference: invoice\numzug: zgeln\nankunftszustand: intakt\n','2012-11-03 10:53:02','2012-11-03 10:53:02'),(196,'7hdgflm495kynfy39tdz329','73:ee:54:ea:6d:2b-2a:62:62:fa:9d:15-4e:c0:32:60:12:2d',199,104,186,9,NULL,NULL,'2010-07-20','2012-11-03',NULL,NULL,'1176.00',0,0,1,0,1,1,NULL,NULL,NULL,NULL,NULL,'--- !ruby/hash:ActiveSupport::HashWithIndifferentAccess\nanschaffungskategorie: AV-Technik\nreference: invoice\numzug: zgeln\nankunftszustand: intakt\n','2012-11-03 10:53:02','2012-11-03 10:53:02'),(197,'x66v47hhi48i1y9wms5r330','69:b5:41:61:6c:cb-7b:da:a2:9f:e6:f4-96:02:e2:2f:c3:a3',200,105,187,6,NULL,NULL,'2007-02-14','2012-11-03',NULL,NULL,'1182.00',0,0,1,0,1,1,NULL,NULL,NULL,NULL,NULL,'--- !ruby/hash:ActiveSupport::HashWithIndifferentAccess\nanschaffungskategorie: AV-Technik\nreference: invoice\numzug: zgeln\nankunftszustand: intakt\n','2012-11-03 10:53:02','2012-11-03 10:53:02'),(198,'p4v8k64mqbg4ydrhc91e331','15:bc:d4:09:80:ab-cf:74:ae:84:a7:5b-fa:62:1d:b2:92:0b',201,106,188,1,NULL,NULL,'2009-09-10','2012-11-03',NULL,NULL,'792.00',0,0,1,0,1,1,NULL,NULL,NULL,NULL,NULL,'--- !ruby/hash:ActiveSupport::HashWithIndifferentAccess\nanschaffungskategorie: AV-Technik\nreference: invoice\numzug: zgeln\nankunftszustand: intakt\n','2012-11-03 10:53:02','2012-11-03 10:53:02'),(199,'yqcitip3lqf7zbb1ynxq332','9d:e1:a7:70:a3:32-e7:a3:07:4c:6a:78-67:85:69:7f:43:b5',202,107,189,11,NULL,NULL,'2008-08-15','2012-11-03',NULL,NULL,'147.00',0,0,1,0,1,1,NULL,NULL,NULL,NULL,NULL,'--- !ruby/hash:ActiveSupport::HashWithIndifferentAccess\nanschaffungskategorie: AV-Technik\nreference: invoice\numzug: zgeln\nankunftszustand: intakt\n','2012-11-03 10:53:02','2012-11-03 10:53:02'),(200,'x0yamyh4g5qm1tjsn28w333','54:fc:9d:88:40:4e-f9:ca:04:e5:7d:de-d1:91:41:38:2f:5a',202,108,190,5,NULL,NULL,'2010-03-17','2012-11-03',NULL,NULL,'1288.00',0,0,1,0,1,1,NULL,NULL,NULL,NULL,NULL,'--- !ruby/hash:ActiveSupport::HashWithIndifferentAccess\nanschaffungskategorie: AV-Technik\nreference: invoice\numzug: zgeln\nankunftszustand: intakt\n','2012-11-03 10:53:02','2012-11-03 10:53:02'),(201,'dxfnscjmydi7ztc7yp7v334','8c:3b:37:3d:ad:32-de:1a:3e:65:8d:5c-6a:74:95:e4:d5:b0',202,109,191,8,NULL,NULL,'2007-07-15','2012-11-03',NULL,NULL,'543.00',0,0,1,0,1,1,NULL,NULL,NULL,NULL,NULL,'--- !ruby/hash:ActiveSupport::HashWithIndifferentAccess\nanschaffungskategorie: AV-Technik\nreference: invoice\numzug: zgeln\nankunftszustand: intakt\n','2012-11-03 10:53:02','2012-11-03 10:53:02'),(202,'4hc54mo1zca10yg42oqa335','c6:d0:dc:8e:8c:db-5d:13:c6:3a:73:52-61:8b:71:22:8b:00',206,110,192,1,NULL,NULL,'2009-05-06','2012-11-03',NULL,NULL,'1427.00',0,0,1,0,1,1,NULL,NULL,NULL,NULL,NULL,'--- !ruby/hash:ActiveSupport::HashWithIndifferentAccess\nanschaffungskategorie: AV-Technik\nreference: invoice\numzug: zgeln\nankunftszustand: intakt\n','2012-11-03 10:53:02','2012-11-03 10:53:02'),(203,'zw0nusmkt97n70aaz489336','b5:d2:08:09:ce:56-6f:20:ad:07:6a:e4-e0:d5:8e:b4:3c:3c',207,111,193,9,NULL,NULL,'2011-02-13','2012-11-03',NULL,NULL,'1458.00',0,0,1,0,1,1,NULL,NULL,NULL,NULL,NULL,'--- !ruby/hash:ActiveSupport::HashWithIndifferentAccess\nanschaffungskategorie: AV-Technik\nreference: invoice\numzug: zgeln\nankunftszustand: intakt\n','2012-11-03 10:53:02','2012-11-03 10:53:02'),(204,'oq1pec6994s07sl6wqud337','18:a2:87:2d:64:fd-1b:ae:fc:f1:36:42-37:5a:ce:5f:28:51',208,112,194,1,NULL,NULL,'2009-11-25','2012-11-03',NULL,NULL,'161.00',0,0,1,0,1,1,NULL,NULL,NULL,NULL,NULL,'--- !ruby/hash:ActiveSupport::HashWithIndifferentAccess\nanschaffungskategorie: AV-Technik\nreference: invoice\numzug: zgeln\nankunftszustand: intakt\n','2012-11-03 10:53:02','2012-11-03 10:53:02'),(205,'jvjvmwjr4mfnbrzjmixu338','1f:c3:58:79:21:79-41:59:53:26:ff:bd-77:1a:ad:4a:c7:5c',209,113,195,6,NULL,NULL,'2008-06-30','2012-11-03',NULL,NULL,'1431.00',0,0,1,0,1,1,NULL,NULL,NULL,NULL,NULL,'--- !ruby/hash:ActiveSupport::HashWithIndifferentAccess\nanschaffungskategorie: AV-Technik\nreference: invoice\numzug: zgeln\nankunftszustand: intakt\n','2012-11-03 10:53:02','2012-11-03 10:53:02'),(206,'oe4wtwq34tq9ucmhclu2339','84:f2:ff:93:7f:e6-f3:9f:b9:5a:c7:e1-37:ee:91:4f:6f:53',210,114,196,3,NULL,NULL,'2011-11-15','2012-11-03',NULL,NULL,'1024.00',0,0,1,0,1,1,NULL,NULL,NULL,NULL,NULL,'--- !ruby/hash:ActiveSupport::HashWithIndifferentAccess\nanschaffungskategorie: AV-Technik\nreference: invoice\numzug: zgeln\nankunftszustand: intakt\n','2012-11-03 10:53:02','2012-11-03 10:53:02'),(207,'ng2frh54ca54g8iv3sps340','91:28:80:f5:e7:91-4f:0f:ac:d7:7a:8b-f0:9b:15:90:1a:cd',211,115,197,7,NULL,NULL,'2009-02-23','2012-11-03',NULL,NULL,'271.00',0,0,1,0,1,1,NULL,NULL,NULL,NULL,NULL,'--- !ruby/hash:ActiveSupport::HashWithIndifferentAccess\nanschaffungskategorie: AV-Technik\nreference: invoice\numzug: zgeln\nankunftszustand: intakt\n','2012-11-03 10:53:02','2012-11-03 10:53:02'),(208,'f99j6jb6qlqz75zde266341','e4:74:d5:84:cb:49-d9:82:06:b4:c8:cc-b5:d5:60:26:f2:a6',212,116,198,2,NULL,NULL,'2009-10-12','2012-11-03',NULL,NULL,'1245.00',0,0,1,0,1,1,NULL,NULL,NULL,NULL,NULL,'--- !ruby/hash:ActiveSupport::HashWithIndifferentAccess\nanschaffungskategorie: AV-Technik\nreference: invoice\numzug: zgeln\nankunftszustand: intakt\n','2012-11-03 10:53:02','2012-11-03 10:53:02'),(209,'ikkkuvj7ybbzrfli5jd0342','97:af:c5:8a:c0:e7-ab:01:52:ff:38:94-22:25:88:6a:19:31',213,117,199,9,NULL,NULL,'2011-08-05','2012-11-03',NULL,NULL,'458.00',0,0,1,0,1,1,NULL,NULL,NULL,NULL,NULL,'--- !ruby/hash:ActiveSupport::HashWithIndifferentAccess\nanschaffungskategorie: AV-Technik\nreference: invoice\numzug: zgeln\nankunftszustand: intakt\n','2012-11-03 10:53:02','2012-11-03 10:53:02'),(210,'nvhswk5n67n8fkkx0syz343','d5:08:73:e7:45:63-62:7a:e3:98:96:fd-20:5f:9b:e4:f1:22',214,118,200,4,NULL,NULL,'2010-12-25','2012-11-03',NULL,NULL,'254.00',0,0,1,0,1,1,NULL,NULL,NULL,NULL,NULL,'--- !ruby/hash:ActiveSupport::HashWithIndifferentAccess\nanschaffungskategorie: AV-Technik\nreference: invoice\numzug: zgeln\nankunftszustand: intakt\n','2012-11-03 10:53:02','2012-11-03 10:53:02'),(211,'hs3esd0nw4x7rkbqk178344','2b:12:16:c2:4a:f3-43:95:6c:f5:77:ea-42:7c:7c:20:69:62',215,119,201,4,NULL,NULL,'2010-01-22','2012-11-03',NULL,NULL,'588.00',0,0,1,0,1,1,NULL,NULL,NULL,NULL,NULL,'--- !ruby/hash:ActiveSupport::HashWithIndifferentAccess\nanschaffungskategorie: AV-Technik\nreference: invoice\numzug: zgeln\nankunftszustand: intakt\n','2012-11-03 10:53:02','2012-11-03 10:53:02'),(212,'jhu31kz1eh9hk2moat5e345','54:71:7e:82:92:6b-23:4d:26:81:ec:78-14:5b:be:5e:d4:f5',216,120,202,1,NULL,NULL,'2011-01-19','2012-11-03',NULL,NULL,'716.00',0,0,1,0,1,1,NULL,NULL,NULL,NULL,NULL,'--- !ruby/hash:ActiveSupport::HashWithIndifferentAccess\nanschaffungskategorie: AV-Technik\nreference: invoice\numzug: zgeln\nankunftszustand: intakt\n','2012-11-03 10:53:02','2012-11-03 10:53:02'),(213,'b5rm94azd1rembllzqfc346','00:b1:6d:8c:f3:fc-2f:73:fd:56:0e:10-ec:03:59:50:0c:e1',217,NULL,NULL,1,NULL,NULL,NULL,NULL,NULL,NULL,NULL,0,0,1,0,1,0,NULL,NULL,NULL,NULL,NULL,'--- !ruby/hash:ActiveSupport::HashWithIndifferentAccess\nlicense_type: single_workplace\nactivation_type: serial_number\noperating_system:\n- windows\n- linux\ninstallation:\n- citrix\n- web\nprocured_by: Federico Wiegand\nreference: invoice\nmaintenance_contract: \'false\'\n','2012-11-03 10:53:02','2012-11-03 10:53:02'),(214,'0e4nmau07ajiavj44hbw347','b7:9f:75:20:03:97-70:11:61:18:27:07-8f:c1:78:a4:e1:01',218,121,203,10,NULL,NULL,'2008-09-04','2012-10-29',NULL,NULL,'1424.00',0,0,1,0,2,1,NULL,NULL,NULL,NULL,NULL,'--- !ruby/hash:ActiveSupport::HashWithIndifferentAccess\nanschaffungskategorie: AV-Technik\nreference: invoice\numzug: zgeln\nankunftszustand: intakt\n','2012-10-29 00:00:00','2012-10-29 00:00:00'),(215,'59mfgysukuobgohpknhl348','ad:d7:ff:8d:74:4b-3f:5e:5b:da:73:a0-f0:c9:3a:34:ae:d9',218,122,204,5,NULL,NULL,'2008-06-07','2012-10-29',NULL,NULL,'108.00',0,0,1,0,2,1,NULL,NULL,NULL,NULL,NULL,'--- !ruby/hash:ActiveSupport::HashWithIndifferentAccess\nanschaffungskategorie: AV-Technik\nreference: invoice\numzug: zgeln\nankunftszustand: intakt\n','2012-10-29 00:00:00','2012-10-29 00:00:00'),(216,'kihj2p8hnirjwr1legoy349','f7:96:1c:b7:7c:14-b1:99:73:c0:0c:4f-a1:3e:9c:10:67:97',218,123,205,5,NULL,NULL,'2007-07-14','2012-10-29',NULL,NULL,'45.00',0,0,1,0,2,1,NULL,NULL,NULL,NULL,NULL,'--- !ruby/hash:ActiveSupport::HashWithIndifferentAccess\nanschaffungskategorie: AV-Technik\nreference: invoice\numzug: zgeln\nankunftszustand: intakt\n','2012-10-29 00:00:00','2012-10-29 00:00:00'),(217,'juso028privd6z8uqybm350','84:15:1f:bf:25:37-41:2c:01:ae:1c:e1-72:e5:51:c7:ab:5e',222,124,206,1,NULL,NULL,'2010-02-23','2012-11-03','2012-11-03','Harum et sapiente facere eaque culpa perferendis sit exercitationem.','1484.00',0,0,1,0,1,1,NULL,NULL,NULL,NULL,NULL,'--- !ruby/hash:ActiveSupport::HashWithIndifferentAccess\nanschaffungskategorie: AV-Technik\nreference: invoice\numzug: zgeln\nankunftszustand: intakt\n','2012-11-03 10:53:02','2012-11-03 10:53:02'),(218,'5t9cfiegos78xn1qoppl351','c0:5d:a4:03:a0:0c-f2:83:2b:25:b1:03-ec:e3:6d:2e:56:af',223,125,207,2,NULL,NULL,'2010-02-18','2012-11-03',NULL,NULL,'402.00',0,0,1,0,2,1,NULL,NULL,NULL,NULL,NULL,'--- !ruby/hash:ActiveSupport::HashWithIndifferentAccess\nanschaffungskategorie: AV-Technik\nreference: invoice\numzug: zgeln\nankunftszustand: intakt\n','2012-11-03 10:53:02','2012-11-03 10:53:02'),(219,'ee4lwcfyl4qlk6hzj7yk352','09:e8:77:a9:e9:81-66:98:42:91:ed:31-05:b7:c0:1b:6a:37',224,126,208,11,NULL,NULL,'2008-06-23','2012-11-03',NULL,NULL,'24.00',0,0,1,0,12,1,NULL,NULL,NULL,NULL,NULL,'--- !ruby/hash:ActiveSupport::HashWithIndifferentAccess\nanschaffungskategorie: AV-Technik\nreference: invoice\numzug: zgeln\nankunftszustand: intakt\n','2012-11-03 10:53:02','2012-11-03 10:53:02'),(220,'dnn9ya09b2ew925rj2si353','a9:03:25:c6:f7:a5-b8:79:25:fa:bb:0b-1c:e8:f2:de:54:5e',225,127,209,2,NULL,NULL,'2007-07-28','2012-11-03',NULL,NULL,'125.00',0,0,1,0,1,1,NULL,NULL,NULL,NULL,NULL,'--- !ruby/hash:ActiveSupport::HashWithIndifferentAccess\nanschaffungskategorie: AV-Technik\nreference: invoice\numzug: zgeln\nankunftszustand: intakt\n','2012-11-03 10:53:02','2012-11-03 10:53:02'),(221,'eg4ujv1p0ih85j0i6z8r354','75:78:fe:77:13:ff-c0:63:d3:a6:41:2d-b8:2c:1f:f2:14:d8',226,128,210,2,NULL,NULL,'2007-12-04','2012-11-03',NULL,NULL,'408.00',0,0,1,0,1,1,NULL,NULL,NULL,NULL,NULL,'--- !ruby/hash:ActiveSupport::HashWithIndifferentAccess\nanschaffungskategorie: AV-Technik\nreference: invoice\numzug: zgeln\nankunftszustand: intakt\n','2012-11-03 10:53:02','2012-11-03 10:53:02'),(222,'pv9xq70hev5sw8zvlhx9355','74:d9:a5:4e:1a:84-00:37:c2:e9:61:94-cf:8c:a2:ae:8c:43',227,129,211,4,NULL,NULL,'2009-04-05','2012-11-03',NULL,NULL,'504.00',0,0,1,0,1,1,NULL,NULL,NULL,NULL,NULL,'--- !ruby/hash:ActiveSupport::HashWithIndifferentAccess\nanschaffungskategorie: AV-Technik\nreference: invoice\numzug: zgeln\nankunftszustand: intakt\n','2012-11-03 10:53:02','2012-11-03 10:53:02'),(223,'soeqt3b13wsf43d0kb9y356','1c:27:97:2d:e5:c1-88:0d:c9:a4:85:73-51:43:98:be:77:df',228,130,212,5,NULL,NULL,'2007-05-02','2012-11-03',NULL,NULL,'377.00',0,0,1,0,1,1,NULL,NULL,NULL,NULL,NULL,'--- !ruby/hash:ActiveSupport::HashWithIndifferentAccess\nanschaffungskategorie: AV-Technik\nreference: invoice\numzug: zgeln\nankunftszustand: intakt\n','2012-11-03 10:53:02','2012-11-03 10:53:02'),(224,'nsh03w5oh7fo0n7tkmhr357','41:0a:2e:7e:69:a4-bf:04:9d:98:b9:d8-23:33:07:81:49:51',229,131,213,6,NULL,NULL,'2010-08-22','2012-11-03',NULL,NULL,'801.00',0,0,1,0,1,1,NULL,NULL,NULL,NULL,NULL,'--- !ruby/hash:ActiveSupport::HashWithIndifferentAccess\nanschaffungskategorie: AV-Technik\nreference: invoice\numzug: zgeln\nankunftszustand: intakt\n','2012-11-03 10:53:02','2012-11-03 10:53:02'),(225,'w6sggopap53ee4qv5zih358','17:03:31:e0:7f:d4-48:46:a6:c9:2d:5f-93:90:a7:80:de:2b',230,132,214,6,NULL,NULL,'2010-05-24','2012-11-03',NULL,NULL,'873.00',0,0,1,0,1,1,NULL,NULL,NULL,NULL,NULL,'--- !ruby/hash:ActiveSupport::HashWithIndifferentAccess\nanschaffungskategorie: AV-Technik\nreference: invoice\numzug: zgeln\nankunftszustand: intakt\n','2012-11-03 10:53:02','2012-11-03 10:53:02'),(226,'3ns9tjdg4jl7an2pjewo359','d4:7e:3d:d4:00:0c-45:6a:fd:11:86:de-f5:f9:d2:23:52:73',231,133,215,1,NULL,NULL,'2009-10-24','2012-11-03',NULL,NULL,'735.00',0,0,1,0,1,1,NULL,NULL,NULL,NULL,NULL,'--- !ruby/hash:ActiveSupport::HashWithIndifferentAccess\nanschaffungskategorie: AV-Technik\nreference: invoice\numzug: zgeln\nankunftszustand: intakt\n','2012-11-03 10:53:02','2012-11-03 10:53:02'),(227,'py09r9pda8g7r7g5h67l360','f3:34:fc:f9:24:08-b3:ac:c6:44:93:02-d5:74:ca:58:ad:f1',232,134,216,12,NULL,NULL,'2009-11-17','2012-11-03',NULL,NULL,'1235.00',0,0,1,0,1,1,NULL,NULL,NULL,NULL,NULL,'--- !ruby/hash:ActiveSupport::HashWithIndifferentAccess\nanschaffungskategorie: AV-Technik\nreference: invoice\numzug: zgeln\nankunftszustand: intakt\n','2012-11-03 10:53:02','2012-11-03 10:53:02'),(228,'jyg44z1zjn8mip03lk1k361','b1:13:a1:ea:7a:84-c9:98:24:1e:98:7a-a2:01:f3:7a:ad:50',233,135,217,3,NULL,NULL,'2007-01-14','2012-11-03',NULL,NULL,'398.00',0,0,1,0,1,1,NULL,NULL,NULL,NULL,NULL,'--- !ruby/hash:ActiveSupport::HashWithIndifferentAccess\nanschaffungskategorie: AV-Technik\nreference: invoice\numzug: zgeln\nankunftszustand: intakt\n','2012-11-03 10:53:02','2012-11-03 10:53:02'),(229,'ebscyuralepd2yq0k44w362','1f:a4:10:0f:33:68-f7:1b:23:ef:de:3e-c9:0a:d5:3c:5b:42',234,136,218,6,NULL,NULL,'2011-09-07','2012-11-03',NULL,NULL,'176.00',0,0,1,0,1,1,NULL,NULL,NULL,NULL,NULL,'--- !ruby/hash:ActiveSupport::HashWithIndifferentAccess\nanschaffungskategorie: AV-Technik\nreference: invoice\numzug: zgeln\nankunftszustand: intakt\n','2012-11-03 10:53:02','2012-11-03 10:53:02'),(230,'ser44rvk850j974rszki363','f3:8e:36:41:08:dc-2e:59:e3:f8:d8:f0-07:0b:f3:e0:5b:3a',235,137,219,6,NULL,NULL,'2010-09-02','2012-11-03',NULL,NULL,'361.00',0,0,1,0,1,1,NULL,NULL,NULL,NULL,NULL,'--- !ruby/hash:ActiveSupport::HashWithIndifferentAccess\nanschaffungskategorie: AV-Technik\nreference: invoice\numzug: zgeln\nankunftszustand: intakt\n','2012-11-03 10:53:02','2012-11-03 10:53:02'),(231,'b7dwlx7cvvf5whiem2x5364','ba:da:b8:c5:fc:05-8b:0a:01:ab:26:6a-e9:f8:f8:85:a2:41',236,138,220,5,NULL,NULL,'2007-05-03','2012-10-29',NULL,NULL,'867.00',0,0,1,0,1,1,NULL,NULL,NULL,NULL,NULL,'--- !ruby/hash:ActiveSupport::HashWithIndifferentAccess\nanschaffungskategorie: AV-Technik\nreference: invoice\numzug: zgeln\nankunftszustand: intakt\n','2012-10-29 00:00:00','2012-10-29 00:00:00'),(232,'wj4yr2prs0vdh36dimxu365','fe:8f:10:23:a1:a0-85:3d:68:2f:a4:43-af:f6:f0:14:50:c0',237,139,221,6,NULL,NULL,'2007-09-09','2012-10-29',NULL,NULL,'876.00',0,0,1,0,1,1,NULL,NULL,NULL,NULL,NULL,'--- !ruby/hash:ActiveSupport::HashWithIndifferentAccess\nanschaffungskategorie: AV-Technik\nreference: invoice\numzug: zgeln\nankunftszustand: intakt\n','2012-10-29 00:00:00','2012-10-29 00:00:00'),(233,'723yk6ekx2lj7iffoh60366','ad:93:31:68:8c:8b-6a:03:23:57:97:67-de:46:ed:d8:67:53',238,140,222,1,NULL,NULL,'2007-07-14','2012-10-29',NULL,NULL,'232.00',0,0,1,0,1,1,NULL,NULL,NULL,NULL,NULL,'--- !ruby/hash:ActiveSupport::HashWithIndifferentAccess\nanschaffungskategorie: AV-Technik\nreference: invoice\numzug: zgeln\nankunftszustand: intakt\n','2012-10-29 00:00:00','2012-10-29 00:00:00'),(234,'u0i2q1f4313u6hvoamie367','4a:04:3c:c3:49:31-f8:bb:a2:7c:87:67-4a:99:23:32:b7:29',239,141,223,10,NULL,NULL,'2010-01-04','2012-10-29',NULL,NULL,'40.00',0,0,1,0,1,1,NULL,NULL,NULL,NULL,NULL,'--- !ruby/hash:ActiveSupport::HashWithIndifferentAccess\nanschaffungskategorie: AV-Technik\nreference: invoice\numzug: zgeln\nankunftszustand: intakt\n','2012-10-29 00:00:00','2012-10-29 00:00:00'),(235,'7lv1lmeqse8l08xbwtqo368','70:f1:f8:db:b4:ed-87:e8:00:df:72:7b-90:24:f0:95:ff:5d',240,142,224,8,NULL,NULL,'2008-01-28','2012-11-03',NULL,NULL,'509.00',0,0,1,0,1,1,NULL,NULL,NULL,NULL,NULL,'--- !ruby/hash:ActiveSupport::HashWithIndifferentAccess\nanschaffungskategorie: AV-Technik\nreference: invoice\numzug: zgeln\nankunftszustand: intakt\n','2012-11-03 10:53:02','2012-11-03 10:53:02'),(236,'919zu4ag7umc1dx2mhhw369','ad:60:35:7d:cd:63-13:05:77:fb:53:2f-ff:73:e6:75:fd:fc',240,143,225,6,NULL,NULL,'2011-12-01','2012-11-03',NULL,NULL,'832.00',0,0,1,0,1,1,NULL,NULL,NULL,NULL,NULL,'--- !ruby/hash:ActiveSupport::HashWithIndifferentAccess\nanschaffungskategorie: AV-Technik\nreference: invoice\numzug: zgeln\nankunftszustand: intakt\n','2012-11-03 10:53:02','2012-11-03 10:53:02'),(237,'nhoncyerd6tp9bxqvcs9370','94:e0:3d:b5:cc:f6-05:24:27:f8:fa:2e-37:3a:61:3c:2c:76',240,144,226,7,NULL,NULL,'2008-02-18','2012-11-03',NULL,NULL,'427.00',0,0,1,0,1,1,NULL,NULL,NULL,NULL,NULL,'--- !ruby/hash:ActiveSupport::HashWithIndifferentAccess\nanschaffungskategorie: AV-Technik\nreference: invoice\numzug: zgeln\nankunftszustand: intakt\n','2012-11-03 10:53:02','2012-11-03 10:53:02'),(238,'wwmgyhcdh1uqxt3woerh371','92:29:04:ac:b1:23-0f:f6:8b:f2:f6:48-9a:5c:2d:e3:18:14',244,145,227,1,NULL,NULL,'2009-10-01','2012-11-03',NULL,NULL,'470.00',0,0,1,0,1,1,NULL,NULL,NULL,NULL,NULL,'--- !ruby/hash:ActiveSupport::HashWithIndifferentAccess\nanschaffungskategorie: AV-Technik\nreference: invoice\numzug: zgeln\nankunftszustand: intakt\n','2012-11-03 10:53:02','2012-11-03 10:53:02'),(239,'vp9tlzpvg8xxj425qg4c372','a6:ef:dc:db:e4:0f-a4:11:96:99:7f:13-a7:ea:55:08:97:71',244,146,228,6,NULL,NULL,'2007-11-15','2012-11-03',NULL,NULL,'1212.00',0,0,1,0,1,1,NULL,NULL,NULL,NULL,NULL,'--- !ruby/hash:ActiveSupport::HashWithIndifferentAccess\nanschaffungskategorie: AV-Technik\nreference: invoice\numzug: zgeln\nankunftszustand: intakt\n','2012-11-03 10:53:02','2012-11-03 10:53:02'),(240,'smronbw1dnacug4vz9al373','98:e7:9e:b8:7c:05-6b:af:c9:ba:74:4e-67:43:e7:c5:58:97',244,147,229,3,NULL,NULL,'2007-03-31','2012-11-03',NULL,NULL,'1418.00',0,0,1,0,1,1,NULL,NULL,NULL,NULL,NULL,'--- !ruby/hash:ActiveSupport::HashWithIndifferentAccess\nanschaffungskategorie: AV-Technik\nreference: invoice\numzug: zgeln\nankunftszustand: intakt\n','2012-11-03 10:53:02','2012-11-03 10:53:02'),(241,'p0gxicvm1c9jabnmbn67374','7e:bb:51:0d:1d:32-db:7e:de:da:36:5f-cd:55:8f:4e:35:ed',248,148,230,6,NULL,NULL,'2007-05-12','2012-11-03',NULL,NULL,'352.00',0,0,1,0,1,1,NULL,NULL,NULL,NULL,NULL,'--- !ruby/hash:ActiveSupport::HashWithIndifferentAccess\nanschaffungskategorie: AV-Technik\nreference: invoice\numzug: zgeln\nankunftszustand: intakt\n','2012-11-03 10:53:02','2012-11-03 10:53:02'),(242,'jtp4fl06xwkwxcgs4qum375','78:35:40:1f:e9:71-d5:c1:40:f9:18:a4-86:d8:cf:cc:3d:c8',248,149,231,12,NULL,NULL,'2009-12-30','2012-11-03',NULL,NULL,'259.00',0,0,1,0,1,1,NULL,NULL,NULL,NULL,NULL,'--- !ruby/hash:ActiveSupport::HashWithIndifferentAccess\nanschaffungskategorie: AV-Technik\nreference: invoice\numzug: zgeln\nankunftszustand: intakt\n','2012-11-03 10:53:02','2012-11-03 10:53:02'),(243,'lb16qy96vc1ksneyjib1376','03:d3:13:07:ee:c7-b2:9f:68:05:27:6b-30:de:6d:cb:b8:ed',248,150,232,2,NULL,NULL,'2010-05-30','2012-11-03',NULL,NULL,'124.00',0,0,1,0,1,1,NULL,NULL,NULL,NULL,NULL,'--- !ruby/hash:ActiveSupport::HashWithIndifferentAccess\nanschaffungskategorie: AV-Technik\nreference: invoice\numzug: zgeln\nankunftszustand: intakt\n','2012-11-03 10:53:02','2012-11-03 10:53:02'),(244,'djz678w8s28s7lqgjd44377','4d:c2:0a:df:de:48-25:d7:8d:e0:16:62-16:25:cf:c7:99:f3',252,151,233,11,NULL,NULL,'2007-05-17','2012-11-03',NULL,NULL,'559.00',0,0,1,0,1,1,NULL,NULL,NULL,NULL,NULL,'--- !ruby/hash:ActiveSupport::HashWithIndifferentAccess\nanschaffungskategorie: AV-Technik\nreference: invoice\numzug: zgeln\nankunftszustand: intakt\n','2012-11-03 10:53:02','2012-11-03 10:53:02'),(245,'cbx9rldisdvhf1r6zbqc378','94:2d:d9:fb:34:41-3f:35:8a:f3:c9:6d-68:1e:44:8f:89:9b',252,152,234,5,NULL,NULL,'2009-10-30','2012-11-03',NULL,NULL,'103.00',0,0,1,0,1,1,NULL,NULL,NULL,NULL,NULL,'--- !ruby/hash:ActiveSupport::HashWithIndifferentAccess\nanschaffungskategorie: AV-Technik\nreference: invoice\numzug: zgeln\nankunftszustand: intakt\n','2012-11-03 10:53:02','2012-11-03 10:53:02'),(246,'my2iri7uqxts133cikqk379','ef:e6:3e:aa:c2:a9-db:ea:77:a6:60:ed-7b:21:56:fd:e8:b0',252,153,235,5,NULL,NULL,'2010-10-30','2012-11-03',NULL,NULL,'1020.00',0,0,1,0,1,1,NULL,NULL,NULL,NULL,NULL,'--- !ruby/hash:ActiveSupport::HashWithIndifferentAccess\nanschaffungskategorie: AV-Technik\nreference: invoice\numzug: zgeln\nankunftszustand: intakt\n','2012-11-03 10:53:02','2012-11-03 10:53:02'),(247,'kznzmjq0flctof71u2qq380','c0:9c:0e:50:b9:b7-b8:53:19:d8:2a:b9-07:36:63:fc:65:22',256,154,236,8,NULL,NULL,'2010-07-10','2012-11-03',NULL,NULL,'559.00',0,0,1,0,1,1,NULL,NULL,NULL,NULL,NULL,'--- !ruby/hash:ActiveSupport::HashWithIndifferentAccess\nanschaffungskategorie: AV-Technik\nreference: invoice\numzug: zgeln\nankunftszustand: intakt\n','2012-11-03 10:53:02','2012-11-03 10:53:02'),(248,'ubdhem2iwpeuulxx5aqa381','a1:07:9d:81:50:a6-82:0c:2f:73:b7:88-a7:f0:ad:7d:02:6d',256,155,237,4,NULL,NULL,'2007-03-29','2012-11-03',NULL,NULL,'556.00',0,0,1,0,1,1,NULL,NULL,NULL,NULL,NULL,'--- !ruby/hash:ActiveSupport::HashWithIndifferentAccess\nanschaffungskategorie: AV-Technik\nreference: invoice\numzug: zgeln\nankunftszustand: intakt\n','2012-11-03 10:53:02','2012-11-03 10:53:02'),(249,'tkiirlvc0avmhe7ipk4m382','da:7f:dd:9e:fc:48-f3:52:04:46:ba:18-cb:b0:fb:d0:3c:a9',256,156,238,11,NULL,NULL,'2011-11-03','2012-11-03',NULL,NULL,'1161.00',0,0,1,0,1,1,NULL,NULL,NULL,NULL,NULL,'--- !ruby/hash:ActiveSupport::HashWithIndifferentAccess\nanschaffungskategorie: AV-Technik\nreference: invoice\numzug: zgeln\nankunftszustand: intakt\n','2012-11-03 10:53:02','2012-11-03 10:53:02'),(250,'9440tgvooqf5oxo6ds4n383','21:2e:8d:cc:b1:6a-36:5d:d7:dc:e9:26-de:f9:1a:4f:9b:81',260,157,239,8,NULL,NULL,'2007-07-27','2012-11-03',NULL,NULL,'1382.00',0,0,1,0,1,1,NULL,NULL,NULL,NULL,NULL,'--- !ruby/hash:ActiveSupport::HashWithIndifferentAccess\nanschaffungskategorie: AV-Technik\nreference: invoice\numzug: zgeln\nankunftszustand: intakt\n','2012-11-03 10:53:02','2012-11-03 10:53:02'),(251,'mxyf4y83hvgdyjark223384','b3:9a:fb:4d:86:63-cf:81:9b:65:9b:51-f5:be:ff:16:f1:63',260,158,240,6,NULL,NULL,'2010-12-17','2012-11-03',NULL,NULL,'936.00',0,0,1,0,1,1,NULL,NULL,NULL,NULL,NULL,'--- !ruby/hash:ActiveSupport::HashWithIndifferentAccess\nanschaffungskategorie: AV-Technik\nreference: invoice\numzug: zgeln\nankunftszustand: intakt\n','2012-11-03 10:53:02','2012-11-03 10:53:02'),(252,'zbr33jegc9ctu6b8m78w385','1c:65:41:d6:3e:4f-8f:2a:e4:43:54:f4-22:d9:02:1e:c4:9f',260,159,241,12,NULL,NULL,'2010-05-30','2012-11-03',NULL,NULL,'769.00',0,0,1,0,1,1,NULL,NULL,NULL,NULL,NULL,'--- !ruby/hash:ActiveSupport::HashWithIndifferentAccess\nanschaffungskategorie: AV-Technik\nreference: invoice\numzug: zgeln\nankunftszustand: intakt\n','2012-11-03 10:53:02','2012-11-03 10:53:02'),(253,'tlm2d18elq3moa8pj5q2386','84:9a:be:00:6d:e0-70:17:47:33:43:c7-f9:6d:4b:b5:db:1f',264,160,242,1,NULL,NULL,'2011-11-15','2012-11-03',NULL,NULL,'1494.00',0,0,1,0,1,1,NULL,NULL,NULL,NULL,NULL,'--- !ruby/hash:ActiveSupport::HashWithIndifferentAccess\nanschaffungskategorie: AV-Technik\nreference: invoice\numzug: zgeln\nankunftszustand: intakt\n','2012-11-03 10:53:02','2012-11-03 10:53:02'),(254,'hdvquuzj3i16nl0enhuw387','be:af:d3:87:c1:a2-8e:e2:13:24:0b:31-21:18:67:9d:68:ce',264,161,243,10,NULL,NULL,'2011-08-29','2012-11-03',NULL,NULL,'226.00',0,0,1,0,1,1,NULL,NULL,NULL,NULL,NULL,'--- !ruby/hash:ActiveSupport::HashWithIndifferentAccess\nanschaffungskategorie: AV-Technik\nreference: invoice\numzug: zgeln\nankunftszustand: intakt\n','2012-11-03 10:53:02','2012-11-03 10:53:02'),(255,'b6reke1qy5djmyu3029v388','b6:d0:88:94:ad:1c-4a:91:74:e8:40:17-48:49:64:65:a2:a1',264,162,244,12,NULL,NULL,'2008-11-11','2012-11-03',NULL,NULL,'472.00',0,0,1,0,1,1,NULL,NULL,NULL,NULL,NULL,'--- !ruby/hash:ActiveSupport::HashWithIndifferentAccess\nanschaffungskategorie: AV-Technik\nreference: invoice\numzug: zgeln\nankunftszustand: intakt\n','2012-11-03 10:53:02','2012-11-03 10:53:02'),(256,'3p9qjc1zpr5md0mifje3389','35:42:3e:7b:97:48-d9:29:e5:e0:3e:8f-0c:3e:5f:a7:40:70',268,163,245,2,NULL,NULL,'2011-05-30','2012-11-03',NULL,NULL,'1140.00',0,0,1,0,1,1,NULL,NULL,NULL,NULL,NULL,'--- !ruby/hash:ActiveSupport::HashWithIndifferentAccess\nanschaffungskategorie: AV-Technik\nreference: invoice\numzug: zgeln\nankunftszustand: intakt\n','2012-11-03 10:53:02','2012-11-03 10:53:02'),(257,'iegft4sr4iq730fylosa390','a4:10:3d:64:d2:e5-08:ad:66:d1:cf:0e-01:1a:a0:0e:81:79',268,164,246,9,NULL,NULL,'2007-12-23','2012-11-03',NULL,NULL,'360.00',0,0,1,0,1,1,NULL,NULL,NULL,NULL,NULL,'--- !ruby/hash:ActiveSupport::HashWithIndifferentAccess\nanschaffungskategorie: AV-Technik\nreference: invoice\numzug: zgeln\nankunftszustand: intakt\n','2012-11-03 10:53:02','2012-11-03 10:53:02'),(258,'u0tq4cdxstnfsbs3mpjb391','f5:66:0d:7a:8d:ec-b6:e0:b3:be:e0:f9-db:f5:72:b4:8b:be',268,165,247,1,NULL,NULL,'2008-11-15','2012-11-03',NULL,NULL,'76.00',0,0,1,0,1,1,NULL,NULL,NULL,NULL,NULL,'--- !ruby/hash:ActiveSupport::HashWithIndifferentAccess\nanschaffungskategorie: AV-Technik\nreference: invoice\numzug: zgeln\nankunftszustand: intakt\n','2012-11-03 10:53:02','2012-11-03 10:53:02'),(259,'zra4yplly46gostj8shh392','f6:b6:8f:b0:c0:8d-83:26:f5:8a:39:f9-4c:39:64:8d:01:aa',272,166,248,6,NULL,NULL,'2010-07-18','2012-11-03',NULL,NULL,'796.00',0,0,1,0,1,1,NULL,NULL,NULL,NULL,NULL,'--- !ruby/hash:ActiveSupport::HashWithIndifferentAccess\nanschaffungskategorie: AV-Technik\nreference: invoice\numzug: zgeln\nankunftszustand: intakt\n','2012-11-03 10:53:02','2012-11-03 10:53:02'),(260,'095sgy1gb5obc9t8lbbn393','da:9b:99:9a:88:d3-39:bb:03:bc:32:f8-4d:7b:c8:7e:07:f5',272,167,249,4,NULL,NULL,'2008-11-10','2012-11-03',NULL,NULL,'448.00',0,0,1,0,1,1,NULL,NULL,NULL,NULL,NULL,'--- !ruby/hash:ActiveSupport::HashWithIndifferentAccess\nanschaffungskategorie: AV-Technik\nreference: invoice\numzug: zgeln\nankunftszustand: intakt\n','2012-11-03 10:53:02','2012-11-03 10:53:02'),(261,'vo4es1sx6qstnci7b19z394','a1:40:ec:6e:c5:46-00:c5:ee:1d:c4:b6-ff:f4:41:49:e0:34',272,168,250,4,NULL,NULL,'2009-03-22','2012-11-03',NULL,NULL,'1323.00',0,0,1,0,1,1,NULL,NULL,NULL,NULL,NULL,'--- !ruby/hash:ActiveSupport::HashWithIndifferentAccess\nanschaffungskategorie: AV-Technik\nreference: invoice\numzug: zgeln\nankunftszustand: intakt\n','2012-11-03 10:53:02','2012-11-03 10:53:02'),(262,'ziafcap3y27l6y767qib395','bf:d7:c2:6b:bf:8e-43:8e:b6:56:fd:c1-51:bd:c8:fc:a2:b5',276,169,251,5,NULL,NULL,'2009-02-10','2012-11-03',NULL,NULL,'211.00',0,0,1,0,1,1,NULL,NULL,NULL,NULL,NULL,'--- !ruby/hash:ActiveSupport::HashWithIndifferentAccess\nanschaffungskategorie: AV-Technik\nreference: invoice\numzug: zgeln\nankunftszustand: intakt\n','2012-11-03 10:53:02','2012-11-03 10:53:02'),(263,'zfry1dx05zw2m35v2b2l396','fa:7d:af:56:98:7f-a7:e2:fd:f7:7e:fb-0c:d6:f0:d4:2a:2a',276,170,252,9,NULL,NULL,'2010-04-18','2012-11-03',NULL,NULL,'290.00',0,0,1,0,1,1,NULL,NULL,NULL,NULL,NULL,'--- !ruby/hash:ActiveSupport::HashWithIndifferentAccess\nanschaffungskategorie: AV-Technik\nreference: invoice\numzug: zgeln\nankunftszustand: intakt\n','2012-11-03 10:53:02','2012-11-03 10:53:02'),(264,'uk8p0y40ldnizyccgaub397','03:ea:62:c4:6a:45-82:f1:6a:ae:40:e2-16:0e:a0:9f:a4:35',276,171,253,8,NULL,NULL,'2007-06-06','2012-11-03',NULL,NULL,'1039.00',0,0,1,0,1,1,NULL,NULL,NULL,NULL,NULL,'--- !ruby/hash:ActiveSupport::HashWithIndifferentAccess\nanschaffungskategorie: AV-Technik\nreference: invoice\numzug: zgeln\nankunftszustand: intakt\n','2012-11-03 10:53:02','2012-11-03 10:53:02'),(265,'rxxszhoueg2n8ygy9v3l398','5e:59:5b:e0:56:f0-0a:f2:84:38:8c:a0-07:0e:d0:cb:a3:d4',280,172,254,7,NULL,NULL,'2007-04-18','2012-11-03',NULL,NULL,'1141.00',0,0,1,0,1,1,NULL,NULL,NULL,NULL,NULL,'--- !ruby/hash:ActiveSupport::HashWithIndifferentAccess\nanschaffungskategorie: AV-Technik\nreference: invoice\numzug: zgeln\nankunftszustand: intakt\n','2012-11-03 10:53:02','2012-11-03 10:53:02'),(266,'s1k1picqw38nopurk5ag399','5e:67:02:9d:69:4e-7e:95:09:f8:07:7b-e4:13:47:9f:47:15',280,173,255,9,NULL,NULL,'2009-02-23','2012-11-03',NULL,NULL,'1235.00',0,0,1,0,1,1,NULL,NULL,NULL,NULL,NULL,'--- !ruby/hash:ActiveSupport::HashWithIndifferentAccess\nanschaffungskategorie: AV-Technik\nreference: invoice\numzug: zgeln\nankunftszustand: intakt\n','2012-11-03 10:53:02','2012-11-03 10:53:02'),(267,'odm1whwckj9k0a3sjkmo400','c6:fd:62:8d:34:3e-54:f3:5e:73:20:fd-60:5e:82:3f:8f:41',280,174,256,2,NULL,NULL,'2010-02-18','2012-11-03',NULL,NULL,'712.00',0,0,1,0,1,1,NULL,NULL,NULL,NULL,NULL,'--- !ruby/hash:ActiveSupport::HashWithIndifferentAccess\nanschaffungskategorie: AV-Technik\nreference: invoice\numzug: zgeln\nankunftszustand: intakt\n','2012-11-03 10:53:02','2012-11-03 10:53:02'),(268,'l6kgk6nohmww165yvwb1401','f1:7e:e0:f0:dc:c1-2f:38:00:0a:23:5c-57:33:18:a2:b9:19',284,175,257,3,NULL,NULL,'2009-03-02','2012-11-03',NULL,NULL,'1319.00',0,0,1,0,1,1,NULL,NULL,NULL,NULL,NULL,'--- !ruby/hash:ActiveSupport::HashWithIndifferentAccess\nanschaffungskategorie: AV-Technik\nreference: invoice\numzug: zgeln\nankunftszustand: intakt\n','2012-11-03 10:53:02','2012-11-03 10:53:02'),(269,'qwlurr56ydgcs5gaw22q402','a1:94:e4:e6:3b:a5-03:16:8c:24:72:26-dd:92:aa:44:10:fd',284,176,258,1,NULL,NULL,'2008-11-17','2012-11-03',NULL,NULL,'1264.00',0,0,1,0,1,1,NULL,NULL,NULL,NULL,NULL,'--- !ruby/hash:ActiveSupport::HashWithIndifferentAccess\nanschaffungskategorie: AV-Technik\nreference: invoice\numzug: zgeln\nankunftszustand: intakt\n','2012-11-03 10:53:02','2012-11-03 10:53:02'),(270,'0msrdspa8ocz4jk6ekjs403','79:31:ca:cf:06:2c-76:d2:c0:a4:d6:bc-bc:e2:1c:14:a8:d4',284,177,259,2,NULL,NULL,'2009-08-27','2012-11-03',NULL,NULL,'402.00',0,0,1,0,1,1,NULL,NULL,NULL,NULL,NULL,'--- !ruby/hash:ActiveSupport::HashWithIndifferentAccess\nanschaffungskategorie: AV-Technik\nreference: invoice\numzug: zgeln\nankunftszustand: intakt\n','2012-11-03 10:53:02','2012-11-03 10:53:02'),(271,'khne3o9j7v611cyh8u1n404','2c:ff:6f:90:20:d2-0d:cf:30:b3:03:d7-6c:bf:c1:42:fa:a2',288,178,260,1,NULL,NULL,'2007-10-05','2012-11-03',NULL,NULL,'237.00',0,0,1,0,1,1,NULL,NULL,NULL,NULL,NULL,'--- !ruby/hash:ActiveSupport::HashWithIndifferentAccess\nanschaffungskategorie: AV-Technik\nreference: invoice\numzug: zgeln\nankunftszustand: intakt\n','2012-11-03 10:53:02','2012-11-03 10:53:02'),(272,'sech988x0g74e0gcwofo405','36:4d:54:46:5f:22-3e:b4:f1:ab:6f:90-16:a5:ff:1c:97:81',288,179,261,8,NULL,NULL,'2008-01-29','2012-11-03',NULL,NULL,'486.00',0,0,1,0,1,1,NULL,NULL,NULL,NULL,NULL,'--- !ruby/hash:ActiveSupport::HashWithIndifferentAccess\nanschaffungskategorie: AV-Technik\nreference: invoice\numzug: zgeln\nankunftszustand: intakt\n','2012-11-03 10:53:02','2012-11-03 10:53:02'),(273,'9mod57pwuungu3bq60ds406','c2:b6:2a:9e:cd:83-28:5a:0b:dd:6c:35-0f:4c:ef:b3:0f:c4',288,180,262,9,NULL,NULL,'2010-02-16','2012-11-03',NULL,NULL,'1215.00',0,0,1,0,1,1,NULL,NULL,NULL,NULL,NULL,'--- !ruby/hash:ActiveSupport::HashWithIndifferentAccess\nanschaffungskategorie: AV-Technik\nreference: invoice\numzug: zgeln\nankunftszustand: intakt\n','2012-11-03 10:53:02','2012-11-03 10:53:02'),(274,'tk7m2rx4ts7w5au0h2m3407','0c:7e:bb:4f:e3:54-19:be:f0:dc:26:bc-a5:4d:4a:3e:28:67',292,NULL,263,1,NULL,NULL,'2011-01-30','2012-11-03',NULL,NULL,'25.00',0,0,1,0,1,1,NULL,NULL,NULL,NULL,NULL,'--- !ruby/hash:ActiveSupport::HashWithIndifferentAccess\nanschaffungskategorie: AV-Technik\nreference: invoice\numzug: zgeln\nankunftszustand: intakt\n','2012-11-03 10:53:02','2012-11-03 10:53:02'),(275,'yyx3qizbbxoqvf4tmljt408','e9:ca:ac:a8:af:f9-a7:77:72:a5:24:2a-98:b4:5e:35:42:48',293,181,264,1,NULL,NULL,'2010-03-12','2012-11-03',NULL,NULL,'806.00',0,0,1,0,1,1,NULL,NULL,NULL,NULL,NULL,'--- !ruby/hash:ActiveSupport::HashWithIndifferentAccess\nanschaffungskategorie: AV-Technik\nreference: invoice\numzug: zgeln\nankunftszustand: intakt\n','2012-11-03 10:53:02','2012-11-03 10:53:02'),(276,'jbc2qlutkzedlf5ja01m409','e2:14:e1:64:bf:60-6a:73:42:93:f2:4a-64:79:1d:a6:7e:66',294,NULL,NULL,1,NULL,NULL,NULL,NULL,NULL,NULL,NULL,0,0,0,0,2,0,NULL,NULL,NULL,NULL,NULL,'--- !ruby/hash:ActiveSupport::HashWithIndifferentAccess\noperating_system:\n- windows\nlicense_type: concurrent\ntotal_quantity: 97\nreference: invoice\nactivation_type: none\nmaintenance_contract: \'false\'\n','2012-11-03 10:53:02','2012-11-03 10:53:02'),(277,'oeb860bqa3ekkl5nveix410','ef:b9:08:09:72:52-cd:aa:9e:a4:4e:d2-ff:a0:31:ed:76:c6',295,182,265,6,NULL,NULL,'2010-11-05','2012-11-03',NULL,NULL,'105.00',0,0,1,0,1,1,NULL,NULL,NULL,NULL,NULL,'--- !ruby/hash:ActiveSupport::HashWithIndifferentAccess\nanschaffungskategorie: AV-Technik\nreference: invoice\numzug: zgeln\nankunftszustand: intakt\n','2012-11-03 10:53:02','2012-11-03 10:53:02'),(278,'7ot9oy1sppcnxr38ws4p411','1b:6a:78:4c:c0:b6-a9:c2:13:d1:c9:0e-20:8a:25:00:5e:4e',295,183,266,6,NULL,NULL,'2010-03-17','2012-11-03',NULL,NULL,'1422.00',0,0,1,0,1,1,NULL,NULL,NULL,NULL,NULL,'--- !ruby/hash:ActiveSupport::HashWithIndifferentAccess\nanschaffungskategorie: AV-Technik\nreference: invoice\numzug: zgeln\nankunftszustand: intakt\n','2012-11-03 10:53:02','2012-11-03 10:53:02'),(279,'qdh3eourx439cmzjk16q412','60:58:ce:61:4a:bc-98:63:af:a9:65:12-a3:ba:b2:a8:7d:0a',295,184,267,11,NULL,NULL,'2011-11-29','2012-11-03',NULL,NULL,'536.00',0,0,1,0,1,1,NULL,NULL,NULL,NULL,NULL,'--- !ruby/hash:ActiveSupport::HashWithIndifferentAccess\nanschaffungskategorie: AV-Technik\nreference: invoice\numzug: zgeln\nankunftszustand: intakt\n','2012-11-03 10:53:02','2012-11-03 10:53:02');
/*!40000 ALTER TABLE `items` ENABLE KEYS */;
UNLOCK TABLES;

--
-- Table structure for table `languages`
--

DROP TABLE IF EXISTS `languages`;
/*!40101 SET @saved_cs_client     = @@character_set_client */;
/*!40101 SET character_set_client = utf8 */;
CREATE TABLE `languages` (
  `id` int(11) NOT NULL AUTO_INCREMENT,
  `name` varchar(255) COLLATE utf8_unicode_ci DEFAULT NULL,
  `locale_name` varchar(255) COLLATE utf8_unicode_ci DEFAULT NULL,
  `default` tinyint(1) DEFAULT NULL,
  `active` tinyint(1) DEFAULT NULL,
  PRIMARY KEY (`id`),
  UNIQUE KEY `index_languages_on_name` (`name`),
  KEY `index_languages_on_active_and_default` (`active`,`default`)
) ENGINE=InnoDB AUTO_INCREMENT=5 DEFAULT CHARSET=utf8 COLLATE=utf8_unicode_ci;
/*!40101 SET character_set_client = @saved_cs_client */;

--
-- Dumping data for table `languages`
--

LOCK TABLES `languages` WRITE;
/*!40000 ALTER TABLE `languages` DISABLE KEYS */;
INSERT INTO `languages` VALUES (1,'English','en-GB',1,1),(2,'Deutsch','de-CH',0,1),(3,'Castellano','es',0,1),(4,'Zrittsch','gsw-CH',0,1);
/*!40000 ALTER TABLE `languages` ENABLE KEYS */;
UNLOCK TABLES;

--
-- Table structure for table `locations`
--

DROP TABLE IF EXISTS `locations`;
/*!40101 SET @saved_cs_client     = @@character_set_client */;
/*!40101 SET character_set_client = utf8 */;
CREATE TABLE `locations` (
  `id` int(11) NOT NULL AUTO_INCREMENT,
  `room` varchar(255) COLLATE utf8_unicode_ci DEFAULT NULL,
  `shelf` varchar(255) COLLATE utf8_unicode_ci DEFAULT NULL,
  `building_id` int(11) DEFAULT NULL,
  PRIMARY KEY (`id`),
  KEY `index_locations_on_building_id` (`building_id`),
  CONSTRAINT `locations_building_id_fk` FOREIGN KEY (`building_id`) REFERENCES `buildings` (`id`)
) ENGINE=InnoDB AUTO_INCREMENT=185 DEFAULT CHARSET=utf8 COLLATE=utf8_unicode_ci;
/*!40101 SET character_set_client = @saved_cs_client */;

--
-- Dumping data for table `locations`
--

LOCK TABLES `locations` WRITE;
/*!40000 ALTER TABLE `locations` DISABLE KEYS */;
INSERT INTO `locations` VALUES (1,'Exoccaecati','optioquidem',2),(2,'Dolorumquo','providentconsequatur',3),(3,'Blanditiiseum','voluptatibusillo',4),(4,'Optiovelit','cumaccusantium',5),(5,'Atqueearum','eiusvoluptatem',6),(6,'Excepturivero','quiquo',7),(7,'Corporismodi','cupiditatedelectus',8),(8,'Laboreeum','laboriosamhic',9),(9,'Distinctionulla','voluptatemeligendi',10),(10,'Oditaccusamus','etillo',11),(11,'Praesentiumdoloribus','eumlaboriosam',12),(12,'Quoset','nihilin',13),(13,'Idincidunt','quidemdolores',14),(14,'Eumid','eamolestiae',15),(15,'Architectoquisquam','voluptasmollitia',16),(16,'Optioet','iddoloribus',17),(17,'Etveniam','aliquamrerum',18),(18,'Eosofficiis','officiarecusandae',19),(19,'Veritatisnesciunt','voluptatibuset',20),(20,'Deseruntest','etquidem',21),(21,'Involuptatem','necessitatibussunt',22),(22,'Autcum','etnostrum',23),(23,'Quasodio','facereet',24),(24,'Distinctiodignissimos','expeditased',25),(25,'Quisquamreiciendis','pariaturfugiat',26),(26,'Laboreharum','quisnatus',27),(27,'Doloremadipisci','inquia',28),(28,'Atquesit','inciduntvoluptas',29),(29,'Consecteturmolestiae','debitisnon',30),(30,'Idanimi','solutaet',31),(31,'Doloret','fugaveniam',32),(32,'Molestiaetempora','eteum',33),(33,'Maioresquia','esseut',34),(34,'Nobissit','voluptasut',35),(35,'Voluptatelabore','providentaut',36),(36,'Delenitivero','ateum',37),(37,'SQ2','Desk',38),(38,'UG 13','Ausgabe',39),(39,'Voluptatibusadipisci','utfuga',40),(40,'Etpossimus','eaofficiis',41),(41,'Aliquidperferendis','voluptatemdignissimos',42),(42,'Fugiatipsa','repellendusquae',43),(43,'Quidistinctio','ipsamiusto',44),(44,'Doloribusaperiam','utquod',45),(45,'Utdeleniti','etrepellat',46),(46,'Rerummolestiae','recusandaeofficia',47),(47,'Inventorequo','excepturiut',48),(48,'Illumqui','veroqui',49),(49,'Atqueea','consecteturdolorem',50),(50,'Itaquerepellendus','rerumut',51),(51,'Doloribusbeatae','estet',52),(52,'Mollitiaid','illofacere',53),(53,'Eosimpedit','ahic',54),(54,'Essedolores','nihilquidem',55),(55,'Etvoluptatem','atquemolestiae',56),(56,'Totamvoluptatem','quisequi',57),(57,'Quiscumque','molestiaeconsequuntur',58),(58,'Verosunt','quiarepellat',59),(59,'Estdeserunt','suntodio',60),(60,'Nemoab','debitistemporibus',61),(61,'Quovoluptates','nonsunt',62),(62,'Consequaturlaboriosam','doloraspernatur',63),(63,'Rerumet','officiisplaceat',64),(64,'Repellatfacere','enimodio',65),(65,'Numquamnon','eosexcepturi',66),(66,'Namsoluta','oditinventore',67),(67,'Veritatiseveniet','autvoluptatum',68),(68,'Perferendislaborum','reiciendissunt',69),(69,'Dolorsint','ipsaipsum',70),(70,'Veldoloribus','maioresautem',71),(71,'Quiahic','estofficiis',72),(72,'Autdignissimos','etvoluptas',73),(73,'Placeatmaxime','voluptatibusquia',74),(74,'Numquamnatus','laborefuga',75),(75,'Distinctioexpedita','istequia',76),(76,'Voluptatumlibero','sintquaerat',77),(77,'Consequunturvoluptas','inciduntsequi',78),(78,'Undenam','officiacum',79),(79,'Laudantiumducimus','cumquedelectus',80),(80,'Ducimusmagni','recusandaequam',81),(81,'Maximeut','adassumenda',82),(82,'Nonmolestiae','illorepellat',83),(83,'Delectusvoluptatem','deserunteos',84),(84,'Molestiaset','iurenon',85),(85,'Sintvoluptas','intempore',86),(86,'Rerumsint','minimaexplicabo',87),(87,'Eumquia','illodoloremque',88),(88,'Autemaut','fugiatculpa',89),(89,'Natusreprehenderit','ullamquis',90),(90,'Doloribusquaerat','istedolores',91),(91,'Assumendanulla','estaut',92),(92,'Utfacere','cumqueet',93),(93,'Cumqueut','voluptatesasperiores',94),(94,'Sapientefugiat','invero',95),(95,'Rerumeaque','omnisaut',96),(96,'Laboredolorem','occaecatinisi',97),(97,'Quiconsequatur','ipsumut',98),(98,'Officiisminus','ipsamaut',99),(99,'Autaperiam','isteest',100),(100,'Commodicupiditate','blanditiisearum',101),(101,'Rerumvoluptatem','totamquam',102),(102,'Illoconsequatur','eaut',103),(103,'Hicvel','nemoest',104),(104,'Autquod','etest',105),(105,'Doloresed','aperiamunde',106),(106,'Dictatempore','dolorefacilis',107),(107,'Quasipariatur','omniscorporis',108),(108,'Aspernaturexcepturi','repellatquisquam',109),(109,'Laudantiumsimilique','reiciendistenetur',110),(110,'Voluptatemtemporibus','quiaaperiam',111),(111,'Beataequos','facilisquaerat',112),(112,'Autaut','estconsequatur',113),(113,'Reprehenderitlaudantium','laborumvoluptatum',114),(114,'Quivoluptatem','modiet',115),(115,'Istedolorem','suntsit',116),(116,'Reprehenderitdeleniti','autaliquam',117),(117,'Quoet','quisexercitationem',118),(118,'Aliquamlabore','etnumquam',119),(119,'Animiaut','rationefuga',120),(120,'Nequevoluptatem','nesciuntblanditiis',122),(121,'Itaqueet','omniscumque',123),(122,'Consequaturofficia','accusantiumest',124),(123,'Laboredolorem','suntimpedit',125),(124,'Laboriosamimpedit','eaet',126),(125,'Cumquedolore','doloresrem',127),(126,'Recusandaeest','suscipitest',128),(127,'Earumaut','consequunturdolores',129),(128,'Repellendusdebitis','voluptaseveniet',130),(129,'Sedaspernatur','necessitatibusrem',131),(130,'Solutatotam','velomnis',132),(131,'Providentaut','utmaiores',133),(132,'Ipsamminus','errorquisquam',134),(133,'Sitpraesentium','estvel',135),(134,'Facilisdeserunt','deseruntsed',136),(135,'Liberoqui','etoccaecati',137),(136,'Reiciendisdolores','modivoluptas',138),(137,'Quidemaut','minusqui',139),(138,'Ducimusvoluptate','omnisdolorem',140),(139,'Quisalias','sitneque',141),(140,'Omnisut','cumtenetur',142),(141,'Quibusdamexercitationem','remdolor',143),(142,'Beataealiquid','providentest',144),(143,'Fugiatlaborum','autest',145),(144,'Doloremut','velvoluptatibus',146),(145,'Possimusamet','voluptatemblanditiis',147),(146,'Quiaconsequuntur','omnissunt',148),(147,'Aet','oditid',149),(148,'Estpariatur','rerumest',150),(149,'Quoconsequuntur','repellendusquo',151),(150,'Quaeratbeatae','eligendiducimus',152),(151,'Sintqui','cumqueatque',153),(152,'Doloreut','etperferendis',154),(153,'Providentvelit','aliasnecessitatibus',155),(154,'Modialiquid','nisisequi',156),(155,'Magniperferendis','inventorecorporis',157),(156,'Aperiamaut','harumsit',158),(157,'Quiarchitecto','quiqui',159),(158,'Perspiciatisab','sinteos',160),(159,'Saepeerror','quosquod',161),(160,'Commodiet','autaccusamus',162),(161,'Quiasit','etipsa',163),(162,'Ametadipisci','consequaturlaudantium',164),(163,'Estfuga','cumqueaut',165),(164,'Magnamnemo','autquia',166),(165,'Etvoluptate','doloresaut',167),(166,'Quiafuga','etqui',168),(167,'Quiavelit','quisquamin',169),(168,'Voluptatemea','verodistinctio',170),(169,'Eummaiores','autemexercitationem',171),(170,'Rationevelit','omnissint',172),(171,'Consequaturin','porrosunt',173),(172,'Magniqui','utneque',174),(173,'Nonnam','modifacilis',175),(174,'Porroaspernatur','voluptatumeum',176),(175,'Aiusto','blanditiisid',177),(176,'Excepturimaxime','quampossimus',178),(177,'Cumqueest','quiaut',179),(178,'Evenietqui','solutaet',180),(179,'Accusantiumquos','illumcumque',181),(180,'Modiomnis','quibusdamatque',182),(181,'Corruptiea','adipisciomnis',183),(182,'Perspiciatisvoluptates','sitet',184),(183,'Assumendaquo','quiquis',185),(184,'Esteaque','numquamut',186);
/*!40000 ALTER TABLE `locations` ENABLE KEYS */;
UNLOCK TABLES;

--
-- Table structure for table `model_group_links`
--

DROP TABLE IF EXISTS `model_group_links`;
/*!40101 SET @saved_cs_client     = @@character_set_client */;
/*!40101 SET character_set_client = utf8 */;
CREATE TABLE `model_group_links` (
  `id` int(11) NOT NULL AUTO_INCREMENT,
  `ancestor_id` int(11) DEFAULT NULL,
  `descendant_id` int(11) DEFAULT NULL,
  `direct` tinyint(1) DEFAULT NULL,
  `count` int(11) DEFAULT NULL,
  `label` varchar(255) COLLATE utf8_unicode_ci DEFAULT NULL,
  PRIMARY KEY (`id`),
  KEY `index_model_group_links_on_ancestor_id` (`ancestor_id`),
  KEY `index_model_group_links_on_direct` (`direct`),
  KEY `index_on_descendant_id_and_ancestor_id_and_direct` (`descendant_id`,`ancestor_id`,`direct`),
  CONSTRAINT `model_group_links_descendant_id_fk` FOREIGN KEY (`descendant_id`) REFERENCES `model_groups` (`id`),
  CONSTRAINT `model_group_links_ancestor_id_fk` FOREIGN KEY (`ancestor_id`) REFERENCES `model_groups` (`id`)
) ENGINE=InnoDB AUTO_INCREMENT=9 DEFAULT CHARSET=utf8 COLLATE=utf8_unicode_ci;
/*!40101 SET character_set_client = @saved_cs_client */;

--
-- Dumping data for table `model_group_links`
--

LOCK TABLES `model_group_links` WRITE;
/*!40000 ALTER TABLE `model_group_links` DISABLE KEYS */;
INSERT INTO `model_group_links` VALUES (1,2,10,1,1,NULL),(2,2,8,1,1,NULL),(3,5,10,1,1,NULL),(4,5,9,1,1,NULL),(5,1,9,1,1,NULL),(6,1,11,0,1,NULL),(7,5,11,0,1,NULL),(8,9,11,1,1,NULL);
/*!40000 ALTER TABLE `model_group_links` ENABLE KEYS */;
UNLOCK TABLES;

--
-- Table structure for table `model_groups`
--

DROP TABLE IF EXISTS `model_groups`;
/*!40101 SET @saved_cs_client     = @@character_set_client */;
/*!40101 SET character_set_client = utf8 */;
CREATE TABLE `model_groups` (
  `id` int(11) NOT NULL AUTO_INCREMENT,
  `type` varchar(255) COLLATE utf8_unicode_ci DEFAULT NULL,
  `name` varchar(255) COLLATE utf8_unicode_ci DEFAULT NULL,
  `created_at` datetime DEFAULT NULL,
  `updated_at` datetime DEFAULT NULL,
  PRIMARY KEY (`id`),
  KEY `index_model_groups_on_type` (`type`)
) ENGINE=InnoDB AUTO_INCREMENT=15 DEFAULT CHARSET=utf8 COLLATE=utf8_unicode_ci;
/*!40101 SET character_set_client = @saved_cs_client */;

--
-- Dumping data for table `model_groups`
--

LOCK TABLES `model_groups` WRITE;
/*!40000 ALTER TABLE `model_groups` DISABLE KEYS */;
INSERT INTO `model_groups` VALUES (1,'Category','Beamer','2012-11-03 10:53:02','2012-11-03 10:53:02'),(2,'Category','Kameras','2012-11-03 10:53:02','2012-11-03 10:53:02'),(3,'Category','Stative','2012-11-03 10:53:02','2012-11-03 10:53:02'),(4,'Category','Hifi-Anlagen','2012-11-03 10:53:02','2012-11-03 10:53:02'),(5,'Category','Notebooks','2012-11-03 10:53:02','2012-11-03 10:53:02'),(6,'Category','RC Helikopter','2012-11-03 10:53:02','2012-11-03 10:53:02'),(7,'Category','Computer','2012-11-03 10:53:02','2012-11-03 10:53:02'),(8,'Category','Kurzdistanz','2012-11-03 10:53:02','2012-11-03 10:53:02'),(9,'Category','Portabel','2012-11-03 10:53:02','2012-11-03 10:53:02'),(10,'Category','Standard','2012-11-03 10:53:02','2012-11-03 10:53:02'),(11,'Category','Micro','2012-11-03 10:53:02','2012-11-03 10:53:02'),(12,'Template','Kamera & Stativ','2012-11-03 10:53:02','2012-11-03 10:53:02'),(13,'Template','Beamer & Hifi','2012-11-03 10:53:02','2012-11-03 10:53:02'),(14,'Template','Unaccomplishable template','2012-11-03 10:53:02','2012-11-03 10:53:02');
/*!40000 ALTER TABLE `model_groups` ENABLE KEYS */;
UNLOCK TABLES;

--
-- Table structure for table `model_links`
--

DROP TABLE IF EXISTS `model_links`;
/*!40101 SET @saved_cs_client     = @@character_set_client */;
/*!40101 SET character_set_client = utf8 */;
CREATE TABLE `model_links` (
  `id` int(11) NOT NULL AUTO_INCREMENT,
  `model_group_id` int(11) DEFAULT NULL,
  `model_id` int(11) DEFAULT NULL,
  `quantity` int(11) DEFAULT '1',
  PRIMARY KEY (`id`),
  KEY `index_model_links_on_model_id_and_model_group_id` (`model_id`,`model_group_id`),
  KEY `index_model_links_on_model_group_id_and_model_id` (`model_group_id`,`model_id`),
  CONSTRAINT `model_links_model_id_fk` FOREIGN KEY (`model_id`) REFERENCES `models` (`id`),
  CONSTRAINT `model_links_model_group_id_fk` FOREIGN KEY (`model_group_id`) REFERENCES `model_groups` (`id`)
) ENGINE=InnoDB AUTO_INCREMENT=73 DEFAULT CHARSET=utf8 COLLATE=utf8_unicode_ci;
/*!40101 SET character_set_client = @saved_cs_client */;

--
-- Dumping data for table `model_links`
--

LOCK TABLES `model_links` WRITE;
/*!40000 ALTER TABLE `model_links` DISABLE KEYS */;
INSERT INTO `model_links` VALUES (1,1,50,1),(2,9,50,1),(3,1,51,1),(4,1,52,1),(5,1,54,1),(6,9,54,1),(7,11,55,1),(8,1,56,1),(9,1,57,1),(10,1,58,1),(11,1,59,1),(12,1,60,1),(13,1,61,1),(14,1,62,1),(15,1,63,1),(16,1,64,1),(17,1,65,1),(18,1,66,1),(19,1,67,1),(20,1,68,1),(21,1,69,1),(22,1,70,1),(23,1,71,1),(24,1,72,1),(25,1,73,1),(26,1,74,1),(27,1,75,1),(28,2,76,1),(29,2,77,1),(30,2,78,1),(31,2,79,1),(32,2,80,1),(33,2,81,1),(34,2,82,1),(35,2,83,1),(36,2,84,1),(37,2,85,1),(38,2,86,1),(39,2,87,1),(40,2,88,1),(41,2,89,1),(42,2,90,1),(43,2,91,1),(44,2,92,1),(45,2,93,1),(46,2,94,1),(47,2,95,1),(48,2,96,1),(49,2,97,1),(50,2,98,1),(51,2,99,1),(52,2,100,1),(53,2,101,1),(54,2,102,1),(55,2,103,1),(56,2,104,1),(57,2,105,1),(58,2,106,1),(59,4,107,1),(60,3,108,1),(61,12,76,1),(62,12,108,1),(63,13,50,1),(64,13,107,1),(65,14,76,999),(66,14,108,999),(67,2,141,1),(68,7,142,1),(69,5,143,1),(70,6,144,1),(71,6,145,1),(72,6,146,1);
/*!40000 ALTER TABLE `model_links` ENABLE KEYS */;
UNLOCK TABLES;

--
-- Table structure for table `models`
--

DROP TABLE IF EXISTS `models`;
/*!40101 SET @saved_cs_client     = @@character_set_client */;
/*!40101 SET character_set_client = utf8 */;
CREATE TABLE `models` (
  `id` int(11) NOT NULL AUTO_INCREMENT,
  `type` varchar(255) COLLATE utf8_unicode_ci NOT NULL DEFAULT 'Model',
  `manufacturer` varchar(255) COLLATE utf8_unicode_ci DEFAULT NULL,
  `product` varchar(255) COLLATE utf8_unicode_ci NOT NULL,
  `version` varchar(255) COLLATE utf8_unicode_ci DEFAULT NULL,
  `description` text COLLATE utf8_unicode_ci,
  `internal_description` text COLLATE utf8_unicode_ci,
  `info_url` varchar(255) COLLATE utf8_unicode_ci DEFAULT NULL,
  `rental_price` decimal(8,2) DEFAULT NULL,
  `maintenance_period` int(11) DEFAULT '0',
  `is_package` tinyint(1) DEFAULT '0',
  `technical_detail` text COLLATE utf8_unicode_ci,
  `hand_over_note` text COLLATE utf8_unicode_ci,
  `created_at` datetime DEFAULT NULL,
  `updated_at` datetime DEFAULT NULL,
  PRIMARY KEY (`id`),
  KEY `index_models_on_is_package` (`is_package`),
  KEY `index_models_on_type` (`type`)
) ENGINE=InnoDB AUTO_INCREMENT=299 DEFAULT CHARSET=utf8 COLLATE=utf8_unicode_ci;
/*!40101 SET character_set_client = @saved_cs_client */;

--
-- Dumping data for table `models`
--

LOCK TABLES `models` WRITE;
/*!40000 ALTER TABLE `models` DISABLE KEYS */;
INSERT INTO `models` VALUES (1,'Model','Champlin-Tillman','Awesome Plastic Table','325','Consequatur rerum minus omnis.','Ducimus perspiciatis autem vero voluptatum distinctio ut et.',NULL,NULL,3,0,'Optio est voluptas architecto id tempore amet facilis quia.','Quis commodi exercitationem ullam consequatur.','2012-11-03 10:53:02','2012-11-03 10:53:02'),(2,'Model','Towne-Tillman','Rustic Steel Table','326','Non commodi adipisci esse et qui ipsa architecto.','Doloribus officia blanditiis ea explicabo aut.',NULL,NULL,2,0,'Nobis aut id non ipsam qui.','Qui dolorem praesentium quia at et.','2012-11-03 10:53:02','2012-11-03 10:53:02'),(3,'Model','Dare-Stracke','Gorgeous Concrete Chair','327','Consectetur deserunt odit qui enim praesentium et maiores qui.','Necessitatibus ea asperiores rerum omnis voluptate.',NULL,NULL,2,0,'Magni eos inventore autem nisi nemo impedit ad cum.','Id cumque libero perspiciatis dolore inventore modi sit facere.','2012-11-03 10:53:02','2012-11-03 10:53:02'),(4,'Model','Miller, Beahan and Johns','Ergonomic Steel Computer','328','Aliquid a qui quasi earum.','Est unde recusandae similique nisi quasi.',NULL,NULL,1,0,'Porro doloribus est delectus deserunt et neque.','Aut in modi ipsam alias.','2012-11-03 10:53:02','2012-11-03 10:53:02'),(5,'Model','Ondricka Group','Gorgeous Steel Pants','329','Non quas optio eius dolor voluptas doloribus et itaque.','Illo deserunt repudiandae in laborum beatae rem tenetur nemo.',NULL,NULL,2,0,'Et voluptas ex omnis a et aut nihil.','Corporis illo inventore dolor.','2012-11-03 10:53:02','2012-11-03 10:53:02'),(6,'Model','Mosciski LLC','Sleek Plastic Car','330','Non maxime placeat corporis minima qui.','Voluptatibus molestiae nemo expedita rerum mollitia est quibusdam repellat.',NULL,NULL,3,0,'Placeat maiores quod aut ut.','Cum et consequatur voluptas vitae temporibus quasi earum.','2012-11-03 10:53:02','2012-11-03 10:53:02'),(7,'Model','Rau-Pouros','Practical Plastic Chair','331','Ex libero sint dolores voluptatem cum suscipit.','Quo omnis hic soluta dignissimos at sed.',NULL,NULL,3,0,'Aliquid sed non ipsam ipsum fugit.','Perferendis repellat animi fugiat dolor.','2012-11-03 10:53:02','2012-11-03 10:53:02'),(8,'Model','Mertz-Botsford','Sleek Rubber Pants','332','Commodi mollitia sit quod ea velit.','Veniam animi iure quaerat doloremque repellat corrupti.',NULL,NULL,0,0,'Voluptatibus deleniti fugit nihil commodi laudantium.','Ut consequatur aut velit pariatur dolor.','2012-11-03 10:53:02','2012-11-03 10:53:02'),(9,'Model','Wiegand, Nienow and Stamm','Intelligent Rubber Gloves','333','Porro sed quisquam unde quo.','Quia eos odit delectus earum in iure et debitis.',NULL,NULL,3,0,'Id pariatur soluta quam.','Qui quia hic quibusdam omnis tempora illo eveniet necessitatibus.','2012-11-03 10:53:02','2012-11-03 10:53:02'),(10,'Model','Little and Sons','Sleek Wooden Pants','334','Consequatur veritatis consequatur distinctio porro nobis aut nisi.','Et earum sint accusantium.',NULL,NULL,3,0,'Quae quia rem nam voluptas praesentium non.','Accusantium temporibus architecto autem nesciunt.','2012-11-03 10:53:02','2012-11-03 10:53:02'),(11,'Model','Hessel-Kuvalis','Intelligent Cotton Table','335','Molestiae sed enim dolor cupiditate omnis.','Delectus molestias odit deserunt ea possimus.',NULL,NULL,0,0,'Dolore quaerat velit inventore.','Qui dicta aut ut.','2012-11-03 10:53:02','2012-11-03 10:53:02'),(12,'Model','Wyman, Metz and Herman','Rustic Plastic Gloves','336','Magnam voluptas qui temporibus consequatur dolorem.','Vel eum ipsam sequi iste in ut exercitationem ducimus.',NULL,NULL,0,0,'Et corrupti et dolores.','Et nesciunt est saepe corporis facere tenetur autem.','2012-11-03 10:53:02','2012-11-03 10:53:02'),(13,'Model','Labadie, Lehner and Berge','Ergonomic Steel Gloves','337','Blanditiis vitae officiis veritatis ipsa id ducimus deserunt aut.','Rem consequatur iure dignissimos qui illum.',NULL,NULL,2,0,'Quos rerum optio aliquid ratione sint quibusdam nostrum et.','Earum est aut totam eum veritatis quia.','2012-11-03 10:53:02','2012-11-03 10:53:02'),(14,'Model','Reilly-Jacobson','Small Granite Shirt','338','Et sed consequatur incidunt.','At officiis quis inventore dolores quasi repellendus aut.',NULL,NULL,0,0,'Tempora non quos eos.','Quia qui ut sit dolores distinctio.','2012-11-03 10:53:02','2012-11-03 10:53:02'),(15,'Model','Murphy Inc','Sleek Plastic Computer','339','Vitae veritatis et debitis iste perspiciatis voluptas ea quia.','In saepe qui tenetur.',NULL,NULL,3,0,'Temporibus est sit voluptatibus.','Reprehenderit enim et quisquam rerum omnis consectetur.','2012-11-03 10:53:02','2012-11-03 10:53:02'),(16,'Model','Cronin-Jaskolski','Awesome Concrete Gloves','340','Et qui ab tenetur.','Qui voluptatem temporibus maxime.',NULL,NULL,1,0,'Veniam dolore rerum magnam ea quidem.','Error aut soluta fugiat porro.','2012-11-03 10:53:02','2012-11-03 10:53:02'),(17,'Model','King Inc','Awesome Plastic Gloves','341','Eos perferendis voluptas consequatur.','Sit enim possimus explicabo.',NULL,NULL,2,0,'Id ipsum laudantium tempore tenetur rem eius.','Recusandae occaecati in incidunt voluptas adipisci explicabo harum.','2012-11-03 10:53:02','2012-11-03 10:53:02'),(18,'Model','Torphy Inc','Awesome Wooden Chair','342','Eligendi quibusdam suscipit perspiciatis.','Est in at officiis in numquam placeat.',NULL,NULL,0,0,'Magnam rerum reprehenderit tenetur facere modi dolores ut dolorum.','Necessitatibus eum excepturi nostrum sit velit omnis magnam.','2012-11-03 10:53:02','2012-11-03 10:53:02'),(19,'Model','Kunze, Hilll and Lang','Small Plastic Computer','343','Sed qui consequuntur hic facere aut sed.','Et porro voluptatem et ut esse.',NULL,NULL,3,0,'Alias in sed atque necessitatibus laudantium qui voluptates.','Porro beatae in impedit velit aut.','2012-11-03 10:53:02','2012-11-03 10:53:02'),(20,'Model','Weber and Sons','Awesome Plastic Pants','344','Aut aspernatur harum sunt dolores facere.','Harum voluptate fuga corrupti.',NULL,NULL,1,0,'Optio aspernatur ut alias commodi nesciunt rerum.','Qui odit iusto esse consequuntur.','2012-11-03 10:53:02','2012-11-03 10:53:02'),(21,'Model','Goyette LLC','Practical Cotton Gloves','345','Unde officia inventore velit qui occaecati amet qui.','Nostrum eaque est necessitatibus provident molestiae facilis harum esse.',NULL,NULL,0,0,'Tempore doloremque repudiandae autem.','Quis et sit expedita.','2012-11-03 10:53:02','2012-11-03 10:53:02'),(22,'Model','Mann Group','Ergonomic Granite Shirt','346','Sit saepe corporis id deleniti eum et.','Molestias dolorem dignissimos nisi et dolor voluptatem totam nihil.',NULL,NULL,0,0,'Consequuntur voluptate deleniti asperiores id soluta dicta.','Est velit recusandae rem doloribus.','2012-11-03 10:53:02','2012-11-03 10:53:02'),(23,'Model','Howe, Jast and Rowe','Awesome Granite Shirt','347','Voluptas vitae ex dignissimos culpa numquam.','Itaque eaque occaecati suscipit impedit dolorem modi rerum ut.',NULL,NULL,0,0,'Tenetur suscipit nemo amet natus.','Et aut quia temporibus est.','2012-11-03 10:53:02','2012-11-03 10:53:02'),(24,'Model','Mosciski-Dicki','Sleek Plastic Table','348','Doloremque molestiae commodi at ut architecto.','Laudantium rerum iusto porro.',NULL,NULL,0,0,'Repellendus mollitia repellat natus voluptatem consequatur id perferendis.','Alias sequi fugit aut.','2012-11-03 10:53:02','2012-11-03 10:53:02'),(25,'Model','Armstrong-Runolfsdottir','Intelligent Concrete Shoes','349','Reprehenderit error pariatur sit velit quo repellat.','Illo fugit et debitis.',NULL,NULL,3,0,'Voluptas aut libero culpa dolore nemo.','Rerum ut et facere.','2012-11-03 10:53:02','2012-11-03 10:53:02'),(26,'Model','Spinka, Gislason and Hessel','Small Cotton Car','350','Rem reprehenderit nihil sint.','Et et non voluptate temporibus in quaerat.',NULL,NULL,1,0,'Deserunt id consequatur mollitia enim cum.','Et accusantium et illo error consequuntur vitae.','2012-11-03 10:53:02','2012-11-03 10:53:02'),(27,'Model','Beahan, Roberts and Parker','Practical Concrete Chair','351','Quo et quis earum eos.','Iure laudantium doloremque laboriosam nobis.',NULL,NULL,0,0,'Sed at consequatur culpa.','Voluptas accusamus repellat et excepturi sequi molestiae ut.','2012-11-03 10:53:02','2012-11-03 10:53:02'),(28,'Model','Streich, Bogisich and Stracke','Rustic Granite Shoes','352','Dolore consequatur velit debitis provident placeat nobis.','Cum ut pariatur accusamus reprehenderit est nam aut.',NULL,NULL,2,0,'Est et sint dolores impedit ut inventore veniam qui.','Aut eligendi aspernatur molestiae vel dolor commodi voluptate nulla.','2012-11-03 10:53:02','2012-11-03 10:53:02'),(29,'Model','Jenkins and Sons','Ergonomic Concrete Hat','353','Dolorum minima consequuntur placeat vel.','Ad vel quia eos corporis sapiente et quidem adipisci.',NULL,NULL,1,0,'Officia qui debitis maiores totam aut quos dolorum sed.','Voluptatem ut repellat nobis.','2012-11-03 10:53:02','2012-11-03 10:53:02'),(30,'Model','Rau and Sons','Gorgeous Granite Computer','354','Ea saepe et nemo ipsam quidem dolores sint.','Ut occaecati dolores optio corrupti alias saepe eaque aut.',NULL,NULL,3,0,'Nulla quia illo et et.','Officiis cum quos accusamus et.','2012-11-03 10:53:02','2012-11-03 10:53:02'),(31,'Model','Ziemann-Feil','Practical Granite Hat','355','Qui velit iste nesciunt nisi error voluptas voluptatem.','Voluptatem officia non nesciunt consequatur.',NULL,NULL,2,0,'Facilis facere nostrum quo optio et unde at dolorem.','Delectus vitae soluta fugiat omnis sed dicta.','2012-11-03 10:53:02','2012-11-03 10:53:02'),(32,'Model','Spinka Group','Ergonomic Plastic Table','356','Dolore voluptas esse repellendus ducimus corporis laboriosam odio.','Aut quas et amet ullam.',NULL,NULL,3,0,'Excepturi nihil inventore neque recusandae odio eius.','Rerum iure qui vero.','2012-11-03 10:53:02','2012-11-03 10:53:02'),(33,'Model','Leannon, Towne and Farrell','Practical Granite Computer','357','Inventore earum repudiandae soluta eius veritatis exercitationem alias.','Ut voluptas voluptas sint et id numquam sapiente optio.',NULL,NULL,1,0,'Odit quasi eos voluptatibus sunt qui.','Quibusdam qui necessitatibus fuga labore.','2012-11-03 10:53:02','2012-11-03 10:53:02'),(34,'Model','Lockman-Jaskolski','Rustic Concrete Hat','358','Explicabo illo nisi ut laborum unde maxime velit.','Et a non dolorem cupiditate tenetur non est.',NULL,NULL,0,0,'Aliquam ut id repudiandae nesciunt doloremque reiciendis officia.','Nisi ad quia reiciendis ipsa.','2012-11-03 10:53:02','2012-11-03 10:53:02'),(35,'Model','Muller and Sons','Gorgeous Cotton Car','359','Fuga unde aut quis.','Id iste et doloremque.',NULL,NULL,1,0,'Qui animi enim minus.','Possimus esse non harum.','2012-11-03 10:53:02','2012-11-03 10:53:02'),(36,'Model','Cummerata, Ullrich and Okuneva','Awesome Rubber Table','360','Aspernatur quia expedita quo ut ratione.','Repellat voluptatibus maiores cupiditate sint.',NULL,NULL,2,0,'Ut soluta nihil odio minus ipsam.','Impedit dolore vitae voluptatem.','2012-11-03 10:53:02','2012-11-03 10:53:02'),(37,'Model','Kub and Sons','Incredible Cotton Pants','361','Quibusdam reprehenderit voluptas dolores nam quia eos qui iste.','Fugit et rerum repellat esse voluptatem libero.',NULL,NULL,1,0,'Ut quaerat dolorem labore incidunt vel.','Ut ut totam possimus rerum veritatis.','2012-11-03 10:53:02','2012-11-03 10:53:02'),(38,'Model','Schultz-Herzog','Practical Cotton Shoes','362','Qui ut ipsa consequuntur doloribus.','Velit ut distinctio id sunt dolores pariatur.',NULL,NULL,0,0,'Temporibus alias nihil molestias assumenda dolorem beatae nam.','Inventore rerum et eum deserunt.','2012-11-03 10:53:02','2012-11-03 10:53:02'),(39,'Model','Kling-Rippin','Incredible Rubber Gloves','363','Voluptas unde et nihil.','Ipsa eum nihil est aut nesciunt eius vel corporis.',NULL,NULL,3,0,'Laboriosam sunt ut cum rerum reiciendis nobis omnis inventore.','Sunt nesciunt eos praesentium rerum ut omnis.','2012-11-03 10:53:02','2012-11-03 10:53:02'),(40,'Model','Olson and Sons','Small Wooden Pants','364','Fuga est praesentium saepe.','Cumque cupiditate quibusdam nemo praesentium et magni corrupti.',NULL,NULL,1,0,'Sequi est laboriosam earum ea.','Fugiat consectetur tenetur quia optio perspiciatis.','2012-11-03 10:53:02','2012-11-03 10:53:02'),(41,'Model','Gulgowski and Sons','Rustic Concrete Table','365','Voluptas et velit nihil perspiciatis consectetur modi in.','Beatae dolorem quos non velit doloribus rerum.',NULL,NULL,2,0,'Repellendus distinctio sed quia dolores eaque velit cum vero.','Quam sunt voluptatum provident ut consectetur natus.','2012-11-03 10:53:02','2012-11-03 10:53:02'),(42,'Model','Weber, Jerde and Prohaska','Small Concrete Hat','366','Sequi voluptates sed vitae aliquam perferendis iusto et.','In adipisci ad sed est omnis voluptatum aperiam iste.',NULL,NULL,2,0,'Doloremque sint vel ad porro eos ipsa earum nisi.','Eos rem nemo animi quo.','2012-11-03 10:53:02','2012-11-03 10:53:02'),(43,'Model','Kuhn LLC','Incredible Wooden Computer','367','Possimus pariatur explicabo ipsum vel sint non expedita.','Sed explicabo voluptatem eaque non mollitia saepe qui numquam.',NULL,NULL,3,0,'Accusantium cumque quo voluptates.','Animi doloribus error ut aut.','2012-11-03 10:53:02','2012-11-03 10:53:02'),(44,'Model','Daugherty-Heidenreich','Ergonomic Cotton Shoes','368','Consequatur illum earum laborum repudiandae est labore assumenda perspiciatis.','Ex iusto expedita ut quam veritatis corporis.',NULL,NULL,0,0,'Reprehenderit ipsam corporis exercitationem tempora.','Sed consequuntur architecto facilis hic eligendi quis.','2012-11-03 10:53:02','2012-11-03 10:53:02'),(45,'Model','Greenfelder-Robel','Practical Wooden Computer','369','Qui recusandae eveniet porro inventore.','Harum et et esse autem.',NULL,NULL,2,0,'Eum dolores sed voluptas voluptas.','Animi sunt ipsum quisquam recusandae repellat.','2012-11-03 10:53:02','2012-11-03 10:53:02'),(46,'Model','Kilback, Brekke and Senger','Gorgeous Steel Chair','370','Nisi impedit veritatis et suscipit dolor et nulla.','Soluta non eos et est illo voluptatem.',NULL,NULL,3,0,'Eaque magni quis consequatur laboriosam est praesentium.','Ipsum sint nulla sed molestiae consectetur in voluptas.','2012-11-03 10:53:02','2012-11-03 10:53:02'),(47,'Model','Crooks Inc','Gorgeous Granite Car','371','Soluta voluptatem totam voluptatem.','Iste voluptatem doloremque id enim modi sint.',NULL,NULL,0,0,'Sunt aut placeat sapiente rerum.','Omnis vero odio et aliquam sunt.','2012-11-03 10:53:02','2012-11-03 10:53:02'),(48,'Model','Crona Inc','Incredible Cotton Shirt','372','Rem dolores optio et incidunt ratione aut.','Maxime sequi sed tempora dolor blanditiis nihil fugiat corrupti.',NULL,NULL,1,0,'Voluptatem perspiciatis itaque sunt iste doloremque iusto aut.','Ratione est ut rerum eligendi perferendis labore magni.','2012-11-03 10:53:02','2012-11-03 10:53:02'),(49,'Model','Apple','MacBookPro','373','Laptop fr Studis und Angestellte.','Modi minima temporibus molestiae deserunt enim eligendi.',NULL,NULL,0,0,'Aut magnam saepe velit officiis iusto.','Mit Verpackung aushndigen.','2012-11-03 10:53:02','2012-11-03 10:53:02'),(50,'Model','Sharp','Sharp Beamer','123','Beamer, geeignet fr alle Verwendungszwecke.','Fugit voluptatem vero non.',NULL,NULL,0,0,'Soluta saepe adipisci debitis cumque sint dolor eius.','Beamer brauch ein VGA Kabel!','2012-11-03 10:53:02','2012-11-03 10:53:02'),(51,'Model','Sharp','Sharp Beamer 2D','374','Beamer, geeignet fr alle Verwendungszwecke.','Distinctio cupiditate aliquid laudantium mollitia et asperiores.',NULL,NULL,0,0,'Voluptatem voluptas ea id sit voluptatem minus quibusdam.','Voluptatum assumenda iure veritatis odit.','2012-11-03 10:53:02','2012-11-03 10:53:02'),(52,'Model','Panasonic','Mini Beamer','375','Beamer, geeignet fr alle Verwendungszwecke.','Repellendus in unde alias dignissimos ut nihil.',NULL,NULL,0,0,'Qui sit non fuga neque.','Culpa aliquam tempora dolor porro magnam quaerat sint voluptatibus.','2012-11-03 10:53:02','2012-11-03 10:53:02'),(53,'Model','Sharp','Sharp Beamer','456','Beamer, geeignet fr alle Verwendungszwecke.','Aut architecto magnam ut ut facilis voluptatem.',NULL,NULL,0,0,'Saepe nihil ea in eos sed aut iusto.','Beamer brauch ein VGA Kabel!','2012-11-03 10:53:02','2012-11-03 10:53:02'),(54,'Model','Sony','Ultra Compact Beamer','376','Besonders kleiner Beamer.','Enim fugit nulla dolorem.',NULL,NULL,0,0,'Natus minima vel illum doloremque quis voluptate repellat ut.','Beamer brauch ein VGA Kabel!','2012-11-03 10:53:02','2012-11-03 10:53:02'),(55,'Model','Micro','Micro Beamer','377','Besonders mikro kleiner Beamer.','Dolorum et earum odio fugit corrupti optio.',NULL,NULL,0,0,'Doloribus totam non velit mollitia hic.','Beamer brauch ein VGA Kabel!','2012-11-03 10:53:02','2012-11-03 10:53:02'),(56,'Model','Sony','Beamer 1 voluptate','378','Rem ut eum saepe animi ducimus porro.','Nemo aut vero laborum.',NULL,NULL,0,0,'Necessitatibus adipisci et officiis aut deleniti corrupti optio.','Beamer brauch ein VGA Kabel!','2012-11-03 10:53:02','2012-11-03 10:53:02'),(57,'Model','Sony','Beamer 2 consequatur','379','Sequi veniam sunt ab.','Aut sed quos quisquam pariatur veritatis dolores iste blanditiis.',NULL,NULL,0,0,'Excepturi voluptates dolor cupiditate modi.','Beamer brauch ein VGA Kabel!','2012-11-03 10:53:02','2012-11-03 10:53:02'),(58,'Model','Sony','Beamer 3 saepe','380','Quod tempore occaecati quia at aliquam veniam sint impedit.','Numquam accusamus et amet sunt expedita.',NULL,NULL,0,0,'Et ducimus iure veniam at est expedita repellendus.','Beamer brauch ein VGA Kabel!','2012-11-03 10:53:02','2012-11-03 10:53:02'),(59,'Model','Sony','Beamer 4 dolores','381','Magni officiis nihil fugit blanditiis aut.','Eaque consequatur esse rerum qui aliquid.',NULL,NULL,0,0,'Sed est tempora et.','Beamer brauch ein VGA Kabel!','2012-11-03 10:53:02','2012-11-03 10:53:02'),(60,'Model','Sony','Beamer 5 sequi','382','Ex ea veritatis distinctio voluptate nobis dolore quo.','Voluptas dolorum est earum autem perspiciatis unde veritatis enim.',NULL,NULL,0,0,'Pariatur harum quam aliquid nihil.','Beamer brauch ein VGA Kabel!','2012-11-03 10:53:02','2012-11-03 10:53:02'),(61,'Model','Sony','Beamer 6 iure','383','Placeat tempore rerum sit.','Rerum voluptatem nulla voluptatem eius tempora ut.',NULL,NULL,0,0,'Dolorum fugit saepe laudantium beatae dolor.','Beamer brauch ein VGA Kabel!','2012-11-03 10:53:02','2012-11-03 10:53:02'),(62,'Model','Sony','Beamer 7 dolor','384','Sunt commodi voluptas veniam cumque.','Velit earum recusandae minus quo exercitationem.',NULL,NULL,0,0,'Officia aliquam id perferendis dolorum non ad dicta.','Beamer brauch ein VGA Kabel!','2012-11-03 10:53:02','2012-11-03 10:53:02'),(63,'Model','Sony','Beamer 8 eaque','385','Et expedita quia esse ea praesentium voluptatibus aut.','Qui quas delectus nobis unde et.',NULL,NULL,0,0,'Adipisci quia quasi quia ut ea ut.','Beamer brauch ein VGA Kabel!','2012-11-03 10:53:02','2012-11-03 10:53:02'),(64,'Model','Sony','Beamer 9 ut','386','Commodi expedita et saepe voluptatem neque.','Facere vel exercitationem ex.',NULL,NULL,0,0,'Deleniti sed perferendis dolor sequi dignissimos sunt blanditiis.','Beamer brauch ein VGA Kabel!','2012-11-03 10:53:02','2012-11-03 10:53:02'),(65,'Model','Sony','Beamer 10 ea','387','Maiores labore fuga quaerat reprehenderit eligendi nulla.','Id ratione quo adipisci laboriosam qui enim tenetur.',NULL,NULL,0,0,'Et accusantium ut similique magnam.','Beamer brauch ein VGA Kabel!','2012-11-03 10:53:02','2012-11-03 10:53:02'),(66,'Model','Sony','Beamer 11 enim','388','Quo ex magnam rerum incidunt velit temporibus.','Nostrum in voluptatem tenetur natus.',NULL,NULL,0,0,'Et nihil vitae provident ea officiis ipsam inventore.','Beamer brauch ein VGA Kabel!','2012-11-03 10:53:02','2012-11-03 10:53:02'),(67,'Model','Sony','Beamer 12 ut','389','Dicta quo est voluptatem doloremque.','Eaque dolorem quibusdam sint sunt non.',NULL,NULL,0,0,'Ducimus cumque rerum asperiores repudiandae adipisci.','Beamer brauch ein VGA Kabel!','2012-11-03 10:53:02','2012-11-03 10:53:02'),(68,'Model','Sony','Beamer 13 officiis','390','Qui expedita laudantium consectetur magni est.','Voluptatem ratione dolorem perspiciatis molestiae nobis sed consequatur voluptas.',NULL,NULL,0,0,'Soluta velit ad rem minus enim est.','Beamer brauch ein VGA Kabel!','2012-11-03 10:53:02','2012-11-03 10:53:02'),(69,'Model','Sony','Beamer 14 eum','391','Vero voluptatem quia quisquam minima.','Ut occaecati hic id culpa voluptates.',NULL,NULL,0,0,'Ea sed velit et consequatur eaque qui dolorem aut.','Beamer brauch ein VGA Kabel!','2012-11-03 10:53:02','2012-11-03 10:53:02'),(70,'Model','Sony','Beamer 15 dolor','392','Quia corrupti quis aut est.','Enim debitis dolor voluptas corporis aut labore est neque.',NULL,NULL,0,0,'Qui aut amet accusantium asperiores repellat nesciunt necessitatibus.','Beamer brauch ein VGA Kabel!','2012-11-03 10:53:02','2012-11-03 10:53:02'),(71,'Model','Sony','Beamer 16 cum','393','Tempora et ipsam eligendi aspernatur deleniti optio.','Qui accusantium voluptates non perspiciatis aut.',NULL,NULL,0,0,'Ut est architecto consequatur ducimus quo odio consequatur.','Beamer brauch ein VGA Kabel!','2012-11-03 10:53:02','2012-11-03 10:53:02'),(72,'Model','Sony','Beamer 17 animi','394','Nobis quis deleniti placeat consectetur culpa consequatur.','Quibusdam ad libero aperiam perspiciatis.',NULL,NULL,0,0,'Expedita velit dolorem dolores sint provident autem dicta.','Beamer brauch ein VGA Kabel!','2012-11-03 10:53:02','2012-11-03 10:53:02'),(73,'Model','Sony','Beamer 18 quis','395','Sunt earum fugiat velit voluptas atque magni sit porro.','Esse aut suscipit ea quia qui.',NULL,NULL,0,0,'Adipisci magnam quia iusto temporibus nihil.','Beamer brauch ein VGA Kabel!','2012-11-03 10:53:02','2012-11-03 10:53:02'),(74,'Model','Sony','Beamer 19 earum','396','Quia doloremque nemo ducimus accusantium deleniti est dolor.','Repudiandae rerum voluptatum omnis cum sed voluptatem dolores.',NULL,NULL,0,0,'Ad tempora odit corporis expedita similique non.','Beamer brauch ein VGA Kabel!','2012-11-03 10:53:02','2012-11-03 10:53:02'),(75,'Model','Sony','Beamer 20 rerum','397','Enim autem rem quo occaecati vel porro maiores.','Aliquam modi est perferendis eaque.',NULL,NULL,0,0,'Quae cupiditate earum id velit quod.','Beamer brauch ein VGA Kabel!','2012-11-03 10:53:02','2012-11-03 10:53:02'),(76,'Model','Nikon','Kamera Nikon','X12','Super Kamera.','Distinctio sed sit ipsam a totam.',NULL,NULL,0,0,'Ex blanditiis cupiditate aspernatur.','Kamera brauch Akkus!','2012-11-03 10:53:02','2012-11-03 10:53:02'),(77,'Model','Nikon','Camera 1 ad','398','Provident inventore maxime illo ipsam aut.','Cum praesentium quae in.',NULL,NULL,0,0,'Dolorem voluptas et similique.','Deserunt minima aut magni cum nulla.','2012-11-03 10:53:02','2012-11-03 10:53:02'),(78,'Model','Nikon','Camera 2 dolorem','399','Aut molestias alias est ut sed.','Aut alias cum hic impedit facilis voluptates fugiat.',NULL,NULL,0,0,'Quaerat ut quo et tempore enim expedita.','Et voluptatem praesentium harum architecto et voluptatem.','2012-11-03 10:53:02','2012-11-03 10:53:02'),(79,'Model','Nikon','Camera 3 illo','400','Cupiditate qui consectetur aut labore tempore veniam.','Est explicabo quia vel.',NULL,NULL,0,0,'Expedita sint ad omnis molestias ut sed cumque voluptate.','Magni tenetur et eius dolorem.','2012-11-03 10:53:02','2012-11-03 10:53:02'),(80,'Model','Nikon','Camera 4 saepe','401','Dignissimos cumque quidem voluptate consequatur voluptas.','Tempora veniam natus corporis itaque qui placeat sed et.',NULL,NULL,0,0,'Ut fugiat ipsa in sint et sit eaque.','Quia repellat nesciunt dolorem dignissimos.','2012-11-03 10:53:02','2012-11-03 10:53:02'),(81,'Model','Nikon','Camera 5 rerum','402','Voluptas qui quia qui sit.','Adipisci aut fugiat eum dolorem.',NULL,NULL,0,0,'Et quas at perspiciatis nobis perferendis.','Voluptas sit molestiae vero.','2012-11-03 10:53:02','2012-11-03 10:53:02'),(82,'Model','Nikon','Camera 6 inventore','403','Odit optio explicabo et.','Voluptatem officiis sed a.',NULL,NULL,0,0,'Facere accusantium ut animi voluptatibus temporibus voluptas fugiat.','Et quis voluptatem et non in quia.','2012-11-03 10:53:02','2012-11-03 10:53:02'),(83,'Model','Nikon','Camera 7 vel','404','Quia dicta animi dolorem dolores voluptate voluptatum voluptatem.','Est aliquid itaque provident quasi aut delectus qui.',NULL,NULL,0,0,'Quisquam dicta iusto qui sed veniam porro quidem et.','Molestiae harum ratione velit magnam ut itaque asperiores.','2012-11-03 10:53:02','2012-11-03 10:53:02'),(84,'Model','Nikon','Camera 8 et','405','Officia velit doloremque numquam ut quasi tempore.','Laborum iure ullam a.',NULL,NULL,0,0,'Unde reiciendis ut autem sunt tempore velit ea.','Mollitia et quibusdam repudiandae ut consectetur.','2012-11-03 10:53:02','2012-11-03 10:53:02'),(85,'Model','Nikon','Camera 9 rerum','406','Nostrum voluptatum qui possimus.','Voluptatem aut ratione consequuntur.',NULL,NULL,0,0,'Possimus deserunt est accusamus in.','Nisi eveniet autem aut porro.','2012-11-03 10:53:02','2012-11-03 10:53:02'),(86,'Model','Nikon','Camera 10 dicta','407','Rem assumenda omnis eaque doloremque eos.','Omnis rerum labore totam suscipit nihil et.',NULL,NULL,0,0,'Suscipit veritatis facilis eos consequuntur et.','Perspiciatis soluta qui repudiandae aut.','2012-11-03 10:53:02','2012-11-03 10:53:02'),(87,'Model','Nikon','Camera 11 tempora','408','Ut quaerat blanditiis temporibus reprehenderit ab.','Incidunt rem est ad neque vero voluptatem natus.',NULL,NULL,0,0,'Commodi eos neque id labore voluptatum maiores.','Repellendus ratione autem sint.','2012-11-03 10:53:02','2012-11-03 10:53:02'),(88,'Model','Nikon','Camera 12 beatae','409','Omnis dolor molestias eum provident est quo aliquam sequi.','Aut aut nihil reprehenderit.',NULL,NULL,0,0,'Perferendis porro ex quisquam eaque corporis omnis.','Sequi alias molestias facere omnis.','2012-11-03 10:53:02','2012-11-03 10:53:02'),(89,'Model','Nikon','Camera 13 delectus','410','Amet rerum qui possimus nulla corrupti et fugit.','Necessitatibus voluptates sit consequatur eveniet possimus.',NULL,NULL,0,0,'Qui eos earum omnis harum nisi officiis.','Et ratione ex ut reiciendis mollitia.','2012-11-03 10:53:02','2012-11-03 10:53:02'),(90,'Model','Nikon','Camera 14 minus','411','Unde voluptatem aut atque harum quibusdam.','Nulla cum alias quisquam commodi ratione qui.',NULL,NULL,0,0,'Dolor voluptate nihil non dicta eos.','Odit beatae eveniet ad fugit tempora officia est.','2012-11-03 10:53:02','2012-11-03 10:53:02'),(91,'Model','Nikon','Camera 15 dolor','412','Est non autem necessitatibus cum.','Autem maxime eos omnis quisquam ut quae est.',NULL,NULL,0,0,'Nulla deleniti cum commodi eveniet qui.','Est est saepe similique voluptatem maxime.','2012-11-03 10:53:02','2012-11-03 10:53:02'),(92,'Model','Nikon','Camera 16 earum','413','Quisquam esse ipsum id perspiciatis quas recusandae et.','Nihil reprehenderit dolor aliquam aperiam enim.',NULL,NULL,0,0,'Suscipit repudiandae esse quia voluptatibus expedita et inventore.','Rerum ad dignissimos consequuntur earum iusto.','2012-11-03 10:53:02','2012-11-03 10:53:02'),(93,'Model','Nikon','Camera 17 esse','414','Cum ut praesentium repellendus enim nihil a ipsam aut.','Quasi consequatur error doloremque.',NULL,NULL,0,0,'Et eius rerum vitae recusandae consequatur quo et.','Quasi et non culpa commodi harum eum.','2012-11-03 10:53:02','2012-11-03 10:53:02'),(94,'Model','Nikon','Camera 18 nesciunt','415','Odio atque est aut et.','Soluta dolores aut eius.',NULL,NULL,0,0,'Quae et possimus at doloremque voluptas aspernatur incidunt.','Error eos tempore ex dolores voluptas reprehenderit numquam.','2012-11-03 10:53:02','2012-11-03 10:53:02'),(95,'Model','Nikon','Camera 19 eveniet','416','Laudantium a et omnis doloribus repellendus et et.','Unde sit dicta voluptatum libero.',NULL,NULL,0,0,'Aliquid fugit et ex doloremque incidunt cupiditate.','Voluptatibus omnis doloribus quas a.','2012-11-03 10:53:02','2012-11-03 10:53:02'),(96,'Model','Nikon','Camera 20 consequatur','417','Delectus quas ipsa enim dolor voluptas cumque impedit quo.','Consequatur sed voluptas dolorem nesciunt quo ipsa odio.',NULL,NULL,0,0,'Alias error ratione velit occaecati incidunt corporis asperiores sunt.','Nobis blanditiis consequatur laborum architecto qui facilis ut veniam.','2012-11-03 10:53:02','2012-11-03 10:53:02'),(97,'Model','Nikon','Camera 21 fugit','418','Quo autem deleniti neque iure.','Et non nihil veniam fugiat quod aperiam explicabo.',NULL,NULL,0,0,'Molestias dicta corporis odit illum et culpa iusto voluptatem.','Fugiat error nemo quam culpa nihil voluptas animi id.','2012-11-03 10:53:02','2012-11-03 10:53:02'),(98,'Model','Nikon','Camera 22 ratione','419','Qui porro pariatur similique perferendis eum voluptas.','Id vel in excepturi corrupti vero autem quo incidunt.',NULL,NULL,0,0,'Ipsa adipisci explicabo quis sunt voluptas provident nemo.','Consectetur consequuntur iusto enim est.','2012-11-03 10:53:02','2012-11-03 10:53:02'),(99,'Model','Nikon','Camera 23 tenetur','420','Rerum velit porro quia fugiat sint.','Esse beatae vel ut inventore sapiente molestias.',NULL,NULL,0,0,'Voluptates harum et sint totam iure itaque quam.','Occaecati sit explicabo ullam quia harum et.','2012-11-03 10:53:02','2012-11-03 10:53:02'),(100,'Model','Nikon','Camera 24 tempore','421','Dolores alias sunt est aut iusto ea voluptatem libero.','At explicabo voluptatem iusto blanditiis deleniti in.',NULL,NULL,0,0,'Sit ut deserunt consequatur magnam sit.','Blanditiis debitis accusantium laudantium minus doloribus aspernatur.','2012-11-03 10:53:02','2012-11-03 10:53:02'),(101,'Model','Nikon','Camera 25 libero','422','Incidunt perspiciatis alias vero sapiente ea voluptas praesentium.','Enim a minima vel.',NULL,NULL,0,0,'Animi commodi itaque alias aliquid inventore voluptate enim.','Dolorem voluptatibus libero excepturi aliquam culpa autem ea.','2012-11-03 10:53:02','2012-11-03 10:53:02'),(102,'Model','Nikon','Camera 26 voluptatem','423','Quidem voluptatum voluptate est quia voluptas molestiae et.','Est enim mollitia atque vitae aut nisi et quia.',NULL,NULL,0,0,'Occaecati est ad assumenda nobis aut.','Ut dolor veniam est omnis et quae.','2012-11-03 10:53:02','2012-11-03 10:53:02'),(103,'Model','Nikon','Camera 27 beatae','424','Non dignissimos voluptatem id magnam.','Reiciendis blanditiis quidem fugiat saepe sapiente dolorem qui.',NULL,NULL,0,0,'Quidem ut exercitationem beatae autem ipsa aut.','Eaque ullam et blanditiis mollitia.','2012-11-03 10:53:02','2012-11-03 10:53:02'),(104,'Model','Nikon','Camera 28 et','425','Iusto in totam quam et incidunt consequatur aut.','Nobis repudiandae aut sunt.',NULL,NULL,0,0,'Et ut dolores illum consequatur aut culpa.','Temporibus et sit enim id.','2012-11-03 10:53:02','2012-11-03 10:53:02'),(105,'Model','Nikon','Camera 29 vero','426','Maxime rerum totam sit quibusdam et aliquid eum cumque.','Qui qui dolores architecto vel in voluptas tempore omnis.',NULL,NULL,0,0,'Accusamus nulla delectus recusandae neque.','Et qui et veniam nihil libero sit et dicta.','2012-11-03 10:53:02','2012-11-03 10:53:02'),(106,'Model','Nikon','Camera 30 placeat','427','Fuga eos nesciunt voluptatem in quod.','Voluptates occaecati ducimus perferendis.',NULL,NULL,0,0,'Quod ducimus maiores architecto ipsum.','Quis sed officiis ducimus placeat suscipit.','2012-11-03 10:53:02','2012-11-03 10:53:02'),(107,'Model','Sony','Hifi Standard','428','Ut itaque dicta error aut occaecati ducimus.','Rerum pariatur cum veritatis velit maiores et.',NULL,NULL,1,0,'Minus aperiam quas repellendus et et velit.','Totam maxime aut non ea dolorum laudantium non.','2012-11-03 10:53:02','2012-11-03 10:53:02'),(108,'Model','Feli','Kamera Stativ','123','Stabiles Kamera Stativ','Temporibus itaque ad eos eveniet vitae odio.',NULL,NULL,0,0,'Dolores sed quia non officia ipsam odio quae numquam.','Stativ muss mit Stativtasche ausgehndigt werden.','2012-11-03 10:53:02','2012-11-03 10:53:02'),(109,'Model','Bose','BoseFantastic Wooden Gloves','429','Illo eaque voluptas sunt repellendus aliquam. Totam dolorum minima non. Deserunt ea distinctio illum quo voluptas numquam.','Tempore illum ab quia hic earum aut sapiente.',NULL,NULL,0,0,'Exercitationem quo voluptas reiciendis.','Sunt id consequatur perferendis quaerat molestiae.','2012-11-03 10:53:02','2012-11-03 10:53:02'),(110,'Model','Bose','BosePractical Cotton Car','430','Id saepe molestiae voluptatem eum voluptas praesentium. Culpa laudantium consequatur laboriosam iure itaque incidunt. Labore tempore perferendis libero incidunt modi.','Consequatur ut sunt dolorem et.',NULL,NULL,0,0,'Placeat soluta labore aliquid voluptate tempora.','Et vitae voluptas placeat nesciunt hic excepturi velit.','2012-11-03 10:53:02','2012-11-03 10:53:02'),(111,'Model','Schowalter and Sons','Kamera Set','434','Ea repellendus amet sapiente.','Sequi laboriosam delectus reprehenderit.',NULL,NULL,0,1,'Reprehenderit et nihil dolore consequuntur quam molestiae sunt.','Doloribus aut dolor velit neque error.','2012-11-03 10:53:02','2012-11-03 10:53:02'),(112,'Model','Aufderhar, Sanford and Feeney','Awesome Granite Gloves','435','Omnis molestiae veritatis eligendi corrupti vero pariatur.','Et ipsum qui exercitationem id magnam distinctio.',NULL,NULL,0,0,'Ut sed minima dolorem quia quisquam et dolore.','Sapiente aut vero ad ut rerum quidem qui.','2012-11-03 10:53:02','2012-11-03 10:53:02'),(113,'Model','Tromp, Barrows and McClure','Ergonomic Cotton Shirt','436','Incidunt voluptas non occaecati alias laborum voluptatum pariatur numquam.','Inventore consequatur nulla doloribus ipsa quia mollitia.',NULL,NULL,1,0,'Repudiandae hic quae est accusamus tenetur nihil.','Officia vitae optio facilis ipsum quia qui ut.','2012-11-03 10:53:02','2012-11-03 10:53:02'),(114,'Model','Toy LLC','Small Wooden Gloves','437','Molestias voluptatem amet maxime harum illo quis nihil illum.','Vero maiores omnis voluptas ut quidem.',NULL,NULL,2,0,'Magni nisi sunt amet.','Rerum enim illum et ipsa incidunt odit aut.','2012-11-03 10:53:02','2012-11-03 10:53:02'),(115,'Model','Botsford Group','Awesome Cotton Table','438','Repudiandae iure doloribus maiores esse.','Voluptatibus magni minima voluptas recusandae architecto rerum.',NULL,NULL,2,0,'Est minus est libero laborum omnis ut amet voluptatem.','Asperiores est velit excepturi provident voluptatum laboriosam.','2012-11-03 10:53:02','2012-11-03 10:53:02'),(116,'Model','McGlynn, Kozey and Doyle','Awesome Granite Chair','439','Mollitia ex alias quia sequi.','Sapiente dolorem ex earum.',NULL,NULL,3,0,'Reiciendis saepe quae sunt eius totam et voluptatibus.','Sit eum quo ipsam quia.','2012-11-03 10:53:02','2012-11-03 10:53:02'),(117,'Model','Hackett, Kulas and Borer','Ergonomic Plastic Shoes','440','Reiciendis magni doloremque aut.','Quisquam sequi mollitia autem quia ea.',NULL,NULL,0,0,'Quia repudiandae iste blanditiis quia.','Aut eligendi reiciendis aut optio porro ipsum qui earum.','2012-11-03 10:53:02','2012-11-03 10:53:02'),(118,'Model','Schaden, Smitham and Rath','Intelligent Granite Shoes','441','Minus aliquam adipisci voluptatem vel.','Ut error aut maiores voluptatem saepe dolor.',NULL,NULL,1,0,'Ratione nesciunt aut quia tempora non est sit necessitatibus.','Dolore modi voluptatem quidem.','2012-11-03 10:53:02','2012-11-03 10:53:02'),(119,'Model','Collier-Klocko','Intelligent Wooden Car','442','Omnis recusandae doloribus autem facilis.','Sit delectus quam nobis voluptates suscipit quaerat et.',NULL,NULL,3,0,'Eaque ut hic possimus praesentium.','Excepturi similique tempora architecto qui ipsam et ratione veritatis.','2012-11-03 10:53:02','2012-11-03 10:53:02'),(120,'Model','Bogisich-Monahan','Ergonomic Steel Hat','443','Odit sed laudantium nesciunt maiores dolores doloribus sint et.','Recusandae molestiae id et quo.',NULL,NULL,2,0,'Dignissimos quis iusto ut quibusdam ad praesentium eius ullam.','Assumenda quae autem voluptate tenetur explicabo rem esse omnis.','2012-11-03 10:53:02','2012-11-03 10:53:02'),(121,'Model','D\'Amore Group','Fantastic Wooden Gloves','444','Quis nostrum enim fuga.','Voluptate reiciendis voluptatum ipsum.',NULL,NULL,0,0,'Magni enim voluptas nisi quam repellat enim nam sed.','Facere temporibus magni mollitia perferendis et quos omnis.','2012-11-03 10:53:02','2012-11-03 10:53:02'),(122,'Model','Greenholt-Anderson','Sleek Rubber Shirt','445','Odit in sed cupiditate adipisci rerum.','Est aut libero ducimus quas aperiam eius voluptatem quo.',NULL,NULL,2,0,'Animi vero sed et sequi delectus in quae expedita.','Voluptatem nesciunt inventore voluptas harum excepturi.','2012-11-03 10:53:02','2012-11-03 10:53:02'),(123,'Model','Hermann-Hagenes','Gorgeous Wooden Computer','446','Quia sapiente et at officiis vero maiores cumque quae.','Maiores debitis non sint.',NULL,NULL,1,0,'Ducimus qui eum voluptas ratione tempora aperiam nam.','Ut velit ipsum repudiandae unde sed reiciendis est.','2012-11-03 10:53:02','2012-11-03 10:53:02'),(124,'Model','Abshire-Gleason','Kamera Set2','447','Sequi molestias quam qui aut eveniet.','Ipsum et delectus voluptas voluptas fuga quidem odit.',NULL,NULL,2,1,'Nisi voluptatum saepe sit consectetur et alias.','Provident dolorum ducimus voluptate ut fugiat id molestiae.','2012-11-03 10:53:02','2012-11-03 10:53:02'),(125,'Model','Pfeffer, Quitzon and Swift','Intelligent Wooden Gloves','448','Occaecati id culpa sint.','Esse voluptatem incidunt sunt rerum eligendi.',NULL,NULL,2,0,'Eum quo provident eum doloribus natus vitae.','Voluptatem iste aperiam aut occaecati.','2012-11-03 10:53:02','2012-11-03 10:53:02'),(126,'Model','Hessel-Gutkowski','Awesome Wooden Pants','449','Laboriosam aperiam deserunt alias atque dignissimos et.','Eos et animi ducimus et.',NULL,NULL,2,0,'Ut quas est blanditiis quibusdam molestiae.','Sunt cupiditate est et deleniti officiis dignissimos tenetur atque.','2012-11-03 10:53:02','2012-11-03 10:53:02'),(127,'Model','Prohaska LLC','Fantastic Concrete Car','450','Facilis consequatur modi nostrum est pariatur repudiandae at.','Minima illum quis aut illo.',NULL,NULL,1,0,'Non debitis vel quia voluptas.','Adipisci nam aut neque rerum vel.','2012-11-03 10:53:02','2012-11-03 10:53:02'),(128,'Model','Daugherty Inc','Awesome Steel Computer','451','Et sequi maiores cumque nulla magni consequatur rem debitis.','Debitis in voluptas tenetur accusamus magnam adipisci.',NULL,NULL,1,0,'Officiis et ea est odit.','Nihil fugiat dicta deleniti facere quia explicabo excepturi.','2012-11-03 10:53:02','2012-11-03 10:53:02'),(129,'Model','Johnston-Hegmann','Awesome Steel Table','452','Impedit ea adipisci aut aspernatur.','Ab sed eos quasi ad aut provident omnis.',NULL,NULL,0,0,'Aut rerum praesentium ex suscipit neque facilis dicta omnis.','Expedita unde ducimus quae.','2012-11-03 10:53:02','2012-11-03 10:53:02'),(130,'Model','Breitenberg and Sons','Intelligent Rubber Shirt','453','Quae aliquid ratione ut earum.','Rerum suscipit molestiae voluptatibus architecto.',NULL,NULL,2,0,'Ea id dolor deserunt nam veniam.','Alias perferendis error rerum nostrum facilis sunt debitis atque.','2012-11-03 10:53:02','2012-11-03 10:53:02'),(131,'Model','Mohr-Ruecker','Intelligent Rubber Hat','454','Rem nobis cumque libero magni amet aspernatur veritatis harum.','Ut doloribus eos quos mollitia voluptas asperiores nemo.',NULL,NULL,2,0,'Autem modi harum perferendis adipisci ullam.','Qui aperiam voluptatibus officia totam et.','2012-11-03 10:53:02','2012-11-03 10:53:02'),(132,'Model','King, Muller and Pacocha','Gorgeous Rubber Shirt','455','Itaque rerum fugit quis amet.','Id nulla consequatur assumenda dignissimos et possimus quasi reiciendis.',NULL,NULL,1,0,'Perferendis sapiente tempore dolorum iste sint vel.','Autem tempora quis quia voluptatem.','2012-11-03 10:53:02','2012-11-03 10:53:02'),(133,'Model','Cruickshank, Walsh and Schumm','Gorgeous Granite Chair','456','Quis velit inventore a autem perferendis expedita rem.','Voluptatum modi labore recusandae enim asperiores.',NULL,NULL,2,0,'Libero ex aut omnis soluta sequi.','Libero odit ad ipsum aperiam enim.','2012-11-03 10:53:02','2012-11-03 10:53:02'),(134,'Model','Pouros, McGlynn and Bradtke','Sleek Cotton Table','457','Enim magnam in natus.','Dolor qui possimus debitis qui necessitatibus eum error sapiente.',NULL,NULL,2,0,'Sequi consequatur error nam neque ex a itaque tempore.','Sunt voluptatum laborum debitis libero eos incidunt qui.','2012-11-03 10:53:02','2012-11-03 10:53:02'),(135,'Model','Hilll-Schroeder','Rustic Wooden Pants','458','Quibusdam ipsam id at autem velit.','Aut voluptatibus voluptas omnis occaecati voluptatem.',NULL,NULL,1,0,'Cupiditate id at quis illum aut quas.','Sint voluptas minima aut.','2012-11-03 10:53:02','2012-11-03 10:53:02'),(136,'Model','Reynolds-Leffler','Fantastic Granite Chair','459','Et odio rerum eligendi et omnis autem.','Natus pariatur corporis est omnis.',NULL,NULL,2,0,'Magni perferendis nam pariatur quos non dicta.','Ut fugiat voluptatem eum omnis.','2012-11-03 10:53:02','2012-11-03 10:53:02'),(137,'Model','VonRueden-Lowe','Small Plastic Hat','460','Deserunt accusamus in repudiandae necessitatibus eveniet hic enim illo.','Nam accusamus ut perspiciatis eius aut reiciendis enim.',NULL,NULL,2,0,'Harum asperiores maxime corrupti explicabo et voluptatum occaecati.','Ut omnis consequuntur temporibus inventore vel.','2012-11-03 10:53:02','2012-11-03 10:53:02'),(138,'Model','Zieme-Pacocha','Intelligent Wooden Chair','461','Modi qui similique recusandae dicta.','Qui necessitatibus et velit veniam tempore ea.',NULL,NULL,3,0,'Assumenda deleniti velit accusantium blanditiis quia ut aut.','Aut eligendi adipisci tenetur sed voluptas quis fugit.','2012-11-03 10:53:02','2012-11-03 10:53:02'),(139,'Model','Turner-Block','Practical Plastic Pants','462','Enim et quo sed aut suscipit excepturi eligendi est.','Soluta doloribus reprehenderit id explicabo similique error.',NULL,NULL,3,0,'Est ut accusantium animi ut et sunt dolor repudiandae.','In minima molestias repudiandae et ut illum harum expedita.','2012-11-03 10:53:02','2012-11-03 10:53:02'),(140,'Model','Keebler, Oberbrunner and Von','Incredible Steel Gloves','463','Voluptatem velit quas commodi possimus.','In nihil commodi quaerat.',NULL,NULL,1,0,'Quia et ut culpa voluptas et.','Aperiam officiis nemo quia non facere et.','2012-11-03 10:53:02','2012-11-03 10:53:02'),(141,'Model','Canon','Kamera Canon D5','464','Ganz teure Kamera','Beatae possimus quia officiis ut consequatur.',NULL,NULL,0,0,'Beatae velit illum voluptatum iste qui eum.','Kamera brauch Akkus!','2012-11-03 10:53:02','2012-11-03 10:53:02'),(142,'Model','Apple','iMac','465','Apples alter iMac','Nostrum ullam illum qui et incidunt dolorem dolorem.',NULL,NULL,0,0,'Placeat laudantium est nam doloribus error veniam.','Facere eum dolores delectus.','2012-11-03 10:53:02','2012-11-03 10:53:02'),(143,'Model','Microsoft','Windows Laptop','466','Ein Laptop der Marke Microsoft','Libero laudantium harum ea dolorem.',NULL,NULL,0,0,'Est enim accusamus non eum quibusdam.','Laptop mit Tasche ausgeben','2012-11-03 10:53:02','2012-11-03 10:53:02'),(144,'Model','Walkera','Walkera v120','1G','3D Helikopter','Beatae recusandae rem illo asperiores vero vitae fuga.',NULL,NULL,0,0,'Culpa sit impedit commodi praesentium.','Consectetur dolor fugit voluptatem ipsum eligendi ut vitae illum.','2012-11-03 10:53:02','2012-11-03 10:53:02'),(145,'Model','Walkera','Walkera v120','2G','3D Helikopter','Tenetur velit possimus nam veniam culpa voluptas.',NULL,NULL,0,0,'Nisi consequatur natus commodi eum unde.','Molestias laborum veritatis error expedita rerum praesentium omnis iure.','2012-11-03 10:53:02','2012-11-03 10:53:02'),(146,'Model','Walkera','Walkera v120','3G','3D Helikopter','Aut nisi voluptas iure.',NULL,NULL,0,0,'Eum libero facere laudantium et.','Ratione vel asperiores dicta aut cum recusandae.','2012-11-03 10:53:02','2012-11-03 10:53:02'),(147,'Software','Ferry LLC','Intelligent Wooden Hat','467',NULL,NULL,NULL,NULL,0,0,NULL,NULL,'2012-11-03 10:53:02','2012-11-03 10:53:02'),(148,'Software','Schowalter, Wyman and Wiegand','Practical Rubber Shirt','468',NULL,NULL,NULL,NULL,0,0,NULL,NULL,'2012-11-03 10:53:02','2012-11-03 10:53:02'),(149,'Software','Leuschke LLC','Gorgeous Cotton Hat','469',NULL,NULL,NULL,NULL,0,0,NULL,NULL,'2012-11-03 10:53:02','2012-11-03 10:53:02'),(150,'Software','Kirlin Group','Fantastic Concrete Computer','470',NULL,NULL,NULL,NULL,0,0,NULL,NULL,'2012-11-03 10:53:02','2012-11-03 10:53:02'),(151,'Software','Bergnaum, Towne and Pacocha','Intelligent Steel Gloves','471',NULL,NULL,NULL,NULL,0,0,NULL,NULL,'2012-11-03 10:53:02','2012-11-03 10:53:02'),(152,'Software','Jacobs LLC','Small Steel Pants','472',NULL,NULL,NULL,NULL,0,0,NULL,NULL,'2012-11-03 10:53:02','2012-11-03 10:53:02'),(153,'Software','Konopelski-Olson','Awesome Rubber Hat','473',NULL,NULL,NULL,NULL,0,0,NULL,NULL,'2012-11-03 10:53:02','2012-11-03 10:53:02'),(154,'Software','Corwin LLC','Incredible Steel Pants','474',NULL,NULL,NULL,NULL,0,0,NULL,NULL,'2012-11-03 10:53:02','2012-11-03 10:53:02'),(155,'Software','Okuneva-Hudson','Gorgeous Concrete Gloves','475',NULL,NULL,NULL,NULL,0,0,'test http://test.ch\r\nwww.foo.ch\r\njust a text',NULL,'2012-11-03 10:53:02','2012-11-03 10:53:02'),(156,'Software','Stanton and Sons','Gorgeous Cotton Computer','476',NULL,NULL,NULL,NULL,0,0,'test http://test.ch\r\nwww.foo.ch\r\njust a text',NULL,'2012-11-03 10:53:02','2012-11-03 10:53:02'),(157,'Software','Gutkowski, Hoppe and Greenfelder','Practical Wooden Shirt','477',NULL,NULL,NULL,NULL,0,0,NULL,NULL,'2012-11-03 10:53:02','2012-11-03 10:53:02'),(158,'Model','Reichert Group','Small Cotton Shoes',NULL,'Porro facilis aut eos nostrum et debitis.','Voluptatem cupiditate non tempore fugiat.',NULL,NULL,1,0,'Similique eos autem quibusdam rem omnis ab quia.','Laudantium placeat fugiat error autem sit omnis.','2012-11-03 10:53:02','2012-11-03 10:53:02'),(159,'Model','Halvorson-Lockman','Small Rubber Shoes','478','Et sint mollitia qui pariatur.','Sint corporis aut molestias id et nesciunt debitis vero.',NULL,NULL,2,0,'Dolore et natus ut similique.','Dignissimos asperiores enim perspiciatis facere aperiam.','2012-10-30 21:10:59','2012-10-30 21:10:59'),(160,'Model','Reinger, Hettinger and Wilderman','Small Plastic Gloves','479','Nobis veniam provident dolorem.','Ut eos neque sit eum.',NULL,NULL,3,0,'Fugit iste et officia rerum aspernatur possimus ipsum provident.','Aut reiciendis velit sed esse vel quam.','2012-10-30 21:10:59','2012-10-30 21:10:59'),(161,'Model','McGlynn, MacGyver and Stracke','Sleek Granite Chair','480','Ab ea explicabo beatae.','Fugit ipsum placeat modi.',NULL,NULL,0,0,'Dolor rerum voluptatibus quia beatae aliquid.','Sit nostrum deleniti officia.','2012-10-30 21:10:59','2012-10-30 21:10:59'),(162,'Model','Reichert, Wunsch and Schultz','Rustic Concrete Chair','481','Quasi consequuntur explicabo repellat.','Ipsum corporis repellat aut quis voluptatem reiciendis ipsam velit.',NULL,NULL,3,0,'Cum eius consequatur consequuntur.','Fuga assumenda et cupiditate amet ut.','2012-10-30 21:10:59','2012-10-30 21:10:59'),(163,'Model','McKenzie, Tillman and Halvorson','Awesome Concrete Shirt','482','Et eaque temporibus ipsa.','Molestias voluptatem doloribus eaque dicta ipsa fuga et.',NULL,NULL,3,0,'Dolorum excepturi ipsam quam aliquam a quos qui ut.','Qui id accusamus aspernatur cum est tempore maiores.','2012-10-30 21:10:59','2012-10-30 21:10:59'),(164,'Model','Turner-Berge','Ergonomic Cotton Car','483','Nemo qui molestiae aliquid.','Quia mollitia saepe quaerat debitis consectetur reprehenderit sapiente.',NULL,NULL,1,0,'Voluptatibus inventore sed esse soluta facilis.','Sequi commodi temporibus earum illo.','2012-10-30 21:10:59','2012-10-30 21:10:59'),(165,'Model','Daniel, Rodriguez and Hirthe','Ergonomic Wooden Shirt','484','Consequatur a placeat sunt magni sapiente omnis cum.','Expedita autem occaecati autem accusamus.',NULL,NULL,2,0,'Consequuntur ut explicabo sit ad nisi.','Quia minima voluptatem natus deleniti nam corrupti odit.','2012-10-30 21:10:59','2012-10-30 21:10:59'),(166,'Model','Grady Inc','Rustic Wooden Gloves','485','Voluptatem omnis dolorum voluptas autem id magni aut.','Quaerat doloremque autem quibusdam temporibus quia.',NULL,NULL,3,0,'Dolor vel aspernatur et cupiditate repudiandae voluptate doloremque.','Omnis animi expedita et aut totam aliquam.','2012-10-30 21:10:59','2012-10-30 21:10:59'),(167,'Model','Kreiger, Kirlin and Pagac','Fantastic Steel Chair','486','Sed soluta modi aspernatur aut.','Fuga qui ab et pariatur.',NULL,NULL,1,0,'Et possimus iste officiis temporibus ut rerum eligendi ex.','Provident voluptas fugiat laudantium odit et nisi iure.','2012-10-30 21:10:59','2012-10-30 21:10:59'),(168,'Model','Spinka LLC','Intelligent Plastic Car','487','Tempora quam reiciendis repellat eveniet architecto tenetur non.','Tempore in non itaque consequatur sunt.',NULL,NULL,3,0,'Corrupti maiores sed ut dolorum laboriosam culpa.','Eum corrupti vel unde.','2012-10-30 21:10:59','2012-10-30 21:10:59'),(169,'Model','Toy-Runolfsdottir','Fantastic Granite Shoes','488','Modi rerum accusantium quaerat.','Totam illum consequatur quo possimus.',NULL,NULL,1,0,'Et deleniti cumque aut repellat consectetur.','Quaerat ab deleniti ad dolor.','2012-10-30 21:10:59','2012-10-30 21:10:59'),(170,'Model','Ortiz, Schimmel and O\'Connell','Small Plastic Chair','489','Minima sequi consequatur debitis eum veniam.','Ipsam in quibusdam odio labore qui quia id dolores.',NULL,NULL,1,0,'Sunt est molestias qui nulla.','Quaerat nihil repellendus aperiam provident ut.','2012-10-30 21:10:59','2012-10-30 21:10:59'),(171,'Model','Olson-Nader','Rustic Rubber Hat','490','Odio ut velit suscipit modi enim.','Non quibusdam maxime sit maiores aliquam at laudantium doloremque.',NULL,NULL,3,0,'Quia iste nostrum corporis perspiciatis officiis distinctio libero error.','Corporis rerum ex rerum mollitia deleniti dolorum laudantium.','2012-10-30 21:10:59','2012-10-30 21:10:59'),(172,'Model','Bashirian-Goyette','Intelligent Steel Shirt','491','Commodi est explicabo suscipit.','Nihil possimus voluptas aut.',NULL,NULL,0,0,'Iusto quam maxime voluptas id quia.','Unde soluta laborum asperiores commodi.','2012-10-30 21:10:59','2012-10-30 21:10:59'),(173,'Model','O\'Reilly-Homenick','Rustic Wooden Hat','492','Incidunt est id porro.','Pariatur commodi perspiciatis nulla.',NULL,NULL,3,0,'Omnis minima repellendus ut qui asperiores qui.','Nostrum assumenda qui quis vero at.','2012-10-30 21:10:59','2012-10-30 21:10:59'),(174,'Model','Stracke-Hirthe','Ergonomic Granite Chair','493','Suscipit debitis quod consequatur corrupti ea.','Est dolores ut fugiat sed quas.',NULL,NULL,1,0,'Nihil velit et placeat dolore impedit sapiente.','Ipsa culpa corporis pariatur consequatur.','2012-10-30 21:10:59','2012-10-30 21:10:59'),(175,'Model','Stokes-Cormier','Awesome Cotton Shirt','494','Ad molestiae labore tempore est qui enim consequatur quaerat.','Eum magnam cum aspernatur illo molestias eius et.',NULL,NULL,2,0,'Reprehenderit soluta culpa sit aut nihil qui quas.','Est mollitia eius necessitatibus.','2012-10-30 21:10:59','2012-10-30 21:10:59'),(176,'Model','Barton-Rau','Practical Wooden Pants','495','Reiciendis blanditiis quo ab unde dolorum consequuntur.','Est nesciunt omnis quo quam qui repudiandae dolorum magnam.',NULL,NULL,0,0,'Vero non ullam molestiae quo ipsam.','Expedita aspernatur quibusdam voluptates sed quos.','2012-10-30 21:10:59','2012-10-30 21:10:59'),(177,'Model','Brown Group','Sleek Concrete Gloves','496','Dolorem nulla voluptatibus qui sed.','Temporibus non laudantium rerum voluptas.',NULL,NULL,1,0,'Sint nostrum molestiae incidunt qui est facere dolore nesciunt.','Sit sed ad ut.','2012-10-30 21:10:59','2012-10-30 21:10:59'),(178,'Model','Bode, Leffler and Tillman','Small Rubber Car','497','Eaque consectetur sunt velit debitis nisi nobis.','Ipsum accusantium perspiciatis tenetur eum.',NULL,NULL,2,0,'Porro aut explicabo vel veritatis.','Quo minus aliquam omnis qui labore autem voluptate fuga.','2012-10-30 21:10:59','2012-10-30 21:10:59'),(179,'Model','Huels, Wisoky and Spinka','Practical Granite Shoes','498','Iste beatae nobis provident dolorem veniam quia sed.','Nisi praesentium nihil expedita quos.',NULL,NULL,2,0,'Quo impedit culpa et.','Est dolores quia qui ut.','2012-10-30 21:10:59','2012-10-30 21:10:59'),(180,'Model','Jones and Sons','Small Wooden Shirt','499','Illo voluptatibus consequuntur maxime.','Debitis dolores vero veritatis est et natus reprehenderit.',NULL,NULL,3,0,'Eius deleniti libero voluptas sit aliquam.','Suscipit quasi vitae at eveniet voluptatum qui ipsa repudiandae.','2012-10-30 21:10:59','2012-10-30 21:10:59'),(181,'Model','Kohler-Muller','Practical Plastic Shoes','500','Voluptatem repudiandae labore maiores inventore aliquid.','Ea facilis eum dolorum libero nulla illum.',NULL,NULL,1,0,'Eos accusamus aliquid omnis omnis sint.','Mollitia amet rerum enim voluptatem.','2012-10-30 21:10:59','2012-10-30 21:10:59'),(182,'Model','Koelpin Inc','Small Steel Computer','501','Aliquid quos consequatur ducimus.','Impedit tempore ducimus nisi.',NULL,NULL,1,0,'Asperiores id ea nostrum.','Aut atque reprehenderit voluptas dolor earum sed.','2012-10-30 21:10:59','2012-10-30 21:10:59'),(183,'Model','Connelly-Price','Small Rubber Chair','502','Dolor nulla quo quaerat aut maiores sit.','Dolores eos cumque necessitatibus aut.',NULL,NULL,1,0,'Et assumenda rem quia unde suscipit.','Laudantium ut quo qui qui neque deleniti et.','2012-10-30 21:10:59','2012-10-30 21:10:59'),(184,'Model','Walker, Rice and Roberts','Practical Rubber Table','503','Autem expedita quo non suscipit voluptatem velit esse.','Quam eos asperiores in eveniet mollitia molestias possimus ex.',NULL,NULL,1,0,'Saepe quis et repellat eligendi vel et sint.','Et et sed qui consequatur.','2012-10-30 21:10:59','2012-10-30 21:10:59'),(185,'Model','Harvey Group','Rustic Wooden Car','504','Suscipit nulla aut eius blanditiis.','Sequi ut saepe fugit.',NULL,NULL,2,0,'Consequuntur qui sequi totam.','Saepe rem esse magni voluptatum et nostrum ad velit.','2012-10-29 08:44:20','2012-10-29 08:44:20'),(186,'Model','Herman and Sons','Gorgeous Cotton Table','505','Est quaerat ad sed.','Earum magni enim sunt in.',NULL,NULL,2,0,'Autem dolores voluptate molestias sequi sit inventore.','Eaque laudantium sunt dignissimos et.','2012-10-29 08:44:20','2012-10-29 08:44:20'),(187,'Model','Boyer, Crist and Cummerata','Gorgeous Granite Hat','506','Voluptatibus ratione ab fugiat tenetur dolore voluptatum veniam asperiores.','Ad qui quod sapiente aliquam architecto.',NULL,NULL,3,0,'Et ea non accusamus facere et modi.','Tenetur ex quo quod similique.','2012-10-29 08:44:20','2012-10-29 08:44:20'),(188,'Model','Heathcote-Von','Fantastic Rubber Gloves','507','Assumenda minima sint dolorem pariatur excepturi quae accusamus velit.','Nostrum molestiae aut rerum corporis est repudiandae.',NULL,NULL,3,0,'Similique porro et et.','Laudantium culpa fuga aliquid numquam.','2012-11-02 19:54:13','2012-11-02 19:54:13'),(189,'Model','Kuvalis LLC','Rustic Plastic Shirt','508','Exercitationem voluptatem voluptates quidem.','Tempore esse nihil qui veniam.',NULL,NULL,3,0,'Voluptas non culpa nemo aut sed voluptates.','Voluptatem et laboriosam quia et culpa beatae.','2012-11-02 19:54:13','2012-11-02 19:54:13'),(190,'Model','Emmerich, Hettinger and Cormier','Gorgeous Concrete Shoes','509','Et eos nam unde voluptatem possimus porro dolore eaque.','Vel vero sit ut.',NULL,NULL,0,0,'Temporibus rerum qui ea qui itaque error aut.','Et quidem vitae est quae aut.','2012-11-02 19:54:13','2012-11-02 19:54:13'),(191,'Model','Metz, Kub and Wisoky','Ergonomic Plastic Chair','510','Facilis quia enim est.','Qui et dolorem non dolore.',NULL,NULL,1,0,'Aut et ut at aspernatur dolorum blanditiis perferendis.','Quibusdam molestiae hic facere id et culpa.','2012-11-02 19:54:13','2012-11-02 19:54:13'),(192,'Model','Emmerich Inc','Incredible Cotton Hat','511','Porro et rerum magni quos sunt est quisquam aut.','Accusamus quo voluptatibus et ut sapiente.',NULL,NULL,0,0,'Aut voluptates tempore est qui.','Quam maiores consequatur fuga necessitatibus et.','2012-11-02 19:54:13','2012-11-02 19:54:13'),(193,'Model','Armstrong, Mueller and Ferry','Sleek Rubber Table','512','Qui est esse omnis perferendis cupiditate fugit.','Id facere cum dignissimos.',NULL,NULL,2,0,'Nisi occaecati numquam mollitia ea distinctio.','Error cumque ducimus tenetur dignissimos quo aut optio eos.','2012-11-02 19:54:13','2012-11-02 19:54:13'),(194,'Model','Nolan, Ebert and Lueilwitz','Ergonomic Steel Chair','513','In cupiditate consectetur iusto.','Dolor qui quis nisi perferendis ad.',NULL,NULL,1,0,'Repudiandae velit magnam ea voluptatem.','Magni accusamus voluptas dolores quia qui eius.','2012-11-02 19:54:13','2012-11-02 19:54:13'),(195,'Model','Haag, Bahringer and Johnson','Practical Steel Chair','514','Provident nemo voluptatem voluptatem et ut repudiandae.','Temporibus similique et ipsa quia est harum consectetur fugit.',NULL,NULL,1,0,'Aliquid ea aut rem molestiae magnam.','Harum dicta aut quisquam aperiam quidem praesentium.','2012-11-02 19:54:13','2012-11-02 19:54:13'),(196,'Model','Schumm, Stroman and Grant','Intelligent Rubber Chair','515','Non sit est excepturi.','Asperiores dolorem delectus tempora beatae ea error accusantium possimus.',NULL,NULL,2,0,'Quia aperiam quae possimus aliquid eaque eum.','Atque numquam quidem sed.','2012-11-02 19:54:13','2012-11-02 19:54:13'),(197,'Model','Mosciski and Sons','Fantastic Rubber Chair','516','Ipsam quas qui deleniti quo nobis.','Alias totam et ut repellat iusto.',NULL,NULL,0,0,'Amet nostrum occaecati deleniti dolores.','Quia ipsum aut similique.','2012-11-03 10:53:02','2012-11-03 10:53:02'),(198,'Model','Marquardt, Metz and Ritchie','Fantastic Concrete Gloves','517','Asperiores et eum voluptatem commodi reprehenderit eveniet.','Placeat corrupti repellat eveniet repudiandae et beatae rerum.',NULL,NULL,3,0,'Omnis recusandae provident qui officia ipsa.','Maxime ducimus itaque sit in ut ex sed unde.','2012-11-03 10:53:02','2012-11-03 10:53:02'),(199,'Model','Donnelly LLC','Fantastic Cotton Hat','518','Ut perspiciatis eius debitis id.','Doloremque qui voluptates dolor necessitatibus voluptatem.',NULL,NULL,2,0,'Velit deleniti tempora sapiente qui quasi dolores.','Quidem similique modi non.','2012-11-03 10:53:02','2012-11-03 10:53:02'),(200,'Model','Effertz-Stokes','Ergonomic Wooden Chair','519','Vero at quo aut corporis saepe quas blanditiis.','Ut molestiae atque pariatur ipsum consequatur natus quo quos.',NULL,NULL,2,0,'Dolorem occaecati nihil laudantium beatae quaerat.','Quia cum officia voluptatibus aliquam et magni.','2012-11-03 10:53:02','2012-11-03 10:53:02'),(201,'Model','Roberts Group','Ergonomic Cotton Computer','520','Ea odio blanditiis et nesciunt totam nemo.','Ab minima soluta nihil repudiandae veniam.',NULL,NULL,1,0,'Id eos eligendi ut.','Cumque quaerat enim voluptas est molestiae veritatis recusandae.','2012-11-03 10:53:02','2012-11-03 10:53:02'),(202,'Model','Franecki-Wisozk','Incredible Concrete Computer','521','Modi similique quo qui sunt.','Fugiat ea ipsam praesentium non.',NULL,NULL,0,0,'Odit accusantium dolores natus quia ea autem.','Porro qui id repellat maiores sit ea qui rerum.','2012-11-03 10:53:02','2012-11-03 10:53:02'),(203,'Model','Treutel-Cummerata','Small Granite Pants','522','Dolorem nobis quisquam possimus aspernatur ipsum vero perferendis ea.','Saepe officia deserunt est voluptas reiciendis facere incidunt velit.',NULL,NULL,3,0,'Facilis pariatur sit qui.','Voluptatem aut maxime ut libero.','2012-11-03 10:53:02','2012-11-03 10:53:02'),(204,'Model','Jaskolski, Metz and Friesen','Gorgeous Wooden Chair','523','Amet quidem recusandae cumque.','Rerum non ut qui.',NULL,NULL,2,0,'Sunt adipisci ea sequi in optio provident molestias.','Repellat odio sit nihil ut.','2012-11-03 10:53:02','2012-11-03 10:53:02'),(205,'Model','Muller LLC','Practical Steel Shirt','524','Nobis tempore rerum sed ratione tempora.','Suscipit iste recusandae ipsum.',NULL,NULL,0,0,'Et voluptates veritatis natus aut fugiat cupiditate esse ea.','Ducimus quod totam dolorem doloribus ratione cumque ut sit.','2012-11-03 10:53:02','2012-11-03 10:53:02'),(206,'Model','Marks and Sons','Sleek Steel Gloves','525','Quos aut sapiente aut consequatur earum.','Aperiam tempore non et vitae eos architecto dolore.',NULL,NULL,0,0,'Nihil expedita sed nulla sunt repellat fuga.','Inventore non harum praesentium quam.','2012-11-03 10:53:02','2012-11-03 10:53:02'),(207,'Model','Ward-Gottlieb','Rustic Plastic Table','526','Blanditiis nulla beatae possimus error culpa sit eum.','Sed quis doloremque est earum est soluta unde voluptas.',NULL,NULL,0,0,'Autem aliquid aut quaerat sunt iure architecto.','Eius dolore et quis aut et consectetur velit.','2012-11-03 10:53:02','2012-11-03 10:53:02'),(208,'Model','Towne-Abbott','Ergonomic Plastic Gloves','527','Omnis sunt exercitationem quia explicabo optio non cum illum.','Autem veritatis eum corrupti atque rerum optio similique.',NULL,NULL,2,0,'Voluptatem voluptatem autem autem.','Veritatis molestiae quia sunt cum quas dolores iste.','2012-11-03 10:53:02','2012-11-03 10:53:02'),(209,'Model','Heidenreich, Cummings and Eichmann','Intelligent Cotton Shirt','528','Quibusdam sit est quia sint officiis ut explicabo error.','Magnam voluptas molestiae dolor ut.',NULL,NULL,3,0,'Ut sit voluptatum nihil ut error.','Deserunt cupiditate perspiciatis voluptatum et corporis.','2012-11-03 10:53:02','2012-11-03 10:53:02'),(210,'Model','Smitham, Kris and Gleason','Small Granite Shoes','529','Perferendis deleniti quia eligendi quis dicta ea.','Ipsum quaerat natus minus accusantium.',NULL,NULL,0,0,'Sequi placeat magnam quidem consequuntur qui molestiae voluptates.','Hic asperiores quia odio consequatur quos quaerat.','2012-11-03 10:53:02','2012-11-03 10:53:02'),(211,'Model','Braun LLC','Practical Concrete Computer','530','Doloremque aut ratione error cumque.','Veritatis rerum alias nostrum voluptates ex velit minus.',NULL,NULL,3,0,'Ratione commodi totam natus qui iure.','Laudantium accusantium consectetur ullam dolor ut eum dolor ipsa.','2012-11-03 10:53:02','2012-11-03 10:53:02'),(212,'Model','Ortiz, Kilback and Bradtke','Ergonomic Concrete Computer','531','Iusto quidem quisquam et dolorem quia.','Soluta voluptatem eveniet velit sint officiis.',NULL,NULL,3,0,'Cupiditate ullam vero expedita quia accusantium aliquam officia ut.','Non veniam labore tenetur sit rerum.','2012-11-03 10:53:02','2012-11-03 10:53:02'),(213,'Model','Gleason, Jaskolski and Rippin','Intelligent Plastic Shoes','532','Consectetur ducimus voluptas qui sed et quis sunt est.','Doloribus eos laudantium repudiandae iste totam ea.',NULL,NULL,1,0,'Omnis ut sunt excepturi eum doloribus.','Nisi aliquid et nobis hic qui vero sed.','2012-11-03 10:53:02','2012-11-03 10:53:02'),(214,'Model','Dach Inc','Practical Plastic Hat','533','Laboriosam impedit est enim.','Dolores aperiam voluptates voluptas.',NULL,NULL,0,0,'Molestiae aliquam repellendus nisi magni placeat asperiores.','Veniam sit est assumenda numquam sed molestiae nam rerum.','2012-11-03 10:53:02','2012-11-03 10:53:02'),(215,'Model','Zulauf-Gaylord','Fantastic Wooden Chair','534','Voluptatem esse qui voluptas voluptates.','Ea aut pariatur molestias.',NULL,NULL,0,0,'Dignissimos et enim officiis debitis iure aliquid est.','Accusantium numquam accusamus qui inventore sed corporis.','2012-11-03 10:53:02','2012-11-03 10:53:02'),(216,'Model','Pagac, Hahn and Harber','Awesome Plastic Chair','536','Nihil distinctio corrupti odit.','Facere repellendus ut officia incidunt.',NULL,NULL,1,0,'Voluptates eos cupiditate et nobis soluta eos est.','Officiis ad similique voluptas esse velit provident.','2012-11-03 10:53:02','2012-11-03 10:53:02'),(217,'Software','Torphy, Swift and Schinner','Fantastic Granite Shirt','538',NULL,NULL,NULL,NULL,0,0,NULL,NULL,'2012-11-03 10:53:02','2012-11-03 10:53:02'),(218,'Model','Skiles LLC','Small Steel Gloves','539','Facilis quos nemo ducimus hic.','Voluptatem temporibus cumque quia itaque voluptate suscipit.',NULL,NULL,0,0,'Magni necessitatibus id nisi odio.','In aspernatur dolore eos omnis.','2012-10-29 00:00:00','2012-10-29 00:00:00'),(219,'Model','Gibson-Shanahan','Intelligent Concrete Car','540','Quis corrupti et labore nisi repellendus blanditiis natus magnam.','Ut aliquid velit deserunt et aliquam qui.',NULL,NULL,0,0,'Aut voluptas quia adipisci id laborum eligendi provident.','Natus rerum alias voluptatem corporis accusamus consequatur.','2012-10-29 00:00:00','2012-10-29 00:00:00'),(220,'Model','Harber Group','Fantastic Steel Computer','541','Natus quaerat nihil reiciendis enim architecto doloremque inventore iusto.','Et modi quo non.',NULL,NULL,0,0,'Sit ullam maiores optio corrupti autem et delectus.','Voluptatem et molestiae laudantium quo.','2012-10-29 00:00:00','2012-10-29 00:00:00'),(221,'Model','Zboncak, Bode and Daniel','Sleek Granite Table','542','Nobis esse cupiditate magni provident possimus voluptatum culpa pariatur.','A doloribus delectus culpa nostrum nesciunt iusto.',NULL,NULL,1,0,'Quos tenetur fugiat corrupti nemo voluptatibus eos quo cum.','Nulla consequuntur aut in deserunt.','2012-10-29 00:00:00','2012-10-29 00:00:00'),(222,'Model','Mosciski and Sons','Rustic Plastic Shoes','544','Sapiente quisquam similique at aut ullam eaque odio.','Eos quod maxime possimus est nesciunt vitae.',NULL,NULL,3,0,'Eum est sunt ipsa quibusdam aut.','Non neque officiis aut quis animi quae.','2012-11-03 10:53:02','2012-11-03 10:53:02'),(223,'Model','Grant LLC','Incredible Plastic Shoes','545','Sint aut velit enim suscipit modi qui.','Dolorem excepturi accusantium eum aut voluptatem sint nobis.',NULL,NULL,3,0,'Fuga nemo qui est est et magnam.','Rerum deleniti illo velit a nostrum ut est et.','2012-11-03 10:53:02','2012-11-03 10:53:02'),(224,'Model','Hudson-Rice','Incredible Concrete Shirt','546','Repudiandae similique et quidem quo enim a quaerat deleniti.','Quos quae et exercitationem ad quam laudantium maiores.',NULL,NULL,2,0,'Reprehenderit et et voluptatem eos.','Et in sapiente id neque.','2012-11-03 10:53:02','2012-11-03 10:53:02'),(225,'Model','Stokes and Sons','Incredible Concrete Shoes','547','Itaque quia voluptates dolores.','Animi dolorem nisi culpa.',NULL,NULL,0,0,'Omnis enim id itaque culpa perspiciatis laborum et odio.','Corporis tempora at qui dolor fuga.','2012-11-03 10:53:02','2012-11-03 10:53:02'),(226,'Model','Schiller and Sons','Intelligent Wooden Computer','548','Aperiam sit ut ipsam nisi.','Voluptatem qui harum sed sequi voluptatem est doloribus.',NULL,NULL,2,0,'Est occaecati iste enim qui.','Dolores qui nam iusto quasi sit animi et.','2012-11-03 10:53:02','2012-11-03 10:53:02'),(227,'Model','Grady, Harber and Jast','Small Granite Table','549','Omnis commodi minus rerum minima consequatur quo ipsa quas.','Ad molestias dolor repudiandae ducimus rerum voluptatem.',NULL,NULL,0,0,'Doloribus neque asperiores commodi unde vel ratione.','Aliquam illum voluptatum deserunt voluptas omnis.','2012-11-03 10:53:02','2012-11-03 10:53:02'),(228,'Model','Zieme-Daugherty','Small Plastic Pants','550','Aut qui id sit inventore reiciendis.','Ipsa rem quibusdam alias dolor.',NULL,NULL,1,0,'Sint velit laborum ullam illo voluptas.','Voluptate et dolores magnam ipsa hic ratione.','2012-11-03 10:53:02','2012-11-03 10:53:02'),(229,'Model','Tromp, Wiegand and Nitzsche','Sleek Concrete Chair','551','Corrupti illum non eaque sunt quae inventore consequatur nam.','Aut rerum expedita nemo illum.',NULL,NULL,3,0,'Occaecati est officiis tempore non dolores officia.','Sed qui harum nobis animi similique corporis.','2012-11-03 10:53:02','2012-11-03 10:53:02'),(230,'Model','Zemlak, Purdy and West','Gorgeous Plastic Car','552','Eos a fugit maxime id non.','Illo commodi cumque autem voluptatem rerum perferendis.',NULL,NULL,1,0,'Impedit eum sed iste accusantium.','Rem natus eum placeat.','2012-11-03 10:53:02','2012-11-03 10:53:02'),(231,'Model','Mertz LLC','Fantastic Plastic Shirt','553','Molestiae est voluptatem necessitatibus.','Voluptatem ab ipsa qui.',NULL,NULL,3,0,'Sit excepturi error molestiae dolor id natus.','Ipsa sunt libero exercitationem rem eaque ipsam minima quia.','2012-11-03 10:53:02','2012-11-03 10:53:02'),(232,'Model','Heller, Spencer and Douglas','Fantastic Wooden Table','554','Earum incidunt rerum quaerat sed.','Consequatur illum eos ut qui cum vitae sapiente.',NULL,NULL,1,0,'Quia culpa non vel placeat temporibus.','Voluptas temporibus cupiditate fuga qui expedita cum sunt quidem.','2012-11-03 10:53:02','2012-11-03 10:53:02'),(233,'Model','Goodwin Group','Intelligent Granite Table','555','Error velit culpa est.','Id rerum quasi beatae.',NULL,NULL,2,0,'Quo eos id et.','Amet est fuga aut eius.','2012-11-03 10:53:02','2012-11-03 10:53:02'),(234,'Model','Becker, Kutch and Schroeder','Incredible Granite Shirt','556','Quo est ut et.','Tempora dolorem deleniti molestiae repudiandae.',NULL,NULL,2,0,'Deleniti officiis quis dolorum minus dignissimos quia corporis enim.','Illo voluptas sed quia quia.','2012-11-03 10:53:02','2012-11-03 10:53:02'),(235,'Model','Nienow-Okuneva','Sleek Steel Pants','557','Officia occaecati nobis consequatur.','Est quos optio modi sit.',NULL,NULL,1,0,'Voluptatem aut iure tenetur est ea nihil maxime.','Exercitationem architecto id et.','2012-11-03 10:53:02','2012-11-03 10:53:02'),(236,'Model','Bergnaum-Rodriguez','Intelligent Granite Car','558','Officia eos totam ut.','Neque sunt et quam.',NULL,NULL,2,0,'Ratione repellendus accusantium rerum non praesentium numquam.','Quia dolores aut et soluta dolore voluptatem laboriosam magnam.','2012-10-29 00:00:00','2012-10-29 00:00:00'),(237,'Model','Smitham LLC','Intelligent Rubber Pants','559','Officiis aliquid incidunt voluptas consequuntur placeat repellat quis.','Officia sit perspiciatis et.',NULL,NULL,0,0,'Sapiente magnam porro modi saepe.','Iste sit asperiores eos culpa nobis tempora et reiciendis.','2012-10-29 00:00:00','2012-10-29 00:00:00'),(238,'Model','Lindgren, Von and Quigley','Awesome Rubber Chair','560','Numquam fugit omnis harum assumenda.','Sint distinctio quasi eveniet voluptatem et.',NULL,NULL,2,0,'Sed praesentium est quis voluptas.','Quo explicabo et voluptatum eius necessitatibus soluta.','2012-10-29 00:00:00','2012-10-29 00:00:00'),(239,'Model','Sawayn, Emmerich and Crooks','Gorgeous Wooden Shoes','561','Labore similique eius voluptatem nulla.','Id quia et fugiat animi accusantium ad cumque quidem.',NULL,NULL,1,0,'Facere numquam qui autem.','Dolorem provident ea sapiente in vitae molestiae rerum.','2012-10-29 00:00:00','2012-10-29 00:00:00'),(240,'Model','Morar Inc','Small Rubber Shirt','562','Vel pariatur ea eius vitae esse excepturi.','Hic quis quia est impedit veniam deleniti.',NULL,NULL,0,0,'Quia architecto laboriosam neque vel.','Debitis incidunt quibusdam optio delectus.','2012-11-03 10:53:02','2012-11-03 10:53:02'),(241,'Model','Gislason, Kautzer and Hilpert','Sleek Wooden Chair','563','Magni quia recusandae totam.','Ratione perspiciatis sapiente suscipit omnis consequatur.',NULL,NULL,2,0,'Voluptatum blanditiis sit qui rem labore.','Et animi blanditiis velit consequatur qui doloremque.','2012-11-03 10:53:02','2012-11-03 10:53:02'),(242,'Model','Gibson, Price and Kunze','Sleek Rubber Shoes','564','Suscipit in tenetur distinctio molestias voluptatibus atque.','Qui dolores corrupti recusandae numquam et qui vero.',NULL,NULL,1,0,'Soluta veritatis facilis consequatur accusamus quam.','Error aut sint consequatur occaecati eos.','2012-11-03 10:53:02','2012-11-03 10:53:02'),(243,'Model','Raynor-Swaniawski','Fantastic Rubber Computer','565','Qui voluptas distinctio in hic quasi quam ea eum.','Recusandae consequuntur quibusdam et aut sint modi voluptatem cumque.',NULL,NULL,0,0,'Ipsam et est voluptatibus.','Animi aut accusantium non adipisci assumenda.','2012-11-03 10:53:02','2012-11-03 10:53:02'),(244,'Model','Beer, Torp and Rolfson','Gorgeous Plastic Chair','566','Ducimus amet labore eos maiores.','Ipsum suscipit sit voluptatem officiis.',NULL,NULL,0,0,'Ut et fuga sit consectetur.','Eius debitis ut ea aut autem non nesciunt.','2012-11-03 10:53:02','2012-11-03 10:53:02'),(245,'Model','Bogan-Bruen','Awesome Concrete Pants','567','Non enim corporis ut voluptatem esse.','Vitae non cumque dolores totam quia labore maxime eum.',NULL,NULL,0,0,'Velit et aliquid ex quaerat error placeat sit et.','Voluptatum dolorem consequuntur repellendus officiis eius voluptas eveniet non.','2012-11-03 10:53:02','2012-11-03 10:53:02'),(246,'Model','Muller-Wiegand','Intelligent Rubber Car','568','Repellendus fugit ullam vitae.','Repudiandae quia provident ipsam dignissimos.',NULL,NULL,3,0,'Et adipisci nemo non.','In sint eos esse repudiandae et a.','2012-11-03 10:53:02','2012-11-03 10:53:02'),(247,'Model','Kirlin, Lakin and Hermiston','Ergonomic Concrete Chair','569','Nam accusamus labore placeat nulla voluptates libero magni.','Et soluta aut totam doloribus incidunt quia odio.',NULL,NULL,2,0,'Provident quos quis eos dolore assumenda autem.','Recusandae incidunt quo molestiae voluptatum exercitationem facere.','2012-11-03 10:53:02','2012-11-03 10:53:02'),(248,'Model','Zemlak, Jenkins and Stracke','Rustic Steel Computer','570','Hic molestiae nisi nostrum unde.','Nihil delectus doloribus repellat repudiandae pariatur ad non porro.',NULL,NULL,2,0,'Mollitia eos velit quia reiciendis.','Expedita consequuntur accusamus in omnis.','2012-11-03 10:53:02','2012-11-03 10:53:02'),(249,'Model','Frami, Kunze and Lakin','Sleek Granite Shirt','571','Accusamus est id voluptatibus nulla sed.','Facilis similique cumque illum eum esse temporibus quia.',NULL,NULL,0,0,'Dolores ratione architecto totam non ab a voluptatem nemo.','Eos nihil delectus culpa modi quisquam fuga.','2012-11-03 10:53:02','2012-11-03 10:53:02'),(250,'Model','Koch, Lakin and Greenholt','Sleek Steel Chair','572','Officia nostrum expedita harum nulla repudiandae.','Et quidem qui aut.',NULL,NULL,0,0,'Cupiditate et mollitia dolores.','Consectetur nesciunt unde quam qui aliquam sed occaecati.','2012-11-03 10:53:02','2012-11-03 10:53:02'),(251,'Model','Harris LLC','Incredible Steel Shirt','573','Earum numquam accusamus voluptas minus iste est.','Omnis amet repellat et ad.',NULL,NULL,3,0,'Dicta nam similique temporibus quidem reprehenderit.','Qui itaque quis fuga et.','2012-11-03 10:53:02','2012-11-03 10:53:02'),(252,'Model','Kilback, Jakubowski and Sipes','Intelligent Steel Computer','574','Nobis fugit dignissimos omnis quis non accusantium aliquid optio.','Nihil voluptas ad dolor sapiente consectetur.',NULL,NULL,2,0,'Asperiores deleniti ipsum ut aspernatur.','Id nihil ut non molestiae ut.','2012-11-03 10:53:02','2012-11-03 10:53:02'),(253,'Model','Pollich, Rogahn and Schaden','Intelligent Rubber Computer','575','Delectus quas incidunt exercitationem fuga eligendi laborum aperiam iste.','Saepe est numquam veniam rerum incidunt eos.',NULL,NULL,3,0,'Natus nam excepturi aperiam et.','Id temporibus omnis consequatur.','2012-11-03 10:53:02','2012-11-03 10:53:02'),(254,'Model','Koss Inc','Practical Rubber Car','576','Et accusantium est sequi natus qui labore veniam.','Aut odit in accusantium.',NULL,NULL,3,0,'Dolorum quod ea sunt autem animi dolorem iure.','Doloremque officiis quibusdam veritatis soluta occaecati ullam sed.','2012-11-03 10:53:02','2012-11-03 10:53:02'),(255,'Model','Satterfield-Walter','Incredible Granite Table','577','Incidunt fugit dignissimos unde quia non sit.','Libero ab quis eius optio a mollitia qui.',NULL,NULL,2,0,'Et dolores voluptatibus autem assumenda ratione inventore.','Et dicta magnam aut saepe laborum.','2012-11-03 10:53:02','2012-11-03 10:53:02'),(256,'Model','Block, Reichel and Fay','Awesome Rubber Pants','578','Nihil assumenda accusamus aut.','Ratione repudiandae voluptatem voluptatum commodi praesentium quas et laborum.',NULL,NULL,1,0,'Molestiae voluptates hic maiores qui odio et.','Sunt ipsa ratione commodi voluptatem quaerat earum consequatur nihil.','2012-11-03 10:53:02','2012-11-03 10:53:02'),(257,'Model','Lang, Will and Hilll','Practical Cotton Car','579','Voluptatem itaque quia nam voluptatem aut.','Et qui officia doloremque a consectetur optio reiciendis.',NULL,NULL,1,0,'Fugit doloremque quaerat non voluptas recusandae officiis.','Unde dolores iure quia nobis.','2012-11-03 10:53:02','2012-11-03 10:53:02'),(258,'Model','Hodkiewicz-Kilback','Gorgeous Concrete Shirt','580','Natus consequatur totam nulla magnam consequatur sequi eaque.','Quisquam ex inventore aut.',NULL,NULL,3,0,'Omnis ut provident at deserunt odio libero adipisci.','Commodi alias expedita exercitationem repudiandae aut dolor.','2012-11-03 10:53:02','2012-11-03 10:53:02'),(259,'Model','Connelly, Gleichner and Jones','Fantastic Granite Gloves','581','Praesentium qui non consectetur distinctio ea dolorem.','Provident ad iusto et eum mollitia.',NULL,NULL,0,0,'Sed et repudiandae ad quod molestias rerum.','Illum beatae est omnis error voluptatem porro vel cupiditate.','2012-11-03 10:53:02','2012-11-03 10:53:02'),(260,'Model','Krajcik, Rosenbaum and Pfannerstill','Incredible Granite Shoes','582','Consequatur animi quod qui architecto labore consequatur velit.','Hic quam et voluptas harum fuga dicta.',NULL,NULL,0,0,'Et architecto recusandae inventore sit.','Ab nulla unde quis voluptatem labore qui.','2012-11-03 10:53:02','2012-11-03 10:53:02'),(261,'Model','Waelchi-Okuneva','Sleek Concrete Shirt','583','Distinctio dicta ad consequatur eius est.','Aspernatur et amet consequatur officia nesciunt adipisci qui.',NULL,NULL,3,0,'Non molestiae et magni qui magnam minus.','Est beatae enim repellat.','2012-11-03 10:53:02','2012-11-03 10:53:02'),(262,'Model','Russel Group','Incredible Plastic Hat','584','Consequatur nam officiis et sit nesciunt.','Voluptatem veritatis omnis velit quos dolor.',NULL,NULL,1,0,'Consequatur at ea perferendis impedit consequuntur nam.','Eos aliquid quaerat vitae.','2012-11-03 10:53:02','2012-11-03 10:53:02'),(263,'Model','Abshire LLC','Gorgeous Granite Shirt','585','Eum voluptates et totam aperiam est.','Numquam praesentium et eligendi.',NULL,NULL,0,0,'Quo aspernatur dolor est.','Quo quasi corporis et pariatur iste et velit.','2012-11-03 10:53:02','2012-11-03 10:53:02'),(264,'Model','Hahn-Farrell','Incredible Plastic Pants','586','Ullam et perspiciatis iusto est debitis necessitatibus.','Voluptas vitae sed in accusamus aut ea maiores.',NULL,NULL,1,0,'Sapiente qui quia natus.','Consequuntur sint assumenda maiores sunt aut voluptatum cupiditate qui.','2012-11-03 10:53:02','2012-11-03 10:53:02'),(265,'Model','Rippin, Kulas and McKenzie','Rustic Concrete Computer','587','Beatae sit dolore eum perspiciatis ut rerum.','Qui non in temporibus aliquam est incidunt vel aut.',NULL,NULL,0,0,'Consectetur assumenda consequuntur occaecati animi et.','Molestiae cum est blanditiis voluptatum tempora quia praesentium.','2012-11-03 10:53:02','2012-11-03 10:53:02'),(266,'Model','Windler LLC','Incredible Plastic Computer','588','Et cum autem omnis est sit incidunt et.','Soluta laudantium nisi quod sunt.',NULL,NULL,0,0,'Quia reprehenderit non quidem dolorem ab expedita magnam.','Laborum harum distinctio aliquid ea aspernatur et.','2012-11-03 10:53:02','2012-11-03 10:53:02'),(267,'Model','Schowalter-Ruecker','Intelligent Wooden Pants','589','Eligendi sed deserunt voluptatem at exercitationem omnis laboriosam.','Laboriosam asperiores reiciendis molestias vel.',NULL,NULL,3,0,'Sequi ad deserunt quidem qui voluptatem consectetur.','Molestias cum veritatis omnis.','2012-11-03 10:53:02','2012-11-03 10:53:02'),(268,'Model','Quigley, Keeling and Goodwin','Small Wooden Table','590','Assumenda nostrum beatae magnam.','Ut eum minus ut praesentium in.',NULL,NULL,0,0,'Et dolor excepturi numquam cumque cupiditate temporibus nihil molestiae.','Est tempore vel voluptas nemo ut voluptatum.','2012-11-03 10:53:02','2012-11-03 10:53:02'),(269,'Model','Kerluke, Fisher and Hilll','Practical Concrete Car','591','Quo libero est occaecati quia.','Omnis aut assumenda sint sunt.',NULL,NULL,3,0,'Harum suscipit quos autem.','Autem velit ipsa blanditiis est ipsam possimus.','2012-11-03 10:53:02','2012-11-03 10:53:02'),(270,'Model','Wunsch, Paucek and Lowe','Incredible Wooden Chair','592','Distinctio autem ullam dolores assumenda aut dolor.','A voluptatem quo et dolorem qui.',NULL,NULL,2,0,'Ut tenetur qui rerum quisquam ipsum eos eveniet.','Hic aperiam eaque quibusdam est.','2012-11-03 10:53:02','2012-11-03 10:53:02'),(271,'Model','Kshlerin LLC','Rustic Cotton Shirt','593','Itaque saepe sit non harum sunt.','Qui dolores sed id cum delectus.',NULL,NULL,1,0,'Error placeat magni numquam.','Aperiam et quae eum excepturi eos quis et et.','2012-11-03 10:53:02','2012-11-03 10:53:02'),(272,'Model','Orn, Simonis and Heller','Fantastic Concrete Hat','594','Voluptas qui vero placeat beatae aliquam.','Et adipisci et libero non.',NULL,NULL,1,0,'Dicta odit ullam aliquam sed aut.','Vero rerum labore placeat.','2012-11-03 10:53:02','2012-11-03 10:53:02'),(273,'Model','Crooks-Bergnaum','Ergonomic Wooden Car','595','Est quidem aut unde debitis quis.','Ea consequatur adipisci deleniti.',NULL,NULL,3,0,'Ea voluptatem iste ut.','Ad inventore sequi doloremque odit voluptas.','2012-11-03 10:53:02','2012-11-03 10:53:02'),(274,'Model','Trantow, Stroman and Strosin','Practical Steel Gloves','596','Aut autem architecto aliquid eius omnis voluptatem.','Porro dolor nam eum earum.',NULL,NULL,2,0,'Tenetur voluptatem reprehenderit enim rem doloremque sunt repudiandae.','Voluptatem vel sed consectetur ad et dolor dolores.','2012-11-03 10:53:02','2012-11-03 10:53:02'),(275,'Model','Swift, Keeling and Price','Gorgeous Granite Table','597','Aliquid et vel a ipsam omnis.','Ab repudiandae ipsa iure.',NULL,NULL,1,0,'Eaque vel enim et hic a quia consequatur.','Eligendi temporibus deserunt libero.','2012-11-03 10:53:02','2012-11-03 10:53:02'),(276,'Model','Rutherford, Romaguera and Braun','Small Plastic Shoes','598','Iste inventore eaque magnam earum numquam.','Aut amet quia eos impedit magni.',NULL,NULL,2,0,'Et ea consequatur nam dolores in.','Consectetur optio qui voluptatem.','2012-11-03 10:53:02','2012-11-03 10:53:02'),(277,'Model','Ondricka and Sons','Rustic Granite Pants','599','Aliquam voluptatem ipsa quae cum.','Error rerum maiores eligendi sint.',NULL,NULL,3,0,'Velit non reiciendis eum quos placeat.','Asperiores et facilis et vel libero suscipit deleniti.','2012-11-03 10:53:02','2012-11-03 10:53:02'),(278,'Model','Murphy, Bernhard and Mohr','Rustic Concrete Shoes','600','Est neque modi inventore non consectetur.','Nesciunt error magnam et.',NULL,NULL,1,0,'Molestiae cupiditate veniam accusamus saepe maxime repudiandae sint quia.','Quas rerum optio facere corporis qui.','2012-11-03 10:53:02','2012-11-03 10:53:02'),(279,'Model','Bogan, Bins and Block','Gorgeous Cotton Pants','601','Ea reprehenderit voluptas maxime beatae deleniti.','Velit et magni consequatur.',NULL,NULL,1,0,'Eaque est error quo in ex ut.','Velit enim nemo dolor cupiditate incidunt voluptate cum.','2012-11-03 10:53:02','2012-11-03 10:53:02'),(280,'Model','Nolan, Wuckert and Bruen','Ergonomic Granite Pants','602','Accusamus sit qui in culpa fugit fuga.','Ut nemo quae et.',NULL,NULL,3,0,'Voluptate molestias laudantium praesentium et quo voluptatem.','Illo et ut autem vero.','2012-11-03 10:53:02','2012-11-03 10:53:02'),(281,'Model','Connelly-Lockman','Gorgeous Steel Car','603','Eum architecto dolore fugiat.','Autem quo aliquid quae sequi rerum voluptas.',NULL,NULL,2,0,'Accusamus nobis placeat nihil.','Rerum et quam itaque.','2012-11-03 10:53:02','2012-11-03 10:53:02'),(282,'Model','Kassulke, Beier and Waelchi','Rustic Rubber Chair','604','Quae consequuntur quos non modi ipsum nihil quia nesciunt.','Exercitationem nemo vel provident et.',NULL,NULL,3,0,'Veniam eligendi asperiores minima.','Possimus ut ea qui velit perspiciatis voluptatum nesciunt ducimus.','2012-11-03 10:53:02','2012-11-03 10:53:02'),(283,'Model','Olson and Sons','Awesome Steel Car','605','Sed quaerat tempore similique consequatur eaque.','Fugiat aut culpa omnis quae corporis est.',NULL,NULL,1,0,'Sequi totam labore quas sit.','Inventore qui ducimus id et.','2012-11-03 10:53:02','2012-11-03 10:53:02'),(284,'Model','Paucek-Ankunding','Sleek Rubber Hat','606','Sint dolor unde modi quae impedit alias nisi.','Repellat ut quas omnis deleniti quam maiores voluptatem.',NULL,NULL,2,0,'Ad vitae blanditiis aut architecto.','Delectus est quidem repellat.','2012-11-03 10:53:02','2012-11-03 10:53:02'),(285,'Model','Stanton-Aufderhar','Ergonomic Concrete Shirt','607','Numquam velit cupiditate hic eum qui aperiam.','Tenetur et modi nostrum aut asperiores architecto doloremque et.',NULL,NULL,0,0,'Occaecati voluptate dolores rerum culpa nisi nostrum illum.','Qui voluptas quod sit delectus ea eos laborum consequatur.','2012-11-03 10:53:02','2012-11-03 10:53:02'),(286,'Model','Jerde and Sons','Rustic Granite Gloves','608','Ut est eos ab dolorem.','Voluptatem quia doloremque et illo animi.',NULL,NULL,3,0,'Ut molestiae voluptatem ut officiis sed iure temporibus.','Enim ex non perspiciatis ut illo.','2012-11-03 10:53:02','2012-11-03 10:53:02'),(287,'Model','Glover-Hilpert','Rustic Wooden Shoes','609','Ut sunt voluptas amet dolores.','Quam aperiam et nisi explicabo ducimus consequatur quo.',NULL,NULL,2,0,'Ratione ipsa voluptate ut et at esse.','Ipsam nesciunt id sunt sint.','2012-11-03 10:53:02','2012-11-03 10:53:02'),(288,'Model','Crist and Sons','Small Granite Computer','610','Quibusdam ea et dolorem.','Minus fugiat qui enim fugit.',NULL,NULL,0,0,'Nemo a sint et debitis.','Et voluptas quidem impedit.','2012-11-03 10:53:02','2012-11-03 10:53:02'),(289,'Model','Ankunding and Sons','Incredible Wooden Gloves','611','Minus perspiciatis est ut.','Sapiente error sit ut neque quia dignissimos sed deleniti.',NULL,NULL,1,0,'Illo quasi eaque est facere commodi non dolores et.','Deserunt recusandae voluptates et non.','2012-11-03 10:53:02','2012-11-03 10:53:02'),(290,'Model','Cartwright-Rohan','Incredible Concrete Hat','612','Laboriosam minus officia exercitationem.','Nihil rem sequi omnis.',NULL,NULL,2,0,'Eligendi odit aperiam ab illum.','Sint aut optio doloremque id sed.','2012-11-03 10:53:02','2012-11-03 10:53:02'),(291,'Model','Aufderhar LLC','Ergonomic Granite Shoes','613','Explicabo ea rerum minima consequatur.','Omnis sunt laboriosam minima voluptates architecto culpa fugiat.',NULL,NULL,1,0,'Omnis accusantium molestiae ut ex itaque suscipit.','Minus a voluptates autem error minima assumenda voluptatem.','2012-11-03 10:53:02','2012-11-03 10:53:02'),(292,'Model','Blanda-Weissnat','Practical Rubber Chair','614','Ut enim architecto fuga quo unde quisquam veritatis expedita.','Non eveniet rerum cum molestias et officiis aspernatur.',NULL,NULL,1,0,'Neque beatae ea id rem expedita dignissimos ipsa qui.','Totam voluptates est est quo placeat at.','2012-11-03 10:53:02','2012-11-03 10:53:02'),(293,'Model','Metz Inc','Gorgeous Rubber Chair','615','Sit non fuga enim aut ut et excepturi reprehenderit.','Qui mollitia qui perferendis vitae fugiat.',NULL,NULL,0,0,'Ipsam ut voluptas modi qui expedita officia consequatur.','Porro aspernatur aut commodi assumenda.','2012-11-03 10:53:02','2012-11-03 10:53:02'),(294,'Software','Goldner-Cummings','Rustic Steel Shirt','616',NULL,NULL,NULL,NULL,0,0,NULL,NULL,'2012-11-03 10:53:02','2012-11-03 10:53:02'),(295,'Model','Sawayn, Nikolaus and Stracke','Gorgeous Plastic Hat','617','Et exercitationem voluptas aut.','Vel nesciunt sit in enim expedita non consequatur.',NULL,NULL,1,0,'Reprehenderit et enim ut nisi.','Iure nihil minus consequuntur suscipit omnis est sunt.','2012-11-03 10:53:02','2012-11-03 10:53:02'),(296,'Model','Orn, Ankunding and Streich','Incredible Concrete Chair','618','Earum repellendus commodi sit.','Maiores quo consequatur sint consequatur.',NULL,NULL,2,0,'Perspiciatis tempore molestias veniam facilis nisi qui voluptatibus tempora.','Sit natus quidem rerum.','2012-11-03 10:53:02','2012-11-03 10:53:02'),(297,'Model','Kunde and Sons','Intelligent Plastic Hat','619','Omnis animi saepe repellat ad exercitationem quia.','Voluptatibus corrupti placeat beatae ab.',NULL,NULL,3,0,'Non autem occaecati accusamus quo voluptatem mollitia dolorem.','Mollitia reprehenderit qui non perferendis a in.','2012-11-03 10:53:02','2012-11-03 10:53:02'),(298,'Model','Trantow, Hansen and Cruickshank','Rustic Wooden Table','620','Nisi in cum sed magnam et quod distinctio.','Consequatur ratione laboriosam esse et ab vel nulla in.',NULL,NULL,1,0,'Reprehenderit consectetur in sint atque aut expedita consequatur.','Occaecati expedita voluptatem laborum repellendus autem.','2012-11-03 10:53:02','2012-11-03 10:53:02');
/*!40000 ALTER TABLE `models` ENABLE KEYS */;
UNLOCK TABLES;

--
-- Table structure for table `models_compatibles`
--

DROP TABLE IF EXISTS `models_compatibles`;
/*!40101 SET @saved_cs_client     = @@character_set_client */;
/*!40101 SET character_set_client = utf8 */;
CREATE TABLE `models_compatibles` (
  `model_id` int(11) DEFAULT NULL,
  `compatible_id` int(11) DEFAULT NULL,
  KEY `index_models_compatibles_on_compatible_id` (`compatible_id`),
  KEY `index_models_compatibles_on_model_id` (`model_id`),
  CONSTRAINT `models_compatibles_model_id_fk` FOREIGN KEY (`model_id`) REFERENCES `models` (`id`),
  CONSTRAINT `models_compatibles_compatible_id_fk` FOREIGN KEY (`compatible_id`) REFERENCES `models` (`id`)
) ENGINE=InnoDB DEFAULT CHARSET=utf8 COLLATE=utf8_unicode_ci;
/*!40101 SET character_set_client = @saved_cs_client */;

--
-- Dumping data for table `models_compatibles`
--

LOCK TABLES `models_compatibles` WRITE;
/*!40000 ALTER TABLE `models_compatibles` DISABLE KEYS */;
INSERT INTO `models_compatibles` VALUES (144,143),(145,143),(146,143);
/*!40000 ALTER TABLE `models_compatibles` ENABLE KEYS */;
UNLOCK TABLES;

--
-- Table structure for table `notifications`
--

DROP TABLE IF EXISTS `notifications`;
/*!40101 SET @saved_cs_client     = @@character_set_client */;
/*!40101 SET character_set_client = utf8 */;
CREATE TABLE `notifications` (
  `id` int(11) NOT NULL AUTO_INCREMENT,
  `user_id` int(11) DEFAULT NULL,
  `title` varchar(255) COLLATE utf8_unicode_ci DEFAULT '',
  `created_at` datetime NOT NULL,
  PRIMARY KEY (`id`),
  KEY `index_notifications_on_user_id` (`user_id`),
  CONSTRAINT `notifications_user_id_fk` FOREIGN KEY (`user_id`) REFERENCES `users` (`id`)
) ENGINE=InnoDB DEFAULT CHARSET=utf8 COLLATE=utf8_unicode_ci;
/*!40101 SET character_set_client = @saved_cs_client */;

--
-- Dumping data for table `notifications`
--

LOCK TABLES `notifications` WRITE;
/*!40000 ALTER TABLE `notifications` DISABLE KEYS */;
/*!40000 ALTER TABLE `notifications` ENABLE KEYS */;
UNLOCK TABLES;

--
-- Table structure for table `numerators`
--

DROP TABLE IF EXISTS `numerators`;
/*!40101 SET @saved_cs_client     = @@character_set_client */;
/*!40101 SET character_set_client = utf8 */;
CREATE TABLE `numerators` (
  `id` int(11) NOT NULL AUTO_INCREMENT,
  `item` int(11) DEFAULT NULL,
  PRIMARY KEY (`id`)
) ENGINE=InnoDB DEFAULT CHARSET=utf8 COLLATE=utf8_unicode_ci;
/*!40101 SET character_set_client = @saved_cs_client */;

--
-- Dumping data for table `numerators`
--

LOCK TABLES `numerators` WRITE;
/*!40000 ALTER TABLE `numerators` DISABLE KEYS */;
/*!40000 ALTER TABLE `numerators` ENABLE KEYS */;
UNLOCK TABLES;

--
-- Table structure for table `options`
--

DROP TABLE IF EXISTS `options`;
/*!40101 SET @saved_cs_client     = @@character_set_client */;
/*!40101 SET character_set_client = utf8 */;
CREATE TABLE `options` (
  `id` int(11) NOT NULL AUTO_INCREMENT,
  `inventory_pool_id` int(11) DEFAULT NULL,
  `inventory_code` varchar(255) COLLATE utf8_unicode_ci DEFAULT NULL,
  `manufacturer` varchar(255) COLLATE utf8_unicode_ci DEFAULT NULL,
  `product` varchar(255) COLLATE utf8_unicode_ci NOT NULL,
  `version` varchar(255) COLLATE utf8_unicode_ci DEFAULT NULL,
  `price` decimal(8,2) DEFAULT NULL,
  PRIMARY KEY (`id`),
  KEY `index_options_on_inventory_pool_id` (`inventory_pool_id`),
  CONSTRAINT `options_inventory_pool_id_fk` FOREIGN KEY (`inventory_pool_id`) REFERENCES `inventory_pools` (`id`)
) ENGINE=InnoDB AUTO_INCREMENT=7 DEFAULT CHARSET=utf8 COLLATE=utf8_unicode_ci;
/*!40101 SET character_set_client = @saved_cs_client */;

--
-- Dumping data for table `options`
--

LOCK TABLES `options` WRITE;
/*!40000 ALTER TABLE `options` DISABLE KEYS */;
INSERT INTO `options` VALUES (1,1,'akku-aa',NULL,'Akku AA','431','459.00'),(2,1,'akku-aaa',NULL,'Akku AAA','432','841.00'),(3,1,'usb',NULL,'USB Kabel','433','81.00'),(4,1,'qui5386',NULL,'Fantastic Granite Chair','535','497.00'),(5,1,'imp7042',NULL,'Fantastic Steel Pants','537','792.00'),(6,2,'uti7443',NULL,'Incredible Granite Shoes','543','671.00');
/*!40000 ALTER TABLE `options` ENABLE KEYS */;
UNLOCK TABLES;

--
-- Table structure for table `partitions`
--

DROP TABLE IF EXISTS `partitions`;
/*!40101 SET @saved_cs_client     = @@character_set_client */;
/*!40101 SET character_set_client = utf8 */;
CREATE TABLE `partitions` (
  `id` int(11) NOT NULL AUTO_INCREMENT,
  `model_id` int(11) DEFAULT NULL,
  `inventory_pool_id` int(11) DEFAULT NULL,
  `group_id` int(11) DEFAULT NULL,
  `quantity` int(11) DEFAULT NULL,
  PRIMARY KEY (`id`),
  UNIQUE KEY `index_partitions_on_model_id_and_inventory_pool_id_and_group_id` (`model_id`,`inventory_pool_id`,`group_id`),
  KEY `partitions_inventory_pool_id_fk` (`inventory_pool_id`),
  KEY `partitions_group_id_fk` (`group_id`),
  CONSTRAINT `partitions_group_id_fk` FOREIGN KEY (`group_id`) REFERENCES `groups` (`id`),
  CONSTRAINT `partitions_inventory_pool_id_fk` FOREIGN KEY (`inventory_pool_id`) REFERENCES `inventory_pools` (`id`),
  CONSTRAINT `partitions_model_id_fk` FOREIGN KEY (`model_id`) REFERENCES `models` (`id`)
) ENGINE=InnoDB AUTO_INCREMENT=12 DEFAULT CHARSET=utf8 COLLATE=utf8_unicode_ci;
/*!40101 SET character_set_client = @saved_cs_client */;

--
-- Dumping data for table `partitions`
--

LOCK TABLES `partitions` WRITE;
/*!40000 ALTER TABLE `partitions` DISABLE KEYS */;
INSERT INTO `partitions` VALUES (1,107,1,4,1),(2,145,1,5,1),(3,146,1,6,5),(4,144,1,1,1),(5,76,1,1,1),(6,76,1,2,1),(7,164,1,7,1),(8,172,1,7,1),(9,181,1,7,1),(10,193,1,8,1),(11,202,1,7,1);
/*!40000 ALTER TABLE `partitions` ENABLE KEYS */;
UNLOCK TABLES;

--
-- Temporary table structure for view `partitions_with_generals`
--

DROP TABLE IF EXISTS `partitions_with_generals`;
/*!50001 DROP VIEW IF EXISTS `partitions_with_generals`*/;
SET @saved_cs_client     = @@character_set_client;
SET character_set_client = utf8;
/*!50001 CREATE TABLE `partitions_with_generals` (
  `model_id` int(11),
  `inventory_pool_id` int(11),
  `group_id` int(11),
  `quantity` decimal(33,0)
) ENGINE=MyISAM */;
SET character_set_client = @saved_cs_client;

--
-- Table structure for table `properties`
--

DROP TABLE IF EXISTS `properties`;
/*!40101 SET @saved_cs_client     = @@character_set_client */;
/*!40101 SET character_set_client = utf8 */;
CREATE TABLE `properties` (
  `id` int(11) NOT NULL AUTO_INCREMENT,
  `model_id` int(11) DEFAULT NULL,
  `key` varchar(255) COLLATE utf8_unicode_ci DEFAULT NULL,
  `value` varchar(255) COLLATE utf8_unicode_ci DEFAULT NULL,
  PRIMARY KEY (`id`),
  KEY `index_properties_on_model_id` (`model_id`),
  CONSTRAINT `properties_model_id_fk` FOREIGN KEY (`model_id`) REFERENCES `models` (`id`)
) ENGINE=InnoDB AUTO_INCREMENT=13 DEFAULT CHARSET=utf8 COLLATE=utf8_unicode_ci;
/*!40101 SET character_set_client = @saved_cs_client */;

--
-- Dumping data for table `properties`
--

LOCK TABLES `properties` WRITE;
/*!40000 ALTER TABLE `properties` DISABLE KEYS */;
INSERT INTO `properties` VALUES (1,144,'Rotorduchmesser','120'),(2,144,'Akkus','2'),(3,144,'Farbe','Rot'),(4,145,'Rotorduchmesser','120'),(5,145,'Akkus','2'),(6,145,'Farbe','Rot'),(7,145,'max. Speed','80 kmh'),(8,145,'Gyro','Ja'),(9,145,'Achsen','3-Achsen'),(10,146,'Rotorduchmesser','120'),(11,146,'Akkus','2'),(12,146,'Farbe','Rot');
/*!40000 ALTER TABLE `properties` ENABLE KEYS */;
UNLOCK TABLES;

--
-- Table structure for table `purposes`
--

DROP TABLE IF EXISTS `purposes`;
/*!40101 SET @saved_cs_client     = @@character_set_client */;
/*!40101 SET character_set_client = utf8 */;
CREATE TABLE `purposes` (
  `id` int(11) NOT NULL AUTO_INCREMENT,
  `description` text COLLATE utf8_unicode_ci,
  PRIMARY KEY (`id`)
) ENGINE=InnoDB AUTO_INCREMENT=47 DEFAULT CHARSET=utf8 COLLATE=utf8_unicode_ci;
/*!40101 SET character_set_client = @saved_cs_client */;

--
-- Dumping data for table `purposes`
--

LOCK TABLES `purposes` WRITE;
/*!40000 ALTER TABLE `purposes` DISABLE KEYS */;
INSERT INTO `purposes` VALUES (1,'---\n- Laudantium nihil magni qui.\n- Rerum soluta qui molestias ab fugiat.\n'),(2,'---\n- Adipisci necessitatibus repellat enim exercitationem illum.\n- Distinctio omnis commodi.\n'),(3,'Ersatzstativ fr die Ausstellung.'),(4,'Ersatzstativ fr die Ausstellung.'),(5,'Ersatzstativ fr die Ausstellung.'),(6,'Ersatzstativ fr die Ausstellung.'),(7,'Ersatzstativ fr die Ausstellung.'),(8,'Ersatzstativ fr die Ausstellung.'),(9,'Ersatzstativ fr die Ausstellung.'),(10,'Ersatzstativ fr die Ausstellung.'),(11,'Ersatzstativ fr die Ausstellung.'),(12,'Ersatzstativ fr die Ausstellung.'),(13,'Ersatzstativ fr die Ausstellung.'),(14,'Ersatzstativ fr die Ausstellung.'),(15,'Voluptate dolorem maiores id nisi nihil dignissimos dolore.'),(16,'Sunt ut possimus omnis hic occaecati minus veritatis.'),(17,'Non eos voluptatem dolores harum.'),(18,'Quaerat dolore laudantium accusantium natus ex.'),(19,'Aut molestias laborum eos veniam provident esse quis voluptas.'),(20,'Sint voluptatem maiores tempore.'),(21,'Sunt inventore qui aspernatur sit et reprehenderit.'),(22,'Qui exercitationem consequuntur odit ut quaerat dolore odio iusto.'),(23,'Bentige ich fr die Aufnahmen meiner Abschlussarbeit.'),(24,'Omnis ea quo non officiis hic explicabo.'),(25,'Voluptatem sequi qui temporibus cupiditate.'),(26,'Molestias quisquam aut qui architecto deleniti in.'),(27,'Ersatzstativ fr die Ausstellung.'),(28,'Fr das zweite Austellungswochenende.'),(29,'Fr das dritte Austellungswochenende.'),(30,'Fr die Abschlussarbeit.'),(31,'Ersatzstativ fr die Ausstellung.'),(32,'Bestellung mit Software'),(33,'Bestellung mit Gegenstand ohne Ort'),(34,'Um meine Abschlussarbeit zu fotografieren.'),(35,'Sunt labore ratione non dolores qui est id dicta.'),(36,'Um meine Abschlussarbeit zu fotografieren.'),(37,'Um meine Abschlussarbeit zu fotografieren.'),(38,'Molestias possimus aspernatur tenetur quia unde dolore.'),(39,'Paketausgabe'),(40,'Fr meinen aktuellen Kurs.'),(41,'Ersatzstativ fr die Ausstellung.'),(42,'Um meine Abschlussarbeit zu fotografieren.'),(43,'Fotoshooting (Kurs Fotografie).'),(44,'Brauche ich zwingend fr meinen Kurs.'),(45,'Ganz dringend bentigt fr meine Abschlussarbeit.'),(46,'Als Ersatz.');
/*!40000 ALTER TABLE `purposes` ENABLE KEYS */;
UNLOCK TABLES;

--
-- Table structure for table `schema_migrations`
--

DROP TABLE IF EXISTS `schema_migrations`;
/*!40101 SET @saved_cs_client     = @@character_set_client */;
/*!40101 SET character_set_client = utf8 */;
CREATE TABLE `schema_migrations` (
  `version` varchar(255) COLLATE utf8_unicode_ci NOT NULL,
  UNIQUE KEY `unique_schema_migrations` (`version`)
) ENGINE=InnoDB DEFAULT CHARSET=utf8 COLLATE=utf8_unicode_ci;
/*!40101 SET character_set_client = @saved_cs_client */;

--
-- Dumping data for table `schema_migrations`
--

LOCK TABLES `schema_migrations` WRITE;
/*!40000 ALTER TABLE `schema_migrations` DISABLE KEYS */;
INSERT INTO `schema_migrations` VALUES ('20140410180000'),('20140414100000'),('20140415083535'),('20140417113831'),('20140428092844'),('20140515131025'),('20140812132326'),('20140820100242'),('20140828082448'),('20140901141016'),('20140903105715');
/*!40000 ALTER TABLE `schema_migrations` ENABLE KEYS */;
UNLOCK TABLES;

--
-- Table structure for table `settings`
--

DROP TABLE IF EXISTS `settings`;
/*!40101 SET @saved_cs_client     = @@character_set_client */;
/*!40101 SET character_set_client = utf8 */;
CREATE TABLE `settings` (
  `id` int(11) NOT NULL AUTO_INCREMENT,
  `smtp_address` varchar(255) COLLATE utf8_unicode_ci DEFAULT NULL,
  `smtp_port` int(11) DEFAULT NULL,
  `smtp_domain` varchar(255) COLLATE utf8_unicode_ci DEFAULT NULL,
  `local_currency_string` varchar(255) COLLATE utf8_unicode_ci DEFAULT NULL,
  `contract_terms` text COLLATE utf8_unicode_ci,
  `contract_lending_party_string` text COLLATE utf8_unicode_ci,
  `email_signature` varchar(255) COLLATE utf8_unicode_ci DEFAULT NULL,
  `default_email` varchar(255) COLLATE utf8_unicode_ci DEFAULT NULL,
  `deliver_order_notifications` tinyint(1) DEFAULT NULL,
  `user_image_url` varchar(255) COLLATE utf8_unicode_ci DEFAULT NULL,
  `ldap_config` varchar(255) COLLATE utf8_unicode_ci DEFAULT NULL,
  `logo_url` varchar(255) COLLATE utf8_unicode_ci DEFAULT NULL,
  `mail_delivery_method` varchar(255) COLLATE utf8_unicode_ci DEFAULT NULL,
  `smtp_username` varchar(255) COLLATE utf8_unicode_ci DEFAULT NULL,
  `smtp_password` varchar(255) COLLATE utf8_unicode_ci DEFAULT NULL,
  `smtp_enable_starttls_auto` tinyint(1) NOT NULL DEFAULT '0',
  `smtp_openssl_verify_mode` varchar(255) COLLATE utf8_unicode_ci NOT NULL DEFAULT 'none',
  `time_zone` varchar(255) COLLATE utf8_unicode_ci NOT NULL DEFAULT 'Bern',
  `disable_manage_section` tinyint(1) NOT NULL DEFAULT '0',
  `disable_manage_section_message` text COLLATE utf8_unicode_ci,
  `disable_borrow_section` tinyint(1) NOT NULL DEFAULT '0',
  `disable_borrow_section_message` text COLLATE utf8_unicode_ci,
  `text` text COLLATE utf8_unicode_ci,
  PRIMARY KEY (`id`)
) ENGINE=InnoDB AUTO_INCREMENT=2 DEFAULT CHARSET=utf8 COLLATE=utf8_unicode_ci;
/*!40101 SET character_set_client = @saved_cs_client */;

--
-- Dumping data for table `settings`
--

LOCK TABLES `settings` WRITE;
/*!40000 ALTER TABLE `settings` DISABLE KEYS */;
INSERT INTO `settings` VALUES (1,'smtp.zhdk.ch',25,'beta.ausleihe.zhdk.ch','CHF','Die Benutzerin/der Benutzer ist bei unsachgemsser Handhabung oder Verlust schadenersatzpflichtig. Sie/Er verpflichtet sich, das Material sorgfltig zu behandeln und gereinigt zu retournieren. Bei mangelbehafteter oder verspteter Rckgabe kann eine Ausleihsperre (bis zu 6 Monaten) verhngt werden. Das geliehene Material bleibt jederzeit uneingeschrnktes Eigentum der Zrcher Hochschule der Knste und darf ausschliesslich fr schulische Zwecke eingesetzt werden. Mit ihrer/seiner Unterschrift akzeptiert die Benutzerin/der Benutzer diese Bedingungen sowie die \'Richtlinie zur Ausleihe von Sachen\' der ZHdK und etwaige abteilungsspezifische Ausleih-Richtlinien.','Your\nAddress\nHere','Das PZ-leihs Team','sender@example.com',0,'http://www.zhdk.ch/?person/foto&width=100&compressionlevel=0&id={:id}',NULL,'/assets/image-logo-zhdk.png','test',NULL,NULL,0,'none','Bern',0,NULL,0,NULL,NULL);
/*!40000 ALTER TABLE `settings` ENABLE KEYS */;
UNLOCK TABLES;

--
-- Table structure for table `suppliers`
--

DROP TABLE IF EXISTS `suppliers`;
/*!40101 SET @saved_cs_client     = @@character_set_client */;
/*!40101 SET character_set_client = utf8 */;
CREATE TABLE `suppliers` (
  `id` int(11) NOT NULL AUTO_INCREMENT,
  `name` varchar(255) COLLATE utf8_unicode_ci NOT NULL,
  `created_at` datetime DEFAULT NULL,
  `updated_at` datetime DEFAULT NULL,
  PRIMARY KEY (`id`),
  UNIQUE KEY `index_suppliers_on_name` (`name`)
) ENGINE=InnoDB AUTO_INCREMENT=268 DEFAULT CHARSET=utf8 COLLATE=utf8_unicode_ci;
/*!40101 SET character_set_client = @saved_cs_client */;

--
-- Dumping data for table `suppliers`
--

LOCK TABLES `suppliers` WRITE;
/*!40000 ALTER TABLE `suppliers` DISABLE KEYS */;
INSERT INTO `suppliers` VALUES (1,'molestiaevoluptatumeos','2012-11-03 10:53:02','2012-11-03 10:53:02'),(2,'perspiciatisaccusantium','2012-11-03 10:53:02','2012-11-03 10:53:02'),(3,'officiistemporaaspernatur','2012-11-03 10:53:02','2012-11-03 10:53:02'),(4,'temporaisteestdolorem','2012-11-03 10:53:02','2012-11-03 10:53:02'),(5,'velitnecessitatibusquaerat','2012-11-03 10:53:02','2012-11-03 10:53:02'),(6,'consequaturfugitfacere','2012-11-03 10:53:02','2012-11-03 10:53:02'),(7,'voluptatemomnissintsedtenetur','2012-11-03 10:53:02','2012-11-03 10:53:02'),(8,'etdoloribuset','2012-11-03 10:53:02','2012-11-03 10:53:02'),(9,'rationequoadtempora','2012-11-03 10:53:02','2012-11-03 10:53:02'),(10,'similiqueautestvoluptates','2012-11-03 10:53:02','2012-11-03 10:53:02'),(11,'nobispariatur','2012-11-03 10:53:02','2012-11-03 10:53:02'),(12,'autvoluptatemeosperferendis','2012-11-03 10:53:02','2012-11-03 10:53:02'),(13,'necessitatibusquaeratexcepturised','2012-11-03 10:53:02','2012-11-03 10:53:02'),(14,'natusvitaesoluta','2012-11-03 10:53:02','2012-11-03 10:53:02'),(15,'eumetsuntaccusamuscorrupti','2012-11-03 10:53:02','2012-11-03 10:53:02'),(16,'inventoreipsamaliquameius','2012-11-03 10:53:02','2012-11-03 10:53:02'),(17,'doloremnisitemporibus','2012-11-03 10:53:02','2012-11-03 10:53:02'),(18,'oditenimexplicaborerum','2012-11-03 10:53:02','2012-11-03 10:53:02'),(19,'nemoisteid','2012-11-03 10:53:02','2012-11-03 10:53:02'),(20,'distinctiofuga','2012-11-03 10:53:02','2012-11-03 10:53:02'),(21,'rerumenimsint','2012-11-03 10:53:02','2012-11-03 10:53:02'),(22,'sedquialibero','2012-11-03 10:53:02','2012-11-03 10:53:02'),(23,'temporadebitis','2012-11-03 10:53:02','2012-11-03 10:53:02'),(24,'nisicorporisautdolorumsint','2012-11-03 10:53:02','2012-11-03 10:53:02'),(25,'cumqueut','2012-11-03 10:53:02','2012-11-03 10:53:02'),(26,'utvoluptates','2012-11-03 10:53:02','2012-11-03 10:53:02'),(27,'utillorerum','2012-11-03 10:53:02','2012-11-03 10:53:02'),(28,'maximeprovident','2012-11-03 10:53:02','2012-11-03 10:53:02'),(29,'quiaaliasnulla','2012-11-03 10:53:02','2012-11-03 10:53:02'),(30,'impediteumeaque','2012-11-03 10:53:02','2012-11-03 10:53:02'),(31,'quiodiodebitisvoluptatemnon','2012-11-03 10:53:02','2012-11-03 10:53:02'),(32,'animiest','2012-11-03 10:53:02','2012-11-03 10:53:02'),(33,'etet','2012-11-03 10:53:02','2012-11-03 10:53:02'),(34,'laborumexercitationemreprehenderitadipisci','2012-11-03 10:53:02','2012-11-03 10:53:02'),(35,'numquamvoluptatemquasnon','2012-11-03 10:53:02','2012-11-03 10:53:02'),(36,'eiusamet','2012-11-03 10:53:02','2012-11-03 10:53:02'),(37,'maximeautemnecessitatibusautadipisci','2012-11-03 10:53:02','2012-11-03 10:53:02'),(38,'etpraesentiumauteos','2012-11-03 10:53:02','2012-11-03 10:53:02'),(39,'idipsaeumnamnisi','2012-11-03 10:53:02','2012-11-03 10:53:02'),(40,'earumvoluptassitquam','2012-11-03 10:53:02','2012-11-03 10:53:02'),(41,'rerumetducimusipsamimpedit','2012-11-03 10:53:02','2012-11-03 10:53:02'),(42,'etnihilaut','2012-11-03 10:53:02','2012-11-03 10:53:02'),(43,'etmolestiaeet','2012-11-03 10:53:02','2012-11-03 10:53:02'),(44,'providentdoloresnihilquos','2012-11-03 10:53:02','2012-11-03 10:53:02'),(45,'recusandaeeiusarchitectoteneturaccusantium','2012-11-03 10:53:02','2012-11-03 10:53:02'),(46,'ealaborumvoluptates','2012-11-03 10:53:02','2012-11-03 10:53:02'),(47,'quisitet','2012-11-03 10:53:02','2012-11-03 10:53:02'),(48,'utcumquiut','2012-11-03 10:53:02','2012-11-03 10:53:02'),(49,'tenetursintimpeditinventoreodio','2012-11-03 10:53:02','2012-11-03 10:53:02'),(50,'perferendissimilique','2012-11-03 10:53:02','2012-11-03 10:53:02'),(51,'quiaconsequunturtemporedeleniti','2012-11-03 10:53:02','2012-11-03 10:53:02'),(52,'ipsamconsequaturvoluptatemincidunt','2012-11-03 10:53:02','2012-11-03 10:53:02'),(53,'omnisidcorruptivelitautem','2012-11-03 10:53:02','2012-11-03 10:53:02'),(54,'sitoditvoluptasaccusamus','2012-11-03 10:53:02','2012-11-03 10:53:02'),(55,'minimadeserunt','2012-11-03 10:53:02','2012-11-03 10:53:02'),(56,'sunteiusest','2012-11-03 10:53:02','2012-11-03 10:53:02'),(57,'dictainexpeditaaliquidsunt','2012-11-03 10:53:02','2012-11-03 10:53:02'),(58,'sequietrerumsintex','2012-11-03 10:53:02','2012-11-03 10:53:02'),(59,'etcommoditotam','2012-11-03 10:53:02','2012-11-03 10:53:02'),(60,'excepturirepellatenimdeseruntlibero','2012-11-03 10:53:02','2012-11-03 10:53:02'),(61,'perferendisquasidoloresquas','2012-11-03 10:53:02','2012-11-03 10:53:02'),(62,'sitdolor','2012-11-03 10:53:02','2012-11-03 10:53:02'),(63,'voluptatequibusdam','2012-11-03 10:53:02','2012-11-03 10:53:02'),(64,'mollitiadebitis','2012-11-03 10:53:02','2012-11-03 10:53:02'),(65,'eligendiad','2012-11-03 10:53:02','2012-11-03 10:53:02'),(66,'eligendiminimaquam','2012-11-03 10:53:02','2012-11-03 10:53:02'),(67,'magnamcorporiseosconsequatur','2012-11-03 10:53:02','2012-11-03 10:53:02'),(68,'voluptatibusminimaut','2012-11-03 10:53:02','2012-11-03 10:53:02'),(69,'nonquiquod','2012-11-03 10:53:02','2012-11-03 10:53:02'),(70,'esteteligendideleniti','2012-11-03 10:53:02','2012-11-03 10:53:02'),(71,'numquamerrorearum','2012-11-03 10:53:02','2012-11-03 10:53:02'),(72,'autcommodiquia','2012-11-03 10:53:02','2012-11-03 10:53:02'),(73,'distinctiototamconsequaturitaque','2012-11-03 10:53:02','2012-11-03 10:53:02'),(74,'numquameumveniamveritatistotam','2012-11-03 10:53:02','2012-11-03 10:53:02'),(75,'voluptatemquivoluptatum','2012-11-03 10:53:02','2012-11-03 10:53:02'),(76,'reiciendisdolorumvitaemaximedolores','2012-11-03 10:53:02','2012-11-03 10:53:02'),(77,'quodfuga','2012-11-03 10:53:02','2012-11-03 10:53:02'),(78,'pariaturnullavitaefacilisaccusantium','2012-11-03 10:53:02','2012-11-03 10:53:02'),(79,'pariaturdoloremeius','2012-11-03 10:53:02','2012-11-03 10:53:02'),(80,'hicnihilsed','2012-11-03 10:53:02','2012-11-03 10:53:02'),(81,'placeatautmolestias','2012-11-03 10:53:02','2012-11-03 10:53:02'),(82,'doloressuntquiaofficia','2012-11-03 10:53:02','2012-11-03 10:53:02'),(83,'teneturdoloremaiores','2012-11-03 10:53:02','2012-11-03 10:53:02'),(84,'minimaest','2012-11-03 10:53:02','2012-11-03 10:53:02'),(85,'liberoquamut','2012-11-03 10:53:02','2012-11-03 10:53:02'),(86,'estfacilis','2012-11-03 10:53:02','2012-11-03 10:53:02'),(87,'indoloresimpedit','2012-11-03 10:53:02','2012-11-03 10:53:02'),(88,'necessitatibusmolestiaedolorumab','2012-11-03 10:53:02','2012-11-03 10:53:02'),(89,'sequiin','2012-11-03 10:53:02','2012-11-03 10:53:02'),(90,'oditnamimpedit','2012-11-03 10:53:02','2012-11-03 10:53:02'),(91,'placeatdoloreet','2012-11-03 10:53:02','2012-11-03 10:53:02'),(92,'atquesimilique','2012-11-03 10:53:02','2012-11-03 10:53:02'),(93,'cumquevoluptatibussintrepellendus','2012-11-03 10:53:02','2012-11-03 10:53:02'),(94,'reprehenderitvitaequiaccusantium','2012-11-03 10:53:02','2012-11-03 10:53:02'),(95,'quiattotamnonofficiis','2012-11-03 10:53:02','2012-11-03 10:53:02'),(96,'velquidemest','2012-11-03 10:53:02','2012-11-03 10:53:02'),(97,'quisaut','2012-11-03 10:53:02','2012-11-03 10:53:02'),(98,'auttemporibusdoloremque','2012-11-03 10:53:02','2012-11-03 10:53:02'),(99,'quiaqui','2012-11-03 10:53:02','2012-11-03 10:53:02'),(100,'omnisoccaecati','2012-11-03 10:53:02','2012-11-03 10:53:02'),(101,'sitvoluptatemestnamenim','2012-11-03 10:53:02','2012-11-03 10:53:02'),(102,'abperferendissint','2012-11-03 10:53:02','2012-11-03 10:53:02'),(103,'asperioresutquiaetipsum','2012-11-03 10:53:02','2012-11-03 10:53:02'),(104,'rerumfuganullavelitcum','2012-11-03 10:53:02','2012-11-03 10:53:02'),(105,'quossit','2012-11-03 10:53:02','2012-11-03 10:53:02'),(106,'repellatdoloribusfaciliseaat','2012-11-03 10:53:02','2012-11-03 10:53:02'),(107,'enimprovidentdebitisaspernaturdicta','2012-11-03 10:53:02','2012-11-03 10:53:02'),(108,'quaefacere','2012-11-03 10:53:02','2012-11-03 10:53:02'),(109,'idtemporibuseiusdoloresest','2012-11-03 10:53:02','2012-11-03 10:53:02'),(110,'aperiamdelenitiomnis','2012-11-03 10:53:02','2012-11-03 10:53:02'),(111,'deseruntreiciendisutplaceatincidunt','2012-11-03 10:53:02','2012-11-03 10:53:02'),(112,'aboccaecatinumquam','2012-11-03 10:53:02','2012-11-03 10:53:02'),(113,'nisitempora','2012-11-03 10:53:02','2012-11-03 10:53:02'),(114,'eaharumest','2012-11-03 10:53:02','2012-11-03 10:53:02'),(115,'doloret','2012-11-03 10:53:02','2012-11-03 10:53:02'),(116,'distinctioutnumquam','2012-11-03 10:53:02','2012-11-03 10:53:02'),(117,'temporaminusat','2012-11-03 10:53:02','2012-11-03 10:53:02'),(118,'voluptatumquasidignissimosreprehenderitaccusantium','2012-11-03 10:53:02','2012-11-03 10:53:02'),(119,'eumodio','2012-11-03 10:53:02','2012-11-03 10:53:02'),(120,'eaquenobis','2012-11-03 10:53:02','2012-11-03 10:53:02'),(121,'occaecativoluptaseteum','2012-11-03 10:53:02','2012-11-03 10:53:02'),(122,'sequiquisquamquismolestiae','2012-11-03 10:53:02','2012-11-03 10:53:02'),(123,'velitutvoluptatemaut','2012-11-03 10:53:02','2012-11-03 10:53:02'),(124,'repudiandaeeanequemolestiassed','2012-11-03 10:53:02','2012-11-03 10:53:02'),(125,'abquibusdamfugiat','2012-11-03 10:53:02','2012-11-03 10:53:02'),(126,'idexercitationemeaqueteneturid','2012-11-03 10:53:02','2012-11-03 10:53:02'),(127,'doloribusmolestiassitquiexcepturi','2012-11-03 10:53:02','2012-11-03 10:53:02'),(128,'enimutnemoeligendi','2012-11-03 10:53:02','2012-11-03 10:53:02'),(129,'estipsa','2012-11-03 10:53:02','2012-11-03 10:53:02'),(130,'nesciuntrerum','2012-11-03 10:53:02','2012-11-03 10:53:02'),(131,'etquiqui','2012-11-03 10:53:02','2012-11-03 10:53:02'),(132,'etdoloresdeseruntdolor','2012-11-03 10:53:02','2012-11-03 10:53:02'),(133,'maiorescorporisvoluptatemnemoenim','2012-11-03 10:53:02','2012-11-03 10:53:02'),(134,'eumvel','2012-11-03 10:53:02','2012-11-03 10:53:02'),(135,'autemdebitisminus','2012-11-03 10:53:02','2012-11-03 10:53:02'),(136,'rerumquoscupiditateaut','2012-11-03 10:53:02','2012-11-03 10:53:02'),(137,'eumfugitconsequatur','2012-11-03 10:53:02','2012-11-03 10:53:02'),(138,'molestiaequi','2012-11-03 10:53:02','2012-11-03 10:53:02'),(139,'eaautofficia','2012-11-03 10:53:02','2012-11-03 10:53:02'),(140,'ameteosexmaximeea','2012-11-03 10:53:02','2012-11-03 10:53:02'),(141,'voluptatemomnisvel','2012-11-03 10:53:02','2012-11-03 10:53:02'),(142,'errorhicvoluptatemeosvelit','2012-11-03 10:53:02','2012-11-03 10:53:02'),(143,'necessitatibuspraesentium','2012-11-03 10:53:02','2012-11-03 10:53:02'),(144,'ametsuscipitsunt','2012-11-03 10:53:02','2012-11-03 10:53:02'),(145,'quiquirerumporrout','2012-11-03 10:53:02','2012-11-03 10:53:02'),(146,'atautquidemtemporaut','2012-11-03 10:53:02','2012-11-03 10:53:02'),(147,'voluptatibusrerumquo','2012-11-03 10:53:02','2012-11-03 10:53:02'),(148,'illoenimetipsaquae','2012-11-03 10:53:02','2012-11-03 10:53:02'),(149,'quoabmodieos','2012-11-03 10:53:02','2012-11-03 10:53:02'),(150,'eaquea','2012-10-30 21:10:59','2012-10-30 21:10:59'),(151,'delectusvoluptates','2012-10-30 21:10:59','2012-10-30 21:10:59'),(152,'nostrumlaborumenimprovident','2012-10-30 21:10:59','2012-10-30 21:10:59'),(153,'modiexplicaboiurequinisi','2012-10-30 21:10:59','2012-10-30 21:10:59'),(154,'idveniam','2012-10-30 21:10:59','2012-10-30 21:10:59'),(155,'quisaepemollitiaoccaecatifuga','2012-10-30 21:10:59','2012-10-30 21:10:59'),(156,'modiquasioccaecatiqui','2012-10-30 21:10:59','2012-10-30 21:10:59'),(157,'nullarepellendus','2012-10-30 21:10:59','2012-10-30 21:10:59'),(158,'omnisrem','2012-10-30 21:10:59','2012-10-30 21:10:59'),(159,'molestiaeperferendisaliquam','2012-10-30 21:10:59','2012-10-30 21:10:59'),(160,'etconsequaturfugitexpeditareiciendis','2012-10-30 21:10:59','2012-10-30 21:10:59'),(161,'consequunturdeseruntconsequaturullam','2012-10-30 21:10:59','2012-10-30 21:10:59'),(162,'eumearum','2012-10-30 21:10:59','2012-10-30 21:10:59'),(163,'perspiciatisiste','2012-10-30 21:10:59','2012-10-30 21:10:59'),(164,'deseruntnobisreprehenderit','2012-10-30 21:10:59','2012-10-30 21:10:59'),(165,'porroassumendanumquamvel','2012-10-30 21:10:59','2012-10-30 21:10:59'),(166,'voluptatemdoloresvoluptatemvoluptasdelectus','2012-10-30 21:10:59','2012-10-30 21:10:59'),(167,'cumquevelitvoluptascupiditateminima','2012-10-30 21:10:59','2012-10-30 21:10:59'),(168,'voluptateaccusamusexut','2012-10-30 21:10:59','2012-10-30 21:10:59'),(169,'rerumdoloresnecessitatibusautemiusto','2012-10-30 21:10:59','2012-10-30 21:10:59'),(170,'cumdoloremquerationevoluptatem','2012-10-30 21:10:59','2012-10-30 21:10:59'),(171,'ipsaestconsequatur','2012-10-30 21:10:59','2012-10-30 21:10:59'),(172,'idamet','2012-10-30 21:10:59','2012-10-30 21:10:59'),(173,'asperioressapiente','2012-10-29 08:44:20','2012-10-29 08:44:20'),(174,'fugiatconsecteturvelitiustomagni','2012-10-29 08:44:20','2012-10-29 08:44:20'),(175,'idmolestiaedicta','2012-10-29 08:44:20','2012-10-29 08:44:20'),(176,'modiexplicabodelectus','2012-11-02 19:54:13','2012-11-02 19:54:13'),(177,'omnisullam','2012-11-02 19:54:13','2012-11-02 19:54:13'),(178,'accusantiumvitaeomnisabrerum','2012-11-02 19:54:13','2012-11-02 19:54:13'),(179,'estrerumilloconsequatur','2012-11-02 19:54:13','2012-11-02 19:54:13'),(180,'etnisi','2012-11-02 19:54:13','2012-11-02 19:54:13'),(181,'autvoluptate','2012-11-02 19:54:13','2012-11-02 19:54:13'),(182,'quidemestquiut','2012-11-02 19:54:13','2012-11-02 19:54:13'),(183,'nihilpariatur','2012-11-02 19:54:13','2012-11-02 19:54:13'),(184,'quinisi','2012-11-03 10:53:02','2012-11-03 10:53:02'),(185,'laudantiumautasolutasunt','2012-11-03 10:53:02','2012-11-03 10:53:02'),(186,'iustoquodinciduntquissapiente','2012-11-03 10:53:02','2012-11-03 10:53:02'),(187,'quisquiunde','2012-11-03 10:53:02','2012-11-03 10:53:02'),(188,'possimusdolorem','2012-11-03 10:53:02','2012-11-03 10:53:02'),(189,'ipsamofficianemo','2012-11-03 10:53:02','2012-11-03 10:53:02'),(190,'autfugiat','2012-11-03 10:53:02','2012-11-03 10:53:02'),(191,'fugiatomnisdoloreiureeum','2012-11-03 10:53:02','2012-11-03 10:53:02'),(192,'nemoremhicadquo','2012-11-03 10:53:02','2012-11-03 10:53:02'),(193,'veroauttempora','2012-11-03 10:53:02','2012-11-03 10:53:02'),(194,'assumendaenimsintdoloribus','2012-11-03 10:53:02','2012-11-03 10:53:02'),(195,'doloremqui','2012-11-03 10:53:02','2012-11-03 10:53:02'),(196,'ducimusbeatae','2012-11-03 10:53:02','2012-11-03 10:53:02'),(197,'voluptatemtotampraesentiumet','2012-11-03 10:53:02','2012-11-03 10:53:02'),(198,'dolorvoluptatem','2012-11-03 10:53:02','2012-11-03 10:53:02'),(199,'nesciuntpariatursimilique','2012-11-03 10:53:02','2012-11-03 10:53:02'),(200,'porrodolorem','2012-11-03 10:53:02','2012-11-03 10:53:02'),(201,'dolorequamcorporishicest','2012-11-03 10:53:02','2012-11-03 10:53:02'),(202,'nemoquasquiseligendi','2012-11-03 10:53:02','2012-11-03 10:53:02'),(203,'maioresconsequunturblanditiisametfugit','2012-10-29 00:00:00','2012-10-29 00:00:00'),(204,'quibusdamnihilrepudiandae','2012-10-29 00:00:00','2012-10-29 00:00:00'),(205,'excepturiinventore','2012-10-29 00:00:00','2012-10-29 00:00:00'),(206,'illoautsimilique','2012-11-03 10:53:02','2012-11-03 10:53:02'),(207,'accusantiumestnon','2012-11-03 10:53:02','2012-11-03 10:53:02'),(208,'molestiasquisquamaccusamusquosed','2012-11-03 10:53:02','2012-11-03 10:53:02'),(209,'fugiatdolorerepellat','2012-11-03 10:53:02','2012-11-03 10:53:02'),(210,'sedadveritatis','2012-11-03 10:53:02','2012-11-03 10:53:02'),(211,'nisinon','2012-11-03 10:53:02','2012-11-03 10:53:02'),(212,'doloremipsaveniamcupiditateipsum','2012-11-03 10:53:02','2012-11-03 10:53:02'),(213,'explicabodictaestdoloremesse','2012-11-03 10:53:02','2012-11-03 10:53:02'),(214,'necessitatibusveniamquo','2012-11-03 10:53:02','2012-11-03 10:53:02'),(215,'oditvoluptatesmolestias','2012-11-03 10:53:02','2012-11-03 10:53:02'),(216,'estvelitfugiatexplicabo','2012-11-03 10:53:02','2012-11-03 10:53:02'),(217,'nontotamdolore','2012-11-03 10:53:02','2012-11-03 10:53:02'),(218,'impeditametetet','2012-11-03 10:53:02','2012-11-03 10:53:02'),(219,'voluptatemquoistevoluptas','2012-11-03 10:53:02','2012-11-03 10:53:02'),(220,'aliquidaccusamusfacilisexplicabo','2012-10-29 00:00:00','2012-10-29 00:00:00'),(221,'velitvoluptatibusreprehenderit','2012-10-29 00:00:00','2012-10-29 00:00:00'),(222,'omnisomnisminimaetvoluptas','2012-10-29 00:00:00','2012-10-29 00:00:00'),(223,'explicabosint','2012-10-29 00:00:00','2012-10-29 00:00:00'),(224,'voluptatummodiautem','2012-11-03 10:53:02','2012-11-03 10:53:02'),(225,'quibusdamtemporibus','2012-11-03 10:53:02','2012-11-03 10:53:02'),(226,'ullameligendi','2012-11-03 10:53:02','2012-11-03 10:53:02'),(227,'totamiddeleniti','2012-11-03 10:53:02','2012-11-03 10:53:02'),(228,'teneturcupiditatesolutasaepelaboriosam','2012-11-03 10:53:02','2012-11-03 10:53:02'),(229,'voluptatibusautemanimiiusto','2012-11-03 10:53:02','2012-11-03 10:53:02'),(230,'etquiquibusdam','2012-11-03 10:53:02','2012-11-03 10:53:02'),(231,'quibusdamexplicabodeseruntquiasint','2012-11-03 10:53:02','2012-11-03 10:53:02'),(232,'etducimusautest','2012-11-03 10:53:02','2012-11-03 10:53:02'),(233,'iustoadperferendis','2012-11-03 10:53:02','2012-11-03 10:53:02'),(234,'maioresreiciendisfacereiste','2012-11-03 10:53:02','2012-11-03 10:53:02'),(235,'velithicquo','2012-11-03 10:53:02','2012-11-03 10:53:02'),(236,'autpossimusaperiamvelitad','2012-11-03 10:53:02','2012-11-03 10:53:02'),(237,'nobisteneturquaerat','2012-11-03 10:53:02','2012-11-03 10:53:02'),(238,'assumendaaut','2012-11-03 10:53:02','2012-11-03 10:53:02'),(239,'quaeatque','2012-11-03 10:53:02','2012-11-03 10:53:02'),(240,'utnonconsecteturetdolorem','2012-11-03 10:53:02','2012-11-03 10:53:02'),(241,'expeditavoluptate','2012-11-03 10:53:02','2012-11-03 10:53:02'),(242,'exdignissimosnihilpariatur','2012-11-03 10:53:02','2012-11-03 10:53:02'),(243,'ullamatblanditiis','2012-11-03 10:53:02','2012-11-03 10:53:02'),(244,'voluptatemquidemvelithicalias','2012-11-03 10:53:02','2012-11-03 10:53:02'),(245,'atmodiexercitationem','2012-11-03 10:53:02','2012-11-03 10:53:02'),(246,'etteneturqui','2012-11-03 10:53:02','2012-11-03 10:53:02'),(247,'undeestexercitationem','2012-11-03 10:53:02','2012-11-03 10:53:02'),(248,'etilloeaqueconsecteturquam','2012-11-03 10:53:02','2012-11-03 10:53:02'),(249,'estutincidunt','2012-11-03 10:53:02','2012-11-03 10:53:02'),(250,'estoditaspernaturquiavoluptatem','2012-11-03 10:53:02','2012-11-03 10:53:02'),(251,'cumisteomnislaborumipsa','2012-11-03 10:53:02','2012-11-03 10:53:02'),(252,'consequunturitaque','2012-11-03 10:53:02','2012-11-03 10:53:02'),(253,'liberosuntinciduntutsimilique','2012-11-03 10:53:02','2012-11-03 10:53:02'),(254,'inventoreestametdoloremque','2012-11-03 10:53:02','2012-11-03 10:53:02'),(255,'omnisest','2012-11-03 10:53:02','2012-11-03 10:53:02'),(256,'quiaexquaerat','2012-11-03 10:53:02','2012-11-03 10:53:02'),(257,'dictaoccaecatiquibusdammaxime','2012-11-03 10:53:02','2012-11-03 10:53:02'),(258,'doloreipsa','2012-11-03 10:53:02','2012-11-03 10:53:02'),(259,'etullamnonvoluptatem','2012-11-03 10:53:02','2012-11-03 10:53:02'),(260,'quamsint','2012-11-03 10:53:02','2012-11-03 10:53:02'),(261,'namaspernaturdolornullarerum','2012-11-03 10:53:02','2012-11-03 10:53:02'),(262,'doloremqueminimaatid','2012-11-03 10:53:02','2012-11-03 10:53:02'),(263,'utsapienteerrornon','2012-11-03 10:53:02','2012-11-03 10:53:02'),(264,'asperioresametquasiatque','2012-11-03 10:53:02','2012-11-03 10:53:02'),(265,'fugaperspiciatisadipiscitemporesuscipit','2012-11-03 10:53:02','2012-11-03 10:53:02'),(266,'nemonihil','2012-11-03 10:53:02','2012-11-03 10:53:02'),(267,'inidvitaeet','2012-11-03 10:53:02','2012-11-03 10:53:02');
/*!40000 ALTER TABLE `suppliers` ENABLE KEYS */;
UNLOCK TABLES;

--
-- Table structure for table `users`
--

DROP TABLE IF EXISTS `users`;
/*!40101 SET @saved_cs_client     = @@character_set_client */;
/*!40101 SET character_set_client = utf8 */;
CREATE TABLE `users` (
  `id` int(11) NOT NULL AUTO_INCREMENT,
  `login` varchar(255) COLLATE utf8_unicode_ci DEFAULT NULL,
  `firstname` varchar(255) COLLATE utf8_unicode_ci DEFAULT NULL,
  `lastname` varchar(255) COLLATE utf8_unicode_ci DEFAULT NULL,
  `phone` varchar(255) COLLATE utf8_unicode_ci DEFAULT NULL,
  `authentication_system_id` int(11) DEFAULT '1',
  `unique_id` varchar(255) COLLATE utf8_unicode_ci DEFAULT NULL,
  `email` varchar(255) COLLATE utf8_unicode_ci DEFAULT NULL,
  `badge_id` varchar(255) COLLATE utf8_unicode_ci DEFAULT NULL,
  `address` varchar(255) COLLATE utf8_unicode_ci DEFAULT NULL,
  `city` varchar(255) COLLATE utf8_unicode_ci DEFAULT NULL,
  `zip` varchar(255) COLLATE utf8_unicode_ci DEFAULT NULL,
  `country` varchar(255) COLLATE utf8_unicode_ci DEFAULT NULL,
  `language_id` int(11) DEFAULT NULL,
  `extended_info` text COLLATE utf8_unicode_ci,
  `settings` varchar(1024) COLLATE utf8_unicode_ci DEFAULT NULL,
  `created_at` datetime DEFAULT NULL,
  `updated_at` datetime DEFAULT NULL,
  `delegator_user_id` int(11) DEFAULT NULL,
  PRIMARY KEY (`id`),
  KEY `index_users_on_authentication_system_id` (`authentication_system_id`),
  KEY `users_delegator_user_id_fk` (`delegator_user_id`),
  KEY `users_language_id_fk` (`language_id`),
  CONSTRAINT `users_language_id_fk` FOREIGN KEY (`language_id`) REFERENCES `languages` (`id`),
  CONSTRAINT `users_authentication_system_id_fk` FOREIGN KEY (`authentication_system_id`) REFERENCES `authentication_systems` (`id`),
  CONSTRAINT `users_delegator_user_id_fk` FOREIGN KEY (`delegator_user_id`) REFERENCES `users` (`id`)
) ENGINE=InnoDB AUTO_INCREMENT=37 DEFAULT CHARSET=utf8 COLLATE=utf8_unicode_ci;
/*!40101 SET character_set_client = @saved_cs_client */;

--
-- Dumping data for table `users`
--

LOCK TABLES `users` WRITE;
/*!40000 ALTER TABLE `users` DISABLE KEYS */;
INSERT INTO `users` VALUES (1,'ramon','Ramon','C.','0800408042',1,'gnssubq13qg2tnavny','ramon@zhdk.ch','xgl2z7ku5kudcusiil','5920 Bayer Common','Luciusstad','N-W3 5JY','Northern Mariana Islands',2,NULL,'--- !ruby/hash:ActiveSupport::HashWithIndifferentAccess {}\n','2012-11-03 10:53:02','2012-11-03 10:53:02',NULL),(2,'milo_524','Terrance','Harris','01212602992',1,'qbwj8vanu9itu2qj72','kaleigh_frami@haley.name','37808wgd9z0r0zp8i2','9217 Dickinson Square','East Mattie','N-ZB4 8BL','Netherlands Antilles',1,NULL,'--- !ruby/hash:ActiveSupport::HashWithIndifferentAccess {}\n','2012-11-03 10:53:02','2012-11-03 10:53:02',NULL),(3,'verna_2849','Golda','Aufderhar','0160765567',1,'kyins05npagz1mofb7','herminio_durgan@kilback.name','zje99pshybm167kijp','70485 Torphy Trail','West Queenieland','M-Y6 2BJ','Montserrat',1,NULL,'--- !ruby/hash:ActiveSupport::HashWithIndifferentAccess {}\n','2012-11-03 10:53:02','2012-11-03 10:53:02',NULL),(4,'alta_402','Lonnie','Gerlach','05594476945',1,'rgyqstkfxb0dzmvjiv','christy.abbott@yundt.com','zpkowjuqpmd5e9d51w','676 Crystal Shore','New Madisentown','P-ZN2 2JD','Palau',1,NULL,'--- !ruby/hash:ActiveSupport::HashWithIndifferentAccess {}\n','2012-11-03 10:53:02','2012-11-03 10:53:02',NULL),(5,'miller_5093','Lillian','Wyman','02277344604',1,'tqiiffwdzoprmfst1s','lucy@hackett.biz','x9b5f14btm3os0rix0','437 Waters Tunnel','Lorenbury','I-Z0Y 8YO','Italy',1,NULL,'--- !ruby/hash:ActiveSupport::HashWithIndifferentAccess {}\n','2012-11-03 10:53:02','2012-11-03 10:53:02',NULL),(6,'selena_8265','Brody','Purdy','0800656690',1,'4x7p09zsuxoxn2ep6j','derek_metz@von.com','shggwus5iyk9ufvopi','454 Cummings Skyway','Lake Demetrius','S-S2M 1YN','Switzerland',1,NULL,'--- !ruby/hash:ActiveSupport::HashWithIndifferentAccess {}\n','2012-11-03 10:53:02','2012-11-03 10:53:02',NULL),(7,'darius_kihn_6909','Alford','Hagenes','01631363446',1,'9fdmtp0v1t4hgh9kqe','ronny_ko@oberbrunner.co.uk','h1mos5kbkec1udgqqi','5911 Jodie Lake','Tremblayfort','N-Z7 8GB','Netherlands Antilles',1,NULL,'--- !ruby/hash:ActiveSupport::HashWithIndifferentAccess {}\n','2012-11-03 10:53:02','2012-11-03 10:53:02',NULL),(8,'matti','Matti','S.','08388363843',1,'3c7wvx19iy29p6pd81','matti@zhdk.ch','90rfr7ybplqo9zioj3','69150 Cormier Manors','West Lillian','S-YN0 2RL','Syrian Arab Republic',2,NULL,'--- !ruby/hash:ActiveSupport::HashWithIndifferentAccess {}\n','2012-11-03 10:53:02','2012-11-03 10:53:02',NULL),(9,'mike','Mike','H.','01810496828',1,'tgd2shxam2l0b814yz','mike@zhdk.ch','1w7o45hf84x25rnlwn','8484 Frederic Parkways','Abelshire','M-Y3 0PL','Macao',2,NULL,'--- !ruby/hash:ActiveSupport::HashWithIndifferentAccess {}\n','2012-11-03 10:53:02','2012-11-03 10:53:02',NULL),(10,'andi','Andi','Mraz','05585366945',1,'y4hfe3e72eso2us63a','andi@zhdk.ch','8l5ndlv3o9w6mf3g2i','29578 Wilber Garden','North Alexander','B-Y3W 8LB','Belgium',2,NULL,'--- !ruby/hash:ActiveSupport::HashWithIndifferentAccess {}\n','2012-11-03 10:53:02','2012-11-03 10:53:02',NULL),(11,'ladarius.emard_4218','Demond','Bashirian','08003786526',1,'o4a06qlphv4r7k6gn7','caden@robeldeckow.biz','j1nahw429b58l6rm24','65900 Fay River','Port Dasiaton','E-Z0N 6WT','El Salvador',2,NULL,'--- !ruby/hash:ActiveSupport::HashWithIndifferentAccess {}\n','2012-11-03 10:53:02','2012-11-03 10:53:02',NULL),(12,'estefania_1536','Agustin','Dare','0800707528',1,'2zzqzu80pknp2c0axn','kristoffer@hudson.info','kleeyka8kg6unn22tg','79339 Isobel Orchard','Port Tyshawnside','S-ZV0H 4AP','Saint Pierre and Miquelon',1,NULL,'--- !ruby/hash:ActiveSupport::HashWithIndifferentAccess {}\n','2012-11-03 10:53:02','2012-11-03 10:53:02',NULL),(13,'donnie.gottlieb_6015','Francisca','Kessler','03421541205',1,'a93wp8h8l8mtf57d7t','billy@considine.com','6q7gs1721hz83ywj3h','1095 Howell Rapids','East Nyah','G-Y1W 5AL','Guinea-Bissau',1,NULL,'--- !ruby/hash:ActiveSupport::HashWithIndifferentAccess {}\n','2012-11-03 10:53:02','2012-11-03 10:53:02',NULL),(14,'scottie_9788','Kristoffer','Jast','0800570369',1,'tmisg80vu3dialifxp','roslyn_smith@veum.info','1jec8l483j6j1k283w','18055 Clementina Oval','O\'Connellborough','S-KL6A 4JA','Samoa',1,NULL,'--- !ruby/hash:ActiveSupport::HashWithIndifferentAccess {}\n','2012-11-03 10:53:02','2012-11-03 10:53:02',NULL),(15,'hershel_5690','Federico','Wiegand','05615515809',1,'ywkaxt59ei4mz1faqm','clara@zemlak.info','ek8v4tu529943g5m9l','64755 Brekke Locks','Lake Janice','F-WH0W 1EZ','French Southern Territories',1,NULL,'--- !ruby/hash:ActiveSupport::HashWithIndifferentAccess {}\n','2012-11-03 10:53:02','2012-11-03 10:53:02',NULL),(16,'edward_2380','Ari','Zulauf','02764013444',1,'g5c2zyamnumcymf77f','evelyn.becker@boganswaniawski.com','bk8yxp81q0mbcdxkl8','870 Mante Flats','Milfordmouth','N-Y2N 7LL','Nauru',1,NULL,'--- !ruby/hash:ActiveSupport::HashWithIndifferentAccess {}\n','2012-11-03 10:53:02','2012-11-03 10:53:02',NULL),(17,'gino','Gino','F.','01511516695',1,'eo4xcf6lzao5n6abqe','gino@zhdk.ch','elnx9v49j7ztu30d7z','1021 Kilback Causeway','South Hettie','B-Z4W 0QG','Bangladesh',2,NULL,'--- !ruby/hash:ActiveSupport::HashWithIndifferentAccess {}\n','2012-11-03 10:53:02','2012-11-03 10:53:02',NULL),(18,'pius','Pius','Ernser','08874235927',1,'6fs1cd90e6qypjv6wx','pius@zhdk.ch','uuygu2rxymr71jqdek','8115 Hayden Trail','Jenkinsstad','C-Y5 1AA','Colombia',2,NULL,'--- !ruby/hash:ActiveSupport::HashWithIndifferentAccess {}\n','2012-11-03 10:53:02','2012-11-03 10:53:02',NULL),(19,'peter','Peter','Silie','05630371227',1,'s1j5asrcdj568dlq5p','peter@silie.com','cpa1ct5ul8cnlwtcoy','7830 Tomas Tunnel','Schusterville','U-D7X 3JT','United Arab Emirates',2,NULL,'--- !ruby/hash:ActiveSupport::HashWithIndifferentAccess {}\n','2012-11-03 10:53:02','2012-11-03 10:53:02',NULL),(20,'gianni_6737','Eve','Bechtelar','0800433040',1,'z3tc2wkescfa2h5wc7','bryce@quigley.co.uk','wjax4l05d7s1ji0b0k','155 Hackett Ferry','Hesselport','E-F8 3QL','Eritrea',1,NULL,'--- !ruby/hash:ActiveSupport::HashWithIndifferentAccess {}\n','2012-11-03 10:53:02','2012-11-03 10:53:02',NULL),(21,'gavin_5257','Flavio','Bechtelar','0500760919',1,'stca00013iuv5h26db','santiago@cruickshank.info','8grjc8rb0bnss4kgxu','7367 Brisa Courts','North Bessiefurt','W-ZB0 6ZA','Western Sahara',1,NULL,'--- !ruby/hash:ActiveSupport::HashWithIndifferentAccess {}\n','2012-11-03 10:53:02','2012-11-03 10:53:02',NULL),(22,'micaela.larkin_8200','Edgardo','Reilly','05651434228',1,'mdmoczr14yq42uuzqf','torrey@simoniskirlin.com','u3c2s0qgzb7c233zbd','745 Kris Crossroad','New Mikelberg','G-Z7A 3LB','Gabon',1,NULL,'--- !ruby/hash:ActiveSupport::HashWithIndifferentAccess {}\n','2012-11-03 10:53:02','2012-11-03 10:53:02',NULL),(23,'davonte_5721','Rhea','O\'Hara','01410240997',1,'a7qybp5uspiip9scub','katelin@dooleycorkery.co.uk','4vk0d23tph8wrukm3m','593 Dominic Circles','Jacobsfurt','A-Y1 9JH','Australia',1,NULL,'--- !ruby/hash:ActiveSupport::HashWithIndifferentAccess {}\n','2012-11-03 10:53:02','2012-11-03 10:53:02',NULL),(24,'ethan_9801','Brooklyn','Keeling','0800672977',1,'8lv8pwgto5btpek8mt','percy_moriette@yundt.biz','20qj8dmbsfrtv4bwph','15805 Abdiel Glens','Ubaldofurt','C-Z38 2PY','Christmas Island',1,NULL,'--- !ruby/hash:ActiveSupport::HashWithIndifferentAccess {}\n','2012-10-29 00:00:00','2012-10-29 00:00:00',NULL),(25,'maye_537','Louvenia','Murphy','0800904959',1,'a6edlzm319nbn351k0','graham@bartellbechtelar.com','stvygd4uo2vyq5o5xq','5821 Block Mission','Maggioton','S-S1 8TA','Sierra Leone',1,NULL,'--- !ruby/hash:ActiveSupport::HashWithIndifferentAccess {}\n','2012-10-29 00:00:00','2012-10-29 00:00:00',NULL),(26,'ryann_yundt_6420','Garth','Dare','01899534115',1,'a52gmz322l7lof1o7p','thea@lehnerlang.info','jbkqs27fcelhlylxn5','62571 Lindgren Lock','East Bette','S-W0R 4XU','Seychelles',1,NULL,'--- !ruby/hash:ActiveSupport::HashWithIndifferentAccess {}\n','2012-11-03 10:53:02','2012-11-03 10:53:02',NULL),(27,'clemmie_3907','Hazel','Stracke','0169773756',1,'4gfhujo0hj7n83czme','crystel@kaulke.biz','brbg0yiw4pwb9nd4ur','626 Dibbert Pine','North Ettie','A-TN2Y 1LL','Argentina',1,NULL,'--- !ruby/hash:ActiveSupport::HashWithIndifferentAccess {}\n','2012-11-03 10:53:02','2012-11-03 10:53:02',NULL),(28,'mina','Mina','Emmerich','05538239196',1,'imw9li5xs7ul6iaab1','mina@zhdk.ch','7s30i1x71jc01d0bqh','3145 Block Spring','Lake Alessandra','P-O4Y 6GJ','Poland',1,NULL,'--- !ruby/hash:ActiveSupport::HashWithIndifferentAccess {}\n','2012-11-03 10:53:02','2012-11-03 10:53:02',NULL),(29,'julie','Julie','White','02124440011',1,'r825jusch0rqg2qsph','julie@zhdk.ch','l9pm83yrcv3i5xlnb0','61888 Douglas Trace','Freddybury','U-P3A 5NZ','United Arab Emirates',1,NULL,'--- !ruby/hash:ActiveSupport::HashWithIndifferentAccess {}\n','2012-11-03 10:53:02','2012-11-03 10:53:02',NULL),(30,NULL,'Earum dolore odio in consequatur enim hic modi.',NULL,NULL,NULL,NULL,NULL,NULL,NULL,NULL,NULL,NULL,1,NULL,'--- !ruby/hash:ActiveSupport::HashWithIndifferentAccess {}\n','2012-11-03 10:53:02','2012-11-03 10:53:02',29),(31,NULL,'Totam est consequatur culpa.',NULL,NULL,NULL,NULL,NULL,NULL,NULL,NULL,NULL,NULL,1,NULL,'--- !ruby/hash:ActiveSupport::HashWithIndifferentAccess {}\n','2012-11-03 10:53:02','2012-11-03 10:53:02',28),(32,NULL,'Quam expedita voluptate exercitationem deleniti cupiditate nemo similique velit.',NULL,NULL,NULL,NULL,NULL,NULL,NULL,NULL,NULL,NULL,1,NULL,'--- !ruby/hash:ActiveSupport::HashWithIndifferentAccess {}\n','2012-11-03 10:53:02','2012-11-03 10:53:02',28),(33,NULL,'Molestias quaerat fugiat et provident unde ex et.',NULL,NULL,NULL,NULL,NULL,NULL,NULL,NULL,NULL,NULL,1,NULL,'--- !ruby/hash:ActiveSupport::HashWithIndifferentAccess {}\n','2012-11-03 10:53:02','2012-11-03 10:53:02',28),(34,'normin','Normin','N.','01132980154',1,'0dipuab48010uxmrrw','normin@zhdk.ch','6n1g28k4wu5krkwci9','494 Destinee Course','South Madonna','S-SB6R 5NG','Saudi Arabia',2,NULL,'--- !ruby/hash:ActiveSupport::HashWithIndifferentAccess {}\n','2012-11-03 10:53:02','2012-11-03 10:53:02',NULL),(35,'petra','Petra','K.','0500326731',1,'za6hen8wctl58pk23e','petra@zhdk.ch','nvwi4q1k95z9ptxypw','61508 Osinski Fords, ','South Lavinaville','U-ZN0 9GW','United Kingdom',2,NULL,'--- !ruby/hash:ActiveSupport::HashWithIndifferentAccess {}\n','2012-11-03 10:53:02','2012-11-03 10:53:02',NULL),(36,'lisa','Lisa','L.','05565047007',1,'hzif2mz8av3cr4rvdo','lisa@zhdk.ch','yc0u51t99td4ku7vcw','537 Terry Flats','South Delpha','P-W2 0BB','Poland',2,NULL,'--- !ruby/hash:ActiveSupport::HashWithIndifferentAccess {}\n','2012-11-03 10:53:02','2012-11-03 10:53:02',NULL);
/*!40000 ALTER TABLE `users` ENABLE KEYS */;
UNLOCK TABLES;

--
-- Temporary table structure for view `visit_lines`
--

DROP TABLE IF EXISTS `visit_lines`;
/*!50001 DROP VIEW IF EXISTS `visit_lines`*/;
SET @saved_cs_client     = @@character_set_client;
SET character_set_client = utf8;
/*!50001 CREATE TABLE `visit_lines` (
  `visit_id` varchar(86),
  `inventory_pool_id` int(11),
  `user_id` int(11),
  `delegated_user_id` int(11),
  `status` enum('unsubmitted','submitted','rejected','approved','signed','closed'),
  `action` varchar(9),
  `date` date,
  `quantity` int(11),
  `contract_line_id` int(11)
) ENGINE=MyISAM */;
SET character_set_client = @saved_cs_client;

--
-- Temporary table structure for view `visits`
--

DROP TABLE IF EXISTS `visits`;
/*!50001 DROP VIEW IF EXISTS `visits`*/;
SET @saved_cs_client     = @@character_set_client;
SET character_set_client = utf8;
/*!50001 CREATE TABLE `visits` (
  `id` varchar(86),
  `inventory_pool_id` int(11),
  `user_id` int(11),
  `status` enum('unsubmitted','submitted','rejected','approved','signed','closed'),
  `action` varchar(9),
  `date` date,
  `quantity` decimal(32,0)
) ENGINE=MyISAM */;
SET character_set_client = @saved_cs_client;

--
-- Table structure for table `workdays`
--

DROP TABLE IF EXISTS `workdays`;
/*!40101 SET @saved_cs_client     = @@character_set_client */;
/*!40101 SET character_set_client = utf8 */;
CREATE TABLE `workdays` (
  `id` int(11) NOT NULL AUTO_INCREMENT,
  `inventory_pool_id` int(11) DEFAULT NULL,
  `monday` tinyint(1) DEFAULT '1',
  `tuesday` tinyint(1) DEFAULT '1',
  `wednesday` tinyint(1) DEFAULT '1',
  `thursday` tinyint(1) DEFAULT '1',
  `friday` tinyint(1) DEFAULT '1',
  `saturday` tinyint(1) DEFAULT '0',
  `sunday` tinyint(1) DEFAULT '0',
  PRIMARY KEY (`id`),
  KEY `index_workdays_on_inventory_pool_id` (`inventory_pool_id`),
  CONSTRAINT `workdays_inventory_pool_id_fk` FOREIGN KEY (`inventory_pool_id`) REFERENCES `inventory_pools` (`id`)
) ENGINE=InnoDB AUTO_INCREMENT=13 DEFAULT CHARSET=utf8 COLLATE=utf8_unicode_ci;
/*!40101 SET character_set_client = @saved_cs_client */;

--
-- Dumping data for table `workdays`
--

LOCK TABLES `workdays` WRITE;
/*!40000 ALTER TABLE `workdays` DISABLE KEYS */;
INSERT INTO `workdays` VALUES (1,1,1,1,1,1,1,0,0),(2,2,1,1,1,1,1,0,0),(3,3,1,1,1,1,1,0,0),(4,4,1,1,1,1,1,0,0),(5,5,1,1,1,1,1,0,0),(6,6,1,1,1,1,1,0,0),(7,7,1,1,1,1,1,0,0),(8,8,1,1,1,1,1,0,0),(9,9,1,1,1,1,1,0,0),(10,10,1,1,1,1,1,0,0),(11,11,1,1,1,1,1,0,0),(12,12,1,1,1,1,1,0,0);
/*!40000 ALTER TABLE `workdays` ENABLE KEYS */;
UNLOCK TABLES;

--
-- Final view structure for view `partitions_with_generals`
--

/*!50001 DROP TABLE IF EXISTS `partitions_with_generals`*/;
/*!50001 DROP VIEW IF EXISTS `partitions_with_generals`*/;
/*!50001 SET @saved_cs_client          = @@character_set_client */;
/*!50001 SET @saved_cs_results         = @@character_set_results */;
/*!50001 SET @saved_col_connection     = @@collation_connection */;
/*!50001 SET character_set_client      = utf8 */;
/*!50001 SET character_set_results     = utf8 */;
/*!50001 SET collation_connection      = utf8_general_ci */;
/*!50001 CREATE ALGORITHM=UNDEFINED */
/*!50001 VIEW `partitions_with_generals` AS select `partitions`.`model_id` AS `model_id`,`partitions`.`inventory_pool_id` AS `inventory_pool_id`,`partitions`.`group_id` AS `group_id`,`partitions`.`quantity` AS `quantity` from `partitions` union select `i`.`model_id` AS `model_id`,`i`.`inventory_pool_id` AS `inventory_pool_id`,NULL AS `group_id`,(count(`i`.`id`) - ifnull((select sum(`p`.`quantity`) from `partitions` `p` where ((`p`.`model_id` = `i`.`model_id`) and (`p`.`inventory_pool_id` = `i`.`inventory_pool_id`)) group by `p`.`inventory_pool_id`,`p`.`model_id`),0)) AS `quantity` from `items` `i` where (isnull(`i`.`retired`) and (`i`.`is_borrowable` = 1) and isnull(`i`.`parent_id`)) group by `i`.`inventory_pool_id`,`i`.`model_id` */;
/*!50001 SET character_set_client      = @saved_cs_client */;
/*!50001 SET character_set_results     = @saved_cs_results */;
/*!50001 SET collation_connection      = @saved_col_connection */;

--
-- Final view structure for view `visit_lines`
--

/*!50001 DROP TABLE IF EXISTS `visit_lines`*/;
/*!50001 DROP VIEW IF EXISTS `visit_lines`*/;
/*!50001 SET @saved_cs_client          = @@character_set_client */;
/*!50001 SET @saved_cs_results         = @@character_set_results */;
/*!50001 SET @saved_col_connection     = @@collation_connection */;
/*!50001 SET character_set_client      = utf8 */;
/*!50001 SET character_set_results     = utf8 */;
/*!50001 SET collation_connection      = utf8_general_ci */;
/*!50001 CREATE ALGORITHM=UNDEFINED */
/*!50001 VIEW `visit_lines` AS select hex(concat(if((`c`.`status` = 'approved'),`cl`.`start_date`,`cl`.`end_date`),`c`.`inventory_pool_id`,`c`.`user_id`,`c`.`status`)) AS `visit_id`,`c`.`inventory_pool_id` AS `inventory_pool_id`,`c`.`user_id` AS `user_id`,`c`.`delegated_user_id` AS `delegated_user_id`,`c`.`status` AS `status`,if((`c`.`status` = 'approved'),'hand_over','take_back') AS `action`,if((`c`.`status` = 'approved'),`cl`.`start_date`,`cl`.`end_date`) AS `date`,`cl`.`quantity` AS `quantity`,`cl`.`id` AS `contract_line_id` from (`contract_lines` `cl` join `contracts` `c` on((`cl`.`contract_id` = `c`.`id`))) where ((`c`.`status` in ('approved','signed')) and isnull(`cl`.`returned_date`)) order by if((`c`.`status` = 'approved'),`cl`.`start_date`,`cl`.`end_date`) */;
/*!50001 SET character_set_client      = @saved_cs_client */;
/*!50001 SET character_set_results     = @saved_cs_results */;
/*!50001 SET collation_connection      = @saved_col_connection */;

--
-- Final view structure for view `visits`
--

/*!50001 DROP TABLE IF EXISTS `visits`*/;
/*!50001 DROP VIEW IF EXISTS `visits`*/;
/*!50001 SET @saved_cs_client          = @@character_set_client */;
/*!50001 SET @saved_cs_results         = @@character_set_results */;
/*!50001 SET @saved_col_connection     = @@collation_connection */;
/*!50001 SET character_set_client      = utf8 */;
/*!50001 SET character_set_results     = utf8 */;
/*!50001 SET collation_connection      = utf8_general_ci */;
/*!50001 CREATE ALGORITHM=UNDEFINED */
/*!50001 VIEW `visits` AS select hex(concat(`visit_lines`.`date`,`visit_lines`.`inventory_pool_id`,`visit_lines`.`user_id`,`visit_lines`.`status`)) AS `id`,`visit_lines`.`inventory_pool_id` AS `inventory_pool_id`,`visit_lines`.`user_id` AS `user_id`,`visit_lines`.`status` AS `status`,`visit_lines`.`action` AS `action`,`visit_lines`.`date` AS `date`,sum(`visit_lines`.`quantity`) AS `quantity` from `visit_lines` group by `visit_lines`.`user_id`,`visit_lines`.`status`,`visit_lines`.`date`,`visit_lines`.`inventory_pool_id` */;
/*!50001 SET character_set_client      = @saved_cs_client */;
/*!50001 SET character_set_results     = @saved_cs_results */;
/*!50001 SET collation_connection      = @saved_col_connection */;
/*!40103 SET TIME_ZONE=@OLD_TIME_ZONE */;

/*!40101 SET SQL_MODE=@OLD_SQL_MODE */;
/*!40014 SET FOREIGN_KEY_CHECKS=@OLD_FOREIGN_KEY_CHECKS */;
/*!40014 SET UNIQUE_CHECKS=@OLD_UNIQUE_CHECKS */;
/*!40101 SET CHARACTER_SET_CLIENT=@OLD_CHARACTER_SET_CLIENT */;
/*!40101 SET CHARACTER_SET_RESULTS=@OLD_CHARACTER_SET_RESULTS */;
/*!40101 SET COLLATION_CONNECTION=@OLD_COLLATION_CONNECTION */;
/*!40111 SET SQL_NOTES=@OLD_SQL_NOTES */;

-- Dump completed on 2014-09-04 17:46:16
COMMIT;
