SET autocommit=0; SET unique_checks=0; SET foreign_key_checks=0;
-- MySQL dump 10.13  Distrib 5.1.48, for apple-darwin10.3.0 (i386)
--
-- Host: localhost    Database: leihs2_test
-- ------------------------------------------------------
-- Server version	5.1.48

/*!40101 SET @OLD_CHARACTER_SET_CLIENT=@@CHARACTER_SET_CLIENT */;
/*!40101 SET @OLD_CHARACTER_SET_RESULTS=@@CHARACTER_SET_RESULTS */;
/*!40101 SET @OLD_COLLATION_CONNECTION=@@COLLATION_CONNECTION */;
/*!40101 SET NAMES utf8 */;
/*!40103 SET @OLD_TIME_ZONE=@@TIME_ZONE */;
/*!40103 SET TIME_ZONE='+00:00' */;
/*!40014 SET @OLD_UNIQUE_CHECKS=@@UNIQUE_CHECKS, UNIQUE_CHECKS=0 */;
/*!40014 SET @OLD_FOREIGN_KEY_CHECKS=@@FOREIGN_KEY_CHECKS, FOREIGN_KEY_CHECKS=0 */;
/*!40101 SET @OLD_SQL_MODE=@@SQL_MODE, SQL_MODE='NO_AUTO_VALUE_ON_ZERO' */;
/*!40111 SET @OLD_SQL_NOTES=@@SQL_NOTES, SQL_NOTES=0 */;

--
-- Table structure for table `access_rights`
--

DROP TABLE IF EXISTS `access_rights`;
/*!40101 SET @saved_cs_client     = @@character_set_client */;
/*!40101 SET character_set_client = utf8 */;
CREATE TABLE `access_rights` (
  `id` int(11) NOT NULL AUTO_INCREMENT,
  `user_id` int(11) DEFAULT NULL,
  `inventory_pool_id` int(11) DEFAULT NULL,
  `suspended_until` date DEFAULT NULL,
  `suspended_reason` text COLLATE utf8_unicode_ci,
  `deleted_at` date DEFAULT NULL,
  `created_at` datetime DEFAULT NULL,
  `updated_at` datetime DEFAULT NULL,
  `role` enum('customer','group_manager','lending_manager','inventory_manager','admin') COLLATE utf8_unicode_ci NOT NULL,
  PRIMARY KEY (`id`),
  KEY `index_access_rights_on_suspended_until` (`suspended_until`),
  KEY `index_access_rights_on_deleted_at` (`deleted_at`),
  KEY `index_access_rights_on_inventory_pool_id` (`inventory_pool_id`),
  KEY `index_access_rights_on_role` (`role`),
  KEY `index_on_user_id_and_inventory_pool_id_and_deleted_at` (`user_id`,`inventory_pool_id`,`deleted_at`)
) ENGINE=InnoDB AUTO_INCREMENT=43 DEFAULT CHARSET=utf8 COLLATE=utf8_unicode_ci;
/*!40101 SET character_set_client = @saved_cs_client */;

--
-- Dumping data for table `access_rights`
--

LOCK TABLES `access_rights` WRITE;
/*!40000 ALTER TABLE `access_rights` DISABLE KEYS */;
INSERT INTO `access_rights` VALUES (1,1,NULL,NULL,NULL,NULL,'2015-06-21 11:36:48','2015-06-21 11:36:48','admin'),(2,3,3,NULL,NULL,NULL,'2015-06-21 11:36:48','2015-06-21 11:36:48','customer'),(3,4,1,NULL,NULL,NULL,'2015-06-21 11:36:48','2015-06-21 11:36:48','lending_manager'),(4,5,5,NULL,NULL,NULL,'2015-06-21 11:36:48','2015-06-21 11:36:48','customer'),(5,6,11,NULL,NULL,NULL,'2015-06-21 11:36:48','2015-06-21 11:36:48','customer'),(6,7,1,NULL,NULL,'2015-06-21','2015-06-21 11:36:48','2015-06-21 11:36:48','customer'),(7,1,1,NULL,NULL,NULL,'2015-06-21 11:36:48','2015-06-21 11:36:48','customer'),(8,8,2,NULL,NULL,NULL,'2015-06-21 11:36:48','2015-06-21 11:36:48','inventory_manager'),(9,9,1,NULL,NULL,NULL,'2015-06-21 11:36:48','2015-06-21 11:36:48','inventory_manager'),(10,9,11,NULL,NULL,NULL,'2015-06-21 11:36:48','2015-06-21 11:36:48','inventory_manager'),(11,10,1,NULL,NULL,NULL,'2015-06-21 11:36:48','2015-06-21 11:36:48','group_manager'),(12,10,2,NULL,NULL,NULL,'2015-06-21 11:36:48','2015-06-21 11:36:48','group_manager'),(13,10,3,NULL,NULL,NULL,'2015-06-21 11:36:48','2015-06-21 11:36:48','group_manager'),(14,11,1,NULL,NULL,NULL,'2015-06-21 11:36:48','2015-06-21 11:36:48','group_manager'),(15,12,1,NULL,NULL,NULL,'2015-06-21 11:36:48','2015-06-21 11:36:48','customer'),(16,13,1,'2015-06-21','suspreason',NULL,'2015-06-21 11:36:48','2015-06-21 11:36:48','customer'),(17,14,1,NULL,NULL,NULL,'2015-06-21 11:36:48','2015-06-21 11:36:48','customer'),(18,15,1,NULL,NULL,NULL,'2015-06-21 11:36:48','2015-06-21 11:36:48','customer'),(19,16,1,NULL,NULL,NULL,'2015-06-21 11:36:48','2015-06-21 11:36:48','customer'),(20,17,NULL,NULL,NULL,NULL,'2015-06-21 11:36:48','2015-06-21 11:36:48','admin'),(21,18,1,NULL,NULL,NULL,'2015-06-21 11:36:48','2015-06-21 11:36:48','lending_manager'),(22,18,2,NULL,NULL,NULL,'2015-06-21 11:36:48','2015-06-21 11:36:48','lending_manager'),(23,19,1,NULL,NULL,NULL,'2015-06-21 11:36:48','2015-06-21 11:36:48','customer'),(24,20,1,NULL,NULL,NULL,'2015-06-21 11:36:48','2015-06-21 11:36:48','customer'),(25,21,1,NULL,NULL,NULL,'2015-06-21 11:36:48','2015-06-21 11:36:48','customer'),(26,22,1,NULL,NULL,NULL,'2015-06-21 11:36:48','2015-06-21 11:36:48','customer'),(27,23,1,NULL,NULL,NULL,'2015-06-21 11:36:48','2015-06-21 11:36:48','customer'),(28,24,2,'2015-06-17','Repudiandae ipsum beatae sed vel porro alias in.',NULL,'2015-06-16 00:00:00','2015-06-16 00:00:00','customer'),(29,28,1,NULL,NULL,NULL,'2015-06-21 11:36:48','2015-06-21 11:36:48','customer'),(30,29,1,NULL,NULL,NULL,'2015-06-21 11:36:48','2015-06-21 11:36:48','customer'),(31,30,1,NULL,NULL,NULL,'2015-06-21 11:36:48','2015-06-21 11:36:48','customer'),(32,31,1,NULL,NULL,NULL,'2015-06-21 11:36:48','2015-06-21 11:36:48','customer'),(33,33,1,NULL,NULL,NULL,'2015-06-21 11:36:48','2015-06-21 11:36:48','customer'),(34,33,12,NULL,NULL,NULL,'2015-06-21 11:36:48','2015-06-21 11:36:48','customer'),(35,33,13,NULL,NULL,NULL,'2015-06-21 11:36:48','2015-06-21 11:36:48','customer'),(36,33,14,NULL,NULL,NULL,'2015-06-21 11:36:48','2015-06-21 11:36:48','customer'),(37,34,1,NULL,NULL,NULL,'2015-06-21 11:36:48','2015-06-21 11:36:48','customer'),(38,34,2,NULL,NULL,NULL,'2015-06-21 11:36:48','2015-06-21 11:36:48','customer'),(39,34,3,NULL,NULL,NULL,'2015-06-21 11:36:48','2015-06-21 11:36:48','customer'),(40,34,14,NULL,NULL,'2015-06-20','2015-06-21 11:36:48','2015-06-21 11:36:48','customer'),(41,35,1,NULL,NULL,NULL,'2015-06-21 11:36:48','2015-06-21 11:36:48','customer'),(42,36,1,NULL,NULL,NULL,'2015-06-21 11:36:48','2015-06-21 11:36:48','customer');
/*!40000 ALTER TABLE `access_rights` ENABLE KEYS */;
UNLOCK TABLES;

--
-- Table structure for table `accessories`
--

DROP TABLE IF EXISTS `accessories`;
/*!40101 SET @saved_cs_client     = @@character_set_client */;
/*!40101 SET character_set_client = utf8 */;
CREATE TABLE `accessories` (
  `id` int(11) NOT NULL AUTO_INCREMENT,
  `model_id` int(11) DEFAULT NULL,
  `name` varchar(255) COLLATE utf8_unicode_ci DEFAULT NULL,
  `quantity` int(11) DEFAULT NULL,
  PRIMARY KEY (`id`),
  KEY `index_accessories_on_model_id` (`model_id`)
) ENGINE=InnoDB AUTO_INCREMENT=504 DEFAULT CHARSET=utf8 COLLATE=utf8_unicode_ci;
/*!40101 SET character_set_client = @saved_cs_client */;

--
-- Dumping data for table `accessories`
--

LOCK TABLES `accessories` WRITE;
/*!40000 ALTER TABLE `accessories` DISABLE KEYS */;
INSERT INTO `accessories` VALUES (1,1,'Jazlyn Christiansen II',NULL),(2,1,'Dr. Jettie Wunsch',NULL),(3,1,'Travon Herzog',NULL),(4,1,'Miss Lessie Bergnaum',NULL),(5,2,'Mrs. Giovani Stracke',NULL),(6,3,'Jordyn Hoeger',NULL),(7,3,'Harrison Collins',NULL),(8,3,'Mr. Leatha Reynolds',NULL),(9,3,'Noah Beatty',NULL),(10,4,'Mrs. Gregorio Ziemann',NULL),(11,4,'Mr. Dimitri Grady',NULL),(12,5,'Dr. Jerrold Wisozk',NULL),(13,5,'D\'angelo Bosco',NULL),(14,5,'Mrs. Gabe Beer',NULL),(15,5,'Gussie Zulauf',NULL),(16,5,'Reggie Robel',NULL),(17,6,'Mr. Trey Upton',NULL),(18,6,'Rosalia McGlynn Jr.',NULL),(19,6,'Randal Schamberger',NULL),(20,6,'Rowan Kuphal',NULL),(21,7,'Ms. Javonte Douglas',NULL),(22,8,'Cathryn Jacobi',NULL),(23,8,'Mrs. Idella Erdman',NULL),(24,8,'Roosevelt Kihn',NULL),(25,9,'Nickolas Skiles',NULL),(26,9,'Donavon Walsh',NULL),(27,9,'Mr. Damion Stamm',NULL),(28,9,'Dudley Muller',NULL),(29,9,'Mr. Stephon Koelpin',NULL),(30,10,'Mr. Shawna Tromp',NULL),(31,10,'Jamarcus Kirlin V',NULL),(32,10,'Candida Batz',NULL),(33,10,'Judy Weimann',NULL),(34,11,'Dr. Mariana Mertz',NULL),(35,12,'Nasir Hackett',NULL),(36,12,'Karl Prosacco',NULL),(37,12,'Mr. Isac Herzog',NULL),(38,13,'Wayne Ferry',NULL),(39,13,'Dulce Heidenreich',NULL),(40,13,'Santiago Lesch',NULL),(41,13,'Dr. Pinkie Rodriguez',NULL),(42,14,'Ms. Clare Krajcik',NULL),(43,14,'Sandy Eichmann IV',NULL),(44,14,'Jane Koelpin PhD',NULL),(45,14,'Vilma Welch',NULL),(46,15,'Myrtice Brown',NULL),(47,15,'Alfred Bogisich',NULL),(48,15,'Keyshawn Stehr',NULL),(49,15,'Bruce Wolff',NULL),(50,15,'Hugh Roob Jr.',NULL),(51,16,'Rylan Dare V',NULL),(52,17,'Eldridge Sporer',NULL),(53,17,'Herta Haag',NULL),(54,17,'Guadalupe Herzog',NULL),(55,18,'Valentin Hartmann',NULL),(56,18,'Dorris Heidenreich',NULL),(57,18,'Hilma Mueller',NULL),(58,18,'Evans Hilpert MD',NULL),(59,18,'Dr. Samson Dare',NULL),(60,19,'Eldora Hermann',NULL),(61,20,'Uriel Ebert',NULL),(62,20,'Hortense Greenholt',NULL),(63,20,'Chandler Lowe',NULL),(64,20,'Mallory Skiles Sr.',NULL),(65,20,'Michele Schowalter',NULL),(66,21,'Burnice Kertzmann',NULL),(67,21,'Emma Hagenes',NULL),(68,21,'Christophe Greenfelder',NULL),(69,22,'Annetta Sporer',NULL),(70,22,'Maymie Hand',NULL),(71,22,'Muhammad Konopelski II',NULL),(72,22,'Miss Mariana Kshlerin',NULL),(73,22,'Edwardo Ziemann',NULL),(74,23,'Walton Hauck',NULL),(75,23,'Abbie Gutkowski',NULL),(76,23,'Doris Dibbert Jr.',NULL),(77,23,'Isaias Torphy',NULL),(78,23,'Wendell Gleichner',NULL),(79,24,'Mr. Reynold Dicki',NULL),(80,24,'Rodolfo Smitham III',NULL),(81,24,'Elwyn Casper',NULL),(82,25,'Major Connelly',NULL),(83,25,'Otho Bauch',NULL),(84,25,'Tia Kessler MD',NULL),(85,25,'Mr. Billie Block',NULL),(86,25,'Elenor Pfeffer',NULL),(87,26,'Miss Alyce West',NULL),(88,26,'Connor Brekke',NULL),(89,26,'Layne Reichel',NULL),(90,27,'Janick Stark',NULL),(91,27,'Rickey Harvey',NULL),(92,27,'Orpha Skiles MD',NULL),(93,27,'Gino Borer PhD',NULL),(94,27,'Mrs. Annetta Hauck',NULL),(95,28,'Aurore Kub',NULL),(96,28,'Johanna Deckow',NULL),(97,28,'Devonte Williamson DVM',NULL),(98,28,'Haven Metz',NULL),(99,29,'Geraldine Cremin',NULL),(100,29,'Minnie Swaniawski III',NULL),(101,29,'Kip King Sr.',NULL),(102,29,'Alysha Senger V',NULL),(103,30,'Anastasia Spinka I',NULL),(104,30,'Emmitt Gusikowski II',NULL),(105,30,'Beryl Stamm',NULL),(106,30,'Bud Johnson',NULL),(107,31,'Citlalli Hand',NULL),(108,31,'Madison Schaefer',NULL),(109,31,'Stanley Kirlin I',NULL),(110,31,'Orville Muller',NULL),(111,32,'Porter Hettinger',NULL),(112,33,'Loraine Bashirian',NULL),(113,33,'Mariam Durgan',NULL),(114,33,'Winifred Hayes',NULL),(115,33,'Milford Bailey',NULL),(116,33,'Karl Larkin',NULL),(117,34,'Audreanne Flatley',NULL),(118,34,'Dr. Kaleb Mante',NULL),(119,35,'Royal Watsica',NULL),(120,35,'Krystel Mitchell',NULL),(121,35,'Ora Schaden',NULL),(122,36,'Kenya Zemlak Sr.',NULL),(123,37,'Laurence Littel',NULL),(124,38,'Kendall Huel',NULL),(125,38,'Bridie Fahey III',NULL),(126,38,'Miss Raquel Christiansen',NULL),(127,38,'Bernadette Maggio MD',NULL),(128,39,'Cathrine Kassulke',NULL),(129,40,'Briana Marks PhD',NULL),(130,40,'Laurianne Bogisich',NULL),(131,40,'Lurline Brakus Sr.',NULL),(132,41,'Creola Padberg',NULL),(133,41,'Ray Predovic',NULL),(134,41,'Emanuel Beer',NULL),(135,42,'Sienna Haley',NULL),(136,42,'Miss Heloise Satterfield',NULL),(137,42,'Dr. Joseph Williamson',NULL),(138,42,'Nedra Murazik',NULL),(139,43,'Ryleigh Hickle',NULL),(140,43,'Araceli Stanton',NULL),(141,44,'Deanna Lubowitz',NULL),(142,45,'Astrid Trantow',NULL),(143,46,'Gwendolyn Robel',NULL),(144,47,'Urban Ankunding DDS',NULL),(145,48,'Mike Altenwerth',NULL),(146,48,'Mrs. Mittie VonRueden',NULL),(147,48,'Mackenzie Metz',NULL),(148,49,'Cody Terry',NULL),(149,49,'Ludwig Wyman MD',NULL),(150,49,'Lupe Daniel',NULL),(151,49,'Braden Keebler',NULL),(152,49,'Skye Langworth IV',NULL),(153,50,'Ms. Felix Wunsch',NULL),(154,51,'Amely Hagenes',NULL),(155,51,'Madie Spencer',NULL),(156,52,'Mabel Towne',NULL),(157,52,'Alexandro Borer',NULL),(158,52,'Mr. Rafaela Hauck',NULL),(159,52,'Stephania Pollich',NULL),(160,53,'Maegan Dibbert',NULL),(161,53,'Laurine Dooley',NULL),(162,53,'Keegan Beier',NULL),(163,53,'Mrs. Kira Batz',NULL),(164,54,'Miss Felicity Mante',NULL),(165,54,'Ms. Tierra Hirthe',NULL),(166,55,'Cecelia McClure',NULL),(167,55,'Hank Jenkins',NULL),(168,56,'Pearl Dach',NULL),(169,56,'Miss Janick Fadel',NULL),(170,57,'Trevor Pacocha',NULL),(171,57,'Mathilde Stanton',NULL),(172,58,'Alanis Weber',NULL),(173,58,'Tabitha Lehner',NULL),(174,58,'Xander Lubowitz',NULL),(175,58,'Kurt Blanda',NULL),(176,58,'Johnpaul Lemke',NULL),(177,59,'Onie Walker DVM',NULL),(178,59,'Ora Purdy',NULL),(179,60,'Myrtice Ankunding PhD',NULL),(180,60,'Tyrell Gorczany',NULL),(181,60,'Marcella Miller Jr.',NULL),(182,60,'Tevin Kessler',NULL),(183,60,'Jaunita Hansen',NULL),(184,61,'Reymundo Mertz III',NULL),(185,61,'Carolanne Legros MD',NULL),(186,61,'Delfina Armstrong I',NULL),(187,61,'Miss Lucie Hyatt',NULL),(188,62,'Marcel Hammes IV',NULL),(189,62,'Cecile Green',NULL),(190,63,'Mr. Gertrude Pfeffer',NULL),(191,63,'Wyman Ferry Sr.',NULL),(192,63,'Yazmin Huels',NULL),(193,63,'Theresia Nicolas',NULL),(194,63,'Kaleb Schuster',NULL),(195,64,'Katlynn Terry',NULL),(196,65,'Donny Murazik',NULL),(197,65,'Dena Blick',NULL),(198,65,'Ubaldo Lemke',NULL),(199,65,'Murl Swaniawski IV',NULL),(200,66,'Malinda Cronin',NULL),(201,66,'Laney Mann',NULL),(202,67,'Sunny Bahringer',NULL),(203,67,'Lukas Wisoky',NULL),(204,67,'Kristy Kohler III',NULL),(205,68,'Mara McCullough IV',NULL),(206,68,'Mr. Wyatt McDermott',NULL),(207,69,'Garland Doyle',NULL),(208,70,'Graciela McLaughlin',NULL),(209,71,'Alexanne Morissette',NULL),(210,71,'Clarabelle Mraz',NULL),(211,71,'Miss Zachery Paucek',NULL),(212,71,'Blake Lang',NULL),(213,71,'Kaitlin Carroll',NULL),(214,72,'Alexandrine Abernathy',NULL),(215,72,'Danyka Spinka',NULL),(216,72,'Miss Ron Blick',NULL),(217,73,'Coralie D\'Amore',NULL),(218,73,'Joan Abbott',NULL),(219,73,'Constance Stroman DDS',NULL),(220,73,'Nick Hegmann',NULL),(221,74,'Kathlyn Cummings',NULL),(222,74,'Raphael Kuphal I',NULL),(223,74,'Dayton Schimmel',NULL),(224,75,'Dewayne Lynch',NULL),(225,75,'Keira Johns',NULL),(226,75,'Francisco Mills',NULL),(227,76,'Dr. Natasha VonRueden',NULL),(228,76,'Clifton Bogisich',NULL),(229,76,'Miss Sadye Gerhold',NULL),(230,76,'Margret Harber',NULL),(231,76,'Eileen Walter',NULL),(232,77,'Ashly Hoeger',NULL),(233,77,'Gabrielle Wisoky',NULL),(234,78,'Russell Treutel PhD',NULL),(235,79,'Clementine Hackett',NULL),(236,79,'Shaina Kreiger',NULL),(237,79,'Britney Nikolaus III',NULL),(238,79,'Cassandre Kiehn V',NULL),(239,79,'Syble Hagenes Sr.',NULL),(240,80,'Vidal Kunde',NULL),(241,80,'Destiney Tromp',NULL),(242,81,'Bethel McCullough',NULL),(243,81,'Orin Kertzmann',NULL),(244,81,'Sabina Nikolaus',NULL),(245,81,'Margarete Champlin',NULL),(246,81,'Kane Konopelski II',NULL),(247,82,'Mrs. Frederique McGlynn',NULL),(248,82,'Mr. Xavier Rempel',NULL),(249,83,'Mrs. Rory Huel',NULL),(250,83,'Sean Mohr',NULL),(251,84,'Nolan Hamill',NULL),(252,84,'Kareem Fahey',NULL),(253,85,'Greg Berge II',NULL),(254,85,'Orie Dooley',NULL),(255,86,'Jaclyn Hettinger',NULL),(256,86,'Ms. Estevan Konopelski',NULL),(257,87,'Miss Felicia Rutherford',NULL),(258,87,'Albertha Osinski',NULL),(259,87,'Wanda Schaden',NULL),(260,87,'Mrs. Noe Ryan',NULL),(261,87,'Harold Price',NULL),(262,88,'Joseph Block',NULL),(263,89,'Dakota Hilpert V',NULL),(264,89,'Deon Koss',NULL),(265,90,'Alda Prohaska',NULL),(266,90,'Annalise Langosh',NULL),(267,90,'Selina Reilly Jr.',NULL),(268,90,'Jo Reichert I',NULL),(269,91,'Rafaela Block DDS',NULL),(270,91,'Lavada Crooks',NULL),(271,91,'Kenya Schroeder',NULL),(272,91,'Doug Waelchi',NULL),(273,92,'Karlie Auer DDS',NULL),(274,93,'Dr. Thomas Little',NULL),(275,93,'Dr. Forrest Monahan',NULL),(276,94,'Erik Satterfield',NULL),(277,95,'Miss Verlie Witting',NULL),(278,95,'Lorine Gibson DVM',NULL),(279,95,'Oliver Hintz MD',NULL),(280,96,'Layla Medhurst',NULL),(281,96,'Brent Pollich Sr.',NULL),(282,97,'Breanna Keebler',NULL),(283,97,'Miss Eladio O\'Keefe',NULL),(284,98,'Mrs. Madison Klocko',NULL),(285,98,'Cristopher Hagenes DVM',NULL),(286,99,'Theodore Streich',NULL),(287,100,'Napoleon Mann',NULL),(288,100,'Samanta O\'Hara',NULL),(289,100,'Leone Schiller',NULL),(290,101,'Miss Justen Hauck',NULL),(291,101,'Dr. Marcelo Gerhold',NULL),(292,101,'Maud Kling',NULL),(293,101,'Paolo Nolan',NULL),(294,101,'Estell Dach',NULL),(295,102,'Kari Bashirian',NULL),(296,103,'Ms. Deven Toy',NULL),(297,103,'Mckenzie Wehner DDS',NULL),(298,103,'Cleveland Sanford',NULL),(299,103,'Ulices Haag',NULL),(300,103,'Lera Mraz',NULL),(301,104,'Janelle Carroll',NULL),(302,104,'Daija Pagac',NULL),(303,104,'Anna Oberbrunner V',NULL),(304,104,'Lew Ryan I',NULL),(305,105,'Heidi Kuhic',NULL),(306,105,'Mr. Torrey Kertzmann',NULL),(307,105,'Davonte Erdman',NULL),(308,106,'Laurence Torphy',NULL),(309,107,'Retha Lang',NULL),(310,107,'Pearlie Lesch',NULL),(311,108,'Hassie Kuphal',NULL),(312,108,'Obie Ward',NULL),(313,108,'Sister Gutkowski',NULL),(314,108,'Philip Nader',NULL),(315,108,'Miss Brenna Connelly',NULL),(316,109,'Merle Hickle I',NULL),(317,109,'Isom Corkery',NULL),(318,109,'Florida Hilll',NULL),(319,110,'Jairo Gorczany',NULL),(320,110,'Howard Ebert',NULL),(321,110,'Brianne Mills',NULL),(322,111,'Henri Turcotte',NULL),(323,111,'Collin Predovic',NULL),(324,111,'Mrs. Daren Quigley',NULL),(325,111,'Vernie Gleason',NULL),(326,112,'Stephen D\'Amore',NULL),(327,112,'Ms. Lorena Braun',NULL),(328,112,'Timmothy Hayes',NULL),(329,112,'Damon Larkin',NULL),(330,113,'Roma Olson',NULL),(331,114,'Kenyon Hilpert',NULL),(332,114,'Grayson Rolfson',NULL),(333,115,'Bernie Cassin',NULL),(334,115,'Giles Barrows',NULL),(335,115,'Flavie Schumm',NULL),(336,115,'Angela Wisoky',NULL),(337,115,'Moises Schumm',NULL),(338,116,'Marley Beahan III',NULL),(339,117,'Darron Heidenreich V',NULL),(340,117,'Gail Cartwright',NULL),(341,117,'Sienna Gleichner',NULL),(342,117,'Dina Ritchie',NULL),(343,117,'Freeman Dickens',NULL),(344,118,'Sierra Kuhic',NULL),(345,119,'Reyes Ratke',NULL),(346,119,'Mrs. Chaim Connelly',NULL),(347,119,'Albert Lebsack',NULL),(348,120,'Kyle Gutmann',NULL),(349,120,'Jayda Sawayn',NULL),(350,120,'Bailee Gutkowski III',NULL),(351,120,'Herbert Weber',NULL),(352,120,'Mrs. Edd Waters',NULL),(353,121,'Cora Harris III',NULL),(354,121,'Trever Emard',NULL),(355,121,'Bettie Berge',NULL),(356,122,'Rylan Gleichner Sr.',NULL),(357,122,'Ms. Eliezer Collier',NULL),(358,122,'River Nitzsche',NULL),(359,122,'Ms. Delphine Halvorson',NULL),(360,122,'Cody Boehm',NULL),(361,123,'Rosario Wiza MD',NULL),(362,123,'Maurice Simonis',NULL),(363,123,'Rebekah Wuckert',NULL),(364,123,'Ezequiel Wisoky',NULL),(365,124,'Lorine Aufderhar',NULL),(366,124,'Beverly Stroman',NULL),(367,125,'Stacey Hilll',NULL),(368,125,'Leland Torphy',NULL),(369,126,'Modesto Ondricka Sr.',NULL),(370,126,'Bertrand Hyatt',NULL),(371,126,'Donato Koepp',NULL),(372,126,'Roxane Spinka II',NULL),(373,127,'Joshua Hermiston DVM',NULL),(374,127,'Dasia Stanton',NULL),(375,128,'Isobel Spinka',NULL),(376,128,'Savannah Russel',NULL),(377,128,'Noe Morissette III',NULL),(378,128,'Michelle Morar',NULL),(379,129,'Gracie Leffler',NULL),(380,129,'Abbie Pouros',NULL),(381,129,'Enos Harber',NULL),(382,129,'Dorothy Kunde',NULL),(383,130,'Cristobal Dicki II',NULL),(384,130,'Dr. Ludie Kihn',NULL),(385,130,'Dayne Emmerich',NULL),(386,130,'Cicero Pouros',NULL),(387,131,'Dr. Evangeline Reinger',NULL),(388,131,'Casimir Bartell',NULL),(389,131,'Cordelia Koss',NULL),(390,131,'Lula Reichert',NULL),(391,131,'Eliezer Reichert',NULL),(392,132,'Clementine Kuhlman',NULL),(393,133,'Carlos Prohaska',NULL),(394,134,'Shaun Champlin',NULL),(395,134,'Imani Stroman',NULL),(396,135,'Verda Barton III',NULL),(397,135,'Lenna Rempel',NULL),(398,135,'Michelle Vandervort MD',NULL),(399,135,'Sofia Von',NULL),(400,136,'Keanu Borer II',NULL),(401,136,'Sigrid Maggio',NULL),(402,136,'Edwina Thiel',NULL),(403,136,'Emerald Hessel',NULL),(404,136,'Delia Moore',NULL),(405,137,'Alanna Schaefer',NULL),(406,137,'Mr. Kyleigh Hessel',NULL),(407,137,'Lucio Gutkowski',NULL),(408,137,'Montana Kub',NULL),(409,138,'Dortha Lindgren Jr.',NULL),(410,138,'Kirsten Von',NULL),(411,138,'Frances Adams',NULL),(412,139,'Zion Wisoky',NULL),(413,139,'Augustus Kling',NULL),(414,139,'Ericka Mante',NULL),(415,139,'Mustafa Ritchie',NULL),(416,139,'Kaleb Lockman',NULL),(417,140,'Velda Macejkovic',NULL),(418,140,'Nat Koss',NULL),(419,141,'Creola Kautzer',NULL),(420,142,'Isabell Hoeger',NULL),(421,142,'Darien Koelpin',NULL),(422,142,'Letha Wyman',NULL),(423,142,'Garland Gusikowski',NULL),(424,143,'Jettie Collins',NULL),(425,143,'Keven Upton',NULL),(426,143,'Lulu Kulas',NULL),(427,143,'Hazle Schiller III',NULL),(428,144,'Ena Paucek DDS',NULL),(429,144,'Eugene Schaefer',NULL),(430,145,'Marshall Jacobs',NULL),(431,146,'Dean Collins',NULL),(432,146,'Destany Raynor',NULL),(433,146,'Trever Lesch',NULL),(434,146,'Delores Rohan',NULL),(435,147,'Kyleigh Collier',NULL),(436,147,'Miss Gaston Block',NULL),(437,148,'Ola Herzog',NULL),(438,149,'Dr. Anastasia Hills',NULL),(439,149,'Connor Olson',NULL),(440,149,'Miss Kristina Rodriguez',NULL),(441,150,'Kris Jacobson MD',NULL),(442,150,'Johan Cartwright',NULL),(443,151,'Dr. Lukas Dibbert',NULL),(444,152,'Robb Lakin',NULL),(445,153,'Bret Terry',NULL),(446,153,'Darian Lemke',NULL),(447,153,'Sister Watsica',NULL),(448,153,'Andres Blanda PhD',NULL),(449,153,'Carmela Jones',NULL),(450,154,'Ms. Jarod Wyman',NULL),(451,154,'Robin Boyle',NULL),(452,154,'Mrs. Ida Adams',NULL),(453,155,'Mr. Berenice Robel',NULL),(454,155,'Nichole Gutkowski',NULL),(455,155,'Darrel Friesen MD',NULL),(456,155,'Mrs. Karson Koch',NULL),(457,155,'Keagan Waelchi',NULL),(458,156,'Omari Krajcik II',NULL),(459,156,'Jimmy Toy',NULL),(460,156,'Maximus Baumbach',NULL),(461,156,'Ms. Domingo Sauer',NULL),(462,157,'Asia Cassin',NULL),(463,157,'Ms. Kobe Wunsch',NULL),(464,157,'Trevor Hayes',NULL),(465,158,'Idella Rogahn',NULL),(466,158,'Reed Kuhlman',NULL),(467,158,'Dr. Anissa Padberg',NULL),(468,158,'Wilson Miller',NULL),(469,158,'Mr. Moises Littel',NULL),(470,159,'Justen Rath',NULL),(471,159,'Ms. Yadira Abshire',NULL),(472,160,'Dolores Okuneva',NULL),(473,160,'Emiliano Walsh',NULL),(474,160,'Kellen Boyer DDS',NULL),(475,161,'Nicklaus Zieme',NULL),(476,162,'Miss Kirsten Swift',NULL),(477,162,'Josefa Hammes',NULL),(478,162,'Mckayla Effertz',NULL),(479,162,'Marjolaine Hand II',NULL),(480,162,'Stephon Herman Jr.',NULL),(481,163,'Ayden Mills',NULL),(482,163,'Miss Ollie Satterfield',NULL),(483,163,'Maida Conroy',NULL),(484,163,'Domingo Zulauf',NULL),(485,163,'Miss Bria Kulas',NULL),(486,164,'Tessie Ernser',NULL),(487,165,'Dr. Nannie Waelchi',NULL),(488,165,'Ursula Metz III',NULL),(489,165,'Brendon Rohan MD',NULL),(490,166,'Lowell Kihn III',NULL),(491,166,'Anahi Reichert PhD',NULL),(492,166,'Mabel Lebsack',NULL),(493,166,'Jacinto Boehm V',NULL),(494,166,'Alycia Lubowitz Sr.',NULL),(495,167,'Lennie Collins DVM',NULL),(496,167,'Mireya Maggio',NULL),(497,167,'Kaden Abshire',NULL),(498,167,'Dr. Lambert Rath',NULL),(499,168,'Jacquelyn Beier',NULL),(500,168,'Juanita Hintz',NULL),(501,168,'Breanne Howe',NULL),(502,168,'Greta Boyer',NULL),(503,169,'Noelia Lindgren DVM',NULL);
/*!40000 ALTER TABLE `accessories` ENABLE KEYS */;
UNLOCK TABLES;

--
-- Table structure for table `accessories_inventory_pools`
--

DROP TABLE IF EXISTS `accessories_inventory_pools`;
/*!40101 SET @saved_cs_client     = @@character_set_client */;
/*!40101 SET character_set_client = utf8 */;
CREATE TABLE `accessories_inventory_pools` (
  `accessory_id` int(11) DEFAULT NULL,
  `inventory_pool_id` int(11) DEFAULT NULL,
  UNIQUE KEY `index_accessories_inventory_pools` (`accessory_id`,`inventory_pool_id`),
  KEY `index_accessories_inventory_pools_on_inventory_pool_id` (`inventory_pool_id`)
) ENGINE=InnoDB DEFAULT CHARSET=utf8 COLLATE=utf8_unicode_ci;
/*!40101 SET character_set_client = @saved_cs_client */;

--
-- Dumping data for table `accessories_inventory_pools`
--

LOCK TABLES `accessories_inventory_pools` WRITE;
/*!40000 ALTER TABLE `accessories_inventory_pools` DISABLE KEYS */;
INSERT INTO `accessories_inventory_pools` VALUES (1,1),(3,1),(8,1),(9,1),(10,1),(11,1),(12,1),(16,1),(17,1),(18,1),(19,1),(20,1),(22,1),(28,1),(30,1),(34,1),(35,1),(37,1),(38,1),(40,1),(41,1),(42,1),(44,1),(48,1),(51,1),(52,1),(54,1),(55,1),(57,1),(59,1),(64,1),(66,1),(69,1),(70,1),(71,1),(72,1),(75,1),(76,1),(77,1),(78,1),(82,1),(84,1),(85,1),(88,1),(90,1),(91,1),(97,1),(101,1),(102,1),(103,1),(105,1),(106,1),(107,1),(109,1),(110,1),(111,1),(112,1),(113,1),(114,1),(116,1),(117,1),(120,1),(121,1),(123,1),(125,1),(126,1),(137,1),(144,1),(146,1),(148,1),(150,1),(151,1),(152,1),(153,1),(155,1),(157,1),(158,1),(160,1),(161,1),(164,1),(166,1),(170,1),(171,1),(172,1),(173,1),(174,1),(175,1),(176,1),(177,1),(183,1),(187,1),(190,1),(192,1),(194,1),(195,1),(197,1),(200,1),(201,1),(202,1),(203,1),(207,1),(212,1),(214,1),(215,1),(216,1),(217,1),(218,1),(219,1),(220,1),(223,1),(226,1),(228,1),(231,1),(233,1),(234,1),(235,1),(236,1),(239,1),(240,1),(242,1),(244,1),(249,1),(253,1),(255,1),(257,1),(260,1),(262,1),(265,1),(266,1),(267,1),(268,1),(270,1),(273,1),(274,1),(275,1),(276,1),(277,1),(280,1),(281,1),(285,1),(286,1),(287,1),(288,1),(290,1),(291,1),(293,1),(295,1),(298,1),(300,1),(301,1),(302,1),(303,1),(304,1),(307,1),(308,1),(314,1),(315,1),(318,1),(319,1),(321,1),(322,1),(323,1),(325,1),(326,1),(330,1),(332,1),(333,1),(334,1),(335,1),(336,1),(338,1),(339,1),(343,1),(345,1),(350,1),(351,1),(353,1),(354,1),(357,1),(358,1),(359,1),(362,1),(363,1),(367,1),(368,1),(369,1),(371,1),(374,1),(375,1),(376,1),(377,1),(378,1),(379,1),(380,1),(381,1),(382,1),(383,1),(384,1),(385,1),(386,1),(387,1),(390,1),(395,1),(397,1),(400,1),(401,1),(403,1),(405,1),(406,1),(408,1),(409,1),(413,1),(415,1),(416,1),(419,1),(420,1),(421,1),(423,1),(424,1),(429,1),(432,1),(433,1),(434,1),(437,1),(442,1),(443,1),(444,1),(445,1),(447,1),(450,1),(452,1),(453,1),(456,1),(458,1),(459,1),(461,1),(463,1),(467,1),(468,1),(472,1),(473,1),(474,1),(476,1),(477,1),(480,1),(482,1),(485,1),(487,1),(488,1),(490,1),(493,1),(494,1),(495,1),(498,1),(499,1),(502,1);
/*!40000 ALTER TABLE `accessories_inventory_pools` ENABLE KEYS */;
UNLOCK TABLES;

--
-- Table structure for table `addresses`
--

DROP TABLE IF EXISTS `addresses`;
/*!40101 SET @saved_cs_client     = @@character_set_client */;
/*!40101 SET character_set_client = utf8 */;
CREATE TABLE `addresses` (
  `id` int(11) NOT NULL AUTO_INCREMENT,
  `street` varchar(255) COLLATE utf8_unicode_ci DEFAULT NULL,
  `zip_code` varchar(255) COLLATE utf8_unicode_ci DEFAULT NULL,
  `city` varchar(255) COLLATE utf8_unicode_ci DEFAULT NULL,
  `country_code` varchar(255) COLLATE utf8_unicode_ci DEFAULT NULL,
  `latitude` float DEFAULT NULL,
  `longitude` float DEFAULT NULL,
  PRIMARY KEY (`id`),
  UNIQUE KEY `index_addresses_on_street_and_zip_code_and_city_and_country_code` (`street`,`zip_code`,`city`,`country_code`)
) ENGINE=InnoDB DEFAULT CHARSET=utf8 COLLATE=utf8_unicode_ci;
/*!40101 SET character_set_client = @saved_cs_client */;

--
-- Dumping data for table `addresses`
--

LOCK TABLES `addresses` WRITE;
/*!40000 ALTER TABLE `addresses` DISABLE KEYS */;
/*!40000 ALTER TABLE `addresses` ENABLE KEYS */;
UNLOCK TABLES;

--
-- Table structure for table `attachments`
--

DROP TABLE IF EXISTS `attachments`;
/*!40101 SET @saved_cs_client     = @@character_set_client */;
/*!40101 SET character_set_client = utf8 */;
CREATE TABLE `attachments` (
  `id` int(11) NOT NULL AUTO_INCREMENT,
  `model_id` int(11) DEFAULT NULL,
  `is_main` tinyint(1) DEFAULT '0',
  `content_type` varchar(255) COLLATE utf8_unicode_ci DEFAULT NULL,
  `filename` varchar(255) COLLATE utf8_unicode_ci DEFAULT NULL,
  `size` int(11) DEFAULT NULL,
  PRIMARY KEY (`id`),
  KEY `index_attachments_on_model_id` (`model_id`)
) ENGINE=InnoDB AUTO_INCREMENT=5 DEFAULT CHARSET=utf8 COLLATE=utf8_unicode_ci;
/*!40101 SET character_set_client = @saved_cs_client */;

--
-- Dumping data for table `attachments`
--

LOCK TABLES `attachments` WRITE;
/*!40000 ALTER TABLE `attachments` DISABLE KEYS */;
INSERT INTO `attachments` VALUES (1,153,0,'image/jpeg','at',NULL),(2,154,0,'image/jpeg','omnis',NULL),(3,166,0,'image/jpeg','deserunt',NULL),(4,167,0,'image/jpeg','nulla',NULL);
/*!40000 ALTER TABLE `attachments` ENABLE KEYS */;
UNLOCK TABLES;

--
-- Table structure for table `authentication_systems`
--

DROP TABLE IF EXISTS `authentication_systems`;
/*!40101 SET @saved_cs_client     = @@character_set_client */;
/*!40101 SET character_set_client = utf8 */;
CREATE TABLE `authentication_systems` (
  `id` int(11) NOT NULL AUTO_INCREMENT,
  `name` varchar(255) COLLATE utf8_unicode_ci DEFAULT NULL,
  `class_name` varchar(255) COLLATE utf8_unicode_ci DEFAULT NULL,
  `is_default` tinyint(1) DEFAULT '0',
  `is_active` tinyint(1) DEFAULT '0',
  PRIMARY KEY (`id`)
) ENGINE=InnoDB AUTO_INCREMENT=7 DEFAULT CHARSET=utf8 COLLATE=utf8_unicode_ci;
/*!40101 SET character_set_client = @saved_cs_client */;

--
-- Dumping data for table `authentication_systems`
--

LOCK TABLES `authentication_systems` WRITE;
/*!40000 ALTER TABLE `authentication_systems` DISABLE KEYS */;
INSERT INTO `authentication_systems` VALUES (1,'Database Authentication','DatabaseAuthentication',1,1),(2,'LDAP Authentication','LdapAuthentication',0,0),(3,'ZHDK Authentication','Zhdk',0,0),(4,'Database Authentication','DatabaseAuthentication',1,1),(5,'LDAP Authentication','LdapAuthentication',0,0),(6,'ZHDK Authentication','Zhdk',0,0);
/*!40000 ALTER TABLE `authentication_systems` ENABLE KEYS */;
UNLOCK TABLES;

--
-- Table structure for table `buildings`
--

DROP TABLE IF EXISTS `buildings`;
/*!40101 SET @saved_cs_client     = @@character_set_client */;
/*!40101 SET character_set_client = utf8 */;
CREATE TABLE `buildings` (
  `id` int(11) NOT NULL AUTO_INCREMENT,
  `name` varchar(255) COLLATE utf8_unicode_ci DEFAULT NULL,
  `code` varchar(255) COLLATE utf8_unicode_ci DEFAULT NULL,
  PRIMARY KEY (`id`)
) ENGINE=InnoDB AUTO_INCREMENT=183 DEFAULT CHARSET=utf8 COLLATE=utf8_unicode_ci;
/*!40101 SET character_set_client = @saved_cs_client */;

--
-- Dumping data for table `buildings`
--

LOCK TABLES `buildings` WRITE;
/*!40000 ALTER TABLE `buildings` DISABLE KEYS */;
INSERT INTO `buildings` VALUES (1,'Great Pyramid of Giza','ZZZ'),(2,'Quodetharum','ali'),(3,'Etautcum','cup'),(4,'Hicquasiex','des'),(5,'Quosautemmagni','etv'),(6,'Debitisvoluptatumest','inc'),(7,'Nullainperferendis','exp'),(8,'Sedmolestiaeid','rer'),(9,'Utrepellendusest','qua'),(10,'Cumqueestasperiores','ten'),(11,'Ullamfugitaccusantium','con'),(12,'Placeatautquisquam','dol'),(13,'Quiaautdebitis','cor'),(14,'Autnumquamvoluptates','cor'),(15,'Iurefugitaut','ips'),(16,'Impeditilloharum','ame'),(17,'Quisdignissimosquis','off'),(18,'Delenitietmaiores','sun'),(19,'Quiasaepeest','nis'),(20,'Eosquiimpedit','por'),(21,'Omnisadiure','sed'),(22,'Natusdictadolores','duc'),(23,'Voluptatemquasiaut','qui'),(24,'Veloccaecativel','con'),(25,'Doloresexpeditaaut','mag'),(26,'Etatquo','vol'),(27,'Harumautoccaecati','nih'),(28,'Suntconsequaturducimus','exc'),(29,'Temporaetut','dol'),(30,'Ullamconsequaturlaborum','ess'),(31,'Culpacommodipossimus','fac'),(32,'Aperiamvoluptatumdolor','qui'),(33,'Eareiciendisperferendis','min'),(34,'Illumatquequi','sin'),(35,'Voluptaserrorut','per'),(36,'Autquamvoluptatem','fug'),(37,'Eteumaut','mol'),(38,'Solutaiustosunt','nob'),(39,'Fugaetaut','atq'),(40,'Idabet','qui'),(41,'Molestiaedolorumquia','vol'),(42,'Autemexoccaecati','cor'),(43,'Rerumveropraesentium','sed'),(44,'Ausstellungsstrasse 60','AU60'),(45,'Ausstellungsstrasse 60','AU60'),(46,'Porrovelitquisquam','qui'),(47,'Eaquesimiliquetempora','qui'),(48,'Dolorumquilabore','sin'),(49,'Odiomolestiaequam','dol'),(50,'Consequaturvoluptatesautem','har'),(51,'Utquisimilique','cor'),(52,'Nemovelearum','ull'),(53,'Esseutvoluptas','quo'),(54,'Architectocorporisut','del'),(55,'Quibusdamrerumaliquid','omn'),(56,'Quirerumet','aut'),(57,'Omnisuteius','est'),(58,'Inlaborumadipisci','quo'),(59,'Distinctionihilfuga','opt'),(60,'Etomnisculpa','vit'),(61,'Etanimiexcepturi','con'),(62,'Liberoperspiciatisminus','dig'),(63,'Accusantiumquasducimus','vel'),(64,'Liberocumquas','odi'),(65,'Idvoluptatemut','sol'),(66,'Eaquesitipsum','rep'),(67,'Quiquiet','ten'),(68,'Quiapraesentiumdolorem','ver'),(69,'Perferendisminimaullam','off'),(70,'Abexplicaboinventore','eae'),(71,'Nonliberodolor','ete'),(72,'Laboriosamoditrem','utr'),(73,'Mollitiaincum','nam'),(74,'Quosperspiciatiseaque','ill'),(75,'Adipiscivoluptaset','dol'),(76,'Expeditaofficiacorporis','abe'),(77,'Utconsecteturperspiciatis','opt'),(78,'Quietut','dis'),(79,'Quidemabeligendi','eni'),(80,'Ettemporemolestias','nat'),(81,'Verovoluptatemeum','ill'),(82,'Sitatquequidem','rep'),(83,'Autcupiditateratione','tem'),(84,'Assumendanisiquidem','eos'),(85,'Fugithicautem','asp'),(86,'Nullasitsed','eum'),(87,'Eumminusalias','eum'),(88,'Commodiexercitationemnam','exc'),(89,'Evenieteiussoluta','eum'),(90,'Corporisaccusamusdolores','qui'),(91,'Occaecatieumdicta','vol'),(92,'Ipsamlaborequis','vol'),(93,'Omnisdoloremquenon','inv'),(94,'Illumidvel','har'),(95,'Voluptatemquameum','etv'),(96,'Siteiusiusto','ali'),(97,'Autmodipossimus','seq'),(98,'Quodolorumnostrum','atp'),(99,'Consequunturconsequaturratione','rec'),(100,'Officiaetratione','ads'),(101,'Etetrecusandae','lau'),(102,'Aliquidutiste','inf'),(103,'Rationeexconsequatur','utl'),(104,'Sednisilaudantium','qua'),(105,'Recusandaenecessitatibusut','mag'),(106,'Dictaprovidentatque','quo'),(107,'Mollitiadebitisaut','rep'),(108,'Rerumvoluptateaut','fac'),(109,'Nobisdoloresmodi','ius'),(110,'Earumsaepecum','cum'),(111,'Eteumomnis','off'),(112,'Eosinnon','exp'),(113,'Voluptasmolestiaset','nis'),(114,'Estplaceatlabore','qui'),(115,'Deseruntetvelit','eni'),(116,'Iddoloremquevoluptatibus','eni'),(117,'Etreprehenderitvoluptatum','per'),(118,'Nobispariaturtotam','exi'),(119,'Ipsaquiillo','ear'),(120,'Sittemporibusquasi','ets'),(121,'Eaquepraesentiumdicta','num'),(122,'Quaevelquidem','est'),(123,'Asperioresdoloresquasi','ver'),(124,'Quasbeataeeum','atl'),(125,'Expeditaetmollitia','seq'),(126,'Autdoloresmaxime','idt'),(127,'Laudantiumautemtemporibus','ita'),(128,'Great Pyramid of Giza','ZZZ'),(129,'Aliquamestaccusamus','est'),(130,'Eligendiistedebitis','aut'),(131,'Utrationequi','dol'),(132,'Reprehenderitenimquidem','dol'),(133,'Fugaconsecteturet','har'),(134,'Molestiasmagninobis','ven'),(135,'Sintprovidentquibusdam','quo'),(136,'Quiavoluptatesrerum','omn'),(137,'Eiusvoluptasporro','dol'),(138,'Ullamnamatque','quo'),(139,'Ipsamtemporevoluptatem','eni'),(140,'Quiadoloressit','etm'),(141,'Expeditautodio','neq'),(142,'Suntutdoloribus','qui'),(143,'Magnambeataeipsam','eni'),(144,'Excepturiquisfacilis','pro'),(145,'Autveniamvoluptate','aut'),(146,'Atconsecteturut','tot'),(147,'Vitaedoloremquealiquam','min'),(148,'Quiaeaqueut','qui'),(149,'Temporanemoexcepturi','nih'),(150,'Quisquameumcupiditate','del'),(151,'Repudiandaeautunde','rep'),(152,'Quasveniamet','dol'),(153,'Temporibusenimeos','dig'),(154,'Expeditaeosquod','est'),(155,'Molestiaeiustonumquam','vol'),(156,'Harumtemporeporro','mol'),(157,'Undeautlabore','con'),(158,'Quosuscipitsapiente','qui'),(159,'Earumaliasdolorum','eiu'),(160,'Oditenimet','vol'),(161,'Voluptatumsuscipitquod','con'),(162,'Optioadipiscinon','nih'),(163,'Consecteturvelsunt','iur'),(164,'Commodinobisneque','dol'),(165,'Eteaquesint','qua'),(166,'Autrecusandaedebitis','del'),(167,'Aliastotammodi','ear'),(168,'Quiaquaeomnis','ips'),(169,'Sitanimiet','occ'),(170,'Utinvoluptatem','aan'),(171,'Sequiquiset','duc'),(172,'Officiaprovidentsaepe','vel'),(173,'Accusamusaliquamconsequatur','mol'),(174,'Velmagnamvoluptas','rer'),(175,'Doloremeumpossimus','dol'),(176,'Utquasinon','aut'),(177,'Quoimpeditsuscipit','uto'),(178,'Dictaiddebitis','asp'),(179,'Teneturquiaminus','dol'),(180,'Esterrornecessitatibus','acc'),(181,'Cumeanemo','del'),(182,'Doloresrecusandaeaut','exp');
/*!40000 ALTER TABLE `buildings` ENABLE KEYS */;
UNLOCK TABLES;

--
-- Table structure for table `contract_lines`
--

DROP TABLE IF EXISTS `contract_lines`;
/*!40101 SET @saved_cs_client     = @@character_set_client */;
/*!40101 SET character_set_client = utf8 */;
CREATE TABLE `contract_lines` (
  `id` int(11) NOT NULL AUTO_INCREMENT,
  `contract_id` int(11) DEFAULT NULL,
  `type` varchar(255) COLLATE utf8_unicode_ci NOT NULL DEFAULT 'ItemLine',
  `item_id` int(11) DEFAULT NULL,
  `model_id` int(11) DEFAULT NULL,
  `quantity` int(11) DEFAULT '1',
  `start_date` date DEFAULT NULL,
  `end_date` date DEFAULT NULL,
  `returned_date` date DEFAULT NULL,
  `option_id` int(11) DEFAULT NULL,
  `purpose_id` int(11) DEFAULT NULL,
  `returned_to_user_id` int(11) DEFAULT NULL,
  `created_at` datetime DEFAULT NULL,
  `updated_at` datetime DEFAULT NULL,
  PRIMARY KEY (`id`),
  KEY `index_contract_lines_on_start_date` (`start_date`),
  KEY `index_contract_lines_on_end_date` (`end_date`),
  KEY `index_contract_lines_on_option_id` (`option_id`),
  KEY `index_contract_lines_on_contract_id` (`contract_id`),
  KEY `index_contract_lines_on_item_id` (`item_id`),
  KEY `index_contract_lines_on_model_id` (`model_id`),
  KEY `index_contract_lines_on_returned_date_and_contract_id` (`returned_date`,`contract_id`),
  KEY `index_contract_lines_on_type_and_contract_id` (`type`,`contract_id`)
) ENGINE=InnoDB AUTO_INCREMENT=170 DEFAULT CHARSET=utf8 COLLATE=utf8_unicode_ci;
/*!40101 SET character_set_client = @saved_cs_client */;

--
-- Dumping data for table `contract_lines`
--

LOCK TABLES `contract_lines` WRITE;
/*!40000 ALTER TABLE `contract_lines` DISABLE KEYS */;
INSERT INTO `contract_lines` VALUES (1,1,'ItemLine',NULL,1,1,'2015-06-22','2015-06-22',NULL,NULL,NULL,NULL,'2015-06-21 11:36:48','2015-06-21 11:36:48'),(2,1,'ItemLine',NULL,5,1,'2015-06-22','2015-06-22',NULL,NULL,NULL,NULL,'2015-06-21 11:36:48','2015-06-21 11:36:48'),(3,1,'ItemLine',NULL,9,1,'2015-06-22','2015-06-22',NULL,NULL,NULL,NULL,'2015-06-21 11:36:48','2015-06-21 11:36:48'),(4,1,'ItemLine',NULL,13,1,'2015-06-22','2015-06-22',NULL,NULL,NULL,NULL,'2015-06-21 11:36:48','2015-06-21 11:36:48'),(5,1,'ItemLine',NULL,17,1,'2015-06-22','2015-06-22',NULL,NULL,NULL,NULL,'2015-06-21 11:36:48','2015-06-21 11:36:48'),(6,1,'ItemLine',NULL,21,1,'2015-06-22','2015-06-22',NULL,NULL,NULL,NULL,'2015-06-21 11:36:48','2015-06-21 11:36:48'),(7,2,'ItemLine',NULL,25,1,'2015-06-22','2015-06-22',NULL,NULL,1,NULL,'2015-06-21 11:36:48','2015-06-21 11:36:48'),(8,2,'ItemLine',NULL,29,1,'2015-06-22','2015-06-22',NULL,NULL,1,NULL,'2015-06-21 11:36:48','2015-06-21 11:36:48'),(9,2,'ItemLine',NULL,33,1,'2015-06-22','2015-06-22',NULL,NULL,1,NULL,'2015-06-21 11:36:48','2015-06-21 11:36:48'),(10,2,'ItemLine',NULL,37,1,'2015-06-22','2015-06-22',NULL,NULL,1,NULL,'2015-06-21 11:36:48','2015-06-21 11:36:48'),(11,2,'ItemLine',NULL,41,1,'2015-06-22','2015-06-22',NULL,NULL,1,NULL,'2015-06-21 11:36:48','2015-06-21 11:36:48'),(12,3,'ItemLine',NULL,45,1,'2015-06-22','2015-06-22','2015-06-21',NULL,2,1,'2015-06-21 11:36:48','2015-06-21 11:36:48'),(13,3,'ItemLine',NULL,49,1,'2015-06-22','2015-06-22','2015-06-21',NULL,2,1,'2015-06-21 11:36:48','2015-06-21 11:36:48'),(14,3,'ItemLine',NULL,53,1,'2015-06-22','2015-06-22','2015-06-21',NULL,2,1,'2015-06-21 11:36:48','2015-06-21 11:36:48'),(15,4,'ItemLine',NULL,170,1,'2015-06-22','2015-06-22',NULL,NULL,3,NULL,'2015-06-20 07:24:32','2015-06-20 07:24:32'),(16,4,'ItemLine',NULL,171,1,'2015-06-22','2015-06-22',NULL,NULL,3,NULL,'2015-06-20 07:24:32','2015-06-20 07:24:32'),(17,4,'ItemLine',NULL,172,1,'2015-06-22','2015-06-22',NULL,NULL,3,NULL,'2015-06-20 07:24:32','2015-06-20 07:24:32'),(18,4,'ItemLine',NULL,173,1,'2015-06-22','2015-06-22',NULL,NULL,3,NULL,'2015-06-20 07:24:32','2015-06-20 07:24:32'),(19,4,'ItemLine',NULL,174,1,'2015-06-22','2015-06-22',NULL,NULL,3,NULL,'2015-06-20 07:24:32','2015-06-20 07:24:32'),(20,4,'ItemLine',NULL,175,1,'2015-06-22','2015-06-22',NULL,NULL,3,NULL,'2015-06-20 07:24:32','2015-06-20 07:24:32'),(21,5,'ItemLine',NULL,179,1,'2015-06-22','2015-06-22',NULL,NULL,4,NULL,'2015-06-20 07:24:32','2015-06-20 07:24:32'),(22,5,'ItemLine',NULL,180,1,'2015-06-22','2015-06-22',NULL,NULL,4,NULL,'2015-06-20 07:24:32','2015-06-20 07:24:32'),(23,5,'ItemLine',NULL,181,1,'2015-06-22','2015-06-22',NULL,NULL,4,NULL,'2015-06-20 07:24:32','2015-06-20 07:24:32'),(24,5,'ItemLine',NULL,182,1,'2015-06-22','2015-06-22',NULL,NULL,4,NULL,'2015-06-20 07:24:33','2015-06-20 07:24:33'),(25,5,'ItemLine',NULL,183,1,'2015-06-22','2015-06-22',NULL,NULL,4,NULL,'2015-06-20 07:24:33','2015-06-20 07:24:33'),(26,6,'ItemLine',NULL,187,1,'2015-06-22','2015-06-22',NULL,NULL,5,NULL,'2015-06-20 07:24:33','2015-06-20 07:24:33'),(27,6,'ItemLine',NULL,188,1,'2015-06-22','2015-06-22',NULL,NULL,5,NULL,'2015-06-20 07:24:33','2015-06-20 07:24:33'),(28,6,'ItemLine',NULL,189,1,'2015-06-22','2015-06-22',NULL,NULL,5,NULL,'2015-06-20 07:24:33','2015-06-20 07:24:33'),(29,6,'ItemLine',NULL,190,1,'2015-06-22','2015-06-22',NULL,NULL,5,NULL,'2015-06-20 07:24:33','2015-06-20 07:24:33'),(30,6,'ItemLine',NULL,191,1,'2015-06-22','2015-06-22',NULL,NULL,5,NULL,'2015-06-20 07:24:33','2015-06-20 07:24:33'),(31,6,'ItemLine',NULL,192,1,'2015-06-22','2015-06-22',NULL,NULL,5,NULL,'2015-06-20 07:24:33','2015-06-20 07:24:33'),(32,7,'ItemLine',NULL,196,1,'2015-06-15','2015-06-15',NULL,NULL,6,NULL,'2015-06-15 08:24:26','2015-06-15 08:24:26'),(33,7,'ItemLine',NULL,197,1,'2015-06-15','2015-06-15',NULL,NULL,6,NULL,'2015-06-15 08:24:26','2015-06-15 08:24:26'),(34,7,'ItemLine',NULL,198,1,'2015-06-15','2015-06-15',NULL,NULL,6,NULL,'2015-06-15 08:24:26','2015-06-15 08:24:26'),(35,8,'ItemLine',NULL,199,1,'2015-06-15','2015-06-15',NULL,NULL,7,NULL,'2015-06-15 03:07:31','2015-06-15 03:07:31'),(36,8,'ItemLine',NULL,200,1,'2015-06-15','2015-06-15',NULL,NULL,7,NULL,'2015-06-15 03:07:31','2015-06-15 03:07:31'),(37,8,'ItemLine',NULL,201,1,'2015-06-15','2015-06-15',NULL,NULL,7,NULL,'2015-06-15 03:07:31','2015-06-15 03:07:31'),(38,8,'ItemLine',NULL,202,1,'2015-06-15','2015-06-15',NULL,NULL,7,NULL,'2015-06-15 03:07:31','2015-06-15 03:07:31'),(39,8,'ItemLine',NULL,203,1,'2015-06-15','2015-06-15',NULL,NULL,7,NULL,'2015-06-15 03:07:31','2015-06-15 03:07:31'),(40,8,'ItemLine',NULL,204,1,'2015-06-15','2015-06-15',NULL,NULL,7,NULL,'2015-06-15 03:07:31','2015-06-15 03:07:31'),(41,8,'ItemLine',NULL,204,1,'2015-06-15','2015-06-15',NULL,NULL,7,NULL,'2015-06-15 03:07:31','2015-06-15 03:07:31'),(42,9,'ItemLine',NULL,208,1,'2015-06-22','2015-06-22',NULL,NULL,8,NULL,'2015-06-21 11:36:48','2015-06-21 11:36:48'),(43,9,'ItemLine',NULL,209,1,'2015-06-22','2015-06-22',NULL,NULL,8,NULL,'2015-06-21 11:36:48','2015-06-21 11:36:48'),(44,9,'ItemLine',NULL,210,1,'2015-06-22','2015-06-22',NULL,NULL,8,NULL,'2015-06-21 11:36:48','2015-06-21 11:36:48'),(45,9,'ItemLine',NULL,211,1,'2015-06-22','2015-06-22',NULL,NULL,8,NULL,'2015-06-21 11:36:48','2015-06-21 11:36:48'),(46,10,'ItemLine',NULL,215,1,'2015-06-22','2015-06-22',NULL,NULL,9,NULL,'2015-06-21 11:36:48','2015-06-21 11:36:48'),(47,10,'ItemLine',NULL,216,1,'2015-06-22','2015-06-22',NULL,NULL,9,NULL,'2015-06-21 11:36:48','2015-06-21 11:36:48'),(48,10,'ItemLine',NULL,217,1,'2015-06-22','2015-06-22',NULL,NULL,9,NULL,'2015-06-21 11:36:48','2015-06-21 11:36:48'),(49,10,'ItemLine',NULL,218,1,'2015-06-22','2015-06-22',NULL,NULL,9,NULL,'2015-06-21 11:36:48','2015-06-21 11:36:48'),(50,11,'ItemLine',NULL,219,1,'2015-06-22','2015-06-22',NULL,NULL,10,NULL,'2015-06-21 11:36:48','2015-06-21 11:36:48'),(51,11,'ItemLine',NULL,220,1,'2015-06-22','2015-06-22',NULL,NULL,10,NULL,'2015-06-21 11:36:48','2015-06-21 11:36:48'),(52,11,'ItemLine',NULL,221,1,'2015-06-22','2015-06-22',NULL,NULL,10,NULL,'2015-06-21 11:36:48','2015-06-21 11:36:48'),(53,11,'ItemLine',NULL,222,1,'2015-06-22','2015-06-22',NULL,NULL,10,NULL,'2015-06-21 11:36:48','2015-06-21 11:36:48'),(54,11,'ItemLine',NULL,223,1,'2015-06-22','2015-06-22',NULL,NULL,10,NULL,'2015-06-21 11:36:48','2015-06-21 11:36:48'),(55,12,'ItemLine',NULL,224,1,'2015-06-22','2015-06-22',NULL,NULL,11,NULL,'2015-06-21 11:36:48','2015-06-21 11:36:48'),(56,12,'ItemLine',NULL,225,1,'2015-06-22','2015-06-22',NULL,NULL,11,NULL,'2015-06-21 11:36:48','2015-06-21 11:36:48'),(57,12,'ItemLine',NULL,226,1,'2015-06-22','2015-06-22',NULL,NULL,11,NULL,'2015-06-21 11:36:48','2015-06-21 11:36:48'),(58,12,'ItemLine',NULL,227,1,'2015-06-22','2015-06-22',NULL,NULL,11,NULL,'2015-06-21 11:36:48','2015-06-21 11:36:48'),(59,13,'ItemLine',34,45,1,'2015-06-22','2015-06-22',NULL,NULL,12,NULL,'2015-06-21 11:36:48','2015-06-21 11:36:48'),(60,13,'ItemLine',35,45,1,'2015-06-22','2015-06-22',NULL,NULL,12,NULL,'2015-06-21 11:36:48','2015-06-21 11:36:48'),(61,13,'ItemLine',36,45,1,'2015-06-22','2015-06-22',NULL,NULL,12,NULL,'2015-06-21 11:36:48','2015-06-21 11:36:48'),(62,13,'ItemLine',37,49,1,'2015-06-22','2015-06-22',NULL,NULL,12,NULL,'2015-06-21 11:36:48','2015-06-21 11:36:48'),(63,13,'ItemLine',38,49,1,'2015-06-22','2015-06-22',NULL,NULL,12,NULL,'2015-06-21 11:36:48','2015-06-21 11:36:48'),(64,13,'ItemLine',39,49,1,'2015-06-22','2015-06-22',NULL,NULL,12,NULL,'2015-06-21 11:36:48','2015-06-21 11:36:48'),(65,13,'ItemLine',40,53,1,'2015-06-22','2015-06-22',NULL,NULL,12,NULL,'2015-06-21 11:36:48','2015-06-21 11:36:48'),(66,13,'ItemLine',41,53,1,'2015-06-22','2015-06-22',NULL,NULL,12,NULL,'2015-06-21 11:36:48','2015-06-21 11:36:48'),(67,13,'ItemLine',42,53,1,'2015-06-22','2015-06-22',NULL,NULL,12,NULL,'2015-06-21 11:36:48','2015-06-21 11:36:48'),(68,13,'ItemLine',45,58,1,'2015-06-22','2015-06-22',NULL,NULL,12,NULL,'2015-06-21 11:36:48','2015-06-21 11:36:48'),(69,13,'ItemLine',46,58,1,'2015-06-22','2015-06-22',NULL,NULL,12,NULL,'2015-06-21 11:36:48','2015-06-21 11:36:48'),(70,13,'ItemLine',47,59,1,'2015-06-22','2015-06-22',NULL,NULL,12,NULL,'2015-06-21 11:36:48','2015-06-21 11:36:48'),(71,13,'ItemLine',49,61,1,'2015-06-22','2015-06-22',NULL,NULL,12,NULL,'2015-06-21 11:36:48','2015-06-21 11:36:48'),(72,13,'ItemLine',50,62,1,'2015-06-22','2015-06-22',NULL,NULL,12,NULL,'2015-06-21 11:36:48','2015-06-21 11:36:48'),(73,13,'ItemLine',51,63,1,'2015-06-22','2015-06-22',NULL,NULL,12,NULL,'2015-06-21 11:36:48','2015-06-21 11:36:48'),(74,13,'ItemLine',52,64,1,'2015-06-22','2015-06-22',NULL,NULL,12,NULL,'2015-06-21 11:36:48','2015-06-21 11:36:48'),(75,13,'ItemLine',53,65,1,'2015-06-22','2015-06-22',NULL,NULL,12,NULL,'2015-06-21 11:36:48','2015-06-21 11:36:48'),(76,13,'ItemLine',54,66,1,'2015-06-22','2015-06-22',NULL,NULL,12,NULL,'2015-06-21 11:36:48','2015-06-21 11:36:48'),(77,13,'ItemLine',55,67,1,'2015-06-22','2015-06-22',NULL,NULL,12,NULL,'2015-06-21 11:36:48','2015-06-21 11:36:48'),(78,13,'ItemLine',56,68,1,'2015-06-22','2015-06-22',NULL,NULL,12,NULL,'2015-06-21 11:36:48','2015-06-21 11:36:48'),(79,13,'ItemLine',57,69,1,'2015-06-22','2015-06-22',NULL,NULL,12,NULL,'2015-06-21 11:36:48','2015-06-21 11:36:48'),(80,13,'ItemLine',58,70,1,'2015-06-22','2015-06-22',NULL,NULL,12,NULL,'2015-06-21 11:36:48','2015-06-21 11:36:48'),(81,13,'ItemLine',59,71,1,'2015-06-22','2015-06-22',NULL,NULL,12,NULL,'2015-06-21 11:36:48','2015-06-21 11:36:48'),(82,13,'ItemLine',60,72,1,'2015-06-22','2015-06-22',NULL,NULL,12,NULL,'2015-06-21 11:36:48','2015-06-21 11:36:48'),(83,13,'ItemLine',61,73,1,'2015-06-22','2015-06-22',NULL,NULL,12,NULL,'2015-06-21 11:36:48','2015-06-21 11:36:48'),(84,13,'ItemLine',62,74,1,'2015-06-22','2015-06-22',NULL,NULL,12,NULL,'2015-06-21 11:36:48','2015-06-21 11:36:48'),(85,13,'ItemLine',63,75,1,'2015-06-22','2015-06-22',NULL,NULL,12,NULL,'2015-06-21 11:36:48','2015-06-21 11:36:48'),(86,13,'ItemLine',64,76,1,'2015-06-22','2015-06-22',NULL,NULL,12,NULL,'2015-06-21 11:36:48','2015-06-21 11:36:48'),(87,13,'ItemLine',65,77,1,'2015-06-22','2015-06-22',NULL,NULL,12,NULL,'2015-06-21 11:36:48','2015-06-21 11:36:48'),(88,13,'ItemLine',66,78,1,'2015-06-22','2015-06-22',NULL,NULL,12,NULL,'2015-06-21 11:36:48','2015-06-21 11:36:48'),(89,14,'OptionLine',NULL,NULL,2,'2015-06-21','2015-06-22',NULL,4,13,NULL,'2015-06-21 11:36:48','2015-06-21 11:36:48'),(90,14,'ItemLine',222,228,1,'2015-06-21','2015-06-22',NULL,NULL,13,NULL,'2015-06-21 11:36:48','2015-06-21 11:36:48'),(91,15,'OptionLine',NULL,NULL,2,'2015-06-21','2015-06-21',NULL,5,14,NULL,'2015-06-21 11:36:48','2015-06-21 11:36:48'),(92,15,'OptionLine',NULL,NULL,1,'2015-06-21','2015-07-21',NULL,5,14,NULL,'2015-06-21 11:36:48','2015-06-21 11:36:48'),(93,16,'ItemLine',223,229,1,'2015-06-21','2015-06-22',NULL,NULL,15,NULL,'2015-06-21 11:36:48','2015-06-21 11:36:48'),(94,17,'ItemLine',224,230,1,'2015-06-16','2015-06-20',NULL,NULL,16,NULL,'2015-06-16 00:00:00','2015-06-16 00:00:00'),(95,17,'OptionLine',NULL,NULL,1,'2015-06-16','2015-06-20',NULL,6,16,NULL,'2015-06-16 00:00:00','2015-06-16 00:00:00'),(96,18,'ItemLine',227,234,1,'2015-06-21','2015-06-21','2015-06-21',NULL,17,NULL,'2015-06-21 11:36:48','2015-06-21 11:36:48'),(97,19,'ItemLine',228,235,1,'2015-06-21','2015-06-21','2015-06-21',NULL,18,NULL,'2015-06-21 11:36:48','2015-06-21 11:36:48'),(98,20,'ItemLine',NULL,239,1,'2015-06-22','2015-06-22',NULL,NULL,19,NULL,'2015-06-21 11:36:48','2015-06-21 11:36:48'),(99,20,'ItemLine',NULL,240,1,'2015-06-22','2015-06-22',NULL,NULL,19,NULL,'2015-06-21 11:36:48','2015-06-21 11:36:48'),(100,20,'ItemLine',NULL,241,1,'2015-06-22','2015-06-22',NULL,NULL,19,NULL,'2015-06-21 11:36:48','2015-06-21 11:36:48'),(101,20,'ItemLine',NULL,242,1,'2015-06-22','2015-06-22',NULL,NULL,19,NULL,'2015-06-21 11:36:48','2015-06-21 11:36:48'),(102,20,'ItemLine',NULL,243,1,'2015-06-22','2015-06-22',NULL,NULL,19,NULL,'2015-06-21 11:36:48','2015-06-21 11:36:48'),(103,21,'ItemLine',237,244,1,'2015-06-21','2015-06-22',NULL,NULL,20,NULL,'2015-06-21 11:36:48','2015-06-21 11:36:48'),(104,21,'ItemLine',238,245,1,'2015-06-21','2015-06-22',NULL,NULL,20,NULL,'2015-06-21 11:36:48','2015-06-21 11:36:48'),(105,21,'ItemLine',239,246,1,'2015-06-21','2015-06-22',NULL,NULL,20,NULL,'2015-06-21 11:36:48','2015-06-21 11:36:48'),(106,22,'ItemLine',240,247,1,'2015-06-21','2015-06-22',NULL,NULL,21,NULL,'2015-06-21 11:36:48','2015-06-21 11:36:48'),(107,22,'ItemLine',241,248,1,'2015-06-21','2015-06-22',NULL,NULL,21,NULL,'2015-06-21 11:36:48','2015-06-21 11:36:48'),(108,22,'ItemLine',242,249,1,'2015-06-21','2015-06-22',NULL,NULL,21,NULL,'2015-06-21 11:36:48','2015-06-21 11:36:48'),(109,22,'ItemLine',243,250,1,'2015-06-21','2015-06-22',NULL,NULL,21,NULL,'2015-06-21 11:36:48','2015-06-21 11:36:48'),(110,23,'ItemLine',244,251,1,'2015-06-16','2015-06-16',NULL,NULL,22,NULL,'2015-06-16 00:00:00','2015-06-16 00:00:00'),(111,23,'ItemLine',245,252,1,'2015-06-16','2015-06-16',NULL,NULL,22,NULL,'2015-06-16 00:00:00','2015-06-16 00:00:00'),(112,23,'ItemLine',246,253,1,'2015-06-16','2015-06-16',NULL,NULL,22,NULL,'2015-06-16 00:00:00','2015-06-16 00:00:00'),(113,23,'ItemLine',247,254,1,'2015-06-16','2015-06-16',NULL,NULL,22,NULL,'2015-06-16 00:00:00','2015-06-16 00:00:00'),(114,23,'ItemLine',248,255,1,'2015-06-16','2015-06-16',NULL,NULL,22,NULL,'2015-06-16 00:00:00','2015-06-16 00:00:00'),(115,24,'ItemLine',NULL,84,1,'2015-06-28','2015-07-01',NULL,NULL,23,NULL,'2015-06-21 11:36:48','2015-06-21 11:36:48'),(116,24,'ItemLine',NULL,84,1,'2015-06-28','2015-07-01',NULL,NULL,23,NULL,'2015-06-21 11:36:48','2015-06-21 11:36:48'),(117,24,'ItemLine',NULL,84,1,'2015-06-28','2015-07-01',NULL,NULL,23,NULL,'2015-06-21 11:36:48','2015-06-21 11:36:48'),(118,24,'ItemLine',NULL,116,1,'2015-06-28','2015-07-01',NULL,NULL,23,NULL,'2015-06-21 11:36:48','2015-06-21 11:36:48'),(119,24,'ItemLine',NULL,116,1,'2015-06-28','2015-07-01',NULL,NULL,23,NULL,'2015-06-21 11:36:48','2015-06-21 11:36:48'),(120,24,'ItemLine',NULL,116,1,'2015-06-28','2015-07-01',NULL,NULL,23,NULL,'2015-06-21 11:36:48','2015-06-21 11:36:48'),(121,24,'ItemLine',NULL,116,1,'2015-06-28','2015-07-01',NULL,NULL,23,NULL,'2015-06-21 11:36:48','2015-06-21 11:36:48'),(122,25,'ItemLine',NULL,256,1,'2015-06-22','2015-06-22',NULL,NULL,24,NULL,'2015-06-21 11:36:48','2015-06-21 11:36:48'),(123,25,'ItemLine',NULL,260,1,'2015-06-22','2015-06-22',NULL,NULL,24,NULL,'2015-06-21 11:36:48','2015-06-21 11:36:48'),(124,25,'ItemLine',NULL,264,1,'2015-06-22','2015-06-22',NULL,NULL,24,NULL,'2015-06-21 11:36:48','2015-06-21 11:36:48'),(125,25,'ItemLine',NULL,268,1,'2015-06-22','2015-06-22',NULL,NULL,24,NULL,'2015-06-21 11:36:48','2015-06-21 11:36:48'),(126,26,'ItemLine',NULL,272,1,'2015-06-22','2015-06-22',NULL,NULL,25,NULL,'2015-06-21 11:36:48','2015-06-21 11:36:48'),(127,26,'ItemLine',NULL,276,1,'2015-06-22','2015-06-22',NULL,NULL,25,NULL,'2015-06-21 11:36:48','2015-06-21 11:36:48'),(128,26,'ItemLine',NULL,280,1,'2015-06-22','2015-06-22',NULL,NULL,25,NULL,'2015-06-21 11:36:48','2015-06-21 11:36:48'),(129,26,'ItemLine',NULL,284,1,'2015-06-22','2015-06-22',NULL,NULL,25,NULL,'2015-06-21 11:36:48','2015-06-21 11:36:48'),(130,27,'ItemLine',NULL,116,1,'2015-06-22','2015-06-22',NULL,NULL,26,NULL,'2015-06-21 11:36:48','2015-06-21 11:36:48'),(131,28,'ItemLine',NULL,116,1,'2015-06-22','2015-06-22',NULL,NULL,27,NULL,'2015-06-21 11:36:48','2015-06-21 11:36:48'),(132,28,'ItemLine',NULL,84,1,'2015-06-22','2015-06-22',NULL,NULL,27,NULL,'2015-06-21 11:36:48','2015-06-21 11:36:48'),(133,29,'ItemLine',NULL,116,1,'2015-06-28','2015-06-29',NULL,NULL,28,NULL,'2015-06-21 11:36:48','2015-06-21 11:36:48'),(134,30,'ItemLine',NULL,58,1,'2015-06-22','2015-06-22',NULL,NULL,29,NULL,'2015-06-21 11:36:48','2015-06-21 11:36:48'),(135,30,'ItemLine',NULL,58,1,'2015-06-22','2015-06-22',NULL,NULL,29,NULL,'2015-06-21 11:36:48','2015-06-21 11:36:48'),(136,30,'ItemLine',NULL,58,1,'2015-06-22','2015-06-22',NULL,NULL,29,NULL,'2015-06-21 11:36:48','2015-06-21 11:36:48'),(137,31,'ItemLine',NULL,84,1,'2015-06-22','2015-06-22',NULL,NULL,30,NULL,'2015-06-21 11:36:48','2015-06-21 11:36:48'),(138,31,'ItemLine',NULL,116,1,'2015-06-22','2015-06-22',NULL,NULL,30,NULL,'2015-06-21 11:36:48','2015-06-21 11:36:48'),(139,31,'ItemLine',NULL,84,1,'2015-06-22','2015-06-22',NULL,NULL,30,NULL,'2015-06-21 11:36:48','2015-06-21 11:36:48'),(140,31,'ItemLine',NULL,116,1,'2015-06-22','2015-06-22',NULL,NULL,30,NULL,'2015-06-21 11:36:48','2015-06-21 11:36:48'),(141,31,'ItemLine',NULL,84,1,'2015-06-22','2015-06-22',NULL,NULL,30,NULL,'2015-06-21 11:36:48','2015-06-21 11:36:48'),(142,31,'ItemLine',NULL,116,1,'2015-06-22','2015-06-22',NULL,NULL,30,NULL,'2015-06-21 11:36:48','2015-06-21 11:36:48'),(143,31,'OptionLine',NULL,NULL,5,'2015-06-22','2015-06-22',NULL,1,30,NULL,'2015-06-21 11:36:48','2015-06-21 11:36:48'),(144,32,'ItemLine',NULL,155,1,'2015-06-22','2015-06-22',NULL,NULL,NULL,NULL,'2015-06-21 11:36:48','2015-06-21 11:36:48'),(145,33,'ItemLine',273,288,1,'2015-06-22','2015-06-22',NULL,NULL,NULL,NULL,'2015-06-21 11:36:48','2015-06-21 11:36:48'),(146,34,'ItemLine',72,84,1,'2015-06-21','2015-06-21',NULL,NULL,33,NULL,'2015-06-21 11:36:48','2015-06-21 11:36:48'),(147,35,'ItemLine',274,289,1,'2015-06-21','2015-06-21',NULL,NULL,34,NULL,'2015-06-21 11:36:48','2015-06-21 11:36:48'),(148,36,'ItemLine',43,57,1,'2015-06-21','2015-06-21',NULL,NULL,35,NULL,'2015-06-21 11:36:48','2015-06-21 11:36:48'),(149,36,'ItemLine',228,235,1,'2015-06-21','2015-06-21','2015-06-21',NULL,35,18,'2015-06-21 11:36:48','2015-06-21 11:36:48'),(150,37,'ItemLine',48,58,1,'2015-06-21','2015-06-21',NULL,NULL,36,NULL,'2015-06-21 11:36:48','2015-06-21 11:36:48'),(151,38,'ItemLine',275,290,1,'2015-06-21','2015-06-21',NULL,NULL,37,NULL,'2015-06-21 11:36:48','2015-06-21 11:36:48'),(152,39,'ItemLine',113,119,1,'2015-06-21','2015-06-22',NULL,NULL,38,NULL,'2015-06-21 11:36:48','2015-06-21 11:36:48'),(153,40,'ItemLine',NULL,84,1,'2015-06-28','2015-07-01',NULL,NULL,39,NULL,'2015-06-21 11:36:48','2015-06-21 11:36:48'),(154,40,'ItemLine',NULL,116,1,'2015-06-28','2015-07-01',NULL,NULL,39,NULL,'2015-06-21 11:36:48','2015-06-21 11:36:48'),(155,40,'ItemLine',NULL,116,1,'2015-06-29','2015-07-02',NULL,NULL,39,NULL,'2015-06-21 11:36:48','2015-06-21 11:36:48'),(156,41,'ItemLine',NULL,62,1,'2015-06-21','2015-06-22',NULL,NULL,39,NULL,'2015-06-21 11:36:48','2015-06-21 11:36:48'),(157,42,'ItemLine',NULL,58,1,'2015-06-19','2015-06-22',NULL,NULL,40,NULL,'2015-06-21 11:36:48','2015-06-21 11:36:48'),(158,42,'ItemLine',NULL,291,1,'2015-06-19','2015-06-22',NULL,NULL,40,NULL,'2015-06-21 11:36:48','2015-06-21 11:36:48'),(159,43,'ItemLine',142,58,1,'2015-06-21','2015-06-21',NULL,NULL,41,NULL,'2015-06-21 11:36:48','2015-06-21 11:36:48'),(160,43,'OptionLine',NULL,NULL,1,'2015-06-21','2015-06-21',NULL,1,41,NULL,'2015-06-21 11:36:48','2015-06-21 11:36:48'),(161,44,'ItemLine',NULL,84,1,'2015-07-28','2015-08-05',NULL,NULL,42,NULL,'2015-06-21 11:36:48','2015-06-21 11:36:48'),(162,45,'ItemLine',NULL,84,1,'2015-08-12','2015-08-15',NULL,NULL,43,NULL,'2015-06-21 11:36:48','2015-06-21 11:36:48'),(163,45,'ItemLine',NULL,84,1,'2015-08-12','2015-08-15',NULL,NULL,43,NULL,'2015-06-21 11:36:48','2015-06-21 11:36:48'),(164,45,'ItemLine',NULL,84,1,'2015-08-12','2015-08-15',NULL,NULL,43,NULL,'2015-06-21 11:36:48','2015-06-21 11:36:48'),(165,45,'ItemLine',NULL,84,1,'2015-08-12','2015-08-15',NULL,NULL,43,NULL,'2015-06-21 11:36:48','2015-06-21 11:36:48'),(166,45,'ItemLine',NULL,84,1,'2015-08-12','2015-08-15',NULL,NULL,43,NULL,'2015-06-21 11:36:48','2015-06-21 11:36:48'),(167,45,'ItemLine',NULL,84,1,'2015-08-12','2015-08-15',NULL,NULL,43,NULL,'2015-06-21 11:36:48','2015-06-21 11:36:48'),(168,46,'ItemLine',NULL,45,1,'2015-06-22','2015-06-22',NULL,NULL,44,NULL,'2015-06-21 11:36:48','2015-06-21 11:36:48'),(169,47,'ItemLine',108,116,1,'2015-06-16','2015-06-20',NULL,NULL,45,NULL,'2015-06-16 00:00:00','2015-06-16 00:00:00');
/*!40000 ALTER TABLE `contract_lines` ENABLE KEYS */;
UNLOCK TABLES;

--
-- Table structure for table `contracts`
--

DROP TABLE IF EXISTS `contracts`;
/*!40101 SET @saved_cs_client     = @@character_set_client */;
/*!40101 SET character_set_client = utf8 */;
CREATE TABLE `contracts` (
  `id` int(11) NOT NULL AUTO_INCREMENT,
  `user_id` int(11) DEFAULT NULL,
  `delegated_user_id` int(11) DEFAULT NULL,
  `inventory_pool_id` int(11) DEFAULT NULL,
  `note` text COLLATE utf8_unicode_ci,
  `handed_over_by_user_id` int(11) DEFAULT NULL,
  `created_at` datetime DEFAULT NULL,
  `updated_at` datetime DEFAULT NULL,
  `status` enum('unsubmitted','submitted','rejected','approved','signed','closed') COLLATE utf8_unicode_ci NOT NULL,
  PRIMARY KEY (`id`),
  KEY `index_contracts_on_inventory_pool_id` (`inventory_pool_id`),
  KEY `index_contracts_on_status` (`status`),
  KEY `index_contracts_on_user_id` (`user_id`)
) ENGINE=InnoDB AUTO_INCREMENT=48 DEFAULT CHARSET=utf8 COLLATE=utf8_unicode_ci;
/*!40101 SET character_set_client = @saved_cs_client */;

--
-- Dumping data for table `contracts`
--

LOCK TABLES `contracts` WRITE;
/*!40000 ALTER TABLE `contracts` DISABLE KEYS */;
INSERT INTO `contracts` VALUES (1,5,NULL,5,NULL,NULL,'2015-06-21 11:36:48','2015-06-21 11:36:48','unsubmitted'),(2,6,NULL,11,NULL,NULL,'2015-06-21 11:36:48','2015-06-21 11:36:48','approved'),(3,7,NULL,1,NULL,NULL,'2015-06-21 11:36:48','2015-06-21 11:36:48','closed'),(4,12,NULL,1,NULL,NULL,'2015-06-20 07:24:32','2015-06-20 07:24:32','submitted'),(5,12,NULL,1,NULL,NULL,'2015-06-20 07:24:32','2015-06-20 07:24:32','approved'),(6,12,NULL,1,NULL,NULL,'2015-06-20 07:24:33','2015-06-20 07:24:33','rejected'),(7,12,NULL,1,NULL,NULL,'2015-06-15 08:24:26','2015-06-15 08:24:26','submitted'),(8,12,NULL,1,NULL,NULL,'2015-06-15 03:07:31','2015-06-15 03:07:31','submitted'),(9,13,NULL,1,NULL,NULL,'2015-06-21 11:36:48','2015-06-21 11:36:48','submitted'),(10,14,NULL,1,NULL,NULL,'2015-06-21 11:36:48','2015-06-21 11:36:48','submitted'),(11,15,NULL,1,NULL,NULL,'2015-06-21 11:36:48','2015-06-21 11:36:48','submitted'),(12,16,NULL,1,NULL,NULL,'2015-06-21 11:36:48','2015-06-21 11:36:48','submitted'),(13,20,NULL,1,NULL,NULL,'2015-06-21 11:36:48','2015-06-21 11:36:48','approved'),(14,21,NULL,1,NULL,18,'2015-06-21 11:36:48','2015-06-21 11:36:48','signed'),(15,22,NULL,1,NULL,18,'2015-06-21 11:36:48','2015-06-21 11:36:48','signed'),(16,23,NULL,1,NULL,18,'2015-06-21 11:36:48','2015-06-21 11:36:48','signed'),(17,24,NULL,2,NULL,18,'2015-06-16 00:00:00','2015-06-16 00:00:00','signed'),(18,26,NULL,1,NULL,18,'2015-06-21 11:36:48','2015-06-21 11:36:48','closed'),(19,27,NULL,1,NULL,18,'2015-06-21 11:36:48','2015-06-21 11:36:48','closed'),(20,30,28,1,NULL,NULL,'2015-06-21 11:36:48','2015-06-21 11:36:48','submitted'),(21,30,29,1,NULL,NULL,'2015-06-21 11:36:48','2015-06-21 11:36:48','approved'),(22,30,28,1,NULL,18,'2015-06-21 11:36:48','2015-06-21 11:36:48','signed'),(23,30,28,1,NULL,18,'2015-06-16 00:00:00','2015-06-16 00:00:00','signed'),(24,34,NULL,1,NULL,NULL,'2015-06-21 11:36:48','2015-06-21 11:36:48','submitted'),(25,34,NULL,3,NULL,NULL,'2015-06-21 11:36:48','2015-06-21 11:36:48','submitted'),(26,34,NULL,3,NULL,NULL,'2015-06-21 11:36:48','2015-06-21 11:36:48','submitted'),(27,34,NULL,1,NULL,NULL,'2015-06-21 11:36:48','2015-06-21 11:36:48','approved'),(28,34,NULL,1,NULL,NULL,'2015-06-21 11:36:48','2015-06-21 11:36:48','approved'),(29,34,NULL,1,NULL,NULL,'2015-06-21 11:36:48','2015-06-21 11:36:48','approved'),(30,34,NULL,1,NULL,NULL,'2015-06-21 11:36:48','2015-06-21 11:36:48','approved'),(31,34,NULL,1,NULL,NULL,'2015-06-21 11:36:48','2015-06-21 11:36:48','approved'),(32,34,NULL,1,NULL,NULL,'2015-06-21 11:36:48','2015-06-21 11:36:48','approved'),(33,34,NULL,1,NULL,NULL,'2015-06-21 11:36:48','2015-06-21 11:36:48','approved'),(34,34,NULL,1,NULL,18,'2015-06-21 11:36:48','2015-06-21 11:36:48','signed'),(35,34,NULL,1,NULL,18,'2015-06-21 11:36:48','2015-06-21 11:36:48','signed'),(36,34,NULL,2,NULL,18,'2015-06-21 11:36:48','2015-06-21 11:36:48','signed'),(37,34,NULL,2,NULL,18,'2015-06-21 11:36:48','2015-06-21 11:36:48','signed'),(38,34,NULL,2,NULL,18,'2015-06-21 11:36:48','2015-06-21 11:36:48','signed'),(39,34,NULL,1,NULL,18,'2015-06-21 11:36:48','2015-06-21 11:36:48','signed'),(40,35,NULL,1,NULL,NULL,'2015-06-21 11:36:48','2015-06-21 11:36:48','submitted'),(41,35,NULL,1,NULL,NULL,'2015-06-21 11:36:48','2015-06-21 11:36:48','submitted'),(42,35,NULL,1,NULL,NULL,'2015-06-21 11:36:48','2015-06-21 11:36:48','approved'),(43,35,NULL,1,NULL,18,'2015-06-21 11:36:48','2015-06-21 11:36:48','signed'),(44,36,NULL,1,NULL,NULL,'2015-06-21 11:36:48','2015-06-21 11:36:48','submitted'),(45,36,NULL,1,NULL,NULL,'2015-06-21 11:36:48','2015-06-21 11:36:48','submitted'),(46,36,NULL,1,NULL,NULL,'2015-06-21 11:36:48','2015-06-21 11:36:48','approved'),(47,36,NULL,1,NULL,18,'2015-06-16 00:00:00','2015-06-16 00:00:00','signed');
/*!40000 ALTER TABLE `contracts` ENABLE KEYS */;
UNLOCK TABLES;

--
-- Table structure for table `database_authentications`
--

DROP TABLE IF EXISTS `database_authentications`;
/*!40101 SET @saved_cs_client     = @@character_set_client */;
/*!40101 SET character_set_client = utf8 */;
CREATE TABLE `database_authentications` (
  `id` int(11) NOT NULL AUTO_INCREMENT,
  `login` varchar(255) COLLATE utf8_unicode_ci DEFAULT NULL,
  `crypted_password` varchar(40) COLLATE utf8_unicode_ci DEFAULT NULL,
  `salt` varchar(40) COLLATE utf8_unicode_ci DEFAULT NULL,
  `user_id` int(11) DEFAULT NULL,
  `created_at` datetime DEFAULT NULL,
  `updated_at` datetime DEFAULT NULL,
  PRIMARY KEY (`id`)
) ENGINE=InnoDB AUTO_INCREMENT=33 DEFAULT CHARSET=utf8 COLLATE=utf8_unicode_ci;
/*!40101 SET character_set_client = @saved_cs_client */;

--
-- Dumping data for table `database_authentications`
--

LOCK TABLES `database_authentications` WRITE;
/*!40000 ALTER TABLE `database_authentications` DISABLE KEYS */;
INSERT INTO `database_authentications` VALUES (1,'ramon','17bbec76b0e8b41963ff2818c50fed8ea502292c','1c878d0013d5fef1b348e769052e0237bcc03c82',1,'2015-06-21 11:36:48','2015-06-21 11:36:48'),(2,'nelda_bins_7506','9325b05f1163104e19f3ec1b416cecec7cd84bd4','2007e38ab0d2e2e64f27d90c4835e4465efcb531',2,'2015-06-21 11:36:48','2015-06-21 11:36:48'),(3,'jeika_7011','687fcb293dd6b20cbbd705f76de4de69e6a55e9c','a88a4bc12618813739e9f4752ce468bc803a8d5b',3,'2015-06-21 11:36:48','2015-06-21 11:36:48'),(4,'eliezer_1344','5c4151cd241ad672571ba78ca28805cc8a948f32','d9d133efc492ba5191b546db0107c8e73a27924d',4,'2015-06-21 11:36:48','2015-06-21 11:36:48'),(5,'pearlie_7567','a413a9c820f4d9bb86bf5f0f789346325da64b5e','573319ee779645e32b0ded6cf8d2e312e2929868',5,'2015-06-21 11:36:48','2015-06-21 11:36:48'),(6,'katelynn.schaefer_3332','44b85d64f35f31cc11af31a0cc620c6f65f338fd','5434075f99fe8dead3aef66e075236b8c58f7e66',6,'2015-06-21 11:36:48','2015-06-21 11:36:48'),(7,'aaron.carter_912','f6d4820a0b5e0f46d8ab1e05070707adcdc3fb53','adb7b31ccb61393bb152243a8a3ca4aab629b380',7,'2015-06-21 11:36:48','2015-06-21 11:36:48'),(8,'matti','b83d471747cac778416af4ee89704da724d362bd','bebfb6edb1f76cdf6e20367fd06f7b4f6a50a007',8,'2015-06-21 11:36:48','2015-06-21 11:36:48'),(9,'mike','6774c62d75719b7131a876a7866d2e65f7247a86','aee4042e38ec03be5751618f96fb557b289783e0',9,'2015-06-21 11:36:48','2015-06-21 11:36:48'),(10,'andi','721d60add6ea785efff6cfd1799a867beff4f640','2e965e2581bb7348a835eb9de4c6a2118971df1d',10,'2015-06-21 11:36:48','2015-06-21 11:36:48'),(11,'nikita_miller_9894','b375854950b56f52e7a330321f5454608cc23725','8489bb60304e4560a018b518d34554d3347bfbaa',11,'2015-06-21 11:36:48','2015-06-21 11:36:48'),(12,'delmer_8732','37bd85e85d806172891357f3e5a763a6973c9b79','c58bddd50f8f1b45dc95c75534dbf79ac7fa18af',12,'2015-06-21 11:36:48','2015-06-21 11:36:48'),(13,'tomasa_4785','73208d9d24d2eb7bdd426784e1770d6c75d37642','66bb5ea6143c7ad2267b0632c1f7ac1a9ade8305',13,'2015-06-21 11:36:48','2015-06-21 11:36:48'),(14,'alfred.pacocha_2330','f598f0ca460c6b96d7c5781a1606ef6cdd1e66c3','e38a1b8f1e9bba29d7a2d20ad07cb1b026104887',14,'2015-06-21 11:36:48','2015-06-21 11:36:48'),(15,'dallas_pouros_6891','1aa12657c3707579191f8832ee57e17839912d16','3a16e095eed4f54d8e0fa5e35ca98d8e6fad58f1',15,'2015-06-21 11:36:48','2015-06-21 11:36:48'),(16,'maximus_1065','de846cfb4f316fe72ff3e01bf8b5d4cd979b4b0e','efde4ca3a8d4da2b5017de3ec8eec7e68713d207',16,'2015-06-21 11:36:48','2015-06-21 11:36:48'),(17,'gino','44cb571f8973d554dd10103b4b69529333f4886c','d6fd69f044dad00dd7180341a5c1d674d1f0d30b',17,'2015-06-21 11:36:48','2015-06-21 11:36:48'),(18,'pius','740bbd50869ed44c3d0dc727f828a14646c57a42','640a2e53f9fb86ab47dee5793d55b0a6c2a51c86',18,'2015-06-21 11:36:48','2015-06-21 11:36:48'),(19,'peter','ff54585de896963298f40252ac0b7878a937d8e3','998c6c771188e2f776ab65fb4d5d7777b0b7767a',19,'2015-06-21 11:36:48','2015-06-21 11:36:48'),(20,'lura.wiegand_639','dbaaae47078a5a171b891ff9212b60a92ae428b6','9d1c4135cab02444c5c8f58dd63a7b29ca2a6463',20,'2015-06-21 11:36:48','2015-06-21 11:36:48'),(21,'florian_haley_3015','5848a8a84554e520ea3b6d8c7568cc83f02444d5','6f4090690518ebdbd3472e2465e4c001361ca0a5',21,'2015-06-21 11:36:48','2015-06-21 11:36:48'),(22,'claire_welch_7811','a0597397c3dc626b338ac4ae834ba31136b4b8e6','e08eab76728049a3086707bace2226c49f26ed29',22,'2015-06-21 11:36:48','2015-06-21 11:36:48'),(23,'hailie_gulgowski_9542','396f85b1076cadf85afd4564a040b0754d04f2ee','4889c21ceea33bdc8ed1078390f0aeb651133d2f',23,'2015-06-21 11:36:48','2015-06-21 11:36:48'),(24,'lysanne_2541','75a9f6183045dec9533b0fe04ea4feb0b0084da9','70b7853da40fc1e98b4a1e52ac069c5a2d1884ea',24,'2015-06-16 00:00:00','2015-06-16 00:00:00'),(25,'bryana_white_5550','aab48fd20d12ea10267554c5d5a70ef427565c66','54fcf1f3593a96bb6b5d095a21153af4348fc66f',25,'2015-06-16 00:00:00','2015-06-16 00:00:00'),(26,'heidi.schimmel_5974','2cab8e56ef86cf5215787ae68f241ab1d3827986','c7e512c30a137be372920a1958b6e04b8019c0cd',26,'2015-06-21 11:36:48','2015-06-21 11:36:48'),(27,'marshall_9236','f9a44fdece178d1044f03afb39d52cbc9fe69173','ed7880ba1d927bd87efb3005aa43869fab000d4d',27,'2015-06-21 11:36:48','2015-06-21 11:36:48'),(28,'mina','619936ae9d475b7d0d2d350b062cc7d9124a548d','0ea4376ee9d0cc791069d8febd6eac9276690e72',28,'2015-06-21 11:36:48','2015-06-21 11:36:48'),(29,'julie','2288bf0d3cbba340ddb529b3261d9e3fafb205b9','39bc87601307948699ba2c25b3f4e1f02fdd9368',29,'2015-06-21 11:36:48','2015-06-21 11:36:48'),(30,'normin','445f1d7d4eb66c87d4be4e43af627926d4128411','fed7ee164a47510d56ec2bc32fb6044394196d92',34,'2015-06-21 11:36:48','2015-06-21 11:36:48'),(31,'petra','675ce786f26400355645ca64fdba73b1ce378070','3bd944e23af012e6d1429ddc82817158a0fe00af',35,'2015-06-21 11:36:48','2015-06-21 11:36:48'),(32,'lisa','aaa6a3561e56fe7085bcd7aee61f3be23d22bbef','d3fd50a6bcd3dd4b95ae47f697cfdb7702b99917',36,'2015-06-21 11:36:48','2015-06-21 11:36:48');
/*!40000 ALTER TABLE `database_authentications` ENABLE KEYS */;
UNLOCK TABLES;

--
-- Table structure for table `delegations_users`
--

DROP TABLE IF EXISTS `delegations_users`;
/*!40101 SET @saved_cs_client     = @@character_set_client */;
/*!40101 SET character_set_client = utf8 */;
CREATE TABLE `delegations_users` (
  `delegation_id` int(11) DEFAULT NULL,
  `user_id` int(11) DEFAULT NULL,
  UNIQUE KEY `index_delegations_users_on_user_id_and_delegation_id` (`user_id`,`delegation_id`),
  KEY `index_delegations_users_on_delegation_id` (`delegation_id`)
) ENGINE=InnoDB DEFAULT CHARSET=utf8 COLLATE=utf8_unicode_ci;
/*!40101 SET character_set_client = @saved_cs_client */;

--
-- Dumping data for table `delegations_users`
--

LOCK TABLES `delegations_users` WRITE;
/*!40000 ALTER TABLE `delegations_users` DISABLE KEYS */;
INSERT INTO `delegations_users` VALUES (30,28),(31,28),(32,28),(33,28),(30,29),(31,29),(32,29),(33,29);
/*!40000 ALTER TABLE `delegations_users` ENABLE KEYS */;
UNLOCK TABLES;

--
-- Table structure for table `groups`
--

DROP TABLE IF EXISTS `groups`;
/*!40101 SET @saved_cs_client     = @@character_set_client */;
/*!40101 SET character_set_client = utf8 */;
CREATE TABLE `groups` (
  `id` int(11) NOT NULL AUTO_INCREMENT,
  `name` varchar(255) COLLATE utf8_unicode_ci DEFAULT NULL,
  `inventory_pool_id` int(11) DEFAULT NULL,
  `is_verification_required` tinyint(1) DEFAULT '0',
  `created_at` datetime DEFAULT NULL,
  `updated_at` datetime DEFAULT NULL,
  PRIMARY KEY (`id`),
  KEY `index_groups_on_inventory_pool_id` (`inventory_pool_id`),
  KEY `index_groups_on_is_verification_required` (`is_verification_required`)
) ENGINE=InnoDB AUTO_INCREMENT=10 DEFAULT CHARSET=utf8 COLLATE=utf8_unicode_ci;
/*!40101 SET character_set_client = @saved_cs_client */;

--
-- Dumping data for table `groups`
--

LOCK TABLES `groups` WRITE;
/*!40000 ALTER TABLE `groups` DISABLE KEYS */;
INSERT INTO `groups` VALUES (1,'Cast',1,0,'2015-06-21 11:36:48','2015-06-21 11:36:48'),(2,'IAD',1,0,'2015-06-21 11:36:48','2015-06-21 11:36:48'),(3,'Wu',1,0,'2015-06-21 11:36:48','2015-06-21 11:36:48'),(4,'Group Hifi',1,0,'2015-06-21 11:36:48','2015-06-21 11:36:48'),(5,'Group A',1,0,'2015-06-21 11:36:48','2015-06-21 11:36:48'),(6,'Group B',1,0,'2015-06-21 11:36:48','2015-06-21 11:36:48'),(7,'FFI',1,1,'2015-06-21 11:36:48','2015-06-21 11:36:48'),(8,'VTO',1,1,'2015-06-21 11:36:48','2015-06-21 11:36:48'),(9,'1. Semester',2,1,'2015-06-21 11:36:48','2015-06-21 11:36:48');
/*!40000 ALTER TABLE `groups` ENABLE KEYS */;
UNLOCK TABLES;

--
-- Table structure for table `groups_users`
--

DROP TABLE IF EXISTS `groups_users`;
/*!40101 SET @saved_cs_client     = @@character_set_client */;
/*!40101 SET character_set_client = utf8 */;
CREATE TABLE `groups_users` (
  `user_id` int(11) DEFAULT NULL,
  `group_id` int(11) DEFAULT NULL,
  UNIQUE KEY `index_groups_users_on_user_id_and_group_id` (`user_id`,`group_id`),
  KEY `index_groups_users_on_group_id` (`group_id`)
) ENGINE=InnoDB DEFAULT CHARSET=utf8 COLLATE=utf8_unicode_ci;
/*!40101 SET character_set_client = @saved_cs_client */;

--
-- Dumping data for table `groups_users`
--

LOCK TABLES `groups_users` WRITE;
/*!40000 ALTER TABLE `groups_users` DISABLE KEYS */;
INSERT INTO `groups_users` VALUES (12,7),(12,8),(13,7),(14,7),(14,8),(15,7),(15,9),(16,7),(34,1),(36,1);
/*!40000 ALTER TABLE `groups_users` ENABLE KEYS */;
UNLOCK TABLES;

--
-- Table structure for table `histories`
--

DROP TABLE IF EXISTS `histories`;
/*!40101 SET @saved_cs_client     = @@character_set_client */;
/*!40101 SET character_set_client = utf8 */;
CREATE TABLE `histories` (
  `id` int(11) NOT NULL AUTO_INCREMENT,
  `text` varchar(255) COLLATE utf8_unicode_ci DEFAULT '',
  `type_const` int(11) DEFAULT NULL,
  `created_at` datetime NOT NULL,
  `target_id` int(11) NOT NULL,
  `target_type` varchar(255) COLLATE utf8_unicode_ci NOT NULL,
  `user_id` int(11) DEFAULT NULL,
  PRIMARY KEY (`id`),
  KEY `index_histories_on_target_type_and_target_id` (`target_type`,`target_id`),
  KEY `index_histories_on_type_const` (`type_const`),
  KEY `index_histories_on_user_id` (`user_id`)
) ENGINE=InnoDB AUTO_INCREMENT=17 DEFAULT CHARSET=utf8 COLLATE=utf8_unicode_ci;
/*!40101 SET character_set_client = @saved_cs_client */;

--
-- Dumping data for table `histories`
--

LOCK TABLES `histories` WRITE;
/*!40000 ALTER TABLE `histories` DISABLE KEYS */;
INSERT INTO `histories` VALUES (1,'Contract 14 has been signed by Assunta Terry',1,'2015-06-21 11:36:48',14,'Contract',18),(2,'Contract 15 has been signed by Ruthie Brakus',1,'2015-06-21 11:36:48',15,'Contract',18),(3,'Contract 16 has been signed by Albertha Willms',1,'2015-06-21 11:36:48',16,'Contract',18),(4,'Contract 17 has been signed by Larue Hickle',1,'2015-06-16 00:00:00',17,'Contract',18),(5,'Contract 18 has been signed by Trever McLaughlin',1,'2015-06-21 11:36:48',18,'Contract',18),(6,'Contract 19 has been signed by Ora Dicki',1,'2015-06-21 11:36:48',19,'Contract',18),(7,'Contract 22 has been signed by Sunt architecto quaerat nostrum ad id dolor voluptate corrupti.',1,'2015-06-21 11:36:48',22,'Contract',18),(8,'Contract 23 has been signed by Sunt architecto quaerat nostrum ad id dolor voluptate corrupti.',1,'2015-06-16 00:00:00',23,'Contract',18),(9,'Contract 34 has been signed by Normin N.',1,'2015-06-21 11:36:48',34,'Contract',18),(10,'Contract 35 has been signed by Normin N.',1,'2015-06-21 11:36:48',35,'Contract',18),(11,'Contract 36 has been signed by Normin N.',1,'2015-06-21 11:36:48',36,'Contract',18),(12,'Contract 37 has been signed by Normin N.',1,'2015-06-21 11:36:48',37,'Contract',18),(13,'Contract 38 has been signed by Normin N.',1,'2015-06-21 11:36:48',38,'Contract',18),(14,'Contract 39 has been signed by Normin N.',1,'2015-06-21 11:36:48',39,'Contract',18),(15,'Contract 43 has been signed by Petra K.',1,'2015-06-21 11:36:48',43,'Contract',18),(16,'Contract 47 has been signed by Lisa L.',1,'2015-06-16 00:00:00',47,'Contract',18);
/*!40000 ALTER TABLE `histories` ENABLE KEYS */;
UNLOCK TABLES;

--
-- Table structure for table `holidays`
--

DROP TABLE IF EXISTS `holidays`;
/*!40101 SET @saved_cs_client     = @@character_set_client */;
/*!40101 SET character_set_client = utf8 */;
CREATE TABLE `holidays` (
  `id` int(11) NOT NULL AUTO_INCREMENT,
  `inventory_pool_id` int(11) DEFAULT NULL,
  `start_date` date DEFAULT NULL,
  `end_date` date DEFAULT NULL,
  `name` varchar(255) COLLATE utf8_unicode_ci DEFAULT NULL,
  PRIMARY KEY (`id`),
  KEY `index_holidays_on_inventory_pool_id` (`inventory_pool_id`),
  KEY `index_holidays_on_start_date_and_end_date` (`start_date`,`end_date`)
) ENGINE=InnoDB AUTO_INCREMENT=5 DEFAULT CHARSET=utf8 COLLATE=utf8_unicode_ci;
/*!40101 SET character_set_client = @saved_cs_client */;

--
-- Dumping data for table `holidays`
--

LOCK TABLES `holidays` WRITE;
/*!40000 ALTER TABLE `holidays` DISABLE KEYS */;
INSERT INTO `holidays` VALUES (1,1,'2015-12-24','2015-12-24','Christmas'),(2,2,'2015-12-24','2015-12-24','Christmas'),(3,3,'2015-12-24','2015-12-24','Christmas'),(4,1,'2015-12-24','2015-12-24','Christmas');
/*!40000 ALTER TABLE `holidays` ENABLE KEYS */;
UNLOCK TABLES;

--
-- Table structure for table `images`
--

DROP TABLE IF EXISTS `images`;
/*!40101 SET @saved_cs_client     = @@character_set_client */;
/*!40101 SET character_set_client = utf8 */;
CREATE TABLE `images` (
  `id` int(11) NOT NULL AUTO_INCREMENT,
  `is_main` tinyint(1) DEFAULT '0',
  `content_type` varchar(255) COLLATE utf8_unicode_ci DEFAULT NULL,
  `filename` varchar(255) COLLATE utf8_unicode_ci DEFAULT NULL,
  `size` int(11) DEFAULT NULL,
  `height` int(11) DEFAULT NULL,
  `width` int(11) DEFAULT NULL,
  `parent_id` int(11) DEFAULT NULL,
  `thumbnail` varchar(255) COLLATE utf8_unicode_ci DEFAULT NULL,
  `target_id` int(11) DEFAULT NULL,
  `target_type` varchar(255) COLLATE utf8_unicode_ci DEFAULT NULL,
  PRIMARY KEY (`id`),
  KEY `index_images_on_target_id_and_target_type` (`target_id`,`target_type`)
) ENGINE=InnoDB AUTO_INCREMENT=5 DEFAULT CHARSET=utf8 COLLATE=utf8_unicode_ci;
/*!40101 SET character_set_client = @saved_cs_client */;

--
-- Dumping data for table `images`
--

LOCK TABLES `images` WRITE;
/*!40000 ALTER TABLE `images` DISABLE KEYS */;
INSERT INTO `images` VALUES (1,0,'image/jpeg','cupiditate',NULL,NULL,NULL,NULL,NULL,1,'ModelGroup'),(2,0,'image/jpeg','ducimus',NULL,NULL,NULL,NULL,NULL,153,'Model'),(3,0,'image/jpeg','vel',NULL,NULL,NULL,NULL,NULL,153,'Model'),(4,0,'image/jpeg','blanditiis',NULL,NULL,NULL,NULL,NULL,154,'Model');
/*!40000 ALTER TABLE `images` ENABLE KEYS */;
UNLOCK TABLES;

--
-- Table structure for table `inventory_pools`
--

DROP TABLE IF EXISTS `inventory_pools`;
/*!40101 SET @saved_cs_client     = @@character_set_client */;
/*!40101 SET character_set_client = utf8 */;
CREATE TABLE `inventory_pools` (
  `id` int(11) NOT NULL AUTO_INCREMENT,
  `name` varchar(255) COLLATE utf8_unicode_ci DEFAULT NULL,
  `description` text COLLATE utf8_unicode_ci,
  `contact_details` varchar(255) COLLATE utf8_unicode_ci DEFAULT NULL,
  `contract_description` varchar(255) COLLATE utf8_unicode_ci DEFAULT NULL,
  `contract_url` varchar(255) COLLATE utf8_unicode_ci DEFAULT NULL,
  `logo_url` varchar(255) COLLATE utf8_unicode_ci DEFAULT NULL,
  `default_contract_note` text COLLATE utf8_unicode_ci,
  `shortname` varchar(255) COLLATE utf8_unicode_ci DEFAULT NULL,
  `email` varchar(255) COLLATE utf8_unicode_ci DEFAULT NULL,
  `color` text COLLATE utf8_unicode_ci,
  `print_contracts` tinyint(1) DEFAULT '1',
  `opening_hours` text COLLATE utf8_unicode_ci,
  `address_id` int(11) DEFAULT NULL,
  `automatic_suspension` tinyint(1) NOT NULL DEFAULT '0',
  `automatic_suspension_reason` text COLLATE utf8_unicode_ci,
  `automatic_access` tinyint(1) DEFAULT NULL,
  PRIMARY KEY (`id`),
  UNIQUE KEY `index_inventory_pools_on_name` (`name`)
) ENGINE=InnoDB AUTO_INCREMENT=15 DEFAULT CHARSET=utf8 COLLATE=utf8_unicode_ci;
/*!40101 SET character_set_client = @saved_cs_client */;

--
-- Dumping data for table `inventory_pools`
--

LOCK TABLES `inventory_pools` WRITE;
/*!40000 ALTER TABLE `inventory_pools` DISABLE KEYS */;
INSERT INTO `inventory_pools` VALUES (1,'A-Ausleihe','Wichtige Hinweise...\n Bitte die Gegenstnde rechtzeitig zurckbringen','A Verleih  /  ZHdK\nav@zh-dk.ch\n+41 00 00 00 00','Gert erhalten','av@zhdk.ch',NULL,'Dicta repellendus est ut ea.','A','av@zhdk.ch',NULL,1,NULL,NULL,1,'Dolores deserunt nobis dignissimos et nesciunt harum.',NULL),(2,'IT-Ausleihe','Bringt die Gerte bitte rechtzeitig zurck','IT Verleih  /  ZHdK\nav@zh-dk.ch\n+41 00 00 00 00','Gert erhalten','it@zhdk.ch',NULL,NULL,'IT','it@zhdk.ch',NULL,1,NULL,NULL,1,'Modi qui exercitationem id ullam recusandae autem ut est.',NULL),(3,'AV-Technik','Bringt die Gerte bitte rechtzeitig zurck','AV Verleih  /  ZHdK\nav@zh-dk.ch\n+41 00 00 00 00','Gert erhalten','it@zhdk.ch',NULL,NULL,'AV','it@zhdk.ch',NULL,1,NULL,NULL,0,NULL,NULL),(4,'DT deletable','Bringt die Gerte bitte rechtzeitig zurck','AV Verleih  /  ZHdK\nav@zh-dk.ch\n+41 00 00 00 00','Gert erhalten','it@zhdk.ch',NULL,NULL,'DT','it@zhdk.ch',NULL,1,NULL,NULL,0,NULL,NULL),(5,'Etdoloresolutaatque','Aliquid iure eaque asperiores a.','Id aut alias distinctio.','Etdoloresolutaatque','aiden.muller@mayer.info',NULL,NULL,'BJS7XX','aiden.muller@mayer.info',NULL,1,NULL,NULL,0,NULL,NULL),(6,'Excumquevoluptatemamet','Ratione dolores facere et molestiae.','Recusandae laboriosam dolorem aliquid aut voluptas voluptatibus cum non.','Excumquevoluptatemamet','paxton@leannon.co.uk',NULL,NULL,'E0D4B7','paxton@leannon.co.uk',NULL,1,NULL,NULL,0,NULL,NULL),(7,'Aquiaexeligendi','Excepturi dolore corrupti omnis.','Laudantium enim quae eveniet nesciunt recusandae illo sapiente sit.','Aquiaexeligendi','marcelo_ortiz@medhurstdouglas.name',NULL,NULL,'YR43XO','marcelo_ortiz@medhurstdouglas.name',NULL,1,NULL,NULL,0,NULL,NULL),(8,'Utdignissimosrepellatplaceat','Molestias iste quo eveniet sint est a.','Sed voluptatem facere doloribus blanditiis vel.','Utdignissimosrepellatplaceat','oral_price@okuneva.com',NULL,NULL,'YOST17','oral_price@okuneva.com',NULL,1,NULL,NULL,0,NULL,NULL),(9,'Eostotamutut','Similique voluptatum magni maxime rerum non non deleniti nemo.','Esse sit ut fugiat nobis.','Eostotamutut','rebeca@hane.info',NULL,NULL,'0T76G5','rebeca@hane.info',NULL,1,NULL,NULL,0,NULL,NULL),(10,'Aliquamperspiciatisquiqui','Laudantium sed non est reiciendis cumque.','Est voluptas aut qui aspernatur et eum.','Aliquamperspiciatisquiqui','janiya.parisian@kub.co.uk',NULL,NULL,'VJX00L','janiya.parisian@kub.co.uk',NULL,1,NULL,NULL,0,NULL,NULL),(11,'Estdoloressedea','Vel non et at velit esse beatae.','Sit suscipit reiciendis non debitis voluptas.','Estdoloressedea','lesley@steuber.biz',NULL,NULL,'Y8HKMR','lesley@steuber.biz',NULL,1,NULL,NULL,0,NULL,NULL),(12,'Nostrumaliasquisdeleniti','Omnis voluptas itaque at et nam tenetur necessitatibus quibusdam.','Qui voluptas quam accusamus deserunt.','Nostrumaliasquisdeleniti','josh.schinner@stanton.info',NULL,NULL,'5KTBA8','josh.schinner@stanton.info',NULL,1,NULL,NULL,0,NULL,NULL),(13,'Consequunturadaliquidporro','Praesentium at quia minima laudantium eveniet.','Quis nihil rem doloribus adipisci qui voluptatum ipsum.','Consequunturadaliquidporro','alexandre_keler@blocksanford.co.uk',NULL,NULL,'LS224K','alexandre_keler@blocksanford.co.uk',NULL,1,NULL,NULL,0,NULL,NULL),(14,'Errorquiavelquos','Iste dolorum nam molestiae rerum tempore itaque quia.','Voluptatem quaerat earum non.','Errorquiavelquos','tatyana_gutmann@mcdermott.co.uk',NULL,NULL,'M0GSRC','tatyana_gutmann@mcdermott.co.uk',NULL,1,NULL,NULL,0,NULL,NULL);
/*!40000 ALTER TABLE `inventory_pools` ENABLE KEYS */;
UNLOCK TABLES;

--
-- Table structure for table `inventory_pools_model_groups`
--

DROP TABLE IF EXISTS `inventory_pools_model_groups`;
/*!40101 SET @saved_cs_client     = @@character_set_client */;
/*!40101 SET character_set_client = utf8 */;
CREATE TABLE `inventory_pools_model_groups` (
  `inventory_pool_id` int(11) DEFAULT NULL,
  `model_group_id` int(11) DEFAULT NULL,
  KEY `index_inventory_pools_model_groups_on_inventory_pool_id` (`inventory_pool_id`),
  KEY `index_inventory_pools_model_groups_on_model_group_id` (`model_group_id`)
) ENGINE=InnoDB DEFAULT CHARSET=utf8 COLLATE=utf8_unicode_ci;
/*!40101 SET character_set_client = @saved_cs_client */;

--
-- Dumping data for table `inventory_pools_model_groups`
--

LOCK TABLES `inventory_pools_model_groups` WRITE;
/*!40000 ALTER TABLE `inventory_pools_model_groups` DISABLE KEYS */;
INSERT INTO `inventory_pools_model_groups` VALUES (1,12),(1,13),(1,14);
/*!40000 ALTER TABLE `inventory_pools_model_groups` ENABLE KEYS */;
UNLOCK TABLES;

--
-- Table structure for table `items`
--

DROP TABLE IF EXISTS `items`;
/*!40101 SET @saved_cs_client     = @@character_set_client */;
/*!40101 SET character_set_client = utf8 */;
CREATE TABLE `items` (
  `id` int(11) NOT NULL AUTO_INCREMENT,
  `inventory_code` varchar(255) COLLATE utf8_unicode_ci DEFAULT NULL,
  `serial_number` varchar(255) COLLATE utf8_unicode_ci DEFAULT NULL,
  `model_id` int(11) DEFAULT NULL,
  `location_id` int(11) DEFAULT NULL,
  `supplier_id` int(11) DEFAULT NULL,
  `owner_id` int(11) NOT NULL,
  `parent_id` int(11) DEFAULT NULL,
  `invoice_number` varchar(255) COLLATE utf8_unicode_ci DEFAULT NULL,
  `invoice_date` date DEFAULT NULL,
  `last_check` date DEFAULT NULL,
  `retired` date DEFAULT NULL,
  `retired_reason` varchar(255) COLLATE utf8_unicode_ci DEFAULT NULL,
  `price` decimal(8,2) DEFAULT NULL,
  `is_broken` tinyint(1) DEFAULT '0',
  `is_incomplete` tinyint(1) DEFAULT '0',
  `is_borrowable` tinyint(1) DEFAULT '0',
  `needs_permission` tinyint(1) DEFAULT '0',
  `inventory_pool_id` int(11) NOT NULL,
  `is_inventory_relevant` tinyint(1) DEFAULT '0',
  `responsible` varchar(255) COLLATE utf8_unicode_ci DEFAULT NULL,
  `insurance_number` varchar(255) COLLATE utf8_unicode_ci DEFAULT NULL,
  `note` text COLLATE utf8_unicode_ci,
  `name` text COLLATE utf8_unicode_ci,
  `user_name` varchar(255) COLLATE utf8_unicode_ci DEFAULT NULL,
  `properties` varchar(2048) COLLATE utf8_unicode_ci DEFAULT NULL,
  `created_at` datetime DEFAULT NULL,
  `updated_at` datetime DEFAULT NULL,
  PRIMARY KEY (`id`),
  UNIQUE KEY `index_items_on_inventory_code` (`inventory_code`),
  KEY `index_items_on_inventory_pool_id` (`inventory_pool_id`),
  KEY `index_items_on_retired` (`retired`),
  KEY `index_items_on_is_borrowable` (`is_borrowable`),
  KEY `index_items_on_is_broken` (`is_broken`),
  KEY `index_items_on_is_incomplete` (`is_incomplete`),
  KEY `index_items_on_location_id` (`location_id`),
  KEY `index_items_on_owner_id` (`owner_id`),
  KEY `index_items_on_parent_id_and_retired` (`parent_id`,`retired`),
  KEY `index_items_on_model_id_and_retired_and_inventory_pool_id` (`model_id`,`retired`,`inventory_pool_id`)
) ENGINE=InnoDB AUTO_INCREMENT=279 DEFAULT CHARSET=utf8 COLLATE=utf8_unicode_ci;
/*!40101 SET character_set_client = @saved_cs_client */;

--
-- Dumping data for table `items`
--

LOCK TABLES `items` WRITE;
/*!40000 ALTER TABLE `items` DISABLE KEYS */;
INSERT INTO `items` VALUES (1,'bi514s75z02unjxnlw261','3a:a8:9a:cb:ce:ba-b3:41:d8:72:54:a9-0a:46:86:0c:3b:3b',1,1,1,6,NULL,NULL,'2013-07-15','2015-06-21',NULL,NULL,'1169.00',0,0,1,0,5,1,NULL,NULL,NULL,NULL,NULL,'--- !ruby/hash:ActiveSupport::HashWithIndifferentAccess\nanschaffungskategorie: AV-Technik\nreference: invoice\numzug: zgeln\nankunftszustand: intakt\n','2015-06-21 11:36:48','2015-06-21 11:36:48'),(2,'8ku17sioz5xt7honfxsr2','d0:54:e0:65:cb:82-f6:1e:3f:c5:18:b1-bb:fb:cb:18:01:70',1,2,2,7,NULL,NULL,'2013-01-30','2015-06-21',NULL,NULL,'973.00',0,0,1,0,5,1,NULL,NULL,NULL,NULL,NULL,'--- !ruby/hash:ActiveSupport::HashWithIndifferentAccess\nanschaffungskategorie: AV-Technik\nreference: invoice\numzug: zgeln\nankunftszustand: intakt\n','2015-06-21 11:36:48','2015-06-21 11:36:48'),(3,'h3icjhdotem4wbvdxgep3','9f:3d:d1:34:bd:e7-1f:0e:dd:5e:af:4b-42:e3:c9:12:cb:a7',1,3,3,8,NULL,NULL,'2010-06-18','2015-06-21',NULL,NULL,'1117.00',0,0,1,0,5,1,NULL,NULL,NULL,NULL,NULL,'--- !ruby/hash:ActiveSupport::HashWithIndifferentAccess\nanschaffungskategorie: AV-Technik\nreference: invoice\numzug: zgeln\nankunftszustand: intakt\n','2015-06-21 11:36:48','2015-06-21 11:36:48'),(4,'3n2bgj8bu8c9rr0an76d4','42:93:f6:a6:18:eb-81:6b:f7:22:de:d9-05:73:14:97:d5:4d',5,4,4,4,NULL,NULL,'2014-04-11','2015-06-21',NULL,NULL,'971.00',0,0,1,0,5,1,NULL,NULL,NULL,NULL,NULL,'--- !ruby/hash:ActiveSupport::HashWithIndifferentAccess\nanschaffungskategorie: AV-Technik\nreference: invoice\numzug: zgeln\nankunftszustand: intakt\n','2015-06-21 11:36:48','2015-06-21 11:36:48'),(5,'84sqho62k208xkojygng5','88:98:eb:54:5a:47-ef:36:40:57:49:f8-be:cf:85:3f:e2:f7',5,5,5,9,NULL,NULL,'2010-11-10','2015-06-21',NULL,NULL,'289.00',0,0,1,0,5,1,NULL,NULL,NULL,NULL,NULL,'--- !ruby/hash:ActiveSupport::HashWithIndifferentAccess\nanschaffungskategorie: AV-Technik\nreference: invoice\numzug: zgeln\nankunftszustand: intakt\n','2015-06-21 11:36:48','2015-06-21 11:36:48'),(6,'wnrsgu3yqj3rm9zgnvss6','63:4d:b9:ae:16:36-df:94:83:15:dd:d2-df:62:46:b4:cc:7b',5,6,6,7,NULL,NULL,'2013-04-03','2015-06-21',NULL,NULL,'855.00',0,0,1,0,5,1,NULL,NULL,NULL,NULL,NULL,'--- !ruby/hash:ActiveSupport::HashWithIndifferentAccess\nanschaffungskategorie: AV-Technik\nreference: invoice\numzug: zgeln\nankunftszustand: intakt\n','2015-06-21 11:36:48','2015-06-21 11:36:48'),(7,'vn02n5br6a4s2g2rfzxw7','84:a3:9e:f5:f7:63-c2:39:f4:94:98:e1-c5:39:90:2d:8a:6e',9,7,7,9,NULL,NULL,'2014-01-03','2015-06-21',NULL,NULL,'294.00',0,0,1,0,5,1,NULL,NULL,NULL,NULL,NULL,'--- !ruby/hash:ActiveSupport::HashWithIndifferentAccess\nanschaffungskategorie: AV-Technik\nreference: invoice\numzug: zgeln\nankunftszustand: intakt\n','2015-06-21 11:36:48','2015-06-21 11:36:48'),(8,'oftj8md8i0hwi7vcvjre8','02:13:9a:d4:98:c3-de:2f:77:1f:95:4a-dc:94:66:f4:3f:81',9,8,8,1,NULL,NULL,'2011-09-10','2015-06-21',NULL,NULL,'131.00',0,0,1,0,5,1,NULL,NULL,NULL,NULL,NULL,'--- !ruby/hash:ActiveSupport::HashWithIndifferentAccess\nanschaffungskategorie: AV-Technik\nreference: invoice\numzug: zgeln\nankunftszustand: intakt\n','2015-06-21 11:36:48','2015-06-21 11:36:48'),(9,'8y59au8sb3ap7ynswjv79','9f:4b:7b:c2:b7:a0-d7:2b:c5:38:9d:32-cc:e9:c3:6c:cd:07',9,9,9,10,NULL,NULL,'2014-01-21','2015-06-21',NULL,NULL,'988.00',0,0,1,0,5,1,NULL,NULL,NULL,NULL,NULL,'--- !ruby/hash:ActiveSupport::HashWithIndifferentAccess\nanschaffungskategorie: AV-Technik\nreference: invoice\numzug: zgeln\nankunftszustand: intakt\n','2015-06-21 11:36:48','2015-06-21 11:36:48'),(10,'fg77v82io06b21rjqms410','79:3b:3a:8f:61:a9-9d:75:7e:49:73:eb-5a:34:8f:10:b1:aa',13,10,10,3,NULL,NULL,'2014-03-30','2015-06-21',NULL,NULL,'562.00',0,0,1,0,5,1,NULL,NULL,NULL,NULL,NULL,'--- !ruby/hash:ActiveSupport::HashWithIndifferentAccess\nanschaffungskategorie: AV-Technik\nreference: invoice\numzug: zgeln\nankunftszustand: intakt\n','2015-06-21 11:36:48','2015-06-21 11:36:48'),(11,'lxvzlcnisifq1lv3jl7011','35:01:f5:35:9e:a1-7c:d6:c2:e2:3e:90-03:f4:ef:2e:e1:10',13,11,11,5,NULL,NULL,'2012-11-04','2015-06-21',NULL,NULL,'472.00',0,0,1,0,5,1,NULL,NULL,NULL,NULL,NULL,'--- !ruby/hash:ActiveSupport::HashWithIndifferentAccess\nanschaffungskategorie: AV-Technik\nreference: invoice\numzug: zgeln\nankunftszustand: intakt\n','2015-06-21 11:36:48','2015-06-21 11:36:48'),(12,'apu6s1xnnslw0731m4k712','a6:ba:74:43:b0:09-3e:47:76:01:fb:5d-d9:5d:31:9c:36:2a',13,12,12,7,NULL,NULL,'2014-07-21','2015-06-21',NULL,NULL,'334.00',0,0,1,0,5,1,NULL,NULL,NULL,NULL,NULL,'--- !ruby/hash:ActiveSupport::HashWithIndifferentAccess\nanschaffungskategorie: AV-Technik\nreference: invoice\numzug: zgeln\nankunftszustand: intakt\n','2015-06-21 11:36:48','2015-06-21 11:36:48'),(13,'ggg6hecp5ybnu8aqwjn513','30:f3:f1:d8:ed:91-59:18:cc:d2:c2:44-f5:d7:43:e7:b2:da',17,13,13,7,NULL,NULL,'2010-12-25','2015-06-21',NULL,NULL,'1146.00',0,0,1,0,5,1,NULL,NULL,NULL,NULL,NULL,'--- !ruby/hash:ActiveSupport::HashWithIndifferentAccess\nanschaffungskategorie: AV-Technik\nreference: invoice\numzug: zgeln\nankunftszustand: intakt\n','2015-06-21 11:36:48','2015-06-21 11:36:48'),(14,'04rnd8qmkpln044qhwos14','58:d2:93:ff:e3:8b-2d:13:cf:a5:46:05-f4:55:3e:27:7c:9f',17,14,14,3,NULL,NULL,'2013-07-09','2015-06-21',NULL,NULL,'582.00',0,0,1,0,5,1,NULL,NULL,NULL,NULL,NULL,'--- !ruby/hash:ActiveSupport::HashWithIndifferentAccess\nanschaffungskategorie: AV-Technik\nreference: invoice\numzug: zgeln\nankunftszustand: intakt\n','2015-06-21 11:36:48','2015-06-21 11:36:48'),(15,'u7ezofsip0rjjuftprlm15','42:26:6e:74:5a:72-63:c3:0f:f2:ac:32-ec:1a:4f:72:76:f8',17,15,15,1,NULL,NULL,'2014-01-14','2015-06-21',NULL,NULL,'1385.00',0,0,1,0,5,1,NULL,NULL,NULL,NULL,NULL,'--- !ruby/hash:ActiveSupport::HashWithIndifferentAccess\nanschaffungskategorie: AV-Technik\nreference: invoice\numzug: zgeln\nankunftszustand: intakt\n','2015-06-21 11:36:48','2015-06-21 11:36:48'),(16,'9zk4rq1pi447dy8ynxxo16','a6:ed:84:b1:74:78-18:22:4a:3b:d4:a0-d6:ea:02:09:f3:99',21,16,16,10,NULL,NULL,'2010-04-28','2015-06-21',NULL,NULL,'731.00',0,0,1,0,5,1,NULL,NULL,NULL,NULL,NULL,'--- !ruby/hash:ActiveSupport::HashWithIndifferentAccess\nanschaffungskategorie: AV-Technik\nreference: invoice\numzug: zgeln\nankunftszustand: intakt\n','2015-06-21 11:36:48','2015-06-21 11:36:48'),(17,'0r0yeo1gdh72o1rxwu6817','72:4f:26:af:d2:ad-42:08:18:ec:6c:20-f7:32:c4:65:3a:49',21,17,17,4,NULL,NULL,'2011-07-18','2015-06-21',NULL,NULL,'666.00',0,0,1,0,5,1,NULL,NULL,NULL,NULL,NULL,'--- !ruby/hash:ActiveSupport::HashWithIndifferentAccess\nanschaffungskategorie: AV-Technik\nreference: invoice\numzug: zgeln\nankunftszustand: intakt\n','2015-06-21 11:36:48','2015-06-21 11:36:48'),(18,'4nxebyhws8xcc6r2zwsb18','e9:11:65:e5:d8:30-eb:94:72:7b:bb:30-da:c1:7c:9d:ff:59',21,18,18,4,NULL,NULL,'2010-12-01','2015-06-21',NULL,NULL,'957.00',0,0,1,0,5,1,NULL,NULL,NULL,NULL,NULL,'--- !ruby/hash:ActiveSupport::HashWithIndifferentAccess\nanschaffungskategorie: AV-Technik\nreference: invoice\numzug: zgeln\nankunftszustand: intakt\n','2015-06-21 11:36:48','2015-06-21 11:36:48'),(19,'z1fyy72r27vtd7j9zki019','70:3e:5e:be:bf:83-2d:da:cb:26:e9:c0-b5:7d:77:04:cb:e1',25,19,19,3,NULL,NULL,'2010-09-05','2015-06-21',NULL,NULL,'172.00',0,0,1,0,11,1,NULL,NULL,NULL,NULL,NULL,'--- !ruby/hash:ActiveSupport::HashWithIndifferentAccess\nanschaffungskategorie: AV-Technik\nreference: invoice\numzug: zgeln\nankunftszustand: intakt\n','2015-06-21 11:36:48','2015-06-21 11:36:48'),(20,'i9fzaa9eifgm969yzoq820','8b:12:94:29:8a:f4-a0:fb:eb:37:e0:bd-55:fc:49:d9:e8:70',25,20,20,10,NULL,NULL,'2013-09-05','2015-06-21',NULL,NULL,'1374.00',0,0,1,0,11,1,NULL,NULL,NULL,NULL,NULL,'--- !ruby/hash:ActiveSupport::HashWithIndifferentAccess\nanschaffungskategorie: AV-Technik\nreference: invoice\numzug: zgeln\nankunftszustand: intakt\n','2015-06-21 11:36:48','2015-06-21 11:36:48'),(21,'3tmh2b8mmgmf51gxx4rl21','fc:41:b8:36:54:ee-b4:0a:90:58:9f:b7-0e:33:47:81:bc:3e',25,21,21,10,NULL,NULL,'2014-08-09','2015-06-21',NULL,NULL,'887.00',0,0,1,0,11,1,NULL,NULL,NULL,NULL,NULL,'--- !ruby/hash:ActiveSupport::HashWithIndifferentAccess\nanschaffungskategorie: AV-Technik\nreference: invoice\numzug: zgeln\nankunftszustand: intakt\n','2015-06-21 11:36:48','2015-06-21 11:36:48'),(22,'c8qhh05z0yd3ynbutqwn22','48:b1:bb:8b:b7:8f-81:8d:a5:0e:5d:e9-98:55:a7:9d:d0:1d',29,22,22,2,NULL,NULL,'2011-09-20','2015-06-21',NULL,NULL,'226.00',0,0,1,0,11,1,NULL,NULL,NULL,NULL,NULL,'--- !ruby/hash:ActiveSupport::HashWithIndifferentAccess\nanschaffungskategorie: AV-Technik\nreference: invoice\numzug: zgeln\nankunftszustand: intakt\n','2015-06-21 11:36:48','2015-06-21 11:36:48'),(23,'4wf8ehpopkx4i0ko71dn23','31:de:ff:72:94:01-2a:c0:ed:54:8e:99-1a:06:97:e0:f5:0c',29,23,23,9,NULL,NULL,'2011-12-05','2015-06-21',NULL,NULL,'1215.00',0,0,1,0,11,1,NULL,NULL,NULL,NULL,NULL,'--- !ruby/hash:ActiveSupport::HashWithIndifferentAccess\nanschaffungskategorie: AV-Technik\nreference: invoice\numzug: zgeln\nankunftszustand: intakt\n','2015-06-21 11:36:48','2015-06-21 11:36:48'),(24,'gtwa8k0myy5josy6cz4w24','6c:a9:58:e5:f6:ff-10:97:78:cf:a1:c3-94:55:04:cd:63:67',29,24,24,2,NULL,NULL,'2012-09-26','2015-06-21',NULL,NULL,'1117.00',0,0,1,0,11,1,NULL,NULL,NULL,NULL,NULL,'--- !ruby/hash:ActiveSupport::HashWithIndifferentAccess\nanschaffungskategorie: AV-Technik\nreference: invoice\numzug: zgeln\nankunftszustand: intakt\n','2015-06-21 11:36:48','2015-06-21 11:36:48'),(25,'9q1bpbvgaxjvu0s4p1bj25','fc:d5:91:df:6d:ee-30:11:f7:b4:9f:b6-15:9e:de:db:b3:d7',33,25,25,2,NULL,NULL,'2013-05-13','2015-06-21',NULL,NULL,'1401.00',0,0,1,0,11,1,NULL,NULL,NULL,NULL,NULL,'--- !ruby/hash:ActiveSupport::HashWithIndifferentAccess\nanschaffungskategorie: AV-Technik\nreference: invoice\numzug: zgeln\nankunftszustand: intakt\n','2015-06-21 11:36:48','2015-06-21 11:36:48'),(26,'3n70jpabme3ob3lbyuyt26','bd:2d:ab:7a:5c:d7-02:1f:d5:81:78:7a-5d:33:14:bb:d5:43',33,26,26,5,NULL,NULL,'2013-02-22','2015-06-21',NULL,NULL,'693.00',0,0,1,0,11,1,NULL,NULL,NULL,NULL,NULL,'--- !ruby/hash:ActiveSupport::HashWithIndifferentAccess\nanschaffungskategorie: AV-Technik\nreference: invoice\numzug: zgeln\nankunftszustand: intakt\n','2015-06-21 11:36:48','2015-06-21 11:36:48'),(27,'mvz6fa2vdzxh2ozhyg4w27','1b:31:64:c0:77:9d-83:3e:82:45:c0:8a-87:1a:42:a1:a4:93',33,27,27,6,NULL,NULL,'2012-03-08','2015-06-21',NULL,NULL,'652.00',0,0,1,0,11,1,NULL,NULL,NULL,NULL,NULL,'--- !ruby/hash:ActiveSupport::HashWithIndifferentAccess\nanschaffungskategorie: AV-Technik\nreference: invoice\numzug: zgeln\nankunftszustand: intakt\n','2015-06-21 11:36:48','2015-06-21 11:36:48'),(28,'dzktwa72auwyh40457wz28','1d:1c:d3:54:fb:1d-e0:3a:5f:a8:93:96-33:52:6e:88:7d:2c',37,28,28,9,NULL,NULL,'2010-04-19','2015-06-21',NULL,NULL,'927.00',0,0,1,0,11,1,NULL,NULL,NULL,NULL,NULL,'--- !ruby/hash:ActiveSupport::HashWithIndifferentAccess\nanschaffungskategorie: AV-Technik\nreference: invoice\numzug: zgeln\nankunftszustand: intakt\n','2015-06-21 11:36:48','2015-06-21 11:36:48'),(29,'fxplzwewgrooe3cg1jl129','3f:cb:39:8f:28:36-35:35:e7:ff:15:be-5c:2e:e6:16:80:d8',37,29,29,9,NULL,NULL,'2010-10-08','2015-06-21',NULL,NULL,'1284.00',0,0,1,0,11,1,NULL,NULL,NULL,NULL,NULL,'--- !ruby/hash:ActiveSupport::HashWithIndifferentAccess\nanschaffungskategorie: AV-Technik\nreference: invoice\numzug: zgeln\nankunftszustand: intakt\n','2015-06-21 11:36:48','2015-06-21 11:36:48'),(30,'mlpikl9xhy5m34frgbk630','a1:e6:59:6b:17:0e-69:ee:88:4f:85:6a-a2:aa:e3:34:69:9b',37,30,30,8,NULL,NULL,'2014-02-02','2015-06-21',NULL,NULL,'782.00',0,0,1,0,11,1,NULL,NULL,NULL,NULL,NULL,'--- !ruby/hash:ActiveSupport::HashWithIndifferentAccess\nanschaffungskategorie: AV-Technik\nreference: invoice\numzug: zgeln\nankunftszustand: intakt\n','2015-06-21 11:36:48','2015-06-21 11:36:48'),(31,'pwmy2z7u04nr25r7181y31','12:d3:5c:c8:38:c9-ef:b0:71:ab:43:5d-75:c2:5c:7c:8d:7a',41,31,31,4,NULL,NULL,'2010-01-07','2015-06-21',NULL,NULL,'956.00',0,0,1,0,11,1,NULL,NULL,NULL,NULL,NULL,'--- !ruby/hash:ActiveSupport::HashWithIndifferentAccess\nanschaffungskategorie: AV-Technik\nreference: invoice\numzug: zgeln\nankunftszustand: intakt\n','2015-06-21 11:36:48','2015-06-21 11:36:48'),(32,'q8wrlj411yjhjj5z1vjb32','27:b5:69:02:f6:cf-1e:03:7d:65:d4:64-49:23:c0:15:88:0d',41,32,32,8,NULL,NULL,'2012-07-21','2015-06-21',NULL,NULL,'815.00',0,0,1,0,11,1,NULL,NULL,NULL,NULL,NULL,'--- !ruby/hash:ActiveSupport::HashWithIndifferentAccess\nanschaffungskategorie: AV-Technik\nreference: invoice\numzug: zgeln\nankunftszustand: intakt\n','2015-06-21 11:36:48','2015-06-21 11:36:48'),(33,'6d570817gu1gmnmwo2vt33','f6:3a:c2:4f:82:1c-41:21:8c:4f:06:3f-da:ba:23:a2:fa:9d',41,33,33,6,NULL,NULL,'2010-01-18','2015-06-21',NULL,NULL,'603.00',0,0,1,0,11,1,NULL,NULL,NULL,NULL,NULL,'--- !ruby/hash:ActiveSupport::HashWithIndifferentAccess\nanschaffungskategorie: AV-Technik\nreference: invoice\numzug: zgeln\nankunftszustand: intakt\n','2015-06-21 11:36:48','2015-06-21 11:36:48'),(34,'8egy5o22oey82ewwjdtc34','b4:d4:e4:a7:5b:be-70:2e:e8:69:b7:11-dc:3d:53:d8:49:0c',45,34,34,7,NULL,NULL,'2012-03-10','2015-06-21',NULL,NULL,'758.00',0,0,1,0,1,1,NULL,NULL,NULL,NULL,NULL,'--- !ruby/hash:ActiveSupport::HashWithIndifferentAccess\nanschaffungskategorie: AV-Technik\nreference: invoice\numzug: zgeln\nankunftszustand: intakt\n','2015-06-21 11:36:48','2015-06-21 11:36:48'),(35,'xagm78bq12cjvtf846q935','aa:e6:d0:8e:b2:b0-2b:85:49:8a:f6:ff-19:f9:2c:7a:72:c6',45,35,35,5,NULL,NULL,'2010-10-17','2015-06-21',NULL,NULL,'1486.00',0,0,1,0,1,1,NULL,NULL,NULL,NULL,NULL,'--- !ruby/hash:ActiveSupport::HashWithIndifferentAccess\nanschaffungskategorie: AV-Technik\nreference: invoice\numzug: zgeln\nankunftszustand: intakt\n','2015-06-21 11:36:48','2015-06-21 11:36:48'),(36,'5yiff4hvp0tizxvqd5y736','e6:d3:db:84:ef:ba-8a:da:cb:df:7e:ce-30:02:3e:76:29:37',45,36,36,5,NULL,NULL,'2014-07-04','2015-06-21',NULL,NULL,'744.00',0,0,1,0,1,1,NULL,NULL,NULL,NULL,NULL,'--- !ruby/hash:ActiveSupport::HashWithIndifferentAccess\nanschaffungskategorie: AV-Technik\nreference: invoice\numzug: zgeln\nankunftszustand: intakt\n','2015-06-21 11:36:48','2015-06-21 11:36:48'),(37,'pdx0qnwkf0mm5q5kphzf37','93:33:21:08:6b:e2-8b:ee:71:bc:95:46-de:dd:ba:67:d0:cc',49,37,37,4,NULL,NULL,'2013-10-16','2015-06-21',NULL,NULL,'1424.00',0,0,1,0,1,1,NULL,NULL,NULL,NULL,NULL,'--- !ruby/hash:ActiveSupport::HashWithIndifferentAccess\nanschaffungskategorie: AV-Technik\nreference: invoice\numzug: zgeln\nankunftszustand: intakt\n','2015-06-21 11:36:48','2015-06-21 11:36:48'),(38,'kzmkw7zdg4bmx66hq5ek38','61:60:45:77:8d:0c-09:2f:c2:aa:96:fc-d2:ea:c3:ce:a4:84',49,38,38,10,NULL,NULL,'2010-04-10','2015-06-21',NULL,NULL,'159.00',0,0,1,0,1,1,NULL,NULL,NULL,NULL,NULL,'--- !ruby/hash:ActiveSupport::HashWithIndifferentAccess\nanschaffungskategorie: AV-Technik\nreference: invoice\numzug: zgeln\nankunftszustand: intakt\n','2015-06-21 11:36:48','2015-06-21 11:36:48'),(39,'8nyd8gcf2yrong1ra6g139','0f:6b:31:b7:10:6a-53:61:ee:7b:6d:d8-62:37:79:7e:3d:63',49,39,39,4,NULL,NULL,'2012-10-06','2015-06-21',NULL,NULL,'930.00',0,0,1,0,1,1,NULL,NULL,NULL,NULL,NULL,'--- !ruby/hash:ActiveSupport::HashWithIndifferentAccess\nanschaffungskategorie: AV-Technik\nreference: invoice\numzug: zgeln\nankunftszustand: intakt\n','2015-06-21 11:36:48','2015-06-21 11:36:48'),(40,'hefxqnvqx90hijpth3ms40','5e:da:f9:3a:95:60-ef:4b:e9:9e:d2:48-c2:52:99:8d:57:3b',53,40,40,6,NULL,NULL,'2011-09-10','2015-06-21',NULL,NULL,'564.00',0,0,1,0,1,1,NULL,NULL,NULL,NULL,NULL,'--- !ruby/hash:ActiveSupport::HashWithIndifferentAccess\nanschaffungskategorie: AV-Technik\nreference: invoice\numzug: zgeln\nankunftszustand: intakt\n','2015-06-21 11:36:48','2015-06-21 11:36:48'),(41,'78fd5nq83c9h4zbv3mtx41','a3:86:a9:76:98:c1-6f:a8:4b:40:b5:19-79:f3:cc:aa:41:7d',53,41,41,2,NULL,NULL,'2014-10-23','2015-06-21',NULL,NULL,'404.00',0,0,1,0,1,1,NULL,NULL,NULL,NULL,NULL,'--- !ruby/hash:ActiveSupport::HashWithIndifferentAccess\nanschaffungskategorie: AV-Technik\nreference: invoice\numzug: zgeln\nankunftszustand: intakt\n','2015-06-21 11:36:48','2015-06-21 11:36:48'),(42,'7tmy76g8s3w17l9iw4p142','c5:8c:79:47:5d:e4-74:cc:74:dd:c9:61-7b:df:66:28:c0:82',53,42,42,8,NULL,NULL,'2011-03-30','2015-06-21',NULL,NULL,'1105.00',0,0,1,0,1,1,NULL,NULL,NULL,NULL,NULL,'--- !ruby/hash:ActiveSupport::HashWithIndifferentAccess\nanschaffungskategorie: AV-Technik\nreference: invoice\numzug: zgeln\nankunftszustand: intakt\n','2015-06-21 11:36:48','2015-06-21 11:36:48'),(43,'book1','book1',57,43,43,2,NULL,NULL,'2011-02-27','2015-06-21',NULL,NULL,'863.00',0,0,1,0,2,1,NULL,NULL,NULL,NULL,NULL,'--- !ruby/hash:ActiveSupport::HashWithIndifferentAccess\nanschaffungskategorie: AV-Technik\nreference: invoice\numzug: zgeln\nankunftszustand: intakt\n','2015-06-21 11:36:48','2015-06-21 11:36:48'),(44,'book2','book2',57,43,44,2,NULL,NULL,'2010-08-14','2015-06-21',NULL,NULL,'33.00',0,0,1,0,2,1,NULL,NULL,NULL,NULL,NULL,'--- !ruby/hash:ActiveSupport::HashWithIndifferentAccess\nanschaffungskategorie: AV-Technik\nreference: invoice\numzug: zgeln\nankunftszustand: intakt\n','2015-06-21 11:36:48','2015-06-21 11:36:48'),(45,'beam123','xyz456',58,44,45,1,NULL,NULL,'2014-08-03','2015-06-21',NULL,NULL,'1282.00',0,0,1,0,1,1,NULL,NULL,NULL,'name123',NULL,'--- !ruby/hash:ActiveSupport::HashWithIndifferentAccess\nanschaffungskategorie: AV-Technik\nreference: invoice\numzug: zgeln\nankunftszustand: intakt\n','2015-06-21 11:36:48','2015-06-21 11:36:48'),(46,'beam345','xyz890',58,44,46,1,NULL,NULL,'2013-02-23','2015-06-21',NULL,NULL,'337.00',0,0,1,0,1,1,NULL,NULL,NULL,NULL,NULL,'--- !ruby/hash:ActiveSupport::HashWithIndifferentAccess\nanschaffungskategorie: AV-Technik\nreference: invoice\numzug: zgeln\nankunftszustand: intakt\n','2015-06-21 11:36:48','2015-06-21 11:36:48'),(47,'beam678','xyz678',59,44,47,1,NULL,NULL,'2010-11-24','2015-06-21',NULL,NULL,'1315.00',0,0,1,0,1,1,NULL,NULL,NULL,NULL,NULL,'--- !ruby/hash:ActiveSupport::HashWithIndifferentAccess\nanschaffungskategorie: AV-Technik\nreference: invoice\numzug: zgeln\nankunftszustand: intakt\n','2015-06-21 11:36:48','2015-06-21 11:36:48'),(48,'beam749','xyz749',58,44,48,1,NULL,NULL,'2013-09-27','2015-06-21',NULL,NULL,'865.00',0,0,1,0,2,1,NULL,NULL,NULL,NULL,NULL,'--- !ruby/hash:ActiveSupport::HashWithIndifferentAccess\nanschaffungskategorie: AV-Technik\nreference: invoice\numzug: zgeln\nankunftszustand: intakt\n','2015-06-21 11:36:48','2015-06-21 11:36:48'),(49,'beamTest123','xyz749',61,44,49,1,NULL,NULL,'2010-06-20','2015-06-21',NULL,NULL,'1071.00',0,0,1,0,1,1,NULL,NULL,NULL,NULL,NULL,'--- !ruby/hash:ActiveSupport::HashWithIndifferentAccess\nanschaffungskategorie: AV-Technik\nreference: invoice\numzug: zgeln\nankunftszustand: intakt\n','2015-06-21 11:36:48','2015-06-21 11:36:48'),(50,'ucbeam1','minbeam1',62,44,50,1,NULL,NULL,'2013-03-01','2015-06-21',NULL,NULL,'379.00',0,0,1,0,1,1,NULL,NULL,NULL,'ucbeam1',NULL,'--- !ruby/hash:ActiveSupport::HashWithIndifferentAccess\nanschaffungskategorie: AV-Technik\nreference: invoice\numzug: zgeln\nankunftszustand: intakt\n','2015-06-21 11:36:48','2015-06-21 11:36:48'),(51,'microbeam1','microbeam1',63,44,51,1,NULL,NULL,'2012-07-18','2015-06-21',NULL,NULL,'222.00',0,0,1,0,1,1,NULL,NULL,NULL,'microbeam1',NULL,'--- !ruby/hash:ActiveSupport::HashWithIndifferentAccess\nanschaffungskategorie: AV-Technik\nreference: invoice\numzug: zgeln\nankunftszustand: intakt\n','2015-06-21 11:36:48','2015-06-21 11:36:48'),(52,'mbeam1','mbeam1',64,44,52,1,NULL,NULL,'2011-04-16','2015-06-21',NULL,NULL,'1093.00',0,0,1,0,1,1,NULL,NULL,NULL,'mbeam1',NULL,'--- !ruby/hash:ActiveSupport::HashWithIndifferentAccess\nanschaffungskategorie: AV-Technik\nreference: invoice\numzug: zgeln\nankunftszustand: intakt\n','2015-06-21 11:36:48','2015-06-21 11:36:48'),(53,'mbeam2','mbeam2',65,44,53,1,NULL,NULL,'2012-07-24','2015-06-21',NULL,NULL,'468.00',0,0,1,0,1,1,NULL,NULL,NULL,'mbeam2',NULL,'--- !ruby/hash:ActiveSupport::HashWithIndifferentAccess\nanschaffungskategorie: AV-Technik\nreference: invoice\numzug: zgeln\nankunftszustand: intakt\n','2015-06-21 11:36:48','2015-06-21 11:36:48'),(54,'mbeam3','mbeam3',66,44,54,1,NULL,NULL,'2014-05-13','2015-06-21',NULL,NULL,'1096.00',0,0,1,0,1,1,NULL,NULL,NULL,'mbeam3',NULL,'--- !ruby/hash:ActiveSupport::HashWithIndifferentAccess\nanschaffungskategorie: AV-Technik\nreference: invoice\numzug: zgeln\nankunftszustand: intakt\n','2015-06-21 11:36:48','2015-06-21 11:36:48'),(55,'mbeam4','mbeam4',67,44,55,1,NULL,NULL,'2013-05-12','2015-06-21',NULL,NULL,'553.00',0,0,1,0,1,1,NULL,NULL,NULL,'mbeam4',NULL,'--- !ruby/hash:ActiveSupport::HashWithIndifferentAccess\nanschaffungskategorie: AV-Technik\nreference: invoice\numzug: zgeln\nankunftszustand: intakt\n','2015-06-21 11:36:48','2015-06-21 11:36:48'),(56,'mbeam5','mbeam5',68,44,56,1,NULL,NULL,'2010-04-23','2015-06-21',NULL,NULL,'764.00',0,0,1,0,1,1,NULL,NULL,NULL,'mbeam5',NULL,'--- !ruby/hash:ActiveSupport::HashWithIndifferentAccess\nanschaffungskategorie: AV-Technik\nreference: invoice\numzug: zgeln\nankunftszustand: intakt\n','2015-06-21 11:36:48','2015-06-21 11:36:48'),(57,'mbeam6','mbeam6',69,44,57,1,NULL,NULL,'2012-10-02','2015-06-21',NULL,NULL,'1207.00',0,0,1,0,1,1,NULL,NULL,NULL,'mbeam6',NULL,'--- !ruby/hash:ActiveSupport::HashWithIndifferentAccess\nanschaffungskategorie: AV-Technik\nreference: invoice\numzug: zgeln\nankunftszustand: intakt\n','2015-06-21 11:36:48','2015-06-21 11:36:48'),(58,'mbeam7','mbeam7',70,44,58,1,NULL,NULL,'2011-02-15','2015-06-21',NULL,NULL,'444.00',0,0,1,0,1,1,NULL,NULL,NULL,'mbeam7',NULL,'--- !ruby/hash:ActiveSupport::HashWithIndifferentAccess\nanschaffungskategorie: AV-Technik\nreference: invoice\numzug: zgeln\nankunftszustand: intakt\n','2015-06-21 11:36:48','2015-06-21 11:36:48'),(59,'mbeam8','mbeam8',71,44,59,1,NULL,NULL,'2013-06-28','2015-06-21',NULL,NULL,'344.00',0,0,1,0,1,1,NULL,NULL,NULL,'mbeam8',NULL,'--- !ruby/hash:ActiveSupport::HashWithIndifferentAccess\nanschaffungskategorie: AV-Technik\nreference: invoice\numzug: zgeln\nankunftszustand: intakt\n','2015-06-21 11:36:48','2015-06-21 11:36:48'),(60,'mbeam9','mbeam9',72,44,60,1,NULL,NULL,'2014-06-20','2015-06-21',NULL,NULL,'1050.00',0,0,1,0,1,1,NULL,NULL,NULL,'mbeam9',NULL,'--- !ruby/hash:ActiveSupport::HashWithIndifferentAccess\nanschaffungskategorie: AV-Technik\nreference: invoice\numzug: zgeln\nankunftszustand: intakt\n','2015-06-21 11:36:48','2015-06-21 11:36:48'),(61,'mbeam10','mbeam10',73,44,61,1,NULL,NULL,'2012-02-12','2015-06-21',NULL,NULL,'182.00',0,0,1,0,1,1,NULL,NULL,NULL,'mbeam10',NULL,'--- !ruby/hash:ActiveSupport::HashWithIndifferentAccess\nanschaffungskategorie: AV-Technik\nreference: invoice\numzug: zgeln\nankunftszustand: intakt\n','2015-06-21 11:36:48','2015-06-21 11:36:48'),(62,'mbeam11','mbeam11',74,44,62,1,NULL,NULL,'2012-10-29','2015-06-21',NULL,NULL,'1460.00',0,0,1,0,1,1,NULL,NULL,NULL,'mbeam11',NULL,'--- !ruby/hash:ActiveSupport::HashWithIndifferentAccess\nanschaffungskategorie: AV-Technik\nreference: invoice\numzug: zgeln\nankunftszustand: intakt\n','2015-06-21 11:36:48','2015-06-21 11:36:48'),(63,'mbeam12','mbeam12',75,44,63,1,NULL,NULL,'2010-06-16','2015-06-21',NULL,NULL,'776.00',0,0,1,0,1,1,NULL,NULL,NULL,'mbeam12',NULL,'--- !ruby/hash:ActiveSupport::HashWithIndifferentAccess\nanschaffungskategorie: AV-Technik\nreference: invoice\numzug: zgeln\nankunftszustand: intakt\n','2015-06-21 11:36:48','2015-06-21 11:36:48'),(64,'mbeam13','mbeam13',76,44,64,1,NULL,NULL,'2013-06-22','2015-06-21',NULL,NULL,'188.00',0,0,1,0,1,1,NULL,NULL,NULL,'mbeam13',NULL,'--- !ruby/hash:ActiveSupport::HashWithIndifferentAccess\nanschaffungskategorie: AV-Technik\nreference: invoice\numzug: zgeln\nankunftszustand: intakt\n','2015-06-21 11:36:48','2015-06-21 11:36:48'),(65,'mbeam14','mbeam14',77,44,65,1,NULL,NULL,'2013-06-23','2015-06-21',NULL,NULL,'343.00',0,0,1,0,1,1,NULL,NULL,NULL,'mbeam14',NULL,'--- !ruby/hash:ActiveSupport::HashWithIndifferentAccess\nanschaffungskategorie: AV-Technik\nreference: invoice\numzug: zgeln\nankunftszustand: intakt\n','2015-06-21 11:36:48','2015-06-21 11:36:48'),(66,'mbeam15','mbeam15',78,44,66,1,NULL,NULL,'2012-09-16','2015-06-21',NULL,NULL,'206.00',0,0,1,0,1,1,NULL,NULL,NULL,'mbeam15',NULL,'--- !ruby/hash:ActiveSupport::HashWithIndifferentAccess\nanschaffungskategorie: AV-Technik\nreference: invoice\numzug: zgeln\nankunftszustand: intakt\n','2015-06-21 11:36:48','2015-06-21 11:36:48'),(67,'mbeam16','mbeam16',79,44,67,1,NULL,NULL,'2011-03-10','2015-06-21',NULL,NULL,'453.00',0,0,1,0,1,1,NULL,NULL,NULL,'mbeam16',NULL,'--- !ruby/hash:ActiveSupport::HashWithIndifferentAccess\nanschaffungskategorie: AV-Technik\nreference: invoice\numzug: zgeln\nankunftszustand: intakt\n','2015-06-21 11:36:48','2015-06-21 11:36:48'),(68,'mbeam17','mbeam17',80,44,68,1,NULL,NULL,'2014-06-27','2015-06-21',NULL,NULL,'466.00',0,0,1,0,1,1,NULL,NULL,NULL,'mbeam17',NULL,'--- !ruby/hash:ActiveSupport::HashWithIndifferentAccess\nanschaffungskategorie: AV-Technik\nreference: invoice\numzug: zgeln\nankunftszustand: intakt\n','2015-06-21 11:36:48','2015-06-21 11:36:48'),(69,'mbeam18','mbeam18',81,44,69,1,NULL,NULL,'2012-11-25','2015-06-21',NULL,NULL,'1426.00',0,0,1,0,1,1,NULL,NULL,NULL,'mbeam18',NULL,'--- !ruby/hash:ActiveSupport::HashWithIndifferentAccess\nanschaffungskategorie: AV-Technik\nreference: invoice\numzug: zgeln\nankunftszustand: intakt\n','2015-06-21 11:36:48','2015-06-21 11:36:48'),(70,'mbeam19','mbeam19',82,44,70,1,NULL,NULL,'2011-02-12','2015-06-21',NULL,NULL,'224.00',0,0,1,0,1,1,NULL,NULL,NULL,'mbeam19',NULL,'--- !ruby/hash:ActiveSupport::HashWithIndifferentAccess\nanschaffungskategorie: AV-Technik\nreference: invoice\numzug: zgeln\nankunftszustand: intakt\n','2015-06-21 11:36:48','2015-06-21 11:36:48'),(71,'mbeam20','mbeam20',83,44,71,1,NULL,NULL,'2012-08-14','2015-06-21',NULL,NULL,'1182.00',0,0,1,0,1,1,NULL,NULL,NULL,'mbeam20',NULL,'--- !ruby/hash:ActiveSupport::HashWithIndifferentAccess\nanschaffungskategorie: AV-Technik\nreference: invoice\numzug: zgeln\nankunftszustand: intakt\n','2015-06-21 11:36:48','2015-06-21 11:36:48'),(72,'cam123','abc234',84,44,72,1,NULL,NULL,'2011-09-26','2015-06-21',NULL,NULL,'1263.00',0,0,1,0,1,1,NULL,NULL,NULL,NULL,NULL,'--- !ruby/hash:ActiveSupport::HashWithIndifferentAccess\nanschaffungskategorie: AV-Technik\nreference: invoice\numzug: zgeln\nankunftszustand: intakt\n','2015-06-21 11:36:48','2015-06-21 11:36:48'),(73,'cam345','ab567',84,44,73,1,NULL,NULL,'2014-07-30','2015-06-21',NULL,NULL,'1171.00',0,0,1,0,1,1,NULL,NULL,NULL,NULL,NULL,'--- !ruby/hash:ActiveSupport::HashWithIndifferentAccess\nanschaffungskategorie: AV-Technik\nreference: invoice\numzug: zgeln\nankunftszustand: intakt\n','2015-06-21 11:36:48','2015-06-21 11:36:48'),(74,'cam567','ab789',84,44,74,1,NULL,NULL,'2014-04-29','2015-06-21',NULL,NULL,'167.00',0,0,1,0,1,1,NULL,NULL,NULL,NULL,NULL,'--- !ruby/hash:ActiveSupport::HashWithIndifferentAccess\nanschaffungskategorie: AV-Technik\nreference: invoice\numzug: zgeln\nankunftszustand: intakt\n','2015-06-21 11:36:48','2015-06-21 11:36:48'),(75,'cam53267','ab782129',84,44,75,1,NULL,NULL,'2013-06-21','2015-06-21',NULL,NULL,'1377.00',0,0,1,0,1,1,NULL,NULL,NULL,NULL,NULL,'--- !ruby/hash:ActiveSupport::HashWithIndifferentAccess\nanschaffungskategorie: AV-Technik\nreference: invoice\numzug: zgeln\nankunftszustand: intakt\n','2015-06-21 11:36:48','2015-06-21 11:36:48'),(76,'cam532asd67','ab78as2129',84,44,76,1,NULL,NULL,'2011-05-18','2015-06-21',NULL,NULL,'620.00',0,0,1,0,1,1,NULL,NULL,NULL,NULL,NULL,'--- !ruby/hash:ActiveSupport::HashWithIndifferentAccess\nanschaffungskategorie: AV-Technik\nreference: invoice\numzug: zgeln\nankunftszustand: intakt\n','2015-06-21 11:36:48','2015-06-21 11:36:48'),(77,'mcam1','mcam1',85,44,77,1,NULL,NULL,'2014-01-06','2015-06-21',NULL,NULL,'1181.00',0,0,1,0,1,1,NULL,NULL,NULL,'mcam1',NULL,'--- !ruby/hash:ActiveSupport::HashWithIndifferentAccess\nanschaffungskategorie: AV-Technik\nreference: invoice\numzug: zgeln\nankunftszustand: intakt\n','2015-06-21 11:36:48','2015-06-21 11:36:48'),(78,'mcam2','mcam2',86,44,78,1,NULL,NULL,'2010-01-11','2015-06-21',NULL,NULL,'1066.00',0,0,1,0,1,1,NULL,NULL,NULL,'mcam2',NULL,'--- !ruby/hash:ActiveSupport::HashWithIndifferentAccess\nanschaffungskategorie: AV-Technik\nreference: invoice\numzug: zgeln\nankunftszustand: intakt\n','2015-06-21 11:36:48','2015-06-21 11:36:48'),(79,'mcam3','mcam3',87,44,79,1,NULL,NULL,'2012-09-03','2015-06-21',NULL,NULL,'1085.00',0,0,1,0,1,1,NULL,NULL,NULL,'mcam3',NULL,'--- !ruby/hash:ActiveSupport::HashWithIndifferentAccess\nanschaffungskategorie: AV-Technik\nreference: invoice\numzug: zgeln\nankunftszustand: intakt\n','2015-06-21 11:36:48','2015-06-21 11:36:48'),(80,'mcam4','mcam4',88,44,80,1,NULL,NULL,'2012-12-15','2015-06-21',NULL,NULL,'139.00',0,0,1,0,1,1,NULL,NULL,NULL,'mcam4',NULL,'--- !ruby/hash:ActiveSupport::HashWithIndifferentAccess\nanschaffungskategorie: AV-Technik\nreference: invoice\numzug: zgeln\nankunftszustand: intakt\n','2015-06-21 11:36:48','2015-06-21 11:36:48'),(81,'mcam5','mcam5',89,44,81,1,NULL,NULL,'2010-01-18','2015-06-21',NULL,NULL,'1399.00',0,0,1,0,1,1,NULL,NULL,NULL,'mcam5',NULL,'--- !ruby/hash:ActiveSupport::HashWithIndifferentAccess\nanschaffungskategorie: AV-Technik\nreference: invoice\numzug: zgeln\nankunftszustand: intakt\n','2015-06-21 11:36:48','2015-06-21 11:36:48'),(82,'mcam6','mcam6',90,44,82,1,NULL,NULL,'2011-01-10','2015-06-21',NULL,NULL,'8.00',0,0,1,0,1,1,NULL,NULL,NULL,'mcam6',NULL,'--- !ruby/hash:ActiveSupport::HashWithIndifferentAccess\nanschaffungskategorie: AV-Technik\nreference: invoice\numzug: zgeln\nankunftszustand: intakt\n','2015-06-21 11:36:48','2015-06-21 11:36:48'),(83,'mcam7','mcam7',91,44,83,1,NULL,NULL,'2011-12-12','2015-06-21',NULL,NULL,'286.00',0,0,1,0,1,1,NULL,NULL,NULL,'mcam7',NULL,'--- !ruby/hash:ActiveSupport::HashWithIndifferentAccess\nanschaffungskategorie: AV-Technik\nreference: invoice\numzug: zgeln\nankunftszustand: intakt\n','2015-06-21 11:36:48','2015-06-21 11:36:48'),(84,'mcam8','mcam8',92,44,84,1,NULL,NULL,'2012-11-30','2015-06-21',NULL,NULL,'1207.00',0,0,1,0,1,1,NULL,NULL,NULL,'mcam8',NULL,'--- !ruby/hash:ActiveSupport::HashWithIndifferentAccess\nanschaffungskategorie: AV-Technik\nreference: invoice\numzug: zgeln\nankunftszustand: intakt\n','2015-06-21 11:36:48','2015-06-21 11:36:48'),(85,'mcam9','mcam9',93,44,85,1,NULL,NULL,'2012-07-27','2015-06-21',NULL,NULL,'249.00',0,0,1,0,1,1,NULL,NULL,NULL,'mcam9',NULL,'--- !ruby/hash:ActiveSupport::HashWithIndifferentAccess\nanschaffungskategorie: AV-Technik\nreference: invoice\numzug: zgeln\nankunftszustand: intakt\n','2015-06-21 11:36:48','2015-06-21 11:36:48'),(86,'mcam10','mcam10',94,44,86,1,NULL,NULL,'2013-03-30','2015-06-21',NULL,NULL,'336.00',0,0,1,0,1,1,NULL,NULL,NULL,'mcam10',NULL,'--- !ruby/hash:ActiveSupport::HashWithIndifferentAccess\nanschaffungskategorie: AV-Technik\nreference: invoice\numzug: zgeln\nankunftszustand: intakt\n','2015-06-21 11:36:48','2015-06-21 11:36:48'),(87,'mcam11','mcam11',95,44,87,1,NULL,NULL,'2011-02-26','2015-06-21',NULL,NULL,'1482.00',0,0,1,0,1,1,NULL,NULL,NULL,'mcam11',NULL,'--- !ruby/hash:ActiveSupport::HashWithIndifferentAccess\nanschaffungskategorie: AV-Technik\nreference: invoice\numzug: zgeln\nankunftszustand: intakt\n','2015-06-21 11:36:48','2015-06-21 11:36:48'),(88,'mcam12','mcam12',96,44,88,1,NULL,NULL,'2014-10-28','2015-06-21',NULL,NULL,'873.00',0,0,1,0,1,1,NULL,NULL,NULL,'mcam12',NULL,'--- !ruby/hash:ActiveSupport::HashWithIndifferentAccess\nanschaffungskategorie: AV-Technik\nreference: invoice\numzug: zgeln\nankunftszustand: intakt\n','2015-06-21 11:36:48','2015-06-21 11:36:48'),(89,'mcam13','mcam13',97,44,89,1,NULL,NULL,'2013-08-02','2015-06-21',NULL,NULL,'50.00',0,0,1,0,1,1,NULL,NULL,NULL,'mcam13',NULL,'--- !ruby/hash:ActiveSupport::HashWithIndifferentAccess\nanschaffungskategorie: AV-Technik\nreference: invoice\numzug: zgeln\nankunftszustand: intakt\n','2015-06-21 11:36:48','2015-06-21 11:36:48'),(90,'mcam14','mcam14',98,44,90,1,NULL,NULL,'2014-12-16','2015-06-21',NULL,NULL,'883.00',0,0,1,0,1,1,NULL,NULL,NULL,'mcam14',NULL,'--- !ruby/hash:ActiveSupport::HashWithIndifferentAccess\nanschaffungskategorie: AV-Technik\nreference: invoice\numzug: zgeln\nankunftszustand: intakt\n','2015-06-21 11:36:48','2015-06-21 11:36:48'),(91,'mcam15','mcam15',99,44,91,1,NULL,NULL,'2013-04-21','2015-06-21',NULL,NULL,'463.00',0,0,1,0,1,1,NULL,NULL,NULL,'mcam15',NULL,'--- !ruby/hash:ActiveSupport::HashWithIndifferentAccess\nanschaffungskategorie: AV-Technik\nreference: invoice\numzug: zgeln\nankunftszustand: intakt\n','2015-06-21 11:36:48','2015-06-21 11:36:48'),(92,'mcam16','mcam16',100,44,92,1,NULL,NULL,'2011-10-02','2015-06-21',NULL,NULL,'71.00',0,0,1,0,1,1,NULL,NULL,NULL,'mcam16',NULL,'--- !ruby/hash:ActiveSupport::HashWithIndifferentAccess\nanschaffungskategorie: AV-Technik\nreference: invoice\numzug: zgeln\nankunftszustand: intakt\n','2015-06-21 11:36:48','2015-06-21 11:36:48'),(93,'mcam17','mcam17',101,44,93,1,NULL,NULL,'2013-12-26','2015-06-21',NULL,NULL,'469.00',0,0,1,0,1,1,NULL,NULL,NULL,'mcam17',NULL,'--- !ruby/hash:ActiveSupport::HashWithIndifferentAccess\nanschaffungskategorie: AV-Technik\nreference: invoice\numzug: zgeln\nankunftszustand: intakt\n','2015-06-21 11:36:48','2015-06-21 11:36:48'),(94,'mcam18','mcam18',102,44,94,1,NULL,NULL,'2010-05-20','2015-06-21',NULL,NULL,'348.00',0,0,1,0,1,1,NULL,NULL,NULL,'mcam18',NULL,'--- !ruby/hash:ActiveSupport::HashWithIndifferentAccess\nanschaffungskategorie: AV-Technik\nreference: invoice\numzug: zgeln\nankunftszustand: intakt\n','2015-06-21 11:36:48','2015-06-21 11:36:48'),(95,'mcam19','mcam19',103,44,95,1,NULL,NULL,'2011-05-31','2015-06-21',NULL,NULL,'993.00',0,0,1,0,1,1,NULL,NULL,NULL,'mcam19',NULL,'--- !ruby/hash:ActiveSupport::HashWithIndifferentAccess\nanschaffungskategorie: AV-Technik\nreference: invoice\numzug: zgeln\nankunftszustand: intakt\n','2015-06-21 11:36:48','2015-06-21 11:36:48'),(96,'mcam20','mcam20',104,44,96,1,NULL,NULL,'2014-08-15','2015-06-21',NULL,NULL,'860.00',0,0,1,0,1,1,NULL,NULL,NULL,'mcam20',NULL,'--- !ruby/hash:ActiveSupport::HashWithIndifferentAccess\nanschaffungskategorie: AV-Technik\nreference: invoice\numzug: zgeln\nankunftszustand: intakt\n','2015-06-21 11:36:48','2015-06-21 11:36:48'),(97,'mcam21','mcam21',105,44,97,1,NULL,NULL,'2012-10-03','2015-06-21',NULL,NULL,'1197.00',0,0,1,0,1,1,NULL,NULL,NULL,'mcam21',NULL,'--- !ruby/hash:ActiveSupport::HashWithIndifferentAccess\nanschaffungskategorie: AV-Technik\nreference: invoice\numzug: zgeln\nankunftszustand: intakt\n','2015-06-21 11:36:48','2015-06-21 11:36:48'),(98,'mcam22','mcam22',106,44,98,1,NULL,NULL,'2013-03-01','2015-06-21',NULL,NULL,'1230.00',0,0,1,0,1,1,NULL,NULL,NULL,'mcam22',NULL,'--- !ruby/hash:ActiveSupport::HashWithIndifferentAccess\nanschaffungskategorie: AV-Technik\nreference: invoice\numzug: zgeln\nankunftszustand: intakt\n','2015-06-21 11:36:48','2015-06-21 11:36:48'),(99,'mcam23','mcam23',107,44,99,1,NULL,NULL,'2013-08-09','2015-06-21',NULL,NULL,'1471.00',0,0,1,0,1,1,NULL,NULL,NULL,'mcam23',NULL,'--- !ruby/hash:ActiveSupport::HashWithIndifferentAccess\nanschaffungskategorie: AV-Technik\nreference: invoice\numzug: zgeln\nankunftszustand: intakt\n','2015-06-21 11:36:48','2015-06-21 11:36:48'),(100,'mcam24','mcam24',108,44,100,1,NULL,NULL,'2012-11-22','2015-06-21',NULL,NULL,'862.00',0,0,1,0,1,1,NULL,NULL,NULL,'mcam24',NULL,'--- !ruby/hash:ActiveSupport::HashWithIndifferentAccess\nanschaffungskategorie: AV-Technik\nreference: invoice\numzug: zgeln\nankunftszustand: intakt\n','2015-06-21 11:36:48','2015-06-21 11:36:48'),(101,'mcam25','mcam25',109,44,101,1,NULL,NULL,'2011-11-21','2015-06-21',NULL,NULL,'834.00',0,0,1,0,1,1,NULL,NULL,NULL,'mcam25',NULL,'--- !ruby/hash:ActiveSupport::HashWithIndifferentAccess\nanschaffungskategorie: AV-Technik\nreference: invoice\numzug: zgeln\nankunftszustand: intakt\n','2015-06-21 11:36:48','2015-06-21 11:36:48'),(102,'mcam26','mcam26',110,44,102,1,NULL,NULL,'2010-07-09','2015-06-21',NULL,NULL,'150.00',0,0,1,0,1,1,NULL,NULL,NULL,'mcam26',NULL,'--- !ruby/hash:ActiveSupport::HashWithIndifferentAccess\nanschaffungskategorie: AV-Technik\nreference: invoice\numzug: zgeln\nankunftszustand: intakt\n','2015-06-21 11:36:48','2015-06-21 11:36:48'),(103,'mcam27','mcam27',111,44,103,1,NULL,NULL,'2013-08-22','2015-06-21',NULL,NULL,'265.00',0,0,1,0,1,1,NULL,NULL,NULL,'mcam27',NULL,'--- !ruby/hash:ActiveSupport::HashWithIndifferentAccess\nanschaffungskategorie: AV-Technik\nreference: invoice\numzug: zgeln\nankunftszustand: intakt\n','2015-06-21 11:36:48','2015-06-21 11:36:48'),(104,'mcam28','mcam28',112,44,104,1,NULL,NULL,'2013-10-23','2015-06-21',NULL,NULL,'512.00',0,0,1,0,1,1,NULL,NULL,NULL,'mcam28',NULL,'--- !ruby/hash:ActiveSupport::HashWithIndifferentAccess\nanschaffungskategorie: AV-Technik\nreference: invoice\numzug: zgeln\nankunftszustand: intakt\n','2015-06-21 11:36:48','2015-06-21 11:36:48'),(105,'mcam29','mcam29',113,44,105,1,NULL,NULL,'2012-03-14','2015-06-21',NULL,NULL,'1039.00',0,0,1,0,1,1,NULL,NULL,NULL,'mcam29',NULL,'--- !ruby/hash:ActiveSupport::HashWithIndifferentAccess\nanschaffungskategorie: AV-Technik\nreference: invoice\numzug: zgeln\nankunftszustand: intakt\n','2015-06-21 11:36:48','2015-06-21 11:36:48'),(106,'mcam30','mcam30',114,44,106,1,NULL,NULL,'2013-06-02','2015-06-21',NULL,NULL,'1131.00',0,0,1,0,1,1,NULL,NULL,NULL,'mcam30',NULL,'--- !ruby/hash:ActiveSupport::HashWithIndifferentAccess\nanschaffungskategorie: AV-Technik\nreference: invoice\numzug: zgeln\nankunftszustand: intakt\n','2015-06-21 11:36:48','2015-06-21 11:36:48'),(107,'hifi123','hifi123',115,44,107,1,NULL,NULL,'2012-11-27','2015-06-21',NULL,NULL,'743.00',0,0,1,0,1,1,NULL,NULL,NULL,NULL,NULL,'--- !ruby/hash:ActiveSupport::HashWithIndifferentAccess\nanschaffungskategorie: AV-Technik\nreference: invoice\numzug: zgeln\nankunftszustand: intakt\n','2015-06-21 11:36:48','2015-06-21 11:36:48'),(108,'tri789','fgh567',116,44,108,1,NULL,NULL,'2014-08-14','2015-06-21',NULL,NULL,'232.00',0,0,1,0,1,1,NULL,NULL,NULL,NULL,NULL,'--- !ruby/hash:ActiveSupport::HashWithIndifferentAccess\nanschaffungskategorie: AV-Technik\nreference: invoice\numzug: zgeln\nankunftszustand: intakt\n','2015-06-21 11:36:48','2015-06-21 11:36:48'),(109,'tri123','fgh987',116,44,109,1,NULL,NULL,'2011-04-04','2015-06-21',NULL,NULL,'254.00',0,0,1,0,1,1,NULL,NULL,NULL,NULL,NULL,'--- !ruby/hash:ActiveSupport::HashWithIndifferentAccess\nanschaffungskategorie: AV-Technik\nreference: invoice\numzug: zgeln\nankunftszustand: intakt\n','2015-06-21 11:36:48','2015-06-21 11:36:48'),(110,'tri923','asd213',116,44,110,1,NULL,NULL,'2012-01-04','2015-06-21',NULL,NULL,'945.00',0,0,1,0,1,1,NULL,NULL,NULL,NULL,NULL,'--- !ruby/hash:ActiveSupport::HashWithIndifferentAccess\nanschaffungskategorie: AV-Technik\nreference: invoice\numzug: zgeln\nankunftszustand: intakt\n','2015-06-21 11:36:48','2015-06-21 11:36:48'),(111,'tri212','tri212',116,44,111,1,NULL,NULL,'2014-03-18','2015-06-21',NULL,NULL,'479.00',0,0,1,0,1,1,NULL,NULL,NULL,NULL,NULL,'--- !ruby/hash:ActiveSupport::HashWithIndifferentAccess\nanschaffungskategorie: AV-Technik\nreference: invoice\numzug: zgeln\nankunftszustand: intakt\n','2015-06-21 11:36:48','2015-06-21 11:36:48'),(112,'xdacz1','fqndev',118,44,112,1,NULL,NULL,'2014-10-28','2015-06-21',NULL,NULL,'497.00',0,0,1,0,1,1,NULL,NULL,NULL,NULL,NULL,'--- !ruby/hash:ActiveSupport::HashWithIndifferentAccess\nanschaffungskategorie: AV-Technik\nreference: invoice\numzug: zgeln\nankunftszustand: intakt\n','2015-06-21 11:36:48','2015-06-21 11:36:48'),(113,'0ge9gezdpbtwtd4f00e443','49:78:28:2b:54:34-42:92:26:0d:7c:54-cd:1d:e6:81:86:35',119,45,113,1,NULL,NULL,'2010-04-16','2015-06-21',NULL,NULL,'887.00',0,0,1,0,1,1,NULL,NULL,NULL,NULL,NULL,'--- !ruby/hash:ActiveSupport::HashWithIndifferentAccess\nanschaffungskategorie: AV-Technik\nreference: invoice\numzug: zgeln\nankunftszustand: intakt\n','2015-06-21 11:36:48','2015-06-21 11:36:48'),(114,'u6v8afk8qg92w01r0nza44','0b:a3:b3:3c:ac:61-76:b7:7e:8b:50:6b-bc:ef:6b:8c:d6:1d',121,45,114,1,113,NULL,'2011-09-11','2015-06-21',NULL,NULL,'905.00',0,0,1,0,1,1,NULL,NULL,NULL,NULL,NULL,'--- !ruby/hash:ActiveSupport::HashWithIndifferentAccess\nanschaffungskategorie: AV-Technik\nreference: invoice\numzug: zgeln\nankunftszustand: intakt\n','2015-06-21 11:36:48','2015-06-21 11:36:48'),(115,'fdx1vdfkp8drv6bi0l0645','ad:6b:7b:a7:42:ab-b3:f3:7e:d3:4a:8e-ec:ba:b7:59:b8:c6',122,45,115,1,113,NULL,'2010-07-10','2015-06-21',NULL,NULL,'637.00',0,0,1,0,1,1,NULL,NULL,NULL,NULL,NULL,'--- !ruby/hash:ActiveSupport::HashWithIndifferentAccess\nanschaffungskategorie: AV-Technik\nreference: invoice\numzug: zgeln\nankunftszustand: intakt\n','2015-06-21 11:36:48','2015-06-21 11:36:48'),(116,'xo7usmh2srdluba8soko46','0a:e4:7a:4d:e3:e2-8a:77:49:0f:2c:57-53:e2:9b:2c:4b:cb',123,45,116,1,113,NULL,'2012-03-07','2015-06-21',NULL,NULL,'950.00',0,0,1,0,1,1,NULL,NULL,NULL,NULL,NULL,'--- !ruby/hash:ActiveSupport::HashWithIndifferentAccess\nanschaffungskategorie: AV-Technik\nreference: invoice\numzug: zgeln\nankunftszustand: intakt\n','2015-06-21 11:36:48','2015-06-21 11:36:48'),(117,'f5gm5ls1ha09hgoscuda47','c9:18:ac:6e:53:85-aa:f3:4d:7a:8f:be-e3:36:1b:3d:4e:19',119,49,117,1,NULL,NULL,'2012-09-21','2015-06-21',NULL,NULL,'1071.00',0,0,1,0,1,1,NULL,NULL,NULL,NULL,NULL,'--- !ruby/hash:ActiveSupport::HashWithIndifferentAccess\nanschaffungskategorie: AV-Technik\nreference: invoice\numzug: zgeln\nankunftszustand: intakt\n','2015-06-21 11:36:48','2015-06-21 11:36:48'),(118,'on0n7bfyan3210p1dlyf48','85:8e:ac:b8:aa:d2-ac:81:6e:97:c7:58-7b:a7:97:d5:0c:02',125,49,118,1,117,NULL,'2010-02-22','2015-06-21',NULL,NULL,'672.00',0,0,1,0,1,1,NULL,NULL,NULL,NULL,NULL,'--- !ruby/hash:ActiveSupport::HashWithIndifferentAccess\nanschaffungskategorie: AV-Technik\nreference: invoice\numzug: zgeln\nankunftszustand: intakt\n','2015-06-21 11:36:48','2015-06-21 11:36:48'),(119,'y1keq1bxb3fugozy0btn49','7d:72:bb:03:fe:9a-e8:b1:29:98:55:26-73:9a:d9:b4:6a:bc',126,49,119,1,117,NULL,'2014-01-29','2015-06-21',NULL,NULL,'205.00',0,0,1,0,1,1,NULL,NULL,NULL,NULL,NULL,'--- !ruby/hash:ActiveSupport::HashWithIndifferentAccess\nanschaffungskategorie: AV-Technik\nreference: invoice\numzug: zgeln\nankunftszustand: intakt\n','2015-06-21 11:36:48','2015-06-21 11:36:48'),(120,'qyv9wmv2con7f2svvdun50','5a:a6:78:23:a6:b3-86:42:33:aa:c9:82-1f:d2:47:1b:9e:32',127,49,120,1,117,NULL,'2013-05-06','2015-06-21',NULL,NULL,'1479.00',0,0,1,0,1,1,NULL,NULL,NULL,NULL,NULL,'--- !ruby/hash:ActiveSupport::HashWithIndifferentAccess\nanschaffungskategorie: AV-Technik\nreference: invoice\numzug: zgeln\nankunftszustand: intakt\n','2015-06-21 11:36:48','2015-06-21 11:36:48'),(121,'lyqkyyq2iuz9ujnlyon351','3a:8a:6a:db:61:8f-78:dd:7d:bc:3e:81-d3:c0:71:6b:28:ee',119,53,121,1,NULL,NULL,'2012-08-22','2015-06-21',NULL,NULL,'1049.00',0,0,1,0,1,1,NULL,NULL,NULL,NULL,NULL,'--- !ruby/hash:ActiveSupport::HashWithIndifferentAccess\nanschaffungskategorie: AV-Technik\nreference: invoice\numzug: zgeln\nankunftszustand: intakt\n','2015-06-21 11:36:48','2015-06-21 11:36:48'),(122,'7ewou3mxbgv1i245gsm352','2f:8b:e7:97:95:02-23:36:bb:a6:8b:f7-1d:3e:bb:7d:c9:ca',129,53,122,1,121,NULL,'2011-11-06','2015-06-21',NULL,NULL,'684.00',0,0,1,0,1,1,NULL,NULL,NULL,NULL,NULL,'--- !ruby/hash:ActiveSupport::HashWithIndifferentAccess\nanschaffungskategorie: AV-Technik\nreference: invoice\numzug: zgeln\nankunftszustand: intakt\n','2015-06-21 11:36:48','2015-06-21 11:36:48'),(123,'t8hylt6wx3hvkyleilkb53','2e:75:33:af:f4:5e-70:62:01:42:f6:f9-26:f9:59:5a:b2:cc',130,53,123,1,121,NULL,'2012-01-07','2015-06-21',NULL,NULL,'61.00',0,0,1,0,1,1,NULL,NULL,NULL,NULL,NULL,'--- !ruby/hash:ActiveSupport::HashWithIndifferentAccess\nanschaffungskategorie: AV-Technik\nreference: invoice\numzug: zgeln\nankunftszustand: intakt\n','2015-06-21 11:36:48','2015-06-21 11:36:48'),(124,'g3bopcx8h8hdz6m4dg0r54','89:87:de:02:f7:78-b3:2a:44:74:ed:1a-ee:d9:96:16:f6:8f',131,53,124,1,121,NULL,'2014-06-07','2015-06-21',NULL,NULL,'1325.00',0,0,1,0,1,1,NULL,NULL,NULL,NULL,NULL,'--- !ruby/hash:ActiveSupport::HashWithIndifferentAccess\nanschaffungskategorie: AV-Technik\nreference: invoice\numzug: zgeln\nankunftszustand: intakt\n','2015-06-21 11:36:48','2015-06-21 11:36:48'),(125,'pxk9cj4jeemgtq0y666r55','d0:98:c3:d7:17:3f-24:b2:62:67:c9:31-1e:ad:b7:11:58:a1',132,57,125,1,NULL,NULL,'2012-11-29','2015-06-21',NULL,NULL,'1211.00',0,0,1,0,1,1,NULL,NULL,NULL,NULL,NULL,'--- !ruby/hash:ActiveSupport::HashWithIndifferentAccess\nanschaffungskategorie: AV-Technik\nreference: invoice\numzug: zgeln\nankunftszustand: intakt\n','2015-06-21 11:36:48','2015-06-21 11:36:48'),(126,'pr2kfrtibk1fer3dppnh56','ca:bf:18:27:89:69-71:7a:60:49:5d:fa-2c:2f:25:ad:8c:b8',134,57,126,1,125,NULL,'2013-11-25','2015-06-21',NULL,NULL,'456.00',0,0,1,0,1,1,NULL,NULL,NULL,NULL,NULL,'--- !ruby/hash:ActiveSupport::HashWithIndifferentAccess\nanschaffungskategorie: AV-Technik\nreference: invoice\numzug: zgeln\nankunftszustand: intakt\n','2015-06-21 11:36:48','2015-06-21 11:36:48'),(127,'bz3jshykn5zha24dkynz57','0a:a3:6f:8d:9d:fb-85:a9:20:95:8c:b9-49:fe:61:49:f1:e3',135,57,127,1,125,NULL,'2012-11-28','2015-06-21',NULL,NULL,'746.00',0,0,1,0,1,1,NULL,NULL,NULL,NULL,NULL,'--- !ruby/hash:ActiveSupport::HashWithIndifferentAccess\nanschaffungskategorie: AV-Technik\nreference: invoice\numzug: zgeln\nankunftszustand: intakt\n','2015-06-21 11:36:48','2015-06-21 11:36:48'),(128,'f9m31j8s9q9wow4dcigy58','2f:19:fb:c7:c2:c7-01:75:ff:0b:d6:69-b8:49:96:db:e5:a0',136,57,128,1,125,NULL,'2011-09-15','2015-06-21',NULL,NULL,'635.00',0,0,1,0,1,1,NULL,NULL,NULL,NULL,NULL,'--- !ruby/hash:ActiveSupport::HashWithIndifferentAccess\nanschaffungskategorie: AV-Technik\nreference: invoice\numzug: zgeln\nankunftszustand: intakt\n','2015-06-21 11:36:48','2015-06-21 11:36:48'),(129,'eaq24hoe3rrtqzuimoa659','3a:c1:c3:27:ef:01-c6:4d:81:99:26:00-9d:50:58:73:e7:e3',132,61,129,1,NULL,NULL,'2012-09-11','2015-06-21',NULL,NULL,'385.00',0,0,1,0,1,1,NULL,NULL,NULL,NULL,NULL,'--- !ruby/hash:ActiveSupport::HashWithIndifferentAccess\nanschaffungskategorie: AV-Technik\nreference: invoice\numzug: zgeln\nankunftszustand: intakt\n','2015-06-21 11:36:48','2015-06-21 11:36:48'),(130,'v4noiigm8e1fxyownbmm60','76:2e:4d:29:ee:e6-f1:23:6c:39:11:76-e7:76:63:1e:70:02',138,61,130,1,129,NULL,'2010-02-02','2015-06-21',NULL,NULL,'889.00',0,0,1,0,1,1,NULL,NULL,NULL,NULL,NULL,'--- !ruby/hash:ActiveSupport::HashWithIndifferentAccess\nanschaffungskategorie: AV-Technik\nreference: invoice\numzug: zgeln\nankunftszustand: intakt\n','2015-06-21 11:36:48','2015-06-21 11:36:48'),(131,'bd3kqmyceffr671da36z61','f3:4f:29:4d:a9:1e-d8:85:8e:0c:80:0f-50:71:a9:ea:ce:95',139,61,131,1,129,NULL,'2014-03-27','2015-06-21',NULL,NULL,'183.00',0,0,1,0,1,1,NULL,NULL,NULL,NULL,NULL,'--- !ruby/hash:ActiveSupport::HashWithIndifferentAccess\nanschaffungskategorie: AV-Technik\nreference: invoice\numzug: zgeln\nankunftszustand: intakt\n','2015-06-21 11:36:48','2015-06-21 11:36:48'),(132,'0cwnvf7s31to9npyqlue62','e4:c2:64:8d:4a:52-b0:38:37:52:e6:b7-06:31:a9:b5:ad:81',140,61,132,1,129,NULL,'2011-09-08','2015-06-21',NULL,NULL,'161.00',0,0,1,0,1,1,NULL,NULL,NULL,NULL,NULL,'--- !ruby/hash:ActiveSupport::HashWithIndifferentAccess\nanschaffungskategorie: AV-Technik\nreference: invoice\numzug: zgeln\nankunftszustand: intakt\n','2015-06-21 11:36:48','2015-06-21 11:36:48'),(133,'vyqq4dzwtm0uzaj4pq4t63','7b:f0:6a:22:7e:cd-c9:48:b9:c3:35:64-ac:cd:5d:ab:e6:83',132,65,133,1,NULL,NULL,'2014-10-14','2015-06-21',NULL,NULL,'382.00',0,0,1,0,1,1,NULL,NULL,NULL,NULL,NULL,'--- !ruby/hash:ActiveSupport::HashWithIndifferentAccess\nanschaffungskategorie: AV-Technik\nreference: invoice\numzug: zgeln\nankunftszustand: intakt\n','2015-06-21 11:36:48','2015-06-21 11:36:48'),(134,'q0y50ivtmnwazfiykw9s64','a5:1a:77:85:af:2c-2e:ac:07:a8:0b:3b-11:29:7e:1d:28:8d',142,65,134,1,133,NULL,'2010-05-02','2015-06-21',NULL,NULL,'1388.00',0,0,1,0,1,1,NULL,NULL,NULL,NULL,NULL,'--- !ruby/hash:ActiveSupport::HashWithIndifferentAccess\nanschaffungskategorie: AV-Technik\nreference: invoice\numzug: zgeln\nankunftszustand: intakt\n','2015-06-21 11:36:48','2015-06-21 11:36:48'),(135,'fsuiur009slcb0vy1mmj65','fc:4a:50:b4:08:7d-5b:c8:bb:5f:0b:ed-77:c5:6e:a3:40:05',143,65,135,1,133,NULL,'2011-05-28','2015-06-21',NULL,NULL,'1392.00',0,0,1,0,1,1,NULL,NULL,NULL,NULL,NULL,'--- !ruby/hash:ActiveSupport::HashWithIndifferentAccess\nanschaffungskategorie: AV-Technik\nreference: invoice\numzug: zgeln\nankunftszustand: intakt\n','2015-06-21 11:36:48','2015-06-21 11:36:48'),(136,'sp43bgpr7h8gm8vsxzbc66','4e:3b:70:1d:ec:5f-f2:48:60:f0:92:5b-35:c6:96:6e:01:48',144,65,136,1,133,NULL,'2010-08-15','2015-06-21',NULL,NULL,'355.00',0,0,1,0,1,1,NULL,NULL,NULL,NULL,NULL,'--- !ruby/hash:ActiveSupport::HashWithIndifferentAccess\nanschaffungskategorie: AV-Technik\nreference: invoice\numzug: zgeln\nankunftszustand: intakt\n','2015-06-21 11:36:48','2015-06-21 11:36:48'),(137,'wlb0as185mc8ihje9a7e67','53:27:60:04:43:fd-c5:a4:fd:5e:d4:f2-8d:d7:fb:b9:eb:dc',119,69,137,2,NULL,NULL,'2014-08-26','2015-06-21',NULL,NULL,'76.00',0,0,1,0,2,1,NULL,NULL,NULL,NULL,NULL,'--- !ruby/hash:ActiveSupport::HashWithIndifferentAccess\nanschaffungskategorie: AV-Technik\nreference: invoice\numzug: zgeln\nankunftszustand: intakt\n','2015-06-21 11:36:48','2015-06-21 11:36:48'),(138,'y8ak3dck7njrs6794gij68','07:64:93:b9:5f:73-8f:c1:c2:40:35:42-75:65:80:f8:d4:7e',146,69,138,2,137,NULL,'2014-02-05','2015-06-21',NULL,NULL,'813.00',0,0,1,0,2,1,NULL,NULL,NULL,NULL,NULL,'--- !ruby/hash:ActiveSupport::HashWithIndifferentAccess\nanschaffungskategorie: AV-Technik\nreference: invoice\numzug: zgeln\nankunftszustand: intakt\n','2015-06-21 11:36:48','2015-06-21 11:36:48'),(139,'6a3zqzqsv9zk1wkvcwxg69','70:52:98:39:82:b8-4e:24:64:2f:d3:f7-da:13:d4:3d:55:ec',147,69,139,2,137,NULL,'2010-12-16','2015-06-21',NULL,NULL,'1077.00',0,0,1,0,2,1,NULL,NULL,NULL,NULL,NULL,'--- !ruby/hash:ActiveSupport::HashWithIndifferentAccess\nanschaffungskategorie: AV-Technik\nreference: invoice\numzug: zgeln\nankunftszustand: intakt\n','2015-06-21 11:36:48','2015-06-21 11:36:48'),(140,'lp60wtp6xqi1tmel426v70','d4:2b:8a:fd:41:e1-23:30:5a:17:af:26-9d:fe:e4:0c:3c:11',148,69,140,2,137,NULL,'2013-12-20','2015-06-21',NULL,NULL,'688.00',0,0,1,0,2,1,NULL,NULL,NULL,NULL,NULL,'--- !ruby/hash:ActiveSupport::HashWithIndifferentAccess\nanschaffungskategorie: AV-Technik\nreference: invoice\numzug: zgeln\nankunftszustand: intakt\n','2015-06-21 11:36:48','2015-06-21 11:36:48'),(141,'cand5','cand5',84,44,141,1,NULL,NULL,'2010-10-27','2015-06-21',NULL,NULL,'1464.00',0,0,0,0,1,1,NULL,NULL,NULL,NULL,NULL,'--- !ruby/hash:ActiveSupport::HashWithIndifferentAccess\nanschaffungskategorie: AV-Technik\nreference: invoice\numzug: zgeln\nankunftszustand: intakt\n','2015-06-21 11:36:48','2015-06-21 11:36:48'),(142,'beam21231','beamas12312',58,44,142,1,NULL,NULL,'2012-11-14','2015-06-21',NULL,NULL,'250.00',0,0,0,0,1,1,NULL,NULL,NULL,NULL,NULL,'--- !ruby/hash:ActiveSupport::HashWithIndifferentAccess\nanschaffungskategorie: AV-Technik\nreference: invoice\numzug: zgeln\nankunftszustand: intakt\n','2015-06-21 11:36:48','2015-06-21 11:36:48'),(143,'hifi345','hifi345',115,44,143,1,NULL,NULL,'2012-10-07','2015-06-21',NULL,NULL,'1319.00',0,0,0,0,1,1,NULL,NULL,NULL,NULL,NULL,'--- !ruby/hash:ActiveSupport::HashWithIndifferentAccess\nanschaffungskategorie: AV-Technik\nreference: invoice\numzug: zgeln\nankunftszustand: intakt\n','2015-06-21 11:36:48','2015-06-21 11:36:48'),(144,'iMac1','iMac5',150,44,144,1,NULL,NULL,'2013-07-27','2015-06-21','2015-06-21','This Item is gone','884.00',0,0,1,0,1,1,NULL,NULL,NULL,NULL,NULL,'--- !ruby/hash:ActiveSupport::HashWithIndifferentAccess\nanschaffungskategorie: AV-Technik\nreference: invoice\numzug: zgeln\nankunftszustand: intakt\n','2015-06-21 11:36:48','2015-06-21 11:36:48'),(145,'iMac2','iMac6',150,44,145,3,NULL,NULL,'2011-10-11','2015-06-21','2015-06-21','This Item is gone','795.00',0,0,1,0,1,1,NULL,NULL,NULL,NULL,NULL,'--- !ruby/hash:ActiveSupport::HashWithIndifferentAccess\nanschaffungskategorie: AV-Technik\nreference: invoice\numzug: zgeln\nankunftszustand: intakt\n','2015-06-21 11:36:48','2015-06-21 11:36:48'),(146,'s0zttn','jabbob',117,44,146,1,NULL,NULL,'2013-12-09','2015-06-21','2015-06-21','This Item is gone','1440.00',0,0,1,0,1,1,NULL,NULL,NULL,NULL,NULL,'--- !ruby/hash:ActiveSupport::HashWithIndifferentAccess\nanschaffungskategorie: AV-Technik\nreference: invoice\numzug: zgeln\nankunftszustand: intakt\n','2015-06-21 11:36:48','2015-06-21 11:36:48'),(147,'xr0h05','jdi6sq',117,44,147,1,NULL,NULL,'2014-06-11','2015-06-21',NULL,NULL,'611.00',0,0,1,0,1,1,NULL,NULL,NULL,NULL,NULL,'--- !ruby/hash:ActiveSupport::HashWithIndifferentAccess\nanschaffungskategorie: AV-Technik\nreference: invoice\numzug: zgeln\nankunftszustand: intakt\n','2015-06-21 11:36:48','2015-06-21 11:36:48'),(148,'wlaptop1','wlaptop1',151,44,148,1,NULL,NULL,'2014-02-12','2015-06-21',NULL,NULL,'106.00',1,0,1,0,1,1,NULL,NULL,NULL,NULL,NULL,'--- !ruby/hash:ActiveSupport::HashWithIndifferentAccess\nanschaffungskategorie: AV-Technik\nreference: invoice\numzug: zgeln\nankunftszustand: intakt\n','2015-06-21 11:36:48','2015-06-21 11:36:48'),(149,'v120d02','v120d02',152,44,149,1,NULL,NULL,'2013-03-03','2015-06-21',NULL,NULL,'73.00',0,1,1,0,1,1,NULL,NULL,NULL,NULL,NULL,'--- !ruby/hash:ActiveSupport::HashWithIndifferentAccess\nanschaffungskategorie: AV-Technik\nreference: invoice\numzug: zgeln\nankunftszustand: intakt\n','2015-06-21 11:36:48','2015-06-21 11:36:48'),(150,'sgotblb2o3uk2wm27xuj71','4c:e5:e3:03:62:85-b9:24:f0:f6:57:df-7c:51:c7:7c:fd:2c',152,73,150,1,NULL,NULL,'2012-11-05','2015-06-21','2015-06-21','Cupiditate animi et esse eos beatae impedit pariatur.','1285.00',1,1,0,0,1,1,NULL,NULL,NULL,NULL,NULL,'--- !ruby/hash:ActiveSupport::HashWithIndifferentAccess\nanschaffungskategorie: AV-Technik\nreference: invoice\numzug: zgeln\nankunftszustand: intakt\n','2015-06-21 11:36:48','2015-06-21 11:36:48'),(151,'v120d022g','v120d022g',153,44,151,1,NULL,NULL,'2010-09-01','2015-06-21',NULL,NULL,'724.00',0,0,1,0,1,1,NULL,NULL,NULL,NULL,NULL,'--- !ruby/hash:ActiveSupport::HashWithIndifferentAccess\nanschaffungskategorie: AV-Technik\nreference: invoice\numzug: zgeln\nankunftszustand: intakt\n','2015-06-21 11:36:48','2015-06-21 11:36:48'),(152,'v120d022g2','v120d022g2',153,44,152,1,NULL,NULL,'2014-10-01','2015-06-21',NULL,NULL,'1203.00',0,0,1,0,1,1,NULL,NULL,NULL,NULL,NULL,'--- !ruby/hash:ActiveSupport::HashWithIndifferentAccess\nanschaffungskategorie: AV-Technik\nreference: invoice\numzug: zgeln\nankunftszustand: intakt\n','2015-06-21 11:36:48','2015-06-21 11:36:48'),(153,'beam897','xyz890',58,44,153,1,NULL,NULL,'2010-05-12','2015-06-21',NULL,NULL,'900.00',0,0,1,0,2,1,NULL,NULL,NULL,NULL,NULL,'--- !ruby/hash:ActiveSupport::HashWithIndifferentAccess\nanschaffungskategorie: AV-Technik\nreference: invoice\numzug: zgeln\nankunftszustand: intakt\n','2015-06-21 11:36:48','2015-06-21 11:36:48'),(154,'minibeam12','xyz890',60,44,154,1,NULL,NULL,'2012-08-26','2015-06-21',NULL,NULL,'264.00',0,0,1,0,2,1,NULL,NULL,NULL,NULL,NULL,'--- !ruby/hash:ActiveSupport::HashWithIndifferentAccess\nanschaffungskategorie: AV-Technik\nreference: invoice\numzug: zgeln\nankunftszustand: intakt\n','2015-06-21 11:36:48','2015-06-21 11:36:48'),(155,'minibeam34','xyz890',60,44,155,1,NULL,NULL,'2012-07-10','2015-06-21',NULL,NULL,'616.00',0,0,1,0,3,1,NULL,NULL,NULL,NULL,NULL,'--- !ruby/hash:ActiveSupport::HashWithIndifferentAccess\nanschaffungskategorie: AV-Technik\nreference: invoice\numzug: zgeln\nankunftszustand: intakt\n','2015-06-21 11:36:48','2015-06-21 11:36:48'),(156,'e396cn48b507dbdbeh4b72','73:f0:05:04:43:36-69:1f:74:fa:5d:89-a6:c9:f5:7e:d6:d0',155,NULL,NULL,1,NULL,NULL,NULL,NULL,NULL,NULL,NULL,0,0,1,0,1,0,NULL,NULL,NULL,NULL,NULL,'--- !ruby/hash:ActiveSupport::HashWithIndifferentAccess\nlicense_type: single_workplace\nactivation_type: serial_number\noperating_system:\n- windows\n- linux\ninstallation:\n- citrix\n- web\nprocured_by: Henderson Schimmel\nreference: invoice\nmaintenance_contract: \'false\'\n','2015-06-21 11:36:48','2015-06-21 11:36:48'),(157,'4ft0o4hpncgktd0pbot273','7f:bf:d6:7b:52:97-a2:c1:fe:8e:c9:da-d3:99:d6:02:11:ab',156,NULL,NULL,1,NULL,NULL,NULL,NULL,NULL,NULL,NULL,0,0,1,0,1,0,NULL,NULL,NULL,NULL,NULL,'--- !ruby/hash:ActiveSupport::HashWithIndifferentAccess\nlicense_type: single_workplace\nactivation_type: serial_number\noperating_system:\n- windows\n- linux\ninstallation:\n- citrix\n- web\nprocured_by: Mike H.\nreference: invoice\nmaintenance_contract: \'false\'\n','2015-06-21 11:36:48','2015-06-21 11:36:48'),(158,'ydyms4yfpcrwe7kwdt3f74','a3:38:3d:f4:6c:9b-cd:54:f9:65:74:17-64:74:de:9e:72:5b',157,NULL,NULL,1,NULL,NULL,NULL,NULL,NULL,NULL,NULL,0,0,1,0,1,0,NULL,NULL,NULL,NULL,NULL,'--- !ruby/hash:ActiveSupport::HashWithIndifferentAccess\nlicense_type: single_workplace\nactivation_type: serial_number\noperating_system:\n- windows\n- linux\ninstallation:\n- citrix\n- web\nprocured_by: Melvin Rogahn\nreference: invoice\nmaintenance_contract: \'false\'\n','2015-06-21 11:36:48','2015-06-21 11:36:48'),(159,'x8us2hxnvt9kidk3xek475','8f:e1:59:67:c5:54-0b:72:7d:0a:0c:06-96:5e:f5:a7:e8:bd',158,NULL,NULL,1,NULL,NULL,NULL,NULL,NULL,NULL,NULL,0,0,0,0,1,0,NULL,NULL,NULL,NULL,NULL,'--- !ruby/hash:ActiveSupport::HashWithIndifferentAccess\nlicense_type: single_workplace\nactivation_type: serial_number\noperating_system:\n- windows\n- linux\ninstallation:\n- citrix\n- web\nreference: invoice\nmaintenance_contract: \'false\'\n','2015-06-21 11:36:48','2015-06-21 11:36:48'),(160,'77uorb73a08m36vmfeul76','65:ac:3d:ee:d4:71-dd:2b:57:44:0d:96-31:b7:fe:98:13:31',159,NULL,NULL,1,NULL,NULL,NULL,NULL,NULL,NULL,NULL,0,0,1,0,1,0,NULL,NULL,NULL,NULL,NULL,'--- !ruby/hash:ActiveSupport::HashWithIndifferentAccess\nlicense_type: single_workplace\nactivation_type: serial_number\noperating_system:\n- windows\n- linux\ninstallation:\n- citrix\n- web\nprocured_by: Henderson Schimmel\nreference: invoice\nmaintenance_contract: \'false\'\n','2015-06-21 11:36:48','2015-06-21 11:36:48'),(161,'34nx0wikyp65k4w2hzso77','87:95:18:5e:8b:9b-7f:86:96:2b:4a:8a-0b:5e:7e:b7:0f:32',160,NULL,NULL,1,NULL,NULL,NULL,NULL,NULL,NULL,NULL,0,0,1,0,1,0,NULL,NULL,NULL,NULL,NULL,'--- !ruby/hash:ActiveSupport::HashWithIndifferentAccess\nlicense_type: single_workplace\nactivation_type: serial_number\noperating_system:\n- windows\n- linux\ninstallation:\n- citrix\n- web\nprocured_by: Allene Feest\nreference: invoice\nmaintenance_contract: \'false\'\n','2015-06-21 11:36:48','2015-06-21 11:36:48'),(162,'udzd9z3qklv8z5g0ne8z78','22:9b:06:98:04:07-45:b6:60:12:40:f3-db:5b:2d:47:57:5f',161,NULL,NULL,1,NULL,NULL,NULL,NULL,NULL,NULL,NULL,0,0,0,0,2,0,NULL,NULL,NULL,NULL,NULL,'--- !ruby/hash:ActiveSupport::HashWithIndifferentAccess\nlicense_type: single_workplace\nactivation_type: serial_number\noperating_system:\n- windows\n- linux\ninstallation:\n- citrix\n- web\nprocured_by: Delbert Jacobson\nreference: invoice\nmaintenance_contract: \'false\'\n','2015-06-21 11:36:48','2015-06-21 11:36:48'),(163,'5i1rdmem4nojd5al7jls79','1a:75:c6:1d:99:3e-aa:a0:81:da:c2:dd-ae:16:a6:96:83:1c',162,NULL,NULL,1,NULL,NULL,NULL,NULL,'2015-06-21','Qui animi eos unde fuga est.',NULL,0,0,0,0,1,0,NULL,NULL,NULL,NULL,NULL,'--- !ruby/hash:ActiveSupport::HashWithIndifferentAccess\nlicense_type: single_workplace\nactivation_type: serial_number\noperating_system:\n- windows\n- linux\ninstallation:\n- citrix\n- web\nprocured_by: Allene Feest\nreference: invoice\nmaintenance_contract: \'false\'\n','2015-06-21 11:36:48','2015-06-21 11:36:48'),(164,'ghwvfbqnkld5czvb51oe80','e3:64:0b:1c:16:03-3d:80:be:83:e7:27-aa:2e:7e:84:81:30',163,NULL,NULL,2,NULL,NULL,NULL,NULL,'2015-06-21','Voluptas repellat temporibus sapiente repellendus nesciunt dicta qui.',NULL,0,0,1,0,1,0,NULL,NULL,NULL,NULL,NULL,'--- !ruby/hash:ActiveSupport::HashWithIndifferentAccess\nlicense_type: single_workplace\nactivation_type: serial_number\noperating_system:\n- windows\n- linux\ninstallation:\n- citrix\n- web\nreference: invoice\nmaintenance_contract: \'false\'\n','2015-06-21 11:36:48','2015-06-21 11:36:48'),(165,'z6aae9x6bvauw4j9ax4381','62:15:c3:02:b1:67-61:3c:54:6d:ec:7d-33:1c:82:ee:ad:4d',164,NULL,NULL,2,NULL,NULL,NULL,NULL,NULL,NULL,NULL,0,0,1,0,2,0,NULL,NULL,NULL,NULL,NULL,'--- !ruby/hash:ActiveSupport::HashWithIndifferentAccess\nlicense_type: single_workplace\nactivation_type: serial_number\noperating_system:\n- windows\n- linux\ninstallation:\n- citrix\n- web\nprocured_by: Jana Friesen\nreference: invoice\nmaintenance_contract: \'false\'\n','2015-06-21 11:36:48','2015-06-21 11:36:48'),(166,'jkg00vwn2brzaauer7vh82','ca:54:d3:fe:20:d8-c9:d3:00:8e:40:17-10:a7:6e:15:36:77',165,NULL,NULL,1,NULL,NULL,'2015-06-21',NULL,NULL,NULL,NULL,0,0,0,0,1,0,NULL,NULL,NULL,NULL,NULL,'--- !ruby/hash:ActiveSupport::HashWithIndifferentAccess\nlicense_expiration: \'2015-06-21\'\nmaintenance_contract: \'true\'\nmaintenance_expiration: \'2015-06-21\'\nreference: invoice\nactivation_type: none\nlicense_type: free\n','2015-06-21 11:36:48','2015-06-21 11:36:48'),(167,'q2xjd5ilbicmf7gb174383','b5:f0:ea:4c:6f:85-e5:36:bd:e6:35:49-dd:94:82:c4:26:ca',166,NULL,NULL,1,NULL,NULL,NULL,NULL,NULL,NULL,NULL,0,0,0,0,1,0,NULL,NULL,NULL,NULL,NULL,'--- !ruby/hash:ActiveSupport::HashWithIndifferentAccess\nquantity_allocations:\n- !ruby/hash:ActiveSupport::HashWithIndifferentAccess\n  room: ab\n  quantity: 5\n- !ruby/hash:ActiveSupport::HashWithIndifferentAccess\n  room: aut\n  quantity: 27\nreference: invoice\nactivation_type: none\nlicense_type: free\nmaintenance_contract: \'false\'\n','2015-06-21 11:36:48','2015-06-21 11:36:48'),(168,'d0h57qb3u6wm38dpqjmt84','e1:e5:7c:95:cb:c2-f8:c9:54:0b:c3:aa-ff:60:c6:8e:e0:22',168,NULL,NULL,1,NULL,NULL,NULL,NULL,NULL,NULL,NULL,0,0,0,0,1,0,NULL,NULL,NULL,NULL,NULL,'--- !ruby/hash:ActiveSupport::HashWithIndifferentAccess\noperating_system:\n- windows\nlicense_type: multiple_workplace\ntotal_quantity: 162\nquantity_allocations:\n- !ruby/hash:ActiveSupport::HashWithIndifferentAccess\n  room: in\n  quantity: 45\n- !ruby/hash:ActiveSupport::HashWithIndifferentAccess\n  room: minima\n  quantity: 29\nreference: invoice\nactivation_type: none\nmaintenance_contract: \'false\'\n','2015-06-21 11:36:48','2015-06-21 11:36:48'),(169,'580ndn7quyxkkoo9j6je85','90:1f:81:11:a6:45-ee:33:3f:4c:e1:76-66:6f:11:e7:4e:fa',170,74,156,10,NULL,NULL,'2013-02-12','2015-06-20',NULL,NULL,'149.00',0,0,1,0,1,1,NULL,NULL,NULL,NULL,NULL,'--- !ruby/hash:ActiveSupport::HashWithIndifferentAccess\nanschaffungskategorie: AV-Technik\nreference: invoice\numzug: zgeln\nankunftszustand: intakt\n','2015-06-20 07:24:32','2015-06-20 07:24:32'),(170,'stqrssvkdn6x9nbnf7ak86','ac:bd:23:f7:06:91-18:dc:33:73:90:97-47:e8:90:ed:13:89',171,75,157,3,NULL,NULL,'2012-04-14','2015-06-20',NULL,NULL,'458.00',0,0,1,0,1,1,NULL,NULL,NULL,NULL,NULL,'--- !ruby/hash:ActiveSupport::HashWithIndifferentAccess\nanschaffungskategorie: AV-Technik\nreference: invoice\numzug: zgeln\nankunftszustand: intakt\n','2015-06-20 07:24:32','2015-06-20 07:24:32'),(171,'4jk991a4cnw43hubuy2n87','32:ca:af:2f:ed:20-13:fd:7d:3c:fc:c1-a8:f5:30:73:6b:8d',172,76,158,8,NULL,NULL,'2013-08-02','2015-06-20',NULL,NULL,'571.00',0,0,1,0,1,1,NULL,NULL,NULL,NULL,NULL,'--- !ruby/hash:ActiveSupport::HashWithIndifferentAccess\nanschaffungskategorie: AV-Technik\nreference: invoice\numzug: zgeln\nankunftszustand: intakt\n','2015-06-20 07:24:32','2015-06-20 07:24:32'),(172,'i0mg8rcnwjn5ias2hqnd88','91:3d:f4:5c:f2:30-f5:c6:4a:b4:17:44-25:2f:fe:47:93:8a',173,77,159,5,NULL,NULL,'2011-09-17','2015-06-20',NULL,NULL,'287.00',0,0,1,0,1,1,NULL,NULL,NULL,NULL,NULL,'--- !ruby/hash:ActiveSupport::HashWithIndifferentAccess\nanschaffungskategorie: AV-Technik\nreference: invoice\numzug: zgeln\nankunftszustand: intakt\n','2015-06-20 07:24:32','2015-06-20 07:24:32'),(173,'6k79j3i5z2rjuec6slv089','89:c6:a1:29:df:b7-ee:68:f0:a2:e3:7b-a4:9c:68:a7:90:4c',174,78,160,8,NULL,NULL,'2013-05-28','2015-06-20',NULL,NULL,'440.00',0,0,1,0,1,1,NULL,NULL,NULL,NULL,NULL,'--- !ruby/hash:ActiveSupport::HashWithIndifferentAccess\nanschaffungskategorie: AV-Technik\nreference: invoice\numzug: zgeln\nankunftszustand: intakt\n','2015-06-20 07:24:32','2015-06-20 07:24:32'),(174,'vdtzpfu6uoucj61fj10x90','c3:cf:36:29:89:9c-2b:9f:50:4a:b8:4f-f0:21:c7:fe:d3:20',175,79,161,7,NULL,NULL,'2013-04-27','2015-06-20',NULL,NULL,'1077.00',0,0,1,0,1,1,NULL,NULL,NULL,NULL,NULL,'--- !ruby/hash:ActiveSupport::HashWithIndifferentAccess\nanschaffungskategorie: AV-Technik\nreference: invoice\numzug: zgeln\nankunftszustand: intakt\n','2015-06-20 07:24:32','2015-06-20 07:24:32'),(175,'b1cze7rimqlfzc9fcue091','41:37:1a:2f:a7:86-a0:f3:31:ad:34:83-d3:f2:1f:b1:d7:1d',175,80,162,2,NULL,NULL,'2011-04-11','2015-06-20',NULL,NULL,'1294.00',0,0,1,0,1,1,NULL,NULL,NULL,NULL,NULL,'--- !ruby/hash:ActiveSupport::HashWithIndifferentAccess\nanschaffungskategorie: AV-Technik\nreference: invoice\numzug: zgeln\nankunftszustand: intakt\n','2015-06-20 07:24:32','2015-06-20 07:24:32'),(176,'8mvotk7bte4ac4ctc8h192','9b:ca:01:50:2b:73-c5:50:4c:21:2f:e1-e8:26:de:db:c7:19',175,81,163,3,NULL,NULL,'2011-05-01','2015-06-20',NULL,NULL,'1116.00',0,0,1,0,1,1,NULL,NULL,NULL,NULL,NULL,'--- !ruby/hash:ActiveSupport::HashWithIndifferentAccess\nanschaffungskategorie: AV-Technik\nreference: invoice\numzug: zgeln\nankunftszustand: intakt\n','2015-06-20 07:24:32','2015-06-20 07:24:32'),(177,'0z8vyuex0iios09s2bpd93','41:d5:2b:22:23:10-aa:22:19:25:17:de-16:ef:7a:6c:9f:a3',179,82,164,3,NULL,NULL,'2012-04-23','2015-06-20',NULL,NULL,'715.00',0,0,1,0,1,1,NULL,NULL,NULL,NULL,NULL,'--- !ruby/hash:ActiveSupport::HashWithIndifferentAccess\nanschaffungskategorie: AV-Technik\nreference: invoice\numzug: zgeln\nankunftszustand: intakt\n','2015-06-20 07:24:32','2015-06-20 07:24:32'),(178,'ngu2cgcfafec7f91m5bc94','d2:6e:fc:32:98:b0-2d:76:c7:fa:a5:5e-14:75:bf:24:e8:6e',180,83,165,5,NULL,NULL,'2012-03-15','2015-06-20',NULL,NULL,'1460.00',0,0,1,0,1,1,NULL,NULL,NULL,NULL,NULL,'--- !ruby/hash:ActiveSupport::HashWithIndifferentAccess\nanschaffungskategorie: AV-Technik\nreference: invoice\numzug: zgeln\nankunftszustand: intakt\n','2015-06-20 07:24:32','2015-06-20 07:24:32'),(179,'yz1apablpttmnawh1tvd95','bc:36:23:c9:ef:1e-5d:a8:36:bb:7c:0c-22:e5:0c:3b:94:a4',181,84,166,7,NULL,NULL,'2012-04-15','2015-06-20',NULL,NULL,'357.00',0,0,1,0,1,1,NULL,NULL,NULL,NULL,NULL,'--- !ruby/hash:ActiveSupport::HashWithIndifferentAccess\nanschaffungskategorie: AV-Technik\nreference: invoice\numzug: zgeln\nankunftszustand: intakt\n','2015-06-20 07:24:32','2015-06-20 07:24:32'),(180,'q0cu9o81yfwg4xcmybiv96','44:a4:46:5a:38:60-5a:6f:cb:79:f0:b6-38:1e:68:74:c3:c2',182,85,167,1,NULL,NULL,'2011-11-27','2015-06-20',NULL,NULL,'1438.00',0,0,1,0,1,1,NULL,NULL,NULL,NULL,NULL,'--- !ruby/hash:ActiveSupport::HashWithIndifferentAccess\nanschaffungskategorie: AV-Technik\nreference: invoice\numzug: zgeln\nankunftszustand: intakt\n','2015-06-20 07:24:33','2015-06-20 07:24:33'),(181,'8ptzh66s7t13mynoncvy97','c1:b4:13:52:07:4c-62:46:6b:00:89:4c-df:67:20:dc:f2:bf',183,86,168,7,NULL,NULL,'2010-09-16','2015-06-20',NULL,NULL,'646.00',0,0,1,0,1,1,NULL,NULL,NULL,NULL,NULL,'--- !ruby/hash:ActiveSupport::HashWithIndifferentAccess\nanschaffungskategorie: AV-Technik\nreference: invoice\numzug: zgeln\nankunftszustand: intakt\n','2015-06-20 07:24:33','2015-06-20 07:24:33'),(182,'c0qyqgm7gh0box1ffupi98','5b:f6:ef:14:ff:c3-15:b9:95:00:0d:e2-2e:de:df:e5:2c:de',183,87,169,9,NULL,NULL,'2011-05-02','2015-06-20',NULL,NULL,'1429.00',0,0,1,0,1,1,NULL,NULL,NULL,NULL,NULL,'--- !ruby/hash:ActiveSupport::HashWithIndifferentAccess\nanschaffungskategorie: AV-Technik\nreference: invoice\numzug: zgeln\nankunftszustand: intakt\n','2015-06-20 07:24:33','2015-06-20 07:24:33'),(183,'yu1hb1vuvltg5ow53khq99','74:71:b4:62:5f:e6-61:70:2b:6f:44:d1-ca:91:8e:97:cf:54',183,88,170,1,NULL,NULL,'2014-08-06','2015-06-20',NULL,NULL,'562.00',0,0,1,0,1,1,NULL,NULL,NULL,NULL,NULL,'--- !ruby/hash:ActiveSupport::HashWithIndifferentAccess\nanschaffungskategorie: AV-Technik\nreference: invoice\numzug: zgeln\nankunftszustand: intakt\n','2015-06-20 07:24:33','2015-06-20 07:24:33'),(184,'71oihu2x19j4xi8hyf1y100','7e:1e:bc:e6:8d:aa-fd:bd:ec:1e:6c:5f-4c:19:78:e7:75:19',187,89,171,6,NULL,NULL,'2013-02-12','2015-06-20',NULL,NULL,'190.00',0,0,1,0,1,1,NULL,NULL,NULL,NULL,NULL,'--- !ruby/hash:ActiveSupport::HashWithIndifferentAccess\nanschaffungskategorie: AV-Technik\nreference: invoice\numzug: zgeln\nankunftszustand: intakt\n','2015-06-20 07:24:33','2015-06-20 07:24:33'),(185,'b6gddtpkx3gu4hnl8zvy101','8f:8f:00:9a:c2:2d-86:40:31:89:47:64-fb:2a:89:e4:80:dc',188,90,172,7,NULL,NULL,'2012-02-02','2015-06-20',NULL,NULL,'405.00',0,0,1,0,1,1,NULL,NULL,NULL,NULL,NULL,'--- !ruby/hash:ActiveSupport::HashWithIndifferentAccess\nanschaffungskategorie: AV-Technik\nreference: invoice\numzug: zgeln\nankunftszustand: intakt\n','2015-06-20 07:24:33','2015-06-20 07:24:33'),(186,'9r0a5zd15ix2iuwax787102','9d:91:fb:84:b9:79-25:d7:00:f9:21:b1-07:25:43:f7:fa:99',189,91,173,10,NULL,NULL,'2011-04-26','2015-06-20',NULL,NULL,'66.00',0,0,1,0,1,1,NULL,NULL,NULL,NULL,NULL,'--- !ruby/hash:ActiveSupport::HashWithIndifferentAccess\nanschaffungskategorie: AV-Technik\nreference: invoice\numzug: zgeln\nankunftszustand: intakt\n','2015-06-20 07:24:33','2015-06-20 07:24:33'),(187,'fbqdgkbxo6t95kghn4j4103','4d:d4:f9:c6:a7:8e-ed:ec:6e:52:a4:db-5d:fb:39:c5:86:58',190,92,174,11,NULL,NULL,'2013-02-09','2015-06-20',NULL,NULL,'1469.00',0,0,1,0,1,1,NULL,NULL,NULL,NULL,NULL,'--- !ruby/hash:ActiveSupport::HashWithIndifferentAccess\nanschaffungskategorie: AV-Technik\nreference: invoice\numzug: zgeln\nankunftszustand: intakt\n','2015-06-20 07:24:33','2015-06-20 07:24:33'),(188,'eqwq3kbmsx1jcmu9uclf104','92:7c:72:b6:1e:34-7e:f2:46:e3:c1:d0-56:11:af:70:b7:98',191,93,175,9,NULL,NULL,'2014-01-29','2015-06-20',NULL,NULL,'195.00',0,0,1,0,1,1,NULL,NULL,NULL,NULL,NULL,'--- !ruby/hash:ActiveSupport::HashWithIndifferentAccess\nanschaffungskategorie: AV-Technik\nreference: invoice\numzug: zgeln\nankunftszustand: intakt\n','2015-06-20 07:24:33','2015-06-20 07:24:33'),(189,'6blxh4iv67ck5agoq97e105','31:b2:67:7c:af:dd-d4:1c:9b:06:e7:33-9c:c0:fb:36:82:e7',192,94,176,5,NULL,NULL,'2012-10-03','2015-06-20',NULL,NULL,'342.00',0,0,1,0,1,1,NULL,NULL,NULL,NULL,NULL,'--- !ruby/hash:ActiveSupport::HashWithIndifferentAccess\nanschaffungskategorie: AV-Technik\nreference: invoice\numzug: zgeln\nankunftszustand: intakt\n','2015-06-20 07:24:33','2015-06-20 07:24:33'),(190,'wd4zd8nkjj1qi8t3uysw106','1a:4a:05:bf:ae:cf-1c:bb:45:90:16:2e-bb:ad:f0:a4:80:12',192,95,177,7,NULL,NULL,'2013-05-22','2015-06-20',NULL,NULL,'1395.00',0,0,1,0,1,1,NULL,NULL,NULL,NULL,NULL,'--- !ruby/hash:ActiveSupport::HashWithIndifferentAccess\nanschaffungskategorie: AV-Technik\nreference: invoice\numzug: zgeln\nankunftszustand: intakt\n','2015-06-20 07:24:33','2015-06-20 07:24:33'),(191,'oas188gy4ov6ga43fuyl107','2e:87:14:2b:ae:5b-bc:8a:b0:26:c1:46-df:a3:d3:0d:fe:05',192,96,178,2,NULL,NULL,'2011-11-04','2015-06-20',NULL,NULL,'901.00',0,0,1,0,1,1,NULL,NULL,NULL,NULL,NULL,'--- !ruby/hash:ActiveSupport::HashWithIndifferentAccess\nanschaffungskategorie: AV-Technik\nreference: invoice\numzug: zgeln\nankunftszustand: intakt\n','2015-06-20 07:24:33','2015-06-20 07:24:33'),(192,'52bqz2893in7m75hi8cv108','e8:e8:01:1c:97:47-ec:c9:9c:8a:a9:d9-28:00:e0:f2:73:94',196,97,179,4,NULL,NULL,'2013-07-25','2015-06-15',NULL,NULL,'79.00',0,0,1,0,1,1,NULL,NULL,NULL,NULL,NULL,'--- !ruby/hash:ActiveSupport::HashWithIndifferentAccess\nanschaffungskategorie: AV-Technik\nreference: invoice\numzug: zgeln\nankunftszustand: intakt\n','2015-06-15 08:24:26','2015-06-15 08:24:26'),(193,'6ed1c27682q9oundyiu7109','55:ea:44:e7:73:2b-d8:15:4c:96:3f:96-d0:fb:68:cb:fe:ef',197,98,180,7,NULL,NULL,'2011-01-15','2015-06-15',NULL,NULL,'254.00',0,0,1,0,1,1,NULL,NULL,NULL,NULL,NULL,'--- !ruby/hash:ActiveSupport::HashWithIndifferentAccess\nanschaffungskategorie: AV-Technik\nreference: invoice\numzug: zgeln\nankunftszustand: intakt\n','2015-06-15 08:24:26','2015-06-15 08:24:26'),(194,'snouo31i7c9fui4r7plt110','76:13:3b:15:06:f1-3c:12:89:1a:94:2e-5c:4a:76:ba:25:7f',198,99,181,6,NULL,NULL,'2013-12-13','2015-06-15',NULL,NULL,'299.00',0,0,1,0,1,1,NULL,NULL,NULL,NULL,NULL,'--- !ruby/hash:ActiveSupport::HashWithIndifferentAccess\nanschaffungskategorie: AV-Technik\nreference: invoice\numzug: zgeln\nankunftszustand: intakt\n','2015-06-15 08:24:26','2015-06-15 08:24:26'),(195,'6t2arvcwc8hqsdblvawc111','3f:36:cf:cc:b4:f8-54:01:d8:de:9e:4c-c0:90:d2:4b:ca:94',199,100,182,9,NULL,NULL,'2012-01-26','2015-06-15',NULL,NULL,'1363.00',0,0,1,0,1,1,NULL,NULL,NULL,NULL,NULL,'--- !ruby/hash:ActiveSupport::HashWithIndifferentAccess\nanschaffungskategorie: AV-Technik\nreference: invoice\numzug: zgeln\nankunftszustand: intakt\n','2015-06-15 03:07:31','2015-06-15 03:07:31'),(196,'b5l6l0o0xz55gnl7ui52112','f7:e4:b3:a3:98:4f-01:2e:d7:82:bc:e9-90:98:e3:60:2d:c5',200,101,183,5,NULL,NULL,'2011-11-25','2015-06-15',NULL,NULL,'1444.00',0,0,1,0,1,1,NULL,NULL,NULL,NULL,NULL,'--- !ruby/hash:ActiveSupport::HashWithIndifferentAccess\nanschaffungskategorie: AV-Technik\nreference: invoice\numzug: zgeln\nankunftszustand: intakt\n','2015-06-15 03:07:31','2015-06-15 03:07:31'),(197,'3nb1462l749q7al0ph5a113','da:c2:12:17:9d:95-0c:00:90:22:f8:69-30:17:28:23:7a:40',201,102,184,11,NULL,NULL,'2012-05-29','2015-06-15',NULL,NULL,'1222.00',0,0,1,0,1,1,NULL,NULL,NULL,NULL,NULL,'--- !ruby/hash:ActiveSupport::HashWithIndifferentAccess\nanschaffungskategorie: AV-Technik\nreference: invoice\numzug: zgeln\nankunftszustand: intakt\n','2015-06-15 03:07:31','2015-06-15 03:07:31'),(198,'3l3pcdt7723p9muof3hk114','a9:33:25:af:bc:08-c9:c2:65:ae:af:f7-9e:e7:a6:3e:d2:60',202,103,185,4,NULL,NULL,'2010-04-21','2015-06-15',NULL,NULL,'1164.00',0,0,1,0,1,1,NULL,NULL,NULL,NULL,NULL,'--- !ruby/hash:ActiveSupport::HashWithIndifferentAccess\nanschaffungskategorie: AV-Technik\nreference: invoice\numzug: zgeln\nankunftszustand: intakt\n','2015-06-15 03:07:31','2015-06-15 03:07:31'),(199,'0yb8dlu2d9c2qairomji115','fb:0e:f7:10:f0:20-cc:60:f3:8f:f3:93-73:f8:b8:1e:1d:ee',203,104,186,9,NULL,NULL,'2010-04-28','2015-06-15',NULL,NULL,'1423.00',0,0,1,0,1,1,NULL,NULL,NULL,NULL,NULL,'--- !ruby/hash:ActiveSupport::HashWithIndifferentAccess\nanschaffungskategorie: AV-Technik\nreference: invoice\numzug: zgeln\nankunftszustand: intakt\n','2015-06-15 03:07:31','2015-06-15 03:07:31'),(200,'plvkd0y7ybxtuj11cfoi116','16:17:78:54:32:fc-91:f1:e0:32:3d:62-77:ab:b7:a0:5f:a4',204,105,187,3,NULL,NULL,'2012-03-26','2015-06-15',NULL,NULL,'191.00',0,0,1,0,1,1,NULL,NULL,NULL,NULL,NULL,'--- !ruby/hash:ActiveSupport::HashWithIndifferentAccess\nanschaffungskategorie: AV-Technik\nreference: invoice\numzug: zgeln\nankunftszustand: intakt\n','2015-06-15 03:07:31','2015-06-15 03:07:31'),(201,'ycp1o25lcy303d95kref117','44:a5:60:8d:c2:87-ec:48:3b:8e:50:f9-ae:62:25:1d:2c:e1',204,106,188,7,NULL,NULL,'2013-09-21','2015-06-15',NULL,NULL,'32.00',0,0,1,0,1,1,NULL,NULL,NULL,NULL,NULL,'--- !ruby/hash:ActiveSupport::HashWithIndifferentAccess\nanschaffungskategorie: AV-Technik\nreference: invoice\numzug: zgeln\nankunftszustand: intakt\n','2015-06-15 03:07:31','2015-06-15 03:07:31'),(202,'mmbtiogfb1ldpd2jkvtx118','ca:5d:c3:c0:13:d7-92:61:e4:13:41:9e-b6:84:6e:06:d6:a1',204,107,189,7,NULL,NULL,'2011-08-29','2015-06-15',NULL,NULL,'241.00',0,0,1,0,1,1,NULL,NULL,NULL,NULL,NULL,'--- !ruby/hash:ActiveSupport::HashWithIndifferentAccess\nanschaffungskategorie: AV-Technik\nreference: invoice\numzug: zgeln\nankunftszustand: intakt\n','2015-06-15 03:07:31','2015-06-15 03:07:31'),(203,'ngigvfhrc16cl6w30uwj119','88:7c:04:cc:15:13-b7:38:26:bd:b0:e6-26:64:c6:c6:82:09',208,108,190,1,NULL,NULL,'2012-07-25','2015-06-21',NULL,NULL,'750.00',0,0,1,0,1,1,NULL,NULL,NULL,NULL,NULL,'--- !ruby/hash:ActiveSupport::HashWithIndifferentAccess\nanschaffungskategorie: AV-Technik\nreference: invoice\numzug: zgeln\nankunftszustand: intakt\n','2015-06-21 11:36:48','2015-06-21 11:36:48'),(204,'uryu3r84zxw76jywqicp120','42:a1:ee:ad:9f:97-fa:88:a2:1e:a6:0b-81:c4:b5:66:30:01',209,109,191,9,NULL,NULL,'2013-01-30','2015-06-21',NULL,NULL,'395.00',0,0,1,0,1,1,NULL,NULL,NULL,NULL,NULL,'--- !ruby/hash:ActiveSupport::HashWithIndifferentAccess\nanschaffungskategorie: AV-Technik\nreference: invoice\numzug: zgeln\nankunftszustand: intakt\n','2015-06-21 11:36:48','2015-06-21 11:36:48'),(205,'ydmlh1vrp90fk4wifac9121','e7:3e:ba:d5:ac:f4-c7:b1:11:77:aa:db-91:c7:9a:7f:2e:b3',210,110,192,9,NULL,NULL,'2010-09-11','2015-06-21',NULL,NULL,'991.00',0,0,1,0,1,1,NULL,NULL,NULL,NULL,NULL,'--- !ruby/hash:ActiveSupport::HashWithIndifferentAccess\nanschaffungskategorie: AV-Technik\nreference: invoice\numzug: zgeln\nankunftszustand: intakt\n','2015-06-21 11:36:48','2015-06-21 11:36:48'),(206,'h4ue9g506vtbkhpeyx94122','62:93:4a:9f:c0:3d-ec:1a:62:8a:d7:19-e6:69:a0:e5:ff:79',211,111,193,8,NULL,NULL,'2014-12-11','2015-06-21',NULL,NULL,'226.00',0,0,1,0,1,1,NULL,NULL,NULL,NULL,NULL,'--- !ruby/hash:ActiveSupport::HashWithIndifferentAccess\nanschaffungskategorie: AV-Technik\nreference: invoice\numzug: zgeln\nankunftszustand: intakt\n','2015-06-21 11:36:48','2015-06-21 11:36:48'),(207,'s2dybwocbz1dtsydilo8123','68:09:5c:30:52:e6-f9:68:50:92:65:1d-95:53:16:1f:5a:32',211,112,194,3,NULL,NULL,'2012-09-14','2015-06-21',NULL,NULL,'1049.00',0,0,1,0,1,1,NULL,NULL,NULL,NULL,NULL,'--- !ruby/hash:ActiveSupport::HashWithIndifferentAccess\nanschaffungskategorie: AV-Technik\nreference: invoice\numzug: zgeln\nankunftszustand: intakt\n','2015-06-21 11:36:48','2015-06-21 11:36:48'),(208,'bl7vdtjgb4lg2mhp99n7124','32:21:2f:1b:b7:29-cf:65:bc:54:5a:c9-ef:9d:0e:d2:76:bf',211,113,195,4,NULL,NULL,'2012-07-23','2015-06-21',NULL,NULL,'464.00',0,0,1,0,1,1,NULL,NULL,NULL,NULL,NULL,'--- !ruby/hash:ActiveSupport::HashWithIndifferentAccess\nanschaffungskategorie: AV-Technik\nreference: invoice\numzug: zgeln\nankunftszustand: intakt\n','2015-06-21 11:36:48','2015-06-21 11:36:48'),(209,'z6625ft9aou7hhsjaiwu125','b3:d4:e6:d5:5c:cc-1e:89:9e:61:ce:7e-b5:34:44:84:d4:b9',215,114,196,11,NULL,NULL,'2014-10-21','2015-06-21',NULL,NULL,'664.00',0,0,1,0,1,1,NULL,NULL,NULL,NULL,NULL,'--- !ruby/hash:ActiveSupport::HashWithIndifferentAccess\nanschaffungskategorie: AV-Technik\nreference: invoice\numzug: zgeln\nankunftszustand: intakt\n','2015-06-21 11:36:48','2015-06-21 11:36:48'),(210,'vhs2ypq9k8vpiae5rmhv126','e1:f3:da:5f:6e:0e-c6:93:55:a1:2e:37-39:5e:4f:58:69:d1',216,115,197,9,NULL,NULL,'2010-09-12','2015-06-21',NULL,NULL,'1380.00',0,0,1,0,1,1,NULL,NULL,NULL,NULL,NULL,'--- !ruby/hash:ActiveSupport::HashWithIndifferentAccess\nanschaffungskategorie: AV-Technik\nreference: invoice\numzug: zgeln\nankunftszustand: intakt\n','2015-06-21 11:36:48','2015-06-21 11:36:48'),(211,'0p42cufeevyt1kdmer0q127','18:88:6a:6d:59:60-17:ec:e8:7c:75:d9-cc:86:b5:a7:06:0c',217,116,198,5,NULL,NULL,'2012-09-13','2015-06-21',NULL,NULL,'804.00',0,0,1,0,1,1,NULL,NULL,NULL,NULL,NULL,'--- !ruby/hash:ActiveSupport::HashWithIndifferentAccess\nanschaffungskategorie: AV-Technik\nreference: invoice\numzug: zgeln\nankunftszustand: intakt\n','2015-06-21 11:36:48','2015-06-21 11:36:48'),(212,'m8zpnex7j4f0jriwsdsm128','2d:d4:08:ca:e3:90-39:26:ee:c2:6b:c9-79:33:8b:f3:9e:a0',218,117,199,3,NULL,NULL,'2014-03-13','2015-06-21',NULL,NULL,'1160.00',0,0,1,0,1,1,NULL,NULL,NULL,NULL,NULL,'--- !ruby/hash:ActiveSupport::HashWithIndifferentAccess\nanschaffungskategorie: AV-Technik\nreference: invoice\numzug: zgeln\nankunftszustand: intakt\n','2015-06-21 11:36:48','2015-06-21 11:36:48'),(213,'ztiz6n90uliod4bmm6v8129','35:cd:75:3d:8b:f0-11:d6:7e:bc:6b:9c-24:40:a1:d1:83:8e',219,118,200,9,NULL,NULL,'2011-08-27','2015-06-21',NULL,NULL,'1093.00',0,0,1,0,1,1,NULL,NULL,NULL,NULL,NULL,'--- !ruby/hash:ActiveSupport::HashWithIndifferentAccess\nanschaffungskategorie: AV-Technik\nreference: invoice\numzug: zgeln\nankunftszustand: intakt\n','2015-06-21 11:36:48','2015-06-21 11:36:48'),(214,'y6z13rayfwf2hcre80pd130','91:46:3f:ea:19:32-7d:7e:69:e3:2d:8b-3d:35:62:cd:95:e9',220,119,201,1,NULL,NULL,'2010-03-06','2015-06-21',NULL,NULL,'1222.00',0,0,1,0,1,1,NULL,NULL,NULL,NULL,NULL,'--- !ruby/hash:ActiveSupport::HashWithIndifferentAccess\nanschaffungskategorie: AV-Technik\nreference: invoice\numzug: zgeln\nankunftszustand: intakt\n','2015-06-21 11:36:48','2015-06-21 11:36:48'),(215,'zrd95jmxz9xddewourdy131','3b:31:f8:7e:f1:53-1d:b8:00:54:e1:7c-09:02:9a:eb:0f:19',221,120,202,1,NULL,NULL,'2010-05-01','2015-06-21',NULL,NULL,'1366.00',0,0,1,0,1,1,NULL,NULL,NULL,NULL,NULL,'--- !ruby/hash:ActiveSupport::HashWithIndifferentAccess\nanschaffungskategorie: AV-Technik\nreference: invoice\numzug: zgeln\nankunftszustand: intakt\n','2015-06-21 11:36:48','2015-06-21 11:36:48'),(216,'lt64ymz9mt5d9ixtrtxg132','a6:3d:13:4e:35:c8-cf:84:42:43:67:85-9d:5c:fd:3f:a4:22',222,121,203,10,NULL,NULL,'2010-11-18','2015-06-21',NULL,NULL,'944.00',0,0,1,0,1,1,NULL,NULL,NULL,NULL,NULL,'--- !ruby/hash:ActiveSupport::HashWithIndifferentAccess\nanschaffungskategorie: AV-Technik\nreference: invoice\numzug: zgeln\nankunftszustand: intakt\n','2015-06-21 11:36:48','2015-06-21 11:36:48'),(217,'vxw0te83a3lb9ti99gvw133','8f:07:74:82:b6:0b-c1:8f:a8:f6:19:0d-28:c6:6d:fc:ff:5c',223,122,204,6,NULL,NULL,'2011-08-22','2015-06-21',NULL,NULL,'700.00',0,0,1,0,1,1,NULL,NULL,NULL,NULL,NULL,'--- !ruby/hash:ActiveSupport::HashWithIndifferentAccess\nanschaffungskategorie: AV-Technik\nreference: invoice\numzug: zgeln\nankunftszustand: intakt\n','2015-06-21 11:36:48','2015-06-21 11:36:48'),(218,'q5ftyucqe3usdjgm7754134','ad:11:7a:d8:36:c5-dc:1a:c9:17:b8:6c-1c:24:87:13:a9:f8',224,123,205,6,NULL,NULL,'2012-12-25','2015-06-21',NULL,NULL,'1155.00',0,0,1,0,1,1,NULL,NULL,NULL,NULL,NULL,'--- !ruby/hash:ActiveSupport::HashWithIndifferentAccess\nanschaffungskategorie: AV-Technik\nreference: invoice\numzug: zgeln\nankunftszustand: intakt\n','2015-06-21 11:36:48','2015-06-21 11:36:48'),(219,'f2st2heez2c1bn0cmexn135','42:83:c0:94:c1:22-0a:9b:72:38:11:53-8f:ba:25:51:2e:de',225,124,206,8,NULL,NULL,'2012-09-24','2015-06-21',NULL,NULL,'676.00',0,0,1,0,1,1,NULL,NULL,NULL,NULL,NULL,'--- !ruby/hash:ActiveSupport::HashWithIndifferentAccess\nanschaffungskategorie: AV-Technik\nreference: invoice\numzug: zgeln\nankunftszustand: intakt\n','2015-06-21 11:36:48','2015-06-21 11:36:48'),(220,'26j3mwtjf7vkmawkrzhh136','f9:e5:ac:8d:44:11-48:f3:a8:78:e0:d6-f2:e0:20:f9:4b:0a',226,125,207,4,NULL,NULL,'2011-07-14','2015-06-21',NULL,NULL,'100.00',0,0,1,0,1,1,NULL,NULL,NULL,NULL,NULL,'--- !ruby/hash:ActiveSupport::HashWithIndifferentAccess\nanschaffungskategorie: AV-Technik\nreference: invoice\numzug: zgeln\nankunftszustand: intakt\n','2015-06-21 11:36:48','2015-06-21 11:36:48'),(221,'dx9kwszjmyy3l0cnehw1137','ea:5f:50:7a:d6:8b-8c:be:1a:d0:a5:b3-2a:b4:19:10:c5:30',227,126,208,5,NULL,NULL,'2011-08-21','2015-06-21',NULL,NULL,'13.00',0,0,1,0,1,1,NULL,NULL,NULL,NULL,NULL,'--- !ruby/hash:ActiveSupport::HashWithIndifferentAccess\nanschaffungskategorie: AV-Technik\nreference: invoice\numzug: zgeln\nankunftszustand: intakt\n','2015-06-21 11:36:48','2015-06-21 11:36:48'),(222,'7llxut6ne1l3fs12m3hp138','5a:76:99:29:3b:a6-2a:ec:ea:9b:a5:8c-1b:13:87:80:c2:cb',228,127,209,1,NULL,NULL,'2014-03-03','2015-06-21',NULL,NULL,'763.00',0,0,1,0,1,1,NULL,NULL,NULL,NULL,NULL,'--- !ruby/hash:ActiveSupport::HashWithIndifferentAccess\nanschaffungskategorie: AV-Technik\nreference: invoice\numzug: zgeln\nankunftszustand: intakt\n','2015-06-21 11:36:48','2015-06-21 11:36:48'),(223,'ulxkzdg4fxk8662jaib4139','5e:f2:c2:2d:d3:1a-47:3e:ba:e3:1a:cb-a0:88:34:99:22:9f',229,NULL,NULL,1,NULL,NULL,NULL,NULL,NULL,NULL,NULL,0,0,1,0,1,0,NULL,NULL,NULL,NULL,NULL,'--- !ruby/hash:ActiveSupport::HashWithIndifferentAccess\nlicense_type: single_workplace\nactivation_type: serial_number\noperating_system:\n- windows\n- linux\ninstallation:\n- citrix\n- web\nprocured_by: Henderson Schimmel\nreference: invoice\nmaintenance_contract: \'false\'\n','2015-06-21 11:36:48','2015-06-21 11:36:48'),(224,'2hlkz8z0ceonrd90de05140','6c:29:d2:f5:8d:d5-9e:84:df:f2:0d:69-a1:f4:0c:6d:f4:e3',230,128,210,4,NULL,NULL,'2013-12-18','2015-06-16',NULL,NULL,'277.00',0,0,1,0,2,1,NULL,NULL,NULL,NULL,NULL,'--- !ruby/hash:ActiveSupport::HashWithIndifferentAccess\nanschaffungskategorie: AV-Technik\nreference: invoice\numzug: zgeln\nankunftszustand: intakt\n','2015-06-16 00:00:00','2015-06-16 00:00:00'),(225,'dzjrg4gefkdf2xicbgcu141','b9:3d:b3:8c:46:99-35:f9:01:1c:1d:18-cd:8d:7e:7c:95:0e',230,129,211,2,NULL,NULL,'2012-02-29','2015-06-16',NULL,NULL,'1069.00',0,0,1,0,2,1,NULL,NULL,NULL,NULL,NULL,'--- !ruby/hash:ActiveSupport::HashWithIndifferentAccess\nanschaffungskategorie: AV-Technik\nreference: invoice\numzug: zgeln\nankunftszustand: intakt\n','2015-06-16 00:00:00','2015-06-16 00:00:00'),(226,'50zbnhk8dzhq79vgs05c142','2a:f9:52:72:ed:d5-83:d4:9c:d7:ba:65-ca:e1:73:7d:3d:63',230,130,212,7,NULL,NULL,'2010-09-26','2015-06-16',NULL,NULL,'715.00',0,0,1,0,2,1,NULL,NULL,NULL,NULL,NULL,'--- !ruby/hash:ActiveSupport::HashWithIndifferentAccess\nanschaffungskategorie: AV-Technik\nreference: invoice\numzug: zgeln\nankunftszustand: intakt\n','2015-06-16 00:00:00','2015-06-16 00:00:00'),(227,'m76qsm46cwa6ffdw9elj143','ea:2c:8c:71:3a:17-ab:04:fa:d3:8a:00-e0:b5:00:bc:74:0c',234,131,213,1,NULL,NULL,'2013-12-28','2015-06-21','2015-06-21','Nisi eveniet eligendi quisquam accusamus doloremque possimus qui voluptatem.','1116.00',0,0,1,0,1,1,NULL,NULL,NULL,NULL,NULL,'--- !ruby/hash:ActiveSupport::HashWithIndifferentAccess\nanschaffungskategorie: AV-Technik\nreference: invoice\numzug: zgeln\nankunftszustand: intakt\n','2015-06-21 11:36:48','2015-06-21 11:36:48'),(228,'w62rxn4ey6dna8250mxe144','20:13:49:04:78:e6-75:3c:8e:24:8f:9f-c5:60:01:bf:e7:65',235,132,214,2,NULL,NULL,'2010-12-11','2015-06-21',NULL,NULL,'837.00',0,0,1,0,2,1,NULL,NULL,NULL,NULL,NULL,'--- !ruby/hash:ActiveSupport::HashWithIndifferentAccess\nanschaffungskategorie: AV-Technik\nreference: invoice\numzug: zgeln\nankunftszustand: intakt\n','2015-06-21 11:36:48','2015-06-21 11:36:48'),(229,'5gqbkfc2uzu03k0410gu145','45:e5:63:c4:39:c3-ef:c0:e8:ed:6d:99-95:a8:d0:dd:3a:76',236,133,215,5,NULL,NULL,'2013-11-25','2015-06-21',NULL,NULL,'421.00',0,0,1,0,12,1,NULL,NULL,NULL,NULL,NULL,'--- !ruby/hash:ActiveSupport::HashWithIndifferentAccess\nanschaffungskategorie: AV-Technik\nreference: invoice\numzug: zgeln\nankunftszustand: intakt\n','2015-06-21 11:36:48','2015-06-21 11:36:48'),(230,'33dushgoyhw2k9u6cece146','a7:6f:a0:a5:b6:35-61:6b:a6:bf:01:c0-86:92:60:87:38:31',237,134,216,9,NULL,NULL,'2013-03-08','2015-06-21',NULL,NULL,'27.00',0,0,1,0,13,1,NULL,NULL,NULL,NULL,NULL,'--- !ruby/hash:ActiveSupport::HashWithIndifferentAccess\nanschaffungskategorie: AV-Technik\nreference: invoice\numzug: zgeln\nankunftszustand: intakt\n','2015-06-21 11:36:48','2015-06-21 11:36:48'),(231,'9nd5a7zsnh4t6pwipjlc147','46:b0:d4:ea:9b:e6-87:71:ed:13:4e:36-42:95:49:13:38:91',238,135,217,8,NULL,NULL,'2011-05-21','2015-06-21',NULL,NULL,'237.00',0,0,1,0,14,1,NULL,NULL,NULL,NULL,NULL,'--- !ruby/hash:ActiveSupport::HashWithIndifferentAccess\nanschaffungskategorie: AV-Technik\nreference: invoice\numzug: zgeln\nankunftszustand: intakt\n','2015-06-21 11:36:48','2015-06-21 11:36:48'),(232,'zbnojjfnuauw63hyiotd148','38:30:c3:76:c4:78-a3:46:32:f1:dd:5e-54:06:40:58:69:f4',239,136,218,9,NULL,NULL,'2013-09-08','2015-06-21',NULL,NULL,'316.00',0,0,1,0,1,1,NULL,NULL,NULL,NULL,NULL,'--- !ruby/hash:ActiveSupport::HashWithIndifferentAccess\nanschaffungskategorie: AV-Technik\nreference: invoice\numzug: zgeln\nankunftszustand: intakt\n','2015-06-21 11:36:48','2015-06-21 11:36:48'),(233,'o1cy7vm5bypp83nstc94149','f8:fc:d4:24:fa:41-1a:8c:1b:c7:4e:64-84:70:a8:20:f9:fd',240,137,219,11,NULL,NULL,'2012-07-03','2015-06-21',NULL,NULL,'534.00',0,0,1,0,1,1,NULL,NULL,NULL,NULL,NULL,'--- !ruby/hash:ActiveSupport::HashWithIndifferentAccess\nanschaffungskategorie: AV-Technik\nreference: invoice\numzug: zgeln\nankunftszustand: intakt\n','2015-06-21 11:36:48','2015-06-21 11:36:48'),(234,'zxih07s9rfffuqcupiqg150','04:2d:6d:df:64:2b-25:83:23:5c:ec:2f-e3:fa:ac:ce:84:d4',241,138,220,2,NULL,NULL,'2013-01-09','2015-06-21',NULL,NULL,'774.00',0,0,1,0,1,1,NULL,NULL,NULL,NULL,NULL,'--- !ruby/hash:ActiveSupport::HashWithIndifferentAccess\nanschaffungskategorie: AV-Technik\nreference: invoice\numzug: zgeln\nankunftszustand: intakt\n','2015-06-21 11:36:48','2015-06-21 11:36:48'),(235,'14kzzbdly3zcb4zvveoj151','6c:06:0a:8f:ac:6c-8a:7c:cb:ac:18:1e-6e:91:eb:fd:ce:7e',242,139,221,12,NULL,NULL,'2014-08-19','2015-06-21',NULL,NULL,'718.00',0,0,1,0,1,1,NULL,NULL,NULL,NULL,NULL,'--- !ruby/hash:ActiveSupport::HashWithIndifferentAccess\nanschaffungskategorie: AV-Technik\nreference: invoice\numzug: zgeln\nankunftszustand: intakt\n','2015-06-21 11:36:48','2015-06-21 11:36:48'),(236,'1qnssasn3bytho18onss152','62:7f:44:8b:3e:fc-56:d2:7e:10:a0:ec-c2:87:06:85:8d:5d',243,140,222,14,NULL,NULL,'2010-09-08','2015-06-21',NULL,NULL,'1172.00',0,0,1,0,1,1,NULL,NULL,NULL,NULL,NULL,'--- !ruby/hash:ActiveSupport::HashWithIndifferentAccess\nanschaffungskategorie: AV-Technik\nreference: invoice\numzug: zgeln\nankunftszustand: intakt\n','2015-06-21 11:36:48','2015-06-21 11:36:48'),(237,'dwm186mktu4zlta83fk5153','98:15:61:f7:5b:f9-c6:5e:ec:97:de:c6-8a:fb:2d:2e:fe:04',244,141,223,4,NULL,NULL,'2012-04-18','2015-06-21',NULL,NULL,'993.00',0,0,1,0,1,1,NULL,NULL,NULL,NULL,NULL,'--- !ruby/hash:ActiveSupport::HashWithIndifferentAccess\nanschaffungskategorie: AV-Technik\nreference: invoice\numzug: zgeln\nankunftszustand: intakt\n','2015-06-21 11:36:48','2015-06-21 11:36:48'),(238,'lwwximjsrltnkuit214f154','ff:7a:35:ec:22:89-8a:2b:43:f3:e1:c1-10:34:5a:28:79:ee',245,142,224,1,NULL,NULL,'2014-04-03','2015-06-21',NULL,NULL,'128.00',0,0,1,0,1,1,NULL,NULL,NULL,NULL,NULL,'--- !ruby/hash:ActiveSupport::HashWithIndifferentAccess\nanschaffungskategorie: AV-Technik\nreference: invoice\numzug: zgeln\nankunftszustand: intakt\n','2015-06-21 11:36:48','2015-06-21 11:36:48'),(239,'p3bjzri289ckpevg4euw155','bc:70:51:d0:9a:c8-41:3d:2f:e1:c9:85-70:f7:f7:bb:0e:f7',246,143,225,9,NULL,NULL,'2014-03-11','2015-06-21',NULL,NULL,'53.00',0,0,1,0,1,1,NULL,NULL,NULL,NULL,NULL,'--- !ruby/hash:ActiveSupport::HashWithIndifferentAccess\nanschaffungskategorie: AV-Technik\nreference: invoice\numzug: zgeln\nankunftszustand: intakt\n','2015-06-21 11:36:48','2015-06-21 11:36:48'),(240,'nkf3horif1c0jvydcmqz156','03:dc:d1:3f:a0:8f-12:d6:92:ef:df:21-eb:2b:ec:8a:1f:35',247,144,226,13,NULL,NULL,'2010-01-07','2015-06-21',NULL,NULL,'1228.00',0,0,1,0,1,1,NULL,NULL,NULL,NULL,NULL,'--- !ruby/hash:ActiveSupport::HashWithIndifferentAccess\nanschaffungskategorie: AV-Technik\nreference: invoice\numzug: zgeln\nankunftszustand: intakt\n','2015-06-21 11:36:48','2015-06-21 11:36:48'),(241,'11bp6fq4ye7bly9pre4s157','0b:19:b7:da:87:37-34:92:95:77:8b:e4-40:f6:91:51:59:52',248,145,227,5,NULL,NULL,'2013-07-12','2015-06-21',NULL,NULL,'1099.00',0,0,1,0,1,1,NULL,NULL,NULL,NULL,NULL,'--- !ruby/hash:ActiveSupport::HashWithIndifferentAccess\nanschaffungskategorie: AV-Technik\nreference: invoice\numzug: zgeln\nankunftszustand: intakt\n','2015-06-21 11:36:48','2015-06-21 11:36:48'),(242,'qi0nczjbh66gs2v0c5b1158','2a:52:72:5f:6b:76-f0:3c:a4:69:59:08-7c:d4:95:12:08:9d',249,146,228,13,NULL,NULL,'2011-06-11','2015-06-21',NULL,NULL,'1229.00',0,0,1,0,1,1,NULL,NULL,NULL,NULL,NULL,'--- !ruby/hash:ActiveSupport::HashWithIndifferentAccess\nanschaffungskategorie: AV-Technik\nreference: invoice\numzug: zgeln\nankunftszustand: intakt\n','2015-06-21 11:36:48','2015-06-21 11:36:48'),(243,'z0o1xh67hmktzwdfh6cq159','1a:aa:3b:7b:34:cb-58:b2:a8:02:c3:f2-9f:cb:ad:7a:7c:a2',250,147,229,13,NULL,NULL,'2014-09-06','2015-06-21',NULL,NULL,'1000.00',0,0,1,0,1,1,NULL,NULL,NULL,NULL,NULL,'--- !ruby/hash:ActiveSupport::HashWithIndifferentAccess\nanschaffungskategorie: AV-Technik\nreference: invoice\numzug: zgeln\nankunftszustand: intakt\n','2015-06-21 11:36:48','2015-06-21 11:36:48'),(244,'zg2i6uvz38xg0jgfnsiz160','8f:58:90:a8:f6:90-a8:45:9c:c8:a3:87-49:fe:6d:8c:a4:51',251,148,230,5,NULL,NULL,'2013-07-01','2015-06-16',NULL,NULL,'1462.00',0,0,1,0,1,1,NULL,NULL,NULL,NULL,NULL,'--- !ruby/hash:ActiveSupport::HashWithIndifferentAccess\nanschaffungskategorie: AV-Technik\nreference: invoice\numzug: zgeln\nankunftszustand: intakt\n','2015-06-16 00:00:00','2015-06-16 00:00:00'),(245,'4qtgbpudsv2qqk77nzdf161','92:c6:db:17:a3:06-9f:80:ba:2e:65:49-22:24:4d:3f:67:c0',252,149,231,6,NULL,NULL,'2010-02-06','2015-06-16',NULL,NULL,'768.00',0,0,1,0,1,1,NULL,NULL,NULL,NULL,NULL,'--- !ruby/hash:ActiveSupport::HashWithIndifferentAccess\nanschaffungskategorie: AV-Technik\nreference: invoice\numzug: zgeln\nankunftszustand: intakt\n','2015-06-16 00:00:00','2015-06-16 00:00:00'),(246,'bc0wkcoxlxgurgmfzrns162','3a:16:71:f1:e5:65-80:d7:6b:14:40:bf-3c:ff:31:21:3b:9c',253,150,232,11,NULL,NULL,'2011-12-21','2015-06-16',NULL,NULL,'1414.00',0,0,1,0,1,1,NULL,NULL,NULL,NULL,NULL,'--- !ruby/hash:ActiveSupport::HashWithIndifferentAccess\nanschaffungskategorie: AV-Technik\nreference: invoice\numzug: zgeln\nankunftszustand: intakt\n','2015-06-16 00:00:00','2015-06-16 00:00:00'),(247,'69jvp3ctafd00cdj65u2163','db:08:e6:e7:eb:bf-e1:65:8c:b1:37:d9-bf:e4:a7:1d:4a:ab',254,151,233,14,NULL,NULL,'2011-09-30','2015-06-16',NULL,NULL,'653.00',0,0,1,0,1,1,NULL,NULL,NULL,NULL,NULL,'--- !ruby/hash:ActiveSupport::HashWithIndifferentAccess\nanschaffungskategorie: AV-Technik\nreference: invoice\numzug: zgeln\nankunftszustand: intakt\n','2015-06-16 00:00:00','2015-06-16 00:00:00'),(248,'mvnw5cux9kl6ld7n7ft5164','d4:47:a6:69:4c:f3-cd:41:2c:4d:4f:42-28:56:42:c7:e1:e6',255,152,234,14,NULL,NULL,'2013-01-07','2015-06-16',NULL,NULL,'1033.00',0,0,1,0,1,1,NULL,NULL,NULL,NULL,NULL,'--- !ruby/hash:ActiveSupport::HashWithIndifferentAccess\nanschaffungskategorie: AV-Technik\nreference: invoice\numzug: zgeln\nankunftszustand: intakt\n','2015-06-16 00:00:00','2015-06-16 00:00:00'),(249,'pfz4rqat3i4vix4uxa3n165','3a:b1:25:2c:5e:9b-13:e9:28:a6:d2:2d-91:20:00:0b:26:4f',256,153,235,7,NULL,NULL,'2012-07-30','2015-06-21',NULL,NULL,'505.00',0,0,1,0,3,1,NULL,NULL,NULL,NULL,NULL,'--- !ruby/hash:ActiveSupport::HashWithIndifferentAccess\nanschaffungskategorie: AV-Technik\nreference: invoice\numzug: zgeln\nankunftszustand: intakt\n','2015-06-21 11:36:48','2015-06-21 11:36:48'),(250,'xza5rgnkscjc8a3x50gt166','78:47:c8:0d:c4:75-2d:92:3d:03:e3:00-2f:63:66:d8:86:5c',256,154,236,4,NULL,NULL,'2014-12-25','2015-06-21',NULL,NULL,'319.00',0,0,1,0,3,1,NULL,NULL,NULL,NULL,NULL,'--- !ruby/hash:ActiveSupport::HashWithIndifferentAccess\nanschaffungskategorie: AV-Technik\nreference: invoice\numzug: zgeln\nankunftszustand: intakt\n','2015-06-21 11:36:48','2015-06-21 11:36:48'),(251,'rw3oel2v5jbhqxncosjo167','61:f6:72:4f:6c:0c-67:28:0e:a3:11:7c-09:fc:fd:e2:5c:78',256,155,237,7,NULL,NULL,'2010-07-16','2015-06-21',NULL,NULL,'31.00',0,0,1,0,3,1,NULL,NULL,NULL,NULL,NULL,'--- !ruby/hash:ActiveSupport::HashWithIndifferentAccess\nanschaffungskategorie: AV-Technik\nreference: invoice\numzug: zgeln\nankunftszustand: intakt\n','2015-06-21 11:36:48','2015-06-21 11:36:48'),(252,'hbk8qc15f3g22l2gapvd168','c7:f8:7b:e1:01:14-26:0b:38:b3:41:b1-72:ef:76:8a:bc:3d',260,156,238,5,NULL,NULL,'2010-04-10','2015-06-21',NULL,NULL,'1491.00',0,0,1,0,3,1,NULL,NULL,NULL,NULL,NULL,'--- !ruby/hash:ActiveSupport::HashWithIndifferentAccess\nanschaffungskategorie: AV-Technik\nreference: invoice\numzug: zgeln\nankunftszustand: intakt\n','2015-06-21 11:36:48','2015-06-21 11:36:48'),(253,'a75f7sjzf2ipubgf2kdf169','14:9c:48:57:6e:5e-8f:7b:c1:75:6f:de-3f:96:de:66:b7:6a',260,157,239,11,NULL,NULL,'2011-01-27','2015-06-21',NULL,NULL,'753.00',0,0,1,0,3,1,NULL,NULL,NULL,NULL,NULL,'--- !ruby/hash:ActiveSupport::HashWithIndifferentAccess\nanschaffungskategorie: AV-Technik\nreference: invoice\numzug: zgeln\nankunftszustand: intakt\n','2015-06-21 11:36:48','2015-06-21 11:36:48'),(254,'w5kipt0jg1yfoccmhoe1170','c3:e9:f1:ec:bd:42-94:ed:53:77:29:81-9a:d2:75:7e:47:81',260,158,240,2,NULL,NULL,'2010-05-29','2015-06-21',NULL,NULL,'775.00',0,0,1,0,3,1,NULL,NULL,NULL,NULL,NULL,'--- !ruby/hash:ActiveSupport::HashWithIndifferentAccess\nanschaffungskategorie: AV-Technik\nreference: invoice\numzug: zgeln\nankunftszustand: intakt\n','2015-06-21 11:36:48','2015-06-21 11:36:48'),(255,'c2ucb6egqjyscju673tt171','99:b9:16:25:79:27-b4:2f:16:13:10:3a-31:09:42:75:82:62',264,159,241,1,NULL,NULL,'2010-11-15','2015-06-21',NULL,NULL,'1037.00',0,0,1,0,3,1,NULL,NULL,NULL,NULL,NULL,'--- !ruby/hash:ActiveSupport::HashWithIndifferentAccess\nanschaffungskategorie: AV-Technik\nreference: invoice\numzug: zgeln\nankunftszustand: intakt\n','2015-06-21 11:36:48','2015-06-21 11:36:48'),(256,'kjsdgazgi0kc49qywx5l172','71:21:6b:53:b4:87-f8:67:ae:c3:18:9f-7b:91:ab:2f:62:e2',264,160,242,3,NULL,NULL,'2013-09-10','2015-06-21',NULL,NULL,'334.00',0,0,1,0,3,1,NULL,NULL,NULL,NULL,NULL,'--- !ruby/hash:ActiveSupport::HashWithIndifferentAccess\nanschaffungskategorie: AV-Technik\nreference: invoice\numzug: zgeln\nankunftszustand: intakt\n','2015-06-21 11:36:48','2015-06-21 11:36:48'),(257,'fwa8b76usnx86czzuxlb173','61:b9:38:fd:9a:4d-54:96:f5:27:c0:88-93:ef:d0:4b:e0:37',264,161,243,8,NULL,NULL,'2010-04-25','2015-06-21',NULL,NULL,'862.00',0,0,1,0,3,1,NULL,NULL,NULL,NULL,NULL,'--- !ruby/hash:ActiveSupport::HashWithIndifferentAccess\nanschaffungskategorie: AV-Technik\nreference: invoice\numzug: zgeln\nankunftszustand: intakt\n','2015-06-21 11:36:48','2015-06-21 11:36:48'),(258,'tamj0kulmrgegnr5nu6c174','67:58:f9:a4:87:9b-21:e5:8f:63:0f:51-90:67:7c:5e:19:1c',268,162,244,13,NULL,NULL,'2014-03-29','2015-06-21',NULL,NULL,'309.00',0,0,1,0,3,1,NULL,NULL,NULL,NULL,NULL,'--- !ruby/hash:ActiveSupport::HashWithIndifferentAccess\nanschaffungskategorie: AV-Technik\nreference: invoice\numzug: zgeln\nankunftszustand: intakt\n','2015-06-21 11:36:48','2015-06-21 11:36:48'),(259,'fykeznugo9jzviqf4fcu175','a6:64:81:2b:74:31-60:1e:f8:4b:52:43-a8:d4:18:af:1a:73',268,163,245,14,NULL,NULL,'2012-06-03','2015-06-21',NULL,NULL,'1461.00',0,0,1,0,3,1,NULL,NULL,NULL,NULL,NULL,'--- !ruby/hash:ActiveSupport::HashWithIndifferentAccess\nanschaffungskategorie: AV-Technik\nreference: invoice\numzug: zgeln\nankunftszustand: intakt\n','2015-06-21 11:36:48','2015-06-21 11:36:48'),(260,'zcl58vif3buio6shxwlt176','1e:b5:1c:7d:b3:fc-6f:fe:70:bb:8e:09-ee:fa:b8:d4:0b:4e',268,164,246,10,NULL,NULL,'2011-11-10','2015-06-21',NULL,NULL,'917.00',0,0,1,0,3,1,NULL,NULL,NULL,NULL,NULL,'--- !ruby/hash:ActiveSupport::HashWithIndifferentAccess\nanschaffungskategorie: AV-Technik\nreference: invoice\numzug: zgeln\nankunftszustand: intakt\n','2015-06-21 11:36:48','2015-06-21 11:36:48'),(261,'ouh6ppqe7emiykig93v3177','7e:97:f5:da:83:78-ae:b5:c2:09:05:26-31:89:49:4c:5e:a7',272,165,247,11,NULL,NULL,'2011-03-15','2015-06-21',NULL,NULL,'412.00',0,0,1,0,3,1,NULL,NULL,NULL,NULL,NULL,'--- !ruby/hash:ActiveSupport::HashWithIndifferentAccess\nanschaffungskategorie: AV-Technik\nreference: invoice\numzug: zgeln\nankunftszustand: intakt\n','2015-06-21 11:36:48','2015-06-21 11:36:48'),(262,'gfv4k3icmtm3cudry0rv178','7c:ee:c0:ae:2a:e1-5e:74:a6:69:de:45-22:e2:ed:54:7c:f3',272,166,248,11,NULL,NULL,'2011-04-14','2015-06-21',NULL,NULL,'836.00',0,0,1,0,3,1,NULL,NULL,NULL,NULL,NULL,'--- !ruby/hash:ActiveSupport::HashWithIndifferentAccess\nanschaffungskategorie: AV-Technik\nreference: invoice\numzug: zgeln\nankunftszustand: intakt\n','2015-06-21 11:36:48','2015-06-21 11:36:48'),(263,'b2ju4l2vpssx27z74nfr179','13:bd:f0:84:2b:13-6f:5f:19:d6:8a:ee-fd:bb:6b:7e:a9:5e',272,167,249,5,NULL,NULL,'2012-11-23','2015-06-21',NULL,NULL,'1396.00',0,0,1,0,3,1,NULL,NULL,NULL,NULL,NULL,'--- !ruby/hash:ActiveSupport::HashWithIndifferentAccess\nanschaffungskategorie: AV-Technik\nreference: invoice\numzug: zgeln\nankunftszustand: intakt\n','2015-06-21 11:36:48','2015-06-21 11:36:48'),(264,'vh2uwj9wrs8lraqpgqpf180','7c:8a:65:e1:dc:60-6a:81:6f:4d:8b:a2-fe:fc:29:68:89:a5',276,168,250,4,NULL,NULL,'2013-10-21','2015-06-21',NULL,NULL,'696.00',0,0,1,0,3,1,NULL,NULL,NULL,NULL,NULL,'--- !ruby/hash:ActiveSupport::HashWithIndifferentAccess\nanschaffungskategorie: AV-Technik\nreference: invoice\numzug: zgeln\nankunftszustand: intakt\n','2015-06-21 11:36:48','2015-06-21 11:36:48'),(265,'tkll6t4tt7pgweceediz181','a2:d5:21:bd:fb:d3-5b:a4:a2:bd:7c:a9-9d:8d:68:4a:e6:f3',276,169,251,3,NULL,NULL,'2012-11-08','2015-06-21',NULL,NULL,'1019.00',0,0,1,0,3,1,NULL,NULL,NULL,NULL,NULL,'--- !ruby/hash:ActiveSupport::HashWithIndifferentAccess\nanschaffungskategorie: AV-Technik\nreference: invoice\numzug: zgeln\nankunftszustand: intakt\n','2015-06-21 11:36:48','2015-06-21 11:36:48'),(266,'uh65lgo3q9cgmgkknqas182','91:7d:51:df:35:de-ba:69:e4:cd:cf:e2-11:32:33:77:18:b7',276,170,252,2,NULL,NULL,'2012-02-21','2015-06-21',NULL,NULL,'35.00',0,0,1,0,3,1,NULL,NULL,NULL,NULL,NULL,'--- !ruby/hash:ActiveSupport::HashWithIndifferentAccess\nanschaffungskategorie: AV-Technik\nreference: invoice\numzug: zgeln\nankunftszustand: intakt\n','2015-06-21 11:36:48','2015-06-21 11:36:48'),(267,'1m0omysl11to1rb35ct7183','e0:e5:cc:7e:12:51-ac:cb:d7:f5:36:af-95:c8:ae:21:dd:af',280,171,253,10,NULL,NULL,'2012-07-04','2015-06-21',NULL,NULL,'1257.00',0,0,1,0,3,1,NULL,NULL,NULL,NULL,NULL,'--- !ruby/hash:ActiveSupport::HashWithIndifferentAccess\nanschaffungskategorie: AV-Technik\nreference: invoice\numzug: zgeln\nankunftszustand: intakt\n','2015-06-21 11:36:48','2015-06-21 11:36:48'),(268,'lqg0dox7ksy63o3291z6184','02:33:b3:83:b7:f0-2d:d6:a4:0b:12:7b-1e:99:9f:ab:ed:dc',280,172,254,2,NULL,NULL,'2011-02-12','2015-06-21',NULL,NULL,'199.00',0,0,1,0,3,1,NULL,NULL,NULL,NULL,NULL,'--- !ruby/hash:ActiveSupport::HashWithIndifferentAccess\nanschaffungskategorie: AV-Technik\nreference: invoice\numzug: zgeln\nankunftszustand: intakt\n','2015-06-21 11:36:48','2015-06-21 11:36:48'),(269,'lvkjoz4h5whr2ob6ejzn185','06:ab:2e:de:d2:c9-92:29:f8:e4:6b:e0-fa:2d:d4:79:0e:5f',280,173,255,4,NULL,NULL,'2012-07-04','2015-06-21',NULL,NULL,'1334.00',0,0,1,0,3,1,NULL,NULL,NULL,NULL,NULL,'--- !ruby/hash:ActiveSupport::HashWithIndifferentAccess\nanschaffungskategorie: AV-Technik\nreference: invoice\numzug: zgeln\nankunftszustand: intakt\n','2015-06-21 11:36:48','2015-06-21 11:36:48'),(270,'i5lhsatxgsuzs5zfxe0s186','e0:f2:20:8a:e0:5e-42:af:79:4e:03:17-dd:78:17:cd:08:fa',284,174,256,11,NULL,NULL,'2014-12-10','2015-06-21',NULL,NULL,'875.00',0,0,1,0,3,1,NULL,NULL,NULL,NULL,NULL,'--- !ruby/hash:ActiveSupport::HashWithIndifferentAccess\nanschaffungskategorie: AV-Technik\nreference: invoice\numzug: zgeln\nankunftszustand: intakt\n','2015-06-21 11:36:48','2015-06-21 11:36:48'),(271,'jdbbtgwlpwaxo3rg29sk187','39:5f:90:10:4e:7f-52:b1:90:c5:e6:e3-b0:62:ed:ba:3d:af',284,175,257,5,NULL,NULL,'2011-06-04','2015-06-21',NULL,NULL,'478.00',0,0,1,0,3,1,NULL,NULL,NULL,NULL,NULL,'--- !ruby/hash:ActiveSupport::HashWithIndifferentAccess\nanschaffungskategorie: AV-Technik\nreference: invoice\numzug: zgeln\nankunftszustand: intakt\n','2015-06-21 11:36:48','2015-06-21 11:36:48'),(272,'a72njbl5c5x2b62j1z8z188','6b:5e:bc:6a:df:af-f2:92:01:ef:13:6d-4c:7f:db:ab:d7:1b',284,176,258,7,NULL,NULL,'2013-07-01','2015-06-21',NULL,NULL,'796.00',0,0,1,0,3,1,NULL,NULL,NULL,NULL,NULL,'--- !ruby/hash:ActiveSupport::HashWithIndifferentAccess\nanschaffungskategorie: AV-Technik\nreference: invoice\numzug: zgeln\nankunftszustand: intakt\n','2015-06-21 11:36:48','2015-06-21 11:36:48'),(273,'04qqhlpu0bq319lyp4xj189','75:0e:a0:c2:17:82-a1:79:37:36:37:94-f5:10:02:0e:c7:d0',288,NULL,259,1,NULL,NULL,'2011-08-31','2015-06-21',NULL,NULL,'647.00',0,0,1,0,1,1,NULL,NULL,NULL,NULL,NULL,'--- !ruby/hash:ActiveSupport::HashWithIndifferentAccess\nanschaffungskategorie: AV-Technik\nreference: invoice\numzug: zgeln\nankunftszustand: intakt\n','2015-06-21 11:36:48','2015-06-21 11:36:48'),(274,'twdjvdpyspsko6xuiqus190','ea:88:79:cf:cb:57-11:76:a0:5e:c6:49-a5:c6:54:3b:dd:18',289,177,260,1,NULL,NULL,'2010-01-23','2015-06-21',NULL,NULL,'361.00',0,0,1,0,1,1,NULL,NULL,NULL,NULL,NULL,'--- !ruby/hash:ActiveSupport::HashWithIndifferentAccess\nanschaffungskategorie: AV-Technik\nreference: invoice\numzug: zgeln\nankunftszustand: intakt\n','2015-06-21 11:36:48','2015-06-21 11:36:48'),(275,'gcd7ylessxzwyv4m7az9191','fa:b8:bd:ae:9a:d9-2a:33:7f:f5:b2:bb-9d:fa:10:fa:96:cb',290,NULL,NULL,1,NULL,NULL,NULL,NULL,NULL,NULL,NULL,0,0,0,0,2,0,NULL,NULL,NULL,NULL,NULL,'--- !ruby/hash:ActiveSupport::HashWithIndifferentAccess\noperating_system:\n- windows\n- linux\nlicense_type: multiple_workplace\ntotal_quantity: 299\nreference: invoice\nactivation_type: none\nmaintenance_contract: \'false\'\n','2015-06-21 11:36:48','2015-06-21 11:36:48'),(276,'3niqchxidhyeeb923lec192','b6:5c:45:b5:f9:ac-67:df:93:31:7f:71-78:8d:50:42:c8:c7',291,178,261,8,NULL,NULL,'2013-12-11','2015-06-21',NULL,NULL,'938.00',0,0,1,0,1,1,NULL,NULL,NULL,NULL,NULL,'--- !ruby/hash:ActiveSupport::HashWithIndifferentAccess\nanschaffungskategorie: AV-Technik\nreference: invoice\numzug: zgeln\nankunftszustand: intakt\n','2015-06-21 11:36:48','2015-06-21 11:36:48'),(277,'gzs0jbnchg1npfg7lmqi193','87:54:5e:d1:42:ce-a8:9f:ba:9b:ad:65-30:d3:70:ef:f4:5e',291,179,262,11,NULL,NULL,'2012-04-11','2015-06-21',NULL,NULL,'851.00',0,0,1,0,1,1,NULL,NULL,NULL,NULL,NULL,'--- !ruby/hash:ActiveSupport::HashWithIndifferentAccess\nanschaffungskategorie: AV-Technik\nreference: invoice\numzug: zgeln\nankunftszustand: intakt\n','2015-06-21 11:36:48','2015-06-21 11:36:48'),(278,'1tmkgznz9hmw4flanmoa194','27:45:9a:61:78:a7-a2:22:1d:45:b9:98-80:b1:31:4c:c2:68',291,180,263,12,NULL,NULL,'2011-04-22','2015-06-21',NULL,NULL,'1440.00',0,0,1,0,1,1,NULL,NULL,NULL,NULL,NULL,'--- !ruby/hash:ActiveSupport::HashWithIndifferentAccess\nanschaffungskategorie: AV-Technik\nreference: invoice\numzug: zgeln\nankunftszustand: intakt\n','2015-06-21 11:36:48','2015-06-21 11:36:48');
/*!40000 ALTER TABLE `items` ENABLE KEYS */;
UNLOCK TABLES;

--
-- Table structure for table `languages`
--

DROP TABLE IF EXISTS `languages`;
/*!40101 SET @saved_cs_client     = @@character_set_client */;
/*!40101 SET character_set_client = utf8 */;
CREATE TABLE `languages` (
  `id` int(11) NOT NULL AUTO_INCREMENT,
  `name` varchar(255) COLLATE utf8_unicode_ci DEFAULT NULL,
  `locale_name` varchar(255) COLLATE utf8_unicode_ci DEFAULT NULL,
  `default` tinyint(1) DEFAULT NULL,
  `active` tinyint(1) DEFAULT NULL,
  PRIMARY KEY (`id`),
  UNIQUE KEY `index_languages_on_name` (`name`),
  KEY `index_languages_on_active_and_default` (`active`,`default`)
) ENGINE=InnoDB AUTO_INCREMENT=5 DEFAULT CHARSET=utf8 COLLATE=utf8_unicode_ci;
/*!40101 SET character_set_client = @saved_cs_client */;

--
-- Dumping data for table `languages`
--

LOCK TABLES `languages` WRITE;
/*!40000 ALTER TABLE `languages` DISABLE KEYS */;
INSERT INTO `languages` VALUES (1,'English','en-GB',1,1),(2,'Deutsch','de-CH',0,1),(3,'Castellano','es',0,1),(4,'Zrittsch','gsw-CH',0,1);
/*!40000 ALTER TABLE `languages` ENABLE KEYS */;
UNLOCK TABLES;

--
-- Table structure for table `locations`
--

DROP TABLE IF EXISTS `locations`;
/*!40101 SET @saved_cs_client     = @@character_set_client */;
/*!40101 SET character_set_client = utf8 */;
CREATE TABLE `locations` (
  `id` int(11) NOT NULL AUTO_INCREMENT,
  `room` varchar(255) COLLATE utf8_unicode_ci DEFAULT NULL,
  `shelf` varchar(255) COLLATE utf8_unicode_ci DEFAULT NULL,
  `building_id` int(11) DEFAULT NULL,
  PRIMARY KEY (`id`),
  KEY `index_locations_on_building_id` (`building_id`)
) ENGINE=InnoDB AUTO_INCREMENT=181 DEFAULT CHARSET=utf8 COLLATE=utf8_unicode_ci;
/*!40101 SET character_set_client = @saved_cs_client */;

--
-- Dumping data for table `locations`
--

LOCK TABLES `locations` WRITE;
/*!40000 ALTER TABLE `locations` DISABLE KEYS */;
INSERT INTO `locations` VALUES (1,'Numquameum','harumsit',2),(2,'Quassimilique','autadipisci',3),(3,'Sitvoluptas','aratione',4),(4,'Etqui','repellendusreprehenderit',5),(5,'Quiaquae','culpamagnam',6),(6,'Repudiandaequas','estut',7),(7,'Possimusqui','faceredolores',8),(8,'Aet','ipsadolor',9),(9,'Quasodit','architectodolore',10),(10,'Veroofficiis','laudantiumiure',11),(11,'Adipiscivoluptatem','faceredicta',12),(12,'Temporamodi','quibusdamtenetur',13),(13,'Quiharum','maximelabore',14),(14,'Suscipitearum','etiure',15),(15,'Sintest','facilisid',16),(16,'Similiquetemporibus','estut',17),(17,'Sedea','blanditiisipsam',18),(18,'Sapienteexpedita','nisisunt',19),(19,'Magniitaque','hicquis',20),(20,'Teneturdolor','itaqueet',21),(21,'Voluptatemin','nihilasperiores',22),(22,'Molestiaeid','autnon',23),(23,'Delenitiquia','illumsunt',24),(24,'Quasiquia','utautem',25),(25,'Suntadipisci','veritatisin',26),(26,'Doloribusaccusantium','inciduntvoluptatem',27),(27,'Etin','iustodicta',28),(28,'Corruptiet','ipsaest',29),(29,'Modieius','sintquis',30),(30,'Quirerum','veniammaxime',31),(31,'Teneturenim','evenietesse',32),(32,'Eligendinon','laboriosamadipisci',33),(33,'Quideserunt','autducimus',34),(34,'Inventoresapiente','rerumqui',35),(35,'Perferendisrepudiandae','delenitimolestiae',36),(36,'Nonblanditiis','velitet',37),(37,'Quiquia','voluptatesautem',38),(38,'Dignissimosillo','nobisfacere',39),(39,'Eosmaxime','excepturiexplicabo',40),(40,'Veroqui','reprehenderitdolor',41),(41,'Remcorrupti','solutaquod',42),(42,'Veroaliquam','adolor',43),(43,'SQ2','Desk',44),(44,'UG 13','Ausgabe',45),(45,'Nisiveniam','enimut',46),(46,'Placeatrem','estvoluptatum',47),(47,'Eospraesentium','possimusoccaecati',48),(48,'Errorqui','ipsumassumenda',49),(49,'Perspiciatiseum','quamsunt',50),(50,'Dictanam','auttemporibus',51),(51,'Animiesse','molestiaesequi',52),(52,'Quasiest','etautem',53),(53,'Recusandaecorporis','molestiasculpa',54),(54,'Doloribusporro','estquis',55),(55,'Velitvitae','exercitationemnon',56),(56,'Nisisit','perspiciatisveritatis',57),(57,'Magnamquia','sequiearum',58),(58,'Vitaequi','exercitationemrerum',59),(59,'Istevoluptatem','laborevoluptatem',60),(60,'Idsaepe','rerumet',61),(61,'Remnostrum','quiipsam',62),(62,'Sintfugit','sedvero',63),(63,'Sedaut','laborumquis',64),(64,'Suntperspiciatis','utlaboriosam',65),(65,'Laudantiumoptio','dictanisi',66),(66,'Cupiditatealiquid','porroplaceat',67),(67,'Reiciendisqui','etet',68),(68,'Quaedoloremque','reiciendisdolorum',69),(69,'Iustosit','illumet',70),(70,'Voluptaset','sintfugiat',71),(71,'Velitaut','eteos',72),(72,'Aspernaturlaudantium','placeatet',73),(73,'Sapienteet','molestiasnihil',74),(74,'Hicipsam','nisiaccusantium',75),(75,'Sequiofficiis','architectovoluptatem',76),(76,'Omnisadipisci','blanditiisexpedita',77),(77,'Faceremolestiae','odiovoluptates',78),(78,'Atest','ettemporibus',79),(79,'Eavelit','quodolores',80),(80,'Saepequam','omniset',81),(81,'Cumbeatae','illoeius',82),(82,'Beataequisquam','nobisaut',83),(83,'Animiatque','cumquedoloribus',84),(84,'Inventoreincidunt','etrepellat',85),(85,'Similiqueat','velitdistinctio',86),(86,'Hicveritatis','etnon',87),(87,'Suscipitvoluptatem','quasiat',88),(88,'Earumenim','abnostrum',89),(89,'Quiaillum','idut',90),(90,'Laborumullam','nemoquo',91),(91,'Sedsapiente','nequenostrum',92),(92,'Atsint','eumquas',93),(93,'Anon','illodebitis',94),(94,'Quiapariatur','delectusquod',95),(95,'Aliquidmollitia','doloripsum',96),(96,'Nihilplaceat','aliasquia',97),(97,'Temporibuseligendi','facilisnihil',98),(98,'Optioofficiis','utrerum',99),(99,'Consecteturqui','numquamea',100),(100,'Nonvoluptatem','quaeveritatis',101),(101,'Voluptatemrem','etet',102),(102,'Voluptasaut','sedexercitationem',103),(103,'Mollitiaexpedita','quiipsa',104),(104,'Veniamminima','velitest',105),(105,'Placeatsunt','teneturreiciendis',106),(106,'Porrosimilique','autemveniam',107),(107,'Quialibero','quidemest',108),(108,'Quisquamest','enimest',109),(109,'Illoeos','quidemnesciunt',110),(110,'Idconsectetur','eumest',111),(111,'Mollitiaquia','eumlaboriosam',112),(112,'Molestiaedicta','estquibusdam',113),(113,'Doloribusmagni','autdicta',114),(114,'Etvoluptatem','namdebitis',115),(115,'Omnisfuga','autaut',116),(116,'Culpapariatur','uta',117),(117,'Temporibusharum','eosnobis',118),(118,'Perferendissunt','maximenecessitatibus',119),(119,'Namvoluptatibus','autinventore',120),(120,'Autquisquam','dictasit',121),(121,'Sitsint','utminima',122),(122,'Ipsavoluptas','suntcumque',123),(123,'Sedsint','remadipisci',124),(124,'Voluptasmagnam','officiavel',125),(125,'Quoplaceat','laudantiumnon',126),(126,'Ducimusfuga','inexcepturi',127),(127,'Doloremipsam','nonincidunt',129),(128,'Itaqueoccaecati','officiaodit',130),(129,'Utiste','temporibusquia',131),(130,'Molestiaealiquam','nonunde',132),(131,'Sedmolestiae','accusamusvoluptatem',133),(132,'Facilismolestias','fugitminus',134),(133,'Etnon','eosdoloribus',135),(134,'Fugaquis','doloremin',136),(135,'Sequifacere','seddolor',137),(136,'Solutaamet','faciliscupiditate',138),(137,'Minusfacilis','utlibero',139),(138,'Sedet','nullanihil',140),(139,'Inciduntvoluptas','velimpedit',141),(140,'Nisisapiente','fugitcorrupti',142),(141,'Ipsaunde','impeditaut',143),(142,'Eaqueet','culparepellat',144),(143,'Laudantiumdolores','etreiciendis',145),(144,'Architectoet','veritatiseum',146),(145,'Quodvelit','eosvoluptas',147),(146,'Exsed','dignissimosrem',148),(147,'Quisquamdolores','velitunde',149),(148,'Etsed','autin',150),(149,'Eosquis','itaqueadipisci',151),(150,'Numquamaut','nonamet',152),(151,'Iuredolorum','doloremquequis',153),(152,'Consequatursint','magnamincidunt',154),(153,'Autdicta','harumdolorem',155),(154,'Consequatursint','estconsequatur',156),(155,'Laudantiummolestiae','enimest',157),(156,'Utautem','idplaceat',158),(157,'Inciduntnam','delenitirerum',159),(158,'Etiure','quisut',160),(159,'Nobisa','velest',161),(160,'Beataetempora','dictasaepe',162),(161,'Corporisdolore','voluptatesitaque',163),(162,'Nihillabore','quosblanditiis',164),(163,'Fugiatunde','aliquideligendi',165),(164,'Necessitatibuseius','quibusdamut',166),(165,'Explicaboducimus','eiusadipisci',167),(166,'Harumet','magnamaliquid',168),(167,'Suscipitnon','itaqueet',169),(168,'Maximedolor','etlabore',170),(169,'Doloresenim','ullamdignissimos',171),(170,'Autperspiciatis','ethic',172),(171,'Quotempore','autemdolorem',173),(172,'Doloremreprehenderit','voluptateunde',174),(173,'Mollitiamaiores','etipsum',175),(174,'Nisinostrum','solutarerum',176),(175,'Possimusquae','sedet',177),(176,'Etdeserunt','verodolore',178),(177,'Estcorrupti','consecteturnulla',179),(178,'Doloresqui','minimaeos',180),(179,'Officiistenetur','culpanon',181),(180,'Nostrumsapiente','molestiaeet',182);
/*!40000 ALTER TABLE `locations` ENABLE KEYS */;
UNLOCK TABLES;

--
-- Table structure for table `model_group_links`
--

DROP TABLE IF EXISTS `model_group_links`;
/*!40101 SET @saved_cs_client     = @@character_set_client */;
/*!40101 SET character_set_client = utf8 */;
CREATE TABLE `model_group_links` (
  `id` int(11) NOT NULL AUTO_INCREMENT,
  `ancestor_id` int(11) DEFAULT NULL,
  `descendant_id` int(11) DEFAULT NULL,
  `direct` tinyint(1) DEFAULT NULL,
  `count` int(11) DEFAULT NULL,
  `label` varchar(255) COLLATE utf8_unicode_ci DEFAULT NULL,
  PRIMARY KEY (`id`),
  KEY `index_model_group_links_on_ancestor_id` (`ancestor_id`),
  KEY `index_model_group_links_on_direct` (`direct`),
  KEY `index_on_descendant_id_and_ancestor_id_and_direct` (`descendant_id`,`ancestor_id`,`direct`)
) ENGINE=InnoDB AUTO_INCREMENT=9 DEFAULT CHARSET=utf8 COLLATE=utf8_unicode_ci;
/*!40101 SET character_set_client = @saved_cs_client */;

--
-- Dumping data for table `model_group_links`
--

LOCK TABLES `model_group_links` WRITE;
/*!40000 ALTER TABLE `model_group_links` DISABLE KEYS */;
INSERT INTO `model_group_links` VALUES (1,2,10,1,1,NULL),(2,2,8,1,1,NULL),(3,5,10,1,1,NULL),(4,5,9,1,1,NULL),(5,1,9,1,1,NULL),(6,1,11,0,1,NULL),(7,5,11,0,1,NULL),(8,9,11,1,1,NULL);
/*!40000 ALTER TABLE `model_group_links` ENABLE KEYS */;
UNLOCK TABLES;

--
-- Table structure for table `model_groups`
--

DROP TABLE IF EXISTS `model_groups`;
/*!40101 SET @saved_cs_client     = @@character_set_client */;
/*!40101 SET character_set_client = utf8 */;
CREATE TABLE `model_groups` (
  `id` int(11) NOT NULL AUTO_INCREMENT,
  `type` varchar(255) COLLATE utf8_unicode_ci DEFAULT NULL,
  `name` varchar(255) COLLATE utf8_unicode_ci DEFAULT NULL,
  `created_at` datetime DEFAULT NULL,
  `updated_at` datetime DEFAULT NULL,
  PRIMARY KEY (`id`),
  KEY `index_model_groups_on_type` (`type`)
) ENGINE=InnoDB AUTO_INCREMENT=15 DEFAULT CHARSET=utf8 COLLATE=utf8_unicode_ci;
/*!40101 SET character_set_client = @saved_cs_client */;

--
-- Dumping data for table `model_groups`
--

LOCK TABLES `model_groups` WRITE;
/*!40000 ALTER TABLE `model_groups` DISABLE KEYS */;
INSERT INTO `model_groups` VALUES (1,'Category','Beamer','2015-06-21 11:36:48','2015-06-21 11:36:48'),(2,'Category','Kameras','2015-06-21 11:36:48','2015-06-21 11:36:48'),(3,'Category','Stative','2015-06-21 11:36:48','2015-06-21 11:36:48'),(4,'Category','Hifi-Anlagen','2015-06-21 11:36:48','2015-06-21 11:36:48'),(5,'Category','Notebooks','2015-06-21 11:36:48','2015-06-21 11:36:48'),(6,'Category','RC Helikopter','2015-06-21 11:36:48','2015-06-21 11:36:48'),(7,'Category','Computer','2015-06-21 11:36:48','2015-06-21 11:36:48'),(8,'Category','Kurzdistanz','2015-06-21 11:36:48','2015-06-21 11:36:48'),(9,'Category','Portabel','2015-06-21 11:36:48','2015-06-21 11:36:48'),(10,'Category','Standard','2015-06-21 11:36:48','2015-06-21 11:36:48'),(11,'Category','Micro','2015-06-21 11:36:48','2015-06-21 11:36:48'),(12,'Template','Kamera & Stativ','2015-06-21 11:36:48','2015-06-21 11:36:48'),(13,'Template','Beamer & Hifi','2015-06-21 11:36:48','2015-06-21 11:36:48'),(14,'Template','Unaccomplishable template','2015-06-21 11:36:48','2015-06-21 11:36:48');
/*!40000 ALTER TABLE `model_groups` ENABLE KEYS */;
UNLOCK TABLES;

--
-- Table structure for table `model_links`
--

DROP TABLE IF EXISTS `model_links`;
/*!40101 SET @saved_cs_client     = @@character_set_client */;
/*!40101 SET character_set_client = utf8 */;
CREATE TABLE `model_links` (
  `id` int(11) NOT NULL AUTO_INCREMENT,
  `model_group_id` int(11) DEFAULT NULL,
  `model_id` int(11) DEFAULT NULL,
  `quantity` int(11) DEFAULT '1',
  PRIMARY KEY (`id`),
  KEY `index_model_links_on_model_id_and_model_group_id` (`model_id`,`model_group_id`),
  KEY `index_model_links_on_model_group_id_and_model_id` (`model_group_id`,`model_id`)
) ENGINE=InnoDB AUTO_INCREMENT=73 DEFAULT CHARSET=utf8 COLLATE=utf8_unicode_ci;
/*!40101 SET character_set_client = @saved_cs_client */;

--
-- Dumping data for table `model_links`
--

LOCK TABLES `model_links` WRITE;
/*!40000 ALTER TABLE `model_links` DISABLE KEYS */;
INSERT INTO `model_links` VALUES (1,1,58,1),(2,9,58,1),(3,1,59,1),(4,1,60,1),(5,1,62,1),(6,9,62,1),(7,11,63,1),(8,1,64,1),(9,1,65,1),(10,1,66,1),(11,1,67,1),(12,1,68,1),(13,1,69,1),(14,1,70,1),(15,1,71,1),(16,1,72,1),(17,1,73,1),(18,1,74,1),(19,1,75,1),(20,1,76,1),(21,1,77,1),(22,1,78,1),(23,1,79,1),(24,1,80,1),(25,1,81,1),(26,1,82,1),(27,1,83,1),(28,2,84,1),(29,2,85,1),(30,2,86,1),(31,2,87,1),(32,2,88,1),(33,2,89,1),(34,2,90,1),(35,2,91,1),(36,2,92,1),(37,2,93,1),(38,2,94,1),(39,2,95,1),(40,2,96,1),(41,2,97,1),(42,2,98,1),(43,2,99,1),(44,2,100,1),(45,2,101,1),(46,2,102,1),(47,2,103,1),(48,2,104,1),(49,2,105,1),(50,2,106,1),(51,2,107,1),(52,2,108,1),(53,2,109,1),(54,2,110,1),(55,2,111,1),(56,2,112,1),(57,2,113,1),(58,2,114,1),(59,4,115,1),(60,3,116,1),(61,12,84,1),(62,12,116,1),(63,13,58,1),(64,13,115,1),(65,14,84,999),(66,14,116,999),(67,2,149,1),(68,7,150,1),(69,5,151,1),(70,6,152,1),(71,6,153,1),(72,6,154,1);
/*!40000 ALTER TABLE `model_links` ENABLE KEYS */;
UNLOCK TABLES;

--
-- Table structure for table `models`
--

DROP TABLE IF EXISTS `models`;
/*!40101 SET @saved_cs_client     = @@character_set_client */;
/*!40101 SET character_set_client = utf8 */;
CREATE TABLE `models` (
  `id` int(11) NOT NULL AUTO_INCREMENT,
  `type` varchar(255) COLLATE utf8_unicode_ci NOT NULL DEFAULT 'Model',
  `manufacturer` varchar(255) COLLATE utf8_unicode_ci DEFAULT NULL,
  `product` varchar(255) COLLATE utf8_unicode_ci NOT NULL,
  `version` varchar(255) COLLATE utf8_unicode_ci DEFAULT NULL,
  `description` text COLLATE utf8_unicode_ci,
  `internal_description` text COLLATE utf8_unicode_ci,
  `info_url` varchar(255) COLLATE utf8_unicode_ci DEFAULT NULL,
  `rental_price` decimal(8,2) DEFAULT NULL,
  `maintenance_period` int(11) DEFAULT '0',
  `is_package` tinyint(1) DEFAULT '0',
  `technical_detail` text COLLATE utf8_unicode_ci,
  `hand_over_note` text COLLATE utf8_unicode_ci,
  `created_at` datetime DEFAULT NULL,
  `updated_at` datetime DEFAULT NULL,
  PRIMARY KEY (`id`),
  KEY `index_models_on_is_package` (`is_package`),
  KEY `index_models_on_type` (`type`)
) ENGINE=InnoDB AUTO_INCREMENT=295 DEFAULT CHARSET=utf8 COLLATE=utf8_unicode_ci;
/*!40101 SET character_set_client = @saved_cs_client */;

--
-- Dumping data for table `models`
--

LOCK TABLES `models` WRITE;
/*!40000 ALTER TABLE `models` DISABLE KEYS */;
INSERT INTO `models` VALUES (1,'Model','Kihn-Fisher','Intelligent Wooden Pants','1','Itaque perspiciatis corrupti incidunt pariatur quae distinctio ab vel.','Suscipit exercitationem distinctio incidunt sunt ipsum rem.',NULL,NULL,2,0,'Est placeat molestiae sint asperiores consequatur aut eaque.','Laboriosam molestiae eveniet sapiente minus ex nesciunt.','2015-06-21 11:36:48','2015-06-21 11:36:48'),(2,'Model','Pfannerstill, Kuhn and Nitzsche','Rustic Wooden Shirt','2','Saepe molestiae cupiditate et.','Nobis esse iusto laudantium omnis.',NULL,NULL,0,0,'Qui non autem molestiae assumenda tenetur sed occaecati.','Odio laudantium sit tempora aut ut.','2015-06-21 11:36:48','2015-06-21 11:36:48'),(3,'Model','Predovic Inc','Gorgeous Steel Chair','3','Ad qui molestiae quia voluptas temporibus.','Voluptatem eaque sed culpa voluptas adipisci earum vero corporis.',NULL,NULL,2,0,'Ipsa quis quos ea id necessitatibus.','Deleniti vel quam qui modi quas quia error.','2015-06-21 11:36:48','2015-06-21 11:36:48'),(4,'Model','Wiegand LLC','Ergonomic Wooden Chair','4','Laboriosam sint voluptas ipsam modi error quae et omnis.','Sed consequatur architecto dolorem deleniti ipsa labore.',NULL,NULL,3,0,'Quia enim eum unde.','Qui nihil ducimus ea.','2015-06-21 11:36:48','2015-06-21 11:36:48'),(5,'Model','Johns Inc','Fantastic Plastic Shirt','5','Tempora natus repellendus vitae iste velit temporibus et consequuntur.','Dolor dignissimos molestias ea aperiam sed.',NULL,NULL,1,0,'Saepe quidem dolore cumque quo quaerat.','Eius officiis omnis error quaerat autem consequuntur.','2015-06-21 11:36:48','2015-06-21 11:36:48'),(6,'Model','Kuvalis-Moen','Small Steel Hat','6','Et possimus a fugiat hic odio corporis optio quasi.','Quidem illum qui quas.',NULL,NULL,1,0,'Id voluptas exercitationem aut corrupti omnis sequi dolores.','Itaque eum repellendus officiis occaecati qui et autem.','2015-06-21 11:36:48','2015-06-21 11:36:48'),(7,'Model','Cronin Inc','Awesome Plastic Shoes','7','Mollitia autem non earum cumque aliquid vitae saepe.','In veniam minima rem pariatur.',NULL,NULL,3,0,'Magnam quaerat vel aut rerum consequuntur assumenda reiciendis maxime.','Voluptatem itaque labore iste totam esse aut eligendi asperiores.','2015-06-21 11:36:48','2015-06-21 11:36:48'),(8,'Model','Langosh-Kassulke','Intelligent Steel Car','8','Quae et qui temporibus eaque et aut suscipit corrupti.','Quia eos voluptas ea rerum.',NULL,NULL,1,0,'Fugiat et qui modi et in nobis neque autem.','Quia porro qui molestias.','2015-06-21 11:36:48','2015-06-21 11:36:48'),(9,'Model','Zboncak Inc','Gorgeous Cotton Shirt','9','Molestias officiis iusto repellat.','Ut maxime ut quis consequatur nam.',NULL,NULL,3,0,'Et quis ut quia vel sed enim omnis deserunt.','Cum voluptatibus iusto eos nam porro assumenda explicabo.','2015-06-21 11:36:48','2015-06-21 11:36:48'),(10,'Model','Green and Sons','Incredible Plastic Shoes','10','Distinctio in veritatis repellat repellendus.','Omnis ipsum hic fugit aut iusto aut numquam.',NULL,NULL,3,0,'Praesentium non ex minima.','Mollitia commodi quia omnis sed repudiandae.','2015-06-21 11:36:48','2015-06-21 11:36:48'),(11,'Model','Stehr LLC','Fantastic Steel Shirt','11','Enim minus doloremque sed perferendis sit accusamus quam.','Quo aut ex mollitia qui dolorum libero.',NULL,NULL,1,0,'Qui vero dolores et blanditiis.','Dolores est voluptas asperiores dicta qui eum.','2015-06-21 11:36:48','2015-06-21 11:36:48'),(12,'Model','Nolan-Roberts','Fantastic Concrete Chair','12','Ut pariatur reiciendis est minima.','Sit voluptatum totam quod voluptatibus sunt.',NULL,NULL,2,0,'Eligendi nobis non tempore temporibus magni modi voluptatem corrupti.','Dolores culpa distinctio et doloribus unde aspernatur animi.','2015-06-21 11:36:48','2015-06-21 11:36:48'),(13,'Model','Kozey and Sons','Rustic Wooden Gloves','13','Facere blanditiis cupiditate soluta libero eos ullam et odit.','Recusandae vitae dolorum molestiae.',NULL,NULL,1,0,'Adipisci sed aperiam sapiente officiis nam sit sunt.','Voluptas neque qui rerum accusamus enim.','2015-06-21 11:36:48','2015-06-21 11:36:48'),(14,'Model','Maggio and Sons','Intelligent Wooden Chair','14','Eum at autem quibusdam dolorem dignissimos omnis autem fuga.','Dolor hic voluptatem esse consequatur tempora maiores.',NULL,NULL,0,0,'Inventore nostrum non perferendis in consequatur.','Nam est qui repellendus error velit dignissimos optio nihil.','2015-06-21 11:36:48','2015-06-21 11:36:48'),(15,'Model','Nikolaus-Hane','Sleek Wooden Table','15','Saepe non qui beatae earum.','Ad ut et hic perferendis.',NULL,NULL,2,0,'Velit iste mollitia quisquam assumenda est.','Provident voluptas quia veniam rem maxime et accusamus.','2015-06-21 11:36:48','2015-06-21 11:36:48'),(16,'Model','Dicki Group','Intelligent Cotton Gloves','16','Consectetur et dolor quia facere consequuntur eum.','Alias optio cupiditate voluptates ab itaque.',NULL,NULL,0,0,'Molestiae repellendus sunt pariatur blanditiis rem excepturi.','Qui commodi in cum.','2015-06-21 11:36:48','2015-06-21 11:36:48'),(17,'Model','Gutmann, Lehner and O\'Kon','Gorgeous Rubber Gloves','17','Aut et quis quia minus voluptas.','Cupiditate laborum voluptatum tempore fuga.',NULL,NULL,1,0,'Quo animi perferendis possimus repellat quasi.','Aliquid aut delectus iste corporis suscipit.','2015-06-21 11:36:48','2015-06-21 11:36:48'),(18,'Model','Bartell, Tromp and O\'Reilly','Practical Concrete Pants','18','Dolorum quis voluptas praesentium aliquid.','Cumque id quisquam est iste veniam incidunt impedit.',NULL,NULL,0,0,'Atque cupiditate nulla dicta.','Qui perspiciatis sit corrupti nihil ut consequuntur aliquid quaerat.','2015-06-21 11:36:48','2015-06-21 11:36:48'),(19,'Model','Armstrong, Schmidt and McLaughlin','Sleek Wooden Shirt','19','Est ipsa vel cumque incidunt non rerum voluptate.','Nobis odit asperiores numquam in.',NULL,NULL,2,0,'Harum esse magni accusantium.','Et corporis non repellendus aut.','2015-06-21 11:36:48','2015-06-21 11:36:48'),(20,'Model','Quigley and Sons','Sleek Rubber Computer','20','Sunt commodi nihil quo aut esse explicabo ipsam.','Sequi minus quis molestiae.',NULL,NULL,1,0,'Est qui sapiente debitis esse ipsa libero.','Ducimus culpa deserunt exercitationem et omnis beatae sapiente.','2015-06-21 11:36:48','2015-06-21 11:36:48'),(21,'Model','Hudson LLC','Awesome Cotton Pants','21','Ut quia quia odit magni ipsum hic qui veritatis.','Consequatur provident dignissimos mollitia.',NULL,NULL,2,0,'Nobis tempore atque suscipit praesentium.','Cumque commodi iure tempore dolores officia aut.','2015-06-21 11:36:48','2015-06-21 11:36:48'),(22,'Model','O\'Keefe Group','Sleek Cotton Car','22','Nam amet voluptatem minima at laudantium minus natus iure.','Quia et distinctio sint qui.',NULL,NULL,3,0,'Esse voluptate beatae asperiores tenetur.','Corrupti expedita officiis ut qui eum.','2015-06-21 11:36:48','2015-06-21 11:36:48'),(23,'Model','Aufderhar Inc','Rustic Concrete Computer','23','Ipsa ea sunt quia reiciendis.','Ut dignissimos neque non vel iusto sint quas.',NULL,NULL,0,0,'Inventore voluptatum beatae voluptatem quia.','Rerum illum aperiam cupiditate et.','2015-06-21 11:36:48','2015-06-21 11:36:48'),(24,'Model','Boehm, Casper and O\'Kon','Sleek Plastic Gloves','24','Quia reprehenderit et necessitatibus dolorum facere.','Iusto sed adipisci magni nisi accusamus.',NULL,NULL,3,0,'Incidunt dolorem dolore dignissimos.','Aliquid sed praesentium ducimus repellendus architecto optio.','2015-06-21 11:36:48','2015-06-21 11:36:48'),(25,'Model','Mohr, Sporer and O\'Hara','Fantastic Rubber Chair','25','Voluptatibus omnis incidunt accusamus doloremque blanditiis.','Voluptatibus optio et minima nobis accusamus dolorem mollitia.',NULL,NULL,3,0,'Aliquid delectus illo et doloremque reprehenderit.','Incidunt officiis in est aut eaque esse et quisquam.','2015-06-21 11:36:48','2015-06-21 11:36:48'),(26,'Model','Jakubowski Group','Awesome Cotton Hat','26','Totam omnis nesciunt ut ratione fuga.','Et rem ut fugiat sit beatae alias.',NULL,NULL,0,0,'Repellat exercitationem dicta dolorem.','Totam nesciunt odio distinctio nihil molestiae iste.','2015-06-21 11:36:48','2015-06-21 11:36:48'),(27,'Model','Yundt-Romaguera','Awesome Rubber Pants','27','Magnam voluptatem voluptatem qui ipsa mollitia veritatis illo soluta.','Et commodi quos nulla autem quaerat perspiciatis excepturi voluptas.',NULL,NULL,0,0,'Ipsum molestiae porro enim.','Autem in sunt aperiam voluptatem.','2015-06-21 11:36:48','2015-06-21 11:36:48'),(28,'Model','Abbott, O\'Reilly and Langosh','Intelligent Wooden Shoes','28','Id excepturi temporibus sit placeat ducimus.','Est earum qui eligendi.',NULL,NULL,3,0,'Velit ut minus ex est velit.','Consectetur alias qui et architecto at omnis voluptas soluta.','2015-06-21 11:36:48','2015-06-21 11:36:48'),(29,'Model','Jones-Keebler','Ergonomic Steel Table','29','Consectetur a ut suscipit in.','Aliquam illo officiis id dolorem.',NULL,NULL,3,0,'Nulla et nam et.','Eveniet ipsum neque quam quas.','2015-06-21 11:36:48','2015-06-21 11:36:48'),(30,'Model','Roob, Metz and Keebler','Incredible Steel Computer','30','Voluptates deserunt veritatis nostrum id qui sed dolores nulla.','Perspiciatis numquam ullam voluptas.',NULL,NULL,3,0,'Culpa et sed officiis possimus aut.','Deserunt aut est officia.','2015-06-21 11:36:48','2015-06-21 11:36:48'),(31,'Model','Bode Group','Gorgeous Plastic Shoes','31','Veritatis et rem voluptatem.','Necessitatibus repudiandae adipisci porro aperiam amet sed.',NULL,NULL,2,0,'Ratione ab vero nihil animi.','Dicta fugit et velit.','2015-06-21 11:36:48','2015-06-21 11:36:48'),(32,'Model','Smith-Littel','Incredible Wooden Pants','32','Inventore praesentium voluptatibus asperiores.','Tenetur quibusdam esse incidunt corporis qui autem quaerat voluptatem.',NULL,NULL,1,0,'Magni quis sequi aliquid vel similique distinctio accusantium velit.','Laudantium voluptatem quam qui.','2015-06-21 11:36:48','2015-06-21 11:36:48'),(33,'Model','Fahey, Gutkowski and Keebler','Intelligent Plastic Shoes','33','Incidunt nemo sit accusamus dolor fugiat consequatur veritatis expedita.','Molestias totam vel aperiam.',NULL,NULL,3,0,'Architecto doloremque molestias ipsum dolor amet inventore sunt facilis.','Et sit occaecati id in et.','2015-06-21 11:36:48','2015-06-21 11:36:48'),(34,'Model','Wyman, Metz and Williamson','Ergonomic Cotton Gloves','34','Ab atque illo consequuntur sint.','Et qui deleniti perspiciatis atque quasi.',NULL,NULL,1,0,'Et labore quibusdam eveniet ut laboriosam laudantium aut.','Odit voluptatem eum eos et aut aut perspiciatis.','2015-06-21 11:36:48','2015-06-21 11:36:48'),(35,'Model','Marvin, Toy and Kris','Ergonomic Wooden Car','35','Id et consequatur aut autem in quibusdam laborum.','Tempore est quisquam et in dolore expedita laboriosam.',NULL,NULL,0,0,'Qui veniam amet molestiae sed.','Et accusamus et est aut occaecati cupiditate.','2015-06-21 11:36:48','2015-06-21 11:36:48'),(36,'Model','Watsica and Sons','Fantastic Rubber Shoes','36','Eum aut earum aliquam qui rerum vel nihil sequi.','Aperiam eum sed labore sit aspernatur.',NULL,NULL,2,0,'Id nulla molestiae cum et explicabo maiores est.','Quia ea occaecati itaque et exercitationem ipsum dignissimos.','2015-06-21 11:36:48','2015-06-21 11:36:48'),(37,'Model','Senger-Kutch','Incredible Concrete Shirt','37','Doloribus mollitia aut nemo expedita tempore.','Sed molestiae perspiciatis culpa voluptatibus non quia dolores.',NULL,NULL,1,0,'Quos optio quaerat id enim id voluptatem delectus saepe.','Esse nihil vel autem.','2015-06-21 11:36:48','2015-06-21 11:36:48'),(38,'Model','Beahan and Sons','Sleek Wooden Shoes','38','Qui error qui temporibus excepturi exercitationem et dolores.','Optio blanditiis itaque non natus aut et veniam.',NULL,NULL,2,0,'Est minus esse cumque voluptas.','Voluptatibus dicta odio cupiditate nulla expedita quis in.','2015-06-21 11:36:48','2015-06-21 11:36:48'),(39,'Model','Runolfsdottir, Klocko and Zulauf','Gorgeous Rubber Car','39','Officiis occaecati distinctio soluta deserunt.','Placeat qui voluptate aut dicta a vel eum illo.',NULL,NULL,2,0,'Hic cumque nisi mollitia expedita.','Consequatur ut eum nesciunt.','2015-06-21 11:36:48','2015-06-21 11:36:48'),(40,'Model','Von, Altenwerth and Kuphal','Awesome Granite Hat','40','Voluptate quas officiis quia in sit voluptas.','Ut voluptatibus alias accusamus odio harum aut.',NULL,NULL,0,0,'Iusto dolorem dolores nesciunt nemo ea rem et distinctio.','Ipsa ex perspiciatis consequatur hic vero voluptas a.','2015-06-21 11:36:48','2015-06-21 11:36:48'),(41,'Model','Beier, Littel and Ryan','Intelligent Wooden Hat','41','Nisi ullam voluptatibus atque tempore perferendis ut.','Doloribus repellendus cum aut quis.',NULL,NULL,2,0,'Sit veritatis et consequatur voluptas totam assumenda iste repudiandae.','Cum in adipisci qui molestiae odit.','2015-06-21 11:36:48','2015-06-21 11:36:48'),(42,'Model','Mraz, Gaylord and Zboncak','Incredible Concrete Car','42','Vel ratione vitae quam fugiat.','Sed nihil veritatis porro minus.',NULL,NULL,2,0,'Est eum similique dolorum hic sit molestiae error consequatur.','Nihil non corrupti molestias voluptatum quia reiciendis.','2015-06-21 11:36:48','2015-06-21 11:36:48'),(43,'Model','Tromp and Sons','Practical Concrete Chair','43','Saepe est ipsam soluta nihil sunt suscipit omnis.','Accusantium deleniti ut error dicta.',NULL,NULL,0,0,'Voluptatum velit sint at asperiores.','Ut amet quae a velit suscipit aut ex provident.','2015-06-21 11:36:48','2015-06-21 11:36:48'),(44,'Model','Corkery LLC','Incredible Wooden Car','44','Ut esse nostrum id dolor rerum non rem.','Accusamus alias dolorum tempore quis doloribus est.',NULL,NULL,2,0,'Illo saepe ipsum est assumenda velit vitae.','Impedit debitis quia dolorem dolores illum.','2015-06-21 11:36:48','2015-06-21 11:36:48'),(45,'Model','Boyle-Brekke','Practical Cotton Gloves','45','Magnam et quia ut error.','Velit voluptatem reprehenderit eveniet ut sapiente debitis repudiandae et.',NULL,NULL,0,0,'Quasi quisquam dolore doloribus.','Aut voluptas ut impedit.','2015-06-21 11:36:48','2015-06-21 11:36:48'),(46,'Model','Will Group','Small Concrete Shirt','46','Dignissimos ipsam debitis est ut sit quis quia eaque.','Voluptatum aliquid explicabo sequi minima dolores placeat repellat atque.',NULL,NULL,3,0,'Explicabo rerum eum eum quia fuga quae.','Laudantium nisi aut et sunt dolore omnis.','2015-06-21 11:36:48','2015-06-21 11:36:48'),(47,'Model','Leuschke-Gorczany','Incredible Plastic Pants','47','Iusto dolorum ullam sunt sit numquam eos eum ut.','Incidunt quo voluptatem consequatur.',NULL,NULL,0,0,'Sed blanditiis pariatur dolorem.','Provident non repudiandae molestias incidunt accusamus iste.','2015-06-21 11:36:48','2015-06-21 11:36:48'),(48,'Model','Mraz LLC','Sleek Rubber Table','48','Non omnis asperiores minima et sit officiis quae neque.','Sint nihil id suscipit modi adipisci.',NULL,NULL,0,0,'Consectetur in est ex et sed quam.','Est eveniet quas eligendi voluptate.','2015-06-21 11:36:48','2015-06-21 11:36:48'),(49,'Model','Kub-Kunze','Small Granite Car','49','Id natus magni quia ut et sed.','Quis nobis quo eius sint quo mollitia fugiat.',NULL,NULL,2,0,'Incidunt est omnis tempore qui.','Quod quo assumenda amet optio magni repellendus voluptates.','2015-06-21 11:36:48','2015-06-21 11:36:48'),(50,'Model','Goyette and Sons','Practical Concrete Table','50','Iusto aut est ut quis suscipit quam eveniet.','Distinctio id delectus tempore in.',NULL,NULL,0,0,'Et sit tenetur tempora quae.','Blanditiis officiis quia quidem ea.','2015-06-21 11:36:48','2015-06-21 11:36:48'),(51,'Model','Zieme, Orn and Schumm','Awesome Concrete Computer','51','Rerum corporis hic tempore aut aspernatur.','Odio velit necessitatibus nam qui autem mollitia magni ipsa.',NULL,NULL,2,0,'Et aut et et accusamus.','Laboriosam et aut deleniti et.','2015-06-21 11:36:48','2015-06-21 11:36:48'),(52,'Model','Collier Inc','Sleek Steel Gloves','52','Et quaerat quam perferendis.','Sequi at totam libero perspiciatis impedit aut.',NULL,NULL,0,0,'Aut necessitatibus distinctio et deleniti illum dolorem ex sapiente.','Consequatur dolorem vero suscipit.','2015-06-21 11:36:48','2015-06-21 11:36:48'),(53,'Model','Wolf-Schoen','Practical Plastic Shirt','53','Corporis delectus laboriosam odit.','Omnis sint aspernatur corporis explicabo et voluptate.',NULL,NULL,2,0,'Quis ab iure sit qui sapiente perferendis id assumenda.','Dicta pariatur facilis et dolorum officiis ut.','2015-06-21 11:36:48','2015-06-21 11:36:48'),(54,'Model','Robel, Goodwin and Nienow','Awesome Plastic Gloves','54','Aliquid voluptas quo dolorum.','Eos consectetur enim eum eaque quo doloremque et.',NULL,NULL,2,0,'Et rem iure aut omnis.','Perferendis ut aut qui ut.','2015-06-21 11:36:48','2015-06-21 11:36:48'),(55,'Model','Anderson-Mayert','Intelligent Granite Table','55','Omnis quisquam ipsam possimus velit est numquam.','Molestias sunt hic quae.',NULL,NULL,2,0,'Accusantium eaque ut atque et magni ad sed sit.','Inventore aliquid iste occaecati ipsum explicabo non est ullam.','2015-06-21 11:36:48','2015-06-21 11:36:48'),(56,'Model','Mante-Haag','Gorgeous Concrete Chair','56','Quo veniam sint harum.','Laborum nostrum culpa molestias architecto ut.',NULL,NULL,0,0,'Eos saepe consequatur dicta veritatis debitis.','Ullam consequatur qui consectetur adipisci explicabo doloremque enim.','2015-06-21 11:36:48','2015-06-21 11:36:48'),(57,'Model','Apple','MacBookPro','57','Laptop fr Studis und Angestellte.','Sapiente quisquam dicta vero ut earum est.',NULL,NULL,0,0,'Voluptate corrupti quibusdam fugit et omnis.','Mit Verpackung aushndigen.','2015-06-21 11:36:48','2015-06-21 11:36:48'),(58,'Model','Sharp','Sharp Beamer','123','Beamer, geeignet fr alle Verwendungszwecke.','Ab earum et dignissimos quia.',NULL,NULL,0,0,'Hic aut qui qui at non sit sapiente.','Beamer brauch ein VGA Kabel!','2015-06-21 11:36:48','2015-06-21 11:36:48'),(59,'Model','Sharp','Sharp Beamer 2D','58','Beamer, geeignet fr alle Verwendungszwecke.','Beatae itaque sint rerum sed.',NULL,NULL,0,0,'Aliquam facilis voluptatem fugit aut.','Quia occaecati quasi ut et nihil ea.','2015-06-21 11:36:48','2015-06-21 11:36:48'),(60,'Model','Panasonic','Mini Beamer','59','Beamer, geeignet fr alle Verwendungszwecke.','Iste dicta voluptatem maiores omnis sunt.',NULL,NULL,0,0,'Delectus esse ducimus ab aut sequi nostrum rem aspernatur.','Possimus maiores nam dolorum est est fugit.','2015-06-21 11:36:48','2015-06-21 11:36:48'),(61,'Model','Sharp','Sharp Beamer','456','Beamer, geeignet fr alle Verwendungszwecke.','Nesciunt repudiandae nostrum porro consectetur aspernatur qui sequi maxime.',NULL,NULL,0,0,'Distinctio sapiente asperiores cupiditate fugiat alias.','Beamer brauch ein VGA Kabel!','2015-06-21 11:36:48','2015-06-21 11:36:48'),(62,'Model','Sony','Ultra Compact Beamer','60','Besonders kleiner Beamer.','Sequi nemo dolore ducimus dolor suscipit est.',NULL,NULL,0,0,'Debitis quam est commodi repellat consequatur.','Beamer brauch ein VGA Kabel!','2015-06-21 11:36:48','2015-06-21 11:36:48'),(63,'Model','Micro','Micro Beamer','61','Besonders mikro kleiner Beamer.','Eum maiores mollitia id non est quidem necessitatibus rerum.',NULL,NULL,0,0,'Iste perspiciatis aut et vel aut provident et et.','Beamer brauch ein VGA Kabel!','2015-06-21 11:36:48','2015-06-21 11:36:48'),(64,'Model','Sony','Beamer 1 deleniti','62','Eos voluptatum qui omnis quaerat rerum est perspiciatis quasi.','Illo corporis et iure quae non expedita.',NULL,NULL,0,0,'Omnis neque alias impedit suscipit non et praesentium aperiam.','Beamer brauch ein VGA Kabel!','2015-06-21 11:36:48','2015-06-21 11:36:48'),(65,'Model','Sony','Beamer 2 debitis','63','Amet ex delectus asperiores molestiae et.','Error quisquam et ducimus nostrum animi.',NULL,NULL,0,0,'Rem et qui hic.','Beamer brauch ein VGA Kabel!','2015-06-21 11:36:48','2015-06-21 11:36:48'),(66,'Model','Sony','Beamer 3 fuga','64','Eaque voluptatem non odit ex.','Quia vel veritatis quisquam officia nam accusantium magnam expedita.',NULL,NULL,0,0,'Dignissimos aspernatur hic dolorum esse vitae est et ut.','Beamer brauch ein VGA Kabel!','2015-06-21 11:36:48','2015-06-21 11:36:48'),(67,'Model','Sony','Beamer 4 eligendi','65','Voluptas deserunt et repellat voluptate.','Non non illum accusamus.',NULL,NULL,0,0,'Consequatur nihil hic sit ab voluptas nihil quis ut.','Beamer brauch ein VGA Kabel!','2015-06-21 11:36:48','2015-06-21 11:36:48'),(68,'Model','Sony','Beamer 5 nobis','66','Doloremque deleniti molestiae rem omnis quis est distinctio non.','Nihil facilis quisquam vero voluptas sit voluptates dolore.',NULL,NULL,0,0,'Aut minima non voluptas eos.','Beamer brauch ein VGA Kabel!','2015-06-21 11:36:48','2015-06-21 11:36:48'),(69,'Model','Sony','Beamer 6 id','67','Optio rerum est vel eos nulla quo nihil quo.','Totam adipisci odio magnam voluptatem.',NULL,NULL,0,0,'Tempora laboriosam labore quia dolorum.','Beamer brauch ein VGA Kabel!','2015-06-21 11:36:48','2015-06-21 11:36:48'),(70,'Model','Sony','Beamer 7 quae','68','Impedit ut dolore dolor aut.','Pariatur at ullam expedita incidunt rerum.',NULL,NULL,0,0,'Quis ipsam qui eaque ipsum laborum.','Beamer brauch ein VGA Kabel!','2015-06-21 11:36:48','2015-06-21 11:36:48'),(71,'Model','Sony','Beamer 8 deserunt','69','Voluptas consequatur voluptas ipsa.','Ratione hic deserunt nihil.',NULL,NULL,0,0,'Dolorem pariatur et natus qui et est voluptatem.','Beamer brauch ein VGA Kabel!','2015-06-21 11:36:48','2015-06-21 11:36:48'),(72,'Model','Sony','Beamer 9 architecto','70','Quasi cumque harum voluptatibus qui maiores voluptate amet.','Dolorem eius quisquam in sapiente enim nemo commodi.',NULL,NULL,0,0,'Molestias tempore quis sunt at laboriosam natus laudantium.','Beamer brauch ein VGA Kabel!','2015-06-21 11:36:48','2015-06-21 11:36:48'),(73,'Model','Sony','Beamer 10 nesciunt','71','Quas necessitatibus est magnam nemo.','Ipsam minima esse mollitia.',NULL,NULL,0,0,'Et reiciendis nihil consectetur.','Beamer brauch ein VGA Kabel!','2015-06-21 11:36:48','2015-06-21 11:36:48'),(74,'Model','Sony','Beamer 11 exercitationem','72','Fugit et placeat perferendis quas dolores voluptate.','Placeat aut blanditiis ut voluptas nostrum veritatis dolores.',NULL,NULL,0,0,'Beatae id voluptate et at quasi vel omnis.','Beamer brauch ein VGA Kabel!','2015-06-21 11:36:48','2015-06-21 11:36:48'),(75,'Model','Sony','Beamer 12 veniam','73','Et quia commodi adipisci et est officia.','Debitis veniam doloribus inventore atque nisi.',NULL,NULL,0,0,'Ducimus consequatur rerum dolor laudantium veritatis alias reprehenderit.','Beamer brauch ein VGA Kabel!','2015-06-21 11:36:48','2015-06-21 11:36:48'),(76,'Model','Sony','Beamer 13 minus','74','Porro et fugiat non quo voluptas repudiandae.','Et aliquam et iure quibusdam ducimus.',NULL,NULL,0,0,'Rerum cumque quia recusandae a.','Beamer brauch ein VGA Kabel!','2015-06-21 11:36:48','2015-06-21 11:36:48'),(77,'Model','Sony','Beamer 14 nihil','75','Porro ut excepturi ex dolorum.','Amet esse sapiente cumque.',NULL,NULL,0,0,'Totam aut sunt voluptas ducimus.','Beamer brauch ein VGA Kabel!','2015-06-21 11:36:48','2015-06-21 11:36:48'),(78,'Model','Sony','Beamer 15 et','76','Commodi laborum quos hic.','A ducimus ut nihil.',NULL,NULL,0,0,'Accusantium sit est nihil incidunt eum.','Beamer brauch ein VGA Kabel!','2015-06-21 11:36:48','2015-06-21 11:36:48'),(79,'Model','Sony','Beamer 16 eos','77','Nihil quo assumenda vel qui sequi quibusdam.','Architecto distinctio id dolore.',NULL,NULL,0,0,'Incidunt ab ullam voluptas nemo dolore officiis blanditiis eos.','Beamer brauch ein VGA Kabel!','2015-06-21 11:36:48','2015-06-21 11:36:48'),(80,'Model','Sony','Beamer 17 alias','78','Fugit praesentium eveniet facilis exercitationem repudiandae.','Nam et illum aut quia itaque aspernatur et est.',NULL,NULL,0,0,'Est quos sapiente tempora quia ad dolor voluptatibus.','Beamer brauch ein VGA Kabel!','2015-06-21 11:36:48','2015-06-21 11:36:48'),(81,'Model','Sony','Beamer 18 consequatur','79','Commodi hic qui nisi voluptatem.','Ut nulla voluptas provident voluptatibus.',NULL,NULL,0,0,'Provident harum aut aut aut.','Beamer brauch ein VGA Kabel!','2015-06-21 11:36:48','2015-06-21 11:36:48'),(82,'Model','Sony','Beamer 19 doloribus','80','Et maiores et temporibus blanditiis officiis maxime aut at.','Ut iste nobis aut molestias eos.',NULL,NULL,0,0,'Aut rem aliquid odio sint sequi ut sed.','Beamer brauch ein VGA Kabel!','2015-06-21 11:36:48','2015-06-21 11:36:48'),(83,'Model','Sony','Beamer 20 iure','81','Velit nostrum et quod ullam quaerat.','Doloremque ab harum ut vitae quod.',NULL,NULL,0,0,'Porro aspernatur velit voluptas id vel ut quos rerum.','Beamer brauch ein VGA Kabel!','2015-06-21 11:36:48','2015-06-21 11:36:48'),(84,'Model','Nikon','Kamera Nikon','X12','Super Kamera.','Vel et quidem architecto enim laudantium assumenda cumque mollitia.',NULL,NULL,0,0,'Placeat id omnis ab et at.','Kamera brauch Akkus!','2015-06-21 11:36:48','2015-06-21 11:36:48'),(85,'Model','Nikon','Camera 1 quo','82','Dignissimos ex et ipsum sunt a dolorem enim repellat.','Perspiciatis aut aliquam vel commodi.',NULL,NULL,0,0,'Enim et exercitationem aliquam quos.','Voluptas aut rerum aperiam aut vel cum.','2015-06-21 11:36:48','2015-06-21 11:36:48'),(86,'Model','Nikon','Camera 2 enim','83','Et laboriosam quisquam placeat.','Id et unde veniam.',NULL,NULL,0,0,'Suscipit qui repellendus a voluptatem quibusdam cupiditate.','Illum labore voluptatem ut nostrum placeat.','2015-06-21 11:36:48','2015-06-21 11:36:48'),(87,'Model','Nikon','Camera 3 eius','84','Inventore consequatur repellendus voluptatum.','Et similique voluptatem aut ut corrupti.',NULL,NULL,0,0,'Velit tempore quasi beatae mollitia ipsum debitis soluta.','Doloribus consequatur facilis quidem totam eum beatae dignissimos commodi.','2015-06-21 11:36:48','2015-06-21 11:36:48'),(88,'Model','Nikon','Camera 4 consequuntur','85','Quos asperiores soluta autem ut repellendus perferendis.','Non culpa veniam eum excepturi cupiditate est vel itaque.',NULL,NULL,0,0,'Voluptas iure aut aperiam quas perspiciatis.','Sunt illo corrupti soluta expedita sed veritatis sequi et.','2015-06-21 11:36:48','2015-06-21 11:36:48'),(89,'Model','Nikon','Camera 5 similique','86','Consequatur dolorem fugit sit aut accusantium laudantium asperiores.','Magni deleniti tempore doloremque debitis est.',NULL,NULL,0,0,'Recusandae quia doloribus dolor iusto ea.','Sequi officiis quas eveniet maxime recusandae.','2015-06-21 11:36:48','2015-06-21 11:36:48'),(90,'Model','Nikon','Camera 6 et','87','Sed repudiandae sit sit eum harum officia facilis.','Ipsa sint eius possimus laudantium deserunt.',NULL,NULL,0,0,'Tempora quod repellendus distinctio sequi aliquid consequatur rerum.','Rerum fuga et impedit odit sapiente autem.','2015-06-21 11:36:48','2015-06-21 11:36:48'),(91,'Model','Nikon','Camera 7 cupiditate','88','Repudiandae sit molestiae veniam.','Repellat rem aut enim.',NULL,NULL,0,0,'Totam non deserunt porro autem eaque modi at quis.','Nihil architecto ea omnis sed natus eius voluptas at.','2015-06-21 11:36:48','2015-06-21 11:36:48'),(92,'Model','Nikon','Camera 8 amet','89','Neque rerum officiis quos ea aliquid dolorem ut et.','Cupiditate omnis nulla in rerum laudantium.',NULL,NULL,0,0,'Voluptatem inventore consequatur incidunt est temporibus eos sed sed.','Excepturi officia minus saepe optio culpa.','2015-06-21 11:36:48','2015-06-21 11:36:48'),(93,'Model','Nikon','Camera 9 facilis','90','Numquam quis ratione maxime occaecati.','Vero ut ea molestias fugiat tenetur repudiandae et.',NULL,NULL,0,0,'Laudantium facere eum adipisci voluptatem aut itaque iusto maiores.','Soluta sit vel libero unde quia numquam et voluptas.','2015-06-21 11:36:48','2015-06-21 11:36:48'),(94,'Model','Nikon','Camera 10 et','91','Dolor alias facilis voluptates quidem et rerum ut.','Id autem sapiente laudantium voluptatem culpa eius et consequatur.',NULL,NULL,0,0,'Repudiandae adipisci dolores accusantium placeat delectus.','Eos neque ipsa architecto et et.','2015-06-21 11:36:48','2015-06-21 11:36:48'),(95,'Model','Nikon','Camera 11 aut','92','Praesentium quibusdam a sit magnam et aspernatur.','Saepe odio aliquam occaecati est laboriosam voluptas atque.',NULL,NULL,0,0,'Quis cum voluptatem rem nesciunt.','Optio sed tempore iusto.','2015-06-21 11:36:48','2015-06-21 11:36:48'),(96,'Model','Nikon','Camera 12 ab','93','Pariatur ad quibusdam soluta harum.','Tenetur quia omnis est ducimus repellat quas.',NULL,NULL,0,0,'Ipsum eos natus et asperiores alias.','Molestiae consequuntur aut nihil.','2015-06-21 11:36:48','2015-06-21 11:36:48'),(97,'Model','Nikon','Camera 13 quis','94','Esse culpa quod minus et architecto molestiae.','Id omnis dolorem corrupti iste autem reprehenderit ut itaque.',NULL,NULL,0,0,'Vero non maiores in adipisci suscipit voluptatem omnis.','Magnam voluptates voluptatum minima optio enim culpa.','2015-06-21 11:36:48','2015-06-21 11:36:48'),(98,'Model','Nikon','Camera 14 ipsum','95','Aspernatur cumque minus velit quia est quos.','Harum eos eveniet architecto doloribus ipsum alias.',NULL,NULL,0,0,'Sunt doloremque explicabo dolor ad excepturi aut et deserunt.','Ea aut aliquam laboriosam natus.','2015-06-21 11:36:48','2015-06-21 11:36:48'),(99,'Model','Nikon','Camera 15 mollitia','96','Pariatur id ea architecto error facilis distinctio aspernatur ad.','Sint unde esse repellat nemo deserunt atque.',NULL,NULL,0,0,'Harum aliquid inventore non sit perspiciatis dolorem.','Consequatur non sunt tempore cumque facilis ipsa eum occaecati.','2015-06-21 11:36:48','2015-06-21 11:36:48'),(100,'Model','Nikon','Camera 16 sed','97','Aut ipsum fuga error eos molestiae laudantium consequatur.','Sit pariatur repellat sequi perferendis autem possimus deserunt.',NULL,NULL,0,0,'Debitis minima placeat commodi laboriosam necessitatibus qui.','Et neque dolor tenetur.','2015-06-21 11:36:48','2015-06-21 11:36:48'),(101,'Model','Nikon','Camera 17 nihil','98','Sit explicabo libero neque ut dicta sit.','Et illum non quod beatae quaerat illo at dolore.',NULL,NULL,0,0,'Et voluptatem dicta similique animi vero quis eligendi est.','Modi quo ut culpa unde dolorem ut iure quia.','2015-06-21 11:36:48','2015-06-21 11:36:48'),(102,'Model','Nikon','Camera 18 fuga','99','Tenetur est rerum ut voluptatem neque voluptatem sed.','Numquam voluptatibus odio voluptates.',NULL,NULL,0,0,'Quidem a laboriosam accusamus.','Eveniet quasi aut quidem quia porro culpa dolores.','2015-06-21 11:36:48','2015-06-21 11:36:48'),(103,'Model','Nikon','Camera 19 autem','100','Nam quia recusandae ullam.','A dicta voluptatem eligendi repudiandae consequatur.',NULL,NULL,0,0,'Consequuntur quidem beatae modi qui dolorem.','Ipsa omnis dolorem omnis doloremque.','2015-06-21 11:36:48','2015-06-21 11:36:48'),(104,'Model','Nikon','Camera 20 sed','101','Sed iure iusto nihil non impedit animi.','Expedita animi neque dolorum modi.',NULL,NULL,0,0,'Quibusdam laudantium expedita rem culpa quisquam necessitatibus occaecati officia.','Temporibus sunt necessitatibus in.','2015-06-21 11:36:48','2015-06-21 11:36:48'),(105,'Model','Nikon','Camera 21 qui','102','Ab aperiam maxime laudantium vel labore atque tempore dolorem.','Et illo recusandae qui.',NULL,NULL,0,0,'Et animi ex itaque.','Sint consectetur impedit quod eaque laborum cumque ut.','2015-06-21 11:36:48','2015-06-21 11:36:48'),(106,'Model','Nikon','Camera 22 officiis','103','Consequatur porro blanditiis reiciendis rem.','Consequatur temporibus ipsum explicabo nulla.',NULL,NULL,0,0,'Nihil non rerum ex doloribus omnis.','Assumenda iusto ea in.','2015-06-21 11:36:48','2015-06-21 11:36:48'),(107,'Model','Nikon','Camera 23 id','104','Qui repellendus ut delectus nihil.','Sunt nulla earum molestiae saepe aut aperiam deleniti.',NULL,NULL,0,0,'Quos quia labore quia odio.','Velit est non qui eaque alias sed.','2015-06-21 11:36:48','2015-06-21 11:36:48'),(108,'Model','Nikon','Camera 24 omnis','105','Sed quasi necessitatibus et aut officiis illo.','Quisquam possimus voluptas voluptate eveniet id rerum natus nesciunt.',NULL,NULL,0,0,'Possimus accusamus reprehenderit blanditiis.','At minima eos rerum.','2015-06-21 11:36:48','2015-06-21 11:36:48'),(109,'Model','Nikon','Camera 25 a','106','Vel eos rerum sed et iure aut.','Minima sit suscipit laudantium quae voluptatibus aperiam cumque odio.',NULL,NULL,0,0,'Qui tempore tempora est dolorem alias eum autem molestias.','Consequatur est quidem aliquid vero qui corrupti dolores.','2015-06-21 11:36:48','2015-06-21 11:36:48'),(110,'Model','Nikon','Camera 26 optio','107','Eum vitae impedit fugit dicta omnis temporibus non.','Accusantium ullam sit minus deleniti consequatur.',NULL,NULL,0,0,'Rerum odit quod est corrupti illum id et nobis.','Sint fugiat labore qui dolores.','2015-06-21 11:36:48','2015-06-21 11:36:48'),(111,'Model','Nikon','Camera 27 illum','108','Est ut id sed praesentium voluptatem.','Debitis ut voluptatum voluptates.',NULL,NULL,0,0,'Delectus illum provident hic deleniti minus.','In numquam est alias.','2015-06-21 11:36:48','2015-06-21 11:36:48'),(112,'Model','Nikon','Camera 28 alias','109','Cum et sapiente dolores quisquam ut.','Unde itaque quis est doloremque non voluptatem.',NULL,NULL,0,0,'Nihil dolore accusamus quae.','Odit sequi rem culpa nisi modi aspernatur.','2015-06-21 11:36:48','2015-06-21 11:36:48'),(113,'Model','Nikon','Camera 29 voluptatem','110','Non odit est consequatur.','Odit reiciendis cupiditate omnis voluptatum quos ut.',NULL,NULL,0,0,'Ipsum vel facilis repudiandae sint est recusandae.','Vel fugiat quae dicta.','2015-06-21 11:36:48','2015-06-21 11:36:48'),(114,'Model','Nikon','Camera 30 nihil','111','Corrupti quidem ut soluta dolor laboriosam.','Perferendis et excepturi nulla fuga.',NULL,NULL,0,0,'Sint maiores atque est omnis.','Quis et et sunt aut culpa minima.','2015-06-21 11:36:48','2015-06-21 11:36:48'),(115,'Model','Sony','Hifi Standard','112','Facilis eius sunt blanditiis dignissimos.','Magnam a et non qui eum repellendus occaecati similique.',NULL,NULL,1,0,'Et qui qui nihil.','Id odit quasi sapiente ut laudantium autem aliquid assumenda.','2015-06-21 11:36:48','2015-06-21 11:36:48'),(116,'Model','Feli','Kamera Stativ','123','Stabiles Kamera Stativ','Neque enim ea voluptas ipsa saepe.',NULL,NULL,0,0,'Nostrum explicabo quod earum perferendis sit velit asperiores sapiente.','Stativ muss mit Stativtasche ausgehndigt werden.','2015-06-21 11:36:48','2015-06-21 11:36:48'),(117,'Model','Bose','BoseSmall Concrete Gloves','113','Qui molestiae magnam sint dolor omnis dolorum. Vitae cum dolorem. Omnis ex officia consequatur.','Vitae in est qui ut nihil enim.',NULL,NULL,0,0,'Impedit et nostrum alias in ea maiores ad exercitationem.','Modi laboriosam nihil voluptatibus ratione tenetur ex nisi.','2015-06-21 11:36:48','2015-06-21 11:36:48'),(118,'Model','Bose','BoseSmall Wooden Hat','114','Voluptates laborum consequatur dolorem. Dolores et vero libero repellat asperiores. Ex dolorem nam vel eveniet. Deserunt nam in quia voluptatem aut expedita commodi. Laborum sed sit vel illum.','Voluptatem sint corporis doloribus possimus natus.',NULL,NULL,0,0,'Nam est ullam ut repellendus quibusdam.','A aut assumenda necessitatibus non delectus et aspernatur explicabo.','2015-06-21 11:36:48','2015-06-21 11:36:48'),(119,'Model','Kohler LLC','Kamera Set','118','Id et numquam nulla qui tempore aut minus fugit.','Qui inventore mollitia numquam ipsum doloremque voluptatem quis voluptatibus.',NULL,NULL,1,1,'Eaque rerum voluptas mollitia ipsa ullam architecto.','Nisi ipsum voluptatem temporibus nam qui nesciunt quod eos.','2015-06-21 11:36:48','2015-06-21 11:36:48'),(120,'Model','Reinger, Okuneva and Bayer','Rustic Granite Shirt','119','Adipisci ea aliquam ipsam ipsa doloremque.','Sed dolorem magnam consequatur.',NULL,NULL,1,0,'Soluta aliquid quia ipsum molestias laborum.','Sit enim est fugiat.','2015-06-21 11:36:48','2015-06-21 11:36:48'),(121,'Model','Kohler LLC','Gorgeous Granite Chair','120','Et possimus maiores quod rerum.','Totam numquam voluptas aspernatur vel quaerat debitis.',NULL,NULL,1,0,'Quisquam veniam molestiae voluptas ut recusandae.','Harum et natus alias sint vero unde pariatur.','2015-06-21 11:36:48','2015-06-21 11:36:48'),(122,'Model','Casper, Thompson and Fadel','Rustic Rubber Chair','121','Cupiditate deleniti itaque debitis.','Corporis est qui eos.',NULL,NULL,1,0,'Exercitationem odit dignissimos omnis quod.','Necessitatibus qui esse vel.','2015-06-21 11:36:48','2015-06-21 11:36:48'),(123,'Model','Braun LLC','Incredible Rubber Gloves','122','Impedit et ullam dolor iure possimus adipisci qui.','Rerum velit tempore blanditiis voluptatum natus.',NULL,NULL,3,0,'Blanditiis commodi vel autem beatae non.','Harum molestiae sint consequatur ratione accusamus quo vel iste.','2015-06-21 11:36:48','2015-06-21 11:36:48'),(124,'Model','Beier, Berge and Hegmann','Sleek Granite Hat','123','Aperiam dolores quos distinctio dicta velit nemo corporis cumque.','Totam ullam nemo laborum sunt mollitia repellendus autem officiis.',NULL,NULL,1,0,'Sint provident officia nobis facere modi.','Qui corrupti non dignissimos voluptas quia laboriosam.','2015-06-21 11:36:48','2015-06-21 11:36:48'),(125,'Model','Lehner-Cartwright','Small Steel Chair','124','Et temporibus quia rerum voluptatum suscipit optio.','Ratione est porro eveniet architecto aut iusto accusamus.',NULL,NULL,1,0,'Est aperiam et veniam deleniti exercitationem velit qui.','Maxime aut vitae exercitationem recusandae iste delectus.','2015-06-21 11:36:48','2015-06-21 11:36:48'),(126,'Model','Murazik-Carroll','Rustic Steel Computer','125','Quibusdam et voluptatem qui dolor voluptatem.','Nam tempore quibusdam vel aperiam ad.',NULL,NULL,3,0,'Qui sunt quis unde.','Mollitia quae eaque vero modi dicta.','2015-06-21 11:36:48','2015-06-21 11:36:48'),(127,'Model','Schoen, Hagenes and Bergnaum','Ergonomic Plastic Computer','126','Ut sapiente quis explicabo mollitia quo.','Esse et et magnam.',NULL,NULL,0,0,'Sint doloremque ex sed aperiam.','Reprehenderit cumque incidunt exercitationem dolore voluptas eum voluptatem fuga.','2015-06-21 11:36:48','2015-06-21 11:36:48'),(128,'Model','Wisozk, Volkman and Bogisich','Gorgeous Steel Car','127','Vel vitae voluptatem sunt et inventore quis cupiditate.','Tempore suscipit in qui eligendi sit aspernatur rem.',NULL,NULL,1,0,'Tempore temporibus inventore id dolor mollitia doloremque non quo.','Molestiae quam dolores iure.','2015-06-21 11:36:48','2015-06-21 11:36:48'),(129,'Model','Eichmann, Schaefer and Boehm','Practical Steel Table','128','Rerum mollitia molestias aut quas recusandae in.','Et possimus tenetur officiis distinctio.',NULL,NULL,0,0,'Velit consequuntur est doloremque aliquam cupiditate incidunt ad dolores.','Eum similique impedit dicta nisi.','2015-06-21 11:36:48','2015-06-21 11:36:48'),(130,'Model','Bailey, Larkin and Ferry','Rustic Steel Table','129','Voluptas provident ipsum officiis reprehenderit.','Maiores dolores officia omnis.',NULL,NULL,2,0,'Nisi aut cumque laboriosam neque ut voluptas possimus.','At velit voluptatem deleniti et voluptas laboriosam.','2015-06-21 11:36:48','2015-06-21 11:36:48'),(131,'Model','Orn-Ward','Fantastic Rubber Shirt','130','Qui vero occaecati provident.','Harum magni voluptatum quam vitae ipsum deserunt quia.',NULL,NULL,3,0,'Corporis ratione quia inventore qui.','Possimus placeat rerum aspernatur ab eos optio molestiae unde.','2015-06-21 11:36:48','2015-06-21 11:36:48'),(132,'Model','Heathcote, Rolfson and Walker','Kamera Set2','131','Dicta earum inventore incidunt est quos aut.','Quo et magni quisquam quasi ipsa ullam id sit.',NULL,NULL,2,1,'Dolorum aut reprehenderit sint dolorem nostrum odit quas.','Facilis ullam et exercitationem quia quae consequatur veritatis rerum.','2015-06-21 11:36:48','2015-06-21 11:36:48'),(133,'Model','Zemlak, Sauer and Bahringer','Intelligent Wooden Table','132','Vel ut sunt recusandae adipisci.','Qui debitis necessitatibus corrupti ratione incidunt.',NULL,NULL,0,0,'Facilis qui provident et expedita sit voluptatum veritatis fugiat.','Vel ab omnis est.','2015-06-21 11:36:48','2015-06-21 11:36:48'),(134,'Model','Hand-Fritsch','Gorgeous Wooden Table','133','Similique dolorum dolores et explicabo eaque.','Exercitationem et aliquid eligendi labore et.',NULL,NULL,2,0,'Voluptate assumenda veritatis fuga consequatur aut placeat aut inventore.','Sit sint odio sit.','2015-06-21 11:36:48','2015-06-21 11:36:48'),(135,'Model','Ferry and Sons','Intelligent Granite Chair','134','Quaerat impedit et ullam qui molestias alias non dignissimos.','Ipsum quia omnis quia praesentium sint numquam explicabo quas.',NULL,NULL,2,0,'Quasi necessitatibus vel laudantium.','Veniam quia fugit dicta.','2015-06-21 11:36:48','2015-06-21 11:36:48'),(136,'Model','Hills-Murphy','Small Plastic Computer','135','Tempore qui voluptas vel voluptas natus laborum.','Sit sed non voluptatem aspernatur vero.',NULL,NULL,2,0,'Sed asperiores sunt ducimus.','Earum ut et ipsam enim sunt cum.','2015-06-21 11:36:48','2015-06-21 11:36:48'),(137,'Model','Hauck Group','Small Wooden Hat','136','Quia vel autem itaque.','Voluptas dolorem accusamus porro voluptatem aut.',NULL,NULL,0,0,'Odit reiciendis dolores autem quia et nam saepe est.','Libero natus perferendis delectus voluptatum.','2015-06-21 11:36:48','2015-06-21 11:36:48'),(138,'Model','Ebert, Walter and Lueilwitz','Incredible Cotton Hat','137','Corporis reprehenderit eaque voluptate eum nihil.','Velit nesciunt temporibus minus enim est rem nobis sunt.',NULL,NULL,0,0,'Qui quia culpa iste magni.','Consequuntur odio sed qui et cum odit.','2015-06-21 11:36:48','2015-06-21 11:36:48'),(139,'Model','Pfeffer, Hyatt and Jerde','Incredible Concrete Pants','138','Provident voluptate illo ducimus veniam et repellat.','Ut reprehenderit eaque autem laudantium modi error.',NULL,NULL,0,0,'Quia magni omnis consectetur quidem ut quisquam et placeat.','Adipisci omnis mollitia sed quo reiciendis omnis pariatur.','2015-06-21 11:36:48','2015-06-21 11:36:48'),(140,'Model','Turner Group','Small Steel Table','139','Fugit qui quasi sunt architecto velit.','Voluptatibus et enim qui vitae veniam ex aut repellat.',NULL,NULL,0,0,'Corrupti est culpa iusto occaecati quo.','Et sapiente ut rem qui quos non.','2015-06-21 11:36:48','2015-06-21 11:36:48'),(141,'Model','Aufderhar Inc','Small Steel Gloves','140','Aut inventore quos blanditiis nobis.','Velit aperiam suscipit quisquam placeat ratione saepe provident minima.',NULL,NULL,2,0,'Rerum sunt necessitatibus voluptatem omnis.','Placeat voluptate laboriosam mollitia et pariatur quae.','2015-06-21 11:36:48','2015-06-21 11:36:48'),(142,'Model','Bosco-Marquardt','Incredible Rubber Hat','141','Nihil quis error non culpa aut cumque.','Tenetur ullam vel voluptates.',NULL,NULL,0,0,'Debitis nam laborum velit qui.','Et nostrum consectetur quia aut iusto.','2015-06-21 11:36:48','2015-06-21 11:36:48'),(143,'Model','Flatley Inc','Fantastic Cotton Pants','142','Ducimus odio quae saepe est hic consequuntur.','Consequatur ex ea rerum.',NULL,NULL,1,0,'Et consequuntur perspiciatis voluptas ea eligendi et.','At facilis illum enim labore.','2015-06-21 11:36:48','2015-06-21 11:36:48'),(144,'Model','Auer-Watsica','Fantastic Concrete Shirt','143','Porro quia sed et doloremque et unde dolor eos.','Explicabo minus rerum quos aliquam qui.',NULL,NULL,2,0,'Amet eaque incidunt eos distinctio.','Labore dolorem vitae explicabo ipsa ea libero unde corporis.','2015-06-21 11:36:48','2015-06-21 11:36:48'),(145,'Model','Kris, Borer and McLaughlin','Gorgeous Cotton Shoes','144','Asperiores voluptate qui velit ipsam necessitatibus sed sunt optio.','Est rerum in ut doloribus odio aut recusandae.',NULL,NULL,0,0,'Officia hic esse quis eum minima aut recusandae aut.','Ut voluptate amet voluptatibus culpa facilis.','2015-06-21 11:36:48','2015-06-21 11:36:48'),(146,'Model','Turcotte, Bartoletti and Anderson','Gorgeous Rubber Pants','145','Voluptas nemo eaque voluptatem exercitationem nam quia voluptas.','Est ut qui amet impedit inventore minima.',NULL,NULL,3,0,'Et provident libero sint doloremque qui fuga.','Adipisci nobis cum minima corporis optio.','2015-06-21 11:36:48','2015-06-21 11:36:48'),(147,'Model','Schroeder Inc','Fantastic Concrete Table','146','Ut perspiciatis impedit necessitatibus qui sit consectetur.','Saepe fuga sunt animi.',NULL,NULL,0,0,'Voluptatum enim qui aperiam.','Modi voluptates aut delectus repudiandae voluptatum.','2015-06-21 11:36:48','2015-06-21 11:36:48'),(148,'Model','Smith-Schulist','Intelligent Wooden Car','147','Cumque sed consequuntur laudantium.','Veniam aut quaerat doloremque ut.',NULL,NULL,0,0,'Et dolor praesentium voluptas sequi earum quidem.','Cupiditate ipsum tempore adipisci at.','2015-06-21 11:36:48','2015-06-21 11:36:48'),(149,'Model','Canon','Kamera Canon D5','148','Ganz teure Kamera','Quia assumenda reiciendis quos vero consequatur aut alias et.',NULL,NULL,0,0,'Ipsum sit necessitatibus optio cupiditate porro quos sint et.','Kamera brauch Akkus!','2015-06-21 11:36:48','2015-06-21 11:36:48'),(150,'Model','Apple','iMac','149','Apples alter iMac','Nobis ut incidunt aspernatur.',NULL,NULL,0,0,'Illo veniam nisi unde earum nam ducimus placeat similique.','Quo quia sint maxime nihil.','2015-06-21 11:36:48','2015-06-21 11:36:48'),(151,'Model','Microsoft','Windows Laptop','150','Ein Laptop der Marke Microsoft','Vitae eligendi labore in asperiores.',NULL,NULL,0,0,'Iste nostrum dolorem necessitatibus cumque unde quam.','Laptop mit Tasche ausgeben','2015-06-21 11:36:48','2015-06-21 11:36:48'),(152,'Model','Walkera','Walkera v120','1G','3D Helikopter','Temporibus ab perspiciatis maxime reprehenderit non mollitia aut voluptate.',NULL,NULL,0,0,'Dolore necessitatibus odit nulla id repellendus aut.','Modi ut quas magnam ut doloribus.','2015-06-21 11:36:48','2015-06-21 11:36:48'),(153,'Model','Walkera','Walkera v120','2G','3D Helikopter','Dolores enim eum atque sed unde rerum id.',NULL,NULL,0,0,'Ipsa eum nisi minima commodi fugit consequatur labore.','Rerum rerum asperiores eum velit.','2015-06-21 11:36:48','2015-06-21 11:36:48'),(154,'Model','Walkera','Walkera v120','3G','3D Helikopter','Numquam in omnis eveniet ut non.',NULL,NULL,0,0,'Odit quia veniam temporibus explicabo.','Voluptatem qui libero occaecati perspiciatis ex illum esse.','2015-06-21 11:36:48','2015-06-21 11:36:48'),(155,'Software','Upton Group','Awesome Steel Car','151',NULL,NULL,NULL,NULL,0,0,NULL,NULL,'2015-06-21 11:36:48','2015-06-21 11:36:48'),(156,'Software','Keeling LLC','Fantastic Plastic Car','152',NULL,NULL,NULL,NULL,0,0,NULL,NULL,'2015-06-21 11:36:48','2015-06-21 11:36:48'),(157,'Software','Medhurst LLC','Rustic Granite Pants','153',NULL,NULL,NULL,NULL,0,0,NULL,NULL,'2015-06-21 11:36:48','2015-06-21 11:36:48'),(158,'Software','McKenzie and Sons','Awesome Wooden Computer','154',NULL,NULL,NULL,NULL,0,0,NULL,NULL,'2015-06-21 11:36:48','2015-06-21 11:36:48'),(159,'Software','Schneider Group','Rustic Plastic Computer','155',NULL,NULL,NULL,NULL,0,0,NULL,NULL,'2015-06-21 11:36:48','2015-06-21 11:36:48'),(160,'Software','Quitzon, Howell and Konopelski','Ergonomic Granite Hat','156',NULL,NULL,NULL,NULL,0,0,NULL,NULL,'2015-06-21 11:36:48','2015-06-21 11:36:48'),(161,'Software','Hyatt-Gislason','Sleek Concrete Pants','157',NULL,NULL,NULL,NULL,0,0,NULL,NULL,'2015-06-21 11:36:48','2015-06-21 11:36:48'),(162,'Software','Bogisich Group','Ergonomic Plastic Shoes','158',NULL,NULL,NULL,NULL,0,0,NULL,NULL,'2015-06-21 11:36:48','2015-06-21 11:36:48'),(163,'Software','Schmidt Group','Rustic Cotton Table','159',NULL,NULL,NULL,NULL,0,0,NULL,NULL,'2015-06-21 11:36:48','2015-06-21 11:36:48'),(164,'Software','Nienow-Denesik','Awesome Granite Shirt','160',NULL,NULL,NULL,NULL,0,0,NULL,NULL,'2015-06-21 11:36:48','2015-06-21 11:36:48'),(165,'Software','Wolff, Littel and Ritchie','Sleek Cotton Chair','161',NULL,NULL,NULL,NULL,0,0,NULL,NULL,'2015-06-21 11:36:48','2015-06-21 11:36:48'),(166,'Software','Hamill Group','Sleek Concrete Hat','162',NULL,NULL,NULL,NULL,0,0,'test http://test.ch\r\nwww.foo.ch\r\njust a text',NULL,'2015-06-21 11:36:48','2015-06-21 11:36:48'),(167,'Software','Pouros, O\'Connell and Bradtke','Incredible Cotton Pants','163',NULL,NULL,NULL,NULL,0,0,'test http://test.ch\r\nwww.foo.ch\r\njust a text',NULL,'2015-06-21 11:36:48','2015-06-21 11:36:48'),(168,'Software','Bartell, Schulist and Bayer','Small Rubber Hat','164',NULL,NULL,NULL,NULL,0,0,NULL,NULL,'2015-06-21 11:36:48','2015-06-21 11:36:48'),(169,'Model','Quitzon and Sons','Small Concrete Computer',NULL,'Asperiores laboriosam natus eius quos qui pariatur.','Quo eum nisi animi vero non.',NULL,NULL,3,0,'Consequatur aliquid sed sapiente cum repellendus ut voluptatem et.','Laboriosam esse perferendis necessitatibus quo provident dolore.','2015-06-21 11:36:48','2015-06-21 11:36:48'),(170,'Model','O\'Hara-Ruecker','Gorgeous Wooden Chair','165','Dignissimos voluptatum optio et.','Ullam eos ex delectus at autem.',NULL,NULL,2,0,'Dignissimos ut deserunt cum.','Nulla similique nisi iusto deleniti ut vitae praesentium.','2015-06-20 07:24:32','2015-06-20 07:24:32'),(171,'Model','Hane-Skiles','Gorgeous Granite Shoes','166','Voluptatem sit odit dolore sed quia pariatur.','Beatae repellendus nobis quae modi nihil dolorum.',NULL,NULL,1,0,'Architecto numquam et praesentium deleniti.','Voluptates tempora blanditiis animi maxime dolorum.','2015-06-20 07:24:32','2015-06-20 07:24:32'),(172,'Model','Ernser-Stokes','Fantastic Plastic Chair','167','Et sint voluptatem repellat voluptatibus placeat quam sequi.','Sed et at in doloremque quam sed velit sapiente.',NULL,NULL,0,0,'Quaerat eum praesentium enim consequatur.','Ut aliquid voluptatem molestias libero sit quis tenetur magnam.','2015-06-20 07:24:32','2015-06-20 07:24:32'),(173,'Model','Gislason, Tremblay and Schimmel','Ergonomic Granite Shirt','168','Mollitia nostrum sunt est voluptatem et.','Omnis aliquam aut sed sint cupiditate.',NULL,NULL,3,0,'Et et quidem quaerat quia expedita.','Sit eos numquam non tempore.','2015-06-20 07:24:32','2015-06-20 07:24:32'),(174,'Model','Braun-Macejkovic','Practical Cotton Computer','169','Ut voluptatem quibusdam ad.','Ex tenetur et sed et dignissimos quas.',NULL,NULL,0,0,'Velit enim porro minus.','Voluptate veritatis quia veniam soluta tempora saepe.','2015-06-20 07:24:32','2015-06-20 07:24:32'),(175,'Model','Auer-Schoen','Fantastic Concrete Computer','170','Autem eum delectus omnis sunt.','Voluptates quia voluptas distinctio omnis modi.',NULL,NULL,0,0,'Deleniti placeat quia id commodi enim doloribus qui dignissimos.','Facilis tempore similique neque.','2015-06-20 07:24:32','2015-06-20 07:24:32'),(176,'Model','Stamm-Abernathy','Gorgeous Cotton Hat','171','Cupiditate voluptas explicabo quam ut.','Modi sapiente soluta sit ratione amet.',NULL,NULL,1,0,'Molestiae numquam eum voluptate.','Consequatur est officiis dolor molestiae.','2015-06-20 07:24:32','2015-06-20 07:24:32'),(177,'Model','Goodwin Group','Sleek Rubber Gloves','172','Nobis aspernatur repudiandae qui est natus et excepturi minus.','Ut et voluptas quia ut.',NULL,NULL,0,0,'Tempora praesentium quidem sed ipsa est eligendi ea.','Voluptas aliquam maiores pariatur culpa.','2015-06-20 07:24:32','2015-06-20 07:24:32'),(178,'Model','Lakin-Bahringer','Small Wooden Chair','173','Sint qui quibusdam voluptatibus.','Et et cumque iusto.',NULL,NULL,0,0,'Ut omnis hic quis quibusdam.','Rerum sed voluptates autem modi.','2015-06-20 07:24:32','2015-06-20 07:24:32'),(179,'Model','Swaniawski-Gorczany','Awesome Granite Gloves','174','Eum ut aut illo dolore necessitatibus nam.','Aperiam eveniet qui fugiat cumque.',NULL,NULL,3,0,'Distinctio repellendus voluptas odio.','Consequatur inventore occaecati quod qui et necessitatibus ab consequatur.','2015-06-20 07:24:32','2015-06-20 07:24:32'),(180,'Model','Bergstrom, Haley and Kuhlman','Practical Granite Hat','175','Est incidunt blanditiis et.','A fuga quia qui.',NULL,NULL,3,0,'Quidem aspernatur nobis labore id animi inventore quis.','Non enim mollitia harum dolor necessitatibus.','2015-06-20 07:24:32','2015-06-20 07:24:32'),(181,'Model','Bashirian, Littel and Corwin','Intelligent Granite Shoes','176','Sequi molestias qui non porro dolorum saepe.','Autem repellat esse commodi totam nobis sed reprehenderit delectus.',NULL,NULL,1,0,'Sed fugit fuga laboriosam ullam voluptas.','Consequuntur impedit optio ut ea sit quia facilis quis.','2015-06-20 07:24:32','2015-06-20 07:24:32'),(182,'Model','Renner-Heaney','Sleek Rubber Shoes','177','Ullam autem et minima dolorum.','Laborum minima error facere.',NULL,NULL,0,0,'Repudiandae voluptate est iusto ad.','Ea repellendus voluptatibus culpa eos voluptas recusandae libero.','2015-06-20 07:24:33','2015-06-20 07:24:33'),(183,'Model','Prohaska Inc','Small Plastic Shoes','178','Ullam aliquid maiores voluptates.','Ut beatae aspernatur laboriosam possimus.',NULL,NULL,2,0,'Temporibus doloremque impedit veniam optio rem eveniet dolorem.','Reprehenderit laboriosam dolorum enim.','2015-06-20 07:24:33','2015-06-20 07:24:33'),(184,'Model','Pfeffer, Okuneva and Dickens','Intelligent Plastic Shirt','179','Eos id asperiores quam aut excepturi corrupti nemo.','Deserunt adipisci architecto molestiae odio.',NULL,NULL,0,0,'Sunt maiores dolorem veniam aut quo rem architecto nemo.','Dolor ut rem quia sit.','2015-06-20 07:24:33','2015-06-20 07:24:33'),(185,'Model','Schaden-Hansen','Sleek Plastic Table','180','Et quia rerum natus dolorem qui distinctio sint ipsum.','Doloremque nemo nisi vitae.',NULL,NULL,3,0,'Nemo neque inventore sunt aut et nesciunt.','Eos ratione sunt eveniet quia molestias excepturi accusamus.','2015-06-20 07:24:33','2015-06-20 07:24:33'),(186,'Model','Lockman Inc','Practical Wooden Shirt','181','Necessitatibus et sit debitis.','Architecto aperiam aspernatur qui iure nostrum rerum explicabo et.',NULL,NULL,3,0,'Inventore eum sed modi quo.','Exercitationem consequuntur laudantium molestias architecto totam quod iure fuga.','2015-06-20 07:24:33','2015-06-20 07:24:33'),(187,'Model','Hoeger-Bechtelar','Ergonomic Steel Gloves','182','Ipsum numquam sed voluptatem aliquam totam omnis maiores.','Nobis sunt corporis quia numquam ipsam.',NULL,NULL,3,0,'Eveniet animi quis aut at.','Eius placeat doloribus dolore earum perferendis.','2015-06-20 07:24:33','2015-06-20 07:24:33'),(188,'Model','McLaughlin-Considine','Practical Steel Shoes','183','Nesciunt reprehenderit dolor velit.','Voluptatem ea sunt expedita culpa numquam.',NULL,NULL,0,0,'Amet mollitia reiciendis blanditiis beatae.','Vero consequatur voluptatibus a vel eos incidunt itaque.','2015-06-20 07:24:33','2015-06-20 07:24:33'),(189,'Model','Lockman, Turcotte and Funk','Practical Concrete Shoes','184','Ut in enim ex omnis labore.','Deserunt exercitationem qui et maxime sapiente sint repellendus.',NULL,NULL,2,0,'Facere id consequuntur omnis aliquid omnis.','Natus odio excepturi ad ab repellendus molestiae perferendis similique.','2015-06-20 07:24:33','2015-06-20 07:24:33'),(190,'Model','Krajcik Group','Rustic Steel Shirt','185','Dolore deserunt sit delectus.','Rerum maxime non qui ad qui occaecati voluptatem.',NULL,NULL,0,0,'Saepe eum qui voluptate voluptas est.','Consequuntur deleniti id blanditiis assumenda exercitationem.','2015-06-20 07:24:33','2015-06-20 07:24:33'),(191,'Model','Fay-Lakin','Practical Concrete Car','186','Dignissimos nostrum distinctio nisi saepe temporibus fugit iure.','Reiciendis consequatur placeat ut qui pariatur nulla omnis.',NULL,NULL,0,0,'Ut ex itaque unde perspiciatis est labore rerum.','Dolores ut debitis quis.','2015-06-20 07:24:33','2015-06-20 07:24:33'),(192,'Model','Schinner and Sons','Fantastic Granite Computer','187','Fugit ad sint odio.','Numquam accusamus recusandae quae temporibus.',NULL,NULL,1,0,'Atque consectetur corporis cumque.','Et veniam doloribus in ut est a nisi.','2015-06-20 07:24:33','2015-06-20 07:24:33'),(193,'Model','Kemmer LLC','Awesome Rubber Computer','188','Dolorem animi fugit maiores cupiditate quas cumque dolores.','Fugiat illum voluptas maxime sapiente quo.',NULL,NULL,0,0,'Ipsa harum sapiente dolor magnam ex soluta.','Ea illo consequatur officia debitis tempora non.','2015-06-20 07:24:33','2015-06-20 07:24:33'),(194,'Model','Hermiston, Schamberger and McClure','Small Plastic Chair','189','Molestiae exercitationem dolor laudantium voluptatum nulla atque facilis.','Sed sed corporis nostrum aspernatur quibusdam.',NULL,NULL,0,0,'Corporis non maiores dignissimos vero vitae accusantium eum.','Assumenda perferendis eligendi cum facilis autem in iure voluptatem.','2015-06-20 07:24:33','2015-06-20 07:24:33'),(195,'Model','Kutch and Sons','Awesome Granite Table','190','Aut sed qui minus adipisci nemo.','Et sequi minus deserunt inventore pariatur eos perferendis.',NULL,NULL,1,0,'Omnis aliquid numquam perspiciatis sit cum.','Omnis molestiae dolores et et qui ut impedit.','2015-06-20 07:24:33','2015-06-20 07:24:33'),(196,'Model','Mayert, Schinner and Reichel','Intelligent Cotton Hat','191','Eligendi accusamus placeat est.','Consequatur consectetur totam neque.',NULL,NULL,0,0,'Debitis ex laudantium ipsam fuga ut sed nam maxime.','Voluptatem quam sunt libero voluptates ipsa.','2015-06-15 08:24:26','2015-06-15 08:24:26'),(197,'Model','Schinner, Hirthe and Nolan','Sleek Wooden Computer','192','Doloribus aut natus ut deserunt.','Id adipisci quia autem necessitatibus consequatur repellat.',NULL,NULL,1,0,'Sit culpa et ipsa quaerat.','Nam reprehenderit minus corporis.','2015-06-15 08:24:26','2015-06-15 08:24:26'),(198,'Model','Ferry, Considine and Luettgen','Gorgeous Cotton Car','193','Dolore doloremque quae est.','Assumenda veritatis nihil tenetur asperiores unde a.',NULL,NULL,3,0,'Repellendus atque pariatur tenetur aut dolorem.','Quia blanditiis sit sit doloribus aliquid.','2015-06-15 08:24:26','2015-06-15 08:24:26'),(199,'Model','King and Sons','Gorgeous Rubber Shoes','194','Corrupti aliquid in similique sit voluptas aut quo consectetur.','Expedita corrupti qui et.',NULL,NULL,3,0,'Consequatur odit quas atque.','Id quam provident quia sit suscipit nihil.','2015-06-15 03:07:31','2015-06-15 03:07:31'),(200,'Model','Ward, Goyette and Wolff','Fantastic Concrete Gloves','195','Voluptas maxime facilis ducimus.','Dolor omnis ad id.',NULL,NULL,1,0,'Ipsa natus ut veritatis dolor eligendi quos.','Eum quisquam provident id et repellat impedit enim.','2015-06-15 03:07:31','2015-06-15 03:07:31'),(201,'Model','Donnelly-Kohler','Ergonomic Steel Shirt','196','Esse minus incidunt ex ut.','Consequatur modi eius ut et quis ducimus soluta adipisci.',NULL,NULL,0,0,'Quia numquam consequuntur ipsam quia.','Est et nihil perspiciatis dolor.','2015-06-15 03:07:31','2015-06-15 03:07:31'),(202,'Model','Harris-Welch','Ergonomic Rubber Shoes','197','Sed voluptatem rerum iste occaecati quibusdam sit non expedita.','Nostrum explicabo sed quis reprehenderit debitis sapiente quam beatae.',NULL,NULL,1,0,'Quo suscipit repudiandae modi ea iusto qui quod.','Quas sit ut eligendi dolor atque libero.','2015-06-15 03:07:31','2015-06-15 03:07:31'),(203,'Model','Swift LLC','Fantastic Plastic Gloves','198','Sed voluptatem natus facere magnam eum.','Et in ut harum et temporibus debitis rerum.',NULL,NULL,0,0,'Quia fugit blanditiis iste atque quibusdam.','Tempore hic odio similique architecto non amet voluptas.','2015-06-15 03:07:31','2015-06-15 03:07:31'),(204,'Model','Schaefer-Rolfson','Rustic Plastic Chair','199','Sint suscipit at iusto magnam.','Eos sit necessitatibus sequi voluptatem porro.',NULL,NULL,3,0,'Explicabo et ut eveniet.','Qui in distinctio quibusdam doloremque dicta pariatur.','2015-06-15 03:07:31','2015-06-15 03:07:31'),(205,'Model','Oberbrunner and Sons','Sleek Cotton Shoes','200','Aliquam eaque non quia impedit occaecati suscipit.','Dolorem vel ipsa consequatur velit est voluptate et eos.',NULL,NULL,1,0,'Inventore est ut et voluptas soluta saepe.','Occaecati dignissimos eos beatae veritatis in dolorem.','2015-06-15 03:07:31','2015-06-15 03:07:31'),(206,'Model','Kessler-Hayes','Gorgeous Plastic Car','201','Qui velit enim accusantium ex unde non tempora.','Nesciunt doloribus sit hic rem.',NULL,NULL,2,0,'Similique reprehenderit error voluptatem ab.','At earum consequatur ut quod doloremque harum ullam vero.','2015-06-15 03:07:31','2015-06-15 03:07:31'),(207,'Model','Quigley, Conn and Klein','Intelligent Plastic Table','202','Nobis nihil vero qui.','Sequi fugit voluptas quia quis enim omnis cumque ea.',NULL,NULL,1,0,'Qui ea a corrupti accusantium et ullam consequuntur.','Aliquid alias similique et eveniet voluptate iusto.','2015-06-15 03:07:31','2015-06-15 03:07:31'),(208,'Model','Boyer-Hayes','Sleek Steel Hat','203','Non qui consequuntur officiis vel.','Veniam porro nemo alias iusto architecto perferendis.',NULL,NULL,1,0,'Accusantium quis inventore harum omnis.','Ut molestias ducimus nam.','2015-06-21 11:36:48','2015-06-21 11:36:48'),(209,'Model','Schiller-Renner','Rustic Rubber Hat','204','Sunt nisi similique nostrum dolores labore.','Facilis nihil incidunt neque velit earum modi repellendus.',NULL,NULL,2,0,'Aut rerum voluptatem numquam perferendis mollitia et facere ullam.','Sapiente blanditiis aliquam fugiat dolorem quos.','2015-06-21 11:36:48','2015-06-21 11:36:48'),(210,'Model','Lakin, Yundt and Sporer','Sleek Cotton Table','205','Voluptatum et ex quaerat ab rerum.','Eos aliquam velit eum necessitatibus explicabo.',NULL,NULL,1,0,'Aut consequatur rem vel.','Corporis qui praesentium facere iste dolores fugit.','2015-06-21 11:36:48','2015-06-21 11:36:48'),(211,'Model','Wintheiser-Rice','Rustic Cotton Chair','206','Dolorem aut aliquid ducimus veritatis sit.','Ex tenetur voluptatem praesentium dolorem blanditiis officia quo animi.',NULL,NULL,0,0,'Asperiores magnam expedita aliquid eius.','Voluptas quo adipisci deleniti voluptatibus magnam.','2015-06-21 11:36:48','2015-06-21 11:36:48'),(212,'Model','Koelpin, Hansen and Muller','Sleek Concrete Chair','207','Laboriosam sequi cumque corporis aut sunt.','Consequatur cum illo iure dicta.',NULL,NULL,2,0,'Id est sit eveniet minus veritatis.','Et at alias pariatur quia nisi illum omnis expedita.','2015-06-21 11:36:48','2015-06-21 11:36:48'),(213,'Model','Price, Waters and Zulauf','Small Wooden Gloves','208','Et rerum ut laudantium recusandae reprehenderit suscipit error.','Ut odio cum impedit eos dolore vitae.',NULL,NULL,2,0,'Sunt provident labore quis enim sint.','Ab omnis et cumque quod maiores quisquam quidem.','2015-06-21 11:36:48','2015-06-21 11:36:48'),(214,'Model','Muller-Nicolas','Small Cotton Chair','209','Qui repellat magni voluptates et rerum et odit culpa.','Quod nihil sint sed nobis modi nulla assumenda voluptatem.',NULL,NULL,3,0,'Voluptates esse dolorem deleniti quis a ipsa quam eos.','Numquam est non totam qui.','2015-06-21 11:36:48','2015-06-21 11:36:48'),(215,'Model','Lind-Jacobi','Incredible Plastic Hat','210','Voluptas sint eaque esse porro.','Et recusandae ea minus eaque blanditiis nobis deserunt et.',NULL,NULL,1,0,'Doloremque eos sunt ducimus earum debitis.','Labore similique fuga consequuntur et unde repudiandae odio nulla.','2015-06-21 11:36:48','2015-06-21 11:36:48'),(216,'Model','Dach Group','Intelligent Concrete Hat','211','Sint temporibus sunt est.','Harum vero esse ut accusamus ipsam ut.',NULL,NULL,2,0,'Optio consequatur velit aspernatur saepe doloremque minus.','Porro fuga quo ea.','2015-06-21 11:36:48','2015-06-21 11:36:48'),(217,'Model','Flatley and Sons','Ergonomic Concrete Chair','212','Dicta quod dolorem sed fuga sequi dolorum ut amet.','Officiis non sapiente nostrum.',NULL,NULL,2,0,'Voluptatum aut maxime accusantium.','Consequuntur reprehenderit et dicta itaque accusamus commodi.','2015-06-21 11:36:48','2015-06-21 11:36:48'),(218,'Model','Marvin-Wyman','Practical Plastic Computer','213','Cupiditate odit perferendis odio pariatur blanditiis accusantium nemo quas.','Ad quis et qui aut temporibus.',NULL,NULL,2,0,'Aut maiores nobis dignissimos optio est quia nam ad.','Ex cum rerum labore.','2015-06-21 11:36:48','2015-06-21 11:36:48'),(219,'Model','Spinka, Stoltenberg and Ledner','Sleek Plastic Pants','214','Alias accusamus minima cumque magni illo aut molestiae dicta.','Repellat debitis quae nisi.',NULL,NULL,2,0,'Voluptatem nisi perferendis ut.','Quis rerum eos alias maxime at tempora error quibusdam.','2015-06-21 11:36:48','2015-06-21 11:36:48'),(220,'Model','VonRueden, O\'Connell and Lueilwitz','Rustic Rubber Car','215','Modi voluptas asperiores est quod quia molestiae.','Iusto est incidunt sit perspiciatis ut quia doloribus.',NULL,NULL,1,0,'Necessitatibus fugiat dolore sunt.','Aut expedita omnis id culpa iusto.','2015-06-21 11:36:48','2015-06-21 11:36:48'),(221,'Model','Pfannerstill LLC','Small Wooden Car','216','A vel eos quaerat quam quibusdam dolor est aspernatur.','Eius eum amet fuga.',NULL,NULL,2,0,'Ut optio voluptas est ut qui hic.','Tenetur a animi laborum nulla quibusdam non sit.','2015-06-21 11:36:48','2015-06-21 11:36:48'),(222,'Model','Bauch Inc','Sleek Rubber Car','217','Quidem molestiae totam at et.','Praesentium maiores facere dolor sed dolorem deserunt et quis.',NULL,NULL,3,0,'Eius et quo eum et.','Sint aut quaerat autem accusantium est.','2015-06-21 11:36:48','2015-06-21 11:36:48'),(223,'Model','D\'Amore-Hayes','Gorgeous Concrete Pants','218','Quo et accusantium vel.','Ipsam ut praesentium sed sit dolores quia corrupti vero.',NULL,NULL,3,0,'Voluptatibus et doloribus omnis.','Ex ut similique laborum.','2015-06-21 11:36:48','2015-06-21 11:36:48'),(224,'Model','Shields Inc','Ergonomic Concrete Table','219','Debitis nihil qui dolores qui veniam sit aut aliquid.','Dolorem incidunt in adipisci assumenda magni voluptates cumque.',NULL,NULL,3,0,'Accusantium consequuntur fuga quasi dicta.','Fugiat non laborum et.','2015-06-21 11:36:48','2015-06-21 11:36:48'),(225,'Model','Watsica-Hessel','Rustic Wooden Chair','220','Repellat praesentium fugit quaerat sunt qui.','Est similique perferendis consequatur velit.',NULL,NULL,2,0,'Deleniti neque maxime voluptates iste voluptatum animi quo temporibus.','Corrupti asperiores molestias ipsum quaerat et magnam maiores.','2015-06-21 11:36:48','2015-06-21 11:36:48'),(226,'Model','Herzog-Kuhic','Incredible Wooden Shoes','221','Dolores omnis aut molestiae.','Facere est id et ut.',NULL,NULL,2,0,'Et et sed officia.','Molestias ut modi optio molestiae perspiciatis.','2015-06-21 11:36:48','2015-06-21 11:36:48'),(227,'Model','Kunde, Hagenes and Bahringer','Ergonomic Plastic Hat','222','Impedit earum cum aliquid.','Vel consectetur dolores aut excepturi ea vel ipsam id.',NULL,NULL,1,0,'Quas sit perferendis suscipit.','Officiis est nihil odio ipsam maiores magnam corrupti explicabo.','2015-06-21 11:36:48','2015-06-21 11:36:48'),(228,'Model','Considine, Kunze and Fisher','Gorgeous Granite Hat','224','Corporis vel deserunt eos dolorem sed repudiandae aut aperiam.','Aperiam eius vitae magni quibusdam.',NULL,NULL,0,0,'Et ut ipsa vero.','Voluptas voluptatem repellat suscipit consequatur et sapiente voluptate nesciunt.','2015-06-21 11:36:48','2015-06-21 11:36:48'),(229,'Software','Donnelly Group','Incredible Plastic Gloves','226',NULL,NULL,NULL,NULL,0,0,NULL,NULL,'2015-06-21 11:36:48','2015-06-21 11:36:48'),(230,'Model','Lehner, McGlynn and Gleason','Gorgeous Granite Table','227','Nesciunt quis ratione ea libero veniam.','Minima quae eius aut quia.',NULL,NULL,0,0,'Aut architecto est dolorum inventore deleniti non autem ullam.','Excepturi voluptas commodi totam accusamus perspiciatis facere autem.','2015-06-16 00:00:00','2015-06-16 00:00:00'),(231,'Model','Runolfsson-Dach','Sleek Wooden Pants','228','Et expedita ut dolor.','Necessitatibus dolor sint voluptas itaque omnis est libero.',NULL,NULL,1,0,'Voluptatem ducimus quos itaque quam.','Eum nemo reiciendis possimus.','2015-06-16 00:00:00','2015-06-16 00:00:00'),(232,'Model','Koss Inc','Practical Rubber Hat','229','Facilis tempora sapiente alias et.','Expedita enim animi tempore.',NULL,NULL,2,0,'Atque dolores aperiam ut est iure culpa aliquam.','Iste sit illo voluptates aut dolor et.','2015-06-16 00:00:00','2015-06-16 00:00:00'),(233,'Model','Robel, Vandervort and Kozey','Gorgeous Plastic Shirt','230','Harum repellat earum aliquam blanditiis.','Ipsa consequatur minima perferendis magni molestias exercitationem adipisci.',NULL,NULL,3,0,'Perferendis perspiciatis voluptates minus.','Molestiae dolorum ut ea at iste.','2015-06-16 00:00:00','2015-06-16 00:00:00'),(234,'Model','Runolfsdottir, Huel and Upton','Intelligent Steel Chair','232','Qui ut dicta voluptates exercitationem.','Quo illo voluptates maxime fugit qui molestias aut recusandae.',NULL,NULL,3,0,'Distinctio rerum consequatur quibusdam neque dolorum quam repellat.','Sunt ut eum laborum fugit quaerat consequatur ab sed.','2015-06-21 11:36:48','2015-06-21 11:36:48'),(235,'Model','Beatty and Sons','Awesome Wooden Pants','233','Inventore illo tempore dignissimos fuga tenetur blanditiis iure.','Atque ut et maiores est consequatur dolorem quas.',NULL,NULL,3,0,'Maiores est voluptatem incidunt qui ratione placeat tempora.','Molestias voluptas animi nulla ab pariatur cumque quasi dignissimos.','2015-06-21 11:36:48','2015-06-21 11:36:48'),(236,'Model','Sauer, West and Howell','Awesome Concrete Table','234','Dolores aut porro possimus exercitationem.','Et rerum officiis repellat.',NULL,NULL,0,0,'Natus et voluptates atque corporis necessitatibus.','Tenetur eum eos amet accusamus.','2015-06-21 11:36:48','2015-06-21 11:36:48'),(237,'Model','Green-Johns','Awesome Rubber Shirt','235','Alias saepe et magnam eaque officia est corrupti.','Dolorum quae rerum aut blanditiis ex.',NULL,NULL,1,0,'Quia distinctio magnam officiis velit et.','Mollitia repudiandae excepturi reprehenderit eius.','2015-06-21 11:36:48','2015-06-21 11:36:48'),(238,'Model','Fisher LLC','Rustic Cotton Gloves','236','Qui delectus molestias aspernatur.','Sit atque aut esse.',NULL,NULL,0,0,'Dolor inventore quae et nobis error.','Tenetur molestias atque tempore eum fugit.','2015-06-21 11:36:48','2015-06-21 11:36:48'),(239,'Model','Beier-Wolff','Fantastic Wooden Table','237','Ipsum excepturi libero voluptatem quisquam aut repellendus aliquam.','Voluptatem aut impedit in.',NULL,NULL,3,0,'Maxime ipsa a maiores dolorum.','Quia dolores sunt quaerat dolor id.','2015-06-21 11:36:48','2015-06-21 11:36:48'),(240,'Model','Ward, Wunsch and Turner','Ergonomic Cotton Shoes','238','Ad praesentium omnis nobis laborum fugiat est enim sit.','Veniam delectus ut cum et.',NULL,NULL,3,0,'Exercitationem et quod cupiditate consequatur sint ut possimus.','Dolores ut exercitationem nesciunt corporis nam ducimus omnis necessitatibus.','2015-06-21 11:36:48','2015-06-21 11:36:48'),(241,'Model','Harvey, Waelchi and Kihn','Ergonomic Cotton Computer','239','Qui sed eum magnam.','Magnam voluptatem eum incidunt nesciunt quas.',NULL,NULL,2,0,'Doloremque temporibus debitis molestias esse quam enim.','Dolores neque et est aperiam.','2015-06-21 11:36:48','2015-06-21 11:36:48'),(242,'Model','Lubowitz Group','Practical Wooden Table','240','Molestiae sed mollitia velit corrupti et.','In rerum aperiam repellat qui illo quaerat.',NULL,NULL,0,0,'Blanditiis itaque vel alias cupiditate perspiciatis modi deserunt odio.','Odit exercitationem vitae deleniti aut qui reiciendis aut dicta.','2015-06-21 11:36:48','2015-06-21 11:36:48'),(243,'Model','Ryan-Ward','Ergonomic Rubber Hat','241','Voluptatem provident et debitis consequatur corporis vero sed ipsum.','Aut quidem velit ipsum illo et sed.',NULL,NULL,2,0,'Qui et repudiandae ex consectetur dolorem.','Eum illum iste eaque dicta.','2015-06-21 11:36:48','2015-06-21 11:36:48'),(244,'Model','Ankunding-Brekke','Incredible Cotton Chair','242','Mollitia praesentium debitis ullam quo tenetur.','Itaque repellat et et quisquam voluptas maxime voluptatum.',NULL,NULL,3,0,'Enim accusantium aliquid hic quos eum omnis repellat deserunt.','Delectus saepe aut rem officia sint dignissimos deleniti.','2015-06-21 11:36:48','2015-06-21 11:36:48'),(245,'Model','Schumm-Mosciski','Incredible Concrete Hat','243','Architecto aperiam voluptas ut dolores maxime.','Ut itaque doloribus odit dolorem.',NULL,NULL,0,0,'Qui accusamus explicabo qui porro dolorem repellendus.','Quas reprehenderit odio excepturi ut nihil commodi nihil.','2015-06-21 11:36:48','2015-06-21 11:36:48'),(246,'Model','Crooks and Sons','Small Plastic Car','244','Labore quam eligendi vero voluptas rerum mollitia consectetur.','Aperiam error explicabo ut provident earum rerum.',NULL,NULL,2,0,'Sequi at quaerat modi facere id nisi.','Neque architecto omnis cum et.','2015-06-21 11:36:48','2015-06-21 11:36:48'),(247,'Model','Rolfson and Sons','Small Wooden Shoes','245','Autem saepe beatae maxime itaque tempora.','Autem atque alias est quod cumque et.',NULL,NULL,0,0,'Veritatis corrupti sunt enim modi ipsam dolorem sit.','Ut numquam harum sint aut aliquid facilis eius.','2015-06-21 11:36:48','2015-06-21 11:36:48'),(248,'Model','Kuhic, Lubowitz and Wehner','Fantastic Wooden Chair','246','Provident sed odio earum voluptates.','Quia eaque voluptas minima voluptates autem molestiae soluta.',NULL,NULL,0,0,'Sequi veniam iste itaque qui hic recusandae voluptatibus similique.','Ut a occaecati sed officiis omnis aut nulla.','2015-06-21 11:36:48','2015-06-21 11:36:48'),(249,'Model','Cronin-Harvey','Practical Wooden Shoes','247','Quis et commodi eum a quibusdam est.','Voluptatem autem impedit quae dolor et expedita.',NULL,NULL,1,0,'Quos debitis et modi dolor rerum consequatur.','Enim quos ipsa eaque nemo magni qui dolorem recusandae.','2015-06-21 11:36:48','2015-06-21 11:36:48'),(250,'Model','Breitenberg, Kiehn and Cartwright','Sleek Granite Shirt','248','Optio non qui et.','Omnis enim pariatur aspernatur numquam.',NULL,NULL,2,0,'Quia iste alias cum debitis amet molestiae mollitia qui.','Distinctio dicta voluptas in similique beatae eos ut fugiat.','2015-06-21 11:36:48','2015-06-21 11:36:48'),(251,'Model','Leuschke-Bergstrom','Practical Cotton Shirt','249','Amet molestias corrupti recusandae impedit.','Perferendis accusamus ducimus nesciunt enim autem dolores voluptate hic.',NULL,NULL,2,0,'Rerum maxime nesciunt voluptatem rem nulla.','Aut nihil exercitationem dolores perferendis ut ab.','2015-06-16 00:00:00','2015-06-16 00:00:00'),(252,'Model','Luettgen, Morar and Gorczany','Sleek Granite Computer','250','Ducimus dolores officia placeat ad est.','Aut voluptas magni earum quae harum id quibusdam.',NULL,NULL,0,0,'Quia soluta voluptas aut et sunt.','Rerum perferendis libero optio esse.','2015-06-16 00:00:00','2015-06-16 00:00:00'),(253,'Model','Flatley Inc','Small Concrete Chair','251','Sapiente eaque nam laborum adipisci autem laudantium dicta voluptate.','Et autem voluptas dolores voluptatem culpa iste totam.',NULL,NULL,3,0,'Eum ducimus libero adipisci.','Ipsam harum non voluptatem.','2015-06-16 00:00:00','2015-06-16 00:00:00'),(254,'Model','Stark LLC','Practical Steel Car','252','Mollitia ea totam vitae quae.','Aut assumenda dolores earum sint illum.',NULL,NULL,2,0,'Totam eligendi officiis eaque ullam qui.','Laboriosam error sit repellat sit ad odit.','2015-06-16 00:00:00','2015-06-16 00:00:00'),(255,'Model','Lebsack, Murazik and Volkman','Ergonomic Cotton Car','253','Mollitia ea omnis sunt nihil porro voluptas quia.','Est necessitatibus veritatis autem qui atque doloremque ut.',NULL,NULL,1,0,'Consequatur deleniti itaque sit.','Itaque ut tempora repudiandae.','2015-06-16 00:00:00','2015-06-16 00:00:00'),(256,'Model','Crist and Sons','Gorgeous Steel Hat','254','Illo voluptatem optio eos qui est atque.','Voluptatem quibusdam corporis et cumque aliquam dolor placeat.',NULL,NULL,2,0,'Est est qui ipsam sit et debitis recusandae tempora.','Sint voluptate eum ea nihil.','2015-06-21 11:36:48','2015-06-21 11:36:48'),(257,'Model','Hand and Sons','Fantastic Wooden Gloves','255','Sed saepe nulla beatae.','Quae voluptatem veniam corrupti sit odio omnis et corporis.',NULL,NULL,0,0,'Sed ut dolores ipsa commodi est excepturi qui distinctio.','Eos incidunt iusto omnis ut voluptas dolor quo.','2015-06-21 11:36:48','2015-06-21 11:36:48'),(258,'Model','Cremin-White','Rustic Cotton Pants','256','In omnis quo dolores quo et.','Repellat quos fugit voluptates sed qui reiciendis neque dignissimos.',NULL,NULL,3,0,'Soluta fugiat aperiam eum aut quisquam autem ex incidunt.','Nesciunt incidunt dolor et aut ex aspernatur nulla.','2015-06-21 11:36:48','2015-06-21 11:36:48'),(259,'Model','Heathcote-Reichert','Intelligent Rubber Pants','257','Voluptatibus nihil totam consectetur iusto repellendus molestiae et.','Consequuntur qui voluptatem voluptas omnis quaerat ut alias rerum.',NULL,NULL,2,0,'Et et ipsam magni veniam sint.','Ipsum omnis nobis voluptatem placeat ea corporis in dolorem.','2015-06-21 11:36:48','2015-06-21 11:36:48'),(260,'Model','Kulas Group','Ergonomic Wooden Pants','258','Odio vel tempore consectetur veniam esse blanditiis totam est.','Non est molestiae totam.',NULL,NULL,2,0,'Quia nulla accusantium exercitationem minima.','Dolorum dolore eum et saepe temporibus itaque nulla sed.','2015-06-21 11:36:48','2015-06-21 11:36:48'),(261,'Model','Lakin-Wisozk','Sleek Granite Gloves','259','Et saepe nobis blanditiis labore nulla.','Aut eveniet qui vel doloremque id.',NULL,NULL,2,0,'Sit et consequatur laboriosam et molestiae vero non.','Explicabo fugit dolorum ipsa alias fugiat.','2015-06-21 11:36:48','2015-06-21 11:36:48'),(262,'Model','Harber Inc','Awesome Cotton Computer','260','Reprehenderit qui perferendis voluptates expedita corporis et.','Eos omnis numquam veniam voluptatem perspiciatis.',NULL,NULL,2,0,'Sint consectetur deserunt sunt et qui voluptatibus consequatur odio.','Minus aspernatur eius quia fugiat.','2015-06-21 11:36:48','2015-06-21 11:36:48'),(263,'Model','Batz LLC','Fantastic Wooden Shirt','261','Velit veritatis eligendi dolorem possimus eos.','Quibusdam et iure autem.',NULL,NULL,2,0,'Id qui magnam quas.','Aspernatur ab dolore minima.','2015-06-21 11:36:48','2015-06-21 11:36:48'),(264,'Model','Conn LLC','Intelligent Wooden Gloves','262','Sed exercitationem maxime minima asperiores assumenda ipsam inventore.','Dolor voluptas libero accusamus nulla.',NULL,NULL,0,0,'Ipsam inventore voluptatem cumque.','Velit animi tempore nesciunt harum iste.','2015-06-21 11:36:48','2015-06-21 11:36:48'),(265,'Model','Hackett, Kihn and Rath','Intelligent Granite Car','263','Reprehenderit recusandae cumque perspiciatis autem voluptas consequatur.','Est tempore et quo reprehenderit sequi officiis.',NULL,NULL,2,0,'Veritatis architecto voluptas ab dolorem facilis ipsa.','Laudantium eaque rerum quidem possimus.','2015-06-21 11:36:48','2015-06-21 11:36:48'),(266,'Model','Stracke-Hills','Intelligent Concrete Gloves','264','Eos et voluptates a qui rerum.','Hic molestias dolor nobis repudiandae eos.',NULL,NULL,3,0,'Tenetur non nam iusto ullam nobis.','Vel unde ea deleniti.','2015-06-21 11:36:48','2015-06-21 11:36:48'),(267,'Model','Flatley-Legros','Fantastic Concrete Car','265','Ut dolore consequatur ipsam aut asperiores.','Sed sint nisi impedit eligendi expedita.',NULL,NULL,3,0,'Corrupti omnis expedita aut ut.','Reprehenderit autem voluptatem qui similique ea suscipit repudiandae ut.','2015-06-21 11:36:48','2015-06-21 11:36:48'),(268,'Model','Weissnat, Ondricka and Toy','Rustic Steel Car','266','Qui nihil est qui maxime.','Aperiam harum nam quos et reiciendis.',NULL,NULL,1,0,'Nisi tempore ipsa aut assumenda facilis voluptate ab.','Tempora nemo sint officiis quis impedit sunt quia consequuntur.','2015-06-21 11:36:48','2015-06-21 11:36:48'),(269,'Model','Gleichner LLC','Intelligent Concrete Computer','267','Sint aut cupiditate adipisci.','Excepturi sunt qui consequatur aut sed expedita blanditiis.',NULL,NULL,0,0,'Dolores voluptas est voluptatem aut.','Velit dicta in id distinctio rerum eum.','2015-06-21 11:36:48','2015-06-21 11:36:48'),(270,'Model','Schmitt-McGlynn','Intelligent Concrete Car','268','Ratione et accusantium aperiam voluptas quam voluptatum est rem.','Numquam maiores fugit ducimus voluptates quia sit mollitia.',NULL,NULL,3,0,'Qui vel rerum numquam quaerat qui voluptas nulla unde.','Quod alias expedita et facere nobis praesentium esse asperiores.','2015-06-21 11:36:48','2015-06-21 11:36:48'),(271,'Model','Satterfield, Runte and Grimes','Ergonomic Granite Gloves','269','Laboriosam quasi saepe maiores.','Nihil eveniet est ab sit.',NULL,NULL,0,0,'Unde quia rem ipsam vitae.','Dolor fuga ut sint aut ratione repellat.','2015-06-21 11:36:48','2015-06-21 11:36:48'),(272,'Model','Barton, Kuphal and Emard','Fantastic Rubber Table','270','Velit autem corrupti doloremque.','Nostrum quibusdam hic harum accusamus a recusandae.',NULL,NULL,2,0,'Vitae dolorum ullam sit voluptate cumque magni molestiae excepturi.','In quia sit ipsa velit vitae dicta atque adipisci.','2015-06-21 11:36:48','2015-06-21 11:36:48'),(273,'Model','Hand-O\'Conner','Small Wooden Computer','271','Aut voluptatem veniam omnis quo.','Omnis et qui ullam.',NULL,NULL,1,0,'Et harum nemo molestiae autem impedit totam.','Qui repellat quas asperiores et aut.','2015-06-21 11:36:48','2015-06-21 11:36:48'),(274,'Model','Miller Inc','Small Granite Pants','272','Id non accusamus est dolorem dolor.','Maiores sunt animi ut.',NULL,NULL,0,0,'Accusamus quidem et atque autem dolore rerum.','Nam modi voluptas aut rem et itaque est debitis.','2015-06-21 11:36:48','2015-06-21 11:36:48'),(275,'Model','Satterfield-Rice','Rustic Wooden Car','273','Dolor est eaque sed exercitationem.','Qui magni maxime doloremque ut impedit.',NULL,NULL,3,0,'Voluptatum libero doloremque animi quaerat autem debitis.','Eum ea rem aliquam aut vel enim possimus.','2015-06-21 11:36:48','2015-06-21 11:36:48'),(276,'Model','Torp and Sons','Intelligent Cotton Computer','274','Architecto voluptatem nulla modi et et officiis quidem tempore.','Expedita rerum et sit deleniti sint recusandae et blanditiis.',NULL,NULL,2,0,'Aut fuga commodi eveniet id libero odio pariatur.','Ab quia corrupti dolorem a non excepturi eaque.','2015-06-21 11:36:48','2015-06-21 11:36:48'),(277,'Model','Mills, Dicki and Hoeger','Practical Granite Car','275','Veniam consequuntur sit vel voluptatem temporibus.','Enim provident laboriosam hic vitae nemo facilis voluptas.',NULL,NULL,3,0,'Ab ducimus ut qui et vitae voluptatibus.','Facere aut debitis hic esse molestiae sint reiciendis voluptate.','2015-06-21 11:36:48','2015-06-21 11:36:48'),(278,'Model','Crooks-King','Incredible Concrete Gloves','276','Ea quia nihil culpa delectus dolorem.','Quos eaque autem rerum enim illo recusandae ut eius.',NULL,NULL,3,0,'Autem et et eaque perspiciatis in debitis laborum incidunt.','Suscipit temporibus voluptatibus laudantium numquam sint veritatis.','2015-06-21 11:36:48','2015-06-21 11:36:48'),(279,'Model','Mraz, Lang and Stroman','Practical Plastic Gloves','277','Magni labore doloribus placeat ratione.','Eum doloremque dolor temporibus est.',NULL,NULL,1,0,'Vel qui quos mollitia dolorem suscipit aut.','Aut eos vel in omnis provident cum quam.','2015-06-21 11:36:48','2015-06-21 11:36:48'),(280,'Model','Will-Gorczany','Practical Plastic Hat','278','Ipsa ad delectus et enim accusamus.','Vitae aut voluptas omnis quis molestiae.',NULL,NULL,0,0,'Qui fugiat non porro voluptatum.','Quam nihil porro dignissimos unde in minima.','2015-06-21 11:36:48','2015-06-21 11:36:48'),(281,'Model','Bernier-Prosacco','Small Steel Shirt','279','Eos repellendus velit veritatis voluptatem.','Repellendus et et labore eligendi sed nulla vel dolore.',NULL,NULL,2,0,'Eos provident dicta qui quaerat.','Saepe vitae sequi quam porro non hic alias sapiente.','2015-06-21 11:36:48','2015-06-21 11:36:48'),(282,'Model','Raynor, McCullough and Wolff','Rustic Rubber Pants','280','Rerum et ipsa mollitia voluptatem optio magni molestiae labore.','Illo voluptate nisi optio exercitationem et in ut.',NULL,NULL,2,0,'Quos aperiam sit tempora possimus sed.','At culpa reprehenderit vel.','2015-06-21 11:36:48','2015-06-21 11:36:48'),(283,'Model','Huel, Reynolds and Koepp','Incredible Plastic Computer','281','Sed rerum dolor dicta sed molestiae sed.','Non illum eaque voluptas laboriosam recusandae dolor.',NULL,NULL,2,0,'Id ut facere illo dolorem sit.','Excepturi cumque veritatis enim a odit quam quas.','2015-06-21 11:36:48','2015-06-21 11:36:48'),(284,'Model','Schiller, Ruecker and Terry','Fantastic Rubber Computer','282','Unde ullam qui aut omnis veniam modi dolorum.','Iure rerum sit et minima qui ut.',NULL,NULL,1,0,'Consequatur facilis tenetur est.','Maxime natus harum non dignissimos reiciendis quisquam consequatur quia.','2015-06-21 11:36:48','2015-06-21 11:36:48'),(285,'Model','Fahey and Sons','Incredible Plastic Table','283','Harum autem neque dicta asperiores hic tempora eligendi.','Commodi quos earum quia.',NULL,NULL,3,0,'Voluptatem enim voluptatibus placeat.','Totam consequatur consectetur sit ut in explicabo nihil quo.','2015-06-21 11:36:48','2015-06-21 11:36:48'),(286,'Model','Heller-Doyle','Fantastic Plastic Shoes','284','Autem quam cupiditate nobis omnis maxime quis vero.','Blanditiis distinctio nesciunt dicta voluptate quibusdam magni sunt mollitia.',NULL,NULL,3,0,'Reiciendis magnam corrupti tempore cum unde incidunt accusamus sint.','Excepturi asperiores sapiente similique et quaerat.','2015-06-21 11:36:48','2015-06-21 11:36:48'),(287,'Model','Breitenberg-Waelchi','Ergonomic Steel Shoes','285','Nobis et et ea consequuntur aut id aspernatur aut.','Qui id in quidem rerum iure ex.',NULL,NULL,3,0,'Aliquam eos voluptates porro voluptatum.','Et et quaerat aut amet ut minus sunt et.','2015-06-21 11:36:48','2015-06-21 11:36:48'),(288,'Model','Feest-Hammes','Small Cotton Shirt','286','Reprehenderit sunt eveniet pariatur a.','Quae et eveniet asperiores.',NULL,NULL,1,0,'Blanditiis deserunt rerum inventore corrupti est commodi.','Molestias itaque id nemo.','2015-06-21 11:36:48','2015-06-21 11:36:48'),(289,'Model','Stiedemann Inc','Intelligent Granite Pants','287','Quae laborum consequatur in culpa illo pariatur.','Perspiciatis tempore inventore sit nisi voluptas.',NULL,NULL,1,0,'Dolore inventore consequuntur mollitia excepturi aut.','Officiis odio officia alias ratione odit iusto et.','2015-06-21 11:36:48','2015-06-21 11:36:48'),(290,'Software','Becker Group','Awesome Steel Pants','288',NULL,NULL,NULL,NULL,0,0,NULL,NULL,'2015-06-21 11:36:48','2015-06-21 11:36:48'),(291,'Model','Reilly Group','Ergonomic Plastic Gloves','289','Blanditiis et qui suscipit.','Ea inventore qui quia architecto.',NULL,NULL,2,0,'Ab eos adipisci officiis.','Et et quasi exercitationem odit.','2015-06-21 11:36:48','2015-06-21 11:36:48'),(292,'Model','Schimmel LLC','Small Steel Shoes','290','Minima a corporis dolor molestiae odit nulla architecto suscipit.','Debitis et et quia similique ea asperiores et.',NULL,NULL,3,0,'Nisi qui occaecati dolorem quibusdam error suscipit repellendus.','Nihil earum minus et.','2015-06-21 11:36:48','2015-06-21 11:36:48'),(293,'Model','Willms LLC','Small Plastic Gloves','291','Perferendis laborum nam aut quos nostrum culpa officiis voluptas.','Adipisci temporibus ducimus magni dignissimos qui.',NULL,NULL,1,0,'Nam soluta pariatur eum fugiat impedit non facere.','Autem dolorem accusantium rerum est magni aut ipsa.','2015-06-21 11:36:48','2015-06-21 11:36:48'),(294,'Model','Johnson, Barton and Batz','Awesome Plastic Car','292','Ullam debitis tempora ut autem blanditiis natus facilis voluptatem.','Ut similique porro totam saepe.',NULL,NULL,2,0,'Sint facilis quis quidem magni tenetur sequi et quia.','Quam voluptatem magni consequatur ea molestiae vero doloribus est.','2015-06-21 11:36:48','2015-06-21 11:36:48');
/*!40000 ALTER TABLE `models` ENABLE KEYS */;
UNLOCK TABLES;

--
-- Table structure for table `models_compatibles`
--

DROP TABLE IF EXISTS `models_compatibles`;
/*!40101 SET @saved_cs_client     = @@character_set_client */;
/*!40101 SET character_set_client = utf8 */;
CREATE TABLE `models_compatibles` (
  `model_id` int(11) DEFAULT NULL,
  `compatible_id` int(11) DEFAULT NULL,
  KEY `index_models_compatibles_on_compatible_id` (`compatible_id`),
  KEY `index_models_compatibles_on_model_id` (`model_id`)
) ENGINE=InnoDB DEFAULT CHARSET=utf8 COLLATE=utf8_unicode_ci;
/*!40101 SET character_set_client = @saved_cs_client */;

--
-- Dumping data for table `models_compatibles`
--

LOCK TABLES `models_compatibles` WRITE;
/*!40000 ALTER TABLE `models_compatibles` DISABLE KEYS */;
INSERT INTO `models_compatibles` VALUES (152,151),(153,151),(154,151);
/*!40000 ALTER TABLE `models_compatibles` ENABLE KEYS */;
UNLOCK TABLES;

--
-- Table structure for table `notifications`
--

DROP TABLE IF EXISTS `notifications`;
/*!40101 SET @saved_cs_client     = @@character_set_client */;
/*!40101 SET character_set_client = utf8 */;
CREATE TABLE `notifications` (
  `id` int(11) NOT NULL AUTO_INCREMENT,
  `user_id` int(11) DEFAULT NULL,
  `title` varchar(255) COLLATE utf8_unicode_ci DEFAULT '',
  `created_at` datetime NOT NULL,
  PRIMARY KEY (`id`),
  KEY `index_notifications_on_user_id` (`user_id`)
) ENGINE=InnoDB DEFAULT CHARSET=utf8 COLLATE=utf8_unicode_ci;
/*!40101 SET character_set_client = @saved_cs_client */;

--
-- Dumping data for table `notifications`
--

LOCK TABLES `notifications` WRITE;
/*!40000 ALTER TABLE `notifications` DISABLE KEYS */;
/*!40000 ALTER TABLE `notifications` ENABLE KEYS */;
UNLOCK TABLES;

--
-- Table structure for table `numerators`
--

DROP TABLE IF EXISTS `numerators`;
/*!40101 SET @saved_cs_client     = @@character_set_client */;
/*!40101 SET character_set_client = utf8 */;
CREATE TABLE `numerators` (
  `id` int(11) NOT NULL AUTO_INCREMENT,
  `item` int(11) DEFAULT NULL,
  PRIMARY KEY (`id`)
) ENGINE=InnoDB DEFAULT CHARSET=utf8 COLLATE=utf8_unicode_ci;
/*!40101 SET character_set_client = @saved_cs_client */;

--
-- Dumping data for table `numerators`
--

LOCK TABLES `numerators` WRITE;
/*!40000 ALTER TABLE `numerators` DISABLE KEYS */;
/*!40000 ALTER TABLE `numerators` ENABLE KEYS */;
UNLOCK TABLES;

--
-- Table structure for table `options`
--

DROP TABLE IF EXISTS `options`;
/*!40101 SET @saved_cs_client     = @@character_set_client */;
/*!40101 SET character_set_client = utf8 */;
CREATE TABLE `options` (
  `id` int(11) NOT NULL AUTO_INCREMENT,
  `inventory_pool_id` int(11) DEFAULT NULL,
  `inventory_code` varchar(255) COLLATE utf8_unicode_ci DEFAULT NULL,
  `manufacturer` varchar(255) COLLATE utf8_unicode_ci DEFAULT NULL,
  `product` varchar(255) COLLATE utf8_unicode_ci NOT NULL,
  `version` varchar(255) COLLATE utf8_unicode_ci DEFAULT NULL,
  `price` decimal(8,2) DEFAULT NULL,
  PRIMARY KEY (`id`),
  KEY `index_options_on_inventory_pool_id` (`inventory_pool_id`)
) ENGINE=InnoDB AUTO_INCREMENT=7 DEFAULT CHARSET=utf8 COLLATE=utf8_unicode_ci;
/*!40101 SET character_set_client = @saved_cs_client */;

--
-- Dumping data for table `options`
--

LOCK TABLES `options` WRITE;
/*!40000 ALTER TABLE `options` DISABLE KEYS */;
INSERT INTO `options` VALUES (1,1,'akku-aa',NULL,'Akku AA','115','921.00'),(2,1,'akku-aaa',NULL,'Akku AAA','116','1149.00'),(3,1,'usb',NULL,'USB Kabel','117','521.00'),(4,1,'mol7235',NULL,'Intelligent Wooden Table','223','1050.00'),(5,1,'per8400',NULL,'Sleek Wooden Hat','225','432.00'),(6,2,'sol7157',NULL,'Intelligent Wooden Table','231','6.00');
/*!40000 ALTER TABLE `options` ENABLE KEYS */;
UNLOCK TABLES;

--
-- Table structure for table `partitions`
--

DROP TABLE IF EXISTS `partitions`;
/*!40101 SET @saved_cs_client     = @@character_set_client */;
/*!40101 SET character_set_client = utf8 */;
CREATE TABLE `partitions` (
  `id` int(11) NOT NULL AUTO_INCREMENT,
  `model_id` int(11) DEFAULT NULL,
  `inventory_pool_id` int(11) DEFAULT NULL,
  `group_id` int(11) DEFAULT NULL,
  `quantity` int(11) DEFAULT NULL,
  PRIMARY KEY (`id`),
  UNIQUE KEY `index_partitions_on_model_id_and_inventory_pool_id_and_group_id` (`model_id`,`inventory_pool_id`,`group_id`)
) ENGINE=InnoDB AUTO_INCREMENT=12 DEFAULT CHARSET=utf8 COLLATE=utf8_unicode_ci;
/*!40101 SET character_set_client = @saved_cs_client */;

--
-- Dumping data for table `partitions`
--

LOCK TABLES `partitions` WRITE;
/*!40000 ALTER TABLE `partitions` DISABLE KEYS */;
INSERT INTO `partitions` VALUES (1,115,1,4,1),(2,153,1,5,1),(3,154,1,6,5),(4,152,1,1,1),(5,84,1,1,1),(6,84,1,2,1),(7,175,1,7,1),(8,183,1,7,1),(9,192,1,7,1),(10,204,1,8,1),(11,211,1,7,1);
/*!40000 ALTER TABLE `partitions` ENABLE KEYS */;
UNLOCK TABLES;

--
-- Temporary table structure for view `partitions_with_generals`
--

DROP TABLE IF EXISTS `partitions_with_generals`;
/*!50001 DROP VIEW IF EXISTS `partitions_with_generals`*/;
SET @saved_cs_client     = @@character_set_client;
SET character_set_client = utf8;
/*!50001 CREATE TABLE `partitions_with_generals` (
  `model_id` int(11),
  `inventory_pool_id` int(11),
  `group_id` int(11),
  `quantity` decimal(33,0)
) ENGINE=MyISAM */;
SET character_set_client = @saved_cs_client;

--
-- Table structure for table `properties`
--

DROP TABLE IF EXISTS `properties`;
/*!40101 SET @saved_cs_client     = @@character_set_client */;
/*!40101 SET character_set_client = utf8 */;
CREATE TABLE `properties` (
  `id` int(11) NOT NULL AUTO_INCREMENT,
  `model_id` int(11) DEFAULT NULL,
  `key` varchar(255) COLLATE utf8_unicode_ci DEFAULT NULL,
  `value` varchar(255) COLLATE utf8_unicode_ci DEFAULT NULL,
  PRIMARY KEY (`id`),
  KEY `index_properties_on_model_id` (`model_id`)
) ENGINE=InnoDB AUTO_INCREMENT=13 DEFAULT CHARSET=utf8 COLLATE=utf8_unicode_ci;
/*!40101 SET character_set_client = @saved_cs_client */;

--
-- Dumping data for table `properties`
--

LOCK TABLES `properties` WRITE;
/*!40000 ALTER TABLE `properties` DISABLE KEYS */;
INSERT INTO `properties` VALUES (1,152,'Rotorduchmesser','120'),(2,152,'Akkus','2'),(3,152,'Farbe','Rot'),(4,153,'Rotorduchmesser','120'),(5,153,'Akkus','2'),(6,153,'Farbe','Rot'),(7,153,'max. Speed','80 kmh'),(8,153,'Gyro','Ja'),(9,153,'Achsen','3-Achsen'),(10,154,'Rotorduchmesser','120'),(11,154,'Akkus','2'),(12,154,'Farbe','Rot');
/*!40000 ALTER TABLE `properties` ENABLE KEYS */;
UNLOCK TABLES;

--
-- Table structure for table `purposes`
--

DROP TABLE IF EXISTS `purposes`;
/*!40101 SET @saved_cs_client     = @@character_set_client */;
/*!40101 SET character_set_client = utf8 */;
CREATE TABLE `purposes` (
  `id` int(11) NOT NULL AUTO_INCREMENT,
  `description` text COLLATE utf8_unicode_ci,
  PRIMARY KEY (`id`)
) ENGINE=InnoDB AUTO_INCREMENT=46 DEFAULT CHARSET=utf8 COLLATE=utf8_unicode_ci;
/*!40101 SET character_set_client = @saved_cs_client */;

--
-- Dumping data for table `purposes`
--

LOCK TABLES `purposes` WRITE;
/*!40000 ALTER TABLE `purposes` DISABLE KEYS */;
INSERT INTO `purposes` VALUES (1,'---\n- Sunt ad sed illo dolorem commodi suscipit.\n- Quia et impedit dolore.\n'),(2,'---\n- Architecto ut voluptatem aut.\n- Aperiam neque nisi sunt quisquam odio.\n'),(3,'Ersatzstativ fr die Ausstellung.'),(4,'Ersatzstativ fr die Ausstellung.'),(5,'Ersatzstativ fr die Ausstellung.'),(6,'Ersatzstativ fr die Ausstellung.'),(7,'Ersatzstativ fr die Ausstellung.'),(8,'Ersatzstativ fr die Ausstellung.'),(9,'Ersatzstativ fr die Ausstellung.'),(10,'Ersatzstativ fr die Ausstellung.'),(11,'Ersatzstativ fr die Ausstellung.'),(12,'Ersatzstativ fr die Ausstellung.'),(13,'Ersatzstativ fr die Ausstellung.'),(14,'Ersatzstativ fr die Ausstellung.'),(15,'Quibusdam minus ad pariatur quia veniam.'),(16,'Voluptatibus nisi dolores quia repellendus et amet.'),(17,'Harum architecto omnis expedita.'),(18,'Facere omnis dolorem rem voluptatem architecto.'),(19,'Dolores et rerum delectus consectetur labore.'),(20,'Quod quia illum aut quaerat modi adipisci numquam quibusdam.'),(21,'Illo maiores eum et voluptate debitis ipsam voluptatibus.'),(22,'Fugiat quia beatae incidunt qui voluptas repellat.'),(23,'Bentige ich fr die Aufnahmen meiner Abschlussarbeit.'),(24,'Aut nemo consequatur ipsa et omnis esse dolorem voluptas.'),(25,'Velit quis sequi fugiat voluptas delectus.'),(26,'Ersatzstativ fr die Ausstellung.'),(27,'Fr das zweite Austellungswochenende.'),(28,'Fr das dritte Austellungswochenende.'),(29,'Fr die Abschlussarbeit.'),(30,'Ersatzstativ fr die Ausstellung.'),(31,'Bestellung mit Software'),(32,'Bestellung mit Gegenstand ohne Ort'),(33,'Um meine Abschlussarbeit zu fotografieren.'),(34,'Repudiandae expedita sunt assumenda atque tempore alias libero voluptatem.'),(35,'Um meine Abschlussarbeit zu fotografieren.'),(36,'Um meine Abschlussarbeit zu fotografieren.'),(37,'Repellendus itaque illo fugiat esse unde similique at aut.'),(38,'Paketausgabe'),(39,'Fr meinen aktuellen Kurs.'),(40,'Ersatzstativ fr die Ausstellung.'),(41,'Um meine Abschlussarbeit zu fotografieren.'),(42,'Fotoshooting (Kurs Fotografie).'),(43,'Brauche ich zwingend fr meinen Kurs.'),(44,'Ganz dringend bentigt fr meine Abschlussarbeit.'),(45,'Als Ersatz.');
/*!40000 ALTER TABLE `purposes` ENABLE KEYS */;
UNLOCK TABLES;

--
-- Table structure for table `schema_migrations`
--

DROP TABLE IF EXISTS `schema_migrations`;
/*!40101 SET @saved_cs_client     = @@character_set_client */;
/*!40101 SET character_set_client = utf8 */;
CREATE TABLE `schema_migrations` (
  `version` varchar(255) COLLATE utf8_unicode_ci NOT NULL,
  UNIQUE KEY `unique_schema_migrations` (`version`)
) ENGINE=InnoDB DEFAULT CHARSET=utf8 COLLATE=utf8_unicode_ci;
/*!40101 SET character_set_client = @saved_cs_client */;

--
-- Dumping data for table `schema_migrations`
--

LOCK TABLES `schema_migrations` WRITE;
/*!40000 ALTER TABLE `schema_migrations` DISABLE KEYS */;
INSERT INTO `schema_migrations` VALUES ('20140410180000'),('20140414100000'),('20140415083535'),('20140417113831'),('20140428092844'),('20140515131025'),('20140812132326'),('20140820100242'),('20140828082448'),('20140901141016');
/*!40000 ALTER TABLE `schema_migrations` ENABLE KEYS */;
UNLOCK TABLES;

--
-- Table structure for table `settings`
--

DROP TABLE IF EXISTS `settings`;
/*!40101 SET @saved_cs_client     = @@character_set_client */;
/*!40101 SET character_set_client = utf8 */;
CREATE TABLE `settings` (
  `id` int(11) NOT NULL AUTO_INCREMENT,
  `smtp_address` varchar(255) COLLATE utf8_unicode_ci DEFAULT NULL,
  `smtp_port` int(11) DEFAULT NULL,
  `smtp_domain` varchar(255) COLLATE utf8_unicode_ci DEFAULT NULL,
  `local_currency_string` varchar(255) COLLATE utf8_unicode_ci DEFAULT NULL,
  `contract_terms` text COLLATE utf8_unicode_ci,
  `contract_lending_party_string` text COLLATE utf8_unicode_ci,
  `email_signature` varchar(255) COLLATE utf8_unicode_ci DEFAULT NULL,
  `default_email` varchar(255) COLLATE utf8_unicode_ci DEFAULT NULL,
  `deliver_order_notifications` tinyint(1) DEFAULT NULL,
  `user_image_url` varchar(255) COLLATE utf8_unicode_ci DEFAULT NULL,
  `ldap_config` varchar(255) COLLATE utf8_unicode_ci DEFAULT NULL,
  `logo_url` varchar(255) COLLATE utf8_unicode_ci DEFAULT NULL,
  `mail_delivery_method` varchar(255) COLLATE utf8_unicode_ci DEFAULT NULL,
  `smtp_username` varchar(255) COLLATE utf8_unicode_ci DEFAULT NULL,
  `smtp_password` varchar(255) COLLATE utf8_unicode_ci DEFAULT NULL,
  `smtp_enable_starttls_auto` tinyint(1) NOT NULL DEFAULT '0',
  `smtp_openssl_verify_mode` varchar(255) COLLATE utf8_unicode_ci NOT NULL DEFAULT 'none',
  `time_zone` varchar(255) COLLATE utf8_unicode_ci NOT NULL DEFAULT 'Bern',
  `disable_manage_section` tinyint(1) NOT NULL DEFAULT '0',
  `disable_manage_section_message` text COLLATE utf8_unicode_ci,
  `disable_borrow_section` tinyint(1) NOT NULL DEFAULT '0',
  `disable_borrow_section_message` text COLLATE utf8_unicode_ci,
  `text` text COLLATE utf8_unicode_ci,
  PRIMARY KEY (`id`)
) ENGINE=InnoDB AUTO_INCREMENT=2 DEFAULT CHARSET=utf8 COLLATE=utf8_unicode_ci;
/*!40101 SET character_set_client = @saved_cs_client */;

--
-- Dumping data for table `settings`
--

LOCK TABLES `settings` WRITE;
/*!40000 ALTER TABLE `settings` DISABLE KEYS */;
INSERT INTO `settings` VALUES (1,'smtp.zhdk.ch',25,'beta.ausleihe.zhdk.ch','CHF','Die Benutzerin/der Benutzer ist bei unsachgemsser Handhabung oder Verlust schadenersatzpflichtig. Sie/Er verpflichtet sich, das Material sorgfltig zu behandeln und gereinigt zu retournieren. Bei mangelbehafteter oder verspteter Rckgabe kann eine Ausleihsperre (bis zu 6 Monaten) verhngt werden. Das geliehene Material bleibt jederzeit uneingeschrnktes Eigentum der Zrcher Hochschule der Knste und darf ausschliesslich fr schulische Zwecke eingesetzt werden. Mit ihrer/seiner Unterschrift akzeptiert die Benutzerin/der Benutzer diese Bedingungen sowie die \'Richtlinie zur Ausleihe von Sachen\' der ZHdK und etwaige abteilungsspezifische Ausleih-Richtlinien.','Your\nAddress\nHere','Das PZ-leihs Team','sender@example.com',0,'http://www.zhdk.ch/?person/foto&width=100&compressionlevel=0&id={:id}',NULL,'/assets/image-logo-zhdk.png','test',NULL,NULL,0,'none','Bern',0,NULL,0,NULL,NULL);
/*!40000 ALTER TABLE `settings` ENABLE KEYS */;
UNLOCK TABLES;

--
-- Table structure for table `suppliers`
--

DROP TABLE IF EXISTS `suppliers`;
/*!40101 SET @saved_cs_client     = @@character_set_client */;
/*!40101 SET character_set_client = utf8 */;
CREATE TABLE `suppliers` (
  `id` int(11) NOT NULL AUTO_INCREMENT,
  `name` varchar(255) COLLATE utf8_unicode_ci NOT NULL,
  `created_at` datetime DEFAULT NULL,
  `updated_at` datetime DEFAULT NULL,
  PRIMARY KEY (`id`),
  UNIQUE KEY `index_suppliers_on_name` (`name`)
) ENGINE=InnoDB AUTO_INCREMENT=264 DEFAULT CHARSET=utf8 COLLATE=utf8_unicode_ci;
/*!40101 SET character_set_client = @saved_cs_client */;

--
-- Dumping data for table `suppliers`
--

LOCK TABLES `suppliers` WRITE;
/*!40000 ALTER TABLE `suppliers` DISABLE KEYS */;
INSERT INTO `suppliers` VALUES (1,'estetutvoluptateporro','2015-06-21 11:36:48','2015-06-21 11:36:48'),(2,'delenitiexercitationemconsequaturqui','2015-06-21 11:36:48','2015-06-21 11:36:48'),(3,'voluptatemquia','2015-06-21 11:36:48','2015-06-21 11:36:48'),(4,'doloribuscommodicupiditateconsequatur','2015-06-21 11:36:48','2015-06-21 11:36:48'),(5,'numquamquibusdamconsequatursapienteodit','2015-06-21 11:36:48','2015-06-21 11:36:48'),(6,'eaqueaut','2015-06-21 11:36:48','2015-06-21 11:36:48'),(7,'debitismolestiasprovident','2015-06-21 11:36:48','2015-06-21 11:36:48'),(8,'mollitiamagnam','2015-06-21 11:36:48','2015-06-21 11:36:48'),(9,'corruptidoloremet','2015-06-21 11:36:48','2015-06-21 11:36:48'),(10,'optiovoluptasest','2015-06-21 11:36:48','2015-06-21 11:36:48'),(11,'dignissimosaut','2015-06-21 11:36:48','2015-06-21 11:36:48'),(12,'consequunturullamharumsaeperatione','2015-06-21 11:36:48','2015-06-21 11:36:48'),(13,'rerumistevitaeconsequunturdolore','2015-06-21 11:36:48','2015-06-21 11:36:48'),(14,'architectoillumautfugiataut','2015-06-21 11:36:48','2015-06-21 11:36:48'),(15,'ducimusutquaeea','2015-06-21 11:36:48','2015-06-21 11:36:48'),(16,'quaeratquam','2015-06-21 11:36:48','2015-06-21 11:36:48'),(17,'rationeadetut','2015-06-21 11:36:48','2015-06-21 11:36:48'),(18,'placeatrepellendusconsequuntur','2015-06-21 11:36:48','2015-06-21 11:36:48'),(19,'hicvoluptatesquisitnemo','2015-06-21 11:36:48','2015-06-21 11:36:48'),(20,'sedlaudantium','2015-06-21 11:36:48','2015-06-21 11:36:48'),(21,'cupiditatenequesed','2015-06-21 11:36:48','2015-06-21 11:36:48'),(22,'porrorecusandaeipsumquieveniet','2015-06-21 11:36:48','2015-06-21 11:36:48'),(23,'doloromnisinciduntquovoluptas','2015-06-21 11:36:48','2015-06-21 11:36:48'),(24,'nihildeleniti','2015-06-21 11:36:48','2015-06-21 11:36:48'),(25,'quiquilaboriosam','2015-06-21 11:36:48','2015-06-21 11:36:48'),(26,'voluptatibusautemdoloresvel','2015-06-21 11:36:48','2015-06-21 11:36:48'),(27,'sapienteipsa','2015-06-21 11:36:48','2015-06-21 11:36:48'),(28,'quinatusetasperiores','2015-06-21 11:36:48','2015-06-21 11:36:48'),(29,'rerumaspernaturipsaconsequaturdolor','2015-06-21 11:36:48','2015-06-21 11:36:48'),(30,'errorbeataeautnobisreprehenderit','2015-06-21 11:36:48','2015-06-21 11:36:48'),(31,'voluptatemnihildeleniti','2015-06-21 11:36:48','2015-06-21 11:36:48'),(32,'magniatomnisutea','2015-06-21 11:36:48','2015-06-21 11:36:48'),(33,'aperiamquiestnihil','2015-06-21 11:36:48','2015-06-21 11:36:48'),(34,'culpaquibusdamsunt','2015-06-21 11:36:48','2015-06-21 11:36:48'),(35,'voluptasullamvitaedolorumquisquam','2015-06-21 11:36:48','2015-06-21 11:36:48'),(36,'quiautiurequisdolor','2015-06-21 11:36:48','2015-06-21 11:36:48'),(37,'velcorporis','2015-06-21 11:36:48','2015-06-21 11:36:48'),(38,'rerumeumrerumvoluptatem','2015-06-21 11:36:48','2015-06-21 11:36:48'),(39,'laboriosamdolorperspiciatisminima','2015-06-21 11:36:48','2015-06-21 11:36:48'),(40,'quosillumsit','2015-06-21 11:36:48','2015-06-21 11:36:48'),(41,'ducimuseosculpaaccusamus','2015-06-21 11:36:48','2015-06-21 11:36:48'),(42,'accusantiumad','2015-06-21 11:36:48','2015-06-21 11:36:48'),(43,'architectomagniipsa','2015-06-21 11:36:48','2015-06-21 11:36:48'),(44,'veniamimpeditfacereiure','2015-06-21 11:36:48','2015-06-21 11:36:48'),(45,'quiaautemestquiillum','2015-06-21 11:36:48','2015-06-21 11:36:48'),(46,'autemiureenim','2015-06-21 11:36:48','2015-06-21 11:36:48'),(47,'quosullamsaepedolorhic','2015-06-21 11:36:48','2015-06-21 11:36:48'),(48,'velvoluptatemfugittemporibuspariatur','2015-06-21 11:36:48','2015-06-21 11:36:48'),(49,'inciduntconsequunturmagnam','2015-06-21 11:36:48','2015-06-21 11:36:48'),(50,'autisteullam','2015-06-21 11:36:48','2015-06-21 11:36:48'),(51,'nonautverosintsed','2015-06-21 11:36:48','2015-06-21 11:36:48'),(52,'ututnatusquamperspiciatis','2015-06-21 11:36:48','2015-06-21 11:36:48'),(53,'quiaconsequaturet','2015-06-21 11:36:48','2015-06-21 11:36:48'),(54,'doloribusnisialaudantiumsapiente','2015-06-21 11:36:48','2015-06-21 11:36:48'),(55,'uterroranimiet','2015-06-21 11:36:48','2015-06-21 11:36:48'),(56,'voluptatibusnihil','2015-06-21 11:36:48','2015-06-21 11:36:48'),(57,'maioresmolestiae','2015-06-21 11:36:48','2015-06-21 11:36:48'),(58,'enimperferendis','2015-06-21 11:36:48','2015-06-21 11:36:48'),(59,'dolorummagniquidemiure','2015-06-21 11:36:48','2015-06-21 11:36:48'),(60,'nesciuntvoluptatecommodi','2015-06-21 11:36:48','2015-06-21 11:36:48'),(61,'recusandaeet','2015-06-21 11:36:48','2015-06-21 11:36:48'),(62,'estanimi','2015-06-21 11:36:48','2015-06-21 11:36:48'),(63,'consequaturestfacere','2015-06-21 11:36:48','2015-06-21 11:36:48'),(64,'temporavelitvoluptatem','2015-06-21 11:36:48','2015-06-21 11:36:48'),(65,'natusassumenda','2015-06-21 11:36:48','2015-06-21 11:36:48'),(66,'rationererumsequiomnisesse','2015-06-21 11:36:48','2015-06-21 11:36:48'),(67,'placeatsintsedveniam','2015-06-21 11:36:48','2015-06-21 11:36:48'),(68,'utat','2015-06-21 11:36:48','2015-06-21 11:36:48'),(69,'etharumquisquam','2015-06-21 11:36:48','2015-06-21 11:36:48'),(70,'autinitaque','2015-06-21 11:36:48','2015-06-21 11:36:48'),(71,'atquenostrumexpedita','2015-06-21 11:36:48','2015-06-21 11:36:48'),(72,'quisquamestnihil','2015-06-21 11:36:48','2015-06-21 11:36:48'),(73,'architectorerumsapienteatmolestiae','2015-06-21 11:36:48','2015-06-21 11:36:48'),(74,'quiaipsam','2015-06-21 11:36:48','2015-06-21 11:36:48'),(75,'aperiamdolornihil','2015-06-21 11:36:48','2015-06-21 11:36:48'),(76,'laudantiumquiaidnemofacilis','2015-06-21 11:36:48','2015-06-21 11:36:48'),(77,'isteperspiciatisdelectus','2015-06-21 11:36:48','2015-06-21 11:36:48'),(78,'rerumtemporibusillonesciunt','2015-06-21 11:36:48','2015-06-21 11:36:48'),(79,'quitemporibusquamfugadolorem','2015-06-21 11:36:48','2015-06-21 11:36:48'),(80,'voluptatemdoloremdistinctiout','2015-06-21 11:36:48','2015-06-21 11:36:48'),(81,'eumdolorecommodiodit','2015-06-21 11:36:48','2015-06-21 11:36:48'),(82,'earumnihilsedetautem','2015-06-21 11:36:48','2015-06-21 11:36:48'),(83,'consecteturlaborumrepellataut','2015-06-21 11:36:48','2015-06-21 11:36:48'),(84,'necessitatibussedquibusdam','2015-06-21 11:36:48','2015-06-21 11:36:48'),(85,'utetquiquae','2015-06-21 11:36:48','2015-06-21 11:36:48'),(86,'autautestdoloremunde','2015-06-21 11:36:48','2015-06-21 11:36:48'),(87,'porroincidunt','2015-06-21 11:36:48','2015-06-21 11:36:48'),(88,'autemaliquidvero','2015-06-21 11:36:48','2015-06-21 11:36:48'),(89,'fugiatquiapariaturquam','2015-06-21 11:36:48','2015-06-21 11:36:48'),(90,'quosvitae','2015-06-21 11:36:48','2015-06-21 11:36:48'),(91,'quiacumquam','2015-06-21 11:36:48','2015-06-21 11:36:48'),(92,'adipiscivoluptatemquiautaperiam','2015-06-21 11:36:48','2015-06-21 11:36:48'),(93,'voluptasquiquiiddolor','2015-06-21 11:36:48','2015-06-21 11:36:48'),(94,'namiusto','2015-06-21 11:36:48','2015-06-21 11:36:48'),(95,'harumoccaecatiquis','2015-06-21 11:36:48','2015-06-21 11:36:48'),(96,'nihileiuset','2015-06-21 11:36:48','2015-06-21 11:36:48'),(97,'quidemblanditiisdoloresquam','2015-06-21 11:36:48','2015-06-21 11:36:48'),(98,'quotemporanatushic','2015-06-21 11:36:48','2015-06-21 11:36:48'),(99,'laborehicpraesentium','2015-06-21 11:36:48','2015-06-21 11:36:48'),(100,'adetvoluptatemipsamdoloribus','2015-06-21 11:36:48','2015-06-21 11:36:48'),(101,'omnisnisiut','2015-06-21 11:36:48','2015-06-21 11:36:48'),(102,'voluptatemevenietvoluptatesed','2015-06-21 11:36:48','2015-06-21 11:36:48'),(103,'sintanimiexercitationemoptio','2015-06-21 11:36:48','2015-06-21 11:36:48'),(104,'voluptatemautemnobis','2015-06-21 11:36:48','2015-06-21 11:36:48'),(105,'quiavelitquaeaccusamus','2015-06-21 11:36:48','2015-06-21 11:36:48'),(106,'delectusqui','2015-06-21 11:36:48','2015-06-21 11:36:48'),(107,'eumsintaccusantiumhic','2015-06-21 11:36:48','2015-06-21 11:36:48'),(108,'possimusfugarepudiandaenisisunt','2015-06-21 11:36:48','2015-06-21 11:36:48'),(109,'recusandaeerrornulladelenititemporibus','2015-06-21 11:36:48','2015-06-21 11:36:48'),(110,'officiisquinihilblanditiis','2015-06-21 11:36:48','2015-06-21 11:36:48'),(111,'sintaspernatursedsunt','2015-06-21 11:36:48','2015-06-21 11:36:48'),(112,'voluptatibusnonvoluptasesseearum','2015-06-21 11:36:48','2015-06-21 11:36:48'),(113,'voluptatemoditvelitrepellendus','2015-06-21 11:36:48','2015-06-21 11:36:48'),(114,'quiamolestiaedistinctio','2015-06-21 11:36:48','2015-06-21 11:36:48'),(115,'quisdoloreidsintut','2015-06-21 11:36:48','2015-06-21 11:36:48'),(116,'earumfugit','2015-06-21 11:36:48','2015-06-21 11:36:48'),(117,'voluptatemtemporibusodit','2015-06-21 11:36:48','2015-06-21 11:36:48'),(118,'inrerumpraesentiumaliquamillo','2015-06-21 11:36:48','2015-06-21 11:36:48'),(119,'ducimusqui','2015-06-21 11:36:48','2015-06-21 11:36:48'),(120,'cumet','2015-06-21 11:36:48','2015-06-21 11:36:48'),(121,'aliasetnamconsequaturet','2015-06-21 11:36:48','2015-06-21 11:36:48'),(122,'quonihilnon','2015-06-21 11:36:48','2015-06-21 11:36:48'),(123,'atqueveritatisest','2015-06-21 11:36:48','2015-06-21 11:36:48'),(124,'totamiuretemporibusquaeratconsectetur','2015-06-21 11:36:48','2015-06-21 11:36:48'),(125,'quossedutfuga','2015-06-21 11:36:48','2015-06-21 11:36:48'),(126,'animiestliberoaut','2015-06-21 11:36:48','2015-06-21 11:36:48'),(127,'facilisesse','2015-06-21 11:36:48','2015-06-21 11:36:48'),(128,'eosassumendalaboresint','2015-06-21 11:36:48','2015-06-21 11:36:48'),(129,'quonullaestbeatae','2015-06-21 11:36:48','2015-06-21 11:36:48'),(130,'laborumeos','2015-06-21 11:36:48','2015-06-21 11:36:48'),(131,'sedfugaquiut','2015-06-21 11:36:48','2015-06-21 11:36:48'),(132,'exvoluptatibusaliquid','2015-06-21 11:36:48','2015-06-21 11:36:48'),(133,'placeatvellibero','2015-06-21 11:36:48','2015-06-21 11:36:48'),(134,'nisiutmagnam','2015-06-21 11:36:48','2015-06-21 11:36:48'),(135,'modiquiconsectetur','2015-06-21 11:36:48','2015-06-21 11:36:48'),(136,'quimaioresexplicabo','2015-06-21 11:36:48','2015-06-21 11:36:48'),(137,'nostrumliberoipsumrecusandaeanimi','2015-06-21 11:36:48','2015-06-21 11:36:48'),(138,'dignissimosutpossimus','2015-06-21 11:36:48','2015-06-21 11:36:48'),(139,'etat','2015-06-21 11:36:48','2015-06-21 11:36:48'),(140,'consequaturunde','2015-06-21 11:36:48','2015-06-21 11:36:48'),(141,'utseddoloribusnon','2015-06-21 11:36:48','2015-06-21 11:36:48'),(142,'sapientedelectuset','2015-06-21 11:36:48','2015-06-21 11:36:48'),(143,'inventoreet','2015-06-21 11:36:48','2015-06-21 11:36:48'),(144,'dolorillumipsa','2015-06-21 11:36:48','2015-06-21 11:36:48'),(145,'impeditremexcepturimaximeofficiis','2015-06-21 11:36:48','2015-06-21 11:36:48'),(146,'quisveroveniamaliquamomnis','2015-06-21 11:36:48','2015-06-21 11:36:48'),(147,'autofficiaarchitectositaperiam','2015-06-21 11:36:48','2015-06-21 11:36:48'),(148,'laboriosamsuntearumest','2015-06-21 11:36:48','2015-06-21 11:36:48'),(149,'sedeligendiautquaeest','2015-06-21 11:36:48','2015-06-21 11:36:48'),(150,'minimanihil','2015-06-21 11:36:48','2015-06-21 11:36:48'),(151,'corruptivoluptasteneturporro','2015-06-21 11:36:48','2015-06-21 11:36:48'),(152,'omnisofficia','2015-06-21 11:36:48','2015-06-21 11:36:48'),(153,'etquia','2015-06-21 11:36:48','2015-06-21 11:36:48'),(154,'distinctioidnostrumdoloraperiam','2015-06-21 11:36:48','2015-06-21 11:36:48'),(155,'doloremqueaut','2015-06-21 11:36:48','2015-06-21 11:36:48'),(156,'namdoloresporroiustovoluptatem','2015-06-20 07:24:32','2015-06-20 07:24:32'),(157,'easimiliqueofficiarerum','2015-06-20 07:24:32','2015-06-20 07:24:32'),(158,'autvoluptatibusetnihil','2015-06-20 07:24:32','2015-06-20 07:24:32'),(159,'recusandaenihilquibusdam','2015-06-20 07:24:32','2015-06-20 07:24:32'),(160,'sintaliquidaperiam','2015-06-20 07:24:32','2015-06-20 07:24:32'),(161,'corruptiperspiciatisminus','2015-06-20 07:24:32','2015-06-20 07:24:32'),(162,'modietvoluptas','2015-06-20 07:24:32','2015-06-20 07:24:32'),(163,'molestiaeidsoluta','2015-06-20 07:24:32','2015-06-20 07:24:32'),(164,'occaecativoluptasut','2015-06-20 07:24:32','2015-06-20 07:24:32'),(165,'rerumeligendiearum','2015-06-20 07:24:32','2015-06-20 07:24:32'),(166,'insaepequi','2015-06-20 07:24:32','2015-06-20 07:24:32'),(167,'quiquasi','2015-06-20 07:24:33','2015-06-20 07:24:33'),(168,'quidoloremquesuscipiteos','2015-06-20 07:24:33','2015-06-20 07:24:33'),(169,'omnisatqueet','2015-06-20 07:24:33','2015-06-20 07:24:33'),(170,'excepturiipsa','2015-06-20 07:24:33','2015-06-20 07:24:33'),(171,'dolorharumesseunderem','2015-06-20 07:24:33','2015-06-20 07:24:33'),(172,'errorsint','2015-06-20 07:24:33','2015-06-20 07:24:33'),(173,'dolorumullamsaepeexercitationemtotam','2015-06-20 07:24:33','2015-06-20 07:24:33'),(174,'accusantiumnullamolestiasvelit','2015-06-20 07:24:33','2015-06-20 07:24:33'),(175,'perspiciatisidaut','2015-06-20 07:24:33','2015-06-20 07:24:33'),(176,'maximeexercitationem','2015-06-20 07:24:33','2015-06-20 07:24:33'),(177,'laudantiumquinumquam','2015-06-20 07:24:33','2015-06-20 07:24:33'),(178,'saepenesciunt','2015-06-20 07:24:33','2015-06-20 07:24:33'),(179,'animirationemolestiaeetnatus','2015-06-15 08:24:26','2015-06-15 08:24:26'),(180,'nonutinetsunt','2015-06-15 08:24:26','2015-06-15 08:24:26'),(181,'optioaccusantiumbeatae','2015-06-15 08:24:26','2015-06-15 08:24:26'),(182,'ametrerum','2015-06-15 03:07:31','2015-06-15 03:07:31'),(183,'aspernaturutnecessitatibustempore','2015-06-15 03:07:31','2015-06-15 03:07:31'),(184,'quaeratet','2015-06-15 03:07:31','2015-06-15 03:07:31'),(185,'suntvelaliassequinisi','2015-06-15 03:07:31','2015-06-15 03:07:31'),(186,'officiadolor','2015-06-15 03:07:31','2015-06-15 03:07:31'),(187,'etquis','2015-06-15 03:07:31','2015-06-15 03:07:31'),(188,'modiipsaineasint','2015-06-15 03:07:31','2015-06-15 03:07:31'),(189,'autnostrum','2015-06-15 03:07:31','2015-06-15 03:07:31'),(190,'placeatexplicabopariatur','2015-06-21 11:36:48','2015-06-21 11:36:48'),(191,'magnamvoluptatumdicta','2015-06-21 11:36:48','2015-06-21 11:36:48'),(192,'perferendisnatusestquodolorem','2015-06-21 11:36:48','2015-06-21 11:36:48'),(193,'inciduntpariaturatque','2015-06-21 11:36:48','2015-06-21 11:36:48'),(194,'optiofugit','2015-06-21 11:36:48','2015-06-21 11:36:48'),(195,'rerumaliassequi','2015-06-21 11:36:48','2015-06-21 11:36:48'),(196,'excepturidolorquisquamnesciuntaut','2015-06-21 11:36:48','2015-06-21 11:36:48'),(197,'nihilevenietid','2015-06-21 11:36:48','2015-06-21 11:36:48'),(198,'essedolore','2015-06-21 11:36:48','2015-06-21 11:36:48'),(199,'fugiatvelitducimus','2015-06-21 11:36:48','2015-06-21 11:36:48'),(200,'istecupiditate','2015-06-21 11:36:48','2015-06-21 11:36:48'),(201,'sititaqueundequos','2015-06-21 11:36:48','2015-06-21 11:36:48'),(202,'etpossimusidvoluptatecupiditate','2015-06-21 11:36:48','2015-06-21 11:36:48'),(203,'dolorconsequaturquia','2015-06-21 11:36:48','2015-06-21 11:36:48'),(204,'eaquedictaexercitationem','2015-06-21 11:36:48','2015-06-21 11:36:48'),(205,'illumfugaarchitectomolestiaevoluptas','2015-06-21 11:36:48','2015-06-21 11:36:48'),(206,'utofficiaomnissunt','2015-06-21 11:36:48','2015-06-21 11:36:48'),(207,'voluptasest','2015-06-21 11:36:48','2015-06-21 11:36:48'),(208,'fugiatet','2015-06-21 11:36:48','2015-06-21 11:36:48'),(209,'idoptioutconsequatur','2015-06-21 11:36:48','2015-06-21 11:36:48'),(210,'quiaquaerat','2015-06-16 00:00:00','2015-06-16 00:00:00'),(211,'quisquamarchitectorerumut','2015-06-16 00:00:00','2015-06-16 00:00:00'),(212,'totamautteneturdolorem','2015-06-16 00:00:00','2015-06-16 00:00:00'),(213,'numquamofficiisprovidentestipsam','2015-06-21 11:36:48','2015-06-21 11:36:48'),(214,'quamsedrecusandae','2015-06-21 11:36:48','2015-06-21 11:36:48'),(215,'saepeetquooptio','2015-06-21 11:36:48','2015-06-21 11:36:48'),(216,'veniamquisaepeearum','2015-06-21 11:36:48','2015-06-21 11:36:48'),(217,'fugaetvoluptatem','2015-06-21 11:36:48','2015-06-21 11:36:48'),(218,'voluptascorporiseumnecessitatibusvoluptatem','2015-06-21 11:36:48','2015-06-21 11:36:48'),(219,'quodexpeditavoluptasaut','2015-06-21 11:36:48','2015-06-21 11:36:48'),(220,'doloribusinventore','2015-06-21 11:36:48','2015-06-21 11:36:48'),(221,'eiusautdistinctio','2015-06-21 11:36:48','2015-06-21 11:36:48'),(222,'omnisdoloreconsequatur','2015-06-21 11:36:48','2015-06-21 11:36:48'),(223,'autaperiamcumquenecessitatibus','2015-06-21 11:36:48','2015-06-21 11:36:48'),(224,'inet','2015-06-21 11:36:48','2015-06-21 11:36:48'),(225,'officiiset','2015-06-21 11:36:48','2015-06-21 11:36:48'),(226,'nihildelenitiblanditiis','2015-06-21 11:36:48','2015-06-21 11:36:48'),(227,'cupiditateut','2015-06-21 11:36:48','2015-06-21 11:36:48'),(228,'undeutvelitmolestiasvoluptatem','2015-06-21 11:36:48','2015-06-21 11:36:48'),(229,'numquamutsaepe','2015-06-21 11:36:48','2015-06-21 11:36:48'),(230,'cumtemporanihilperspiciatis','2015-06-16 00:00:00','2015-06-16 00:00:00'),(231,'nonquiscorruptisedsequi','2015-06-16 00:00:00','2015-06-16 00:00:00'),(232,'culpaquinon','2015-06-16 00:00:00','2015-06-16 00:00:00'),(233,'sedrepellatitaque','2015-06-16 00:00:00','2015-06-16 00:00:00'),(234,'perspiciatisautetmaxime','2015-06-16 00:00:00','2015-06-16 00:00:00'),(235,'utnullanemomolestiaeaut','2015-06-21 11:36:48','2015-06-21 11:36:48'),(236,'aatquetemporibusetut','2015-06-21 11:36:48','2015-06-21 11:36:48'),(237,'repellendusetenimiste','2015-06-21 11:36:48','2015-06-21 11:36:48'),(238,'nequetempora','2015-06-21 11:36:48','2015-06-21 11:36:48'),(239,'quiquisquamexercitationemaccusamus','2015-06-21 11:36:48','2015-06-21 11:36:48'),(240,'etet','2015-06-21 11:36:48','2015-06-21 11:36:48'),(241,'facilisexpeditadolore','2015-06-21 11:36:48','2015-06-21 11:36:48'),(242,'atqueeafacere','2015-06-21 11:36:48','2015-06-21 11:36:48'),(243,'debitisvoluptatemodioalias','2015-06-21 11:36:48','2015-06-21 11:36:48'),(244,'quisedasperioresnesciuntveritatis','2015-06-21 11:36:48','2015-06-21 11:36:48'),(245,'dictaut','2015-06-21 11:36:48','2015-06-21 11:36:48'),(246,'enimquibusdamfugithic','2015-06-21 11:36:48','2015-06-21 11:36:48'),(247,'facilisconsequaturettempora','2015-06-21 11:36:48','2015-06-21 11:36:48'),(248,'omnisfuga','2015-06-21 11:36:48','2015-06-21 11:36:48'),(249,'ametmaiores','2015-06-21 11:36:48','2015-06-21 11:36:48'),(250,'distinctioquaeratestconsequaturadipisci','2015-06-21 11:36:48','2015-06-21 11:36:48'),(251,'sitatqueaspernaturnequesed','2015-06-21 11:36:48','2015-06-21 11:36:48'),(252,'aperiamexsedmodiomnis','2015-06-21 11:36:48','2015-06-21 11:36:48'),(253,'eumnihil','2015-06-21 11:36:48','2015-06-21 11:36:48'),(254,'etquibusdamipsaqui','2015-06-21 11:36:48','2015-06-21 11:36:48'),(255,'molestiaspossimusvoluptatefugit','2015-06-21 11:36:48','2015-06-21 11:36:48'),(256,'quodaliquam','2015-06-21 11:36:48','2015-06-21 11:36:48'),(257,'oditnumquamquisquamexercitationemmaiores','2015-06-21 11:36:48','2015-06-21 11:36:48'),(258,'assumendaomniseaqueistevelit','2015-06-21 11:36:48','2015-06-21 11:36:48'),(259,'evenietofficiisvitaenisiomnis','2015-06-21 11:36:48','2015-06-21 11:36:48'),(260,'eumplaceatut','2015-06-21 11:36:48','2015-06-21 11:36:48'),(261,'consequaturrecusandaedignissimosnobis','2015-06-21 11:36:48','2015-06-21 11:36:48'),(262,'undereiciendisdistinctiorem','2015-06-21 11:36:48','2015-06-21 11:36:48'),(263,'temporibussaepe','2015-06-21 11:36:48','2015-06-21 11:36:48');
/*!40000 ALTER TABLE `suppliers` ENABLE KEYS */;
UNLOCK TABLES;

--
-- Table structure for table `users`
--

DROP TABLE IF EXISTS `users`;
/*!40101 SET @saved_cs_client     = @@character_set_client */;
/*!40101 SET character_set_client = utf8 */;
CREATE TABLE `users` (
  `id` int(11) NOT NULL AUTO_INCREMENT,
  `login` varchar(255) COLLATE utf8_unicode_ci DEFAULT NULL,
  `firstname` varchar(255) COLLATE utf8_unicode_ci DEFAULT NULL,
  `lastname` varchar(255) COLLATE utf8_unicode_ci DEFAULT NULL,
  `phone` varchar(255) COLLATE utf8_unicode_ci DEFAULT NULL,
  `authentication_system_id` int(11) DEFAULT '1',
  `unique_id` varchar(255) COLLATE utf8_unicode_ci DEFAULT NULL,
  `email` varchar(255) COLLATE utf8_unicode_ci DEFAULT NULL,
  `badge_id` varchar(255) COLLATE utf8_unicode_ci DEFAULT NULL,
  `address` varchar(255) COLLATE utf8_unicode_ci DEFAULT NULL,
  `city` varchar(255) COLLATE utf8_unicode_ci DEFAULT NULL,
  `zip` varchar(255) COLLATE utf8_unicode_ci DEFAULT NULL,
  `country` varchar(255) COLLATE utf8_unicode_ci DEFAULT NULL,
  `language_id` int(11) DEFAULT NULL,
  `extended_info` text COLLATE utf8_unicode_ci,
  `settings` varchar(1024) COLLATE utf8_unicode_ci DEFAULT NULL,
  `created_at` datetime DEFAULT NULL,
  `updated_at` datetime DEFAULT NULL,
  `delegator_user_id` int(11) DEFAULT NULL,
  PRIMARY KEY (`id`),
  KEY `index_users_on_authentication_system_id` (`authentication_system_id`)
) ENGINE=InnoDB AUTO_INCREMENT=37 DEFAULT CHARSET=utf8 COLLATE=utf8_unicode_ci;
/*!40101 SET character_set_client = @saved_cs_client */;

--
-- Dumping data for table `users`
--

LOCK TABLES `users` WRITE;
/*!40000 ALTER TABLE `users` DISABLE KEYS */;
INSERT INTO `users` VALUES (1,'ramon','Ramon','C.','01114625265',1,'legmeu5y4yexv7zcwq','ramon@zhdk.ch','2x8m7u4c3hxy0awfe9','4496 Arlo Flats','South Erling','M-AR0E 0QJ','Mauritius',2,NULL,'--- !ruby/hash:ActiveSupport::HashWithIndifferentAccess {}\n','2015-06-21 11:36:48','2015-06-21 11:36:48',NULL),(2,'nelda_bins_7506','Allene','Feest','02445715014',1,'3cacoci9dcqyutgufz','humberto_mohr@krajcikhoppe.info','hxna92a8j4gam50a59','286 Hills Bridge','New Yasminland','L-WH9 2AO','Luxembourg',1,NULL,'--- !ruby/hash:ActiveSupport::HashWithIndifferentAccess {}\n','2015-06-21 11:36:48','2015-06-21 11:36:48',NULL),(3,'jeika_7011','Melvin','Rogahn','03816636001',1,'m4iv3048x2p2o22iet','nathaniel.schiller@ankundingledner.co.uk','j8quv1qrxww6hly1fq','355 Reilly Valley','Leannaberg','N-WL2Y 9JW','Norfolk Island',1,NULL,'--- !ruby/hash:ActiveSupport::HashWithIndifferentAccess {}\n','2015-06-21 11:36:48','2015-06-21 11:36:48',NULL),(4,'eliezer_1344','Jana','Friesen','03801526043',1,'fvdhmzukhwn1o611ql','roslyn_mcdermott@lindgren.com','e33pvrky5vb96enhwk','777 Lawson Harbor','Faheyhaven','J-S5 2PG','Jordan',1,NULL,'--- !ruby/hash:ActiveSupport::HashWithIndifferentAccess {}\n','2015-06-21 11:36:48','2015-06-21 11:36:48',NULL),(5,'pearlie_7567','Delbert','Jacobson','08002669604',1,'n3uug6doy5h1d2nig3','lavina_swaniawski@dickentanton.info','gqxafy1c14aizlg4tr','98683 Hyatt Bypass','New Joaquinport','N-W2R 4AF','Netherlands Antilles',1,NULL,'--- !ruby/hash:ActiveSupport::HashWithIndifferentAccess {}\n','2015-06-21 11:36:48','2015-06-21 11:36:48',NULL),(6,'katelynn.schaefer_3332','Henderson','Schimmel','05631554657',1,'exeipur4gzqm97m15i','oren@heathcotebalistreri.biz','eyt0dlidpy4eq8eel4','6477 Katarina Lake','Port Serenity','S-YE6 9YB','Samoa',1,NULL,'--- !ruby/hash:ActiveSupport::HashWithIndifferentAccess {}\n','2015-06-21 11:36:48','2015-06-21 11:36:48',NULL),(7,'aaron.carter_912','Eloisa','Langosh','08418102553',1,'58m8q0ytfqn0heeb5n','casandra@hodkiewicz.co.uk','t88feqckjhrr8akm6g','1951 Parker Course','East Maximillianmouth','S-YT8 0JH','Swaziland',1,NULL,'--- !ruby/hash:ActiveSupport::HashWithIndifferentAccess {}\n','2015-06-21 11:36:48','2015-06-21 11:36:48',NULL),(8,'matti','Matti','S.','0169771566',1,'2wq6na5v8wijw9xq4u','matti@zhdk.ch','ev8zcuv5xu4rpamguc','3371 Hilll Mountain','Liatown','P-TF8 7BJ','Puerto Rico',2,NULL,'--- !ruby/hash:ActiveSupport::HashWithIndifferentAccess {}\n','2015-06-21 11:36:48','2015-06-21 11:36:48',NULL),(9,'mike','Mike','H.','0800586471',1,'6hxysq89qgv8g3hl02','mike@zhdk.ch','q20y4qdio7dbnlzceq','232 Roberts Cliffs','Leonelbury','A-SG9V 4SJ','American Samoa',2,NULL,'--- !ruby/hash:ActiveSupport::HashWithIndifferentAccess {}\n','2015-06-21 11:36:48','2015-06-21 11:36:48',NULL),(10,'andi','Andi','Feest','08008966565',1,'gn8lufag0n6wp3v73y','andi@zhdk.ch','eqi3y1rqqwr4stzxk0','7579 Cielo Port','Port Orland','E-Z3 5YZ','Eritrea',2,NULL,'--- !ruby/hash:ActiveSupport::HashWithIndifferentAccess {}\n','2015-06-21 11:36:48','2015-06-21 11:36:48',NULL),(11,'nikita_miller_9894','Janet','Koss','08001273915',1,'22ivkx1z0edhzgpv60','enrique.stehr@loweryan.info','9xc50rqs9280csjhtb','358 Lesch Island','Port Kip','A-T5B 6GE','Azerbaijan',2,NULL,'--- !ruby/hash:ActiveSupport::HashWithIndifferentAccess {}\n','2015-06-21 11:36:48','2015-06-21 11:36:48',NULL),(12,'delmer_8732','Jonathon','Kunde','05571894968',1,'41pzzn1ihtb923clap','gabe.crist@dickens.co.uk','hlgxlx0vx7tqxs3x0r','87033 Boehm Corners','Port Emiliano','B-Y0R 7PY','Bahamas',1,NULL,'--- !ruby/hash:ActiveSupport::HashWithIndifferentAccess {}\n','2015-06-21 11:36:48','2015-06-21 11:36:48',NULL),(13,'tomasa_4785','Melyna','Anderson','05569746032',1,'tvfckwt62um2w9rpdm','orlo.bartoletti@halvorsondaugherty.biz','l5o7ro11zje0ol9x30','985 Alejandra Plain','Lulashire','V-SR3R 5HE','Vietnam',1,NULL,'--- !ruby/hash:ActiveSupport::HashWithIndifferentAccess {}\n','2015-06-21 11:36:48','2015-06-21 11:36:48',NULL),(14,'alfred.pacocha_2330','Dexter','Boyle','0800900905',1,'zw7ke5f9v966p0r8a2','frida_stehr@wuckert.name','16arnm1bjet3fk91qa','7717 Hoppe Ridge','Jacobsonburgh','B-TK5E 7JG','British Indian Ocean Territory (Chagos Archipelago)',1,NULL,'--- !ruby/hash:ActiveSupport::HashWithIndifferentAccess {}\n','2015-06-21 11:36:48','2015-06-21 11:36:48',NULL),(15,'dallas_pouros_6891','Crystel','Block','08252012941',1,'24brusd05cdqvcvcf1','jarred_denesik@jerde.info','i56all51px1anm9p79','9093 Fritz Rapids','Elveramouth','A-W8 8WA','Azerbaijan',1,NULL,'--- !ruby/hash:ActiveSupport::HashWithIndifferentAccess {}\n','2015-06-21 11:36:48','2015-06-21 11:36:48',NULL),(16,'maximus_1065','Rowena','Hodkiewicz','08008845675',1,'2uzd26ks0xfu138jdm','nicholas@pouros.info','ix4mbltyv345g3u3ku','342 Zieme Lodge','Clementinahaven','A-WF2 4BB','Austria',1,NULL,'--- !ruby/hash:ActiveSupport::HashWithIndifferentAccess {}\n','2015-06-21 11:36:48','2015-06-21 11:36:48',NULL),(17,'gino','Gino','F.','0160720162',1,'07s2usi28sewzefn62','gino@zhdk.ch','ezgb6iexiido4p2pm2','85137 Letha Hill','Kiehnhaven','D-Z5M 7AB','Denmark',2,NULL,'--- !ruby/hash:ActiveSupport::HashWithIndifferentAccess {}\n','2015-06-21 11:36:48','2015-06-21 11:36:48',NULL),(18,'pius','Pius','Jaskolski','01196960155',1,'znwj0o05llgvmaf6x1','pius@zhdk.ch','zdzcrl1imkveudjgby','181 Eleanore Ways','West Stone','D-ZS1 4DA','Djibouti',2,NULL,'--- !ruby/hash:ActiveSupport::HashWithIndifferentAccess {}\n','2015-06-21 11:36:48','2015-06-21 11:36:48',NULL),(19,'peter','Peter','Silie','01914113337',1,'hnyoi6dap8d0u0j7ll','peter@silie.com','hy4huujwnlz6eefzqh','8038 Delilah Lights','Dietrichburgh','A-TN3P 6RB','Aruba',2,NULL,'--- !ruby/hash:ActiveSupport::HashWithIndifferentAccess {}\n','2015-06-21 11:36:48','2015-06-21 11:36:48',NULL),(20,'lura.wiegand_639','Tito','Kirlin','0169772998',1,'u7r4i0z3vxpfhwuj9u','maureen@ritchie.name','af2k5ed7i6avx2gg5t','440 Waters Roads','Nikkofurt','T-W5E 7AB','Tunisia',1,NULL,'--- !ruby/hash:ActiveSupport::HashWithIndifferentAccess {}\n','2015-06-21 11:36:48','2015-06-21 11:36:48',NULL),(21,'florian_haley_3015','Assunta','Terry','01713521421',1,'1wystcgimhs5xpyxf9','magali@walsh.biz','uaccxik4sgns6dhphr','80245 Beatty Estates','South Zola','S-WD4R 2PL','Senegal',1,NULL,'--- !ruby/hash:ActiveSupport::HashWithIndifferentAccess {}\n','2015-06-21 11:36:48','2015-06-21 11:36:48',NULL),(22,'claire_welch_7811','Ruthie','Brakus','08001806367',1,'02tosebsx0i0nbf0oq','darius@collins.co.uk','99ctu4bq9cpl67kkg4','97769 Spencer Village','North Aylin','V-W9 9BG','Vanuatu',1,NULL,'--- !ruby/hash:ActiveSupport::HashWithIndifferentAccess {}\n','2015-06-21 11:36:48','2015-06-21 11:36:48',NULL),(23,'hailie_gulgowski_9542','Albertha','Willms','05666338441',1,'4le1w1392cizmv84pp','matt_will@kub.info','944vpxiw498t3n7x4e','20284 Rolando Hill','Annettashire','T-Z9M 7PP','Tanzania',1,NULL,'--- !ruby/hash:ActiveSupport::HashWithIndifferentAccess {}\n','2015-06-21 11:36:48','2015-06-21 11:36:48',NULL),(24,'lysanne_2541','Larue','Hickle','01113114944',1,'o3vre9dechf9bct9af','asia@schowaltersteuber.biz','l11dhc7d1glthu54st','20876 Reichert Shoals','New Aubreyfurt','L-DR5 9LG','Luxembourg',1,NULL,'--- !ruby/hash:ActiveSupport::HashWithIndifferentAccess {}\n','2015-06-16 00:00:00','2015-06-16 00:00:00',NULL),(25,'bryana_white_5550','Mustafa','West','0800793726',1,'27plz6i73ce98miplr','eleazar.farrell@jerdenader.name','9rlqjpqdcqh6gkts2e','8164 Elliott Brook','New Theo','H-Y5V 8XB','Hong Kong',1,NULL,'--- !ruby/hash:ActiveSupport::HashWithIndifferentAccess {}\n','2015-06-16 00:00:00','2015-06-16 00:00:00',NULL),(26,'heidi.schimmel_5974','Trever','McLaughlin','08001634536',1,'gen63l5omurvud65xj','lelia@terryhermiston.info','5l72ip1cryp94ajzjh','885 Travis Creek','North Guiseppeburgh','M-U3A 8BF','Macao',1,NULL,'--- !ruby/hash:ActiveSupport::HashWithIndifferentAccess {}\n','2015-06-21 11:36:48','2015-06-21 11:36:48',NULL),(27,'marshall_9236','Ora','Dicki','09538849029',1,'j6bad6p0mf7wpuz3oc','ashton@fayoconner.com','piagdj3mbv4kjuwnp4','809 Collier Greens','Lake Shanna','S-Z5 8AE','Sri Lanka',1,NULL,'--- !ruby/hash:ActiveSupport::HashWithIndifferentAccess {}\n','2015-06-21 11:36:48','2015-06-21 11:36:48',NULL),(28,'mina','Mina','Miller','05589279538',1,'l9z3tyllsia1tt28pp','mina@zhdk.ch','fmcajtm19bq8rusu7a','12566 Jones Junctions','Lake Yasmin','N-N9 5ZJ','Nauru',1,NULL,'--- !ruby/hash:ActiveSupport::HashWithIndifferentAccess {}\n','2015-06-21 11:36:48','2015-06-21 11:36:48',NULL),(29,'julie','Julie','Upton','0169777133',1,'of5fdl63ay4q4vo3ds','julie@zhdk.ch','fe00jv5sq3cqhflpc0','19586 Merlin Mountain','Lake Kobyfurt','I-YG70 7LJ','Iraq',1,NULL,'--- !ruby/hash:ActiveSupport::HashWithIndifferentAccess {}\n','2015-06-21 11:36:48','2015-06-21 11:36:48',NULL),(30,NULL,'Sunt architecto quaerat nostrum ad id dolor voluptate corrupti.',NULL,NULL,NULL,NULL,NULL,NULL,NULL,NULL,NULL,NULL,1,NULL,'--- !ruby/hash:ActiveSupport::HashWithIndifferentAccess {}\n','2015-06-21 11:36:48','2015-06-21 11:36:48',29),(31,NULL,'Ut illum sint voluptas quod consectetur assumenda nisi.',NULL,NULL,NULL,NULL,NULL,NULL,NULL,NULL,NULL,NULL,1,NULL,'--- !ruby/hash:ActiveSupport::HashWithIndifferentAccess {}\n','2015-06-21 11:36:48','2015-06-21 11:36:48',28),(32,NULL,'Neque aut doloribus occaecati natus.',NULL,NULL,NULL,NULL,NULL,NULL,NULL,NULL,NULL,NULL,1,NULL,'--- !ruby/hash:ActiveSupport::HashWithIndifferentAccess {}\n','2015-06-21 11:36:48','2015-06-21 11:36:48',28),(33,NULL,'Sunt enim ducimus mollitia exercitationem sit dolor harum dolorem.',NULL,NULL,NULL,NULL,NULL,NULL,NULL,NULL,NULL,NULL,1,NULL,'--- !ruby/hash:ActiveSupport::HashWithIndifferentAccess {}\n','2015-06-21 11:36:48','2015-06-21 11:36:48',28),(34,'normin','Normin','N.','01188925203',1,'p1n9yegflc7dfp7ixg','normin@zhdk.ch','5kbkr98z5o6olsz452','38541 Lynch Fords','New Helmerhaven','N-J2 3LT','Northern Mariana Islands',2,NULL,'--- !ruby/hash:ActiveSupport::HashWithIndifferentAccess {}\n','2015-06-21 11:36:48','2015-06-21 11:36:48',NULL),(35,'petra','Petra','K.','0800723692',1,'rf4tt4dn0ud96t1ued','petra@zhdk.ch','sw72g94xvsgg8qw4g0','6344 Dora Center, ','Laurenport','M-Y9 0LA','Madagascar',2,NULL,'--- !ruby/hash:ActiveSupport::HashWithIndifferentAccess {}\n','2015-06-21 11:36:48','2015-06-21 11:36:48',NULL),(36,'lisa','Lisa','L.','08657401824',1,'b35uminkcrvfrrboxe','lisa@zhdk.ch','ne2v3uswfmixqi6dbn','96777 Elda Lights','Okunevamouth','M-F5N 9LW','Malaysia',2,NULL,'--- !ruby/hash:ActiveSupport::HashWithIndifferentAccess {}\n','2015-06-21 11:36:48','2015-06-21 11:36:48',NULL);
/*!40000 ALTER TABLE `users` ENABLE KEYS */;
UNLOCK TABLES;

--
-- Temporary table structure for view `visit_lines`
--

DROP TABLE IF EXISTS `visit_lines`;
/*!50001 DROP VIEW IF EXISTS `visit_lines`*/;
SET @saved_cs_client     = @@character_set_client;
SET character_set_client = utf8;
/*!50001 CREATE TABLE `visit_lines` (
  `visit_id` varchar(86),
  `inventory_pool_id` int(11),
  `user_id` int(11),
  `delegated_user_id` int(11),
  `status` enum('unsubmitted','submitted','rejected','approved','signed','closed'),
  `action` varchar(9),
  `date` date,
  `quantity` int(11),
  `contract_line_id` int(11)
) ENGINE=MyISAM */;
SET character_set_client = @saved_cs_client;

--
-- Temporary table structure for view `visits`
--

DROP TABLE IF EXISTS `visits`;
/*!50001 DROP VIEW IF EXISTS `visits`*/;
SET @saved_cs_client     = @@character_set_client;
SET character_set_client = utf8;
/*!50001 CREATE TABLE `visits` (
  `id` varchar(86),
  `inventory_pool_id` int(11),
  `user_id` int(11),
  `status` enum('unsubmitted','submitted','rejected','approved','signed','closed'),
  `action` varchar(9),
  `date` date,
  `quantity` decimal(32,0)
) ENGINE=MyISAM */;
SET character_set_client = @saved_cs_client;

--
-- Table structure for table `workdays`
--

DROP TABLE IF EXISTS `workdays`;
/*!40101 SET @saved_cs_client     = @@character_set_client */;
/*!40101 SET character_set_client = utf8 */;
CREATE TABLE `workdays` (
  `id` int(11) NOT NULL AUTO_INCREMENT,
  `inventory_pool_id` int(11) DEFAULT NULL,
  `monday` tinyint(1) DEFAULT '1',
  `tuesday` tinyint(1) DEFAULT '1',
  `wednesday` tinyint(1) DEFAULT '1',
  `thursday` tinyint(1) DEFAULT '1',
  `friday` tinyint(1) DEFAULT '1',
  `saturday` tinyint(1) DEFAULT '0',
  `sunday` tinyint(1) DEFAULT '0',
  PRIMARY KEY (`id`),
  KEY `index_workdays_on_inventory_pool_id` (`inventory_pool_id`)
) ENGINE=InnoDB AUTO_INCREMENT=15 DEFAULT CHARSET=utf8 COLLATE=utf8_unicode_ci;
/*!40101 SET character_set_client = @saved_cs_client */;

--
-- Dumping data for table `workdays`
--

LOCK TABLES `workdays` WRITE;
/*!40000 ALTER TABLE `workdays` DISABLE KEYS */;
INSERT INTO `workdays` VALUES (1,1,1,1,1,1,1,0,0),(2,2,1,1,1,1,1,0,0),(3,3,1,1,1,1,1,0,0),(4,4,1,1,1,1,1,0,0),(5,5,1,1,1,1,1,0,0),(6,6,1,1,1,1,1,0,0),(7,7,1,1,1,1,1,0,0),(8,8,1,1,1,1,1,0,0),(9,9,1,1,1,1,1,0,0),(10,10,1,1,1,1,1,0,0),(11,11,1,1,1,1,1,0,0),(12,12,1,1,1,1,1,0,0),(13,13,1,1,1,1,1,0,0),(14,14,1,1,1,1,1,0,0);
/*!40000 ALTER TABLE `workdays` ENABLE KEYS */;
UNLOCK TABLES;

--
-- Final view structure for view `partitions_with_generals`
--

/*!50001 DROP TABLE IF EXISTS `partitions_with_generals`*/;
/*!50001 DROP VIEW IF EXISTS `partitions_with_generals`*/;
/*!50001 SET @saved_cs_client          = @@character_set_client */;
/*!50001 SET @saved_cs_results         = @@character_set_results */;
/*!50001 SET @saved_col_connection     = @@collation_connection */;
/*!50001 SET character_set_client      = utf8 */;
/*!50001 SET character_set_results     = utf8 */;
/*!50001 SET collation_connection      = utf8_general_ci */;
/*!50001 CREATE ALGORITHM=UNDEFINED */
/*!50001 VIEW `partitions_with_generals` AS select `partitions`.`model_id` AS `model_id`,`partitions`.`inventory_pool_id` AS `inventory_pool_id`,`partitions`.`group_id` AS `group_id`,`partitions`.`quantity` AS `quantity` from `partitions` union select `i`.`model_id` AS `model_id`,`i`.`inventory_pool_id` AS `inventory_pool_id`,NULL AS `group_id`,(count(`i`.`id`) - ifnull((select sum(`p`.`quantity`) from `partitions` `p` where ((`p`.`model_id` = `i`.`model_id`) and (`p`.`inventory_pool_id` = `i`.`inventory_pool_id`)) group by `p`.`inventory_pool_id`,`p`.`model_id`),0)) AS `quantity` from `items` `i` where (isnull(`i`.`retired`) and (`i`.`is_borrowable` = 1) and isnull(`i`.`parent_id`)) group by `i`.`inventory_pool_id`,`i`.`model_id` */;
/*!50001 SET character_set_client      = @saved_cs_client */;
/*!50001 SET character_set_results     = @saved_cs_results */;
/*!50001 SET collation_connection      = @saved_col_connection */;

--
-- Final view structure for view `visit_lines`
--

/*!50001 DROP TABLE IF EXISTS `visit_lines`*/;
/*!50001 DROP VIEW IF EXISTS `visit_lines`*/;
/*!50001 SET @saved_cs_client          = @@character_set_client */;
/*!50001 SET @saved_cs_results         = @@character_set_results */;
/*!50001 SET @saved_col_connection     = @@collation_connection */;
/*!50001 SET character_set_client      = utf8 */;
/*!50001 SET character_set_results     = utf8 */;
/*!50001 SET collation_connection      = utf8_general_ci */;
/*!50001 CREATE ALGORITHM=UNDEFINED */
/*!50001 VIEW `visit_lines` AS select hex(concat(if((`c`.`status` = 'approved'),`cl`.`start_date`,`cl`.`end_date`),`c`.`inventory_pool_id`,`c`.`user_id`,`c`.`status`)) AS `visit_id`,`c`.`inventory_pool_id` AS `inventory_pool_id`,`c`.`user_id` AS `user_id`,`c`.`delegated_user_id` AS `delegated_user_id`,`c`.`status` AS `status`,if((`c`.`status` = 'approved'),'hand_over','take_back') AS `action`,if((`c`.`status` = 'approved'),`cl`.`start_date`,`cl`.`end_date`) AS `date`,`cl`.`quantity` AS `quantity`,`cl`.`id` AS `contract_line_id` from (`contract_lines` `cl` join `contracts` `c` on((`cl`.`contract_id` = `c`.`id`))) where ((`c`.`status` in ('approved','signed')) and isnull(`cl`.`returned_date`)) order by if((`c`.`status` = 'approved'),`cl`.`start_date`,`cl`.`end_date`) */;
/*!50001 SET character_set_client      = @saved_cs_client */;
/*!50001 SET character_set_results     = @saved_cs_results */;
/*!50001 SET collation_connection      = @saved_col_connection */;

--
-- Final view structure for view `visits`
--

/*!50001 DROP TABLE IF EXISTS `visits`*/;
/*!50001 DROP VIEW IF EXISTS `visits`*/;
/*!50001 SET @saved_cs_client          = @@character_set_client */;
/*!50001 SET @saved_cs_results         = @@character_set_results */;
/*!50001 SET @saved_col_connection     = @@collation_connection */;
/*!50001 SET character_set_client      = utf8 */;
/*!50001 SET character_set_results     = utf8 */;
/*!50001 SET collation_connection      = utf8_general_ci */;
/*!50001 CREATE ALGORITHM=UNDEFINED */
/*!50001 VIEW `visits` AS select hex(concat(`visit_lines`.`date`,`visit_lines`.`inventory_pool_id`,`visit_lines`.`user_id`,`visit_lines`.`status`)) AS `id`,`visit_lines`.`inventory_pool_id` AS `inventory_pool_id`,`visit_lines`.`user_id` AS `user_id`,`visit_lines`.`status` AS `status`,`visit_lines`.`action` AS `action`,`visit_lines`.`date` AS `date`,sum(`visit_lines`.`quantity`) AS `quantity` from `visit_lines` group by `visit_lines`.`user_id`,`visit_lines`.`status`,`visit_lines`.`date`,`visit_lines`.`inventory_pool_id` */;
/*!50001 SET character_set_client      = @saved_cs_client */;
/*!50001 SET character_set_results     = @saved_cs_results */;
/*!50001 SET collation_connection      = @saved_col_connection */;
/*!40103 SET TIME_ZONE=@OLD_TIME_ZONE */;

/*!40101 SET SQL_MODE=@OLD_SQL_MODE */;
/*!40014 SET FOREIGN_KEY_CHECKS=@OLD_FOREIGN_KEY_CHECKS */;
/*!40014 SET UNIQUE_CHECKS=@OLD_UNIQUE_CHECKS */;
/*!40101 SET CHARACTER_SET_CLIENT=@OLD_CHARACTER_SET_CLIENT */;
/*!40101 SET CHARACTER_SET_RESULTS=@OLD_CHARACTER_SET_RESULTS */;
/*!40101 SET COLLATION_CONNECTION=@OLD_COLLATION_CONNECTION */;
/*!40111 SET SQL_NOTES=@OLD_SQL_NOTES */;

-- Dump completed on 2014-09-02 14:27:10
COMMIT;
