SET autocommit=0; SET unique_checks=0; SET foreign_key_checks=0;
-- MySQL dump 10.13  Distrib 5.1.48, for apple-darwin10.3.0 (i386)
--
-- Host: localhost    Database: leihs2_test
-- ------------------------------------------------------
-- Server version	5.1.48

/*!40101 SET @OLD_CHARACTER_SET_CLIENT=@@CHARACTER_SET_CLIENT */;
/*!40101 SET @OLD_CHARACTER_SET_RESULTS=@@CHARACTER_SET_RESULTS */;
/*!40101 SET @OLD_COLLATION_CONNECTION=@@COLLATION_CONNECTION */;
/*!40101 SET NAMES utf8 */;
/*!40103 SET @OLD_TIME_ZONE=@@TIME_ZONE */;
/*!40103 SET TIME_ZONE='+00:00' */;
/*!40014 SET @OLD_UNIQUE_CHECKS=@@UNIQUE_CHECKS, UNIQUE_CHECKS=0 */;
/*!40014 SET @OLD_FOREIGN_KEY_CHECKS=@@FOREIGN_KEY_CHECKS, FOREIGN_KEY_CHECKS=0 */;
/*!40101 SET @OLD_SQL_MODE=@@SQL_MODE, SQL_MODE='NO_AUTO_VALUE_ON_ZERO' */;
/*!40111 SET @OLD_SQL_NOTES=@@SQL_NOTES, SQL_NOTES=0 */;

--
-- Table structure for table `access_rights`
--

DROP TABLE IF EXISTS `access_rights`;
/*!40101 SET @saved_cs_client     = @@character_set_client */;
/*!40101 SET character_set_client = utf8 */;
CREATE TABLE `access_rights` (
  `id` int(11) NOT NULL AUTO_INCREMENT,
  `user_id` int(11) DEFAULT NULL,
  `inventory_pool_id` int(11) DEFAULT NULL,
  `suspended_until` date DEFAULT NULL,
  `suspended_reason` text COLLATE utf8_unicode_ci,
  `deleted_at` date DEFAULT NULL,
  `created_at` datetime DEFAULT NULL,
  `updated_at` datetime DEFAULT NULL,
  `role` enum('customer','group_manager','lending_manager','inventory_manager','admin') COLLATE utf8_unicode_ci NOT NULL,
  PRIMARY KEY (`id`),
  KEY `index_access_rights_on_suspended_until` (`suspended_until`),
  KEY `index_access_rights_on_deleted_at` (`deleted_at`),
  KEY `index_access_rights_on_inventory_pool_id` (`inventory_pool_id`),
  KEY `index_access_rights_on_role` (`role`),
  KEY `index_on_user_id_and_inventory_pool_id_and_deleted_at` (`user_id`,`inventory_pool_id`,`deleted_at`),
  CONSTRAINT `access_rights_user_id_fk` FOREIGN KEY (`user_id`) REFERENCES `users` (`id`),
  CONSTRAINT `access_rights_inventory_pool_id_fk` FOREIGN KEY (`inventory_pool_id`) REFERENCES `inventory_pools` (`id`) ON DELETE CASCADE
) ENGINE=InnoDB AUTO_INCREMENT=43 DEFAULT CHARSET=utf8 COLLATE=utf8_unicode_ci;
/*!40101 SET character_set_client = @saved_cs_client */;

--
-- Dumping data for table `access_rights`
--

LOCK TABLES `access_rights` WRITE;
/*!40000 ALTER TABLE `access_rights` DISABLE KEYS */;
INSERT INTO `access_rights` VALUES (1,1,NULL,NULL,NULL,NULL,'2013-07-23 01:47:08','2013-07-23 01:47:08','admin'),(2,3,3,NULL,NULL,NULL,'2013-07-23 01:47:08','2013-07-23 01:47:08','customer'),(3,4,1,NULL,NULL,NULL,'2013-07-23 01:47:08','2013-07-23 01:47:08','lending_manager'),(4,5,5,NULL,NULL,NULL,'2013-07-23 01:47:08','2013-07-23 01:47:08','customer'),(5,6,12,NULL,NULL,NULL,'2013-07-23 01:47:08','2013-07-23 01:47:08','customer'),(6,7,1,NULL,NULL,'2013-07-23','2013-07-23 01:47:08','2013-07-23 01:47:08','customer'),(7,1,1,NULL,NULL,NULL,'2013-07-23 01:47:08','2013-07-23 01:47:08','customer'),(8,8,2,NULL,NULL,NULL,'2013-07-23 01:47:08','2013-07-23 01:47:08','inventory_manager'),(9,9,1,NULL,NULL,NULL,'2013-07-23 01:47:08','2013-07-23 01:47:08','inventory_manager'),(10,9,12,NULL,NULL,NULL,'2013-07-23 01:47:08','2013-07-23 01:47:08','inventory_manager'),(11,10,1,NULL,NULL,NULL,'2013-07-23 01:47:08','2013-07-23 01:47:08','group_manager'),(12,10,2,NULL,NULL,NULL,'2013-07-23 01:47:08','2013-07-23 01:47:08','group_manager'),(13,10,3,NULL,NULL,NULL,'2013-07-23 01:47:08','2013-07-23 01:47:08','group_manager'),(14,11,1,NULL,NULL,NULL,'2013-07-23 01:47:08','2013-07-23 01:47:08','group_manager'),(15,12,1,NULL,NULL,NULL,'2013-07-23 01:47:08','2013-07-23 01:47:08','customer'),(16,13,1,'2013-07-23','suspreason',NULL,'2013-07-23 01:47:08','2013-07-23 01:47:08','customer'),(17,14,1,NULL,NULL,NULL,'2013-07-23 01:47:08','2013-07-23 01:47:08','customer'),(18,15,1,NULL,NULL,NULL,'2013-07-23 01:47:08','2013-07-23 01:47:08','customer'),(19,16,1,NULL,NULL,NULL,'2013-07-23 01:47:08','2013-07-23 01:47:08','customer'),(20,17,NULL,NULL,NULL,NULL,'2013-07-23 01:47:08','2013-07-23 01:47:08','admin'),(21,18,1,NULL,NULL,NULL,'2013-07-23 01:47:08','2013-07-23 01:47:08','lending_manager'),(22,18,2,NULL,NULL,NULL,'2013-07-23 01:47:08','2013-07-23 01:47:08','lending_manager'),(23,19,1,NULL,NULL,NULL,'2013-07-23 01:47:08','2013-07-23 01:47:08','customer'),(24,20,1,NULL,NULL,NULL,'2013-07-23 01:47:08','2013-07-23 01:47:08','customer'),(25,21,1,NULL,NULL,NULL,'2013-07-23 01:47:08','2013-07-23 01:47:08','customer'),(26,22,1,NULL,NULL,NULL,'2013-07-23 01:47:08','2013-07-23 01:47:08','customer'),(27,23,1,NULL,NULL,NULL,'2013-07-23 01:47:08','2013-07-23 01:47:08','customer'),(28,24,2,'2013-07-19','Quisquam qui est et.',NULL,'2013-07-18 00:00:00','2013-07-18 00:00:00','customer'),(29,28,1,NULL,NULL,NULL,'2013-07-23 01:47:08','2013-07-23 01:47:08','customer'),(30,29,1,NULL,NULL,NULL,'2013-07-23 01:47:08','2013-07-23 01:47:08','customer'),(31,30,1,NULL,NULL,NULL,'2013-07-23 01:47:08','2013-07-23 01:47:08','customer'),(32,31,1,NULL,NULL,NULL,'2013-07-23 01:47:08','2013-07-23 01:47:08','customer'),(33,33,1,NULL,NULL,NULL,'2013-07-23 01:47:08','2013-07-23 01:47:08','customer'),(34,33,13,NULL,NULL,NULL,'2013-07-23 01:47:08','2013-07-23 01:47:08','customer'),(35,33,14,NULL,NULL,NULL,'2013-07-23 01:47:08','2013-07-23 01:47:08','customer'),(36,33,15,NULL,NULL,NULL,'2013-07-23 01:47:08','2013-07-23 01:47:08','customer'),(37,34,1,NULL,NULL,NULL,'2013-07-23 01:47:08','2013-07-23 01:47:08','customer'),(38,34,2,NULL,NULL,NULL,'2013-07-23 01:47:08','2013-07-23 01:47:08','customer'),(39,34,3,NULL,NULL,NULL,'2013-07-23 01:47:08','2013-07-23 01:47:08','customer'),(40,34,15,NULL,NULL,'2013-07-22','2013-07-23 01:47:08','2013-07-23 01:47:08','customer'),(41,35,1,NULL,NULL,NULL,'2013-07-23 01:47:08','2013-07-23 01:47:08','customer'),(42,36,1,NULL,NULL,NULL,'2013-07-23 01:47:08','2013-07-23 01:47:08','customer');
/*!40000 ALTER TABLE `access_rights` ENABLE KEYS */;
UNLOCK TABLES;

--
-- Table structure for table `accessories`
--

DROP TABLE IF EXISTS `accessories`;
/*!40101 SET @saved_cs_client     = @@character_set_client */;
/*!40101 SET character_set_client = utf8 */;
CREATE TABLE `accessories` (
  `id` int(11) NOT NULL AUTO_INCREMENT,
  `model_id` int(11) DEFAULT NULL,
  `name` varchar(255) COLLATE utf8_unicode_ci DEFAULT NULL,
  `quantity` int(11) DEFAULT NULL,
  PRIMARY KEY (`id`),
  KEY `index_accessories_on_model_id` (`model_id`),
  CONSTRAINT `accessories_model_id_fk` FOREIGN KEY (`model_id`) REFERENCES `models` (`id`) ON DELETE CASCADE
) ENGINE=InnoDB AUTO_INCREMENT=478 DEFAULT CHARSET=utf8 COLLATE=utf8_unicode_ci;
/*!40101 SET character_set_client = @saved_cs_client */;

--
-- Dumping data for table `accessories`
--

LOCK TABLES `accessories` WRITE;
/*!40000 ALTER TABLE `accessories` DISABLE KEYS */;
INSERT INTO `accessories` VALUES (1,1,'Ms. Adolphus Swaniawski',NULL),(2,1,'Collin Ledner',NULL),(3,1,'Ms. Vida Tromp',NULL),(4,1,'Ms. Jocelyn Konopelski',NULL),(5,2,'Ashtyn Willms',NULL),(6,2,'Miss Monica Huel',NULL),(7,2,'Julien Wehner PhD',NULL),(8,2,'Delbert Welch MD',NULL),(9,2,'Zoila Bruen',NULL),(10,3,'Clint Marquardt',NULL),(11,3,'Julian King',NULL),(12,3,'Dorothea Feil V',NULL),(13,3,'Glennie Friesen',NULL),(14,3,'Dakota Blick',NULL),(15,4,'Miss Delbert Parker',NULL),(16,4,'Harmony Ullrich',NULL),(17,4,'Ceasar Hills',NULL),(18,4,'Ms. Ashlynn Braun',NULL),(19,4,'Mrs. Rita Schuster',NULL),(20,5,'Darrick Tillman',NULL),(21,5,'Michael Leannon',NULL),(22,5,'Constantin Swaniawski',NULL),(23,5,'Mr. Zoey Lind',NULL),(24,6,'Salvador Kozey Sr.',NULL),(25,7,'Julio Cole II',NULL),(26,7,'Wilton Murray',NULL),(27,7,'Cleo Konopelski',NULL),(28,7,'Mrs. Mable Cole',NULL),(29,8,'Joey Stokes',NULL),(30,9,'Destini Hammes',NULL),(31,9,'Casimer Johnson',NULL),(32,10,'Jamison Johnston',NULL),(33,10,'Dina Gibson',NULL),(34,10,'Creola Quitzon',NULL),(35,10,'Emilie Moore',NULL),(36,10,'Timmy Murphy',NULL),(37,11,'Miss Jimmie Pollich',NULL),(38,12,'Miss Joel Lynch',NULL),(39,12,'Carmen Feil',NULL),(40,12,'Earnest Lind',NULL),(41,12,'Ford Johnston',NULL),(42,13,'Lambert Hamill',NULL),(43,13,'Vicky Nitzsche DVM',NULL),(44,13,'Lamar Wyman',NULL),(45,13,'Winnifred O\'Keefe',NULL),(46,13,'Shayne Gaylord',NULL),(47,14,'Eliza Schultz MD',NULL),(48,14,'Fausto Kirlin',NULL),(49,14,'Dwight Crona',NULL),(50,14,'Jayce Leffler',NULL),(51,14,'Dr. Danyka Shields',NULL),(52,15,'Miss Andrew D\'Amore',NULL),(53,15,'Mr. Marlin Streich',NULL),(54,15,'Lindsay Weber',NULL),(55,15,'Velda Stracke',NULL),(56,16,'Chester Gerhold',NULL),(57,16,'Emile Weimann I',NULL),(58,17,'Carolanne Anderson',NULL),(59,17,'Furman Stiedemann',NULL),(60,17,'Candace Howell',NULL),(61,18,'Lorenzo Tremblay',NULL),(62,19,'Gisselle Mayer',NULL),(63,19,'Nona Turcotte',NULL),(64,19,'Hayden Considine',NULL),(65,20,'Korbin Zulauf',NULL),(66,21,'Adolf Jaskolski',NULL),(67,21,'Bobby Bergstrom',NULL),(68,21,'Aliya Erdman V',NULL),(69,22,'Colleen Crist',NULL),(70,22,'Eula Kris',NULL),(71,22,'Henry Willms',NULL),(72,22,'Danika Stamm',NULL),(73,22,'Fiona Schaden',NULL),(74,23,'Courtney Weissnat II',NULL),(75,24,'Phyllis Bruen',NULL),(76,24,'Esteban Hilll',NULL),(77,25,'Katarina Muller',NULL),(78,25,'Dana VonRueden',NULL),(79,26,'Russell Kiehn',NULL),(80,26,'Karson Dickens II',NULL),(81,26,'Lilian Connelly',NULL),(82,26,'Westley Schmidt V',NULL),(83,26,'Maxine Becker',NULL),(84,27,'Jermain Huels',NULL),(85,27,'Maggie Ward',NULL),(86,27,'Barrett Kiehn',NULL),(87,27,'Heath Bruen',NULL),(88,28,'Alessandro Grady',NULL),(89,28,'Marisa Beatty Jr.',NULL),(90,28,'Desmond O\'Hara',NULL),(91,28,'Georgianna Hettinger',NULL),(92,28,'Cornelius Cormier',NULL),(93,29,'Anibal Koch',NULL),(94,29,'Kayla Cummings Jr.',NULL),(95,29,'Maureen Bradtke DDS',NULL),(96,29,'Shaun Nikolaus',NULL),(97,30,'Titus Lehner',NULL),(98,31,'Ferne Davis',NULL),(99,31,'Ashlynn Wiegand IV',NULL),(100,31,'Savannah Ziemann',NULL),(101,31,'Miss Adela Skiles',NULL),(102,31,'Lorenzo Skiles',NULL),(103,32,'Chadrick Bernhard',NULL),(104,32,'Ozella Mueller Jr.',NULL),(105,33,'Miss Hellen Kub',NULL),(106,33,'Kellie Tromp',NULL),(107,33,'Eudora Kerluke',NULL),(108,34,'Rigoberto Halvorson',NULL),(109,35,'Madison Thiel',NULL),(110,35,'Kaia Abernathy PhD',NULL),(111,35,'Carrie Mayert II',NULL),(112,36,'Curtis Gleason',NULL),(113,36,'Estella Hickle',NULL),(114,36,'Ayana Hauck PhD',NULL),(115,36,'Agustina Feest',NULL),(116,36,'Tristin O\'Connell',NULL),(117,37,'Isaac Medhurst',NULL),(118,38,'Monserrate Mann',NULL),(119,38,'Cali Weimann',NULL),(120,38,'Forest Boyer',NULL),(121,38,'Eveline Pagac I',NULL),(122,39,'Lisandro Gulgowski IV',NULL),(123,39,'Jalen Doyle',NULL),(124,40,'Julian Farrell',NULL),(125,41,'Ashley Lesch',NULL),(126,42,'Jessika Weimann',NULL),(127,42,'Dr. Antone Goldner',NULL),(128,42,'Reta Hettinger',NULL),(129,43,'Lexie Bahringer',NULL),(130,43,'Roscoe Gislason',NULL),(131,43,'Mathias Lemke',NULL),(132,43,'Mr. Mckenzie Kub',NULL),(133,43,'Ms. Gerard Kohler',NULL),(134,44,'Marcus Wunsch',NULL),(135,45,'Rollin O\'Hara',NULL),(136,45,'Callie Hermiston DDS',NULL),(137,45,'Mr. Shawna Cummerata',NULL),(138,45,'Filomena Watsica',NULL),(139,45,'Kennith Marks',NULL),(140,46,'Elena Schuster',NULL),(141,46,'Van Kub',NULL),(142,47,'Bettye Reynolds Jr.',NULL),(143,47,'Edgardo Haley I',NULL),(144,48,'Vivian Jast',NULL),(145,48,'Shad Kreiger',NULL),(146,48,'Mrs. Maye Bergstrom',NULL),(147,49,'Gayle Hills II',NULL),(148,49,'Ona Hegmann',NULL),(149,49,'Orpha Berge',NULL),(150,50,'Orin Mante',NULL),(151,50,'Carolina Dibbert',NULL),(152,51,'Mrs. Sheridan Rohan',NULL),(153,52,'Dr. Gussie Lueilwitz',NULL),(154,53,'Mrs. Candido Runolfsson',NULL),(155,53,'Mr. Samanta Fay',NULL),(156,53,'Genesis Runolfsson DDS',NULL),(157,53,'Dr. Bonita Nienow',NULL),(158,54,'Juana Deckow',NULL),(159,54,'Mrs. Haven Schultz',NULL),(160,54,'Mr. Brooklyn Bergnaum',NULL),(161,55,'Maximo Denesik',NULL),(162,55,'Zella Gottlieb Sr.',NULL),(163,56,'Mr. Antwon Stamm',NULL),(164,56,'Catherine Wehner DDS',NULL),(165,57,'Hassan Bahringer V',NULL),(166,58,'Waino Gulgowski',NULL),(167,59,'Irma Becker',NULL),(168,59,'Merritt Hagenes V',NULL),(169,59,'Miss Karson Wehner',NULL),(170,60,'Mr. Giovanna Terry',NULL),(171,60,'Casimir Wilkinson',NULL),(172,60,'Clyde MacGyver',NULL),(173,60,'Gustave Sipes',NULL),(174,60,'Mrs. Karlie Willms',NULL),(175,61,'Carmela Haag',NULL),(176,61,'Elody Dickens',NULL),(177,61,'Clara Zboncak',NULL),(178,61,'Berneice Johns',NULL),(179,61,'D\'angelo Kling',NULL),(180,62,'Dustin Reynolds MD',NULL),(181,62,'Abdul Crona',NULL),(182,62,'Danial Gutmann',NULL),(183,62,'Dr. Stefanie Kub',NULL),(184,63,'Kaylin Cronin',NULL),(185,63,'Gay MacGyver DVM',NULL),(186,63,'Jayden Willms',NULL),(187,63,'Jazlyn Corwin',NULL),(188,63,'Saul Schiller',NULL),(189,64,'Arno Kilback',NULL),(190,64,'Lucie O\'Connell',NULL),(191,64,'Vivian Gulgowski Sr.',NULL),(192,65,'Mrs. Trenton O\'Conner',NULL),(193,66,'Aliya Zemlak',NULL),(194,66,'Precious Johnson',NULL),(195,67,'Gussie Schowalter',NULL),(196,67,'Rollin Kohler',NULL),(197,67,'Gino Schiller',NULL),(198,67,'Mrs. Bridget McGlynn',NULL),(199,68,'Charlotte Veum',NULL),(200,68,'Victor Watsica',NULL),(201,68,'Jordyn Little III',NULL),(202,69,'Miss Macy White',NULL),(203,69,'Dr. Brant Kshlerin',NULL),(204,70,'Helen Shields',NULL),(205,70,'Shayna Heidenreich',NULL),(206,70,'Giuseppe Paucek',NULL),(207,71,'Cicero Rempel',NULL),(208,71,'Malcolm Torphy',NULL),(209,71,'Dena Vandervort',NULL),(210,71,'Delia Cummings',NULL),(211,72,'Etha Stokes',NULL),(212,72,'Vada Waters',NULL),(213,72,'Mrs. Maye Marquardt',NULL),(214,72,'Richard Lesch',NULL),(215,72,'Alene Runolfsson Jr.',NULL),(216,73,'Miss Effie Gleichner',NULL),(217,73,'Jameson Kub',NULL),(218,74,'Adan Abshire',NULL),(219,74,'Mercedes Kuphal DVM',NULL),(220,75,'Al Rau',NULL),(221,75,'Mohamed Klocko',NULL),(222,75,'Elliot Will',NULL),(223,76,'Mrs. Jillian Krajcik',NULL),(224,76,'Brianne Reilly',NULL),(225,77,'Jarrod Hyatt',NULL),(226,77,'Paris Lind PhD',NULL),(227,77,'Constance Schroeder',NULL),(228,77,'Mrs. Deshaun Rath',NULL),(229,78,'Mrs. Roger Rodriguez',NULL),(230,78,'Marietta Mayer',NULL),(231,79,'Arnold Nitzsche',NULL),(232,79,'Theodore Cartwright',NULL),(233,79,'Lurline Corkery',NULL),(234,80,'Troy Dietrich',NULL),(235,80,'Myrl Goodwin IV',NULL),(236,80,'Dylan Ziemann',NULL),(237,80,'Nola Kris',NULL),(238,80,'Sadie Lindgren',NULL),(239,81,'Edd Graham IV',NULL),(240,81,'Reina Sanford',NULL),(241,82,'Luisa Kessler',NULL),(242,83,'Roxane Runolfsson',NULL),(243,83,'Ashtyn Bode',NULL),(244,83,'Keanu Feest I',NULL),(245,84,'Marguerite Gottlieb',NULL),(246,84,'Molly Bernhard IV',NULL),(247,84,'Vincenzo Rosenbaum Jr.',NULL),(248,84,'Cyril Kshlerin PhD',NULL),(249,85,'Kris Wisozk',NULL),(250,85,'Modesto Kris',NULL),(251,85,'Miss Kristofer O\'Conner',NULL),(252,85,'Edyth Medhurst Sr.',NULL),(253,86,'Gregory Gutmann',NULL),(254,87,'Ms. Xander Lang',NULL),(255,87,'Kellen Batz',NULL),(256,87,'Mrs. Marian Brakus',NULL),(257,87,'Mrs. Manley Muller',NULL),(258,88,'Candace Ankunding',NULL),(259,88,'Ms. Anabelle Zieme',NULL),(260,89,'Mrs. Larissa Leannon',NULL),(261,89,'Kory Gorczany',NULL),(262,89,'Briana Reinger II',NULL),(263,90,'Mrs. Hayden Keebler',NULL),(264,90,'Ms. Sadye Hoppe',NULL),(265,90,'Miss Malachi DuBuque',NULL),(266,90,'Rozella Kreiger',NULL),(267,90,'Miss Theodore Toy',NULL),(268,91,'Carolina Connelly',NULL),(269,91,'Leann Kirlin',NULL),(270,92,'Samantha Price Jr.',NULL),(271,92,'Beth Schuster',NULL),(272,92,'Dr. Hassan Schuster',NULL),(273,92,'Franco Wolff',NULL),(274,92,'Fred Beier',NULL),(275,93,'Miss Trystan O\'Conner',NULL),(276,93,'Kathryn Windler',NULL),(277,94,'Magali Berge',NULL),(278,95,'Harley Greenfelder',NULL),(279,95,'Lori Boehm',NULL),(280,95,'Cyrus Halvorson',NULL),(281,95,'Verla Schoen',NULL),(282,95,'Miss Talon Johns',NULL),(283,96,'Neil Bechtelar',NULL),(284,96,'Guiseppe Bergnaum',NULL),(285,96,'Charlene Miller',NULL),(286,96,'Dr. Bertram Johns',NULL),(287,97,'Imani Reynolds IV',NULL),(288,98,'Devin Beatty',NULL),(289,98,'Precious Beahan',NULL),(290,98,'Macy Olson',NULL),(291,98,'Elisabeth Armstrong',NULL),(292,99,'Taurean Mann',NULL),(293,99,'Maye Wehner Jr.',NULL),(294,99,'Ahmad Stamm',NULL),(295,100,'Kolby Pfeffer',NULL),(296,100,'Dr. Jakayla Block',NULL),(297,100,'Polly Pacocha',NULL),(298,101,'Jerome Ward',NULL),(299,102,'Peter Mante',NULL),(300,102,'Lisa Schumm',NULL),(301,102,'Mrs. Jayden Schoen',NULL),(302,102,'Mr. Dortha Rosenbaum',NULL),(303,103,'Priscilla Kohler',NULL),(304,103,'Vivien Kuphal',NULL),(305,103,'Ivory Swaniawski',NULL),(306,103,'Mr. Bailey Zemlak',NULL),(307,103,'Laurie Boyer',NULL),(308,104,'Nathanael Wilkinson',NULL),(309,104,'Dr. Kaylee Gaylord',NULL),(310,104,'Johanna Murphy',NULL),(311,104,'Drake Harris',NULL),(312,105,'Camryn Kuhn Sr.',NULL),(313,105,'Verda Stanton',NULL),(314,105,'Dedric Farrell',NULL),(315,105,'Crawford Oberbrunner',NULL),(316,105,'Leanna Cummings',NULL),(317,106,'Miss Tevin Hessel',NULL),(318,106,'Gabriella Erdman',NULL),(319,106,'Karson Lockman I',NULL),(320,107,'Emil Homenick',NULL),(321,107,'Moriah Schuster',NULL),(322,107,'Mrs. Jeramie Towne',NULL),(323,108,'Elnora Gleason',NULL),(324,108,'Mark Gottlieb',NULL),(325,108,'Sven Collins',NULL),(326,109,'Sydni Dickens',NULL),(327,109,'Lela Feil Sr.',NULL),(328,109,'Amber Rodriguez',NULL),(329,109,'Mrs. Daisha Kuvalis',NULL),(330,109,'Felton Rau',NULL),(331,110,'Ms. Elwin Thiel',NULL),(332,110,'Douglas Howell',NULL),(333,110,'Briana Bergnaum',NULL),(334,110,'Wanda Howell',NULL),(335,111,'Angela Moen',NULL),(336,111,'Stephania Dietrich II',NULL),(337,112,'Miss Kiana Harris',NULL),(338,113,'Christina Heathcote',NULL),(339,113,'Daryl Langworth',NULL),(340,113,'Mr. Noble MacGyver',NULL),(341,113,'Shawna Casper',NULL),(342,114,'Nathaniel Green',NULL),(343,114,'Nathan Gusikowski',NULL),(344,114,'Gust Connelly',NULL),(345,114,'Jamar Rath DVM',NULL),(346,114,'Kaden Dickinson',NULL),(347,115,'Mrs. Alexandro Schoen',NULL),(348,115,'Neoma Gusikowski',NULL),(349,115,'Joe Predovic',NULL),(350,115,'Connie Kshlerin III',NULL),(351,116,'Elian Corkery V',NULL),(352,116,'Patience Heller',NULL),(353,117,'Gennaro Little',NULL),(354,117,'Fiona Skiles',NULL),(355,117,'Dominique Hilll',NULL),(356,117,'Mossie Beatty',NULL),(357,118,'Lilla Stoltenberg',NULL),(358,118,'Chelsie Crist DVM',NULL),(359,118,'Chandler Gulgowski',NULL),(360,119,'Rhiannon Kshlerin',NULL),(361,119,'Beryl Keeling',NULL),(362,120,'Maximus Mueller',NULL),(363,121,'Dr. Sonya Brown',NULL),(364,121,'Miss Connie Eichmann',NULL),(365,121,'Mrs. Zetta Kozey',NULL),(366,121,'Mrs. Tillman Mitchell',NULL),(367,122,'Icie Wiegand',NULL),(368,122,'Maybell Brown',NULL),(369,122,'Mr. Hayden Tremblay',NULL),(370,122,'Miss Kaya Bernier',NULL),(371,123,'Miss Erling Schamberger',NULL),(372,123,'Frieda Wunsch',NULL),(373,124,'Mr. Tabitha Kunze',NULL),(374,124,'Heath Considine',NULL),(375,124,'Miss Beryl Russel',NULL),(376,124,'Neal Wilderman',NULL),(377,125,'Tod Kreiger IV',NULL),(378,125,'Halle Gibson',NULL),(379,125,'Sandrine Reichel Sr.',NULL),(380,125,'Lia Christiansen',NULL),(381,126,'Dr. Katlynn Hammes',NULL),(382,126,'Shaun Schamberger',NULL),(383,126,'Kattie Spinka',NULL),(384,126,'Nathaniel Witting III',NULL),(385,127,'Amina Gerhold',NULL),(386,127,'Ms. Mazie Runte',NULL),(387,127,'Desiree Hauck',NULL),(388,127,'Dr. Travis Mayer',NULL),(389,127,'Ruben Spinka',NULL),(390,128,'Grayce Ward',NULL),(391,128,'Brown Kunze DDS',NULL),(392,128,'Jeanie Dach DDS',NULL),(393,128,'Jaquan Feeney II',NULL),(394,128,'Candelario Boehm IV',NULL),(395,129,'Miss Devon Macejkovic',NULL),(396,130,'Chyna Gislason',NULL),(397,130,'Miss Gilbert Gutmann',NULL),(398,130,'Vallie Wilderman Jr.',NULL),(399,130,'Vladimir Mertz II',NULL),(400,131,'Summer Gerlach',NULL),(401,132,'Destany Beahan',NULL),(402,132,'Maryam Rempel',NULL),(403,132,'Kianna Trantow III',NULL),(404,132,'Katarina Hudson DDS',NULL),(405,132,'Ali Watsica',NULL),(406,133,'Mr. Marta Lindgren',NULL),(407,133,'Mrs. Thurman DuBuque',NULL),(408,133,'Mrs. Flossie Ruecker',NULL),(409,134,'Elyssa Mertz',NULL),(410,135,'Viva Kshlerin III',NULL),(411,135,'Della Kshlerin I',NULL),(412,135,'Jace Daugherty',NULL),(413,135,'Clemens Kshlerin',NULL),(414,135,'Matteo Will',NULL),(415,136,'Larue Farrell',NULL),(416,137,'Lillian Yost',NULL),(417,138,'Marjorie Gusikowski',NULL),(418,138,'Kevin Hessel',NULL),(419,138,'Everardo Lubowitz',NULL),(420,138,'Waylon Torp',NULL),(421,139,'Adolph Prosacco',NULL),(422,139,'Austen Mraz',NULL),(423,139,'Fredy Hauck',NULL),(424,139,'Kiel Berge',NULL),(425,139,'Alysha Ebert',NULL),(426,140,'Brent Feeney',NULL),(427,141,'Madalyn Bradtke',NULL),(428,141,'Raoul Wilderman III',NULL),(429,141,'Penelope Russel',NULL),(430,141,'Jaden Pfeffer',NULL),(431,141,'Randal Champlin',NULL),(432,142,'Cathrine Schumm DDS',NULL),(433,142,'Allie Haley',NULL),(434,143,'Lulu Hilpert',NULL),(435,144,'Sidney Goodwin',NULL),(436,144,'Freida Hermann DVM',NULL),(437,144,'Jaylen Klein',NULL),(438,144,'Retha Fahey',NULL),(439,145,'Adriel Gibson',NULL),(440,145,'Jaden Koepp',NULL),(441,145,'Myriam Jacobs',NULL),(442,146,'Chester Kozey IV',NULL),(443,146,'Rubye Bradtke',NULL),(444,147,'Schuyler Turcotte IV',NULL),(445,147,'Nils Aufderhar',NULL),(446,148,'Ernestina Littel',NULL),(447,148,'Gwendolyn Nitzsche II',NULL),(448,148,'Emmalee Schmitt',NULL),(449,149,'Kieran O\'Keefe',NULL),(450,149,'Ms. Autumn Tremblay',NULL),(451,150,'Earlene Kuhlman',NULL),(452,150,'Alverta Robel Jr.',NULL),(453,151,'Mrs. Cecelia Jones',NULL),(454,151,'Bryce Herman',NULL),(455,151,'Ethyl Wiza',NULL),(456,151,'Miss Eldora Rodriguez',NULL),(457,151,'Garrison Tromp DVM',NULL),(458,152,'Wilson Goldner IV',NULL),(459,152,'Dalton Corwin',NULL),(460,152,'Ms. Dedrick Haag',NULL),(461,152,'Ollie Bode',NULL),(462,152,'Zita Homenick',NULL),(463,153,'Mellie Beer V',NULL),(464,154,'Deron Larson',NULL),(465,154,'Arlo Bogisich',NULL),(466,155,'Dr. Addie Hintz',NULL),(467,155,'Sylvan Goldner',NULL),(468,155,'Jazmyne Howe',NULL),(469,155,'Cierra Jacobi',NULL),(470,155,'Cassandre Murray',NULL),(471,156,'Yolanda Marks',NULL),(472,156,'Mrs. Velda Feil',NULL),(473,156,'Ms. Colby Crooks',NULL),(474,156,'Krista Nader',NULL),(475,156,'Savanna Donnelly',NULL),(476,157,'Maida Larkin',NULL),(477,157,'Cara Beahan',NULL);
/*!40000 ALTER TABLE `accessories` ENABLE KEYS */;
UNLOCK TABLES;

--
-- Table structure for table `accessories_inventory_pools`
--

DROP TABLE IF EXISTS `accessories_inventory_pools`;
/*!40101 SET @saved_cs_client     = @@character_set_client */;
/*!40101 SET character_set_client = utf8 */;
CREATE TABLE `accessories_inventory_pools` (
  `accessory_id` int(11) DEFAULT NULL,
  `inventory_pool_id` int(11) DEFAULT NULL,
  UNIQUE KEY `index_accessories_inventory_pools` (`accessory_id`,`inventory_pool_id`),
  KEY `index_accessories_inventory_pools_on_inventory_pool_id` (`inventory_pool_id`),
  CONSTRAINT `accessories_inventory_pools_inventory_pool_id_fk` FOREIGN KEY (`inventory_pool_id`) REFERENCES `inventory_pools` (`id`),
  CONSTRAINT `accessories_inventory_pools_accessory_id_fk` FOREIGN KEY (`accessory_id`) REFERENCES `accessories` (`id`)
) ENGINE=InnoDB DEFAULT CHARSET=utf8 COLLATE=utf8_unicode_ci;
/*!40101 SET character_set_client = @saved_cs_client */;

--
-- Dumping data for table `accessories_inventory_pools`
--

LOCK TABLES `accessories_inventory_pools` WRITE;
/*!40000 ALTER TABLE `accessories_inventory_pools` DISABLE KEYS */;
INSERT INTO `accessories_inventory_pools` VALUES (1,1),(5,1),(8,1),(11,1),(12,1),(14,1),(15,1),(16,1),(17,1),(18,1),(24,1),(29,1),(32,1),(34,1),(35,1),(40,1),(41,1),(42,1),(43,1),(44,1),(46,1),(47,1),(48,1),(49,1),(50,1),(51,1),(54,1),(58,1),(62,1),(69,1),(71,1),(74,1),(76,1),(77,1),(78,1),(79,1),(80,1),(81,1),(83,1),(84,1),(85,1),(88,1),(89,1),(91,1),(92,1),(96,1),(97,1),(98,1),(99,1),(103,1),(106,1),(108,1),(109,1),(110,1),(112,1),(114,1),(115,1),(119,1),(121,1),(122,1),(124,1),(125,1),(127,1),(128,1),(129,1),(132,1),(133,1),(134,1),(136,1),(137,1),(141,1),(142,1),(143,1),(144,1),(145,1),(150,1),(152,1),(153,1),(154,1),(157,1),(159,1),(160,1),(161,1),(163,1),(164,1),(165,1),(167,1),(168,1),(171,1),(172,1),(175,1),(179,1),(180,1),(181,1),(183,1),(186,1),(189,1),(190,1),(191,1),(192,1),(193,1),(195,1),(197,1),(199,1),(201,1),(203,1),(207,1),(208,1),(209,1),(211,1),(212,1),(213,1),(215,1),(216,1),(217,1),(218,1),(222,1),(224,1),(226,1),(228,1),(231,1),(233,1),(234,1),(235,1),(237,1),(238,1),(239,1),(241,1),(243,1),(246,1),(248,1),(249,1),(250,1),(251,1),(252,1),(253,1),(254,1),(255,1),(256,1),(257,1),(258,1),(259,1),(261,1),(262,1),(263,1),(264,1),(269,1),(270,1),(272,1),(273,1),(274,1),(277,1),(279,1),(280,1),(281,1),(282,1),(288,1),(289,1),(298,1),(301,1),(303,1),(305,1),(307,1),(308,1),(310,1),(311,1),(317,1),(319,1),(320,1),(323,1),(325,1),(326,1),(327,1),(331,1),(332,1),(333,1),(334,1),(335,1),(336,1),(339,1),(340,1),(341,1),(342,1),(345,1),(346,1),(350,1),(352,1),(357,1),(358,1),(359,1),(360,1),(364,1),(366,1),(372,1),(374,1),(375,1),(376,1),(379,1),(380,1),(382,1),(383,1),(385,1),(387,1),(388,1),(389,1),(391,1),(393,1),(394,1),(397,1),(398,1),(402,1),(407,1),(410,1),(414,1),(415,1),(416,1),(418,1),(426,1),(433,1),(434,1),(440,1),(445,1),(453,1),(455,1),(460,1),(465,1),(467,1),(470,1),(475,1),(476,1);
/*!40000 ALTER TABLE `accessories_inventory_pools` ENABLE KEYS */;
UNLOCK TABLES;

--
-- Table structure for table `addresses`
--

DROP TABLE IF EXISTS `addresses`;
/*!40101 SET @saved_cs_client     = @@character_set_client */;
/*!40101 SET character_set_client = utf8 */;
CREATE TABLE `addresses` (
  `id` int(11) NOT NULL AUTO_INCREMENT,
  `street` varchar(255) COLLATE utf8_unicode_ci DEFAULT NULL,
  `zip_code` varchar(255) COLLATE utf8_unicode_ci DEFAULT NULL,
  `city` varchar(255) COLLATE utf8_unicode_ci DEFAULT NULL,
  `country_code` varchar(255) COLLATE utf8_unicode_ci DEFAULT NULL,
  `latitude` float DEFAULT NULL,
  `longitude` float DEFAULT NULL,
  PRIMARY KEY (`id`),
  UNIQUE KEY `index_addresses_on_street_and_zip_code_and_city_and_country_code` (`street`,`zip_code`,`city`,`country_code`)
) ENGINE=InnoDB DEFAULT CHARSET=utf8 COLLATE=utf8_unicode_ci;
/*!40101 SET character_set_client = @saved_cs_client */;

--
-- Dumping data for table `addresses`
--

LOCK TABLES `addresses` WRITE;
/*!40000 ALTER TABLE `addresses` DISABLE KEYS */;
/*!40000 ALTER TABLE `addresses` ENABLE KEYS */;
UNLOCK TABLES;

--
-- Table structure for table `attachments`
--

DROP TABLE IF EXISTS `attachments`;
/*!40101 SET @saved_cs_client     = @@character_set_client */;
/*!40101 SET character_set_client = utf8 */;
CREATE TABLE `attachments` (
  `id` int(11) NOT NULL AUTO_INCREMENT,
  `model_id` int(11) DEFAULT NULL,
  `is_main` tinyint(1) DEFAULT '0',
  `content_type` varchar(255) COLLATE utf8_unicode_ci DEFAULT NULL,
  `filename` varchar(255) COLLATE utf8_unicode_ci DEFAULT NULL,
  `size` int(11) DEFAULT NULL,
  PRIMARY KEY (`id`),
  KEY `index_attachments_on_model_id` (`model_id`),
  CONSTRAINT `attachments_model_id_fk` FOREIGN KEY (`model_id`) REFERENCES `models` (`id`) ON DELETE CASCADE
) ENGINE=InnoDB AUTO_INCREMENT=6 DEFAULT CHARSET=utf8 COLLATE=utf8_unicode_ci;
/*!40101 SET character_set_client = @saved_cs_client */;

--
-- Dumping data for table `attachments`
--

LOCK TABLES `attachments` WRITE;
/*!40000 ALTER TABLE `attachments` DISABLE KEYS */;
INSERT INTO `attachments` VALUES (1,145,0,'image/jpeg','velit',NULL),(2,146,0,'image/jpeg','delectus',NULL),(3,154,0,'image/jpeg','ipsa',NULL),(4,155,0,'image/jpeg','architecto',NULL),(5,155,0,'image/jpeg','sed',NULL);
/*!40000 ALTER TABLE `attachments` ENABLE KEYS */;
UNLOCK TABLES;

--
-- Table structure for table `authentication_systems`
--

DROP TABLE IF EXISTS `authentication_systems`;
/*!40101 SET @saved_cs_client     = @@character_set_client */;
/*!40101 SET character_set_client = utf8 */;
CREATE TABLE `authentication_systems` (
  `id` int(11) NOT NULL AUTO_INCREMENT,
  `name` varchar(255) COLLATE utf8_unicode_ci DEFAULT NULL,
  `class_name` varchar(255) COLLATE utf8_unicode_ci DEFAULT NULL,
  `is_default` tinyint(1) DEFAULT '0',
  `is_active` tinyint(1) DEFAULT '0',
  PRIMARY KEY (`id`)
) ENGINE=InnoDB AUTO_INCREMENT=7 DEFAULT CHARSET=utf8 COLLATE=utf8_unicode_ci;
/*!40101 SET character_set_client = @saved_cs_client */;

--
-- Dumping data for table `authentication_systems`
--

LOCK TABLES `authentication_systems` WRITE;
/*!40000 ALTER TABLE `authentication_systems` DISABLE KEYS */;
INSERT INTO `authentication_systems` VALUES (1,'Database Authentication','DatabaseAuthentication',1,1),(2,'LDAP Authentication','LdapAuthentication',0,0),(3,'ZHDK Authentication','Zhdk',0,0),(4,'Database Authentication','DatabaseAuthentication',1,1),(5,'LDAP Authentication','LdapAuthentication',0,0),(6,'ZHDK Authentication','Zhdk',0,0);
/*!40000 ALTER TABLE `authentication_systems` ENABLE KEYS */;
UNLOCK TABLES;

--
-- Table structure for table `buildings`
--

DROP TABLE IF EXISTS `buildings`;
/*!40101 SET @saved_cs_client     = @@character_set_client */;
/*!40101 SET character_set_client = utf8 */;
CREATE TABLE `buildings` (
  `id` int(11) NOT NULL AUTO_INCREMENT,
  `name` varchar(255) COLLATE utf8_unicode_ci DEFAULT NULL,
  `code` varchar(255) COLLATE utf8_unicode_ci DEFAULT NULL,
  PRIMARY KEY (`id`)
) ENGINE=InnoDB AUTO_INCREMENT=183 DEFAULT CHARSET=utf8 COLLATE=utf8_unicode_ci;
/*!40101 SET character_set_client = @saved_cs_client */;

--
-- Dumping data for table `buildings`
--

LOCK TABLES `buildings` WRITE;
/*!40000 ALTER TABLE `buildings` DISABLE KEYS */;
INSERT INTO `buildings` VALUES (1,'Great Pyramid of Giza','ZZZ'),(2,'Necessitatibusrecusandaeperferendis','rep'),(3,'Autsintquod','ess'),(4,'Nobisarchitectotempore','ine'),(5,'Sequiidin','vel'),(6,'Etveniamconsequatur','eap'),(7,'Praesentiumperferendistempore','utd'),(8,'Velitquaeratneque','etn'),(9,'Quiaestexpedita','ate'),(10,'Evenietlaboriosamsequi','acc'),(11,'Consequunturnisisint','ips'),(12,'Doloresaliasperferendis','vol'),(13,'Quodatdolorum','dol'),(14,'Praesentiumeosaut','non'),(15,'Sedetpraesentium','ali'),(16,'Mollitiavelitipsa','eni'),(17,'Aliquidetexpedita','dol'),(18,'Nonarchitectodeleniti','sin'),(19,'Expeditablanditiisquidem','min'),(20,'Suntexplicaboquia','tot'),(21,'Sitveniamnon','sae'),(22,'Situtquisquam','ali'),(23,'Sintitaqueeos','est'),(24,'Distinctioomnisfacilis','del'),(25,'Dolorconsequaturnon','vit'),(26,'Repudiandaemolestiaeenim','adi'),(27,'Perferendisquoautem','qui'),(28,'Expeditanequeofficiis','nos'),(29,'Praesentiumeosrerum','quo'),(30,'Voluptatemoditdolorum','fac'),(31,'Similiquelaudantiumfuga','qua'),(32,'Veniamarchitectopraesentium','acc'),(33,'Etvoluptatemlaboriosam','tem'),(34,'Idutvitae','aha'),(35,'Atsimiliqueesse','exp'),(36,'Nesciuntcommodiofficiis','sed'),(37,'Autemvoluptatemsunt','sim'),(38,'Ausstellungsstrasse 60','AU60'),(39,'Ausstellungsstrasse 60','AU60'),(40,'Quiatquehic','nec'),(41,'Etetcorrupti','adi'),(42,'Eumnamea','qui'),(43,'Fugiatquaeratomnis','sed'),(44,'Maximeculpaaut','har'),(45,'Iuredeserunthic','est'),(46,'Animiassumendasapiente','und'),(47,'Adipisciquoseligendi','qui'),(48,'Quiaidhic','utn'),(49,'Quasanimifuga','asp'),(50,'Eautnulla','deb'),(51,'Temporeteneturquia','rep'),(52,'Quiestet','cum'),(53,'Laboreconsecteturet','est'),(54,'Autliberout','qua'),(55,'Molestiasdoloremquevel','eos'),(56,'Aliquamvoluptatemodio','eos'),(57,'Similiquedistinctiototam','opt'),(58,'Doloretmaxime','idl'),(59,'Laudantiumconsecteturnihil','dol'),(60,'Mollitiadoloresdignissimos','exe'),(61,'Etdignissimosut','aut'),(62,'Voluptasipsumest','ali'),(63,'Utetconsequatur','quo'),(64,'Autemnemounde','ven'),(65,'Placeatquismolestias','ani'),(66,'Inveritatisid','odi'),(67,'Ametquisofficiis','qua'),(68,'Nobiscumsit','ess'),(69,'Voluptasaddolorem','mai'),(70,'Utsuntenim','por'),(71,'Facereeadebitis','exc'),(72,'Ullamestmolestias','atq'),(73,'Rerumrepellattenetur','eiu'),(74,'Totamquinemo','tem'),(75,'Etrepellatanimi','aut'),(76,'Sintnostrumet','ets'),(77,'Possimuserrorbeatae','qui'),(78,'Harumipsumab','non'),(79,'Quisimiliquedolores','inc'),(80,'Excepturinesciuntet','est'),(81,'Eaquesequiunde','con'),(82,'Eiusdelectusaut','eta'),(83,'Adipiscirecusandaerepudiandae','ets'),(84,'Voluptatumautnecessitatibus','qua'),(85,'Mollitiavoluptateet','ete'),(86,'Aliquamdignissimoset','qui'),(87,'Ealaudantiumassumenda','vel'),(88,'Repellendusdoloremeaque','com'),(89,'Utdeseruntmollitia','sit'),(90,'Doloreomnisquis','non'),(91,'Idmagnilibero','omn'),(92,'Temporaveniamcorporis','ips'),(93,'Autemipsamharum','etf'),(94,'Sapienteutrecusandae','ill'),(95,'Nonvoluptatibusvoluptate','dol'),(96,'Ullammagniquia','ist'),(97,'Doloribuscumperspiciatis','ver'),(98,'Laboriosamaspernaturminus','mag'),(99,'Abcorruptirerum','nul'),(100,'Autsapientecorrupti','vit'),(101,'Totamidat','utp'),(102,'Etaperiamqui','acc'),(103,'Omnisperferendiserror','odi'),(104,'Quasierrorenim','ill'),(105,'Dolorumrerumasperiores','eni'),(106,'Doloremconsequaturaliquam','eos'),(107,'Laboruminillum','cum'),(108,'Veritatisquiut','eav'),(109,'Veroestoccaecati','ver'),(110,'Temporaminuset','dic'),(111,'Sedautaut','cul'),(112,'Ututsint','eaq'),(113,'Velquiincidunt','qui'),(114,'Rerumaliquidtotam','atq'),(115,'Velaccusamuseos','rep'),(116,'Nonutrepellat','odi'),(117,'Doloreligendiet','aqu'),(118,'Great Pyramid of Giza','ZZZ'),(119,'Solutaautconsequatur','ist'),(120,'Blanditiisrecusandaedolorem','eos'),(121,'Etlaudantiumut','off'),(122,'Verolaudantiumsimilique','rep'),(123,'Estmagniplaceat','qui'),(124,'Doloromnismagnam','iur'),(125,'Voluptasetvoluptas','mol'),(126,'Velnecessitatibusdolor','dol'),(127,'Inaspernaturrepellendus','cum'),(128,'Optionesciuntsuscipit','tot'),(129,'Quiavitaecumque','nec'),(130,'Autplaceatalias','nes'),(131,'Debitisestquisquam','tem'),(132,'Esteosincidunt','vel'),(133,'Sitfugitaut','eum'),(134,'Autlaborumquia','inc'),(135,'Commodiquianulla','tem'),(136,'Consecteturautenim','har'),(137,'Rerumvelaliquam','sae'),(138,'Quiadoloremest','occ'),(139,'Illumautomnis','abc'),(140,'Quisestdolorum','sed'),(141,'Reiciendisducimuslibero','acc'),(142,'Etreiciendisvoluptas','dol'),(143,'Earumsuntvoluptatem','idd'),(144,'Errorutmodi','pro'),(145,'Earumeiusassumenda','rer'),(146,'Ipsamlaborumomnis','eto'),(147,'Inveniamaliquam','vol'),(148,'Quinatusenim','ill'),(149,'Remquaeratquis','qua'),(150,'Quiadeseruntsed','vel'),(151,'Assumendasintminima','aut'),(152,'Etutautem','sol'),(153,'Adautemeum','eum'),(154,'Quiexpeditaet','mol'),(155,'Temporibusoccaecatitotam','qui'),(156,'Veritatisenimnecessitatibus','etc'),(157,'Essecorporisrepudiandae','est'),(158,'Utrepellendusporro','dol'),(159,'Repudiandaeestvoluptas','est'),(160,'Etinlabore','por'),(161,'Quamaerror','mol'),(162,'Atquedoloresut','ame'),(163,'Estconsequunturet','mol'),(164,'Esseipsaquas','qui'),(165,'Asperioresetet','etu'),(166,'Quisquamvoluptatesreprehenderit','occ'),(167,'Providentipsamarchitecto','qui'),(168,'Repellatetomnis','etl'),(169,'Magnamdeseruntrem','uti'),(170,'Dictafugitdistinctio','qui'),(171,'Occaecatifugiataut','lau'),(172,'Voluptatibusimpeditconsequatur','nih'),(173,'Oditimpeditmaxime','nem'),(174,'Maximenecessitatibusvoluptatibus','dol'),(175,'Etquiasunt','vel'),(176,'Fugaautquidem','sit'),(177,'Idminimadignissimos','adi'),(178,'Exdeseruntdolores','occ'),(179,'Consequaturdebitisitaque','qui'),(180,'Rerumnullaperspiciatis','eiu'),(181,'Eumconsequaturanimi','ass'),(182,'Corruptirerumquis','etf');
/*!40000 ALTER TABLE `buildings` ENABLE KEYS */;
UNLOCK TABLES;

--
-- Table structure for table `contract_lines`
--

DROP TABLE IF EXISTS `contract_lines`;
/*!40101 SET @saved_cs_client     = @@character_set_client */;
/*!40101 SET character_set_client = utf8 */;
CREATE TABLE `contract_lines` (
  `id` int(11) NOT NULL AUTO_INCREMENT,
  `contract_id` int(11) DEFAULT NULL,
  `type` varchar(255) COLLATE utf8_unicode_ci NOT NULL DEFAULT 'ItemLine',
  `item_id` int(11) DEFAULT NULL,
  `model_id` int(11) DEFAULT NULL,
  `quantity` int(11) DEFAULT '1',
  `start_date` date DEFAULT NULL,
  `end_date` date DEFAULT NULL,
  `returned_date` date DEFAULT NULL,
  `option_id` int(11) DEFAULT NULL,
  `purpose_id` int(11) DEFAULT NULL,
  `returned_to_user_id` int(11) DEFAULT NULL,
  `created_at` datetime DEFAULT NULL,
  `updated_at` datetime DEFAULT NULL,
  PRIMARY KEY (`id`),
  KEY `index_contract_lines_on_start_date` (`start_date`),
  KEY `index_contract_lines_on_end_date` (`end_date`),
  KEY `index_contract_lines_on_option_id` (`option_id`),
  KEY `index_contract_lines_on_contract_id` (`contract_id`),
  KEY `index_contract_lines_on_item_id` (`item_id`),
  KEY `index_contract_lines_on_model_id` (`model_id`),
  KEY `index_contract_lines_on_returned_date_and_contract_id` (`returned_date`,`contract_id`),
  KEY `index_contract_lines_on_type_and_contract_id` (`type`,`contract_id`),
  KEY `contract_lines_purpose_id_fk` (`purpose_id`),
  KEY `contract_lines_returned_to_user_id_fk` (`returned_to_user_id`),
  CONSTRAINT `contract_lines_returned_to_user_id_fk` FOREIGN KEY (`returned_to_user_id`) REFERENCES `users` (`id`),
  CONSTRAINT `contract_lines_contract_id_fk` FOREIGN KEY (`contract_id`) REFERENCES `contracts` (`id`) ON DELETE CASCADE,
  CONSTRAINT `contract_lines_item_id_fk` FOREIGN KEY (`item_id`) REFERENCES `items` (`id`),
  CONSTRAINT `contract_lines_model_id_fk` FOREIGN KEY (`model_id`) REFERENCES `models` (`id`),
  CONSTRAINT `contract_lines_option_id_fk` FOREIGN KEY (`option_id`) REFERENCES `options` (`id`),
  CONSTRAINT `contract_lines_purpose_id_fk` FOREIGN KEY (`purpose_id`) REFERENCES `purposes` (`id`)
) ENGINE=InnoDB AUTO_INCREMENT=167 DEFAULT CHARSET=utf8 COLLATE=utf8_unicode_ci;
/*!40101 SET character_set_client = @saved_cs_client */;

--
-- Dumping data for table `contract_lines`
--

LOCK TABLES `contract_lines` WRITE;
/*!40000 ALTER TABLE `contract_lines` DISABLE KEYS */;
INSERT INTO `contract_lines` VALUES (1,1,'ItemLine',NULL,1,1,'2013-07-23','2013-07-23',NULL,NULL,NULL,NULL,'2013-07-23 01:47:08','2013-07-23 01:47:08'),(2,1,'ItemLine',NULL,5,1,'2013-07-23','2013-07-23',NULL,NULL,NULL,NULL,'2013-07-23 01:47:08','2013-07-23 01:47:08'),(3,1,'ItemLine',NULL,9,1,'2013-07-23','2013-07-23',NULL,NULL,NULL,NULL,'2013-07-23 01:47:08','2013-07-23 01:47:08'),(4,2,'ItemLine',NULL,13,1,'2013-07-23','2013-07-23',NULL,NULL,1,NULL,'2013-07-23 01:47:08','2013-07-23 01:47:08'),(5,2,'ItemLine',NULL,17,1,'2013-07-23','2013-07-23',NULL,NULL,1,NULL,'2013-07-23 01:47:08','2013-07-23 01:47:08'),(6,2,'ItemLine',NULL,21,1,'2013-07-23','2013-07-23',NULL,NULL,1,NULL,'2013-07-23 01:47:08','2013-07-23 01:47:08'),(7,2,'ItemLine',NULL,25,1,'2013-07-23','2013-07-23',NULL,NULL,1,NULL,'2013-07-23 01:47:08','2013-07-23 01:47:08'),(8,3,'ItemLine',NULL,29,1,'2013-07-23','2013-07-23','2013-07-23',NULL,2,1,'2013-07-23 01:47:08','2013-07-23 01:47:08'),(9,3,'ItemLine',NULL,33,1,'2013-07-23','2013-07-23','2013-07-23',NULL,2,1,'2013-07-23 01:47:08','2013-07-23 01:47:08'),(10,3,'ItemLine',NULL,37,1,'2013-07-23','2013-07-23','2013-07-23',NULL,2,1,'2013-07-23 01:47:08','2013-07-23 01:47:08'),(11,3,'ItemLine',NULL,41,1,'2013-07-23','2013-07-23','2013-07-23',NULL,2,1,'2013-07-23 01:47:08','2013-07-23 01:47:08'),(12,3,'ItemLine',NULL,45,1,'2013-07-23','2013-07-23','2013-07-23',NULL,2,1,'2013-07-23 01:47:08','2013-07-23 01:47:08'),(13,4,'ItemLine',NULL,158,1,'2013-07-22','2013-07-22',NULL,NULL,3,NULL,'2013-07-20 19:34:12','2013-07-20 19:34:12'),(14,4,'ItemLine',NULL,159,1,'2013-07-22','2013-07-22',NULL,NULL,3,NULL,'2013-07-20 19:34:12','2013-07-20 19:34:12'),(15,4,'ItemLine',NULL,160,1,'2013-07-22','2013-07-22',NULL,NULL,3,NULL,'2013-07-20 19:34:12','2013-07-20 19:34:12'),(16,4,'ItemLine',NULL,161,1,'2013-07-22','2013-07-22',NULL,NULL,3,NULL,'2013-07-20 19:34:12','2013-07-20 19:34:12'),(17,4,'ItemLine',NULL,162,1,'2013-07-22','2013-07-22',NULL,NULL,3,NULL,'2013-07-20 19:34:12','2013-07-20 19:34:12'),(18,4,'ItemLine',NULL,163,1,'2013-07-22','2013-07-22',NULL,NULL,3,NULL,'2013-07-20 19:34:12','2013-07-20 19:34:12'),(19,5,'ItemLine',NULL,167,1,'2013-07-22','2013-07-22',NULL,NULL,4,NULL,'2013-07-20 19:34:12','2013-07-20 19:34:12'),(20,5,'ItemLine',NULL,168,1,'2013-07-22','2013-07-22',NULL,NULL,4,NULL,'2013-07-20 19:34:12','2013-07-20 19:34:12'),(21,5,'ItemLine',NULL,169,1,'2013-07-22','2013-07-22',NULL,NULL,4,NULL,'2013-07-20 19:34:12','2013-07-20 19:34:12'),(22,5,'ItemLine',NULL,170,1,'2013-07-22','2013-07-22',NULL,NULL,4,NULL,'2013-07-20 19:34:12','2013-07-20 19:34:12'),(23,5,'ItemLine',NULL,171,1,'2013-07-22','2013-07-22',NULL,NULL,4,NULL,'2013-07-20 19:34:12','2013-07-20 19:34:12'),(24,6,'ItemLine',NULL,175,1,'2013-07-22','2013-07-22',NULL,NULL,5,NULL,'2013-07-20 19:34:13','2013-07-20 19:34:13'),(25,6,'ItemLine',NULL,176,1,'2013-07-22','2013-07-22',NULL,NULL,5,NULL,'2013-07-20 19:34:13','2013-07-20 19:34:13'),(26,6,'ItemLine',NULL,177,1,'2013-07-22','2013-07-22',NULL,NULL,5,NULL,'2013-07-20 19:34:13','2013-07-20 19:34:13'),(27,6,'ItemLine',NULL,178,1,'2013-07-22','2013-07-22',NULL,NULL,5,NULL,'2013-07-20 19:34:13','2013-07-20 19:34:13'),(28,6,'ItemLine',NULL,179,1,'2013-07-22','2013-07-22',NULL,NULL,5,NULL,'2013-07-20 19:34:13','2013-07-20 19:34:13'),(29,6,'ItemLine',NULL,180,1,'2013-07-22','2013-07-22',NULL,NULL,5,NULL,'2013-07-20 19:34:13','2013-07-20 19:34:13'),(30,7,'ItemLine',NULL,184,1,'2013-07-22','2013-07-22',NULL,NULL,6,NULL,'2013-07-22 08:10:43','2013-07-22 08:10:43'),(31,7,'ItemLine',NULL,185,1,'2013-07-22','2013-07-22',NULL,NULL,6,NULL,'2013-07-22 08:10:43','2013-07-22 08:10:43'),(32,7,'ItemLine',NULL,186,1,'2013-07-22','2013-07-22',NULL,NULL,6,NULL,'2013-07-22 08:10:43','2013-07-22 08:10:43'),(33,8,'ItemLine',NULL,187,1,'2013-07-22','2013-07-22',NULL,NULL,7,NULL,'2013-07-22 04:34:55','2013-07-22 04:34:55'),(34,8,'ItemLine',NULL,188,1,'2013-07-22','2013-07-22',NULL,NULL,7,NULL,'2013-07-22 04:34:55','2013-07-22 04:34:55'),(35,8,'ItemLine',NULL,189,1,'2013-07-22','2013-07-22',NULL,NULL,7,NULL,'2013-07-22 04:34:55','2013-07-22 04:34:55'),(36,8,'ItemLine',NULL,190,1,'2013-07-22','2013-07-22',NULL,NULL,7,NULL,'2013-07-22 04:34:56','2013-07-22 04:34:56'),(37,8,'ItemLine',NULL,190,1,'2013-07-22','2013-07-22',NULL,NULL,7,NULL,'2013-07-22 04:34:56','2013-07-22 04:34:56'),(38,9,'ItemLine',NULL,194,1,'2013-07-23','2013-07-23',NULL,NULL,8,NULL,'2013-07-23 01:47:08','2013-07-23 01:47:08'),(39,9,'ItemLine',NULL,195,1,'2013-07-23','2013-07-23',NULL,NULL,8,NULL,'2013-07-23 01:47:08','2013-07-23 01:47:08'),(40,9,'ItemLine',NULL,196,1,'2013-07-23','2013-07-23',NULL,NULL,8,NULL,'2013-07-23 01:47:08','2013-07-23 01:47:08'),(41,9,'ItemLine',NULL,197,1,'2013-07-23','2013-07-23',NULL,NULL,8,NULL,'2013-07-23 01:47:08','2013-07-23 01:47:08'),(42,9,'ItemLine',NULL,198,1,'2013-07-23','2013-07-23',NULL,NULL,8,NULL,'2013-07-23 01:47:08','2013-07-23 01:47:08'),(43,9,'ItemLine',NULL,199,1,'2013-07-23','2013-07-23',NULL,NULL,8,NULL,'2013-07-23 01:47:08','2013-07-23 01:47:08'),(44,10,'ItemLine',NULL,203,1,'2013-07-23','2013-07-23',NULL,NULL,9,NULL,'2013-07-23 01:47:08','2013-07-23 01:47:08'),(45,10,'ItemLine',NULL,204,1,'2013-07-23','2013-07-23',NULL,NULL,9,NULL,'2013-07-23 01:47:08','2013-07-23 01:47:08'),(46,10,'ItemLine',NULL,205,1,'2013-07-23','2013-07-23',NULL,NULL,9,NULL,'2013-07-23 01:47:08','2013-07-23 01:47:08'),(47,11,'ItemLine',NULL,206,1,'2013-07-23','2013-07-23',NULL,NULL,10,NULL,'2013-07-23 01:47:08','2013-07-23 01:47:08'),(48,11,'ItemLine',NULL,207,1,'2013-07-23','2013-07-23',NULL,NULL,10,NULL,'2013-07-23 01:47:08','2013-07-23 01:47:08'),(49,11,'ItemLine',NULL,208,1,'2013-07-23','2013-07-23',NULL,NULL,10,NULL,'2013-07-23 01:47:08','2013-07-23 01:47:08'),(50,12,'ItemLine',NULL,209,1,'2013-07-23','2013-07-23',NULL,NULL,11,NULL,'2013-07-23 01:47:08','2013-07-23 01:47:08'),(51,12,'ItemLine',NULL,210,1,'2013-07-23','2013-07-23',NULL,NULL,11,NULL,'2013-07-23 01:47:08','2013-07-23 01:47:08'),(52,12,'ItemLine',NULL,211,1,'2013-07-23','2013-07-23',NULL,NULL,11,NULL,'2013-07-23 01:47:08','2013-07-23 01:47:08'),(53,13,'ItemLine',22,29,1,'2013-07-23','2013-07-23',NULL,NULL,12,NULL,'2013-07-23 01:47:08','2013-07-23 01:47:08'),(54,13,'ItemLine',23,29,1,'2013-07-23','2013-07-23',NULL,NULL,12,NULL,'2013-07-23 01:47:08','2013-07-23 01:47:08'),(55,13,'ItemLine',24,29,1,'2013-07-23','2013-07-23',NULL,NULL,12,NULL,'2013-07-23 01:47:08','2013-07-23 01:47:08'),(56,13,'ItemLine',25,33,1,'2013-07-23','2013-07-23',NULL,NULL,12,NULL,'2013-07-23 01:47:08','2013-07-23 01:47:08'),(57,13,'ItemLine',26,33,1,'2013-07-23','2013-07-23',NULL,NULL,12,NULL,'2013-07-23 01:47:08','2013-07-23 01:47:08'),(58,13,'ItemLine',27,33,1,'2013-07-23','2013-07-23',NULL,NULL,12,NULL,'2013-07-23 01:47:08','2013-07-23 01:47:08'),(59,13,'ItemLine',28,37,1,'2013-07-23','2013-07-23',NULL,NULL,12,NULL,'2013-07-23 01:47:08','2013-07-23 01:47:08'),(60,13,'ItemLine',29,37,1,'2013-07-23','2013-07-23',NULL,NULL,12,NULL,'2013-07-23 01:47:08','2013-07-23 01:47:08'),(61,13,'ItemLine',30,37,1,'2013-07-23','2013-07-23',NULL,NULL,12,NULL,'2013-07-23 01:47:08','2013-07-23 01:47:08'),(62,13,'ItemLine',31,41,1,'2013-07-23','2013-07-23',NULL,NULL,12,NULL,'2013-07-23 01:47:08','2013-07-23 01:47:08'),(63,13,'ItemLine',32,41,1,'2013-07-23','2013-07-23',NULL,NULL,12,NULL,'2013-07-23 01:47:08','2013-07-23 01:47:08'),(64,13,'ItemLine',33,41,1,'2013-07-23','2013-07-23',NULL,NULL,12,NULL,'2013-07-23 01:47:08','2013-07-23 01:47:08'),(65,13,'ItemLine',34,45,1,'2013-07-23','2013-07-23',NULL,NULL,12,NULL,'2013-07-23 01:47:08','2013-07-23 01:47:08'),(66,13,'ItemLine',35,45,1,'2013-07-23','2013-07-23',NULL,NULL,12,NULL,'2013-07-23 01:47:08','2013-07-23 01:47:08'),(67,13,'ItemLine',36,45,1,'2013-07-23','2013-07-23',NULL,NULL,12,NULL,'2013-07-23 01:47:08','2013-07-23 01:47:08'),(68,13,'ItemLine',39,50,1,'2013-07-23','2013-07-23',NULL,NULL,12,NULL,'2013-07-23 01:47:08','2013-07-23 01:47:08'),(69,13,'ItemLine',40,50,1,'2013-07-23','2013-07-23',NULL,NULL,12,NULL,'2013-07-23 01:47:08','2013-07-23 01:47:08'),(70,13,'ItemLine',41,51,1,'2013-07-23','2013-07-23',NULL,NULL,12,NULL,'2013-07-23 01:47:08','2013-07-23 01:47:08'),(71,13,'ItemLine',43,53,1,'2013-07-23','2013-07-23',NULL,NULL,12,NULL,'2013-07-23 01:47:08','2013-07-23 01:47:08'),(72,13,'ItemLine',44,54,1,'2013-07-23','2013-07-23',NULL,NULL,12,NULL,'2013-07-23 01:47:08','2013-07-23 01:47:08'),(73,13,'ItemLine',45,55,1,'2013-07-23','2013-07-23',NULL,NULL,12,NULL,'2013-07-23 01:47:08','2013-07-23 01:47:08'),(74,13,'ItemLine',46,56,1,'2013-07-23','2013-07-23',NULL,NULL,12,NULL,'2013-07-23 01:47:08','2013-07-23 01:47:08'),(75,13,'ItemLine',47,57,1,'2013-07-23','2013-07-23',NULL,NULL,12,NULL,'2013-07-23 01:47:08','2013-07-23 01:47:08'),(76,13,'ItemLine',48,58,1,'2013-07-23','2013-07-23',NULL,NULL,12,NULL,'2013-07-23 01:47:08','2013-07-23 01:47:08'),(77,13,'ItemLine',49,59,1,'2013-07-23','2013-07-23',NULL,NULL,12,NULL,'2013-07-23 01:47:08','2013-07-23 01:47:08'),(78,13,'ItemLine',50,60,1,'2013-07-23','2013-07-23',NULL,NULL,12,NULL,'2013-07-23 01:47:08','2013-07-23 01:47:08'),(79,13,'ItemLine',51,61,1,'2013-07-23','2013-07-23',NULL,NULL,12,NULL,'2013-07-23 01:47:08','2013-07-23 01:47:08'),(80,13,'ItemLine',52,62,1,'2013-07-23','2013-07-23',NULL,NULL,12,NULL,'2013-07-23 01:47:08','2013-07-23 01:47:08'),(81,13,'ItemLine',53,63,1,'2013-07-23','2013-07-23',NULL,NULL,12,NULL,'2013-07-23 01:47:08','2013-07-23 01:47:08'),(82,13,'ItemLine',54,64,1,'2013-07-23','2013-07-23',NULL,NULL,12,NULL,'2013-07-23 01:47:08','2013-07-23 01:47:08'),(83,14,'OptionLine',NULL,NULL,2,'2013-07-23','2013-07-23',NULL,4,13,NULL,'2013-07-23 01:47:08','2013-07-23 01:47:08'),(84,14,'ItemLine',208,212,1,'2013-07-23','2013-07-23',NULL,NULL,13,NULL,'2013-07-23 01:47:08','2013-07-23 01:47:08'),(85,15,'OptionLine',NULL,NULL,2,'2013-07-23','2013-07-23',NULL,5,14,NULL,'2013-07-23 01:47:08','2013-07-23 01:47:08'),(86,15,'OptionLine',NULL,NULL,1,'2013-07-23','2013-08-23',NULL,5,14,NULL,'2013-07-23 01:47:08','2013-07-23 01:47:08'),(87,16,'ItemLine',209,213,1,'2013-07-23','2013-07-23',NULL,NULL,15,NULL,'2013-07-23 01:47:08','2013-07-23 01:47:08'),(88,17,'ItemLine',210,214,1,'2013-07-18','2013-07-22',NULL,NULL,16,NULL,'2013-07-18 00:00:00','2013-07-18 00:00:00'),(89,17,'OptionLine',NULL,NULL,1,'2013-07-18','2013-07-22',NULL,6,16,NULL,'2013-07-18 00:00:00','2013-07-18 00:00:00'),(90,18,'ItemLine',213,218,1,'2013-07-23','2013-07-23','2013-07-23',NULL,17,NULL,'2013-07-23 01:47:08','2013-07-23 01:47:08'),(91,19,'ItemLine',214,219,1,'2013-07-23','2013-07-23','2013-07-23',NULL,18,NULL,'2013-07-23 01:47:08','2013-07-23 01:47:08'),(92,20,'ItemLine',NULL,223,1,'2013-07-23','2013-07-23',NULL,NULL,19,NULL,'2013-07-23 01:47:08','2013-07-23 01:47:08'),(93,20,'ItemLine',NULL,224,1,'2013-07-23','2013-07-23',NULL,NULL,19,NULL,'2013-07-23 01:47:08','2013-07-23 01:47:08'),(94,20,'ItemLine',NULL,225,1,'2013-07-23','2013-07-23',NULL,NULL,19,NULL,'2013-07-23 01:47:08','2013-07-23 01:47:08'),(95,20,'ItemLine',NULL,226,1,'2013-07-23','2013-07-23',NULL,NULL,19,NULL,'2013-07-23 01:47:08','2013-07-23 01:47:08'),(96,20,'ItemLine',NULL,227,1,'2013-07-23','2013-07-23',NULL,NULL,19,NULL,'2013-07-23 01:47:08','2013-07-23 01:47:08'),(97,21,'ItemLine',223,228,1,'2013-07-23','2013-07-23',NULL,NULL,20,NULL,'2013-07-23 01:47:08','2013-07-23 01:47:08'),(98,21,'ItemLine',224,229,1,'2013-07-23','2013-07-23',NULL,NULL,20,NULL,'2013-07-23 01:47:08','2013-07-23 01:47:08'),(99,21,'ItemLine',225,230,1,'2013-07-23','2013-07-23',NULL,NULL,20,NULL,'2013-07-23 01:47:08','2013-07-23 01:47:08'),(100,21,'ItemLine',226,231,1,'2013-07-23','2013-07-23',NULL,NULL,20,NULL,'2013-07-23 01:47:08','2013-07-23 01:47:08'),(101,22,'ItemLine',227,232,1,'2013-07-23','2013-07-23',NULL,NULL,21,NULL,'2013-07-23 01:47:08','2013-07-23 01:47:08'),(102,22,'ItemLine',228,233,1,'2013-07-23','2013-07-23',NULL,NULL,21,NULL,'2013-07-23 01:47:08','2013-07-23 01:47:08'),(103,22,'ItemLine',229,234,1,'2013-07-23','2013-07-23',NULL,NULL,21,NULL,'2013-07-23 01:47:08','2013-07-23 01:47:08'),(104,22,'ItemLine',230,235,1,'2013-07-23','2013-07-23',NULL,NULL,21,NULL,'2013-07-23 01:47:08','2013-07-23 01:47:08'),(105,22,'ItemLine',231,236,1,'2013-07-23','2013-07-23',NULL,NULL,21,NULL,'2013-07-23 01:47:08','2013-07-23 01:47:08'),(106,23,'ItemLine',232,237,1,'2013-07-18','2013-07-18',NULL,NULL,22,NULL,'2013-07-18 00:00:00','2013-07-18 00:00:00'),(107,23,'ItemLine',233,238,1,'2013-07-18','2013-07-18',NULL,NULL,22,NULL,'2013-07-18 00:00:00','2013-07-18 00:00:00'),(108,23,'ItemLine',234,239,1,'2013-07-18','2013-07-18',NULL,NULL,22,NULL,'2013-07-18 00:00:00','2013-07-18 00:00:00'),(109,23,'ItemLine',235,240,1,'2013-07-18','2013-07-18',NULL,NULL,22,NULL,'2013-07-18 00:00:00','2013-07-18 00:00:00'),(110,24,'ItemLine',NULL,76,1,'2013-07-30','2013-08-02',NULL,NULL,23,NULL,'2013-07-23 01:47:08','2013-07-23 01:47:08'),(111,24,'ItemLine',NULL,76,1,'2013-07-30','2013-08-02',NULL,NULL,23,NULL,'2013-07-23 01:47:08','2013-07-23 01:47:08'),(112,24,'ItemLine',NULL,76,1,'2013-07-30','2013-08-02',NULL,NULL,23,NULL,'2013-07-23 01:47:08','2013-07-23 01:47:08'),(113,24,'ItemLine',NULL,108,1,'2013-07-30','2013-08-02',NULL,NULL,23,NULL,'2013-07-23 01:47:08','2013-07-23 01:47:08'),(114,24,'ItemLine',NULL,108,1,'2013-07-30','2013-08-02',NULL,NULL,23,NULL,'2013-07-23 01:47:08','2013-07-23 01:47:08'),(115,24,'ItemLine',NULL,108,1,'2013-07-30','2013-08-02',NULL,NULL,23,NULL,'2013-07-23 01:47:08','2013-07-23 01:47:08'),(116,25,'ItemLine',NULL,241,1,'2013-07-23','2013-07-23',NULL,NULL,24,NULL,'2013-07-23 01:47:08','2013-07-23 01:47:08'),(117,25,'ItemLine',NULL,245,1,'2013-07-23','2013-07-23',NULL,NULL,24,NULL,'2013-07-23 01:47:08','2013-07-23 01:47:08'),(118,25,'ItemLine',NULL,249,1,'2013-07-23','2013-07-23',NULL,NULL,24,NULL,'2013-07-23 01:47:08','2013-07-23 01:47:08'),(119,25,'ItemLine',NULL,253,1,'2013-07-23','2013-07-23',NULL,NULL,24,NULL,'2013-07-23 01:47:08','2013-07-23 01:47:08'),(120,25,'ItemLine',NULL,257,1,'2013-07-23','2013-07-23',NULL,NULL,24,NULL,'2013-07-23 01:47:08','2013-07-23 01:47:08'),(121,26,'ItemLine',NULL,261,1,'2013-07-23','2013-07-23',NULL,NULL,25,NULL,'2013-07-23 01:47:08','2013-07-23 01:47:08'),(122,26,'ItemLine',NULL,265,1,'2013-07-23','2013-07-23',NULL,NULL,25,NULL,'2013-07-23 01:47:08','2013-07-23 01:47:08'),(123,26,'ItemLine',NULL,269,1,'2013-07-23','2013-07-23',NULL,NULL,25,NULL,'2013-07-23 01:47:08','2013-07-23 01:47:08'),(124,27,'ItemLine',NULL,273,1,'2013-07-23','2013-07-23',NULL,NULL,26,NULL,'2013-07-23 01:47:08','2013-07-23 01:47:08'),(125,27,'ItemLine',NULL,277,1,'2013-07-23','2013-07-23',NULL,NULL,26,NULL,'2013-07-23 01:47:08','2013-07-23 01:47:08'),(126,27,'ItemLine',NULL,281,1,'2013-07-23','2013-07-23',NULL,NULL,26,NULL,'2013-07-23 01:47:08','2013-07-23 01:47:08'),(127,28,'ItemLine',NULL,108,1,'2013-07-23','2013-07-23',NULL,NULL,27,NULL,'2013-07-23 01:47:08','2013-07-23 01:47:08'),(128,29,'ItemLine',NULL,108,1,'2013-07-23','2013-07-23',NULL,NULL,28,NULL,'2013-07-23 01:47:08','2013-07-23 01:47:08'),(129,29,'ItemLine',NULL,76,1,'2013-07-23','2013-07-23',NULL,NULL,28,NULL,'2013-07-23 01:47:08','2013-07-23 01:47:08'),(130,30,'ItemLine',NULL,108,1,'2013-07-30','2013-07-31',NULL,NULL,29,NULL,'2013-07-23 01:47:08','2013-07-23 01:47:08'),(131,31,'ItemLine',NULL,50,1,'2013-07-23','2013-07-23',NULL,NULL,30,NULL,'2013-07-23 01:47:08','2013-07-23 01:47:08'),(132,31,'ItemLine',NULL,50,1,'2013-07-23','2013-07-23',NULL,NULL,30,NULL,'2013-07-23 01:47:08','2013-07-23 01:47:08'),(133,31,'ItemLine',NULL,50,1,'2013-07-23','2013-07-23',NULL,NULL,30,NULL,'2013-07-23 01:47:08','2013-07-23 01:47:08'),(134,32,'ItemLine',NULL,76,1,'2013-07-23','2013-07-23',NULL,NULL,31,NULL,'2013-07-23 01:47:08','2013-07-23 01:47:08'),(135,32,'ItemLine',NULL,108,1,'2013-07-23','2013-07-23',NULL,NULL,31,NULL,'2013-07-23 01:47:08','2013-07-23 01:47:08'),(136,32,'ItemLine',NULL,76,1,'2013-07-23','2013-07-23',NULL,NULL,31,NULL,'2013-07-23 01:47:08','2013-07-23 01:47:08'),(137,32,'ItemLine',NULL,108,1,'2013-07-23','2013-07-23',NULL,NULL,31,NULL,'2013-07-23 01:47:08','2013-07-23 01:47:08'),(138,32,'ItemLine',NULL,76,1,'2013-07-23','2013-07-23',NULL,NULL,31,NULL,'2013-07-23 01:47:08','2013-07-23 01:47:08'),(139,32,'ItemLine',NULL,108,1,'2013-07-23','2013-07-23',NULL,NULL,31,NULL,'2013-07-23 01:47:08','2013-07-23 01:47:08'),(140,32,'OptionLine',NULL,NULL,5,'2013-07-23','2013-07-23',NULL,1,31,NULL,'2013-07-23 01:47:08','2013-07-23 01:47:08'),(141,33,'ItemLine',NULL,147,1,'2013-07-23','2013-07-23',NULL,NULL,NULL,NULL,'2013-07-23 01:47:08','2013-07-23 01:47:08'),(142,34,'ItemLine',269,285,1,'2013-07-23','2013-07-23',NULL,NULL,NULL,NULL,'2013-07-23 01:47:08','2013-07-23 01:47:08'),(143,35,'ItemLine',66,76,1,'2013-07-23','2013-07-23',NULL,NULL,34,NULL,'2013-07-23 01:47:08','2013-07-23 01:47:08'),(144,36,'ItemLine',270,286,1,'2013-07-23','2013-07-23',NULL,NULL,35,NULL,'2013-07-23 01:47:08','2013-07-23 01:47:08'),(145,37,'ItemLine',37,49,1,'2013-07-23','2013-07-23',NULL,NULL,36,NULL,'2013-07-23 01:47:08','2013-07-23 01:47:08'),(146,37,'ItemLine',266,281,1,'2013-07-23','2013-07-23','2013-07-23',NULL,36,18,'2013-07-23 01:47:08','2013-07-23 01:47:08'),(147,38,'ItemLine',42,50,1,'2013-07-23','2013-07-23',NULL,NULL,37,NULL,'2013-07-23 01:47:08','2013-07-23 01:47:08'),(148,39,'ItemLine',271,287,1,'2013-07-23','2013-07-23',NULL,NULL,38,NULL,'2013-07-23 01:47:08','2013-07-23 01:47:08'),(149,40,'ItemLine',107,111,1,'2013-07-23','2013-07-24',NULL,NULL,39,NULL,'2013-07-23 01:47:08','2013-07-23 01:47:08'),(150,41,'ItemLine',NULL,76,1,'2013-07-30','2013-08-02',NULL,NULL,40,NULL,'2013-07-23 01:47:08','2013-07-23 01:47:08'),(151,41,'ItemLine',NULL,108,1,'2013-07-30','2013-08-02',NULL,NULL,40,NULL,'2013-07-23 01:47:08','2013-07-23 01:47:08'),(152,41,'ItemLine',NULL,108,1,'2013-07-31','2013-08-03',NULL,NULL,40,NULL,'2013-07-23 01:47:08','2013-07-23 01:47:08'),(153,42,'ItemLine',NULL,54,1,'2013-07-23','2013-07-24',NULL,NULL,40,NULL,'2013-07-23 01:47:08','2013-07-23 01:47:08'),(154,43,'ItemLine',NULL,50,1,'2013-07-21','2013-07-24',NULL,NULL,41,NULL,'2013-07-23 01:47:08','2013-07-23 01:47:08'),(155,43,'ItemLine',NULL,288,1,'2013-07-21','2013-07-24',NULL,NULL,41,NULL,'2013-07-23 01:47:08','2013-07-23 01:47:08'),(156,44,'ItemLine',136,50,1,'2013-07-23','2013-07-23',NULL,NULL,42,NULL,'2013-07-23 01:47:08','2013-07-23 01:47:08'),(157,44,'OptionLine',NULL,NULL,1,'2013-07-23','2013-07-23',NULL,1,42,NULL,'2013-07-23 01:47:08','2013-07-23 01:47:08'),(158,45,'ItemLine',NULL,76,1,'2013-08-29','2013-09-06',NULL,NULL,43,NULL,'2013-07-23 01:47:08','2013-07-23 01:47:08'),(159,46,'ItemLine',NULL,76,1,'2013-09-13','2013-09-16',NULL,NULL,44,NULL,'2013-07-23 01:47:08','2013-07-23 01:47:08'),(160,46,'ItemLine',NULL,76,1,'2013-09-13','2013-09-16',NULL,NULL,44,NULL,'2013-07-23 01:47:08','2013-07-23 01:47:08'),(161,46,'ItemLine',NULL,76,1,'2013-09-13','2013-09-16',NULL,NULL,44,NULL,'2013-07-23 01:47:08','2013-07-23 01:47:08'),(162,46,'ItemLine',NULL,76,1,'2013-09-13','2013-09-16',NULL,NULL,44,NULL,'2013-07-23 01:47:08','2013-07-23 01:47:08'),(163,46,'ItemLine',NULL,76,1,'2013-09-13','2013-09-16',NULL,NULL,44,NULL,'2013-07-23 01:47:08','2013-07-23 01:47:08'),(164,46,'ItemLine',NULL,76,1,'2013-09-13','2013-09-16',NULL,NULL,44,NULL,'2013-07-23 01:47:08','2013-07-23 01:47:08'),(165,47,'ItemLine',NULL,29,1,'2013-07-23','2013-07-23',NULL,NULL,45,NULL,'2013-07-23 01:47:08','2013-07-23 01:47:08'),(166,48,'ItemLine',102,108,1,'2013-07-18','2013-07-22',NULL,NULL,46,NULL,'2013-07-18 00:00:00','2013-07-18 00:00:00');
/*!40000 ALTER TABLE `contract_lines` ENABLE KEYS */;
UNLOCK TABLES;

--
-- Table structure for table `contracts`
--

DROP TABLE IF EXISTS `contracts`;
/*!40101 SET @saved_cs_client     = @@character_set_client */;
/*!40101 SET character_set_client = utf8 */;
CREATE TABLE `contracts` (
  `id` int(11) NOT NULL AUTO_INCREMENT,
  `user_id` int(11) DEFAULT NULL,
  `delegated_user_id` int(11) DEFAULT NULL,
  `inventory_pool_id` int(11) DEFAULT NULL,
  `note` text COLLATE utf8_unicode_ci,
  `handed_over_by_user_id` int(11) DEFAULT NULL,
  `created_at` datetime DEFAULT NULL,
  `updated_at` datetime DEFAULT NULL,
  `status` enum('unsubmitted','submitted','rejected','approved','signed','closed') COLLATE utf8_unicode_ci NOT NULL,
  PRIMARY KEY (`id`),
  KEY `index_contracts_on_inventory_pool_id` (`inventory_pool_id`),
  KEY `index_contracts_on_status` (`status`),
  KEY `index_contracts_on_user_id` (`user_id`),
  KEY `contracts_delegated_user_id_fk` (`delegated_user_id`),
  KEY `contracts_handed_over_by_user_id_fk` (`handed_over_by_user_id`),
  CONSTRAINT `contracts_handed_over_by_user_id_fk` FOREIGN KEY (`handed_over_by_user_id`) REFERENCES `users` (`id`),
  CONSTRAINT `contracts_delegated_user_id_fk` FOREIGN KEY (`delegated_user_id`) REFERENCES `users` (`id`),
  CONSTRAINT `contracts_inventory_pool_id_fk` FOREIGN KEY (`inventory_pool_id`) REFERENCES `inventory_pools` (`id`),
  CONSTRAINT `contracts_user_id_fk` FOREIGN KEY (`user_id`) REFERENCES `users` (`id`)
) ENGINE=InnoDB AUTO_INCREMENT=49 DEFAULT CHARSET=utf8 COLLATE=utf8_unicode_ci;
/*!40101 SET character_set_client = @saved_cs_client */;

--
-- Dumping data for table `contracts`
--

LOCK TABLES `contracts` WRITE;
/*!40000 ALTER TABLE `contracts` DISABLE KEYS */;
INSERT INTO `contracts` VALUES (1,5,NULL,5,NULL,NULL,'2013-07-23 01:47:08','2013-07-23 01:47:08','unsubmitted'),(2,6,NULL,12,NULL,NULL,'2013-07-23 01:47:08','2013-07-23 01:47:08','approved'),(3,7,NULL,1,NULL,NULL,'2013-07-23 01:47:08','2013-07-23 01:47:08','closed'),(4,12,NULL,1,NULL,NULL,'2013-07-20 19:34:12','2013-07-20 19:34:12','submitted'),(5,12,NULL,1,NULL,NULL,'2013-07-20 19:34:12','2013-07-20 19:34:12','approved'),(6,12,NULL,1,NULL,NULL,'2013-07-20 19:34:12','2013-07-20 19:34:12','rejected'),(7,12,NULL,1,NULL,NULL,'2013-07-22 08:10:43','2013-07-22 08:10:43','submitted'),(8,12,NULL,1,NULL,NULL,'2013-07-22 04:34:55','2013-07-22 04:34:55','submitted'),(9,13,NULL,1,NULL,NULL,'2013-07-23 01:47:08','2013-07-23 01:47:08','submitted'),(10,14,NULL,1,NULL,NULL,'2013-07-23 01:47:08','2013-07-23 01:47:08','submitted'),(11,15,NULL,1,NULL,NULL,'2013-07-23 01:47:08','2013-07-23 01:47:08','submitted'),(12,16,NULL,1,NULL,NULL,'2013-07-23 01:47:08','2013-07-23 01:47:08','submitted'),(13,20,NULL,1,NULL,NULL,'2013-07-23 01:47:08','2013-07-23 01:47:08','approved'),(14,21,NULL,1,NULL,18,'2013-07-23 01:47:08','2013-07-23 01:47:08','signed'),(15,22,NULL,1,NULL,18,'2013-07-23 01:47:08','2013-07-23 01:47:08','signed'),(16,23,NULL,1,NULL,18,'2013-07-23 01:47:08','2013-07-23 01:47:08','signed'),(17,24,NULL,2,NULL,18,'2013-07-18 00:00:00','2013-07-18 00:00:00','signed'),(18,26,NULL,1,NULL,18,'2013-07-23 01:47:08','2013-07-23 01:47:08','closed'),(19,27,NULL,1,NULL,18,'2013-07-23 01:47:08','2013-07-23 01:47:08','closed'),(20,30,28,1,NULL,NULL,'2013-07-23 01:47:08','2013-07-23 01:47:08','submitted'),(21,30,29,1,NULL,NULL,'2013-07-23 01:47:08','2013-07-23 01:47:08','approved'),(22,30,28,1,NULL,18,'2013-07-23 01:47:08','2013-07-23 01:47:08','signed'),(23,30,28,1,NULL,18,'2013-07-18 00:00:00','2013-07-18 00:00:00','signed'),(24,34,NULL,1,NULL,NULL,'2013-07-23 01:47:08','2013-07-23 01:47:08','submitted'),(25,34,NULL,2,NULL,NULL,'2013-07-23 01:47:08','2013-07-23 01:47:08','submitted'),(26,34,NULL,2,NULL,NULL,'2013-07-23 01:47:08','2013-07-23 01:47:08','submitted'),(27,34,NULL,2,NULL,NULL,'2013-07-23 01:47:08','2013-07-23 01:47:08','submitted'),(28,34,NULL,1,NULL,NULL,'2013-07-23 01:47:08','2013-07-23 01:47:08','approved'),(29,34,NULL,1,NULL,NULL,'2013-07-23 01:47:08','2013-07-23 01:47:08','approved'),(30,34,NULL,1,NULL,NULL,'2013-07-23 01:47:08','2013-07-23 01:47:08','approved'),(31,34,NULL,1,NULL,NULL,'2013-07-23 01:47:08','2013-07-23 01:47:08','approved'),(32,34,NULL,1,NULL,NULL,'2013-07-23 01:47:08','2013-07-23 01:47:08','approved'),(33,34,NULL,1,NULL,NULL,'2013-07-23 01:47:08','2013-07-23 01:47:08','approved'),(34,34,NULL,1,NULL,NULL,'2013-07-23 01:47:08','2013-07-23 01:47:08','approved'),(35,34,NULL,1,NULL,18,'2013-07-23 01:47:08','2013-07-23 01:47:08','signed'),(36,34,NULL,1,NULL,18,'2013-07-23 01:47:08','2013-07-23 01:47:08','signed'),(37,34,NULL,2,NULL,18,'2013-07-23 01:47:08','2013-07-23 01:47:08','signed'),(38,34,NULL,2,NULL,18,'2013-07-23 01:47:08','2013-07-23 01:47:08','signed'),(39,34,NULL,2,NULL,18,'2013-07-23 01:47:08','2013-07-23 01:47:08','signed'),(40,34,NULL,1,NULL,18,'2013-07-23 01:47:08','2013-07-23 01:47:08','signed'),(41,35,NULL,1,NULL,NULL,'2013-07-23 01:47:08','2013-07-23 01:47:08','submitted'),(42,35,NULL,1,NULL,NULL,'2013-07-23 01:47:08','2013-07-23 01:47:08','submitted'),(43,35,NULL,1,NULL,NULL,'2013-07-23 01:47:08','2013-07-23 01:47:08','approved'),(44,35,NULL,1,NULL,18,'2013-07-23 01:47:08','2013-07-23 01:47:08','signed'),(45,36,NULL,1,NULL,NULL,'2013-07-23 01:47:08','2013-07-23 01:47:08','submitted'),(46,36,NULL,1,NULL,NULL,'2013-07-23 01:47:08','2013-07-23 01:47:08','submitted'),(47,36,NULL,1,NULL,NULL,'2013-07-23 01:47:08','2013-07-23 01:47:08','approved'),(48,36,NULL,1,NULL,18,'2013-07-18 00:00:00','2013-07-18 00:00:00','signed');
/*!40000 ALTER TABLE `contracts` ENABLE KEYS */;
UNLOCK TABLES;

--
-- Table structure for table `database_authentications`
--

DROP TABLE IF EXISTS `database_authentications`;
/*!40101 SET @saved_cs_client     = @@character_set_client */;
/*!40101 SET character_set_client = utf8 */;
CREATE TABLE `database_authentications` (
  `id` int(11) NOT NULL AUTO_INCREMENT,
  `login` varchar(255) COLLATE utf8_unicode_ci DEFAULT NULL,
  `crypted_password` varchar(40) COLLATE utf8_unicode_ci DEFAULT NULL,
  `salt` varchar(40) COLLATE utf8_unicode_ci DEFAULT NULL,
  `user_id` int(11) DEFAULT NULL,
  `created_at` datetime DEFAULT NULL,
  `updated_at` datetime DEFAULT NULL,
  PRIMARY KEY (`id`),
  KEY `database_authentications_user_id_fk` (`user_id`),
  CONSTRAINT `database_authentications_user_id_fk` FOREIGN KEY (`user_id`) REFERENCES `users` (`id`) ON DELETE CASCADE
) ENGINE=InnoDB AUTO_INCREMENT=33 DEFAULT CHARSET=utf8 COLLATE=utf8_unicode_ci;
/*!40101 SET character_set_client = @saved_cs_client */;

--
-- Dumping data for table `database_authentications`
--

LOCK TABLES `database_authentications` WRITE;
/*!40000 ALTER TABLE `database_authentications` DISABLE KEYS */;
INSERT INTO `database_authentications` VALUES (1,'ramon','a3cef53ae96785cf145d3fd97bfa36240cddd5fb','e4eab24d5bb12502f0bd08d9479bbec2d20efbc4',1,'2013-07-23 01:47:08','2013-07-23 01:47:08'),(2,'joseph_swift_2518','6d1140500ffb23b8fe303c92102e91c2e81fe9ab','85f8caccfc60eea46d0f95905b436753db9ce2ac',2,'2013-07-23 01:47:08','2013-07-23 01:47:08'),(3,'forest_7477','63840c395527307d9f902e007d974587feffecba','4857e031624f2f4f885527ce5a1e916044f2beac',3,'2013-07-23 01:47:08','2013-07-23 01:47:08'),(4,'estel_3979','5385823890b7b8317be2f031d339a55d273c4479','8371c403507c89070e2307e99eefb2d3fa6bc5ef',4,'2013-07-23 01:47:08','2013-07-23 01:47:08'),(5,'frederik_langosh_6960','21efb922145c94f00750d012bfa9cfb41f339809','479bc34a3dc803d0c77faa0fec5175bb86331dc5',5,'2013-07-23 01:47:08','2013-07-23 01:47:08'),(6,'veda_6491','3888b31f1ff969e6c47d78167fca768ee19b5940','cdec2cd949ba140351c10e93835a06eba50e1026',6,'2013-07-23 01:47:08','2013-07-23 01:47:08'),(7,'josue_4643','2036dd776945aec0b6bae2e19a0e20ebc89ca764','8e91cae9301a49e3a17ddb197b152d6e7f9675c7',7,'2013-07-23 01:47:08','2013-07-23 01:47:08'),(8,'matti','80ad4bff6cc0d4dd757311ba8b94f57188b4241d','fb658f9e7ebd7825212579430f48e2eec98f8f05',8,'2013-07-23 01:47:08','2013-07-23 01:47:08'),(9,'mike','66e8140fb69fe6199a5826f3e3de2d5cae850923','95924feffb84b75683bad119ba329ee20378c602',9,'2013-07-23 01:47:08','2013-07-23 01:47:08'),(10,'andi','dd94391bd9e9212fd517fe91894849b1d23aec6b','79c66e9e946f3c60aef0defde5bc24357e70228e',10,'2013-07-23 01:47:08','2013-07-23 01:47:08'),(11,'virginia_5714','b5e8500a796aa3f94f0094648b6dbaf3eb536008','eff6a887c273910187f9ba5416488fd9d3aaa1f0',11,'2013-07-23 01:47:08','2013-07-23 01:47:08'),(12,'elody_904','e02cc3abf85f98439ac5c9fd0e22761c08a072a5','ae823dd2e741ca276495de0bdf98aaafab9b4701',12,'2013-07-23 01:47:08','2013-07-23 01:47:08'),(13,'adrian_6423','2d960eafdb989c27455c185959bbea8d52072e55','a7d8b84e81856b8ffbfbdb993f1dfabfbb0ea6f2',13,'2013-07-23 01:47:08','2013-07-23 01:47:08'),(14,'marco_howell_6836','95ffc208abcf4441952404dfbbb83caa4f97283e','36f8af93aedc044381876b144dec6feb9d3e3ee7',14,'2013-07-23 01:47:08','2013-07-23 01:47:08'),(15,'earlene_5484','d4da17500d9be9b54465732b4cec7a82432bb450','8d87029b9a76c2a7859657303d2c6fd10e3d7b07',15,'2013-07-23 01:47:08','2013-07-23 01:47:08'),(16,'shanna.steuber_9583','b2727edf43b5d23229bdc37dbc459198870404ab','2cc7f003e210946bbe7b759c1aea551fab8a9762',16,'2013-07-23 01:47:08','2013-07-23 01:47:08'),(17,'gino','e71defe941703f2ae0c079444ad3acb93ee14e0c','21011231741646b3f69b9067064fdce99c9789c5',17,'2013-07-23 01:47:08','2013-07-23 01:47:08'),(18,'pius','26e4c68423f14aa5eeb454877c48f53f8c7c6515','72eb89f3ecf344e3d3edcdea30677efa28a65142',18,'2013-07-23 01:47:08','2013-07-23 01:47:08'),(19,'peter','5fe5e7a47a4842e2ada8abd3942251781573e5ca','d65f3836ba0d2fd0fe01be28bbff9a27f6ceb537',19,'2013-07-23 01:47:08','2013-07-23 01:47:08'),(20,'germaine_4900','3a87a2f7134d27d820e96cd7f5323508ba219d95','234c1a8b3d1f38d6fa03435bd18b81c95f332ffa',20,'2013-07-23 01:47:08','2013-07-23 01:47:08'),(21,'renee_5230','1bd2e051aa6b451d6ba8f571c974a3e1df2e6167','2e446d775348d070187369bbdf9d2852ec1f05c9',21,'2013-07-23 01:47:08','2013-07-23 01:47:08'),(22,'omer.reichert_6490','92e352f84ef26204870369e7e9b1a2a9da205396','c3d9701b9907be4da3499432b2f18e536ea815b8',22,'2013-07-23 01:47:08','2013-07-23 01:47:08'),(23,'diamond_9683','174c11c158132f69be3b3177db12127c50463847','ab368e80ca4c3c6d04b8c98e8a17203074d9efb7',23,'2013-07-23 01:47:08','2013-07-23 01:47:08'),(24,'salma_lemke_3279','04fa114d1b71315d27ea0f96a2caee9658461fa3','f968b2a12712d1281271110eb876f96ef3715bfa',24,'2013-07-18 00:00:00','2013-07-18 00:00:00'),(25,'alba.kautzer_1822','4d1a46189fe09909151bd38d9f744c736fb67844','dde0c732845e0438ca415fe06f6aa7fd4d3dc354',25,'2013-07-18 00:00:00','2013-07-18 00:00:00'),(26,'tyrese_hudson_1647','9c673ebe3be5708b6d8eb5df2e8935c122f2de50','946a933f5624c9b14add7ff464e7c80df5d034f6',26,'2013-07-23 01:47:08','2013-07-23 01:47:08'),(27,'grayson.koch_7991','560674cb3e54ef4ef5af2aab8c0a944c5088e25a','25d03a5168d066ce225fbc23baaab02ac4c354f6',27,'2013-07-23 01:47:08','2013-07-23 01:47:08'),(28,'mina','ef2e875695ac6da2d02edaf3f3e3aeda87079e68','b99580b041222ed9cf0174c3c1e04342d2cb43bc',28,'2013-07-23 01:47:08','2013-07-23 01:47:08'),(29,'julie','1c05462c3401638ef301141d2777860842d889ff','ef127dbd7841bd43f5c859cc41b980902cd1ebc2',29,'2013-07-23 01:47:08','2013-07-23 01:47:08'),(30,'normin','ee215f5834e154f8c4e5c4986e9d9305fac49f94','9540eb19fe8af8174b1c8470585fe09e7118d448',34,'2013-07-23 01:47:08','2013-07-23 01:47:08'),(31,'petra','4d174507c370d858c40c2fe97beb06cd9519f8de','2e10317ffb9c7d29d5e110e29c1a841e50c97d5b',35,'2013-07-23 01:47:08','2013-07-23 01:47:08'),(32,'lisa','6185d38234166eb2be247863790c92fa28077035','6695847904e947fa5904ffeec4ec704a32017d31',36,'2013-07-23 01:47:08','2013-07-23 01:47:08');
/*!40000 ALTER TABLE `database_authentications` ENABLE KEYS */;
UNLOCK TABLES;

--
-- Table structure for table `delegations_users`
--

DROP TABLE IF EXISTS `delegations_users`;
/*!40101 SET @saved_cs_client     = @@character_set_client */;
/*!40101 SET character_set_client = utf8 */;
CREATE TABLE `delegations_users` (
  `delegation_id` int(11) DEFAULT NULL,
  `user_id` int(11) DEFAULT NULL,
  UNIQUE KEY `index_delegations_users_on_user_id_and_delegation_id` (`user_id`,`delegation_id`),
  KEY `index_delegations_users_on_delegation_id` (`delegation_id`),
  CONSTRAINT `delegations_users_delegation_id_fk` FOREIGN KEY (`delegation_id`) REFERENCES `users` (`id`),
  CONSTRAINT `delegations_users_user_id_fk` FOREIGN KEY (`user_id`) REFERENCES `users` (`id`)
) ENGINE=InnoDB DEFAULT CHARSET=utf8 COLLATE=utf8_unicode_ci;
/*!40101 SET character_set_client = @saved_cs_client */;

--
-- Dumping data for table `delegations_users`
--

LOCK TABLES `delegations_users` WRITE;
/*!40000 ALTER TABLE `delegations_users` DISABLE KEYS */;
INSERT INTO `delegations_users` VALUES (30,28),(31,28),(32,28),(33,28),(30,29),(31,29),(32,29),(33,29);
/*!40000 ALTER TABLE `delegations_users` ENABLE KEYS */;
UNLOCK TABLES;

--
-- Table structure for table `groups`
--

DROP TABLE IF EXISTS `groups`;
/*!40101 SET @saved_cs_client     = @@character_set_client */;
/*!40101 SET character_set_client = utf8 */;
CREATE TABLE `groups` (
  `id` int(11) NOT NULL AUTO_INCREMENT,
  `name` varchar(255) COLLATE utf8_unicode_ci DEFAULT NULL,
  `inventory_pool_id` int(11) DEFAULT NULL,
  `is_verification_required` tinyint(1) DEFAULT '0',
  `created_at` datetime DEFAULT NULL,
  `updated_at` datetime DEFAULT NULL,
  PRIMARY KEY (`id`),
  KEY `index_groups_on_inventory_pool_id` (`inventory_pool_id`),
  KEY `index_groups_on_is_verification_required` (`is_verification_required`),
  CONSTRAINT `groups_inventory_pool_id_fk` FOREIGN KEY (`inventory_pool_id`) REFERENCES `inventory_pools` (`id`)
) ENGINE=InnoDB AUTO_INCREMENT=10 DEFAULT CHARSET=utf8 COLLATE=utf8_unicode_ci;
/*!40101 SET character_set_client = @saved_cs_client */;

--
-- Dumping data for table `groups`
--

LOCK TABLES `groups` WRITE;
/*!40000 ALTER TABLE `groups` DISABLE KEYS */;
INSERT INTO `groups` VALUES (1,'Cast',1,0,'2013-07-23 01:47:08','2013-07-23 01:47:08'),(2,'IAD',1,0,'2013-07-23 01:47:08','2013-07-23 01:47:08'),(3,'Wu',1,0,'2013-07-23 01:47:08','2013-07-23 01:47:08'),(4,'Group Hifi',1,0,'2013-07-23 01:47:08','2013-07-23 01:47:08'),(5,'Group A',1,0,'2013-07-23 01:47:08','2013-07-23 01:47:08'),(6,'Group B',1,0,'2013-07-23 01:47:08','2013-07-23 01:47:08'),(7,'FFI',1,1,'2013-07-23 01:47:08','2013-07-23 01:47:08'),(8,'VTO',1,1,'2013-07-23 01:47:08','2013-07-23 01:47:08'),(9,'1. Semester',2,1,'2013-07-23 01:47:08','2013-07-23 01:47:08');
/*!40000 ALTER TABLE `groups` ENABLE KEYS */;
UNLOCK TABLES;

--
-- Table structure for table `groups_users`
--

DROP TABLE IF EXISTS `groups_users`;
/*!40101 SET @saved_cs_client     = @@character_set_client */;
/*!40101 SET character_set_client = utf8 */;
CREATE TABLE `groups_users` (
  `user_id` int(11) DEFAULT NULL,
  `group_id` int(11) DEFAULT NULL,
  UNIQUE KEY `index_groups_users_on_user_id_and_group_id` (`user_id`,`group_id`),
  KEY `index_groups_users_on_group_id` (`group_id`),
  CONSTRAINT `groups_users_user_id_fk` FOREIGN KEY (`user_id`) REFERENCES `users` (`id`),
  CONSTRAINT `groups_users_group_id_fk` FOREIGN KEY (`group_id`) REFERENCES `groups` (`id`)
) ENGINE=InnoDB DEFAULT CHARSET=utf8 COLLATE=utf8_unicode_ci;
/*!40101 SET character_set_client = @saved_cs_client */;

--
-- Dumping data for table `groups_users`
--

LOCK TABLES `groups_users` WRITE;
/*!40000 ALTER TABLE `groups_users` DISABLE KEYS */;
INSERT INTO `groups_users` VALUES (12,7),(12,8),(13,7),(14,7),(14,8),(15,7),(15,9),(16,7),(34,1),(36,1);
/*!40000 ALTER TABLE `groups_users` ENABLE KEYS */;
UNLOCK TABLES;

--
-- Table structure for table `histories`
--

DROP TABLE IF EXISTS `histories`;
/*!40101 SET @saved_cs_client     = @@character_set_client */;
/*!40101 SET character_set_client = utf8 */;
CREATE TABLE `histories` (
  `id` int(11) NOT NULL AUTO_INCREMENT,
  `text` varchar(255) COLLATE utf8_unicode_ci DEFAULT '',
  `type_const` int(11) DEFAULT NULL,
  `created_at` datetime NOT NULL,
  `target_id` int(11) NOT NULL,
  `target_type` varchar(255) COLLATE utf8_unicode_ci NOT NULL,
  `user_id` int(11) DEFAULT NULL,
  PRIMARY KEY (`id`),
  KEY `index_histories_on_target_type_and_target_id` (`target_type`,`target_id`),
  KEY `index_histories_on_type_const` (`type_const`),
  KEY `index_histories_on_user_id` (`user_id`),
  CONSTRAINT `histories_user_id_fk` FOREIGN KEY (`user_id`) REFERENCES `users` (`id`)
) ENGINE=InnoDB AUTO_INCREMENT=17 DEFAULT CHARSET=utf8 COLLATE=utf8_unicode_ci;
/*!40101 SET character_set_client = @saved_cs_client */;

--
-- Dumping data for table `histories`
--

LOCK TABLES `histories` WRITE;
/*!40000 ALTER TABLE `histories` DISABLE KEYS */;
INSERT INTO `histories` VALUES (1,'Contract 14 has been signed by Rhiannon Beatty',1,'2013-07-23 01:47:08',14,'Contract',18),(2,'Contract 15 has been signed by Kory Gulgowski',1,'2013-07-23 01:47:08',15,'Contract',18),(3,'Contract 16 has been signed by Aron Durgan',1,'2013-07-23 01:47:08',16,'Contract',18),(4,'Contract 17 has been signed by Cali Cole',1,'2013-07-18 00:00:00',17,'Contract',18),(5,'Contract 18 has been signed by Jane Abbott',1,'2013-07-23 01:47:08',18,'Contract',18),(6,'Contract 19 has been signed by Favian Howell',1,'2013-07-23 01:47:08',19,'Contract',18),(7,'Contract 22 has been signed by Quia tempora perferendis aut non debitis voluptate cumque asperiores.',1,'2013-07-23 01:47:08',22,'Contract',18),(8,'Contract 23 has been signed by Quia tempora perferendis aut non debitis voluptate cumque asperiores.',1,'2013-07-18 00:00:00',23,'Contract',18),(9,'Contract 35 has been signed by Normin N.',1,'2013-07-23 01:47:08',35,'Contract',18),(10,'Contract 36 has been signed by Normin N.',1,'2013-07-23 01:47:08',36,'Contract',18),(11,'Contract 37 has been signed by Normin N.',1,'2013-07-23 01:47:08',37,'Contract',18),(12,'Contract 38 has been signed by Normin N.',1,'2013-07-23 01:47:08',38,'Contract',18),(13,'Contract 39 has been signed by Normin N.',1,'2013-07-23 01:47:08',39,'Contract',18),(14,'Contract 40 has been signed by Normin N.',1,'2013-07-23 01:47:08',40,'Contract',18),(15,'Contract 44 has been signed by Petra K.',1,'2013-07-23 01:47:08',44,'Contract',18),(16,'Contract 48 has been signed by Lisa L.',1,'2013-07-18 00:00:00',48,'Contract',18);
/*!40000 ALTER TABLE `histories` ENABLE KEYS */;
UNLOCK TABLES;

--
-- Table structure for table `holidays`
--

DROP TABLE IF EXISTS `holidays`;
/*!40101 SET @saved_cs_client     = @@character_set_client */;
/*!40101 SET character_set_client = utf8 */;
CREATE TABLE `holidays` (
  `id` int(11) NOT NULL AUTO_INCREMENT,
  `inventory_pool_id` int(11) DEFAULT NULL,
  `start_date` date DEFAULT NULL,
  `end_date` date DEFAULT NULL,
  `name` varchar(255) COLLATE utf8_unicode_ci DEFAULT NULL,
  PRIMARY KEY (`id`),
  KEY `index_holidays_on_inventory_pool_id` (`inventory_pool_id`),
  KEY `index_holidays_on_start_date_and_end_date` (`start_date`,`end_date`),
  CONSTRAINT `holidays_inventory_pool_id_fk` FOREIGN KEY (`inventory_pool_id`) REFERENCES `inventory_pools` (`id`) ON DELETE CASCADE
) ENGINE=InnoDB AUTO_INCREMENT=9 DEFAULT CHARSET=utf8 COLLATE=utf8_unicode_ci;
/*!40101 SET character_set_client = @saved_cs_client */;

--
-- Dumping data for table `holidays`
--

LOCK TABLES `holidays` WRITE;
/*!40000 ALTER TABLE `holidays` DISABLE KEYS */;
INSERT INTO `holidays` VALUES (1,1,'2013-12-24','2013-12-26','Christmas'),(2,1,'2014-12-24','2014-12-26','Christmas'),(3,2,'2013-12-24','2013-12-26','Christmas'),(4,2,'2014-12-24','2014-12-26','Christmas'),(5,3,'2013-12-24','2013-12-26','Christmas'),(6,3,'2014-12-24','2014-12-26','Christmas'),(7,1,'2013-12-24','2013-12-26','Christmas'),(8,1,'2014-12-24','2014-12-26','Christmas');
/*!40000 ALTER TABLE `holidays` ENABLE KEYS */;
UNLOCK TABLES;

--
-- Table structure for table `images`
--

DROP TABLE IF EXISTS `images`;
/*!40101 SET @saved_cs_client     = @@character_set_client */;
/*!40101 SET character_set_client = utf8 */;
CREATE TABLE `images` (
  `id` int(11) NOT NULL AUTO_INCREMENT,
  `is_main` tinyint(1) DEFAULT '0',
  `content_type` varchar(255) COLLATE utf8_unicode_ci DEFAULT NULL,
  `filename` varchar(255) COLLATE utf8_unicode_ci DEFAULT NULL,
  `size` int(11) DEFAULT NULL,
  `height` int(11) DEFAULT NULL,
  `width` int(11) DEFAULT NULL,
  `parent_id` int(11) DEFAULT NULL,
  `thumbnail` varchar(255) COLLATE utf8_unicode_ci DEFAULT NULL,
  `target_id` int(11) DEFAULT NULL,
  `target_type` varchar(255) COLLATE utf8_unicode_ci DEFAULT NULL,
  PRIMARY KEY (`id`),
  KEY `index_images_on_target_id_and_target_type` (`target_id`,`target_type`)
) ENGINE=InnoDB AUTO_INCREMENT=5 DEFAULT CHARSET=utf8 COLLATE=utf8_unicode_ci;
/*!40101 SET character_set_client = @saved_cs_client */;

--
-- Dumping data for table `images`
--

LOCK TABLES `images` WRITE;
/*!40000 ALTER TABLE `images` DISABLE KEYS */;
INSERT INTO `images` VALUES (1,0,'image/jpeg','beatae',NULL,NULL,NULL,NULL,NULL,1,'ModelGroup'),(2,0,'image/jpeg','culpa',NULL,NULL,NULL,NULL,NULL,145,'Model'),(3,0,'image/jpeg','consectetur',NULL,NULL,NULL,NULL,NULL,145,'Model'),(4,0,'image/jpeg','quis',NULL,NULL,NULL,NULL,NULL,146,'Model');
/*!40000 ALTER TABLE `images` ENABLE KEYS */;
UNLOCK TABLES;

--
-- Table structure for table `inventory_pools`
--

DROP TABLE IF EXISTS `inventory_pools`;
/*!40101 SET @saved_cs_client     = @@character_set_client */;
/*!40101 SET character_set_client = utf8 */;
CREATE TABLE `inventory_pools` (
  `id` int(11) NOT NULL AUTO_INCREMENT,
  `name` varchar(255) COLLATE utf8_unicode_ci DEFAULT NULL,
  `description` text COLLATE utf8_unicode_ci,
  `contact_details` varchar(255) COLLATE utf8_unicode_ci DEFAULT NULL,
  `contract_description` varchar(255) COLLATE utf8_unicode_ci DEFAULT NULL,
  `contract_url` varchar(255) COLLATE utf8_unicode_ci DEFAULT NULL,
  `logo_url` varchar(255) COLLATE utf8_unicode_ci DEFAULT NULL,
  `default_contract_note` text COLLATE utf8_unicode_ci,
  `shortname` varchar(255) COLLATE utf8_unicode_ci DEFAULT NULL,
  `email` varchar(255) COLLATE utf8_unicode_ci DEFAULT NULL,
  `color` text COLLATE utf8_unicode_ci,
  `print_contracts` tinyint(1) DEFAULT '1',
  `opening_hours` text COLLATE utf8_unicode_ci,
  `address_id` int(11) DEFAULT NULL,
  `automatic_suspension` tinyint(1) NOT NULL DEFAULT '0',
  `automatic_suspension_reason` text COLLATE utf8_unicode_ci,
  `automatic_access` tinyint(1) DEFAULT NULL,
  PRIMARY KEY (`id`),
  UNIQUE KEY `index_inventory_pools_on_name` (`name`),
  KEY `inventory_pools_address_id_fk` (`address_id`),
  CONSTRAINT `inventory_pools_address_id_fk` FOREIGN KEY (`address_id`) REFERENCES `addresses` (`id`)
) ENGINE=InnoDB AUTO_INCREMENT=16 DEFAULT CHARSET=utf8 COLLATE=utf8_unicode_ci;
/*!40101 SET character_set_client = @saved_cs_client */;

--
-- Dumping data for table `inventory_pools`
--

LOCK TABLES `inventory_pools` WRITE;
/*!40000 ALTER TABLE `inventory_pools` DISABLE KEYS */;
INSERT INTO `inventory_pools` VALUES (1,'A-Ausleihe','Wichtige Hinweise...\n Bitte die Gegenstnde rechtzeitig zurckbringen','A Verleih  /  ZHdK\nav@zh-dk.ch\n+41 00 00 00 00','Gert erhalten','av@zhdk.ch',NULL,'Aliquam sint ex sint odio est nulla nobis.','A','av@zhdk.ch',NULL,1,NULL,NULL,1,'Ipsa perspiciatis quam in atque quod.',NULL),(2,'IT-Ausleihe','Bringt die Gerte bitte rechtzeitig zurck','IT Verleih  /  ZHdK\nav@zh-dk.ch\n+41 00 00 00 00','Gert erhalten','it@zhdk.ch',NULL,NULL,'IT','it@zhdk.ch',NULL,1,NULL,NULL,1,'Omnis eum illo quia magnam sequi a et quos.',NULL),(3,'AV-Technik','Bringt die Gerte bitte rechtzeitig zurck','AV Verleih  /  ZHdK\nav@zh-dk.ch\n+41 00 00 00 00','Gert erhalten','it@zhdk.ch',NULL,NULL,'AV','it@zhdk.ch',NULL,1,NULL,NULL,0,NULL,NULL),(4,'DT deletable','Bringt die Gerte bitte rechtzeitig zurck','AV Verleih  /  ZHdK\nav@zh-dk.ch\n+41 00 00 00 00','Gert erhalten','it@zhdk.ch',NULL,NULL,'DT','it@zhdk.ch',NULL,1,NULL,NULL,0,NULL,NULL),(5,'Uttemporeindoloremque','Praesentium ea optio quis ad hic distinctio quia quasi.','Ea ut doloribus aut quibusdam voluptate perspiciatis ipsa harum.','Uttemporeindoloremque','eusebio@jones.info',NULL,NULL,'RI6WQI','eusebio@jones.info',NULL,1,NULL,NULL,0,NULL,NULL),(6,'Officiafaceredoloresrerum','Consequatur nam incidunt in eos unde magnam.','Autem aut sequi voluptatibus delectus.','Officiafaceredoloresrerum','leonardo.bechtelar@kertzmann.name',NULL,NULL,'ZYA4V2','leonardo.bechtelar@kertzmann.name',NULL,1,NULL,NULL,0,NULL,NULL),(7,'Doloreseumfaceresequi','Necessitatibus quo accusantium error est quasi totam enim eum.','Harum delectus reiciendis tenetur porro temporibus ut veritatis aut.','Doloreseumfaceresequi','willis@vandervort.co.uk',NULL,NULL,'C5NXUC','willis@vandervort.co.uk',NULL,1,NULL,NULL,0,NULL,NULL),(8,'Exvoluptasmollitiarem','Autem eum sunt voluptas cupiditate ipsa est eius soluta.','Cum ut molestias est.','Exvoluptasmollitiarem','milan.hudson@weinat.com',NULL,NULL,'Y1ZIO9','milan.hudson@weinat.com',NULL,1,NULL,NULL,0,NULL,NULL),(9,'Harumquosintsaepe','Nostrum voluptas dolor molestias voluptatem recusandae minus dolor.','Ipsam in sed commodi omnis natus architecto.','Harumquosintsaepe','chaya_bashirian@thompson.biz',NULL,NULL,'YVKGI4','chaya_bashirian@thompson.biz',NULL,1,NULL,NULL,0,NULL,NULL),(10,'Porrosintveromagnam','Sit et velit ullam ipsa commodi eaque.','Reprehenderit est rem quas est dolor ipsum maxime dolorum.','Porrosintveromagnam','orville@kubcain.com',NULL,NULL,'JU6QKC','orville@kubcain.com',NULL,1,NULL,NULL,0,NULL,NULL),(11,'Idperspiciatisquiaut','Et vel at nihil nostrum.','Doloremque quo dolor corporis sit facilis consequatur ducimus maxime.','Idperspiciatisquiaut','vernon.bernhard@oreillynienow.info',NULL,NULL,'ESHNG1','vernon.bernhard@oreillynienow.info',NULL,1,NULL,NULL,0,NULL,NULL),(12,'Doloribuseaqueadasperiores','Quibusdam sit qui laborum consequatur natus qui sint blanditiis.','Quis dignissimos est nam reiciendis.','Doloribuseaqueadasperiores','reggie_gibson@haag.info',NULL,NULL,'B8WJPL','reggie_gibson@haag.info',NULL,1,NULL,NULL,0,NULL,NULL),(13,'Utnonoccaecaticupiditate','Aliquid repellendus doloribus perferendis et quis fugit.','Modi voluptas natus fugiat ut autem repellat explicabo non.','Utnonoccaecaticupiditate','carey@doyleparker.co.uk',NULL,NULL,'9W9UOB','carey@doyleparker.co.uk',NULL,1,NULL,NULL,0,NULL,NULL),(14,'Veronumquamevenietquia','Nulla nihil rerum enim non.','Eius laborum iure molestiae rerum ipsum ea ipsam.','Veronumquamevenietquia','vickie@dach.biz',NULL,NULL,'XK319B','vickie@dach.biz',NULL,1,NULL,NULL,0,NULL,NULL),(15,'Rationenecessitatibusquiaquis','Ut veritatis molestiae ea.','Voluptatem eum voluptatem sint recusandae placeat.','Rationenecessitatibusquiaquis','ludwig@deckow.info',NULL,NULL,'R698LY','ludwig@deckow.info',NULL,1,NULL,NULL,0,NULL,NULL);
/*!40000 ALTER TABLE `inventory_pools` ENABLE KEYS */;
UNLOCK TABLES;

--
-- Table structure for table `inventory_pools_model_groups`
--

DROP TABLE IF EXISTS `inventory_pools_model_groups`;
/*!40101 SET @saved_cs_client     = @@character_set_client */;
/*!40101 SET character_set_client = utf8 */;
CREATE TABLE `inventory_pools_model_groups` (
  `inventory_pool_id` int(11) DEFAULT NULL,
  `model_group_id` int(11) DEFAULT NULL,
  KEY `index_inventory_pools_model_groups_on_inventory_pool_id` (`inventory_pool_id`),
  KEY `index_inventory_pools_model_groups_on_model_group_id` (`model_group_id`),
  CONSTRAINT `inventory_pools_model_groups_model_group_id_fk` FOREIGN KEY (`model_group_id`) REFERENCES `model_groups` (`id`),
  CONSTRAINT `inventory_pools_model_groups_inventory_pool_id_fk` FOREIGN KEY (`inventory_pool_id`) REFERENCES `inventory_pools` (`id`)
) ENGINE=InnoDB DEFAULT CHARSET=utf8 COLLATE=utf8_unicode_ci;
/*!40101 SET character_set_client = @saved_cs_client */;

--
-- Dumping data for table `inventory_pools_model_groups`
--

LOCK TABLES `inventory_pools_model_groups` WRITE;
/*!40000 ALTER TABLE `inventory_pools_model_groups` DISABLE KEYS */;
INSERT INTO `inventory_pools_model_groups` VALUES (1,12),(1,13),(1,14);
/*!40000 ALTER TABLE `inventory_pools_model_groups` ENABLE KEYS */;
UNLOCK TABLES;

--
-- Table structure for table `items`
--

DROP TABLE IF EXISTS `items`;
/*!40101 SET @saved_cs_client     = @@character_set_client */;
/*!40101 SET character_set_client = utf8 */;
CREATE TABLE `items` (
  `id` int(11) NOT NULL AUTO_INCREMENT,
  `inventory_code` varchar(255) COLLATE utf8_unicode_ci DEFAULT NULL,
  `serial_number` varchar(255) COLLATE utf8_unicode_ci DEFAULT NULL,
  `model_id` int(11) DEFAULT NULL,
  `location_id` int(11) DEFAULT NULL,
  `supplier_id` int(11) DEFAULT NULL,
  `owner_id` int(11) NOT NULL,
  `parent_id` int(11) DEFAULT NULL,
  `invoice_number` varchar(255) COLLATE utf8_unicode_ci DEFAULT NULL,
  `invoice_date` date DEFAULT NULL,
  `last_check` date DEFAULT NULL,
  `retired` date DEFAULT NULL,
  `retired_reason` varchar(255) COLLATE utf8_unicode_ci DEFAULT NULL,
  `price` decimal(8,2) DEFAULT NULL,
  `is_broken` tinyint(1) DEFAULT '0',
  `is_incomplete` tinyint(1) DEFAULT '0',
  `is_borrowable` tinyint(1) DEFAULT '0',
  `needs_permission` tinyint(1) DEFAULT '0',
  `inventory_pool_id` int(11) NOT NULL,
  `is_inventory_relevant` tinyint(1) DEFAULT '0',
  `responsible` varchar(255) COLLATE utf8_unicode_ci DEFAULT NULL,
  `insurance_number` varchar(255) COLLATE utf8_unicode_ci DEFAULT NULL,
  `note` text COLLATE utf8_unicode_ci,
  `name` text COLLATE utf8_unicode_ci,
  `user_name` varchar(255) COLLATE utf8_unicode_ci DEFAULT NULL,
  `properties` varchar(2048) COLLATE utf8_unicode_ci DEFAULT NULL,
  `created_at` datetime DEFAULT NULL,
  `updated_at` datetime DEFAULT NULL,
  PRIMARY KEY (`id`),
  UNIQUE KEY `index_items_on_inventory_code` (`inventory_code`),
  KEY `index_items_on_inventory_pool_id` (`inventory_pool_id`),
  KEY `index_items_on_retired` (`retired`),
  KEY `index_items_on_is_borrowable` (`is_borrowable`),
  KEY `index_items_on_is_broken` (`is_broken`),
  KEY `index_items_on_is_incomplete` (`is_incomplete`),
  KEY `index_items_on_location_id` (`location_id`),
  KEY `index_items_on_owner_id` (`owner_id`),
  KEY `index_items_on_parent_id_and_retired` (`parent_id`,`retired`),
  KEY `index_items_on_model_id_and_retired_and_inventory_pool_id` (`model_id`,`retired`,`inventory_pool_id`),
  KEY `items_supplier_id_fk` (`supplier_id`),
  CONSTRAINT `items_supplier_id_fk` FOREIGN KEY (`supplier_id`) REFERENCES `suppliers` (`id`),
  CONSTRAINT `items_inventory_pool_id_fk` FOREIGN KEY (`inventory_pool_id`) REFERENCES `inventory_pools` (`id`),
  CONSTRAINT `items_location_id_fk` FOREIGN KEY (`location_id`) REFERENCES `locations` (`id`),
  CONSTRAINT `items_model_id_fk` FOREIGN KEY (`model_id`) REFERENCES `models` (`id`),
  CONSTRAINT `items_owner_id_fk` FOREIGN KEY (`owner_id`) REFERENCES `inventory_pools` (`id`),
  CONSTRAINT `items_parent_id_fk` FOREIGN KEY (`parent_id`) REFERENCES `items` (`id`) ON DELETE SET NULL
) ENGINE=InnoDB AUTO_INCREMENT=275 DEFAULT CHARSET=utf8 COLLATE=utf8_unicode_ci;
/*!40101 SET character_set_client = @saved_cs_client */;

--
-- Dumping data for table `items`
--

LOCK TABLES `items` WRITE;
/*!40000 ALTER TABLE `items` DISABLE KEYS */;
INSERT INTO `items` VALUES (1,'czwxaemra38478p9kpc21','e3:d0:fd:9e:85:da-08:ea:71:c7:8a:34-e1:02:fe:60:2d:92',1,1,1,6,NULL,NULL,'2010-11-29','2013-07-23',NULL,NULL,'930.00',0,0,1,0,5,1,NULL,NULL,NULL,NULL,NULL,'--- !ruby/hash:ActiveSupport::HashWithIndifferentAccess\nanschaffungskategorie: AV-Technik\nreference: invoice\numzug: zgeln\nankunftszustand: intakt\n','2013-07-23 01:47:08','2013-07-23 01:47:08'),(2,'ecyu5frnoo1jgyjpjk5n2','73:e1:ec:68:61:8b-4b:cc:bb:5e:a5:8a-fa:5a:61:35:73:f6',1,2,2,7,NULL,NULL,'2012-11-03','2013-07-23',NULL,NULL,'759.00',0,0,1,0,5,1,NULL,NULL,NULL,NULL,NULL,'--- !ruby/hash:ActiveSupport::HashWithIndifferentAccess\nanschaffungskategorie: AV-Technik\nreference: invoice\numzug: zgeln\nankunftszustand: intakt\n','2013-07-23 01:47:08','2013-07-23 01:47:08'),(3,'t8fd5wjkfqvfhv4x9eea3','af:cc:82:42:c6:ce-87:b9:05:b6:b5:f1-06:a7:f0:37:c0:9f',1,3,3,1,NULL,NULL,'2008-05-16','2013-07-23',NULL,NULL,'1138.00',0,0,1,0,5,1,NULL,NULL,NULL,NULL,NULL,'--- !ruby/hash:ActiveSupport::HashWithIndifferentAccess\nanschaffungskategorie: AV-Technik\nreference: invoice\numzug: zgeln\nankunftszustand: intakt\n','2013-07-23 01:47:08','2013-07-23 01:47:08'),(4,'smjgnwctfc81l1zzvslt4','5b:71:36:4d:33:d8-9b:c1:4e:c1:7b:53-cb:f6:33:3a:dd:b5',5,4,4,6,NULL,NULL,'2008-10-13','2013-07-23',NULL,NULL,'1495.00',0,0,1,0,5,1,NULL,NULL,NULL,NULL,NULL,'--- !ruby/hash:ActiveSupport::HashWithIndifferentAccess\nanschaffungskategorie: AV-Technik\nreference: invoice\numzug: zgeln\nankunftszustand: intakt\n','2013-07-23 01:47:08','2013-07-23 01:47:08'),(5,'r3rhw4hkb77orr2p2w0j5','ea:3a:01:3c:4c:50-4e:95:bc:dd:2f:15-90:d8:d0:af:13:5b',5,5,5,8,NULL,NULL,'2012-05-03','2013-07-23',NULL,NULL,'435.00',0,0,1,0,5,1,NULL,NULL,NULL,NULL,NULL,'--- !ruby/hash:ActiveSupport::HashWithIndifferentAccess\nanschaffungskategorie: AV-Technik\nreference: invoice\numzug: zgeln\nankunftszustand: intakt\n','2013-07-23 01:47:08','2013-07-23 01:47:08'),(6,'7tsglogxu73jlju7fp9l6','3f:00:b1:ef:40:65-d6:7c:75:02:f2:a0-70:ab:1e:fa:a6:2b',5,6,6,9,NULL,NULL,'2012-08-14','2013-07-23',NULL,NULL,'1436.00',0,0,1,0,5,1,NULL,NULL,NULL,NULL,NULL,'--- !ruby/hash:ActiveSupport::HashWithIndifferentAccess\nanschaffungskategorie: AV-Technik\nreference: invoice\numzug: zgeln\nankunftszustand: intakt\n','2013-07-23 01:47:08','2013-07-23 01:47:08'),(7,'w1yu62rumw6mkpewsi1y7','e0:7e:42:89:95:37-b5:88:9b:0f:af:fc-fa:01:cb:35:42:5c',9,7,7,8,NULL,NULL,'2008-06-28','2013-07-23',NULL,NULL,'1081.00',0,0,1,0,5,1,NULL,NULL,NULL,NULL,NULL,'--- !ruby/hash:ActiveSupport::HashWithIndifferentAccess\nanschaffungskategorie: AV-Technik\nreference: invoice\numzug: zgeln\nankunftszustand: intakt\n','2013-07-23 01:47:08','2013-07-23 01:47:08'),(8,'j7y0x1yqvy5juvpd92g38','97:5a:9d:25:57:77-5a:c7:72:4f:2d:0f-62:18:77:25:be:18',9,8,8,10,NULL,NULL,'2009-09-30','2013-07-23',NULL,NULL,'1465.00',0,0,1,0,5,1,NULL,NULL,NULL,NULL,NULL,'--- !ruby/hash:ActiveSupport::HashWithIndifferentAccess\nanschaffungskategorie: AV-Technik\nreference: invoice\numzug: zgeln\nankunftszustand: intakt\n','2013-07-23 01:47:08','2013-07-23 01:47:08'),(9,'gu6b9v25yzwdul6wyh8f9','b3:b3:f7:f2:ab:03-7c:80:69:93:7b:12-63:a7:3d:8c:77:6b',9,9,9,11,NULL,NULL,'2010-07-26','2013-07-23',NULL,NULL,'69.00',0,0,1,0,5,1,NULL,NULL,NULL,NULL,NULL,'--- !ruby/hash:ActiveSupport::HashWithIndifferentAccess\nanschaffungskategorie: AV-Technik\nreference: invoice\numzug: zgeln\nankunftszustand: intakt\n','2013-07-23 01:47:08','2013-07-23 01:47:08'),(10,'njeckwxrx1yd66v08ucf10','07:e4:de:bd:9f:fe-fa:a0:f9:5b:06:79-de:0f:11:54:0a:16',13,10,10,8,NULL,NULL,'2008-04-02','2013-07-23',NULL,NULL,'458.00',0,0,1,0,12,1,NULL,NULL,NULL,NULL,NULL,'--- !ruby/hash:ActiveSupport::HashWithIndifferentAccess\nanschaffungskategorie: AV-Technik\nreference: invoice\numzug: zgeln\nankunftszustand: intakt\n','2013-07-23 01:47:08','2013-07-23 01:47:08'),(11,'pame98r2mw8nghj3iu3a11','81:c0:2f:75:47:bd-60:be:01:08:5a:c5-2d:18:e1:0d:29:e3',13,11,11,2,NULL,NULL,'2012-11-16','2013-07-23',NULL,NULL,'1381.00',0,0,1,0,12,1,NULL,NULL,NULL,NULL,NULL,'--- !ruby/hash:ActiveSupport::HashWithIndifferentAccess\nanschaffungskategorie: AV-Technik\nreference: invoice\numzug: zgeln\nankunftszustand: intakt\n','2013-07-23 01:47:08','2013-07-23 01:47:08'),(12,'co37guprc7dm8ogyuzll12','01:00:67:02:6c:b3-54:87:2b:fc:98:a3-59:ff:85:19:46:73',13,12,12,9,NULL,NULL,'2009-08-05','2013-07-23',NULL,NULL,'1334.00',0,0,1,0,12,1,NULL,NULL,NULL,NULL,NULL,'--- !ruby/hash:ActiveSupport::HashWithIndifferentAccess\nanschaffungskategorie: AV-Technik\nreference: invoice\numzug: zgeln\nankunftszustand: intakt\n','2013-07-23 01:47:08','2013-07-23 01:47:08'),(13,'3ha37vdadzq3f03jcrjp13','e5:ea:49:d8:ef:d8-3e:e4:7f:d5:dc:b9-c7:ba:0a:ef:c4:b6',17,13,13,4,NULL,NULL,'2010-08-15','2013-07-23',NULL,NULL,'159.00',0,0,1,0,12,1,NULL,NULL,NULL,NULL,NULL,'--- !ruby/hash:ActiveSupport::HashWithIndifferentAccess\nanschaffungskategorie: AV-Technik\nreference: invoice\numzug: zgeln\nankunftszustand: intakt\n','2013-07-23 01:47:08','2013-07-23 01:47:08'),(14,'yyqgbsccc5d296t8d5qw14','b1:a7:79:0f:7a:96-04:7a:e7:84:64:b1-33:d3:14:f4:fa:37',17,14,14,6,NULL,NULL,'2010-03-24','2013-07-23',NULL,NULL,'801.00',0,0,1,0,12,1,NULL,NULL,NULL,NULL,NULL,'--- !ruby/hash:ActiveSupport::HashWithIndifferentAccess\nanschaffungskategorie: AV-Technik\nreference: invoice\numzug: zgeln\nankunftszustand: intakt\n','2013-07-23 01:47:08','2013-07-23 01:47:08'),(15,'hi8mscvtkn81z3t362mu15','57:80:16:5b:db:95-42:17:f5:84:40:5a-c8:03:10:d6:b1:9c',17,15,15,9,NULL,NULL,'2012-05-20','2013-07-23',NULL,NULL,'1488.00',0,0,1,0,12,1,NULL,NULL,NULL,NULL,NULL,'--- !ruby/hash:ActiveSupport::HashWithIndifferentAccess\nanschaffungskategorie: AV-Technik\nreference: invoice\numzug: zgeln\nankunftszustand: intakt\n','2013-07-23 01:47:08','2013-07-23 01:47:08'),(16,'1ek4apanugcdcvoigx5d16','ed:ee:22:c4:11:46-de:73:b7:44:fc:f2-aa:d6:53:05:94:21',21,16,16,8,NULL,NULL,'2008-04-13','2013-07-23',NULL,NULL,'143.00',0,0,1,0,12,1,NULL,NULL,NULL,NULL,NULL,'--- !ruby/hash:ActiveSupport::HashWithIndifferentAccess\nanschaffungskategorie: AV-Technik\nreference: invoice\numzug: zgeln\nankunftszustand: intakt\n','2013-07-23 01:47:08','2013-07-23 01:47:08'),(17,'lgpthokqvtjwi27hmtbz17','76:05:74:33:7c:55-d7:c6:8e:96:ff:4e-2f:ea:38:58:10:e8',21,17,17,7,NULL,NULL,'2010-12-23','2013-07-23',NULL,NULL,'516.00',0,0,1,0,12,1,NULL,NULL,NULL,NULL,NULL,'--- !ruby/hash:ActiveSupport::HashWithIndifferentAccess\nanschaffungskategorie: AV-Technik\nreference: invoice\numzug: zgeln\nankunftszustand: intakt\n','2013-07-23 01:47:08','2013-07-23 01:47:08'),(18,'pklwz9w7ujw8l4c96tzt18','00:f7:41:6f:f8:63-25:83:3a:39:a9:d2-6f:3d:88:1f:7b:11',21,18,18,11,NULL,NULL,'2010-02-09','2013-07-23',NULL,NULL,'433.00',0,0,1,0,12,1,NULL,NULL,NULL,NULL,NULL,'--- !ruby/hash:ActiveSupport::HashWithIndifferentAccess\nanschaffungskategorie: AV-Technik\nreference: invoice\numzug: zgeln\nankunftszustand: intakt\n','2013-07-23 01:47:08','2013-07-23 01:47:08'),(19,'6dtxh4ygln7x3xymp68g19','97:b7:0e:5b:c1:6a-88:ae:53:16:c1:f3-2f:3d:ab:40:1f:42',25,19,19,11,NULL,NULL,'2010-08-27','2013-07-23',NULL,NULL,'468.00',0,0,1,0,12,1,NULL,NULL,NULL,NULL,NULL,'--- !ruby/hash:ActiveSupport::HashWithIndifferentAccess\nanschaffungskategorie: AV-Technik\nreference: invoice\numzug: zgeln\nankunftszustand: intakt\n','2013-07-23 01:47:08','2013-07-23 01:47:08'),(20,'bugwa8wns16i0cw6xozq20','d6:92:79:1f:da:a3-0b:06:78:94:76:56-f6:aa:c9:e3:d2:9b',25,20,20,2,NULL,NULL,'2010-11-27','2013-07-23',NULL,NULL,'1073.00',0,0,1,0,12,1,NULL,NULL,NULL,NULL,NULL,'--- !ruby/hash:ActiveSupport::HashWithIndifferentAccess\nanschaffungskategorie: AV-Technik\nreference: invoice\numzug: zgeln\nankunftszustand: intakt\n','2013-07-23 01:47:08','2013-07-23 01:47:08'),(21,'d5azwl6yna2bvm9uxa4s21','3f:f5:2f:cf:85:c3-49:8a:c8:ca:53:de-12:cf:bd:3c:8a:36',25,21,21,10,NULL,NULL,'2012-02-08','2013-07-23',NULL,NULL,'434.00',0,0,1,0,12,1,NULL,NULL,NULL,NULL,NULL,'--- !ruby/hash:ActiveSupport::HashWithIndifferentAccess\nanschaffungskategorie: AV-Technik\nreference: invoice\numzug: zgeln\nankunftszustand: intakt\n','2013-07-23 01:47:08','2013-07-23 01:47:08'),(22,'6yue15wvzalk6xen5cal22','dd:70:05:7d:96:cf-e9:7e:50:b4:6a:59-af:6a:ec:23:34:fa',29,22,22,4,NULL,NULL,'2010-07-27','2013-07-23',NULL,NULL,'1497.00',0,0,1,0,1,1,NULL,NULL,NULL,NULL,NULL,'--- !ruby/hash:ActiveSupport::HashWithIndifferentAccess\nanschaffungskategorie: AV-Technik\nreference: invoice\numzug: zgeln\nankunftszustand: intakt\n','2013-07-23 01:47:08','2013-07-23 01:47:08'),(23,'t7xdz59ra330b1s32v2g23','c5:04:50:07:1b:78-93:09:6f:5b:29:e4-f7:42:66:f3:04:be',29,23,23,9,NULL,NULL,'2011-03-12','2013-07-23',NULL,NULL,'166.00',0,0,1,0,1,1,NULL,NULL,NULL,NULL,NULL,'--- !ruby/hash:ActiveSupport::HashWithIndifferentAccess\nanschaffungskategorie: AV-Technik\nreference: invoice\numzug: zgeln\nankunftszustand: intakt\n','2013-07-23 01:47:08','2013-07-23 01:47:08'),(24,'uhv48ufj2dg1b6ymztv224','f5:d3:ba:d1:84:59-84:4b:34:36:b9:c9-98:cc:ae:7e:7c:f6',29,24,24,11,NULL,NULL,'2008-12-22','2013-07-23',NULL,NULL,'112.00',0,0,1,0,1,1,NULL,NULL,NULL,NULL,NULL,'--- !ruby/hash:ActiveSupport::HashWithIndifferentAccess\nanschaffungskategorie: AV-Technik\nreference: invoice\numzug: zgeln\nankunftszustand: intakt\n','2013-07-23 01:47:08','2013-07-23 01:47:08'),(25,'us3zzdya9px7qci6i80225','a5:37:ed:9d:4f:53-a9:45:d4:5d:d6:ee-85:77:38:8c:bf:6b',33,25,25,11,NULL,NULL,'2008-11-06','2013-07-23',NULL,NULL,'193.00',0,0,1,0,1,1,NULL,NULL,NULL,NULL,NULL,'--- !ruby/hash:ActiveSupport::HashWithIndifferentAccess\nanschaffungskategorie: AV-Technik\nreference: invoice\numzug: zgeln\nankunftszustand: intakt\n','2013-07-23 01:47:08','2013-07-23 01:47:08'),(26,'z7bn4ckg5zo1xqt0l8zk26','27:f1:91:0d:e5:66-5c:43:e6:cf:06:c9-ea:d3:1c:17:eb:47',33,26,26,5,NULL,NULL,'2012-10-08','2013-07-23',NULL,NULL,'141.00',0,0,1,0,1,1,NULL,NULL,NULL,NULL,NULL,'--- !ruby/hash:ActiveSupport::HashWithIndifferentAccess\nanschaffungskategorie: AV-Technik\nreference: invoice\numzug: zgeln\nankunftszustand: intakt\n','2013-07-23 01:47:08','2013-07-23 01:47:08'),(27,'x5acc577fxopadb7dczk27','04:46:57:06:5c:a1-3e:4d:a2:2c:c7:80-8b:5d:6c:16:bb:07',33,27,27,5,NULL,NULL,'2012-08-30','2013-07-23',NULL,NULL,'637.00',0,0,1,0,1,1,NULL,NULL,NULL,NULL,NULL,'--- !ruby/hash:ActiveSupport::HashWithIndifferentAccess\nanschaffungskategorie: AV-Technik\nreference: invoice\numzug: zgeln\nankunftszustand: intakt\n','2013-07-23 01:47:08','2013-07-23 01:47:08'),(28,'vgy0jyhy4aqolz2pxc4428','9e:31:5f:0a:8b:dc-5f:13:78:05:76:12-a4:8d:28:79:f1:dd',37,28,28,3,NULL,NULL,'2010-03-16','2013-07-23',NULL,NULL,'588.00',0,0,1,0,1,1,NULL,NULL,NULL,NULL,NULL,'--- !ruby/hash:ActiveSupport::HashWithIndifferentAccess\nanschaffungskategorie: AV-Technik\nreference: invoice\numzug: zgeln\nankunftszustand: intakt\n','2013-07-23 01:47:08','2013-07-23 01:47:08'),(29,'b442pgxbyz5r4bvip0iq29','15:54:0e:a9:7e:92-37:b5:a6:e0:16:13-d3:8b:d6:1a:ba:53',37,29,29,3,NULL,NULL,'2008-10-15','2013-07-23',NULL,NULL,'535.00',0,0,1,0,1,1,NULL,NULL,NULL,NULL,NULL,'--- !ruby/hash:ActiveSupport::HashWithIndifferentAccess\nanschaffungskategorie: AV-Technik\nreference: invoice\numzug: zgeln\nankunftszustand: intakt\n','2013-07-23 01:47:08','2013-07-23 01:47:08'),(30,'5uckk7jzg9rscwofc8n930','53:39:11:e6:15:99-d0:0f:47:70:6f:06-36:1b:9b:98:7a:d4',37,30,30,1,NULL,NULL,'2011-01-02','2013-07-23',NULL,NULL,'1133.00',0,0,1,0,1,1,NULL,NULL,NULL,NULL,NULL,'--- !ruby/hash:ActiveSupport::HashWithIndifferentAccess\nanschaffungskategorie: AV-Technik\nreference: invoice\numzug: zgeln\nankunftszustand: intakt\n','2013-07-23 01:47:08','2013-07-23 01:47:08'),(31,'uk6hj11guzsaulgetxw231','f8:5e:0f:36:12:9a-d4:e1:01:6d:d3:24-79:cb:e9:2e:7f:ec',41,31,31,2,NULL,NULL,'2008-08-06','2013-07-23',NULL,NULL,'634.00',0,0,1,0,1,1,NULL,NULL,NULL,NULL,NULL,'--- !ruby/hash:ActiveSupport::HashWithIndifferentAccess\nanschaffungskategorie: AV-Technik\nreference: invoice\numzug: zgeln\nankunftszustand: intakt\n','2013-07-23 01:47:08','2013-07-23 01:47:08'),(32,'p7iixl1mwqipusgs3epq32','71:ca:bf:25:fb:3c-8c:24:80:a0:f7:8c-ec:52:ac:7d:4e:98',41,32,32,9,NULL,NULL,'2009-03-03','2013-07-23',NULL,NULL,'285.00',0,0,1,0,1,1,NULL,NULL,NULL,NULL,NULL,'--- !ruby/hash:ActiveSupport::HashWithIndifferentAccess\nanschaffungskategorie: AV-Technik\nreference: invoice\numzug: zgeln\nankunftszustand: intakt\n','2013-07-23 01:47:08','2013-07-23 01:47:08'),(33,'53x5bp4da0b2frmvjfij33','de:ef:c4:27:7a:ba-bb:87:40:0f:c4:b7-6e:05:17:58:48:e9',41,33,33,9,NULL,NULL,'2011-07-04','2013-07-23',NULL,NULL,'884.00',0,0,1,0,1,1,NULL,NULL,NULL,NULL,NULL,'--- !ruby/hash:ActiveSupport::HashWithIndifferentAccess\nanschaffungskategorie: AV-Technik\nreference: invoice\numzug: zgeln\nankunftszustand: intakt\n','2013-07-23 01:47:08','2013-07-23 01:47:08'),(34,'mjnou3r5nttb7e02905p34','b8:5b:63:fa:4b:11-23:25:2d:0f:b7:bc-ce:8f:08:ac:9c:f9',45,34,34,7,NULL,NULL,'2008-05-18','2013-07-23',NULL,NULL,'1405.00',0,0,1,0,1,1,NULL,NULL,NULL,NULL,NULL,'--- !ruby/hash:ActiveSupport::HashWithIndifferentAccess\nanschaffungskategorie: AV-Technik\nreference: invoice\numzug: zgeln\nankunftszustand: intakt\n','2013-07-23 01:47:08','2013-07-23 01:47:08'),(35,'txyu4dx0f36s30zm45w735','ef:bf:3e:5d:a0:71-1d:b9:9c:1b:36:44-8a:ef:38:28:af:83',45,35,35,7,NULL,NULL,'2010-04-29','2013-07-23',NULL,NULL,'965.00',0,0,1,0,1,1,NULL,NULL,NULL,NULL,NULL,'--- !ruby/hash:ActiveSupport::HashWithIndifferentAccess\nanschaffungskategorie: AV-Technik\nreference: invoice\numzug: zgeln\nankunftszustand: intakt\n','2013-07-23 01:47:08','2013-07-23 01:47:08'),(36,'5lwv8dqhf3k979m1be7836','ee:15:1c:6a:28:37-cb:fb:b6:f8:f6:9f-b3:d8:c1:2d:ca:f4',45,36,36,11,NULL,NULL,'2011-04-27','2013-07-23',NULL,NULL,'131.00',0,0,1,0,1,1,NULL,NULL,NULL,NULL,NULL,'--- !ruby/hash:ActiveSupport::HashWithIndifferentAccess\nanschaffungskategorie: AV-Technik\nreference: invoice\numzug: zgeln\nankunftszustand: intakt\n','2013-07-23 01:47:08','2013-07-23 01:47:08'),(37,'book1','book1',49,37,37,2,NULL,NULL,'2010-09-25','2013-07-23',NULL,NULL,'168.00',0,0,1,0,2,1,NULL,NULL,NULL,NULL,NULL,'--- !ruby/hash:ActiveSupport::HashWithIndifferentAccess\nanschaffungskategorie: AV-Technik\nreference: invoice\numzug: zgeln\nankunftszustand: intakt\n','2013-07-23 01:47:08','2013-07-23 01:47:08'),(38,'book2','book2',49,37,38,2,NULL,NULL,'2012-09-23','2013-07-23',NULL,NULL,'989.00',0,0,1,0,2,1,NULL,NULL,NULL,NULL,NULL,'--- !ruby/hash:ActiveSupport::HashWithIndifferentAccess\nanschaffungskategorie: AV-Technik\nreference: invoice\numzug: zgeln\nankunftszustand: intakt\n','2013-07-23 01:47:08','2013-07-23 01:47:08'),(39,'beam123','xyz456',50,38,39,1,NULL,NULL,'2010-06-12','2013-07-23',NULL,NULL,'1255.00',0,0,1,0,1,1,NULL,NULL,NULL,'name123',NULL,'--- !ruby/hash:ActiveSupport::HashWithIndifferentAccess\nanschaffungskategorie: AV-Technik\nreference: invoice\numzug: zgeln\nankunftszustand: intakt\n','2013-07-23 01:47:08','2013-07-23 01:47:08'),(40,'beam345','xyz890',50,38,40,1,NULL,NULL,'2008-12-30','2013-07-23',NULL,NULL,'254.00',0,0,1,0,1,1,NULL,NULL,NULL,NULL,NULL,'--- !ruby/hash:ActiveSupport::HashWithIndifferentAccess\nanschaffungskategorie: AV-Technik\nreference: invoice\numzug: zgeln\nankunftszustand: intakt\n','2013-07-23 01:47:08','2013-07-23 01:47:08'),(41,'beam678','xyz678',51,38,41,1,NULL,NULL,'2010-06-06','2013-07-23',NULL,NULL,'1343.00',0,0,1,0,1,1,NULL,NULL,NULL,NULL,NULL,'--- !ruby/hash:ActiveSupport::HashWithIndifferentAccess\nanschaffungskategorie: AV-Technik\nreference: invoice\numzug: zgeln\nankunftszustand: intakt\n','2013-07-23 01:47:08','2013-07-23 01:47:08'),(42,'beam749','xyz749',50,38,42,1,NULL,NULL,'2008-02-16','2013-07-23',NULL,NULL,'535.00',0,0,1,0,2,1,NULL,NULL,NULL,NULL,NULL,'--- !ruby/hash:ActiveSupport::HashWithIndifferentAccess\nanschaffungskategorie: AV-Technik\nreference: invoice\numzug: zgeln\nankunftszustand: intakt\n','2013-07-23 01:47:08','2013-07-23 01:47:08'),(43,'beamTest123','xyz749',53,38,43,1,NULL,NULL,'2011-12-16','2013-07-23',NULL,NULL,'650.00',0,0,1,0,1,1,NULL,NULL,NULL,NULL,NULL,'--- !ruby/hash:ActiveSupport::HashWithIndifferentAccess\nanschaffungskategorie: AV-Technik\nreference: invoice\numzug: zgeln\nankunftszustand: intakt\n','2013-07-23 01:47:08','2013-07-23 01:47:08'),(44,'ucbeam1','minbeam1',54,38,44,1,NULL,NULL,'2012-08-28','2013-07-23',NULL,NULL,'747.00',0,0,1,0,1,1,NULL,NULL,NULL,'ucbeam1',NULL,'--- !ruby/hash:ActiveSupport::HashWithIndifferentAccess\nanschaffungskategorie: AV-Technik\nreference: invoice\numzug: zgeln\nankunftszustand: intakt\n','2013-07-23 01:47:08','2013-07-23 01:47:08'),(45,'microbeam1','microbeam1',55,38,45,1,NULL,NULL,'2011-12-10','2013-07-23',NULL,NULL,'946.00',0,0,1,0,1,1,NULL,NULL,NULL,'microbeam1',NULL,'--- !ruby/hash:ActiveSupport::HashWithIndifferentAccess\nanschaffungskategorie: AV-Technik\nreference: invoice\numzug: zgeln\nankunftszustand: intakt\n','2013-07-23 01:47:08','2013-07-23 01:47:08'),(46,'mbeam1','mbeam1',56,38,46,1,NULL,NULL,'2009-01-27','2013-07-23',NULL,NULL,'925.00',0,0,1,0,1,1,NULL,NULL,NULL,'mbeam1',NULL,'--- !ruby/hash:ActiveSupport::HashWithIndifferentAccess\nanschaffungskategorie: AV-Technik\nreference: invoice\numzug: zgeln\nankunftszustand: intakt\n','2013-07-23 01:47:08','2013-07-23 01:47:08'),(47,'mbeam2','mbeam2',57,38,47,1,NULL,NULL,'2009-11-29','2013-07-23',NULL,NULL,'494.00',0,0,1,0,1,1,NULL,NULL,NULL,'mbeam2',NULL,'--- !ruby/hash:ActiveSupport::HashWithIndifferentAccess\nanschaffungskategorie: AV-Technik\nreference: invoice\numzug: zgeln\nankunftszustand: intakt\n','2013-07-23 01:47:08','2013-07-23 01:47:08'),(48,'mbeam3','mbeam3',58,38,48,1,NULL,NULL,'2010-04-21','2013-07-23',NULL,NULL,'360.00',0,0,1,0,1,1,NULL,NULL,NULL,'mbeam3',NULL,'--- !ruby/hash:ActiveSupport::HashWithIndifferentAccess\nanschaffungskategorie: AV-Technik\nreference: invoice\numzug: zgeln\nankunftszustand: intakt\n','2013-07-23 01:47:08','2013-07-23 01:47:08'),(49,'mbeam4','mbeam4',59,38,49,1,NULL,NULL,'2012-06-07','2013-07-23',NULL,NULL,'819.00',0,0,1,0,1,1,NULL,NULL,NULL,'mbeam4',NULL,'--- !ruby/hash:ActiveSupport::HashWithIndifferentAccess\nanschaffungskategorie: AV-Technik\nreference: invoice\numzug: zgeln\nankunftszustand: intakt\n','2013-07-23 01:47:08','2013-07-23 01:47:08'),(50,'mbeam5','mbeam5',60,38,50,1,NULL,NULL,'2009-09-03','2013-07-23',NULL,NULL,'193.00',0,0,1,0,1,1,NULL,NULL,NULL,'mbeam5',NULL,'--- !ruby/hash:ActiveSupport::HashWithIndifferentAccess\nanschaffungskategorie: AV-Technik\nreference: invoice\numzug: zgeln\nankunftszustand: intakt\n','2013-07-23 01:47:08','2013-07-23 01:47:08'),(51,'mbeam6','mbeam6',61,38,51,1,NULL,NULL,'2009-01-31','2013-07-23',NULL,NULL,'287.00',0,0,1,0,1,1,NULL,NULL,NULL,'mbeam6',NULL,'--- !ruby/hash:ActiveSupport::HashWithIndifferentAccess\nanschaffungskategorie: AV-Technik\nreference: invoice\numzug: zgeln\nankunftszustand: intakt\n','2013-07-23 01:47:08','2013-07-23 01:47:08'),(52,'mbeam7','mbeam7',62,38,52,1,NULL,NULL,'2011-05-13','2013-07-23',NULL,NULL,'1371.00',0,0,1,0,1,1,NULL,NULL,NULL,'mbeam7',NULL,'--- !ruby/hash:ActiveSupport::HashWithIndifferentAccess\nanschaffungskategorie: AV-Technik\nreference: invoice\numzug: zgeln\nankunftszustand: intakt\n','2013-07-23 01:47:08','2013-07-23 01:47:08'),(53,'mbeam8','mbeam8',63,38,53,1,NULL,NULL,'2008-11-07','2013-07-23',NULL,NULL,'484.00',0,0,1,0,1,1,NULL,NULL,NULL,'mbeam8',NULL,'--- !ruby/hash:ActiveSupport::HashWithIndifferentAccess\nanschaffungskategorie: AV-Technik\nreference: invoice\numzug: zgeln\nankunftszustand: intakt\n','2013-07-23 01:47:08','2013-07-23 01:47:08'),(54,'mbeam9','mbeam9',64,38,54,1,NULL,NULL,'2011-10-29','2013-07-23',NULL,NULL,'1089.00',0,0,1,0,1,1,NULL,NULL,NULL,'mbeam9',NULL,'--- !ruby/hash:ActiveSupport::HashWithIndifferentAccess\nanschaffungskategorie: AV-Technik\nreference: invoice\numzug: zgeln\nankunftszustand: intakt\n','2013-07-23 01:47:08','2013-07-23 01:47:08'),(55,'mbeam10','mbeam10',65,38,55,1,NULL,NULL,'2012-05-28','2013-07-23',NULL,NULL,'1159.00',0,0,1,0,1,1,NULL,NULL,NULL,'mbeam10',NULL,'--- !ruby/hash:ActiveSupport::HashWithIndifferentAccess\nanschaffungskategorie: AV-Technik\nreference: invoice\numzug: zgeln\nankunftszustand: intakt\n','2013-07-23 01:47:08','2013-07-23 01:47:08'),(56,'mbeam11','mbeam11',66,38,56,1,NULL,NULL,'2011-02-07','2013-07-23',NULL,NULL,'1303.00',0,0,1,0,1,1,NULL,NULL,NULL,'mbeam11',NULL,'--- !ruby/hash:ActiveSupport::HashWithIndifferentAccess\nanschaffungskategorie: AV-Technik\nreference: invoice\numzug: zgeln\nankunftszustand: intakt\n','2013-07-23 01:47:08','2013-07-23 01:47:08'),(57,'mbeam12','mbeam12',67,38,57,1,NULL,NULL,'2008-04-30','2013-07-23',NULL,NULL,'1226.00',0,0,1,0,1,1,NULL,NULL,NULL,'mbeam12',NULL,'--- !ruby/hash:ActiveSupport::HashWithIndifferentAccess\nanschaffungskategorie: AV-Technik\nreference: invoice\numzug: zgeln\nankunftszustand: intakt\n','2013-07-23 01:47:08','2013-07-23 01:47:08'),(58,'mbeam13','mbeam13',68,38,58,1,NULL,NULL,'2010-03-24','2013-07-23',NULL,NULL,'984.00',0,0,1,0,1,1,NULL,NULL,NULL,'mbeam13',NULL,'--- !ruby/hash:ActiveSupport::HashWithIndifferentAccess\nanschaffungskategorie: AV-Technik\nreference: invoice\numzug: zgeln\nankunftszustand: intakt\n','2013-07-23 01:47:08','2013-07-23 01:47:08'),(59,'mbeam14','mbeam14',69,38,59,1,NULL,NULL,'2011-07-22','2013-07-23',NULL,NULL,'246.00',0,0,1,0,1,1,NULL,NULL,NULL,'mbeam14',NULL,'--- !ruby/hash:ActiveSupport::HashWithIndifferentAccess\nanschaffungskategorie: AV-Technik\nreference: invoice\numzug: zgeln\nankunftszustand: intakt\n','2013-07-23 01:47:08','2013-07-23 01:47:08'),(60,'mbeam15','mbeam15',70,38,60,1,NULL,NULL,'2011-10-07','2013-07-23',NULL,NULL,'609.00',0,0,1,0,1,1,NULL,NULL,NULL,'mbeam15',NULL,'--- !ruby/hash:ActiveSupport::HashWithIndifferentAccess\nanschaffungskategorie: AV-Technik\nreference: invoice\numzug: zgeln\nankunftszustand: intakt\n','2013-07-23 01:47:08','2013-07-23 01:47:08'),(61,'mbeam16','mbeam16',71,38,61,1,NULL,NULL,'2008-07-02','2013-07-23',NULL,NULL,'241.00',0,0,1,0,1,1,NULL,NULL,NULL,'mbeam16',NULL,'--- !ruby/hash:ActiveSupport::HashWithIndifferentAccess\nanschaffungskategorie: AV-Technik\nreference: invoice\numzug: zgeln\nankunftszustand: intakt\n','2013-07-23 01:47:08','2013-07-23 01:47:08'),(62,'mbeam17','mbeam17',72,38,62,1,NULL,NULL,'2009-07-20','2013-07-23',NULL,NULL,'110.00',0,0,1,0,1,1,NULL,NULL,NULL,'mbeam17',NULL,'--- !ruby/hash:ActiveSupport::HashWithIndifferentAccess\nanschaffungskategorie: AV-Technik\nreference: invoice\numzug: zgeln\nankunftszustand: intakt\n','2013-07-23 01:47:08','2013-07-23 01:47:08'),(63,'mbeam18','mbeam18',73,38,63,1,NULL,NULL,'2008-03-28','2013-07-23',NULL,NULL,'159.00',0,0,1,0,1,1,NULL,NULL,NULL,'mbeam18',NULL,'--- !ruby/hash:ActiveSupport::HashWithIndifferentAccess\nanschaffungskategorie: AV-Technik\nreference: invoice\numzug: zgeln\nankunftszustand: intakt\n','2013-07-23 01:47:08','2013-07-23 01:47:08'),(64,'mbeam19','mbeam19',74,38,64,1,NULL,NULL,'2012-12-12','2013-07-23',NULL,NULL,'508.00',0,0,1,0,1,1,NULL,NULL,NULL,'mbeam19',NULL,'--- !ruby/hash:ActiveSupport::HashWithIndifferentAccess\nanschaffungskategorie: AV-Technik\nreference: invoice\numzug: zgeln\nankunftszustand: intakt\n','2013-07-23 01:47:08','2013-07-23 01:47:08'),(65,'mbeam20','mbeam20',75,38,65,1,NULL,NULL,'2009-12-18','2013-07-23',NULL,NULL,'340.00',0,0,1,0,1,1,NULL,NULL,NULL,'mbeam20',NULL,'--- !ruby/hash:ActiveSupport::HashWithIndifferentAccess\nanschaffungskategorie: AV-Technik\nreference: invoice\numzug: zgeln\nankunftszustand: intakt\n','2013-07-23 01:47:08','2013-07-23 01:47:08'),(66,'cam123','abc234',76,38,66,1,NULL,NULL,'2008-09-19','2013-07-23',NULL,NULL,'148.00',0,0,1,0,1,1,NULL,NULL,NULL,NULL,NULL,'--- !ruby/hash:ActiveSupport::HashWithIndifferentAccess\nanschaffungskategorie: AV-Technik\nreference: invoice\numzug: zgeln\nankunftszustand: intakt\n','2013-07-23 01:47:08','2013-07-23 01:47:08'),(67,'cam345','ab567',76,38,67,1,NULL,NULL,'2009-01-13','2013-07-23',NULL,NULL,'40.00',0,0,1,0,1,1,NULL,NULL,NULL,NULL,NULL,'--- !ruby/hash:ActiveSupport::HashWithIndifferentAccess\nanschaffungskategorie: AV-Technik\nreference: invoice\numzug: zgeln\nankunftszustand: intakt\n','2013-07-23 01:47:08','2013-07-23 01:47:08'),(68,'cam567','ab789',76,38,68,1,NULL,NULL,'2012-03-11','2013-07-23',NULL,NULL,'800.00',0,0,1,0,1,1,NULL,NULL,NULL,NULL,NULL,'--- !ruby/hash:ActiveSupport::HashWithIndifferentAccess\nanschaffungskategorie: AV-Technik\nreference: invoice\numzug: zgeln\nankunftszustand: intakt\n','2013-07-23 01:47:08','2013-07-23 01:47:08'),(69,'cam53267','ab782129',76,38,69,1,NULL,NULL,'2008-12-07','2013-07-23',NULL,NULL,'733.00',0,0,1,0,1,1,NULL,NULL,NULL,NULL,NULL,'--- !ruby/hash:ActiveSupport::HashWithIndifferentAccess\nanschaffungskategorie: AV-Technik\nreference: invoice\numzug: zgeln\nankunftszustand: intakt\n','2013-07-23 01:47:08','2013-07-23 01:47:08'),(70,'cam532asd67','ab78as2129',76,38,70,1,NULL,NULL,'2010-01-06','2013-07-23',NULL,NULL,'858.00',0,0,1,0,1,1,NULL,NULL,NULL,NULL,NULL,'--- !ruby/hash:ActiveSupport::HashWithIndifferentAccess\nanschaffungskategorie: AV-Technik\nreference: invoice\numzug: zgeln\nankunftszustand: intakt\n','2013-07-23 01:47:08','2013-07-23 01:47:08'),(71,'mcam1','mcam1',77,38,71,1,NULL,NULL,'2010-09-06','2013-07-23',NULL,NULL,'378.00',0,0,1,0,1,1,NULL,NULL,NULL,'mcam1',NULL,'--- !ruby/hash:ActiveSupport::HashWithIndifferentAccess\nanschaffungskategorie: AV-Technik\nreference: invoice\numzug: zgeln\nankunftszustand: intakt\n','2013-07-23 01:47:08','2013-07-23 01:47:08'),(72,'mcam2','mcam2',78,38,72,1,NULL,NULL,'2009-09-26','2013-07-23',NULL,NULL,'1135.00',0,0,1,0,1,1,NULL,NULL,NULL,'mcam2',NULL,'--- !ruby/hash:ActiveSupport::HashWithIndifferentAccess\nanschaffungskategorie: AV-Technik\nreference: invoice\numzug: zgeln\nankunftszustand: intakt\n','2013-07-23 01:47:08','2013-07-23 01:47:08'),(73,'mcam3','mcam3',79,38,73,1,NULL,NULL,'2011-09-30','2013-07-23',NULL,NULL,'1410.00',0,0,1,0,1,1,NULL,NULL,NULL,'mcam3',NULL,'--- !ruby/hash:ActiveSupport::HashWithIndifferentAccess\nanschaffungskategorie: AV-Technik\nreference: invoice\numzug: zgeln\nankunftszustand: intakt\n','2013-07-23 01:47:08','2013-07-23 01:47:08'),(74,'mcam4','mcam4',80,38,74,1,NULL,NULL,'2008-08-23','2013-07-23',NULL,NULL,'1171.00',0,0,1,0,1,1,NULL,NULL,NULL,'mcam4',NULL,'--- !ruby/hash:ActiveSupport::HashWithIndifferentAccess\nanschaffungskategorie: AV-Technik\nreference: invoice\numzug: zgeln\nankunftszustand: intakt\n','2013-07-23 01:47:08','2013-07-23 01:47:08'),(75,'mcam5','mcam5',81,38,75,1,NULL,NULL,'2012-09-03','2013-07-23',NULL,NULL,'617.00',0,0,1,0,1,1,NULL,NULL,NULL,'mcam5',NULL,'--- !ruby/hash:ActiveSupport::HashWithIndifferentAccess\nanschaffungskategorie: AV-Technik\nreference: invoice\numzug: zgeln\nankunftszustand: intakt\n','2013-07-23 01:47:08','2013-07-23 01:47:08'),(76,'mcam6','mcam6',82,38,76,1,NULL,NULL,'2010-05-23','2013-07-23',NULL,NULL,'1212.00',0,0,1,0,1,1,NULL,NULL,NULL,'mcam6',NULL,'--- !ruby/hash:ActiveSupport::HashWithIndifferentAccess\nanschaffungskategorie: AV-Technik\nreference: invoice\numzug: zgeln\nankunftszustand: intakt\n','2013-07-23 01:47:08','2013-07-23 01:47:08'),(77,'mcam7','mcam7',83,38,77,1,NULL,NULL,'2008-11-26','2013-07-23',NULL,NULL,'743.00',0,0,1,0,1,1,NULL,NULL,NULL,'mcam7',NULL,'--- !ruby/hash:ActiveSupport::HashWithIndifferentAccess\nanschaffungskategorie: AV-Technik\nreference: invoice\numzug: zgeln\nankunftszustand: intakt\n','2013-07-23 01:47:08','2013-07-23 01:47:08'),(78,'mcam8','mcam8',84,38,78,1,NULL,NULL,'2010-02-18','2013-07-23',NULL,NULL,'177.00',0,0,1,0,1,1,NULL,NULL,NULL,'mcam8',NULL,'--- !ruby/hash:ActiveSupport::HashWithIndifferentAccess\nanschaffungskategorie: AV-Technik\nreference: invoice\numzug: zgeln\nankunftszustand: intakt\n','2013-07-23 01:47:08','2013-07-23 01:47:08'),(79,'mcam9','mcam9',85,38,79,1,NULL,NULL,'2012-01-06','2013-07-23',NULL,NULL,'600.00',0,0,1,0,1,1,NULL,NULL,NULL,'mcam9',NULL,'--- !ruby/hash:ActiveSupport::HashWithIndifferentAccess\nanschaffungskategorie: AV-Technik\nreference: invoice\numzug: zgeln\nankunftszustand: intakt\n','2013-07-23 01:47:08','2013-07-23 01:47:08'),(80,'mcam10','mcam10',86,38,80,1,NULL,NULL,'2010-09-10','2013-07-23',NULL,NULL,'782.00',0,0,1,0,1,1,NULL,NULL,NULL,'mcam10',NULL,'--- !ruby/hash:ActiveSupport::HashWithIndifferentAccess\nanschaffungskategorie: AV-Technik\nreference: invoice\numzug: zgeln\nankunftszustand: intakt\n','2013-07-23 01:47:08','2013-07-23 01:47:08'),(81,'mcam11','mcam11',87,38,81,1,NULL,NULL,'2010-12-09','2013-07-23',NULL,NULL,'452.00',0,0,1,0,1,1,NULL,NULL,NULL,'mcam11',NULL,'--- !ruby/hash:ActiveSupport::HashWithIndifferentAccess\nanschaffungskategorie: AV-Technik\nreference: invoice\numzug: zgeln\nankunftszustand: intakt\n','2013-07-23 01:47:08','2013-07-23 01:47:08'),(82,'mcam12','mcam12',88,38,82,1,NULL,NULL,'2012-05-18','2013-07-23',NULL,NULL,'434.00',0,0,1,0,1,1,NULL,NULL,NULL,'mcam12',NULL,'--- !ruby/hash:ActiveSupport::HashWithIndifferentAccess\nanschaffungskategorie: AV-Technik\nreference: invoice\numzug: zgeln\nankunftszustand: intakt\n','2013-07-23 01:47:08','2013-07-23 01:47:08'),(83,'mcam13','mcam13',89,38,83,1,NULL,NULL,'2010-11-14','2013-07-23',NULL,NULL,'758.00',0,0,1,0,1,1,NULL,NULL,NULL,'mcam13',NULL,'--- !ruby/hash:ActiveSupport::HashWithIndifferentAccess\nanschaffungskategorie: AV-Technik\nreference: invoice\numzug: zgeln\nankunftszustand: intakt\n','2013-07-23 01:47:08','2013-07-23 01:47:08'),(84,'mcam14','mcam14',90,38,84,1,NULL,NULL,'2010-12-02','2013-07-23',NULL,NULL,'791.00',0,0,1,0,1,1,NULL,NULL,NULL,'mcam14',NULL,'--- !ruby/hash:ActiveSupport::HashWithIndifferentAccess\nanschaffungskategorie: AV-Technik\nreference: invoice\numzug: zgeln\nankunftszustand: intakt\n','2013-07-23 01:47:08','2013-07-23 01:47:08'),(85,'mcam15','mcam15',91,38,85,1,NULL,NULL,'2008-07-19','2013-07-23',NULL,NULL,'991.00',0,0,1,0,1,1,NULL,NULL,NULL,'mcam15',NULL,'--- !ruby/hash:ActiveSupport::HashWithIndifferentAccess\nanschaffungskategorie: AV-Technik\nreference: invoice\numzug: zgeln\nankunftszustand: intakt\n','2013-07-23 01:47:08','2013-07-23 01:47:08'),(86,'mcam16','mcam16',92,38,86,1,NULL,NULL,'2009-03-09','2013-07-23',NULL,NULL,'1108.00',0,0,1,0,1,1,NULL,NULL,NULL,'mcam16',NULL,'--- !ruby/hash:ActiveSupport::HashWithIndifferentAccess\nanschaffungskategorie: AV-Technik\nreference: invoice\numzug: zgeln\nankunftszustand: intakt\n','2013-07-23 01:47:08','2013-07-23 01:47:08'),(87,'mcam17','mcam17',93,38,87,1,NULL,NULL,'2010-11-28','2013-07-23',NULL,NULL,'647.00',0,0,1,0,1,1,NULL,NULL,NULL,'mcam17',NULL,'--- !ruby/hash:ActiveSupport::HashWithIndifferentAccess\nanschaffungskategorie: AV-Technik\nreference: invoice\numzug: zgeln\nankunftszustand: intakt\n','2013-07-23 01:47:08','2013-07-23 01:47:08'),(88,'mcam18','mcam18',94,38,88,1,NULL,NULL,'2010-05-01','2013-07-23',NULL,NULL,'385.00',0,0,1,0,1,1,NULL,NULL,NULL,'mcam18',NULL,'--- !ruby/hash:ActiveSupport::HashWithIndifferentAccess\nanschaffungskategorie: AV-Technik\nreference: invoice\numzug: zgeln\nankunftszustand: intakt\n','2013-07-23 01:47:08','2013-07-23 01:47:08'),(89,'mcam19','mcam19',95,38,89,1,NULL,NULL,'2009-04-25','2013-07-23',NULL,NULL,'734.00',0,0,1,0,1,1,NULL,NULL,NULL,'mcam19',NULL,'--- !ruby/hash:ActiveSupport::HashWithIndifferentAccess\nanschaffungskategorie: AV-Technik\nreference: invoice\numzug: zgeln\nankunftszustand: intakt\n','2013-07-23 01:47:08','2013-07-23 01:47:08'),(90,'mcam20','mcam20',96,38,90,1,NULL,NULL,'2010-02-04','2013-07-23',NULL,NULL,'581.00',0,0,1,0,1,1,NULL,NULL,NULL,'mcam20',NULL,'--- !ruby/hash:ActiveSupport::HashWithIndifferentAccess\nanschaffungskategorie: AV-Technik\nreference: invoice\numzug: zgeln\nankunftszustand: intakt\n','2013-07-23 01:47:08','2013-07-23 01:47:08'),(91,'mcam21','mcam21',97,38,91,1,NULL,NULL,'2012-01-22','2013-07-23',NULL,NULL,'818.00',0,0,1,0,1,1,NULL,NULL,NULL,'mcam21',NULL,'--- !ruby/hash:ActiveSupport::HashWithIndifferentAccess\nanschaffungskategorie: AV-Technik\nreference: invoice\numzug: zgeln\nankunftszustand: intakt\n','2013-07-23 01:47:08','2013-07-23 01:47:08'),(92,'mcam22','mcam22',98,38,92,1,NULL,NULL,'2012-08-12','2013-07-23',NULL,NULL,'898.00',0,0,1,0,1,1,NULL,NULL,NULL,'mcam22',NULL,'--- !ruby/hash:ActiveSupport::HashWithIndifferentAccess\nanschaffungskategorie: AV-Technik\nreference: invoice\numzug: zgeln\nankunftszustand: intakt\n','2013-07-23 01:47:08','2013-07-23 01:47:08'),(93,'mcam23','mcam23',99,38,93,1,NULL,NULL,'2012-08-26','2013-07-23',NULL,NULL,'1400.00',0,0,1,0,1,1,NULL,NULL,NULL,'mcam23',NULL,'--- !ruby/hash:ActiveSupport::HashWithIndifferentAccess\nanschaffungskategorie: AV-Technik\nreference: invoice\numzug: zgeln\nankunftszustand: intakt\n','2013-07-23 01:47:08','2013-07-23 01:47:08'),(94,'mcam24','mcam24',100,38,94,1,NULL,NULL,'2010-11-17','2013-07-23',NULL,NULL,'878.00',0,0,1,0,1,1,NULL,NULL,NULL,'mcam24',NULL,'--- !ruby/hash:ActiveSupport::HashWithIndifferentAccess\nanschaffungskategorie: AV-Technik\nreference: invoice\numzug: zgeln\nankunftszustand: intakt\n','2013-07-23 01:47:08','2013-07-23 01:47:08'),(95,'mcam25','mcam25',101,38,95,1,NULL,NULL,'2012-06-26','2013-07-23',NULL,NULL,'747.00',0,0,1,0,1,1,NULL,NULL,NULL,'mcam25',NULL,'--- !ruby/hash:ActiveSupport::HashWithIndifferentAccess\nanschaffungskategorie: AV-Technik\nreference: invoice\numzug: zgeln\nankunftszustand: intakt\n','2013-07-23 01:47:08','2013-07-23 01:47:08'),(96,'mcam26','mcam26',102,38,96,1,NULL,NULL,'2012-02-26','2013-07-23',NULL,NULL,'535.00',0,0,1,0,1,1,NULL,NULL,NULL,'mcam26',NULL,'--- !ruby/hash:ActiveSupport::HashWithIndifferentAccess\nanschaffungskategorie: AV-Technik\nreference: invoice\numzug: zgeln\nankunftszustand: intakt\n','2013-07-23 01:47:08','2013-07-23 01:47:08'),(97,'mcam27','mcam27',103,38,97,1,NULL,NULL,'2011-10-21','2013-07-23',NULL,NULL,'727.00',0,0,1,0,1,1,NULL,NULL,NULL,'mcam27',NULL,'--- !ruby/hash:ActiveSupport::HashWithIndifferentAccess\nanschaffungskategorie: AV-Technik\nreference: invoice\numzug: zgeln\nankunftszustand: intakt\n','2013-07-23 01:47:08','2013-07-23 01:47:08'),(98,'mcam28','mcam28',104,38,98,1,NULL,NULL,'2008-01-15','2013-07-23',NULL,NULL,'655.00',0,0,1,0,1,1,NULL,NULL,NULL,'mcam28',NULL,'--- !ruby/hash:ActiveSupport::HashWithIndifferentAccess\nanschaffungskategorie: AV-Technik\nreference: invoice\numzug: zgeln\nankunftszustand: intakt\n','2013-07-23 01:47:08','2013-07-23 01:47:08'),(99,'mcam29','mcam29',105,38,99,1,NULL,NULL,'2008-05-02','2013-07-23',NULL,NULL,'1055.00',0,0,1,0,1,1,NULL,NULL,NULL,'mcam29',NULL,'--- !ruby/hash:ActiveSupport::HashWithIndifferentAccess\nanschaffungskategorie: AV-Technik\nreference: invoice\numzug: zgeln\nankunftszustand: intakt\n','2013-07-23 01:47:08','2013-07-23 01:47:08'),(100,'mcam30','mcam30',106,38,100,1,NULL,NULL,'2008-04-07','2013-07-23',NULL,NULL,'740.00',0,0,1,0,1,1,NULL,NULL,NULL,'mcam30',NULL,'--- !ruby/hash:ActiveSupport::HashWithIndifferentAccess\nanschaffungskategorie: AV-Technik\nreference: invoice\numzug: zgeln\nankunftszustand: intakt\n','2013-07-23 01:47:08','2013-07-23 01:47:08'),(101,'hifi123','hifi123',107,38,101,1,NULL,NULL,'2010-10-22','2013-07-23',NULL,NULL,'417.00',0,0,1,0,1,1,NULL,NULL,NULL,NULL,NULL,'--- !ruby/hash:ActiveSupport::HashWithIndifferentAccess\nanschaffungskategorie: AV-Technik\nreference: invoice\numzug: zgeln\nankunftszustand: intakt\n','2013-07-23 01:47:08','2013-07-23 01:47:08'),(102,'tri789','fgh567',108,38,102,1,NULL,NULL,'2012-04-17','2013-07-23',NULL,NULL,'879.00',0,0,1,0,1,1,NULL,NULL,NULL,NULL,NULL,'--- !ruby/hash:ActiveSupport::HashWithIndifferentAccess\nanschaffungskategorie: AV-Technik\nreference: invoice\numzug: zgeln\nankunftszustand: intakt\n','2013-07-23 01:47:08','2013-07-23 01:47:08'),(103,'tri123','fgh987',108,38,103,1,NULL,NULL,'2011-07-30','2013-07-23',NULL,NULL,'336.00',0,0,1,0,1,1,NULL,NULL,NULL,NULL,NULL,'--- !ruby/hash:ActiveSupport::HashWithIndifferentAccess\nanschaffungskategorie: AV-Technik\nreference: invoice\numzug: zgeln\nankunftszustand: intakt\n','2013-07-23 01:47:08','2013-07-23 01:47:08'),(104,'tri923','asd213',108,38,104,1,NULL,NULL,'2009-04-26','2013-07-23',NULL,NULL,'1028.00',0,0,1,0,1,1,NULL,NULL,NULL,NULL,NULL,'--- !ruby/hash:ActiveSupport::HashWithIndifferentAccess\nanschaffungskategorie: AV-Technik\nreference: invoice\numzug: zgeln\nankunftszustand: intakt\n','2013-07-23 01:47:08','2013-07-23 01:47:08'),(105,'tri212','tri212',108,38,105,1,NULL,NULL,'2010-03-29','2013-07-23',NULL,NULL,'517.00',0,0,1,0,1,1,NULL,NULL,NULL,NULL,NULL,'--- !ruby/hash:ActiveSupport::HashWithIndifferentAccess\nanschaffungskategorie: AV-Technik\nreference: invoice\numzug: zgeln\nankunftszustand: intakt\n','2013-07-23 01:47:08','2013-07-23 01:47:08'),(106,'xwsmvs','ex6sra',110,38,106,1,NULL,NULL,'2008-11-30','2013-07-23',NULL,NULL,'198.00',0,0,1,0,1,1,NULL,NULL,NULL,NULL,NULL,'--- !ruby/hash:ActiveSupport::HashWithIndifferentAccess\nanschaffungskategorie: AV-Technik\nreference: invoice\numzug: zgeln\nankunftszustand: intakt\n','2013-07-23 01:47:08','2013-07-23 01:47:08'),(107,'v85ibm0wzywd1debkts437','84:7b:2b:79:26:0d-6d:b0:a0:a6:a2:26-8e:11:de:50:21:fd',111,39,107,1,NULL,NULL,'2010-02-14','2013-07-23',NULL,NULL,'99.00',0,0,1,0,1,1,NULL,NULL,NULL,NULL,NULL,'--- !ruby/hash:ActiveSupport::HashWithIndifferentAccess\nanschaffungskategorie: AV-Technik\nreference: invoice\numzug: zgeln\nankunftszustand: intakt\n','2013-07-23 01:47:08','2013-07-23 01:47:08'),(108,'orcofpeduyk40j2nyv9e38','0a:23:ad:72:98:9e-93:3d:99:30:84:63-af:fc:87:07:33:e8',113,39,108,1,107,NULL,'2009-03-22','2013-07-23',NULL,NULL,'1482.00',0,0,1,0,1,1,NULL,NULL,NULL,NULL,NULL,'--- !ruby/hash:ActiveSupport::HashWithIndifferentAccess\nanschaffungskategorie: AV-Technik\nreference: invoice\numzug: zgeln\nankunftszustand: intakt\n','2013-07-23 01:47:08','2013-07-23 01:47:08'),(109,'slt0r7bhz6nhqdvr5ua439','ae:da:96:d4:e3:41-00:d1:2e:f3:45:17-5f:2f:1c:0a:0b:73',114,39,109,1,107,NULL,'2012-02-07','2013-07-23',NULL,NULL,'997.00',0,0,1,0,1,1,NULL,NULL,NULL,NULL,NULL,'--- !ruby/hash:ActiveSupport::HashWithIndifferentAccess\nanschaffungskategorie: AV-Technik\nreference: invoice\numzug: zgeln\nankunftszustand: intakt\n','2013-07-23 01:47:08','2013-07-23 01:47:08'),(110,'kib4pd1buh0srijxw2re40','1e:3e:3b:45:c1:8c-fb:15:3a:b6:93:c0-0b:9e:fb:da:ab:f0',115,39,110,1,107,NULL,'2011-12-31','2013-07-23',NULL,NULL,'392.00',0,0,1,0,1,1,NULL,NULL,NULL,NULL,NULL,'--- !ruby/hash:ActiveSupport::HashWithIndifferentAccess\nanschaffungskategorie: AV-Technik\nreference: invoice\numzug: zgeln\nankunftszustand: intakt\n','2013-07-23 01:47:08','2013-07-23 01:47:08'),(111,'r435515ovvjrchdshnbx41','5b:0a:79:5a:42:77-f3:28:1a:56:63:7a-a2:17:9b:3a:c4:d5',111,43,111,1,NULL,NULL,'2012-05-18','2013-07-23',NULL,NULL,'1071.00',0,0,1,0,1,1,NULL,NULL,NULL,NULL,NULL,'--- !ruby/hash:ActiveSupport::HashWithIndifferentAccess\nanschaffungskategorie: AV-Technik\nreference: invoice\numzug: zgeln\nankunftszustand: intakt\n','2013-07-23 01:47:08','2013-07-23 01:47:08'),(112,'cnfsdebjjhldb34h7kx342','35:c0:d2:9e:14:c5-a1:5f:09:29:16:41-24:24:c7:e1:d1:72',117,43,112,1,111,NULL,'2010-02-04','2013-07-23',NULL,NULL,'1311.00',0,0,1,0,1,1,NULL,NULL,NULL,NULL,NULL,'--- !ruby/hash:ActiveSupport::HashWithIndifferentAccess\nanschaffungskategorie: AV-Technik\nreference: invoice\numzug: zgeln\nankunftszustand: intakt\n','2013-07-23 01:47:08','2013-07-23 01:47:08'),(113,'vm86693ef8pmd67iynd643','b0:7b:90:6f:f8:cd-90:df:b7:8c:62:a7-bf:4c:a7:69:9e:fb',118,43,113,1,111,NULL,'2009-07-22','2013-07-23',NULL,NULL,'1442.00',0,0,1,0,1,1,NULL,NULL,NULL,NULL,NULL,'--- !ruby/hash:ActiveSupport::HashWithIndifferentAccess\nanschaffungskategorie: AV-Technik\nreference: invoice\numzug: zgeln\nankunftszustand: intakt\n','2013-07-23 01:47:08','2013-07-23 01:47:08'),(114,'nbj291a5fd0cic06sms644','9e:98:88:e9:d7:f5-b7:9b:62:57:f7:26-db:89:02:34:ab:1c',119,43,114,1,111,NULL,'2011-04-26','2013-07-23',NULL,NULL,'1087.00',0,0,1,0,1,1,NULL,NULL,NULL,NULL,NULL,'--- !ruby/hash:ActiveSupport::HashWithIndifferentAccess\nanschaffungskategorie: AV-Technik\nreference: invoice\numzug: zgeln\nankunftszustand: intakt\n','2013-07-23 01:47:08','2013-07-23 01:47:08'),(115,'1zz6v3t9rpxzkh4iwku145','07:6f:db:f3:a3:9c-e9:02:38:d9:ee:32-e5:24:3f:e9:af:80',111,47,115,1,NULL,NULL,'2011-06-26','2013-07-23',NULL,NULL,'1343.00',0,0,1,0,1,1,NULL,NULL,NULL,NULL,NULL,'--- !ruby/hash:ActiveSupport::HashWithIndifferentAccess\nanschaffungskategorie: AV-Technik\nreference: invoice\numzug: zgeln\nankunftszustand: intakt\n','2013-07-23 01:47:08','2013-07-23 01:47:08'),(116,'2u9avx45yxhznq2sboaz46','10:9e:4e:02:bc:7a-a2:61:8c:49:a5:0e-17:2c:16:f4:88:8a',121,47,116,1,115,NULL,'2010-10-17','2013-07-23',NULL,NULL,'1026.00',0,0,1,0,1,1,NULL,NULL,NULL,NULL,NULL,'--- !ruby/hash:ActiveSupport::HashWithIndifferentAccess\nanschaffungskategorie: AV-Technik\nreference: invoice\numzug: zgeln\nankunftszustand: intakt\n','2013-07-23 01:47:08','2013-07-23 01:47:08'),(117,'sflz8wlyw1b4177916yc47','f6:af:63:93:87:f4-08:2e:6e:21:c3:83-ba:b8:21:e7:13:df',122,47,117,1,115,NULL,'2008-01-09','2013-07-23',NULL,NULL,'1318.00',0,0,1,0,1,1,NULL,NULL,NULL,NULL,NULL,'--- !ruby/hash:ActiveSupport::HashWithIndifferentAccess\nanschaffungskategorie: AV-Technik\nreference: invoice\numzug: zgeln\nankunftszustand: intakt\n','2013-07-23 01:47:08','2013-07-23 01:47:08'),(118,'d3dmzk25qrf9at917oct48','4e:4c:86:bb:fa:4e-a2:b9:6a:36:09:99-0d:30:03:91:3f:fb',123,47,118,1,115,NULL,'2008-10-07','2013-07-23',NULL,NULL,'561.00',0,0,1,0,1,1,NULL,NULL,NULL,NULL,NULL,'--- !ruby/hash:ActiveSupport::HashWithIndifferentAccess\nanschaffungskategorie: AV-Technik\nreference: invoice\numzug: zgeln\nankunftszustand: intakt\n','2013-07-23 01:47:08','2013-07-23 01:47:08'),(119,'7j8gnkvxmm0qlm7g35gv49','90:b7:51:9b:11:ca-fc:e7:0e:a2:fc:86-e3:1e:cb:9e:47:16',124,51,119,1,NULL,NULL,'2009-06-13','2013-07-23',NULL,NULL,'876.00',0,0,1,0,1,1,NULL,NULL,NULL,NULL,NULL,'--- !ruby/hash:ActiveSupport::HashWithIndifferentAccess\nanschaffungskategorie: AV-Technik\nreference: invoice\numzug: zgeln\nankunftszustand: intakt\n','2013-07-23 01:47:08','2013-07-23 01:47:08'),(120,'q4eojq29duwty0c8rs8q50','93:f0:e6:65:7c:64-59:fe:ba:3c:a4:b5-fb:25:62:01:18:3a',126,51,120,1,119,NULL,'2009-03-31','2013-07-23',NULL,NULL,'694.00',0,0,1,0,1,1,NULL,NULL,NULL,NULL,NULL,'--- !ruby/hash:ActiveSupport::HashWithIndifferentAccess\nanschaffungskategorie: AV-Technik\nreference: invoice\numzug: zgeln\nankunftszustand: intakt\n','2013-07-23 01:47:08','2013-07-23 01:47:08'),(121,'pk0sswe21zcvdw3gwzdb51','b8:b6:92:7c:9f:70-ca:03:93:30:18:d2-dd:6e:70:32:73:94',127,51,121,1,119,NULL,'2012-07-02','2013-07-23',NULL,NULL,'242.00',0,0,1,0,1,1,NULL,NULL,NULL,NULL,NULL,'--- !ruby/hash:ActiveSupport::HashWithIndifferentAccess\nanschaffungskategorie: AV-Technik\nreference: invoice\numzug: zgeln\nankunftszustand: intakt\n','2013-07-23 01:47:08','2013-07-23 01:47:08'),(122,'gls391kfkmn15eoqh1m152','49:c1:ea:e4:3f:5a-06:41:a7:19:1c:90-ec:ef:63:71:0e:cd',128,51,122,1,119,NULL,'2010-08-27','2013-07-23',NULL,NULL,'1051.00',0,0,1,0,1,1,NULL,NULL,NULL,NULL,NULL,'--- !ruby/hash:ActiveSupport::HashWithIndifferentAccess\nanschaffungskategorie: AV-Technik\nreference: invoice\numzug: zgeln\nankunftszustand: intakt\n','2013-07-23 01:47:08','2013-07-23 01:47:08'),(123,'yexw5fey4g88ycq2d2ct53','c4:11:82:cc:cf:fb-a3:77:5d:af:fc:bf-fc:e4:40:2d:2f:fe',124,55,123,1,NULL,NULL,'2009-11-28','2013-07-23',NULL,NULL,'1243.00',0,0,1,0,1,1,NULL,NULL,NULL,NULL,NULL,'--- !ruby/hash:ActiveSupport::HashWithIndifferentAccess\nanschaffungskategorie: AV-Technik\nreference: invoice\numzug: zgeln\nankunftszustand: intakt\n','2013-07-23 01:47:08','2013-07-23 01:47:08'),(124,'9euqhyrhoesr4ivvf16e54','01:53:90:6a:7c:62-fd:d1:cb:b0:8f:e4-8d:f5:bd:32:b2:34',130,55,124,1,123,NULL,'2011-11-01','2013-07-23',NULL,NULL,'1196.00',0,0,1,0,1,1,NULL,NULL,NULL,NULL,NULL,'--- !ruby/hash:ActiveSupport::HashWithIndifferentAccess\nanschaffungskategorie: AV-Technik\nreference: invoice\numzug: zgeln\nankunftszustand: intakt\n','2013-07-23 01:47:08','2013-07-23 01:47:08'),(125,'bko4logee4dp44u57wm755','de:25:90:34:dc:e6-0c:dd:f7:c9:11:0b-ea:2f:be:26:3d:ed',131,55,125,1,123,NULL,'2009-08-13','2013-07-23',NULL,NULL,'1368.00',0,0,1,0,1,1,NULL,NULL,NULL,NULL,NULL,'--- !ruby/hash:ActiveSupport::HashWithIndifferentAccess\nanschaffungskategorie: AV-Technik\nreference: invoice\numzug: zgeln\nankunftszustand: intakt\n','2013-07-23 01:47:08','2013-07-23 01:47:08'),(126,'bet2e89qc2k5z9llneiy56','6d:2e:df:75:89:b2-19:7d:f3:1d:7e:02-e3:a5:1a:c0:86:c1',132,55,126,1,123,NULL,'2012-02-20','2013-07-23',NULL,NULL,'1262.00',0,0,1,0,1,1,NULL,NULL,NULL,NULL,NULL,'--- !ruby/hash:ActiveSupport::HashWithIndifferentAccess\nanschaffungskategorie: AV-Technik\nreference: invoice\numzug: zgeln\nankunftszustand: intakt\n','2013-07-23 01:47:08','2013-07-23 01:47:08'),(127,'c5tbobfvlj9caxy1iyz557','2f:51:ef:e9:14:69-80:b4:ef:b0:19:62-ee:3a:5f:a9:6c:d8',124,59,127,1,NULL,NULL,'2012-03-26','2013-07-23',NULL,NULL,'749.00',0,0,1,0,1,1,NULL,NULL,NULL,NULL,NULL,'--- !ruby/hash:ActiveSupport::HashWithIndifferentAccess\nanschaffungskategorie: AV-Technik\nreference: invoice\numzug: zgeln\nankunftszustand: intakt\n','2013-07-23 01:47:08','2013-07-23 01:47:08'),(128,'27e2gfe7ac17o9zzi1be58','1b:5b:89:19:fd:47-6d:9d:85:9a:b1:78-f4:3e:fb:d4:af:b8',134,59,128,1,127,NULL,'2008-02-03','2013-07-23',NULL,NULL,'831.00',0,0,1,0,1,1,NULL,NULL,NULL,NULL,NULL,'--- !ruby/hash:ActiveSupport::HashWithIndifferentAccess\nanschaffungskategorie: AV-Technik\nreference: invoice\numzug: zgeln\nankunftszustand: intakt\n','2013-07-23 01:47:08','2013-07-23 01:47:08'),(129,'vi0egdvyk6khhun4f8ui59','9c:42:ea:72:9f:9c-d7:fc:b2:73:e0:b1-36:4d:01:6b:0b:a4',135,59,129,1,127,NULL,'2010-09-08','2013-07-23',NULL,NULL,'745.00',0,0,1,0,1,1,NULL,NULL,NULL,NULL,NULL,'--- !ruby/hash:ActiveSupport::HashWithIndifferentAccess\nanschaffungskategorie: AV-Technik\nreference: invoice\numzug: zgeln\nankunftszustand: intakt\n','2013-07-23 01:47:08','2013-07-23 01:47:08'),(130,'iljha6nr7ellp1hueghc60','57:f6:df:2c:80:81-44:a3:85:c1:8f:eb-d1:51:df:66:c8:3f',136,59,130,1,127,NULL,'2012-01-17','2013-07-23',NULL,NULL,'845.00',0,0,1,0,1,1,NULL,NULL,NULL,NULL,NULL,'--- !ruby/hash:ActiveSupport::HashWithIndifferentAccess\nanschaffungskategorie: AV-Technik\nreference: invoice\numzug: zgeln\nankunftszustand: intakt\n','2013-07-23 01:47:08','2013-07-23 01:47:08'),(131,'vmbbz2yu1wxowve5g1bb61','0d:34:b8:7f:52:45-11:57:ae:11:c7:18-c9:f6:d0:3f:3b:7c',111,63,131,2,NULL,NULL,'2008-05-05','2013-07-23',NULL,NULL,'767.00',0,0,1,0,2,1,NULL,NULL,NULL,NULL,NULL,'--- !ruby/hash:ActiveSupport::HashWithIndifferentAccess\nanschaffungskategorie: AV-Technik\nreference: invoice\numzug: zgeln\nankunftszustand: intakt\n','2013-07-23 01:47:08','2013-07-23 01:47:08'),(132,'83wqqxgzlfljjjbedzjk62','a6:cf:13:37:d0:e0-e0:3e:48:ef:bd:2f-a3:e1:09:41:a8:73',138,63,132,2,131,NULL,'2011-02-21','2013-07-23',NULL,NULL,'798.00',0,0,1,0,2,1,NULL,NULL,NULL,NULL,NULL,'--- !ruby/hash:ActiveSupport::HashWithIndifferentAccess\nanschaffungskategorie: AV-Technik\nreference: invoice\numzug: zgeln\nankunftszustand: intakt\n','2013-07-23 01:47:08','2013-07-23 01:47:08'),(133,'lusqodz33ecxrajp3sfo63','67:52:e3:1e:8b:29-a3:6b:81:ae:93:71-bb:6e:a1:d3:81:6d',139,63,133,2,131,NULL,'2009-06-17','2013-07-23',NULL,NULL,'650.00',0,0,1,0,2,1,NULL,NULL,NULL,NULL,NULL,'--- !ruby/hash:ActiveSupport::HashWithIndifferentAccess\nanschaffungskategorie: AV-Technik\nreference: invoice\numzug: zgeln\nankunftszustand: intakt\n','2013-07-23 01:47:08','2013-07-23 01:47:08'),(134,'789vqazgz76fhuts2jt164','ee:5c:b3:05:0a:92-bb:d3:18:f9:d8:7f-39:af:41:06:9f:1b',140,63,134,2,131,NULL,'2010-10-17','2013-07-23',NULL,NULL,'1320.00',0,0,1,0,2,1,NULL,NULL,NULL,NULL,NULL,'--- !ruby/hash:ActiveSupport::HashWithIndifferentAccess\nanschaffungskategorie: AV-Technik\nreference: invoice\numzug: zgeln\nankunftszustand: intakt\n','2013-07-23 01:47:08','2013-07-23 01:47:08'),(135,'cand5','cand5',76,38,135,1,NULL,NULL,'2012-12-12','2013-07-23',NULL,NULL,'1486.00',0,0,0,0,1,1,NULL,NULL,NULL,NULL,NULL,'--- !ruby/hash:ActiveSupport::HashWithIndifferentAccess\nanschaffungskategorie: AV-Technik\nreference: invoice\numzug: zgeln\nankunftszustand: intakt\n','2013-07-23 01:47:08','2013-07-23 01:47:08'),(136,'beam21231','beamas12312',50,38,136,1,NULL,NULL,'2009-01-23','2013-07-23',NULL,NULL,'811.00',0,0,0,0,1,1,NULL,NULL,NULL,NULL,NULL,'--- !ruby/hash:ActiveSupport::HashWithIndifferentAccess\nanschaffungskategorie: AV-Technik\nreference: invoice\numzug: zgeln\nankunftszustand: intakt\n','2013-07-23 01:47:08','2013-07-23 01:47:08'),(137,'hifi345','hifi345',107,38,137,1,NULL,NULL,'2011-10-08','2013-07-23',NULL,NULL,'1141.00',0,0,0,0,1,1,NULL,NULL,NULL,NULL,NULL,'--- !ruby/hash:ActiveSupport::HashWithIndifferentAccess\nanschaffungskategorie: AV-Technik\nreference: invoice\numzug: zgeln\nankunftszustand: intakt\n','2013-07-23 01:47:08','2013-07-23 01:47:08'),(138,'iMac1','iMac5',142,38,138,1,NULL,NULL,'2009-04-04','2013-07-23','2013-07-23','This Item is gone','84.00',0,0,1,0,1,1,NULL,NULL,NULL,NULL,NULL,'--- !ruby/hash:ActiveSupport::HashWithIndifferentAccess\nanschaffungskategorie: AV-Technik\nreference: invoice\numzug: zgeln\nankunftszustand: intakt\n','2013-07-23 01:47:08','2013-07-23 01:47:08'),(139,'iMac2','iMac6',142,38,139,3,NULL,NULL,'2010-06-15','2013-07-23','2013-07-23','This Item is gone','769.00',0,0,1,0,1,1,NULL,NULL,NULL,NULL,NULL,'--- !ruby/hash:ActiveSupport::HashWithIndifferentAccess\nanschaffungskategorie: AV-Technik\nreference: invoice\numzug: zgeln\nankunftszustand: intakt\n','2013-07-23 01:47:08','2013-07-23 01:47:08'),(140,'jy2unx','1mt2uq',109,38,140,1,NULL,NULL,'2009-05-23','2013-07-23','2013-07-23','This Item is gone','14.00',0,0,1,0,1,1,NULL,NULL,NULL,NULL,NULL,'--- !ruby/hash:ActiveSupport::HashWithIndifferentAccess\nanschaffungskategorie: AV-Technik\nreference: invoice\numzug: zgeln\nankunftszustand: intakt\n','2013-07-23 01:47:08','2013-07-23 01:47:08'),(141,'vfs1re','m6n34n',109,38,141,1,NULL,NULL,'2010-12-11','2013-07-23',NULL,NULL,'1136.00',0,0,1,0,1,1,NULL,NULL,NULL,NULL,NULL,'--- !ruby/hash:ActiveSupport::HashWithIndifferentAccess\nanschaffungskategorie: AV-Technik\nreference: invoice\numzug: zgeln\nankunftszustand: intakt\n','2013-07-23 01:47:08','2013-07-23 01:47:08'),(142,'wlaptop1','wlaptop1',143,38,142,1,NULL,NULL,'2011-08-02','2013-07-23',NULL,NULL,'1315.00',1,0,1,0,1,1,NULL,NULL,NULL,NULL,NULL,'--- !ruby/hash:ActiveSupport::HashWithIndifferentAccess\nanschaffungskategorie: AV-Technik\nreference: invoice\numzug: zgeln\nankunftszustand: intakt\n','2013-07-23 01:47:08','2013-07-23 01:47:08'),(143,'v120d02','v120d02',144,38,143,1,NULL,NULL,'2010-08-30','2013-07-23',NULL,NULL,'834.00',0,1,1,0,1,1,NULL,NULL,NULL,NULL,NULL,'--- !ruby/hash:ActiveSupport::HashWithIndifferentAccess\nanschaffungskategorie: AV-Technik\nreference: invoice\numzug: zgeln\nankunftszustand: intakt\n','2013-07-23 01:47:08','2013-07-23 01:47:08'),(144,'5hz7pilf0qppivy4uzhm65','72:4c:36:f4:d9:b2-d0:c8:fb:60:f0:4b-7a:ec:59:b2:3e:c4',144,67,144,1,NULL,NULL,'2008-12-31','2013-07-23','2013-07-23','Reprehenderit suscipit nihil et reiciendis quas est.','187.00',1,1,0,0,1,1,NULL,NULL,NULL,NULL,NULL,'--- !ruby/hash:ActiveSupport::HashWithIndifferentAccess\nanschaffungskategorie: AV-Technik\nreference: invoice\numzug: zgeln\nankunftszustand: intakt\n','2013-07-23 01:47:08','2013-07-23 01:47:08'),(145,'v120d022g','v120d022g',145,38,145,1,NULL,NULL,'2010-05-25','2013-07-23',NULL,NULL,'1437.00',0,0,1,0,1,1,NULL,NULL,NULL,NULL,NULL,'--- !ruby/hash:ActiveSupport::HashWithIndifferentAccess\nanschaffungskategorie: AV-Technik\nreference: invoice\numzug: zgeln\nankunftszustand: intakt\n','2013-07-23 01:47:08','2013-07-23 01:47:08'),(146,'v120d022g2','v120d022g2',145,38,146,1,NULL,NULL,'2009-07-03','2013-07-23',NULL,NULL,'941.00',0,0,1,0,1,1,NULL,NULL,NULL,NULL,NULL,'--- !ruby/hash:ActiveSupport::HashWithIndifferentAccess\nanschaffungskategorie: AV-Technik\nreference: invoice\numzug: zgeln\nankunftszustand: intakt\n','2013-07-23 01:47:08','2013-07-23 01:47:08'),(147,'beam897','xyz890',50,38,147,1,NULL,NULL,'2008-12-14','2013-07-23',NULL,NULL,'301.00',0,0,1,0,2,1,NULL,NULL,NULL,NULL,NULL,'--- !ruby/hash:ActiveSupport::HashWithIndifferentAccess\nanschaffungskategorie: AV-Technik\nreference: invoice\numzug: zgeln\nankunftszustand: intakt\n','2013-07-23 01:47:08','2013-07-23 01:47:08'),(148,'minibeam12','xyz890',52,38,148,1,NULL,NULL,'2008-12-06','2013-07-23',NULL,NULL,'1471.00',0,0,1,0,2,1,NULL,NULL,NULL,NULL,NULL,'--- !ruby/hash:ActiveSupport::HashWithIndifferentAccess\nanschaffungskategorie: AV-Technik\nreference: invoice\numzug: zgeln\nankunftszustand: intakt\n','2013-07-23 01:47:08','2013-07-23 01:47:08'),(149,'minibeam34','xyz890',52,38,149,1,NULL,NULL,'2010-09-09','2013-07-23',NULL,NULL,'362.00',0,0,1,0,3,1,NULL,NULL,NULL,NULL,NULL,'--- !ruby/hash:ActiveSupport::HashWithIndifferentAccess\nanschaffungskategorie: AV-Technik\nreference: invoice\numzug: zgeln\nankunftszustand: intakt\n','2013-07-23 01:47:08','2013-07-23 01:47:08'),(150,'zezayv5n8hg96lfjomy066','46:91:1c:76:00:55-87:dd:d0:9b:f3:f5-f3:e7:03:b6:31:03',147,NULL,NULL,1,NULL,NULL,NULL,NULL,NULL,NULL,NULL,0,0,0,0,1,0,NULL,NULL,NULL,NULL,NULL,'--- !ruby/hash:ActiveSupport::HashWithIndifferentAccess\nlicense_type: single_workplace\nactivation_type: serial_number\noperating_system:\n- windows\n- linux\ninstallation:\n- citrix\n- web\nprocured_by: Ramon C.\nreference: invoice\nmaintenance_contract: \'false\'\n','2013-07-23 01:47:08','2013-07-23 01:47:08'),(151,'7gkdy96kgvj29qp8zpys67','9a:a4:52:67:40:ad-7d:e0:16:7e:07:04-31:e9:a8:9e:c1:40',148,NULL,NULL,1,NULL,NULL,NULL,NULL,NULL,NULL,NULL,0,0,0,0,1,0,NULL,NULL,NULL,NULL,NULL,'--- !ruby/hash:ActiveSupport::HashWithIndifferentAccess\nlicense_type: single_workplace\nactivation_type: serial_number\noperating_system:\n- windows\n- linux\ninstallation:\n- citrix\n- web\nreference: invoice\nmaintenance_contract: \'false\'\n','2013-07-23 01:47:08','2013-07-23 01:47:08'),(152,'x2fzegh440nqsob0qqs868','16:02:c0:82:51:e1-07:a6:92:dc:5f:b0-6d:31:7d:c5:2e:2f',149,NULL,NULL,1,NULL,NULL,NULL,NULL,NULL,NULL,NULL,0,0,0,0,2,0,NULL,NULL,NULL,NULL,NULL,'--- !ruby/hash:ActiveSupport::HashWithIndifferentAccess\nlicense_type: single_workplace\nactivation_type: serial_number\noperating_system:\n- windows\n- linux\ninstallation:\n- citrix\n- web\nprocured_by: Mike H.\nreference: invoice\nmaintenance_contract: \'false\'\n','2013-07-23 01:47:08','2013-07-23 01:47:08'),(153,'pq1os0hebpdsr8hme10969','01:5a:82:9f:97:16-ec:cb:0d:c5:dc:01-11:2f:31:08:95:2a',150,NULL,NULL,1,NULL,NULL,NULL,NULL,'2013-07-23','Voluptatem corrupti eum molestiae voluptates provident iure enim.',NULL,0,0,1,0,1,0,NULL,NULL,NULL,NULL,NULL,'--- !ruby/hash:ActiveSupport::HashWithIndifferentAccess\nlicense_type: single_workplace\nactivation_type: serial_number\noperating_system:\n- windows\n- linux\ninstallation:\n- citrix\n- web\nreference: invoice\nmaintenance_contract: \'false\'\n','2013-07-23 01:47:08','2013-07-23 01:47:08'),(154,'xod3bzdezkqr0c8amt6570','e6:f6:66:7f:b0:f8-3d:26:fe:ef:c7:39-bc:34:7e:e1:c8:a0',151,NULL,NULL,2,NULL,NULL,NULL,NULL,'2013-07-23','Quis numquam fugiat vel deleniti.',NULL,0,0,0,0,1,0,NULL,NULL,NULL,NULL,NULL,'--- !ruby/hash:ActiveSupport::HashWithIndifferentAccess\nlicense_type: single_workplace\nactivation_type: serial_number\noperating_system:\n- windows\n- linux\ninstallation:\n- citrix\n- web\nprocured_by: Dena Abshire\nreference: invoice\nmaintenance_contract: \'false\'\n','2013-07-23 01:47:08','2013-07-23 01:47:08'),(155,'akju6efnqje8t5vfvl7y71','81:38:50:c4:d1:11-dc:e9:cb:b3:fd:48-42:74:9e:07:76:0d',152,NULL,NULL,2,NULL,NULL,NULL,NULL,NULL,NULL,NULL,0,0,1,0,2,0,NULL,NULL,NULL,NULL,NULL,'--- !ruby/hash:ActiveSupport::HashWithIndifferentAccess\nlicense_type: single_workplace\nactivation_type: serial_number\noperating_system:\n- windows\n- linux\ninstallation:\n- citrix\n- web\nreference: invoice\nmaintenance_contract: \'false\'\n','2013-07-23 01:47:08','2013-07-23 01:47:08'),(156,'77t3x9122mhoiq6jj8u172','0e:60:00:f8:03:0c-9c:99:e5:ea:f0:a3-56:8c:c7:2a:be:24',153,NULL,NULL,1,NULL,NULL,'2013-07-23',NULL,NULL,NULL,NULL,0,0,0,0,1,0,NULL,NULL,NULL,NULL,NULL,'--- !ruby/hash:ActiveSupport::HashWithIndifferentAccess\nlicense_expiration: \'2013-07-23\'\nmaintenance_contract: \'true\'\nmaintenance_expiration: \'2013-07-23\'\nreference: invoice\nactivation_type: none\nlicense_type: free\n','2013-07-23 01:47:08','2013-07-23 01:47:08'),(157,'pevuked3r82bbsoz232873','2b:e0:db:5c:37:52-e8:b6:04:44:aa:61-54:f9:53:3a:62:8b',154,NULL,NULL,1,NULL,NULL,NULL,NULL,NULL,NULL,NULL,0,0,0,0,1,0,NULL,NULL,NULL,NULL,NULL,'--- !ruby/hash:ActiveSupport::HashWithIndifferentAccess\nquantity_allocations:\n- !ruby/hash:ActiveSupport::HashWithIndifferentAccess\n  room: commodi\n  quantity: 7\n- !ruby/hash:ActiveSupport::HashWithIndifferentAccess\n  room: sed\n  quantity: 8\nreference: invoice\nactivation_type: none\nlicense_type: free\nmaintenance_contract: \'false\'\n','2013-07-23 01:47:08','2013-07-23 01:47:08'),(158,'7jhkcpx9x52w3st82wes74','47:fe:fd:f1:0c:5c-7f:1c:4b:54:75:66-03:c8:d1:cb:10:db',156,NULL,NULL,1,NULL,NULL,NULL,NULL,NULL,NULL,NULL,0,0,0,0,1,0,NULL,NULL,NULL,NULL,NULL,'--- !ruby/hash:ActiveSupport::HashWithIndifferentAccess\noperating_system:\n- windows\n- linux\nlicense_type: site_license\ntotal_quantity: 252\nquantity_allocations:\n- !ruby/hash:ActiveSupport::HashWithIndifferentAccess\n  room: error\n  quantity: 36\n- !ruby/hash:ActiveSupport::HashWithIndifferentAccess\n  room: ut\n  quantity: 39\nreference: invoice\nactivation_type: none\nmaintenance_contract: \'false\'\n','2013-07-23 01:47:08','2013-07-23 01:47:08'),(159,'2xxe7obnlh2rnqyvul5r75','6b:cf:f0:b6:cb:fc-95:25:1b:2b:e5:fe-dd:f4:4c:99:a7:48',158,68,150,3,NULL,NULL,'2010-02-07','2013-07-20',NULL,NULL,'686.00',0,0,1,0,1,1,NULL,NULL,NULL,NULL,NULL,'--- !ruby/hash:ActiveSupport::HashWithIndifferentAccess\nanschaffungskategorie: AV-Technik\nreference: invoice\numzug: zgeln\nankunftszustand: intakt\n','2013-07-20 19:34:12','2013-07-20 19:34:12'),(160,'ga64miwznlnvb3y59t5376','55:e2:e4:3b:10:3d-79:d2:4e:fd:e9:b5-37:cc:26:9c:e4:59',159,69,151,4,NULL,NULL,'2011-08-07','2013-07-20',NULL,NULL,'540.00',0,0,1,0,1,1,NULL,NULL,NULL,NULL,NULL,'--- !ruby/hash:ActiveSupport::HashWithIndifferentAccess\nanschaffungskategorie: AV-Technik\nreference: invoice\numzug: zgeln\nankunftszustand: intakt\n','2013-07-20 19:34:12','2013-07-20 19:34:12'),(161,'fy64rh0hvzd5bv6ggb4077','66:a7:cd:dd:ef:1a-80:15:f6:a4:4b:ba-b9:6e:a0:69:0d:7d',160,70,152,9,NULL,NULL,'2009-08-30','2013-07-20',NULL,NULL,'279.00',0,0,1,0,1,1,NULL,NULL,NULL,NULL,NULL,'--- !ruby/hash:ActiveSupport::HashWithIndifferentAccess\nanschaffungskategorie: AV-Technik\nreference: invoice\numzug: zgeln\nankunftszustand: intakt\n','2013-07-20 19:34:12','2013-07-20 19:34:12'),(162,'0l883hpbciaq2bbzykli78','eb:e5:b7:56:00:b4-1d:06:e5:38:9a:7b-28:f7:1a:3b:26:a9',161,71,153,5,NULL,NULL,'2011-10-15','2013-07-20',NULL,NULL,'204.00',0,0,1,0,1,1,NULL,NULL,NULL,NULL,NULL,'--- !ruby/hash:ActiveSupport::HashWithIndifferentAccess\nanschaffungskategorie: AV-Technik\nreference: invoice\numzug: zgeln\nankunftszustand: intakt\n','2013-07-20 19:34:12','2013-07-20 19:34:12'),(163,'3hsuheciw722w424wo7d79','d3:6f:06:e5:44:88-ac:35:88:46:4a:d8-50:65:a5:c0:2c:c3',162,72,154,12,NULL,NULL,'2012-10-17','2013-07-20',NULL,NULL,'1251.00',0,0,1,0,1,1,NULL,NULL,NULL,NULL,NULL,'--- !ruby/hash:ActiveSupport::HashWithIndifferentAccess\nanschaffungskategorie: AV-Technik\nreference: invoice\numzug: zgeln\nankunftszustand: intakt\n','2013-07-20 19:34:12','2013-07-20 19:34:12'),(164,'563me9i6gq3p2rzpoe5d80','fb:93:7b:53:c4:42-f7:fc:c2:0a:a7:e9-78:a9:86:1c:e0:ca',163,73,155,1,NULL,NULL,'2008-08-06','2013-07-20',NULL,NULL,'487.00',0,0,1,0,1,1,NULL,NULL,NULL,NULL,NULL,'--- !ruby/hash:ActiveSupport::HashWithIndifferentAccess\nanschaffungskategorie: AV-Technik\nreference: invoice\numzug: zgeln\nankunftszustand: intakt\n','2013-07-20 19:34:12','2013-07-20 19:34:12'),(165,'5uun5eollw45dy2x9lli81','a4:8c:20:fc:22:98-c3:80:e1:40:1e:81-25:02:0a:2f:ad:b6',163,74,156,6,NULL,NULL,'2010-02-28','2013-07-20',NULL,NULL,'759.00',0,0,1,0,1,1,NULL,NULL,NULL,NULL,NULL,'--- !ruby/hash:ActiveSupport::HashWithIndifferentAccess\nanschaffungskategorie: AV-Technik\nreference: invoice\numzug: zgeln\nankunftszustand: intakt\n','2013-07-20 19:34:12','2013-07-20 19:34:12'),(166,'4cbdr0jxy86d3mdqm9kw82','d8:26:aa:d9:5f:af-ac:52:dd:04:3f:60-40:3d:7e:c3:46:a3',163,75,157,11,NULL,NULL,'2008-06-06','2013-07-20',NULL,NULL,'398.00',0,0,1,0,1,1,NULL,NULL,NULL,NULL,NULL,'--- !ruby/hash:ActiveSupport::HashWithIndifferentAccess\nanschaffungskategorie: AV-Technik\nreference: invoice\numzug: zgeln\nankunftszustand: intakt\n','2013-07-20 19:34:12','2013-07-20 19:34:12'),(167,'bjn51flb56jqz7lmjtuu83','17:e9:c9:5d:80:4f-6c:9f:6f:73:54:2e-19:13:ab:45:82:33',167,76,158,3,NULL,NULL,'2009-10-13','2013-07-20',NULL,NULL,'719.00',0,0,1,0,1,1,NULL,NULL,NULL,NULL,NULL,'--- !ruby/hash:ActiveSupport::HashWithIndifferentAccess\nanschaffungskategorie: AV-Technik\nreference: invoice\numzug: zgeln\nankunftszustand: intakt\n','2013-07-20 19:34:12','2013-07-20 19:34:12'),(168,'djl21ntxfejvyj8ceulh84','2c:bf:ae:6b:97:c7-93:0e:38:29:39:2e-ba:26:58:c6:69:5c',168,77,159,11,NULL,NULL,'2011-09-23','2013-07-20',NULL,NULL,'438.00',0,0,1,0,1,1,NULL,NULL,NULL,NULL,NULL,'--- !ruby/hash:ActiveSupport::HashWithIndifferentAccess\nanschaffungskategorie: AV-Technik\nreference: invoice\numzug: zgeln\nankunftszustand: intakt\n','2013-07-20 19:34:12','2013-07-20 19:34:12'),(169,'1kleljuoyfavy2mcr8sb85','24:57:d8:ce:72:12-29:d6:48:dc:dc:0f-96:69:ae:8c:f3:0b',169,78,160,10,NULL,NULL,'2012-04-06','2013-07-20',NULL,NULL,'716.00',0,0,1,0,1,1,NULL,NULL,NULL,NULL,NULL,'--- !ruby/hash:ActiveSupport::HashWithIndifferentAccess\nanschaffungskategorie: AV-Technik\nreference: invoice\numzug: zgeln\nankunftszustand: intakt\n','2013-07-20 19:34:12','2013-07-20 19:34:12'),(170,'3bbpg6izr39pgzl9qypx86','68:34:de:bb:9e:4a-79:d7:b1:0b:8f:3e-35:74:50:ce:1c:91',170,79,161,2,NULL,NULL,'2010-09-13','2013-07-20',NULL,NULL,'428.00',0,0,1,0,1,1,NULL,NULL,NULL,NULL,NULL,'--- !ruby/hash:ActiveSupport::HashWithIndifferentAccess\nanschaffungskategorie: AV-Technik\nreference: invoice\numzug: zgeln\nankunftszustand: intakt\n','2013-07-20 19:34:12','2013-07-20 19:34:12'),(171,'9lv4z6cvhhp1js22w62287','35:95:4f:32:7b:d2-50:9b:67:c6:0b:00-65:ea:92:68:b1:4f',171,80,162,6,NULL,NULL,'2010-02-18','2013-07-20',NULL,NULL,'348.00',0,0,1,0,1,1,NULL,NULL,NULL,NULL,NULL,'--- !ruby/hash:ActiveSupport::HashWithIndifferentAccess\nanschaffungskategorie: AV-Technik\nreference: invoice\numzug: zgeln\nankunftszustand: intakt\n','2013-07-20 19:34:12','2013-07-20 19:34:12'),(172,'378mw2f3xslqu08o94i788','ce:b9:c4:03:50:e7-de:12:a7:c5:56:70-18:65:e3:f4:f1:92',171,81,163,12,NULL,NULL,'2009-03-01','2013-07-20',NULL,NULL,'808.00',0,0,1,0,1,1,NULL,NULL,NULL,NULL,NULL,'--- !ruby/hash:ActiveSupport::HashWithIndifferentAccess\nanschaffungskategorie: AV-Technik\nreference: invoice\numzug: zgeln\nankunftszustand: intakt\n','2013-07-20 19:34:12','2013-07-20 19:34:12'),(173,'lm0snhmtul1345q0fgz789','36:79:93:ac:d4:e5-45:03:8e:4a:9b:44-04:48:9f:fd:dd:c8',171,82,164,12,NULL,NULL,'2009-03-04','2013-07-20',NULL,NULL,'445.00',0,0,1,0,1,1,NULL,NULL,NULL,NULL,NULL,'--- !ruby/hash:ActiveSupport::HashWithIndifferentAccess\nanschaffungskategorie: AV-Technik\nreference: invoice\numzug: zgeln\nankunftszustand: intakt\n','2013-07-20 19:34:12','2013-07-20 19:34:12'),(174,'vp2syljk3nmdq8rrnhhk90','8b:0a:83:61:ab:f5-c6:45:f6:d2:cb:e6-15:b9:6a:a2:c3:2d',175,83,165,5,NULL,NULL,'2009-05-17','2013-07-20',NULL,NULL,'1031.00',0,0,1,0,1,1,NULL,NULL,NULL,NULL,NULL,'--- !ruby/hash:ActiveSupport::HashWithIndifferentAccess\nanschaffungskategorie: AV-Technik\nreference: invoice\numzug: zgeln\nankunftszustand: intakt\n','2013-07-20 19:34:12','2013-07-20 19:34:12'),(175,'00gu8nezr61zsukv6ctm91','9f:88:7f:53:0e:d6-af:f2:d1:52:50:05-7d:ba:fc:ee:34:0d',176,84,166,2,NULL,NULL,'2012-08-05','2013-07-20',NULL,NULL,'709.00',0,0,1,0,1,1,NULL,NULL,NULL,NULL,NULL,'--- !ruby/hash:ActiveSupport::HashWithIndifferentAccess\nanschaffungskategorie: AV-Technik\nreference: invoice\numzug: zgeln\nankunftszustand: intakt\n','2013-07-20 19:34:13','2013-07-20 19:34:13'),(176,'3hy9hy1zodedext7vytj92','43:34:8f:44:c5:cf-ea:4d:2b:c9:2b:61-74:fe:04:16:3b:6a',177,85,167,5,NULL,NULL,'2012-06-14','2013-07-20',NULL,NULL,'165.00',0,0,1,0,1,1,NULL,NULL,NULL,NULL,NULL,'--- !ruby/hash:ActiveSupport::HashWithIndifferentAccess\nanschaffungskategorie: AV-Technik\nreference: invoice\numzug: zgeln\nankunftszustand: intakt\n','2013-07-20 19:34:13','2013-07-20 19:34:13'),(177,'6ha8ry0qbcmjuwnr6zzr93','c3:86:ee:c2:13:02-2a:64:bc:7d:97:54-0c:92:02:79:15:c8',178,86,168,3,NULL,NULL,'2009-05-01','2013-07-20',NULL,NULL,'136.00',0,0,1,0,1,1,NULL,NULL,NULL,NULL,NULL,'--- !ruby/hash:ActiveSupport::HashWithIndifferentAccess\nanschaffungskategorie: AV-Technik\nreference: invoice\numzug: zgeln\nankunftszustand: intakt\n','2013-07-20 19:34:13','2013-07-20 19:34:13'),(178,'1iaor0dpmee2kqbyaz4r94','70:b6:eb:1b:56:d0-7b:a4:8e:7a:5a:21-6e:f7:b7:ab:6e:4e',179,87,169,3,NULL,NULL,'2012-08-12','2013-07-20',NULL,NULL,'549.00',0,0,1,0,1,1,NULL,NULL,NULL,NULL,NULL,'--- !ruby/hash:ActiveSupport::HashWithIndifferentAccess\nanschaffungskategorie: AV-Technik\nreference: invoice\numzug: zgeln\nankunftszustand: intakt\n','2013-07-20 19:34:13','2013-07-20 19:34:13'),(179,'tqxx9c0x9uz0upnbla9v95','91:87:a7:1a:53:db-77:18:1c:cd:1c:a5-01:a8:6f:00:e6:d8',180,88,170,9,NULL,NULL,'2010-09-13','2013-07-20',NULL,NULL,'1067.00',0,0,1,0,1,1,NULL,NULL,NULL,NULL,NULL,'--- !ruby/hash:ActiveSupport::HashWithIndifferentAccess\nanschaffungskategorie: AV-Technik\nreference: invoice\numzug: zgeln\nankunftszustand: intakt\n','2013-07-20 19:34:13','2013-07-20 19:34:13'),(180,'qwq495jeboyvwk5k9czg96','1b:81:d7:bc:44:dc-b8:25:ac:72:c4:ac-13:ac:a6:09:eb:f5',180,89,171,10,NULL,NULL,'2012-10-04','2013-07-20',NULL,NULL,'1057.00',0,0,1,0,1,1,NULL,NULL,NULL,NULL,NULL,'--- !ruby/hash:ActiveSupport::HashWithIndifferentAccess\nanschaffungskategorie: AV-Technik\nreference: invoice\numzug: zgeln\nankunftszustand: intakt\n','2013-07-20 19:34:13','2013-07-20 19:34:13'),(181,'o6u5xcegiib6gq9axsnp97','b4:66:8e:df:88:db-bd:6b:10:3e:60:b4-83:a0:40:f4:20:23',180,90,172,6,NULL,NULL,'2008-03-26','2013-07-20',NULL,NULL,'1312.00',0,0,1,0,1,1,NULL,NULL,NULL,NULL,NULL,'--- !ruby/hash:ActiveSupport::HashWithIndifferentAccess\nanschaffungskategorie: AV-Technik\nreference: invoice\numzug: zgeln\nankunftszustand: intakt\n','2013-07-20 19:34:13','2013-07-20 19:34:13'),(182,'s1pio3adrbe81ioe51hf98','4f:d5:f8:1f:fc:3c-54:6d:88:64:4d:e5-cc:33:19:89:37:6a',184,91,173,5,NULL,NULL,'2009-07-11','2013-07-22',NULL,NULL,'846.00',0,0,1,0,1,1,NULL,NULL,NULL,NULL,NULL,'--- !ruby/hash:ActiveSupport::HashWithIndifferentAccess\nanschaffungskategorie: AV-Technik\nreference: invoice\numzug: zgeln\nankunftszustand: intakt\n','2013-07-22 08:10:43','2013-07-22 08:10:43'),(183,'5886brbkwq6c5u0wnbk599','3d:5d:84:29:92:47-f1:54:ba:0b:37:a9-93:9f:f8:00:a1:9d',185,92,174,5,NULL,NULL,'2008-11-27','2013-07-22',NULL,NULL,'412.00',0,0,1,0,1,1,NULL,NULL,NULL,NULL,NULL,'--- !ruby/hash:ActiveSupport::HashWithIndifferentAccess\nanschaffungskategorie: AV-Technik\nreference: invoice\numzug: zgeln\nankunftszustand: intakt\n','2013-07-22 08:10:43','2013-07-22 08:10:43'),(184,'z77f7jbn5d8harkyk8we100','11:0a:4f:24:6a:af-b7:0e:00:7b:1f:31-03:cb:7d:51:4f:a5',186,93,175,3,NULL,NULL,'2011-12-02','2013-07-22',NULL,NULL,'550.00',0,0,1,0,1,1,NULL,NULL,NULL,NULL,NULL,'--- !ruby/hash:ActiveSupport::HashWithIndifferentAccess\nanschaffungskategorie: AV-Technik\nreference: invoice\numzug: zgeln\nankunftszustand: intakt\n','2013-07-22 08:10:43','2013-07-22 08:10:43'),(185,'zp25zvqqzqujytpz6j3p101','09:1d:92:9d:2b:79-a7:61:b6:93:a6:5a-29:b9:1c:5f:22:05',187,94,176,3,NULL,NULL,'2008-07-19','2013-07-22',NULL,NULL,'163.00',0,0,1,0,1,1,NULL,NULL,NULL,NULL,NULL,'--- !ruby/hash:ActiveSupport::HashWithIndifferentAccess\nanschaffungskategorie: AV-Technik\nreference: invoice\numzug: zgeln\nankunftszustand: intakt\n','2013-07-22 04:34:55','2013-07-22 04:34:55'),(186,'cww7wykzoi2hvei9i5gi102','52:1f:f0:20:a6:ed-bc:df:db:5f:e9:9e-5c:e0:92:f6:c8:fc',188,95,177,5,NULL,NULL,'2012-05-29','2013-07-22',NULL,NULL,'807.00',0,0,1,0,1,1,NULL,NULL,NULL,NULL,NULL,'--- !ruby/hash:ActiveSupport::HashWithIndifferentAccess\nanschaffungskategorie: AV-Technik\nreference: invoice\numzug: zgeln\nankunftszustand: intakt\n','2013-07-22 04:34:55','2013-07-22 04:34:55'),(187,'njapcpq5r4hlzsb6sn63103','a2:8e:e5:9b:43:5b-4a:71:b9:00:f2:e1-b8:ff:71:c5:2d:e5',189,96,178,5,NULL,NULL,'2008-05-15','2013-07-22',NULL,NULL,'556.00',0,0,1,0,1,1,NULL,NULL,NULL,NULL,NULL,'--- !ruby/hash:ActiveSupport::HashWithIndifferentAccess\nanschaffungskategorie: AV-Technik\nreference: invoice\numzug: zgeln\nankunftszustand: intakt\n','2013-07-22 04:34:55','2013-07-22 04:34:55'),(188,'5dqta9zar1h606pyuips104','9b:2e:ca:0e:c3:db-9f:25:1f:b4:0b:27-c5:07:bb:20:81:ee',190,97,179,5,NULL,NULL,'2010-04-27','2013-07-22',NULL,NULL,'409.00',0,0,1,0,1,1,NULL,NULL,NULL,NULL,NULL,'--- !ruby/hash:ActiveSupport::HashWithIndifferentAccess\nanschaffungskategorie: AV-Technik\nreference: invoice\numzug: zgeln\nankunftszustand: intakt\n','2013-07-22 04:34:56','2013-07-22 04:34:56'),(189,'g2gpvle6eqv7kkv2s5gi105','74:fd:b7:cc:18:a0-d4:10:11:ca:99:3b-c8:25:c8:74:7e:41',190,98,180,4,NULL,NULL,'2011-09-09','2013-07-22',NULL,NULL,'1018.00',0,0,1,0,1,1,NULL,NULL,NULL,NULL,NULL,'--- !ruby/hash:ActiveSupport::HashWithIndifferentAccess\nanschaffungskategorie: AV-Technik\nreference: invoice\numzug: zgeln\nankunftszustand: intakt\n','2013-07-22 04:34:56','2013-07-22 04:34:56'),(190,'9xfrfq5yzmv8e3d7dizo106','33:57:d9:86:e1:09-d1:5a:72:23:c7:bf-d8:7d:68:07:8c:15',190,99,181,7,NULL,NULL,'2011-08-31','2013-07-22',NULL,NULL,'424.00',0,0,1,0,1,1,NULL,NULL,NULL,NULL,NULL,'--- !ruby/hash:ActiveSupport::HashWithIndifferentAccess\nanschaffungskategorie: AV-Technik\nreference: invoice\numzug: zgeln\nankunftszustand: intakt\n','2013-07-22 04:34:56','2013-07-22 04:34:56'),(191,'4bt9skozt3ihcm0rbhgo107','99:92:d9:43:19:5d-de:d8:de:28:0b:4f-a6:a8:75:a0:1c:db',194,100,182,7,NULL,NULL,'2008-09-04','2013-07-23',NULL,NULL,'1357.00',0,0,1,0,1,1,NULL,NULL,NULL,NULL,NULL,'--- !ruby/hash:ActiveSupport::HashWithIndifferentAccess\nanschaffungskategorie: AV-Technik\nreference: invoice\numzug: zgeln\nankunftszustand: intakt\n','2013-07-23 01:47:08','2013-07-23 01:47:08'),(192,'6ebm8hb2kcxlztiez8vt108','51:54:84:9c:fc:a3-00:eb:f3:37:53:28-f8:38:2a:ea:04:ce',195,101,183,9,NULL,NULL,'2009-11-10','2013-07-23',NULL,NULL,'1334.00',0,0,1,0,1,1,NULL,NULL,NULL,NULL,NULL,'--- !ruby/hash:ActiveSupport::HashWithIndifferentAccess\nanschaffungskategorie: AV-Technik\nreference: invoice\numzug: zgeln\nankunftszustand: intakt\n','2013-07-23 01:47:08','2013-07-23 01:47:08'),(193,'f8796o73jmbvcji16qkh109','21:d9:ff:5f:bf:83-57:6f:29:cb:9d:1d-04:aa:9a:0b:c6:14',196,102,184,4,NULL,NULL,'2010-08-19','2013-07-23',NULL,NULL,'881.00',0,0,1,0,1,1,NULL,NULL,NULL,NULL,NULL,'--- !ruby/hash:ActiveSupport::HashWithIndifferentAccess\nanschaffungskategorie: AV-Technik\nreference: invoice\numzug: zgeln\nankunftszustand: intakt\n','2013-07-23 01:47:08','2013-07-23 01:47:08'),(194,'1uvwr0mwqj6vfk9m78gz110','b5:62:78:2c:09:ba-a6:26:7f:4e:24:1f-c9:ed:c4:af:ff:69',197,103,185,2,NULL,NULL,'2008-07-28','2013-07-23',NULL,NULL,'703.00',0,0,1,0,1,1,NULL,NULL,NULL,NULL,NULL,'--- !ruby/hash:ActiveSupport::HashWithIndifferentAccess\nanschaffungskategorie: AV-Technik\nreference: invoice\numzug: zgeln\nankunftszustand: intakt\n','2013-07-23 01:47:08','2013-07-23 01:47:08'),(195,'72olwkxlhd8m48iftmol111','00:c8:60:ed:6b:5b-3d:41:5d:e0:7a:54-09:d8:1e:53:13:a4',198,104,186,3,NULL,NULL,'2010-12-10','2013-07-23',NULL,NULL,'15.00',0,0,1,0,1,1,NULL,NULL,NULL,NULL,NULL,'--- !ruby/hash:ActiveSupport::HashWithIndifferentAccess\nanschaffungskategorie: AV-Technik\nreference: invoice\numzug: zgeln\nankunftszustand: intakt\n','2013-07-23 01:47:08','2013-07-23 01:47:08'),(196,'05o061g176otcw8jbw7i112','24:b9:51:39:b5:50-47:b7:bc:4e:5e:02-9e:9c:db:2c:42:a5',199,105,187,2,NULL,NULL,'2010-04-17','2013-07-23',NULL,NULL,'1357.00',0,0,1,0,1,1,NULL,NULL,NULL,NULL,NULL,'--- !ruby/hash:ActiveSupport::HashWithIndifferentAccess\nanschaffungskategorie: AV-Technik\nreference: invoice\numzug: zgeln\nankunftszustand: intakt\n','2013-07-23 01:47:08','2013-07-23 01:47:08'),(197,'v5j8a6mg3u4hbry10o17113','10:8b:ec:32:a4:f0-ee:55:69:df:67:70-97:fd:aa:68:01:a1',199,106,188,7,NULL,NULL,'2011-01-28','2013-07-23',NULL,NULL,'874.00',0,0,1,0,1,1,NULL,NULL,NULL,NULL,NULL,'--- !ruby/hash:ActiveSupport::HashWithIndifferentAccess\nanschaffungskategorie: AV-Technik\nreference: invoice\numzug: zgeln\nankunftszustand: intakt\n','2013-07-23 01:47:08','2013-07-23 01:47:08'),(198,'1uciz4i1tljqgtbyyo3u114','28:60:7a:8e:bc:d9-60:cc:5a:34:8a:94-7e:56:1e:ef:93:17',199,107,189,1,NULL,NULL,'2011-03-20','2013-07-23',NULL,NULL,'1241.00',0,0,1,0,1,1,NULL,NULL,NULL,NULL,NULL,'--- !ruby/hash:ActiveSupport::HashWithIndifferentAccess\nanschaffungskategorie: AV-Technik\nreference: invoice\numzug: zgeln\nankunftszustand: intakt\n','2013-07-23 01:47:08','2013-07-23 01:47:08'),(199,'mmrtbr9dqedhwvpdhrri115','bf:f2:3c:42:db:f1-99:8e:a1:29:3f:31-14:ac:05:c3:7f:92',203,108,190,7,NULL,NULL,'2010-09-01','2013-07-23',NULL,NULL,'141.00',0,0,1,0,1,1,NULL,NULL,NULL,NULL,NULL,'--- !ruby/hash:ActiveSupport::HashWithIndifferentAccess\nanschaffungskategorie: AV-Technik\nreference: invoice\numzug: zgeln\nankunftszustand: intakt\n','2013-07-23 01:47:08','2013-07-23 01:47:08'),(200,'x75fsnud0rmar46pzkhg116','57:11:76:56:93:06-a8:6f:2a:8f:b4:5a-82:cf:14:dd:2f:f2',204,109,191,6,NULL,NULL,'2008-01-08','2013-07-23',NULL,NULL,'808.00',0,0,1,0,1,1,NULL,NULL,NULL,NULL,NULL,'--- !ruby/hash:ActiveSupport::HashWithIndifferentAccess\nanschaffungskategorie: AV-Technik\nreference: invoice\numzug: zgeln\nankunftszustand: intakt\n','2013-07-23 01:47:08','2013-07-23 01:47:08'),(201,'d8f30g6b46xbwiagkak3117','13:41:b7:4c:31:40-81:53:38:e7:64:e4-3d:c6:e4:f9:53:28',205,110,192,9,NULL,NULL,'2011-03-14','2013-07-23',NULL,NULL,'163.00',0,0,1,0,1,1,NULL,NULL,NULL,NULL,NULL,'--- !ruby/hash:ActiveSupport::HashWithIndifferentAccess\nanschaffungskategorie: AV-Technik\nreference: invoice\numzug: zgeln\nankunftszustand: intakt\n','2013-07-23 01:47:08','2013-07-23 01:47:08'),(202,'r5mrgfnsi35bwwti6f0b118','dc:4c:81:d6:3f:e7-5a:fd:10:4c:ac:f9-87:88:3b:28:6f:2a',206,111,193,10,NULL,NULL,'2008-08-15','2013-07-23',NULL,NULL,'1041.00',0,0,1,0,1,1,NULL,NULL,NULL,NULL,NULL,'--- !ruby/hash:ActiveSupport::HashWithIndifferentAccess\nanschaffungskategorie: AV-Technik\nreference: invoice\numzug: zgeln\nankunftszustand: intakt\n','2013-07-23 01:47:08','2013-07-23 01:47:08'),(203,'kp2pqjineei5myeh3nh5119','4c:f9:dc:4c:4c:07-3c:7a:16:86:1c:1f-0b:59:10:8d:4d:04',207,112,194,3,NULL,NULL,'2012-04-05','2013-07-23',NULL,NULL,'1299.00',0,0,1,0,1,1,NULL,NULL,NULL,NULL,NULL,'--- !ruby/hash:ActiveSupport::HashWithIndifferentAccess\nanschaffungskategorie: AV-Technik\nreference: invoice\numzug: zgeln\nankunftszustand: intakt\n','2013-07-23 01:47:08','2013-07-23 01:47:08'),(204,'37jyohtpyg4ehomlax3k120','59:be:33:bd:8b:06-37:f3:4b:82:30:6d-92:1c:6d:60:86:30',208,113,195,9,NULL,NULL,'2012-08-11','2013-07-23',NULL,NULL,'247.00',0,0,1,0,1,1,NULL,NULL,NULL,NULL,NULL,'--- !ruby/hash:ActiveSupport::HashWithIndifferentAccess\nanschaffungskategorie: AV-Technik\nreference: invoice\numzug: zgeln\nankunftszustand: intakt\n','2013-07-23 01:47:08','2013-07-23 01:47:08'),(205,'h8r4nwpsowcvkppzjd8j121','1e:a5:00:9d:b4:cf-b7:6b:37:36:71:a3-b4:ad:5e:c5:7f:85',209,114,196,6,NULL,NULL,'2010-09-08','2013-07-23',NULL,NULL,'1474.00',0,0,1,0,1,1,NULL,NULL,NULL,NULL,NULL,'--- !ruby/hash:ActiveSupport::HashWithIndifferentAccess\nanschaffungskategorie: AV-Technik\nreference: invoice\numzug: zgeln\nankunftszustand: intakt\n','2013-07-23 01:47:08','2013-07-23 01:47:08'),(206,'cv57atxp7baktij47ar0122','df:93:22:45:77:17-3c:a4:29:af:c7:91-29:36:14:59:65:af',210,115,197,9,NULL,NULL,'2011-08-31','2013-07-23',NULL,NULL,'719.00',0,0,1,0,1,1,NULL,NULL,NULL,NULL,NULL,'--- !ruby/hash:ActiveSupport::HashWithIndifferentAccess\nanschaffungskategorie: AV-Technik\nreference: invoice\numzug: zgeln\nankunftszustand: intakt\n','2013-07-23 01:47:08','2013-07-23 01:47:08'),(207,'k20q71489nudfty6g02l123','1e:24:10:f5:f4:f5-fc:0e:d3:81:bc:4d-91:38:b8:1f:1a:99',211,116,198,10,NULL,NULL,'2011-10-21','2013-07-23',NULL,NULL,'1279.00',0,0,1,0,1,1,NULL,NULL,NULL,NULL,NULL,'--- !ruby/hash:ActiveSupport::HashWithIndifferentAccess\nanschaffungskategorie: AV-Technik\nreference: invoice\numzug: zgeln\nankunftszustand: intakt\n','2013-07-23 01:47:08','2013-07-23 01:47:08'),(208,'rm2kt1f9hvktjlv91l14124','6a:a3:41:c7:dd:1c-5f:79:ab:8a:ab:c9-0e:95:2c:56:a8:27',212,117,199,1,NULL,NULL,'2008-05-18','2013-07-23',NULL,NULL,'143.00',0,0,1,0,1,1,NULL,NULL,NULL,NULL,NULL,'--- !ruby/hash:ActiveSupport::HashWithIndifferentAccess\nanschaffungskategorie: AV-Technik\nreference: invoice\numzug: zgeln\nankunftszustand: intakt\n','2013-07-23 01:47:08','2013-07-23 01:47:08'),(209,'h27wugwo05ffni3vol7j125','ad:bf:98:1d:15:21-1f:d2:44:d1:a3:7c-8d:b5:49:a0:b8:c1',213,NULL,NULL,1,NULL,NULL,NULL,NULL,NULL,NULL,NULL,0,0,1,0,1,0,NULL,NULL,NULL,NULL,NULL,'--- !ruby/hash:ActiveSupport::HashWithIndifferentAccess\nlicense_type: single_workplace\nactivation_type: serial_number\noperating_system:\n- windows\n- linux\ninstallation:\n- citrix\n- web\nreference: invoice\nmaintenance_contract: \'false\'\n','2013-07-23 01:47:08','2013-07-23 01:47:08'),(210,'zna3e9021vlq7napf4ht126','4f:8e:cd:b1:ad:0f-9a:e4:fd:a3:4d:d7-f6:55:22:22:aa:e8',214,118,200,8,NULL,NULL,'2010-04-11','2013-07-18',NULL,NULL,'1151.00',0,0,1,0,2,1,NULL,NULL,NULL,NULL,NULL,'--- !ruby/hash:ActiveSupport::HashWithIndifferentAccess\nanschaffungskategorie: AV-Technik\nreference: invoice\numzug: zgeln\nankunftszustand: intakt\n','2013-07-18 00:00:00','2013-07-18 00:00:00'),(211,'xd40wcrx6dl40rkauqp2127','dc:f0:24:c0:cb:97-3a:73:e0:b5:66:86-4d:80:03:6b:c4:a4',214,119,201,3,NULL,NULL,'2008-09-24','2013-07-18',NULL,NULL,'292.00',0,0,1,0,2,1,NULL,NULL,NULL,NULL,NULL,'--- !ruby/hash:ActiveSupport::HashWithIndifferentAccess\nanschaffungskategorie: AV-Technik\nreference: invoice\numzug: zgeln\nankunftszustand: intakt\n','2013-07-18 00:00:00','2013-07-18 00:00:00'),(212,'o3e2m2ju40nrqzk6i80k128','da:4e:1b:f0:b0:47-58:a3:31:11:73:95-0c:3a:85:67:2c:c4',214,120,202,10,NULL,NULL,'2009-02-01','2013-07-18',NULL,NULL,'82.00',0,0,1,0,2,1,NULL,NULL,NULL,NULL,NULL,'--- !ruby/hash:ActiveSupport::HashWithIndifferentAccess\nanschaffungskategorie: AV-Technik\nreference: invoice\numzug: zgeln\nankunftszustand: intakt\n','2013-07-18 00:00:00','2013-07-18 00:00:00'),(213,'klam8zsnzfexis71yspi129','89:3e:d3:63:02:77-f7:d6:e5:7d:92:ce-82:d1:8e:d4:bd:05',218,121,203,1,NULL,NULL,'2008-05-17','2013-07-23','2013-07-23','Voluptatibus id quisquam qui sit quo.','692.00',0,0,1,0,1,1,NULL,NULL,NULL,NULL,NULL,'--- !ruby/hash:ActiveSupport::HashWithIndifferentAccess\nanschaffungskategorie: AV-Technik\nreference: invoice\numzug: zgeln\nankunftszustand: intakt\n','2013-07-23 01:47:08','2013-07-23 01:47:08'),(214,'l5y7x792y4awp5fmpjhd130','48:86:c9:39:d2:42-76:f1:af:ce:ec:6b-1e:3f:ed:1c:eb:06',219,122,204,2,NULL,NULL,'2010-11-07','2013-07-23',NULL,NULL,'675.00',0,0,1,0,2,1,NULL,NULL,NULL,NULL,NULL,'--- !ruby/hash:ActiveSupport::HashWithIndifferentAccess\nanschaffungskategorie: AV-Technik\nreference: invoice\numzug: zgeln\nankunftszustand: intakt\n','2013-07-23 01:47:08','2013-07-23 01:47:08'),(215,'8z9rd98kt4zxc307z2pv131','a0:b4:26:fe:c4:a5-99:02:06:0c:90:b3-09:4f:64:fc:45:e9',220,123,205,12,NULL,NULL,'2008-08-26','2013-07-23',NULL,NULL,'1090.00',0,0,1,0,13,1,NULL,NULL,NULL,NULL,NULL,'--- !ruby/hash:ActiveSupport::HashWithIndifferentAccess\nanschaffungskategorie: AV-Technik\nreference: invoice\numzug: zgeln\nankunftszustand: intakt\n','2013-07-23 01:47:08','2013-07-23 01:47:08'),(216,'pumhpvouv8y9eg2ule42132','dc:b2:48:84:1a:ca-f3:b4:eb:44:c0:18-5f:35:f4:b8:d1:b5',221,124,206,1,NULL,NULL,'2010-12-01','2013-07-23',NULL,NULL,'1385.00',0,0,1,0,14,1,NULL,NULL,NULL,NULL,NULL,'--- !ruby/hash:ActiveSupport::HashWithIndifferentAccess\nanschaffungskategorie: AV-Technik\nreference: invoice\numzug: zgeln\nankunftszustand: intakt\n','2013-07-23 01:47:08','2013-07-23 01:47:08'),(217,'b25oafb3a98gjwolsgq8133','d4:d1:5e:ce:c2:43-aa:07:83:58:4e:9c-e3:1b:d6:a0:c3:47',222,125,207,4,NULL,NULL,'2010-03-20','2013-07-23',NULL,NULL,'822.00',0,0,1,0,15,1,NULL,NULL,NULL,NULL,NULL,'--- !ruby/hash:ActiveSupport::HashWithIndifferentAccess\nanschaffungskategorie: AV-Technik\nreference: invoice\numzug: zgeln\nankunftszustand: intakt\n','2013-07-23 01:47:08','2013-07-23 01:47:08'),(218,'fq3uq42vkd3w2xs67nif134','08:22:73:62:37:18-a3:e7:00:26:da:59-fe:64:80:00:01:b1',223,126,208,6,NULL,NULL,'2012-05-18','2013-07-23',NULL,NULL,'737.00',0,0,1,0,1,1,NULL,NULL,NULL,NULL,NULL,'--- !ruby/hash:ActiveSupport::HashWithIndifferentAccess\nanschaffungskategorie: AV-Technik\nreference: invoice\numzug: zgeln\nankunftszustand: intakt\n','2013-07-23 01:47:08','2013-07-23 01:47:08'),(219,'yxwd7iw0rbx9junth8es135','9d:24:bd:78:1b:94-d2:15:63:b2:2d:05-e0:0c:49:4a:94:f5',224,127,209,10,NULL,NULL,'2012-04-25','2013-07-23',NULL,NULL,'416.00',0,0,1,0,1,1,NULL,NULL,NULL,NULL,NULL,'--- !ruby/hash:ActiveSupport::HashWithIndifferentAccess\nanschaffungskategorie: AV-Technik\nreference: invoice\numzug: zgeln\nankunftszustand: intakt\n','2013-07-23 01:47:08','2013-07-23 01:47:08'),(220,'k864tfnn6z2jmxcyefal136','65:fd:b8:b9:f3:bc-29:07:ea:80:15:8f-49:df:a3:79:76:61',225,128,210,2,NULL,NULL,'2010-04-30','2013-07-23',NULL,NULL,'843.00',0,0,1,0,1,1,NULL,NULL,NULL,NULL,NULL,'--- !ruby/hash:ActiveSupport::HashWithIndifferentAccess\nanschaffungskategorie: AV-Technik\nreference: invoice\numzug: zgeln\nankunftszustand: intakt\n','2013-07-23 01:47:08','2013-07-23 01:47:08'),(221,'0ti70tdf3d1euiejxzuq137','e5:06:6d:ee:cb:6f-ce:ab:90:c5:85:36-13:33:61:7b:65:aa',226,129,211,2,NULL,NULL,'2012-07-13','2013-07-23',NULL,NULL,'1461.00',0,0,1,0,1,1,NULL,NULL,NULL,NULL,NULL,'--- !ruby/hash:ActiveSupport::HashWithIndifferentAccess\nanschaffungskategorie: AV-Technik\nreference: invoice\numzug: zgeln\nankunftszustand: intakt\n','2013-07-23 01:47:08','2013-07-23 01:47:08'),(222,'b6of3d6jvgdsqimqfis7138','72:80:9e:14:ac:4a-c6:18:27:0c:32:a5-96:3c:b3:a1:b3:8d',227,130,212,4,NULL,NULL,'2011-03-11','2013-07-23',NULL,NULL,'903.00',0,0,1,0,1,1,NULL,NULL,NULL,NULL,NULL,'--- !ruby/hash:ActiveSupport::HashWithIndifferentAccess\nanschaffungskategorie: AV-Technik\nreference: invoice\numzug: zgeln\nankunftszustand: intakt\n','2013-07-23 01:47:08','2013-07-23 01:47:08'),(223,'bblempum4w8mwpbmi29f139','11:e5:31:99:a8:82-76:66:6d:03:52:fa-3f:c2:05:ac:9e:4b',228,131,213,6,NULL,NULL,'2008-07-01','2013-07-23',NULL,NULL,'648.00',0,0,1,0,1,1,NULL,NULL,NULL,NULL,NULL,'--- !ruby/hash:ActiveSupport::HashWithIndifferentAccess\nanschaffungskategorie: AV-Technik\nreference: invoice\numzug: zgeln\nankunftszustand: intakt\n','2013-07-23 01:47:08','2013-07-23 01:47:08'),(224,'xuaoc97s80uii170s3aa140','26:db:c4:94:b4:b6-93:e5:fd:a4:c5:ac-1c:4a:37:63:11:94',229,132,214,12,NULL,NULL,'2011-11-04','2013-07-23',NULL,NULL,'58.00',0,0,1,0,1,1,NULL,NULL,NULL,NULL,NULL,'--- !ruby/hash:ActiveSupport::HashWithIndifferentAccess\nanschaffungskategorie: AV-Technik\nreference: invoice\numzug: zgeln\nankunftszustand: intakt\n','2013-07-23 01:47:08','2013-07-23 01:47:08'),(225,'fd4qootb860c473rt0qc141','1a:b9:3c:c0:47:75-e4:3a:24:8a:84:3f-27:26:5c:0a:61:16',230,133,215,15,NULL,NULL,'2010-10-28','2013-07-23',NULL,NULL,'372.00',0,0,1,0,1,1,NULL,NULL,NULL,NULL,NULL,'--- !ruby/hash:ActiveSupport::HashWithIndifferentAccess\nanschaffungskategorie: AV-Technik\nreference: invoice\numzug: zgeln\nankunftszustand: intakt\n','2013-07-23 01:47:08','2013-07-23 01:47:08'),(226,'r8erm76r6bzdpfwrtrhf142','e9:fd:30:df:67:66-58:60:d0:22:fe:a3-a4:33:57:d1:3f:fc',231,134,216,6,NULL,NULL,'2009-07-03','2013-07-23',NULL,NULL,'463.00',0,0,1,0,1,1,NULL,NULL,NULL,NULL,NULL,'--- !ruby/hash:ActiveSupport::HashWithIndifferentAccess\nanschaffungskategorie: AV-Technik\nreference: invoice\numzug: zgeln\nankunftszustand: intakt\n','2013-07-23 01:47:08','2013-07-23 01:47:08'),(227,'8gj8vbj13fjmboihlvpc143','53:23:c5:00:41:51-a1:9a:df:f3:e6:f0-3e:63:9d:7c:e0:c6',232,135,217,3,NULL,NULL,'2011-03-18','2013-07-23',NULL,NULL,'589.00',0,0,1,0,1,1,NULL,NULL,NULL,NULL,NULL,'--- !ruby/hash:ActiveSupport::HashWithIndifferentAccess\nanschaffungskategorie: AV-Technik\nreference: invoice\numzug: zgeln\nankunftszustand: intakt\n','2013-07-23 01:47:08','2013-07-23 01:47:08'),(228,'g94csjha3r47wb30f4kl144','bc:bc:0c:97:9d:f4-bc:6a:79:ac:81:74-14:e9:71:ed:46:63',233,136,218,15,NULL,NULL,'2010-10-12','2013-07-23',NULL,NULL,'434.00',0,0,1,0,1,1,NULL,NULL,NULL,NULL,NULL,'--- !ruby/hash:ActiveSupport::HashWithIndifferentAccess\nanschaffungskategorie: AV-Technik\nreference: invoice\numzug: zgeln\nankunftszustand: intakt\n','2013-07-23 01:47:08','2013-07-23 01:47:08'),(229,'vz8ehdmo4c8mcvwpccew145','fc:60:4e:f6:1b:7d-ff:95:a1:28:24:03-16:d7:5b:72:48:68',234,137,219,10,NULL,NULL,'2012-01-08','2013-07-23',NULL,NULL,'87.00',0,0,1,0,1,1,NULL,NULL,NULL,NULL,NULL,'--- !ruby/hash:ActiveSupport::HashWithIndifferentAccess\nanschaffungskategorie: AV-Technik\nreference: invoice\numzug: zgeln\nankunftszustand: intakt\n','2013-07-23 01:47:08','2013-07-23 01:47:08'),(230,'4g9np91yvo8u45pkmdhd146','8a:e4:27:e6:8e:73-8e:84:33:83:4e:b0-93:f8:1e:70:ee:76',235,138,220,14,NULL,NULL,'2009-12-25','2013-07-23',NULL,NULL,'978.00',0,0,1,0,1,1,NULL,NULL,NULL,NULL,NULL,'--- !ruby/hash:ActiveSupport::HashWithIndifferentAccess\nanschaffungskategorie: AV-Technik\nreference: invoice\numzug: zgeln\nankunftszustand: intakt\n','2013-07-23 01:47:08','2013-07-23 01:47:08'),(231,'qverdpmyxrdyzp1v9y2v147','06:37:70:33:6a:a9-99:65:6e:4c:03:b7-c4:b6:9f:cb:0c:ab',236,139,221,11,NULL,NULL,'2010-12-31','2013-07-23',NULL,NULL,'1204.00',0,0,1,0,1,1,NULL,NULL,NULL,NULL,NULL,'--- !ruby/hash:ActiveSupport::HashWithIndifferentAccess\nanschaffungskategorie: AV-Technik\nreference: invoice\numzug: zgeln\nankunftszustand: intakt\n','2013-07-23 01:47:08','2013-07-23 01:47:08'),(232,'6l4z0m85qu47j5m7bbxy148','63:ae:b8:8f:4d:4e-61:cc:7a:21:3a:fa-d2:b8:bb:d2:90:7b',237,140,222,3,NULL,NULL,'2012-01-02','2013-07-18',NULL,NULL,'210.00',0,0,1,0,1,1,NULL,NULL,NULL,NULL,NULL,'--- !ruby/hash:ActiveSupport::HashWithIndifferentAccess\nanschaffungskategorie: AV-Technik\nreference: invoice\numzug: zgeln\nankunftszustand: intakt\n','2013-07-18 00:00:00','2013-07-18 00:00:00'),(233,'mv0easqh97v8q5jfqd5n149','00:3a:97:c0:dd:1f-af:f7:58:7a:16:d9-91:b7:26:73:23:cd',238,141,223,1,NULL,NULL,'2011-04-21','2013-07-18',NULL,NULL,'5.00',0,0,1,0,1,1,NULL,NULL,NULL,NULL,NULL,'--- !ruby/hash:ActiveSupport::HashWithIndifferentAccess\nanschaffungskategorie: AV-Technik\nreference: invoice\numzug: zgeln\nankunftszustand: intakt\n','2013-07-18 00:00:00','2013-07-18 00:00:00'),(234,'1eps1lb51ulamtr6d1ts150','9a:5a:91:4a:b6:31-47:c3:74:be:82:de-f1:bd:f7:2a:4c:c5',239,142,224,9,NULL,NULL,'2009-05-09','2013-07-18',NULL,NULL,'1288.00',0,0,1,0,1,1,NULL,NULL,NULL,NULL,NULL,'--- !ruby/hash:ActiveSupport::HashWithIndifferentAccess\nanschaffungskategorie: AV-Technik\nreference: invoice\numzug: zgeln\nankunftszustand: intakt\n','2013-07-18 00:00:00','2013-07-18 00:00:00'),(235,'qq37mnbatsplh9ez2qsj151','6b:fa:d1:6b:a3:a1-96:4a:46:8d:cb:66-3a:f0:2d:a8:09:1e',240,143,225,10,NULL,NULL,'2010-08-31','2013-07-18',NULL,NULL,'132.00',0,0,1,0,1,1,NULL,NULL,NULL,NULL,NULL,'--- !ruby/hash:ActiveSupport::HashWithIndifferentAccess\nanschaffungskategorie: AV-Technik\nreference: invoice\numzug: zgeln\nankunftszustand: intakt\n','2013-07-18 00:00:00','2013-07-18 00:00:00'),(236,'cfv8f55hii7hehq9smp7152','9b:df:5c:3b:70:85-23:65:b2:55:05:fe-96:40:84:51:be:01',241,144,226,14,NULL,NULL,'2012-05-11','2013-07-23',NULL,NULL,'1095.00',0,0,1,0,2,1,NULL,NULL,NULL,NULL,NULL,'--- !ruby/hash:ActiveSupport::HashWithIndifferentAccess\nanschaffungskategorie: AV-Technik\nreference: invoice\numzug: zgeln\nankunftszustand: intakt\n','2013-07-23 01:47:08','2013-07-23 01:47:08'),(237,'ratbm3oc3vuwxim38kbx153','90:df:65:10:d1:77-cf:79:06:40:09:09-35:bd:05:fb:a6:24',241,145,227,1,NULL,NULL,'2009-12-11','2013-07-23',NULL,NULL,'712.00',0,0,1,0,2,1,NULL,NULL,NULL,NULL,NULL,'--- !ruby/hash:ActiveSupport::HashWithIndifferentAccess\nanschaffungskategorie: AV-Technik\nreference: invoice\numzug: zgeln\nankunftszustand: intakt\n','2013-07-23 01:47:08','2013-07-23 01:47:08'),(238,'oqsbym6c5hac90sjtx2v154','4b:0d:e2:fc:0d:81-c1:6a:52:c2:3d:e9-ee:33:57:e2:7c:e7',241,146,228,3,NULL,NULL,'2012-07-18','2013-07-23',NULL,NULL,'992.00',0,0,1,0,2,1,NULL,NULL,NULL,NULL,NULL,'--- !ruby/hash:ActiveSupport::HashWithIndifferentAccess\nanschaffungskategorie: AV-Technik\nreference: invoice\numzug: zgeln\nankunftszustand: intakt\n','2013-07-23 01:47:08','2013-07-23 01:47:08'),(239,'r3hbejxlyzk6l7m5anhi155','83:cf:31:c0:32:1a-58:c2:e4:15:2d:ec-f2:11:01:ac:a6:c2',245,147,229,6,NULL,NULL,'2008-05-28','2013-07-23',NULL,NULL,'1049.00',0,0,1,0,2,1,NULL,NULL,NULL,NULL,NULL,'--- !ruby/hash:ActiveSupport::HashWithIndifferentAccess\nanschaffungskategorie: AV-Technik\nreference: invoice\numzug: zgeln\nankunftszustand: intakt\n','2013-07-23 01:47:08','2013-07-23 01:47:08'),(240,'cequ7pp8fpucu3ldbe2a156','fb:74:a1:0e:f2:f9-39:78:fb:b7:a1:35-91:fd:c4:9d:44:da',245,148,230,1,NULL,NULL,'2011-04-19','2013-07-23',NULL,NULL,'1439.00',0,0,1,0,2,1,NULL,NULL,NULL,NULL,NULL,'--- !ruby/hash:ActiveSupport::HashWithIndifferentAccess\nanschaffungskategorie: AV-Technik\nreference: invoice\numzug: zgeln\nankunftszustand: intakt\n','2013-07-23 01:47:08','2013-07-23 01:47:08'),(241,'11afvgrl9mrub23g4sih157','27:13:75:2a:c6:49-d6:b2:04:75:54:58-46:38:1e:10:39:c4',245,149,231,12,NULL,NULL,'2012-11-13','2013-07-23',NULL,NULL,'254.00',0,0,1,0,2,1,NULL,NULL,NULL,NULL,NULL,'--- !ruby/hash:ActiveSupport::HashWithIndifferentAccess\nanschaffungskategorie: AV-Technik\nreference: invoice\numzug: zgeln\nankunftszustand: intakt\n','2013-07-23 01:47:08','2013-07-23 01:47:08'),(242,'0oei3wfirzpt6q6i7add158','d8:ce:25:47:60:25-d9:3a:18:92:2b:ac-8f:b9:5a:54:44:e7',249,150,232,6,NULL,NULL,'2010-04-20','2013-07-23',NULL,NULL,'1435.00',0,0,1,0,2,1,NULL,NULL,NULL,NULL,NULL,'--- !ruby/hash:ActiveSupport::HashWithIndifferentAccess\nanschaffungskategorie: AV-Technik\nreference: invoice\numzug: zgeln\nankunftszustand: intakt\n','2013-07-23 01:47:08','2013-07-23 01:47:08'),(243,'tnml0xuut78alvoj22oq159','40:14:d7:ae:66:0e-aa:a7:5c:a3:ee:3a-96:83:33:40:83:60',249,151,233,8,NULL,NULL,'2012-12-28','2013-07-23',NULL,NULL,'1015.00',0,0,1,0,2,1,NULL,NULL,NULL,NULL,NULL,'--- !ruby/hash:ActiveSupport::HashWithIndifferentAccess\nanschaffungskategorie: AV-Technik\nreference: invoice\numzug: zgeln\nankunftszustand: intakt\n','2013-07-23 01:47:08','2013-07-23 01:47:08'),(244,'21yry6bhvuoi5s4qog73160','d2:a3:23:11:e3:99-40:28:18:77:ee:e8-ae:3f:7b:d8:8d:f9',249,152,234,4,NULL,NULL,'2012-01-25','2013-07-23',NULL,NULL,'1377.00',0,0,1,0,2,1,NULL,NULL,NULL,NULL,NULL,'--- !ruby/hash:ActiveSupport::HashWithIndifferentAccess\nanschaffungskategorie: AV-Technik\nreference: invoice\numzug: zgeln\nankunftszustand: intakt\n','2013-07-23 01:47:08','2013-07-23 01:47:08'),(245,'3qm8y68eio6dywn7f4dk161','d7:6c:e2:87:2d:fa-ac:bd:94:4d:b8:9d-ef:d1:b4:6e:f1:a4',253,153,235,11,NULL,NULL,'2012-05-29','2013-07-23',NULL,NULL,'864.00',0,0,1,0,2,1,NULL,NULL,NULL,NULL,NULL,'--- !ruby/hash:ActiveSupport::HashWithIndifferentAccess\nanschaffungskategorie: AV-Technik\nreference: invoice\numzug: zgeln\nankunftszustand: intakt\n','2013-07-23 01:47:08','2013-07-23 01:47:08'),(246,'ewjkfzl58i7kxf8uj0v3162','69:0b:65:c4:34:4b-45:fa:cb:00:1c:9e-89:68:32:74:69:65',253,154,236,13,NULL,NULL,'2011-06-29','2013-07-23',NULL,NULL,'1443.00',0,0,1,0,2,1,NULL,NULL,NULL,NULL,NULL,'--- !ruby/hash:ActiveSupport::HashWithIndifferentAccess\nanschaffungskategorie: AV-Technik\nreference: invoice\numzug: zgeln\nankunftszustand: intakt\n','2013-07-23 01:47:08','2013-07-23 01:47:08'),(247,'tb9nkfir91g8knuqpt6n163','71:9f:09:23:ef:47-45:1e:dc:0f:83:58-76:a4:7a:c4:f9:b3',253,155,237,2,NULL,NULL,'2008-04-11','2013-07-23',NULL,NULL,'813.00',0,0,1,0,2,1,NULL,NULL,NULL,NULL,NULL,'--- !ruby/hash:ActiveSupport::HashWithIndifferentAccess\nanschaffungskategorie: AV-Technik\nreference: invoice\numzug: zgeln\nankunftszustand: intakt\n','2013-07-23 01:47:08','2013-07-23 01:47:08'),(248,'bo563sh8vbguxjlq1mmp164','68:de:f7:a3:1e:bb-1a:16:1d:45:f8:1b-ab:f4:a2:41:47:58',257,156,238,6,NULL,NULL,'2012-10-27','2013-07-23',NULL,NULL,'1126.00',0,0,1,0,2,1,NULL,NULL,NULL,NULL,NULL,'--- !ruby/hash:ActiveSupport::HashWithIndifferentAccess\nanschaffungskategorie: AV-Technik\nreference: invoice\numzug: zgeln\nankunftszustand: intakt\n','2013-07-23 01:47:08','2013-07-23 01:47:08'),(249,'o9wo1s05akb1uoqb27li165','c4:20:68:7f:24:64-72:dc:d0:58:59:83-a6:43:63:76:44:90',257,157,239,2,NULL,NULL,'2012-04-12','2013-07-23',NULL,NULL,'983.00',0,0,1,0,2,1,NULL,NULL,NULL,NULL,NULL,'--- !ruby/hash:ActiveSupport::HashWithIndifferentAccess\nanschaffungskategorie: AV-Technik\nreference: invoice\numzug: zgeln\nankunftszustand: intakt\n','2013-07-23 01:47:08','2013-07-23 01:47:08'),(250,'1jnqwu103vz20xdtqm8h166','5d:87:2a:ed:d7:64-59:3b:47:d8:18:e9-2c:82:de:0e:f6:ed',257,158,240,9,NULL,NULL,'2010-05-01','2013-07-23',NULL,NULL,'1498.00',0,0,1,0,2,1,NULL,NULL,NULL,NULL,NULL,'--- !ruby/hash:ActiveSupport::HashWithIndifferentAccess\nanschaffungskategorie: AV-Technik\nreference: invoice\numzug: zgeln\nankunftszustand: intakt\n','2013-07-23 01:47:08','2013-07-23 01:47:08'),(251,'ycwwj125otvp0cf2nz8o167','9a:c0:97:07:5d:44-7d:e7:f5:58:6f:83-da:d0:a0:7f:13:55',261,159,241,14,NULL,NULL,'2010-06-15','2013-07-23',NULL,NULL,'1120.00',0,0,1,0,2,1,NULL,NULL,NULL,NULL,NULL,'--- !ruby/hash:ActiveSupport::HashWithIndifferentAccess\nanschaffungskategorie: AV-Technik\nreference: invoice\numzug: zgeln\nankunftszustand: intakt\n','2013-07-23 01:47:08','2013-07-23 01:47:08'),(252,'xivf5h036h2qkqhyn16i168','27:f0:46:3a:dc:a5-f9:6f:15:14:7b:d4-55:93:66:da:ab:15',261,160,242,6,NULL,NULL,'2011-01-05','2013-07-23',NULL,NULL,'0.00',0,0,1,0,2,1,NULL,NULL,NULL,NULL,NULL,'--- !ruby/hash:ActiveSupport::HashWithIndifferentAccess\nanschaffungskategorie: AV-Technik\nreference: invoice\numzug: zgeln\nankunftszustand: intakt\n','2013-07-23 01:47:08','2013-07-23 01:47:08'),(253,'7zt609vbe2nttpqh95oe169','d6:98:84:99:32:76-e6:6e:0b:ec:45:aa-c1:a6:ee:96:3f:ea',261,161,243,12,NULL,NULL,'2011-10-03','2013-07-23',NULL,NULL,'1486.00',0,0,1,0,2,1,NULL,NULL,NULL,NULL,NULL,'--- !ruby/hash:ActiveSupport::HashWithIndifferentAccess\nanschaffungskategorie: AV-Technik\nreference: invoice\numzug: zgeln\nankunftszustand: intakt\n','2013-07-23 01:47:08','2013-07-23 01:47:08'),(254,'2oqkmdsosq04tyigzy42170','a2:84:e6:31:57:c5-4b:17:4b:b5:d6:b1-11:28:6d:85:a0:6c',265,162,244,12,NULL,NULL,'2012-11-04','2013-07-23',NULL,NULL,'1427.00',0,0,1,0,2,1,NULL,NULL,NULL,NULL,NULL,'--- !ruby/hash:ActiveSupport::HashWithIndifferentAccess\nanschaffungskategorie: AV-Technik\nreference: invoice\numzug: zgeln\nankunftszustand: intakt\n','2013-07-23 01:47:08','2013-07-23 01:47:08'),(255,'9g7oouxzmp3si23l0i0m171','63:1f:d0:99:17:d5-30:66:20:34:97:1d-6f:c5:c3:12:14:0a',265,163,245,9,NULL,NULL,'2011-09-28','2013-07-23',NULL,NULL,'52.00',0,0,1,0,2,1,NULL,NULL,NULL,NULL,NULL,'--- !ruby/hash:ActiveSupport::HashWithIndifferentAccess\nanschaffungskategorie: AV-Technik\nreference: invoice\numzug: zgeln\nankunftszustand: intakt\n','2013-07-23 01:47:08','2013-07-23 01:47:08'),(256,'fcviktecy4so58jliv2x172','63:c3:f1:92:f6:86-c0:69:4f:89:13:36-d1:4c:d8:82:ae:f5',265,164,246,11,NULL,NULL,'2009-12-22','2013-07-23',NULL,NULL,'1370.00',0,0,1,0,2,1,NULL,NULL,NULL,NULL,NULL,'--- !ruby/hash:ActiveSupport::HashWithIndifferentAccess\nanschaffungskategorie: AV-Technik\nreference: invoice\numzug: zgeln\nankunftszustand: intakt\n','2013-07-23 01:47:08','2013-07-23 01:47:08'),(257,'tw4hd17fh0sc3921hsgh173','73:e5:45:dd:f9:cb-57:18:2d:69:e6:f2-ce:24:f2:5d:5e:82',269,165,247,10,NULL,NULL,'2008-04-13','2013-07-23',NULL,NULL,'100.00',0,0,1,0,2,1,NULL,NULL,NULL,NULL,NULL,'--- !ruby/hash:ActiveSupport::HashWithIndifferentAccess\nanschaffungskategorie: AV-Technik\nreference: invoice\numzug: zgeln\nankunftszustand: intakt\n','2013-07-23 01:47:08','2013-07-23 01:47:08'),(258,'4pb6juwqzweafuud1d6u174','d4:e7:f1:71:9b:ec-9b:6e:5b:26:8a:17-39:4a:b0:d3:2c:3a',269,166,248,5,NULL,NULL,'2011-02-02','2013-07-23',NULL,NULL,'886.00',0,0,1,0,2,1,NULL,NULL,NULL,NULL,NULL,'--- !ruby/hash:ActiveSupport::HashWithIndifferentAccess\nanschaffungskategorie: AV-Technik\nreference: invoice\numzug: zgeln\nankunftszustand: intakt\n','2013-07-23 01:47:08','2013-07-23 01:47:08'),(259,'khct95vbeq2a91gf18ve175','79:74:75:19:c4:ed-29:9a:e7:34:23:df-fb:49:a5:ed:4a:fb',269,167,249,1,NULL,NULL,'2011-02-01','2013-07-23',NULL,NULL,'276.00',0,0,1,0,2,1,NULL,NULL,NULL,NULL,NULL,'--- !ruby/hash:ActiveSupport::HashWithIndifferentAccess\nanschaffungskategorie: AV-Technik\nreference: invoice\numzug: zgeln\nankunftszustand: intakt\n','2013-07-23 01:47:08','2013-07-23 01:47:08'),(260,'sqb1hngilzj0byprqecb176','82:57:24:1b:ca:da-04:cd:c0:10:14:29-13:46:9d:5f:4a:8d',273,168,250,15,NULL,NULL,'2009-07-14','2013-07-23',NULL,NULL,'713.00',0,0,1,0,2,1,NULL,NULL,NULL,NULL,NULL,'--- !ruby/hash:ActiveSupport::HashWithIndifferentAccess\nanschaffungskategorie: AV-Technik\nreference: invoice\numzug: zgeln\nankunftszustand: intakt\n','2013-07-23 01:47:08','2013-07-23 01:47:08'),(261,'dk3e7qkm11ziv5lubiqx177','d1:b3:0d:f0:fb:56-97:f1:a2:6a:18:5e-8d:ec:35:09:a8:ad',273,169,251,5,NULL,NULL,'2008-06-12','2013-07-23',NULL,NULL,'1338.00',0,0,1,0,2,1,NULL,NULL,NULL,NULL,NULL,'--- !ruby/hash:ActiveSupport::HashWithIndifferentAccess\nanschaffungskategorie: AV-Technik\nreference: invoice\numzug: zgeln\nankunftszustand: intakt\n','2013-07-23 01:47:08','2013-07-23 01:47:08'),(262,'ycrfs1l0ctxzsw4rauxh178','39:8c:1b:be:47:b6-12:93:52:3a:97:5c-43:d7:f8:b7:00:1c',273,170,252,5,NULL,NULL,'2011-04-18','2013-07-23',NULL,NULL,'132.00',0,0,1,0,2,1,NULL,NULL,NULL,NULL,NULL,'--- !ruby/hash:ActiveSupport::HashWithIndifferentAccess\nanschaffungskategorie: AV-Technik\nreference: invoice\numzug: zgeln\nankunftszustand: intakt\n','2013-07-23 01:47:08','2013-07-23 01:47:08'),(263,'2wzhj4h1n7z2ba6nsguu179','64:6e:e5:13:35:01-2e:2d:f2:49:81:2d-4c:04:f9:a0:45:d7',277,171,253,14,NULL,NULL,'2011-06-23','2013-07-23',NULL,NULL,'323.00',0,0,1,0,2,1,NULL,NULL,NULL,NULL,NULL,'--- !ruby/hash:ActiveSupport::HashWithIndifferentAccess\nanschaffungskategorie: AV-Technik\nreference: invoice\numzug: zgeln\nankunftszustand: intakt\n','2013-07-23 01:47:08','2013-07-23 01:47:08'),(264,'0hp32mdtdubivc8zkevq180','3c:d5:6f:ab:d9:84-b4:ad:94:00:09:cb-f4:c3:cc:74:eb:4d',277,172,254,7,NULL,NULL,'2011-06-26','2013-07-23',NULL,NULL,'1391.00',0,0,1,0,2,1,NULL,NULL,NULL,NULL,NULL,'--- !ruby/hash:ActiveSupport::HashWithIndifferentAccess\nanschaffungskategorie: AV-Technik\nreference: invoice\numzug: zgeln\nankunftszustand: intakt\n','2013-07-23 01:47:08','2013-07-23 01:47:08'),(265,'ujtktmkrsq5bu2pjdd1n181','ff:d4:88:30:86:e2-a1:b6:8b:63:87:28-f6:4b:2c:69:18:12',277,173,255,11,NULL,NULL,'2011-12-08','2013-07-23',NULL,NULL,'1017.00',0,0,1,0,2,1,NULL,NULL,NULL,NULL,NULL,'--- !ruby/hash:ActiveSupport::HashWithIndifferentAccess\nanschaffungskategorie: AV-Technik\nreference: invoice\numzug: zgeln\nankunftszustand: intakt\n','2013-07-23 01:47:08','2013-07-23 01:47:08'),(266,'nnmvurpod7cl3v6pyiwx182','99:f3:b8:e4:7b:7a-74:bf:bc:54:1a:95-38:08:08:4a:93:ab',281,174,256,12,NULL,NULL,'2009-07-22','2013-07-23',NULL,NULL,'1163.00',0,0,1,0,2,1,NULL,NULL,NULL,NULL,NULL,'--- !ruby/hash:ActiveSupport::HashWithIndifferentAccess\nanschaffungskategorie: AV-Technik\nreference: invoice\numzug: zgeln\nankunftszustand: intakt\n','2013-07-23 01:47:08','2013-07-23 01:47:08'),(267,'98iy7smk2tly8otmucim183','9a:ca:32:90:de:99-74:ad:8a:90:c4:ba-83:9d:65:d8:60:4c',281,175,257,2,NULL,NULL,'2009-01-12','2013-07-23',NULL,NULL,'336.00',0,0,1,0,2,1,NULL,NULL,NULL,NULL,NULL,'--- !ruby/hash:ActiveSupport::HashWithIndifferentAccess\nanschaffungskategorie: AV-Technik\nreference: invoice\numzug: zgeln\nankunftszustand: intakt\n','2013-07-23 01:47:08','2013-07-23 01:47:08'),(268,'z3uhrc6053wvbp3rma4d184','47:59:b4:a1:d3:34-46:8b:93:96:a5:8a-61:5e:1f:26:02:b3',281,176,258,3,NULL,NULL,'2012-10-26','2013-07-23',NULL,NULL,'936.00',0,0,1,0,2,1,NULL,NULL,NULL,NULL,NULL,'--- !ruby/hash:ActiveSupport::HashWithIndifferentAccess\nanschaffungskategorie: AV-Technik\nreference: invoice\numzug: zgeln\nankunftszustand: intakt\n','2013-07-23 01:47:08','2013-07-23 01:47:08'),(269,'6vftzfmb1khlw8gpm2st185','6a:42:30:9d:4b:eb-22:9d:6f:3a:2a:99-4f:f9:a7:e8:a5:92',285,NULL,259,1,NULL,NULL,'2010-12-21','2013-07-23',NULL,NULL,'1436.00',0,0,1,0,1,1,NULL,NULL,NULL,NULL,NULL,'--- !ruby/hash:ActiveSupport::HashWithIndifferentAccess\nanschaffungskategorie: AV-Technik\nreference: invoice\numzug: zgeln\nankunftszustand: intakt\n','2013-07-23 01:47:08','2013-07-23 01:47:08'),(270,'7txpprwil5crxynpks5k186','6a:1c:00:af:1c:46-e1:0a:dc:52:0a:ba-18:b4:9f:e0:28:01',286,177,260,1,NULL,NULL,'2012-03-20','2013-07-23',NULL,NULL,'867.00',0,0,1,0,1,1,NULL,NULL,NULL,NULL,NULL,'--- !ruby/hash:ActiveSupport::HashWithIndifferentAccess\nanschaffungskategorie: AV-Technik\nreference: invoice\numzug: zgeln\nankunftszustand: intakt\n','2013-07-23 01:47:08','2013-07-23 01:47:08'),(271,'u9zt10m95zmw47c437f1187','78:bf:b1:ae:f3:b1-50:2a:6b:2d:e1:80-ce:a7:ef:b4:b9:2b',287,NULL,NULL,1,NULL,NULL,NULL,NULL,NULL,NULL,NULL,0,0,0,0,2,0,NULL,NULL,NULL,NULL,NULL,'--- !ruby/hash:ActiveSupport::HashWithIndifferentAccess\noperating_system:\n- windows\n- linux\n- mac_os_x\nlicense_type: multiple_workplace\ntotal_quantity: 155\nreference: invoice\nactivation_type: none\nmaintenance_contract: \'false\'\n','2013-07-23 01:47:08','2013-07-23 01:47:08'),(272,'wntxeodl7wkz635c618w188','90:73:d2:17:ed:6a-37:4f:77:e3:62:a7-d7:5b:5c:7a:06:b1',288,178,261,3,NULL,NULL,'2008-06-20','2013-07-23',NULL,NULL,'11.00',0,0,1,0,1,1,NULL,NULL,NULL,NULL,NULL,'--- !ruby/hash:ActiveSupport::HashWithIndifferentAccess\nanschaffungskategorie: AV-Technik\nreference: invoice\numzug: zgeln\nankunftszustand: intakt\n','2013-07-23 01:47:08','2013-07-23 01:47:08'),(273,'ofdsxm2lezdt7r6mgsar189','ec:ef:14:aa:c4:0f-70:4e:98:15:26:12-c1:fe:d3:81:fc:2d',288,179,262,14,NULL,NULL,'2011-08-08','2013-07-23',NULL,NULL,'512.00',0,0,1,0,1,1,NULL,NULL,NULL,NULL,NULL,'--- !ruby/hash:ActiveSupport::HashWithIndifferentAccess\nanschaffungskategorie: AV-Technik\nreference: invoice\numzug: zgeln\nankunftszustand: intakt\n','2013-07-23 01:47:08','2013-07-23 01:47:08'),(274,'qmml8n1o47yganmopegp190','1b:ff:52:01:1b:41-6c:75:66:d0:64:1c-41:d1:5a:b7:bf:39',288,180,263,8,NULL,NULL,'2011-03-19','2013-07-23',NULL,NULL,'806.00',0,0,1,0,1,1,NULL,NULL,NULL,NULL,NULL,'--- !ruby/hash:ActiveSupport::HashWithIndifferentAccess\nanschaffungskategorie: AV-Technik\nreference: invoice\numzug: zgeln\nankunftszustand: intakt\n','2013-07-23 01:47:08','2013-07-23 01:47:08');
/*!40000 ALTER TABLE `items` ENABLE KEYS */;
UNLOCK TABLES;

--
-- Table structure for table `languages`
--

DROP TABLE IF EXISTS `languages`;
/*!40101 SET @saved_cs_client     = @@character_set_client */;
/*!40101 SET character_set_client = utf8 */;
CREATE TABLE `languages` (
  `id` int(11) NOT NULL AUTO_INCREMENT,
  `name` varchar(255) COLLATE utf8_unicode_ci DEFAULT NULL,
  `locale_name` varchar(255) COLLATE utf8_unicode_ci DEFAULT NULL,
  `default` tinyint(1) DEFAULT NULL,
  `active` tinyint(1) DEFAULT NULL,
  PRIMARY KEY (`id`),
  UNIQUE KEY `index_languages_on_name` (`name`),
  KEY `index_languages_on_active_and_default` (`active`,`default`)
) ENGINE=InnoDB AUTO_INCREMENT=5 DEFAULT CHARSET=utf8 COLLATE=utf8_unicode_ci;
/*!40101 SET character_set_client = @saved_cs_client */;

--
-- Dumping data for table `languages`
--

LOCK TABLES `languages` WRITE;
/*!40000 ALTER TABLE `languages` DISABLE KEYS */;
INSERT INTO `languages` VALUES (1,'English','en-GB',1,1),(2,'Deutsch','de-CH',0,1),(3,'Castellano','es',0,1),(4,'Zrittsch','gsw-CH',0,1);
/*!40000 ALTER TABLE `languages` ENABLE KEYS */;
UNLOCK TABLES;

--
-- Table structure for table `locations`
--

DROP TABLE IF EXISTS `locations`;
/*!40101 SET @saved_cs_client     = @@character_set_client */;
/*!40101 SET character_set_client = utf8 */;
CREATE TABLE `locations` (
  `id` int(11) NOT NULL AUTO_INCREMENT,
  `room` varchar(255) COLLATE utf8_unicode_ci DEFAULT NULL,
  `shelf` varchar(255) COLLATE utf8_unicode_ci DEFAULT NULL,
  `building_id` int(11) DEFAULT NULL,
  PRIMARY KEY (`id`),
  KEY `index_locations_on_building_id` (`building_id`),
  CONSTRAINT `locations_building_id_fk` FOREIGN KEY (`building_id`) REFERENCES `buildings` (`id`)
) ENGINE=InnoDB AUTO_INCREMENT=181 DEFAULT CHARSET=utf8 COLLATE=utf8_unicode_ci;
/*!40101 SET character_set_client = @saved_cs_client */;

--
-- Dumping data for table `locations`
--

LOCK TABLES `locations` WRITE;
/*!40000 ALTER TABLE `locations` DISABLE KEYS */;
INSERT INTO `locations` VALUES (1,'Inconsequatur','aest',2),(2,'Explicabodeserunt','teneturreiciendis',3),(3,'Doloremdolorum','cupiditateiusto',4),(4,'Excepturisint','officiaconsequuntur',5),(5,'Automnis','exercitationemconsectetur',6),(6,'Illumperferendis','magnaminventore',7),(7,'Similiquedoloribus','occaecatiquis',8),(8,'Autodio','beataeeveniet',9),(9,'Quodab','estnon',10),(10,'Debitisnobis','nemopariatur',11),(11,'Suntexcepturi','iureasperiores',12),(12,'Enimcum','omnisquae',13),(13,'Quiquaerat','autea',14),(14,'Quisrerum','exquaerat',15),(15,'Sapienteet','occaecatisuscipit',16),(16,'Cupiditateautem','magnimaxime',17),(17,'Voluptatemet','estest',18),(18,'Quosimilique','easequi',19),(19,'Doloremquedolores','ettempora',20),(20,'Earumaliquam','ipsasunt',21),(21,'Exercitationemquia','etsequi',22),(22,'Molestiaset','sintquasi',23),(23,'Etqui','nisiut',24),(24,'Veroincidunt','isteipsum',25),(25,'Accusamuscupiditate','voluptatumnon',26),(26,'Etdoloremque','undea',27),(27,'Delenitidignissimos','nullased',28),(28,'Voluptatemvoluptas','nemoreiciendis',29),(29,'Facerevoluptate','corporisnon',30),(30,'Illoporro','deseruntpraesentium',31),(31,'Doloremeligendi','nisieum',32),(32,'Rationesit','reiciendispariatur',33),(33,'Eterror','autemculpa',34),(34,'Harumprovident','siteaque',35),(35,'Maximealiquam','nisiqui',36),(36,'Consequatursequi','doloremqueducimus',37),(37,'SQ2','Desk',38),(38,'UG 13','Ausgabe',39),(39,'Molestiaeoccaecati','voluptatesullam',40),(40,'Quiabeatae','deseruntexercitationem',41),(41,'Eosmaiores','voluptatemveniam',42),(42,'Nesciuntquaerat','inventorea',43),(43,'Quaeratqui','eaaccusantium',44),(44,'Veliteos','estblanditiis',45),(45,'Repellatquis','distinctiosequi',46),(46,'Nemosaepe','cumqueconsequatur',47),(47,'Ipsarerum','quialaudantium',48),(48,'Explicabosed','temporafuga',49),(49,'Autdolores','asperioresest',50),(50,'Placeatrerum','ducimusrerum',51),(51,'Quiasint','veroporro',52),(52,'Velasperiores','doloribusplaceat',53),(53,'Voluptatedolorem','autsuscipit',54),(54,'Quiafacilis','nesciuntmaxime',55),(55,'Maioresquo','nonsit',56),(56,'Accusantiumet','pariaturvoluptatum',57),(57,'Estassumenda','etet',58),(58,'Nonalias','inet',59),(59,'Fugiatdelectus','eligendinon',60),(60,'Eosnecessitatibus','autemenim',61),(61,'Adunde','etdoloremque',62),(62,'Rerumet','culpadolorem',63),(63,'Utaperiam','consequaturaccusamus',64),(64,'Animiquia','dolorrerum',65),(65,'Accusantiumnecessitatibus','quiaut',66),(66,'Perspiciatisvitae','remrerum',67),(67,'Utet','easunt',68),(68,'Fugiatanimi','eumet',69),(69,'Itaqueest','ullamet',70),(70,'Autet','commodiet',71),(71,'Perspiciatisexpedita','quiamagni',72),(72,'Quiharum','impeditet',73),(73,'Expeditanemo','facereenim',74),(74,'Quaeest','similiqueet',75),(75,'Omnisnecessitatibus','estdeleniti',76),(76,'Consequunturlaudantium','cupiditateet',77),(77,'Quiaut','auteius',78),(78,'Etvitae','nemoaut',79),(79,'Voluptasiusto','rationeest',80),(80,'Autullam','autquod',81),(81,'Consequunturexcepturi','natuset',82),(82,'Praesentiumcommodi','utratione',83),(83,'Numquamnon','beataealias',84),(84,'Temporibusea','consecteturoccaecati',85),(85,'Omnisaperiam','iustoipsum',86),(86,'Distinctioet','ametut',87),(87,'Beataeest','sintqui',88),(88,'Doloremest','autanimi',89),(89,'Rerummodi','quaeest',90),(90,'Sintsapiente','voluptateperspiciatis',91),(91,'Eanumquam','tenetureveniet',92),(92,'Deseruntvoluptatum','culpasit',93),(93,'Verofugit','autut',94),(94,'Fugitvoluptatem','temporesed',95),(95,'Utquasi','quilaborum',96),(96,'Idcupiditate','voluptateveritatis',97),(97,'Idut','quiet',98),(98,'Omnisiusto','earumpariatur',99),(99,'Consequaturomnis','ipsummolestiae',100),(100,'Explicaboenim','corporisdoloribus',101),(101,'Eosrepellat','doloreodit',102),(102,'Rationeaut','quidemaut',103),(103,'Repellendussoluta','cumaliquid',104),(104,'Magninesciunt','eligendidolorem',105),(105,'Deseruntsuscipit','inventorequi',106),(106,'Voluptatemlaboriosam','nobisqui',107),(107,'Omnisexercitationem','etut',108),(108,'Idsaepe','utaut',109),(109,'Repudiandaesint','nonducimus',110),(110,'Placeatducimus','cumminima',111),(111,'Nihilsoluta','etquae',112),(112,'Utet','eiusvoluptatem',113),(113,'Voluptateut','veniamdeleniti',114),(114,'Doloresmolestias','occaecatiet',115),(115,'Voluptasea','rerummagni',116),(116,'Providentquod','odioet',117),(117,'Quisquamqui','dignissimoseum',119),(118,'Eligendiqui','undevel',120),(119,'Enimnemo','quasidignissimos',121),(120,'Magnianimi','cupiditateblanditiis',122),(121,'Eumcum','cumaut',123),(122,'Ipsacum','consecteturut',124),(123,'Quiaquia','utnon',125),(124,'Utvoluptatem','magniqui',126),(125,'Iurequi','abporro',127),(126,'Dictaofficiis','estarchitecto',128),(127,'Utnisi','aspernaturdolor',129),(128,'Incidunteveniet','modimolestias',130),(129,'Eligendiiure','dictarecusandae',131),(130,'Utaut','itaqueet',132),(131,'Earumamet','magniat',133),(132,'Aliassapiente','omnisqui',134),(133,'Suntaut','rerumdolorem',135),(134,'Laborumiste','utsunt',136),(135,'Cumest','commodiblanditiis',137),(136,'Ipsumminus','similiqueea',138),(137,'Doloreseum','utnam',139),(138,'Etdolorum','quodsed',140),(139,'Voluptatemut','abdicta',141),(140,'Remitaque','illumullam',142),(141,'Quaeratplaceat','eosquasi',143),(142,'Dolorvoluptas','veroest',144),(143,'Exercitationemmolestias','inciduntquidem',145),(144,'Eiusest','asperioresvel',146),(145,'Eligendirerum','etomnis',147),(146,'Estsed','voluptatemlaboriosam',148),(147,'Quiillo','nihilquia',149),(148,'Iureet','doloribusea',150),(149,'Nullaquia','isteenim',151),(150,'Iureinventore','impeditsed',152),(151,'Autsed','consequaturnulla',153),(152,'Etexpedita','dolorespariatur',154),(153,'Fugafacere','nonsit',155),(154,'Exercitationemtempora','errorculpa',156),(155,'Sapienteaut','etadipisci',157),(156,'Quiid','repellatsed',158),(157,'Accusantiumad','officiamolestiae',159),(158,'Earumea','eosdicta',160),(159,'Dictamolestiae','velquam',161),(160,'Voluptatemmolestiae','sedharum',162),(161,'Dolorrepudiandae','voluptatumsint',163),(162,'Estminima','eoset',164),(163,'Temporeest','molestiasqui',165),(164,'Magnamnihil','exercitationemaspernatur',166),(165,'Esseullam','harumeos',167),(166,'Autculpa','etquam',168),(167,'Consecteturconsequatur','eaquetenetur',169),(168,'Estofficia','quaeratdelectus',170),(169,'Ducimuscommodi','suntlibero',171),(170,'Exercitationemvero','consequunturminus',172),(171,'Minimaet','aqui',173),(172,'Consequaturanimi','liberoaut',174),(173,'Velitdolorum','nihilut',175),(174,'Etest','sintquo',176),(175,'Dictamolestias','sintunde',177),(176,'Deseruntqui','estdolorum',178),(177,'Autemvero','illumeos',179),(178,'Etasperiores','etautem',180),(179,'Estdeleniti','facilisnecessitatibus',181),(180,'Corporiscupiditate','etfugiat',182);
/*!40000 ALTER TABLE `locations` ENABLE KEYS */;
UNLOCK TABLES;

--
-- Table structure for table `model_group_links`
--

DROP TABLE IF EXISTS `model_group_links`;
/*!40101 SET @saved_cs_client     = @@character_set_client */;
/*!40101 SET character_set_client = utf8 */;
CREATE TABLE `model_group_links` (
  `id` int(11) NOT NULL AUTO_INCREMENT,
  `ancestor_id` int(11) DEFAULT NULL,
  `descendant_id` int(11) DEFAULT NULL,
  `direct` tinyint(1) DEFAULT NULL,
  `count` int(11) DEFAULT NULL,
  `label` varchar(255) COLLATE utf8_unicode_ci DEFAULT NULL,
  PRIMARY KEY (`id`),
  KEY `index_model_group_links_on_ancestor_id` (`ancestor_id`),
  KEY `index_model_group_links_on_direct` (`direct`),
  KEY `index_on_descendant_id_and_ancestor_id_and_direct` (`descendant_id`,`ancestor_id`,`direct`),
  CONSTRAINT `model_group_links_descendant_id_fk` FOREIGN KEY (`descendant_id`) REFERENCES `model_groups` (`id`) ON DELETE CASCADE,
  CONSTRAINT `model_group_links_ancestor_id_fk` FOREIGN KEY (`ancestor_id`) REFERENCES `model_groups` (`id`) ON DELETE CASCADE
) ENGINE=InnoDB AUTO_INCREMENT=9 DEFAULT CHARSET=utf8 COLLATE=utf8_unicode_ci;
/*!40101 SET character_set_client = @saved_cs_client */;

--
-- Dumping data for table `model_group_links`
--

LOCK TABLES `model_group_links` WRITE;
/*!40000 ALTER TABLE `model_group_links` DISABLE KEYS */;
INSERT INTO `model_group_links` VALUES (1,2,10,1,1,NULL),(2,2,8,1,1,NULL),(3,5,10,1,1,NULL),(4,5,9,1,1,NULL),(5,1,9,1,1,NULL),(6,1,11,0,1,NULL),(7,5,11,0,1,NULL),(8,9,11,1,1,NULL);
/*!40000 ALTER TABLE `model_group_links` ENABLE KEYS */;
UNLOCK TABLES;

--
-- Table structure for table `model_groups`
--

DROP TABLE IF EXISTS `model_groups`;
/*!40101 SET @saved_cs_client     = @@character_set_client */;
/*!40101 SET character_set_client = utf8 */;
CREATE TABLE `model_groups` (
  `id` int(11) NOT NULL AUTO_INCREMENT,
  `type` varchar(255) COLLATE utf8_unicode_ci DEFAULT NULL,
  `name` varchar(255) COLLATE utf8_unicode_ci DEFAULT NULL,
  `created_at` datetime DEFAULT NULL,
  `updated_at` datetime DEFAULT NULL,
  PRIMARY KEY (`id`),
  KEY `index_model_groups_on_type` (`type`)
) ENGINE=InnoDB AUTO_INCREMENT=15 DEFAULT CHARSET=utf8 COLLATE=utf8_unicode_ci;
/*!40101 SET character_set_client = @saved_cs_client */;

--
-- Dumping data for table `model_groups`
--

LOCK TABLES `model_groups` WRITE;
/*!40000 ALTER TABLE `model_groups` DISABLE KEYS */;
INSERT INTO `model_groups` VALUES (1,'Category','Beamer','2013-07-23 01:47:08','2013-07-23 01:47:08'),(2,'Category','Kameras','2013-07-23 01:47:08','2013-07-23 01:47:08'),(3,'Category','Stative','2013-07-23 01:47:08','2013-07-23 01:47:08'),(4,'Category','Hifi-Anlagen','2013-07-23 01:47:08','2013-07-23 01:47:08'),(5,'Category','Notebooks','2013-07-23 01:47:08','2013-07-23 01:47:08'),(6,'Category','RC Helikopter','2013-07-23 01:47:08','2013-07-23 01:47:08'),(7,'Category','Computer','2013-07-23 01:47:08','2013-07-23 01:47:08'),(8,'Category','Kurzdistanz','2013-07-23 01:47:08','2013-07-23 01:47:08'),(9,'Category','Portabel','2013-07-23 01:47:08','2013-07-23 01:47:08'),(10,'Category','Standard','2013-07-23 01:47:08','2013-07-23 01:47:08'),(11,'Category','Micro','2013-07-23 01:47:08','2013-07-23 01:47:08'),(12,'Template','Kamera & Stativ','2013-07-23 01:47:08','2013-07-23 01:47:08'),(13,'Template','Beamer & Hifi','2013-07-23 01:47:08','2013-07-23 01:47:08'),(14,'Template','Unaccomplishable template','2013-07-23 01:47:08','2013-07-23 01:47:08');
/*!40000 ALTER TABLE `model_groups` ENABLE KEYS */;
UNLOCK TABLES;

--
-- Table structure for table `model_links`
--

DROP TABLE IF EXISTS `model_links`;
/*!40101 SET @saved_cs_client     = @@character_set_client */;
/*!40101 SET character_set_client = utf8 */;
CREATE TABLE `model_links` (
  `id` int(11) NOT NULL AUTO_INCREMENT,
  `model_group_id` int(11) DEFAULT NULL,
  `model_id` int(11) DEFAULT NULL,
  `quantity` int(11) DEFAULT '1',
  PRIMARY KEY (`id`),
  KEY `index_model_links_on_model_id_and_model_group_id` (`model_id`,`model_group_id`),
  KEY `index_model_links_on_model_group_id_and_model_id` (`model_group_id`,`model_id`),
  CONSTRAINT `model_links_model_id_fk` FOREIGN KEY (`model_id`) REFERENCES `models` (`id`) ON DELETE CASCADE,
  CONSTRAINT `model_links_model_group_id_fk` FOREIGN KEY (`model_group_id`) REFERENCES `model_groups` (`id`) ON DELETE CASCADE
) ENGINE=InnoDB AUTO_INCREMENT=73 DEFAULT CHARSET=utf8 COLLATE=utf8_unicode_ci;
/*!40101 SET character_set_client = @saved_cs_client */;

--
-- Dumping data for table `model_links`
--

LOCK TABLES `model_links` WRITE;
/*!40000 ALTER TABLE `model_links` DISABLE KEYS */;
INSERT INTO `model_links` VALUES (1,1,50,1),(2,9,50,1),(3,1,51,1),(4,1,52,1),(5,1,54,1),(6,9,54,1),(7,11,55,1),(8,1,56,1),(9,1,57,1),(10,1,58,1),(11,1,59,1),(12,1,60,1),(13,1,61,1),(14,1,62,1),(15,1,63,1),(16,1,64,1),(17,1,65,1),(18,1,66,1),(19,1,67,1),(20,1,68,1),(21,1,69,1),(22,1,70,1),(23,1,71,1),(24,1,72,1),(25,1,73,1),(26,1,74,1),(27,1,75,1),(28,2,76,1),(29,2,77,1),(30,2,78,1),(31,2,79,1),(32,2,80,1),(33,2,81,1),(34,2,82,1),(35,2,83,1),(36,2,84,1),(37,2,85,1),(38,2,86,1),(39,2,87,1),(40,2,88,1),(41,2,89,1),(42,2,90,1),(43,2,91,1),(44,2,92,1),(45,2,93,1),(46,2,94,1),(47,2,95,1),(48,2,96,1),(49,2,97,1),(50,2,98,1),(51,2,99,1),(52,2,100,1),(53,2,101,1),(54,2,102,1),(55,2,103,1),(56,2,104,1),(57,2,105,1),(58,2,106,1),(59,4,107,1),(60,3,108,1),(61,12,76,1),(62,12,108,1),(63,13,50,1),(64,13,107,1),(65,14,76,999),(66,14,108,999),(67,2,141,1),(68,7,142,1),(69,5,143,1),(70,6,144,1),(71,6,145,1),(72,6,146,1);
/*!40000 ALTER TABLE `model_links` ENABLE KEYS */;
UNLOCK TABLES;

--
-- Table structure for table `models`
--

DROP TABLE IF EXISTS `models`;
/*!40101 SET @saved_cs_client     = @@character_set_client */;
/*!40101 SET character_set_client = utf8 */;
CREATE TABLE `models` (
  `id` int(11) NOT NULL AUTO_INCREMENT,
  `type` varchar(255) COLLATE utf8_unicode_ci NOT NULL DEFAULT 'Model',
  `manufacturer` varchar(255) COLLATE utf8_unicode_ci DEFAULT NULL,
  `product` varchar(255) COLLATE utf8_unicode_ci NOT NULL,
  `version` varchar(255) COLLATE utf8_unicode_ci DEFAULT NULL,
  `description` text COLLATE utf8_unicode_ci,
  `internal_description` text COLLATE utf8_unicode_ci,
  `info_url` varchar(255) COLLATE utf8_unicode_ci DEFAULT NULL,
  `rental_price` decimal(8,2) DEFAULT NULL,
  `maintenance_period` int(11) DEFAULT '0',
  `is_package` tinyint(1) DEFAULT '0',
  `technical_detail` text COLLATE utf8_unicode_ci,
  `hand_over_note` text COLLATE utf8_unicode_ci,
  `created_at` datetime DEFAULT NULL,
  `updated_at` datetime DEFAULT NULL,
  PRIMARY KEY (`id`),
  KEY `index_models_on_is_package` (`is_package`),
  KEY `index_models_on_type` (`type`)
) ENGINE=InnoDB AUTO_INCREMENT=292 DEFAULT CHARSET=utf8 COLLATE=utf8_unicode_ci;
/*!40101 SET character_set_client = @saved_cs_client */;

--
-- Dumping data for table `models`
--

LOCK TABLES `models` WRITE;
/*!40000 ALTER TABLE `models` DISABLE KEYS */;
INSERT INTO `models` VALUES (1,'Model','Casper, Carroll and Feest','Intelligent Rubber Chair','1','Aspernatur et est ut quis iure.','Enim autem natus voluptate.',NULL,NULL,3,0,'Similique voluptatem quis incidunt minima quia tenetur nostrum qui.','Impedit ab est ut qui doloribus quaerat.','2013-07-23 01:47:08','2013-07-23 01:47:08'),(2,'Model','Hoeger-Carter','Awesome Plastic Car','2','Id sint est quidem earum.','Suscipit est quia iste nobis eum.',NULL,NULL,1,0,'Quia nihil fugiat sed laborum impedit qui sed.','Et ipsam in quo ad odit aut veritatis.','2013-07-23 01:47:08','2013-07-23 01:47:08'),(3,'Model','Blanda, Denesik and Legros','Practical Concrete Chair','3','Nesciunt iusto amet alias ea aliquid dolorum explicabo.','Saepe adipisci sed est consequatur.',NULL,NULL,0,0,'Nihil qui necessitatibus architecto et nulla.','Nobis iusto quasi corrupti.','2013-07-23 01:47:08','2013-07-23 01:47:08'),(4,'Model','Johnson Group','Fantastic Plastic Hat','4','Incidunt delectus maiores inventore qui porro aut in aspernatur.','Ratione dolorem voluptatem consequatur eligendi velit rerum facere debitis.',NULL,NULL,2,0,'Aut sint autem assumenda ut odio eligendi.','Architecto aut adipisci magnam ipsam necessitatibus.','2013-07-23 01:47:08','2013-07-23 01:47:08'),(5,'Model','Volkman Group','Fantastic Concrete Gloves','5','Quae quasi ab facere et.','Ad quas minima ut.',NULL,NULL,1,0,'Rem reprehenderit repellat consequatur aperiam magnam voluptatibus blanditiis odio.','Ea quidem sapiente earum.','2013-07-23 01:47:08','2013-07-23 01:47:08'),(6,'Model','Kunde Inc','Rustic Steel Pants','6','Totam qui quis dolores.','Aliquid velit sit occaecati quibusdam et natus nihil sit.',NULL,NULL,3,0,'Dolor et similique iusto sit ratione natus vel iste.','Suscipit hic voluptas est.','2013-07-23 01:47:08','2013-07-23 01:47:08'),(7,'Model','Cronin, Padberg and Bruen','Rustic Steel Hat','7','Repudiandae distinctio eum aliquid ut incidunt ad.','Molestias eius quis maiores perspiciatis atque nam et.',NULL,NULL,2,0,'Molestias beatae recusandae in repellendus soluta ratione.','Ipsum qui minima et tempore sunt aliquid aperiam sapiente.','2013-07-23 01:47:08','2013-07-23 01:47:08'),(8,'Model','Brekke, Ondricka and Oberbrunner','Ergonomic Granite Shoes','8','Maxime dolores libero est ut.','Labore rerum ut vel harum expedita molestiae.',NULL,NULL,3,0,'Sunt quae reprehenderit dolorum aperiam deleniti.','Et voluptatem blanditiis culpa rerum maiores.','2013-07-23 01:47:08','2013-07-23 01:47:08'),(9,'Model','Kilback LLC','Rustic Cotton Shoes','9','Asperiores sunt est enim minus.','Molestias est non quaerat soluta voluptas.',NULL,NULL,3,0,'Sed ipsum laboriosam amet consectetur.','Repudiandae maiores qui ut asperiores quibusdam ab nemo rerum.','2013-07-23 01:47:08','2013-07-23 01:47:08'),(10,'Model','Jakubowski-Lowe','Small Wooden Shirt','10','Earum odio voluptates quis ut amet ullam ut.','Aliquam harum molestiae nostrum omnis soluta aut perferendis.',NULL,NULL,0,0,'Earum voluptatem aliquid ratione rerum illum inventore repudiandae.','Reiciendis voluptas id ducimus eos corporis officia dicta.','2013-07-23 01:47:08','2013-07-23 01:47:08'),(11,'Model','Cole-Shields','Practical Plastic Hat','11','Atque consectetur tempore numquam.','Architecto consequatur veniam labore et modi.',NULL,NULL,0,0,'In non qui quia nemo id velit.','Et necessitatibus officia alias.','2013-07-23 01:47:08','2013-07-23 01:47:08'),(12,'Model','Kuhic-Skiles','Rustic Concrete Hat','12','Ea doloribus quae unde esse et.','Aut amet non aliquid fuga consequatur ut provident.',NULL,NULL,2,0,'Velit et voluptate tempore est voluptas velit.','Possimus illum ex eos.','2013-07-23 01:47:08','2013-07-23 01:47:08'),(13,'Model','Runte and Sons','Ergonomic Cotton Car','13','Libero velit quod est eos maiores tempore.','Omnis eaque sit voluptas et distinctio.',NULL,NULL,3,0,'Veniam qui quaerat blanditiis.','Fuga rem sequi non ut aut consequatur corrupti.','2013-07-23 01:47:08','2013-07-23 01:47:08'),(14,'Model','Wolff, Wintheiser and Feeney','Intelligent Concrete Gloves','14','Et dolorem suscipit ex rerum aspernatur distinctio.','Dolorum quas alias dicta ipsum velit.',NULL,NULL,0,0,'Earum suscipit cupiditate accusantium ex.','Consequatur aliquam ipsam sed corporis harum veritatis.','2013-07-23 01:47:08','2013-07-23 01:47:08'),(15,'Model','Farrell-Terry','Rustic Cotton Chair','15','Incidunt iure placeat fugiat voluptas sit.','Animi delectus consequatur omnis quae ut rem sed.',NULL,NULL,2,0,'Cum amet sit nemo possimus optio dicta.','Et quos tempora sint tenetur beatae cumque doloremque.','2013-07-23 01:47:08','2013-07-23 01:47:08'),(16,'Model','Wiegand, Denesik and Halvorson','Awesome Plastic Table','16','Voluptates sunt illo et occaecati ex aspernatur eius rerum.','Nemo excepturi quia nostrum.',NULL,NULL,2,0,'Excepturi expedita enim magnam.','Illum ut unde animi magnam dolore.','2013-07-23 01:47:08','2013-07-23 01:47:08'),(17,'Model','Nicolas and Sons','Ergonomic Steel Car','17','Et ut fugit mollitia enim odit.','Autem qui repellat accusantium omnis.',NULL,NULL,0,0,'Et sit voluptatem natus quae pariatur ut est qui.','Sint ut deserunt et.','2013-07-23 01:47:08','2013-07-23 01:47:08'),(18,'Model','Ziemann, Glover and Mante','Intelligent Plastic Table','18','Autem dignissimos magnam pariatur non inventore.','Enim ut corrupti et aut tenetur eos.',NULL,NULL,1,0,'Natus debitis itaque deserunt quidem dolorem quod.','Tempore autem assumenda itaque quod doloribus mollitia.','2013-07-23 01:47:08','2013-07-23 01:47:08'),(19,'Model','Rowe-Ferry','Sleek Steel Pants','19','Nihil ut quisquam fugit culpa totam.','Repellendus id beatae a.',NULL,NULL,3,0,'Cumque tempora voluptatibus fuga deleniti.','Dolorem explicabo dolor quod nostrum.','2013-07-23 01:47:08','2013-07-23 01:47:08'),(20,'Model','Witting, Schoen and Lang','Awesome Plastic Pants','20','Voluptatibus ullam rem sit culpa ut minima voluptatem et.','Possimus repudiandae sit doloremque nostrum quos.',NULL,NULL,0,0,'Autem id nulla reiciendis est minus ratione.','Sed autem atque architecto facere quos doloremque quia.','2013-07-23 01:47:08','2013-07-23 01:47:08'),(21,'Model','Howell, Labadie and White','Incredible Steel Chair','21','Quis unde et qui alias sed.','Voluptatem quaerat consequatur dolores tempore placeat.',NULL,NULL,2,0,'Quos id impedit deleniti aut error tempore occaecati exercitationem.','Porro ratione nemo excepturi quia quaerat voluptatem quis voluptatum.','2013-07-23 01:47:08','2013-07-23 01:47:08'),(22,'Model','Koss, Predovic and Osinski','Practical Cotton Hat','22','Qui quis voluptatum cupiditate ut nobis quo accusantium.','Commodi sed atque earum ut voluptatem quisquam et omnis.',NULL,NULL,3,0,'Veniam voluptatem natus eos.','Iure dolor voluptas repellat nostrum eum.','2013-07-23 01:47:08','2013-07-23 01:47:08'),(23,'Model','Blanda-Cassin','Awesome Concrete Shirt','23','Repellat libero recusandae cum unde optio consequatur.','Illum officia architecto aspernatur similique nam.',NULL,NULL,1,0,'Eius officia deleniti exercitationem illum architecto adipisci est.','Earum et dolorem magni.','2013-07-23 01:47:08','2013-07-23 01:47:08'),(24,'Model','Kshlerin, Wiegand and Balistreri','Awesome Concrete Shoes','24','Unde error quidem et omnis veniam illo porro.','Nihil ut recusandae beatae vel debitis inventore eos.',NULL,NULL,0,0,'Eos magnam quia alias laudantium est optio.','Molestias saepe quisquam ad quo et.','2013-07-23 01:47:08','2013-07-23 01:47:08'),(25,'Model','Wintheiser and Sons','Practical Steel Computer','25','Quidem ea natus tenetur autem.','Ratione ipsam hic et eius.',NULL,NULL,1,0,'Molestiae aut placeat exercitationem neque reprehenderit.','Aut ea harum totam et tenetur libero quas voluptatibus.','2013-07-23 01:47:08','2013-07-23 01:47:08'),(26,'Model','Vandervort, Upton and Marquardt','Gorgeous Granite Shirt','26','Sunt error quo ex nihil iste voluptatum omnis.','Aliquid ut quis asperiores debitis quas nesciunt.',NULL,NULL,3,0,'Ullam id rerum sit.','Ipsa saepe laudantium sed qui.','2013-07-23 01:47:08','2013-07-23 01:47:08'),(27,'Model','Grady-Beer','Sleek Plastic Pants','27','Voluptatum dolorum consequatur fuga repellendus omnis quo veniam.','Qui ea possimus odio molestiae.',NULL,NULL,2,0,'Nobis culpa in ab.','Voluptatem ab quis harum error et ducimus neque reprehenderit.','2013-07-23 01:47:08','2013-07-23 01:47:08'),(28,'Model','Emmerich-Schaden','Sleek Steel Computer','28','Sapiente tempore dignissimos ab.','Enim quis dolores ut eum quia maiores animi.',NULL,NULL,2,0,'Non vero quia blanditiis voluptatum non.','Autem impedit aut animi.','2013-07-23 01:47:08','2013-07-23 01:47:08'),(29,'Model','Ernser-Paucek','Incredible Wooden Shoes','29','Sed aut blanditiis et et molestias doloremque qui consequatur.','Voluptatem quas iste vel qui itaque maiores.',NULL,NULL,2,0,'Est qui eos vitae.','Vel modi ullam sunt laborum repudiandae neque.','2013-07-23 01:47:08','2013-07-23 01:47:08'),(30,'Model','Kiehn LLC','Ergonomic Steel Gloves','30','Dignissimos fuga esse eveniet molestiae reiciendis recusandae iure.','Tempora quis explicabo aspernatur commodi temporibus.',NULL,NULL,3,0,'Dolorem ea esse ex dolore aut distinctio praesentium sapiente.','Temporibus possimus excepturi esse aspernatur et.','2013-07-23 01:47:08','2013-07-23 01:47:08'),(31,'Model','Daugherty, Waters and Nolan','Practical Concrete Gloves','31','Est facere consectetur ut consequatur sit magnam.','Consequatur quisquam in tempora autem libero.',NULL,NULL,0,0,'Animi maiores odio quia adipisci.','Mollitia quasi suscipit rem labore est vel assumenda.','2013-07-23 01:47:08','2013-07-23 01:47:08'),(32,'Model','Dickinson, Dooley and Romaguera','Sleek Wooden Table','32','Sed soluta dolor minus dicta est.','Excepturi et expedita libero.',NULL,NULL,0,0,'Sint fugiat id id et natus architecto.','Et assumenda in aut molestiae facere atque.','2013-07-23 01:47:08','2013-07-23 01:47:08'),(33,'Model','Nienow, Lebsack and Marvin','Ergonomic Plastic Shoes','33','Odio consequuntur voluptatem repellat rerum.','Voluptates recusandae eos sit.',NULL,NULL,2,0,'Fuga quae esse commodi minima.','Iure quibusdam reprehenderit perferendis omnis et architecto hic.','2013-07-23 01:47:08','2013-07-23 01:47:08'),(34,'Model','Beer-Streich','Fantastic Cotton Gloves','34','Nulla sint vero reiciendis et ipsum.','Esse dolorem dignissimos aliquam similique incidunt odio voluptas.',NULL,NULL,3,0,'Ab blanditiis neque maxime harum qui voluptatem qui.','Adipisci qui recusandae error placeat minus.','2013-07-23 01:47:08','2013-07-23 01:47:08'),(35,'Model','Toy and Sons','Fantastic Wooden Car','35','Maiores possimus eos nam consequatur mollitia reprehenderit.','Laudantium natus ea minus dolore eligendi harum sunt.',NULL,NULL,1,0,'Libero labore tenetur molestiae.','Praesentium quis animi architecto molestias in totam ab.','2013-07-23 01:47:08','2013-07-23 01:47:08'),(36,'Model','Beahan LLC','Gorgeous Steel Gloves','36','Omnis eligendi magni pariatur fugit ut culpa provident facilis.','Impedit accusamus enim pariatur distinctio nostrum.',NULL,NULL,0,0,'Et nisi adipisci neque ab odit ut.','Ipsa et voluptatibus aspernatur modi quia repudiandae.','2013-07-23 01:47:08','2013-07-23 01:47:08'),(37,'Model','Schoen-Schultz','Sleek Steel Gloves','37','Dolores rerum cum aut eos quia.','Eos ab natus ut voluptas deserunt dicta beatae.',NULL,NULL,3,0,'Incidunt quia aspernatur dolorum iusto asperiores et.','Doloremque illum nam in voluptatem beatae minus officia.','2013-07-23 01:47:08','2013-07-23 01:47:08'),(38,'Model','Legros-Ryan','Fantastic Granite Hat','38','Animi nobis autem et veritatis.','Nostrum eveniet dicta et aspernatur iure vero libero porro.',NULL,NULL,3,0,'Saepe et reprehenderit voluptatem quae qui quis eum.','Iusto facere rerum sed reprehenderit quas.','2013-07-23 01:47:08','2013-07-23 01:47:08'),(39,'Model','Schneider, Hessel and Koss','Gorgeous Concrete Car','39','Veniam quo sed ipsum.','Omnis ut temporibus in nisi quia quasi dolores totam.',NULL,NULL,3,0,'Consequuntur quis ipsam explicabo.','Dolor nobis illo accusantium omnis.','2013-07-23 01:47:08','2013-07-23 01:47:08'),(40,'Model','Watsica, Leuschke and Dare','Awesome Plastic Shoes','40','Possimus temporibus perferendis qui ex eligendi alias.','Sunt quia voluptatem asperiores fugit.',NULL,NULL,2,0,'Sint neque fugit quod perferendis esse laboriosam consequatur.','Aspernatur ipsum possimus natus officia voluptatem itaque ab adipisci.','2013-07-23 01:47:08','2013-07-23 01:47:08'),(41,'Model','Yost-Steuber','Ergonomic Steel Chair','41','Ut deserunt tenetur nam.','Magni dicta dignissimos dolorem quisquam possimus.',NULL,NULL,1,0,'Quibusdam aut laboriosam dolore ab sint.','Aut ea eos vel.','2013-07-23 01:47:08','2013-07-23 01:47:08'),(42,'Model','Gutmann Inc','Awesome Rubber Pants','42','Et pariatur quidem corrupti molestiae quod dolores.','Corrupti magnam omnis nihil velit vel quia.',NULL,NULL,3,0,'Ut qui sit similique autem commodi voluptates veritatis in.','Neque quis aliquam cum at quo.','2013-07-23 01:47:08','2013-07-23 01:47:08'),(43,'Model','Predovic, Smith and Kuhlman','Small Rubber Shirt','43','Sit rerum et aut totam.','Pariatur omnis sed qui.',NULL,NULL,0,0,'Non quibusdam quasi ea illo sunt voluptatibus quia quidem.','Ratione ipsam pariatur eius.','2013-07-23 01:47:08','2013-07-23 01:47:08'),(44,'Model','Wiegand, Herzog and Jacobson','Intelligent Steel Car','44','Quia quasi voluptatibus repudiandae reprehenderit dolores in maiores.','Laboriosam quaerat consequatur autem itaque totam adipisci.',NULL,NULL,3,0,'Delectus ad repellendus id.','Harum repudiandae velit distinctio voluptatum fuga voluptas.','2013-07-23 01:47:08','2013-07-23 01:47:08'),(45,'Model','Conn-Glover','Incredible Rubber Chair','45','Iste aut esse aut voluptatum velit rerum id.','Dolores distinctio magni doloremque ut beatae.',NULL,NULL,1,0,'Unde numquam distinctio nihil officia et.','Quaerat ut velit reiciendis cum.','2013-07-23 01:47:08','2013-07-23 01:47:08'),(46,'Model','Blick-Fisher','Sleek Rubber Shoes','46','Inventore ab sapiente voluptas quod.','Omnis eum impedit hic.',NULL,NULL,2,0,'Numquam commodi est harum ducimus omnis nulla.','Ipsum quia veniam et perferendis.','2013-07-23 01:47:08','2013-07-23 01:47:08'),(47,'Model','Bashirian LLC','Small Rubber Table','47','Nobis aut ex sunt suscipit omnis.','Neque dolore non ut exercitationem rerum.',NULL,NULL,2,0,'Provident labore nihil laudantium consequatur occaecati sunt voluptatem.','Sit id omnis aspernatur in eos est.','2013-07-23 01:47:08','2013-07-23 01:47:08'),(48,'Model','Toy, Upton and Rosenbaum','Awesome Cotton Shoes','48','Aut qui dolorum facilis omnis.','Nemo optio blanditiis et rerum qui.',NULL,NULL,0,0,'A et est vitae ut.','Illum eius molestiae minima aut sequi.','2013-07-23 01:47:08','2013-07-23 01:47:08'),(49,'Model','Apple','MacBookPro','49','Laptop fr Studis und Angestellte.','Incidunt illo dolores quae cumque totam unde sit quo.',NULL,NULL,0,0,'Numquam atque voluptatibus optio sequi reiciendis fuga non.','Mit Verpackung aushndigen.','2013-07-23 01:47:08','2013-07-23 01:47:08'),(50,'Model','Sharp','Sharp Beamer','123','Beamer, geeignet fr alle Verwendungszwecke.','Enim voluptas dolore sit porro perspiciatis iure dolores nesciunt.',NULL,NULL,0,0,'Et praesentium labore ullam omnis facilis est.','Beamer brauch ein VGA Kabel!','2013-07-23 01:47:08','2013-07-23 01:47:08'),(51,'Model','Sharp','Sharp Beamer 2D','50','Beamer, geeignet fr alle Verwendungszwecke.','Impedit enim amet exercitationem ut aut sunt explicabo sit.',NULL,NULL,0,0,'Nostrum quo ea adipisci cum accusantium voluptatem.','Voluptatem et omnis quasi suscipit porro dolores praesentium.','2013-07-23 01:47:08','2013-07-23 01:47:08'),(52,'Model','Panasonic','Mini Beamer','51','Beamer, geeignet fr alle Verwendungszwecke.','Cum voluptas dolores perspiciatis error aperiam qui praesentium culpa.',NULL,NULL,0,0,'Expedita voluptatum laudantium corporis et in.','Nihil eveniet similique unde labore aliquid expedita sit voluptas.','2013-07-23 01:47:08','2013-07-23 01:47:08'),(53,'Model','Sharp','Sharp Beamer','456','Beamer, geeignet fr alle Verwendungszwecke.','Id qui vel magnam quae ab.',NULL,NULL,0,0,'Aut aliquid qui aspernatur aliquam.','Beamer brauch ein VGA Kabel!','2013-07-23 01:47:08','2013-07-23 01:47:08'),(54,'Model','Sony','Ultra Compact Beamer','52','Besonders kleiner Beamer.','Dolorum ex dolor optio magnam.',NULL,NULL,0,0,'Excepturi repudiandae modi et illo error.','Beamer brauch ein VGA Kabel!','2013-07-23 01:47:08','2013-07-23 01:47:08'),(55,'Model','Micro','Micro Beamer','53','Besonders mikro kleiner Beamer.','Quod nemo sint est iure vitae commodi adipisci.',NULL,NULL,0,0,'Sit eos cumque perspiciatis accusamus quam nulla aut.','Beamer brauch ein VGA Kabel!','2013-07-23 01:47:08','2013-07-23 01:47:08'),(56,'Model','Sony','Beamer 1 quae','54','Cumque qui maxime inventore suscipit reiciendis voluptas.','Excepturi fuga blanditiis unde.',NULL,NULL,0,0,'Culpa incidunt illo sed eum iste ab ipsum.','Beamer brauch ein VGA Kabel!','2013-07-23 01:47:08','2013-07-23 01:47:08'),(57,'Model','Sony','Beamer 2 autem','55','Laudantium et est magnam sunt libero.','Porro distinctio sunt corporis repellat accusamus eaque.',NULL,NULL,0,0,'Non fugit magni repellendus et dolores commodi dolorem consequatur.','Beamer brauch ein VGA Kabel!','2013-07-23 01:47:08','2013-07-23 01:47:08'),(58,'Model','Sony','Beamer 3 accusamus','56','Dolorum atque vero occaecati autem.','Eum minima cum voluptate velit aut et unde.',NULL,NULL,0,0,'Nulla soluta quos error non laborum sequi non ratione.','Beamer brauch ein VGA Kabel!','2013-07-23 01:47:08','2013-07-23 01:47:08'),(59,'Model','Sony','Beamer 4 aut','57','Nihil qui dolor saepe doloremque harum illo dicta est.','Rerum tenetur delectus assumenda necessitatibus nam.',NULL,NULL,0,0,'Harum aut quia ipsam placeat cupiditate facere quibusdam voluptatem.','Beamer brauch ein VGA Kabel!','2013-07-23 01:47:08','2013-07-23 01:47:08'),(60,'Model','Sony','Beamer 5 amet','58','Reprehenderit ipsa sed laudantium saepe qui et sequi in.','Quo non beatae expedita omnis consequatur vero vel repellendus.',NULL,NULL,0,0,'Neque velit quas enim nobis.','Beamer brauch ein VGA Kabel!','2013-07-23 01:47:08','2013-07-23 01:47:08'),(61,'Model','Sony','Beamer 6 eaque','59','Et laborum dolorem consequatur.','Magni ex neque veniam eaque.',NULL,NULL,0,0,'Facilis et deserunt sunt ut quo et.','Beamer brauch ein VGA Kabel!','2013-07-23 01:47:08','2013-07-23 01:47:08'),(62,'Model','Sony','Beamer 7 illo','60','Consequatur eaque animi aspernatur corporis.','Sequi nobis culpa eos molestiae quas.',NULL,NULL,0,0,'Corrupti inventore voluptate debitis.','Beamer brauch ein VGA Kabel!','2013-07-23 01:47:08','2013-07-23 01:47:08'),(63,'Model','Sony','Beamer 8 ab','61','Illo explicabo placeat quo.','Necessitatibus voluptatem corrupti autem qui minus molestiae est.',NULL,NULL,0,0,'Voluptatibus eveniet sit dolores accusamus fuga ut commodi.','Beamer brauch ein VGA Kabel!','2013-07-23 01:47:08','2013-07-23 01:47:08'),(64,'Model','Sony','Beamer 9 quia','62','Sed nobis totam a ratione asperiores.','Aperiam quibusdam commodi consequatur molestiae omnis doloremque.',NULL,NULL,0,0,'Et vero rem nemo aut nam.','Beamer brauch ein VGA Kabel!','2013-07-23 01:47:08','2013-07-23 01:47:08'),(65,'Model','Sony','Beamer 10 culpa','63','Deleniti rerum eos et ut temporibus voluptas.','Rem consequatur est cumque autem aut error totam dolorem.',NULL,NULL,0,0,'Et corporis maiores veritatis tempora.','Beamer brauch ein VGA Kabel!','2013-07-23 01:47:08','2013-07-23 01:47:08'),(66,'Model','Sony','Beamer 11 beatae','64','Accusamus unde ullam assumenda quis aut officiis nulla.','Velit necessitatibus omnis voluptas.',NULL,NULL,0,0,'Itaque totam ut sequi reprehenderit modi.','Beamer brauch ein VGA Kabel!','2013-07-23 01:47:08','2013-07-23 01:47:08'),(67,'Model','Sony','Beamer 12 id','65','Ut veritatis impedit ut suscipit ex.','Optio asperiores magni inventore ut.',NULL,NULL,0,0,'Voluptatum ducimus quasi alias ipsam.','Beamer brauch ein VGA Kabel!','2013-07-23 01:47:08','2013-07-23 01:47:08'),(68,'Model','Sony','Beamer 13 esse','66','Culpa voluptas consequatur delectus veritatis provident ad distinctio.','Odit aliquid et voluptas harum.',NULL,NULL,0,0,'Dolorem eos aut et soluta consequatur.','Beamer brauch ein VGA Kabel!','2013-07-23 01:47:08','2013-07-23 01:47:08'),(69,'Model','Sony','Beamer 14 et','67','Et aut exercitationem assumenda.','Et quidem molestiae est autem minima earum veritatis.',NULL,NULL,0,0,'Ut nihil aut perferendis quasi et beatae et ab.','Beamer brauch ein VGA Kabel!','2013-07-23 01:47:08','2013-07-23 01:47:08'),(70,'Model','Sony','Beamer 15 optio','68','Atque qui delectus et.','Voluptatum vero excepturi iusto amet at ab quia omnis.',NULL,NULL,0,0,'Ea odit dolorem consequuntur rerum ipsa autem et aut.','Beamer brauch ein VGA Kabel!','2013-07-23 01:47:08','2013-07-23 01:47:08'),(71,'Model','Sony','Beamer 16 sed','69','Voluptatem sed laboriosam quibusdam necessitatibus enim.','Tempore aut neque est ad pariatur.',NULL,NULL,0,0,'Delectus vero sint quisquam laboriosam doloremque.','Beamer brauch ein VGA Kabel!','2013-07-23 01:47:08','2013-07-23 01:47:08'),(72,'Model','Sony','Beamer 17 reprehenderit','70','Adipisci recusandae repellat iure officiis illum hic aliquam.','Quam saepe recusandae amet et rerum enim non ad.',NULL,NULL,0,0,'Eaque laborum assumenda iusto consequatur quos.','Beamer brauch ein VGA Kabel!','2013-07-23 01:47:08','2013-07-23 01:47:08'),(73,'Model','Sony','Beamer 18 maxime','71','Aut ut qui quaerat nihil aut fugiat.','Nostrum perferendis amet consequatur cum.',NULL,NULL,0,0,'Consequatur quos ipsum sit et.','Beamer brauch ein VGA Kabel!','2013-07-23 01:47:08','2013-07-23 01:47:08'),(74,'Model','Sony','Beamer 19 molestiae','72','Ipsum quod ducimus porro incidunt.','Officiis dolore suscipit sapiente placeat.',NULL,NULL,0,0,'Molestiae id est dolor ipsa.','Beamer brauch ein VGA Kabel!','2013-07-23 01:47:08','2013-07-23 01:47:08'),(75,'Model','Sony','Beamer 20 eos','73','Exercitationem temporibus cum id aut eum vel ut.','Consequatur aut reiciendis nobis exercitationem repellendus quo sequi.',NULL,NULL,0,0,'Officiis iusto eum inventore.','Beamer brauch ein VGA Kabel!','2013-07-23 01:47:08','2013-07-23 01:47:08'),(76,'Model','Nikon','Kamera Nikon','X12','Super Kamera.','Dolorem voluptas reiciendis voluptatem dolorum animi sint tempore.',NULL,NULL,0,0,'Cupiditate itaque molestiae qui ut dolores.','Kamera brauch Akkus!','2013-07-23 01:47:08','2013-07-23 01:47:08'),(77,'Model','Nikon','Camera 1 est','74','Repellat vel ut dolorem eos et sit qui.','Eos doloremque praesentium facere inventore aliquid.',NULL,NULL,0,0,'Ut sapiente autem perspiciatis nisi consequuntur nemo quae alias.','Dolores quaerat molestiae est aut maxime aut autem.','2013-07-23 01:47:08','2013-07-23 01:47:08'),(78,'Model','Nikon','Camera 2 recusandae','75','Commodi in vel dolorum omnis.','Ipsa minima eveniet perferendis quibusdam aut id.',NULL,NULL,0,0,'Vel deserunt iusto officia aliquam.','Eaque fugiat officiis inventore at voluptatum repellendus veritatis quaerat.','2013-07-23 01:47:08','2013-07-23 01:47:08'),(79,'Model','Nikon','Camera 3 ipsum','76','Veritatis iste optio est eaque et.','Quibusdam earum unde vel saepe asperiores aut ut.',NULL,NULL,0,0,'Quasi blanditiis similique exercitationem.','Labore ipsa doloremque suscipit non quis.','2013-07-23 01:47:08','2013-07-23 01:47:08'),(80,'Model','Nikon','Camera 4 dolorem','77','Voluptas id magni consequatur consequatur nulla eveniet.','Ex molestiae at eveniet et quis porro laudantium rerum.',NULL,NULL,0,0,'Laboriosam et est sequi ea adipisci sed sunt amet.','Excepturi distinctio corrupti soluta.','2013-07-23 01:47:08','2013-07-23 01:47:08'),(81,'Model','Nikon','Camera 5 vero','78','Omnis dolor molestiae id quam harum.','Ipsa aut maiores labore repellat eveniet aut.',NULL,NULL,0,0,'Et sit distinctio culpa magnam temporibus animi.','Et ut ut sequi nulla enim delectus ut.','2013-07-23 01:47:08','2013-07-23 01:47:08'),(82,'Model','Nikon','Camera 6 cupiditate','79','Sunt soluta deserunt ipsum veniam dolores.','Dignissimos non consequatur necessitatibus.',NULL,NULL,0,0,'Dignissimos nesciunt voluptates ad quo.','Possimus deleniti est doloremque sunt commodi et.','2013-07-23 01:47:08','2013-07-23 01:47:08'),(83,'Model','Nikon','Camera 7 sapiente','80','Et enim voluptas sapiente eligendi.','Voluptatem in dolor officia sapiente.',NULL,NULL,0,0,'Laboriosam ipsam aut quia nisi enim aliquam.','Perferendis suscipit beatae quidem.','2013-07-23 01:47:08','2013-07-23 01:47:08'),(84,'Model','Nikon','Camera 8 ut','81','Sit repellat nobis delectus exercitationem et ea.','Consequatur nemo optio fugit voluptatum.',NULL,NULL,0,0,'Distinctio corporis repellendus pariatur hic nemo.','Voluptatem impedit sint quia nihil non quisquam.','2013-07-23 01:47:08','2013-07-23 01:47:08'),(85,'Model','Nikon','Camera 9 voluptate','82','Fuga libero et quis.','Incidunt autem quae perspiciatis officia labore reiciendis at.',NULL,NULL,0,0,'Rerum voluptas consequatur quisquam qui itaque magni.','Quos consequatur corrupti consequuntur et.','2013-07-23 01:47:08','2013-07-23 01:47:08'),(86,'Model','Nikon','Camera 10 iusto','83','Necessitatibus voluptates occaecati praesentium illum.','Labore nihil temporibus et cupiditate vel ex vitae.',NULL,NULL,0,0,'Et dolorem laudantium recusandae enim.','Sit suscipit sint dolores delectus amet.','2013-07-23 01:47:08','2013-07-23 01:47:08'),(87,'Model','Nikon','Camera 11 nam','84','Id sit vel non voluptate iste.','Sed sed ex impedit.',NULL,NULL,0,0,'Et quaerat accusantium eligendi corrupti voluptate eum.','Voluptatem omnis corrupti nemo sit.','2013-07-23 01:47:08','2013-07-23 01:47:08'),(88,'Model','Nikon','Camera 12 sit','85','Quod minus eos voluptatem quia ea iure.','Molestiae id dolorem corrupti ut alias quas.',NULL,NULL,0,0,'Quibusdam odit suscipit quis dolores nisi et qui.','A vel repudiandae id nesciunt voluptatum culpa animi.','2013-07-23 01:47:08','2013-07-23 01:47:08'),(89,'Model','Nikon','Camera 13 dolores','86','Sint modi sit placeat.','Reprehenderit est in neque esse possimus et natus.',NULL,NULL,0,0,'Facilis consequatur placeat tempora.','Repellendus omnis pariatur cupiditate ad aut occaecati.','2013-07-23 01:47:08','2013-07-23 01:47:08'),(90,'Model','Nikon','Camera 14 consequatur','87','Sunt non voluptas eos animi autem sed dolor.','In sint nostrum ut.',NULL,NULL,0,0,'Adipisci laudantium qui nulla qui dicta.','Id repudiandae dolores vero veritatis.','2013-07-23 01:47:08','2013-07-23 01:47:08'),(91,'Model','Nikon','Camera 15 libero','88','Magni dolore repudiandae quia aut officia.','Voluptas omnis amet vel ex dolores voluptate quo praesentium.',NULL,NULL,0,0,'Ratione molestiae voluptatem adipisci consequatur.','Et quia aut beatae enim dolores vitae.','2013-07-23 01:47:08','2013-07-23 01:47:08'),(92,'Model','Nikon','Camera 16 dolores','89','Hic voluptas delectus vel dolorum a facilis est.','Alias praesentium possimus et.',NULL,NULL,0,0,'Maxime repellendus labore enim ea molestiae modi.','Omnis est et perspiciatis minima et et ipsam.','2013-07-23 01:47:08','2013-07-23 01:47:08'),(93,'Model','Nikon','Camera 17 vitae','90','Nisi recusandae ut fugit quod vel.','At magnam cumque repudiandae.',NULL,NULL,0,0,'Maxime et ex aut autem inventore voluptas.','Magni vel illo est.','2013-07-23 01:47:08','2013-07-23 01:47:08'),(94,'Model','Nikon','Camera 18 deserunt','91','Distinctio fugit nam eum aliquam quasi ab porro.','Ducimus dolorem nostrum natus.',NULL,NULL,0,0,'Fugit sint voluptatem sit.','Quo sint corrupti harum iure natus.','2013-07-23 01:47:08','2013-07-23 01:47:08'),(95,'Model','Nikon','Camera 19 qui','92','Ut ex quibusdam dolore.','Ea aliquid et dolorem id nam quia.',NULL,NULL,0,0,'Voluptatem deleniti nesciunt ab.','Adipisci voluptatibus accusamus et enim voluptates quae at.','2013-07-23 01:47:08','2013-07-23 01:47:08'),(96,'Model','Nikon','Camera 20 culpa','93','Est exercitationem eius omnis eos autem consequatur.','Accusantium natus est ex deleniti aut.',NULL,NULL,0,0,'Nemo harum exercitationem impedit velit.','Excepturi nostrum necessitatibus sunt quas quia.','2013-07-23 01:47:08','2013-07-23 01:47:08'),(97,'Model','Nikon','Camera 21 et','94','Consequatur vel est quam nisi natus recusandae quaerat.','Sapiente ipsam esse labore a harum est.',NULL,NULL,0,0,'Magnam vero rerum aliquid possimus aperiam quasi quia.','Voluptate commodi voluptatem aliquam nesciunt iusto.','2013-07-23 01:47:08','2013-07-23 01:47:08'),(98,'Model','Nikon','Camera 22 quasi','95','Beatae provident inventore consequatur placeat non odit tempora.','Culpa modi optio aut hic accusamus nesciunt.',NULL,NULL,0,0,'Vero enim quam exercitationem minus.','Et temporibus facere est itaque facilis laboriosam unde.','2013-07-23 01:47:08','2013-07-23 01:47:08'),(99,'Model','Nikon','Camera 23 nulla','96','Quas aliquam quia debitis possimus vitae.','Vel placeat qui saepe nobis illum inventore.',NULL,NULL,0,0,'Ullam aut similique neque praesentium.','Et dolorum ratione quia.','2013-07-23 01:47:08','2013-07-23 01:47:08'),(100,'Model','Nikon','Camera 24 consequatur','97','Et est illum voluptate at quod rerum sed.','Ad velit non cum.',NULL,NULL,0,0,'Eveniet officiis eligendi quibusdam ullam veniam.','Reiciendis exercitationem ipsa quas velit commodi ut.','2013-07-23 01:47:08','2013-07-23 01:47:08'),(101,'Model','Nikon','Camera 25 consequatur','98','Culpa molestiae voluptatem minus itaque velit ex soluta.','Deserunt doloremque perferendis eius doloribus veritatis tempore.',NULL,NULL,0,0,'Eaque voluptatibus autem perspiciatis magnam reprehenderit labore eos.','Non sunt asperiores nulla.','2013-07-23 01:47:08','2013-07-23 01:47:08'),(102,'Model','Nikon','Camera 26 praesentium','99','Dolore dignissimos tempora voluptatibus.','Quia omnis minima voluptas beatae debitis tenetur.',NULL,NULL,0,0,'Laborum vitae aperiam et excepturi praesentium necessitatibus maiores at.','Asperiores consequatur corporis voluptas molestias laudantium hic.','2013-07-23 01:47:08','2013-07-23 01:47:08'),(103,'Model','Nikon','Camera 27 exercitationem','100','Voluptas omnis et sunt quia recusandae.','Et impedit id est non consequuntur.',NULL,NULL,0,0,'Et possimus voluptas qui sint.','Repellendus omnis temporibus fugiat exercitationem non laboriosam voluptas.','2013-07-23 01:47:08','2013-07-23 01:47:08'),(104,'Model','Nikon','Camera 28 magnam','101','Perferendis occaecati velit repudiandae a.','Unde temporibus illo natus.',NULL,NULL,0,0,'Voluptates et optio officiis ut voluptas.','Sunt iste excepturi cumque.','2013-07-23 01:47:08','2013-07-23 01:47:08'),(105,'Model','Nikon','Camera 29 qui','102','Est reprehenderit fuga ea alias non.','Rem et eos qui aut voluptas voluptatum assumenda.',NULL,NULL,0,0,'Facere praesentium voluptatem sunt.','Dignissimos dolore rem earum neque expedita.','2013-07-23 01:47:08','2013-07-23 01:47:08'),(106,'Model','Nikon','Camera 30 molestiae','103','Nulla deserunt mollitia omnis placeat deleniti blanditiis voluptas.','Laudantium voluptate vitae accusantium repellat nam nihil quae.',NULL,NULL,0,0,'Provident debitis est eveniet minima quia.','Dolorem repudiandae enim dignissimos amet.','2013-07-23 01:47:08','2013-07-23 01:47:08'),(107,'Model','Sony','Hifi Standard','104','Ad sed molestiae at voluptas earum sapiente aut.','Ab fugiat debitis aut hic delectus dolores iusto et.',NULL,NULL,0,0,'Rerum sed voluptatibus nihil ea earum.','Qui suscipit eum odit.','2013-07-23 01:47:08','2013-07-23 01:47:08'),(108,'Model','Feli','Kamera Stativ','123','Stabiles Kamera Stativ','Tenetur enim qui voluptas voluptatibus laudantium iusto.',NULL,NULL,0,0,'Eligendi natus qui dolores.','Stativ muss mit Stativtasche ausgehndigt werden.','2013-07-23 01:47:08','2013-07-23 01:47:08'),(109,'Model','Bose','BoseSmall Granite Car','105','Laborum sit sed provident. Est consequuntur laborum officia autem voluptatem esse. Doloribus ea quos voluptatem est odio esse doloremque.','Non vero et velit ut qui dignissimos.',NULL,NULL,0,0,'Et vel aut quia doloribus.','Iste iusto rem velit.','2013-07-23 01:47:08','2013-07-23 01:47:08'),(110,'Model','Bose','BoseRustic Wooden Table','106','Exercitationem placeat velit autem. Rerum sed et ut aut debitis. Sed perspiciatis voluptate qui molestias.','Nisi omnis ducimus soluta et modi.',NULL,NULL,0,0,'Doloribus harum adipisci dolorum ut distinctio fuga amet.','Officiis praesentium eveniet ut perspiciatis voluptates eaque quis voluptatem.','2013-07-23 01:47:08','2013-07-23 01:47:08'),(111,'Model','Rath Inc','Kamera Set','110','Impedit totam id tempora doloremque non.','Aliquid aut voluptatem quidem dicta architecto.',NULL,NULL,0,1,'Voluptates ut eos et aut maxime dolorem sed.','Dolorem asperiores sunt et eum perferendis reprehenderit magnam sapiente.','2013-07-23 01:47:08','2013-07-23 01:47:08'),(112,'Model','Schiller, Lebsack and Kessler','Gorgeous Cotton Car','111','Aliquam nobis doloremque rem aut rerum in quia facere.','Sit alias iste incidunt qui et quibusdam rem officia.',NULL,NULL,3,0,'Qui atque sit et.','Ut id nisi omnis rerum aliquam magnam veniam.','2013-07-23 01:47:08','2013-07-23 01:47:08'),(113,'Model','Herzog Group','Sleek Concrete Car','112','Qui et rem provident voluptas.','Aliquid voluptate qui quis maiores.',NULL,NULL,2,0,'Aliquam necessitatibus quia enim sunt molestias asperiores sunt non.','Autem eos molestiae ea nostrum amet maxime.','2013-07-23 01:47:08','2013-07-23 01:47:08'),(114,'Model','Herman-Walter','Awesome Granite Car','113','Non ex nulla quo ea et.','Ex omnis sint exercitationem deserunt.',NULL,NULL,0,0,'Unde accusantium vero et.','Voluptatum rerum non sint pariatur quis.','2013-07-23 01:47:08','2013-07-23 01:47:08'),(115,'Model','Mertz, Beer and Johns','Incredible Granite Hat','114','Est nemo id officia.','Et rerum distinctio unde.',NULL,NULL,0,0,'Aut et qui ratione sit laborum nihil.','Qui qui aliquam enim.','2013-07-23 01:47:08','2013-07-23 01:47:08'),(116,'Model','Olson and Sons','Fantastic Plastic Shirt','115','Magni aut ut recusandae aliquam in nesciunt consectetur in.','Et animi saepe quam veniam qui corrupti voluptates necessitatibus.',NULL,NULL,2,0,'Nulla aliquam deleniti omnis.','Ad commodi esse sunt.','2013-07-23 01:47:08','2013-07-23 01:47:08'),(117,'Model','Gislason Inc','Fantastic Plastic Pants','116','Provident cum veniam rerum qui ullam.','Est et corporis repellat voluptatibus tempora.',NULL,NULL,1,0,'Nihil aut ab enim sed consequatur in nisi.','Odit aut dolor est dolorem est illum deleniti.','2013-07-23 01:47:08','2013-07-23 01:47:08'),(118,'Model','Steuber, Rodriguez and Haley','Ergonomic Concrete Hat','117','Velit iste sit asperiores.','Sed molestiae facere commodi.',NULL,NULL,0,0,'Reiciendis illum et nisi possimus aspernatur.','Voluptates officia sed et.','2013-07-23 01:47:08','2013-07-23 01:47:08'),(119,'Model','Erdman, Russel and Raynor','Fantastic Wooden Pants','118','Iusto sunt alias qui perferendis.','Et exercitationem non quod officiis est quis.',NULL,NULL,3,0,'Quae voluptates quas iste.','Enim laboriosam voluptas id est rerum.','2013-07-23 01:47:08','2013-07-23 01:47:08'),(120,'Model','Walsh, Swift and Will','Fantastic Steel Shirt','119','Veniam non dolor maxime error.','Asperiores consequatur nam corporis sit.',NULL,NULL,3,0,'Dolores animi aspernatur est ducimus provident aperiam rem.','Et est aut corrupti.','2013-07-23 01:47:08','2013-07-23 01:47:08'),(121,'Model','Bahringer, Fisher and Pollich','Ergonomic Rubber Hat','120','Aut culpa odit ut aut ipsam officia sit.','Et excepturi sed in porro repellat vitae at.',NULL,NULL,1,0,'Explicabo ipsum atque quidem.','Est est dolores dicta exercitationem incidunt.','2013-07-23 01:47:08','2013-07-23 01:47:08'),(122,'Model','Dietrich-Jacobi','Incredible Concrete Hat','121','Odio et quia est id ut.','In enim error libero sunt non numquam sequi nostrum.',NULL,NULL,1,0,'Ex facere hic veritatis voluptas iste.','Sed architecto voluptate nam autem quia nesciunt.','2013-07-23 01:47:08','2013-07-23 01:47:08'),(123,'Model','Pfannerstill-Kuphal','Awesome Wooden Computer','122','Voluptas est animi mollitia quidem.','Recusandae nisi aut velit est omnis atque.',NULL,NULL,0,0,'Quam omnis velit totam laudantium fuga est.','Aut quam atque facere doloribus deserunt eius pariatur architecto.','2013-07-23 01:47:08','2013-07-23 01:47:08'),(124,'Model','Senger LLC','Kamera Set2','123','Corporis quae repudiandae voluptatem.','Possimus omnis quidem labore ipsa magnam aut.',NULL,NULL,3,1,'Voluptatem et error ea asperiores ducimus voluptas.','Et animi neque officia optio quia sit et adipisci.','2013-07-23 01:47:08','2013-07-23 01:47:08'),(125,'Model','Murphy LLC','Ergonomic Wooden Shirt','124','Neque dolor aperiam vel enim fugit quae.','Qui et hic quis soluta.',NULL,NULL,1,0,'Sint alias et aliquam in maxime consequuntur ratione.','Nesciunt quas quis delectus sed ipsam consequuntur.','2013-07-23 01:47:08','2013-07-23 01:47:08'),(126,'Model','Ryan, Will and Nicolas','Intelligent Concrete Hat','125','Dolorem est consequatur asperiores explicabo ex voluptatem.','Est laudantium doloribus id aut.',NULL,NULL,1,0,'Delectus quis hic eligendi est quidem dolorem optio magni.','Dicta explicabo expedita quasi.','2013-07-23 01:47:08','2013-07-23 01:47:08'),(127,'Model','Lesch, Barton and Kuhn','Awesome Steel Shirt','126','Et velit qui molestias consequatur vel mollitia dolor dolore.','Assumenda cum est at odio voluptate et veritatis nemo.',NULL,NULL,1,0,'Officiis cupiditate ducimus velit sapiente possimus nulla magni.','Tenetur aut dicta optio neque sed.','2013-07-23 01:47:08','2013-07-23 01:47:08'),(128,'Model','Sauer-Greenholt','Fantastic Rubber Shoes','127','Qui ea quia hic aut laborum qui doloremque dolorem.','Architecto qui natus quo.',NULL,NULL,2,0,'Repellendus inventore omnis aut quo corporis non cum aspernatur.','Harum est omnis temporibus nobis aut saepe voluptatum.','2013-07-23 01:47:08','2013-07-23 01:47:08'),(129,'Model','Walter and Sons','Sleek Wooden Shirt','128','Odio et quia aut in repellendus laudantium.','Accusamus ut et eum.',NULL,NULL,0,0,'Et nobis dicta sed dolorem laboriosam et tempore.','Temporibus rem tenetur aut.','2013-07-23 01:47:08','2013-07-23 01:47:08'),(130,'Model','Anderson LLC','Gorgeous Granite Pants','129','Doloremque qui velit inventore.','Quidem adipisci fugiat cum.',NULL,NULL,2,0,'Autem nobis sunt unde tempore ut modi sunt quod.','Voluptatibus aspernatur consectetur blanditiis dolor.','2013-07-23 01:47:08','2013-07-23 01:47:08'),(131,'Model','Kshlerin and Sons','Rustic Concrete Pants','130','Et ut autem ipsam quam nesciunt rerum.','Molestias non et velit quis corporis.',NULL,NULL,2,0,'Facilis eum fugiat id velit quod facere ut.','Aspernatur enim ipsa doloribus quia.','2013-07-23 01:47:08','2013-07-23 01:47:08'),(132,'Model','Senger, Kessler and Satterfield','Incredible Steel Table','131','Veniam quia qui blanditiis aut iste omnis.','Enim possimus veniam quo minima tempora dolores aut.',NULL,NULL,1,0,'Iusto ratione est aut aliquid.','Dolorem dignissimos aperiam nihil.','2013-07-23 01:47:08','2013-07-23 01:47:08'),(133,'Model','Zieme, Schinner and Stokes','Intelligent Plastic Car','132','Odio autem et quam.','Sunt eligendi accusantium voluptatibus beatae.',NULL,NULL,3,0,'Velit et facilis et dignissimos.','Ipsum quas nihil et omnis reiciendis sequi assumenda velit.','2013-07-23 01:47:08','2013-07-23 01:47:08'),(134,'Model','Leannon-Aufderhar','Sleek Granite Hat','133','Expedita blanditiis exercitationem id omnis reprehenderit hic.','Sed ipsa soluta eligendi ut veritatis.',NULL,NULL,2,0,'Officiis qui vel alias aperiam nam aut.','Nobis aut aut at ut distinctio dolor labore.','2013-07-23 01:47:08','2013-07-23 01:47:08'),(135,'Model','Frami-Daniel','Rustic Concrete Car','134','Perferendis libero ut maxime.','Adipisci architecto odio nesciunt et provident qui.',NULL,NULL,2,0,'Atque exercitationem voluptatum aliquam deserunt.','Molestiae est dolor optio officiis sit non rerum.','2013-07-23 01:47:08','2013-07-23 01:47:08'),(136,'Model','Kerluke Inc','Small Granite Shoes','135','Eos debitis nisi ut suscipit asperiores.','Culpa et voluptatem aliquam sed quisquam sequi totam fugit.',NULL,NULL,3,0,'Omnis eligendi dicta culpa.','Enim ratione sunt quae illo.','2013-07-23 01:47:08','2013-07-23 01:47:08'),(137,'Model','Simonis-Murazik','Fantastic Wooden Shirt','136','Ullam in fugiat ad magnam commodi dolor ipsa cumque.','Ab ullam fugit soluta facilis.',NULL,NULL,3,0,'Nemo ut voluptatibus quia.','Iste architecto ratione alias qui.','2013-07-23 01:47:08','2013-07-23 01:47:08'),(138,'Model','Gutkowski, Schmitt and Hahn','Incredible Concrete Shirt','137','Nemo rerum et officia.','Odit amet cum voluptatem.',NULL,NULL,3,0,'Tempora dolorem id rem rerum blanditiis sit deserunt.','Ullam temporibus doloribus et voluptas ad qui officia ducimus.','2013-07-23 01:47:08','2013-07-23 01:47:08'),(139,'Model','Macejkovic-Becker','Intelligent Cotton Gloves','138','Perspiciatis alias adipisci quae.','Ex quia aut id.',NULL,NULL,1,0,'Nihil nesciunt ullam maiores alias eius dolores voluptas qui.','Animi alias laborum impedit.','2013-07-23 01:47:08','2013-07-23 01:47:08'),(140,'Model','Rath LLC','Incredible Plastic Pants','139','Placeat assumenda deserunt ab dicta quo perspiciatis.','Vitae ea aut nulla laborum.',NULL,NULL,0,0,'Porro praesentium eos autem quod pariatur ut culpa.','Voluptatibus est aperiam ratione totam facere fugiat.','2013-07-23 01:47:08','2013-07-23 01:47:08'),(141,'Model','Canon','Kamera Canon D5','140','Ganz teure Kamera','Saepe ut autem dignissimos.',NULL,NULL,0,0,'Perspiciatis eaque eos expedita totam aut nihil nesciunt ut.','Kamera brauch Akkus!','2013-07-23 01:47:08','2013-07-23 01:47:08'),(142,'Model','Apple','iMac','141','Apples alter iMac','Cupiditate sit veritatis sit at iusto.',NULL,NULL,0,0,'Similique perferendis sunt sequi consequatur.','Velit non iure expedita et autem aut.','2013-07-23 01:47:08','2013-07-23 01:47:08'),(143,'Model','Microsoft','Windows Laptop','142','Ein Laptop der Marke Microsoft','Quos expedita vel inventore sunt eaque totam dolore asperiores.',NULL,NULL,0,0,'Non cumque sunt quia maxime animi.','Laptop mit Tasche ausgeben','2013-07-23 01:47:08','2013-07-23 01:47:08'),(144,'Model','Walkera','Walkera v120','1G','3D Helikopter','Iste laborum dolores qui et aut.',NULL,NULL,0,0,'Aliquid qui cupiditate eius incidunt culpa.','Praesentium doloribus temporibus aspernatur.','2013-07-23 01:47:08','2013-07-23 01:47:08'),(145,'Model','Walkera','Walkera v120','2G','3D Helikopter','Vel atque exercitationem quia iusto saepe.',NULL,NULL,0,0,'Amet deleniti tenetur placeat fugit beatae ullam vel.','Qui voluptates ut excepturi quia.','2013-07-23 01:47:08','2013-07-23 01:47:08'),(146,'Model','Walkera','Walkera v120','3G','3D Helikopter','Earum id ducimus adipisci vel.',NULL,NULL,0,0,'Et perferendis aut dolores cumque similique.','Dolorem odio officiis similique aperiam voluptatibus aliquid sit tempora.','2013-07-23 01:47:08','2013-07-23 01:47:08'),(147,'Software','Roob-Zieme','Incredible Wooden Gloves','143',NULL,NULL,NULL,NULL,0,0,NULL,NULL,'2013-07-23 01:47:08','2013-07-23 01:47:08'),(148,'Software','Jacobs, Kling and Daniel','Intelligent Plastic Hat','144',NULL,NULL,NULL,NULL,0,0,NULL,NULL,'2013-07-23 01:47:08','2013-07-23 01:47:08'),(149,'Software','Klein LLC','Ergonomic Steel Table','145',NULL,NULL,NULL,NULL,0,0,NULL,NULL,'2013-07-23 01:47:08','2013-07-23 01:47:08'),(150,'Software','Jacobs and Sons','Incredible Rubber Shoes','146',NULL,NULL,NULL,NULL,0,0,NULL,NULL,'2013-07-23 01:47:08','2013-07-23 01:47:08'),(151,'Software','Lehner, Blanda and Blanda','Awesome Granite Chair','147',NULL,NULL,NULL,NULL,0,0,NULL,NULL,'2013-07-23 01:47:08','2013-07-23 01:47:08'),(152,'Software','Fadel LLC','Incredible Wooden Pants','148',NULL,NULL,NULL,NULL,0,0,NULL,NULL,'2013-07-23 01:47:08','2013-07-23 01:47:08'),(153,'Software','Pouros Inc','Ergonomic Plastic Shirt','149',NULL,NULL,NULL,NULL,0,0,NULL,NULL,'2013-07-23 01:47:08','2013-07-23 01:47:08'),(154,'Software','Block, Keebler and Roob','Small Rubber Shoes','150',NULL,NULL,NULL,NULL,0,0,'test http://test.ch\r\nwww.foo.ch\r\njust a text',NULL,'2013-07-23 01:47:08','2013-07-23 01:47:08'),(155,'Software','Tromp and Sons','Small Granite Car','151',NULL,NULL,NULL,NULL,0,0,'test http://test.ch\r\nwww.foo.ch\r\njust a text',NULL,'2013-07-23 01:47:08','2013-07-23 01:47:08'),(156,'Software','Mayert Inc','Rustic Granite Shirt','152',NULL,NULL,NULL,NULL,0,0,NULL,NULL,'2013-07-23 01:47:08','2013-07-23 01:47:08'),(157,'Model','Kshlerin, Boyer and Streich','Small Concrete Gloves',NULL,'Quia quia qui labore aut porro quas iste deleniti.','Nisi illum recusandae veniam necessitatibus totam.',NULL,NULL,1,0,'Sunt vero et quae modi a eos.','Nostrum molestias repellat molestiae hic dolores tenetur magnam.','2013-07-23 01:47:08','2013-07-23 01:47:08'),(158,'Model','Larkin LLC','Ergonomic Wooden Computer','153','Accusamus omnis delectus nihil consequatur.','Est voluptas ad adipisci recusandae sint rerum.',NULL,NULL,3,0,'Beatae quas deserunt molestiae voluptatem aut possimus reiciendis voluptas.','Qui repellat dolores molestiae at aut blanditiis amet hic.','2013-07-20 19:34:12','2013-07-20 19:34:12'),(159,'Model','Carter-Wilkinson','Intelligent Plastic Gloves','154','Temporibus optio repudiandae voluptatem qui.','Harum nihil velit voluptatem quaerat.',NULL,NULL,1,0,'Veritatis quis sed consectetur ipsum et.','Facilis necessitatibus veritatis et.','2013-07-20 19:34:12','2013-07-20 19:34:12'),(160,'Model','Jenkins, Tillman and Johns','Sleek Wooden Chair','155','Et nihil laboriosam ut alias eveniet et.','Et eveniet ad omnis saepe.',NULL,NULL,0,0,'Beatae unde architecto aliquam natus quia voluptatum enim labore.','Odio est dolores autem dignissimos consequatur explicabo.','2013-07-20 19:34:12','2013-07-20 19:34:12'),(161,'Model','Mayert, Schaden and Halvorson','Gorgeous Cotton Hat','156','Voluptatem et voluptatem hic vitae.','Nobis quia cumque magnam est sequi consequatur.',NULL,NULL,1,0,'Molestias ea voluptatem blanditiis voluptates.','Omnis quia perferendis aliquid et.','2013-07-20 19:34:12','2013-07-20 19:34:12'),(162,'Model','Little Inc','Fantastic Wooden Shoes','157','Dolore omnis voluptatum culpa.','Saepe laboriosam odit molestiae voluptate sequi.',NULL,NULL,1,0,'Consequatur dolorem ipsa totam excepturi nostrum.','Alias et qui ratione non enim dolor.','2013-07-20 19:34:12','2013-07-20 19:34:12'),(163,'Model','Marks, Yost and Mills','Ergonomic Plastic Pants','158','Dicta maxime aut non ut qui aut.','Non dolores minus sed sed quasi et.',NULL,NULL,0,0,'Incidunt reprehenderit ipsa omnis beatae est.','Cupiditate in labore molestiae numquam voluptatem vitae porro facilis.','2013-07-20 19:34:12','2013-07-20 19:34:12'),(164,'Model','Kuhn Group','Ergonomic Plastic Computer','159','Doloremque omnis velit eligendi dicta facere.','Voluptatum accusantium ut error recusandae.',NULL,NULL,3,0,'Hic nihil neque quod.','Minus rerum maxime repudiandae molestiae odit tenetur.','2013-07-20 19:34:12','2013-07-20 19:34:12'),(165,'Model','Bogan, Cummerata and Koepp','Intelligent Steel Computer','160','Corporis suscipit hic iste reiciendis dolores vel fuga.','Ea est beatae officia.',NULL,NULL,1,0,'Deserunt rerum possimus enim autem iusto ex inventore magnam.','Impedit et repellendus in facilis.','2013-07-20 19:34:12','2013-07-20 19:34:12'),(166,'Model','Bode, Weimann and Fritsch','Incredible Granite Shirt','161','Quasi omnis optio enim perferendis id veniam.','Quae esse dolores quisquam pariatur occaecati.',NULL,NULL,1,0,'Iusto dolor facere dolorem sit autem odit.','Iste quasi amet quidem fugit doloremque sed molestiae.','2013-07-20 19:34:12','2013-07-20 19:34:12'),(167,'Model','Friesen, Franecki and Dooley','Sleek Steel Car','162','Minima maiores doloremque aut aliquid.','Reprehenderit aut et impedit quam ducimus qui vel.',NULL,NULL,1,0,'Aut eligendi assumenda dolore ex explicabo minus.','Rerum consequatur a iste praesentium quos vel quo placeat.','2013-07-20 19:34:12','2013-07-20 19:34:12'),(168,'Model','Bayer and Sons','Practical Wooden Pants','163','Rem et laudantium consequatur quia.','Dolor at ratione deserunt quisquam nihil doloremque.',NULL,NULL,0,0,'Nulla dolorum id natus consequatur iure nisi et.','Non exercitationem blanditiis et corporis deserunt eum.','2013-07-20 19:34:12','2013-07-20 19:34:12'),(169,'Model','Rodriguez-Kuvalis','Practical Concrete Shirt','164','Enim est eum laudantium a quidem.','Sapiente beatae doloribus enim aliquam non libero neque ipsum.',NULL,NULL,2,0,'Et voluptatem est consectetur ducimus ut.','Voluptas sit voluptate ducimus similique et mollitia pariatur qui.','2013-07-20 19:34:12','2013-07-20 19:34:12'),(170,'Model','Shanahan, Beatty and Hettinger','Incredible Concrete Computer','165','Id et et optio impedit harum enim perspiciatis.','Similique atque qui modi consequuntur minima numquam.',NULL,NULL,3,0,'Quaerat aliquid provident iure ut neque rerum.','Recusandae sunt culpa facilis itaque.','2013-07-20 19:34:12','2013-07-20 19:34:12'),(171,'Model','Ward, Rosenbaum and Turner','Intelligent Rubber Pants','166','Nostrum repellat explicabo soluta ut mollitia qui autem deleniti.','Consequatur excepturi nobis commodi ut facilis.',NULL,NULL,2,0,'Quasi laborum consequatur quisquam aliquam beatae.','Ullam dolores itaque hic voluptas.','2013-07-20 19:34:12','2013-07-20 19:34:12'),(172,'Model','Durgan, Bednar and Mills','Fantastic Concrete Chair','167','Qui amet expedita vel quia corrupti impedit alias distinctio.','Voluptatum enim et necessitatibus nemo quo repellendus quo.',NULL,NULL,3,0,'Sapiente rerum minus provident eligendi.','Et non sed nisi porro autem.','2013-07-20 19:34:12','2013-07-20 19:34:12'),(173,'Model','Bruen-Lueilwitz','Fantastic Wooden Table','168','Cumque voluptatem et doloremque nostrum.','Autem amet aliquam quos maxime consequatur occaecati expedita.',NULL,NULL,1,0,'Maxime dolor quisquam eveniet non vero.','Vel provident iste omnis sit odio cumque facilis.','2013-07-20 19:34:12','2013-07-20 19:34:12'),(174,'Model','Reilly-Daugherty','Small Granite Hat','169','Qui quaerat voluptatem aut.','Qui qui voluptas sit enim asperiores nam aperiam.',NULL,NULL,0,0,'Explicabo officia esse eius facere.','In pariatur tenetur qui qui voluptas.','2013-07-20 19:34:12','2013-07-20 19:34:12'),(175,'Model','Schneider, Cormier and Emmerich','Awesome Granite Pants','170','Nisi eaque quibusdam explicabo voluptatem qui praesentium.','Tempore facere accusamus assumenda voluptates voluptas.',NULL,NULL,2,0,'Quis et cum velit facere.','Aut sint eveniet nulla blanditiis.','2013-07-20 19:34:12','2013-07-20 19:34:12'),(176,'Model','Okuneva Inc','Fantastic Wooden Gloves','171','Blanditiis maiores dolorem inventore odio et optio neque fugiat.','Ratione rerum doloribus accusantium blanditiis.',NULL,NULL,0,0,'Vel sit eaque iure.','Deleniti consectetur pariatur ut sint.','2013-07-20 19:34:13','2013-07-20 19:34:13'),(177,'Model','Gerhold Group','Incredible Steel Computer','172','Debitis et nihil beatae exercitationem.','Id corporis corrupti consequatur autem autem aut eveniet repudiandae.',NULL,NULL,3,0,'Necessitatibus iusto debitis dolor inventore.','Sit asperiores quia debitis voluptatem cum distinctio.','2013-07-20 19:34:13','2013-07-20 19:34:13'),(178,'Model','Olson, Schumm and Ward','Ergonomic Concrete Car','173','Provident quo aut quos voluptatum eos sunt maxime et.','Quia explicabo rem nemo.',NULL,NULL,1,0,'Aut dolor illo nihil.','Quisquam voluptatem magni delectus dolorem sequi reiciendis quo.','2013-07-20 19:34:13','2013-07-20 19:34:13'),(179,'Model','Nitzsche Group','Rustic Steel Car','174','Mollitia qui est ut omnis cumque accusantium dicta.','Sint dolore odio qui consequatur ea ea ut reiciendis.',NULL,NULL,1,0,'Sequi molestiae nobis non sunt optio saepe inventore necessitatibus.','Repellat provident ea maiores ipsum.','2013-07-20 19:34:13','2013-07-20 19:34:13'),(180,'Model','Gutmann, Emard and Abshire','Small Plastic Chair','175','Ipsam dolores beatae ab.','Neque voluptatum aut dolores laborum corporis.',NULL,NULL,1,0,'Quia rem velit similique dignissimos eligendi est aut.','Assumenda et nesciunt dolore provident et fugit adipisci delectus.','2013-07-20 19:34:13','2013-07-20 19:34:13'),(181,'Model','Dicki-McLaughlin','Awesome Steel Gloves','176','Non non quia exercitationem.','Qui est iste aut fugiat mollitia omnis blanditiis.',NULL,NULL,3,0,'Asperiores sunt sunt adipisci dolores sit vitae.','Animi commodi et non optio.','2013-07-20 19:34:13','2013-07-20 19:34:13'),(182,'Model','Weber-Howe','Rustic Granite Shoes','177','Rem aut modi ut iusto aut vel voluptas maxime.','Qui est quos voluptate quasi eos doloremque.',NULL,NULL,1,0,'Et in ut voluptas commodi ut et.','Veritatis qui consectetur omnis.','2013-07-20 19:34:13','2013-07-20 19:34:13'),(183,'Model','Runte, Bogisich and Kovacek','Ergonomic Concrete Table','178','Et ullam consequuntur nisi in eaque laudantium.','Maiores minima quia voluptas reiciendis.',NULL,NULL,1,0,'Velit enim accusamus voluptatem soluta deleniti veritatis.','Fuga dolores velit est.','2013-07-20 19:34:13','2013-07-20 19:34:13'),(184,'Model','Hilpert-Quitzon','Ergonomic Wooden Chair','179','Quo aliquid velit dicta dolor unde recusandae.','Laborum vel cupiditate rerum ut culpa explicabo illum labore.',NULL,NULL,0,0,'Provident aut fugit id totam id at libero.','Sed rerum occaecati reprehenderit sit cum.','2013-07-22 08:10:43','2013-07-22 08:10:43'),(185,'Model','Ferry-Lindgren','Awesome Steel Pants','180','Excepturi molestiae aut deserunt quasi odio qui repellendus.','Nesciunt maxime nam voluptatibus.',NULL,NULL,1,0,'Accusantium veniam tenetur eos ut voluptatem ipsum quia nobis.','Amet aperiam earum sit.','2013-07-22 08:10:43','2013-07-22 08:10:43'),(186,'Model','Hayes-Gutmann','Intelligent Wooden Table','181','Sequi corrupti eum natus harum nam laboriosam.','Labore quos dolore assumenda aut.',NULL,NULL,3,0,'Doloribus asperiores officia iure.','Laboriosam ut rerum adipisci est porro delectus et exercitationem.','2013-07-22 08:10:43','2013-07-22 08:10:43'),(187,'Model','Abernathy-Fritsch','Incredible Rubber Computer','182','Sed ut non dolorem et ullam aliquam qui.','Animi et id aperiam.',NULL,NULL,2,0,'Voluptas ut sit et blanditiis facilis maxime et qui.','Veniam qui illum possimus et ipsam quos et qui.','2013-07-22 04:34:55','2013-07-22 04:34:55'),(188,'Model','Fritsch-Howell','Rustic Plastic Car','183','Tempore beatae voluptate quasi mollitia consequatur atque.','Nihil officiis dolor dolore unde adipisci.',NULL,NULL,0,0,'Quia nobis quas aut exercitationem voluptatum ullam quis vel.','Et quisquam eligendi consectetur impedit repellendus quis.','2013-07-22 04:34:55','2013-07-22 04:34:55'),(189,'Model','Hegmann-Kovacek','Gorgeous Wooden Hat','184','Laborum cumque illo culpa quae est similique quia nesciunt.','Doloremque reiciendis esse qui deserunt aut.',NULL,NULL,3,0,'Vel placeat ut debitis et vero animi cumque.','Fugiat laboriosam magnam consectetur natus est voluptatem.','2013-07-22 04:34:55','2013-07-22 04:34:55'),(190,'Model','Morar-Conroy','Fantastic Cotton Shirt','185','Debitis illum ratione fugiat.','Dolor sit porro enim velit.',NULL,NULL,0,0,'Id et non voluptatem.','Sed corrupti tempore voluptatem voluptatem.','2013-07-22 04:34:55','2013-07-22 04:34:55'),(191,'Model','Hauck-Senger','Fantastic Granite Shoes','186','Et dolorem eos et sed laborum dignissimos adipisci omnis.','Aut eos velit ducimus.',NULL,NULL,0,0,'Quia tempora molestiae expedita dolores explicabo culpa.','Voluptate qui quo velit sint qui maxime voluptatem.','2013-07-22 04:34:55','2013-07-22 04:34:55'),(192,'Model','Thiel-Douglas','Gorgeous Plastic Shoes','187','Asperiores distinctio inventore sed aliquam.','Omnis soluta nihil nisi nihil voluptates sed.',NULL,NULL,0,0,'Distinctio sunt accusantium perspiciatis repellendus exercitationem.','Voluptates voluptatem aliquid cum libero harum architecto esse.','2013-07-22 04:34:56','2013-07-22 04:34:56'),(193,'Model','Schumm, Swift and Ondricka','Awesome Rubber Hat','188','Saepe qui animi et.','Eum id nihil quae quo fuga.',NULL,NULL,0,0,'Blanditiis rerum molestias neque et unde fugit suscipit.','Consequatur voluptatem quis voluptatibus laudantium.','2013-07-22 04:34:56','2013-07-22 04:34:56'),(194,'Model','Hilpert LLC','Fantastic Granite Table','189','Assumenda fugiat amet et qui omnis nemo nihil.','Et alias praesentium iste eius facere in doloremque velit.',NULL,NULL,2,0,'Earum neque necessitatibus placeat unde quasi ut quia.','Sunt qui blanditiis atque et exercitationem est officiis.','2013-07-23 01:47:08','2013-07-23 01:47:08'),(195,'Model','Braun-Pagac','Sleek Concrete Chair','190','Modi aperiam laboriosam possimus voluptas beatae qui amet aliquid.','Quia et qui culpa unde numquam.',NULL,NULL,3,0,'Doloremque impedit iste ut.','Vero inventore dignissimos et quia omnis distinctio.','2013-07-23 01:47:08','2013-07-23 01:47:08'),(196,'Model','Bartoletti Group','Incredible Concrete Shoes','191','Totam neque est nesciunt rerum natus et.','Aut saepe fugit porro explicabo vel placeat.',NULL,NULL,2,0,'Voluptate accusamus ullam neque ab asperiores.','Doloremque dolor maiores dolor molestias consequatur est consectetur commodi.','2013-07-23 01:47:08','2013-07-23 01:47:08'),(197,'Model','Goyette LLC','Gorgeous Rubber Gloves','192','Nulla excepturi voluptatem qui neque id sed esse consequatur.','Alias aut explicabo nemo quaerat nulla vero exercitationem consequuntur.',NULL,NULL,2,0,'Dolores atque error inventore omnis labore nulla.','Dignissimos est sit sequi perspiciatis ipsum.','2013-07-23 01:47:08','2013-07-23 01:47:08'),(198,'Model','Funk, Steuber and Jacobi','Fantastic Concrete Table','193','Quod ullam nihil eius.','Et quasi et ratione quos.',NULL,NULL,1,0,'Qui asperiores quae temporibus veritatis eligendi et doloribus.','Sint voluptas assumenda velit vel.','2013-07-23 01:47:08','2013-07-23 01:47:08'),(199,'Model','Lang-Zboncak','Sleek Granite Car','194','Id ut quibusdam consequatur.','Perspiciatis quo et ex et voluptatem voluptates ullam.',NULL,NULL,0,0,'Natus fugiat consequatur aut.','Omnis nisi distinctio voluptas inventore.','2013-07-23 01:47:08','2013-07-23 01:47:08'),(200,'Model','Volkman LLC','Rustic Concrete Shirt','195','Ab esse impedit repudiandae ipsam et et voluptatem non.','Eum dicta tempora dolore dolores ea.',NULL,NULL,1,0,'Libero molestiae quam debitis assumenda vel dignissimos consequatur consequatur.','Quasi nostrum blanditiis quia numquam iure.','2013-07-23 01:47:08','2013-07-23 01:47:08'),(201,'Model','Gislason and Sons','Rustic Plastic Table','196','Ex repellendus qui autem omnis nesciunt molestiae laboriosam.','Corrupti omnis est et ipsum aspernatur sit accusantium ab.',NULL,NULL,1,0,'Et dolor magni ratione.','Molestiae dolores repellat molestiae quo.','2013-07-23 01:47:08','2013-07-23 01:47:08'),(202,'Model','Hills and Sons','Practical Steel Hat','197','Facilis quidem eos magni tempora beatae quisquam.','Doloribus est corporis necessitatibus.',NULL,NULL,2,0,'Laborum tenetur repellendus qui eveniet voluptas vel est molestiae.','Rerum voluptatem quam quisquam quasi.','2013-07-23 01:47:08','2013-07-23 01:47:08'),(203,'Model','Stokes-Hermiston','Awesome Rubber Gloves','198','Voluptatem cum est autem sed consequatur voluptatibus.','Enim rem excepturi sunt inventore nostrum et.',NULL,NULL,1,0,'Quia qui dolorem minima occaecati rem unde dolorem.','Velit est totam est adipisci sed corporis aut nam.','2013-07-23 01:47:08','2013-07-23 01:47:08'),(204,'Model','Franecki-Green','Intelligent Wooden Car','199','Quae inventore quia error.','Laudantium delectus at repellat sequi aliquam deleniti.',NULL,NULL,3,0,'Vero nemo sunt dolor consequuntur ea id odio.','Quos quas similique ullam.','2013-07-23 01:47:08','2013-07-23 01:47:08'),(205,'Model','Bogan-Ratke','Sleek Wooden Car','200','Inventore odit cupiditate eum atque labore.','Architecto sit doloremque reprehenderit illum impedit et veritatis voluptatum.',NULL,NULL,0,0,'At ipsam enim deserunt et ex ea nisi quibusdam.','Corporis sunt veritatis praesentium fugit.','2013-07-23 01:47:08','2013-07-23 01:47:08'),(206,'Model','Stark, Donnelly and Greenholt','Ergonomic Concrete Computer','201','Enim eaque incidunt consequatur veniam saepe dolor.','Aperiam voluptatibus consequatur voluptatem corporis unde consequatur quae suscipit.',NULL,NULL,3,0,'In id et necessitatibus delectus dolores repellat molestias ipsum.','Exercitationem quia dolorum alias porro a.','2013-07-23 01:47:08','2013-07-23 01:47:08'),(207,'Model','Dooley Inc','Awesome Steel Shoes','202','Soluta accusamus animi voluptatem ipsa.','Beatae aspernatur sapiente odit quia.',NULL,NULL,0,0,'Iure error rerum sit illum molestias dolore sequi.','Voluptatem doloribus recusandae consequatur ipsam in.','2013-07-23 01:47:08','2013-07-23 01:47:08'),(208,'Model','Rutherford and Sons','Awesome Granite Shirt','203','Occaecati sunt inventore est.','Voluptate earum aut architecto ex minus.',NULL,NULL,2,0,'Illo porro impedit qui.','Quasi impedit ullam quia deleniti.','2013-07-23 01:47:08','2013-07-23 01:47:08'),(209,'Model','Legros Inc','Practical Rubber Computer','204','Vero quia omnis velit quia rerum modi et quasi.','Sunt aspernatur ipsum et.',NULL,NULL,3,0,'Facere enim voluptas omnis molestias architecto.','Doloremque placeat nostrum et quasi quisquam illo dolor.','2013-07-23 01:47:08','2013-07-23 01:47:08'),(210,'Model','Witting-Mills','Practical Cotton Gloves','205','A temporibus quaerat alias.','Eaque neque sapiente molestiae id vel.',NULL,NULL,3,0,'Perferendis nesciunt ex voluptates aut illum perspiciatis dolorum.','Nisi et deleniti possimus.','2013-07-23 01:47:08','2013-07-23 01:47:08'),(211,'Model','Dach, Lowe and O\'Kon','Ergonomic Cotton Chair','206','Omnis ut dolore quaerat aut.','Consequatur doloribus omnis dolorum aperiam omnis aliquam.',NULL,NULL,3,0,'Porro laudantium quo voluptatibus ullam quam nostrum non corrupti.','Aut aut quibusdam aspernatur repellat esse modi temporibus.','2013-07-23 01:47:08','2013-07-23 01:47:08'),(212,'Model','Grimes-Crist','Practical Cotton Shoes','208','Occaecati ducimus voluptas sint pariatur.','Quis vitae iusto est natus ex et.',NULL,NULL,0,0,'Vel molestias ipsa omnis qui.','Pariatur eius architecto numquam ex quia dolorum.','2013-07-23 01:47:08','2013-07-23 01:47:08'),(213,'Software','Champlin-Wilderman','Gorgeous Concrete Hat','210',NULL,NULL,NULL,NULL,0,0,NULL,NULL,'2013-07-23 01:47:08','2013-07-23 01:47:08'),(214,'Model','Johns, Bosco and Hand','Rustic Rubber Shoes','211','Et voluptatem assumenda nisi quo est iure consectetur.','Qui suscipit placeat molestiae tenetur non fugiat inventore.',NULL,NULL,3,0,'Voluptates fugit debitis et placeat ipsa ipsam sint.','Ullam ipsa quam et.','2013-07-18 00:00:00','2013-07-18 00:00:00'),(215,'Model','Douglas, Erdman and Armstrong','Gorgeous Cotton Computer','212','Et pariatur dolorem blanditiis sunt exercitationem et autem.','Et rerum quidem mollitia qui voluptates et.',NULL,NULL,1,0,'Veniam voluptates maxime laboriosam accusantium tempore sunt.','Quos voluptas praesentium accusamus sint.','2013-07-18 00:00:00','2013-07-18 00:00:00'),(216,'Model','Friesen and Sons','Incredible Granite Shoes','213','Occaecati qui ratione expedita et veniam alias.','Deleniti cum dolorem et expedita reprehenderit.',NULL,NULL,3,0,'Possimus deserunt eveniet aut.','Dolorum dolores enim voluptate suscipit dolor impedit fugit culpa.','2013-07-18 00:00:00','2013-07-18 00:00:00'),(217,'Model','Ankunding, O\'Connell and Waters','Awesome Wooden Chair','214','Qui assumenda et est error quasi.','Esse qui maxime qui suscipit ut exercitationem sequi et.',NULL,NULL,1,0,'Possimus corporis temporibus consequatur maxime quidem itaque voluptas dolorum.','Et consectetur nulla voluptatum a repudiandae aut.','2013-07-18 00:00:00','2013-07-18 00:00:00'),(218,'Model','Bahringer, Ankunding and Dooley','Gorgeous Steel Chair','216','Qui ducimus occaecati ad officia id amet.','Sunt modi et aut vero ut.',NULL,NULL,2,0,'Blanditiis aut non debitis voluptatem consequatur commodi expedita distinctio.','Blanditiis a magni quisquam quo voluptatem quo mollitia amet.','2013-07-23 01:47:08','2013-07-23 01:47:08'),(219,'Model','Will-Fay','Fantastic Plastic Shoes','217','Recusandae porro sit dignissimos ipsum minima ipsam.','Aliquam quia totam nostrum et quibusdam omnis neque odit.',NULL,NULL,2,0,'Aut voluptate adipisci enim alias omnis sequi sit porro.','Perferendis asperiores ducimus odio ut est fugiat.','2013-07-23 01:47:08','2013-07-23 01:47:08'),(220,'Model','Denesik, Lakin and Will','Sleek Granite Shirt','218','Asperiores quo quo molestias corporis autem quaerat facilis.','Sapiente consequatur cupiditate nulla natus est.',NULL,NULL,2,0,'Qui libero assumenda est.','Rem numquam recusandae voluptatibus in nihil.','2013-07-23 01:47:08','2013-07-23 01:47:08'),(221,'Model','Mante and Sons','Incredible Wooden Table','219','Voluptatibus vel necessitatibus impedit corrupti et autem quia.','Possimus omnis aut consectetur molestias.',NULL,NULL,1,0,'Magni quos eius modi blanditiis nisi numquam reprehenderit.','Recusandae repellat rerum sed vero ut ipsum fuga dolorum.','2013-07-23 01:47:08','2013-07-23 01:47:08'),(222,'Model','Considine-Runolfsdottir','Intelligent Steel Shoes','220','Ut officiis dolorum cum optio.','Explicabo facere commodi aspernatur ratione voluptatum est quis porro.',NULL,NULL,1,0,'Saepe perspiciatis voluptas et non quis dignissimos.','Est sapiente maiores reiciendis culpa.','2013-07-23 01:47:08','2013-07-23 01:47:08'),(223,'Model','Quitzon-Maggio','Gorgeous Concrete Chair','221','Sunt in recusandae nulla id et cum est ut.','Et ut quia quasi quae et maiores eveniet.',NULL,NULL,2,0,'Omnis veniam aliquid soluta facilis.','Debitis inventore possimus laboriosam et sapiente.','2013-07-23 01:47:08','2013-07-23 01:47:08'),(224,'Model','Nienow-Huels','Ergonomic Granite Shirt','222','Nihil quis odit exercitationem corporis facere natus.','Qui temporibus sint dolorum.',NULL,NULL,3,0,'Est non mollitia quia dolor praesentium ipsa.','Nihil assumenda facere eligendi eius.','2013-07-23 01:47:08','2013-07-23 01:47:08'),(225,'Model','Lubowitz Group','Small Plastic Gloves','223','Corrupti reiciendis cum autem alias.','Ea recusandae omnis dicta dolor sequi fugit provident voluptatibus.',NULL,NULL,1,0,'Aperiam aliquid explicabo vel ab.','Eum ex voluptates odit id praesentium qui.','2013-07-23 01:47:08','2013-07-23 01:47:08'),(226,'Model','Feest LLC','Fantastic Cotton Chair','224','Quidem non earum assumenda fugit ducimus.','Sed quia sint dignissimos maxime cum.',NULL,NULL,3,0,'Deleniti ea consectetur voluptatem sit voluptate.','Consequuntur et provident sit perferendis commodi dolor laborum.','2013-07-23 01:47:08','2013-07-23 01:47:08'),(227,'Model','Wiegand Group','Ergonomic Rubber Computer','225','Aut possimus et et illo.','Nihil sit et enim.',NULL,NULL,1,0,'Unde adipisci qui consequatur molestias aut blanditiis et iure.','Rerum iste praesentium qui optio et.','2013-07-23 01:47:08','2013-07-23 01:47:08'),(228,'Model','Cartwright, Sauer and Lang','Gorgeous Cotton Pants','226','Eos voluptas enim quod ipsam.','Quos distinctio est cum et soluta unde inventore quia.',NULL,NULL,3,0,'Corporis voluptatem corrupti aut.','Velit reprehenderit perferendis ut natus qui odio quasi quis.','2013-07-23 01:47:08','2013-07-23 01:47:08'),(229,'Model','Monahan Inc','Ergonomic Rubber Shirt','227','Quos aliquid incidunt sed.','Magnam repudiandae omnis autem qui.',NULL,NULL,1,0,'Omnis incidunt ipsum dolor repellendus sit sed autem vel.','Fugiat sed ducimus pariatur soluta ipsum.','2013-07-23 01:47:08','2013-07-23 01:47:08'),(230,'Model','Ullrich-Goodwin','Fantastic Plastic Chair','228','Occaecati animi nobis dolorum nemo in dolorem.','Omnis velit aut sint eum maxime.',NULL,NULL,3,0,'Aut qui ab officiis repellendus adipisci.','Ex quisquam consequuntur autem.','2013-07-23 01:47:08','2013-07-23 01:47:08'),(231,'Model','Bins Group','Ergonomic Wooden Shoes','229','Dolore perspiciatis facere quos vero ab non repudiandae.','Consequatur asperiores facilis voluptatibus perferendis et inventore.',NULL,NULL,3,0,'Eum aut quas est est impedit alias.','Non voluptatem debitis ducimus.','2013-07-23 01:47:08','2013-07-23 01:47:08'),(232,'Model','Koepp, Bechtelar and Rolfson','Fantastic Granite Car','230','A est accusamus aut in officia officiis.','Consequatur dolorem voluptas tempora.',NULL,NULL,0,0,'Repellendus dolores hic corporis.','Sed dolor ipsam similique ut earum ipsum.','2013-07-23 01:47:08','2013-07-23 01:47:08'),(233,'Model','Shields-Ferry','Sleek Plastic Hat','231','Ad sit qui porro.','Dolores unde dolores blanditiis esse voluptatem.',NULL,NULL,2,0,'Expedita ipsa aut dolore nam ut voluptas sed.','Ratione aut quidem et.','2013-07-23 01:47:08','2013-07-23 01:47:08'),(234,'Model','Wiegand-O\'Conner','Awesome Granite Gloves','232','Minus et a laboriosam consequatur.','Est corrupti nisi ratione tempora repellat.',NULL,NULL,1,0,'Quis nemo est et sed aspernatur.','Corrupti nobis natus id culpa.','2013-07-23 01:47:08','2013-07-23 01:47:08'),(235,'Model','Pfeffer-Stroman','Ergonomic Granite Car','233','Nostrum ea voluptatibus nam accusamus molestiae.','Voluptatem ea sunt minima.',NULL,NULL,0,0,'Omnis nobis magnam nulla.','Laboriosam quasi corrupti nobis occaecati quaerat est.','2013-07-23 01:47:08','2013-07-23 01:47:08'),(236,'Model','Jakubowski Inc','Sleek Concrete Table','234','Assumenda minus quia fugiat.','Quis ipsam voluptas laborum.',NULL,NULL,2,0,'Ab optio adipisci quaerat impedit minima est recusandae.','Tempore repudiandae atque incidunt veritatis velit sequi enim.','2013-07-23 01:47:08','2013-07-23 01:47:08'),(237,'Model','Olson-Moore','Gorgeous Rubber Computer','235','Sed dolorum harum excepturi consequuntur.','Cum dolores voluptates magni eius.',NULL,NULL,2,0,'Sed amet aut explicabo.','Nihil id optio in ab magnam tempora aperiam.','2013-07-18 00:00:00','2013-07-18 00:00:00'),(238,'Model','Beahan-Fay','Small Concrete Shirt','236','Rerum excepturi qui illo nemo cum magnam repellendus voluptatem.','Neque eius maxime magni.',NULL,NULL,0,0,'Voluptates consectetur maxime quod itaque porro ratione harum.','Inventore voluptatum hic nihil libero est sit quibusdam.','2013-07-18 00:00:00','2013-07-18 00:00:00'),(239,'Model','Lueilwitz and Sons','Practical Rubber Shoes','237','Vero distinctio nam possimus illo et alias molestiae.','Quam mollitia ad numquam voluptatem illum porro sapiente.',NULL,NULL,3,0,'Asperiores tempora voluptatem voluptas consequatur et iure.','Modi blanditiis labore expedita.','2013-07-18 00:00:00','2013-07-18 00:00:00'),(240,'Model','Krajcik LLC','Sleek Granite Computer','238','Voluptatem quis atque saepe fugiat quia amet.','Nihil quisquam nam optio non molestiae id totam.',NULL,NULL,0,0,'Rerum numquam totam facilis nobis.','Harum totam maiores quaerat et occaecati commodi.','2013-07-18 00:00:00','2013-07-18 00:00:00'),(241,'Model','Prosacco, Blanda and Stamm','Small Cotton Car','239','Nam qui rerum facere adipisci.','Magnam quidem dolor iure eos in est.',NULL,NULL,0,0,'Quo esse error adipisci architecto quia doloribus sed aut.','Sint in fuga ut et quidem aspernatur.','2013-07-23 01:47:08','2013-07-23 01:47:08'),(242,'Model','Balistreri Group','Awesome Steel Hat','240','Nam iste expedita ipsum beatae esse atque ut autem.','Eaque omnis at voluptas rerum est dolorem quia dicta.',NULL,NULL,0,0,'Ipsum debitis vero quos expedita non qui ut.','Aut itaque reprehenderit est.','2013-07-23 01:47:08','2013-07-23 01:47:08'),(243,'Model','Schuster-Cruickshank','Small Plastic Table','241','Sunt et quae doloribus.','Exercitationem vitae officiis quia fugit laudantium ducimus tempora sit.',NULL,NULL,2,0,'Dolor veritatis quia perspiciatis quia ea dolore.','Dignissimos rerum sunt non.','2013-07-23 01:47:08','2013-07-23 01:47:08'),(244,'Model','Kuhlman and Sons','Ergonomic Granite Gloves','242','Et aperiam et velit deleniti cupiditate voluptatibus debitis.','Ullam itaque alias ducimus dolore.',NULL,NULL,1,0,'Laudantium sapiente facere eum numquam qui laborum.','Quaerat sint tempore qui.','2013-07-23 01:47:08','2013-07-23 01:47:08'),(245,'Model','Hermiston LLC','Small Concrete Shoes','243','Libero praesentium doloremque unde et.','Nesciunt at reiciendis consequatur.',NULL,NULL,1,0,'Nam et autem excepturi voluptatem.','Harum recusandae blanditiis doloremque adipisci quia.','2013-07-23 01:47:08','2013-07-23 01:47:08'),(246,'Model','Dietrich Group','Practical Granite Chair','244','Quod ipsa et voluptatem tempore sed blanditiis.','Quis eligendi et voluptatem earum.',NULL,NULL,0,0,'Non quia perferendis eos.','Quia sit deserunt vero hic quaerat velit laborum non.','2013-07-23 01:47:08','2013-07-23 01:47:08'),(247,'Model','Ledner-Gislason','Incredible Plastic Computer','245','Et repellendus quia praesentium assumenda.','Nisi deleniti repudiandae facere ratione sunt velit.',NULL,NULL,1,0,'Id ut illum laboriosam facere non voluptatibus.','Asperiores iusto qui sunt.','2013-07-23 01:47:08','2013-07-23 01:47:08'),(248,'Model','White Group','Ergonomic Rubber Chair','246','Neque sed ut veniam repellat distinctio.','Dicta expedita dolores neque est quisquam et recusandae sit.',NULL,NULL,3,0,'Voluptas qui nihil fugiat ducimus aut a ut.','Accusamus nesciunt similique at voluptatem deleniti aut voluptatum.','2013-07-23 01:47:08','2013-07-23 01:47:08'),(249,'Model','Ledner-Kassulke','Small Steel Table','247','Dolor voluptas consectetur autem voluptates.','Autem quo odio officiis.',NULL,NULL,1,0,'Placeat quia expedita recusandae iusto aut eum porro.','Voluptate et earum dolorum repellendus rerum.','2013-07-23 01:47:08','2013-07-23 01:47:08'),(250,'Model','Farrell, Schroeder and Runolfsdottir','Ergonomic Plastic Table','248','Dolor qui quia consequuntur quo.','Et enim maiores aut.',NULL,NULL,0,0,'Illo dolorem amet odio sed accusamus.','Omnis eos cum praesentium voluptates aut minus exercitationem libero.','2013-07-23 01:47:08','2013-07-23 01:47:08'),(251,'Model','Mante-Grimes','Awesome Concrete Chair','249','Et sit quam impedit porro dolore nesciunt adipisci.','Quas dolore sed ducimus minima eos.',NULL,NULL,1,0,'Et et quaerat neque.','Unde officia soluta suscipit modi.','2013-07-23 01:47:08','2013-07-23 01:47:08'),(252,'Model','Runolfsson, Smitham and Wilderman','Small Steel Shoes','250','Vel quae fugiat perspiciatis dolorem dolorem sit dignissimos qui.','Saepe sunt molestiae sapiente corporis neque quod quibusdam.',NULL,NULL,0,0,'Laudantium voluptas vel maxime et assumenda ut sed fugiat.','Beatae odio eligendi incidunt voluptas dignissimos dolore doloremque exercitationem.','2013-07-23 01:47:08','2013-07-23 01:47:08'),(253,'Model','Veum, O\'Connell and Hayes','Practical Granite Car','251','Sed quo quaerat dolorem veritatis et.','Reprehenderit facere aspernatur quia ex.',NULL,NULL,1,0,'Praesentium nam et dignissimos illum sit eum quia.','Nesciunt tempore reprehenderit voluptatem autem modi.','2013-07-23 01:47:08','2013-07-23 01:47:08'),(254,'Model','Renner, Bradtke and Volkman','Sleek Plastic Chair','252','Doloribus quo perferendis praesentium voluptatem minus.','Reprehenderit dolores est sed sed.',NULL,NULL,0,0,'Architecto dolore rerum sint occaecati enim maiores quisquam.','Sint voluptatum laborum suscipit.','2013-07-23 01:47:08','2013-07-23 01:47:08'),(255,'Model','Hauck, Sawayn and Hand','Practical Steel Shirt','253','Eos quia debitis architecto reiciendis pariatur minus.','Consequatur nemo tempora ad sunt.',NULL,NULL,0,0,'Et cupiditate dolor aut a cumque consequatur.','Nostrum ab odio aut rerum.','2013-07-23 01:47:08','2013-07-23 01:47:08'),(256,'Model','Schmidt Group','Rustic Wooden Table','254','Et aspernatur ipsa ut ipsum aperiam.','Non fuga nesciunt sit tempore.',NULL,NULL,1,0,'Beatae iste dolorem nam illum libero.','Temporibus impedit et atque iure et.','2013-07-23 01:47:08','2013-07-23 01:47:08'),(257,'Model','Welch, Koelpin and Raynor','Small Plastic Pants','255','Pariatur quia voluptas fugiat temporibus.','Et aperiam ad sit.',NULL,NULL,1,0,'Iusto ea unde explicabo pariatur eos.','Eum dolores iusto consequatur magni.','2013-07-23 01:47:08','2013-07-23 01:47:08'),(258,'Model','Terry, Weissnat and Toy','Sleek Steel Shirt','256','Sapiente consequuntur non quod.','Ut est placeat labore vero quasi tempora.',NULL,NULL,3,0,'Officiis nostrum ut voluptatem.','Consequatur qui aut cum.','2013-07-23 01:47:08','2013-07-23 01:47:08'),(259,'Model','O\'Connell Inc','Fantastic Granite Gloves','257','Harum est repellat magnam recusandae repellendus aut ipsum.','Ratione voluptas molestias occaecati similique reprehenderit consequatur quam consequuntur.',NULL,NULL,2,0,'Et molestiae fugiat reprehenderit omnis.','Consequatur deserunt unde autem.','2013-07-23 01:47:08','2013-07-23 01:47:08'),(260,'Model','Zemlak-Blanda','Intelligent Steel Chair','258','Cupiditate suscipit accusamus et harum quis qui.','Unde quis temporibus expedita.',NULL,NULL,3,0,'Et in voluptatum qui autem eveniet dolor sapiente.','Occaecati ea quam rerum quia illo.','2013-07-23 01:47:08','2013-07-23 01:47:08'),(261,'Model','Kertzmann-Jacobs','Sleek Granite Pants','259','Hic ut nam omnis maxime maiores quae eveniet necessitatibus.','Eligendi id voluptatem magnam.',NULL,NULL,0,0,'Architecto adipisci cumque id ex unde ducimus necessitatibus.','Qui facilis voluptate ea quam dolor voluptatem omnis.','2013-07-23 01:47:08','2013-07-23 01:47:08'),(262,'Model','Labadie Inc','Small Rubber Chair','260','Nihil incidunt id ea consequuntur eligendi.','Vel voluptatem qui quia delectus eligendi et id.',NULL,NULL,0,0,'Molestiae et aut et nihil temporibus blanditiis.','Quo ducimus recusandae laborum.','2013-07-23 01:47:08','2013-07-23 01:47:08'),(263,'Model','Murray Inc','Ergonomic Wooden Hat','261','Explicabo atque aut ab.','Quia aspernatur et facere culpa quam sunt.',NULL,NULL,0,0,'Blanditiis quia doloremque consectetur omnis fugit.','Quia dolorem beatae tempore placeat natus.','2013-07-23 01:47:08','2013-07-23 01:47:08'),(264,'Model','Bayer Inc','Rustic Steel Computer','262','Similique et voluptatibus tempora.','Sit sit eos mollitia.',NULL,NULL,0,0,'Consequatur debitis ut iure.','Qui quia ratione architecto aut omnis optio ipsam.','2013-07-23 01:47:08','2013-07-23 01:47:08'),(265,'Model','Rogahn, Hartmann and Hermiston','Small Rubber Gloves','263','Distinctio officia laudantium quasi.','Quia inventore blanditiis est voluptatem numquam possimus.',NULL,NULL,3,0,'Nemo et blanditiis quia nisi omnis enim rerum.','Omnis similique sunt distinctio.','2013-07-23 01:47:08','2013-07-23 01:47:08'),(266,'Model','Leffler, Jakubowski and Auer','Small Plastic Car','264','Ut asperiores optio at voluptatem iure unde enim.','Quia qui ipsa dignissimos debitis.',NULL,NULL,3,0,'Laborum dolorem est asperiores reiciendis suscipit officia atque.','Repudiandae consequatur sint vitae et.','2013-07-23 01:47:08','2013-07-23 01:47:08'),(267,'Model','Spinka and Sons','Rustic Granite Chair','265','Velit soluta sit quia exercitationem sunt possimus.','Quibusdam eveniet facilis nihil dolores omnis assumenda sapiente.',NULL,NULL,0,0,'Magni et sit qui.','Aut quo corrupti enim non eaque delectus placeat.','2013-07-23 01:47:08','2013-07-23 01:47:08'),(268,'Model','Schamberger LLC','Ergonomic Granite Chair','266','Repellendus in aliquam quia dolore.','Nostrum nisi dolores omnis rerum et eum.',NULL,NULL,1,0,'Quae accusantium animi voluptatem molestias qui quaerat sunt.','Omnis cumque sint veniam animi autem qui omnis illo.','2013-07-23 01:47:08','2013-07-23 01:47:08'),(269,'Model','Mitchell and Sons','Fantastic Steel Chair','267','Ab ut minus omnis dolore dolorem nihil eaque occaecati.','Corporis itaque et mollitia quasi voluptatem sunt officia.',NULL,NULL,0,0,'Deleniti nihil est tempora qui commodi et vitae temporibus.','Aut sit aut velit quasi aliquam.','2013-07-23 01:47:08','2013-07-23 01:47:08'),(270,'Model','Paucek, Watsica and Leannon','Ergonomic Wooden Table','268','Architecto odio recusandae omnis.','Possimus quas eaque rerum quidem ducimus.',NULL,NULL,0,0,'Et in natus ut.','Architecto voluptas minus aperiam mollitia corporis repellendus sed.','2013-07-23 01:47:08','2013-07-23 01:47:08'),(271,'Model','Williamson Group','Gorgeous Wooden Car','269','Aliquid deleniti voluptatibus voluptas non dolorum asperiores et.','Nobis est quod temporibus eum ut hic sunt quo.',NULL,NULL,1,0,'Minima voluptate ullam quo aspernatur adipisci.','Iusto voluptatem voluptate eaque hic voluptatibus.','2013-07-23 01:47:08','2013-07-23 01:47:08'),(272,'Model','Schaefer, Collins and Predovic','Ergonomic Rubber Car','270','Veniam aut sit ab quis.','Nulla molestias quis cupiditate et nihil accusamus.',NULL,NULL,1,0,'Voluptate sint quas quasi dicta consectetur ea ut.','Quibusdam porro odio provident et.','2013-07-23 01:47:08','2013-07-23 01:47:08'),(273,'Model','Reichert Inc','Gorgeous Wooden Computer','271','Reiciendis sit qui explicabo eius eos necessitatibus sed.','Iste nam est natus ullam et voluptas.',NULL,NULL,0,0,'Esse autem eaque quia.','Ea labore doloremque sequi porro.','2013-07-23 01:47:08','2013-07-23 01:47:08'),(274,'Model','Steuber-Dickinson','Ergonomic Rubber Table','272','Esse eos labore et est.','Aut similique repellat ratione laborum officia aperiam velit.',NULL,NULL,0,0,'Minus optio vero voluptatem.','Est vel non dignissimos libero consequatur id.','2013-07-23 01:47:08','2013-07-23 01:47:08'),(275,'Model','Reichel, Roberts and Spencer','Gorgeous Wooden Chair','273','Repellendus soluta dolor in qui.','Et deserunt exercitationem consequatur iste pariatur dolor.',NULL,NULL,2,0,'Possimus corrupti sed quis.','Ipsa esse consequuntur natus eos ut incidunt ea.','2013-07-23 01:47:08','2013-07-23 01:47:08'),(276,'Model','Schmeler LLC','Small Granite Gloves','274','Sint laudantium quis rerum repellendus repudiandae quisquam numquam autem.','Praesentium aut alias qui sed voluptas dolores.',NULL,NULL,0,0,'Quibusdam nostrum omnis quae.','Accusamus dolore aut cupiditate.','2013-07-23 01:47:08','2013-07-23 01:47:08'),(277,'Model','Bins, Bailey and Dach','Fantastic Cotton Car','275','Eum officia doloremque minus iste necessitatibus.','A ut nihil id quaerat.',NULL,NULL,3,0,'Similique soluta deserunt earum ad.','In praesentium quos ut.','2013-07-23 01:47:08','2013-07-23 01:47:08'),(278,'Model','Strosin-Legros','Awesome Concrete Car','276','Ut doloremque aut sapiente.','Velit quia quis libero vel.',NULL,NULL,2,0,'Quasi aliquam sint eveniet deleniti.','Esse illum totam dolor veritatis laudantium temporibus molestiae ab.','2013-07-23 01:47:08','2013-07-23 01:47:08'),(279,'Model','Krajcik-Kassulke','Rustic Steel Shoes','277','Id ut occaecati est et voluptatum quaerat facere.','Et culpa vitae fuga qui nesciunt maxime dolores.',NULL,NULL,2,0,'Voluptatem voluptatum aperiam at exercitationem aut reprehenderit tempora.','Corporis unde autem dolores repellat.','2013-07-23 01:47:08','2013-07-23 01:47:08'),(280,'Model','Harvey, Boyer and Sauer','Gorgeous Rubber Shirt','278','Et aperiam inventore consequatur quam fugiat aut consequuntur.','Impedit a quisquam aspernatur commodi aut itaque et.',NULL,NULL,3,0,'Consectetur sed minima a alias adipisci fuga aut.','Id laborum et repellendus aut vel.','2013-07-23 01:47:08','2013-07-23 01:47:08'),(281,'Model','Cronin and Sons','Practical Plastic Car','279','Nostrum sed non distinctio tempore ut.','Eum repudiandae eos consequatur molestias non.',NULL,NULL,1,0,'Sunt cum et quia tempora qui porro aliquam.','Accusamus nam aut error ut.','2013-07-23 01:47:08','2013-07-23 01:47:08'),(282,'Model','Monahan Inc','Small Granite Pants','280','Cum et officiis sequi labore et asperiores voluptatibus.','Animi sit nam error dignissimos.',NULL,NULL,1,0,'Eum voluptatibus assumenda eos officiis atque ut magnam.','Ut dolores modi velit.','2013-07-23 01:47:08','2013-07-23 01:47:08'),(283,'Model','Armstrong and Sons','Sleek Cotton Car','281','Quia odit ipsa accusamus rerum molestiae.','Dolorem animi excepturi in ipsam quia iusto qui est.',NULL,NULL,2,0,'Qui nihil quasi sed.','Velit nulla blanditiis eius laudantium consequatur quidem.','2013-07-23 01:47:08','2013-07-23 01:47:08'),(284,'Model','Weimann, Treutel and Mante','Intelligent Steel Pants','282','Aut beatae veritatis velit libero id eius.','Assumenda aut minus quaerat omnis.',NULL,NULL,1,0,'Qui ab consectetur autem velit ut autem asperiores eum.','Quibusdam fugiat repellat aut explicabo ut placeat ipsam laboriosam.','2013-07-23 01:47:08','2013-07-23 01:47:08'),(285,'Model','Rolfson-White','Sleek Rubber Chair','283','Est hic occaecati reprehenderit.','Nobis est veniam enim eos.',NULL,NULL,0,0,'Doloremque commodi quisquam mollitia nihil.','Autem veritatis dolores quos sint vel.','2013-07-23 01:47:08','2013-07-23 01:47:08'),(286,'Model','Torp, Bernhard and Collins','Gorgeous Cotton Shoes','284','Aliquam quis id iste ex et tempora repudiandae.','Sint doloribus molestias et autem laboriosam natus nam.',NULL,NULL,1,0,'A maxime adipisci eveniet iusto.','Vitae consectetur nobis nihil.','2013-07-23 01:47:08','2013-07-23 01:47:08'),(287,'Software','Howell and Sons','Small Wooden Car','285',NULL,NULL,NULL,NULL,0,0,NULL,NULL,'2013-07-23 01:47:08','2013-07-23 01:47:08'),(288,'Model','Brakus-Kessler','Incredible Concrete Car','286','Deleniti similique et dignissimos incidunt cupiditate quidem.','Iste adipisci voluptate qui.',NULL,NULL,2,0,'Ut alias reprehenderit deleniti eveniet explicabo et.','Hic minima aut maxime ut fugit.','2013-07-23 01:47:08','2013-07-23 01:47:08'),(289,'Model','Balistreri-Romaguera','Small Cotton Computer','287','Consequatur eaque quod est libero.','Ipsam velit et voluptatibus eum fugit voluptates officiis.',NULL,NULL,2,0,'Voluptatem non voluptatum incidunt tenetur.','Exercitationem ab commodi excepturi libero perspiciatis sint non.','2013-07-23 01:47:08','2013-07-23 01:47:08'),(290,'Model','Bins, Waelchi and Armstrong','Fantastic Concrete Shoes','288','Ut vel quo architecto iste et et.','Harum ipsam fugit eos tempora culpa et dicta.',NULL,NULL,2,0,'Sit molestiae voluptatem aut omnis.','Dolore facere quia est sit mollitia ea consequatur.','2013-07-23 01:47:08','2013-07-23 01:47:08'),(291,'Model','Torp, Mann and Block','Fantastic Wooden Chair','289','Odit facilis praesentium repudiandae eveniet et mollitia excepturi.','Ullam velit omnis totam praesentium.',NULL,NULL,3,0,'Dicta beatae reprehenderit quo sequi blanditiis at et.','Accusantium perspiciatis est at et in.','2013-07-23 01:47:08','2013-07-23 01:47:08');
/*!40000 ALTER TABLE `models` ENABLE KEYS */;
UNLOCK TABLES;

--
-- Table structure for table `models_compatibles`
--

DROP TABLE IF EXISTS `models_compatibles`;
/*!40101 SET @saved_cs_client     = @@character_set_client */;
/*!40101 SET character_set_client = utf8 */;
CREATE TABLE `models_compatibles` (
  `model_id` int(11) DEFAULT NULL,
  `compatible_id` int(11) DEFAULT NULL,
  KEY `index_models_compatibles_on_compatible_id` (`compatible_id`),
  KEY `index_models_compatibles_on_model_id` (`model_id`),
  CONSTRAINT `models_compatibles_compatible_id_fk` FOREIGN KEY (`compatible_id`) REFERENCES `models` (`id`),
  CONSTRAINT `models_compatibles_model_id_fk` FOREIGN KEY (`model_id`) REFERENCES `models` (`id`)
) ENGINE=InnoDB DEFAULT CHARSET=utf8 COLLATE=utf8_unicode_ci;
/*!40101 SET character_set_client = @saved_cs_client */;

--
-- Dumping data for table `models_compatibles`
--

LOCK TABLES `models_compatibles` WRITE;
/*!40000 ALTER TABLE `models_compatibles` DISABLE KEYS */;
INSERT INTO `models_compatibles` VALUES (144,143),(145,143),(146,143);
/*!40000 ALTER TABLE `models_compatibles` ENABLE KEYS */;
UNLOCK TABLES;

--
-- Table structure for table `notifications`
--

DROP TABLE IF EXISTS `notifications`;
/*!40101 SET @saved_cs_client     = @@character_set_client */;
/*!40101 SET character_set_client = utf8 */;
CREATE TABLE `notifications` (
  `id` int(11) NOT NULL AUTO_INCREMENT,
  `user_id` int(11) DEFAULT NULL,
  `title` varchar(255) COLLATE utf8_unicode_ci DEFAULT '',
  `created_at` datetime NOT NULL,
  PRIMARY KEY (`id`),
  KEY `index_notifications_on_user_id` (`user_id`),
  CONSTRAINT `notifications_user_id_fk` FOREIGN KEY (`user_id`) REFERENCES `users` (`id`) ON DELETE CASCADE
) ENGINE=InnoDB DEFAULT CHARSET=utf8 COLLATE=utf8_unicode_ci;
/*!40101 SET character_set_client = @saved_cs_client */;

--
-- Dumping data for table `notifications`
--

LOCK TABLES `notifications` WRITE;
/*!40000 ALTER TABLE `notifications` DISABLE KEYS */;
/*!40000 ALTER TABLE `notifications` ENABLE KEYS */;
UNLOCK TABLES;

--
-- Table structure for table `numerators`
--

DROP TABLE IF EXISTS `numerators`;
/*!40101 SET @saved_cs_client     = @@character_set_client */;
/*!40101 SET character_set_client = utf8 */;
CREATE TABLE `numerators` (
  `id` int(11) NOT NULL AUTO_INCREMENT,
  `item` int(11) DEFAULT NULL,
  PRIMARY KEY (`id`)
) ENGINE=InnoDB DEFAULT CHARSET=utf8 COLLATE=utf8_unicode_ci;
/*!40101 SET character_set_client = @saved_cs_client */;

--
-- Dumping data for table `numerators`
--

LOCK TABLES `numerators` WRITE;
/*!40000 ALTER TABLE `numerators` DISABLE KEYS */;
/*!40000 ALTER TABLE `numerators` ENABLE KEYS */;
UNLOCK TABLES;

--
-- Table structure for table `options`
--

DROP TABLE IF EXISTS `options`;
/*!40101 SET @saved_cs_client     = @@character_set_client */;
/*!40101 SET character_set_client = utf8 */;
CREATE TABLE `options` (
  `id` int(11) NOT NULL AUTO_INCREMENT,
  `inventory_pool_id` int(11) DEFAULT NULL,
  `inventory_code` varchar(255) COLLATE utf8_unicode_ci DEFAULT NULL,
  `manufacturer` varchar(255) COLLATE utf8_unicode_ci DEFAULT NULL,
  `product` varchar(255) COLLATE utf8_unicode_ci NOT NULL,
  `version` varchar(255) COLLATE utf8_unicode_ci DEFAULT NULL,
  `price` decimal(8,2) DEFAULT NULL,
  PRIMARY KEY (`id`),
  KEY `index_options_on_inventory_pool_id` (`inventory_pool_id`),
  CONSTRAINT `options_inventory_pool_id_fk` FOREIGN KEY (`inventory_pool_id`) REFERENCES `inventory_pools` (`id`)
) ENGINE=InnoDB AUTO_INCREMENT=7 DEFAULT CHARSET=utf8 COLLATE=utf8_unicode_ci;
/*!40101 SET character_set_client = @saved_cs_client */;

--
-- Dumping data for table `options`
--

LOCK TABLES `options` WRITE;
/*!40000 ALTER TABLE `options` DISABLE KEYS */;
INSERT INTO `options` VALUES (1,1,'akku-aa',NULL,'Akku AA','107','916.00'),(2,1,'akku-aaa',NULL,'Akku AAA','108','842.00'),(3,1,'usb',NULL,'USB Kabel','109','741.00'),(4,1,'utt4845',NULL,'Incredible Concrete Pants','207','821.00'),(5,1,'por10614',NULL,'Gorgeous Granite Shoes','209','247.00'),(6,2,'duc10499',NULL,'Rustic Wooden Gloves','215','206.00');
/*!40000 ALTER TABLE `options` ENABLE KEYS */;
UNLOCK TABLES;

--
-- Table structure for table `partitions`
--

DROP TABLE IF EXISTS `partitions`;
/*!40101 SET @saved_cs_client     = @@character_set_client */;
/*!40101 SET character_set_client = utf8 */;
CREATE TABLE `partitions` (
  `id` int(11) NOT NULL AUTO_INCREMENT,
  `model_id` int(11) DEFAULT NULL,
  `inventory_pool_id` int(11) DEFAULT NULL,
  `group_id` int(11) DEFAULT NULL,
  `quantity` int(11) DEFAULT NULL,
  PRIMARY KEY (`id`),
  UNIQUE KEY `index_partitions_on_model_id_and_inventory_pool_id_and_group_id` (`model_id`,`inventory_pool_id`,`group_id`),
  KEY `partitions_group_id_fk` (`group_id`),
  KEY `partitions_inventory_pool_id_fk` (`inventory_pool_id`),
  CONSTRAINT `partitions_model_id_fk` FOREIGN KEY (`model_id`) REFERENCES `models` (`id`) ON DELETE CASCADE,
  CONSTRAINT `partitions_group_id_fk` FOREIGN KEY (`group_id`) REFERENCES `groups` (`id`),
  CONSTRAINT `partitions_inventory_pool_id_fk` FOREIGN KEY (`inventory_pool_id`) REFERENCES `inventory_pools` (`id`)
) ENGINE=InnoDB AUTO_INCREMENT=12 DEFAULT CHARSET=utf8 COLLATE=utf8_unicode_ci;
/*!40101 SET character_set_client = @saved_cs_client */;

--
-- Dumping data for table `partitions`
--

LOCK TABLES `partitions` WRITE;
/*!40000 ALTER TABLE `partitions` DISABLE KEYS */;
INSERT INTO `partitions` VALUES (1,107,1,4,1),(2,145,1,5,1),(3,146,1,6,5),(4,144,1,1,1),(5,76,1,1,1),(6,76,1,2,1),(7,163,1,7,1),(8,171,1,7,1),(9,180,1,7,1),(10,190,1,8,1),(11,199,1,7,1);
/*!40000 ALTER TABLE `partitions` ENABLE KEYS */;
UNLOCK TABLES;

--
-- Temporary table structure for view `partitions_with_generals`
--

DROP TABLE IF EXISTS `partitions_with_generals`;
/*!50001 DROP VIEW IF EXISTS `partitions_with_generals`*/;
SET @saved_cs_client     = @@character_set_client;
SET character_set_client = utf8;
/*!50001 CREATE TABLE `partitions_with_generals` (
  `model_id` int(11),
  `inventory_pool_id` int(11),
  `group_id` int(11),
  `quantity` decimal(33,0)
) ENGINE=MyISAM */;
SET character_set_client = @saved_cs_client;

--
-- Table structure for table `properties`
--

DROP TABLE IF EXISTS `properties`;
/*!40101 SET @saved_cs_client     = @@character_set_client */;
/*!40101 SET character_set_client = utf8 */;
CREATE TABLE `properties` (
  `id` int(11) NOT NULL AUTO_INCREMENT,
  `model_id` int(11) DEFAULT NULL,
  `key` varchar(255) COLLATE utf8_unicode_ci DEFAULT NULL,
  `value` varchar(255) COLLATE utf8_unicode_ci DEFAULT NULL,
  PRIMARY KEY (`id`),
  KEY `index_properties_on_model_id` (`model_id`),
  CONSTRAINT `properties_model_id_fk` FOREIGN KEY (`model_id`) REFERENCES `models` (`id`) ON DELETE CASCADE
) ENGINE=InnoDB AUTO_INCREMENT=13 DEFAULT CHARSET=utf8 COLLATE=utf8_unicode_ci;
/*!40101 SET character_set_client = @saved_cs_client */;

--
-- Dumping data for table `properties`
--

LOCK TABLES `properties` WRITE;
/*!40000 ALTER TABLE `properties` DISABLE KEYS */;
INSERT INTO `properties` VALUES (1,144,'Rotorduchmesser','120'),(2,144,'Akkus','2'),(3,144,'Farbe','Rot'),(4,145,'Rotorduchmesser','120'),(5,145,'Akkus','2'),(6,145,'Farbe','Rot'),(7,145,'max. Speed','80 kmh'),(8,145,'Gyro','Ja'),(9,145,'Achsen','3-Achsen'),(10,146,'Rotorduchmesser','120'),(11,146,'Akkus','2'),(12,146,'Farbe','Rot');
/*!40000 ALTER TABLE `properties` ENABLE KEYS */;
UNLOCK TABLES;

--
-- Table structure for table `purposes`
--

DROP TABLE IF EXISTS `purposes`;
/*!40101 SET @saved_cs_client     = @@character_set_client */;
/*!40101 SET character_set_client = utf8 */;
CREATE TABLE `purposes` (
  `id` int(11) NOT NULL AUTO_INCREMENT,
  `description` text COLLATE utf8_unicode_ci,
  PRIMARY KEY (`id`)
) ENGINE=InnoDB AUTO_INCREMENT=47 DEFAULT CHARSET=utf8 COLLATE=utf8_unicode_ci;
/*!40101 SET character_set_client = @saved_cs_client */;

--
-- Dumping data for table `purposes`
--

LOCK TABLES `purposes` WRITE;
/*!40000 ALTER TABLE `purposes` DISABLE KEYS */;
INSERT INTO `purposes` VALUES (1,'---\n- Ipsum quidem non aperiam molestiae ipsa.\n- Quis est sint ut fugiat.\n'),(2,'---\n- Numquam nostrum delectus modi rerum rem.\n- A quia quod quo.\n'),(3,'Ersatzstativ fr die Ausstellung.'),(4,'Ersatzstativ fr die Ausstellung.'),(5,'Ersatzstativ fr die Ausstellung.'),(6,'Ersatzstativ fr die Ausstellung.'),(7,'Ersatzstativ fr die Ausstellung.'),(8,'Ersatzstativ fr die Ausstellung.'),(9,'Ersatzstativ fr die Ausstellung.'),(10,'Ersatzstativ fr die Ausstellung.'),(11,'Ersatzstativ fr die Ausstellung.'),(12,'Ersatzstativ fr die Ausstellung.'),(13,'Ersatzstativ fr die Ausstellung.'),(14,'Ersatzstativ fr die Ausstellung.'),(15,'Nam eligendi fugiat quam commodi error.'),(16,'Similique quod temporibus libero labore placeat.'),(17,'Quisquam necessitatibus et doloremque eum molestiae quis.'),(18,'Culpa distinctio tempora tenetur aut officia dolorem itaque.'),(19,'Molestias enim neque maiores saepe doloremque nesciunt recusandae.'),(20,'Blanditiis veritatis quis aperiam.'),(21,'In qui doloribus neque odit dolor.'),(22,'Facere natus molestias neque dignissimos veritatis corporis.'),(23,'Bentige ich fr die Aufnahmen meiner Abschlussarbeit.'),(24,'Est fuga itaque sint.'),(25,'Earum distinctio facilis omnis aut.'),(26,'Velit quae eum dolores similique eos quis animi assumenda.'),(27,'Ersatzstativ fr die Ausstellung.'),(28,'Fr das zweite Austellungswochenende.'),(29,'Fr das dritte Austellungswochenende.'),(30,'Fr die Abschlussarbeit.'),(31,'Ersatzstativ fr die Ausstellung.'),(32,'Bestellung mit Software'),(33,'Bestellung mit Gegenstand ohne Ort'),(34,'Um meine Abschlussarbeit zu fotografieren.'),(35,'Architecto repudiandae nam similique qui doloribus.'),(36,'Um meine Abschlussarbeit zu fotografieren.'),(37,'Um meine Abschlussarbeit zu fotografieren.'),(38,'Vero provident amet est velit.'),(39,'Paketausgabe'),(40,'Fr meinen aktuellen Kurs.'),(41,'Ersatzstativ fr die Ausstellung.'),(42,'Um meine Abschlussarbeit zu fotografieren.'),(43,'Fotoshooting (Kurs Fotografie).'),(44,'Brauche ich zwingend fr meinen Kurs.'),(45,'Ganz dringend bentigt fr meine Abschlussarbeit.'),(46,'Als Ersatz.');
/*!40000 ALTER TABLE `purposes` ENABLE KEYS */;
UNLOCK TABLES;

--
-- Table structure for table `schema_migrations`
--

DROP TABLE IF EXISTS `schema_migrations`;
/*!40101 SET @saved_cs_client     = @@character_set_client */;
/*!40101 SET character_set_client = utf8 */;
CREATE TABLE `schema_migrations` (
  `version` varchar(255) COLLATE utf8_unicode_ci NOT NULL,
  UNIQUE KEY `unique_schema_migrations` (`version`)
) ENGINE=InnoDB DEFAULT CHARSET=utf8 COLLATE=utf8_unicode_ci;
/*!40101 SET character_set_client = @saved_cs_client */;

--
-- Dumping data for table `schema_migrations`
--

LOCK TABLES `schema_migrations` WRITE;
/*!40000 ALTER TABLE `schema_migrations` DISABLE KEYS */;
INSERT INTO `schema_migrations` VALUES ('20140410180000'),('20140414100000'),('20140415083535'),('20140417113831'),('20140428092844'),('20140515131025'),('20140812132326'),('20140820100242'),('20140828082448'),('20140901141016'),('20140903105715'),('20140905091014');
/*!40000 ALTER TABLE `schema_migrations` ENABLE KEYS */;
UNLOCK TABLES;

--
-- Table structure for table `settings`
--

DROP TABLE IF EXISTS `settings`;
/*!40101 SET @saved_cs_client     = @@character_set_client */;
/*!40101 SET character_set_client = utf8 */;
CREATE TABLE `settings` (
  `id` int(11) NOT NULL AUTO_INCREMENT,
  `smtp_address` varchar(255) COLLATE utf8_unicode_ci DEFAULT NULL,
  `smtp_port` int(11) DEFAULT NULL,
  `smtp_domain` varchar(255) COLLATE utf8_unicode_ci DEFAULT NULL,
  `local_currency_string` varchar(255) COLLATE utf8_unicode_ci DEFAULT NULL,
  `contract_terms` text COLLATE utf8_unicode_ci,
  `contract_lending_party_string` text COLLATE utf8_unicode_ci,
  `email_signature` varchar(255) COLLATE utf8_unicode_ci DEFAULT NULL,
  `default_email` varchar(255) COLLATE utf8_unicode_ci DEFAULT NULL,
  `deliver_order_notifications` tinyint(1) DEFAULT NULL,
  `user_image_url` varchar(255) COLLATE utf8_unicode_ci DEFAULT NULL,
  `ldap_config` varchar(255) COLLATE utf8_unicode_ci DEFAULT NULL,
  `logo_url` varchar(255) COLLATE utf8_unicode_ci DEFAULT NULL,
  `mail_delivery_method` varchar(255) COLLATE utf8_unicode_ci DEFAULT NULL,
  `smtp_username` varchar(255) COLLATE utf8_unicode_ci DEFAULT NULL,
  `smtp_password` varchar(255) COLLATE utf8_unicode_ci DEFAULT NULL,
  `smtp_enable_starttls_auto` tinyint(1) NOT NULL DEFAULT '0',
  `smtp_openssl_verify_mode` varchar(255) COLLATE utf8_unicode_ci NOT NULL DEFAULT 'none',
  `time_zone` varchar(255) COLLATE utf8_unicode_ci NOT NULL DEFAULT 'Bern',
  `disable_manage_section` tinyint(1) NOT NULL DEFAULT '0',
  `disable_manage_section_message` text COLLATE utf8_unicode_ci,
  `disable_borrow_section` tinyint(1) NOT NULL DEFAULT '0',
  `disable_borrow_section_message` text COLLATE utf8_unicode_ci,
  `text` text COLLATE utf8_unicode_ci,
  PRIMARY KEY (`id`)
) ENGINE=InnoDB AUTO_INCREMENT=2 DEFAULT CHARSET=utf8 COLLATE=utf8_unicode_ci;
/*!40101 SET character_set_client = @saved_cs_client */;

--
-- Dumping data for table `settings`
--

LOCK TABLES `settings` WRITE;
/*!40000 ALTER TABLE `settings` DISABLE KEYS */;
INSERT INTO `settings` VALUES (1,'smtp.zhdk.ch',25,'beta.ausleihe.zhdk.ch','CHF','Die Benutzerin/der Benutzer ist bei unsachgemsser Handhabung oder Verlust schadenersatzpflichtig. Sie/Er verpflichtet sich, das Material sorgfltig zu behandeln und gereinigt zu retournieren. Bei mangelbehafteter oder verspteter Rckgabe kann eine Ausleihsperre (bis zu 6 Monaten) verhngt werden. Das geliehene Material bleibt jederzeit uneingeschrnktes Eigentum der Zrcher Hochschule der Knste und darf ausschliesslich fr schulische Zwecke eingesetzt werden. Mit ihrer/seiner Unterschrift akzeptiert die Benutzerin/der Benutzer diese Bedingungen sowie die \'Richtlinie zur Ausleihe von Sachen\' der ZHdK und etwaige abteilungsspezifische Ausleih-Richtlinien.','Your\nAddress\nHere','Das PZ-leihs Team','sender@example.com',0,'http://www.zhdk.ch/?person/foto&width=100&compressionlevel=0&id={:id}',NULL,'/assets/image-logo-zhdk.png','test',NULL,NULL,0,'none','Bern',0,NULL,0,NULL,NULL);
/*!40000 ALTER TABLE `settings` ENABLE KEYS */;
UNLOCK TABLES;

--
-- Table structure for table `suppliers`
--

DROP TABLE IF EXISTS `suppliers`;
/*!40101 SET @saved_cs_client     = @@character_set_client */;
/*!40101 SET character_set_client = utf8 */;
CREATE TABLE `suppliers` (
  `id` int(11) NOT NULL AUTO_INCREMENT,
  `name` varchar(255) COLLATE utf8_unicode_ci NOT NULL,
  `created_at` datetime DEFAULT NULL,
  `updated_at` datetime DEFAULT NULL,
  PRIMARY KEY (`id`),
  UNIQUE KEY `index_suppliers_on_name` (`name`)
) ENGINE=InnoDB AUTO_INCREMENT=264 DEFAULT CHARSET=utf8 COLLATE=utf8_unicode_ci;
/*!40101 SET character_set_client = @saved_cs_client */;

--
-- Dumping data for table `suppliers`
--

LOCK TABLES `suppliers` WRITE;
/*!40000 ALTER TABLE `suppliers` DISABLE KEYS */;
INSERT INTO `suppliers` VALUES (1,'rerumquaeconsequatur','2013-07-23 01:47:08','2013-07-23 01:47:08'),(2,'debitisnonsitharumullam','2013-07-23 01:47:08','2013-07-23 01:47:08'),(3,'sintnam','2013-07-23 01:47:08','2013-07-23 01:47:08'),(4,'voluptatemvelit','2013-07-23 01:47:08','2013-07-23 01:47:08'),(5,'assumendaplaceatnobissed','2013-07-23 01:47:08','2013-07-23 01:47:08'),(6,'idillum','2013-07-23 01:47:08','2013-07-23 01:47:08'),(7,'quaseumabautemeius','2013-07-23 01:47:08','2013-07-23 01:47:08'),(8,'doloremquibusdameumdoloreeius','2013-07-23 01:47:08','2013-07-23 01:47:08'),(9,'corruptipraesentiumitaquecum','2013-07-23 01:47:08','2013-07-23 01:47:08'),(10,'maximeetinventoresitaut','2013-07-23 01:47:08','2013-07-23 01:47:08'),(11,'isteconsequatureligendiconsequunturexplicabo','2013-07-23 01:47:08','2013-07-23 01:47:08'),(12,'evenietdoloremquerepudiandae','2013-07-23 01:47:08','2013-07-23 01:47:08'),(13,'porropariaturmolestiaeipsa','2013-07-23 01:47:08','2013-07-23 01:47:08'),(14,'ipsamnisi','2013-07-23 01:47:08','2013-07-23 01:47:08'),(15,'sedexplicabonihileligendiquia','2013-07-23 01:47:08','2013-07-23 01:47:08'),(16,'doloresnisi','2013-07-23 01:47:08','2013-07-23 01:47:08'),(17,'eumametinventore','2013-07-23 01:47:08','2013-07-23 01:47:08'),(18,'rerumofficiaex','2013-07-23 01:47:08','2013-07-23 01:47:08'),(19,'dolordignissimosestasperioreslibero','2013-07-23 01:47:08','2013-07-23 01:47:08'),(20,'autemaut','2013-07-23 01:47:08','2013-07-23 01:47:08'),(21,'fugiatcumoptioquia','2013-07-23 01:47:08','2013-07-23 01:47:08'),(22,'sinttotam','2013-07-23 01:47:08','2013-07-23 01:47:08'),(23,'ipsamquiaut','2013-07-23 01:47:08','2013-07-23 01:47:08'),(24,'eoslaborum','2013-07-23 01:47:08','2013-07-23 01:47:08'),(25,'similiquesapientenatusdolor','2013-07-23 01:47:08','2013-07-23 01:47:08'),(26,'quiarecusandaeidculpa','2013-07-23 01:47:08','2013-07-23 01:47:08'),(27,'sapientepariaturofficiisquiafuga','2013-07-23 01:47:08','2013-07-23 01:47:08'),(28,'eaexcepturi','2013-07-23 01:47:08','2013-07-23 01:47:08'),(29,'cumnihilnam','2013-07-23 01:47:08','2013-07-23 01:47:08'),(30,'namrepellendusquia','2013-07-23 01:47:08','2013-07-23 01:47:08'),(31,'velitetnonesse','2013-07-23 01:47:08','2013-07-23 01:47:08'),(32,'estnequeaperiammolestiaetenetur','2013-07-23 01:47:08','2013-07-23 01:47:08'),(33,'nihilipsamquiducimusarchitecto','2013-07-23 01:47:08','2013-07-23 01:47:08'),(34,'itaquequia','2013-07-23 01:47:08','2013-07-23 01:47:08'),(35,'doloresquis','2013-07-23 01:47:08','2013-07-23 01:47:08'),(36,'rerumdoloremodit','2013-07-23 01:47:08','2013-07-23 01:47:08'),(37,'quiavoluptatumvoluptatemdebitisautem','2013-07-23 01:47:08','2013-07-23 01:47:08'),(38,'corruptiexcepturiex','2013-07-23 01:47:08','2013-07-23 01:47:08'),(39,'utsitdoloremvoluptatemcorrupti','2013-07-23 01:47:08','2013-07-23 01:47:08'),(40,'inculparerum','2013-07-23 01:47:08','2013-07-23 01:47:08'),(41,'exdolorfugiat','2013-07-23 01:47:08','2013-07-23 01:47:08'),(42,'etconsequuntur','2013-07-23 01:47:08','2013-07-23 01:47:08'),(43,'expeditaprovidentperferendiseveniet','2013-07-23 01:47:08','2013-07-23 01:47:08'),(44,'quibusdamdoloremvoluptas','2013-07-23 01:47:08','2013-07-23 01:47:08'),(45,'ipsameaetsedmolestias','2013-07-23 01:47:08','2013-07-23 01:47:08'),(46,'solutasintlaudantium','2013-07-23 01:47:08','2013-07-23 01:47:08'),(47,'omnisoptiohic','2013-07-23 01:47:08','2013-07-23 01:47:08'),(48,'doloresnisiveritatisquamcum','2013-07-23 01:47:08','2013-07-23 01:47:08'),(49,'hicet','2013-07-23 01:47:08','2013-07-23 01:47:08'),(50,'magnamquasivitae','2013-07-23 01:47:08','2013-07-23 01:47:08'),(51,'esttempore','2013-07-23 01:47:08','2013-07-23 01:47:08'),(52,'veniamautemullam','2013-07-23 01:47:08','2013-07-23 01:47:08'),(53,'quodestquis','2013-07-23 01:47:08','2013-07-23 01:47:08'),(54,'magnamexplicabo','2013-07-23 01:47:08','2013-07-23 01:47:08'),(55,'omniseosaut','2013-07-23 01:47:08','2013-07-23 01:47:08'),(56,'etexpeditaeum','2013-07-23 01:47:08','2013-07-23 01:47:08'),(57,'sitat','2013-07-23 01:47:08','2013-07-23 01:47:08'),(58,'rerumsed','2013-07-23 01:47:08','2013-07-23 01:47:08'),(59,'utvoluptatemblanditiis','2013-07-23 01:47:08','2013-07-23 01:47:08'),(60,'voluptateestrepellenduslaudantium','2013-07-23 01:47:08','2013-07-23 01:47:08'),(61,'officiahicblanditiis','2013-07-23 01:47:08','2013-07-23 01:47:08'),(62,'voluptatemsitquidemmaiorestempore','2013-07-23 01:47:08','2013-07-23 01:47:08'),(63,'velcorruptiquaerat','2013-07-23 01:47:08','2013-07-23 01:47:08'),(64,'quiaquidoloribus','2013-07-23 01:47:08','2013-07-23 01:47:08'),(65,'consectetursuscipitquis','2013-07-23 01:47:08','2013-07-23 01:47:08'),(66,'debitisfacere','2013-07-23 01:47:08','2013-07-23 01:47:08'),(67,'quodsintprovidentinciduntnatus','2013-07-23 01:47:08','2013-07-23 01:47:08'),(68,'aperiamillumullam','2013-07-23 01:47:08','2013-07-23 01:47:08'),(69,'quialiquam','2013-07-23 01:47:08','2013-07-23 01:47:08'),(70,'rerummolestiaequiaautplaceat','2013-07-23 01:47:08','2013-07-23 01:47:08'),(71,'repellendusmaioresautadipiscirem','2013-07-23 01:47:08','2013-07-23 01:47:08'),(72,'reprehenderitvelitquasisuscipit','2013-07-23 01:47:08','2013-07-23 01:47:08'),(73,'similiqueut','2013-07-23 01:47:08','2013-07-23 01:47:08'),(74,'aliquamimpeditcorporis','2013-07-23 01:47:08','2013-07-23 01:47:08'),(75,'idexetminusprovident','2013-07-23 01:47:08','2013-07-23 01:47:08'),(76,'estevenietsimilique','2013-07-23 01:47:08','2013-07-23 01:47:08'),(77,'enimpariaturnecessitatibuserroraut','2013-07-23 01:47:08','2013-07-23 01:47:08'),(78,'remomnisetsuntin','2013-07-23 01:47:08','2013-07-23 01:47:08'),(79,'quononquiadolores','2013-07-23 01:47:08','2013-07-23 01:47:08'),(80,'modiut','2013-07-23 01:47:08','2013-07-23 01:47:08'),(81,'dolorqui','2013-07-23 01:47:08','2013-07-23 01:47:08'),(82,'nihileosnesciunt','2013-07-23 01:47:08','2013-07-23 01:47:08'),(83,'doloreseumpossimusauteum','2013-07-23 01:47:08','2013-07-23 01:47:08'),(84,'quoddelectusnobisetut','2013-07-23 01:47:08','2013-07-23 01:47:08'),(85,'nequenonesse','2013-07-23 01:47:08','2013-07-23 01:47:08'),(86,'etqui','2013-07-23 01:47:08','2013-07-23 01:47:08'),(87,'repudiandaequidemqui','2013-07-23 01:47:08','2013-07-23 01:47:08'),(88,'vitaeeos','2013-07-23 01:47:08','2013-07-23 01:47:08'),(89,'quiperferendislaudantiumperspiciatisnumquam','2013-07-23 01:47:08','2013-07-23 01:47:08'),(90,'aperiamcommodi','2013-07-23 01:47:08','2013-07-23 01:47:08'),(91,'quiatqueveritatisrerum','2013-07-23 01:47:08','2013-07-23 01:47:08'),(92,'aliasitaque','2013-07-23 01:47:08','2013-07-23 01:47:08'),(93,'solutatotamdoloremiureculpa','2013-07-23 01:47:08','2013-07-23 01:47:08'),(94,'quosdebitisasedvelit','2013-07-23 01:47:08','2013-07-23 01:47:08'),(95,'eiusnobisprovidentoptioodio','2013-07-23 01:47:08','2013-07-23 01:47:08'),(96,'aliquameum','2013-07-23 01:47:08','2013-07-23 01:47:08'),(97,'autvelitreiciendisquia','2013-07-23 01:47:08','2013-07-23 01:47:08'),(98,'expeditaoptio','2013-07-23 01:47:08','2013-07-23 01:47:08'),(99,'rerumvoluptatemvoluptatum','2013-07-23 01:47:08','2013-07-23 01:47:08'),(100,'quiadolorvoluptatesvoluptate','2013-07-23 01:47:08','2013-07-23 01:47:08'),(101,'teneturearuminventorenulla','2013-07-23 01:47:08','2013-07-23 01:47:08'),(102,'esttenetur','2013-07-23 01:47:08','2013-07-23 01:47:08'),(103,'eaqueipsanostrumquo','2013-07-23 01:47:08','2013-07-23 01:47:08'),(104,'accusantiumexrepellatautem','2013-07-23 01:47:08','2013-07-23 01:47:08'),(105,'doloremagniautnoniusto','2013-07-23 01:47:08','2013-07-23 01:47:08'),(106,'istenonetfugit','2013-07-23 01:47:08','2013-07-23 01:47:08'),(107,'corruptiautemnihil','2013-07-23 01:47:08','2013-07-23 01:47:08'),(108,'quasiullamaspernaturaut','2013-07-23 01:47:08','2013-07-23 01:47:08'),(109,'consequunturenim','2013-07-23 01:47:08','2013-07-23 01:47:08'),(110,'molestiaeoptio','2013-07-23 01:47:08','2013-07-23 01:47:08'),(111,'voluptatemomnis','2013-07-23 01:47:08','2013-07-23 01:47:08'),(112,'quideseruntvoluptas','2013-07-23 01:47:08','2013-07-23 01:47:08'),(113,'quimolestiaequiculpaharum','2013-07-23 01:47:08','2013-07-23 01:47:08'),(114,'esseest','2013-07-23 01:47:08','2013-07-23 01:47:08'),(115,'vitaeest','2013-07-23 01:47:08','2013-07-23 01:47:08'),(116,'aliquidfugaqui','2013-07-23 01:47:08','2013-07-23 01:47:08'),(117,'fugiatvelitsolutaenimporro','2013-07-23 01:47:08','2013-07-23 01:47:08'),(118,'enimutdeleniti','2013-07-23 01:47:08','2013-07-23 01:47:08'),(119,'pariaturquisquivitae','2013-07-23 01:47:08','2013-07-23 01:47:08'),(120,'autqui','2013-07-23 01:47:08','2013-07-23 01:47:08'),(121,'utvoluptatemvelit','2013-07-23 01:47:08','2013-07-23 01:47:08'),(122,'possimustotam','2013-07-23 01:47:08','2013-07-23 01:47:08'),(123,'voluptasdeserunt','2013-07-23 01:47:08','2013-07-23 01:47:08'),(124,'voluptatemincidunt','2013-07-23 01:47:08','2013-07-23 01:47:08'),(125,'mollitiaerrorvelconsequuntur','2013-07-23 01:47:08','2013-07-23 01:47:08'),(126,'molestiaeutquiafugiatquibusdam','2013-07-23 01:47:08','2013-07-23 01:47:08'),(127,'quibusdamdolore','2013-07-23 01:47:08','2013-07-23 01:47:08'),(128,'etnatusliberomolestias','2013-07-23 01:47:08','2013-07-23 01:47:08'),(129,'aspernatureosestet','2013-07-23 01:47:08','2013-07-23 01:47:08'),(130,'accusantiumetcorruptiautemeos','2013-07-23 01:47:08','2013-07-23 01:47:08'),(131,'nonmolestiaepariaturquis','2013-07-23 01:47:08','2013-07-23 01:47:08'),(132,'commodieos','2013-07-23 01:47:08','2013-07-23 01:47:08'),(133,'optiosimiliqueutipsam','2013-07-23 01:47:08','2013-07-23 01:47:08'),(134,'nihilquisetbeatae','2013-07-23 01:47:08','2013-07-23 01:47:08'),(135,'facilisexquidem','2013-07-23 01:47:08','2013-07-23 01:47:08'),(136,'estinillumtotamadipisci','2013-07-23 01:47:08','2013-07-23 01:47:08'),(137,'blanditiisquievenietnihilillum','2013-07-23 01:47:08','2013-07-23 01:47:08'),(138,'velitsuntperspiciatisodit','2013-07-23 01:47:08','2013-07-23 01:47:08'),(139,'consequaturmodieaprovidentqui','2013-07-23 01:47:08','2013-07-23 01:47:08'),(140,'utetconsectetur','2013-07-23 01:47:08','2013-07-23 01:47:08'),(141,'placeatmolestiaemagniprovidentdolores','2013-07-23 01:47:08','2013-07-23 01:47:08'),(142,'nemoipsamaliquamiurecumque','2013-07-23 01:47:08','2013-07-23 01:47:08'),(143,'uteveniet','2013-07-23 01:47:08','2013-07-23 01:47:08'),(144,'nullainciduntitaqueeum','2013-07-23 01:47:08','2013-07-23 01:47:08'),(145,'fugitvelverodoloremquearchitecto','2013-07-23 01:47:08','2013-07-23 01:47:08'),(146,'eligendivoluptatesedrepellendus','2013-07-23 01:47:08','2013-07-23 01:47:08'),(147,'consequuntursintipsumundequi','2013-07-23 01:47:08','2013-07-23 01:47:08'),(148,'perspiciatiseumid','2013-07-23 01:47:08','2013-07-23 01:47:08'),(149,'voluptasmolestias','2013-07-23 01:47:08','2013-07-23 01:47:08'),(150,'utaut','2013-07-20 19:34:12','2013-07-20 19:34:12'),(151,'uttemporadoloreset','2013-07-20 19:34:12','2013-07-20 19:34:12'),(152,'magniquis','2013-07-20 19:34:12','2013-07-20 19:34:12'),(153,'itaquepariatursedlabore','2013-07-20 19:34:12','2013-07-20 19:34:12'),(154,'expeditafugiatdolorumconsectetur','2013-07-20 19:34:12','2013-07-20 19:34:12'),(155,'officiisoptionumquam','2013-07-20 19:34:12','2013-07-20 19:34:12'),(156,'consequaturquiaquiatenetur','2013-07-20 19:34:12','2013-07-20 19:34:12'),(157,'expeditaofficiisrepellendus','2013-07-20 19:34:12','2013-07-20 19:34:12'),(158,'autsuntquia','2013-07-20 19:34:12','2013-07-20 19:34:12'),(159,'distinctioconsequaturducimusaliasaccusamus','2013-07-20 19:34:12','2013-07-20 19:34:12'),(160,'doloreautemdolorem','2013-07-20 19:34:12','2013-07-20 19:34:12'),(161,'namquooccaecati','2013-07-20 19:34:12','2013-07-20 19:34:12'),(162,'veliteumsunt','2013-07-20 19:34:12','2013-07-20 19:34:12'),(163,'eaqueperspiciatisautem','2013-07-20 19:34:12','2013-07-20 19:34:12'),(164,'laborumtotamdictaeasit','2013-07-20 19:34:12','2013-07-20 19:34:12'),(165,'namquosiustoinsimilique','2013-07-20 19:34:12','2013-07-20 19:34:12'),(166,'dignissimosdolore','2013-07-20 19:34:13','2013-07-20 19:34:13'),(167,'harumcupiditate','2013-07-20 19:34:13','2013-07-20 19:34:13'),(168,'quibusdamsaepequisquam','2013-07-20 19:34:13','2013-07-20 19:34:13'),(169,'sequiea','2013-07-20 19:34:13','2013-07-20 19:34:13'),(170,'sintenimuteaquevoluptates','2013-07-20 19:34:13','2013-07-20 19:34:13'),(171,'deseruntnamquas','2013-07-20 19:34:13','2013-07-20 19:34:13'),(172,'sedremasperioreslaboriosamet','2013-07-20 19:34:13','2013-07-20 19:34:13'),(173,'repellendusvoluptasasperioresdolores','2013-07-22 08:10:43','2013-07-22 08:10:43'),(174,'aperiamenimquia','2013-07-22 08:10:43','2013-07-22 08:10:43'),(175,'nequeetnon','2013-07-22 08:10:43','2013-07-22 08:10:43'),(176,'autperferendisvoluptatelaudantium','2013-07-22 04:34:55','2013-07-22 04:34:55'),(177,'inventoreaperiamipsam','2013-07-22 04:34:55','2013-07-22 04:34:55'),(178,'quasiinventoreetmodivoluptatem','2013-07-22 04:34:55','2013-07-22 04:34:55'),(179,'quaeratexercitationem','2013-07-22 04:34:55','2013-07-22 04:34:55'),(180,'etex','2013-07-22 04:34:56','2013-07-22 04:34:56'),(181,'rerumautcorporisquaeasperiores','2013-07-22 04:34:56','2013-07-22 04:34:56'),(182,'autemtemporanobisoccaecati','2013-07-23 01:47:08','2013-07-23 01:47:08'),(183,'necessitatibusestdeleniti','2013-07-23 01:47:08','2013-07-23 01:47:08'),(184,'magnihic','2013-07-23 01:47:08','2013-07-23 01:47:08'),(185,'sedlaborumexplicabotemporenam','2013-07-23 01:47:08','2013-07-23 01:47:08'),(186,'quovoluptatibusutconsequaturet','2013-07-23 01:47:08','2013-07-23 01:47:08'),(187,'consequaturfugiatconsequatur','2013-07-23 01:47:08','2013-07-23 01:47:08'),(188,'sednoninventoredolores','2013-07-23 01:47:08','2013-07-23 01:47:08'),(189,'utmolestiaeimpeditqui','2013-07-23 01:47:08','2013-07-23 01:47:08'),(190,'doloresenimveniam','2013-07-23 01:47:08','2013-07-23 01:47:08'),(191,'doloremquedelenitisimilique','2013-07-23 01:47:08','2013-07-23 01:47:08'),(192,'temporeerrorincidunt','2013-07-23 01:47:08','2013-07-23 01:47:08'),(193,'utistevoluptascupiditate','2013-07-23 01:47:08','2013-07-23 01:47:08'),(194,'numquamvitaein','2013-07-23 01:47:08','2013-07-23 01:47:08'),(195,'estquasiculpacumque','2013-07-23 01:47:08','2013-07-23 01:47:08'),(196,'sitsapientenostrumullamesse','2013-07-23 01:47:08','2013-07-23 01:47:08'),(197,'sitautcumquenecessitatibusdolor','2013-07-23 01:47:08','2013-07-23 01:47:08'),(198,'maioresasperioresutrepellendus','2013-07-23 01:47:08','2013-07-23 01:47:08'),(199,'perspiciatisateaque','2013-07-23 01:47:08','2013-07-23 01:47:08'),(200,'autcorporisdictahic','2013-07-18 00:00:00','2013-07-18 00:00:00'),(201,'pariaturdistinctioaliquid','2013-07-18 00:00:00','2013-07-18 00:00:00'),(202,'hiceumasperioresenim','2013-07-18 00:00:00','2013-07-18 00:00:00'),(203,'quisaepeestvelquia','2013-07-23 01:47:08','2013-07-23 01:47:08'),(204,'doloremsuntdolorespossimus','2013-07-23 01:47:08','2013-07-23 01:47:08'),(205,'nullaeostemporibusid','2013-07-23 01:47:08','2013-07-23 01:47:08'),(206,'repellendusquistemporibus','2013-07-23 01:47:08','2013-07-23 01:47:08'),(207,'eiusliberoperferendiset','2013-07-23 01:47:08','2013-07-23 01:47:08'),(208,'omnisperspiciatisrepudiandae','2013-07-23 01:47:08','2013-07-23 01:47:08'),(209,'molestiaeipsam','2013-07-23 01:47:08','2013-07-23 01:47:08'),(210,'utea','2013-07-23 01:47:08','2013-07-23 01:47:08'),(211,'numquamametharuminventoreimpedit','2013-07-23 01:47:08','2013-07-23 01:47:08'),(212,'harumvoluptateenim','2013-07-23 01:47:08','2013-07-23 01:47:08'),(213,'etsitconsequaturquiaalias','2013-07-23 01:47:08','2013-07-23 01:47:08'),(214,'idnoninciduntnisi','2013-07-23 01:47:08','2013-07-23 01:47:08'),(215,'quiacorporis','2013-07-23 01:47:08','2013-07-23 01:47:08'),(216,'corporisquiveroet','2013-07-23 01:47:08','2013-07-23 01:47:08'),(217,'similiqueeumperspiciatisconsequaturfacilis','2013-07-23 01:47:08','2013-07-23 01:47:08'),(218,'aquasquiaculpaut','2013-07-23 01:47:08','2013-07-23 01:47:08'),(219,'voluptatesaspernatur','2013-07-23 01:47:08','2013-07-23 01:47:08'),(220,'dolorumdicta','2013-07-23 01:47:08','2013-07-23 01:47:08'),(221,'animilaudantium','2013-07-23 01:47:08','2013-07-23 01:47:08'),(222,'asperioresrepellendusearumdoloremqueharum','2013-07-18 00:00:00','2013-07-18 00:00:00'),(223,'deseruntquiperferendisvoluptatem','2013-07-18 00:00:00','2013-07-18 00:00:00'),(224,'utautest','2013-07-18 00:00:00','2013-07-18 00:00:00'),(225,'verototamporro','2013-07-18 00:00:00','2013-07-18 00:00:00'),(226,'quasculpadoloribusipsa','2013-07-23 01:47:08','2013-07-23 01:47:08'),(227,'quiatemporibus','2013-07-23 01:47:08','2013-07-23 01:47:08'),(228,'voluptateseaquevelassumendaet','2013-07-23 01:47:08','2013-07-23 01:47:08'),(229,'excepturimolestiaeerror','2013-07-23 01:47:08','2013-07-23 01:47:08'),(230,'veniamnesciuntvelitvoluptates','2013-07-23 01:47:08','2013-07-23 01:47:08'),(231,'ducimusetrepellendussint','2013-07-23 01:47:08','2013-07-23 01:47:08'),(232,'etvoluptasconsequaturanihil','2013-07-23 01:47:08','2013-07-23 01:47:08'),(233,'delenitidistinctioinnon','2013-07-23 01:47:08','2013-07-23 01:47:08'),(234,'suscipiteaquepraesentiumdolores','2013-07-23 01:47:08','2013-07-23 01:47:08'),(235,'quiaipsamnulla','2013-07-23 01:47:08','2013-07-23 01:47:08'),(236,'magnievenietdoloremnatus','2013-07-23 01:47:08','2013-07-23 01:47:08'),(237,'inciduntofficiisautassumendapraesentium','2013-07-23 01:47:08','2013-07-23 01:47:08'),(238,'voluptatibusomnismagnam','2013-07-23 01:47:08','2013-07-23 01:47:08'),(239,'adipisciunde','2013-07-23 01:47:08','2013-07-23 01:47:08'),(240,'doloremaperiamducimus','2013-07-23 01:47:08','2013-07-23 01:47:08'),(241,'enimaspernatur','2013-07-23 01:47:08','2013-07-23 01:47:08'),(242,'quifacilismaxime','2013-07-23 01:47:08','2013-07-23 01:47:08'),(243,'facilisexpeditaenimcorporislabore','2013-07-23 01:47:08','2013-07-23 01:47:08'),(244,'perferendissintodiofuga','2013-07-23 01:47:08','2013-07-23 01:47:08'),(245,'enimvoluptaseosisteeos','2013-07-23 01:47:08','2013-07-23 01:47:08'),(246,'velitaliasenimnatus','2013-07-23 01:47:08','2013-07-23 01:47:08'),(247,'dolorsaepesedullamest','2013-07-23 01:47:08','2013-07-23 01:47:08'),(248,'abminimalaborum','2013-07-23 01:47:08','2013-07-23 01:47:08'),(249,'reprehenderitvoluptatemculpavoluptasiure','2013-07-23 01:47:08','2013-07-23 01:47:08'),(250,'autemautevenietquifuga','2013-07-23 01:47:08','2013-07-23 01:47:08'),(251,'istesedetcupiditatelabore','2013-07-23 01:47:08','2013-07-23 01:47:08'),(252,'evenietvoluptatumimpeditaut','2013-07-23 01:47:08','2013-07-23 01:47:08'),(253,'natusfuga','2013-07-23 01:47:08','2013-07-23 01:47:08'),(254,'quiporrorerumdolorum','2013-07-23 01:47:08','2013-07-23 01:47:08'),(255,'quiaquidemnostrumsitomnis','2013-07-23 01:47:08','2013-07-23 01:47:08'),(256,'culpapossimuseaaccusantiumnihil','2013-07-23 01:47:08','2013-07-23 01:47:08'),(257,'inventoreessenisi','2013-07-23 01:47:08','2013-07-23 01:47:08'),(258,'quasiametnihil','2013-07-23 01:47:08','2013-07-23 01:47:08'),(259,'debitisvoluptateutet','2013-07-23 01:47:08','2013-07-23 01:47:08'),(260,'autidnisimaxime','2013-07-23 01:47:08','2013-07-23 01:47:08'),(261,'eaestdelectusrationemodi','2013-07-23 01:47:08','2013-07-23 01:47:08'),(262,'velitestillum','2013-07-23 01:47:08','2013-07-23 01:47:08'),(263,'undesuntsintdictaaliquid','2013-07-23 01:47:08','2013-07-23 01:47:08');
/*!40000 ALTER TABLE `suppliers` ENABLE KEYS */;
UNLOCK TABLES;

--
-- Table structure for table `users`
--

DROP TABLE IF EXISTS `users`;
/*!40101 SET @saved_cs_client     = @@character_set_client */;
/*!40101 SET character_set_client = utf8 */;
CREATE TABLE `users` (
  `id` int(11) NOT NULL AUTO_INCREMENT,
  `login` varchar(255) COLLATE utf8_unicode_ci DEFAULT NULL,
  `firstname` varchar(255) COLLATE utf8_unicode_ci DEFAULT NULL,
  `lastname` varchar(255) COLLATE utf8_unicode_ci DEFAULT NULL,
  `phone` varchar(255) COLLATE utf8_unicode_ci DEFAULT NULL,
  `authentication_system_id` int(11) DEFAULT '1',
  `unique_id` varchar(255) COLLATE utf8_unicode_ci DEFAULT NULL,
  `email` varchar(255) COLLATE utf8_unicode_ci DEFAULT NULL,
  `badge_id` varchar(255) COLLATE utf8_unicode_ci DEFAULT NULL,
  `address` varchar(255) COLLATE utf8_unicode_ci DEFAULT NULL,
  `city` varchar(255) COLLATE utf8_unicode_ci DEFAULT NULL,
  `zip` varchar(255) COLLATE utf8_unicode_ci DEFAULT NULL,
  `country` varchar(255) COLLATE utf8_unicode_ci DEFAULT NULL,
  `language_id` int(11) DEFAULT NULL,
  `extended_info` text COLLATE utf8_unicode_ci,
  `settings` varchar(1024) COLLATE utf8_unicode_ci DEFAULT NULL,
  `created_at` datetime DEFAULT NULL,
  `updated_at` datetime DEFAULT NULL,
  `delegator_user_id` int(11) DEFAULT NULL,
  PRIMARY KEY (`id`),
  KEY `index_users_on_authentication_system_id` (`authentication_system_id`),
  KEY `users_language_id_fk` (`language_id`),
  KEY `users_delegator_user_id_fk` (`delegator_user_id`),
  CONSTRAINT `users_delegator_user_id_fk` FOREIGN KEY (`delegator_user_id`) REFERENCES `users` (`id`),
  CONSTRAINT `users_authentication_system_id_fk` FOREIGN KEY (`authentication_system_id`) REFERENCES `authentication_systems` (`id`),
  CONSTRAINT `users_language_id_fk` FOREIGN KEY (`language_id`) REFERENCES `languages` (`id`)
) ENGINE=InnoDB AUTO_INCREMENT=37 DEFAULT CHARSET=utf8 COLLATE=utf8_unicode_ci;
/*!40101 SET character_set_client = @saved_cs_client */;

--
-- Dumping data for table `users`
--

LOCK TABLES `users` WRITE;
/*!40000 ALTER TABLE `users` DISABLE KEYS */;
INSERT INTO `users` VALUES (1,'ramon','Ramon','C.','01867168878',1,'4hwh4i40hngotvltxc','ramon@zhdk.ch','cdvlrqea15uije06nh','8723 Opal Avenue','Lake Myronbury','M-U23 7AB','Morocco',2,NULL,'--- !ruby/hash:ActiveSupport::HashWithIndifferentAccess {}\n','2013-07-23 01:47:08','2013-07-23 01:47:08',NULL),(2,'joseph_swift_2518','Dena','Abshire','0198401766',1,'3fq403bizpp3x6h6lb','roel.schimmel@bashirian.info','cjpn1uqb8a8ef0cbuh','74230 Timothy Walk','MacGyverfurt','N-W1N 9JE','Netherlands Antilles',1,NULL,'--- !ruby/hash:ActiveSupport::HashWithIndifferentAccess {}\n','2013-07-23 01:47:08','2013-07-23 01:47:08',NULL),(3,'forest_7477','Howell','Kunde','02907023117',1,'ie3az9tqwo5wnwdcq3','israel_halvorson@rohan.info','zr89huftpaz2ys9fi6','958 Deshawn Radial','Medhurstmouth','T-EN7X 4ZH','Tajikistan',1,NULL,'--- !ruby/hash:ActiveSupport::HashWithIndifferentAccess {}\n','2013-07-23 01:47:08','2013-07-23 01:47:08',NULL),(4,'estel_3979','Carol','Welch','01418154978',1,'ryhv9y3ysslna5jbvb','derek_spinka@hartmannharber.biz','ezhtdu6xgw5wp9o4zp','5169 Liana Field','Leoneland','S-FC2 5ZD','Sao Tome and Principe',1,NULL,'--- !ruby/hash:ActiveSupport::HashWithIndifferentAccess {}\n','2013-07-23 01:47:08','2013-07-23 01:47:08',NULL),(5,'frederik_langosh_6960','Davon','Corwin','02973303146',1,'yxpjaxeo94d2xuguhm','jamal.donnelly@zieme.info','9rj9296xa7ugnrnp5p','94365 Kling Springs','Kunzeton','V-N9 3LS','Vanuatu',1,NULL,'--- !ruby/hash:ActiveSupport::HashWithIndifferentAccess {}\n','2013-07-23 01:47:08','2013-07-23 01:47:08',NULL),(6,'veda_6491','Houston','Sporer','0169775122',1,'ip64lgn6m6op2fjczb','nikita_ledner@altenwerth.info','cn5ik0eohuwif1b3cx','85308 Gusikowski Groves','Lake Makayla','G-Z3 0AL','Greenland',1,NULL,'--- !ruby/hash:ActiveSupport::HashWithIndifferentAccess {}\n','2013-07-23 01:47:08','2013-07-23 01:47:08',NULL),(7,'josue_4643','Kailyn','Mueller','08952876390',1,'h79xlmkbym6dqbwsnz','adonis_cronin@funk.name','zvyu1sny3herl4tk9n','74978 Hackett Estate','South Trace','A-ZN0 6AB','Anguilla',1,NULL,'--- !ruby/hash:ActiveSupport::HashWithIndifferentAccess {}\n','2013-07-23 01:47:08','2013-07-23 01:47:08',NULL),(8,'matti','Matti','S.','0169773527',1,'96yenvsf10zwzb3ws4','matti@zhdk.ch','qzuglj0wwx2i8lwo6a','53315 Bahringer Spurs','Tremblaytown','P-YL4 2BL','Puerto Rico',2,NULL,'--- !ruby/hash:ActiveSupport::HashWithIndifferentAccess {}\n','2013-07-23 01:47:08','2013-07-23 01:47:08',NULL),(9,'mike','Mike','H.','08103413694',1,'qygs05aut9avd7pn3p','mike@zhdk.ch','51iiut2ciezz6cj63y','7552 Bernardo Field','Lake Sydnibury','E-R2 8JE','El Salvador',2,NULL,'--- !ruby/hash:ActiveSupport::HashWithIndifferentAccess {}\n','2013-07-23 01:47:08','2013-07-23 01:47:08',NULL),(10,'andi','Andi','West','0800374966',1,'w3851ry3fi5eqmtpr7','andi@zhdk.ch','anfmd2xp8mfrahjguf','967 Josue Lake','Genovevaville','Q-ZS7 4XJ','Qatar',2,NULL,'--- !ruby/hash:ActiveSupport::HashWithIndifferentAccess {}\n','2013-07-23 01:47:08','2013-07-23 01:47:08',NULL),(11,'virginia_5714','Randy','Gleason','01164078062',1,'78i91hu1pfbgm5o2l7','adelia.fisher@ziemeledner.name','gb0fu46cii6g5fsylg','9613 Addison Lock','West Kade','M-W5B 5SJ','Mali',2,NULL,'--- !ruby/hash:ActiveSupport::HashWithIndifferentAccess {}\n','2013-07-23 01:47:08','2013-07-23 01:47:08',NULL),(12,'elody_904','Valentin','Bashirian','05533961530',1,'eoun5uhvjxuwth8gd8','gilbert.crooks@schulist.biz','20d3rua5h7t8627kkw','428 Spencer Locks','Makenziefurt','N-ZE1 4FA','Norfolk Island',1,NULL,'--- !ruby/hash:ActiveSupport::HashWithIndifferentAccess {}\n','2013-07-23 01:47:08','2013-07-23 01:47:08',NULL),(13,'adrian_6423','Brannon','Koelpin','01188975549',1,'e8da1wgn1xbg6mp1v9','taryn.ko@price.co.uk','qly9khcsr3an7l4xrq','914 Harvey Dam','Lizethborough','B-YD9Y 5BS','Burundi',1,NULL,'--- !ruby/hash:ActiveSupport::HashWithIndifferentAccess {}\n','2013-07-23 01:47:08','2013-07-23 01:47:08',NULL),(14,'marco_howell_6836','Maryse','Harris','05527773557',1,'y097tmhpkcr46okece','christopher@herzoghansen.name','24g364agke2ggli576','9853 Weber River','Yundtmouth','L-R6 4QB','Lesotho',1,NULL,'--- !ruby/hash:ActiveSupport::HashWithIndifferentAccess {}\n','2013-07-23 01:47:08','2013-07-23 01:47:08',NULL),(15,'earlene_5484','Lela','Fritsch','0169779457',1,'44osaex9p51jw3o21o','ezequiel@weimannoconner.com','16cqgvlwcf4lfep9f8','5848 Eichmann Plaza','Lake Kaylie','N-W1N 0LJ','Nicaragua',1,NULL,'--- !ruby/hash:ActiveSupport::HashWithIndifferentAccess {}\n','2013-07-23 01:47:08','2013-07-23 01:47:08',NULL),(16,'shanna.steuber_9583','Bette','Wuckert','01938350676',1,'6e5oz39irvq0ve13gv','robbie.mraz@bins.com','wocfh6xhctrw15oeur','368 Milan Courts','West Chelseyton','J-YL6V 1JL','Jamaica',1,NULL,'--- !ruby/hash:ActiveSupport::HashWithIndifferentAccess {}\n','2013-07-23 01:47:08','2013-07-23 01:47:08',NULL),(17,'gino','Gino','F.','01826307213',1,'j1rwazm34qe30ntwhu','gino@zhdk.ch','o41wq7ytxedsubhznt','1322 Crooks Drives','Lake Travisport','S-KO9N 2JA','Saudi Arabia',2,NULL,'--- !ruby/hash:ActiveSupport::HashWithIndifferentAccess {}\n','2013-07-23 01:47:08','2013-07-23 01:47:08',NULL),(18,'pius','Pius','Kilback','0500738995',1,'lv68fh7imxm7vlfkiq','pius@zhdk.ch','yrvbtf2a76664o1f2w','8353 Leffler Lakes','Port Jeff','F-ZB8 7BY','Falkland Islands (Malvinas)',2,NULL,'--- !ruby/hash:ActiveSupport::HashWithIndifferentAccess {}\n','2013-07-23 01:47:08','2013-07-23 01:47:08',NULL),(19,'peter','Peter','Silie','08101491531',1,'d88anqnl0nhxiqu79o','peter@silie.com','857mmbavqkbyqfmxgi','5758 Aurelie Mountain','East Ruthieshire','L-WS3 4LA','Luxembourg',2,NULL,'--- !ruby/hash:ActiveSupport::HashWithIndifferentAccess {}\n','2013-07-23 01:47:08','2013-07-23 01:47:08',NULL),(20,'germaine_4900','Monty','Kozey','0500677844',1,'3h98ie63w9gl3twalh','grant@morar.info','zy46tiubpy9t5m05qc','7286 Yoshiko Falls','West Genoveva','G-UF2M 7UL','Georgia',1,NULL,'--- !ruby/hash:ActiveSupport::HashWithIndifferentAccess {}\n','2013-07-23 01:47:08','2013-07-23 01:47:08',NULL),(21,'renee_5230','Rhiannon','Beatty','09145242883',1,'yot3s711lwh1nicggo','bernadine_hilll@hane.co.uk','mruexsr533v4ze3x0w','1809 Cleora Causeway','Doyleshire','S-WT8M 9JL','Swaziland',1,NULL,'--- !ruby/hash:ActiveSupport::HashWithIndifferentAccess {}\n','2013-07-23 01:47:08','2013-07-23 01:47:08',NULL),(22,'omer.reichert_6490','Kory','Gulgowski','0500910237',1,'93jb17odtgxze7p0b3','sydney@bednarblock.biz','sgllq9vso4m2sn746f','1654 Carolyne Place','Lake Earnest','F-Y8 7JX','France',1,NULL,'--- !ruby/hash:ActiveSupport::HashWithIndifferentAccess {}\n','2013-07-23 01:47:08','2013-07-23 01:47:08',NULL),(23,'diamond_9683','Aron','Durgan','05618879981',1,'lbnxldxls20n3kf971','catalina.jones@torphy.name','5eahert2o5ydcs03om','475 Tremaine Meadows','New Zachary','M-YC8 9JF','Mozambique',1,NULL,'--- !ruby/hash:ActiveSupport::HashWithIndifferentAccess {}\n','2013-07-23 01:47:08','2013-07-23 01:47:08',NULL),(24,'salma_lemke_3279','Cali','Cole','0500471199',1,'gnqnhlokse2gyf5ujf','rudy@casperlockman.co.uk','fpye715iht3442hqel','8081 Jesus Spurs','East Tiaraport','M-YH1M 3NB','Mauritania',1,NULL,'--- !ruby/hash:ActiveSupport::HashWithIndifferentAccess {}\n','2013-07-18 00:00:00','2013-07-18 00:00:00',NULL),(25,'alba.kautzer_1822','Alf','Nader','03954451045',1,'sg8psuk1zduhhf81e2','betsy.zemlak@lyncherdman.name','jhhx82tzjjblqu9htp','69715 Swaniawski Station','Eladioshire','N-WR0 9AB','Nauru',1,NULL,'--- !ruby/hash:ActiveSupport::HashWithIndifferentAccess {}\n','2013-07-18 00:00:00','2013-07-18 00:00:00',NULL),(26,'tyrese_hudson_1647','Jane','Abbott','0170625099',1,'p468lzmphmc9szy4wg','louie@langworthortiz.co.uk','5a1x772c8z8phkdms0','87391 Gene Bridge','East Treyview','C-CA1 9AG','Cameroon',1,NULL,'--- !ruby/hash:ActiveSupport::HashWithIndifferentAccess {}\n','2013-07-23 01:47:08','2013-07-23 01:47:08',NULL),(27,'grayson.koch_7991','Favian','Howell','08624593304',1,'vs0nyk1197jmkvw4y5','modesto_mertz@wilderman.co.uk','g7jbyw8uw4nnfua2np','65226 Kirlin Lights','Gaylordview','S-WO3 1BB','Sri Lanka',1,NULL,'--- !ruby/hash:ActiveSupport::HashWithIndifferentAccess {}\n','2013-07-23 01:47:08','2013-07-23 01:47:08',NULL),(28,'mina','Mina','Prosacco','01428633773',1,'4x7rldn3gzhziipgwh','mina@zhdk.ch','ec5uxkms7vlggpnoxb','2008 Mayra Drive','Schillerchester','L-U5B 7OH','Lao People\'s Democratic Republic',1,NULL,'--- !ruby/hash:ActiveSupport::HashWithIndifferentAccess {}\n','2013-07-23 01:47:08','2013-07-23 01:47:08',NULL),(29,'julie','Julie','Cartwright','0800386675',1,'ifis08ikslzj8dlv3z','julie@zhdk.ch','ltx4fwfrktruo3yubb','1037 Sanford Passage','Amyachester','P-B1R 4ZA','Palestinian Territory',1,NULL,'--- !ruby/hash:ActiveSupport::HashWithIndifferentAccess {}\n','2013-07-23 01:47:08','2013-07-23 01:47:08',NULL),(30,NULL,'Quia tempora perferendis aut non debitis voluptate cumque asperiores.',NULL,NULL,NULL,NULL,NULL,NULL,NULL,NULL,NULL,NULL,1,NULL,'--- !ruby/hash:ActiveSupport::HashWithIndifferentAccess {}\n','2013-07-23 01:47:08','2013-07-23 01:47:08',29),(31,NULL,'Rerum tempora quas asperiores dicta consequatur nobis eaque.',NULL,NULL,NULL,NULL,NULL,NULL,NULL,NULL,NULL,NULL,1,NULL,'--- !ruby/hash:ActiveSupport::HashWithIndifferentAccess {}\n','2013-07-23 01:47:08','2013-07-23 01:47:08',28),(32,NULL,'Animi autem voluptate qui sint et ut.',NULL,NULL,NULL,NULL,NULL,NULL,NULL,NULL,NULL,NULL,1,NULL,'--- !ruby/hash:ActiveSupport::HashWithIndifferentAccess {}\n','2013-07-23 01:47:08','2013-07-23 01:47:08',28),(33,NULL,'Consequuntur magni neque exercitationem dolores est totam aut.',NULL,NULL,NULL,NULL,NULL,NULL,NULL,NULL,NULL,NULL,1,NULL,'--- !ruby/hash:ActiveSupport::HashWithIndifferentAccess {}\n','2013-07-23 01:47:08','2013-07-23 01:47:08',28),(34,'normin','Normin','N.','08642834346',1,'4v5kbkbdpzis3ofy81','normin@zhdk.ch','axwcubyv0c0etqmwzj','47970 Lehner Bypass','West Shyannville','U-ZT6 4JL','United Arab Emirates',2,NULL,'--- !ruby/hash:ActiveSupport::HashWithIndifferentAccess {}\n','2013-07-23 01:47:08','2013-07-23 01:47:08',NULL),(35,'petra','Petra','K.','01336471256',1,'i3a8qebfucjt30cqnv','petra@zhdk.ch','fnykn3frpyz2mdjx9g','55766 Deborah Ways, ','North Hank','C-Z1 3AB','Christmas Island',2,NULL,'--- !ruby/hash:ActiveSupport::HashWithIndifferentAccess {}\n','2013-07-23 01:47:08','2013-07-23 01:47:08',NULL),(36,'lisa','Lisa','L.','01196338337',1,'vxrtlj2a1lyy9qzp64','lisa@zhdk.ch','jg1gjkniqt6m0r1tf0','3401 Turner Plaza','Rogermouth','B-ES6 0BY','Brazil',2,NULL,'--- !ruby/hash:ActiveSupport::HashWithIndifferentAccess {}\n','2013-07-23 01:47:08','2013-07-23 01:47:08',NULL);
/*!40000 ALTER TABLE `users` ENABLE KEYS */;
UNLOCK TABLES;

--
-- Temporary table structure for view `visit_lines`
--

DROP TABLE IF EXISTS `visit_lines`;
/*!50001 DROP VIEW IF EXISTS `visit_lines`*/;
SET @saved_cs_client     = @@character_set_client;
SET character_set_client = utf8;
/*!50001 CREATE TABLE `visit_lines` (
  `visit_id` varchar(148),
  `inventory_pool_id` int(11),
  `user_id` int(11),
  `delegated_user_id` int(11),
  `status` enum('unsubmitted','submitted','rejected','approved','signed','closed'),
  `action` varchar(9),
  `date` date,
  `quantity` int(11),
  `contract_line_id` int(11)
) ENGINE=MyISAM */;
SET character_set_client = @saved_cs_client;

--
-- Temporary table structure for view `visits`
--

DROP TABLE IF EXISTS `visits`;
/*!50001 DROP VIEW IF EXISTS `visits`*/;
SET @saved_cs_client     = @@character_set_client;
SET character_set_client = utf8;
/*!50001 CREATE TABLE `visits` (
  `id` varchar(148),
  `inventory_pool_id` int(11),
  `user_id` int(11),
  `status` enum('unsubmitted','submitted','rejected','approved','signed','closed'),
  `action` varchar(9),
  `date` date,
  `quantity` decimal(32,0)
) ENGINE=MyISAM */;
SET character_set_client = @saved_cs_client;

--
-- Table structure for table `workdays`
--

DROP TABLE IF EXISTS `workdays`;
/*!40101 SET @saved_cs_client     = @@character_set_client */;
/*!40101 SET character_set_client = utf8 */;
CREATE TABLE `workdays` (
  `id` int(11) NOT NULL AUTO_INCREMENT,
  `inventory_pool_id` int(11) DEFAULT NULL,
  `monday` tinyint(1) DEFAULT '1',
  `tuesday` tinyint(1) DEFAULT '1',
  `wednesday` tinyint(1) DEFAULT '1',
  `thursday` tinyint(1) DEFAULT '1',
  `friday` tinyint(1) DEFAULT '1',
  `saturday` tinyint(1) DEFAULT '0',
  `sunday` tinyint(1) DEFAULT '0',
  PRIMARY KEY (`id`),
  KEY `index_workdays_on_inventory_pool_id` (`inventory_pool_id`),
  CONSTRAINT `workdays_inventory_pool_id_fk` FOREIGN KEY (`inventory_pool_id`) REFERENCES `inventory_pools` (`id`) ON DELETE CASCADE
) ENGINE=InnoDB AUTO_INCREMENT=16 DEFAULT CHARSET=utf8 COLLATE=utf8_unicode_ci;
/*!40101 SET character_set_client = @saved_cs_client */;

--
-- Dumping data for table `workdays`
--

LOCK TABLES `workdays` WRITE;
/*!40000 ALTER TABLE `workdays` DISABLE KEYS */;
INSERT INTO `workdays` VALUES (1,1,1,1,1,1,1,0,0),(2,2,1,1,1,1,1,0,0),(3,3,1,1,1,1,1,0,0),(4,4,1,1,1,1,1,0,0),(5,5,1,1,1,1,1,0,0),(6,6,1,1,1,1,1,0,0),(7,7,1,1,1,1,1,0,0),(8,8,1,1,1,1,1,0,0),(9,9,1,1,1,1,1,0,0),(10,10,1,1,1,1,1,0,0),(11,11,1,1,1,1,1,0,0),(12,12,1,1,1,1,1,0,0),(13,13,1,1,1,1,1,0,0),(14,14,1,1,1,1,1,0,0),(15,15,1,1,1,1,1,0,0);
/*!40000 ALTER TABLE `workdays` ENABLE KEYS */;
UNLOCK TABLES;

--
-- Final view structure for view `partitions_with_generals`
--

/*!50001 DROP TABLE IF EXISTS `partitions_with_generals`*/;
/*!50001 DROP VIEW IF EXISTS `partitions_with_generals`*/;
/*!50001 SET @saved_cs_client          = @@character_set_client */;
/*!50001 SET @saved_cs_results         = @@character_set_results */;
/*!50001 SET @saved_col_connection     = @@collation_connection */;
/*!50001 SET character_set_client      = utf8 */;
/*!50001 SET character_set_results     = utf8 */;
/*!50001 SET collation_connection      = utf8_general_ci */;
/*!50001 CREATE ALGORITHM=UNDEFINED */
/*!50001 VIEW `partitions_with_generals` AS select `partitions`.`model_id` AS `model_id`,`partitions`.`inventory_pool_id` AS `inventory_pool_id`,`partitions`.`group_id` AS `group_id`,`partitions`.`quantity` AS `quantity` from `partitions` union select `i`.`model_id` AS `model_id`,`i`.`inventory_pool_id` AS `inventory_pool_id`,NULL AS `group_id`,(count(`i`.`id`) - ifnull((select sum(`p`.`quantity`) from `partitions` `p` where ((`p`.`model_id` = `i`.`model_id`) and (`p`.`inventory_pool_id` = `i`.`inventory_pool_id`)) group by `p`.`inventory_pool_id`,`p`.`model_id`),0)) AS `quantity` from `items` `i` where (isnull(`i`.`retired`) and (`i`.`is_borrowable` = 1) and isnull(`i`.`parent_id`)) group by `i`.`inventory_pool_id`,`i`.`model_id` */;
/*!50001 SET character_set_client      = @saved_cs_client */;
/*!50001 SET character_set_results     = @saved_cs_results */;
/*!50001 SET collation_connection      = @saved_col_connection */;

--
-- Final view structure for view `visit_lines`
--

/*!50001 DROP TABLE IF EXISTS `visit_lines`*/;
/*!50001 DROP VIEW IF EXISTS `visit_lines`*/;
/*!50001 SET @saved_cs_client          = @@character_set_client */;
/*!50001 SET @saved_cs_results         = @@character_set_results */;
/*!50001 SET @saved_col_connection     = @@collation_connection */;
/*!50001 SET character_set_client      = utf8 */;
/*!50001 SET character_set_results     = utf8 */;
/*!50001 SET collation_connection      = utf8_general_ci */;
/*!50001 CREATE ALGORITHM=UNDEFINED */
/*!50001 VIEW `visit_lines` AS select hex(concat_ws('_',if((`c`.`status` = 'approved'),`cl`.`start_date`,`cl`.`end_date`),`c`.`inventory_pool_id`,`c`.`user_id`,`c`.`status`)) AS `visit_id`,`c`.`inventory_pool_id` AS `inventory_pool_id`,`c`.`user_id` AS `user_id`,`c`.`delegated_user_id` AS `delegated_user_id`,`c`.`status` AS `status`,if((`c`.`status` = 'approved'),'hand_over','take_back') AS `action`,if((`c`.`status` = 'approved'),`cl`.`start_date`,`cl`.`end_date`) AS `date`,`cl`.`quantity` AS `quantity`,`cl`.`id` AS `contract_line_id` from (`contract_lines` `cl` join `contracts` `c` on((`cl`.`contract_id` = `c`.`id`))) where ((`c`.`status` in ('approved','signed')) and isnull(`cl`.`returned_date`)) order by if((`c`.`status` = 'approved'),`cl`.`start_date`,`cl`.`end_date`) */;
/*!50001 SET character_set_client      = @saved_cs_client */;
/*!50001 SET character_set_results     = @saved_cs_results */;
/*!50001 SET collation_connection      = @saved_col_connection */;

--
-- Final view structure for view `visits`
--

/*!50001 DROP TABLE IF EXISTS `visits`*/;
/*!50001 DROP VIEW IF EXISTS `visits`*/;
/*!50001 SET @saved_cs_client          = @@character_set_client */;
/*!50001 SET @saved_cs_results         = @@character_set_results */;
/*!50001 SET @saved_col_connection     = @@collation_connection */;
/*!50001 SET character_set_client      = utf8 */;
/*!50001 SET character_set_results     = utf8 */;
/*!50001 SET collation_connection      = utf8_general_ci */;
/*!50001 CREATE ALGORITHM=UNDEFINED */
/*!50001 VIEW `visits` AS select hex(concat_ws('_',`visit_lines`.`date`,`visit_lines`.`inventory_pool_id`,`visit_lines`.`user_id`,`visit_lines`.`status`)) AS `id`,`visit_lines`.`inventory_pool_id` AS `inventory_pool_id`,`visit_lines`.`user_id` AS `user_id`,`visit_lines`.`status` AS `status`,`visit_lines`.`action` AS `action`,`visit_lines`.`date` AS `date`,sum(`visit_lines`.`quantity`) AS `quantity` from `visit_lines` group by `visit_lines`.`user_id`,`visit_lines`.`status`,`visit_lines`.`date`,`visit_lines`.`inventory_pool_id` */;
/*!50001 SET character_set_client      = @saved_cs_client */;
/*!50001 SET character_set_results     = @saved_cs_results */;
/*!50001 SET collation_connection      = @saved_col_connection */;
/*!40103 SET TIME_ZONE=@OLD_TIME_ZONE */;

/*!40101 SET SQL_MODE=@OLD_SQL_MODE */;
/*!40014 SET FOREIGN_KEY_CHECKS=@OLD_FOREIGN_KEY_CHECKS */;
/*!40014 SET UNIQUE_CHECKS=@OLD_UNIQUE_CHECKS */;
/*!40101 SET CHARACTER_SET_CLIENT=@OLD_CHARACTER_SET_CLIENT */;
/*!40101 SET CHARACTER_SET_RESULTS=@OLD_CHARACTER_SET_RESULTS */;
/*!40101 SET COLLATION_CONNECTION=@OLD_COLLATION_CONNECTION */;
/*!40111 SET SQL_NOTES=@OLD_SQL_NOTES */;

-- Dump completed on 2014-09-10  9:45:14
COMMIT;
